<?xml version='1.0' encoding='UTF-8'?>

<!--
(c) XBRL US, Inc. 2007-2010; Financial Accounting Foundation, Inc. 2010-2017.  All Rights Reserved.
Notice: Authorized Uses are Set Forth at http://xbrl.fasb.org/terms/TaxonomiesTermsConditions.html
  -->
<link:linkbase xmlns:link='http://www.xbrl.org/2003/linkbase' xmlns:xbrldt='http://xbrl.org/2005/xbrldt' xmlns:xlink='http://www.w3.org/1999/xlink' xmlns:xsi='http://www.w3.org/2001/XMLSchema-instance' xsi:schemaLocation='http://www.xbrl.org/2003/linkbase http://www.xbrl.org/2003/xbrl-linkbase-2003-12-31.xsd'>
<link:roleRef roleURI='http://fasb.org/us-gaap/role/disclosure/FinancialServicesBankingAndThriftInterest' xlink:href='../elts/us-roles-2017-01-31.xsd#fs-interest' xlink:type='simple' />
<link:calculationLink xlink:role='http://fasb.org/us-gaap/role/disclosure/FinancialServicesBankingAndThriftInterest' xlink:type='extended'>
<link:loc xlink:href='../elts/us-gaap-2017-01-31.xsd#us-gaap_AdvancesFromFederalHomeLoanBanks' xlink:label='loc_AdvancesFromFederalHomeLoanBanks' xlink:type='locator' />
<link:loc xlink:href='../elts/us-gaap-2017-01-31.xsd#us-gaap_FederalHomeLoanBankAdvancesMaturitiesSummaryByInterestRateTypeFixedRate' xlink:label='loc_FederalHomeLoanBankAdvancesMaturitiesSummaryByInterestRateTypeFixedRate' xlink:type='locator' />
<link:loc xlink:href='../elts/us-gaap-2017-01-31.xsd#us-gaap_FederalHomeLoanBankAdvancesMaturitiesSummaryByInterestRateTypeFixedRateUnderOneYear' xlink:label='loc_FederalHomeLoanBankAdvancesMaturitiesSummaryByInterestRateTypeFixedRateUnderOneYear' xlink:type='locator' />
<link:loc xlink:href='../elts/us-gaap-2017-01-31.xsd#us-gaap_FederalHomeLoanBankAdvancesMaturitiesSummaryByInterestRateTypeFixedRateOneToFiveYears' xlink:label='loc_FederalHomeLoanBankAdvancesMaturitiesSummaryByInterestRateTypeFixedRateOneToFiveYears' xlink:type='locator' />
<link:loc xlink:href='../elts/us-gaap-2017-01-31.xsd#us-gaap_FederalHomeLoanBankAdvancesMaturitiesSummaryByInterestRateTypeFixedRateAfterFiveYears' xlink:label='loc_FederalHomeLoanBankAdvancesMaturitiesSummaryByInterestRateTypeFixedRateAfterFiveYears' xlink:type='locator' />
<link:loc xlink:href='../elts/us-gaap-2017-01-31.xsd#us-gaap_FederalHomeLoanBankAdvancesMaturitiesSummaryByInterestRateTypeFloatingRate' xlink:label='loc_FederalHomeLoanBankAdvancesMaturitiesSummaryByInterestRateTypeFloatingRate' xlink:type='locator' />
<link:loc xlink:href='../elts/us-gaap-2017-01-31.xsd#us-gaap_FederalHomeLoanBankAdvancesMaturitiesSummaryByInterestRateTypeFloatingRateUnderOneYear' xlink:label='loc_FederalHomeLoanBankAdvancesMaturitiesSummaryByInterestRateTypeFloatingRateUnderOneYear' xlink:type='locator' />
<link:loc xlink:href='../elts/us-gaap-2017-01-31.xsd#us-gaap_FederalHomeLoanBankAdvancesMaturitiesSummaryByInterestRateTypeFloatingRateOneToFiveYears' xlink:label='loc_FederalHomeLoanBankAdvancesMaturitiesSummaryByInterestRateTypeFloatingRateOneToFiveYears' xlink:type='locator' />
<link:loc xlink:href='../elts/us-gaap-2017-01-31.xsd#us-gaap_FederalHomeLoanBankAdvancesMaturitiesSummaryByInterestRateTypeFloatingRateAfterFiveYears' xlink:label='loc_FederalHomeLoanBankAdvancesMaturitiesSummaryByInterestRateTypeFloatingRateAfterFiveYears' xlink:type='locator' />
<link:loc xlink:href='../elts/us-gaap-2017-01-31.xsd#us-gaap_Deposits' xlink:label='loc_Deposits' xlink:type='locator' />
<link:loc xlink:href='../elts/us-gaap-2017-01-31.xsd#us-gaap_DepositsRetail' xlink:label='loc_DepositsRetail' xlink:type='locator' />
<link:loc xlink:href='../elts/us-gaap-2017-01-31.xsd#us-gaap_DepositsWholesale' xlink:label='loc_DepositsWholesale' xlink:type='locator' />
<link:loc xlink:href='../elts/us-gaap-2017-01-31.xsd#us-gaap_NetCapital' xlink:label='loc_NetCapital' xlink:type='locator' />
<link:loc xlink:href='../elts/us-gaap-2017-01-31.xsd#us-gaap_ExcessNetCapitalAt1500Percent' xlink:label='loc_ExcessNetCapitalAt1500Percent' xlink:type='locator' />
<link:loc xlink:href='../elts/us-gaap-2017-01-31.xsd#us-gaap_MinimumNetCapitalRequired1' xlink:label='loc_MinimumNetCapitalRequired1' xlink:type='locator' />
<link:loc xlink:href='../elts/us-gaap-2017-01-31.xsd#us-gaap_MinimumNetCapitalRequiredForEntity1' xlink:label='loc_MinimumNetCapitalRequiredForEntity1' xlink:type='locator' />
<link:loc xlink:href='../elts/us-gaap-2017-01-31.xsd#us-gaap_MinimumNetCapitalRequiredForBrokerDealerSubsidiary1' xlink:label='loc_MinimumNetCapitalRequiredForBrokerDealerSubsidiary1' xlink:type='locator' />
<link:loc xlink:href='../elts/us-gaap-2017-01-31.xsd#us-gaap_TimeDeposits' xlink:label='loc_TimeDeposits' xlink:type='locator' />
<link:loc xlink:href='../elts/us-gaap-2017-01-31.xsd#us-gaap_TimeDepositMaturitiesYearOne' xlink:label='loc_TimeDepositMaturitiesYearOne' xlink:type='locator' />
<link:loc xlink:href='../elts/us-gaap-2017-01-31.xsd#us-gaap_TimeDepositsNoncurrent' xlink:label='loc_TimeDepositsNoncurrent' xlink:type='locator' />
<link:loc xlink:href='../elts/us-gaap-2017-01-31.xsd#us-gaap_TimeDepositMaturitiesYearTwo' xlink:label='loc_TimeDepositMaturitiesYearTwo' xlink:type='locator' />
<link:loc xlink:href='../elts/us-gaap-2017-01-31.xsd#us-gaap_TimeDepositMaturitiesYearThree' xlink:label='loc_TimeDepositMaturitiesYearThree' xlink:type='locator' />
<link:loc xlink:href='../elts/us-gaap-2017-01-31.xsd#us-gaap_TimeDepositMaturitiesYearFour' xlink:label='loc_TimeDepositMaturitiesYearFour' xlink:type='locator' />
<link:loc xlink:href='../elts/us-gaap-2017-01-31.xsd#us-gaap_TimeDepositMaturitiesYearFive' xlink:label='loc_TimeDepositMaturitiesYearFive' xlink:type='locator' />
<link:loc xlink:href='../elts/us-gaap-2017-01-31.xsd#us-gaap_TimeDepositMaturitiesAfterYearFive' xlink:label='loc_TimeDepositMaturitiesAfterYearFive' xlink:type='locator' />
<link:calculationArc order='10' weight='1.0' xlink:arcrole='http://www.xbrl.org/2003/arcrole/summation-item' xlink:from='loc_AdvancesFromFederalHomeLoanBanks' xlink:to='loc_FederalHomeLoanBankAdvancesMaturitiesSummaryByInterestRateTypeFixedRate' xlink:type='arc' />
<link:calculationArc order='10' weight='1.0' xlink:arcrole='http://www.xbrl.org/2003/arcrole/summation-item' xlink:from='loc_FederalHomeLoanBankAdvancesMaturitiesSummaryByInterestRateTypeFixedRate' xlink:to='loc_FederalHomeLoanBankAdvancesMaturitiesSummaryByInterestRateTypeFixedRateUnderOneYear' xlink:type='arc' />
<link:calculationArc order='20' weight='1.0' xlink:arcrole='http://www.xbrl.org/2003/arcrole/summation-item' xlink:from='loc_FederalHomeLoanBankAdvancesMaturitiesSummaryByInterestRateTypeFixedRate' xlink:to='loc_FederalHomeLoanBankAdvancesMaturitiesSummaryByInterestRateTypeFixedRateOneToFiveYears' xlink:type='arc' />
<link:calculationArc order='30' weight='1.0' xlink:arcrole='http://www.xbrl.org/2003/arcrole/summation-item' xlink:from='loc_FederalHomeLoanBankAdvancesMaturitiesSummaryByInterestRateTypeFixedRate' xlink:to='loc_FederalHomeLoanBankAdvancesMaturitiesSummaryByInterestRateTypeFixedRateAfterFiveYears' xlink:type='arc' />
<link:calculationArc order='20' weight='1.0' xlink:arcrole='http://www.xbrl.org/2003/arcrole/summation-item' xlink:from='loc_AdvancesFromFederalHomeLoanBanks' xlink:to='loc_FederalHomeLoanBankAdvancesMaturitiesSummaryByInterestRateTypeFloatingRate' xlink:type='arc' />
<link:calculationArc order='10' weight='1.0' xlink:arcrole='http://www.xbrl.org/2003/arcrole/summation-item' xlink:from='loc_FederalHomeLoanBankAdvancesMaturitiesSummaryByInterestRateTypeFloatingRate' xlink:to='loc_FederalHomeLoanBankAdvancesMaturitiesSummaryByInterestRateTypeFloatingRateUnderOneYear' xlink:type='arc' />
<link:calculationArc order='20' weight='1.0' xlink:arcrole='http://www.xbrl.org/2003/arcrole/summation-item' xlink:from='loc_FederalHomeLoanBankAdvancesMaturitiesSummaryByInterestRateTypeFloatingRate' xlink:to='loc_FederalHomeLoanBankAdvancesMaturitiesSummaryByInterestRateTypeFloatingRateOneToFiveYears' xlink:type='arc' />
<link:calculationArc order='30' weight='1.0' xlink:arcrole='http://www.xbrl.org/2003/arcrole/summation-item' xlink:from='loc_FederalHomeLoanBankAdvancesMaturitiesSummaryByInterestRateTypeFloatingRate' xlink:to='loc_FederalHomeLoanBankAdvancesMaturitiesSummaryByInterestRateTypeFloatingRateAfterFiveYears' xlink:type='arc' />
<link:calculationArc order='10' weight='1.0' xlink:arcrole='http://www.xbrl.org/2003/arcrole/summation-item' xlink:from='loc_Deposits' xlink:to='loc_DepositsRetail' xlink:type='arc' />
<link:calculationArc order='20' weight='1.0' xlink:arcrole='http://www.xbrl.org/2003/arcrole/summation-item' xlink:from='loc_Deposits' xlink:to='loc_DepositsWholesale' xlink:type='arc' />
<link:calculationArc order='10' weight='1.0' xlink:arcrole='http://www.xbrl.org/2003/arcrole/summation-item' xlink:from='loc_NetCapital' xlink:to='loc_ExcessNetCapitalAt1500Percent' xlink:type='arc' />
<link:calculationArc order='20' weight='1.0' xlink:arcrole='http://www.xbrl.org/2003/arcrole/summation-item' xlink:from='loc_NetCapital' xlink:to='loc_MinimumNetCapitalRequired1' xlink:type='arc' />
<link:calculationArc order='10' weight='1.0' xlink:arcrole='http://www.xbrl.org/2003/arcrole/summation-item' xlink:from='loc_MinimumNetCapitalRequired1' xlink:to='loc_MinimumNetCapitalRequiredForEntity1' xlink:type='arc' />
<link:calculationArc order='20' weight='1.0' xlink:arcrole='http://www.xbrl.org/2003/arcrole/summation-item' xlink:from='loc_MinimumNetCapitalRequired1' xlink:to='loc_MinimumNetCapitalRequiredForBrokerDealerSubsidiary1' xlink:type='arc' />
<link:calculationArc order='10' weight='1.0' xlink:arcrole='http://www.xbrl.org/2003/arcrole/summation-item' xlink:from='loc_TimeDeposits' xlink:to='loc_TimeDepositMaturitiesYearOne' xlink:type='arc' />
<link:calculationArc order='20' weight='1.0' xlink:arcrole='http://www.xbrl.org/2003/arcrole/summation-item' xlink:from='loc_TimeDeposits' xlink:to='loc_TimeDepositsNoncurrent' xlink:type='arc' />
<link:calculationArc order='10' weight='1.0' xlink:arcrole='http://www.xbrl.org/2003/arcrole/summation-item' xlink:from='loc_TimeDepositsNoncurrent' xlink:to='loc_TimeDepositMaturitiesYearTwo' xlink:type='arc' />
<link:calculationArc order='20' weight='1.0' xlink:arcrole='http://www.xbrl.org/2003/arcrole/summation-item' xlink:from='loc_TimeDepositsNoncurrent' xlink:to='loc_TimeDepositMaturitiesYearThree' xlink:type='arc' />
<link:calculationArc order='30' weight='1.0' xlink:arcrole='http://www.xbrl.org/2003/arcrole/summation-item' xlink:from='loc_TimeDepositsNoncurrent' xlink:to='loc_TimeDepositMaturitiesYearFour' xlink:type='arc' />
<link:calculationArc order='40' weight='1.0' xlink:arcrole='http://www.xbrl.org/2003/arcrole/summation-item' xlink:from='loc_TimeDepositsNoncurrent' xlink:to='loc_TimeDepositMaturitiesYearFive' xlink:type='arc' />
<link:calculationArc order='50' weight='1.0' xlink:arcrole='http://www.xbrl.org/2003/arcrole/summation-item' xlink:from='loc_TimeDepositsNoncurrent' xlink:to='loc_TimeDepositMaturitiesAfterYearFive' xlink:type='arc' />
</link:calculationLink>
</link:linkbase>
