<?xml version='1.0' encoding='UTF-8'?>

<!--
(c) XBRL US, Inc. 2007-2010; Financial Accounting Foundation, Inc. 2010-2017.  All Rights Reserved.
Notice: Authorized Uses are Set Forth at http://xbrl.fasb.org/terms/TaxonomiesTermsConditions.html
  -->
<link:linkbase xmlns:link='http://www.xbrl.org/2003/linkbase' xmlns:xbrldt='http://xbrl.org/2005/xbrldt' xmlns:xlink='http://www.w3.org/1999/xlink' xmlns:xsi='http://www.w3.org/2001/XMLSchema-instance' xsi:schemaLocation='http://www.xbrl.org/2003/linkbase http://www.xbrl.org/2003/xbrl-linkbase-2003-12-31.xsd'>
<link:roleRef roleURI='http://fasb.org/us-gaap/role/disclosure/RetirementBenefitsTmp102DefinedContributionPlanTable' xlink:href='../elts/us-roles-2017-01-31.xsd#RetirementBenefitsTmp102DefinedContributionPlanTable' xlink:type='simple' />
<link:arcroleRef arcroleURI='http://xbrl.org/int/dim/arcrole/all' xlink:href='http://www.xbrl.org/2005/xbrldt-2005.xsd#all' xlink:type='simple' />
<link:arcroleRef arcroleURI='http://xbrl.org/int/dim/arcrole/dimension-default' xlink:href='http://www.xbrl.org/2005/xbrldt-2005.xsd#dimension-default' xlink:type='simple' />
<link:arcroleRef arcroleURI='http://xbrl.org/int/dim/arcrole/dimension-domain' xlink:href='http://www.xbrl.org/2005/xbrldt-2005.xsd#dimension-domain' xlink:type='simple' />
<link:arcroleRef arcroleURI='http://xbrl.org/int/dim/arcrole/domain-member' xlink:href='http://www.xbrl.org/2005/xbrldt-2005.xsd#domain-member' xlink:type='simple' />
<link:arcroleRef arcroleURI='http://xbrl.org/int/dim/arcrole/hypercube-dimension' xlink:href='http://www.xbrl.org/2005/xbrldt-2005.xsd#hypercube-dimension' xlink:type='simple' />
<link:definitionLink xlink:role='http://fasb.org/us-gaap/role/disclosure/RetirementBenefitsTmp102DefinedContributionPlanTable' xlink:type='extended'>
<link:loc xlink:href='../elts/us-gaap-2017-01-31.xsd#us-gaap_DefinedContributionPlanDisclosureLineItems' xlink:label='loc_DefinedContributionPlanDisclosureLineItems' xlink:type='locator' />
<link:loc xlink:href='../elts/us-gaap-2017-01-31.xsd#us-gaap_DefinedContributionPlanTable' xlink:label='loc_DefinedContributionPlanTable' xlink:type='locator' />
<link:definitionArc priority="10" order='1.0' xbrldt:closed='true' xbrldt:contextElement='segment' xlink:arcrole='http://xbrl.org/int/dim/arcrole/all' xlink:from='loc_DefinedContributionPlanDisclosureLineItems' xlink:to='loc_DefinedContributionPlanTable' xlink:type='arc' />
</link:definitionLink>
<link:definitionLink xlink:role='http://fasb.org/us-gaap/role/disclosure/RetirementBenefitsTmp102DefinedContributionPlanTable' xlink:type='extended'>
<link:loc xlink:href='../elts/us-gaap-2017-01-31.xsd#us-gaap_RetirementPlanTypeAxis' xlink:label='loc_RetirementPlanTypeAxis' xlink:type='locator' />
<link:loc xlink:href='../elts/us-gaap-2017-01-31.xsd#us-gaap_RetirementPlanTypeDomain' xlink:label='loc_RetirementPlanTypeDomain' xlink:type='locator' />
<link:definitionArc priority="10" order='1.0' xlink:arcrole='http://xbrl.org/int/dim/arcrole/dimension-default' xlink:from='loc_RetirementPlanTypeAxis' xlink:to='loc_RetirementPlanTypeDomain' xlink:type='arc' />
</link:definitionLink>
<link:definitionLink xlink:role='http://fasb.org/us-gaap/role/disclosure/RetirementBenefitsTmp102DefinedContributionPlanTable' xlink:type='extended'>
<link:loc xlink:href='../elts/us-gaap-2017-01-31.xsd#us-gaap_RetirementPlanTypeAxis' xlink:label='loc_RetirementPlanTypeAxis' xlink:type='locator' />
<link:loc xlink:href='../elts/us-gaap-2017-01-31.xsd#us-gaap_RetirementPlanTypeDomain' xlink:label='loc_RetirementPlanTypeDomain' xlink:type='locator' />
<link:definitionArc priority="10" order='1.0' xlink:arcrole='http://xbrl.org/int/dim/arcrole/dimension-domain' xlink:from='loc_RetirementPlanTypeAxis' xlink:to='loc_RetirementPlanTypeDomain' xlink:type='arc' />
</link:definitionLink>
<link:definitionLink xlink:role='http://fasb.org/us-gaap/role/disclosure/RetirementBenefitsTmp102DefinedContributionPlanTable' xlink:type='extended'>
<link:loc xlink:href='../elts/us-gaap-2017-01-31.xsd#us-gaap_DefinedContributionPlanDisclosureLineItems' xlink:label='loc_DefinedContributionPlanDisclosureLineItems' xlink:type='locator' />
<link:loc xlink:href='../elts/us-gaap-2017-01-31.xsd#us-gaap_DefinedContributionPlanCostRecognized' xlink:label='loc_DefinedContributionPlanCostRecognized' xlink:type='locator' />
<link:loc xlink:href='../elts/us-gaap-2017-01-31.xsd#us-gaap_RetirementPlanTypeDomain' xlink:label='loc_RetirementPlanTypeDomain' xlink:type='locator' />
<link:loc xlink:href='../elts/us-gaap-2017-01-31.xsd#us-gaap_PensionPlansDefinedBenefitMember' xlink:label='loc_PensionPlansDefinedBenefitMember' xlink:type='locator' />
<link:loc xlink:href='../elts/us-gaap-2017-01-31.xsd#us-gaap_OtherPostretirementBenefitPlansDefinedBenefitMember' xlink:label='loc_OtherPostretirementBenefitPlansDefinedBenefitMember' xlink:type='locator' />
<link:definitionArc priority="10" order='1.0' xlink:arcrole='http://xbrl.org/int/dim/arcrole/domain-member' xlink:from='loc_DefinedContributionPlanDisclosureLineItems' xlink:to='loc_DefinedContributionPlanCostRecognized' xlink:type='arc' />
<link:definitionArc priority="10" order='1.0' xlink:arcrole='http://xbrl.org/int/dim/arcrole/domain-member' xlink:from='loc_RetirementPlanTypeDomain' xlink:to='loc_PensionPlansDefinedBenefitMember' xlink:type='arc' />
<link:definitionArc priority="10" order='2.0' xlink:arcrole='http://xbrl.org/int/dim/arcrole/domain-member' xlink:from='loc_RetirementPlanTypeDomain' xlink:to='loc_OtherPostretirementBenefitPlansDefinedBenefitMember' xlink:type='arc' />
</link:definitionLink>
<link:definitionLink xlink:role='http://fasb.org/us-gaap/role/disclosure/RetirementBenefitsTmp102DefinedContributionPlanTable' xlink:type='extended'>
<link:loc xlink:href='../elts/us-gaap-2017-01-31.xsd#us-gaap_DefinedContributionPlanTable' xlink:label='loc_DefinedContributionPlanTable' xlink:type='locator' />
<link:loc xlink:href='../elts/us-gaap-2017-01-31.xsd#us-gaap_RetirementPlanTypeAxis' xlink:label='loc_RetirementPlanTypeAxis' xlink:type='locator' />
<link:definitionArc priority="10" order='1.0' xlink:arcrole='http://xbrl.org/int/dim/arcrole/hypercube-dimension' xlink:from='loc_DefinedContributionPlanTable' xlink:to='loc_RetirementPlanTypeAxis' xlink:type='arc' />
</link:definitionLink>
</link:linkbase>
