<?xml version='1.0' encoding='UTF-8'?>

<!--
(c) XBRL US, Inc. 2007-2010; Financial Accounting Foundation, Inc. 2010-2017.  All Rights Reserved.
Notice: Authorized Uses are Set Forth at http://xbrl.fasb.org/terms/TaxonomiesTermsConditions.html
  -->
<link:linkbase xmlns:link='http://www.xbrl.org/2003/linkbase' xmlns:xbrldt='http://xbrl.org/2005/xbrldt' xmlns:xlink='http://www.w3.org/1999/xlink' xmlns:xsi='http://www.w3.org/2001/XMLSchema-instance' xsi:schemaLocation='http://www.xbrl.org/2003/linkbase http://www.xbrl.org/2003/xbrl-linkbase-2003-12-31.xsd'>
<link:roleRef roleURI='http://fasb.org/us-gaap/role/disclosure/RealEstate' xlink:href='../elts/us-roles-2017-01-31.xsd#re' xlink:type='simple' />
<link:calculationLink xlink:role='http://fasb.org/us-gaap/role/disclosure/RealEstate' xlink:type='extended'>
<link:loc xlink:href='../elts/us-gaap-2017-01-31.xsd#us-gaap_GroundLeasesNet' xlink:label='loc_GroundLeasesNet' xlink:type='locator' />
<link:loc xlink:href='../elts/us-gaap-2017-01-31.xsd#us-gaap_GroundLeasesAccumulatedAmortization' xlink:label='loc_GroundLeasesAccumulatedAmortization' xlink:type='locator' />
<link:loc xlink:href='../elts/us-gaap-2017-01-31.xsd#us-gaap_GroundLeasesGross' xlink:label='loc_GroundLeasesGross' xlink:type='locator' />
<link:loc xlink:href='../elts/us-gaap-2017-01-31.xsd#us-gaap_RealEstateInventoryCapitalizedInterestCostsPeriodIncreaseDecrease' xlink:label='loc_RealEstateInventoryCapitalizedInterestCostsPeriodIncreaseDecrease' xlink:type='locator' />
<link:loc xlink:href='../elts/us-gaap-2017-01-31.xsd#us-gaap_RealEstateInventoryCapitalizedInterestCostsIncurred' xlink:label='loc_RealEstateInventoryCapitalizedInterestCostsIncurred' xlink:type='locator' />
<link:loc xlink:href='../elts/us-gaap-2017-01-31.xsd#us-gaap_RealEstateInventoryCapitalizedInterestCostsCostOfSales1' xlink:label='loc_RealEstateInventoryCapitalizedInterestCostsCostOfSales1' xlink:type='locator' />
<link:loc xlink:href='../elts/us-gaap-2017-01-31.xsd#us-gaap_RetailLandSalesEstimatedCostOfMajorImprovements' xlink:label='loc_RetailLandSalesEstimatedCostOfMajorImprovements' xlink:type='locator' />
<link:loc xlink:href='../elts/us-gaap-2017-01-31.xsd#us-gaap_RetailLandSalesEstimatedCostOfMajorImprovementsFirstYear' xlink:label='loc_RetailLandSalesEstimatedCostOfMajorImprovementsFirstYear' xlink:type='locator' />
<link:loc xlink:href='../elts/us-gaap-2017-01-31.xsd#us-gaap_RetailLandSalesEstimatedCostOfMajorImprovementsSecondYear' xlink:label='loc_RetailLandSalesEstimatedCostOfMajorImprovementsSecondYear' xlink:type='locator' />
<link:loc xlink:href='../elts/us-gaap-2017-01-31.xsd#us-gaap_RetailLandSalesEstimatedCostOfMajorImprovementsThirdYear' xlink:label='loc_RetailLandSalesEstimatedCostOfMajorImprovementsThirdYear' xlink:type='locator' />
<link:loc xlink:href='../elts/us-gaap-2017-01-31.xsd#us-gaap_RetailLandSalesEstimatedCostOfMajorImprovementsFourthYear' xlink:label='loc_RetailLandSalesEstimatedCostOfMajorImprovementsFourthYear' xlink:type='locator' />
<link:loc xlink:href='../elts/us-gaap-2017-01-31.xsd#us-gaap_RetailLandSalesEstimatedCostOfMajorImprovementsFifthYear' xlink:label='loc_RetailLandSalesEstimatedCostOfMajorImprovementsFifthYear' xlink:type='locator' />
<link:loc xlink:href='../elts/us-gaap-2017-01-31.xsd#us-gaap_RetailLandSalesInstallmentMethodGrossProfitDeferred' xlink:label='loc_RetailLandSalesInstallmentMethodGrossProfitDeferred' xlink:type='locator' />
<link:loc xlink:href='../elts/us-gaap-2017-01-31.xsd#us-gaap_RetailLandSalesInstallmentMethodSalesValue' xlink:label='loc_RetailLandSalesInstallmentMethodSalesValue' xlink:type='locator' />
<link:loc xlink:href='../elts/us-gaap-2017-01-31.xsd#us-gaap_RetailLandSalesInstallmentMethodTotalCostOfSale' xlink:label='loc_RetailLandSalesInstallmentMethodTotalCostOfSale' xlink:type='locator' />
<link:loc xlink:href='../elts/us-gaap-2017-01-31.xsd#us-gaap_TimeSharingTransactionsAllowanceForUncollectibleAccountsOnReceivablesSoldWithRecoursePeriodIncreaseDecrease' xlink:label='loc_TimeSharingTransactionsAllowanceForUncollectibleAccountsOnReceivablesSoldWithRecoursePeriodIncreaseDecrease' xlink:type='locator' />
<link:loc xlink:href='../elts/us-gaap-2017-01-31.xsd#us-gaap_TimeSharingTransactionsAllowanceForUncollectiblesOnReceivablesSoldWithRecourseAdditionsForCurrentPeriodSales' xlink:label='loc_TimeSharingTransactionsAllowanceForUncollectiblesOnReceivablesSoldWithRecourseAdditionsForCurrentPeriodSales' xlink:type='locator' />
<link:loc xlink:href='../elts/us-gaap-2017-01-31.xsd#us-gaap_TimeSharingTransactionsDirectWriteOffsChargedAgainstAllowanceOnReceivablesSoldWithRecourse' xlink:label='loc_TimeSharingTransactionsDirectWriteOffsChargedAgainstAllowanceOnReceivablesSoldWithRecourse' xlink:type='locator' />
<link:loc xlink:href='../elts/us-gaap-2017-01-31.xsd#us-gaap_TimeSharingTransactionsChangesInEstimateAssociatedWithPriorPeriodSalesOnReceivablesSoldWithRecourse' xlink:label='loc_TimeSharingTransactionsChangesInEstimateAssociatedWithPriorPeriodSalesOnReceivablesSoldWithRecourse' xlink:type='locator' />
<link:loc xlink:href='../elts/us-gaap-2017-01-31.xsd#us-gaap_TimeSharingTransactionsPeriodIncreaseDecrease' xlink:label='loc_TimeSharingTransactionsPeriodIncreaseDecrease' xlink:type='locator' />
<link:loc xlink:href='../elts/us-gaap-2017-01-31.xsd#us-gaap_TimeSharingTransactionsAllowanceForUncollectibleAccountsAdditionsForCurrentPeriodSales' xlink:label='loc_TimeSharingTransactionsAllowanceForUncollectibleAccountsAdditionsForCurrentPeriodSales' xlink:type='locator' />
<link:loc xlink:href='../elts/us-gaap-2017-01-31.xsd#us-gaap_TimeSharingTransactionsDirectWriteOffsChargedAgainstAllowance' xlink:label='loc_TimeSharingTransactionsDirectWriteOffsChargedAgainstAllowance' xlink:type='locator' />
<link:loc xlink:href='../elts/us-gaap-2017-01-31.xsd#us-gaap_TimeSharingTransactionsChangesInEstimateAssociatedWithPriorPeriodSales' xlink:label='loc_TimeSharingTransactionsChangesInEstimateAssociatedWithPriorPeriodSales' xlink:type='locator' />
<link:calculationArc order='10' weight='-1.0' xlink:arcrole='http://www.xbrl.org/2003/arcrole/summation-item' xlink:from='loc_GroundLeasesNet' xlink:to='loc_GroundLeasesAccumulatedAmortization' xlink:type='arc' />
<link:calculationArc order='20' weight='1.0' xlink:arcrole='http://www.xbrl.org/2003/arcrole/summation-item' xlink:from='loc_GroundLeasesNet' xlink:to='loc_GroundLeasesGross' xlink:type='arc' />
<link:calculationArc order='10' weight='1.0' xlink:arcrole='http://www.xbrl.org/2003/arcrole/summation-item' xlink:from='loc_RealEstateInventoryCapitalizedInterestCostsPeriodIncreaseDecrease' xlink:to='loc_RealEstateInventoryCapitalizedInterestCostsIncurred' xlink:type='arc' />
<link:calculationArc order='20' weight='-1.0' xlink:arcrole='http://www.xbrl.org/2003/arcrole/summation-item' xlink:from='loc_RealEstateInventoryCapitalizedInterestCostsPeriodIncreaseDecrease' xlink:to='loc_RealEstateInventoryCapitalizedInterestCostsCostOfSales1' xlink:type='arc' />
<link:calculationArc order='10' weight='1.0' xlink:arcrole='http://www.xbrl.org/2003/arcrole/summation-item' xlink:from='loc_RetailLandSalesEstimatedCostOfMajorImprovements' xlink:to='loc_RetailLandSalesEstimatedCostOfMajorImprovementsFirstYear' xlink:type='arc' />
<link:calculationArc order='20' weight='1.0' xlink:arcrole='http://www.xbrl.org/2003/arcrole/summation-item' xlink:from='loc_RetailLandSalesEstimatedCostOfMajorImprovements' xlink:to='loc_RetailLandSalesEstimatedCostOfMajorImprovementsSecondYear' xlink:type='arc' />
<link:calculationArc order='30' weight='1.0' xlink:arcrole='http://www.xbrl.org/2003/arcrole/summation-item' xlink:from='loc_RetailLandSalesEstimatedCostOfMajorImprovements' xlink:to='loc_RetailLandSalesEstimatedCostOfMajorImprovementsThirdYear' xlink:type='arc' />
<link:calculationArc order='40' weight='1.0' xlink:arcrole='http://www.xbrl.org/2003/arcrole/summation-item' xlink:from='loc_RetailLandSalesEstimatedCostOfMajorImprovements' xlink:to='loc_RetailLandSalesEstimatedCostOfMajorImprovementsFourthYear' xlink:type='arc' />
<link:calculationArc order='50' weight='1.0' xlink:arcrole='http://www.xbrl.org/2003/arcrole/summation-item' xlink:from='loc_RetailLandSalesEstimatedCostOfMajorImprovements' xlink:to='loc_RetailLandSalesEstimatedCostOfMajorImprovementsFifthYear' xlink:type='arc' />
<link:calculationArc order='10' weight='1.0' xlink:arcrole='http://www.xbrl.org/2003/arcrole/summation-item' xlink:from='loc_RetailLandSalesInstallmentMethodGrossProfitDeferred' xlink:to='loc_RetailLandSalesInstallmentMethodSalesValue' xlink:type='arc' />
<link:calculationArc order='20' weight='-1.0' xlink:arcrole='http://www.xbrl.org/2003/arcrole/summation-item' xlink:from='loc_RetailLandSalesInstallmentMethodGrossProfitDeferred' xlink:to='loc_RetailLandSalesInstallmentMethodTotalCostOfSale' xlink:type='arc' />
<link:calculationArc order='10' weight='1.0' xlink:arcrole='http://www.xbrl.org/2003/arcrole/summation-item' xlink:from='loc_TimeSharingTransactionsAllowanceForUncollectibleAccountsOnReceivablesSoldWithRecoursePeriodIncreaseDecrease' xlink:to='loc_TimeSharingTransactionsAllowanceForUncollectiblesOnReceivablesSoldWithRecourseAdditionsForCurrentPeriodSales' xlink:type='arc' />
<link:calculationArc order='20' weight='-1.0' xlink:arcrole='http://www.xbrl.org/2003/arcrole/summation-item' xlink:from='loc_TimeSharingTransactionsAllowanceForUncollectibleAccountsOnReceivablesSoldWithRecoursePeriodIncreaseDecrease' xlink:to='loc_TimeSharingTransactionsDirectWriteOffsChargedAgainstAllowanceOnReceivablesSoldWithRecourse' xlink:type='arc' />
<link:calculationArc order='30' weight='1.0' xlink:arcrole='http://www.xbrl.org/2003/arcrole/summation-item' xlink:from='loc_TimeSharingTransactionsAllowanceForUncollectibleAccountsOnReceivablesSoldWithRecoursePeriodIncreaseDecrease' xlink:to='loc_TimeSharingTransactionsChangesInEstimateAssociatedWithPriorPeriodSalesOnReceivablesSoldWithRecourse' xlink:type='arc' />
<link:calculationArc order='10' weight='1.0' xlink:arcrole='http://www.xbrl.org/2003/arcrole/summation-item' xlink:from='loc_TimeSharingTransactionsPeriodIncreaseDecrease' xlink:to='loc_TimeSharingTransactionsAllowanceForUncollectibleAccountsAdditionsForCurrentPeriodSales' xlink:type='arc' />
<link:calculationArc order='20' weight='-1.0' xlink:arcrole='http://www.xbrl.org/2003/arcrole/summation-item' xlink:from='loc_TimeSharingTransactionsPeriodIncreaseDecrease' xlink:to='loc_TimeSharingTransactionsDirectWriteOffsChargedAgainstAllowance' xlink:type='arc' />
<link:calculationArc order='30' weight='1.0' xlink:arcrole='http://www.xbrl.org/2003/arcrole/summation-item' xlink:from='loc_TimeSharingTransactionsPeriodIncreaseDecrease' xlink:to='loc_TimeSharingTransactionsChangesInEstimateAssociatedWithPriorPeriodSales' xlink:type='arc' />
</link:calculationLink>
</link:linkbase>
