<?xml version='1.0' encoding='UTF-8'?>

<!--
(c) XBRL US, Inc. 2007-2010; Financial Accounting Foundation, Inc. 2010-2017.  All Rights Reserved.
Notice: Authorized Uses are Set Forth at http://xbrl.fasb.org/terms/TaxonomiesTermsConditions.html
  -->
<link:linkbase xmlns:link='http://www.xbrl.org/2003/linkbase' xmlns:xbrldt='http://xbrl.org/2005/xbrldt' xmlns:xlink='http://www.w3.org/1999/xlink' xmlns:xsi='http://www.w3.org/2001/XMLSchema-instance' xsi:schemaLocation='http://www.xbrl.org/2003/linkbase http://www.xbrl.org/2003/xbrl-linkbase-2003-12-31.xsd'>
<link:roleRef roleURI='http://fasb.org/us-gaap/role/disclosure/BalanceSheetOffsetting' xlink:href='../elts/us-roles-2017-01-31.xsd#bsoff' xlink:type='simple' />
<link:calculationLink xlink:role='http://fasb.org/us-gaap/role/disclosure/BalanceSheetOffsetting' xlink:type='extended'>
<link:loc xlink:href='../elts/us-gaap-2017-01-31.xsd#us-gaap_DerivativeAssetSecuritiesPurchasedUnderAgreementsToResellSecuritiesBorrowedOffsetAgainstCollateralNetOfNotSubjectToMasterNettingArrangementPolicyElection' xlink:label='loc_DerivativeAssetSecuritiesPurchasedUnderAgreementsToResellSecuritiesBorrowedOffsetAgainstCollateralNetOfNotSubjectToMasterNettingArrangementPolicyElection' xlink:type='locator' />
<link:loc xlink:href='../elts/us-gaap-2017-01-31.xsd#us-gaap_DerivativeAssetFairValueOffsetAgainstCollateralNetOfNotSubjectToMasterNettingArrangementPolicyElection' xlink:label='loc_DerivativeAssetFairValueOffsetAgainstCollateralNetOfNotSubjectToMasterNettingArrangementPolicyElection' xlink:type='locator' />
<link:loc xlink:href='../elts/us-gaap-2017-01-31.xsd#us-gaap_DerivativeFairValueOfDerivativeAssetAmountOffsetAgainstCollateral' xlink:label='loc_DerivativeFairValueOfDerivativeAssetAmountOffsetAgainstCollateral' xlink:type='locator' />
<link:loc xlink:href='../elts/us-gaap-2017-01-31.xsd#us-gaap_DerivativeCollateralObligationToReturnSecurities' xlink:label='loc_DerivativeCollateralObligationToReturnSecurities' xlink:type='locator' />
<link:loc xlink:href='../elts/us-gaap-2017-01-31.xsd#us-gaap_DerivativeCollateralObligationToReturnCash' xlink:label='loc_DerivativeCollateralObligationToReturnCash' xlink:type='locator' />
<link:loc xlink:href='../elts/us-gaap-2017-01-31.xsd#us-gaap_DerivativeAssets' xlink:label='loc_DerivativeAssets' xlink:type='locator' />
<link:loc xlink:href='../elts/us-gaap-2017-01-31.xsd#us-gaap_DerivativeAssetCollateralObligationToReturnCashOffset' xlink:label='loc_DerivativeAssetCollateralObligationToReturnCashOffset' xlink:type='locator' />
<link:loc xlink:href='../elts/us-gaap-2017-01-31.xsd#us-gaap_DerivativeAssetNotSubjectToMasterNettingArrangement' xlink:label='loc_DerivativeAssetNotSubjectToMasterNettingArrangement' xlink:type='locator' />
<link:loc xlink:href='../elts/us-gaap-2017-01-31.xsd#us-gaap_DerivativeFairValueOfDerivativeAssetAmountNotOffsetAgainstCollateral' xlink:label='loc_DerivativeFairValueOfDerivativeAssetAmountNotOffsetAgainstCollateral' xlink:type='locator' />
<link:loc xlink:href='../elts/us-gaap-2017-01-31.xsd#us-gaap_DerivativeFairValueOfDerivativeAsset' xlink:label='loc_DerivativeFairValueOfDerivativeAsset' xlink:type='locator' />
<link:loc xlink:href='../elts/us-gaap-2017-01-31.xsd#us-gaap_DerivativeAssetFairValueGrossLiability' xlink:label='loc_DerivativeAssetFairValueGrossLiability' xlink:type='locator' />
<link:loc xlink:href='../elts/us-gaap-2017-01-31.xsd#us-gaap_DerivativeAssetNotSubjectToMasterNettingArrangementDeduction' xlink:label='loc_DerivativeAssetNotSubjectToMasterNettingArrangementDeduction' xlink:type='locator' />
<link:loc xlink:href='../elts/us-gaap-2017-01-31.xsd#us-gaap_DerivativeAssetNotOffsetPolicyElectionDeduction' xlink:label='loc_DerivativeAssetNotOffsetPolicyElectionDeduction' xlink:type='locator' />
<link:loc xlink:href='../elts/us-gaap-2017-01-31.xsd#us-gaap_SecuritiesBorrowedOffsetAgainstCollateralNetOfNotSubjectToMasterNettingArrangementPolicyElection' xlink:label='loc_SecuritiesBorrowedOffsetAgainstCollateralNetOfNotSubjectToMasterNettingArrangementPolicyElection' xlink:type='locator' />
<link:loc xlink:href='../elts/us-gaap-2017-01-31.xsd#us-gaap_SecuritiesBorrowedAmountOffsetAgainstCollateral' xlink:label='loc_SecuritiesBorrowedAmountOffsetAgainstCollateral' xlink:type='locator' />
<link:loc xlink:href='../elts/us-gaap-2017-01-31.xsd#us-gaap_SecuritiesBorrowedCollateralObligationToReturnSecurities' xlink:label='loc_SecuritiesBorrowedCollateralObligationToReturnSecurities' xlink:type='locator' />
<link:loc xlink:href='../elts/us-gaap-2017-01-31.xsd#us-gaap_SecuritiesBorrowedCollateralObligationToReturnCash' xlink:label='loc_SecuritiesBorrowedCollateralObligationToReturnCash' xlink:type='locator' />
<link:loc xlink:href='../elts/us-gaap-2017-01-31.xsd#us-gaap_SecuritiesBorrowed' xlink:label='loc_SecuritiesBorrowed' xlink:type='locator' />
<link:loc xlink:href='../elts/us-gaap-2017-01-31.xsd#us-gaap_SecuritiesBorrowedGross' xlink:label='loc_SecuritiesBorrowedGross' xlink:type='locator' />
<link:loc xlink:href='../elts/us-gaap-2017-01-31.xsd#us-gaap_SecuritiesBorrowedLiability' xlink:label='loc_SecuritiesBorrowedLiability' xlink:type='locator' />
<link:loc xlink:href='../elts/us-gaap-2017-01-31.xsd#us-gaap_SecuritiesBorrowedNotSubjectToMasterNettingArrangement' xlink:label='loc_SecuritiesBorrowedNotSubjectToMasterNettingArrangement' xlink:type='locator' />
<link:loc xlink:href='../elts/us-gaap-2017-01-31.xsd#us-gaap_SecuritiesBorrowedNotSubjectToMasterNettingArrangementDeduction' xlink:label='loc_SecuritiesBorrowedNotSubjectToMasterNettingArrangementDeduction' xlink:type='locator' />
<link:loc xlink:href='../elts/us-gaap-2017-01-31.xsd#us-gaap_SecuritiesBorrowedNotOffsetPolicyElectionDeduction' xlink:label='loc_SecuritiesBorrowedNotOffsetPolicyElectionDeduction' xlink:type='locator' />
<link:loc xlink:href='../elts/us-gaap-2017-01-31.xsd#us-gaap_SecuritiesPurchasedUnderAgreementsToResellOffsetAgainstCollateralNetOfNotSubjectToMasterNettingArrangementPolicyElection' xlink:label='loc_SecuritiesPurchasedUnderAgreementsToResellOffsetAgainstCollateralNetOfNotSubjectToMasterNettingArrangementPolicyElection' xlink:type='locator' />
<link:loc xlink:href='../elts/us-gaap-2017-01-31.xsd#us-gaap_SecuritiesPurchasedUnderAgreementsToResellAmountOffsetAgainstCollateral' xlink:label='loc_SecuritiesPurchasedUnderAgreementsToResellAmountOffsetAgainstCollateral' xlink:type='locator' />
<link:loc xlink:href='../elts/us-gaap-2017-01-31.xsd#us-gaap_SecuritiesPurchasedUnderAgreementsToResellCollateralObligationToReturnSecurities' xlink:label='loc_SecuritiesPurchasedUnderAgreementsToResellCollateralObligationToReturnSecurities' xlink:type='locator' />
<link:loc xlink:href='../elts/us-gaap-2017-01-31.xsd#us-gaap_SecuritiesPurchasedUnderAgreementsToResellCollateralObligationToReturnCash' xlink:label='loc_SecuritiesPurchasedUnderAgreementsToResellCollateralObligationToReturnCash' xlink:type='locator' />
<link:loc xlink:href='../elts/us-gaap-2017-01-31.xsd#us-gaap_SecuritiesPurchasedUnderAgreementsToResell' xlink:label='loc_SecuritiesPurchasedUnderAgreementsToResell' xlink:type='locator' />
<link:loc xlink:href='../elts/us-gaap-2017-01-31.xsd#us-gaap_SecuritiesPurchasedUnderAgreementsToResellGross' xlink:label='loc_SecuritiesPurchasedUnderAgreementsToResellGross' xlink:type='locator' />
<link:loc xlink:href='../elts/us-gaap-2017-01-31.xsd#us-gaap_SecuritiesPurchasedUnderAgreementsToResellLiability' xlink:label='loc_SecuritiesPurchasedUnderAgreementsToResellLiability' xlink:type='locator' />
<link:loc xlink:href='../elts/us-gaap-2017-01-31.xsd#us-gaap_SecuritiesPurchasedUnderAgreementsToResellNotSubjectToMasterNettingArrangement' xlink:label='loc_SecuritiesPurchasedUnderAgreementsToResellNotSubjectToMasterNettingArrangement' xlink:type='locator' />
<link:loc xlink:href='../elts/us-gaap-2017-01-31.xsd#us-gaap_SecuritiesPurchasedUnderAgreementsToResellNotSubjectToMasterNettingArrangementDeduction' xlink:label='loc_SecuritiesPurchasedUnderAgreementsToResellNotSubjectToMasterNettingArrangementDeduction' xlink:type='locator' />
<link:loc xlink:href='../elts/us-gaap-2017-01-31.xsd#us-gaap_SecuritiesPurchasedUnderAgreementsToResellNotOffsetPolicyElectionDeduction' xlink:label='loc_SecuritiesPurchasedUnderAgreementsToResellNotOffsetPolicyElectionDeduction' xlink:type='locator' />
<link:loc xlink:href='../elts/us-gaap-2017-01-31.xsd#us-gaap_DerivativeLiabilitySecuritiesSoldUnderAgreementsToResellSecuritiesLoanedOffsetAgainstCollateralNetOfNotSubjectToMasterNettingArrangementPolicyElection' xlink:label='loc_DerivativeLiabilitySecuritiesSoldUnderAgreementsToResellSecuritiesLoanedOffsetAgainstCollateralNetOfNotSubjectToMasterNettingArrangementPolicyElection' xlink:type='locator' />
<link:loc xlink:href='../elts/us-gaap-2017-01-31.xsd#us-gaap_DerivativeLiabilityFairValueOffsetAgainstCollateralNetOfNotSubjectToMasterNettingArrangementPolicyElection' xlink:label='loc_DerivativeLiabilityFairValueOffsetAgainstCollateralNetOfNotSubjectToMasterNettingArrangementPolicyElection' xlink:type='locator' />
<link:loc xlink:href='../elts/us-gaap-2017-01-31.xsd#us-gaap_DerivativeFairValueOfDerivativeLiabilityAmountOffsetAgainstCollateral' xlink:label='loc_DerivativeFairValueOfDerivativeLiabilityAmountOffsetAgainstCollateral' xlink:type='locator' />
<link:loc xlink:href='../elts/us-gaap-2017-01-31.xsd#us-gaap_DerivativeCollateralRightToReclaimCash' xlink:label='loc_DerivativeCollateralRightToReclaimCash' xlink:type='locator' />
<link:loc xlink:href='../elts/us-gaap-2017-01-31.xsd#us-gaap_DerivativeCollateralRightToReclaimSecurities' xlink:label='loc_DerivativeCollateralRightToReclaimSecurities' xlink:type='locator' />
<link:loc xlink:href='../elts/us-gaap-2017-01-31.xsd#us-gaap_DerivativeLiabilities' xlink:label='loc_DerivativeLiabilities' xlink:type='locator' />
<link:loc xlink:href='../elts/us-gaap-2017-01-31.xsd#us-gaap_DerivativeLiabilityCollateralRightToReclaimCashOffset' xlink:label='loc_DerivativeLiabilityCollateralRightToReclaimCashOffset' xlink:type='locator' />
<link:loc xlink:href='../elts/us-gaap-2017-01-31.xsd#us-gaap_DerivativeLiabilityNotSubjectToMasterNettingArrangement' xlink:label='loc_DerivativeLiabilityNotSubjectToMasterNettingArrangement' xlink:type='locator' />
<link:loc xlink:href='../elts/us-gaap-2017-01-31.xsd#us-gaap_DerivativeFairValueOfDerivativeLiabilityAmountNotOffsetAgainstCollateral' xlink:label='loc_DerivativeFairValueOfDerivativeLiabilityAmountNotOffsetAgainstCollateral' xlink:type='locator' />
<link:loc xlink:href='../elts/us-gaap-2017-01-31.xsd#us-gaap_DerivativeFairValueOfDerivativeLiability' xlink:label='loc_DerivativeFairValueOfDerivativeLiability' xlink:type='locator' />
<link:loc xlink:href='../elts/us-gaap-2017-01-31.xsd#us-gaap_DerivativeLiabilityFairValueGrossAsset' xlink:label='loc_DerivativeLiabilityFairValueGrossAsset' xlink:type='locator' />
<link:loc xlink:href='../elts/us-gaap-2017-01-31.xsd#us-gaap_DerivativeLiabilityNotSubjectToMasterNettingArrangementDeduction' xlink:label='loc_DerivativeLiabilityNotSubjectToMasterNettingArrangementDeduction' xlink:type='locator' />
<link:loc xlink:href='../elts/us-gaap-2017-01-31.xsd#us-gaap_DerivativeLiabilityNotOffsetPolicyElectionDeduction' xlink:label='loc_DerivativeLiabilityNotOffsetPolicyElectionDeduction' xlink:type='locator' />
<link:loc xlink:href='../elts/us-gaap-2017-01-31.xsd#us-gaap_SecuritiesLoanedOffsetAgainstCollateralNetOfNotSubjectToMasterNettingArrangementPolicyElection' xlink:label='loc_SecuritiesLoanedOffsetAgainstCollateralNetOfNotSubjectToMasterNettingArrangementPolicyElection' xlink:type='locator' />
<link:loc xlink:href='../elts/us-gaap-2017-01-31.xsd#us-gaap_SecuritiesLoanedAmountOffsetAgainstCollateral' xlink:label='loc_SecuritiesLoanedAmountOffsetAgainstCollateral' xlink:type='locator' />
<link:loc xlink:href='../elts/us-gaap-2017-01-31.xsd#us-gaap_SecuritiesLoanedCollateralRightToReclaimSecurities' xlink:label='loc_SecuritiesLoanedCollateralRightToReclaimSecurities' xlink:type='locator' />
<link:loc xlink:href='../elts/us-gaap-2017-01-31.xsd#us-gaap_SecuritiesLoanedCollateralRightToReclaimCash' xlink:label='loc_SecuritiesLoanedCollateralRightToReclaimCash' xlink:type='locator' />
<link:loc xlink:href='../elts/us-gaap-2017-01-31.xsd#us-gaap_SecuritiesLoaned' xlink:label='loc_SecuritiesLoaned' xlink:type='locator' />
<link:loc xlink:href='../elts/us-gaap-2017-01-31.xsd#us-gaap_SecuritiesLoanedGross' xlink:label='loc_SecuritiesLoanedGross' xlink:type='locator' />
<link:loc xlink:href='../elts/us-gaap-2017-01-31.xsd#us-gaap_SecuritiesLoanedAsset' xlink:label='loc_SecuritiesLoanedAsset' xlink:type='locator' />
<link:loc xlink:href='../elts/us-gaap-2017-01-31.xsd#us-gaap_SecuritiesLoanedNotSubjectToMasterNettingArrangement' xlink:label='loc_SecuritiesLoanedNotSubjectToMasterNettingArrangement' xlink:type='locator' />
<link:loc xlink:href='../elts/us-gaap-2017-01-31.xsd#us-gaap_SecuritiesLoanedNotSubjectToMasterNettingArrangementDeduction' xlink:label='loc_SecuritiesLoanedNotSubjectToMasterNettingArrangementDeduction' xlink:type='locator' />
<link:loc xlink:href='../elts/us-gaap-2017-01-31.xsd#us-gaap_SecuritiesLoanedNotOffsetPolicyElectionDeduction' xlink:label='loc_SecuritiesLoanedNotOffsetPolicyElectionDeduction' xlink:type='locator' />
<link:loc xlink:href='../elts/us-gaap-2017-01-31.xsd#us-gaap_SecuritiesSoldUnderAgreementsToRepurchaseOffsetAgainstCollateralNetOfNotSubjectToMasterNettingArrangementPolicyElection' xlink:label='loc_SecuritiesSoldUnderAgreementsToRepurchaseOffsetAgainstCollateralNetOfNotSubjectToMasterNettingArrangementPolicyElection' xlink:type='locator' />
<link:loc xlink:href='../elts/us-gaap-2017-01-31.xsd#us-gaap_SecuritiesSoldUnderAgreementsToRepurchaseAmountOffsetAgainstCollateral' xlink:label='loc_SecuritiesSoldUnderAgreementsToRepurchaseAmountOffsetAgainstCollateral' xlink:type='locator' />
<link:loc xlink:href='../elts/us-gaap-2017-01-31.xsd#us-gaap_SecuritiesSoldUnderAgreementsToRepurchaseCollateralRightToReclaimSecurities' xlink:label='loc_SecuritiesSoldUnderAgreementsToRepurchaseCollateralRightToReclaimSecurities' xlink:type='locator' />
<link:loc xlink:href='../elts/us-gaap-2017-01-31.xsd#us-gaap_SecuritiesSoldUnderAgreementsToRepurchaseCollateralRightToReclaimCash' xlink:label='loc_SecuritiesSoldUnderAgreementsToRepurchaseCollateralRightToReclaimCash' xlink:type='locator' />
<link:loc xlink:href='../elts/us-gaap-2017-01-31.xsd#us-gaap_SecuritiesSoldUnderAgreementsToRepurchase' xlink:label='loc_SecuritiesSoldUnderAgreementsToRepurchase' xlink:type='locator' />
<link:loc xlink:href='../elts/us-gaap-2017-01-31.xsd#us-gaap_SecuritiesSoldUnderAgreementsToRepurchaseGross' xlink:label='loc_SecuritiesSoldUnderAgreementsToRepurchaseGross' xlink:type='locator' />
<link:loc xlink:href='../elts/us-gaap-2017-01-31.xsd#us-gaap_SecuritiesSoldUnderAgreementsToRepurchaseAsset' xlink:label='loc_SecuritiesSoldUnderAgreementsToRepurchaseAsset' xlink:type='locator' />
<link:loc xlink:href='../elts/us-gaap-2017-01-31.xsd#us-gaap_SecuritiesSoldUnderAgreementsToRepurchaseNotSubjectToMasterNettingArrangement' xlink:label='loc_SecuritiesSoldUnderAgreementsToRepurchaseNotSubjectToMasterNettingArrangement' xlink:type='locator' />
<link:loc xlink:href='../elts/us-gaap-2017-01-31.xsd#us-gaap_SecuritiesSoldUnderAgreementsToRepurchaseNotSubjectToMasterNettingArrangementDeduction' xlink:label='loc_SecuritiesSoldUnderAgreementsToRepurchaseNotSubjectToMasterNettingArrangementDeduction' xlink:type='locator' />
<link:loc xlink:href='../elts/us-gaap-2017-01-31.xsd#us-gaap_SecuritiesSoldUnderAgreementsToResellNotOffsetPolicyElectionDeduction' xlink:label='loc_SecuritiesSoldUnderAgreementsToResellNotOffsetPolicyElectionDeduction' xlink:type='locator' />
<link:calculationArc order='10' weight='1.0' xlink:arcrole='http://www.xbrl.org/2003/arcrole/summation-item' xlink:from='loc_DerivativeAssetSecuritiesPurchasedUnderAgreementsToResellSecuritiesBorrowedOffsetAgainstCollateralNetOfNotSubjectToMasterNettingArrangementPolicyElection' xlink:to='loc_DerivativeAssetFairValueOffsetAgainstCollateralNetOfNotSubjectToMasterNettingArrangementPolicyElection' xlink:type='arc' />
<link:calculationArc order='10' weight='1.0' xlink:arcrole='http://www.xbrl.org/2003/arcrole/summation-item' xlink:from='loc_DerivativeAssetFairValueOffsetAgainstCollateralNetOfNotSubjectToMasterNettingArrangementPolicyElection' xlink:to='loc_DerivativeFairValueOfDerivativeAssetAmountOffsetAgainstCollateral' xlink:type='arc' />
<link:calculationArc order='10' weight='-1.0' xlink:arcrole='http://www.xbrl.org/2003/arcrole/summation-item' xlink:from='loc_DerivativeFairValueOfDerivativeAssetAmountOffsetAgainstCollateral' xlink:to='loc_DerivativeCollateralObligationToReturnSecurities' xlink:type='arc' />
<link:calculationArc order='20' weight='-1.0' xlink:arcrole='http://www.xbrl.org/2003/arcrole/summation-item' xlink:from='loc_DerivativeFairValueOfDerivativeAssetAmountOffsetAgainstCollateral' xlink:to='loc_DerivativeCollateralObligationToReturnCash' xlink:type='arc' />
<link:calculationArc order='30' weight='1.0' xlink:arcrole='http://www.xbrl.org/2003/arcrole/summation-item' xlink:from='loc_DerivativeFairValueOfDerivativeAssetAmountOffsetAgainstCollateral' xlink:to='loc_DerivativeAssets' xlink:type='arc' />
<link:calculationArc order='10' weight='-1.0' xlink:arcrole='http://www.xbrl.org/2003/arcrole/summation-item' xlink:from='loc_DerivativeAssets' xlink:to='loc_DerivativeAssetCollateralObligationToReturnCashOffset' xlink:type='arc' />
<link:calculationArc order='20' weight='1.0' xlink:arcrole='http://www.xbrl.org/2003/arcrole/summation-item' xlink:from='loc_DerivativeAssets' xlink:to='loc_DerivativeAssetNotSubjectToMasterNettingArrangement' xlink:type='arc' />
<link:calculationArc order='30' weight='1.0' xlink:arcrole='http://www.xbrl.org/2003/arcrole/summation-item' xlink:from='loc_DerivativeAssets' xlink:to='loc_DerivativeFairValueOfDerivativeAssetAmountNotOffsetAgainstCollateral' xlink:type='arc' />
<link:calculationArc order='10' weight='1.0' xlink:arcrole='http://www.xbrl.org/2003/arcrole/summation-item' xlink:from='loc_DerivativeFairValueOfDerivativeAssetAmountNotOffsetAgainstCollateral' xlink:to='loc_DerivativeFairValueOfDerivativeAsset' xlink:type='arc' />
<link:calculationArc order='20' weight='-1.0' xlink:arcrole='http://www.xbrl.org/2003/arcrole/summation-item' xlink:from='loc_DerivativeFairValueOfDerivativeAssetAmountNotOffsetAgainstCollateral' xlink:to='loc_DerivativeAssetFairValueGrossLiability' xlink:type='arc' />
<link:calculationArc order='20' weight='-1.0' xlink:arcrole='http://www.xbrl.org/2003/arcrole/summation-item' xlink:from='loc_DerivativeAssetFairValueOffsetAgainstCollateralNetOfNotSubjectToMasterNettingArrangementPolicyElection' xlink:to='loc_DerivativeAssetNotSubjectToMasterNettingArrangementDeduction' xlink:type='arc' />
<link:calculationArc order='30' weight='-1.0' xlink:arcrole='http://www.xbrl.org/2003/arcrole/summation-item' xlink:from='loc_DerivativeAssetFairValueOffsetAgainstCollateralNetOfNotSubjectToMasterNettingArrangementPolicyElection' xlink:to='loc_DerivativeAssetNotOffsetPolicyElectionDeduction' xlink:type='arc' />
<link:calculationArc order='20' weight='1.0' xlink:arcrole='http://www.xbrl.org/2003/arcrole/summation-item' xlink:from='loc_DerivativeAssetSecuritiesPurchasedUnderAgreementsToResellSecuritiesBorrowedOffsetAgainstCollateralNetOfNotSubjectToMasterNettingArrangementPolicyElection' xlink:to='loc_SecuritiesBorrowedOffsetAgainstCollateralNetOfNotSubjectToMasterNettingArrangementPolicyElection' xlink:type='arc' />
<link:calculationArc order='10' weight='1.0' xlink:arcrole='http://www.xbrl.org/2003/arcrole/summation-item' xlink:from='loc_SecuritiesBorrowedOffsetAgainstCollateralNetOfNotSubjectToMasterNettingArrangementPolicyElection' xlink:to='loc_SecuritiesBorrowedAmountOffsetAgainstCollateral' xlink:type='arc' />
<link:calculationArc order='10' weight='-1.0' xlink:arcrole='http://www.xbrl.org/2003/arcrole/summation-item' xlink:from='loc_SecuritiesBorrowedAmountOffsetAgainstCollateral' xlink:to='loc_SecuritiesBorrowedCollateralObligationToReturnSecurities' xlink:type='arc' />
<link:calculationArc order='20' weight='-1.0' xlink:arcrole='http://www.xbrl.org/2003/arcrole/summation-item' xlink:from='loc_SecuritiesBorrowedAmountOffsetAgainstCollateral' xlink:to='loc_SecuritiesBorrowedCollateralObligationToReturnCash' xlink:type='arc' />
<link:calculationArc order='30' weight='1.0' xlink:arcrole='http://www.xbrl.org/2003/arcrole/summation-item' xlink:from='loc_SecuritiesBorrowedAmountOffsetAgainstCollateral' xlink:to='loc_SecuritiesBorrowed' xlink:type='arc' />
<link:calculationArc order='10' weight='1.0' xlink:arcrole='http://www.xbrl.org/2003/arcrole/summation-item' xlink:from='loc_SecuritiesBorrowed' xlink:to='loc_SecuritiesBorrowedGross' xlink:type='arc' />
<link:calculationArc order='20' weight='-1.0' xlink:arcrole='http://www.xbrl.org/2003/arcrole/summation-item' xlink:from='loc_SecuritiesBorrowed' xlink:to='loc_SecuritiesBorrowedLiability' xlink:type='arc' />
<link:calculationArc order='30' weight='1.0' xlink:arcrole='http://www.xbrl.org/2003/arcrole/summation-item' xlink:from='loc_SecuritiesBorrowed' xlink:to='loc_SecuritiesBorrowedNotSubjectToMasterNettingArrangement' xlink:type='arc' />
<link:calculationArc order='20' weight='-1.0' xlink:arcrole='http://www.xbrl.org/2003/arcrole/summation-item' xlink:from='loc_SecuritiesBorrowedOffsetAgainstCollateralNetOfNotSubjectToMasterNettingArrangementPolicyElection' xlink:to='loc_SecuritiesBorrowedNotSubjectToMasterNettingArrangementDeduction' xlink:type='arc' />
<link:calculationArc order='30' weight='-1.0' xlink:arcrole='http://www.xbrl.org/2003/arcrole/summation-item' xlink:from='loc_SecuritiesBorrowedOffsetAgainstCollateralNetOfNotSubjectToMasterNettingArrangementPolicyElection' xlink:to='loc_SecuritiesBorrowedNotOffsetPolicyElectionDeduction' xlink:type='arc' />
<link:calculationArc order='30' weight='1.0' xlink:arcrole='http://www.xbrl.org/2003/arcrole/summation-item' xlink:from='loc_DerivativeAssetSecuritiesPurchasedUnderAgreementsToResellSecuritiesBorrowedOffsetAgainstCollateralNetOfNotSubjectToMasterNettingArrangementPolicyElection' xlink:to='loc_SecuritiesPurchasedUnderAgreementsToResellOffsetAgainstCollateralNetOfNotSubjectToMasterNettingArrangementPolicyElection' xlink:type='arc' />
<link:calculationArc order='10' weight='1.0' xlink:arcrole='http://www.xbrl.org/2003/arcrole/summation-item' xlink:from='loc_SecuritiesPurchasedUnderAgreementsToResellOffsetAgainstCollateralNetOfNotSubjectToMasterNettingArrangementPolicyElection' xlink:to='loc_SecuritiesPurchasedUnderAgreementsToResellAmountOffsetAgainstCollateral' xlink:type='arc' />
<link:calculationArc order='10' weight='-1.0' xlink:arcrole='http://www.xbrl.org/2003/arcrole/summation-item' xlink:from='loc_SecuritiesPurchasedUnderAgreementsToResellAmountOffsetAgainstCollateral' xlink:to='loc_SecuritiesPurchasedUnderAgreementsToResellCollateralObligationToReturnSecurities' xlink:type='arc' />
<link:calculationArc order='20' weight='-1.0' xlink:arcrole='http://www.xbrl.org/2003/arcrole/summation-item' xlink:from='loc_SecuritiesPurchasedUnderAgreementsToResellAmountOffsetAgainstCollateral' xlink:to='loc_SecuritiesPurchasedUnderAgreementsToResellCollateralObligationToReturnCash' xlink:type='arc' />
<link:calculationArc order='30' weight='1.0' xlink:arcrole='http://www.xbrl.org/2003/arcrole/summation-item' xlink:from='loc_SecuritiesPurchasedUnderAgreementsToResellAmountOffsetAgainstCollateral' xlink:to='loc_SecuritiesPurchasedUnderAgreementsToResell' xlink:type='arc' />
<link:calculationArc order='10' weight='1.0' xlink:arcrole='http://www.xbrl.org/2003/arcrole/summation-item' xlink:from='loc_SecuritiesPurchasedUnderAgreementsToResell' xlink:to='loc_SecuritiesPurchasedUnderAgreementsToResellGross' xlink:type='arc' />
<link:calculationArc order='20' weight='-1.0' xlink:arcrole='http://www.xbrl.org/2003/arcrole/summation-item' xlink:from='loc_SecuritiesPurchasedUnderAgreementsToResell' xlink:to='loc_SecuritiesPurchasedUnderAgreementsToResellLiability' xlink:type='arc' />
<link:calculationArc order='30' weight='1.0' xlink:arcrole='http://www.xbrl.org/2003/arcrole/summation-item' xlink:from='loc_SecuritiesPurchasedUnderAgreementsToResell' xlink:to='loc_SecuritiesPurchasedUnderAgreementsToResellNotSubjectToMasterNettingArrangement' xlink:type='arc' />
<link:calculationArc order='20' weight='-1.0' xlink:arcrole='http://www.xbrl.org/2003/arcrole/summation-item' xlink:from='loc_SecuritiesPurchasedUnderAgreementsToResellOffsetAgainstCollateralNetOfNotSubjectToMasterNettingArrangementPolicyElection' xlink:to='loc_SecuritiesPurchasedUnderAgreementsToResellNotSubjectToMasterNettingArrangementDeduction' xlink:type='arc' />
<link:calculationArc order='30' weight='-1.0' xlink:arcrole='http://www.xbrl.org/2003/arcrole/summation-item' xlink:from='loc_SecuritiesPurchasedUnderAgreementsToResellOffsetAgainstCollateralNetOfNotSubjectToMasterNettingArrangementPolicyElection' xlink:to='loc_SecuritiesPurchasedUnderAgreementsToResellNotOffsetPolicyElectionDeduction' xlink:type='arc' />
<link:calculationArc order='10' weight='1.0' xlink:arcrole='http://www.xbrl.org/2003/arcrole/summation-item' xlink:from='loc_DerivativeLiabilitySecuritiesSoldUnderAgreementsToResellSecuritiesLoanedOffsetAgainstCollateralNetOfNotSubjectToMasterNettingArrangementPolicyElection' xlink:to='loc_DerivativeLiabilityFairValueOffsetAgainstCollateralNetOfNotSubjectToMasterNettingArrangementPolicyElection' xlink:type='arc' />
<link:calculationArc order='10' weight='1.0' xlink:arcrole='http://www.xbrl.org/2003/arcrole/summation-item' xlink:from='loc_DerivativeLiabilityFairValueOffsetAgainstCollateralNetOfNotSubjectToMasterNettingArrangementPolicyElection' xlink:to='loc_DerivativeFairValueOfDerivativeLiabilityAmountOffsetAgainstCollateral' xlink:type='arc' />
<link:calculationArc order='10' weight='-1.0' xlink:arcrole='http://www.xbrl.org/2003/arcrole/summation-item' xlink:from='loc_DerivativeFairValueOfDerivativeLiabilityAmountOffsetAgainstCollateral' xlink:to='loc_DerivativeCollateralRightToReclaimCash' xlink:type='arc' />
<link:calculationArc order='20' weight='-1.0' xlink:arcrole='http://www.xbrl.org/2003/arcrole/summation-item' xlink:from='loc_DerivativeFairValueOfDerivativeLiabilityAmountOffsetAgainstCollateral' xlink:to='loc_DerivativeCollateralRightToReclaimSecurities' xlink:type='arc' />
<link:calculationArc order='30' weight='1.0' xlink:arcrole='http://www.xbrl.org/2003/arcrole/summation-item' xlink:from='loc_DerivativeFairValueOfDerivativeLiabilityAmountOffsetAgainstCollateral' xlink:to='loc_DerivativeLiabilities' xlink:type='arc' />
<link:calculationArc order='10' weight='-1.0' xlink:arcrole='http://www.xbrl.org/2003/arcrole/summation-item' xlink:from='loc_DerivativeLiabilities' xlink:to='loc_DerivativeLiabilityCollateralRightToReclaimCashOffset' xlink:type='arc' />
<link:calculationArc order='20' weight='1.0' xlink:arcrole='http://www.xbrl.org/2003/arcrole/summation-item' xlink:from='loc_DerivativeLiabilities' xlink:to='loc_DerivativeLiabilityNotSubjectToMasterNettingArrangement' xlink:type='arc' />
<link:calculationArc order='30' weight='1.0' xlink:arcrole='http://www.xbrl.org/2003/arcrole/summation-item' xlink:from='loc_DerivativeLiabilities' xlink:to='loc_DerivativeFairValueOfDerivativeLiabilityAmountNotOffsetAgainstCollateral' xlink:type='arc' />
<link:calculationArc order='10' weight='1.0' xlink:arcrole='http://www.xbrl.org/2003/arcrole/summation-item' xlink:from='loc_DerivativeFairValueOfDerivativeLiabilityAmountNotOffsetAgainstCollateral' xlink:to='loc_DerivativeFairValueOfDerivativeLiability' xlink:type='arc' />
<link:calculationArc order='20' weight='-1.0' xlink:arcrole='http://www.xbrl.org/2003/arcrole/summation-item' xlink:from='loc_DerivativeFairValueOfDerivativeLiabilityAmountNotOffsetAgainstCollateral' xlink:to='loc_DerivativeLiabilityFairValueGrossAsset' xlink:type='arc' />
<link:calculationArc order='20' weight='-1.0' xlink:arcrole='http://www.xbrl.org/2003/arcrole/summation-item' xlink:from='loc_DerivativeLiabilityFairValueOffsetAgainstCollateralNetOfNotSubjectToMasterNettingArrangementPolicyElection' xlink:to='loc_DerivativeLiabilityNotSubjectToMasterNettingArrangementDeduction' xlink:type='arc' />
<link:calculationArc order='30' weight='-1.0' xlink:arcrole='http://www.xbrl.org/2003/arcrole/summation-item' xlink:from='loc_DerivativeLiabilityFairValueOffsetAgainstCollateralNetOfNotSubjectToMasterNettingArrangementPolicyElection' xlink:to='loc_DerivativeLiabilityNotOffsetPolicyElectionDeduction' xlink:type='arc' />
<link:calculationArc order='20' weight='1.0' xlink:arcrole='http://www.xbrl.org/2003/arcrole/summation-item' xlink:from='loc_DerivativeLiabilitySecuritiesSoldUnderAgreementsToResellSecuritiesLoanedOffsetAgainstCollateralNetOfNotSubjectToMasterNettingArrangementPolicyElection' xlink:to='loc_SecuritiesLoanedOffsetAgainstCollateralNetOfNotSubjectToMasterNettingArrangementPolicyElection' xlink:type='arc' />
<link:calculationArc order='10' weight='1.0' xlink:arcrole='http://www.xbrl.org/2003/arcrole/summation-item' xlink:from='loc_SecuritiesLoanedOffsetAgainstCollateralNetOfNotSubjectToMasterNettingArrangementPolicyElection' xlink:to='loc_SecuritiesLoanedAmountOffsetAgainstCollateral' xlink:type='arc' />
<link:calculationArc order='10' weight='-1.0' xlink:arcrole='http://www.xbrl.org/2003/arcrole/summation-item' xlink:from='loc_SecuritiesLoanedAmountOffsetAgainstCollateral' xlink:to='loc_SecuritiesLoanedCollateralRightToReclaimSecurities' xlink:type='arc' />
<link:calculationArc order='20' weight='-1.0' xlink:arcrole='http://www.xbrl.org/2003/arcrole/summation-item' xlink:from='loc_SecuritiesLoanedAmountOffsetAgainstCollateral' xlink:to='loc_SecuritiesLoanedCollateralRightToReclaimCash' xlink:type='arc' />
<link:calculationArc order='30' weight='1.0' xlink:arcrole='http://www.xbrl.org/2003/arcrole/summation-item' xlink:from='loc_SecuritiesLoanedAmountOffsetAgainstCollateral' xlink:to='loc_SecuritiesLoaned' xlink:type='arc' />
<link:calculationArc order='10' weight='1.0' xlink:arcrole='http://www.xbrl.org/2003/arcrole/summation-item' xlink:from='loc_SecuritiesLoaned' xlink:to='loc_SecuritiesLoanedGross' xlink:type='arc' />
<link:calculationArc order='20' weight='-1.0' xlink:arcrole='http://www.xbrl.org/2003/arcrole/summation-item' xlink:from='loc_SecuritiesLoaned' xlink:to='loc_SecuritiesLoanedAsset' xlink:type='arc' />
<link:calculationArc order='30' weight='1.0' xlink:arcrole='http://www.xbrl.org/2003/arcrole/summation-item' xlink:from='loc_SecuritiesLoaned' xlink:to='loc_SecuritiesLoanedNotSubjectToMasterNettingArrangement' xlink:type='arc' />
<link:calculationArc order='20' weight='-1.0' xlink:arcrole='http://www.xbrl.org/2003/arcrole/summation-item' xlink:from='loc_SecuritiesLoanedOffsetAgainstCollateralNetOfNotSubjectToMasterNettingArrangementPolicyElection' xlink:to='loc_SecuritiesLoanedNotSubjectToMasterNettingArrangementDeduction' xlink:type='arc' />
<link:calculationArc order='30' weight='-1.0' xlink:arcrole='http://www.xbrl.org/2003/arcrole/summation-item' xlink:from='loc_SecuritiesLoanedOffsetAgainstCollateralNetOfNotSubjectToMasterNettingArrangementPolicyElection' xlink:to='loc_SecuritiesLoanedNotOffsetPolicyElectionDeduction' xlink:type='arc' />
<link:calculationArc order='30' weight='1.0' xlink:arcrole='http://www.xbrl.org/2003/arcrole/summation-item' xlink:from='loc_DerivativeLiabilitySecuritiesSoldUnderAgreementsToResellSecuritiesLoanedOffsetAgainstCollateralNetOfNotSubjectToMasterNettingArrangementPolicyElection' xlink:to='loc_SecuritiesSoldUnderAgreementsToRepurchaseOffsetAgainstCollateralNetOfNotSubjectToMasterNettingArrangementPolicyElection' xlink:type='arc' />
<link:calculationArc order='10' weight='1.0' xlink:arcrole='http://www.xbrl.org/2003/arcrole/summation-item' xlink:from='loc_SecuritiesSoldUnderAgreementsToRepurchaseOffsetAgainstCollateralNetOfNotSubjectToMasterNettingArrangementPolicyElection' xlink:to='loc_SecuritiesSoldUnderAgreementsToRepurchaseAmountOffsetAgainstCollateral' xlink:type='arc' />
<link:calculationArc order='10' weight='-1.0' xlink:arcrole='http://www.xbrl.org/2003/arcrole/summation-item' xlink:from='loc_SecuritiesSoldUnderAgreementsToRepurchaseAmountOffsetAgainstCollateral' xlink:to='loc_SecuritiesSoldUnderAgreementsToRepurchaseCollateralRightToReclaimSecurities' xlink:type='arc' />
<link:calculationArc order='20' weight='-1.0' xlink:arcrole='http://www.xbrl.org/2003/arcrole/summation-item' xlink:from='loc_SecuritiesSoldUnderAgreementsToRepurchaseAmountOffsetAgainstCollateral' xlink:to='loc_SecuritiesSoldUnderAgreementsToRepurchaseCollateralRightToReclaimCash' xlink:type='arc' />
<link:calculationArc order='30' weight='1.0' xlink:arcrole='http://www.xbrl.org/2003/arcrole/summation-item' xlink:from='loc_SecuritiesSoldUnderAgreementsToRepurchaseAmountOffsetAgainstCollateral' xlink:to='loc_SecuritiesSoldUnderAgreementsToRepurchase' xlink:type='arc' />
<link:calculationArc order='10' weight='1.0' xlink:arcrole='http://www.xbrl.org/2003/arcrole/summation-item' xlink:from='loc_SecuritiesSoldUnderAgreementsToRepurchase' xlink:to='loc_SecuritiesSoldUnderAgreementsToRepurchaseGross' xlink:type='arc' />
<link:calculationArc order='20' weight='-1.0' xlink:arcrole='http://www.xbrl.org/2003/arcrole/summation-item' xlink:from='loc_SecuritiesSoldUnderAgreementsToRepurchase' xlink:to='loc_SecuritiesSoldUnderAgreementsToRepurchaseAsset' xlink:type='arc' />
<link:calculationArc order='30' weight='1.0' xlink:arcrole='http://www.xbrl.org/2003/arcrole/summation-item' xlink:from='loc_SecuritiesSoldUnderAgreementsToRepurchase' xlink:to='loc_SecuritiesSoldUnderAgreementsToRepurchaseNotSubjectToMasterNettingArrangement' xlink:type='arc' />
<link:calculationArc order='20' weight='-1.0' xlink:arcrole='http://www.xbrl.org/2003/arcrole/summation-item' xlink:from='loc_SecuritiesSoldUnderAgreementsToRepurchaseOffsetAgainstCollateralNetOfNotSubjectToMasterNettingArrangementPolicyElection' xlink:to='loc_SecuritiesSoldUnderAgreementsToRepurchaseNotSubjectToMasterNettingArrangementDeduction' xlink:type='arc' />
<link:calculationArc order='30' weight='-1.0' xlink:arcrole='http://www.xbrl.org/2003/arcrole/summation-item' xlink:from='loc_SecuritiesSoldUnderAgreementsToRepurchaseOffsetAgainstCollateralNetOfNotSubjectToMasterNettingArrangementPolicyElection' xlink:to='loc_SecuritiesSoldUnderAgreementsToResellNotOffsetPolicyElectionDeduction' xlink:type='arc' />
</link:calculationLink>
</link:linkbase>
