<?xml version="1.0" encoding="UTF-8"?>
<!-- Generated by Fujitsu Interstage XWand B0228 -->
<!--
(c) XBRL US, Inc. 2007-2010; Financial Accounting Foundation, Inc. 2010-2017.  All Rights Reserved.
Notice: Authorized Uses are Set Forth at http://xbrl.fasb.org/terms/TaxonomiesTermsConditions.html
  -->
<link:linkbase xmlns:xsi="http://www.w3.org/2001/XMLSchema-instance" xsi:schemaLocation="http://www.xbrl.org/2003/linkbase http://www.xbrl.org/2003/xbrl-linkbase-2003-12-31.xsd" xmlns:link="http://www.xbrl.org/2003/linkbase" xmlns:xlink="http://www.w3.org/1999/xlink" xmlns:xbrldt="http://xbrl.org/2005/xbrldt">
  <link:roleRef roleURI="http://fasb.org/us-gaap/role/disclosure/LeasesTmp01" xlink:type="simple" xlink:href="../elts/us-roles-2017-01-31.xsd#leasestmp01"/>
  <link:calculationLink xlink:type="extended" xlink:role="http://fasb.org/us-gaap/role/disclosure/LeasesTmp01">
    <link:loc xlink:type="locator" xlink:href="../elts/us-gaap-2017-01-31.xsd#us-gaap_LeaseCost" xlink:label="loc_LeaseCost"/>
    <link:loc xlink:type="locator" xlink:href="../elts/us-gaap-2017-01-31.xsd#us-gaap_FinanceLeaseRightOfUseAssetAmortization" xlink:label="loc_FinanceLeaseRightOfUseAssetAmortization"/>
    <link:calculationArc xlink:type="arc" xlink:arcrole="http://www.xbrl.org/2003/arcrole/summation-item" xlink:from="loc_LeaseCost" xlink:to="loc_FinanceLeaseRightOfUseAssetAmortization" priority="10" order="10.0" weight="1.0"/>
    <link:loc xlink:type="locator" xlink:href="../elts/us-gaap-2017-01-31.xsd#us-gaap_FinanceLeaseInterestExpense" xlink:label="loc_FinanceLeaseInterestExpense"/>
    <link:calculationArc xlink:type="arc" xlink:arcrole="http://www.xbrl.org/2003/arcrole/summation-item" xlink:from="loc_LeaseCost" xlink:to="loc_FinanceLeaseInterestExpense" priority="10" order="20.0" weight="1.0"/>
    <link:loc xlink:type="locator" xlink:href="../elts/us-gaap-2017-01-31.xsd#us-gaap_OperatingLeaseCost" xlink:label="loc_OperatingLeaseCost"/>
    <link:calculationArc xlink:type="arc" xlink:arcrole="http://www.xbrl.org/2003/arcrole/summation-item" xlink:from="loc_LeaseCost" xlink:to="loc_OperatingLeaseCost" priority="10" order="30.0" weight="1.0"/>
    <link:loc xlink:type="locator" xlink:href="../elts/us-gaap-2017-01-31.xsd#us-gaap_ShortTermLeaseCost" xlink:label="loc_ShortTermLeaseCost"/>
    <link:calculationArc xlink:type="arc" xlink:arcrole="http://www.xbrl.org/2003/arcrole/summation-item" xlink:from="loc_LeaseCost" xlink:to="loc_ShortTermLeaseCost" priority="10" order="40.0" weight="1.0"/>
    <link:loc xlink:type="locator" xlink:href="../elts/us-gaap-2017-01-31.xsd#us-gaap_VariableLeaseCost" xlink:label="loc_VariableLeaseCost"/>
    <link:calculationArc xlink:type="arc" xlink:arcrole="http://www.xbrl.org/2003/arcrole/summation-item" xlink:from="loc_LeaseCost" xlink:to="loc_VariableLeaseCost" priority="10" order="50.0" weight="1.0"/>
    <link:loc xlink:type="locator" xlink:href="../elts/us-gaap-2017-01-31.xsd#us-gaap_SubleaseIncome" xlink:label="loc_SubleaseIncome"/>
    <link:calculationArc xlink:type="arc" xlink:arcrole="http://www.xbrl.org/2003/arcrole/summation-item" xlink:from="loc_LeaseCost" xlink:to="loc_SubleaseIncome" priority="10" order="60.0" weight="-1.0"/>
  </link:calculationLink>
</link:linkbase>
