<?xml version='1.0' encoding='UTF-8'?>

<!--
(c) XBRL US, Inc. 2007-2010; Financial Accounting Foundation, Inc. 2010-2017.  All Rights Reserved.
Notice: Authorized Uses are Set Forth at http://xbrl.fasb.org/terms/TaxonomiesTermsConditions.html
  -->
<link:linkbase xmlns:link="http://www.xbrl.org/2003/linkbase" xmlns:xbrldt="http://xbrl.org/2005/xbrldt" xmlns:xlink="http://www.w3.org/1999/xlink" xmlns:xsi="http://www.w3.org/2001/XMLSchema-instance" xsi:schemaLocation="http://www.xbrl.org/2003/linkbase http://www.xbrl.org/2003/xbrl-linkbase-2003-12-31.xsd">
   <link:roleRef roleURI="http://fasb.org/us-gaap/role/disclosure/LeasesTmp02calcalt" xlink:href="../elts/us-roles-2017-01-31.xsd#leasestmp02calcalt" xlink:type="simple"/>
   <link:roleRef roleURI="http://fasb.org/us-gaap/role/disclosure/LeasesTmp02" xlink:href="../elts/us-roles-2017-01-31.xsd#leasestmp02" xlink:type="simple"/>
   <link:calculationLink xlink:role="http://fasb.org/us-gaap/role/disclosure/LeasesTmp02" xlink:type="extended">
      <link:loc xlink:href="../elts/us-gaap-2017-01-31.xsd#us-gaap_LesseeOperatingLeaseLiabilityPaymentsDue" xlink:label="loc_LesseeOperatingLeaseLiabilityPaymentsDue" xlink:type="locator"/>
      <link:loc xlink:href="../elts/us-gaap-2017-01-31.xsd#us-gaap_LesseeOperatingLeaseLiabilityPaymentsDueNextTwelveMonths" xlink:label="loc_LesseeOperatingLeaseLiabilityPaymentsDueNextTwelveMonths" xlink:type="locator"/>
      <link:loc xlink:href="../elts/us-gaap-2017-01-31.xsd#us-gaap_LesseeOperatingLeaseLiabilityPaymentsDueYearTwo" xlink:label="loc_LesseeOperatingLeaseLiabilityPaymentsDueYearTwo" xlink:type="locator"/>
      <link:loc xlink:href="../elts/us-gaap-2017-01-31.xsd#us-gaap_LesseeOperatingLeaseLiabilityPaymentsDueYearThree" xlink:label="loc_LesseeOperatingLeaseLiabilityPaymentsDueYearThree" xlink:type="locator"/>
      <link:loc xlink:href="../elts/us-gaap-2017-01-31.xsd#us-gaap_LesseeOperatingLeaseLiabilityPaymentsDueYearFour" xlink:label="loc_LesseeOperatingLeaseLiabilityPaymentsDueYearFour" xlink:type="locator"/>
      <link:loc xlink:href="../elts/us-gaap-2017-01-31.xsd#us-gaap_LesseeOperatingLeaseLiabilityPaymentsDueYearFive" xlink:label="loc_LesseeOperatingLeaseLiabilityPaymentsDueYearFive" xlink:type="locator"/>
      <link:loc xlink:href="../elts/us-gaap-2017-01-31.xsd#us-gaap_LesseeOperatingLeaseLiabilityPaymentsDueAfterYearFive" xlink:label="loc_LesseeOperatingLeaseLiabilityPaymentsDueAfterYearFive" xlink:type="locator"/>
      <link:calculationArc priority="10" order="10.0" weight="1.0" xlink:arcrole="http://www.xbrl.org/2003/arcrole/summation-item" xlink:from="loc_LesseeOperatingLeaseLiabilityPaymentsDue" xlink:to="loc_LesseeOperatingLeaseLiabilityPaymentsDueNextTwelveMonths" xlink:type="arc"/>
      <link:calculationArc priority="10" order="20.0" weight="1.0" xlink:arcrole="http://www.xbrl.org/2003/arcrole/summation-item" xlink:from="loc_LesseeOperatingLeaseLiabilityPaymentsDue" xlink:to="loc_LesseeOperatingLeaseLiabilityPaymentsDueYearTwo" xlink:type="arc"/>
      <link:calculationArc priority="10" order="30.0" weight="1.0" xlink:arcrole="http://www.xbrl.org/2003/arcrole/summation-item" xlink:from="loc_LesseeOperatingLeaseLiabilityPaymentsDue" xlink:to="loc_LesseeOperatingLeaseLiabilityPaymentsDueYearThree" xlink:type="arc"/>
      <link:calculationArc priority="10" order="40.0" weight="1.0" xlink:arcrole="http://www.xbrl.org/2003/arcrole/summation-item" xlink:from="loc_LesseeOperatingLeaseLiabilityPaymentsDue" xlink:to="loc_LesseeOperatingLeaseLiabilityPaymentsDueYearFour" xlink:type="arc"/>
      <link:calculationArc priority="10" order="50.0" weight="1.0" xlink:arcrole="http://www.xbrl.org/2003/arcrole/summation-item" xlink:from="loc_LesseeOperatingLeaseLiabilityPaymentsDue" xlink:to="loc_LesseeOperatingLeaseLiabilityPaymentsDueYearFive" xlink:type="arc"/>
      <link:calculationArc priority="10" order="60.0" weight="1.0" xlink:arcrole="http://www.xbrl.org/2003/arcrole/summation-item" xlink:from="loc_LesseeOperatingLeaseLiabilityPaymentsDue" xlink:to="loc_LesseeOperatingLeaseLiabilityPaymentsDueAfterYearFive" xlink:type="arc"/>
   </link:calculationLink>
   <link:calculationLink xlink:role="http://fasb.org/us-gaap/role/disclosure/LeasesTmp02calcalt" xlink:type="extended">
      <link:loc xlink:href="../elts/us-gaap-2017-01-31.xsd#us-gaap_LesseeOperatingLeaseLiabilityUndiscountedExcessAmount" xlink:label="lbl_LesseeOperatingLeaseLiabilityUndiscountedExcessAmount" xlink:type="locator"/>
      <link:loc xlink:href="../elts/us-gaap-2017-01-31.xsd#us-gaap_LesseeOperatingLeaseLiabilityPaymentsDue" xlink:label="lbl_LesseeOperatingLeaseLiabilityPaymentsDue" xlink:type="locator"/>
      <link:calculationArc priority="10" order="1.0" weight="1.0" xlink:arcrole="http://www.xbrl.org/2003/arcrole/summation-item" xlink:from="lbl_LesseeOperatingLeaseLiabilityPaymentsDue" xlink:to="lbl_LesseeOperatingLeaseLiabilityUndiscountedExcessAmount" xlink:type="arc"/>
      <link:loc xlink:href="../elts/us-gaap-2017-01-31.xsd#us-gaap_OperatingLeaseLiability" xlink:label="lbl_OperatingLeaseLiability" xlink:type="locator"/>
      <link:calculationArc priority="10" order="2.0" weight="1.0" xlink:arcrole="http://www.xbrl.org/2003/arcrole/summation-item" xlink:from="lbl_LesseeOperatingLeaseLiabilityPaymentsDue" xlink:to="lbl_OperatingLeaseLiability" xlink:type="arc"/>
   </link:calculationLink>
</link:linkbase>
