<?xml version='1.0' encoding='UTF-8'?>

<!--
(c) XBRL US, Inc. 2007-2010; Financial Accounting Foundation, Inc. 2010-2017.  All Rights Reserved.
Notice: Authorized Uses are Set Forth at http://xbrl.fasb.org/terms/TaxonomiesTermsConditions.html
  -->
<link:linkbase xmlns:link='http://www.xbrl.org/2003/linkbase' xmlns:xbrldt='http://xbrl.org/2005/xbrldt' xmlns:xlink='http://www.w3.org/1999/xlink' xmlns:xsi='http://www.w3.org/2001/XMLSchema-instance' xsi:schemaLocation='http://www.xbrl.org/2003/linkbase http://www.xbrl.org/2003/xbrl-linkbase-2003-12-31.xsd'>
<link:roleRef roleURI='http://fasb.org/us-gaap/role/disclosure/InvestmentsEquityMethodAndJointVentures' xlink:href='../elts/us-roles-2017-01-31.xsd#emjv' xlink:type='simple' />
<link:presentationLink xlink:role='http://fasb.org/us-gaap/role/disclosure/InvestmentsEquityMethodAndJointVentures' xlink:type='extended'>
<link:loc xlink:href='../elts/us-gaap-2017-01-31.xsd#us-gaap_SegmentDiscontinuedOperationsMember' xlink:label='loc_SegmentDiscontinuedOperationsMember' xlink:type='locator' />
<link:loc xlink:href='../elts/us-gaap-2017-01-31.xsd#us-gaap_DiscontinuedOperationsHeldForSaleOrDisposedOfBySaleMember' xlink:label='loc_DiscontinuedOperationsHeldForSaleOrDisposedOfBySaleMember' xlink:type='locator' />
<link:loc xlink:href='../elts/us-gaap-2017-01-31.xsd#us-gaap_DiscontinuedOperationsDisposedOfByMeansOtherThanSaleMember' xlink:label='loc_DiscontinuedOperationsDisposedOfByMeansOtherThanSaleMember' xlink:type='locator' />
<link:loc xlink:href='../elts/us-gaap-2017-01-31.xsd#us-gaap_DiscontinuedOperationsDisposedOfByMeansOtherThanSaleSpinoffMember' xlink:label='loc_DiscontinuedOperationsDisposedOfByMeansOtherThanSaleSpinoffMember' xlink:type='locator' />
<link:loc xlink:href='../elts/us-gaap-2017-01-31.xsd#us-gaap_DiscontinuedOperationsDisposedOfByMeansOtherThanSaleAbandonmentMember' xlink:label='loc_DiscontinuedOperationsDisposedOfByMeansOtherThanSaleAbandonmentMember' xlink:type='locator' />
<link:loc xlink:href='../elts/us-gaap-2017-01-31.xsd#us-gaap_DiscontinuedOperationsDisposedOfByMeansOtherThanSaleExchangeMember' xlink:label='loc_DiscontinuedOperationsDisposedOfByMeansOtherThanSaleExchangeMember' xlink:type='locator' />
<link:loc xlink:href='../elts/us-gaap-2017-01-31.xsd#us-gaap_DiscontinuedOperationsDisposedOfBySaleMember' xlink:label='loc_DiscontinuedOperationsDisposedOfBySaleMember' xlink:type='locator' />
<link:loc xlink:href='../elts/us-gaap-2017-01-31.xsd#us-gaap_DiscontinuedOperationsHeldforsaleMember' xlink:label='loc_DiscontinuedOperationsHeldforsaleMember' xlink:type='locator' />
<link:loc xlink:href='../elts/us-gaap-2017-01-31.xsd#us-gaap_DisposalGroupClassificationAxis' xlink:label='loc_DisposalGroupClassificationAxis' xlink:type='locator' />
<link:loc xlink:href='../elts/us-gaap-2017-01-31.xsd#us-gaap_DisposalGroupClassificationDomain' xlink:label='loc_DisposalGroupClassificationDomain' xlink:type='locator' />
<link:loc xlink:href='../elts/us-gaap-2017-01-31.xsd#us-gaap_DisposalGroupNotDiscontinuedOperationsMember' xlink:label='loc_DisposalGroupNotDiscontinuedOperationsMember' xlink:type='locator' />
<link:loc xlink:href='../elts/us-gaap-2017-01-31.xsd#us-gaap_DisposalGroupDisposedOfByMeansOtherThanSaleNotDiscontinuedOperationsMember' xlink:label='loc_DisposalGroupDisposedOfByMeansOtherThanSaleNotDiscontinuedOperationsMember' xlink:type='locator' />
<link:loc xlink:href='../elts/us-gaap-2017-01-31.xsd#us-gaap_DisposalGroupDisposedOfByMeansOtherThanSaleNotDiscontinuedOperationsSpinoffMember' xlink:label='loc_DisposalGroupDisposedOfByMeansOtherThanSaleNotDiscontinuedOperationsSpinoffMember' xlink:type='locator' />
<link:loc xlink:href='../elts/us-gaap-2017-01-31.xsd#us-gaap_DisposalGroupDisposedOfByMeansOtherThanSaleNotDiscontinuedOperationsAbandonmentMember' xlink:label='loc_DisposalGroupDisposedOfByMeansOtherThanSaleNotDiscontinuedOperationsAbandonmentMember' xlink:type='locator' />
<link:loc xlink:href='../elts/us-gaap-2017-01-31.xsd#us-gaap_DisposalGroupDisposedOfByMeansOtherThanSaleNotDiscontinuedOperationsExchangeMember' xlink:label='loc_DisposalGroupDisposedOfByMeansOtherThanSaleNotDiscontinuedOperationsExchangeMember' xlink:type='locator' />
<link:loc xlink:href='../elts/us-gaap-2017-01-31.xsd#us-gaap_DisposalGroupHeldForSaleOrDisposedOfBySaleNotDiscontinuedOperationsMember' xlink:label='loc_DisposalGroupHeldForSaleOrDisposedOfBySaleNotDiscontinuedOperationsMember' xlink:type='locator' />
<link:loc xlink:href='../elts/us-gaap-2017-01-31.xsd#us-gaap_DisposalGroupDisposedOfBySaleNotDiscontinuedOperationsMember' xlink:label='loc_DisposalGroupDisposedOfBySaleNotDiscontinuedOperationsMember' xlink:type='locator' />
<link:loc xlink:href='../elts/us-gaap-2017-01-31.xsd#us-gaap_DisposalGroupHeldforsaleNotDiscontinuedOperationsMember' xlink:label='loc_DisposalGroupHeldforsaleNotDiscontinuedOperationsMember' xlink:type='locator' />
<link:loc xlink:href='../elts/us-gaap-2017-01-31.xsd#us-gaap_ScheduleOfEquityMethodInvestmentEquityMethodInvesteeNameAxis' xlink:label='loc_ScheduleOfEquityMethodInvestmentEquityMethodInvesteeNameAxis' xlink:type='locator' />
<link:loc xlink:href='../elts/us-gaap-2017-01-31.xsd#us-gaap_EquityMethodInvesteeNameDomain' xlink:label='loc_EquityMethodInvesteeNameDomain' xlink:type='locator' />
<link:loc xlink:href='../elts/us-gaap-2017-01-31.xsd#us-gaap_EquityMethodInvestmentSummarizedFinancialInformationEquityAbstract' xlink:label='loc_EquityMethodInvestmentSummarizedFinancialInformationEquityAbstract' xlink:type='locator' />
<link:loc xlink:href='../elts/us-gaap-2017-01-31.xsd#us-gaap_EquityMethodInvestmentSummarizedFinancialInformationMinorityInterest' xlink:label='loc_EquityMethodInvestmentSummarizedFinancialInformationMinorityInterest' xlink:type='locator' />
<link:loc xlink:href='../elts/us-gaap-2017-01-31.xsd#us-gaap_EquityMethodInvestmentSummarizedFinancialInformationEquityOrCapital' xlink:label='loc_EquityMethodInvestmentSummarizedFinancialInformationEquityOrCapital' xlink:type='locator' />
<link:loc xlink:href='../elts/us-gaap-2017-01-31.xsd#us-gaap_EquityMethodInvestmentSummarizedFinancialInformationEquity' xlink:label='loc_EquityMethodInvestmentSummarizedFinancialInformationEquity' xlink:type='locator' />
<link:loc xlink:href='../elts/us-gaap-2017-01-31.xsd#us-gaap_EquityMethodInvestmentDifferenceBetweenCarryingAmountAndUnderlyingEquityAbstract' xlink:label='loc_EquityMethodInvestmentDifferenceBetweenCarryingAmountAndUnderlyingEquityAbstract' xlink:type='locator' />
<link:loc xlink:href='../elts/us-gaap-2017-01-31.xsd#us-gaap_EquityMethodInvestmentUnderlyingEquityInNetAssets' xlink:label='loc_EquityMethodInvestmentUnderlyingEquityInNetAssets' xlink:type='locator' />
<link:loc xlink:href='../elts/us-gaap-2017-01-31.xsd#us-gaap_EquityMethodInvestmentDifferenceBetweenCarryingAmountAndUnderlyingEquity' xlink:label='loc_EquityMethodInvestmentDifferenceBetweenCarryingAmountAndUnderlyingEquity' xlink:type='locator' />
<link:loc xlink:href='../elts/us-gaap-2017-01-31.xsd#us-gaap_EquityMethodInvestmentDifferenceBetweenCarryingAmountAndUnderlyingEquityAccountingTreatment' xlink:label='loc_EquityMethodInvestmentDifferenceBetweenCarryingAmountAndUnderlyingEquityAccountingTreatment' xlink:type='locator' />
<link:loc xlink:href='../elts/us-gaap-2017-01-31.xsd#us-gaap_EquityMethodInvestmentFinancialStatementReportedAmountsAbstract' xlink:label='loc_EquityMethodInvestmentFinancialStatementReportedAmountsAbstract' xlink:type='locator' />
<link:loc xlink:href='../elts/us-gaap-2017-01-31.xsd#us-gaap_IncomeLossFromEquityMethodInvestments' xlink:label='loc_IncomeLossFromEquityMethodInvestments' xlink:type='locator' />
<link:loc xlink:href='../elts/us-gaap-2017-01-31.xsd#us-gaap_EquityMethodInvestments' xlink:label='loc_EquityMethodInvestments' xlink:type='locator' />
<link:loc xlink:href='../elts/us-gaap-2017-01-31.xsd#us-gaap_EquityMethodInvestmentRealizedGainLossOnDisposalAbstract' xlink:label='loc_EquityMethodInvestmentRealizedGainLossOnDisposalAbstract' xlink:type='locator' />
<link:loc xlink:href='../elts/us-gaap-2017-01-31.xsd#us-gaap_ProceedsFromSaleOfEquityMethodInvestments' xlink:label='loc_ProceedsFromSaleOfEquityMethodInvestments' xlink:type='locator' />
<link:loc xlink:href='../elts/us-gaap-2017-01-31.xsd#us-gaap_EquityMethodInvestmentSoldCarryingAmount' xlink:label='loc_EquityMethodInvestmentSoldCarryingAmount' xlink:type='locator' />
<link:loc xlink:href='../elts/us-gaap-2017-01-31.xsd#us-gaap_EquityMethodInvestmentRealizedGainLossOnDisposal' xlink:label='loc_EquityMethodInvestmentRealizedGainLossOnDisposal' xlink:type='locator' />
<link:loc xlink:href='../elts/us-gaap-2017-01-31.xsd#us-gaap_EquityMethodInvestmentSummarizedFinancialInformationAbstract' xlink:label='loc_EquityMethodInvestmentSummarizedFinancialInformationAbstract' xlink:type='locator' />
<link:loc xlink:href='../elts/us-gaap-2017-01-31.xsd#us-gaap_EquityMethodInvestmentSummarizedFinancialInformationAssetsAbstract' xlink:label='loc_EquityMethodInvestmentSummarizedFinancialInformationAssetsAbstract' xlink:type='locator' />
<link:loc xlink:href='../elts/us-gaap-2017-01-31.xsd#us-gaap_EquityMethodInvestmentSummarizedFinancialInformationLiabilitiesAndEquityAbstract' xlink:label='loc_EquityMethodInvestmentSummarizedFinancialInformationLiabilitiesAndEquityAbstract' xlink:type='locator' />
<link:loc xlink:href='../elts/us-gaap-2017-01-31.xsd#us-gaap_EquityMethodInvestmentSummarizedFinancialInformationIncomeStatementAbstract' xlink:label='loc_EquityMethodInvestmentSummarizedFinancialInformationIncomeStatementAbstract' xlink:type='locator' />
<link:loc xlink:href='../elts/us-gaap-2017-01-31.xsd#us-gaap_EquityMethodInvestmentSummarizedFinancialInformationCurrentAssets' xlink:label='loc_EquityMethodInvestmentSummarizedFinancialInformationCurrentAssets' xlink:type='locator' />
<link:loc xlink:href='../elts/us-gaap-2017-01-31.xsd#us-gaap_EquityMethodInvestmentSummarizedFinancialInformationNoncurrentAssets' xlink:label='loc_EquityMethodInvestmentSummarizedFinancialInformationNoncurrentAssets' xlink:type='locator' />
<link:loc xlink:href='../elts/us-gaap-2017-01-31.xsd#us-gaap_EquityMethodInvestmentSummarizedFinancialInformationAssets' xlink:label='loc_EquityMethodInvestmentSummarizedFinancialInformationAssets' xlink:type='locator' />
<link:loc xlink:href='../elts/us-gaap-2017-01-31.xsd#us-gaap_EquityMethodInvestmentSummarizedFinancialInformationGrossProfitLossAbstract' xlink:label='loc_EquityMethodInvestmentSummarizedFinancialInformationGrossProfitLossAbstract' xlink:type='locator' />
<link:loc xlink:href='../elts/us-gaap-2017-01-31.xsd#us-gaap_EquityMethodInvestmentSummarizedFinancialInformationRevenue' xlink:label='loc_EquityMethodInvestmentSummarizedFinancialInformationRevenue' xlink:type='locator' />
<link:loc xlink:href='../elts/us-gaap-2017-01-31.xsd#us-gaap_EquityMethodInvestmentSummarizedFinancialInformationCostOfSales' xlink:label='loc_EquityMethodInvestmentSummarizedFinancialInformationCostOfSales' xlink:type='locator' />
<link:loc xlink:href='../elts/us-gaap-2017-01-31.xsd#us-gaap_EquityMethodInvestmentSummarizedFinancialInformationGrossProfitLoss' xlink:label='loc_EquityMethodInvestmentSummarizedFinancialInformationGrossProfitLoss' xlink:type='locator' />
<link:loc xlink:href='../elts/us-gaap-2017-01-31.xsd#us-gaap_EquityMethodInvestmentSummarizedFinancialInformationIncomeLossFromContinuingOperationsBeforeExtraordinaryItems' xlink:label='loc_EquityMethodInvestmentSummarizedFinancialInformationIncomeLossFromContinuingOperationsBeforeExtraordinaryItems' xlink:type='locator' />
<link:loc xlink:href='../elts/us-gaap-2017-01-31.xsd#us-gaap_EquityMethodInvestmentSummarizedFinancialInformationNetIncomeLoss' xlink:label='loc_EquityMethodInvestmentSummarizedFinancialInformationNetIncomeLoss' xlink:type='locator' />
<link:loc xlink:href='../elts/us-gaap-2017-01-31.xsd#us-gaap_EquityMethodInvestmentSummarizedFinancialInformationLiabilitiesAbstract' xlink:label='loc_EquityMethodInvestmentSummarizedFinancialInformationLiabilitiesAbstract' xlink:type='locator' />
<link:loc xlink:href='../elts/us-gaap-2017-01-31.xsd#us-gaap_EquityMethodInvestmentSummarizedFinancialInformationCurrentLiabilities' xlink:label='loc_EquityMethodInvestmentSummarizedFinancialInformationCurrentLiabilities' xlink:type='locator' />
<link:loc xlink:href='../elts/us-gaap-2017-01-31.xsd#us-gaap_EquityMethodInvestmentSummarizedFinancialInformationNoncurrentLiabilities' xlink:label='loc_EquityMethodInvestmentSummarizedFinancialInformationNoncurrentLiabilities' xlink:type='locator' />
<link:loc xlink:href='../elts/us-gaap-2017-01-31.xsd#us-gaap_EquityMethodInvestmentSummarizedFinancialInformationRedeemablePreferredStock' xlink:label='loc_EquityMethodInvestmentSummarizedFinancialInformationRedeemablePreferredStock' xlink:type='locator' />
<link:loc xlink:href='../elts/us-gaap-2017-01-31.xsd#us-gaap_EquityMethodInvestmentSummarizedFinancialInformationLiabilities' xlink:label='loc_EquityMethodInvestmentSummarizedFinancialInformationLiabilities' xlink:type='locator' />
<link:loc xlink:href='../elts/us-gaap-2017-01-31.xsd#us-gaap_EquityMethodInvestmentSummarizedFinancialInformationLiabilitiesAndEquity' xlink:label='loc_EquityMethodInvestmentSummarizedFinancialInformationLiabilitiesAndEquity' xlink:type='locator' />
<link:loc xlink:href='../elts/us-gaap-2017-01-31.xsd#us-gaap_EquityMethodInvestmentUnrealizedIntercompanyProfitLossNotEliminatedAbstract' xlink:label='loc_EquityMethodInvestmentUnrealizedIntercompanyProfitLossNotEliminatedAbstract' xlink:type='locator' />
<link:loc xlink:href='../elts/us-gaap-2017-01-31.xsd#us-gaap_EquityMethodInvestmentUnrealizedIntercompanyProfitLossNotEliminatedAmount' xlink:label='loc_EquityMethodInvestmentUnrealizedIntercompanyProfitLossNotEliminatedAmount' xlink:type='locator' />
<link:loc xlink:href='../elts/us-gaap-2017-01-31.xsd#us-gaap_EquityMethodInvestmentUnrealizedIntercompanyProfitLossNotEliminatedDescription' xlink:label='loc_EquityMethodInvestmentUnrealizedIntercompanyProfitLossNotEliminatedDescription' xlink:type='locator' />
<link:loc xlink:href='../elts/us-gaap-2017-01-31.xsd#us-gaap_EquityMethodInvestmentsAndJointVenturesAbstract' xlink:label='loc_EquityMethodInvestmentsAndJointVenturesAbstract' xlink:type='locator' />
<link:loc xlink:href='../elts/us-gaap-2017-01-31.xsd#us-gaap_EquityMethodInvestmentsDisclosureTextBlock' xlink:label='loc_EquityMethodInvestmentsDisclosureTextBlock' xlink:type='locator' />
<link:loc xlink:href='../elts/us-gaap-2017-01-31.xsd#us-gaap_EquityMethodInvestmentsTextBlock' xlink:label='loc_EquityMethodInvestmentsTextBlock' xlink:type='locator' />
<link:loc xlink:href='../elts/us-gaap-2017-01-31.xsd#us-gaap_ScheduleOfEquityMethodInvestmentsTable' xlink:label='loc_ScheduleOfEquityMethodInvestmentsTable' xlink:type='locator' />
<link:loc xlink:href='../elts/us-gaap-2017-01-31.xsd#us-gaap_InvestmentsInAffordableHousingProjectsAbstract' xlink:label='loc_InvestmentsInAffordableHousingProjectsAbstract' xlink:type='locator' />
<link:loc xlink:href='../elts/us-gaap-2017-01-31.xsd#us-gaap_AffordableHousingTaxCreditsAndOtherTaxBenefitsAmount' xlink:label='loc_AffordableHousingTaxCreditsAndOtherTaxBenefitsAmount' xlink:type='locator' />
<link:loc xlink:href='../elts/us-gaap-2017-01-31.xsd#us-gaap_AmortizationMethodQualifiedAffordableHousingProjectInvestments' xlink:label='loc_AmortizationMethodQualifiedAffordableHousingProjectInvestments' xlink:type='locator' />
<link:loc xlink:href='../elts/us-gaap-2017-01-31.xsd#us-gaap_AmortizationMethodQualifiedAffordableHousingProjectInvestmentsAmortization' xlink:label='loc_AmortizationMethodQualifiedAffordableHousingProjectInvestmentsAmortization' xlink:type='locator' />
<link:loc xlink:href='../elts/us-gaap-2017-01-31.xsd#us-gaap_IncomeLossFromAffordableHousingProjectsEquityMethodInvestments' xlink:label='loc_IncomeLossFromAffordableHousingProjectsEquityMethodInvestments' xlink:type='locator' />
<link:loc xlink:href='../elts/us-gaap-2017-01-31.xsd#us-gaap_QualifiedAffordableHousingProjectInvestmentsCommitment' xlink:label='loc_QualifiedAffordableHousingProjectInvestmentsCommitment' xlink:type='locator' />
<link:loc xlink:href='../elts/us-gaap-2017-01-31.xsd#us-gaap_AffordableHousingTaxCreditsCommitmentYearToBePaid' xlink:label='loc_AffordableHousingTaxCreditsCommitmentYearToBePaid' xlink:type='locator' />
<link:loc xlink:href='../elts/us-gaap-2017-01-31.xsd#us-gaap_AffordableHousingProjectInvestmentWriteDownAmount' xlink:label='loc_AffordableHousingProjectInvestmentWriteDownAmount' xlink:type='locator' />
<link:loc xlink:href='../elts/us-gaap-2017-01-31.xsd#us-gaap_AffordableHousingProjectInvestmentNatureOfWriteDown' xlink:label='loc_AffordableHousingProjectInvestmentNatureOfWriteDown' xlink:type='locator' />
<link:loc xlink:href='../elts/us-gaap-2017-01-31.xsd#us-gaap_ScheduleOfEquityMethodInvestmentsLineItems' xlink:label='loc_ScheduleOfEquityMethodInvestmentsLineItems' xlink:type='locator' />
<link:loc xlink:href='../elts/us-gaap-2017-01-31.xsd#us-gaap_EquityMethodInvestmentDescriptionOfPrincipalActivities' xlink:label='loc_EquityMethodInvestmentDescriptionOfPrincipalActivities' xlink:type='locator' />
<link:loc xlink:href='../elts/us-gaap-2017-01-31.xsd#us-gaap_EquityMethodInvestmentOwnershipPercentage' xlink:label='loc_EquityMethodInvestmentOwnershipPercentage' xlink:type='locator' />
<link:loc xlink:href='../elts/us-gaap-2017-01-31.xsd#us-gaap_EquityMethodInvestmentOtherThanTemporaryImpairment' xlink:label='loc_EquityMethodInvestmentOtherThanTemporaryImpairment' xlink:type='locator' />
<link:loc xlink:href='../elts/us-gaap-2017-01-31.xsd#us-gaap_EquityMethodInvestmentQuotedMarketValue' xlink:label='loc_EquityMethodInvestmentQuotedMarketValue' xlink:type='locator' />
<link:loc xlink:href='../elts/us-gaap-2017-01-31.xsd#us-gaap_EquityMethodInvestmentAggregateCost' xlink:label='loc_EquityMethodInvestmentAggregateCost' xlink:type='locator' />
<link:loc xlink:href='../elts/us-gaap-2017-01-31.xsd#us-gaap_EquityMethodInvestmentAdditionalInformation' xlink:label='loc_EquityMethodInvestmentAdditionalInformation' xlink:type='locator' />
<link:loc xlink:href='../elts/us-gaap-2017-01-31.xsd#us-gaap_EquityMethodInvestmentMaterialEffectsOfPossibleConversionsExercisesOrContingentIssuances' xlink:label='loc_EquityMethodInvestmentMaterialEffectsOfPossibleConversionsExercisesOrContingentIssuances' xlink:type='locator' />
<link:loc xlink:href='../elts/us-gaap-2017-01-31.xsd#us-gaap_EquityMethodInvestmentDividendsOrDistributions' xlink:label='loc_EquityMethodInvestmentDividendsOrDistributions' xlink:type='locator' />
<link:loc xlink:href='../elts/us-gaap-2017-01-31.xsd#us-gaap_ProceedsFromEquityMethodInvestmentDividendsOrDistributionsReturnOfCapital' xlink:label='loc_ProceedsFromEquityMethodInvestmentDividendsOrDistributionsReturnOfCapital' xlink:type='locator' />
<link:loc xlink:href='../elts/us-gaap-2017-01-31.xsd#us-gaap_EquityMethodInvestmentDistributionReceivedApproachFixedList' xlink:label='loc_EquityMethodInvestmentDistributionReceivedApproachFixedList' xlink:type='locator' />
<link:loc xlink:href='../elts/us-gaap-2017-01-31.xsd#us-gaap_EquityMethodInvestmentDeferredGainOnSale' xlink:label='loc_EquityMethodInvestmentDeferredGainOnSale' xlink:type='locator' />
<link:presentationArc order='10' xlink:arcrole='http://www.xbrl.org/2003/arcrole/parent-child' xlink:from='loc_SegmentDiscontinuedOperationsMember' xlink:to='loc_DiscontinuedOperationsHeldForSaleOrDisposedOfBySaleMember' xlink:type='arc' />
<link:presentationArc order='20' xlink:arcrole='http://www.xbrl.org/2003/arcrole/parent-child' xlink:from='loc_SegmentDiscontinuedOperationsMember' xlink:to='loc_DiscontinuedOperationsDisposedOfByMeansOtherThanSaleMember' xlink:type='arc' />
<link:presentationArc order='10' xlink:arcrole='http://www.xbrl.org/2003/arcrole/parent-child' xlink:from='loc_DiscontinuedOperationsDisposedOfByMeansOtherThanSaleMember' xlink:to='loc_DiscontinuedOperationsDisposedOfByMeansOtherThanSaleSpinoffMember' xlink:type='arc' />
<link:presentationArc order='20' xlink:arcrole='http://www.xbrl.org/2003/arcrole/parent-child' xlink:from='loc_DiscontinuedOperationsDisposedOfByMeansOtherThanSaleMember' xlink:to='loc_DiscontinuedOperationsDisposedOfByMeansOtherThanSaleAbandonmentMember' xlink:type='arc' />
<link:presentationArc order='30' xlink:arcrole='http://www.xbrl.org/2003/arcrole/parent-child' xlink:from='loc_DiscontinuedOperationsDisposedOfByMeansOtherThanSaleMember' xlink:to='loc_DiscontinuedOperationsDisposedOfByMeansOtherThanSaleExchangeMember' xlink:type='arc' />
<link:presentationArc order='10' xlink:arcrole='http://www.xbrl.org/2003/arcrole/parent-child' xlink:from='loc_DiscontinuedOperationsHeldForSaleOrDisposedOfBySaleMember' xlink:to='loc_DiscontinuedOperationsDisposedOfBySaleMember' xlink:type='arc' />
<link:presentationArc order='20' xlink:arcrole='http://www.xbrl.org/2003/arcrole/parent-child' xlink:from='loc_DiscontinuedOperationsHeldForSaleOrDisposedOfBySaleMember' xlink:to='loc_DiscontinuedOperationsHeldforsaleMember' xlink:type='arc' />
<link:presentationArc order='10' xlink:arcrole='http://www.xbrl.org/2003/arcrole/parent-child' xlink:from='loc_DisposalGroupClassificationAxis' xlink:to='loc_DisposalGroupClassificationDomain' xlink:type='arc' />
<link:presentationArc order='10' xlink:arcrole='http://www.xbrl.org/2003/arcrole/parent-child' xlink:from='loc_DisposalGroupClassificationDomain' xlink:to='loc_SegmentDiscontinuedOperationsMember' xlink:type='arc' />
<link:presentationArc order='20' xlink:arcrole='http://www.xbrl.org/2003/arcrole/parent-child' xlink:from='loc_DisposalGroupClassificationDomain' xlink:to='loc_DisposalGroupNotDiscontinuedOperationsMember' xlink:type='arc' />
<link:presentationArc order='10' xlink:arcrole='http://www.xbrl.org/2003/arcrole/parent-child' xlink:from='loc_DisposalGroupDisposedOfByMeansOtherThanSaleNotDiscontinuedOperationsMember' xlink:to='loc_DisposalGroupDisposedOfByMeansOtherThanSaleNotDiscontinuedOperationsSpinoffMember' xlink:type='arc' />
<link:presentationArc order='20' xlink:arcrole='http://www.xbrl.org/2003/arcrole/parent-child' xlink:from='loc_DisposalGroupDisposedOfByMeansOtherThanSaleNotDiscontinuedOperationsMember' xlink:to='loc_DisposalGroupDisposedOfByMeansOtherThanSaleNotDiscontinuedOperationsAbandonmentMember' xlink:type='arc' />
<link:presentationArc order='30' xlink:arcrole='http://www.xbrl.org/2003/arcrole/parent-child' xlink:from='loc_DisposalGroupDisposedOfByMeansOtherThanSaleNotDiscontinuedOperationsMember' xlink:to='loc_DisposalGroupDisposedOfByMeansOtherThanSaleNotDiscontinuedOperationsExchangeMember' xlink:type='arc' />
<link:presentationArc order='10' xlink:arcrole='http://www.xbrl.org/2003/arcrole/parent-child' xlink:from='loc_DisposalGroupHeldForSaleOrDisposedOfBySaleNotDiscontinuedOperationsMember' xlink:to='loc_DisposalGroupDisposedOfBySaleNotDiscontinuedOperationsMember' xlink:type='arc' />
<link:presentationArc order='20' xlink:arcrole='http://www.xbrl.org/2003/arcrole/parent-child' xlink:from='loc_DisposalGroupHeldForSaleOrDisposedOfBySaleNotDiscontinuedOperationsMember' xlink:to='loc_DisposalGroupHeldforsaleNotDiscontinuedOperationsMember' xlink:type='arc' />
<link:presentationArc order='10' xlink:arcrole='http://www.xbrl.org/2003/arcrole/parent-child' xlink:from='loc_DisposalGroupNotDiscontinuedOperationsMember' xlink:to='loc_DisposalGroupHeldForSaleOrDisposedOfBySaleNotDiscontinuedOperationsMember' xlink:type='arc' />
<link:presentationArc order='20' xlink:arcrole='http://www.xbrl.org/2003/arcrole/parent-child' xlink:from='loc_DisposalGroupNotDiscontinuedOperationsMember' xlink:to='loc_DisposalGroupDisposedOfByMeansOtherThanSaleNotDiscontinuedOperationsMember' xlink:type='arc' />
<link:presentationArc order='10' xlink:arcrole='http://www.xbrl.org/2003/arcrole/parent-child' xlink:from='loc_ScheduleOfEquityMethodInvestmentEquityMethodInvesteeNameAxis' xlink:to='loc_EquityMethodInvesteeNameDomain' xlink:type='arc' />
<link:presentationArc order='10' xlink:arcrole='http://www.xbrl.org/2003/arcrole/parent-child' xlink:from='loc_EquityMethodInvestmentSummarizedFinancialInformationEquityAbstract' xlink:to='loc_EquityMethodInvestmentSummarizedFinancialInformationMinorityInterest' xlink:type='arc' />
<link:presentationArc order='20' xlink:arcrole='http://www.xbrl.org/2003/arcrole/parent-child' xlink:from='loc_EquityMethodInvestmentSummarizedFinancialInformationEquityAbstract' xlink:to='loc_EquityMethodInvestmentSummarizedFinancialInformationEquityOrCapital' xlink:type='arc' />
<link:presentationArc order='30' preferredLabel='http://www.xbrl.org/2003/role/totalLabel' xlink:arcrole='http://www.xbrl.org/2003/arcrole/parent-child' xlink:from='loc_EquityMethodInvestmentSummarizedFinancialInformationEquityAbstract' xlink:to='loc_EquityMethodInvestmentSummarizedFinancialInformationEquity' xlink:type='arc' />
<link:presentationArc order='10' xlink:arcrole='http://www.xbrl.org/2003/arcrole/parent-child' xlink:from='loc_EquityMethodInvestmentDifferenceBetweenCarryingAmountAndUnderlyingEquityAbstract' xlink:to='loc_EquityMethodInvestmentUnderlyingEquityInNetAssets' xlink:type='arc' />
<link:presentationArc order='20' xlink:arcrole='http://www.xbrl.org/2003/arcrole/parent-child' xlink:from='loc_EquityMethodInvestmentDifferenceBetweenCarryingAmountAndUnderlyingEquityAbstract' xlink:to='loc_EquityMethodInvestmentDifferenceBetweenCarryingAmountAndUnderlyingEquity' xlink:type='arc' />
<link:presentationArc order='30' xlink:arcrole='http://www.xbrl.org/2003/arcrole/parent-child' xlink:from='loc_EquityMethodInvestmentDifferenceBetweenCarryingAmountAndUnderlyingEquityAbstract' xlink:to='loc_EquityMethodInvestmentDifferenceBetweenCarryingAmountAndUnderlyingEquityAccountingTreatment' xlink:type='arc' />
<link:presentationArc order='10' xlink:arcrole='http://www.xbrl.org/2003/arcrole/parent-child' xlink:from='loc_EquityMethodInvestmentFinancialStatementReportedAmountsAbstract' xlink:to='loc_IncomeLossFromEquityMethodInvestments' xlink:type='arc' />
<link:presentationArc order='20' xlink:arcrole='http://www.xbrl.org/2003/arcrole/parent-child' xlink:from='loc_EquityMethodInvestmentFinancialStatementReportedAmountsAbstract' xlink:to='loc_EquityMethodInvestments' xlink:type='arc' />
<link:presentationArc order='10' xlink:arcrole='http://www.xbrl.org/2003/arcrole/parent-child' xlink:from='loc_EquityMethodInvestmentRealizedGainLossOnDisposalAbstract' xlink:to='loc_ProceedsFromSaleOfEquityMethodInvestments' xlink:type='arc' />
<link:presentationArc order='20' xlink:arcrole='http://www.xbrl.org/2003/arcrole/parent-child' xlink:from='loc_EquityMethodInvestmentRealizedGainLossOnDisposalAbstract' xlink:to='loc_EquityMethodInvestmentSoldCarryingAmount' xlink:type='arc' />
<link:presentationArc order='30' preferredLabel='http://www.xbrl.org/2003/role/totalLabel' xlink:arcrole='http://www.xbrl.org/2003/arcrole/parent-child' xlink:from='loc_EquityMethodInvestmentRealizedGainLossOnDisposalAbstract' xlink:to='loc_EquityMethodInvestmentRealizedGainLossOnDisposal' xlink:type='arc' />
<link:presentationArc order='10' xlink:arcrole='http://www.xbrl.org/2003/arcrole/parent-child' xlink:from='loc_EquityMethodInvestmentSummarizedFinancialInformationAbstract' xlink:to='loc_EquityMethodInvestmentSummarizedFinancialInformationAssetsAbstract' xlink:type='arc' />
<link:presentationArc order='20' xlink:arcrole='http://www.xbrl.org/2003/arcrole/parent-child' xlink:from='loc_EquityMethodInvestmentSummarizedFinancialInformationAbstract' xlink:to='loc_EquityMethodInvestmentSummarizedFinancialInformationLiabilitiesAndEquityAbstract' xlink:type='arc' />
<link:presentationArc order='30' xlink:arcrole='http://www.xbrl.org/2003/arcrole/parent-child' xlink:from='loc_EquityMethodInvestmentSummarizedFinancialInformationAbstract' xlink:to='loc_EquityMethodInvestmentSummarizedFinancialInformationIncomeStatementAbstract' xlink:type='arc' />
<link:presentationArc order='10' xlink:arcrole='http://www.xbrl.org/2003/arcrole/parent-child' xlink:from='loc_EquityMethodInvestmentSummarizedFinancialInformationAssetsAbstract' xlink:to='loc_EquityMethodInvestmentSummarizedFinancialInformationCurrentAssets' xlink:type='arc' />
<link:presentationArc order='20' xlink:arcrole='http://www.xbrl.org/2003/arcrole/parent-child' xlink:from='loc_EquityMethodInvestmentSummarizedFinancialInformationAssetsAbstract' xlink:to='loc_EquityMethodInvestmentSummarizedFinancialInformationNoncurrentAssets' xlink:type='arc' />
<link:presentationArc order='30' preferredLabel='http://www.xbrl.org/2003/role/totalLabel' xlink:arcrole='http://www.xbrl.org/2003/arcrole/parent-child' xlink:from='loc_EquityMethodInvestmentSummarizedFinancialInformationAssetsAbstract' xlink:to='loc_EquityMethodInvestmentSummarizedFinancialInformationAssets' xlink:type='arc' />
<link:presentationArc order='10' xlink:arcrole='http://www.xbrl.org/2003/arcrole/parent-child' xlink:from='loc_EquityMethodInvestmentSummarizedFinancialInformationGrossProfitLossAbstract' xlink:to='loc_EquityMethodInvestmentSummarizedFinancialInformationRevenue' xlink:type='arc' />
<link:presentationArc order='20' xlink:arcrole='http://www.xbrl.org/2003/arcrole/parent-child' xlink:from='loc_EquityMethodInvestmentSummarizedFinancialInformationGrossProfitLossAbstract' xlink:to='loc_EquityMethodInvestmentSummarizedFinancialInformationCostOfSales' xlink:type='arc' />
<link:presentationArc order='30' preferredLabel='http://www.xbrl.org/2003/role/totalLabel' xlink:arcrole='http://www.xbrl.org/2003/arcrole/parent-child' xlink:from='loc_EquityMethodInvestmentSummarizedFinancialInformationGrossProfitLossAbstract' xlink:to='loc_EquityMethodInvestmentSummarizedFinancialInformationGrossProfitLoss' xlink:type='arc' />
<link:presentationArc order='10' xlink:arcrole='http://www.xbrl.org/2003/arcrole/parent-child' xlink:from='loc_EquityMethodInvestmentSummarizedFinancialInformationIncomeStatementAbstract' xlink:to='loc_EquityMethodInvestmentSummarizedFinancialInformationGrossProfitLossAbstract' xlink:type='arc' />
<link:presentationArc order='20' xlink:arcrole='http://www.xbrl.org/2003/arcrole/parent-child' xlink:from='loc_EquityMethodInvestmentSummarizedFinancialInformationIncomeStatementAbstract' xlink:to='loc_EquityMethodInvestmentSummarizedFinancialInformationIncomeLossFromContinuingOperationsBeforeExtraordinaryItems' xlink:type='arc' />
<link:presentationArc order='30' xlink:arcrole='http://www.xbrl.org/2003/arcrole/parent-child' xlink:from='loc_EquityMethodInvestmentSummarizedFinancialInformationIncomeStatementAbstract' xlink:to='loc_EquityMethodInvestmentSummarizedFinancialInformationNetIncomeLoss' xlink:type='arc' />
<link:presentationArc order='10' xlink:arcrole='http://www.xbrl.org/2003/arcrole/parent-child' xlink:from='loc_EquityMethodInvestmentSummarizedFinancialInformationLiabilitiesAbstract' xlink:to='loc_EquityMethodInvestmentSummarizedFinancialInformationCurrentLiabilities' xlink:type='arc' />
<link:presentationArc order='20' xlink:arcrole='http://www.xbrl.org/2003/arcrole/parent-child' xlink:from='loc_EquityMethodInvestmentSummarizedFinancialInformationLiabilitiesAbstract' xlink:to='loc_EquityMethodInvestmentSummarizedFinancialInformationNoncurrentLiabilities' xlink:type='arc' />
<link:presentationArc order='30' xlink:arcrole='http://www.xbrl.org/2003/arcrole/parent-child' xlink:from='loc_EquityMethodInvestmentSummarizedFinancialInformationLiabilitiesAbstract' xlink:to='loc_EquityMethodInvestmentSummarizedFinancialInformationRedeemablePreferredStock' xlink:type='arc' />
<link:presentationArc order='40' preferredLabel='http://www.xbrl.org/2003/role/totalLabel' xlink:arcrole='http://www.xbrl.org/2003/arcrole/parent-child' xlink:from='loc_EquityMethodInvestmentSummarizedFinancialInformationLiabilitiesAbstract' xlink:to='loc_EquityMethodInvestmentSummarizedFinancialInformationLiabilities' xlink:type='arc' />
<link:presentationArc order='10' xlink:arcrole='http://www.xbrl.org/2003/arcrole/parent-child' xlink:from='loc_EquityMethodInvestmentSummarizedFinancialInformationLiabilitiesAndEquityAbstract' xlink:to='loc_EquityMethodInvestmentSummarizedFinancialInformationLiabilitiesAbstract' xlink:type='arc' />
<link:presentationArc order='20' xlink:arcrole='http://www.xbrl.org/2003/arcrole/parent-child' xlink:from='loc_EquityMethodInvestmentSummarizedFinancialInformationLiabilitiesAndEquityAbstract' xlink:to='loc_EquityMethodInvestmentSummarizedFinancialInformationEquityAbstract' xlink:type='arc' />
<link:presentationArc order='30' preferredLabel='http://www.xbrl.org/2003/role/totalLabel' xlink:arcrole='http://www.xbrl.org/2003/arcrole/parent-child' xlink:from='loc_EquityMethodInvestmentSummarizedFinancialInformationLiabilitiesAndEquityAbstract' xlink:to='loc_EquityMethodInvestmentSummarizedFinancialInformationLiabilitiesAndEquity' xlink:type='arc' />
<link:presentationArc order='10' use='optional' xlink:arcrole='http://www.xbrl.org/2003/arcrole/parent-child' xlink:from='loc_EquityMethodInvestmentUnrealizedIntercompanyProfitLossNotEliminatedAbstract' xlink:to='loc_EquityMethodInvestmentUnrealizedIntercompanyProfitLossNotEliminatedAmount' xlink:type='arc' />
<link:presentationArc order='20' use='optional' xlink:arcrole='http://www.xbrl.org/2003/arcrole/parent-child' xlink:from='loc_EquityMethodInvestmentUnrealizedIntercompanyProfitLossNotEliminatedAbstract' xlink:to='loc_EquityMethodInvestmentUnrealizedIntercompanyProfitLossNotEliminatedDescription' xlink:type='arc' />
<link:presentationArc order='10' xlink:arcrole='http://www.xbrl.org/2003/arcrole/parent-child' xlink:from='loc_EquityMethodInvestmentsAndJointVenturesAbstract' xlink:to='loc_EquityMethodInvestmentsDisclosureTextBlock' xlink:type='arc' />
<link:presentationArc order='10' xlink:arcrole='http://www.xbrl.org/2003/arcrole/parent-child' xlink:from='loc_EquityMethodInvestmentsDisclosureTextBlock' xlink:to='loc_EquityMethodInvestmentsTextBlock' xlink:type='arc' />
<link:presentationArc order='10' xlink:arcrole='http://www.xbrl.org/2003/arcrole/parent-child' xlink:from='loc_EquityMethodInvestmentsTextBlock' xlink:to='loc_ScheduleOfEquityMethodInvestmentsTable' xlink:type='arc' />
<link:presentationArc order='10' xlink:arcrole='http://www.xbrl.org/2003/arcrole/parent-child' xlink:from='loc_InvestmentsInAffordableHousingProjectsAbstract' xlink:to='loc_AffordableHousingTaxCreditsAndOtherTaxBenefitsAmount' xlink:type='arc' />
<link:presentationArc order='20' xlink:arcrole='http://www.xbrl.org/2003/arcrole/parent-child' xlink:from='loc_InvestmentsInAffordableHousingProjectsAbstract' xlink:to='loc_AmortizationMethodQualifiedAffordableHousingProjectInvestments' xlink:type='arc' />
<link:presentationArc order='30' xlink:arcrole='http://www.xbrl.org/2003/arcrole/parent-child' xlink:from='loc_InvestmentsInAffordableHousingProjectsAbstract' xlink:to='loc_AmortizationMethodQualifiedAffordableHousingProjectInvestmentsAmortization' xlink:type='arc' />
<link:presentationArc order='40' xlink:arcrole='http://www.xbrl.org/2003/arcrole/parent-child' xlink:from='loc_InvestmentsInAffordableHousingProjectsAbstract' xlink:to='loc_IncomeLossFromAffordableHousingProjectsEquityMethodInvestments' xlink:type='arc' />
<link:presentationArc order='50' xlink:arcrole='http://www.xbrl.org/2003/arcrole/parent-child' xlink:from='loc_InvestmentsInAffordableHousingProjectsAbstract' xlink:to='loc_QualifiedAffordableHousingProjectInvestmentsCommitment' xlink:type='arc' />
<link:presentationArc order='60' xlink:arcrole='http://www.xbrl.org/2003/arcrole/parent-child' xlink:from='loc_InvestmentsInAffordableHousingProjectsAbstract' xlink:to='loc_AffordableHousingTaxCreditsCommitmentYearToBePaid' xlink:type='arc' />
<link:presentationArc order='70' xlink:arcrole='http://www.xbrl.org/2003/arcrole/parent-child' xlink:from='loc_InvestmentsInAffordableHousingProjectsAbstract' xlink:to='loc_AffordableHousingProjectInvestmentWriteDownAmount' xlink:type='arc' />
<link:presentationArc order='80' xlink:arcrole='http://www.xbrl.org/2003/arcrole/parent-child' xlink:from='loc_InvestmentsInAffordableHousingProjectsAbstract' xlink:to='loc_AffordableHousingProjectInvestmentNatureOfWriteDown' xlink:type='arc' />
<link:presentationArc order='10' xlink:arcrole='http://www.xbrl.org/2003/arcrole/parent-child' xlink:from='loc_ScheduleOfEquityMethodInvestmentsLineItems' xlink:to='loc_EquityMethodInvestmentFinancialStatementReportedAmountsAbstract' xlink:type='arc' />
<link:presentationArc order='20' xlink:arcrole='http://www.xbrl.org/2003/arcrole/parent-child' xlink:from='loc_ScheduleOfEquityMethodInvestmentsLineItems' xlink:to='loc_EquityMethodInvestmentDescriptionOfPrincipalActivities' xlink:type='arc' />
<link:presentationArc order='30' xlink:arcrole='http://www.xbrl.org/2003/arcrole/parent-child' xlink:from='loc_ScheduleOfEquityMethodInvestmentsLineItems' xlink:to='loc_EquityMethodInvestmentOwnershipPercentage' xlink:type='arc' />
<link:presentationArc order='40' xlink:arcrole='http://www.xbrl.org/2003/arcrole/parent-child' xlink:from='loc_ScheduleOfEquityMethodInvestmentsLineItems' xlink:to='loc_EquityMethodInvestmentOtherThanTemporaryImpairment' xlink:type='arc' />
<link:presentationArc order='50' xlink:arcrole='http://www.xbrl.org/2003/arcrole/parent-child' xlink:from='loc_ScheduleOfEquityMethodInvestmentsLineItems' xlink:to='loc_EquityMethodInvestmentDifferenceBetweenCarryingAmountAndUnderlyingEquityAbstract' xlink:type='arc' />
<link:presentationArc order='60' xlink:arcrole='http://www.xbrl.org/2003/arcrole/parent-child' xlink:from='loc_ScheduleOfEquityMethodInvestmentsLineItems' xlink:to='loc_EquityMethodInvestmentQuotedMarketValue' xlink:type='arc' />
<link:presentationArc order='70' xlink:arcrole='http://www.xbrl.org/2003/arcrole/parent-child' xlink:from='loc_ScheduleOfEquityMethodInvestmentsLineItems' xlink:to='loc_EquityMethodInvestmentAggregateCost' xlink:type='arc' />
<link:presentationArc order='80' xlink:arcrole='http://www.xbrl.org/2003/arcrole/parent-child' xlink:from='loc_ScheduleOfEquityMethodInvestmentsLineItems' xlink:to='loc_EquityMethodInvestmentAdditionalInformation' xlink:type='arc' />
<link:presentationArc order='90' xlink:arcrole='http://www.xbrl.org/2003/arcrole/parent-child' xlink:from='loc_ScheduleOfEquityMethodInvestmentsLineItems' xlink:to='loc_EquityMethodInvestmentSummarizedFinancialInformationAbstract' xlink:type='arc' />
<link:presentationArc order='100' xlink:arcrole='http://www.xbrl.org/2003/arcrole/parent-child' xlink:from='loc_ScheduleOfEquityMethodInvestmentsLineItems' xlink:to='loc_EquityMethodInvestmentMaterialEffectsOfPossibleConversionsExercisesOrContingentIssuances' xlink:type='arc' />
<link:presentationArc order='110' xlink:arcrole='http://www.xbrl.org/2003/arcrole/parent-child' xlink:from='loc_ScheduleOfEquityMethodInvestmentsLineItems' xlink:to='loc_EquityMethodInvestmentDividendsOrDistributions' xlink:type='arc' />
<link:presentationArc order='120' xlink:arcrole='http://www.xbrl.org/2003/arcrole/parent-child' xlink:from='loc_ScheduleOfEquityMethodInvestmentsLineItems' xlink:to='loc_ProceedsFromEquityMethodInvestmentDividendsOrDistributionsReturnOfCapital' xlink:type='arc' />
<link:presentationArc order='130' xlink:arcrole='http://www.xbrl.org/2003/arcrole/parent-child' xlink:from='loc_ScheduleOfEquityMethodInvestmentsLineItems' xlink:to='loc_EquityMethodInvestmentDistributionReceivedApproachFixedList' xlink:type='arc' />
<link:presentationArc order='140' xlink:arcrole='http://www.xbrl.org/2003/arcrole/parent-child' xlink:from='loc_ScheduleOfEquityMethodInvestmentsLineItems' xlink:to='loc_EquityMethodInvestmentUnrealizedIntercompanyProfitLossNotEliminatedAbstract' xlink:type='arc' />
<link:presentationArc order='150' xlink:arcrole='http://www.xbrl.org/2003/arcrole/parent-child' xlink:from='loc_ScheduleOfEquityMethodInvestmentsLineItems' xlink:to='loc_EquityMethodInvestmentRealizedGainLossOnDisposalAbstract' xlink:type='arc' />
<link:presentationArc order='160' xlink:arcrole='http://www.xbrl.org/2003/arcrole/parent-child' xlink:from='loc_ScheduleOfEquityMethodInvestmentsLineItems' xlink:to='loc_EquityMethodInvestmentDeferredGainOnSale' xlink:type='arc' />
<link:presentationArc order='170' xlink:arcrole='http://www.xbrl.org/2003/arcrole/parent-child' xlink:from='loc_ScheduleOfEquityMethodInvestmentsLineItems' xlink:to='loc_InvestmentsInAffordableHousingProjectsAbstract' xlink:type='arc' />
<link:presentationArc order='10' xlink:arcrole='http://www.xbrl.org/2003/arcrole/parent-child' xlink:from='loc_ScheduleOfEquityMethodInvestmentsTable' xlink:to='loc_ScheduleOfEquityMethodInvestmentEquityMethodInvesteeNameAxis' xlink:type='arc' />
<link:presentationArc order='20' xlink:arcrole='http://www.xbrl.org/2003/arcrole/parent-child' xlink:from='loc_ScheduleOfEquityMethodInvestmentsTable' xlink:to='loc_DisposalGroupClassificationAxis' xlink:type='arc' />
<link:presentationArc order='30' xlink:arcrole='http://www.xbrl.org/2003/arcrole/parent-child' xlink:from='loc_ScheduleOfEquityMethodInvestmentsTable' xlink:to='loc_ScheduleOfEquityMethodInvestmentsLineItems' xlink:type='arc' />
</link:presentationLink>
</link:linkbase>
