<?xml version='1.0' encoding='UTF-8'?>

<!--
(c) XBRL US, Inc. 2007-2010; Financial Accounting Foundation, Inc. 2010-2017.  All Rights Reserved.
Notice: Authorized Uses are Set Forth at http://xbrl.fasb.org/terms/TaxonomiesTermsConditions.html
  -->
<link:linkbase xmlns:link='http://www.xbrl.org/2003/linkbase' xmlns:xbrldt='http://xbrl.org/2005/xbrldt' xmlns:xlink='http://www.w3.org/1999/xlink' xmlns:xsi='http://www.w3.org/2001/XMLSchema-instance' xsi:schemaLocation='http://www.xbrl.org/2003/linkbase http://www.xbrl.org/2003/xbrl-linkbase-2003-12-31.xsd'>
<link:roleRef roleURI='http://fasb.org/us-gaap/role/disclosure/InvestmentsAllOtherInvestments' xlink:href='../elts/us-roles-2017-01-31.xsd#iaoi' xlink:type='simple' />
<link:presentationLink xlink:role='http://fasb.org/us-gaap/role/disclosure/InvestmentsAllOtherInvestments' xlink:type='extended'>
<link:loc xlink:href='../elts/us-gaap-2017-01-31.xsd#us-gaap_AssetBackedSecuritiesMember' xlink:label='loc_AssetBackedSecuritiesMember' xlink:type='locator' />
<link:loc xlink:href='../elts/us-gaap-2017-01-31.xsd#us-gaap_MortgageBackedSecuritiesMember' xlink:label='loc_MortgageBackedSecuritiesMember' xlink:type='locator' />
<link:loc xlink:href='../elts/us-gaap-2017-01-31.xsd#us-gaap_CollateralizedDebtObligationsMember' xlink:label='loc_CollateralizedDebtObligationsMember' xlink:type='locator' />
<link:loc xlink:href='../elts/us-gaap-2017-01-31.xsd#us-gaap_AssetBackedSecuritiesSecuritizedLoansAndReceivablesMember' xlink:label='loc_AssetBackedSecuritiesSecuritizedLoansAndReceivablesMember' xlink:type='locator' />
<link:loc xlink:href='../elts/us-gaap-2017-01-31.xsd#us-gaap_InterestOnlyStripMember' xlink:label='loc_InterestOnlyStripMember' xlink:type='locator' />
<link:loc xlink:href='../elts/us-gaap-2017-01-31.xsd#us-gaap_PrincipalOnlyStripMember' xlink:label='loc_PrincipalOnlyStripMember' xlink:type='locator' />
<link:loc xlink:href='../elts/us-gaap-2017-01-31.xsd#us-gaap_MortgageBackedSecuritiesIssuedByUSGovernmentSponsoredEnterprisesMember' xlink:label='loc_MortgageBackedSecuritiesIssuedByUSGovernmentSponsoredEnterprisesMember' xlink:type='locator' />
<link:loc xlink:href='../elts/us-gaap-2017-01-31.xsd#us-gaap_MortgageBackedSecuritiesIssuedByPrivateEnterprisesMember' xlink:label='loc_MortgageBackedSecuritiesIssuedByPrivateEnterprisesMember' xlink:type='locator' />
<link:loc xlink:href='../elts/us-gaap-2017-01-31.xsd#us-gaap_ResidentialMortgageBackedSecuritiesMember' xlink:label='loc_ResidentialMortgageBackedSecuritiesMember' xlink:type='locator' />
<link:loc xlink:href='../elts/us-gaap-2017-01-31.xsd#us-gaap_CommercialMortgageBackedSecuritiesMember' xlink:label='loc_CommercialMortgageBackedSecuritiesMember' xlink:type='locator' />
<link:loc xlink:href='../elts/us-gaap-2017-01-31.xsd#us-gaap_CorporateDebtSecuritiesMember' xlink:label='loc_CorporateDebtSecuritiesMember' xlink:type='locator' />
<link:loc xlink:href='../elts/us-gaap-2017-01-31.xsd#us-gaap_DomesticCorporateDebtSecuritiesMember' xlink:label='loc_DomesticCorporateDebtSecuritiesMember' xlink:type='locator' />
<link:loc xlink:href='../elts/us-gaap-2017-01-31.xsd#us-gaap_ForeignCorporateDebtSecuritiesMember' xlink:label='loc_ForeignCorporateDebtSecuritiesMember' xlink:type='locator' />
<link:loc xlink:href='../elts/us-gaap-2017-01-31.xsd#us-gaap_CommercialPaperNotIncludedWithCashAndCashEquivalentsMember' xlink:label='loc_CommercialPaperNotIncludedWithCashAndCashEquivalentsMember' xlink:type='locator' />
<link:loc xlink:href='../elts/us-gaap-2017-01-31.xsd#us-gaap_ConvertibleDebtSecuritiesMember' xlink:label='loc_ConvertibleDebtSecuritiesMember' xlink:type='locator' />
<link:loc xlink:href='../elts/us-gaap-2017-01-31.xsd#us-gaap_CostmethodInvestmentsRealizedGainLossAlternativeAbstract' xlink:label='loc_CostmethodInvestmentsRealizedGainLossAlternativeAbstract' xlink:type='locator' />
<link:loc xlink:href='../elts/us-gaap-2017-01-31.xsd#us-gaap_CostMethodInvestmentsRealizedGains' xlink:label='loc_CostMethodInvestmentsRealizedGains' xlink:type='locator' />
<link:loc xlink:href='../elts/us-gaap-2017-01-31.xsd#us-gaap_CostMethodInvestmentsRealizedLosses' xlink:label='loc_CostMethodInvestmentsRealizedLosses' xlink:type='locator' />
<link:loc xlink:href='../elts/us-gaap-2017-01-31.xsd#us-gaap_CostMethodInvestmentsRealizedGainLoss' xlink:label='loc_CostMethodInvestmentsRealizedGainLoss' xlink:type='locator' />
<link:loc xlink:href='../elts/us-gaap-2017-01-31.xsd#us-gaap_CostMethodInvestmentsRealizedGainLossAbstract' xlink:label='loc_CostMethodInvestmentsRealizedGainLossAbstract' xlink:type='locator' />
<link:loc xlink:href='../elts/us-gaap-2017-01-31.xsd#us-gaap_CostmethodInvestmentsRealizedLossesExcludingOtherThanTemporaryImpairments' xlink:label='loc_CostmethodInvestmentsRealizedLossesExcludingOtherThanTemporaryImpairments' xlink:type='locator' />
<link:loc xlink:href='../elts/us-gaap-2017-01-31.xsd#us-gaap_CostmethodInvestmentsRealizedGainLossExcludingOtherThanTemporaryImpairments' xlink:label='loc_CostmethodInvestmentsRealizedGainLossExcludingOtherThanTemporaryImpairments' xlink:type='locator' />
<link:loc xlink:href='../elts/us-gaap-2017-01-31.xsd#us-gaap_DebtSecuritiesMember' xlink:label='loc_DebtSecuritiesMember' xlink:type='locator' />
<link:loc xlink:href='../elts/us-gaap-2017-01-31.xsd#us-gaap_USTreasuryAndGovernmentMember' xlink:label='loc_USTreasuryAndGovernmentMember' xlink:type='locator' />
<link:loc xlink:href='../elts/us-gaap-2017-01-31.xsd#us-gaap_USStatesAndPoliticalSubdivisionsMember' xlink:label='loc_USStatesAndPoliticalSubdivisionsMember' xlink:type='locator' />
<link:loc xlink:href='../elts/us-gaap-2017-01-31.xsd#us-gaap_ForeignGovernmentDebtSecuritiesMember' xlink:label='loc_ForeignGovernmentDebtSecuritiesMember' xlink:type='locator' />
<link:loc xlink:href='../elts/us-gaap-2017-01-31.xsd#us-gaap_FixedIncomeSecuritiesMember' xlink:label='loc_FixedIncomeSecuritiesMember' xlink:type='locator' />
<link:loc xlink:href='../elts/us-gaap-2017-01-31.xsd#us-gaap_AuctionRateSecuritiesMember' xlink:label='loc_AuctionRateSecuritiesMember' xlink:type='locator' />
<link:loc xlink:href='../elts/us-gaap-2017-01-31.xsd#us-gaap_VariableRateDemandObligationMember' xlink:label='loc_VariableRateDemandObligationMember' xlink:type='locator' />
<link:loc xlink:href='../elts/us-gaap-2017-01-31.xsd#us-gaap_OtherDebtSecuritiesMember' xlink:label='loc_OtherDebtSecuritiesMember' xlink:type='locator' />
<link:loc xlink:href='../elts/us-gaap-2017-01-31.xsd#us-gaap_DisclosureTextBlockSupplementAbstract' xlink:label='loc_DisclosureTextBlockSupplementAbstract' xlink:type='locator' />
<link:loc xlink:href='../elts/us-gaap-2017-01-31.xsd#us-gaap_InvestmentsAndOtherNoncurrentAssetsTextBlock' xlink:label='loc_InvestmentsAndOtherNoncurrentAssetsTextBlock' xlink:type='locator' />
<link:loc xlink:href='../elts/us-gaap-2017-01-31.xsd#us-gaap_FinancialInstrumentsDisclosureTextBlock' xlink:label='loc_FinancialInstrumentsDisclosureTextBlock' xlink:type='locator' />
<link:loc xlink:href='../elts/us-gaap-2017-01-31.xsd#us-gaap_ScheduleOfEquityMethodInvestmentEquityMethodInvesteeNameAxis' xlink:label='loc_ScheduleOfEquityMethodInvestmentEquityMethodInvesteeNameAxis' xlink:type='locator' />
<link:loc xlink:href='../elts/us-gaap-2017-01-31.xsd#us-gaap_EquityMethodInvesteeNameDomain' xlink:label='loc_EquityMethodInvesteeNameDomain' xlink:type='locator' />
<link:loc xlink:href='../elts/us-gaap-2017-01-31.xsd#us-gaap_EquitySecuritiesMember' xlink:label='loc_EquitySecuritiesMember' xlink:type='locator' />
<link:loc xlink:href='../elts/us-gaap-2017-01-31.xsd#us-gaap_CommonStockMember' xlink:label='loc_CommonStockMember' xlink:type='locator' />
<link:loc xlink:href='../elts/us-gaap-2017-01-31.xsd#us-gaap_PreferredStockMember' xlink:label='loc_PreferredStockMember' xlink:type='locator' />
<link:loc xlink:href='../elts/us-gaap-2017-01-31.xsd#us-gaap_InvestmentsAllOtherInvestmentsAbstract' xlink:label='loc_InvestmentsAllOtherInvestmentsAbstract' xlink:type='locator' />
<link:loc xlink:href='../elts/us-gaap-2017-01-31.xsd#us-gaap_CostMethodInvestmentsDescriptionTextBlock' xlink:label='loc_CostMethodInvestmentsDescriptionTextBlock' xlink:type='locator' />
<link:loc xlink:href='../elts/us-gaap-2017-01-31.xsd#us-gaap_ScheduleOfCostMethodInvestmentsTableTextBlock' xlink:label='loc_ScheduleOfCostMethodInvestmentsTableTextBlock' xlink:type='locator' />
<link:loc xlink:href='../elts/us-gaap-2017-01-31.xsd#us-gaap_ScheduleOfCostMethodInvestmentsTable' xlink:label='loc_ScheduleOfCostMethodInvestmentsTable' xlink:type='locator' />
<link:loc xlink:href='../elts/us-gaap-2017-01-31.xsd#us-gaap_LifeInsuranceCorporateOrBankOwnedTextBlock' xlink:label='loc_LifeInsuranceCorporateOrBankOwnedTextBlock' xlink:type='locator' />
<link:loc xlink:href='../elts/us-gaap-2017-01-31.xsd#us-gaap_LifeInsuranceCorporateOrBankOwnedAmount' xlink:label='loc_LifeInsuranceCorporateOrBankOwnedAmount' xlink:type='locator' />
<link:loc xlink:href='../elts/us-gaap-2017-01-31.xsd#us-gaap_LifeInsuranceCorporateOrBankOwnedRestrictions' xlink:label='loc_LifeInsuranceCorporateOrBankOwnedRestrictions' xlink:type='locator' />
<link:loc xlink:href='../elts/us-gaap-2017-01-31.xsd#us-gaap_LifeInsuranceCorporateOrBankOwnedAdditionalInformation' xlink:label='loc_LifeInsuranceCorporateOrBankOwnedAdditionalInformation' xlink:type='locator' />
<link:loc xlink:href='../elts/us-gaap-2017-01-31.xsd#us-gaap_LifeInsuranceCorporateOrBankOwnedChangeInValue' xlink:label='loc_LifeInsuranceCorporateOrBankOwnedChangeInValue' xlink:type='locator' />
<link:loc xlink:href='../elts/us-gaap-2017-01-31.xsd#us-gaap_LifeSettlementContractsDisclosureTextBlock' xlink:label='loc_LifeSettlementContractsDisclosureTextBlock' xlink:type='locator' />
<link:loc xlink:href='../elts/us-gaap-2017-01-31.xsd#us-gaap_LifeSettlementContractsFairValueMethodAbstract' xlink:label='loc_LifeSettlementContractsFairValueMethodAbstract' xlink:type='locator' />
<link:loc xlink:href='../elts/us-gaap-2017-01-31.xsd#us-gaap_LifeSettlementContractsInvestmentMethodAbstract' xlink:label='loc_LifeSettlementContractsInvestmentMethodAbstract' xlink:type='locator' />
<link:loc xlink:href='../elts/us-gaap-2017-01-31.xsd#us-gaap_TableTextBlockSupplementAbstract' xlink:label='loc_TableTextBlockSupplementAbstract' xlink:type='locator' />
<link:loc xlink:href='../elts/us-gaap-2017-01-31.xsd#us-gaap_ScheduleOfLifeSettlementContractsFairValueMethodTextBlock' xlink:label='loc_ScheduleOfLifeSettlementContractsFairValueMethodTextBlock' xlink:type='locator' />
<link:loc xlink:href='../elts/us-gaap-2017-01-31.xsd#us-gaap_LifeSettlementContractsFairValueMethodNumberOfContractsFiscalYearMaturityAbstract' xlink:label='loc_LifeSettlementContractsFairValueMethodNumberOfContractsFiscalYearMaturityAbstract' xlink:type='locator' />
<link:loc xlink:href='../elts/us-gaap-2017-01-31.xsd#us-gaap_LifeSettlementContractsFairValueMethodNumberOfContractsMaturingInRemainderOfFiscalYear' xlink:label='loc_LifeSettlementContractsFairValueMethodNumberOfContractsMaturingInRemainderOfFiscalYear' xlink:type='locator' />
<link:loc xlink:href='../elts/us-gaap-2017-01-31.xsd#us-gaap_LifeSettlementContractsFairValueMethodNumberOfContractsRollingMaturityAbstract' xlink:label='loc_LifeSettlementContractsFairValueMethodNumberOfContractsRollingMaturityAbstract' xlink:type='locator' />
<link:loc xlink:href='../elts/us-gaap-2017-01-31.xsd#us-gaap_LifeSettlementContractsFairValueFiscalYearMaturityAbstract' xlink:label='loc_LifeSettlementContractsFairValueFiscalYearMaturityAbstract' xlink:type='locator' />
<link:loc xlink:href='../elts/us-gaap-2017-01-31.xsd#us-gaap_LifeSettlementContractsFairValueMaturingInRemainderOfFiscalYear' xlink:label='loc_LifeSettlementContractsFairValueMaturingInRemainderOfFiscalYear' xlink:type='locator' />
<link:loc xlink:href='../elts/us-gaap-2017-01-31.xsd#us-gaap_LifeSettlementContractsFairValueRollingMaturityAbstract' xlink:label='loc_LifeSettlementContractsFairValueRollingMaturityAbstract' xlink:type='locator' />
<link:loc xlink:href='../elts/us-gaap-2017-01-31.xsd#us-gaap_LifeSettlementContractsFairValueMethodFaceValueFiscalYearMaturityAbstract' xlink:label='loc_LifeSettlementContractsFairValueMethodFaceValueFiscalYearMaturityAbstract' xlink:type='locator' />
<link:loc xlink:href='../elts/us-gaap-2017-01-31.xsd#us-gaap_LifeSettlementContractsFairValueMethodFaceValueMaturingInRemainderOfFiscalYear' xlink:label='loc_LifeSettlementContractsFairValueMethodFaceValueMaturingInRemainderOfFiscalYear' xlink:type='locator' />
<link:loc xlink:href='../elts/us-gaap-2017-01-31.xsd#us-gaap_LifeSettlementContractsFairValueMethodFaceValueRollingMaturityAbstract' xlink:label='loc_LifeSettlementContractsFairValueMethodFaceValueRollingMaturityAbstract' xlink:type='locator' />
<link:loc xlink:href='../elts/us-gaap-2017-01-31.xsd#us-gaap_LifeSettlementContractsFairValueMethodGainLossAbstract' xlink:label='loc_LifeSettlementContractsFairValueMethodGainLossAbstract' xlink:type='locator' />
<link:loc xlink:href='../elts/us-gaap-2017-01-31.xsd#us-gaap_LifeSettlementContractsFairValueMethodValuationMethod' xlink:label='loc_LifeSettlementContractsFairValueMethodValuationMethod' xlink:type='locator' />
<link:loc xlink:href='../elts/us-gaap-2017-01-31.xsd#us-gaap_LifeSettlementContractsFairValueMethodChangeInExpectations' xlink:label='loc_LifeSettlementContractsFairValueMethodChangeInExpectations' xlink:type='locator' />
<link:loc xlink:href='../elts/us-gaap-2017-01-31.xsd#us-gaap_LifeSettlementContractsFairValueMethodFaceValueMaturingInNextTwelveMonths' xlink:label='loc_LifeSettlementContractsFairValueMethodFaceValueMaturingInNextTwelveMonths' xlink:type='locator' />
<link:loc xlink:href='../elts/us-gaap-2017-01-31.xsd#us-gaap_LifeSettlementContractsFairValueMethodFaceValueMaturingInYearTwo' xlink:label='loc_LifeSettlementContractsFairValueMethodFaceValueMaturingInYearTwo' xlink:type='locator' />
<link:loc xlink:href='../elts/us-gaap-2017-01-31.xsd#us-gaap_LifeSettlementContractsFairValueMethodFaceValueMaturingInYearThree' xlink:label='loc_LifeSettlementContractsFairValueMethodFaceValueMaturingInYearThree' xlink:type='locator' />
<link:loc xlink:href='../elts/us-gaap-2017-01-31.xsd#us-gaap_LifeSettlementContractsFairValueMethodFaceValueMaturingInYearFour' xlink:label='loc_LifeSettlementContractsFairValueMethodFaceValueMaturingInYearFour' xlink:type='locator' />
<link:loc xlink:href='../elts/us-gaap-2017-01-31.xsd#us-gaap_LifeSettlementContractsFairValueMethodFaceValueMaturingInYearFive' xlink:label='loc_LifeSettlementContractsFairValueMethodFaceValueMaturingInYearFive' xlink:type='locator' />
<link:loc xlink:href='../elts/us-gaap-2017-01-31.xsd#us-gaap_LifeSettlementContractsFairValueMethodFaceValueMaturingAfterYearFive' xlink:label='loc_LifeSettlementContractsFairValueMethodFaceValueMaturingAfterYearFive' xlink:type='locator' />
<link:loc xlink:href='../elts/us-gaap-2017-01-31.xsd#us-gaap_LifeSettlementContractsFairValueMethodFaceValue' xlink:label='loc_LifeSettlementContractsFairValueMethodFaceValue' xlink:type='locator' />
<link:loc xlink:href='../elts/us-gaap-2017-01-31.xsd#us-gaap_LifeSettlementContractsFairValueMethodFaceValueMaturingInNextRollingTwelveMonths' xlink:label='loc_LifeSettlementContractsFairValueMethodFaceValueMaturingInNextRollingTwelveMonths' xlink:type='locator' />
<link:loc xlink:href='../elts/us-gaap-2017-01-31.xsd#us-gaap_LifeSettlementContractsFairValueMethodFaceValueMaturingInRollingYearTwo' xlink:label='loc_LifeSettlementContractsFairValueMethodFaceValueMaturingInRollingYearTwo' xlink:type='locator' />
<link:loc xlink:href='../elts/us-gaap-2017-01-31.xsd#us-gaap_LifeSettlementContractsFairValueMethodFaceValueMaturingInRollingYearThree' xlink:label='loc_LifeSettlementContractsFairValueMethodFaceValueMaturingInRollingYearThree' xlink:type='locator' />
<link:loc xlink:href='../elts/us-gaap-2017-01-31.xsd#us-gaap_LifeSettlementContractsFairValueMethodFaceValueMaturingInRollingYearFour' xlink:label='loc_LifeSettlementContractsFairValueMethodFaceValueMaturingInRollingYearFour' xlink:type='locator' />
<link:loc xlink:href='../elts/us-gaap-2017-01-31.xsd#us-gaap_LifeSettlementContractsFairValueMethodFaceValueMaturingInRollingYearFive' xlink:label='loc_LifeSettlementContractsFairValueMethodFaceValueMaturingInRollingYearFive' xlink:type='locator' />
<link:loc xlink:href='../elts/us-gaap-2017-01-31.xsd#us-gaap_LifeSettlementContractsFairValueMethodFaceValueMaturingAfterRollingYearFive' xlink:label='loc_LifeSettlementContractsFairValueMethodFaceValueMaturingAfterRollingYearFive' xlink:type='locator' />
<link:loc xlink:href='../elts/us-gaap-2017-01-31.xsd#us-gaap_LifeSettlementContractsFairValueMethodGainLoss' xlink:label='loc_LifeSettlementContractsFairValueMethodGainLoss' xlink:type='locator' />
<link:loc xlink:href='../elts/us-gaap-2017-01-31.xsd#us-gaap_LifeSettlementContractsFairValueMethodUnrealizedGainLoss' xlink:label='loc_LifeSettlementContractsFairValueMethodUnrealizedGainLoss' xlink:type='locator' />
<link:loc xlink:href='../elts/us-gaap-2017-01-31.xsd#us-gaap_LifeSettlementContractsFairValueMethodNumberOfContractsMaturingInNextTwelveMonths' xlink:label='loc_LifeSettlementContractsFairValueMethodNumberOfContractsMaturingInNextTwelveMonths' xlink:type='locator' />
<link:loc xlink:href='../elts/us-gaap-2017-01-31.xsd#us-gaap_LifeSettlementContractsFairValueMethodNumberOfContractsMaturingInYearTwo' xlink:label='loc_LifeSettlementContractsFairValueMethodNumberOfContractsMaturingInYearTwo' xlink:type='locator' />
<link:loc xlink:href='../elts/us-gaap-2017-01-31.xsd#us-gaap_LifeSettlementContractsFairValueMethodNumberOfContractsMaturingInYearThree' xlink:label='loc_LifeSettlementContractsFairValueMethodNumberOfContractsMaturingInYearThree' xlink:type='locator' />
<link:loc xlink:href='../elts/us-gaap-2017-01-31.xsd#us-gaap_LifeSettlementContractsFairValueMethodNumberOfContractsMaturingInYearFour' xlink:label='loc_LifeSettlementContractsFairValueMethodNumberOfContractsMaturingInYearFour' xlink:type='locator' />
<link:loc xlink:href='../elts/us-gaap-2017-01-31.xsd#us-gaap_LifeSettlementContractsFairValueMethodNumberOfContractsMaturingInYearFive' xlink:label='loc_LifeSettlementContractsFairValueMethodNumberOfContractsMaturingInYearFive' xlink:type='locator' />
<link:loc xlink:href='../elts/us-gaap-2017-01-31.xsd#us-gaap_LifeSettlementContractsFairValueMethodNumberOfContractsMaturingAfterYearFive' xlink:label='loc_LifeSettlementContractsFairValueMethodNumberOfContractsMaturingAfterYearFive' xlink:type='locator' />
<link:loc xlink:href='../elts/us-gaap-2017-01-31.xsd#us-gaap_LifeSettlementContractsFairValueMethodNumberOfContracts' xlink:label='loc_LifeSettlementContractsFairValueMethodNumberOfContracts' xlink:type='locator' />
<link:loc xlink:href='../elts/us-gaap-2017-01-31.xsd#us-gaap_LifeSettlementContractsFairValueMethodNumberOfContractsMaturingInNextRollingTwelveMonths' xlink:label='loc_LifeSettlementContractsFairValueMethodNumberOfContractsMaturingInNextRollingTwelveMonths' xlink:type='locator' />
<link:loc xlink:href='../elts/us-gaap-2017-01-31.xsd#us-gaap_LifeSettlementContractsFairValueMethodNumberOfContractsMaturingInRollingYearTwo' xlink:label='loc_LifeSettlementContractsFairValueMethodNumberOfContractsMaturingInRollingYearTwo' xlink:type='locator' />
<link:loc xlink:href='../elts/us-gaap-2017-01-31.xsd#us-gaap_LifeSettlementContractsFairValueMethodNumberOfContractsMaturingInRollingYearThree' xlink:label='loc_LifeSettlementContractsFairValueMethodNumberOfContractsMaturingInRollingYearThree' xlink:type='locator' />
<link:loc xlink:href='../elts/us-gaap-2017-01-31.xsd#us-gaap_LifeSettlementContractsFairValueMethodNumberOfContractsMaturingInRollingYearFour' xlink:label='loc_LifeSettlementContractsFairValueMethodNumberOfContractsMaturingInRollingYearFour' xlink:type='locator' />
<link:loc xlink:href='../elts/us-gaap-2017-01-31.xsd#us-gaap_LifeSettlementContractsFairValueMethodNumberOfContractsMaturingInRollingYearFive' xlink:label='loc_LifeSettlementContractsFairValueMethodNumberOfContractsMaturingInRollingYearFive' xlink:type='locator' />
<link:loc xlink:href='../elts/us-gaap-2017-01-31.xsd#us-gaap_LifeSettlementContractsFairValueMethodNumberOfContractsMaturingAfterRollingYearFive' xlink:label='loc_LifeSettlementContractsFairValueMethodNumberOfContractsMaturingAfterRollingYearFive' xlink:type='locator' />
<link:loc xlink:href='../elts/us-gaap-2017-01-31.xsd#us-gaap_LifeSettlementContractsFairValueMaturingInNextTwelveMonths' xlink:label='loc_LifeSettlementContractsFairValueMaturingInNextTwelveMonths' xlink:type='locator' />
<link:loc xlink:href='../elts/us-gaap-2017-01-31.xsd#us-gaap_LifeSettlementContractsFairValueMaturingInYearTwo' xlink:label='loc_LifeSettlementContractsFairValueMaturingInYearTwo' xlink:type='locator' />
<link:loc xlink:href='../elts/us-gaap-2017-01-31.xsd#us-gaap_LifeSettlementContractsFairValueMaturingInYearThree' xlink:label='loc_LifeSettlementContractsFairValueMaturingInYearThree' xlink:type='locator' />
<link:loc xlink:href='../elts/us-gaap-2017-01-31.xsd#us-gaap_LifeSettlementContractsFairValueMaturingInYearFour' xlink:label='loc_LifeSettlementContractsFairValueMaturingInYearFour' xlink:type='locator' />
<link:loc xlink:href='../elts/us-gaap-2017-01-31.xsd#us-gaap_LifeSettlementContractsFairValueMaturingInYearFive' xlink:label='loc_LifeSettlementContractsFairValueMaturingInYearFive' xlink:type='locator' />
<link:loc xlink:href='../elts/us-gaap-2017-01-31.xsd#us-gaap_LifeSettlementContractsFairValueMaturingAfterYearFive' xlink:label='loc_LifeSettlementContractsFairValueMaturingAfterYearFive' xlink:type='locator' />
<link:loc xlink:href='../elts/us-gaap-2017-01-31.xsd#us-gaap_LifeSettlementContractsFairValueMethodCarryingAmount' xlink:label='loc_LifeSettlementContractsFairValueMethodCarryingAmount' xlink:type='locator' />
<link:loc xlink:href='../elts/us-gaap-2017-01-31.xsd#us-gaap_LifeSettlementContractsFairValueMaturingInNextRollingTwelveMonths' xlink:label='loc_LifeSettlementContractsFairValueMaturingInNextRollingTwelveMonths' xlink:type='locator' />
<link:loc xlink:href='../elts/us-gaap-2017-01-31.xsd#us-gaap_LifeSettlementContractsFairValueMaturingInRollingYearTwo' xlink:label='loc_LifeSettlementContractsFairValueMaturingInRollingYearTwo' xlink:type='locator' />
<link:loc xlink:href='../elts/us-gaap-2017-01-31.xsd#us-gaap_LifeSettlementContractsFairValueMaturingInRollingYearThree' xlink:label='loc_LifeSettlementContractsFairValueMaturingInRollingYearThree' xlink:type='locator' />
<link:loc xlink:href='../elts/us-gaap-2017-01-31.xsd#us-gaap_LifeSettlementContractsFairValueMaturingInRollingYearFour' xlink:label='loc_LifeSettlementContractsFairValueMaturingInRollingYearFour' xlink:type='locator' />
<link:loc xlink:href='../elts/us-gaap-2017-01-31.xsd#us-gaap_LifeSettlementContractsFairValueMaturingInRollingYearFive' xlink:label='loc_LifeSettlementContractsFairValueMaturingInRollingYearFive' xlink:type='locator' />
<link:loc xlink:href='../elts/us-gaap-2017-01-31.xsd#us-gaap_LifeSettlementContractsFairValueMaturingAfterRollingYearFive' xlink:label='loc_LifeSettlementContractsFairValueMaturingAfterRollingYearFive' xlink:type='locator' />
<link:loc xlink:href='../elts/us-gaap-2017-01-31.xsd#us-gaap_ScheduleOfLifeSettlementContractsInvestmentMethodTextBlock' xlink:label='loc_ScheduleOfLifeSettlementContractsInvestmentMethodTextBlock' xlink:type='locator' />
<link:loc xlink:href='../elts/us-gaap-2017-01-31.xsd#us-gaap_LifeSettlementContractsInvestmentMethodNumberOfContractsFiscalYearMaturityAbstract' xlink:label='loc_LifeSettlementContractsInvestmentMethodNumberOfContractsFiscalYearMaturityAbstract' xlink:type='locator' />
<link:loc xlink:href='../elts/us-gaap-2017-01-31.xsd#us-gaap_LifeSettlementContractsInvestmentMethodNumberOfContractsMaturingInRemainderOfFiscalYear' xlink:label='loc_LifeSettlementContractsInvestmentMethodNumberOfContractsMaturingInRemainderOfFiscalYear' xlink:type='locator' />
<link:loc xlink:href='../elts/us-gaap-2017-01-31.xsd#us-gaap_LifeSettlementContractsInvestmentMethodNumberOfContractsRollingMaturityAbstract' xlink:label='loc_LifeSettlementContractsInvestmentMethodNumberOfContractsRollingMaturityAbstract' xlink:type='locator' />
<link:loc xlink:href='../elts/us-gaap-2017-01-31.xsd#us-gaap_LifeSettlementContractsInvestmentMethodCarryingAmountFiscalYearMaturityAbstract' xlink:label='loc_LifeSettlementContractsInvestmentMethodCarryingAmountFiscalYearMaturityAbstract' xlink:type='locator' />
<link:loc xlink:href='../elts/us-gaap-2017-01-31.xsd#us-gaap_LifeSettlementContractsInvestmentMethodCarryingAmountMaturingInRemainderOfFiscalYear' xlink:label='loc_LifeSettlementContractsInvestmentMethodCarryingAmountMaturingInRemainderOfFiscalYear' xlink:type='locator' />
<link:loc xlink:href='../elts/us-gaap-2017-01-31.xsd#us-gaap_LifeSettlementContractsInvestmentMethodCarryingAmountRollingMaturityAbstract' xlink:label='loc_LifeSettlementContractsInvestmentMethodCarryingAmountRollingMaturityAbstract' xlink:type='locator' />
<link:loc xlink:href='../elts/us-gaap-2017-01-31.xsd#us-gaap_LifeSettlementContractsInvestmentMethodFaceValueFiscalYearMaturityAbstract' xlink:label='loc_LifeSettlementContractsInvestmentMethodFaceValueFiscalYearMaturityAbstract' xlink:type='locator' />
<link:loc xlink:href='../elts/us-gaap-2017-01-31.xsd#us-gaap_LifeSettlementContractsInvestmentMethodFaceValueMaturingInRemainderOfFiscalYear' xlink:label='loc_LifeSettlementContractsInvestmentMethodFaceValueMaturingInRemainderOfFiscalYear' xlink:type='locator' />
<link:loc xlink:href='../elts/us-gaap-2017-01-31.xsd#us-gaap_LifeSettlementContractsInvestmentMethodFaceValueRollingMaturityAbstract' xlink:label='loc_LifeSettlementContractsInvestmentMethodFaceValueRollingMaturityAbstract' xlink:type='locator' />
<link:loc xlink:href='../elts/us-gaap-2017-01-31.xsd#us-gaap_LifeSettlementContractsInvestmentMethodPremiumsToBePaidFiscalYearMaturityAbstract' xlink:label='loc_LifeSettlementContractsInvestmentMethodPremiumsToBePaidFiscalYearMaturityAbstract' xlink:type='locator' />
<link:loc xlink:href='../elts/us-gaap-2017-01-31.xsd#us-gaap_LifeSettlementContractsInvestmentMethodPremiumsToBePaidInRemainderOfFiscalYear' xlink:label='loc_LifeSettlementContractsInvestmentMethodPremiumsToBePaidInRemainderOfFiscalYear' xlink:type='locator' />
<link:loc xlink:href='../elts/us-gaap-2017-01-31.xsd#us-gaap_LifeSettlementContractsInvestmentMethodPremiumsToBePaidRollingMaturityAbstract' xlink:label='loc_LifeSettlementContractsInvestmentMethodPremiumsToBePaidRollingMaturityAbstract' xlink:type='locator' />
<link:loc xlink:href='../elts/us-gaap-2017-01-31.xsd#us-gaap_LifeSettlementContractsInvestmentMethodChangeInExpectations' xlink:label='loc_LifeSettlementContractsInvestmentMethodChangeInExpectations' xlink:type='locator' />
<link:loc xlink:href='../elts/us-gaap-2017-01-31.xsd#us-gaap_LifeSettlementContractsInvestmentMethodCarryingAmountMaturingInNextTwelveMonths' xlink:label='loc_LifeSettlementContractsInvestmentMethodCarryingAmountMaturingInNextTwelveMonths' xlink:type='locator' />
<link:loc xlink:href='../elts/us-gaap-2017-01-31.xsd#us-gaap_LifeSettlementContractsInvestmentMethodCarryingAmountMaturingInYearTwo' xlink:label='loc_LifeSettlementContractsInvestmentMethodCarryingAmountMaturingInYearTwo' xlink:type='locator' />
<link:loc xlink:href='../elts/us-gaap-2017-01-31.xsd#us-gaap_LifeSettlementContractsInvestmentMethodCarryingAmountMaturingInYearThree' xlink:label='loc_LifeSettlementContractsInvestmentMethodCarryingAmountMaturingInYearThree' xlink:type='locator' />
<link:loc xlink:href='../elts/us-gaap-2017-01-31.xsd#us-gaap_LifeSettlementContractsInvestmentMethodCarryingAmountMaturingInYearFour' xlink:label='loc_LifeSettlementContractsInvestmentMethodCarryingAmountMaturingInYearFour' xlink:type='locator' />
<link:loc xlink:href='../elts/us-gaap-2017-01-31.xsd#us-gaap_LifeSettlementContractsInvestmentMethodCarryingAmountMaturingInYearFive' xlink:label='loc_LifeSettlementContractsInvestmentMethodCarryingAmountMaturingInYearFive' xlink:type='locator' />
<link:loc xlink:href='../elts/us-gaap-2017-01-31.xsd#us-gaap_LifeSettlementContractsInvestmentMethodCarryingAmountMaturingAfterYearFive' xlink:label='loc_LifeSettlementContractsInvestmentMethodCarryingAmountMaturingAfterYearFive' xlink:type='locator' />
<link:loc xlink:href='../elts/us-gaap-2017-01-31.xsd#us-gaap_LifeSettlementContractsInvestmentMethodCarryingAmount' xlink:label='loc_LifeSettlementContractsInvestmentMethodCarryingAmount' xlink:type='locator' />
<link:loc xlink:href='../elts/us-gaap-2017-01-31.xsd#us-gaap_LifeSettlementContractsInvestmentMethodCarryingAmountMaturingInNextRollingTwelveMonths' xlink:label='loc_LifeSettlementContractsInvestmentMethodCarryingAmountMaturingInNextRollingTwelveMonths' xlink:type='locator' />
<link:loc xlink:href='../elts/us-gaap-2017-01-31.xsd#us-gaap_LifeSettlementContractsInvestmentMethodCarryingAmountMaturingInRollingYearTwo' xlink:label='loc_LifeSettlementContractsInvestmentMethodCarryingAmountMaturingInRollingYearTwo' xlink:type='locator' />
<link:loc xlink:href='../elts/us-gaap-2017-01-31.xsd#us-gaap_LifeSettlementContractsInvestmentMethodCarryingAmountMaturingInRollingYearThree' xlink:label='loc_LifeSettlementContractsInvestmentMethodCarryingAmountMaturingInRollingYearThree' xlink:type='locator' />
<link:loc xlink:href='../elts/us-gaap-2017-01-31.xsd#us-gaap_LifeSettlementContractsInvestmentMethodCarryingAmountMaturingInRollingYearFour' xlink:label='loc_LifeSettlementContractsInvestmentMethodCarryingAmountMaturingInRollingYearFour' xlink:type='locator' />
<link:loc xlink:href='../elts/us-gaap-2017-01-31.xsd#us-gaap_LifeSettlementContractsInvestmentMethodCarryingAmountMaturingInRollingYearFive' xlink:label='loc_LifeSettlementContractsInvestmentMethodCarryingAmountMaturingInRollingYearFive' xlink:type='locator' />
<link:loc xlink:href='../elts/us-gaap-2017-01-31.xsd#us-gaap_LifeSettlementContractsInvestmentMethodCarryingAmountMaturingAfterRollingYearFive' xlink:label='loc_LifeSettlementContractsInvestmentMethodCarryingAmountMaturingAfterRollingYearFive' xlink:type='locator' />
<link:loc xlink:href='../elts/us-gaap-2017-01-31.xsd#us-gaap_LifeSettlementContractsInvestmentMethodFaceValueMaturingInNextTwelveMonths' xlink:label='loc_LifeSettlementContractsInvestmentMethodFaceValueMaturingInNextTwelveMonths' xlink:type='locator' />
<link:loc xlink:href='../elts/us-gaap-2017-01-31.xsd#us-gaap_LifeSettlementContractsInvestmentMethodFaceValueMaturingInYearTwo' xlink:label='loc_LifeSettlementContractsInvestmentMethodFaceValueMaturingInYearTwo' xlink:type='locator' />
<link:loc xlink:href='../elts/us-gaap-2017-01-31.xsd#us-gaap_LifeSettlementContractsInvestmentMethodFaceValueMaturingInYearThree' xlink:label='loc_LifeSettlementContractsInvestmentMethodFaceValueMaturingInYearThree' xlink:type='locator' />
<link:loc xlink:href='../elts/us-gaap-2017-01-31.xsd#us-gaap_LifeSettlementContractsInvestmentMethodFaceValueMaturingInYearFour' xlink:label='loc_LifeSettlementContractsInvestmentMethodFaceValueMaturingInYearFour' xlink:type='locator' />
<link:loc xlink:href='../elts/us-gaap-2017-01-31.xsd#us-gaap_LifeSettlementContractsInvestmentMethodFaceValueMaturingInYearFive' xlink:label='loc_LifeSettlementContractsInvestmentMethodFaceValueMaturingInYearFive' xlink:type='locator' />
<link:loc xlink:href='../elts/us-gaap-2017-01-31.xsd#us-gaap_LifeSettlementContractsInvestmentMethodFaceValueMaturingAfterYearFive' xlink:label='loc_LifeSettlementContractsInvestmentMethodFaceValueMaturingAfterYearFive' xlink:type='locator' />
<link:loc xlink:href='../elts/us-gaap-2017-01-31.xsd#us-gaap_LifeSettlementContractsInvestmentMethodFaceValue' xlink:label='loc_LifeSettlementContractsInvestmentMethodFaceValue' xlink:type='locator' />
<link:loc xlink:href='../elts/us-gaap-2017-01-31.xsd#us-gaap_LifeSettlementContractsInvestmentMethodFaceValueMaturingInNextRollingTwelveMonths' xlink:label='loc_LifeSettlementContractsInvestmentMethodFaceValueMaturingInNextRollingTwelveMonths' xlink:type='locator' />
<link:loc xlink:href='../elts/us-gaap-2017-01-31.xsd#us-gaap_LifeSettlementContractsInvestmentMethodFaceValueMaturingInRollingYearTwo' xlink:label='loc_LifeSettlementContractsInvestmentMethodFaceValueMaturingInRollingYearTwo' xlink:type='locator' />
<link:loc xlink:href='../elts/us-gaap-2017-01-31.xsd#us-gaap_LifeSettlementContractsInvestmentMethodFaceValueMaturingInRollingYearThree' xlink:label='loc_LifeSettlementContractsInvestmentMethodFaceValueMaturingInRollingYearThree' xlink:type='locator' />
<link:loc xlink:href='../elts/us-gaap-2017-01-31.xsd#us-gaap_LifeSettlementContractsInvestmentMethodFaceValueMaturingInRollingYearFour' xlink:label='loc_LifeSettlementContractsInvestmentMethodFaceValueMaturingInRollingYearFour' xlink:type='locator' />
<link:loc xlink:href='../elts/us-gaap-2017-01-31.xsd#us-gaap_LifeSettlementContractsInvestmentMethodFaceValueMaturingInRollingYearFive' xlink:label='loc_LifeSettlementContractsInvestmentMethodFaceValueMaturingInRollingYearFive' xlink:type='locator' />
<link:loc xlink:href='../elts/us-gaap-2017-01-31.xsd#us-gaap_LifeSettlementContractsInvestmentMethodFaceValueMaturingAfterRollingYearFive' xlink:label='loc_LifeSettlementContractsInvestmentMethodFaceValueMaturingAfterRollingYearFive' xlink:type='locator' />
<link:loc xlink:href='../elts/us-gaap-2017-01-31.xsd#us-gaap_LifeSettlementContractsInvestmentMethodNumberOfContractsMaturingInNextTwelveMonths' xlink:label='loc_LifeSettlementContractsInvestmentMethodNumberOfContractsMaturingInNextTwelveMonths' xlink:type='locator' />
<link:loc xlink:href='../elts/us-gaap-2017-01-31.xsd#us-gaap_LifeSettlementContractsInvestmentMethodNumberOfContractsMaturingInYearTwo' xlink:label='loc_LifeSettlementContractsInvestmentMethodNumberOfContractsMaturingInYearTwo' xlink:type='locator' />
<link:loc xlink:href='../elts/us-gaap-2017-01-31.xsd#us-gaap_LifeSettlementContractsInvestmentMethodNumberOfContractsMaturingInYearThree' xlink:label='loc_LifeSettlementContractsInvestmentMethodNumberOfContractsMaturingInYearThree' xlink:type='locator' />
<link:loc xlink:href='../elts/us-gaap-2017-01-31.xsd#us-gaap_LifeSettlementContractsInvestmentMethodNumberOfContractsMaturingInYearFour' xlink:label='loc_LifeSettlementContractsInvestmentMethodNumberOfContractsMaturingInYearFour' xlink:type='locator' />
<link:loc xlink:href='../elts/us-gaap-2017-01-31.xsd#us-gaap_LifeSettlementContractsInvestmentMethodNumberOfContractsMaturingInYearFive' xlink:label='loc_LifeSettlementContractsInvestmentMethodNumberOfContractsMaturingInYearFive' xlink:type='locator' />
<link:loc xlink:href='../elts/us-gaap-2017-01-31.xsd#us-gaap_LifeSettlementContractsInvestmentMethodNumberOfContractsMaturingAfterYearFive' xlink:label='loc_LifeSettlementContractsInvestmentMethodNumberOfContractsMaturingAfterYearFive' xlink:type='locator' />
<link:loc xlink:href='../elts/us-gaap-2017-01-31.xsd#us-gaap_LifeSettlementContractsInvestmentMethodNumberOfContracts' xlink:label='loc_LifeSettlementContractsInvestmentMethodNumberOfContracts' xlink:type='locator' />
<link:loc xlink:href='../elts/us-gaap-2017-01-31.xsd#us-gaap_LifeSettlementContractsInvestmentMethodNumberOfContractsMaturingInNextRollingTwelveMonths' xlink:label='loc_LifeSettlementContractsInvestmentMethodNumberOfContractsMaturingInNextRollingTwelveMonths' xlink:type='locator' />
<link:loc xlink:href='../elts/us-gaap-2017-01-31.xsd#us-gaap_LifeSettlementContractsInvestmentMethodNumberOfContractsMaturingInRollingYearTwo' xlink:label='loc_LifeSettlementContractsInvestmentMethodNumberOfContractsMaturingInRollingYearTwo' xlink:type='locator' />
<link:loc xlink:href='../elts/us-gaap-2017-01-31.xsd#us-gaap_LifeSettlementContractsInvestmentMethodNumberOfContractsMaturingInRollingYearThree' xlink:label='loc_LifeSettlementContractsInvestmentMethodNumberOfContractsMaturingInRollingYearThree' xlink:type='locator' />
<link:loc xlink:href='../elts/us-gaap-2017-01-31.xsd#us-gaap_LifeSettlementContractsInvestmentMethodNumberOfContractsMaturingInRollingYearFour' xlink:label='loc_LifeSettlementContractsInvestmentMethodNumberOfContractsMaturingInRollingYearFour' xlink:type='locator' />
<link:loc xlink:href='../elts/us-gaap-2017-01-31.xsd#us-gaap_LifeSettlementContractsInvestmentMethodNumberOfContractsMaturingInRollingYearFive' xlink:label='loc_LifeSettlementContractsInvestmentMethodNumberOfContractsMaturingInRollingYearFive' xlink:type='locator' />
<link:loc xlink:href='../elts/us-gaap-2017-01-31.xsd#us-gaap_LifeSettlementContractsInvestmentMethodNumberOfContractsMaturingAfterRollingYearFive' xlink:label='loc_LifeSettlementContractsInvestmentMethodNumberOfContractsMaturingAfterRollingYearFive' xlink:type='locator' />
<link:loc xlink:href='../elts/us-gaap-2017-01-31.xsd#us-gaap_LifeSettlementContractsInvestmentMethodPremiumsToBePaidInNextTwelveMonths' xlink:label='loc_LifeSettlementContractsInvestmentMethodPremiumsToBePaidInNextTwelveMonths' xlink:type='locator' />
<link:loc xlink:href='../elts/us-gaap-2017-01-31.xsd#us-gaap_LifeSettlementContractsInvestmentMethodPremiumsToBePaidInYearTwo' xlink:label='loc_LifeSettlementContractsInvestmentMethodPremiumsToBePaidInYearTwo' xlink:type='locator' />
<link:loc xlink:href='../elts/us-gaap-2017-01-31.xsd#us-gaap_LifeSettlementContractsInvestmentMethodPremiumsToBePaidInYearThree' xlink:label='loc_LifeSettlementContractsInvestmentMethodPremiumsToBePaidInYearThree' xlink:type='locator' />
<link:loc xlink:href='../elts/us-gaap-2017-01-31.xsd#us-gaap_LifeSettlementContractsInvestmentMethodPremiumsToBePaidInYearFour' xlink:label='loc_LifeSettlementContractsInvestmentMethodPremiumsToBePaidInYearFour' xlink:type='locator' />
<link:loc xlink:href='../elts/us-gaap-2017-01-31.xsd#us-gaap_LifeSettlementContractsInvestmentMethodPremiumsToBePaidInYearFive' xlink:label='loc_LifeSettlementContractsInvestmentMethodPremiumsToBePaidInYearFive' xlink:type='locator' />
<link:loc xlink:href='../elts/us-gaap-2017-01-31.xsd#us-gaap_LifeSettlementContractsInvestmentMethodPremiumsToBePaidAfterYearFive' xlink:label='loc_LifeSettlementContractsInvestmentMethodPremiumsToBePaidAfterYearFive' xlink:type='locator' />
<link:loc xlink:href='../elts/us-gaap-2017-01-31.xsd#us-gaap_LifeSettlementContractsInvestmentMethodFiveYearDisclosurePremiumsToBePaid' xlink:label='loc_LifeSettlementContractsInvestmentMethodFiveYearDisclosurePremiumsToBePaid' xlink:type='locator' />
<link:loc xlink:href='../elts/us-gaap-2017-01-31.xsd#us-gaap_LifeSettlementContractsInvestmentMethodPremiumsToBePaidInNextRollingTwelveMonths' xlink:label='loc_LifeSettlementContractsInvestmentMethodPremiumsToBePaidInNextRollingTwelveMonths' xlink:type='locator' />
<link:loc xlink:href='../elts/us-gaap-2017-01-31.xsd#us-gaap_LifeSettlementContractsInvestmentMethodPremiumsToBePaidInRollingYearTwo' xlink:label='loc_LifeSettlementContractsInvestmentMethodPremiumsToBePaidInRollingYearTwo' xlink:type='locator' />
<link:loc xlink:href='../elts/us-gaap-2017-01-31.xsd#us-gaap_LifeSettlementContractsInvestmentMethodPremiumsToBePaidInRollingYearThree' xlink:label='loc_LifeSettlementContractsInvestmentMethodPremiumsToBePaidInRollingYearThree' xlink:type='locator' />
<link:loc xlink:href='../elts/us-gaap-2017-01-31.xsd#us-gaap_LifeSettlementContractsInvestmentMethodPremiumsToBePaidInRollingYearFour' xlink:label='loc_LifeSettlementContractsInvestmentMethodPremiumsToBePaidInRollingYearFour' xlink:type='locator' />
<link:loc xlink:href='../elts/us-gaap-2017-01-31.xsd#us-gaap_LifeSettlementContractsInvestmentMethodPremiumsToBePaidInRollingYearFive' xlink:label='loc_LifeSettlementContractsInvestmentMethodPremiumsToBePaidInRollingYearFive' xlink:type='locator' />
<link:loc xlink:href='../elts/us-gaap-2017-01-31.xsd#us-gaap_LifeSettlementContractsInvestmentMethodPremiumsToBePaidAfterRollingYearFive' xlink:label='loc_LifeSettlementContractsInvestmentMethodPremiumsToBePaidAfterRollingYearFive' xlink:type='locator' />
<link:loc xlink:href='../elts/us-gaap-2017-01-31.xsd#us-gaap_MajorTypesOfDebtAndEquitySecuritiesAxis' xlink:label='loc_MajorTypesOfDebtAndEquitySecuritiesAxis' xlink:type='locator' />
<link:loc xlink:href='../elts/us-gaap-2017-01-31.xsd#us-gaap_MajorTypesOfDebtAndEquitySecuritiesDomain' xlink:label='loc_MajorTypesOfDebtAndEquitySecuritiesDomain' xlink:type='locator' />
<link:loc xlink:href='../elts/us-gaap-2017-01-31.xsd#us-gaap_NonredeemablePreferredStockMember' xlink:label='loc_NonredeemablePreferredStockMember' xlink:type='locator' />
<link:loc xlink:href='../elts/us-gaap-2017-01-31.xsd#us-gaap_RedeemablePreferredStockMember' xlink:label='loc_RedeemablePreferredStockMember' xlink:type='locator' />
<link:loc xlink:href='../elts/us-gaap-2017-01-31.xsd#us-gaap_ConvertiblePreferredStockMember' xlink:label='loc_ConvertiblePreferredStockMember' xlink:type='locator' />
<link:loc xlink:href='../elts/us-gaap-2017-01-31.xsd#us-gaap_ContingentConvertiblePreferredStockMember' xlink:label='loc_ContingentConvertiblePreferredStockMember' xlink:type='locator' />
<link:loc xlink:href='../elts/us-gaap-2017-01-31.xsd#us-gaap_ScheduleOfCostMethodInvestmentsLineItems' xlink:label='loc_ScheduleOfCostMethodInvestmentsLineItems' xlink:type='locator' />
<link:loc xlink:href='../elts/us-gaap-2017-01-31.xsd#us-gaap_CostMethodInvestments' xlink:label='loc_CostMethodInvestments' xlink:type='locator' />
<link:loc xlink:href='../elts/us-gaap-2017-01-31.xsd#us-gaap_CostMethodInvestmentsOriginalCost' xlink:label='loc_CostMethodInvestmentsOriginalCost' xlink:type='locator' />
<link:loc xlink:href='../elts/us-gaap-2017-01-31.xsd#us-gaap_CostmethodInvestmentsOtherThanTemporaryImpairment' xlink:label='loc_CostmethodInvestmentsOtherThanTemporaryImpairment' xlink:type='locator' />
<link:loc xlink:href='../elts/us-gaap-2017-01-31.xsd#us-gaap_CostMethodInvestmentsAggregateCarryingAmountNotEvaluatedForImpairment' xlink:label='loc_CostMethodInvestmentsAggregateCarryingAmountNotEvaluatedForImpairment' xlink:type='locator' />
<link:loc xlink:href='../elts/us-gaap-2017-01-31.xsd#us-gaap_CostMethodInvestmentsStatementThatFairValueWasNotEstimated' xlink:label='loc_CostMethodInvestmentsStatementThatFairValueWasNotEstimated' xlink:type='locator' />
<link:loc xlink:href='../elts/us-gaap-2017-01-31.xsd#us-gaap_CostMethodInvestmentsAdditionalInformation' xlink:label='loc_CostMethodInvestmentsAdditionalInformation' xlink:type='locator' />
<link:loc xlink:href='../elts/us-gaap-2017-01-31.xsd#us-gaap_ScheduleOfComponentsOfLeveragedLeaseInvestmentsTableTextBlock' xlink:label='loc_ScheduleOfComponentsOfLeveragedLeaseInvestmentsTableTextBlock' xlink:type='locator' />
<link:loc xlink:href='../elts/us-gaap-2017-01-31.xsd#us-gaap_USTreasurySecuritiesMember' xlink:label='loc_USTreasurySecuritiesMember' xlink:type='locator' />
<link:loc xlink:href='../elts/us-gaap-2017-01-31.xsd#us-gaap_USGovernmentAgenciesDebtSecuritiesMember' xlink:label='loc_USGovernmentAgenciesDebtSecuritiesMember' xlink:type='locator' />
<link:loc xlink:href='../elts/us-gaap-2017-01-31.xsd#us-gaap_USGovernmentSponsoredEnterprisesDebtSecuritiesMember' xlink:label='loc_USGovernmentSponsoredEnterprisesDebtSecuritiesMember' xlink:type='locator' />
<link:presentationArc order='10' xlink:arcrole='http://www.xbrl.org/2003/arcrole/parent-child' xlink:from='loc_AssetBackedSecuritiesMember' xlink:to='loc_MortgageBackedSecuritiesMember' xlink:type='arc' />
<link:presentationArc order='20' xlink:arcrole='http://www.xbrl.org/2003/arcrole/parent-child' xlink:from='loc_AssetBackedSecuritiesMember' xlink:to='loc_CollateralizedDebtObligationsMember' xlink:type='arc' />
<link:presentationArc order='30' xlink:arcrole='http://www.xbrl.org/2003/arcrole/parent-child' xlink:from='loc_AssetBackedSecuritiesMember' xlink:to='loc_AssetBackedSecuritiesSecuritizedLoansAndReceivablesMember' xlink:type='arc' />
<link:presentationArc order='40' xlink:arcrole='http://www.xbrl.org/2003/arcrole/parent-child' xlink:from='loc_AssetBackedSecuritiesMember' xlink:to='loc_InterestOnlyStripMember' xlink:type='arc' />
<link:presentationArc order='50' xlink:arcrole='http://www.xbrl.org/2003/arcrole/parent-child' xlink:from='loc_AssetBackedSecuritiesMember' xlink:to='loc_PrincipalOnlyStripMember' xlink:type='arc' />
<link:presentationArc order='10' xlink:arcrole='http://www.xbrl.org/2003/arcrole/parent-child' xlink:from='loc_MortgageBackedSecuritiesMember' xlink:to='loc_MortgageBackedSecuritiesIssuedByUSGovernmentSponsoredEnterprisesMember' xlink:type='arc' />
<link:presentationArc order='20' xlink:arcrole='http://www.xbrl.org/2003/arcrole/parent-child' xlink:from='loc_MortgageBackedSecuritiesMember' xlink:to='loc_MortgageBackedSecuritiesIssuedByPrivateEnterprisesMember' xlink:type='arc' />
<link:presentationArc order='30' xlink:arcrole='http://www.xbrl.org/2003/arcrole/parent-child' xlink:from='loc_MortgageBackedSecuritiesMember' xlink:to='loc_ResidentialMortgageBackedSecuritiesMember' xlink:type='arc' />
<link:presentationArc order='40' xlink:arcrole='http://www.xbrl.org/2003/arcrole/parent-child' xlink:from='loc_MortgageBackedSecuritiesMember' xlink:to='loc_CommercialMortgageBackedSecuritiesMember' xlink:type='arc' />
<link:presentationArc order='10' xlink:arcrole='http://www.xbrl.org/2003/arcrole/parent-child' xlink:from='loc_CorporateDebtSecuritiesMember' xlink:to='loc_DomesticCorporateDebtSecuritiesMember' xlink:type='arc' />
<link:presentationArc order='20' xlink:arcrole='http://www.xbrl.org/2003/arcrole/parent-child' xlink:from='loc_CorporateDebtSecuritiesMember' xlink:to='loc_ForeignCorporateDebtSecuritiesMember' xlink:type='arc' />
<link:presentationArc order='30' xlink:arcrole='http://www.xbrl.org/2003/arcrole/parent-child' xlink:from='loc_CorporateDebtSecuritiesMember' xlink:to='loc_CommercialPaperNotIncludedWithCashAndCashEquivalentsMember' xlink:type='arc' />
<link:presentationArc order='40' xlink:arcrole='http://www.xbrl.org/2003/arcrole/parent-child' xlink:from='loc_CorporateDebtSecuritiesMember' xlink:to='loc_ConvertibleDebtSecuritiesMember' xlink:type='arc' />
<link:presentationArc order='10' xlink:arcrole='http://www.xbrl.org/2003/arcrole/parent-child' xlink:from='loc_CostmethodInvestmentsRealizedGainLossAlternativeAbstract' xlink:to='loc_CostMethodInvestmentsRealizedGains' xlink:type='arc' />
<link:presentationArc order='20' xlink:arcrole='http://www.xbrl.org/2003/arcrole/parent-child' xlink:from='loc_CostmethodInvestmentsRealizedGainLossAlternativeAbstract' xlink:to='loc_CostMethodInvestmentsRealizedLosses' xlink:type='arc' />
<link:presentationArc order='30' preferredLabel='http://www.xbrl.org/2003/role/totalLabel' xlink:arcrole='http://www.xbrl.org/2003/arcrole/parent-child' xlink:from='loc_CostmethodInvestmentsRealizedGainLossAlternativeAbstract' xlink:to='loc_CostMethodInvestmentsRealizedGainLoss' xlink:type='arc' />
<link:presentationArc order='10' xlink:arcrole='http://www.xbrl.org/2003/arcrole/parent-child' xlink:from='loc_CostMethodInvestmentsRealizedGainLossAbstract' xlink:to='loc_CostMethodInvestmentsRealizedGains' xlink:type='arc' />
<link:presentationArc order='20' xlink:arcrole='http://www.xbrl.org/2003/arcrole/parent-child' xlink:from='loc_CostMethodInvestmentsRealizedGainLossAbstract' xlink:to='loc_CostmethodInvestmentsRealizedLossesExcludingOtherThanTemporaryImpairments' xlink:type='arc' />
<link:presentationArc order='30' preferredLabel='http://www.xbrl.org/2003/role/totalLabel' xlink:arcrole='http://www.xbrl.org/2003/arcrole/parent-child' xlink:from='loc_CostMethodInvestmentsRealizedGainLossAbstract' xlink:to='loc_CostmethodInvestmentsRealizedGainLossExcludingOtherThanTemporaryImpairments' xlink:type='arc' />
<link:presentationArc order='10' xlink:arcrole='http://www.xbrl.org/2003/arcrole/parent-child' xlink:from='loc_DebtSecuritiesMember' xlink:to='loc_USTreasuryAndGovernmentMember' xlink:type='arc' />
<link:presentationArc order='20' xlink:arcrole='http://www.xbrl.org/2003/arcrole/parent-child' xlink:from='loc_DebtSecuritiesMember' xlink:to='loc_USStatesAndPoliticalSubdivisionsMember' xlink:type='arc' />
<link:presentationArc order='30' xlink:arcrole='http://www.xbrl.org/2003/arcrole/parent-child' xlink:from='loc_DebtSecuritiesMember' xlink:to='loc_ForeignGovernmentDebtSecuritiesMember' xlink:type='arc' />
<link:presentationArc order='40' xlink:arcrole='http://www.xbrl.org/2003/arcrole/parent-child' xlink:from='loc_DebtSecuritiesMember' xlink:to='loc_CorporateDebtSecuritiesMember' xlink:type='arc' />
<link:presentationArc order='50' xlink:arcrole='http://www.xbrl.org/2003/arcrole/parent-child' xlink:from='loc_DebtSecuritiesMember' xlink:to='loc_AssetBackedSecuritiesMember' xlink:type='arc' />
<link:presentationArc order='60' xlink:arcrole='http://www.xbrl.org/2003/arcrole/parent-child' xlink:from='loc_DebtSecuritiesMember' xlink:to='loc_FixedIncomeSecuritiesMember' xlink:type='arc' />
<link:presentationArc order='70' xlink:arcrole='http://www.xbrl.org/2003/arcrole/parent-child' xlink:from='loc_DebtSecuritiesMember' xlink:to='loc_AuctionRateSecuritiesMember' xlink:type='arc' />
<link:presentationArc order='80' xlink:arcrole='http://www.xbrl.org/2003/arcrole/parent-child' xlink:from='loc_DebtSecuritiesMember' xlink:to='loc_VariableRateDemandObligationMember' xlink:type='arc' />
<link:presentationArc order='90' xlink:arcrole='http://www.xbrl.org/2003/arcrole/parent-child' xlink:from='loc_DebtSecuritiesMember' xlink:to='loc_OtherDebtSecuritiesMember' xlink:type='arc' />
<link:presentationArc order='10' xlink:arcrole='http://www.xbrl.org/2003/arcrole/parent-child' xlink:from='loc_DisclosureTextBlockSupplementAbstract' xlink:to='loc_InvestmentsAndOtherNoncurrentAssetsTextBlock' xlink:type='arc' />
<link:presentationArc order='20' xlink:arcrole='http://www.xbrl.org/2003/arcrole/parent-child' xlink:from='loc_DisclosureTextBlockSupplementAbstract' xlink:to='loc_FinancialInstrumentsDisclosureTextBlock' xlink:type='arc' />
<link:presentationArc order='10' xlink:arcrole='http://www.xbrl.org/2003/arcrole/parent-child' xlink:from='loc_ScheduleOfEquityMethodInvestmentEquityMethodInvesteeNameAxis' xlink:to='loc_EquityMethodInvesteeNameDomain' xlink:type='arc' />
<link:presentationArc order='10' xlink:arcrole='http://www.xbrl.org/2003/arcrole/parent-child' xlink:from='loc_EquitySecuritiesMember' xlink:to='loc_CommonStockMember' xlink:type='arc' />
<link:presentationArc order='20' xlink:arcrole='http://www.xbrl.org/2003/arcrole/parent-child' xlink:from='loc_EquitySecuritiesMember' xlink:to='loc_PreferredStockMember' xlink:type='arc' />
<link:presentationArc order='10' xlink:arcrole='http://www.xbrl.org/2003/arcrole/parent-child' xlink:from='loc_InvestmentsAllOtherInvestmentsAbstract' xlink:to='loc_CostMethodInvestmentsDescriptionTextBlock' xlink:type='arc' />
<link:presentationArc order='10' xlink:arcrole='http://www.xbrl.org/2003/arcrole/parent-child' xlink:from='loc_CostMethodInvestmentsDescriptionTextBlock' xlink:to='loc_ScheduleOfCostMethodInvestmentsTableTextBlock' xlink:type='arc' />
<link:presentationArc order='10' xlink:arcrole='http://www.xbrl.org/2003/arcrole/parent-child' xlink:from='loc_ScheduleOfCostMethodInvestmentsTableTextBlock' xlink:to='loc_ScheduleOfCostMethodInvestmentsTable' xlink:type='arc' />
<link:presentationArc order='20' xlink:arcrole='http://www.xbrl.org/2003/arcrole/parent-child' xlink:from='loc_InvestmentsAllOtherInvestmentsAbstract' xlink:to='loc_LifeInsuranceCorporateOrBankOwnedTextBlock' xlink:type='arc' />
<link:presentationArc order='10' xlink:arcrole='http://www.xbrl.org/2003/arcrole/parent-child' xlink:from='loc_LifeInsuranceCorporateOrBankOwnedTextBlock' xlink:to='loc_LifeInsuranceCorporateOrBankOwnedAmount' xlink:type='arc' />
<link:presentationArc order='20' xlink:arcrole='http://www.xbrl.org/2003/arcrole/parent-child' xlink:from='loc_LifeInsuranceCorporateOrBankOwnedTextBlock' xlink:to='loc_LifeInsuranceCorporateOrBankOwnedRestrictions' xlink:type='arc' />
<link:presentationArc order='30' xlink:arcrole='http://www.xbrl.org/2003/arcrole/parent-child' xlink:from='loc_LifeInsuranceCorporateOrBankOwnedTextBlock' xlink:to='loc_LifeInsuranceCorporateOrBankOwnedAdditionalInformation' xlink:type='arc' />
<link:presentationArc order='40' xlink:arcrole='http://www.xbrl.org/2003/arcrole/parent-child' xlink:from='loc_LifeInsuranceCorporateOrBankOwnedTextBlock' xlink:to='loc_LifeInsuranceCorporateOrBankOwnedChangeInValue' xlink:type='arc' />
<link:presentationArc order='30' xlink:arcrole='http://www.xbrl.org/2003/arcrole/parent-child' xlink:from='loc_InvestmentsAllOtherInvestmentsAbstract' xlink:to='loc_LifeSettlementContractsDisclosureTextBlock' xlink:type='arc' />
<link:presentationArc order='10' xlink:arcrole='http://www.xbrl.org/2003/arcrole/parent-child' xlink:from='loc_LifeSettlementContractsDisclosureTextBlock' xlink:to='loc_LifeSettlementContractsFairValueMethodAbstract' xlink:type='arc' />
<link:presentationArc order='20' xlink:arcrole='http://www.xbrl.org/2003/arcrole/parent-child' xlink:from='loc_LifeSettlementContractsDisclosureTextBlock' xlink:to='loc_LifeSettlementContractsInvestmentMethodAbstract' xlink:type='arc' />
<link:presentationArc order='40' xlink:arcrole='http://www.xbrl.org/2003/arcrole/parent-child' xlink:from='loc_InvestmentsAllOtherInvestmentsAbstract' xlink:to='loc_DisclosureTextBlockSupplementAbstract' xlink:type='arc' />
<link:presentationArc order='50' xlink:arcrole='http://www.xbrl.org/2003/arcrole/parent-child' xlink:from='loc_InvestmentsAllOtherInvestmentsAbstract' xlink:to='loc_TableTextBlockSupplementAbstract' xlink:type='arc' />
<link:presentationArc order='10' xlink:arcrole='http://www.xbrl.org/2003/arcrole/parent-child' xlink:from='loc_LifeSettlementContractsFairValueMethodAbstract' xlink:to='loc_ScheduleOfLifeSettlementContractsFairValueMethodTextBlock' xlink:type='arc' />
<link:presentationArc order='10' xlink:arcrole='http://www.xbrl.org/2003/arcrole/parent-child' xlink:from='loc_ScheduleOfLifeSettlementContractsFairValueMethodTextBlock' xlink:to='loc_LifeSettlementContractsFairValueMethodNumberOfContractsFiscalYearMaturityAbstract' xlink:type='arc' />
<link:presentationArc order='20' xlink:arcrole='http://www.xbrl.org/2003/arcrole/parent-child' xlink:from='loc_ScheduleOfLifeSettlementContractsFairValueMethodTextBlock' xlink:to='loc_LifeSettlementContractsFairValueMethodNumberOfContractsMaturingInRemainderOfFiscalYear' xlink:type='arc' />
<link:presentationArc order='30' xlink:arcrole='http://www.xbrl.org/2003/arcrole/parent-child' xlink:from='loc_ScheduleOfLifeSettlementContractsFairValueMethodTextBlock' xlink:to='loc_LifeSettlementContractsFairValueMethodNumberOfContractsRollingMaturityAbstract' xlink:type='arc' />
<link:presentationArc order='40' xlink:arcrole='http://www.xbrl.org/2003/arcrole/parent-child' xlink:from='loc_ScheduleOfLifeSettlementContractsFairValueMethodTextBlock' xlink:to='loc_LifeSettlementContractsFairValueFiscalYearMaturityAbstract' xlink:type='arc' />
<link:presentationArc order='50' xlink:arcrole='http://www.xbrl.org/2003/arcrole/parent-child' xlink:from='loc_ScheduleOfLifeSettlementContractsFairValueMethodTextBlock' xlink:to='loc_LifeSettlementContractsFairValueMaturingInRemainderOfFiscalYear' xlink:type='arc' />
<link:presentationArc order='60' xlink:arcrole='http://www.xbrl.org/2003/arcrole/parent-child' xlink:from='loc_ScheduleOfLifeSettlementContractsFairValueMethodTextBlock' xlink:to='loc_LifeSettlementContractsFairValueRollingMaturityAbstract' xlink:type='arc' />
<link:presentationArc order='70' xlink:arcrole='http://www.xbrl.org/2003/arcrole/parent-child' xlink:from='loc_ScheduleOfLifeSettlementContractsFairValueMethodTextBlock' xlink:to='loc_LifeSettlementContractsFairValueMethodFaceValueFiscalYearMaturityAbstract' xlink:type='arc' />
<link:presentationArc order='80' xlink:arcrole='http://www.xbrl.org/2003/arcrole/parent-child' xlink:from='loc_ScheduleOfLifeSettlementContractsFairValueMethodTextBlock' xlink:to='loc_LifeSettlementContractsFairValueMethodFaceValueMaturingInRemainderOfFiscalYear' xlink:type='arc' />
<link:presentationArc order='90' xlink:arcrole='http://www.xbrl.org/2003/arcrole/parent-child' xlink:from='loc_ScheduleOfLifeSettlementContractsFairValueMethodTextBlock' xlink:to='loc_LifeSettlementContractsFairValueMethodFaceValueRollingMaturityAbstract' xlink:type='arc' />
<link:presentationArc order='20' xlink:arcrole='http://www.xbrl.org/2003/arcrole/parent-child' xlink:from='loc_LifeSettlementContractsFairValueMethodAbstract' xlink:to='loc_LifeSettlementContractsFairValueMethodGainLossAbstract' xlink:type='arc' />
<link:presentationArc order='30' xlink:arcrole='http://www.xbrl.org/2003/arcrole/parent-child' xlink:from='loc_LifeSettlementContractsFairValueMethodAbstract' xlink:to='loc_LifeSettlementContractsFairValueMethodValuationMethod' xlink:type='arc' />
<link:presentationArc order='40' xlink:arcrole='http://www.xbrl.org/2003/arcrole/parent-child' xlink:from='loc_LifeSettlementContractsFairValueMethodAbstract' xlink:to='loc_LifeSettlementContractsFairValueMethodChangeInExpectations' xlink:type='arc' />
<link:presentationArc order='10' xlink:arcrole='http://www.xbrl.org/2003/arcrole/parent-child' xlink:from='loc_LifeSettlementContractsFairValueMethodFaceValueFiscalYearMaturityAbstract' xlink:to='loc_LifeSettlementContractsFairValueMethodFaceValueMaturingInNextTwelveMonths' xlink:type='arc' />
<link:presentationArc order='20' xlink:arcrole='http://www.xbrl.org/2003/arcrole/parent-child' xlink:from='loc_LifeSettlementContractsFairValueMethodFaceValueFiscalYearMaturityAbstract' xlink:to='loc_LifeSettlementContractsFairValueMethodFaceValueMaturingInYearTwo' xlink:type='arc' />
<link:presentationArc order='30' xlink:arcrole='http://www.xbrl.org/2003/arcrole/parent-child' xlink:from='loc_LifeSettlementContractsFairValueMethodFaceValueFiscalYearMaturityAbstract' xlink:to='loc_LifeSettlementContractsFairValueMethodFaceValueMaturingInYearThree' xlink:type='arc' />
<link:presentationArc order='40' xlink:arcrole='http://www.xbrl.org/2003/arcrole/parent-child' xlink:from='loc_LifeSettlementContractsFairValueMethodFaceValueFiscalYearMaturityAbstract' xlink:to='loc_LifeSettlementContractsFairValueMethodFaceValueMaturingInYearFour' xlink:type='arc' />
<link:presentationArc order='50' xlink:arcrole='http://www.xbrl.org/2003/arcrole/parent-child' xlink:from='loc_LifeSettlementContractsFairValueMethodFaceValueFiscalYearMaturityAbstract' xlink:to='loc_LifeSettlementContractsFairValueMethodFaceValueMaturingInYearFive' xlink:type='arc' />
<link:presentationArc order='60' xlink:arcrole='http://www.xbrl.org/2003/arcrole/parent-child' xlink:from='loc_LifeSettlementContractsFairValueMethodFaceValueFiscalYearMaturityAbstract' xlink:to='loc_LifeSettlementContractsFairValueMethodFaceValueMaturingAfterYearFive' xlink:type='arc' />
<link:presentationArc order='70' preferredLabel='http://www.xbrl.org/2003/role/totalLabel' xlink:arcrole='http://www.xbrl.org/2003/arcrole/parent-child' xlink:from='loc_LifeSettlementContractsFairValueMethodFaceValueFiscalYearMaturityAbstract' xlink:to='loc_LifeSettlementContractsFairValueMethodFaceValue' xlink:type='arc' />
<link:presentationArc order='10' xlink:arcrole='http://www.xbrl.org/2003/arcrole/parent-child' xlink:from='loc_LifeSettlementContractsFairValueMethodFaceValueRollingMaturityAbstract' xlink:to='loc_LifeSettlementContractsFairValueMethodFaceValueMaturingInNextRollingTwelveMonths' xlink:type='arc' />
<link:presentationArc order='20' xlink:arcrole='http://www.xbrl.org/2003/arcrole/parent-child' xlink:from='loc_LifeSettlementContractsFairValueMethodFaceValueRollingMaturityAbstract' xlink:to='loc_LifeSettlementContractsFairValueMethodFaceValueMaturingInRollingYearTwo' xlink:type='arc' />
<link:presentationArc order='30' xlink:arcrole='http://www.xbrl.org/2003/arcrole/parent-child' xlink:from='loc_LifeSettlementContractsFairValueMethodFaceValueRollingMaturityAbstract' xlink:to='loc_LifeSettlementContractsFairValueMethodFaceValueMaturingInRollingYearThree' xlink:type='arc' />
<link:presentationArc order='40' xlink:arcrole='http://www.xbrl.org/2003/arcrole/parent-child' xlink:from='loc_LifeSettlementContractsFairValueMethodFaceValueRollingMaturityAbstract' xlink:to='loc_LifeSettlementContractsFairValueMethodFaceValueMaturingInRollingYearFour' xlink:type='arc' />
<link:presentationArc order='50' xlink:arcrole='http://www.xbrl.org/2003/arcrole/parent-child' xlink:from='loc_LifeSettlementContractsFairValueMethodFaceValueRollingMaturityAbstract' xlink:to='loc_LifeSettlementContractsFairValueMethodFaceValueMaturingInRollingYearFive' xlink:type='arc' />
<link:presentationArc order='60' xlink:arcrole='http://www.xbrl.org/2003/arcrole/parent-child' xlink:from='loc_LifeSettlementContractsFairValueMethodFaceValueRollingMaturityAbstract' xlink:to='loc_LifeSettlementContractsFairValueMethodFaceValueMaturingAfterRollingYearFive' xlink:type='arc' />
<link:presentationArc order='70' preferredLabel='http://www.xbrl.org/2003/role/totalLabel' xlink:arcrole='http://www.xbrl.org/2003/arcrole/parent-child' xlink:from='loc_LifeSettlementContractsFairValueMethodFaceValueRollingMaturityAbstract' xlink:to='loc_LifeSettlementContractsFairValueMethodFaceValue' xlink:type='arc' />
<link:presentationArc order='10' xlink:arcrole='http://www.xbrl.org/2003/arcrole/parent-child' xlink:from='loc_LifeSettlementContractsFairValueMethodGainLossAbstract' xlink:to='loc_LifeSettlementContractsFairValueMethodGainLoss' xlink:type='arc' />
<link:presentationArc order='20' xlink:arcrole='http://www.xbrl.org/2003/arcrole/parent-child' xlink:from='loc_LifeSettlementContractsFairValueMethodGainLossAbstract' xlink:to='loc_LifeSettlementContractsFairValueMethodUnrealizedGainLoss' xlink:type='arc' />
<link:presentationArc order='10' xlink:arcrole='http://www.xbrl.org/2003/arcrole/parent-child' xlink:from='loc_LifeSettlementContractsFairValueMethodNumberOfContractsFiscalYearMaturityAbstract' xlink:to='loc_LifeSettlementContractsFairValueMethodNumberOfContractsMaturingInNextTwelveMonths' xlink:type='arc' />
<link:presentationArc order='20' xlink:arcrole='http://www.xbrl.org/2003/arcrole/parent-child' xlink:from='loc_LifeSettlementContractsFairValueMethodNumberOfContractsFiscalYearMaturityAbstract' xlink:to='loc_LifeSettlementContractsFairValueMethodNumberOfContractsMaturingInYearTwo' xlink:type='arc' />
<link:presentationArc order='30' xlink:arcrole='http://www.xbrl.org/2003/arcrole/parent-child' xlink:from='loc_LifeSettlementContractsFairValueMethodNumberOfContractsFiscalYearMaturityAbstract' xlink:to='loc_LifeSettlementContractsFairValueMethodNumberOfContractsMaturingInYearThree' xlink:type='arc' />
<link:presentationArc order='40' xlink:arcrole='http://www.xbrl.org/2003/arcrole/parent-child' xlink:from='loc_LifeSettlementContractsFairValueMethodNumberOfContractsFiscalYearMaturityAbstract' xlink:to='loc_LifeSettlementContractsFairValueMethodNumberOfContractsMaturingInYearFour' xlink:type='arc' />
<link:presentationArc order='50' xlink:arcrole='http://www.xbrl.org/2003/arcrole/parent-child' xlink:from='loc_LifeSettlementContractsFairValueMethodNumberOfContractsFiscalYearMaturityAbstract' xlink:to='loc_LifeSettlementContractsFairValueMethodNumberOfContractsMaturingInYearFive' xlink:type='arc' />
<link:presentationArc order='60' xlink:arcrole='http://www.xbrl.org/2003/arcrole/parent-child' xlink:from='loc_LifeSettlementContractsFairValueMethodNumberOfContractsFiscalYearMaturityAbstract' xlink:to='loc_LifeSettlementContractsFairValueMethodNumberOfContractsMaturingAfterYearFive' xlink:type='arc' />
<link:presentationArc order='70' preferredLabel='http://www.xbrl.org/2003/role/totalLabel' xlink:arcrole='http://www.xbrl.org/2003/arcrole/parent-child' xlink:from='loc_LifeSettlementContractsFairValueMethodNumberOfContractsFiscalYearMaturityAbstract' xlink:to='loc_LifeSettlementContractsFairValueMethodNumberOfContracts' xlink:type='arc' />
<link:presentationArc order='10' xlink:arcrole='http://www.xbrl.org/2003/arcrole/parent-child' xlink:from='loc_LifeSettlementContractsFairValueMethodNumberOfContractsRollingMaturityAbstract' xlink:to='loc_LifeSettlementContractsFairValueMethodNumberOfContractsMaturingInNextRollingTwelveMonths' xlink:type='arc' />
<link:presentationArc order='20' xlink:arcrole='http://www.xbrl.org/2003/arcrole/parent-child' xlink:from='loc_LifeSettlementContractsFairValueMethodNumberOfContractsRollingMaturityAbstract' xlink:to='loc_LifeSettlementContractsFairValueMethodNumberOfContractsMaturingInRollingYearTwo' xlink:type='arc' />
<link:presentationArc order='30' xlink:arcrole='http://www.xbrl.org/2003/arcrole/parent-child' xlink:from='loc_LifeSettlementContractsFairValueMethodNumberOfContractsRollingMaturityAbstract' xlink:to='loc_LifeSettlementContractsFairValueMethodNumberOfContractsMaturingInRollingYearThree' xlink:type='arc' />
<link:presentationArc order='40' xlink:arcrole='http://www.xbrl.org/2003/arcrole/parent-child' xlink:from='loc_LifeSettlementContractsFairValueMethodNumberOfContractsRollingMaturityAbstract' xlink:to='loc_LifeSettlementContractsFairValueMethodNumberOfContractsMaturingInRollingYearFour' xlink:type='arc' />
<link:presentationArc order='50' xlink:arcrole='http://www.xbrl.org/2003/arcrole/parent-child' xlink:from='loc_LifeSettlementContractsFairValueMethodNumberOfContractsRollingMaturityAbstract' xlink:to='loc_LifeSettlementContractsFairValueMethodNumberOfContractsMaturingInRollingYearFive' xlink:type='arc' />
<link:presentationArc order='60' xlink:arcrole='http://www.xbrl.org/2003/arcrole/parent-child' xlink:from='loc_LifeSettlementContractsFairValueMethodNumberOfContractsRollingMaturityAbstract' xlink:to='loc_LifeSettlementContractsFairValueMethodNumberOfContractsMaturingAfterRollingYearFive' xlink:type='arc' />
<link:presentationArc order='70' preferredLabel='http://www.xbrl.org/2003/role/totalLabel' xlink:arcrole='http://www.xbrl.org/2003/arcrole/parent-child' xlink:from='loc_LifeSettlementContractsFairValueMethodNumberOfContractsRollingMaturityAbstract' xlink:to='loc_LifeSettlementContractsFairValueMethodNumberOfContracts' xlink:type='arc' />
<link:presentationArc order='10' xlink:arcrole='http://www.xbrl.org/2003/arcrole/parent-child' xlink:from='loc_LifeSettlementContractsFairValueFiscalYearMaturityAbstract' xlink:to='loc_LifeSettlementContractsFairValueMaturingInNextTwelveMonths' xlink:type='arc' />
<link:presentationArc order='20' xlink:arcrole='http://www.xbrl.org/2003/arcrole/parent-child' xlink:from='loc_LifeSettlementContractsFairValueFiscalYearMaturityAbstract' xlink:to='loc_LifeSettlementContractsFairValueMaturingInYearTwo' xlink:type='arc' />
<link:presentationArc order='30' xlink:arcrole='http://www.xbrl.org/2003/arcrole/parent-child' xlink:from='loc_LifeSettlementContractsFairValueFiscalYearMaturityAbstract' xlink:to='loc_LifeSettlementContractsFairValueMaturingInYearThree' xlink:type='arc' />
<link:presentationArc order='40' xlink:arcrole='http://www.xbrl.org/2003/arcrole/parent-child' xlink:from='loc_LifeSettlementContractsFairValueFiscalYearMaturityAbstract' xlink:to='loc_LifeSettlementContractsFairValueMaturingInYearFour' xlink:type='arc' />
<link:presentationArc order='50' xlink:arcrole='http://www.xbrl.org/2003/arcrole/parent-child' xlink:from='loc_LifeSettlementContractsFairValueFiscalYearMaturityAbstract' xlink:to='loc_LifeSettlementContractsFairValueMaturingInYearFive' xlink:type='arc' />
<link:presentationArc order='60' xlink:arcrole='http://www.xbrl.org/2003/arcrole/parent-child' xlink:from='loc_LifeSettlementContractsFairValueFiscalYearMaturityAbstract' xlink:to='loc_LifeSettlementContractsFairValueMaturingAfterYearFive' xlink:type='arc' />
<link:presentationArc order='70' preferredLabel='http://www.xbrl.org/2003/role/totalLabel' xlink:arcrole='http://www.xbrl.org/2003/arcrole/parent-child' xlink:from='loc_LifeSettlementContractsFairValueFiscalYearMaturityAbstract' xlink:to='loc_LifeSettlementContractsFairValueMethodCarryingAmount' xlink:type='arc' />
<link:presentationArc order='10' xlink:arcrole='http://www.xbrl.org/2003/arcrole/parent-child' xlink:from='loc_LifeSettlementContractsFairValueRollingMaturityAbstract' xlink:to='loc_LifeSettlementContractsFairValueMaturingInNextRollingTwelveMonths' xlink:type='arc' />
<link:presentationArc order='20' xlink:arcrole='http://www.xbrl.org/2003/arcrole/parent-child' xlink:from='loc_LifeSettlementContractsFairValueRollingMaturityAbstract' xlink:to='loc_LifeSettlementContractsFairValueMaturingInRollingYearTwo' xlink:type='arc' />
<link:presentationArc order='30' xlink:arcrole='http://www.xbrl.org/2003/arcrole/parent-child' xlink:from='loc_LifeSettlementContractsFairValueRollingMaturityAbstract' xlink:to='loc_LifeSettlementContractsFairValueMaturingInRollingYearThree' xlink:type='arc' />
<link:presentationArc order='40' xlink:arcrole='http://www.xbrl.org/2003/arcrole/parent-child' xlink:from='loc_LifeSettlementContractsFairValueRollingMaturityAbstract' xlink:to='loc_LifeSettlementContractsFairValueMaturingInRollingYearFour' xlink:type='arc' />
<link:presentationArc order='50' xlink:arcrole='http://www.xbrl.org/2003/arcrole/parent-child' xlink:from='loc_LifeSettlementContractsFairValueRollingMaturityAbstract' xlink:to='loc_LifeSettlementContractsFairValueMaturingInRollingYearFive' xlink:type='arc' />
<link:presentationArc order='60' xlink:arcrole='http://www.xbrl.org/2003/arcrole/parent-child' xlink:from='loc_LifeSettlementContractsFairValueRollingMaturityAbstract' xlink:to='loc_LifeSettlementContractsFairValueMaturingAfterRollingYearFive' xlink:type='arc' />
<link:presentationArc order='70' preferredLabel='http://www.xbrl.org/2003/role/totalLabel' xlink:arcrole='http://www.xbrl.org/2003/arcrole/parent-child' xlink:from='loc_LifeSettlementContractsFairValueRollingMaturityAbstract' xlink:to='loc_LifeSettlementContractsFairValueMethodCarryingAmount' xlink:type='arc' />
<link:presentationArc order='10' xlink:arcrole='http://www.xbrl.org/2003/arcrole/parent-child' xlink:from='loc_LifeSettlementContractsInvestmentMethodAbstract' xlink:to='loc_ScheduleOfLifeSettlementContractsInvestmentMethodTextBlock' xlink:type='arc' />
<link:presentationArc order='10' xlink:arcrole='http://www.xbrl.org/2003/arcrole/parent-child' xlink:from='loc_ScheduleOfLifeSettlementContractsInvestmentMethodTextBlock' xlink:to='loc_LifeSettlementContractsInvestmentMethodNumberOfContractsFiscalYearMaturityAbstract' xlink:type='arc' />
<link:presentationArc order='20' xlink:arcrole='http://www.xbrl.org/2003/arcrole/parent-child' xlink:from='loc_ScheduleOfLifeSettlementContractsInvestmentMethodTextBlock' xlink:to='loc_LifeSettlementContractsInvestmentMethodNumberOfContractsMaturingInRemainderOfFiscalYear' xlink:type='arc' />
<link:presentationArc order='30' xlink:arcrole='http://www.xbrl.org/2003/arcrole/parent-child' xlink:from='loc_ScheduleOfLifeSettlementContractsInvestmentMethodTextBlock' xlink:to='loc_LifeSettlementContractsInvestmentMethodNumberOfContractsRollingMaturityAbstract' xlink:type='arc' />
<link:presentationArc order='40' xlink:arcrole='http://www.xbrl.org/2003/arcrole/parent-child' xlink:from='loc_ScheduleOfLifeSettlementContractsInvestmentMethodTextBlock' xlink:to='loc_LifeSettlementContractsInvestmentMethodCarryingAmountFiscalYearMaturityAbstract' xlink:type='arc' />
<link:presentationArc order='50' xlink:arcrole='http://www.xbrl.org/2003/arcrole/parent-child' xlink:from='loc_ScheduleOfLifeSettlementContractsInvestmentMethodTextBlock' xlink:to='loc_LifeSettlementContractsInvestmentMethodCarryingAmountMaturingInRemainderOfFiscalYear' xlink:type='arc' />
<link:presentationArc order='60' xlink:arcrole='http://www.xbrl.org/2003/arcrole/parent-child' xlink:from='loc_ScheduleOfLifeSettlementContractsInvestmentMethodTextBlock' xlink:to='loc_LifeSettlementContractsInvestmentMethodCarryingAmountRollingMaturityAbstract' xlink:type='arc' />
<link:presentationArc order='70' xlink:arcrole='http://www.xbrl.org/2003/arcrole/parent-child' xlink:from='loc_ScheduleOfLifeSettlementContractsInvestmentMethodTextBlock' xlink:to='loc_LifeSettlementContractsInvestmentMethodFaceValueFiscalYearMaturityAbstract' xlink:type='arc' />
<link:presentationArc order='80' xlink:arcrole='http://www.xbrl.org/2003/arcrole/parent-child' xlink:from='loc_ScheduleOfLifeSettlementContractsInvestmentMethodTextBlock' xlink:to='loc_LifeSettlementContractsInvestmentMethodFaceValueMaturingInRemainderOfFiscalYear' xlink:type='arc' />
<link:presentationArc order='90' xlink:arcrole='http://www.xbrl.org/2003/arcrole/parent-child' xlink:from='loc_ScheduleOfLifeSettlementContractsInvestmentMethodTextBlock' xlink:to='loc_LifeSettlementContractsInvestmentMethodFaceValueRollingMaturityAbstract' xlink:type='arc' />
<link:presentationArc order='100' xlink:arcrole='http://www.xbrl.org/2003/arcrole/parent-child' xlink:from='loc_ScheduleOfLifeSettlementContractsInvestmentMethodTextBlock' xlink:to='loc_LifeSettlementContractsInvestmentMethodPremiumsToBePaidFiscalYearMaturityAbstract' xlink:type='arc' />
<link:presentationArc order='110' xlink:arcrole='http://www.xbrl.org/2003/arcrole/parent-child' xlink:from='loc_ScheduleOfLifeSettlementContractsInvestmentMethodTextBlock' xlink:to='loc_LifeSettlementContractsInvestmentMethodPremiumsToBePaidInRemainderOfFiscalYear' xlink:type='arc' />
<link:presentationArc order='120' xlink:arcrole='http://www.xbrl.org/2003/arcrole/parent-child' xlink:from='loc_ScheduleOfLifeSettlementContractsInvestmentMethodTextBlock' xlink:to='loc_LifeSettlementContractsInvestmentMethodPremiumsToBePaidRollingMaturityAbstract' xlink:type='arc' />
<link:presentationArc order='20' xlink:arcrole='http://www.xbrl.org/2003/arcrole/parent-child' xlink:from='loc_LifeSettlementContractsInvestmentMethodAbstract' xlink:to='loc_LifeSettlementContractsInvestmentMethodChangeInExpectations' xlink:type='arc' />
<link:presentationArc order='10' xlink:arcrole='http://www.xbrl.org/2003/arcrole/parent-child' xlink:from='loc_LifeSettlementContractsInvestmentMethodCarryingAmountFiscalYearMaturityAbstract' xlink:to='loc_LifeSettlementContractsInvestmentMethodCarryingAmountMaturingInNextTwelveMonths' xlink:type='arc' />
<link:presentationArc order='20' xlink:arcrole='http://www.xbrl.org/2003/arcrole/parent-child' xlink:from='loc_LifeSettlementContractsInvestmentMethodCarryingAmountFiscalYearMaturityAbstract' xlink:to='loc_LifeSettlementContractsInvestmentMethodCarryingAmountMaturingInYearTwo' xlink:type='arc' />
<link:presentationArc order='30' xlink:arcrole='http://www.xbrl.org/2003/arcrole/parent-child' xlink:from='loc_LifeSettlementContractsInvestmentMethodCarryingAmountFiscalYearMaturityAbstract' xlink:to='loc_LifeSettlementContractsInvestmentMethodCarryingAmountMaturingInYearThree' xlink:type='arc' />
<link:presentationArc order='40' xlink:arcrole='http://www.xbrl.org/2003/arcrole/parent-child' xlink:from='loc_LifeSettlementContractsInvestmentMethodCarryingAmountFiscalYearMaturityAbstract' xlink:to='loc_LifeSettlementContractsInvestmentMethodCarryingAmountMaturingInYearFour' xlink:type='arc' />
<link:presentationArc order='50' xlink:arcrole='http://www.xbrl.org/2003/arcrole/parent-child' xlink:from='loc_LifeSettlementContractsInvestmentMethodCarryingAmountFiscalYearMaturityAbstract' xlink:to='loc_LifeSettlementContractsInvestmentMethodCarryingAmountMaturingInYearFive' xlink:type='arc' />
<link:presentationArc order='60' xlink:arcrole='http://www.xbrl.org/2003/arcrole/parent-child' xlink:from='loc_LifeSettlementContractsInvestmentMethodCarryingAmountFiscalYearMaturityAbstract' xlink:to='loc_LifeSettlementContractsInvestmentMethodCarryingAmountMaturingAfterYearFive' xlink:type='arc' />
<link:presentationArc order='70' preferredLabel='http://www.xbrl.org/2003/role/totalLabel' xlink:arcrole='http://www.xbrl.org/2003/arcrole/parent-child' xlink:from='loc_LifeSettlementContractsInvestmentMethodCarryingAmountFiscalYearMaturityAbstract' xlink:to='loc_LifeSettlementContractsInvestmentMethodCarryingAmount' xlink:type='arc' />
<link:presentationArc order='10' xlink:arcrole='http://www.xbrl.org/2003/arcrole/parent-child' xlink:from='loc_LifeSettlementContractsInvestmentMethodCarryingAmountRollingMaturityAbstract' xlink:to='loc_LifeSettlementContractsInvestmentMethodCarryingAmountMaturingInNextRollingTwelveMonths' xlink:type='arc' />
<link:presentationArc order='20' xlink:arcrole='http://www.xbrl.org/2003/arcrole/parent-child' xlink:from='loc_LifeSettlementContractsInvestmentMethodCarryingAmountRollingMaturityAbstract' xlink:to='loc_LifeSettlementContractsInvestmentMethodCarryingAmountMaturingInRollingYearTwo' xlink:type='arc' />
<link:presentationArc order='30' xlink:arcrole='http://www.xbrl.org/2003/arcrole/parent-child' xlink:from='loc_LifeSettlementContractsInvestmentMethodCarryingAmountRollingMaturityAbstract' xlink:to='loc_LifeSettlementContractsInvestmentMethodCarryingAmountMaturingInRollingYearThree' xlink:type='arc' />
<link:presentationArc order='40' xlink:arcrole='http://www.xbrl.org/2003/arcrole/parent-child' xlink:from='loc_LifeSettlementContractsInvestmentMethodCarryingAmountRollingMaturityAbstract' xlink:to='loc_LifeSettlementContractsInvestmentMethodCarryingAmountMaturingInRollingYearFour' xlink:type='arc' />
<link:presentationArc order='50' xlink:arcrole='http://www.xbrl.org/2003/arcrole/parent-child' xlink:from='loc_LifeSettlementContractsInvestmentMethodCarryingAmountRollingMaturityAbstract' xlink:to='loc_LifeSettlementContractsInvestmentMethodCarryingAmountMaturingInRollingYearFive' xlink:type='arc' />
<link:presentationArc order='60' xlink:arcrole='http://www.xbrl.org/2003/arcrole/parent-child' xlink:from='loc_LifeSettlementContractsInvestmentMethodCarryingAmountRollingMaturityAbstract' xlink:to='loc_LifeSettlementContractsInvestmentMethodCarryingAmountMaturingAfterRollingYearFive' xlink:type='arc' />
<link:presentationArc order='70' preferredLabel='http://www.xbrl.org/2003/role/totalLabel' xlink:arcrole='http://www.xbrl.org/2003/arcrole/parent-child' xlink:from='loc_LifeSettlementContractsInvestmentMethodCarryingAmountRollingMaturityAbstract' xlink:to='loc_LifeSettlementContractsInvestmentMethodCarryingAmount' xlink:type='arc' />
<link:presentationArc order='10' xlink:arcrole='http://www.xbrl.org/2003/arcrole/parent-child' xlink:from='loc_LifeSettlementContractsInvestmentMethodFaceValueFiscalYearMaturityAbstract' xlink:to='loc_LifeSettlementContractsInvestmentMethodFaceValueMaturingInNextTwelveMonths' xlink:type='arc' />
<link:presentationArc order='20' xlink:arcrole='http://www.xbrl.org/2003/arcrole/parent-child' xlink:from='loc_LifeSettlementContractsInvestmentMethodFaceValueFiscalYearMaturityAbstract' xlink:to='loc_LifeSettlementContractsInvestmentMethodFaceValueMaturingInYearTwo' xlink:type='arc' />
<link:presentationArc order='30' xlink:arcrole='http://www.xbrl.org/2003/arcrole/parent-child' xlink:from='loc_LifeSettlementContractsInvestmentMethodFaceValueFiscalYearMaturityAbstract' xlink:to='loc_LifeSettlementContractsInvestmentMethodFaceValueMaturingInYearThree' xlink:type='arc' />
<link:presentationArc order='40' xlink:arcrole='http://www.xbrl.org/2003/arcrole/parent-child' xlink:from='loc_LifeSettlementContractsInvestmentMethodFaceValueFiscalYearMaturityAbstract' xlink:to='loc_LifeSettlementContractsInvestmentMethodFaceValueMaturingInYearFour' xlink:type='arc' />
<link:presentationArc order='50' xlink:arcrole='http://www.xbrl.org/2003/arcrole/parent-child' xlink:from='loc_LifeSettlementContractsInvestmentMethodFaceValueFiscalYearMaturityAbstract' xlink:to='loc_LifeSettlementContractsInvestmentMethodFaceValueMaturingInYearFive' xlink:type='arc' />
<link:presentationArc order='60' xlink:arcrole='http://www.xbrl.org/2003/arcrole/parent-child' xlink:from='loc_LifeSettlementContractsInvestmentMethodFaceValueFiscalYearMaturityAbstract' xlink:to='loc_LifeSettlementContractsInvestmentMethodFaceValueMaturingAfterYearFive' xlink:type='arc' />
<link:presentationArc order='70' preferredLabel='http://www.xbrl.org/2003/role/totalLabel' xlink:arcrole='http://www.xbrl.org/2003/arcrole/parent-child' xlink:from='loc_LifeSettlementContractsInvestmentMethodFaceValueFiscalYearMaturityAbstract' xlink:to='loc_LifeSettlementContractsInvestmentMethodFaceValue' xlink:type='arc' />
<link:presentationArc order='10' xlink:arcrole='http://www.xbrl.org/2003/arcrole/parent-child' xlink:from='loc_LifeSettlementContractsInvestmentMethodFaceValueRollingMaturityAbstract' xlink:to='loc_LifeSettlementContractsInvestmentMethodFaceValueMaturingInNextRollingTwelveMonths' xlink:type='arc' />
<link:presentationArc order='20' xlink:arcrole='http://www.xbrl.org/2003/arcrole/parent-child' xlink:from='loc_LifeSettlementContractsInvestmentMethodFaceValueRollingMaturityAbstract' xlink:to='loc_LifeSettlementContractsInvestmentMethodFaceValueMaturingInRollingYearTwo' xlink:type='arc' />
<link:presentationArc order='30' xlink:arcrole='http://www.xbrl.org/2003/arcrole/parent-child' xlink:from='loc_LifeSettlementContractsInvestmentMethodFaceValueRollingMaturityAbstract' xlink:to='loc_LifeSettlementContractsInvestmentMethodFaceValueMaturingInRollingYearThree' xlink:type='arc' />
<link:presentationArc order='40' xlink:arcrole='http://www.xbrl.org/2003/arcrole/parent-child' xlink:from='loc_LifeSettlementContractsInvestmentMethodFaceValueRollingMaturityAbstract' xlink:to='loc_LifeSettlementContractsInvestmentMethodFaceValueMaturingInRollingYearFour' xlink:type='arc' />
<link:presentationArc order='50' xlink:arcrole='http://www.xbrl.org/2003/arcrole/parent-child' xlink:from='loc_LifeSettlementContractsInvestmentMethodFaceValueRollingMaturityAbstract' xlink:to='loc_LifeSettlementContractsInvestmentMethodFaceValueMaturingInRollingYearFive' xlink:type='arc' />
<link:presentationArc order='60' xlink:arcrole='http://www.xbrl.org/2003/arcrole/parent-child' xlink:from='loc_LifeSettlementContractsInvestmentMethodFaceValueRollingMaturityAbstract' xlink:to='loc_LifeSettlementContractsInvestmentMethodFaceValueMaturingAfterRollingYearFive' xlink:type='arc' />
<link:presentationArc order='70' preferredLabel='http://www.xbrl.org/2003/role/totalLabel' xlink:arcrole='http://www.xbrl.org/2003/arcrole/parent-child' xlink:from='loc_LifeSettlementContractsInvestmentMethodFaceValueRollingMaturityAbstract' xlink:to='loc_LifeSettlementContractsInvestmentMethodFaceValue' xlink:type='arc' />
<link:presentationArc order='10' xlink:arcrole='http://www.xbrl.org/2003/arcrole/parent-child' xlink:from='loc_LifeSettlementContractsInvestmentMethodNumberOfContractsFiscalYearMaturityAbstract' xlink:to='loc_LifeSettlementContractsInvestmentMethodNumberOfContractsMaturingInNextTwelveMonths' xlink:type='arc' />
<link:presentationArc order='20' xlink:arcrole='http://www.xbrl.org/2003/arcrole/parent-child' xlink:from='loc_LifeSettlementContractsInvestmentMethodNumberOfContractsFiscalYearMaturityAbstract' xlink:to='loc_LifeSettlementContractsInvestmentMethodNumberOfContractsMaturingInYearTwo' xlink:type='arc' />
<link:presentationArc order='30' xlink:arcrole='http://www.xbrl.org/2003/arcrole/parent-child' xlink:from='loc_LifeSettlementContractsInvestmentMethodNumberOfContractsFiscalYearMaturityAbstract' xlink:to='loc_LifeSettlementContractsInvestmentMethodNumberOfContractsMaturingInYearThree' xlink:type='arc' />
<link:presentationArc order='40' xlink:arcrole='http://www.xbrl.org/2003/arcrole/parent-child' xlink:from='loc_LifeSettlementContractsInvestmentMethodNumberOfContractsFiscalYearMaturityAbstract' xlink:to='loc_LifeSettlementContractsInvestmentMethodNumberOfContractsMaturingInYearFour' xlink:type='arc' />
<link:presentationArc order='50' xlink:arcrole='http://www.xbrl.org/2003/arcrole/parent-child' xlink:from='loc_LifeSettlementContractsInvestmentMethodNumberOfContractsFiscalYearMaturityAbstract' xlink:to='loc_LifeSettlementContractsInvestmentMethodNumberOfContractsMaturingInYearFive' xlink:type='arc' />
<link:presentationArc order='60' xlink:arcrole='http://www.xbrl.org/2003/arcrole/parent-child' xlink:from='loc_LifeSettlementContractsInvestmentMethodNumberOfContractsFiscalYearMaturityAbstract' xlink:to='loc_LifeSettlementContractsInvestmentMethodNumberOfContractsMaturingAfterYearFive' xlink:type='arc' />
<link:presentationArc order='70' preferredLabel='http://www.xbrl.org/2003/role/totalLabel' xlink:arcrole='http://www.xbrl.org/2003/arcrole/parent-child' xlink:from='loc_LifeSettlementContractsInvestmentMethodNumberOfContractsFiscalYearMaturityAbstract' xlink:to='loc_LifeSettlementContractsInvestmentMethodNumberOfContracts' xlink:type='arc' />
<link:presentationArc order='10' xlink:arcrole='http://www.xbrl.org/2003/arcrole/parent-child' xlink:from='loc_LifeSettlementContractsInvestmentMethodNumberOfContractsRollingMaturityAbstract' xlink:to='loc_LifeSettlementContractsInvestmentMethodNumberOfContractsMaturingInNextRollingTwelveMonths' xlink:type='arc' />
<link:presentationArc order='20' xlink:arcrole='http://www.xbrl.org/2003/arcrole/parent-child' xlink:from='loc_LifeSettlementContractsInvestmentMethodNumberOfContractsRollingMaturityAbstract' xlink:to='loc_LifeSettlementContractsInvestmentMethodNumberOfContractsMaturingInRollingYearTwo' xlink:type='arc' />
<link:presentationArc order='30' xlink:arcrole='http://www.xbrl.org/2003/arcrole/parent-child' xlink:from='loc_LifeSettlementContractsInvestmentMethodNumberOfContractsRollingMaturityAbstract' xlink:to='loc_LifeSettlementContractsInvestmentMethodNumberOfContractsMaturingInRollingYearThree' xlink:type='arc' />
<link:presentationArc order='40' xlink:arcrole='http://www.xbrl.org/2003/arcrole/parent-child' xlink:from='loc_LifeSettlementContractsInvestmentMethodNumberOfContractsRollingMaturityAbstract' xlink:to='loc_LifeSettlementContractsInvestmentMethodNumberOfContractsMaturingInRollingYearFour' xlink:type='arc' />
<link:presentationArc order='50' xlink:arcrole='http://www.xbrl.org/2003/arcrole/parent-child' xlink:from='loc_LifeSettlementContractsInvestmentMethodNumberOfContractsRollingMaturityAbstract' xlink:to='loc_LifeSettlementContractsInvestmentMethodNumberOfContractsMaturingInRollingYearFive' xlink:type='arc' />
<link:presentationArc order='60' xlink:arcrole='http://www.xbrl.org/2003/arcrole/parent-child' xlink:from='loc_LifeSettlementContractsInvestmentMethodNumberOfContractsRollingMaturityAbstract' xlink:to='loc_LifeSettlementContractsInvestmentMethodNumberOfContractsMaturingAfterRollingYearFive' xlink:type='arc' />
<link:presentationArc order='70' preferredLabel='http://www.xbrl.org/2003/role/totalLabel' xlink:arcrole='http://www.xbrl.org/2003/arcrole/parent-child' xlink:from='loc_LifeSettlementContractsInvestmentMethodNumberOfContractsRollingMaturityAbstract' xlink:to='loc_LifeSettlementContractsInvestmentMethodNumberOfContracts' xlink:type='arc' />
<link:presentationArc order='10' xlink:arcrole='http://www.xbrl.org/2003/arcrole/parent-child' xlink:from='loc_LifeSettlementContractsInvestmentMethodPremiumsToBePaidFiscalYearMaturityAbstract' xlink:to='loc_LifeSettlementContractsInvestmentMethodPremiumsToBePaidInNextTwelveMonths' xlink:type='arc' />
<link:presentationArc order='20' xlink:arcrole='http://www.xbrl.org/2003/arcrole/parent-child' xlink:from='loc_LifeSettlementContractsInvestmentMethodPremiumsToBePaidFiscalYearMaturityAbstract' xlink:to='loc_LifeSettlementContractsInvestmentMethodPremiumsToBePaidInYearTwo' xlink:type='arc' />
<link:presentationArc order='30' xlink:arcrole='http://www.xbrl.org/2003/arcrole/parent-child' xlink:from='loc_LifeSettlementContractsInvestmentMethodPremiumsToBePaidFiscalYearMaturityAbstract' xlink:to='loc_LifeSettlementContractsInvestmentMethodPremiumsToBePaidInYearThree' xlink:type='arc' />
<link:presentationArc order='40' xlink:arcrole='http://www.xbrl.org/2003/arcrole/parent-child' xlink:from='loc_LifeSettlementContractsInvestmentMethodPremiumsToBePaidFiscalYearMaturityAbstract' xlink:to='loc_LifeSettlementContractsInvestmentMethodPremiumsToBePaidInYearFour' xlink:type='arc' />
<link:presentationArc order='50' xlink:arcrole='http://www.xbrl.org/2003/arcrole/parent-child' xlink:from='loc_LifeSettlementContractsInvestmentMethodPremiumsToBePaidFiscalYearMaturityAbstract' xlink:to='loc_LifeSettlementContractsInvestmentMethodPremiumsToBePaidInYearFive' xlink:type='arc' />
<link:presentationArc order='60' xlink:arcrole='http://www.xbrl.org/2003/arcrole/parent-child' xlink:from='loc_LifeSettlementContractsInvestmentMethodPremiumsToBePaidFiscalYearMaturityAbstract' xlink:to='loc_LifeSettlementContractsInvestmentMethodPremiumsToBePaidAfterYearFive' xlink:type='arc' />
<link:presentationArc order='70' preferredLabel='http://www.xbrl.org/2003/role/totalLabel' xlink:arcrole='http://www.xbrl.org/2003/arcrole/parent-child' xlink:from='loc_LifeSettlementContractsInvestmentMethodPremiumsToBePaidFiscalYearMaturityAbstract' xlink:to='loc_LifeSettlementContractsInvestmentMethodFiveYearDisclosurePremiumsToBePaid' xlink:type='arc' />
<link:presentationArc order='10' xlink:arcrole='http://www.xbrl.org/2003/arcrole/parent-child' xlink:from='loc_LifeSettlementContractsInvestmentMethodPremiumsToBePaidRollingMaturityAbstract' xlink:to='loc_LifeSettlementContractsInvestmentMethodPremiumsToBePaidInNextRollingTwelveMonths' xlink:type='arc' />
<link:presentationArc order='20' xlink:arcrole='http://www.xbrl.org/2003/arcrole/parent-child' xlink:from='loc_LifeSettlementContractsInvestmentMethodPremiumsToBePaidRollingMaturityAbstract' xlink:to='loc_LifeSettlementContractsInvestmentMethodPremiumsToBePaidInRollingYearTwo' xlink:type='arc' />
<link:presentationArc order='30' xlink:arcrole='http://www.xbrl.org/2003/arcrole/parent-child' xlink:from='loc_LifeSettlementContractsInvestmentMethodPremiumsToBePaidRollingMaturityAbstract' xlink:to='loc_LifeSettlementContractsInvestmentMethodPremiumsToBePaidInRollingYearThree' xlink:type='arc' />
<link:presentationArc order='40' xlink:arcrole='http://www.xbrl.org/2003/arcrole/parent-child' xlink:from='loc_LifeSettlementContractsInvestmentMethodPremiumsToBePaidRollingMaturityAbstract' xlink:to='loc_LifeSettlementContractsInvestmentMethodPremiumsToBePaidInRollingYearFour' xlink:type='arc' />
<link:presentationArc order='50' xlink:arcrole='http://www.xbrl.org/2003/arcrole/parent-child' xlink:from='loc_LifeSettlementContractsInvestmentMethodPremiumsToBePaidRollingMaturityAbstract' xlink:to='loc_LifeSettlementContractsInvestmentMethodPremiumsToBePaidInRollingYearFive' xlink:type='arc' />
<link:presentationArc order='60' xlink:arcrole='http://www.xbrl.org/2003/arcrole/parent-child' xlink:from='loc_LifeSettlementContractsInvestmentMethodPremiumsToBePaidRollingMaturityAbstract' xlink:to='loc_LifeSettlementContractsInvestmentMethodPremiumsToBePaidAfterRollingYearFive' xlink:type='arc' />
<link:presentationArc order='70' preferredLabel='http://www.xbrl.org/2003/role/totalLabel' xlink:arcrole='http://www.xbrl.org/2003/arcrole/parent-child' xlink:from='loc_LifeSettlementContractsInvestmentMethodPremiumsToBePaidRollingMaturityAbstract' xlink:to='loc_LifeSettlementContractsInvestmentMethodFiveYearDisclosurePremiumsToBePaid' xlink:type='arc' />
<link:presentationArc order='10' xlink:arcrole='http://www.xbrl.org/2003/arcrole/parent-child' xlink:from='loc_MajorTypesOfDebtAndEquitySecuritiesAxis' xlink:to='loc_MajorTypesOfDebtAndEquitySecuritiesDomain' xlink:type='arc' />
<link:presentationArc order='10' xlink:arcrole='http://www.xbrl.org/2003/arcrole/parent-child' xlink:from='loc_MajorTypesOfDebtAndEquitySecuritiesDomain' xlink:to='loc_EquitySecuritiesMember' xlink:type='arc' />
<link:presentationArc order='20' xlink:arcrole='http://www.xbrl.org/2003/arcrole/parent-child' xlink:from='loc_MajorTypesOfDebtAndEquitySecuritiesDomain' xlink:to='loc_DebtSecuritiesMember' xlink:type='arc' />
<link:presentationArc order='10' xlink:arcrole='http://www.xbrl.org/2003/arcrole/parent-child' xlink:from='loc_PreferredStockMember' xlink:to='loc_NonredeemablePreferredStockMember' xlink:type='arc' />
<link:presentationArc order='20' xlink:arcrole='http://www.xbrl.org/2003/arcrole/parent-child' xlink:from='loc_PreferredStockMember' xlink:to='loc_RedeemablePreferredStockMember' xlink:type='arc' />
<link:presentationArc order='30' xlink:arcrole='http://www.xbrl.org/2003/arcrole/parent-child' xlink:from='loc_PreferredStockMember' xlink:to='loc_ConvertiblePreferredStockMember' xlink:type='arc' />
<link:presentationArc order='40' xlink:arcrole='http://www.xbrl.org/2003/arcrole/parent-child' xlink:from='loc_PreferredStockMember' xlink:to='loc_ContingentConvertiblePreferredStockMember' xlink:type='arc' />
<link:presentationArc order='10' xlink:arcrole='http://www.xbrl.org/2003/arcrole/parent-child' xlink:from='loc_ScheduleOfCostMethodInvestmentsLineItems' xlink:to='loc_CostMethodInvestmentsRealizedGainLossAbstract' xlink:type='arc' />
<link:presentationArc order='20' xlink:arcrole='http://www.xbrl.org/2003/arcrole/parent-child' xlink:from='loc_ScheduleOfCostMethodInvestmentsLineItems' xlink:to='loc_CostmethodInvestmentsRealizedGainLossAlternativeAbstract' xlink:type='arc' />
<link:presentationArc order='30' xlink:arcrole='http://www.xbrl.org/2003/arcrole/parent-child' xlink:from='loc_ScheduleOfCostMethodInvestmentsLineItems' xlink:to='loc_CostMethodInvestments' xlink:type='arc' />
<link:presentationArc order='40' xlink:arcrole='http://www.xbrl.org/2003/arcrole/parent-child' xlink:from='loc_ScheduleOfCostMethodInvestmentsLineItems' xlink:to='loc_CostMethodInvestmentsOriginalCost' xlink:type='arc' />
<link:presentationArc order='50' xlink:arcrole='http://www.xbrl.org/2003/arcrole/parent-child' xlink:from='loc_ScheduleOfCostMethodInvestmentsLineItems' xlink:to='loc_CostmethodInvestmentsOtherThanTemporaryImpairment' xlink:type='arc' />
<link:presentationArc order='60' xlink:arcrole='http://www.xbrl.org/2003/arcrole/parent-child' xlink:from='loc_ScheduleOfCostMethodInvestmentsLineItems' xlink:to='loc_CostMethodInvestmentsAggregateCarryingAmountNotEvaluatedForImpairment' xlink:type='arc' />
<link:presentationArc order='70' xlink:arcrole='http://www.xbrl.org/2003/arcrole/parent-child' xlink:from='loc_ScheduleOfCostMethodInvestmentsLineItems' xlink:to='loc_CostMethodInvestmentsStatementThatFairValueWasNotEstimated' xlink:type='arc' />
<link:presentationArc order='80' xlink:arcrole='http://www.xbrl.org/2003/arcrole/parent-child' xlink:from='loc_ScheduleOfCostMethodInvestmentsLineItems' xlink:to='loc_CostMethodInvestmentsAdditionalInformation' xlink:type='arc' />
<link:presentationArc order='10' xlink:arcrole='http://www.xbrl.org/2003/arcrole/parent-child' xlink:from='loc_ScheduleOfCostMethodInvestmentsTable' xlink:to='loc_MajorTypesOfDebtAndEquitySecuritiesAxis' xlink:type='arc' />
<link:presentationArc order='20' xlink:arcrole='http://www.xbrl.org/2003/arcrole/parent-child' xlink:from='loc_ScheduleOfCostMethodInvestmentsTable' xlink:to='loc_ScheduleOfEquityMethodInvestmentEquityMethodInvesteeNameAxis' xlink:type='arc' />
<link:presentationArc order='30' xlink:arcrole='http://www.xbrl.org/2003/arcrole/parent-child' xlink:from='loc_ScheduleOfCostMethodInvestmentsTable' xlink:to='loc_ScheduleOfCostMethodInvestmentsLineItems' xlink:type='arc' />
<link:presentationArc order='10' xlink:arcrole='http://www.xbrl.org/2003/arcrole/parent-child' xlink:from='loc_TableTextBlockSupplementAbstract' xlink:to='loc_ScheduleOfComponentsOfLeveragedLeaseInvestmentsTableTextBlock' xlink:type='arc' />
<link:presentationArc order='10' xlink:arcrole='http://www.xbrl.org/2003/arcrole/parent-child' xlink:from='loc_USTreasuryAndGovernmentMember' xlink:to='loc_USTreasurySecuritiesMember' xlink:type='arc' />
<link:presentationArc order='20' xlink:arcrole='http://www.xbrl.org/2003/arcrole/parent-child' xlink:from='loc_USTreasuryAndGovernmentMember' xlink:to='loc_USGovernmentAgenciesDebtSecuritiesMember' xlink:type='arc' />
<link:presentationArc order='30' xlink:arcrole='http://www.xbrl.org/2003/arcrole/parent-child' xlink:from='loc_USTreasuryAndGovernmentMember' xlink:to='loc_USGovernmentSponsoredEnterprisesDebtSecuritiesMember' xlink:type='arc' />
</link:presentationLink>
</link:linkbase>
