<?xml version='1.0' encoding='UTF-8'?>

<!--
(c) XBRL US, Inc. 2007-2010; Financial Accounting Foundation, Inc. 2010-2017.  All Rights Reserved.
Notice: Authorized Uses are Set Forth at http://xbrl.fasb.org/terms/TaxonomiesTermsConditions.html
  -->
<link:linkbase xmlns:link='http://www.xbrl.org/2003/linkbase' xmlns:xbrldt='http://xbrl.org/2005/xbrldt' xmlns:xlink='http://www.w3.org/1999/xlink' xmlns:xsi='http://www.w3.org/2001/XMLSchema-instance' xsi:schemaLocation='http://www.xbrl.org/2003/linkbase http://www.xbrl.org/2003/xbrl-linkbase-2003-12-31.xsd'>
<link:roleRef roleURI='http://fasb.org/us-gaap/role/disclosure/RetirementBenefitsTmp06ScheduleOfDefinedBenefitPlansDisclosuresTable' xlink:href='../elts/us-roles-2017-01-31.xsd#RetirementBenefitsTmp06ScheduleOfDefinedBenefitPlansDisclosuresTable' xlink:type='simple' />
<link:arcroleRef arcroleURI='http://xbrl.org/int/dim/arcrole/all' xlink:href='http://www.xbrl.org/2005/xbrldt-2005.xsd#all' xlink:type='simple' />
<link:arcroleRef arcroleURI='http://xbrl.org/int/dim/arcrole/dimension-default' xlink:href='http://www.xbrl.org/2005/xbrldt-2005.xsd#dimension-default' xlink:type='simple' />
<link:arcroleRef arcroleURI='http://xbrl.org/int/dim/arcrole/dimension-domain' xlink:href='http://www.xbrl.org/2005/xbrldt-2005.xsd#dimension-domain' xlink:type='simple' />
<link:arcroleRef arcroleURI='http://xbrl.org/int/dim/arcrole/domain-member' xlink:href='http://www.xbrl.org/2005/xbrldt-2005.xsd#domain-member' xlink:type='simple' />
<link:arcroleRef arcroleURI='http://xbrl.org/int/dim/arcrole/hypercube-dimension' xlink:href='http://www.xbrl.org/2005/xbrldt-2005.xsd#hypercube-dimension' xlink:type='simple' />
<link:definitionLink xlink:role='http://fasb.org/us-gaap/role/disclosure/RetirementBenefitsTmp06ScheduleOfDefinedBenefitPlansDisclosuresTable' xlink:type='extended'>
<link:loc xlink:href='../elts/us-gaap-2017-01-31.xsd#us-gaap_DefinedBenefitPlanDisclosureLineItems' xlink:label='loc_DefinedBenefitPlanDisclosureLineItems' xlink:type='locator' />
<link:loc xlink:href='../elts/us-gaap-2017-01-31.xsd#us-gaap_ScheduleOfDefinedBenefitPlansDisclosuresTable' xlink:label='loc_ScheduleOfDefinedBenefitPlansDisclosuresTable' xlink:type='locator' />
<link:definitionArc priority="10" order='1.0' xbrldt:closed='true' xbrldt:contextElement='segment' xlink:arcrole='http://xbrl.org/int/dim/arcrole/all' xlink:from='loc_DefinedBenefitPlanDisclosureLineItems' xlink:to='loc_ScheduleOfDefinedBenefitPlansDisclosuresTable' xlink:type='arc' />
</link:definitionLink>
<link:definitionLink xlink:role='http://fasb.org/us-gaap/role/disclosure/RetirementBenefitsTmp06ScheduleOfDefinedBenefitPlansDisclosuresTable' xlink:type='extended'>
<link:loc xlink:href='../elts/us-gaap-2017-01-31.xsd#us-gaap_RetirementPlanSponsorLocationAxis' xlink:label='loc_RetirementPlanSponsorLocationAxis' xlink:type='locator' />
<link:loc xlink:href='../elts/us-gaap-2017-01-31.xsd#us-gaap_RetirementPlanSponsorLocationDomain' xlink:label='loc_RetirementPlanSponsorLocationDomain' xlink:type='locator' />
<link:loc xlink:href='../elts/us-gaap-2017-01-31.xsd#us-gaap_RetirementPlanTaxStatusAxis' xlink:label='loc_RetirementPlanTaxStatusAxis' xlink:type='locator' />
<link:loc xlink:href='../elts/us-gaap-2017-01-31.xsd#us-gaap_RetirementPlanTaxStatusDomain' xlink:label='loc_RetirementPlanTaxStatusDomain' xlink:type='locator' />
<link:loc xlink:href='../elts/us-gaap-2017-01-31.xsd#us-gaap_RetirementPlanTypeAxis' xlink:label='loc_RetirementPlanTypeAxis' xlink:type='locator' />
<link:loc xlink:href='../elts/us-gaap-2017-01-31.xsd#us-gaap_RetirementPlanTypeDomain' xlink:label='loc_RetirementPlanTypeDomain' xlink:type='locator' />
<link:definitionArc priority="10" order='2.0' xlink:arcrole='http://xbrl.org/int/dim/arcrole/dimension-default' xlink:from='loc_RetirementPlanSponsorLocationAxis' xlink:to='loc_RetirementPlanSponsorLocationDomain' xlink:type='arc' />
<link:definitionArc priority="10" order='3.0' xlink:arcrole='http://xbrl.org/int/dim/arcrole/dimension-default' xlink:from='loc_RetirementPlanTaxStatusAxis' xlink:to='loc_RetirementPlanTaxStatusDomain' xlink:type='arc' />
<link:definitionArc priority="10" order='1.0' xlink:arcrole='http://xbrl.org/int/dim/arcrole/dimension-default' xlink:from='loc_RetirementPlanTypeAxis' xlink:to='loc_RetirementPlanTypeDomain' xlink:type='arc' />
</link:definitionLink>
<link:definitionLink xlink:role='http://fasb.org/us-gaap/role/disclosure/RetirementBenefitsTmp06ScheduleOfDefinedBenefitPlansDisclosuresTable' xlink:type='extended'>
<link:loc xlink:href='../elts/us-gaap-2017-01-31.xsd#us-gaap_RetirementPlanSponsorLocationAxis' xlink:label='loc_RetirementPlanSponsorLocationAxis' xlink:type='locator' />
<link:loc xlink:href='../elts/us-gaap-2017-01-31.xsd#us-gaap_RetirementPlanSponsorLocationDomain' xlink:label='loc_RetirementPlanSponsorLocationDomain' xlink:type='locator' />
<link:loc xlink:href='../elts/us-gaap-2017-01-31.xsd#us-gaap_RetirementPlanTaxStatusAxis' xlink:label='loc_RetirementPlanTaxStatusAxis' xlink:type='locator' />
<link:loc xlink:href='../elts/us-gaap-2017-01-31.xsd#us-gaap_RetirementPlanTaxStatusDomain' xlink:label='loc_RetirementPlanTaxStatusDomain' xlink:type='locator' />
<link:loc xlink:href='../elts/us-gaap-2017-01-31.xsd#us-gaap_RetirementPlanTypeAxis' xlink:label='loc_RetirementPlanTypeAxis' xlink:type='locator' />
<link:loc xlink:href='../elts/us-gaap-2017-01-31.xsd#us-gaap_RetirementPlanTypeDomain' xlink:label='loc_RetirementPlanTypeDomain' xlink:type='locator' />
<link:definitionArc priority="10" order='2.0' xlink:arcrole='http://xbrl.org/int/dim/arcrole/dimension-domain' xlink:from='loc_RetirementPlanSponsorLocationAxis' xlink:to='loc_RetirementPlanSponsorLocationDomain' xlink:type='arc' />
<link:definitionArc priority="10" order='3.0' xlink:arcrole='http://xbrl.org/int/dim/arcrole/dimension-domain' xlink:from='loc_RetirementPlanTaxStatusAxis' xlink:to='loc_RetirementPlanTaxStatusDomain' xlink:type='arc' />
<link:definitionArc priority="10" order='1.0' xlink:arcrole='http://xbrl.org/int/dim/arcrole/dimension-domain' xlink:from='loc_RetirementPlanTypeAxis' xlink:to='loc_RetirementPlanTypeDomain' xlink:type='arc' />
</link:definitionLink>
<link:definitionLink xlink:role='http://fasb.org/us-gaap/role/disclosure/RetirementBenefitsTmp06ScheduleOfDefinedBenefitPlansDisclosuresTable' xlink:type='extended'>
<link:loc xlink:href='../elts/us-gaap-2017-01-31.xsd#us-gaap_DefinedBenefitPlanDisclosureLineItems' xlink:label='loc_DefinedBenefitPlanDisclosureLineItems' xlink:type='locator' />
<link:loc xlink:href='../elts/us-gaap-2017-01-31.xsd#us-gaap_DefinedBenefitPlanChangeInBenefitObligationRollForward' xlink:label='loc_DefinedBenefitPlanChangeInBenefitObligationRollForward' xlink:type='locator' />
<link:loc xlink:href='../elts/us-gaap-2017-01-31.xsd#us-gaap_DefinedBenefitPlanChangeInFairValueOfPlanAssetsRollForward' xlink:label='loc_DefinedBenefitPlanChangeInFairValueOfPlanAssetsRollForward' xlink:type='locator' />
<link:loc xlink:href='../elts/us-gaap-2017-01-31.xsd#us-gaap_DefinedBenefitPlanFundedStatusOfPlan' xlink:label='loc_DefinedBenefitPlanFundedStatusOfPlan' xlink:type='locator' />
<link:loc xlink:href='../elts/us-gaap-2017-01-31.xsd#us-gaap_DefinedBenefitPlanBenefitObligation' xlink:label='loc_DefinedBenefitPlanBenefitObligation' xlink:type='locator' />
<link:loc xlink:href='../elts/us-gaap-2017-01-31.xsd#us-gaap_DefinedBenefitPlanServiceCost' xlink:label='loc_DefinedBenefitPlanServiceCost' xlink:type='locator' />
<link:loc xlink:href='../elts/us-gaap-2017-01-31.xsd#us-gaap_DefinedBenefitPlanInterestCost' xlink:label='loc_DefinedBenefitPlanInterestCost' xlink:type='locator' />
<link:loc xlink:href='../elts/us-gaap-2017-01-31.xsd#us-gaap_DefinedBenefitPlanPlanAmendments' xlink:label='loc_DefinedBenefitPlanPlanAmendments' xlink:type='locator' />
<link:loc xlink:href='../elts/us-gaap-2017-01-31.xsd#us-gaap_DefinedBenefitPlanActuarialGainLoss' xlink:label='loc_DefinedBenefitPlanActuarialGainLoss' xlink:type='locator' />
<link:loc xlink:href='../elts/us-gaap-2017-01-31.xsd#us-gaap_DefinedBenefitPlanBenefitObligationContributionsByPlanParticipant' xlink:label='loc_DefinedBenefitPlanBenefitObligationContributionsByPlanParticipant' xlink:type='locator' />
<link:loc xlink:href='../elts/us-gaap-2017-01-31.xsd#us-gaap_DefinedBenefitPlanBenefitObligationBenefitsPaid' xlink:label='loc_DefinedBenefitPlanBenefitObligationBenefitsPaid' xlink:type='locator' />
<link:loc xlink:href='../elts/us-gaap-2017-01-31.xsd#us-gaap_DefinedBenefitPlanBenefitObligationPrescriptionDrugSubsidyReceipt' xlink:label='loc_DefinedBenefitPlanBenefitObligationPrescriptionDrugSubsidyReceipt' xlink:type='locator' />
<link:loc xlink:href='../elts/us-gaap-2017-01-31.xsd#us-gaap_DefinedBenefitPlanDivestituresBenefitObligation' xlink:label='loc_DefinedBenefitPlanDivestituresBenefitObligation' xlink:type='locator' />
<link:loc xlink:href='../elts/us-gaap-2017-01-31.xsd#us-gaap_DefinedBenefitPlanBenefitObligationPaymentForSettlement' xlink:label='loc_DefinedBenefitPlanBenefitObligationPaymentForSettlement' xlink:type='locator' />
<link:loc xlink:href='../elts/us-gaap-2017-01-31.xsd#us-gaap_DefinedBenefitPlanCurtailments' xlink:label='loc_DefinedBenefitPlanCurtailments' xlink:type='locator' />
<link:loc xlink:href='../elts/us-gaap-2017-01-31.xsd#us-gaap_DefinedBenefitPlanForeignCurrencyExchangeRateChangesBenefitObligation' xlink:label='loc_DefinedBenefitPlanForeignCurrencyExchangeRateChangesBenefitObligation' xlink:type='locator' />
<link:loc xlink:href='../elts/us-gaap-2017-01-31.xsd#us-gaap_DefinedBenefitPlanFairValueOfPlanAssets' xlink:label='loc_DefinedBenefitPlanFairValueOfPlanAssets' xlink:type='locator' />
<link:loc xlink:href='../elts/us-gaap-2017-01-31.xsd#us-gaap_DefinedBenefitPlanActualReturnOnPlanAssets' xlink:label='loc_DefinedBenefitPlanActualReturnOnPlanAssets' xlink:type='locator' />
<link:loc xlink:href='../elts/us-gaap-2017-01-31.xsd#us-gaap_DefinedBenefitPlanContributionsByEmployer' xlink:label='loc_DefinedBenefitPlanContributionsByEmployer' xlink:type='locator' />
<link:loc xlink:href='../elts/us-gaap-2017-01-31.xsd#us-gaap_DefinedBenefitPlanPlanAssetsContributionsByPlanParticipant' xlink:label='loc_DefinedBenefitPlanPlanAssetsContributionsByPlanParticipant' xlink:type='locator' />
<link:loc xlink:href='../elts/us-gaap-2017-01-31.xsd#us-gaap_DefinedBenefitPlanDivestituresPlanAssets' xlink:label='loc_DefinedBenefitPlanDivestituresPlanAssets' xlink:type='locator' />
<link:loc xlink:href='../elts/us-gaap-2017-01-31.xsd#us-gaap_DefinedBenefitPlanSettlementsPlanAssets' xlink:label='loc_DefinedBenefitPlanSettlementsPlanAssets' xlink:type='locator' />
<link:loc xlink:href='../elts/us-gaap-2017-01-31.xsd#us-gaap_DefinedBenefitPlanPlanAssetsBenefitsPaid' xlink:label='loc_DefinedBenefitPlanPlanAssetsBenefitsPaid' xlink:type='locator' />
<link:loc xlink:href='../elts/us-gaap-2017-01-31.xsd#us-gaap_DefinedBenefitPlanPlanAssetsPrescriptionDrugSubsidyReceipt' xlink:label='loc_DefinedBenefitPlanPlanAssetsPrescriptionDrugSubsidyReceipt' xlink:type='locator' />
<link:loc xlink:href='../elts/us-gaap-2017-01-31.xsd#us-gaap_DefinedBenefitPlanPlanAssetsForeignCurrencyTranslationGainLoss' xlink:label='loc_DefinedBenefitPlanPlanAssetsForeignCurrencyTranslationGainLoss' xlink:type='locator' />
<link:loc xlink:href='../elts/us-gaap-2017-01-31.xsd#us-gaap_DomesticPlanMember' xlink:label='loc_DomesticPlanMember' xlink:type='locator' />
<link:loc xlink:href='http://xbrl.sec.gov/country/2017/country-2017-01-31.xsd#country_US' xlink:label='loc_US' xlink:type='locator' />
<link:loc xlink:href='../elts/us-gaap-2017-01-31.xsd#us-gaap_RetirementPlanSponsorLocationDomain' xlink:label='loc_RetirementPlanSponsorLocationDomain' xlink:type='locator' />
<link:loc xlink:href='../elts/us-gaap-2017-01-31.xsd#us-gaap_ForeignPlanMember' xlink:label='loc_ForeignPlanMember' xlink:type='locator' />
<link:loc xlink:href='../elts/us-gaap-2017-01-31.xsd#us-gaap_RetirementPlanTaxStatusDomain' xlink:label='loc_RetirementPlanTaxStatusDomain' xlink:type='locator' />
<link:loc xlink:href='../elts/us-gaap-2017-01-31.xsd#us-gaap_QualifiedPlanMember' xlink:label='loc_QualifiedPlanMember' xlink:type='locator' />
<link:loc xlink:href='../elts/us-gaap-2017-01-31.xsd#us-gaap_NonqualifiedPlanMember' xlink:label='loc_NonqualifiedPlanMember' xlink:type='locator' />
<link:loc xlink:href='../elts/us-gaap-2017-01-31.xsd#us-gaap_RetirementPlanTypeDomain' xlink:label='loc_RetirementPlanTypeDomain' xlink:type='locator' />
<link:loc xlink:href='../elts/us-gaap-2017-01-31.xsd#us-gaap_PensionPlansDefinedBenefitMember' xlink:label='loc_PensionPlansDefinedBenefitMember' xlink:type='locator' />
<link:loc xlink:href='../elts/us-gaap-2017-01-31.xsd#us-gaap_OtherPostretirementBenefitPlansDefinedBenefitMember' xlink:label='loc_OtherPostretirementBenefitPlansDefinedBenefitMember' xlink:type='locator' />
<link:definitionArc priority="10" order='1.0' xlink:arcrole='http://xbrl.org/int/dim/arcrole/domain-member' xlink:from='loc_DefinedBenefitPlanDisclosureLineItems' xlink:to='loc_DefinedBenefitPlanChangeInBenefitObligationRollForward' xlink:type='arc' />
<link:definitionArc priority="10" order='15.0' xlink:arcrole='http://xbrl.org/int/dim/arcrole/domain-member' xlink:from='loc_DefinedBenefitPlanDisclosureLineItems' xlink:to='loc_DefinedBenefitPlanChangeInFairValueOfPlanAssetsRollForward' xlink:type='arc' />
<link:definitionArc priority="10" order='26.0' xlink:arcrole='http://xbrl.org/int/dim/arcrole/domain-member' xlink:from='loc_DefinedBenefitPlanDisclosureLineItems' xlink:to='loc_DefinedBenefitPlanFundedStatusOfPlan' xlink:type='arc' />
<link:definitionArc priority="10" order='2.0' xlink:arcrole='http://xbrl.org/int/dim/arcrole/domain-member' xlink:from='loc_DefinedBenefitPlanChangeInBenefitObligationRollForward' xlink:to='loc_DefinedBenefitPlanBenefitObligation' xlink:type='arc' />
<link:definitionArc priority="10" order='3.0' xlink:arcrole='http://xbrl.org/int/dim/arcrole/domain-member' xlink:from='loc_DefinedBenefitPlanChangeInBenefitObligationRollForward' xlink:to='loc_DefinedBenefitPlanServiceCost' xlink:type='arc' />
<link:definitionArc priority="10" order='4.0' xlink:arcrole='http://xbrl.org/int/dim/arcrole/domain-member' xlink:from='loc_DefinedBenefitPlanChangeInBenefitObligationRollForward' xlink:to='loc_DefinedBenefitPlanInterestCost' xlink:type='arc' />
<link:definitionArc priority="10" order='5.0' xlink:arcrole='http://xbrl.org/int/dim/arcrole/domain-member' xlink:from='loc_DefinedBenefitPlanChangeInBenefitObligationRollForward' xlink:to='loc_DefinedBenefitPlanPlanAmendments' xlink:type='arc' />
<link:definitionArc priority="10" order='6.0' xlink:arcrole='http://xbrl.org/int/dim/arcrole/domain-member' xlink:from='loc_DefinedBenefitPlanChangeInBenefitObligationRollForward' xlink:to='loc_DefinedBenefitPlanActuarialGainLoss' xlink:type='arc' />
<link:definitionArc priority="10" order='7.0' xlink:arcrole='http://xbrl.org/int/dim/arcrole/domain-member' xlink:from='loc_DefinedBenefitPlanChangeInBenefitObligationRollForward' xlink:to='loc_DefinedBenefitPlanBenefitObligationContributionsByPlanParticipant' xlink:type='arc' />
<link:definitionArc priority="10" order='8.0' xlink:arcrole='http://xbrl.org/int/dim/arcrole/domain-member' xlink:from='loc_DefinedBenefitPlanChangeInBenefitObligationRollForward' xlink:to='loc_DefinedBenefitPlanBenefitObligationBenefitsPaid' xlink:type='arc' />
<link:definitionArc priority="10" order='9.0' xlink:arcrole='http://xbrl.org/int/dim/arcrole/domain-member' xlink:from='loc_DefinedBenefitPlanChangeInBenefitObligationRollForward' xlink:to='loc_DefinedBenefitPlanBenefitObligationPrescriptionDrugSubsidyReceipt' xlink:type='arc' />
<link:definitionArc priority="10" order='10.0' xlink:arcrole='http://xbrl.org/int/dim/arcrole/domain-member' xlink:from='loc_DefinedBenefitPlanChangeInBenefitObligationRollForward' xlink:to='loc_DefinedBenefitPlanDivestituresBenefitObligation' xlink:type='arc' />
<link:definitionArc priority="10" order='11.0' xlink:arcrole='http://xbrl.org/int/dim/arcrole/domain-member' xlink:from='loc_DefinedBenefitPlanChangeInBenefitObligationRollForward' xlink:to='loc_DefinedBenefitPlanBenefitObligationPaymentForSettlement' xlink:type='arc' />
<link:definitionArc priority="10" order='12.0' xlink:arcrole='http://xbrl.org/int/dim/arcrole/domain-member' xlink:from='loc_DefinedBenefitPlanChangeInBenefitObligationRollForward' xlink:to='loc_DefinedBenefitPlanCurtailments' xlink:type='arc' />
<link:definitionArc priority="10" order='13.0' xlink:arcrole='http://xbrl.org/int/dim/arcrole/domain-member' xlink:from='loc_DefinedBenefitPlanChangeInBenefitObligationRollForward' xlink:to='loc_DefinedBenefitPlanForeignCurrencyExchangeRateChangesBenefitObligation' xlink:type='arc' />
<link:definitionArc priority="10" order='16.0' xlink:arcrole='http://xbrl.org/int/dim/arcrole/domain-member' xlink:from='loc_DefinedBenefitPlanChangeInFairValueOfPlanAssetsRollForward' xlink:to='loc_DefinedBenefitPlanFairValueOfPlanAssets' xlink:type='arc' />
<link:definitionArc priority="10" order='17.0' xlink:arcrole='http://xbrl.org/int/dim/arcrole/domain-member' xlink:from='loc_DefinedBenefitPlanChangeInFairValueOfPlanAssetsRollForward' xlink:to='loc_DefinedBenefitPlanActualReturnOnPlanAssets' xlink:type='arc' />
<link:definitionArc priority="10" order='18.0' xlink:arcrole='http://xbrl.org/int/dim/arcrole/domain-member' xlink:from='loc_DefinedBenefitPlanChangeInFairValueOfPlanAssetsRollForward' xlink:to='loc_DefinedBenefitPlanContributionsByEmployer' xlink:type='arc' />
<link:definitionArc priority="10" order='19.0' xlink:arcrole='http://xbrl.org/int/dim/arcrole/domain-member' xlink:from='loc_DefinedBenefitPlanChangeInFairValueOfPlanAssetsRollForward' xlink:to='loc_DefinedBenefitPlanPlanAssetsContributionsByPlanParticipant' xlink:type='arc' />
<link:definitionArc priority="10" order='20.0' xlink:arcrole='http://xbrl.org/int/dim/arcrole/domain-member' xlink:from='loc_DefinedBenefitPlanChangeInFairValueOfPlanAssetsRollForward' xlink:to='loc_DefinedBenefitPlanDivestituresPlanAssets' xlink:type='arc' />
<link:definitionArc priority="10" order='21.0' xlink:arcrole='http://xbrl.org/int/dim/arcrole/domain-member' xlink:from='loc_DefinedBenefitPlanChangeInFairValueOfPlanAssetsRollForward' xlink:to='loc_DefinedBenefitPlanSettlementsPlanAssets' xlink:type='arc' />
<link:definitionArc priority="10" order='22.0' xlink:arcrole='http://xbrl.org/int/dim/arcrole/domain-member' xlink:from='loc_DefinedBenefitPlanChangeInFairValueOfPlanAssetsRollForward' xlink:to='loc_DefinedBenefitPlanPlanAssetsBenefitsPaid' xlink:type='arc' />
<link:definitionArc priority="10" order='23.0' xlink:arcrole='http://xbrl.org/int/dim/arcrole/domain-member' xlink:from='loc_DefinedBenefitPlanChangeInFairValueOfPlanAssetsRollForward' xlink:to='loc_DefinedBenefitPlanPlanAssetsPrescriptionDrugSubsidyReceipt' xlink:type='arc' />
<link:definitionArc priority="10" order='24.0' xlink:arcrole='http://xbrl.org/int/dim/arcrole/domain-member' xlink:from='loc_DefinedBenefitPlanChangeInFairValueOfPlanAssetsRollForward' xlink:to='loc_DefinedBenefitPlanPlanAssetsForeignCurrencyTranslationGainLoss' xlink:type='arc' />
<link:definitionArc priority="10" order='4.0' xlink:arcrole='http://xbrl.org/int/dim/arcrole/domain-member' xlink:from='loc_DomesticPlanMember' xlink:to='loc_US' xlink:type='arc' />
<link:definitionArc priority="10" order='3.0' xlink:arcrole='http://xbrl.org/int/dim/arcrole/domain-member' xlink:from='loc_RetirementPlanSponsorLocationDomain' xlink:to='loc_DomesticPlanMember' xlink:type='arc' />
<link:definitionArc priority="10" order='5.0' xlink:arcrole='http://xbrl.org/int/dim/arcrole/domain-member' xlink:from='loc_RetirementPlanSponsorLocationDomain' xlink:to='loc_ForeignPlanMember' xlink:type='arc' />
<link:definitionArc priority="10" order='6.0' xlink:arcrole='http://xbrl.org/int/dim/arcrole/domain-member' xlink:from='loc_RetirementPlanTaxStatusDomain' xlink:to='loc_QualifiedPlanMember' xlink:type='arc' />
<link:definitionArc priority="10" order='7.0' xlink:arcrole='http://xbrl.org/int/dim/arcrole/domain-member' xlink:from='loc_RetirementPlanTaxStatusDomain' xlink:to='loc_NonqualifiedPlanMember' xlink:type='arc' />
<link:definitionArc priority="10" order='1.0' xlink:arcrole='http://xbrl.org/int/dim/arcrole/domain-member' xlink:from='loc_RetirementPlanTypeDomain' xlink:to='loc_PensionPlansDefinedBenefitMember' xlink:type='arc' />
<link:definitionArc priority="10" order='2.0' xlink:arcrole='http://xbrl.org/int/dim/arcrole/domain-member' xlink:from='loc_RetirementPlanTypeDomain' xlink:to='loc_OtherPostretirementBenefitPlansDefinedBenefitMember' xlink:type='arc' />
</link:definitionLink>
<link:definitionLink xlink:role='http://fasb.org/us-gaap/role/disclosure/RetirementBenefitsTmp06ScheduleOfDefinedBenefitPlansDisclosuresTable' xlink:type='extended'>
<link:loc xlink:href='../elts/us-gaap-2017-01-31.xsd#us-gaap_ScheduleOfDefinedBenefitPlansDisclosuresTable' xlink:label='loc_ScheduleOfDefinedBenefitPlansDisclosuresTable' xlink:type='locator' />
<link:loc xlink:href='../elts/us-gaap-2017-01-31.xsd#us-gaap_RetirementPlanTypeAxis' xlink:label='loc_RetirementPlanTypeAxis' xlink:type='locator' />
<link:loc xlink:href='../elts/us-gaap-2017-01-31.xsd#us-gaap_RetirementPlanSponsorLocationAxis' xlink:label='loc_RetirementPlanSponsorLocationAxis' xlink:type='locator' />
<link:loc xlink:href='../elts/us-gaap-2017-01-31.xsd#us-gaap_RetirementPlanTaxStatusAxis' xlink:label='loc_RetirementPlanTaxStatusAxis' xlink:type='locator' />
<link:definitionArc priority="10" order='1.0' xlink:arcrole='http://xbrl.org/int/dim/arcrole/hypercube-dimension' xlink:from='loc_ScheduleOfDefinedBenefitPlansDisclosuresTable' xlink:to='loc_RetirementPlanTypeAxis' xlink:type='arc' />
<link:definitionArc priority="10" order='2.0' xlink:arcrole='http://xbrl.org/int/dim/arcrole/hypercube-dimension' xlink:from='loc_ScheduleOfDefinedBenefitPlansDisclosuresTable' xlink:to='loc_RetirementPlanSponsorLocationAxis' xlink:type='arc' />
<link:definitionArc priority="10" order='3.0' xlink:arcrole='http://xbrl.org/int/dim/arcrole/hypercube-dimension' xlink:from='loc_ScheduleOfDefinedBenefitPlansDisclosuresTable' xlink:to='loc_RetirementPlanTaxStatusAxis' xlink:type='arc' />
</link:definitionLink>
</link:linkbase>
