<?xml version='1.0' encoding='UTF-8'?>

<!--
(c) XBRL US, Inc. 2007-2010; Financial Accounting Foundation, Inc. 2010-2017.  All Rights Reserved.
Notice: Authorized Uses are Set Forth at http://xbrl.fasb.org/terms/TaxonomiesTermsConditions.html
  -->
<link:linkbase xmlns:link='http://www.xbrl.org/2003/linkbase' xmlns:xbrldt='http://xbrl.org/2005/xbrldt' xmlns:xlink='http://www.w3.org/1999/xlink' xmlns:xsi='http://www.w3.org/2001/XMLSchema-instance' xsi:schemaLocation='http://www.xbrl.org/2003/linkbase http://www.xbrl.org/2003/xbrl-linkbase-2003-12-31.xsd'>
<link:roleRef roleURI='http://fasb.org/us-gaap/role/disclosure/HealthCareOrganizations' xlink:href='../elts/us-roles-2017-01-31.xsd#hco' xlink:type='simple' />
<link:presentationLink xlink:role='http://fasb.org/us-gaap/role/disclosure/HealthCareOrganizations' xlink:type='extended'>
<link:loc xlink:href='../elts/us-gaap-2017-01-31.xsd#us-gaap_CharityCareAbstract' xlink:label='loc_CharityCareAbstract' xlink:type='locator' />
<link:loc xlink:href='../elts/us-gaap-2017-01-31.xsd#us-gaap_CharityCareDirectAndIndirectCostBasisAmount' xlink:label='loc_CharityCareDirectAndIndirectCostBasisAmount' xlink:type='locator' />
<link:loc xlink:href='../elts/us-gaap-2017-01-31.xsd#us-gaap_CharityCareOtherMeasurementBasisAmount' xlink:label='loc_CharityCareOtherMeasurementBasisAmount' xlink:type='locator' />
<link:loc xlink:href='../elts/us-gaap-2017-01-31.xsd#us-gaap_CharityCareReimbursementsReceived' xlink:label='loc_CharityCareReimbursementsReceived' xlink:type='locator' />
<link:loc xlink:href='../elts/us-gaap-2017-01-31.xsd#us-gaap_CharityCareDisclosureTextBlock' xlink:label='loc_CharityCareDisclosureTextBlock' xlink:type='locator' />
<link:loc xlink:href='../elts/us-gaap-2017-01-31.xsd#us-gaap_CharityCareMethodology' xlink:label='loc_CharityCareMethodology' xlink:type='locator' />
<link:loc xlink:href='../elts/us-gaap-2017-01-31.xsd#us-gaap_ContinuingCareRetirementCommunitiesAbstract' xlink:label='loc_ContinuingCareRetirementCommunitiesAbstract' xlink:type='locator' />
<link:loc xlink:href='../elts/us-gaap-2017-01-31.xsd#us-gaap_ContinuingCareRetirementCommunitiesAdvanceFeesPolicyPolicyTextBlock' xlink:label='loc_ContinuingCareRetirementCommunitiesAdvanceFeesPolicyPolicyTextBlock' xlink:type='locator' />
<link:loc xlink:href='../elts/us-gaap-2017-01-31.xsd#us-gaap_ContinuingCareRetirementCommunitiesAdvanceFeesObligationForFutureServicesAmount' xlink:label='loc_ContinuingCareRetirementCommunitiesAdvanceFeesObligationForFutureServicesAmount' xlink:type='locator' />
<link:loc xlink:href='../elts/us-gaap-2017-01-31.xsd#us-gaap_ContinuingCareRetirementCommunitiesAdvanceFeesRefunds' xlink:label='loc_ContinuingCareRetirementCommunitiesAdvanceFeesRefunds' xlink:type='locator' />
<link:loc xlink:href='../elts/us-gaap-2017-01-31.xsd#us-gaap_ContinuingCareRetirementCommunitiesObligationsPolicyPolicyTextBlock' xlink:label='loc_ContinuingCareRetirementCommunitiesObligationsPolicyPolicyTextBlock' xlink:type='locator' />
<link:loc xlink:href='../elts/us-gaap-2017-01-31.xsd#us-gaap_CreditRatingAMBestAxis' xlink:label='loc_CreditRatingAMBestAxis' xlink:type='locator' />
<link:loc xlink:href='../elts/us-gaap-2017-01-31.xsd#us-gaap_CreditRatingAMBestDomain' xlink:label='loc_CreditRatingAMBestDomain' xlink:type='locator' />
<link:loc xlink:href='../elts/us-gaap-2017-01-31.xsd#us-gaap_AMBestAPlusPlusRatingMember' xlink:label='loc_AMBestAPlusPlusRatingMember' xlink:type='locator' />
<link:loc xlink:href='../elts/us-gaap-2017-01-31.xsd#us-gaap_AMBestAPlusRatingMember' xlink:label='loc_AMBestAPlusRatingMember' xlink:type='locator' />
<link:loc xlink:href='../elts/us-gaap-2017-01-31.xsd#us-gaap_AMBestARatingMember' xlink:label='loc_AMBestARatingMember' xlink:type='locator' />
<link:loc xlink:href='../elts/us-gaap-2017-01-31.xsd#us-gaap_AMBestAMinusRatingMember' xlink:label='loc_AMBestAMinusRatingMember' xlink:type='locator' />
<link:loc xlink:href='../elts/us-gaap-2017-01-31.xsd#us-gaap_AMBestBPlusPlusRatingMember' xlink:label='loc_AMBestBPlusPlusRatingMember' xlink:type='locator' />
<link:loc xlink:href='../elts/us-gaap-2017-01-31.xsd#us-gaap_AMBestBPlusRatingMember' xlink:label='loc_AMBestBPlusRatingMember' xlink:type='locator' />
<link:loc xlink:href='../elts/us-gaap-2017-01-31.xsd#us-gaap_AMBestBRatingMember' xlink:label='loc_AMBestBRatingMember' xlink:type='locator' />
<link:loc xlink:href='../elts/us-gaap-2017-01-31.xsd#us-gaap_AMBestBMinusRatingMember' xlink:label='loc_AMBestBMinusRatingMember' xlink:type='locator' />
<link:loc xlink:href='../elts/us-gaap-2017-01-31.xsd#us-gaap_AMBestCPlusPlusRatingMember' xlink:label='loc_AMBestCPlusPlusRatingMember' xlink:type='locator' />
<link:loc xlink:href='../elts/us-gaap-2017-01-31.xsd#us-gaap_AMBestCPlusRatingMember' xlink:label='loc_AMBestCPlusRatingMember' xlink:type='locator' />
<link:loc xlink:href='../elts/us-gaap-2017-01-31.xsd#us-gaap_AMBestCRatingMember' xlink:label='loc_AMBestCRatingMember' xlink:type='locator' />
<link:loc xlink:href='../elts/us-gaap-2017-01-31.xsd#us-gaap_AMBestCMinusRatingMember' xlink:label='loc_AMBestCMinusRatingMember' xlink:type='locator' />
<link:loc xlink:href='../elts/us-gaap-2017-01-31.xsd#us-gaap_AMBestDRatingMember' xlink:label='loc_AMBestDRatingMember' xlink:type='locator' />
<link:loc xlink:href='../elts/us-gaap-2017-01-31.xsd#us-gaap_AMBestERatingMember' xlink:label='loc_AMBestERatingMember' xlink:type='locator' />
<link:loc xlink:href='../elts/us-gaap-2017-01-31.xsd#us-gaap_AMBestFRatingMember' xlink:label='loc_AMBestFRatingMember' xlink:type='locator' />
<link:loc xlink:href='../elts/us-gaap-2017-01-31.xsd#us-gaap_AMBestSRatingMember' xlink:label='loc_AMBestSRatingMember' xlink:type='locator' />
<link:loc xlink:href='../elts/us-gaap-2017-01-31.xsd#us-gaap_CreditRatingFitchAxis' xlink:label='loc_CreditRatingFitchAxis' xlink:type='locator' />
<link:loc xlink:href='../elts/us-gaap-2017-01-31.xsd#us-gaap_ExternalCreditRatingFitchMember' xlink:label='loc_ExternalCreditRatingFitchMember' xlink:type='locator' />
<link:loc xlink:href='../elts/us-gaap-2017-01-31.xsd#us-gaap_CreditRatingMoodysAxis' xlink:label='loc_CreditRatingMoodysAxis' xlink:type='locator' />
<link:loc xlink:href='../elts/us-gaap-2017-01-31.xsd#us-gaap_ExternalCreditRatingMoodysMember' xlink:label='loc_ExternalCreditRatingMoodysMember' xlink:type='locator' />
<link:loc xlink:href='../elts/us-gaap-2017-01-31.xsd#us-gaap_CreditRatingStandardPoorsAxis' xlink:label='loc_CreditRatingStandardPoorsAxis' xlink:type='locator' />
<link:loc xlink:href='../elts/us-gaap-2017-01-31.xsd#us-gaap_ExternalCreditRatingStandardPoorsMember' xlink:label='loc_ExternalCreditRatingStandardPoorsMember' xlink:type='locator' />
<link:loc xlink:href='../elts/us-gaap-2017-01-31.xsd#us-gaap_FitchAAARatingMember' xlink:label='loc_FitchAAARatingMember' xlink:type='locator' />
<link:loc xlink:href='../elts/us-gaap-2017-01-31.xsd#us-gaap_FitchAAPlusRatingMember' xlink:label='loc_FitchAAPlusRatingMember' xlink:type='locator' />
<link:loc xlink:href='../elts/us-gaap-2017-01-31.xsd#us-gaap_FitchAARatingMember' xlink:label='loc_FitchAARatingMember' xlink:type='locator' />
<link:loc xlink:href='../elts/us-gaap-2017-01-31.xsd#us-gaap_FitchAAMinusRatingMember' xlink:label='loc_FitchAAMinusRatingMember' xlink:type='locator' />
<link:loc xlink:href='../elts/us-gaap-2017-01-31.xsd#us-gaap_FitchAPlusRatingMember' xlink:label='loc_FitchAPlusRatingMember' xlink:type='locator' />
<link:loc xlink:href='../elts/us-gaap-2017-01-31.xsd#us-gaap_FitchARatingMember' xlink:label='loc_FitchARatingMember' xlink:type='locator' />
<link:loc xlink:href='../elts/us-gaap-2017-01-31.xsd#us-gaap_FitchAMinusRatingMember' xlink:label='loc_FitchAMinusRatingMember' xlink:type='locator' />
<link:loc xlink:href='../elts/us-gaap-2017-01-31.xsd#us-gaap_FitchBBBPlusRatingMember' xlink:label='loc_FitchBBBPlusRatingMember' xlink:type='locator' />
<link:loc xlink:href='../elts/us-gaap-2017-01-31.xsd#us-gaap_FitchBBBRatingMember' xlink:label='loc_FitchBBBRatingMember' xlink:type='locator' />
<link:loc xlink:href='../elts/us-gaap-2017-01-31.xsd#us-gaap_FitchBBBMinusRatingMember' xlink:label='loc_FitchBBBMinusRatingMember' xlink:type='locator' />
<link:loc xlink:href='../elts/us-gaap-2017-01-31.xsd#us-gaap_FitchBBPlusRatingMember' xlink:label='loc_FitchBBPlusRatingMember' xlink:type='locator' />
<link:loc xlink:href='../elts/us-gaap-2017-01-31.xsd#us-gaap_FitchBBRatingMember' xlink:label='loc_FitchBBRatingMember' xlink:type='locator' />
<link:loc xlink:href='../elts/us-gaap-2017-01-31.xsd#us-gaap_FitchBBMinusRatingMember' xlink:label='loc_FitchBBMinusRatingMember' xlink:type='locator' />
<link:loc xlink:href='../elts/us-gaap-2017-01-31.xsd#us-gaap_FitchBPlusRatingMember' xlink:label='loc_FitchBPlusRatingMember' xlink:type='locator' />
<link:loc xlink:href='../elts/us-gaap-2017-01-31.xsd#us-gaap_FitchBRatingMember' xlink:label='loc_FitchBRatingMember' xlink:type='locator' />
<link:loc xlink:href='../elts/us-gaap-2017-01-31.xsd#us-gaap_FitchBMinusRatingMember' xlink:label='loc_FitchBMinusRatingMember' xlink:type='locator' />
<link:loc xlink:href='../elts/us-gaap-2017-01-31.xsd#us-gaap_FitchCCCPlusRatingMember' xlink:label='loc_FitchCCCPlusRatingMember' xlink:type='locator' />
<link:loc xlink:href='../elts/us-gaap-2017-01-31.xsd#us-gaap_FitchCCCRatingMember' xlink:label='loc_FitchCCCRatingMember' xlink:type='locator' />
<link:loc xlink:href='../elts/us-gaap-2017-01-31.xsd#us-gaap_FitchCCCMinusRatingMember' xlink:label='loc_FitchCCCMinusRatingMember' xlink:type='locator' />
<link:loc xlink:href='../elts/us-gaap-2017-01-31.xsd#us-gaap_FitchCCRatingMember' xlink:label='loc_FitchCCRatingMember' xlink:type='locator' />
<link:loc xlink:href='../elts/us-gaap-2017-01-31.xsd#us-gaap_FitchCRatingMember' xlink:label='loc_FitchCRatingMember' xlink:type='locator' />
<link:loc xlink:href='../elts/us-gaap-2017-01-31.xsd#us-gaap_FitchDRatingMember' xlink:label='loc_FitchDRatingMember' xlink:type='locator' />
<link:loc xlink:href='../elts/us-gaap-2017-01-31.xsd#us-gaap_MoodysAaaRatingMember' xlink:label='loc_MoodysAaaRatingMember' xlink:type='locator' />
<link:loc xlink:href='../elts/us-gaap-2017-01-31.xsd#us-gaap_MoodysAa1RatingMember' xlink:label='loc_MoodysAa1RatingMember' xlink:type='locator' />
<link:loc xlink:href='../elts/us-gaap-2017-01-31.xsd#us-gaap_MoodysAa2RatingMember' xlink:label='loc_MoodysAa2RatingMember' xlink:type='locator' />
<link:loc xlink:href='../elts/us-gaap-2017-01-31.xsd#us-gaap_MoodysAa3RatingMember' xlink:label='loc_MoodysAa3RatingMember' xlink:type='locator' />
<link:loc xlink:href='../elts/us-gaap-2017-01-31.xsd#us-gaap_MoodysA1RatingMember' xlink:label='loc_MoodysA1RatingMember' xlink:type='locator' />
<link:loc xlink:href='../elts/us-gaap-2017-01-31.xsd#us-gaap_MoodysA2RatingMember' xlink:label='loc_MoodysA2RatingMember' xlink:type='locator' />
<link:loc xlink:href='../elts/us-gaap-2017-01-31.xsd#us-gaap_MoodysA3RatingMember' xlink:label='loc_MoodysA3RatingMember' xlink:type='locator' />
<link:loc xlink:href='../elts/us-gaap-2017-01-31.xsd#us-gaap_MoodysBaa1RatingMember' xlink:label='loc_MoodysBaa1RatingMember' xlink:type='locator' />
<link:loc xlink:href='../elts/us-gaap-2017-01-31.xsd#us-gaap_MoodysBaa2RatingMember' xlink:label='loc_MoodysBaa2RatingMember' xlink:type='locator' />
<link:loc xlink:href='../elts/us-gaap-2017-01-31.xsd#us-gaap_MoodysBaa3RatingMember' xlink:label='loc_MoodysBaa3RatingMember' xlink:type='locator' />
<link:loc xlink:href='../elts/us-gaap-2017-01-31.xsd#us-gaap_MoodysBa1RatingMember' xlink:label='loc_MoodysBa1RatingMember' xlink:type='locator' />
<link:loc xlink:href='../elts/us-gaap-2017-01-31.xsd#us-gaap_MoodysBa2RatingMember' xlink:label='loc_MoodysBa2RatingMember' xlink:type='locator' />
<link:loc xlink:href='../elts/us-gaap-2017-01-31.xsd#us-gaap_MoodysBa3RatingMember' xlink:label='loc_MoodysBa3RatingMember' xlink:type='locator' />
<link:loc xlink:href='../elts/us-gaap-2017-01-31.xsd#us-gaap_MoodysB1RatingMember' xlink:label='loc_MoodysB1RatingMember' xlink:type='locator' />
<link:loc xlink:href='../elts/us-gaap-2017-01-31.xsd#us-gaap_MoodysB2RatingMember' xlink:label='loc_MoodysB2RatingMember' xlink:type='locator' />
<link:loc xlink:href='../elts/us-gaap-2017-01-31.xsd#us-gaap_MoodysB3RatingMember' xlink:label='loc_MoodysB3RatingMember' xlink:type='locator' />
<link:loc xlink:href='../elts/us-gaap-2017-01-31.xsd#us-gaap_MoodysCaa1RatingMember' xlink:label='loc_MoodysCaa1RatingMember' xlink:type='locator' />
<link:loc xlink:href='../elts/us-gaap-2017-01-31.xsd#us-gaap_MoodysCaa2RatingMember' xlink:label='loc_MoodysCaa2RatingMember' xlink:type='locator' />
<link:loc xlink:href='../elts/us-gaap-2017-01-31.xsd#us-gaap_MoodysCaa3RatingMember' xlink:label='loc_MoodysCaa3RatingMember' xlink:type='locator' />
<link:loc xlink:href='../elts/us-gaap-2017-01-31.xsd#us-gaap_MoodysCaRatingMember' xlink:label='loc_MoodysCaRatingMember' xlink:type='locator' />
<link:loc xlink:href='../elts/us-gaap-2017-01-31.xsd#us-gaap_MoodysCRatingMember' xlink:label='loc_MoodysCRatingMember' xlink:type='locator' />
<link:loc xlink:href='../elts/us-gaap-2017-01-31.xsd#us-gaap_StandardPoorsAAARatingMember' xlink:label='loc_StandardPoorsAAARatingMember' xlink:type='locator' />
<link:loc xlink:href='../elts/us-gaap-2017-01-31.xsd#us-gaap_StandardPoorsAAPlusRatingMember' xlink:label='loc_StandardPoorsAAPlusRatingMember' xlink:type='locator' />
<link:loc xlink:href='../elts/us-gaap-2017-01-31.xsd#us-gaap_StandardPoorsAARatingMember' xlink:label='loc_StandardPoorsAARatingMember' xlink:type='locator' />
<link:loc xlink:href='../elts/us-gaap-2017-01-31.xsd#us-gaap_StandardPoorsAAMinusRatingMember' xlink:label='loc_StandardPoorsAAMinusRatingMember' xlink:type='locator' />
<link:loc xlink:href='../elts/us-gaap-2017-01-31.xsd#us-gaap_StandardPoorsAPlusRatingMember' xlink:label='loc_StandardPoorsAPlusRatingMember' xlink:type='locator' />
<link:loc xlink:href='../elts/us-gaap-2017-01-31.xsd#us-gaap_StandardPoorsARatingMember' xlink:label='loc_StandardPoorsARatingMember' xlink:type='locator' />
<link:loc xlink:href='../elts/us-gaap-2017-01-31.xsd#us-gaap_StandardPoorsAMinusRatingMember' xlink:label='loc_StandardPoorsAMinusRatingMember' xlink:type='locator' />
<link:loc xlink:href='../elts/us-gaap-2017-01-31.xsd#us-gaap_StandardPoorsBBBPlusRatingMember' xlink:label='loc_StandardPoorsBBBPlusRatingMember' xlink:type='locator' />
<link:loc xlink:href='../elts/us-gaap-2017-01-31.xsd#us-gaap_StandardPoorsBBBRatingMember' xlink:label='loc_StandardPoorsBBBRatingMember' xlink:type='locator' />
<link:loc xlink:href='../elts/us-gaap-2017-01-31.xsd#us-gaap_StandardPoorsBBBMinusRatingMember' xlink:label='loc_StandardPoorsBBBMinusRatingMember' xlink:type='locator' />
<link:loc xlink:href='../elts/us-gaap-2017-01-31.xsd#us-gaap_StandardPoorsBBPlusRatingMember' xlink:label='loc_StandardPoorsBBPlusRatingMember' xlink:type='locator' />
<link:loc xlink:href='../elts/us-gaap-2017-01-31.xsd#us-gaap_StandardPoorsBBRatingMember' xlink:label='loc_StandardPoorsBBRatingMember' xlink:type='locator' />
<link:loc xlink:href='../elts/us-gaap-2017-01-31.xsd#us-gaap_StandardPoorsBBMinusRatingMember' xlink:label='loc_StandardPoorsBBMinusRatingMember' xlink:type='locator' />
<link:loc xlink:href='../elts/us-gaap-2017-01-31.xsd#us-gaap_StandardPoorsBPlusRatingMember' xlink:label='loc_StandardPoorsBPlusRatingMember' xlink:type='locator' />
<link:loc xlink:href='../elts/us-gaap-2017-01-31.xsd#us-gaap_StandardPoorsBRatingMember' xlink:label='loc_StandardPoorsBRatingMember' xlink:type='locator' />
<link:loc xlink:href='../elts/us-gaap-2017-01-31.xsd#us-gaap_StandardPoorsBMinusRatingMember' xlink:label='loc_StandardPoorsBMinusRatingMember' xlink:type='locator' />
<link:loc xlink:href='../elts/us-gaap-2017-01-31.xsd#us-gaap_StandardPoorsCCCPlusRatingMember' xlink:label='loc_StandardPoorsCCCPlusRatingMember' xlink:type='locator' />
<link:loc xlink:href='../elts/us-gaap-2017-01-31.xsd#us-gaap_StandardPoorsCCCRatingMember' xlink:label='loc_StandardPoorsCCCRatingMember' xlink:type='locator' />
<link:loc xlink:href='../elts/us-gaap-2017-01-31.xsd#us-gaap_StandardPoorsCCCMinusRatingMember' xlink:label='loc_StandardPoorsCCCMinusRatingMember' xlink:type='locator' />
<link:loc xlink:href='../elts/us-gaap-2017-01-31.xsd#us-gaap_StandardPoorsCCRatingMember' xlink:label='loc_StandardPoorsCCRatingMember' xlink:type='locator' />
<link:loc xlink:href='../elts/us-gaap-2017-01-31.xsd#us-gaap_StandardPoorsCRatingMember' xlink:label='loc_StandardPoorsCRatingMember' xlink:type='locator' />
<link:loc xlink:href='../elts/us-gaap-2017-01-31.xsd#us-gaap_StandardPoorsDRatingMember' xlink:label='loc_StandardPoorsDRatingMember' xlink:type='locator' />
<link:loc xlink:href='../elts/us-gaap-2017-01-31.xsd#us-gaap_HealthCareOrganizationRevenueAndExpenseAbstract' xlink:label='loc_HealthCareOrganizationRevenueAndExpenseAbstract' xlink:type='locator' />
<link:loc xlink:href='../elts/us-gaap-2017-01-31.xsd#us-gaap_HealthCareOrganizationRevenueDescription' xlink:label='loc_HealthCareOrganizationRevenueDescription' xlink:type='locator' />
<link:loc xlink:href='../elts/us-gaap-2017-01-31.xsd#us-gaap_HealthCareOrganizationRevenueAbstract' xlink:label='loc_HealthCareOrganizationRevenueAbstract' xlink:type='locator' />
<link:loc xlink:href='../elts/us-gaap-2017-01-31.xsd#us-gaap_HealthCareOrganizationRevenueNetOfPatientServiceRevenueProvisionsAbstract' xlink:label='loc_HealthCareOrganizationRevenueNetOfPatientServiceRevenueProvisionsAbstract' xlink:type='locator' />
<link:loc xlink:href='../elts/us-gaap-2017-01-31.xsd#us-gaap_HealthCareOrganizationExpensesNetAbstract' xlink:label='loc_HealthCareOrganizationExpensesNetAbstract' xlink:type='locator' />
<link:loc xlink:href='../elts/us-gaap-2017-01-31.xsd#us-gaap_HealthCareOrganizationDisclosuresforCertainHealthCareEntitiesAbstract' xlink:label='loc_HealthCareOrganizationDisclosuresforCertainHealthCareEntitiesAbstract' xlink:type='locator' />
<link:loc xlink:href='../elts/us-gaap-2017-01-31.xsd#us-gaap_ScheduleOfRevenueSourcesHealthCareOrganizationTableTextBlock' xlink:label='loc_ScheduleOfRevenueSourcesHealthCareOrganizationTableTextBlock' xlink:type='locator' />
<link:loc xlink:href='../elts/us-gaap-2017-01-31.xsd#us-gaap_ScheduleOfRevenueSourcesHealthCareOrganizationTable' xlink:label='loc_ScheduleOfRevenueSourcesHealthCareOrganizationTable' xlink:type='locator' />
<link:loc xlink:href='../elts/us-gaap-2017-01-31.xsd#us-gaap_HealthCareOrganizationExpensesGrossAbstract' xlink:label='loc_HealthCareOrganizationExpensesGrossAbstract' xlink:type='locator' />
<link:loc xlink:href='../elts/us-gaap-2017-01-31.xsd#us-gaap_HealthCareOrganizationMedicalSuppliesAndDrugsExpense' xlink:label='loc_HealthCareOrganizationMedicalSuppliesAndDrugsExpense' xlink:type='locator' />
<link:loc xlink:href='../elts/us-gaap-2017-01-31.xsd#us-gaap_HealthCareOrganizationStopLossInsurancePremiumExpense' xlink:label='loc_HealthCareOrganizationStopLossInsurancePremiumExpense' xlink:type='locator' />
<link:loc xlink:href='../elts/us-gaap-2017-01-31.xsd#us-gaap_HealthCareOrganizationContractAcquisitionExpense' xlink:label='loc_HealthCareOrganizationContractAcquisitionExpense' xlink:type='locator' />
<link:loc xlink:href='../elts/us-gaap-2017-01-31.xsd#us-gaap_HealthCareOrganizationHealthCareCostsGross' xlink:label='loc_HealthCareOrganizationHealthCareCostsGross' xlink:type='locator' />
<link:loc xlink:href='../elts/us-gaap-2017-01-31.xsd#us-gaap_HealthCareOrganizationStopLossInsuranceRecoveries' xlink:label='loc_HealthCareOrganizationStopLossInsuranceRecoveries' xlink:type='locator' />
<link:loc xlink:href='../elts/us-gaap-2017-01-31.xsd#us-gaap_HealthCareOrganizationExpensesNet' xlink:label='loc_HealthCareOrganizationExpensesNet' xlink:type='locator' />
<link:loc xlink:href='../elts/us-gaap-2017-01-31.xsd#us-gaap_HealthCareOrganizationPatientServiceRevenueLessProvisionForBadDebtsAbstract' xlink:label='loc_HealthCareOrganizationPatientServiceRevenueLessProvisionForBadDebtsAbstract' xlink:type='locator' />
<link:loc xlink:href='../elts/us-gaap-2017-01-31.xsd#us-gaap_HealthCareOrganizationPatientServiceRevenue' xlink:label='loc_HealthCareOrganizationPatientServiceRevenue' xlink:type='locator' />
<link:loc xlink:href='../elts/us-gaap-2017-01-31.xsd#us-gaap_HealthCareOrganizationPatientServiceRevenueProvisionforBadDebts' xlink:label='loc_HealthCareOrganizationPatientServiceRevenueProvisionforBadDebts' xlink:type='locator' />
<link:loc xlink:href='../elts/us-gaap-2017-01-31.xsd#us-gaap_HealthCareOrganizationPatientServiceRevenueLessProvisionForBadDebts' xlink:label='loc_HealthCareOrganizationPatientServiceRevenueLessProvisionForBadDebts' xlink:type='locator' />
<link:loc xlink:href='../elts/us-gaap-2017-01-31.xsd#us-gaap_HealthCareOrganizationReceivableAndRevenueDisclosuresLineItems' xlink:label='loc_HealthCareOrganizationReceivableAndRevenueDisclosuresLineItems' xlink:type='locator' />
<link:loc xlink:href='../elts/us-gaap-2017-01-31.xsd#us-gaap_AllowanceForDoubtfulAccountsReceivableWriteOffs' xlink:label='loc_AllowanceForDoubtfulAccountsReceivableWriteOffs' xlink:type='locator' />
<link:loc xlink:href='../elts/us-gaap-2017-01-31.xsd#us-gaap_HealthCareOrganizationAllowanceForDoubtfulAccountsPercentageOfAccountsReceivable' xlink:label='loc_HealthCareOrganizationAllowanceForDoubtfulAccountsPercentageOfAccountsReceivable' xlink:type='locator' />
<link:loc xlink:href='../elts/us-gaap-2017-01-31.xsd#us-gaap_HealthCareOrganizationQualitativeFactors' xlink:label='loc_HealthCareOrganizationQualitativeFactors' xlink:type='locator' />
<link:loc xlink:href='../elts/us-gaap-2017-01-31.xsd#us-gaap_HealthCareOrganizationPremiumRevenue' xlink:label='loc_HealthCareOrganizationPremiumRevenue' xlink:type='locator' />
<link:loc xlink:href='../elts/us-gaap-2017-01-31.xsd#us-gaap_HealthCareOrganizationCapitationRevenue' xlink:label='loc_HealthCareOrganizationCapitationRevenue' xlink:type='locator' />
<link:loc xlink:href='../elts/us-gaap-2017-01-31.xsd#us-gaap_HealthCareOrganizationResidentServiceRevenue' xlink:label='loc_HealthCareOrganizationResidentServiceRevenue' xlink:type='locator' />
<link:loc xlink:href='../elts/us-gaap-2017-01-31.xsd#us-gaap_HealthCareOrganizationOtherRevenue' xlink:label='loc_HealthCareOrganizationOtherRevenue' xlink:type='locator' />
<link:loc xlink:href='../elts/us-gaap-2017-01-31.xsd#us-gaap_HealthCareOrganizationRevenueNetOfPatientServiceRevenueProvisions' xlink:label='loc_HealthCareOrganizationRevenueNetOfPatientServiceRevenueProvisions' xlink:type='locator' />
<link:loc xlink:href='../elts/us-gaap-2017-01-31.xsd#us-gaap_HealthCareOrganizationRevenueSourcesAxis' xlink:label='loc_HealthCareOrganizationRevenueSourcesAxis' xlink:type='locator' />
<link:loc xlink:href='../elts/us-gaap-2017-01-31.xsd#us-gaap_HealthCareOrganizationRevenueSourcesDomain' xlink:label='loc_HealthCareOrganizationRevenueSourcesDomain' xlink:type='locator' />
<link:loc xlink:href='../elts/us-gaap-2017-01-31.xsd#us-gaap_ThirdPartyPayorMember' xlink:label='loc_ThirdPartyPayorMember' xlink:type='locator' />
<link:loc xlink:href='../elts/us-gaap-2017-01-31.xsd#us-gaap_SelfPayMember' xlink:label='loc_SelfPayMember' xlink:type='locator' />
<link:loc xlink:href='../elts/us-gaap-2017-01-31.xsd#us-gaap_HealthCareOrganizationRevenue' xlink:label='loc_HealthCareOrganizationRevenue' xlink:type='locator' />
<link:loc xlink:href='../elts/us-gaap-2017-01-31.xsd#us-gaap_HealthCareOrganizationsAbstract' xlink:label='loc_HealthCareOrganizationsAbstract' xlink:type='locator' />
<link:loc xlink:href='../elts/us-gaap-2017-01-31.xsd#us-gaap_MalpracticeLossContingencyDisclosureTextBlock' xlink:label='loc_MalpracticeLossContingencyDisclosureTextBlock' xlink:type='locator' />
<link:loc xlink:href='../elts/us-gaap-2017-01-31.xsd#us-gaap_MalpracticeLossContingencyAccrualAbstract' xlink:label='loc_MalpracticeLossContingencyAccrualAbstract' xlink:type='locator' />
<link:loc xlink:href='../elts/us-gaap-2017-01-31.xsd#us-gaap_InsuranceReceivableForMalpracticeAbstract' xlink:label='loc_InsuranceReceivableForMalpracticeAbstract' xlink:type='locator' />
<link:loc xlink:href='../elts/us-gaap-2017-01-31.xsd#us-gaap_MovementInMalpracticeLossContingencyRollForward' xlink:label='loc_MovementInMalpracticeLossContingencyRollForward' xlink:type='locator' />
<link:loc xlink:href='../elts/us-gaap-2017-01-31.xsd#us-gaap_MalpracticeLossContingencyPeriodCostNetRecognizedInIncomeStatementAbstract' xlink:label='loc_MalpracticeLossContingencyPeriodCostNetRecognizedInIncomeStatementAbstract' xlink:type='locator' />
<link:loc xlink:href='../elts/us-gaap-2017-01-31.xsd#us-gaap_MalpracticeInsuranceAbstract' xlink:label='loc_MalpracticeInsuranceAbstract' xlink:type='locator' />
<link:loc xlink:href='../elts/us-gaap-2017-01-31.xsd#us-gaap_ScheduleOfHealthCareTrustFundAbstract' xlink:label='loc_ScheduleOfHealthCareTrustFundAbstract' xlink:type='locator' />
<link:loc xlink:href='../elts/us-gaap-2017-01-31.xsd#us-gaap_ContractualAdjustmentsAndThirdPartySettlementsPolicyPolicyTextBlock' xlink:label='loc_ContractualAdjustmentsAndThirdPartySettlementsPolicyPolicyTextBlock' xlink:type='locator' />
<link:loc xlink:href='../elts/us-gaap-2017-01-31.xsd#us-gaap_BusinessAndContractualArrangementsDisclosureTextBlock' xlink:label='loc_BusinessAndContractualArrangementsDisclosureTextBlock' xlink:type='locator' />
<link:loc xlink:href='../elts/us-gaap-2017-01-31.xsd#us-gaap_HealthCareTrustFundAxis' xlink:label='loc_HealthCareTrustFundAxis' xlink:type='locator' />
<link:loc xlink:href='../elts/us-gaap-2017-01-31.xsd#us-gaap_HealthCareTrustFundNameDomain' xlink:label='loc_HealthCareTrustFundNameDomain' xlink:type='locator' />
<link:loc xlink:href='../elts/us-gaap-2017-01-31.xsd#us-gaap_HealthCareTrustFundLineItems' xlink:label='loc_HealthCareTrustFundLineItems' xlink:type='locator' />
<link:loc xlink:href='../elts/us-gaap-2017-01-31.xsd#us-gaap_HealthCareTrustFundDescription' xlink:label='loc_HealthCareTrustFundDescription' xlink:type='locator' />
<link:loc xlink:href='../elts/us-gaap-2017-01-31.xsd#us-gaap_HealthCareTrustFundAssetsLimitedAsToUseCurrent' xlink:label='loc_HealthCareTrustFundAssetsLimitedAsToUseCurrent' xlink:type='locator' />
<link:loc xlink:href='../elts/us-gaap-2017-01-31.xsd#us-gaap_HealthCareTrustFundAssetsLimitedAsToUseNoncurrent' xlink:label='loc_HealthCareTrustFundAssetsLimitedAsToUseNoncurrent' xlink:type='locator' />
<link:loc xlink:href='../elts/us-gaap-2017-01-31.xsd#us-gaap_HealthCareTrustFundTable' xlink:label='loc_HealthCareTrustFundTable' xlink:type='locator' />
<link:loc xlink:href='../elts/us-gaap-2017-01-31.xsd#us-gaap_InsuranceReceivableForMalpracticeCurrent' xlink:label='loc_InsuranceReceivableForMalpracticeCurrent' xlink:type='locator' />
<link:loc xlink:href='../elts/us-gaap-2017-01-31.xsd#us-gaap_InsuranceReceivableForMalpracticeNoncurrent' xlink:label='loc_InsuranceReceivableForMalpracticeNoncurrent' xlink:type='locator' />
<link:loc xlink:href='../elts/us-gaap-2017-01-31.xsd#us-gaap_InsuranceReceivableForMalpractice' xlink:label='loc_InsuranceReceivableForMalpractice' xlink:type='locator' />
<link:loc xlink:href='../elts/us-gaap-2017-01-31.xsd#us-gaap_ScheduleOfMalpracticeInsuranceTypeAndTierIdentifierAxis' xlink:label='loc_ScheduleOfMalpracticeInsuranceTypeAndTierIdentifierAxis' xlink:type='locator' />
<link:loc xlink:href='../elts/us-gaap-2017-01-31.xsd#us-gaap_TypeAndTierIdentifierDomain' xlink:label='loc_TypeAndTierIdentifierDomain' xlink:type='locator' />
<link:loc xlink:href='../elts/us-gaap-2017-01-31.xsd#us-gaap_MalpracticeInsuranceDescription' xlink:label='loc_MalpracticeInsuranceDescription' xlink:type='locator' />
<link:loc xlink:href='../elts/us-gaap-2017-01-31.xsd#us-gaap_MalpracticeInsuranceMethodOfAccountingForInvestmentInCaptiveInsurer' xlink:label='loc_MalpracticeInsuranceMethodOfAccountingForInvestmentInCaptiveInsurer' xlink:type='locator' />
<link:loc xlink:href='../elts/us-gaap-2017-01-31.xsd#us-gaap_ScheduleOfMalpracticeInsuranceTextBlock' xlink:label='loc_ScheduleOfMalpracticeInsuranceTextBlock' xlink:type='locator' />
<link:loc xlink:href='../elts/us-gaap-2017-01-31.xsd#us-gaap_ScheduleOfMalpracticeInsuranceTable' xlink:label='loc_ScheduleOfMalpracticeInsuranceTable' xlink:type='locator' />
<link:loc xlink:href='../elts/us-gaap-2017-01-31.xsd#us-gaap_MalpracticeInsuranceLineItems' xlink:label='loc_MalpracticeInsuranceLineItems' xlink:type='locator' />
<link:loc xlink:href='../elts/us-gaap-2017-01-31.xsd#us-gaap_MalpracticeInsuranceOccurrenceOrClaimsMade' xlink:label='loc_MalpracticeInsuranceOccurrenceOrClaimsMade' xlink:type='locator' />
<link:loc xlink:href='../elts/us-gaap-2017-01-31.xsd#us-gaap_MalpracticeInsuranceRetrospectivelyRated' xlink:label='loc_MalpracticeInsuranceRetrospectivelyRated' xlink:type='locator' />
<link:loc xlink:href='../elts/us-gaap-2017-01-31.xsd#us-gaap_MalpracticeInsuranceCoverageFloor' xlink:label='loc_MalpracticeInsuranceCoverageFloor' xlink:type='locator' />
<link:loc xlink:href='../elts/us-gaap-2017-01-31.xsd#us-gaap_MalpracticeInsuranceAnnualCoverageLimit' xlink:label='loc_MalpracticeInsuranceAnnualCoverageLimit' xlink:type='locator' />
<link:loc xlink:href='../elts/us-gaap-2017-01-31.xsd#us-gaap_MalpracticeInsuranceMaximumCoveragePerIncident' xlink:label='loc_MalpracticeInsuranceMaximumCoveragePerIncident' xlink:type='locator' />
<link:loc xlink:href='../elts/us-gaap-2017-01-31.xsd#us-gaap_MalpracticeInsuranceDeductible1' xlink:label='loc_MalpracticeInsuranceDeductible1' xlink:type='locator' />
<link:loc xlink:href='../elts/us-gaap-2017-01-31.xsd#us-gaap_MalpracticeInsuranceSelfInsuredStatus' xlink:label='loc_MalpracticeInsuranceSelfInsuredStatus' xlink:type='locator' />
<link:loc xlink:href='../elts/us-gaap-2017-01-31.xsd#us-gaap_MalpracticeInsuranceThirdPartyCoverage' xlink:label='loc_MalpracticeInsuranceThirdPartyCoverage' xlink:type='locator' />
<link:loc xlink:href='../elts/us-gaap-2017-01-31.xsd#us-gaap_MalpracticeInsuranceOwnershipInCaptiveInsurer' xlink:label='loc_MalpracticeInsuranceOwnershipInCaptiveInsurer' xlink:type='locator' />
<link:loc xlink:href='../elts/us-gaap-2017-01-31.xsd#us-gaap_MalpracticeInsuranceNameOfCaptiveInsurer' xlink:label='loc_MalpracticeInsuranceNameOfCaptiveInsurer' xlink:type='locator' />
<link:loc xlink:href='../elts/us-gaap-2017-01-31.xsd#us-gaap_MalpracticeInsurancePercentageOfOwnershipInCaptiveInsurer' xlink:label='loc_MalpracticeInsurancePercentageOfOwnershipInCaptiveInsurer' xlink:type='locator' />
<link:loc xlink:href='../elts/us-gaap-2017-01-31.xsd#us-gaap_MalpracticeInsurancePercentageOfPremiumsPaidToCaptiveInsurer' xlink:label='loc_MalpracticeInsurancePercentageOfPremiumsPaidToCaptiveInsurer' xlink:type='locator' />
<link:loc xlink:href='../elts/us-gaap-2017-01-31.xsd#us-gaap_MalpracticeLossContingencyAccrualUndiscountedAbstract' xlink:label='loc_MalpracticeLossContingencyAccrualUndiscountedAbstract' xlink:type='locator' />
<link:loc xlink:href='../elts/us-gaap-2017-01-31.xsd#us-gaap_MalpracticeLossContingencyAccrualDiscountedAbstract' xlink:label='loc_MalpracticeLossContingencyAccrualDiscountedAbstract' xlink:type='locator' />
<link:loc xlink:href='../elts/us-gaap-2017-01-31.xsd#us-gaap_MalpracticeLossContingencyAccrualNotRecognized1' xlink:label='loc_MalpracticeLossContingencyAccrualNotRecognized1' xlink:type='locator' />
<link:loc xlink:href='../elts/us-gaap-2017-01-31.xsd#us-gaap_MalpracticeLossContingencyNumberOfClaims' xlink:label='loc_MalpracticeLossContingencyNumberOfClaims' xlink:type='locator' />
<link:loc xlink:href='../elts/us-gaap-2017-01-31.xsd#us-gaap_MalpracticeLossContingencyLettersOfCreditAndSuretyBonds' xlink:label='loc_MalpracticeLossContingencyLettersOfCreditAndSuretyBonds' xlink:type='locator' />
<link:loc xlink:href='../elts/us-gaap-2017-01-31.xsd#us-gaap_MalpracticeLossContingencyAccrualDiscountedCurrent' xlink:label='loc_MalpracticeLossContingencyAccrualDiscountedCurrent' xlink:type='locator' />
<link:loc xlink:href='../elts/us-gaap-2017-01-31.xsd#us-gaap_MalpracticeLossContingencyAccrualDiscountedNoncurrent' xlink:label='loc_MalpracticeLossContingencyAccrualDiscountedNoncurrent' xlink:type='locator' />
<link:loc xlink:href='../elts/us-gaap-2017-01-31.xsd#us-gaap_MalpracticeLossContingencyAccrualDiscounted' xlink:label='loc_MalpracticeLossContingencyAccrualDiscounted' xlink:type='locator' />
<link:loc xlink:href='../elts/us-gaap-2017-01-31.xsd#us-gaap_MalpracticeLossContingencyAccrualUndiscountedCurrent' xlink:label='loc_MalpracticeLossContingencyAccrualUndiscountedCurrent' xlink:type='locator' />
<link:loc xlink:href='../elts/us-gaap-2017-01-31.xsd#us-gaap_MalpracticeLossContingencyAccrualUndiscountedNoncurrent' xlink:label='loc_MalpracticeLossContingencyAccrualUndiscountedNoncurrent' xlink:type='locator' />
<link:loc xlink:href='../elts/us-gaap-2017-01-31.xsd#us-gaap_MalpracticeLossContingencyAccrualUndiscounted' xlink:label='loc_MalpracticeLossContingencyAccrualUndiscounted' xlink:type='locator' />
<link:loc xlink:href='../elts/us-gaap-2017-01-31.xsd#us-gaap_MalpracticeLossContingencyClaimsIncurredNetAbstract' xlink:label='loc_MalpracticeLossContingencyClaimsIncurredNetAbstract' xlink:type='locator' />
<link:loc xlink:href='../elts/us-gaap-2017-01-31.xsd#us-gaap_MalpracticeLossContingencyClaimsIncurredInPeriod' xlink:label='loc_MalpracticeLossContingencyClaimsIncurredInPeriod' xlink:type='locator' />
<link:loc xlink:href='../elts/us-gaap-2017-01-31.xsd#us-gaap_MalpracticeLossContingencyClaimsIncurredInPriorPeriods' xlink:label='loc_MalpracticeLossContingencyClaimsIncurredInPriorPeriods' xlink:type='locator' />
<link:loc xlink:href='../elts/us-gaap-2017-01-31.xsd#us-gaap_MalpracticeLossContingencyReturnOfPremiums' xlink:label='loc_MalpracticeLossContingencyReturnOfPremiums' xlink:type='locator' />
<link:loc xlink:href='../elts/us-gaap-2017-01-31.xsd#us-gaap_MalpracticeLossContingencyInsuranceRecoveries' xlink:label='loc_MalpracticeLossContingencyInsuranceRecoveries' xlink:type='locator' />
<link:loc xlink:href='../elts/us-gaap-2017-01-31.xsd#us-gaap_MalpracticeLossContingencyClaimsIncurredNet' xlink:label='loc_MalpracticeLossContingencyClaimsIncurredNet' xlink:type='locator' />
<link:loc xlink:href='../elts/us-gaap-2017-01-31.xsd#us-gaap_MalpracticeLossContingencyDescription' xlink:label='loc_MalpracticeLossContingencyDescription' xlink:type='locator' />
<link:loc xlink:href='../elts/us-gaap-2017-01-31.xsd#us-gaap_MalpracticeLossContingencyPeriodCost' xlink:label='loc_MalpracticeLossContingencyPeriodCost' xlink:type='locator' />
<link:loc xlink:href='../elts/us-gaap-2017-01-31.xsd#us-gaap_MalpracticeLossContingencyPremiumCosts' xlink:label='loc_MalpracticeLossContingencyPremiumCosts' xlink:type='locator' />
<link:loc xlink:href='../elts/us-gaap-2017-01-31.xsd#us-gaap_MalpracticeLossContingencyPeriodIncreaseDecrease' xlink:label='loc_MalpracticeLossContingencyPeriodIncreaseDecrease' xlink:type='locator' />
<link:loc xlink:href='../elts/us-gaap-2017-01-31.xsd#us-gaap_MalpracticeLossContingencyAccrualUndiscounted' xlink:label='loc_MalpracticeLossContingencyAccrualUndiscounted_1' xlink:type='locator' />
<link:loc xlink:href='../elts/us-gaap-2017-01-31.xsd#us-gaap_RangeAxis' xlink:label='loc_RangeAxis' xlink:type='locator' />
<link:loc xlink:href='../elts/us-gaap-2017-01-31.xsd#us-gaap_RangeMember' xlink:label='loc_RangeMember' xlink:type='locator' />
<link:loc xlink:href='../elts/us-gaap-2017-01-31.xsd#us-gaap_MaximumMember' xlink:label='loc_MaximumMember' xlink:type='locator' />
<link:loc xlink:href='../elts/us-gaap-2017-01-31.xsd#us-gaap_MinimumMember' xlink:label='loc_MinimumMember' xlink:type='locator' />
<link:loc xlink:href='../elts/us-gaap-2017-01-31.xsd#us-gaap_ProfessionalMalpracticeLiabilityMember' xlink:label='loc_ProfessionalMalpracticeLiabilityMember' xlink:type='locator' />
<link:loc xlink:href='../elts/us-gaap-2017-01-31.xsd#us-gaap_DirectorsAndOfficersLiabilityInsuranceMember' xlink:label='loc_DirectorsAndOfficersLiabilityInsuranceMember' xlink:type='locator' />
<link:loc xlink:href='../elts/us-gaap-2017-01-31.xsd#us-gaap_GeneralLiabilityMember' xlink:label='loc_GeneralLiabilityMember' xlink:type='locator' />
<link:presentationArc order='10' xlink:arcrole='http://www.xbrl.org/2003/arcrole/parent-child' xlink:from='loc_CharityCareAbstract' xlink:to='loc_CharityCareDirectAndIndirectCostBasisAmount' xlink:type='arc' />
<link:presentationArc order='20' xlink:arcrole='http://www.xbrl.org/2003/arcrole/parent-child' xlink:from='loc_CharityCareAbstract' xlink:to='loc_CharityCareOtherMeasurementBasisAmount' xlink:type='arc' />
<link:presentationArc order='30' xlink:arcrole='http://www.xbrl.org/2003/arcrole/parent-child' xlink:from='loc_CharityCareAbstract' xlink:to='loc_CharityCareReimbursementsReceived' xlink:type='arc' />
<link:presentationArc order='40' xlink:arcrole='http://www.xbrl.org/2003/arcrole/parent-child' xlink:from='loc_CharityCareAbstract' xlink:to='loc_CharityCareDisclosureTextBlock' xlink:type='arc' />
<link:presentationArc order='50' xlink:arcrole='http://www.xbrl.org/2003/arcrole/parent-child' xlink:from='loc_CharityCareAbstract' xlink:to='loc_CharityCareMethodology' xlink:type='arc' />
<link:presentationArc order='10' xlink:arcrole='http://www.xbrl.org/2003/arcrole/parent-child' xlink:from='loc_ContinuingCareRetirementCommunitiesAbstract' xlink:to='loc_ContinuingCareRetirementCommunitiesAdvanceFeesPolicyPolicyTextBlock' xlink:type='arc' />
<link:presentationArc order='10' xlink:arcrole='http://www.xbrl.org/2003/arcrole/parent-child' xlink:from='loc_ContinuingCareRetirementCommunitiesAdvanceFeesPolicyPolicyTextBlock' xlink:to='loc_ContinuingCareRetirementCommunitiesAdvanceFeesObligationForFutureServicesAmount' xlink:type='arc' />
<link:presentationArc order='20' xlink:arcrole='http://www.xbrl.org/2003/arcrole/parent-child' xlink:from='loc_ContinuingCareRetirementCommunitiesAdvanceFeesPolicyPolicyTextBlock' xlink:to='loc_ContinuingCareRetirementCommunitiesAdvanceFeesRefunds' xlink:type='arc' />
<link:presentationArc order='20' xlink:arcrole='http://www.xbrl.org/2003/arcrole/parent-child' xlink:from='loc_ContinuingCareRetirementCommunitiesAbstract' xlink:to='loc_ContinuingCareRetirementCommunitiesObligationsPolicyPolicyTextBlock' xlink:type='arc' />
<link:presentationArc order='10' xlink:arcrole='http://www.xbrl.org/2003/arcrole/parent-child' xlink:from='loc_CreditRatingAMBestAxis' xlink:to='loc_CreditRatingAMBestDomain' xlink:type='arc' />
<link:presentationArc order='10' xlink:arcrole='http://www.xbrl.org/2003/arcrole/parent-child' xlink:from='loc_CreditRatingAMBestDomain' xlink:to='loc_AMBestAPlusPlusRatingMember' xlink:type='arc' />
<link:presentationArc order='20' xlink:arcrole='http://www.xbrl.org/2003/arcrole/parent-child' xlink:from='loc_CreditRatingAMBestDomain' xlink:to='loc_AMBestAPlusRatingMember' xlink:type='arc' />
<link:presentationArc order='30' xlink:arcrole='http://www.xbrl.org/2003/arcrole/parent-child' xlink:from='loc_CreditRatingAMBestDomain' xlink:to='loc_AMBestARatingMember' xlink:type='arc' />
<link:presentationArc order='40' xlink:arcrole='http://www.xbrl.org/2003/arcrole/parent-child' xlink:from='loc_CreditRatingAMBestDomain' xlink:to='loc_AMBestAMinusRatingMember' xlink:type='arc' />
<link:presentationArc order='50' xlink:arcrole='http://www.xbrl.org/2003/arcrole/parent-child' xlink:from='loc_CreditRatingAMBestDomain' xlink:to='loc_AMBestBPlusPlusRatingMember' xlink:type='arc' />
<link:presentationArc order='60' xlink:arcrole='http://www.xbrl.org/2003/arcrole/parent-child' xlink:from='loc_CreditRatingAMBestDomain' xlink:to='loc_AMBestBPlusRatingMember' xlink:type='arc' />
<link:presentationArc order='70' xlink:arcrole='http://www.xbrl.org/2003/arcrole/parent-child' xlink:from='loc_CreditRatingAMBestDomain' xlink:to='loc_AMBestBRatingMember' xlink:type='arc' />
<link:presentationArc order='80' xlink:arcrole='http://www.xbrl.org/2003/arcrole/parent-child' xlink:from='loc_CreditRatingAMBestDomain' xlink:to='loc_AMBestBMinusRatingMember' xlink:type='arc' />
<link:presentationArc order='90' xlink:arcrole='http://www.xbrl.org/2003/arcrole/parent-child' xlink:from='loc_CreditRatingAMBestDomain' xlink:to='loc_AMBestCPlusPlusRatingMember' xlink:type='arc' />
<link:presentationArc order='100' xlink:arcrole='http://www.xbrl.org/2003/arcrole/parent-child' xlink:from='loc_CreditRatingAMBestDomain' xlink:to='loc_AMBestCPlusRatingMember' xlink:type='arc' />
<link:presentationArc order='110' xlink:arcrole='http://www.xbrl.org/2003/arcrole/parent-child' xlink:from='loc_CreditRatingAMBestDomain' xlink:to='loc_AMBestCRatingMember' xlink:type='arc' />
<link:presentationArc order='120' xlink:arcrole='http://www.xbrl.org/2003/arcrole/parent-child' xlink:from='loc_CreditRatingAMBestDomain' xlink:to='loc_AMBestCMinusRatingMember' xlink:type='arc' />
<link:presentationArc order='130' xlink:arcrole='http://www.xbrl.org/2003/arcrole/parent-child' xlink:from='loc_CreditRatingAMBestDomain' xlink:to='loc_AMBestDRatingMember' xlink:type='arc' />
<link:presentationArc order='140' xlink:arcrole='http://www.xbrl.org/2003/arcrole/parent-child' xlink:from='loc_CreditRatingAMBestDomain' xlink:to='loc_AMBestERatingMember' xlink:type='arc' />
<link:presentationArc order='150' xlink:arcrole='http://www.xbrl.org/2003/arcrole/parent-child' xlink:from='loc_CreditRatingAMBestDomain' xlink:to='loc_AMBestFRatingMember' xlink:type='arc' />
<link:presentationArc order='160' xlink:arcrole='http://www.xbrl.org/2003/arcrole/parent-child' xlink:from='loc_CreditRatingAMBestDomain' xlink:to='loc_AMBestSRatingMember' xlink:type='arc' />
<link:presentationArc order='10' xlink:arcrole='http://www.xbrl.org/2003/arcrole/parent-child' xlink:from='loc_CreditRatingFitchAxis' xlink:to='loc_ExternalCreditRatingFitchMember' xlink:type='arc' />
<link:presentationArc order='10' xlink:arcrole='http://www.xbrl.org/2003/arcrole/parent-child' xlink:from='loc_CreditRatingMoodysAxis' xlink:to='loc_ExternalCreditRatingMoodysMember' xlink:type='arc' />
<link:presentationArc order='10' xlink:arcrole='http://www.xbrl.org/2003/arcrole/parent-child' xlink:from='loc_CreditRatingStandardPoorsAxis' xlink:to='loc_ExternalCreditRatingStandardPoorsMember' xlink:type='arc' />
<link:presentationArc order='10' xlink:arcrole='http://www.xbrl.org/2003/arcrole/parent-child' xlink:from='loc_ExternalCreditRatingFitchMember' xlink:to='loc_FitchAAARatingMember' xlink:type='arc' />
<link:presentationArc order='20' xlink:arcrole='http://www.xbrl.org/2003/arcrole/parent-child' xlink:from='loc_ExternalCreditRatingFitchMember' xlink:to='loc_FitchAAPlusRatingMember' xlink:type='arc' />
<link:presentationArc order='30' xlink:arcrole='http://www.xbrl.org/2003/arcrole/parent-child' xlink:from='loc_ExternalCreditRatingFitchMember' xlink:to='loc_FitchAARatingMember' xlink:type='arc' />
<link:presentationArc order='40' xlink:arcrole='http://www.xbrl.org/2003/arcrole/parent-child' xlink:from='loc_ExternalCreditRatingFitchMember' xlink:to='loc_FitchAAMinusRatingMember' xlink:type='arc' />
<link:presentationArc order='50' xlink:arcrole='http://www.xbrl.org/2003/arcrole/parent-child' xlink:from='loc_ExternalCreditRatingFitchMember' xlink:to='loc_FitchAPlusRatingMember' xlink:type='arc' />
<link:presentationArc order='60' xlink:arcrole='http://www.xbrl.org/2003/arcrole/parent-child' xlink:from='loc_ExternalCreditRatingFitchMember' xlink:to='loc_FitchARatingMember' xlink:type='arc' />
<link:presentationArc order='70' xlink:arcrole='http://www.xbrl.org/2003/arcrole/parent-child' xlink:from='loc_ExternalCreditRatingFitchMember' xlink:to='loc_FitchAMinusRatingMember' xlink:type='arc' />
<link:presentationArc order='80' xlink:arcrole='http://www.xbrl.org/2003/arcrole/parent-child' xlink:from='loc_ExternalCreditRatingFitchMember' xlink:to='loc_FitchBBBPlusRatingMember' xlink:type='arc' />
<link:presentationArc order='90' xlink:arcrole='http://www.xbrl.org/2003/arcrole/parent-child' xlink:from='loc_ExternalCreditRatingFitchMember' xlink:to='loc_FitchBBBRatingMember' xlink:type='arc' />
<link:presentationArc order='100' xlink:arcrole='http://www.xbrl.org/2003/arcrole/parent-child' xlink:from='loc_ExternalCreditRatingFitchMember' xlink:to='loc_FitchBBBMinusRatingMember' xlink:type='arc' />
<link:presentationArc order='110' xlink:arcrole='http://www.xbrl.org/2003/arcrole/parent-child' xlink:from='loc_ExternalCreditRatingFitchMember' xlink:to='loc_FitchBBPlusRatingMember' xlink:type='arc' />
<link:presentationArc order='120' xlink:arcrole='http://www.xbrl.org/2003/arcrole/parent-child' xlink:from='loc_ExternalCreditRatingFitchMember' xlink:to='loc_FitchBBRatingMember' xlink:type='arc' />
<link:presentationArc order='130' xlink:arcrole='http://www.xbrl.org/2003/arcrole/parent-child' xlink:from='loc_ExternalCreditRatingFitchMember' xlink:to='loc_FitchBBMinusRatingMember' xlink:type='arc' />
<link:presentationArc order='140' xlink:arcrole='http://www.xbrl.org/2003/arcrole/parent-child' xlink:from='loc_ExternalCreditRatingFitchMember' xlink:to='loc_FitchBPlusRatingMember' xlink:type='arc' />
<link:presentationArc order='150' xlink:arcrole='http://www.xbrl.org/2003/arcrole/parent-child' xlink:from='loc_ExternalCreditRatingFitchMember' xlink:to='loc_FitchBRatingMember' xlink:type='arc' />
<link:presentationArc order='160' xlink:arcrole='http://www.xbrl.org/2003/arcrole/parent-child' xlink:from='loc_ExternalCreditRatingFitchMember' xlink:to='loc_FitchBMinusRatingMember' xlink:type='arc' />
<link:presentationArc order='170' xlink:arcrole='http://www.xbrl.org/2003/arcrole/parent-child' xlink:from='loc_ExternalCreditRatingFitchMember' xlink:to='loc_FitchCCCPlusRatingMember' xlink:type='arc' />
<link:presentationArc order='180' xlink:arcrole='http://www.xbrl.org/2003/arcrole/parent-child' xlink:from='loc_ExternalCreditRatingFitchMember' xlink:to='loc_FitchCCCRatingMember' xlink:type='arc' />
<link:presentationArc order='190' xlink:arcrole='http://www.xbrl.org/2003/arcrole/parent-child' xlink:from='loc_ExternalCreditRatingFitchMember' xlink:to='loc_FitchCCCMinusRatingMember' xlink:type='arc' />
<link:presentationArc order='200' xlink:arcrole='http://www.xbrl.org/2003/arcrole/parent-child' xlink:from='loc_ExternalCreditRatingFitchMember' xlink:to='loc_FitchCCRatingMember' xlink:type='arc' />
<link:presentationArc order='210' xlink:arcrole='http://www.xbrl.org/2003/arcrole/parent-child' xlink:from='loc_ExternalCreditRatingFitchMember' xlink:to='loc_FitchCRatingMember' xlink:type='arc' />
<link:presentationArc order='220' xlink:arcrole='http://www.xbrl.org/2003/arcrole/parent-child' xlink:from='loc_ExternalCreditRatingFitchMember' xlink:to='loc_FitchDRatingMember' xlink:type='arc' />
<link:presentationArc order='10' xlink:arcrole='http://www.xbrl.org/2003/arcrole/parent-child' xlink:from='loc_ExternalCreditRatingMoodysMember' xlink:to='loc_MoodysAaaRatingMember' xlink:type='arc' />
<link:presentationArc order='20' xlink:arcrole='http://www.xbrl.org/2003/arcrole/parent-child' xlink:from='loc_ExternalCreditRatingMoodysMember' xlink:to='loc_MoodysAa1RatingMember' xlink:type='arc' />
<link:presentationArc order='30' xlink:arcrole='http://www.xbrl.org/2003/arcrole/parent-child' xlink:from='loc_ExternalCreditRatingMoodysMember' xlink:to='loc_MoodysAa2RatingMember' xlink:type='arc' />
<link:presentationArc order='40' xlink:arcrole='http://www.xbrl.org/2003/arcrole/parent-child' xlink:from='loc_ExternalCreditRatingMoodysMember' xlink:to='loc_MoodysAa3RatingMember' xlink:type='arc' />
<link:presentationArc order='50' xlink:arcrole='http://www.xbrl.org/2003/arcrole/parent-child' xlink:from='loc_ExternalCreditRatingMoodysMember' xlink:to='loc_MoodysA1RatingMember' xlink:type='arc' />
<link:presentationArc order='60' xlink:arcrole='http://www.xbrl.org/2003/arcrole/parent-child' xlink:from='loc_ExternalCreditRatingMoodysMember' xlink:to='loc_MoodysA2RatingMember' xlink:type='arc' />
<link:presentationArc order='70' xlink:arcrole='http://www.xbrl.org/2003/arcrole/parent-child' xlink:from='loc_ExternalCreditRatingMoodysMember' xlink:to='loc_MoodysA3RatingMember' xlink:type='arc' />
<link:presentationArc order='80' xlink:arcrole='http://www.xbrl.org/2003/arcrole/parent-child' xlink:from='loc_ExternalCreditRatingMoodysMember' xlink:to='loc_MoodysBaa1RatingMember' xlink:type='arc' />
<link:presentationArc order='90' xlink:arcrole='http://www.xbrl.org/2003/arcrole/parent-child' xlink:from='loc_ExternalCreditRatingMoodysMember' xlink:to='loc_MoodysBaa2RatingMember' xlink:type='arc' />
<link:presentationArc order='100' xlink:arcrole='http://www.xbrl.org/2003/arcrole/parent-child' xlink:from='loc_ExternalCreditRatingMoodysMember' xlink:to='loc_MoodysBaa3RatingMember' xlink:type='arc' />
<link:presentationArc order='110' xlink:arcrole='http://www.xbrl.org/2003/arcrole/parent-child' xlink:from='loc_ExternalCreditRatingMoodysMember' xlink:to='loc_MoodysBa1RatingMember' xlink:type='arc' />
<link:presentationArc order='120' xlink:arcrole='http://www.xbrl.org/2003/arcrole/parent-child' xlink:from='loc_ExternalCreditRatingMoodysMember' xlink:to='loc_MoodysBa2RatingMember' xlink:type='arc' />
<link:presentationArc order='130' xlink:arcrole='http://www.xbrl.org/2003/arcrole/parent-child' xlink:from='loc_ExternalCreditRatingMoodysMember' xlink:to='loc_MoodysBa3RatingMember' xlink:type='arc' />
<link:presentationArc order='140' xlink:arcrole='http://www.xbrl.org/2003/arcrole/parent-child' xlink:from='loc_ExternalCreditRatingMoodysMember' xlink:to='loc_MoodysB1RatingMember' xlink:type='arc' />
<link:presentationArc order='150' xlink:arcrole='http://www.xbrl.org/2003/arcrole/parent-child' xlink:from='loc_ExternalCreditRatingMoodysMember' xlink:to='loc_MoodysB2RatingMember' xlink:type='arc' />
<link:presentationArc order='160' xlink:arcrole='http://www.xbrl.org/2003/arcrole/parent-child' xlink:from='loc_ExternalCreditRatingMoodysMember' xlink:to='loc_MoodysB3RatingMember' xlink:type='arc' />
<link:presentationArc order='170' xlink:arcrole='http://www.xbrl.org/2003/arcrole/parent-child' xlink:from='loc_ExternalCreditRatingMoodysMember' xlink:to='loc_MoodysCaa1RatingMember' xlink:type='arc' />
<link:presentationArc order='180' xlink:arcrole='http://www.xbrl.org/2003/arcrole/parent-child' xlink:from='loc_ExternalCreditRatingMoodysMember' xlink:to='loc_MoodysCaa2RatingMember' xlink:type='arc' />
<link:presentationArc order='190' xlink:arcrole='http://www.xbrl.org/2003/arcrole/parent-child' xlink:from='loc_ExternalCreditRatingMoodysMember' xlink:to='loc_MoodysCaa3RatingMember' xlink:type='arc' />
<link:presentationArc order='200' xlink:arcrole='http://www.xbrl.org/2003/arcrole/parent-child' xlink:from='loc_ExternalCreditRatingMoodysMember' xlink:to='loc_MoodysCaRatingMember' xlink:type='arc' />
<link:presentationArc order='210' xlink:arcrole='http://www.xbrl.org/2003/arcrole/parent-child' xlink:from='loc_ExternalCreditRatingMoodysMember' xlink:to='loc_MoodysCRatingMember' xlink:type='arc' />
<link:presentationArc order='10' xlink:arcrole='http://www.xbrl.org/2003/arcrole/parent-child' xlink:from='loc_ExternalCreditRatingStandardPoorsMember' xlink:to='loc_StandardPoorsAAARatingMember' xlink:type='arc' />
<link:presentationArc order='20' xlink:arcrole='http://www.xbrl.org/2003/arcrole/parent-child' xlink:from='loc_ExternalCreditRatingStandardPoorsMember' xlink:to='loc_StandardPoorsAAPlusRatingMember' xlink:type='arc' />
<link:presentationArc order='30' xlink:arcrole='http://www.xbrl.org/2003/arcrole/parent-child' xlink:from='loc_ExternalCreditRatingStandardPoorsMember' xlink:to='loc_StandardPoorsAARatingMember' xlink:type='arc' />
<link:presentationArc order='40' xlink:arcrole='http://www.xbrl.org/2003/arcrole/parent-child' xlink:from='loc_ExternalCreditRatingStandardPoorsMember' xlink:to='loc_StandardPoorsAAMinusRatingMember' xlink:type='arc' />
<link:presentationArc order='50' xlink:arcrole='http://www.xbrl.org/2003/arcrole/parent-child' xlink:from='loc_ExternalCreditRatingStandardPoorsMember' xlink:to='loc_StandardPoorsAPlusRatingMember' xlink:type='arc' />
<link:presentationArc order='60' xlink:arcrole='http://www.xbrl.org/2003/arcrole/parent-child' xlink:from='loc_ExternalCreditRatingStandardPoorsMember' xlink:to='loc_StandardPoorsARatingMember' xlink:type='arc' />
<link:presentationArc order='70' xlink:arcrole='http://www.xbrl.org/2003/arcrole/parent-child' xlink:from='loc_ExternalCreditRatingStandardPoorsMember' xlink:to='loc_StandardPoorsAMinusRatingMember' xlink:type='arc' />
<link:presentationArc order='80' xlink:arcrole='http://www.xbrl.org/2003/arcrole/parent-child' xlink:from='loc_ExternalCreditRatingStandardPoorsMember' xlink:to='loc_StandardPoorsBBBPlusRatingMember' xlink:type='arc' />
<link:presentationArc order='90' xlink:arcrole='http://www.xbrl.org/2003/arcrole/parent-child' xlink:from='loc_ExternalCreditRatingStandardPoorsMember' xlink:to='loc_StandardPoorsBBBRatingMember' xlink:type='arc' />
<link:presentationArc order='100' xlink:arcrole='http://www.xbrl.org/2003/arcrole/parent-child' xlink:from='loc_ExternalCreditRatingStandardPoorsMember' xlink:to='loc_StandardPoorsBBBMinusRatingMember' xlink:type='arc' />
<link:presentationArc order='110' xlink:arcrole='http://www.xbrl.org/2003/arcrole/parent-child' xlink:from='loc_ExternalCreditRatingStandardPoorsMember' xlink:to='loc_StandardPoorsBBPlusRatingMember' xlink:type='arc' />
<link:presentationArc order='120' xlink:arcrole='http://www.xbrl.org/2003/arcrole/parent-child' xlink:from='loc_ExternalCreditRatingStandardPoorsMember' xlink:to='loc_StandardPoorsBBRatingMember' xlink:type='arc' />
<link:presentationArc order='130' xlink:arcrole='http://www.xbrl.org/2003/arcrole/parent-child' xlink:from='loc_ExternalCreditRatingStandardPoorsMember' xlink:to='loc_StandardPoorsBBMinusRatingMember' xlink:type='arc' />
<link:presentationArc order='140' xlink:arcrole='http://www.xbrl.org/2003/arcrole/parent-child' xlink:from='loc_ExternalCreditRatingStandardPoorsMember' xlink:to='loc_StandardPoorsBPlusRatingMember' xlink:type='arc' />
<link:presentationArc order='150' xlink:arcrole='http://www.xbrl.org/2003/arcrole/parent-child' xlink:from='loc_ExternalCreditRatingStandardPoorsMember' xlink:to='loc_StandardPoorsBRatingMember' xlink:type='arc' />
<link:presentationArc order='160' xlink:arcrole='http://www.xbrl.org/2003/arcrole/parent-child' xlink:from='loc_ExternalCreditRatingStandardPoorsMember' xlink:to='loc_StandardPoorsBMinusRatingMember' xlink:type='arc' />
<link:presentationArc order='170' xlink:arcrole='http://www.xbrl.org/2003/arcrole/parent-child' xlink:from='loc_ExternalCreditRatingStandardPoorsMember' xlink:to='loc_StandardPoorsCCCPlusRatingMember' xlink:type='arc' />
<link:presentationArc order='180' xlink:arcrole='http://www.xbrl.org/2003/arcrole/parent-child' xlink:from='loc_ExternalCreditRatingStandardPoorsMember' xlink:to='loc_StandardPoorsCCCRatingMember' xlink:type='arc' />
<link:presentationArc order='190' xlink:arcrole='http://www.xbrl.org/2003/arcrole/parent-child' xlink:from='loc_ExternalCreditRatingStandardPoorsMember' xlink:to='loc_StandardPoorsCCCMinusRatingMember' xlink:type='arc' />
<link:presentationArc order='200' xlink:arcrole='http://www.xbrl.org/2003/arcrole/parent-child' xlink:from='loc_ExternalCreditRatingStandardPoorsMember' xlink:to='loc_StandardPoorsCCRatingMember' xlink:type='arc' />
<link:presentationArc order='210' xlink:arcrole='http://www.xbrl.org/2003/arcrole/parent-child' xlink:from='loc_ExternalCreditRatingStandardPoorsMember' xlink:to='loc_StandardPoorsCRatingMember' xlink:type='arc' />
<link:presentationArc order='220' xlink:arcrole='http://www.xbrl.org/2003/arcrole/parent-child' xlink:from='loc_ExternalCreditRatingStandardPoorsMember' xlink:to='loc_StandardPoorsDRatingMember' xlink:type='arc' />
<link:presentationArc order='10' xlink:arcrole='http://www.xbrl.org/2003/arcrole/parent-child' xlink:from='loc_HealthCareOrganizationRevenueAndExpenseAbstract' xlink:to='loc_HealthCareOrganizationRevenueDescription' xlink:type='arc' />
<link:presentationArc order='20' xlink:arcrole='http://www.xbrl.org/2003/arcrole/parent-child' xlink:from='loc_HealthCareOrganizationRevenueAndExpenseAbstract' xlink:to='loc_HealthCareOrganizationRevenueAbstract' xlink:type='arc' />
<link:presentationArc order='30' xlink:arcrole='http://www.xbrl.org/2003/arcrole/parent-child' xlink:from='loc_HealthCareOrganizationRevenueAndExpenseAbstract' xlink:to='loc_HealthCareOrganizationRevenueNetOfPatientServiceRevenueProvisionsAbstract' xlink:type='arc' />
<link:presentationArc order='40' xlink:arcrole='http://www.xbrl.org/2003/arcrole/parent-child' xlink:from='loc_HealthCareOrganizationRevenueAndExpenseAbstract' xlink:to='loc_HealthCareOrganizationExpensesNetAbstract' xlink:type='arc' />
<link:presentationArc order='10' xlink:arcrole='http://www.xbrl.org/2003/arcrole/parent-child' xlink:from='loc_HealthCareOrganizationDisclosuresforCertainHealthCareEntitiesAbstract' xlink:to='loc_ScheduleOfRevenueSourcesHealthCareOrganizationTableTextBlock' xlink:type='arc' />
<link:presentationArc order='10' xlink:arcrole='http://www.xbrl.org/2003/arcrole/parent-child' xlink:from='loc_ScheduleOfRevenueSourcesHealthCareOrganizationTableTextBlock' xlink:to='loc_ScheduleOfRevenueSourcesHealthCareOrganizationTable' xlink:type='arc' />
<link:presentationArc order='10' xlink:arcrole='http://www.xbrl.org/2003/arcrole/parent-child' xlink:from='loc_HealthCareOrganizationExpensesGrossAbstract' xlink:to='loc_HealthCareOrganizationMedicalSuppliesAndDrugsExpense' xlink:type='arc' />
<link:presentationArc order='20' xlink:arcrole='http://www.xbrl.org/2003/arcrole/parent-child' xlink:from='loc_HealthCareOrganizationExpensesGrossAbstract' xlink:to='loc_HealthCareOrganizationStopLossInsurancePremiumExpense' xlink:type='arc' />
<link:presentationArc order='30' xlink:arcrole='http://www.xbrl.org/2003/arcrole/parent-child' xlink:from='loc_HealthCareOrganizationExpensesGrossAbstract' xlink:to='loc_HealthCareOrganizationContractAcquisitionExpense' xlink:type='arc' />
<link:presentationArc order='40' preferredLabel='http://www.xbrl.org/2003/role/totalLabel' xlink:arcrole='http://www.xbrl.org/2003/arcrole/parent-child' xlink:from='loc_HealthCareOrganizationExpensesGrossAbstract' xlink:to='loc_HealthCareOrganizationHealthCareCostsGross' xlink:type='arc' />
<link:presentationArc order='10' xlink:arcrole='http://www.xbrl.org/2003/arcrole/parent-child' xlink:from='loc_HealthCareOrganizationExpensesNetAbstract' xlink:to='loc_HealthCareOrganizationExpensesGrossAbstract' xlink:type='arc' />
<link:presentationArc order='20' xlink:arcrole='http://www.xbrl.org/2003/arcrole/parent-child' xlink:from='loc_HealthCareOrganizationExpensesNetAbstract' xlink:to='loc_HealthCareOrganizationStopLossInsuranceRecoveries' xlink:type='arc' />
<link:presentationArc order='30' preferredLabel='http://www.xbrl.org/2003/role/totalLabel' xlink:arcrole='http://www.xbrl.org/2003/arcrole/parent-child' xlink:from='loc_HealthCareOrganizationExpensesNetAbstract' xlink:to='loc_HealthCareOrganizationExpensesNet' xlink:type='arc' />
<link:presentationArc order='10' xlink:arcrole='http://www.xbrl.org/2003/arcrole/parent-child' xlink:from='loc_HealthCareOrganizationPatientServiceRevenueLessProvisionForBadDebtsAbstract' xlink:to='loc_HealthCareOrganizationPatientServiceRevenue' xlink:type='arc' />
<link:presentationArc order='20' xlink:arcrole='http://www.xbrl.org/2003/arcrole/parent-child' xlink:from='loc_HealthCareOrganizationPatientServiceRevenueLessProvisionForBadDebtsAbstract' xlink:to='loc_HealthCareOrganizationPatientServiceRevenueProvisionforBadDebts' xlink:type='arc' />
<link:presentationArc order='30' preferredLabel='http://www.xbrl.org/2003/role/totalLabel' xlink:arcrole='http://www.xbrl.org/2003/arcrole/parent-child' xlink:from='loc_HealthCareOrganizationPatientServiceRevenueLessProvisionForBadDebtsAbstract' xlink:to='loc_HealthCareOrganizationPatientServiceRevenueLessProvisionForBadDebts' xlink:type='arc' />
<link:presentationArc order='10' xlink:arcrole='http://www.xbrl.org/2003/arcrole/parent-child' xlink:from='loc_HealthCareOrganizationReceivableAndRevenueDisclosuresLineItems' xlink:to='loc_HealthCareOrganizationPatientServiceRevenue' xlink:type='arc' />
<link:presentationArc order='20' xlink:arcrole='http://www.xbrl.org/2003/arcrole/parent-child' xlink:from='loc_HealthCareOrganizationReceivableAndRevenueDisclosuresLineItems' xlink:to='loc_AllowanceForDoubtfulAccountsReceivableWriteOffs' xlink:type='arc' />
<link:presentationArc order='30' xlink:arcrole='http://www.xbrl.org/2003/arcrole/parent-child' xlink:from='loc_HealthCareOrganizationReceivableAndRevenueDisclosuresLineItems' xlink:to='loc_HealthCareOrganizationAllowanceForDoubtfulAccountsPercentageOfAccountsReceivable' xlink:type='arc' />
<link:presentationArc order='40' xlink:arcrole='http://www.xbrl.org/2003/arcrole/parent-child' xlink:from='loc_HealthCareOrganizationReceivableAndRevenueDisclosuresLineItems' xlink:to='loc_HealthCareOrganizationQualitativeFactors' xlink:type='arc' />
<link:presentationArc order='10' xlink:arcrole='http://www.xbrl.org/2003/arcrole/parent-child' xlink:from='loc_HealthCareOrganizationRevenueNetOfPatientServiceRevenueProvisionsAbstract' xlink:to='loc_HealthCareOrganizationPatientServiceRevenueLessProvisionForBadDebtsAbstract' xlink:type='arc' />
<link:presentationArc order='20' xlink:arcrole='http://www.xbrl.org/2003/arcrole/parent-child' xlink:from='loc_HealthCareOrganizationRevenueNetOfPatientServiceRevenueProvisionsAbstract' xlink:to='loc_HealthCareOrganizationPremiumRevenue' xlink:type='arc' />
<link:presentationArc order='30' xlink:arcrole='http://www.xbrl.org/2003/arcrole/parent-child' xlink:from='loc_HealthCareOrganizationRevenueNetOfPatientServiceRevenueProvisionsAbstract' xlink:to='loc_HealthCareOrganizationCapitationRevenue' xlink:type='arc' />
<link:presentationArc order='40' xlink:arcrole='http://www.xbrl.org/2003/arcrole/parent-child' xlink:from='loc_HealthCareOrganizationRevenueNetOfPatientServiceRevenueProvisionsAbstract' xlink:to='loc_HealthCareOrganizationResidentServiceRevenue' xlink:type='arc' />
<link:presentationArc order='50' xlink:arcrole='http://www.xbrl.org/2003/arcrole/parent-child' xlink:from='loc_HealthCareOrganizationRevenueNetOfPatientServiceRevenueProvisionsAbstract' xlink:to='loc_HealthCareOrganizationOtherRevenue' xlink:type='arc' />
<link:presentationArc order='60' preferredLabel='http://www.xbrl.org/2003/role/totalLabel' xlink:arcrole='http://www.xbrl.org/2003/arcrole/parent-child' xlink:from='loc_HealthCareOrganizationRevenueNetOfPatientServiceRevenueProvisionsAbstract' xlink:to='loc_HealthCareOrganizationRevenueNetOfPatientServiceRevenueProvisions' xlink:type='arc' />
<link:presentationArc order='10' xlink:arcrole='http://www.xbrl.org/2003/arcrole/parent-child' xlink:from='loc_HealthCareOrganizationRevenueSourcesAxis' xlink:to='loc_HealthCareOrganizationRevenueSourcesDomain' xlink:type='arc' />
<link:presentationArc order='10' xlink:arcrole='http://www.xbrl.org/2003/arcrole/parent-child' xlink:from='loc_HealthCareOrganizationRevenueSourcesDomain' xlink:to='loc_ThirdPartyPayorMember' xlink:type='arc' />
<link:presentationArc order='20' xlink:arcrole='http://www.xbrl.org/2003/arcrole/parent-child' xlink:from='loc_HealthCareOrganizationRevenueSourcesDomain' xlink:to='loc_SelfPayMember' xlink:type='arc' />
<link:presentationArc order='10' xlink:arcrole='http://www.xbrl.org/2003/arcrole/parent-child' xlink:from='loc_HealthCareOrganizationRevenueAbstract' xlink:to='loc_HealthCareOrganizationPatientServiceRevenue' xlink:type='arc' />
<link:presentationArc order='20' xlink:arcrole='http://www.xbrl.org/2003/arcrole/parent-child' xlink:from='loc_HealthCareOrganizationRevenueAbstract' xlink:to='loc_HealthCareOrganizationPremiumRevenue' xlink:type='arc' />
<link:presentationArc order='30' xlink:arcrole='http://www.xbrl.org/2003/arcrole/parent-child' xlink:from='loc_HealthCareOrganizationRevenueAbstract' xlink:to='loc_HealthCareOrganizationCapitationRevenue' xlink:type='arc' />
<link:presentationArc order='40' xlink:arcrole='http://www.xbrl.org/2003/arcrole/parent-child' xlink:from='loc_HealthCareOrganizationRevenueAbstract' xlink:to='loc_HealthCareOrganizationResidentServiceRevenue' xlink:type='arc' />
<link:presentationArc order='50' xlink:arcrole='http://www.xbrl.org/2003/arcrole/parent-child' xlink:from='loc_HealthCareOrganizationRevenueAbstract' xlink:to='loc_HealthCareOrganizationOtherRevenue' xlink:type='arc' />
<link:presentationArc order='60' preferredLabel='http://www.xbrl.org/2003/role/totalLabel' xlink:arcrole='http://www.xbrl.org/2003/arcrole/parent-child' xlink:from='loc_HealthCareOrganizationRevenueAbstract' xlink:to='loc_HealthCareOrganizationRevenue' xlink:type='arc' />
<link:presentationArc order='10' xlink:arcrole='http://www.xbrl.org/2003/arcrole/parent-child' xlink:from='loc_HealthCareOrganizationsAbstract' xlink:to='loc_MalpracticeLossContingencyDisclosureTextBlock' xlink:type='arc' />
<link:presentationArc order='10' xlink:arcrole='http://www.xbrl.org/2003/arcrole/parent-child' xlink:from='loc_MalpracticeLossContingencyDisclosureTextBlock' xlink:to='loc_MalpracticeLossContingencyAccrualAbstract' xlink:type='arc' />
<link:presentationArc order='20' use='optional' xlink:arcrole='http://www.xbrl.org/2003/arcrole/parent-child' xlink:from='loc_MalpracticeLossContingencyDisclosureTextBlock' xlink:to='loc_InsuranceReceivableForMalpracticeAbstract' xlink:type='arc' />
<link:presentationArc order='30' use='optional' xlink:arcrole='http://www.xbrl.org/2003/arcrole/parent-child' xlink:from='loc_MalpracticeLossContingencyDisclosureTextBlock' xlink:to='loc_MovementInMalpracticeLossContingencyRollForward' xlink:type='arc' />
<link:presentationArc order='40' use='optional' xlink:arcrole='http://www.xbrl.org/2003/arcrole/parent-child' xlink:from='loc_MalpracticeLossContingencyDisclosureTextBlock' xlink:to='loc_MalpracticeLossContingencyPeriodCostNetRecognizedInIncomeStatementAbstract' xlink:type='arc' />
<link:presentationArc order='50' use='optional' xlink:arcrole='http://www.xbrl.org/2003/arcrole/parent-child' xlink:from='loc_MalpracticeLossContingencyDisclosureTextBlock' xlink:to='loc_MalpracticeInsuranceAbstract' xlink:type='arc' />
<link:presentationArc order='20' xlink:arcrole='http://www.xbrl.org/2003/arcrole/parent-child' xlink:from='loc_HealthCareOrganizationsAbstract' xlink:to='loc_ScheduleOfHealthCareTrustFundAbstract' xlink:type='arc' />
<link:presentationArc order='30' xlink:arcrole='http://www.xbrl.org/2003/arcrole/parent-child' xlink:from='loc_HealthCareOrganizationsAbstract' xlink:to='loc_ContractualAdjustmentsAndThirdPartySettlementsPolicyPolicyTextBlock' xlink:type='arc' />
<link:presentationArc order='40' xlink:arcrole='http://www.xbrl.org/2003/arcrole/parent-child' xlink:from='loc_HealthCareOrganizationsAbstract' xlink:to='loc_BusinessAndContractualArrangementsDisclosureTextBlock' xlink:type='arc' />
<link:presentationArc order='50' xlink:arcrole='http://www.xbrl.org/2003/arcrole/parent-child' xlink:from='loc_HealthCareOrganizationsAbstract' xlink:to='loc_HealthCareOrganizationRevenueAndExpenseAbstract' xlink:type='arc' />
<link:presentationArc order='60' xlink:arcrole='http://www.xbrl.org/2003/arcrole/parent-child' xlink:from='loc_HealthCareOrganizationsAbstract' xlink:to='loc_HealthCareOrganizationDisclosuresforCertainHealthCareEntitiesAbstract' xlink:type='arc' />
<link:presentationArc order='70' xlink:arcrole='http://www.xbrl.org/2003/arcrole/parent-child' xlink:from='loc_HealthCareOrganizationsAbstract' xlink:to='loc_ContinuingCareRetirementCommunitiesAbstract' xlink:type='arc' />
<link:presentationArc order='80' xlink:arcrole='http://www.xbrl.org/2003/arcrole/parent-child' xlink:from='loc_HealthCareOrganizationsAbstract' xlink:to='loc_CharityCareAbstract' xlink:type='arc' />
<link:presentationArc order='10' xlink:arcrole='http://www.xbrl.org/2003/arcrole/parent-child' xlink:from='loc_HealthCareTrustFundAxis' xlink:to='loc_HealthCareTrustFundNameDomain' xlink:type='arc' />
<link:presentationArc order='10' xlink:arcrole='http://www.xbrl.org/2003/arcrole/parent-child' xlink:from='loc_HealthCareTrustFundLineItems' xlink:to='loc_HealthCareTrustFundDescription' xlink:type='arc' />
<link:presentationArc order='20' xlink:arcrole='http://www.xbrl.org/2003/arcrole/parent-child' xlink:from='loc_HealthCareTrustFundLineItems' xlink:to='loc_HealthCareTrustFundAssetsLimitedAsToUseCurrent' xlink:type='arc' />
<link:presentationArc order='30' xlink:arcrole='http://www.xbrl.org/2003/arcrole/parent-child' xlink:from='loc_HealthCareTrustFundLineItems' xlink:to='loc_HealthCareTrustFundAssetsLimitedAsToUseNoncurrent' xlink:type='arc' />
<link:presentationArc order='10' xlink:arcrole='http://www.xbrl.org/2003/arcrole/parent-child' xlink:from='loc_HealthCareTrustFundTable' xlink:to='loc_HealthCareTrustFundAxis' xlink:type='arc' />
<link:presentationArc order='20' xlink:arcrole='http://www.xbrl.org/2003/arcrole/parent-child' xlink:from='loc_HealthCareTrustFundTable' xlink:to='loc_HealthCareTrustFundLineItems' xlink:type='arc' />
<link:presentationArc order='10' xlink:arcrole='http://www.xbrl.org/2003/arcrole/parent-child' xlink:from='loc_InsuranceReceivableForMalpracticeAbstract' xlink:to='loc_InsuranceReceivableForMalpracticeCurrent' xlink:type='arc' />
<link:presentationArc order='20' xlink:arcrole='http://www.xbrl.org/2003/arcrole/parent-child' xlink:from='loc_InsuranceReceivableForMalpracticeAbstract' xlink:to='loc_InsuranceReceivableForMalpracticeNoncurrent' xlink:type='arc' />
<link:presentationArc order='30' preferredLabel='http://www.xbrl.org/2003/role/totalLabel' xlink:arcrole='http://www.xbrl.org/2003/arcrole/parent-child' xlink:from='loc_InsuranceReceivableForMalpracticeAbstract' xlink:to='loc_InsuranceReceivableForMalpractice' xlink:type='arc' />
<link:presentationArc order='10' use='optional' xlink:arcrole='http://www.xbrl.org/2003/arcrole/parent-child' xlink:from='loc_ScheduleOfMalpracticeInsuranceTypeAndTierIdentifierAxis' xlink:to='loc_TypeAndTierIdentifierDomain' xlink:type='arc' />
<link:presentationArc order='10' use='optional' xlink:arcrole='http://www.xbrl.org/2003/arcrole/parent-child' xlink:from='loc_MalpracticeInsuranceAbstract' xlink:to='loc_MalpracticeInsuranceDescription' xlink:type='arc' />
<link:presentationArc order='20' xlink:arcrole='http://www.xbrl.org/2003/arcrole/parent-child' xlink:from='loc_MalpracticeInsuranceAbstract' xlink:to='loc_MalpracticeInsuranceMethodOfAccountingForInvestmentInCaptiveInsurer' xlink:type='arc' />
<link:presentationArc order='30' use='optional' xlink:arcrole='http://www.xbrl.org/2003/arcrole/parent-child' xlink:from='loc_MalpracticeInsuranceAbstract' xlink:to='loc_ScheduleOfMalpracticeInsuranceTextBlock' xlink:type='arc' />
<link:presentationArc order='10' use='optional' xlink:arcrole='http://www.xbrl.org/2003/arcrole/parent-child' xlink:from='loc_ScheduleOfMalpracticeInsuranceTextBlock' xlink:to='loc_ScheduleOfMalpracticeInsuranceTable' xlink:type='arc' />
<link:presentationArc order='10' use='optional' xlink:arcrole='http://www.xbrl.org/2003/arcrole/parent-child' xlink:from='loc_MalpracticeInsuranceLineItems' xlink:to='loc_MalpracticeInsuranceOccurrenceOrClaimsMade' xlink:type='arc' />
<link:presentationArc order='20' use='optional' xlink:arcrole='http://www.xbrl.org/2003/arcrole/parent-child' xlink:from='loc_MalpracticeInsuranceLineItems' xlink:to='loc_MalpracticeInsuranceRetrospectivelyRated' xlink:type='arc' />
<link:presentationArc order='30' use='optional' xlink:arcrole='http://www.xbrl.org/2003/arcrole/parent-child' xlink:from='loc_MalpracticeInsuranceLineItems' xlink:to='loc_MalpracticeInsuranceCoverageFloor' xlink:type='arc' />
<link:presentationArc order='40' use='optional' xlink:arcrole='http://www.xbrl.org/2003/arcrole/parent-child' xlink:from='loc_MalpracticeInsuranceLineItems' xlink:to='loc_MalpracticeInsuranceAnnualCoverageLimit' xlink:type='arc' />
<link:presentationArc order='50' use='optional' xlink:arcrole='http://www.xbrl.org/2003/arcrole/parent-child' xlink:from='loc_MalpracticeInsuranceLineItems' xlink:to='loc_MalpracticeInsuranceMaximumCoveragePerIncident' xlink:type='arc' />
<link:presentationArc order='60' xlink:arcrole='http://www.xbrl.org/2003/arcrole/parent-child' xlink:from='loc_MalpracticeInsuranceLineItems' xlink:to='loc_MalpracticeInsuranceDeductible1' xlink:type='arc' />
<link:presentationArc order='70' use='optional' xlink:arcrole='http://www.xbrl.org/2003/arcrole/parent-child' xlink:from='loc_MalpracticeInsuranceLineItems' xlink:to='loc_MalpracticeInsuranceSelfInsuredStatus' xlink:type='arc' />
<link:presentationArc order='80' use='optional' xlink:arcrole='http://www.xbrl.org/2003/arcrole/parent-child' xlink:from='loc_MalpracticeInsuranceLineItems' xlink:to='loc_MalpracticeInsuranceThirdPartyCoverage' xlink:type='arc' />
<link:presentationArc order='90' use='optional' xlink:arcrole='http://www.xbrl.org/2003/arcrole/parent-child' xlink:from='loc_MalpracticeInsuranceLineItems' xlink:to='loc_MalpracticeInsuranceOwnershipInCaptiveInsurer' xlink:type='arc' />
<link:presentationArc order='10' use='optional' xlink:arcrole='http://www.xbrl.org/2003/arcrole/parent-child' xlink:from='loc_MalpracticeInsuranceOwnershipInCaptiveInsurer' xlink:to='loc_MalpracticeInsuranceNameOfCaptiveInsurer' xlink:type='arc' />
<link:presentationArc order='20' use='optional' xlink:arcrole='http://www.xbrl.org/2003/arcrole/parent-child' xlink:from='loc_MalpracticeInsuranceOwnershipInCaptiveInsurer' xlink:to='loc_MalpracticeInsurancePercentageOfOwnershipInCaptiveInsurer' xlink:type='arc' />
<link:presentationArc order='30' use='optional' xlink:arcrole='http://www.xbrl.org/2003/arcrole/parent-child' xlink:from='loc_MalpracticeInsuranceOwnershipInCaptiveInsurer' xlink:to='loc_MalpracticeInsurancePercentageOfPremiumsPaidToCaptiveInsurer' xlink:type='arc' />
<link:presentationArc order='10' xlink:arcrole='http://www.xbrl.org/2003/arcrole/parent-child' xlink:from='loc_MalpracticeLossContingencyAccrualAbstract' xlink:to='loc_MalpracticeLossContingencyAccrualUndiscountedAbstract' xlink:type='arc' />
<link:presentationArc order='20' xlink:arcrole='http://www.xbrl.org/2003/arcrole/parent-child' xlink:from='loc_MalpracticeLossContingencyAccrualAbstract' xlink:to='loc_MalpracticeLossContingencyAccrualDiscountedAbstract' xlink:type='arc' />
<link:presentationArc order='30' xlink:arcrole='http://www.xbrl.org/2003/arcrole/parent-child' xlink:from='loc_MalpracticeLossContingencyAccrualAbstract' xlink:to='loc_MalpracticeLossContingencyAccrualNotRecognized1' xlink:type='arc' />
<link:presentationArc order='40' xlink:arcrole='http://www.xbrl.org/2003/arcrole/parent-child' xlink:from='loc_MalpracticeLossContingencyAccrualAbstract' xlink:to='loc_MalpracticeLossContingencyNumberOfClaims' xlink:type='arc' />
<link:presentationArc order='50' xlink:arcrole='http://www.xbrl.org/2003/arcrole/parent-child' xlink:from='loc_MalpracticeLossContingencyAccrualAbstract' xlink:to='loc_MalpracticeLossContingencyLettersOfCreditAndSuretyBonds' xlink:type='arc' />
<link:presentationArc order='10' xlink:arcrole='http://www.xbrl.org/2003/arcrole/parent-child' xlink:from='loc_MalpracticeLossContingencyAccrualDiscountedAbstract' xlink:to='loc_MalpracticeLossContingencyAccrualDiscountedCurrent' xlink:type='arc' />
<link:presentationArc order='20' xlink:arcrole='http://www.xbrl.org/2003/arcrole/parent-child' xlink:from='loc_MalpracticeLossContingencyAccrualDiscountedAbstract' xlink:to='loc_MalpracticeLossContingencyAccrualDiscountedNoncurrent' xlink:type='arc' />
<link:presentationArc order='30' preferredLabel='http://www.xbrl.org/2003/role/totalLabel' xlink:arcrole='http://www.xbrl.org/2003/arcrole/parent-child' xlink:from='loc_MalpracticeLossContingencyAccrualDiscountedAbstract' xlink:to='loc_MalpracticeLossContingencyAccrualDiscounted' xlink:type='arc' />
<link:presentationArc order='10' xlink:arcrole='http://www.xbrl.org/2003/arcrole/parent-child' xlink:from='loc_MalpracticeLossContingencyAccrualUndiscountedAbstract' xlink:to='loc_MalpracticeLossContingencyAccrualUndiscountedCurrent' xlink:type='arc' />
<link:presentationArc order='20' xlink:arcrole='http://www.xbrl.org/2003/arcrole/parent-child' xlink:from='loc_MalpracticeLossContingencyAccrualUndiscountedAbstract' xlink:to='loc_MalpracticeLossContingencyAccrualUndiscountedNoncurrent' xlink:type='arc' />
<link:presentationArc order='30' preferredLabel='http://www.xbrl.org/2003/role/totalLabel' xlink:arcrole='http://www.xbrl.org/2003/arcrole/parent-child' xlink:from='loc_MalpracticeLossContingencyAccrualUndiscountedAbstract' xlink:to='loc_MalpracticeLossContingencyAccrualUndiscounted' xlink:type='arc' />
<link:presentationArc order='10' xlink:arcrole='http://www.xbrl.org/2003/arcrole/parent-child' xlink:from='loc_MalpracticeLossContingencyClaimsIncurredNetAbstract' xlink:to='loc_MalpracticeLossContingencyClaimsIncurredInPeriod' xlink:type='arc' />
<link:presentationArc order='20' xlink:arcrole='http://www.xbrl.org/2003/arcrole/parent-child' xlink:from='loc_MalpracticeLossContingencyClaimsIncurredNetAbstract' xlink:to='loc_MalpracticeLossContingencyClaimsIncurredInPriorPeriods' xlink:type='arc' />
<link:presentationArc order='30' xlink:arcrole='http://www.xbrl.org/2003/arcrole/parent-child' xlink:from='loc_MalpracticeLossContingencyClaimsIncurredNetAbstract' xlink:to='loc_MalpracticeLossContingencyReturnOfPremiums' xlink:type='arc' />
<link:presentationArc order='40' xlink:arcrole='http://www.xbrl.org/2003/arcrole/parent-child' xlink:from='loc_MalpracticeLossContingencyClaimsIncurredNetAbstract' xlink:to='loc_MalpracticeLossContingencyInsuranceRecoveries' xlink:type='arc' />
<link:presentationArc order='50' preferredLabel='http://www.xbrl.org/2003/role/totalLabel' xlink:arcrole='http://www.xbrl.org/2003/arcrole/parent-child' xlink:from='loc_MalpracticeLossContingencyClaimsIncurredNetAbstract' xlink:to='loc_MalpracticeLossContingencyClaimsIncurredNet' xlink:type='arc' />
<link:presentationArc order='10' xlink:arcrole='http://www.xbrl.org/2003/arcrole/parent-child' xlink:from='loc_MalpracticeLossContingencyPeriodCostNetRecognizedInIncomeStatementAbstract' xlink:to='loc_MalpracticeLossContingencyDescription' xlink:type='arc' />
<link:presentationArc order='20' xlink:arcrole='http://www.xbrl.org/2003/arcrole/parent-child' xlink:from='loc_MalpracticeLossContingencyPeriodCostNetRecognizedInIncomeStatementAbstract' xlink:to='loc_MalpracticeLossContingencyClaimsIncurredNetAbstract' xlink:type='arc' />
<link:presentationArc order='10' preferredLabel='http://www.xbrl.org/2003/role/periodStartLabel' use='optional' xlink:arcrole='http://www.xbrl.org/2003/arcrole/parent-child' xlink:from='loc_MovementInMalpracticeLossContingencyRollForward' xlink:to='loc_MalpracticeLossContingencyAccrualUndiscounted' xlink:type='arc' />
<link:presentationArc order='20' use='optional' xlink:arcrole='http://www.xbrl.org/2003/arcrole/parent-child' xlink:from='loc_MovementInMalpracticeLossContingencyRollForward' xlink:to='loc_MalpracticeLossContingencyPeriodCost' xlink:type='arc' />
<link:presentationArc order='30' use='optional' xlink:arcrole='http://www.xbrl.org/2003/arcrole/parent-child' xlink:from='loc_MovementInMalpracticeLossContingencyRollForward' xlink:to='loc_MalpracticeLossContingencyPremiumCosts' xlink:type='arc' />
<link:presentationArc order='40' preferredLabel='http://www.xbrl.org/2003/role/totalLabel' xlink:arcrole='http://www.xbrl.org/2003/arcrole/parent-child' xlink:from='loc_MovementInMalpracticeLossContingencyRollForward' xlink:to='loc_MalpracticeLossContingencyPeriodIncreaseDecrease' xlink:type='arc' />
<link:presentationArc order='50' preferredLabel='http://www.xbrl.org/2003/role/periodEndLabel' use='optional' xlink:arcrole='http://www.xbrl.org/2003/arcrole/parent-child' xlink:from='loc_MovementInMalpracticeLossContingencyRollForward' xlink:to='loc_MalpracticeLossContingencyAccrualUndiscounted_1' xlink:type='arc' />
<link:presentationArc order='10' xlink:arcrole='http://www.xbrl.org/2003/arcrole/parent-child' xlink:from='loc_RangeAxis' xlink:to='loc_RangeMember' xlink:type='arc' />
<link:presentationArc order='10' xlink:arcrole='http://www.xbrl.org/2003/arcrole/parent-child' xlink:from='loc_RangeMember' xlink:to='loc_MaximumMember' xlink:type='arc' />
<link:presentationArc order='20' xlink:arcrole='http://www.xbrl.org/2003/arcrole/parent-child' xlink:from='loc_RangeMember' xlink:to='loc_MinimumMember' xlink:type='arc' />
<link:presentationArc order='10' xlink:arcrole='http://www.xbrl.org/2003/arcrole/parent-child' xlink:from='loc_ScheduleOfHealthCareTrustFundAbstract' xlink:to='loc_HealthCareTrustFundTable' xlink:type='arc' />
<link:presentationArc order='10' xlink:arcrole='http://www.xbrl.org/2003/arcrole/parent-child' xlink:from='loc_ScheduleOfMalpracticeInsuranceTable' xlink:to='loc_ScheduleOfMalpracticeInsuranceTypeAndTierIdentifierAxis' xlink:type='arc' />
<link:presentationArc order='20' xlink:arcrole='http://www.xbrl.org/2003/arcrole/parent-child' xlink:from='loc_ScheduleOfMalpracticeInsuranceTable' xlink:to='loc_CreditRatingMoodysAxis' xlink:type='arc' />
<link:presentationArc order='30' xlink:arcrole='http://www.xbrl.org/2003/arcrole/parent-child' xlink:from='loc_ScheduleOfMalpracticeInsuranceTable' xlink:to='loc_CreditRatingStandardPoorsAxis' xlink:type='arc' />
<link:presentationArc order='40' xlink:arcrole='http://www.xbrl.org/2003/arcrole/parent-child' xlink:from='loc_ScheduleOfMalpracticeInsuranceTable' xlink:to='loc_CreditRatingAMBestAxis' xlink:type='arc' />
<link:presentationArc order='50' xlink:arcrole='http://www.xbrl.org/2003/arcrole/parent-child' xlink:from='loc_ScheduleOfMalpracticeInsuranceTable' xlink:to='loc_CreditRatingFitchAxis' xlink:type='arc' />
<link:presentationArc order='60' xlink:arcrole='http://www.xbrl.org/2003/arcrole/parent-child' xlink:from='loc_ScheduleOfMalpracticeInsuranceTable' xlink:to='loc_RangeAxis' xlink:type='arc' />
<link:presentationArc order='70' xlink:arcrole='http://www.xbrl.org/2003/arcrole/parent-child' xlink:from='loc_ScheduleOfMalpracticeInsuranceTable' xlink:to='loc_MalpracticeInsuranceLineItems' xlink:type='arc' />
<link:presentationArc order='10' xlink:arcrole='http://www.xbrl.org/2003/arcrole/parent-child' xlink:from='loc_ScheduleOfRevenueSourcesHealthCareOrganizationTable' xlink:to='loc_HealthCareOrganizationRevenueSourcesAxis' xlink:type='arc' />
<link:presentationArc order='20' xlink:arcrole='http://www.xbrl.org/2003/arcrole/parent-child' xlink:from='loc_ScheduleOfRevenueSourcesHealthCareOrganizationTable' xlink:to='loc_HealthCareOrganizationReceivableAndRevenueDisclosuresLineItems' xlink:type='arc' />
<link:presentationArc order='10' use='optional' xlink:arcrole='http://www.xbrl.org/2003/arcrole/parent-child' xlink:from='loc_TypeAndTierIdentifierDomain' xlink:to='loc_ProfessionalMalpracticeLiabilityMember' xlink:type='arc' />
<link:presentationArc order='20' use='optional' xlink:arcrole='http://www.xbrl.org/2003/arcrole/parent-child' xlink:from='loc_TypeAndTierIdentifierDomain' xlink:to='loc_DirectorsAndOfficersLiabilityInsuranceMember' xlink:type='arc' />
<link:presentationArc order='30' use='optional' xlink:arcrole='http://www.xbrl.org/2003/arcrole/parent-child' xlink:from='loc_TypeAndTierIdentifierDomain' xlink:to='loc_GeneralLiabilityMember' xlink:type='arc' />
</link:presentationLink>
</link:linkbase>
