<?xml version='1.0' encoding='UTF-8'?>

<!--
(c) XBRL US, Inc. 2007-2010; Financial Accounting Foundation, Inc. 2010-2017.  All Rights Reserved.
Notice: Authorized Uses are Set Forth at http://xbrl.fasb.org/terms/TaxonomiesTermsConditions.html
  -->
<link:linkbase xmlns:link='http://www.xbrl.org/2003/linkbase' xmlns:xbrldt='http://xbrl.org/2005/xbrldt' xmlns:xlink='http://www.w3.org/1999/xlink' xmlns:xsi='http://www.w3.org/2001/XMLSchema-instance' xsi:schemaLocation='http://www.xbrl.org/2003/linkbase http://www.xbrl.org/2003/xbrl-linkbase-2003-12-31.xsd'>
<link:roleRef roleURI='http://fasb.org/us-gaap/role/disclosure/RetirementBenefitsTmp012ScheduleOfDefinedBenefitPlansDisclosuresTable' xlink:href='../elts/us-roles-2017-01-31.xsd#RetirementBenefitsTmp012ScheduleOfDefinedBenefitPlansDisclosuresTable' xlink:type='simple' />
<link:arcroleRef arcroleURI='http://xbrl.org/int/dim/arcrole/all' xlink:href='http://www.xbrl.org/2005/xbrldt-2005.xsd#all' xlink:type='simple' />
<link:arcroleRef arcroleURI='http://xbrl.org/int/dim/arcrole/dimension-default' xlink:href='http://www.xbrl.org/2005/xbrldt-2005.xsd#dimension-default' xlink:type='simple' />
<link:arcroleRef arcroleURI='http://xbrl.org/int/dim/arcrole/dimension-domain' xlink:href='http://www.xbrl.org/2005/xbrldt-2005.xsd#dimension-domain' xlink:type='simple' />
<link:arcroleRef arcroleURI='http://xbrl.org/int/dim/arcrole/domain-member' xlink:href='http://www.xbrl.org/2005/xbrldt-2005.xsd#domain-member' xlink:type='simple' />
<link:arcroleRef arcroleURI='http://xbrl.org/int/dim/arcrole/hypercube-dimension' xlink:href='http://www.xbrl.org/2005/xbrldt-2005.xsd#hypercube-dimension' xlink:type='simple' />
<link:definitionLink xlink:role='http://fasb.org/us-gaap/role/disclosure/RetirementBenefitsTmp012ScheduleOfDefinedBenefitPlansDisclosuresTable' xlink:type='extended'>
<link:loc xlink:href='../elts/us-gaap-2017-01-31.xsd#us-gaap_DefinedBenefitPlanDisclosureLineItems' xlink:label='loc_DefinedBenefitPlanDisclosureLineItems' xlink:type='locator' />
<link:loc xlink:href='../elts/us-gaap-2017-01-31.xsd#us-gaap_ScheduleOfDefinedBenefitPlansDisclosuresTable' xlink:label='loc_ScheduleOfDefinedBenefitPlansDisclosuresTable' xlink:type='locator' />
<link:definitionArc priority="10" order='1.0' xbrldt:closed='true' xbrldt:contextElement='segment' xlink:arcrole='http://xbrl.org/int/dim/arcrole/all' xlink:from='loc_DefinedBenefitPlanDisclosureLineItems' xlink:to='loc_ScheduleOfDefinedBenefitPlansDisclosuresTable' xlink:type='arc' />
</link:definitionLink>
<link:definitionLink xlink:role='http://fasb.org/us-gaap/role/disclosure/RetirementBenefitsTmp012ScheduleOfDefinedBenefitPlansDisclosuresTable' xlink:type='extended'>
<link:loc xlink:href='../elts/us-gaap-2017-01-31.xsd#us-gaap_RetirementPlanTypeAxis' xlink:label='loc_RetirementPlanTypeAxis' xlink:type='locator' />
<link:loc xlink:href='../elts/us-gaap-2017-01-31.xsd#us-gaap_RetirementPlanTypeDomain' xlink:label='loc_RetirementPlanTypeDomain' xlink:type='locator' />
<link:definitionArc priority="10" order='1.0' xlink:arcrole='http://xbrl.org/int/dim/arcrole/dimension-default' xlink:from='loc_RetirementPlanTypeAxis' xlink:to='loc_RetirementPlanTypeDomain' xlink:type='arc' />
</link:definitionLink>
<link:definitionLink xlink:role='http://fasb.org/us-gaap/role/disclosure/RetirementBenefitsTmp012ScheduleOfDefinedBenefitPlansDisclosuresTable' xlink:type='extended'>
<link:loc xlink:href='../elts/us-gaap-2017-01-31.xsd#us-gaap_RetirementPlanTypeAxis' xlink:label='loc_RetirementPlanTypeAxis' xlink:type='locator' />
<link:loc xlink:href='../elts/us-gaap-2017-01-31.xsd#us-gaap_RetirementPlanTypeDomain' xlink:label='loc_RetirementPlanTypeDomain' xlink:type='locator' />
<link:definitionArc priority="10" order='1.0' xlink:arcrole='http://xbrl.org/int/dim/arcrole/dimension-domain' xlink:from='loc_RetirementPlanTypeAxis' xlink:to='loc_RetirementPlanTypeDomain' xlink:type='arc' />
</link:definitionLink>
<link:definitionLink xlink:role='http://fasb.org/us-gaap/role/disclosure/RetirementBenefitsTmp012ScheduleOfDefinedBenefitPlansDisclosuresTable' xlink:type='extended'>
<link:loc xlink:href='../elts/us-gaap-2017-01-31.xsd#us-gaap_DefinedBenefitPlanDisclosureLineItems' xlink:label='loc_DefinedBenefitPlanDisclosureLineItems' xlink:type='locator' />
<link:loc xlink:href='../elts/us-gaap-2017-01-31.xsd#us-gaap_DefinedBenefitPlanNetPeriodicBenefitCostAbstract' xlink:label='loc_DefinedBenefitPlanNetPeriodicBenefitCostAbstract' xlink:type='locator' />
<link:loc xlink:href='../elts/us-gaap-2017-01-31.xsd#us-gaap_DefinedBenefitPlanContributionsByEmployer' xlink:label='loc_DefinedBenefitPlanContributionsByEmployer' xlink:type='locator' />
<link:loc xlink:href='../elts/us-gaap-2017-01-31.xsd#us-gaap_DefinedBenefitPlanExpectedFutureEmployerContributionsNextFiscalYear' xlink:label='loc_DefinedBenefitPlanExpectedFutureEmployerContributionsNextFiscalYear' xlink:type='locator' />
<link:loc xlink:href='../elts/us-gaap-2017-01-31.xsd#us-gaap_DefinedBenefitPlanExpectedFutureEmployerContributionsCurrentFiscalYear' xlink:label='loc_DefinedBenefitPlanExpectedFutureEmployerContributionsCurrentFiscalYear' xlink:type='locator' />
<link:loc xlink:href='../elts/us-gaap-2017-01-31.xsd#us-gaap_DefinedBenefitPlanExpectedFutureEmployerContributionsRemainderOfFiscalYear' xlink:label='loc_DefinedBenefitPlanExpectedFutureEmployerContributionsRemainderOfFiscalYear' xlink:type='locator' />
<link:loc xlink:href='../elts/us-gaap-2017-01-31.xsd#us-gaap_DefinedBenefitPlanServiceCost' xlink:label='loc_DefinedBenefitPlanServiceCost' xlink:type='locator' />
<link:loc xlink:href='../elts/us-gaap-2017-01-31.xsd#us-gaap_DefinedBenefitPlanInterestCost' xlink:label='loc_DefinedBenefitPlanInterestCost' xlink:type='locator' />
<link:loc xlink:href='../elts/us-gaap-2017-01-31.xsd#us-gaap_DefinedBenefitPlanExpectedReturnOnPlanAssets' xlink:label='loc_DefinedBenefitPlanExpectedReturnOnPlanAssets' xlink:type='locator' />
<link:loc xlink:href='../elts/us-gaap-2017-01-31.xsd#us-gaap_DefinedBenefitPlanAmortizationOfPriorServiceCostCredit' xlink:label='loc_DefinedBenefitPlanAmortizationOfPriorServiceCostCredit' xlink:type='locator' />
<link:loc xlink:href='../elts/us-gaap-2017-01-31.xsd#us-gaap_DefinedBenefitPlanAmortizationOfGainsLosses' xlink:label='loc_DefinedBenefitPlanAmortizationOfGainsLosses' xlink:type='locator' />
<link:loc xlink:href='../elts/us-gaap-2017-01-31.xsd#us-gaap_DefinedBenefitPlanNetPeriodicBenefitCost' xlink:label='loc_DefinedBenefitPlanNetPeriodicBenefitCost' xlink:type='locator' />
<link:loc xlink:href='../elts/us-gaap-2017-01-31.xsd#us-gaap_RetirementPlanTypeDomain' xlink:label='loc_RetirementPlanTypeDomain' xlink:type='locator' />
<link:loc xlink:href='../elts/us-gaap-2017-01-31.xsd#us-gaap_PensionPlansDefinedBenefitMember' xlink:label='loc_PensionPlansDefinedBenefitMember' xlink:type='locator' />
<link:loc xlink:href='../elts/us-gaap-2017-01-31.xsd#us-gaap_OtherPostretirementBenefitPlansDefinedBenefitMember' xlink:label='loc_OtherPostretirementBenefitPlansDefinedBenefitMember' xlink:type='locator' />
<link:definitionArc priority="10" order='1.0' xlink:arcrole='http://xbrl.org/int/dim/arcrole/domain-member' xlink:from='loc_DefinedBenefitPlanDisclosureLineItems' xlink:to='loc_DefinedBenefitPlanNetPeriodicBenefitCostAbstract' xlink:type='arc' />
<link:definitionArc priority="10" order='8.0' xlink:arcrole='http://xbrl.org/int/dim/arcrole/domain-member' xlink:from='loc_DefinedBenefitPlanDisclosureLineItems' xlink:to='loc_DefinedBenefitPlanContributionsByEmployer' xlink:type='arc' />
<link:definitionArc priority="10" order='9.0' xlink:arcrole='http://xbrl.org/int/dim/arcrole/domain-member' xlink:from='loc_DefinedBenefitPlanDisclosureLineItems' xlink:to='loc_DefinedBenefitPlanExpectedFutureEmployerContributionsNextFiscalYear' xlink:type='arc' />
<link:definitionArc priority="10" order='10.0' xlink:arcrole='http://xbrl.org/int/dim/arcrole/domain-member' xlink:from='loc_DefinedBenefitPlanDisclosureLineItems' xlink:to='loc_DefinedBenefitPlanExpectedFutureEmployerContributionsCurrentFiscalYear' xlink:type='arc' />
<link:definitionArc priority="10" order='11.0' xlink:arcrole='http://xbrl.org/int/dim/arcrole/domain-member' xlink:from='loc_DefinedBenefitPlanDisclosureLineItems' xlink:to='loc_DefinedBenefitPlanExpectedFutureEmployerContributionsRemainderOfFiscalYear' xlink:type='arc' />
<link:definitionArc priority="10" order='2.0' xlink:arcrole='http://xbrl.org/int/dim/arcrole/domain-member' xlink:from='loc_DefinedBenefitPlanNetPeriodicBenefitCostAbstract' xlink:to='loc_DefinedBenefitPlanServiceCost' xlink:type='arc' />
<link:definitionArc priority="10" order='3.0' xlink:arcrole='http://xbrl.org/int/dim/arcrole/domain-member' xlink:from='loc_DefinedBenefitPlanNetPeriodicBenefitCostAbstract' xlink:to='loc_DefinedBenefitPlanInterestCost' xlink:type='arc' />
<link:definitionArc priority="10" order='4.0' xlink:arcrole='http://xbrl.org/int/dim/arcrole/domain-member' xlink:from='loc_DefinedBenefitPlanNetPeriodicBenefitCostAbstract' xlink:to='loc_DefinedBenefitPlanExpectedReturnOnPlanAssets' xlink:type='arc' />
<link:definitionArc priority="10" order='5.0' xlink:arcrole='http://xbrl.org/int/dim/arcrole/domain-member' xlink:from='loc_DefinedBenefitPlanNetPeriodicBenefitCostAbstract' xlink:to='loc_DefinedBenefitPlanAmortizationOfPriorServiceCostCredit' xlink:type='arc' />
<link:definitionArc priority="10" order='6.0' xlink:arcrole='http://xbrl.org/int/dim/arcrole/domain-member' xlink:from='loc_DefinedBenefitPlanNetPeriodicBenefitCostAbstract' xlink:to='loc_DefinedBenefitPlanAmortizationOfGainsLosses' xlink:type='arc' />
<link:definitionArc priority="10" order='7.0' xlink:arcrole='http://xbrl.org/int/dim/arcrole/domain-member' xlink:from='loc_DefinedBenefitPlanNetPeriodicBenefitCostAbstract' xlink:to='loc_DefinedBenefitPlanNetPeriodicBenefitCost' xlink:type='arc' />
<link:definitionArc priority="10" order='1.0' xlink:arcrole='http://xbrl.org/int/dim/arcrole/domain-member' xlink:from='loc_RetirementPlanTypeDomain' xlink:to='loc_PensionPlansDefinedBenefitMember' xlink:type='arc' />
<link:definitionArc priority="10" order='2.0' xlink:arcrole='http://xbrl.org/int/dim/arcrole/domain-member' xlink:from='loc_RetirementPlanTypeDomain' xlink:to='loc_OtherPostretirementBenefitPlansDefinedBenefitMember' xlink:type='arc' />
</link:definitionLink>
<link:definitionLink xlink:role='http://fasb.org/us-gaap/role/disclosure/RetirementBenefitsTmp012ScheduleOfDefinedBenefitPlansDisclosuresTable' xlink:type='extended'>
<link:loc xlink:href='../elts/us-gaap-2017-01-31.xsd#us-gaap_ScheduleOfDefinedBenefitPlansDisclosuresTable' xlink:label='loc_ScheduleOfDefinedBenefitPlansDisclosuresTable' xlink:type='locator' />
<link:loc xlink:href='../elts/us-gaap-2017-01-31.xsd#us-gaap_RetirementPlanTypeAxis' xlink:label='loc_RetirementPlanTypeAxis' xlink:type='locator' />
<link:definitionArc priority="10" order='1.0' xlink:arcrole='http://xbrl.org/int/dim/arcrole/hypercube-dimension' xlink:from='loc_ScheduleOfDefinedBenefitPlansDisclosuresTable' xlink:to='loc_RetirementPlanTypeAxis' xlink:type='arc' />
</link:definitionLink>
</link:linkbase>
