<?xml version='1.0' encoding='UTF-8'?>

<!--
(c) XBRL US, Inc. 2007-2010; Financial Accounting Foundation, Inc. 2010-2017.  All Rights Reserved.
Notice: Authorized Uses are Set Forth at http://xbrl.fasb.org/terms/TaxonomiesTermsConditions.html
  -->
<link:linkbase xmlns:link='http://www.xbrl.org/2003/linkbase' xmlns:xbrldt='http://xbrl.org/2005/xbrldt' xmlns:xlink='http://www.w3.org/1999/xlink' xmlns:xsi='http://www.w3.org/2001/XMLSchema-instance' xsi:schemaLocation='http://www.xbrl.org/2003/linkbase http://www.xbrl.org/2003/xbrl-linkbase-2003-12-31.xsd'>
<link:roleRef roleURI='http://fasb.org/us-gaap/role/disclosure/RetirementBenefitsTmp011ScheduleOfDefinedBenefitPlansDisclosuresTable' xlink:href='../elts/us-roles-2017-01-31.xsd#RetirementBenefitsTmp011ScheduleOfDefinedBenefitPlansDisclosuresTable' xlink:type='simple' />
<link:arcroleRef arcroleURI='http://xbrl.org/int/dim/arcrole/all' xlink:href='http://www.xbrl.org/2005/xbrldt-2005.xsd#all' xlink:type='simple' />
<link:arcroleRef arcroleURI='http://xbrl.org/int/dim/arcrole/dimension-default' xlink:href='http://www.xbrl.org/2005/xbrldt-2005.xsd#dimension-default' xlink:type='simple' />
<link:arcroleRef arcroleURI='http://xbrl.org/int/dim/arcrole/dimension-domain' xlink:href='http://www.xbrl.org/2005/xbrldt-2005.xsd#dimension-domain' xlink:type='simple' />
<link:arcroleRef arcroleURI='http://xbrl.org/int/dim/arcrole/domain-member' xlink:href='http://www.xbrl.org/2005/xbrldt-2005.xsd#domain-member' xlink:type='simple' />
<link:arcroleRef arcroleURI='http://xbrl.org/int/dim/arcrole/hypercube-dimension' xlink:href='http://www.xbrl.org/2005/xbrldt-2005.xsd#hypercube-dimension' xlink:type='simple' />
<link:definitionLink xlink:role='http://fasb.org/us-gaap/role/disclosure/RetirementBenefitsTmp011ScheduleOfDefinedBenefitPlansDisclosuresTable' xlink:type='extended'>
<link:loc xlink:href='../elts/us-gaap-2017-01-31.xsd#us-gaap_DefinedBenefitPlanDisclosureLineItems' xlink:label='loc_DefinedBenefitPlanDisclosureLineItems' xlink:type='locator' />
<link:loc xlink:href='../elts/us-gaap-2017-01-31.xsd#us-gaap_ScheduleOfDefinedBenefitPlansDisclosuresTable' xlink:label='loc_ScheduleOfDefinedBenefitPlansDisclosuresTable' xlink:type='locator' />
<link:definitionArc priority="10" order='1.0' xbrldt:closed='true' xbrldt:contextElement='segment' xlink:arcrole='http://xbrl.org/int/dim/arcrole/all' xlink:from='loc_DefinedBenefitPlanDisclosureLineItems' xlink:to='loc_ScheduleOfDefinedBenefitPlansDisclosuresTable' xlink:type='arc' />
</link:definitionLink>
<link:definitionLink xlink:role='http://fasb.org/us-gaap/role/disclosure/RetirementBenefitsTmp011ScheduleOfDefinedBenefitPlansDisclosuresTable' xlink:type='extended'>
<link:loc xlink:href='../elts/us-gaap-2017-01-31.xsd#us-gaap_RetirementPlanTypeAxis' xlink:label='loc_RetirementPlanTypeAxis' xlink:type='locator' />
<link:loc xlink:href='../elts/us-gaap-2017-01-31.xsd#us-gaap_RetirementPlanTypeDomain' xlink:label='loc_RetirementPlanTypeDomain' xlink:type='locator' />
<link:definitionArc priority="10" order='1.0' xlink:arcrole='http://xbrl.org/int/dim/arcrole/dimension-default' xlink:from='loc_RetirementPlanTypeAxis' xlink:to='loc_RetirementPlanTypeDomain' xlink:type='arc' />
</link:definitionLink>
<link:definitionLink xlink:role='http://fasb.org/us-gaap/role/disclosure/RetirementBenefitsTmp011ScheduleOfDefinedBenefitPlansDisclosuresTable' xlink:type='extended'>
<link:loc xlink:href='../elts/us-gaap-2017-01-31.xsd#us-gaap_RetirementPlanTypeAxis' xlink:label='loc_RetirementPlanTypeAxis' xlink:type='locator' />
<link:loc xlink:href='../elts/us-gaap-2017-01-31.xsd#us-gaap_RetirementPlanTypeDomain' xlink:label='loc_RetirementPlanTypeDomain' xlink:type='locator' />
<link:definitionArc priority="10" order='1.0' xlink:arcrole='http://xbrl.org/int/dim/arcrole/dimension-domain' xlink:from='loc_RetirementPlanTypeAxis' xlink:to='loc_RetirementPlanTypeDomain' xlink:type='arc' />
</link:definitionLink>
<link:definitionLink xlink:role='http://fasb.org/us-gaap/role/disclosure/RetirementBenefitsTmp011ScheduleOfDefinedBenefitPlansDisclosuresTable' xlink:type='extended'>
<link:loc xlink:href='../elts/us-gaap-2017-01-31.xsd#us-gaap_DefinedBenefitPlanDisclosureLineItems' xlink:label='loc_DefinedBenefitPlanDisclosureLineItems' xlink:type='locator' />
<link:loc xlink:href='../elts/us-gaap-2017-01-31.xsd#us-gaap_DefinedBenefitPlanChangeInBenefitObligationRollForward' xlink:label='loc_DefinedBenefitPlanChangeInBenefitObligationRollForward' xlink:type='locator' />
<link:loc xlink:href='../elts/us-gaap-2017-01-31.xsd#us-gaap_DefinedBenefitPlanChangeInFairValueOfPlanAssetsRollForward' xlink:label='loc_DefinedBenefitPlanChangeInFairValueOfPlanAssetsRollForward' xlink:type='locator' />
<link:loc xlink:href='../elts/us-gaap-2017-01-31.xsd#us-gaap_DefinedBenefitPlanFundedStatusOfPlan' xlink:label='loc_DefinedBenefitPlanFundedStatusOfPlan' xlink:type='locator' />
<link:loc xlink:href='../elts/us-gaap-2017-01-31.xsd#us-gaap_DefinedBenefitPlanAmountsRecognizedInBalanceSheetAbstract' xlink:label='loc_DefinedBenefitPlanAmountsRecognizedInBalanceSheetAbstract' xlink:type='locator' />
<link:loc xlink:href='../elts/us-gaap-2017-01-31.xsd#us-gaap_DefinedBenefitPlanAccumulatedOtherComprehensiveIncomeBeforeTaxAbstract' xlink:label='loc_DefinedBenefitPlanAccumulatedOtherComprehensiveIncomeBeforeTaxAbstract' xlink:type='locator' />
<link:loc xlink:href='../elts/us-gaap-2017-01-31.xsd#us-gaap_DefinedBenefitPlanAccumulatedBenefitObligation' xlink:label='loc_DefinedBenefitPlanAccumulatedBenefitObligation' xlink:type='locator' />
<link:loc xlink:href='../elts/us-gaap-2017-01-31.xsd#us-gaap_DefinedBenefitPlanPensionPlansWithAccumulatedBenefitObligationsInExcessOfPlanAssetsAbstract' xlink:label='loc_DefinedBenefitPlanPensionPlansWithAccumulatedBenefitObligationsInExcessOfPlanAssetsAbstract' xlink:type='locator' />
<link:loc xlink:href='../elts/us-gaap-2017-01-31.xsd#us-gaap_AmountRecognizedInNetPeriodicBenefitCostAndOtherComprehensiveIncomeLossBeforeTaxAbstract' xlink:label='loc_AmountRecognizedInNetPeriodicBenefitCostAndOtherComprehensiveIncomeLossBeforeTaxAbstract' xlink:type='locator' />
<link:loc xlink:href='../elts/us-gaap-2017-01-31.xsd#us-gaap_DefinedBenefitPlanAmountsThatWillBeAmortizedFromAccumulatedOtherComprehensiveIncomeLossInNextFiscalYearAbstract' xlink:label='loc_DefinedBenefitPlanAmountsThatWillBeAmortizedFromAccumulatedOtherComprehensiveIncomeLossInNextFiscalYearAbstract' xlink:type='locator' />
<link:loc xlink:href='../elts/us-gaap-2017-01-31.xsd#us-gaap_DefinedBenefitPlanWeightedAverageAssumptionsUsedInCalculatingBenefitObligationAbstract' xlink:label='loc_DefinedBenefitPlanWeightedAverageAssumptionsUsedInCalculatingBenefitObligationAbstract' xlink:type='locator' />
<link:loc xlink:href='../elts/us-gaap-2017-01-31.xsd#us-gaap_DefinedBenefitPlanWeightedAverageAssumptionsUsedInCalculatingNetPeriodicBenefitCostAbstract' xlink:label='loc_DefinedBenefitPlanWeightedAverageAssumptionsUsedInCalculatingNetPeriodicBenefitCostAbstract' xlink:type='locator' />
<link:loc xlink:href='../elts/us-gaap-2017-01-31.xsd#us-gaap_DefinedBenefitPlanAssumedHealthCareCostTrendRatesAbstract' xlink:label='loc_DefinedBenefitPlanAssumedHealthCareCostTrendRatesAbstract' xlink:type='locator' />
<link:loc xlink:href='../elts/us-gaap-2017-01-31.xsd#us-gaap_DefinedBenefitPlanEstimatedFutureEmployerContributionsAbstract' xlink:label='loc_DefinedBenefitPlanEstimatedFutureEmployerContributionsAbstract' xlink:type='locator' />
<link:loc xlink:href='../elts/us-gaap-2017-01-31.xsd#us-gaap_DefinedBenefitPlanEstimatedFutureBenefitPaymentsAbstract' xlink:label='loc_DefinedBenefitPlanEstimatedFutureBenefitPaymentsAbstract' xlink:type='locator' />
<link:loc xlink:href='../elts/us-gaap-2017-01-31.xsd#us-gaap_DefinedBenefitPlanAccumulatedOtherComprehensiveIncomeNetPriorServiceCostCreditBeforeTax' xlink:label='loc_DefinedBenefitPlanAccumulatedOtherComprehensiveIncomeNetPriorServiceCostCreditBeforeTax' xlink:type='locator' />
<link:loc xlink:href='../elts/us-gaap-2017-01-31.xsd#us-gaap_DefinedBenefitPlanAccumulatedOtherComprehensiveIncomeNetGainsLossesBeforeTax' xlink:label='loc_DefinedBenefitPlanAccumulatedOtherComprehensiveIncomeNetGainsLossesBeforeTax' xlink:type='locator' />
<link:loc xlink:href='../elts/us-gaap-2017-01-31.xsd#us-gaap_DefinedBenefitPlanAccumulatedOtherComprehensiveIncomeBeforeTax' xlink:label='loc_DefinedBenefitPlanAccumulatedOtherComprehensiveIncomeBeforeTax' xlink:type='locator' />
<link:loc xlink:href='../elts/us-gaap-2017-01-31.xsd#us-gaap_DefinedBenefitPlanNetPeriodicBenefitCostAbstract' xlink:label='loc_DefinedBenefitPlanNetPeriodicBenefitCostAbstract' xlink:type='locator' />
<link:loc xlink:href='../elts/us-gaap-2017-01-31.xsd#us-gaap_DefinedBenefitPlanAmountsRecognizedInOtherComprehensiveIncomeAbstract' xlink:label='loc_DefinedBenefitPlanAmountsRecognizedInOtherComprehensiveIncomeAbstract' xlink:type='locator' />
<link:loc xlink:href='../elts/us-gaap-2017-01-31.xsd#us-gaap_AmountRecognizedInNetPeriodicBenefitCostAndOtherComprehensiveIncomeLossBeforeTax' xlink:label='loc_AmountRecognizedInNetPeriodicBenefitCostAndOtherComprehensiveIncomeLossBeforeTax' xlink:type='locator' />
<link:loc xlink:href='../elts/us-gaap-2017-01-31.xsd#us-gaap_OtherComprehensiveIncomeLossPensionAndOtherPostretirementBenefitPlansNetUnamortizedGainLossArisingDuringPeriodBeforeTax' xlink:label='loc_OtherComprehensiveIncomeLossPensionAndOtherPostretirementBenefitPlansNetUnamortizedGainLossArisingDuringPeriodBeforeTax' xlink:type='locator' />
<link:loc xlink:href='../elts/us-gaap-2017-01-31.xsd#us-gaap_OtherComprehensiveIncomeDefinedBenefitPlanNetPriorServiceCostCreditArisingDuringPeriodBeforeTax' xlink:label='loc_OtherComprehensiveIncomeDefinedBenefitPlanNetPriorServiceCostCreditArisingDuringPeriodBeforeTax' xlink:type='locator' />
<link:loc xlink:href='../elts/us-gaap-2017-01-31.xsd#us-gaap_OtherComprehensiveIncomeLossAmortizationAdjustmentFromAOCIPensionAndOtherPostretirementBenefitPlansForNetPriorServiceCostCreditBeforeTax' xlink:label='loc_OtherComprehensiveIncomeLossAmortizationAdjustmentFromAOCIPensionAndOtherPostretirementBenefitPlansForNetPriorServiceCostCreditBeforeTax' xlink:type='locator' />
<link:loc xlink:href='../elts/us-gaap-2017-01-31.xsd#us-gaap_OtherComprehensiveIncomeLossPensionAndOtherPostretirementBenefitPlansAdjustmentBeforeTax' xlink:label='loc_OtherComprehensiveIncomeLossPensionAndOtherPostretirementBenefitPlansAdjustmentBeforeTax' xlink:type='locator' />
<link:loc xlink:href='../elts/us-gaap-2017-01-31.xsd#us-gaap_DefinedBenefitPlanAssetsForPlanBenefitsNoncurrent' xlink:label='loc_DefinedBenefitPlanAssetsForPlanBenefitsNoncurrent' xlink:type='locator' />
<link:loc xlink:href='../elts/us-gaap-2017-01-31.xsd#us-gaap_PensionAndOtherPostretirementDefinedBenefitPlansCurrentLiabilities' xlink:label='loc_PensionAndOtherPostretirementDefinedBenefitPlansCurrentLiabilities' xlink:type='locator' />
<link:loc xlink:href='../elts/us-gaap-2017-01-31.xsd#us-gaap_PensionAndOtherPostretirementDefinedBenefitPlansLiabilitiesNoncurrent' xlink:label='loc_PensionAndOtherPostretirementDefinedBenefitPlansLiabilitiesNoncurrent' xlink:type='locator' />
<link:loc xlink:href='../elts/us-gaap-2017-01-31.xsd#us-gaap_DefinedBenefitPlanAmountsRecognizedInBalanceSheet' xlink:label='loc_DefinedBenefitPlanAmountsRecognizedInBalanceSheet' xlink:type='locator' />
<link:loc xlink:href='../elts/us-gaap-2017-01-31.xsd#us-gaap_DefinedBenefitPlanHealthCareCostTrendRateAssumedNextFiscalYear' xlink:label='loc_DefinedBenefitPlanHealthCareCostTrendRateAssumedNextFiscalYear' xlink:type='locator' />
<link:loc xlink:href='../elts/us-gaap-2017-01-31.xsd#us-gaap_DefinedBenefitPlanUltimateHealthCareCostTrendRate1' xlink:label='loc_DefinedBenefitPlanUltimateHealthCareCostTrendRate1' xlink:type='locator' />
<link:loc xlink:href='../elts/us-gaap-2017-01-31.xsd#us-gaap_DefinedBenefitPlanYearHealthCareCostTrendRateReachesUltimateTrendRate' xlink:label='loc_DefinedBenefitPlanYearHealthCareCostTrendRateReachesUltimateTrendRate' xlink:type='locator' />
<link:loc xlink:href='../elts/us-gaap-2017-01-31.xsd#us-gaap_DefinedBenefitPlanEffectOfOnePercentagePointChangeInAssumedHealthCareCostTrendRatesAbstract' xlink:label='loc_DefinedBenefitPlanEffectOfOnePercentagePointChangeInAssumedHealthCareCostTrendRatesAbstract' xlink:type='locator' />
<link:loc xlink:href='../elts/us-gaap-2017-01-31.xsd#us-gaap_DefinedBenefitPlanBenefitObligation' xlink:label='loc_DefinedBenefitPlanBenefitObligation' xlink:type='locator' />
<link:loc xlink:href='../elts/us-gaap-2017-01-31.xsd#us-gaap_DefinedBenefitPlanServiceCost' xlink:label='loc_DefinedBenefitPlanServiceCost' xlink:type='locator' />
<link:loc xlink:href='../elts/us-gaap-2017-01-31.xsd#us-gaap_DefinedBenefitPlanInterestCost' xlink:label='loc_DefinedBenefitPlanInterestCost' xlink:type='locator' />
<link:loc xlink:href='../elts/us-gaap-2017-01-31.xsd#us-gaap_DefinedBenefitPlanBenefitObligationContributionsByPlanParticipant' xlink:label='loc_DefinedBenefitPlanBenefitObligationContributionsByPlanParticipant' xlink:type='locator' />
<link:loc xlink:href='../elts/us-gaap-2017-01-31.xsd#us-gaap_DefinedBenefitPlanPlanAmendments' xlink:label='loc_DefinedBenefitPlanPlanAmendments' xlink:type='locator' />
<link:loc xlink:href='../elts/us-gaap-2017-01-31.xsd#us-gaap_DefinedBenefitPlanActuarialGainLoss' xlink:label='loc_DefinedBenefitPlanActuarialGainLoss' xlink:type='locator' />
<link:loc xlink:href='../elts/us-gaap-2017-01-31.xsd#us-gaap_DefinedBenefitPlanBusinessCombinationsAndAcquisitionsBenefitObligation' xlink:label='loc_DefinedBenefitPlanBusinessCombinationsAndAcquisitionsBenefitObligation' xlink:type='locator' />
<link:loc xlink:href='../elts/us-gaap-2017-01-31.xsd#us-gaap_DefinedBenefitPlanBenefitObligationBenefitsPaid' xlink:label='loc_DefinedBenefitPlanBenefitObligationBenefitsPaid' xlink:type='locator' />
<link:loc xlink:href='../elts/us-gaap-2017-01-31.xsd#us-gaap_DefinedBenefitPlanFairValueOfPlanAssets' xlink:label='loc_DefinedBenefitPlanFairValueOfPlanAssets' xlink:type='locator' />
<link:loc xlink:href='../elts/us-gaap-2017-01-31.xsd#us-gaap_DefinedBenefitPlanActualReturnOnPlanAssets' xlink:label='loc_DefinedBenefitPlanActualReturnOnPlanAssets' xlink:type='locator' />
<link:loc xlink:href='../elts/us-gaap-2017-01-31.xsd#us-gaap_DefinedBenefitPlanContributionsByEmployer' xlink:label='loc_DefinedBenefitPlanContributionsByEmployer' xlink:type='locator' />
<link:loc xlink:href='../elts/us-gaap-2017-01-31.xsd#us-gaap_DefinedBenefitPlanPlanAssetsContributionsByPlanParticipant' xlink:label='loc_DefinedBenefitPlanPlanAssetsContributionsByPlanParticipant' xlink:type='locator' />
<link:loc xlink:href='../elts/us-gaap-2017-01-31.xsd#us-gaap_DefinedBenefitPlanPlanAssetsBenefitsPaid' xlink:label='loc_DefinedBenefitPlanPlanAssetsBenefitsPaid' xlink:type='locator' />
<link:loc xlink:href='../elts/us-gaap-2017-01-31.xsd#us-gaap_DefinedBenefitPlanBusinessCombinationsAndAcquisitionsPlanAssets' xlink:label='loc_DefinedBenefitPlanBusinessCombinationsAndAcquisitionsPlanAssets' xlink:type='locator' />
<link:loc xlink:href='../elts/us-gaap-2017-01-31.xsd#us-gaap_DefinedBenefitPlanEffectOfOnePercentagePointIncreaseOnServiceAndInterestCostComponents' xlink:label='loc_DefinedBenefitPlanEffectOfOnePercentagePointIncreaseOnServiceAndInterestCostComponents' xlink:type='locator' />
<link:loc xlink:href='../elts/us-gaap-2017-01-31.xsd#us-gaap_DefinedBenefitPlanEffectOfOnePercentagePointDecreaseOnServiceAndInterestCostComponents1' xlink:label='loc_DefinedBenefitPlanEffectOfOnePercentagePointDecreaseOnServiceAndInterestCostComponents1' xlink:type='locator' />
<link:loc xlink:href='../elts/us-gaap-2017-01-31.xsd#us-gaap_DefinedBenefitPlanEffectOfOnePercentagePointIncreaseOnAccumulatedPostretirementBenefitObligation' xlink:label='loc_DefinedBenefitPlanEffectOfOnePercentagePointIncreaseOnAccumulatedPostretirementBenefitObligation' xlink:type='locator' />
<link:loc xlink:href='../elts/us-gaap-2017-01-31.xsd#us-gaap_DefinedBenefitPlanEffectOfOnePercentagePointDecreaseOnAccumulatedPostretirementBenefitObligation1' xlink:label='loc_DefinedBenefitPlanEffectOfOnePercentagePointDecreaseOnAccumulatedPostretirementBenefitObligation1' xlink:type='locator' />
<link:loc xlink:href='../elts/us-gaap-2017-01-31.xsd#us-gaap_DefinedBenefitPlanExpectedAmortizationOfGainLossNextFiscalYear' xlink:label='loc_DefinedBenefitPlanExpectedAmortizationOfGainLossNextFiscalYear' xlink:type='locator' />
<link:loc xlink:href='../elts/us-gaap-2017-01-31.xsd#us-gaap_DefinedBenefitPlanExpectedAmortizationOfPriorServiceCostCreditNextFiscalYear' xlink:label='loc_DefinedBenefitPlanExpectedAmortizationOfPriorServiceCostCreditNextFiscalYear' xlink:type='locator' />
<link:loc xlink:href='../elts/us-gaap-2017-01-31.xsd#us-gaap_DefinedBenefitPlanExpectedFutureBenefitPaymentsNextTwelveMonths' xlink:label='loc_DefinedBenefitPlanExpectedFutureBenefitPaymentsNextTwelveMonths' xlink:type='locator' />
<link:loc xlink:href='../elts/us-gaap-2017-01-31.xsd#us-gaap_DefinedBenefitPlanExpectedFutureBenefitPaymentsYearTwo' xlink:label='loc_DefinedBenefitPlanExpectedFutureBenefitPaymentsYearTwo' xlink:type='locator' />
<link:loc xlink:href='../elts/us-gaap-2017-01-31.xsd#us-gaap_DefinedBenefitPlanExpectedFutureBenefitPaymentsYearThree' xlink:label='loc_DefinedBenefitPlanExpectedFutureBenefitPaymentsYearThree' xlink:type='locator' />
<link:loc xlink:href='../elts/us-gaap-2017-01-31.xsd#us-gaap_DefinedBenefitPlanExpectedFutureBenefitPaymentsYearFour' xlink:label='loc_DefinedBenefitPlanExpectedFutureBenefitPaymentsYearFour' xlink:type='locator' />
<link:loc xlink:href='../elts/us-gaap-2017-01-31.xsd#us-gaap_DefinedBenefitPlanExpectedFutureBenefitPaymentsYearFive' xlink:label='loc_DefinedBenefitPlanExpectedFutureBenefitPaymentsYearFive' xlink:type='locator' />
<link:loc xlink:href='../elts/us-gaap-2017-01-31.xsd#us-gaap_DefinedBenefitPlanExpectedFutureBenefitPaymentsFiveFiscalYearsThereafter' xlink:label='loc_DefinedBenefitPlanExpectedFutureBenefitPaymentsFiveFiscalYearsThereafter' xlink:type='locator' />
<link:loc xlink:href='../elts/us-gaap-2017-01-31.xsd#us-gaap_DefinedBenefitPlanExpectedFutureEmployerContributionsNextFiscalYear' xlink:label='loc_DefinedBenefitPlanExpectedFutureEmployerContributionsNextFiscalYear' xlink:type='locator' />
<link:loc xlink:href='../elts/us-gaap-2017-01-31.xsd#us-gaap_DefinedBenefitPlanExpectedReturnOnPlanAssets' xlink:label='loc_DefinedBenefitPlanExpectedReturnOnPlanAssets' xlink:type='locator' />
<link:loc xlink:href='../elts/us-gaap-2017-01-31.xsd#us-gaap_DefinedBenefitPlanAmortizationOfPriorServiceCostCredit' xlink:label='loc_DefinedBenefitPlanAmortizationOfPriorServiceCostCredit' xlink:type='locator' />
<link:loc xlink:href='../elts/us-gaap-2017-01-31.xsd#us-gaap_DefinedBenefitPlanNetPeriodicBenefitCost' xlink:label='loc_DefinedBenefitPlanNetPeriodicBenefitCost' xlink:type='locator' />
<link:loc xlink:href='../elts/us-gaap-2017-01-31.xsd#us-gaap_DefinedBenefitPlanPensionPlansWithAccumulatedBenefitObligationsInExcessOfPlanAssetsAggregateProjectedBenefitObligation' xlink:label='loc_DefinedBenefitPlanPensionPlansWithAccumulatedBenefitObligationsInExcessOfPlanAssetsAggregateProjectedBenefitObligation' xlink:type='locator' />
<link:loc xlink:href='../elts/us-gaap-2017-01-31.xsd#us-gaap_DefinedBenefitPlanPensionPlansWithAccumulatedBenefitObligationsInExcessOfPlanAssetsAggregateAccumulatedBenefitObligation' xlink:label='loc_DefinedBenefitPlanPensionPlansWithAccumulatedBenefitObligationsInExcessOfPlanAssetsAggregateAccumulatedBenefitObligation' xlink:type='locator' />
<link:loc xlink:href='../elts/us-gaap-2017-01-31.xsd#us-gaap_DefinedBenefitPlanPensionPlansWithAccumulatedBenefitObligationsInExcessOfPlanAssetsAggregateFairValueOfPlanAssets' xlink:label='loc_DefinedBenefitPlanPensionPlansWithAccumulatedBenefitObligationsInExcessOfPlanAssetsAggregateFairValueOfPlanAssets' xlink:type='locator' />
<link:loc xlink:href='../elts/us-gaap-2017-01-31.xsd#us-gaap_DefinedBenefitPlanAssumptionsUsedCalculatingBenefitObligationDiscountRate' xlink:label='loc_DefinedBenefitPlanAssumptionsUsedCalculatingBenefitObligationDiscountRate' xlink:type='locator' />
<link:loc xlink:href='../elts/us-gaap-2017-01-31.xsd#us-gaap_DefinedBenefitPlanAssumptionsUsedCalculatingBenefitObligationRateOfCompensationIncrease' xlink:label='loc_DefinedBenefitPlanAssumptionsUsedCalculatingBenefitObligationRateOfCompensationIncrease' xlink:type='locator' />
<link:loc xlink:href='../elts/us-gaap-2017-01-31.xsd#us-gaap_DefinedBenefitPlanAssumptionsUsedCalculatingNetPeriodicBenefitCostDiscountRate' xlink:label='loc_DefinedBenefitPlanAssumptionsUsedCalculatingNetPeriodicBenefitCostDiscountRate' xlink:type='locator' />
<link:loc xlink:href='../elts/us-gaap-2017-01-31.xsd#us-gaap_DefinedBenefitPlanAssumptionsUsedCalculatingNetPeriodicBenefitCostExpectedLongTermReturnOnAssets' xlink:label='loc_DefinedBenefitPlanAssumptionsUsedCalculatingNetPeriodicBenefitCostExpectedLongTermReturnOnAssets' xlink:type='locator' />
<link:loc xlink:href='../elts/us-gaap-2017-01-31.xsd#us-gaap_DefinedBenefitPlanAssumptionsUsedCalculatingNetPeriodicBenefitCostRateOfCompensationIncrease' xlink:label='loc_DefinedBenefitPlanAssumptionsUsedCalculatingNetPeriodicBenefitCostRateOfCompensationIncrease' xlink:type='locator' />
<link:loc xlink:href='../elts/us-gaap-2017-01-31.xsd#us-gaap_RetirementPlanTypeDomain' xlink:label='loc_RetirementPlanTypeDomain' xlink:type='locator' />
<link:loc xlink:href='../elts/us-gaap-2017-01-31.xsd#us-gaap_PensionPlansDefinedBenefitMember' xlink:label='loc_PensionPlansDefinedBenefitMember' xlink:type='locator' />
<link:loc xlink:href='../elts/us-gaap-2017-01-31.xsd#us-gaap_OtherPostretirementBenefitPlansDefinedBenefitMember' xlink:label='loc_OtherPostretirementBenefitPlansDefinedBenefitMember' xlink:type='locator' />
<link:definitionArc priority="10" order='1.0' xlink:arcrole='http://xbrl.org/int/dim/arcrole/domain-member' xlink:from='loc_DefinedBenefitPlanDisclosureLineItems' xlink:to='loc_DefinedBenefitPlanChangeInBenefitObligationRollForward' xlink:type='arc' />
<link:definitionArc priority="10" order='11.0' xlink:arcrole='http://xbrl.org/int/dim/arcrole/domain-member' xlink:from='loc_DefinedBenefitPlanDisclosureLineItems' xlink:to='loc_DefinedBenefitPlanChangeInFairValueOfPlanAssetsRollForward' xlink:type='arc' />
<link:definitionArc priority="10" order='19.0' xlink:arcrole='http://xbrl.org/int/dim/arcrole/domain-member' xlink:from='loc_DefinedBenefitPlanDisclosureLineItems' xlink:to='loc_DefinedBenefitPlanFundedStatusOfPlan' xlink:type='arc' />
<link:definitionArc priority="10" order='20.0' xlink:arcrole='http://xbrl.org/int/dim/arcrole/domain-member' xlink:from='loc_DefinedBenefitPlanDisclosureLineItems' xlink:to='loc_DefinedBenefitPlanAmountsRecognizedInBalanceSheetAbstract' xlink:type='arc' />
<link:definitionArc priority="10" order='25.0' xlink:arcrole='http://xbrl.org/int/dim/arcrole/domain-member' xlink:from='loc_DefinedBenefitPlanDisclosureLineItems' xlink:to='loc_DefinedBenefitPlanAccumulatedOtherComprehensiveIncomeBeforeTaxAbstract' xlink:type='arc' />
<link:definitionArc priority="10" order='29.0' xlink:arcrole='http://xbrl.org/int/dim/arcrole/domain-member' xlink:from='loc_DefinedBenefitPlanDisclosureLineItems' xlink:to='loc_DefinedBenefitPlanAccumulatedBenefitObligation' xlink:type='arc' />
<link:definitionArc priority="10" order='30.0' xlink:arcrole='http://xbrl.org/int/dim/arcrole/domain-member' xlink:from='loc_DefinedBenefitPlanDisclosureLineItems' xlink:to='loc_DefinedBenefitPlanPensionPlansWithAccumulatedBenefitObligationsInExcessOfPlanAssetsAbstract' xlink:type='arc' />
<link:definitionArc priority="10" order='34.0' xlink:arcrole='http://xbrl.org/int/dim/arcrole/domain-member' xlink:from='loc_DefinedBenefitPlanDisclosureLineItems' xlink:to='loc_AmountRecognizedInNetPeriodicBenefitCostAndOtherComprehensiveIncomeLossBeforeTaxAbstract' xlink:type='arc' />
<link:definitionArc priority="10" order='47.0' xlink:arcrole='http://xbrl.org/int/dim/arcrole/domain-member' xlink:from='loc_DefinedBenefitPlanDisclosureLineItems' xlink:to='loc_DefinedBenefitPlanAmountsThatWillBeAmortizedFromAccumulatedOtherComprehensiveIncomeLossInNextFiscalYearAbstract' xlink:type='arc' />
<link:definitionArc priority="10" order='50.0' xlink:arcrole='http://xbrl.org/int/dim/arcrole/domain-member' xlink:from='loc_DefinedBenefitPlanDisclosureLineItems' xlink:to='loc_DefinedBenefitPlanWeightedAverageAssumptionsUsedInCalculatingBenefitObligationAbstract' xlink:type='arc' />
<link:definitionArc priority="10" order='53.0' xlink:arcrole='http://xbrl.org/int/dim/arcrole/domain-member' xlink:from='loc_DefinedBenefitPlanDisclosureLineItems' xlink:to='loc_DefinedBenefitPlanWeightedAverageAssumptionsUsedInCalculatingNetPeriodicBenefitCostAbstract' xlink:type='arc' />
<link:definitionArc priority="10" order='57.0' xlink:arcrole='http://xbrl.org/int/dim/arcrole/domain-member' xlink:from='loc_DefinedBenefitPlanDisclosureLineItems' xlink:to='loc_DefinedBenefitPlanAssumedHealthCareCostTrendRatesAbstract' xlink:type='arc' />
<link:definitionArc priority="10" order='66.0' xlink:arcrole='http://xbrl.org/int/dim/arcrole/domain-member' xlink:from='loc_DefinedBenefitPlanDisclosureLineItems' xlink:to='loc_DefinedBenefitPlanEstimatedFutureEmployerContributionsAbstract' xlink:type='arc' />
<link:definitionArc priority="10" order='68.0' xlink:arcrole='http://xbrl.org/int/dim/arcrole/domain-member' xlink:from='loc_DefinedBenefitPlanDisclosureLineItems' xlink:to='loc_DefinedBenefitPlanEstimatedFutureBenefitPaymentsAbstract' xlink:type='arc' />
<link:definitionArc priority="10" order='26.0' xlink:arcrole='http://xbrl.org/int/dim/arcrole/domain-member' xlink:from='loc_DefinedBenefitPlanAccumulatedOtherComprehensiveIncomeBeforeTaxAbstract' xlink:to='loc_DefinedBenefitPlanAccumulatedOtherComprehensiveIncomeNetPriorServiceCostCreditBeforeTax' xlink:type='arc' />
<link:definitionArc priority="10" order='27.0' xlink:arcrole='http://xbrl.org/int/dim/arcrole/domain-member' xlink:from='loc_DefinedBenefitPlanAccumulatedOtherComprehensiveIncomeBeforeTaxAbstract' xlink:to='loc_DefinedBenefitPlanAccumulatedOtherComprehensiveIncomeNetGainsLossesBeforeTax' xlink:type='arc' />
<link:definitionArc priority="10" order='28.0' xlink:arcrole='http://xbrl.org/int/dim/arcrole/domain-member' xlink:from='loc_DefinedBenefitPlanAccumulatedOtherComprehensiveIncomeBeforeTaxAbstract' xlink:to='loc_DefinedBenefitPlanAccumulatedOtherComprehensiveIncomeBeforeTax' xlink:type='arc' />
<link:definitionArc priority="10" order='35.0' xlink:arcrole='http://xbrl.org/int/dim/arcrole/domain-member' xlink:from='loc_AmountRecognizedInNetPeriodicBenefitCostAndOtherComprehensiveIncomeLossBeforeTaxAbstract' xlink:to='loc_DefinedBenefitPlanNetPeriodicBenefitCostAbstract' xlink:type='arc' />
<link:definitionArc priority="10" order='41.0' xlink:arcrole='http://xbrl.org/int/dim/arcrole/domain-member' xlink:from='loc_AmountRecognizedInNetPeriodicBenefitCostAndOtherComprehensiveIncomeLossBeforeTaxAbstract' xlink:to='loc_DefinedBenefitPlanAmountsRecognizedInOtherComprehensiveIncomeAbstract' xlink:type='arc' />
<link:definitionArc priority="10" order='46.0' xlink:arcrole='http://xbrl.org/int/dim/arcrole/domain-member' xlink:from='loc_AmountRecognizedInNetPeriodicBenefitCostAndOtherComprehensiveIncomeLossBeforeTaxAbstract' xlink:to='loc_AmountRecognizedInNetPeriodicBenefitCostAndOtherComprehensiveIncomeLossBeforeTax' xlink:type='arc' />
<link:definitionArc priority="10" order='42.0' xlink:arcrole='http://xbrl.org/int/dim/arcrole/domain-member' xlink:from='loc_DefinedBenefitPlanAmountsRecognizedInOtherComprehensiveIncomeAbstract' xlink:to='loc_OtherComprehensiveIncomeLossPensionAndOtherPostretirementBenefitPlansNetUnamortizedGainLossArisingDuringPeriodBeforeTax' xlink:type='arc' />
<link:definitionArc priority="10" order='43.0' xlink:arcrole='http://xbrl.org/int/dim/arcrole/domain-member' xlink:from='loc_DefinedBenefitPlanAmountsRecognizedInOtherComprehensiveIncomeAbstract' xlink:to='loc_OtherComprehensiveIncomeDefinedBenefitPlanNetPriorServiceCostCreditArisingDuringPeriodBeforeTax' xlink:type='arc' />
<link:definitionArc priority="10" order='44.0' xlink:arcrole='http://xbrl.org/int/dim/arcrole/domain-member' xlink:from='loc_DefinedBenefitPlanAmountsRecognizedInOtherComprehensiveIncomeAbstract' xlink:to='loc_OtherComprehensiveIncomeLossAmortizationAdjustmentFromAOCIPensionAndOtherPostretirementBenefitPlansForNetPriorServiceCostCreditBeforeTax' xlink:type='arc' />
<link:definitionArc priority="10" order='45.0' xlink:arcrole='http://xbrl.org/int/dim/arcrole/domain-member' xlink:from='loc_DefinedBenefitPlanAmountsRecognizedInOtherComprehensiveIncomeAbstract' xlink:to='loc_OtherComprehensiveIncomeLossPensionAndOtherPostretirementBenefitPlansAdjustmentBeforeTax' xlink:type='arc' />
<link:definitionArc priority="10" order='21.0' xlink:arcrole='http://xbrl.org/int/dim/arcrole/domain-member' xlink:from='loc_DefinedBenefitPlanAmountsRecognizedInBalanceSheetAbstract' xlink:to='loc_DefinedBenefitPlanAssetsForPlanBenefitsNoncurrent' xlink:type='arc' />
<link:definitionArc priority="10" order='22.0' xlink:arcrole='http://xbrl.org/int/dim/arcrole/domain-member' xlink:from='loc_DefinedBenefitPlanAmountsRecognizedInBalanceSheetAbstract' xlink:to='loc_PensionAndOtherPostretirementDefinedBenefitPlansCurrentLiabilities' xlink:type='arc' />
<link:definitionArc priority="10" order='23.0' xlink:arcrole='http://xbrl.org/int/dim/arcrole/domain-member' xlink:from='loc_DefinedBenefitPlanAmountsRecognizedInBalanceSheetAbstract' xlink:to='loc_PensionAndOtherPostretirementDefinedBenefitPlansLiabilitiesNoncurrent' xlink:type='arc' />
<link:definitionArc priority="10" order='24.0' xlink:arcrole='http://xbrl.org/int/dim/arcrole/domain-member' xlink:from='loc_DefinedBenefitPlanAmountsRecognizedInBalanceSheetAbstract' xlink:to='loc_DefinedBenefitPlanAmountsRecognizedInBalanceSheet' xlink:type='arc' />
<link:definitionArc priority="10" order='58.0' xlink:arcrole='http://xbrl.org/int/dim/arcrole/domain-member' xlink:from='loc_DefinedBenefitPlanAssumedHealthCareCostTrendRatesAbstract' xlink:to='loc_DefinedBenefitPlanHealthCareCostTrendRateAssumedNextFiscalYear' xlink:type='arc' />
<link:definitionArc priority="10" order='59.0' xlink:arcrole='http://xbrl.org/int/dim/arcrole/domain-member' xlink:from='loc_DefinedBenefitPlanAssumedHealthCareCostTrendRatesAbstract' xlink:to='loc_DefinedBenefitPlanUltimateHealthCareCostTrendRate1' xlink:type='arc' />
<link:definitionArc priority="10" order='60.0' xlink:arcrole='http://xbrl.org/int/dim/arcrole/domain-member' xlink:from='loc_DefinedBenefitPlanAssumedHealthCareCostTrendRatesAbstract' xlink:to='loc_DefinedBenefitPlanYearHealthCareCostTrendRateReachesUltimateTrendRate' xlink:type='arc' />
<link:definitionArc priority="10" order='61.0' xlink:arcrole='http://xbrl.org/int/dim/arcrole/domain-member' xlink:from='loc_DefinedBenefitPlanAssumedHealthCareCostTrendRatesAbstract' xlink:to='loc_DefinedBenefitPlanEffectOfOnePercentagePointChangeInAssumedHealthCareCostTrendRatesAbstract' xlink:type='arc' />
<link:definitionArc priority="10" order='2.0' xlink:arcrole='http://xbrl.org/int/dim/arcrole/domain-member' xlink:from='loc_DefinedBenefitPlanChangeInBenefitObligationRollForward' xlink:to='loc_DefinedBenefitPlanBenefitObligation' xlink:type='arc' />
<link:definitionArc priority="10" order='3.0' xlink:arcrole='http://xbrl.org/int/dim/arcrole/domain-member' xlink:from='loc_DefinedBenefitPlanChangeInBenefitObligationRollForward' xlink:to='loc_DefinedBenefitPlanServiceCost' xlink:type='arc' />
<link:definitionArc priority="10" order='4.0' xlink:arcrole='http://xbrl.org/int/dim/arcrole/domain-member' xlink:from='loc_DefinedBenefitPlanChangeInBenefitObligationRollForward' xlink:to='loc_DefinedBenefitPlanInterestCost' xlink:type='arc' />
<link:definitionArc priority="10" order='5.0' xlink:arcrole='http://xbrl.org/int/dim/arcrole/domain-member' xlink:from='loc_DefinedBenefitPlanChangeInBenefitObligationRollForward' xlink:to='loc_DefinedBenefitPlanBenefitObligationContributionsByPlanParticipant' xlink:type='arc' />
<link:definitionArc priority="10" order='6.0' xlink:arcrole='http://xbrl.org/int/dim/arcrole/domain-member' xlink:from='loc_DefinedBenefitPlanChangeInBenefitObligationRollForward' xlink:to='loc_DefinedBenefitPlanPlanAmendments' xlink:type='arc' />
<link:definitionArc priority="10" order='7.0' xlink:arcrole='http://xbrl.org/int/dim/arcrole/domain-member' xlink:from='loc_DefinedBenefitPlanChangeInBenefitObligationRollForward' xlink:to='loc_DefinedBenefitPlanActuarialGainLoss' xlink:type='arc' />
<link:definitionArc priority="10" order='8.0' xlink:arcrole='http://xbrl.org/int/dim/arcrole/domain-member' xlink:from='loc_DefinedBenefitPlanChangeInBenefitObligationRollForward' xlink:to='loc_DefinedBenefitPlanBusinessCombinationsAndAcquisitionsBenefitObligation' xlink:type='arc' />
<link:definitionArc priority="10" order='9.0' xlink:arcrole='http://xbrl.org/int/dim/arcrole/domain-member' xlink:from='loc_DefinedBenefitPlanChangeInBenefitObligationRollForward' xlink:to='loc_DefinedBenefitPlanBenefitObligationBenefitsPaid' xlink:type='arc' />
<link:definitionArc priority="10" order='12.0' xlink:arcrole='http://xbrl.org/int/dim/arcrole/domain-member' xlink:from='loc_DefinedBenefitPlanChangeInFairValueOfPlanAssetsRollForward' xlink:to='loc_DefinedBenefitPlanFairValueOfPlanAssets' xlink:type='arc' />
<link:definitionArc priority="10" order='13.0' xlink:arcrole='http://xbrl.org/int/dim/arcrole/domain-member' xlink:from='loc_DefinedBenefitPlanChangeInFairValueOfPlanAssetsRollForward' xlink:to='loc_DefinedBenefitPlanActualReturnOnPlanAssets' xlink:type='arc' />
<link:definitionArc priority="10" order='14.0' xlink:arcrole='http://xbrl.org/int/dim/arcrole/domain-member' xlink:from='loc_DefinedBenefitPlanChangeInFairValueOfPlanAssetsRollForward' xlink:to='loc_DefinedBenefitPlanContributionsByEmployer' xlink:type='arc' />
<link:definitionArc priority="10" order='15.0' xlink:arcrole='http://xbrl.org/int/dim/arcrole/domain-member' xlink:from='loc_DefinedBenefitPlanChangeInFairValueOfPlanAssetsRollForward' xlink:to='loc_DefinedBenefitPlanPlanAssetsContributionsByPlanParticipant' xlink:type='arc' />
<link:definitionArc priority="10" order='16.0' xlink:arcrole='http://xbrl.org/int/dim/arcrole/domain-member' xlink:from='loc_DefinedBenefitPlanChangeInFairValueOfPlanAssetsRollForward' xlink:to='loc_DefinedBenefitPlanPlanAssetsBenefitsPaid' xlink:type='arc' />
<link:definitionArc priority="10" order='17.0' xlink:arcrole='http://xbrl.org/int/dim/arcrole/domain-member' xlink:from='loc_DefinedBenefitPlanChangeInFairValueOfPlanAssetsRollForward' xlink:to='loc_DefinedBenefitPlanBusinessCombinationsAndAcquisitionsPlanAssets' xlink:type='arc' />
<link:definitionArc priority="10" order='62.0' xlink:arcrole='http://xbrl.org/int/dim/arcrole/domain-member' xlink:from='loc_DefinedBenefitPlanEffectOfOnePercentagePointChangeInAssumedHealthCareCostTrendRatesAbstract' xlink:to='loc_DefinedBenefitPlanEffectOfOnePercentagePointIncreaseOnServiceAndInterestCostComponents' xlink:type='arc' />
<link:definitionArc priority="10" order='63.0' xlink:arcrole='http://xbrl.org/int/dim/arcrole/domain-member' xlink:from='loc_DefinedBenefitPlanEffectOfOnePercentagePointChangeInAssumedHealthCareCostTrendRatesAbstract' xlink:to='loc_DefinedBenefitPlanEffectOfOnePercentagePointDecreaseOnServiceAndInterestCostComponents1' xlink:type='arc' />
<link:definitionArc priority="10" order='64.0' xlink:arcrole='http://xbrl.org/int/dim/arcrole/domain-member' xlink:from='loc_DefinedBenefitPlanEffectOfOnePercentagePointChangeInAssumedHealthCareCostTrendRatesAbstract' xlink:to='loc_DefinedBenefitPlanEffectOfOnePercentagePointIncreaseOnAccumulatedPostretirementBenefitObligation' xlink:type='arc' />
<link:definitionArc priority="10" order='65.0' xlink:arcrole='http://xbrl.org/int/dim/arcrole/domain-member' xlink:from='loc_DefinedBenefitPlanEffectOfOnePercentagePointChangeInAssumedHealthCareCostTrendRatesAbstract' xlink:to='loc_DefinedBenefitPlanEffectOfOnePercentagePointDecreaseOnAccumulatedPostretirementBenefitObligation1' xlink:type='arc' />
<link:definitionArc priority="10" order='48.0' xlink:arcrole='http://xbrl.org/int/dim/arcrole/domain-member' xlink:from='loc_DefinedBenefitPlanAmountsThatWillBeAmortizedFromAccumulatedOtherComprehensiveIncomeLossInNextFiscalYearAbstract' xlink:to='loc_DefinedBenefitPlanExpectedAmortizationOfGainLossNextFiscalYear' xlink:type='arc' />
<link:definitionArc priority="10" order='49.0' xlink:arcrole='http://xbrl.org/int/dim/arcrole/domain-member' xlink:from='loc_DefinedBenefitPlanAmountsThatWillBeAmortizedFromAccumulatedOtherComprehensiveIncomeLossInNextFiscalYearAbstract' xlink:to='loc_DefinedBenefitPlanExpectedAmortizationOfPriorServiceCostCreditNextFiscalYear' xlink:type='arc' />
<link:definitionArc priority="10" order='69.0' xlink:arcrole='http://xbrl.org/int/dim/arcrole/domain-member' xlink:from='loc_DefinedBenefitPlanEstimatedFutureBenefitPaymentsAbstract' xlink:to='loc_DefinedBenefitPlanExpectedFutureBenefitPaymentsNextTwelveMonths' xlink:type='arc' />
<link:definitionArc priority="10" order='70.0' xlink:arcrole='http://xbrl.org/int/dim/arcrole/domain-member' xlink:from='loc_DefinedBenefitPlanEstimatedFutureBenefitPaymentsAbstract' xlink:to='loc_DefinedBenefitPlanExpectedFutureBenefitPaymentsYearTwo' xlink:type='arc' />
<link:definitionArc priority="10" order='71.0' xlink:arcrole='http://xbrl.org/int/dim/arcrole/domain-member' xlink:from='loc_DefinedBenefitPlanEstimatedFutureBenefitPaymentsAbstract' xlink:to='loc_DefinedBenefitPlanExpectedFutureBenefitPaymentsYearThree' xlink:type='arc' />
<link:definitionArc priority="10" order='72.0' xlink:arcrole='http://xbrl.org/int/dim/arcrole/domain-member' xlink:from='loc_DefinedBenefitPlanEstimatedFutureBenefitPaymentsAbstract' xlink:to='loc_DefinedBenefitPlanExpectedFutureBenefitPaymentsYearFour' xlink:type='arc' />
<link:definitionArc priority="10" order='73.0' xlink:arcrole='http://xbrl.org/int/dim/arcrole/domain-member' xlink:from='loc_DefinedBenefitPlanEstimatedFutureBenefitPaymentsAbstract' xlink:to='loc_DefinedBenefitPlanExpectedFutureBenefitPaymentsYearFive' xlink:type='arc' />
<link:definitionArc priority="10" order='74.0' xlink:arcrole='http://xbrl.org/int/dim/arcrole/domain-member' xlink:from='loc_DefinedBenefitPlanEstimatedFutureBenefitPaymentsAbstract' xlink:to='loc_DefinedBenefitPlanExpectedFutureBenefitPaymentsFiveFiscalYearsThereafter' xlink:type='arc' />
<link:definitionArc priority="10" order='67.0' xlink:arcrole='http://xbrl.org/int/dim/arcrole/domain-member' xlink:from='loc_DefinedBenefitPlanEstimatedFutureEmployerContributionsAbstract' xlink:to='loc_DefinedBenefitPlanExpectedFutureEmployerContributionsNextFiscalYear' xlink:type='arc' />
<link:definitionArc priority="10" order='38.0' xlink:arcrole='http://xbrl.org/int/dim/arcrole/domain-member' xlink:from='loc_DefinedBenefitPlanNetPeriodicBenefitCostAbstract' xlink:to='loc_DefinedBenefitPlanExpectedReturnOnPlanAssets' xlink:type='arc' />
<link:definitionArc priority="10" order='39.0' xlink:arcrole='http://xbrl.org/int/dim/arcrole/domain-member' xlink:from='loc_DefinedBenefitPlanNetPeriodicBenefitCostAbstract' xlink:to='loc_DefinedBenefitPlanAmortizationOfPriorServiceCostCredit' xlink:type='arc' />
<link:definitionArc priority="10" order='40.0' xlink:arcrole='http://xbrl.org/int/dim/arcrole/domain-member' xlink:from='loc_DefinedBenefitPlanNetPeriodicBenefitCostAbstract' xlink:to='loc_DefinedBenefitPlanNetPeriodicBenefitCost' xlink:type='arc' />
<link:definitionArc priority="10" order='31.0' xlink:arcrole='http://xbrl.org/int/dim/arcrole/domain-member' xlink:from='loc_DefinedBenefitPlanPensionPlansWithAccumulatedBenefitObligationsInExcessOfPlanAssetsAbstract' xlink:to='loc_DefinedBenefitPlanPensionPlansWithAccumulatedBenefitObligationsInExcessOfPlanAssetsAggregateProjectedBenefitObligation' xlink:type='arc' />
<link:definitionArc priority="10" order='32.0' xlink:arcrole='http://xbrl.org/int/dim/arcrole/domain-member' xlink:from='loc_DefinedBenefitPlanPensionPlansWithAccumulatedBenefitObligationsInExcessOfPlanAssetsAbstract' xlink:to='loc_DefinedBenefitPlanPensionPlansWithAccumulatedBenefitObligationsInExcessOfPlanAssetsAggregateAccumulatedBenefitObligation' xlink:type='arc' />
<link:definitionArc priority="10" order='33.0' xlink:arcrole='http://xbrl.org/int/dim/arcrole/domain-member' xlink:from='loc_DefinedBenefitPlanPensionPlansWithAccumulatedBenefitObligationsInExcessOfPlanAssetsAbstract' xlink:to='loc_DefinedBenefitPlanPensionPlansWithAccumulatedBenefitObligationsInExcessOfPlanAssetsAggregateFairValueOfPlanAssets' xlink:type='arc' />
<link:definitionArc priority="10" order='51.0' xlink:arcrole='http://xbrl.org/int/dim/arcrole/domain-member' xlink:from='loc_DefinedBenefitPlanWeightedAverageAssumptionsUsedInCalculatingBenefitObligationAbstract' xlink:to='loc_DefinedBenefitPlanAssumptionsUsedCalculatingBenefitObligationDiscountRate' xlink:type='arc' />
<link:definitionArc priority="10" order='52.0' xlink:arcrole='http://xbrl.org/int/dim/arcrole/domain-member' xlink:from='loc_DefinedBenefitPlanWeightedAverageAssumptionsUsedInCalculatingBenefitObligationAbstract' xlink:to='loc_DefinedBenefitPlanAssumptionsUsedCalculatingBenefitObligationRateOfCompensationIncrease' xlink:type='arc' />
<link:definitionArc priority="10" order='54.0' xlink:arcrole='http://xbrl.org/int/dim/arcrole/domain-member' xlink:from='loc_DefinedBenefitPlanWeightedAverageAssumptionsUsedInCalculatingNetPeriodicBenefitCostAbstract' xlink:to='loc_DefinedBenefitPlanAssumptionsUsedCalculatingNetPeriodicBenefitCostDiscountRate' xlink:type='arc' />
<link:definitionArc priority="10" order='55.0' xlink:arcrole='http://xbrl.org/int/dim/arcrole/domain-member' xlink:from='loc_DefinedBenefitPlanWeightedAverageAssumptionsUsedInCalculatingNetPeriodicBenefitCostAbstract' xlink:to='loc_DefinedBenefitPlanAssumptionsUsedCalculatingNetPeriodicBenefitCostExpectedLongTermReturnOnAssets' xlink:type='arc' />
<link:definitionArc priority="10" order='56.0' xlink:arcrole='http://xbrl.org/int/dim/arcrole/domain-member' xlink:from='loc_DefinedBenefitPlanWeightedAverageAssumptionsUsedInCalculatingNetPeriodicBenefitCostAbstract' xlink:to='loc_DefinedBenefitPlanAssumptionsUsedCalculatingNetPeriodicBenefitCostRateOfCompensationIncrease' xlink:type='arc' />
<link:definitionArc priority="10" order='1.0' xlink:arcrole='http://xbrl.org/int/dim/arcrole/domain-member' xlink:from='loc_RetirementPlanTypeDomain' xlink:to='loc_PensionPlansDefinedBenefitMember' xlink:type='arc' />
<link:definitionArc priority="10" order='2.0' xlink:arcrole='http://xbrl.org/int/dim/arcrole/domain-member' xlink:from='loc_RetirementPlanTypeDomain' xlink:to='loc_OtherPostretirementBenefitPlansDefinedBenefitMember' xlink:type='arc' />
</link:definitionLink>
<link:definitionLink xlink:role='http://fasb.org/us-gaap/role/disclosure/RetirementBenefitsTmp011ScheduleOfDefinedBenefitPlansDisclosuresTable' xlink:type='extended'>
<link:loc xlink:href='../elts/us-gaap-2017-01-31.xsd#us-gaap_ScheduleOfDefinedBenefitPlansDisclosuresTable' xlink:label='loc_ScheduleOfDefinedBenefitPlansDisclosuresTable' xlink:type='locator' />
<link:loc xlink:href='../elts/us-gaap-2017-01-31.xsd#us-gaap_RetirementPlanTypeAxis' xlink:label='loc_RetirementPlanTypeAxis' xlink:type='locator' />
<link:definitionArc priority="10" order='1.0' xlink:arcrole='http://xbrl.org/int/dim/arcrole/hypercube-dimension' xlink:from='loc_ScheduleOfDefinedBenefitPlansDisclosuresTable' xlink:to='loc_RetirementPlanTypeAxis' xlink:type='arc' />
</link:definitionLink>
</link:linkbase>
