<?xml version='1.0' encoding='UTF-8'?>

<!--
(c) XBRL US, Inc. 2007-2010; Financial Accounting Foundation, Inc. 2010-2017.  All Rights Reserved.
Notice: Authorized Uses are Set Forth at http://xbrl.fasb.org/terms/TaxonomiesTermsConditions.html
  -->
<link:linkbase xmlns:link='http://www.xbrl.org/2003/linkbase' xmlns:xbrldt='http://xbrl.org/2005/xbrldt' xmlns:xlink='http://www.w3.org/1999/xlink' xmlns:xsi='http://www.w3.org/2001/XMLSchema-instance' xsi:schemaLocation='http://www.xbrl.org/2003/linkbase http://www.xbrl.org/2003/xbrl-linkbase-2003-12-31.xsd'>
<link:roleRef roleURI='http://fasb.org/us-gaap/role/disclosure/LeasesTmp03' xlink:href='../elts/us-roles-2017-01-31.xsd#leasestmp03' xlink:type='simple' />
<link:calculationLink xlink:role='http://fasb.org/us-gaap/role/disclosure/LeasesTmp03' xlink:type='extended'>
<link:loc xlink:href='../elts/us-gaap-2017-01-31.xsd#us-gaap_DirectFinancingLeaseLeaseIncome' xlink:label='loc_DirectFinancingLeaseLeaseIncome' xlink:type='locator' />
<link:loc xlink:href='../elts/us-gaap-2017-01-31.xsd#us-gaap_DirectFinancingLeaseSellingLoss' xlink:label='loc_DirectFinancingLeaseSellingLoss' xlink:type='locator' />
<link:loc xlink:href='../elts/us-gaap-2017-01-31.xsd#us-gaap_DirectFinancingLeaseVariableLeaseIncome' xlink:label='loc_DirectFinancingLeaseVariableLeaseIncome' xlink:type='locator' />
<link:loc xlink:href='../elts/us-gaap-2017-01-31.xsd#us-gaap_DirectFinancingLeaseInterestIncome' xlink:label='loc_DirectFinancingLeaseInterestIncome' xlink:type='locator' />
<link:calculationArc priority="10" order='10' weight='-1.0' xlink:arcrole='http://www.xbrl.org/2003/arcrole/summation-item' xlink:from='loc_DirectFinancingLeaseLeaseIncome' xlink:to='loc_DirectFinancingLeaseSellingLoss' xlink:type='arc' />
<link:calculationArc priority="10" order='20' weight='1.0' xlink:arcrole='http://www.xbrl.org/2003/arcrole/summation-item' xlink:from='loc_DirectFinancingLeaseLeaseIncome' xlink:to='loc_DirectFinancingLeaseVariableLeaseIncome' xlink:type='arc' />
<link:calculationArc priority="10" order='30' weight='1.0' xlink:arcrole='http://www.xbrl.org/2003/arcrole/summation-item' xlink:from='loc_DirectFinancingLeaseLeaseIncome' xlink:to='loc_DirectFinancingLeaseInterestIncome' xlink:type='arc' />
</link:calculationLink>
</link:linkbase>
