<?xml version='1.0' encoding='UTF-8'?>

<!--
(c) XBRL US, Inc. 2007-2010; Financial Accounting Foundation, Inc. 2010-2017.  All Rights Reserved.
Notice: Authorized Uses are Set Forth at http://xbrl.fasb.org/terms/TaxonomiesTermsConditions.html
  -->
<link:linkbase xmlns:link='http://www.xbrl.org/2003/linkbase' xmlns:xbrldt='http://xbrl.org/2005/xbrldt' xmlns:xlink='http://www.w3.org/1999/xlink' xmlns:xsi='http://www.w3.org/2001/XMLSchema-instance' xsi:schemaLocation='http://www.xbrl.org/2003/linkbase http://www.xbrl.org/2003/xbrl-linkbase-2003-12-31.xsd'>
<link:roleRef roleURI='http://fasb.org/us-gaap/role/disclosure/CashAndCashEquivalents' xlink:href='../elts/us-roles-2017-01-31.xsd#cce' xlink:type='simple' />
<link:presentationLink xlink:role='http://fasb.org/us-gaap/role/disclosure/CashAndCashEquivalents' xlink:type='extended'>
<link:loc xlink:href='../elts/us-gaap-2017-01-31.xsd#us-gaap_BankTimeDepositsMember' xlink:label='loc_BankTimeDepositsMember' xlink:type='locator' />
<link:loc xlink:href='../elts/us-gaap-2017-01-31.xsd#us-gaap_CertificatesOfDepositMember' xlink:label='loc_CertificatesOfDepositMember' xlink:type='locator' />
<link:loc xlink:href='../elts/us-gaap-2017-01-31.xsd#us-gaap_CashEquivalentsMember' xlink:label='loc_CashEquivalentsMember' xlink:type='locator' />
<link:loc xlink:href='../elts/us-gaap-2017-01-31.xsd#us-gaap_CommercialPaperMember' xlink:label='loc_CommercialPaperMember' xlink:type='locator' />
<link:loc xlink:href='../elts/us-gaap-2017-01-31.xsd#us-gaap_InterestBearingDepositsMember' xlink:label='loc_InterestBearingDepositsMember' xlink:type='locator' />
<link:loc xlink:href='../elts/us-gaap-2017-01-31.xsd#us-gaap_MoneyMarketFundsMember' xlink:label='loc_MoneyMarketFundsMember' xlink:type='locator' />
<link:loc xlink:href='../elts/us-gaap-2017-01-31.xsd#us-gaap_USStatesAndPoliticalSubdivisionsMember' xlink:label='loc_USStatesAndPoliticalSubdivisionsMember' xlink:type='locator' />
<link:loc xlink:href='../elts/us-gaap-2017-01-31.xsd#us-gaap_USGovernmentCorporationsAndAgenciesSecuritiesMember' xlink:label='loc_USGovernmentCorporationsAndAgenciesSecuritiesMember' xlink:type='locator' />
<link:loc xlink:href='../elts/us-gaap-2017-01-31.xsd#us-gaap_USTreasurySecuritiesMember' xlink:label='loc_USTreasurySecuritiesMember' xlink:type='locator' />
<link:loc xlink:href='../elts/us-gaap-2017-01-31.xsd#us-gaap_CashEquivalentsAtCarryingValueAbstract' xlink:label='loc_CashEquivalentsAtCarryingValueAbstract' xlink:type='locator' />
<link:loc xlink:href='../elts/us-gaap-2017-01-31.xsd#us-gaap_AssetBackedSecuritiesAtCarryingValue' xlink:label='loc_AssetBackedSecuritiesAtCarryingValue' xlink:type='locator' />
<link:loc xlink:href='../elts/us-gaap-2017-01-31.xsd#us-gaap_CertificatesOfDepositAtCarryingValue' xlink:label='loc_CertificatesOfDepositAtCarryingValue' xlink:type='locator' />
<link:loc xlink:href='../elts/us-gaap-2017-01-31.xsd#us-gaap_CommercialPaperAtCarryingValue' xlink:label='loc_CommercialPaperAtCarryingValue' xlink:type='locator' />
<link:loc xlink:href='../elts/us-gaap-2017-01-31.xsd#us-gaap_CreditAndDebitCardReceivablesAtCarryingValue' xlink:label='loc_CreditAndDebitCardReceivablesAtCarryingValue' xlink:type='locator' />
<link:loc xlink:href='../elts/us-gaap-2017-01-31.xsd#us-gaap_MoneyMarketFundsAtCarryingValue' xlink:label='loc_MoneyMarketFundsAtCarryingValue' xlink:type='locator' />
<link:loc xlink:href='../elts/us-gaap-2017-01-31.xsd#us-gaap_MunicipalDebtSecuritiesAtCarryingValue' xlink:label='loc_MunicipalDebtSecuritiesAtCarryingValue' xlink:type='locator' />
<link:loc xlink:href='../elts/us-gaap-2017-01-31.xsd#us-gaap_TimeDepositsAtCarryingValue' xlink:label='loc_TimeDepositsAtCarryingValue' xlink:type='locator' />
<link:loc xlink:href='../elts/us-gaap-2017-01-31.xsd#us-gaap_USGovernmentSecuritiesAtCarryingValue' xlink:label='loc_USGovernmentSecuritiesAtCarryingValue' xlink:type='locator' />
<link:loc xlink:href='../elts/us-gaap-2017-01-31.xsd#us-gaap_USGovernmentAgenciesSecuritiesAtCarryingValue' xlink:label='loc_USGovernmentAgenciesSecuritiesAtCarryingValue' xlink:type='locator' />
<link:loc xlink:href='../elts/us-gaap-2017-01-31.xsd#us-gaap_OtherCashEquivalentsAtCarryingValue' xlink:label='loc_OtherCashEquivalentsAtCarryingValue' xlink:type='locator' />
<link:loc xlink:href='../elts/us-gaap-2017-01-31.xsd#us-gaap_CashEquivalentsAtCarryingValue' xlink:label='loc_CashEquivalentsAtCarryingValue' xlink:type='locator' />
<link:loc xlink:href='../elts/us-gaap-2017-01-31.xsd#us-gaap_CashMember' xlink:label='loc_CashMember' xlink:type='locator' />
<link:loc xlink:href='../elts/us-gaap-2017-01-31.xsd#us-gaap_DemandDepositsMember' xlink:label='loc_DemandDepositsMember' xlink:type='locator' />
<link:loc xlink:href='../elts/us-gaap-2017-01-31.xsd#us-gaap_CashAndCashEquivalentsAbstract' xlink:label='loc_CashAndCashEquivalentsAbstract' xlink:type='locator' />
<link:loc xlink:href='../elts/us-gaap-2017-01-31.xsd#us-gaap_CashAndCashEquivalentsDisclosureTextBlock' xlink:label='loc_CashAndCashEquivalentsDisclosureTextBlock' xlink:type='locator' />
<link:loc xlink:href='../elts/us-gaap-2017-01-31.xsd#us-gaap_ScheduleOfCashAndCashEquivalentsTableTextBlock' xlink:label='loc_ScheduleOfCashAndCashEquivalentsTableTextBlock' xlink:type='locator' />
<link:loc xlink:href='../elts/us-gaap-2017-01-31.xsd#us-gaap_ScheduleOfCashAndCashEquivalentsTable' xlink:label='loc_ScheduleOfCashAndCashEquivalentsTable' xlink:type='locator' />
<link:loc xlink:href='../elts/us-gaap-2017-01-31.xsd#us-gaap_AdditionalCashAndCashEquivalentRelatedText' xlink:label='loc_AdditionalCashAndCashEquivalentRelatedText' xlink:type='locator' />
<link:loc xlink:href='../elts/us-gaap-2017-01-31.xsd#us-gaap_ScheduleOfRestrictedCashAndCashEquivalentsTextBlock' xlink:label='loc_ScheduleOfRestrictedCashAndCashEquivalentsTextBlock' xlink:type='locator' />
<link:loc xlink:href='../elts/us-gaap-2017-01-31.xsd#us-gaap_ScheduleOfRestrictedCashAndCashEquivalentsTable' xlink:label='loc_ScheduleOfRestrictedCashAndCashEquivalentsTable' xlink:type='locator' />
<link:loc xlink:href='../elts/us-gaap-2017-01-31.xsd#us-gaap_CashCashEquivalentsRestrictedCashAndRestrictedCashEquivalentsAbstract' xlink:label='loc_CashCashEquivalentsRestrictedCashAndRestrictedCashEquivalentsAbstract' xlink:type='locator' />
<link:loc xlink:href='../elts/us-gaap-2017-01-31.xsd#us-gaap_ScheduleOfCompensatingBalancesTextBlock' xlink:label='loc_ScheduleOfCompensatingBalancesTextBlock' xlink:type='locator' />
<link:loc xlink:href='../elts/us-gaap-2017-01-31.xsd#us-gaap_ScheduleOfCompensatingBalancesTable' xlink:label='loc_ScheduleOfCompensatingBalancesTable' xlink:type='locator' />
<link:loc xlink:href='../elts/us-gaap-2017-01-31.xsd#us-gaap_CashInsuredAndUninsuredAbstract' xlink:label='loc_CashInsuredAndUninsuredAbstract' xlink:type='locator' />
<link:loc xlink:href='../elts/us-gaap-2017-01-31.xsd#us-gaap_DisclosureTextBlockSupplementAbstract' xlink:label='loc_DisclosureTextBlockSupplementAbstract' xlink:type='locator' />
<link:loc xlink:href='../elts/us-gaap-2017-01-31.xsd#us-gaap_TableTextBlockSupplementAbstract' xlink:label='loc_TableTextBlockSupplementAbstract' xlink:type='locator' />
<link:loc xlink:href='../elts/us-gaap-2017-01-31.xsd#us-gaap_CashAndCashEquivalentsAxis' xlink:label='loc_CashAndCashEquivalentsAxis' xlink:type='locator' />
<link:loc xlink:href='../elts/us-gaap-2017-01-31.xsd#us-gaap_RestrictedCashAndCashEquivalentsCashAndCashEquivalentsMember' xlink:label='loc_RestrictedCashAndCashEquivalentsCashAndCashEquivalentsMember' xlink:type='locator' />
<link:loc xlink:href='../elts/us-gaap-2017-01-31.xsd#us-gaap_CashAndCashEquivalentsLineItems' xlink:label='loc_CashAndCashEquivalentsLineItems' xlink:type='locator' />
<link:loc xlink:href='../elts/us-gaap-2017-01-31.xsd#us-gaap_CashAndCashEquivalentsAtCarryingValueAbstract' xlink:label='loc_CashAndCashEquivalentsAtCarryingValueAbstract' xlink:type='locator' />
<link:loc xlink:href='../elts/us-gaap-2017-01-31.xsd#us-gaap_CashAndDueFromBanksAbstract' xlink:label='loc_CashAndDueFromBanksAbstract' xlink:type='locator' />
<link:loc xlink:href='../elts/us-gaap-2017-01-31.xsd#us-gaap_InterestBearingDepositsInBanks' xlink:label='loc_InterestBearingDepositsInBanks' xlink:type='locator' />
<link:loc xlink:href='../elts/us-gaap-2017-01-31.xsd#us-gaap_CashAndCashEquivalentsAtCarryingValue' xlink:label='loc_CashAndCashEquivalentsAtCarryingValue' xlink:type='locator' />
<link:loc xlink:href='../elts/us-gaap-2017-01-31.xsd#us-gaap_Cash' xlink:label='loc_Cash' xlink:type='locator' />
<link:loc xlink:href='../elts/us-gaap-2017-01-31.xsd#us-gaap_DueFromBanks' xlink:label='loc_DueFromBanks' xlink:type='locator' />
<link:loc xlink:href='../elts/us-gaap-2017-01-31.xsd#us-gaap_CashAndDueFromBanks' xlink:label='loc_CashAndDueFromBanks' xlink:type='locator' />
<link:loc xlink:href='../elts/us-gaap-2017-01-31.xsd#us-gaap_RestrictedCashAndCashEquivalentsAbstract' xlink:label='loc_RestrictedCashAndCashEquivalentsAbstract' xlink:type='locator' />
<link:loc xlink:href='../elts/us-gaap-2017-01-31.xsd#us-gaap_CashCashEquivalentsRestrictedCashAndRestrictedCashEquivalents' xlink:label='loc_CashCashEquivalentsRestrictedCashAndRestrictedCashEquivalents' xlink:type='locator' />
<link:loc xlink:href='../elts/us-gaap-2017-01-31.xsd#us-gaap_CashFDICInsuredAmount' xlink:label='loc_CashFDICInsuredAmount' xlink:type='locator' />
<link:loc xlink:href='../elts/us-gaap-2017-01-31.xsd#us-gaap_CashUninsuredAmount' xlink:label='loc_CashUninsuredAmount' xlink:type='locator' />
<link:loc xlink:href='../elts/us-gaap-2017-01-31.xsd#us-gaap_CompensatingBalancesLineItems' xlink:label='loc_CompensatingBalancesLineItems' xlink:type='locator' />
<link:loc xlink:href='../elts/us-gaap-2017-01-31.xsd#us-gaap_CompensatingBalanceDescription' xlink:label='loc_CompensatingBalanceDescription' xlink:type='locator' />
<link:loc xlink:href='../elts/us-gaap-2017-01-31.xsd#us-gaap_CompensatingBalanceAmount' xlink:label='loc_CompensatingBalanceAmount' xlink:type='locator' />
<link:loc xlink:href='../elts/us-gaap-2017-01-31.xsd#us-gaap_CompensatingBalancePurpose' xlink:label='loc_CompensatingBalancePurpose' xlink:type='locator' />
<link:loc xlink:href='../elts/us-gaap-2017-01-31.xsd#us-gaap_CompensatingBalanceAgreement' xlink:label='loc_CompensatingBalanceAgreement' xlink:type='locator' />
<link:loc xlink:href='../elts/us-gaap-2017-01-31.xsd#us-gaap_CashCashEquivalentsAndMarketableSecuritiesTextBlock' xlink:label='loc_CashCashEquivalentsAndMarketableSecuritiesTextBlock' xlink:type='locator' />
<link:loc xlink:href='../elts/us-gaap-2017-01-31.xsd#us-gaap_CashCashEquivalentsAndShortTermInvestmentsTextBlock' xlink:label='loc_CashCashEquivalentsAndShortTermInvestmentsTextBlock' xlink:type='locator' />
<link:loc xlink:href='../elts/us-gaap-2017-01-31.xsd#us-gaap_InvestmentsInDebtAndEquityInstrumentsCashAndCashEquivalentsUnrealizedAndRealizedGainsLossesTextBlock' xlink:label='loc_InvestmentsInDebtAndEquityInstrumentsCashAndCashEquivalentsUnrealizedAndRealizedGainsLossesTextBlock' xlink:type='locator' />
<link:loc xlink:href='../elts/us-gaap-2017-01-31.xsd#us-gaap_RestrictedCashEquivalentsAbstract' xlink:label='loc_RestrictedCashEquivalentsAbstract' xlink:type='locator' />
<link:loc xlink:href='../elts/us-gaap-2017-01-31.xsd#us-gaap_RestrictedCashEquivalentsCurrent' xlink:label='loc_RestrictedCashEquivalentsCurrent' xlink:type='locator' />
<link:loc xlink:href='../elts/us-gaap-2017-01-31.xsd#us-gaap_RestrictedCashEquivalentsCurrentAssetStatementOfFinancialPositionExtensibleList' xlink:label='loc_RestrictedCashEquivalentsCurrentAssetStatementOfFinancialPositionExtensibleList' xlink:type='locator' />
<link:loc xlink:href='../elts/us-gaap-2017-01-31.xsd#us-gaap_RestrictedCashEquivalentsCurrentNatureOfRestrictionDescription' xlink:label='loc_RestrictedCashEquivalentsCurrentNatureOfRestrictionDescription' xlink:type='locator' />
<link:loc xlink:href='../elts/us-gaap-2017-01-31.xsd#us-gaap_RestrictedCashEquivalentsNoncurrent' xlink:label='loc_RestrictedCashEquivalentsNoncurrent' xlink:type='locator' />
<link:loc xlink:href='../elts/us-gaap-2017-01-31.xsd#us-gaap_RestrictedCashEquivalentsNoncurrentAssetStatementOfFinancialPositionExtensibleList' xlink:label='loc_RestrictedCashEquivalentsNoncurrentAssetStatementOfFinancialPositionExtensibleList' xlink:type='locator' />
<link:loc xlink:href='../elts/us-gaap-2017-01-31.xsd#us-gaap_RestrictedCashEquivalentsNoncurrentNatureOfRestrictionDescription' xlink:label='loc_RestrictedCashEquivalentsNoncurrentNatureOfRestrictionDescription' xlink:type='locator' />
<link:loc xlink:href='../elts/us-gaap-2017-01-31.xsd#us-gaap_RestrictedCashEquivalents' xlink:label='loc_RestrictedCashEquivalents' xlink:type='locator' />
<link:loc xlink:href='../elts/us-gaap-2017-01-31.xsd#us-gaap_RestrictedCashEquivalentsAssetStatementOfFinancialPositionExtensibleList' xlink:label='loc_RestrictedCashEquivalentsAssetStatementOfFinancialPositionExtensibleList' xlink:type='locator' />
<link:loc xlink:href='../elts/us-gaap-2017-01-31.xsd#us-gaap_RestrictedCashEquivalentsNatureOfRestrictionDescription' xlink:label='loc_RestrictedCashEquivalentsNatureOfRestrictionDescription' xlink:type='locator' />
<link:loc xlink:href='../elts/us-gaap-2017-01-31.xsd#us-gaap_RestrictedCashAbstract' xlink:label='loc_RestrictedCashAbstract' xlink:type='locator' />
<link:loc xlink:href='../elts/us-gaap-2017-01-31.xsd#us-gaap_RestrictedCashCurrent' xlink:label='loc_RestrictedCashCurrent' xlink:type='locator' />
<link:loc xlink:href='../elts/us-gaap-2017-01-31.xsd#us-gaap_RestrictedCashCurrentAssetStatementOfFinancialPositionExtensibleList' xlink:label='loc_RestrictedCashCurrentAssetStatementOfFinancialPositionExtensibleList' xlink:type='locator' />
<link:loc xlink:href='../elts/us-gaap-2017-01-31.xsd#us-gaap_RestrictedCashCurrentNatureOfRestrictionDescription' xlink:label='loc_RestrictedCashCurrentNatureOfRestrictionDescription' xlink:type='locator' />
<link:loc xlink:href='../elts/us-gaap-2017-01-31.xsd#us-gaap_RestrictedCashNoncurrent' xlink:label='loc_RestrictedCashNoncurrent' xlink:type='locator' />
<link:loc xlink:href='../elts/us-gaap-2017-01-31.xsd#us-gaap_RestrictedCashNoncurrentAssetStatementOfFinancialPositionExtensibleList' xlink:label='loc_RestrictedCashNoncurrentAssetStatementOfFinancialPositionExtensibleList' xlink:type='locator' />
<link:loc xlink:href='../elts/us-gaap-2017-01-31.xsd#us-gaap_RestrictedCashNoncurrentNatureOfRestrictionDescription' xlink:label='loc_RestrictedCashNoncurrentNatureOfRestrictionDescription' xlink:type='locator' />
<link:loc xlink:href='../elts/us-gaap-2017-01-31.xsd#us-gaap_RestrictedCash' xlink:label='loc_RestrictedCash' xlink:type='locator' />
<link:loc xlink:href='../elts/us-gaap-2017-01-31.xsd#us-gaap_RestrictedCashAssetStatementOfFinancialPositionExtensibleList' xlink:label='loc_RestrictedCashAssetStatementOfFinancialPositionExtensibleList' xlink:type='locator' />
<link:loc xlink:href='../elts/us-gaap-2017-01-31.xsd#us-gaap_RestrictedCashNatureOfRestrictionDescription' xlink:label='loc_RestrictedCashNatureOfRestrictionDescription' xlink:type='locator' />
<link:loc xlink:href='../elts/us-gaap-2017-01-31.xsd#us-gaap_RestrictedCashAndCashEquivalentsItemsLineItems' xlink:label='loc_RestrictedCashAndCashEquivalentsItemsLineItems' xlink:type='locator' />
<link:loc xlink:href='../elts/us-gaap-2017-01-31.xsd#us-gaap_RestrictedCashAndCashEquivalentItemAgreement' xlink:label='loc_RestrictedCashAndCashEquivalentItemAgreement' xlink:type='locator' />
<link:loc xlink:href='../elts/us-gaap-2017-01-31.xsd#us-gaap_RestrictedCashAndCashEquivalentsAtCarryingValue' xlink:label='loc_RestrictedCashAndCashEquivalentsAtCarryingValue' xlink:type='locator' />
<link:loc xlink:href='../elts/us-gaap-2017-01-31.xsd#us-gaap_RestrictedCashAndCashEquivalentsCurrentAssetStatementOfFinancialPositionExtensibleList' xlink:label='loc_RestrictedCashAndCashEquivalentsCurrentAssetStatementOfFinancialPositionExtensibleList' xlink:type='locator' />
<link:loc xlink:href='../elts/us-gaap-2017-01-31.xsd#us-gaap_RestrictedCashAndCashEquivalentsCurrentNatureOfRestrictionDescription' xlink:label='loc_RestrictedCashAndCashEquivalentsCurrentNatureOfRestrictionDescription' xlink:type='locator' />
<link:loc xlink:href='../elts/us-gaap-2017-01-31.xsd#us-gaap_RestrictedCashAndCashEquivalentsNoncurrent' xlink:label='loc_RestrictedCashAndCashEquivalentsNoncurrent' xlink:type='locator' />
<link:loc xlink:href='../elts/us-gaap-2017-01-31.xsd#us-gaap_RestrictedCashAndCashEquivalentsNoncurrentAssetStatementOfFinancialPositionExtensibleList' xlink:label='loc_RestrictedCashAndCashEquivalentsNoncurrentAssetStatementOfFinancialPositionExtensibleList' xlink:type='locator' />
<link:loc xlink:href='../elts/us-gaap-2017-01-31.xsd#us-gaap_RestrictedCashAndCashEquivalentsNoncurrentNatureOfRestrictionDescription' xlink:label='loc_RestrictedCashAndCashEquivalentsNoncurrentNatureOfRestrictionDescription' xlink:type='locator' />
<link:loc xlink:href='../elts/us-gaap-2017-01-31.xsd#us-gaap_RestrictedCashAndCashEquivalents' xlink:label='loc_RestrictedCashAndCashEquivalents' xlink:type='locator' />
<link:loc xlink:href='../elts/us-gaap-2017-01-31.xsd#us-gaap_RestrictedCashAndCashEquivalentsAssetStatementOfFinancialPositionExtensibleList' xlink:label='loc_RestrictedCashAndCashEquivalentsAssetStatementOfFinancialPositionExtensibleList' xlink:type='locator' />
<link:loc xlink:href='../elts/us-gaap-2017-01-31.xsd#us-gaap_RestrictedCashAndCashEquivalentItemDescription' xlink:label='loc_RestrictedCashAndCashEquivalentItemDescription' xlink:type='locator' />
<link:loc xlink:href='../elts/us-gaap-2017-01-31.xsd#us-gaap_RestrictedCashAndCashEquivalentsCashAndCashEquivalentsAxis' xlink:label='loc_RestrictedCashAndCashEquivalentsCashAndCashEquivalentsAxis' xlink:type='locator' />
<link:loc xlink:href='../elts/us-gaap-2017-01-31.xsd#us-gaap_ScheduleOfCashCashEquivalentsAndShortTermInvestmentsTableTextBlock' xlink:label='loc_ScheduleOfCashCashEquivalentsAndShortTermInvestmentsTableTextBlock' xlink:type='locator' />
<link:presentationArc order='10' xlink:arcrole='http://www.xbrl.org/2003/arcrole/parent-child' xlink:from='loc_BankTimeDepositsMember' xlink:to='loc_CertificatesOfDepositMember' xlink:type='arc' />
<link:presentationArc order='10' xlink:arcrole='http://www.xbrl.org/2003/arcrole/parent-child' xlink:from='loc_CashEquivalentsMember' xlink:to='loc_BankTimeDepositsMember' xlink:type='arc' />
<link:presentationArc order='20' xlink:arcrole='http://www.xbrl.org/2003/arcrole/parent-child' xlink:from='loc_CashEquivalentsMember' xlink:to='loc_CommercialPaperMember' xlink:type='arc' />
<link:presentationArc order='30' xlink:arcrole='http://www.xbrl.org/2003/arcrole/parent-child' xlink:from='loc_CashEquivalentsMember' xlink:to='loc_InterestBearingDepositsMember' xlink:type='arc' />
<link:presentationArc order='40' xlink:arcrole='http://www.xbrl.org/2003/arcrole/parent-child' xlink:from='loc_CashEquivalentsMember' xlink:to='loc_MoneyMarketFundsMember' xlink:type='arc' />
<link:presentationArc order='50' xlink:arcrole='http://www.xbrl.org/2003/arcrole/parent-child' xlink:from='loc_CashEquivalentsMember' xlink:to='loc_USStatesAndPoliticalSubdivisionsMember' xlink:type='arc' />
<link:presentationArc order='60' xlink:arcrole='http://www.xbrl.org/2003/arcrole/parent-child' xlink:from='loc_CashEquivalentsMember' xlink:to='loc_USGovernmentCorporationsAndAgenciesSecuritiesMember' xlink:type='arc' />
<link:presentationArc order='70' xlink:arcrole='http://www.xbrl.org/2003/arcrole/parent-child' xlink:from='loc_CashEquivalentsMember' xlink:to='loc_USTreasurySecuritiesMember' xlink:type='arc' />
<link:presentationArc order='10' xlink:arcrole='http://www.xbrl.org/2003/arcrole/parent-child' xlink:from='loc_CashEquivalentsAtCarryingValueAbstract' xlink:to='loc_AssetBackedSecuritiesAtCarryingValue' xlink:type='arc' />
<link:presentationArc order='20' xlink:arcrole='http://www.xbrl.org/2003/arcrole/parent-child' xlink:from='loc_CashEquivalentsAtCarryingValueAbstract' xlink:to='loc_CertificatesOfDepositAtCarryingValue' xlink:type='arc' />
<link:presentationArc order='30' xlink:arcrole='http://www.xbrl.org/2003/arcrole/parent-child' xlink:from='loc_CashEquivalentsAtCarryingValueAbstract' xlink:to='loc_CommercialPaperAtCarryingValue' xlink:type='arc' />
<link:presentationArc order='40' xlink:arcrole='http://www.xbrl.org/2003/arcrole/parent-child' xlink:from='loc_CashEquivalentsAtCarryingValueAbstract' xlink:to='loc_CreditAndDebitCardReceivablesAtCarryingValue' xlink:type='arc' />
<link:presentationArc order='50' xlink:arcrole='http://www.xbrl.org/2003/arcrole/parent-child' xlink:from='loc_CashEquivalentsAtCarryingValueAbstract' xlink:to='loc_MoneyMarketFundsAtCarryingValue' xlink:type='arc' />
<link:presentationArc order='60' xlink:arcrole='http://www.xbrl.org/2003/arcrole/parent-child' xlink:from='loc_CashEquivalentsAtCarryingValueAbstract' xlink:to='loc_MunicipalDebtSecuritiesAtCarryingValue' xlink:type='arc' />
<link:presentationArc order='70' xlink:arcrole='http://www.xbrl.org/2003/arcrole/parent-child' xlink:from='loc_CashEquivalentsAtCarryingValueAbstract' xlink:to='loc_TimeDepositsAtCarryingValue' xlink:type='arc' />
<link:presentationArc order='80' xlink:arcrole='http://www.xbrl.org/2003/arcrole/parent-child' xlink:from='loc_CashEquivalentsAtCarryingValueAbstract' xlink:to='loc_USGovernmentSecuritiesAtCarryingValue' xlink:type='arc' />
<link:presentationArc order='90' xlink:arcrole='http://www.xbrl.org/2003/arcrole/parent-child' xlink:from='loc_CashEquivalentsAtCarryingValueAbstract' xlink:to='loc_USGovernmentAgenciesSecuritiesAtCarryingValue' xlink:type='arc' />
<link:presentationArc order='100' xlink:arcrole='http://www.xbrl.org/2003/arcrole/parent-child' xlink:from='loc_CashEquivalentsAtCarryingValueAbstract' xlink:to='loc_OtherCashEquivalentsAtCarryingValue' xlink:type='arc' />
<link:presentationArc order='110' preferredLabel='http://www.xbrl.org/2003/role/totalLabel' xlink:arcrole='http://www.xbrl.org/2003/arcrole/parent-child' xlink:from='loc_CashEquivalentsAtCarryingValueAbstract' xlink:to='loc_CashEquivalentsAtCarryingValue' xlink:type='arc' />
<link:presentationArc order='10' use='optional' xlink:arcrole='http://www.xbrl.org/2003/arcrole/parent-child' xlink:from='loc_CashMember' xlink:to='loc_DemandDepositsMember' xlink:type='arc' />
<link:presentationArc order='10' xlink:arcrole='http://www.xbrl.org/2003/arcrole/parent-child' xlink:from='loc_CashAndCashEquivalentsAbstract' xlink:to='loc_CashAndCashEquivalentsDisclosureTextBlock' xlink:type='arc' />
<link:presentationArc order='10' xlink:arcrole='http://www.xbrl.org/2003/arcrole/parent-child' xlink:from='loc_CashAndCashEquivalentsDisclosureTextBlock' xlink:to='loc_ScheduleOfCashAndCashEquivalentsTableTextBlock' xlink:type='arc' />
<link:presentationArc order='10' xlink:arcrole='http://www.xbrl.org/2003/arcrole/parent-child' xlink:from='loc_ScheduleOfCashAndCashEquivalentsTableTextBlock' xlink:to='loc_ScheduleOfCashAndCashEquivalentsTable' xlink:type='arc' />
<link:presentationArc order='20' xlink:arcrole='http://www.xbrl.org/2003/arcrole/parent-child' xlink:from='loc_CashAndCashEquivalentsDisclosureTextBlock' xlink:to='loc_AdditionalCashAndCashEquivalentRelatedText' xlink:type='arc' />
<link:presentationArc order='30' use='optional' xlink:arcrole='http://www.xbrl.org/2003/arcrole/parent-child' xlink:from='loc_CashAndCashEquivalentsDisclosureTextBlock' xlink:to='loc_ScheduleOfRestrictedCashAndCashEquivalentsTextBlock' xlink:type='arc' />
<link:presentationArc order='10' use='optional' xlink:arcrole='http://www.xbrl.org/2003/arcrole/parent-child' xlink:from='loc_ScheduleOfRestrictedCashAndCashEquivalentsTextBlock' xlink:to='loc_ScheduleOfRestrictedCashAndCashEquivalentsTable' xlink:type='arc' />
<link:presentationArc order='40' xlink:arcrole='http://www.xbrl.org/2003/arcrole/parent-child' xlink:from='loc_CashAndCashEquivalentsDisclosureTextBlock' xlink:to='loc_CashCashEquivalentsRestrictedCashAndRestrictedCashEquivalentsAbstract' xlink:type='arc' />
<link:presentationArc order='50' use='optional' xlink:arcrole='http://www.xbrl.org/2003/arcrole/parent-child' xlink:from='loc_CashAndCashEquivalentsDisclosureTextBlock' xlink:to='loc_ScheduleOfCompensatingBalancesTextBlock' xlink:type='arc' />
<link:presentationArc order='10' use='optional' xlink:arcrole='http://www.xbrl.org/2003/arcrole/parent-child' xlink:from='loc_ScheduleOfCompensatingBalancesTextBlock' xlink:to='loc_ScheduleOfCompensatingBalancesTable' xlink:type='arc' />
<link:presentationArc order='60' xlink:arcrole='http://www.xbrl.org/2003/arcrole/parent-child' xlink:from='loc_CashAndCashEquivalentsDisclosureTextBlock' xlink:to='loc_CashInsuredAndUninsuredAbstract' xlink:type='arc' />
<link:presentationArc order='20' xlink:arcrole='http://www.xbrl.org/2003/arcrole/parent-child' xlink:from='loc_CashAndCashEquivalentsAbstract' xlink:to='loc_DisclosureTextBlockSupplementAbstract' xlink:type='arc' />
<link:presentationArc order='30' xlink:arcrole='http://www.xbrl.org/2003/arcrole/parent-child' xlink:from='loc_CashAndCashEquivalentsAbstract' xlink:to='loc_TableTextBlockSupplementAbstract' xlink:type='arc' />
<link:presentationArc order='10' xlink:arcrole='http://www.xbrl.org/2003/arcrole/parent-child' xlink:from='loc_CashAndCashEquivalentsAxis' xlink:to='loc_RestrictedCashAndCashEquivalentsCashAndCashEquivalentsMember' xlink:type='arc' />
<link:presentationArc order='10' xlink:arcrole='http://www.xbrl.org/2003/arcrole/parent-child' xlink:from='loc_CashAndCashEquivalentsLineItems' xlink:to='loc_CashAndCashEquivalentsAtCarryingValueAbstract' xlink:type='arc' />
<link:presentationArc order='10' xlink:arcrole='http://www.xbrl.org/2003/arcrole/parent-child' xlink:from='loc_RestrictedCashAndCashEquivalentsCashAndCashEquivalentsMember' xlink:to='loc_CashMember' xlink:type='arc' />
<link:presentationArc order='20' xlink:arcrole='http://www.xbrl.org/2003/arcrole/parent-child' xlink:from='loc_RestrictedCashAndCashEquivalentsCashAndCashEquivalentsMember' xlink:to='loc_CashEquivalentsMember' xlink:type='arc' />
<link:presentationArc order='10' xlink:arcrole='http://www.xbrl.org/2003/arcrole/parent-child' xlink:from='loc_CashAndCashEquivalentsAtCarryingValueAbstract' xlink:to='loc_CashAndDueFromBanksAbstract' xlink:type='arc' />
<link:presentationArc order='20' xlink:arcrole='http://www.xbrl.org/2003/arcrole/parent-child' xlink:from='loc_CashAndCashEquivalentsAtCarryingValueAbstract' xlink:to='loc_InterestBearingDepositsInBanks' xlink:type='arc' />
<link:presentationArc order='30' xlink:arcrole='http://www.xbrl.org/2003/arcrole/parent-child' xlink:from='loc_CashAndCashEquivalentsAtCarryingValueAbstract' xlink:to='loc_CashEquivalentsAtCarryingValueAbstract' xlink:type='arc' />
<link:presentationArc order='40' preferredLabel='http://www.xbrl.org/2003/role/totalLabel' xlink:arcrole='http://www.xbrl.org/2003/arcrole/parent-child' xlink:from='loc_CashAndCashEquivalentsAtCarryingValueAbstract' xlink:to='loc_CashAndCashEquivalentsAtCarryingValue' xlink:type='arc' />
<link:presentationArc order='10' xlink:arcrole='http://www.xbrl.org/2003/arcrole/parent-child' xlink:from='loc_CashAndDueFromBanksAbstract' xlink:to='loc_Cash' xlink:type='arc' />
<link:presentationArc order='20' xlink:arcrole='http://www.xbrl.org/2003/arcrole/parent-child' xlink:from='loc_CashAndDueFromBanksAbstract' xlink:to='loc_DueFromBanks' xlink:type='arc' />
<link:presentationArc order='30' preferredLabel='http://www.xbrl.org/2003/role/totalLabel' xlink:arcrole='http://www.xbrl.org/2003/arcrole/parent-child' xlink:from='loc_CashAndDueFromBanksAbstract' xlink:to='loc_CashAndDueFromBanks' xlink:type='arc' />
<link:presentationArc order='10' xlink:arcrole='http://www.xbrl.org/2003/arcrole/parent-child' xlink:from='loc_CashCashEquivalentsRestrictedCashAndRestrictedCashEquivalentsAbstract' xlink:to='loc_CashAndCashEquivalentsAtCarryingValue' xlink:type='arc' />
<link:presentationArc order='20' xlink:arcrole='http://www.xbrl.org/2003/arcrole/parent-child' xlink:from='loc_CashCashEquivalentsRestrictedCashAndRestrictedCashEquivalentsAbstract' xlink:to='loc_RestrictedCashAndCashEquivalentsAbstract' xlink:type='arc' />
<link:presentationArc order='30' preferredLabel='http://www.xbrl.org/2003/role/totalLabel' xlink:arcrole='http://www.xbrl.org/2003/arcrole/parent-child' xlink:from='loc_CashCashEquivalentsRestrictedCashAndRestrictedCashEquivalentsAbstract' xlink:to='loc_CashCashEquivalentsRestrictedCashAndRestrictedCashEquivalents' xlink:type='arc' />
<link:presentationArc order='10' xlink:arcrole='http://www.xbrl.org/2003/arcrole/parent-child' xlink:from='loc_CashInsuredAndUninsuredAbstract' xlink:to='loc_CashFDICInsuredAmount' xlink:type='arc' />
<link:presentationArc order='20' xlink:arcrole='http://www.xbrl.org/2003/arcrole/parent-child' xlink:from='loc_CashInsuredAndUninsuredAbstract' xlink:to='loc_CashUninsuredAmount' xlink:type='arc' />
<link:presentationArc order='10' use='optional' xlink:arcrole='http://www.xbrl.org/2003/arcrole/parent-child' xlink:from='loc_CompensatingBalancesLineItems' xlink:to='loc_CompensatingBalanceDescription' xlink:type='arc' />
<link:presentationArc order='20' use='optional' xlink:arcrole='http://www.xbrl.org/2003/arcrole/parent-child' xlink:from='loc_CompensatingBalancesLineItems' xlink:to='loc_CompensatingBalanceAmount' xlink:type='arc' />
<link:presentationArc order='30' use='optional' xlink:arcrole='http://www.xbrl.org/2003/arcrole/parent-child' xlink:from='loc_CompensatingBalancesLineItems' xlink:to='loc_CompensatingBalancePurpose' xlink:type='arc' />
<link:presentationArc order='40' use='optional' xlink:arcrole='http://www.xbrl.org/2003/arcrole/parent-child' xlink:from='loc_CompensatingBalancesLineItems' xlink:to='loc_CompensatingBalanceAgreement' xlink:type='arc' />
<link:presentationArc order='10' xlink:arcrole='http://www.xbrl.org/2003/arcrole/parent-child' xlink:from='loc_DisclosureTextBlockSupplementAbstract' xlink:to='loc_CashCashEquivalentsAndMarketableSecuritiesTextBlock' xlink:type='arc' />
<link:presentationArc order='20' xlink:arcrole='http://www.xbrl.org/2003/arcrole/parent-child' xlink:from='loc_DisclosureTextBlockSupplementAbstract' xlink:to='loc_CashCashEquivalentsAndShortTermInvestmentsTextBlock' xlink:type='arc' />
<link:presentationArc order='30' xlink:arcrole='http://www.xbrl.org/2003/arcrole/parent-child' xlink:from='loc_DisclosureTextBlockSupplementAbstract' xlink:to='loc_InvestmentsInDebtAndEquityInstrumentsCashAndCashEquivalentsUnrealizedAndRealizedGainsLossesTextBlock' xlink:type='arc' />
<link:presentationArc order='10' xlink:arcrole='http://www.xbrl.org/2003/arcrole/parent-child' xlink:from='loc_RestrictedCashEquivalentsAbstract' xlink:to='loc_RestrictedCashEquivalentsCurrent' xlink:type='arc' />
<link:presentationArc order='10' xlink:arcrole='http://www.xbrl.org/2003/arcrole/parent-child' xlink:from='loc_RestrictedCashEquivalentsCurrent' xlink:to='loc_RestrictedCashEquivalentsCurrentAssetStatementOfFinancialPositionExtensibleList' xlink:type='arc' />
<link:presentationArc order='20' xlink:arcrole='http://www.xbrl.org/2003/arcrole/parent-child' xlink:from='loc_RestrictedCashEquivalentsCurrent' xlink:to='loc_RestrictedCashEquivalentsCurrentNatureOfRestrictionDescription' xlink:type='arc' />
<link:presentationArc order='20' xlink:arcrole='http://www.xbrl.org/2003/arcrole/parent-child' xlink:from='loc_RestrictedCashEquivalentsAbstract' xlink:to='loc_RestrictedCashEquivalentsNoncurrent' xlink:type='arc' />
<link:presentationArc order='10' xlink:arcrole='http://www.xbrl.org/2003/arcrole/parent-child' xlink:from='loc_RestrictedCashEquivalentsNoncurrent' xlink:to='loc_RestrictedCashEquivalentsNoncurrentAssetStatementOfFinancialPositionExtensibleList' xlink:type='arc' />
<link:presentationArc order='20' xlink:arcrole='http://www.xbrl.org/2003/arcrole/parent-child' xlink:from='loc_RestrictedCashEquivalentsNoncurrent' xlink:to='loc_RestrictedCashEquivalentsNoncurrentNatureOfRestrictionDescription' xlink:type='arc' />
<link:presentationArc order='30' preferredLabel='http://www.xbrl.org/2003/role/totalLabel' xlink:arcrole='http://www.xbrl.org/2003/arcrole/parent-child' xlink:from='loc_RestrictedCashEquivalentsAbstract' xlink:to='loc_RestrictedCashEquivalents' xlink:type='arc' />
<link:presentationArc order='10' xlink:arcrole='http://www.xbrl.org/2003/arcrole/parent-child' xlink:from='loc_RestrictedCashEquivalents' xlink:to='loc_RestrictedCashEquivalentsAssetStatementOfFinancialPositionExtensibleList' xlink:type='arc' />
<link:presentationArc order='20' xlink:arcrole='http://www.xbrl.org/2003/arcrole/parent-child' xlink:from='loc_RestrictedCashEquivalents' xlink:to='loc_RestrictedCashEquivalentsNatureOfRestrictionDescription' xlink:type='arc' />
<link:presentationArc order='10' xlink:arcrole='http://www.xbrl.org/2003/arcrole/parent-child' xlink:from='loc_RestrictedCashAbstract' xlink:to='loc_RestrictedCashCurrent' xlink:type='arc' />
<link:presentationArc order='10' xlink:arcrole='http://www.xbrl.org/2003/arcrole/parent-child' xlink:from='loc_RestrictedCashCurrent' xlink:to='loc_RestrictedCashCurrentAssetStatementOfFinancialPositionExtensibleList' xlink:type='arc' />
<link:presentationArc order='20' xlink:arcrole='http://www.xbrl.org/2003/arcrole/parent-child' xlink:from='loc_RestrictedCashCurrent' xlink:to='loc_RestrictedCashCurrentNatureOfRestrictionDescription' xlink:type='arc' />
<link:presentationArc order='20' xlink:arcrole='http://www.xbrl.org/2003/arcrole/parent-child' xlink:from='loc_RestrictedCashAbstract' xlink:to='loc_RestrictedCashNoncurrent' xlink:type='arc' />
<link:presentationArc order='10' xlink:arcrole='http://www.xbrl.org/2003/arcrole/parent-child' xlink:from='loc_RestrictedCashNoncurrent' xlink:to='loc_RestrictedCashNoncurrentAssetStatementOfFinancialPositionExtensibleList' xlink:type='arc' />
<link:presentationArc order='20' xlink:arcrole='http://www.xbrl.org/2003/arcrole/parent-child' xlink:from='loc_RestrictedCashNoncurrent' xlink:to='loc_RestrictedCashNoncurrentNatureOfRestrictionDescription' xlink:type='arc' />
<link:presentationArc order='30' preferredLabel='http://www.xbrl.org/2003/role/totalLabel' xlink:arcrole='http://www.xbrl.org/2003/arcrole/parent-child' xlink:from='loc_RestrictedCashAbstract' xlink:to='loc_RestrictedCash' xlink:type='arc' />
<link:presentationArc order='10' xlink:arcrole='http://www.xbrl.org/2003/arcrole/parent-child' xlink:from='loc_RestrictedCash' xlink:to='loc_RestrictedCashAssetStatementOfFinancialPositionExtensibleList' xlink:type='arc' />
<link:presentationArc order='20' xlink:arcrole='http://www.xbrl.org/2003/arcrole/parent-child' xlink:from='loc_RestrictedCash' xlink:to='loc_RestrictedCashNatureOfRestrictionDescription' xlink:type='arc' />
<link:presentationArc order='10' xlink:arcrole='http://www.xbrl.org/2003/arcrole/parent-child' xlink:from='loc_RestrictedCashAndCashEquivalentsItemsLineItems' xlink:to='loc_RestrictedCashAbstract' xlink:type='arc' />
<link:presentationArc order='20' xlink:arcrole='http://www.xbrl.org/2003/arcrole/parent-child' xlink:from='loc_RestrictedCashAndCashEquivalentsItemsLineItems' xlink:to='loc_RestrictedCashEquivalentsAbstract' xlink:type='arc' />
<link:presentationArc order='30' xlink:arcrole='http://www.xbrl.org/2003/arcrole/parent-child' xlink:from='loc_RestrictedCashAndCashEquivalentsItemsLineItems' xlink:to='loc_RestrictedCashAndCashEquivalentsAbstract' xlink:type='arc' />
<link:presentationArc order='40' xlink:arcrole='http://www.xbrl.org/2003/arcrole/parent-child' xlink:from='loc_RestrictedCashAndCashEquivalentsItemsLineItems' xlink:to='loc_RestrictedCashAndCashEquivalentItemAgreement' xlink:type='arc' />
<link:presentationArc order='10' xlink:arcrole='http://www.xbrl.org/2003/arcrole/parent-child' xlink:from='loc_RestrictedCashAndCashEquivalentsAbstract' xlink:to='loc_RestrictedCashAndCashEquivalentsAtCarryingValue' xlink:type='arc' />
<link:presentationArc order='10' xlink:arcrole='http://www.xbrl.org/2003/arcrole/parent-child' xlink:from='loc_RestrictedCashAndCashEquivalentsAtCarryingValue' xlink:to='loc_RestrictedCashAndCashEquivalentsCurrentAssetStatementOfFinancialPositionExtensibleList' xlink:type='arc' />
<link:presentationArc order='20' xlink:arcrole='http://www.xbrl.org/2003/arcrole/parent-child' xlink:from='loc_RestrictedCashAndCashEquivalentsAtCarryingValue' xlink:to='loc_RestrictedCashAndCashEquivalentsCurrentNatureOfRestrictionDescription' xlink:type='arc' />
<link:presentationArc order='20' xlink:arcrole='http://www.xbrl.org/2003/arcrole/parent-child' xlink:from='loc_RestrictedCashAndCashEquivalentsAbstract' xlink:to='loc_RestrictedCashAndCashEquivalentsNoncurrent' xlink:type='arc' />
<link:presentationArc order='10' xlink:arcrole='http://www.xbrl.org/2003/arcrole/parent-child' xlink:from='loc_RestrictedCashAndCashEquivalentsNoncurrent' xlink:to='loc_RestrictedCashAndCashEquivalentsNoncurrentAssetStatementOfFinancialPositionExtensibleList' xlink:type='arc' />
<link:presentationArc order='20' xlink:arcrole='http://www.xbrl.org/2003/arcrole/parent-child' xlink:from='loc_RestrictedCashAndCashEquivalentsNoncurrent' xlink:to='loc_RestrictedCashAndCashEquivalentsNoncurrentNatureOfRestrictionDescription' xlink:type='arc' />
<link:presentationArc order='30' preferredLabel='http://www.xbrl.org/2003/role/totalLabel' xlink:arcrole='http://www.xbrl.org/2003/arcrole/parent-child' xlink:from='loc_RestrictedCashAndCashEquivalentsAbstract' xlink:to='loc_RestrictedCashAndCashEquivalents' xlink:type='arc' />
<link:presentationArc order='10' xlink:arcrole='http://www.xbrl.org/2003/arcrole/parent-child' xlink:from='loc_RestrictedCashAndCashEquivalents' xlink:to='loc_RestrictedCashAndCashEquivalentsAssetStatementOfFinancialPositionExtensibleList' xlink:type='arc' />
<link:presentationArc order='20' xlink:arcrole='http://www.xbrl.org/2003/arcrole/parent-child' xlink:from='loc_RestrictedCashAndCashEquivalents' xlink:to='loc_RestrictedCashAndCashEquivalentItemDescription' xlink:type='arc' />
<link:presentationArc order='10' xlink:arcrole='http://www.xbrl.org/2003/arcrole/parent-child' xlink:from='loc_RestrictedCashAndCashEquivalentsCashAndCashEquivalentsAxis' xlink:to='loc_RestrictedCashAndCashEquivalentsCashAndCashEquivalentsMember' xlink:type='arc' />
<link:presentationArc order='10' xlink:arcrole='http://www.xbrl.org/2003/arcrole/parent-child' xlink:from='loc_ScheduleOfCashAndCashEquivalentsTable' xlink:to='loc_CashAndCashEquivalentsAxis' xlink:type='arc' />
<link:presentationArc order='20' xlink:arcrole='http://www.xbrl.org/2003/arcrole/parent-child' xlink:from='loc_ScheduleOfCashAndCashEquivalentsTable' xlink:to='loc_CashAndCashEquivalentsLineItems' xlink:type='arc' />
<link:presentationArc order='10' xlink:arcrole='http://www.xbrl.org/2003/arcrole/parent-child' xlink:from='loc_ScheduleOfCompensatingBalancesTable' xlink:to='loc_CashAndCashEquivalentsAxis' xlink:type='arc' />
<link:presentationArc order='20' use='optional' xlink:arcrole='http://www.xbrl.org/2003/arcrole/parent-child' xlink:from='loc_ScheduleOfCompensatingBalancesTable' xlink:to='loc_CompensatingBalancesLineItems' xlink:type='arc' />
<link:presentationArc order='10' use='optional' xlink:arcrole='http://www.xbrl.org/2003/arcrole/parent-child' xlink:from='loc_ScheduleOfRestrictedCashAndCashEquivalentsTable' xlink:to='loc_RestrictedCashAndCashEquivalentsCashAndCashEquivalentsAxis' xlink:type='arc' />
<link:presentationArc order='20' use='optional' xlink:arcrole='http://www.xbrl.org/2003/arcrole/parent-child' xlink:from='loc_ScheduleOfRestrictedCashAndCashEquivalentsTable' xlink:to='loc_RestrictedCashAndCashEquivalentsItemsLineItems' xlink:type='arc' />
<link:presentationArc order='10' xlink:arcrole='http://www.xbrl.org/2003/arcrole/parent-child' xlink:from='loc_TableTextBlockSupplementAbstract' xlink:to='loc_ScheduleOfCashCashEquivalentsAndShortTermInvestmentsTableTextBlock' xlink:type='arc' />
</link:presentationLink>
</link:linkbase>
