<?xml version="1.0" encoding="UTF-8" standalone="no"?>

<!--
Copyright (C) 2007, 2008 XBRL US, Inc. All Rights Reserved.
Authorized Uses are Set Forth at http://xbrl.us/legal
  -->
<link:linkbase xmlns:link='http://www.xbrl.org/2003/linkbase' xmlns:xbrldt='http://xbrl.org/2005/xbrldt' xmlns:xlink='http://www.w3.org/1999/xlink' xmlns:xsi='http://www.w3.org/2001/XMLSchema-instance' xsi:schemaLocation='http://www.xbrl.org/2003/linkbase http://www.xbrl.org/2003/xbrl-linkbase-2003-12-31.xsd'>
<link:roleRef roleURI='http://xbrl.us/us-gaap/role/statement/StatementOfShareholdersEquityAndOtherComprehensiveIncome' xlink:href='../elts/us-roles-2008-03-31.xsd#sheci' xlink:type='simple' />
<link:arcroleRef arcroleURI='http://xbrl.org/int/dim/arcrole/all' xlink:href='http://www.xbrl.org/2005/xbrldt-2005.xsd#all' xlink:type='simple' />
<link:arcroleRef arcroleURI='http://xbrl.org/int/dim/arcrole/hypercube-dimension' xlink:href='http://www.xbrl.org/2005/xbrldt-2005.xsd#hypercube-dimension' xlink:type='simple' />
<link:arcroleRef arcroleURI='http://xbrl.org/int/dim/arcrole/dimension-domain' xlink:href='http://www.xbrl.org/2005/xbrldt-2005.xsd#dimension-domain' xlink:type='simple' />
<link:arcroleRef arcroleURI='http://xbrl.org/int/dim/arcrole/dimension-default' xlink:href='http://www.xbrl.org/2005/xbrldt-2005.xsd#dimension-default' xlink:type='simple' />
<link:arcroleRef arcroleURI='http://xbrl.org/int/dim/arcrole/domain-member' xlink:href='http://www.xbrl.org/2005/xbrldt-2005.xsd#domain-member' xlink:type='simple' />
<link:definitionLink xlink:role='http://xbrl.us/us-gaap/role/statement/StatementOfShareholdersEquityAndOtherComprehensiveIncome' xlink:type='extended'>
<link:loc xlink:href='../elts/us-gaap-2008-03-31.xsd#us-gaap_StatementTable' xlink:label='loc_StatementTable' xlink:type='locator' />
<link:loc xlink:href='../elts/us-gaap-2008-03-31.xsd#us-gaap_StatementLineItems' xlink:label='loc_StatementLineItems' xlink:type='locator' />
<link:definitionArc order='1.0' xbrldt:contextElement='segment' xlink:arcrole='http://xbrl.org/int/dim/arcrole/all' xlink:from='loc_StatementLineItems' xlink:to='loc_StatementTable' xlink:type='arc' />
</link:definitionLink>
<link:definitionLink xlink:role='http://xbrl.us/us-gaap/role/statement/StatementOfShareholdersEquityAndOtherComprehensiveIncome' xlink:type='extended'>
<link:loc xlink:href='../elts/us-gaap-2008-03-31.xsd#us-gaap_StatementTable' xlink:label='loc_StatementTable' xlink:type='locator' />
<link:loc xlink:href='../elts/us-gaap-2008-03-31.xsd#us-gaap_StatementScenarioAxis' xlink:label='loc_StatementScenarioAxis' xlink:type='locator' />
<link:loc xlink:href='../elts/us-gaap-2008-03-31.xsd#us-gaap_StatementEquityComponentsAxis' xlink:label='loc_StatementEquityComponentsAxis' xlink:type='locator' />
<link:loc xlink:href='../elts/us-gaap-2008-03-31.xsd#us-gaap_StatementClassOfStockAxis' xlink:label='loc_StatementClassOfStockAxis' xlink:type='locator' />
<link:definitionArc order='1.0' xlink:arcrole='http://xbrl.org/int/dim/arcrole/hypercube-dimension' xlink:from='loc_StatementTable' xlink:to='loc_StatementScenarioAxis' xlink:type='arc' />
<link:definitionArc order='2.0' xlink:arcrole='http://xbrl.org/int/dim/arcrole/hypercube-dimension' xlink:from='loc_StatementTable' xlink:to='loc_StatementEquityComponentsAxis' xlink:type='arc' />
<link:definitionArc order='3.0' xlink:arcrole='http://xbrl.org/int/dim/arcrole/hypercube-dimension' xlink:from='loc_StatementTable' xlink:to='loc_StatementClassOfStockAxis' xlink:type='arc' />
</link:definitionLink>
<link:definitionLink xlink:role='http://xbrl.us/us-gaap/role/statement/StatementOfShareholdersEquityAndOtherComprehensiveIncome' xlink:type='extended'>
<link:loc xlink:href='../elts/us-gaap-2008-03-31.xsd#us-gaap_StatementScenarioAxis' xlink:label='loc_StatementScenarioAxis' xlink:type='locator' />
<link:loc xlink:href='../elts/us-gaap-2008-03-31.xsd#us-gaap_ScenarioUnspecifiedDomain' xlink:label='loc_ScenarioUnspecifiedDomain' xlink:type='locator' />
<link:loc xlink:href='../elts/us-gaap-2008-03-31.xsd#us-gaap_StatementEquityComponentsAxis' xlink:label='loc_StatementEquityComponentsAxis' xlink:type='locator' />
<link:loc xlink:href='../elts/us-gaap-2008-03-31.xsd#us-gaap_EquityComponentDomain' xlink:label='loc_EquityComponentDomain' xlink:type='locator' />
<link:loc xlink:href='../elts/us-gaap-2008-03-31.xsd#us-gaap_StatementClassOfStockAxis' xlink:label='loc_StatementClassOfStockAxis' xlink:type='locator' />
<link:loc xlink:href='../elts/us-gaap-2008-03-31.xsd#us-gaap_ClassOfStockDomain' xlink:label='loc_ClassOfStockDomain' xlink:type='locator' />
<link:definitionArc order='1.0' xlink:arcrole='http://xbrl.org/int/dim/arcrole/dimension-domain' xlink:from='loc_StatementScenarioAxis' xlink:to='loc_ScenarioUnspecifiedDomain' xlink:type='arc' />
<link:definitionArc order='2.0' xlink:arcrole='http://xbrl.org/int/dim/arcrole/dimension-domain' xlink:from='loc_StatementEquityComponentsAxis' xlink:to='loc_EquityComponentDomain' xlink:type='arc' />
<link:definitionArc order='3.0' xlink:arcrole='http://xbrl.org/int/dim/arcrole/dimension-domain' xlink:from='loc_StatementClassOfStockAxis' xlink:to='loc_ClassOfStockDomain' xlink:type='arc' />
</link:definitionLink>
<link:definitionLink xlink:role='http://xbrl.us/us-gaap/role/statement/StatementOfShareholdersEquityAndOtherComprehensiveIncome' xlink:type='extended'>
<link:loc xlink:href='../elts/us-gaap-2008-03-31.xsd#us-gaap_StatementScenarioAxis' xlink:label='loc_StatementScenarioAxis' xlink:type='locator' />
<link:loc xlink:href='../elts/us-gaap-2008-03-31.xsd#us-gaap_ScenarioUnspecifiedDomain' xlink:label='loc_ScenarioUnspecifiedDomain' xlink:type='locator' />
<link:loc xlink:href='../elts/us-gaap-2008-03-31.xsd#us-gaap_StatementEquityComponentsAxis' xlink:label='loc_StatementEquityComponentsAxis' xlink:type='locator' />
<link:loc xlink:href='../elts/us-gaap-2008-03-31.xsd#us-gaap_EquityComponentDomain' xlink:label='loc_EquityComponentDomain' xlink:type='locator' />
<link:loc xlink:href='../elts/us-gaap-2008-03-31.xsd#us-gaap_StatementClassOfStockAxis' xlink:label='loc_StatementClassOfStockAxis' xlink:type='locator' />
<link:loc xlink:href='../elts/us-gaap-2008-03-31.xsd#us-gaap_ClassOfStockDomain' xlink:label='loc_ClassOfStockDomain' xlink:type='locator' />
<link:definitionArc order='1.0' xlink:arcrole='http://xbrl.org/int/dim/arcrole/dimension-default' xlink:from='loc_StatementScenarioAxis' xlink:to='loc_ScenarioUnspecifiedDomain' xlink:type='arc' />
<link:definitionArc order='2.0' xlink:arcrole='http://xbrl.org/int/dim/arcrole/dimension-default' xlink:from='loc_StatementEquityComponentsAxis' xlink:to='loc_EquityComponentDomain' xlink:type='arc' />
<link:definitionArc order='3.0' xlink:arcrole='http://xbrl.org/int/dim/arcrole/dimension-default' xlink:from='loc_StatementClassOfStockAxis' xlink:to='loc_ClassOfStockDomain' xlink:type='arc' />
</link:definitionLink>
<link:definitionLink xlink:role='http://xbrl.us/us-gaap/role/statement/StatementOfShareholdersEquityAndOtherComprehensiveIncome' xlink:type='extended'>
<link:loc xlink:href='../elts/us-gaap-2008-03-31.xsd#us-gaap_StatementLineItems' xlink:label='loc_StatementLineItems' xlink:type='locator' />
<link:loc xlink:href='../elts/us-gaap-2008-03-31.xsd#us-gaap_IncreaseDecreaseInStockholdersEquityRollForward' xlink:label='loc_IncreaseDecreaseInStockholdersEquityRollForward' xlink:type='locator' />
<link:loc xlink:href='../elts/us-gaap-2008-03-31.xsd#us-gaap_StockholdersEquity' xlink:label='loc_StockholdersEquity' xlink:type='locator' />
<link:loc xlink:href='../elts/us-gaap-2008-03-31.xsd#us-gaap_SharesIssued' xlink:label='loc_SharesIssued' xlink:type='locator' />
<link:loc xlink:href='../elts/us-gaap-2008-03-31.xsd#us-gaap_StockIssuedDuringPeriodValueNewIssues' xlink:label='loc_StockIssuedDuringPeriodValueNewIssues' xlink:type='locator' />
<link:loc xlink:href='../elts/us-gaap-2008-03-31.xsd#us-gaap_StockIssuedDuringPeriodValueShareBasedCompensation' xlink:label='loc_StockIssuedDuringPeriodValueShareBasedCompensation' xlink:type='locator' />
<link:loc xlink:href='../elts/us-gaap-2008-03-31.xsd#us-gaap_StockIssuedDuringPeriodValueEmployeeStockPurchasePlan' xlink:label='loc_StockIssuedDuringPeriodValueEmployeeStockPurchasePlan' xlink:type='locator' />
<link:loc xlink:href='../elts/us-gaap-2008-03-31.xsd#us-gaap_StockIssuedDuringPeriodValueEmployeeStockOwnershipPlan' xlink:label='loc_StockIssuedDuringPeriodValueEmployeeStockOwnershipPlan' xlink:type='locator' />
<link:loc xlink:href='../elts/us-gaap-2008-03-31.xsd#us-gaap_StockIssuedDuringPeriodValueSharesHeldInTrustOfEmployeeStockOwnershipPlan' xlink:label='loc_StockIssuedDuringPeriodValueSharesHeldInTrustOfEmployeeStockOwnershipPlan' xlink:type='locator' />
<link:loc xlink:href='../elts/us-gaap-2008-03-31.xsd#us-gaap_StockIssuedDuringPeriodValueRestrictedStockAwardNetOfForfeituresAbstract' xlink:label='loc_StockIssuedDuringPeriodValueRestrictedStockAwardNetOfForfeituresAbstract' xlink:type='locator' />
<link:loc xlink:href='../elts/us-gaap-2008-03-31.xsd#us-gaap_StockIssuedDuringPeriodValueAcquisitions' xlink:label='loc_StockIssuedDuringPeriodValueAcquisitions' xlink:type='locator' />
<link:loc xlink:href='../elts/us-gaap-2008-03-31.xsd#us-gaap_StockIssuedDuringPeriodValueStockOptionsExercised' xlink:label='loc_StockIssuedDuringPeriodValueStockOptionsExercised' xlink:type='locator' />
<link:loc xlink:href='../elts/us-gaap-2008-03-31.xsd#us-gaap_StockIssuedDuringPeriodValueConversionOfConvertibleSecurities' xlink:label='loc_StockIssuedDuringPeriodValueConversionOfConvertibleSecurities' xlink:type='locator' />
<link:loc xlink:href='../elts/us-gaap-2008-03-31.xsd#us-gaap_StockIssuedDuringPeriodValueConversionOfUnits' xlink:label='loc_StockIssuedDuringPeriodValueConversionOfUnits' xlink:type='locator' />
<link:loc xlink:href='../elts/us-gaap-2008-03-31.xsd#us-gaap_StockIssuedDuringPeriodValueStockDividend' xlink:label='loc_StockIssuedDuringPeriodValueStockDividend' xlink:type='locator' />
<link:loc xlink:href='../elts/us-gaap-2008-03-31.xsd#us-gaap_StockIssuedDuringPeriodValueDividendReinvestmentPlan' xlink:label='loc_StockIssuedDuringPeriodValueDividendReinvestmentPlan' xlink:type='locator' />
<link:loc xlink:href='../elts/us-gaap-2008-03-31.xsd#us-gaap_StockIssuedDuringPeriodValueTreasuryStockReissued' xlink:label='loc_StockIssuedDuringPeriodValueTreasuryStockReissued' xlink:type='locator' />
<link:loc xlink:href='../elts/us-gaap-2008-03-31.xsd#us-gaap_StockRepurchasedAndRetiredDuringPeriodValue' xlink:label='loc_StockRepurchasedAndRetiredDuringPeriodValue' xlink:type='locator' />
<link:loc xlink:href='../elts/us-gaap-2008-03-31.xsd#us-gaap_StockRepurchasedDuringPeriodValue' xlink:label='loc_StockRepurchasedDuringPeriodValue' xlink:type='locator' />
<link:loc xlink:href='../elts/us-gaap-2008-03-31.xsd#us-gaap_StockRedeemedOrCalledDuringPeriodValue' xlink:label='loc_StockRedeemedOrCalledDuringPeriodValue' xlink:type='locator' />
<link:loc xlink:href='../elts/us-gaap-2008-03-31.xsd#us-gaap_StockConvertedFromOneClassToAnotherClassValue' xlink:label='loc_StockConvertedFromOneClassToAnotherClassValue' xlink:type='locator' />
<link:loc xlink:href='../elts/us-gaap-2008-03-31.xsd#us-gaap_StockTransactionsParentheticalDisclosuresAbstract' xlink:label='loc_StockTransactionsParentheticalDisclosuresAbstract' xlink:type='locator' />
<link:loc xlink:href='../elts/us-gaap-2008-03-31.xsd#us-gaap_TreasuryStockValueAcquiredParValueMethod' xlink:label='loc_TreasuryStockValueAcquiredParValueMethod' xlink:type='locator' />
<link:loc xlink:href='../elts/us-gaap-2008-03-31.xsd#us-gaap_TreasuryStockValueAcquiredCostMethod' xlink:label='loc_TreasuryStockValueAcquiredCostMethod' xlink:type='locator' />
<link:loc xlink:href='../elts/us-gaap-2008-03-31.xsd#us-gaap_TreasuryStockValueRetiredParValueMethod' xlink:label='loc_TreasuryStockValueRetiredParValueMethod' xlink:type='locator' />
<link:loc xlink:href='../elts/us-gaap-2008-03-31.xsd#us-gaap_TreasuryStockValueRetiredCostMethod' xlink:label='loc_TreasuryStockValueRetiredCostMethod' xlink:type='locator' />
<link:loc xlink:href='../elts/us-gaap-2008-03-31.xsd#us-gaap_AdjustmentsToAdditionalPaidInCapitalAbstract' xlink:label='loc_AdjustmentsToAdditionalPaidInCapitalAbstract' xlink:type='locator' />
<link:loc xlink:href='../elts/us-gaap-2008-03-31.xsd#us-gaap_ApplicationOfRecognitionProvisionsOfSFAS158EffectOnAccumulatedOtherComprehensiveIncomeNetOfTax' xlink:label='loc_ApplicationOfRecognitionProvisionsOfSFAS158EffectOnAccumulatedOtherComprehensiveIncomeNetOfTax' xlink:type='locator' />
<link:loc xlink:href='../elts/us-gaap-2008-03-31.xsd#us-gaap_EffectOnOtherComprehensiveIncomeLossDueToChangeInMeasurementDateNetOfTax' xlink:label='loc_EffectOnOtherComprehensiveIncomeLossDueToChangeInMeasurementDateNetOfTax' xlink:type='locator' />
<link:loc xlink:href='../elts/us-gaap-2008-03-31.xsd#us-gaap_OtherComprehensiveIncomeLossNetOfTaxPeriodIncreaseDecreaseAbstract' xlink:label='loc_OtherComprehensiveIncomeLossNetOfTaxPeriodIncreaseDecreaseAbstract' xlink:type='locator' />
<link:loc xlink:href='../elts/us-gaap-2008-03-31.xsd#us-gaap_ComprehensiveIncomeNetOfTax' xlink:label='loc_ComprehensiveIncomeNetOfTax' xlink:type='locator' />
<link:loc xlink:href='../elts/us-gaap-2008-03-31.xsd#us-gaap_CumulativeEffectOfInitialAdoptionOfNewAccountingPrincipleAbstract' xlink:label='loc_CumulativeEffectOfInitialAdoptionOfNewAccountingPrincipleAbstract' xlink:type='locator' />
<link:loc xlink:href='../elts/us-gaap-2008-03-31.xsd#us-gaap_EffectOnRetainedEarningsAccumulatedDeficitDueToChangeInMeasurementDateNetOfTax' xlink:label='loc_EffectOnRetainedEarningsAccumulatedDeficitDueToChangeInMeasurementDateNetOfTax' xlink:type='locator' />
<link:loc xlink:href='../elts/us-gaap-2008-03-31.xsd#us-gaap_ReclassificationsOfTemporaryToPermanentEquity' xlink:label='loc_ReclassificationsOfTemporaryToPermanentEquity' xlink:type='locator' />
<link:loc xlink:href='../elts/us-gaap-2008-03-31.xsd#us-gaap_NetIncomeLossAbstract' xlink:label='loc_NetIncomeLossAbstract' xlink:type='locator' />
<link:loc xlink:href='../elts/us-gaap-2008-03-31.xsd#us-gaap_CashDividends' xlink:label='loc_CashDividends' xlink:type='locator' />
<link:loc xlink:href='../elts/us-gaap-2008-03-31.xsd#us-gaap_Dividends' xlink:label='loc_Dividends' xlink:type='locator' />
<link:loc xlink:href='../elts/us-gaap-2008-03-31.xsd#us-gaap_TreasuryStockReissuedAtLowerThanRepurchasePrice' xlink:label='loc_TreasuryStockReissuedAtLowerThanRepurchasePrice' xlink:type='locator' />
<link:loc xlink:href='../elts/us-gaap-2008-03-31.xsd#us-gaap_RetainedEarningsAccumulatedDeficitCorrectionOfError' xlink:label='loc_RetainedEarningsAccumulatedDeficitCorrectionOfError' xlink:type='locator' />
<link:loc xlink:href='../elts/us-gaap-2008-03-31.xsd#us-gaap_IncreaseInCarryingAmountOfRedeemablePreferredStock' xlink:label='loc_IncreaseInCarryingAmountOfRedeemablePreferredStock' xlink:type='locator' />
<link:loc xlink:href='../elts/us-gaap-2008-03-31.xsd#us-gaap_RetainedEarningsAccumulatedDeficitDividendPerShareDeclaredCommonStockParentheticalDisclosureAbstract' xlink:label='loc_RetainedEarningsAccumulatedDeficitDividendPerShareDeclaredCommonStockParentheticalDisclosureAbstract' xlink:type='locator' />
<link:loc xlink:href='../elts/us-gaap-2008-03-31.xsd#us-gaap_StockholdersEquityPeriodIncreaseDecrease' xlink:label='loc_StockholdersEquityPeriodIncreaseDecrease' xlink:type='locator' />
<link:loc xlink:href='../elts/us-gaap-2008-03-31.xsd#us-gaap_StockIssuedDuringPeriodSharesNewIssues' xlink:label='loc_StockIssuedDuringPeriodSharesNewIssues' xlink:type='locator' />
<link:loc xlink:href='../elts/us-gaap-2008-03-31.xsd#us-gaap_StockIssuedDuringPeriodSharesShareBasedCompensation' xlink:label='loc_StockIssuedDuringPeriodSharesShareBasedCompensation' xlink:type='locator' />
<link:loc xlink:href='../elts/us-gaap-2008-03-31.xsd#us-gaap_StockIssuedDuringPeriodSharesEmployeeStockPurchasePlans' xlink:label='loc_StockIssuedDuringPeriodSharesEmployeeStockPurchasePlans' xlink:type='locator' />
<link:loc xlink:href='../elts/us-gaap-2008-03-31.xsd#us-gaap_StockIssuedDuringPeriodSharesEmployeeStockOwnershipPlan' xlink:label='loc_StockIssuedDuringPeriodSharesEmployeeStockOwnershipPlan' xlink:type='locator' />
<link:loc xlink:href='../elts/us-gaap-2008-03-31.xsd#us-gaap_StockIssuedDuringPeriodSharesSharesHeldInTrustOfEmployeeStockOwnershipPlan' xlink:label='loc_StockIssuedDuringPeriodSharesSharesHeldInTrustOfEmployeeStockOwnershipPlan' xlink:type='locator' />
<link:loc xlink:href='../elts/us-gaap-2008-03-31.xsd#us-gaap_StockIssuedDuringPeriodValueRestrictedStockAwardGross' xlink:label='loc_StockIssuedDuringPeriodValueRestrictedStockAwardGross' xlink:type='locator' />
<link:loc xlink:href='../elts/us-gaap-2008-03-31.xsd#us-gaap_StockIssuedDuringPeriodValueRestrictedStockAwardForfeitures' xlink:label='loc_StockIssuedDuringPeriodValueRestrictedStockAwardForfeitures' xlink:type='locator' />
<link:loc xlink:href='../elts/us-gaap-2008-03-31.xsd#us-gaap_StockIssuedDuringPeriodValueRestrictedStockAwardNetOfForfeitures' xlink:label='loc_StockIssuedDuringPeriodValueRestrictedStockAwardNetOfForfeitures' xlink:type='locator' />
<link:loc xlink:href='../elts/us-gaap-2008-03-31.xsd#us-gaap_StockIssuedDuringPeriodSharesRestrictedStockAwardNetOfForfeituresAbstract' xlink:label='loc_StockIssuedDuringPeriodSharesRestrictedStockAwardNetOfForfeituresAbstract' xlink:type='locator' />
<link:loc xlink:href='../elts/us-gaap-2008-03-31.xsd#us-gaap_StockIssuedDuringPeriodSharesRestrictedStockAwardGross' xlink:label='loc_StockIssuedDuringPeriodSharesRestrictedStockAwardGross' xlink:type='locator' />
<link:loc xlink:href='../elts/us-gaap-2008-03-31.xsd#us-gaap_StockIssuedDuringPeriodSharesRestrictedStockAwardForfeited' xlink:label='loc_StockIssuedDuringPeriodSharesRestrictedStockAwardForfeited' xlink:type='locator' />
<link:loc xlink:href='../elts/us-gaap-2008-03-31.xsd#us-gaap_StockIssuedDuringPeriodSharesRestrictedStockAwardNetOfForfeitures' xlink:label='loc_StockIssuedDuringPeriodSharesRestrictedStockAwardNetOfForfeitures' xlink:type='locator' />
<link:loc xlink:href='../elts/us-gaap-2008-03-31.xsd#us-gaap_StockIssuedDuringPeriodSharesAcquisitions' xlink:label='loc_StockIssuedDuringPeriodSharesAcquisitions' xlink:type='locator' />
<link:loc xlink:href='../elts/us-gaap-2008-03-31.xsd#us-gaap_StockIssuedDuringPeriodSharesStockOptionsExercised' xlink:label='loc_StockIssuedDuringPeriodSharesStockOptionsExercised' xlink:type='locator' />
<link:loc xlink:href='../elts/us-gaap-2008-03-31.xsd#us-gaap_StockIssuedDuringPeriodSharesConversionOfConvertibleSecurities' xlink:label='loc_StockIssuedDuringPeriodSharesConversionOfConvertibleSecurities' xlink:type='locator' />
<link:loc xlink:href='../elts/us-gaap-2008-03-31.xsd#us-gaap_StockIssuedDuringPeriodSharesConversionOfUnits' xlink:label='loc_StockIssuedDuringPeriodSharesConversionOfUnits' xlink:type='locator' />
<link:loc xlink:href='../elts/us-gaap-2008-03-31.xsd#us-gaap_StockIssuedDuringPeriodSharesStockDividend' xlink:label='loc_StockIssuedDuringPeriodSharesStockDividend' xlink:type='locator' />
<link:loc xlink:href='../elts/us-gaap-2008-03-31.xsd#us-gaap_StockIssuedDuringPeriodSharesDividendReinvestmentPlan' xlink:label='loc_StockIssuedDuringPeriodSharesDividendReinvestmentPlan' xlink:type='locator' />
<link:loc xlink:href='../elts/us-gaap-2008-03-31.xsd#us-gaap_StockIssuedDuringPeriodSharesTreasuryStockReissued' xlink:label='loc_StockIssuedDuringPeriodSharesTreasuryStockReissued' xlink:type='locator' />
<link:loc xlink:href='../elts/us-gaap-2008-03-31.xsd#us-gaap_StockRepurchasedAndRetiredDuringPeriodShares' xlink:label='loc_StockRepurchasedAndRetiredDuringPeriodShares' xlink:type='locator' />
<link:loc xlink:href='../elts/us-gaap-2008-03-31.xsd#us-gaap_StockRepurchasedDuringPeriodShares' xlink:label='loc_StockRepurchasedDuringPeriodShares' xlink:type='locator' />
<link:loc xlink:href='../elts/us-gaap-2008-03-31.xsd#us-gaap_StockRedeemedOrCalledDuringPeriodShares' xlink:label='loc_StockRedeemedOrCalledDuringPeriodShares' xlink:type='locator' />
<link:loc xlink:href='../elts/us-gaap-2008-03-31.xsd#us-gaap_StockConvertedFromOneClassToAnotherClassShares' xlink:label='loc_StockConvertedFromOneClassToAnotherClassShares' xlink:type='locator' />
<link:loc xlink:href='../elts/us-gaap-2008-03-31.xsd#us-gaap_StockIssuedDuringPeriodSharesStockSplits' xlink:label='loc_StockIssuedDuringPeriodSharesStockSplits' xlink:type='locator' />
<link:loc xlink:href='../elts/us-gaap-2008-03-31.xsd#us-gaap_StockIssuedDuringPeriodSharesReverseStockSplits' xlink:label='loc_StockIssuedDuringPeriodSharesReverseStockSplits' xlink:type='locator' />
<link:loc xlink:href='../elts/us-gaap-2008-03-31.xsd#us-gaap_TreasuryStockSharesAcquired' xlink:label='loc_TreasuryStockSharesAcquired' xlink:type='locator' />
<link:loc xlink:href='../elts/us-gaap-2008-03-31.xsd#us-gaap_TreasuryStockSharesRetired' xlink:label='loc_TreasuryStockSharesRetired' xlink:type='locator' />
<link:loc xlink:href='../elts/us-gaap-2008-03-31.xsd#us-gaap_AdjustmentsToAdditionalPaidInCapitalStockIssuedIssuanceCosts' xlink:label='loc_AdjustmentsToAdditionalPaidInCapitalStockIssuedIssuanceCosts' xlink:type='locator' />
<link:loc xlink:href='../elts/us-gaap-2008-03-31.xsd#us-gaap_AdjustmentsToAdditionalPaidInCapitalTerminationOfSCorporationElection' xlink:label='loc_AdjustmentsToAdditionalPaidInCapitalTerminationOfSCorporationElection' xlink:type='locator' />
<link:loc xlink:href='../elts/us-gaap-2008-03-31.xsd#us-gaap_AdjustmentsToAdditionalPaidInCapitalTaxEffectFromShareBasedCompensation' xlink:label='loc_AdjustmentsToAdditionalPaidInCapitalTaxEffectFromShareBasedCompensation' xlink:type='locator' />
<link:loc xlink:href='../elts/us-gaap-2008-03-31.xsd#us-gaap_AdjustmentsToAdditionalPaidInCapitalDebtWithDetachableStockPurchaseWarrantIssued' xlink:label='loc_AdjustmentsToAdditionalPaidInCapitalDebtWithDetachableStockPurchaseWarrantIssued' xlink:type='locator' />
<link:loc xlink:href='../elts/us-gaap-2008-03-31.xsd#us-gaap_AdjustmentsToAdditionalPaidInCapitalMarkToMarket' xlink:label='loc_AdjustmentsToAdditionalPaidInCapitalMarkToMarket' xlink:type='locator' />
<link:loc xlink:href='../elts/us-gaap-2008-03-31.xsd#us-gaap_AdjustmentsToAdditionalPaidInCapitalConvertibleDebtWithConversionFeature' xlink:label='loc_AdjustmentsToAdditionalPaidInCapitalConvertibleDebtWithConversionFeature' xlink:type='locator' />
<link:loc xlink:href='../elts/us-gaap-2008-03-31.xsd#us-gaap_AdjustmentsToAdditionalPaidInCapitalReallocationOfMinorityInterest' xlink:label='loc_AdjustmentsToAdditionalPaidInCapitalReallocationOfMinorityInterest' xlink:type='locator' />
<link:loc xlink:href='../elts/us-gaap-2008-03-31.xsd#us-gaap_AdjustmentsToAdditionalPaidInCapitalDividendsInExcessOfRetainedEarnings' xlink:label='loc_AdjustmentsToAdditionalPaidInCapitalDividendsInExcessOfRetainedEarnings' xlink:type='locator' />
<link:loc xlink:href='../elts/us-gaap-2008-03-31.xsd#us-gaap_AdjustmentsToAdditionalPaidInCapitalStockSplit' xlink:label='loc_AdjustmentsToAdditionalPaidInCapitalStockSplit' xlink:type='locator' />
<link:loc xlink:href='../elts/us-gaap-2008-03-31.xsd#us-gaap_AdjustmentsToAdditionalPaidInCapitalWarrantIssued' xlink:label='loc_AdjustmentsToAdditionalPaidInCapitalWarrantIssued' xlink:type='locator' />
<link:loc xlink:href='../elts/us-gaap-2008-03-31.xsd#us-gaap_AdjustmentsToAdditionalPaidInCapitalIncreaseInCarryingAmountOfRedeemablePreferredStock' xlink:label='loc_AdjustmentsToAdditionalPaidInCapitalIncreaseInCarryingAmountOfRedeemablePreferredStock' xlink:type='locator' />
<link:loc xlink:href='../elts/us-gaap-2008-03-31.xsd#us-gaap_OtherComprehensiveIncomeAvailableForSaleSecuritiesAdjustmentNetOfTaxPeriodIncreaseDecreaseAbstract' xlink:label='loc_OtherComprehensiveIncomeAvailableForSaleSecuritiesAdjustmentNetOfTaxPeriodIncreaseDecreaseAbstract' xlink:type='locator' />
<link:loc xlink:href='../elts/us-gaap-2008-03-31.xsd#us-gaap_OtherComprehensiveIncomeDerivativesQualifyingAsHedgesNetOfTaxPeriodIncreaseDecreaseAbstract' xlink:label='loc_OtherComprehensiveIncomeDerivativesQualifyingAsHedgesNetOfTaxPeriodIncreaseDecreaseAbstract' xlink:type='locator' />
<link:loc xlink:href='../elts/us-gaap-2008-03-31.xsd#us-gaap_OtherComprehensiveIncomeForeignCurrencyTransactionAndTranslationAdjustmentNetOfTaxPeriodIncreaseDecreaseAbstract' xlink:label='loc_OtherComprehensiveIncomeForeignCurrencyTransactionAndTranslationAdjustmentNetOfTaxPeriodIncreaseDecreaseAbstract' xlink:type='locator' />
<link:loc xlink:href='../elts/us-gaap-2008-03-31.xsd#us-gaap_OtherComprehensiveIncomeDefinedBenefitPlansAdjustmentNetOfTaxPeriodIncreaseDecreaseAbstract' xlink:label='loc_OtherComprehensiveIncomeDefinedBenefitPlansAdjustmentNetOfTaxPeriodIncreaseDecreaseAbstract' xlink:type='locator' />
<link:loc xlink:href='../elts/us-gaap-2008-03-31.xsd#us-gaap_OtherComprehensiveIncomeLossNetOfTaxPeriodIncreaseDecrease' xlink:label='loc_OtherComprehensiveIncomeLossNetOfTaxPeriodIncreaseDecrease' xlink:type='locator' />
<link:loc xlink:href='../elts/us-gaap-2008-03-31.xsd#us-gaap_OtherComprehensiveIncomeUnrealizedHoldingGainLossOnSecuritiesArisingDuringPeriodNetOfTax' xlink:label='loc_OtherComprehensiveIncomeUnrealizedHoldingGainLossOnSecuritiesArisingDuringPeriodNetOfTax' xlink:type='locator' />
<link:loc xlink:href='../elts/us-gaap-2008-03-31.xsd#us-gaap_OtherComprehensiveIncomeReclassificationAdjustmentForHeldToMaturityTransferredToAvailableForSaleSecuritiesNetOfTax' xlink:label='loc_OtherComprehensiveIncomeReclassificationAdjustmentForHeldToMaturityTransferredToAvailableForSaleSecuritiesNetOfTax' xlink:type='locator' />
<link:loc xlink:href='../elts/us-gaap-2008-03-31.xsd#us-gaap_OtherComprehensiveIncomeReclassificationAdjustmentForSaleOfSecuritiesIncludedInNetIncomeNetOfTax' xlink:label='loc_OtherComprehensiveIncomeReclassificationAdjustmentForSaleOfSecuritiesIncludedInNetIncomeNetOfTax' xlink:type='locator' />
<link:loc xlink:href='../elts/us-gaap-2008-03-31.xsd#us-gaap_OtherComprehensiveIncomeReclassificationAdjustmentForWriteDownOfSecuritiesIncludedInNetIncomeNetOfTax' xlink:label='loc_OtherComprehensiveIncomeReclassificationAdjustmentForWriteDownOfSecuritiesIncludedInNetIncomeNetOfTax' xlink:type='locator' />
<link:loc xlink:href='../elts/us-gaap-2008-03-31.xsd#us-gaap_OtherComprehensiveIncomeAvailableForSaleSecuritiesAdjustmentNetOfTaxPeriodIncreaseDecrease' xlink:label='loc_OtherComprehensiveIncomeAvailableForSaleSecuritiesAdjustmentNetOfTaxPeriodIncreaseDecrease' xlink:type='locator' />
<link:loc xlink:href='../elts/us-gaap-2008-03-31.xsd#us-gaap_OtherComprehensiveIncomeUnrealizedGainLossOnDerivativesArisingDuringPeriodNetOfTax' xlink:label='loc_OtherComprehensiveIncomeUnrealizedGainLossOnDerivativesArisingDuringPeriodNetOfTax' xlink:type='locator' />
<link:loc xlink:href='../elts/us-gaap-2008-03-31.xsd#us-gaap_OtherComprehensiveIncomeReclassificationAdjustmentOnDerivativesIncludedInNetIncomeNetOfTax' xlink:label='loc_OtherComprehensiveIncomeReclassificationAdjustmentOnDerivativesIncludedInNetIncomeNetOfTax' xlink:type='locator' />
<link:loc xlink:href='../elts/us-gaap-2008-03-31.xsd#us-gaap_OtherComprehensiveIncomeDerivativesQualifyingAsHedgesNetOfTaxPeriodIncreaseDecrease' xlink:label='loc_OtherComprehensiveIncomeDerivativesQualifyingAsHedgesNetOfTaxPeriodIncreaseDecrease' xlink:type='locator' />
<link:loc xlink:href='../elts/us-gaap-2008-03-31.xsd#us-gaap_OtherComprehensiveIncomeForeignCurrencyTransactionAndTranslationGainLossArisingDuringPeriodNetOfTax' xlink:label='loc_OtherComprehensiveIncomeForeignCurrencyTransactionAndTranslationGainLossArisingDuringPeriodNetOfTax' xlink:type='locator' />
<link:loc xlink:href='../elts/us-gaap-2008-03-31.xsd#us-gaap_OtherComprehensiveIncomeForeignCurrencyTransactionAndTranslationReclassificationAdjustmentRealizedUponSaleOrLiquidationNetOfTax' xlink:label='loc_OtherComprehensiveIncomeForeignCurrencyTransactionAndTranslationReclassificationAdjustmentRealizedUponSaleOrLiquidationNetOfTax' xlink:type='locator' />
<link:loc xlink:href='../elts/us-gaap-2008-03-31.xsd#us-gaap_OtherComprehensiveIncomeForeignCurrencyTransactionAndTranslationAdjustmentNetOfTaxPeriodIncreaseDecrease' xlink:label='loc_OtherComprehensiveIncomeForeignCurrencyTransactionAndTranslationAdjustmentNetOfTaxPeriodIncreaseDecrease' xlink:type='locator' />
<link:loc xlink:href='../elts/us-gaap-2008-03-31.xsd#us-gaap_OtherComprehensiveIncomeDefinedBenefitPlansNetUnamortizedGainLossArisingDuringPeriodNetOfTax' xlink:label='loc_OtherComprehensiveIncomeDefinedBenefitPlansNetUnamortizedGainLossArisingDuringPeriodNetOfTax' xlink:type='locator' />
<link:loc xlink:href='../elts/us-gaap-2008-03-31.xsd#us-gaap_OtherComprehensiveIncomeReclassificationOfDefinedBenefitPlansNetGainLossRecognizedInNetPeriodicBenefitCostNetOfTax' xlink:label='loc_OtherComprehensiveIncomeReclassificationOfDefinedBenefitPlansNetGainLossRecognizedInNetPeriodicBenefitCostNetOfTax' xlink:type='locator' />
<link:loc xlink:href='../elts/us-gaap-2008-03-31.xsd#us-gaap_OtherComprehensiveIncomeDefinedBenefitPlanNetPriorServiceCostsCreditArisingDuringPeriodNetOfTax' xlink:label='loc_OtherComprehensiveIncomeDefinedBenefitPlanNetPriorServiceCostsCreditArisingDuringPeriodNetOfTax' xlink:type='locator' />
<link:loc xlink:href='../elts/us-gaap-2008-03-31.xsd#us-gaap_OtherComprehensiveIncomeAmortizationOfDefinedBenefitPlanNetPriorServiceCostRecognizedInNetPeriodicPensionCostNetOfTax' xlink:label='loc_OtherComprehensiveIncomeAmortizationOfDefinedBenefitPlanNetPriorServiceCostRecognizedInNetPeriodicPensionCostNetOfTax' xlink:type='locator' />
<link:loc xlink:href='../elts/us-gaap-2008-03-31.xsd#us-gaap_OtherComprehensiveIncomeReclassificationOfDefinedBenefitPlanNetTransitionAssetObligationRecognizedInNetPeriodicBenefitCostNetOfTax' xlink:label='loc_OtherComprehensiveIncomeReclassificationOfDefinedBenefitPlanNetTransitionAssetObligationRecognizedInNetPeriodicBenefitCostNetOfTax' xlink:type='locator' />
<link:loc xlink:href='../elts/us-gaap-2008-03-31.xsd#us-gaap_OtherComprehensiveIncomeMinimumPensionLiabilityNetAdjustmentNetOfTax' xlink:label='loc_OtherComprehensiveIncomeMinimumPensionLiabilityNetAdjustmentNetOfTax' xlink:type='locator' />
<link:loc xlink:href='../elts/us-gaap-2008-03-31.xsd#us-gaap_OtherComprehensiveIncomeFinalizationOfPensionAndNonPensionPostretirementPlanValuationNetOfTax' xlink:label='loc_OtherComprehensiveIncomeFinalizationOfPensionAndNonPensionPostretirementPlanValuationNetOfTax' xlink:type='locator' />
<link:loc xlink:href='../elts/us-gaap-2008-03-31.xsd#us-gaap_OtherComprehensiveIncomeDefinedBenefitPlansAdjustmentNetOfTaxPeriodIncreaseDecrease' xlink:label='loc_OtherComprehensiveIncomeDefinedBenefitPlansAdjustmentNetOfTaxPeriodIncreaseDecrease' xlink:type='locator' />
<link:loc xlink:href='../elts/us-gaap-2008-03-31.xsd#us-gaap_CumulativeEffectOfInitialAdoptionOfNewAccountingPrinciple' xlink:label='loc_CumulativeEffectOfInitialAdoptionOfNewAccountingPrinciple' xlink:type='locator' />
<link:loc xlink:href='../elts/us-gaap-2008-03-31.xsd#us-gaap_CumulativeEffectOfInitialAdoptionOfSFAS159' xlink:label='loc_CumulativeEffectOfInitialAdoptionOfSFAS159' xlink:type='locator' />
<link:loc xlink:href='../elts/us-gaap-2008-03-31.xsd#us-gaap_CumulativeEffectOfInitialAdoptionOfSFAS158' xlink:label='loc_CumulativeEffectOfInitialAdoptionOfSFAS158' xlink:type='locator' />
<link:loc xlink:href='../elts/us-gaap-2008-03-31.xsd#us-gaap_CumulativeEffectOfInitialAdoptionOfFIN48' xlink:label='loc_CumulativeEffectOfInitialAdoptionOfFIN48' xlink:type='locator' />
<link:loc xlink:href='../elts/us-gaap-2008-03-31.xsd#us-gaap_IncomeLossFromContinuingOperations' xlink:label='loc_IncomeLossFromContinuingOperations' xlink:type='locator' />
<link:loc xlink:href='../elts/us-gaap-2008-03-31.xsd#us-gaap_IncomeLossFromDiscontinuedOperationsNetOfTax' xlink:label='loc_IncomeLossFromDiscontinuedOperationsNetOfTax' xlink:type='locator' />
<link:loc xlink:href='../elts/us-gaap-2008-03-31.xsd#us-gaap_ExtraordinaryItemNetOfTax' xlink:label='loc_ExtraordinaryItemNetOfTax' xlink:type='locator' />
<link:loc xlink:href='../elts/us-gaap-2008-03-31.xsd#us-gaap_CumulativeEffectOfChangeInAccountingPrinciplePresentedOnIncomeStatementNetOfTax' xlink:label='loc_CumulativeEffectOfChangeInAccountingPrinciplePresentedOnIncomeStatementNetOfTax' xlink:type='locator' />
<link:loc xlink:href='../elts/us-gaap-2008-03-31.xsd#us-gaap_NetIncomeLoss' xlink:label='loc_NetIncomeLoss' xlink:type='locator' />
<link:loc xlink:href='../elts/us-gaap-2008-03-31.xsd#us-gaap_DividendsCommonStock' xlink:label='loc_DividendsCommonStock' xlink:type='locator' />
<link:loc xlink:href='../elts/us-gaap-2008-03-31.xsd#us-gaap_DividendsPreferredStock' xlink:label='loc_DividendsPreferredStock' xlink:type='locator' />
<link:loc xlink:href='../elts/us-gaap-2008-03-31.xsd#us-gaap_CommonStockDividendsPerShareDeclared' xlink:label='loc_CommonStockDividendsPerShareDeclared' xlink:type='locator' />
<link:loc xlink:href='../elts/us-gaap-2008-03-31.xsd#us-gaap_StockIssuedDuringPeriodSharesPeriodIncreaseDecrease' xlink:label='loc_StockIssuedDuringPeriodSharesPeriodIncreaseDecrease' xlink:type='locator' />
<link:definitionArc order='1.0' xlink:arcrole='http://xbrl.org/int/dim/arcrole/domain-member' xlink:from='loc_StatementLineItems' xlink:to='loc_IncreaseDecreaseInStockholdersEquityRollForward' xlink:type='arc' />
<link:definitionArc order='2.0' xlink:arcrole='http://xbrl.org/int/dim/arcrole/domain-member' xlink:from='loc_IncreaseDecreaseInStockholdersEquityRollForward' xlink:to='loc_StockholdersEquity' xlink:type='arc' />
<link:definitionArc order='3.0' xlink:arcrole='http://xbrl.org/int/dim/arcrole/domain-member' xlink:from='loc_IncreaseDecreaseInStockholdersEquityRollForward' xlink:to='loc_SharesIssued' xlink:type='arc' />
<link:definitionArc order='4.0' xlink:arcrole='http://xbrl.org/int/dim/arcrole/domain-member' xlink:from='loc_IncreaseDecreaseInStockholdersEquityRollForward' xlink:to='loc_StockIssuedDuringPeriodValueNewIssues' xlink:type='arc' />
<link:definitionArc order='5.0' xlink:arcrole='http://xbrl.org/int/dim/arcrole/domain-member' xlink:from='loc_IncreaseDecreaseInStockholdersEquityRollForward' xlink:to='loc_StockIssuedDuringPeriodValueShareBasedCompensation' xlink:type='arc' />
<link:definitionArc order='6.0' xlink:arcrole='http://xbrl.org/int/dim/arcrole/domain-member' xlink:from='loc_IncreaseDecreaseInStockholdersEquityRollForward' xlink:to='loc_StockIssuedDuringPeriodValueEmployeeStockPurchasePlan' xlink:type='arc' />
<link:definitionArc order='7.0' xlink:arcrole='http://xbrl.org/int/dim/arcrole/domain-member' xlink:from='loc_IncreaseDecreaseInStockholdersEquityRollForward' xlink:to='loc_StockIssuedDuringPeriodValueEmployeeStockOwnershipPlan' xlink:type='arc' />
<link:definitionArc order='8.0' xlink:arcrole='http://xbrl.org/int/dim/arcrole/domain-member' xlink:from='loc_IncreaseDecreaseInStockholdersEquityRollForward' xlink:to='loc_StockIssuedDuringPeriodValueSharesHeldInTrustOfEmployeeStockOwnershipPlan' xlink:type='arc' />
<link:definitionArc order='9.0' xlink:arcrole='http://xbrl.org/int/dim/arcrole/domain-member' xlink:from='loc_IncreaseDecreaseInStockholdersEquityRollForward' xlink:to='loc_StockIssuedDuringPeriodValueRestrictedStockAwardNetOfForfeituresAbstract' xlink:type='arc' />
<link:definitionArc order='10.0' xlink:arcrole='http://xbrl.org/int/dim/arcrole/domain-member' xlink:from='loc_IncreaseDecreaseInStockholdersEquityRollForward' xlink:to='loc_StockIssuedDuringPeriodValueAcquisitions' xlink:type='arc' />
<link:definitionArc order='11.0' xlink:arcrole='http://xbrl.org/int/dim/arcrole/domain-member' xlink:from='loc_IncreaseDecreaseInStockholdersEquityRollForward' xlink:to='loc_StockIssuedDuringPeriodValueStockOptionsExercised' xlink:type='arc' />
<link:definitionArc order='12.0' xlink:arcrole='http://xbrl.org/int/dim/arcrole/domain-member' xlink:from='loc_IncreaseDecreaseInStockholdersEquityRollForward' xlink:to='loc_StockIssuedDuringPeriodValueConversionOfConvertibleSecurities' xlink:type='arc' />
<link:definitionArc order='13.0' xlink:arcrole='http://xbrl.org/int/dim/arcrole/domain-member' xlink:from='loc_IncreaseDecreaseInStockholdersEquityRollForward' xlink:to='loc_StockIssuedDuringPeriodValueConversionOfUnits' xlink:type='arc' />
<link:definitionArc order='14.0' xlink:arcrole='http://xbrl.org/int/dim/arcrole/domain-member' xlink:from='loc_IncreaseDecreaseInStockholdersEquityRollForward' xlink:to='loc_StockIssuedDuringPeriodValueStockDividend' xlink:type='arc' />
<link:definitionArc order='15.0' xlink:arcrole='http://xbrl.org/int/dim/arcrole/domain-member' xlink:from='loc_IncreaseDecreaseInStockholdersEquityRollForward' xlink:to='loc_StockIssuedDuringPeriodValueDividendReinvestmentPlan' xlink:type='arc' />
<link:definitionArc order='16.0' xlink:arcrole='http://xbrl.org/int/dim/arcrole/domain-member' xlink:from='loc_IncreaseDecreaseInStockholdersEquityRollForward' xlink:to='loc_StockIssuedDuringPeriodValueTreasuryStockReissued' xlink:type='arc' />
<link:definitionArc order='17.0' xlink:arcrole='http://xbrl.org/int/dim/arcrole/domain-member' xlink:from='loc_IncreaseDecreaseInStockholdersEquityRollForward' xlink:to='loc_StockRepurchasedAndRetiredDuringPeriodValue' xlink:type='arc' />
<link:definitionArc order='18.0' xlink:arcrole='http://xbrl.org/int/dim/arcrole/domain-member' xlink:from='loc_IncreaseDecreaseInStockholdersEquityRollForward' xlink:to='loc_StockRepurchasedDuringPeriodValue' xlink:type='arc' />
<link:definitionArc order='19.0' xlink:arcrole='http://xbrl.org/int/dim/arcrole/domain-member' xlink:from='loc_IncreaseDecreaseInStockholdersEquityRollForward' xlink:to='loc_StockRedeemedOrCalledDuringPeriodValue' xlink:type='arc' />
<link:definitionArc order='20.0' xlink:arcrole='http://xbrl.org/int/dim/arcrole/domain-member' xlink:from='loc_IncreaseDecreaseInStockholdersEquityRollForward' xlink:to='loc_StockConvertedFromOneClassToAnotherClassValue' xlink:type='arc' />
<link:definitionArc order='21.0' xlink:arcrole='http://xbrl.org/int/dim/arcrole/domain-member' xlink:from='loc_IncreaseDecreaseInStockholdersEquityRollForward' xlink:to='loc_StockTransactionsParentheticalDisclosuresAbstract' xlink:type='arc' />
<link:definitionArc order='22.0' xlink:arcrole='http://xbrl.org/int/dim/arcrole/domain-member' xlink:from='loc_IncreaseDecreaseInStockholdersEquityRollForward' xlink:to='loc_TreasuryStockValueAcquiredParValueMethod' xlink:type='arc' />
<link:definitionArc order='23.0' xlink:arcrole='http://xbrl.org/int/dim/arcrole/domain-member' xlink:from='loc_IncreaseDecreaseInStockholdersEquityRollForward' xlink:to='loc_TreasuryStockValueAcquiredCostMethod' xlink:type='arc' />
<link:definitionArc order='24.0' xlink:arcrole='http://xbrl.org/int/dim/arcrole/domain-member' xlink:from='loc_IncreaseDecreaseInStockholdersEquityRollForward' xlink:to='loc_TreasuryStockValueRetiredParValueMethod' xlink:type='arc' />
<link:definitionArc order='25.0' xlink:arcrole='http://xbrl.org/int/dim/arcrole/domain-member' xlink:from='loc_IncreaseDecreaseInStockholdersEquityRollForward' xlink:to='loc_TreasuryStockValueRetiredCostMethod' xlink:type='arc' />
<link:definitionArc order='26.0' xlink:arcrole='http://xbrl.org/int/dim/arcrole/domain-member' xlink:from='loc_IncreaseDecreaseInStockholdersEquityRollForward' xlink:to='loc_AdjustmentsToAdditionalPaidInCapitalAbstract' xlink:type='arc' />
<link:definitionArc order='27.0' xlink:arcrole='http://xbrl.org/int/dim/arcrole/domain-member' xlink:from='loc_IncreaseDecreaseInStockholdersEquityRollForward' xlink:to='loc_ApplicationOfRecognitionProvisionsOfSFAS158EffectOnAccumulatedOtherComprehensiveIncomeNetOfTax' xlink:type='arc' />
<link:definitionArc order='28.0' xlink:arcrole='http://xbrl.org/int/dim/arcrole/domain-member' xlink:from='loc_IncreaseDecreaseInStockholdersEquityRollForward' xlink:to='loc_EffectOnOtherComprehensiveIncomeLossDueToChangeInMeasurementDateNetOfTax' xlink:type='arc' />
<link:definitionArc order='29.0' xlink:arcrole='http://xbrl.org/int/dim/arcrole/domain-member' xlink:from='loc_IncreaseDecreaseInStockholdersEquityRollForward' xlink:to='loc_OtherComprehensiveIncomeLossNetOfTaxPeriodIncreaseDecreaseAbstract' xlink:type='arc' />
<link:definitionArc order='30.0' xlink:arcrole='http://xbrl.org/int/dim/arcrole/domain-member' xlink:from='loc_IncreaseDecreaseInStockholdersEquityRollForward' xlink:to='loc_ComprehensiveIncomeNetOfTax' xlink:type='arc' />
<link:definitionArc order='31.0' xlink:arcrole='http://xbrl.org/int/dim/arcrole/domain-member' xlink:from='loc_IncreaseDecreaseInStockholdersEquityRollForward' xlink:to='loc_CumulativeEffectOfInitialAdoptionOfNewAccountingPrincipleAbstract' xlink:type='arc' />
<link:definitionArc order='32.0' xlink:arcrole='http://xbrl.org/int/dim/arcrole/domain-member' xlink:from='loc_IncreaseDecreaseInStockholdersEquityRollForward' xlink:to='loc_EffectOnRetainedEarningsAccumulatedDeficitDueToChangeInMeasurementDateNetOfTax' xlink:type='arc' />
<link:definitionArc order='33.0' xlink:arcrole='http://xbrl.org/int/dim/arcrole/domain-member' xlink:from='loc_IncreaseDecreaseInStockholdersEquityRollForward' xlink:to='loc_ReclassificationsOfTemporaryToPermanentEquity' xlink:type='arc' />
<link:definitionArc order='34.0' xlink:arcrole='http://xbrl.org/int/dim/arcrole/domain-member' xlink:from='loc_IncreaseDecreaseInStockholdersEquityRollForward' xlink:to='loc_NetIncomeLossAbstract' xlink:type='arc' />
<link:definitionArc order='35.0' xlink:arcrole='http://xbrl.org/int/dim/arcrole/domain-member' xlink:from='loc_IncreaseDecreaseInStockholdersEquityRollForward' xlink:to='loc_CashDividends' xlink:type='arc' />
<link:definitionArc order='36.0' xlink:arcrole='http://xbrl.org/int/dim/arcrole/domain-member' xlink:from='loc_IncreaseDecreaseInStockholdersEquityRollForward' xlink:to='loc_Dividends' xlink:type='arc' />
<link:definitionArc order='37.0' xlink:arcrole='http://xbrl.org/int/dim/arcrole/domain-member' xlink:from='loc_IncreaseDecreaseInStockholdersEquityRollForward' xlink:to='loc_TreasuryStockReissuedAtLowerThanRepurchasePrice' xlink:type='arc' />
<link:definitionArc order='38.0' xlink:arcrole='http://xbrl.org/int/dim/arcrole/domain-member' xlink:from='loc_IncreaseDecreaseInStockholdersEquityRollForward' xlink:to='loc_RetainedEarningsAccumulatedDeficitCorrectionOfError' xlink:type='arc' />
<link:definitionArc order='39.0' xlink:arcrole='http://xbrl.org/int/dim/arcrole/domain-member' xlink:from='loc_IncreaseDecreaseInStockholdersEquityRollForward' xlink:to='loc_IncreaseInCarryingAmountOfRedeemablePreferredStock' xlink:type='arc' />
<link:definitionArc order='40.0' xlink:arcrole='http://xbrl.org/int/dim/arcrole/domain-member' xlink:from='loc_IncreaseDecreaseInStockholdersEquityRollForward' xlink:to='loc_RetainedEarningsAccumulatedDeficitDividendPerShareDeclaredCommonStockParentheticalDisclosureAbstract' xlink:type='arc' />
<link:definitionArc order='41.0' xlink:arcrole='http://xbrl.org/int/dim/arcrole/domain-member' xlink:from='loc_IncreaseDecreaseInStockholdersEquityRollForward' xlink:to='loc_StockholdersEquityPeriodIncreaseDecrease' xlink:type='arc' />
<link:definitionArc order='44.0' xlink:arcrole='http://xbrl.org/int/dim/arcrole/domain-member' xlink:from='loc_StockIssuedDuringPeriodValueNewIssues' xlink:to='loc_StockIssuedDuringPeriodSharesNewIssues' xlink:type='arc' />
<link:definitionArc order='45.0' xlink:arcrole='http://xbrl.org/int/dim/arcrole/domain-member' xlink:from='loc_StockIssuedDuringPeriodValueShareBasedCompensation' xlink:to='loc_StockIssuedDuringPeriodSharesShareBasedCompensation' xlink:type='arc' />
<link:definitionArc order='46.0' xlink:arcrole='http://xbrl.org/int/dim/arcrole/domain-member' xlink:from='loc_StockIssuedDuringPeriodValueEmployeeStockPurchasePlan' xlink:to='loc_StockIssuedDuringPeriodSharesEmployeeStockPurchasePlans' xlink:type='arc' />
<link:definitionArc order='47.0' xlink:arcrole='http://xbrl.org/int/dim/arcrole/domain-member' xlink:from='loc_StockIssuedDuringPeriodValueEmployeeStockOwnershipPlan' xlink:to='loc_StockIssuedDuringPeriodSharesEmployeeStockOwnershipPlan' xlink:type='arc' />
<link:definitionArc order='48.0' xlink:arcrole='http://xbrl.org/int/dim/arcrole/domain-member' xlink:from='loc_StockIssuedDuringPeriodValueSharesHeldInTrustOfEmployeeStockOwnershipPlan' xlink:to='loc_StockIssuedDuringPeriodSharesSharesHeldInTrustOfEmployeeStockOwnershipPlan' xlink:type='arc' />
<link:definitionArc order='49.0' xlink:arcrole='http://xbrl.org/int/dim/arcrole/domain-member' xlink:from='loc_StockIssuedDuringPeriodValueRestrictedStockAwardNetOfForfeituresAbstract' xlink:to='loc_StockIssuedDuringPeriodValueRestrictedStockAwardGross' xlink:type='arc' />
<link:definitionArc order='50.0' xlink:arcrole='http://xbrl.org/int/dim/arcrole/domain-member' xlink:from='loc_StockIssuedDuringPeriodValueRestrictedStockAwardNetOfForfeituresAbstract' xlink:to='loc_StockIssuedDuringPeriodValueRestrictedStockAwardForfeitures' xlink:type='arc' />
<link:definitionArc order='51.0' xlink:arcrole='http://xbrl.org/int/dim/arcrole/domain-member' xlink:from='loc_StockIssuedDuringPeriodValueRestrictedStockAwardNetOfForfeituresAbstract' xlink:to='loc_StockIssuedDuringPeriodValueRestrictedStockAwardNetOfForfeitures' xlink:type='arc' />
<link:definitionArc order='52.0' xlink:arcrole='http://xbrl.org/int/dim/arcrole/domain-member' xlink:from='loc_StockIssuedDuringPeriodValueRestrictedStockAwardNetOfForfeituresAbstract' xlink:to='loc_StockIssuedDuringPeriodSharesRestrictedStockAwardNetOfForfeituresAbstract' xlink:type='arc' />
<link:definitionArc order='53.0' xlink:arcrole='http://xbrl.org/int/dim/arcrole/domain-member' xlink:from='loc_StockIssuedDuringPeriodSharesRestrictedStockAwardNetOfForfeituresAbstract' xlink:to='loc_StockIssuedDuringPeriodSharesRestrictedStockAwardGross' xlink:type='arc' />
<link:definitionArc order='54.0' xlink:arcrole='http://xbrl.org/int/dim/arcrole/domain-member' xlink:from='loc_StockIssuedDuringPeriodSharesRestrictedStockAwardNetOfForfeituresAbstract' xlink:to='loc_StockIssuedDuringPeriodSharesRestrictedStockAwardForfeited' xlink:type='arc' />
<link:definitionArc order='55.0' xlink:arcrole='http://xbrl.org/int/dim/arcrole/domain-member' xlink:from='loc_StockIssuedDuringPeriodSharesRestrictedStockAwardNetOfForfeituresAbstract' xlink:to='loc_StockIssuedDuringPeriodSharesRestrictedStockAwardNetOfForfeitures' xlink:type='arc' />
<link:definitionArc order='56.0' xlink:arcrole='http://xbrl.org/int/dim/arcrole/domain-member' xlink:from='loc_StockIssuedDuringPeriodValueAcquisitions' xlink:to='loc_StockIssuedDuringPeriodSharesAcquisitions' xlink:type='arc' />
<link:definitionArc order='57.0' xlink:arcrole='http://xbrl.org/int/dim/arcrole/domain-member' xlink:from='loc_StockIssuedDuringPeriodValueStockOptionsExercised' xlink:to='loc_StockIssuedDuringPeriodSharesStockOptionsExercised' xlink:type='arc' />
<link:definitionArc order='58.0' xlink:arcrole='http://xbrl.org/int/dim/arcrole/domain-member' xlink:from='loc_StockIssuedDuringPeriodValueConversionOfConvertibleSecurities' xlink:to='loc_StockIssuedDuringPeriodSharesConversionOfConvertibleSecurities' xlink:type='arc' />
<link:definitionArc order='59.0' xlink:arcrole='http://xbrl.org/int/dim/arcrole/domain-member' xlink:from='loc_StockIssuedDuringPeriodValueConversionOfUnits' xlink:to='loc_StockIssuedDuringPeriodSharesConversionOfUnits' xlink:type='arc' />
<link:definitionArc order='60.0' xlink:arcrole='http://xbrl.org/int/dim/arcrole/domain-member' xlink:from='loc_StockIssuedDuringPeriodValueStockDividend' xlink:to='loc_StockIssuedDuringPeriodSharesStockDividend' xlink:type='arc' />
<link:definitionArc order='61.0' xlink:arcrole='http://xbrl.org/int/dim/arcrole/domain-member' xlink:from='loc_StockIssuedDuringPeriodValueDividendReinvestmentPlan' xlink:to='loc_StockIssuedDuringPeriodSharesDividendReinvestmentPlan' xlink:type='arc' />
<link:definitionArc order='62.0' xlink:arcrole='http://xbrl.org/int/dim/arcrole/domain-member' xlink:from='loc_StockIssuedDuringPeriodValueTreasuryStockReissued' xlink:to='loc_StockIssuedDuringPeriodSharesTreasuryStockReissued' xlink:type='arc' />
<link:definitionArc order='63.0' xlink:arcrole='http://xbrl.org/int/dim/arcrole/domain-member' xlink:from='loc_StockRepurchasedAndRetiredDuringPeriodValue' xlink:to='loc_StockRepurchasedAndRetiredDuringPeriodShares' xlink:type='arc' />
<link:definitionArc order='64.0' xlink:arcrole='http://xbrl.org/int/dim/arcrole/domain-member' xlink:from='loc_StockRepurchasedDuringPeriodValue' xlink:to='loc_StockRepurchasedDuringPeriodShares' xlink:type='arc' />
<link:definitionArc order='65.0' xlink:arcrole='http://xbrl.org/int/dim/arcrole/domain-member' xlink:from='loc_StockRedeemedOrCalledDuringPeriodValue' xlink:to='loc_StockRedeemedOrCalledDuringPeriodShares' xlink:type='arc' />
<link:definitionArc order='66.0' xlink:arcrole='http://xbrl.org/int/dim/arcrole/domain-member' xlink:from='loc_StockConvertedFromOneClassToAnotherClassValue' xlink:to='loc_StockConvertedFromOneClassToAnotherClassShares' xlink:type='arc' />
<link:definitionArc order='67.0' xlink:arcrole='http://xbrl.org/int/dim/arcrole/domain-member' xlink:from='loc_StockTransactionsParentheticalDisclosuresAbstract' xlink:to='loc_StockIssuedDuringPeriodSharesStockSplits' xlink:type='arc' />
<link:definitionArc order='68.0' xlink:arcrole='http://xbrl.org/int/dim/arcrole/domain-member' xlink:from='loc_StockTransactionsParentheticalDisclosuresAbstract' xlink:to='loc_StockIssuedDuringPeriodSharesReverseStockSplits' xlink:type='arc' />
<link:definitionArc order='69.0' xlink:arcrole='http://xbrl.org/int/dim/arcrole/domain-member' xlink:from='loc_StockTransactionsParentheticalDisclosuresAbstract' xlink:to='loc_TreasuryStockSharesAcquired' xlink:type='arc' />
<link:definitionArc order='70.0' xlink:arcrole='http://xbrl.org/int/dim/arcrole/domain-member' xlink:from='loc_StockTransactionsParentheticalDisclosuresAbstract' xlink:to='loc_TreasuryStockSharesRetired' xlink:type='arc' />
<link:definitionArc order='71.0' xlink:arcrole='http://xbrl.org/int/dim/arcrole/domain-member' xlink:from='loc_AdjustmentsToAdditionalPaidInCapitalAbstract' xlink:to='loc_AdjustmentsToAdditionalPaidInCapitalStockIssuedIssuanceCosts' xlink:type='arc' />
<link:definitionArc order='72.0' xlink:arcrole='http://xbrl.org/int/dim/arcrole/domain-member' xlink:from='loc_AdjustmentsToAdditionalPaidInCapitalAbstract' xlink:to='loc_AdjustmentsToAdditionalPaidInCapitalTerminationOfSCorporationElection' xlink:type='arc' />
<link:definitionArc order='73.0' xlink:arcrole='http://xbrl.org/int/dim/arcrole/domain-member' xlink:from='loc_AdjustmentsToAdditionalPaidInCapitalAbstract' xlink:to='loc_AdjustmentsToAdditionalPaidInCapitalTaxEffectFromShareBasedCompensation' xlink:type='arc' />
<link:definitionArc order='74.0' xlink:arcrole='http://xbrl.org/int/dim/arcrole/domain-member' xlink:from='loc_AdjustmentsToAdditionalPaidInCapitalAbstract' xlink:to='loc_AdjustmentsToAdditionalPaidInCapitalDebtWithDetachableStockPurchaseWarrantIssued' xlink:type='arc' />
<link:definitionArc order='75.0' xlink:arcrole='http://xbrl.org/int/dim/arcrole/domain-member' xlink:from='loc_AdjustmentsToAdditionalPaidInCapitalAbstract' xlink:to='loc_AdjustmentsToAdditionalPaidInCapitalMarkToMarket' xlink:type='arc' />
<link:definitionArc order='76.0' xlink:arcrole='http://xbrl.org/int/dim/arcrole/domain-member' xlink:from='loc_AdjustmentsToAdditionalPaidInCapitalAbstract' xlink:to='loc_AdjustmentsToAdditionalPaidInCapitalConvertibleDebtWithConversionFeature' xlink:type='arc' />
<link:definitionArc order='77.0' xlink:arcrole='http://xbrl.org/int/dim/arcrole/domain-member' xlink:from='loc_AdjustmentsToAdditionalPaidInCapitalAbstract' xlink:to='loc_AdjustmentsToAdditionalPaidInCapitalReallocationOfMinorityInterest' xlink:type='arc' />
<link:definitionArc order='78.0' xlink:arcrole='http://xbrl.org/int/dim/arcrole/domain-member' xlink:from='loc_AdjustmentsToAdditionalPaidInCapitalAbstract' xlink:to='loc_AdjustmentsToAdditionalPaidInCapitalDividendsInExcessOfRetainedEarnings' xlink:type='arc' />
<link:definitionArc order='79.0' xlink:arcrole='http://xbrl.org/int/dim/arcrole/domain-member' xlink:from='loc_AdjustmentsToAdditionalPaidInCapitalAbstract' xlink:to='loc_AdjustmentsToAdditionalPaidInCapitalStockSplit' xlink:type='arc' />
<link:definitionArc order='80.0' xlink:arcrole='http://xbrl.org/int/dim/arcrole/domain-member' xlink:from='loc_AdjustmentsToAdditionalPaidInCapitalAbstract' xlink:to='loc_AdjustmentsToAdditionalPaidInCapitalWarrantIssued' xlink:type='arc' />
<link:definitionArc order='81.0' xlink:arcrole='http://xbrl.org/int/dim/arcrole/domain-member' xlink:from='loc_AdjustmentsToAdditionalPaidInCapitalAbstract' xlink:to='loc_AdjustmentsToAdditionalPaidInCapitalIncreaseInCarryingAmountOfRedeemablePreferredStock' xlink:type='arc' />
<link:definitionArc order='82.0' xlink:arcrole='http://xbrl.org/int/dim/arcrole/domain-member' xlink:from='loc_OtherComprehensiveIncomeLossNetOfTaxPeriodIncreaseDecreaseAbstract' xlink:to='loc_OtherComprehensiveIncomeAvailableForSaleSecuritiesAdjustmentNetOfTaxPeriodIncreaseDecreaseAbstract' xlink:type='arc' />
<link:definitionArc order='83.0' xlink:arcrole='http://xbrl.org/int/dim/arcrole/domain-member' xlink:from='loc_OtherComprehensiveIncomeLossNetOfTaxPeriodIncreaseDecreaseAbstract' xlink:to='loc_OtherComprehensiveIncomeDerivativesQualifyingAsHedgesNetOfTaxPeriodIncreaseDecreaseAbstract' xlink:type='arc' />
<link:definitionArc order='84.0' xlink:arcrole='http://xbrl.org/int/dim/arcrole/domain-member' xlink:from='loc_OtherComprehensiveIncomeLossNetOfTaxPeriodIncreaseDecreaseAbstract' xlink:to='loc_OtherComprehensiveIncomeForeignCurrencyTransactionAndTranslationAdjustmentNetOfTaxPeriodIncreaseDecreaseAbstract' xlink:type='arc' />
<link:definitionArc order='85.0' xlink:arcrole='http://xbrl.org/int/dim/arcrole/domain-member' xlink:from='loc_OtherComprehensiveIncomeLossNetOfTaxPeriodIncreaseDecreaseAbstract' xlink:to='loc_OtherComprehensiveIncomeDefinedBenefitPlansAdjustmentNetOfTaxPeriodIncreaseDecreaseAbstract' xlink:type='arc' />
<link:definitionArc order='86.0' xlink:arcrole='http://xbrl.org/int/dim/arcrole/domain-member' xlink:from='loc_OtherComprehensiveIncomeLossNetOfTaxPeriodIncreaseDecreaseAbstract' xlink:to='loc_OtherComprehensiveIncomeLossNetOfTaxPeriodIncreaseDecrease' xlink:type='arc' />
<link:definitionArc order='87.0' xlink:arcrole='http://xbrl.org/int/dim/arcrole/domain-member' xlink:from='loc_OtherComprehensiveIncomeAvailableForSaleSecuritiesAdjustmentNetOfTaxPeriodIncreaseDecreaseAbstract' xlink:to='loc_OtherComprehensiveIncomeUnrealizedHoldingGainLossOnSecuritiesArisingDuringPeriodNetOfTax' xlink:type='arc' />
<link:definitionArc order='88.0' xlink:arcrole='http://xbrl.org/int/dim/arcrole/domain-member' xlink:from='loc_OtherComprehensiveIncomeAvailableForSaleSecuritiesAdjustmentNetOfTaxPeriodIncreaseDecreaseAbstract' xlink:to='loc_OtherComprehensiveIncomeReclassificationAdjustmentForHeldToMaturityTransferredToAvailableForSaleSecuritiesNetOfTax' xlink:type='arc' />
<link:definitionArc order='89.0' xlink:arcrole='http://xbrl.org/int/dim/arcrole/domain-member' xlink:from='loc_OtherComprehensiveIncomeAvailableForSaleSecuritiesAdjustmentNetOfTaxPeriodIncreaseDecreaseAbstract' xlink:to='loc_OtherComprehensiveIncomeReclassificationAdjustmentForSaleOfSecuritiesIncludedInNetIncomeNetOfTax' xlink:type='arc' />
<link:definitionArc order='90.0' xlink:arcrole='http://xbrl.org/int/dim/arcrole/domain-member' xlink:from='loc_OtherComprehensiveIncomeAvailableForSaleSecuritiesAdjustmentNetOfTaxPeriodIncreaseDecreaseAbstract' xlink:to='loc_OtherComprehensiveIncomeReclassificationAdjustmentForWriteDownOfSecuritiesIncludedInNetIncomeNetOfTax' xlink:type='arc' />
<link:definitionArc order='91.0' xlink:arcrole='http://xbrl.org/int/dim/arcrole/domain-member' xlink:from='loc_OtherComprehensiveIncomeAvailableForSaleSecuritiesAdjustmentNetOfTaxPeriodIncreaseDecreaseAbstract' xlink:to='loc_OtherComprehensiveIncomeAvailableForSaleSecuritiesAdjustmentNetOfTaxPeriodIncreaseDecrease' xlink:type='arc' />
<link:definitionArc order='92.0' xlink:arcrole='http://xbrl.org/int/dim/arcrole/domain-member' xlink:from='loc_OtherComprehensiveIncomeDerivativesQualifyingAsHedgesNetOfTaxPeriodIncreaseDecreaseAbstract' xlink:to='loc_OtherComprehensiveIncomeUnrealizedGainLossOnDerivativesArisingDuringPeriodNetOfTax' xlink:type='arc' />
<link:definitionArc order='93.0' xlink:arcrole='http://xbrl.org/int/dim/arcrole/domain-member' xlink:from='loc_OtherComprehensiveIncomeDerivativesQualifyingAsHedgesNetOfTaxPeriodIncreaseDecreaseAbstract' xlink:to='loc_OtherComprehensiveIncomeReclassificationAdjustmentOnDerivativesIncludedInNetIncomeNetOfTax' xlink:type='arc' />
<link:definitionArc order='94.0' xlink:arcrole='http://xbrl.org/int/dim/arcrole/domain-member' xlink:from='loc_OtherComprehensiveIncomeDerivativesQualifyingAsHedgesNetOfTaxPeriodIncreaseDecreaseAbstract' xlink:to='loc_OtherComprehensiveIncomeDerivativesQualifyingAsHedgesNetOfTaxPeriodIncreaseDecrease' xlink:type='arc' />
<link:definitionArc order='95.0' xlink:arcrole='http://xbrl.org/int/dim/arcrole/domain-member' xlink:from='loc_OtherComprehensiveIncomeForeignCurrencyTransactionAndTranslationAdjustmentNetOfTaxPeriodIncreaseDecreaseAbstract' xlink:to='loc_OtherComprehensiveIncomeForeignCurrencyTransactionAndTranslationGainLossArisingDuringPeriodNetOfTax' xlink:type='arc' />
<link:definitionArc order='96.0' xlink:arcrole='http://xbrl.org/int/dim/arcrole/domain-member' xlink:from='loc_OtherComprehensiveIncomeForeignCurrencyTransactionAndTranslationAdjustmentNetOfTaxPeriodIncreaseDecreaseAbstract' xlink:to='loc_OtherComprehensiveIncomeForeignCurrencyTransactionAndTranslationReclassificationAdjustmentRealizedUponSaleOrLiquidationNetOfTax' xlink:type='arc' />
<link:definitionArc order='97.0' xlink:arcrole='http://xbrl.org/int/dim/arcrole/domain-member' xlink:from='loc_OtherComprehensiveIncomeForeignCurrencyTransactionAndTranslationAdjustmentNetOfTaxPeriodIncreaseDecreaseAbstract' xlink:to='loc_OtherComprehensiveIncomeForeignCurrencyTransactionAndTranslationAdjustmentNetOfTaxPeriodIncreaseDecrease' xlink:type='arc' />
<link:definitionArc order='98.0' xlink:arcrole='http://xbrl.org/int/dim/arcrole/domain-member' xlink:from='loc_OtherComprehensiveIncomeDefinedBenefitPlansAdjustmentNetOfTaxPeriodIncreaseDecreaseAbstract' xlink:to='loc_OtherComprehensiveIncomeDefinedBenefitPlansNetUnamortizedGainLossArisingDuringPeriodNetOfTax' xlink:type='arc' />
<link:definitionArc order='99.0' xlink:arcrole='http://xbrl.org/int/dim/arcrole/domain-member' xlink:from='loc_OtherComprehensiveIncomeDefinedBenefitPlansAdjustmentNetOfTaxPeriodIncreaseDecreaseAbstract' xlink:to='loc_OtherComprehensiveIncomeReclassificationOfDefinedBenefitPlansNetGainLossRecognizedInNetPeriodicBenefitCostNetOfTax' xlink:type='arc' />
<link:definitionArc order='100.0' xlink:arcrole='http://xbrl.org/int/dim/arcrole/domain-member' xlink:from='loc_OtherComprehensiveIncomeDefinedBenefitPlansAdjustmentNetOfTaxPeriodIncreaseDecreaseAbstract' xlink:to='loc_OtherComprehensiveIncomeDefinedBenefitPlanNetPriorServiceCostsCreditArisingDuringPeriodNetOfTax' xlink:type='arc' />
<link:definitionArc order='101.0' xlink:arcrole='http://xbrl.org/int/dim/arcrole/domain-member' xlink:from='loc_OtherComprehensiveIncomeDefinedBenefitPlansAdjustmentNetOfTaxPeriodIncreaseDecreaseAbstract' xlink:to='loc_OtherComprehensiveIncomeAmortizationOfDefinedBenefitPlanNetPriorServiceCostRecognizedInNetPeriodicPensionCostNetOfTax' xlink:type='arc' />
<link:definitionArc order='102.0' xlink:arcrole='http://xbrl.org/int/dim/arcrole/domain-member' xlink:from='loc_OtherComprehensiveIncomeDefinedBenefitPlansAdjustmentNetOfTaxPeriodIncreaseDecreaseAbstract' xlink:to='loc_OtherComprehensiveIncomeReclassificationOfDefinedBenefitPlanNetTransitionAssetObligationRecognizedInNetPeriodicBenefitCostNetOfTax' xlink:type='arc' />
<link:definitionArc order='103.0' xlink:arcrole='http://xbrl.org/int/dim/arcrole/domain-member' xlink:from='loc_OtherComprehensiveIncomeDefinedBenefitPlansAdjustmentNetOfTaxPeriodIncreaseDecreaseAbstract' xlink:to='loc_OtherComprehensiveIncomeMinimumPensionLiabilityNetAdjustmentNetOfTax' xlink:type='arc' />
<link:definitionArc order='104.0' xlink:arcrole='http://xbrl.org/int/dim/arcrole/domain-member' xlink:from='loc_OtherComprehensiveIncomeDefinedBenefitPlansAdjustmentNetOfTaxPeriodIncreaseDecreaseAbstract' xlink:to='loc_OtherComprehensiveIncomeFinalizationOfPensionAndNonPensionPostretirementPlanValuationNetOfTax' xlink:type='arc' />
<link:definitionArc order='105.0' xlink:arcrole='http://xbrl.org/int/dim/arcrole/domain-member' xlink:from='loc_OtherComprehensiveIncomeDefinedBenefitPlansAdjustmentNetOfTaxPeriodIncreaseDecreaseAbstract' xlink:to='loc_OtherComprehensiveIncomeDefinedBenefitPlansAdjustmentNetOfTaxPeriodIncreaseDecrease' xlink:type='arc' />
<link:definitionArc order='106.0' xlink:arcrole='http://xbrl.org/int/dim/arcrole/domain-member' xlink:from='loc_CumulativeEffectOfInitialAdoptionOfNewAccountingPrincipleAbstract' xlink:to='loc_CumulativeEffectOfInitialAdoptionOfNewAccountingPrinciple' xlink:type='arc' />
<link:definitionArc order='107.0' xlink:arcrole='http://xbrl.org/int/dim/arcrole/domain-member' xlink:from='loc_CumulativeEffectOfInitialAdoptionOfNewAccountingPrincipleAbstract' xlink:to='loc_CumulativeEffectOfInitialAdoptionOfSFAS159' xlink:type='arc' />
<link:definitionArc order='108.0' xlink:arcrole='http://xbrl.org/int/dim/arcrole/domain-member' xlink:from='loc_CumulativeEffectOfInitialAdoptionOfNewAccountingPrincipleAbstract' xlink:to='loc_CumulativeEffectOfInitialAdoptionOfSFAS158' xlink:type='arc' />
<link:definitionArc order='109.0' xlink:arcrole='http://xbrl.org/int/dim/arcrole/domain-member' xlink:from='loc_CumulativeEffectOfInitialAdoptionOfNewAccountingPrincipleAbstract' xlink:to='loc_CumulativeEffectOfInitialAdoptionOfFIN48' xlink:type='arc' />
<link:definitionArc order='110.0' xlink:arcrole='http://xbrl.org/int/dim/arcrole/domain-member' xlink:from='loc_NetIncomeLossAbstract' xlink:to='loc_IncomeLossFromContinuingOperations' xlink:type='arc' />
<link:definitionArc order='111.0' xlink:arcrole='http://xbrl.org/int/dim/arcrole/domain-member' xlink:from='loc_NetIncomeLossAbstract' xlink:to='loc_IncomeLossFromDiscontinuedOperationsNetOfTax' xlink:type='arc' />
<link:definitionArc order='112.0' xlink:arcrole='http://xbrl.org/int/dim/arcrole/domain-member' xlink:from='loc_NetIncomeLossAbstract' xlink:to='loc_ExtraordinaryItemNetOfTax' xlink:type='arc' />
<link:definitionArc order='113.0' xlink:arcrole='http://xbrl.org/int/dim/arcrole/domain-member' xlink:from='loc_NetIncomeLossAbstract' xlink:to='loc_CumulativeEffectOfChangeInAccountingPrinciplePresentedOnIncomeStatementNetOfTax' xlink:type='arc' />
<link:definitionArc order='114.0' xlink:arcrole='http://xbrl.org/int/dim/arcrole/domain-member' xlink:from='loc_NetIncomeLossAbstract' xlink:to='loc_NetIncomeLoss' xlink:type='arc' />
<link:definitionArc order='115.0' xlink:arcrole='http://xbrl.org/int/dim/arcrole/domain-member' xlink:from='loc_Dividends' xlink:to='loc_DividendsCommonStock' xlink:type='arc' />
<link:definitionArc order='116.0' xlink:arcrole='http://xbrl.org/int/dim/arcrole/domain-member' xlink:from='loc_Dividends' xlink:to='loc_DividendsPreferredStock' xlink:type='arc' />
<link:definitionArc order='117.0' xlink:arcrole='http://xbrl.org/int/dim/arcrole/domain-member' xlink:from='loc_RetainedEarningsAccumulatedDeficitDividendPerShareDeclaredCommonStockParentheticalDisclosureAbstract' xlink:to='loc_CommonStockDividendsPerShareDeclared' xlink:type='arc' />
<link:definitionArc order='118.0' xlink:arcrole='http://xbrl.org/int/dim/arcrole/domain-member' xlink:from='loc_StockholdersEquityPeriodIncreaseDecrease' xlink:to='loc_StockIssuedDuringPeriodSharesPeriodIncreaseDecrease' xlink:type='arc' />
</link:definitionLink>
<link:definitionLink xlink:role='http://xbrl.us/us-gaap/role/statement/StatementOfShareholdersEquityAndOtherComprehensiveIncome' xlink:type='extended'>
<link:loc xlink:href='../elts/us-gaap-2008-03-31.xsd#us-gaap_EquityComponentDomain' xlink:label='loc_EquityComponentDomain' xlink:type='locator' />
<link:loc xlink:href='../elts/us-gaap-2008-03-31.xsd#us-gaap_CommonStockMember' xlink:label='loc_CommonStockMember' xlink:type='locator' />
<link:loc xlink:href='../elts/us-gaap-2008-03-31.xsd#us-gaap_CommonStockAtParValueMember' xlink:label='loc_CommonStockAtParValueMember' xlink:type='locator' />
<link:loc xlink:href='../elts/us-gaap-2008-03-31.xsd#us-gaap_PreferredStockMember' xlink:label='loc_PreferredStockMember' xlink:type='locator' />
<link:loc xlink:href='../elts/us-gaap-2008-03-31.xsd#us-gaap_PreferredStockAtParValueMember' xlink:label='loc_PreferredStockAtParValueMember' xlink:type='locator' />
<link:loc xlink:href='../elts/us-gaap-2008-03-31.xsd#us-gaap_CapitalUnitsMember' xlink:label='loc_CapitalUnitsMember' xlink:type='locator' />
<link:loc xlink:href='../elts/us-gaap-2008-03-31.xsd#us-gaap_CommonStockIncludingAdditionalPaidInCapitalMember' xlink:label='loc_CommonStockIncludingAdditionalPaidInCapitalMember' xlink:type='locator' />
<link:loc xlink:href='../elts/us-gaap-2008-03-31.xsd#us-gaap_PreferredStockIncludingAdditionalPaidInCapitalMember' xlink:label='loc_PreferredStockIncludingAdditionalPaidInCapitalMember' xlink:type='locator' />
<link:loc xlink:href='../elts/us-gaap-2008-03-31.xsd#us-gaap_AdditionalPaidInCapitalMember' xlink:label='loc_AdditionalPaidInCapitalMember' xlink:type='locator' />
<link:loc xlink:href='../elts/us-gaap-2008-03-31.xsd#us-gaap_TreasuryStockMember' xlink:label='loc_TreasuryStockMember' xlink:type='locator' />
<link:loc xlink:href='../elts/us-gaap-2008-03-31.xsd#us-gaap_RetainedEarningsMember' xlink:label='loc_RetainedEarningsMember' xlink:type='locator' />
<link:loc xlink:href='../elts/us-gaap-2008-03-31.xsd#us-gaap_AccumulatedOtherComprehensiveIncomeMember' xlink:label='loc_AccumulatedOtherComprehensiveIncomeMember' xlink:type='locator' />
<link:loc xlink:href='../elts/us-gaap-2008-03-31.xsd#us-gaap_ComprehensiveIncomeMember' xlink:label='loc_ComprehensiveIncomeMember' xlink:type='locator' />
<link:loc xlink:href='../elts/us-gaap-2008-03-31.xsd#us-gaap_RetainedEarningsAppropriatedMember' xlink:label='loc_RetainedEarningsAppropriatedMember' xlink:type='locator' />
<link:loc xlink:href='../elts/us-gaap-2008-03-31.xsd#us-gaap_RetainedEarningsUnappropriatedMember' xlink:label='loc_RetainedEarningsUnappropriatedMember' xlink:type='locator' />
<link:loc xlink:href='../elts/us-gaap-2008-03-31.xsd#us-gaap_UndistributedIncomeFromOtherThanGainOrLossOnSaleOfPropertiesMember' xlink:label='loc_UndistributedIncomeFromOtherThanGainOrLossOnSaleOfPropertiesMember' xlink:type='locator' />
<link:loc xlink:href='../elts/us-gaap-2008-03-31.xsd#us-gaap_UndistributedNetRealizedGainOrLossOnSaleOfPropertiesMember' xlink:label='loc_UndistributedNetRealizedGainOrLossOnSaleOfPropertiesMember' xlink:type='locator' />
<link:loc xlink:href='../elts/us-gaap-2008-03-31.xsd#us-gaap_AccumulatedNetUnrealizedInvestmentGainLossMember' xlink:label='loc_AccumulatedNetUnrealizedInvestmentGainLossMember' xlink:type='locator' />
<link:loc xlink:href='../elts/us-gaap-2008-03-31.xsd#us-gaap_AccumulatedNetGainLossFromDesignatedOrQualifyingCashFlowHedgesMember' xlink:label='loc_AccumulatedNetGainLossFromDesignatedOrQualifyingCashFlowHedgesMember' xlink:type='locator' />
<link:loc xlink:href='../elts/us-gaap-2008-03-31.xsd#us-gaap_AccumulatedTranslationAdjustmentMember' xlink:label='loc_AccumulatedTranslationAdjustmentMember' xlink:type='locator' />
<link:loc xlink:href='../elts/us-gaap-2008-03-31.xsd#us-gaap_AccumulatedDefinedBenefitPlansAdjustmentMember' xlink:label='loc_AccumulatedDefinedBenefitPlansAdjustmentMember' xlink:type='locator' />
<link:definitionArc order='1.0' xlink:arcrole='http://xbrl.org/int/dim/arcrole/domain-member' xlink:from='loc_EquityComponentDomain' xlink:to='loc_CommonStockMember' xlink:type='arc' />
<link:definitionArc order='2.0' xlink:arcrole='http://xbrl.org/int/dim/arcrole/domain-member' xlink:from='loc_EquityComponentDomain' xlink:to='loc_CommonStockAtParValueMember' xlink:type='arc' />
<link:definitionArc order='3.0' xlink:arcrole='http://xbrl.org/int/dim/arcrole/domain-member' xlink:from='loc_EquityComponentDomain' xlink:to='loc_PreferredStockMember' xlink:type='arc' />
<link:definitionArc order='4.0' xlink:arcrole='http://xbrl.org/int/dim/arcrole/domain-member' xlink:from='loc_EquityComponentDomain' xlink:to='loc_PreferredStockAtParValueMember' xlink:type='arc' />
<link:definitionArc order='5.0' xlink:arcrole='http://xbrl.org/int/dim/arcrole/domain-member' xlink:from='loc_EquityComponentDomain' xlink:to='loc_CapitalUnitsMember' xlink:type='arc' />
<link:definitionArc order='6.0' xlink:arcrole='http://xbrl.org/int/dim/arcrole/domain-member' xlink:from='loc_EquityComponentDomain' xlink:to='loc_CommonStockIncludingAdditionalPaidInCapitalMember' xlink:type='arc' />
<link:definitionArc order='7.0' xlink:arcrole='http://xbrl.org/int/dim/arcrole/domain-member' xlink:from='loc_EquityComponentDomain' xlink:to='loc_PreferredStockIncludingAdditionalPaidInCapitalMember' xlink:type='arc' />
<link:definitionArc order='8.0' xlink:arcrole='http://xbrl.org/int/dim/arcrole/domain-member' xlink:from='loc_EquityComponentDomain' xlink:to='loc_AdditionalPaidInCapitalMember' xlink:type='arc' />
<link:definitionArc order='9.0' xlink:arcrole='http://xbrl.org/int/dim/arcrole/domain-member' xlink:from='loc_EquityComponentDomain' xlink:to='loc_TreasuryStockMember' xlink:type='arc' />
<link:definitionArc order='10.0' xlink:arcrole='http://xbrl.org/int/dim/arcrole/domain-member' xlink:from='loc_EquityComponentDomain' xlink:to='loc_RetainedEarningsMember' xlink:type='arc' />
<link:definitionArc order='11.0' xlink:arcrole='http://xbrl.org/int/dim/arcrole/domain-member' xlink:from='loc_EquityComponentDomain' xlink:to='loc_AccumulatedOtherComprehensiveIncomeMember' xlink:type='arc' />
<link:definitionArc order='12.0' xlink:arcrole='http://xbrl.org/int/dim/arcrole/domain-member' xlink:from='loc_EquityComponentDomain' xlink:to='loc_ComprehensiveIncomeMember' xlink:type='arc' />
<link:definitionArc order='13.0' xlink:arcrole='http://xbrl.org/int/dim/arcrole/domain-member' xlink:from='loc_RetainedEarningsMember' xlink:to='loc_RetainedEarningsAppropriatedMember' xlink:type='arc' />
<link:definitionArc order='14.0' xlink:arcrole='http://xbrl.org/int/dim/arcrole/domain-member' xlink:from='loc_RetainedEarningsMember' xlink:to='loc_RetainedEarningsUnappropriatedMember' xlink:type='arc' />
<link:definitionArc order='15.0' xlink:arcrole='http://xbrl.org/int/dim/arcrole/domain-member' xlink:from='loc_RetainedEarningsMember' xlink:to='loc_UndistributedIncomeFromOtherThanGainOrLossOnSaleOfPropertiesMember' xlink:type='arc' />
<link:definitionArc order='16.0' xlink:arcrole='http://xbrl.org/int/dim/arcrole/domain-member' xlink:from='loc_RetainedEarningsMember' xlink:to='loc_UndistributedNetRealizedGainOrLossOnSaleOfPropertiesMember' xlink:type='arc' />
<link:definitionArc order='17.0' xlink:arcrole='http://xbrl.org/int/dim/arcrole/domain-member' xlink:from='loc_AccumulatedOtherComprehensiveIncomeMember' xlink:to='loc_AccumulatedNetUnrealizedInvestmentGainLossMember' xlink:type='arc' />
<link:definitionArc order='18.0' xlink:arcrole='http://xbrl.org/int/dim/arcrole/domain-member' xlink:from='loc_AccumulatedOtherComprehensiveIncomeMember' xlink:to='loc_AccumulatedNetGainLossFromDesignatedOrQualifyingCashFlowHedgesMember' xlink:type='arc' />
<link:definitionArc order='19.0' xlink:arcrole='http://xbrl.org/int/dim/arcrole/domain-member' xlink:from='loc_AccumulatedOtherComprehensiveIncomeMember' xlink:to='loc_AccumulatedTranslationAdjustmentMember' xlink:type='arc' />
<link:definitionArc order='20.0' xlink:arcrole='http://xbrl.org/int/dim/arcrole/domain-member' xlink:from='loc_AccumulatedOtherComprehensiveIncomeMember' xlink:to='loc_AccumulatedDefinedBenefitPlansAdjustmentMember' xlink:type='arc' />
</link:definitionLink>
</link:linkbase>
