<?xml version="1.0" encoding="UTF-8" standalone="no"?>

<!--
Copyright (C) 2007, 2008 XBRL US, Inc. All Rights Reserved.
Authorized Uses are Set Forth at http://xbrl.us/legal
  -->
<link:linkbase xmlns:link='http://www.xbrl.org/2003/linkbase' xmlns:xbrldt='http://xbrl.org/2005/xbrldt' xmlns:xlink='http://www.w3.org/1999/xlink' xmlns:xsi='http://www.w3.org/2001/XMLSchema-instance' xsi:schemaLocation='http://www.xbrl.org/2003/linkbase http://www.xbrl.org/2003/xbrl-linkbase-2003-12-31.xsd'>
<link:roleRef roleURI='http://xbrl.us/us-gaap/role/statement/StatementOfOtherComprehensiveIncome' xlink:href='../elts/us-roles-2008-03-31.xsd#soc' xlink:type='simple' />
<link:arcroleRef arcroleURI='http://xbrl.org/int/dim/arcrole/all' xlink:href='http://www.xbrl.org/2005/xbrldt-2005.xsd#all' xlink:type='simple' />
<link:arcroleRef arcroleURI='http://xbrl.org/int/dim/arcrole/hypercube-dimension' xlink:href='http://www.xbrl.org/2005/xbrldt-2005.xsd#hypercube-dimension' xlink:type='simple' />
<link:arcroleRef arcroleURI='http://xbrl.org/int/dim/arcrole/dimension-domain' xlink:href='http://www.xbrl.org/2005/xbrldt-2005.xsd#dimension-domain' xlink:type='simple' />
<link:arcroleRef arcroleURI='http://xbrl.org/int/dim/arcrole/dimension-default' xlink:href='http://www.xbrl.org/2005/xbrldt-2005.xsd#dimension-default' xlink:type='simple' />
<link:arcroleRef arcroleURI='http://xbrl.org/int/dim/arcrole/domain-member' xlink:href='http://www.xbrl.org/2005/xbrldt-2005.xsd#domain-member' xlink:type='simple' />
<link:definitionLink xlink:role='http://xbrl.us/us-gaap/role/statement/StatementOfOtherComprehensiveIncome' xlink:type='extended'>
<link:loc xlink:href='../elts/us-gaap-2008-03-31.xsd#us-gaap_StatementTable' xlink:label='loc_StatementTable' xlink:type='locator' />
<link:loc xlink:href='../elts/us-gaap-2008-03-31.xsd#us-gaap_StatementLineItems' xlink:label='loc_StatementLineItems' xlink:type='locator' />
<link:definitionArc order='1.0' xbrldt:contextElement='segment' xlink:arcrole='http://xbrl.org/int/dim/arcrole/all' xlink:from='loc_StatementLineItems' xlink:to='loc_StatementTable' xlink:type='arc' />
</link:definitionLink>
<link:definitionLink xlink:role='http://xbrl.us/us-gaap/role/statement/StatementOfOtherComprehensiveIncome' xlink:type='extended'>
<link:loc xlink:href='../elts/us-gaap-2008-03-31.xsd#us-gaap_StatementTable' xlink:label='loc_StatementTable' xlink:type='locator' />
<link:loc xlink:href='../elts/us-gaap-2008-03-31.xsd#us-gaap_StatementScenarioAxis' xlink:label='loc_StatementScenarioAxis' xlink:type='locator' />
<link:definitionArc order='1.0' xlink:arcrole='http://xbrl.org/int/dim/arcrole/hypercube-dimension' xlink:from='loc_StatementTable' xlink:to='loc_StatementScenarioAxis' xlink:type='arc' />
</link:definitionLink>
<link:definitionLink xlink:role='http://xbrl.us/us-gaap/role/statement/StatementOfOtherComprehensiveIncome' xlink:type='extended'>
<link:loc xlink:href='../elts/us-gaap-2008-03-31.xsd#us-gaap_StatementScenarioAxis' xlink:label='loc_StatementScenarioAxis' xlink:type='locator' />
<link:loc xlink:href='../elts/us-gaap-2008-03-31.xsd#us-gaap_ScenarioUnspecifiedDomain' xlink:label='loc_ScenarioUnspecifiedDomain' xlink:type='locator' />
<link:definitionArc order='1.0' xlink:arcrole='http://xbrl.org/int/dim/arcrole/dimension-domain' xlink:from='loc_StatementScenarioAxis' xlink:to='loc_ScenarioUnspecifiedDomain' xlink:type='arc' />
</link:definitionLink>
<link:definitionLink xlink:role='http://xbrl.us/us-gaap/role/statement/StatementOfOtherComprehensiveIncome' xlink:type='extended'>
<link:loc xlink:href='../elts/us-gaap-2008-03-31.xsd#us-gaap_StatementScenarioAxis' xlink:label='loc_StatementScenarioAxis' xlink:type='locator' />
<link:loc xlink:href='../elts/us-gaap-2008-03-31.xsd#us-gaap_ScenarioUnspecifiedDomain' xlink:label='loc_ScenarioUnspecifiedDomain' xlink:type='locator' />
<link:definitionArc order='1.0' xlink:arcrole='http://xbrl.org/int/dim/arcrole/dimension-default' xlink:from='loc_StatementScenarioAxis' xlink:to='loc_ScenarioUnspecifiedDomain' xlink:type='arc' />
</link:definitionLink>
<link:definitionLink xlink:role='http://xbrl.us/us-gaap/role/statement/StatementOfOtherComprehensiveIncome' xlink:type='extended'>
<link:loc xlink:href='../elts/us-gaap-2008-03-31.xsd#us-gaap_StatementLineItems' xlink:label='loc_StatementLineItems' xlink:type='locator' />
<link:loc xlink:href='../elts/us-gaap-2008-03-31.xsd#us-gaap_ComprehensiveIncomeNetOfTaxAbstract' xlink:label='loc_ComprehensiveIncomeNetOfTaxAbstract' xlink:type='locator' />
<link:loc xlink:href='../elts/us-gaap-2008-03-31.xsd#us-gaap_NetIncomeLossAbstract' xlink:label='loc_NetIncomeLossAbstract' xlink:type='locator' />
<link:loc xlink:href='../elts/us-gaap-2008-03-31.xsd#us-gaap_OtherComprehensiveIncomeLossBeforeTaxPeriodIncreaseDecreaseAbstract' xlink:label='loc_OtherComprehensiveIncomeLossBeforeTaxPeriodIncreaseDecreaseAbstract' xlink:type='locator' />
<link:loc xlink:href='../elts/us-gaap-2008-03-31.xsd#us-gaap_OtherComprehensiveIncomeLossTaxAbstract' xlink:label='loc_OtherComprehensiveIncomeLossTaxAbstract' xlink:type='locator' />
<link:loc xlink:href='../elts/us-gaap-2008-03-31.xsd#us-gaap_OtherComprehensiveIncomeLossNetOfTaxPeriodIncreaseDecreaseAbstract' xlink:label='loc_OtherComprehensiveIncomeLossNetOfTaxPeriodIncreaseDecreaseAbstract' xlink:type='locator' />
<link:loc xlink:href='../elts/us-gaap-2008-03-31.xsd#us-gaap_ComprehensiveIncomeNetOfTax' xlink:label='loc_ComprehensiveIncomeNetOfTax' xlink:type='locator' />
<link:loc xlink:href='../elts/us-gaap-2008-03-31.xsd#us-gaap_IncomeLossFromContinuingOperations' xlink:label='loc_IncomeLossFromContinuingOperations' xlink:type='locator' />
<link:loc xlink:href='../elts/us-gaap-2008-03-31.xsd#us-gaap_IncomeLossFromDiscontinuedOperationsNetOfTax' xlink:label='loc_IncomeLossFromDiscontinuedOperationsNetOfTax' xlink:type='locator' />
<link:loc xlink:href='../elts/us-gaap-2008-03-31.xsd#us-gaap_ExtraordinaryItemNetOfTax' xlink:label='loc_ExtraordinaryItemNetOfTax' xlink:type='locator' />
<link:loc xlink:href='../elts/us-gaap-2008-03-31.xsd#us-gaap_CumulativeEffectOfChangeInAccountingPrinciplePresentedOnIncomeStatementNetOfTax' xlink:label='loc_CumulativeEffectOfChangeInAccountingPrinciplePresentedOnIncomeStatementNetOfTax' xlink:type='locator' />
<link:loc xlink:href='../elts/us-gaap-2008-03-31.xsd#us-gaap_NetIncomeLoss' xlink:label='loc_NetIncomeLoss' xlink:type='locator' />
<link:loc xlink:href='../elts/us-gaap-2008-03-31.xsd#us-gaap_OtherComprehensiveIncomeForeignCurrencyTransactionAndTranslationAdjustmentBeforeTaxPeriodIncreaseDecreaseAbstract' xlink:label='loc_OtherComprehensiveIncomeForeignCurrencyTransactionAndTranslationAdjustmentBeforeTaxPeriodIncreaseDecreaseAbstract' xlink:type='locator' />
<link:loc xlink:href='../elts/us-gaap-2008-03-31.xsd#us-gaap_OtherComprehensiveIncomeDefinedBenefitPlansAdjustmentBeforeTaxPeriodIncreaseDecreaseAbstract' xlink:label='loc_OtherComprehensiveIncomeDefinedBenefitPlansAdjustmentBeforeTaxPeriodIncreaseDecreaseAbstract' xlink:type='locator' />
<link:loc xlink:href='../elts/us-gaap-2008-03-31.xsd#us-gaap_OtherComprehensiveIncomeAvailableForSaleSecuritiesAdjustmentBeforeTaxPeriodIncreaseDecreaseAbstract' xlink:label='loc_OtherComprehensiveIncomeAvailableForSaleSecuritiesAdjustmentBeforeTaxPeriodIncreaseDecreaseAbstract' xlink:type='locator' />
<link:loc xlink:href='../elts/us-gaap-2008-03-31.xsd#us-gaap_OtherComprehensiveIncomeDerivativesQualifyingAsHedgesBeforeTaxPeriodIncreaseDecreaseAbstract' xlink:label='loc_OtherComprehensiveIncomeDerivativesQualifyingAsHedgesBeforeTaxPeriodIncreaseDecreaseAbstract' xlink:type='locator' />
<link:loc xlink:href='../elts/us-gaap-2008-03-31.xsd#us-gaap_OtherComprehensiveIncomeLossBeforeTaxPeriodIncreaseDecrease' xlink:label='loc_OtherComprehensiveIncomeLossBeforeTaxPeriodIncreaseDecrease' xlink:type='locator' />
<link:loc xlink:href='../elts/us-gaap-2008-03-31.xsd#us-gaap_OtherComprehensiveIncomeForeignCurrencyTransactionAndTranslationGainLossBeforeReclassificationAndTax' xlink:label='loc_OtherComprehensiveIncomeForeignCurrencyTransactionAndTranslationGainLossBeforeReclassificationAndTax' xlink:type='locator' />
<link:loc xlink:href='../elts/us-gaap-2008-03-31.xsd#us-gaap_OtherComprehensiveIncomeForeignCurrencyTransactionAndTranslationReclassificationAdjustmentRealizedUponSaleOrLiquidationBeforeTax' xlink:label='loc_OtherComprehensiveIncomeForeignCurrencyTransactionAndTranslationReclassificationAdjustmentRealizedUponSaleOrLiquidationBeforeTax' xlink:type='locator' />
<link:loc xlink:href='../elts/us-gaap-2008-03-31.xsd#us-gaap_OtherComprehensiveIncomeForeignCurrencyTransactionAndTranslationAdjustmentBeforeTaxPeriodIncreaseDecrease' xlink:label='loc_OtherComprehensiveIncomeForeignCurrencyTransactionAndTranslationAdjustmentBeforeTaxPeriodIncreaseDecrease' xlink:type='locator' />
<link:loc xlink:href='../elts/us-gaap-2008-03-31.xsd#us-gaap_OtherComprehensiveIncomeDefinedBenefitPlansNetUnamortizedGainLossArisingDuringPeriodBeforeTax' xlink:label='loc_OtherComprehensiveIncomeDefinedBenefitPlansNetUnamortizedGainLossArisingDuringPeriodBeforeTax' xlink:type='locator' />
<link:loc xlink:href='../elts/us-gaap-2008-03-31.xsd#us-gaap_OtherComprehensiveIncomeReclassificationOfDefinedBenefitPlansNetGainLossRecognizedInNetPeriodicBenefitCostBeforeTax' xlink:label='loc_OtherComprehensiveIncomeReclassificationOfDefinedBenefitPlansNetGainLossRecognizedInNetPeriodicBenefitCostBeforeTax' xlink:type='locator' />
<link:loc xlink:href='../elts/us-gaap-2008-03-31.xsd#us-gaap_OtherComprehensiveIncomeDefinedBenefitPlanNetPriorServiceCostCreditArisingDuringPeriodBeforeTax' xlink:label='loc_OtherComprehensiveIncomeDefinedBenefitPlanNetPriorServiceCostCreditArisingDuringPeriodBeforeTax' xlink:type='locator' />
<link:loc xlink:href='../elts/us-gaap-2008-03-31.xsd#us-gaap_OtherComprehensiveIncomeAmortizationOfDefinedBenefitPlanNetPriorServiceCostCreditRecognizedInNetPeriodicBenefitCostBeforeTax' xlink:label='loc_OtherComprehensiveIncomeAmortizationOfDefinedBenefitPlanNetPriorServiceCostCreditRecognizedInNetPeriodicBenefitCostBeforeTax' xlink:type='locator' />
<link:loc xlink:href='../elts/us-gaap-2008-03-31.xsd#us-gaap_OtherComprehensiveIncomeReclassificationOfDefinedBenefitPlanNetTransitionAssetObligationRecognizedInNetPeriodicBenefitCostBeforeTax' xlink:label='loc_OtherComprehensiveIncomeReclassificationOfDefinedBenefitPlanNetTransitionAssetObligationRecognizedInNetPeriodicBenefitCostBeforeTax' xlink:type='locator' />
<link:loc xlink:href='../elts/us-gaap-2008-03-31.xsd#us-gaap_OtherComprehensiveIncomeMinimumPensionLiabilityNetAdjustmentBeforeTax' xlink:label='loc_OtherComprehensiveIncomeMinimumPensionLiabilityNetAdjustmentBeforeTax' xlink:type='locator' />
<link:loc xlink:href='../elts/us-gaap-2008-03-31.xsd#us-gaap_OtherComprehensiveIncomeFinalizationOfPensionAndNonPensionPostretirementPlanValuationBeforeTax' xlink:label='loc_OtherComprehensiveIncomeFinalizationOfPensionAndNonPensionPostretirementPlanValuationBeforeTax' xlink:type='locator' />
<link:loc xlink:href='../elts/us-gaap-2008-03-31.xsd#us-gaap_OtherComprehensiveIncomeDefinedBenefitPlansAdjustmentBeforeTaxPeriodIncreaseDecrease' xlink:label='loc_OtherComprehensiveIncomeDefinedBenefitPlansAdjustmentBeforeTaxPeriodIncreaseDecrease' xlink:type='locator' />
<link:loc xlink:href='../elts/us-gaap-2008-03-31.xsd#us-gaap_OtherComprehensiveIncomeUnrealizedHoldingGainLossOnSecuritiesArisingDuringPeriodBeforeTax' xlink:label='loc_OtherComprehensiveIncomeUnrealizedHoldingGainLossOnSecuritiesArisingDuringPeriodBeforeTax' xlink:type='locator' />
<link:loc xlink:href='../elts/us-gaap-2008-03-31.xsd#us-gaap_OtherComprehensiveIncomeReclassificationAdjustmentForHeldToMaturityTransferredToAvailableForSaleSecuritiesBeforeTax' xlink:label='loc_OtherComprehensiveIncomeReclassificationAdjustmentForHeldToMaturityTransferredToAvailableForSaleSecuritiesBeforeTax' xlink:type='locator' />
<link:loc xlink:href='../elts/us-gaap-2008-03-31.xsd#us-gaap_OtherComprehensiveIncomeReclassificationAdjustmentForSaleOfSecuritiesIncludedInNetIncomeBeforeTax' xlink:label='loc_OtherComprehensiveIncomeReclassificationAdjustmentForSaleOfSecuritiesIncludedInNetIncomeBeforeTax' xlink:type='locator' />
<link:loc xlink:href='../elts/us-gaap-2008-03-31.xsd#us-gaap_OtherComprehensiveIncomeReclassificationAdjustmentForWriteDownOfSecuritiesIncludedInNetIncomeBeforeTax' xlink:label='loc_OtherComprehensiveIncomeReclassificationAdjustmentForWriteDownOfSecuritiesIncludedInNetIncomeBeforeTax' xlink:type='locator' />
<link:loc xlink:href='../elts/us-gaap-2008-03-31.xsd#us-gaap_OtherComprehensiveIncomeAvailableForSaleSecuritiesAdjustmentBeforeTaxPeriodIncreaseDecrease' xlink:label='loc_OtherComprehensiveIncomeAvailableForSaleSecuritiesAdjustmentBeforeTaxPeriodIncreaseDecrease' xlink:type='locator' />
<link:loc xlink:href='../elts/us-gaap-2008-03-31.xsd#us-gaap_OtherComprehensiveIncomeUnrealizedGainLossOnDerivativesArisingDuringPeriodBeforeTax' xlink:label='loc_OtherComprehensiveIncomeUnrealizedGainLossOnDerivativesArisingDuringPeriodBeforeTax' xlink:type='locator' />
<link:loc xlink:href='../elts/us-gaap-2008-03-31.xsd#us-gaap_OtherComprehensiveIncomeReclassificationAdjustmentOnDerivativesIncludedInNetIncomeBeforeTax' xlink:label='loc_OtherComprehensiveIncomeReclassificationAdjustmentOnDerivativesIncludedInNetIncomeBeforeTax' xlink:type='locator' />
<link:loc xlink:href='../elts/us-gaap-2008-03-31.xsd#us-gaap_OtherComprehensiveIncomeDerivativesQualifyingAsHedgesBeforeTaxPeriodIncreaseDecrease' xlink:label='loc_OtherComprehensiveIncomeDerivativesQualifyingAsHedgesBeforeTaxPeriodIncreaseDecrease' xlink:type='locator' />
<link:loc xlink:href='../elts/us-gaap-2008-03-31.xsd#us-gaap_OtherComprehensiveIncomeForeignCurrencyTranslationAdjustmentTaxAbstract' xlink:label='loc_OtherComprehensiveIncomeForeignCurrencyTranslationAdjustmentTaxAbstract' xlink:type='locator' />
<link:loc xlink:href='../elts/us-gaap-2008-03-31.xsd#us-gaap_OtherComprehensiveIncomeDefinedBenefitPlansTaxAbstract' xlink:label='loc_OtherComprehensiveIncomeDefinedBenefitPlansTaxAbstract' xlink:type='locator' />
<link:loc xlink:href='../elts/us-gaap-2008-03-31.xsd#us-gaap_OtherComprehensiveIncomeAvailableForSaleSecuritiesTaxAbstract' xlink:label='loc_OtherComprehensiveIncomeAvailableForSaleSecuritiesTaxAbstract' xlink:type='locator' />
<link:loc xlink:href='../elts/us-gaap-2008-03-31.xsd#us-gaap_OtherComprehensiveIncomeDerivativesQualifyingAsHedgesTaxEffectPeriodIncreaseDecreaseAbstract' xlink:label='loc_OtherComprehensiveIncomeDerivativesQualifyingAsHedgesTaxEffectPeriodIncreaseDecreaseAbstract' xlink:type='locator' />
<link:loc xlink:href='../elts/us-gaap-2008-03-31.xsd#us-gaap_OtherComprehensiveIncomeLossTax' xlink:label='loc_OtherComprehensiveIncomeLossTax' xlink:type='locator' />
<link:loc xlink:href='../elts/us-gaap-2008-03-31.xsd#us-gaap_OtherComprehensiveIncomeForeignCurrencyTranslationGainLossArisingDuringPeriodTax' xlink:label='loc_OtherComprehensiveIncomeForeignCurrencyTranslationGainLossArisingDuringPeriodTax' xlink:type='locator' />
<link:loc xlink:href='../elts/us-gaap-2008-03-31.xsd#us-gaap_OtherComprehensiveIncomeForeignCurrencyTranslationReclassificationAdjustmentRealizedUponSaleOrLiquidationTax' xlink:label='loc_OtherComprehensiveIncomeForeignCurrencyTranslationReclassificationAdjustmentRealizedUponSaleOrLiquidationTax' xlink:type='locator' />
<link:loc xlink:href='../elts/us-gaap-2008-03-31.xsd#us-gaap_OtherComprehensiveIncomeForeignCurrencyTranslationAdjustmentTax' xlink:label='loc_OtherComprehensiveIncomeForeignCurrencyTranslationAdjustmentTax' xlink:type='locator' />
<link:loc xlink:href='../elts/us-gaap-2008-03-31.xsd#us-gaap_OtherComprehensiveIncomeDefinedBenefitPlansNetUnamortizedGainLossArisingDuringPeriodTax' xlink:label='loc_OtherComprehensiveIncomeDefinedBenefitPlansNetUnamortizedGainLossArisingDuringPeriodTax' xlink:type='locator' />
<link:loc xlink:href='../elts/us-gaap-2008-03-31.xsd#us-gaap_OtherComprehensiveIncomeReclassificationOfDefinedBenefitPlansNetGainLossRecognizedInNetPeriodicBenefitCostTax' xlink:label='loc_OtherComprehensiveIncomeReclassificationOfDefinedBenefitPlansNetGainLossRecognizedInNetPeriodicBenefitCostTax' xlink:type='locator' />
<link:loc xlink:href='../elts/us-gaap-2008-03-31.xsd#us-gaap_OtherComprehensiveIncomeDefinedBenefitPlanNetPriorServiceCostsArisingDuringPeriodTax' xlink:label='loc_OtherComprehensiveIncomeDefinedBenefitPlanNetPriorServiceCostsArisingDuringPeriodTax' xlink:type='locator' />
<link:loc xlink:href='../elts/us-gaap-2008-03-31.xsd#us-gaap_OtherComprehensiveIncomeAmortizationOfDefinedBenefitPlanNetPriorServiceCostRecognizedInNetPeriodicPensionCostTax' xlink:label='loc_OtherComprehensiveIncomeAmortizationOfDefinedBenefitPlanNetPriorServiceCostRecognizedInNetPeriodicPensionCostTax' xlink:type='locator' />
<link:loc xlink:href='../elts/us-gaap-2008-03-31.xsd#us-gaap_OtherComprehensiveIncomeReclassificationOfDefinedBenefitPlantNetTransitionAssetObligationRecognizedInNetPeriodicBenefitCostTax' xlink:label='loc_OtherComprehensiveIncomeReclassificationOfDefinedBenefitPlantNetTransitionAssetObligationRecognizedInNetPeriodicBenefitCostTax' xlink:type='locator' />
<link:loc xlink:href='../elts/us-gaap-2008-03-31.xsd#us-gaap_OtherComprehensiveIncomeMinimumPensionLiabilityNetAdjustmentTax' xlink:label='loc_OtherComprehensiveIncomeMinimumPensionLiabilityNetAdjustmentTax' xlink:type='locator' />
<link:loc xlink:href='../elts/us-gaap-2008-03-31.xsd#us-gaap_OtherComprehensiveIncomeFinalizationOfPensionAndNonPensionPostretirementPlanValuationTax' xlink:label='loc_OtherComprehensiveIncomeFinalizationOfPensionAndNonPensionPostretirementPlanValuationTax' xlink:type='locator' />
<link:loc xlink:href='../elts/us-gaap-2008-03-31.xsd#us-gaap_OtherComprehensiveIncomeDefinedBenefitPlansTax' xlink:label='loc_OtherComprehensiveIncomeDefinedBenefitPlansTax' xlink:type='locator' />
<link:loc xlink:href='../elts/us-gaap-2008-03-31.xsd#us-gaap_OtherComprehensiveIncomeUnrealizedHoldingGainLossOnSecuritiesArisingDuringPeriodTax' xlink:label='loc_OtherComprehensiveIncomeUnrealizedHoldingGainLossOnSecuritiesArisingDuringPeriodTax' xlink:type='locator' />
<link:loc xlink:href='../elts/us-gaap-2008-03-31.xsd#us-gaap_OtherComprehensiveIncomeReclassificationAdjustmentForHeldToMaturityTransferredToAvailableForSaleSecuritiesTax' xlink:label='loc_OtherComprehensiveIncomeReclassificationAdjustmentForHeldToMaturityTransferredToAvailableForSaleSecuritiesTax' xlink:type='locator' />
<link:loc xlink:href='../elts/us-gaap-2008-03-31.xsd#us-gaap_OtherComprehensiveIncomeReclassificationAdjustmentForSaleOfSecuritiesIncludedInNetIncomeTax' xlink:label='loc_OtherComprehensiveIncomeReclassificationAdjustmentForSaleOfSecuritiesIncludedInNetIncomeTax' xlink:type='locator' />
<link:loc xlink:href='../elts/us-gaap-2008-03-31.xsd#us-gaap_OtherComprehensiveIncomeReclassificationAdjustmentForWriteDownOfSecuritiesIncludedInNetIncomeTax' xlink:label='loc_OtherComprehensiveIncomeReclassificationAdjustmentForWriteDownOfSecuritiesIncludedInNetIncomeTax' xlink:type='locator' />
<link:loc xlink:href='../elts/us-gaap-2008-03-31.xsd#us-gaap_OtherComprehensiveIncomeAvailableForSaleSecuritiesTax' xlink:label='loc_OtherComprehensiveIncomeAvailableForSaleSecuritiesTax' xlink:type='locator' />
<link:loc xlink:href='../elts/us-gaap-2008-03-31.xsd#us-gaap_OtherComprehensiveIncomeUnrealizedGainLossOnDerivativesArisingDuringPeriodTax' xlink:label='loc_OtherComprehensiveIncomeUnrealizedGainLossOnDerivativesArisingDuringPeriodTax' xlink:type='locator' />
<link:loc xlink:href='../elts/us-gaap-2008-03-31.xsd#us-gaap_OtherComprehensiveIncomeReclassificationAdjustmentOnDerivativesIncludedInNetIncomeTax' xlink:label='loc_OtherComprehensiveIncomeReclassificationAdjustmentOnDerivativesIncludedInNetIncomeTax' xlink:type='locator' />
<link:loc xlink:href='../elts/us-gaap-2008-03-31.xsd#us-gaap_OtherComprehensiveIncomeDerivativesQualifyingAsHedgesTaxEffectPeriodIncreaseDecrease' xlink:label='loc_OtherComprehensiveIncomeDerivativesQualifyingAsHedgesTaxEffectPeriodIncreaseDecrease' xlink:type='locator' />
<link:loc xlink:href='../elts/us-gaap-2008-03-31.xsd#us-gaap_OtherComprehensiveIncomeForeignCurrencyTransactionAndTranslationAdjustmentNetOfTaxPeriodIncreaseDecreaseAbstract' xlink:label='loc_OtherComprehensiveIncomeForeignCurrencyTransactionAndTranslationAdjustmentNetOfTaxPeriodIncreaseDecreaseAbstract' xlink:type='locator' />
<link:loc xlink:href='../elts/us-gaap-2008-03-31.xsd#us-gaap_OtherComprehensiveIncomeDefinedBenefitPlansAdjustmentNetOfTaxPeriodIncreaseDecreaseAbstract' xlink:label='loc_OtherComprehensiveIncomeDefinedBenefitPlansAdjustmentNetOfTaxPeriodIncreaseDecreaseAbstract' xlink:type='locator' />
<link:loc xlink:href='../elts/us-gaap-2008-03-31.xsd#us-gaap_OtherComprehensiveIncomeAvailableForSaleSecuritiesAdjustmentNetOfTaxPeriodIncreaseDecreaseAbstract' xlink:label='loc_OtherComprehensiveIncomeAvailableForSaleSecuritiesAdjustmentNetOfTaxPeriodIncreaseDecreaseAbstract' xlink:type='locator' />
<link:loc xlink:href='../elts/us-gaap-2008-03-31.xsd#us-gaap_OtherComprehensiveIncomeDerivativesQualifyingAsHedgesNetOfTaxPeriodIncreaseDecreaseAbstract' xlink:label='loc_OtherComprehensiveIncomeDerivativesQualifyingAsHedgesNetOfTaxPeriodIncreaseDecreaseAbstract' xlink:type='locator' />
<link:loc xlink:href='../elts/us-gaap-2008-03-31.xsd#us-gaap_OtherComprehensiveIncomeLossNetOfTaxPeriodIncreaseDecrease' xlink:label='loc_OtherComprehensiveIncomeLossNetOfTaxPeriodIncreaseDecrease' xlink:type='locator' />
<link:loc xlink:href='../elts/us-gaap-2008-03-31.xsd#us-gaap_OtherComprehensiveIncomeForeignCurrencyTransactionAndTranslationGainLossArisingDuringPeriodNetOfTax' xlink:label='loc_OtherComprehensiveIncomeForeignCurrencyTransactionAndTranslationGainLossArisingDuringPeriodNetOfTax' xlink:type='locator' />
<link:loc xlink:href='../elts/us-gaap-2008-03-31.xsd#us-gaap_OtherComprehensiveIncomeForeignCurrencyTransactionAndTranslationReclassificationAdjustmentRealizedUponSaleOrLiquidationNetOfTax' xlink:label='loc_OtherComprehensiveIncomeForeignCurrencyTransactionAndTranslationReclassificationAdjustmentRealizedUponSaleOrLiquidationNetOfTax' xlink:type='locator' />
<link:loc xlink:href='../elts/us-gaap-2008-03-31.xsd#us-gaap_OtherComprehensiveIncomeForeignCurrencyTransactionAndTranslationAdjustmentNetOfTaxPeriodIncreaseDecrease' xlink:label='loc_OtherComprehensiveIncomeForeignCurrencyTransactionAndTranslationAdjustmentNetOfTaxPeriodIncreaseDecrease' xlink:type='locator' />
<link:loc xlink:href='../elts/us-gaap-2008-03-31.xsd#us-gaap_OtherComprehensiveIncomeDefinedBenefitPlansNetUnamortizedGainLossArisingDuringPeriodNetOfTax' xlink:label='loc_OtherComprehensiveIncomeDefinedBenefitPlansNetUnamortizedGainLossArisingDuringPeriodNetOfTax' xlink:type='locator' />
<link:loc xlink:href='../elts/us-gaap-2008-03-31.xsd#us-gaap_OtherComprehensiveIncomeReclassificationOfDefinedBenefitPlansNetGainLossRecognizedInNetPeriodicBenefitCostNetOfTax' xlink:label='loc_OtherComprehensiveIncomeReclassificationOfDefinedBenefitPlansNetGainLossRecognizedInNetPeriodicBenefitCostNetOfTax' xlink:type='locator' />
<link:loc xlink:href='../elts/us-gaap-2008-03-31.xsd#us-gaap_OtherComprehensiveIncomeDefinedBenefitPlanNetPriorServiceCostsCreditArisingDuringPeriodNetOfTax' xlink:label='loc_OtherComprehensiveIncomeDefinedBenefitPlanNetPriorServiceCostsCreditArisingDuringPeriodNetOfTax' xlink:type='locator' />
<link:loc xlink:href='../elts/us-gaap-2008-03-31.xsd#us-gaap_OtherComprehensiveIncomeAmortizationOfDefinedBenefitPlanNetPriorServiceCostRecognizedInNetPeriodicPensionCostNetOfTax' xlink:label='loc_OtherComprehensiveIncomeAmortizationOfDefinedBenefitPlanNetPriorServiceCostRecognizedInNetPeriodicPensionCostNetOfTax' xlink:type='locator' />
<link:loc xlink:href='../elts/us-gaap-2008-03-31.xsd#us-gaap_OtherComprehensiveIncomeReclassificationOfDefinedBenefitPlanNetTransitionAssetObligationRecognizedInNetPeriodicBenefitCostNetOfTax' xlink:label='loc_OtherComprehensiveIncomeReclassificationOfDefinedBenefitPlanNetTransitionAssetObligationRecognizedInNetPeriodicBenefitCostNetOfTax' xlink:type='locator' />
<link:loc xlink:href='../elts/us-gaap-2008-03-31.xsd#us-gaap_OtherComprehensiveIncomeMinimumPensionLiabilityNetAdjustmentNetOfTax' xlink:label='loc_OtherComprehensiveIncomeMinimumPensionLiabilityNetAdjustmentNetOfTax' xlink:type='locator' />
<link:loc xlink:href='../elts/us-gaap-2008-03-31.xsd#us-gaap_OtherComprehensiveIncomeFinalizationOfPensionAndNonPensionPostretirementPlanValuationNetOfTax' xlink:label='loc_OtherComprehensiveIncomeFinalizationOfPensionAndNonPensionPostretirementPlanValuationNetOfTax' xlink:type='locator' />
<link:loc xlink:href='../elts/us-gaap-2008-03-31.xsd#us-gaap_OtherComprehensiveIncomeDefinedBenefitPlansAdjustmentNetOfTaxPeriodIncreaseDecrease' xlink:label='loc_OtherComprehensiveIncomeDefinedBenefitPlansAdjustmentNetOfTaxPeriodIncreaseDecrease' xlink:type='locator' />
<link:loc xlink:href='../elts/us-gaap-2008-03-31.xsd#us-gaap_OtherComprehensiveIncomeUnrealizedHoldingGainLossOnSecuritiesArisingDuringPeriodNetOfTax' xlink:label='loc_OtherComprehensiveIncomeUnrealizedHoldingGainLossOnSecuritiesArisingDuringPeriodNetOfTax' xlink:type='locator' />
<link:loc xlink:href='../elts/us-gaap-2008-03-31.xsd#us-gaap_OtherComprehensiveIncomeReclassificationAdjustmentForHeldToMaturityTransferredToAvailableForSaleSecuritiesNetOfTax' xlink:label='loc_OtherComprehensiveIncomeReclassificationAdjustmentForHeldToMaturityTransferredToAvailableForSaleSecuritiesNetOfTax' xlink:type='locator' />
<link:loc xlink:href='../elts/us-gaap-2008-03-31.xsd#us-gaap_OtherComprehensiveIncomeReclassificationAdjustmentForSaleOfSecuritiesIncludedInNetIncomeNetOfTax' xlink:label='loc_OtherComprehensiveIncomeReclassificationAdjustmentForSaleOfSecuritiesIncludedInNetIncomeNetOfTax' xlink:type='locator' />
<link:loc xlink:href='../elts/us-gaap-2008-03-31.xsd#us-gaap_OtherComprehensiveIncomeReclassificationAdjustmentForWriteDownOfSecuritiesIncludedInNetIncomeNetOfTax' xlink:label='loc_OtherComprehensiveIncomeReclassificationAdjustmentForWriteDownOfSecuritiesIncludedInNetIncomeNetOfTax' xlink:type='locator' />
<link:loc xlink:href='../elts/us-gaap-2008-03-31.xsd#us-gaap_OtherComprehensiveIncomeAvailableForSaleSecuritiesAdjustmentNetOfTaxPeriodIncreaseDecrease' xlink:label='loc_OtherComprehensiveIncomeAvailableForSaleSecuritiesAdjustmentNetOfTaxPeriodIncreaseDecrease' xlink:type='locator' />
<link:loc xlink:href='../elts/us-gaap-2008-03-31.xsd#us-gaap_OtherComprehensiveIncomeUnrealizedGainLossOnDerivativesArisingDuringPeriodNetOfTax' xlink:label='loc_OtherComprehensiveIncomeUnrealizedGainLossOnDerivativesArisingDuringPeriodNetOfTax' xlink:type='locator' />
<link:loc xlink:href='../elts/us-gaap-2008-03-31.xsd#us-gaap_OtherComprehensiveIncomeReclassificationAdjustmentOnDerivativesIncludedInNetIncomeNetOfTax' xlink:label='loc_OtherComprehensiveIncomeReclassificationAdjustmentOnDerivativesIncludedInNetIncomeNetOfTax' xlink:type='locator' />
<link:loc xlink:href='../elts/us-gaap-2008-03-31.xsd#us-gaap_OtherComprehensiveIncomeDerivativesQualifyingAsHedgesNetOfTaxPeriodIncreaseDecrease' xlink:label='loc_OtherComprehensiveIncomeDerivativesQualifyingAsHedgesNetOfTaxPeriodIncreaseDecrease' xlink:type='locator' />
<link:definitionArc order='1.0' xlink:arcrole='http://xbrl.org/int/dim/arcrole/domain-member' xlink:from='loc_StatementLineItems' xlink:to='loc_ComprehensiveIncomeNetOfTaxAbstract' xlink:type='arc' />
<link:definitionArc order='2.0' xlink:arcrole='http://xbrl.org/int/dim/arcrole/domain-member' xlink:from='loc_ComprehensiveIncomeNetOfTaxAbstract' xlink:to='loc_NetIncomeLossAbstract' xlink:type='arc' />
<link:definitionArc order='3.0' xlink:arcrole='http://xbrl.org/int/dim/arcrole/domain-member' xlink:from='loc_ComprehensiveIncomeNetOfTaxAbstract' xlink:to='loc_OtherComprehensiveIncomeLossBeforeTaxPeriodIncreaseDecreaseAbstract' xlink:type='arc' />
<link:definitionArc order='4.0' xlink:arcrole='http://xbrl.org/int/dim/arcrole/domain-member' xlink:from='loc_ComprehensiveIncomeNetOfTaxAbstract' xlink:to='loc_OtherComprehensiveIncomeLossTaxAbstract' xlink:type='arc' />
<link:definitionArc order='5.0' xlink:arcrole='http://xbrl.org/int/dim/arcrole/domain-member' xlink:from='loc_ComprehensiveIncomeNetOfTaxAbstract' xlink:to='loc_OtherComprehensiveIncomeLossNetOfTaxPeriodIncreaseDecreaseAbstract' xlink:type='arc' />
<link:definitionArc order='6.0' xlink:arcrole='http://xbrl.org/int/dim/arcrole/domain-member' xlink:from='loc_ComprehensiveIncomeNetOfTaxAbstract' xlink:to='loc_ComprehensiveIncomeNetOfTax' xlink:type='arc' />
<link:definitionArc order='7.0' xlink:arcrole='http://xbrl.org/int/dim/arcrole/domain-member' xlink:from='loc_NetIncomeLossAbstract' xlink:to='loc_IncomeLossFromContinuingOperations' xlink:type='arc' />
<link:definitionArc order='8.0' xlink:arcrole='http://xbrl.org/int/dim/arcrole/domain-member' xlink:from='loc_NetIncomeLossAbstract' xlink:to='loc_IncomeLossFromDiscontinuedOperationsNetOfTax' xlink:type='arc' />
<link:definitionArc order='9.0' xlink:arcrole='http://xbrl.org/int/dim/arcrole/domain-member' xlink:from='loc_NetIncomeLossAbstract' xlink:to='loc_ExtraordinaryItemNetOfTax' xlink:type='arc' />
<link:definitionArc order='10.0' xlink:arcrole='http://xbrl.org/int/dim/arcrole/domain-member' xlink:from='loc_NetIncomeLossAbstract' xlink:to='loc_CumulativeEffectOfChangeInAccountingPrinciplePresentedOnIncomeStatementNetOfTax' xlink:type='arc' />
<link:definitionArc order='11.0' xlink:arcrole='http://xbrl.org/int/dim/arcrole/domain-member' xlink:from='loc_NetIncomeLossAbstract' xlink:to='loc_NetIncomeLoss' xlink:type='arc' />
<link:definitionArc order='12.0' xlink:arcrole='http://xbrl.org/int/dim/arcrole/domain-member' xlink:from='loc_OtherComprehensiveIncomeLossBeforeTaxPeriodIncreaseDecreaseAbstract' xlink:to='loc_OtherComprehensiveIncomeForeignCurrencyTransactionAndTranslationAdjustmentBeforeTaxPeriodIncreaseDecreaseAbstract' xlink:type='arc' />
<link:definitionArc order='13.0' xlink:arcrole='http://xbrl.org/int/dim/arcrole/domain-member' xlink:from='loc_OtherComprehensiveIncomeLossBeforeTaxPeriodIncreaseDecreaseAbstract' xlink:to='loc_OtherComprehensiveIncomeDefinedBenefitPlansAdjustmentBeforeTaxPeriodIncreaseDecreaseAbstract' xlink:type='arc' />
<link:definitionArc order='14.0' xlink:arcrole='http://xbrl.org/int/dim/arcrole/domain-member' xlink:from='loc_OtherComprehensiveIncomeLossBeforeTaxPeriodIncreaseDecreaseAbstract' xlink:to='loc_OtherComprehensiveIncomeAvailableForSaleSecuritiesAdjustmentBeforeTaxPeriodIncreaseDecreaseAbstract' xlink:type='arc' />
<link:definitionArc order='15.0' xlink:arcrole='http://xbrl.org/int/dim/arcrole/domain-member' xlink:from='loc_OtherComprehensiveIncomeLossBeforeTaxPeriodIncreaseDecreaseAbstract' xlink:to='loc_OtherComprehensiveIncomeDerivativesQualifyingAsHedgesBeforeTaxPeriodIncreaseDecreaseAbstract' xlink:type='arc' />
<link:definitionArc order='16.0' xlink:arcrole='http://xbrl.org/int/dim/arcrole/domain-member' xlink:from='loc_OtherComprehensiveIncomeLossBeforeTaxPeriodIncreaseDecreaseAbstract' xlink:to='loc_OtherComprehensiveIncomeLossBeforeTaxPeriodIncreaseDecrease' xlink:type='arc' />
<link:definitionArc order='17.0' xlink:arcrole='http://xbrl.org/int/dim/arcrole/domain-member' xlink:from='loc_OtherComprehensiveIncomeForeignCurrencyTransactionAndTranslationAdjustmentBeforeTaxPeriodIncreaseDecreaseAbstract' xlink:to='loc_OtherComprehensiveIncomeForeignCurrencyTransactionAndTranslationGainLossBeforeReclassificationAndTax' xlink:type='arc' />
<link:definitionArc order='18.0' xlink:arcrole='http://xbrl.org/int/dim/arcrole/domain-member' xlink:from='loc_OtherComprehensiveIncomeForeignCurrencyTransactionAndTranslationAdjustmentBeforeTaxPeriodIncreaseDecreaseAbstract' xlink:to='loc_OtherComprehensiveIncomeForeignCurrencyTransactionAndTranslationReclassificationAdjustmentRealizedUponSaleOrLiquidationBeforeTax' xlink:type='arc' />
<link:definitionArc order='19.0' xlink:arcrole='http://xbrl.org/int/dim/arcrole/domain-member' xlink:from='loc_OtherComprehensiveIncomeForeignCurrencyTransactionAndTranslationAdjustmentBeforeTaxPeriodIncreaseDecreaseAbstract' xlink:to='loc_OtherComprehensiveIncomeForeignCurrencyTransactionAndTranslationAdjustmentBeforeTaxPeriodIncreaseDecrease' xlink:type='arc' />
<link:definitionArc order='20.0' xlink:arcrole='http://xbrl.org/int/dim/arcrole/domain-member' xlink:from='loc_OtherComprehensiveIncomeDefinedBenefitPlansAdjustmentBeforeTaxPeriodIncreaseDecreaseAbstract' xlink:to='loc_OtherComprehensiveIncomeDefinedBenefitPlansNetUnamortizedGainLossArisingDuringPeriodBeforeTax' xlink:type='arc' />
<link:definitionArc order='21.0' xlink:arcrole='http://xbrl.org/int/dim/arcrole/domain-member' xlink:from='loc_OtherComprehensiveIncomeDefinedBenefitPlansAdjustmentBeforeTaxPeriodIncreaseDecreaseAbstract' xlink:to='loc_OtherComprehensiveIncomeReclassificationOfDefinedBenefitPlansNetGainLossRecognizedInNetPeriodicBenefitCostBeforeTax' xlink:type='arc' />
<link:definitionArc order='22.0' xlink:arcrole='http://xbrl.org/int/dim/arcrole/domain-member' xlink:from='loc_OtherComprehensiveIncomeDefinedBenefitPlansAdjustmentBeforeTaxPeriodIncreaseDecreaseAbstract' xlink:to='loc_OtherComprehensiveIncomeDefinedBenefitPlanNetPriorServiceCostCreditArisingDuringPeriodBeforeTax' xlink:type='arc' />
<link:definitionArc order='23.0' xlink:arcrole='http://xbrl.org/int/dim/arcrole/domain-member' xlink:from='loc_OtherComprehensiveIncomeDefinedBenefitPlansAdjustmentBeforeTaxPeriodIncreaseDecreaseAbstract' xlink:to='loc_OtherComprehensiveIncomeAmortizationOfDefinedBenefitPlanNetPriorServiceCostCreditRecognizedInNetPeriodicBenefitCostBeforeTax' xlink:type='arc' />
<link:definitionArc order='24.0' xlink:arcrole='http://xbrl.org/int/dim/arcrole/domain-member' xlink:from='loc_OtherComprehensiveIncomeDefinedBenefitPlansAdjustmentBeforeTaxPeriodIncreaseDecreaseAbstract' xlink:to='loc_OtherComprehensiveIncomeReclassificationOfDefinedBenefitPlanNetTransitionAssetObligationRecognizedInNetPeriodicBenefitCostBeforeTax' xlink:type='arc' />
<link:definitionArc order='25.0' xlink:arcrole='http://xbrl.org/int/dim/arcrole/domain-member' xlink:from='loc_OtherComprehensiveIncomeDefinedBenefitPlansAdjustmentBeforeTaxPeriodIncreaseDecreaseAbstract' xlink:to='loc_OtherComprehensiveIncomeMinimumPensionLiabilityNetAdjustmentBeforeTax' xlink:type='arc' />
<link:definitionArc order='26.0' xlink:arcrole='http://xbrl.org/int/dim/arcrole/domain-member' xlink:from='loc_OtherComprehensiveIncomeDefinedBenefitPlansAdjustmentBeforeTaxPeriodIncreaseDecreaseAbstract' xlink:to='loc_OtherComprehensiveIncomeFinalizationOfPensionAndNonPensionPostretirementPlanValuationBeforeTax' xlink:type='arc' />
<link:definitionArc order='27.0' xlink:arcrole='http://xbrl.org/int/dim/arcrole/domain-member' xlink:from='loc_OtherComprehensiveIncomeDefinedBenefitPlansAdjustmentBeforeTaxPeriodIncreaseDecreaseAbstract' xlink:to='loc_OtherComprehensiveIncomeDefinedBenefitPlansAdjustmentBeforeTaxPeriodIncreaseDecrease' xlink:type='arc' />
<link:definitionArc order='28.0' xlink:arcrole='http://xbrl.org/int/dim/arcrole/domain-member' xlink:from='loc_OtherComprehensiveIncomeAvailableForSaleSecuritiesAdjustmentBeforeTaxPeriodIncreaseDecreaseAbstract' xlink:to='loc_OtherComprehensiveIncomeUnrealizedHoldingGainLossOnSecuritiesArisingDuringPeriodBeforeTax' xlink:type='arc' />
<link:definitionArc order='29.0' xlink:arcrole='http://xbrl.org/int/dim/arcrole/domain-member' xlink:from='loc_OtherComprehensiveIncomeAvailableForSaleSecuritiesAdjustmentBeforeTaxPeriodIncreaseDecreaseAbstract' xlink:to='loc_OtherComprehensiveIncomeReclassificationAdjustmentForHeldToMaturityTransferredToAvailableForSaleSecuritiesBeforeTax' xlink:type='arc' />
<link:definitionArc order='30.0' xlink:arcrole='http://xbrl.org/int/dim/arcrole/domain-member' xlink:from='loc_OtherComprehensiveIncomeAvailableForSaleSecuritiesAdjustmentBeforeTaxPeriodIncreaseDecreaseAbstract' xlink:to='loc_OtherComprehensiveIncomeReclassificationAdjustmentForSaleOfSecuritiesIncludedInNetIncomeBeforeTax' xlink:type='arc' />
<link:definitionArc order='31.0' xlink:arcrole='http://xbrl.org/int/dim/arcrole/domain-member' xlink:from='loc_OtherComprehensiveIncomeAvailableForSaleSecuritiesAdjustmentBeforeTaxPeriodIncreaseDecreaseAbstract' xlink:to='loc_OtherComprehensiveIncomeReclassificationAdjustmentForWriteDownOfSecuritiesIncludedInNetIncomeBeforeTax' xlink:type='arc' />
<link:definitionArc order='32.0' xlink:arcrole='http://xbrl.org/int/dim/arcrole/domain-member' xlink:from='loc_OtherComprehensiveIncomeAvailableForSaleSecuritiesAdjustmentBeforeTaxPeriodIncreaseDecreaseAbstract' xlink:to='loc_OtherComprehensiveIncomeAvailableForSaleSecuritiesAdjustmentBeforeTaxPeriodIncreaseDecrease' xlink:type='arc' />
<link:definitionArc order='33.0' xlink:arcrole='http://xbrl.org/int/dim/arcrole/domain-member' xlink:from='loc_OtherComprehensiveIncomeDerivativesQualifyingAsHedgesBeforeTaxPeriodIncreaseDecreaseAbstract' xlink:to='loc_OtherComprehensiveIncomeUnrealizedGainLossOnDerivativesArisingDuringPeriodBeforeTax' xlink:type='arc' />
<link:definitionArc order='34.0' xlink:arcrole='http://xbrl.org/int/dim/arcrole/domain-member' xlink:from='loc_OtherComprehensiveIncomeDerivativesQualifyingAsHedgesBeforeTaxPeriodIncreaseDecreaseAbstract' xlink:to='loc_OtherComprehensiveIncomeReclassificationAdjustmentOnDerivativesIncludedInNetIncomeBeforeTax' xlink:type='arc' />
<link:definitionArc order='35.0' xlink:arcrole='http://xbrl.org/int/dim/arcrole/domain-member' xlink:from='loc_OtherComprehensiveIncomeDerivativesQualifyingAsHedgesBeforeTaxPeriodIncreaseDecreaseAbstract' xlink:to='loc_OtherComprehensiveIncomeDerivativesQualifyingAsHedgesBeforeTaxPeriodIncreaseDecrease' xlink:type='arc' />
<link:definitionArc order='36.0' xlink:arcrole='http://xbrl.org/int/dim/arcrole/domain-member' xlink:from='loc_OtherComprehensiveIncomeLossTaxAbstract' xlink:to='loc_OtherComprehensiveIncomeForeignCurrencyTranslationAdjustmentTaxAbstract' xlink:type='arc' />
<link:definitionArc order='37.0' xlink:arcrole='http://xbrl.org/int/dim/arcrole/domain-member' xlink:from='loc_OtherComprehensiveIncomeLossTaxAbstract' xlink:to='loc_OtherComprehensiveIncomeDefinedBenefitPlansTaxAbstract' xlink:type='arc' />
<link:definitionArc order='38.0' xlink:arcrole='http://xbrl.org/int/dim/arcrole/domain-member' xlink:from='loc_OtherComprehensiveIncomeLossTaxAbstract' xlink:to='loc_OtherComprehensiveIncomeAvailableForSaleSecuritiesTaxAbstract' xlink:type='arc' />
<link:definitionArc order='39.0' xlink:arcrole='http://xbrl.org/int/dim/arcrole/domain-member' xlink:from='loc_OtherComprehensiveIncomeLossTaxAbstract' xlink:to='loc_OtherComprehensiveIncomeDerivativesQualifyingAsHedgesTaxEffectPeriodIncreaseDecreaseAbstract' xlink:type='arc' />
<link:definitionArc order='40.0' xlink:arcrole='http://xbrl.org/int/dim/arcrole/domain-member' xlink:from='loc_OtherComprehensiveIncomeLossTaxAbstract' xlink:to='loc_OtherComprehensiveIncomeLossTax' xlink:type='arc' />
<link:definitionArc order='41.0' xlink:arcrole='http://xbrl.org/int/dim/arcrole/domain-member' xlink:from='loc_OtherComprehensiveIncomeForeignCurrencyTranslationAdjustmentTaxAbstract' xlink:to='loc_OtherComprehensiveIncomeForeignCurrencyTranslationGainLossArisingDuringPeriodTax' xlink:type='arc' />
<link:definitionArc order='42.0' xlink:arcrole='http://xbrl.org/int/dim/arcrole/domain-member' xlink:from='loc_OtherComprehensiveIncomeForeignCurrencyTranslationAdjustmentTaxAbstract' xlink:to='loc_OtherComprehensiveIncomeForeignCurrencyTranslationReclassificationAdjustmentRealizedUponSaleOrLiquidationTax' xlink:type='arc' />
<link:definitionArc order='43.0' xlink:arcrole='http://xbrl.org/int/dim/arcrole/domain-member' xlink:from='loc_OtherComprehensiveIncomeForeignCurrencyTranslationAdjustmentTaxAbstract' xlink:to='loc_OtherComprehensiveIncomeForeignCurrencyTranslationAdjustmentTax' xlink:type='arc' />
<link:definitionArc order='44.0' xlink:arcrole='http://xbrl.org/int/dim/arcrole/domain-member' xlink:from='loc_OtherComprehensiveIncomeDefinedBenefitPlansTaxAbstract' xlink:to='loc_OtherComprehensiveIncomeDefinedBenefitPlansNetUnamortizedGainLossArisingDuringPeriodTax' xlink:type='arc' />
<link:definitionArc order='45.0' xlink:arcrole='http://xbrl.org/int/dim/arcrole/domain-member' xlink:from='loc_OtherComprehensiveIncomeDefinedBenefitPlansTaxAbstract' xlink:to='loc_OtherComprehensiveIncomeReclassificationOfDefinedBenefitPlansNetGainLossRecognizedInNetPeriodicBenefitCostTax' xlink:type='arc' />
<link:definitionArc order='46.0' xlink:arcrole='http://xbrl.org/int/dim/arcrole/domain-member' xlink:from='loc_OtherComprehensiveIncomeDefinedBenefitPlansTaxAbstract' xlink:to='loc_OtherComprehensiveIncomeDefinedBenefitPlanNetPriorServiceCostsArisingDuringPeriodTax' xlink:type='arc' />
<link:definitionArc order='47.0' xlink:arcrole='http://xbrl.org/int/dim/arcrole/domain-member' xlink:from='loc_OtherComprehensiveIncomeDefinedBenefitPlansTaxAbstract' xlink:to='loc_OtherComprehensiveIncomeAmortizationOfDefinedBenefitPlanNetPriorServiceCostRecognizedInNetPeriodicPensionCostTax' xlink:type='arc' />
<link:definitionArc order='48.0' xlink:arcrole='http://xbrl.org/int/dim/arcrole/domain-member' xlink:from='loc_OtherComprehensiveIncomeDefinedBenefitPlansTaxAbstract' xlink:to='loc_OtherComprehensiveIncomeReclassificationOfDefinedBenefitPlantNetTransitionAssetObligationRecognizedInNetPeriodicBenefitCostTax' xlink:type='arc' />
<link:definitionArc order='49.0' xlink:arcrole='http://xbrl.org/int/dim/arcrole/domain-member' xlink:from='loc_OtherComprehensiveIncomeDefinedBenefitPlansTaxAbstract' xlink:to='loc_OtherComprehensiveIncomeMinimumPensionLiabilityNetAdjustmentTax' xlink:type='arc' />
<link:definitionArc order='50.0' xlink:arcrole='http://xbrl.org/int/dim/arcrole/domain-member' xlink:from='loc_OtherComprehensiveIncomeDefinedBenefitPlansTaxAbstract' xlink:to='loc_OtherComprehensiveIncomeFinalizationOfPensionAndNonPensionPostretirementPlanValuationTax' xlink:type='arc' />
<link:definitionArc order='51.0' xlink:arcrole='http://xbrl.org/int/dim/arcrole/domain-member' xlink:from='loc_OtherComprehensiveIncomeDefinedBenefitPlansTaxAbstract' xlink:to='loc_OtherComprehensiveIncomeDefinedBenefitPlansTax' xlink:type='arc' />
<link:definitionArc order='52.0' xlink:arcrole='http://xbrl.org/int/dim/arcrole/domain-member' xlink:from='loc_OtherComprehensiveIncomeAvailableForSaleSecuritiesTaxAbstract' xlink:to='loc_OtherComprehensiveIncomeUnrealizedHoldingGainLossOnSecuritiesArisingDuringPeriodTax' xlink:type='arc' />
<link:definitionArc order='53.0' xlink:arcrole='http://xbrl.org/int/dim/arcrole/domain-member' xlink:from='loc_OtherComprehensiveIncomeAvailableForSaleSecuritiesTaxAbstract' xlink:to='loc_OtherComprehensiveIncomeReclassificationAdjustmentForHeldToMaturityTransferredToAvailableForSaleSecuritiesTax' xlink:type='arc' />
<link:definitionArc order='54.0' xlink:arcrole='http://xbrl.org/int/dim/arcrole/domain-member' xlink:from='loc_OtherComprehensiveIncomeAvailableForSaleSecuritiesTaxAbstract' xlink:to='loc_OtherComprehensiveIncomeReclassificationAdjustmentForSaleOfSecuritiesIncludedInNetIncomeTax' xlink:type='arc' />
<link:definitionArc order='55.0' xlink:arcrole='http://xbrl.org/int/dim/arcrole/domain-member' xlink:from='loc_OtherComprehensiveIncomeAvailableForSaleSecuritiesTaxAbstract' xlink:to='loc_OtherComprehensiveIncomeReclassificationAdjustmentForWriteDownOfSecuritiesIncludedInNetIncomeTax' xlink:type='arc' />
<link:definitionArc order='56.0' xlink:arcrole='http://xbrl.org/int/dim/arcrole/domain-member' xlink:from='loc_OtherComprehensiveIncomeAvailableForSaleSecuritiesTaxAbstract' xlink:to='loc_OtherComprehensiveIncomeAvailableForSaleSecuritiesTax' xlink:type='arc' />
<link:definitionArc order='57.0' xlink:arcrole='http://xbrl.org/int/dim/arcrole/domain-member' xlink:from='loc_OtherComprehensiveIncomeDerivativesQualifyingAsHedgesTaxEffectPeriodIncreaseDecreaseAbstract' xlink:to='loc_OtherComprehensiveIncomeUnrealizedGainLossOnDerivativesArisingDuringPeriodTax' xlink:type='arc' />
<link:definitionArc order='58.0' xlink:arcrole='http://xbrl.org/int/dim/arcrole/domain-member' xlink:from='loc_OtherComprehensiveIncomeDerivativesQualifyingAsHedgesTaxEffectPeriodIncreaseDecreaseAbstract' xlink:to='loc_OtherComprehensiveIncomeReclassificationAdjustmentOnDerivativesIncludedInNetIncomeTax' xlink:type='arc' />
<link:definitionArc order='59.0' xlink:arcrole='http://xbrl.org/int/dim/arcrole/domain-member' xlink:from='loc_OtherComprehensiveIncomeDerivativesQualifyingAsHedgesTaxEffectPeriodIncreaseDecreaseAbstract' xlink:to='loc_OtherComprehensiveIncomeDerivativesQualifyingAsHedgesTaxEffectPeriodIncreaseDecrease' xlink:type='arc' />
<link:definitionArc order='60.0' xlink:arcrole='http://xbrl.org/int/dim/arcrole/domain-member' xlink:from='loc_OtherComprehensiveIncomeLossNetOfTaxPeriodIncreaseDecreaseAbstract' xlink:to='loc_OtherComprehensiveIncomeForeignCurrencyTransactionAndTranslationAdjustmentNetOfTaxPeriodIncreaseDecreaseAbstract' xlink:type='arc' />
<link:definitionArc order='61.0' xlink:arcrole='http://xbrl.org/int/dim/arcrole/domain-member' xlink:from='loc_OtherComprehensiveIncomeLossNetOfTaxPeriodIncreaseDecreaseAbstract' xlink:to='loc_OtherComprehensiveIncomeDefinedBenefitPlansAdjustmentNetOfTaxPeriodIncreaseDecreaseAbstract' xlink:type='arc' />
<link:definitionArc order='62.0' xlink:arcrole='http://xbrl.org/int/dim/arcrole/domain-member' xlink:from='loc_OtherComprehensiveIncomeLossNetOfTaxPeriodIncreaseDecreaseAbstract' xlink:to='loc_OtherComprehensiveIncomeAvailableForSaleSecuritiesAdjustmentNetOfTaxPeriodIncreaseDecreaseAbstract' xlink:type='arc' />
<link:definitionArc order='63.0' xlink:arcrole='http://xbrl.org/int/dim/arcrole/domain-member' xlink:from='loc_OtherComprehensiveIncomeLossNetOfTaxPeriodIncreaseDecreaseAbstract' xlink:to='loc_OtherComprehensiveIncomeDerivativesQualifyingAsHedgesNetOfTaxPeriodIncreaseDecreaseAbstract' xlink:type='arc' />
<link:definitionArc order='64.0' xlink:arcrole='http://xbrl.org/int/dim/arcrole/domain-member' xlink:from='loc_OtherComprehensiveIncomeLossNetOfTaxPeriodIncreaseDecreaseAbstract' xlink:to='loc_OtherComprehensiveIncomeLossNetOfTaxPeriodIncreaseDecrease' xlink:type='arc' />
<link:definitionArc order='65.0' xlink:arcrole='http://xbrl.org/int/dim/arcrole/domain-member' xlink:from='loc_OtherComprehensiveIncomeForeignCurrencyTransactionAndTranslationAdjustmentNetOfTaxPeriodIncreaseDecreaseAbstract' xlink:to='loc_OtherComprehensiveIncomeForeignCurrencyTransactionAndTranslationGainLossArisingDuringPeriodNetOfTax' xlink:type='arc' />
<link:definitionArc order='66.0' xlink:arcrole='http://xbrl.org/int/dim/arcrole/domain-member' xlink:from='loc_OtherComprehensiveIncomeForeignCurrencyTransactionAndTranslationAdjustmentNetOfTaxPeriodIncreaseDecreaseAbstract' xlink:to='loc_OtherComprehensiveIncomeForeignCurrencyTransactionAndTranslationReclassificationAdjustmentRealizedUponSaleOrLiquidationNetOfTax' xlink:type='arc' />
<link:definitionArc order='67.0' xlink:arcrole='http://xbrl.org/int/dim/arcrole/domain-member' xlink:from='loc_OtherComprehensiveIncomeForeignCurrencyTransactionAndTranslationAdjustmentNetOfTaxPeriodIncreaseDecreaseAbstract' xlink:to='loc_OtherComprehensiveIncomeForeignCurrencyTransactionAndTranslationAdjustmentNetOfTaxPeriodIncreaseDecrease' xlink:type='arc' />
<link:definitionArc order='68.0' xlink:arcrole='http://xbrl.org/int/dim/arcrole/domain-member' xlink:from='loc_OtherComprehensiveIncomeDefinedBenefitPlansAdjustmentNetOfTaxPeriodIncreaseDecreaseAbstract' xlink:to='loc_OtherComprehensiveIncomeDefinedBenefitPlansNetUnamortizedGainLossArisingDuringPeriodNetOfTax' xlink:type='arc' />
<link:definitionArc order='69.0' xlink:arcrole='http://xbrl.org/int/dim/arcrole/domain-member' xlink:from='loc_OtherComprehensiveIncomeDefinedBenefitPlansAdjustmentNetOfTaxPeriodIncreaseDecreaseAbstract' xlink:to='loc_OtherComprehensiveIncomeReclassificationOfDefinedBenefitPlansNetGainLossRecognizedInNetPeriodicBenefitCostNetOfTax' xlink:type='arc' />
<link:definitionArc order='70.0' xlink:arcrole='http://xbrl.org/int/dim/arcrole/domain-member' xlink:from='loc_OtherComprehensiveIncomeDefinedBenefitPlansAdjustmentNetOfTaxPeriodIncreaseDecreaseAbstract' xlink:to='loc_OtherComprehensiveIncomeDefinedBenefitPlanNetPriorServiceCostsCreditArisingDuringPeriodNetOfTax' xlink:type='arc' />
<link:definitionArc order='71.0' xlink:arcrole='http://xbrl.org/int/dim/arcrole/domain-member' xlink:from='loc_OtherComprehensiveIncomeDefinedBenefitPlansAdjustmentNetOfTaxPeriodIncreaseDecreaseAbstract' xlink:to='loc_OtherComprehensiveIncomeAmortizationOfDefinedBenefitPlanNetPriorServiceCostRecognizedInNetPeriodicPensionCostNetOfTax' xlink:type='arc' />
<link:definitionArc order='72.0' xlink:arcrole='http://xbrl.org/int/dim/arcrole/domain-member' xlink:from='loc_OtherComprehensiveIncomeDefinedBenefitPlansAdjustmentNetOfTaxPeriodIncreaseDecreaseAbstract' xlink:to='loc_OtherComprehensiveIncomeReclassificationOfDefinedBenefitPlanNetTransitionAssetObligationRecognizedInNetPeriodicBenefitCostNetOfTax' xlink:type='arc' />
<link:definitionArc order='73.0' xlink:arcrole='http://xbrl.org/int/dim/arcrole/domain-member' xlink:from='loc_OtherComprehensiveIncomeDefinedBenefitPlansAdjustmentNetOfTaxPeriodIncreaseDecreaseAbstract' xlink:to='loc_OtherComprehensiveIncomeMinimumPensionLiabilityNetAdjustmentNetOfTax' xlink:type='arc' />
<link:definitionArc order='74.0' xlink:arcrole='http://xbrl.org/int/dim/arcrole/domain-member' xlink:from='loc_OtherComprehensiveIncomeDefinedBenefitPlansAdjustmentNetOfTaxPeriodIncreaseDecreaseAbstract' xlink:to='loc_OtherComprehensiveIncomeFinalizationOfPensionAndNonPensionPostretirementPlanValuationNetOfTax' xlink:type='arc' />
<link:definitionArc order='75.0' xlink:arcrole='http://xbrl.org/int/dim/arcrole/domain-member' xlink:from='loc_OtherComprehensiveIncomeDefinedBenefitPlansAdjustmentNetOfTaxPeriodIncreaseDecreaseAbstract' xlink:to='loc_OtherComprehensiveIncomeDefinedBenefitPlansAdjustmentNetOfTaxPeriodIncreaseDecrease' xlink:type='arc' />
<link:definitionArc order='76.0' xlink:arcrole='http://xbrl.org/int/dim/arcrole/domain-member' xlink:from='loc_OtherComprehensiveIncomeAvailableForSaleSecuritiesAdjustmentNetOfTaxPeriodIncreaseDecreaseAbstract' xlink:to='loc_OtherComprehensiveIncomeUnrealizedHoldingGainLossOnSecuritiesArisingDuringPeriodNetOfTax' xlink:type='arc' />
<link:definitionArc order='77.0' xlink:arcrole='http://xbrl.org/int/dim/arcrole/domain-member' xlink:from='loc_OtherComprehensiveIncomeAvailableForSaleSecuritiesAdjustmentNetOfTaxPeriodIncreaseDecreaseAbstract' xlink:to='loc_OtherComprehensiveIncomeReclassificationAdjustmentForHeldToMaturityTransferredToAvailableForSaleSecuritiesNetOfTax' xlink:type='arc' />
<link:definitionArc order='78.0' xlink:arcrole='http://xbrl.org/int/dim/arcrole/domain-member' xlink:from='loc_OtherComprehensiveIncomeAvailableForSaleSecuritiesAdjustmentNetOfTaxPeriodIncreaseDecreaseAbstract' xlink:to='loc_OtherComprehensiveIncomeReclassificationAdjustmentForSaleOfSecuritiesIncludedInNetIncomeNetOfTax' xlink:type='arc' />
<link:definitionArc order='79.0' xlink:arcrole='http://xbrl.org/int/dim/arcrole/domain-member' xlink:from='loc_OtherComprehensiveIncomeAvailableForSaleSecuritiesAdjustmentNetOfTaxPeriodIncreaseDecreaseAbstract' xlink:to='loc_OtherComprehensiveIncomeReclassificationAdjustmentForWriteDownOfSecuritiesIncludedInNetIncomeNetOfTax' xlink:type='arc' />
<link:definitionArc order='80.0' xlink:arcrole='http://xbrl.org/int/dim/arcrole/domain-member' xlink:from='loc_OtherComprehensiveIncomeAvailableForSaleSecuritiesAdjustmentNetOfTaxPeriodIncreaseDecreaseAbstract' xlink:to='loc_OtherComprehensiveIncomeAvailableForSaleSecuritiesAdjustmentNetOfTaxPeriodIncreaseDecrease' xlink:type='arc' />
<link:definitionArc order='81.0' xlink:arcrole='http://xbrl.org/int/dim/arcrole/domain-member' xlink:from='loc_OtherComprehensiveIncomeDerivativesQualifyingAsHedgesNetOfTaxPeriodIncreaseDecreaseAbstract' xlink:to='loc_OtherComprehensiveIncomeUnrealizedGainLossOnDerivativesArisingDuringPeriodNetOfTax' xlink:type='arc' />
<link:definitionArc order='82.0' xlink:arcrole='http://xbrl.org/int/dim/arcrole/domain-member' xlink:from='loc_OtherComprehensiveIncomeDerivativesQualifyingAsHedgesNetOfTaxPeriodIncreaseDecreaseAbstract' xlink:to='loc_OtherComprehensiveIncomeReclassificationAdjustmentOnDerivativesIncludedInNetIncomeNetOfTax' xlink:type='arc' />
<link:definitionArc order='83.0' xlink:arcrole='http://xbrl.org/int/dim/arcrole/domain-member' xlink:from='loc_OtherComprehensiveIncomeDerivativesQualifyingAsHedgesNetOfTaxPeriodIncreaseDecreaseAbstract' xlink:to='loc_OtherComprehensiveIncomeDerivativesQualifyingAsHedgesNetOfTaxPeriodIncreaseDecrease' xlink:type='arc' />
</link:definitionLink>
<link:definitionLink xlink:role='http://xbrl.us/us-gaap/role/statement/StatementOfOtherComprehensiveIncome' xlink:type='extended' />
</link:linkbase>
