<?xml version="1.0" encoding="UTF-8" standalone="no"?>

<!--
Copyright (C) 2007, 2008 XBRL US, Inc. All Rights Reserved.
Authorized Uses are Set Forth at http://xbrl.us/legal
  -->
<link:linkbase xmlns:link='http://www.xbrl.org/2003/linkbase' xmlns:xlink='http://www.w3.org/1999/xlink' xmlns:xsi='http://www.w3.org/2001/XMLSchema-instance' xsi:schemaLocation='http://www.xbrl.org/2003/linkbase http://www.xbrl.org/2003/xbrl-linkbase-2003-12-31.xsd'>
<link:roleRef roleURI='http://xbrl.us/us-gaap/role/disclosure/SubsequentEvents' xlink:href='../elts/us-roles-2008-03-31.xsd#se' xlink:type='simple' />
<presentationLink xlink:role='http://xbrl.us/us-gaap/role/disclosure/SubsequentEvents' xlink:type='extended' xmlns='http://www.xbrl.org/2003/linkbase'>
<link:loc xlink:href='../elts/us-gaap-2008-03-31.xsd#us-gaap_ScheduleOfSubsequentEventsTextBlock' xlink:label='loc_ScheduleOfSubsequentEventsTextBlock' xlink:type='locator' />
<link:loc xlink:href='../elts/us-gaap-2008-03-31.xsd#us-gaap_SubsequentEventTable' xlink:label='loc_SubsequentEventTable' xlink:type='locator' />
<link:loc xlink:href='../elts/us-gaap-2008-03-31.xsd#us-gaap_SubsequentEventTypeAxis' xlink:label='loc_SubsequentEventTypeAxis' xlink:type='locator' />
<link:loc xlink:href='../elts/us-gaap-2008-03-31.xsd#us-gaap_SubsequentEventTypeDomain' xlink:label='loc_SubsequentEventTypeDomain' xlink:type='locator' />
<link:loc xlink:href='../elts/us-gaap-2008-03-31.xsd#us-gaap_FinancingMember' xlink:label='loc_FinancingMember' xlink:type='locator' />
<link:loc xlink:href='../elts/us-gaap-2008-03-31.xsd#us-gaap_RepaymentOfDebtMember' xlink:label='loc_RepaymentOfDebtMember' xlink:type='locator' />
<link:loc xlink:href='../elts/us-gaap-2008-03-31.xsd#us-gaap_SettlementOfDebtMember' xlink:label='loc_SettlementOfDebtMember' xlink:type='locator' />
<link:loc xlink:href='../elts/us-gaap-2008-03-31.xsd#us-gaap_RefinancingOfDebtMember' xlink:label='loc_RefinancingOfDebtMember' xlink:type='locator' />
<link:loc xlink:href='../elts/us-gaap-2008-03-31.xsd#us-gaap_IssuanceOfDebtMember' xlink:label='loc_IssuanceOfDebtMember' xlink:type='locator' />
<link:loc xlink:href='../elts/us-gaap-2008-03-31.xsd#us-gaap_IssuanceOfEquityMember' xlink:label='loc_IssuanceOfEquityMember' xlink:type='locator' />
<link:loc xlink:href='../elts/us-gaap-2008-03-31.xsd#us-gaap_RepurchaseOfEquityMember' xlink:label='loc_RepurchaseOfEquityMember' xlink:type='locator' />
<link:loc xlink:href='../elts/us-gaap-2008-03-31.xsd#us-gaap_DividendDeclaredMember' xlink:label='loc_DividendDeclaredMember' xlink:type='locator' />
<link:loc xlink:href='../elts/us-gaap-2008-03-31.xsd#us-gaap_DividendPaidMember' xlink:label='loc_DividendPaidMember' xlink:type='locator' />
<link:loc xlink:href='../elts/us-gaap-2008-03-31.xsd#us-gaap_BusinessCombinationMember' xlink:label='loc_BusinessCombinationMember' xlink:type='locator' />
<link:loc xlink:href='../elts/us-gaap-2008-03-31.xsd#us-gaap_AcquisitionMember' xlink:label='loc_AcquisitionMember' xlink:type='locator' />
<link:loc xlink:href='../elts/us-gaap-2008-03-31.xsd#us-gaap_SaleMember' xlink:label='loc_SaleMember' xlink:type='locator' />
<link:loc xlink:href='../elts/us-gaap-2008-03-31.xsd#us-gaap_NaturalDisastersAndOtherCasualtyEventsMember' xlink:label='loc_NaturalDisastersAndOtherCasualtyEventsMember' xlink:type='locator' />
<link:loc xlink:href='../elts/us-gaap-2008-03-31.xsd#us-gaap_BankruptcyOfCustomerMember' xlink:label='loc_BankruptcyOfCustomerMember' xlink:type='locator' />
<link:loc xlink:href='../elts/us-gaap-2008-03-31.xsd#us-gaap_LossOnReceivablesMember' xlink:label='loc_LossOnReceivablesMember' xlink:type='locator' />
<link:loc xlink:href='../elts/us-gaap-2008-03-31.xsd#us-gaap_ProductRecallMember' xlink:label='loc_ProductRecallMember' xlink:type='locator' />
<link:loc xlink:href='../elts/us-gaap-2008-03-31.xsd#us-gaap_PendingOrThreatenedLitigationMember' xlink:label='loc_PendingOrThreatenedLitigationMember' xlink:type='locator' />
<link:loc xlink:href='../elts/us-gaap-2008-03-31.xsd#us-gaap_SettlementOfLitigationMember' xlink:label='loc_SettlementOfLitigationMember' xlink:type='locator' />
<link:loc xlink:href='../elts/us-gaap-2008-03-31.xsd#us-gaap_NewContractMember' xlink:label='loc_NewContractMember' xlink:type='locator' />
<link:loc xlink:href='../elts/us-gaap-2008-03-31.xsd#us-gaap_CancellationOfContractMember' xlink:label='loc_CancellationOfContractMember' xlink:type='locator' />
<link:loc xlink:href='../elts/us-gaap-2008-03-31.xsd#us-gaap_ImpairmentInValueOfAssetMember' xlink:label='loc_ImpairmentInValueOfAssetMember' xlink:type='locator' />
<link:loc xlink:href='../elts/us-gaap-2008-03-31.xsd#us-gaap_ExpropriationOfAssetsMember' xlink:label='loc_ExpropriationOfAssetsMember' xlink:type='locator' />
<link:loc xlink:href='../elts/us-gaap-2008-03-31.xsd#us-gaap_DiscontinuedOperationOrAssetDisposalMember' xlink:label='loc_DiscontinuedOperationOrAssetDisposalMember' xlink:type='locator' />
<link:loc xlink:href='../elts/us-gaap-2008-03-31.xsd#us-gaap_SubsequentEventLineItems' xlink:label='loc_SubsequentEventLineItems' xlink:type='locator' />
<link:loc xlink:href='../elts/us-gaap-2008-03-31.xsd#us-gaap_SubsequentEventDate' xlink:label='loc_SubsequentEventDate' xlink:type='locator' />
<link:loc xlink:href='../elts/us-gaap-2008-03-31.xsd#us-gaap_SubsequentEventDescription' xlink:label='loc_SubsequentEventDescription' xlink:type='locator' />
<link:loc xlink:href='../elts/us-gaap-2008-03-31.xsd#us-gaap_SubsequentEventAmount' xlink:label='loc_SubsequentEventAmount' xlink:type='locator' />
<link:loc xlink:href='../elts/us-gaap-2008-03-31.xsd#us-gaap_SubsequentEventAmountLowerRange' xlink:label='loc_SubsequentEventAmountLowerRange' xlink:type='locator' />
<link:loc xlink:href='../elts/us-gaap-2008-03-31.xsd#us-gaap_SubsequentEventAmountHigherRange' xlink:label='loc_SubsequentEventAmountHigherRange' xlink:type='locator' />
<link:loc xlink:href='../elts/us-gaap-2008-03-31.xsd#us-gaap_SubsequentEventProFormaImpact' xlink:label='loc_SubsequentEventProFormaImpact' xlink:type='locator' />
<link:loc xlink:href='../elts/us-gaap-2008-03-31.xsd#us-gaap_SubsequentEventProFormaBusinessCombinations' xlink:label='loc_SubsequentEventProFormaBusinessCombinations' xlink:type='locator' />
<presentationArc order='10' use='optional' xlink:arcrole='http://www.xbrl.org/2003/arcrole/parent-child' xlink:from='loc_ScheduleOfSubsequentEventsTextBlock' xlink:to='loc_SubsequentEventTable' xlink:type='arc' />
<presentationArc order='10' use='optional' xlink:arcrole='http://www.xbrl.org/2003/arcrole/parent-child' xlink:from='loc_SubsequentEventTable' xlink:to='loc_SubsequentEventTypeAxis' xlink:type='arc' />
<presentationArc order='10' use='optional' xlink:arcrole='http://www.xbrl.org/2003/arcrole/parent-child' xlink:from='loc_SubsequentEventTypeAxis' xlink:to='loc_SubsequentEventTypeDomain' xlink:type='arc' />
<presentationArc order='10' xlink:arcrole='http://www.xbrl.org/2003/arcrole/parent-child' xlink:from='loc_SubsequentEventTypeDomain' xlink:to='loc_FinancingMember' xlink:type='arc' />
<presentationArc order='10' use='optional' xlink:arcrole='http://www.xbrl.org/2003/arcrole/parent-child' xlink:from='loc_FinancingMember' xlink:to='loc_RepaymentOfDebtMember' xlink:type='arc' />
<presentationArc order='20' xlink:arcrole='http://www.xbrl.org/2003/arcrole/parent-child' xlink:from='loc_FinancingMember' xlink:to='loc_SettlementOfDebtMember' xlink:type='arc' />
<presentationArc order='30' xlink:arcrole='http://www.xbrl.org/2003/arcrole/parent-child' xlink:from='loc_FinancingMember' xlink:to='loc_RefinancingOfDebtMember' xlink:type='arc' />
<presentationArc order='40' xlink:arcrole='http://www.xbrl.org/2003/arcrole/parent-child' xlink:from='loc_FinancingMember' xlink:to='loc_IssuanceOfDebtMember' xlink:type='arc' />
<presentationArc order='50' xlink:arcrole='http://www.xbrl.org/2003/arcrole/parent-child' xlink:from='loc_FinancingMember' xlink:to='loc_IssuanceOfEquityMember' xlink:type='arc' />
<presentationArc order='60' xlink:arcrole='http://www.xbrl.org/2003/arcrole/parent-child' xlink:from='loc_FinancingMember' xlink:to='loc_RepurchaseOfEquityMember' xlink:type='arc' />
<presentationArc order='70' xlink:arcrole='http://www.xbrl.org/2003/arcrole/parent-child' xlink:from='loc_FinancingMember' xlink:to='loc_DividendDeclaredMember' xlink:type='arc' />
<presentationArc order='80' xlink:arcrole='http://www.xbrl.org/2003/arcrole/parent-child' xlink:from='loc_FinancingMember' xlink:to='loc_DividendPaidMember' xlink:type='arc' />
<presentationArc order='20' xlink:arcrole='http://www.xbrl.org/2003/arcrole/parent-child' xlink:from='loc_SubsequentEventTypeDomain' xlink:to='loc_BusinessCombinationMember' xlink:type='arc' />
<presentationArc order='10' use='optional' xlink:arcrole='http://www.xbrl.org/2003/arcrole/parent-child' xlink:from='loc_BusinessCombinationMember' xlink:to='loc_AcquisitionMember' xlink:type='arc' />
<presentationArc order='20' use='optional' xlink:arcrole='http://www.xbrl.org/2003/arcrole/parent-child' xlink:from='loc_BusinessCombinationMember' xlink:to='loc_SaleMember' xlink:type='arc' />
<presentationArc order='30' xlink:arcrole='http://www.xbrl.org/2003/arcrole/parent-child' xlink:from='loc_SubsequentEventTypeDomain' xlink:to='loc_NaturalDisastersAndOtherCasualtyEventsMember' xlink:type='arc' />
<presentationArc order='40' xlink:arcrole='http://www.xbrl.org/2003/arcrole/parent-child' xlink:from='loc_SubsequentEventTypeDomain' xlink:to='loc_BankruptcyOfCustomerMember' xlink:type='arc' />
<presentationArc order='50' xlink:arcrole='http://www.xbrl.org/2003/arcrole/parent-child' xlink:from='loc_SubsequentEventTypeDomain' xlink:to='loc_LossOnReceivablesMember' xlink:type='arc' />
<presentationArc order='60' xlink:arcrole='http://www.xbrl.org/2003/arcrole/parent-child' xlink:from='loc_SubsequentEventTypeDomain' xlink:to='loc_ProductRecallMember' xlink:type='arc' />
<presentationArc order='70' xlink:arcrole='http://www.xbrl.org/2003/arcrole/parent-child' xlink:from='loc_SubsequentEventTypeDomain' xlink:to='loc_PendingOrThreatenedLitigationMember' xlink:type='arc' />
<presentationArc order='80' xlink:arcrole='http://www.xbrl.org/2003/arcrole/parent-child' xlink:from='loc_SubsequentEventTypeDomain' xlink:to='loc_SettlementOfLitigationMember' xlink:type='arc' />
<presentationArc order='90' xlink:arcrole='http://www.xbrl.org/2003/arcrole/parent-child' xlink:from='loc_SubsequentEventTypeDomain' xlink:to='loc_NewContractMember' xlink:type='arc' />
<presentationArc order='100' xlink:arcrole='http://www.xbrl.org/2003/arcrole/parent-child' xlink:from='loc_SubsequentEventTypeDomain' xlink:to='loc_CancellationOfContractMember' xlink:type='arc' />
<presentationArc order='110' xlink:arcrole='http://www.xbrl.org/2003/arcrole/parent-child' xlink:from='loc_SubsequentEventTypeDomain' xlink:to='loc_ImpairmentInValueOfAssetMember' xlink:type='arc' />
<presentationArc order='120' xlink:arcrole='http://www.xbrl.org/2003/arcrole/parent-child' xlink:from='loc_SubsequentEventTypeDomain' xlink:to='loc_ExpropriationOfAssetsMember' xlink:type='arc' />
<presentationArc order='130' xlink:arcrole='http://www.xbrl.org/2003/arcrole/parent-child' xlink:from='loc_SubsequentEventTypeDomain' xlink:to='loc_DiscontinuedOperationOrAssetDisposalMember' xlink:type='arc' />
<presentationArc order='20' use='optional' xlink:arcrole='http://www.xbrl.org/2003/arcrole/parent-child' xlink:from='loc_SubsequentEventTable' xlink:to='loc_SubsequentEventLineItems' xlink:type='arc' />
<presentationArc order='10' use='optional' xlink:arcrole='http://www.xbrl.org/2003/arcrole/parent-child' xlink:from='loc_SubsequentEventLineItems' xlink:to='loc_SubsequentEventDate' xlink:type='arc' />
<presentationArc order='20' use='optional' xlink:arcrole='http://www.xbrl.org/2003/arcrole/parent-child' xlink:from='loc_SubsequentEventLineItems' xlink:to='loc_SubsequentEventDescription' xlink:type='arc' />
<presentationArc order='30' use='optional' xlink:arcrole='http://www.xbrl.org/2003/arcrole/parent-child' xlink:from='loc_SubsequentEventLineItems' xlink:to='loc_SubsequentEventAmount' xlink:type='arc' />
<presentationArc order='40' xlink:arcrole='http://www.xbrl.org/2003/arcrole/parent-child' xlink:from='loc_SubsequentEventLineItems' xlink:to='loc_SubsequentEventAmountLowerRange' xlink:type='arc' />
<presentationArc order='50' xlink:arcrole='http://www.xbrl.org/2003/arcrole/parent-child' xlink:from='loc_SubsequentEventLineItems' xlink:to='loc_SubsequentEventAmountHigherRange' xlink:type='arc' />
<presentationArc order='60' xlink:arcrole='http://www.xbrl.org/2003/arcrole/parent-child' xlink:from='loc_SubsequentEventLineItems' xlink:to='loc_SubsequentEventProFormaImpact' xlink:type='arc' />
<presentationArc order='20' xlink:arcrole='http://www.xbrl.org/2003/arcrole/parent-child' xlink:from='loc_ScheduleOfSubsequentEventsTextBlock' xlink:to='loc_SubsequentEventProFormaBusinessCombinations' xlink:type='arc' />
</presentationLink>
</link:linkbase>
