<?xml version="1.0" encoding="UTF-8" standalone="no"?>

<!--
Copyright (C) 2007, 2008 XBRL US, Inc. All Rights Reserved.
Authorized Uses are Set Forth at http://xbrl.us/legal
  -->
<link:linkbase xmlns:link='http://www.xbrl.org/2003/linkbase' xmlns:xlink='http://www.w3.org/1999/xlink' xmlns:xsi='http://www.w3.org/2001/XMLSchema-instance' xsi:schemaLocation='http://www.xbrl.org/2003/linkbase http://www.xbrl.org/2003/xbrl-linkbase-2003-12-31.xsd'>
<link:roleRef roleURI='http://xbrl.us/us-gaap/role/disclosure/DerivativeInstrumentsAndHedgingActivities' xlink:href='../elts/us-roles-2008-03-31.xsd#diha' xlink:type='simple' />
<calculationLink xlink:role='http://xbrl.us/us-gaap/role/disclosure/DerivativeInstrumentsAndHedgingActivities' xlink:type='extended' xmlns='http://www.xbrl.org/2003/linkbase'>
<link:loc xlink:href='../elts/us-gaap-2008-03-31.xsd#us-gaap_CashFlowHedgeGainLossReclassifiedToEarningsNet' xlink:label='loc_CashFlowHedgeGainLossReclassifiedToEarningsNet' xlink:type='locator' />
<link:loc xlink:href='../elts/us-gaap-2008-03-31.xsd#us-gaap_CashFlowHedgeGainLossReclassifiedToRevenueNet' xlink:label='loc_CashFlowHedgeGainLossReclassifiedToRevenueNet' xlink:type='locator' />
<link:loc xlink:href='../elts/us-gaap-2008-03-31.xsd#us-gaap_CashFlowHedgeGainReclassifiedToRevenue' xlink:label='loc_CashFlowHedgeGainReclassifiedToRevenue' xlink:type='locator' />
<link:loc xlink:href='../elts/us-gaap-2008-03-31.xsd#us-gaap_CashFlowHedgeLossReclassifiedToRevenue' xlink:label='loc_CashFlowHedgeLossReclassifiedToRevenue' xlink:type='locator' />
<link:loc xlink:href='../elts/us-gaap-2008-03-31.xsd#us-gaap_CashFlowHedgeGainLossReclassifiedToInvestmentIncomeNet' xlink:label='loc_CashFlowHedgeGainLossReclassifiedToInvestmentIncomeNet' xlink:type='locator' />
<link:loc xlink:href='../elts/us-gaap-2008-03-31.xsd#us-gaap_CashFlowHedgeGainReclassifiedToInvestmentIncome' xlink:label='loc_CashFlowHedgeGainReclassifiedToInvestmentIncome' xlink:type='locator' />
<link:loc xlink:href='../elts/us-gaap-2008-03-31.xsd#us-gaap_CashFlowHedgeLossReclassifiedToInvestmentIncome' xlink:label='loc_CashFlowHedgeLossReclassifiedToInvestmentIncome' xlink:type='locator' />
<link:loc xlink:href='../elts/us-gaap-2008-03-31.xsd#us-gaap_CashFlowHedgeGainLossReclassifiedToOtherIncomeNet' xlink:label='loc_CashFlowHedgeGainLossReclassifiedToOtherIncomeNet' xlink:type='locator' />
<link:loc xlink:href='../elts/us-gaap-2008-03-31.xsd#us-gaap_CashFlowHedgeGainReclassifiedToOtherIncome' xlink:label='loc_CashFlowHedgeGainReclassifiedToOtherIncome' xlink:type='locator' />
<link:loc xlink:href='../elts/us-gaap-2008-03-31.xsd#us-gaap_CashFlowHedgeLossReclassifiedToOtherIncome' xlink:label='loc_CashFlowHedgeLossReclassifiedToOtherIncome' xlink:type='locator' />
<link:loc xlink:href='../elts/us-gaap-2008-03-31.xsd#us-gaap_CashFlowHedgeGainLossReclassifiedToCostOfSalesNet' xlink:label='loc_CashFlowHedgeGainLossReclassifiedToCostOfSalesNet' xlink:type='locator' />
<link:loc xlink:href='../elts/us-gaap-2008-03-31.xsd#us-gaap_CashFlowHedgeGainReclassifiedToCostOfSales' xlink:label='loc_CashFlowHedgeGainReclassifiedToCostOfSales' xlink:type='locator' />
<link:loc xlink:href='../elts/us-gaap-2008-03-31.xsd#us-gaap_CashFlowHedgeLossReclassifiedToCostOfSales' xlink:label='loc_CashFlowHedgeLossReclassifiedToCostOfSales' xlink:type='locator' />
<link:loc xlink:href='../elts/us-gaap-2008-03-31.xsd#us-gaap_CashFlowHedgeGainLossReclassifiedToInterestExpenseNet' xlink:label='loc_CashFlowHedgeGainLossReclassifiedToInterestExpenseNet' xlink:type='locator' />
<link:loc xlink:href='../elts/us-gaap-2008-03-31.xsd#us-gaap_CashFlowHedgeGainReclassifiedToInterestExpense' xlink:label='loc_CashFlowHedgeGainReclassifiedToInterestExpense' xlink:type='locator' />
<link:loc xlink:href='../elts/us-gaap-2008-03-31.xsd#us-gaap_CashFlowHedgeLossReclassifiedToInterestExpense' xlink:label='loc_CashFlowHedgeLossReclassifiedToInterestExpense' xlink:type='locator' />
<link:loc xlink:href='../elts/us-gaap-2008-03-31.xsd#us-gaap_CashFlowHedgeGainLossReclassifiedToOtherExpenseNet' xlink:label='loc_CashFlowHedgeGainLossReclassifiedToOtherExpenseNet' xlink:type='locator' />
<link:loc xlink:href='../elts/us-gaap-2008-03-31.xsd#us-gaap_CashFlowHedgeGainReclassifiedToOtherExpense' xlink:label='loc_CashFlowHedgeGainReclassifiedToOtherExpense' xlink:type='locator' />
<link:loc xlink:href='../elts/us-gaap-2008-03-31.xsd#us-gaap_CashFlowHedgeLossReclassifiedToOtherExpense' xlink:label='loc_CashFlowHedgeLossReclassifiedToOtherExpense' xlink:type='locator' />
<link:loc xlink:href='../elts/us-gaap-2008-03-31.xsd#us-gaap_CashFlowHedgesDerivativeInstrumentsAtFairValueNet' xlink:label='loc_CashFlowHedgesDerivativeInstrumentsAtFairValueNet' xlink:type='locator' />
<link:loc xlink:href='../elts/us-gaap-2008-03-31.xsd#us-gaap_CashFlowHedgeDerivativeInstrumentAssetsAtFairValue' xlink:label='loc_CashFlowHedgeDerivativeInstrumentAssetsAtFairValue' xlink:type='locator' />
<link:loc xlink:href='../elts/us-gaap-2008-03-31.xsd#us-gaap_CashFlowHedgeDerivativeInstrumentLiabilitiesAtFairValue' xlink:label='loc_CashFlowHedgeDerivativeInstrumentLiabilitiesAtFairValue' xlink:type='locator' />
<link:loc xlink:href='../elts/us-gaap-2008-03-31.xsd#us-gaap_CreditRiskDerivativesAtFairValueNet' xlink:label='loc_CreditRiskDerivativesAtFairValueNet' xlink:type='locator' />
<link:loc xlink:href='../elts/us-gaap-2008-03-31.xsd#us-gaap_CreditRiskDerivativeAssetsAtFairValue' xlink:label='loc_CreditRiskDerivativeAssetsAtFairValue' xlink:type='locator' />
<link:loc xlink:href='../elts/us-gaap-2008-03-31.xsd#us-gaap_CreditRiskDerivativeLiabilitiesAtFairValue' xlink:label='loc_CreditRiskDerivativeLiabilitiesAtFairValue' xlink:type='locator' />
<link:loc xlink:href='../elts/us-gaap-2008-03-31.xsd#us-gaap_DerivativeFairValueOfDerivativeNet' xlink:label='loc_DerivativeFairValueOfDerivativeNet' xlink:type='locator' />
<link:loc xlink:href='../elts/us-gaap-2008-03-31.xsd#us-gaap_DerivativeFairValueOfDerivativeAsset' xlink:label='loc_DerivativeFairValueOfDerivativeAsset' xlink:type='locator' />
<link:loc xlink:href='../elts/us-gaap-2008-03-31.xsd#us-gaap_DerivativeFairValueOfDerivativeLiability' xlink:label='loc_DerivativeFairValueOfDerivativeLiability' xlink:type='locator' />
<link:loc xlink:href='../elts/us-gaap-2008-03-31.xsd#us-gaap_DerivativeGainLossOnDerivativeNet' xlink:label='loc_DerivativeGainLossOnDerivativeNet' xlink:type='locator' />
<link:loc xlink:href='../elts/us-gaap-2008-03-31.xsd#us-gaap_DerivativeGainOnDerivative' xlink:label='loc_DerivativeGainOnDerivative' xlink:type='locator' />
<link:loc xlink:href='../elts/us-gaap-2008-03-31.xsd#us-gaap_DerivativeLossOnDerivative' xlink:label='loc_DerivativeLossOnDerivative' xlink:type='locator' />
<link:loc xlink:href='../elts/us-gaap-2008-03-31.xsd#us-gaap_DerivativeAssetsLiabilitiesAtFairValueNet' xlink:label='loc_DerivativeAssetsLiabilitiesAtFairValueNet' xlink:type='locator' />
<link:loc xlink:href='../elts/us-gaap-2008-03-31.xsd#us-gaap_DerivativeAssets' xlink:label='loc_DerivativeAssets' xlink:type='locator' />
<link:loc xlink:href='../elts/us-gaap-2008-03-31.xsd#us-gaap_DerivativeAssetsCurrent' xlink:label='loc_DerivativeAssetsCurrent' xlink:type='locator' />
<link:loc xlink:href='../elts/us-gaap-2008-03-31.xsd#us-gaap_DerivativeAssetsNoncurrent' xlink:label='loc_DerivativeAssetsNoncurrent' xlink:type='locator' />
<link:loc xlink:href='../elts/us-gaap-2008-03-31.xsd#us-gaap_DerivativeLiabilities' xlink:label='loc_DerivativeLiabilities' xlink:type='locator' />
<link:loc xlink:href='../elts/us-gaap-2008-03-31.xsd#us-gaap_DerivativeLiabilitiesCurrent' xlink:label='loc_DerivativeLiabilitiesCurrent' xlink:type='locator' />
<link:loc xlink:href='../elts/us-gaap-2008-03-31.xsd#us-gaap_DerivativeLiabilitiesNoncurrent' xlink:label='loc_DerivativeLiabilitiesNoncurrent' xlink:type='locator' />
<link:loc xlink:href='../elts/us-gaap-2008-03-31.xsd#us-gaap_DerivativeInstrumentsNotDesignatedAsHedgingInstrumentsGainLossNet' xlink:label='loc_DerivativeInstrumentsNotDesignatedAsHedgingInstrumentsGainLossNet' xlink:type='locator' />
<link:loc xlink:href='../elts/us-gaap-2008-03-31.xsd#us-gaap_DerivativeInstrumentsNotDesignatedAsHedgingInstrumentsGain' xlink:label='loc_DerivativeInstrumentsNotDesignatedAsHedgingInstrumentsGain' xlink:type='locator' />
<link:loc xlink:href='../elts/us-gaap-2008-03-31.xsd#us-gaap_DerivativeInstrumentsNotDesignatedAsHedgingInstrumentsLoss' xlink:label='loc_DerivativeInstrumentsNotDesignatedAsHedgingInstrumentsLoss' xlink:type='locator' />
<link:loc xlink:href='../elts/us-gaap-2008-03-31.xsd#us-gaap_EmbeddedDerivativeFairValueOfEmbeddedDerivativeNet' xlink:label='loc_EmbeddedDerivativeFairValueOfEmbeddedDerivativeNet' xlink:type='locator' />
<link:loc xlink:href='../elts/us-gaap-2008-03-31.xsd#us-gaap_EmbeddedDerivativeFairValueOfEmbeddedDerivativeAsset' xlink:label='loc_EmbeddedDerivativeFairValueOfEmbeddedDerivativeAsset' xlink:type='locator' />
<link:loc xlink:href='../elts/us-gaap-2008-03-31.xsd#us-gaap_EmbeddedDerivativeFairValueOfEmbeddedDerivativeLiability' xlink:label='loc_EmbeddedDerivativeFairValueOfEmbeddedDerivativeLiability' xlink:type='locator' />
<link:loc xlink:href='../elts/us-gaap-2008-03-31.xsd#us-gaap_EmbeddedDerivativeGainLossOnEmbeddedDerivativeNet' xlink:label='loc_EmbeddedDerivativeGainLossOnEmbeddedDerivativeNet' xlink:type='locator' />
<link:loc xlink:href='../elts/us-gaap-2008-03-31.xsd#us-gaap_EmbeddedDerivativeGainOnEmbeddedDerivative' xlink:label='loc_EmbeddedDerivativeGainOnEmbeddedDerivative' xlink:type='locator' />
<link:loc xlink:href='../elts/us-gaap-2008-03-31.xsd#us-gaap_EmbeddedDerivativeLossOnEmbeddedDerivative' xlink:label='loc_EmbeddedDerivativeLossOnEmbeddedDerivative' xlink:type='locator' />
<link:loc xlink:href='../elts/us-gaap-2008-03-31.xsd#us-gaap_FairValueHedgesAtFairValueNet' xlink:label='loc_FairValueHedgesAtFairValueNet' xlink:type='locator' />
<link:loc xlink:href='../elts/us-gaap-2008-03-31.xsd#us-gaap_FairValueHedgeAssetsAtFairValue' xlink:label='loc_FairValueHedgeAssetsAtFairValue' xlink:type='locator' />
<link:loc xlink:href='../elts/us-gaap-2008-03-31.xsd#us-gaap_FairValueHedgeLiabilitiesAtFairValue' xlink:label='loc_FairValueHedgeLiabilitiesAtFairValue' xlink:type='locator' />
<link:loc xlink:href='../elts/us-gaap-2008-03-31.xsd#us-gaap_ForeignCurrencyCashFlowHedgeDerivativeAtFairValueNet' xlink:label='loc_ForeignCurrencyCashFlowHedgeDerivativeAtFairValueNet' xlink:type='locator' />
<link:loc xlink:href='../elts/us-gaap-2008-03-31.xsd#us-gaap_ForeignCurrencyCashFlowHedgeAssetAtFairValue' xlink:label='loc_ForeignCurrencyCashFlowHedgeAssetAtFairValue' xlink:type='locator' />
<link:loc xlink:href='../elts/us-gaap-2008-03-31.xsd#us-gaap_ForeignCurrencyCashFlowHedgeLiabilityAtFairValue' xlink:label='loc_ForeignCurrencyCashFlowHedgeLiabilityAtFairValue' xlink:type='locator' />
<link:loc xlink:href='../elts/us-gaap-2008-03-31.xsd#us-gaap_ForeignCurrencyDerivativeInstrumentsNotDesignatedAsHedgingInstrumentsAtFairValueNet' xlink:label='loc_ForeignCurrencyDerivativeInstrumentsNotDesignatedAsHedgingInstrumentsAtFairValueNet' xlink:type='locator' />
<link:loc xlink:href='../elts/us-gaap-2008-03-31.xsd#us-gaap_ForeignCurrencyDerivativeInstrumentsNotDesignatedAsHedgingInstrumentsAssetAtFairValue' xlink:label='loc_ForeignCurrencyDerivativeInstrumentsNotDesignatedAsHedgingInstrumentsAssetAtFairValue' xlink:type='locator' />
<link:loc xlink:href='../elts/us-gaap-2008-03-31.xsd#us-gaap_ForeignCurrencyDerivativeInstrumentsNotDesignatedAsHedgingInstrumentsLiabilityAtFairValue' xlink:label='loc_ForeignCurrencyDerivativeInstrumentsNotDesignatedAsHedgingInstrumentsLiabilityAtFairValue' xlink:type='locator' />
<link:loc xlink:href='../elts/us-gaap-2008-03-31.xsd#us-gaap_ForeignCurrencyDerivativesAtFairValueNet' xlink:label='loc_ForeignCurrencyDerivativesAtFairValueNet' xlink:type='locator' />
<link:loc xlink:href='../elts/us-gaap-2008-03-31.xsd#us-gaap_ForeignCurrencyDerivativeAssetsAtFairValue' xlink:label='loc_ForeignCurrencyDerivativeAssetsAtFairValue' xlink:type='locator' />
<link:loc xlink:href='../elts/us-gaap-2008-03-31.xsd#us-gaap_ForeignCurrencyDerivativeLiabilitiesAtFairValue' xlink:label='loc_ForeignCurrencyDerivativeLiabilitiesAtFairValue' xlink:type='locator' />
<link:loc xlink:href='../elts/us-gaap-2008-03-31.xsd#us-gaap_ForeignCurrencyFairValueHedgeDerivativeAtFairValueNet' xlink:label='loc_ForeignCurrencyFairValueHedgeDerivativeAtFairValueNet' xlink:type='locator' />
<link:loc xlink:href='../elts/us-gaap-2008-03-31.xsd#us-gaap_ForeignCurrencyFairValueHedgeAssetAtFairValue' xlink:label='loc_ForeignCurrencyFairValueHedgeAssetAtFairValue' xlink:type='locator' />
<link:loc xlink:href='../elts/us-gaap-2008-03-31.xsd#us-gaap_ForeignCurrencyFairValueHedgeLiabilityAtFairValue' xlink:label='loc_ForeignCurrencyFairValueHedgeLiabilityAtFairValue' xlink:type='locator' />
<link:loc xlink:href='../elts/us-gaap-2008-03-31.xsd#us-gaap_GainLossOnDerivativeInstrumentsNetPretax' xlink:label='loc_GainLossOnDerivativeInstrumentsNetPretax' xlink:type='locator' />
<link:loc xlink:href='../elts/us-gaap-2008-03-31.xsd#us-gaap_GainOnDerivativeInstrumentsPretax' xlink:label='loc_GainOnDerivativeInstrumentsPretax' xlink:type='locator' />
<link:loc xlink:href='../elts/us-gaap-2008-03-31.xsd#us-gaap_LossOnDerivativeInstrumentsPretax' xlink:label='loc_LossOnDerivativeInstrumentsPretax' xlink:type='locator' />
<link:loc xlink:href='../elts/us-gaap-2008-03-31.xsd#us-gaap_GainLossFromComponentsExcludedFromAssessmentOfCashFlowHedgeEffectivenessNet' xlink:label='loc_GainLossFromComponentsExcludedFromAssessmentOfCashFlowHedgeEffectivenessNet' xlink:type='locator' />
<link:loc xlink:href='../elts/us-gaap-2008-03-31.xsd#us-gaap_GainFromComponentsExcludedFromAssessmentOfCashFlowHedgeEffectiveness' xlink:label='loc_GainFromComponentsExcludedFromAssessmentOfCashFlowHedgeEffectiveness' xlink:type='locator' />
<link:loc xlink:href='../elts/us-gaap-2008-03-31.xsd#us-gaap_LossFromComponentsExcludedFromAssessmentOfCashFlowHedgeEffectiveness' xlink:label='loc_LossFromComponentsExcludedFromAssessmentOfCashFlowHedgeEffectiveness' xlink:type='locator' />
<link:loc xlink:href='../elts/us-gaap-2008-03-31.xsd#us-gaap_GainLossOnCashFlowHedgeIneffectivenessNet' xlink:label='loc_GainLossOnCashFlowHedgeIneffectivenessNet' xlink:type='locator' />
<link:loc xlink:href='../elts/us-gaap-2008-03-31.xsd#us-gaap_GainOnCashFlowHedgeIneffectiveness' xlink:label='loc_GainOnCashFlowHedgeIneffectiveness' xlink:type='locator' />
<link:loc xlink:href='../elts/us-gaap-2008-03-31.xsd#us-gaap_LossOnCashFlowHedgeIneffectiveness' xlink:label='loc_LossOnCashFlowHedgeIneffectiveness' xlink:type='locator' />
<link:loc xlink:href='../elts/us-gaap-2008-03-31.xsd#us-gaap_GainLossOnDiscontinuationOfCashFlowHedgeDueToForecastedTransactionProbableOfNotOccurringNet' xlink:label='loc_GainLossOnDiscontinuationOfCashFlowHedgeDueToForecastedTransactionProbableOfNotOccurringNet' xlink:type='locator' />
<link:loc xlink:href='../elts/us-gaap-2008-03-31.xsd#us-gaap_GainOnDiscontinuationOfCashFlowHedgeDueToForecastedTransactionProbableOfNotOccurring' xlink:label='loc_GainOnDiscontinuationOfCashFlowHedgeDueToForecastedTransactionProbableOfNotOccurring' xlink:type='locator' />
<link:loc xlink:href='../elts/us-gaap-2008-03-31.xsd#us-gaap_LossOnDiscontinuationOfCashFlowHedgeDueToForecastedTransactionProbableOfNotOccurring' xlink:label='loc_LossOnDiscontinuationOfCashFlowHedgeDueToForecastedTransactionProbableOfNotOccurring' xlink:type='locator' />
<link:loc xlink:href='../elts/us-gaap-2008-03-31.xsd#us-gaap_GainLossOnFairValueHedgesRecognizedInEarnings' xlink:label='loc_GainLossOnFairValueHedgesRecognizedInEarnings' xlink:type='locator' />
<link:loc xlink:href='../elts/us-gaap-2008-03-31.xsd#us-gaap_GainLossOnFairValueHedgeIneffectivenessNet' xlink:label='loc_GainLossOnFairValueHedgeIneffectivenessNet' xlink:type='locator' />
<link:loc xlink:href='../elts/us-gaap-2008-03-31.xsd#us-gaap_GainOnFairValueHedgeIneffectiveness' xlink:label='loc_GainOnFairValueHedgeIneffectiveness' xlink:type='locator' />
<link:loc xlink:href='../elts/us-gaap-2008-03-31.xsd#us-gaap_LossOnFairValueHedgeIneffectiveness' xlink:label='loc_LossOnFairValueHedgeIneffectiveness' xlink:type='locator' />
<link:loc xlink:href='../elts/us-gaap-2008-03-31.xsd#us-gaap_GainLossFromComponentsExcludedFromAssessmentOfFairValueHedgeEffectivenessNet' xlink:label='loc_GainLossFromComponentsExcludedFromAssessmentOfFairValueHedgeEffectivenessNet' xlink:type='locator' />
<link:loc xlink:href='../elts/us-gaap-2008-03-31.xsd#us-gaap_GainFromComponentsExcludedFromAssessmentOfFairValueHedgeEffectiveness' xlink:label='loc_GainFromComponentsExcludedFromAssessmentOfFairValueHedgeEffectiveness' xlink:type='locator' />
<link:loc xlink:href='../elts/us-gaap-2008-03-31.xsd#us-gaap_LossFromComponentsExcludedFromAssessmentOfFairValueHedgeEffectiveness' xlink:label='loc_LossFromComponentsExcludedFromAssessmentOfFairValueHedgeEffectiveness' xlink:type='locator' />
<link:loc xlink:href='../elts/us-gaap-2008-03-31.xsd#us-gaap_GainLossFromHedgedFirmCommitmentNotQualifyingAsFairValueHedgeNet' xlink:label='loc_GainLossFromHedgedFirmCommitmentNotQualifyingAsFairValueHedgeNet' xlink:type='locator' />
<link:loc xlink:href='../elts/us-gaap-2008-03-31.xsd#us-gaap_GainFromHedgedFirmCommitmentNotQualifyingAsFairValueHedge' xlink:label='loc_GainFromHedgedFirmCommitmentNotQualifyingAsFairValueHedge' xlink:type='locator' />
<link:loc xlink:href='../elts/us-gaap-2008-03-31.xsd#us-gaap_LossFromHedgedFirmCommitmentNotQualifyingAsFairValueHedge' xlink:label='loc_LossFromHedgedFirmCommitmentNotQualifyingAsFairValueHedge' xlink:type='locator' />
<link:loc xlink:href='../elts/us-gaap-2008-03-31.xsd#us-gaap_UnrealizedGainLossOnForeignCurrencyDerivativesNetBeforeTax' xlink:label='loc_UnrealizedGainLossOnForeignCurrencyDerivativesNetBeforeTax' xlink:type='locator' />
<link:loc xlink:href='../elts/us-gaap-2008-03-31.xsd#us-gaap_UnrealizedGainOnForeignCurrencyDerivativesBeforeTax' xlink:label='loc_UnrealizedGainOnForeignCurrencyDerivativesBeforeTax' xlink:type='locator' />
<link:loc xlink:href='../elts/us-gaap-2008-03-31.xsd#us-gaap_UnrealizedLossOnForeignCurrencyDerivativesBeforeTax' xlink:label='loc_UnrealizedLossOnForeignCurrencyDerivativesBeforeTax' xlink:type='locator' />
<link:loc xlink:href='../elts/us-gaap-2008-03-31.xsd#us-gaap_UnrealizedGainLossOnPriceRiskCashFlowDerivativesBeforeTax' xlink:label='loc_UnrealizedGainLossOnPriceRiskCashFlowDerivativesBeforeTax' xlink:type='locator' />
<link:loc xlink:href='../elts/us-gaap-2008-03-31.xsd#us-gaap_UnrealizedGainOnPriceRiskCashFlowDerivativesBeforeTax' xlink:label='loc_UnrealizedGainOnPriceRiskCashFlowDerivativesBeforeTax' xlink:type='locator' />
<link:loc xlink:href='../elts/us-gaap-2008-03-31.xsd#us-gaap_UnrealizedLossOnPriceRiskCashFlowDerivativesBeforeTax' xlink:label='loc_UnrealizedLossOnPriceRiskCashFlowDerivativesBeforeTax' xlink:type='locator' />
<link:loc xlink:href='../elts/us-gaap-2008-03-31.xsd#us-gaap_DerivativeInstrumentsInHedgesAtFairValueNet' xlink:label='loc_DerivativeInstrumentsInHedgesAtFairValueNet' xlink:type='locator' />
<link:loc xlink:href='../elts/us-gaap-2008-03-31.xsd#us-gaap_DerivativeInstrumentsInHedgesAssetsAtFairValue' xlink:label='loc_DerivativeInstrumentsInHedgesAssetsAtFairValue' xlink:type='locator' />
<link:loc xlink:href='../elts/us-gaap-2008-03-31.xsd#us-gaap_NetInvestmentHedgeDerivativeAssetsAtFairValue' xlink:label='loc_NetInvestmentHedgeDerivativeAssetsAtFairValue' xlink:type='locator' />
<link:loc xlink:href='../elts/us-gaap-2008-03-31.xsd#us-gaap_OtherDerivativesNotDesignatedAsHedgingInstrumentsAssetsAtFairValue' xlink:label='loc_OtherDerivativesNotDesignatedAsHedgingInstrumentsAssetsAtFairValue' xlink:type='locator' />
<link:loc xlink:href='../elts/us-gaap-2008-03-31.xsd#us-gaap_DerivativeInstrumentsInHedgesLiabilitiesAtFairValue' xlink:label='loc_DerivativeInstrumentsInHedgesLiabilitiesAtFairValue' xlink:type='locator' />
<link:loc xlink:href='../elts/us-gaap-2008-03-31.xsd#us-gaap_NetInvestmentHedgeDerivativeLiabilitiesAtFairValue' xlink:label='loc_NetInvestmentHedgeDerivativeLiabilitiesAtFairValue' xlink:type='locator' />
<link:loc xlink:href='../elts/us-gaap-2008-03-31.xsd#us-gaap_OtherDerivativesNotDesignatedAsHedgingInstrumentsLiabilitiesAtFairValue' xlink:label='loc_OtherDerivativesNotDesignatedAsHedgingInstrumentsLiabilitiesAtFairValue' xlink:type='locator' />
<link:loc xlink:href='../elts/us-gaap-2008-03-31.xsd#us-gaap_InterestRateCashFlowHedgeDerivativeAtFairValueNet' xlink:label='loc_InterestRateCashFlowHedgeDerivativeAtFairValueNet' xlink:type='locator' />
<link:loc xlink:href='../elts/us-gaap-2008-03-31.xsd#us-gaap_InterestRateCashFlowHedgeAssetAtFairValue' xlink:label='loc_InterestRateCashFlowHedgeAssetAtFairValue' xlink:type='locator' />
<link:loc xlink:href='../elts/us-gaap-2008-03-31.xsd#us-gaap_InterestRateCashFlowHedgeLiabilityAtFairValue' xlink:label='loc_InterestRateCashFlowHedgeLiabilityAtFairValue' xlink:type='locator' />
<link:loc xlink:href='../elts/us-gaap-2008-03-31.xsd#us-gaap_InterestRateDerivativeInstrumentsNotDesignatedAsHedgingInstrumentsAtFairValueNet' xlink:label='loc_InterestRateDerivativeInstrumentsNotDesignatedAsHedgingInstrumentsAtFairValueNet' xlink:type='locator' />
<link:loc xlink:href='../elts/us-gaap-2008-03-31.xsd#us-gaap_InterestRateDerivativeInstrumentsNotDesignatedAsHedgingInstrumentsAssetAtFairValue' xlink:label='loc_InterestRateDerivativeInstrumentsNotDesignatedAsHedgingInstrumentsAssetAtFairValue' xlink:type='locator' />
<link:loc xlink:href='../elts/us-gaap-2008-03-31.xsd#us-gaap_InterestRateDerivativeInstrumentsNotDesignatedAsHedgingInstrumentsLiabilityAtFairValue' xlink:label='loc_InterestRateDerivativeInstrumentsNotDesignatedAsHedgingInstrumentsLiabilityAtFairValue' xlink:type='locator' />
<link:loc xlink:href='../elts/us-gaap-2008-03-31.xsd#us-gaap_InterestRateDerivativesAtFairValueNet' xlink:label='loc_InterestRateDerivativesAtFairValueNet' xlink:type='locator' />
<link:loc xlink:href='../elts/us-gaap-2008-03-31.xsd#us-gaap_InterestRateDerivativeAssetsAtFairValue' xlink:label='loc_InterestRateDerivativeAssetsAtFairValue' xlink:type='locator' />
<link:loc xlink:href='../elts/us-gaap-2008-03-31.xsd#us-gaap_InterestRateDerivativeLiabilitiesAtFairValue' xlink:label='loc_InterestRateDerivativeLiabilitiesAtFairValue' xlink:type='locator' />
<link:loc xlink:href='../elts/us-gaap-2008-03-31.xsd#us-gaap_InterestRateFairValueHedgeDerivativeAtFairValueNet' xlink:label='loc_InterestRateFairValueHedgeDerivativeAtFairValueNet' xlink:type='locator' />
<link:loc xlink:href='../elts/us-gaap-2008-03-31.xsd#us-gaap_InterestRateFairValueHedgeAssetAtFairValue' xlink:label='loc_InterestRateFairValueHedgeAssetAtFairValue' xlink:type='locator' />
<link:loc xlink:href='../elts/us-gaap-2008-03-31.xsd#us-gaap_InterestRateFairValueHedgeLiabilityAtFairValue' xlink:label='loc_InterestRateFairValueHedgeLiabilityAtFairValue' xlink:type='locator' />
<link:loc xlink:href='../elts/us-gaap-2008-03-31.xsd#us-gaap_NetInvestmentHedgeDerivativesAtFairValueNet' xlink:label='loc_NetInvestmentHedgeDerivativesAtFairValueNet' xlink:type='locator' />
<link:loc xlink:href='../elts/us-gaap-2008-03-31.xsd#us-gaap_NotionalAmountOfDerivatives' xlink:label='loc_NotionalAmountOfDerivatives' xlink:type='locator' />
<link:loc xlink:href='../elts/us-gaap-2008-03-31.xsd#us-gaap_NotionalAmountOfCashFlowHedgeInstruments' xlink:label='loc_NotionalAmountOfCashFlowHedgeInstruments' xlink:type='locator' />
<link:loc xlink:href='../elts/us-gaap-2008-03-31.xsd#us-gaap_NotionalAmountOfFairValueHedgeInstruments' xlink:label='loc_NotionalAmountOfFairValueHedgeInstruments' xlink:type='locator' />
<link:loc xlink:href='../elts/us-gaap-2008-03-31.xsd#us-gaap_NotionalAmountOfNetInvestmentHedgeInstruments' xlink:label='loc_NotionalAmountOfNetInvestmentHedgeInstruments' xlink:type='locator' />
<link:loc xlink:href='../elts/us-gaap-2008-03-31.xsd#us-gaap_NotionalAmountOfOtherDerivativesNotDesignatedAsHedgingInstruments' xlink:label='loc_NotionalAmountOfOtherDerivativesNotDesignatedAsHedgingInstruments' xlink:type='locator' />
<link:loc xlink:href='../elts/us-gaap-2008-03-31.xsd#us-gaap_NotionalAmountOfNetInvestmentHedgingInstruments' xlink:label='loc_NotionalAmountOfNetInvestmentHedgingInstruments' xlink:type='locator' />
<link:loc xlink:href='../elts/us-gaap-2008-03-31.xsd#us-gaap_NotionalAmountOfDerivativeInstrumentsDesignatedAsNetInvestmentHedges' xlink:label='loc_NotionalAmountOfDerivativeInstrumentsDesignatedAsNetInvestmentHedges' xlink:type='locator' />
<link:loc xlink:href='../elts/us-gaap-2008-03-31.xsd#us-gaap_NotionalAmountOfNonderivativeInstrumentsDesignatedAsNetInvestmentHedges' xlink:label='loc_NotionalAmountOfNonderivativeInstrumentsDesignatedAsNetInvestmentHedges' xlink:type='locator' />
<link:loc xlink:href='../elts/us-gaap-2008-03-31.xsd#us-gaap_OtherDerivativesNotDesignatedAsHedgingInstrumentsAtFairValueNet' xlink:label='loc_OtherDerivativesNotDesignatedAsHedgingInstrumentsAtFairValueNet' xlink:type='locator' />
<link:loc xlink:href='../elts/us-gaap-2008-03-31.xsd#us-gaap_PriceRiskCashFlowHedgeDerivativeAtFairValueNet' xlink:label='loc_PriceRiskCashFlowHedgeDerivativeAtFairValueNet' xlink:type='locator' />
<link:loc xlink:href='../elts/us-gaap-2008-03-31.xsd#us-gaap_PriceRiskCashFlowHedgeAssetAtFairValue' xlink:label='loc_PriceRiskCashFlowHedgeAssetAtFairValue' xlink:type='locator' />
<link:loc xlink:href='../elts/us-gaap-2008-03-31.xsd#us-gaap_PriceRiskCashFlowHedgeLiabilityAtFairValue' xlink:label='loc_PriceRiskCashFlowHedgeLiabilityAtFairValue' xlink:type='locator' />
<link:loc xlink:href='../elts/us-gaap-2008-03-31.xsd#us-gaap_PriceRiskDerivativeInstrumentsNotDesignatedAsHedgingInstrumentsAtFairValueNet' xlink:label='loc_PriceRiskDerivativeInstrumentsNotDesignatedAsHedgingInstrumentsAtFairValueNet' xlink:type='locator' />
<link:loc xlink:href='../elts/us-gaap-2008-03-31.xsd#us-gaap_PriceRiskDerivativeInstrumentsNotDesignatedAsHedgingInstrumentsAssetAtFairValue' xlink:label='loc_PriceRiskDerivativeInstrumentsNotDesignatedAsHedgingInstrumentsAssetAtFairValue' xlink:type='locator' />
<link:loc xlink:href='../elts/us-gaap-2008-03-31.xsd#us-gaap_PriceRiskDerivativeInstrumentsNotDesignatedAsHedgingInstrumentsLiabilityAtFairValue' xlink:label='loc_PriceRiskDerivativeInstrumentsNotDesignatedAsHedgingInstrumentsLiabilityAtFairValue' xlink:type='locator' />
<link:loc xlink:href='../elts/us-gaap-2008-03-31.xsd#us-gaap_PriceRiskDerivativesAtFairValueNet' xlink:label='loc_PriceRiskDerivativesAtFairValueNet' xlink:type='locator' />
<link:loc xlink:href='../elts/us-gaap-2008-03-31.xsd#us-gaap_PriceRiskDerivativeAssetsAtFairValue' xlink:label='loc_PriceRiskDerivativeAssetsAtFairValue' xlink:type='locator' />
<link:loc xlink:href='../elts/us-gaap-2008-03-31.xsd#us-gaap_PriceRiskDerivativeLiabilitiesAtFairValue' xlink:label='loc_PriceRiskDerivativeLiabilitiesAtFairValue' xlink:type='locator' />
<link:loc xlink:href='../elts/us-gaap-2008-03-31.xsd#us-gaap_PriceRiskFairValueHedgeDerivativeAtFairValueNet' xlink:label='loc_PriceRiskFairValueHedgeDerivativeAtFairValueNet' xlink:type='locator' />
<link:loc xlink:href='../elts/us-gaap-2008-03-31.xsd#us-gaap_PriceRiskFairValueHedgeAssetAtFairValue' xlink:label='loc_PriceRiskFairValueHedgeAssetAtFairValue' xlink:type='locator' />
<link:loc xlink:href='../elts/us-gaap-2008-03-31.xsd#us-gaap_PriceRiskFairValueHedgeLiabilityAtFairValue' xlink:label='loc_PriceRiskFairValueHedgeLiabilityAtFairValue' xlink:type='locator' />
<calculationArc order='10' use='optional' weight='1.0' xlink:arcrole='http://www.xbrl.org/2003/arcrole/summation-item' xlink:from='loc_CashFlowHedgeGainLossReclassifiedToEarningsNet' xlink:to='loc_CashFlowHedgeGainLossReclassifiedToRevenueNet' xlink:type='arc' />
<calculationArc order='10' use='optional' weight='1.0' xlink:arcrole='http://www.xbrl.org/2003/arcrole/summation-item' xlink:from='loc_CashFlowHedgeGainLossReclassifiedToRevenueNet' xlink:to='loc_CashFlowHedgeGainReclassifiedToRevenue' xlink:type='arc' />
<calculationArc order='20' use='optional' weight='-1.0' xlink:arcrole='http://www.xbrl.org/2003/arcrole/summation-item' xlink:from='loc_CashFlowHedgeGainLossReclassifiedToRevenueNet' xlink:to='loc_CashFlowHedgeLossReclassifiedToRevenue' xlink:type='arc' />
<calculationArc order='20' use='optional' weight='1.0' xlink:arcrole='http://www.xbrl.org/2003/arcrole/summation-item' xlink:from='loc_CashFlowHedgeGainLossReclassifiedToEarningsNet' xlink:to='loc_CashFlowHedgeGainLossReclassifiedToInvestmentIncomeNet' xlink:type='arc' />
<calculationArc order='10' use='optional' weight='1.0' xlink:arcrole='http://www.xbrl.org/2003/arcrole/summation-item' xlink:from='loc_CashFlowHedgeGainLossReclassifiedToInvestmentIncomeNet' xlink:to='loc_CashFlowHedgeGainReclassifiedToInvestmentIncome' xlink:type='arc' />
<calculationArc order='20' use='optional' weight='-1.0' xlink:arcrole='http://www.xbrl.org/2003/arcrole/summation-item' xlink:from='loc_CashFlowHedgeGainLossReclassifiedToInvestmentIncomeNet' xlink:to='loc_CashFlowHedgeLossReclassifiedToInvestmentIncome' xlink:type='arc' />
<calculationArc order='30' use='optional' weight='1.0' xlink:arcrole='http://www.xbrl.org/2003/arcrole/summation-item' xlink:from='loc_CashFlowHedgeGainLossReclassifiedToEarningsNet' xlink:to='loc_CashFlowHedgeGainLossReclassifiedToOtherIncomeNet' xlink:type='arc' />
<calculationArc order='10' weight='1.0' xlink:arcrole='http://www.xbrl.org/2003/arcrole/summation-item' xlink:from='loc_CashFlowHedgeGainLossReclassifiedToOtherIncomeNet' xlink:to='loc_CashFlowHedgeGainReclassifiedToOtherIncome' xlink:type='arc' />
<calculationArc order='20' use='optional' weight='-1.0' xlink:arcrole='http://www.xbrl.org/2003/arcrole/summation-item' xlink:from='loc_CashFlowHedgeGainLossReclassifiedToOtherIncomeNet' xlink:to='loc_CashFlowHedgeLossReclassifiedToOtherIncome' xlink:type='arc' />
<calculationArc order='40' use='optional' weight='1.0' xlink:arcrole='http://www.xbrl.org/2003/arcrole/summation-item' xlink:from='loc_CashFlowHedgeGainLossReclassifiedToEarningsNet' xlink:to='loc_CashFlowHedgeGainLossReclassifiedToCostOfSalesNet' xlink:type='arc' />
<calculationArc order='10' use='optional' weight='1.0' xlink:arcrole='http://www.xbrl.org/2003/arcrole/summation-item' xlink:from='loc_CashFlowHedgeGainLossReclassifiedToCostOfSalesNet' xlink:to='loc_CashFlowHedgeGainReclassifiedToCostOfSales' xlink:type='arc' />
<calculationArc order='20' use='optional' weight='-1.0' xlink:arcrole='http://www.xbrl.org/2003/arcrole/summation-item' xlink:from='loc_CashFlowHedgeGainLossReclassifiedToCostOfSalesNet' xlink:to='loc_CashFlowHedgeLossReclassifiedToCostOfSales' xlink:type='arc' />
<calculationArc order='50' use='optional' weight='1.0' xlink:arcrole='http://www.xbrl.org/2003/arcrole/summation-item' xlink:from='loc_CashFlowHedgeGainLossReclassifiedToEarningsNet' xlink:to='loc_CashFlowHedgeGainLossReclassifiedToInterestExpenseNet' xlink:type='arc' />
<calculationArc order='10' use='optional' weight='1.0' xlink:arcrole='http://www.xbrl.org/2003/arcrole/summation-item' xlink:from='loc_CashFlowHedgeGainLossReclassifiedToInterestExpenseNet' xlink:to='loc_CashFlowHedgeGainReclassifiedToInterestExpense' xlink:type='arc' />
<calculationArc order='20' use='optional' weight='-1.0' xlink:arcrole='http://www.xbrl.org/2003/arcrole/summation-item' xlink:from='loc_CashFlowHedgeGainLossReclassifiedToInterestExpenseNet' xlink:to='loc_CashFlowHedgeLossReclassifiedToInterestExpense' xlink:type='arc' />
<calculationArc order='60' use='optional' weight='1.0' xlink:arcrole='http://www.xbrl.org/2003/arcrole/summation-item' xlink:from='loc_CashFlowHedgeGainLossReclassifiedToEarningsNet' xlink:to='loc_CashFlowHedgeGainLossReclassifiedToOtherExpenseNet' xlink:type='arc' />
<calculationArc order='10' use='optional' weight='1.0' xlink:arcrole='http://www.xbrl.org/2003/arcrole/summation-item' xlink:from='loc_CashFlowHedgeGainLossReclassifiedToOtherExpenseNet' xlink:to='loc_CashFlowHedgeGainReclassifiedToOtherExpense' xlink:type='arc' />
<calculationArc order='20' use='optional' weight='-1.0' xlink:arcrole='http://www.xbrl.org/2003/arcrole/summation-item' xlink:from='loc_CashFlowHedgeGainLossReclassifiedToOtherExpenseNet' xlink:to='loc_CashFlowHedgeLossReclassifiedToOtherExpense' xlink:type='arc' />
<calculationArc order='10' use='optional' weight='1.0' xlink:arcrole='http://www.xbrl.org/2003/arcrole/summation-item' xlink:from='loc_CashFlowHedgesDerivativeInstrumentsAtFairValueNet' xlink:to='loc_CashFlowHedgeDerivativeInstrumentAssetsAtFairValue' xlink:type='arc' />
<calculationArc order='20' use='optional' weight='-1.0' xlink:arcrole='http://www.xbrl.org/2003/arcrole/summation-item' xlink:from='loc_CashFlowHedgesDerivativeInstrumentsAtFairValueNet' xlink:to='loc_CashFlowHedgeDerivativeInstrumentLiabilitiesAtFairValue' xlink:type='arc' />
<calculationArc order='10' use='optional' weight='1.0' xlink:arcrole='http://www.xbrl.org/2003/arcrole/summation-item' xlink:from='loc_CreditRiskDerivativesAtFairValueNet' xlink:to='loc_CreditRiskDerivativeAssetsAtFairValue' xlink:type='arc' />
<calculationArc order='20' use='optional' weight='-1.0' xlink:arcrole='http://www.xbrl.org/2003/arcrole/summation-item' xlink:from='loc_CreditRiskDerivativesAtFairValueNet' xlink:to='loc_CreditRiskDerivativeLiabilitiesAtFairValue' xlink:type='arc' />
<calculationArc order='10' use='optional' weight='1.0' xlink:arcrole='http://www.xbrl.org/2003/arcrole/summation-item' xlink:from='loc_DerivativeFairValueOfDerivativeNet' xlink:to='loc_DerivativeFairValueOfDerivativeAsset' xlink:type='arc' />
<calculationArc order='20' use='optional' weight='-1.0' xlink:arcrole='http://www.xbrl.org/2003/arcrole/summation-item' xlink:from='loc_DerivativeFairValueOfDerivativeNet' xlink:to='loc_DerivativeFairValueOfDerivativeLiability' xlink:type='arc' />
<calculationArc order='10' use='optional' weight='1.0' xlink:arcrole='http://www.xbrl.org/2003/arcrole/summation-item' xlink:from='loc_DerivativeGainLossOnDerivativeNet' xlink:to='loc_DerivativeGainOnDerivative' xlink:type='arc' />
<calculationArc order='20' use='optional' weight='-1.0' xlink:arcrole='http://www.xbrl.org/2003/arcrole/summation-item' xlink:from='loc_DerivativeGainLossOnDerivativeNet' xlink:to='loc_DerivativeLossOnDerivative' xlink:type='arc' />
<calculationArc order='10' use='optional' weight='1.0' xlink:arcrole='http://www.xbrl.org/2003/arcrole/summation-item' xlink:from='loc_DerivativeAssetsLiabilitiesAtFairValueNet' xlink:to='loc_DerivativeAssets' xlink:type='arc' />
<calculationArc order='10' weight='1.0' xlink:arcrole='http://www.xbrl.org/2003/arcrole/summation-item' xlink:from='loc_DerivativeAssets' xlink:to='loc_DerivativeAssetsCurrent' xlink:type='arc' />
<calculationArc order='20' use='optional' weight='1.0' xlink:arcrole='http://www.xbrl.org/2003/arcrole/summation-item' xlink:from='loc_DerivativeAssets' xlink:to='loc_DerivativeAssetsNoncurrent' xlink:type='arc' />
<calculationArc order='20' weight='-1.0' xlink:arcrole='http://www.xbrl.org/2003/arcrole/summation-item' xlink:from='loc_DerivativeAssetsLiabilitiesAtFairValueNet' xlink:to='loc_DerivativeLiabilities' xlink:type='arc' />
<calculationArc order='10' weight='1.0' xlink:arcrole='http://www.xbrl.org/2003/arcrole/summation-item' xlink:from='loc_DerivativeLiabilities' xlink:to='loc_DerivativeLiabilitiesCurrent' xlink:type='arc' />
<calculationArc order='20' weight='1.0' xlink:arcrole='http://www.xbrl.org/2003/arcrole/summation-item' xlink:from='loc_DerivativeLiabilities' xlink:to='loc_DerivativeLiabilitiesNoncurrent' xlink:type='arc' />
<calculationArc order='10' use='optional' weight='1.0' xlink:arcrole='http://www.xbrl.org/2003/arcrole/summation-item' xlink:from='loc_DerivativeInstrumentsNotDesignatedAsHedgingInstrumentsGainLossNet' xlink:to='loc_DerivativeInstrumentsNotDesignatedAsHedgingInstrumentsGain' xlink:type='arc' />
<calculationArc order='20' use='optional' weight='-1.0' xlink:arcrole='http://www.xbrl.org/2003/arcrole/summation-item' xlink:from='loc_DerivativeInstrumentsNotDesignatedAsHedgingInstrumentsGainLossNet' xlink:to='loc_DerivativeInstrumentsNotDesignatedAsHedgingInstrumentsLoss' xlink:type='arc' />
<calculationArc order='10' use='optional' weight='1.0' xlink:arcrole='http://www.xbrl.org/2003/arcrole/summation-item' xlink:from='loc_EmbeddedDerivativeFairValueOfEmbeddedDerivativeNet' xlink:to='loc_EmbeddedDerivativeFairValueOfEmbeddedDerivativeAsset' xlink:type='arc' />
<calculationArc order='20' use='optional' weight='-1.0' xlink:arcrole='http://www.xbrl.org/2003/arcrole/summation-item' xlink:from='loc_EmbeddedDerivativeFairValueOfEmbeddedDerivativeNet' xlink:to='loc_EmbeddedDerivativeFairValueOfEmbeddedDerivativeLiability' xlink:type='arc' />
<calculationArc order='10' use='optional' weight='1.0' xlink:arcrole='http://www.xbrl.org/2003/arcrole/summation-item' xlink:from='loc_EmbeddedDerivativeGainLossOnEmbeddedDerivativeNet' xlink:to='loc_EmbeddedDerivativeGainOnEmbeddedDerivative' xlink:type='arc' />
<calculationArc order='20' use='optional' weight='-1.0' xlink:arcrole='http://www.xbrl.org/2003/arcrole/summation-item' xlink:from='loc_EmbeddedDerivativeGainLossOnEmbeddedDerivativeNet' xlink:to='loc_EmbeddedDerivativeLossOnEmbeddedDerivative' xlink:type='arc' />
<calculationArc order='10' use='optional' weight='1.0' xlink:arcrole='http://www.xbrl.org/2003/arcrole/summation-item' xlink:from='loc_FairValueHedgesAtFairValueNet' xlink:to='loc_FairValueHedgeAssetsAtFairValue' xlink:type='arc' />
<calculationArc order='20' use='optional' weight='-1.0' xlink:arcrole='http://www.xbrl.org/2003/arcrole/summation-item' xlink:from='loc_FairValueHedgesAtFairValueNet' xlink:to='loc_FairValueHedgeLiabilitiesAtFairValue' xlink:type='arc' />
<calculationArc order='10' use='optional' weight='1.0' xlink:arcrole='http://www.xbrl.org/2003/arcrole/summation-item' xlink:from='loc_ForeignCurrencyCashFlowHedgeDerivativeAtFairValueNet' xlink:to='loc_ForeignCurrencyCashFlowHedgeAssetAtFairValue' xlink:type='arc' />
<calculationArc order='20' use='optional' weight='-1.0' xlink:arcrole='http://www.xbrl.org/2003/arcrole/summation-item' xlink:from='loc_ForeignCurrencyCashFlowHedgeDerivativeAtFairValueNet' xlink:to='loc_ForeignCurrencyCashFlowHedgeLiabilityAtFairValue' xlink:type='arc' />
<calculationArc order='10' use='optional' weight='1.0' xlink:arcrole='http://www.xbrl.org/2003/arcrole/summation-item' xlink:from='loc_ForeignCurrencyDerivativeInstrumentsNotDesignatedAsHedgingInstrumentsAtFairValueNet' xlink:to='loc_ForeignCurrencyDerivativeInstrumentsNotDesignatedAsHedgingInstrumentsAssetAtFairValue' xlink:type='arc' />
<calculationArc order='20' use='optional' weight='-1.0' xlink:arcrole='http://www.xbrl.org/2003/arcrole/summation-item' xlink:from='loc_ForeignCurrencyDerivativeInstrumentsNotDesignatedAsHedgingInstrumentsAtFairValueNet' xlink:to='loc_ForeignCurrencyDerivativeInstrumentsNotDesignatedAsHedgingInstrumentsLiabilityAtFairValue' xlink:type='arc' />
<calculationArc order='10' use='optional' weight='1.0' xlink:arcrole='http://www.xbrl.org/2003/arcrole/summation-item' xlink:from='loc_ForeignCurrencyDerivativesAtFairValueNet' xlink:to='loc_ForeignCurrencyDerivativeAssetsAtFairValue' xlink:type='arc' />
<calculationArc order='20' use='optional' weight='-1.0' xlink:arcrole='http://www.xbrl.org/2003/arcrole/summation-item' xlink:from='loc_ForeignCurrencyDerivativesAtFairValueNet' xlink:to='loc_ForeignCurrencyDerivativeLiabilitiesAtFairValue' xlink:type='arc' />
<calculationArc order='10' use='optional' weight='1.0' xlink:arcrole='http://www.xbrl.org/2003/arcrole/summation-item' xlink:from='loc_ForeignCurrencyFairValueHedgeDerivativeAtFairValueNet' xlink:to='loc_ForeignCurrencyFairValueHedgeAssetAtFairValue' xlink:type='arc' />
<calculationArc order='20' use='optional' weight='-1.0' xlink:arcrole='http://www.xbrl.org/2003/arcrole/summation-item' xlink:from='loc_ForeignCurrencyFairValueHedgeDerivativeAtFairValueNet' xlink:to='loc_ForeignCurrencyFairValueHedgeLiabilityAtFairValue' xlink:type='arc' />
<calculationArc order='10' use='optional' weight='1.0' xlink:arcrole='http://www.xbrl.org/2003/arcrole/summation-item' xlink:from='loc_GainLossOnDerivativeInstrumentsNetPretax' xlink:to='loc_GainOnDerivativeInstrumentsPretax' xlink:type='arc' />
<calculationArc order='20' use='optional' weight='-1.0' xlink:arcrole='http://www.xbrl.org/2003/arcrole/summation-item' xlink:from='loc_GainLossOnDerivativeInstrumentsNetPretax' xlink:to='loc_LossOnDerivativeInstrumentsPretax' xlink:type='arc' />
<calculationArc order='10' use='optional' weight='1.0' xlink:arcrole='http://www.xbrl.org/2003/arcrole/summation-item' xlink:from='loc_GainLossFromComponentsExcludedFromAssessmentOfCashFlowHedgeEffectivenessNet' xlink:to='loc_GainFromComponentsExcludedFromAssessmentOfCashFlowHedgeEffectiveness' xlink:type='arc' />
<calculationArc order='20' use='optional' weight='-1.0' xlink:arcrole='http://www.xbrl.org/2003/arcrole/summation-item' xlink:from='loc_GainLossFromComponentsExcludedFromAssessmentOfCashFlowHedgeEffectivenessNet' xlink:to='loc_LossFromComponentsExcludedFromAssessmentOfCashFlowHedgeEffectiveness' xlink:type='arc' />
<calculationArc order='10' use='optional' weight='1.0' xlink:arcrole='http://www.xbrl.org/2003/arcrole/summation-item' xlink:from='loc_GainLossOnCashFlowHedgeIneffectivenessNet' xlink:to='loc_GainOnCashFlowHedgeIneffectiveness' xlink:type='arc' />
<calculationArc order='20' use='optional' weight='-1.0' xlink:arcrole='http://www.xbrl.org/2003/arcrole/summation-item' xlink:from='loc_GainLossOnCashFlowHedgeIneffectivenessNet' xlink:to='loc_LossOnCashFlowHedgeIneffectiveness' xlink:type='arc' />
<calculationArc order='10' use='optional' weight='1.0' xlink:arcrole='http://www.xbrl.org/2003/arcrole/summation-item' xlink:from='loc_GainLossOnDiscontinuationOfCashFlowHedgeDueToForecastedTransactionProbableOfNotOccurringNet' xlink:to='loc_GainOnDiscontinuationOfCashFlowHedgeDueToForecastedTransactionProbableOfNotOccurring' xlink:type='arc' />
<calculationArc order='20' use='optional' weight='-1.0' xlink:arcrole='http://www.xbrl.org/2003/arcrole/summation-item' xlink:from='loc_GainLossOnDiscontinuationOfCashFlowHedgeDueToForecastedTransactionProbableOfNotOccurringNet' xlink:to='loc_LossOnDiscontinuationOfCashFlowHedgeDueToForecastedTransactionProbableOfNotOccurring' xlink:type='arc' />
<calculationArc order='10' use='optional' weight='1.0' xlink:arcrole='http://www.xbrl.org/2003/arcrole/summation-item' xlink:from='loc_GainLossOnFairValueHedgesRecognizedInEarnings' xlink:to='loc_GainLossOnFairValueHedgeIneffectivenessNet' xlink:type='arc' />
<calculationArc order='10' use='optional' weight='1.0' xlink:arcrole='http://www.xbrl.org/2003/arcrole/summation-item' xlink:from='loc_GainLossOnFairValueHedgeIneffectivenessNet' xlink:to='loc_GainOnFairValueHedgeIneffectiveness' xlink:type='arc' />
<calculationArc order='20' use='optional' weight='-1.0' xlink:arcrole='http://www.xbrl.org/2003/arcrole/summation-item' xlink:from='loc_GainLossOnFairValueHedgeIneffectivenessNet' xlink:to='loc_LossOnFairValueHedgeIneffectiveness' xlink:type='arc' />
<calculationArc order='20' use='optional' weight='1.0' xlink:arcrole='http://www.xbrl.org/2003/arcrole/summation-item' xlink:from='loc_GainLossOnFairValueHedgesRecognizedInEarnings' xlink:to='loc_GainLossFromComponentsExcludedFromAssessmentOfFairValueHedgeEffectivenessNet' xlink:type='arc' />
<calculationArc order='10' use='optional' weight='1.0' xlink:arcrole='http://www.xbrl.org/2003/arcrole/summation-item' xlink:from='loc_GainLossFromComponentsExcludedFromAssessmentOfFairValueHedgeEffectivenessNet' xlink:to='loc_GainFromComponentsExcludedFromAssessmentOfFairValueHedgeEffectiveness' xlink:type='arc' />
<calculationArc order='20' use='optional' weight='-1.0' xlink:arcrole='http://www.xbrl.org/2003/arcrole/summation-item' xlink:from='loc_GainLossFromComponentsExcludedFromAssessmentOfFairValueHedgeEffectivenessNet' xlink:to='loc_LossFromComponentsExcludedFromAssessmentOfFairValueHedgeEffectiveness' xlink:type='arc' />
<calculationArc order='30' use='optional' weight='1.0' xlink:arcrole='http://www.xbrl.org/2003/arcrole/summation-item' xlink:from='loc_GainLossOnFairValueHedgesRecognizedInEarnings' xlink:to='loc_GainLossFromHedgedFirmCommitmentNotQualifyingAsFairValueHedgeNet' xlink:type='arc' />
<calculationArc order='10' use='optional' weight='1.0' xlink:arcrole='http://www.xbrl.org/2003/arcrole/summation-item' xlink:from='loc_GainLossFromHedgedFirmCommitmentNotQualifyingAsFairValueHedgeNet' xlink:to='loc_GainFromHedgedFirmCommitmentNotQualifyingAsFairValueHedge' xlink:type='arc' />
<calculationArc order='20' use='optional' weight='-1.0' xlink:arcrole='http://www.xbrl.org/2003/arcrole/summation-item' xlink:from='loc_GainLossFromHedgedFirmCommitmentNotQualifyingAsFairValueHedgeNet' xlink:to='loc_LossFromHedgedFirmCommitmentNotQualifyingAsFairValueHedge' xlink:type='arc' />
<calculationArc order='10' weight='1.0' xlink:arcrole='http://www.xbrl.org/2003/arcrole/summation-item' xlink:from='loc_UnrealizedGainLossOnForeignCurrencyDerivativesNetBeforeTax' xlink:to='loc_UnrealizedGainOnForeignCurrencyDerivativesBeforeTax' xlink:type='arc' />
<calculationArc order='20' weight='-1.0' xlink:arcrole='http://www.xbrl.org/2003/arcrole/summation-item' xlink:from='loc_UnrealizedGainLossOnForeignCurrencyDerivativesNetBeforeTax' xlink:to='loc_UnrealizedLossOnForeignCurrencyDerivativesBeforeTax' xlink:type='arc' />
<calculationArc order='10' use='optional' weight='1.0' xlink:arcrole='http://www.xbrl.org/2003/arcrole/summation-item' xlink:from='loc_UnrealizedGainLossOnPriceRiskCashFlowDerivativesBeforeTax' xlink:to='loc_UnrealizedGainOnPriceRiskCashFlowDerivativesBeforeTax' xlink:type='arc' />
<calculationArc order='20' use='optional' weight='-1.0' xlink:arcrole='http://www.xbrl.org/2003/arcrole/summation-item' xlink:from='loc_UnrealizedGainLossOnPriceRiskCashFlowDerivativesBeforeTax' xlink:to='loc_UnrealizedLossOnPriceRiskCashFlowDerivativesBeforeTax' xlink:type='arc' />
<calculationArc order='10' use='optional' weight='1.0' xlink:arcrole='http://www.xbrl.org/2003/arcrole/summation-item' xlink:from='loc_DerivativeInstrumentsInHedgesAtFairValueNet' xlink:to='loc_DerivativeInstrumentsInHedgesAssetsAtFairValue' xlink:type='arc' />
<calculationArc order='10' weight='1.0' xlink:arcrole='http://www.xbrl.org/2003/arcrole/summation-item' xlink:from='loc_DerivativeInstrumentsInHedgesAssetsAtFairValue' xlink:to='loc_CashFlowHedgeDerivativeInstrumentAssetsAtFairValue' xlink:type='arc' />
<calculationArc order='20' weight='1.0' xlink:arcrole='http://www.xbrl.org/2003/arcrole/summation-item' xlink:from='loc_DerivativeInstrumentsInHedgesAssetsAtFairValue' xlink:to='loc_FairValueHedgeAssetsAtFairValue' xlink:type='arc' />
<calculationArc order='30' weight='1.0' xlink:arcrole='http://www.xbrl.org/2003/arcrole/summation-item' xlink:from='loc_DerivativeInstrumentsInHedgesAssetsAtFairValue' xlink:to='loc_NetInvestmentHedgeDerivativeAssetsAtFairValue' xlink:type='arc' />
<calculationArc order='40' weight='1.0' xlink:arcrole='http://www.xbrl.org/2003/arcrole/summation-item' xlink:from='loc_DerivativeInstrumentsInHedgesAssetsAtFairValue' xlink:to='loc_OtherDerivativesNotDesignatedAsHedgingInstrumentsAssetsAtFairValue' xlink:type='arc' />
<calculationArc order='20' use='optional' weight='-1.0' xlink:arcrole='http://www.xbrl.org/2003/arcrole/summation-item' xlink:from='loc_DerivativeInstrumentsInHedgesAtFairValueNet' xlink:to='loc_DerivativeInstrumentsInHedgesLiabilitiesAtFairValue' xlink:type='arc' />
<calculationArc order='10' weight='1.0' xlink:arcrole='http://www.xbrl.org/2003/arcrole/summation-item' xlink:from='loc_DerivativeInstrumentsInHedgesLiabilitiesAtFairValue' xlink:to='loc_CashFlowHedgeDerivativeInstrumentLiabilitiesAtFairValue' xlink:type='arc' />
<calculationArc order='20' weight='1.0' xlink:arcrole='http://www.xbrl.org/2003/arcrole/summation-item' xlink:from='loc_DerivativeInstrumentsInHedgesLiabilitiesAtFairValue' xlink:to='loc_FairValueHedgeLiabilitiesAtFairValue' xlink:type='arc' />
<calculationArc order='30' weight='1.0' xlink:arcrole='http://www.xbrl.org/2003/arcrole/summation-item' xlink:from='loc_DerivativeInstrumentsInHedgesLiabilitiesAtFairValue' xlink:to='loc_NetInvestmentHedgeDerivativeLiabilitiesAtFairValue' xlink:type='arc' />
<calculationArc order='40' weight='1.0' xlink:arcrole='http://www.xbrl.org/2003/arcrole/summation-item' xlink:from='loc_DerivativeInstrumentsInHedgesLiabilitiesAtFairValue' xlink:to='loc_OtherDerivativesNotDesignatedAsHedgingInstrumentsLiabilitiesAtFairValue' xlink:type='arc' />
<calculationArc order='10' use='optional' weight='1.0' xlink:arcrole='http://www.xbrl.org/2003/arcrole/summation-item' xlink:from='loc_InterestRateCashFlowHedgeDerivativeAtFairValueNet' xlink:to='loc_InterestRateCashFlowHedgeAssetAtFairValue' xlink:type='arc' />
<calculationArc order='20' use='optional' weight='-1.0' xlink:arcrole='http://www.xbrl.org/2003/arcrole/summation-item' xlink:from='loc_InterestRateCashFlowHedgeDerivativeAtFairValueNet' xlink:to='loc_InterestRateCashFlowHedgeLiabilityAtFairValue' xlink:type='arc' />
<calculationArc order='10' use='optional' weight='1.0' xlink:arcrole='http://www.xbrl.org/2003/arcrole/summation-item' xlink:from='loc_InterestRateDerivativeInstrumentsNotDesignatedAsHedgingInstrumentsAtFairValueNet' xlink:to='loc_InterestRateDerivativeInstrumentsNotDesignatedAsHedgingInstrumentsAssetAtFairValue' xlink:type='arc' />
<calculationArc order='20' use='optional' weight='-1.0' xlink:arcrole='http://www.xbrl.org/2003/arcrole/summation-item' xlink:from='loc_InterestRateDerivativeInstrumentsNotDesignatedAsHedgingInstrumentsAtFairValueNet' xlink:to='loc_InterestRateDerivativeInstrumentsNotDesignatedAsHedgingInstrumentsLiabilityAtFairValue' xlink:type='arc' />
<calculationArc order='10' use='optional' weight='1.0' xlink:arcrole='http://www.xbrl.org/2003/arcrole/summation-item' xlink:from='loc_InterestRateDerivativesAtFairValueNet' xlink:to='loc_InterestRateDerivativeAssetsAtFairValue' xlink:type='arc' />
<calculationArc order='20' use='optional' weight='-1.0' xlink:arcrole='http://www.xbrl.org/2003/arcrole/summation-item' xlink:from='loc_InterestRateDerivativesAtFairValueNet' xlink:to='loc_InterestRateDerivativeLiabilitiesAtFairValue' xlink:type='arc' />
<calculationArc order='10' use='optional' weight='1.0' xlink:arcrole='http://www.xbrl.org/2003/arcrole/summation-item' xlink:from='loc_InterestRateFairValueHedgeDerivativeAtFairValueNet' xlink:to='loc_InterestRateFairValueHedgeAssetAtFairValue' xlink:type='arc' />
<calculationArc order='20' use='optional' weight='-1.0' xlink:arcrole='http://www.xbrl.org/2003/arcrole/summation-item' xlink:from='loc_InterestRateFairValueHedgeDerivativeAtFairValueNet' xlink:to='loc_InterestRateFairValueHedgeLiabilityAtFairValue' xlink:type='arc' />
<calculationArc order='10' use='optional' weight='1.0' xlink:arcrole='http://www.xbrl.org/2003/arcrole/summation-item' xlink:from='loc_NetInvestmentHedgeDerivativesAtFairValueNet' xlink:to='loc_NetInvestmentHedgeDerivativeAssetsAtFairValue' xlink:type='arc' />
<calculationArc order='20' use='optional' weight='-1.0' xlink:arcrole='http://www.xbrl.org/2003/arcrole/summation-item' xlink:from='loc_NetInvestmentHedgeDerivativesAtFairValueNet' xlink:to='loc_NetInvestmentHedgeDerivativeLiabilitiesAtFairValue' xlink:type='arc' />
<calculationArc order='10' use='optional' weight='1.0' xlink:arcrole='http://www.xbrl.org/2003/arcrole/summation-item' xlink:from='loc_NotionalAmountOfDerivatives' xlink:to='loc_NotionalAmountOfCashFlowHedgeInstruments' xlink:type='arc' />
<calculationArc order='20' use='optional' weight='1.0' xlink:arcrole='http://www.xbrl.org/2003/arcrole/summation-item' xlink:from='loc_NotionalAmountOfDerivatives' xlink:to='loc_NotionalAmountOfFairValueHedgeInstruments' xlink:type='arc' />
<calculationArc order='30' use='optional' weight='1.0' xlink:arcrole='http://www.xbrl.org/2003/arcrole/summation-item' xlink:from='loc_NotionalAmountOfDerivatives' xlink:to='loc_NotionalAmountOfNetInvestmentHedgeInstruments' xlink:type='arc' />
<calculationArc order='40' use='optional' weight='1.0' xlink:arcrole='http://www.xbrl.org/2003/arcrole/summation-item' xlink:from='loc_NotionalAmountOfDerivatives' xlink:to='loc_NotionalAmountOfOtherDerivativesNotDesignatedAsHedgingInstruments' xlink:type='arc' />
<calculationArc order='10' use='optional' weight='1.0' xlink:arcrole='http://www.xbrl.org/2003/arcrole/summation-item' xlink:from='loc_NotionalAmountOfNetInvestmentHedgingInstruments' xlink:to='loc_NotionalAmountOfDerivativeInstrumentsDesignatedAsNetInvestmentHedges' xlink:type='arc' />
<calculationArc order='20' use='optional' weight='1.0' xlink:arcrole='http://www.xbrl.org/2003/arcrole/summation-item' xlink:from='loc_NotionalAmountOfNetInvestmentHedgingInstruments' xlink:to='loc_NotionalAmountOfNonderivativeInstrumentsDesignatedAsNetInvestmentHedges' xlink:type='arc' />
<calculationArc order='10' use='optional' weight='1.0' xlink:arcrole='http://www.xbrl.org/2003/arcrole/summation-item' xlink:from='loc_OtherDerivativesNotDesignatedAsHedgingInstrumentsAtFairValueNet' xlink:to='loc_OtherDerivativesNotDesignatedAsHedgingInstrumentsAssetsAtFairValue' xlink:type='arc' />
<calculationArc order='20' use='optional' weight='-1.0' xlink:arcrole='http://www.xbrl.org/2003/arcrole/summation-item' xlink:from='loc_OtherDerivativesNotDesignatedAsHedgingInstrumentsAtFairValueNet' xlink:to='loc_OtherDerivativesNotDesignatedAsHedgingInstrumentsLiabilitiesAtFairValue' xlink:type='arc' />
<calculationArc order='10' use='optional' weight='1.0' xlink:arcrole='http://www.xbrl.org/2003/arcrole/summation-item' xlink:from='loc_PriceRiskCashFlowHedgeDerivativeAtFairValueNet' xlink:to='loc_PriceRiskCashFlowHedgeAssetAtFairValue' xlink:type='arc' />
<calculationArc order='20' use='optional' weight='-1.0' xlink:arcrole='http://www.xbrl.org/2003/arcrole/summation-item' xlink:from='loc_PriceRiskCashFlowHedgeDerivativeAtFairValueNet' xlink:to='loc_PriceRiskCashFlowHedgeLiabilityAtFairValue' xlink:type='arc' />
<calculationArc order='10' use='optional' weight='1.0' xlink:arcrole='http://www.xbrl.org/2003/arcrole/summation-item' xlink:from='loc_PriceRiskDerivativeInstrumentsNotDesignatedAsHedgingInstrumentsAtFairValueNet' xlink:to='loc_PriceRiskDerivativeInstrumentsNotDesignatedAsHedgingInstrumentsAssetAtFairValue' xlink:type='arc' />
<calculationArc order='20' use='optional' weight='-1.0' xlink:arcrole='http://www.xbrl.org/2003/arcrole/summation-item' xlink:from='loc_PriceRiskDerivativeInstrumentsNotDesignatedAsHedgingInstrumentsAtFairValueNet' xlink:to='loc_PriceRiskDerivativeInstrumentsNotDesignatedAsHedgingInstrumentsLiabilityAtFairValue' xlink:type='arc' />
<calculationArc order='10' use='optional' weight='1.0' xlink:arcrole='http://www.xbrl.org/2003/arcrole/summation-item' xlink:from='loc_PriceRiskDerivativesAtFairValueNet' xlink:to='loc_PriceRiskDerivativeAssetsAtFairValue' xlink:type='arc' />
<calculationArc order='20' use='optional' weight='-1.0' xlink:arcrole='http://www.xbrl.org/2003/arcrole/summation-item' xlink:from='loc_PriceRiskDerivativesAtFairValueNet' xlink:to='loc_PriceRiskDerivativeLiabilitiesAtFairValue' xlink:type='arc' />
<calculationArc order='10' use='optional' weight='1.0' xlink:arcrole='http://www.xbrl.org/2003/arcrole/summation-item' xlink:from='loc_PriceRiskFairValueHedgeDerivativeAtFairValueNet' xlink:to='loc_PriceRiskFairValueHedgeAssetAtFairValue' xlink:type='arc' />
<calculationArc order='20' use='optional' weight='-1.0' xlink:arcrole='http://www.xbrl.org/2003/arcrole/summation-item' xlink:from='loc_PriceRiskFairValueHedgeDerivativeAtFairValueNet' xlink:to='loc_PriceRiskFairValueHedgeLiabilityAtFairValue' xlink:type='arc' />
</calculationLink>
</link:linkbase>
