<?xml version="1.0" encoding="UTF-8" standalone="no"?>

<!--
Copyright (C) 2007, 2008 XBRL US, Inc. All Rights Reserved.
Authorized Uses are Set Forth at http://xbrl.us/legal
  -->
<link:linkbase xmlns:link='http://www.xbrl.org/2003/linkbase' xmlns:xlink='http://www.w3.org/1999/xlink' xmlns:xsi='http://www.w3.org/2001/XMLSchema-instance' xsi:schemaLocation='http://www.xbrl.org/2003/linkbase http://www.xbrl.org/2003/xbrl-linkbase-2003-12-31.xsd'>
<link:roleRef roleURI='http://xbrl.us/us-gaap/role/disclosure/ResearchAndDevelopment' xlink:href='../elts/us-roles-2008-03-31.xsd#rd' xlink:type='simple' />
<presentationLink xlink:role='http://xbrl.us/us-gaap/role/disclosure/ResearchAndDevelopment' xlink:type='extended' xmlns='http://www.xbrl.org/2003/linkbase'>
<link:loc xlink:href='../elts/us-gaap-2008-03-31.xsd#us-gaap_ResearchDevelopmentAndComputerSoftwareDisclosureTextBlock' xlink:label='loc_ResearchDevelopmentAndComputerSoftwareDisclosureTextBlock' xlink:type='locator' />
<link:loc xlink:href='../elts/us-gaap-2008-03-31.xsd#us-gaap_ResearchDevelopmentAndComputerSoftwareActivityDescription' xlink:label='loc_ResearchDevelopmentAndComputerSoftwareActivityDescription' xlink:type='locator' />
<link:loc xlink:href='../elts/us-gaap-2008-03-31.xsd#us-gaap_ResearchAndDevelopmentExpenseAbstract' xlink:label='loc_ResearchAndDevelopmentExpenseAbstract' xlink:type='locator' />
<link:loc xlink:href='../elts/us-gaap-2008-03-31.xsd#us-gaap_ResearchAndDevelopmentExpenseExcludingAcquiredInProcessCost' xlink:label='loc_ResearchAndDevelopmentExpenseExcludingAcquiredInProcessCost' xlink:type='locator' />
<link:loc xlink:href='../elts/us-gaap-2008-03-31.xsd#us-gaap_ResearchAndDevelopmentExpenseSoftwareExcludingAcquiredInProcessCost' xlink:label='loc_ResearchAndDevelopmentExpenseSoftwareExcludingAcquiredInProcessCost' xlink:type='locator' />
<link:loc xlink:href='../elts/us-gaap-2008-03-31.xsd#us-gaap_ResearchAndDevelopmentInProcess' xlink:label='loc_ResearchAndDevelopmentInProcess' xlink:type='locator' />
<link:loc xlink:href='../elts/us-gaap-2008-03-31.xsd#us-gaap_ResearchAndDevelopmentAssetAcquiredOtherThanThroughBusinessCombinationWrittenOff' xlink:label='loc_ResearchAndDevelopmentAssetAcquiredOtherThanThroughBusinessCombinationWrittenOff' xlink:type='locator' />
<link:loc xlink:href='../elts/us-gaap-2008-03-31.xsd#us-gaap_ResearchAndDevelopmentExpense' xlink:label='loc_ResearchAndDevelopmentExpense' xlink:type='locator' />
<link:loc xlink:href='../elts/us-gaap-2008-03-31.xsd#us-gaap_CapitalizedComputerSoftwareNetAbstract' xlink:label='loc_CapitalizedComputerSoftwareNetAbstract' xlink:type='locator' />
<link:loc xlink:href='../elts/us-gaap-2008-03-31.xsd#us-gaap_CapitalizedComputerSoftwareGross' xlink:label='loc_CapitalizedComputerSoftwareGross' xlink:type='locator' />
<link:loc xlink:href='../elts/us-gaap-2008-03-31.xsd#us-gaap_CapitalizedComputerSoftwareAccumulatedAmortization' xlink:label='loc_CapitalizedComputerSoftwareAccumulatedAmortization' xlink:type='locator' />
<link:loc xlink:href='../elts/us-gaap-2008-03-31.xsd#us-gaap_CapitalizedComputerSoftwareNet' xlink:label='loc_CapitalizedComputerSoftwareNet_1' xlink:type='locator' />
<link:loc xlink:href='../elts/us-gaap-2008-03-31.xsd#us-gaap_CapitalizedComputerSoftwareNet' xlink:label='loc_CapitalizedComputerSoftwareNet' xlink:type='locator' />
<link:loc xlink:href='../elts/us-gaap-2008-03-31.xsd#us-gaap_MovementInCapitalizedComputerSoftwareNetRollForward' xlink:label='loc_MovementInCapitalizedComputerSoftwareNetRollForward' xlink:type='locator' />
<link:loc xlink:href='../elts/us-gaap-2008-03-31.xsd#us-gaap_CapitalizedComputerSoftwareAdditions' xlink:label='loc_CapitalizedComputerSoftwareAdditions' xlink:type='locator' />
<link:loc xlink:href='../elts/us-gaap-2008-03-31.xsd#us-gaap_CapitalizedComputerSoftwareAmortization' xlink:label='loc_CapitalizedComputerSoftwareAmortization' xlink:type='locator' />
<link:loc xlink:href='../elts/us-gaap-2008-03-31.xsd#us-gaap_CapitalizedComputerSoftwareImpairments' xlink:label='loc_CapitalizedComputerSoftwareImpairments' xlink:type='locator' />
<link:loc xlink:href='../elts/us-gaap-2008-03-31.xsd#us-gaap_CapitalizedComputerSoftwarePeriodIncreaseDecrease' xlink:label='loc_CapitalizedComputerSoftwarePeriodIncreaseDecrease' xlink:type='locator' />
<link:loc xlink:href='../elts/us-gaap-2008-03-31.xsd#us-gaap_ResearchAndDevelopmentArrangementContractToPerformForOthersAbstract' xlink:label='loc_ResearchAndDevelopmentArrangementContractToPerformForOthersAbstract' xlink:type='locator' />
<link:loc xlink:href='../elts/us-gaap-2008-03-31.xsd#us-gaap_ResearchAndDevelopmentArrangementContractToPerformForOthersDescriptionAndTerms' xlink:label='loc_ResearchAndDevelopmentArrangementContractToPerformForOthersDescriptionAndTerms' xlink:type='locator' />
<link:loc xlink:href='../elts/us-gaap-2008-03-31.xsd#us-gaap_ResearchAndDevelopmentArrangementContractToPerformForOthersCostsIncurredGross' xlink:label='loc_ResearchAndDevelopmentArrangementContractToPerformForOthersCostsIncurredGross' xlink:type='locator' />
<link:loc xlink:href='../elts/us-gaap-2008-03-31.xsd#us-gaap_ResearchAndDevelopmentArrangementContractToPerformForOthersCompensationEarned' xlink:label='loc_ResearchAndDevelopmentArrangementContractToPerformForOthersCompensationEarned' xlink:type='locator' />
<link:loc xlink:href='../elts/us-gaap-2008-03-31.xsd#us-gaap_ResearchAndDevelopmentArrangementWithFederalGovernmentAbstract' xlink:label='loc_ResearchAndDevelopmentArrangementWithFederalGovernmentAbstract' xlink:type='locator' />
<link:loc xlink:href='../elts/us-gaap-2008-03-31.xsd#us-gaap_ResearchAndDevelopmentArrangementWithFederalGovernmentDescriptionAndTerms' xlink:label='loc_ResearchAndDevelopmentArrangementWithFederalGovernmentDescriptionAndTerms' xlink:type='locator' />
<link:loc xlink:href='../elts/us-gaap-2008-03-31.xsd#us-gaap_ResearchAndDevelopmentArrangementWithFederalGovernmentCostsIncurredNet' xlink:label='loc_ResearchAndDevelopmentArrangementWithFederalGovernmentCostsIncurredNet' xlink:type='locator' />
<link:loc xlink:href='../elts/us-gaap-2008-03-31.xsd#us-gaap_ResearchAndDevelopmentArrangementWithFederalGovernmentCustomerFundingToOffsetCostsIncurred' xlink:label='loc_ResearchAndDevelopmentArrangementWithFederalGovernmentCustomerFundingToOffsetCostsIncurred' xlink:type='locator' />
<presentationArc order='10' xlink:arcrole='http://www.xbrl.org/2003/arcrole/parent-child' xlink:from='loc_ResearchDevelopmentAndComputerSoftwareDisclosureTextBlock' xlink:to='loc_ResearchDevelopmentAndComputerSoftwareActivityDescription' xlink:type='arc' />
<presentationArc order='20' xlink:arcrole='http://www.xbrl.org/2003/arcrole/parent-child' xlink:from='loc_ResearchDevelopmentAndComputerSoftwareDisclosureTextBlock' xlink:to='loc_ResearchAndDevelopmentExpenseAbstract' xlink:type='arc' />
<presentationArc order='10' xlink:arcrole='http://www.xbrl.org/2003/arcrole/parent-child' xlink:from='loc_ResearchAndDevelopmentExpenseAbstract' xlink:to='loc_ResearchAndDevelopmentExpenseExcludingAcquiredInProcessCost' xlink:type='arc' />
<presentationArc order='20' xlink:arcrole='http://www.xbrl.org/2003/arcrole/parent-child' xlink:from='loc_ResearchAndDevelopmentExpenseAbstract' xlink:to='loc_ResearchAndDevelopmentExpenseSoftwareExcludingAcquiredInProcessCost' xlink:type='arc' />
<presentationArc order='30' xlink:arcrole='http://www.xbrl.org/2003/arcrole/parent-child' xlink:from='loc_ResearchAndDevelopmentExpenseAbstract' xlink:to='loc_ResearchAndDevelopmentInProcess' xlink:type='arc' />
<presentationArc order='40' xlink:arcrole='http://www.xbrl.org/2003/arcrole/parent-child' xlink:from='loc_ResearchAndDevelopmentExpenseAbstract' xlink:to='loc_ResearchAndDevelopmentAssetAcquiredOtherThanThroughBusinessCombinationWrittenOff' xlink:type='arc' />
<presentationArc order='50' preferredLabel='http://www.xbrl.org/2003/role/totalLabel' xlink:arcrole='http://www.xbrl.org/2003/arcrole/parent-child' xlink:from='loc_ResearchAndDevelopmentExpenseAbstract' xlink:to='loc_ResearchAndDevelopmentExpense' xlink:type='arc' />
<presentationArc order='30' use='optional' xlink:arcrole='http://www.xbrl.org/2003/arcrole/parent-child' xlink:from='loc_ResearchDevelopmentAndComputerSoftwareDisclosureTextBlock' xlink:to='loc_CapitalizedComputerSoftwareNetAbstract' xlink:type='arc' />
<presentationArc order='10' use='optional' xlink:arcrole='http://www.xbrl.org/2003/arcrole/parent-child' xlink:from='loc_CapitalizedComputerSoftwareNetAbstract' xlink:to='loc_CapitalizedComputerSoftwareGross' xlink:type='arc' />
<presentationArc order='20' use='optional' xlink:arcrole='http://www.xbrl.org/2003/arcrole/parent-child' xlink:from='loc_CapitalizedComputerSoftwareNetAbstract' xlink:to='loc_CapitalizedComputerSoftwareAccumulatedAmortization' xlink:type='arc' />
<presentationArc order='30' preferredLabel='http://www.xbrl.org/2003/role/totalLabel' use='optional' xlink:arcrole='http://www.xbrl.org/2003/arcrole/parent-child' xlink:from='loc_CapitalizedComputerSoftwareNetAbstract' xlink:to='loc_CapitalizedComputerSoftwareNet' xlink:type='arc' />
<presentationArc order='40' xlink:arcrole='http://www.xbrl.org/2003/arcrole/parent-child' xlink:from='loc_ResearchDevelopmentAndComputerSoftwareDisclosureTextBlock' xlink:to='loc_MovementInCapitalizedComputerSoftwareNetRollForward' xlink:type='arc' />
<presentationArc order='10' preferredLabel='http://www.xbrl.org/2003/role/periodStartLabel' xlink:arcrole='http://www.xbrl.org/2003/arcrole/parent-child' xlink:from='loc_MovementInCapitalizedComputerSoftwareNetRollForward' xlink:to='loc_CapitalizedComputerSoftwareNet' xlink:type='arc' />
<presentationArc order='20' xlink:arcrole='http://www.xbrl.org/2003/arcrole/parent-child' xlink:from='loc_MovementInCapitalizedComputerSoftwareNetRollForward' xlink:to='loc_CapitalizedComputerSoftwareAdditions' xlink:type='arc' />
<presentationArc order='30' xlink:arcrole='http://www.xbrl.org/2003/arcrole/parent-child' xlink:from='loc_MovementInCapitalizedComputerSoftwareNetRollForward' xlink:to='loc_CapitalizedComputerSoftwareAmortization' xlink:type='arc' />
<presentationArc order='40' xlink:arcrole='http://www.xbrl.org/2003/arcrole/parent-child' xlink:from='loc_MovementInCapitalizedComputerSoftwareNetRollForward' xlink:to='loc_CapitalizedComputerSoftwareImpairments' xlink:type='arc' />
<presentationArc order='50' preferredLabel='http://www.xbrl.org/2003/role/totalLabel' xlink:arcrole='http://www.xbrl.org/2003/arcrole/parent-child' xlink:from='loc_MovementInCapitalizedComputerSoftwareNetRollForward' xlink:to='loc_CapitalizedComputerSoftwarePeriodIncreaseDecrease' xlink:type='arc' />
<presentationArc order='60' preferredLabel='http://www.xbrl.org/2003/role/periodEndLabel' xlink:arcrole='http://www.xbrl.org/2003/arcrole/parent-child' xlink:from='loc_MovementInCapitalizedComputerSoftwareNetRollForward' xlink:to='loc_CapitalizedComputerSoftwareNet_1' xlink:type='arc' />
<presentationArc order='50' use='optional' xlink:arcrole='http://www.xbrl.org/2003/arcrole/parent-child' xlink:from='loc_ResearchDevelopmentAndComputerSoftwareDisclosureTextBlock' xlink:to='loc_ResearchAndDevelopmentArrangementContractToPerformForOthersAbstract' xlink:type='arc' />
<presentationArc order='10' xlink:arcrole='http://www.xbrl.org/2003/arcrole/parent-child' xlink:from='loc_ResearchAndDevelopmentArrangementContractToPerformForOthersAbstract' xlink:to='loc_ResearchAndDevelopmentArrangementContractToPerformForOthersDescriptionAndTerms' xlink:type='arc' />
<presentationArc order='20' xlink:arcrole='http://www.xbrl.org/2003/arcrole/parent-child' xlink:from='loc_ResearchAndDevelopmentArrangementContractToPerformForOthersAbstract' xlink:to='loc_ResearchAndDevelopmentArrangementContractToPerformForOthersCostsIncurredGross' xlink:type='arc' />
<presentationArc order='30' xlink:arcrole='http://www.xbrl.org/2003/arcrole/parent-child' xlink:from='loc_ResearchAndDevelopmentArrangementContractToPerformForOthersAbstract' xlink:to='loc_ResearchAndDevelopmentArrangementContractToPerformForOthersCompensationEarned' xlink:type='arc' />
<presentationArc order='60' use='optional' xlink:arcrole='http://www.xbrl.org/2003/arcrole/parent-child' xlink:from='loc_ResearchDevelopmentAndComputerSoftwareDisclosureTextBlock' xlink:to='loc_ResearchAndDevelopmentArrangementWithFederalGovernmentAbstract' xlink:type='arc' />
<presentationArc order='10' xlink:arcrole='http://www.xbrl.org/2003/arcrole/parent-child' xlink:from='loc_ResearchAndDevelopmentArrangementWithFederalGovernmentAbstract' xlink:to='loc_ResearchAndDevelopmentArrangementWithFederalGovernmentDescriptionAndTerms' xlink:type='arc' />
<presentationArc order='20' xlink:arcrole='http://www.xbrl.org/2003/arcrole/parent-child' xlink:from='loc_ResearchAndDevelopmentArrangementWithFederalGovernmentAbstract' xlink:to='loc_ResearchAndDevelopmentArrangementWithFederalGovernmentCostsIncurredNet' xlink:type='arc' />
<presentationArc order='30' xlink:arcrole='http://www.xbrl.org/2003/arcrole/parent-child' xlink:from='loc_ResearchAndDevelopmentArrangementWithFederalGovernmentAbstract' xlink:to='loc_ResearchAndDevelopmentArrangementWithFederalGovernmentCustomerFundingToOffsetCostsIncurred' xlink:type='arc' />
</presentationLink>
</link:linkbase>
