<?xml version="1.0" encoding="UTF-8" standalone="no"?>

<!--
Copyright (C) 2007, 2008 XBRL US, Inc. All Rights Reserved.
Authorized Uses are Set Forth at http://xbrl.us/legal
  -->
<link:linkbase xmlns:link='http://www.xbrl.org/2003/linkbase' xmlns:xlink='http://www.w3.org/1999/xlink' xmlns:xsi='http://www.w3.org/2001/XMLSchema-instance' xsi:schemaLocation='http://www.xbrl.org/2003/linkbase http://www.xbrl.org/2003/xbrl-linkbase-2003-12-31.xsd'>
<link:roleRef roleURI='http://xbrl.us/us-gaap/role/disclosure/CompensationRelatedCostsStockCompensation' xlink:href='../elts/us-roles-2008-03-31.xsd#crcsbp' xlink:type='simple' />
<calculationLink xlink:role='http://xbrl.us/us-gaap/role/disclosure/CompensationRelatedCostsStockCompensation' xlink:type='extended' xmlns='http://www.xbrl.org/2003/linkbase'>
<link:loc xlink:href='../elts/us-gaap-2008-03-31.xsd#us-gaap_DeferredCompensationLiabilityNoncurrent' xlink:label='loc_DeferredCompensationLiabilityNoncurrent' xlink:type='locator' />
<link:loc xlink:href='../elts/us-gaap-2008-03-31.xsd#us-gaap_DeferredCompensationCashBasedArrangementsLiabilityNoncurrent' xlink:label='loc_DeferredCompensationCashBasedArrangementsLiabilityNoncurrent' xlink:type='locator' />
<link:loc xlink:href='../elts/us-gaap-2008-03-31.xsd#us-gaap_DeferredCompensationShareBasedArrangementsLiabilityNoncurrent' xlink:label='loc_DeferredCompensationShareBasedArrangementsLiabilityNoncurrent' xlink:type='locator' />
<link:loc xlink:href='../elts/us-gaap-2008-03-31.xsd#us-gaap_OtherDeferredCompensationArrangementsLiabilityNoncurrent' xlink:label='loc_OtherDeferredCompensationArrangementsLiabilityNoncurrent' xlink:type='locator' />
<link:loc xlink:href='../elts/us-gaap-2008-03-31.xsd#us-gaap_DeferredCompensationLiabilityCurrent' xlink:label='loc_DeferredCompensationLiabilityCurrent' xlink:type='locator' />
<link:loc xlink:href='../elts/us-gaap-2008-03-31.xsd#us-gaap_DeferredCompensationCashBasedArrangementsLiabilityCurrent' xlink:label='loc_DeferredCompensationCashBasedArrangementsLiabilityCurrent' xlink:type='locator' />
<link:loc xlink:href='../elts/us-gaap-2008-03-31.xsd#us-gaap_DeferredCompensationShareBasedArrangementsLiabilityCurrent' xlink:label='loc_DeferredCompensationShareBasedArrangementsLiabilityCurrent' xlink:type='locator' />
<link:loc xlink:href='../elts/us-gaap-2008-03-31.xsd#us-gaap_OtherDeferredCompensationArrangementsLiabilityCurrent' xlink:label='loc_OtherDeferredCompensationArrangementsLiabilityCurrent' xlink:type='locator' />
<link:loc xlink:href='../elts/us-gaap-2008-03-31.xsd#us-gaap_EmployeeStockOwnershipPlanESOPSharesInESOP' xlink:label='loc_EmployeeStockOwnershipPlanESOPSharesInESOP' xlink:type='locator' />
<link:loc xlink:href='../elts/us-gaap-2008-03-31.xsd#us-gaap_EmployeeStockOwnershipPlanESOPNumberOfAllocatedShares' xlink:label='loc_EmployeeStockOwnershipPlanESOPNumberOfAllocatedShares' xlink:type='locator' />
<link:loc xlink:href='../elts/us-gaap-2008-03-31.xsd#us-gaap_EmployeeStockOwnershipPlanESOPNumberOfCommittedToBeReleasedShares' xlink:label='loc_EmployeeStockOwnershipPlanESOPNumberOfCommittedToBeReleasedShares' xlink:type='locator' />
<link:loc xlink:href='../elts/us-gaap-2008-03-31.xsd#us-gaap_EmployeeStockOwnershipPlanESOPNumberOfSuspenseShares' xlink:label='loc_EmployeeStockOwnershipPlanESOPNumberOfSuspenseShares' xlink:type='locator' />
<link:loc xlink:href='../elts/us-gaap-2008-03-31.xsd#us-gaap_ShareBasedCompensationArrangementByShareBasedPaymentAwardOptionsOutstandingPeriodIncreaseDecrease' xlink:label='loc_ShareBasedCompensationArrangementByShareBasedPaymentAwardOptionsOutstandingPeriodIncreaseDecrease' xlink:type='locator' />
<link:loc xlink:href='../elts/us-gaap-2008-03-31.xsd#us-gaap_ShareBasedCompensationArrangementByShareBasedPaymentAwardOptionsGrantsInPeriod' xlink:label='loc_ShareBasedCompensationArrangementByShareBasedPaymentAwardOptionsGrantsInPeriod' xlink:type='locator' />
<link:loc xlink:href='../elts/us-gaap-2008-03-31.xsd#us-gaap_ShareBasedCompensationArrangementByShareBasedPaymentAwardOptionsExercisesInPeriod' xlink:label='loc_ShareBasedCompensationArrangementByShareBasedPaymentAwardOptionsExercisesInPeriod' xlink:type='locator' />
<link:loc xlink:href='../elts/us-gaap-2008-03-31.xsd#us-gaap_ShareBasedCompensationArrangementByShareBasedPaymentAwardOptionsForfeituresAndExpirationsInPeriod' xlink:label='loc_ShareBasedCompensationArrangementByShareBasedPaymentAwardOptionsForfeituresAndExpirationsInPeriod' xlink:type='locator' />
<link:loc xlink:href='../elts/us-gaap-2008-03-31.xsd#us-gaap_ShareBasedCompensationArrangementByShareBasedPaymentAwardOptionsForfeituresInPeriod' xlink:label='loc_ShareBasedCompensationArrangementByShareBasedPaymentAwardOptionsForfeituresInPeriod' xlink:type='locator' />
<link:loc xlink:href='../elts/us-gaap-2008-03-31.xsd#us-gaap_ShareBasedCompensationArrangementByShareBasedPaymentAwardOptionsExpirationsInPeriod' xlink:label='loc_ShareBasedCompensationArrangementByShareBasedPaymentAwardOptionsExpirationsInPeriod' xlink:type='locator' />
<link:loc xlink:href='../elts/us-gaap-2008-03-31.xsd#us-gaap_ShareBasedCompensationArrangementByShareBasedPaymentAwardOptionsOtherIncreasesDecreasesInPeriod' xlink:label='loc_ShareBasedCompensationArrangementByShareBasedPaymentAwardOptionsOtherIncreasesDecreasesInPeriod' xlink:type='locator' />
<link:loc xlink:href='../elts/us-gaap-2008-03-31.xsd#us-gaap_ShareBasedCompensationArrangementByShareBasedPaymentAwardEquityInstrumentsOtherThanOptionsPeriodIncreaseDecrease' xlink:label='loc_ShareBasedCompensationArrangementByShareBasedPaymentAwardEquityInstrumentsOtherThanOptionsPeriodIncreaseDecrease' xlink:type='locator' />
<link:loc xlink:href='../elts/us-gaap-2008-03-31.xsd#us-gaap_ShareBasedCompensationArrangementByShareBasedPaymentAwardEquityInstrumentsOtherThanOptionsGrantsInPeriod' xlink:label='loc_ShareBasedCompensationArrangementByShareBasedPaymentAwardEquityInstrumentsOtherThanOptionsGrantsInPeriod' xlink:type='locator' />
<link:loc xlink:href='../elts/us-gaap-2008-03-31.xsd#us-gaap_ShareBasedCompensationArrangementByShareBasedPaymentAwardEquityInstrumentsOtherThanOptionsVestedInPeriod' xlink:label='loc_ShareBasedCompensationArrangementByShareBasedPaymentAwardEquityInstrumentsOtherThanOptionsVestedInPeriod' xlink:type='locator' />
<link:loc xlink:href='../elts/us-gaap-2008-03-31.xsd#us-gaap_ShareBasedCompensationArrangementByShareBasedPaymentAwardEquityInstrumentsOtherThanOptionsForfeitedInPeriod' xlink:label='loc_ShareBasedCompensationArrangementByShareBasedPaymentAwardEquityInstrumentsOtherThanOptionsForfeitedInPeriod' xlink:type='locator' />
<calculationArc order='10' weight='1.0' xlink:arcrole='http://www.xbrl.org/2003/arcrole/summation-item' xlink:from='loc_DeferredCompensationLiabilityNoncurrent' xlink:to='loc_DeferredCompensationCashBasedArrangementsLiabilityNoncurrent' xlink:type='arc' />
<calculationArc order='20' weight='1.0' xlink:arcrole='http://www.xbrl.org/2003/arcrole/summation-item' xlink:from='loc_DeferredCompensationLiabilityNoncurrent' xlink:to='loc_DeferredCompensationShareBasedArrangementsLiabilityNoncurrent' xlink:type='arc' />
<calculationArc order='30' weight='1.0' xlink:arcrole='http://www.xbrl.org/2003/arcrole/summation-item' xlink:from='loc_DeferredCompensationLiabilityNoncurrent' xlink:to='loc_OtherDeferredCompensationArrangementsLiabilityNoncurrent' xlink:type='arc' />
<calculationArc order='10' weight='1.0' xlink:arcrole='http://www.xbrl.org/2003/arcrole/summation-item' xlink:from='loc_DeferredCompensationLiabilityCurrent' xlink:to='loc_DeferredCompensationCashBasedArrangementsLiabilityCurrent' xlink:type='arc' />
<calculationArc order='20' weight='1.0' xlink:arcrole='http://www.xbrl.org/2003/arcrole/summation-item' xlink:from='loc_DeferredCompensationLiabilityCurrent' xlink:to='loc_DeferredCompensationShareBasedArrangementsLiabilityCurrent' xlink:type='arc' />
<calculationArc order='30' weight='1.0' xlink:arcrole='http://www.xbrl.org/2003/arcrole/summation-item' xlink:from='loc_DeferredCompensationLiabilityCurrent' xlink:to='loc_OtherDeferredCompensationArrangementsLiabilityCurrent' xlink:type='arc' />
<calculationArc order='10' use='optional' weight='1.0' xlink:arcrole='http://www.xbrl.org/2003/arcrole/summation-item' xlink:from='loc_EmployeeStockOwnershipPlanESOPSharesInESOP' xlink:to='loc_EmployeeStockOwnershipPlanESOPNumberOfAllocatedShares' xlink:type='arc' />
<calculationArc order='20' use='optional' weight='1.0' xlink:arcrole='http://www.xbrl.org/2003/arcrole/summation-item' xlink:from='loc_EmployeeStockOwnershipPlanESOPSharesInESOP' xlink:to='loc_EmployeeStockOwnershipPlanESOPNumberOfCommittedToBeReleasedShares' xlink:type='arc' />
<calculationArc order='30' use='optional' weight='1.0' xlink:arcrole='http://www.xbrl.org/2003/arcrole/summation-item' xlink:from='loc_EmployeeStockOwnershipPlanESOPSharesInESOP' xlink:to='loc_EmployeeStockOwnershipPlanESOPNumberOfSuspenseShares' xlink:type='arc' />
<calculationArc order='10' weight='1.0' xlink:arcrole='http://www.xbrl.org/2003/arcrole/summation-item' xlink:from='loc_ShareBasedCompensationArrangementByShareBasedPaymentAwardOptionsOutstandingPeriodIncreaseDecrease' xlink:to='loc_ShareBasedCompensationArrangementByShareBasedPaymentAwardOptionsGrantsInPeriod' xlink:type='arc' />
<calculationArc order='20' weight='-1.0' xlink:arcrole='http://www.xbrl.org/2003/arcrole/summation-item' xlink:from='loc_ShareBasedCompensationArrangementByShareBasedPaymentAwardOptionsOutstandingPeriodIncreaseDecrease' xlink:to='loc_ShareBasedCompensationArrangementByShareBasedPaymentAwardOptionsExercisesInPeriod' xlink:type='arc' />
<calculationArc order='30' weight='1.0' xlink:arcrole='http://www.xbrl.org/2003/arcrole/summation-item' xlink:from='loc_ShareBasedCompensationArrangementByShareBasedPaymentAwardOptionsOutstandingPeriodIncreaseDecrease' xlink:to='loc_ShareBasedCompensationArrangementByShareBasedPaymentAwardOptionsForfeituresAndExpirationsInPeriod' xlink:type='arc' />
<calculationArc order='10' weight='-1.0' xlink:arcrole='http://www.xbrl.org/2003/arcrole/summation-item' xlink:from='loc_ShareBasedCompensationArrangementByShareBasedPaymentAwardOptionsForfeituresAndExpirationsInPeriod' xlink:to='loc_ShareBasedCompensationArrangementByShareBasedPaymentAwardOptionsForfeituresInPeriod' xlink:type='arc' />
<calculationArc order='20' weight='-1.0' xlink:arcrole='http://www.xbrl.org/2003/arcrole/summation-item' xlink:from='loc_ShareBasedCompensationArrangementByShareBasedPaymentAwardOptionsForfeituresAndExpirationsInPeriod' xlink:to='loc_ShareBasedCompensationArrangementByShareBasedPaymentAwardOptionsExpirationsInPeriod' xlink:type='arc' />
<calculationArc order='40' weight='1.0' xlink:arcrole='http://www.xbrl.org/2003/arcrole/summation-item' xlink:from='loc_ShareBasedCompensationArrangementByShareBasedPaymentAwardOptionsOutstandingPeriodIncreaseDecrease' xlink:to='loc_ShareBasedCompensationArrangementByShareBasedPaymentAwardOptionsOtherIncreasesDecreasesInPeriod' xlink:type='arc' />
<calculationArc order='10' weight='1.0' xlink:arcrole='http://www.xbrl.org/2003/arcrole/summation-item' xlink:from='loc_ShareBasedCompensationArrangementByShareBasedPaymentAwardEquityInstrumentsOtherThanOptionsPeriodIncreaseDecrease' xlink:to='loc_ShareBasedCompensationArrangementByShareBasedPaymentAwardEquityInstrumentsOtherThanOptionsGrantsInPeriod' xlink:type='arc' />
<calculationArc order='20' weight='-1.0' xlink:arcrole='http://www.xbrl.org/2003/arcrole/summation-item' xlink:from='loc_ShareBasedCompensationArrangementByShareBasedPaymentAwardEquityInstrumentsOtherThanOptionsPeriodIncreaseDecrease' xlink:to='loc_ShareBasedCompensationArrangementByShareBasedPaymentAwardEquityInstrumentsOtherThanOptionsVestedInPeriod' xlink:type='arc' />
<calculationArc order='30' weight='-1.0' xlink:arcrole='http://www.xbrl.org/2003/arcrole/summation-item' xlink:from='loc_ShareBasedCompensationArrangementByShareBasedPaymentAwardEquityInstrumentsOtherThanOptionsPeriodIncreaseDecrease' xlink:to='loc_ShareBasedCompensationArrangementByShareBasedPaymentAwardEquityInstrumentsOtherThanOptionsForfeitedInPeriod' xlink:type='arc' />
</calculationLink>
</link:linkbase>
