<?xml version="1.0" encoding="UTF-8" standalone="no"?>

<!--
Copyright (C) 2007, 2008 XBRL US, Inc. All Rights Reserved.
Authorized Uses are Set Forth at http://xbrl.us/legal
  -->
<link:linkbase xmlns:link='http://www.xbrl.org/2003/linkbase' xmlns:xlink='http://www.w3.org/1999/xlink' xmlns:xsi='http://www.w3.org/2001/XMLSchema-instance' xsi:schemaLocation='http://www.xbrl.org/2003/linkbase http://www.xbrl.org/2003/xbrl-linkbase-2003-12-31.xsd'>
<link:roleRef roleURI='http://xbrl.us/us-gaap/role/disclosure/ExtractiveIndustries' xlink:href='../elts/us-roles-2008-03-31.xsd#ei' xlink:type='simple' />
<calculationLink xlink:role='http://xbrl.us/us-gaap/role/disclosure/ExtractiveIndustries' xlink:type='extended' xmlns='http://www.xbrl.org/2003/linkbase'>
<link:loc xlink:href='../elts/us-gaap-2008-03-31.xsd#us-gaap_CapitalizedCostsOilAndGasProducingActivitiesNet' xlink:label='loc_CapitalizedCostsOilAndGasProducingActivitiesNet' xlink:type='locator' />
<link:loc xlink:href='../elts/us-gaap-2008-03-31.xsd#us-gaap_CapitalizedCostsOilAndGasProducingActivitiesGross' xlink:label='loc_CapitalizedCostsOilAndGasProducingActivitiesGross' xlink:type='locator' />
<link:loc xlink:href='../elts/us-gaap-2008-03-31.xsd#us-gaap_CapitalizedCostsMineralInterestsInUnprovedProperties' xlink:label='loc_CapitalizedCostsMineralInterestsInUnprovedProperties' xlink:type='locator' />
<link:loc xlink:href='../elts/us-gaap-2008-03-31.xsd#us-gaap_CapitalizedCostsMineralInterestsInProvedProperties' xlink:label='loc_CapitalizedCostsMineralInterestsInProvedProperties' xlink:type='locator' />
<link:loc xlink:href='../elts/us-gaap-2008-03-31.xsd#us-gaap_CapitalizedCostsWellsAndRelatedEquipmentAndFacilities' xlink:label='loc_CapitalizedCostsWellsAndRelatedEquipmentAndFacilities' xlink:type='locator' />
<link:loc xlink:href='../elts/us-gaap-2008-03-31.xsd#us-gaap_CapitalizedCostsSupportEquipmentAndFacilities' xlink:label='loc_CapitalizedCostsSupportEquipmentAndFacilities' xlink:type='locator' />
<link:loc xlink:href='../elts/us-gaap-2008-03-31.xsd#us-gaap_CapitalizedCostsUncompletedWellsEquipmentAndFacilities' xlink:label='loc_CapitalizedCostsUncompletedWellsEquipmentAndFacilities' xlink:type='locator' />
<link:loc xlink:href='../elts/us-gaap-2008-03-31.xsd#us-gaap_CapitalizedCostsUnprovedProperties' xlink:label='loc_CapitalizedCostsUnprovedProperties' xlink:type='locator' />
<link:loc xlink:href='../elts/us-gaap-2008-03-31.xsd#us-gaap_CapitalizedCostsProvedProperties' xlink:label='loc_CapitalizedCostsProvedProperties' xlink:type='locator' />
<link:loc xlink:href='../elts/us-gaap-2008-03-31.xsd#us-gaap_CapitalizedCostsAssetRetirementCosts' xlink:label='loc_CapitalizedCostsAssetRetirementCosts' xlink:type='locator' />
<link:loc xlink:href='../elts/us-gaap-2008-03-31.xsd#us-gaap_CapitalizedCostsAccumulatedDepreciationDepletionAmortizationAndValuationAllowanceForRelatingToOilAndGasProducingActivities' xlink:label='loc_CapitalizedCostsAccumulatedDepreciationDepletionAmortizationAndValuationAllowanceForRelatingToOilAndGasProducingActivities' xlink:type='locator' />
<link:loc xlink:href='../elts/us-gaap-2008-03-31.xsd#us-gaap_CostOfGoodsSoldOilAndGas' xlink:label='loc_CostOfGoodsSoldOilAndGas' xlink:type='locator' />
<link:loc xlink:href='../elts/us-gaap-2008-03-31.xsd#us-gaap_SyntheticFuelCosts' xlink:label='loc_SyntheticFuelCosts' xlink:type='locator' />
<link:loc xlink:href='../elts/us-gaap-2008-03-31.xsd#us-gaap_CostOfOtherAlternativeEnergy' xlink:label='loc_CostOfOtherAlternativeEnergy' xlink:type='locator' />
<link:loc xlink:href='../elts/us-gaap-2008-03-31.xsd#us-gaap_BinderCosts' xlink:label='loc_BinderCosts' xlink:type='locator' />
<link:loc xlink:href='../elts/us-gaap-2008-03-31.xsd#us-gaap_FacilityCosts' xlink:label='loc_FacilityCosts' xlink:type='locator' />
<link:loc xlink:href='../elts/us-gaap-2008-03-31.xsd#us-gaap_RefiningAndMarketingCosts' xlink:label='loc_RefiningAndMarketingCosts' xlink:type='locator' />
<link:loc xlink:href='../elts/us-gaap-2008-03-31.xsd#us-gaap_MarineServicesCosts' xlink:label='loc_MarineServicesCosts' xlink:type='locator' />
<link:loc xlink:href='../elts/us-gaap-2008-03-31.xsd#us-gaap_BrokeredNaturalGasMarginCosts' xlink:label='loc_BrokeredNaturalGasMarginCosts' xlink:type='locator' />
<link:loc xlink:href='../elts/us-gaap-2008-03-31.xsd#us-gaap_NaturalGasMidstreamCosts' xlink:label='loc_NaturalGasMidstreamCosts' xlink:type='locator' />
<link:loc xlink:href='../elts/us-gaap-2008-03-31.xsd#us-gaap_PropaneCosts' xlink:label='loc_PropaneCosts' xlink:type='locator' />
<link:loc xlink:href='../elts/us-gaap-2008-03-31.xsd#us-gaap_OtherUtilityCosts' xlink:label='loc_OtherUtilityCosts' xlink:type='locator' />
<link:loc xlink:href='../elts/us-gaap-2008-03-31.xsd#us-gaap_ExplorationAndProductionCosts' xlink:label='loc_ExplorationAndProductionCosts' xlink:type='locator' />
<link:loc xlink:href='../elts/us-gaap-2008-03-31.xsd#us-gaap_OilAndGasProductionExpense' xlink:label='loc_OilAndGasProductionExpense' xlink:type='locator' />
<link:loc xlink:href='../elts/us-gaap-2008-03-31.xsd#us-gaap_CostOfPurchasedOilAndGas' xlink:label='loc_CostOfPurchasedOilAndGas' xlink:type='locator' />
<link:loc xlink:href='../elts/us-gaap-2008-03-31.xsd#us-gaap_LeaseOperatingExpense' xlink:label='loc_LeaseOperatingExpense' xlink:type='locator' />
<link:loc xlink:href='../elts/us-gaap-2008-03-31.xsd#us-gaap_WellServiceExpense' xlink:label='loc_WellServiceExpense' xlink:type='locator' />
<link:loc xlink:href='../elts/us-gaap-2008-03-31.xsd#us-gaap_GasGatheringTransportationMarketingAndProcessingCosts' xlink:label='loc_GasGatheringTransportationMarketingAndProcessingCosts' xlink:type='locator' />
<link:loc xlink:href='../elts/us-gaap-2008-03-31.xsd#us-gaap_MineralExtractionProcessingAndMarketingCosts' xlink:label='loc_MineralExtractionProcessingAndMarketingCosts' xlink:type='locator' />
<link:loc xlink:href='../elts/us-gaap-2008-03-31.xsd#us-gaap_CostOfGoldProductsAndServices' xlink:label='loc_CostOfGoldProductsAndServices' xlink:type='locator' />
<link:loc xlink:href='../elts/us-gaap-2008-03-31.xsd#us-gaap_CostOfCoalProductsAndServices' xlink:label='loc_CostOfCoalProductsAndServices' xlink:type='locator' />
<link:loc xlink:href='../elts/us-gaap-2008-03-31.xsd#us-gaap_CostOfChemicals' xlink:label='loc_CostOfChemicals' xlink:type='locator' />
<link:loc xlink:href='../elts/us-gaap-2008-03-31.xsd#us-gaap_CostsOfMetalsSold' xlink:label='loc_CostsOfMetalsSold' xlink:type='locator' />
<link:loc xlink:href='../elts/us-gaap-2008-03-31.xsd#us-gaap_CostsIncurredAcquisitionOfOilAndGasProperties' xlink:label='loc_CostsIncurredAcquisitionOfOilAndGasProperties' xlink:type='locator' />
<link:loc xlink:href='../elts/us-gaap-2008-03-31.xsd#us-gaap_CostsIncurredAcquisitionOfUnprovedOilAndGasProperties' xlink:label='loc_CostsIncurredAcquisitionOfUnprovedOilAndGasProperties' xlink:type='locator' />
<link:loc xlink:href='../elts/us-gaap-2008-03-31.xsd#us-gaap_CostsIncurredAcquisitionOfOilAndGasPropertiesWithProvedReserves' xlink:label='loc_CostsIncurredAcquisitionOfOilAndGasPropertiesWithProvedReserves' xlink:type='locator' />
<link:loc xlink:href='../elts/us-gaap-2008-03-31.xsd#us-gaap_DiscountedFutureNetCashFlowsRelatingToProvedOilAndGasReservesStandardizedMeasure' xlink:label='loc_DiscountedFutureNetCashFlowsRelatingToProvedOilAndGasReservesStandardizedMeasure' xlink:type='locator' />
<link:loc xlink:href='../elts/us-gaap-2008-03-31.xsd#us-gaap_DiscountedFutureNetCashFlowsRelatingToProvedOilAndGasReservesFutureNetCashFlows' xlink:label='loc_DiscountedFutureNetCashFlowsRelatingToProvedOilAndGasReservesFutureNetCashFlows' xlink:type='locator' />
<link:loc xlink:href='../elts/us-gaap-2008-03-31.xsd#us-gaap_DiscountedFutureNetCashFlowsRelatingToProvedOilAndGasReservesFutureCashInflows' xlink:label='loc_DiscountedFutureNetCashFlowsRelatingToProvedOilAndGasReservesFutureCashInflows' xlink:type='locator' />
<link:loc xlink:href='../elts/us-gaap-2008-03-31.xsd#us-gaap_DiscountedFutureNetCashFlowsRelatingToProvedOilAndGasReservesFutureDevelopmentCosts' xlink:label='loc_DiscountedFutureNetCashFlowsRelatingToProvedOilAndGasReservesFutureDevelopmentCosts' xlink:type='locator' />
<link:loc xlink:href='../elts/us-gaap-2008-03-31.xsd#us-gaap_DiscountedFutureNetCashFlowsRelatingToProvedOilAndGasReservesFutureProductionCosts' xlink:label='loc_DiscountedFutureNetCashFlowsRelatingToProvedOilAndGasReservesFutureProductionCosts' xlink:type='locator' />
<link:loc xlink:href='../elts/us-gaap-2008-03-31.xsd#us-gaap_DiscountedFutureNetCashFlowsRelatingToProvedOilAndGasReservesFutureIncomeTaxExpense' xlink:label='loc_DiscountedFutureNetCashFlowsRelatingToProvedOilAndGasReservesFutureIncomeTaxExpense' xlink:type='locator' />
<link:loc xlink:href='../elts/us-gaap-2008-03-31.xsd#us-gaap_DiscountedFutureNetCashFlowsRelatingToProvedOilAndGasReserves10PercentAnnualDiscountForEstimatedTimingOfCashFlows' xlink:label='loc_DiscountedFutureNetCashFlowsRelatingToProvedOilAndGasReserves10PercentAnnualDiscountForEstimatedTimingOfCashFlows' xlink:type='locator' />
<link:loc xlink:href='../elts/us-gaap-2008-03-31.xsd#us-gaap_MineralPropertiesNet' xlink:label='loc_MineralPropertiesNet' xlink:type='locator' />
<link:loc xlink:href='../elts/us-gaap-2008-03-31.xsd#us-gaap_MineralPropertiesGross' xlink:label='loc_MineralPropertiesGross' xlink:type='locator' />
<link:loc xlink:href='../elts/us-gaap-2008-03-31.xsd#us-gaap_MineralRights' xlink:label='loc_MineralRights' xlink:type='locator' />
<link:loc xlink:href='../elts/us-gaap-2008-03-31.xsd#us-gaap_MineralPropertiesAccumulatedDepletion' xlink:label='loc_MineralPropertiesAccumulatedDepletion' xlink:type='locator' />
<link:loc xlink:href='../elts/us-gaap-2008-03-31.xsd#us-gaap_MineralPropertiesAccumulatedImpairment' xlink:label='loc_MineralPropertiesAccumulatedImpairment' xlink:type='locator' />
<link:loc xlink:href='../elts/us-gaap-2008-03-31.xsd#us-gaap_StandardizedMeasureOfDiscountedFutureNetCashFlowOfProvedOilAndGasReservesPeriodIncreaseDecrease' xlink:label='loc_StandardizedMeasureOfDiscountedFutureNetCashFlowOfProvedOilAndGasReservesPeriodIncreaseDecrease' xlink:type='locator' />
<link:loc xlink:href='../elts/us-gaap-2008-03-31.xsd#us-gaap_SalesAndTransfersOfOilAndGasProducedNetOfProductionCosts' xlink:label='loc_SalesAndTransfersOfOilAndGasProducedNetOfProductionCosts' xlink:type='locator' />
<link:loc xlink:href='../elts/us-gaap-2008-03-31.xsd#us-gaap_NetIncreaseDecreaseInSalesAndTransferPricesAndProductionCosts' xlink:label='loc_NetIncreaseDecreaseInSalesAndTransferPricesAndProductionCosts' xlink:type='locator' />
<link:loc xlink:href='../elts/us-gaap-2008-03-31.xsd#us-gaap_ExtensionsDiscoveriesAdditionsAndImprovedRecoveryLessRelatedCosts' xlink:label='loc_ExtensionsDiscoveriesAdditionsAndImprovedRecoveryLessRelatedCosts' xlink:type='locator' />
<link:loc xlink:href='../elts/us-gaap-2008-03-31.xsd#us-gaap_PreviouslyEstimatedDevelopmentCostsIncurredDuringPeriod' xlink:label='loc_PreviouslyEstimatedDevelopmentCostsIncurredDuringPeriod' xlink:type='locator' />
<link:loc xlink:href='../elts/us-gaap-2008-03-31.xsd#us-gaap_RevisionsOfPreviousQuantityEstimates' xlink:label='loc_RevisionsOfPreviousQuantityEstimates' xlink:type='locator' />
<link:loc xlink:href='../elts/us-gaap-2008-03-31.xsd#us-gaap_AccretionOfDiscount' xlink:label='loc_AccretionOfDiscount' xlink:type='locator' />
<link:loc xlink:href='../elts/us-gaap-2008-03-31.xsd#us-gaap_IncreaseDecreaseInEstimatedFutureDevelopmentCosts' xlink:label='loc_IncreaseDecreaseInEstimatedFutureDevelopmentCosts' xlink:type='locator' />
<link:loc xlink:href='../elts/us-gaap-2008-03-31.xsd#us-gaap_IncreaseDueToPurchasesOfMineralsInPlace' xlink:label='loc_IncreaseDueToPurchasesOfMineralsInPlace' xlink:type='locator' />
<link:loc xlink:href='../elts/us-gaap-2008-03-31.xsd#us-gaap_DecreaseDueToSalesOfMineralsInPlace' xlink:label='loc_DecreaseDueToSalesOfMineralsInPlace' xlink:type='locator' />
<link:loc xlink:href='../elts/us-gaap-2008-03-31.xsd#us-gaap_IncreaseDecreaseInFutureIncomeTaxExpenseEstimatesOnFutureCashFlowsRelatedToProvedOilAndGasReserves' xlink:label='loc_IncreaseDecreaseInFutureIncomeTaxExpenseEstimatesOnFutureCashFlowsRelatedToProvedOilAndGasReserves' xlink:type='locator' />
<link:loc xlink:href='../elts/us-gaap-2008-03-31.xsd#us-gaap_OilAndGasPropertySuccessfulEffortMethodNet' xlink:label='loc_OilAndGasPropertySuccessfulEffortMethodNet' xlink:type='locator' />
<link:loc xlink:href='../elts/us-gaap-2008-03-31.xsd#us-gaap_OilAndGasPropertySuccessfulEffortMethodGross' xlink:label='loc_OilAndGasPropertySuccessfulEffortMethodGross' xlink:type='locator' />
<link:loc xlink:href='../elts/us-gaap-2008-03-31.xsd#us-gaap_UnprovedOilAndGasPropertySuccessfulEffortMethod' xlink:label='loc_UnprovedOilAndGasPropertySuccessfulEffortMethod' xlink:type='locator' />
<link:loc xlink:href='../elts/us-gaap-2008-03-31.xsd#us-gaap_ProvedOilAndGasPropertySuccessfulEffortMethod' xlink:label='loc_ProvedOilAndGasPropertySuccessfulEffortMethod' xlink:type='locator' />
<link:loc xlink:href='../elts/us-gaap-2008-03-31.xsd#us-gaap_OilAndGasPropertySuccessfulEffortMethodAccumulatedImpairment' xlink:label='loc_OilAndGasPropertySuccessfulEffortMethodAccumulatedImpairment' xlink:type='locator' />
<link:loc xlink:href='../elts/us-gaap-2008-03-31.xsd#us-gaap_OilAndGasPropertySuccessfulEffortMethodAccumulatedDepreciationDepletionAndAmortization' xlink:label='loc_OilAndGasPropertySuccessfulEffortMethodAccumulatedDepreciationDepletionAndAmortization' xlink:type='locator' />
<link:loc xlink:href='../elts/us-gaap-2008-03-31.xsd#us-gaap_OtherOilAndGasPropertySuccessfulEffortMethod' xlink:label='loc_OtherOilAndGasPropertySuccessfulEffortMethod' xlink:type='locator' />
<link:loc xlink:href='../elts/us-gaap-2008-03-31.xsd#us-gaap_OilAndGasRevenue' xlink:label='loc_OilAndGasRevenue' xlink:type='locator' />
<link:loc xlink:href='../elts/us-gaap-2008-03-31.xsd#us-gaap_OilAndGasSalesRevenue' xlink:label='loc_OilAndGasSalesRevenue' xlink:type='locator' />
<link:loc xlink:href='../elts/us-gaap-2008-03-31.xsd#us-gaap_SyntheticFuelSalesRevenue' xlink:label='loc_SyntheticFuelSalesRevenue' xlink:type='locator' />
<link:loc xlink:href='../elts/us-gaap-2008-03-31.xsd#us-gaap_OtherAlternativeEnergySalesRevenue' xlink:label='loc_OtherAlternativeEnergySalesRevenue' xlink:type='locator' />
<link:loc xlink:href='../elts/us-gaap-2008-03-31.xsd#us-gaap_BinderSalesRevenue' xlink:label='loc_BinderSalesRevenue' xlink:type='locator' />
<link:loc xlink:href='../elts/us-gaap-2008-03-31.xsd#us-gaap_ExplorationAndProductionRevenue' xlink:label='loc_ExplorationAndProductionRevenue' xlink:type='locator' />
<link:loc xlink:href='../elts/us-gaap-2008-03-31.xsd#us-gaap_NaturalGasMidstreamRevenue' xlink:label='loc_NaturalGasMidstreamRevenue' xlink:type='locator' />
<link:loc xlink:href='../elts/us-gaap-2008-03-31.xsd#us-gaap_NaturalGasStorageRevenue' xlink:label='loc_NaturalGasStorageRevenue' xlink:type='locator' />
<link:loc xlink:href='../elts/us-gaap-2008-03-31.xsd#us-gaap_FractionationRevenue' xlink:label='loc_FractionationRevenue' xlink:type='locator' />
<link:loc xlink:href='../elts/us-gaap-2008-03-31.xsd#us-gaap_RefiningAndMarketingRevenue' xlink:label='loc_RefiningAndMarketingRevenue' xlink:type='locator' />
<link:loc xlink:href='../elts/us-gaap-2008-03-31.xsd#us-gaap_MarineServicesRevenue' xlink:label='loc_MarineServicesRevenue' xlink:type='locator' />
<link:loc xlink:href='../elts/us-gaap-2008-03-31.xsd#us-gaap_NaturalGasProductionRevenue' xlink:label='loc_NaturalGasProductionRevenue' xlink:type='locator' />
<link:loc xlink:href='../elts/us-gaap-2008-03-31.xsd#us-gaap_BrokeredNaturalGasMarginRevenue' xlink:label='loc_BrokeredNaturalGasMarginRevenue' xlink:type='locator' />
<link:loc xlink:href='../elts/us-gaap-2008-03-31.xsd#us-gaap_PropaneRevenue' xlink:label='loc_PropaneRevenue' xlink:type='locator' />
<link:loc xlink:href='../elts/us-gaap-2008-03-31.xsd#us-gaap_RevenueFromPurchasedOilAndGas' xlink:label='loc_RevenueFromPurchasedOilAndGas' xlink:type='locator' />
<link:loc xlink:href='../elts/us-gaap-2008-03-31.xsd#us-gaap_OilAndCondensateRevenue' xlink:label='loc_OilAndCondensateRevenue' xlink:type='locator' />
<link:loc xlink:href='../elts/us-gaap-2008-03-31.xsd#us-gaap_GasGatheringTransportationMarketingAndProcessingRevenue' xlink:label='loc_GasGatheringTransportationMarketingAndProcessingRevenue' xlink:type='locator' />
<link:loc xlink:href='../elts/us-gaap-2008-03-31.xsd#us-gaap_ResultsOfOperationsOilAndGasProducingActivitiesNetIncomeExcludingCorporateOverheadAndInterestCosts' xlink:label='loc_ResultsOfOperationsOilAndGasProducingActivitiesNetIncomeExcludingCorporateOverheadAndInterestCosts' xlink:type='locator' />
<link:loc xlink:href='../elts/us-gaap-2008-03-31.xsd#us-gaap_ResultsOfOperationsIncomeBeforeIncomeTaxes' xlink:label='loc_ResultsOfOperationsIncomeBeforeIncomeTaxes' xlink:type='locator' />
<link:loc xlink:href='../elts/us-gaap-2008-03-31.xsd#us-gaap_ResultsOfOperationsRevenueFromOilAndGasProducingActivities' xlink:label='loc_ResultsOfOperationsRevenueFromOilAndGasProducingActivities' xlink:type='locator' />
<link:loc xlink:href='../elts/us-gaap-2008-03-31.xsd#us-gaap_ResultsOfOperationsSalesRevenueToUnaffiliatedEnterprises' xlink:label='loc_ResultsOfOperationsSalesRevenueToUnaffiliatedEnterprises' xlink:type='locator' />
<link:loc xlink:href='../elts/us-gaap-2008-03-31.xsd#us-gaap_ResultsOfOperationsSalesOrTransfersToEntitysOtherOperations' xlink:label='loc_ResultsOfOperationsSalesOrTransfersToEntitysOtherOperations' xlink:type='locator' />
<link:loc xlink:href='../elts/us-gaap-2008-03-31.xsd#us-gaap_ResultsOfOperationsRevenueOther' xlink:label='loc_ResultsOfOperationsRevenueOther' xlink:type='locator' />
<link:loc xlink:href='../elts/us-gaap-2008-03-31.xsd#us-gaap_ResultsOfOperationsProductionOrLiftingCosts' xlink:label='loc_ResultsOfOperationsProductionOrLiftingCosts' xlink:type='locator' />
<link:loc xlink:href='../elts/us-gaap-2008-03-31.xsd#us-gaap_ResultsOfOperationsExplorationExpense' xlink:label='loc_ResultsOfOperationsExplorationExpense' xlink:type='locator' />
<link:loc xlink:href='../elts/us-gaap-2008-03-31.xsd#us-gaap_ResultsOfOperationsDryHoleCosts' xlink:label='loc_ResultsOfOperationsDryHoleCosts' xlink:type='locator' />
<link:loc xlink:href='../elts/us-gaap-2008-03-31.xsd#us-gaap_ResultsOfOperationsTransportationCosts' xlink:label='loc_ResultsOfOperationsTransportationCosts' xlink:type='locator' />
<link:loc xlink:href='../elts/us-gaap-2008-03-31.xsd#us-gaap_ResultsOfOperationsDepreciationDepletionAndAmortizationAndValuationProvisions' xlink:label='loc_ResultsOfOperationsDepreciationDepletionAndAmortizationAndValuationProvisions' xlink:type='locator' />
<link:loc xlink:href='../elts/us-gaap-2008-03-31.xsd#us-gaap_ResultsOfOperationsImpairmentOfOilAndGasProperties' xlink:label='loc_ResultsOfOperationsImpairmentOfOilAndGasProperties' xlink:type='locator' />
<link:loc xlink:href='../elts/us-gaap-2008-03-31.xsd#us-gaap_ResultsOfOperationsAccretionOfAssetRetirementObligations' xlink:label='loc_ResultsOfOperationsAccretionOfAssetRetirementObligations' xlink:type='locator' />
<link:loc xlink:href='../elts/us-gaap-2008-03-31.xsd#us-gaap_ResultsOfOperationsGeneralAndAdministrativeRelatedToOilAndGasProducingActivities' xlink:label='loc_ResultsOfOperationsGeneralAndAdministrativeRelatedToOilAndGasProducingActivities' xlink:type='locator' />
<link:loc xlink:href='../elts/us-gaap-2008-03-31.xsd#us-gaap_ResultsOfOperationsExpenseOther' xlink:label='loc_ResultsOfOperationsExpenseOther' xlink:type='locator' />
<link:loc xlink:href='../elts/us-gaap-2008-03-31.xsd#us-gaap_ResultsOfOperationsIncomeTaxExpense' xlink:label='loc_ResultsOfOperationsIncomeTaxExpense' xlink:type='locator' />
<link:loc xlink:href='../elts/us-gaap-2008-03-31.xsd#us-gaap_RevenueMineralSales' xlink:label='loc_RevenueMineralSales' xlink:type='locator' />
<link:loc xlink:href='../elts/us-gaap-2008-03-31.xsd#us-gaap_GoldProductsAndServicesRevenue' xlink:label='loc_GoldProductsAndServicesRevenue' xlink:type='locator' />
<link:loc xlink:href='../elts/us-gaap-2008-03-31.xsd#us-gaap_CoalProductsAndServicesRevenue' xlink:label='loc_CoalProductsAndServicesRevenue' xlink:type='locator' />
<link:loc xlink:href='../elts/us-gaap-2008-03-31.xsd#us-gaap_ChemicalsRevenue' xlink:label='loc_ChemicalsRevenue' xlink:type='locator' />
<link:loc xlink:href='../elts/us-gaap-2008-03-31.xsd#us-gaap_ProvedDevelopedAndUndevelopedReservesPeriodIncreaseDecrease' xlink:label='loc_ProvedDevelopedAndUndevelopedReservesPeriodIncreaseDecrease' xlink:type='locator' />
<link:loc xlink:href='../elts/us-gaap-2008-03-31.xsd#us-gaap_ProvedDevelopedAndUndevelopedReservesRevisionsOfPreviousEstimatesIncreaseDecrease' xlink:label='loc_ProvedDevelopedAndUndevelopedReservesRevisionsOfPreviousEstimatesIncreaseDecrease' xlink:type='locator' />
<link:loc xlink:href='../elts/us-gaap-2008-03-31.xsd#us-gaap_ProvedDevelopedAndUndevelopedReservesImprovedRecovery' xlink:label='loc_ProvedDevelopedAndUndevelopedReservesImprovedRecovery' xlink:type='locator' />
<link:loc xlink:href='../elts/us-gaap-2008-03-31.xsd#us-gaap_ProvedDevelopedAndUndevelopedReservesPurchasesOfMineralsInPlace' xlink:label='loc_ProvedDevelopedAndUndevelopedReservesPurchasesOfMineralsInPlace' xlink:type='locator' />
<link:loc xlink:href='../elts/us-gaap-2008-03-31.xsd#us-gaap_ProvedDevelopedAndUndevelopedReservesExtensionsDiscoveriesAndAdditions' xlink:label='loc_ProvedDevelopedAndUndevelopedReservesExtensionsDiscoveriesAndAdditions' xlink:type='locator' />
<link:loc xlink:href='../elts/us-gaap-2008-03-31.xsd#us-gaap_ProvedDevelopedAndUndevelopedReservesProduction' xlink:label='loc_ProvedDevelopedAndUndevelopedReservesProduction' xlink:type='locator' />
<link:loc xlink:href='../elts/us-gaap-2008-03-31.xsd#us-gaap_ProvedDevelopedAndUndevelopedReservesSalesOfMineralsInPlace' xlink:label='loc_ProvedDevelopedAndUndevelopedReservesSalesOfMineralsInPlace' xlink:type='locator' />
<link:loc xlink:href='../elts/us-gaap-2008-03-31.xsd#us-gaap_CapitalizedExploratoryWellCosts' xlink:label='loc_CapitalizedExploratoryWellCosts' xlink:type='locator' />
<link:loc xlink:href='../elts/us-gaap-2008-03-31.xsd#us-gaap_CapitalizedExploratoryWellCostsThatHaveBeenCapitalizedForPeriodOfOneYearOrLess' xlink:label='loc_CapitalizedExploratoryWellCostsThatHaveBeenCapitalizedForPeriodOfOneYearOrLess' xlink:type='locator' />
<link:loc xlink:href='../elts/us-gaap-2008-03-31.xsd#us-gaap_CapitalizedExploratoryWellCostsThatHaveBeenCapitalizedForPeriodGreaterThanOneYear' xlink:label='loc_CapitalizedExploratoryWellCostsThatHaveBeenCapitalizedForPeriodGreaterThanOneYear' xlink:type='locator' />
<link:loc xlink:href='../elts/us-gaap-2008-03-31.xsd#us-gaap_CapitalizedExploratoryWellCostsPeriodIncreaseDecrease' xlink:label='loc_CapitalizedExploratoryWellCostsPeriodIncreaseDecrease' xlink:type='locator' />
<link:loc xlink:href='../elts/us-gaap-2008-03-31.xsd#us-gaap_CapitalizedExploratoryWellCostsAdditionsPendingDeterminationOfProvedReserves' xlink:label='loc_CapitalizedExploratoryWellCostsAdditionsPendingDeterminationOfProvedReserves' xlink:type='locator' />
<link:loc xlink:href='../elts/us-gaap-2008-03-31.xsd#us-gaap_ReclassificationToWellsFacilitiesAndEquipmentBasedOnDeterminationOfProvedReserves' xlink:label='loc_ReclassificationToWellsFacilitiesAndEquipmentBasedOnDeterminationOfProvedReserves' xlink:type='locator' />
<link:loc xlink:href='../elts/us-gaap-2008-03-31.xsd#us-gaap_CapitalizedExploratoryWellCostsChargedToExpense' xlink:label='loc_CapitalizedExploratoryWellCostsChargedToExpense' xlink:type='locator' />
<link:loc xlink:href='../elts/us-gaap-2008-03-31.xsd#us-gaap_CapitalizedCostsOfUnprovedPropertiesExcludedFromAmortization' xlink:label='loc_CapitalizedCostsOfUnprovedPropertiesExcludedFromAmortization' xlink:type='locator' />
<link:loc xlink:href='../elts/us-gaap-2008-03-31.xsd#us-gaap_AcquisitionCosts' xlink:label='loc_AcquisitionCosts' xlink:type='locator' />
<link:loc xlink:href='../elts/us-gaap-2008-03-31.xsd#us-gaap_ExplorationCosts' xlink:label='loc_ExplorationCosts' xlink:type='locator' />
<link:loc xlink:href='../elts/us-gaap-2008-03-31.xsd#us-gaap_DevelopmentCosts' xlink:label='loc_DevelopmentCosts' xlink:type='locator' />
<link:loc xlink:href='../elts/us-gaap-2008-03-31.xsd#us-gaap_ProductionCosts' xlink:label='loc_ProductionCosts' xlink:type='locator' />
<calculationArc order='10' use='optional' weight='1.0' xlink:arcrole='http://www.xbrl.org/2003/arcrole/summation-item' xlink:from='loc_CapitalizedCostsOilAndGasProducingActivitiesNet' xlink:to='loc_CapitalizedCostsOilAndGasProducingActivitiesGross' xlink:type='arc' />
<calculationArc order='10' use='optional' weight='1.0' xlink:arcrole='http://www.xbrl.org/2003/arcrole/summation-item' xlink:from='loc_CapitalizedCostsOilAndGasProducingActivitiesGross' xlink:to='loc_CapitalizedCostsMineralInterestsInUnprovedProperties' xlink:type='arc' />
<calculationArc order='20' use='optional' weight='1.0' xlink:arcrole='http://www.xbrl.org/2003/arcrole/summation-item' xlink:from='loc_CapitalizedCostsOilAndGasProducingActivitiesGross' xlink:to='loc_CapitalizedCostsMineralInterestsInProvedProperties' xlink:type='arc' />
<calculationArc order='30' use='optional' weight='1.0' xlink:arcrole='http://www.xbrl.org/2003/arcrole/summation-item' xlink:from='loc_CapitalizedCostsOilAndGasProducingActivitiesGross' xlink:to='loc_CapitalizedCostsWellsAndRelatedEquipmentAndFacilities' xlink:type='arc' />
<calculationArc order='40' use='optional' weight='1.0' xlink:arcrole='http://www.xbrl.org/2003/arcrole/summation-item' xlink:from='loc_CapitalizedCostsOilAndGasProducingActivitiesGross' xlink:to='loc_CapitalizedCostsSupportEquipmentAndFacilities' xlink:type='arc' />
<calculationArc order='50' use='optional' weight='1.0' xlink:arcrole='http://www.xbrl.org/2003/arcrole/summation-item' xlink:from='loc_CapitalizedCostsOilAndGasProducingActivitiesGross' xlink:to='loc_CapitalizedCostsUncompletedWellsEquipmentAndFacilities' xlink:type='arc' />
<calculationArc order='60' use='optional' weight='1.0' xlink:arcrole='http://www.xbrl.org/2003/arcrole/summation-item' xlink:from='loc_CapitalizedCostsOilAndGasProducingActivitiesGross' xlink:to='loc_CapitalizedCostsUnprovedProperties' xlink:type='arc' />
<calculationArc order='70' use='optional' weight='1.0' xlink:arcrole='http://www.xbrl.org/2003/arcrole/summation-item' xlink:from='loc_CapitalizedCostsOilAndGasProducingActivitiesGross' xlink:to='loc_CapitalizedCostsProvedProperties' xlink:type='arc' />
<calculationArc order='80' use='optional' weight='1.0' xlink:arcrole='http://www.xbrl.org/2003/arcrole/summation-item' xlink:from='loc_CapitalizedCostsOilAndGasProducingActivitiesGross' xlink:to='loc_CapitalizedCostsAssetRetirementCosts' xlink:type='arc' />
<calculationArc order='20' use='optional' weight='-1.0' xlink:arcrole='http://www.xbrl.org/2003/arcrole/summation-item' xlink:from='loc_CapitalizedCostsOilAndGasProducingActivitiesNet' xlink:to='loc_CapitalizedCostsAccumulatedDepreciationDepletionAmortizationAndValuationAllowanceForRelatingToOilAndGasProducingActivities' xlink:type='arc' />
<calculationArc order='10' weight='1.0' xlink:arcrole='http://www.xbrl.org/2003/arcrole/summation-item' xlink:from='loc_CostOfGoodsSoldOilAndGas' xlink:to='loc_SyntheticFuelCosts' xlink:type='arc' />
<calculationArc order='20' weight='1.0' xlink:arcrole='http://www.xbrl.org/2003/arcrole/summation-item' xlink:from='loc_CostOfGoodsSoldOilAndGas' xlink:to='loc_CostOfOtherAlternativeEnergy' xlink:type='arc' />
<calculationArc order='30' weight='1.0' xlink:arcrole='http://www.xbrl.org/2003/arcrole/summation-item' xlink:from='loc_CostOfGoodsSoldOilAndGas' xlink:to='loc_BinderCosts' xlink:type='arc' />
<calculationArc order='40' weight='1.0' xlink:arcrole='http://www.xbrl.org/2003/arcrole/summation-item' xlink:from='loc_CostOfGoodsSoldOilAndGas' xlink:to='loc_FacilityCosts' xlink:type='arc' />
<calculationArc order='50' weight='1.0' xlink:arcrole='http://www.xbrl.org/2003/arcrole/summation-item' xlink:from='loc_CostOfGoodsSoldOilAndGas' xlink:to='loc_RefiningAndMarketingCosts' xlink:type='arc' />
<calculationArc order='60' weight='1.0' xlink:arcrole='http://www.xbrl.org/2003/arcrole/summation-item' xlink:from='loc_CostOfGoodsSoldOilAndGas' xlink:to='loc_MarineServicesCosts' xlink:type='arc' />
<calculationArc order='70' weight='1.0' xlink:arcrole='http://www.xbrl.org/2003/arcrole/summation-item' xlink:from='loc_CostOfGoodsSoldOilAndGas' xlink:to='loc_BrokeredNaturalGasMarginCosts' xlink:type='arc' />
<calculationArc order='80' weight='1.0' xlink:arcrole='http://www.xbrl.org/2003/arcrole/summation-item' xlink:from='loc_CostOfGoodsSoldOilAndGas' xlink:to='loc_NaturalGasMidstreamCosts' xlink:type='arc' />
<calculationArc order='90' weight='1.0' xlink:arcrole='http://www.xbrl.org/2003/arcrole/summation-item' xlink:from='loc_CostOfGoodsSoldOilAndGas' xlink:to='loc_PropaneCosts' xlink:type='arc' />
<calculationArc order='100' weight='1.0' xlink:arcrole='http://www.xbrl.org/2003/arcrole/summation-item' xlink:from='loc_CostOfGoodsSoldOilAndGas' xlink:to='loc_OtherUtilityCosts' xlink:type='arc' />
<calculationArc order='110' weight='1.0' xlink:arcrole='http://www.xbrl.org/2003/arcrole/summation-item' xlink:from='loc_CostOfGoodsSoldOilAndGas' xlink:to='loc_ExplorationAndProductionCosts' xlink:type='arc' />
<calculationArc order='120' weight='1.0' xlink:arcrole='http://www.xbrl.org/2003/arcrole/summation-item' xlink:from='loc_CostOfGoodsSoldOilAndGas' xlink:to='loc_OilAndGasProductionExpense' xlink:type='arc' />
<calculationArc order='130' weight='1.0' xlink:arcrole='http://www.xbrl.org/2003/arcrole/summation-item' xlink:from='loc_CostOfGoodsSoldOilAndGas' xlink:to='loc_CostOfPurchasedOilAndGas' xlink:type='arc' />
<calculationArc order='140' weight='1.0' xlink:arcrole='http://www.xbrl.org/2003/arcrole/summation-item' xlink:from='loc_CostOfGoodsSoldOilAndGas' xlink:to='loc_LeaseOperatingExpense' xlink:type='arc' />
<calculationArc order='150' weight='1.0' xlink:arcrole='http://www.xbrl.org/2003/arcrole/summation-item' xlink:from='loc_CostOfGoodsSoldOilAndGas' xlink:to='loc_WellServiceExpense' xlink:type='arc' />
<calculationArc order='160' weight='1.0' xlink:arcrole='http://www.xbrl.org/2003/arcrole/summation-item' xlink:from='loc_CostOfGoodsSoldOilAndGas' xlink:to='loc_GasGatheringTransportationMarketingAndProcessingCosts' xlink:type='arc' />
<calculationArc order='10' weight='1.0' xlink:arcrole='http://www.xbrl.org/2003/arcrole/summation-item' xlink:from='loc_MineralExtractionProcessingAndMarketingCosts' xlink:to='loc_CostOfGoldProductsAndServices' xlink:type='arc' />
<calculationArc order='20' weight='1.0' xlink:arcrole='http://www.xbrl.org/2003/arcrole/summation-item' xlink:from='loc_MineralExtractionProcessingAndMarketingCosts' xlink:to='loc_CostOfCoalProductsAndServices' xlink:type='arc' />
<calculationArc order='30' weight='1.0' xlink:arcrole='http://www.xbrl.org/2003/arcrole/summation-item' xlink:from='loc_MineralExtractionProcessingAndMarketingCosts' xlink:to='loc_CostOfChemicals' xlink:type='arc' />
<calculationArc order='40' weight='1.0' xlink:arcrole='http://www.xbrl.org/2003/arcrole/summation-item' xlink:from='loc_MineralExtractionProcessingAndMarketingCosts' xlink:to='loc_CostsOfMetalsSold' xlink:type='arc' />
<calculationArc order='10' use='optional' weight='1.0' xlink:arcrole='http://www.xbrl.org/2003/arcrole/summation-item' xlink:from='loc_CostsIncurredAcquisitionOfOilAndGasProperties' xlink:to='loc_CostsIncurredAcquisitionOfUnprovedOilAndGasProperties' xlink:type='arc' />
<calculationArc order='20' use='optional' weight='1.0' xlink:arcrole='http://www.xbrl.org/2003/arcrole/summation-item' xlink:from='loc_CostsIncurredAcquisitionOfOilAndGasProperties' xlink:to='loc_CostsIncurredAcquisitionOfOilAndGasPropertiesWithProvedReserves' xlink:type='arc' />
<calculationArc order='10' use='optional' weight='1.0' xlink:arcrole='http://www.xbrl.org/2003/arcrole/summation-item' xlink:from='loc_DiscountedFutureNetCashFlowsRelatingToProvedOilAndGasReservesStandardizedMeasure' xlink:to='loc_DiscountedFutureNetCashFlowsRelatingToProvedOilAndGasReservesFutureNetCashFlows' xlink:type='arc' />
<calculationArc order='10' use='optional' weight='1.0' xlink:arcrole='http://www.xbrl.org/2003/arcrole/summation-item' xlink:from='loc_DiscountedFutureNetCashFlowsRelatingToProvedOilAndGasReservesFutureNetCashFlows' xlink:to='loc_DiscountedFutureNetCashFlowsRelatingToProvedOilAndGasReservesFutureCashInflows' xlink:type='arc' />
<calculationArc order='20' use='optional' weight='-1.0' xlink:arcrole='http://www.xbrl.org/2003/arcrole/summation-item' xlink:from='loc_DiscountedFutureNetCashFlowsRelatingToProvedOilAndGasReservesFutureNetCashFlows' xlink:to='loc_DiscountedFutureNetCashFlowsRelatingToProvedOilAndGasReservesFutureDevelopmentCosts' xlink:type='arc' />
<calculationArc order='30' use='optional' weight='-1.0' xlink:arcrole='http://www.xbrl.org/2003/arcrole/summation-item' xlink:from='loc_DiscountedFutureNetCashFlowsRelatingToProvedOilAndGasReservesFutureNetCashFlows' xlink:to='loc_DiscountedFutureNetCashFlowsRelatingToProvedOilAndGasReservesFutureProductionCosts' xlink:type='arc' />
<calculationArc order='40' use='optional' weight='-1.0' xlink:arcrole='http://www.xbrl.org/2003/arcrole/summation-item' xlink:from='loc_DiscountedFutureNetCashFlowsRelatingToProvedOilAndGasReservesFutureNetCashFlows' xlink:to='loc_DiscountedFutureNetCashFlowsRelatingToProvedOilAndGasReservesFutureIncomeTaxExpense' xlink:type='arc' />
<calculationArc order='20' use='optional' weight='-1.0' xlink:arcrole='http://www.xbrl.org/2003/arcrole/summation-item' xlink:from='loc_DiscountedFutureNetCashFlowsRelatingToProvedOilAndGasReservesStandardizedMeasure' xlink:to='loc_DiscountedFutureNetCashFlowsRelatingToProvedOilAndGasReserves10PercentAnnualDiscountForEstimatedTimingOfCashFlows' xlink:type='arc' />
<calculationArc order='10' weight='1.0' xlink:arcrole='http://www.xbrl.org/2003/arcrole/summation-item' xlink:from='loc_MineralPropertiesNet' xlink:to='loc_MineralPropertiesGross' xlink:type='arc' />
<calculationArc order='20' weight='1.0' xlink:arcrole='http://www.xbrl.org/2003/arcrole/summation-item' xlink:from='loc_MineralPropertiesNet' xlink:to='loc_MineralRights' xlink:type='arc' />
<calculationArc order='30' weight='-1.0' xlink:arcrole='http://www.xbrl.org/2003/arcrole/summation-item' xlink:from='loc_MineralPropertiesNet' xlink:to='loc_MineralPropertiesAccumulatedDepletion' xlink:type='arc' />
<calculationArc order='40' weight='-1.0' xlink:arcrole='http://www.xbrl.org/2003/arcrole/summation-item' xlink:from='loc_MineralPropertiesNet' xlink:to='loc_MineralPropertiesAccumulatedImpairment' xlink:type='arc' />
<calculationArc order='10' use='optional' weight='-1.0' xlink:arcrole='http://www.xbrl.org/2003/arcrole/summation-item' xlink:from='loc_StandardizedMeasureOfDiscountedFutureNetCashFlowOfProvedOilAndGasReservesPeriodIncreaseDecrease' xlink:to='loc_SalesAndTransfersOfOilAndGasProducedNetOfProductionCosts' xlink:type='arc' />
<calculationArc order='20' use='optional' weight='1.0' xlink:arcrole='http://www.xbrl.org/2003/arcrole/summation-item' xlink:from='loc_StandardizedMeasureOfDiscountedFutureNetCashFlowOfProvedOilAndGasReservesPeriodIncreaseDecrease' xlink:to='loc_NetIncreaseDecreaseInSalesAndTransferPricesAndProductionCosts' xlink:type='arc' />
<calculationArc order='30' use='optional' weight='1.0' xlink:arcrole='http://www.xbrl.org/2003/arcrole/summation-item' xlink:from='loc_StandardizedMeasureOfDiscountedFutureNetCashFlowOfProvedOilAndGasReservesPeriodIncreaseDecrease' xlink:to='loc_ExtensionsDiscoveriesAdditionsAndImprovedRecoveryLessRelatedCosts' xlink:type='arc' />
<calculationArc order='40' use='optional' weight='-1.0' xlink:arcrole='http://www.xbrl.org/2003/arcrole/summation-item' xlink:from='loc_StandardizedMeasureOfDiscountedFutureNetCashFlowOfProvedOilAndGasReservesPeriodIncreaseDecrease' xlink:to='loc_PreviouslyEstimatedDevelopmentCostsIncurredDuringPeriod' xlink:type='arc' />
<calculationArc order='50' use='optional' weight='1.0' xlink:arcrole='http://www.xbrl.org/2003/arcrole/summation-item' xlink:from='loc_StandardizedMeasureOfDiscountedFutureNetCashFlowOfProvedOilAndGasReservesPeriodIncreaseDecrease' xlink:to='loc_RevisionsOfPreviousQuantityEstimates' xlink:type='arc' />
<calculationArc order='60' use='optional' weight='1.0' xlink:arcrole='http://www.xbrl.org/2003/arcrole/summation-item' xlink:from='loc_StandardizedMeasureOfDiscountedFutureNetCashFlowOfProvedOilAndGasReservesPeriodIncreaseDecrease' xlink:to='loc_AccretionOfDiscount' xlink:type='arc' />
<calculationArc order='70' use='optional' weight='1.0' xlink:arcrole='http://www.xbrl.org/2003/arcrole/summation-item' xlink:from='loc_StandardizedMeasureOfDiscountedFutureNetCashFlowOfProvedOilAndGasReservesPeriodIncreaseDecrease' xlink:to='loc_IncreaseDecreaseInEstimatedFutureDevelopmentCosts' xlink:type='arc' />
<calculationArc order='80' use='optional' weight='1.0' xlink:arcrole='http://www.xbrl.org/2003/arcrole/summation-item' xlink:from='loc_StandardizedMeasureOfDiscountedFutureNetCashFlowOfProvedOilAndGasReservesPeriodIncreaseDecrease' xlink:to='loc_IncreaseDueToPurchasesOfMineralsInPlace' xlink:type='arc' />
<calculationArc order='90' use='optional' weight='-1.0' xlink:arcrole='http://www.xbrl.org/2003/arcrole/summation-item' xlink:from='loc_StandardizedMeasureOfDiscountedFutureNetCashFlowOfProvedOilAndGasReservesPeriodIncreaseDecrease' xlink:to='loc_DecreaseDueToSalesOfMineralsInPlace' xlink:type='arc' />
<calculationArc order='100' weight='1.0' xlink:arcrole='http://www.xbrl.org/2003/arcrole/summation-item' xlink:from='loc_StandardizedMeasureOfDiscountedFutureNetCashFlowOfProvedOilAndGasReservesPeriodIncreaseDecrease' xlink:to='loc_IncreaseDecreaseInFutureIncomeTaxExpenseEstimatesOnFutureCashFlowsRelatedToProvedOilAndGasReserves' xlink:type='arc' />
<calculationArc order='10' weight='1.0' xlink:arcrole='http://www.xbrl.org/2003/arcrole/summation-item' xlink:from='loc_OilAndGasPropertySuccessfulEffortMethodNet' xlink:to='loc_OilAndGasPropertySuccessfulEffortMethodGross' xlink:type='arc' />
<calculationArc order='10' weight='1.0' xlink:arcrole='http://www.xbrl.org/2003/arcrole/summation-item' xlink:from='loc_OilAndGasPropertySuccessfulEffortMethodGross' xlink:to='loc_UnprovedOilAndGasPropertySuccessfulEffortMethod' xlink:type='arc' />
<calculationArc order='20' weight='1.0' xlink:arcrole='http://www.xbrl.org/2003/arcrole/summation-item' xlink:from='loc_OilAndGasPropertySuccessfulEffortMethodGross' xlink:to='loc_ProvedOilAndGasPropertySuccessfulEffortMethod' xlink:type='arc' />
<calculationArc order='20' weight='-1.0' xlink:arcrole='http://www.xbrl.org/2003/arcrole/summation-item' xlink:from='loc_OilAndGasPropertySuccessfulEffortMethodNet' xlink:to='loc_OilAndGasPropertySuccessfulEffortMethodAccumulatedImpairment' xlink:type='arc' />
<calculationArc order='30' weight='-1.0' xlink:arcrole='http://www.xbrl.org/2003/arcrole/summation-item' xlink:from='loc_OilAndGasPropertySuccessfulEffortMethodNet' xlink:to='loc_OilAndGasPropertySuccessfulEffortMethodAccumulatedDepreciationDepletionAndAmortization' xlink:type='arc' />
<calculationArc order='40' weight='1.0' xlink:arcrole='http://www.xbrl.org/2003/arcrole/summation-item' xlink:from='loc_OilAndGasPropertySuccessfulEffortMethodNet' xlink:to='loc_OtherOilAndGasPropertySuccessfulEffortMethod' xlink:type='arc' />
<calculationArc order='10' weight='1.0' xlink:arcrole='http://www.xbrl.org/2003/arcrole/summation-item' xlink:from='loc_OilAndGasRevenue' xlink:to='loc_OilAndGasSalesRevenue' xlink:type='arc' />
<calculationArc order='20' weight='1.0' xlink:arcrole='http://www.xbrl.org/2003/arcrole/summation-item' xlink:from='loc_OilAndGasRevenue' xlink:to='loc_SyntheticFuelSalesRevenue' xlink:type='arc' />
<calculationArc order='30' weight='1.0' xlink:arcrole='http://www.xbrl.org/2003/arcrole/summation-item' xlink:from='loc_OilAndGasRevenue' xlink:to='loc_OtherAlternativeEnergySalesRevenue' xlink:type='arc' />
<calculationArc order='40' weight='1.0' xlink:arcrole='http://www.xbrl.org/2003/arcrole/summation-item' xlink:from='loc_OilAndGasRevenue' xlink:to='loc_BinderSalesRevenue' xlink:type='arc' />
<calculationArc order='50' weight='1.0' xlink:arcrole='http://www.xbrl.org/2003/arcrole/summation-item' xlink:from='loc_OilAndGasRevenue' xlink:to='loc_ExplorationAndProductionRevenue' xlink:type='arc' />
<calculationArc order='60' weight='1.0' xlink:arcrole='http://www.xbrl.org/2003/arcrole/summation-item' xlink:from='loc_OilAndGasRevenue' xlink:to='loc_NaturalGasMidstreamRevenue' xlink:type='arc' />
<calculationArc order='10' weight='1.0' xlink:arcrole='http://www.xbrl.org/2003/arcrole/summation-item' xlink:from='loc_NaturalGasMidstreamRevenue' xlink:to='loc_NaturalGasStorageRevenue' xlink:type='arc' />
<calculationArc order='20' weight='1.0' xlink:arcrole='http://www.xbrl.org/2003/arcrole/summation-item' xlink:from='loc_NaturalGasMidstreamRevenue' xlink:to='loc_FractionationRevenue' xlink:type='arc' />
<calculationArc order='70' weight='1.0' xlink:arcrole='http://www.xbrl.org/2003/arcrole/summation-item' xlink:from='loc_OilAndGasRevenue' xlink:to='loc_RefiningAndMarketingRevenue' xlink:type='arc' />
<calculationArc order='80' weight='1.0' xlink:arcrole='http://www.xbrl.org/2003/arcrole/summation-item' xlink:from='loc_OilAndGasRevenue' xlink:to='loc_MarineServicesRevenue' xlink:type='arc' />
<calculationArc order='90' weight='1.0' xlink:arcrole='http://www.xbrl.org/2003/arcrole/summation-item' xlink:from='loc_OilAndGasRevenue' xlink:to='loc_NaturalGasProductionRevenue' xlink:type='arc' />
<calculationArc order='100' weight='1.0' xlink:arcrole='http://www.xbrl.org/2003/arcrole/summation-item' xlink:from='loc_OilAndGasRevenue' xlink:to='loc_BrokeredNaturalGasMarginRevenue' xlink:type='arc' />
<calculationArc order='110' weight='1.0' xlink:arcrole='http://www.xbrl.org/2003/arcrole/summation-item' xlink:from='loc_OilAndGasRevenue' xlink:to='loc_PropaneRevenue' xlink:type='arc' />
<calculationArc order='120' weight='1.0' xlink:arcrole='http://www.xbrl.org/2003/arcrole/summation-item' xlink:from='loc_OilAndGasRevenue' xlink:to='loc_RevenueFromPurchasedOilAndGas' xlink:type='arc' />
<calculationArc order='130' weight='1.0' xlink:arcrole='http://www.xbrl.org/2003/arcrole/summation-item' xlink:from='loc_OilAndGasRevenue' xlink:to='loc_OilAndCondensateRevenue' xlink:type='arc' />
<calculationArc order='140' weight='1.0' xlink:arcrole='http://www.xbrl.org/2003/arcrole/summation-item' xlink:from='loc_OilAndGasRevenue' xlink:to='loc_GasGatheringTransportationMarketingAndProcessingRevenue' xlink:type='arc' />
<calculationArc order='10' use='optional' weight='1.0' xlink:arcrole='http://www.xbrl.org/2003/arcrole/summation-item' xlink:from='loc_ResultsOfOperationsOilAndGasProducingActivitiesNetIncomeExcludingCorporateOverheadAndInterestCosts' xlink:to='loc_ResultsOfOperationsIncomeBeforeIncomeTaxes' xlink:type='arc' />
<calculationArc order='10' use='optional' weight='1.0' xlink:arcrole='http://www.xbrl.org/2003/arcrole/summation-item' xlink:from='loc_ResultsOfOperationsIncomeBeforeIncomeTaxes' xlink:to='loc_ResultsOfOperationsRevenueFromOilAndGasProducingActivities' xlink:type='arc' />
<calculationArc order='10' use='optional' weight='1.0' xlink:arcrole='http://www.xbrl.org/2003/arcrole/summation-item' xlink:from='loc_ResultsOfOperationsRevenueFromOilAndGasProducingActivities' xlink:to='loc_ResultsOfOperationsSalesRevenueToUnaffiliatedEnterprises' xlink:type='arc' />
<calculationArc order='20' weight='1.0' xlink:arcrole='http://www.xbrl.org/2003/arcrole/summation-item' xlink:from='loc_ResultsOfOperationsRevenueFromOilAndGasProducingActivities' xlink:to='loc_ResultsOfOperationsSalesOrTransfersToEntitysOtherOperations' xlink:type='arc' />
<calculationArc order='30' use='optional' weight='1.0' xlink:arcrole='http://www.xbrl.org/2003/arcrole/summation-item' xlink:from='loc_ResultsOfOperationsRevenueFromOilAndGasProducingActivities' xlink:to='loc_ResultsOfOperationsRevenueOther' xlink:type='arc' />
<calculationArc order='20' use='optional' weight='-1.0' xlink:arcrole='http://www.xbrl.org/2003/arcrole/summation-item' xlink:from='loc_ResultsOfOperationsIncomeBeforeIncomeTaxes' xlink:to='loc_ResultsOfOperationsProductionOrLiftingCosts' xlink:type='arc' />
<calculationArc order='30' use='optional' weight='-1.0' xlink:arcrole='http://www.xbrl.org/2003/arcrole/summation-item' xlink:from='loc_ResultsOfOperationsIncomeBeforeIncomeTaxes' xlink:to='loc_ResultsOfOperationsExplorationExpense' xlink:type='arc' />
<calculationArc order='40' use='optional' weight='-1.0' xlink:arcrole='http://www.xbrl.org/2003/arcrole/summation-item' xlink:from='loc_ResultsOfOperationsIncomeBeforeIncomeTaxes' xlink:to='loc_ResultsOfOperationsDryHoleCosts' xlink:type='arc' />
<calculationArc order='50' use='optional' weight='-1.0' xlink:arcrole='http://www.xbrl.org/2003/arcrole/summation-item' xlink:from='loc_ResultsOfOperationsIncomeBeforeIncomeTaxes' xlink:to='loc_ResultsOfOperationsTransportationCosts' xlink:type='arc' />
<calculationArc order='60' use='optional' weight='-1.0' xlink:arcrole='http://www.xbrl.org/2003/arcrole/summation-item' xlink:from='loc_ResultsOfOperationsIncomeBeforeIncomeTaxes' xlink:to='loc_ResultsOfOperationsDepreciationDepletionAndAmortizationAndValuationProvisions' xlink:type='arc' />
<calculationArc order='70' use='optional' weight='-1.0' xlink:arcrole='http://www.xbrl.org/2003/arcrole/summation-item' xlink:from='loc_ResultsOfOperationsIncomeBeforeIncomeTaxes' xlink:to='loc_ResultsOfOperationsImpairmentOfOilAndGasProperties' xlink:type='arc' />
<calculationArc order='80' use='optional' weight='-1.0' xlink:arcrole='http://www.xbrl.org/2003/arcrole/summation-item' xlink:from='loc_ResultsOfOperationsIncomeBeforeIncomeTaxes' xlink:to='loc_ResultsOfOperationsAccretionOfAssetRetirementObligations' xlink:type='arc' />
<calculationArc order='90' use='optional' weight='-1.0' xlink:arcrole='http://www.xbrl.org/2003/arcrole/summation-item' xlink:from='loc_ResultsOfOperationsIncomeBeforeIncomeTaxes' xlink:to='loc_ResultsOfOperationsGeneralAndAdministrativeRelatedToOilAndGasProducingActivities' xlink:type='arc' />
<calculationArc order='100' use='optional' weight='-1.0' xlink:arcrole='http://www.xbrl.org/2003/arcrole/summation-item' xlink:from='loc_ResultsOfOperationsIncomeBeforeIncomeTaxes' xlink:to='loc_ResultsOfOperationsExpenseOther' xlink:type='arc' />
<calculationArc order='20' use='optional' weight='-1.0' xlink:arcrole='http://www.xbrl.org/2003/arcrole/summation-item' xlink:from='loc_ResultsOfOperationsOilAndGasProducingActivitiesNetIncomeExcludingCorporateOverheadAndInterestCosts' xlink:to='loc_ResultsOfOperationsIncomeTaxExpense' xlink:type='arc' />
<calculationArc order='10' weight='1.0' xlink:arcrole='http://www.xbrl.org/2003/arcrole/summation-item' xlink:from='loc_RevenueMineralSales' xlink:to='loc_GoldProductsAndServicesRevenue' xlink:type='arc' />
<calculationArc order='20' weight='1.0' xlink:arcrole='http://www.xbrl.org/2003/arcrole/summation-item' xlink:from='loc_RevenueMineralSales' xlink:to='loc_CoalProductsAndServicesRevenue' xlink:type='arc' />
<calculationArc order='30' weight='1.0' xlink:arcrole='http://www.xbrl.org/2003/arcrole/summation-item' xlink:from='loc_RevenueMineralSales' xlink:to='loc_ChemicalsRevenue' xlink:type='arc' />
<calculationArc order='10' weight='1.0' xlink:arcrole='http://www.xbrl.org/2003/arcrole/summation-item' xlink:from='loc_ProvedDevelopedAndUndevelopedReservesPeriodIncreaseDecrease' xlink:to='loc_ProvedDevelopedAndUndevelopedReservesRevisionsOfPreviousEstimatesIncreaseDecrease' xlink:type='arc' />
<calculationArc order='20' weight='1.0' xlink:arcrole='http://www.xbrl.org/2003/arcrole/summation-item' xlink:from='loc_ProvedDevelopedAndUndevelopedReservesPeriodIncreaseDecrease' xlink:to='loc_ProvedDevelopedAndUndevelopedReservesImprovedRecovery' xlink:type='arc' />
<calculationArc order='30' weight='1.0' xlink:arcrole='http://www.xbrl.org/2003/arcrole/summation-item' xlink:from='loc_ProvedDevelopedAndUndevelopedReservesPeriodIncreaseDecrease' xlink:to='loc_ProvedDevelopedAndUndevelopedReservesPurchasesOfMineralsInPlace' xlink:type='arc' />
<calculationArc order='40' weight='1.0' xlink:arcrole='http://www.xbrl.org/2003/arcrole/summation-item' xlink:from='loc_ProvedDevelopedAndUndevelopedReservesPeriodIncreaseDecrease' xlink:to='loc_ProvedDevelopedAndUndevelopedReservesExtensionsDiscoveriesAndAdditions' xlink:type='arc' />
<calculationArc order='50' weight='-1.0' xlink:arcrole='http://www.xbrl.org/2003/arcrole/summation-item' xlink:from='loc_ProvedDevelopedAndUndevelopedReservesPeriodIncreaseDecrease' xlink:to='loc_ProvedDevelopedAndUndevelopedReservesProduction' xlink:type='arc' />
<calculationArc order='60' weight='-1.0' xlink:arcrole='http://www.xbrl.org/2003/arcrole/summation-item' xlink:from='loc_ProvedDevelopedAndUndevelopedReservesPeriodIncreaseDecrease' xlink:to='loc_ProvedDevelopedAndUndevelopedReservesSalesOfMineralsInPlace' xlink:type='arc' />
<calculationArc order='10' weight='1.0' xlink:arcrole='http://www.xbrl.org/2003/arcrole/summation-item' xlink:from='loc_CapitalizedExploratoryWellCosts' xlink:to='loc_CapitalizedExploratoryWellCostsThatHaveBeenCapitalizedForPeriodOfOneYearOrLess' xlink:type='arc' />
<calculationArc order='20' weight='1.0' xlink:arcrole='http://www.xbrl.org/2003/arcrole/summation-item' xlink:from='loc_CapitalizedExploratoryWellCosts' xlink:to='loc_CapitalizedExploratoryWellCostsThatHaveBeenCapitalizedForPeriodGreaterThanOneYear' xlink:type='arc' />
<calculationArc order='10' weight='1.0' xlink:arcrole='http://www.xbrl.org/2003/arcrole/summation-item' xlink:from='loc_CapitalizedExploratoryWellCostsPeriodIncreaseDecrease' xlink:to='loc_CapitalizedExploratoryWellCostsAdditionsPendingDeterminationOfProvedReserves' xlink:type='arc' />
<calculationArc order='20' weight='-1.0' xlink:arcrole='http://www.xbrl.org/2003/arcrole/summation-item' xlink:from='loc_CapitalizedExploratoryWellCostsPeriodIncreaseDecrease' xlink:to='loc_ReclassificationToWellsFacilitiesAndEquipmentBasedOnDeterminationOfProvedReserves' xlink:type='arc' />
<calculationArc order='30' weight='-1.0' xlink:arcrole='http://www.xbrl.org/2003/arcrole/summation-item' xlink:from='loc_CapitalizedExploratoryWellCostsPeriodIncreaseDecrease' xlink:to='loc_CapitalizedExploratoryWellCostsChargedToExpense' xlink:type='arc' />
<calculationArc order='10' weight='1.0' xlink:arcrole='http://www.xbrl.org/2003/arcrole/summation-item' xlink:from='loc_CapitalizedCostsOfUnprovedPropertiesExcludedFromAmortization' xlink:to='loc_AcquisitionCosts' xlink:type='arc' />
<calculationArc order='20' weight='1.0' xlink:arcrole='http://www.xbrl.org/2003/arcrole/summation-item' xlink:from='loc_CapitalizedCostsOfUnprovedPropertiesExcludedFromAmortization' xlink:to='loc_ExplorationCosts' xlink:type='arc' />
<calculationArc order='30' weight='1.0' xlink:arcrole='http://www.xbrl.org/2003/arcrole/summation-item' xlink:from='loc_CapitalizedCostsOfUnprovedPropertiesExcludedFromAmortization' xlink:to='loc_DevelopmentCosts' xlink:type='arc' />
<calculationArc order='40' weight='1.0' xlink:arcrole='http://www.xbrl.org/2003/arcrole/summation-item' xlink:from='loc_CapitalizedCostsOfUnprovedPropertiesExcludedFromAmortization' xlink:to='loc_ProductionCosts' xlink:type='arc' />
</calculationLink>
</link:linkbase>
