<?xml version="1.0" encoding="UTF-8" standalone="no"?>

<!--
Copyright (C) 2007, 2008 XBRL US, Inc. All Rights Reserved.
Authorized Uses are Set Forth at http://xbrl.us/legal
  -->
<link:linkbase xmlns:link='http://www.xbrl.org/2003/linkbase' xmlns:xbrldt='http://xbrl.org/2005/xbrldt' xmlns:xlink='http://www.w3.org/1999/xlink' xmlns:xsi='http://www.w3.org/2001/XMLSchema-instance' xsi:schemaLocation='http://www.xbrl.org/2003/linkbase http://www.xbrl.org/2003/xbrl-linkbase-2003-12-31.xsd'>
<link:roleRef roleURI='http://xbrl.us/us-gaap/role/disclosure/LeasesSaleAndLeaseback' xlink:href='../elts/us-roles-2008-03-31.xsd#leasl' xlink:type='simple' />
<link:arcroleRef arcroleURI='http://xbrl.org/int/dim/arcrole/all' xlink:href='http://www.xbrl.org/2005/xbrldt-2005.xsd#all' xlink:type='simple' />
<link:arcroleRef arcroleURI='http://xbrl.org/int/dim/arcrole/hypercube-dimension' xlink:href='http://www.xbrl.org/2005/xbrldt-2005.xsd#hypercube-dimension' xlink:type='simple' />
<link:arcroleRef arcroleURI='http://xbrl.org/int/dim/arcrole/dimension-domain' xlink:href='http://www.xbrl.org/2005/xbrldt-2005.xsd#dimension-domain' xlink:type='simple' />
<link:arcroleRef arcroleURI='http://xbrl.org/int/dim/arcrole/dimension-default' xlink:href='http://www.xbrl.org/2005/xbrldt-2005.xsd#dimension-default' xlink:type='simple' />
<link:arcroleRef arcroleURI='http://xbrl.org/int/dim/arcrole/domain-member' xlink:href='http://www.xbrl.org/2005/xbrldt-2005.xsd#domain-member' xlink:type='simple' />
<link:definitionLink xlink:role='http://xbrl.us/us-gaap/role/disclosure/LeasesSaleAndLeaseback' xlink:type='extended'>
<link:loc xlink:href='../elts/us-gaap-2008-03-31.xsd#us-gaap_SaleLeasebackTransactionTable' xlink:label='loc_SaleLeasebackTransactionTable' xlink:type='locator' />
<link:loc xlink:href='../elts/us-gaap-2008-03-31.xsd#us-gaap_SaleLeasebackTransactionLineItems' xlink:label='loc_SaleLeasebackTransactionLineItems' xlink:type='locator' />
<link:definitionArc order='1.0' xbrldt:contextElement='segment' xlink:arcrole='http://xbrl.org/int/dim/arcrole/all' xlink:from='loc_SaleLeasebackTransactionLineItems' xlink:to='loc_SaleLeasebackTransactionTable' xlink:type='arc' />
</link:definitionLink>
<link:definitionLink xlink:role='http://xbrl.us/us-gaap/role/disclosure/LeasesSaleAndLeaseback' xlink:type='extended'>
<link:loc xlink:href='../elts/us-gaap-2008-03-31.xsd#us-gaap_SaleLeasebackTransactionTable' xlink:label='loc_SaleLeasebackTransactionTable' xlink:type='locator' />
<link:loc xlink:href='../elts/us-gaap-2008-03-31.xsd#us-gaap_SaleLeasebackTransactionDescriptionAxis' xlink:label='loc_SaleLeasebackTransactionDescriptionAxis' xlink:type='locator' />
<link:definitionArc order='1.0' xlink:arcrole='http://xbrl.org/int/dim/arcrole/hypercube-dimension' xlink:from='loc_SaleLeasebackTransactionTable' xlink:to='loc_SaleLeasebackTransactionDescriptionAxis' xlink:type='arc' />
</link:definitionLink>
<link:definitionLink xlink:role='http://xbrl.us/us-gaap/role/disclosure/LeasesSaleAndLeaseback' xlink:type='extended'>
<link:loc xlink:href='../elts/us-gaap-2008-03-31.xsd#us-gaap_SaleLeasebackTransactionDescriptionAxis' xlink:label='loc_SaleLeasebackTransactionDescriptionAxis' xlink:type='locator' />
<link:loc xlink:href='../elts/us-gaap-2008-03-31.xsd#us-gaap_SaleLeasebackTransactionNameDomain' xlink:label='loc_SaleLeasebackTransactionNameDomain' xlink:type='locator' />
<link:definitionArc order='1.0' xlink:arcrole='http://xbrl.org/int/dim/arcrole/dimension-domain' xlink:from='loc_SaleLeasebackTransactionDescriptionAxis' xlink:to='loc_SaleLeasebackTransactionNameDomain' xlink:type='arc' />
</link:definitionLink>
<link:definitionLink xlink:role='http://xbrl.us/us-gaap/role/disclosure/LeasesSaleAndLeaseback' xlink:type='extended'>
<link:loc xlink:href='../elts/us-gaap-2008-03-31.xsd#us-gaap_SaleLeasebackTransactionDescriptionAxis' xlink:label='loc_SaleLeasebackTransactionDescriptionAxis' xlink:type='locator' />
<link:loc xlink:href='../elts/us-gaap-2008-03-31.xsd#us-gaap_SaleLeasebackTransactionNameDomain' xlink:label='loc_SaleLeasebackTransactionNameDomain' xlink:type='locator' />
<link:definitionArc order='1.0' xlink:arcrole='http://xbrl.org/int/dim/arcrole/dimension-default' xlink:from='loc_SaleLeasebackTransactionDescriptionAxis' xlink:to='loc_SaleLeasebackTransactionNameDomain' xlink:type='arc' />
</link:definitionLink>
<link:definitionLink xlink:role='http://xbrl.us/us-gaap/role/disclosure/LeasesSaleAndLeaseback' xlink:type='extended'>
<link:loc xlink:href='../elts/us-gaap-2008-03-31.xsd#us-gaap_SaleLeasebackTransactionLineItems' xlink:label='loc_SaleLeasebackTransactionLineItems' xlink:type='locator' />
<link:loc xlink:href='../elts/us-gaap-2008-03-31.xsd#us-gaap_SaleLeasebackTransactionDescription' xlink:label='loc_SaleLeasebackTransactionDescription' xlink:type='locator' />
<link:loc xlink:href='../elts/us-gaap-2008-03-31.xsd#us-gaap_SaleLeasebackTransactionDate' xlink:label='loc_SaleLeasebackTransactionDate' xlink:type='locator' />
<link:loc xlink:href='../elts/us-gaap-2008-03-31.xsd#us-gaap_SaleLeasebackTransactionDescriptionOfAssetS' xlink:label='loc_SaleLeasebackTransactionDescriptionOfAssetS' xlink:type='locator' />
<link:loc xlink:href='../elts/us-gaap-2008-03-31.xsd#us-gaap_SaleLeasebackTransactionNetBookValueAbstract' xlink:label='loc_SaleLeasebackTransactionNetBookValueAbstract' xlink:type='locator' />
<link:loc xlink:href='../elts/us-gaap-2008-03-31.xsd#us-gaap_SaleLeasebackTransactionGrossProceeds' xlink:label='loc_SaleLeasebackTransactionGrossProceeds' xlink:type='locator' />
<link:loc xlink:href='../elts/us-gaap-2008-03-31.xsd#us-gaap_SaleLeasebackTransactionNetProceeds' xlink:label='loc_SaleLeasebackTransactionNetProceeds' xlink:type='locator' />
<link:loc xlink:href='../elts/us-gaap-2008-03-31.xsd#us-gaap_SaleLeasebackTransactionDeferredGainNetAbstract' xlink:label='loc_SaleLeasebackTransactionDeferredGainNetAbstract' xlink:type='locator' />
<link:loc xlink:href='../elts/us-gaap-2008-03-31.xsd#us-gaap_SaleLeasebackTransactionCurrentPeriodGainRecognized' xlink:label='loc_SaleLeasebackTransactionCurrentPeriodGainRecognized' xlink:type='locator' />
<link:loc xlink:href='../elts/us-gaap-2008-03-31.xsd#us-gaap_SaleLeasebackTransactionDescriptionOfAccountingForLeaseback' xlink:label='loc_SaleLeasebackTransactionDescriptionOfAccountingForLeaseback' xlink:type='locator' />
<link:loc xlink:href='../elts/us-gaap-2008-03-31.xsd#us-gaap_SaleLeasebackTransactionLeaseTerms' xlink:label='loc_SaleLeasebackTransactionLeaseTerms' xlink:type='locator' />
<link:loc xlink:href='../elts/us-gaap-2008-03-31.xsd#us-gaap_SaleLeasebackTransactionImputedInterestRate' xlink:label='loc_SaleLeasebackTransactionImputedInterestRate' xlink:type='locator' />
<link:loc xlink:href='../elts/us-gaap-2008-03-31.xsd#us-gaap_SaleLeasebackTransactionMonthlyRentalPayments' xlink:label='loc_SaleLeasebackTransactionMonthlyRentalPayments' xlink:type='locator' />
<link:loc xlink:href='../elts/us-gaap-2008-03-31.xsd#us-gaap_SaleLeasebackTransactionQuarterlyRentalPayments' xlink:label='loc_SaleLeasebackTransactionQuarterlyRentalPayments' xlink:type='locator' />
<link:loc xlink:href='../elts/us-gaap-2008-03-31.xsd#us-gaap_SaleLeasebackTransactionAnnualRentalPayments' xlink:label='loc_SaleLeasebackTransactionAnnualRentalPayments' xlink:type='locator' />
<link:loc xlink:href='../elts/us-gaap-2008-03-31.xsd#us-gaap_SaleLeasebackTransactionOtherPaymentsRequired' xlink:label='loc_SaleLeasebackTransactionOtherPaymentsRequired' xlink:type='locator' />
<link:loc xlink:href='../elts/us-gaap-2008-03-31.xsd#us-gaap_SaleLeasebackTransactionAmountDueUnderFinancingArrangement' xlink:label='loc_SaleLeasebackTransactionAmountDueUnderFinancingArrangement' xlink:type='locator' />
<link:loc xlink:href='../elts/us-gaap-2008-03-31.xsd#us-gaap_SaleLeasebackTransactionRentExpense' xlink:label='loc_SaleLeasebackTransactionRentExpense' xlink:type='locator' />
<link:loc xlink:href='../elts/us-gaap-2008-03-31.xsd#us-gaap_SaleLeasebackTransactionRelatedPartyTransaction' xlink:label='loc_SaleLeasebackTransactionRelatedPartyTransaction' xlink:type='locator' />
<link:loc xlink:href='../elts/us-gaap-2008-03-31.xsd#us-gaap_SaleLeasebackTransactionCircumstancesRequiringContinuingInvolvement' xlink:label='loc_SaleLeasebackTransactionCircumstancesRequiringContinuingInvolvement' xlink:type='locator' />
<link:loc xlink:href='../elts/us-gaap-2008-03-31.xsd#us-gaap_SaleLeasebackTransactionOtherInformation' xlink:label='loc_SaleLeasebackTransactionOtherInformation' xlink:type='locator' />
<link:loc xlink:href='../elts/us-gaap-2008-03-31.xsd#us-gaap_SaleLeasebackTransactionHistoricalCost' xlink:label='loc_SaleLeasebackTransactionHistoricalCost' xlink:type='locator' />
<link:loc xlink:href='../elts/us-gaap-2008-03-31.xsd#us-gaap_SaleLeasebackTransactionAccumulatedDepreciation' xlink:label='loc_SaleLeasebackTransactionAccumulatedDepreciation' xlink:type='locator' />
<link:loc xlink:href='../elts/us-gaap-2008-03-31.xsd#us-gaap_SaleLeasebackTransactionNetBookValue' xlink:label='loc_SaleLeasebackTransactionNetBookValue' xlink:type='locator' />
<link:loc xlink:href='../elts/us-gaap-2008-03-31.xsd#us-gaap_SaleLeasebackTransactionDeferredGainGross' xlink:label='loc_SaleLeasebackTransactionDeferredGainGross' xlink:type='locator' />
<link:loc xlink:href='../elts/us-gaap-2008-03-31.xsd#us-gaap_SaleLeasebackTransactionCumulativeGainRecognized' xlink:label='loc_SaleLeasebackTransactionCumulativeGainRecognized' xlink:type='locator' />
<link:loc xlink:href='../elts/us-gaap-2008-03-31.xsd#us-gaap_SaleLeasebackTransactionDeferredGainNet' xlink:label='loc_SaleLeasebackTransactionDeferredGainNet' xlink:type='locator' />
<link:definitionArc order='1.0' xlink:arcrole='http://xbrl.org/int/dim/arcrole/domain-member' xlink:from='loc_SaleLeasebackTransactionLineItems' xlink:to='loc_SaleLeasebackTransactionDescription' xlink:type='arc' />
<link:definitionArc order='2.0' xlink:arcrole='http://xbrl.org/int/dim/arcrole/domain-member' xlink:from='loc_SaleLeasebackTransactionLineItems' xlink:to='loc_SaleLeasebackTransactionDate' xlink:type='arc' />
<link:definitionArc order='3.0' xlink:arcrole='http://xbrl.org/int/dim/arcrole/domain-member' xlink:from='loc_SaleLeasebackTransactionLineItems' xlink:to='loc_SaleLeasebackTransactionDescriptionOfAssetS' xlink:type='arc' />
<link:definitionArc order='4.0' xlink:arcrole='http://xbrl.org/int/dim/arcrole/domain-member' xlink:from='loc_SaleLeasebackTransactionLineItems' xlink:to='loc_SaleLeasebackTransactionNetBookValueAbstract' xlink:type='arc' />
<link:definitionArc order='5.0' xlink:arcrole='http://xbrl.org/int/dim/arcrole/domain-member' xlink:from='loc_SaleLeasebackTransactionLineItems' xlink:to='loc_SaleLeasebackTransactionGrossProceeds' xlink:type='arc' />
<link:definitionArc order='6.0' xlink:arcrole='http://xbrl.org/int/dim/arcrole/domain-member' xlink:from='loc_SaleLeasebackTransactionLineItems' xlink:to='loc_SaleLeasebackTransactionNetProceeds' xlink:type='arc' />
<link:definitionArc order='7.0' xlink:arcrole='http://xbrl.org/int/dim/arcrole/domain-member' xlink:from='loc_SaleLeasebackTransactionLineItems' xlink:to='loc_SaleLeasebackTransactionDeferredGainNetAbstract' xlink:type='arc' />
<link:definitionArc order='8.0' xlink:arcrole='http://xbrl.org/int/dim/arcrole/domain-member' xlink:from='loc_SaleLeasebackTransactionLineItems' xlink:to='loc_SaleLeasebackTransactionCurrentPeriodGainRecognized' xlink:type='arc' />
<link:definitionArc order='9.0' xlink:arcrole='http://xbrl.org/int/dim/arcrole/domain-member' xlink:from='loc_SaleLeasebackTransactionLineItems' xlink:to='loc_SaleLeasebackTransactionDescriptionOfAccountingForLeaseback' xlink:type='arc' />
<link:definitionArc order='10.0' xlink:arcrole='http://xbrl.org/int/dim/arcrole/domain-member' xlink:from='loc_SaleLeasebackTransactionLineItems' xlink:to='loc_SaleLeasebackTransactionLeaseTerms' xlink:type='arc' />
<link:definitionArc order='11.0' xlink:arcrole='http://xbrl.org/int/dim/arcrole/domain-member' xlink:from='loc_SaleLeasebackTransactionLineItems' xlink:to='loc_SaleLeasebackTransactionImputedInterestRate' xlink:type='arc' />
<link:definitionArc order='12.0' xlink:arcrole='http://xbrl.org/int/dim/arcrole/domain-member' xlink:from='loc_SaleLeasebackTransactionLineItems' xlink:to='loc_SaleLeasebackTransactionMonthlyRentalPayments' xlink:type='arc' />
<link:definitionArc order='13.0' xlink:arcrole='http://xbrl.org/int/dim/arcrole/domain-member' xlink:from='loc_SaleLeasebackTransactionLineItems' xlink:to='loc_SaleLeasebackTransactionQuarterlyRentalPayments' xlink:type='arc' />
<link:definitionArc order='14.0' xlink:arcrole='http://xbrl.org/int/dim/arcrole/domain-member' xlink:from='loc_SaleLeasebackTransactionLineItems' xlink:to='loc_SaleLeasebackTransactionAnnualRentalPayments' xlink:type='arc' />
<link:definitionArc order='15.0' xlink:arcrole='http://xbrl.org/int/dim/arcrole/domain-member' xlink:from='loc_SaleLeasebackTransactionLineItems' xlink:to='loc_SaleLeasebackTransactionOtherPaymentsRequired' xlink:type='arc' />
<link:definitionArc order='16.0' xlink:arcrole='http://xbrl.org/int/dim/arcrole/domain-member' xlink:from='loc_SaleLeasebackTransactionLineItems' xlink:to='loc_SaleLeasebackTransactionAmountDueUnderFinancingArrangement' xlink:type='arc' />
<link:definitionArc order='17.0' xlink:arcrole='http://xbrl.org/int/dim/arcrole/domain-member' xlink:from='loc_SaleLeasebackTransactionLineItems' xlink:to='loc_SaleLeasebackTransactionRentExpense' xlink:type='arc' />
<link:definitionArc order='18.0' xlink:arcrole='http://xbrl.org/int/dim/arcrole/domain-member' xlink:from='loc_SaleLeasebackTransactionLineItems' xlink:to='loc_SaleLeasebackTransactionRelatedPartyTransaction' xlink:type='arc' />
<link:definitionArc order='19.0' xlink:arcrole='http://xbrl.org/int/dim/arcrole/domain-member' xlink:from='loc_SaleLeasebackTransactionLineItems' xlink:to='loc_SaleLeasebackTransactionCircumstancesRequiringContinuingInvolvement' xlink:type='arc' />
<link:definitionArc order='20.0' xlink:arcrole='http://xbrl.org/int/dim/arcrole/domain-member' xlink:from='loc_SaleLeasebackTransactionLineItems' xlink:to='loc_SaleLeasebackTransactionOtherInformation' xlink:type='arc' />
<link:definitionArc order='21.0' xlink:arcrole='http://xbrl.org/int/dim/arcrole/domain-member' xlink:from='loc_SaleLeasebackTransactionNetBookValueAbstract' xlink:to='loc_SaleLeasebackTransactionHistoricalCost' xlink:type='arc' />
<link:definitionArc order='22.0' xlink:arcrole='http://xbrl.org/int/dim/arcrole/domain-member' xlink:from='loc_SaleLeasebackTransactionNetBookValueAbstract' xlink:to='loc_SaleLeasebackTransactionAccumulatedDepreciation' xlink:type='arc' />
<link:definitionArc order='23.0' xlink:arcrole='http://xbrl.org/int/dim/arcrole/domain-member' xlink:from='loc_SaleLeasebackTransactionNetBookValueAbstract' xlink:to='loc_SaleLeasebackTransactionNetBookValue' xlink:type='arc' />
<link:definitionArc order='24.0' xlink:arcrole='http://xbrl.org/int/dim/arcrole/domain-member' xlink:from='loc_SaleLeasebackTransactionDeferredGainNetAbstract' xlink:to='loc_SaleLeasebackTransactionDeferredGainGross' xlink:type='arc' />
<link:definitionArc order='25.0' xlink:arcrole='http://xbrl.org/int/dim/arcrole/domain-member' xlink:from='loc_SaleLeasebackTransactionDeferredGainNetAbstract' xlink:to='loc_SaleLeasebackTransactionCumulativeGainRecognized' xlink:type='arc' />
<link:definitionArc order='26.0' xlink:arcrole='http://xbrl.org/int/dim/arcrole/domain-member' xlink:from='loc_SaleLeasebackTransactionDeferredGainNetAbstract' xlink:to='loc_SaleLeasebackTransactionDeferredGainNet' xlink:type='arc' />
</link:definitionLink>
<link:definitionLink xlink:role='http://xbrl.us/us-gaap/role/disclosure/LeasesSaleAndLeaseback' xlink:type='extended' />
</link:linkbase>
