<?xml version="1.0" encoding="UTF-8" standalone="no"?>

<!--
Copyright (C) 2007, 2008 XBRL US, Inc. All Rights Reserved.
Authorized Uses are Set Forth at http://xbrl.us/legal
  -->
<link:linkbase xmlns:link='http://www.xbrl.org/2003/linkbase' xmlns:xlink='http://www.w3.org/1999/xlink' xmlns:xsi='http://www.w3.org/2001/XMLSchema-instance' xsi:schemaLocation='http://www.xbrl.org/2003/linkbase http://www.xbrl.org/2003/xbrl-linkbase-2003-12-31.xsd'>
<link:roleRef roleURI='http://xbrl.us/us-gaap/role/disclosure/OtherLiabilities' xlink:href='../elts/us-roles-2008-03-31.xsd#othliab' xlink:type='simple' />
<calculationLink xlink:role='http://xbrl.us/us-gaap/role/disclosure/OtherLiabilities' xlink:type='extended' xmlns='http://www.xbrl.org/2003/linkbase'>
<link:loc xlink:href='../elts/us-gaap-2008-03-31.xsd#us-gaap_OtherLiabilitiesCurrent' xlink:label='loc_OtherLiabilitiesCurrent' xlink:type='locator' />
<link:loc xlink:href='../elts/us-gaap-2008-03-31.xsd#us-gaap_BillingsInExcessOfCost' xlink:label='loc_BillingsInExcessOfCost' xlink:type='locator' />
<link:loc xlink:href='../elts/us-gaap-2008-03-31.xsd#us-gaap_RestructuringReserveCurrent' xlink:label='loc_RestructuringReserveCurrent' xlink:type='locator' />
<link:loc xlink:href='../elts/us-gaap-2008-03-31.xsd#us-gaap_DepositLiabilityCurrent' xlink:label='loc_DepositLiabilityCurrent' xlink:type='locator' />
<link:loc xlink:href='../elts/us-gaap-2008-03-31.xsd#us-gaap_CustomerAdvancesAndDepositsCurrent' xlink:label='loc_CustomerAdvancesAndDepositsCurrent' xlink:type='locator' />
<link:loc xlink:href='../elts/us-gaap-2008-03-31.xsd#us-gaap_CustomerAdvancesCurrent' xlink:label='loc_CustomerAdvancesCurrent' xlink:type='locator' />
<link:loc xlink:href='../elts/us-gaap-2008-03-31.xsd#us-gaap_CustomerDepositsCurrent' xlink:label='loc_CustomerDepositsCurrent' xlink:type='locator' />
<link:loc xlink:href='../elts/us-gaap-2008-03-31.xsd#us-gaap_RefundableGasCosts' xlink:label='loc_RefundableGasCosts' xlink:type='locator' />
<link:loc xlink:href='../elts/us-gaap-2008-03-31.xsd#us-gaap_SharesSubjectToMandatoryRedemptionSettlementTermsAmountCurrent' xlink:label='loc_SharesSubjectToMandatoryRedemptionSettlementTermsAmountCurrent' xlink:type='locator' />
<link:loc xlink:href='../elts/us-gaap-2008-03-31.xsd#us-gaap_OtherSundryLiabilitiesCurrent' xlink:label='loc_OtherSundryLiabilitiesCurrent' xlink:type='locator' />
<link:loc xlink:href='../elts/us-gaap-2008-03-31.xsd#us-gaap_OtherLiabilitiesNoncurrent' xlink:label='loc_OtherLiabilitiesNoncurrent' xlink:type='locator' />
<link:loc xlink:href='../elts/us-gaap-2008-03-31.xsd#us-gaap_CoalSupplyAgreementObligationNoncurrent' xlink:label='loc_CoalSupplyAgreementObligationNoncurrent' xlink:type='locator' />
<link:loc xlink:href='../elts/us-gaap-2008-03-31.xsd#us-gaap_ContributionsInAidOfConstruction' xlink:label='loc_ContributionsInAidOfConstruction' xlink:type='locator' />
<link:loc xlink:href='../elts/us-gaap-2008-03-31.xsd#us-gaap_CustomerAdvancesOrDepositsNoncurrent' xlink:label='loc_CustomerAdvancesOrDepositsNoncurrent' xlink:type='locator' />
<link:loc xlink:href='../elts/us-gaap-2008-03-31.xsd#us-gaap_CustomerAdvancesNoncurrent' xlink:label='loc_CustomerAdvancesNoncurrent' xlink:type='locator' />
<link:loc xlink:href='../elts/us-gaap-2008-03-31.xsd#us-gaap_CustomerAdvancesForConstruction' xlink:label='loc_CustomerAdvancesForConstruction' xlink:type='locator' />
<link:loc xlink:href='../elts/us-gaap-2008-03-31.xsd#us-gaap_CustomerDepositsNoncurrent' xlink:label='loc_CustomerDepositsNoncurrent' xlink:type='locator' />
<link:loc xlink:href='../elts/us-gaap-2008-03-31.xsd#us-gaap_CustomerRefundLiabilityNoncurrent' xlink:label='loc_CustomerRefundLiabilityNoncurrent' xlink:type='locator' />
<link:loc xlink:href='../elts/us-gaap-2008-03-31.xsd#us-gaap_DerivativeLiabilitiesNoncurrent' xlink:label='loc_DerivativeLiabilitiesNoncurrent' xlink:type='locator' />
<link:loc xlink:href='../elts/us-gaap-2008-03-31.xsd#us-gaap_LiabilitiesOfDisposalGroupIncludingDiscontinuedOperationNoncurrent' xlink:label='loc_LiabilitiesOfDisposalGroupIncludingDiscontinuedOperationNoncurrent' xlink:type='locator' />
<link:loc xlink:href='../elts/us-gaap-2008-03-31.xsd#us-gaap_LiabilityAboveMarketForNonutilityGeneratorContractsNoncurrent' xlink:label='loc_LiabilityAboveMarketForNonutilityGeneratorContractsNoncurrent' xlink:type='locator' />
<link:loc xlink:href='../elts/us-gaap-2008-03-31.xsd#us-gaap_LitigationReserveNoncurrent' xlink:label='loc_LitigationReserveNoncurrent' xlink:type='locator' />
<link:loc xlink:href='../elts/us-gaap-2008-03-31.xsd#us-gaap_RegulatoryLiabilityNoncurrent' xlink:label='loc_RegulatoryLiabilityNoncurrent' xlink:type='locator' />
<link:loc xlink:href='../elts/us-gaap-2008-03-31.xsd#us-gaap_RestructuringReserveNoncurrent' xlink:label='loc_RestructuringReserveNoncurrent' xlink:type='locator' />
<link:loc xlink:href='../elts/us-gaap-2008-03-31.xsd#us-gaap_SelfInsuranceReserve' xlink:label='loc_SelfInsuranceReserve' xlink:type='locator' />
<link:loc xlink:href='../elts/us-gaap-2008-03-31.xsd#us-gaap_SharesSubjectToMandatoryRedemptionSettlementTermsAmountNoncurrent' xlink:label='loc_SharesSubjectToMandatoryRedemptionSettlementTermsAmountNoncurrent' xlink:type='locator' />
<link:loc xlink:href='../elts/us-gaap-2008-03-31.xsd#us-gaap_OtherNoncurrentLiabilities' xlink:label='loc_OtherNoncurrentLiabilities' xlink:type='locator' />
<link:loc xlink:href='../elts/us-gaap-2008-03-31.xsd#us-gaap_DeferredRevenueAndCredits' xlink:label='loc_DeferredRevenueAndCredits' xlink:type='locator' />
<link:loc xlink:href='../elts/us-gaap-2008-03-31.xsd#us-gaap_DeferredRevenue' xlink:label='loc_DeferredRevenue' xlink:type='locator' />
<link:loc xlink:href='../elts/us-gaap-2008-03-31.xsd#us-gaap_DeferredGainOnSaleOfProperty' xlink:label='loc_DeferredGainOnSaleOfProperty' xlink:type='locator' />
<link:loc xlink:href='../elts/us-gaap-2008-03-31.xsd#us-gaap_DeferredRentCredit' xlink:label='loc_DeferredRentCredit' xlink:type='locator' />
<link:loc xlink:href='../elts/us-gaap-2008-03-31.xsd#us-gaap_IncentiveFromLessor' xlink:label='loc_IncentiveFromLessor' xlink:type='locator' />
<link:loc xlink:href='../elts/us-gaap-2008-03-31.xsd#us-gaap_AdvanceRent' xlink:label='loc_AdvanceRent' xlink:type='locator' />
<link:loc xlink:href='../elts/us-gaap-2008-03-31.xsd#us-gaap_DeferredLeasingCommissions' xlink:label='loc_DeferredLeasingCommissions' xlink:type='locator' />
<link:loc xlink:href='../elts/us-gaap-2008-03-31.xsd#us-gaap_PensionAndOtherPostretirementAndPostemploymentBenefitPlansNoncurrentLiabilities' xlink:label='loc_PensionAndOtherPostretirementAndPostemploymentBenefitPlansNoncurrentLiabilities' xlink:type='locator' />
<link:loc xlink:href='../elts/us-gaap-2008-03-31.xsd#us-gaap_DefinedBenefitPensionPlanNoncurrentLiabilities' xlink:label='loc_DefinedBenefitPensionPlanNoncurrentLiabilities' xlink:type='locator' />
<link:loc xlink:href='../elts/us-gaap-2008-03-31.xsd#us-gaap_OtherPostretirementDefinedBenefitPlanNoncurrentLiabilities' xlink:label='loc_OtherPostretirementDefinedBenefitPlanNoncurrentLiabilities' xlink:type='locator' />
<link:loc xlink:href='../elts/us-gaap-2008-03-31.xsd#us-gaap_OtherPostretirementBenefitsPayable' xlink:label='loc_OtherPostretirementBenefitsPayable' xlink:type='locator' />
<link:loc xlink:href='../elts/us-gaap-2008-03-31.xsd#us-gaap_PostemploymentBenefitsLiability' xlink:label='loc_PostemploymentBenefitsLiability' xlink:type='locator' />
<calculationArc order='10' weight='1.0' xlink:arcrole='http://www.xbrl.org/2003/arcrole/summation-item' xlink:from='loc_OtherLiabilitiesCurrent' xlink:to='loc_BillingsInExcessOfCost' xlink:type='arc' />
<calculationArc order='20' weight='1.0' xlink:arcrole='http://www.xbrl.org/2003/arcrole/summation-item' xlink:from='loc_OtherLiabilitiesCurrent' xlink:to='loc_RestructuringReserveCurrent' xlink:type='arc' />
<calculationArc order='30' weight='1.0' xlink:arcrole='http://www.xbrl.org/2003/arcrole/summation-item' xlink:from='loc_OtherLiabilitiesCurrent' xlink:to='loc_DepositLiabilityCurrent' xlink:type='arc' />
<calculationArc order='40' weight='1.0' xlink:arcrole='http://www.xbrl.org/2003/arcrole/summation-item' xlink:from='loc_OtherLiabilitiesCurrent' xlink:to='loc_CustomerAdvancesAndDepositsCurrent' xlink:type='arc' />
<calculationArc order='10' weight='1.0' xlink:arcrole='http://www.xbrl.org/2003/arcrole/summation-item' xlink:from='loc_CustomerAdvancesAndDepositsCurrent' xlink:to='loc_CustomerAdvancesCurrent' xlink:type='arc' />
<calculationArc order='20' weight='1.0' xlink:arcrole='http://www.xbrl.org/2003/arcrole/summation-item' xlink:from='loc_CustomerAdvancesAndDepositsCurrent' xlink:to='loc_CustomerDepositsCurrent' xlink:type='arc' />
<calculationArc order='50' weight='1.0' xlink:arcrole='http://www.xbrl.org/2003/arcrole/summation-item' xlink:from='loc_OtherLiabilitiesCurrent' xlink:to='loc_RefundableGasCosts' xlink:type='arc' />
<calculationArc order='60' weight='1.0' xlink:arcrole='http://www.xbrl.org/2003/arcrole/summation-item' xlink:from='loc_OtherLiabilitiesCurrent' xlink:to='loc_SharesSubjectToMandatoryRedemptionSettlementTermsAmountCurrent' xlink:type='arc' />
<calculationArc order='70' weight='1.0' xlink:arcrole='http://www.xbrl.org/2003/arcrole/summation-item' xlink:from='loc_OtherLiabilitiesCurrent' xlink:to='loc_OtherSundryLiabilitiesCurrent' xlink:type='arc' />
<calculationArc order='10' weight='1.0' xlink:arcrole='http://www.xbrl.org/2003/arcrole/summation-item' xlink:from='loc_OtherLiabilitiesNoncurrent' xlink:to='loc_CoalSupplyAgreementObligationNoncurrent' xlink:type='arc' />
<calculationArc order='20' weight='1.0' xlink:arcrole='http://www.xbrl.org/2003/arcrole/summation-item' xlink:from='loc_OtherLiabilitiesNoncurrent' xlink:to='loc_ContributionsInAidOfConstruction' xlink:type='arc' />
<calculationArc order='30' weight='1.0' xlink:arcrole='http://www.xbrl.org/2003/arcrole/summation-item' xlink:from='loc_OtherLiabilitiesNoncurrent' xlink:to='loc_CustomerAdvancesOrDepositsNoncurrent' xlink:type='arc' />
<calculationArc order='10' weight='1.0' xlink:arcrole='http://www.xbrl.org/2003/arcrole/summation-item' xlink:from='loc_CustomerAdvancesOrDepositsNoncurrent' xlink:to='loc_CustomerAdvancesNoncurrent' xlink:type='arc' />
<calculationArc order='20' weight='1.0' xlink:arcrole='http://www.xbrl.org/2003/arcrole/summation-item' xlink:from='loc_CustomerAdvancesOrDepositsNoncurrent' xlink:to='loc_CustomerAdvancesForConstruction' xlink:type='arc' />
<calculationArc order='30' weight='1.0' xlink:arcrole='http://www.xbrl.org/2003/arcrole/summation-item' xlink:from='loc_CustomerAdvancesOrDepositsNoncurrent' xlink:to='loc_CustomerDepositsNoncurrent' xlink:type='arc' />
<calculationArc order='40' weight='1.0' xlink:arcrole='http://www.xbrl.org/2003/arcrole/summation-item' xlink:from='loc_OtherLiabilitiesNoncurrent' xlink:to='loc_CustomerRefundLiabilityNoncurrent' xlink:type='arc' />
<calculationArc order='50' weight='1.0' xlink:arcrole='http://www.xbrl.org/2003/arcrole/summation-item' xlink:from='loc_OtherLiabilitiesNoncurrent' xlink:to='loc_DerivativeLiabilitiesNoncurrent' xlink:type='arc' />
<calculationArc order='60' weight='1.0' xlink:arcrole='http://www.xbrl.org/2003/arcrole/summation-item' xlink:from='loc_OtherLiabilitiesNoncurrent' xlink:to='loc_LiabilitiesOfDisposalGroupIncludingDiscontinuedOperationNoncurrent' xlink:type='arc' />
<calculationArc order='70' weight='1.0' xlink:arcrole='http://www.xbrl.org/2003/arcrole/summation-item' xlink:from='loc_OtherLiabilitiesNoncurrent' xlink:to='loc_LiabilityAboveMarketForNonutilityGeneratorContractsNoncurrent' xlink:type='arc' />
<calculationArc order='80' weight='1.0' xlink:arcrole='http://www.xbrl.org/2003/arcrole/summation-item' xlink:from='loc_OtherLiabilitiesNoncurrent' xlink:to='loc_LitigationReserveNoncurrent' xlink:type='arc' />
<calculationArc order='90' weight='1.0' xlink:arcrole='http://www.xbrl.org/2003/arcrole/summation-item' xlink:from='loc_OtherLiabilitiesNoncurrent' xlink:to='loc_RegulatoryLiabilityNoncurrent' xlink:type='arc' />
<calculationArc order='100' weight='1.0' xlink:arcrole='http://www.xbrl.org/2003/arcrole/summation-item' xlink:from='loc_OtherLiabilitiesNoncurrent' xlink:to='loc_RestructuringReserveNoncurrent' xlink:type='arc' />
<calculationArc order='110' weight='1.0' xlink:arcrole='http://www.xbrl.org/2003/arcrole/summation-item' xlink:from='loc_OtherLiabilitiesNoncurrent' xlink:to='loc_SelfInsuranceReserve' xlink:type='arc' />
<calculationArc order='120' weight='1.0' xlink:arcrole='http://www.xbrl.org/2003/arcrole/summation-item' xlink:from='loc_OtherLiabilitiesNoncurrent' xlink:to='loc_SharesSubjectToMandatoryRedemptionSettlementTermsAmountNoncurrent' xlink:type='arc' />
<calculationArc order='130' weight='1.0' xlink:arcrole='http://www.xbrl.org/2003/arcrole/summation-item' xlink:from='loc_OtherLiabilitiesNoncurrent' xlink:to='loc_OtherNoncurrentLiabilities' xlink:type='arc' />
<calculationArc order='10' weight='1.0' xlink:arcrole='http://www.xbrl.org/2003/arcrole/summation-item' xlink:from='loc_DeferredRevenueAndCredits' xlink:to='loc_DeferredRevenue' xlink:type='arc' />
<calculationArc order='20' weight='1.0' xlink:arcrole='http://www.xbrl.org/2003/arcrole/summation-item' xlink:from='loc_DeferredRevenueAndCredits' xlink:to='loc_DeferredGainOnSaleOfProperty' xlink:type='arc' />
<calculationArc order='30' weight='1.0' xlink:arcrole='http://www.xbrl.org/2003/arcrole/summation-item' xlink:from='loc_DeferredRevenueAndCredits' xlink:to='loc_DeferredRentCredit' xlink:type='arc' />
<calculationArc order='40' weight='1.0' xlink:arcrole='http://www.xbrl.org/2003/arcrole/summation-item' xlink:from='loc_DeferredRevenueAndCredits' xlink:to='loc_IncentiveFromLessor' xlink:type='arc' />
<calculationArc order='50' weight='1.0' xlink:arcrole='http://www.xbrl.org/2003/arcrole/summation-item' xlink:from='loc_DeferredRevenueAndCredits' xlink:to='loc_AdvanceRent' xlink:type='arc' />
<calculationArc order='60' weight='1.0' xlink:arcrole='http://www.xbrl.org/2003/arcrole/summation-item' xlink:from='loc_DeferredRevenueAndCredits' xlink:to='loc_DeferredLeasingCommissions' xlink:type='arc' />
<calculationArc order='10' weight='1.0' xlink:arcrole='http://www.xbrl.org/2003/arcrole/summation-item' xlink:from='loc_PensionAndOtherPostretirementAndPostemploymentBenefitPlansNoncurrentLiabilities' xlink:to='loc_DefinedBenefitPensionPlanNoncurrentLiabilities' xlink:type='arc' />
<calculationArc order='20' weight='1.0' xlink:arcrole='http://www.xbrl.org/2003/arcrole/summation-item' xlink:from='loc_PensionAndOtherPostretirementAndPostemploymentBenefitPlansNoncurrentLiabilities' xlink:to='loc_OtherPostretirementDefinedBenefitPlanNoncurrentLiabilities' xlink:type='arc' />
<calculationArc order='30' weight='1.0' xlink:arcrole='http://www.xbrl.org/2003/arcrole/summation-item' xlink:from='loc_PensionAndOtherPostretirementAndPostemploymentBenefitPlansNoncurrentLiabilities' xlink:to='loc_OtherPostretirementBenefitsPayable' xlink:type='arc' />
<calculationArc order='40' weight='1.0' xlink:arcrole='http://www.xbrl.org/2003/arcrole/summation-item' xlink:from='loc_PensionAndOtherPostretirementAndPostemploymentBenefitPlansNoncurrentLiabilities' xlink:to='loc_PostemploymentBenefitsLiability' xlink:type='arc' />
</calculationLink>
</link:linkbase>
