<?xml version="1.0" encoding="UTF-8" standalone="no"?>

<!--
Copyright (C) 2007, 2008 XBRL US, Inc. All Rights Reserved.
Authorized Uses are Set Forth at http://xbrl.us/legal
  -->
<link:linkbase xmlns:link='http://www.xbrl.org/2003/linkbase' xmlns:xlink='http://www.w3.org/1999/xlink' xmlns:xsi='http://www.w3.org/2001/XMLSchema-instance' xsi:schemaLocation='http://www.xbrl.org/2003/linkbase http://www.xbrl.org/2003/xbrl-linkbase-2003-12-31.xsd'>
<link:roleRef roleURI='http://xbrl.us/us-gaap/role/disclosure/FinancialInstrumentsFairValueDisclosures' xlink:href='../elts/us-roles-2008-03-31.xsd#fifvd' xlink:type='simple' />
<calculationLink xlink:role='http://xbrl.us/us-gaap/role/disclosure/FinancialInstrumentsFairValueDisclosures' xlink:type='extended' xmlns='http://www.xbrl.org/2003/linkbase'>
<link:loc xlink:href='../elts/us-gaap-2008-03-31.xsd#us-gaap_FairValueMeasurementWithUnobservableInputsReconciliationRecurringBasisAssetPeriodIncreaseDecrease' xlink:label='loc_FairValueMeasurementWithUnobservableInputsReconciliationRecurringBasisAssetPeriodIncreaseDecrease' xlink:type='locator' />
<link:loc xlink:href='../elts/us-gaap-2008-03-31.xsd#us-gaap_FairValueMeasurementWithUnobservableInputsReconciliationRecurringBasisAssetGainLossIncludedInEarnings' xlink:label='loc_FairValueMeasurementWithUnobservableInputsReconciliationRecurringBasisAssetGainLossIncludedInEarnings' xlink:type='locator' />
<link:loc xlink:href='../elts/us-gaap-2008-03-31.xsd#us-gaap_FairValueMeasurementWithUnobservableInputsReconciliationRecurringBasisAssetGainLossIncludedInOtherComprehensiveIncome' xlink:label='loc_FairValueMeasurementWithUnobservableInputsReconciliationRecurringBasisAssetGainLossIncludedInOtherComprehensiveIncome' xlink:type='locator' />
<link:loc xlink:href='../elts/us-gaap-2008-03-31.xsd#us-gaap_FairValueMeasurementWithUnobservableInputsReconciliationRecurringBasisAssetPurchasesSalesIssuancesSettlements' xlink:label='loc_FairValueMeasurementWithUnobservableInputsReconciliationRecurringBasisAssetPurchasesSalesIssuancesSettlements' xlink:type='locator' />
<link:loc xlink:href='../elts/us-gaap-2008-03-31.xsd#us-gaap_FairValueMeasurementWithUnobservableInputsReconciliationRecurringBasisAssetTransfersNet' xlink:label='loc_FairValueMeasurementWithUnobservableInputsReconciliationRecurringBasisAssetTransfersNet' xlink:type='locator' />
<link:loc xlink:href='../elts/us-gaap-2008-03-31.xsd#us-gaap_FairValueMeasurementWithUnobservableInputsReconciliationRecurringBasisLiabilityPeriodIncreaseDecrease' xlink:label='loc_FairValueMeasurementWithUnobservableInputsReconciliationRecurringBasisLiabilityPeriodIncreaseDecrease' xlink:type='locator' />
<link:loc xlink:href='../elts/us-gaap-2008-03-31.xsd#us-gaap_FairValueMeasurementWithUnobservableInputsReconciliationRecurringBasisLiabilityGainLossIncludedInEarnings' xlink:label='loc_FairValueMeasurementWithUnobservableInputsReconciliationRecurringBasisLiabilityGainLossIncludedInEarnings' xlink:type='locator' />
<link:loc xlink:href='../elts/us-gaap-2008-03-31.xsd#us-gaap_FairValueMeasurementWithUnobservableInputsReconciliationRecurringBasisLiabilityGainLossIncludedInOtherComprehensiveIncome' xlink:label='loc_FairValueMeasurementWithUnobservableInputsReconciliationRecurringBasisLiabilityGainLossIncludedInOtherComprehensiveIncome' xlink:type='locator' />
<link:loc xlink:href='../elts/us-gaap-2008-03-31.xsd#us-gaap_FairValueMeasurementWithUnobservableInputsReconciliationRecurringBasisLiabilityPurchasesSalesIssuancesSettlements' xlink:label='loc_FairValueMeasurementWithUnobservableInputsReconciliationRecurringBasisLiabilityPurchasesSalesIssuancesSettlements' xlink:type='locator' />
<link:loc xlink:href='../elts/us-gaap-2008-03-31.xsd#us-gaap_FairValueMeasurementWithUnobservableInputsReconciliationRecurringBasisLiabilityTransfersNet' xlink:label='loc_FairValueMeasurementWithUnobservableInputsReconciliationRecurringBasisLiabilityTransfersNet' xlink:type='locator' />
<calculationArc order='10' weight='1.0' xlink:arcrole='http://www.xbrl.org/2003/arcrole/summation-item' xlink:from='loc_FairValueMeasurementWithUnobservableInputsReconciliationRecurringBasisAssetPeriodIncreaseDecrease' xlink:to='loc_FairValueMeasurementWithUnobservableInputsReconciliationRecurringBasisAssetGainLossIncludedInEarnings' xlink:type='arc' />
<calculationArc order='20' weight='1.0' xlink:arcrole='http://www.xbrl.org/2003/arcrole/summation-item' xlink:from='loc_FairValueMeasurementWithUnobservableInputsReconciliationRecurringBasisAssetPeriodIncreaseDecrease' xlink:to='loc_FairValueMeasurementWithUnobservableInputsReconciliationRecurringBasisAssetGainLossIncludedInOtherComprehensiveIncome' xlink:type='arc' />
<calculationArc order='30' weight='1.0' xlink:arcrole='http://www.xbrl.org/2003/arcrole/summation-item' xlink:from='loc_FairValueMeasurementWithUnobservableInputsReconciliationRecurringBasisAssetPeriodIncreaseDecrease' xlink:to='loc_FairValueMeasurementWithUnobservableInputsReconciliationRecurringBasisAssetPurchasesSalesIssuancesSettlements' xlink:type='arc' />
<calculationArc order='40' weight='1.0' xlink:arcrole='http://www.xbrl.org/2003/arcrole/summation-item' xlink:from='loc_FairValueMeasurementWithUnobservableInputsReconciliationRecurringBasisAssetPeriodIncreaseDecrease' xlink:to='loc_FairValueMeasurementWithUnobservableInputsReconciliationRecurringBasisAssetTransfersNet' xlink:type='arc' />
<calculationArc order='10' weight='1.0' xlink:arcrole='http://www.xbrl.org/2003/arcrole/summation-item' xlink:from='loc_FairValueMeasurementWithUnobservableInputsReconciliationRecurringBasisLiabilityPeriodIncreaseDecrease' xlink:to='loc_FairValueMeasurementWithUnobservableInputsReconciliationRecurringBasisLiabilityGainLossIncludedInEarnings' xlink:type='arc' />
<calculationArc order='20' weight='1.0' xlink:arcrole='http://www.xbrl.org/2003/arcrole/summation-item' xlink:from='loc_FairValueMeasurementWithUnobservableInputsReconciliationRecurringBasisLiabilityPeriodIncreaseDecrease' xlink:to='loc_FairValueMeasurementWithUnobservableInputsReconciliationRecurringBasisLiabilityGainLossIncludedInOtherComprehensiveIncome' xlink:type='arc' />
<calculationArc order='30' weight='1.0' xlink:arcrole='http://www.xbrl.org/2003/arcrole/summation-item' xlink:from='loc_FairValueMeasurementWithUnobservableInputsReconciliationRecurringBasisLiabilityPeriodIncreaseDecrease' xlink:to='loc_FairValueMeasurementWithUnobservableInputsReconciliationRecurringBasisLiabilityPurchasesSalesIssuancesSettlements' xlink:type='arc' />
<calculationArc order='40' weight='1.0' xlink:arcrole='http://www.xbrl.org/2003/arcrole/summation-item' xlink:from='loc_FairValueMeasurementWithUnobservableInputsReconciliationRecurringBasisLiabilityPeriodIncreaseDecrease' xlink:to='loc_FairValueMeasurementWithUnobservableInputsReconciliationRecurringBasisLiabilityTransfersNet' xlink:type='arc' />
</calculationLink>
</link:linkbase>
