<?xml version="1.0" encoding="UTF-8" standalone="no"?>

<!--
Copyright (C) 2007, 2008 XBRL US, Inc. All Rights Reserved.
Authorized Uses are Set Forth at http://xbrl.us/legal
  -->
<link:linkbase xmlns:link='http://www.xbrl.org/2003/linkbase' xmlns:xlink='http://www.w3.org/1999/xlink' xmlns:xsi='http://www.w3.org/2001/XMLSchema-instance' xsi:schemaLocation='http://www.xbrl.org/2003/linkbase http://www.xbrl.org/2003/xbrl-linkbase-2003-12-31.xsd'>
<link:roleRef roleURI='http://xbrl.us/us-gaap/role/disclosure/LeasesCapital' xlink:href='../elts/us-roles-2008-03-31.xsd#leacap' xlink:type='simple' />
<presentationLink xlink:role='http://xbrl.us/us-gaap/role/disclosure/LeasesCapital' xlink:type='extended' xmlns='http://www.xbrl.org/2003/linkbase'>
<link:loc xlink:href='../elts/us-gaap-2008-03-31.xsd#us-gaap_LeasesCapitalAbstract' xlink:label='loc_LeasesCapitalAbstract' xlink:type='locator' />
<link:loc xlink:href='../elts/us-gaap-2008-03-31.xsd#us-gaap_CapitalLeasesInFinancialStatementsOfLesseeDisclosureTextBlock' xlink:label='loc_CapitalLeasesInFinancialStatementsOfLesseeDisclosureTextBlock' xlink:type='locator' />
<link:loc xlink:href='../elts/us-gaap-2008-03-31.xsd#us-gaap_CapitalLeasesOfLesseeAbstract' xlink:label='loc_CapitalLeasesOfLesseeAbstract' xlink:type='locator' />
<link:loc xlink:href='../elts/us-gaap-2008-03-31.xsd#us-gaap_DescriptionOfLesseeLeasingArrangementsCapitalLeases' xlink:label='loc_DescriptionOfLesseeLeasingArrangementsCapitalLeases' xlink:type='locator' />
<link:loc xlink:href='../elts/us-gaap-2008-03-31.xsd#us-gaap_CapitalLeasesContingentRentalPaymentsDue' xlink:label='loc_CapitalLeasesContingentRentalPaymentsDue' xlink:type='locator' />
<link:loc xlink:href='../elts/us-gaap-2008-03-31.xsd#us-gaap_CapitalLeasesIndemnificationAgreementsDescription' xlink:label='loc_CapitalLeasesIndemnificationAgreementsDescription' xlink:type='locator' />
<link:loc xlink:href='../elts/us-gaap-2008-03-31.xsd#us-gaap_CapitalLeasesIndemnificationAgreementsPayments' xlink:label='loc_CapitalLeasesIndemnificationAgreementsPayments' xlink:type='locator' />
<link:loc xlink:href='../elts/us-gaap-2008-03-31.xsd#us-gaap_CapitalLeasesFutureMinimumPaymentsNetPresentValueAbstract' xlink:label='loc_CapitalLeasesFutureMinimumPaymentsNetPresentValueAbstract' xlink:type='locator' />
<link:loc xlink:href='../elts/us-gaap-2008-03-31.xsd#us-gaap_CapitalLeasesFutureMinimumPaymentsPresentValueOfNetMinimumPaymentsAbstract' xlink:label='loc_CapitalLeasesFutureMinimumPaymentsPresentValueOfNetMinimumPaymentsAbstract' xlink:type='locator' />
<link:loc xlink:href='../elts/us-gaap-2008-03-31.xsd#us-gaap_CapitalLeasesFutureMinimumPaymentsNetMinimumPaymentsAbstract' xlink:label='loc_CapitalLeasesFutureMinimumPaymentsNetMinimumPaymentsAbstract' xlink:type='locator' />
<link:loc xlink:href='../elts/us-gaap-2008-03-31.xsd#us-gaap_CapitalLeasesFutureMinimumPaymentsDueAbstract' xlink:label='loc_CapitalLeasesFutureMinimumPaymentsDueAbstract' xlink:type='locator' />
<link:loc xlink:href='../elts/us-gaap-2008-03-31.xsd#us-gaap_CapitalLeasesFutureMinimumPaymentsDueCurrent' xlink:label='loc_CapitalLeasesFutureMinimumPaymentsDueCurrent' xlink:type='locator' />
<link:loc xlink:href='../elts/us-gaap-2008-03-31.xsd#us-gaap_CapitalLeasesFutureMinimumPaymentsDueInTwoYears' xlink:label='loc_CapitalLeasesFutureMinimumPaymentsDueInTwoYears' xlink:type='locator' />
<link:loc xlink:href='../elts/us-gaap-2008-03-31.xsd#us-gaap_CapitalLeasesFutureMinimumPaymentsDueInThreeYears' xlink:label='loc_CapitalLeasesFutureMinimumPaymentsDueInThreeYears' xlink:type='locator' />
<link:loc xlink:href='../elts/us-gaap-2008-03-31.xsd#us-gaap_CapitalLeasesFutureMinimumPaymentsDueInFourYears' xlink:label='loc_CapitalLeasesFutureMinimumPaymentsDueInFourYears' xlink:type='locator' />
<link:loc xlink:href='../elts/us-gaap-2008-03-31.xsd#us-gaap_CapitalLeasesFutureMinimumPaymentsDueInFiveYears' xlink:label='loc_CapitalLeasesFutureMinimumPaymentsDueInFiveYears' xlink:type='locator' />
<link:loc xlink:href='../elts/us-gaap-2008-03-31.xsd#us-gaap_CapitalLeasesFutureMinimumPaymentsDueThereafter' xlink:label='loc_CapitalLeasesFutureMinimumPaymentsDueThereafter' xlink:type='locator' />
<link:loc xlink:href='../elts/us-gaap-2008-03-31.xsd#us-gaap_CapitalLeasesFutureMinimumPaymentsDue' xlink:label='loc_CapitalLeasesFutureMinimumPaymentsDue' xlink:type='locator' />
<link:loc xlink:href='../elts/us-gaap-2008-03-31.xsd#us-gaap_CapitalLeasesFutureMinimumPaymentsExecutoryCosts' xlink:label='loc_CapitalLeasesFutureMinimumPaymentsExecutoryCosts' xlink:type='locator' />
<link:loc xlink:href='../elts/us-gaap-2008-03-31.xsd#us-gaap_CapitalLeasesFutureMinimumPaymentsNetMinimumPayments' xlink:label='loc_CapitalLeasesFutureMinimumPaymentsNetMinimumPayments' xlink:type='locator' />
<link:loc xlink:href='../elts/us-gaap-2008-03-31.xsd#us-gaap_CapitalLeasesFutureMinimumPaymentsInterestIncludedInPayments' xlink:label='loc_CapitalLeasesFutureMinimumPaymentsInterestIncludedInPayments' xlink:type='locator' />
<link:loc xlink:href='../elts/us-gaap-2008-03-31.xsd#us-gaap_CapitalLeasesFutureMinimumPaymentsPresentValueOfNetMinimumPayments' xlink:label='loc_CapitalLeasesFutureMinimumPaymentsPresentValueOfNetMinimumPayments' xlink:type='locator' />
<link:loc xlink:href='../elts/us-gaap-2008-03-31.xsd#us-gaap_CapitalLeasesFutureMinimumSubleaseRentals' xlink:label='loc_CapitalLeasesFutureMinimumSubleaseRentals' xlink:type='locator' />
<link:loc xlink:href='../elts/us-gaap-2008-03-31.xsd#us-gaap_CapitalLeasesIncomeStatementOfLesseeAbstract' xlink:label='loc_CapitalLeasesIncomeStatementOfLesseeAbstract' xlink:type='locator' />
<link:loc xlink:href='../elts/us-gaap-2008-03-31.xsd#us-gaap_CapitalLeasesIncomeStatementAmortizationExpense' xlink:label='loc_CapitalLeasesIncomeStatementAmortizationExpense' xlink:type='locator' />
<link:loc xlink:href='../elts/us-gaap-2008-03-31.xsd#us-gaap_CapitalLeasesIncomeStatementInterestExpense' xlink:label='loc_CapitalLeasesIncomeStatementInterestExpense' xlink:type='locator' />
<link:loc xlink:href='../elts/us-gaap-2008-03-31.xsd#us-gaap_CapitalLeasesLesseeBalanceSheetAbstract' xlink:label='loc_CapitalLeasesLesseeBalanceSheetAbstract' xlink:type='locator' />
<link:loc xlink:href='../elts/us-gaap-2008-03-31.xsd#us-gaap_CapitalLeasedAssetsGross' xlink:label='loc_CapitalLeasedAssetsGross' xlink:type='locator' />
<link:loc xlink:href='../elts/us-gaap-2008-03-31.xsd#us-gaap_CapitalLeasesBalanceSheetAssetsByMajorClassNetLesseeBalanceSheetAbstract' xlink:label='loc_CapitalLeasesBalanceSheetAssetsByMajorClassNetLesseeBalanceSheetAbstract' xlink:type='locator' />
<link:loc xlink:href='../elts/us-gaap-2008-03-31.xsd#us-gaap_CapitalLeasesLesseeBalanceSheetAssetsByMajorClassGrossAbstract' xlink:label='loc_CapitalLeasesLesseeBalanceSheetAssetsByMajorClassGrossAbstract' xlink:type='locator' />
<link:loc xlink:href='../elts/us-gaap-2008-03-31.xsd#us-gaap_CapitalLeasesLesseeBalanceSheetAssetsByMajorClassLand' xlink:label='loc_CapitalLeasesLesseeBalanceSheetAssetsByMajorClassLand' xlink:type='locator' />
<link:loc xlink:href='../elts/us-gaap-2008-03-31.xsd#us-gaap_CapitalLeasesLesseeBalanceSheetAssetsByMajorClassBuilding' xlink:label='loc_CapitalLeasesLesseeBalanceSheetAssetsByMajorClassBuilding' xlink:type='locator' />
<link:loc xlink:href='../elts/us-gaap-2008-03-31.xsd#us-gaap_CapitalLeasesLesseeBalanceSheetAssetsByMajorClassMachineryAndEquipment' xlink:label='loc_CapitalLeasesLesseeBalanceSheetAssetsByMajorClassMachineryAndEquipment' xlink:type='locator' />
<link:loc xlink:href='../elts/us-gaap-2008-03-31.xsd#us-gaap_CapitalLeasesLesseeBalanceSheetAssetsByMajorClassFurnitureAndFixtures' xlink:label='loc_CapitalLeasesLesseeBalanceSheetAssetsByMajorClassFurnitureAndFixtures' xlink:type='locator' />
<link:loc xlink:href='../elts/us-gaap-2008-03-31.xsd#us-gaap_CapitalLeasesLesseeBalanceSheetAssetsByMajorClassComputerEquipment' xlink:label='loc_CapitalLeasesLesseeBalanceSheetAssetsByMajorClassComputerEquipment' xlink:type='locator' />
<link:loc xlink:href='../elts/us-gaap-2008-03-31.xsd#us-gaap_CapitalLeasesLesseeBalanceSheetAssetsByMajorClassLeaseholdImprovements' xlink:label='loc_CapitalLeasesLesseeBalanceSheetAssetsByMajorClassLeaseholdImprovements' xlink:type='locator' />
<link:loc xlink:href='../elts/us-gaap-2008-03-31.xsd#us-gaap_CapitalLeasesLesseeBalanceSheetAssetsByMajorClassOtherPropertyPlantAndEquipment' xlink:label='loc_CapitalLeasesLesseeBalanceSheetAssetsByMajorClassOtherPropertyPlantAndEquipment' xlink:type='locator' />
<link:loc xlink:href='../elts/us-gaap-2008-03-31.xsd#us-gaap_CapitalLeasesLesseeBalanceSheetAssetsByMajorClassGross' xlink:label='loc_CapitalLeasesLesseeBalanceSheetAssetsByMajorClassGross' xlink:type='locator' />
<link:loc xlink:href='../elts/us-gaap-2008-03-31.xsd#us-gaap_CapitalLeasesLesseeBalanceSheetAssetsByMajorClassAccumulatedDeprecation' xlink:label='loc_CapitalLeasesLesseeBalanceSheetAssetsByMajorClassAccumulatedDeprecation' xlink:type='locator' />
<link:loc xlink:href='../elts/us-gaap-2008-03-31.xsd#us-gaap_CapitalLeasesBalanceSheetAssetsByMajorClassNet' xlink:label='loc_CapitalLeasesBalanceSheetAssetsByMajorClassNet' xlink:type='locator' />
<link:loc xlink:href='../elts/us-gaap-2008-03-31.xsd#us-gaap_CapitalLeaseObligationsAbstract' xlink:label='loc_CapitalLeaseObligationsAbstract' xlink:type='locator' />
<link:loc xlink:href='../elts/us-gaap-2008-03-31.xsd#us-gaap_CapitalLeaseObligationsCurrent' xlink:label='loc_CapitalLeaseObligationsCurrent' xlink:type='locator' />
<link:loc xlink:href='../elts/us-gaap-2008-03-31.xsd#us-gaap_CapitalLeaseObligationsNoncurrent' xlink:label='loc_CapitalLeaseObligationsNoncurrent' xlink:type='locator' />
<link:loc xlink:href='../elts/us-gaap-2008-03-31.xsd#us-gaap_CapitalLeaseObligations' xlink:label='loc_CapitalLeaseObligations' xlink:type='locator' />
<link:loc xlink:href='../elts/us-gaap-2008-03-31.xsd#us-gaap_DescriptionOfRelatedPartyLeasingArrangements' xlink:label='loc_DescriptionOfRelatedPartyLeasingArrangements' xlink:type='locator' />
<link:loc xlink:href='../elts/us-gaap-2008-03-31.xsd#us-gaap_CapitalLeasesInFinancialStatementsOfLessorDisclosureTextBlock' xlink:label='loc_CapitalLeasesInFinancialStatementsOfLessorDisclosureTextBlock' xlink:type='locator' />
<link:loc xlink:href='../elts/us-gaap-2008-03-31.xsd#us-gaap_CapitalLeasesOfLessorAbstract' xlink:label='loc_CapitalLeasesOfLessorAbstract' xlink:type='locator' />
<link:loc xlink:href='../elts/us-gaap-2008-03-31.xsd#us-gaap_DescriptionOfLessorLeasingArrangementsCapitalLeases' xlink:label='loc_DescriptionOfLessorLeasingArrangementsCapitalLeases' xlink:type='locator' />
<link:loc xlink:href='../elts/us-gaap-2008-03-31.xsd#us-gaap_CapitalLeasesLessorBalanceSheetAbstract' xlink:label='loc_CapitalLeasesLessorBalanceSheetAbstract' xlink:type='locator' />
<link:loc xlink:href='../elts/us-gaap-2008-03-31.xsd#us-gaap_NetInvestmentInDirectFinancingAndSalesTypeLeasesAbstract' xlink:label='loc_NetInvestmentInDirectFinancingAndSalesTypeLeasesAbstract' xlink:type='locator' />
<link:loc xlink:href='../elts/us-gaap-2008-03-31.xsd#us-gaap_CapitalLeasesLessorBalanceSheetNetInvestmentInDirectFinancingAndSalesTypeLeasesCurrentAbstract' xlink:label='loc_CapitalLeasesLessorBalanceSheetNetInvestmentInDirectFinancingAndSalesTypeLeasesCurrentAbstract' xlink:type='locator' />
<link:loc xlink:href='../elts/us-gaap-2008-03-31.xsd#us-gaap_CapitalLeasesLessorBalanceSheetNetInvestmentInDirectFinancingLeasesCurrent' xlink:label='loc_CapitalLeasesLessorBalanceSheetNetInvestmentInDirectFinancingLeasesCurrent' xlink:type='locator' />
<link:loc xlink:href='../elts/us-gaap-2008-03-31.xsd#us-gaap_CapitalLeasesLessorBalanceSheetNetInvestmentInSalesTypeLeasesCurrent' xlink:label='loc_CapitalLeasesLessorBalanceSheetNetInvestmentInSalesTypeLeasesCurrent' xlink:type='locator' />
<link:loc xlink:href='../elts/us-gaap-2008-03-31.xsd#us-gaap_CapitalLeasesLessorBalanceSheetNetInvestmentInDirectFinancingAndSalesTypeLeasesCurrent' xlink:label='loc_CapitalLeasesLessorBalanceSheetNetInvestmentInDirectFinancingAndSalesTypeLeasesCurrent' xlink:type='locator' />
<link:loc xlink:href='../elts/us-gaap-2008-03-31.xsd#us-gaap_CapitalLeasesLessorBalanceSheetNetInvestmentInDirectFinancingAndSalesTypeLeasesNoncurrentAbstract' xlink:label='loc_CapitalLeasesLessorBalanceSheetNetInvestmentInDirectFinancingAndSalesTypeLeasesNoncurrentAbstract' xlink:type='locator' />
<link:loc xlink:href='../elts/us-gaap-2008-03-31.xsd#us-gaap_CapitalLeasesLessorBalanceSheetNetInvestmentInDirectFinancingLeasesNoncurrent' xlink:label='loc_CapitalLeasesLessorBalanceSheetNetInvestmentInDirectFinancingLeasesNoncurrent' xlink:type='locator' />
<link:loc xlink:href='../elts/us-gaap-2008-03-31.xsd#us-gaap_CapitalLeasesLessorBalanceSheetNetInvestmentInSalesTypeLeasesNoncurrent' xlink:label='loc_CapitalLeasesLessorBalanceSheetNetInvestmentInSalesTypeLeasesNoncurrent' xlink:type='locator' />
<link:loc xlink:href='../elts/us-gaap-2008-03-31.xsd#us-gaap_CapitalLeasesLessorBalanceSheetNetInvestmentInDirectFinancingAndSalesTypeLeasesNoncurrent' xlink:label='loc_CapitalLeasesLessorBalanceSheetNetInvestmentInDirectFinancingAndSalesTypeLeasesNoncurrent' xlink:type='locator' />
<link:loc xlink:href='../elts/us-gaap-2008-03-31.xsd#us-gaap_NetInvestmentInDirectFinancingAndSalesTypeLeases' xlink:label='loc_NetInvestmentInDirectFinancingAndSalesTypeLeases' xlink:type='locator' />
<link:loc xlink:href='../elts/us-gaap-2008-03-31.xsd#us-gaap_CapitalLeasesNetInvestmentInDirectFinancingAndSalesTypeLeasesAbstract' xlink:label='loc_CapitalLeasesNetInvestmentInDirectFinancingAndSalesTypeLeasesAbstract' xlink:type='locator' />
<link:loc xlink:href='../elts/us-gaap-2008-03-31.xsd#us-gaap_CapitalLeasesNetInvestmentInDirectFinancingLeasesAbstract' xlink:label='loc_CapitalLeasesNetInvestmentInDirectFinancingLeasesAbstract' xlink:type='locator' />
<link:loc xlink:href='../elts/us-gaap-2008-03-31.xsd#us-gaap_CapitalLeasesNetInvestmentInDirectFinancingLeasesMinimumPaymentsToBeReceived' xlink:label='loc_CapitalLeasesNetInvestmentInDirectFinancingLeasesMinimumPaymentsToBeReceived' xlink:type='locator' />
<link:loc xlink:href='../elts/us-gaap-2008-03-31.xsd#us-gaap_CapitalLeasesNetInvestmentInDirectFinancingLeasesExecutoryCosts' xlink:label='loc_CapitalLeasesNetInvestmentInDirectFinancingLeasesExecutoryCosts' xlink:type='locator' />
<link:loc xlink:href='../elts/us-gaap-2008-03-31.xsd#us-gaap_CapitalLeasesNetInvestmentInDirectFinancingLeasesAllowanceForUncollectibleMinimumLeasePayments' xlink:label='loc_CapitalLeasesNetInvestmentInDirectFinancingLeasesAllowanceForUncollectibleMinimumLeasePayments' xlink:type='locator' />
<link:loc xlink:href='../elts/us-gaap-2008-03-31.xsd#us-gaap_CapitalLeasesNetInvestmentInDirectFinancingLeasesUnguaranteedResidualValuesOfLeasedProperty' xlink:label='loc_CapitalLeasesNetInvestmentInDirectFinancingLeasesUnguaranteedResidualValuesOfLeasedProperty' xlink:type='locator' />
<link:loc xlink:href='../elts/us-gaap-2008-03-31.xsd#us-gaap_CapitalLeasesNetInvestmentInDirectFinancingLeasesInitialDirectCosts' xlink:label='loc_CapitalLeasesNetInvestmentInDirectFinancingLeasesInitialDirectCosts' xlink:type='locator' />
<link:loc xlink:href='../elts/us-gaap-2008-03-31.xsd#us-gaap_CapitalLeasesNetInvestmentInDirectFinancingLeasesDeferredIncome' xlink:label='loc_CapitalLeasesNetInvestmentInDirectFinancingLeasesDeferredIncome' xlink:type='locator' />
<link:loc xlink:href='../elts/us-gaap-2008-03-31.xsd#us-gaap_CapitalLeasesNetInvestmentInDirectFinancingLeasesAccumulatedAmortization' xlink:label='loc_CapitalLeasesNetInvestmentInDirectFinancingLeasesAccumulatedAmortization' xlink:type='locator' />
<link:loc xlink:href='../elts/us-gaap-2008-03-31.xsd#us-gaap_CapitalLeasesNetInvestmentInDirectFinancingLeases' xlink:label='loc_CapitalLeasesNetInvestmentInDirectFinancingLeases' xlink:type='locator' />
<link:loc xlink:href='../elts/us-gaap-2008-03-31.xsd#us-gaap_CapitalLeasesNetInvestmentInSalesTypeLeasesAbstract' xlink:label='loc_CapitalLeasesNetInvestmentInSalesTypeLeasesAbstract' xlink:type='locator' />
<link:loc xlink:href='../elts/us-gaap-2008-03-31.xsd#us-gaap_CapitalLeasesNetInvestmentInSalesTypeLeasesMinimumPaymentsToBeReceived' xlink:label='loc_CapitalLeasesNetInvestmentInSalesTypeLeasesMinimumPaymentsToBeReceived' xlink:type='locator' />
<link:loc xlink:href='../elts/us-gaap-2008-03-31.xsd#us-gaap_CapitalLeasesNetInvestmentInSalesTypeLeasesExecutoryCosts' xlink:label='loc_CapitalLeasesNetInvestmentInSalesTypeLeasesExecutoryCosts' xlink:type='locator' />
<link:loc xlink:href='../elts/us-gaap-2008-03-31.xsd#us-gaap_CapitalLeasesNetInvestmentInSalesTypeLeasesAllowanceForUncollectibleMinimumLeasePayments' xlink:label='loc_CapitalLeasesNetInvestmentInSalesTypeLeasesAllowanceForUncollectibleMinimumLeasePayments' xlink:type='locator' />
<link:loc xlink:href='../elts/us-gaap-2008-03-31.xsd#us-gaap_CapitalLeasesNetInvestmentInSalesTypeLeasesUnguaranteedResidualValuesOfLeasedProperty' xlink:label='loc_CapitalLeasesNetInvestmentInSalesTypeLeasesUnguaranteedResidualValuesOfLeasedProperty' xlink:type='locator' />
<link:loc xlink:href='../elts/us-gaap-2008-03-31.xsd#us-gaap_CapitalLeasesNetInvestmentInSalesTypeLeasesDeferredIncome' xlink:label='loc_CapitalLeasesNetInvestmentInSalesTypeLeasesDeferredIncome' xlink:type='locator' />
<link:loc xlink:href='../elts/us-gaap-2008-03-31.xsd#us-gaap_CapitalLeasesNetInvestmentInSalesTypeLeases' xlink:label='loc_CapitalLeasesNetInvestmentInSalesTypeLeases' xlink:type='locator' />
<link:loc xlink:href='../elts/us-gaap-2008-03-31.xsd#us-gaap_CapitalLeasesNetInvestmentInDirectFinancingAndSalesTypeLeases' xlink:label='loc_CapitalLeasesNetInvestmentInDirectFinancingAndSalesTypeLeases' xlink:type='locator' />
<link:loc xlink:href='../elts/us-gaap-2008-03-31.xsd#us-gaap_CapitalLeasesIncomeStatementLeaseRevenueIncomeStatementOfLessorAbstract' xlink:label='loc_CapitalLeasesIncomeStatementLeaseRevenueIncomeStatementOfLessorAbstract' xlink:type='locator' />
<link:loc xlink:href='../elts/us-gaap-2008-03-31.xsd#us-gaap_CapitalLeasesIncomeStatementSalesTypeLeaseRevenue' xlink:label='loc_CapitalLeasesIncomeStatementSalesTypeLeaseRevenue' xlink:type='locator' />
<link:loc xlink:href='../elts/us-gaap-2008-03-31.xsd#us-gaap_CapitalLeasesIncomeStatementDirectFinancingLeaseRevenue' xlink:label='loc_CapitalLeasesIncomeStatementDirectFinancingLeaseRevenue' xlink:type='locator' />
<link:loc xlink:href='../elts/us-gaap-2008-03-31.xsd#us-gaap_CapitalLeasesIncomeStatementLeaseRevenue' xlink:label='loc_CapitalLeasesIncomeStatementLeaseRevenue' xlink:type='locator' />
<link:loc xlink:href='../elts/us-gaap-2008-03-31.xsd#us-gaap_CapitalLeasesFutureMinimumPaymentsReceivableAbstract' xlink:label='loc_CapitalLeasesFutureMinimumPaymentsReceivableAbstract' xlink:type='locator' />
<link:loc xlink:href='../elts/us-gaap-2008-03-31.xsd#us-gaap_CapitalLeasesFutureMinimumPaymentsReceivableCurrent' xlink:label='loc_CapitalLeasesFutureMinimumPaymentsReceivableCurrent' xlink:type='locator' />
<link:loc xlink:href='../elts/us-gaap-2008-03-31.xsd#us-gaap_CapitalLeasesFutureMinimumPaymentsReceivableInTwoYears' xlink:label='loc_CapitalLeasesFutureMinimumPaymentsReceivableInTwoYears' xlink:type='locator' />
<link:loc xlink:href='../elts/us-gaap-2008-03-31.xsd#us-gaap_CapitalLeasesFutureMinimumPaymentsReceivableInThreeYears' xlink:label='loc_CapitalLeasesFutureMinimumPaymentsReceivableInThreeYears' xlink:type='locator' />
<link:loc xlink:href='../elts/us-gaap-2008-03-31.xsd#us-gaap_CapitalLeasesFutureMinimumPaymentsReceivableInFourYears' xlink:label='loc_CapitalLeasesFutureMinimumPaymentsReceivableInFourYears' xlink:type='locator' />
<link:loc xlink:href='../elts/us-gaap-2008-03-31.xsd#us-gaap_CapitalLeasesFutureMinimumPaymentsReceivableInFiveYears' xlink:label='loc_CapitalLeasesFutureMinimumPaymentsReceivableInFiveYears' xlink:type='locator' />
<link:loc xlink:href='../elts/us-gaap-2008-03-31.xsd#us-gaap_CapitalLeasesFutureMinimumPaymentsReceivableDueThereafter' xlink:label='loc_CapitalLeasesFutureMinimumPaymentsReceivableDueThereafter' xlink:type='locator' />
<link:loc xlink:href='../elts/us-gaap-2008-03-31.xsd#us-gaap_CapitalLeasesFutureMinimumPaymentsReceivable' xlink:label='loc_CapitalLeasesFutureMinimumPaymentsReceivable' xlink:type='locator' />
<link:loc xlink:href='../elts/us-gaap-2008-03-31.xsd#us-gaap_CapitalLeasesContingentRentalPaymentsReceived' xlink:label='loc_CapitalLeasesContingentRentalPaymentsReceived' xlink:type='locator' />
<link:loc xlink:href='../elts/us-gaap-2008-03-31.xsd#us-gaap_LeveragedLeasesAbstract' xlink:label='loc_LeveragedLeasesAbstract' xlink:type='locator' />
<link:loc xlink:href='../elts/us-gaap-2008-03-31.xsd#us-gaap_LeveragedLeasesEffectOfChangeInTaxRate' xlink:label='loc_LeveragedLeasesEffectOfChangeInTaxRate' xlink:type='locator' />
<link:loc xlink:href='../elts/us-gaap-2008-03-31.xsd#us-gaap_LeveragedLeasesBalanceSheetInvestmentInLeveragedLeasesNetAbstract' xlink:label='loc_LeveragedLeasesBalanceSheetInvestmentInLeveragedLeasesNetAbstract' xlink:type='locator' />
<link:loc xlink:href='../elts/us-gaap-2008-03-31.xsd#us-gaap_LeveragedLeasesBalanceSheetInvestmentInLeveragedLeases' xlink:label='loc_LeveragedLeasesBalanceSheetInvestmentInLeveragedLeases' xlink:type='locator' />
<link:loc xlink:href='../elts/us-gaap-2008-03-31.xsd#us-gaap_LeveragedLeasesBalanceSheetDeferredTaxesArisingFromLeveragedLeases' xlink:label='loc_LeveragedLeasesBalanceSheetDeferredTaxesArisingFromLeveragedLeases' xlink:type='locator' />
<link:loc xlink:href='../elts/us-gaap-2008-03-31.xsd#us-gaap_LeveragedLeasesBalanceSheetInvestmentInLeveragedLeasesNet' xlink:label='loc_LeveragedLeasesBalanceSheetInvestmentInLeveragedLeasesNet' xlink:type='locator' />
<link:loc xlink:href='../elts/us-gaap-2008-03-31.xsd#us-gaap_LeveragedLeasesIncomeStatementNetIncomeFromLeveragedLeasesAbstract' xlink:label='loc_LeveragedLeasesIncomeStatementNetIncomeFromLeveragedLeasesAbstract' xlink:type='locator' />
<link:loc xlink:href='../elts/us-gaap-2008-03-31.xsd#us-gaap_LeveragedLeasesIncomeStatementIncomeFromLeveragedLeases' xlink:label='loc_LeveragedLeasesIncomeStatementIncomeFromLeveragedLeases' xlink:type='locator' />
<link:loc xlink:href='../elts/us-gaap-2008-03-31.xsd#us-gaap_LeveragedLeasesIncomeStatementIncomeTaxExpenseOnLeveragedLeases' xlink:label='loc_LeveragedLeasesIncomeStatementIncomeTaxExpenseOnLeveragedLeases' xlink:type='locator' />
<link:loc xlink:href='../elts/us-gaap-2008-03-31.xsd#us-gaap_LeveragedLeasesIncomeStatementInvestmentTaxCreditRecognizedOnLeveragedLeases' xlink:label='loc_LeveragedLeasesIncomeStatementInvestmentTaxCreditRecognizedOnLeveragedLeases' xlink:type='locator' />
<link:loc xlink:href='../elts/us-gaap-2008-03-31.xsd#us-gaap_LeveragedLeasesIncomeStatementNetIncomeFromLeveragedLeases' xlink:label='loc_LeveragedLeasesIncomeStatementNetIncomeFromLeveragedLeases' xlink:type='locator' />
<link:loc xlink:href='../elts/us-gaap-2008-03-31.xsd#us-gaap_LeveragedLeasesNetInvestmentInLeveragedLeasesDisclosureInvestmentInLeveragedLeasesNetAbstract' xlink:label='loc_LeveragedLeasesNetInvestmentInLeveragedLeasesDisclosureInvestmentInLeveragedLeasesNetAbstract' xlink:type='locator' />
<link:loc xlink:href='../elts/us-gaap-2008-03-31.xsd#us-gaap_LeveragedLeasesNetInvestmentInLeveragedLeasesDisclosureRentalReceivablesNetAbstract' xlink:label='loc_LeveragedLeasesNetInvestmentInLeveragedLeasesDisclosureRentalReceivablesNetAbstract' xlink:type='locator' />
<link:loc xlink:href='../elts/us-gaap-2008-03-31.xsd#us-gaap_LeveragedLeasesNetInvestmentInLeveragedLeasesDisclosureRentalReceivablesGross' xlink:label='loc_LeveragedLeasesNetInvestmentInLeveragedLeasesDisclosureRentalReceivablesGross' xlink:type='locator' />
<link:loc xlink:href='../elts/us-gaap-2008-03-31.xsd#us-gaap_LeveragedLeasesNetInvestmentInLeveragedLeasesDisclosureNonrecourseDebtService' xlink:label='loc_LeveragedLeasesNetInvestmentInLeveragedLeasesDisclosureNonrecourseDebtService' xlink:type='locator' />
<link:loc xlink:href='../elts/us-gaap-2008-03-31.xsd#us-gaap_LeveragedLeasesNetInvestmentInLeveragedLeasesDisclosureRentalReceivablesNet' xlink:label='loc_LeveragedLeasesNetInvestmentInLeveragedLeasesDisclosureRentalReceivablesNet' xlink:type='locator' />
<link:loc xlink:href='../elts/us-gaap-2008-03-31.xsd#us-gaap_LeveragedLeasesNetInvestmentInLeveragedLeasesDisclosureInvestmentTaxCreditReceivable' xlink:label='loc_LeveragedLeasesNetInvestmentInLeveragedLeasesDisclosureInvestmentTaxCreditReceivable' xlink:type='locator' />
<link:loc xlink:href='../elts/us-gaap-2008-03-31.xsd#us-gaap_LeveragedLeasesNetInvestmentInLeveragedLeasesDisclosureResidualValueOfLeasedAssets' xlink:label='loc_LeveragedLeasesNetInvestmentInLeveragedLeasesDisclosureResidualValueOfLeasedAssets' xlink:type='locator' />
<link:loc xlink:href='../elts/us-gaap-2008-03-31.xsd#us-gaap_LeveragedLeasesNetInvestmentInLeveragedLeasesDisclosureDeferredIncome' xlink:label='loc_LeveragedLeasesNetInvestmentInLeveragedLeasesDisclosureDeferredIncome' xlink:type='locator' />
<link:loc xlink:href='../elts/us-gaap-2008-03-31.xsd#us-gaap_LeveragedLeasesNetInvestmentInLeveragedLeasesDisclosureDeferredTaxesArisingFromLeveragedLeases' xlink:label='loc_LeveragedLeasesNetInvestmentInLeveragedLeasesDisclosureDeferredTaxesArisingFromLeveragedLeases' xlink:type='locator' />
<link:loc xlink:href='../elts/us-gaap-2008-03-31.xsd#us-gaap_LeveragedLeasesNetInvestmentInLeveragedLeasesDisclosureInvestmentInLeveragedLeasesNet' xlink:label='loc_LeveragedLeasesNetInvestmentInLeveragedLeasesDisclosureInvestmentInLeveragedLeasesNet' xlink:type='locator' />
<presentationArc order='10' xlink:arcrole='http://www.xbrl.org/2003/arcrole/parent-child' xlink:from='loc_LeasesCapitalAbstract' xlink:to='loc_CapitalLeasesInFinancialStatementsOfLesseeDisclosureTextBlock' xlink:type='arc' />
<presentationArc order='10' use='optional' xlink:arcrole='http://www.xbrl.org/2003/arcrole/parent-child' xlink:from='loc_CapitalLeasesInFinancialStatementsOfLesseeDisclosureTextBlock' xlink:to='loc_CapitalLeasesOfLesseeAbstract' xlink:type='arc' />
<presentationArc order='10' xlink:arcrole='http://www.xbrl.org/2003/arcrole/parent-child' xlink:from='loc_CapitalLeasesOfLesseeAbstract' xlink:to='loc_DescriptionOfLesseeLeasingArrangementsCapitalLeases' xlink:type='arc' />
<presentationArc order='20' use='optional' xlink:arcrole='http://www.xbrl.org/2003/arcrole/parent-child' xlink:from='loc_CapitalLeasesOfLesseeAbstract' xlink:to='loc_CapitalLeasesContingentRentalPaymentsDue' xlink:type='arc' />
<presentationArc order='30' xlink:arcrole='http://www.xbrl.org/2003/arcrole/parent-child' xlink:from='loc_CapitalLeasesOfLesseeAbstract' xlink:to='loc_CapitalLeasesIndemnificationAgreementsDescription' xlink:type='arc' />
<presentationArc order='10' xlink:arcrole='http://www.xbrl.org/2003/arcrole/parent-child' xlink:from='loc_CapitalLeasesIndemnificationAgreementsDescription' xlink:to='loc_CapitalLeasesIndemnificationAgreementsPayments' xlink:type='arc' />
<presentationArc order='40' xlink:arcrole='http://www.xbrl.org/2003/arcrole/parent-child' xlink:from='loc_CapitalLeasesOfLesseeAbstract' xlink:to='loc_CapitalLeasesFutureMinimumPaymentsNetPresentValueAbstract' xlink:type='arc' />
<presentationArc order='10' xlink:arcrole='http://www.xbrl.org/2003/arcrole/parent-child' xlink:from='loc_CapitalLeasesFutureMinimumPaymentsNetPresentValueAbstract' xlink:to='loc_CapitalLeasesFutureMinimumPaymentsPresentValueOfNetMinimumPaymentsAbstract' xlink:type='arc' />
<presentationArc order='10' xlink:arcrole='http://www.xbrl.org/2003/arcrole/parent-child' xlink:from='loc_CapitalLeasesFutureMinimumPaymentsPresentValueOfNetMinimumPaymentsAbstract' xlink:to='loc_CapitalLeasesFutureMinimumPaymentsNetMinimumPaymentsAbstract' xlink:type='arc' />
<presentationArc order='10' xlink:arcrole='http://www.xbrl.org/2003/arcrole/parent-child' xlink:from='loc_CapitalLeasesFutureMinimumPaymentsNetMinimumPaymentsAbstract' xlink:to='loc_CapitalLeasesFutureMinimumPaymentsDueAbstract' xlink:type='arc' />
<presentationArc order='10' xlink:arcrole='http://www.xbrl.org/2003/arcrole/parent-child' xlink:from='loc_CapitalLeasesFutureMinimumPaymentsDueAbstract' xlink:to='loc_CapitalLeasesFutureMinimumPaymentsDueCurrent' xlink:type='arc' />
<presentationArc order='20' xlink:arcrole='http://www.xbrl.org/2003/arcrole/parent-child' xlink:from='loc_CapitalLeasesFutureMinimumPaymentsDueAbstract' xlink:to='loc_CapitalLeasesFutureMinimumPaymentsDueInTwoYears' xlink:type='arc' />
<presentationArc order='30' xlink:arcrole='http://www.xbrl.org/2003/arcrole/parent-child' xlink:from='loc_CapitalLeasesFutureMinimumPaymentsDueAbstract' xlink:to='loc_CapitalLeasesFutureMinimumPaymentsDueInThreeYears' xlink:type='arc' />
<presentationArc order='40' xlink:arcrole='http://www.xbrl.org/2003/arcrole/parent-child' xlink:from='loc_CapitalLeasesFutureMinimumPaymentsDueAbstract' xlink:to='loc_CapitalLeasesFutureMinimumPaymentsDueInFourYears' xlink:type='arc' />
<presentationArc order='50' xlink:arcrole='http://www.xbrl.org/2003/arcrole/parent-child' xlink:from='loc_CapitalLeasesFutureMinimumPaymentsDueAbstract' xlink:to='loc_CapitalLeasesFutureMinimumPaymentsDueInFiveYears' xlink:type='arc' />
<presentationArc order='60' xlink:arcrole='http://www.xbrl.org/2003/arcrole/parent-child' xlink:from='loc_CapitalLeasesFutureMinimumPaymentsDueAbstract' xlink:to='loc_CapitalLeasesFutureMinimumPaymentsDueThereafter' xlink:type='arc' />
<presentationArc order='70' preferredLabel='http://www.xbrl.org/2003/role/totalLabel' xlink:arcrole='http://www.xbrl.org/2003/arcrole/parent-child' xlink:from='loc_CapitalLeasesFutureMinimumPaymentsDueAbstract' xlink:to='loc_CapitalLeasesFutureMinimumPaymentsDue' xlink:type='arc' />
<presentationArc order='20' xlink:arcrole='http://www.xbrl.org/2003/arcrole/parent-child' xlink:from='loc_CapitalLeasesFutureMinimumPaymentsNetMinimumPaymentsAbstract' xlink:to='loc_CapitalLeasesFutureMinimumPaymentsExecutoryCosts' xlink:type='arc' />
<presentationArc order='30' preferredLabel='http://www.xbrl.org/2003/role/totalLabel' xlink:arcrole='http://www.xbrl.org/2003/arcrole/parent-child' xlink:from='loc_CapitalLeasesFutureMinimumPaymentsNetMinimumPaymentsAbstract' xlink:to='loc_CapitalLeasesFutureMinimumPaymentsNetMinimumPayments' xlink:type='arc' />
<presentationArc order='20' xlink:arcrole='http://www.xbrl.org/2003/arcrole/parent-child' xlink:from='loc_CapitalLeasesFutureMinimumPaymentsPresentValueOfNetMinimumPaymentsAbstract' xlink:to='loc_CapitalLeasesFutureMinimumPaymentsInterestIncludedInPayments' xlink:type='arc' />
<presentationArc order='30' preferredLabel='http://www.xbrl.org/2003/role/totalLabel' xlink:arcrole='http://www.xbrl.org/2003/arcrole/parent-child' xlink:from='loc_CapitalLeasesFutureMinimumPaymentsPresentValueOfNetMinimumPaymentsAbstract' xlink:to='loc_CapitalLeasesFutureMinimumPaymentsPresentValueOfNetMinimumPayments' xlink:type='arc' />
<presentationArc order='20' xlink:arcrole='http://www.xbrl.org/2003/arcrole/parent-child' xlink:from='loc_CapitalLeasesFutureMinimumPaymentsNetPresentValueAbstract' xlink:to='loc_CapitalLeasesFutureMinimumSubleaseRentals' xlink:type='arc' />
<presentationArc order='50' xlink:arcrole='http://www.xbrl.org/2003/arcrole/parent-child' xlink:from='loc_CapitalLeasesOfLesseeAbstract' xlink:to='loc_CapitalLeasesIncomeStatementOfLesseeAbstract' xlink:type='arc' />
<presentationArc order='10' use='optional' xlink:arcrole='http://www.xbrl.org/2003/arcrole/parent-child' xlink:from='loc_CapitalLeasesIncomeStatementOfLesseeAbstract' xlink:to='loc_CapitalLeasesIncomeStatementAmortizationExpense' xlink:type='arc' />
<presentationArc order='20' use='optional' xlink:arcrole='http://www.xbrl.org/2003/arcrole/parent-child' xlink:from='loc_CapitalLeasesIncomeStatementOfLesseeAbstract' xlink:to='loc_CapitalLeasesIncomeStatementInterestExpense' xlink:type='arc' />
<presentationArc order='60' xlink:arcrole='http://www.xbrl.org/2003/arcrole/parent-child' xlink:from='loc_CapitalLeasesOfLesseeAbstract' xlink:to='loc_CapitalLeasesLesseeBalanceSheetAbstract' xlink:type='arc' />
<presentationArc order='10' xlink:arcrole='http://www.xbrl.org/2003/arcrole/parent-child' xlink:from='loc_CapitalLeasesLesseeBalanceSheetAbstract' xlink:to='loc_CapitalLeasedAssetsGross' xlink:type='arc' />
<presentationArc order='20' xlink:arcrole='http://www.xbrl.org/2003/arcrole/parent-child' xlink:from='loc_CapitalLeasesLesseeBalanceSheetAbstract' xlink:to='loc_CapitalLeasesBalanceSheetAssetsByMajorClassNetLesseeBalanceSheetAbstract' xlink:type='arc' />
<presentationArc order='10' xlink:arcrole='http://www.xbrl.org/2003/arcrole/parent-child' xlink:from='loc_CapitalLeasesBalanceSheetAssetsByMajorClassNetLesseeBalanceSheetAbstract' xlink:to='loc_CapitalLeasesLesseeBalanceSheetAssetsByMajorClassGrossAbstract' xlink:type='arc' />
<presentationArc order='10' xlink:arcrole='http://www.xbrl.org/2003/arcrole/parent-child' xlink:from='loc_CapitalLeasesLesseeBalanceSheetAssetsByMajorClassGrossAbstract' xlink:to='loc_CapitalLeasesLesseeBalanceSheetAssetsByMajorClassLand' xlink:type='arc' />
<presentationArc order='20' xlink:arcrole='http://www.xbrl.org/2003/arcrole/parent-child' xlink:from='loc_CapitalLeasesLesseeBalanceSheetAssetsByMajorClassGrossAbstract' xlink:to='loc_CapitalLeasesLesseeBalanceSheetAssetsByMajorClassBuilding' xlink:type='arc' />
<presentationArc order='30' xlink:arcrole='http://www.xbrl.org/2003/arcrole/parent-child' xlink:from='loc_CapitalLeasesLesseeBalanceSheetAssetsByMajorClassGrossAbstract' xlink:to='loc_CapitalLeasesLesseeBalanceSheetAssetsByMajorClassMachineryAndEquipment' xlink:type='arc' />
<presentationArc order='40' xlink:arcrole='http://www.xbrl.org/2003/arcrole/parent-child' xlink:from='loc_CapitalLeasesLesseeBalanceSheetAssetsByMajorClassGrossAbstract' xlink:to='loc_CapitalLeasesLesseeBalanceSheetAssetsByMajorClassFurnitureAndFixtures' xlink:type='arc' />
<presentationArc order='50' xlink:arcrole='http://www.xbrl.org/2003/arcrole/parent-child' xlink:from='loc_CapitalLeasesLesseeBalanceSheetAssetsByMajorClassGrossAbstract' xlink:to='loc_CapitalLeasesLesseeBalanceSheetAssetsByMajorClassComputerEquipment' xlink:type='arc' />
<presentationArc order='60' xlink:arcrole='http://www.xbrl.org/2003/arcrole/parent-child' xlink:from='loc_CapitalLeasesLesseeBalanceSheetAssetsByMajorClassGrossAbstract' xlink:to='loc_CapitalLeasesLesseeBalanceSheetAssetsByMajorClassLeaseholdImprovements' xlink:type='arc' />
<presentationArc order='70' xlink:arcrole='http://www.xbrl.org/2003/arcrole/parent-child' xlink:from='loc_CapitalLeasesLesseeBalanceSheetAssetsByMajorClassGrossAbstract' xlink:to='loc_CapitalLeasesLesseeBalanceSheetAssetsByMajorClassOtherPropertyPlantAndEquipment' xlink:type='arc' />
<presentationArc order='80' preferredLabel='http://www.xbrl.org/2003/role/totalLabel' xlink:arcrole='http://www.xbrl.org/2003/arcrole/parent-child' xlink:from='loc_CapitalLeasesLesseeBalanceSheetAssetsByMajorClassGrossAbstract' xlink:to='loc_CapitalLeasesLesseeBalanceSheetAssetsByMajorClassGross' xlink:type='arc' />
<presentationArc order='20' xlink:arcrole='http://www.xbrl.org/2003/arcrole/parent-child' xlink:from='loc_CapitalLeasesBalanceSheetAssetsByMajorClassNetLesseeBalanceSheetAbstract' xlink:to='loc_CapitalLeasesLesseeBalanceSheetAssetsByMajorClassAccumulatedDeprecation' xlink:type='arc' />
<presentationArc order='30' preferredLabel='http://www.xbrl.org/2003/role/totalLabel' xlink:arcrole='http://www.xbrl.org/2003/arcrole/parent-child' xlink:from='loc_CapitalLeasesBalanceSheetAssetsByMajorClassNetLesseeBalanceSheetAbstract' xlink:to='loc_CapitalLeasesBalanceSheetAssetsByMajorClassNet' xlink:type='arc' />
<presentationArc order='30' xlink:arcrole='http://www.xbrl.org/2003/arcrole/parent-child' xlink:from='loc_CapitalLeasesLesseeBalanceSheetAbstract' xlink:to='loc_CapitalLeaseObligationsAbstract' xlink:type='arc' />
<presentationArc order='10' xlink:arcrole='http://www.xbrl.org/2003/arcrole/parent-child' xlink:from='loc_CapitalLeaseObligationsAbstract' xlink:to='loc_CapitalLeaseObligationsCurrent' xlink:type='arc' />
<presentationArc order='20' xlink:arcrole='http://www.xbrl.org/2003/arcrole/parent-child' xlink:from='loc_CapitalLeaseObligationsAbstract' xlink:to='loc_CapitalLeaseObligationsNoncurrent' xlink:type='arc' />
<presentationArc order='30' preferredLabel='http://www.xbrl.org/2003/role/totalLabel' xlink:arcrole='http://www.xbrl.org/2003/arcrole/parent-child' xlink:from='loc_CapitalLeaseObligationsAbstract' xlink:to='loc_CapitalLeaseObligations' xlink:type='arc' />
<presentationArc order='20' xlink:arcrole='http://www.xbrl.org/2003/arcrole/parent-child' xlink:from='loc_LeasesCapitalAbstract' xlink:to='loc_DescriptionOfRelatedPartyLeasingArrangements' xlink:type='arc' />
<presentationArc order='30' xlink:arcrole='http://www.xbrl.org/2003/arcrole/parent-child' xlink:from='loc_LeasesCapitalAbstract' xlink:to='loc_CapitalLeasesInFinancialStatementsOfLessorDisclosureTextBlock' xlink:type='arc' />
<presentationArc order='10' use='optional' xlink:arcrole='http://www.xbrl.org/2003/arcrole/parent-child' xlink:from='loc_CapitalLeasesInFinancialStatementsOfLessorDisclosureTextBlock' xlink:to='loc_CapitalLeasesOfLessorAbstract' xlink:type='arc' />
<presentationArc order='10' xlink:arcrole='http://www.xbrl.org/2003/arcrole/parent-child' xlink:from='loc_CapitalLeasesOfLessorAbstract' xlink:to='loc_DescriptionOfLessorLeasingArrangementsCapitalLeases' xlink:type='arc' />
<presentationArc order='20' use='optional' xlink:arcrole='http://www.xbrl.org/2003/arcrole/parent-child' xlink:from='loc_CapitalLeasesOfLessorAbstract' xlink:to='loc_CapitalLeasesLessorBalanceSheetAbstract' xlink:type='arc' />
<presentationArc order='10' xlink:arcrole='http://www.xbrl.org/2003/arcrole/parent-child' xlink:from='loc_CapitalLeasesLessorBalanceSheetAbstract' xlink:to='loc_NetInvestmentInDirectFinancingAndSalesTypeLeasesAbstract' xlink:type='arc' />
<presentationArc order='10' xlink:arcrole='http://www.xbrl.org/2003/arcrole/parent-child' xlink:from='loc_NetInvestmentInDirectFinancingAndSalesTypeLeasesAbstract' xlink:to='loc_CapitalLeasesLessorBalanceSheetNetInvestmentInDirectFinancingAndSalesTypeLeasesCurrentAbstract' xlink:type='arc' />
<presentationArc order='10' xlink:arcrole='http://www.xbrl.org/2003/arcrole/parent-child' xlink:from='loc_CapitalLeasesLessorBalanceSheetNetInvestmentInDirectFinancingAndSalesTypeLeasesCurrentAbstract' xlink:to='loc_CapitalLeasesLessorBalanceSheetNetInvestmentInDirectFinancingLeasesCurrent' xlink:type='arc' />
<presentationArc order='20' xlink:arcrole='http://www.xbrl.org/2003/arcrole/parent-child' xlink:from='loc_CapitalLeasesLessorBalanceSheetNetInvestmentInDirectFinancingAndSalesTypeLeasesCurrentAbstract' xlink:to='loc_CapitalLeasesLessorBalanceSheetNetInvestmentInSalesTypeLeasesCurrent' xlink:type='arc' />
<presentationArc order='30' preferredLabel='http://www.xbrl.org/2003/role/totalLabel' xlink:arcrole='http://www.xbrl.org/2003/arcrole/parent-child' xlink:from='loc_CapitalLeasesLessorBalanceSheetNetInvestmentInDirectFinancingAndSalesTypeLeasesCurrentAbstract' xlink:to='loc_CapitalLeasesLessorBalanceSheetNetInvestmentInDirectFinancingAndSalesTypeLeasesCurrent' xlink:type='arc' />
<presentationArc order='20' xlink:arcrole='http://www.xbrl.org/2003/arcrole/parent-child' xlink:from='loc_NetInvestmentInDirectFinancingAndSalesTypeLeasesAbstract' xlink:to='loc_CapitalLeasesLessorBalanceSheetNetInvestmentInDirectFinancingAndSalesTypeLeasesNoncurrentAbstract' xlink:type='arc' />
<presentationArc order='10' xlink:arcrole='http://www.xbrl.org/2003/arcrole/parent-child' xlink:from='loc_CapitalLeasesLessorBalanceSheetNetInvestmentInDirectFinancingAndSalesTypeLeasesNoncurrentAbstract' xlink:to='loc_CapitalLeasesLessorBalanceSheetNetInvestmentInDirectFinancingLeasesNoncurrent' xlink:type='arc' />
<presentationArc order='20' xlink:arcrole='http://www.xbrl.org/2003/arcrole/parent-child' xlink:from='loc_CapitalLeasesLessorBalanceSheetNetInvestmentInDirectFinancingAndSalesTypeLeasesNoncurrentAbstract' xlink:to='loc_CapitalLeasesLessorBalanceSheetNetInvestmentInSalesTypeLeasesNoncurrent' xlink:type='arc' />
<presentationArc order='30' preferredLabel='http://www.xbrl.org/2003/role/totalLabel' xlink:arcrole='http://www.xbrl.org/2003/arcrole/parent-child' xlink:from='loc_CapitalLeasesLessorBalanceSheetNetInvestmentInDirectFinancingAndSalesTypeLeasesNoncurrentAbstract' xlink:to='loc_CapitalLeasesLessorBalanceSheetNetInvestmentInDirectFinancingAndSalesTypeLeasesNoncurrent' xlink:type='arc' />
<presentationArc order='30' preferredLabel='http://www.xbrl.org/2003/role/totalLabel' xlink:arcrole='http://www.xbrl.org/2003/arcrole/parent-child' xlink:from='loc_NetInvestmentInDirectFinancingAndSalesTypeLeasesAbstract' xlink:to='loc_NetInvestmentInDirectFinancingAndSalesTypeLeases' xlink:type='arc' />
<presentationArc order='30' xlink:arcrole='http://www.xbrl.org/2003/arcrole/parent-child' xlink:from='loc_CapitalLeasesOfLessorAbstract' xlink:to='loc_CapitalLeasesNetInvestmentInDirectFinancingAndSalesTypeLeasesAbstract' xlink:type='arc' />
<presentationArc order='10' xlink:arcrole='http://www.xbrl.org/2003/arcrole/parent-child' xlink:from='loc_CapitalLeasesNetInvestmentInDirectFinancingAndSalesTypeLeasesAbstract' xlink:to='loc_CapitalLeasesNetInvestmentInDirectFinancingLeasesAbstract' xlink:type='arc' />
<presentationArc order='10' use='optional' xlink:arcrole='http://www.xbrl.org/2003/arcrole/parent-child' xlink:from='loc_CapitalLeasesNetInvestmentInDirectFinancingLeasesAbstract' xlink:to='loc_CapitalLeasesNetInvestmentInDirectFinancingLeasesMinimumPaymentsToBeReceived' xlink:type='arc' />
<presentationArc order='20' use='optional' xlink:arcrole='http://www.xbrl.org/2003/arcrole/parent-child' xlink:from='loc_CapitalLeasesNetInvestmentInDirectFinancingLeasesAbstract' xlink:to='loc_CapitalLeasesNetInvestmentInDirectFinancingLeasesExecutoryCosts' xlink:type='arc' />
<presentationArc order='30' xlink:arcrole='http://www.xbrl.org/2003/arcrole/parent-child' xlink:from='loc_CapitalLeasesNetInvestmentInDirectFinancingLeasesAbstract' xlink:to='loc_CapitalLeasesNetInvestmentInDirectFinancingLeasesAllowanceForUncollectibleMinimumLeasePayments' xlink:type='arc' />
<presentationArc order='40' xlink:arcrole='http://www.xbrl.org/2003/arcrole/parent-child' xlink:from='loc_CapitalLeasesNetInvestmentInDirectFinancingLeasesAbstract' xlink:to='loc_CapitalLeasesNetInvestmentInDirectFinancingLeasesUnguaranteedResidualValuesOfLeasedProperty' xlink:type='arc' />
<presentationArc order='50' xlink:arcrole='http://www.xbrl.org/2003/arcrole/parent-child' xlink:from='loc_CapitalLeasesNetInvestmentInDirectFinancingLeasesAbstract' xlink:to='loc_CapitalLeasesNetInvestmentInDirectFinancingLeasesInitialDirectCosts' xlink:type='arc' />
<presentationArc order='60' xlink:arcrole='http://www.xbrl.org/2003/arcrole/parent-child' xlink:from='loc_CapitalLeasesNetInvestmentInDirectFinancingLeasesAbstract' xlink:to='loc_CapitalLeasesNetInvestmentInDirectFinancingLeasesDeferredIncome' xlink:type='arc' />
<presentationArc order='70' xlink:arcrole='http://www.xbrl.org/2003/arcrole/parent-child' xlink:from='loc_CapitalLeasesNetInvestmentInDirectFinancingLeasesAbstract' xlink:to='loc_CapitalLeasesNetInvestmentInDirectFinancingLeasesAccumulatedAmortization' xlink:type='arc' />
<presentationArc order='80' preferredLabel='http://www.xbrl.org/2003/role/totalLabel' xlink:arcrole='http://www.xbrl.org/2003/arcrole/parent-child' xlink:from='loc_CapitalLeasesNetInvestmentInDirectFinancingLeasesAbstract' xlink:to='loc_CapitalLeasesNetInvestmentInDirectFinancingLeases' xlink:type='arc' />
<presentationArc order='20' xlink:arcrole='http://www.xbrl.org/2003/arcrole/parent-child' xlink:from='loc_CapitalLeasesNetInvestmentInDirectFinancingAndSalesTypeLeasesAbstract' xlink:to='loc_CapitalLeasesNetInvestmentInSalesTypeLeasesAbstract' xlink:type='arc' />
<presentationArc order='10' use='optional' xlink:arcrole='http://www.xbrl.org/2003/arcrole/parent-child' xlink:from='loc_CapitalLeasesNetInvestmentInSalesTypeLeasesAbstract' xlink:to='loc_CapitalLeasesNetInvestmentInSalesTypeLeasesMinimumPaymentsToBeReceived' xlink:type='arc' />
<presentationArc order='20' use='optional' xlink:arcrole='http://www.xbrl.org/2003/arcrole/parent-child' xlink:from='loc_CapitalLeasesNetInvestmentInSalesTypeLeasesAbstract' xlink:to='loc_CapitalLeasesNetInvestmentInSalesTypeLeasesExecutoryCosts' xlink:type='arc' />
<presentationArc order='30' xlink:arcrole='http://www.xbrl.org/2003/arcrole/parent-child' xlink:from='loc_CapitalLeasesNetInvestmentInSalesTypeLeasesAbstract' xlink:to='loc_CapitalLeasesNetInvestmentInSalesTypeLeasesAllowanceForUncollectibleMinimumLeasePayments' xlink:type='arc' />
<presentationArc order='40' xlink:arcrole='http://www.xbrl.org/2003/arcrole/parent-child' xlink:from='loc_CapitalLeasesNetInvestmentInSalesTypeLeasesAbstract' xlink:to='loc_CapitalLeasesNetInvestmentInSalesTypeLeasesUnguaranteedResidualValuesOfLeasedProperty' xlink:type='arc' />
<presentationArc order='50' xlink:arcrole='http://www.xbrl.org/2003/arcrole/parent-child' xlink:from='loc_CapitalLeasesNetInvestmentInSalesTypeLeasesAbstract' xlink:to='loc_CapitalLeasesNetInvestmentInSalesTypeLeasesDeferredIncome' xlink:type='arc' />
<presentationArc order='60' preferredLabel='http://www.xbrl.org/2003/role/totalLabel' xlink:arcrole='http://www.xbrl.org/2003/arcrole/parent-child' xlink:from='loc_CapitalLeasesNetInvestmentInSalesTypeLeasesAbstract' xlink:to='loc_CapitalLeasesNetInvestmentInSalesTypeLeases' xlink:type='arc' />
<presentationArc order='30' preferredLabel='http://www.xbrl.org/2003/role/totalLabel' xlink:arcrole='http://www.xbrl.org/2003/arcrole/parent-child' xlink:from='loc_CapitalLeasesNetInvestmentInDirectFinancingAndSalesTypeLeasesAbstract' xlink:to='loc_CapitalLeasesNetInvestmentInDirectFinancingAndSalesTypeLeases' xlink:type='arc' />
<presentationArc order='40' use='optional' xlink:arcrole='http://www.xbrl.org/2003/arcrole/parent-child' xlink:from='loc_CapitalLeasesOfLessorAbstract' xlink:to='loc_CapitalLeasesIncomeStatementLeaseRevenueIncomeStatementOfLessorAbstract' xlink:type='arc' />
<presentationArc order='10' xlink:arcrole='http://www.xbrl.org/2003/arcrole/parent-child' xlink:from='loc_CapitalLeasesIncomeStatementLeaseRevenueIncomeStatementOfLessorAbstract' xlink:to='loc_CapitalLeasesIncomeStatementSalesTypeLeaseRevenue' xlink:type='arc' />
<presentationArc order='20' xlink:arcrole='http://www.xbrl.org/2003/arcrole/parent-child' xlink:from='loc_CapitalLeasesIncomeStatementLeaseRevenueIncomeStatementOfLessorAbstract' xlink:to='loc_CapitalLeasesIncomeStatementDirectFinancingLeaseRevenue' xlink:type='arc' />
<presentationArc order='30' preferredLabel='http://www.xbrl.org/2003/role/totalLabel' xlink:arcrole='http://www.xbrl.org/2003/arcrole/parent-child' xlink:from='loc_CapitalLeasesIncomeStatementLeaseRevenueIncomeStatementOfLessorAbstract' xlink:to='loc_CapitalLeasesIncomeStatementLeaseRevenue' xlink:type='arc' />
<presentationArc order='50' use='optional' xlink:arcrole='http://www.xbrl.org/2003/arcrole/parent-child' xlink:from='loc_CapitalLeasesOfLessorAbstract' xlink:to='loc_CapitalLeasesFutureMinimumPaymentsReceivableAbstract' xlink:type='arc' />
<presentationArc order='10' use='optional' xlink:arcrole='http://www.xbrl.org/2003/arcrole/parent-child' xlink:from='loc_CapitalLeasesFutureMinimumPaymentsReceivableAbstract' xlink:to='loc_CapitalLeasesFutureMinimumPaymentsReceivableCurrent' xlink:type='arc' />
<presentationArc order='20' use='optional' xlink:arcrole='http://www.xbrl.org/2003/arcrole/parent-child' xlink:from='loc_CapitalLeasesFutureMinimumPaymentsReceivableAbstract' xlink:to='loc_CapitalLeasesFutureMinimumPaymentsReceivableInTwoYears' xlink:type='arc' />
<presentationArc order='30' use='optional' xlink:arcrole='http://www.xbrl.org/2003/arcrole/parent-child' xlink:from='loc_CapitalLeasesFutureMinimumPaymentsReceivableAbstract' xlink:to='loc_CapitalLeasesFutureMinimumPaymentsReceivableInThreeYears' xlink:type='arc' />
<presentationArc order='40' use='optional' xlink:arcrole='http://www.xbrl.org/2003/arcrole/parent-child' xlink:from='loc_CapitalLeasesFutureMinimumPaymentsReceivableAbstract' xlink:to='loc_CapitalLeasesFutureMinimumPaymentsReceivableInFourYears' xlink:type='arc' />
<presentationArc order='50' use='optional' xlink:arcrole='http://www.xbrl.org/2003/arcrole/parent-child' xlink:from='loc_CapitalLeasesFutureMinimumPaymentsReceivableAbstract' xlink:to='loc_CapitalLeasesFutureMinimumPaymentsReceivableInFiveYears' xlink:type='arc' />
<presentationArc order='60' use='optional' xlink:arcrole='http://www.xbrl.org/2003/arcrole/parent-child' xlink:from='loc_CapitalLeasesFutureMinimumPaymentsReceivableAbstract' xlink:to='loc_CapitalLeasesFutureMinimumPaymentsReceivableDueThereafter' xlink:type='arc' />
<presentationArc order='70' preferredLabel='http://www.xbrl.org/2003/role/totalLabel' use='optional' xlink:arcrole='http://www.xbrl.org/2003/arcrole/parent-child' xlink:from='loc_CapitalLeasesFutureMinimumPaymentsReceivableAbstract' xlink:to='loc_CapitalLeasesFutureMinimumPaymentsReceivable' xlink:type='arc' />
<presentationArc order='60' use='optional' xlink:arcrole='http://www.xbrl.org/2003/arcrole/parent-child' xlink:from='loc_CapitalLeasesOfLessorAbstract' xlink:to='loc_CapitalLeasesContingentRentalPaymentsReceived' xlink:type='arc' />
<presentationArc order='20' use='optional' xlink:arcrole='http://www.xbrl.org/2003/arcrole/parent-child' xlink:from='loc_CapitalLeasesInFinancialStatementsOfLessorDisclosureTextBlock' xlink:to='loc_LeveragedLeasesAbstract' xlink:type='arc' />
<presentationArc order='10' use='optional' xlink:arcrole='http://www.xbrl.org/2003/arcrole/parent-child' xlink:from='loc_LeveragedLeasesAbstract' xlink:to='loc_DescriptionOfLessorLeasingArrangementsCapitalLeases' xlink:type='arc' />
<presentationArc order='20' xlink:arcrole='http://www.xbrl.org/2003/arcrole/parent-child' xlink:from='loc_LeveragedLeasesAbstract' xlink:to='loc_LeveragedLeasesEffectOfChangeInTaxRate' xlink:type='arc' />
<presentationArc order='30' use='optional' xlink:arcrole='http://www.xbrl.org/2003/arcrole/parent-child' xlink:from='loc_LeveragedLeasesAbstract' xlink:to='loc_LeveragedLeasesBalanceSheetInvestmentInLeveragedLeasesNetAbstract' xlink:type='arc' />
<presentationArc order='10' use='optional' xlink:arcrole='http://www.xbrl.org/2003/arcrole/parent-child' xlink:from='loc_LeveragedLeasesBalanceSheetInvestmentInLeveragedLeasesNetAbstract' xlink:to='loc_LeveragedLeasesBalanceSheetInvestmentInLeveragedLeases' xlink:type='arc' />
<presentationArc order='20' use='optional' xlink:arcrole='http://www.xbrl.org/2003/arcrole/parent-child' xlink:from='loc_LeveragedLeasesBalanceSheetInvestmentInLeveragedLeasesNetAbstract' xlink:to='loc_LeveragedLeasesBalanceSheetDeferredTaxesArisingFromLeveragedLeases' xlink:type='arc' />
<presentationArc order='30' preferredLabel='http://www.xbrl.org/2003/role/totalLabel' use='optional' xlink:arcrole='http://www.xbrl.org/2003/arcrole/parent-child' xlink:from='loc_LeveragedLeasesBalanceSheetInvestmentInLeveragedLeasesNetAbstract' xlink:to='loc_LeveragedLeasesBalanceSheetInvestmentInLeveragedLeasesNet' xlink:type='arc' />
<presentationArc order='40' use='optional' xlink:arcrole='http://www.xbrl.org/2003/arcrole/parent-child' xlink:from='loc_LeveragedLeasesAbstract' xlink:to='loc_LeveragedLeasesIncomeStatementNetIncomeFromLeveragedLeasesAbstract' xlink:type='arc' />
<presentationArc order='10' use='optional' xlink:arcrole='http://www.xbrl.org/2003/arcrole/parent-child' xlink:from='loc_LeveragedLeasesIncomeStatementNetIncomeFromLeveragedLeasesAbstract' xlink:to='loc_LeveragedLeasesIncomeStatementIncomeFromLeveragedLeases' xlink:type='arc' />
<presentationArc order='20' use='optional' xlink:arcrole='http://www.xbrl.org/2003/arcrole/parent-child' xlink:from='loc_LeveragedLeasesIncomeStatementNetIncomeFromLeveragedLeasesAbstract' xlink:to='loc_LeveragedLeasesIncomeStatementIncomeTaxExpenseOnLeveragedLeases' xlink:type='arc' />
<presentationArc order='30' use='optional' xlink:arcrole='http://www.xbrl.org/2003/arcrole/parent-child' xlink:from='loc_LeveragedLeasesIncomeStatementNetIncomeFromLeveragedLeasesAbstract' xlink:to='loc_LeveragedLeasesIncomeStatementInvestmentTaxCreditRecognizedOnLeveragedLeases' xlink:type='arc' />
<presentationArc order='40' preferredLabel='http://www.xbrl.org/2003/role/totalLabel' use='optional' xlink:arcrole='http://www.xbrl.org/2003/arcrole/parent-child' xlink:from='loc_LeveragedLeasesIncomeStatementNetIncomeFromLeveragedLeasesAbstract' xlink:to='loc_LeveragedLeasesIncomeStatementNetIncomeFromLeveragedLeases' xlink:type='arc' />
<presentationArc order='50' xlink:arcrole='http://www.xbrl.org/2003/arcrole/parent-child' xlink:from='loc_LeveragedLeasesAbstract' xlink:to='loc_LeveragedLeasesNetInvestmentInLeveragedLeasesDisclosureInvestmentInLeveragedLeasesNetAbstract' xlink:type='arc' />
<presentationArc order='10' xlink:arcrole='http://www.xbrl.org/2003/arcrole/parent-child' xlink:from='loc_LeveragedLeasesNetInvestmentInLeveragedLeasesDisclosureInvestmentInLeveragedLeasesNetAbstract' xlink:to='loc_LeveragedLeasesNetInvestmentInLeveragedLeasesDisclosureRentalReceivablesNetAbstract' xlink:type='arc' />
<presentationArc order='10' xlink:arcrole='http://www.xbrl.org/2003/arcrole/parent-child' xlink:from='loc_LeveragedLeasesNetInvestmentInLeveragedLeasesDisclosureRentalReceivablesNetAbstract' xlink:to='loc_LeveragedLeasesNetInvestmentInLeveragedLeasesDisclosureRentalReceivablesGross' xlink:type='arc' />
<presentationArc order='20' xlink:arcrole='http://www.xbrl.org/2003/arcrole/parent-child' xlink:from='loc_LeveragedLeasesNetInvestmentInLeveragedLeasesDisclosureRentalReceivablesNetAbstract' xlink:to='loc_LeveragedLeasesNetInvestmentInLeveragedLeasesDisclosureNonrecourseDebtService' xlink:type='arc' />
<presentationArc order='30' preferredLabel='http://www.xbrl.org/2003/role/totalLabel' xlink:arcrole='http://www.xbrl.org/2003/arcrole/parent-child' xlink:from='loc_LeveragedLeasesNetInvestmentInLeveragedLeasesDisclosureRentalReceivablesNetAbstract' xlink:to='loc_LeveragedLeasesNetInvestmentInLeveragedLeasesDisclosureRentalReceivablesNet' xlink:type='arc' />
<presentationArc order='20' xlink:arcrole='http://www.xbrl.org/2003/arcrole/parent-child' xlink:from='loc_LeveragedLeasesNetInvestmentInLeveragedLeasesDisclosureInvestmentInLeveragedLeasesNetAbstract' xlink:to='loc_LeveragedLeasesNetInvestmentInLeveragedLeasesDisclosureInvestmentTaxCreditReceivable' xlink:type='arc' />
<presentationArc order='30' xlink:arcrole='http://www.xbrl.org/2003/arcrole/parent-child' xlink:from='loc_LeveragedLeasesNetInvestmentInLeveragedLeasesDisclosureInvestmentInLeveragedLeasesNetAbstract' xlink:to='loc_LeveragedLeasesNetInvestmentInLeveragedLeasesDisclosureResidualValueOfLeasedAssets' xlink:type='arc' />
<presentationArc order='40' xlink:arcrole='http://www.xbrl.org/2003/arcrole/parent-child' xlink:from='loc_LeveragedLeasesNetInvestmentInLeveragedLeasesDisclosureInvestmentInLeveragedLeasesNetAbstract' xlink:to='loc_LeveragedLeasesNetInvestmentInLeveragedLeasesDisclosureDeferredIncome' xlink:type='arc' />
<presentationArc order='50' xlink:arcrole='http://www.xbrl.org/2003/arcrole/parent-child' xlink:from='loc_LeveragedLeasesNetInvestmentInLeveragedLeasesDisclosureInvestmentInLeveragedLeasesNetAbstract' xlink:to='loc_LeveragedLeasesNetInvestmentInLeveragedLeasesDisclosureDeferredTaxesArisingFromLeveragedLeases' xlink:type='arc' />
<presentationArc order='60' preferredLabel='http://www.xbrl.org/2003/role/totalLabel' xlink:arcrole='http://www.xbrl.org/2003/arcrole/parent-child' xlink:from='loc_LeveragedLeasesNetInvestmentInLeveragedLeasesDisclosureInvestmentInLeveragedLeasesNetAbstract' xlink:to='loc_LeveragedLeasesNetInvestmentInLeveragedLeasesDisclosureInvestmentInLeveragedLeasesNet' xlink:type='arc' />
</presentationLink>
</link:linkbase>
