<?xml version="1.0" encoding="UTF-8" standalone="no"?>

<!--
Copyright (C) 2007, 2008 XBRL US, Inc. All Rights Reserved.
Authorized Uses are Set Forth at http://xbrl.us/legal
  -->
<link:linkbase xmlns:link='http://www.xbrl.org/2003/linkbase' xmlns:xlink='http://www.w3.org/1999/xlink' xmlns:xsi='http://www.w3.org/2001/XMLSchema-instance' xsi:schemaLocation='http://www.xbrl.org/2003/linkbase http://www.xbrl.org/2003/xbrl-linkbase-2003-12-31.xsd'>
<link:roleRef roleURI='http://xbrl.us/us-gaap/role/disclosure/LeasesOperating' xlink:href='../elts/us-roles-2008-03-31.xsd#leaop' xlink:type='simple' />
<presentationLink xlink:role='http://xbrl.us/us-gaap/role/disclosure/LeasesOperating' xlink:type='extended' xmlns='http://www.xbrl.org/2003/linkbase'>
<link:loc xlink:href='../elts/us-gaap-2008-03-31.xsd#us-gaap_LeasesOperatingAbstract' xlink:label='loc_LeasesOperatingAbstract' xlink:type='locator' />
<link:loc xlink:href='../elts/us-gaap-2008-03-31.xsd#us-gaap_OperatingLeasesOfLesseeDisclosureTextBlock' xlink:label='loc_OperatingLeasesOfLesseeDisclosureTextBlock' xlink:type='locator' />
<link:loc xlink:href='../elts/us-gaap-2008-03-31.xsd#us-gaap_DescriptionOfLesseeLeasingArrangementsOperatingLeases' xlink:label='loc_DescriptionOfLesseeLeasingArrangementsOperatingLeases' xlink:type='locator' />
<link:loc xlink:href='../elts/us-gaap-2008-03-31.xsd#us-gaap_OperatingLeasesFutureMinimumPaymentsDueAbstract' xlink:label='loc_OperatingLeasesFutureMinimumPaymentsDueAbstract' xlink:type='locator' />
<link:loc xlink:href='../elts/us-gaap-2008-03-31.xsd#us-gaap_OperatingLeasesFutureMinimumPaymentsDueCurrent' xlink:label='loc_OperatingLeasesFutureMinimumPaymentsDueCurrent' xlink:type='locator' />
<link:loc xlink:href='../elts/us-gaap-2008-03-31.xsd#us-gaap_OperatingLeasesFutureMinimumPaymentsDueInTwoYears' xlink:label='loc_OperatingLeasesFutureMinimumPaymentsDueInTwoYears' xlink:type='locator' />
<link:loc xlink:href='../elts/us-gaap-2008-03-31.xsd#us-gaap_OperatingLeasesFutureMinimumPaymentsDueInThreeYears' xlink:label='loc_OperatingLeasesFutureMinimumPaymentsDueInThreeYears' xlink:type='locator' />
<link:loc xlink:href='../elts/us-gaap-2008-03-31.xsd#us-gaap_OperatingLeasesFutureMinimumPaymentsDueInFourYears' xlink:label='loc_OperatingLeasesFutureMinimumPaymentsDueInFourYears' xlink:type='locator' />
<link:loc xlink:href='../elts/us-gaap-2008-03-31.xsd#us-gaap_OperatingLeasesFutureMinimumPaymentsDueInFiveYears' xlink:label='loc_OperatingLeasesFutureMinimumPaymentsDueInFiveYears' xlink:type='locator' />
<link:loc xlink:href='../elts/us-gaap-2008-03-31.xsd#us-gaap_OperatingLeasesFutureMinimumPaymentsDueThereafter' xlink:label='loc_OperatingLeasesFutureMinimumPaymentsDueThereafter' xlink:type='locator' />
<link:loc xlink:href='../elts/us-gaap-2008-03-31.xsd#us-gaap_OperatingLeasesFutureMinimumPaymentsDue' xlink:label='loc_OperatingLeasesFutureMinimumPaymentsDue' xlink:type='locator' />
<link:loc xlink:href='../elts/us-gaap-2008-03-31.xsd#us-gaap_OperatingLeasesRentExpenseAbstract' xlink:label='loc_OperatingLeasesRentExpenseAbstract' xlink:type='locator' />
<link:loc xlink:href='../elts/us-gaap-2008-03-31.xsd#us-gaap_OperatingLeasesRentExpenseMinimumRentals' xlink:label='loc_OperatingLeasesRentExpenseMinimumRentals' xlink:type='locator' />
<link:loc xlink:href='../elts/us-gaap-2008-03-31.xsd#us-gaap_OperatingLeasesRentExpenseContingentRentals' xlink:label='loc_OperatingLeasesRentExpenseContingentRentals' xlink:type='locator' />
<link:loc xlink:href='../elts/us-gaap-2008-03-31.xsd#us-gaap_OperatingLeasesRentExpenseSubleaseRentals' xlink:label='loc_OperatingLeasesRentExpenseSubleaseRentals' xlink:type='locator' />
<link:loc xlink:href='../elts/us-gaap-2008-03-31.xsd#us-gaap_OperatingLeasesRentExpense' xlink:label='loc_OperatingLeasesRentExpense' xlink:type='locator' />
<link:loc xlink:href='../elts/us-gaap-2008-03-31.xsd#us-gaap_OperatingLeasesFutureMinimumPaymentsDueFutureMinimumSubleaseRentals' xlink:label='loc_OperatingLeasesFutureMinimumPaymentsDueFutureMinimumSubleaseRentals' xlink:type='locator' />
<link:loc xlink:href='../elts/us-gaap-2008-03-31.xsd#us-gaap_OperatingLeasesIndemnificationAgreementsDescription' xlink:label='loc_OperatingLeasesIndemnificationAgreementsDescription' xlink:type='locator' />
<link:loc xlink:href='../elts/us-gaap-2008-03-31.xsd#us-gaap_OperatingLeasesOfLessorDisclosureTextBlock' xlink:label='loc_OperatingLeasesOfLessorDisclosureTextBlock' xlink:type='locator' />
<link:loc xlink:href='../elts/us-gaap-2008-03-31.xsd#us-gaap_DescriptionOfLessorLeasingArrangementsOperatingLeases' xlink:label='loc_DescriptionOfLessorLeasingArrangementsOperatingLeases' xlink:type='locator' />
<link:loc xlink:href='../elts/us-gaap-2008-03-31.xsd#us-gaap_OperatingLeasesLessorBalanceSheetAbstract' xlink:label='loc_OperatingLeasesLessorBalanceSheetAbstract' xlink:type='locator' />
<link:loc xlink:href='../elts/us-gaap-2008-03-31.xsd#us-gaap_ScheduleOfPropertySubjectToOrAvailableForOperatingLeaseTextBlock' xlink:label='loc_ScheduleOfPropertySubjectToOrAvailableForOperatingLeaseTextBlock' xlink:type='locator' />
<link:loc xlink:href='../elts/us-gaap-2008-03-31.xsd#us-gaap_PropertySubjectToOrAvailableForOperatingLeaseByMajorPropertyClassTable' xlink:label='loc_PropertySubjectToOrAvailableForOperatingLeaseByMajorPropertyClassTable' xlink:type='locator' />
<link:loc xlink:href='../elts/us-gaap-2008-03-31.xsd#us-gaap_MajorPropertyClassAxis' xlink:label='loc_MajorPropertyClassAxis' xlink:type='locator' />
<link:loc xlink:href='../elts/us-gaap-2008-03-31.xsd#us-gaap_MajorPropertyClassDomain' xlink:label='loc_MajorPropertyClassDomain' xlink:type='locator' />
<link:loc xlink:href='../elts/us-gaap-2008-03-31.xsd#us-gaap_LandAndBuildingMember' xlink:label='loc_LandAndBuildingMember' xlink:type='locator' />
<link:loc xlink:href='../elts/us-gaap-2008-03-31.xsd#us-gaap_LandMember' xlink:label='loc_LandMember' xlink:type='locator' />
<link:loc xlink:href='../elts/us-gaap-2008-03-31.xsd#us-gaap_LandImprovementsMember' xlink:label='loc_LandImprovementsMember' xlink:type='locator' />
<link:loc xlink:href='../elts/us-gaap-2008-03-31.xsd#us-gaap_LeaseholdImprovementsMember' xlink:label='loc_LeaseholdImprovementsMember' xlink:type='locator' />
<link:loc xlink:href='../elts/us-gaap-2008-03-31.xsd#us-gaap_BuildingMember' xlink:label='loc_BuildingMember' xlink:type='locator' />
<link:loc xlink:href='../elts/us-gaap-2008-03-31.xsd#us-gaap_BuildingImprovementsMember' xlink:label='loc_BuildingImprovementsMember' xlink:type='locator' />
<link:loc xlink:href='../elts/us-gaap-2008-03-31.xsd#us-gaap_ManufacturingFacilityMember' xlink:label='loc_ManufacturingFacilityMember' xlink:type='locator' />
<link:loc xlink:href='../elts/us-gaap-2008-03-31.xsd#us-gaap_MachineryAndEquipmentMember' xlink:label='loc_MachineryAndEquipmentMember' xlink:type='locator' />
<link:loc xlink:href='../elts/us-gaap-2008-03-31.xsd#us-gaap_ToolsDiesAndMoldsMember' xlink:label='loc_ToolsDiesAndMoldsMember' xlink:type='locator' />
<link:loc xlink:href='../elts/us-gaap-2008-03-31.xsd#us-gaap_TechnologyEquipmentMember' xlink:label='loc_TechnologyEquipmentMember' xlink:type='locator' />
<link:loc xlink:href='../elts/us-gaap-2008-03-31.xsd#us-gaap_ComputerEquipmentMember' xlink:label='loc_ComputerEquipmentMember' xlink:type='locator' />
<link:loc xlink:href='../elts/us-gaap-2008-03-31.xsd#us-gaap_OfficeEquipmentMember' xlink:label='loc_OfficeEquipmentMember' xlink:type='locator' />
<link:loc xlink:href='../elts/us-gaap-2008-03-31.xsd#us-gaap_EquipmentMember' xlink:label='loc_EquipmentMember' xlink:type='locator' />
<link:loc xlink:href='../elts/us-gaap-2008-03-31.xsd#us-gaap_OtherMachineryAndEquipmentMember' xlink:label='loc_OtherMachineryAndEquipmentMember' xlink:type='locator' />
<link:loc xlink:href='../elts/us-gaap-2008-03-31.xsd#us-gaap_TransportationEquipmentMember' xlink:label='loc_TransportationEquipmentMember' xlink:type='locator' />
<link:loc xlink:href='../elts/us-gaap-2008-03-31.xsd#us-gaap_AirTransportationEquipmentMember' xlink:label='loc_AirTransportationEquipmentMember' xlink:type='locator' />
<link:loc xlink:href='../elts/us-gaap-2008-03-31.xsd#us-gaap_FlightEquipmentMember' xlink:label='loc_FlightEquipmentMember' xlink:type='locator' />
<link:loc xlink:href='../elts/us-gaap-2008-03-31.xsd#us-gaap_MaritimeEquipmentMember' xlink:label='loc_MaritimeEquipmentMember' xlink:type='locator' />
<link:loc xlink:href='../elts/us-gaap-2008-03-31.xsd#us-gaap_ContainersMember' xlink:label='loc_ContainersMember' xlink:type='locator' />
<link:loc xlink:href='../elts/us-gaap-2008-03-31.xsd#us-gaap_RailroadTransportationEquipmentMember' xlink:label='loc_RailroadTransportationEquipmentMember' xlink:type='locator' />
<link:loc xlink:href='../elts/us-gaap-2008-03-31.xsd#us-gaap_VehiclesMember' xlink:label='loc_VehiclesMember' xlink:type='locator' />
<link:loc xlink:href='../elts/us-gaap-2008-03-31.xsd#us-gaap_OtherTransportationEquipmentMember' xlink:label='loc_OtherTransportationEquipmentMember' xlink:type='locator' />
<link:loc xlink:href='../elts/us-gaap-2008-03-31.xsd#us-gaap_EnergyEquipmentMember' xlink:label='loc_EnergyEquipmentMember' xlink:type='locator' />
<link:loc xlink:href='../elts/us-gaap-2008-03-31.xsd#us-gaap_PipelinesMember' xlink:label='loc_PipelinesMember' xlink:type='locator' />
<link:loc xlink:href='../elts/us-gaap-2008-03-31.xsd#us-gaap_RefiningEquipmentMember' xlink:label='loc_RefiningEquipmentMember' xlink:type='locator' />
<link:loc xlink:href='../elts/us-gaap-2008-03-31.xsd#us-gaap_UpstreamEquipmentMember' xlink:label='loc_UpstreamEquipmentMember' xlink:type='locator' />
<link:loc xlink:href='../elts/us-gaap-2008-03-31.xsd#us-gaap_DownstreamEquipmentMember' xlink:label='loc_DownstreamEquipmentMember' xlink:type='locator' />
<link:loc xlink:href='../elts/us-gaap-2008-03-31.xsd#us-gaap_GasTransmissionEquipmentMember' xlink:label='loc_GasTransmissionEquipmentMember' xlink:type='locator' />
<link:loc xlink:href='../elts/us-gaap-2008-03-31.xsd#us-gaap_ElectricTransmissionAndDistributionMember' xlink:label='loc_ElectricTransmissionAndDistributionMember' xlink:type='locator' />
<link:loc xlink:href='../elts/us-gaap-2008-03-31.xsd#us-gaap_ElectricGenerationEquipmentMember' xlink:label='loc_ElectricGenerationEquipmentMember' xlink:type='locator' />
<link:loc xlink:href='../elts/us-gaap-2008-03-31.xsd#us-gaap_NuclearFuelMember' xlink:label='loc_NuclearFuelMember' xlink:type='locator' />
<link:loc xlink:href='../elts/us-gaap-2008-03-31.xsd#us-gaap_GasGatheringAndProcessingEquipmentMember' xlink:label='loc_GasGatheringAndProcessingEquipmentMember' xlink:type='locator' />
<link:loc xlink:href='../elts/us-gaap-2008-03-31.xsd#us-gaap_MiningPropertiesAndMineralRightsMember' xlink:label='loc_MiningPropertiesAndMineralRightsMember' xlink:type='locator' />
<link:loc xlink:href='../elts/us-gaap-2008-03-31.xsd#us-gaap_MineDevelopmentMember' xlink:label='loc_MineDevelopmentMember' xlink:type='locator' />
<link:loc xlink:href='../elts/us-gaap-2008-03-31.xsd#us-gaap_OilAndGasPropertiesMember' xlink:label='loc_OilAndGasPropertiesMember' xlink:type='locator' />
<link:loc xlink:href='../elts/us-gaap-2008-03-31.xsd#us-gaap_DrillingRightsMember' xlink:label='loc_DrillingRightsMember' xlink:type='locator' />
<link:loc xlink:href='../elts/us-gaap-2008-03-31.xsd#us-gaap_MarineServicesEquipmentMember' xlink:label='loc_MarineServicesEquipmentMember' xlink:type='locator' />
<link:loc xlink:href='../elts/us-gaap-2008-03-31.xsd#us-gaap_ExplorationAndProductionEquipmentMember' xlink:label='loc_ExplorationAndProductionEquipmentMember' xlink:type='locator' />
<link:loc xlink:href='../elts/us-gaap-2008-03-31.xsd#us-gaap_OtherEnergyEquipmentMember' xlink:label='loc_OtherEnergyEquipmentMember' xlink:type='locator' />
<link:loc xlink:href='../elts/us-gaap-2008-03-31.xsd#us-gaap_EquipmentLeasedToOtherPartyMember' xlink:label='loc_EquipmentLeasedToOtherPartyMember' xlink:type='locator' />
<link:loc xlink:href='../elts/us-gaap-2008-03-31.xsd#us-gaap_ProductiveLandMember' xlink:label='loc_ProductiveLandMember' xlink:type='locator' />
<link:loc xlink:href='../elts/us-gaap-2008-03-31.xsd#us-gaap_FurnitureAndFixturesMember' xlink:label='loc_FurnitureAndFixturesMember' xlink:type='locator' />
<link:loc xlink:href='../elts/us-gaap-2008-03-31.xsd#us-gaap_TimberPropertiesMember' xlink:label='loc_TimberPropertiesMember' xlink:type='locator' />
<link:loc xlink:href='../elts/us-gaap-2008-03-31.xsd#us-gaap_SoftwareMember' xlink:label='loc_SoftwareMember' xlink:type='locator' />
<link:loc xlink:href='../elts/us-gaap-2008-03-31.xsd#us-gaap_SoftwareDevelopmentMember' xlink:label='loc_SoftwareDevelopmentMember' xlink:type='locator' />
<link:loc xlink:href='../elts/us-gaap-2008-03-31.xsd#us-gaap_RetailSiteMember' xlink:label='loc_RetailSiteMember' xlink:type='locator' />
<link:loc xlink:href='../elts/us-gaap-2008-03-31.xsd#us-gaap_AssetUnderConstructionMember' xlink:label='loc_AssetUnderConstructionMember' xlink:type='locator' />
<link:loc xlink:href='../elts/us-gaap-2008-03-31.xsd#us-gaap_AssetsHeldUnderCapitalLeasesMember' xlink:label='loc_AssetsHeldUnderCapitalLeasesMember' xlink:type='locator' />
<link:loc xlink:href='../elts/us-gaap-2008-03-31.xsd#us-gaap_AssetsLeasedToOthersMember' xlink:label='loc_AssetsLeasedToOthersMember' xlink:type='locator' />
<link:loc xlink:href='../elts/us-gaap-2008-03-31.xsd#us-gaap_AssetsHeldForSaleMember' xlink:label='loc_AssetsHeldForSaleMember' xlink:type='locator' />
<link:loc xlink:href='../elts/us-gaap-2008-03-31.xsd#us-gaap_ConstructionInProgressMember' xlink:label='loc_ConstructionInProgressMember' xlink:type='locator' />
<link:loc xlink:href='../elts/us-gaap-2008-03-31.xsd#us-gaap_CapitalizedInterestCostsMember' xlink:label='loc_CapitalizedInterestCostsMember' xlink:type='locator' />
<link:loc xlink:href='../elts/us-gaap-2008-03-31.xsd#us-gaap_BreedingAndProductionAnimalsMember' xlink:label='loc_BreedingAndProductionAnimalsMember' xlink:type='locator' />
<link:loc xlink:href='../elts/us-gaap-2008-03-31.xsd#us-gaap_RemediationPropertyForSaleAbandonmentOrDisposalMember' xlink:label='loc_RemediationPropertyForSaleAbandonmentOrDisposalMember' xlink:type='locator' />
<link:loc xlink:href='../elts/us-gaap-2008-03-31.xsd#us-gaap_OtherCapitalizedPropertyPlantAndEquipmentMember' xlink:label='loc_OtherCapitalizedPropertyPlantAndEquipmentMember' xlink:type='locator' />
<link:loc xlink:href='../elts/us-gaap-2008-03-31.xsd#us-gaap_PropertySubjectToOrAvailableForOperatingLeaseAxis' xlink:label='loc_PropertySubjectToOrAvailableForOperatingLeaseAxis' xlink:type='locator' />
<link:loc xlink:href='../elts/us-gaap-2008-03-31.xsd#us-gaap_PropertySubjectToOrAvailableForOperatingLeaseDomain' xlink:label='loc_PropertySubjectToOrAvailableForOperatingLeaseDomain' xlink:type='locator' />
<link:loc xlink:href='../elts/us-gaap-2008-03-31.xsd#us-gaap_PropertySubjectToOperatingLeaseMember' xlink:label='loc_PropertySubjectToOperatingLeaseMember' xlink:type='locator' />
<link:loc xlink:href='../elts/us-gaap-2008-03-31.xsd#us-gaap_PropertyAvailableForOperatingLeaseMember' xlink:label='loc_PropertyAvailableForOperatingLeaseMember' xlink:type='locator' />
<link:loc xlink:href='../elts/us-gaap-2008-03-31.xsd#us-gaap_PropertySubjectToOrAvailableForOperatingLeaseLineItems' xlink:label='loc_PropertySubjectToOrAvailableForOperatingLeaseLineItems' xlink:type='locator' />
<link:loc xlink:href='../elts/us-gaap-2008-03-31.xsd#us-gaap_PropertySubjectToOrAvailableForOperatingLeaseNetAbstract' xlink:label='loc_PropertySubjectToOrAvailableForOperatingLeaseNetAbstract' xlink:type='locator' />
<link:loc xlink:href='../elts/us-gaap-2008-03-31.xsd#us-gaap_PropertySubjectToOrAvailableForOperatingLeaseGross' xlink:label='loc_PropertySubjectToOrAvailableForOperatingLeaseGross' xlink:type='locator' />
<link:loc xlink:href='../elts/us-gaap-2008-03-31.xsd#us-gaap_PropertySubjectToOrAvailableForOperatingLeaseAccumulatedDepreciation' xlink:label='loc_PropertySubjectToOrAvailableForOperatingLeaseAccumulatedDepreciation' xlink:type='locator' />
<link:loc xlink:href='../elts/us-gaap-2008-03-31.xsd#us-gaap_PropertySubjectToOrAvailableForOperatingLeaseNet' xlink:label='loc_PropertySubjectToOrAvailableForOperatingLeaseNet' xlink:type='locator' />
<link:loc xlink:href='../elts/us-gaap-2008-03-31.xsd#us-gaap_OperatingLeasesIncomeStatementAbstract' xlink:label='loc_OperatingLeasesIncomeStatementAbstract' xlink:type='locator' />
<link:loc xlink:href='../elts/us-gaap-2008-03-31.xsd#us-gaap_OperatingLeasesIncomeStatementLeaseRevenueAbstract' xlink:label='loc_OperatingLeasesIncomeStatementLeaseRevenueAbstract' xlink:type='locator' />
<link:loc xlink:href='../elts/us-gaap-2008-03-31.xsd#us-gaap_OperatingLeasesIncomeStatementMinimumLeaseRevenue' xlink:label='loc_OperatingLeasesIncomeStatementMinimumLeaseRevenue' xlink:type='locator' />
<link:loc xlink:href='../elts/us-gaap-2008-03-31.xsd#us-gaap_OperatingLeasesIncomeStatementContingentRevenue' xlink:label='loc_OperatingLeasesIncomeStatementContingentRevenue' xlink:type='locator' />
<link:loc xlink:href='../elts/us-gaap-2008-03-31.xsd#us-gaap_OperatingLeasesIncomeStatementSubleaseRevenue' xlink:label='loc_OperatingLeasesIncomeStatementSubleaseRevenue' xlink:type='locator' />
<link:loc xlink:href='../elts/us-gaap-2008-03-31.xsd#us-gaap_OperatingLeasesIncomeStatementLeaseRevenue' xlink:label='loc_OperatingLeasesIncomeStatementLeaseRevenue' xlink:type='locator' />
<link:loc xlink:href='../elts/us-gaap-2008-03-31.xsd#us-gaap_OperatingLeasesIncomeStatementInitialDirectCosts' xlink:label='loc_OperatingLeasesIncomeStatementInitialDirectCosts' xlink:type='locator' />
<link:loc xlink:href='../elts/us-gaap-2008-03-31.xsd#us-gaap_OperatingLeasesIncomeStatementDepreciationExpenseOnPropertySubjectToOrHeldForLease' xlink:label='loc_OperatingLeasesIncomeStatementDepreciationExpenseOnPropertySubjectToOrHeldForLease' xlink:type='locator' />
<link:loc xlink:href='../elts/us-gaap-2008-03-31.xsd#us-gaap_OperatingLeasesIncomeStatementCarryingAmountAtLeaseInceptionExceedsFairValue' xlink:label='loc_OperatingLeasesIncomeStatementCarryingAmountAtLeaseInceptionExceedsFairValue' xlink:type='locator' />
<link:loc xlink:href='../elts/us-gaap-2008-03-31.xsd#us-gaap_OperatingLeasesFutureMinimumPaymentsReceivableAbstract' xlink:label='loc_OperatingLeasesFutureMinimumPaymentsReceivableAbstract' xlink:type='locator' />
<link:loc xlink:href='../elts/us-gaap-2008-03-31.xsd#us-gaap_OperatingLeasesFutureMinimumPaymentsReceivableCurrent' xlink:label='loc_OperatingLeasesFutureMinimumPaymentsReceivableCurrent' xlink:type='locator' />
<link:loc xlink:href='../elts/us-gaap-2008-03-31.xsd#us-gaap_OperatingLeasesFutureMinimumPaymentsReceivableInTwoYears' xlink:label='loc_OperatingLeasesFutureMinimumPaymentsReceivableInTwoYears' xlink:type='locator' />
<link:loc xlink:href='../elts/us-gaap-2008-03-31.xsd#us-gaap_OperatingLeasesFutureMinimumPaymentsReceivableInThreeYears' xlink:label='loc_OperatingLeasesFutureMinimumPaymentsReceivableInThreeYears' xlink:type='locator' />
<link:loc xlink:href='../elts/us-gaap-2008-03-31.xsd#us-gaap_OperatingLeasesFutureMinimumPaymentsReceivableInFourYears' xlink:label='loc_OperatingLeasesFutureMinimumPaymentsReceivableInFourYears' xlink:type='locator' />
<link:loc xlink:href='../elts/us-gaap-2008-03-31.xsd#us-gaap_OperatingLeasesFutureMinimumPaymentsReceivableInFiveYears' xlink:label='loc_OperatingLeasesFutureMinimumPaymentsReceivableInFiveYears' xlink:type='locator' />
<link:loc xlink:href='../elts/us-gaap-2008-03-31.xsd#us-gaap_OperatingLeasesFutureMinimumPaymentsReceivableThereafter' xlink:label='loc_OperatingLeasesFutureMinimumPaymentsReceivableThereafter' xlink:type='locator' />
<link:loc xlink:href='../elts/us-gaap-2008-03-31.xsd#us-gaap_OperatingLeasesFutureMinimumPaymentsReceivable' xlink:label='loc_OperatingLeasesFutureMinimumPaymentsReceivable' xlink:type='locator' />
<presentationArc order='10' xlink:arcrole='http://www.xbrl.org/2003/arcrole/parent-child' xlink:from='loc_LeasesOperatingAbstract' xlink:to='loc_OperatingLeasesOfLesseeDisclosureTextBlock' xlink:type='arc' />
<presentationArc order='10' xlink:arcrole='http://www.xbrl.org/2003/arcrole/parent-child' xlink:from='loc_OperatingLeasesOfLesseeDisclosureTextBlock' xlink:to='loc_DescriptionOfLesseeLeasingArrangementsOperatingLeases' xlink:type='arc' />
<presentationArc order='20' xlink:arcrole='http://www.xbrl.org/2003/arcrole/parent-child' xlink:from='loc_OperatingLeasesOfLesseeDisclosureTextBlock' xlink:to='loc_OperatingLeasesFutureMinimumPaymentsDueAbstract' xlink:type='arc' />
<presentationArc order='10' use='optional' xlink:arcrole='http://www.xbrl.org/2003/arcrole/parent-child' xlink:from='loc_OperatingLeasesFutureMinimumPaymentsDueAbstract' xlink:to='loc_OperatingLeasesFutureMinimumPaymentsDueCurrent' xlink:type='arc' />
<presentationArc order='20' use='optional' xlink:arcrole='http://www.xbrl.org/2003/arcrole/parent-child' xlink:from='loc_OperatingLeasesFutureMinimumPaymentsDueAbstract' xlink:to='loc_OperatingLeasesFutureMinimumPaymentsDueInTwoYears' xlink:type='arc' />
<presentationArc order='30' use='optional' xlink:arcrole='http://www.xbrl.org/2003/arcrole/parent-child' xlink:from='loc_OperatingLeasesFutureMinimumPaymentsDueAbstract' xlink:to='loc_OperatingLeasesFutureMinimumPaymentsDueInThreeYears' xlink:type='arc' />
<presentationArc order='40' use='optional' xlink:arcrole='http://www.xbrl.org/2003/arcrole/parent-child' xlink:from='loc_OperatingLeasesFutureMinimumPaymentsDueAbstract' xlink:to='loc_OperatingLeasesFutureMinimumPaymentsDueInFourYears' xlink:type='arc' />
<presentationArc order='50' use='optional' xlink:arcrole='http://www.xbrl.org/2003/arcrole/parent-child' xlink:from='loc_OperatingLeasesFutureMinimumPaymentsDueAbstract' xlink:to='loc_OperatingLeasesFutureMinimumPaymentsDueInFiveYears' xlink:type='arc' />
<presentationArc order='60' use='optional' xlink:arcrole='http://www.xbrl.org/2003/arcrole/parent-child' xlink:from='loc_OperatingLeasesFutureMinimumPaymentsDueAbstract' xlink:to='loc_OperatingLeasesFutureMinimumPaymentsDueThereafter' xlink:type='arc' />
<presentationArc order='70' preferredLabel='http://www.xbrl.org/2003/role/totalLabel' use='optional' xlink:arcrole='http://www.xbrl.org/2003/arcrole/parent-child' xlink:from='loc_OperatingLeasesFutureMinimumPaymentsDueAbstract' xlink:to='loc_OperatingLeasesFutureMinimumPaymentsDue' xlink:type='arc' />
<presentationArc order='30' xlink:arcrole='http://www.xbrl.org/2003/arcrole/parent-child' xlink:from='loc_OperatingLeasesOfLesseeDisclosureTextBlock' xlink:to='loc_OperatingLeasesRentExpenseAbstract' xlink:type='arc' />
<presentationArc order='10' use='optional' xlink:arcrole='http://www.xbrl.org/2003/arcrole/parent-child' xlink:from='loc_OperatingLeasesRentExpenseAbstract' xlink:to='loc_OperatingLeasesRentExpenseMinimumRentals' xlink:type='arc' />
<presentationArc order='20' use='optional' xlink:arcrole='http://www.xbrl.org/2003/arcrole/parent-child' xlink:from='loc_OperatingLeasesRentExpenseAbstract' xlink:to='loc_OperatingLeasesRentExpenseContingentRentals' xlink:type='arc' />
<presentationArc order='30' use='optional' xlink:arcrole='http://www.xbrl.org/2003/arcrole/parent-child' xlink:from='loc_OperatingLeasesRentExpenseAbstract' xlink:to='loc_OperatingLeasesRentExpenseSubleaseRentals' xlink:type='arc' />
<presentationArc order='40' preferredLabel='http://www.xbrl.org/2003/role/totalLabel' use='optional' xlink:arcrole='http://www.xbrl.org/2003/arcrole/parent-child' xlink:from='loc_OperatingLeasesRentExpenseAbstract' xlink:to='loc_OperatingLeasesRentExpense' xlink:type='arc' />
<presentationArc order='40' xlink:arcrole='http://www.xbrl.org/2003/arcrole/parent-child' xlink:from='loc_OperatingLeasesOfLesseeDisclosureTextBlock' xlink:to='loc_OperatingLeasesFutureMinimumPaymentsDueFutureMinimumSubleaseRentals' xlink:type='arc' />
<presentationArc order='50' xlink:arcrole='http://www.xbrl.org/2003/arcrole/parent-child' xlink:from='loc_OperatingLeasesOfLesseeDisclosureTextBlock' xlink:to='loc_OperatingLeasesIndemnificationAgreementsDescription' xlink:type='arc' />
<presentationArc order='20' xlink:arcrole='http://www.xbrl.org/2003/arcrole/parent-child' xlink:from='loc_LeasesOperatingAbstract' xlink:to='loc_OperatingLeasesOfLessorDisclosureTextBlock' xlink:type='arc' />
<presentationArc order='10' xlink:arcrole='http://www.xbrl.org/2003/arcrole/parent-child' xlink:from='loc_OperatingLeasesOfLessorDisclosureTextBlock' xlink:to='loc_DescriptionOfLessorLeasingArrangementsOperatingLeases' xlink:type='arc' />
<presentationArc order='20' use='optional' xlink:arcrole='http://www.xbrl.org/2003/arcrole/parent-child' xlink:from='loc_OperatingLeasesOfLessorDisclosureTextBlock' xlink:to='loc_OperatingLeasesLessorBalanceSheetAbstract' xlink:type='arc' />
<presentationArc order='10' xlink:arcrole='http://www.xbrl.org/2003/arcrole/parent-child' xlink:from='loc_OperatingLeasesLessorBalanceSheetAbstract' xlink:to='loc_ScheduleOfPropertySubjectToOrAvailableForOperatingLeaseTextBlock' xlink:type='arc' />
<presentationArc order='10' xlink:arcrole='http://www.xbrl.org/2003/arcrole/parent-child' xlink:from='loc_ScheduleOfPropertySubjectToOrAvailableForOperatingLeaseTextBlock' xlink:to='loc_PropertySubjectToOrAvailableForOperatingLeaseByMajorPropertyClassTable' xlink:type='arc' />
<presentationArc order='10' xlink:arcrole='http://www.xbrl.org/2003/arcrole/parent-child' xlink:from='loc_PropertySubjectToOrAvailableForOperatingLeaseByMajorPropertyClassTable' xlink:to='loc_MajorPropertyClassAxis' xlink:type='arc' />
<presentationArc order='10' xlink:arcrole='http://www.xbrl.org/2003/arcrole/parent-child' xlink:from='loc_MajorPropertyClassAxis' xlink:to='loc_MajorPropertyClassDomain' xlink:type='arc' />
<presentationArc order='10' xlink:arcrole='http://www.xbrl.org/2003/arcrole/parent-child' xlink:from='loc_MajorPropertyClassDomain' xlink:to='loc_LandAndBuildingMember' xlink:type='arc' />
<presentationArc order='10' xlink:arcrole='http://www.xbrl.org/2003/arcrole/parent-child' xlink:from='loc_LandAndBuildingMember' xlink:to='loc_LandMember' xlink:type='arc' />
<presentationArc order='20' xlink:arcrole='http://www.xbrl.org/2003/arcrole/parent-child' xlink:from='loc_LandAndBuildingMember' xlink:to='loc_LandImprovementsMember' xlink:type='arc' />
<presentationArc order='30' xlink:arcrole='http://www.xbrl.org/2003/arcrole/parent-child' xlink:from='loc_LandAndBuildingMember' xlink:to='loc_LeaseholdImprovementsMember' xlink:type='arc' />
<presentationArc order='40' xlink:arcrole='http://www.xbrl.org/2003/arcrole/parent-child' xlink:from='loc_LandAndBuildingMember' xlink:to='loc_BuildingMember' xlink:type='arc' />
<presentationArc order='50' xlink:arcrole='http://www.xbrl.org/2003/arcrole/parent-child' xlink:from='loc_LandAndBuildingMember' xlink:to='loc_BuildingImprovementsMember' xlink:type='arc' />
<presentationArc order='60' xlink:arcrole='http://www.xbrl.org/2003/arcrole/parent-child' xlink:from='loc_LandAndBuildingMember' xlink:to='loc_ManufacturingFacilityMember' xlink:type='arc' />
<presentationArc order='20' xlink:arcrole='http://www.xbrl.org/2003/arcrole/parent-child' xlink:from='loc_MajorPropertyClassDomain' xlink:to='loc_MachineryAndEquipmentMember' xlink:type='arc' />
<presentationArc order='10' xlink:arcrole='http://www.xbrl.org/2003/arcrole/parent-child' xlink:from='loc_MachineryAndEquipmentMember' xlink:to='loc_ToolsDiesAndMoldsMember' xlink:type='arc' />
<presentationArc order='20' xlink:arcrole='http://www.xbrl.org/2003/arcrole/parent-child' xlink:from='loc_MachineryAndEquipmentMember' xlink:to='loc_TechnologyEquipmentMember' xlink:type='arc' />
<presentationArc order='30' xlink:arcrole='http://www.xbrl.org/2003/arcrole/parent-child' xlink:from='loc_MachineryAndEquipmentMember' xlink:to='loc_ComputerEquipmentMember' xlink:type='arc' />
<presentationArc order='40' xlink:arcrole='http://www.xbrl.org/2003/arcrole/parent-child' xlink:from='loc_MachineryAndEquipmentMember' xlink:to='loc_OfficeEquipmentMember' xlink:type='arc' />
<presentationArc order='50' xlink:arcrole='http://www.xbrl.org/2003/arcrole/parent-child' xlink:from='loc_MachineryAndEquipmentMember' xlink:to='loc_EquipmentMember' xlink:type='arc' />
<presentationArc order='60' xlink:arcrole='http://www.xbrl.org/2003/arcrole/parent-child' xlink:from='loc_MachineryAndEquipmentMember' xlink:to='loc_OtherMachineryAndEquipmentMember' xlink:type='arc' />
<presentationArc order='30' xlink:arcrole='http://www.xbrl.org/2003/arcrole/parent-child' xlink:from='loc_MajorPropertyClassDomain' xlink:to='loc_TransportationEquipmentMember' xlink:type='arc' />
<presentationArc order='10' xlink:arcrole='http://www.xbrl.org/2003/arcrole/parent-child' xlink:from='loc_TransportationEquipmentMember' xlink:to='loc_AirTransportationEquipmentMember' xlink:type='arc' />
<presentationArc order='20' xlink:arcrole='http://www.xbrl.org/2003/arcrole/parent-child' xlink:from='loc_TransportationEquipmentMember' xlink:to='loc_FlightEquipmentMember' xlink:type='arc' />
<presentationArc order='30' xlink:arcrole='http://www.xbrl.org/2003/arcrole/parent-child' xlink:from='loc_TransportationEquipmentMember' xlink:to='loc_MaritimeEquipmentMember' xlink:type='arc' />
<presentationArc order='40' xlink:arcrole='http://www.xbrl.org/2003/arcrole/parent-child' xlink:from='loc_TransportationEquipmentMember' xlink:to='loc_ContainersMember' xlink:type='arc' />
<presentationArc order='50' xlink:arcrole='http://www.xbrl.org/2003/arcrole/parent-child' xlink:from='loc_TransportationEquipmentMember' xlink:to='loc_RailroadTransportationEquipmentMember' xlink:type='arc' />
<presentationArc order='60' xlink:arcrole='http://www.xbrl.org/2003/arcrole/parent-child' xlink:from='loc_TransportationEquipmentMember' xlink:to='loc_VehiclesMember' xlink:type='arc' />
<presentationArc order='70' xlink:arcrole='http://www.xbrl.org/2003/arcrole/parent-child' xlink:from='loc_TransportationEquipmentMember' xlink:to='loc_OtherTransportationEquipmentMember' xlink:type='arc' />
<presentationArc order='40' xlink:arcrole='http://www.xbrl.org/2003/arcrole/parent-child' xlink:from='loc_MajorPropertyClassDomain' xlink:to='loc_EnergyEquipmentMember' xlink:type='arc' />
<presentationArc order='10' xlink:arcrole='http://www.xbrl.org/2003/arcrole/parent-child' xlink:from='loc_EnergyEquipmentMember' xlink:to='loc_PipelinesMember' xlink:type='arc' />
<presentationArc order='20' xlink:arcrole='http://www.xbrl.org/2003/arcrole/parent-child' xlink:from='loc_EnergyEquipmentMember' xlink:to='loc_RefiningEquipmentMember' xlink:type='arc' />
<presentationArc order='30' xlink:arcrole='http://www.xbrl.org/2003/arcrole/parent-child' xlink:from='loc_EnergyEquipmentMember' xlink:to='loc_UpstreamEquipmentMember' xlink:type='arc' />
<presentationArc order='40' xlink:arcrole='http://www.xbrl.org/2003/arcrole/parent-child' xlink:from='loc_EnergyEquipmentMember' xlink:to='loc_DownstreamEquipmentMember' xlink:type='arc' />
<presentationArc order='50' xlink:arcrole='http://www.xbrl.org/2003/arcrole/parent-child' xlink:from='loc_EnergyEquipmentMember' xlink:to='loc_GasTransmissionEquipmentMember' xlink:type='arc' />
<presentationArc order='60' xlink:arcrole='http://www.xbrl.org/2003/arcrole/parent-child' xlink:from='loc_EnergyEquipmentMember' xlink:to='loc_ElectricTransmissionAndDistributionMember' xlink:type='arc' />
<presentationArc order='70' xlink:arcrole='http://www.xbrl.org/2003/arcrole/parent-child' xlink:from='loc_EnergyEquipmentMember' xlink:to='loc_ElectricGenerationEquipmentMember' xlink:type='arc' />
<presentationArc order='80' xlink:arcrole='http://www.xbrl.org/2003/arcrole/parent-child' xlink:from='loc_EnergyEquipmentMember' xlink:to='loc_NuclearFuelMember' xlink:type='arc' />
<presentationArc order='90' xlink:arcrole='http://www.xbrl.org/2003/arcrole/parent-child' xlink:from='loc_EnergyEquipmentMember' xlink:to='loc_GasGatheringAndProcessingEquipmentMember' xlink:type='arc' />
<presentationArc order='100' xlink:arcrole='http://www.xbrl.org/2003/arcrole/parent-child' xlink:from='loc_EnergyEquipmentMember' xlink:to='loc_MiningPropertiesAndMineralRightsMember' xlink:type='arc' />
<presentationArc order='110' xlink:arcrole='http://www.xbrl.org/2003/arcrole/parent-child' xlink:from='loc_EnergyEquipmentMember' xlink:to='loc_MineDevelopmentMember' xlink:type='arc' />
<presentationArc order='120' xlink:arcrole='http://www.xbrl.org/2003/arcrole/parent-child' xlink:from='loc_EnergyEquipmentMember' xlink:to='loc_OilAndGasPropertiesMember' xlink:type='arc' />
<presentationArc order='130' xlink:arcrole='http://www.xbrl.org/2003/arcrole/parent-child' xlink:from='loc_EnergyEquipmentMember' xlink:to='loc_DrillingRightsMember' xlink:type='arc' />
<presentationArc order='140' xlink:arcrole='http://www.xbrl.org/2003/arcrole/parent-child' xlink:from='loc_EnergyEquipmentMember' xlink:to='loc_MarineServicesEquipmentMember' xlink:type='arc' />
<presentationArc order='150' xlink:arcrole='http://www.xbrl.org/2003/arcrole/parent-child' xlink:from='loc_EnergyEquipmentMember' xlink:to='loc_ExplorationAndProductionEquipmentMember' xlink:type='arc' />
<presentationArc order='160' xlink:arcrole='http://www.xbrl.org/2003/arcrole/parent-child' xlink:from='loc_EnergyEquipmentMember' xlink:to='loc_OtherEnergyEquipmentMember' xlink:type='arc' />
<presentationArc order='50' xlink:arcrole='http://www.xbrl.org/2003/arcrole/parent-child' xlink:from='loc_MajorPropertyClassDomain' xlink:to='loc_EquipmentLeasedToOtherPartyMember' xlink:type='arc' />
<presentationArc order='60' xlink:arcrole='http://www.xbrl.org/2003/arcrole/parent-child' xlink:from='loc_MajorPropertyClassDomain' xlink:to='loc_ProductiveLandMember' xlink:type='arc' />
<presentationArc order='70' xlink:arcrole='http://www.xbrl.org/2003/arcrole/parent-child' xlink:from='loc_MajorPropertyClassDomain' xlink:to='loc_FurnitureAndFixturesMember' xlink:type='arc' />
<presentationArc order='80' xlink:arcrole='http://www.xbrl.org/2003/arcrole/parent-child' xlink:from='loc_MajorPropertyClassDomain' xlink:to='loc_TimberPropertiesMember' xlink:type='arc' />
<presentationArc order='90' xlink:arcrole='http://www.xbrl.org/2003/arcrole/parent-child' xlink:from='loc_MajorPropertyClassDomain' xlink:to='loc_SoftwareMember' xlink:type='arc' />
<presentationArc order='100' xlink:arcrole='http://www.xbrl.org/2003/arcrole/parent-child' xlink:from='loc_MajorPropertyClassDomain' xlink:to='loc_SoftwareDevelopmentMember' xlink:type='arc' />
<presentationArc order='110' xlink:arcrole='http://www.xbrl.org/2003/arcrole/parent-child' xlink:from='loc_MajorPropertyClassDomain' xlink:to='loc_RetailSiteMember' xlink:type='arc' />
<presentationArc order='120' xlink:arcrole='http://www.xbrl.org/2003/arcrole/parent-child' xlink:from='loc_MajorPropertyClassDomain' xlink:to='loc_AssetUnderConstructionMember' xlink:type='arc' />
<presentationArc order='130' xlink:arcrole='http://www.xbrl.org/2003/arcrole/parent-child' xlink:from='loc_MajorPropertyClassDomain' xlink:to='loc_AssetsHeldUnderCapitalLeasesMember' xlink:type='arc' />
<presentationArc order='140' xlink:arcrole='http://www.xbrl.org/2003/arcrole/parent-child' xlink:from='loc_MajorPropertyClassDomain' xlink:to='loc_AssetsLeasedToOthersMember' xlink:type='arc' />
<presentationArc order='150' xlink:arcrole='http://www.xbrl.org/2003/arcrole/parent-child' xlink:from='loc_MajorPropertyClassDomain' xlink:to='loc_AssetsHeldForSaleMember' xlink:type='arc' />
<presentationArc order='160' xlink:arcrole='http://www.xbrl.org/2003/arcrole/parent-child' xlink:from='loc_MajorPropertyClassDomain' xlink:to='loc_ConstructionInProgressMember' xlink:type='arc' />
<presentationArc order='170' xlink:arcrole='http://www.xbrl.org/2003/arcrole/parent-child' xlink:from='loc_MajorPropertyClassDomain' xlink:to='loc_CapitalizedInterestCostsMember' xlink:type='arc' />
<presentationArc order='180' xlink:arcrole='http://www.xbrl.org/2003/arcrole/parent-child' xlink:from='loc_MajorPropertyClassDomain' xlink:to='loc_BreedingAndProductionAnimalsMember' xlink:type='arc' />
<presentationArc order='190' xlink:arcrole='http://www.xbrl.org/2003/arcrole/parent-child' xlink:from='loc_MajorPropertyClassDomain' xlink:to='loc_RemediationPropertyForSaleAbandonmentOrDisposalMember' xlink:type='arc' />
<presentationArc order='200' xlink:arcrole='http://www.xbrl.org/2003/arcrole/parent-child' xlink:from='loc_MajorPropertyClassDomain' xlink:to='loc_OtherCapitalizedPropertyPlantAndEquipmentMember' xlink:type='arc' />
<presentationArc order='20' xlink:arcrole='http://www.xbrl.org/2003/arcrole/parent-child' xlink:from='loc_PropertySubjectToOrAvailableForOperatingLeaseByMajorPropertyClassTable' xlink:to='loc_PropertySubjectToOrAvailableForOperatingLeaseAxis' xlink:type='arc' />
<presentationArc order='10' xlink:arcrole='http://www.xbrl.org/2003/arcrole/parent-child' xlink:from='loc_PropertySubjectToOrAvailableForOperatingLeaseAxis' xlink:to='loc_PropertySubjectToOrAvailableForOperatingLeaseDomain' xlink:type='arc' />
<presentationArc order='10' xlink:arcrole='http://www.xbrl.org/2003/arcrole/parent-child' xlink:from='loc_PropertySubjectToOrAvailableForOperatingLeaseDomain' xlink:to='loc_PropertySubjectToOperatingLeaseMember' xlink:type='arc' />
<presentationArc order='20' xlink:arcrole='http://www.xbrl.org/2003/arcrole/parent-child' xlink:from='loc_PropertySubjectToOrAvailableForOperatingLeaseDomain' xlink:to='loc_PropertyAvailableForOperatingLeaseMember' xlink:type='arc' />
<presentationArc order='30' xlink:arcrole='http://www.xbrl.org/2003/arcrole/parent-child' xlink:from='loc_PropertySubjectToOrAvailableForOperatingLeaseByMajorPropertyClassTable' xlink:to='loc_PropertySubjectToOrAvailableForOperatingLeaseLineItems' xlink:type='arc' />
<presentationArc order='10' xlink:arcrole='http://www.xbrl.org/2003/arcrole/parent-child' xlink:from='loc_PropertySubjectToOrAvailableForOperatingLeaseLineItems' xlink:to='loc_PropertySubjectToOrAvailableForOperatingLeaseNetAbstract' xlink:type='arc' />
<presentationArc order='10' xlink:arcrole='http://www.xbrl.org/2003/arcrole/parent-child' xlink:from='loc_PropertySubjectToOrAvailableForOperatingLeaseNetAbstract' xlink:to='loc_PropertySubjectToOrAvailableForOperatingLeaseGross' xlink:type='arc' />
<presentationArc order='20' xlink:arcrole='http://www.xbrl.org/2003/arcrole/parent-child' xlink:from='loc_PropertySubjectToOrAvailableForOperatingLeaseNetAbstract' xlink:to='loc_PropertySubjectToOrAvailableForOperatingLeaseAccumulatedDepreciation' xlink:type='arc' />
<presentationArc order='30' preferredLabel='http://www.xbrl.org/2003/role/totalLabel' xlink:arcrole='http://www.xbrl.org/2003/arcrole/parent-child' xlink:from='loc_PropertySubjectToOrAvailableForOperatingLeaseNetAbstract' xlink:to='loc_PropertySubjectToOrAvailableForOperatingLeaseNet' xlink:type='arc' />
<presentationArc order='30' use='optional' xlink:arcrole='http://www.xbrl.org/2003/arcrole/parent-child' xlink:from='loc_OperatingLeasesOfLessorDisclosureTextBlock' xlink:to='loc_OperatingLeasesIncomeStatementAbstract' xlink:type='arc' />
<presentationArc order='10' xlink:arcrole='http://www.xbrl.org/2003/arcrole/parent-child' xlink:from='loc_OperatingLeasesIncomeStatementAbstract' xlink:to='loc_OperatingLeasesIncomeStatementLeaseRevenueAbstract' xlink:type='arc' />
<presentationArc order='10' xlink:arcrole='http://www.xbrl.org/2003/arcrole/parent-child' xlink:from='loc_OperatingLeasesIncomeStatementLeaseRevenueAbstract' xlink:to='loc_OperatingLeasesIncomeStatementMinimumLeaseRevenue' xlink:type='arc' />
<presentationArc order='20' xlink:arcrole='http://www.xbrl.org/2003/arcrole/parent-child' xlink:from='loc_OperatingLeasesIncomeStatementLeaseRevenueAbstract' xlink:to='loc_OperatingLeasesIncomeStatementContingentRevenue' xlink:type='arc' />
<presentationArc order='30' xlink:arcrole='http://www.xbrl.org/2003/arcrole/parent-child' xlink:from='loc_OperatingLeasesIncomeStatementLeaseRevenueAbstract' xlink:to='loc_OperatingLeasesIncomeStatementSubleaseRevenue' xlink:type='arc' />
<presentationArc order='40' preferredLabel='http://www.xbrl.org/2003/role/totalLabel' xlink:arcrole='http://www.xbrl.org/2003/arcrole/parent-child' xlink:from='loc_OperatingLeasesIncomeStatementLeaseRevenueAbstract' xlink:to='loc_OperatingLeasesIncomeStatementLeaseRevenue' xlink:type='arc' />
<presentationArc order='20' xlink:arcrole='http://www.xbrl.org/2003/arcrole/parent-child' xlink:from='loc_OperatingLeasesIncomeStatementAbstract' xlink:to='loc_OperatingLeasesIncomeStatementInitialDirectCosts' xlink:type='arc' />
<presentationArc order='30' xlink:arcrole='http://www.xbrl.org/2003/arcrole/parent-child' xlink:from='loc_OperatingLeasesIncomeStatementAbstract' xlink:to='loc_OperatingLeasesIncomeStatementDepreciationExpenseOnPropertySubjectToOrHeldForLease' xlink:type='arc' />
<presentationArc order='40' xlink:arcrole='http://www.xbrl.org/2003/arcrole/parent-child' xlink:from='loc_OperatingLeasesIncomeStatementAbstract' xlink:to='loc_OperatingLeasesIncomeStatementCarryingAmountAtLeaseInceptionExceedsFairValue' xlink:type='arc' />
<presentationArc order='40' use='optional' xlink:arcrole='http://www.xbrl.org/2003/arcrole/parent-child' xlink:from='loc_OperatingLeasesOfLessorDisclosureTextBlock' xlink:to='loc_OperatingLeasesFutureMinimumPaymentsReceivableAbstract' xlink:type='arc' />
<presentationArc order='10' use='optional' xlink:arcrole='http://www.xbrl.org/2003/arcrole/parent-child' xlink:from='loc_OperatingLeasesFutureMinimumPaymentsReceivableAbstract' xlink:to='loc_OperatingLeasesFutureMinimumPaymentsReceivableCurrent' xlink:type='arc' />
<presentationArc order='20' use='optional' xlink:arcrole='http://www.xbrl.org/2003/arcrole/parent-child' xlink:from='loc_OperatingLeasesFutureMinimumPaymentsReceivableAbstract' xlink:to='loc_OperatingLeasesFutureMinimumPaymentsReceivableInTwoYears' xlink:type='arc' />
<presentationArc order='30' use='optional' xlink:arcrole='http://www.xbrl.org/2003/arcrole/parent-child' xlink:from='loc_OperatingLeasesFutureMinimumPaymentsReceivableAbstract' xlink:to='loc_OperatingLeasesFutureMinimumPaymentsReceivableInThreeYears' xlink:type='arc' />
<presentationArc order='40' use='optional' xlink:arcrole='http://www.xbrl.org/2003/arcrole/parent-child' xlink:from='loc_OperatingLeasesFutureMinimumPaymentsReceivableAbstract' xlink:to='loc_OperatingLeasesFutureMinimumPaymentsReceivableInFourYears' xlink:type='arc' />
<presentationArc order='50' use='optional' xlink:arcrole='http://www.xbrl.org/2003/arcrole/parent-child' xlink:from='loc_OperatingLeasesFutureMinimumPaymentsReceivableAbstract' xlink:to='loc_OperatingLeasesFutureMinimumPaymentsReceivableInFiveYears' xlink:type='arc' />
<presentationArc order='60' use='optional' xlink:arcrole='http://www.xbrl.org/2003/arcrole/parent-child' xlink:from='loc_OperatingLeasesFutureMinimumPaymentsReceivableAbstract' xlink:to='loc_OperatingLeasesFutureMinimumPaymentsReceivableThereafter' xlink:type='arc' />
<presentationArc order='70' preferredLabel='http://www.xbrl.org/2003/role/totalLabel' use='optional' xlink:arcrole='http://www.xbrl.org/2003/arcrole/parent-child' xlink:from='loc_OperatingLeasesFutureMinimumPaymentsReceivableAbstract' xlink:to='loc_OperatingLeasesFutureMinimumPaymentsReceivable' xlink:type='arc' />
</presentationLink>
</link:linkbase>
