<?xml version="1.0" encoding="UTF-8" standalone="no"?>

<!--
Copyright (C) 2007, 2008 XBRL US, Inc. All Rights Reserved.
Authorized Uses are Set Forth at http://xbrl.us/legal
  -->
<link:linkbase xmlns:link='http://www.xbrl.org/2003/linkbase' xmlns:xlink='http://www.w3.org/1999/xlink' xmlns:xsi='http://www.w3.org/2001/XMLSchema-instance' xsi:schemaLocation='http://www.xbrl.org/2003/linkbase http://www.xbrl.org/2003/xbrl-linkbase-2003-12-31.xsd'>
<link:roleRef roleURI='http://xbrl.us/us-gaap/role/disclosure/PayablesAndAccruals' xlink:href='../elts/us-roles-2008-03-31.xsd#pay' xlink:type='simple' />
<presentationLink xlink:role='http://xbrl.us/us-gaap/role/disclosure/PayablesAndAccruals' xlink:type='extended' xmlns='http://www.xbrl.org/2003/linkbase'>
<link:loc xlink:href='../elts/us-gaap-2008-03-31.xsd#us-gaap_AccountsPayableAndAccruedLiabilitiesDisclosureTextBlock' xlink:label='loc_AccountsPayableAndAccruedLiabilitiesDisclosureTextBlock' xlink:type='locator' />
<link:loc xlink:href='../elts/us-gaap-2008-03-31.xsd#us-gaap_AccountsPayableInterestBearingInterestRate' xlink:label='loc_AccountsPayableInterestBearingInterestRate' xlink:type='locator' />
<link:loc xlink:href='../elts/us-gaap-2008-03-31.xsd#us-gaap_AccrualRealAndPersonalPropertyTaxesUncertainty' xlink:label='loc_AccrualRealAndPersonalPropertyTaxesUncertainty' xlink:type='locator' />
<link:loc xlink:href='../elts/us-gaap-2008-03-31.xsd#us-gaap_AccountsPayableAndAccruedLiabilitiesCurrentAndUnclassifiedAbstract' xlink:label='loc_AccountsPayableAndAccruedLiabilitiesCurrentAndUnclassifiedAbstract' xlink:type='locator' />
<link:loc xlink:href='../elts/us-gaap-2008-03-31.xsd#us-gaap_AccountsPayableAbstract' xlink:label='loc_AccountsPayableAbstract' xlink:type='locator' />
<link:loc xlink:href='../elts/us-gaap-2008-03-31.xsd#us-gaap_AccountsPayableTrade' xlink:label='loc_AccountsPayableTrade' xlink:type='locator' />
<link:loc xlink:href='../elts/us-gaap-2008-03-31.xsd#us-gaap_AccountsPayableInterestBearing' xlink:label='loc_AccountsPayableInterestBearing' xlink:type='locator' />
<link:loc xlink:href='../elts/us-gaap-2008-03-31.xsd#us-gaap_ConstructionPayable' xlink:label='loc_ConstructionPayable' xlink:type='locator' />
<link:loc xlink:href='../elts/us-gaap-2008-03-31.xsd#us-gaap_OilAndGasSalesPayable' xlink:label='loc_OilAndGasSalesPayable' xlink:type='locator' />
<link:loc xlink:href='../elts/us-gaap-2008-03-31.xsd#us-gaap_GasPurchasePayable' xlink:label='loc_GasPurchasePayable' xlink:type='locator' />
<link:loc xlink:href='../elts/us-gaap-2008-03-31.xsd#us-gaap_EnergyMarketingAccountsPayable' xlink:label='loc_EnergyMarketingAccountsPayable' xlink:type='locator' />
<link:loc xlink:href='../elts/us-gaap-2008-03-31.xsd#us-gaap_GasImbalancePayable' xlink:label='loc_GasImbalancePayable' xlink:type='locator' />
<link:loc xlink:href='../elts/us-gaap-2008-03-31.xsd#us-gaap_AccountsPayableUnderwritersPromotersAndEmployeesOtherThanSalariesAndWages' xlink:label='loc_AccountsPayableUnderwritersPromotersAndEmployeesOtherThanSalariesAndWages' xlink:type='locator' />
<link:loc xlink:href='../elts/us-gaap-2008-03-31.xsd#us-gaap_AccountsPayableOther' xlink:label='loc_AccountsPayableOther' xlink:type='locator' />
<link:loc xlink:href='../elts/us-gaap-2008-03-31.xsd#us-gaap_AccountsPayable' xlink:label='loc_AccountsPayable' xlink:type='locator' />
<link:loc xlink:href='../elts/us-gaap-2008-03-31.xsd#us-gaap_AccruedLiabilitiesAbstract' xlink:label='loc_AccruedLiabilitiesAbstract' xlink:type='locator' />
<link:loc xlink:href='../elts/us-gaap-2008-03-31.xsd#us-gaap_AccruedInsurance' xlink:label='loc_AccruedInsurance' xlink:type='locator' />
<link:loc xlink:href='../elts/us-gaap-2008-03-31.xsd#us-gaap_AccruedRent' xlink:label='loc_AccruedRent' xlink:type='locator' />
<link:loc xlink:href='../elts/us-gaap-2008-03-31.xsd#us-gaap_LeaseIncentivePayable' xlink:label='loc_LeaseIncentivePayable' xlink:type='locator' />
<link:loc xlink:href='../elts/us-gaap-2008-03-31.xsd#us-gaap_AccruedRoyalties' xlink:label='loc_AccruedRoyalties' xlink:type='locator' />
<link:loc xlink:href='../elts/us-gaap-2008-03-31.xsd#us-gaap_AccruedUtilities' xlink:label='loc_AccruedUtilities' xlink:type='locator' />
<link:loc xlink:href='../elts/us-gaap-2008-03-31.xsd#us-gaap_AccruedSalesCommission' xlink:label='loc_AccruedSalesCommission' xlink:type='locator' />
<link:loc xlink:href='../elts/us-gaap-2008-03-31.xsd#us-gaap_AccruedProfessionalFees' xlink:label='loc_AccruedProfessionalFees' xlink:type='locator' />
<link:loc xlink:href='../elts/us-gaap-2008-03-31.xsd#us-gaap_AccruedAdvertising' xlink:label='loc_AccruedAdvertising' xlink:type='locator' />
<link:loc xlink:href='../elts/us-gaap-2008-03-31.xsd#us-gaap_AccruedExchangeFeeRebate' xlink:label='loc_AccruedExchangeFeeRebate' xlink:type='locator' />
<link:loc xlink:href='../elts/us-gaap-2008-03-31.xsd#us-gaap_AccruedLiabilitiesForUnredeeemedGiftCards' xlink:label='loc_AccruedLiabilitiesForUnredeeemedGiftCards' xlink:type='locator' />
<link:loc xlink:href='../elts/us-gaap-2008-03-31.xsd#us-gaap_ProductWarrantyAccrualCurrent' xlink:label='loc_ProductWarrantyAccrualCurrent' xlink:type='locator' />
<link:loc xlink:href='../elts/us-gaap-2008-03-31.xsd#us-gaap_OtherAccruedLiabilities' xlink:label='loc_OtherAccruedLiabilities' xlink:type='locator' />
<link:loc xlink:href='../elts/us-gaap-2008-03-31.xsd#us-gaap_AccruedLiabilities' xlink:label='loc_AccruedLiabilities' xlink:type='locator' />
<link:loc xlink:href='../elts/us-gaap-2008-03-31.xsd#us-gaap_EmployeeRelatedLiabilitiesAbstract' xlink:label='loc_EmployeeRelatedLiabilitiesAbstract' xlink:type='locator' />
<link:loc xlink:href='../elts/us-gaap-2008-03-31.xsd#us-gaap_AccruedSalaries' xlink:label='loc_AccruedSalaries' xlink:type='locator' />
<link:loc xlink:href='../elts/us-gaap-2008-03-31.xsd#us-gaap_AccruedVacation' xlink:label='loc_AccruedVacation' xlink:type='locator' />
<link:loc xlink:href='../elts/us-gaap-2008-03-31.xsd#us-gaap_AccruedBonuses' xlink:label='loc_AccruedBonuses' xlink:type='locator' />
<link:loc xlink:href='../elts/us-gaap-2008-03-31.xsd#us-gaap_AccruedPayrollTaxes' xlink:label='loc_AccruedPayrollTaxes' xlink:type='locator' />
<link:loc xlink:href='../elts/us-gaap-2008-03-31.xsd#us-gaap_AccruedEmployeeBenefits' xlink:label='loc_AccruedEmployeeBenefits' xlink:type='locator' />
<link:loc xlink:href='../elts/us-gaap-2008-03-31.xsd#us-gaap_WorkersCompensationLiability' xlink:label='loc_WorkersCompensationLiability' xlink:type='locator' />
<link:loc xlink:href='../elts/us-gaap-2008-03-31.xsd#us-gaap_PensionAndOtherPostretirementDefinedBenefitPlansCurrentLiabilities' xlink:label='loc_PensionAndOtherPostretirementDefinedBenefitPlansCurrentLiabilities' xlink:type='locator' />
<link:loc xlink:href='../elts/us-gaap-2008-03-31.xsd#us-gaap_OtherEmployeeRelatedLiabilities' xlink:label='loc_OtherEmployeeRelatedLiabilities' xlink:type='locator' />
<link:loc xlink:href='../elts/us-gaap-2008-03-31.xsd#us-gaap_EmployeeRelatedLiabilities' xlink:label='loc_EmployeeRelatedLiabilities' xlink:type='locator' />
<link:loc xlink:href='../elts/us-gaap-2008-03-31.xsd#us-gaap_TaxesPayableAbstract' xlink:label='loc_TaxesPayableAbstract' xlink:type='locator' />
<link:loc xlink:href='../elts/us-gaap-2008-03-31.xsd#us-gaap_SalesAndExciseTaxPayable' xlink:label='loc_SalesAndExciseTaxPayable' xlink:type='locator' />
<link:loc xlink:href='../elts/us-gaap-2008-03-31.xsd#us-gaap_AccrualForTaxesOtherThanIncomeTaxes' xlink:label='loc_AccrualForTaxesOtherThanIncomeTaxes' xlink:type='locator' />
<link:loc xlink:href='../elts/us-gaap-2008-03-31.xsd#us-gaap_AccruedIncomeTaxesPayable' xlink:label='loc_AccruedIncomeTaxesPayable' xlink:type='locator' />
<link:loc xlink:href='../elts/us-gaap-2008-03-31.xsd#us-gaap_TaxesPayable' xlink:label='loc_TaxesPayable' xlink:type='locator' />
<link:loc xlink:href='../elts/us-gaap-2008-03-31.xsd#us-gaap_InterestAndDividendsPayableAbstract' xlink:label='loc_InterestAndDividendsPayableAbstract' xlink:type='locator' />
<link:loc xlink:href='../elts/us-gaap-2008-03-31.xsd#us-gaap_DividendsPayable' xlink:label='loc_DividendsPayable' xlink:type='locator' />
<link:loc xlink:href='../elts/us-gaap-2008-03-31.xsd#us-gaap_InterestPayable' xlink:label='loc_InterestPayable' xlink:type='locator' />
<link:loc xlink:href='../elts/us-gaap-2008-03-31.xsd#us-gaap_InterestAndDividendsPayable' xlink:label='loc_InterestAndDividendsPayable' xlink:type='locator' />
<link:loc xlink:href='../elts/us-gaap-2008-03-31.xsd#us-gaap_AccountsPayableAndAccruedLiabilities' xlink:label='loc_AccountsPayableAndAccruedLiabilities' xlink:type='locator' />
<link:loc xlink:href='../elts/us-gaap-2008-03-31.xsd#us-gaap_DueToRelatedPartiesCurrentAndUnclassifiedAbstract' xlink:label='loc_DueToRelatedPartiesCurrentAndUnclassifiedAbstract' xlink:type='locator' />
<link:loc xlink:href='../elts/us-gaap-2008-03-31.xsd#us-gaap_AccountsPayableRelatedParties' xlink:label='loc_AccountsPayableRelatedParties' xlink:type='locator' />
<link:loc xlink:href='../elts/us-gaap-2008-03-31.xsd#us-gaap_NotesPayableRelatedPartiesCurrent' xlink:label='loc_NotesPayableRelatedPartiesCurrent' xlink:type='locator' />
<link:loc xlink:href='../elts/us-gaap-2008-03-31.xsd#us-gaap_DueToEmployees' xlink:label='loc_DueToEmployees' xlink:type='locator' />
<link:loc xlink:href='../elts/us-gaap-2008-03-31.xsd#us-gaap_DueToOfficersOrStockholders' xlink:label='loc_DueToOfficersOrStockholders' xlink:type='locator' />
<link:loc xlink:href='../elts/us-gaap-2008-03-31.xsd#us-gaap_DueToAffiliate' xlink:label='loc_DueToAffiliate' xlink:type='locator' />
<link:loc xlink:href='../elts/us-gaap-2008-03-31.xsd#us-gaap_DueToOtherRelatedPartiesCurrent' xlink:label='loc_DueToOtherRelatedPartiesCurrent' xlink:type='locator' />
<link:loc xlink:href='../elts/us-gaap-2008-03-31.xsd#us-gaap_DueToRelatedParties' xlink:label='loc_DueToRelatedParties' xlink:type='locator' />
<link:loc xlink:href='../elts/us-gaap-2008-03-31.xsd#us-gaap_AccountsPayableAndAccruedLiabilitiesNoncurrentAbstract' xlink:label='loc_AccountsPayableAndAccruedLiabilitiesNoncurrentAbstract' xlink:type='locator' />
<link:loc xlink:href='../elts/us-gaap-2008-03-31.xsd#us-gaap_AccruedInsuranceNoncurrent' xlink:label='loc_AccruedInsuranceNoncurrent' xlink:type='locator' />
<link:loc xlink:href='../elts/us-gaap-2008-03-31.xsd#us-gaap_AccruedRentNoncurrent' xlink:label='loc_AccruedRentNoncurrent' xlink:type='locator' />
<link:loc xlink:href='../elts/us-gaap-2008-03-31.xsd#us-gaap_ProductWarrantyAccrualNoncurrent' xlink:label='loc_ProductWarrantyAccrualNoncurrent' xlink:type='locator' />
<link:loc xlink:href='../elts/us-gaap-2008-03-31.xsd#us-gaap_AccountsPayableInterestBearingNoncurrent' xlink:label='loc_AccountsPayableInterestBearingNoncurrent' xlink:type='locator' />
<link:loc xlink:href='../elts/us-gaap-2008-03-31.xsd#us-gaap_OtherAccruedLiabilitiesNoncurrent' xlink:label='loc_OtherAccruedLiabilitiesNoncurrent' xlink:type='locator' />
<link:loc xlink:href='../elts/us-gaap-2008-03-31.xsd#us-gaap_AccountsPayableAndAccruedLiabilitiesNoncurrent' xlink:label='loc_AccountsPayableAndAccruedLiabilitiesNoncurrent' xlink:type='locator' />
<link:loc xlink:href='../elts/us-gaap-2008-03-31.xsd#us-gaap_DueToRelatedPartiesNoncurrentAbstract' xlink:label='loc_DueToRelatedPartiesNoncurrentAbstract' xlink:type='locator' />
<link:loc xlink:href='../elts/us-gaap-2008-03-31.xsd#us-gaap_NotesPayableRelatedPartiesNoncurrent' xlink:label='loc_NotesPayableRelatedPartiesNoncurrent' xlink:type='locator' />
<link:loc xlink:href='../elts/us-gaap-2008-03-31.xsd#us-gaap_DueToEmployeesNoncurrent' xlink:label='loc_DueToEmployeesNoncurrent' xlink:type='locator' />
<link:loc xlink:href='../elts/us-gaap-2008-03-31.xsd#us-gaap_DueToOfficersOrStockholdersNoncurrent' xlink:label='loc_DueToOfficersOrStockholdersNoncurrent' xlink:type='locator' />
<link:loc xlink:href='../elts/us-gaap-2008-03-31.xsd#us-gaap_DueToAffiliateNoncurrent' xlink:label='loc_DueToAffiliateNoncurrent' xlink:type='locator' />
<link:loc xlink:href='../elts/us-gaap-2008-03-31.xsd#us-gaap_DueToOtherRelatedPartiesNoncurrent' xlink:label='loc_DueToOtherRelatedPartiesNoncurrent' xlink:type='locator' />
<link:loc xlink:href='../elts/us-gaap-2008-03-31.xsd#us-gaap_DueToRelatedPartiesNoncurrent' xlink:label='loc_DueToRelatedPartiesNoncurrent' xlink:type='locator' />
<presentationArc order='10' use='optional' xlink:arcrole='http://www.xbrl.org/2003/arcrole/parent-child' xlink:from='loc_AccountsPayableAndAccruedLiabilitiesDisclosureTextBlock' xlink:to='loc_AccountsPayableInterestBearingInterestRate' xlink:type='arc' />
<presentationArc order='20' use='optional' xlink:arcrole='http://www.xbrl.org/2003/arcrole/parent-child' xlink:from='loc_AccountsPayableAndAccruedLiabilitiesDisclosureTextBlock' xlink:to='loc_AccrualRealAndPersonalPropertyTaxesUncertainty' xlink:type='arc' />
<presentationArc order='30' xlink:arcrole='http://www.xbrl.org/2003/arcrole/parent-child' xlink:from='loc_AccountsPayableAndAccruedLiabilitiesDisclosureTextBlock' xlink:to='loc_AccountsPayableAndAccruedLiabilitiesCurrentAndUnclassifiedAbstract' xlink:type='arc' />
<presentationArc order='10' use='optional' xlink:arcrole='http://www.xbrl.org/2003/arcrole/parent-child' xlink:from='loc_AccountsPayableAndAccruedLiabilitiesCurrentAndUnclassifiedAbstract' xlink:to='loc_AccountsPayableAbstract' xlink:type='arc' />
<presentationArc order='10' use='optional' xlink:arcrole='http://www.xbrl.org/2003/arcrole/parent-child' xlink:from='loc_AccountsPayableAbstract' xlink:to='loc_AccountsPayableTrade' xlink:type='arc' />
<presentationArc order='20' use='optional' xlink:arcrole='http://www.xbrl.org/2003/arcrole/parent-child' xlink:from='loc_AccountsPayableAbstract' xlink:to='loc_AccountsPayableInterestBearing' xlink:type='arc' />
<presentationArc order='30' use='optional' xlink:arcrole='http://www.xbrl.org/2003/arcrole/parent-child' xlink:from='loc_AccountsPayableAbstract' xlink:to='loc_ConstructionPayable' xlink:type='arc' />
<presentationArc order='40' use='optional' xlink:arcrole='http://www.xbrl.org/2003/arcrole/parent-child' xlink:from='loc_AccountsPayableAbstract' xlink:to='loc_OilAndGasSalesPayable' xlink:type='arc' />
<presentationArc order='50' use='optional' xlink:arcrole='http://www.xbrl.org/2003/arcrole/parent-child' xlink:from='loc_AccountsPayableAbstract' xlink:to='loc_GasPurchasePayable' xlink:type='arc' />
<presentationArc order='60' xlink:arcrole='http://www.xbrl.org/2003/arcrole/parent-child' xlink:from='loc_AccountsPayableAbstract' xlink:to='loc_EnergyMarketingAccountsPayable' xlink:type='arc' />
<presentationArc order='70' use='optional' xlink:arcrole='http://www.xbrl.org/2003/arcrole/parent-child' xlink:from='loc_AccountsPayableAbstract' xlink:to='loc_GasImbalancePayable' xlink:type='arc' />
<presentationArc order='80' use='optional' xlink:arcrole='http://www.xbrl.org/2003/arcrole/parent-child' xlink:from='loc_AccountsPayableAbstract' xlink:to='loc_AccountsPayableUnderwritersPromotersAndEmployeesOtherThanSalariesAndWages' xlink:type='arc' />
<presentationArc order='90' use='optional' xlink:arcrole='http://www.xbrl.org/2003/arcrole/parent-child' xlink:from='loc_AccountsPayableAbstract' xlink:to='loc_AccountsPayableOther' xlink:type='arc' />
<presentationArc order='100' preferredLabel='http://www.xbrl.org/2003/role/totalLabel' use='optional' xlink:arcrole='http://www.xbrl.org/2003/arcrole/parent-child' xlink:from='loc_AccountsPayableAbstract' xlink:to='loc_AccountsPayable' xlink:type='arc' />
<presentationArc order='20' use='optional' xlink:arcrole='http://www.xbrl.org/2003/arcrole/parent-child' xlink:from='loc_AccountsPayableAndAccruedLiabilitiesCurrentAndUnclassifiedAbstract' xlink:to='loc_AccruedLiabilitiesAbstract' xlink:type='arc' />
<presentationArc order='10' use='optional' xlink:arcrole='http://www.xbrl.org/2003/arcrole/parent-child' xlink:from='loc_AccruedLiabilitiesAbstract' xlink:to='loc_AccruedInsurance' xlink:type='arc' />
<presentationArc order='20' use='optional' xlink:arcrole='http://www.xbrl.org/2003/arcrole/parent-child' xlink:from='loc_AccruedLiabilitiesAbstract' xlink:to='loc_AccruedRent' xlink:type='arc' />
<presentationArc order='30' xlink:arcrole='http://www.xbrl.org/2003/arcrole/parent-child' xlink:from='loc_AccruedLiabilitiesAbstract' xlink:to='loc_LeaseIncentivePayable' xlink:type='arc' />
<presentationArc order='40' use='optional' xlink:arcrole='http://www.xbrl.org/2003/arcrole/parent-child' xlink:from='loc_AccruedLiabilitiesAbstract' xlink:to='loc_AccruedRoyalties' xlink:type='arc' />
<presentationArc order='50' use='optional' xlink:arcrole='http://www.xbrl.org/2003/arcrole/parent-child' xlink:from='loc_AccruedLiabilitiesAbstract' xlink:to='loc_AccruedUtilities' xlink:type='arc' />
<presentationArc order='60' use='optional' xlink:arcrole='http://www.xbrl.org/2003/arcrole/parent-child' xlink:from='loc_AccruedLiabilitiesAbstract' xlink:to='loc_AccruedSalesCommission' xlink:type='arc' />
<presentationArc order='70' use='optional' xlink:arcrole='http://www.xbrl.org/2003/arcrole/parent-child' xlink:from='loc_AccruedLiabilitiesAbstract' xlink:to='loc_AccruedProfessionalFees' xlink:type='arc' />
<presentationArc order='80' use='optional' xlink:arcrole='http://www.xbrl.org/2003/arcrole/parent-child' xlink:from='loc_AccruedLiabilitiesAbstract' xlink:to='loc_AccruedAdvertising' xlink:type='arc' />
<presentationArc order='90' use='optional' xlink:arcrole='http://www.xbrl.org/2003/arcrole/parent-child' xlink:from='loc_AccruedLiabilitiesAbstract' xlink:to='loc_AccruedExchangeFeeRebate' xlink:type='arc' />
<presentationArc order='100' xlink:arcrole='http://www.xbrl.org/2003/arcrole/parent-child' xlink:from='loc_AccruedLiabilitiesAbstract' xlink:to='loc_AccruedLiabilitiesForUnredeeemedGiftCards' xlink:type='arc' />
<presentationArc order='110' use='optional' xlink:arcrole='http://www.xbrl.org/2003/arcrole/parent-child' xlink:from='loc_AccruedLiabilitiesAbstract' xlink:to='loc_ProductWarrantyAccrualCurrent' xlink:type='arc' />
<presentationArc order='120' use='optional' xlink:arcrole='http://www.xbrl.org/2003/arcrole/parent-child' xlink:from='loc_AccruedLiabilitiesAbstract' xlink:to='loc_OtherAccruedLiabilities' xlink:type='arc' />
<presentationArc order='130' preferredLabel='http://www.xbrl.org/2003/role/totalLabel' use='optional' xlink:arcrole='http://www.xbrl.org/2003/arcrole/parent-child' xlink:from='loc_AccruedLiabilitiesAbstract' xlink:to='loc_AccruedLiabilities' xlink:type='arc' />
<presentationArc order='30' xlink:arcrole='http://www.xbrl.org/2003/arcrole/parent-child' xlink:from='loc_AccountsPayableAndAccruedLiabilitiesCurrentAndUnclassifiedAbstract' xlink:to='loc_EmployeeRelatedLiabilitiesAbstract' xlink:type='arc' />
<presentationArc order='10' use='optional' xlink:arcrole='http://www.xbrl.org/2003/arcrole/parent-child' xlink:from='loc_EmployeeRelatedLiabilitiesAbstract' xlink:to='loc_AccruedSalaries' xlink:type='arc' />
<presentationArc order='20' use='optional' xlink:arcrole='http://www.xbrl.org/2003/arcrole/parent-child' xlink:from='loc_EmployeeRelatedLiabilitiesAbstract' xlink:to='loc_AccruedVacation' xlink:type='arc' />
<presentationArc order='30' use='optional' xlink:arcrole='http://www.xbrl.org/2003/arcrole/parent-child' xlink:from='loc_EmployeeRelatedLiabilitiesAbstract' xlink:to='loc_AccruedBonuses' xlink:type='arc' />
<presentationArc order='40' use='optional' xlink:arcrole='http://www.xbrl.org/2003/arcrole/parent-child' xlink:from='loc_EmployeeRelatedLiabilitiesAbstract' xlink:to='loc_AccruedPayrollTaxes' xlink:type='arc' />
<presentationArc order='50' use='optional' xlink:arcrole='http://www.xbrl.org/2003/arcrole/parent-child' xlink:from='loc_EmployeeRelatedLiabilitiesAbstract' xlink:to='loc_AccruedEmployeeBenefits' xlink:type='arc' />
<presentationArc order='60' xlink:arcrole='http://www.xbrl.org/2003/arcrole/parent-child' xlink:from='loc_EmployeeRelatedLiabilitiesAbstract' xlink:to='loc_WorkersCompensationLiability' xlink:type='arc' />
<presentationArc order='70' xlink:arcrole='http://www.xbrl.org/2003/arcrole/parent-child' xlink:from='loc_EmployeeRelatedLiabilitiesAbstract' xlink:to='loc_PensionAndOtherPostretirementDefinedBenefitPlansCurrentLiabilities' xlink:type='arc' />
<presentationArc order='80' use='optional' xlink:arcrole='http://www.xbrl.org/2003/arcrole/parent-child' xlink:from='loc_EmployeeRelatedLiabilitiesAbstract' xlink:to='loc_OtherEmployeeRelatedLiabilities' xlink:type='arc' />
<presentationArc order='90' preferredLabel='http://www.xbrl.org/2003/role/totalLabel' use='optional' xlink:arcrole='http://www.xbrl.org/2003/arcrole/parent-child' xlink:from='loc_EmployeeRelatedLiabilitiesAbstract' xlink:to='loc_EmployeeRelatedLiabilities' xlink:type='arc' />
<presentationArc order='40' xlink:arcrole='http://www.xbrl.org/2003/arcrole/parent-child' xlink:from='loc_AccountsPayableAndAccruedLiabilitiesCurrentAndUnclassifiedAbstract' xlink:to='loc_TaxesPayableAbstract' xlink:type='arc' />
<presentationArc order='10' use='optional' xlink:arcrole='http://www.xbrl.org/2003/arcrole/parent-child' xlink:from='loc_TaxesPayableAbstract' xlink:to='loc_SalesAndExciseTaxPayable' xlink:type='arc' />
<presentationArc order='20' use='optional' xlink:arcrole='http://www.xbrl.org/2003/arcrole/parent-child' xlink:from='loc_TaxesPayableAbstract' xlink:to='loc_AccrualForTaxesOtherThanIncomeTaxes' xlink:type='arc' />
<presentationArc order='30' use='optional' xlink:arcrole='http://www.xbrl.org/2003/arcrole/parent-child' xlink:from='loc_TaxesPayableAbstract' xlink:to='loc_AccruedIncomeTaxesPayable' xlink:type='arc' />
<presentationArc order='40' preferredLabel='http://www.xbrl.org/2003/role/totalLabel' use='optional' xlink:arcrole='http://www.xbrl.org/2003/arcrole/parent-child' xlink:from='loc_TaxesPayableAbstract' xlink:to='loc_TaxesPayable' xlink:type='arc' />
<presentationArc order='50' xlink:arcrole='http://www.xbrl.org/2003/arcrole/parent-child' xlink:from='loc_AccountsPayableAndAccruedLiabilitiesCurrentAndUnclassifiedAbstract' xlink:to='loc_InterestAndDividendsPayableAbstract' xlink:type='arc' />
<presentationArc order='10' xlink:arcrole='http://www.xbrl.org/2003/arcrole/parent-child' xlink:from='loc_InterestAndDividendsPayableAbstract' xlink:to='loc_DividendsPayable' xlink:type='arc' />
<presentationArc order='20' xlink:arcrole='http://www.xbrl.org/2003/arcrole/parent-child' xlink:from='loc_InterestAndDividendsPayableAbstract' xlink:to='loc_InterestPayable' xlink:type='arc' />
<presentationArc order='30' preferredLabel='http://www.xbrl.org/2003/role/totalLabel' xlink:arcrole='http://www.xbrl.org/2003/arcrole/parent-child' xlink:from='loc_InterestAndDividendsPayableAbstract' xlink:to='loc_InterestAndDividendsPayable' xlink:type='arc' />
<presentationArc order='60' preferredLabel='http://www.xbrl.org/2003/role/totalLabel' use='optional' xlink:arcrole='http://www.xbrl.org/2003/arcrole/parent-child' xlink:from='loc_AccountsPayableAndAccruedLiabilitiesCurrentAndUnclassifiedAbstract' xlink:to='loc_AccountsPayableAndAccruedLiabilities' xlink:type='arc' />
<presentationArc order='40' use='optional' xlink:arcrole='http://www.xbrl.org/2003/arcrole/parent-child' xlink:from='loc_AccountsPayableAndAccruedLiabilitiesDisclosureTextBlock' xlink:to='loc_DueToRelatedPartiesCurrentAndUnclassifiedAbstract' xlink:type='arc' />
<presentationArc order='10' use='optional' xlink:arcrole='http://www.xbrl.org/2003/arcrole/parent-child' xlink:from='loc_DueToRelatedPartiesCurrentAndUnclassifiedAbstract' xlink:to='loc_AccountsPayableRelatedParties' xlink:type='arc' />
<presentationArc order='20' use='optional' xlink:arcrole='http://www.xbrl.org/2003/arcrole/parent-child' xlink:from='loc_DueToRelatedPartiesCurrentAndUnclassifiedAbstract' xlink:to='loc_NotesPayableRelatedPartiesCurrent' xlink:type='arc' />
<presentationArc order='30' use='optional' xlink:arcrole='http://www.xbrl.org/2003/arcrole/parent-child' xlink:from='loc_DueToRelatedPartiesCurrentAndUnclassifiedAbstract' xlink:to='loc_DueToEmployees' xlink:type='arc' />
<presentationArc order='40' use='optional' xlink:arcrole='http://www.xbrl.org/2003/arcrole/parent-child' xlink:from='loc_DueToRelatedPartiesCurrentAndUnclassifiedAbstract' xlink:to='loc_DueToOfficersOrStockholders' xlink:type='arc' />
<presentationArc order='50' use='optional' xlink:arcrole='http://www.xbrl.org/2003/arcrole/parent-child' xlink:from='loc_DueToRelatedPartiesCurrentAndUnclassifiedAbstract' xlink:to='loc_DueToAffiliate' xlink:type='arc' />
<presentationArc order='60' use='optional' xlink:arcrole='http://www.xbrl.org/2003/arcrole/parent-child' xlink:from='loc_DueToRelatedPartiesCurrentAndUnclassifiedAbstract' xlink:to='loc_DueToOtherRelatedPartiesCurrent' xlink:type='arc' />
<presentationArc order='70' preferredLabel='http://www.xbrl.org/2003/role/totalLabel' xlink:arcrole='http://www.xbrl.org/2003/arcrole/parent-child' xlink:from='loc_DueToRelatedPartiesCurrentAndUnclassifiedAbstract' xlink:to='loc_DueToRelatedParties' xlink:type='arc' />
<presentationArc order='50' xlink:arcrole='http://www.xbrl.org/2003/arcrole/parent-child' xlink:from='loc_AccountsPayableAndAccruedLiabilitiesDisclosureTextBlock' xlink:to='loc_AccountsPayableAndAccruedLiabilitiesNoncurrentAbstract' xlink:type='arc' />
<presentationArc order='10' use='optional' xlink:arcrole='http://www.xbrl.org/2003/arcrole/parent-child' xlink:from='loc_AccountsPayableAndAccruedLiabilitiesNoncurrentAbstract' xlink:to='loc_AccruedInsuranceNoncurrent' xlink:type='arc' />
<presentationArc order='20' use='optional' xlink:arcrole='http://www.xbrl.org/2003/arcrole/parent-child' xlink:from='loc_AccountsPayableAndAccruedLiabilitiesNoncurrentAbstract' xlink:to='loc_AccruedRentNoncurrent' xlink:type='arc' />
<presentationArc order='30' use='optional' xlink:arcrole='http://www.xbrl.org/2003/arcrole/parent-child' xlink:from='loc_AccountsPayableAndAccruedLiabilitiesNoncurrentAbstract' xlink:to='loc_ProductWarrantyAccrualNoncurrent' xlink:type='arc' />
<presentationArc order='40' use='optional' xlink:arcrole='http://www.xbrl.org/2003/arcrole/parent-child' xlink:from='loc_AccountsPayableAndAccruedLiabilitiesNoncurrentAbstract' xlink:to='loc_AccountsPayableInterestBearingNoncurrent' xlink:type='arc' />
<presentationArc order='50' use='optional' xlink:arcrole='http://www.xbrl.org/2003/arcrole/parent-child' xlink:from='loc_AccountsPayableAndAccruedLiabilitiesNoncurrentAbstract' xlink:to='loc_OtherAccruedLiabilitiesNoncurrent' xlink:type='arc' />
<presentationArc order='60' preferredLabel='http://www.xbrl.org/2003/role/totalLabel' use='optional' xlink:arcrole='http://www.xbrl.org/2003/arcrole/parent-child' xlink:from='loc_AccountsPayableAndAccruedLiabilitiesNoncurrentAbstract' xlink:to='loc_AccountsPayableAndAccruedLiabilitiesNoncurrent' xlink:type='arc' />
<presentationArc order='60' use='optional' xlink:arcrole='http://www.xbrl.org/2003/arcrole/parent-child' xlink:from='loc_AccountsPayableAndAccruedLiabilitiesDisclosureTextBlock' xlink:to='loc_DueToRelatedPartiesNoncurrentAbstract' xlink:type='arc' />
<presentationArc order='10' use='optional' xlink:arcrole='http://www.xbrl.org/2003/arcrole/parent-child' xlink:from='loc_DueToRelatedPartiesNoncurrentAbstract' xlink:to='loc_NotesPayableRelatedPartiesNoncurrent' xlink:type='arc' />
<presentationArc order='20' use='optional' xlink:arcrole='http://www.xbrl.org/2003/arcrole/parent-child' xlink:from='loc_DueToRelatedPartiesNoncurrentAbstract' xlink:to='loc_DueToEmployeesNoncurrent' xlink:type='arc' />
<presentationArc order='30' use='optional' xlink:arcrole='http://www.xbrl.org/2003/arcrole/parent-child' xlink:from='loc_DueToRelatedPartiesNoncurrentAbstract' xlink:to='loc_DueToOfficersOrStockholdersNoncurrent' xlink:type='arc' />
<presentationArc order='40' use='optional' xlink:arcrole='http://www.xbrl.org/2003/arcrole/parent-child' xlink:from='loc_DueToRelatedPartiesNoncurrentAbstract' xlink:to='loc_DueToAffiliateNoncurrent' xlink:type='arc' />
<presentationArc order='50' use='optional' xlink:arcrole='http://www.xbrl.org/2003/arcrole/parent-child' xlink:from='loc_DueToRelatedPartiesNoncurrentAbstract' xlink:to='loc_DueToOtherRelatedPartiesNoncurrent' xlink:type='arc' />
<presentationArc order='60' preferredLabel='http://www.xbrl.org/2003/role/totalLabel' use='optional' xlink:arcrole='http://www.xbrl.org/2003/arcrole/parent-child' xlink:from='loc_DueToRelatedPartiesNoncurrentAbstract' xlink:to='loc_DueToRelatedPartiesNoncurrent' xlink:type='arc' />
</presentationLink>
</link:linkbase>
