<?xml version="1.0" encoding="UTF-8" standalone="no"?>

<!--
Copyright (C) 2007, 2008 XBRL US, Inc. All Rights Reserved.
Authorized Uses are Set Forth at http://xbrl.us/legal
  -->
<link:linkbase xmlns:link='http://www.xbrl.org/2003/linkbase' xmlns:xlink='http://www.w3.org/1999/xlink' xmlns:xsi='http://www.w3.org/2001/XMLSchema-instance' xsi:schemaLocation='http://www.xbrl.org/2003/linkbase http://www.xbrl.org/2003/xbrl-linkbase-2003-12-31.xsd'>
<link:roleRef roleURI='http://xbrl.us/us-gaap/role/disclosure/SegmentReporting' xlink:href='../elts/us-roles-2008-03-31.xsd#sr' xlink:type='simple' />
<presentationLink xlink:role='http://xbrl.us/us-gaap/role/disclosure/SegmentReporting' xlink:type='extended' xmlns='http://www.xbrl.org/2003/linkbase'>
<link:loc xlink:href='../elts/us-gaap-2008-03-31.xsd#us-gaap_SegmentReportingDisclosureTextBlock' xlink:label='loc_SegmentReportingDisclosureTextBlock' xlink:type='locator' />
<link:loc xlink:href='../elts/us-gaap-2008-03-31.xsd#us-gaap_SegmentReportingGeneralInformation' xlink:label='loc_SegmentReportingGeneralInformation' xlink:type='locator' />
<link:loc xlink:href='../elts/us-gaap-2008-03-31.xsd#us-gaap_DescriptionOfEffectOnPreviouslyReportedSegmentInformationForChangeInCompositionOfReportableSegments' xlink:label='loc_DescriptionOfEffectOnPreviouslyReportedSegmentInformationForChangeInCompositionOfReportableSegments' xlink:type='locator' />
<link:loc xlink:href='../elts/us-gaap-2008-03-31.xsd#us-gaap_ScheduleOfSegmentReportingInformationBySegmentTextBlock' xlink:label='loc_ScheduleOfSegmentReportingInformationBySegmentTextBlock' xlink:type='locator' />
<link:loc xlink:href='../elts/us-gaap-2008-03-31.xsd#us-gaap_ScheduleOfSegmentReportingInformationBySegmentTable' xlink:label='loc_ScheduleOfSegmentReportingInformationBySegmentTable' xlink:type='locator' />
<link:loc xlink:href='../elts/us-gaap-2008-03-31.xsd#us-gaap_SegmentReportingInformationBySegmentAxis' xlink:label='loc_SegmentReportingInformationBySegmentAxis' xlink:type='locator' />
<link:loc xlink:href='../elts/us-gaap-2008-03-31.xsd#us-gaap_ReportingSegmentDomain' xlink:label='loc_ReportingSegmentDomain' xlink:type='locator' />
<link:loc xlink:href='../elts/us-gaap-2008-03-31.xsd#us-gaap_SegmentReportingInformationLineItems' xlink:label='loc_SegmentReportingInformationLineItems' xlink:type='locator' />
<link:loc xlink:href='../elts/us-gaap-2008-03-31.xsd#us-gaap_SegmentReportingInformationDescriptionOfProductsAndServices' xlink:label='loc_SegmentReportingInformationDescriptionOfProductsAndServices' xlink:type='locator' />
<link:loc xlink:href='../elts/us-gaap-2008-03-31.xsd#us-gaap_SegmentReportingInformationProfitLossAbstract' xlink:label='loc_SegmentReportingInformationProfitLossAbstract' xlink:type='locator' />
<link:loc xlink:href='../elts/us-gaap-2008-03-31.xsd#us-gaap_SegmentReportingInformationIncomeLossBeforeIncomeTaxesAbstract' xlink:label='loc_SegmentReportingInformationIncomeLossBeforeIncomeTaxesAbstract' xlink:type='locator' />
<link:loc xlink:href='../elts/us-gaap-2008-03-31.xsd#us-gaap_SegmentReportingInformationOperatingIncomeLossAbstract' xlink:label='loc_SegmentReportingInformationOperatingIncomeLossAbstract' xlink:type='locator' />
<link:loc xlink:href='../elts/us-gaap-2008-03-31.xsd#us-gaap_SegmentReportingInformationRevenueAbstract' xlink:label='loc_SegmentReportingInformationRevenueAbstract' xlink:type='locator' />
<link:loc xlink:href='../elts/us-gaap-2008-03-31.xsd#us-gaap_SegmentReportingInformationRevenueFromExternalCustomers' xlink:label='loc_SegmentReportingInformationRevenueFromExternalCustomers' xlink:type='locator' />
<link:loc xlink:href='../elts/us-gaap-2008-03-31.xsd#us-gaap_SegmentReportingInformationIntersegmentRevenue' xlink:label='loc_SegmentReportingInformationIntersegmentRevenue' xlink:type='locator' />
<link:loc xlink:href='../elts/us-gaap-2008-03-31.xsd#us-gaap_SegmentReportingInformationInterestIncomeExpenseNetAbstract' xlink:label='loc_SegmentReportingInformationInterestIncomeExpenseNetAbstract' xlink:type='locator' />
<link:loc xlink:href='../elts/us-gaap-2008-03-31.xsd#us-gaap_SegmentReportingInformationInterestIncome' xlink:label='loc_SegmentReportingInformationInterestIncome' xlink:type='locator' />
<link:loc xlink:href='../elts/us-gaap-2008-03-31.xsd#us-gaap_SegmentReportingInformationInterestExpense' xlink:label='loc_SegmentReportingInformationInterestExpense' xlink:type='locator' />
<link:loc xlink:href='../elts/us-gaap-2008-03-31.xsd#us-gaap_SegmentReportingInformationInterestIncomeExpenseNet' xlink:label='loc_SegmentReportingInformationInterestIncomeExpenseNet' xlink:type='locator' />
<link:loc xlink:href='../elts/us-gaap-2008-03-31.xsd#us-gaap_SegmentReportingInformationInterestIncomeExpenseNetPolicy' xlink:label='loc_SegmentReportingInformationInterestIncomeExpenseNetPolicy' xlink:type='locator' />
<link:loc xlink:href='../elts/us-gaap-2008-03-31.xsd#us-gaap_SegmentReportingInformationRevenue' xlink:label='loc_SegmentReportingInformationRevenue' xlink:type='locator' />
<link:loc xlink:href='../elts/us-gaap-2008-03-31.xsd#us-gaap_SegmentReportingInformationDepreciationDepletionAndAmortizationExpenseAbstract' xlink:label='loc_SegmentReportingInformationDepreciationDepletionAndAmortizationExpenseAbstract' xlink:type='locator' />
<link:loc xlink:href='../elts/us-gaap-2008-03-31.xsd#us-gaap_SegmentReportingInformationDepreciationExpense' xlink:label='loc_SegmentReportingInformationDepreciationExpense' xlink:type='locator' />
<link:loc xlink:href='../elts/us-gaap-2008-03-31.xsd#us-gaap_SegmentReportingInformationDepletionExpense' xlink:label='loc_SegmentReportingInformationDepletionExpense' xlink:type='locator' />
<link:loc xlink:href='../elts/us-gaap-2008-03-31.xsd#us-gaap_SegmentReportingInformationAmortizationExpense' xlink:label='loc_SegmentReportingInformationAmortizationExpense' xlink:type='locator' />
<link:loc xlink:href='../elts/us-gaap-2008-03-31.xsd#us-gaap_SegmentReportingInformationDepreciationDepletionAndAmortizationExpense' xlink:label='loc_SegmentReportingInformationDepreciationDepletionAndAmortizationExpense' xlink:type='locator' />
<link:loc xlink:href='../elts/us-gaap-2008-03-31.xsd#us-gaap_SegmentReportingInformationOperatingIncomeLoss' xlink:label='loc_SegmentReportingInformationOperatingIncomeLoss' xlink:type='locator' />
<link:loc xlink:href='../elts/us-gaap-2008-03-31.xsd#us-gaap_SegmentReportingInformationUnusualItems' xlink:label='loc_SegmentReportingInformationUnusualItems' xlink:type='locator' />
<link:loc xlink:href='../elts/us-gaap-2008-03-31.xsd#us-gaap_SegmentReportingInformationEquityInNetIncomeOfEquityMethodInvesteesOfSegment' xlink:label='loc_SegmentReportingInformationEquityInNetIncomeOfEquityMethodInvesteesOfSegment' xlink:type='locator' />
<link:loc xlink:href='../elts/us-gaap-2008-03-31.xsd#us-gaap_SegmentReportingInformationIncomeLossBeforeIncomeTaxes' xlink:label='loc_SegmentReportingInformationIncomeLossBeforeIncomeTaxes' xlink:type='locator' />
<link:loc xlink:href='../elts/us-gaap-2008-03-31.xsd#us-gaap_SegmentReportingInformationIncomeTaxExpenseBenefit' xlink:label='loc_SegmentReportingInformationIncomeTaxExpenseBenefit' xlink:type='locator' />
<link:loc xlink:href='../elts/us-gaap-2008-03-31.xsd#us-gaap_SegmentReportingInformationExtraordinaryItems' xlink:label='loc_SegmentReportingInformationExtraordinaryItems' xlink:type='locator' />
<link:loc xlink:href='../elts/us-gaap-2008-03-31.xsd#us-gaap_SegmentReportingInformationProfitLoss' xlink:label='loc_SegmentReportingInformationProfitLoss' xlink:type='locator' />
<link:loc xlink:href='../elts/us-gaap-2008-03-31.xsd#us-gaap_SegmentReportingInformationAdditionalElementsForBankPresentationAbstract' xlink:label='loc_SegmentReportingInformationAdditionalElementsForBankPresentationAbstract' xlink:type='locator' />
<link:loc xlink:href='../elts/us-gaap-2008-03-31.xsd#us-gaap_SegmentReportingInformationProvisionForCreditLosses' xlink:label='loc_SegmentReportingInformationProvisionForCreditLosses' xlink:type='locator' />
<link:loc xlink:href='../elts/us-gaap-2008-03-31.xsd#us-gaap_SegmentReportingInformationNoninterestIncome' xlink:label='loc_SegmentReportingInformationNoninterestIncome' xlink:type='locator' />
<link:loc xlink:href='../elts/us-gaap-2008-03-31.xsd#us-gaap_SegmentReportingInformationNoninterestExpense' xlink:label='loc_SegmentReportingInformationNoninterestExpense' xlink:type='locator' />
<link:loc xlink:href='../elts/us-gaap-2008-03-31.xsd#us-gaap_SegmentReportingInformationUnallocatedExpenseInNoninterestExpense' xlink:label='loc_SegmentReportingInformationUnallocatedExpenseInNoninterestExpense' xlink:type='locator' />
<link:loc xlink:href='../elts/us-gaap-2008-03-31.xsd#us-gaap_SegmentReportingInformationOtherNoninterestExpense' xlink:label='loc_SegmentReportingInformationOtherNoninterestExpense' xlink:type='locator' />
<link:loc xlink:href='../elts/us-gaap-2008-03-31.xsd#us-gaap_SegmentReportingInformationAverageAssets' xlink:label='loc_SegmentReportingInformationAverageAssets' xlink:type='locator' />
<link:loc xlink:href='../elts/us-gaap-2008-03-31.xsd#us-gaap_SegmentReportingInformationSignificantNoncashItemsOtherThanDepreciationDepletionAndAmortizationExpense' xlink:label='loc_SegmentReportingInformationSignificantNoncashItemsOtherThanDepreciationDepletionAndAmortizationExpense' xlink:type='locator' />
<link:loc xlink:href='../elts/us-gaap-2008-03-31.xsd#us-gaap_SegmentReportingInformationExpendituresForAdditionsToLongLivedAssets' xlink:label='loc_SegmentReportingInformationExpendituresForAdditionsToLongLivedAssets' xlink:type='locator' />
<link:loc xlink:href='../elts/us-gaap-2008-03-31.xsd#us-gaap_SegmentReportingInformationNetAssets' xlink:label='loc_SegmentReportingInformationNetAssets' xlink:type='locator' />
<link:loc xlink:href='../elts/us-gaap-2008-03-31.xsd#us-gaap_SegmentReportingInformationAssets' xlink:label='loc_SegmentReportingInformationAssets' xlink:type='locator' />
<link:loc xlink:href='../elts/us-gaap-2008-03-31.xsd#us-gaap_SegmentReportingInformationAdditionalInformationAbstract' xlink:label='loc_SegmentReportingInformationAdditionalInformationAbstract' xlink:type='locator' />
<link:loc xlink:href='../elts/us-gaap-2008-03-31.xsd#us-gaap_SegmentReportingInformationAccountsReceivableNet' xlink:label='loc_SegmentReportingInformationAccountsReceivableNet' xlink:type='locator' />
<link:loc xlink:href='../elts/us-gaap-2008-03-31.xsd#us-gaap_SegmentReportingInformationInventoryNet' xlink:label='loc_SegmentReportingInformationInventoryNet' xlink:type='locator' />
<link:loc xlink:href='../elts/us-gaap-2008-03-31.xsd#us-gaap_SegmentReportingInformationInvestmentInEquityMethodInvestees' xlink:label='loc_SegmentReportingInformationInvestmentInEquityMethodInvestees' xlink:type='locator' />
<link:loc xlink:href='../elts/us-gaap-2008-03-31.xsd#us-gaap_SegmentReportingInformationInvestments' xlink:label='loc_SegmentReportingInformationInvestments' xlink:type='locator' />
<link:loc xlink:href='../elts/us-gaap-2008-03-31.xsd#us-gaap_SegmentReportingInformationPropertyPlantAndEquipmentNet' xlink:label='loc_SegmentReportingInformationPropertyPlantAndEquipmentNet' xlink:type='locator' />
<link:loc xlink:href='../elts/us-gaap-2008-03-31.xsd#us-gaap_SegmentReportingInformationGoodwill' xlink:label='loc_SegmentReportingInformationGoodwill' xlink:type='locator' />
<link:loc xlink:href='../elts/us-gaap-2008-03-31.xsd#us-gaap_SegmentReportingInformationOtherAssets' xlink:label='loc_SegmentReportingInformationOtherAssets' xlink:type='locator' />
<link:loc xlink:href='../elts/us-gaap-2008-03-31.xsd#us-gaap_SegmentReportingInformationAccountsPayableAndAccruedLiabilities' xlink:label='loc_SegmentReportingInformationAccountsPayableAndAccruedLiabilities' xlink:type='locator' />
<link:loc xlink:href='../elts/us-gaap-2008-03-31.xsd#us-gaap_SegmentReportingInformationDebt' xlink:label='loc_SegmentReportingInformationDebt' xlink:type='locator' />
<link:loc xlink:href='../elts/us-gaap-2008-03-31.xsd#us-gaap_SegmentReportingInformationOtherLiabilities' xlink:label='loc_SegmentReportingInformationOtherLiabilities' xlink:type='locator' />
<link:loc xlink:href='../elts/us-gaap-2008-03-31.xsd#us-gaap_SegmentReportingMeasurementDisclosuresAbstract' xlink:label='loc_SegmentReportingMeasurementDisclosuresAbstract' xlink:type='locator' />
<link:loc xlink:href='../elts/us-gaap-2008-03-31.xsd#us-gaap_SegmentReportingMeasurement' xlink:label='loc_SegmentReportingMeasurement' xlink:type='locator' />
<link:loc xlink:href='../elts/us-gaap-2008-03-31.xsd#us-gaap_SegmentReportingMeasurementForTransactionsBetweenReportableSegments' xlink:label='loc_SegmentReportingMeasurementForTransactionsBetweenReportableSegments' xlink:type='locator' />
<link:loc xlink:href='../elts/us-gaap-2008-03-31.xsd#us-gaap_SegmentReportingMeasurementDifferencesBetweenSegmentAndConsolidatedProfitLoss' xlink:label='loc_SegmentReportingMeasurementDifferencesBetweenSegmentAndConsolidatedProfitLoss' xlink:type='locator' />
<link:loc xlink:href='../elts/us-gaap-2008-03-31.xsd#us-gaap_SegmentReportingMeasurementDifferencesBetweenSegmentAndConsolidatedAssets' xlink:label='loc_SegmentReportingMeasurementDifferencesBetweenSegmentAndConsolidatedAssets' xlink:type='locator' />
<link:loc xlink:href='../elts/us-gaap-2008-03-31.xsd#us-gaap_SegmentReportingChangeInMeasurementMethods' xlink:label='loc_SegmentReportingChangeInMeasurementMethods' xlink:type='locator' />
<link:loc xlink:href='../elts/us-gaap-2008-03-31.xsd#us-gaap_SegmentReportingAsymmetricalAllocationsToSegments' xlink:label='loc_SegmentReportingAsymmetricalAllocationsToSegments' xlink:type='locator' />
<link:loc xlink:href='../elts/us-gaap-2008-03-31.xsd#us-gaap_ReconciliationOfOperatingProfitLossFromSegmentsToConsolidatedAbstract' xlink:label='loc_ReconciliationOfOperatingProfitLossFromSegmentsToConsolidatedAbstract' xlink:type='locator' />
<link:loc xlink:href='../elts/us-gaap-2008-03-31.xsd#us-gaap_ReconciliationOfOperatingProfitLossFromSegmentsToConsolidated' xlink:label='loc_ReconciliationOfOperatingProfitLossFromSegmentsToConsolidated' xlink:type='locator' />
<link:loc xlink:href='../elts/us-gaap-2008-03-31.xsd#us-gaap_SegmentReportingIncomeBeforeIncomeTaxesExtraordinaryItemsDiscontinuedOperationsAndCumulativeEffectAbstract' xlink:label='loc_SegmentReportingIncomeBeforeIncomeTaxesExtraordinaryItemsDiscontinuedOperationsAndCumulativeEffectAbstract' xlink:type='locator' />
<link:loc xlink:href='../elts/us-gaap-2008-03-31.xsd#us-gaap_SegmentReportingSegmentOperatingProfitLoss' xlink:label='loc_SegmentReportingSegmentOperatingProfitLoss' xlink:type='locator' />
<link:loc xlink:href='../elts/us-gaap-2008-03-31.xsd#us-gaap_SegmentReportingReconcilingItemsForOperatingProfitLoss' xlink:label='loc_SegmentReportingReconcilingItemsForOperatingProfitLoss' xlink:type='locator' />
<link:loc xlink:href='../elts/us-gaap-2008-03-31.xsd#us-gaap_SegmentReportingIncomeBeforeIncomeTaxesExtraordinaryItemsDiscontinuedOperationsAndCumulativeEffect' xlink:label='loc_SegmentReportingIncomeBeforeIncomeTaxesExtraordinaryItemsDiscontinuedOperationsAndCumulativeEffect' xlink:type='locator' />
<link:loc xlink:href='../elts/us-gaap-2008-03-31.xsd#us-gaap_ReconciliationOfOperatingProfitLossFromSegmentsToConsolidatedTextBlock' xlink:label='loc_ReconciliationOfOperatingProfitLossFromSegmentsToConsolidatedTextBlock' xlink:type='locator' />
<link:loc xlink:href='../elts/us-gaap-2008-03-31.xsd#us-gaap_ReconciliationOfOperatingProfitLossFromSegmentsToConsolidatedTable' xlink:label='loc_ReconciliationOfOperatingProfitLossFromSegmentsToConsolidatedTable' xlink:type='locator' />
<link:loc xlink:href='../elts/us-gaap-2008-03-31.xsd#us-gaap_SegmentReportingReconcilingItemsForOperatingProfitLossFromSegmentsToConsolidatedAxis' xlink:label='loc_SegmentReportingReconcilingItemsForOperatingProfitLossFromSegmentsToConsolidatedAxis' xlink:type='locator' />
<link:loc xlink:href='../elts/us-gaap-2008-03-31.xsd#us-gaap_SegmentReportingReconcilingItemsForOperatingProfitLossFromSegmentsToConsolidatedNameDomain' xlink:label='loc_SegmentReportingReconcilingItemsForOperatingProfitLossFromSegmentsToConsolidatedNameDomain' xlink:type='locator' />
<link:loc xlink:href='../elts/us-gaap-2008-03-31.xsd#us-gaap_SegmentReportingReconcilingItemForOperatingProfitLossFromSegmentToConsolidatedLineItems' xlink:label='loc_SegmentReportingReconcilingItemForOperatingProfitLossFromSegmentToConsolidatedLineItems' xlink:type='locator' />
<link:loc xlink:href='../elts/us-gaap-2008-03-31.xsd#us-gaap_SegmentReportingReconcilingItemForOperatingProfitLossFromSegmentToConsolidatedAmount' xlink:label='loc_SegmentReportingReconcilingItemForOperatingProfitLossFromSegmentToConsolidatedAmount' xlink:type='locator' />
<link:loc xlink:href='../elts/us-gaap-2008-03-31.xsd#us-gaap_ReconciliationOfRevenueFromSegmentsToConsolidatedAbstract' xlink:label='loc_ReconciliationOfRevenueFromSegmentsToConsolidatedAbstract' xlink:type='locator' />
<link:loc xlink:href='../elts/us-gaap-2008-03-31.xsd#us-gaap_SegmentReportingEntityConsolidatedRevenueAbstract' xlink:label='loc_SegmentReportingEntityConsolidatedRevenueAbstract' xlink:type='locator' />
<link:loc xlink:href='../elts/us-gaap-2008-03-31.xsd#us-gaap_SegmentReportingSegmentRevenue' xlink:label='loc_SegmentReportingSegmentRevenue' xlink:type='locator' />
<link:loc xlink:href='../elts/us-gaap-2008-03-31.xsd#us-gaap_SegmentReportingReconcilingItemsRevenue' xlink:label='loc_SegmentReportingReconcilingItemsRevenue' xlink:type='locator' />
<link:loc xlink:href='../elts/us-gaap-2008-03-31.xsd#us-gaap_SegmentReportingEntityConsolidatedRevenue' xlink:label='loc_SegmentReportingEntityConsolidatedRevenue' xlink:type='locator' />
<link:loc xlink:href='../elts/us-gaap-2008-03-31.xsd#us-gaap_ReconciliationOfRevenueFromSegmentsToConsolidatedTextBlock' xlink:label='loc_ReconciliationOfRevenueFromSegmentsToConsolidatedTextBlock' xlink:type='locator' />
<link:loc xlink:href='../elts/us-gaap-2008-03-31.xsd#us-gaap_ReconciliationOfRevenueFromSegmentsToConsolidatedTable' xlink:label='loc_ReconciliationOfRevenueFromSegmentsToConsolidatedTable' xlink:type='locator' />
<link:loc xlink:href='../elts/us-gaap-2008-03-31.xsd#us-gaap_SegmentReportingRevenueReconcilingItemAxis' xlink:label='loc_SegmentReportingRevenueReconcilingItemAxis' xlink:type='locator' />
<link:loc xlink:href='../elts/us-gaap-2008-03-31.xsd#us-gaap_SegmentReportingRevenueReconcilingItemNameDomain' xlink:label='loc_SegmentReportingRevenueReconcilingItemNameDomain' xlink:type='locator' />
<link:loc xlink:href='../elts/us-gaap-2008-03-31.xsd#us-gaap_SegmentReportingRevenueReconcilingItemLineItems' xlink:label='loc_SegmentReportingRevenueReconcilingItemLineItems' xlink:type='locator' />
<link:loc xlink:href='../elts/us-gaap-2008-03-31.xsd#us-gaap_SegmentReportingRevenueReconcilingItemAmount' xlink:label='loc_SegmentReportingRevenueReconcilingItemAmount' xlink:type='locator' />
<link:loc xlink:href='../elts/us-gaap-2008-03-31.xsd#us-gaap_ReconciliationOfAssetsFromSegmentToConsolidatedAbstract' xlink:label='loc_ReconciliationOfAssetsFromSegmentToConsolidatedAbstract' xlink:type='locator' />
<link:loc xlink:href='../elts/us-gaap-2008-03-31.xsd#us-gaap_SegmentReportingEntityConsolidatedAssetsAbstract' xlink:label='loc_SegmentReportingEntityConsolidatedAssetsAbstract' xlink:type='locator' />
<link:loc xlink:href='../elts/us-gaap-2008-03-31.xsd#us-gaap_SegmentReportingSegmentAssets' xlink:label='loc_SegmentReportingSegmentAssets' xlink:type='locator' />
<link:loc xlink:href='../elts/us-gaap-2008-03-31.xsd#us-gaap_SegmentReportingReconcilingItemsAssets' xlink:label='loc_SegmentReportingReconcilingItemsAssets' xlink:type='locator' />
<link:loc xlink:href='../elts/us-gaap-2008-03-31.xsd#us-gaap_SegmentReportingEntityConsolidatedAssets' xlink:label='loc_SegmentReportingEntityConsolidatedAssets' xlink:type='locator' />
<link:loc xlink:href='../elts/us-gaap-2008-03-31.xsd#us-gaap_ReconciliationOfAssetsFromSegmentToConsolidatedTextBlock' xlink:label='loc_ReconciliationOfAssetsFromSegmentToConsolidatedTextBlock' xlink:type='locator' />
<link:loc xlink:href='../elts/us-gaap-2008-03-31.xsd#us-gaap_ReconciliationOfAssetsFromSegmentToConsolidatedTable' xlink:label='loc_ReconciliationOfAssetsFromSegmentToConsolidatedTable' xlink:type='locator' />
<link:loc xlink:href='../elts/us-gaap-2008-03-31.xsd#us-gaap_SegmentReportingAssetReconcilingItemByNameAxis' xlink:label='loc_SegmentReportingAssetReconcilingItemByNameAxis' xlink:type='locator' />
<link:loc xlink:href='../elts/us-gaap-2008-03-31.xsd#us-gaap_SegmentReportingAssetReconcilingItemNameDomain' xlink:label='loc_SegmentReportingAssetReconcilingItemNameDomain' xlink:type='locator' />
<link:loc xlink:href='../elts/us-gaap-2008-03-31.xsd#us-gaap_SegmentReportingAssetReconcilingItemLineItems' xlink:label='loc_SegmentReportingAssetReconcilingItemLineItems' xlink:type='locator' />
<link:loc xlink:href='../elts/us-gaap-2008-03-31.xsd#us-gaap_SegmentReportingAssetReconcilingItemAmount' xlink:label='loc_SegmentReportingAssetReconcilingItemAmount' xlink:type='locator' />
<link:loc xlink:href='../elts/us-gaap-2008-03-31.xsd#us-gaap_ReconciliationOfOtherSignificantReconcilingItemsFromSegmentsToConsolidatedTextBlock' xlink:label='loc_ReconciliationOfOtherSignificantReconcilingItemsFromSegmentsToConsolidatedTextBlock' xlink:type='locator' />
<link:loc xlink:href='../elts/us-gaap-2008-03-31.xsd#us-gaap_ReconciliationOfOtherSignificantReconcilingItemsFromSegmentsToConsolidatedTable' xlink:label='loc_ReconciliationOfOtherSignificantReconcilingItemsFromSegmentsToConsolidatedTable' xlink:type='locator' />
<link:loc xlink:href='../elts/us-gaap-2008-03-31.xsd#us-gaap_SegmentReportingOtherSignificantReconcilingItemByNameAxis' xlink:label='loc_SegmentReportingOtherSignificantReconcilingItemByNameAxis' xlink:type='locator' />
<link:loc xlink:href='../elts/us-gaap-2008-03-31.xsd#us-gaap_SegmentReportingOtherSignificantReconcilingItemNameDomain' xlink:label='loc_SegmentReportingOtherSignificantReconcilingItemNameDomain' xlink:type='locator' />
<link:loc xlink:href='../elts/us-gaap-2008-03-31.xsd#us-gaap_SegmentReportingOtherSignificantReconcilingItemLineItems' xlink:label='loc_SegmentReportingOtherSignificantReconcilingItemLineItems' xlink:type='locator' />
<link:loc xlink:href='../elts/us-gaap-2008-03-31.xsd#us-gaap_SegmentReportingOtherSignificantReconcilingItemConsolidatedAbstract' xlink:label='loc_SegmentReportingOtherSignificantReconcilingItemConsolidatedAbstract' xlink:type='locator' />
<link:loc xlink:href='../elts/us-gaap-2008-03-31.xsd#us-gaap_SegmentReportingOtherSignificantReconcilingItemSegment' xlink:label='loc_SegmentReportingOtherSignificantReconcilingItemSegment' xlink:type='locator' />
<link:loc xlink:href='../elts/us-gaap-2008-03-31.xsd#us-gaap_SegmentReportingOtherSignificantReconcilingItemAmount' xlink:label='loc_SegmentReportingOtherSignificantReconcilingItemAmount' xlink:type='locator' />
<link:loc xlink:href='../elts/us-gaap-2008-03-31.xsd#us-gaap_SegmentReportingOtherSignificantReconcilingItemConsolidated' xlink:label='loc_SegmentReportingOtherSignificantReconcilingItemConsolidated' xlink:type='locator' />
<link:loc xlink:href='../elts/us-gaap-2008-03-31.xsd#us-gaap_ScheduleOfEntityWideInformationRevenueFromExternalCustomersByProductsAndServicesTextBlock' xlink:label='loc_ScheduleOfEntityWideInformationRevenueFromExternalCustomersByProductsAndServicesTextBlock' xlink:type='locator' />
<link:loc xlink:href='../elts/us-gaap-2008-03-31.xsd#us-gaap_ScheduleOfEntityWideInformationRevenueFromExternalCustomersByProductsAndServicesTable' xlink:label='loc_ScheduleOfEntityWideInformationRevenueFromExternalCustomersByProductsAndServicesTable' xlink:type='locator' />
<link:loc xlink:href='../elts/us-gaap-2008-03-31.xsd#us-gaap_ProductOrServiceAxis' xlink:label='loc_ProductOrServiceAxis' xlink:type='locator' />
<link:loc xlink:href='../elts/us-gaap-2008-03-31.xsd#us-gaap_ProductOrServiceNameDomain' xlink:label='loc_ProductOrServiceNameDomain' xlink:type='locator' />
<link:loc xlink:href='../elts/us-gaap-2008-03-31.xsd#us-gaap_EntityWideInformationRevenueFromExternalCustomerLineItems' xlink:label='loc_EntityWideInformationRevenueFromExternalCustomerLineItems' xlink:type='locator' />
<link:loc xlink:href='../elts/us-gaap-2008-03-31.xsd#us-gaap_EntityWideInformationRevenueFromExternalCustomerAmount' xlink:label='loc_EntityWideInformationRevenueFromExternalCustomerAmount' xlink:type='locator' />
<link:loc xlink:href='../elts/us-gaap-2008-03-31.xsd#us-gaap_EntityWideInformationAboutGeographicAreasAbstract' xlink:label='loc_EntityWideInformationAboutGeographicAreasAbstract' xlink:type='locator' />
<link:loc xlink:href='../elts/us-gaap-2008-03-31.xsd#us-gaap_EntityWideDisclosureOnGeographicAreasDescriptionOfRevenueFromExternalCustomers' xlink:label='loc_EntityWideDisclosureOnGeographicAreasDescriptionOfRevenueFromExternalCustomers' xlink:type='locator' />
<link:loc xlink:href='../elts/us-gaap-2008-03-31.xsd#us-gaap_EntityWideDisclosureOnGeographicAreasBasisForAttributingRevenueToCountries' xlink:label='loc_EntityWideDisclosureOnGeographicAreasBasisForAttributingRevenueToCountries' xlink:type='locator' />
<link:loc xlink:href='../elts/us-gaap-2008-03-31.xsd#us-gaap_EntityWideDisclosureOnGeographicAreasRevenueFromExternalCustomersAttributedToEntitysCountryOfDomicile' xlink:label='loc_EntityWideDisclosureOnGeographicAreasRevenueFromExternalCustomersAttributedToEntitysCountryOfDomicile' xlink:type='locator' />
<link:loc xlink:href='../elts/us-gaap-2008-03-31.xsd#us-gaap_EntityWideDisclosureOnGeographicAreasRevenueFromExternalCustomersAttributedToForeignCountries' xlink:label='loc_EntityWideDisclosureOnGeographicAreasRevenueFromExternalCustomersAttributedToForeignCountries' xlink:type='locator' />
<link:loc xlink:href='../elts/us-gaap-2008-03-31.xsd#us-gaap_ScheduleOfRevenueFromExternalCustomersAttributedToForeignCountriesByGeographicAreaTextBlock' xlink:label='loc_ScheduleOfRevenueFromExternalCustomersAttributedToForeignCountriesByGeographicAreaTextBlock' xlink:type='locator' />
<link:loc xlink:href='../elts/us-gaap-2008-03-31.xsd#us-gaap_EntityWideDisclosureOnGeographicAreasRevenueFromExternalCustomersAttributedToIndividualForeignCountriesTable' xlink:label='loc_EntityWideDisclosureOnGeographicAreasRevenueFromExternalCustomersAttributedToIndividualForeignCountriesTable' xlink:type='locator' />
<link:loc xlink:href='../elts/us-gaap-2008-03-31.xsd#us-gaap_EntityWideDisclosureOnGeographicAreasRevenueFromExternalCustomersAttributedToIndividualForeignCountriesAxis' xlink:label='loc_EntityWideDisclosureOnGeographicAreasRevenueFromExternalCustomersAttributedToIndividualForeignCountriesAxis' xlink:type='locator' />
<link:loc xlink:href='../elts/us-gaap-2008-03-31.xsd#us-gaap_SegmentGeographicalDomain' xlink:label='loc_SegmentGeographicalDomain' xlink:type='locator' />
<link:loc xlink:href='../elts/us-gaap-2008-03-31.xsd#us-gaap_EntityWideDisclosureOnGeographicAreasRevenueFromExternalCustomersAttributedToIndividualForeignCountriesLineItems' xlink:label='loc_EntityWideDisclosureOnGeographicAreasRevenueFromExternalCustomersAttributedToIndividualForeignCountriesLineItems' xlink:type='locator' />
<link:loc xlink:href='../elts/us-gaap-2008-03-31.xsd#us-gaap_EntityWideDisclosureOnGeographicAreasRevenueFromExternalCustomersAttributedToIndividualForeignCountriesAmount' xlink:label='loc_EntityWideDisclosureOnGeographicAreasRevenueFromExternalCustomersAttributedToIndividualForeignCountriesAmount' xlink:type='locator' />
<link:loc xlink:href='../elts/us-gaap-2008-03-31.xsd#us-gaap_EntityWideDisclosureOnGeographicAreasLongLivedAssets' xlink:label='loc_EntityWideDisclosureOnGeographicAreasLongLivedAssets' xlink:type='locator' />
<link:loc xlink:href='../elts/us-gaap-2008-03-31.xsd#us-gaap_EntityWideDisclosureOnGeographicAreasLongLivedAssetsInEntitysCountryOfDomicile' xlink:label='loc_EntityWideDisclosureOnGeographicAreasLongLivedAssetsInEntitysCountryOfDomicile' xlink:type='locator' />
<link:loc xlink:href='../elts/us-gaap-2008-03-31.xsd#us-gaap_EntityWideDisclosureOnGeographicAreasLongLivedAssetsInForeignCountries' xlink:label='loc_EntityWideDisclosureOnGeographicAreasLongLivedAssetsInForeignCountries' xlink:type='locator' />
<link:loc xlink:href='../elts/us-gaap-2008-03-31.xsd#us-gaap_ScheduleOfEntityWideDisclosureOnGeographicAreasLongLivedAssetsInIndividualForeignCountriesByCountryTextBlock' xlink:label='loc_ScheduleOfEntityWideDisclosureOnGeographicAreasLongLivedAssetsInIndividualForeignCountriesByCountryTextBlock' xlink:type='locator' />
<link:loc xlink:href='../elts/us-gaap-2008-03-31.xsd#us-gaap_ScheduleOfEntityWideDisclosureOnGeographicAreasLongLivedAssetsInIndividualForeignCountriesByCountryTable' xlink:label='loc_ScheduleOfEntityWideDisclosureOnGeographicAreasLongLivedAssetsInIndividualForeignCountriesByCountryTable' xlink:type='locator' />
<link:loc xlink:href='../elts/us-gaap-2008-03-31.xsd#us-gaap_EntityWideDisclosureOnGeographicAreasLongLivedAssetsInIndividualForeignCountriesByCountryAxis' xlink:label='loc_EntityWideDisclosureOnGeographicAreasLongLivedAssetsInIndividualForeignCountriesByCountryAxis' xlink:type='locator' />
<link:loc xlink:href='../elts/us-gaap-2008-03-31.xsd#us-gaap_EntityWideDisclosureOnGeographicAreasLongLivedAssetsInIndividualForeignCountriesLineItems' xlink:label='loc_EntityWideDisclosureOnGeographicAreasLongLivedAssetsInIndividualForeignCountriesLineItems' xlink:type='locator' />
<link:loc xlink:href='../elts/us-gaap-2008-03-31.xsd#us-gaap_EntityWideDisclosureOnGeographicAreasLongLivedAssetsInIndividualForeignCountriesAmount' xlink:label='loc_EntityWideDisclosureOnGeographicAreasLongLivedAssetsInIndividualForeignCountriesAmount' xlink:type='locator' />
<link:loc xlink:href='../elts/us-gaap-2008-03-31.xsd#us-gaap_ScheduleOfEntityWideInformationByMajorCustomersByReportingSegmentsTextBlock' xlink:label='loc_ScheduleOfEntityWideInformationByMajorCustomersByReportingSegmentsTextBlock' xlink:type='locator' />
<link:loc xlink:href='../elts/us-gaap-2008-03-31.xsd#us-gaap_ScheduleOfEntityWideRevenueByMajorCustomersByReportingSegmentsTable' xlink:label='loc_ScheduleOfEntityWideRevenueByMajorCustomersByReportingSegmentsTable' xlink:type='locator' />
<link:loc xlink:href='../elts/us-gaap-2008-03-31.xsd#us-gaap_EntityWideRevenueByReportingSegmentAxis' xlink:label='loc_EntityWideRevenueByReportingSegmentAxis' xlink:type='locator' />
<link:loc xlink:href='../elts/us-gaap-2008-03-31.xsd#us-gaap_EntityWideRevenueByMajorCustomerAxis' xlink:label='loc_EntityWideRevenueByMajorCustomerAxis' xlink:type='locator' />
<link:loc xlink:href='../elts/us-gaap-2008-03-31.xsd#us-gaap_NameOfMajorCustomerDomain' xlink:label='loc_NameOfMajorCustomerDomain' xlink:type='locator' />
<link:loc xlink:href='../elts/us-gaap-2008-03-31.xsd#us-gaap_EntityWideRevenueMajorCustomerLineItems' xlink:label='loc_EntityWideRevenueMajorCustomerLineItems' xlink:type='locator' />
<link:loc xlink:href='../elts/us-gaap-2008-03-31.xsd#us-gaap_EntityWideRevenueMajorCustomerAmount' xlink:label='loc_EntityWideRevenueMajorCustomerAmount' xlink:type='locator' />
<presentationArc order='10' use='optional' xlink:arcrole='http://www.xbrl.org/2003/arcrole/parent-child' xlink:from='loc_SegmentReportingDisclosureTextBlock' xlink:to='loc_SegmentReportingGeneralInformation' xlink:type='arc' />
<presentationArc order='20' use='optional' xlink:arcrole='http://www.xbrl.org/2003/arcrole/parent-child' xlink:from='loc_SegmentReportingDisclosureTextBlock' xlink:to='loc_DescriptionOfEffectOnPreviouslyReportedSegmentInformationForChangeInCompositionOfReportableSegments' xlink:type='arc' />
<presentationArc order='30' xlink:arcrole='http://www.xbrl.org/2003/arcrole/parent-child' xlink:from='loc_SegmentReportingDisclosureTextBlock' xlink:to='loc_ScheduleOfSegmentReportingInformationBySegmentTextBlock' xlink:type='arc' />
<presentationArc order='10' xlink:arcrole='http://www.xbrl.org/2003/arcrole/parent-child' xlink:from='loc_ScheduleOfSegmentReportingInformationBySegmentTextBlock' xlink:to='loc_ScheduleOfSegmentReportingInformationBySegmentTable' xlink:type='arc' />
<presentationArc order='10' use='optional' xlink:arcrole='http://www.xbrl.org/2003/arcrole/parent-child' xlink:from='loc_ScheduleOfSegmentReportingInformationBySegmentTable' xlink:to='loc_SegmentReportingInformationBySegmentAxis' xlink:type='arc' />
<presentationArc order='10' xlink:arcrole='http://www.xbrl.org/2003/arcrole/parent-child' xlink:from='loc_SegmentReportingInformationBySegmentAxis' xlink:to='loc_ReportingSegmentDomain' xlink:type='arc' />
<presentationArc order='20' use='optional' xlink:arcrole='http://www.xbrl.org/2003/arcrole/parent-child' xlink:from='loc_ScheduleOfSegmentReportingInformationBySegmentTable' xlink:to='loc_SegmentReportingInformationLineItems' xlink:type='arc' />
<presentationArc order='10' use='optional' xlink:arcrole='http://www.xbrl.org/2003/arcrole/parent-child' xlink:from='loc_SegmentReportingInformationLineItems' xlink:to='loc_SegmentReportingInformationDescriptionOfProductsAndServices' xlink:type='arc' />
<presentationArc order='20' xlink:arcrole='http://www.xbrl.org/2003/arcrole/parent-child' xlink:from='loc_SegmentReportingInformationLineItems' xlink:to='loc_SegmentReportingInformationProfitLossAbstract' xlink:type='arc' />
<presentationArc order='10' xlink:arcrole='http://www.xbrl.org/2003/arcrole/parent-child' xlink:from='loc_SegmentReportingInformationProfitLossAbstract' xlink:to='loc_SegmentReportingInformationIncomeLossBeforeIncomeTaxesAbstract' xlink:type='arc' />
<presentationArc order='10' xlink:arcrole='http://www.xbrl.org/2003/arcrole/parent-child' xlink:from='loc_SegmentReportingInformationIncomeLossBeforeIncomeTaxesAbstract' xlink:to='loc_SegmentReportingInformationOperatingIncomeLossAbstract' xlink:type='arc' />
<presentationArc order='10' xlink:arcrole='http://www.xbrl.org/2003/arcrole/parent-child' xlink:from='loc_SegmentReportingInformationOperatingIncomeLossAbstract' xlink:to='loc_SegmentReportingInformationRevenueAbstract' xlink:type='arc' />
<presentationArc order='10' use='optional' xlink:arcrole='http://www.xbrl.org/2003/arcrole/parent-child' xlink:from='loc_SegmentReportingInformationRevenueAbstract' xlink:to='loc_SegmentReportingInformationRevenueFromExternalCustomers' xlink:type='arc' />
<presentationArc order='20' use='optional' xlink:arcrole='http://www.xbrl.org/2003/arcrole/parent-child' xlink:from='loc_SegmentReportingInformationRevenueAbstract' xlink:to='loc_SegmentReportingInformationIntersegmentRevenue' xlink:type='arc' />
<presentationArc order='30' xlink:arcrole='http://www.xbrl.org/2003/arcrole/parent-child' xlink:from='loc_SegmentReportingInformationRevenueAbstract' xlink:to='loc_SegmentReportingInformationInterestIncomeExpenseNetAbstract' xlink:type='arc' />
<presentationArc order='10' xlink:arcrole='http://www.xbrl.org/2003/arcrole/parent-child' xlink:from='loc_SegmentReportingInformationInterestIncomeExpenseNetAbstract' xlink:to='loc_SegmentReportingInformationInterestIncome' xlink:type='arc' />
<presentationArc order='20' xlink:arcrole='http://www.xbrl.org/2003/arcrole/parent-child' xlink:from='loc_SegmentReportingInformationInterestIncomeExpenseNetAbstract' xlink:to='loc_SegmentReportingInformationInterestExpense' xlink:type='arc' />
<presentationArc order='30' preferredLabel='http://www.xbrl.org/2003/role/totalLabel' xlink:arcrole='http://www.xbrl.org/2003/arcrole/parent-child' xlink:from='loc_SegmentReportingInformationInterestIncomeExpenseNetAbstract' xlink:to='loc_SegmentReportingInformationInterestIncomeExpenseNet' xlink:type='arc' />
<presentationArc order='10' xlink:arcrole='http://www.xbrl.org/2003/arcrole/parent-child' xlink:from='loc_SegmentReportingInformationInterestIncomeExpenseNet' xlink:to='loc_SegmentReportingInformationInterestIncomeExpenseNetPolicy' xlink:type='arc' />
<presentationArc order='40' preferredLabel='http://www.xbrl.org/2003/role/totalLabel' use='optional' xlink:arcrole='http://www.xbrl.org/2003/arcrole/parent-child' xlink:from='loc_SegmentReportingInformationRevenueAbstract' xlink:to='loc_SegmentReportingInformationRevenue' xlink:type='arc' />
<presentationArc order='20' xlink:arcrole='http://www.xbrl.org/2003/arcrole/parent-child' xlink:from='loc_SegmentReportingInformationOperatingIncomeLossAbstract' xlink:to='loc_SegmentReportingInformationDepreciationDepletionAndAmortizationExpenseAbstract' xlink:type='arc' />
<presentationArc order='10' xlink:arcrole='http://www.xbrl.org/2003/arcrole/parent-child' xlink:from='loc_SegmentReportingInformationDepreciationDepletionAndAmortizationExpenseAbstract' xlink:to='loc_SegmentReportingInformationDepreciationExpense' xlink:type='arc' />
<presentationArc order='20' xlink:arcrole='http://www.xbrl.org/2003/arcrole/parent-child' xlink:from='loc_SegmentReportingInformationDepreciationDepletionAndAmortizationExpenseAbstract' xlink:to='loc_SegmentReportingInformationDepletionExpense' xlink:type='arc' />
<presentationArc order='30' xlink:arcrole='http://www.xbrl.org/2003/arcrole/parent-child' xlink:from='loc_SegmentReportingInformationDepreciationDepletionAndAmortizationExpenseAbstract' xlink:to='loc_SegmentReportingInformationAmortizationExpense' xlink:type='arc' />
<presentationArc order='40' preferredLabel='http://www.xbrl.org/2003/role/totalLabel' xlink:arcrole='http://www.xbrl.org/2003/arcrole/parent-child' xlink:from='loc_SegmentReportingInformationDepreciationDepletionAndAmortizationExpenseAbstract' xlink:to='loc_SegmentReportingInformationDepreciationDepletionAndAmortizationExpense' xlink:type='arc' />
<presentationArc order='30' preferredLabel='http://www.xbrl.org/2003/role/totalLabel' xlink:arcrole='http://www.xbrl.org/2003/arcrole/parent-child' xlink:from='loc_SegmentReportingInformationOperatingIncomeLossAbstract' xlink:to='loc_SegmentReportingInformationOperatingIncomeLoss' xlink:type='arc' />
<presentationArc order='20' use='optional' xlink:arcrole='http://www.xbrl.org/2003/arcrole/parent-child' xlink:from='loc_SegmentReportingInformationIncomeLossBeforeIncomeTaxesAbstract' xlink:to='loc_SegmentReportingInformationUnusualItems' xlink:type='arc' />
<presentationArc order='30' use='optional' xlink:arcrole='http://www.xbrl.org/2003/arcrole/parent-child' xlink:from='loc_SegmentReportingInformationIncomeLossBeforeIncomeTaxesAbstract' xlink:to='loc_SegmentReportingInformationEquityInNetIncomeOfEquityMethodInvesteesOfSegment' xlink:type='arc' />
<presentationArc order='40' preferredLabel='http://www.xbrl.org/2003/role/totalLabel' xlink:arcrole='http://www.xbrl.org/2003/arcrole/parent-child' xlink:from='loc_SegmentReportingInformationIncomeLossBeforeIncomeTaxesAbstract' xlink:to='loc_SegmentReportingInformationIncomeLossBeforeIncomeTaxes' xlink:type='arc' />
<presentationArc order='20' use='optional' xlink:arcrole='http://www.xbrl.org/2003/arcrole/parent-child' xlink:from='loc_SegmentReportingInformationProfitLossAbstract' xlink:to='loc_SegmentReportingInformationIncomeTaxExpenseBenefit' xlink:type='arc' />
<presentationArc order='30' use='optional' xlink:arcrole='http://www.xbrl.org/2003/arcrole/parent-child' xlink:from='loc_SegmentReportingInformationProfitLossAbstract' xlink:to='loc_SegmentReportingInformationExtraordinaryItems' xlink:type='arc' />
<presentationArc order='40' preferredLabel='http://www.xbrl.org/2003/role/totalLabel' xlink:arcrole='http://www.xbrl.org/2003/arcrole/parent-child' xlink:from='loc_SegmentReportingInformationProfitLossAbstract' xlink:to='loc_SegmentReportingInformationProfitLoss' xlink:type='arc' />
<presentationArc order='30' xlink:arcrole='http://www.xbrl.org/2003/arcrole/parent-child' xlink:from='loc_SegmentReportingInformationLineItems' xlink:to='loc_SegmentReportingInformationAdditionalElementsForBankPresentationAbstract' xlink:type='arc' />
<presentationArc order='10' xlink:arcrole='http://www.xbrl.org/2003/arcrole/parent-child' xlink:from='loc_SegmentReportingInformationAdditionalElementsForBankPresentationAbstract' xlink:to='loc_SegmentReportingInformationProvisionForCreditLosses' xlink:type='arc' />
<presentationArc order='20' xlink:arcrole='http://www.xbrl.org/2003/arcrole/parent-child' xlink:from='loc_SegmentReportingInformationAdditionalElementsForBankPresentationAbstract' xlink:to='loc_SegmentReportingInformationNoninterestIncome' xlink:type='arc' />
<presentationArc order='30' xlink:arcrole='http://www.xbrl.org/2003/arcrole/parent-child' xlink:from='loc_SegmentReportingInformationAdditionalElementsForBankPresentationAbstract' xlink:to='loc_SegmentReportingInformationNoninterestExpense' xlink:type='arc' />
<presentationArc order='40' xlink:arcrole='http://www.xbrl.org/2003/arcrole/parent-child' xlink:from='loc_SegmentReportingInformationAdditionalElementsForBankPresentationAbstract' xlink:to='loc_SegmentReportingInformationUnallocatedExpenseInNoninterestExpense' xlink:type='arc' />
<presentationArc order='50' xlink:arcrole='http://www.xbrl.org/2003/arcrole/parent-child' xlink:from='loc_SegmentReportingInformationAdditionalElementsForBankPresentationAbstract' xlink:to='loc_SegmentReportingInformationOtherNoninterestExpense' xlink:type='arc' />
<presentationArc order='60' xlink:arcrole='http://www.xbrl.org/2003/arcrole/parent-child' xlink:from='loc_SegmentReportingInformationAdditionalElementsForBankPresentationAbstract' xlink:to='loc_SegmentReportingInformationAverageAssets' xlink:type='arc' />
<presentationArc order='40' xlink:arcrole='http://www.xbrl.org/2003/arcrole/parent-child' xlink:from='loc_SegmentReportingInformationLineItems' xlink:to='loc_SegmentReportingInformationSignificantNoncashItemsOtherThanDepreciationDepletionAndAmortizationExpense' xlink:type='arc' />
<presentationArc order='50' xlink:arcrole='http://www.xbrl.org/2003/arcrole/parent-child' xlink:from='loc_SegmentReportingInformationLineItems' xlink:to='loc_SegmentReportingInformationExpendituresForAdditionsToLongLivedAssets' xlink:type='arc' />
<presentationArc order='60' xlink:arcrole='http://www.xbrl.org/2003/arcrole/parent-child' xlink:from='loc_SegmentReportingInformationLineItems' xlink:to='loc_SegmentReportingInformationNetAssets' xlink:type='arc' />
<presentationArc order='70' xlink:arcrole='http://www.xbrl.org/2003/arcrole/parent-child' xlink:from='loc_SegmentReportingInformationLineItems' xlink:to='loc_SegmentReportingInformationAssets' xlink:type='arc' />
<presentationArc order='80' xlink:arcrole='http://www.xbrl.org/2003/arcrole/parent-child' xlink:from='loc_SegmentReportingInformationLineItems' xlink:to='loc_SegmentReportingInformationAdditionalInformationAbstract' xlink:type='arc' />
<presentationArc order='10' xlink:arcrole='http://www.xbrl.org/2003/arcrole/parent-child' xlink:from='loc_SegmentReportingInformationAdditionalInformationAbstract' xlink:to='loc_SegmentReportingInformationAccountsReceivableNet' xlink:type='arc' />
<presentationArc order='20' xlink:arcrole='http://www.xbrl.org/2003/arcrole/parent-child' xlink:from='loc_SegmentReportingInformationAdditionalInformationAbstract' xlink:to='loc_SegmentReportingInformationInventoryNet' xlink:type='arc' />
<presentationArc order='30' xlink:arcrole='http://www.xbrl.org/2003/arcrole/parent-child' xlink:from='loc_SegmentReportingInformationAdditionalInformationAbstract' xlink:to='loc_SegmentReportingInformationInvestmentInEquityMethodInvestees' xlink:type='arc' />
<presentationArc order='40' xlink:arcrole='http://www.xbrl.org/2003/arcrole/parent-child' xlink:from='loc_SegmentReportingInformationAdditionalInformationAbstract' xlink:to='loc_SegmentReportingInformationInvestments' xlink:type='arc' />
<presentationArc order='50' xlink:arcrole='http://www.xbrl.org/2003/arcrole/parent-child' xlink:from='loc_SegmentReportingInformationAdditionalInformationAbstract' xlink:to='loc_SegmentReportingInformationPropertyPlantAndEquipmentNet' xlink:type='arc' />
<presentationArc order='60' xlink:arcrole='http://www.xbrl.org/2003/arcrole/parent-child' xlink:from='loc_SegmentReportingInformationAdditionalInformationAbstract' xlink:to='loc_SegmentReportingInformationGoodwill' xlink:type='arc' />
<presentationArc order='70' xlink:arcrole='http://www.xbrl.org/2003/arcrole/parent-child' xlink:from='loc_SegmentReportingInformationAdditionalInformationAbstract' xlink:to='loc_SegmentReportingInformationOtherAssets' xlink:type='arc' />
<presentationArc order='80' xlink:arcrole='http://www.xbrl.org/2003/arcrole/parent-child' xlink:from='loc_SegmentReportingInformationAdditionalInformationAbstract' xlink:to='loc_SegmentReportingInformationAccountsPayableAndAccruedLiabilities' xlink:type='arc' />
<presentationArc order='90' xlink:arcrole='http://www.xbrl.org/2003/arcrole/parent-child' xlink:from='loc_SegmentReportingInformationAdditionalInformationAbstract' xlink:to='loc_SegmentReportingInformationDebt' xlink:type='arc' />
<presentationArc order='100' xlink:arcrole='http://www.xbrl.org/2003/arcrole/parent-child' xlink:from='loc_SegmentReportingInformationAdditionalInformationAbstract' xlink:to='loc_SegmentReportingInformationOtherLiabilities' xlink:type='arc' />
<presentationArc order='40' use='optional' xlink:arcrole='http://www.xbrl.org/2003/arcrole/parent-child' xlink:from='loc_SegmentReportingDisclosureTextBlock' xlink:to='loc_SegmentReportingMeasurementDisclosuresAbstract' xlink:type='arc' />
<presentationArc order='10' use='optional' xlink:arcrole='http://www.xbrl.org/2003/arcrole/parent-child' xlink:from='loc_SegmentReportingMeasurementDisclosuresAbstract' xlink:to='loc_SegmentReportingMeasurement' xlink:type='arc' />
<presentationArc order='20' use='optional' xlink:arcrole='http://www.xbrl.org/2003/arcrole/parent-child' xlink:from='loc_SegmentReportingMeasurementDisclosuresAbstract' xlink:to='loc_SegmentReportingMeasurementForTransactionsBetweenReportableSegments' xlink:type='arc' />
<presentationArc order='30' use='optional' xlink:arcrole='http://www.xbrl.org/2003/arcrole/parent-child' xlink:from='loc_SegmentReportingMeasurementDisclosuresAbstract' xlink:to='loc_SegmentReportingMeasurementDifferencesBetweenSegmentAndConsolidatedProfitLoss' xlink:type='arc' />
<presentationArc order='40' use='optional' xlink:arcrole='http://www.xbrl.org/2003/arcrole/parent-child' xlink:from='loc_SegmentReportingMeasurementDisclosuresAbstract' xlink:to='loc_SegmentReportingMeasurementDifferencesBetweenSegmentAndConsolidatedAssets' xlink:type='arc' />
<presentationArc order='50' use='optional' xlink:arcrole='http://www.xbrl.org/2003/arcrole/parent-child' xlink:from='loc_SegmentReportingMeasurementDisclosuresAbstract' xlink:to='loc_SegmentReportingChangeInMeasurementMethods' xlink:type='arc' />
<presentationArc order='60' use='optional' xlink:arcrole='http://www.xbrl.org/2003/arcrole/parent-child' xlink:from='loc_SegmentReportingMeasurementDisclosuresAbstract' xlink:to='loc_SegmentReportingAsymmetricalAllocationsToSegments' xlink:type='arc' />
<presentationArc order='50' use='optional' xlink:arcrole='http://www.xbrl.org/2003/arcrole/parent-child' xlink:from='loc_SegmentReportingDisclosureTextBlock' xlink:to='loc_ReconciliationOfOperatingProfitLossFromSegmentsToConsolidatedAbstract' xlink:type='arc' />
<presentationArc order='10' use='optional' xlink:arcrole='http://www.xbrl.org/2003/arcrole/parent-child' xlink:from='loc_ReconciliationOfOperatingProfitLossFromSegmentsToConsolidatedAbstract' xlink:to='loc_ReconciliationOfOperatingProfitLossFromSegmentsToConsolidated' xlink:type='arc' />
<presentationArc order='20' xlink:arcrole='http://www.xbrl.org/2003/arcrole/parent-child' xlink:from='loc_ReconciliationOfOperatingProfitLossFromSegmentsToConsolidatedAbstract' xlink:to='loc_SegmentReportingIncomeBeforeIncomeTaxesExtraordinaryItemsDiscontinuedOperationsAndCumulativeEffectAbstract' xlink:type='arc' />
<presentationArc order='10' xlink:arcrole='http://www.xbrl.org/2003/arcrole/parent-child' xlink:from='loc_SegmentReportingIncomeBeforeIncomeTaxesExtraordinaryItemsDiscontinuedOperationsAndCumulativeEffectAbstract' xlink:to='loc_SegmentReportingSegmentOperatingProfitLoss' xlink:type='arc' />
<presentationArc order='20' xlink:arcrole='http://www.xbrl.org/2003/arcrole/parent-child' xlink:from='loc_SegmentReportingIncomeBeforeIncomeTaxesExtraordinaryItemsDiscontinuedOperationsAndCumulativeEffectAbstract' xlink:to='loc_SegmentReportingReconcilingItemsForOperatingProfitLoss' xlink:type='arc' />
<presentationArc order='30' preferredLabel='http://www.xbrl.org/2003/role/totalLabel' xlink:arcrole='http://www.xbrl.org/2003/arcrole/parent-child' xlink:from='loc_SegmentReportingIncomeBeforeIncomeTaxesExtraordinaryItemsDiscontinuedOperationsAndCumulativeEffectAbstract' xlink:to='loc_SegmentReportingIncomeBeforeIncomeTaxesExtraordinaryItemsDiscontinuedOperationsAndCumulativeEffect' xlink:type='arc' />
<presentationArc order='30' use='optional' xlink:arcrole='http://www.xbrl.org/2003/arcrole/parent-child' xlink:from='loc_ReconciliationOfOperatingProfitLossFromSegmentsToConsolidatedAbstract' xlink:to='loc_ReconciliationOfOperatingProfitLossFromSegmentsToConsolidatedTextBlock' xlink:type='arc' />
<presentationArc order='10' xlink:arcrole='http://www.xbrl.org/2003/arcrole/parent-child' xlink:from='loc_ReconciliationOfOperatingProfitLossFromSegmentsToConsolidatedTextBlock' xlink:to='loc_ReconciliationOfOperatingProfitLossFromSegmentsToConsolidatedTable' xlink:type='arc' />
<presentationArc order='10' use='optional' xlink:arcrole='http://www.xbrl.org/2003/arcrole/parent-child' xlink:from='loc_ReconciliationOfOperatingProfitLossFromSegmentsToConsolidatedTable' xlink:to='loc_SegmentReportingReconcilingItemsForOperatingProfitLossFromSegmentsToConsolidatedAxis' xlink:type='arc' />
<presentationArc order='10' use='optional' xlink:arcrole='http://www.xbrl.org/2003/arcrole/parent-child' xlink:from='loc_SegmentReportingReconcilingItemsForOperatingProfitLossFromSegmentsToConsolidatedAxis' xlink:to='loc_SegmentReportingReconcilingItemsForOperatingProfitLossFromSegmentsToConsolidatedNameDomain' xlink:type='arc' />
<presentationArc order='20' use='optional' xlink:arcrole='http://www.xbrl.org/2003/arcrole/parent-child' xlink:from='loc_ReconciliationOfOperatingProfitLossFromSegmentsToConsolidatedTable' xlink:to='loc_SegmentReportingReconcilingItemForOperatingProfitLossFromSegmentToConsolidatedLineItems' xlink:type='arc' />
<presentationArc order='10' use='optional' xlink:arcrole='http://www.xbrl.org/2003/arcrole/parent-child' xlink:from='loc_SegmentReportingReconcilingItemForOperatingProfitLossFromSegmentToConsolidatedLineItems' xlink:to='loc_SegmentReportingReconcilingItemForOperatingProfitLossFromSegmentToConsolidatedAmount' xlink:type='arc' />
<presentationArc order='60' use='optional' xlink:arcrole='http://www.xbrl.org/2003/arcrole/parent-child' xlink:from='loc_SegmentReportingDisclosureTextBlock' xlink:to='loc_ReconciliationOfRevenueFromSegmentsToConsolidatedAbstract' xlink:type='arc' />
<presentationArc order='10' xlink:arcrole='http://www.xbrl.org/2003/arcrole/parent-child' xlink:from='loc_ReconciliationOfRevenueFromSegmentsToConsolidatedAbstract' xlink:to='loc_SegmentReportingEntityConsolidatedRevenueAbstract' xlink:type='arc' />
<presentationArc order='10' use='optional' xlink:arcrole='http://www.xbrl.org/2003/arcrole/parent-child' xlink:from='loc_SegmentReportingEntityConsolidatedRevenueAbstract' xlink:to='loc_SegmentReportingSegmentRevenue' xlink:type='arc' />
<presentationArc order='20' use='optional' xlink:arcrole='http://www.xbrl.org/2003/arcrole/parent-child' xlink:from='loc_SegmentReportingEntityConsolidatedRevenueAbstract' xlink:to='loc_SegmentReportingReconcilingItemsRevenue' xlink:type='arc' />
<presentationArc order='30' preferredLabel='http://www.xbrl.org/2003/role/totalLabel' xlink:arcrole='http://www.xbrl.org/2003/arcrole/parent-child' xlink:from='loc_SegmentReportingEntityConsolidatedRevenueAbstract' xlink:to='loc_SegmentReportingEntityConsolidatedRevenue' xlink:type='arc' />
<presentationArc order='20' xlink:arcrole='http://www.xbrl.org/2003/arcrole/parent-child' xlink:from='loc_ReconciliationOfRevenueFromSegmentsToConsolidatedAbstract' xlink:to='loc_ReconciliationOfRevenueFromSegmentsToConsolidatedTextBlock' xlink:type='arc' />
<presentationArc order='10' xlink:arcrole='http://www.xbrl.org/2003/arcrole/parent-child' xlink:from='loc_ReconciliationOfRevenueFromSegmentsToConsolidatedTextBlock' xlink:to='loc_ReconciliationOfRevenueFromSegmentsToConsolidatedTable' xlink:type='arc' />
<presentationArc order='10' use='optional' xlink:arcrole='http://www.xbrl.org/2003/arcrole/parent-child' xlink:from='loc_ReconciliationOfRevenueFromSegmentsToConsolidatedTable' xlink:to='loc_SegmentReportingRevenueReconcilingItemAxis' xlink:type='arc' />
<presentationArc order='10' use='optional' xlink:arcrole='http://www.xbrl.org/2003/arcrole/parent-child' xlink:from='loc_SegmentReportingRevenueReconcilingItemAxis' xlink:to='loc_SegmentReportingRevenueReconcilingItemNameDomain' xlink:type='arc' />
<presentationArc order='20' use='optional' xlink:arcrole='http://www.xbrl.org/2003/arcrole/parent-child' xlink:from='loc_ReconciliationOfRevenueFromSegmentsToConsolidatedTable' xlink:to='loc_SegmentReportingRevenueReconcilingItemLineItems' xlink:type='arc' />
<presentationArc order='10' use='optional' xlink:arcrole='http://www.xbrl.org/2003/arcrole/parent-child' xlink:from='loc_SegmentReportingRevenueReconcilingItemLineItems' xlink:to='loc_SegmentReportingRevenueReconcilingItemAmount' xlink:type='arc' />
<presentationArc order='70' use='optional' xlink:arcrole='http://www.xbrl.org/2003/arcrole/parent-child' xlink:from='loc_SegmentReportingDisclosureTextBlock' xlink:to='loc_ReconciliationOfAssetsFromSegmentToConsolidatedAbstract' xlink:type='arc' />
<presentationArc order='10' xlink:arcrole='http://www.xbrl.org/2003/arcrole/parent-child' xlink:from='loc_ReconciliationOfAssetsFromSegmentToConsolidatedAbstract' xlink:to='loc_SegmentReportingEntityConsolidatedAssetsAbstract' xlink:type='arc' />
<presentationArc order='10' xlink:arcrole='http://www.xbrl.org/2003/arcrole/parent-child' xlink:from='loc_SegmentReportingEntityConsolidatedAssetsAbstract' xlink:to='loc_SegmentReportingSegmentAssets' xlink:type='arc' />
<presentationArc order='20' xlink:arcrole='http://www.xbrl.org/2003/arcrole/parent-child' xlink:from='loc_SegmentReportingEntityConsolidatedAssetsAbstract' xlink:to='loc_SegmentReportingReconcilingItemsAssets' xlink:type='arc' />
<presentationArc order='30' preferredLabel='http://www.xbrl.org/2003/role/totalLabel' xlink:arcrole='http://www.xbrl.org/2003/arcrole/parent-child' xlink:from='loc_SegmentReportingEntityConsolidatedAssetsAbstract' xlink:to='loc_SegmentReportingEntityConsolidatedAssets' xlink:type='arc' />
<presentationArc order='20' use='optional' xlink:arcrole='http://www.xbrl.org/2003/arcrole/parent-child' xlink:from='loc_ReconciliationOfAssetsFromSegmentToConsolidatedAbstract' xlink:to='loc_ReconciliationOfAssetsFromSegmentToConsolidatedTextBlock' xlink:type='arc' />
<presentationArc order='10' xlink:arcrole='http://www.xbrl.org/2003/arcrole/parent-child' xlink:from='loc_ReconciliationOfAssetsFromSegmentToConsolidatedTextBlock' xlink:to='loc_ReconciliationOfAssetsFromSegmentToConsolidatedTable' xlink:type='arc' />
<presentationArc order='10' use='optional' xlink:arcrole='http://www.xbrl.org/2003/arcrole/parent-child' xlink:from='loc_ReconciliationOfAssetsFromSegmentToConsolidatedTable' xlink:to='loc_SegmentReportingAssetReconcilingItemByNameAxis' xlink:type='arc' />
<presentationArc order='10' use='optional' xlink:arcrole='http://www.xbrl.org/2003/arcrole/parent-child' xlink:from='loc_SegmentReportingAssetReconcilingItemByNameAxis' xlink:to='loc_SegmentReportingAssetReconcilingItemNameDomain' xlink:type='arc' />
<presentationArc order='20' use='optional' xlink:arcrole='http://www.xbrl.org/2003/arcrole/parent-child' xlink:from='loc_ReconciliationOfAssetsFromSegmentToConsolidatedTable' xlink:to='loc_SegmentReportingAssetReconcilingItemLineItems' xlink:type='arc' />
<presentationArc order='10' use='optional' xlink:arcrole='http://www.xbrl.org/2003/arcrole/parent-child' xlink:from='loc_SegmentReportingAssetReconcilingItemLineItems' xlink:to='loc_SegmentReportingAssetReconcilingItemAmount' xlink:type='arc' />
<presentationArc order='80' xlink:arcrole='http://www.xbrl.org/2003/arcrole/parent-child' xlink:from='loc_SegmentReportingDisclosureTextBlock' xlink:to='loc_ReconciliationOfOtherSignificantReconcilingItemsFromSegmentsToConsolidatedTextBlock' xlink:type='arc' />
<presentationArc order='10' xlink:arcrole='http://www.xbrl.org/2003/arcrole/parent-child' xlink:from='loc_ReconciliationOfOtherSignificantReconcilingItemsFromSegmentsToConsolidatedTextBlock' xlink:to='loc_ReconciliationOfOtherSignificantReconcilingItemsFromSegmentsToConsolidatedTable' xlink:type='arc' />
<presentationArc order='10' use='optional' xlink:arcrole='http://www.xbrl.org/2003/arcrole/parent-child' xlink:from='loc_ReconciliationOfOtherSignificantReconcilingItemsFromSegmentsToConsolidatedTable' xlink:to='loc_SegmentReportingOtherSignificantReconcilingItemByNameAxis' xlink:type='arc' />
<presentationArc order='10' use='optional' xlink:arcrole='http://www.xbrl.org/2003/arcrole/parent-child' xlink:from='loc_SegmentReportingOtherSignificantReconcilingItemByNameAxis' xlink:to='loc_SegmentReportingOtherSignificantReconcilingItemNameDomain' xlink:type='arc' />
<presentationArc order='20' use='optional' xlink:arcrole='http://www.xbrl.org/2003/arcrole/parent-child' xlink:from='loc_ReconciliationOfOtherSignificantReconcilingItemsFromSegmentsToConsolidatedTable' xlink:to='loc_SegmentReportingOtherSignificantReconcilingItemLineItems' xlink:type='arc' />
<presentationArc order='10' xlink:arcrole='http://www.xbrl.org/2003/arcrole/parent-child' xlink:from='loc_SegmentReportingOtherSignificantReconcilingItemLineItems' xlink:to='loc_SegmentReportingOtherSignificantReconcilingItemConsolidatedAbstract' xlink:type='arc' />
<presentationArc order='10' use='optional' xlink:arcrole='http://www.xbrl.org/2003/arcrole/parent-child' xlink:from='loc_SegmentReportingOtherSignificantReconcilingItemConsolidatedAbstract' xlink:to='loc_SegmentReportingOtherSignificantReconcilingItemSegment' xlink:type='arc' />
<presentationArc order='20' use='optional' xlink:arcrole='http://www.xbrl.org/2003/arcrole/parent-child' xlink:from='loc_SegmentReportingOtherSignificantReconcilingItemConsolidatedAbstract' xlink:to='loc_SegmentReportingOtherSignificantReconcilingItemAmount' xlink:type='arc' />
<presentationArc order='30' preferredLabel='http://www.xbrl.org/2003/role/totalLabel' use='optional' xlink:arcrole='http://www.xbrl.org/2003/arcrole/parent-child' xlink:from='loc_SegmentReportingOtherSignificantReconcilingItemConsolidatedAbstract' xlink:to='loc_SegmentReportingOtherSignificantReconcilingItemConsolidated' xlink:type='arc' />
<presentationArc order='90' xlink:arcrole='http://www.xbrl.org/2003/arcrole/parent-child' xlink:from='loc_SegmentReportingDisclosureTextBlock' xlink:to='loc_ScheduleOfEntityWideInformationRevenueFromExternalCustomersByProductsAndServicesTextBlock' xlink:type='arc' />
<presentationArc order='10' use='optional' xlink:arcrole='http://www.xbrl.org/2003/arcrole/parent-child' xlink:from='loc_ScheduleOfEntityWideInformationRevenueFromExternalCustomersByProductsAndServicesTextBlock' xlink:to='loc_ScheduleOfEntityWideInformationRevenueFromExternalCustomersByProductsAndServicesTable' xlink:type='arc' />
<presentationArc order='10' xlink:arcrole='http://www.xbrl.org/2003/arcrole/parent-child' xlink:from='loc_ScheduleOfEntityWideInformationRevenueFromExternalCustomersByProductsAndServicesTable' xlink:to='loc_ProductOrServiceAxis' xlink:type='arc' />
<presentationArc order='10' xlink:arcrole='http://www.xbrl.org/2003/arcrole/parent-child' xlink:from='loc_ProductOrServiceAxis' xlink:to='loc_ProductOrServiceNameDomain' xlink:type='arc' />
<presentationArc order='20' use='optional' xlink:arcrole='http://www.xbrl.org/2003/arcrole/parent-child' xlink:from='loc_ScheduleOfEntityWideInformationRevenueFromExternalCustomersByProductsAndServicesTable' xlink:to='loc_EntityWideInformationRevenueFromExternalCustomerLineItems' xlink:type='arc' />
<presentationArc order='10' use='optional' xlink:arcrole='http://www.xbrl.org/2003/arcrole/parent-child' xlink:from='loc_EntityWideInformationRevenueFromExternalCustomerLineItems' xlink:to='loc_EntityWideInformationRevenueFromExternalCustomerAmount' xlink:type='arc' />
<presentationArc order='100' use='optional' xlink:arcrole='http://www.xbrl.org/2003/arcrole/parent-child' xlink:from='loc_SegmentReportingDisclosureTextBlock' xlink:to='loc_EntityWideInformationAboutGeographicAreasAbstract' xlink:type='arc' />
<presentationArc order='10' use='optional' xlink:arcrole='http://www.xbrl.org/2003/arcrole/parent-child' xlink:from='loc_EntityWideInformationAboutGeographicAreasAbstract' xlink:to='loc_EntityWideDisclosureOnGeographicAreasDescriptionOfRevenueFromExternalCustomers' xlink:type='arc' />
<presentationArc order='20' use='optional' xlink:arcrole='http://www.xbrl.org/2003/arcrole/parent-child' xlink:from='loc_EntityWideInformationAboutGeographicAreasAbstract' xlink:to='loc_EntityWideDisclosureOnGeographicAreasBasisForAttributingRevenueToCountries' xlink:type='arc' />
<presentationArc order='30' use='optional' xlink:arcrole='http://www.xbrl.org/2003/arcrole/parent-child' xlink:from='loc_EntityWideInformationAboutGeographicAreasAbstract' xlink:to='loc_EntityWideDisclosureOnGeographicAreasRevenueFromExternalCustomersAttributedToEntitysCountryOfDomicile' xlink:type='arc' />
<presentationArc order='40' use='optional' xlink:arcrole='http://www.xbrl.org/2003/arcrole/parent-child' xlink:from='loc_EntityWideInformationAboutGeographicAreasAbstract' xlink:to='loc_EntityWideDisclosureOnGeographicAreasRevenueFromExternalCustomersAttributedToForeignCountries' xlink:type='arc' />
<presentationArc order='50' use='optional' xlink:arcrole='http://www.xbrl.org/2003/arcrole/parent-child' xlink:from='loc_EntityWideInformationAboutGeographicAreasAbstract' xlink:to='loc_ScheduleOfRevenueFromExternalCustomersAttributedToForeignCountriesByGeographicAreaTextBlock' xlink:type='arc' />
<presentationArc order='10' use='optional' xlink:arcrole='http://www.xbrl.org/2003/arcrole/parent-child' xlink:from='loc_ScheduleOfRevenueFromExternalCustomersAttributedToForeignCountriesByGeographicAreaTextBlock' xlink:to='loc_EntityWideDisclosureOnGeographicAreasRevenueFromExternalCustomersAttributedToIndividualForeignCountriesTable' xlink:type='arc' />
<presentationArc order='10' use='optional' xlink:arcrole='http://www.xbrl.org/2003/arcrole/parent-child' xlink:from='loc_EntityWideDisclosureOnGeographicAreasRevenueFromExternalCustomersAttributedToIndividualForeignCountriesTable' xlink:to='loc_EntityWideDisclosureOnGeographicAreasRevenueFromExternalCustomersAttributedToIndividualForeignCountriesAxis' xlink:type='arc' />
<presentationArc order='10' xlink:arcrole='http://www.xbrl.org/2003/arcrole/parent-child' xlink:from='loc_EntityWideDisclosureOnGeographicAreasRevenueFromExternalCustomersAttributedToIndividualForeignCountriesAxis' xlink:to='loc_SegmentGeographicalDomain' xlink:type='arc' />
<presentationArc order='20' use='optional' xlink:arcrole='http://www.xbrl.org/2003/arcrole/parent-child' xlink:from='loc_EntityWideDisclosureOnGeographicAreasRevenueFromExternalCustomersAttributedToIndividualForeignCountriesTable' xlink:to='loc_EntityWideDisclosureOnGeographicAreasRevenueFromExternalCustomersAttributedToIndividualForeignCountriesLineItems' xlink:type='arc' />
<presentationArc order='10' use='optional' xlink:arcrole='http://www.xbrl.org/2003/arcrole/parent-child' xlink:from='loc_EntityWideDisclosureOnGeographicAreasRevenueFromExternalCustomersAttributedToIndividualForeignCountriesLineItems' xlink:to='loc_EntityWideDisclosureOnGeographicAreasRevenueFromExternalCustomersAttributedToIndividualForeignCountriesAmount' xlink:type='arc' />
<presentationArc order='60' use='optional' xlink:arcrole='http://www.xbrl.org/2003/arcrole/parent-child' xlink:from='loc_EntityWideInformationAboutGeographicAreasAbstract' xlink:to='loc_EntityWideDisclosureOnGeographicAreasLongLivedAssets' xlink:type='arc' />
<presentationArc order='70' use='optional' xlink:arcrole='http://www.xbrl.org/2003/arcrole/parent-child' xlink:from='loc_EntityWideInformationAboutGeographicAreasAbstract' xlink:to='loc_EntityWideDisclosureOnGeographicAreasLongLivedAssetsInEntitysCountryOfDomicile' xlink:type='arc' />
<presentationArc order='80' use='optional' xlink:arcrole='http://www.xbrl.org/2003/arcrole/parent-child' xlink:from='loc_EntityWideInformationAboutGeographicAreasAbstract' xlink:to='loc_EntityWideDisclosureOnGeographicAreasLongLivedAssetsInForeignCountries' xlink:type='arc' />
<presentationArc order='90' use='optional' xlink:arcrole='http://www.xbrl.org/2003/arcrole/parent-child' xlink:from='loc_EntityWideInformationAboutGeographicAreasAbstract' xlink:to='loc_ScheduleOfEntityWideDisclosureOnGeographicAreasLongLivedAssetsInIndividualForeignCountriesByCountryTextBlock' xlink:type='arc' />
<presentationArc order='10' use='optional' xlink:arcrole='http://www.xbrl.org/2003/arcrole/parent-child' xlink:from='loc_ScheduleOfEntityWideDisclosureOnGeographicAreasLongLivedAssetsInIndividualForeignCountriesByCountryTextBlock' xlink:to='loc_ScheduleOfEntityWideDisclosureOnGeographicAreasLongLivedAssetsInIndividualForeignCountriesByCountryTable' xlink:type='arc' />
<presentationArc order='10' use='optional' xlink:arcrole='http://www.xbrl.org/2003/arcrole/parent-child' xlink:from='loc_ScheduleOfEntityWideDisclosureOnGeographicAreasLongLivedAssetsInIndividualForeignCountriesByCountryTable' xlink:to='loc_EntityWideDisclosureOnGeographicAreasLongLivedAssetsInIndividualForeignCountriesByCountryAxis' xlink:type='arc' />
<presentationArc order='10' xlink:arcrole='http://www.xbrl.org/2003/arcrole/parent-child' xlink:from='loc_EntityWideDisclosureOnGeographicAreasLongLivedAssetsInIndividualForeignCountriesByCountryAxis' xlink:to='loc_SegmentGeographicalDomain' xlink:type='arc' />
<presentationArc order='20' use='optional' xlink:arcrole='http://www.xbrl.org/2003/arcrole/parent-child' xlink:from='loc_ScheduleOfEntityWideDisclosureOnGeographicAreasLongLivedAssetsInIndividualForeignCountriesByCountryTable' xlink:to='loc_EntityWideDisclosureOnGeographicAreasLongLivedAssetsInIndividualForeignCountriesLineItems' xlink:type='arc' />
<presentationArc order='10' use='optional' xlink:arcrole='http://www.xbrl.org/2003/arcrole/parent-child' xlink:from='loc_EntityWideDisclosureOnGeographicAreasLongLivedAssetsInIndividualForeignCountriesLineItems' xlink:to='loc_EntityWideDisclosureOnGeographicAreasLongLivedAssetsInIndividualForeignCountriesAmount' xlink:type='arc' />
<presentationArc order='110' xlink:arcrole='http://www.xbrl.org/2003/arcrole/parent-child' xlink:from='loc_SegmentReportingDisclosureTextBlock' xlink:to='loc_ScheduleOfEntityWideInformationByMajorCustomersByReportingSegmentsTextBlock' xlink:type='arc' />
<presentationArc order='10' use='optional' xlink:arcrole='http://www.xbrl.org/2003/arcrole/parent-child' xlink:from='loc_ScheduleOfEntityWideInformationByMajorCustomersByReportingSegmentsTextBlock' xlink:to='loc_ScheduleOfEntityWideRevenueByMajorCustomersByReportingSegmentsTable' xlink:type='arc' />
<presentationArc order='10' xlink:arcrole='http://www.xbrl.org/2003/arcrole/parent-child' xlink:from='loc_ScheduleOfEntityWideRevenueByMajorCustomersByReportingSegmentsTable' xlink:to='loc_EntityWideRevenueByReportingSegmentAxis' xlink:type='arc' />
<presentationArc order='10' xlink:arcrole='http://www.xbrl.org/2003/arcrole/parent-child' xlink:from='loc_EntityWideRevenueByReportingSegmentAxis' xlink:to='loc_ReportingSegmentDomain' xlink:type='arc' />
<presentationArc order='20' xlink:arcrole='http://www.xbrl.org/2003/arcrole/parent-child' xlink:from='loc_ScheduleOfEntityWideRevenueByMajorCustomersByReportingSegmentsTable' xlink:to='loc_EntityWideRevenueByMajorCustomerAxis' xlink:type='arc' />
<presentationArc order='10' use='optional' xlink:arcrole='http://www.xbrl.org/2003/arcrole/parent-child' xlink:from='loc_EntityWideRevenueByMajorCustomerAxis' xlink:to='loc_NameOfMajorCustomerDomain' xlink:type='arc' />
<presentationArc order='30' xlink:arcrole='http://www.xbrl.org/2003/arcrole/parent-child' xlink:from='loc_ScheduleOfEntityWideRevenueByMajorCustomersByReportingSegmentsTable' xlink:to='loc_EntityWideRevenueMajorCustomerLineItems' xlink:type='arc' />
<presentationArc order='10' use='optional' xlink:arcrole='http://www.xbrl.org/2003/arcrole/parent-child' xlink:from='loc_EntityWideRevenueMajorCustomerLineItems' xlink:to='loc_EntityWideRevenueMajorCustomerAmount' xlink:type='arc' />
</presentationLink>
</link:linkbase>
