<?xml version="1.0" encoding="UTF-8" standalone="no"?>

<!--
Copyright (C) 2007, 2008 XBRL US, Inc. All Rights Reserved.
Authorized Uses are Set Forth at http://xbrl.us/legal
  -->
<link:linkbase xmlns:link='http://www.xbrl.org/2003/linkbase' xmlns:xlink='http://www.w3.org/1999/xlink' xmlns:xsi='http://www.w3.org/2001/XMLSchema-instance' xsi:schemaLocation='http://www.xbrl.org/2003/linkbase http://www.xbrl.org/2003/xbrl-linkbase-2003-12-31.xsd'>
<link:roleRef roleURI='http://xbrl.us/us-gaap/role/disclosure/BusinessCombinations' xlink:href='../elts/us-roles-2008-03-31.xsd#bc' xlink:type='simple' />
<calculationLink xlink:role='http://xbrl.us/us-gaap/role/disclosure/BusinessCombinations' xlink:type='extended' xmlns='http://www.xbrl.org/2003/linkbase'>
<link:loc xlink:href='../elts/us-gaap-2008-03-31.xsd#us-gaap_BusinessAcquisitionCostOfAcquiredEntityPurchasePrice' xlink:label='loc_BusinessAcquisitionCostOfAcquiredEntityPurchasePrice' xlink:type='locator' />
<link:loc xlink:href='../elts/us-gaap-2008-03-31.xsd#us-gaap_BusinessAcquisitionCostOfAcquiredEntityCashPaid' xlink:label='loc_BusinessAcquisitionCostOfAcquiredEntityCashPaid' xlink:type='locator' />
<link:loc xlink:href='../elts/us-gaap-2008-03-31.xsd#us-gaap_BusinessAcquisitionCostOfAcquiredEntityEquityInterestsIssuedAndIssuable' xlink:label='loc_BusinessAcquisitionCostOfAcquiredEntityEquityInterestsIssuedAndIssuable' xlink:type='locator' />
<link:loc xlink:href='../elts/us-gaap-2008-03-31.xsd#us-gaap_BusinessAcquisitionCostOfAcquiredEntityLiabilitiesIncurred' xlink:label='loc_BusinessAcquisitionCostOfAcquiredEntityLiabilitiesIncurred' xlink:type='locator' />
<link:loc xlink:href='../elts/us-gaap-2008-03-31.xsd#us-gaap_BusinessAcquisitionCostOfAcquiredEntityPlannedRestructuringActivities' xlink:label='loc_BusinessAcquisitionCostOfAcquiredEntityPlannedRestructuringActivities' xlink:type='locator' />
<link:loc xlink:href='../elts/us-gaap-2008-03-31.xsd#us-gaap_BusinessAcquisitionCostOfAcquiredEntityOtherNoncashConsideration' xlink:label='loc_BusinessAcquisitionCostOfAcquiredEntityOtherNoncashConsideration' xlink:type='locator' />
<link:loc xlink:href='../elts/us-gaap-2008-03-31.xsd#us-gaap_BusinessAcquisitionCostOfAcquiredEntityTransactionCosts' xlink:label='loc_BusinessAcquisitionCostOfAcquiredEntityTransactionCosts' xlink:type='locator' />
<link:loc xlink:href='../elts/us-gaap-2008-03-31.xsd#us-gaap_BusinessAcquisitionPurchasePriceAllocationAssetsAcquiredLiabilitiesAssumedNet' xlink:label='loc_BusinessAcquisitionPurchasePriceAllocationAssetsAcquiredLiabilitiesAssumedNet' xlink:type='locator' />
<link:loc xlink:href='../elts/us-gaap-2008-03-31.xsd#us-gaap_BusinessAcquisitionPurchasePriceAllocationAssetsAcquired' xlink:label='loc_BusinessAcquisitionPurchasePriceAllocationAssetsAcquired' xlink:type='locator' />
<link:loc xlink:href='../elts/us-gaap-2008-03-31.xsd#us-gaap_BusinessAcquisitionPurchasePriceAllocationCurrentAssets' xlink:label='loc_BusinessAcquisitionPurchasePriceAllocationCurrentAssets' xlink:type='locator' />
<link:loc xlink:href='../elts/us-gaap-2008-03-31.xsd#us-gaap_BusinessAcquisitionPurchasePriceAllocationCurrentAssetsCashAndCashEquivalents' xlink:label='loc_BusinessAcquisitionPurchasePriceAllocationCurrentAssetsCashAndCashEquivalents' xlink:type='locator' />
<link:loc xlink:href='../elts/us-gaap-2008-03-31.xsd#us-gaap_BusinessAcquisitionPurchasePriceAllocationCurrentAssetsMarketableSecurities' xlink:label='loc_BusinessAcquisitionPurchasePriceAllocationCurrentAssetsMarketableSecurities' xlink:type='locator' />
<link:loc xlink:href='../elts/us-gaap-2008-03-31.xsd#us-gaap_BusinessAcquisitionPurchasePriceAllocationCurrentAssetsReceivables' xlink:label='loc_BusinessAcquisitionPurchasePriceAllocationCurrentAssetsReceivables' xlink:type='locator' />
<link:loc xlink:href='../elts/us-gaap-2008-03-31.xsd#us-gaap_BusinessAcquisitionPurchasePriceAllocationCurrentAssetsInventory' xlink:label='loc_BusinessAcquisitionPurchasePriceAllocationCurrentAssetsInventory' xlink:type='locator' />
<link:loc xlink:href='../elts/us-gaap-2008-03-31.xsd#us-gaap_BusinessAcquisitionPurchasePriceAllocationCurrentAssetsFinishedGoods' xlink:label='loc_BusinessAcquisitionPurchasePriceAllocationCurrentAssetsFinishedGoods' xlink:type='locator' />
<link:loc xlink:href='../elts/us-gaap-2008-03-31.xsd#us-gaap_BusinessAcquisitionPurchasePriceAllocationCurrentAssetsWorkInProgress' xlink:label='loc_BusinessAcquisitionPurchasePriceAllocationCurrentAssetsWorkInProgress' xlink:type='locator' />
<link:loc xlink:href='../elts/us-gaap-2008-03-31.xsd#us-gaap_BusinessAcquisitionPurchasePriceAllocationCurrentAssetsRawMaterials' xlink:label='loc_BusinessAcquisitionPurchasePriceAllocationCurrentAssetsRawMaterials' xlink:type='locator' />
<link:loc xlink:href='../elts/us-gaap-2008-03-31.xsd#us-gaap_BusinessAcquisitionPurchasePriceAllocationCurrentAssetsMerchandise' xlink:label='loc_BusinessAcquisitionPurchasePriceAllocationCurrentAssetsMerchandise' xlink:type='locator' />
<link:loc xlink:href='../elts/us-gaap-2008-03-31.xsd#us-gaap_BusinessAcquisitionPurchasePriceAllocationCurrentAssetsAssetNotToBeUsed' xlink:label='loc_BusinessAcquisitionPurchasePriceAllocationCurrentAssetsAssetNotToBeUsed' xlink:type='locator' />
<link:loc xlink:href='../elts/us-gaap-2008-03-31.xsd#us-gaap_BusinessAcquisitionPurchasePriceAllocationCurrentAssetsAssetHeldForSale' xlink:label='loc_BusinessAcquisitionPurchasePriceAllocationCurrentAssetsAssetHeldForSale' xlink:type='locator' />
<link:loc xlink:href='../elts/us-gaap-2008-03-31.xsd#us-gaap_BusinessAcquisitionPurchasePriceAllocationCurrentAssetsAssetToBeDisposedOf' xlink:label='loc_BusinessAcquisitionPurchasePriceAllocationCurrentAssetsAssetToBeDisposedOf' xlink:type='locator' />
<link:loc xlink:href='../elts/us-gaap-2008-03-31.xsd#us-gaap_BusinessAcquisitionPurchasePriceAllocationCurrentAssetsPrepaidExpenseAndOtherAssets' xlink:label='loc_BusinessAcquisitionPurchasePriceAllocationCurrentAssetsPrepaidExpenseAndOtherAssets' xlink:type='locator' />
<link:loc xlink:href='../elts/us-gaap-2008-03-31.xsd#us-gaap_BusinessAcquisitionPurchasePriceAllocationNoncurrentAssets' xlink:label='loc_BusinessAcquisitionPurchasePriceAllocationNoncurrentAssets' xlink:type='locator' />
<link:loc xlink:href='../elts/us-gaap-2008-03-31.xsd#us-gaap_BusinessAcquisitionPurchasePriceAllocationPropertyPlantAndEquipment' xlink:label='loc_BusinessAcquisitionPurchasePriceAllocationPropertyPlantAndEquipment' xlink:type='locator' />
<link:loc xlink:href='../elts/us-gaap-2008-03-31.xsd#us-gaap_BusinessAcquisitionPurchasePriceAllocationProperty' xlink:label='loc_BusinessAcquisitionPurchasePriceAllocationProperty' xlink:type='locator' />
<link:loc xlink:href='../elts/us-gaap-2008-03-31.xsd#us-gaap_BusinessAcquisitionPurchasePriceAllocationPlant' xlink:label='loc_BusinessAcquisitionPurchasePriceAllocationPlant' xlink:type='locator' />
<link:loc xlink:href='../elts/us-gaap-2008-03-31.xsd#us-gaap_BusinessAcquisitionPurchasePriceAllocationEquipment' xlink:label='loc_BusinessAcquisitionPurchasePriceAllocationEquipment' xlink:type='locator' />
<link:loc xlink:href='../elts/us-gaap-2008-03-31.xsd#us-gaap_BusinessAcquisitionPurchasePriceAllocationAmortizableIntangibleAssets' xlink:label='loc_BusinessAcquisitionPurchasePriceAllocationAmortizableIntangibleAssets' xlink:type='locator' />
<link:loc xlink:href='../elts/us-gaap-2008-03-31.xsd#us-gaap_BusinessAcquisitionPurchasePriceAllocationIntangibleAssetsNotAmortizable' xlink:label='loc_BusinessAcquisitionPurchasePriceAllocationIntangibleAssetsNotAmortizable' xlink:type='locator' />
<link:loc xlink:href='../elts/us-gaap-2008-03-31.xsd#us-gaap_BusinessAcquisitionPurchasePriceAllocationMineralRights' xlink:label='loc_BusinessAcquisitionPurchasePriceAllocationMineralRights' xlink:type='locator' />
<link:loc xlink:href='../elts/us-gaap-2008-03-31.xsd#us-gaap_BusinessAcquisitionPurchasePriceAllocationNaturalResources' xlink:label='loc_BusinessAcquisitionPurchasePriceAllocationNaturalResources' xlink:type='locator' />
<link:loc xlink:href='../elts/us-gaap-2008-03-31.xsd#us-gaap_BusinessAcquisitionPurchasePriceAllocationUnmarketableSecurities' xlink:label='loc_BusinessAcquisitionPurchasePriceAllocationUnmarketableSecurities' xlink:type='locator' />
<link:loc xlink:href='../elts/us-gaap-2008-03-31.xsd#us-gaap_BusinessAcquisitionPurchasePriceAllocationDeferredIncomeTaxesAssetLiabilityNet' xlink:label='loc_BusinessAcquisitionPurchasePriceAllocationDeferredIncomeTaxesAssetLiabilityNet' xlink:type='locator' />
<link:loc xlink:href='../elts/us-gaap-2008-03-31.xsd#us-gaap_BusinessAcquisitionPurchasePriceAllocationGoodwillAmount' xlink:label='loc_BusinessAcquisitionPurchasePriceAllocationGoodwillAmount' xlink:type='locator' />
<link:loc xlink:href='../elts/us-gaap-2008-03-31.xsd#us-gaap_BusinessAcquisitionPurchasePriceAllocationOtherNoncurrentAssets' xlink:label='loc_BusinessAcquisitionPurchasePriceAllocationOtherNoncurrentAssets' xlink:type='locator' />
<link:loc xlink:href='../elts/us-gaap-2008-03-31.xsd#us-gaap_BusinessAcquisitionPurchasePriceAllocationLiabilitiesAssumed' xlink:label='loc_BusinessAcquisitionPurchasePriceAllocationLiabilitiesAssumed' xlink:type='locator' />
<link:loc xlink:href='../elts/us-gaap-2008-03-31.xsd#us-gaap_BusinessAcquisitionPurchasePriceAllocationCurrentLiabilities' xlink:label='loc_BusinessAcquisitionPurchasePriceAllocationCurrentLiabilities' xlink:type='locator' />
<link:loc xlink:href='../elts/us-gaap-2008-03-31.xsd#us-gaap_BusinessAcquisitionPurchasePriceAllocationCurrentLiabilitiesLongTermDebt' xlink:label='loc_BusinessAcquisitionPurchasePriceAllocationCurrentLiabilitiesLongTermDebt' xlink:type='locator' />
<link:loc xlink:href='../elts/us-gaap-2008-03-31.xsd#us-gaap_BusinessAcquisitionPurchasePriceAllocationCurrentLiabilitiesAccountsPayable' xlink:label='loc_BusinessAcquisitionPurchasePriceAllocationCurrentLiabilitiesAccountsPayable' xlink:type='locator' />
<link:loc xlink:href='../elts/us-gaap-2008-03-31.xsd#us-gaap_BusinessAcquisitionPurchasePriceAllocationCurrentLiabilitiesAccruedLiabilities' xlink:label='loc_BusinessAcquisitionPurchasePriceAllocationCurrentLiabilitiesAccruedLiabilities' xlink:type='locator' />
<link:loc xlink:href='../elts/us-gaap-2008-03-31.xsd#us-gaap_BusinessAcquisitionPurchasePriceAllocationCurrentLiabilitiesDeferredRevenue' xlink:label='loc_BusinessAcquisitionPurchasePriceAllocationCurrentLiabilitiesDeferredRevenue' xlink:type='locator' />
<link:loc xlink:href='../elts/us-gaap-2008-03-31.xsd#us-gaap_BusinessAcquisitionPurchasePriceAllocationCurrentLiabilitiesOtherLiabilities' xlink:label='loc_BusinessAcquisitionPurchasePriceAllocationCurrentLiabilitiesOtherLiabilities' xlink:type='locator' />
<link:loc xlink:href='../elts/us-gaap-2008-03-31.xsd#us-gaap_BusinessAcquisitionPurchasePriceAllocationNoncurrentLiabilities' xlink:label='loc_BusinessAcquisitionPurchasePriceAllocationNoncurrentLiabilities' xlink:type='locator' />
<link:loc xlink:href='../elts/us-gaap-2008-03-31.xsd#us-gaap_BusinessAcquisitionPurchasePriceAllocationNoncurrentLiabilitiesLongTermDebt' xlink:label='loc_BusinessAcquisitionPurchasePriceAllocationNoncurrentLiabilitiesLongTermDebt' xlink:type='locator' />
<link:loc xlink:href='../elts/us-gaap-2008-03-31.xsd#us-gaap_BusinessAcquisitionPurchasePriceAllocationNoncurrentLiabilitiesRestructuringCostAccrual' xlink:label='loc_BusinessAcquisitionPurchasePriceAllocationNoncurrentLiabilitiesRestructuringCostAccrual' xlink:type='locator' />
<link:loc xlink:href='../elts/us-gaap-2008-03-31.xsd#us-gaap_BusinessAcquisitionPurchasePriceAllocationNotesPayableAndLongTermDebt' xlink:label='loc_BusinessAcquisitionPurchasePriceAllocationNotesPayableAndLongTermDebt' xlink:type='locator' />
<link:loc xlink:href='../elts/us-gaap-2008-03-31.xsd#us-gaap_BusinessAcquisitionPurchasePriceAllocationProjectedBenefitObligationAsset' xlink:label='loc_BusinessAcquisitionPurchasePriceAllocationProjectedBenefitObligationAsset' xlink:type='locator' />
<link:loc xlink:href='../elts/us-gaap-2008-03-31.xsd#us-gaap_BusinessAcquisitionPurchasePriceAllocationWarrantyLiability' xlink:label='loc_BusinessAcquisitionPurchasePriceAllocationWarrantyLiability' xlink:type='locator' />
<link:loc xlink:href='../elts/us-gaap-2008-03-31.xsd#us-gaap_BusinessAcquisitionPurchasePriceAllocationCapitalLeaseObligationAccrual' xlink:label='loc_BusinessAcquisitionPurchasePriceAllocationCapitalLeaseObligationAccrual' xlink:type='locator' />
<link:loc xlink:href='../elts/us-gaap-2008-03-31.xsd#us-gaap_BusinessAcquisitionPurchasePriceAllocationUnfavorableContractAccrual' xlink:label='loc_BusinessAcquisitionPurchasePriceAllocationUnfavorableContractAccrual' xlink:type='locator' />
<link:loc xlink:href='../elts/us-gaap-2008-03-31.xsd#us-gaap_BusinessAcquisitionPurchasePriceAllocationPreacquisitionContingencyAccrual' xlink:label='loc_BusinessAcquisitionPurchasePriceAllocationPreacquisitionContingencyAccrual' xlink:type='locator' />
<link:loc xlink:href='../elts/us-gaap-2008-03-31.xsd#us-gaap_BusinessAcquisitionPurchasePriceAllocationOtherNoncurrentLiabilities' xlink:label='loc_BusinessAcquisitionPurchasePriceAllocationOtherNoncurrentLiabilities' xlink:type='locator' />
<link:loc xlink:href='../elts/us-gaap-2008-03-31.xsd#us-gaap_LeveragedBuyoutCostOfTransactionChargedToExpense' xlink:label='loc_LeveragedBuyoutCostOfTransactionChargedToExpense' xlink:type='locator' />
<link:loc xlink:href='../elts/us-gaap-2008-03-31.xsd#us-gaap_LeveragedBuyoutOptionCostChargedToExpense' xlink:label='loc_LeveragedBuyoutOptionCostChargedToExpense' xlink:type='locator' />
<link:loc xlink:href='../elts/us-gaap-2008-03-31.xsd#us-gaap_LeveragedBuyoutProfessionalFeesAndOther' xlink:label='loc_LeveragedBuyoutProfessionalFeesAndOther' xlink:type='locator' />
<link:loc xlink:href='../elts/us-gaap-2008-03-31.xsd#us-gaap_LeveragedBuyoutUsesOfCashInLeveragedBuyoutTransaction' xlink:label='loc_LeveragedBuyoutUsesOfCashInLeveragedBuyoutTransaction' xlink:type='locator' />
<link:loc xlink:href='../elts/us-gaap-2008-03-31.xsd#us-gaap_LeveragedBuyoutRepaymentOfExistingDebt' xlink:label='loc_LeveragedBuyoutRepaymentOfExistingDebt' xlink:type='locator' />
<link:loc xlink:href='../elts/us-gaap-2008-03-31.xsd#us-gaap_LeveragedBuyoutConsiderationPaidForOutstandingShares' xlink:label='loc_LeveragedBuyoutConsiderationPaidForOutstandingShares' xlink:type='locator' />
<link:loc xlink:href='../elts/us-gaap-2008-03-31.xsd#us-gaap_LeveragedBuyoutPrepaymentPenaltiesOnRetiredDebt' xlink:label='loc_LeveragedBuyoutPrepaymentPenaltiesOnRetiredDebt' xlink:type='locator' />
<link:loc xlink:href='../elts/us-gaap-2008-03-31.xsd#us-gaap_LeveragedBuyoutRedemptionOfShareBasedAwards' xlink:label='loc_LeveragedBuyoutRedemptionOfShareBasedAwards' xlink:type='locator' />
<link:loc xlink:href='../elts/us-gaap-2008-03-31.xsd#us-gaap_LeveragedBuyoutClosingFeesAndExpense' xlink:label='loc_LeveragedBuyoutClosingFeesAndExpense' xlink:type='locator' />
<link:loc xlink:href='../elts/us-gaap-2008-03-31.xsd#us-gaap_CashForLeveragedBuyout' xlink:label='loc_CashForLeveragedBuyout' xlink:type='locator' />
<link:loc xlink:href='../elts/us-gaap-2008-03-31.xsd#us-gaap_BorrowingsToFinanceLeveragedBuyout' xlink:label='loc_BorrowingsToFinanceLeveragedBuyout' xlink:type='locator' />
<link:loc xlink:href='../elts/us-gaap-2008-03-31.xsd#us-gaap_LoansToFinanceLeveragedBuyout' xlink:label='loc_LoansToFinanceLeveragedBuyout' xlink:type='locator' />
<link:loc xlink:href='../elts/us-gaap-2008-03-31.xsd#us-gaap_RevolvingLoanFacilityToFinanceLeveragedBuyout' xlink:label='loc_RevolvingLoanFacilityToFinanceLeveragedBuyout' xlink:type='locator' />
<link:loc xlink:href='../elts/us-gaap-2008-03-31.xsd#us-gaap_SubordinatedNotesToFinanceLeveragedBuyout' xlink:label='loc_SubordinatedNotesToFinanceLeveragedBuyout' xlink:type='locator' />
<link:loc xlink:href='../elts/us-gaap-2008-03-31.xsd#us-gaap_ShareholderLoansToFinanceLeveragedBuyout' xlink:label='loc_ShareholderLoansToFinanceLeveragedBuyout' xlink:type='locator' />
<link:loc xlink:href='../elts/us-gaap-2008-03-31.xsd#us-gaap_EquityFinancingForLeveragedBuyout' xlink:label='loc_EquityFinancingForLeveragedBuyout' xlink:type='locator' />
<link:loc xlink:href='../elts/us-gaap-2008-03-31.xsd#us-gaap_SalesOfEquityToFinanceLeveragedBuyout' xlink:label='loc_SalesOfEquityToFinanceLeveragedBuyout' xlink:type='locator' />
<link:loc xlink:href='../elts/us-gaap-2008-03-31.xsd#us-gaap_EquityContributionsToFinanceLeveragedBuyout' xlink:label='loc_EquityContributionsToFinanceLeveragedBuyout' xlink:type='locator' />
<calculationArc order='10' weight='1.0' xlink:arcrole='http://www.xbrl.org/2003/arcrole/summation-item' xlink:from='loc_BusinessAcquisitionCostOfAcquiredEntityPurchasePrice' xlink:to='loc_BusinessAcquisitionCostOfAcquiredEntityCashPaid' xlink:type='arc' />
<calculationArc order='20' weight='1.0' xlink:arcrole='http://www.xbrl.org/2003/arcrole/summation-item' xlink:from='loc_BusinessAcquisitionCostOfAcquiredEntityPurchasePrice' xlink:to='loc_BusinessAcquisitionCostOfAcquiredEntityEquityInterestsIssuedAndIssuable' xlink:type='arc' />
<calculationArc order='30' weight='1.0' xlink:arcrole='http://www.xbrl.org/2003/arcrole/summation-item' xlink:from='loc_BusinessAcquisitionCostOfAcquiredEntityPurchasePrice' xlink:to='loc_BusinessAcquisitionCostOfAcquiredEntityLiabilitiesIncurred' xlink:type='arc' />
<calculationArc order='40' weight='-1.0' xlink:arcrole='http://www.xbrl.org/2003/arcrole/summation-item' xlink:from='loc_BusinessAcquisitionCostOfAcquiredEntityPurchasePrice' xlink:to='loc_BusinessAcquisitionCostOfAcquiredEntityPlannedRestructuringActivities' xlink:type='arc' />
<calculationArc order='50' weight='1.0' xlink:arcrole='http://www.xbrl.org/2003/arcrole/summation-item' xlink:from='loc_BusinessAcquisitionCostOfAcquiredEntityPurchasePrice' xlink:to='loc_BusinessAcquisitionCostOfAcquiredEntityOtherNoncashConsideration' xlink:type='arc' />
<calculationArc order='60' weight='1.0' xlink:arcrole='http://www.xbrl.org/2003/arcrole/summation-item' xlink:from='loc_BusinessAcquisitionCostOfAcquiredEntityPurchasePrice' xlink:to='loc_BusinessAcquisitionCostOfAcquiredEntityTransactionCosts' xlink:type='arc' />
<calculationArc order='10' use='optional' weight='1.0' xlink:arcrole='http://www.xbrl.org/2003/arcrole/summation-item' xlink:from='loc_BusinessAcquisitionPurchasePriceAllocationAssetsAcquiredLiabilitiesAssumedNet' xlink:to='loc_BusinessAcquisitionPurchasePriceAllocationAssetsAcquired' xlink:type='arc' />
<calculationArc order='10' use='optional' weight='1.0' xlink:arcrole='http://www.xbrl.org/2003/arcrole/summation-item' xlink:from='loc_BusinessAcquisitionPurchasePriceAllocationAssetsAcquired' xlink:to='loc_BusinessAcquisitionPurchasePriceAllocationCurrentAssets' xlink:type='arc' />
<calculationArc order='10' weight='1.0' xlink:arcrole='http://www.xbrl.org/2003/arcrole/summation-item' xlink:from='loc_BusinessAcquisitionPurchasePriceAllocationCurrentAssets' xlink:to='loc_BusinessAcquisitionPurchasePriceAllocationCurrentAssetsCashAndCashEquivalents' xlink:type='arc' />
<calculationArc order='20' weight='1.0' xlink:arcrole='http://www.xbrl.org/2003/arcrole/summation-item' xlink:from='loc_BusinessAcquisitionPurchasePriceAllocationCurrentAssets' xlink:to='loc_BusinessAcquisitionPurchasePriceAllocationCurrentAssetsMarketableSecurities' xlink:type='arc' />
<calculationArc order='30' weight='1.0' xlink:arcrole='http://www.xbrl.org/2003/arcrole/summation-item' xlink:from='loc_BusinessAcquisitionPurchasePriceAllocationCurrentAssets' xlink:to='loc_BusinessAcquisitionPurchasePriceAllocationCurrentAssetsReceivables' xlink:type='arc' />
<calculationArc order='40' weight='1.0' xlink:arcrole='http://www.xbrl.org/2003/arcrole/summation-item' xlink:from='loc_BusinessAcquisitionPurchasePriceAllocationCurrentAssets' xlink:to='loc_BusinessAcquisitionPurchasePriceAllocationCurrentAssetsInventory' xlink:type='arc' />
<calculationArc order='10' weight='1.0' xlink:arcrole='http://www.xbrl.org/2003/arcrole/summation-item' xlink:from='loc_BusinessAcquisitionPurchasePriceAllocationCurrentAssetsInventory' xlink:to='loc_BusinessAcquisitionPurchasePriceAllocationCurrentAssetsFinishedGoods' xlink:type='arc' />
<calculationArc order='20' weight='1.0' xlink:arcrole='http://www.xbrl.org/2003/arcrole/summation-item' xlink:from='loc_BusinessAcquisitionPurchasePriceAllocationCurrentAssetsInventory' xlink:to='loc_BusinessAcquisitionPurchasePriceAllocationCurrentAssetsWorkInProgress' xlink:type='arc' />
<calculationArc order='30' weight='1.0' xlink:arcrole='http://www.xbrl.org/2003/arcrole/summation-item' xlink:from='loc_BusinessAcquisitionPurchasePriceAllocationCurrentAssetsInventory' xlink:to='loc_BusinessAcquisitionPurchasePriceAllocationCurrentAssetsRawMaterials' xlink:type='arc' />
<calculationArc order='40' weight='1.0' xlink:arcrole='http://www.xbrl.org/2003/arcrole/summation-item' xlink:from='loc_BusinessAcquisitionPurchasePriceAllocationCurrentAssetsInventory' xlink:to='loc_BusinessAcquisitionPurchasePriceAllocationCurrentAssetsMerchandise' xlink:type='arc' />
<calculationArc order='50' weight='1.0' xlink:arcrole='http://www.xbrl.org/2003/arcrole/summation-item' xlink:from='loc_BusinessAcquisitionPurchasePriceAllocationCurrentAssets' xlink:to='loc_BusinessAcquisitionPurchasePriceAllocationCurrentAssetsAssetNotToBeUsed' xlink:type='arc' />
<calculationArc order='10' weight='1.0' xlink:arcrole='http://www.xbrl.org/2003/arcrole/summation-item' xlink:from='loc_BusinessAcquisitionPurchasePriceAllocationCurrentAssetsAssetNotToBeUsed' xlink:to='loc_BusinessAcquisitionPurchasePriceAllocationCurrentAssetsAssetHeldForSale' xlink:type='arc' />
<calculationArc order='20' weight='1.0' xlink:arcrole='http://www.xbrl.org/2003/arcrole/summation-item' xlink:from='loc_BusinessAcquisitionPurchasePriceAllocationCurrentAssetsAssetNotToBeUsed' xlink:to='loc_BusinessAcquisitionPurchasePriceAllocationCurrentAssetsAssetToBeDisposedOf' xlink:type='arc' />
<calculationArc order='60' weight='1.0' xlink:arcrole='http://www.xbrl.org/2003/arcrole/summation-item' xlink:from='loc_BusinessAcquisitionPurchasePriceAllocationCurrentAssets' xlink:to='loc_BusinessAcquisitionPurchasePriceAllocationCurrentAssetsPrepaidExpenseAndOtherAssets' xlink:type='arc' />
<calculationArc order='20' use='optional' weight='1.0' xlink:arcrole='http://www.xbrl.org/2003/arcrole/summation-item' xlink:from='loc_BusinessAcquisitionPurchasePriceAllocationAssetsAcquired' xlink:to='loc_BusinessAcquisitionPurchasePriceAllocationNoncurrentAssets' xlink:type='arc' />
<calculationArc order='10' weight='1.0' xlink:arcrole='http://www.xbrl.org/2003/arcrole/summation-item' xlink:from='loc_BusinessAcquisitionPurchasePriceAllocationNoncurrentAssets' xlink:to='loc_BusinessAcquisitionPurchasePriceAllocationPropertyPlantAndEquipment' xlink:type='arc' />
<calculationArc order='10' weight='1.0' xlink:arcrole='http://www.xbrl.org/2003/arcrole/summation-item' xlink:from='loc_BusinessAcquisitionPurchasePriceAllocationPropertyPlantAndEquipment' xlink:to='loc_BusinessAcquisitionPurchasePriceAllocationProperty' xlink:type='arc' />
<calculationArc order='20' weight='1.0' xlink:arcrole='http://www.xbrl.org/2003/arcrole/summation-item' xlink:from='loc_BusinessAcquisitionPurchasePriceAllocationPropertyPlantAndEquipment' xlink:to='loc_BusinessAcquisitionPurchasePriceAllocationPlant' xlink:type='arc' />
<calculationArc order='30' weight='1.0' xlink:arcrole='http://www.xbrl.org/2003/arcrole/summation-item' xlink:from='loc_BusinessAcquisitionPurchasePriceAllocationPropertyPlantAndEquipment' xlink:to='loc_BusinessAcquisitionPurchasePriceAllocationEquipment' xlink:type='arc' />
<calculationArc order='20' weight='1.0' xlink:arcrole='http://www.xbrl.org/2003/arcrole/summation-item' xlink:from='loc_BusinessAcquisitionPurchasePriceAllocationNoncurrentAssets' xlink:to='loc_BusinessAcquisitionPurchasePriceAllocationAmortizableIntangibleAssets' xlink:type='arc' />
<calculationArc order='30' weight='1.0' xlink:arcrole='http://www.xbrl.org/2003/arcrole/summation-item' xlink:from='loc_BusinessAcquisitionPurchasePriceAllocationNoncurrentAssets' xlink:to='loc_BusinessAcquisitionPurchasePriceAllocationIntangibleAssetsNotAmortizable' xlink:type='arc' />
<calculationArc order='40' weight='1.0' xlink:arcrole='http://www.xbrl.org/2003/arcrole/summation-item' xlink:from='loc_BusinessAcquisitionPurchasePriceAllocationNoncurrentAssets' xlink:to='loc_BusinessAcquisitionPurchasePriceAllocationMineralRights' xlink:type='arc' />
<calculationArc order='50' weight='1.0' xlink:arcrole='http://www.xbrl.org/2003/arcrole/summation-item' xlink:from='loc_BusinessAcquisitionPurchasePriceAllocationNoncurrentAssets' xlink:to='loc_BusinessAcquisitionPurchasePriceAllocationNaturalResources' xlink:type='arc' />
<calculationArc order='60' weight='1.0' xlink:arcrole='http://www.xbrl.org/2003/arcrole/summation-item' xlink:from='loc_BusinessAcquisitionPurchasePriceAllocationNoncurrentAssets' xlink:to='loc_BusinessAcquisitionPurchasePriceAllocationUnmarketableSecurities' xlink:type='arc' />
<calculationArc order='70' weight='1.0' xlink:arcrole='http://www.xbrl.org/2003/arcrole/summation-item' xlink:from='loc_BusinessAcquisitionPurchasePriceAllocationNoncurrentAssets' xlink:to='loc_BusinessAcquisitionPurchasePriceAllocationDeferredIncomeTaxesAssetLiabilityNet' xlink:type='arc' />
<calculationArc order='80' weight='1.0' xlink:arcrole='http://www.xbrl.org/2003/arcrole/summation-item' xlink:from='loc_BusinessAcquisitionPurchasePriceAllocationNoncurrentAssets' xlink:to='loc_BusinessAcquisitionPurchasePriceAllocationGoodwillAmount' xlink:type='arc' />
<calculationArc order='90' weight='1.0' xlink:arcrole='http://www.xbrl.org/2003/arcrole/summation-item' xlink:from='loc_BusinessAcquisitionPurchasePriceAllocationNoncurrentAssets' xlink:to='loc_BusinessAcquisitionPurchasePriceAllocationOtherNoncurrentAssets' xlink:type='arc' />
<calculationArc order='20' use='optional' weight='-1.0' xlink:arcrole='http://www.xbrl.org/2003/arcrole/summation-item' xlink:from='loc_BusinessAcquisitionPurchasePriceAllocationAssetsAcquiredLiabilitiesAssumedNet' xlink:to='loc_BusinessAcquisitionPurchasePriceAllocationLiabilitiesAssumed' xlink:type='arc' />
<calculationArc order='10' use='optional' weight='1.0' xlink:arcrole='http://www.xbrl.org/2003/arcrole/summation-item' xlink:from='loc_BusinessAcquisitionPurchasePriceAllocationLiabilitiesAssumed' xlink:to='loc_BusinessAcquisitionPurchasePriceAllocationCurrentLiabilities' xlink:type='arc' />
<calculationArc order='10' weight='1.0' xlink:arcrole='http://www.xbrl.org/2003/arcrole/summation-item' xlink:from='loc_BusinessAcquisitionPurchasePriceAllocationCurrentLiabilities' xlink:to='loc_BusinessAcquisitionPurchasePriceAllocationCurrentLiabilitiesLongTermDebt' xlink:type='arc' />
<calculationArc order='20' weight='1.0' xlink:arcrole='http://www.xbrl.org/2003/arcrole/summation-item' xlink:from='loc_BusinessAcquisitionPurchasePriceAllocationCurrentLiabilities' xlink:to='loc_BusinessAcquisitionPurchasePriceAllocationCurrentLiabilitiesAccountsPayable' xlink:type='arc' />
<calculationArc order='30' weight='1.0' xlink:arcrole='http://www.xbrl.org/2003/arcrole/summation-item' xlink:from='loc_BusinessAcquisitionPurchasePriceAllocationCurrentLiabilities' xlink:to='loc_BusinessAcquisitionPurchasePriceAllocationCurrentLiabilitiesAccruedLiabilities' xlink:type='arc' />
<calculationArc order='40' weight='1.0' xlink:arcrole='http://www.xbrl.org/2003/arcrole/summation-item' xlink:from='loc_BusinessAcquisitionPurchasePriceAllocationCurrentLiabilities' xlink:to='loc_BusinessAcquisitionPurchasePriceAllocationCurrentLiabilitiesDeferredRevenue' xlink:type='arc' />
<calculationArc order='50' weight='1.0' xlink:arcrole='http://www.xbrl.org/2003/arcrole/summation-item' xlink:from='loc_BusinessAcquisitionPurchasePriceAllocationCurrentLiabilities' xlink:to='loc_BusinessAcquisitionPurchasePriceAllocationCurrentLiabilitiesOtherLiabilities' xlink:type='arc' />
<calculationArc order='20' use='optional' weight='1.0' xlink:arcrole='http://www.xbrl.org/2003/arcrole/summation-item' xlink:from='loc_BusinessAcquisitionPurchasePriceAllocationLiabilitiesAssumed' xlink:to='loc_BusinessAcquisitionPurchasePriceAllocationNoncurrentLiabilities' xlink:type='arc' />
<calculationArc order='10' weight='1.0' xlink:arcrole='http://www.xbrl.org/2003/arcrole/summation-item' xlink:from='loc_BusinessAcquisitionPurchasePriceAllocationNoncurrentLiabilities' xlink:to='loc_BusinessAcquisitionPurchasePriceAllocationNoncurrentLiabilitiesLongTermDebt' xlink:type='arc' />
<calculationArc order='20' weight='1.0' xlink:arcrole='http://www.xbrl.org/2003/arcrole/summation-item' xlink:from='loc_BusinessAcquisitionPurchasePriceAllocationNoncurrentLiabilities' xlink:to='loc_BusinessAcquisitionPurchasePriceAllocationNoncurrentLiabilitiesRestructuringCostAccrual' xlink:type='arc' />
<calculationArc order='30' weight='1.0' xlink:arcrole='http://www.xbrl.org/2003/arcrole/summation-item' xlink:from='loc_BusinessAcquisitionPurchasePriceAllocationNoncurrentLiabilities' xlink:to='loc_BusinessAcquisitionPurchasePriceAllocationNotesPayableAndLongTermDebt' xlink:type='arc' />
<calculationArc order='40' weight='1.0' xlink:arcrole='http://www.xbrl.org/2003/arcrole/summation-item' xlink:from='loc_BusinessAcquisitionPurchasePriceAllocationNoncurrentLiabilities' xlink:to='loc_BusinessAcquisitionPurchasePriceAllocationProjectedBenefitObligationAsset' xlink:type='arc' />
<calculationArc order='50' weight='1.0' xlink:arcrole='http://www.xbrl.org/2003/arcrole/summation-item' xlink:from='loc_BusinessAcquisitionPurchasePriceAllocationNoncurrentLiabilities' xlink:to='loc_BusinessAcquisitionPurchasePriceAllocationWarrantyLiability' xlink:type='arc' />
<calculationArc order='60' weight='1.0' xlink:arcrole='http://www.xbrl.org/2003/arcrole/summation-item' xlink:from='loc_BusinessAcquisitionPurchasePriceAllocationNoncurrentLiabilities' xlink:to='loc_BusinessAcquisitionPurchasePriceAllocationCapitalLeaseObligationAccrual' xlink:type='arc' />
<calculationArc order='70' weight='1.0' xlink:arcrole='http://www.xbrl.org/2003/arcrole/summation-item' xlink:from='loc_BusinessAcquisitionPurchasePriceAllocationNoncurrentLiabilities' xlink:to='loc_BusinessAcquisitionPurchasePriceAllocationUnfavorableContractAccrual' xlink:type='arc' />
<calculationArc order='80' weight='1.0' xlink:arcrole='http://www.xbrl.org/2003/arcrole/summation-item' xlink:from='loc_BusinessAcquisitionPurchasePriceAllocationNoncurrentLiabilities' xlink:to='loc_BusinessAcquisitionPurchasePriceAllocationPreacquisitionContingencyAccrual' xlink:type='arc' />
<calculationArc order='90' weight='1.0' xlink:arcrole='http://www.xbrl.org/2003/arcrole/summation-item' xlink:from='loc_BusinessAcquisitionPurchasePriceAllocationNoncurrentLiabilities' xlink:to='loc_BusinessAcquisitionPurchasePriceAllocationOtherNoncurrentLiabilities' xlink:type='arc' />
<calculationArc order='10' use='optional' weight='1.0' xlink:arcrole='http://www.xbrl.org/2003/arcrole/summation-item' xlink:from='loc_LeveragedBuyoutCostOfTransactionChargedToExpense' xlink:to='loc_LeveragedBuyoutOptionCostChargedToExpense' xlink:type='arc' />
<calculationArc order='20' use='optional' weight='1.0' xlink:arcrole='http://www.xbrl.org/2003/arcrole/summation-item' xlink:from='loc_LeveragedBuyoutCostOfTransactionChargedToExpense' xlink:to='loc_LeveragedBuyoutProfessionalFeesAndOther' xlink:type='arc' />
<calculationArc order='10' use='optional' weight='1.0' xlink:arcrole='http://www.xbrl.org/2003/arcrole/summation-item' xlink:from='loc_LeveragedBuyoutUsesOfCashInLeveragedBuyoutTransaction' xlink:to='loc_LeveragedBuyoutRepaymentOfExistingDebt' xlink:type='arc' />
<calculationArc order='20' use='optional' weight='1.0' xlink:arcrole='http://www.xbrl.org/2003/arcrole/summation-item' xlink:from='loc_LeveragedBuyoutUsesOfCashInLeveragedBuyoutTransaction' xlink:to='loc_LeveragedBuyoutConsiderationPaidForOutstandingShares' xlink:type='arc' />
<calculationArc order='30' use='optional' weight='1.0' xlink:arcrole='http://www.xbrl.org/2003/arcrole/summation-item' xlink:from='loc_LeveragedBuyoutUsesOfCashInLeveragedBuyoutTransaction' xlink:to='loc_LeveragedBuyoutPrepaymentPenaltiesOnRetiredDebt' xlink:type='arc' />
<calculationArc order='40' use='optional' weight='1.0' xlink:arcrole='http://www.xbrl.org/2003/arcrole/summation-item' xlink:from='loc_LeveragedBuyoutUsesOfCashInLeveragedBuyoutTransaction' xlink:to='loc_LeveragedBuyoutRedemptionOfShareBasedAwards' xlink:type='arc' />
<calculationArc order='50' use='optional' weight='1.0' xlink:arcrole='http://www.xbrl.org/2003/arcrole/summation-item' xlink:from='loc_LeveragedBuyoutUsesOfCashInLeveragedBuyoutTransaction' xlink:to='loc_LeveragedBuyoutClosingFeesAndExpense' xlink:type='arc' />
<calculationArc order='10' use='optional' weight='1.0' xlink:arcrole='http://www.xbrl.org/2003/arcrole/summation-item' xlink:from='loc_CashForLeveragedBuyout' xlink:to='loc_BorrowingsToFinanceLeveragedBuyout' xlink:type='arc' />
<calculationArc order='10' use='optional' weight='1.0' xlink:arcrole='http://www.xbrl.org/2003/arcrole/summation-item' xlink:from='loc_BorrowingsToFinanceLeveragedBuyout' xlink:to='loc_LoansToFinanceLeveragedBuyout' xlink:type='arc' />
<calculationArc order='20' use='optional' weight='1.0' xlink:arcrole='http://www.xbrl.org/2003/arcrole/summation-item' xlink:from='loc_BorrowingsToFinanceLeveragedBuyout' xlink:to='loc_RevolvingLoanFacilityToFinanceLeveragedBuyout' xlink:type='arc' />
<calculationArc order='30' use='optional' weight='1.0' xlink:arcrole='http://www.xbrl.org/2003/arcrole/summation-item' xlink:from='loc_BorrowingsToFinanceLeveragedBuyout' xlink:to='loc_SubordinatedNotesToFinanceLeveragedBuyout' xlink:type='arc' />
<calculationArc order='40' use='optional' weight='1.0' xlink:arcrole='http://www.xbrl.org/2003/arcrole/summation-item' xlink:from='loc_BorrowingsToFinanceLeveragedBuyout' xlink:to='loc_ShareholderLoansToFinanceLeveragedBuyout' xlink:type='arc' />
<calculationArc order='20' use='optional' weight='1.0' xlink:arcrole='http://www.xbrl.org/2003/arcrole/summation-item' xlink:from='loc_CashForLeveragedBuyout' xlink:to='loc_EquityFinancingForLeveragedBuyout' xlink:type='arc' />
<calculationArc order='10' use='optional' weight='1.0' xlink:arcrole='http://www.xbrl.org/2003/arcrole/summation-item' xlink:from='loc_EquityFinancingForLeveragedBuyout' xlink:to='loc_SalesOfEquityToFinanceLeveragedBuyout' xlink:type='arc' />
<calculationArc order='20' use='optional' weight='1.0' xlink:arcrole='http://www.xbrl.org/2003/arcrole/summation-item' xlink:from='loc_EquityFinancingForLeveragedBuyout' xlink:to='loc_EquityContributionsToFinanceLeveragedBuyout' xlink:type='arc' />
</calculationLink>
</link:linkbase>
