<?xml version="1.0" encoding="UTF-8" standalone="no"?>

<!--
Copyright (C) 2007, 2008 XBRL US, Inc. All Rights Reserved.
Authorized Uses are Set Forth at http://xbrl.us/legal
  -->
<link:linkbase xmlns:link='http://www.xbrl.org/2003/linkbase' xmlns:xbrldt='http://xbrl.org/2005/xbrldt' xmlns:xlink='http://www.w3.org/1999/xlink' xmlns:xsi='http://www.w3.org/2001/XMLSchema-instance' xsi:schemaLocation='http://www.xbrl.org/2003/linkbase http://www.xbrl.org/2003/xbrl-linkbase-2003-12-31.xsd'>
<link:roleRef roleURI='http://xbrl.us/us-gaap/role/disclosure/Guarantees' xlink:href='../elts/us-roles-2008-03-31.xsd#guarantees' xlink:type='simple' />
<link:arcroleRef arcroleURI='http://xbrl.org/int/dim/arcrole/all' xlink:href='http://www.xbrl.org/2005/xbrldt-2005.xsd#all' xlink:type='simple' />
<link:arcroleRef arcroleURI='http://xbrl.org/int/dim/arcrole/hypercube-dimension' xlink:href='http://www.xbrl.org/2005/xbrldt-2005.xsd#hypercube-dimension' xlink:type='simple' />
<link:arcroleRef arcroleURI='http://xbrl.org/int/dim/arcrole/dimension-domain' xlink:href='http://www.xbrl.org/2005/xbrldt-2005.xsd#dimension-domain' xlink:type='simple' />
<link:arcroleRef arcroleURI='http://xbrl.org/int/dim/arcrole/dimension-default' xlink:href='http://www.xbrl.org/2005/xbrldt-2005.xsd#dimension-default' xlink:type='simple' />
<link:arcroleRef arcroleURI='http://xbrl.org/int/dim/arcrole/domain-member' xlink:href='http://www.xbrl.org/2005/xbrldt-2005.xsd#domain-member' xlink:type='simple' />
<link:definitionLink xlink:role='http://xbrl.us/us-gaap/role/disclosure/Guarantees' xlink:type='extended'>
<link:loc xlink:href='../elts/us-gaap-2008-03-31.xsd#us-gaap_ScheduleOfGuaranteeObligationsTable' xlink:label='loc_ScheduleOfGuaranteeObligationsTable' xlink:type='locator' />
<link:loc xlink:href='../elts/us-gaap-2008-03-31.xsd#us-gaap_GuaranteeObligationsLineItems' xlink:label='loc_GuaranteeObligationsLineItems' xlink:type='locator' />
<link:definitionArc order='1.0' xbrldt:contextElement='segment' xlink:arcrole='http://xbrl.org/int/dim/arcrole/all' xlink:from='loc_GuaranteeObligationsLineItems' xlink:to='loc_ScheduleOfGuaranteeObligationsTable' xlink:type='arc' />
</link:definitionLink>
<link:definitionLink xlink:role='http://xbrl.us/us-gaap/role/disclosure/Guarantees' xlink:type='extended'>
<link:loc xlink:href='../elts/us-gaap-2008-03-31.xsd#us-gaap_ScheduleOfGuaranteeObligationsTable' xlink:label='loc_ScheduleOfGuaranteeObligationsTable' xlink:type='locator' />
<link:loc xlink:href='../elts/us-gaap-2008-03-31.xsd#us-gaap_GuaranteeObligationsByNatureAxis' xlink:label='loc_GuaranteeObligationsByNatureAxis' xlink:type='locator' />
<link:definitionArc order='1.0' xlink:arcrole='http://xbrl.org/int/dim/arcrole/hypercube-dimension' xlink:from='loc_ScheduleOfGuaranteeObligationsTable' xlink:to='loc_GuaranteeObligationsByNatureAxis' xlink:type='arc' />
</link:definitionLink>
<link:definitionLink xlink:role='http://xbrl.us/us-gaap/role/disclosure/Guarantees' xlink:type='extended'>
<link:loc xlink:href='../elts/us-gaap-2008-03-31.xsd#us-gaap_GuaranteeObligationsByNatureAxis' xlink:label='loc_GuaranteeObligationsByNatureAxis' xlink:type='locator' />
<link:loc xlink:href='../elts/us-gaap-2008-03-31.xsd#us-gaap_GuaranteeObligationsNatureDomain' xlink:label='loc_GuaranteeObligationsNatureDomain' xlink:type='locator' />
<link:definitionArc order='1.0' xlink:arcrole='http://xbrl.org/int/dim/arcrole/dimension-domain' xlink:from='loc_GuaranteeObligationsByNatureAxis' xlink:to='loc_GuaranteeObligationsNatureDomain' xlink:type='arc' />
</link:definitionLink>
<link:definitionLink xlink:role='http://xbrl.us/us-gaap/role/disclosure/Guarantees' xlink:type='extended'>
<link:loc xlink:href='../elts/us-gaap-2008-03-31.xsd#us-gaap_GuaranteeObligationsByNatureAxis' xlink:label='loc_GuaranteeObligationsByNatureAxis' xlink:type='locator' />
<link:loc xlink:href='../elts/us-gaap-2008-03-31.xsd#us-gaap_GuaranteeObligationsNatureDomain' xlink:label='loc_GuaranteeObligationsNatureDomain' xlink:type='locator' />
<link:definitionArc order='1.0' xlink:arcrole='http://xbrl.org/int/dim/arcrole/dimension-default' xlink:from='loc_GuaranteeObligationsByNatureAxis' xlink:to='loc_GuaranteeObligationsNatureDomain' xlink:type='arc' />
</link:definitionLink>
<link:definitionLink xlink:role='http://xbrl.us/us-gaap/role/disclosure/Guarantees' xlink:type='extended'>
<link:loc xlink:href='../elts/us-gaap-2008-03-31.xsd#us-gaap_GuaranteeObligationsLineItems' xlink:label='loc_GuaranteeObligationsLineItems' xlink:type='locator' />
<link:loc xlink:href='../elts/us-gaap-2008-03-31.xsd#us-gaap_GuaranteeObligationsTerm' xlink:label='loc_GuaranteeObligationsTerm' xlink:type='locator' />
<link:loc xlink:href='../elts/us-gaap-2008-03-31.xsd#us-gaap_GuaranteeObligationsOriginAndPurpose' xlink:label='loc_GuaranteeObligationsOriginAndPurpose' xlink:type='locator' />
<link:loc xlink:href='../elts/us-gaap-2008-03-31.xsd#us-gaap_GuaranteeObligationsTriggeringEvent' xlink:label='loc_GuaranteeObligationsTriggeringEvent' xlink:type='locator' />
<link:loc xlink:href='../elts/us-gaap-2008-03-31.xsd#us-gaap_GuaranteeObligationsMaximumExposure' xlink:label='loc_GuaranteeObligationsMaximumExposure' xlink:type='locator' />
<link:loc xlink:href='../elts/us-gaap-2008-03-31.xsd#us-gaap_GuaranteeObligationsUnlimitedExposure' xlink:label='loc_GuaranteeObligationsUnlimitedExposure' xlink:type='locator' />
<link:loc xlink:href='../elts/us-gaap-2008-03-31.xsd#us-gaap_GuaranteeObligationsMaximumExposureInestimable' xlink:label='loc_GuaranteeObligationsMaximumExposureInestimable' xlink:type='locator' />
<link:loc xlink:href='../elts/us-gaap-2008-03-31.xsd#us-gaap_GuaranteeObligationsCurrentCarryingValue' xlink:label='loc_GuaranteeObligationsCurrentCarryingValue' xlink:type='locator' />
<link:loc xlink:href='../elts/us-gaap-2008-03-31.xsd#us-gaap_GuaranteeObligationsCaptionForRecordedLiabilities' xlink:label='loc_GuaranteeObligationsCaptionForRecordedLiabilities' xlink:type='locator' />
<link:loc xlink:href='../elts/us-gaap-2008-03-31.xsd#us-gaap_GuaranteeObligationsRecourseProvisions' xlink:label='loc_GuaranteeObligationsRecourseProvisions' xlink:type='locator' />
<link:loc xlink:href='../elts/us-gaap-2008-03-31.xsd#us-gaap_GuaranteeObligationsLiquidationProceeds' xlink:label='loc_GuaranteeObligationsLiquidationProceeds' xlink:type='locator' />
<link:loc xlink:href='../elts/us-gaap-2008-03-31.xsd#us-gaap_GuaranteeObligationsCollateralHeldDirectlyOrByThirdParties' xlink:label='loc_GuaranteeObligationsCollateralHeldDirectlyOrByThirdParties' xlink:type='locator' />
<link:loc xlink:href='../elts/us-gaap-2008-03-31.xsd#us-gaap_GuaranteeObligationsRelatedPartyDisclosure' xlink:label='loc_GuaranteeObligationsRelatedPartyDisclosure' xlink:type='locator' />
<link:definitionArc order='1.0' xlink:arcrole='http://xbrl.org/int/dim/arcrole/domain-member' xlink:from='loc_GuaranteeObligationsLineItems' xlink:to='loc_GuaranteeObligationsTerm' xlink:type='arc' />
<link:definitionArc order='2.0' xlink:arcrole='http://xbrl.org/int/dim/arcrole/domain-member' xlink:from='loc_GuaranteeObligationsLineItems' xlink:to='loc_GuaranteeObligationsOriginAndPurpose' xlink:type='arc' />
<link:definitionArc order='3.0' xlink:arcrole='http://xbrl.org/int/dim/arcrole/domain-member' xlink:from='loc_GuaranteeObligationsLineItems' xlink:to='loc_GuaranteeObligationsTriggeringEvent' xlink:type='arc' />
<link:definitionArc order='4.0' xlink:arcrole='http://xbrl.org/int/dim/arcrole/domain-member' xlink:from='loc_GuaranteeObligationsLineItems' xlink:to='loc_GuaranteeObligationsMaximumExposure' xlink:type='arc' />
<link:definitionArc order='5.0' xlink:arcrole='http://xbrl.org/int/dim/arcrole/domain-member' xlink:from='loc_GuaranteeObligationsLineItems' xlink:to='loc_GuaranteeObligationsUnlimitedExposure' xlink:type='arc' />
<link:definitionArc order='6.0' xlink:arcrole='http://xbrl.org/int/dim/arcrole/domain-member' xlink:from='loc_GuaranteeObligationsLineItems' xlink:to='loc_GuaranteeObligationsMaximumExposureInestimable' xlink:type='arc' />
<link:definitionArc order='7.0' xlink:arcrole='http://xbrl.org/int/dim/arcrole/domain-member' xlink:from='loc_GuaranteeObligationsLineItems' xlink:to='loc_GuaranteeObligationsCurrentCarryingValue' xlink:type='arc' />
<link:definitionArc order='8.0' xlink:arcrole='http://xbrl.org/int/dim/arcrole/domain-member' xlink:from='loc_GuaranteeObligationsLineItems' xlink:to='loc_GuaranteeObligationsCaptionForRecordedLiabilities' xlink:type='arc' />
<link:definitionArc order='9.0' xlink:arcrole='http://xbrl.org/int/dim/arcrole/domain-member' xlink:from='loc_GuaranteeObligationsLineItems' xlink:to='loc_GuaranteeObligationsRecourseProvisions' xlink:type='arc' />
<link:definitionArc order='10.0' xlink:arcrole='http://xbrl.org/int/dim/arcrole/domain-member' xlink:from='loc_GuaranteeObligationsLineItems' xlink:to='loc_GuaranteeObligationsLiquidationProceeds' xlink:type='arc' />
<link:definitionArc order='11.0' xlink:arcrole='http://xbrl.org/int/dim/arcrole/domain-member' xlink:from='loc_GuaranteeObligationsLineItems' xlink:to='loc_GuaranteeObligationsCollateralHeldDirectlyOrByThirdParties' xlink:type='arc' />
<link:definitionArc order='12.0' xlink:arcrole='http://xbrl.org/int/dim/arcrole/domain-member' xlink:from='loc_GuaranteeObligationsLineItems' xlink:to='loc_GuaranteeObligationsRelatedPartyDisclosure' xlink:type='arc' />
</link:definitionLink>
<link:definitionLink xlink:role='http://xbrl.us/us-gaap/role/disclosure/Guarantees' xlink:type='extended'>
<link:loc xlink:href='../elts/us-gaap-2008-03-31.xsd#us-gaap_GuaranteeObligationsNatureDomain' xlink:label='loc_GuaranteeObligationsNatureDomain' xlink:type='locator' />
<link:loc xlink:href='../elts/us-gaap-2008-03-31.xsd#us-gaap_PaymentGuaranteeMember' xlink:label='loc_PaymentGuaranteeMember' xlink:type='locator' />
<link:loc xlink:href='../elts/us-gaap-2008-03-31.xsd#us-gaap_PerformanceGuaranteeMember' xlink:label='loc_PerformanceGuaranteeMember' xlink:type='locator' />
<link:loc xlink:href='../elts/us-gaap-2008-03-31.xsd#us-gaap_IndemnificationGuaranteeMember' xlink:label='loc_IndemnificationGuaranteeMember' xlink:type='locator' />
<link:loc xlink:href='../elts/us-gaap-2008-03-31.xsd#us-gaap_IndirectGuaranteeOfIndebtednessMember' xlink:label='loc_IndirectGuaranteeOfIndebtednessMember' xlink:type='locator' />
<link:loc xlink:href='../elts/us-gaap-2008-03-31.xsd#us-gaap_FinancialStandbyLetterOfCreditMember' xlink:label='loc_FinancialStandbyLetterOfCreditMember' xlink:type='locator' />
<link:loc xlink:href='../elts/us-gaap-2008-03-31.xsd#us-gaap_MarketValueGuaranteeMember' xlink:label='loc_MarketValueGuaranteeMember' xlink:type='locator' />
<link:loc xlink:href='../elts/us-gaap-2008-03-31.xsd#us-gaap_PropertyLeaseGuaranteeMember' xlink:label='loc_PropertyLeaseGuaranteeMember' xlink:type='locator' />
<link:loc xlink:href='../elts/us-gaap-2008-03-31.xsd#us-gaap_StockMarketPriceGuaranteeMember' xlink:label='loc_StockMarketPriceGuaranteeMember' xlink:type='locator' />
<link:loc xlink:href='../elts/us-gaap-2008-03-31.xsd#us-gaap_GuaranteeOfScheduledContractualCashFlowsFromAssetsOfSpecialPurposeEntitySPEMember' xlink:label='loc_GuaranteeOfScheduledContractualCashFlowsFromAssetsOfSpecialPurposeEntitySPEMember' xlink:type='locator' />
<link:loc xlink:href='../elts/us-gaap-2008-03-31.xsd#us-gaap_GuaranteeOfBusinessRevenueMember' xlink:label='loc_GuaranteeOfBusinessRevenueMember' xlink:type='locator' />
<link:definitionArc order='1.0' xlink:arcrole='http://xbrl.org/int/dim/arcrole/domain-member' xlink:from='loc_GuaranteeObligationsNatureDomain' xlink:to='loc_PaymentGuaranteeMember' xlink:type='arc' />
<link:definitionArc order='2.0' xlink:arcrole='http://xbrl.org/int/dim/arcrole/domain-member' xlink:from='loc_GuaranteeObligationsNatureDomain' xlink:to='loc_PerformanceGuaranteeMember' xlink:type='arc' />
<link:definitionArc order='3.0' xlink:arcrole='http://xbrl.org/int/dim/arcrole/domain-member' xlink:from='loc_GuaranteeObligationsNatureDomain' xlink:to='loc_IndemnificationGuaranteeMember' xlink:type='arc' />
<link:definitionArc order='4.0' xlink:arcrole='http://xbrl.org/int/dim/arcrole/domain-member' xlink:from='loc_GuaranteeObligationsNatureDomain' xlink:to='loc_IndirectGuaranteeOfIndebtednessMember' xlink:type='arc' />
<link:definitionArc order='5.0' xlink:arcrole='http://xbrl.org/int/dim/arcrole/domain-member' xlink:from='loc_PaymentGuaranteeMember' xlink:to='loc_FinancialStandbyLetterOfCreditMember' xlink:type='arc' />
<link:definitionArc order='6.0' xlink:arcrole='http://xbrl.org/int/dim/arcrole/domain-member' xlink:from='loc_PaymentGuaranteeMember' xlink:to='loc_MarketValueGuaranteeMember' xlink:type='arc' />
<link:definitionArc order='7.0' xlink:arcrole='http://xbrl.org/int/dim/arcrole/domain-member' xlink:from='loc_PaymentGuaranteeMember' xlink:to='loc_PropertyLeaseGuaranteeMember' xlink:type='arc' />
<link:definitionArc order='8.0' xlink:arcrole='http://xbrl.org/int/dim/arcrole/domain-member' xlink:from='loc_PaymentGuaranteeMember' xlink:to='loc_StockMarketPriceGuaranteeMember' xlink:type='arc' />
<link:definitionArc order='9.0' xlink:arcrole='http://xbrl.org/int/dim/arcrole/domain-member' xlink:from='loc_PaymentGuaranteeMember' xlink:to='loc_GuaranteeOfScheduledContractualCashFlowsFromAssetsOfSpecialPurposeEntitySPEMember' xlink:type='arc' />
<link:definitionArc order='10.0' xlink:arcrole='http://xbrl.org/int/dim/arcrole/domain-member' xlink:from='loc_PaymentGuaranteeMember' xlink:to='loc_GuaranteeOfBusinessRevenueMember' xlink:type='arc' />
</link:definitionLink>
</link:linkbase>
