<?xml version="1.0" encoding="UTF-8" standalone="no"?>

<!--
Copyright (C) 2007, 2008 XBRL US, Inc. All Rights Reserved.
Authorized Uses are Set Forth at http://xbrl.us/legal
  -->
<link:linkbase xmlns:link='http://www.xbrl.org/2003/linkbase' xmlns:xlink='http://www.w3.org/1999/xlink' xmlns:xsi='http://www.w3.org/2001/XMLSchema-instance' xsi:schemaLocation='http://www.xbrl.org/2003/linkbase http://www.xbrl.org/2003/xbrl-linkbase-2003-12-31.xsd'>
<link:roleRef roleURI='http://xbrl.us/us-gaap/role/disclosure/DebtCalc2' xlink:href='../elts/us-roles-2008-03-31.xsd#debt2' xlink:type='simple' />
<calculationLink xlink:role='http://xbrl.us/us-gaap/role/disclosure/DebtCalc2' xlink:type='extended' xmlns='http://www.xbrl.org/2003/linkbase'>
<link:loc xlink:href='../elts/us-gaap-2008-03-31.xsd#us-gaap_LongTermDebt' xlink:label='loc_LongTermDebt' xlink:type='locator' />
<link:loc xlink:href='../elts/us-gaap-2008-03-31.xsd#us-gaap_LongTermDebtComponentsNotesPayable' xlink:label='loc_LongTermDebtComponentsNotesPayable' xlink:type='locator' />
<link:loc xlink:href='../elts/us-gaap-2008-03-31.xsd#us-gaap_NotesPayableCurrent' xlink:label='loc_NotesPayableCurrent' xlink:type='locator' />
<link:loc xlink:href='../elts/us-gaap-2008-03-31.xsd#us-gaap_LongTermNotesPayable' xlink:label='loc_LongTermNotesPayable' xlink:type='locator' />
<link:loc xlink:href='../elts/us-gaap-2008-03-31.xsd#us-gaap_LongTermDebtComponentsBondsPayable' xlink:label='loc_LongTermDebtComponentsBondsPayable' xlink:type='locator' />
<link:loc xlink:href='../elts/us-gaap-2008-03-31.xsd#us-gaap_LongTermDebtComponentsBondsPayableCurrent' xlink:label='loc_LongTermDebtComponentsBondsPayableCurrent' xlink:type='locator' />
<link:loc xlink:href='../elts/us-gaap-2008-03-31.xsd#us-gaap_LongTermDebtComponentsBondsPayableNoncurrent' xlink:label='loc_LongTermDebtComponentsBondsPayableNoncurrent' xlink:type='locator' />
<link:loc xlink:href='../elts/us-gaap-2008-03-31.xsd#us-gaap_LongTermDebtComponentsCommercialLoans' xlink:label='loc_LongTermDebtComponentsCommercialLoans' xlink:type='locator' />
<link:loc xlink:href='../elts/us-gaap-2008-03-31.xsd#us-gaap_LongTermDebtComponentsCommercialLoansCurrent' xlink:label='loc_LongTermDebtComponentsCommercialLoansCurrent' xlink:type='locator' />
<link:loc xlink:href='../elts/us-gaap-2008-03-31.xsd#us-gaap_LongTermDebtComponentsCommercialLoansNoncurrent' xlink:label='loc_LongTermDebtComponentsCommercialLoansNoncurrent' xlink:type='locator' />
<link:loc xlink:href='../elts/us-gaap-2008-03-31.xsd#us-gaap_LongTermDebtComponentsConvertibleDebt' xlink:label='loc_LongTermDebtComponentsConvertibleDebt' xlink:type='locator' />
<link:loc xlink:href='../elts/us-gaap-2008-03-31.xsd#us-gaap_ConvertibleDebtCurrent' xlink:label='loc_ConvertibleDebtCurrent' xlink:type='locator' />
<link:loc xlink:href='../elts/us-gaap-2008-03-31.xsd#us-gaap_ConvertibleDebtNoncurrent' xlink:label='loc_ConvertibleDebtNoncurrent' xlink:type='locator' />
<link:loc xlink:href='../elts/us-gaap-2008-03-31.xsd#us-gaap_LongTermDebtComponentsMortgageLoans' xlink:label='loc_LongTermDebtComponentsMortgageLoans' xlink:type='locator' />
<link:loc xlink:href='../elts/us-gaap-2008-03-31.xsd#us-gaap_LongTermDebtComponentsMortgageLoansCurrent' xlink:label='loc_LongTermDebtComponentsMortgageLoansCurrent' xlink:type='locator' />
<link:loc xlink:href='../elts/us-gaap-2008-03-31.xsd#us-gaap_LongTermDebtComponentsMortgageLoansNoncurrent' xlink:label='loc_LongTermDebtComponentsMortgageLoansNoncurrent' xlink:type='locator' />
<link:loc xlink:href='../elts/us-gaap-2008-03-31.xsd#us-gaap_LongTermDebtComponentsCreditFacilities' xlink:label='loc_LongTermDebtComponentsCreditFacilities' xlink:type='locator' />
<link:loc xlink:href='../elts/us-gaap-2008-03-31.xsd#us-gaap_LongTermDebtComponentsCreditFacilitiesCurrent' xlink:label='loc_LongTermDebtComponentsCreditFacilitiesCurrent' xlink:type='locator' />
<link:loc xlink:href='../elts/us-gaap-2008-03-31.xsd#us-gaap_LongTermDebtComponentsCreditFacilitiesNoncurrent' xlink:label='loc_LongTermDebtComponentsCreditFacilitiesNoncurrent' xlink:type='locator' />
<link:loc xlink:href='../elts/us-gaap-2008-03-31.xsd#us-gaap_LongTermDebtComponentsOtherDebt' xlink:label='loc_LongTermDebtComponentsOtherDebt' xlink:type='locator' />
<link:loc xlink:href='../elts/us-gaap-2008-03-31.xsd#us-gaap_OtherLongTermDebtCurrent' xlink:label='loc_OtherLongTermDebtCurrent' xlink:type='locator' />
<link:loc xlink:href='../elts/us-gaap-2008-03-31.xsd#us-gaap_OtherLongTermDebtNoncurrent' xlink:label='loc_OtherLongTermDebtNoncurrent' xlink:type='locator' />
<calculationArc order='10' weight='1.0' xlink:arcrole='http://www.xbrl.org/2003/arcrole/summation-item' xlink:from='loc_LongTermDebt' xlink:to='loc_LongTermDebtComponentsNotesPayable' xlink:type='arc' />
<calculationArc order='10' weight='1.0' xlink:arcrole='http://www.xbrl.org/2003/arcrole/summation-item' xlink:from='loc_LongTermDebtComponentsNotesPayable' xlink:to='loc_NotesPayableCurrent' xlink:type='arc' />
<calculationArc order='20' weight='1.0' xlink:arcrole='http://www.xbrl.org/2003/arcrole/summation-item' xlink:from='loc_LongTermDebtComponentsNotesPayable' xlink:to='loc_LongTermNotesPayable' xlink:type='arc' />
<calculationArc order='20' weight='1.0' xlink:arcrole='http://www.xbrl.org/2003/arcrole/summation-item' xlink:from='loc_LongTermDebt' xlink:to='loc_LongTermDebtComponentsBondsPayable' xlink:type='arc' />
<calculationArc order='10' weight='1.0' xlink:arcrole='http://www.xbrl.org/2003/arcrole/summation-item' xlink:from='loc_LongTermDebtComponentsBondsPayable' xlink:to='loc_LongTermDebtComponentsBondsPayableCurrent' xlink:type='arc' />
<calculationArc order='20' weight='1.0' xlink:arcrole='http://www.xbrl.org/2003/arcrole/summation-item' xlink:from='loc_LongTermDebtComponentsBondsPayable' xlink:to='loc_LongTermDebtComponentsBondsPayableNoncurrent' xlink:type='arc' />
<calculationArc order='30' weight='1.0' xlink:arcrole='http://www.xbrl.org/2003/arcrole/summation-item' xlink:from='loc_LongTermDebt' xlink:to='loc_LongTermDebtComponentsCommercialLoans' xlink:type='arc' />
<calculationArc order='10' weight='1.0' xlink:arcrole='http://www.xbrl.org/2003/arcrole/summation-item' xlink:from='loc_LongTermDebtComponentsCommercialLoans' xlink:to='loc_LongTermDebtComponentsCommercialLoansCurrent' xlink:type='arc' />
<calculationArc order='20' weight='1.0' xlink:arcrole='http://www.xbrl.org/2003/arcrole/summation-item' xlink:from='loc_LongTermDebtComponentsCommercialLoans' xlink:to='loc_LongTermDebtComponentsCommercialLoansNoncurrent' xlink:type='arc' />
<calculationArc order='40' weight='1.0' xlink:arcrole='http://www.xbrl.org/2003/arcrole/summation-item' xlink:from='loc_LongTermDebt' xlink:to='loc_LongTermDebtComponentsConvertibleDebt' xlink:type='arc' />
<calculationArc order='10' weight='1.0' xlink:arcrole='http://www.xbrl.org/2003/arcrole/summation-item' xlink:from='loc_LongTermDebtComponentsConvertibleDebt' xlink:to='loc_ConvertibleDebtCurrent' xlink:type='arc' />
<calculationArc order='20' weight='1.0' xlink:arcrole='http://www.xbrl.org/2003/arcrole/summation-item' xlink:from='loc_LongTermDebtComponentsConvertibleDebt' xlink:to='loc_ConvertibleDebtNoncurrent' xlink:type='arc' />
<calculationArc order='50' weight='1.0' xlink:arcrole='http://www.xbrl.org/2003/arcrole/summation-item' xlink:from='loc_LongTermDebt' xlink:to='loc_LongTermDebtComponentsMortgageLoans' xlink:type='arc' />
<calculationArc order='10' weight='1.0' xlink:arcrole='http://www.xbrl.org/2003/arcrole/summation-item' xlink:from='loc_LongTermDebtComponentsMortgageLoans' xlink:to='loc_LongTermDebtComponentsMortgageLoansCurrent' xlink:type='arc' />
<calculationArc order='20' weight='1.0' xlink:arcrole='http://www.xbrl.org/2003/arcrole/summation-item' xlink:from='loc_LongTermDebtComponentsMortgageLoans' xlink:to='loc_LongTermDebtComponentsMortgageLoansNoncurrent' xlink:type='arc' />
<calculationArc order='60' weight='1.0' xlink:arcrole='http://www.xbrl.org/2003/arcrole/summation-item' xlink:from='loc_LongTermDebt' xlink:to='loc_LongTermDebtComponentsCreditFacilities' xlink:type='arc' />
<calculationArc order='10' weight='1.0' xlink:arcrole='http://www.xbrl.org/2003/arcrole/summation-item' xlink:from='loc_LongTermDebtComponentsCreditFacilities' xlink:to='loc_LongTermDebtComponentsCreditFacilitiesCurrent' xlink:type='arc' />
<calculationArc order='20' weight='1.0' xlink:arcrole='http://www.xbrl.org/2003/arcrole/summation-item' xlink:from='loc_LongTermDebtComponentsCreditFacilities' xlink:to='loc_LongTermDebtComponentsCreditFacilitiesNoncurrent' xlink:type='arc' />
<calculationArc order='70' weight='1.0' xlink:arcrole='http://www.xbrl.org/2003/arcrole/summation-item' xlink:from='loc_LongTermDebt' xlink:to='loc_LongTermDebtComponentsOtherDebt' xlink:type='arc' />
<calculationArc order='10' weight='1.0' xlink:arcrole='http://www.xbrl.org/2003/arcrole/summation-item' xlink:from='loc_LongTermDebtComponentsOtherDebt' xlink:to='loc_OtherLongTermDebtCurrent' xlink:type='arc' />
<calculationArc order='20' weight='1.0' xlink:arcrole='http://www.xbrl.org/2003/arcrole/summation-item' xlink:from='loc_LongTermDebtComponentsOtherDebt' xlink:to='loc_OtherLongTermDebtNoncurrent' xlink:type='arc' />
</calculationLink>
</link:linkbase>
