<?xml version="1.0" encoding="UTF-8" standalone="no"?>

<!--
Copyright (C) 2007, 2008 XBRL US, Inc. All Rights Reserved.
Authorized Uses are Set Forth at http://xbrl.us/legal
  -->
<link:linkbase xmlns:link='http://www.xbrl.org/2003/linkbase' xmlns:xlink='http://www.w3.org/1999/xlink' xmlns:xsi='http://www.w3.org/2001/XMLSchema-instance' xsi:schemaLocation='http://www.xbrl.org/2003/linkbase http://www.xbrl.org/2003/xbrl-linkbase-2003-12-31.xsd'>
<link:roleRef roleURI='http://xbrl.us/us-gaap/role/disclosure/Inventory' xlink:href='../elts/us-roles-2008-03-31.xsd#inv' xlink:type='simple' />
<calculationLink xlink:role='http://xbrl.us/us-gaap/role/disclosure/Inventory' xlink:type='extended' xmlns='http://www.xbrl.org/2003/linkbase'>
<link:loc xlink:href='../elts/us-gaap-2008-03-31.xsd#us-gaap_InventoryNet' xlink:label='loc_InventoryNet' xlink:type='locator' />
<link:loc xlink:href='../elts/us-gaap-2008-03-31.xsd#us-gaap_InventoryGross' xlink:label='loc_InventoryGross' xlink:type='locator' />
<link:loc xlink:href='../elts/us-gaap-2008-03-31.xsd#us-gaap_InventoryFinishedGoodsAndWorkInProcess' xlink:label='loc_InventoryFinishedGoodsAndWorkInProcess' xlink:type='locator' />
<link:loc xlink:href='../elts/us-gaap-2008-03-31.xsd#us-gaap_InventoryFinishedGoods' xlink:label='loc_InventoryFinishedGoods' xlink:type='locator' />
<link:loc xlink:href='../elts/us-gaap-2008-03-31.xsd#us-gaap_InventoryWorkInProcess' xlink:label='loc_InventoryWorkInProcess' xlink:type='locator' />
<link:loc xlink:href='../elts/us-gaap-2008-03-31.xsd#us-gaap_InventoryRawMaterialsAndSupplies' xlink:label='loc_InventoryRawMaterialsAndSupplies' xlink:type='locator' />
<link:loc xlink:href='../elts/us-gaap-2008-03-31.xsd#us-gaap_InventoryRawMaterials' xlink:label='loc_InventoryRawMaterials' xlink:type='locator' />
<link:loc xlink:href='../elts/us-gaap-2008-03-31.xsd#us-gaap_OtherInventorySupplies' xlink:label='loc_OtherInventorySupplies' xlink:type='locator' />
<link:loc xlink:href='../elts/us-gaap-2008-03-31.xsd#us-gaap_OtherInventory' xlink:label='loc_OtherInventory' xlink:type='locator' />
<link:loc xlink:href='../elts/us-gaap-2008-03-31.xsd#us-gaap_OtherInventoryMaterialsSuppliesAndMerchandiseUnderConsignment' xlink:label='loc_OtherInventoryMaterialsSuppliesAndMerchandiseUnderConsignment' xlink:type='locator' />
<link:loc xlink:href='../elts/us-gaap-2008-03-31.xsd#us-gaap_OtherInventoryWarehouse' xlink:label='loc_OtherInventoryWarehouse' xlink:type='locator' />
<link:loc xlink:href='../elts/us-gaap-2008-03-31.xsd#us-gaap_OtherInventoryScrap' xlink:label='loc_OtherInventoryScrap' xlink:type='locator' />
<link:loc xlink:href='../elts/us-gaap-2008-03-31.xsd#us-gaap_OtherInventoriesSpareParts' xlink:label='loc_OtherInventoriesSpareParts' xlink:type='locator' />
<link:loc xlink:href='../elts/us-gaap-2008-03-31.xsd#us-gaap_OtherInventoryDemo' xlink:label='loc_OtherInventoryDemo' xlink:type='locator' />
<link:loc xlink:href='../elts/us-gaap-2008-03-31.xsd#us-gaap_OtherInventoryPurchasedGoods' xlink:label='loc_OtherInventoryPurchasedGoods' xlink:type='locator' />
<link:loc xlink:href='../elts/us-gaap-2008-03-31.xsd#us-gaap_OtherInventoryInventoryAtOffSitePremises' xlink:label='loc_OtherInventoryInventoryAtOffSitePremises' xlink:type='locator' />
<link:loc xlink:href='../elts/us-gaap-2008-03-31.xsd#us-gaap_OtherInventoryInTransit' xlink:label='loc_OtherInventoryInTransit' xlink:type='locator' />
<link:loc xlink:href='../elts/us-gaap-2008-03-31.xsd#us-gaap_OtherInventoryCapitalizedCosts' xlink:label='loc_OtherInventoryCapitalizedCosts' xlink:type='locator' />
<link:loc xlink:href='../elts/us-gaap-2008-03-31.xsd#us-gaap_AirlineRelatedInventory' xlink:label='loc_AirlineRelatedInventory' xlink:type='locator' />
<link:loc xlink:href='../elts/us-gaap-2008-03-31.xsd#us-gaap_AirlineRelatedInventoryAircraftFuel' xlink:label='loc_AirlineRelatedInventoryAircraftFuel' xlink:type='locator' />
<link:loc xlink:href='../elts/us-gaap-2008-03-31.xsd#us-gaap_AirlineRelatedInventoryAircraftParts' xlink:label='loc_AirlineRelatedInventoryAircraftParts' xlink:type='locator' />
<link:loc xlink:href='../elts/us-gaap-2008-03-31.xsd#us-gaap_RetailRelatedInventory' xlink:label='loc_RetailRelatedInventory' xlink:type='locator' />
<link:loc xlink:href='../elts/us-gaap-2008-03-31.xsd#us-gaap_RetailRelatedInventoryMerchandise' xlink:label='loc_RetailRelatedInventoryMerchandise' xlink:type='locator' />
<link:loc xlink:href='../elts/us-gaap-2008-03-31.xsd#us-gaap_RetailRelatedInventoryPackagingAndOtherSupplies' xlink:label='loc_RetailRelatedInventoryPackagingAndOtherSupplies' xlink:type='locator' />
<link:loc xlink:href='../elts/us-gaap-2008-03-31.xsd#us-gaap_EnergyRelatedInventory' xlink:label='loc_EnergyRelatedInventory' xlink:type='locator' />
<link:loc xlink:href='../elts/us-gaap-2008-03-31.xsd#us-gaap_EnergyRelatedInventoryPetroleum' xlink:label='loc_EnergyRelatedInventoryPetroleum' xlink:type='locator' />
<link:loc xlink:href='../elts/us-gaap-2008-03-31.xsd#us-gaap_EnergyRelatedInventoryNaturalGasLiquids' xlink:label='loc_EnergyRelatedInventoryNaturalGasLiquids' xlink:type='locator' />
<link:loc xlink:href='../elts/us-gaap-2008-03-31.xsd#us-gaap_EnergyRelatedInventoryNaturalGasInStorage' xlink:label='loc_EnergyRelatedInventoryNaturalGasInStorage' xlink:type='locator' />
<link:loc xlink:href='../elts/us-gaap-2008-03-31.xsd#us-gaap_EnergyRelatedInventoryGasStoredUnderground' xlink:label='loc_EnergyRelatedInventoryGasStoredUnderground' xlink:type='locator' />
<link:loc xlink:href='../elts/us-gaap-2008-03-31.xsd#us-gaap_EnergyRelatedInventoryPropaneGas' xlink:label='loc_EnergyRelatedInventoryPropaneGas' xlink:type='locator' />
<link:loc xlink:href='../elts/us-gaap-2008-03-31.xsd#us-gaap_EnergyRelatedInventoryCoal' xlink:label='loc_EnergyRelatedInventoryCoal' xlink:type='locator' />
<link:loc xlink:href='../elts/us-gaap-2008-03-31.xsd#us-gaap_EnergyRelatedInventoryChemicals' xlink:label='loc_EnergyRelatedInventoryChemicals' xlink:type='locator' />
<link:loc xlink:href='../elts/us-gaap-2008-03-31.xsd#us-gaap_EnergyRelatedInventoryOtherFossilFuel' xlink:label='loc_EnergyRelatedInventoryOtherFossilFuel' xlink:type='locator' />
<link:loc xlink:href='../elts/us-gaap-2008-03-31.xsd#us-gaap_AgriculturalRelatedInventory' xlink:label='loc_AgriculturalRelatedInventory' xlink:type='locator' />
<link:loc xlink:href='../elts/us-gaap-2008-03-31.xsd#us-gaap_AgriculturalRelatedInventoryPlantMaterial' xlink:label='loc_AgriculturalRelatedInventoryPlantMaterial' xlink:type='locator' />
<link:loc xlink:href='../elts/us-gaap-2008-03-31.xsd#us-gaap_AgriculturalRelatedInventoryGrowingCrops' xlink:label='loc_AgriculturalRelatedInventoryGrowingCrops' xlink:type='locator' />
<link:loc xlink:href='../elts/us-gaap-2008-03-31.xsd#us-gaap_AgriculturalRelatedInventoryFeedAndSupplies' xlink:label='loc_AgriculturalRelatedInventoryFeedAndSupplies' xlink:type='locator' />
<link:loc xlink:href='../elts/us-gaap-2008-03-31.xsd#us-gaap_InventoryWorkInProcessAndRawMaterials' xlink:label='loc_InventoryWorkInProcessAndRawMaterials' xlink:type='locator' />
<link:loc xlink:href='../elts/us-gaap-2008-03-31.xsd#us-gaap_InventoryRawMaterialsAndPurchasedParts' xlink:label='loc_InventoryRawMaterialsAndPurchasedParts' xlink:type='locator' />
<link:loc xlink:href='../elts/us-gaap-2008-03-31.xsd#us-gaap_InventoryPartsAndComponents' xlink:label='loc_InventoryPartsAndComponents' xlink:type='locator' />
<link:loc xlink:href='../elts/us-gaap-2008-03-31.xsd#us-gaap_CrudeOilAndNaturalGasLiquids' xlink:label='loc_CrudeOilAndNaturalGasLiquids' xlink:type='locator' />
<link:loc xlink:href='../elts/us-gaap-2008-03-31.xsd#us-gaap_InventoryCrudeOilProductsAndMerchandise' xlink:label='loc_InventoryCrudeOilProductsAndMerchandise' xlink:type='locator' />
<link:loc xlink:href='../elts/us-gaap-2008-03-31.xsd#us-gaap_InventoryForLongTermContractsOrPrograms' xlink:label='loc_InventoryForLongTermContractsOrPrograms' xlink:type='locator' />
<link:loc xlink:href='../elts/us-gaap-2008-03-31.xsd#us-gaap_InventoryAdjustments' xlink:label='loc_InventoryAdjustments' xlink:type='locator' />
<link:loc xlink:href='../elts/us-gaap-2008-03-31.xsd#us-gaap_InventoryValuationReserves' xlink:label='loc_InventoryValuationReserves' xlink:type='locator' />
<link:loc xlink:href='../elts/us-gaap-2008-03-31.xsd#us-gaap_InventoryLIFOReserve' xlink:label='loc_InventoryLIFOReserve' xlink:type='locator' />
<link:loc xlink:href='../elts/us-gaap-2008-03-31.xsd#us-gaap_InventoryNoncurrent' xlink:label='loc_InventoryNoncurrent' xlink:type='locator' />
<link:loc xlink:href='../elts/us-gaap-2008-03-31.xsd#us-gaap_InventoryDrillingNoncurrent' xlink:label='loc_InventoryDrillingNoncurrent' xlink:type='locator' />
<link:loc xlink:href='../elts/us-gaap-2008-03-31.xsd#us-gaap_InventoryGasInStorageUndergroundNoncurrent' xlink:label='loc_InventoryGasInStorageUndergroundNoncurrent' xlink:type='locator' />
<link:loc xlink:href='../elts/us-gaap-2008-03-31.xsd#us-gaap_OtherInventoryNoncurrent' xlink:label='loc_OtherInventoryNoncurrent' xlink:type='locator' />
<link:loc xlink:href='../elts/us-gaap-2008-03-31.xsd#us-gaap_InventoryFinishedGoodsAndWorkInProcessNetOfReserves' xlink:label='loc_InventoryFinishedGoodsAndWorkInProcessNetOfReserves' xlink:type='locator' />
<link:loc xlink:href='../elts/us-gaap-2008-03-31.xsd#us-gaap_InventoryFinishedGoodsNetOfReserves' xlink:label='loc_InventoryFinishedGoodsNetOfReserves' xlink:type='locator' />
<link:loc xlink:href='../elts/us-gaap-2008-03-31.xsd#us-gaap_InventoryWorkInProcessNetOfReserves' xlink:label='loc_InventoryWorkInProcessNetOfReserves' xlink:type='locator' />
<link:loc xlink:href='../elts/us-gaap-2008-03-31.xsd#us-gaap_InventoryRawMaterialsAndSuppliesNetOfReserves' xlink:label='loc_InventoryRawMaterialsAndSuppliesNetOfReserves' xlink:type='locator' />
<link:loc xlink:href='../elts/us-gaap-2008-03-31.xsd#us-gaap_InventoryRawMaterialsNetOfReserves' xlink:label='loc_InventoryRawMaterialsNetOfReserves' xlink:type='locator' />
<link:loc xlink:href='../elts/us-gaap-2008-03-31.xsd#us-gaap_InventorySuppliesNetOfReserves' xlink:label='loc_InventorySuppliesNetOfReserves' xlink:type='locator' />
<calculationArc order='10' use='optional' weight='1.0' xlink:arcrole='http://www.xbrl.org/2003/arcrole/summation-item' xlink:from='loc_InventoryNet' xlink:to='loc_InventoryGross' xlink:type='arc' />
<calculationArc order='10' use='optional' weight='1.0' xlink:arcrole='http://www.xbrl.org/2003/arcrole/summation-item' xlink:from='loc_InventoryGross' xlink:to='loc_InventoryFinishedGoodsAndWorkInProcess' xlink:type='arc' />
<calculationArc order='10' weight='1.0' xlink:arcrole='http://www.xbrl.org/2003/arcrole/summation-item' xlink:from='loc_InventoryFinishedGoodsAndWorkInProcess' xlink:to='loc_InventoryFinishedGoods' xlink:type='arc' />
<calculationArc order='20' use='optional' weight='1.0' xlink:arcrole='http://www.xbrl.org/2003/arcrole/summation-item' xlink:from='loc_InventoryFinishedGoodsAndWorkInProcess' xlink:to='loc_InventoryWorkInProcess' xlink:type='arc' />
<calculationArc order='20' use='optional' weight='1.0' xlink:arcrole='http://www.xbrl.org/2003/arcrole/summation-item' xlink:from='loc_InventoryGross' xlink:to='loc_InventoryRawMaterialsAndSupplies' xlink:type='arc' />
<calculationArc order='10' use='optional' weight='1.0' xlink:arcrole='http://www.xbrl.org/2003/arcrole/summation-item' xlink:from='loc_InventoryRawMaterialsAndSupplies' xlink:to='loc_InventoryRawMaterials' xlink:type='arc' />
<calculationArc order='20' weight='1.0' xlink:arcrole='http://www.xbrl.org/2003/arcrole/summation-item' xlink:from='loc_InventoryRawMaterialsAndSupplies' xlink:to='loc_OtherInventorySupplies' xlink:type='arc' />
<calculationArc order='30' use='optional' weight='1.0' xlink:arcrole='http://www.xbrl.org/2003/arcrole/summation-item' xlink:from='loc_InventoryGross' xlink:to='loc_OtherInventory' xlink:type='arc' />
<calculationArc order='10' use='optional' weight='1.0' xlink:arcrole='http://www.xbrl.org/2003/arcrole/summation-item' xlink:from='loc_OtherInventory' xlink:to='loc_OtherInventoryMaterialsSuppliesAndMerchandiseUnderConsignment' xlink:type='arc' />
<calculationArc order='20' use='optional' weight='1.0' xlink:arcrole='http://www.xbrl.org/2003/arcrole/summation-item' xlink:from='loc_OtherInventory' xlink:to='loc_OtherInventoryWarehouse' xlink:type='arc' />
<calculationArc order='30' use='optional' weight='1.0' xlink:arcrole='http://www.xbrl.org/2003/arcrole/summation-item' xlink:from='loc_OtherInventory' xlink:to='loc_OtherInventoryScrap' xlink:type='arc' />
<calculationArc order='40' weight='1.0' xlink:arcrole='http://www.xbrl.org/2003/arcrole/summation-item' xlink:from='loc_OtherInventory' xlink:to='loc_OtherInventoriesSpareParts' xlink:type='arc' />
<calculationArc order='50' use='optional' weight='1.0' xlink:arcrole='http://www.xbrl.org/2003/arcrole/summation-item' xlink:from='loc_OtherInventory' xlink:to='loc_OtherInventoryDemo' xlink:type='arc' />
<calculationArc order='60' use='optional' weight='1.0' xlink:arcrole='http://www.xbrl.org/2003/arcrole/summation-item' xlink:from='loc_OtherInventory' xlink:to='loc_OtherInventoryPurchasedGoods' xlink:type='arc' />
<calculationArc order='70' use='optional' weight='1.0' xlink:arcrole='http://www.xbrl.org/2003/arcrole/summation-item' xlink:from='loc_OtherInventory' xlink:to='loc_OtherInventoryInventoryAtOffSitePremises' xlink:type='arc' />
<calculationArc order='80' weight='1.0' xlink:arcrole='http://www.xbrl.org/2003/arcrole/summation-item' xlink:from='loc_OtherInventory' xlink:to='loc_OtherInventoryInTransit' xlink:type='arc' />
<calculationArc order='90' weight='1.0' xlink:arcrole='http://www.xbrl.org/2003/arcrole/summation-item' xlink:from='loc_OtherInventory' xlink:to='loc_OtherInventoryCapitalizedCosts' xlink:type='arc' />
<calculationArc order='40' use='optional' weight='1.0' xlink:arcrole='http://www.xbrl.org/2003/arcrole/summation-item' xlink:from='loc_InventoryGross' xlink:to='loc_AirlineRelatedInventory' xlink:type='arc' />
<calculationArc order='10' use='optional' weight='1.0' xlink:arcrole='http://www.xbrl.org/2003/arcrole/summation-item' xlink:from='loc_AirlineRelatedInventory' xlink:to='loc_AirlineRelatedInventoryAircraftFuel' xlink:type='arc' />
<calculationArc order='20' use='optional' weight='1.0' xlink:arcrole='http://www.xbrl.org/2003/arcrole/summation-item' xlink:from='loc_AirlineRelatedInventory' xlink:to='loc_AirlineRelatedInventoryAircraftParts' xlink:type='arc' />
<calculationArc order='50' use='optional' weight='1.0' xlink:arcrole='http://www.xbrl.org/2003/arcrole/summation-item' xlink:from='loc_InventoryGross' xlink:to='loc_RetailRelatedInventory' xlink:type='arc' />
<calculationArc order='10' use='optional' weight='1.0' xlink:arcrole='http://www.xbrl.org/2003/arcrole/summation-item' xlink:from='loc_RetailRelatedInventory' xlink:to='loc_RetailRelatedInventoryMerchandise' xlink:type='arc' />
<calculationArc order='20' use='optional' weight='1.0' xlink:arcrole='http://www.xbrl.org/2003/arcrole/summation-item' xlink:from='loc_RetailRelatedInventory' xlink:to='loc_RetailRelatedInventoryPackagingAndOtherSupplies' xlink:type='arc' />
<calculationArc order='60' use='optional' weight='1.0' xlink:arcrole='http://www.xbrl.org/2003/arcrole/summation-item' xlink:from='loc_InventoryGross' xlink:to='loc_EnergyRelatedInventory' xlink:type='arc' />
<calculationArc order='10' use='optional' weight='1.0' xlink:arcrole='http://www.xbrl.org/2003/arcrole/summation-item' xlink:from='loc_EnergyRelatedInventory' xlink:to='loc_EnergyRelatedInventoryPetroleum' xlink:type='arc' />
<calculationArc order='20' weight='1.0' xlink:arcrole='http://www.xbrl.org/2003/arcrole/summation-item' xlink:from='loc_EnergyRelatedInventory' xlink:to='loc_EnergyRelatedInventoryNaturalGasLiquids' xlink:type='arc' />
<calculationArc order='30' use='optional' weight='1.0' xlink:arcrole='http://www.xbrl.org/2003/arcrole/summation-item' xlink:from='loc_EnergyRelatedInventory' xlink:to='loc_EnergyRelatedInventoryNaturalGasInStorage' xlink:type='arc' />
<calculationArc order='40' weight='1.0' xlink:arcrole='http://www.xbrl.org/2003/arcrole/summation-item' xlink:from='loc_EnergyRelatedInventory' xlink:to='loc_EnergyRelatedInventoryGasStoredUnderground' xlink:type='arc' />
<calculationArc order='50' weight='1.0' xlink:arcrole='http://www.xbrl.org/2003/arcrole/summation-item' xlink:from='loc_EnergyRelatedInventory' xlink:to='loc_EnergyRelatedInventoryPropaneGas' xlink:type='arc' />
<calculationArc order='60' use='optional' weight='1.0' xlink:arcrole='http://www.xbrl.org/2003/arcrole/summation-item' xlink:from='loc_EnergyRelatedInventory' xlink:to='loc_EnergyRelatedInventoryCoal' xlink:type='arc' />
<calculationArc order='70' use='optional' weight='1.0' xlink:arcrole='http://www.xbrl.org/2003/arcrole/summation-item' xlink:from='loc_EnergyRelatedInventory' xlink:to='loc_EnergyRelatedInventoryChemicals' xlink:type='arc' />
<calculationArc order='80' weight='1.0' xlink:arcrole='http://www.xbrl.org/2003/arcrole/summation-item' xlink:from='loc_EnergyRelatedInventory' xlink:to='loc_EnergyRelatedInventoryOtherFossilFuel' xlink:type='arc' />
<calculationArc order='70' use='optional' weight='1.0' xlink:arcrole='http://www.xbrl.org/2003/arcrole/summation-item' xlink:from='loc_InventoryGross' xlink:to='loc_AgriculturalRelatedInventory' xlink:type='arc' />
<calculationArc order='10' use='optional' weight='1.0' xlink:arcrole='http://www.xbrl.org/2003/arcrole/summation-item' xlink:from='loc_AgriculturalRelatedInventory' xlink:to='loc_AgriculturalRelatedInventoryPlantMaterial' xlink:type='arc' />
<calculationArc order='20' use='optional' weight='1.0' xlink:arcrole='http://www.xbrl.org/2003/arcrole/summation-item' xlink:from='loc_AgriculturalRelatedInventory' xlink:to='loc_AgriculturalRelatedInventoryGrowingCrops' xlink:type='arc' />
<calculationArc order='30' use='optional' weight='1.0' xlink:arcrole='http://www.xbrl.org/2003/arcrole/summation-item' xlink:from='loc_AgriculturalRelatedInventory' xlink:to='loc_AgriculturalRelatedInventoryFeedAndSupplies' xlink:type='arc' />
<calculationArc order='80' use='optional' weight='1.0' xlink:arcrole='http://www.xbrl.org/2003/arcrole/summation-item' xlink:from='loc_InventoryGross' xlink:to='loc_InventoryWorkInProcessAndRawMaterials' xlink:type='arc' />
<calculationArc order='90' use='optional' weight='1.0' xlink:arcrole='http://www.xbrl.org/2003/arcrole/summation-item' xlink:from='loc_InventoryGross' xlink:to='loc_InventoryRawMaterialsAndPurchasedParts' xlink:type='arc' />
<calculationArc order='100' use='optional' weight='1.0' xlink:arcrole='http://www.xbrl.org/2003/arcrole/summation-item' xlink:from='loc_InventoryGross' xlink:to='loc_InventoryPartsAndComponents' xlink:type='arc' />
<calculationArc order='110' use='optional' weight='1.0' xlink:arcrole='http://www.xbrl.org/2003/arcrole/summation-item' xlink:from='loc_InventoryGross' xlink:to='loc_CrudeOilAndNaturalGasLiquids' xlink:type='arc' />
<calculationArc order='120' weight='1.0' xlink:arcrole='http://www.xbrl.org/2003/arcrole/summation-item' xlink:from='loc_InventoryGross' xlink:to='loc_InventoryCrudeOilProductsAndMerchandise' xlink:type='arc' />
<calculationArc order='130' weight='1.0' xlink:arcrole='http://www.xbrl.org/2003/arcrole/summation-item' xlink:from='loc_InventoryGross' xlink:to='loc_InventoryForLongTermContractsOrPrograms' xlink:type='arc' />
<calculationArc order='20' weight='-1.0' xlink:arcrole='http://www.xbrl.org/2003/arcrole/summation-item' xlink:from='loc_InventoryNet' xlink:to='loc_InventoryAdjustments' xlink:type='arc' />
<calculationArc order='10' weight='1.0' xlink:arcrole='http://www.xbrl.org/2003/arcrole/summation-item' xlink:from='loc_InventoryAdjustments' xlink:to='loc_InventoryValuationReserves' xlink:type='arc' />
<calculationArc order='20' weight='1.0' xlink:arcrole='http://www.xbrl.org/2003/arcrole/summation-item' xlink:from='loc_InventoryAdjustments' xlink:to='loc_InventoryLIFOReserve' xlink:type='arc' />
<calculationArc order='10' weight='1.0' xlink:arcrole='http://www.xbrl.org/2003/arcrole/summation-item' xlink:from='loc_InventoryNoncurrent' xlink:to='loc_InventoryDrillingNoncurrent' xlink:type='arc' />
<calculationArc order='20' weight='1.0' xlink:arcrole='http://www.xbrl.org/2003/arcrole/summation-item' xlink:from='loc_InventoryNoncurrent' xlink:to='loc_InventoryGasInStorageUndergroundNoncurrent' xlink:type='arc' />
<calculationArc order='30' weight='1.0' xlink:arcrole='http://www.xbrl.org/2003/arcrole/summation-item' xlink:from='loc_InventoryNoncurrent' xlink:to='loc_OtherInventoryNoncurrent' xlink:type='arc' />
<calculationArc order='10' weight='1.0' xlink:arcrole='http://www.xbrl.org/2003/arcrole/summation-item' xlink:from='loc_InventoryFinishedGoodsAndWorkInProcessNetOfReserves' xlink:to='loc_InventoryFinishedGoodsNetOfReserves' xlink:type='arc' />
<calculationArc order='20' weight='1.0' xlink:arcrole='http://www.xbrl.org/2003/arcrole/summation-item' xlink:from='loc_InventoryFinishedGoodsAndWorkInProcessNetOfReserves' xlink:to='loc_InventoryWorkInProcessNetOfReserves' xlink:type='arc' />
<calculationArc order='10' weight='1.0' xlink:arcrole='http://www.xbrl.org/2003/arcrole/summation-item' xlink:from='loc_InventoryRawMaterialsAndSuppliesNetOfReserves' xlink:to='loc_InventoryRawMaterialsNetOfReserves' xlink:type='arc' />
<calculationArc order='20' weight='1.0' xlink:arcrole='http://www.xbrl.org/2003/arcrole/summation-item' xlink:from='loc_InventoryRawMaterialsAndSuppliesNetOfReserves' xlink:to='loc_InventorySuppliesNetOfReserves' xlink:type='arc' />
</calculationLink>
</link:linkbase>
