<?xml version="1.0" encoding="UTF-8" standalone="no"?>

<!--
Copyright (C) 2007, 2008 XBRL US, Inc. All Rights Reserved.
Authorized Uses are Set Forth at http://xbrl.us/legal
  -->
<link:linkbase xmlns:link='http://www.xbrl.org/2003/linkbase' xmlns:xlink='http://www.w3.org/1999/xlink' xmlns:xsi='http://www.w3.org/2001/XMLSchema-instance' xsi:schemaLocation='http://www.xbrl.org/2003/linkbase http://www.xbrl.org/2003/xbrl-linkbase-2003-12-31.xsd'>
<link:roleRef roleURI='http://xbrl.us/us-gaap/role/disclosure/OtherLiabilitiesCalc3' xlink:href='../elts/us-roles-2008-03-31.xsd#othliab3' xlink:type='simple' />
<calculationLink xlink:role='http://xbrl.us/us-gaap/role/disclosure/OtherLiabilitiesCalc3' xlink:type='extended' xmlns='http://www.xbrl.org/2003/linkbase'>
<link:loc xlink:href='../elts/us-gaap-2008-03-31.xsd#us-gaap_ExtendedProductWarrantyAccrual' xlink:label='loc_ExtendedProductWarrantyAccrual' xlink:type='locator' />
<link:loc xlink:href='../elts/us-gaap-2008-03-31.xsd#us-gaap_ExtendedProductWarrantyAccrualCurrent' xlink:label='loc_ExtendedProductWarrantyAccrualCurrent' xlink:type='locator' />
<link:loc xlink:href='../elts/us-gaap-2008-03-31.xsd#us-gaap_ExtendedProductWarrantyAccrualNoncurrent' xlink:label='loc_ExtendedProductWarrantyAccrualNoncurrent' xlink:type='locator' />
<link:loc xlink:href='../elts/us-gaap-2008-03-31.xsd#us-gaap_StandardProductWarrantyAccrual' xlink:label='loc_StandardProductWarrantyAccrual' xlink:type='locator' />
<link:loc xlink:href='../elts/us-gaap-2008-03-31.xsd#us-gaap_StandardProductWarrantyAccrualCurrent' xlink:label='loc_StandardProductWarrantyAccrualCurrent' xlink:type='locator' />
<link:loc xlink:href='../elts/us-gaap-2008-03-31.xsd#us-gaap_StandardProductWarrantyAccrualNoncurrent' xlink:label='loc_StandardProductWarrantyAccrualNoncurrent' xlink:type='locator' />
<calculationArc order='10' use='optional' weight='1.0' xlink:arcrole='http://www.xbrl.org/2003/arcrole/summation-item' xlink:from='loc_ExtendedProductWarrantyAccrual' xlink:to='loc_ExtendedProductWarrantyAccrualCurrent' xlink:type='arc' />
<calculationArc order='20' use='optional' weight='1.0' xlink:arcrole='http://www.xbrl.org/2003/arcrole/summation-item' xlink:from='loc_ExtendedProductWarrantyAccrual' xlink:to='loc_ExtendedProductWarrantyAccrualNoncurrent' xlink:type='arc' />
<calculationArc order='10' use='optional' weight='1.0' xlink:arcrole='http://www.xbrl.org/2003/arcrole/summation-item' xlink:from='loc_StandardProductWarrantyAccrual' xlink:to='loc_StandardProductWarrantyAccrualCurrent' xlink:type='arc' />
<calculationArc order='20' use='optional' weight='1.0' xlink:arcrole='http://www.xbrl.org/2003/arcrole/summation-item' xlink:from='loc_StandardProductWarrantyAccrual' xlink:to='loc_StandardProductWarrantyAccrualNoncurrent' xlink:type='arc' />
</calculationLink>
</link:linkbase>
