<?xml version="1.0" encoding="UTF-8" standalone="no"?>

<!--
Copyright (C) 2007, 2008 XBRL US, Inc. All Rights Reserved.
Authorized Uses are Set Forth at http://xbrl.us/legal
  -->
<link:linkbase xmlns:link='http://www.xbrl.org/2003/linkbase' xmlns:xlink='http://www.w3.org/1999/xlink' xmlns:xsi='http://www.w3.org/2001/XMLSchema-instance' xsi:schemaLocation='http://www.xbrl.org/2003/linkbase http://www.xbrl.org/2003/xbrl-linkbase-2003-12-31.xsd'>
<link:roleRef roleURI='http://xbrl.us/us-gaap/role/disclosure/AccountingChangesAndErrorCorrections' xlink:href='../elts/us-roles-2008-03-31.xsd#acec' xlink:type='simple' />
<calculationLink xlink:role='http://xbrl.us/us-gaap/role/disclosure/AccountingChangesAndErrorCorrections' xlink:type='extended' xmlns='http://www.xbrl.org/2003/linkbase'>
<link:loc xlink:href='../elts/us-gaap-2008-03-31.xsd#us-gaap_OtherComprehensiveIncomeCumulativeEffectOfChangeInAccountingPrincipleNetOfTaxes' xlink:label='loc_OtherComprehensiveIncomeCumulativeEffectOfChangeInAccountingPrincipleNetOfTaxes' xlink:type='locator' />
<link:loc xlink:href='../elts/us-gaap-2008-03-31.xsd#us-gaap_OtherComprehensiveIncomeCumulativeEffectOfChangeInAccountingPrincipleBeforeTaxes' xlink:label='loc_OtherComprehensiveIncomeCumulativeEffectOfChangeInAccountingPrincipleBeforeTaxes' xlink:type='locator' />
<link:loc xlink:href='../elts/us-gaap-2008-03-31.xsd#us-gaap_OtherComprehensiveIncomeCumulativeEffectOfChangeInAccountingPrincipleTaxes' xlink:label='loc_OtherComprehensiveIncomeCumulativeEffectOfChangeInAccountingPrincipleTaxes' xlink:type='locator' />
<link:loc xlink:href='../elts/us-gaap-2008-03-31.xsd#us-gaap_CumulativeEffectOfChangeInAccountingPrinciplePresentedOnIncomeStatementNetOfTax' xlink:label='loc_CumulativeEffectOfChangeInAccountingPrinciplePresentedOnIncomeStatementNetOfTax' xlink:type='locator' />
<link:loc xlink:href='../elts/us-gaap-2008-03-31.xsd#us-gaap_CumulativeEffectOfChangeInAccountingPrinciplePresentedOnIncomeStatementBeforeTax' xlink:label='loc_CumulativeEffectOfChangeInAccountingPrinciplePresentedOnIncomeStatementBeforeTax' xlink:type='locator' />
<link:loc xlink:href='../elts/us-gaap-2008-03-31.xsd#us-gaap_CumulativeEffectOfChangeInAccountingPrinciplePresentedOnIncomeStatementTax' xlink:label='loc_CumulativeEffectOfChangeInAccountingPrinciplePresentedOnIncomeStatementTax' xlink:type='locator' />
<link:loc xlink:href='../elts/us-gaap-2008-03-31.xsd#us-gaap_CumulativeEffectOfChangeInAccountingPrincipleTabularPresentationByFinancialStatementLineItemRestatedAmount' xlink:label='loc_CumulativeEffectOfChangeInAccountingPrincipleTabularPresentationByFinancialStatementLineItemRestatedAmount' xlink:type='locator' />
<link:loc xlink:href='../elts/us-gaap-2008-03-31.xsd#us-gaap_CumulativeEffectOfChangeInAccountingPrincipleTabularPresentationByFinancialStatementLineItemPreviouslyReportedAmount' xlink:label='loc_CumulativeEffectOfChangeInAccountingPrincipleTabularPresentationByFinancialStatementLineItemPreviouslyReportedAmount' xlink:type='locator' />
<link:loc xlink:href='../elts/us-gaap-2008-03-31.xsd#us-gaap_CumulativeEffectOfChangeInAccountingPrincipleTabularPresentationByFinancialStatementLineItemAdjustmentAmount' xlink:label='loc_CumulativeEffectOfChangeInAccountingPrincipleTabularPresentationByFinancialStatementLineItemAdjustmentAmount' xlink:type='locator' />
<link:loc xlink:href='../elts/us-gaap-2008-03-31.xsd#us-gaap_RetrospectiveEffectOfChangeInAccountingPrincipleTabularPresentationByFinancialStatementLineItemAmountAfterApplication' xlink:label='loc_RetrospectiveEffectOfChangeInAccountingPrincipleTabularPresentationByFinancialStatementLineItemAmountAfterApplication' xlink:type='locator' />
<link:loc xlink:href='../elts/us-gaap-2008-03-31.xsd#us-gaap_RetrospectiveEffectOfChangeInAccountingPrincipleTabularPresentationByFinancialStatementLineItemAmountOfApplicationAdjustment' xlink:label='loc_RetrospectiveEffectOfChangeInAccountingPrincipleTabularPresentationByFinancialStatementLineItemAmountOfApplicationAdjustment' xlink:type='locator' />
<link:loc xlink:href='../elts/us-gaap-2008-03-31.xsd#us-gaap_RetrospectiveEffectOfChangeInAccountingPrincipleTabularPresentationByFinancialStatementLineItemAmountBeforeApplication' xlink:label='loc_RetrospectiveEffectOfChangeInAccountingPrincipleTabularPresentationByFinancialStatementLineItemAmountBeforeApplication' xlink:type='locator' />
<calculationArc order='10' weight='1.0' xlink:arcrole='http://www.xbrl.org/2003/arcrole/summation-item' xlink:from='loc_OtherComprehensiveIncomeCumulativeEffectOfChangeInAccountingPrincipleNetOfTaxes' xlink:to='loc_OtherComprehensiveIncomeCumulativeEffectOfChangeInAccountingPrincipleBeforeTaxes' xlink:type='arc' />
<calculationArc order='20' weight='-1.0' xlink:arcrole='http://www.xbrl.org/2003/arcrole/summation-item' xlink:from='loc_OtherComprehensiveIncomeCumulativeEffectOfChangeInAccountingPrincipleNetOfTaxes' xlink:to='loc_OtherComprehensiveIncomeCumulativeEffectOfChangeInAccountingPrincipleTaxes' xlink:type='arc' />
<calculationArc order='10' weight='1.0' xlink:arcrole='http://www.xbrl.org/2003/arcrole/summation-item' xlink:from='loc_CumulativeEffectOfChangeInAccountingPrinciplePresentedOnIncomeStatementNetOfTax' xlink:to='loc_CumulativeEffectOfChangeInAccountingPrinciplePresentedOnIncomeStatementBeforeTax' xlink:type='arc' />
<calculationArc order='20' weight='-1.0' xlink:arcrole='http://www.xbrl.org/2003/arcrole/summation-item' xlink:from='loc_CumulativeEffectOfChangeInAccountingPrinciplePresentedOnIncomeStatementNetOfTax' xlink:to='loc_CumulativeEffectOfChangeInAccountingPrinciplePresentedOnIncomeStatementTax' xlink:type='arc' />
<calculationArc order='10' weight='1.0' xlink:arcrole='http://www.xbrl.org/2003/arcrole/summation-item' xlink:from='loc_CumulativeEffectOfChangeInAccountingPrincipleTabularPresentationByFinancialStatementLineItemRestatedAmount' xlink:to='loc_CumulativeEffectOfChangeInAccountingPrincipleTabularPresentationByFinancialStatementLineItemPreviouslyReportedAmount' xlink:type='arc' />
<calculationArc order='20' weight='1.0' xlink:arcrole='http://www.xbrl.org/2003/arcrole/summation-item' xlink:from='loc_CumulativeEffectOfChangeInAccountingPrincipleTabularPresentationByFinancialStatementLineItemRestatedAmount' xlink:to='loc_CumulativeEffectOfChangeInAccountingPrincipleTabularPresentationByFinancialStatementLineItemAdjustmentAmount' xlink:type='arc' />
<calculationArc order='10' weight='1.0' xlink:arcrole='http://www.xbrl.org/2003/arcrole/summation-item' xlink:from='loc_RetrospectiveEffectOfChangeInAccountingPrincipleTabularPresentationByFinancialStatementLineItemAmountAfterApplication' xlink:to='loc_RetrospectiveEffectOfChangeInAccountingPrincipleTabularPresentationByFinancialStatementLineItemAmountOfApplicationAdjustment' xlink:type='arc' />
<calculationArc order='20' weight='1.0' xlink:arcrole='http://www.xbrl.org/2003/arcrole/summation-item' xlink:from='loc_RetrospectiveEffectOfChangeInAccountingPrincipleTabularPresentationByFinancialStatementLineItemAmountAfterApplication' xlink:to='loc_RetrospectiveEffectOfChangeInAccountingPrincipleTabularPresentationByFinancialStatementLineItemAmountBeforeApplication' xlink:type='arc' />
</calculationLink>
</link:linkbase>
