<?xml version="1.0" encoding="UTF-8" standalone="no"?>

<!--
Copyright (C) 2007, 2008 XBRL US, Inc. All Rights Reserved.
Authorized Uses are Set Forth at http://xbrl.us/legal
  -->
<link:linkbase xmlns:link='http://www.xbrl.org/2003/linkbase' xmlns:xlink='http://www.w3.org/1999/xlink' xmlns:xsi='http://www.w3.org/2001/XMLSchema-instance' xsi:schemaLocation='http://www.xbrl.org/2003/linkbase http://www.xbrl.org/2003/xbrl-linkbase-2003-12-31.xsd'>
<link:roleRef roleURI='http://xbrl.us/us-gaap/role/disclosure/Inventory' xlink:href='../elts/us-roles-2008-03-31.xsd#inv' xlink:type='simple' />
<presentationLink xlink:role='http://xbrl.us/us-gaap/role/disclosure/Inventory' xlink:type='extended' xmlns='http://www.xbrl.org/2003/linkbase'>
<link:loc xlink:href='../elts/us-gaap-2008-03-31.xsd#us-gaap_InventoryDisclosureTextBlock' xlink:label='loc_InventoryDisclosureTextBlock' xlink:type='locator' />
<link:loc xlink:href='../elts/us-gaap-2008-03-31.xsd#us-gaap_InventoryNetAbstract' xlink:label='loc_InventoryNetAbstract' xlink:type='locator' />
<link:loc xlink:href='../elts/us-gaap-2008-03-31.xsd#us-gaap_InventoryGrossAbstract' xlink:label='loc_InventoryGrossAbstract' xlink:type='locator' />
<link:loc xlink:href='../elts/us-gaap-2008-03-31.xsd#us-gaap_InventoryFinishedGoodsAndWorkInProcessAbstract' xlink:label='loc_InventoryFinishedGoodsAndWorkInProcessAbstract' xlink:type='locator' />
<link:loc xlink:href='../elts/us-gaap-2008-03-31.xsd#us-gaap_InventoryFinishedGoods' xlink:label='loc_InventoryFinishedGoods' xlink:type='locator' />
<link:loc xlink:href='../elts/us-gaap-2008-03-31.xsd#us-gaap_InventoryWorkInProcess' xlink:label='loc_InventoryWorkInProcess' xlink:type='locator' />
<link:loc xlink:href='../elts/us-gaap-2008-03-31.xsd#us-gaap_InventoryFinishedGoodsAndWorkInProcess' xlink:label='loc_InventoryFinishedGoodsAndWorkInProcess' xlink:type='locator' />
<link:loc xlink:href='../elts/us-gaap-2008-03-31.xsd#us-gaap_InventoryRawMaterialsAndSuppliesAbstract' xlink:label='loc_InventoryRawMaterialsAndSuppliesAbstract' xlink:type='locator' />
<link:loc xlink:href='../elts/us-gaap-2008-03-31.xsd#us-gaap_InventoryRawMaterials' xlink:label='loc_InventoryRawMaterials' xlink:type='locator' />
<link:loc xlink:href='../elts/us-gaap-2008-03-31.xsd#us-gaap_OtherInventorySupplies' xlink:label='loc_OtherInventorySupplies' xlink:type='locator' />
<link:loc xlink:href='../elts/us-gaap-2008-03-31.xsd#us-gaap_InventoryRawMaterialsAndSupplies' xlink:label='loc_InventoryRawMaterialsAndSupplies' xlink:type='locator' />
<link:loc xlink:href='../elts/us-gaap-2008-03-31.xsd#us-gaap_OtherInventoryAbstract' xlink:label='loc_OtherInventoryAbstract' xlink:type='locator' />
<link:loc xlink:href='../elts/us-gaap-2008-03-31.xsd#us-gaap_OtherInventoryMaterialsSuppliesAndMerchandiseUnderConsignment' xlink:label='loc_OtherInventoryMaterialsSuppliesAndMerchandiseUnderConsignment' xlink:type='locator' />
<link:loc xlink:href='../elts/us-gaap-2008-03-31.xsd#us-gaap_OtherInventoryWarehouse' xlink:label='loc_OtherInventoryWarehouse' xlink:type='locator' />
<link:loc xlink:href='../elts/us-gaap-2008-03-31.xsd#us-gaap_OtherInventoryScrap' xlink:label='loc_OtherInventoryScrap' xlink:type='locator' />
<link:loc xlink:href='../elts/us-gaap-2008-03-31.xsd#us-gaap_OtherInventoriesSpareParts' xlink:label='loc_OtherInventoriesSpareParts' xlink:type='locator' />
<link:loc xlink:href='../elts/us-gaap-2008-03-31.xsd#us-gaap_OtherInventoryDemo' xlink:label='loc_OtherInventoryDemo' xlink:type='locator' />
<link:loc xlink:href='../elts/us-gaap-2008-03-31.xsd#us-gaap_OtherInventoryPurchasedGoods' xlink:label='loc_OtherInventoryPurchasedGoods' xlink:type='locator' />
<link:loc xlink:href='../elts/us-gaap-2008-03-31.xsd#us-gaap_OtherInventoryInventoryAtOffSitePremises' xlink:label='loc_OtherInventoryInventoryAtOffSitePremises' xlink:type='locator' />
<link:loc xlink:href='../elts/us-gaap-2008-03-31.xsd#us-gaap_OtherInventoryInTransit' xlink:label='loc_OtherInventoryInTransit' xlink:type='locator' />
<link:loc xlink:href='../elts/us-gaap-2008-03-31.xsd#us-gaap_OtherInventoryCapitalizedCosts' xlink:label='loc_OtherInventoryCapitalizedCosts' xlink:type='locator' />
<link:loc xlink:href='../elts/us-gaap-2008-03-31.xsd#us-gaap_OtherInventory' xlink:label='loc_OtherInventory' xlink:type='locator' />
<link:loc xlink:href='../elts/us-gaap-2008-03-31.xsd#us-gaap_AirlineRelatedInventoryAbstract' xlink:label='loc_AirlineRelatedInventoryAbstract' xlink:type='locator' />
<link:loc xlink:href='../elts/us-gaap-2008-03-31.xsd#us-gaap_AirlineRelatedInventoryAircraftFuel' xlink:label='loc_AirlineRelatedInventoryAircraftFuel' xlink:type='locator' />
<link:loc xlink:href='../elts/us-gaap-2008-03-31.xsd#us-gaap_AirlineRelatedInventoryAircraftParts' xlink:label='loc_AirlineRelatedInventoryAircraftParts' xlink:type='locator' />
<link:loc xlink:href='../elts/us-gaap-2008-03-31.xsd#us-gaap_AirlineRelatedInventory' xlink:label='loc_AirlineRelatedInventory' xlink:type='locator' />
<link:loc xlink:href='../elts/us-gaap-2008-03-31.xsd#us-gaap_RetailRelatedInventoryAbstract' xlink:label='loc_RetailRelatedInventoryAbstract' xlink:type='locator' />
<link:loc xlink:href='../elts/us-gaap-2008-03-31.xsd#us-gaap_RetailRelatedInventoryMerchandise' xlink:label='loc_RetailRelatedInventoryMerchandise' xlink:type='locator' />
<link:loc xlink:href='../elts/us-gaap-2008-03-31.xsd#us-gaap_RetailRelatedInventoryPackagingAndOtherSupplies' xlink:label='loc_RetailRelatedInventoryPackagingAndOtherSupplies' xlink:type='locator' />
<link:loc xlink:href='../elts/us-gaap-2008-03-31.xsd#us-gaap_RetailRelatedInventory' xlink:label='loc_RetailRelatedInventory' xlink:type='locator' />
<link:loc xlink:href='../elts/us-gaap-2008-03-31.xsd#us-gaap_EnergyRelatedInventoryAbstract' xlink:label='loc_EnergyRelatedInventoryAbstract' xlink:type='locator' />
<link:loc xlink:href='../elts/us-gaap-2008-03-31.xsd#us-gaap_EnergyRelatedInventoryPetroleum' xlink:label='loc_EnergyRelatedInventoryPetroleum' xlink:type='locator' />
<link:loc xlink:href='../elts/us-gaap-2008-03-31.xsd#us-gaap_EnergyRelatedInventoryNaturalGasLiquids' xlink:label='loc_EnergyRelatedInventoryNaturalGasLiquids' xlink:type='locator' />
<link:loc xlink:href='../elts/us-gaap-2008-03-31.xsd#us-gaap_EnergyRelatedInventoryNaturalGasInStorage' xlink:label='loc_EnergyRelatedInventoryNaturalGasInStorage' xlink:type='locator' />
<link:loc xlink:href='../elts/us-gaap-2008-03-31.xsd#us-gaap_EnergyRelatedInventoryGasStoredUnderground' xlink:label='loc_EnergyRelatedInventoryGasStoredUnderground' xlink:type='locator' />
<link:loc xlink:href='../elts/us-gaap-2008-03-31.xsd#us-gaap_EnergyRelatedInventoryPropaneGas' xlink:label='loc_EnergyRelatedInventoryPropaneGas' xlink:type='locator' />
<link:loc xlink:href='../elts/us-gaap-2008-03-31.xsd#us-gaap_EnergyRelatedInventoryCoal' xlink:label='loc_EnergyRelatedInventoryCoal' xlink:type='locator' />
<link:loc xlink:href='../elts/us-gaap-2008-03-31.xsd#us-gaap_EnergyRelatedInventoryChemicals' xlink:label='loc_EnergyRelatedInventoryChemicals' xlink:type='locator' />
<link:loc xlink:href='../elts/us-gaap-2008-03-31.xsd#us-gaap_EnergyRelatedInventoryOtherFossilFuel' xlink:label='loc_EnergyRelatedInventoryOtherFossilFuel' xlink:type='locator' />
<link:loc xlink:href='../elts/us-gaap-2008-03-31.xsd#us-gaap_EnergyRelatedInventory' xlink:label='loc_EnergyRelatedInventory' xlink:type='locator' />
<link:loc xlink:href='../elts/us-gaap-2008-03-31.xsd#us-gaap_AgriculturalRelatedInventoryAbstract' xlink:label='loc_AgriculturalRelatedInventoryAbstract' xlink:type='locator' />
<link:loc xlink:href='../elts/us-gaap-2008-03-31.xsd#us-gaap_AgriculturalRelatedInventoryPlantMaterial' xlink:label='loc_AgriculturalRelatedInventoryPlantMaterial' xlink:type='locator' />
<link:loc xlink:href='../elts/us-gaap-2008-03-31.xsd#us-gaap_AgriculturalRelatedInventoryGrowingCrops' xlink:label='loc_AgriculturalRelatedInventoryGrowingCrops' xlink:type='locator' />
<link:loc xlink:href='../elts/us-gaap-2008-03-31.xsd#us-gaap_AgriculturalRelatedInventoryFeedAndSupplies' xlink:label='loc_AgriculturalRelatedInventoryFeedAndSupplies' xlink:type='locator' />
<link:loc xlink:href='../elts/us-gaap-2008-03-31.xsd#us-gaap_AgriculturalRelatedInventory' xlink:label='loc_AgriculturalRelatedInventory' xlink:type='locator' />
<link:loc xlink:href='../elts/us-gaap-2008-03-31.xsd#us-gaap_InventoryWorkInProcessAndRawMaterials' xlink:label='loc_InventoryWorkInProcessAndRawMaterials' xlink:type='locator' />
<link:loc xlink:href='../elts/us-gaap-2008-03-31.xsd#us-gaap_InventoryRawMaterialsAndPurchasedParts' xlink:label='loc_InventoryRawMaterialsAndPurchasedParts' xlink:type='locator' />
<link:loc xlink:href='../elts/us-gaap-2008-03-31.xsd#us-gaap_InventoryPartsAndComponents' xlink:label='loc_InventoryPartsAndComponents' xlink:type='locator' />
<link:loc xlink:href='../elts/us-gaap-2008-03-31.xsd#us-gaap_CrudeOilAndNaturalGasLiquids' xlink:label='loc_CrudeOilAndNaturalGasLiquids' xlink:type='locator' />
<link:loc xlink:href='../elts/us-gaap-2008-03-31.xsd#us-gaap_InventoryCrudeOilProductsAndMerchandise' xlink:label='loc_InventoryCrudeOilProductsAndMerchandise' xlink:type='locator' />
<link:loc xlink:href='../elts/us-gaap-2008-03-31.xsd#us-gaap_InventoryForLongTermContractsOrPrograms' xlink:label='loc_InventoryForLongTermContractsOrPrograms' xlink:type='locator' />
<link:loc xlink:href='../elts/us-gaap-2008-03-31.xsd#us-gaap_InventoryGross' xlink:label='loc_InventoryGross' xlink:type='locator' />
<link:loc xlink:href='../elts/us-gaap-2008-03-31.xsd#us-gaap_InventoryAdjustmentsAbstract' xlink:label='loc_InventoryAdjustmentsAbstract' xlink:type='locator' />
<link:loc xlink:href='../elts/us-gaap-2008-03-31.xsd#us-gaap_InventoryValuationReserves' xlink:label='loc_InventoryValuationReserves' xlink:type='locator' />
<link:loc xlink:href='../elts/us-gaap-2008-03-31.xsd#us-gaap_InventoryLIFOReserve' xlink:label='loc_InventoryLIFOReserve' xlink:type='locator' />
<link:loc xlink:href='../elts/us-gaap-2008-03-31.xsd#us-gaap_InventoryAdjustments' xlink:label='loc_InventoryAdjustments' xlink:type='locator' />
<link:loc xlink:href='../elts/us-gaap-2008-03-31.xsd#us-gaap_InventoryNet' xlink:label='loc_InventoryNet' xlink:type='locator' />
<link:loc xlink:href='../elts/us-gaap-2008-03-31.xsd#us-gaap_InventoryNetItemsNetOfReserveAlternativeAbstract' xlink:label='loc_InventoryNetItemsNetOfReserveAlternativeAbstract' xlink:type='locator' />
<link:loc xlink:href='../elts/us-gaap-2008-03-31.xsd#us-gaap_InventoryFinishedGoodsAndWorkInProcessNetOfReservesAbstract' xlink:label='loc_InventoryFinishedGoodsAndWorkInProcessNetOfReservesAbstract' xlink:type='locator' />
<link:loc xlink:href='../elts/us-gaap-2008-03-31.xsd#us-gaap_InventoryFinishedGoodsNetOfReserves' xlink:label='loc_InventoryFinishedGoodsNetOfReserves' xlink:type='locator' />
<link:loc xlink:href='../elts/us-gaap-2008-03-31.xsd#us-gaap_InventoryWorkInProcessNetOfReserves' xlink:label='loc_InventoryWorkInProcessNetOfReserves' xlink:type='locator' />
<link:loc xlink:href='../elts/us-gaap-2008-03-31.xsd#us-gaap_InventoryFinishedGoodsAndWorkInProcessNetOfReserves' xlink:label='loc_InventoryFinishedGoodsAndWorkInProcessNetOfReserves' xlink:type='locator' />
<link:loc xlink:href='../elts/us-gaap-2008-03-31.xsd#us-gaap_InventoryRawMaterialsAndSuppliesNetOfReservesAbstract' xlink:label='loc_InventoryRawMaterialsAndSuppliesNetOfReservesAbstract' xlink:type='locator' />
<link:loc xlink:href='../elts/us-gaap-2008-03-31.xsd#us-gaap_InventoryRawMaterialsNetOfReserves' xlink:label='loc_InventoryRawMaterialsNetOfReserves' xlink:type='locator' />
<link:loc xlink:href='../elts/us-gaap-2008-03-31.xsd#us-gaap_InventorySuppliesNetOfReserves' xlink:label='loc_InventorySuppliesNetOfReserves' xlink:type='locator' />
<link:loc xlink:href='../elts/us-gaap-2008-03-31.xsd#us-gaap_InventoryRawMaterialsAndSuppliesNetOfReserves' xlink:label='loc_InventoryRawMaterialsAndSuppliesNetOfReserves' xlink:type='locator' />
<link:loc xlink:href='../elts/us-gaap-2008-03-31.xsd#us-gaap_InventoryWorkInProcessAndRawMaterialsNetOfReserves' xlink:label='loc_InventoryWorkInProcessAndRawMaterialsNetOfReserves' xlink:type='locator' />
<link:loc xlink:href='../elts/us-gaap-2008-03-31.xsd#us-gaap_InventoryRawMaterialsAndPurchasedPartsNetOfReserves' xlink:label='loc_InventoryRawMaterialsAndPurchasedPartsNetOfReserves' xlink:type='locator' />
<link:loc xlink:href='../elts/us-gaap-2008-03-31.xsd#us-gaap_InventoryPartsAndComponentsNetOfReserves' xlink:label='loc_InventoryPartsAndComponentsNetOfReserves' xlink:type='locator' />
<link:loc xlink:href='../elts/us-gaap-2008-03-31.xsd#us-gaap_OtherInventoryNetOfReserves' xlink:label='loc_OtherInventoryNetOfReserves' xlink:type='locator' />
<link:loc xlink:href='../elts/us-gaap-2008-03-31.xsd#us-gaap_GeneralAndAdministrativeCostsInInventoryAbstract' xlink:label='loc_GeneralAndAdministrativeCostsInInventoryAbstract' xlink:type='locator' />
<link:loc xlink:href='../elts/us-gaap-2008-03-31.xsd#us-gaap_GeneralAndAdministrativeCostsInInventoryAmountIncurred' xlink:label='loc_GeneralAndAdministrativeCostsInInventoryAmountIncurred' xlink:type='locator' />
<link:loc xlink:href='../elts/us-gaap-2008-03-31.xsd#us-gaap_GeneralAndAdministrativeCostsInInventoryAmountRemaining' xlink:label='loc_GeneralAndAdministrativeCostsInInventoryAmountRemaining' xlink:type='locator' />
<link:loc xlink:href='../elts/us-gaap-2008-03-31.xsd#us-gaap_LIFOMethodRelatedItemsAbstract' xlink:label='loc_LIFOMethodRelatedItemsAbstract' xlink:type='locator' />
<link:loc xlink:href='../elts/us-gaap-2008-03-31.xsd#us-gaap_PercentageOfLIFOInventory' xlink:label='loc_PercentageOfLIFOInventory' xlink:type='locator' />
<link:loc xlink:href='../elts/us-gaap-2008-03-31.xsd#us-gaap_LIFOInventoryAmount' xlink:label='loc_LIFOInventoryAmount' xlink:type='locator' />
<link:loc xlink:href='../elts/us-gaap-2008-03-31.xsd#us-gaap_PercentageOfFIFOInventory' xlink:label='loc_PercentageOfFIFOInventory' xlink:type='locator' />
<link:loc xlink:href='../elts/us-gaap-2008-03-31.xsd#us-gaap_FIFOInventoryAmount' xlink:label='loc_FIFOInventoryAmount' xlink:type='locator' />
<link:loc xlink:href='../elts/us-gaap-2008-03-31.xsd#us-gaap_PercentageOfWeightedAverageCostInventory' xlink:label='loc_PercentageOfWeightedAverageCostInventory' xlink:type='locator' />
<link:loc xlink:href='../elts/us-gaap-2008-03-31.xsd#us-gaap_WeightedAverageCostInventoryAmount' xlink:label='loc_WeightedAverageCostInventoryAmount' xlink:type='locator' />
<link:loc xlink:href='../elts/us-gaap-2008-03-31.xsd#us-gaap_ExcessOfReplacementOrCurrentCostsOverStatedLIFOValue' xlink:label='loc_ExcessOfReplacementOrCurrentCostsOverStatedLIFOValue' xlink:type='locator' />
<link:loc xlink:href='../elts/us-gaap-2008-03-31.xsd#us-gaap_EffectOfLIFOInventoryLiquidationOnIncome' xlink:label='loc_EffectOfLIFOInventoryLiquidationOnIncome' xlink:type='locator' />
<link:loc xlink:href='../elts/us-gaap-2008-03-31.xsd#us-gaap_LIFOInventoryRelatedText' xlink:label='loc_LIFOInventoryRelatedText' xlink:type='locator' />
<link:loc xlink:href='../elts/us-gaap-2008-03-31.xsd#us-gaap_InventoryRelatedText' xlink:label='loc_InventoryRelatedText' xlink:type='locator' />
<link:loc xlink:href='../elts/us-gaap-2008-03-31.xsd#us-gaap_InventoryNoncurrentAbstract' xlink:label='loc_InventoryNoncurrentAbstract' xlink:type='locator' />
<link:loc xlink:href='../elts/us-gaap-2008-03-31.xsd#us-gaap_InventoryDrillingNoncurrent' xlink:label='loc_InventoryDrillingNoncurrent' xlink:type='locator' />
<link:loc xlink:href='../elts/us-gaap-2008-03-31.xsd#us-gaap_InventoryGasInStorageUndergroundNoncurrent' xlink:label='loc_InventoryGasInStorageUndergroundNoncurrent' xlink:type='locator' />
<link:loc xlink:href='../elts/us-gaap-2008-03-31.xsd#us-gaap_OtherInventoryNoncurrent' xlink:label='loc_OtherInventoryNoncurrent' xlink:type='locator' />
<link:loc xlink:href='../elts/us-gaap-2008-03-31.xsd#us-gaap_InventoryNoncurrent' xlink:label='loc_InventoryNoncurrent' xlink:type='locator' />
<presentationArc order='10' xlink:arcrole='http://www.xbrl.org/2003/arcrole/parent-child' xlink:from='loc_InventoryDisclosureTextBlock' xlink:to='loc_InventoryNetAbstract' xlink:type='arc' />
<presentationArc order='10' xlink:arcrole='http://www.xbrl.org/2003/arcrole/parent-child' xlink:from='loc_InventoryNetAbstract' xlink:to='loc_InventoryGrossAbstract' xlink:type='arc' />
<presentationArc order='10' use='optional' xlink:arcrole='http://www.xbrl.org/2003/arcrole/parent-child' xlink:from='loc_InventoryGrossAbstract' xlink:to='loc_InventoryFinishedGoodsAndWorkInProcessAbstract' xlink:type='arc' />
<presentationArc order='10' xlink:arcrole='http://www.xbrl.org/2003/arcrole/parent-child' xlink:from='loc_InventoryFinishedGoodsAndWorkInProcessAbstract' xlink:to='loc_InventoryFinishedGoods' xlink:type='arc' />
<presentationArc order='20' use='optional' xlink:arcrole='http://www.xbrl.org/2003/arcrole/parent-child' xlink:from='loc_InventoryFinishedGoodsAndWorkInProcessAbstract' xlink:to='loc_InventoryWorkInProcess' xlink:type='arc' />
<presentationArc order='30' preferredLabel='http://www.xbrl.org/2003/role/totalLabel' xlink:arcrole='http://www.xbrl.org/2003/arcrole/parent-child' xlink:from='loc_InventoryFinishedGoodsAndWorkInProcessAbstract' xlink:to='loc_InventoryFinishedGoodsAndWorkInProcess' xlink:type='arc' />
<presentationArc order='20' use='optional' xlink:arcrole='http://www.xbrl.org/2003/arcrole/parent-child' xlink:from='loc_InventoryGrossAbstract' xlink:to='loc_InventoryRawMaterialsAndSuppliesAbstract' xlink:type='arc' />
<presentationArc order='10' use='optional' xlink:arcrole='http://www.xbrl.org/2003/arcrole/parent-child' xlink:from='loc_InventoryRawMaterialsAndSuppliesAbstract' xlink:to='loc_InventoryRawMaterials' xlink:type='arc' />
<presentationArc order='20' xlink:arcrole='http://www.xbrl.org/2003/arcrole/parent-child' xlink:from='loc_InventoryRawMaterialsAndSuppliesAbstract' xlink:to='loc_OtherInventorySupplies' xlink:type='arc' />
<presentationArc order='30' preferredLabel='http://www.xbrl.org/2003/role/totalLabel' xlink:arcrole='http://www.xbrl.org/2003/arcrole/parent-child' xlink:from='loc_InventoryRawMaterialsAndSuppliesAbstract' xlink:to='loc_InventoryRawMaterialsAndSupplies' xlink:type='arc' />
<presentationArc order='30' use='optional' xlink:arcrole='http://www.xbrl.org/2003/arcrole/parent-child' xlink:from='loc_InventoryGrossAbstract' xlink:to='loc_OtherInventoryAbstract' xlink:type='arc' />
<presentationArc order='10' use='optional' xlink:arcrole='http://www.xbrl.org/2003/arcrole/parent-child' xlink:from='loc_OtherInventoryAbstract' xlink:to='loc_OtherInventoryMaterialsSuppliesAndMerchandiseUnderConsignment' xlink:type='arc' />
<presentationArc order='20' use='optional' xlink:arcrole='http://www.xbrl.org/2003/arcrole/parent-child' xlink:from='loc_OtherInventoryAbstract' xlink:to='loc_OtherInventoryWarehouse' xlink:type='arc' />
<presentationArc order='30' use='optional' xlink:arcrole='http://www.xbrl.org/2003/arcrole/parent-child' xlink:from='loc_OtherInventoryAbstract' xlink:to='loc_OtherInventoryScrap' xlink:type='arc' />
<presentationArc order='40' xlink:arcrole='http://www.xbrl.org/2003/arcrole/parent-child' xlink:from='loc_OtherInventoryAbstract' xlink:to='loc_OtherInventoriesSpareParts' xlink:type='arc' />
<presentationArc order='50' use='optional' xlink:arcrole='http://www.xbrl.org/2003/arcrole/parent-child' xlink:from='loc_OtherInventoryAbstract' xlink:to='loc_OtherInventoryDemo' xlink:type='arc' />
<presentationArc order='60' use='optional' xlink:arcrole='http://www.xbrl.org/2003/arcrole/parent-child' xlink:from='loc_OtherInventoryAbstract' xlink:to='loc_OtherInventoryPurchasedGoods' xlink:type='arc' />
<presentationArc order='70' use='optional' xlink:arcrole='http://www.xbrl.org/2003/arcrole/parent-child' xlink:from='loc_OtherInventoryAbstract' xlink:to='loc_OtherInventoryInventoryAtOffSitePremises' xlink:type='arc' />
<presentationArc order='80' xlink:arcrole='http://www.xbrl.org/2003/arcrole/parent-child' xlink:from='loc_OtherInventoryAbstract' xlink:to='loc_OtherInventoryInTransit' xlink:type='arc' />
<presentationArc order='90' xlink:arcrole='http://www.xbrl.org/2003/arcrole/parent-child' xlink:from='loc_OtherInventoryAbstract' xlink:to='loc_OtherInventoryCapitalizedCosts' xlink:type='arc' />
<presentationArc order='100' preferredLabel='http://www.xbrl.org/2003/role/totalLabel' xlink:arcrole='http://www.xbrl.org/2003/arcrole/parent-child' xlink:from='loc_OtherInventoryAbstract' xlink:to='loc_OtherInventory' xlink:type='arc' />
<presentationArc order='40' use='optional' xlink:arcrole='http://www.xbrl.org/2003/arcrole/parent-child' xlink:from='loc_InventoryGrossAbstract' xlink:to='loc_AirlineRelatedInventoryAbstract' xlink:type='arc' />
<presentationArc order='10' use='optional' xlink:arcrole='http://www.xbrl.org/2003/arcrole/parent-child' xlink:from='loc_AirlineRelatedInventoryAbstract' xlink:to='loc_AirlineRelatedInventoryAircraftFuel' xlink:type='arc' />
<presentationArc order='20' use='optional' xlink:arcrole='http://www.xbrl.org/2003/arcrole/parent-child' xlink:from='loc_AirlineRelatedInventoryAbstract' xlink:to='loc_AirlineRelatedInventoryAircraftParts' xlink:type='arc' />
<presentationArc order='30' preferredLabel='http://www.xbrl.org/2003/role/totalLabel' xlink:arcrole='http://www.xbrl.org/2003/arcrole/parent-child' xlink:from='loc_AirlineRelatedInventoryAbstract' xlink:to='loc_AirlineRelatedInventory' xlink:type='arc' />
<presentationArc order='50' use='optional' xlink:arcrole='http://www.xbrl.org/2003/arcrole/parent-child' xlink:from='loc_InventoryGrossAbstract' xlink:to='loc_RetailRelatedInventoryAbstract' xlink:type='arc' />
<presentationArc order='10' use='optional' xlink:arcrole='http://www.xbrl.org/2003/arcrole/parent-child' xlink:from='loc_RetailRelatedInventoryAbstract' xlink:to='loc_RetailRelatedInventoryMerchandise' xlink:type='arc' />
<presentationArc order='20' use='optional' xlink:arcrole='http://www.xbrl.org/2003/arcrole/parent-child' xlink:from='loc_RetailRelatedInventoryAbstract' xlink:to='loc_RetailRelatedInventoryPackagingAndOtherSupplies' xlink:type='arc' />
<presentationArc order='30' preferredLabel='http://www.xbrl.org/2003/role/totalLabel' xlink:arcrole='http://www.xbrl.org/2003/arcrole/parent-child' xlink:from='loc_RetailRelatedInventoryAbstract' xlink:to='loc_RetailRelatedInventory' xlink:type='arc' />
<presentationArc order='60' use='optional' xlink:arcrole='http://www.xbrl.org/2003/arcrole/parent-child' xlink:from='loc_InventoryGrossAbstract' xlink:to='loc_EnergyRelatedInventoryAbstract' xlink:type='arc' />
<presentationArc order='10' use='optional' xlink:arcrole='http://www.xbrl.org/2003/arcrole/parent-child' xlink:from='loc_EnergyRelatedInventoryAbstract' xlink:to='loc_EnergyRelatedInventoryPetroleum' xlink:type='arc' />
<presentationArc order='20' xlink:arcrole='http://www.xbrl.org/2003/arcrole/parent-child' xlink:from='loc_EnergyRelatedInventoryAbstract' xlink:to='loc_EnergyRelatedInventoryNaturalGasLiquids' xlink:type='arc' />
<presentationArc order='30' xlink:arcrole='http://www.xbrl.org/2003/arcrole/parent-child' xlink:from='loc_EnergyRelatedInventoryAbstract' xlink:to='loc_EnergyRelatedInventoryNaturalGasInStorage' xlink:type='arc' />
<presentationArc order='40' xlink:arcrole='http://www.xbrl.org/2003/arcrole/parent-child' xlink:from='loc_EnergyRelatedInventoryAbstract' xlink:to='loc_EnergyRelatedInventoryGasStoredUnderground' xlink:type='arc' />
<presentationArc order='50' xlink:arcrole='http://www.xbrl.org/2003/arcrole/parent-child' xlink:from='loc_EnergyRelatedInventoryAbstract' xlink:to='loc_EnergyRelatedInventoryPropaneGas' xlink:type='arc' />
<presentationArc order='60' xlink:arcrole='http://www.xbrl.org/2003/arcrole/parent-child' xlink:from='loc_EnergyRelatedInventoryAbstract' xlink:to='loc_EnergyRelatedInventoryCoal' xlink:type='arc' />
<presentationArc order='70' xlink:arcrole='http://www.xbrl.org/2003/arcrole/parent-child' xlink:from='loc_EnergyRelatedInventoryAbstract' xlink:to='loc_EnergyRelatedInventoryChemicals' xlink:type='arc' />
<presentationArc order='80' xlink:arcrole='http://www.xbrl.org/2003/arcrole/parent-child' xlink:from='loc_EnergyRelatedInventoryAbstract' xlink:to='loc_EnergyRelatedInventoryOtherFossilFuel' xlink:type='arc' />
<presentationArc order='90' preferredLabel='http://www.xbrl.org/2003/role/totalLabel' xlink:arcrole='http://www.xbrl.org/2003/arcrole/parent-child' xlink:from='loc_EnergyRelatedInventoryAbstract' xlink:to='loc_EnergyRelatedInventory' xlink:type='arc' />
<presentationArc order='70' xlink:arcrole='http://www.xbrl.org/2003/arcrole/parent-child' xlink:from='loc_InventoryGrossAbstract' xlink:to='loc_AgriculturalRelatedInventoryAbstract' xlink:type='arc' />
<presentationArc order='10' use='optional' xlink:arcrole='http://www.xbrl.org/2003/arcrole/parent-child' xlink:from='loc_AgriculturalRelatedInventoryAbstract' xlink:to='loc_AgriculturalRelatedInventoryPlantMaterial' xlink:type='arc' />
<presentationArc order='20' use='optional' xlink:arcrole='http://www.xbrl.org/2003/arcrole/parent-child' xlink:from='loc_AgriculturalRelatedInventoryAbstract' xlink:to='loc_AgriculturalRelatedInventoryGrowingCrops' xlink:type='arc' />
<presentationArc order='30' use='optional' xlink:arcrole='http://www.xbrl.org/2003/arcrole/parent-child' xlink:from='loc_AgriculturalRelatedInventoryAbstract' xlink:to='loc_AgriculturalRelatedInventoryFeedAndSupplies' xlink:type='arc' />
<presentationArc order='40' preferredLabel='http://www.xbrl.org/2003/role/totalLabel' xlink:arcrole='http://www.xbrl.org/2003/arcrole/parent-child' xlink:from='loc_AgriculturalRelatedInventoryAbstract' xlink:to='loc_AgriculturalRelatedInventory' xlink:type='arc' />
<presentationArc order='80' xlink:arcrole='http://www.xbrl.org/2003/arcrole/parent-child' xlink:from='loc_InventoryGrossAbstract' xlink:to='loc_InventoryWorkInProcessAndRawMaterials' xlink:type='arc' />
<presentationArc order='90' xlink:arcrole='http://www.xbrl.org/2003/arcrole/parent-child' xlink:from='loc_InventoryGrossAbstract' xlink:to='loc_InventoryRawMaterialsAndPurchasedParts' xlink:type='arc' />
<presentationArc order='100' xlink:arcrole='http://www.xbrl.org/2003/arcrole/parent-child' xlink:from='loc_InventoryGrossAbstract' xlink:to='loc_InventoryPartsAndComponents' xlink:type='arc' />
<presentationArc order='110' xlink:arcrole='http://www.xbrl.org/2003/arcrole/parent-child' xlink:from='loc_InventoryGrossAbstract' xlink:to='loc_CrudeOilAndNaturalGasLiquids' xlink:type='arc' />
<presentationArc order='120' xlink:arcrole='http://www.xbrl.org/2003/arcrole/parent-child' xlink:from='loc_InventoryGrossAbstract' xlink:to='loc_InventoryCrudeOilProductsAndMerchandise' xlink:type='arc' />
<presentationArc order='130' xlink:arcrole='http://www.xbrl.org/2003/arcrole/parent-child' xlink:from='loc_InventoryGrossAbstract' xlink:to='loc_InventoryForLongTermContractsOrPrograms' xlink:type='arc' />
<presentationArc order='140' preferredLabel='http://www.xbrl.org/2003/role/totalLabel' xlink:arcrole='http://www.xbrl.org/2003/arcrole/parent-child' xlink:from='loc_InventoryGrossAbstract' xlink:to='loc_InventoryGross' xlink:type='arc' />
<presentationArc order='20' xlink:arcrole='http://www.xbrl.org/2003/arcrole/parent-child' xlink:from='loc_InventoryNetAbstract' xlink:to='loc_InventoryAdjustmentsAbstract' xlink:type='arc' />
<presentationArc order='10' xlink:arcrole='http://www.xbrl.org/2003/arcrole/parent-child' xlink:from='loc_InventoryAdjustmentsAbstract' xlink:to='loc_InventoryValuationReserves' xlink:type='arc' />
<presentationArc order='20' xlink:arcrole='http://www.xbrl.org/2003/arcrole/parent-child' xlink:from='loc_InventoryAdjustmentsAbstract' xlink:to='loc_InventoryLIFOReserve' xlink:type='arc' />
<presentationArc order='30' preferredLabel='http://www.xbrl.org/2003/role/totalLabel' xlink:arcrole='http://www.xbrl.org/2003/arcrole/parent-child' xlink:from='loc_InventoryAdjustmentsAbstract' xlink:to='loc_InventoryAdjustments' xlink:type='arc' />
<presentationArc order='30' preferredLabel='http://www.xbrl.org/2003/role/totalLabel' xlink:arcrole='http://www.xbrl.org/2003/arcrole/parent-child' xlink:from='loc_InventoryNetAbstract' xlink:to='loc_InventoryNet' xlink:type='arc' />
<presentationArc order='20' xlink:arcrole='http://www.xbrl.org/2003/arcrole/parent-child' xlink:from='loc_InventoryDisclosureTextBlock' xlink:to='loc_InventoryNetItemsNetOfReserveAlternativeAbstract' xlink:type='arc' />
<presentationArc order='10' xlink:arcrole='http://www.xbrl.org/2003/arcrole/parent-child' xlink:from='loc_InventoryNetItemsNetOfReserveAlternativeAbstract' xlink:to='loc_InventoryFinishedGoodsAndWorkInProcessNetOfReservesAbstract' xlink:type='arc' />
<presentationArc order='10' xlink:arcrole='http://www.xbrl.org/2003/arcrole/parent-child' xlink:from='loc_InventoryFinishedGoodsAndWorkInProcessNetOfReservesAbstract' xlink:to='loc_InventoryFinishedGoodsNetOfReserves' xlink:type='arc' />
<presentationArc order='20' xlink:arcrole='http://www.xbrl.org/2003/arcrole/parent-child' xlink:from='loc_InventoryFinishedGoodsAndWorkInProcessNetOfReservesAbstract' xlink:to='loc_InventoryWorkInProcessNetOfReserves' xlink:type='arc' />
<presentationArc order='30' preferredLabel='http://www.xbrl.org/2003/role/totalLabel' xlink:arcrole='http://www.xbrl.org/2003/arcrole/parent-child' xlink:from='loc_InventoryFinishedGoodsAndWorkInProcessNetOfReservesAbstract' xlink:to='loc_InventoryFinishedGoodsAndWorkInProcessNetOfReserves' xlink:type='arc' />
<presentationArc order='20' xlink:arcrole='http://www.xbrl.org/2003/arcrole/parent-child' xlink:from='loc_InventoryNetItemsNetOfReserveAlternativeAbstract' xlink:to='loc_InventoryRawMaterialsAndSuppliesNetOfReservesAbstract' xlink:type='arc' />
<presentationArc order='10' xlink:arcrole='http://www.xbrl.org/2003/arcrole/parent-child' xlink:from='loc_InventoryRawMaterialsAndSuppliesNetOfReservesAbstract' xlink:to='loc_InventoryRawMaterialsNetOfReserves' xlink:type='arc' />
<presentationArc order='20' xlink:arcrole='http://www.xbrl.org/2003/arcrole/parent-child' xlink:from='loc_InventoryRawMaterialsAndSuppliesNetOfReservesAbstract' xlink:to='loc_InventorySuppliesNetOfReserves' xlink:type='arc' />
<presentationArc order='30' preferredLabel='http://www.xbrl.org/2003/role/totalLabel' xlink:arcrole='http://www.xbrl.org/2003/arcrole/parent-child' xlink:from='loc_InventoryRawMaterialsAndSuppliesNetOfReservesAbstract' xlink:to='loc_InventoryRawMaterialsAndSuppliesNetOfReserves' xlink:type='arc' />
<presentationArc order='30' xlink:arcrole='http://www.xbrl.org/2003/arcrole/parent-child' xlink:from='loc_InventoryNetItemsNetOfReserveAlternativeAbstract' xlink:to='loc_InventoryWorkInProcessAndRawMaterialsNetOfReserves' xlink:type='arc' />
<presentationArc order='40' xlink:arcrole='http://www.xbrl.org/2003/arcrole/parent-child' xlink:from='loc_InventoryNetItemsNetOfReserveAlternativeAbstract' xlink:to='loc_InventoryRawMaterialsAndPurchasedPartsNetOfReserves' xlink:type='arc' />
<presentationArc order='50' xlink:arcrole='http://www.xbrl.org/2003/arcrole/parent-child' xlink:from='loc_InventoryNetItemsNetOfReserveAlternativeAbstract' xlink:to='loc_InventoryPartsAndComponentsNetOfReserves' xlink:type='arc' />
<presentationArc order='60' xlink:arcrole='http://www.xbrl.org/2003/arcrole/parent-child' xlink:from='loc_InventoryNetItemsNetOfReserveAlternativeAbstract' xlink:to='loc_OtherInventoryNetOfReserves' xlink:type='arc' />
<presentationArc order='70' preferredLabel='http://www.xbrl.org/2003/role/totalLabel' xlink:arcrole='http://www.xbrl.org/2003/arcrole/parent-child' xlink:from='loc_InventoryNetItemsNetOfReserveAlternativeAbstract' xlink:to='loc_InventoryNet' xlink:type='arc' />
<presentationArc order='30' xlink:arcrole='http://www.xbrl.org/2003/arcrole/parent-child' xlink:from='loc_InventoryDisclosureTextBlock' xlink:to='loc_GeneralAndAdministrativeCostsInInventoryAbstract' xlink:type='arc' />
<presentationArc order='10' xlink:arcrole='http://www.xbrl.org/2003/arcrole/parent-child' xlink:from='loc_GeneralAndAdministrativeCostsInInventoryAbstract' xlink:to='loc_GeneralAndAdministrativeCostsInInventoryAmountIncurred' xlink:type='arc' />
<presentationArc order='20' xlink:arcrole='http://www.xbrl.org/2003/arcrole/parent-child' xlink:from='loc_GeneralAndAdministrativeCostsInInventoryAbstract' xlink:to='loc_GeneralAndAdministrativeCostsInInventoryAmountRemaining' xlink:type='arc' />
<presentationArc order='40' xlink:arcrole='http://www.xbrl.org/2003/arcrole/parent-child' xlink:from='loc_InventoryDisclosureTextBlock' xlink:to='loc_LIFOMethodRelatedItemsAbstract' xlink:type='arc' />
<presentationArc order='10' use='optional' xlink:arcrole='http://www.xbrl.org/2003/arcrole/parent-child' xlink:from='loc_LIFOMethodRelatedItemsAbstract' xlink:to='loc_PercentageOfLIFOInventory' xlink:type='arc' />
<presentationArc order='20' use='optional' xlink:arcrole='http://www.xbrl.org/2003/arcrole/parent-child' xlink:from='loc_LIFOMethodRelatedItemsAbstract' xlink:to='loc_LIFOInventoryAmount' xlink:type='arc' />
<presentationArc order='30' use='optional' xlink:arcrole='http://www.xbrl.org/2003/arcrole/parent-child' xlink:from='loc_LIFOMethodRelatedItemsAbstract' xlink:to='loc_PercentageOfFIFOInventory' xlink:type='arc' />
<presentationArc order='40' use='optional' xlink:arcrole='http://www.xbrl.org/2003/arcrole/parent-child' xlink:from='loc_LIFOMethodRelatedItemsAbstract' xlink:to='loc_FIFOInventoryAmount' xlink:type='arc' />
<presentationArc order='50' use='optional' xlink:arcrole='http://www.xbrl.org/2003/arcrole/parent-child' xlink:from='loc_LIFOMethodRelatedItemsAbstract' xlink:to='loc_PercentageOfWeightedAverageCostInventory' xlink:type='arc' />
<presentationArc order='60' use='optional' xlink:arcrole='http://www.xbrl.org/2003/arcrole/parent-child' xlink:from='loc_LIFOMethodRelatedItemsAbstract' xlink:to='loc_WeightedAverageCostInventoryAmount' xlink:type='arc' />
<presentationArc order='70' use='optional' xlink:arcrole='http://www.xbrl.org/2003/arcrole/parent-child' xlink:from='loc_LIFOMethodRelatedItemsAbstract' xlink:to='loc_ExcessOfReplacementOrCurrentCostsOverStatedLIFOValue' xlink:type='arc' />
<presentationArc order='80' use='optional' xlink:arcrole='http://www.xbrl.org/2003/arcrole/parent-child' xlink:from='loc_LIFOMethodRelatedItemsAbstract' xlink:to='loc_EffectOfLIFOInventoryLiquidationOnIncome' xlink:type='arc' />
<presentationArc order='90' xlink:arcrole='http://www.xbrl.org/2003/arcrole/parent-child' xlink:from='loc_LIFOMethodRelatedItemsAbstract' xlink:to='loc_LIFOInventoryRelatedText' xlink:type='arc' />
<presentationArc order='50' xlink:arcrole='http://www.xbrl.org/2003/arcrole/parent-child' xlink:from='loc_InventoryDisclosureTextBlock' xlink:to='loc_InventoryRelatedText' xlink:type='arc' />
<presentationArc order='60' xlink:arcrole='http://www.xbrl.org/2003/arcrole/parent-child' xlink:from='loc_InventoryDisclosureTextBlock' xlink:to='loc_InventoryNoncurrentAbstract' xlink:type='arc' />
<presentationArc order='10' xlink:arcrole='http://www.xbrl.org/2003/arcrole/parent-child' xlink:from='loc_InventoryNoncurrentAbstract' xlink:to='loc_InventoryDrillingNoncurrent' xlink:type='arc' />
<presentationArc order='20' xlink:arcrole='http://www.xbrl.org/2003/arcrole/parent-child' xlink:from='loc_InventoryNoncurrentAbstract' xlink:to='loc_InventoryGasInStorageUndergroundNoncurrent' xlink:type='arc' />
<presentationArc order='30' xlink:arcrole='http://www.xbrl.org/2003/arcrole/parent-child' xlink:from='loc_InventoryNoncurrentAbstract' xlink:to='loc_OtherInventoryNoncurrent' xlink:type='arc' />
<presentationArc order='40' preferredLabel='http://www.xbrl.org/2003/role/totalLabel' xlink:arcrole='http://www.xbrl.org/2003/arcrole/parent-child' xlink:from='loc_InventoryNoncurrentAbstract' xlink:to='loc_InventoryNoncurrent' xlink:type='arc' />
</presentationLink>
</link:linkbase>
