<?xml version="1.0" encoding="UTF-8" standalone="no"?>

<!--
Copyright (C) 2007, 2008 XBRL US, Inc. All Rights Reserved.
Authorized Uses are Set Forth at http://xbrl.us/legal
  -->
<link:linkbase xmlns:link='http://www.xbrl.org/2003/linkbase' xmlns:xbrldt='http://xbrl.org/2005/xbrldt' xmlns:xlink='http://www.w3.org/1999/xlink' xmlns:xsi='http://www.w3.org/2001/XMLSchema-instance' xsi:schemaLocation='http://www.xbrl.org/2003/linkbase http://www.xbrl.org/2003/xbrl-linkbase-2003-12-31.xsd'>
<link:roleRef roleURI='http://xbrl.us/us-gaap/role/disclosure/CompensationRelatedCostsGeneral' xlink:href='../elts/us-roles-2008-03-31.xsd#crcgen' xlink:type='simple' />
<link:arcroleRef arcroleURI='http://xbrl.org/int/dim/arcrole/all' xlink:href='http://www.xbrl.org/2005/xbrldt-2005.xsd#all' xlink:type='simple' />
<link:arcroleRef arcroleURI='http://xbrl.org/int/dim/arcrole/hypercube-dimension' xlink:href='http://www.xbrl.org/2005/xbrldt-2005.xsd#hypercube-dimension' xlink:type='simple' />
<link:arcroleRef arcroleURI='http://xbrl.org/int/dim/arcrole/dimension-domain' xlink:href='http://www.xbrl.org/2005/xbrldt-2005.xsd#dimension-domain' xlink:type='simple' />
<link:arcroleRef arcroleURI='http://xbrl.org/int/dim/arcrole/dimension-default' xlink:href='http://www.xbrl.org/2005/xbrldt-2005.xsd#dimension-default' xlink:type='simple' />
<link:arcroleRef arcroleURI='http://xbrl.org/int/dim/arcrole/domain-member' xlink:href='http://www.xbrl.org/2005/xbrldt-2005.xsd#domain-member' xlink:type='simple' />
<link:definitionLink xlink:role='http://xbrl.us/us-gaap/role/disclosure/CompensationRelatedCostsGeneral' xlink:type='extended'>
<link:loc xlink:href='../elts/us-gaap-2008-03-31.xsd#us-gaap_ScheduleOfDeferredCompensationArrangementWithIndividualExcludingShareBasedPaymentsAndPostretirementBenefitsByTitleOfIndividualAndByTypeOfDeferredCompensationTable' xlink:label='loc_ScheduleOfDeferredCompensationArrangementWithIndividualExcludingShareBasedPaymentsAndPostretirementBenefitsByTitleOfIndividualAndByTypeOfDeferredCompensationTable' xlink:type='locator' />
<link:loc xlink:href='../elts/us-gaap-2008-03-31.xsd#us-gaap_DeferredCompensationArrangementWithIndividualExcludingShareBasedPaymentsAndPostretirementBenefitsLineItems' xlink:label='loc_DeferredCompensationArrangementWithIndividualExcludingShareBasedPaymentsAndPostretirementBenefitsLineItems' xlink:type='locator' />
<link:definitionArc order='1.0' xbrldt:contextElement='segment' xlink:arcrole='http://xbrl.org/int/dim/arcrole/all' xlink:from='loc_DeferredCompensationArrangementWithIndividualExcludingShareBasedPaymentsAndPostretirementBenefitsLineItems' xlink:to='loc_ScheduleOfDeferredCompensationArrangementWithIndividualExcludingShareBasedPaymentsAndPostretirementBenefitsByTitleOfIndividualAndByTypeOfDeferredCompensationTable' xlink:type='arc' />
</link:definitionLink>
<link:definitionLink xlink:role='http://xbrl.us/us-gaap/role/disclosure/CompensationRelatedCostsGeneral' xlink:type='extended'>
<link:loc xlink:href='../elts/us-gaap-2008-03-31.xsd#us-gaap_ScheduleOfDeferredCompensationArrangementWithIndividualExcludingShareBasedPaymentsAndPostretirementBenefitsByTitleOfIndividualAndByTypeOfDeferredCompensationTable' xlink:label='loc_ScheduleOfDeferredCompensationArrangementWithIndividualExcludingShareBasedPaymentsAndPostretirementBenefitsByTitleOfIndividualAndByTypeOfDeferredCompensationTable' xlink:type='locator' />
<link:loc xlink:href='../elts/us-gaap-2008-03-31.xsd#us-gaap_DeferredCompensationArrangementWithIndividualExcludingShareBasedPaymentsAndPostretirementBenefitsByTitleOfIndividualAxis' xlink:label='loc_DeferredCompensationArrangementWithIndividualExcludingShareBasedPaymentsAndPostretirementBenefitsByTitleOfIndividualAxis' xlink:type='locator' />
<link:loc xlink:href='../elts/us-gaap-2008-03-31.xsd#us-gaap_DeferredCompensationArrangementWithIndividualExcludingShareBasedPaymentsAndPostretirementBenefitsByTypeOfDeferredCompensationAxis' xlink:label='loc_DeferredCompensationArrangementWithIndividualExcludingShareBasedPaymentsAndPostretirementBenefitsByTypeOfDeferredCompensationAxis' xlink:type='locator' />
<link:definitionArc order='1.0' xlink:arcrole='http://xbrl.org/int/dim/arcrole/hypercube-dimension' xlink:from='loc_ScheduleOfDeferredCompensationArrangementWithIndividualExcludingShareBasedPaymentsAndPostretirementBenefitsByTitleOfIndividualAndByTypeOfDeferredCompensationTable' xlink:to='loc_DeferredCompensationArrangementWithIndividualExcludingShareBasedPaymentsAndPostretirementBenefitsByTitleOfIndividualAxis' xlink:type='arc' />
<link:definitionArc order='2.0' xlink:arcrole='http://xbrl.org/int/dim/arcrole/hypercube-dimension' xlink:from='loc_ScheduleOfDeferredCompensationArrangementWithIndividualExcludingShareBasedPaymentsAndPostretirementBenefitsByTitleOfIndividualAndByTypeOfDeferredCompensationTable' xlink:to='loc_DeferredCompensationArrangementWithIndividualExcludingShareBasedPaymentsAndPostretirementBenefitsByTypeOfDeferredCompensationAxis' xlink:type='arc' />
</link:definitionLink>
<link:definitionLink xlink:role='http://xbrl.us/us-gaap/role/disclosure/CompensationRelatedCostsGeneral' xlink:type='extended'>
<link:loc xlink:href='../elts/us-gaap-2008-03-31.xsd#us-gaap_DeferredCompensationArrangementWithIndividualExcludingShareBasedPaymentsAndPostretirementBenefitsByTitleOfIndividualAxis' xlink:label='loc_DeferredCompensationArrangementWithIndividualExcludingShareBasedPaymentsAndPostretirementBenefitsByTitleOfIndividualAxis' xlink:type='locator' />
<link:loc xlink:href='../elts/us-gaap-2008-03-31.xsd#us-gaap_TitleOfIndividualWithRelationshipToEntityDomain' xlink:label='loc_TitleOfIndividualWithRelationshipToEntityDomain' xlink:type='locator' />
<link:loc xlink:href='../elts/us-gaap-2008-03-31.xsd#us-gaap_DeferredCompensationArrangementWithIndividualExcludingShareBasedPaymentsAndPostretirementBenefitsByTypeOfDeferredCompensationAxis' xlink:label='loc_DeferredCompensationArrangementWithIndividualExcludingShareBasedPaymentsAndPostretirementBenefitsByTypeOfDeferredCompensationAxis' xlink:type='locator' />
<link:loc xlink:href='../elts/us-gaap-2008-03-31.xsd#us-gaap_TypeOfDeferredCompensationDomain' xlink:label='loc_TypeOfDeferredCompensationDomain' xlink:type='locator' />
<link:definitionArc order='1.0' xlink:arcrole='http://xbrl.org/int/dim/arcrole/dimension-domain' xlink:from='loc_DeferredCompensationArrangementWithIndividualExcludingShareBasedPaymentsAndPostretirementBenefitsByTitleOfIndividualAxis' xlink:to='loc_TitleOfIndividualWithRelationshipToEntityDomain' xlink:type='arc' />
<link:definitionArc order='2.0' xlink:arcrole='http://xbrl.org/int/dim/arcrole/dimension-domain' xlink:from='loc_DeferredCompensationArrangementWithIndividualExcludingShareBasedPaymentsAndPostretirementBenefitsByTypeOfDeferredCompensationAxis' xlink:to='loc_TypeOfDeferredCompensationDomain' xlink:type='arc' />
</link:definitionLink>
<link:definitionLink xlink:role='http://xbrl.us/us-gaap/role/disclosure/CompensationRelatedCostsGeneral' xlink:type='extended'>
<link:loc xlink:href='../elts/us-gaap-2008-03-31.xsd#us-gaap_DeferredCompensationArrangementWithIndividualExcludingShareBasedPaymentsAndPostretirementBenefitsByTitleOfIndividualAxis' xlink:label='loc_DeferredCompensationArrangementWithIndividualExcludingShareBasedPaymentsAndPostretirementBenefitsByTitleOfIndividualAxis' xlink:type='locator' />
<link:loc xlink:href='../elts/us-gaap-2008-03-31.xsd#us-gaap_TitleOfIndividualWithRelationshipToEntityDomain' xlink:label='loc_TitleOfIndividualWithRelationshipToEntityDomain' xlink:type='locator' />
<link:loc xlink:href='../elts/us-gaap-2008-03-31.xsd#us-gaap_DeferredCompensationArrangementWithIndividualExcludingShareBasedPaymentsAndPostretirementBenefitsByTypeOfDeferredCompensationAxis' xlink:label='loc_DeferredCompensationArrangementWithIndividualExcludingShareBasedPaymentsAndPostretirementBenefitsByTypeOfDeferredCompensationAxis' xlink:type='locator' />
<link:loc xlink:href='../elts/us-gaap-2008-03-31.xsd#us-gaap_TypeOfDeferredCompensationDomain' xlink:label='loc_TypeOfDeferredCompensationDomain' xlink:type='locator' />
<link:definitionArc order='1.0' xlink:arcrole='http://xbrl.org/int/dim/arcrole/dimension-default' xlink:from='loc_DeferredCompensationArrangementWithIndividualExcludingShareBasedPaymentsAndPostretirementBenefitsByTitleOfIndividualAxis' xlink:to='loc_TitleOfIndividualWithRelationshipToEntityDomain' xlink:type='arc' />
<link:definitionArc order='2.0' xlink:arcrole='http://xbrl.org/int/dim/arcrole/dimension-default' xlink:from='loc_DeferredCompensationArrangementWithIndividualExcludingShareBasedPaymentsAndPostretirementBenefitsByTypeOfDeferredCompensationAxis' xlink:to='loc_TypeOfDeferredCompensationDomain' xlink:type='arc' />
</link:definitionLink>
<link:definitionLink xlink:role='http://xbrl.us/us-gaap/role/disclosure/CompensationRelatedCostsGeneral' xlink:type='extended'>
<link:loc xlink:href='../elts/us-gaap-2008-03-31.xsd#us-gaap_DeferredCompensationArrangementWithIndividualExcludingShareBasedPaymentsAndPostretirementBenefitsLineItems' xlink:label='loc_DeferredCompensationArrangementWithIndividualExcludingShareBasedPaymentsAndPostretirementBenefitsLineItems' xlink:type='locator' />
<link:loc xlink:href='../elts/us-gaap-2008-03-31.xsd#us-gaap_DeferredCompensationArrangementWithIndividualDescription' xlink:label='loc_DeferredCompensationArrangementWithIndividualDescription' xlink:type='locator' />
<link:loc xlink:href='../elts/us-gaap-2008-03-31.xsd#us-gaap_DeferredCompensationArrangementWithIndividualMaximumContractualTerm' xlink:label='loc_DeferredCompensationArrangementWithIndividualMaximumContractualTerm' xlink:type='locator' />
<link:loc xlink:href='../elts/us-gaap-2008-03-31.xsd#us-gaap_DeferredCompensationArrangementWithIndividualRequisiteServicePeriod' xlink:label='loc_DeferredCompensationArrangementWithIndividualRequisiteServicePeriod' xlink:type='locator' />
<link:loc xlink:href='../elts/us-gaap-2008-03-31.xsd#us-gaap_DeferredCompensationArrangementWithIndividualCompensationExpense' xlink:label='loc_DeferredCompensationArrangementWithIndividualCompensationExpense' xlink:type='locator' />
<link:loc xlink:href='../elts/us-gaap-2008-03-31.xsd#us-gaap_DeferredCompensationArrangementWithIndividualRecordedLiability' xlink:label='loc_DeferredCompensationArrangementWithIndividualRecordedLiability' xlink:type='locator' />
<link:loc xlink:href='../elts/us-gaap-2008-03-31.xsd#us-gaap_DeferredCompensationArrangementWithIndividualEmployerContribution' xlink:label='loc_DeferredCompensationArrangementWithIndividualEmployerContribution' xlink:type='locator' />
<link:loc xlink:href='../elts/us-gaap-2008-03-31.xsd#us-gaap_DeferredCompensationArrangementWithIndividualDistributionsPaid' xlink:label='loc_DeferredCompensationArrangementWithIndividualDistributionsPaid' xlink:type='locator' />
<link:definitionArc order='1.0' xlink:arcrole='http://xbrl.org/int/dim/arcrole/domain-member' xlink:from='loc_DeferredCompensationArrangementWithIndividualExcludingShareBasedPaymentsAndPostretirementBenefitsLineItems' xlink:to='loc_DeferredCompensationArrangementWithIndividualDescription' xlink:type='arc' />
<link:definitionArc order='2.0' xlink:arcrole='http://xbrl.org/int/dim/arcrole/domain-member' xlink:from='loc_DeferredCompensationArrangementWithIndividualExcludingShareBasedPaymentsAndPostretirementBenefitsLineItems' xlink:to='loc_DeferredCompensationArrangementWithIndividualMaximumContractualTerm' xlink:type='arc' />
<link:definitionArc order='3.0' xlink:arcrole='http://xbrl.org/int/dim/arcrole/domain-member' xlink:from='loc_DeferredCompensationArrangementWithIndividualExcludingShareBasedPaymentsAndPostretirementBenefitsLineItems' xlink:to='loc_DeferredCompensationArrangementWithIndividualRequisiteServicePeriod' xlink:type='arc' />
<link:definitionArc order='4.0' xlink:arcrole='http://xbrl.org/int/dim/arcrole/domain-member' xlink:from='loc_DeferredCompensationArrangementWithIndividualExcludingShareBasedPaymentsAndPostretirementBenefitsLineItems' xlink:to='loc_DeferredCompensationArrangementWithIndividualCompensationExpense' xlink:type='arc' />
<link:definitionArc order='5.0' xlink:arcrole='http://xbrl.org/int/dim/arcrole/domain-member' xlink:from='loc_DeferredCompensationArrangementWithIndividualExcludingShareBasedPaymentsAndPostretirementBenefitsLineItems' xlink:to='loc_DeferredCompensationArrangementWithIndividualRecordedLiability' xlink:type='arc' />
<link:definitionArc order='6.0' xlink:arcrole='http://xbrl.org/int/dim/arcrole/domain-member' xlink:from='loc_DeferredCompensationArrangementWithIndividualExcludingShareBasedPaymentsAndPostretirementBenefitsLineItems' xlink:to='loc_DeferredCompensationArrangementWithIndividualEmployerContribution' xlink:type='arc' />
<link:definitionArc order='7.0' xlink:arcrole='http://xbrl.org/int/dim/arcrole/domain-member' xlink:from='loc_DeferredCompensationArrangementWithIndividualExcludingShareBasedPaymentsAndPostretirementBenefitsLineItems' xlink:to='loc_DeferredCompensationArrangementWithIndividualDistributionsPaid' xlink:type='arc' />
</link:definitionLink>
<link:definitionLink xlink:role='http://xbrl.us/us-gaap/role/disclosure/CompensationRelatedCostsGeneral' xlink:type='extended'>
<link:loc xlink:href='../elts/us-gaap-2008-03-31.xsd#us-gaap_TitleOfIndividualWithRelationshipToEntityDomain' xlink:label='loc_TitleOfIndividualWithRelationshipToEntityDomain' xlink:type='locator' />
<link:loc xlink:href='../elts/us-gaap-2008-03-31.xsd#us-gaap_ManagementMember' xlink:label='loc_ManagementMember' xlink:type='locator' />
<link:loc xlink:href='../elts/us-gaap-2008-03-31.xsd#us-gaap_BoardOfDirectorsChairmanMember' xlink:label='loc_BoardOfDirectorsChairmanMember' xlink:type='locator' />
<link:loc xlink:href='../elts/us-gaap-2008-03-31.xsd#us-gaap_DirectorMember' xlink:label='loc_DirectorMember' xlink:type='locator' />
<link:loc xlink:href='../elts/us-gaap-2008-03-31.xsd#us-gaap_ExecutiveOfficerMember' xlink:label='loc_ExecutiveOfficerMember' xlink:type='locator' />
<link:loc xlink:href='../elts/us-gaap-2008-03-31.xsd#us-gaap_ChiefExecutiveOfficerMember' xlink:label='loc_ChiefExecutiveOfficerMember' xlink:type='locator' />
<link:loc xlink:href='../elts/us-gaap-2008-03-31.xsd#us-gaap_ChiefFinancialOfficerMember' xlink:label='loc_ChiefFinancialOfficerMember' xlink:type='locator' />
<link:loc xlink:href='../elts/us-gaap-2008-03-31.xsd#us-gaap_ChiefOperatingOfficerMember' xlink:label='loc_ChiefOperatingOfficerMember' xlink:type='locator' />
<link:loc xlink:href='../elts/us-gaap-2008-03-31.xsd#us-gaap_ControllerMember' xlink:label='loc_ControllerMember' xlink:type='locator' />
<link:loc xlink:href='../elts/us-gaap-2008-03-31.xsd#us-gaap_ExecutiveVicePresidentMember' xlink:label='loc_ExecutiveVicePresidentMember' xlink:type='locator' />
<link:loc xlink:href='../elts/us-gaap-2008-03-31.xsd#us-gaap_VicePresidentMember' xlink:label='loc_VicePresidentMember' xlink:type='locator' />
<link:loc xlink:href='../elts/us-gaap-2008-03-31.xsd#us-gaap_PresidentMember' xlink:label='loc_PresidentMember' xlink:type='locator' />
<link:loc xlink:href='../elts/us-gaap-2008-03-31.xsd#us-gaap_OfficerMember' xlink:label='loc_OfficerMember' xlink:type='locator' />
<link:loc xlink:href='../elts/us-gaap-2008-03-31.xsd#us-gaap_TypeOfDeferredCompensationDomain' xlink:label='loc_TypeOfDeferredCompensationDomain' xlink:type='locator' />
<link:loc xlink:href='../elts/us-gaap-2008-03-31.xsd#us-gaap_DeferredCompensationExcludingShareBasedPaymentsAndRetirementBenefitsMember' xlink:label='loc_DeferredCompensationExcludingShareBasedPaymentsAndRetirementBenefitsMember' xlink:type='locator' />
<link:loc xlink:href='../elts/us-gaap-2008-03-31.xsd#us-gaap_DeferredProfitSharingMember' xlink:label='loc_DeferredProfitSharingMember' xlink:type='locator' />
<link:loc xlink:href='../elts/us-gaap-2008-03-31.xsd#us-gaap_DeferredBonusMember' xlink:label='loc_DeferredBonusMember' xlink:type='locator' />
<link:definitionArc order='1.0' xlink:arcrole='http://xbrl.org/int/dim/arcrole/domain-member' xlink:from='loc_TitleOfIndividualWithRelationshipToEntityDomain' xlink:to='loc_ManagementMember' xlink:type='arc' />
<link:definitionArc order='2.0' xlink:arcrole='http://xbrl.org/int/dim/arcrole/domain-member' xlink:from='loc_ManagementMember' xlink:to='loc_BoardOfDirectorsChairmanMember' xlink:type='arc' />
<link:definitionArc order='3.0' xlink:arcrole='http://xbrl.org/int/dim/arcrole/domain-member' xlink:from='loc_ManagementMember' xlink:to='loc_DirectorMember' xlink:type='arc' />
<link:definitionArc order='4.0' xlink:arcrole='http://xbrl.org/int/dim/arcrole/domain-member' xlink:from='loc_ManagementMember' xlink:to='loc_ExecutiveOfficerMember' xlink:type='arc' />
<link:definitionArc order='5.0' xlink:arcrole='http://xbrl.org/int/dim/arcrole/domain-member' xlink:from='loc_ManagementMember' xlink:to='loc_ChiefExecutiveOfficerMember' xlink:type='arc' />
<link:definitionArc order='6.0' xlink:arcrole='http://xbrl.org/int/dim/arcrole/domain-member' xlink:from='loc_ManagementMember' xlink:to='loc_ChiefFinancialOfficerMember' xlink:type='arc' />
<link:definitionArc order='7.0' xlink:arcrole='http://xbrl.org/int/dim/arcrole/domain-member' xlink:from='loc_ManagementMember' xlink:to='loc_ChiefOperatingOfficerMember' xlink:type='arc' />
<link:definitionArc order='8.0' xlink:arcrole='http://xbrl.org/int/dim/arcrole/domain-member' xlink:from='loc_ManagementMember' xlink:to='loc_ControllerMember' xlink:type='arc' />
<link:definitionArc order='9.0' xlink:arcrole='http://xbrl.org/int/dim/arcrole/domain-member' xlink:from='loc_ManagementMember' xlink:to='loc_ExecutiveVicePresidentMember' xlink:type='arc' />
<link:definitionArc order='10.0' xlink:arcrole='http://xbrl.org/int/dim/arcrole/domain-member' xlink:from='loc_ManagementMember' xlink:to='loc_VicePresidentMember' xlink:type='arc' />
<link:definitionArc order='11.0' xlink:arcrole='http://xbrl.org/int/dim/arcrole/domain-member' xlink:from='loc_ManagementMember' xlink:to='loc_PresidentMember' xlink:type='arc' />
<link:definitionArc order='12.0' xlink:arcrole='http://xbrl.org/int/dim/arcrole/domain-member' xlink:from='loc_ManagementMember' xlink:to='loc_OfficerMember' xlink:type='arc' />
<link:definitionArc order='13.0' xlink:arcrole='http://xbrl.org/int/dim/arcrole/domain-member' xlink:from='loc_TypeOfDeferredCompensationDomain' xlink:to='loc_DeferredCompensationExcludingShareBasedPaymentsAndRetirementBenefitsMember' xlink:type='arc' />
<link:definitionArc order='14.0' xlink:arcrole='http://xbrl.org/int/dim/arcrole/domain-member' xlink:from='loc_DeferredCompensationExcludingShareBasedPaymentsAndRetirementBenefitsMember' xlink:to='loc_DeferredProfitSharingMember' xlink:type='arc' />
<link:definitionArc order='15.0' xlink:arcrole='http://xbrl.org/int/dim/arcrole/domain-member' xlink:from='loc_DeferredCompensationExcludingShareBasedPaymentsAndRetirementBenefitsMember' xlink:to='loc_DeferredBonusMember' xlink:type='arc' />
</link:definitionLink>
</link:linkbase>
