<?xml version="1.0" encoding="UTF-8" standalone="no"?>

<!--
(c) XBRL US, Inc. 2007-2010; Financial Accounting Foundation, Inc. 2010-2011.  All Rights Reserved.
Notice: Authorized Uses are Set Forth at http://xbrl.fasb.org/terms/TaxonomiesTermsConditions.html
  -->
<link:linkbase xmlns:link='http://www.xbrl.org/2003/linkbase' xmlns:xbrldt='http://xbrl.org/2005/xbrldt' xmlns:xlink='http://www.w3.org/1999/xlink' xmlns:xsi='http://www.w3.org/2001/XMLSchema-instance' xsi:schemaLocation='http://www.xbrl.org/2003/linkbase http://www.xbrl.org/2003/xbrl-linkbase-2003-12-31.xsd'>
<link:roleRef roleURI='http://fasb.org/us-gaap/role/disclosure/InvestmentsAllOtherInvestmentsScheduleOfLifeSettlementContractsFairValueMethodTable' xlink:href='../elts/us-roles-2011-01-31.xsd#InvestmentsAllOtherInvestmentsScheduleOfLifeSettlementContractsFairValueMethodTable' xlink:type='simple' />
<link:roleRef roleURI='http://fasb.org/us-gaap/role/disclosure/InvestmentsAllOtherInvestmentsScheduleOfLifeSettlementContractsInvestmentMethodTable' xlink:href='../elts/us-roles-2011-01-31.xsd#InvestmentsAllOtherInvestmentsScheduleOfLifeSettlementContractsInvestmentMethodTable' xlink:type='simple' />
<link:roleRef roleURI='http://fasb.org/us-gaap/role/disclosure/InvestmentsAllOtherInvestmentsScheduleOfCostMethodInvestmentsTable' xlink:href='../elts/us-roles-2011-01-31.xsd#InvestmentsAllOtherInvestmentsScheduleOfCostMethodInvestmentsTable' xlink:type='simple' />
<link:arcroleRef arcroleURI='http://xbrl.org/int/dim/arcrole/all' xlink:href='http://www.xbrl.org/2005/xbrldt-2005.xsd#all' xlink:type='simple' />
<link:arcroleRef arcroleURI='http://xbrl.org/int/dim/arcrole/hypercube-dimension' xlink:href='http://www.xbrl.org/2005/xbrldt-2005.xsd#hypercube-dimension' xlink:type='simple' />
<link:arcroleRef arcroleURI='http://xbrl.org/int/dim/arcrole/dimension-domain' xlink:href='http://www.xbrl.org/2005/xbrldt-2005.xsd#dimension-domain' xlink:type='simple' />
<link:arcroleRef arcroleURI='http://xbrl.org/int/dim/arcrole/dimension-default' xlink:href='http://www.xbrl.org/2005/xbrldt-2005.xsd#dimension-default' xlink:type='simple' />
<link:arcroleRef arcroleURI='http://xbrl.org/int/dim/arcrole/domain-member' xlink:href='http://www.xbrl.org/2005/xbrldt-2005.xsd#domain-member' xlink:type='simple' />
<!--Definition relationships for table ScheduleOfCostMethodInvestmentsTable in presentation http://fasb.org/us-gaap/role/disclosure/InvestmentsAllOtherInvestments-->
<link:definitionLink xlink:role='http://fasb.org/us-gaap/role/disclosure/InvestmentsAllOtherInvestmentsScheduleOfCostMethodInvestmentsTable' xlink:type='extended'>
<link:loc xlink:href='../elts/us-gaap-2011-01-31.xsd#us-gaap_ScheduleOfCostMethodInvestmentsTable' xlink:label='loc_ScheduleOfCostMethodInvestmentsTable' xlink:type='locator' />
<link:loc xlink:href='../elts/us-gaap-2011-01-31.xsd#us-gaap_ScheduleOfCostMethodInvestmentsLineItems' xlink:label='loc_ScheduleOfCostMethodInvestmentsLineItems' xlink:type='locator' />
<link:definitionArc order='1.0' xbrldt:closed='true' xbrldt:contextElement='segment' xlink:arcrole='http://xbrl.org/int/dim/arcrole/all' xlink:from='loc_ScheduleOfCostMethodInvestmentsLineItems' xlink:to='loc_ScheduleOfCostMethodInvestmentsTable' xlink:type='arc' />
</link:definitionLink>
<link:definitionLink xlink:role='http://fasb.org/us-gaap/role/disclosure/InvestmentsAllOtherInvestmentsScheduleOfCostMethodInvestmentsTable' xlink:type='extended'>
<link:loc xlink:href='../elts/us-gaap-2011-01-31.xsd#us-gaap_ScheduleOfCostMethodInvestmentsTable' xlink:label='loc_ScheduleOfCostMethodInvestmentsTable' xlink:type='locator' />
<link:loc xlink:href='../elts/us-gaap-2011-01-31.xsd#us-gaap_ScheduleOfCostMethodInvestmentsAxis' xlink:label='loc_ScheduleOfCostMethodInvestmentsAxis' xlink:type='locator' />
<link:definitionArc order='1.0' xlink:arcrole='http://xbrl.org/int/dim/arcrole/hypercube-dimension' xlink:from='loc_ScheduleOfCostMethodInvestmentsTable' xlink:to='loc_ScheduleOfCostMethodInvestmentsAxis' xlink:type='arc' />
</link:definitionLink>
<link:definitionLink xlink:role='http://fasb.org/us-gaap/role/disclosure/InvestmentsAllOtherInvestmentsScheduleOfCostMethodInvestmentsTable' xlink:type='extended'>
<link:loc xlink:href='../elts/us-gaap-2011-01-31.xsd#us-gaap_ScheduleOfCostMethodInvestmentsAxis' xlink:label='loc_ScheduleOfCostMethodInvestmentsAxis' xlink:type='locator' />
<link:loc xlink:href='../elts/us-gaap-2011-01-31.xsd#us-gaap_MajorTypesOfDebtAndEquitySecuritiesDomain' xlink:label='loc_MajorTypesOfDebtAndEquitySecuritiesDomain' xlink:type='locator' />
<link:definitionArc order='1.0' xlink:arcrole='http://xbrl.org/int/dim/arcrole/dimension-domain' xlink:from='loc_ScheduleOfCostMethodInvestmentsAxis' xlink:to='loc_MajorTypesOfDebtAndEquitySecuritiesDomain' xlink:type='arc' />
</link:definitionLink>
<link:definitionLink xlink:role='http://fasb.org/us-gaap/role/disclosure/InvestmentsAllOtherInvestmentsScheduleOfCostMethodInvestmentsTable' xlink:type='extended'>
<link:loc xlink:href='../elts/us-gaap-2011-01-31.xsd#us-gaap_ScheduleOfCostMethodInvestmentsAxis' xlink:label='loc_ScheduleOfCostMethodInvestmentsAxis' xlink:type='locator' />
<link:loc xlink:href='../elts/us-gaap-2011-01-31.xsd#us-gaap_MajorTypesOfDebtAndEquitySecuritiesDomain' xlink:label='loc_MajorTypesOfDebtAndEquitySecuritiesDomain' xlink:type='locator' />
<link:definitionArc order='1.0' xlink:arcrole='http://xbrl.org/int/dim/arcrole/dimension-default' xlink:from='loc_ScheduleOfCostMethodInvestmentsAxis' xlink:to='loc_MajorTypesOfDebtAndEquitySecuritiesDomain' xlink:type='arc' />
</link:definitionLink>
<link:definitionLink xlink:role='http://fasb.org/us-gaap/role/disclosure/InvestmentsAllOtherInvestmentsScheduleOfCostMethodInvestmentsTable' xlink:type='extended'>
<link:loc xlink:href='../elts/us-gaap-2011-01-31.xsd#us-gaap_ScheduleOfCostMethodInvestmentsLineItems' xlink:label='loc_ScheduleOfCostMethodInvestmentsLineItems' xlink:type='locator' />
<link:loc xlink:href='../elts/us-gaap-2011-01-31.xsd#us-gaap_CostMethodInvestmentsRealizedGainLossAbstract' xlink:label='loc_CostMethodInvestmentsRealizedGainLossAbstract' xlink:type='locator' />
<link:loc xlink:href='../elts/us-gaap-2011-01-31.xsd#us-gaap_CostMethodInvestmentsRealizedGains' xlink:label='loc_CostMethodInvestmentsRealizedGains' xlink:type='locator' />
<link:loc xlink:href='../elts/us-gaap-2011-01-31.xsd#us-gaap_CostmethodInvestmentsRealizedLossesExcludingOtherThanTemporaryImpairments' xlink:label='loc_CostmethodInvestmentsRealizedLossesExcludingOtherThanTemporaryImpairments' xlink:type='locator' />
<link:loc xlink:href='../elts/us-gaap-2011-01-31.xsd#us-gaap_CostmethodInvestmentsRealizedGainLossExcludingOtherThanTemporaryImpairments' xlink:label='loc_CostmethodInvestmentsRealizedGainLossExcludingOtherThanTemporaryImpairments' xlink:type='locator' />
<link:loc xlink:href='../elts/us-gaap-2011-01-31.xsd#us-gaap_CostmethodInvestmentsRealizedGainLossAlternativeAbstract' xlink:label='loc_CostmethodInvestmentsRealizedGainLossAlternativeAbstract' xlink:type='locator' />
<link:loc xlink:href='../elts/us-gaap-2011-01-31.xsd#us-gaap_CostMethodInvestmentsRealizedLosses' xlink:label='loc_CostMethodInvestmentsRealizedLosses' xlink:type='locator' />
<link:loc xlink:href='../elts/us-gaap-2011-01-31.xsd#us-gaap_CostMethodInvestmentsRealizedGainLoss' xlink:label='loc_CostMethodInvestmentsRealizedGainLoss' xlink:type='locator' />
<link:loc xlink:href='../elts/us-gaap-2011-01-31.xsd#us-gaap_CostMethodInvestmentsAggregateCarryingAmount' xlink:label='loc_CostMethodInvestmentsAggregateCarryingAmount' xlink:type='locator' />
<link:loc xlink:href='../elts/us-gaap-2011-01-31.xsd#us-gaap_CostmethodInvestmentsOtherThanTemporaryImpairment' xlink:label='loc_CostmethodInvestmentsOtherThanTemporaryImpairment' xlink:type='locator' />
<link:loc xlink:href='../elts/us-gaap-2011-01-31.xsd#us-gaap_CostMethodInvestmentsAggregateCarryingAmountNotEvaluatedForImpairment' xlink:label='loc_CostMethodInvestmentsAggregateCarryingAmountNotEvaluatedForImpairment' xlink:type='locator' />
<link:loc xlink:href='../elts/us-gaap-2011-01-31.xsd#us-gaap_CostMethodInvestmentsStatementThatFairValueWasNotEstimated' xlink:label='loc_CostMethodInvestmentsStatementThatFairValueWasNotEstimated' xlink:type='locator' />
<link:loc xlink:href='../elts/us-gaap-2011-01-31.xsd#us-gaap_CostMethodInvestmentsAdditionalInformation' xlink:label='loc_CostMethodInvestmentsAdditionalInformation' xlink:type='locator' />
<link:definitionArc order='1.0' xlink:arcrole='http://xbrl.org/int/dim/arcrole/domain-member' xlink:from='loc_ScheduleOfCostMethodInvestmentsLineItems' xlink:to='loc_CostMethodInvestmentsRealizedGainLossAbstract' xlink:type='arc' />
<link:definitionArc order='2.0' xlink:arcrole='http://xbrl.org/int/dim/arcrole/domain-member' xlink:from='loc_CostMethodInvestmentsRealizedGainLossAbstract' xlink:to='loc_CostMethodInvestmentsRealizedGains' xlink:type='arc' />
<link:definitionArc order='3.0' xlink:arcrole='http://xbrl.org/int/dim/arcrole/domain-member' xlink:from='loc_CostMethodInvestmentsRealizedGainLossAbstract' xlink:to='loc_CostmethodInvestmentsRealizedLossesExcludingOtherThanTemporaryImpairments' xlink:type='arc' />
<link:definitionArc order='4.0' xlink:arcrole='http://xbrl.org/int/dim/arcrole/domain-member' xlink:from='loc_CostMethodInvestmentsRealizedGainLossAbstract' xlink:to='loc_CostmethodInvestmentsRealizedGainLossExcludingOtherThanTemporaryImpairments' xlink:type='arc' />
<link:definitionArc order='5.0' xlink:arcrole='http://xbrl.org/int/dim/arcrole/domain-member' xlink:from='loc_ScheduleOfCostMethodInvestmentsLineItems' xlink:to='loc_CostmethodInvestmentsRealizedGainLossAlternativeAbstract' xlink:type='arc' />
<link:definitionArc order='6.0' xlink:arcrole='http://xbrl.org/int/dim/arcrole/domain-member' xlink:from='loc_CostmethodInvestmentsRealizedGainLossAlternativeAbstract' xlink:to='loc_CostMethodInvestmentsRealizedGains' xlink:type='arc' />
<link:definitionArc order='7.0' xlink:arcrole='http://xbrl.org/int/dim/arcrole/domain-member' xlink:from='loc_CostmethodInvestmentsRealizedGainLossAlternativeAbstract' xlink:to='loc_CostMethodInvestmentsRealizedLosses' xlink:type='arc' />
<link:definitionArc order='8.0' xlink:arcrole='http://xbrl.org/int/dim/arcrole/domain-member' xlink:from='loc_CostmethodInvestmentsRealizedGainLossAlternativeAbstract' xlink:to='loc_CostMethodInvestmentsRealizedGainLoss' xlink:type='arc' />
<link:definitionArc order='9.0' xlink:arcrole='http://xbrl.org/int/dim/arcrole/domain-member' xlink:from='loc_ScheduleOfCostMethodInvestmentsLineItems' xlink:to='loc_CostMethodInvestmentsAggregateCarryingAmount' xlink:type='arc' />
<link:definitionArc order='10.0' xlink:arcrole='http://xbrl.org/int/dim/arcrole/domain-member' xlink:from='loc_ScheduleOfCostMethodInvestmentsLineItems' xlink:to='loc_CostmethodInvestmentsOtherThanTemporaryImpairment' xlink:type='arc' />
<link:definitionArc order='11.0' xlink:arcrole='http://xbrl.org/int/dim/arcrole/domain-member' xlink:from='loc_ScheduleOfCostMethodInvestmentsLineItems' xlink:to='loc_CostMethodInvestmentsAggregateCarryingAmountNotEvaluatedForImpairment' xlink:type='arc' />
<link:definitionArc order='12.0' xlink:arcrole='http://xbrl.org/int/dim/arcrole/domain-member' xlink:from='loc_ScheduleOfCostMethodInvestmentsLineItems' xlink:to='loc_CostMethodInvestmentsStatementThatFairValueWasNotEstimated' xlink:type='arc' />
<link:definitionArc order='13.0' xlink:arcrole='http://xbrl.org/int/dim/arcrole/domain-member' xlink:from='loc_ScheduleOfCostMethodInvestmentsLineItems' xlink:to='loc_CostMethodInvestmentsAdditionalInformation' xlink:type='arc' />
</link:definitionLink>
<link:definitionLink xlink:role='http://fasb.org/us-gaap/role/disclosure/InvestmentsAllOtherInvestmentsScheduleOfCostMethodInvestmentsTable' xlink:type='extended'>
<link:loc xlink:href='../elts/us-gaap-2011-01-31.xsd#us-gaap_MajorTypesOfDebtAndEquitySecuritiesDomain' xlink:label='loc_MajorTypesOfDebtAndEquitySecuritiesDomain' xlink:type='locator' />
<link:loc xlink:href='../elts/us-gaap-2011-01-31.xsd#us-gaap_SecuritiesAssetsMember' xlink:label='loc_SecuritiesAssetsMember' xlink:type='locator' />
<link:loc xlink:href='../elts/us-gaap-2011-01-31.xsd#us-gaap_EquitySecuritiesMember' xlink:label='loc_EquitySecuritiesMember' xlink:type='locator' />
<link:loc xlink:href='../elts/us-gaap-2011-01-31.xsd#us-gaap_CommonStockMember' xlink:label='loc_CommonStockMember' xlink:type='locator' />
<link:loc xlink:href='../elts/us-gaap-2011-01-31.xsd#us-gaap_PreferredStockMember' xlink:label='loc_PreferredStockMember' xlink:type='locator' />
<link:loc xlink:href='../elts/us-gaap-2011-01-31.xsd#us-gaap_NonredeemablePreferredStockMember' xlink:label='loc_NonredeemablePreferredStockMember' xlink:type='locator' />
<link:loc xlink:href='../elts/us-gaap-2011-01-31.xsd#us-gaap_RedeemablePreferredStockMember' xlink:label='loc_RedeemablePreferredStockMember' xlink:type='locator' />
<link:loc xlink:href='../elts/us-gaap-2011-01-31.xsd#us-gaap_ConvertiblePreferredStockMember' xlink:label='loc_ConvertiblePreferredStockMember' xlink:type='locator' />
<link:loc xlink:href='../elts/us-gaap-2011-01-31.xsd#us-gaap_DebtSecuritiesMember' xlink:label='loc_DebtSecuritiesMember' xlink:type='locator' />
<link:loc xlink:href='../elts/us-gaap-2011-01-31.xsd#us-gaap_USTreasuryAndGovernmentMember' xlink:label='loc_USTreasuryAndGovernmentMember' xlink:type='locator' />
<link:loc xlink:href='../elts/us-gaap-2011-01-31.xsd#us-gaap_USTreasurySecuritiesMember' xlink:label='loc_USTreasurySecuritiesMember' xlink:type='locator' />
<link:loc xlink:href='../elts/us-gaap-2011-01-31.xsd#us-gaap_USGovernmentAgenciesDebtSecuritiesMember' xlink:label='loc_USGovernmentAgenciesDebtSecuritiesMember' xlink:type='locator' />
<link:loc xlink:href='../elts/us-gaap-2011-01-31.xsd#us-gaap_USGovernmentSponsoredEnterprisesDebtSecuritiesMember' xlink:label='loc_USGovernmentSponsoredEnterprisesDebtSecuritiesMember' xlink:type='locator' />
<link:loc xlink:href='../elts/us-gaap-2011-01-31.xsd#us-gaap_USStatesAndPoliticalSubdivisionsMember' xlink:label='loc_USStatesAndPoliticalSubdivisionsMember' xlink:type='locator' />
<link:loc xlink:href='../elts/us-gaap-2011-01-31.xsd#us-gaap_ForeignGovernmentDebtSecuritiesMember' xlink:label='loc_ForeignGovernmentDebtSecuritiesMember' xlink:type='locator' />
<link:loc xlink:href='../elts/us-gaap-2011-01-31.xsd#us-gaap_CorporateDebtSecuritiesMember' xlink:label='loc_CorporateDebtSecuritiesMember' xlink:type='locator' />
<link:loc xlink:href='../elts/us-gaap-2011-01-31.xsd#us-gaap_DomesticCorporateDebtSecuritiesMember' xlink:label='loc_DomesticCorporateDebtSecuritiesMember' xlink:type='locator' />
<link:loc xlink:href='../elts/us-gaap-2011-01-31.xsd#us-gaap_ForeignCorporateDebtSecuritiesMember' xlink:label='loc_ForeignCorporateDebtSecuritiesMember' xlink:type='locator' />
<link:loc xlink:href='../elts/us-gaap-2011-01-31.xsd#us-gaap_CommercialPaperNotIncludedWithCashAndCashEquivalentsMember' xlink:label='loc_CommercialPaperNotIncludedWithCashAndCashEquivalentsMember' xlink:type='locator' />
<link:loc xlink:href='../elts/us-gaap-2011-01-31.xsd#us-gaap_ConvertibleDebtSecuritiesMember' xlink:label='loc_ConvertibleDebtSecuritiesMember' xlink:type='locator' />
<link:loc xlink:href='../elts/us-gaap-2011-01-31.xsd#us-gaap_AssetBackedSecuritiesMember' xlink:label='loc_AssetBackedSecuritiesMember' xlink:type='locator' />
<link:loc xlink:href='../elts/us-gaap-2011-01-31.xsd#us-gaap_MortgageBackedSecuritiesMember' xlink:label='loc_MortgageBackedSecuritiesMember' xlink:type='locator' />
<link:loc xlink:href='../elts/us-gaap-2011-01-31.xsd#us-gaap_MortgageBackedSecuritiesIssuedByUSGovernmentSponsoredEnterprisesMember' xlink:label='loc_MortgageBackedSecuritiesIssuedByUSGovernmentSponsoredEnterprisesMember' xlink:type='locator' />
<link:loc xlink:href='../elts/us-gaap-2011-01-31.xsd#us-gaap_MortgageBackedSecuritiesIssuedByPrivateEnterprisesMember' xlink:label='loc_MortgageBackedSecuritiesIssuedByPrivateEnterprisesMember' xlink:type='locator' />
<link:loc xlink:href='../elts/us-gaap-2011-01-31.xsd#us-gaap_ResidentialMortgageBackedSecuritiesMember' xlink:label='loc_ResidentialMortgageBackedSecuritiesMember' xlink:type='locator' />
<link:loc xlink:href='../elts/us-gaap-2011-01-31.xsd#us-gaap_CommercialMortgageBackedSecuritiesMember' xlink:label='loc_CommercialMortgageBackedSecuritiesMember' xlink:type='locator' />
<link:loc xlink:href='../elts/us-gaap-2011-01-31.xsd#us-gaap_CollateralizedDebtObligationsMember' xlink:label='loc_CollateralizedDebtObligationsMember' xlink:type='locator' />
<link:loc xlink:href='../elts/us-gaap-2011-01-31.xsd#us-gaap_AssetBackedSecuritiesSecuritizedLoansAndReceivablesMember' xlink:label='loc_AssetBackedSecuritiesSecuritizedLoansAndReceivablesMember' xlink:type='locator' />
<link:loc xlink:href='../elts/us-gaap-2011-01-31.xsd#us-gaap_InterestOnlyStripMember' xlink:label='loc_InterestOnlyStripMember' xlink:type='locator' />
<link:loc xlink:href='../elts/us-gaap-2011-01-31.xsd#us-gaap_PrincipalOnlyStripMember' xlink:label='loc_PrincipalOnlyStripMember' xlink:type='locator' />
<link:loc xlink:href='../elts/us-gaap-2011-01-31.xsd#us-gaap_FixedIncomeSecuritiesMember' xlink:label='loc_FixedIncomeSecuritiesMember' xlink:type='locator' />
<link:loc xlink:href='../elts/us-gaap-2011-01-31.xsd#us-gaap_AuctionRateSecuritiesMember' xlink:label='loc_AuctionRateSecuritiesMember' xlink:type='locator' />
<link:loc xlink:href='../elts/us-gaap-2011-01-31.xsd#us-gaap_VariableRateDemandObligationMember' xlink:label='loc_VariableRateDemandObligationMember' xlink:type='locator' />
<link:loc xlink:href='../elts/us-gaap-2011-01-31.xsd#us-gaap_OtherDebtSecuritiesMember' xlink:label='loc_OtherDebtSecuritiesMember' xlink:type='locator' />
<link:definitionArc order='1.0' xlink:arcrole='http://xbrl.org/int/dim/arcrole/domain-member' xlink:from='loc_MajorTypesOfDebtAndEquitySecuritiesDomain' xlink:to='loc_SecuritiesAssetsMember' xlink:type='arc' />
<link:definitionArc order='2.0' xlink:arcrole='http://xbrl.org/int/dim/arcrole/domain-member' xlink:from='loc_SecuritiesAssetsMember' xlink:to='loc_EquitySecuritiesMember' xlink:type='arc' />
<link:definitionArc order='3.0' xlink:arcrole='http://xbrl.org/int/dim/arcrole/domain-member' xlink:from='loc_EquitySecuritiesMember' xlink:to='loc_CommonStockMember' xlink:type='arc' />
<link:definitionArc order='4.0' xlink:arcrole='http://xbrl.org/int/dim/arcrole/domain-member' xlink:from='loc_EquitySecuritiesMember' xlink:to='loc_PreferredStockMember' xlink:type='arc' />
<link:definitionArc order='5.0' xlink:arcrole='http://xbrl.org/int/dim/arcrole/domain-member' xlink:from='loc_PreferredStockMember' xlink:to='loc_NonredeemablePreferredStockMember' xlink:type='arc' />
<link:definitionArc order='6.0' xlink:arcrole='http://xbrl.org/int/dim/arcrole/domain-member' xlink:from='loc_PreferredStockMember' xlink:to='loc_RedeemablePreferredStockMember' xlink:type='arc' />
<link:definitionArc order='7.0' xlink:arcrole='http://xbrl.org/int/dim/arcrole/domain-member' xlink:from='loc_PreferredStockMember' xlink:to='loc_ConvertiblePreferredStockMember' xlink:type='arc' />
<link:definitionArc order='8.0' xlink:arcrole='http://xbrl.org/int/dim/arcrole/domain-member' xlink:from='loc_SecuritiesAssetsMember' xlink:to='loc_DebtSecuritiesMember' xlink:type='arc' />
<link:definitionArc order='9.0' xlink:arcrole='http://xbrl.org/int/dim/arcrole/domain-member' xlink:from='loc_DebtSecuritiesMember' xlink:to='loc_USTreasuryAndGovernmentMember' xlink:type='arc' />
<link:definitionArc order='10.0' xlink:arcrole='http://xbrl.org/int/dim/arcrole/domain-member' xlink:from='loc_USTreasuryAndGovernmentMember' xlink:to='loc_USTreasurySecuritiesMember' xlink:type='arc' />
<link:definitionArc order='11.0' xlink:arcrole='http://xbrl.org/int/dim/arcrole/domain-member' xlink:from='loc_USTreasuryAndGovernmentMember' xlink:to='loc_USGovernmentAgenciesDebtSecuritiesMember' xlink:type='arc' />
<link:definitionArc order='12.0' xlink:arcrole='http://xbrl.org/int/dim/arcrole/domain-member' xlink:from='loc_USTreasuryAndGovernmentMember' xlink:to='loc_USGovernmentSponsoredEnterprisesDebtSecuritiesMember' xlink:type='arc' />
<link:definitionArc order='13.0' xlink:arcrole='http://xbrl.org/int/dim/arcrole/domain-member' xlink:from='loc_DebtSecuritiesMember' xlink:to='loc_USStatesAndPoliticalSubdivisionsMember' xlink:type='arc' />
<link:definitionArc order='14.0' xlink:arcrole='http://xbrl.org/int/dim/arcrole/domain-member' xlink:from='loc_DebtSecuritiesMember' xlink:to='loc_ForeignGovernmentDebtSecuritiesMember' xlink:type='arc' />
<link:definitionArc order='15.0' xlink:arcrole='http://xbrl.org/int/dim/arcrole/domain-member' xlink:from='loc_DebtSecuritiesMember' xlink:to='loc_CorporateDebtSecuritiesMember' xlink:type='arc' />
<link:definitionArc order='16.0' xlink:arcrole='http://xbrl.org/int/dim/arcrole/domain-member' xlink:from='loc_CorporateDebtSecuritiesMember' xlink:to='loc_DomesticCorporateDebtSecuritiesMember' xlink:type='arc' />
<link:definitionArc order='17.0' xlink:arcrole='http://xbrl.org/int/dim/arcrole/domain-member' xlink:from='loc_CorporateDebtSecuritiesMember' xlink:to='loc_ForeignCorporateDebtSecuritiesMember' xlink:type='arc' />
<link:definitionArc order='18.0' xlink:arcrole='http://xbrl.org/int/dim/arcrole/domain-member' xlink:from='loc_CorporateDebtSecuritiesMember' xlink:to='loc_CommercialPaperNotIncludedWithCashAndCashEquivalentsMember' xlink:type='arc' />
<link:definitionArc order='19.0' xlink:arcrole='http://xbrl.org/int/dim/arcrole/domain-member' xlink:from='loc_CorporateDebtSecuritiesMember' xlink:to='loc_ConvertibleDebtSecuritiesMember' xlink:type='arc' />
<link:definitionArc order='20.0' xlink:arcrole='http://xbrl.org/int/dim/arcrole/domain-member' xlink:from='loc_DebtSecuritiesMember' xlink:to='loc_AssetBackedSecuritiesMember' xlink:type='arc' />
<link:definitionArc order='21.0' xlink:arcrole='http://xbrl.org/int/dim/arcrole/domain-member' xlink:from='loc_AssetBackedSecuritiesMember' xlink:to='loc_MortgageBackedSecuritiesMember' xlink:type='arc' />
<link:definitionArc order='22.0' xlink:arcrole='http://xbrl.org/int/dim/arcrole/domain-member' xlink:from='loc_MortgageBackedSecuritiesMember' xlink:to='loc_MortgageBackedSecuritiesIssuedByUSGovernmentSponsoredEnterprisesMember' xlink:type='arc' />
<link:definitionArc order='23.0' xlink:arcrole='http://xbrl.org/int/dim/arcrole/domain-member' xlink:from='loc_MortgageBackedSecuritiesMember' xlink:to='loc_MortgageBackedSecuritiesIssuedByPrivateEnterprisesMember' xlink:type='arc' />
<link:definitionArc order='24.0' xlink:arcrole='http://xbrl.org/int/dim/arcrole/domain-member' xlink:from='loc_MortgageBackedSecuritiesMember' xlink:to='loc_ResidentialMortgageBackedSecuritiesMember' xlink:type='arc' />
<link:definitionArc order='25.0' xlink:arcrole='http://xbrl.org/int/dim/arcrole/domain-member' xlink:from='loc_MortgageBackedSecuritiesMember' xlink:to='loc_CommercialMortgageBackedSecuritiesMember' xlink:type='arc' />
<link:definitionArc order='26.0' xlink:arcrole='http://xbrl.org/int/dim/arcrole/domain-member' xlink:from='loc_AssetBackedSecuritiesMember' xlink:to='loc_CollateralizedDebtObligationsMember' xlink:type='arc' />
<link:definitionArc order='27.0' xlink:arcrole='http://xbrl.org/int/dim/arcrole/domain-member' xlink:from='loc_AssetBackedSecuritiesMember' xlink:to='loc_AssetBackedSecuritiesSecuritizedLoansAndReceivablesMember' xlink:type='arc' />
<link:definitionArc order='28.0' xlink:arcrole='http://xbrl.org/int/dim/arcrole/domain-member' xlink:from='loc_AssetBackedSecuritiesMember' xlink:to='loc_InterestOnlyStripMember' xlink:type='arc' />
<link:definitionArc order='29.0' xlink:arcrole='http://xbrl.org/int/dim/arcrole/domain-member' xlink:from='loc_AssetBackedSecuritiesMember' xlink:to='loc_PrincipalOnlyStripMember' xlink:type='arc' />
<link:definitionArc order='30.0' xlink:arcrole='http://xbrl.org/int/dim/arcrole/domain-member' xlink:from='loc_DebtSecuritiesMember' xlink:to='loc_FixedIncomeSecuritiesMember' xlink:type='arc' />
<link:definitionArc order='31.0' xlink:arcrole='http://xbrl.org/int/dim/arcrole/domain-member' xlink:from='loc_DebtSecuritiesMember' xlink:to='loc_AuctionRateSecuritiesMember' xlink:type='arc' />
<link:definitionArc order='32.0' xlink:arcrole='http://xbrl.org/int/dim/arcrole/domain-member' xlink:from='loc_DebtSecuritiesMember' xlink:to='loc_VariableRateDemandObligationMember' xlink:type='arc' />
<link:definitionArc order='33.0' xlink:arcrole='http://xbrl.org/int/dim/arcrole/domain-member' xlink:from='loc_DebtSecuritiesMember' xlink:to='loc_OtherDebtSecuritiesMember' xlink:type='arc' />
</link:definitionLink>
<!--Definition relationships for table ScheduleOfLifeSettlementContractsFairValueMethodTable in presentation http://fasb.org/us-gaap/role/disclosure/InvestmentsAllOtherInvestments-->
<link:definitionLink xlink:role='http://fasb.org/us-gaap/role/disclosure/InvestmentsAllOtherInvestmentsScheduleOfLifeSettlementContractsFairValueMethodTable' xlink:type='extended'>
<link:loc xlink:href='../elts/us-gaap-2011-01-31.xsd#us-gaap_ScheduleOfLifeSettlementContractsFairValueMethodTable' xlink:label='loc_ScheduleOfLifeSettlementContractsFairValueMethodTable' xlink:type='locator' />
<link:loc xlink:href='../elts/us-gaap-2011-01-31.xsd#us-gaap_LifeSettlementContractsFairValueMethodDisclosureItemsLineItems' xlink:label='loc_LifeSettlementContractsFairValueMethodDisclosureItemsLineItems' xlink:type='locator' />
<link:definitionArc order='1.0' xbrldt:closed='true' xbrldt:contextElement='segment' xlink:arcrole='http://xbrl.org/int/dim/arcrole/all' xlink:from='loc_LifeSettlementContractsFairValueMethodDisclosureItemsLineItems' xlink:to='loc_ScheduleOfLifeSettlementContractsFairValueMethodTable' xlink:type='arc' />
</link:definitionLink>
<link:definitionLink xlink:role='http://fasb.org/us-gaap/role/disclosure/InvestmentsAllOtherInvestmentsScheduleOfLifeSettlementContractsFairValueMethodTable' xlink:type='extended'>
<link:loc xlink:href='../elts/us-gaap-2011-01-31.xsd#us-gaap_ScheduleOfLifeSettlementContractsFairValueMethodTable' xlink:label='loc_ScheduleOfLifeSettlementContractsFairValueMethodTable' xlink:type='locator' />
<link:loc xlink:href='../elts/us-gaap-2011-01-31.xsd#us-gaap_ScheduleOfLifeSettlementContractsFairValueMethodFiveYearDisclosureAxis' xlink:label='loc_ScheduleOfLifeSettlementContractsFairValueMethodFiveYearDisclosureAxis' xlink:type='locator' />
<link:definitionArc order='1.0' xlink:arcrole='http://xbrl.org/int/dim/arcrole/hypercube-dimension' xlink:from='loc_ScheduleOfLifeSettlementContractsFairValueMethodTable' xlink:to='loc_ScheduleOfLifeSettlementContractsFairValueMethodFiveYearDisclosureAxis' xlink:type='arc' />
</link:definitionLink>
<link:definitionLink xlink:role='http://fasb.org/us-gaap/role/disclosure/InvestmentsAllOtherInvestmentsScheduleOfLifeSettlementContractsFairValueMethodTable' xlink:type='extended'>
<link:loc xlink:href='../elts/us-gaap-2011-01-31.xsd#us-gaap_ScheduleOfLifeSettlementContractsFairValueMethodFiveYearDisclosureAxis' xlink:label='loc_ScheduleOfLifeSettlementContractsFairValueMethodFiveYearDisclosureAxis' xlink:type='locator' />
<link:loc xlink:href='../elts/us-gaap-2011-01-31.xsd#us-gaap_FiveYearDisclosureDomain' xlink:label='loc_FiveYearDisclosureDomain' xlink:type='locator' />
<link:definitionArc order='1.0' xlink:arcrole='http://xbrl.org/int/dim/arcrole/dimension-domain' xlink:from='loc_ScheduleOfLifeSettlementContractsFairValueMethodFiveYearDisclosureAxis' xlink:to='loc_FiveYearDisclosureDomain' xlink:type='arc' />
</link:definitionLink>
<link:definitionLink xlink:role='http://fasb.org/us-gaap/role/disclosure/InvestmentsAllOtherInvestmentsScheduleOfLifeSettlementContractsFairValueMethodTable' xlink:type='extended'>
<link:loc xlink:href='../elts/us-gaap-2011-01-31.xsd#us-gaap_ScheduleOfLifeSettlementContractsFairValueMethodFiveYearDisclosureAxis' xlink:label='loc_ScheduleOfLifeSettlementContractsFairValueMethodFiveYearDisclosureAxis' xlink:type='locator' />
<link:loc xlink:href='../elts/us-gaap-2011-01-31.xsd#us-gaap_FiveYearDisclosureDomain' xlink:label='loc_FiveYearDisclosureDomain' xlink:type='locator' />
<link:definitionArc order='1.0' xlink:arcrole='http://xbrl.org/int/dim/arcrole/dimension-default' xlink:from='loc_ScheduleOfLifeSettlementContractsFairValueMethodFiveYearDisclosureAxis' xlink:to='loc_FiveYearDisclosureDomain' xlink:type='arc' />
</link:definitionLink>
<link:definitionLink xlink:role='http://fasb.org/us-gaap/role/disclosure/InvestmentsAllOtherInvestmentsScheduleOfLifeSettlementContractsFairValueMethodTable' xlink:type='extended'>
<link:loc xlink:href='../elts/us-gaap-2011-01-31.xsd#us-gaap_LifeSettlementContractsFairValueMethodDisclosureItemsLineItems' xlink:label='loc_LifeSettlementContractsFairValueMethodDisclosureItemsLineItems' xlink:type='locator' />
<link:loc xlink:href='../elts/us-gaap-2011-01-31.xsd#us-gaap_LifeSettlementContractsFairValueMethodNumberOfContracts' xlink:label='loc_LifeSettlementContractsFairValueMethodNumberOfContracts' xlink:type='locator' />
<link:loc xlink:href='../elts/us-gaap-2011-01-31.xsd#us-gaap_LifeSettlementContractsFairValueMethodCarryingAmount' xlink:label='loc_LifeSettlementContractsFairValueMethodCarryingAmount' xlink:type='locator' />
<link:loc xlink:href='../elts/us-gaap-2011-01-31.xsd#us-gaap_LifeSettlementContractsFairValueMethodFaceValue' xlink:label='loc_LifeSettlementContractsFairValueMethodFaceValue' xlink:type='locator' />
<link:definitionArc order='1.0' xlink:arcrole='http://xbrl.org/int/dim/arcrole/domain-member' xlink:from='loc_LifeSettlementContractsFairValueMethodDisclosureItemsLineItems' xlink:to='loc_LifeSettlementContractsFairValueMethodNumberOfContracts' xlink:type='arc' />
<link:definitionArc order='2.0' xlink:arcrole='http://xbrl.org/int/dim/arcrole/domain-member' xlink:from='loc_LifeSettlementContractsFairValueMethodDisclosureItemsLineItems' xlink:to='loc_LifeSettlementContractsFairValueMethodCarryingAmount' xlink:type='arc' />
<link:definitionArc order='3.0' xlink:arcrole='http://xbrl.org/int/dim/arcrole/domain-member' xlink:from='loc_LifeSettlementContractsFairValueMethodDisclosureItemsLineItems' xlink:to='loc_LifeSettlementContractsFairValueMethodFaceValue' xlink:type='arc' />
</link:definitionLink>
<link:definitionLink xlink:role='http://fasb.org/us-gaap/role/disclosure/InvestmentsAllOtherInvestmentsScheduleOfLifeSettlementContractsFairValueMethodTable' xlink:type='extended'>
<link:loc xlink:href='../elts/us-gaap-2011-01-31.xsd#us-gaap_FiveYearDisclosureDomain' xlink:label='loc_FiveYearDisclosureDomain' xlink:type='locator' />
<link:loc xlink:href='../elts/us-gaap-2011-01-31.xsd#us-gaap_OneYearFromBalanceSheetDateMember' xlink:label='loc_OneYearFromBalanceSheetDateMember' xlink:type='locator' />
<link:loc xlink:href='../elts/us-gaap-2011-01-31.xsd#us-gaap_MoreThanOneAndWithinTwoYearsFromBalanceSheetDateMember' xlink:label='loc_MoreThanOneAndWithinTwoYearsFromBalanceSheetDateMember' xlink:type='locator' />
<link:loc xlink:href='../elts/us-gaap-2011-01-31.xsd#us-gaap_MoreThanTwoAndWithinThreeYearsFromBalanceSheetDateMember' xlink:label='loc_MoreThanTwoAndWithinThreeYearsFromBalanceSheetDateMember' xlink:type='locator' />
<link:loc xlink:href='../elts/us-gaap-2011-01-31.xsd#us-gaap_MoreThanThreeAndWithinFourYearsFromBalanceSheetDateMember' xlink:label='loc_MoreThanThreeAndWithinFourYearsFromBalanceSheetDateMember' xlink:type='locator' />
<link:loc xlink:href='../elts/us-gaap-2011-01-31.xsd#us-gaap_MoreThanFourAndWithinFiveYearsFromBalanceSheetDateMember' xlink:label='loc_MoreThanFourAndWithinFiveYearsFromBalanceSheetDateMember' xlink:type='locator' />
<link:loc xlink:href='../elts/us-gaap-2011-01-31.xsd#us-gaap_MoreThanFiveYearsFromBalanceSheetDateAndThereafterMember' xlink:label='loc_MoreThanFiveYearsFromBalanceSheetDateAndThereafterMember' xlink:type='locator' />
<link:definitionArc order='1.0' xlink:arcrole='http://xbrl.org/int/dim/arcrole/domain-member' xlink:from='loc_FiveYearDisclosureDomain' xlink:to='loc_OneYearFromBalanceSheetDateMember' xlink:type='arc' />
<link:definitionArc order='2.0' xlink:arcrole='http://xbrl.org/int/dim/arcrole/domain-member' xlink:from='loc_FiveYearDisclosureDomain' xlink:to='loc_MoreThanOneAndWithinTwoYearsFromBalanceSheetDateMember' xlink:type='arc' />
<link:definitionArc order='3.0' xlink:arcrole='http://xbrl.org/int/dim/arcrole/domain-member' xlink:from='loc_FiveYearDisclosureDomain' xlink:to='loc_MoreThanTwoAndWithinThreeYearsFromBalanceSheetDateMember' xlink:type='arc' />
<link:definitionArc order='4.0' xlink:arcrole='http://xbrl.org/int/dim/arcrole/domain-member' xlink:from='loc_FiveYearDisclosureDomain' xlink:to='loc_MoreThanThreeAndWithinFourYearsFromBalanceSheetDateMember' xlink:type='arc' />
<link:definitionArc order='5.0' xlink:arcrole='http://xbrl.org/int/dim/arcrole/domain-member' xlink:from='loc_FiveYearDisclosureDomain' xlink:to='loc_MoreThanFourAndWithinFiveYearsFromBalanceSheetDateMember' xlink:type='arc' />
<link:definitionArc order='6.0' xlink:arcrole='http://xbrl.org/int/dim/arcrole/domain-member' xlink:from='loc_FiveYearDisclosureDomain' xlink:to='loc_MoreThanFiveYearsFromBalanceSheetDateAndThereafterMember' xlink:type='arc' />
</link:definitionLink>
<!--Definition relationships for table ScheduleOfLifeSettlementContractsInvestmentMethodTable in presentation http://fasb.org/us-gaap/role/disclosure/InvestmentsAllOtherInvestments-->
<link:definitionLink xlink:role='http://fasb.org/us-gaap/role/disclosure/InvestmentsAllOtherInvestmentsScheduleOfLifeSettlementContractsInvestmentMethodTable' xlink:type='extended'>
<link:loc xlink:href='../elts/us-gaap-2011-01-31.xsd#us-gaap_ScheduleOfLifeSettlementContractsInvestmentMethodTable' xlink:label='loc_ScheduleOfLifeSettlementContractsInvestmentMethodTable' xlink:type='locator' />
<link:loc xlink:href='../elts/us-gaap-2011-01-31.xsd#us-gaap_LifeSettlementContractsInvestmentMethodDisclosureItemsLineItems' xlink:label='loc_LifeSettlementContractsInvestmentMethodDisclosureItemsLineItems' xlink:type='locator' />
<link:definitionArc order='1.0' xbrldt:closed='true' xbrldt:contextElement='segment' xlink:arcrole='http://xbrl.org/int/dim/arcrole/all' xlink:from='loc_LifeSettlementContractsInvestmentMethodDisclosureItemsLineItems' xlink:to='loc_ScheduleOfLifeSettlementContractsInvestmentMethodTable' xlink:type='arc' />
</link:definitionLink>
<link:definitionLink xlink:role='http://fasb.org/us-gaap/role/disclosure/InvestmentsAllOtherInvestmentsScheduleOfLifeSettlementContractsInvestmentMethodTable' xlink:type='extended'>
<link:loc xlink:href='../elts/us-gaap-2011-01-31.xsd#us-gaap_ScheduleOfLifeSettlementContractsInvestmentMethodTable' xlink:label='loc_ScheduleOfLifeSettlementContractsInvestmentMethodTable' xlink:type='locator' />
<link:loc xlink:href='../elts/us-gaap-2011-01-31.xsd#us-gaap_ScheduleOfLifeSettlementContractsInvestmentMethodFiveYearDisclosureAxis' xlink:label='loc_ScheduleOfLifeSettlementContractsInvestmentMethodFiveYearDisclosureAxis' xlink:type='locator' />
<link:definitionArc order='1.0' xlink:arcrole='http://xbrl.org/int/dim/arcrole/hypercube-dimension' xlink:from='loc_ScheduleOfLifeSettlementContractsInvestmentMethodTable' xlink:to='loc_ScheduleOfLifeSettlementContractsInvestmentMethodFiveYearDisclosureAxis' xlink:type='arc' />
</link:definitionLink>
<link:definitionLink xlink:role='http://fasb.org/us-gaap/role/disclosure/InvestmentsAllOtherInvestmentsScheduleOfLifeSettlementContractsInvestmentMethodTable' xlink:type='extended'>
<link:loc xlink:href='../elts/us-gaap-2011-01-31.xsd#us-gaap_ScheduleOfLifeSettlementContractsInvestmentMethodFiveYearDisclosureAxis' xlink:label='loc_ScheduleOfLifeSettlementContractsInvestmentMethodFiveYearDisclosureAxis' xlink:type='locator' />
<link:loc xlink:href='../elts/us-gaap-2011-01-31.xsd#us-gaap_FiveYearDisclosureDomain' xlink:label='loc_FiveYearDisclosureDomain' xlink:type='locator' />
<link:definitionArc order='1.0' xlink:arcrole='http://xbrl.org/int/dim/arcrole/dimension-domain' xlink:from='loc_ScheduleOfLifeSettlementContractsInvestmentMethodFiveYearDisclosureAxis' xlink:to='loc_FiveYearDisclosureDomain' xlink:type='arc' />
</link:definitionLink>
<link:definitionLink xlink:role='http://fasb.org/us-gaap/role/disclosure/InvestmentsAllOtherInvestmentsScheduleOfLifeSettlementContractsInvestmentMethodTable' xlink:type='extended'>
<link:loc xlink:href='../elts/us-gaap-2011-01-31.xsd#us-gaap_ScheduleOfLifeSettlementContractsInvestmentMethodFiveYearDisclosureAxis' xlink:label='loc_ScheduleOfLifeSettlementContractsInvestmentMethodFiveYearDisclosureAxis' xlink:type='locator' />
<link:loc xlink:href='../elts/us-gaap-2011-01-31.xsd#us-gaap_FiveYearDisclosureDomain' xlink:label='loc_FiveYearDisclosureDomain' xlink:type='locator' />
<link:definitionArc order='1.0' xlink:arcrole='http://xbrl.org/int/dim/arcrole/dimension-default' xlink:from='loc_ScheduleOfLifeSettlementContractsInvestmentMethodFiveYearDisclosureAxis' xlink:to='loc_FiveYearDisclosureDomain' xlink:type='arc' />
</link:definitionLink>
<link:definitionLink xlink:role='http://fasb.org/us-gaap/role/disclosure/InvestmentsAllOtherInvestmentsScheduleOfLifeSettlementContractsInvestmentMethodTable' xlink:type='extended'>
<link:loc xlink:href='../elts/us-gaap-2011-01-31.xsd#us-gaap_LifeSettlementContractsInvestmentMethodDisclosureItemsLineItems' xlink:label='loc_LifeSettlementContractsInvestmentMethodDisclosureItemsLineItems' xlink:type='locator' />
<link:loc xlink:href='../elts/us-gaap-2011-01-31.xsd#us-gaap_LifeSettlementContractsInvestmentMethodNumberOfContracts' xlink:label='loc_LifeSettlementContractsInvestmentMethodNumberOfContracts' xlink:type='locator' />
<link:loc xlink:href='../elts/us-gaap-2011-01-31.xsd#us-gaap_LifeSettlementContractsInvestmentMethodCarryingAmount' xlink:label='loc_LifeSettlementContractsInvestmentMethodCarryingAmount' xlink:type='locator' />
<link:loc xlink:href='../elts/us-gaap-2011-01-31.xsd#us-gaap_LifeSettlementContractsInvestmentMethodFaceValue' xlink:label='loc_LifeSettlementContractsInvestmentMethodFaceValue' xlink:type='locator' />
<link:loc xlink:href='../elts/us-gaap-2011-01-31.xsd#us-gaap_LifeSettlementContractsInvestmentMethodFiveYearDisclosurePremiumsToBePaid' xlink:label='loc_LifeSettlementContractsInvestmentMethodFiveYearDisclosurePremiumsToBePaid' xlink:type='locator' />
<link:definitionArc order='1.0' xlink:arcrole='http://xbrl.org/int/dim/arcrole/domain-member' xlink:from='loc_LifeSettlementContractsInvestmentMethodDisclosureItemsLineItems' xlink:to='loc_LifeSettlementContractsInvestmentMethodNumberOfContracts' xlink:type='arc' />
<link:definitionArc order='2.0' xlink:arcrole='http://xbrl.org/int/dim/arcrole/domain-member' xlink:from='loc_LifeSettlementContractsInvestmentMethodDisclosureItemsLineItems' xlink:to='loc_LifeSettlementContractsInvestmentMethodCarryingAmount' xlink:type='arc' />
<link:definitionArc order='3.0' xlink:arcrole='http://xbrl.org/int/dim/arcrole/domain-member' xlink:from='loc_LifeSettlementContractsInvestmentMethodDisclosureItemsLineItems' xlink:to='loc_LifeSettlementContractsInvestmentMethodFaceValue' xlink:type='arc' />
<link:definitionArc order='4.0' xlink:arcrole='http://xbrl.org/int/dim/arcrole/domain-member' xlink:from='loc_LifeSettlementContractsInvestmentMethodDisclosureItemsLineItems' xlink:to='loc_LifeSettlementContractsInvestmentMethodFiveYearDisclosurePremiumsToBePaid' xlink:type='arc' />
</link:definitionLink>
<link:definitionLink xlink:role='http://fasb.org/us-gaap/role/disclosure/InvestmentsAllOtherInvestmentsScheduleOfLifeSettlementContractsInvestmentMethodTable' xlink:type='extended'>
<link:loc xlink:href='../elts/us-gaap-2011-01-31.xsd#us-gaap_FiveYearDisclosureDomain' xlink:label='loc_FiveYearDisclosureDomain' xlink:type='locator' />
<link:loc xlink:href='../elts/us-gaap-2011-01-31.xsd#us-gaap_OneYearFromBalanceSheetDateMember' xlink:label='loc_OneYearFromBalanceSheetDateMember' xlink:type='locator' />
<link:loc xlink:href='../elts/us-gaap-2011-01-31.xsd#us-gaap_MoreThanOneAndWithinTwoYearsFromBalanceSheetDateMember' xlink:label='loc_MoreThanOneAndWithinTwoYearsFromBalanceSheetDateMember' xlink:type='locator' />
<link:loc xlink:href='../elts/us-gaap-2011-01-31.xsd#us-gaap_MoreThanTwoAndWithinThreeYearsFromBalanceSheetDateMember' xlink:label='loc_MoreThanTwoAndWithinThreeYearsFromBalanceSheetDateMember' xlink:type='locator' />
<link:loc xlink:href='../elts/us-gaap-2011-01-31.xsd#us-gaap_MoreThanThreeAndWithinFourYearsFromBalanceSheetDateMember' xlink:label='loc_MoreThanThreeAndWithinFourYearsFromBalanceSheetDateMember' xlink:type='locator' />
<link:loc xlink:href='../elts/us-gaap-2011-01-31.xsd#us-gaap_MoreThanFourAndWithinFiveYearsFromBalanceSheetDateMember' xlink:label='loc_MoreThanFourAndWithinFiveYearsFromBalanceSheetDateMember' xlink:type='locator' />
<link:loc xlink:href='../elts/us-gaap-2011-01-31.xsd#us-gaap_MoreThanFiveYearsFromBalanceSheetDateAndThereafterMember' xlink:label='loc_MoreThanFiveYearsFromBalanceSheetDateAndThereafterMember' xlink:type='locator' />
<link:definitionArc order='1.0' xlink:arcrole='http://xbrl.org/int/dim/arcrole/domain-member' xlink:from='loc_FiveYearDisclosureDomain' xlink:to='loc_OneYearFromBalanceSheetDateMember' xlink:type='arc' />
<link:definitionArc order='2.0' xlink:arcrole='http://xbrl.org/int/dim/arcrole/domain-member' xlink:from='loc_FiveYearDisclosureDomain' xlink:to='loc_MoreThanOneAndWithinTwoYearsFromBalanceSheetDateMember' xlink:type='arc' />
<link:definitionArc order='3.0' xlink:arcrole='http://xbrl.org/int/dim/arcrole/domain-member' xlink:from='loc_FiveYearDisclosureDomain' xlink:to='loc_MoreThanTwoAndWithinThreeYearsFromBalanceSheetDateMember' xlink:type='arc' />
<link:definitionArc order='4.0' xlink:arcrole='http://xbrl.org/int/dim/arcrole/domain-member' xlink:from='loc_FiveYearDisclosureDomain' xlink:to='loc_MoreThanThreeAndWithinFourYearsFromBalanceSheetDateMember' xlink:type='arc' />
<link:definitionArc order='5.0' xlink:arcrole='http://xbrl.org/int/dim/arcrole/domain-member' xlink:from='loc_FiveYearDisclosureDomain' xlink:to='loc_MoreThanFourAndWithinFiveYearsFromBalanceSheetDateMember' xlink:type='arc' />
<link:definitionArc order='6.0' xlink:arcrole='http://xbrl.org/int/dim/arcrole/domain-member' xlink:from='loc_FiveYearDisclosureDomain' xlink:to='loc_MoreThanFiveYearsFromBalanceSheetDateAndThereafterMember' xlink:type='arc' />
</link:definitionLink>
</link:linkbase>
