<?xml version="1.0" encoding="UTF-8" standalone="no"?>

<!--
(c) XBRL US, Inc. 2007-2010; Financial Accounting Foundation, Inc. 2010-2011.  All Rights Reserved.
Notice: Authorized Uses are Set Forth at http://xbrl.fasb.org/terms/TaxonomiesTermsConditions.html
  -->
<link:linkbase xmlns:link='http://www.xbrl.org/2003/linkbase' xmlns:xbrldt='http://xbrl.org/2005/xbrldt' xmlns:xlink='http://www.w3.org/1999/xlink' xmlns:xsi='http://www.w3.org/2001/XMLSchema-instance' xsi:schemaLocation='http://www.xbrl.org/2003/linkbase http://www.xbrl.org/2003/xbrl-linkbase-2003-12-31.xsd'>
<link:roleRef roleURI='http://fasb.org/us-gaap/role/disclosure/MinorityInterest' xlink:href='../elts/us-roles-2011-01-31.xsd#ni' xlink:type='simple' />
<link:roleRef roleURI='http://fasb.org/us-gaap/role/disclosure/MinorityInterestConsolidationLessThanWhollyOwnedSubsidiaryParentOwnershipInterestEffectsOfChangesNetTable' xlink:href='../elts/us-roles-2011-01-31.xsd#MinorityInterestConsolidationLessThanWhollyOwnedSubsidiaryParentOwnershipInterestEffectsOfChangesNetTable' xlink:type='simple' />
<link:roleRef roleURI='http://fasb.org/us-gaap/role/disclosure/MinorityInterestRedeemableNoncontrollingInterestByLegalEntityTable' xlink:href='../elts/us-roles-2011-01-31.xsd#MinorityInterestRedeemableNoncontrollingInterestByLegalEntityTable' xlink:type='simple' />
<link:arcroleRef arcroleURI='http://xbrl.org/int/dim/arcrole/all' xlink:href='http://www.xbrl.org/2005/xbrldt-2005.xsd#all' xlink:type='simple' />
<link:arcroleRef arcroleURI='http://xbrl.org/int/dim/arcrole/hypercube-dimension' xlink:href='http://www.xbrl.org/2005/xbrldt-2005.xsd#hypercube-dimension' xlink:type='simple' />
<link:arcroleRef arcroleURI='http://xbrl.org/int/dim/arcrole/dimension-domain' xlink:href='http://www.xbrl.org/2005/xbrldt-2005.xsd#dimension-domain' xlink:type='simple' />
<link:arcroleRef arcroleURI='http://xbrl.org/int/dim/arcrole/dimension-default' xlink:href='http://www.xbrl.org/2005/xbrldt-2005.xsd#dimension-default' xlink:type='simple' />
<link:arcroleRef arcroleURI='http://xbrl.org/int/dim/arcrole/domain-member' xlink:href='http://www.xbrl.org/2005/xbrldt-2005.xsd#domain-member' xlink:type='simple' />
<!--Definition relationships for table ConsolidationLessThanWhollyOwnedSubsidiaryParentOwnershipInterestEffectsOfChangesNetTable in presentation http://fasb.org/us-gaap/role/disclosure/MinorityInterest-->
<link:definitionLink xlink:role='http://fasb.org/us-gaap/role/disclosure/MinorityInterestConsolidationLessThanWhollyOwnedSubsidiaryParentOwnershipInterestEffectsOfChangesNetTable' xlink:type='extended'>
<link:loc xlink:href='../elts/us-gaap-2011-01-31.xsd#us-gaap_ConsolidationLessThanWhollyOwnedSubsidiaryParentOwnershipInterestEffectsOfChangesNetTable' xlink:label='loc_ConsolidationLessThanWhollyOwnedSubsidiaryParentOwnershipInterestEffectsOfChangesNetTable' xlink:type='locator' />
<link:loc xlink:href='../elts/us-gaap-2011-01-31.xsd#us-gaap_ConsolidationLessThanWhollyOwnedSubsidiaryParentOwnershipInterestEffectsOfChangesNetLineItems' xlink:label='loc_ConsolidationLessThanWhollyOwnedSubsidiaryParentOwnershipInterestEffectsOfChangesNetLineItems' xlink:type='locator' />
<link:definitionArc order='1.0' xbrldt:closed='true' xbrldt:contextElement='segment' xlink:arcrole='http://xbrl.org/int/dim/arcrole/all' xlink:from='loc_ConsolidationLessThanWhollyOwnedSubsidiaryParentOwnershipInterestEffectsOfChangesNetLineItems' xlink:to='loc_ConsolidationLessThanWhollyOwnedSubsidiaryParentOwnershipInterestEffectsOfChangesNetTable' xlink:type='arc' />
</link:definitionLink>
<link:definitionLink xlink:role='http://fasb.org/us-gaap/role/disclosure/MinorityInterestConsolidationLessThanWhollyOwnedSubsidiaryParentOwnershipInterestEffectsOfChangesNetTable' xlink:type='extended'>
<link:loc xlink:href='../elts/us-gaap-2011-01-31.xsd#us-gaap_ConsolidationLessThanWhollyOwnedSubsidiaryParentOwnershipInterestEffectsOfChangesNetTable' xlink:label='loc_ConsolidationLessThanWhollyOwnedSubsidiaryParentOwnershipInterestEffectsOfChangesNetTable' xlink:type='locator' />
<link:loc xlink:href='http://xbrl.sec.gov/dei/2011/dei-2011-01-31.xsd#dei_LegalEntityAxis' xlink:label='loc_LegalEntityAxis' xlink:type='locator' />
<link:loc xlink:href='../elts/us-gaap-2011-01-31.xsd#us-gaap_StatementEquityComponentsAxis' xlink:label='loc_StatementEquityComponentsAxis' xlink:type='locator' />
<link:definitionArc order='1.0' xlink:arcrole='http://xbrl.org/int/dim/arcrole/hypercube-dimension' xlink:from='loc_ConsolidationLessThanWhollyOwnedSubsidiaryParentOwnershipInterestEffectsOfChangesNetTable' xlink:to='loc_LegalEntityAxis' xlink:type='arc' />
<link:definitionArc order='2.0' xlink:arcrole='http://xbrl.org/int/dim/arcrole/hypercube-dimension' xlink:from='loc_ConsolidationLessThanWhollyOwnedSubsidiaryParentOwnershipInterestEffectsOfChangesNetTable' xlink:to='loc_StatementEquityComponentsAxis' xlink:type='arc' />
</link:definitionLink>
<link:definitionLink xlink:role='http://fasb.org/us-gaap/role/disclosure/MinorityInterestConsolidationLessThanWhollyOwnedSubsidiaryParentOwnershipInterestEffectsOfChangesNetTable' xlink:type='extended'>
<link:loc xlink:href='http://xbrl.sec.gov/dei/2011/dei-2011-01-31.xsd#dei_LegalEntityAxis' xlink:label='loc_LegalEntityAxis' xlink:type='locator' />
<link:loc xlink:href='http://xbrl.sec.gov/dei/2011/dei-2011-01-31.xsd#dei_EntityDomain' xlink:label='loc_EntityDomain' xlink:type='locator' />
<link:loc xlink:href='../elts/us-gaap-2011-01-31.xsd#us-gaap_StatementEquityComponentsAxis' xlink:label='loc_StatementEquityComponentsAxis' xlink:type='locator' />
<link:loc xlink:href='../elts/us-gaap-2011-01-31.xsd#us-gaap_EquityComponentDomain' xlink:label='loc_EquityComponentDomain' xlink:type='locator' />
<link:definitionArc order='1.0' xlink:arcrole='http://xbrl.org/int/dim/arcrole/dimension-domain' xlink:from='loc_LegalEntityAxis' xlink:to='loc_EntityDomain' xlink:type='arc' />
<link:definitionArc order='2.0' xlink:arcrole='http://xbrl.org/int/dim/arcrole/dimension-domain' xlink:from='loc_StatementEquityComponentsAxis' xlink:to='loc_EquityComponentDomain' xlink:type='arc' />
</link:definitionLink>
<link:definitionLink xlink:role='http://fasb.org/us-gaap/role/disclosure/MinorityInterestConsolidationLessThanWhollyOwnedSubsidiaryParentOwnershipInterestEffectsOfChangesNetTable' xlink:type='extended'>
<link:loc xlink:href='http://xbrl.sec.gov/dei/2011/dei-2011-01-31.xsd#dei_LegalEntityAxis' xlink:label='loc_LegalEntityAxis' xlink:type='locator' />
<link:loc xlink:href='http://xbrl.sec.gov/dei/2011/dei-2011-01-31.xsd#dei_EntityDomain' xlink:label='loc_EntityDomain' xlink:type='locator' />
<link:loc xlink:href='../elts/us-gaap-2011-01-31.xsd#us-gaap_StatementEquityComponentsAxis' xlink:label='loc_StatementEquityComponentsAxis' xlink:type='locator' />
<link:loc xlink:href='../elts/us-gaap-2011-01-31.xsd#us-gaap_EquityComponentDomain' xlink:label='loc_EquityComponentDomain' xlink:type='locator' />
<link:definitionArc order='1.0' xlink:arcrole='http://xbrl.org/int/dim/arcrole/dimension-default' xlink:from='loc_LegalEntityAxis' xlink:to='loc_EntityDomain' xlink:type='arc' />
<link:definitionArc order='2.0' xlink:arcrole='http://xbrl.org/int/dim/arcrole/dimension-default' xlink:from='loc_StatementEquityComponentsAxis' xlink:to='loc_EquityComponentDomain' xlink:type='arc' />
</link:definitionLink>
<link:definitionLink xlink:role='http://fasb.org/us-gaap/role/disclosure/MinorityInterestConsolidationLessThanWhollyOwnedSubsidiaryParentOwnershipInterestEffectsOfChangesNetTable' xlink:type='extended'>
<link:loc xlink:href='../elts/us-gaap-2011-01-31.xsd#us-gaap_ConsolidationLessThanWhollyOwnedSubsidiaryParentOwnershipInterestEffectsOfChangesNetLineItems' xlink:label='loc_ConsolidationLessThanWhollyOwnedSubsidiaryParentOwnershipInterestEffectsOfChangesNetLineItems' xlink:type='locator' />
<link:loc xlink:href='../elts/us-gaap-2011-01-31.xsd#us-gaap_ConsolidationLessThanWhollyOwnedSubsidiaryParentOwnershipInterestChangeDueToNetIncomeAttributableToParentAndEffectsOfChangesNetAbstract' xlink:label='loc_ConsolidationLessThanWhollyOwnedSubsidiaryParentOwnershipInterestChangeDueToNetIncomeAttributableToParentAndEffectsOfChangesNetAbstract' xlink:type='locator' />
<link:loc xlink:href='../elts/us-gaap-2011-01-31.xsd#us-gaap_NetIncomeLoss' xlink:label='loc_NetIncomeLoss' xlink:type='locator' />
<link:loc xlink:href='../elts/us-gaap-2011-01-31.xsd#us-gaap_ConsolidationLessThanWhollyOwnedSubsidiaryParentOwnershipInterestChangesNetAbstract' xlink:label='loc_ConsolidationLessThanWhollyOwnedSubsidiaryParentOwnershipInterestChangesNetAbstract' xlink:type='locator' />
<link:loc xlink:href='../elts/us-gaap-2011-01-31.xsd#us-gaap_ConsolidationLessThanWhollyOwnedSubsidiaryParentOwnershipInterestChangesSaleOfInterestByParent' xlink:label='loc_ConsolidationLessThanWhollyOwnedSubsidiaryParentOwnershipInterestChangesSaleOfInterestByParent' xlink:type='locator' />
<link:loc xlink:href='../elts/us-gaap-2011-01-31.xsd#us-gaap_ConsolidationLessThanWhollyOwnedSubsidiaryParentOwnershipInterestChangesIssuanceOfEquityBySubsidiaryToNoncontrollingInterests' xlink:label='loc_ConsolidationLessThanWhollyOwnedSubsidiaryParentOwnershipInterestChangesIssuanceOfEquityBySubsidiaryToNoncontrollingInterests' xlink:type='locator' />
<link:loc xlink:href='../elts/us-gaap-2011-01-31.xsd#us-gaap_ConsolidationLessThanWhollyOwnedSubsidiaryParentOwnershipInterestChangesPurchaseOfInterestByParent' xlink:label='loc_ConsolidationLessThanWhollyOwnedSubsidiaryParentOwnershipInterestChangesPurchaseOfInterestByParent' xlink:type='locator' />
<link:loc xlink:href='../elts/us-gaap-2011-01-31.xsd#us-gaap_ConsolidationLessThanWhollyOwnedSubsidiaryParentOwnershipInterestChangesRepurchaseOfSharesBySubsidiary' xlink:label='loc_ConsolidationLessThanWhollyOwnedSubsidiaryParentOwnershipInterestChangesRepurchaseOfSharesBySubsidiary' xlink:type='locator' />
<link:loc xlink:href='../elts/us-gaap-2011-01-31.xsd#us-gaap_ConsolidationLessThanWhollyOwnedSubsidiaryParentOwnershipInterestChangesAdditionalInterestIssuedToParent' xlink:label='loc_ConsolidationLessThanWhollyOwnedSubsidiaryParentOwnershipInterestChangesAdditionalInterestIssuedToParent' xlink:type='locator' />
<link:loc xlink:href='../elts/us-gaap-2011-01-31.xsd#us-gaap_ConsolidationLessThanWhollyOwnedSubsidiaryParentOwnershipInterestChangesNet' xlink:label='loc_ConsolidationLessThanWhollyOwnedSubsidiaryParentOwnershipInterestChangesNet' xlink:type='locator' />
<link:loc xlink:href='../elts/us-gaap-2011-01-31.xsd#us-gaap_ConsolidationLessThanWhollyOwnedSubsidiaryParentOwnershipInterestChangeDueToNetIncomeAttributableToParentAndEffectsOfChangesNet' xlink:label='loc_ConsolidationLessThanWhollyOwnedSubsidiaryParentOwnershipInterestChangeDueToNetIncomeAttributableToParentAndEffectsOfChangesNet' xlink:type='locator' />
<link:definitionArc order='1.0' xlink:arcrole='http://xbrl.org/int/dim/arcrole/domain-member' xlink:from='loc_ConsolidationLessThanWhollyOwnedSubsidiaryParentOwnershipInterestEffectsOfChangesNetLineItems' xlink:to='loc_ConsolidationLessThanWhollyOwnedSubsidiaryParentOwnershipInterestChangeDueToNetIncomeAttributableToParentAndEffectsOfChangesNetAbstract' xlink:type='arc' />
<link:definitionArc order='2.0' xlink:arcrole='http://xbrl.org/int/dim/arcrole/domain-member' xlink:from='loc_ConsolidationLessThanWhollyOwnedSubsidiaryParentOwnershipInterestChangeDueToNetIncomeAttributableToParentAndEffectsOfChangesNetAbstract' xlink:to='loc_NetIncomeLoss' xlink:type='arc' />
<link:definitionArc order='3.0' xlink:arcrole='http://xbrl.org/int/dim/arcrole/domain-member' xlink:from='loc_ConsolidationLessThanWhollyOwnedSubsidiaryParentOwnershipInterestChangeDueToNetIncomeAttributableToParentAndEffectsOfChangesNetAbstract' xlink:to='loc_ConsolidationLessThanWhollyOwnedSubsidiaryParentOwnershipInterestChangesNetAbstract' xlink:type='arc' />
<link:definitionArc order='4.0' xlink:arcrole='http://xbrl.org/int/dim/arcrole/domain-member' xlink:from='loc_ConsolidationLessThanWhollyOwnedSubsidiaryParentOwnershipInterestChangesNetAbstract' xlink:to='loc_ConsolidationLessThanWhollyOwnedSubsidiaryParentOwnershipInterestChangesSaleOfInterestByParent' xlink:type='arc' />
<link:definitionArc order='5.0' xlink:arcrole='http://xbrl.org/int/dim/arcrole/domain-member' xlink:from='loc_ConsolidationLessThanWhollyOwnedSubsidiaryParentOwnershipInterestChangesNetAbstract' xlink:to='loc_ConsolidationLessThanWhollyOwnedSubsidiaryParentOwnershipInterestChangesIssuanceOfEquityBySubsidiaryToNoncontrollingInterests' xlink:type='arc' />
<link:definitionArc order='6.0' xlink:arcrole='http://xbrl.org/int/dim/arcrole/domain-member' xlink:from='loc_ConsolidationLessThanWhollyOwnedSubsidiaryParentOwnershipInterestChangesNetAbstract' xlink:to='loc_ConsolidationLessThanWhollyOwnedSubsidiaryParentOwnershipInterestChangesPurchaseOfInterestByParent' xlink:type='arc' />
<link:definitionArc order='7.0' xlink:arcrole='http://xbrl.org/int/dim/arcrole/domain-member' xlink:from='loc_ConsolidationLessThanWhollyOwnedSubsidiaryParentOwnershipInterestChangesNetAbstract' xlink:to='loc_ConsolidationLessThanWhollyOwnedSubsidiaryParentOwnershipInterestChangesRepurchaseOfSharesBySubsidiary' xlink:type='arc' />
<link:definitionArc order='8.0' xlink:arcrole='http://xbrl.org/int/dim/arcrole/domain-member' xlink:from='loc_ConsolidationLessThanWhollyOwnedSubsidiaryParentOwnershipInterestChangesNetAbstract' xlink:to='loc_ConsolidationLessThanWhollyOwnedSubsidiaryParentOwnershipInterestChangesAdditionalInterestIssuedToParent' xlink:type='arc' />
<link:definitionArc order='9.0' xlink:arcrole='http://xbrl.org/int/dim/arcrole/domain-member' xlink:from='loc_ConsolidationLessThanWhollyOwnedSubsidiaryParentOwnershipInterestChangesNetAbstract' xlink:to='loc_ConsolidationLessThanWhollyOwnedSubsidiaryParentOwnershipInterestChangesNet' xlink:type='arc' />
<link:definitionArc order='10.0' xlink:arcrole='http://xbrl.org/int/dim/arcrole/domain-member' xlink:from='loc_ConsolidationLessThanWhollyOwnedSubsidiaryParentOwnershipInterestChangeDueToNetIncomeAttributableToParentAndEffectsOfChangesNetAbstract' xlink:to='loc_ConsolidationLessThanWhollyOwnedSubsidiaryParentOwnershipInterestChangeDueToNetIncomeAttributableToParentAndEffectsOfChangesNet' xlink:type='arc' />
</link:definitionLink>
<link:definitionLink xlink:role='http://fasb.org/us-gaap/role/disclosure/MinorityInterestConsolidationLessThanWhollyOwnedSubsidiaryParentOwnershipInterestEffectsOfChangesNetTable' xlink:type='extended'>
<link:loc xlink:href='http://xbrl.sec.gov/dei/2011/dei-2011-01-31.xsd#dei_EntityDomain' xlink:label='loc_EntityDomain' xlink:type='locator' />
<link:loc xlink:href='../elts/us-gaap-2011-01-31.xsd#us-gaap_SubsidiariesMember' xlink:label='loc_SubsidiariesMember' xlink:type='locator' />
<link:loc xlink:href='../elts/us-gaap-2011-01-31.xsd#us-gaap_EquityComponentDomain' xlink:label='loc_EquityComponentDomain' xlink:type='locator' />
<link:loc xlink:href='../elts/us-gaap-2011-01-31.xsd#us-gaap_ParentMember' xlink:label='loc_ParentMember' xlink:type='locator' />
<link:loc xlink:href='../elts/us-gaap-2011-01-31.xsd#us-gaap_NoncontrollingInterestMember' xlink:label='loc_NoncontrollingInterestMember' xlink:type='locator' />
<link:definitionArc order='1.0' xlink:arcrole='http://xbrl.org/int/dim/arcrole/domain-member' xlink:from='loc_EntityDomain' xlink:to='loc_SubsidiariesMember' xlink:type='arc' />
<link:definitionArc order='2.0' xlink:arcrole='http://xbrl.org/int/dim/arcrole/domain-member' xlink:from='loc_EquityComponentDomain' xlink:to='loc_ParentMember' xlink:type='arc' />
<link:definitionArc order='3.0' xlink:arcrole='http://xbrl.org/int/dim/arcrole/domain-member' xlink:from='loc_EquityComponentDomain' xlink:to='loc_NoncontrollingInterestMember' xlink:type='arc' />
</link:definitionLink>
<!--Definition relationships for table MinorityInterestTable in presentation http://fasb.org/us-gaap/role/disclosure/MinorityInterest-->
<link:definitionLink xlink:role='http://fasb.org/us-gaap/role/disclosure/MinorityInterest' xlink:type='extended'>
<link:loc xlink:href='../elts/us-gaap-2011-01-31.xsd#us-gaap_MinorityInterestTable' xlink:label='loc_MinorityInterestTable' xlink:type='locator' />
<link:loc xlink:href='../elts/us-gaap-2011-01-31.xsd#us-gaap_MinorityInterestLineItems' xlink:label='loc_MinorityInterestLineItems' xlink:type='locator' />
<link:definitionArc order='1.0' xbrldt:closed='true' xbrldt:contextElement='segment' xlink:arcrole='http://xbrl.org/int/dim/arcrole/all' xlink:from='loc_MinorityInterestLineItems' xlink:to='loc_MinorityInterestTable' xlink:type='arc' />
</link:definitionLink>
<link:definitionLink xlink:role='http://fasb.org/us-gaap/role/disclosure/MinorityInterest' xlink:type='extended'>
<link:loc xlink:href='../elts/us-gaap-2011-01-31.xsd#us-gaap_MinorityInterestTable' xlink:label='loc_MinorityInterestTable' xlink:type='locator' />
<link:loc xlink:href='http://xbrl.sec.gov/dei/2011/dei-2011-01-31.xsd#dei_LegalEntityAxis' xlink:label='loc_LegalEntityAxis' xlink:type='locator' />
<link:loc xlink:href='../elts/us-gaap-2011-01-31.xsd#us-gaap_StatementEquityComponentsAxis' xlink:label='loc_StatementEquityComponentsAxis' xlink:type='locator' />
<link:definitionArc order='1.0' xlink:arcrole='http://xbrl.org/int/dim/arcrole/hypercube-dimension' xlink:from='loc_MinorityInterestTable' xlink:to='loc_LegalEntityAxis' xlink:type='arc' />
<link:definitionArc order='2.0' xlink:arcrole='http://xbrl.org/int/dim/arcrole/hypercube-dimension' xlink:from='loc_MinorityInterestTable' xlink:to='loc_StatementEquityComponentsAxis' xlink:type='arc' />
</link:definitionLink>
<link:definitionLink xlink:role='http://fasb.org/us-gaap/role/disclosure/MinorityInterest' xlink:type='extended'>
<link:loc xlink:href='http://xbrl.sec.gov/dei/2011/dei-2011-01-31.xsd#dei_LegalEntityAxis' xlink:label='loc_LegalEntityAxis' xlink:type='locator' />
<link:loc xlink:href='http://xbrl.sec.gov/dei/2011/dei-2011-01-31.xsd#dei_EntityDomain' xlink:label='loc_EntityDomain' xlink:type='locator' />
<link:loc xlink:href='../elts/us-gaap-2011-01-31.xsd#us-gaap_StatementEquityComponentsAxis' xlink:label='loc_StatementEquityComponentsAxis' xlink:type='locator' />
<link:loc xlink:href='../elts/us-gaap-2011-01-31.xsd#us-gaap_EquityComponentDomain' xlink:label='loc_EquityComponentDomain' xlink:type='locator' />
<link:definitionArc order='1.0' xlink:arcrole='http://xbrl.org/int/dim/arcrole/dimension-domain' xlink:from='loc_LegalEntityAxis' xlink:to='loc_EntityDomain' xlink:type='arc' />
<link:definitionArc order='2.0' xlink:arcrole='http://xbrl.org/int/dim/arcrole/dimension-domain' xlink:from='loc_StatementEquityComponentsAxis' xlink:to='loc_EquityComponentDomain' xlink:type='arc' />
</link:definitionLink>
<link:definitionLink xlink:role='http://fasb.org/us-gaap/role/disclosure/MinorityInterest' xlink:type='extended'>
<link:loc xlink:href='http://xbrl.sec.gov/dei/2011/dei-2011-01-31.xsd#dei_LegalEntityAxis' xlink:label='loc_LegalEntityAxis' xlink:type='locator' />
<link:loc xlink:href='http://xbrl.sec.gov/dei/2011/dei-2011-01-31.xsd#dei_EntityDomain' xlink:label='loc_EntityDomain' xlink:type='locator' />
<link:loc xlink:href='../elts/us-gaap-2011-01-31.xsd#us-gaap_StatementEquityComponentsAxis' xlink:label='loc_StatementEquityComponentsAxis' xlink:type='locator' />
<link:loc xlink:href='../elts/us-gaap-2011-01-31.xsd#us-gaap_EquityComponentDomain' xlink:label='loc_EquityComponentDomain' xlink:type='locator' />
<link:definitionArc order='1.0' xlink:arcrole='http://xbrl.org/int/dim/arcrole/dimension-default' xlink:from='loc_LegalEntityAxis' xlink:to='loc_EntityDomain' xlink:type='arc' />
<link:definitionArc order='2.0' xlink:arcrole='http://xbrl.org/int/dim/arcrole/dimension-default' xlink:from='loc_StatementEquityComponentsAxis' xlink:to='loc_EquityComponentDomain' xlink:type='arc' />
</link:definitionLink>
<link:definitionLink xlink:role='http://fasb.org/us-gaap/role/disclosure/MinorityInterest' xlink:type='extended'>
<link:loc xlink:href='../elts/us-gaap-2011-01-31.xsd#us-gaap_MinorityInterestLineItems' xlink:label='loc_MinorityInterestLineItems' xlink:type='locator' />
<link:loc xlink:href='../elts/us-gaap-2011-01-31.xsd#us-gaap_MinorityInterestDescription' xlink:label='loc_MinorityInterestDescription' xlink:type='locator' />
<link:loc xlink:href='../elts/us-gaap-2011-01-31.xsd#us-gaap_MinorityInterestOwnershipPercentageByParent' xlink:label='loc_MinorityInterestOwnershipPercentageByParent' xlink:type='locator' />
<link:loc xlink:href='../elts/us-gaap-2011-01-31.xsd#us-gaap_MinorityInterestPreferredStockAmount' xlink:label='loc_MinorityInterestPreferredStockAmount' xlink:type='locator' />
<link:loc xlink:href='../elts/us-gaap-2011-01-31.xsd#us-gaap_MinorityInterestOwnershipPercentageByNoncontrollingOwners' xlink:label='loc_MinorityInterestOwnershipPercentageByNoncontrollingOwners' xlink:type='locator' />
<link:loc xlink:href='../elts/us-gaap-2011-01-31.xsd#us-gaap_MovementInMinorityInterestRollForward' xlink:label='loc_MovementInMinorityInterestRollForward' xlink:type='locator' />
<link:loc xlink:href='../elts/us-gaap-2011-01-31.xsd#us-gaap_MinorityInterest' xlink:label='loc_MinorityInterest' xlink:type='locator' />
<link:loc xlink:href='../elts/us-gaap-2011-01-31.xsd#us-gaap_MinorityInterestIncreaseFromStockIssuance' xlink:label='loc_MinorityInterestIncreaseFromStockIssuance' xlink:type='locator' />
<link:loc xlink:href='../elts/us-gaap-2011-01-31.xsd#us-gaap_NoncontrollingInterestIncreaseFromBusinessCombination' xlink:label='loc_NoncontrollingInterestIncreaseFromBusinessCombination' xlink:type='locator' />
<link:loc xlink:href='../elts/us-gaap-2011-01-31.xsd#us-gaap_ComprehensiveIncomeNetOfTaxAttributableToNoncontrollingInterest' xlink:label='loc_ComprehensiveIncomeNetOfTaxAttributableToNoncontrollingInterest' xlink:type='locator' />
<link:loc xlink:href='../elts/us-gaap-2011-01-31.xsd#us-gaap_MinorityInterestInNetIncomeLossOfConsolidatedEntitiesAbstract' xlink:label='loc_MinorityInterestInNetIncomeLossOfConsolidatedEntitiesAbstract' xlink:type='locator' />
<link:loc xlink:href='../elts/us-gaap-2011-01-31.xsd#us-gaap_MinorityInterestInNetIncomeLossPreferredUnitHolders' xlink:label='loc_MinorityInterestInNetIncomeLossPreferredUnitHolders' xlink:type='locator' />
<link:loc xlink:href='../elts/us-gaap-2011-01-31.xsd#us-gaap_MinorityInterestInNetIncomeLossLimitedPartnerships' xlink:label='loc_MinorityInterestInNetIncomeLossLimitedPartnerships' xlink:type='locator' />
<link:loc xlink:href='../elts/us-gaap-2011-01-31.xsd#us-gaap_NetIncomeLossAttributableToRedeemableNoncontrollingInterest' xlink:label='loc_NetIncomeLossAttributableToRedeemableNoncontrollingInterest' xlink:type='locator' />
<link:loc xlink:href='../elts/us-gaap-2011-01-31.xsd#us-gaap_MinorityInterestInNetIncomeLossJointVenturePartners' xlink:label='loc_MinorityInterestInNetIncomeLossJointVenturePartners' xlink:type='locator' />
<link:loc xlink:href='../elts/us-gaap-2011-01-31.xsd#us-gaap_MinorityInterestInNetIncomeLossOperatingPartnerships' xlink:label='loc_MinorityInterestInNetIncomeLossOperatingPartnerships' xlink:type='locator' />
<link:loc xlink:href='../elts/us-gaap-2011-01-31.xsd#us-gaap_MinorityInterestInNetIncomeLossOtherMinorityInterests' xlink:label='loc_MinorityInterestInNetIncomeLossOtherMinorityInterests' xlink:type='locator' />
<link:loc xlink:href='../elts/us-gaap-2011-01-31.xsd#us-gaap_NetIncomeLossAttributableToNoncontrollingInterest' xlink:label='loc_NetIncomeLossAttributableToNoncontrollingInterest' xlink:type='locator' />
<link:loc xlink:href='../elts/us-gaap-2011-01-31.xsd#us-gaap_OtherComprehensiveIncomeNetOfTaxAttributableToNoncontrollingInterestAbstract' xlink:label='loc_OtherComprehensiveIncomeNetOfTaxAttributableToNoncontrollingInterestAbstract' xlink:type='locator' />
<link:loc xlink:href='../elts/us-gaap-2011-01-31.xsd#us-gaap_OtherComprehensiveIncomeBeforeTaxPortionAttributableToNoncontrollingInterestAbstract' xlink:label='loc_OtherComprehensiveIncomeBeforeTaxPortionAttributableToNoncontrollingInterestAbstract' xlink:type='locator' />
<link:loc xlink:href='../elts/us-gaap-2011-01-31.xsd#us-gaap_OtherComprehensiveIncomeForeignCurrencyTransactionAndTranslationAdjustmentBeforeTaxPortionAttributableToNoncontrollingInterest' xlink:label='loc_OtherComprehensiveIncomeForeignCurrencyTransactionAndTranslationAdjustmentBeforeTaxPortionAttributableToNoncontrollingInterest' xlink:type='locator' />
<link:loc xlink:href='../elts/us-gaap-2011-01-31.xsd#us-gaap_OtherComprehensiveIncomeDefinedBenefitPlansAdjustmentBeforeTaxPortionAttributableToNoncontrollingInterest' xlink:label='loc_OtherComprehensiveIncomeDefinedBenefitPlansAdjustmentBeforeTaxPortionAttributableToNoncontrollingInterest' xlink:type='locator' />
<link:loc xlink:href='../elts/us-gaap-2011-01-31.xsd#us-gaap_OtherComprehensiveIncomeAvailableforsaleSecuritiesAdjustmentBeforeTaxPortionAttributableToNoncontrollingInterest' xlink:label='loc_OtherComprehensiveIncomeAvailableforsaleSecuritiesAdjustmentBeforeTaxPortionAttributableToNoncontrollingInterest' xlink:type='locator' />
<link:loc xlink:href='../elts/us-gaap-2011-01-31.xsd#us-gaap_OtherThanTemporaryImpairmentLossesInvestmentsPortionInOtherComprehensiveIncomeLossBeforeTaxPortionAttributableToNoncontrollingInterest' xlink:label='loc_OtherThanTemporaryImpairmentLossesInvestmentsPortionInOtherComprehensiveIncomeLossBeforeTaxPortionAttributableToNoncontrollingInterest' xlink:type='locator' />
<link:loc xlink:href='../elts/us-gaap-2011-01-31.xsd#us-gaap_OtherComprehensiveIncomeDerivativesQualifyingAsHedgesBeforeTaxPortionAttributableToNoncontrollingInterest' xlink:label='loc_OtherComprehensiveIncomeDerivativesQualifyingAsHedgesBeforeTaxPortionAttributableToNoncontrollingInterest' xlink:type='locator' />
<link:loc xlink:href='../elts/us-gaap-2011-01-31.xsd#us-gaap_OtherComprehensiveIncomeLossBeforeTaxPortionAttributableToNoncontrollingInterest' xlink:label='loc_OtherComprehensiveIncomeLossBeforeTaxPortionAttributableToNoncontrollingInterest' xlink:type='locator' />
<link:loc xlink:href='../elts/us-gaap-2011-01-31.xsd#us-gaap_OtherComprehensiveIncomeTaxPortionAttributableToNoncontrollingInterestAbstract' xlink:label='loc_OtherComprehensiveIncomeTaxPortionAttributableToNoncontrollingInterestAbstract' xlink:type='locator' />
<link:loc xlink:href='../elts/us-gaap-2011-01-31.xsd#us-gaap_OtherComprehensiveIncomeForeignCurrencyTranslationAdjustmentTaxPortionAttributableToNoncontrollingInterest' xlink:label='loc_OtherComprehensiveIncomeForeignCurrencyTranslationAdjustmentTaxPortionAttributableToNoncontrollingInterest' xlink:type='locator' />
<link:loc xlink:href='../elts/us-gaap-2011-01-31.xsd#us-gaap_OtherComprehensiveIncomeDefinedBenefitPlansTaxPortionAttributableToNoncontrollingInterest' xlink:label='loc_OtherComprehensiveIncomeDefinedBenefitPlansTaxPortionAttributableToNoncontrollingInterest' xlink:type='locator' />
<link:loc xlink:href='../elts/us-gaap-2011-01-31.xsd#us-gaap_OtherComprehensiveIncomeAvailableforsaleSecuritiesTaxPortionAttributableToNoncontrollingInterest' xlink:label='loc_OtherComprehensiveIncomeAvailableforsaleSecuritiesTaxPortionAttributableToNoncontrollingInterest' xlink:type='locator' />
<link:loc xlink:href='../elts/us-gaap-2011-01-31.xsd#us-gaap_OtherThanTemporaryImpairmentLossesInvestmentsPortionInOtherComprehensiveIncomeLossTaxPortionAttributableToNoncontrollingInterest' xlink:label='loc_OtherThanTemporaryImpairmentLossesInvestmentsPortionInOtherComprehensiveIncomeLossTaxPortionAttributableToNoncontrollingInterest' xlink:type='locator' />
<link:loc xlink:href='../elts/us-gaap-2011-01-31.xsd#us-gaap_OtherComprehensiveIncomeDerivativesQualifyingAsHedgesTaxPortionAttributableToNoncontrollingInterest' xlink:label='loc_OtherComprehensiveIncomeDerivativesQualifyingAsHedgesTaxPortionAttributableToNoncontrollingInterest' xlink:type='locator' />
<link:loc xlink:href='../elts/us-gaap-2011-01-31.xsd#us-gaap_OtherComprehensiveIncomeLossTaxPortionAttributableToNoncontrollingInterest' xlink:label='loc_OtherComprehensiveIncomeLossTaxPortionAttributableToNoncontrollingInterest' xlink:type='locator' />
<link:loc xlink:href='../elts/us-gaap-2011-01-31.xsd#us-gaap_OtherComprehensiveIncomeLossNetOfTaxPortionAttributableToNoncontrollingInterest' xlink:label='loc_OtherComprehensiveIncomeLossNetOfTaxPortionAttributableToNoncontrollingInterest' xlink:type='locator' />
<link:loc xlink:href='../elts/us-gaap-2011-01-31.xsd#us-gaap_MinorityInterestDecreaseFromDistributionsToNoncontrollingInterestHolders' xlink:label='loc_MinorityInterestDecreaseFromDistributionsToNoncontrollingInterestHolders' xlink:type='locator' />
<link:loc xlink:href='../elts/us-gaap-2011-01-31.xsd#us-gaap_MinorityInterestDecreaseFromRedemptions' xlink:label='loc_MinorityInterestDecreaseFromRedemptions' xlink:type='locator' />
<link:loc xlink:href='../elts/us-gaap-2011-01-31.xsd#us-gaap_NoncontrollingInterestDecreaseFromDeconsolidation' xlink:label='loc_NoncontrollingInterestDecreaseFromDeconsolidation' xlink:type='locator' />
<link:loc xlink:href='../elts/us-gaap-2011-01-31.xsd#us-gaap_MinorityInterestPeriodIncreaseDecrease' xlink:label='loc_MinorityInterestPeriodIncreaseDecrease' xlink:type='locator' />
<link:loc xlink:href='../elts/us-gaap-2011-01-31.xsd#us-gaap_MinorityInterestChangeInRedemptionValue' xlink:label='loc_MinorityInterestChangeInRedemptionValue' xlink:type='locator' />
<link:loc xlink:href='../elts/us-gaap-2011-01-31.xsd#us-gaap_MinorityInterestExplanationOfIncreaseDecrease' xlink:label='loc_MinorityInterestExplanationOfIncreaseDecrease' xlink:type='locator' />
<link:loc xlink:href='../elts/us-gaap-2011-01-31.xsd#us-gaap_MinorityInterestRepresentedByPreferredStockAbstract' xlink:label='loc_MinorityInterestRepresentedByPreferredStockAbstract' xlink:type='locator' />
<link:loc xlink:href='../elts/us-gaap-2011-01-31.xsd#us-gaap_MinorityInterestPreferredStockDescription' xlink:label='loc_MinorityInterestPreferredStockDescription' xlink:type='locator' />
<link:loc xlink:href='../elts/us-gaap-2011-01-31.xsd#us-gaap_MinorityInterestAmountRepresentedByPreferredStock' xlink:label='loc_MinorityInterestAmountRepresentedByPreferredStock' xlink:type='locator' />
<link:loc xlink:href='../elts/us-gaap-2011-01-31.xsd#us-gaap_MinorityInterestDividendRequirementsOfPreferredStock' xlink:label='loc_MinorityInterestDividendRequirementsOfPreferredStock' xlink:type='locator' />
<link:loc xlink:href='../elts/us-gaap-2011-01-31.xsd#us-gaap_NoncontrollingInterestBalanceSheetLocation' xlink:label='loc_NoncontrollingInterestBalanceSheetLocation' xlink:type='locator' />
<link:definitionArc order='1.0' xlink:arcrole='http://xbrl.org/int/dim/arcrole/domain-member' xlink:from='loc_MinorityInterestLineItems' xlink:to='loc_MinorityInterestDescription' xlink:type='arc' />
<link:definitionArc order='2.0' xlink:arcrole='http://xbrl.org/int/dim/arcrole/domain-member' xlink:from='loc_MinorityInterestLineItems' xlink:to='loc_MinorityInterestOwnershipPercentageByParent' xlink:type='arc' />
<link:definitionArc order='3.0' xlink:arcrole='http://xbrl.org/int/dim/arcrole/domain-member' xlink:from='loc_MinorityInterestLineItems' xlink:to='loc_MinorityInterestPreferredStockAmount' xlink:type='arc' />
<link:definitionArc order='4.0' xlink:arcrole='http://xbrl.org/int/dim/arcrole/domain-member' xlink:from='loc_MinorityInterestLineItems' xlink:to='loc_MinorityInterestOwnershipPercentageByNoncontrollingOwners' xlink:type='arc' />
<link:definitionArc order='5.0' xlink:arcrole='http://xbrl.org/int/dim/arcrole/domain-member' xlink:from='loc_MinorityInterestLineItems' xlink:to='loc_MovementInMinorityInterestRollForward' xlink:type='arc' />
<link:definitionArc order='6.0' xlink:arcrole='http://xbrl.org/int/dim/arcrole/domain-member' xlink:from='loc_MovementInMinorityInterestRollForward' xlink:to='loc_MinorityInterest' xlink:type='arc' />
<link:definitionArc order='7.0' xlink:arcrole='http://xbrl.org/int/dim/arcrole/domain-member' xlink:from='loc_MovementInMinorityInterestRollForward' xlink:to='loc_MinorityInterestIncreaseFromStockIssuance' xlink:type='arc' />
<link:definitionArc order='8.0' xlink:arcrole='http://xbrl.org/int/dim/arcrole/domain-member' xlink:from='loc_MovementInMinorityInterestRollForward' xlink:to='loc_NoncontrollingInterestIncreaseFromBusinessCombination' xlink:type='arc' />
<link:definitionArc order='9.0' xlink:arcrole='http://xbrl.org/int/dim/arcrole/domain-member' xlink:from='loc_MovementInMinorityInterestRollForward' xlink:to='loc_ComprehensiveIncomeNetOfTaxAttributableToNoncontrollingInterest' xlink:type='arc' />
<link:definitionArc order='10.0' xlink:arcrole='http://xbrl.org/int/dim/arcrole/domain-member' xlink:from='loc_ComprehensiveIncomeNetOfTaxAttributableToNoncontrollingInterest' xlink:to='loc_MinorityInterestInNetIncomeLossOfConsolidatedEntitiesAbstract' xlink:type='arc' />
<link:definitionArc order='11.0' xlink:arcrole='http://xbrl.org/int/dim/arcrole/domain-member' xlink:from='loc_MinorityInterestInNetIncomeLossOfConsolidatedEntitiesAbstract' xlink:to='loc_MinorityInterestInNetIncomeLossPreferredUnitHolders' xlink:type='arc' />
<link:definitionArc order='12.0' xlink:arcrole='http://xbrl.org/int/dim/arcrole/domain-member' xlink:from='loc_MinorityInterestInNetIncomeLossOfConsolidatedEntitiesAbstract' xlink:to='loc_MinorityInterestInNetIncomeLossLimitedPartnerships' xlink:type='arc' />
<link:definitionArc order='13.0' xlink:arcrole='http://xbrl.org/int/dim/arcrole/domain-member' xlink:from='loc_MinorityInterestInNetIncomeLossOfConsolidatedEntitiesAbstract' xlink:to='loc_NetIncomeLossAttributableToRedeemableNoncontrollingInterest' xlink:type='arc' />
<link:definitionArc order='14.0' xlink:arcrole='http://xbrl.org/int/dim/arcrole/domain-member' xlink:from='loc_MinorityInterestInNetIncomeLossOfConsolidatedEntitiesAbstract' xlink:to='loc_MinorityInterestInNetIncomeLossJointVenturePartners' xlink:type='arc' />
<link:definitionArc order='15.0' xlink:arcrole='http://xbrl.org/int/dim/arcrole/domain-member' xlink:from='loc_MinorityInterestInNetIncomeLossOfConsolidatedEntitiesAbstract' xlink:to='loc_MinorityInterestInNetIncomeLossOperatingPartnerships' xlink:type='arc' />
<link:definitionArc order='16.0' xlink:arcrole='http://xbrl.org/int/dim/arcrole/domain-member' xlink:from='loc_MinorityInterestInNetIncomeLossOfConsolidatedEntitiesAbstract' xlink:to='loc_MinorityInterestInNetIncomeLossOtherMinorityInterests' xlink:type='arc' />
<link:definitionArc order='17.0' xlink:arcrole='http://xbrl.org/int/dim/arcrole/domain-member' xlink:from='loc_MinorityInterestInNetIncomeLossOfConsolidatedEntitiesAbstract' xlink:to='loc_NetIncomeLossAttributableToNoncontrollingInterest' xlink:type='arc' />
<link:definitionArc order='18.0' xlink:arcrole='http://xbrl.org/int/dim/arcrole/domain-member' xlink:from='loc_ComprehensiveIncomeNetOfTaxAttributableToNoncontrollingInterest' xlink:to='loc_OtherComprehensiveIncomeNetOfTaxAttributableToNoncontrollingInterestAbstract' xlink:type='arc' />
<link:definitionArc order='19.0' xlink:arcrole='http://xbrl.org/int/dim/arcrole/domain-member' xlink:from='loc_OtherComprehensiveIncomeNetOfTaxAttributableToNoncontrollingInterestAbstract' xlink:to='loc_OtherComprehensiveIncomeBeforeTaxPortionAttributableToNoncontrollingInterestAbstract' xlink:type='arc' />
<link:definitionArc order='20.0' xlink:arcrole='http://xbrl.org/int/dim/arcrole/domain-member' xlink:from='loc_OtherComprehensiveIncomeBeforeTaxPortionAttributableToNoncontrollingInterestAbstract' xlink:to='loc_OtherComprehensiveIncomeForeignCurrencyTransactionAndTranslationAdjustmentBeforeTaxPortionAttributableToNoncontrollingInterest' xlink:type='arc' />
<link:definitionArc order='21.0' xlink:arcrole='http://xbrl.org/int/dim/arcrole/domain-member' xlink:from='loc_OtherComprehensiveIncomeBeforeTaxPortionAttributableToNoncontrollingInterestAbstract' xlink:to='loc_OtherComprehensiveIncomeDefinedBenefitPlansAdjustmentBeforeTaxPortionAttributableToNoncontrollingInterest' xlink:type='arc' />
<link:definitionArc order='22.0' xlink:arcrole='http://xbrl.org/int/dim/arcrole/domain-member' xlink:from='loc_OtherComprehensiveIncomeBeforeTaxPortionAttributableToNoncontrollingInterestAbstract' xlink:to='loc_OtherComprehensiveIncomeAvailableforsaleSecuritiesAdjustmentBeforeTaxPortionAttributableToNoncontrollingInterest' xlink:type='arc' />
<link:definitionArc order='23.0' xlink:arcrole='http://xbrl.org/int/dim/arcrole/domain-member' xlink:from='loc_OtherComprehensiveIncomeBeforeTaxPortionAttributableToNoncontrollingInterestAbstract' xlink:to='loc_OtherThanTemporaryImpairmentLossesInvestmentsPortionInOtherComprehensiveIncomeLossBeforeTaxPortionAttributableToNoncontrollingInterest' xlink:type='arc' />
<link:definitionArc order='24.0' xlink:arcrole='http://xbrl.org/int/dim/arcrole/domain-member' xlink:from='loc_OtherComprehensiveIncomeBeforeTaxPortionAttributableToNoncontrollingInterestAbstract' xlink:to='loc_OtherComprehensiveIncomeDerivativesQualifyingAsHedgesBeforeTaxPortionAttributableToNoncontrollingInterest' xlink:type='arc' />
<link:definitionArc order='25.0' xlink:arcrole='http://xbrl.org/int/dim/arcrole/domain-member' xlink:from='loc_OtherComprehensiveIncomeBeforeTaxPortionAttributableToNoncontrollingInterestAbstract' xlink:to='loc_OtherComprehensiveIncomeLossBeforeTaxPortionAttributableToNoncontrollingInterest' xlink:type='arc' />
<link:definitionArc order='26.0' xlink:arcrole='http://xbrl.org/int/dim/arcrole/domain-member' xlink:from='loc_OtherComprehensiveIncomeNetOfTaxAttributableToNoncontrollingInterestAbstract' xlink:to='loc_OtherComprehensiveIncomeTaxPortionAttributableToNoncontrollingInterestAbstract' xlink:type='arc' />
<link:definitionArc order='27.0' xlink:arcrole='http://xbrl.org/int/dim/arcrole/domain-member' xlink:from='loc_OtherComprehensiveIncomeTaxPortionAttributableToNoncontrollingInterestAbstract' xlink:to='loc_OtherComprehensiveIncomeForeignCurrencyTranslationAdjustmentTaxPortionAttributableToNoncontrollingInterest' xlink:type='arc' />
<link:definitionArc order='28.0' xlink:arcrole='http://xbrl.org/int/dim/arcrole/domain-member' xlink:from='loc_OtherComprehensiveIncomeTaxPortionAttributableToNoncontrollingInterestAbstract' xlink:to='loc_OtherComprehensiveIncomeDefinedBenefitPlansTaxPortionAttributableToNoncontrollingInterest' xlink:type='arc' />
<link:definitionArc order='29.0' xlink:arcrole='http://xbrl.org/int/dim/arcrole/domain-member' xlink:from='loc_OtherComprehensiveIncomeTaxPortionAttributableToNoncontrollingInterestAbstract' xlink:to='loc_OtherComprehensiveIncomeAvailableforsaleSecuritiesTaxPortionAttributableToNoncontrollingInterest' xlink:type='arc' />
<link:definitionArc order='30.0' xlink:arcrole='http://xbrl.org/int/dim/arcrole/domain-member' xlink:from='loc_OtherComprehensiveIncomeTaxPortionAttributableToNoncontrollingInterestAbstract' xlink:to='loc_OtherThanTemporaryImpairmentLossesInvestmentsPortionInOtherComprehensiveIncomeLossTaxPortionAttributableToNoncontrollingInterest' xlink:type='arc' />
<link:definitionArc order='31.0' xlink:arcrole='http://xbrl.org/int/dim/arcrole/domain-member' xlink:from='loc_OtherComprehensiveIncomeTaxPortionAttributableToNoncontrollingInterestAbstract' xlink:to='loc_OtherComprehensiveIncomeDerivativesQualifyingAsHedgesTaxPortionAttributableToNoncontrollingInterest' xlink:type='arc' />
<link:definitionArc order='32.0' xlink:arcrole='http://xbrl.org/int/dim/arcrole/domain-member' xlink:from='loc_OtherComprehensiveIncomeTaxPortionAttributableToNoncontrollingInterestAbstract' xlink:to='loc_OtherComprehensiveIncomeLossTaxPortionAttributableToNoncontrollingInterest' xlink:type='arc' />
<link:definitionArc order='33.0' xlink:arcrole='http://xbrl.org/int/dim/arcrole/domain-member' xlink:from='loc_OtherComprehensiveIncomeNetOfTaxAttributableToNoncontrollingInterestAbstract' xlink:to='loc_OtherComprehensiveIncomeLossNetOfTaxPortionAttributableToNoncontrollingInterest' xlink:type='arc' />
<link:definitionArc order='34.0' xlink:arcrole='http://xbrl.org/int/dim/arcrole/domain-member' xlink:from='loc_MovementInMinorityInterestRollForward' xlink:to='loc_MinorityInterestDecreaseFromDistributionsToNoncontrollingInterestHolders' xlink:type='arc' />
<link:definitionArc order='35.0' xlink:arcrole='http://xbrl.org/int/dim/arcrole/domain-member' xlink:from='loc_MovementInMinorityInterestRollForward' xlink:to='loc_MinorityInterestDecreaseFromRedemptions' xlink:type='arc' />
<link:definitionArc order='36.0' xlink:arcrole='http://xbrl.org/int/dim/arcrole/domain-member' xlink:from='loc_MovementInMinorityInterestRollForward' xlink:to='loc_NoncontrollingInterestDecreaseFromDeconsolidation' xlink:type='arc' />
<link:definitionArc order='37.0' xlink:arcrole='http://xbrl.org/int/dim/arcrole/domain-member' xlink:from='loc_MovementInMinorityInterestRollForward' xlink:to='loc_MinorityInterestPeriodIncreaseDecrease' xlink:type='arc' />
<link:definitionArc order='39.0' xlink:arcrole='http://xbrl.org/int/dim/arcrole/domain-member' xlink:from='loc_MinorityInterestLineItems' xlink:to='loc_MinorityInterestChangeInRedemptionValue' xlink:type='arc' />
<link:definitionArc order='40.0' xlink:arcrole='http://xbrl.org/int/dim/arcrole/domain-member' xlink:from='loc_MinorityInterestLineItems' xlink:to='loc_MinorityInterestExplanationOfIncreaseDecrease' xlink:type='arc' />
<link:definitionArc order='41.0' xlink:arcrole='http://xbrl.org/int/dim/arcrole/domain-member' xlink:from='loc_MinorityInterestLineItems' xlink:to='loc_MinorityInterestRepresentedByPreferredStockAbstract' xlink:type='arc' />
<link:definitionArc order='42.0' xlink:arcrole='http://xbrl.org/int/dim/arcrole/domain-member' xlink:from='loc_MinorityInterestRepresentedByPreferredStockAbstract' xlink:to='loc_MinorityInterestPreferredStockDescription' xlink:type='arc' />
<link:definitionArc order='43.0' xlink:arcrole='http://xbrl.org/int/dim/arcrole/domain-member' xlink:from='loc_MinorityInterestRepresentedByPreferredStockAbstract' xlink:to='loc_MinorityInterestAmountRepresentedByPreferredStock' xlink:type='arc' />
<link:definitionArc order='44.0' xlink:arcrole='http://xbrl.org/int/dim/arcrole/domain-member' xlink:from='loc_MinorityInterestRepresentedByPreferredStockAbstract' xlink:to='loc_MinorityInterestDividendRequirementsOfPreferredStock' xlink:type='arc' />
<link:definitionArc order='45.0' xlink:arcrole='http://xbrl.org/int/dim/arcrole/domain-member' xlink:from='loc_MinorityInterestLineItems' xlink:to='loc_NoncontrollingInterestBalanceSheetLocation' xlink:type='arc' />
</link:definitionLink>
<link:definitionLink xlink:role='http://fasb.org/us-gaap/role/disclosure/MinorityInterest' xlink:type='extended'>
<link:loc xlink:href='http://xbrl.sec.gov/dei/2011/dei-2011-01-31.xsd#dei_EntityDomain' xlink:label='loc_EntityDomain' xlink:type='locator' />
<link:loc xlink:href='../elts/us-gaap-2011-01-31.xsd#us-gaap_SubsidiariesMember' xlink:label='loc_SubsidiariesMember' xlink:type='locator' />
<link:loc xlink:href='../elts/us-gaap-2011-01-31.xsd#us-gaap_EquityComponentDomain' xlink:label='loc_EquityComponentDomain' xlink:type='locator' />
<link:loc xlink:href='../elts/us-gaap-2011-01-31.xsd#us-gaap_ParentMember' xlink:label='loc_ParentMember' xlink:type='locator' />
<link:loc xlink:href='../elts/us-gaap-2011-01-31.xsd#us-gaap_NoncontrollingInterestMember' xlink:label='loc_NoncontrollingInterestMember' xlink:type='locator' />
<link:definitionArc order='1.0' xlink:arcrole='http://xbrl.org/int/dim/arcrole/domain-member' xlink:from='loc_EntityDomain' xlink:to='loc_SubsidiariesMember' xlink:type='arc' />
<link:definitionArc order='2.0' xlink:arcrole='http://xbrl.org/int/dim/arcrole/domain-member' xlink:from='loc_EquityComponentDomain' xlink:to='loc_ParentMember' xlink:type='arc' />
<link:definitionArc order='3.0' xlink:arcrole='http://xbrl.org/int/dim/arcrole/domain-member' xlink:from='loc_EquityComponentDomain' xlink:to='loc_NoncontrollingInterestMember' xlink:type='arc' />
</link:definitionLink>
<!--Definition relationships for table RedeemableNoncontrollingInterestByLegalEntityTable in presentation http://fasb.org/us-gaap/role/disclosure/MinorityInterest-->
<link:definitionLink xlink:role='http://fasb.org/us-gaap/role/disclosure/MinorityInterestRedeemableNoncontrollingInterestByLegalEntityTable' xlink:type='extended'>
<link:loc xlink:href='../elts/us-gaap-2011-01-31.xsd#us-gaap_RedeemableNoncontrollingInterestByLegalEntityTable' xlink:label='loc_RedeemableNoncontrollingInterestByLegalEntityTable' xlink:type='locator' />
<link:loc xlink:href='../elts/us-gaap-2011-01-31.xsd#us-gaap_RedeemableNoncontrollingInterestLineItems' xlink:label='loc_RedeemableNoncontrollingInterestLineItems' xlink:type='locator' />
<link:definitionArc order='1.0' xbrldt:closed='true' xbrldt:contextElement='segment' xlink:arcrole='http://xbrl.org/int/dim/arcrole/all' xlink:from='loc_RedeemableNoncontrollingInterestLineItems' xlink:to='loc_RedeemableNoncontrollingInterestByLegalEntityTable' xlink:type='arc' />
</link:definitionLink>
<link:definitionLink xlink:role='http://fasb.org/us-gaap/role/disclosure/MinorityInterestRedeemableNoncontrollingInterestByLegalEntityTable' xlink:type='extended'>
<link:loc xlink:href='../elts/us-gaap-2011-01-31.xsd#us-gaap_RedeemableNoncontrollingInterestByLegalEntityTable' xlink:label='loc_RedeemableNoncontrollingInterestByLegalEntityTable' xlink:type='locator' />
<link:loc xlink:href='http://xbrl.sec.gov/dei/2011/dei-2011-01-31.xsd#dei_LegalEntityAxis' xlink:label='loc_LegalEntityAxis' xlink:type='locator' />
<link:definitionArc order='1.0' xlink:arcrole='http://xbrl.org/int/dim/arcrole/hypercube-dimension' xlink:from='loc_RedeemableNoncontrollingInterestByLegalEntityTable' xlink:to='loc_LegalEntityAxis' xlink:type='arc' />
</link:definitionLink>
<link:definitionLink xlink:role='http://fasb.org/us-gaap/role/disclosure/MinorityInterestRedeemableNoncontrollingInterestByLegalEntityTable' xlink:type='extended'>
<link:loc xlink:href='http://xbrl.sec.gov/dei/2011/dei-2011-01-31.xsd#dei_LegalEntityAxis' xlink:label='loc_LegalEntityAxis' xlink:type='locator' />
<link:loc xlink:href='http://xbrl.sec.gov/dei/2011/dei-2011-01-31.xsd#dei_EntityDomain' xlink:label='loc_EntityDomain' xlink:type='locator' />
<link:definitionArc order='1.0' xlink:arcrole='http://xbrl.org/int/dim/arcrole/dimension-domain' xlink:from='loc_LegalEntityAxis' xlink:to='loc_EntityDomain' xlink:type='arc' />
</link:definitionLink>
<link:definitionLink xlink:role='http://fasb.org/us-gaap/role/disclosure/MinorityInterestRedeemableNoncontrollingInterestByLegalEntityTable' xlink:type='extended'>
<link:loc xlink:href='http://xbrl.sec.gov/dei/2011/dei-2011-01-31.xsd#dei_LegalEntityAxis' xlink:label='loc_LegalEntityAxis' xlink:type='locator' />
<link:loc xlink:href='http://xbrl.sec.gov/dei/2011/dei-2011-01-31.xsd#dei_EntityDomain' xlink:label='loc_EntityDomain' xlink:type='locator' />
<link:definitionArc order='1.0' xlink:arcrole='http://xbrl.org/int/dim/arcrole/dimension-default' xlink:from='loc_LegalEntityAxis' xlink:to='loc_EntityDomain' xlink:type='arc' />
</link:definitionLink>
<link:definitionLink xlink:role='http://fasb.org/us-gaap/role/disclosure/MinorityInterestRedeemableNoncontrollingInterestByLegalEntityTable' xlink:type='extended'>
<link:loc xlink:href='../elts/us-gaap-2011-01-31.xsd#us-gaap_RedeemableNoncontrollingInterestLineItems' xlink:label='loc_RedeemableNoncontrollingInterestLineItems' xlink:type='locator' />
<link:loc xlink:href='../elts/us-gaap-2011-01-31.xsd#us-gaap_RedeemableNoncontrollingInterestEquityFairValueAbstract' xlink:label='loc_RedeemableNoncontrollingInterestEquityFairValueAbstract' xlink:type='locator' />
<link:loc xlink:href='../elts/us-gaap-2011-01-31.xsd#us-gaap_RedeemableNoncontrollingInterestEquityRangeOfEstimatedFairValueAbstract' xlink:label='loc_RedeemableNoncontrollingInterestEquityRangeOfEstimatedFairValueAbstract' xlink:type='locator' />
<link:loc xlink:href='../elts/us-gaap-2011-01-31.xsd#us-gaap_RedeemableNoncontrollingInterestEquityRangeOfEstimatedFairValueHigh' xlink:label='loc_RedeemableNoncontrollingInterestEquityRangeOfEstimatedFairValueHigh' xlink:type='locator' />
<link:loc xlink:href='../elts/us-gaap-2011-01-31.xsd#us-gaap_RedeemableNoncontrollingInterestEquityRangeOfEstimatedFairValueLow' xlink:label='loc_RedeemableNoncontrollingInterestEquityRangeOfEstimatedFairValueLow' xlink:type='locator' />
<link:loc xlink:href='../elts/us-gaap-2011-01-31.xsd#us-gaap_RedeemableNoncontrollingInterestEquityCommonFairValue' xlink:label='loc_RedeemableNoncontrollingInterestEquityCommonFairValue' xlink:type='locator' />
<link:loc xlink:href='../elts/us-gaap-2011-01-31.xsd#us-gaap_RedeemableNoncontrollingInterestEquityPreferredFairValue' xlink:label='loc_RedeemableNoncontrollingInterestEquityPreferredFairValue' xlink:type='locator' />
<link:loc xlink:href='../elts/us-gaap-2011-01-31.xsd#us-gaap_RedeemableNoncontrollingInterestEquityOtherFairValue' xlink:label='loc_RedeemableNoncontrollingInterestEquityOtherFairValue' xlink:type='locator' />
<link:loc xlink:href='../elts/us-gaap-2011-01-31.xsd#us-gaap_RedeemableNoncontrollingInterestEquityFairValue' xlink:label='loc_RedeemableNoncontrollingInterestEquityFairValue' xlink:type='locator' />
<link:loc xlink:href='../elts/us-gaap-2011-01-31.xsd#us-gaap_RedeemableNoncontrollingInterestEquityCarryingAmountAbstract' xlink:label='loc_RedeemableNoncontrollingInterestEquityCarryingAmountAbstract' xlink:type='locator' />
<link:loc xlink:href='../elts/us-gaap-2011-01-31.xsd#us-gaap_RedeemableNoncontrollingInterestEquityCommonCarryingAmount' xlink:label='loc_RedeemableNoncontrollingInterestEquityCommonCarryingAmount' xlink:type='locator' />
<link:loc xlink:href='../elts/us-gaap-2011-01-31.xsd#us-gaap_RedeemableNoncontrollingInterestEquityPreferredCarryingAmount' xlink:label='loc_RedeemableNoncontrollingInterestEquityPreferredCarryingAmount' xlink:type='locator' />
<link:loc xlink:href='../elts/us-gaap-2011-01-31.xsd#us-gaap_RedeemableNoncontrollingInterestEquityOtherCarryingAmount' xlink:label='loc_RedeemableNoncontrollingInterestEquityOtherCarryingAmount' xlink:type='locator' />
<link:loc xlink:href='../elts/us-gaap-2011-01-31.xsd#us-gaap_RedeemableNoncontrollingInterestEquityCarryingAmount' xlink:label='loc_RedeemableNoncontrollingInterestEquityCarryingAmount' xlink:type='locator' />
<link:loc xlink:href='../elts/us-gaap-2011-01-31.xsd#us-gaap_MinorityInterestDescription' xlink:label='loc_MinorityInterestDescription' xlink:type='locator' />
<link:loc xlink:href='../elts/us-gaap-2011-01-31.xsd#us-gaap_MinorityInterestOwnershipPercentageByNoncontrollingOwners' xlink:label='loc_MinorityInterestOwnershipPercentageByNoncontrollingOwners' xlink:type='locator' />
<link:loc xlink:href='../elts/us-gaap-2011-01-31.xsd#us-gaap_MinorityInterestChangeInRedemptionValue' xlink:label='loc_MinorityInterestChangeInRedemptionValue' xlink:type='locator' />
<link:loc xlink:href='../elts/us-gaap-2011-01-31.xsd#us-gaap_MinorityInterestDecreaseFromRedemptions' xlink:label='loc_MinorityInterestDecreaseFromRedemptions' xlink:type='locator' />
<link:loc xlink:href='../elts/us-gaap-2011-01-31.xsd#us-gaap_PaymentsForRepurchaseOfRedeemableNoncontrollingInterest' xlink:label='loc_PaymentsForRepurchaseOfRedeemableNoncontrollingInterest' xlink:type='locator' />
<link:loc xlink:href='../elts/us-gaap-2011-01-31.xsd#us-gaap_MinorityInterestExplanationOfIncreaseDecrease' xlink:label='loc_MinorityInterestExplanationOfIncreaseDecrease' xlink:type='locator' />
<link:definitionArc order='1.0' xlink:arcrole='http://xbrl.org/int/dim/arcrole/domain-member' xlink:from='loc_RedeemableNoncontrollingInterestLineItems' xlink:to='loc_RedeemableNoncontrollingInterestEquityFairValueAbstract' xlink:type='arc' />
<link:definitionArc order='2.0' xlink:arcrole='http://xbrl.org/int/dim/arcrole/domain-member' xlink:from='loc_RedeemableNoncontrollingInterestEquityFairValueAbstract' xlink:to='loc_RedeemableNoncontrollingInterestEquityRangeOfEstimatedFairValueAbstract' xlink:type='arc' />
<link:definitionArc order='3.0' xlink:arcrole='http://xbrl.org/int/dim/arcrole/domain-member' xlink:from='loc_RedeemableNoncontrollingInterestEquityRangeOfEstimatedFairValueAbstract' xlink:to='loc_RedeemableNoncontrollingInterestEquityRangeOfEstimatedFairValueHigh' xlink:type='arc' />
<link:definitionArc order='4.0' xlink:arcrole='http://xbrl.org/int/dim/arcrole/domain-member' xlink:from='loc_RedeemableNoncontrollingInterestEquityRangeOfEstimatedFairValueAbstract' xlink:to='loc_RedeemableNoncontrollingInterestEquityRangeOfEstimatedFairValueLow' xlink:type='arc' />
<link:definitionArc order='5.0' xlink:arcrole='http://xbrl.org/int/dim/arcrole/domain-member' xlink:from='loc_RedeemableNoncontrollingInterestEquityFairValueAbstract' xlink:to='loc_RedeemableNoncontrollingInterestEquityCommonFairValue' xlink:type='arc' />
<link:definitionArc order='6.0' xlink:arcrole='http://xbrl.org/int/dim/arcrole/domain-member' xlink:from='loc_RedeemableNoncontrollingInterestEquityFairValueAbstract' xlink:to='loc_RedeemableNoncontrollingInterestEquityPreferredFairValue' xlink:type='arc' />
<link:definitionArc order='7.0' xlink:arcrole='http://xbrl.org/int/dim/arcrole/domain-member' xlink:from='loc_RedeemableNoncontrollingInterestEquityFairValueAbstract' xlink:to='loc_RedeemableNoncontrollingInterestEquityOtherFairValue' xlink:type='arc' />
<link:definitionArc order='8.0' xlink:arcrole='http://xbrl.org/int/dim/arcrole/domain-member' xlink:from='loc_RedeemableNoncontrollingInterestEquityFairValueAbstract' xlink:to='loc_RedeemableNoncontrollingInterestEquityFairValue' xlink:type='arc' />
<link:definitionArc order='9.0' xlink:arcrole='http://xbrl.org/int/dim/arcrole/domain-member' xlink:from='loc_RedeemableNoncontrollingInterestLineItems' xlink:to='loc_RedeemableNoncontrollingInterestEquityCarryingAmountAbstract' xlink:type='arc' />
<link:definitionArc order='10.0' xlink:arcrole='http://xbrl.org/int/dim/arcrole/domain-member' xlink:from='loc_RedeemableNoncontrollingInterestEquityCarryingAmountAbstract' xlink:to='loc_RedeemableNoncontrollingInterestEquityCommonCarryingAmount' xlink:type='arc' />
<link:definitionArc order='11.0' xlink:arcrole='http://xbrl.org/int/dim/arcrole/domain-member' xlink:from='loc_RedeemableNoncontrollingInterestEquityCarryingAmountAbstract' xlink:to='loc_RedeemableNoncontrollingInterestEquityPreferredCarryingAmount' xlink:type='arc' />
<link:definitionArc order='12.0' xlink:arcrole='http://xbrl.org/int/dim/arcrole/domain-member' xlink:from='loc_RedeemableNoncontrollingInterestEquityCarryingAmountAbstract' xlink:to='loc_RedeemableNoncontrollingInterestEquityOtherCarryingAmount' xlink:type='arc' />
<link:definitionArc order='13.0' xlink:arcrole='http://xbrl.org/int/dim/arcrole/domain-member' xlink:from='loc_RedeemableNoncontrollingInterestEquityCarryingAmountAbstract' xlink:to='loc_RedeemableNoncontrollingInterestEquityCarryingAmount' xlink:type='arc' />
<link:definitionArc order='14.0' xlink:arcrole='http://xbrl.org/int/dim/arcrole/domain-member' xlink:from='loc_RedeemableNoncontrollingInterestLineItems' xlink:to='loc_MinorityInterestDescription' xlink:type='arc' />
<link:definitionArc order='15.0' xlink:arcrole='http://xbrl.org/int/dim/arcrole/domain-member' xlink:from='loc_RedeemableNoncontrollingInterestLineItems' xlink:to='loc_MinorityInterestOwnershipPercentageByNoncontrollingOwners' xlink:type='arc' />
<link:definitionArc order='16.0' xlink:arcrole='http://xbrl.org/int/dim/arcrole/domain-member' xlink:from='loc_RedeemableNoncontrollingInterestLineItems' xlink:to='loc_MinorityInterestChangeInRedemptionValue' xlink:type='arc' />
<link:definitionArc order='17.0' xlink:arcrole='http://xbrl.org/int/dim/arcrole/domain-member' xlink:from='loc_RedeemableNoncontrollingInterestLineItems' xlink:to='loc_MinorityInterestDecreaseFromRedemptions' xlink:type='arc' />
<link:definitionArc order='18.0' xlink:arcrole='http://xbrl.org/int/dim/arcrole/domain-member' xlink:from='loc_RedeemableNoncontrollingInterestLineItems' xlink:to='loc_PaymentsForRepurchaseOfRedeemableNoncontrollingInterest' xlink:type='arc' />
<link:definitionArc order='19.0' xlink:arcrole='http://xbrl.org/int/dim/arcrole/domain-member' xlink:from='loc_RedeemableNoncontrollingInterestLineItems' xlink:to='loc_MinorityInterestExplanationOfIncreaseDecrease' xlink:type='arc' />
</link:definitionLink>
<link:definitionLink xlink:role='http://fasb.org/us-gaap/role/disclosure/MinorityInterestRedeemableNoncontrollingInterestByLegalEntityTable' xlink:type='extended'>
<link:loc xlink:href='http://xbrl.sec.gov/dei/2011/dei-2011-01-31.xsd#dei_EntityDomain' xlink:label='loc_EntityDomain' xlink:type='locator' />
<link:loc xlink:href='../elts/us-gaap-2011-01-31.xsd#us-gaap_SubsidiariesMember' xlink:label='loc_SubsidiariesMember' xlink:type='locator' />
<link:definitionArc order='1.0' xlink:arcrole='http://xbrl.org/int/dim/arcrole/domain-member' xlink:from='loc_EntityDomain' xlink:to='loc_SubsidiariesMember' xlink:type='arc' />
</link:definitionLink>
</link:linkbase>
