<?xml version="1.0" encoding="UTF-8" standalone="no"?>

<!--
(c) XBRL US, Inc. 2007-2010; Financial Accounting Foundation, Inc. 2010-2011.  All Rights Reserved.
Notice: Authorized Uses are Set Forth at http://xbrl.fasb.org/terms/TaxonomiesTermsConditions.html
  -->
<link:linkbase xmlns:link='http://www.xbrl.org/2003/linkbase' xmlns:xlink='http://www.w3.org/1999/xlink' xmlns:xsi='http://www.w3.org/2001/XMLSchema-instance' xsi:schemaLocation='http://www.xbrl.org/2003/linkbase http://www.xbrl.org/2003/xbrl-linkbase-2003-12-31.xsd'>
<link:roleRef roleURI='http://fasb.org/us-gaap/role/disclosure/FinancialInstrumentsFairValueDisclosures' xlink:href='../elts/us-roles-2011-01-31.xsd#fifvd' xlink:type='simple' />
<calculationLink xlink:role='http://fasb.org/us-gaap/role/disclosure/FinancialInstrumentsFairValueDisclosures' xlink:type='extended' xmlns='http://www.xbrl.org/2003/linkbase'>
<link:loc xlink:href='../elts/us-gaap-2011-01-31.xsd#us-gaap_FairValueMeasurementWithUnobservableInputsReconciliationRecurringBasisAssetPeriodIncreaseDecrease' xlink:label='loc_FairValueMeasurementWithUnobservableInputsReconciliationRecurringBasisAssetPeriodIncreaseDecrease' xlink:type='locator' />
<link:loc xlink:href='../elts/us-gaap-2011-01-31.xsd#us-gaap_FairValueMeasurementWithUnobservableInputsReconciliationRecurringBasisAssetGainLossIncludedInEarnings' xlink:label='loc_FairValueMeasurementWithUnobservableInputsReconciliationRecurringBasisAssetGainLossIncludedInEarnings' xlink:type='locator' />
<link:loc xlink:href='../elts/us-gaap-2011-01-31.xsd#us-gaap_FairValueMeasurementWithUnobservableInputsReconciliationRecurringBasisAssetGainLossIncludedInOtherComprehensiveIncome' xlink:label='loc_FairValueMeasurementWithUnobservableInputsReconciliationRecurringBasisAssetGainLossIncludedInOtherComprehensiveIncome' xlink:type='locator' />
<link:loc xlink:href='../elts/us-gaap-2011-01-31.xsd#us-gaap_FairValueMeasurementWithUnobservableInputsReconciliationRecurringBasisAssetPurchasesSalesIssuancesSettlements' xlink:label='loc_FairValueMeasurementWithUnobservableInputsReconciliationRecurringBasisAssetPurchasesSalesIssuancesSettlements' xlink:type='locator' />
<link:loc xlink:href='../elts/us-gaap-2011-01-31.xsd#us-gaap_FairValueMeasurementWithUnobservableInputsReconciliationRecurringBasisAssetPurchases' xlink:label='loc_FairValueMeasurementWithUnobservableInputsReconciliationRecurringBasisAssetPurchases' xlink:type='locator' />
<link:loc xlink:href='../elts/us-gaap-2011-01-31.xsd#us-gaap_FairValueMeasurementWithUnobservableInputsReconciliationRecurringBasisAssetSales' xlink:label='loc_FairValueMeasurementWithUnobservableInputsReconciliationRecurringBasisAssetSales' xlink:type='locator' />
<link:loc xlink:href='../elts/us-gaap-2011-01-31.xsd#us-gaap_FairValueMeasurementWithUnobservableInputsReconciliationRecurringBasisAssetIssues' xlink:label='loc_FairValueMeasurementWithUnobservableInputsReconciliationRecurringBasisAssetIssues' xlink:type='locator' />
<link:loc xlink:href='../elts/us-gaap-2011-01-31.xsd#us-gaap_FairValueMeasurementWithUnobservableInputsReconciliationRecurringBasisAssetSettlements' xlink:label='loc_FairValueMeasurementWithUnobservableInputsReconciliationRecurringBasisAssetSettlements' xlink:type='locator' />
<link:loc xlink:href='../elts/us-gaap-2011-01-31.xsd#us-gaap_FairValueMeasurementWithUnobservableInputsReconciliationRecurringBasisAssetTransfersNet' xlink:label='loc_FairValueMeasurementWithUnobservableInputsReconciliationRecurringBasisAssetTransfersNet' xlink:type='locator' />
<link:loc xlink:href='../elts/us-gaap-2011-01-31.xsd#us-gaap_FairValueMeasurementWithUnobservableInputsReconciliationRecurringBasisAssetTransfersIntoLevel3' xlink:label='loc_FairValueMeasurementWithUnobservableInputsReconciliationRecurringBasisAssetTransfersIntoLevel3' xlink:type='locator' />
<link:loc xlink:href='../elts/us-gaap-2011-01-31.xsd#us-gaap_FairValueMeasurementWithUnobservableInputsReconciliationRecurringBasisAssetTransfersOutOfLevel3' xlink:label='loc_FairValueMeasurementWithUnobservableInputsReconciliationRecurringBasisAssetTransfersOutOfLevel3' xlink:type='locator' />
<link:loc xlink:href='../elts/us-gaap-2011-01-31.xsd#us-gaap_FairValueMeasurementWithUnobservableInputsReconciliationRecurringBasisLiabilityPeriodIncreaseDecrease' xlink:label='loc_FairValueMeasurementWithUnobservableInputsReconciliationRecurringBasisLiabilityPeriodIncreaseDecrease' xlink:type='locator' />
<link:loc xlink:href='../elts/us-gaap-2011-01-31.xsd#us-gaap_FairValueMeasurementWithUnobservableInputsReconciliationRecurringBasisLiabilityGainLossIncludedInEarnings' xlink:label='loc_FairValueMeasurementWithUnobservableInputsReconciliationRecurringBasisLiabilityGainLossIncludedInEarnings' xlink:type='locator' />
<link:loc xlink:href='../elts/us-gaap-2011-01-31.xsd#us-gaap_FairValueMeasurementWithUnobservableInputsReconciliationLiabilityTransfersIntoLevel3' xlink:label='loc_FairValueMeasurementWithUnobservableInputsReconciliationLiabilityTransfersIntoLevel3' xlink:type='locator' />
<link:loc xlink:href='../elts/us-gaap-2011-01-31.xsd#us-gaap_FairValueMeasurementWithUnobservableInputsReconciliationLiabilityTransfersOutOfLevel3' xlink:label='loc_FairValueMeasurementWithUnobservableInputsReconciliationLiabilityTransfersOutOfLevel3' xlink:type='locator' />
<link:loc xlink:href='../elts/us-gaap-2011-01-31.xsd#us-gaap_FairValueMeasurementWithUnobservableInputsReconciliationRecurringBasisLiabilityGainLossIncludedInOtherComprehensiveIncome' xlink:label='loc_FairValueMeasurementWithUnobservableInputsReconciliationRecurringBasisLiabilityGainLossIncludedInOtherComprehensiveIncome' xlink:type='locator' />
<link:loc xlink:href='../elts/us-gaap-2011-01-31.xsd#us-gaap_FairValueMeasurementWithUnobservableInputsReconciliationRecurringBasisLiabilityPurchasesSalesIssuancesSettlements' xlink:label='loc_FairValueMeasurementWithUnobservableInputsReconciliationRecurringBasisLiabilityPurchasesSalesIssuancesSettlements' xlink:type='locator' />
<link:loc xlink:href='../elts/us-gaap-2011-01-31.xsd#us-gaap_FairValueMeasurementWithUnobservableInputsReconciliationRecurringBasisLiabilityPurchases' xlink:label='loc_FairValueMeasurementWithUnobservableInputsReconciliationRecurringBasisLiabilityPurchases' xlink:type='locator' />
<link:loc xlink:href='../elts/us-gaap-2011-01-31.xsd#us-gaap_FairValueMeasurementWithUnobservableInputsReconciliationRecurringBasisLiabilitySales' xlink:label='loc_FairValueMeasurementWithUnobservableInputsReconciliationRecurringBasisLiabilitySales' xlink:type='locator' />
<link:loc xlink:href='../elts/us-gaap-2011-01-31.xsd#us-gaap_FairValueMeasurementWithUnobservableInputsReconciliationRecurringBasisLiabilityIssues' xlink:label='loc_FairValueMeasurementWithUnobservableInputsReconciliationRecurringBasisLiabilityIssues' xlink:type='locator' />
<link:loc xlink:href='../elts/us-gaap-2011-01-31.xsd#us-gaap_FairValueMeasurementWithUnobservableInputsReconciliationRecurringBasisLiabilitySettlements' xlink:label='loc_FairValueMeasurementWithUnobservableInputsReconciliationRecurringBasisLiabilitySettlements' xlink:type='locator' />
<link:loc xlink:href='../elts/us-gaap-2011-01-31.xsd#us-gaap_FairValueMeasurementWithUnobservableInputsReconciliationRecurringBasisLiabilityTransfersNet' xlink:label='loc_FairValueMeasurementWithUnobservableInputsReconciliationRecurringBasisLiabilityTransfersNet' xlink:type='locator' />
<link:loc xlink:href='../elts/us-gaap-2011-01-31.xsd#us-gaap_FairValueOptionLoansHeldAsAssetsAggregateDifference' xlink:label='loc_FairValueOptionLoansHeldAsAssetsAggregateDifference' xlink:type='locator' />
<link:loc xlink:href='../elts/us-gaap-2011-01-31.xsd#us-gaap_FairValueOptionLoansHeldAsAssets90DaysOrMorePastDueAggregateDifference' xlink:label='loc_FairValueOptionLoansHeldAsAssets90DaysOrMorePastDueAggregateDifference' xlink:type='locator' />
<link:loc xlink:href='../elts/us-gaap-2011-01-31.xsd#us-gaap_FairValueOptionLoansHeldAsAssetsAggregateAmountInNonaccrualStatusAggregatedDifference' xlink:label='loc_FairValueOptionLoansHeldAsAssetsAggregateAmountInNonaccrualStatusAggregatedDifference' xlink:type='locator' />
<link:loc xlink:href='../elts/us-gaap-2011-01-31.xsd#us-gaap_AssetsFairValueDisclosure' xlink:label='loc_AssetsFairValueDisclosure' xlink:type='locator' />
<link:loc xlink:href='../elts/us-gaap-2011-01-31.xsd#us-gaap_CashAndCashEquivalentsFairValueDisclosure' xlink:label='loc_CashAndCashEquivalentsFairValueDisclosure' xlink:type='locator' />
<link:loc xlink:href='../elts/us-gaap-2011-01-31.xsd#us-gaap_ReceivablesFairValueDisclosure' xlink:label='loc_ReceivablesFairValueDisclosure' xlink:type='locator' />
<link:loc xlink:href='../elts/us-gaap-2011-01-31.xsd#us-gaap_AccountsReceivableFairValueDisclosure' xlink:label='loc_AccountsReceivableFairValueDisclosure' xlink:type='locator' />
<link:loc xlink:href='../elts/us-gaap-2011-01-31.xsd#us-gaap_PremiumsReceivableFairValueDisclosure' xlink:label='loc_PremiumsReceivableFairValueDisclosure' xlink:type='locator' />
<link:loc xlink:href='../elts/us-gaap-2011-01-31.xsd#us-gaap_NotesReceivableFairValueDisclosure' xlink:label='loc_NotesReceivableFairValueDisclosure' xlink:type='locator' />
<link:loc xlink:href='../elts/us-gaap-2011-01-31.xsd#us-gaap_LoansReceivableFairValueDisclosure' xlink:label='loc_LoansReceivableFairValueDisclosure' xlink:type='locator' />
<link:loc xlink:href='../elts/us-gaap-2011-01-31.xsd#us-gaap_InvestmentsFairValueDisclosure' xlink:label='loc_InvestmentsFairValueDisclosure' xlink:type='locator' />
<link:loc xlink:href='../elts/us-gaap-2011-01-31.xsd#us-gaap_TradingSecuritiesFairValueDisclosure' xlink:label='loc_TradingSecuritiesFairValueDisclosure' xlink:type='locator' />
<link:loc xlink:href='../elts/us-gaap-2011-01-31.xsd#us-gaap_AvailableForSaleSecuritiesFairValueDisclosure' xlink:label='loc_AvailableForSaleSecuritiesFairValueDisclosure' xlink:type='locator' />
<link:loc xlink:href='../elts/us-gaap-2011-01-31.xsd#us-gaap_HeldToMaturitySecuritiesFairValueDisclosure' xlink:label='loc_HeldToMaturitySecuritiesFairValueDisclosure' xlink:type='locator' />
<link:loc xlink:href='../elts/us-gaap-2011-01-31.xsd#us-gaap_EquityMethodInvestmentsFairValueDisclosure' xlink:label='loc_EquityMethodInvestmentsFairValueDisclosure' xlink:type='locator' />
<link:loc xlink:href='../elts/us-gaap-2011-01-31.xsd#us-gaap_CostMethodInvestmentsFairValueDisclosure' xlink:label='loc_CostMethodInvestmentsFairValueDisclosure' xlink:type='locator' />
<link:loc xlink:href='../elts/us-gaap-2011-01-31.xsd#us-gaap_InvestmentInFederalHomeLoanBankStockFairValueDisclosure' xlink:label='loc_InvestmentInFederalHomeLoanBankStockFairValueDisclosure' xlink:type='locator' />
<link:loc xlink:href='../elts/us-gaap-2011-01-31.xsd#us-gaap_TradingAccountAssetsFairValueDisclosure' xlink:label='loc_TradingAccountAssetsFairValueDisclosure' xlink:type='locator' />
<link:loc xlink:href='../elts/us-gaap-2011-01-31.xsd#us-gaap_FederalFundsSoldAndSecuritiesBorrowedOrPurchasedUnderAgreementsToResellFairValueDisclosure' xlink:label='loc_FederalFundsSoldAndSecuritiesBorrowedOrPurchasedUnderAgreementsToResellFairValueDisclosure' xlink:type='locator' />
<link:loc xlink:href='../elts/us-gaap-2011-01-31.xsd#us-gaap_AlternativeInvestmentsFairValueDisclosure' xlink:label='loc_AlternativeInvestmentsFairValueDisclosure' xlink:type='locator' />
<link:loc xlink:href='../elts/us-gaap-2011-01-31.xsd#us-gaap_MortgageBackedSecuritiesAvailableForSaleFairValueDisclosure' xlink:label='loc_MortgageBackedSecuritiesAvailableForSaleFairValueDisclosure' xlink:type='locator' />
<link:loc xlink:href='../elts/us-gaap-2011-01-31.xsd#us-gaap_MortgageBackedSecuritiesHeldToMaturityFairValueDisclosure' xlink:label='loc_MortgageBackedSecuritiesHeldToMaturityFairValueDisclosure' xlink:type='locator' />
<link:loc xlink:href='../elts/us-gaap-2011-01-31.xsd#us-gaap_LoansHeldForSaleFairValueDisclosure' xlink:label='loc_LoansHeldForSaleFairValueDisclosure' xlink:type='locator' />
<link:loc xlink:href='../elts/us-gaap-2011-01-31.xsd#us-gaap_MortgagesHeldForSaleFairValueDisclosure' xlink:label='loc_MortgagesHeldForSaleFairValueDisclosure' xlink:type='locator' />
<link:loc xlink:href='../elts/us-gaap-2011-01-31.xsd#us-gaap_CashSurrenderValueFairValueDisclosure' xlink:label='loc_CashSurrenderValueFairValueDisclosure' xlink:type='locator' />
<link:loc xlink:href='../elts/us-gaap-2011-01-31.xsd#us-gaap_SecuritiesBorrowedFairValueDisclosure' xlink:label='loc_SecuritiesBorrowedFairValueDisclosure' xlink:type='locator' />
<link:loc xlink:href='../elts/us-gaap-2011-01-31.xsd#us-gaap_ServicingAssetAtFairValueAmount' xlink:label='loc_ServicingAssetAtFairValueAmount' xlink:type='locator' />
<link:loc xlink:href='../elts/us-gaap-2011-01-31.xsd#us-gaap_RetainedInterestFairValueDisclosure' xlink:label='loc_RetainedInterestFairValueDisclosure' xlink:type='locator' />
<link:loc xlink:href='../elts/us-gaap-2011-01-31.xsd#us-gaap_DerivativeAssets' xlink:label='loc_DerivativeAssets' xlink:type='locator' />
<link:loc xlink:href='../elts/us-gaap-2011-01-31.xsd#us-gaap_ForeignCurrencyContractAssetFairValueDisclosure' xlink:label='loc_ForeignCurrencyContractAssetFairValueDisclosure' xlink:type='locator' />
<link:loc xlink:href='../elts/us-gaap-2011-01-31.xsd#us-gaap_OtherAssetsFairValueDisclosure' xlink:label='loc_OtherAssetsFairValueDisclosure' xlink:type='locator' />
<link:loc xlink:href='../elts/us-gaap-2011-01-31.xsd#us-gaap_InventoryNoncurrentFairValueDisclosure' xlink:label='loc_InventoryNoncurrentFairValueDisclosure' xlink:type='locator' />
<link:loc xlink:href='../elts/us-gaap-2011-01-31.xsd#us-gaap_PropertyPlantAndEquipmentFairValueDisclosure' xlink:label='loc_PropertyPlantAndEquipmentFairValueDisclosure' xlink:type='locator' />
<link:loc xlink:href='../elts/us-gaap-2011-01-31.xsd#us-gaap_CapitalLeasedAssetsNoncurrentFairValueDisclosure' xlink:label='loc_CapitalLeasedAssetsNoncurrentFairValueDisclosure' xlink:type='locator' />
<link:loc xlink:href='../elts/us-gaap-2011-01-31.xsd#us-gaap_InvestmentsInAffiliatesSubsidiariesAssociatesAndJointVenturesFairValueDisclosure' xlink:label='loc_InvestmentsInAffiliatesSubsidiariesAssociatesAndJointVenturesFairValueDisclosure' xlink:type='locator' />
<link:loc xlink:href='../elts/us-gaap-2011-01-31.xsd#us-gaap_InvestmentInPhysicalCommoditiesFairValueDisclosure' xlink:label='loc_InvestmentInPhysicalCommoditiesFairValueDisclosure' xlink:type='locator' />
<link:loc xlink:href='../elts/us-gaap-2011-01-31.xsd#us-gaap_GoodwillFairValueDisclosure' xlink:label='loc_GoodwillFairValueDisclosure' xlink:type='locator' />
<link:loc xlink:href='../elts/us-gaap-2011-01-31.xsd#us-gaap_IndefiniteLivedIntangibleAssetsExcludingGoodwillFairValueDisclosure' xlink:label='loc_IndefiniteLivedIntangibleAssetsExcludingGoodwillFairValueDisclosure' xlink:type='locator' />
<link:loc xlink:href='../elts/us-gaap-2011-01-31.xsd#us-gaap_FiniteLivedIntangibleAssetsFairValueDisclosure' xlink:label='loc_FiniteLivedIntangibleAssetsFairValueDisclosure' xlink:type='locator' />
<link:loc xlink:href='../elts/us-gaap-2011-01-31.xsd#us-gaap_InvestmentsInPowerAndDistributionProjectsFairValueDisclosure' xlink:label='loc_InvestmentsInPowerAndDistributionProjectsFairValueDisclosure' xlink:type='locator' />
<link:loc xlink:href='../elts/us-gaap-2011-01-31.xsd#us-gaap_AssetsHeldForSaleLongLivedFairValueDisclosure' xlink:label='loc_AssetsHeldForSaleLongLivedFairValueDisclosure' xlink:type='locator' />
<link:loc xlink:href='../elts/us-gaap-2011-01-31.xsd#us-gaap_RegulatoryAssetsNoncurrentFairValueDisclosure' xlink:label='loc_RegulatoryAssetsNoncurrentFairValueDisclosure' xlink:type='locator' />
<link:loc xlink:href='../elts/us-gaap-2011-01-31.xsd#us-gaap_GasPurchaseContractFairValueDisclosure' xlink:label='loc_GasPurchaseContractFairValueDisclosure' xlink:type='locator' />
<link:loc xlink:href='../elts/us-gaap-2011-01-31.xsd#us-gaap_LiabilitiesFairValueDisclosure' xlink:label='loc_LiabilitiesFairValueDisclosure' xlink:type='locator' />
<link:loc xlink:href='../elts/us-gaap-2011-01-31.xsd#us-gaap_AccountsPayableFairValueDisclosure' xlink:label='loc_AccountsPayableFairValueDisclosure' xlink:type='locator' />
<link:loc xlink:href='../elts/us-gaap-2011-01-31.xsd#us-gaap_AccruedLiabilitiesFairValueDisclosure' xlink:label='loc_AccruedLiabilitiesFairValueDisclosure' xlink:type='locator' />
<link:loc xlink:href='../elts/us-gaap-2011-01-31.xsd#us-gaap_DebtInstrumentFairValue' xlink:label='loc_DebtInstrumentFairValue' xlink:type='locator' />
<link:loc xlink:href='../elts/us-gaap-2011-01-31.xsd#us-gaap_NotesPayableFairValueDisclosure' xlink:label='loc_NotesPayableFairValueDisclosure' xlink:type='locator' />
<link:loc xlink:href='../elts/us-gaap-2011-01-31.xsd#us-gaap_LoansPayableFairValueDisclosure' xlink:label='loc_LoansPayableFairValueDisclosure' xlink:type='locator' />
<link:loc xlink:href='../elts/us-gaap-2011-01-31.xsd#us-gaap_LinesOfCreditFairValueDisclosure' xlink:label='loc_LinesOfCreditFairValueDisclosure' xlink:type='locator' />
<link:loc xlink:href='../elts/us-gaap-2011-01-31.xsd#us-gaap_ConvertibleDebtFairValueDisclosures' xlink:label='loc_ConvertibleDebtFairValueDisclosures' xlink:type='locator' />
<link:loc xlink:href='../elts/us-gaap-2011-01-31.xsd#us-gaap_FairValueLiabilitiesMeasuredOnRecurringBasisObligations' xlink:label='loc_FairValueLiabilitiesMeasuredOnRecurringBasisObligations' xlink:type='locator' />
<link:loc xlink:href='../elts/us-gaap-2011-01-31.xsd#us-gaap_TradingLiabilitiesFairValueDisclosure' xlink:label='loc_TradingLiabilitiesFairValueDisclosure' xlink:type='locator' />
<link:loc xlink:href='../elts/us-gaap-2011-01-31.xsd#us-gaap_FederalFundsPurchasedAndSecuritiesLoanedOrSoldUnderAgreementsToRepurchaseFairValueDisclosure' xlink:label='loc_FederalFundsPurchasedAndSecuritiesLoanedOrSoldUnderAgreementsToRepurchaseFairValueDisclosure' xlink:type='locator' />
<link:loc xlink:href='../elts/us-gaap-2011-01-31.xsd#us-gaap_FederalFundsPurchasedFairValueDisclosure' xlink:label='loc_FederalFundsPurchasedFairValueDisclosure' xlink:type='locator' />
<link:loc xlink:href='../elts/us-gaap-2011-01-31.xsd#us-gaap_SecuritiesLoanedOrSoldUnderAgreementsToRepurchaseFairValueDisclosure' xlink:label='loc_SecuritiesLoanedOrSoldUnderAgreementsToRepurchaseFairValueDisclosure' xlink:type='locator' />
<link:loc xlink:href='../elts/us-gaap-2011-01-31.xsd#us-gaap_FederalHomeLoanBankBorrowingsFairValueDisclosure' xlink:label='loc_FederalHomeLoanBankBorrowingsFairValueDisclosure' xlink:type='locator' />
<link:loc xlink:href='../elts/us-gaap-2011-01-31.xsd#us-gaap_DerivativeFinancialInstrumentsLiabilitiesFairValueDisclosure' xlink:label='loc_DerivativeFinancialInstrumentsLiabilitiesFairValueDisclosure' xlink:type='locator' />
<link:loc xlink:href='../elts/us-gaap-2011-01-31.xsd#us-gaap_ForeignCurrencyContractsLiabilityFairValueDisclosure' xlink:label='loc_ForeignCurrencyContractsLiabilityFairValueDisclosure' xlink:type='locator' />
<link:loc xlink:href='../elts/us-gaap-2011-01-31.xsd#us-gaap_CommitmentsFairValueDisclosure' xlink:label='loc_CommitmentsFairValueDisclosure' xlink:type='locator' />
<link:loc xlink:href='../elts/us-gaap-2011-01-31.xsd#us-gaap_GuaranteesFairValueDisclosure' xlink:label='loc_GuaranteesFairValueDisclosure' xlink:type='locator' />
<link:loc xlink:href='../elts/us-gaap-2011-01-31.xsd#us-gaap_LiabilitiesRelatedToInvestmentContractsFairValueDisclosure' xlink:label='loc_LiabilitiesRelatedToInvestmentContractsFairValueDisclosure' xlink:type='locator' />
<link:loc xlink:href='../elts/us-gaap-2011-01-31.xsd#us-gaap_MandatorilyRedeemablePreferredStockFairValueDisclosure' xlink:label='loc_MandatorilyRedeemablePreferredStockFairValueDisclosure' xlink:type='locator' />
<link:loc xlink:href='../elts/us-gaap-2011-01-31.xsd#us-gaap_SecuritiesSoldNotYetPurchasedFairValueDisclosure' xlink:label='loc_SecuritiesSoldNotYetPurchasedFairValueDisclosure' xlink:type='locator' />
<link:loc xlink:href='../elts/us-gaap-2011-01-31.xsd#us-gaap_OtherLiabilitiesFairValueDisclosure' xlink:label='loc_OtherLiabilitiesFairValueDisclosure' xlink:type='locator' />
<link:loc xlink:href='../elts/us-gaap-2011-01-31.xsd#us-gaap_ServicingLiabilityAtFairValueAmount' xlink:label='loc_ServicingLiabilityAtFairValueAmount' xlink:type='locator' />
<link:loc xlink:href='../elts/us-gaap-2011-01-31.xsd#us-gaap_DepositsFairValueDisclosure' xlink:label='loc_DepositsFairValueDisclosure' xlink:type='locator' />
<link:loc xlink:href='../elts/us-gaap-2011-01-31.xsd#us-gaap_FairValueLiabilitiesMeasuredOnRecurringBasisSubordinatedDebtObligations' xlink:label='loc_FairValueLiabilitiesMeasuredOnRecurringBasisSubordinatedDebtObligations' xlink:type='locator' />
<link:loc xlink:href='../elts/us-gaap-2011-01-31.xsd#us-gaap_FairValueInvestmentsEntitiesThatCalculateNetAssetValuePerShareUnobservableInputPeriodIncreaseDecrease' xlink:label='loc_FairValueInvestmentsEntitiesThatCalculateNetAssetValuePerShareUnobservableInputPeriodIncreaseDecrease' xlink:type='locator' />
<link:loc xlink:href='../elts/us-gaap-2011-01-31.xsd#us-gaap_FairValueInvestmentsEntitiesThatCalculateNetAssetValuePerShareUnobservableInputGainsLossesNet' xlink:label='loc_FairValueInvestmentsEntitiesThatCalculateNetAssetValuePerShareUnobservableInputGainsLossesNet' xlink:type='locator' />
<link:loc xlink:href='../elts/us-gaap-2011-01-31.xsd#us-gaap_FairValueInvestmentsEntitiesThatCalculateNetAssetValuePerShareUnobservableInputGainsLossesIncludedInEarningsNet' xlink:label='loc_FairValueInvestmentsEntitiesThatCalculateNetAssetValuePerShareUnobservableInputGainsLossesIncludedInEarningsNet' xlink:type='locator' />
<link:loc xlink:href='../elts/us-gaap-2011-01-31.xsd#us-gaap_FairValueInvestmentsEntitiesThatCalculateNetAssetValuePerShareUnobservableInputRealizedGainsLossesNet' xlink:label='loc_FairValueInvestmentsEntitiesThatCalculateNetAssetValuePerShareUnobservableInputRealizedGainsLossesNet' xlink:type='locator' />
<link:loc xlink:href='../elts/us-gaap-2011-01-31.xsd#us-gaap_FairValueInvestmentsEntitiesThatCalculateNetAssetValuePerShareUnobservableInputRealizedGains' xlink:label='loc_FairValueInvestmentsEntitiesThatCalculateNetAssetValuePerShareUnobservableInputRealizedGains' xlink:type='locator' />
<link:loc xlink:href='../elts/us-gaap-2011-01-31.xsd#us-gaap_FairValueInvestmentsEntitiesThatCalculateNetAssetValuePerShareUnobservableInputRealizedLosses' xlink:label='loc_FairValueInvestmentsEntitiesThatCalculateNetAssetValuePerShareUnobservableInputRealizedLosses' xlink:type='locator' />
<link:loc xlink:href='../elts/us-gaap-2011-01-31.xsd#us-gaap_FairValueInvestmentsEntitiesThatCalculateNetAssetValuePerShareUnobservableInputUnrealizedGainsLossesIncludedInEarningsNet' xlink:label='loc_FairValueInvestmentsEntitiesThatCalculateNetAssetValuePerShareUnobservableInputUnrealizedGainsLossesIncludedInEarningsNet' xlink:type='locator' />
<link:loc xlink:href='../elts/us-gaap-2011-01-31.xsd#us-gaap_FairValueInvestmentsEntitiesThatCalculateNetAssetValuePerShareUnobservableInputUnrealizedGainsIncludedInEarnings' xlink:label='loc_FairValueInvestmentsEntitiesThatCalculateNetAssetValuePerShareUnobservableInputUnrealizedGainsIncludedInEarnings' xlink:type='locator' />
<link:loc xlink:href='../elts/us-gaap-2011-01-31.xsd#us-gaap_FairValueInvestmentsEntitiesThatCalculateNetAssetValuePerShareUnobservableInputUnrealizedLossesIncludedInEarnings' xlink:label='loc_FairValueInvestmentsEntitiesThatCalculateNetAssetValuePerShareUnobservableInputUnrealizedLossesIncludedInEarnings' xlink:type='locator' />
<link:loc xlink:href='../elts/us-gaap-2011-01-31.xsd#us-gaap_FairValueInvestmentsEntitiesThatCalculateNetAssetValuePerShareUnobservableInputUnrealizedGainsLossesChangesInAssetsAndLiabilitiesNet' xlink:label='loc_FairValueInvestmentsEntitiesThatCalculateNetAssetValuePerShareUnobservableInputUnrealizedGainsLossesChangesInAssetsAndLiabilitiesNet' xlink:type='locator' />
<link:loc xlink:href='../elts/us-gaap-2011-01-31.xsd#us-gaap_FairValueInvestmentsEntitiesThatCalculateNetAssetValuePerShareUnobservableInputUnrealizedGainsChangesInAssetsAndLiabilities' xlink:label='loc_FairValueInvestmentsEntitiesThatCalculateNetAssetValuePerShareUnobservableInputUnrealizedGainsChangesInAssetsAndLiabilities' xlink:type='locator' />
<link:loc xlink:href='../elts/us-gaap-2011-01-31.xsd#us-gaap_FairValueInvestmentsEntitiesThatCalculateNetAssetValuePerShareUnobservableInputUnrealizedLossesChangesInAssetsAndLiabilities' xlink:label='loc_FairValueInvestmentsEntitiesThatCalculateNetAssetValuePerShareUnobservableInputUnrealizedLossesChangesInAssetsAndLiabilities' xlink:type='locator' />
<link:loc xlink:href='../elts/us-gaap-2011-01-31.xsd#us-gaap_FairValueInvestmentsEntitiesThatCalculateNetAssetValuePerShareUnobservableInputInvestmentHoldingsMovementsNet' xlink:label='loc_FairValueInvestmentsEntitiesThatCalculateNetAssetValuePerShareUnobservableInputInvestmentHoldingsMovementsNet' xlink:type='locator' />
<link:loc xlink:href='../elts/us-gaap-2011-01-31.xsd#us-gaap_FairValueInvestmentsEntitiesThatCalculateNetAssetValuePerShareUnobservableInputInvestmentHoldingsMovementsPurchases' xlink:label='loc_FairValueInvestmentsEntitiesThatCalculateNetAssetValuePerShareUnobservableInputInvestmentHoldingsMovementsPurchases' xlink:type='locator' />
<link:loc xlink:href='../elts/us-gaap-2011-01-31.xsd#us-gaap_FairValueInvestmentsEntitiesThatCalculateNetAssetValuePerShareUnobservableInputInvestmentHoldingsMovementsSales' xlink:label='loc_FairValueInvestmentsEntitiesThatCalculateNetAssetValuePerShareUnobservableInputInvestmentHoldingsMovementsSales' xlink:type='locator' />
<link:loc xlink:href='../elts/us-gaap-2011-01-31.xsd#us-gaap_FairValueInvestmentsEntitiesThatCalculateNetAssetValuePerShareUnobservableInputInvestmentHoldingsMovementsIssuances' xlink:label='loc_FairValueInvestmentsEntitiesThatCalculateNetAssetValuePerShareUnobservableInputInvestmentHoldingsMovementsIssuances' xlink:type='locator' />
<link:loc xlink:href='../elts/us-gaap-2011-01-31.xsd#us-gaap_FairValueInvestmentsEntitiesThatCalculateNetAssetValuePerShareUnobservableInputInvestmentHoldingsMovementsSettlements' xlink:label='loc_FairValueInvestmentsEntitiesThatCalculateNetAssetValuePerShareUnobservableInputInvestmentHoldingsMovementsSettlements' xlink:type='locator' />
<link:loc xlink:href='../elts/us-gaap-2011-01-31.xsd#us-gaap_FairValueInvestmentsEntitiesThatCalculateNetAssetValuePerShareUnobservableInputTranserfsNet' xlink:label='loc_FairValueInvestmentsEntitiesThatCalculateNetAssetValuePerShareUnobservableInputTranserfsNet' xlink:type='locator' />
<link:loc xlink:href='../elts/us-gaap-2011-01-31.xsd#us-gaap_FairValueInvestmentsEntitiesThatCalculateNetAssetValuePerShareUnobservableInputTranserfsIn' xlink:label='loc_FairValueInvestmentsEntitiesThatCalculateNetAssetValuePerShareUnobservableInputTranserfsIn' xlink:type='locator' />
<link:loc xlink:href='../elts/us-gaap-2011-01-31.xsd#us-gaap_FairValueInvestmentsEntitiesThatCalculateNetAssetValuePerShareUnobservableInputTranserfsOut' xlink:label='loc_FairValueInvestmentsEntitiesThatCalculateNetAssetValuePerShareUnobservableInputTranserfsOut' xlink:type='locator' />
<link:loc xlink:href='../elts/us-gaap-2011-01-31.xsd#us-gaap_FairValueInvestmentsEntitiesThatCalculateNetAssetValuePerShareUnobservableInputRealizedAndUnrealizedGainsIncludedInEarnings' xlink:label='loc_FairValueInvestmentsEntitiesThatCalculateNetAssetValuePerShareUnobservableInputRealizedAndUnrealizedGainsIncludedInEarnings' xlink:type='locator' />
<link:loc xlink:href='../elts/us-gaap-2011-01-31.xsd#us-gaap_FairValueInvestmentsEntitiesThatCalculateNetAssetValuePerShareUnobservableInputRealizedAndUnrealizedLossesIncludedInEarnings' xlink:label='loc_FairValueInvestmentsEntitiesThatCalculateNetAssetValuePerShareUnobservableInputRealizedAndUnrealizedLossesIncludedInEarnings' xlink:type='locator' />
<link:loc xlink:href='../elts/us-gaap-2011-01-31.xsd#us-gaap_FairValueAssetsAndLiabilitiesMeasuredOnRecurringBasisGainLossIncludedInEarnings' xlink:label='loc_FairValueAssetsAndLiabilitiesMeasuredOnRecurringBasisGainLossIncludedInEarnings' xlink:type='locator' />
<link:loc xlink:href='../elts/us-gaap-2011-01-31.xsd#us-gaap_FairValueAssetsMeasuredOnRecurringBasisGainLossIncludedInInvestmentIncome' xlink:label='loc_FairValueAssetsMeasuredOnRecurringBasisGainLossIncludedInInvestmentIncome' xlink:type='locator' />
<link:loc xlink:href='../elts/us-gaap-2011-01-31.xsd#us-gaap_FairValueAssetsMeasuredOnRecurringBasisGainLossIncludedInOtherIncome' xlink:label='loc_FairValueAssetsMeasuredOnRecurringBasisGainLossIncludedInOtherIncome' xlink:type='locator' />
<link:loc xlink:href='../elts/us-gaap-2011-01-31.xsd#us-gaap_FairValueAssetsMeasuredOnRecurringBasisGainLossIncludedInTradingRevenue' xlink:label='loc_FairValueAssetsMeasuredOnRecurringBasisGainLossIncludedInTradingRevenue' xlink:type='locator' />
<link:loc xlink:href='../elts/us-gaap-2011-01-31.xsd#us-gaap_FairValueLiabilitiesMeasuredOnRecurringBasisGainLossIncludedInInvestmentIncome' xlink:label='loc_FairValueLiabilitiesMeasuredOnRecurringBasisGainLossIncludedInInvestmentIncome' xlink:type='locator' />
<link:loc xlink:href='../elts/us-gaap-2011-01-31.xsd#us-gaap_FairValueLiabilitiesMeasuredOnRecurringBasisGainLossIncludedInOtherIncome' xlink:label='loc_FairValueLiabilitiesMeasuredOnRecurringBasisGainLossIncludedInOtherIncome' xlink:type='locator' />
<link:loc xlink:href='../elts/us-gaap-2011-01-31.xsd#us-gaap_FairValueLiabilitiesMeasuredOnRecurringBasisGainLossIncludedInTradingRevenue' xlink:label='loc_FairValueLiabilitiesMeasuredOnRecurringBasisGainLossIncludedInTradingRevenue' xlink:type='locator' />
<link:loc xlink:href='../elts/us-gaap-2011-01-31.xsd#us-gaap_FairValueMeasurementWithUnobservableInputsReconciliationRecurringBasisAssetAndLiabilityGainLossIncludedInOtherComprehensiveIncomeLoss' xlink:label='loc_FairValueMeasurementWithUnobservableInputsReconciliationRecurringBasisAssetAndLiabilityGainLossIncludedInOtherComprehensiveIncomeLoss' xlink:type='locator' />
<calculationArc order='10' weight='1.0' xlink:arcrole='http://www.xbrl.org/2003/arcrole/summation-item' xlink:from='loc_FairValueMeasurementWithUnobservableInputsReconciliationRecurringBasisAssetPeriodIncreaseDecrease' xlink:to='loc_FairValueMeasurementWithUnobservableInputsReconciliationRecurringBasisAssetGainLossIncludedInEarnings' xlink:type='arc' />
<calculationArc order='20' weight='1.0' xlink:arcrole='http://www.xbrl.org/2003/arcrole/summation-item' xlink:from='loc_FairValueMeasurementWithUnobservableInputsReconciliationRecurringBasisAssetPeriodIncreaseDecrease' xlink:to='loc_FairValueMeasurementWithUnobservableInputsReconciliationRecurringBasisAssetGainLossIncludedInOtherComprehensiveIncome' xlink:type='arc' />
<calculationArc order='30' weight='1.0' xlink:arcrole='http://www.xbrl.org/2003/arcrole/summation-item' xlink:from='loc_FairValueMeasurementWithUnobservableInputsReconciliationRecurringBasisAssetPeriodIncreaseDecrease' xlink:to='loc_FairValueMeasurementWithUnobservableInputsReconciliationRecurringBasisAssetPurchasesSalesIssuancesSettlements' xlink:type='arc' />
<calculationArc order='10' weight='1.0' xlink:arcrole='http://www.xbrl.org/2003/arcrole/summation-item' xlink:from='loc_FairValueMeasurementWithUnobservableInputsReconciliationRecurringBasisAssetPurchasesSalesIssuancesSettlements' xlink:to='loc_FairValueMeasurementWithUnobservableInputsReconciliationRecurringBasisAssetPurchases' xlink:type='arc' />
<calculationArc order='20' weight='-1.0' xlink:arcrole='http://www.xbrl.org/2003/arcrole/summation-item' xlink:from='loc_FairValueMeasurementWithUnobservableInputsReconciliationRecurringBasisAssetPurchasesSalesIssuancesSettlements' xlink:to='loc_FairValueMeasurementWithUnobservableInputsReconciliationRecurringBasisAssetSales' xlink:type='arc' />
<calculationArc order='30' weight='1.0' xlink:arcrole='http://www.xbrl.org/2003/arcrole/summation-item' xlink:from='loc_FairValueMeasurementWithUnobservableInputsReconciliationRecurringBasisAssetPurchasesSalesIssuancesSettlements' xlink:to='loc_FairValueMeasurementWithUnobservableInputsReconciliationRecurringBasisAssetIssues' xlink:type='arc' />
<calculationArc order='40' weight='-1.0' xlink:arcrole='http://www.xbrl.org/2003/arcrole/summation-item' xlink:from='loc_FairValueMeasurementWithUnobservableInputsReconciliationRecurringBasisAssetPurchasesSalesIssuancesSettlements' xlink:to='loc_FairValueMeasurementWithUnobservableInputsReconciliationRecurringBasisAssetSettlements' xlink:type='arc' />
<calculationArc order='40' weight='1.0' xlink:arcrole='http://www.xbrl.org/2003/arcrole/summation-item' xlink:from='loc_FairValueMeasurementWithUnobservableInputsReconciliationRecurringBasisAssetPeriodIncreaseDecrease' xlink:to='loc_FairValueMeasurementWithUnobservableInputsReconciliationRecurringBasisAssetTransfersNet' xlink:type='arc' />
<calculationArc order='10' weight='1.0' xlink:arcrole='http://www.xbrl.org/2003/arcrole/summation-item' xlink:from='loc_FairValueMeasurementWithUnobservableInputsReconciliationRecurringBasisAssetTransfersNet' xlink:to='loc_FairValueMeasurementWithUnobservableInputsReconciliationRecurringBasisAssetTransfersIntoLevel3' xlink:type='arc' />
<calculationArc order='20' weight='-1.0' xlink:arcrole='http://www.xbrl.org/2003/arcrole/summation-item' xlink:from='loc_FairValueMeasurementWithUnobservableInputsReconciliationRecurringBasisAssetTransfersNet' xlink:to='loc_FairValueMeasurementWithUnobservableInputsReconciliationRecurringBasisAssetTransfersOutOfLevel3' xlink:type='arc' />
<calculationArc order='10' weight='1.0' xlink:arcrole='http://www.xbrl.org/2003/arcrole/summation-item' xlink:from='loc_FairValueMeasurementWithUnobservableInputsReconciliationRecurringBasisLiabilityPeriodIncreaseDecrease' xlink:to='loc_FairValueMeasurementWithUnobservableInputsReconciliationRecurringBasisLiabilityGainLossIncludedInEarnings' xlink:type='arc' />
<calculationArc order='20' weight='1.0' xlink:arcrole='http://www.xbrl.org/2003/arcrole/summation-item' xlink:from='loc_FairValueMeasurementWithUnobservableInputsReconciliationRecurringBasisLiabilityPeriodIncreaseDecrease' xlink:to='loc_FairValueMeasurementWithUnobservableInputsReconciliationLiabilityTransfersIntoLevel3' xlink:type='arc' />
<calculationArc order='30' weight='-1.0' xlink:arcrole='http://www.xbrl.org/2003/arcrole/summation-item' xlink:from='loc_FairValueMeasurementWithUnobservableInputsReconciliationRecurringBasisLiabilityPeriodIncreaseDecrease' xlink:to='loc_FairValueMeasurementWithUnobservableInputsReconciliationLiabilityTransfersOutOfLevel3' xlink:type='arc' />
<calculationArc order='40' weight='1.0' xlink:arcrole='http://www.xbrl.org/2003/arcrole/summation-item' xlink:from='loc_FairValueMeasurementWithUnobservableInputsReconciliationRecurringBasisLiabilityPeriodIncreaseDecrease' xlink:to='loc_FairValueMeasurementWithUnobservableInputsReconciliationRecurringBasisLiabilityGainLossIncludedInOtherComprehensiveIncome' xlink:type='arc' />
<calculationArc order='50' weight='1.0' xlink:arcrole='http://www.xbrl.org/2003/arcrole/summation-item' xlink:from='loc_FairValueMeasurementWithUnobservableInputsReconciliationRecurringBasisLiabilityPeriodIncreaseDecrease' xlink:to='loc_FairValueMeasurementWithUnobservableInputsReconciliationRecurringBasisLiabilityPurchasesSalesIssuancesSettlements' xlink:type='arc' />
<calculationArc order='10' weight='1.0' xlink:arcrole='http://www.xbrl.org/2003/arcrole/summation-item' xlink:from='loc_FairValueMeasurementWithUnobservableInputsReconciliationRecurringBasisLiabilityPurchasesSalesIssuancesSettlements' xlink:to='loc_FairValueMeasurementWithUnobservableInputsReconciliationRecurringBasisLiabilityPurchases' xlink:type='arc' />
<calculationArc order='20' weight='-1.0' xlink:arcrole='http://www.xbrl.org/2003/arcrole/summation-item' xlink:from='loc_FairValueMeasurementWithUnobservableInputsReconciliationRecurringBasisLiabilityPurchasesSalesIssuancesSettlements' xlink:to='loc_FairValueMeasurementWithUnobservableInputsReconciliationRecurringBasisLiabilitySales' xlink:type='arc' />
<calculationArc order='30' weight='1.0' xlink:arcrole='http://www.xbrl.org/2003/arcrole/summation-item' xlink:from='loc_FairValueMeasurementWithUnobservableInputsReconciliationRecurringBasisLiabilityPurchasesSalesIssuancesSettlements' xlink:to='loc_FairValueMeasurementWithUnobservableInputsReconciliationRecurringBasisLiabilityIssues' xlink:type='arc' />
<calculationArc order='40' weight='-1.0' xlink:arcrole='http://www.xbrl.org/2003/arcrole/summation-item' xlink:from='loc_FairValueMeasurementWithUnobservableInputsReconciliationRecurringBasisLiabilityPurchasesSalesIssuancesSettlements' xlink:to='loc_FairValueMeasurementWithUnobservableInputsReconciliationRecurringBasisLiabilitySettlements' xlink:type='arc' />
<calculationArc order='60' weight='1.0' xlink:arcrole='http://www.xbrl.org/2003/arcrole/summation-item' xlink:from='loc_FairValueMeasurementWithUnobservableInputsReconciliationRecurringBasisLiabilityPeriodIncreaseDecrease' xlink:to='loc_FairValueMeasurementWithUnobservableInputsReconciliationRecurringBasisLiabilityTransfersNet' xlink:type='arc' />
<calculationArc order='10' weight='1.0' xlink:arcrole='http://www.xbrl.org/2003/arcrole/summation-item' xlink:from='loc_FairValueOptionLoansHeldAsAssetsAggregateDifference' xlink:to='loc_FairValueOptionLoansHeldAsAssets90DaysOrMorePastDueAggregateDifference' xlink:type='arc' />
<calculationArc order='20' weight='1.0' xlink:arcrole='http://www.xbrl.org/2003/arcrole/summation-item' xlink:from='loc_FairValueOptionLoansHeldAsAssetsAggregateDifference' xlink:to='loc_FairValueOptionLoansHeldAsAssetsAggregateAmountInNonaccrualStatusAggregatedDifference' xlink:type='arc' />
<calculationArc order='10' weight='1.0' xlink:arcrole='http://www.xbrl.org/2003/arcrole/summation-item' xlink:from='loc_AssetsFairValueDisclosure' xlink:to='loc_CashAndCashEquivalentsFairValueDisclosure' xlink:type='arc' />
<calculationArc order='20' weight='1.0' xlink:arcrole='http://www.xbrl.org/2003/arcrole/summation-item' xlink:from='loc_AssetsFairValueDisclosure' xlink:to='loc_ReceivablesFairValueDisclosure' xlink:type='arc' />
<calculationArc order='10' weight='1.0' xlink:arcrole='http://www.xbrl.org/2003/arcrole/summation-item' xlink:from='loc_ReceivablesFairValueDisclosure' xlink:to='loc_AccountsReceivableFairValueDisclosure' xlink:type='arc' />
<calculationArc order='20' weight='1.0' xlink:arcrole='http://www.xbrl.org/2003/arcrole/summation-item' xlink:from='loc_ReceivablesFairValueDisclosure' xlink:to='loc_PremiumsReceivableFairValueDisclosure' xlink:type='arc' />
<calculationArc order='30' weight='1.0' xlink:arcrole='http://www.xbrl.org/2003/arcrole/summation-item' xlink:from='loc_ReceivablesFairValueDisclosure' xlink:to='loc_NotesReceivableFairValueDisclosure' xlink:type='arc' />
<calculationArc order='40' weight='1.0' xlink:arcrole='http://www.xbrl.org/2003/arcrole/summation-item' xlink:from='loc_ReceivablesFairValueDisclosure' xlink:to='loc_LoansReceivableFairValueDisclosure' xlink:type='arc' />
<calculationArc order='30' weight='1.0' xlink:arcrole='http://www.xbrl.org/2003/arcrole/summation-item' xlink:from='loc_AssetsFairValueDisclosure' xlink:to='loc_InvestmentsFairValueDisclosure' xlink:type='arc' />
<calculationArc order='10' weight='1.0' xlink:arcrole='http://www.xbrl.org/2003/arcrole/summation-item' xlink:from='loc_InvestmentsFairValueDisclosure' xlink:to='loc_TradingSecuritiesFairValueDisclosure' xlink:type='arc' />
<calculationArc order='20' weight='1.0' xlink:arcrole='http://www.xbrl.org/2003/arcrole/summation-item' xlink:from='loc_InvestmentsFairValueDisclosure' xlink:to='loc_AvailableForSaleSecuritiesFairValueDisclosure' xlink:type='arc' />
<calculationArc order='30' weight='1.0' xlink:arcrole='http://www.xbrl.org/2003/arcrole/summation-item' xlink:from='loc_InvestmentsFairValueDisclosure' xlink:to='loc_HeldToMaturitySecuritiesFairValueDisclosure' xlink:type='arc' />
<calculationArc order='40' weight='1.0' xlink:arcrole='http://www.xbrl.org/2003/arcrole/summation-item' xlink:from='loc_InvestmentsFairValueDisclosure' xlink:to='loc_EquityMethodInvestmentsFairValueDisclosure' xlink:type='arc' />
<calculationArc order='50' weight='1.0' xlink:arcrole='http://www.xbrl.org/2003/arcrole/summation-item' xlink:from='loc_InvestmentsFairValueDisclosure' xlink:to='loc_CostMethodInvestmentsFairValueDisclosure' xlink:type='arc' />
<calculationArc order='60' weight='1.0' xlink:arcrole='http://www.xbrl.org/2003/arcrole/summation-item' xlink:from='loc_InvestmentsFairValueDisclosure' xlink:to='loc_InvestmentInFederalHomeLoanBankStockFairValueDisclosure' xlink:type='arc' />
<calculationArc order='70' weight='1.0' xlink:arcrole='http://www.xbrl.org/2003/arcrole/summation-item' xlink:from='loc_InvestmentsFairValueDisclosure' xlink:to='loc_TradingAccountAssetsFairValueDisclosure' xlink:type='arc' />
<calculationArc order='80' weight='1.0' xlink:arcrole='http://www.xbrl.org/2003/arcrole/summation-item' xlink:from='loc_InvestmentsFairValueDisclosure' xlink:to='loc_FederalFundsSoldAndSecuritiesBorrowedOrPurchasedUnderAgreementsToResellFairValueDisclosure' xlink:type='arc' />
<calculationArc order='90' weight='1.0' xlink:arcrole='http://www.xbrl.org/2003/arcrole/summation-item' xlink:from='loc_InvestmentsFairValueDisclosure' xlink:to='loc_AlternativeInvestmentsFairValueDisclosure' xlink:type='arc' />
<calculationArc order='40' weight='1.0' xlink:arcrole='http://www.xbrl.org/2003/arcrole/summation-item' xlink:from='loc_AssetsFairValueDisclosure' xlink:to='loc_MortgageBackedSecuritiesAvailableForSaleFairValueDisclosure' xlink:type='arc' />
<calculationArc order='50' weight='1.0' xlink:arcrole='http://www.xbrl.org/2003/arcrole/summation-item' xlink:from='loc_AssetsFairValueDisclosure' xlink:to='loc_MortgageBackedSecuritiesHeldToMaturityFairValueDisclosure' xlink:type='arc' />
<calculationArc order='60' weight='1.0' xlink:arcrole='http://www.xbrl.org/2003/arcrole/summation-item' xlink:from='loc_AssetsFairValueDisclosure' xlink:to='loc_LoansHeldForSaleFairValueDisclosure' xlink:type='arc' />
<calculationArc order='70' weight='1.0' xlink:arcrole='http://www.xbrl.org/2003/arcrole/summation-item' xlink:from='loc_AssetsFairValueDisclosure' xlink:to='loc_MortgagesHeldForSaleFairValueDisclosure' xlink:type='arc' />
<calculationArc order='80' weight='1.0' xlink:arcrole='http://www.xbrl.org/2003/arcrole/summation-item' xlink:from='loc_AssetsFairValueDisclosure' xlink:to='loc_CashSurrenderValueFairValueDisclosure' xlink:type='arc' />
<calculationArc order='90' weight='1.0' xlink:arcrole='http://www.xbrl.org/2003/arcrole/summation-item' xlink:from='loc_AssetsFairValueDisclosure' xlink:to='loc_SecuritiesBorrowedFairValueDisclosure' xlink:type='arc' />
<calculationArc order='100' weight='1.0' xlink:arcrole='http://www.xbrl.org/2003/arcrole/summation-item' xlink:from='loc_AssetsFairValueDisclosure' xlink:to='loc_ServicingAssetAtFairValueAmount' xlink:type='arc' />
<calculationArc order='110' weight='1.0' xlink:arcrole='http://www.xbrl.org/2003/arcrole/summation-item' xlink:from='loc_AssetsFairValueDisclosure' xlink:to='loc_RetainedInterestFairValueDisclosure' xlink:type='arc' />
<calculationArc order='120' weight='1.0' xlink:arcrole='http://www.xbrl.org/2003/arcrole/summation-item' xlink:from='loc_AssetsFairValueDisclosure' xlink:to='loc_DerivativeAssets' xlink:type='arc' />
<calculationArc order='10' weight='1.0' xlink:arcrole='http://www.xbrl.org/2003/arcrole/summation-item' xlink:from='loc_DerivativeAssets' xlink:to='loc_ForeignCurrencyContractAssetFairValueDisclosure' xlink:type='arc' />
<calculationArc order='130' weight='1.0' xlink:arcrole='http://www.xbrl.org/2003/arcrole/summation-item' xlink:from='loc_AssetsFairValueDisclosure' xlink:to='loc_OtherAssetsFairValueDisclosure' xlink:type='arc' />
<calculationArc order='140' weight='1.0' xlink:arcrole='http://www.xbrl.org/2003/arcrole/summation-item' xlink:from='loc_AssetsFairValueDisclosure' xlink:to='loc_InventoryNoncurrentFairValueDisclosure' xlink:type='arc' />
<calculationArc order='150' weight='1.0' xlink:arcrole='http://www.xbrl.org/2003/arcrole/summation-item' xlink:from='loc_AssetsFairValueDisclosure' xlink:to='loc_PropertyPlantAndEquipmentFairValueDisclosure' xlink:type='arc' />
<calculationArc order='160' weight='1.0' xlink:arcrole='http://www.xbrl.org/2003/arcrole/summation-item' xlink:from='loc_AssetsFairValueDisclosure' xlink:to='loc_CapitalLeasedAssetsNoncurrentFairValueDisclosure' xlink:type='arc' />
<calculationArc order='170' weight='1.0' xlink:arcrole='http://www.xbrl.org/2003/arcrole/summation-item' xlink:from='loc_AssetsFairValueDisclosure' xlink:to='loc_InvestmentsInAffiliatesSubsidiariesAssociatesAndJointVenturesFairValueDisclosure' xlink:type='arc' />
<calculationArc order='180' weight='1.0' xlink:arcrole='http://www.xbrl.org/2003/arcrole/summation-item' xlink:from='loc_AssetsFairValueDisclosure' xlink:to='loc_InvestmentInPhysicalCommoditiesFairValueDisclosure' xlink:type='arc' />
<calculationArc order='190' weight='1.0' xlink:arcrole='http://www.xbrl.org/2003/arcrole/summation-item' xlink:from='loc_AssetsFairValueDisclosure' xlink:to='loc_GoodwillFairValueDisclosure' xlink:type='arc' />
<calculationArc order='200' weight='1.0' xlink:arcrole='http://www.xbrl.org/2003/arcrole/summation-item' xlink:from='loc_AssetsFairValueDisclosure' xlink:to='loc_IndefiniteLivedIntangibleAssetsExcludingGoodwillFairValueDisclosure' xlink:type='arc' />
<calculationArc order='210' weight='1.0' xlink:arcrole='http://www.xbrl.org/2003/arcrole/summation-item' xlink:from='loc_AssetsFairValueDisclosure' xlink:to='loc_FiniteLivedIntangibleAssetsFairValueDisclosure' xlink:type='arc' />
<calculationArc order='220' weight='1.0' xlink:arcrole='http://www.xbrl.org/2003/arcrole/summation-item' xlink:from='loc_AssetsFairValueDisclosure' xlink:to='loc_InvestmentsInPowerAndDistributionProjectsFairValueDisclosure' xlink:type='arc' />
<calculationArc order='230' weight='1.0' xlink:arcrole='http://www.xbrl.org/2003/arcrole/summation-item' xlink:from='loc_AssetsFairValueDisclosure' xlink:to='loc_AssetsHeldForSaleLongLivedFairValueDisclosure' xlink:type='arc' />
<calculationArc order='240' weight='1.0' xlink:arcrole='http://www.xbrl.org/2003/arcrole/summation-item' xlink:from='loc_AssetsFairValueDisclosure' xlink:to='loc_RegulatoryAssetsNoncurrentFairValueDisclosure' xlink:type='arc' />
<calculationArc order='250' weight='1.0' xlink:arcrole='http://www.xbrl.org/2003/arcrole/summation-item' xlink:from='loc_AssetsFairValueDisclosure' xlink:to='loc_GasPurchaseContractFairValueDisclosure' xlink:type='arc' />
<calculationArc order='10' weight='1.0' xlink:arcrole='http://www.xbrl.org/2003/arcrole/summation-item' xlink:from='loc_LiabilitiesFairValueDisclosure' xlink:to='loc_AccountsPayableFairValueDisclosure' xlink:type='arc' />
<calculationArc order='20' weight='1.0' xlink:arcrole='http://www.xbrl.org/2003/arcrole/summation-item' xlink:from='loc_LiabilitiesFairValueDisclosure' xlink:to='loc_AccruedLiabilitiesFairValueDisclosure' xlink:type='arc' />
<calculationArc order='30' weight='1.0' xlink:arcrole='http://www.xbrl.org/2003/arcrole/summation-item' xlink:from='loc_LiabilitiesFairValueDisclosure' xlink:to='loc_DebtInstrumentFairValue' xlink:type='arc' />
<calculationArc order='10' weight='1.0' xlink:arcrole='http://www.xbrl.org/2003/arcrole/summation-item' xlink:from='loc_DebtInstrumentFairValue' xlink:to='loc_NotesPayableFairValueDisclosure' xlink:type='arc' />
<calculationArc order='20' weight='1.0' xlink:arcrole='http://www.xbrl.org/2003/arcrole/summation-item' xlink:from='loc_DebtInstrumentFairValue' xlink:to='loc_LoansPayableFairValueDisclosure' xlink:type='arc' />
<calculationArc order='30' weight='1.0' xlink:arcrole='http://www.xbrl.org/2003/arcrole/summation-item' xlink:from='loc_DebtInstrumentFairValue' xlink:to='loc_LinesOfCreditFairValueDisclosure' xlink:type='arc' />
<calculationArc order='40' weight='1.0' xlink:arcrole='http://www.xbrl.org/2003/arcrole/summation-item' xlink:from='loc_DebtInstrumentFairValue' xlink:to='loc_ConvertibleDebtFairValueDisclosures' xlink:type='arc' />
<calculationArc order='40' weight='1.0' xlink:arcrole='http://www.xbrl.org/2003/arcrole/summation-item' xlink:from='loc_LiabilitiesFairValueDisclosure' xlink:to='loc_FairValueLiabilitiesMeasuredOnRecurringBasisObligations' xlink:type='arc' />
<calculationArc order='50' weight='1.0' xlink:arcrole='http://www.xbrl.org/2003/arcrole/summation-item' xlink:from='loc_LiabilitiesFairValueDisclosure' xlink:to='loc_TradingLiabilitiesFairValueDisclosure' xlink:type='arc' />
<calculationArc order='60' weight='1.0' xlink:arcrole='http://www.xbrl.org/2003/arcrole/summation-item' xlink:from='loc_LiabilitiesFairValueDisclosure' xlink:to='loc_FederalFundsPurchasedAndSecuritiesLoanedOrSoldUnderAgreementsToRepurchaseFairValueDisclosure' xlink:type='arc' />
<calculationArc order='10' weight='1.0' xlink:arcrole='http://www.xbrl.org/2003/arcrole/summation-item' xlink:from='loc_FederalFundsPurchasedAndSecuritiesLoanedOrSoldUnderAgreementsToRepurchaseFairValueDisclosure' xlink:to='loc_FederalFundsPurchasedFairValueDisclosure' xlink:type='arc' />
<calculationArc order='20' weight='1.0' xlink:arcrole='http://www.xbrl.org/2003/arcrole/summation-item' xlink:from='loc_FederalFundsPurchasedAndSecuritiesLoanedOrSoldUnderAgreementsToRepurchaseFairValueDisclosure' xlink:to='loc_SecuritiesLoanedOrSoldUnderAgreementsToRepurchaseFairValueDisclosure' xlink:type='arc' />
<calculationArc order='70' weight='1.0' xlink:arcrole='http://www.xbrl.org/2003/arcrole/summation-item' xlink:from='loc_LiabilitiesFairValueDisclosure' xlink:to='loc_FederalHomeLoanBankBorrowingsFairValueDisclosure' xlink:type='arc' />
<calculationArc order='80' weight='1.0' xlink:arcrole='http://www.xbrl.org/2003/arcrole/summation-item' xlink:from='loc_LiabilitiesFairValueDisclosure' xlink:to='loc_DerivativeFinancialInstrumentsLiabilitiesFairValueDisclosure' xlink:type='arc' />
<calculationArc order='10' weight='1.0' xlink:arcrole='http://www.xbrl.org/2003/arcrole/summation-item' xlink:from='loc_DerivativeFinancialInstrumentsLiabilitiesFairValueDisclosure' xlink:to='loc_ForeignCurrencyContractsLiabilityFairValueDisclosure' xlink:type='arc' />
<calculationArc order='90' weight='1.0' xlink:arcrole='http://www.xbrl.org/2003/arcrole/summation-item' xlink:from='loc_LiabilitiesFairValueDisclosure' xlink:to='loc_CommitmentsFairValueDisclosure' xlink:type='arc' />
<calculationArc order='100' weight='1.0' xlink:arcrole='http://www.xbrl.org/2003/arcrole/summation-item' xlink:from='loc_LiabilitiesFairValueDisclosure' xlink:to='loc_GuaranteesFairValueDisclosure' xlink:type='arc' />
<calculationArc order='110' weight='1.0' xlink:arcrole='http://www.xbrl.org/2003/arcrole/summation-item' xlink:from='loc_LiabilitiesFairValueDisclosure' xlink:to='loc_LiabilitiesRelatedToInvestmentContractsFairValueDisclosure' xlink:type='arc' />
<calculationArc order='120' weight='1.0' xlink:arcrole='http://www.xbrl.org/2003/arcrole/summation-item' xlink:from='loc_LiabilitiesFairValueDisclosure' xlink:to='loc_MandatorilyRedeemablePreferredStockFairValueDisclosure' xlink:type='arc' />
<calculationArc order='130' weight='1.0' xlink:arcrole='http://www.xbrl.org/2003/arcrole/summation-item' xlink:from='loc_LiabilitiesFairValueDisclosure' xlink:to='loc_SecuritiesSoldNotYetPurchasedFairValueDisclosure' xlink:type='arc' />
<calculationArc order='140' weight='1.0' xlink:arcrole='http://www.xbrl.org/2003/arcrole/summation-item' xlink:from='loc_LiabilitiesFairValueDisclosure' xlink:to='loc_OtherLiabilitiesFairValueDisclosure' xlink:type='arc' />
<calculationArc order='150' weight='1.0' xlink:arcrole='http://www.xbrl.org/2003/arcrole/summation-item' xlink:from='loc_LiabilitiesFairValueDisclosure' xlink:to='loc_ServicingLiabilityAtFairValueAmount' xlink:type='arc' />
<calculationArc order='160' weight='1.0' xlink:arcrole='http://www.xbrl.org/2003/arcrole/summation-item' xlink:from='loc_LiabilitiesFairValueDisclosure' xlink:to='loc_DepositsFairValueDisclosure' xlink:type='arc' />
<calculationArc order='170' weight='1.0' xlink:arcrole='http://www.xbrl.org/2003/arcrole/summation-item' xlink:from='loc_LiabilitiesFairValueDisclosure' xlink:to='loc_FairValueLiabilitiesMeasuredOnRecurringBasisSubordinatedDebtObligations' xlink:type='arc' />
<calculationArc order='10' weight='1.0' xlink:arcrole='http://www.xbrl.org/2003/arcrole/summation-item' xlink:from='loc_FairValueInvestmentsEntitiesThatCalculateNetAssetValuePerShareUnobservableInputPeriodIncreaseDecrease' xlink:to='loc_FairValueInvestmentsEntitiesThatCalculateNetAssetValuePerShareUnobservableInputGainsLossesNet' xlink:type='arc' />
<calculationArc order='10' weight='1.0' xlink:arcrole='http://www.xbrl.org/2003/arcrole/summation-item' xlink:from='loc_FairValueInvestmentsEntitiesThatCalculateNetAssetValuePerShareUnobservableInputGainsLossesNet' xlink:to='loc_FairValueInvestmentsEntitiesThatCalculateNetAssetValuePerShareUnobservableInputGainsLossesIncludedInEarningsNet' xlink:type='arc' />
<calculationArc order='10' weight='1.0' xlink:arcrole='http://www.xbrl.org/2003/arcrole/summation-item' xlink:from='loc_FairValueInvestmentsEntitiesThatCalculateNetAssetValuePerShareUnobservableInputGainsLossesIncludedInEarningsNet' xlink:to='loc_FairValueInvestmentsEntitiesThatCalculateNetAssetValuePerShareUnobservableInputRealizedGainsLossesNet' xlink:type='arc' />
<calculationArc order='10' weight='1.0' xlink:arcrole='http://www.xbrl.org/2003/arcrole/summation-item' xlink:from='loc_FairValueInvestmentsEntitiesThatCalculateNetAssetValuePerShareUnobservableInputRealizedGainsLossesNet' xlink:to='loc_FairValueInvestmentsEntitiesThatCalculateNetAssetValuePerShareUnobservableInputRealizedGains' xlink:type='arc' />
<calculationArc order='20' weight='-1.0' xlink:arcrole='http://www.xbrl.org/2003/arcrole/summation-item' xlink:from='loc_FairValueInvestmentsEntitiesThatCalculateNetAssetValuePerShareUnobservableInputRealizedGainsLossesNet' xlink:to='loc_FairValueInvestmentsEntitiesThatCalculateNetAssetValuePerShareUnobservableInputRealizedLosses' xlink:type='arc' />
<calculationArc order='20' weight='1.0' xlink:arcrole='http://www.xbrl.org/2003/arcrole/summation-item' xlink:from='loc_FairValueInvestmentsEntitiesThatCalculateNetAssetValuePerShareUnobservableInputGainsLossesIncludedInEarningsNet' xlink:to='loc_FairValueInvestmentsEntitiesThatCalculateNetAssetValuePerShareUnobservableInputUnrealizedGainsLossesIncludedInEarningsNet' xlink:type='arc' />
<calculationArc order='10' weight='1.0' xlink:arcrole='http://www.xbrl.org/2003/arcrole/summation-item' xlink:from='loc_FairValueInvestmentsEntitiesThatCalculateNetAssetValuePerShareUnobservableInputUnrealizedGainsLossesIncludedInEarningsNet' xlink:to='loc_FairValueInvestmentsEntitiesThatCalculateNetAssetValuePerShareUnobservableInputUnrealizedGainsIncludedInEarnings' xlink:type='arc' />
<calculationArc order='20' weight='-1.0' xlink:arcrole='http://www.xbrl.org/2003/arcrole/summation-item' xlink:from='loc_FairValueInvestmentsEntitiesThatCalculateNetAssetValuePerShareUnobservableInputUnrealizedGainsLossesIncludedInEarningsNet' xlink:to='loc_FairValueInvestmentsEntitiesThatCalculateNetAssetValuePerShareUnobservableInputUnrealizedLossesIncludedInEarnings' xlink:type='arc' />
<calculationArc order='20' weight='1.0' xlink:arcrole='http://www.xbrl.org/2003/arcrole/summation-item' xlink:from='loc_FairValueInvestmentsEntitiesThatCalculateNetAssetValuePerShareUnobservableInputGainsLossesNet' xlink:to='loc_FairValueInvestmentsEntitiesThatCalculateNetAssetValuePerShareUnobservableInputUnrealizedGainsLossesChangesInAssetsAndLiabilitiesNet' xlink:type='arc' />
<calculationArc order='10' weight='1.0' xlink:arcrole='http://www.xbrl.org/2003/arcrole/summation-item' xlink:from='loc_FairValueInvestmentsEntitiesThatCalculateNetAssetValuePerShareUnobservableInputUnrealizedGainsLossesChangesInAssetsAndLiabilitiesNet' xlink:to='loc_FairValueInvestmentsEntitiesThatCalculateNetAssetValuePerShareUnobservableInputUnrealizedGainsChangesInAssetsAndLiabilities' xlink:type='arc' />
<calculationArc order='20' weight='-1.0' xlink:arcrole='http://www.xbrl.org/2003/arcrole/summation-item' xlink:from='loc_FairValueInvestmentsEntitiesThatCalculateNetAssetValuePerShareUnobservableInputUnrealizedGainsLossesChangesInAssetsAndLiabilitiesNet' xlink:to='loc_FairValueInvestmentsEntitiesThatCalculateNetAssetValuePerShareUnobservableInputUnrealizedLossesChangesInAssetsAndLiabilities' xlink:type='arc' />
<calculationArc order='20' weight='1.0' xlink:arcrole='http://www.xbrl.org/2003/arcrole/summation-item' xlink:from='loc_FairValueInvestmentsEntitiesThatCalculateNetAssetValuePerShareUnobservableInputPeriodIncreaseDecrease' xlink:to='loc_FairValueInvestmentsEntitiesThatCalculateNetAssetValuePerShareUnobservableInputInvestmentHoldingsMovementsNet' xlink:type='arc' />
<calculationArc order='10' weight='1.0' xlink:arcrole='http://www.xbrl.org/2003/arcrole/summation-item' xlink:from='loc_FairValueInvestmentsEntitiesThatCalculateNetAssetValuePerShareUnobservableInputInvestmentHoldingsMovementsNet' xlink:to='loc_FairValueInvestmentsEntitiesThatCalculateNetAssetValuePerShareUnobservableInputInvestmentHoldingsMovementsPurchases' xlink:type='arc' />
<calculationArc order='20' weight='-1.0' xlink:arcrole='http://www.xbrl.org/2003/arcrole/summation-item' xlink:from='loc_FairValueInvestmentsEntitiesThatCalculateNetAssetValuePerShareUnobservableInputInvestmentHoldingsMovementsNet' xlink:to='loc_FairValueInvestmentsEntitiesThatCalculateNetAssetValuePerShareUnobservableInputInvestmentHoldingsMovementsSales' xlink:type='arc' />
<calculationArc order='30' weight='1.0' xlink:arcrole='http://www.xbrl.org/2003/arcrole/summation-item' xlink:from='loc_FairValueInvestmentsEntitiesThatCalculateNetAssetValuePerShareUnobservableInputInvestmentHoldingsMovementsNet' xlink:to='loc_FairValueInvestmentsEntitiesThatCalculateNetAssetValuePerShareUnobservableInputInvestmentHoldingsMovementsIssuances' xlink:type='arc' />
<calculationArc order='40' weight='-1.0' xlink:arcrole='http://www.xbrl.org/2003/arcrole/summation-item' xlink:from='loc_FairValueInvestmentsEntitiesThatCalculateNetAssetValuePerShareUnobservableInputInvestmentHoldingsMovementsNet' xlink:to='loc_FairValueInvestmentsEntitiesThatCalculateNetAssetValuePerShareUnobservableInputInvestmentHoldingsMovementsSettlements' xlink:type='arc' />
<calculationArc order='30' weight='1.0' xlink:arcrole='http://www.xbrl.org/2003/arcrole/summation-item' xlink:from='loc_FairValueInvestmentsEntitiesThatCalculateNetAssetValuePerShareUnobservableInputPeriodIncreaseDecrease' xlink:to='loc_FairValueInvestmentsEntitiesThatCalculateNetAssetValuePerShareUnobservableInputTranserfsNet' xlink:type='arc' />
<calculationArc order='10' weight='1.0' xlink:arcrole='http://www.xbrl.org/2003/arcrole/summation-item' xlink:from='loc_FairValueInvestmentsEntitiesThatCalculateNetAssetValuePerShareUnobservableInputTranserfsNet' xlink:to='loc_FairValueInvestmentsEntitiesThatCalculateNetAssetValuePerShareUnobservableInputTranserfsIn' xlink:type='arc' />
<calculationArc order='20' weight='-1.0' xlink:arcrole='http://www.xbrl.org/2003/arcrole/summation-item' xlink:from='loc_FairValueInvestmentsEntitiesThatCalculateNetAssetValuePerShareUnobservableInputTranserfsNet' xlink:to='loc_FairValueInvestmentsEntitiesThatCalculateNetAssetValuePerShareUnobservableInputTranserfsOut' xlink:type='arc' />
<calculationArc order='10' weight='1.0' xlink:arcrole='http://www.xbrl.org/2003/arcrole/summation-item' xlink:from='loc_FairValueInvestmentsEntitiesThatCalculateNetAssetValuePerShareUnobservableInputRealizedAndUnrealizedGainsIncludedInEarnings' xlink:to='loc_FairValueInvestmentsEntitiesThatCalculateNetAssetValuePerShareUnobservableInputRealizedGains' xlink:type='arc' />
<calculationArc order='20' weight='1.0' xlink:arcrole='http://www.xbrl.org/2003/arcrole/summation-item' xlink:from='loc_FairValueInvestmentsEntitiesThatCalculateNetAssetValuePerShareUnobservableInputRealizedAndUnrealizedGainsIncludedInEarnings' xlink:to='loc_FairValueInvestmentsEntitiesThatCalculateNetAssetValuePerShareUnobservableInputUnrealizedGainsIncludedInEarnings' xlink:type='arc' />
<calculationArc order='10' weight='1.0' xlink:arcrole='http://www.xbrl.org/2003/arcrole/summation-item' xlink:from='loc_FairValueInvestmentsEntitiesThatCalculateNetAssetValuePerShareUnobservableInputRealizedAndUnrealizedLossesIncludedInEarnings' xlink:to='loc_FairValueInvestmentsEntitiesThatCalculateNetAssetValuePerShareUnobservableInputRealizedLosses' xlink:type='arc' />
<calculationArc order='20' weight='1.0' xlink:arcrole='http://www.xbrl.org/2003/arcrole/summation-item' xlink:from='loc_FairValueInvestmentsEntitiesThatCalculateNetAssetValuePerShareUnobservableInputRealizedAndUnrealizedLossesIncludedInEarnings' xlink:to='loc_FairValueInvestmentsEntitiesThatCalculateNetAssetValuePerShareUnobservableInputUnrealizedLossesIncludedInEarnings' xlink:type='arc' />
<calculationArc order='10' weight='1.0' xlink:arcrole='http://www.xbrl.org/2003/arcrole/summation-item' xlink:from='loc_FairValueAssetsAndLiabilitiesMeasuredOnRecurringBasisGainLossIncludedInEarnings' xlink:to='loc_FairValueAssetsMeasuredOnRecurringBasisGainLossIncludedInInvestmentIncome' xlink:type='arc' />
<calculationArc order='20' weight='1.0' xlink:arcrole='http://www.xbrl.org/2003/arcrole/summation-item' xlink:from='loc_FairValueAssetsAndLiabilitiesMeasuredOnRecurringBasisGainLossIncludedInEarnings' xlink:to='loc_FairValueAssetsMeasuredOnRecurringBasisGainLossIncludedInOtherIncome' xlink:type='arc' />
<calculationArc order='30' weight='1.0' xlink:arcrole='http://www.xbrl.org/2003/arcrole/summation-item' xlink:from='loc_FairValueAssetsAndLiabilitiesMeasuredOnRecurringBasisGainLossIncludedInEarnings' xlink:to='loc_FairValueAssetsMeasuredOnRecurringBasisGainLossIncludedInTradingRevenue' xlink:type='arc' />
<calculationArc order='40' weight='1.0' xlink:arcrole='http://www.xbrl.org/2003/arcrole/summation-item' xlink:from='loc_FairValueAssetsAndLiabilitiesMeasuredOnRecurringBasisGainLossIncludedInEarnings' xlink:to='loc_FairValueLiabilitiesMeasuredOnRecurringBasisGainLossIncludedInInvestmentIncome' xlink:type='arc' />
<calculationArc order='50' weight='1.0' xlink:arcrole='http://www.xbrl.org/2003/arcrole/summation-item' xlink:from='loc_FairValueAssetsAndLiabilitiesMeasuredOnRecurringBasisGainLossIncludedInEarnings' xlink:to='loc_FairValueLiabilitiesMeasuredOnRecurringBasisGainLossIncludedInOtherIncome' xlink:type='arc' />
<calculationArc order='60' weight='1.0' xlink:arcrole='http://www.xbrl.org/2003/arcrole/summation-item' xlink:from='loc_FairValueAssetsAndLiabilitiesMeasuredOnRecurringBasisGainLossIncludedInEarnings' xlink:to='loc_FairValueLiabilitiesMeasuredOnRecurringBasisGainLossIncludedInTradingRevenue' xlink:type='arc' />
<calculationArc order='10' weight='1.0' xlink:arcrole='http://www.xbrl.org/2003/arcrole/summation-item' xlink:from='loc_FairValueMeasurementWithUnobservableInputsReconciliationRecurringBasisAssetAndLiabilityGainLossIncludedInOtherComprehensiveIncomeLoss' xlink:to='loc_FairValueMeasurementWithUnobservableInputsReconciliationRecurringBasisAssetGainLossIncludedInOtherComprehensiveIncome' xlink:type='arc' />
<calculationArc order='20' weight='-1.0' xlink:arcrole='http://www.xbrl.org/2003/arcrole/summation-item' xlink:from='loc_FairValueMeasurementWithUnobservableInputsReconciliationRecurringBasisAssetAndLiabilityGainLossIncludedInOtherComprehensiveIncomeLoss' xlink:to='loc_FairValueMeasurementWithUnobservableInputsReconciliationRecurringBasisLiabilityGainLossIncludedInOtherComprehensiveIncome' xlink:type='arc' />
</calculationLink>
</link:linkbase>
