<?xml version="1.0" encoding="UTF-8" standalone="no"?>

<!--
(c) XBRL US, Inc. 2007-2010; Financial Accounting Foundation, Inc. 2010-2011.  All Rights Reserved.
Notice: Authorized Uses are Set Forth at http://xbrl.fasb.org/terms/TaxonomiesTermsConditions.html
  -->
<link:linkbase xmlns:link='http://www.xbrl.org/2003/linkbase' xmlns:xlink='http://www.w3.org/1999/xlink' xmlns:xsi='http://www.w3.org/2001/XMLSchema-instance' xsi:schemaLocation='http://www.xbrl.org/2003/linkbase http://www.xbrl.org/2003/xbrl-linkbase-2003-12-31.xsd'>
<link:roleRef roleURI='http://fasb.org/us-gaap/role/disclosure/ExtraordinaryAndUnusualItems' xlink:href='../elts/us-roles-2011-01-31.xsd#eui' xlink:type='simple' />
<presentationLink xlink:role='http://fasb.org/us-gaap/role/disclosure/ExtraordinaryAndUnusualItems' xlink:type='extended' xmlns='http://www.xbrl.org/2003/linkbase'>
<link:loc xlink:href='../elts/us-gaap-2011-01-31.xsd#us-gaap_ExtraordinaryAndUnusualItemsAbstract' xlink:label='loc_ExtraordinaryAndUnusualItemsAbstract' xlink:type='locator' />
<link:loc xlink:href='../elts/us-gaap-2011-01-31.xsd#us-gaap_ExtraordinaryItemsDisclosureTextBlock' xlink:label='loc_ExtraordinaryItemsDisclosureTextBlock' xlink:type='locator' />
<link:loc xlink:href='../elts/us-gaap-2011-01-31.xsd#us-gaap_ScheduleOfExtraordinaryItemsTextBlock' xlink:label='loc_ScheduleOfExtraordinaryItemsTextBlock' xlink:type='locator' />
<link:loc xlink:href='../elts/us-gaap-2011-01-31.xsd#us-gaap_ExtraordinaryItemsTable' xlink:label='loc_ExtraordinaryItemsTable' xlink:type='locator' />
<link:loc xlink:href='../elts/us-gaap-2011-01-31.xsd#us-gaap_ExtraordinaryItemAxis' xlink:label='loc_ExtraordinaryItemAxis' xlink:type='locator' />
<link:loc xlink:href='../elts/us-gaap-2011-01-31.xsd#us-gaap_ExtraordinaryItemDomain' xlink:label='loc_ExtraordinaryItemDomain' xlink:type='locator' />
<link:loc xlink:href='../elts/us-gaap-2011-01-31.xsd#us-gaap_GainOnPurchaseOfBusinessMember' xlink:label='loc_GainOnPurchaseOfBusinessMember' xlink:type='locator' />
<link:loc xlink:href='../elts/us-gaap-2011-01-31.xsd#us-gaap_ExtraordinaryItemLineItems' xlink:label='loc_ExtraordinaryItemLineItems' xlink:type='locator' />
<link:loc xlink:href='../elts/us-gaap-2011-01-31.xsd#us-gaap_ExtraordinaryItemDescriptionOfEventOrTransaction' xlink:label='loc_ExtraordinaryItemDescriptionOfEventOrTransaction' xlink:type='locator' />
<link:loc xlink:href='../elts/us-gaap-2011-01-31.xsd#us-gaap_ExtraordinaryItemEarningsPerShareImpactGross' xlink:label='loc_ExtraordinaryItemEarningsPerShareImpactGross' xlink:type='locator' />
<link:loc xlink:href='../elts/us-gaap-2011-01-31.xsd#us-gaap_ExtraordinaryItemEarningsPerShareImpactNet' xlink:label='loc_ExtraordinaryItemEarningsPerShareImpactNet' xlink:type='locator' />
<link:loc xlink:href='../elts/us-gaap-2011-01-31.xsd#us-gaap_ExtraordinaryItemChangeInPriorPeriodEstimateYearOfOrigin' xlink:label='loc_ExtraordinaryItemChangeInPriorPeriodEstimateYearOfOrigin' xlink:type='locator' />
<link:loc xlink:href='../elts/us-gaap-2011-01-31.xsd#us-gaap_ExtraordinaryItemOfInvestee' xlink:label='loc_ExtraordinaryItemOfInvestee' xlink:type='locator' />
<link:loc xlink:href='../elts/us-gaap-2011-01-31.xsd#us-gaap_ExtraordinaryItemFourthQuarter' xlink:label='loc_ExtraordinaryItemFourthQuarter' xlink:type='locator' />
<link:loc xlink:href='../elts/us-gaap-2011-01-31.xsd#us-gaap_ExtraordinaryItemNetOfTaxAbstract' xlink:label='loc_ExtraordinaryItemNetOfTaxAbstract' xlink:type='locator' />
<link:loc xlink:href='../elts/us-gaap-2011-01-31.xsd#us-gaap_ExtraordinaryItemsGross' xlink:label='loc_ExtraordinaryItemsGross' xlink:type='locator' />
<link:loc xlink:href='../elts/us-gaap-2011-01-31.xsd#us-gaap_TaxEffectOfExtraordinaryItem' xlink:label='loc_TaxEffectOfExtraordinaryItem' xlink:type='locator' />
<link:loc xlink:href='../elts/us-gaap-2011-01-31.xsd#us-gaap_ExtraordinaryItemNetOfTax' xlink:label='loc_ExtraordinaryItemNetOfTax' xlink:type='locator' />
<link:loc xlink:href='../elts/us-gaap-2011-01-31.xsd#us-gaap_UnusualOrInfrequentItemsDisclosureTextBlock' xlink:label='loc_UnusualOrInfrequentItemsDisclosureTextBlock' xlink:type='locator' />
<link:loc xlink:href='../elts/us-gaap-2011-01-31.xsd#us-gaap_ScheduleOfUnusualOrInfrequentItemsTextBlock' xlink:label='loc_ScheduleOfUnusualOrInfrequentItemsTextBlock' xlink:type='locator' />
<link:loc xlink:href='../elts/us-gaap-2011-01-31.xsd#us-gaap_UnusualOrInfrequentItemTable' xlink:label='loc_UnusualOrInfrequentItemTable' xlink:type='locator' />
<link:loc xlink:href='../elts/us-gaap-2011-01-31.xsd#us-gaap_UnusualOrInfrequentItemAxis' xlink:label='loc_UnusualOrInfrequentItemAxis' xlink:type='locator' />
<link:loc xlink:href='../elts/us-gaap-2011-01-31.xsd#us-gaap_UnusualOrInfrequentItemDomain' xlink:label='loc_UnusualOrInfrequentItemDomain' xlink:type='locator' />
<link:loc xlink:href='../elts/us-gaap-2011-01-31.xsd#us-gaap_UnusualOrInfrequentItemLineItems' xlink:label='loc_UnusualOrInfrequentItemLineItems' xlink:type='locator' />
<link:loc xlink:href='../elts/us-gaap-2011-01-31.xsd#us-gaap_UnusualOrInfrequentItemNatureOfEventOrTransaction' xlink:label='loc_UnusualOrInfrequentItemNatureOfEventOrTransaction' xlink:type='locator' />
<link:loc xlink:href='../elts/us-gaap-2011-01-31.xsd#us-gaap_UnusualOrInfrequentItemDescriptionOfContingencies' xlink:label='loc_UnusualOrInfrequentItemDescriptionOfContingencies' xlink:type='locator' />
<link:loc xlink:href='../elts/us-gaap-2011-01-31.xsd#us-gaap_UnusualOrInfrequentItemNetOfInsuranceProceedsAbstract' xlink:label='loc_UnusualOrInfrequentItemNetOfInsuranceProceedsAbstract' xlink:type='locator' />
<link:loc xlink:href='../elts/us-gaap-2011-01-31.xsd#us-gaap_UnusualOrInfrequentItemGross' xlink:label='loc_UnusualOrInfrequentItemGross' xlink:type='locator' />
<link:loc xlink:href='../elts/us-gaap-2011-01-31.xsd#us-gaap_UnusualOrInfrequentItemInsuranceProceeds' xlink:label='loc_UnusualOrInfrequentItemInsuranceProceeds' xlink:type='locator' />
<link:loc xlink:href='../elts/us-gaap-2011-01-31.xsd#us-gaap_UnusualOrInfrequentItemNetOfInsuranceProceeds' xlink:label='loc_UnusualOrInfrequentItemNetOfInsuranceProceeds' xlink:type='locator' />
<link:loc xlink:href='../elts/us-gaap-2011-01-31.xsd#us-gaap_UnusualOrInfrequentItemEarningsPerShareImpactGross' xlink:label='loc_UnusualOrInfrequentItemEarningsPerShareImpactGross' xlink:type='locator' />
<link:loc xlink:href='../elts/us-gaap-2011-01-31.xsd#us-gaap_UnusualOrInfrequentItemEarningsPerShareImpactNet' xlink:label='loc_UnusualOrInfrequentItemEarningsPerShareImpactNet' xlink:type='locator' />
<link:loc xlink:href='../elts/us-gaap-2011-01-31.xsd#us-gaap_UnusualOrInfrequentItemFourthQuarter' xlink:label='loc_UnusualOrInfrequentItemFourthQuarter' xlink:type='locator' />
<link:loc xlink:href='../elts/us-gaap-2011-01-31.xsd#us-gaap_UnusualOrInfrequentTaxEffect' xlink:label='loc_UnusualOrInfrequentTaxEffect' xlink:type='locator' />
<link:loc xlink:href='../elts/us-gaap-2011-01-31.xsd#us-gaap_ScheduleOfBusinessInsuranceRecoveriesTextBlock' xlink:label='loc_ScheduleOfBusinessInsuranceRecoveriesTextBlock' xlink:type='locator' />
<link:loc xlink:href='../elts/us-gaap-2011-01-31.xsd#us-gaap_BusinessInterruptionLossesNatureOfEvent' xlink:label='loc_BusinessInterruptionLossesNatureOfEvent' xlink:type='locator' />
<link:loc xlink:href='../elts/us-gaap-2011-01-31.xsd#us-gaap_GainOnBusinessInterruptionInsuranceRecovery' xlink:label='loc_GainOnBusinessInterruptionInsuranceRecovery' xlink:type='locator' />
<link:loc xlink:href='../elts/us-gaap-2011-01-31.xsd#us-gaap_BusinessInterruptionInsuranceRecoveryStatementOfIncomeLineItems' xlink:label='loc_BusinessInterruptionInsuranceRecoveryStatementOfIncomeLineItems' xlink:type='locator' />
<presentationArc order='10' xlink:arcrole='http://www.xbrl.org/2003/arcrole/parent-child' xlink:from='loc_ExtraordinaryAndUnusualItemsAbstract' xlink:to='loc_ExtraordinaryItemsDisclosureTextBlock' xlink:type='arc' />
<presentationArc order='10' use='optional' xlink:arcrole='http://www.xbrl.org/2003/arcrole/parent-child' xlink:from='loc_ExtraordinaryItemsDisclosureTextBlock' xlink:to='loc_ScheduleOfExtraordinaryItemsTextBlock' xlink:type='arc' />
<presentationArc order='10' use='optional' xlink:arcrole='http://www.xbrl.org/2003/arcrole/parent-child' xlink:from='loc_ScheduleOfExtraordinaryItemsTextBlock' xlink:to='loc_ExtraordinaryItemsTable' xlink:type='arc' />
<presentationArc order='10' use='optional' xlink:arcrole='http://www.xbrl.org/2003/arcrole/parent-child' xlink:from='loc_ExtraordinaryItemsTable' xlink:to='loc_ExtraordinaryItemAxis' xlink:type='arc' />
<presentationArc order='10' xlink:arcrole='http://www.xbrl.org/2003/arcrole/parent-child' xlink:from='loc_ExtraordinaryItemAxis' xlink:to='loc_ExtraordinaryItemDomain' xlink:type='arc' />
<presentationArc order='10' xlink:arcrole='http://www.xbrl.org/2003/arcrole/parent-child' xlink:from='loc_ExtraordinaryItemDomain' xlink:to='loc_GainOnPurchaseOfBusinessMember' xlink:type='arc' />
<presentationArc order='20' use='optional' xlink:arcrole='http://www.xbrl.org/2003/arcrole/parent-child' xlink:from='loc_ExtraordinaryItemsTable' xlink:to='loc_ExtraordinaryItemLineItems' xlink:type='arc' />
<presentationArc order='10' xlink:arcrole='http://www.xbrl.org/2003/arcrole/parent-child' xlink:from='loc_ExtraordinaryItemLineItems' xlink:to='loc_ExtraordinaryItemDescriptionOfEventOrTransaction' xlink:type='arc' />
<presentationArc order='20' xlink:arcrole='http://www.xbrl.org/2003/arcrole/parent-child' xlink:from='loc_ExtraordinaryItemLineItems' xlink:to='loc_ExtraordinaryItemEarningsPerShareImpactGross' xlink:type='arc' />
<presentationArc order='30' xlink:arcrole='http://www.xbrl.org/2003/arcrole/parent-child' xlink:from='loc_ExtraordinaryItemLineItems' xlink:to='loc_ExtraordinaryItemEarningsPerShareImpactNet' xlink:type='arc' />
<presentationArc order='40' use='optional' xlink:arcrole='http://www.xbrl.org/2003/arcrole/parent-child' xlink:from='loc_ExtraordinaryItemLineItems' xlink:to='loc_ExtraordinaryItemChangeInPriorPeriodEstimateYearOfOrigin' xlink:type='arc' />
<presentationArc order='50' xlink:arcrole='http://www.xbrl.org/2003/arcrole/parent-child' xlink:from='loc_ExtraordinaryItemLineItems' xlink:to='loc_ExtraordinaryItemOfInvestee' xlink:type='arc' />
<presentationArc order='60' xlink:arcrole='http://www.xbrl.org/2003/arcrole/parent-child' xlink:from='loc_ExtraordinaryItemLineItems' xlink:to='loc_ExtraordinaryItemFourthQuarter' xlink:type='arc' />
<presentationArc order='70' xlink:arcrole='http://www.xbrl.org/2003/arcrole/parent-child' xlink:from='loc_ExtraordinaryItemLineItems' xlink:to='loc_ExtraordinaryItemNetOfTaxAbstract' xlink:type='arc' />
<presentationArc order='10' xlink:arcrole='http://www.xbrl.org/2003/arcrole/parent-child' xlink:from='loc_ExtraordinaryItemNetOfTaxAbstract' xlink:to='loc_ExtraordinaryItemsGross' xlink:type='arc' />
<presentationArc order='20' xlink:arcrole='http://www.xbrl.org/2003/arcrole/parent-child' xlink:from='loc_ExtraordinaryItemNetOfTaxAbstract' xlink:to='loc_TaxEffectOfExtraordinaryItem' xlink:type='arc' />
<presentationArc order='30' preferredLabel='http://www.xbrl.org/2003/role/totalLabel' xlink:arcrole='http://www.xbrl.org/2003/arcrole/parent-child' xlink:from='loc_ExtraordinaryItemNetOfTaxAbstract' xlink:to='loc_ExtraordinaryItemNetOfTax' xlink:type='arc' />
<presentationArc order='20' xlink:arcrole='http://www.xbrl.org/2003/arcrole/parent-child' xlink:from='loc_ExtraordinaryAndUnusualItemsAbstract' xlink:to='loc_UnusualOrInfrequentItemsDisclosureTextBlock' xlink:type='arc' />
<presentationArc order='10' use='optional' xlink:arcrole='http://www.xbrl.org/2003/arcrole/parent-child' xlink:from='loc_UnusualOrInfrequentItemsDisclosureTextBlock' xlink:to='loc_ScheduleOfUnusualOrInfrequentItemsTextBlock' xlink:type='arc' />
<presentationArc order='10' use='optional' xlink:arcrole='http://www.xbrl.org/2003/arcrole/parent-child' xlink:from='loc_ScheduleOfUnusualOrInfrequentItemsTextBlock' xlink:to='loc_UnusualOrInfrequentItemTable' xlink:type='arc' />
<presentationArc order='10' use='optional' xlink:arcrole='http://www.xbrl.org/2003/arcrole/parent-child' xlink:from='loc_UnusualOrInfrequentItemTable' xlink:to='loc_UnusualOrInfrequentItemAxis' xlink:type='arc' />
<presentationArc order='10' xlink:arcrole='http://www.xbrl.org/2003/arcrole/parent-child' xlink:from='loc_UnusualOrInfrequentItemAxis' xlink:to='loc_UnusualOrInfrequentItemDomain' xlink:type='arc' />
<presentationArc order='20' use='optional' xlink:arcrole='http://www.xbrl.org/2003/arcrole/parent-child' xlink:from='loc_UnusualOrInfrequentItemTable' xlink:to='loc_UnusualOrInfrequentItemLineItems' xlink:type='arc' />
<presentationArc order='10' use='optional' xlink:arcrole='http://www.xbrl.org/2003/arcrole/parent-child' xlink:from='loc_UnusualOrInfrequentItemLineItems' xlink:to='loc_UnusualOrInfrequentItemNatureOfEventOrTransaction' xlink:type='arc' />
<presentationArc order='20' use='optional' xlink:arcrole='http://www.xbrl.org/2003/arcrole/parent-child' xlink:from='loc_UnusualOrInfrequentItemLineItems' xlink:to='loc_UnusualOrInfrequentItemDescriptionOfContingencies' xlink:type='arc' />
<presentationArc order='30' xlink:arcrole='http://www.xbrl.org/2003/arcrole/parent-child' xlink:from='loc_UnusualOrInfrequentItemLineItems' xlink:to='loc_UnusualOrInfrequentItemNetOfInsuranceProceedsAbstract' xlink:type='arc' />
<presentationArc order='10' use='optional' xlink:arcrole='http://www.xbrl.org/2003/arcrole/parent-child' xlink:from='loc_UnusualOrInfrequentItemNetOfInsuranceProceedsAbstract' xlink:to='loc_UnusualOrInfrequentItemGross' xlink:type='arc' />
<presentationArc order='20' use='optional' xlink:arcrole='http://www.xbrl.org/2003/arcrole/parent-child' xlink:from='loc_UnusualOrInfrequentItemNetOfInsuranceProceedsAbstract' xlink:to='loc_UnusualOrInfrequentItemInsuranceProceeds' xlink:type='arc' />
<presentationArc order='30' preferredLabel='http://www.xbrl.org/2003/role/totalLabel' xlink:arcrole='http://www.xbrl.org/2003/arcrole/parent-child' xlink:from='loc_UnusualOrInfrequentItemNetOfInsuranceProceedsAbstract' xlink:to='loc_UnusualOrInfrequentItemNetOfInsuranceProceeds' xlink:type='arc' />
<presentationArc order='40' xlink:arcrole='http://www.xbrl.org/2003/arcrole/parent-child' xlink:from='loc_UnusualOrInfrequentItemLineItems' xlink:to='loc_UnusualOrInfrequentItemEarningsPerShareImpactGross' xlink:type='arc' />
<presentationArc order='50' xlink:arcrole='http://www.xbrl.org/2003/arcrole/parent-child' xlink:from='loc_UnusualOrInfrequentItemLineItems' xlink:to='loc_UnusualOrInfrequentItemEarningsPerShareImpactNet' xlink:type='arc' />
<presentationArc order='60' xlink:arcrole='http://www.xbrl.org/2003/arcrole/parent-child' xlink:from='loc_UnusualOrInfrequentItemLineItems' xlink:to='loc_UnusualOrInfrequentItemFourthQuarter' xlink:type='arc' />
<presentationArc order='70' xlink:arcrole='http://www.xbrl.org/2003/arcrole/parent-child' xlink:from='loc_UnusualOrInfrequentItemLineItems' xlink:to='loc_UnusualOrInfrequentTaxEffect' xlink:type='arc' />
<presentationArc order='30' xlink:arcrole='http://www.xbrl.org/2003/arcrole/parent-child' xlink:from='loc_ExtraordinaryAndUnusualItemsAbstract' xlink:to='loc_ScheduleOfBusinessInsuranceRecoveriesTextBlock' xlink:type='arc' />
<presentationArc order='10' xlink:arcrole='http://www.xbrl.org/2003/arcrole/parent-child' xlink:from='loc_ScheduleOfBusinessInsuranceRecoveriesTextBlock' xlink:to='loc_BusinessInterruptionLossesNatureOfEvent' xlink:type='arc' />
<presentationArc order='20' xlink:arcrole='http://www.xbrl.org/2003/arcrole/parent-child' xlink:from='loc_ScheduleOfBusinessInsuranceRecoveriesTextBlock' xlink:to='loc_GainOnBusinessInterruptionInsuranceRecovery' xlink:type='arc' />
<presentationArc order='30' xlink:arcrole='http://www.xbrl.org/2003/arcrole/parent-child' xlink:from='loc_ScheduleOfBusinessInsuranceRecoveriesTextBlock' xlink:to='loc_BusinessInterruptionInsuranceRecoveryStatementOfIncomeLineItems' xlink:type='arc' />
</presentationLink>
</link:linkbase>
