<?xml version="1.0" encoding="UTF-8" standalone="no"?>

<!--
(c) XBRL US, Inc. 2007-2010; Financial Accounting Foundation, Inc. 2010-2011.  All Rights Reserved.
Notice: Authorized Uses are Set Forth at http://xbrl.fasb.org/terms/TaxonomiesTermsConditions.html
  -->
<link:linkbase xmlns:link='http://www.xbrl.org/2003/linkbase' xmlns:xlink='http://www.w3.org/1999/xlink' xmlns:xsi='http://www.w3.org/2001/XMLSchema-instance' xsi:schemaLocation='http://www.xbrl.org/2003/linkbase http://www.xbrl.org/2003/xbrl-linkbase-2003-12-31.xsd'>
<link:roleRef roleURI='http://fasb.org/us-gaap/role/disclosure/ReceivablesLoansNotesReceivableAndOthersNetReportedAmountByCategoryAlternative' xlink:href='../elts/us-roles-2011-01-31.xsd#rlnro3' xlink:type='simple' />
<calculationLink xlink:role='http://fasb.org/us-gaap/role/disclosure/ReceivablesLoansNotesReceivableAndOthersNetReportedAmountByCategoryAlternative' xlink:type='extended' xmlns='http://www.xbrl.org/2003/linkbase'>
<link:loc xlink:href='../elts/us-gaap-2011-01-31.xsd#us-gaap_LoansAndLeasesReceivableNetReportedAmount' xlink:label='loc_LoansAndLeasesReceivableNetReportedAmount' xlink:type='locator' />
<link:loc xlink:href='../elts/us-gaap-2011-01-31.xsd#us-gaap_LoansAndLeasesReceivableNetReportedAmountCommercial' xlink:label='loc_LoansAndLeasesReceivableNetReportedAmountCommercial' xlink:type='locator' />
<link:loc xlink:href='../elts/us-gaap-2011-01-31.xsd#us-gaap_LoansAndLeasesReceivableCommercialNetOfDeferredIncome' xlink:label='loc_LoansAndLeasesReceivableCommercialNetOfDeferredIncome' xlink:type='locator' />
<link:loc xlink:href='../elts/us-gaap-2011-01-31.xsd#us-gaap_LoansAndLeasesReceivableGrossCarryingAmountCommercial' xlink:label='loc_LoansAndLeasesReceivableGrossCarryingAmountCommercial' xlink:type='locator' />
<link:loc xlink:href='../elts/us-gaap-2011-01-31.xsd#us-gaap_LoansAndLeasesReceivableCommercial' xlink:label='loc_LoansAndLeasesReceivableCommercial' xlink:type='locator' />
<link:loc xlink:href='../elts/us-gaap-2011-01-31.xsd#us-gaap_UnamortizedLoanCommitmentAndOriginationFeesAndUnamortizedDiscountsOrPremiumsCommercial' xlink:label='loc_UnamortizedLoanCommitmentAndOriginationFeesAndUnamortizedDiscountsOrPremiumsCommercial' xlink:type='locator' />
<link:loc xlink:href='../elts/us-gaap-2011-01-31.xsd#us-gaap_LoansAndLeasesReceivableDeferredIncomeCommercial' xlink:label='loc_LoansAndLeasesReceivableDeferredIncomeCommercial' xlink:type='locator' />
<link:loc xlink:href='../elts/us-gaap-2011-01-31.xsd#us-gaap_LoansAndLeasesReceivableCommercialLoansInProcess' xlink:label='loc_LoansAndLeasesReceivableCommercialLoansInProcess' xlink:type='locator' />
<link:loc xlink:href='../elts/us-gaap-2011-01-31.xsd#us-gaap_LoansAndLeasesReceivableCommercialAllowance' xlink:label='loc_LoansAndLeasesReceivableCommercialAllowance' xlink:type='locator' />
<link:loc xlink:href='../elts/us-gaap-2011-01-31.xsd#us-gaap_LoansAndLeasesReceivableNetReportedAmountConsumer' xlink:label='loc_LoansAndLeasesReceivableNetReportedAmountConsumer' xlink:type='locator' />
<link:loc xlink:href='../elts/us-gaap-2011-01-31.xsd#us-gaap_LoansAndLeasesReceivableConsumerNetOfDeferredIncome' xlink:label='loc_LoansAndLeasesReceivableConsumerNetOfDeferredIncome' xlink:type='locator' />
<link:loc xlink:href='../elts/us-gaap-2011-01-31.xsd#us-gaap_LoansAndLeasesReceivableGrossCarryingAmountConsumer' xlink:label='loc_LoansAndLeasesReceivableGrossCarryingAmountConsumer' xlink:type='locator' />
<link:loc xlink:href='../elts/us-gaap-2011-01-31.xsd#us-gaap_LoansAndLeasesReceivableConsumer' xlink:label='loc_LoansAndLeasesReceivableConsumer' xlink:type='locator' />
<link:loc xlink:href='../elts/us-gaap-2011-01-31.xsd#us-gaap_UnamortizedLoanCommitmentAndOriginationFeesAndUnamortizedDiscountsOrPremiumsConsumer' xlink:label='loc_UnamortizedLoanCommitmentAndOriginationFeesAndUnamortizedDiscountsOrPremiumsConsumer' xlink:type='locator' />
<link:loc xlink:href='../elts/us-gaap-2011-01-31.xsd#us-gaap_LoansAndLeasesReceivableDeferredIncomeConsumer' xlink:label='loc_LoansAndLeasesReceivableDeferredIncomeConsumer' xlink:type='locator' />
<link:loc xlink:href='../elts/us-gaap-2011-01-31.xsd#us-gaap_LoansAndLeasesReceivableConsumerAllowance' xlink:label='loc_LoansAndLeasesReceivableConsumerAllowance' xlink:type='locator' />
<link:loc xlink:href='../elts/us-gaap-2011-01-31.xsd#us-gaap_LoansAndLeasesReceivableConsumerLoansInProcess' xlink:label='loc_LoansAndLeasesReceivableConsumerLoansInProcess' xlink:type='locator' />
<link:loc xlink:href='../elts/us-gaap-2011-01-31.xsd#us-gaap_LoansAndLeasesReceivableNetReportedAmountForeign' xlink:label='loc_LoansAndLeasesReceivableNetReportedAmountForeign' xlink:type='locator' />
<link:loc xlink:href='../elts/us-gaap-2011-01-31.xsd#us-gaap_LoansAndLeasesReceivableForeignNetOfDeferredIncome' xlink:label='loc_LoansAndLeasesReceivableForeignNetOfDeferredIncome' xlink:type='locator' />
<link:loc xlink:href='../elts/us-gaap-2011-01-31.xsd#us-gaap_LoansAndLeasesReceivableGrossCarryingAmountForeign' xlink:label='loc_LoansAndLeasesReceivableGrossCarryingAmountForeign' xlink:type='locator' />
<link:loc xlink:href='../elts/us-gaap-2011-01-31.xsd#us-gaap_LoansAndLeasesReceivableForeign' xlink:label='loc_LoansAndLeasesReceivableForeign' xlink:type='locator' />
<link:loc xlink:href='../elts/us-gaap-2011-01-31.xsd#us-gaap_UnamortizedLoanCommitmentAndOriginationFeesAndUnamortizedDiscountsOrPremiumsForeign' xlink:label='loc_UnamortizedLoanCommitmentAndOriginationFeesAndUnamortizedDiscountsOrPremiumsForeign' xlink:type='locator' />
<link:loc xlink:href='../elts/us-gaap-2011-01-31.xsd#us-gaap_LoansAndLeasesReceivableDeferredIncomeForeign' xlink:label='loc_LoansAndLeasesReceivableDeferredIncomeForeign' xlink:type='locator' />
<link:loc xlink:href='../elts/us-gaap-2011-01-31.xsd#us-gaap_LoansAndLeasesReceivableForeignAllowance' xlink:label='loc_LoansAndLeasesReceivableForeignAllowance' xlink:type='locator' />
<link:loc xlink:href='../elts/us-gaap-2011-01-31.xsd#us-gaap_LoansAndLeasesReceivableForeignLoansInProcess' xlink:label='loc_LoansAndLeasesReceivableForeignLoansInProcess' xlink:type='locator' />
<link:loc xlink:href='../elts/us-gaap-2011-01-31.xsd#us-gaap_LoansAndLeasesReceivableNetReportedAmountOther' xlink:label='loc_LoansAndLeasesReceivableNetReportedAmountOther' xlink:type='locator' />
<link:loc xlink:href='../elts/us-gaap-2011-01-31.xsd#us-gaap_LoansAndLeasesReceivableOtherNetOfDeferredIncome' xlink:label='loc_LoansAndLeasesReceivableOtherNetOfDeferredIncome' xlink:type='locator' />
<link:loc xlink:href='../elts/us-gaap-2011-01-31.xsd#us-gaap_LoansAndLeasesReceivableGrossCarryingAmountOther' xlink:label='loc_LoansAndLeasesReceivableGrossCarryingAmountOther' xlink:type='locator' />
<link:loc xlink:href='../elts/us-gaap-2011-01-31.xsd#us-gaap_LoansAndLeasesReceivableOther' xlink:label='loc_LoansAndLeasesReceivableOther' xlink:type='locator' />
<link:loc xlink:href='../elts/us-gaap-2011-01-31.xsd#us-gaap_UnamortizedLoanCommitmentAndOriginationFeesAndUnamortizedDiscountsOrPremiumsOther' xlink:label='loc_UnamortizedLoanCommitmentAndOriginationFeesAndUnamortizedDiscountsOrPremiumsOther' xlink:type='locator' />
<link:loc xlink:href='../elts/us-gaap-2011-01-31.xsd#us-gaap_LoansAndLeasesReceivableDeferredIncomeOther' xlink:label='loc_LoansAndLeasesReceivableDeferredIncomeOther' xlink:type='locator' />
<link:loc xlink:href='../elts/us-gaap-2011-01-31.xsd#us-gaap_LoansAndLeasesReceivableOtherAllowance' xlink:label='loc_LoansAndLeasesReceivableOtherAllowance' xlink:type='locator' />
<link:loc xlink:href='../elts/us-gaap-2011-01-31.xsd#us-gaap_LoansAndLeasesReceivableOtherLoansInProcess' xlink:label='loc_LoansAndLeasesReceivableOtherLoansInProcess' xlink:type='locator' />
<calculationArc order='10' weight='1.0' xlink:arcrole='http://www.xbrl.org/2003/arcrole/summation-item' xlink:from='loc_LoansAndLeasesReceivableNetReportedAmount' xlink:to='loc_LoansAndLeasesReceivableNetReportedAmountCommercial' xlink:type='arc' />
<calculationArc order='10' weight='1.0' xlink:arcrole='http://www.xbrl.org/2003/arcrole/summation-item' xlink:from='loc_LoansAndLeasesReceivableNetReportedAmountCommercial' xlink:to='loc_LoansAndLeasesReceivableCommercialNetOfDeferredIncome' xlink:type='arc' />
<calculationArc order='10' weight='1.0' xlink:arcrole='http://www.xbrl.org/2003/arcrole/summation-item' xlink:from='loc_LoansAndLeasesReceivableCommercialNetOfDeferredIncome' xlink:to='loc_LoansAndLeasesReceivableGrossCarryingAmountCommercial' xlink:type='arc' />
<calculationArc order='10' weight='1.0' xlink:arcrole='http://www.xbrl.org/2003/arcrole/summation-item' xlink:from='loc_LoansAndLeasesReceivableGrossCarryingAmountCommercial' xlink:to='loc_LoansAndLeasesReceivableCommercial' xlink:type='arc' />
<calculationArc order='20' weight='1.0' xlink:arcrole='http://www.xbrl.org/2003/arcrole/summation-item' xlink:from='loc_LoansAndLeasesReceivableGrossCarryingAmountCommercial' xlink:to='loc_UnamortizedLoanCommitmentAndOriginationFeesAndUnamortizedDiscountsOrPremiumsCommercial' xlink:type='arc' />
<calculationArc order='20' weight='-1.0' xlink:arcrole='http://www.xbrl.org/2003/arcrole/summation-item' xlink:from='loc_LoansAndLeasesReceivableCommercialNetOfDeferredIncome' xlink:to='loc_LoansAndLeasesReceivableDeferredIncomeCommercial' xlink:type='arc' />
<calculationArc order='20' weight='-1.0' xlink:arcrole='http://www.xbrl.org/2003/arcrole/summation-item' xlink:from='loc_LoansAndLeasesReceivableNetReportedAmountCommercial' xlink:to='loc_LoansAndLeasesReceivableCommercialLoansInProcess' xlink:type='arc' />
<calculationArc order='30' weight='-1.0' xlink:arcrole='http://www.xbrl.org/2003/arcrole/summation-item' xlink:from='loc_LoansAndLeasesReceivableNetReportedAmountCommercial' xlink:to='loc_LoansAndLeasesReceivableCommercialAllowance' xlink:type='arc' />
<calculationArc order='20' weight='1.0' xlink:arcrole='http://www.xbrl.org/2003/arcrole/summation-item' xlink:from='loc_LoansAndLeasesReceivableNetReportedAmount' xlink:to='loc_LoansAndLeasesReceivableNetReportedAmountConsumer' xlink:type='arc' />
<calculationArc order='10' weight='1.0' xlink:arcrole='http://www.xbrl.org/2003/arcrole/summation-item' xlink:from='loc_LoansAndLeasesReceivableNetReportedAmountConsumer' xlink:to='loc_LoansAndLeasesReceivableConsumerNetOfDeferredIncome' xlink:type='arc' />
<calculationArc order='10' weight='1.0' xlink:arcrole='http://www.xbrl.org/2003/arcrole/summation-item' xlink:from='loc_LoansAndLeasesReceivableConsumerNetOfDeferredIncome' xlink:to='loc_LoansAndLeasesReceivableGrossCarryingAmountConsumer' xlink:type='arc' />
<calculationArc order='10' weight='1.0' xlink:arcrole='http://www.xbrl.org/2003/arcrole/summation-item' xlink:from='loc_LoansAndLeasesReceivableGrossCarryingAmountConsumer' xlink:to='loc_LoansAndLeasesReceivableConsumer' xlink:type='arc' />
<calculationArc order='20' weight='1.0' xlink:arcrole='http://www.xbrl.org/2003/arcrole/summation-item' xlink:from='loc_LoansAndLeasesReceivableGrossCarryingAmountConsumer' xlink:to='loc_UnamortizedLoanCommitmentAndOriginationFeesAndUnamortizedDiscountsOrPremiumsConsumer' xlink:type='arc' />
<calculationArc order='20' weight='-1.0' xlink:arcrole='http://www.xbrl.org/2003/arcrole/summation-item' xlink:from='loc_LoansAndLeasesReceivableConsumerNetOfDeferredIncome' xlink:to='loc_LoansAndLeasesReceivableDeferredIncomeConsumer' xlink:type='arc' />
<calculationArc order='20' weight='-1.0' xlink:arcrole='http://www.xbrl.org/2003/arcrole/summation-item' xlink:from='loc_LoansAndLeasesReceivableNetReportedAmountConsumer' xlink:to='loc_LoansAndLeasesReceivableConsumerAllowance' xlink:type='arc' />
<calculationArc order='30' weight='-1.0' xlink:arcrole='http://www.xbrl.org/2003/arcrole/summation-item' xlink:from='loc_LoansAndLeasesReceivableNetReportedAmountConsumer' xlink:to='loc_LoansAndLeasesReceivableConsumerLoansInProcess' xlink:type='arc' />
<calculationArc order='30' weight='1.0' xlink:arcrole='http://www.xbrl.org/2003/arcrole/summation-item' xlink:from='loc_LoansAndLeasesReceivableNetReportedAmount' xlink:to='loc_LoansAndLeasesReceivableNetReportedAmountForeign' xlink:type='arc' />
<calculationArc order='10' weight='1.0' xlink:arcrole='http://www.xbrl.org/2003/arcrole/summation-item' xlink:from='loc_LoansAndLeasesReceivableNetReportedAmountForeign' xlink:to='loc_LoansAndLeasesReceivableForeignNetOfDeferredIncome' xlink:type='arc' />
<calculationArc order='10' weight='1.0' xlink:arcrole='http://www.xbrl.org/2003/arcrole/summation-item' xlink:from='loc_LoansAndLeasesReceivableForeignNetOfDeferredIncome' xlink:to='loc_LoansAndLeasesReceivableGrossCarryingAmountForeign' xlink:type='arc' />
<calculationArc order='10' weight='1.0' xlink:arcrole='http://www.xbrl.org/2003/arcrole/summation-item' xlink:from='loc_LoansAndLeasesReceivableGrossCarryingAmountForeign' xlink:to='loc_LoansAndLeasesReceivableForeign' xlink:type='arc' />
<calculationArc order='20' weight='1.0' xlink:arcrole='http://www.xbrl.org/2003/arcrole/summation-item' xlink:from='loc_LoansAndLeasesReceivableGrossCarryingAmountForeign' xlink:to='loc_UnamortizedLoanCommitmentAndOriginationFeesAndUnamortizedDiscountsOrPremiumsForeign' xlink:type='arc' />
<calculationArc order='20' weight='-1.0' xlink:arcrole='http://www.xbrl.org/2003/arcrole/summation-item' xlink:from='loc_LoansAndLeasesReceivableForeignNetOfDeferredIncome' xlink:to='loc_LoansAndLeasesReceivableDeferredIncomeForeign' xlink:type='arc' />
<calculationArc order='20' weight='-1.0' xlink:arcrole='http://www.xbrl.org/2003/arcrole/summation-item' xlink:from='loc_LoansAndLeasesReceivableNetReportedAmountForeign' xlink:to='loc_LoansAndLeasesReceivableForeignAllowance' xlink:type='arc' />
<calculationArc order='30' weight='-1.0' xlink:arcrole='http://www.xbrl.org/2003/arcrole/summation-item' xlink:from='loc_LoansAndLeasesReceivableNetReportedAmountForeign' xlink:to='loc_LoansAndLeasesReceivableForeignLoansInProcess' xlink:type='arc' />
<calculationArc order='40' weight='1.0' xlink:arcrole='http://www.xbrl.org/2003/arcrole/summation-item' xlink:from='loc_LoansAndLeasesReceivableNetReportedAmount' xlink:to='loc_LoansAndLeasesReceivableNetReportedAmountOther' xlink:type='arc' />
<calculationArc order='10' weight='1.0' xlink:arcrole='http://www.xbrl.org/2003/arcrole/summation-item' xlink:from='loc_LoansAndLeasesReceivableNetReportedAmountOther' xlink:to='loc_LoansAndLeasesReceivableOtherNetOfDeferredIncome' xlink:type='arc' />
<calculationArc order='10' weight='1.0' xlink:arcrole='http://www.xbrl.org/2003/arcrole/summation-item' xlink:from='loc_LoansAndLeasesReceivableOtherNetOfDeferredIncome' xlink:to='loc_LoansAndLeasesReceivableGrossCarryingAmountOther' xlink:type='arc' />
<calculationArc order='10' weight='1.0' xlink:arcrole='http://www.xbrl.org/2003/arcrole/summation-item' xlink:from='loc_LoansAndLeasesReceivableGrossCarryingAmountOther' xlink:to='loc_LoansAndLeasesReceivableOther' xlink:type='arc' />
<calculationArc order='20' weight='1.0' xlink:arcrole='http://www.xbrl.org/2003/arcrole/summation-item' xlink:from='loc_LoansAndLeasesReceivableGrossCarryingAmountOther' xlink:to='loc_UnamortizedLoanCommitmentAndOriginationFeesAndUnamortizedDiscountsOrPremiumsOther' xlink:type='arc' />
<calculationArc order='20' weight='-1.0' xlink:arcrole='http://www.xbrl.org/2003/arcrole/summation-item' xlink:from='loc_LoansAndLeasesReceivableOtherNetOfDeferredIncome' xlink:to='loc_LoansAndLeasesReceivableDeferredIncomeOther' xlink:type='arc' />
<calculationArc order='20' weight='-1.0' xlink:arcrole='http://www.xbrl.org/2003/arcrole/summation-item' xlink:from='loc_LoansAndLeasesReceivableNetReportedAmountOther' xlink:to='loc_LoansAndLeasesReceivableOtherAllowance' xlink:type='arc' />
<calculationArc order='30' weight='-1.0' xlink:arcrole='http://www.xbrl.org/2003/arcrole/summation-item' xlink:from='loc_LoansAndLeasesReceivableNetReportedAmountOther' xlink:to='loc_LoansAndLeasesReceivableOtherLoansInProcess' xlink:type='arc' />
</calculationLink>
</link:linkbase>
