<?xml version="1.0" encoding="UTF-8" standalone="no"?>

<!--
(c) XBRL US, Inc. 2007-2010; Financial Accounting Foundation, Inc. 2010-2011.  All Rights Reserved.
Notice: Authorized Uses are Set Forth at http://xbrl.fasb.org/terms/TaxonomiesTermsConditions.html
  -->
<link:linkbase xmlns:link='http://www.xbrl.org/2003/linkbase' xmlns:xlink='http://www.w3.org/1999/xlink' xmlns:xsi='http://www.w3.org/2001/XMLSchema-instance' xsi:schemaLocation='http://www.xbrl.org/2003/linkbase http://www.xbrl.org/2003/xbrl-linkbase-2003-12-31.xsd'>
<link:roleRef roleURI='http://fasb.org/us-gaap/role/disclosure/ForeignOperationsAndCurrencyTranslation' xlink:href='../elts/us-roles-2011-01-31.xsd#foct' xlink:type='simple' />
<presentationLink xlink:role='http://fasb.org/us-gaap/role/disclosure/ForeignOperationsAndCurrencyTranslation' xlink:type='extended' xmlns='http://www.xbrl.org/2003/linkbase'>
<link:loc xlink:href='../elts/us-gaap-2011-01-31.xsd#us-gaap_ForeignCurrencyAbstract' xlink:label='loc_ForeignCurrencyAbstract' xlink:type='locator' />
<link:loc xlink:href='../elts/us-gaap-2011-01-31.xsd#us-gaap_ForeignCurrencyDisclosureTextBlock' xlink:label='loc_ForeignCurrencyDisclosureTextBlock' xlink:type='locator' />
<link:loc xlink:href='../elts/us-gaap-2011-01-31.xsd#us-gaap_ForeignCurrencyTransactionAbstract' xlink:label='loc_ForeignCurrencyTransactionAbstract' xlink:type='locator' />
<link:loc xlink:href='../elts/us-gaap-2011-01-31.xsd#us-gaap_ForeignCurrencyTransactionsDescription' xlink:label='loc_ForeignCurrencyTransactionsDescription' xlink:type='locator' />
<link:loc xlink:href='../elts/us-gaap-2011-01-31.xsd#us-gaap_ForeignCurrencyTransactionGainLossBeforeTaxAbstract' xlink:label='loc_ForeignCurrencyTransactionGainLossBeforeTaxAbstract' xlink:type='locator' />
<link:loc xlink:href='../elts/us-gaap-2011-01-31.xsd#us-gaap_ForeignCurrencyTransactionGainBeforeTax' xlink:label='loc_ForeignCurrencyTransactionGainBeforeTax' xlink:type='locator' />
<link:loc xlink:href='../elts/us-gaap-2011-01-31.xsd#us-gaap_ForeignCurrencyTransactionLossBeforeTax' xlink:label='loc_ForeignCurrencyTransactionLossBeforeTax' xlink:type='locator' />
<link:loc xlink:href='../elts/us-gaap-2011-01-31.xsd#us-gaap_ForeignCurrencyTransactionGainLossBeforeTax' xlink:label='loc_ForeignCurrencyTransactionGainLossBeforeTax' xlink:type='locator' />
<link:loc xlink:href='../elts/us-gaap-2011-01-31.xsd#us-gaap_ForeignCurrencyTransactionGainLossUnrealized' xlink:label='loc_ForeignCurrencyTransactionGainLossUnrealized' xlink:type='locator' />
<link:loc xlink:href='../elts/us-gaap-2011-01-31.xsd#us-gaap_ForeignCurrencyTransactionGainLossRealized' xlink:label='loc_ForeignCurrencyTransactionGainLossRealized' xlink:type='locator' />
<link:loc xlink:href='../elts/us-gaap-2011-01-31.xsd#us-gaap_ForeignCurrencyTranslationAbstract' xlink:label='loc_ForeignCurrencyTranslationAbstract' xlink:type='locator' />
<link:loc xlink:href='../elts/us-gaap-2011-01-31.xsd#us-gaap_ForeignCurrencyTranslationAdjustmentDescription' xlink:label='loc_ForeignCurrencyTranslationAdjustmentDescription' xlink:type='locator' />
<link:loc xlink:href='../elts/us-gaap-2011-01-31.xsd#us-gaap_ExplanationOfChangeInCumulativeTranslationAdjustment' xlink:label='loc_ExplanationOfChangeInCumulativeTranslationAdjustment' xlink:type='locator' />
<link:loc xlink:href='../elts/us-gaap-2011-01-31.xsd#us-gaap_DescriptionOfEffectOfSubsequentForeignCurrencyExchangeRateChange' xlink:label='loc_DescriptionOfEffectOfSubsequentForeignCurrencyExchangeRateChange' xlink:type='locator' />
<link:loc xlink:href='../elts/us-gaap-2011-01-31.xsd#us-gaap_OtherComprehensiveIncomeForeignCurrencyTransactionAndTranslationAdjustmentBeforeTaxPeriodIncreaseDecreaseAbstract' xlink:label='loc_OtherComprehensiveIncomeForeignCurrencyTransactionAndTranslationAdjustmentBeforeTaxPeriodIncreaseDecreaseAbstract' xlink:type='locator' />
<link:loc xlink:href='../elts/us-gaap-2011-01-31.xsd#us-gaap_OtherComprehensiveIncomeForeignCurrencyTransactionAndTranslationReclassificationAdjustmentRealizedUponSaleOrLiquidationBeforeTax' xlink:label='loc_OtherComprehensiveIncomeForeignCurrencyTransactionAndTranslationReclassificationAdjustmentRealizedUponSaleOrLiquidationBeforeTax' xlink:type='locator' />
<link:loc xlink:href='../elts/us-gaap-2011-01-31.xsd#us-gaap_OtherComprehensiveIncomeForeignCurrencyTransactionAndTranslationGainLossBeforeReclassificationAndTax' xlink:label='loc_OtherComprehensiveIncomeForeignCurrencyTransactionAndTranslationGainLossBeforeReclassificationAndTax' xlink:type='locator' />
<link:loc xlink:href='../elts/us-gaap-2011-01-31.xsd#us-gaap_OtherComprehensiveIncomeForeignCurrencyTransactionAndTranslationAdjustmentBeforeTaxPeriodIncreaseDecrease' xlink:label='loc_OtherComprehensiveIncomeForeignCurrencyTransactionAndTranslationAdjustmentBeforeTaxPeriodIncreaseDecrease' xlink:type='locator' />
<link:loc xlink:href='../elts/us-gaap-2011-01-31.xsd#us-gaap_CumulativeTranslationAdjustmentSummaryRollForward' xlink:label='loc_CumulativeTranslationAdjustmentSummaryRollForward' xlink:type='locator' />
<link:loc xlink:href='../elts/us-gaap-2011-01-31.xsd#us-gaap_AccumulatedOtherComprehensiveIncomeLossForeignCurrencyTranslationAdjustmentNetOfTax' xlink:label='loc_AccumulatedOtherComprehensiveIncomeLossForeignCurrencyTranslationAdjustmentNetOfTax_1' xlink:type='locator' />
<link:loc xlink:href='../elts/us-gaap-2011-01-31.xsd#us-gaap_AccumulatedOtherComprehensiveIncomeLossForeignCurrencyTranslationAdjustmentNetOfTax' xlink:label='loc_AccumulatedOtherComprehensiveIncomeLossForeignCurrencyTranslationAdjustmentNetOfTax' xlink:type='locator' />
<link:loc xlink:href='../elts/us-gaap-2011-01-31.xsd#us-gaap_OtherComprehensiveIncomeForeignCurrencyTranslationGainLossArisingDuringPeriodTax' xlink:label='loc_OtherComprehensiveIncomeForeignCurrencyTranslationGainLossArisingDuringPeriodTax' xlink:type='locator' />
<link:loc xlink:href='../elts/us-gaap-2011-01-31.xsd#us-gaap_OtherComprehensiveIncomeForeignCurrencyTransactionAndTranslationReclassificationAdjustmentRealizedUponSaleOrLiquidationNetOfTax' xlink:label='loc_OtherComprehensiveIncomeForeignCurrencyTransactionAndTranslationReclassificationAdjustmentRealizedUponSaleOrLiquidationNetOfTax' xlink:type='locator' />
<link:loc xlink:href='../elts/us-gaap-2011-01-31.xsd#us-gaap_CumulativeTranslationAdjustmentNetOfTaxPeriodIncreaseDecrease' xlink:label='loc_CumulativeTranslationAdjustmentNetOfTaxPeriodIncreaseDecrease' xlink:type='locator' />
<link:loc xlink:href='../elts/us-gaap-2011-01-31.xsd#us-gaap_ForeignCurrencyTranslationAdjustmentByComponentAbstract' xlink:label='loc_ForeignCurrencyTranslationAdjustmentByComponentAbstract' xlink:type='locator' />
<link:loc xlink:href='../elts/us-gaap-2011-01-31.xsd#us-gaap_TranslationAdjustmentFunctionalToReportingCurrencyRollForward' xlink:label='loc_TranslationAdjustmentFunctionalToReportingCurrencyRollForward' xlink:type='locator' />
<link:loc xlink:href='../elts/us-gaap-2011-01-31.xsd#us-gaap_TranslationAdjustmentFunctionalToReportingCurrencyNetOfTax' xlink:label='loc_TranslationAdjustmentFunctionalToReportingCurrencyNetOfTax_1' xlink:type='locator' />
<link:loc xlink:href='../elts/us-gaap-2011-01-31.xsd#us-gaap_TranslationAdjustmentFunctionalToReportingCurrencyNetOfTax' xlink:label='loc_TranslationAdjustmentFunctionalToReportingCurrencyNetOfTax' xlink:type='locator' />
<link:loc xlink:href='../elts/us-gaap-2011-01-31.xsd#us-gaap_TranslationAdjustmentFunctionalToReportingCurrencyIncreaseDecreaseGrossOfTax' xlink:label='loc_TranslationAdjustmentFunctionalToReportingCurrencyIncreaseDecreaseGrossOfTax' xlink:type='locator' />
<link:loc xlink:href='../elts/us-gaap-2011-01-31.xsd#us-gaap_TranslationAdjustmentFunctionalToReportingCurrencyTaxBenefitExpense' xlink:label='loc_TranslationAdjustmentFunctionalToReportingCurrencyTaxBenefitExpense' xlink:type='locator' />
<link:loc xlink:href='../elts/us-gaap-2011-01-31.xsd#us-gaap_TranslationAdjustmentFunctionalToReportingCurrencyLossGainOnReclassifiedOfEarningsNetOfTax' xlink:label='loc_TranslationAdjustmentFunctionalToReportingCurrencyLossGainOnReclassifiedOfEarningsNetOfTax' xlink:type='locator' />
<link:loc xlink:href='../elts/us-gaap-2011-01-31.xsd#us-gaap_TranslationAdjustmentFunctionalToReportingCurrencyNetOfTaxPeriodIncreaseDecrease' xlink:label='loc_TranslationAdjustmentFunctionalToReportingCurrencyNetOfTaxPeriodIncreaseDecrease' xlink:type='locator' />
<link:loc xlink:href='../elts/us-gaap-2011-01-31.xsd#us-gaap_TranslationAdjustmentForNetInvestmentHedgeRollForward' xlink:label='loc_TranslationAdjustmentForNetInvestmentHedgeRollForward' xlink:type='locator' />
<link:loc xlink:href='../elts/us-gaap-2011-01-31.xsd#us-gaap_TranslationAdjustmentForNetInvestmentHedgeNetOfTax' xlink:label='loc_TranslationAdjustmentForNetInvestmentHedgeNetOfTax_1' xlink:type='locator' />
<link:loc xlink:href='../elts/us-gaap-2011-01-31.xsd#us-gaap_TranslationAdjustmentForNetInvestmentHedgeNetOfTax' xlink:label='loc_TranslationAdjustmentForNetInvestmentHedgeNetOfTax' xlink:type='locator' />
<link:loc xlink:href='../elts/us-gaap-2011-01-31.xsd#us-gaap_TranslationAdjustmentForNetInvestmentHedgeIncreaseDecreaseGrossOfTax' xlink:label='loc_TranslationAdjustmentForNetInvestmentHedgeIncreaseDecreaseGrossOfTax' xlink:type='locator' />
<link:loc xlink:href='../elts/us-gaap-2011-01-31.xsd#us-gaap_TranslationAdjustmentForNetInvestmentHedgeTaxBenefitExpense' xlink:label='loc_TranslationAdjustmentForNetInvestmentHedgeTaxBenefitExpense' xlink:type='locator' />
<link:loc xlink:href='../elts/us-gaap-2011-01-31.xsd#us-gaap_TranslationAdjustmentForNetInvestmentHedgeLossGainOnReclassifiedOfEarningsNetOfTax' xlink:label='loc_TranslationAdjustmentForNetInvestmentHedgeLossGainOnReclassifiedOfEarningsNetOfTax' xlink:type='locator' />
<link:loc xlink:href='../elts/us-gaap-2011-01-31.xsd#us-gaap_TranslationAdjustmentForNetInvestmentHedgeNetOfTaxPeriodIncreaseDecrease' xlink:label='loc_TranslationAdjustmentForNetInvestmentHedgeNetOfTaxPeriodIncreaseDecrease' xlink:type='locator' />
<link:loc xlink:href='../elts/us-gaap-2011-01-31.xsd#us-gaap_DescriptionOfLongTermIntercompanyTransactions' xlink:label='loc_DescriptionOfLongTermIntercompanyTransactions' xlink:type='locator' />
<link:loc xlink:href='../elts/us-gaap-2011-01-31.xsd#us-gaap_AdjustmentForLongTermIntercompanyTransactionsNetOfTaxAbstract' xlink:label='loc_AdjustmentForLongTermIntercompanyTransactionsNetOfTaxAbstract' xlink:type='locator' />
<link:loc xlink:href='../elts/us-gaap-2011-01-31.xsd#us-gaap_AdjustmentForLongTermIntercompanyTransactionsGrossOfTax' xlink:label='loc_AdjustmentForLongTermIntercompanyTransactionsGrossOfTax' xlink:type='locator' />
<link:loc xlink:href='../elts/us-gaap-2011-01-31.xsd#us-gaap_AdjustmentForLongTermIntercompanyTransactionsTaxBenefitExpense' xlink:label='loc_AdjustmentForLongTermIntercompanyTransactionsTaxBenefitExpense' xlink:type='locator' />
<link:loc xlink:href='../elts/us-gaap-2011-01-31.xsd#us-gaap_AdjustmentForLongTermIntercompanyTransactionsNetOfTax' xlink:label='loc_AdjustmentForLongTermIntercompanyTransactionsNetOfTax' xlink:type='locator' />
<link:loc xlink:href='../elts/us-gaap-2011-01-31.xsd#us-gaap_ScheduleOfIntercompanyForeignCurrencyBalancesTextBlock' xlink:label='loc_ScheduleOfIntercompanyForeignCurrencyBalancesTextBlock' xlink:type='locator' />
<link:loc xlink:href='../elts/us-gaap-2011-01-31.xsd#us-gaap_ScheduleOfIntercompanyForeignCurrencyBalanceTable' xlink:label='loc_ScheduleOfIntercompanyForeignCurrencyBalanceTable' xlink:type='locator' />
<link:loc xlink:href='../elts/us-gaap-2011-01-31.xsd#us-gaap_IntercompanyForeignCurrencyBalanceByDescriptionAxis' xlink:label='loc_IntercompanyForeignCurrencyBalanceByDescriptionAxis' xlink:type='locator' />
<link:loc xlink:href='../elts/us-gaap-2011-01-31.xsd#us-gaap_IntercompanyForeignCurrencyBalanceNameDomain' xlink:label='loc_IntercompanyForeignCurrencyBalanceNameDomain' xlink:type='locator' />
<link:loc xlink:href='../elts/us-gaap-2011-01-31.xsd#us-gaap_IntercompanyForeignCurrencyBalanceLineItems' xlink:label='loc_IntercompanyForeignCurrencyBalanceLineItems' xlink:type='locator' />
<link:loc xlink:href='../elts/us-gaap-2011-01-31.xsd#us-gaap_IntercompanyForeignCurrencyBalanceForeignCurrency' xlink:label='loc_IntercompanyForeignCurrencyBalanceForeignCurrency' xlink:type='locator' />
<link:loc xlink:href='../elts/us-gaap-2011-01-31.xsd#us-gaap_IntercompanyForeignCurrencyBalanceAmount' xlink:label='loc_IntercompanyForeignCurrencyBalanceAmount' xlink:type='locator' />
<link:loc xlink:href='../elts/us-gaap-2011-01-31.xsd#us-gaap_MultipleForeignCurrencyExchangeRatesAbstract' xlink:label='loc_MultipleForeignCurrencyExchangeRatesAbstract' xlink:type='locator' />
<link:loc xlink:href='../elts/us-gaap-2011-01-31.xsd#us-gaap_ScheduleOfDifferencesBetweenReportedAmountAndReportingCurrencyDenominatedAmountTableTextBlock' xlink:label='loc_ScheduleOfDifferencesBetweenReportedAmountAndReportingCurrencyDenominatedAmountTableTextBlock' xlink:type='locator' />
<link:loc xlink:href='../elts/us-gaap-2011-01-31.xsd#us-gaap_ScheduleOfDifferencesBetweenReportedAmountAndReportingCurrencyDenominatedAmountTable' xlink:label='loc_ScheduleOfDifferencesBetweenReportedAmountAndReportingCurrencyDenominatedAmountTable' xlink:type='locator' />
<link:loc xlink:href='../elts/us-gaap-2011-01-31.xsd#us-gaap_InformationByFinancialStatementLineItemAxis' xlink:label='loc_InformationByFinancialStatementLineItemAxis' xlink:type='locator' />
<link:loc xlink:href='../elts/us-gaap-2011-01-31.xsd#us-gaap_FinancialStatementLineItemsWithDifferencesInReportedAmountAndReportingCurrencyDenominatedAmountsDomain' xlink:label='loc_FinancialStatementLineItemsWithDifferencesInReportedAmountAndReportingCurrencyDenominatedAmountsDomain' xlink:type='locator' />
<link:loc xlink:href='../elts/us-gaap-2011-01-31.xsd#us-gaap_CashAndCashEquivalentsMember' xlink:label='loc_CashAndCashEquivalentsMember' xlink:type='locator' />
<link:loc xlink:href='../elts/us-gaap-2011-01-31.xsd#us-gaap_CashMember' xlink:label='loc_CashMember' xlink:type='locator' />
<link:loc xlink:href='../elts/us-gaap-2011-01-31.xsd#us-gaap_CashEquivalentsMember' xlink:label='loc_CashEquivalentsMember' xlink:type='locator' />
<link:loc xlink:href='../elts/us-gaap-2011-01-31.xsd#us-gaap_MoneyMarketFundsMember' xlink:label='loc_MoneyMarketFundsMember' xlink:type='locator' />
<link:loc xlink:href='../elts/us-gaap-2011-01-31.xsd#us-gaap_USTreasurySecuritiesMember' xlink:label='loc_USTreasurySecuritiesMember' xlink:type='locator' />
<link:loc xlink:href='../elts/us-gaap-2011-01-31.xsd#us-gaap_CommercialPaperMember' xlink:label='loc_CommercialPaperMember' xlink:type='locator' />
<link:loc xlink:href='../elts/us-gaap-2011-01-31.xsd#us-gaap_BankersAcceptanceMember' xlink:label='loc_BankersAcceptanceMember' xlink:type='locator' />
<link:loc xlink:href='../elts/us-gaap-2011-01-31.xsd#us-gaap_InterestBearingDepositsMember' xlink:label='loc_InterestBearingDepositsMember' xlink:type='locator' />
<link:loc xlink:href='../elts/us-gaap-2011-01-31.xsd#us-gaap_BankTimeDepositsMember' xlink:label='loc_BankTimeDepositsMember' xlink:type='locator' />
<link:loc xlink:href='../elts/us-gaap-2011-01-31.xsd#us-gaap_CertificatesOfDepositMember' xlink:label='loc_CertificatesOfDepositMember' xlink:type='locator' />
<link:loc xlink:href='../elts/us-gaap-2011-01-31.xsd#us-gaap_AccountsReceivableMember' xlink:label='loc_AccountsReceivableMember' xlink:type='locator' />
<link:loc xlink:href='../elts/us-gaap-2011-01-31.xsd#us-gaap_NotesReceivableMember' xlink:label='loc_NotesReceivableMember' xlink:type='locator' />
<link:loc xlink:href='../elts/us-gaap-2011-01-31.xsd#us-gaap_PremiumsReceivableMember' xlink:label='loc_PremiumsReceivableMember' xlink:type='locator' />
<link:loc xlink:href='../elts/us-gaap-2011-01-31.xsd#us-gaap_InvestmentsMember' xlink:label='loc_InvestmentsMember' xlink:type='locator' />
<link:loc xlink:href='../elts/us-gaap-2011-01-31.xsd#us-gaap_SecuritiesAssetsMember' xlink:label='loc_SecuritiesAssetsMember' xlink:type='locator' />
<link:loc xlink:href='../elts/us-gaap-2011-01-31.xsd#us-gaap_EquitySecuritiesMember' xlink:label='loc_EquitySecuritiesMember' xlink:type='locator' />
<link:loc xlink:href='../elts/us-gaap-2011-01-31.xsd#us-gaap_CommonStockMember' xlink:label='loc_CommonStockMember' xlink:type='locator' />
<link:loc xlink:href='../elts/us-gaap-2011-01-31.xsd#us-gaap_PreferredStockMember' xlink:label='loc_PreferredStockMember' xlink:type='locator' />
<link:loc xlink:href='../elts/us-gaap-2011-01-31.xsd#us-gaap_NonredeemablePreferredStockMember' xlink:label='loc_NonredeemablePreferredStockMember' xlink:type='locator' />
<link:loc xlink:href='../elts/us-gaap-2011-01-31.xsd#us-gaap_RedeemablePreferredStockMember' xlink:label='loc_RedeemablePreferredStockMember' xlink:type='locator' />
<link:loc xlink:href='../elts/us-gaap-2011-01-31.xsd#us-gaap_ConvertiblePreferredStockMember' xlink:label='loc_ConvertiblePreferredStockMember' xlink:type='locator' />
<link:loc xlink:href='../elts/us-gaap-2011-01-31.xsd#us-gaap_PreferredNonConvertibleStockMember' xlink:label='loc_PreferredNonConvertibleStockMember' xlink:type='locator' />
<link:loc xlink:href='../elts/us-gaap-2011-01-31.xsd#us-gaap_RightsMember' xlink:label='loc_RightsMember' xlink:type='locator' />
<link:loc xlink:href='../elts/us-gaap-2011-01-31.xsd#us-gaap_WarrantsMember' xlink:label='loc_WarrantsMember' xlink:type='locator' />
<link:loc xlink:href='../elts/us-gaap-2011-01-31.xsd#us-gaap_DebtSecuritiesMember' xlink:label='loc_DebtSecuritiesMember' xlink:type='locator' />
<link:loc xlink:href='../elts/us-gaap-2011-01-31.xsd#us-gaap_USTreasuryAndGovernmentMember' xlink:label='loc_USTreasuryAndGovernmentMember' xlink:type='locator' />
<link:loc xlink:href='../elts/us-gaap-2011-01-31.xsd#us-gaap_USGovernmentAgenciesDebtSecuritiesMember' xlink:label='loc_USGovernmentAgenciesDebtSecuritiesMember' xlink:type='locator' />
<link:loc xlink:href='../elts/us-gaap-2011-01-31.xsd#us-gaap_USGovernmentSponsoredEnterprisesDebtSecuritiesMember' xlink:label='loc_USGovernmentSponsoredEnterprisesDebtSecuritiesMember' xlink:type='locator' />
<link:loc xlink:href='../elts/us-gaap-2011-01-31.xsd#us-gaap_USStatesAndPoliticalSubdivisionsMember' xlink:label='loc_USStatesAndPoliticalSubdivisionsMember' xlink:type='locator' />
<link:loc xlink:href='../elts/us-gaap-2011-01-31.xsd#us-gaap_ForeignGovernmentDebtSecuritiesMember' xlink:label='loc_ForeignGovernmentDebtSecuritiesMember' xlink:type='locator' />
<link:loc xlink:href='../elts/us-gaap-2011-01-31.xsd#us-gaap_CorporateDebtSecuritiesMember' xlink:label='loc_CorporateDebtSecuritiesMember' xlink:type='locator' />
<link:loc xlink:href='../elts/us-gaap-2011-01-31.xsd#us-gaap_DomesticCorporateDebtSecuritiesMember' xlink:label='loc_DomesticCorporateDebtSecuritiesMember' xlink:type='locator' />
<link:loc xlink:href='../elts/us-gaap-2011-01-31.xsd#us-gaap_ForeignCorporateDebtSecuritiesMember' xlink:label='loc_ForeignCorporateDebtSecuritiesMember' xlink:type='locator' />
<link:loc xlink:href='../elts/us-gaap-2011-01-31.xsd#us-gaap_CommercialPaperNotIncludedWithCashAndCashEquivalentsMember' xlink:label='loc_CommercialPaperNotIncludedWithCashAndCashEquivalentsMember' xlink:type='locator' />
<link:loc xlink:href='../elts/us-gaap-2011-01-31.xsd#us-gaap_ConvertibleDebtSecuritiesMember' xlink:label='loc_ConvertibleDebtSecuritiesMember' xlink:type='locator' />
<link:loc xlink:href='../elts/us-gaap-2011-01-31.xsd#us-gaap_AssetBackedSecuritiesMember' xlink:label='loc_AssetBackedSecuritiesMember' xlink:type='locator' />
<link:loc xlink:href='../elts/us-gaap-2011-01-31.xsd#us-gaap_MortgageBackedSecuritiesMember' xlink:label='loc_MortgageBackedSecuritiesMember' xlink:type='locator' />
<link:loc xlink:href='../elts/us-gaap-2011-01-31.xsd#us-gaap_MortgageBackedSecuritiesIssuedByUSGovernmentSponsoredEnterprisesMember' xlink:label='loc_MortgageBackedSecuritiesIssuedByUSGovernmentSponsoredEnterprisesMember' xlink:type='locator' />
<link:loc xlink:href='../elts/us-gaap-2011-01-31.xsd#us-gaap_MortgageBackedSecuritiesIssuedByPrivateEnterprisesMember' xlink:label='loc_MortgageBackedSecuritiesIssuedByPrivateEnterprisesMember' xlink:type='locator' />
<link:loc xlink:href='../elts/us-gaap-2011-01-31.xsd#us-gaap_AssetBackedSecuritiesSecuritizedLoansAndReceivablesMember' xlink:label='loc_AssetBackedSecuritiesSecuritizedLoansAndReceivablesMember' xlink:type='locator' />
<link:loc xlink:href='../elts/us-gaap-2011-01-31.xsd#us-gaap_InterestOnlyStripMember' xlink:label='loc_InterestOnlyStripMember' xlink:type='locator' />
<link:loc xlink:href='../elts/us-gaap-2011-01-31.xsd#us-gaap_PrincipalOnlyStripMember' xlink:label='loc_PrincipalOnlyStripMember' xlink:type='locator' />
<link:loc xlink:href='../elts/us-gaap-2011-01-31.xsd#us-gaap_FixedIncomeSecuritiesMember' xlink:label='loc_FixedIncomeSecuritiesMember' xlink:type='locator' />
<link:loc xlink:href='../elts/us-gaap-2011-01-31.xsd#us-gaap_AuctionRateSecuritiesMember' xlink:label='loc_AuctionRateSecuritiesMember' xlink:type='locator' />
<link:loc xlink:href='../elts/us-gaap-2011-01-31.xsd#us-gaap_VariableRateDemandObligationMember' xlink:label='loc_VariableRateDemandObligationMember' xlink:type='locator' />
<link:loc xlink:href='../elts/us-gaap-2011-01-31.xsd#us-gaap_OtherDebtSecuritiesMember' xlink:label='loc_OtherDebtSecuritiesMember' xlink:type='locator' />
<link:loc xlink:href='../elts/us-gaap-2011-01-31.xsd#us-gaap_EquityMethodInvestmentsMember' xlink:label='loc_EquityMethodInvestmentsMember' xlink:type='locator' />
<link:loc xlink:href='../elts/us-gaap-2011-01-31.xsd#us-gaap_CostmethodInvestmentsMember' xlink:label='loc_CostmethodInvestmentsMember' xlink:type='locator' />
<link:loc xlink:href='../elts/us-gaap-2011-01-31.xsd#us-gaap_LoansReceivableMember' xlink:label='loc_LoansReceivableMember' xlink:type='locator' />
<link:loc xlink:href='../elts/us-gaap-2011-01-31.xsd#us-gaap_CashSurrenderValueMember' xlink:label='loc_CashSurrenderValueMember' xlink:type='locator' />
<link:loc xlink:href='../elts/us-gaap-2011-01-31.xsd#us-gaap_RetainedInterestMember' xlink:label='loc_RetainedInterestMember' xlink:type='locator' />
<link:loc xlink:href='../elts/us-gaap-2011-01-31.xsd#us-gaap_InvestmentInFederalHomeLoanBankStockMember' xlink:label='loc_InvestmentInFederalHomeLoanBankStockMember' xlink:type='locator' />
<link:loc xlink:href='../elts/us-gaap-2011-01-31.xsd#us-gaap_FederalFundsSoldAndSecuritiesBorrowedOrPurchasedUnderAgreementsToResellMember' xlink:label='loc_FederalFundsSoldAndSecuritiesBorrowedOrPurchasedUnderAgreementsToResellMember' xlink:type='locator' />
<link:loc xlink:href='../elts/us-gaap-2011-01-31.xsd#us-gaap_AvailableforsaleSecuritiesMember' xlink:label='loc_AvailableforsaleSecuritiesMember' xlink:type='locator' />
<link:loc xlink:href='../elts/us-gaap-2011-01-31.xsd#us-gaap_HeldtomaturitySecuritiesMember' xlink:label='loc_HeldtomaturitySecuritiesMember' xlink:type='locator' />
<link:loc xlink:href='../elts/us-gaap-2011-01-31.xsd#us-gaap_AccountsPayableMember' xlink:label='loc_AccountsPayableMember' xlink:type='locator' />
<link:loc xlink:href='../elts/us-gaap-2011-01-31.xsd#us-gaap_AccruedLiabilitiesMember' xlink:label='loc_AccruedLiabilitiesMember' xlink:type='locator' />
<link:loc xlink:href='../elts/us-gaap-2011-01-31.xsd#us-gaap_BorrowingsMember' xlink:label='loc_BorrowingsMember' xlink:type='locator' />
<link:loc xlink:href='../elts/us-gaap-2011-01-31.xsd#us-gaap_SeniorDebtObligationsMember' xlink:label='loc_SeniorDebtObligationsMember' xlink:type='locator' />
<link:loc xlink:href='../elts/us-gaap-2011-01-31.xsd#us-gaap_SubordinatedDebtObligationsMember' xlink:label='loc_SubordinatedDebtObligationsMember' xlink:type='locator' />
<link:loc xlink:href='../elts/us-gaap-2011-01-31.xsd#us-gaap_DepositsMember' xlink:label='loc_DepositsMember' xlink:type='locator' />
<link:loc xlink:href='../elts/us-gaap-2011-01-31.xsd#us-gaap_DemandDepositsMember' xlink:label='loc_DemandDepositsMember' xlink:type='locator' />
<link:loc xlink:href='../elts/us-gaap-2011-01-31.xsd#us-gaap_FederalFundsPurchasedAndSecuritiesSoldUnderAgreementsToRepurchaseMember' xlink:label='loc_FederalFundsPurchasedAndSecuritiesSoldUnderAgreementsToRepurchaseMember' xlink:type='locator' />
<link:loc xlink:href='../elts/us-gaap-2011-01-31.xsd#us-gaap_FederalFundsPurchasedMember' xlink:label='loc_FederalFundsPurchasedMember' xlink:type='locator' />
<link:loc xlink:href='../elts/us-gaap-2011-01-31.xsd#us-gaap_SecuritiesLoanedOrSoldUnderAgreementsToRepurchaseMember' xlink:label='loc_SecuritiesLoanedOrSoldUnderAgreementsToRepurchaseMember' xlink:type='locator' />
<link:loc xlink:href='../elts/us-gaap-2011-01-31.xsd#us-gaap_FederalHomeLoanBankBorrowingsMember' xlink:label='loc_FederalHomeLoanBankBorrowingsMember' xlink:type='locator' />
<link:loc xlink:href='../elts/us-gaap-2011-01-31.xsd#us-gaap_InvestmentContractsMember' xlink:label='loc_InvestmentContractsMember' xlink:type='locator' />
<link:loc xlink:href='../elts/us-gaap-2011-01-31.xsd#us-gaap_ForeignExchangeContractMember' xlink:label='loc_ForeignExchangeContractMember' xlink:type='locator' />
<link:loc xlink:href='../elts/us-gaap-2011-01-31.xsd#us-gaap_SecuritiesSoldNotYetPurchasedMember' xlink:label='loc_SecuritiesSoldNotYetPurchasedMember' xlink:type='locator' />
<link:loc xlink:href='../elts/us-gaap-2011-01-31.xsd#us-gaap_FinancialStatementLineItemsWithDifferencesInReportedAmountAndReportingCurrencyDenominatedAmountsLineItems' xlink:label='loc_FinancialStatementLineItemsWithDifferencesInReportedAmountAndReportingCurrencyDenominatedAmountsLineItems' xlink:type='locator' />
<link:loc xlink:href='../elts/us-gaap-2011-01-31.xsd#us-gaap_AssetReportingCurrencyDenominatedValue' xlink:label='loc_AssetReportingCurrencyDenominatedValue' xlink:type='locator' />
<link:loc xlink:href='../elts/us-gaap-2011-01-31.xsd#us-gaap_LiabilityReportingCurrencyDenominatedValue' xlink:label='loc_LiabilityReportingCurrencyDenominatedValue' xlink:type='locator' />
<link:loc xlink:href='../elts/us-gaap-2011-01-31.xsd#us-gaap_RevenuesAndGainsReportingCurrencyDenominatedValue' xlink:label='loc_RevenuesAndGainsReportingCurrencyDenominatedValue' xlink:type='locator' />
<link:loc xlink:href='../elts/us-gaap-2011-01-31.xsd#us-gaap_ExpensesAndLossesReportingCurrencyDenominatedValue' xlink:label='loc_ExpensesAndLossesReportingCurrencyDenominatedValue' xlink:type='locator' />
<link:loc xlink:href='../elts/us-gaap-2011-01-31.xsd#us-gaap_DifferenceBetweenReportedAmountAndReportingCurrencyDenominatedAmountValue' xlink:label='loc_DifferenceBetweenReportedAmountAndReportingCurrencyDenominatedAmountValue' xlink:type='locator' />
<link:loc xlink:href='../elts/us-gaap-2011-01-31.xsd#us-gaap_AmountRecognizedInIncomeDueToInflationaryAccounting' xlink:label='loc_AmountRecognizedInIncomeDueToInflationaryAccounting' xlink:type='locator' />
<link:loc xlink:href='../elts/us-gaap-2011-01-31.xsd#us-gaap_ForeignCurrencyExchangeRateRemeasurement' xlink:label='loc_ForeignCurrencyExchangeRateRemeasurement' xlink:type='locator' />
<link:loc xlink:href='../elts/us-gaap-2011-01-31.xsd#us-gaap_ForeignCurrencyExchangeRateTranslation' xlink:label='loc_ForeignCurrencyExchangeRateTranslation' xlink:type='locator' />
<link:loc xlink:href='../elts/us-gaap-2011-01-31.xsd#us-gaap_DescriptionOfDifferenceBetweenReportedAmountAndReportingCurrencyDenominatedAmount' xlink:label='loc_DescriptionOfDifferenceBetweenReportedAmountAndReportingCurrencyDenominatedAmount' xlink:type='locator' />
<presentationArc order='10' xlink:arcrole='http://www.xbrl.org/2003/arcrole/parent-child' xlink:from='loc_ForeignCurrencyAbstract' xlink:to='loc_ForeignCurrencyDisclosureTextBlock' xlink:type='arc' />
<presentationArc order='10' use='optional' xlink:arcrole='http://www.xbrl.org/2003/arcrole/parent-child' xlink:from='loc_ForeignCurrencyDisclosureTextBlock' xlink:to='loc_ForeignCurrencyTransactionAbstract' xlink:type='arc' />
<presentationArc order='10' use='optional' xlink:arcrole='http://www.xbrl.org/2003/arcrole/parent-child' xlink:from='loc_ForeignCurrencyTransactionAbstract' xlink:to='loc_ForeignCurrencyTransactionsDescription' xlink:type='arc' />
<presentationArc order='20' xlink:arcrole='http://www.xbrl.org/2003/arcrole/parent-child' xlink:from='loc_ForeignCurrencyTransactionAbstract' xlink:to='loc_ForeignCurrencyTransactionGainLossBeforeTaxAbstract' xlink:type='arc' />
<presentationArc order='10' xlink:arcrole='http://www.xbrl.org/2003/arcrole/parent-child' xlink:from='loc_ForeignCurrencyTransactionGainLossBeforeTaxAbstract' xlink:to='loc_ForeignCurrencyTransactionGainBeforeTax' xlink:type='arc' />
<presentationArc order='20' xlink:arcrole='http://www.xbrl.org/2003/arcrole/parent-child' xlink:from='loc_ForeignCurrencyTransactionGainLossBeforeTaxAbstract' xlink:to='loc_ForeignCurrencyTransactionLossBeforeTax' xlink:type='arc' />
<presentationArc order='30' preferredLabel='http://www.xbrl.org/2003/role/totalLabel' xlink:arcrole='http://www.xbrl.org/2003/arcrole/parent-child' xlink:from='loc_ForeignCurrencyTransactionGainLossBeforeTaxAbstract' xlink:to='loc_ForeignCurrencyTransactionGainLossBeforeTax' xlink:type='arc' />
<presentationArc order='30' xlink:arcrole='http://www.xbrl.org/2003/arcrole/parent-child' xlink:from='loc_ForeignCurrencyTransactionAbstract' xlink:to='loc_ForeignCurrencyTransactionGainLossUnrealized' xlink:type='arc' />
<presentationArc order='40' xlink:arcrole='http://www.xbrl.org/2003/arcrole/parent-child' xlink:from='loc_ForeignCurrencyTransactionAbstract' xlink:to='loc_ForeignCurrencyTransactionGainLossRealized' xlink:type='arc' />
<presentationArc order='20' use='optional' xlink:arcrole='http://www.xbrl.org/2003/arcrole/parent-child' xlink:from='loc_ForeignCurrencyDisclosureTextBlock' xlink:to='loc_ForeignCurrencyTranslationAbstract' xlink:type='arc' />
<presentationArc order='10' use='optional' xlink:arcrole='http://www.xbrl.org/2003/arcrole/parent-child' xlink:from='loc_ForeignCurrencyTranslationAbstract' xlink:to='loc_ForeignCurrencyTranslationAdjustmentDescription' xlink:type='arc' />
<presentationArc order='10' use='optional' xlink:arcrole='http://www.xbrl.org/2003/arcrole/parent-child' xlink:from='loc_ForeignCurrencyTranslationAdjustmentDescription' xlink:to='loc_ExplanationOfChangeInCumulativeTranslationAdjustment' xlink:type='arc' />
<presentationArc order='20' xlink:arcrole='http://www.xbrl.org/2003/arcrole/parent-child' xlink:from='loc_ForeignCurrencyTranslationAbstract' xlink:to='loc_DescriptionOfEffectOfSubsequentForeignCurrencyExchangeRateChange' xlink:type='arc' />
<presentationArc order='30' xlink:arcrole='http://www.xbrl.org/2003/arcrole/parent-child' xlink:from='loc_ForeignCurrencyTranslationAbstract' xlink:to='loc_OtherComprehensiveIncomeForeignCurrencyTransactionAndTranslationAdjustmentBeforeTaxPeriodIncreaseDecreaseAbstract' xlink:type='arc' />
<presentationArc order='10' xlink:arcrole='http://www.xbrl.org/2003/arcrole/parent-child' xlink:from='loc_OtherComprehensiveIncomeForeignCurrencyTransactionAndTranslationAdjustmentBeforeTaxPeriodIncreaseDecreaseAbstract' xlink:to='loc_OtherComprehensiveIncomeForeignCurrencyTransactionAndTranslationReclassificationAdjustmentRealizedUponSaleOrLiquidationBeforeTax' xlink:type='arc' />
<presentationArc order='20' xlink:arcrole='http://www.xbrl.org/2003/arcrole/parent-child' xlink:from='loc_OtherComprehensiveIncomeForeignCurrencyTransactionAndTranslationAdjustmentBeforeTaxPeriodIncreaseDecreaseAbstract' xlink:to='loc_OtherComprehensiveIncomeForeignCurrencyTransactionAndTranslationGainLossBeforeReclassificationAndTax' xlink:type='arc' />
<presentationArc order='30' preferredLabel='http://www.xbrl.org/2003/role/totalLabel' xlink:arcrole='http://www.xbrl.org/2003/arcrole/parent-child' xlink:from='loc_OtherComprehensiveIncomeForeignCurrencyTransactionAndTranslationAdjustmentBeforeTaxPeriodIncreaseDecreaseAbstract' xlink:to='loc_OtherComprehensiveIncomeForeignCurrencyTransactionAndTranslationAdjustmentBeforeTaxPeriodIncreaseDecrease' xlink:type='arc' />
<presentationArc order='40' use='optional' xlink:arcrole='http://www.xbrl.org/2003/arcrole/parent-child' xlink:from='loc_ForeignCurrencyTranslationAbstract' xlink:to='loc_CumulativeTranslationAdjustmentSummaryRollForward' xlink:type='arc' />
<presentationArc order='10' preferredLabel='http://www.xbrl.org/2003/role/periodStartLabel' use='optional' xlink:arcrole='http://www.xbrl.org/2003/arcrole/parent-child' xlink:from='loc_CumulativeTranslationAdjustmentSummaryRollForward' xlink:to='loc_AccumulatedOtherComprehensiveIncomeLossForeignCurrencyTranslationAdjustmentNetOfTax' xlink:type='arc' />
<presentationArc order='20' xlink:arcrole='http://www.xbrl.org/2003/arcrole/parent-child' xlink:from='loc_CumulativeTranslationAdjustmentSummaryRollForward' xlink:to='loc_OtherComprehensiveIncomeForeignCurrencyTransactionAndTranslationGainLossBeforeReclassificationAndTax' xlink:type='arc' />
<presentationArc order='30' xlink:arcrole='http://www.xbrl.org/2003/arcrole/parent-child' xlink:from='loc_CumulativeTranslationAdjustmentSummaryRollForward' xlink:to='loc_OtherComprehensiveIncomeForeignCurrencyTranslationGainLossArisingDuringPeriodTax' xlink:type='arc' />
<presentationArc order='40' xlink:arcrole='http://www.xbrl.org/2003/arcrole/parent-child' xlink:from='loc_CumulativeTranslationAdjustmentSummaryRollForward' xlink:to='loc_OtherComprehensiveIncomeForeignCurrencyTransactionAndTranslationReclassificationAdjustmentRealizedUponSaleOrLiquidationNetOfTax' xlink:type='arc' />
<presentationArc order='50' preferredLabel='http://www.xbrl.org/2003/role/totalLabel' xlink:arcrole='http://www.xbrl.org/2003/arcrole/parent-child' xlink:from='loc_CumulativeTranslationAdjustmentSummaryRollForward' xlink:to='loc_CumulativeTranslationAdjustmentNetOfTaxPeriodIncreaseDecrease' xlink:type='arc' />
<presentationArc order='60' preferredLabel='http://www.xbrl.org/2003/role/periodEndLabel' use='optional' xlink:arcrole='http://www.xbrl.org/2003/arcrole/parent-child' xlink:from='loc_CumulativeTranslationAdjustmentSummaryRollForward' xlink:to='loc_AccumulatedOtherComprehensiveIncomeLossForeignCurrencyTranslationAdjustmentNetOfTax_1' xlink:type='arc' />
<presentationArc order='50' use='optional' xlink:arcrole='http://www.xbrl.org/2003/arcrole/parent-child' xlink:from='loc_ForeignCurrencyTranslationAbstract' xlink:to='loc_ForeignCurrencyTranslationAdjustmentByComponentAbstract' xlink:type='arc' />
<presentationArc order='10' use='optional' xlink:arcrole='http://www.xbrl.org/2003/arcrole/parent-child' xlink:from='loc_ForeignCurrencyTranslationAdjustmentByComponentAbstract' xlink:to='loc_TranslationAdjustmentFunctionalToReportingCurrencyRollForward' xlink:type='arc' />
<presentationArc order='10' preferredLabel='http://www.xbrl.org/2003/role/periodStartLabel' use='optional' xlink:arcrole='http://www.xbrl.org/2003/arcrole/parent-child' xlink:from='loc_TranslationAdjustmentFunctionalToReportingCurrencyRollForward' xlink:to='loc_TranslationAdjustmentFunctionalToReportingCurrencyNetOfTax' xlink:type='arc' />
<presentationArc order='20' use='optional' xlink:arcrole='http://www.xbrl.org/2003/arcrole/parent-child' xlink:from='loc_TranslationAdjustmentFunctionalToReportingCurrencyRollForward' xlink:to='loc_TranslationAdjustmentFunctionalToReportingCurrencyIncreaseDecreaseGrossOfTax' xlink:type='arc' />
<presentationArc order='30' use='optional' xlink:arcrole='http://www.xbrl.org/2003/arcrole/parent-child' xlink:from='loc_TranslationAdjustmentFunctionalToReportingCurrencyRollForward' xlink:to='loc_TranslationAdjustmentFunctionalToReportingCurrencyTaxBenefitExpense' xlink:type='arc' />
<presentationArc order='40' use='optional' xlink:arcrole='http://www.xbrl.org/2003/arcrole/parent-child' xlink:from='loc_TranslationAdjustmentFunctionalToReportingCurrencyRollForward' xlink:to='loc_TranslationAdjustmentFunctionalToReportingCurrencyLossGainOnReclassifiedOfEarningsNetOfTax' xlink:type='arc' />
<presentationArc order='50' preferredLabel='http://www.xbrl.org/2003/role/totalLabel' xlink:arcrole='http://www.xbrl.org/2003/arcrole/parent-child' xlink:from='loc_TranslationAdjustmentFunctionalToReportingCurrencyRollForward' xlink:to='loc_TranslationAdjustmentFunctionalToReportingCurrencyNetOfTaxPeriodIncreaseDecrease' xlink:type='arc' />
<presentationArc order='60' preferredLabel='http://www.xbrl.org/2003/role/periodEndLabel' use='optional' xlink:arcrole='http://www.xbrl.org/2003/arcrole/parent-child' xlink:from='loc_TranslationAdjustmentFunctionalToReportingCurrencyRollForward' xlink:to='loc_TranslationAdjustmentFunctionalToReportingCurrencyNetOfTax_1' xlink:type='arc' />
<presentationArc order='20' use='optional' xlink:arcrole='http://www.xbrl.org/2003/arcrole/parent-child' xlink:from='loc_ForeignCurrencyTranslationAdjustmentByComponentAbstract' xlink:to='loc_TranslationAdjustmentForNetInvestmentHedgeRollForward' xlink:type='arc' />
<presentationArc order='10' preferredLabel='http://www.xbrl.org/2003/role/periodStartLabel' use='optional' xlink:arcrole='http://www.xbrl.org/2003/arcrole/parent-child' xlink:from='loc_TranslationAdjustmentForNetInvestmentHedgeRollForward' xlink:to='loc_TranslationAdjustmentForNetInvestmentHedgeNetOfTax' xlink:type='arc' />
<presentationArc order='20' use='optional' xlink:arcrole='http://www.xbrl.org/2003/arcrole/parent-child' xlink:from='loc_TranslationAdjustmentForNetInvestmentHedgeRollForward' xlink:to='loc_TranslationAdjustmentForNetInvestmentHedgeIncreaseDecreaseGrossOfTax' xlink:type='arc' />
<presentationArc order='30' use='optional' xlink:arcrole='http://www.xbrl.org/2003/arcrole/parent-child' xlink:from='loc_TranslationAdjustmentForNetInvestmentHedgeRollForward' xlink:to='loc_TranslationAdjustmentForNetInvestmentHedgeTaxBenefitExpense' xlink:type='arc' />
<presentationArc order='40' use='optional' xlink:arcrole='http://www.xbrl.org/2003/arcrole/parent-child' xlink:from='loc_TranslationAdjustmentForNetInvestmentHedgeRollForward' xlink:to='loc_TranslationAdjustmentForNetInvestmentHedgeLossGainOnReclassifiedOfEarningsNetOfTax' xlink:type='arc' />
<presentationArc order='50' preferredLabel='http://www.xbrl.org/2003/role/totalLabel' xlink:arcrole='http://www.xbrl.org/2003/arcrole/parent-child' xlink:from='loc_TranslationAdjustmentForNetInvestmentHedgeRollForward' xlink:to='loc_TranslationAdjustmentForNetInvestmentHedgeNetOfTaxPeriodIncreaseDecrease' xlink:type='arc' />
<presentationArc order='60' preferredLabel='http://www.xbrl.org/2003/role/periodEndLabel' use='optional' xlink:arcrole='http://www.xbrl.org/2003/arcrole/parent-child' xlink:from='loc_TranslationAdjustmentForNetInvestmentHedgeRollForward' xlink:to='loc_TranslationAdjustmentForNetInvestmentHedgeNetOfTax_1' xlink:type='arc' />
<presentationArc order='30' xlink:arcrole='http://www.xbrl.org/2003/arcrole/parent-child' xlink:from='loc_ForeignCurrencyTranslationAdjustmentByComponentAbstract' xlink:to='loc_DescriptionOfLongTermIntercompanyTransactions' xlink:type='arc' />
<presentationArc order='40' use='optional' xlink:arcrole='http://www.xbrl.org/2003/arcrole/parent-child' xlink:from='loc_ForeignCurrencyTranslationAdjustmentByComponentAbstract' xlink:to='loc_AdjustmentForLongTermIntercompanyTransactionsNetOfTaxAbstract' xlink:type='arc' />
<presentationArc order='10' use='optional' xlink:arcrole='http://www.xbrl.org/2003/arcrole/parent-child' xlink:from='loc_AdjustmentForLongTermIntercompanyTransactionsNetOfTaxAbstract' xlink:to='loc_AdjustmentForLongTermIntercompanyTransactionsGrossOfTax' xlink:type='arc' />
<presentationArc order='20' use='optional' xlink:arcrole='http://www.xbrl.org/2003/arcrole/parent-child' xlink:from='loc_AdjustmentForLongTermIntercompanyTransactionsNetOfTaxAbstract' xlink:to='loc_AdjustmentForLongTermIntercompanyTransactionsTaxBenefitExpense' xlink:type='arc' />
<presentationArc order='30' preferredLabel='http://www.xbrl.org/2003/role/totalLabel' xlink:arcrole='http://www.xbrl.org/2003/arcrole/parent-child' xlink:from='loc_AdjustmentForLongTermIntercompanyTransactionsNetOfTaxAbstract' xlink:to='loc_AdjustmentForLongTermIntercompanyTransactionsNetOfTax' xlink:type='arc' />
<presentationArc order='50' xlink:arcrole='http://www.xbrl.org/2003/arcrole/parent-child' xlink:from='loc_ForeignCurrencyTranslationAdjustmentByComponentAbstract' xlink:to='loc_ScheduleOfIntercompanyForeignCurrencyBalancesTextBlock' xlink:type='arc' />
<presentationArc order='10' use='optional' xlink:arcrole='http://www.xbrl.org/2003/arcrole/parent-child' xlink:from='loc_ScheduleOfIntercompanyForeignCurrencyBalancesTextBlock' xlink:to='loc_ScheduleOfIntercompanyForeignCurrencyBalanceTable' xlink:type='arc' />
<presentationArc order='10' use='optional' xlink:arcrole='http://www.xbrl.org/2003/arcrole/parent-child' xlink:from='loc_ScheduleOfIntercompanyForeignCurrencyBalanceTable' xlink:to='loc_IntercompanyForeignCurrencyBalanceByDescriptionAxis' xlink:type='arc' />
<presentationArc order='10' use='optional' xlink:arcrole='http://www.xbrl.org/2003/arcrole/parent-child' xlink:from='loc_IntercompanyForeignCurrencyBalanceByDescriptionAxis' xlink:to='loc_IntercompanyForeignCurrencyBalanceNameDomain' xlink:type='arc' />
<presentationArc order='20' use='optional' xlink:arcrole='http://www.xbrl.org/2003/arcrole/parent-child' xlink:from='loc_ScheduleOfIntercompanyForeignCurrencyBalanceTable' xlink:to='loc_IntercompanyForeignCurrencyBalanceLineItems' xlink:type='arc' />
<presentationArc order='10' use='optional' xlink:arcrole='http://www.xbrl.org/2003/arcrole/parent-child' xlink:from='loc_IntercompanyForeignCurrencyBalanceLineItems' xlink:to='loc_IntercompanyForeignCurrencyBalanceForeignCurrency' xlink:type='arc' />
<presentationArc order='20' use='optional' xlink:arcrole='http://www.xbrl.org/2003/arcrole/parent-child' xlink:from='loc_IntercompanyForeignCurrencyBalanceLineItems' xlink:to='loc_IntercompanyForeignCurrencyBalanceAmount' xlink:type='arc' />
<presentationArc order='60' xlink:arcrole='http://www.xbrl.org/2003/arcrole/parent-child' xlink:from='loc_ForeignCurrencyTranslationAbstract' xlink:to='loc_MultipleForeignCurrencyExchangeRatesAbstract' xlink:type='arc' />
<presentationArc order='10' xlink:arcrole='http://www.xbrl.org/2003/arcrole/parent-child' xlink:from='loc_MultipleForeignCurrencyExchangeRatesAbstract' xlink:to='loc_ScheduleOfDifferencesBetweenReportedAmountAndReportingCurrencyDenominatedAmountTableTextBlock' xlink:type='arc' />
<presentationArc order='10' xlink:arcrole='http://www.xbrl.org/2003/arcrole/parent-child' xlink:from='loc_ScheduleOfDifferencesBetweenReportedAmountAndReportingCurrencyDenominatedAmountTableTextBlock' xlink:to='loc_ScheduleOfDifferencesBetweenReportedAmountAndReportingCurrencyDenominatedAmountTable' xlink:type='arc' />
<presentationArc order='10' xlink:arcrole='http://www.xbrl.org/2003/arcrole/parent-child' xlink:from='loc_ScheduleOfDifferencesBetweenReportedAmountAndReportingCurrencyDenominatedAmountTable' xlink:to='loc_InformationByFinancialStatementLineItemAxis' xlink:type='arc' />
<presentationArc order='10' xlink:arcrole='http://www.xbrl.org/2003/arcrole/parent-child' xlink:from='loc_InformationByFinancialStatementLineItemAxis' xlink:to='loc_FinancialStatementLineItemsWithDifferencesInReportedAmountAndReportingCurrencyDenominatedAmountsDomain' xlink:type='arc' />
<presentationArc order='10' xlink:arcrole='http://www.xbrl.org/2003/arcrole/parent-child' xlink:from='loc_FinancialStatementLineItemsWithDifferencesInReportedAmountAndReportingCurrencyDenominatedAmountsDomain' xlink:to='loc_CashAndCashEquivalentsMember' xlink:type='arc' />
<presentationArc order='10' xlink:arcrole='http://www.xbrl.org/2003/arcrole/parent-child' xlink:from='loc_CashAndCashEquivalentsMember' xlink:to='loc_CashMember' xlink:type='arc' />
<presentationArc order='20' xlink:arcrole='http://www.xbrl.org/2003/arcrole/parent-child' xlink:from='loc_CashAndCashEquivalentsMember' xlink:to='loc_CashEquivalentsMember' xlink:type='arc' />
<presentationArc order='10' xlink:arcrole='http://www.xbrl.org/2003/arcrole/parent-child' xlink:from='loc_CashEquivalentsMember' xlink:to='loc_MoneyMarketFundsMember' xlink:type='arc' />
<presentationArc order='20' xlink:arcrole='http://www.xbrl.org/2003/arcrole/parent-child' xlink:from='loc_CashEquivalentsMember' xlink:to='loc_USTreasurySecuritiesMember' xlink:type='arc' />
<presentationArc order='30' xlink:arcrole='http://www.xbrl.org/2003/arcrole/parent-child' xlink:from='loc_CashEquivalentsMember' xlink:to='loc_CommercialPaperMember' xlink:type='arc' />
<presentationArc order='40' xlink:arcrole='http://www.xbrl.org/2003/arcrole/parent-child' xlink:from='loc_CashEquivalentsMember' xlink:to='loc_BankersAcceptanceMember' xlink:type='arc' />
<presentationArc order='50' xlink:arcrole='http://www.xbrl.org/2003/arcrole/parent-child' xlink:from='loc_CashEquivalentsMember' xlink:to='loc_InterestBearingDepositsMember' xlink:type='arc' />
<presentationArc order='10' xlink:arcrole='http://www.xbrl.org/2003/arcrole/parent-child' xlink:from='loc_InterestBearingDepositsMember' xlink:to='loc_BankTimeDepositsMember' xlink:type='arc' />
<presentationArc order='20' xlink:arcrole='http://www.xbrl.org/2003/arcrole/parent-child' xlink:from='loc_InterestBearingDepositsMember' xlink:to='loc_CertificatesOfDepositMember' xlink:type='arc' />
<presentationArc order='20' xlink:arcrole='http://www.xbrl.org/2003/arcrole/parent-child' xlink:from='loc_FinancialStatementLineItemsWithDifferencesInReportedAmountAndReportingCurrencyDenominatedAmountsDomain' xlink:to='loc_AccountsReceivableMember' xlink:type='arc' />
<presentationArc order='30' xlink:arcrole='http://www.xbrl.org/2003/arcrole/parent-child' xlink:from='loc_FinancialStatementLineItemsWithDifferencesInReportedAmountAndReportingCurrencyDenominatedAmountsDomain' xlink:to='loc_NotesReceivableMember' xlink:type='arc' />
<presentationArc order='40' xlink:arcrole='http://www.xbrl.org/2003/arcrole/parent-child' xlink:from='loc_FinancialStatementLineItemsWithDifferencesInReportedAmountAndReportingCurrencyDenominatedAmountsDomain' xlink:to='loc_PremiumsReceivableMember' xlink:type='arc' />
<presentationArc order='50' xlink:arcrole='http://www.xbrl.org/2003/arcrole/parent-child' xlink:from='loc_FinancialStatementLineItemsWithDifferencesInReportedAmountAndReportingCurrencyDenominatedAmountsDomain' xlink:to='loc_InvestmentsMember' xlink:type='arc' />
<presentationArc order='10' xlink:arcrole='http://www.xbrl.org/2003/arcrole/parent-child' xlink:from='loc_InvestmentsMember' xlink:to='loc_SecuritiesAssetsMember' xlink:type='arc' />
<presentationArc order='10' xlink:arcrole='http://www.xbrl.org/2003/arcrole/parent-child' xlink:from='loc_SecuritiesAssetsMember' xlink:to='loc_EquitySecuritiesMember' xlink:type='arc' />
<presentationArc order='10' xlink:arcrole='http://www.xbrl.org/2003/arcrole/parent-child' xlink:from='loc_EquitySecuritiesMember' xlink:to='loc_CommonStockMember' xlink:type='arc' />
<presentationArc order='20' xlink:arcrole='http://www.xbrl.org/2003/arcrole/parent-child' xlink:from='loc_EquitySecuritiesMember' xlink:to='loc_PreferredStockMember' xlink:type='arc' />
<presentationArc order='10' xlink:arcrole='http://www.xbrl.org/2003/arcrole/parent-child' xlink:from='loc_PreferredStockMember' xlink:to='loc_NonredeemablePreferredStockMember' xlink:type='arc' />
<presentationArc order='20' xlink:arcrole='http://www.xbrl.org/2003/arcrole/parent-child' xlink:from='loc_PreferredStockMember' xlink:to='loc_RedeemablePreferredStockMember' xlink:type='arc' />
<presentationArc order='30' xlink:arcrole='http://www.xbrl.org/2003/arcrole/parent-child' xlink:from='loc_PreferredStockMember' xlink:to='loc_ConvertiblePreferredStockMember' xlink:type='arc' />
<presentationArc order='30' xlink:arcrole='http://www.xbrl.org/2003/arcrole/parent-child' xlink:from='loc_EquitySecuritiesMember' xlink:to='loc_PreferredNonConvertibleStockMember' xlink:type='arc' />
<presentationArc order='40' xlink:arcrole='http://www.xbrl.org/2003/arcrole/parent-child' xlink:from='loc_EquitySecuritiesMember' xlink:to='loc_ConvertiblePreferredStockMember' xlink:type='arc' />
<presentationArc order='50' xlink:arcrole='http://www.xbrl.org/2003/arcrole/parent-child' xlink:from='loc_EquitySecuritiesMember' xlink:to='loc_RedeemablePreferredStockMember' xlink:type='arc' />
<presentationArc order='60' xlink:arcrole='http://www.xbrl.org/2003/arcrole/parent-child' xlink:from='loc_EquitySecuritiesMember' xlink:to='loc_RightsMember' xlink:type='arc' />
<presentationArc order='70' xlink:arcrole='http://www.xbrl.org/2003/arcrole/parent-child' xlink:from='loc_EquitySecuritiesMember' xlink:to='loc_WarrantsMember' xlink:type='arc' />
<presentationArc order='20' xlink:arcrole='http://www.xbrl.org/2003/arcrole/parent-child' xlink:from='loc_SecuritiesAssetsMember' xlink:to='loc_DebtSecuritiesMember' xlink:type='arc' />
<presentationArc order='10' xlink:arcrole='http://www.xbrl.org/2003/arcrole/parent-child' xlink:from='loc_DebtSecuritiesMember' xlink:to='loc_USTreasuryAndGovernmentMember' xlink:type='arc' />
<presentationArc order='10' xlink:arcrole='http://www.xbrl.org/2003/arcrole/parent-child' xlink:from='loc_USTreasuryAndGovernmentMember' xlink:to='loc_USTreasurySecuritiesMember' xlink:type='arc' />
<presentationArc order='20' xlink:arcrole='http://www.xbrl.org/2003/arcrole/parent-child' xlink:from='loc_USTreasuryAndGovernmentMember' xlink:to='loc_USGovernmentAgenciesDebtSecuritiesMember' xlink:type='arc' />
<presentationArc order='30' xlink:arcrole='http://www.xbrl.org/2003/arcrole/parent-child' xlink:from='loc_USTreasuryAndGovernmentMember' xlink:to='loc_USGovernmentSponsoredEnterprisesDebtSecuritiesMember' xlink:type='arc' />
<presentationArc order='20' xlink:arcrole='http://www.xbrl.org/2003/arcrole/parent-child' xlink:from='loc_DebtSecuritiesMember' xlink:to='loc_USStatesAndPoliticalSubdivisionsMember' xlink:type='arc' />
<presentationArc order='30' xlink:arcrole='http://www.xbrl.org/2003/arcrole/parent-child' xlink:from='loc_DebtSecuritiesMember' xlink:to='loc_ForeignGovernmentDebtSecuritiesMember' xlink:type='arc' />
<presentationArc order='40' xlink:arcrole='http://www.xbrl.org/2003/arcrole/parent-child' xlink:from='loc_DebtSecuritiesMember' xlink:to='loc_CorporateDebtSecuritiesMember' xlink:type='arc' />
<presentationArc order='10' xlink:arcrole='http://www.xbrl.org/2003/arcrole/parent-child' xlink:from='loc_CorporateDebtSecuritiesMember' xlink:to='loc_DomesticCorporateDebtSecuritiesMember' xlink:type='arc' />
<presentationArc order='20' xlink:arcrole='http://www.xbrl.org/2003/arcrole/parent-child' xlink:from='loc_CorporateDebtSecuritiesMember' xlink:to='loc_ForeignCorporateDebtSecuritiesMember' xlink:type='arc' />
<presentationArc order='30' xlink:arcrole='http://www.xbrl.org/2003/arcrole/parent-child' xlink:from='loc_CorporateDebtSecuritiesMember' xlink:to='loc_CommercialPaperNotIncludedWithCashAndCashEquivalentsMember' xlink:type='arc' />
<presentationArc order='40' xlink:arcrole='http://www.xbrl.org/2003/arcrole/parent-child' xlink:from='loc_CorporateDebtSecuritiesMember' xlink:to='loc_ConvertibleDebtSecuritiesMember' xlink:type='arc' />
<presentationArc order='50' xlink:arcrole='http://www.xbrl.org/2003/arcrole/parent-child' xlink:from='loc_DebtSecuritiesMember' xlink:to='loc_AssetBackedSecuritiesMember' xlink:type='arc' />
<presentationArc order='10' xlink:arcrole='http://www.xbrl.org/2003/arcrole/parent-child' xlink:from='loc_AssetBackedSecuritiesMember' xlink:to='loc_MortgageBackedSecuritiesMember' xlink:type='arc' />
<presentationArc order='10' xlink:arcrole='http://www.xbrl.org/2003/arcrole/parent-child' xlink:from='loc_MortgageBackedSecuritiesMember' xlink:to='loc_MortgageBackedSecuritiesIssuedByUSGovernmentSponsoredEnterprisesMember' xlink:type='arc' />
<presentationArc order='20' xlink:arcrole='http://www.xbrl.org/2003/arcrole/parent-child' xlink:from='loc_MortgageBackedSecuritiesMember' xlink:to='loc_MortgageBackedSecuritiesIssuedByPrivateEnterprisesMember' xlink:type='arc' />
<presentationArc order='20' xlink:arcrole='http://www.xbrl.org/2003/arcrole/parent-child' xlink:from='loc_AssetBackedSecuritiesMember' xlink:to='loc_AssetBackedSecuritiesSecuritizedLoansAndReceivablesMember' xlink:type='arc' />
<presentationArc order='30' xlink:arcrole='http://www.xbrl.org/2003/arcrole/parent-child' xlink:from='loc_AssetBackedSecuritiesMember' xlink:to='loc_InterestOnlyStripMember' xlink:type='arc' />
<presentationArc order='40' xlink:arcrole='http://www.xbrl.org/2003/arcrole/parent-child' xlink:from='loc_AssetBackedSecuritiesMember' xlink:to='loc_PrincipalOnlyStripMember' xlink:type='arc' />
<presentationArc order='60' xlink:arcrole='http://www.xbrl.org/2003/arcrole/parent-child' xlink:from='loc_DebtSecuritiesMember' xlink:to='loc_FixedIncomeSecuritiesMember' xlink:type='arc' />
<presentationArc order='70' xlink:arcrole='http://www.xbrl.org/2003/arcrole/parent-child' xlink:from='loc_DebtSecuritiesMember' xlink:to='loc_AuctionRateSecuritiesMember' xlink:type='arc' />
<presentationArc order='80' xlink:arcrole='http://www.xbrl.org/2003/arcrole/parent-child' xlink:from='loc_DebtSecuritiesMember' xlink:to='loc_VariableRateDemandObligationMember' xlink:type='arc' />
<presentationArc order='90' xlink:arcrole='http://www.xbrl.org/2003/arcrole/parent-child' xlink:from='loc_DebtSecuritiesMember' xlink:to='loc_OtherDebtSecuritiesMember' xlink:type='arc' />
<presentationArc order='60' xlink:arcrole='http://www.xbrl.org/2003/arcrole/parent-child' xlink:from='loc_FinancialStatementLineItemsWithDifferencesInReportedAmountAndReportingCurrencyDenominatedAmountsDomain' xlink:to='loc_EquityMethodInvestmentsMember' xlink:type='arc' />
<presentationArc order='70' xlink:arcrole='http://www.xbrl.org/2003/arcrole/parent-child' xlink:from='loc_FinancialStatementLineItemsWithDifferencesInReportedAmountAndReportingCurrencyDenominatedAmountsDomain' xlink:to='loc_CostmethodInvestmentsMember' xlink:type='arc' />
<presentationArc order='80' xlink:arcrole='http://www.xbrl.org/2003/arcrole/parent-child' xlink:from='loc_FinancialStatementLineItemsWithDifferencesInReportedAmountAndReportingCurrencyDenominatedAmountsDomain' xlink:to='loc_LoansReceivableMember' xlink:type='arc' />
<presentationArc order='90' xlink:arcrole='http://www.xbrl.org/2003/arcrole/parent-child' xlink:from='loc_FinancialStatementLineItemsWithDifferencesInReportedAmountAndReportingCurrencyDenominatedAmountsDomain' xlink:to='loc_CashSurrenderValueMember' xlink:type='arc' />
<presentationArc order='100' xlink:arcrole='http://www.xbrl.org/2003/arcrole/parent-child' xlink:from='loc_FinancialStatementLineItemsWithDifferencesInReportedAmountAndReportingCurrencyDenominatedAmountsDomain' xlink:to='loc_RetainedInterestMember' xlink:type='arc' />
<presentationArc order='110' xlink:arcrole='http://www.xbrl.org/2003/arcrole/parent-child' xlink:from='loc_FinancialStatementLineItemsWithDifferencesInReportedAmountAndReportingCurrencyDenominatedAmountsDomain' xlink:to='loc_InvestmentInFederalHomeLoanBankStockMember' xlink:type='arc' />
<presentationArc order='120' xlink:arcrole='http://www.xbrl.org/2003/arcrole/parent-child' xlink:from='loc_FinancialStatementLineItemsWithDifferencesInReportedAmountAndReportingCurrencyDenominatedAmountsDomain' xlink:to='loc_FederalFundsSoldAndSecuritiesBorrowedOrPurchasedUnderAgreementsToResellMember' xlink:type='arc' />
<presentationArc order='130' xlink:arcrole='http://www.xbrl.org/2003/arcrole/parent-child' xlink:from='loc_FinancialStatementLineItemsWithDifferencesInReportedAmountAndReportingCurrencyDenominatedAmountsDomain' xlink:to='loc_AvailableforsaleSecuritiesMember' xlink:type='arc' />
<presentationArc order='140' xlink:arcrole='http://www.xbrl.org/2003/arcrole/parent-child' xlink:from='loc_FinancialStatementLineItemsWithDifferencesInReportedAmountAndReportingCurrencyDenominatedAmountsDomain' xlink:to='loc_HeldtomaturitySecuritiesMember' xlink:type='arc' />
<presentationArc order='150' xlink:arcrole='http://www.xbrl.org/2003/arcrole/parent-child' xlink:from='loc_FinancialStatementLineItemsWithDifferencesInReportedAmountAndReportingCurrencyDenominatedAmountsDomain' xlink:to='loc_AccountsPayableMember' xlink:type='arc' />
<presentationArc order='160' xlink:arcrole='http://www.xbrl.org/2003/arcrole/parent-child' xlink:from='loc_FinancialStatementLineItemsWithDifferencesInReportedAmountAndReportingCurrencyDenominatedAmountsDomain' xlink:to='loc_AccruedLiabilitiesMember' xlink:type='arc' />
<presentationArc order='170' xlink:arcrole='http://www.xbrl.org/2003/arcrole/parent-child' xlink:from='loc_FinancialStatementLineItemsWithDifferencesInReportedAmountAndReportingCurrencyDenominatedAmountsDomain' xlink:to='loc_BorrowingsMember' xlink:type='arc' />
<presentationArc order='180' xlink:arcrole='http://www.xbrl.org/2003/arcrole/parent-child' xlink:from='loc_FinancialStatementLineItemsWithDifferencesInReportedAmountAndReportingCurrencyDenominatedAmountsDomain' xlink:to='loc_SeniorDebtObligationsMember' xlink:type='arc' />
<presentationArc order='190' xlink:arcrole='http://www.xbrl.org/2003/arcrole/parent-child' xlink:from='loc_FinancialStatementLineItemsWithDifferencesInReportedAmountAndReportingCurrencyDenominatedAmountsDomain' xlink:to='loc_SubordinatedDebtObligationsMember' xlink:type='arc' />
<presentationArc order='200' xlink:arcrole='http://www.xbrl.org/2003/arcrole/parent-child' xlink:from='loc_FinancialStatementLineItemsWithDifferencesInReportedAmountAndReportingCurrencyDenominatedAmountsDomain' xlink:to='loc_DepositsMember' xlink:type='arc' />
<presentationArc order='10' xlink:arcrole='http://www.xbrl.org/2003/arcrole/parent-child' xlink:from='loc_DepositsMember' xlink:to='loc_DemandDepositsMember' xlink:type='arc' />
<presentationArc order='210' xlink:arcrole='http://www.xbrl.org/2003/arcrole/parent-child' xlink:from='loc_FinancialStatementLineItemsWithDifferencesInReportedAmountAndReportingCurrencyDenominatedAmountsDomain' xlink:to='loc_FederalFundsPurchasedAndSecuritiesSoldUnderAgreementsToRepurchaseMember' xlink:type='arc' />
<presentationArc order='220' xlink:arcrole='http://www.xbrl.org/2003/arcrole/parent-child' xlink:from='loc_FinancialStatementLineItemsWithDifferencesInReportedAmountAndReportingCurrencyDenominatedAmountsDomain' xlink:to='loc_FederalFundsPurchasedMember' xlink:type='arc' />
<presentationArc order='230' xlink:arcrole='http://www.xbrl.org/2003/arcrole/parent-child' xlink:from='loc_FinancialStatementLineItemsWithDifferencesInReportedAmountAndReportingCurrencyDenominatedAmountsDomain' xlink:to='loc_SecuritiesLoanedOrSoldUnderAgreementsToRepurchaseMember' xlink:type='arc' />
<presentationArc order='240' xlink:arcrole='http://www.xbrl.org/2003/arcrole/parent-child' xlink:from='loc_FinancialStatementLineItemsWithDifferencesInReportedAmountAndReportingCurrencyDenominatedAmountsDomain' xlink:to='loc_FederalHomeLoanBankBorrowingsMember' xlink:type='arc' />
<presentationArc order='250' xlink:arcrole='http://www.xbrl.org/2003/arcrole/parent-child' xlink:from='loc_FinancialStatementLineItemsWithDifferencesInReportedAmountAndReportingCurrencyDenominatedAmountsDomain' xlink:to='loc_InvestmentContractsMember' xlink:type='arc' />
<presentationArc order='260' xlink:arcrole='http://www.xbrl.org/2003/arcrole/parent-child' xlink:from='loc_FinancialStatementLineItemsWithDifferencesInReportedAmountAndReportingCurrencyDenominatedAmountsDomain' xlink:to='loc_ForeignExchangeContractMember' xlink:type='arc' />
<presentationArc order='270' xlink:arcrole='http://www.xbrl.org/2003/arcrole/parent-child' xlink:from='loc_FinancialStatementLineItemsWithDifferencesInReportedAmountAndReportingCurrencyDenominatedAmountsDomain' xlink:to='loc_SecuritiesSoldNotYetPurchasedMember' xlink:type='arc' />
<presentationArc order='20' xlink:arcrole='http://www.xbrl.org/2003/arcrole/parent-child' xlink:from='loc_ScheduleOfDifferencesBetweenReportedAmountAndReportingCurrencyDenominatedAmountTable' xlink:to='loc_FinancialStatementLineItemsWithDifferencesInReportedAmountAndReportingCurrencyDenominatedAmountsLineItems' xlink:type='arc' />
<presentationArc order='10' xlink:arcrole='http://www.xbrl.org/2003/arcrole/parent-child' xlink:from='loc_FinancialStatementLineItemsWithDifferencesInReportedAmountAndReportingCurrencyDenominatedAmountsLineItems' xlink:to='loc_AssetReportingCurrencyDenominatedValue' xlink:type='arc' />
<presentationArc order='20' xlink:arcrole='http://www.xbrl.org/2003/arcrole/parent-child' xlink:from='loc_FinancialStatementLineItemsWithDifferencesInReportedAmountAndReportingCurrencyDenominatedAmountsLineItems' xlink:to='loc_LiabilityReportingCurrencyDenominatedValue' xlink:type='arc' />
<presentationArc order='30' xlink:arcrole='http://www.xbrl.org/2003/arcrole/parent-child' xlink:from='loc_FinancialStatementLineItemsWithDifferencesInReportedAmountAndReportingCurrencyDenominatedAmountsLineItems' xlink:to='loc_RevenuesAndGainsReportingCurrencyDenominatedValue' xlink:type='arc' />
<presentationArc order='40' xlink:arcrole='http://www.xbrl.org/2003/arcrole/parent-child' xlink:from='loc_FinancialStatementLineItemsWithDifferencesInReportedAmountAndReportingCurrencyDenominatedAmountsLineItems' xlink:to='loc_ExpensesAndLossesReportingCurrencyDenominatedValue' xlink:type='arc' />
<presentationArc order='50' xlink:arcrole='http://www.xbrl.org/2003/arcrole/parent-child' xlink:from='loc_FinancialStatementLineItemsWithDifferencesInReportedAmountAndReportingCurrencyDenominatedAmountsLineItems' xlink:to='loc_DifferenceBetweenReportedAmountAndReportingCurrencyDenominatedAmountValue' xlink:type='arc' />
<presentationArc order='60' xlink:arcrole='http://www.xbrl.org/2003/arcrole/parent-child' xlink:from='loc_FinancialStatementLineItemsWithDifferencesInReportedAmountAndReportingCurrencyDenominatedAmountsLineItems' xlink:to='loc_AmountRecognizedInIncomeDueToInflationaryAccounting' xlink:type='arc' />
<presentationArc order='20' xlink:arcrole='http://www.xbrl.org/2003/arcrole/parent-child' xlink:from='loc_MultipleForeignCurrencyExchangeRatesAbstract' xlink:to='loc_ForeignCurrencyExchangeRateRemeasurement' xlink:type='arc' />
<presentationArc order='30' xlink:arcrole='http://www.xbrl.org/2003/arcrole/parent-child' xlink:from='loc_MultipleForeignCurrencyExchangeRatesAbstract' xlink:to='loc_ForeignCurrencyExchangeRateTranslation' xlink:type='arc' />
<presentationArc order='40' xlink:arcrole='http://www.xbrl.org/2003/arcrole/parent-child' xlink:from='loc_MultipleForeignCurrencyExchangeRatesAbstract' xlink:to='loc_DescriptionOfDifferenceBetweenReportedAmountAndReportingCurrencyDenominatedAmount' xlink:type='arc' />
</presentationLink>
</link:linkbase>
