<?xml version="1.0" encoding="UTF-8" standalone="no"?>

<!--
(c) XBRL US, Inc. 2007-2010; Financial Accounting Foundation, Inc. 2010-2011.  All Rights Reserved.
Notice: Authorized Uses are Set Forth at http://xbrl.fasb.org/terms/TaxonomiesTermsConditions.html
  -->
<link:linkbase xmlns:link='http://www.xbrl.org/2003/linkbase' xmlns:xlink='http://www.w3.org/1999/xlink' xmlns:xsi='http://www.w3.org/2001/XMLSchema-instance' xsi:schemaLocation='http://www.xbrl.org/2003/linkbase http://www.xbrl.org/2003/xbrl-linkbase-2003-12-31.xsd'>
<link:roleRef roleURI='http://fasb.org/us-gaap/role/disclosure/FinancialServicesBankingAndThriftCalc3' xlink:href='../elts/us-roles-2011-01-31.xsd#fs-bt3' xlink:type='simple' />
<calculationLink xlink:role='http://fasb.org/us-gaap/role/disclosure/FinancialServicesBankingAndThriftCalc3' xlink:type='extended' xmlns='http://www.xbrl.org/2003/linkbase'>
<link:loc xlink:href='../elts/us-gaap-2011-01-31.xsd#us-gaap_Deposits' xlink:label='loc_Deposits' xlink:type='locator' />
<link:loc xlink:href='../elts/us-gaap-2011-01-31.xsd#us-gaap_DemandDepositAccounts' xlink:label='loc_DemandDepositAccounts' xlink:type='locator' />
<link:loc xlink:href='../elts/us-gaap-2011-01-31.xsd#us-gaap_DepositsMoneyMarketDeposits' xlink:label='loc_DepositsMoneyMarketDeposits' xlink:type='locator' />
<link:loc xlink:href='../elts/us-gaap-2011-01-31.xsd#us-gaap_DepositsNegotiableOrderOfWithdrawalNOW' xlink:label='loc_DepositsNegotiableOrderOfWithdrawalNOW' xlink:type='locator' />
<link:loc xlink:href='../elts/us-gaap-2011-01-31.xsd#us-gaap_DepositsSavingsDeposits' xlink:label='loc_DepositsSavingsDeposits' xlink:type='locator' />
<link:loc xlink:href='../elts/us-gaap-2011-01-31.xsd#us-gaap_TimeDeposits' xlink:label='loc_TimeDeposits' xlink:type='locator' />
<link:loc xlink:href='../elts/us-gaap-2011-01-31.xsd#us-gaap_TimeDeposits100000OrMore' xlink:label='loc_TimeDeposits100000OrMore' xlink:type='locator' />
<link:loc xlink:href='../elts/us-gaap-2011-01-31.xsd#us-gaap_TimeDeposits100000OrMoreDomestic' xlink:label='loc_TimeDeposits100000OrMoreDomestic' xlink:type='locator' />
<link:loc xlink:href='../elts/us-gaap-2011-01-31.xsd#us-gaap_TimeDeposits100000OrMoreForeign' xlink:label='loc_TimeDeposits100000OrMoreForeign' xlink:type='locator' />
<link:loc xlink:href='../elts/us-gaap-2011-01-31.xsd#us-gaap_TimeDepositsLessThan100000' xlink:label='loc_TimeDepositsLessThan100000' xlink:type='locator' />
<calculationArc order='10' weight='1.0' xlink:arcrole='http://www.xbrl.org/2003/arcrole/summation-item' xlink:from='loc_Deposits' xlink:to='loc_DemandDepositAccounts' xlink:type='arc' />
<calculationArc order='20' weight='1.0' xlink:arcrole='http://www.xbrl.org/2003/arcrole/summation-item' xlink:from='loc_Deposits' xlink:to='loc_DepositsMoneyMarketDeposits' xlink:type='arc' />
<calculationArc order='30' weight='1.0' xlink:arcrole='http://www.xbrl.org/2003/arcrole/summation-item' xlink:from='loc_Deposits' xlink:to='loc_DepositsNegotiableOrderOfWithdrawalNOW' xlink:type='arc' />
<calculationArc order='40' weight='1.0' xlink:arcrole='http://www.xbrl.org/2003/arcrole/summation-item' xlink:from='loc_Deposits' xlink:to='loc_DepositsSavingsDeposits' xlink:type='arc' />
<calculationArc order='50' weight='1.0' xlink:arcrole='http://www.xbrl.org/2003/arcrole/summation-item' xlink:from='loc_Deposits' xlink:to='loc_TimeDeposits' xlink:type='arc' />
<calculationArc order='10' weight='1.0' xlink:arcrole='http://www.xbrl.org/2003/arcrole/summation-item' xlink:from='loc_TimeDeposits' xlink:to='loc_TimeDeposits100000OrMore' xlink:type='arc' />
<calculationArc order='10' weight='1.0' xlink:arcrole='http://www.xbrl.org/2003/arcrole/summation-item' xlink:from='loc_TimeDeposits100000OrMore' xlink:to='loc_TimeDeposits100000OrMoreDomestic' xlink:type='arc' />
<calculationArc order='20' weight='1.0' xlink:arcrole='http://www.xbrl.org/2003/arcrole/summation-item' xlink:from='loc_TimeDeposits100000OrMore' xlink:to='loc_TimeDeposits100000OrMoreForeign' xlink:type='arc' />
<calculationArc order='20' weight='1.0' xlink:arcrole='http://www.xbrl.org/2003/arcrole/summation-item' xlink:from='loc_TimeDeposits' xlink:to='loc_TimeDepositsLessThan100000' xlink:type='arc' />
</calculationLink>
</link:linkbase>
