<?xml version="1.0" encoding="UTF-8" standalone="no"?>

<!--
(c) XBRL US, Inc. 2007-2010; Financial Accounting Foundation, Inc. 2010-2011.  All Rights Reserved.
Notice: Authorized Uses are Set Forth at http://xbrl.fasb.org/terms/TaxonomiesTermsConditions.html
  -->
<link:linkbase xmlns:link='http://www.xbrl.org/2003/linkbase' xmlns:xlink='http://www.w3.org/1999/xlink' xmlns:xsi='http://www.w3.org/2001/XMLSchema-instance' xsi:schemaLocation='http://www.xbrl.org/2003/linkbase http://www.xbrl.org/2003/xbrl-linkbase-2003-12-31.xsd'>
<link:roleRef roleURI='http://fasb.org/us-gaap/role/disclosure/RegulatedOperations' xlink:href='../elts/us-roles-2011-01-31.xsd#regop' xlink:type='simple' />
<calculationLink xlink:role='http://fasb.org/us-gaap/role/disclosure/RegulatedOperations' xlink:type='extended' xmlns='http://www.xbrl.org/2003/linkbase'>
<link:loc xlink:href='../elts/us-gaap-2011-01-31.xsd#us-gaap_DeferredFuelCost' xlink:label='loc_DeferredFuelCost' xlink:type='locator' />
<link:loc xlink:href='../elts/us-gaap-2011-01-31.xsd#us-gaap_DeferredElectricCost' xlink:label='loc_DeferredElectricCost' xlink:type='locator' />
<link:loc xlink:href='../elts/us-gaap-2011-01-31.xsd#us-gaap_DeferredGasCost' xlink:label='loc_DeferredGasCost' xlink:type='locator' />
<link:loc xlink:href='../elts/us-gaap-2011-01-31.xsd#us-gaap_JointlyOwnedUtilityPlantNetOwnershipAmount' xlink:label='loc_JointlyOwnedUtilityPlantNetOwnershipAmount' xlink:type='locator' />
<link:loc xlink:href='../elts/us-gaap-2011-01-31.xsd#us-gaap_JointlyOwnedUtilityPlantGrossOwnershipAmountOfPlantInService' xlink:label='loc_JointlyOwnedUtilityPlantGrossOwnershipAmountOfPlantInService' xlink:type='locator' />
<link:loc xlink:href='../elts/us-gaap-2011-01-31.xsd#us-gaap_JointlyOwnedUtilityPlantOwnershipAmountOfPlantAccumulatedDepreciation' xlink:label='loc_JointlyOwnedUtilityPlantOwnershipAmountOfPlantAccumulatedDepreciation' xlink:type='locator' />
<link:loc xlink:href='../elts/us-gaap-2011-01-31.xsd#us-gaap_JointlyOwnedUtilityPlantOwnershipAmountOfOtherAssets' xlink:label='loc_JointlyOwnedUtilityPlantOwnershipAmountOfOtherAssets' xlink:type='locator' />
<link:loc xlink:href='../elts/us-gaap-2011-01-31.xsd#us-gaap_JointlyOwnedUtilityPlantOwnershipAmountOfConstructionWorkInProgress' xlink:label='loc_JointlyOwnedUtilityPlantOwnershipAmountOfConstructionWorkInProgress' xlink:type='locator' />
<link:loc xlink:href='../elts/us-gaap-2011-01-31.xsd#us-gaap_LongTermDebt' xlink:label='loc_LongTermDebt' xlink:type='locator' />
<link:loc xlink:href='../elts/us-gaap-2011-01-31.xsd#us-gaap_DebtInstrumentCarryingAmount' xlink:label='loc_DebtInstrumentCarryingAmount' xlink:type='locator' />
<link:loc xlink:href='../elts/us-gaap-2011-01-31.xsd#us-gaap_DebtInstrumentUnamortizedDiscountPremiumNet' xlink:label='loc_DebtInstrumentUnamortizedDiscountPremiumNet' xlink:type='locator' />
<link:loc xlink:href='../elts/us-gaap-2011-01-31.xsd#us-gaap_DebtInstrumentUnamortizedDiscount' xlink:label='loc_DebtInstrumentUnamortizedDiscount' xlink:type='locator' />
<link:loc xlink:href='../elts/us-gaap-2011-01-31.xsd#us-gaap_DebtInstrumentUnamortizedPremium' xlink:label='loc_DebtInstrumentUnamortizedPremium' xlink:type='locator' />
<link:loc xlink:href='../elts/us-gaap-2011-01-31.xsd#us-gaap_NetRegulatoryAssets' xlink:label='loc_NetRegulatoryAssets' xlink:type='locator' />
<link:loc xlink:href='../elts/us-gaap-2011-01-31.xsd#us-gaap_RegulatoryAssets' xlink:label='loc_RegulatoryAssets' xlink:type='locator' />
<link:loc xlink:href='../elts/us-gaap-2011-01-31.xsd#us-gaap_RegulatoryAssetsCurrent' xlink:label='loc_RegulatoryAssetsCurrent' xlink:type='locator' />
<link:loc xlink:href='../elts/us-gaap-2011-01-31.xsd#us-gaap_RegulatoryAssetsNoncurrent' xlink:label='loc_RegulatoryAssetsNoncurrent' xlink:type='locator' />
<link:loc xlink:href='../elts/us-gaap-2011-01-31.xsd#us-gaap_RegulatoryLiabilities' xlink:label='loc_RegulatoryLiabilities' xlink:type='locator' />
<link:loc xlink:href='../elts/us-gaap-2011-01-31.xsd#us-gaap_RegulatoryLiabilityCurrent' xlink:label='loc_RegulatoryLiabilityCurrent' xlink:type='locator' />
<link:loc xlink:href='../elts/us-gaap-2011-01-31.xsd#us-gaap_RegulatoryLiabilityNoncurrent' xlink:label='loc_RegulatoryLiabilityNoncurrent' xlink:type='locator' />
<link:loc xlink:href='../elts/us-gaap-2011-01-31.xsd#us-gaap_RegulatedAndUnregulatedOperatingRevenue' xlink:label='loc_RegulatedAndUnregulatedOperatingRevenue' xlink:type='locator' />
<link:loc xlink:href='../elts/us-gaap-2011-01-31.xsd#us-gaap_RegulatedOperatingRevenue' xlink:label='loc_RegulatedOperatingRevenue' xlink:type='locator' />
<link:loc xlink:href='../elts/us-gaap-2011-01-31.xsd#us-gaap_RegulatedOperatingRevenueElectricNonNuclear' xlink:label='loc_RegulatedOperatingRevenueElectricNonNuclear' xlink:type='locator' />
<link:loc xlink:href='../elts/us-gaap-2011-01-31.xsd#us-gaap_RegulatedOperatingRevenueFossilFuel' xlink:label='loc_RegulatedOperatingRevenueFossilFuel' xlink:type='locator' />
<link:loc xlink:href='../elts/us-gaap-2011-01-31.xsd#us-gaap_RegulatedOperatingRevenueSteam' xlink:label='loc_RegulatedOperatingRevenueSteam' xlink:type='locator' />
<link:loc xlink:href='../elts/us-gaap-2011-01-31.xsd#us-gaap_RegulatedOperatingRevenueNuclear' xlink:label='loc_RegulatedOperatingRevenueNuclear' xlink:type='locator' />
<link:loc xlink:href='../elts/us-gaap-2011-01-31.xsd#us-gaap_RegulatedOperatingRevenueGas' xlink:label='loc_RegulatedOperatingRevenueGas' xlink:type='locator' />
<link:loc xlink:href='../elts/us-gaap-2011-01-31.xsd#us-gaap_RegulatedOperatingRevenueWater' xlink:label='loc_RegulatedOperatingRevenueWater' xlink:type='locator' />
<link:loc xlink:href='../elts/us-gaap-2011-01-31.xsd#us-gaap_RegulatedOperatingRevenuePipelines' xlink:label='loc_RegulatedOperatingRevenuePipelines' xlink:type='locator' />
<link:loc xlink:href='../elts/us-gaap-2011-01-31.xsd#us-gaap_RegulatedOperatingRevenueExplorationAndProduction' xlink:label='loc_RegulatedOperatingRevenueExplorationAndProduction' xlink:type='locator' />
<link:loc xlink:href='../elts/us-gaap-2011-01-31.xsd#us-gaap_RegulatedOperatingRevenueFieldServices' xlink:label='loc_RegulatedOperatingRevenueFieldServices' xlink:type='locator' />
<link:loc xlink:href='../elts/us-gaap-2011-01-31.xsd#us-gaap_RegulatedOperatingRevenueOther' xlink:label='loc_RegulatedOperatingRevenueOther' xlink:type='locator' />
<link:loc xlink:href='../elts/us-gaap-2011-01-31.xsd#us-gaap_UnregulatedOperatingRevenue' xlink:label='loc_UnregulatedOperatingRevenue' xlink:type='locator' />
<link:loc xlink:href='../elts/us-gaap-2011-01-31.xsd#us-gaap_UtilitiesOperatingExpense' xlink:label='loc_UtilitiesOperatingExpense' xlink:type='locator' />
<link:loc xlink:href='../elts/us-gaap-2011-01-31.xsd#us-gaap_UtilitiesOperatingExpensePurchasedPower' xlink:label='loc_UtilitiesOperatingExpensePurchasedPower' xlink:type='locator' />
<link:loc xlink:href='../elts/us-gaap-2011-01-31.xsd#us-gaap_UtilitiesOperatingExpenseGasAndPetroleumPurchased' xlink:label='loc_UtilitiesOperatingExpenseGasAndPetroleumPurchased' xlink:type='locator' />
<link:loc xlink:href='../elts/us-gaap-2011-01-31.xsd#us-gaap_UtilitiesOperatingExpenseFuelUsed' xlink:label='loc_UtilitiesOperatingExpenseFuelUsed' xlink:type='locator' />
<link:loc xlink:href='../elts/us-gaap-2011-01-31.xsd#us-gaap_UtilitiesOperatingExpensePurchasedPowerUnderLongTermContracts' xlink:label='loc_UtilitiesOperatingExpensePurchasedPowerUnderLongTermContracts' xlink:type='locator' />
<link:loc xlink:href='../elts/us-gaap-2011-01-31.xsd#us-gaap_UtilitiesOperatingExpenseProductsAndServices' xlink:label='loc_UtilitiesOperatingExpenseProductsAndServices' xlink:type='locator' />
<link:loc xlink:href='../elts/us-gaap-2011-01-31.xsd#us-gaap_UtilitiesOperatingExpenseMaintenance' xlink:label='loc_UtilitiesOperatingExpenseMaintenance' xlink:type='locator' />
<link:loc xlink:href='../elts/us-gaap-2011-01-31.xsd#us-gaap_UtilitiesOperatingExpenseOperations' xlink:label='loc_UtilitiesOperatingExpenseOperations' xlink:type='locator' />
<link:loc xlink:href='../elts/us-gaap-2011-01-31.xsd#us-gaap_UtilitiesOperatingExpenseMaintenanceAndOperations' xlink:label='loc_UtilitiesOperatingExpenseMaintenanceAndOperations' xlink:type='locator' />
<link:loc xlink:href='../elts/us-gaap-2011-01-31.xsd#us-gaap_UtilitiesOperatingExpenseDepreciationAndAmortization' xlink:label='loc_UtilitiesOperatingExpenseDepreciationAndAmortization' xlink:type='locator' />
<link:loc xlink:href='../elts/us-gaap-2011-01-31.xsd#us-gaap_UtilitiesOperatingExpenseTaxes' xlink:label='loc_UtilitiesOperatingExpenseTaxes' xlink:type='locator' />
<link:loc xlink:href='../elts/us-gaap-2011-01-31.xsd#us-gaap_UtilitiesOperatingExpenseImpairments' xlink:label='loc_UtilitiesOperatingExpenseImpairments' xlink:type='locator' />
<link:loc xlink:href='../elts/us-gaap-2011-01-31.xsd#us-gaap_UtilitiesOperatingExpenseOther' xlink:label='loc_UtilitiesOperatingExpenseOther' xlink:type='locator' />
<link:loc xlink:href='../elts/us-gaap-2011-01-31.xsd#us-gaap_PublicUtilitiesPropertyPlantAndEquipmentNet' xlink:label='loc_PublicUtilitiesPropertyPlantAndEquipmentNet' xlink:type='locator' />
<link:loc xlink:href='../elts/us-gaap-2011-01-31.xsd#us-gaap_PublicUtilitiesPropertyPlantAndEquipmentPlantInService' xlink:label='loc_PublicUtilitiesPropertyPlantAndEquipmentPlantInService' xlink:type='locator' />
<link:loc xlink:href='../elts/us-gaap-2011-01-31.xsd#us-gaap_PublicUtilitiesPropertyPlantAndEquipmentLand' xlink:label='loc_PublicUtilitiesPropertyPlantAndEquipmentLand' xlink:type='locator' />
<link:loc xlink:href='../elts/us-gaap-2011-01-31.xsd#us-gaap_PublicUtilitiesPropertyPlantAndEquipmentGenerationOrProcessing' xlink:label='loc_PublicUtilitiesPropertyPlantAndEquipmentGenerationOrProcessing' xlink:type='locator' />
<link:loc xlink:href='../elts/us-gaap-2011-01-31.xsd#us-gaap_PublicUtilitiesPropertyPlantAndEquipmentTransmissionAndDistribution' xlink:label='loc_PublicUtilitiesPropertyPlantAndEquipmentTransmissionAndDistribution' xlink:type='locator' />
<link:loc xlink:href='../elts/us-gaap-2011-01-31.xsd#us-gaap_PublicUtilitiesPropertyPlantAndEquipmentTransmission' xlink:label='loc_PublicUtilitiesPropertyPlantAndEquipmentTransmission' xlink:type='locator' />
<link:loc xlink:href='../elts/us-gaap-2011-01-31.xsd#us-gaap_PublicUtilitiesPropertyPlantAndEquipmentDistribution' xlink:label='loc_PublicUtilitiesPropertyPlantAndEquipmentDistribution' xlink:type='locator' />
<link:loc xlink:href='../elts/us-gaap-2011-01-31.xsd#us-gaap_PublicUtilitiesPropertyPlantAndEquipmentFuel' xlink:label='loc_PublicUtilitiesPropertyPlantAndEquipmentFuel' xlink:type='locator' />
<link:loc xlink:href='../elts/us-gaap-2011-01-31.xsd#us-gaap_PublicUtilitiesPropertyPlantAndEquipmentConstructionWorkInProgress' xlink:label='loc_PublicUtilitiesPropertyPlantAndEquipmentConstructionWorkInProgress' xlink:type='locator' />
<link:loc xlink:href='../elts/us-gaap-2011-01-31.xsd#us-gaap_PublicUtilitiesPropertyPlantAndEquipmentCommon' xlink:label='loc_PublicUtilitiesPropertyPlantAndEquipmentCommon' xlink:type='locator' />
<link:loc xlink:href='../elts/us-gaap-2011-01-31.xsd#us-gaap_PublicUtilitiesPropertyPlantAndEquipmentEquipment' xlink:label='loc_PublicUtilitiesPropertyPlantAndEquipmentEquipment' xlink:type='locator' />
<link:loc xlink:href='../elts/us-gaap-2011-01-31.xsd#us-gaap_PublicUtilitiesPropertyPlantAndEquipmentVehicles' xlink:label='loc_PublicUtilitiesPropertyPlantAndEquipmentVehicles' xlink:type='locator' />
<link:loc xlink:href='../elts/us-gaap-2011-01-31.xsd#us-gaap_PublicUtilitiesPropertyPlantAndEquipmentOtherPropertyPlantAndEquipment' xlink:label='loc_PublicUtilitiesPropertyPlantAndEquipmentOtherPropertyPlantAndEquipment' xlink:type='locator' />
<link:loc xlink:href='../elts/us-gaap-2011-01-31.xsd#us-gaap_PublicUtilitiesPropertyPlantAndEquipmentAccumulatedDepreciation' xlink:label='loc_PublicUtilitiesPropertyPlantAndEquipmentAccumulatedDepreciation' xlink:type='locator' />
<link:loc xlink:href='../elts/us-gaap-2011-01-31.xsd#us-gaap_InterestCostsIncurred' xlink:label='loc_InterestCostsIncurred' xlink:type='locator' />
<link:loc xlink:href='../elts/us-gaap-2011-01-31.xsd#us-gaap_InterestExpenseDebt' xlink:label='loc_InterestExpenseDebt' xlink:type='locator' />
<link:loc xlink:href='../elts/us-gaap-2011-01-31.xsd#us-gaap_AmortizationOfDebtDiscountPremium' xlink:label='loc_AmortizationOfDebtDiscountPremium' xlink:type='locator' />
<link:loc xlink:href='../elts/us-gaap-2011-01-31.xsd#us-gaap_AmortizationOfFinancingCosts' xlink:label='loc_AmortizationOfFinancingCosts' xlink:type='locator' />
<link:loc xlink:href='../elts/us-gaap-2011-01-31.xsd#us-gaap_InterestExpenseDebtExcludingAmortization' xlink:label='loc_InterestExpenseDebtExcludingAmortization' xlink:type='locator' />
<link:loc xlink:href='../elts/us-gaap-2011-01-31.xsd#us-gaap_InterestCostsIncurredCapitalized' xlink:label='loc_InterestCostsIncurredCapitalized' xlink:type='locator' />
<link:loc xlink:href='../elts/us-gaap-2011-01-31.xsd#us-gaap_InterestCostsCapitalized' xlink:label='loc_InterestCostsCapitalized' xlink:type='locator' />
<link:loc xlink:href='../elts/us-gaap-2011-01-31.xsd#us-gaap_PublicUtilitiesAllowanceForFundsUsedDuringConstructionCapitalizedInterest' xlink:label='loc_PublicUtilitiesAllowanceForFundsUsedDuringConstructionCapitalizedInterest' xlink:type='locator' />
<link:loc xlink:href='../elts/us-gaap-2011-01-31.xsd#us-gaap_CapitalizationLongtermDebtAndEquity' xlink:label='loc_CapitalizationLongtermDebtAndEquity' xlink:type='locator' />
<link:loc xlink:href='../elts/us-gaap-2011-01-31.xsd#us-gaap_LongTermDebtNoncurrent' xlink:label='loc_LongTermDebtNoncurrent' xlink:type='locator' />
<link:loc xlink:href='../elts/us-gaap-2011-01-31.xsd#us-gaap_StockholdersEquityIncludingPortionAttributableToNoncontrollingInterest' xlink:label='loc_StockholdersEquityIncludingPortionAttributableToNoncontrollingInterest' xlink:type='locator' />
<link:loc xlink:href='../elts/us-gaap-2011-01-31.xsd#us-gaap_StockholdersEquity' xlink:label='loc_StockholdersEquity' xlink:type='locator' />
<link:loc xlink:href='../elts/us-gaap-2011-01-31.xsd#us-gaap_PreferredStockValue' xlink:label='loc_PreferredStockValue' xlink:type='locator' />
<link:loc xlink:href='../elts/us-gaap-2011-01-31.xsd#us-gaap_PreferredStockSharesSubscribedButUnissuedSubscriptionsReceivable' xlink:label='loc_PreferredStockSharesSubscribedButUnissuedSubscriptionsReceivable' xlink:type='locator' />
<link:loc xlink:href='../elts/us-gaap-2011-01-31.xsd#us-gaap_CommonStockValue' xlink:label='loc_CommonStockValue' xlink:type='locator' />
<link:loc xlink:href='../elts/us-gaap-2011-01-31.xsd#us-gaap_CommonStockHeldBySubsidiary' xlink:label='loc_CommonStockHeldBySubsidiary' xlink:type='locator' />
<link:loc xlink:href='../elts/us-gaap-2011-01-31.xsd#us-gaap_CommonStockShareSubscribedButUnissuedSubscriptionsReceivable' xlink:label='loc_CommonStockShareSubscribedButUnissuedSubscriptionsReceivable' xlink:type='locator' />
<link:loc xlink:href='../elts/us-gaap-2011-01-31.xsd#us-gaap_AdditionalPaidInCapital' xlink:label='loc_AdditionalPaidInCapital' xlink:type='locator' />
<link:loc xlink:href='../elts/us-gaap-2011-01-31.xsd#us-gaap_AdditionalPaidInCapitalCommonStock' xlink:label='loc_AdditionalPaidInCapitalCommonStock' xlink:type='locator' />
<link:loc xlink:href='../elts/us-gaap-2011-01-31.xsd#us-gaap_AdditionalPaidInCapitalPreferredStock' xlink:label='loc_AdditionalPaidInCapitalPreferredStock' xlink:type='locator' />
<link:loc xlink:href='../elts/us-gaap-2011-01-31.xsd#us-gaap_TreasuryStockValue' xlink:label='loc_TreasuryStockValue' xlink:type='locator' />
<link:loc xlink:href='../elts/us-gaap-2011-01-31.xsd#us-gaap_TreasuryStockDeferredEmployeeStockOwnershipPlan' xlink:label='loc_TreasuryStockDeferredEmployeeStockOwnershipPlan' xlink:type='locator' />
<link:loc xlink:href='../elts/us-gaap-2011-01-31.xsd#us-gaap_DeferredCompensationEquity' xlink:label='loc_DeferredCompensationEquity' xlink:type='locator' />
<link:loc xlink:href='../elts/us-gaap-2011-01-31.xsd#us-gaap_AccumulatedOtherComprehensiveIncomeLossNetOfTax' xlink:label='loc_AccumulatedOtherComprehensiveIncomeLossNetOfTax' xlink:type='locator' />
<link:loc xlink:href='../elts/us-gaap-2011-01-31.xsd#us-gaap_AccumulatedOtherComprehensiveIncomeLossForeignCurrencyTranslationAdjustmentNetOfTax' xlink:label='loc_AccumulatedOtherComprehensiveIncomeLossForeignCurrencyTranslationAdjustmentNetOfTax' xlink:type='locator' />
<link:loc xlink:href='../elts/us-gaap-2011-01-31.xsd#us-gaap_AccumulatedOtherComprehensiveIncomeLossAvailableForSaleSecuritiesAdjustmentNetOfTax' xlink:label='loc_AccumulatedOtherComprehensiveIncomeLossAvailableForSaleSecuritiesAdjustmentNetOfTax' xlink:type='locator' />
<link:loc xlink:href='../elts/us-gaap-2011-01-31.xsd#us-gaap_AccumulatedOtherComprehensiveIncomeLossOtherThanTemporaryImpairmentNotCreditLossNetOfTaxDebtSecurities' xlink:label='loc_AccumulatedOtherComprehensiveIncomeLossOtherThanTemporaryImpairmentNotCreditLossNetOfTaxDebtSecurities' xlink:type='locator' />
<link:loc xlink:href='../elts/us-gaap-2011-01-31.xsd#us-gaap_AccumulatedOtherComprehensiveIncomeLossOtherThanTemporaryImpairmentNotCreditLossNetOfTaxAvailableforsaleDebtSecurities' xlink:label='loc_AccumulatedOtherComprehensiveIncomeLossOtherThanTemporaryImpairmentNotCreditLossNetOfTaxAvailableforsaleDebtSecurities' xlink:type='locator' />
<link:loc xlink:href='../elts/us-gaap-2011-01-31.xsd#us-gaap_AccumulatedOtherComprehensiveIncomeLossOtherThanTemporaryImpairmentNotCreditLossNetOfTaxHeldtomaturityDebtSecurities' xlink:label='loc_AccumulatedOtherComprehensiveIncomeLossOtherThanTemporaryImpairmentNotCreditLossNetOfTaxHeldtomaturityDebtSecurities' xlink:type='locator' />
<link:loc xlink:href='../elts/us-gaap-2011-01-31.xsd#us-gaap_AccumulatedOtherComprehensiveIncomeLossCumulativeChangesInNetGainLossFromCashFlowHedgesEffectNetOfTax' xlink:label='loc_AccumulatedOtherComprehensiveIncomeLossCumulativeChangesInNetGainLossFromCashFlowHedgesEffectNetOfTax' xlink:type='locator' />
<link:loc xlink:href='../elts/us-gaap-2011-01-31.xsd#us-gaap_AccumulatedOtherComprehensiveIncomeLossDefinedBenefitPensionAndOtherPostretirementPlansNetOfTax' xlink:label='loc_AccumulatedOtherComprehensiveIncomeLossDefinedBenefitPensionAndOtherPostretirementPlansNetOfTax' xlink:type='locator' />
<link:loc xlink:href='../elts/us-gaap-2011-01-31.xsd#us-gaap_AccumulatedDistributionsInExcessOfNetIncome' xlink:label='loc_AccumulatedDistributionsInExcessOfNetIncome' xlink:type='locator' />
<link:loc xlink:href='../elts/us-gaap-2011-01-31.xsd#us-gaap_RetainedEarningsAccumulatedDeficit' xlink:label='loc_RetainedEarningsAccumulatedDeficit' xlink:type='locator' />
<link:loc xlink:href='../elts/us-gaap-2011-01-31.xsd#us-gaap_RetainedEarningsAppropriated' xlink:label='loc_RetainedEarningsAppropriated' xlink:type='locator' />
<link:loc xlink:href='../elts/us-gaap-2011-01-31.xsd#us-gaap_RetainedEarningsUnappropriated' xlink:label='loc_RetainedEarningsUnappropriated' xlink:type='locator' />
<link:loc xlink:href='../elts/us-gaap-2011-01-31.xsd#us-gaap_UndistributedIncomeFromOtherThanGainOrLossOnSaleOfProperties' xlink:label='loc_UndistributedIncomeFromOtherThanGainOrLossOnSaleOfProperties' xlink:type='locator' />
<link:loc xlink:href='../elts/us-gaap-2011-01-31.xsd#us-gaap_UndistributedNetRealizedGainOrLossOnSaleOfProperties' xlink:label='loc_UndistributedNetRealizedGainOrLossOnSaleOfProperties' xlink:type='locator' />
<link:loc xlink:href='../elts/us-gaap-2011-01-31.xsd#us-gaap_UnearnedESOPShares' xlink:label='loc_UnearnedESOPShares' xlink:type='locator' />
<link:loc xlink:href='../elts/us-gaap-2011-01-31.xsd#us-gaap_OtherAdditionalCapital' xlink:label='loc_OtherAdditionalCapital' xlink:type='locator' />
<link:loc xlink:href='../elts/us-gaap-2011-01-31.xsd#us-gaap_ReceivableFromOfficersAndDirectorsForIssuanceOfCapitalStock' xlink:label='loc_ReceivableFromOfficersAndDirectorsForIssuanceOfCapitalStock' xlink:type='locator' />
<link:loc xlink:href='../elts/us-gaap-2011-01-31.xsd#us-gaap_ReceivableFromShareholdersOrAffiliatesForIssuanceOfCapitalStock' xlink:label='loc_ReceivableFromShareholdersOrAffiliatesForIssuanceOfCapitalStock' xlink:type='locator' />
<link:loc xlink:href='../elts/us-gaap-2011-01-31.xsd#us-gaap_MinorityInterest' xlink:label='loc_MinorityInterest' xlink:type='locator' />
<calculationArc order='10' weight='1.0' xlink:arcrole='http://www.xbrl.org/2003/arcrole/summation-item' xlink:from='loc_DeferredFuelCost' xlink:to='loc_DeferredElectricCost' xlink:type='arc' />
<calculationArc order='20' weight='1.0' xlink:arcrole='http://www.xbrl.org/2003/arcrole/summation-item' xlink:from='loc_DeferredFuelCost' xlink:to='loc_DeferredGasCost' xlink:type='arc' />
<calculationArc order='10' use='optional' weight='1.0' xlink:arcrole='http://www.xbrl.org/2003/arcrole/summation-item' xlink:from='loc_JointlyOwnedUtilityPlantNetOwnershipAmount' xlink:to='loc_JointlyOwnedUtilityPlantGrossOwnershipAmountOfPlantInService' xlink:type='arc' />
<calculationArc order='20' use='optional' weight='-1.0' xlink:arcrole='http://www.xbrl.org/2003/arcrole/summation-item' xlink:from='loc_JointlyOwnedUtilityPlantNetOwnershipAmount' xlink:to='loc_JointlyOwnedUtilityPlantOwnershipAmountOfPlantAccumulatedDepreciation' xlink:type='arc' />
<calculationArc order='30' use='optional' weight='1.0' xlink:arcrole='http://www.xbrl.org/2003/arcrole/summation-item' xlink:from='loc_JointlyOwnedUtilityPlantNetOwnershipAmount' xlink:to='loc_JointlyOwnedUtilityPlantOwnershipAmountOfOtherAssets' xlink:type='arc' />
<calculationArc order='40' use='optional' weight='1.0' xlink:arcrole='http://www.xbrl.org/2003/arcrole/summation-item' xlink:from='loc_JointlyOwnedUtilityPlantNetOwnershipAmount' xlink:to='loc_JointlyOwnedUtilityPlantOwnershipAmountOfConstructionWorkInProgress' xlink:type='arc' />
<calculationArc order='10' weight='1.0' xlink:arcrole='http://www.xbrl.org/2003/arcrole/summation-item' xlink:from='loc_LongTermDebt' xlink:to='loc_DebtInstrumentCarryingAmount' xlink:type='arc' />
<calculationArc order='20' weight='-1.0' xlink:arcrole='http://www.xbrl.org/2003/arcrole/summation-item' xlink:from='loc_LongTermDebt' xlink:to='loc_DebtInstrumentUnamortizedDiscountPremiumNet' xlink:type='arc' />
<calculationArc order='10' weight='1.0' xlink:arcrole='http://www.xbrl.org/2003/arcrole/summation-item' xlink:from='loc_DebtInstrumentUnamortizedDiscountPremiumNet' xlink:to='loc_DebtInstrumentUnamortizedDiscount' xlink:type='arc' />
<calculationArc order='20' weight='-1.0' xlink:arcrole='http://www.xbrl.org/2003/arcrole/summation-item' xlink:from='loc_DebtInstrumentUnamortizedDiscountPremiumNet' xlink:to='loc_DebtInstrumentUnamortizedPremium' xlink:type='arc' />
<calculationArc order='10' use='optional' weight='1.0' xlink:arcrole='http://www.xbrl.org/2003/arcrole/summation-item' xlink:from='loc_NetRegulatoryAssets' xlink:to='loc_RegulatoryAssets' xlink:type='arc' />
<calculationArc order='10' weight='1.0' xlink:arcrole='http://www.xbrl.org/2003/arcrole/summation-item' xlink:from='loc_RegulatoryAssets' xlink:to='loc_RegulatoryAssetsCurrent' xlink:type='arc' />
<calculationArc order='20' weight='1.0' xlink:arcrole='http://www.xbrl.org/2003/arcrole/summation-item' xlink:from='loc_RegulatoryAssets' xlink:to='loc_RegulatoryAssetsNoncurrent' xlink:type='arc' />
<calculationArc order='20' use='optional' weight='-1.0' xlink:arcrole='http://www.xbrl.org/2003/arcrole/summation-item' xlink:from='loc_NetRegulatoryAssets' xlink:to='loc_RegulatoryLiabilities' xlink:type='arc' />
<calculationArc order='10' use='optional' weight='1.0' xlink:arcrole='http://www.xbrl.org/2003/arcrole/summation-item' xlink:from='loc_RegulatoryLiabilities' xlink:to='loc_RegulatoryLiabilityCurrent' xlink:type='arc' />
<calculationArc order='20' use='optional' weight='1.0' xlink:arcrole='http://www.xbrl.org/2003/arcrole/summation-item' xlink:from='loc_RegulatoryLiabilities' xlink:to='loc_RegulatoryLiabilityNoncurrent' xlink:type='arc' />
<calculationArc order='10' use='optional' weight='1.0' xlink:arcrole='http://www.xbrl.org/2003/arcrole/summation-item' xlink:from='loc_RegulatedAndUnregulatedOperatingRevenue' xlink:to='loc_RegulatedOperatingRevenue' xlink:type='arc' />
<calculationArc order='10' use='optional' weight='1.0' xlink:arcrole='http://www.xbrl.org/2003/arcrole/summation-item' xlink:from='loc_RegulatedOperatingRevenue' xlink:to='loc_RegulatedOperatingRevenueElectricNonNuclear' xlink:type='arc' />
<calculationArc order='10' weight='1.0' xlink:arcrole='http://www.xbrl.org/2003/arcrole/summation-item' xlink:from='loc_RegulatedOperatingRevenueElectricNonNuclear' xlink:to='loc_RegulatedOperatingRevenueFossilFuel' xlink:type='arc' />
<calculationArc order='20' weight='1.0' xlink:arcrole='http://www.xbrl.org/2003/arcrole/summation-item' xlink:from='loc_RegulatedOperatingRevenueElectricNonNuclear' xlink:to='loc_RegulatedOperatingRevenueSteam' xlink:type='arc' />
<calculationArc order='20' weight='1.0' xlink:arcrole='http://www.xbrl.org/2003/arcrole/summation-item' xlink:from='loc_RegulatedOperatingRevenue' xlink:to='loc_RegulatedOperatingRevenueNuclear' xlink:type='arc' />
<calculationArc order='30' use='optional' weight='1.0' xlink:arcrole='http://www.xbrl.org/2003/arcrole/summation-item' xlink:from='loc_RegulatedOperatingRevenue' xlink:to='loc_RegulatedOperatingRevenueGas' xlink:type='arc' />
<calculationArc order='40' use='optional' weight='1.0' xlink:arcrole='http://www.xbrl.org/2003/arcrole/summation-item' xlink:from='loc_RegulatedOperatingRevenue' xlink:to='loc_RegulatedOperatingRevenueWater' xlink:type='arc' />
<calculationArc order='50' use='optional' weight='1.0' xlink:arcrole='http://www.xbrl.org/2003/arcrole/summation-item' xlink:from='loc_RegulatedOperatingRevenue' xlink:to='loc_RegulatedOperatingRevenuePipelines' xlink:type='arc' />
<calculationArc order='60' use='optional' weight='1.0' xlink:arcrole='http://www.xbrl.org/2003/arcrole/summation-item' xlink:from='loc_RegulatedOperatingRevenue' xlink:to='loc_RegulatedOperatingRevenueExplorationAndProduction' xlink:type='arc' />
<calculationArc order='70' use='optional' weight='1.0' xlink:arcrole='http://www.xbrl.org/2003/arcrole/summation-item' xlink:from='loc_RegulatedOperatingRevenue' xlink:to='loc_RegulatedOperatingRevenueFieldServices' xlink:type='arc' />
<calculationArc order='80' use='optional' weight='1.0' xlink:arcrole='http://www.xbrl.org/2003/arcrole/summation-item' xlink:from='loc_RegulatedOperatingRevenue' xlink:to='loc_RegulatedOperatingRevenueOther' xlink:type='arc' />
<calculationArc order='20' use='optional' weight='1.0' xlink:arcrole='http://www.xbrl.org/2003/arcrole/summation-item' xlink:from='loc_RegulatedAndUnregulatedOperatingRevenue' xlink:to='loc_UnregulatedOperatingRevenue' xlink:type='arc' />
<calculationArc order='10' use='optional' weight='1.0' xlink:arcrole='http://www.xbrl.org/2003/arcrole/summation-item' xlink:from='loc_UtilitiesOperatingExpense' xlink:to='loc_UtilitiesOperatingExpensePurchasedPower' xlink:type='arc' />
<calculationArc order='20' use='optional' weight='1.0' xlink:arcrole='http://www.xbrl.org/2003/arcrole/summation-item' xlink:from='loc_UtilitiesOperatingExpense' xlink:to='loc_UtilitiesOperatingExpenseGasAndPetroleumPurchased' xlink:type='arc' />
<calculationArc order='30' weight='1.0' xlink:arcrole='http://www.xbrl.org/2003/arcrole/summation-item' xlink:from='loc_UtilitiesOperatingExpense' xlink:to='loc_UtilitiesOperatingExpenseFuelUsed' xlink:type='arc' />
<calculationArc order='40' use='optional' weight='1.0' xlink:arcrole='http://www.xbrl.org/2003/arcrole/summation-item' xlink:from='loc_UtilitiesOperatingExpense' xlink:to='loc_UtilitiesOperatingExpensePurchasedPowerUnderLongTermContracts' xlink:type='arc' />
<calculationArc order='50' use='optional' weight='1.0' xlink:arcrole='http://www.xbrl.org/2003/arcrole/summation-item' xlink:from='loc_UtilitiesOperatingExpense' xlink:to='loc_UtilitiesOperatingExpenseProductsAndServices' xlink:type='arc' />
<calculationArc order='60' use='optional' weight='1.0' xlink:arcrole='http://www.xbrl.org/2003/arcrole/summation-item' xlink:from='loc_UtilitiesOperatingExpense' xlink:to='loc_UtilitiesOperatingExpenseMaintenance' xlink:type='arc' />
<calculationArc order='70' use='optional' weight='1.0' xlink:arcrole='http://www.xbrl.org/2003/arcrole/summation-item' xlink:from='loc_UtilitiesOperatingExpense' xlink:to='loc_UtilitiesOperatingExpenseOperations' xlink:type='arc' />
<calculationArc order='80' use='optional' weight='1.0' xlink:arcrole='http://www.xbrl.org/2003/arcrole/summation-item' xlink:from='loc_UtilitiesOperatingExpense' xlink:to='loc_UtilitiesOperatingExpenseMaintenanceAndOperations' xlink:type='arc' />
<calculationArc order='90' use='optional' weight='1.0' xlink:arcrole='http://www.xbrl.org/2003/arcrole/summation-item' xlink:from='loc_UtilitiesOperatingExpense' xlink:to='loc_UtilitiesOperatingExpenseDepreciationAndAmortization' xlink:type='arc' />
<calculationArc order='100' use='optional' weight='1.0' xlink:arcrole='http://www.xbrl.org/2003/arcrole/summation-item' xlink:from='loc_UtilitiesOperatingExpense' xlink:to='loc_UtilitiesOperatingExpenseTaxes' xlink:type='arc' />
<calculationArc order='110' use='optional' weight='1.0' xlink:arcrole='http://www.xbrl.org/2003/arcrole/summation-item' xlink:from='loc_UtilitiesOperatingExpense' xlink:to='loc_UtilitiesOperatingExpenseImpairments' xlink:type='arc' />
<calculationArc order='120' use='optional' weight='1.0' xlink:arcrole='http://www.xbrl.org/2003/arcrole/summation-item' xlink:from='loc_UtilitiesOperatingExpense' xlink:to='loc_UtilitiesOperatingExpenseOther' xlink:type='arc' />
<calculationArc order='10' weight='1.0' xlink:arcrole='http://www.xbrl.org/2003/arcrole/summation-item' xlink:from='loc_PublicUtilitiesPropertyPlantAndEquipmentNet' xlink:to='loc_PublicUtilitiesPropertyPlantAndEquipmentPlantInService' xlink:type='arc' />
<calculationArc order='10' weight='1.0' xlink:arcrole='http://www.xbrl.org/2003/arcrole/summation-item' xlink:from='loc_PublicUtilitiesPropertyPlantAndEquipmentPlantInService' xlink:to='loc_PublicUtilitiesPropertyPlantAndEquipmentLand' xlink:type='arc' />
<calculationArc order='20' use='optional' weight='1.0' xlink:arcrole='http://www.xbrl.org/2003/arcrole/summation-item' xlink:from='loc_PublicUtilitiesPropertyPlantAndEquipmentPlantInService' xlink:to='loc_PublicUtilitiesPropertyPlantAndEquipmentGenerationOrProcessing' xlink:type='arc' />
<calculationArc order='30' use='optional' weight='1.0' xlink:arcrole='http://www.xbrl.org/2003/arcrole/summation-item' xlink:from='loc_PublicUtilitiesPropertyPlantAndEquipmentPlantInService' xlink:to='loc_PublicUtilitiesPropertyPlantAndEquipmentTransmissionAndDistribution' xlink:type='arc' />
<calculationArc order='10' use='optional' weight='1.0' xlink:arcrole='http://www.xbrl.org/2003/arcrole/summation-item' xlink:from='loc_PublicUtilitiesPropertyPlantAndEquipmentTransmissionAndDistribution' xlink:to='loc_PublicUtilitiesPropertyPlantAndEquipmentTransmission' xlink:type='arc' />
<calculationArc order='20' use='optional' weight='1.0' xlink:arcrole='http://www.xbrl.org/2003/arcrole/summation-item' xlink:from='loc_PublicUtilitiesPropertyPlantAndEquipmentTransmissionAndDistribution' xlink:to='loc_PublicUtilitiesPropertyPlantAndEquipmentDistribution' xlink:type='arc' />
<calculationArc order='40' use='optional' weight='1.0' xlink:arcrole='http://www.xbrl.org/2003/arcrole/summation-item' xlink:from='loc_PublicUtilitiesPropertyPlantAndEquipmentPlantInService' xlink:to='loc_PublicUtilitiesPropertyPlantAndEquipmentFuel' xlink:type='arc' />
<calculationArc order='50' use='optional' weight='1.0' xlink:arcrole='http://www.xbrl.org/2003/arcrole/summation-item' xlink:from='loc_PublicUtilitiesPropertyPlantAndEquipmentPlantInService' xlink:to='loc_PublicUtilitiesPropertyPlantAndEquipmentConstructionWorkInProgress' xlink:type='arc' />
<calculationArc order='60' use='optional' weight='1.0' xlink:arcrole='http://www.xbrl.org/2003/arcrole/summation-item' xlink:from='loc_PublicUtilitiesPropertyPlantAndEquipmentPlantInService' xlink:to='loc_PublicUtilitiesPropertyPlantAndEquipmentCommon' xlink:type='arc' />
<calculationArc order='70' use='optional' weight='1.0' xlink:arcrole='http://www.xbrl.org/2003/arcrole/summation-item' xlink:from='loc_PublicUtilitiesPropertyPlantAndEquipmentPlantInService' xlink:to='loc_PublicUtilitiesPropertyPlantAndEquipmentEquipment' xlink:type='arc' />
<calculationArc order='80' use='optional' weight='1.0' xlink:arcrole='http://www.xbrl.org/2003/arcrole/summation-item' xlink:from='loc_PublicUtilitiesPropertyPlantAndEquipmentPlantInService' xlink:to='loc_PublicUtilitiesPropertyPlantAndEquipmentVehicles' xlink:type='arc' />
<calculationArc order='90' use='optional' weight='1.0' xlink:arcrole='http://www.xbrl.org/2003/arcrole/summation-item' xlink:from='loc_PublicUtilitiesPropertyPlantAndEquipmentPlantInService' xlink:to='loc_PublicUtilitiesPropertyPlantAndEquipmentOtherPropertyPlantAndEquipment' xlink:type='arc' />
<calculationArc order='20' weight='-1.0' xlink:arcrole='http://www.xbrl.org/2003/arcrole/summation-item' xlink:from='loc_PublicUtilitiesPropertyPlantAndEquipmentNet' xlink:to='loc_PublicUtilitiesPropertyPlantAndEquipmentAccumulatedDepreciation' xlink:type='arc' />
<calculationArc order='10' weight='1.0' xlink:arcrole='http://www.xbrl.org/2003/arcrole/summation-item' xlink:from='loc_InterestCostsIncurred' xlink:to='loc_InterestExpenseDebt' xlink:type='arc' />
<calculationArc order='10' weight='1.0' xlink:arcrole='http://www.xbrl.org/2003/arcrole/summation-item' xlink:from='loc_InterestExpenseDebt' xlink:to='loc_AmortizationOfDebtDiscountPremium' xlink:type='arc' />
<calculationArc order='20' weight='1.0' xlink:arcrole='http://www.xbrl.org/2003/arcrole/summation-item' xlink:from='loc_InterestExpenseDebt' xlink:to='loc_AmortizationOfFinancingCosts' xlink:type='arc' />
<calculationArc order='30' weight='1.0' xlink:arcrole='http://www.xbrl.org/2003/arcrole/summation-item' xlink:from='loc_InterestExpenseDebt' xlink:to='loc_InterestExpenseDebtExcludingAmortization' xlink:type='arc' />
<calculationArc order='20' weight='1.0' xlink:arcrole='http://www.xbrl.org/2003/arcrole/summation-item' xlink:from='loc_InterestCostsIncurred' xlink:to='loc_InterestCostsIncurredCapitalized' xlink:type='arc' />
<calculationArc order='10' weight='1.0' xlink:arcrole='http://www.xbrl.org/2003/arcrole/summation-item' xlink:from='loc_InterestCostsIncurredCapitalized' xlink:to='loc_InterestCostsCapitalized' xlink:type='arc' />
<calculationArc order='20' weight='1.0' xlink:arcrole='http://www.xbrl.org/2003/arcrole/summation-item' xlink:from='loc_InterestCostsIncurredCapitalized' xlink:to='loc_PublicUtilitiesAllowanceForFundsUsedDuringConstructionCapitalizedInterest' xlink:type='arc' />
<calculationArc order='10' weight='1.0' xlink:arcrole='http://www.xbrl.org/2003/arcrole/summation-item' xlink:from='loc_CapitalizationLongtermDebtAndEquity' xlink:to='loc_LongTermDebtNoncurrent' xlink:type='arc' />
<calculationArc order='20' weight='1.0' xlink:arcrole='http://www.xbrl.org/2003/arcrole/summation-item' xlink:from='loc_CapitalizationLongtermDebtAndEquity' xlink:to='loc_StockholdersEquityIncludingPortionAttributableToNoncontrollingInterest' xlink:type='arc' />
<calculationArc order='10' weight='1.0' xlink:arcrole='http://www.xbrl.org/2003/arcrole/summation-item' xlink:from='loc_StockholdersEquityIncludingPortionAttributableToNoncontrollingInterest' xlink:to='loc_StockholdersEquity' xlink:type='arc' />
<calculationArc order='10' weight='1.0' xlink:arcrole='http://www.xbrl.org/2003/arcrole/summation-item' xlink:from='loc_StockholdersEquity' xlink:to='loc_PreferredStockValue' xlink:type='arc' />
<calculationArc order='20' weight='-1.0' xlink:arcrole='http://www.xbrl.org/2003/arcrole/summation-item' xlink:from='loc_StockholdersEquity' xlink:to='loc_PreferredStockSharesSubscribedButUnissuedSubscriptionsReceivable' xlink:type='arc' />
<calculationArc order='30' weight='1.0' xlink:arcrole='http://www.xbrl.org/2003/arcrole/summation-item' xlink:from='loc_StockholdersEquity' xlink:to='loc_CommonStockValue' xlink:type='arc' />
<calculationArc order='40' weight='-1.0' xlink:arcrole='http://www.xbrl.org/2003/arcrole/summation-item' xlink:from='loc_StockholdersEquity' xlink:to='loc_CommonStockHeldBySubsidiary' xlink:type='arc' />
<calculationArc order='50' weight='-1.0' xlink:arcrole='http://www.xbrl.org/2003/arcrole/summation-item' xlink:from='loc_StockholdersEquity' xlink:to='loc_CommonStockShareSubscribedButUnissuedSubscriptionsReceivable' xlink:type='arc' />
<calculationArc order='60' weight='1.0' xlink:arcrole='http://www.xbrl.org/2003/arcrole/summation-item' xlink:from='loc_StockholdersEquity' xlink:to='loc_AdditionalPaidInCapital' xlink:type='arc' />
<calculationArc order='10' weight='1.0' xlink:arcrole='http://www.xbrl.org/2003/arcrole/summation-item' xlink:from='loc_AdditionalPaidInCapital' xlink:to='loc_AdditionalPaidInCapitalCommonStock' xlink:type='arc' />
<calculationArc order='20' weight='1.0' xlink:arcrole='http://www.xbrl.org/2003/arcrole/summation-item' xlink:from='loc_AdditionalPaidInCapital' xlink:to='loc_AdditionalPaidInCapitalPreferredStock' xlink:type='arc' />
<calculationArc order='70' weight='-1.0' xlink:arcrole='http://www.xbrl.org/2003/arcrole/summation-item' xlink:from='loc_StockholdersEquity' xlink:to='loc_TreasuryStockValue' xlink:type='arc' />
<calculationArc order='80' weight='1.0' xlink:arcrole='http://www.xbrl.org/2003/arcrole/summation-item' xlink:from='loc_StockholdersEquity' xlink:to='loc_TreasuryStockDeferredEmployeeStockOwnershipPlan' xlink:type='arc' />
<calculationArc order='90' weight='-1.0' xlink:arcrole='http://www.xbrl.org/2003/arcrole/summation-item' xlink:from='loc_StockholdersEquity' xlink:to='loc_DeferredCompensationEquity' xlink:type='arc' />
<calculationArc order='100' weight='1.0' xlink:arcrole='http://www.xbrl.org/2003/arcrole/summation-item' xlink:from='loc_StockholdersEquity' xlink:to='loc_AccumulatedOtherComprehensiveIncomeLossNetOfTax' xlink:type='arc' />
<calculationArc order='10' weight='1.0' xlink:arcrole='http://www.xbrl.org/2003/arcrole/summation-item' xlink:from='loc_AccumulatedOtherComprehensiveIncomeLossNetOfTax' xlink:to='loc_AccumulatedOtherComprehensiveIncomeLossForeignCurrencyTranslationAdjustmentNetOfTax' xlink:type='arc' />
<calculationArc order='20' weight='1.0' xlink:arcrole='http://www.xbrl.org/2003/arcrole/summation-item' xlink:from='loc_AccumulatedOtherComprehensiveIncomeLossNetOfTax' xlink:to='loc_AccumulatedOtherComprehensiveIncomeLossAvailableForSaleSecuritiesAdjustmentNetOfTax' xlink:type='arc' />
<calculationArc order='30' weight='-1.0' xlink:arcrole='http://www.xbrl.org/2003/arcrole/summation-item' xlink:from='loc_AccumulatedOtherComprehensiveIncomeLossNetOfTax' xlink:to='loc_AccumulatedOtherComprehensiveIncomeLossOtherThanTemporaryImpairmentNotCreditLossNetOfTaxDebtSecurities' xlink:type='arc' />
<calculationArc order='10' weight='1.0' xlink:arcrole='http://www.xbrl.org/2003/arcrole/summation-item' xlink:from='loc_AccumulatedOtherComprehensiveIncomeLossOtherThanTemporaryImpairmentNotCreditLossNetOfTaxDebtSecurities' xlink:to='loc_AccumulatedOtherComprehensiveIncomeLossOtherThanTemporaryImpairmentNotCreditLossNetOfTaxAvailableforsaleDebtSecurities' xlink:type='arc' />
<calculationArc order='20' weight='1.0' xlink:arcrole='http://www.xbrl.org/2003/arcrole/summation-item' xlink:from='loc_AccumulatedOtherComprehensiveIncomeLossOtherThanTemporaryImpairmentNotCreditLossNetOfTaxDebtSecurities' xlink:to='loc_AccumulatedOtherComprehensiveIncomeLossOtherThanTemporaryImpairmentNotCreditLossNetOfTaxHeldtomaturityDebtSecurities' xlink:type='arc' />
<calculationArc order='40' weight='1.0' xlink:arcrole='http://www.xbrl.org/2003/arcrole/summation-item' xlink:from='loc_AccumulatedOtherComprehensiveIncomeLossNetOfTax' xlink:to='loc_AccumulatedOtherComprehensiveIncomeLossCumulativeChangesInNetGainLossFromCashFlowHedgesEffectNetOfTax' xlink:type='arc' />
<calculationArc order='50' weight='-1.0' xlink:arcrole='http://www.xbrl.org/2003/arcrole/summation-item' xlink:from='loc_AccumulatedOtherComprehensiveIncomeLossNetOfTax' xlink:to='loc_AccumulatedOtherComprehensiveIncomeLossDefinedBenefitPensionAndOtherPostretirementPlansNetOfTax' xlink:type='arc' />
<calculationArc order='110' weight='-1.0' xlink:arcrole='http://www.xbrl.org/2003/arcrole/summation-item' xlink:from='loc_StockholdersEquity' xlink:to='loc_AccumulatedDistributionsInExcessOfNetIncome' xlink:type='arc' />
<calculationArc order='120' weight='1.0' xlink:arcrole='http://www.xbrl.org/2003/arcrole/summation-item' xlink:from='loc_StockholdersEquity' xlink:to='loc_RetainedEarningsAccumulatedDeficit' xlink:type='arc' />
<calculationArc order='10' weight='1.0' xlink:arcrole='http://www.xbrl.org/2003/arcrole/summation-item' xlink:from='loc_RetainedEarningsAccumulatedDeficit' xlink:to='loc_RetainedEarningsAppropriated' xlink:type='arc' />
<calculationArc order='20' weight='1.0' xlink:arcrole='http://www.xbrl.org/2003/arcrole/summation-item' xlink:from='loc_RetainedEarningsAccumulatedDeficit' xlink:to='loc_RetainedEarningsUnappropriated' xlink:type='arc' />
<calculationArc order='30' weight='1.0' xlink:arcrole='http://www.xbrl.org/2003/arcrole/summation-item' xlink:from='loc_RetainedEarningsAccumulatedDeficit' xlink:to='loc_UndistributedIncomeFromOtherThanGainOrLossOnSaleOfProperties' xlink:type='arc' />
<calculationArc order='40' weight='1.0' xlink:arcrole='http://www.xbrl.org/2003/arcrole/summation-item' xlink:from='loc_RetainedEarningsAccumulatedDeficit' xlink:to='loc_UndistributedNetRealizedGainOrLossOnSaleOfProperties' xlink:type='arc' />
<calculationArc order='130' weight='-1.0' xlink:arcrole='http://www.xbrl.org/2003/arcrole/summation-item' xlink:from='loc_StockholdersEquity' xlink:to='loc_UnearnedESOPShares' xlink:type='arc' />
<calculationArc order='140' weight='1.0' xlink:arcrole='http://www.xbrl.org/2003/arcrole/summation-item' xlink:from='loc_StockholdersEquity' xlink:to='loc_OtherAdditionalCapital' xlink:type='arc' />
<calculationArc order='150' weight='-1.0' xlink:arcrole='http://www.xbrl.org/2003/arcrole/summation-item' xlink:from='loc_StockholdersEquity' xlink:to='loc_ReceivableFromOfficersAndDirectorsForIssuanceOfCapitalStock' xlink:type='arc' />
<calculationArc order='160' weight='-1.0' xlink:arcrole='http://www.xbrl.org/2003/arcrole/summation-item' xlink:from='loc_StockholdersEquity' xlink:to='loc_ReceivableFromShareholdersOrAffiliatesForIssuanceOfCapitalStock' xlink:type='arc' />
<calculationArc order='20' weight='1.0' xlink:arcrole='http://www.xbrl.org/2003/arcrole/summation-item' xlink:from='loc_StockholdersEquityIncludingPortionAttributableToNoncontrollingInterest' xlink:to='loc_MinorityInterest' xlink:type='arc' />
</calculationLink>
</link:linkbase>
