<?xml version="1.0" encoding="UTF-8" standalone="no"?>

<!--
(c) XBRL US, Inc. 2007-2010; Financial Accounting Foundation, Inc. 2010-2011.  All Rights Reserved.
Notice: Authorized Uses are Set Forth at http://xbrl.fasb.org/terms/TaxonomiesTermsConditions.html
  -->
<link:linkbase xmlns:link='http://www.xbrl.org/2003/linkbase' xmlns:xbrldt='http://xbrl.org/2005/xbrldt' xmlns:xlink='http://www.w3.org/1999/xlink' xmlns:xsi='http://www.w3.org/2001/XMLSchema-instance' xsi:schemaLocation='http://www.xbrl.org/2003/linkbase http://www.xbrl.org/2003/xbrl-linkbase-2003-12-31.xsd'>
<link:roleRef roleURI='http://fasb.org/us-gaap/role/disclosure/EnvironmentalRemediationObligationsScheduleOfEnvironmentalExitCostTable' xlink:href='../elts/us-roles-2011-01-31.xsd#EnvironmentalRemediationObligationsScheduleOfEnvironmentalExitCostTable' xlink:type='simple' />
<link:roleRef roleURI='http://fasb.org/us-gaap/role/disclosure/EnvironmentalRemediationObligationsSiteContingencyTable' xlink:href='../elts/us-roles-2011-01-31.xsd#EnvironmentalRemediationObligationsSiteContingencyTable' xlink:type='simple' />
<link:arcroleRef arcroleURI='http://xbrl.org/int/dim/arcrole/all' xlink:href='http://www.xbrl.org/2005/xbrldt-2005.xsd#all' xlink:type='simple' />
<link:arcroleRef arcroleURI='http://xbrl.org/int/dim/arcrole/hypercube-dimension' xlink:href='http://www.xbrl.org/2005/xbrldt-2005.xsd#hypercube-dimension' xlink:type='simple' />
<link:arcroleRef arcroleURI='http://xbrl.org/int/dim/arcrole/dimension-domain' xlink:href='http://www.xbrl.org/2005/xbrldt-2005.xsd#dimension-domain' xlink:type='simple' />
<link:arcroleRef arcroleURI='http://xbrl.org/int/dim/arcrole/dimension-default' xlink:href='http://www.xbrl.org/2005/xbrldt-2005.xsd#dimension-default' xlink:type='simple' />
<link:arcroleRef arcroleURI='http://xbrl.org/int/dim/arcrole/domain-member' xlink:href='http://www.xbrl.org/2005/xbrldt-2005.xsd#domain-member' xlink:type='simple' />
<!--Definition relationships for table SiteContingencyTable in presentation http://fasb.org/us-gaap/role/disclosure/EnvironmentalRemediationObligations-->
<link:definitionLink xlink:role='http://fasb.org/us-gaap/role/disclosure/EnvironmentalRemediationObligationsSiteContingencyTable' xlink:type='extended'>
<link:loc xlink:href='../elts/us-gaap-2011-01-31.xsd#us-gaap_SiteContingencyTable' xlink:label='loc_SiteContingencyTable' xlink:type='locator' />
<link:loc xlink:href='../elts/us-gaap-2011-01-31.xsd#us-gaap_SiteContingencyLineItems' xlink:label='loc_SiteContingencyLineItems' xlink:type='locator' />
<link:definitionArc order='1.0' xbrldt:closed='true' xbrldt:contextElement='segment' xlink:arcrole='http://xbrl.org/int/dim/arcrole/all' xlink:from='loc_SiteContingencyLineItems' xlink:to='loc_SiteContingencyTable' xlink:type='arc' />
</link:definitionLink>
<link:definitionLink xlink:role='http://fasb.org/us-gaap/role/disclosure/EnvironmentalRemediationObligationsSiteContingencyTable' xlink:type='extended'>
<link:loc xlink:href='../elts/us-gaap-2011-01-31.xsd#us-gaap_SiteContingencyTable' xlink:label='loc_SiteContingencyTable' xlink:type='locator' />
<link:loc xlink:href='../elts/us-gaap-2011-01-31.xsd#us-gaap_SiteContingencyByNatureAxis' xlink:label='loc_SiteContingencyByNatureAxis' xlink:type='locator' />
<link:definitionArc order='1.0' xlink:arcrole='http://xbrl.org/int/dim/arcrole/hypercube-dimension' xlink:from='loc_SiteContingencyTable' xlink:to='loc_SiteContingencyByNatureAxis' xlink:type='arc' />
</link:definitionLink>
<link:definitionLink xlink:role='http://fasb.org/us-gaap/role/disclosure/EnvironmentalRemediationObligationsSiteContingencyTable' xlink:type='extended'>
<link:loc xlink:href='../elts/us-gaap-2011-01-31.xsd#us-gaap_SiteContingencyByNatureAxis' xlink:label='loc_SiteContingencyByNatureAxis' xlink:type='locator' />
<link:loc xlink:href='../elts/us-gaap-2011-01-31.xsd#us-gaap_SiteContingencyNatureOfContingencyDomain' xlink:label='loc_SiteContingencyNatureOfContingencyDomain' xlink:type='locator' />
<link:definitionArc order='1.0' xlink:arcrole='http://xbrl.org/int/dim/arcrole/dimension-domain' xlink:from='loc_SiteContingencyByNatureAxis' xlink:to='loc_SiteContingencyNatureOfContingencyDomain' xlink:type='arc' />
</link:definitionLink>
<link:definitionLink xlink:role='http://fasb.org/us-gaap/role/disclosure/EnvironmentalRemediationObligationsSiteContingencyTable' xlink:type='extended'>
<link:loc xlink:href='../elts/us-gaap-2011-01-31.xsd#us-gaap_SiteContingencyByNatureAxis' xlink:label='loc_SiteContingencyByNatureAxis' xlink:type='locator' />
<link:loc xlink:href='../elts/us-gaap-2011-01-31.xsd#us-gaap_SiteContingencyNatureOfContingencyDomain' xlink:label='loc_SiteContingencyNatureOfContingencyDomain' xlink:type='locator' />
<link:definitionArc order='1.0' xlink:arcrole='http://xbrl.org/int/dim/arcrole/dimension-default' xlink:from='loc_SiteContingencyByNatureAxis' xlink:to='loc_SiteContingencyNatureOfContingencyDomain' xlink:type='arc' />
</link:definitionLink>
<link:definitionLink xlink:role='http://fasb.org/us-gaap/role/disclosure/EnvironmentalRemediationObligationsSiteContingencyTable' xlink:type='extended'>
<link:loc xlink:href='../elts/us-gaap-2011-01-31.xsd#us-gaap_SiteContingencyLineItems' xlink:label='loc_SiteContingencyLineItems' xlink:type='locator' />
<link:loc xlink:href='../elts/us-gaap-2011-01-31.xsd#us-gaap_SiteContingencyNameOfSite' xlink:label='loc_SiteContingencyNameOfSite' xlink:type='locator' />
<link:loc xlink:href='../elts/us-gaap-2011-01-31.xsd#us-gaap_SiteContingencySoldStatus' xlink:label='loc_SiteContingencySoldStatus' xlink:type='locator' />
<link:loc xlink:href='../elts/us-gaap-2011-01-31.xsd#us-gaap_SiteContingencyManagementAssessmentProcess' xlink:label='loc_SiteContingencyManagementAssessmentProcess' xlink:type='locator' />
<link:loc xlink:href='../elts/us-gaap-2011-01-31.xsd#us-gaap_SiteContingencyAccrualAssumptions' xlink:label='loc_SiteContingencyAccrualAssumptions' xlink:type='locator' />
<link:loc xlink:href='../elts/us-gaap-2011-01-31.xsd#us-gaap_SiteContingencyCircumstancesImpactingPrecisionOfEstimate' xlink:label='loc_SiteContingencyCircumstancesImpactingPrecisionOfEstimate' xlink:type='locator' />
<link:loc xlink:href='../elts/us-gaap-2011-01-31.xsd#us-gaap_SiteContingencyFactorsChangingEstimate' xlink:label='loc_SiteContingencyFactorsChangingEstimate' xlink:type='locator' />
<link:loc xlink:href='../elts/us-gaap-2011-01-31.xsd#us-gaap_SiteContingencyLossInestimableExplanation' xlink:label='loc_SiteContingencyLossInestimableExplanation' xlink:type='locator' />
<link:loc xlink:href='../elts/us-gaap-2011-01-31.xsd#us-gaap_SiteContingencyAccrualUndiscountedAmount' xlink:label='loc_SiteContingencyAccrualUndiscountedAmount' xlink:type='locator' />
<link:loc xlink:href='../elts/us-gaap-2011-01-31.xsd#us-gaap_SiteContingencyAccrualDiscountRate' xlink:label='loc_SiteContingencyAccrualDiscountRate' xlink:type='locator' />
<link:loc xlink:href='../elts/us-gaap-2011-01-31.xsd#us-gaap_SiteContingencyAccrualDiscountAmount' xlink:label='loc_SiteContingencyAccrualDiscountAmount' xlink:type='locator' />
<link:loc xlink:href='../elts/us-gaap-2011-01-31.xsd#us-gaap_SiteContingencyAccrualPresentValue' xlink:label='loc_SiteContingencyAccrualPresentValue' xlink:type='locator' />
<link:loc xlink:href='../elts/us-gaap-2011-01-31.xsd#us-gaap_SiteContingencyAccrualCaption' xlink:label='loc_SiteContingencyAccrualCaption' xlink:type='locator' />
<link:loc xlink:href='../elts/us-gaap-2011-01-31.xsd#us-gaap_SiteContingencyIndicationAccrualMayChange' xlink:label='loc_SiteContingencyIndicationAccrualMayChange' xlink:type='locator' />
<link:loc xlink:href='../elts/us-gaap-2011-01-31.xsd#us-gaap_SiteContingencyLossExposureNotAccruedDescription' xlink:label='loc_SiteContingencyLossExposureNotAccruedDescription' xlink:type='locator' />
<link:loc xlink:href='../elts/us-gaap-2011-01-31.xsd#us-gaap_SiteContingencyLossExposureNotAccruedBestEstimate' xlink:label='loc_SiteContingencyLossExposureNotAccruedBestEstimate' xlink:type='locator' />
<link:loc xlink:href='../elts/us-gaap-2011-01-31.xsd#us-gaap_SiteContingencyLossExposureNotAccruedLowEstimate' xlink:label='loc_SiteContingencyLossExposureNotAccruedLowEstimate' xlink:type='locator' />
<link:loc xlink:href='../elts/us-gaap-2011-01-31.xsd#us-gaap_SiteContingencyLossExposureNotAccruedHighEstimate' xlink:label='loc_SiteContingencyLossExposureNotAccruedHighEstimate' xlink:type='locator' />
<link:loc xlink:href='../elts/us-gaap-2011-01-31.xsd#us-gaap_SiteContingencyLossExposureNotAccruedThirdPartyRecoveryCommentary' xlink:label='loc_SiteContingencyLossExposureNotAccruedThirdPartyRecoveryCommentary' xlink:type='locator' />
<link:loc xlink:href='../elts/us-gaap-2011-01-31.xsd#us-gaap_SiteContingencyLossExposureInExcessOfAccrualDescription' xlink:label='loc_SiteContingencyLossExposureInExcessOfAccrualDescription' xlink:type='locator' />
<link:loc xlink:href='../elts/us-gaap-2011-01-31.xsd#us-gaap_SiteContingencyLossExposureInExcessOfAccrualBestEstimate' xlink:label='loc_SiteContingencyLossExposureInExcessOfAccrualBestEstimate' xlink:type='locator' />
<link:loc xlink:href='../elts/us-gaap-2011-01-31.xsd#us-gaap_SiteContingencyLossExposureInExcessOfAccrualLowEstimate' xlink:label='loc_SiteContingencyLossExposureInExcessOfAccrualLowEstimate' xlink:type='locator' />
<link:loc xlink:href='../elts/us-gaap-2011-01-31.xsd#us-gaap_SiteContingencyLossExposureInExcessOfAccrualHighEstimate' xlink:label='loc_SiteContingencyLossExposureInExcessOfAccrualHighEstimate' xlink:type='locator' />
<link:loc xlink:href='../elts/us-gaap-2011-01-31.xsd#us-gaap_SiteContingencyUnassertedClaims' xlink:label='loc_SiteContingencyUnassertedClaims' xlink:type='locator' />
<link:loc xlink:href='../elts/us-gaap-2011-01-31.xsd#us-gaap_SiteContingencyUncertaintiesFromJointAndSeveralLiability' xlink:label='loc_SiteContingencyUncertaintiesFromJointAndSeveralLiability' xlink:type='locator' />
<link:loc xlink:href='../elts/us-gaap-2011-01-31.xsd#us-gaap_SiteContingencyUncertaintiesFromInsurance' xlink:label='loc_SiteContingencyUncertaintiesFromInsurance' xlink:type='locator' />
<link:loc xlink:href='../elts/us-gaap-2011-01-31.xsd#us-gaap_SiteContingencyTimeFrameOfDisbursements' xlink:label='loc_SiteContingencyTimeFrameOfDisbursements' xlink:type='locator' />
<link:loc xlink:href='../elts/us-gaap-2011-01-31.xsd#us-gaap_SiteContingencyTimeFrameForRecognizedProbableRecoveries' xlink:label='loc_SiteContingencyTimeFrameForRecognizedProbableRecoveries' xlink:type='locator' />
<link:loc xlink:href='../elts/us-gaap-2011-01-31.xsd#us-gaap_SiteContingencyNamesOfOtherPotentiallyResponsibleParties' xlink:label='loc_SiteContingencyNamesOfOtherPotentiallyResponsibleParties' xlink:type='locator' />
<link:loc xlink:href='../elts/us-gaap-2011-01-31.xsd#us-gaap_SiteContingencyNatureAndTermsOfCostSharingRelationships' xlink:label='loc_SiteContingencyNatureAndTermsOfCostSharingRelationships' xlink:type='locator' />
<link:loc xlink:href='../elts/us-gaap-2011-01-31.xsd#us-gaap_SiteContingencyStatusOfRegulatoryProceedings' xlink:label='loc_SiteContingencyStatusOfRegulatoryProceedings' xlink:type='locator' />
<link:loc xlink:href='../elts/us-gaap-2011-01-31.xsd#us-gaap_SiteContingencyEstimatedTimeFrameToResolveContingency' xlink:label='loc_SiteContingencyEstimatedTimeFrameToResolveContingency' xlink:type='locator' />
<link:loc xlink:href='../elts/us-gaap-2011-01-31.xsd#us-gaap_SiteContingencyEnvironmentalRemediationCostsRecognized' xlink:label='loc_SiteContingencyEnvironmentalRemediationCostsRecognized' xlink:type='locator' />
<link:loc xlink:href='../elts/us-gaap-2011-01-31.xsd#us-gaap_SiteContingencyRecoveryFromThirdPartyOfEnvironmentalRemediationCost' xlink:label='loc_SiteContingencyRecoveryFromThirdPartyOfEnvironmentalRemediationCost' xlink:type='locator' />
<link:definitionArc order='1.0' xlink:arcrole='http://xbrl.org/int/dim/arcrole/domain-member' xlink:from='loc_SiteContingencyLineItems' xlink:to='loc_SiteContingencyNameOfSite' xlink:type='arc' />
<link:definitionArc order='2.0' xlink:arcrole='http://xbrl.org/int/dim/arcrole/domain-member' xlink:from='loc_SiteContingencyLineItems' xlink:to='loc_SiteContingencySoldStatus' xlink:type='arc' />
<link:definitionArc order='3.0' xlink:arcrole='http://xbrl.org/int/dim/arcrole/domain-member' xlink:from='loc_SiteContingencyLineItems' xlink:to='loc_SiteContingencyManagementAssessmentProcess' xlink:type='arc' />
<link:definitionArc order='4.0' xlink:arcrole='http://xbrl.org/int/dim/arcrole/domain-member' xlink:from='loc_SiteContingencyLineItems' xlink:to='loc_SiteContingencyAccrualAssumptions' xlink:type='arc' />
<link:definitionArc order='5.0' xlink:arcrole='http://xbrl.org/int/dim/arcrole/domain-member' xlink:from='loc_SiteContingencyLineItems' xlink:to='loc_SiteContingencyCircumstancesImpactingPrecisionOfEstimate' xlink:type='arc' />
<link:definitionArc order='6.0' xlink:arcrole='http://xbrl.org/int/dim/arcrole/domain-member' xlink:from='loc_SiteContingencyLineItems' xlink:to='loc_SiteContingencyFactorsChangingEstimate' xlink:type='arc' />
<link:definitionArc order='7.0' xlink:arcrole='http://xbrl.org/int/dim/arcrole/domain-member' xlink:from='loc_SiteContingencyLineItems' xlink:to='loc_SiteContingencyLossInestimableExplanation' xlink:type='arc' />
<link:definitionArc order='8.0' xlink:arcrole='http://xbrl.org/int/dim/arcrole/domain-member' xlink:from='loc_SiteContingencyLineItems' xlink:to='loc_SiteContingencyAccrualUndiscountedAmount' xlink:type='arc' />
<link:definitionArc order='9.0' xlink:arcrole='http://xbrl.org/int/dim/arcrole/domain-member' xlink:from='loc_SiteContingencyLineItems' xlink:to='loc_SiteContingencyAccrualDiscountRate' xlink:type='arc' />
<link:definitionArc order='10.0' xlink:arcrole='http://xbrl.org/int/dim/arcrole/domain-member' xlink:from='loc_SiteContingencyLineItems' xlink:to='loc_SiteContingencyAccrualDiscountAmount' xlink:type='arc' />
<link:definitionArc order='11.0' xlink:arcrole='http://xbrl.org/int/dim/arcrole/domain-member' xlink:from='loc_SiteContingencyLineItems' xlink:to='loc_SiteContingencyAccrualPresentValue' xlink:type='arc' />
<link:definitionArc order='12.0' xlink:arcrole='http://xbrl.org/int/dim/arcrole/domain-member' xlink:from='loc_SiteContingencyLineItems' xlink:to='loc_SiteContingencyAccrualCaption' xlink:type='arc' />
<link:definitionArc order='13.0' xlink:arcrole='http://xbrl.org/int/dim/arcrole/domain-member' xlink:from='loc_SiteContingencyLineItems' xlink:to='loc_SiteContingencyIndicationAccrualMayChange' xlink:type='arc' />
<link:definitionArc order='14.0' xlink:arcrole='http://xbrl.org/int/dim/arcrole/domain-member' xlink:from='loc_SiteContingencyLineItems' xlink:to='loc_SiteContingencyLossExposureNotAccruedDescription' xlink:type='arc' />
<link:definitionArc order='15.0' xlink:arcrole='http://xbrl.org/int/dim/arcrole/domain-member' xlink:from='loc_SiteContingencyLossExposureNotAccruedDescription' xlink:to='loc_SiteContingencyLossExposureNotAccruedBestEstimate' xlink:type='arc' />
<link:definitionArc order='16.0' xlink:arcrole='http://xbrl.org/int/dim/arcrole/domain-member' xlink:from='loc_SiteContingencyLossExposureNotAccruedDescription' xlink:to='loc_SiteContingencyLossExposureNotAccruedLowEstimate' xlink:type='arc' />
<link:definitionArc order='17.0' xlink:arcrole='http://xbrl.org/int/dim/arcrole/domain-member' xlink:from='loc_SiteContingencyLossExposureNotAccruedDescription' xlink:to='loc_SiteContingencyLossExposureNotAccruedHighEstimate' xlink:type='arc' />
<link:definitionArc order='18.0' xlink:arcrole='http://xbrl.org/int/dim/arcrole/domain-member' xlink:from='loc_SiteContingencyLineItems' xlink:to='loc_SiteContingencyLossExposureNotAccruedThirdPartyRecoveryCommentary' xlink:type='arc' />
<link:definitionArc order='19.0' xlink:arcrole='http://xbrl.org/int/dim/arcrole/domain-member' xlink:from='loc_SiteContingencyLineItems' xlink:to='loc_SiteContingencyLossExposureInExcessOfAccrualDescription' xlink:type='arc' />
<link:definitionArc order='20.0' xlink:arcrole='http://xbrl.org/int/dim/arcrole/domain-member' xlink:from='loc_SiteContingencyLossExposureInExcessOfAccrualDescription' xlink:to='loc_SiteContingencyLossExposureInExcessOfAccrualBestEstimate' xlink:type='arc' />
<link:definitionArc order='21.0' xlink:arcrole='http://xbrl.org/int/dim/arcrole/domain-member' xlink:from='loc_SiteContingencyLossExposureInExcessOfAccrualDescription' xlink:to='loc_SiteContingencyLossExposureInExcessOfAccrualLowEstimate' xlink:type='arc' />
<link:definitionArc order='22.0' xlink:arcrole='http://xbrl.org/int/dim/arcrole/domain-member' xlink:from='loc_SiteContingencyLossExposureInExcessOfAccrualDescription' xlink:to='loc_SiteContingencyLossExposureInExcessOfAccrualHighEstimate' xlink:type='arc' />
<link:definitionArc order='23.0' xlink:arcrole='http://xbrl.org/int/dim/arcrole/domain-member' xlink:from='loc_SiteContingencyLineItems' xlink:to='loc_SiteContingencyUnassertedClaims' xlink:type='arc' />
<link:definitionArc order='24.0' xlink:arcrole='http://xbrl.org/int/dim/arcrole/domain-member' xlink:from='loc_SiteContingencyLineItems' xlink:to='loc_SiteContingencyUncertaintiesFromJointAndSeveralLiability' xlink:type='arc' />
<link:definitionArc order='25.0' xlink:arcrole='http://xbrl.org/int/dim/arcrole/domain-member' xlink:from='loc_SiteContingencyLineItems' xlink:to='loc_SiteContingencyUncertaintiesFromInsurance' xlink:type='arc' />
<link:definitionArc order='26.0' xlink:arcrole='http://xbrl.org/int/dim/arcrole/domain-member' xlink:from='loc_SiteContingencyLineItems' xlink:to='loc_SiteContingencyTimeFrameOfDisbursements' xlink:type='arc' />
<link:definitionArc order='27.0' xlink:arcrole='http://xbrl.org/int/dim/arcrole/domain-member' xlink:from='loc_SiteContingencyLineItems' xlink:to='loc_SiteContingencyTimeFrameForRecognizedProbableRecoveries' xlink:type='arc' />
<link:definitionArc order='28.0' xlink:arcrole='http://xbrl.org/int/dim/arcrole/domain-member' xlink:from='loc_SiteContingencyLineItems' xlink:to='loc_SiteContingencyNamesOfOtherPotentiallyResponsibleParties' xlink:type='arc' />
<link:definitionArc order='29.0' xlink:arcrole='http://xbrl.org/int/dim/arcrole/domain-member' xlink:from='loc_SiteContingencyLineItems' xlink:to='loc_SiteContingencyNatureAndTermsOfCostSharingRelationships' xlink:type='arc' />
<link:definitionArc order='30.0' xlink:arcrole='http://xbrl.org/int/dim/arcrole/domain-member' xlink:from='loc_SiteContingencyLineItems' xlink:to='loc_SiteContingencyStatusOfRegulatoryProceedings' xlink:type='arc' />
<link:definitionArc order='31.0' xlink:arcrole='http://xbrl.org/int/dim/arcrole/domain-member' xlink:from='loc_SiteContingencyLineItems' xlink:to='loc_SiteContingencyEstimatedTimeFrameToResolveContingency' xlink:type='arc' />
<link:definitionArc order='32.0' xlink:arcrole='http://xbrl.org/int/dim/arcrole/domain-member' xlink:from='loc_SiteContingencyLineItems' xlink:to='loc_SiteContingencyEnvironmentalRemediationCostsRecognized' xlink:type='arc' />
<link:definitionArc order='33.0' xlink:arcrole='http://xbrl.org/int/dim/arcrole/domain-member' xlink:from='loc_SiteContingencyLineItems' xlink:to='loc_SiteContingencyRecoveryFromThirdPartyOfEnvironmentalRemediationCost' xlink:type='arc' />
</link:definitionLink>
<!--Definition relationships for table ScheduleOfEnvironmentalExitCostTable in presentation http://fasb.org/us-gaap/role/disclosure/EnvironmentalRemediationObligations-->
<link:definitionLink xlink:role='http://fasb.org/us-gaap/role/disclosure/EnvironmentalRemediationObligationsScheduleOfEnvironmentalExitCostTable' xlink:type='extended'>
<link:loc xlink:href='../elts/us-gaap-2011-01-31.xsd#us-gaap_ScheduleOfEnvironmentalExitCostTable' xlink:label='loc_ScheduleOfEnvironmentalExitCostTable' xlink:type='locator' />
<link:loc xlink:href='../elts/us-gaap-2011-01-31.xsd#us-gaap_EnvironmentalExitCostLineItems' xlink:label='loc_EnvironmentalExitCostLineItems' xlink:type='locator' />
<link:definitionArc order='1.0' xbrldt:closed='true' xbrldt:contextElement='segment' xlink:arcrole='http://xbrl.org/int/dim/arcrole/all' xlink:from='loc_EnvironmentalExitCostLineItems' xlink:to='loc_ScheduleOfEnvironmentalExitCostTable' xlink:type='arc' />
</link:definitionLink>
<link:definitionLink xlink:role='http://fasb.org/us-gaap/role/disclosure/EnvironmentalRemediationObligationsScheduleOfEnvironmentalExitCostTable' xlink:type='extended'>
<link:loc xlink:href='../elts/us-gaap-2011-01-31.xsd#us-gaap_ScheduleOfEnvironmentalExitCostTable' xlink:label='loc_ScheduleOfEnvironmentalExitCostTable' xlink:type='locator' />
<link:loc xlink:href='../elts/us-gaap-2011-01-31.xsd#us-gaap_EnvironmentalExitCostByPropertyAxis' xlink:label='loc_EnvironmentalExitCostByPropertyAxis' xlink:type='locator' />
<link:definitionArc order='1.0' xlink:arcrole='http://xbrl.org/int/dim/arcrole/hypercube-dimension' xlink:from='loc_ScheduleOfEnvironmentalExitCostTable' xlink:to='loc_EnvironmentalExitCostByPropertyAxis' xlink:type='arc' />
</link:definitionLink>
<link:definitionLink xlink:role='http://fasb.org/us-gaap/role/disclosure/EnvironmentalRemediationObligationsScheduleOfEnvironmentalExitCostTable' xlink:type='extended'>
<link:loc xlink:href='../elts/us-gaap-2011-01-31.xsd#us-gaap_EnvironmentalExitCostByPropertyAxis' xlink:label='loc_EnvironmentalExitCostByPropertyAxis' xlink:type='locator' />
<link:loc xlink:href='../elts/us-gaap-2011-01-31.xsd#us-gaap_EnvironmentalExitCostsNameOfPropertyDomain' xlink:label='loc_EnvironmentalExitCostsNameOfPropertyDomain' xlink:type='locator' />
<link:definitionArc order='1.0' xlink:arcrole='http://xbrl.org/int/dim/arcrole/dimension-domain' xlink:from='loc_EnvironmentalExitCostByPropertyAxis' xlink:to='loc_EnvironmentalExitCostsNameOfPropertyDomain' xlink:type='arc' />
</link:definitionLink>
<link:definitionLink xlink:role='http://fasb.org/us-gaap/role/disclosure/EnvironmentalRemediationObligationsScheduleOfEnvironmentalExitCostTable' xlink:type='extended'>
<link:loc xlink:href='../elts/us-gaap-2011-01-31.xsd#us-gaap_EnvironmentalExitCostByPropertyAxis' xlink:label='loc_EnvironmentalExitCostByPropertyAxis' xlink:type='locator' />
<link:loc xlink:href='../elts/us-gaap-2011-01-31.xsd#us-gaap_EnvironmentalExitCostsNameOfPropertyDomain' xlink:label='loc_EnvironmentalExitCostsNameOfPropertyDomain' xlink:type='locator' />
<link:definitionArc order='1.0' xlink:arcrole='http://xbrl.org/int/dim/arcrole/dimension-default' xlink:from='loc_EnvironmentalExitCostByPropertyAxis' xlink:to='loc_EnvironmentalExitCostsNameOfPropertyDomain' xlink:type='arc' />
</link:definitionLink>
<link:definitionLink xlink:role='http://fasb.org/us-gaap/role/disclosure/EnvironmentalRemediationObligationsScheduleOfEnvironmentalExitCostTable' xlink:type='extended'>
<link:loc xlink:href='../elts/us-gaap-2011-01-31.xsd#us-gaap_EnvironmentalExitCostLineItems' xlink:label='loc_EnvironmentalExitCostLineItems' xlink:type='locator' />
<link:loc xlink:href='../elts/us-gaap-2011-01-31.xsd#us-gaap_EnvironmentalExitCostsNatureOfCosts' xlink:label='loc_EnvironmentalExitCostsNatureOfCosts' xlink:type='locator' />
<link:loc xlink:href='../elts/us-gaap-2011-01-31.xsd#us-gaap_EnvironmentalExitCostsAnticipatedCost' xlink:label='loc_EnvironmentalExitCostsAnticipatedCost' xlink:type='locator' />
<link:loc xlink:href='../elts/us-gaap-2011-01-31.xsd#us-gaap_EnvironmentalExitCostsCostsAccruedToDate' xlink:label='loc_EnvironmentalExitCostsCostsAccruedToDate' xlink:type='locator' />
<link:loc xlink:href='../elts/us-gaap-2011-01-31.xsd#us-gaap_EnvironmentalExitCostsReasonablyPossibleAdditionalLosses' xlink:label='loc_EnvironmentalExitCostsReasonablyPossibleAdditionalLosses' xlink:type='locator' />
<link:loc xlink:href='../elts/us-gaap-2011-01-31.xsd#us-gaap_EnvironmentalExitCostsReasonablyPossibleAdditionalLossesBestEstimate' xlink:label='loc_EnvironmentalExitCostsReasonablyPossibleAdditionalLossesBestEstimate' xlink:type='locator' />
<link:loc xlink:href='../elts/us-gaap-2011-01-31.xsd#us-gaap_EnvironmentalExitCostsReasonablyPossibleAdditionalLossesLowEstimate' xlink:label='loc_EnvironmentalExitCostsReasonablyPossibleAdditionalLossesLowEstimate' xlink:type='locator' />
<link:loc xlink:href='../elts/us-gaap-2011-01-31.xsd#us-gaap_EnvironmentalExitCostsReasonablyPossibleAdditionalLossesHighEstimate' xlink:label='loc_EnvironmentalExitCostsReasonablyPossibleAdditionalLossesHighEstimate' xlink:type='locator' />
<link:loc xlink:href='../elts/us-gaap-2011-01-31.xsd#us-gaap_EnvironmentalExitCostsImpairmentAssessment' xlink:label='loc_EnvironmentalExitCostsImpairmentAssessment' xlink:type='locator' />
<link:loc xlink:href='../elts/us-gaap-2011-01-31.xsd#us-gaap_EnvironmentalExitCostsAssetsPreviouslyDisposedLiabilityForRemediation' xlink:label='loc_EnvironmentalExitCostsAssetsPreviouslyDisposedLiabilityForRemediation' xlink:type='locator' />
<link:definitionArc order='1.0' xlink:arcrole='http://xbrl.org/int/dim/arcrole/domain-member' xlink:from='loc_EnvironmentalExitCostLineItems' xlink:to='loc_EnvironmentalExitCostsNatureOfCosts' xlink:type='arc' />
<link:definitionArc order='2.0' xlink:arcrole='http://xbrl.org/int/dim/arcrole/domain-member' xlink:from='loc_EnvironmentalExitCostLineItems' xlink:to='loc_EnvironmentalExitCostsAnticipatedCost' xlink:type='arc' />
<link:definitionArc order='3.0' xlink:arcrole='http://xbrl.org/int/dim/arcrole/domain-member' xlink:from='loc_EnvironmentalExitCostLineItems' xlink:to='loc_EnvironmentalExitCostsCostsAccruedToDate' xlink:type='arc' />
<link:definitionArc order='4.0' xlink:arcrole='http://xbrl.org/int/dim/arcrole/domain-member' xlink:from='loc_EnvironmentalExitCostLineItems' xlink:to='loc_EnvironmentalExitCostsReasonablyPossibleAdditionalLosses' xlink:type='arc' />
<link:definitionArc order='5.0' xlink:arcrole='http://xbrl.org/int/dim/arcrole/domain-member' xlink:from='loc_EnvironmentalExitCostLineItems' xlink:to='loc_EnvironmentalExitCostsReasonablyPossibleAdditionalLossesBestEstimate' xlink:type='arc' />
<link:definitionArc order='6.0' xlink:arcrole='http://xbrl.org/int/dim/arcrole/domain-member' xlink:from='loc_EnvironmentalExitCostLineItems' xlink:to='loc_EnvironmentalExitCostsReasonablyPossibleAdditionalLossesLowEstimate' xlink:type='arc' />
<link:definitionArc order='7.0' xlink:arcrole='http://xbrl.org/int/dim/arcrole/domain-member' xlink:from='loc_EnvironmentalExitCostLineItems' xlink:to='loc_EnvironmentalExitCostsReasonablyPossibleAdditionalLossesHighEstimate' xlink:type='arc' />
<link:definitionArc order='8.0' xlink:arcrole='http://xbrl.org/int/dim/arcrole/domain-member' xlink:from='loc_EnvironmentalExitCostLineItems' xlink:to='loc_EnvironmentalExitCostsImpairmentAssessment' xlink:type='arc' />
<link:definitionArc order='9.0' xlink:arcrole='http://xbrl.org/int/dim/arcrole/domain-member' xlink:from='loc_EnvironmentalExitCostLineItems' xlink:to='loc_EnvironmentalExitCostsAssetsPreviouslyDisposedLiabilityForRemediation' xlink:type='arc' />
</link:definitionLink>
</link:linkbase>
