<?xml version="1.0" encoding="UTF-8" standalone="no"?>

<!--
(c) XBRL US, Inc. 2007-2010; Financial Accounting Foundation, Inc. 2010-2011.  All Rights Reserved.
Notice: Authorized Uses are Set Forth at http://xbrl.fasb.org/terms/TaxonomiesTermsConditions.html
  -->
<link:linkbase xmlns:link='http://www.xbrl.org/2003/linkbase' xmlns:xlink='http://www.w3.org/1999/xlink' xmlns:xsi='http://www.w3.org/2001/XMLSchema-instance' xsi:schemaLocation='http://www.xbrl.org/2003/linkbase http://www.xbrl.org/2003/xbrl-linkbase-2003-12-31.xsd'>
<link:roleRef roleURI='http://fasb.org/us-gaap/role/disclosure/DeferredRevenue' xlink:href='../elts/us-roles-2011-01-31.xsd#dr' xlink:type='simple' />
<presentationLink xlink:role='http://fasb.org/us-gaap/role/disclosure/DeferredRevenue' xlink:type='extended' xmlns='http://www.xbrl.org/2003/linkbase'>
<link:loc xlink:href='../elts/us-gaap-2011-01-31.xsd#us-gaap_DeferredRevenueDisclosureAbstract' xlink:label='loc_DeferredRevenueDisclosureAbstract' xlink:type='locator' />
<link:loc xlink:href='../elts/us-gaap-2011-01-31.xsd#us-gaap_DeferredRevenueDisclosureTextBlock' xlink:label='loc_DeferredRevenueDisclosureTextBlock' xlink:type='locator' />
<link:loc xlink:href='../elts/us-gaap-2011-01-31.xsd#us-gaap_DeferredRevenueDescription' xlink:label='loc_DeferredRevenueDescription' xlink:type='locator' />
<link:loc xlink:href='../elts/us-gaap-2011-01-31.xsd#us-gaap_DeferredRevenueSignificantChangesInBalances' xlink:label='loc_DeferredRevenueSignificantChangesInBalances' xlink:type='locator' />
<link:loc xlink:href='../elts/us-gaap-2011-01-31.xsd#us-gaap_DeferredRevenueByArrangementDisclosureTextBlock' xlink:label='loc_DeferredRevenueByArrangementDisclosureTextBlock' xlink:type='locator' />
<link:loc xlink:href='../elts/us-gaap-2011-01-31.xsd#us-gaap_DeferredRevenueArrangementByTypeTable' xlink:label='loc_DeferredRevenueArrangementByTypeTable' xlink:type='locator' />
<link:loc xlink:href='../elts/us-gaap-2011-01-31.xsd#us-gaap_DeferredRevenueArrangementTypeAxis' xlink:label='loc_DeferredRevenueArrangementTypeAxis' xlink:type='locator' />
<link:loc xlink:href='../elts/us-gaap-2011-01-31.xsd#us-gaap_DeferredRevenueArrangementTypeDomain' xlink:label='loc_DeferredRevenueArrangementTypeDomain' xlink:type='locator' />
<link:loc xlink:href='../elts/us-gaap-2011-01-31.xsd#us-gaap_LayawaySaleMember' xlink:label='loc_LayawaySaleMember' xlink:type='locator' />
<link:loc xlink:href='../elts/us-gaap-2011-01-31.xsd#us-gaap_InitialHookupDeferredRevenueMember' xlink:label='loc_InitialHookupDeferredRevenueMember' xlink:type='locator' />
<link:loc xlink:href='../elts/us-gaap-2011-01-31.xsd#us-gaap_LeasingArrangementMember' xlink:label='loc_LeasingArrangementMember' xlink:type='locator' />
<link:loc xlink:href='../elts/us-gaap-2011-01-31.xsd#us-gaap_RoyaltyArrangementMember' xlink:label='loc_RoyaltyArrangementMember' xlink:type='locator' />
<link:loc xlink:href='../elts/us-gaap-2011-01-31.xsd#us-gaap_SubscriptionArrangementMember' xlink:label='loc_SubscriptionArrangementMember' xlink:type='locator' />
<link:loc xlink:href='../elts/us-gaap-2011-01-31.xsd#us-gaap_TransportationAdvanceTicketArrangementMember' xlink:label='loc_TransportationAdvanceTicketArrangementMember' xlink:type='locator' />
<link:loc xlink:href='../elts/us-gaap-2011-01-31.xsd#us-gaap_AnnualMembershipFeesMember' xlink:label='loc_AnnualMembershipFeesMember' xlink:type='locator' />
<link:loc xlink:href='../elts/us-gaap-2011-01-31.xsd#us-gaap_UpFrontPaymentArrangementMember' xlink:label='loc_UpFrontPaymentArrangementMember' xlink:type='locator' />
<link:loc xlink:href='../elts/us-gaap-2011-01-31.xsd#us-gaap_NonsoftwareServiceSupportAndMaintenanceArrangementMember' xlink:label='loc_NonsoftwareServiceSupportAndMaintenanceArrangementMember' xlink:type='locator' />
<link:loc xlink:href='../elts/us-gaap-2011-01-31.xsd#us-gaap_NonsoftwareLicenseArrangementMember' xlink:label='loc_NonsoftwareLicenseArrangementMember' xlink:type='locator' />
<link:loc xlink:href='../elts/us-gaap-2011-01-31.xsd#us-gaap_SoftwareLicenseArrangementMember' xlink:label='loc_SoftwareLicenseArrangementMember' xlink:type='locator' />
<link:loc xlink:href='../elts/us-gaap-2011-01-31.xsd#us-gaap_SoftwareServiceSupportAndMaintenanceArrangementMember' xlink:label='loc_SoftwareServiceSupportAndMaintenanceArrangementMember' xlink:type='locator' />
<link:loc xlink:href='../elts/us-gaap-2011-01-31.xsd#us-gaap_UnearnedPremiumsShortDurationMember' xlink:label='loc_UnearnedPremiumsShortDurationMember' xlink:type='locator' />
<link:loc xlink:href='../elts/us-gaap-2011-01-31.xsd#us-gaap_UnearnedPremiumsLongDurationMember' xlink:label='loc_UnearnedPremiumsLongDurationMember' xlink:type='locator' />
<link:loc xlink:href='../elts/us-gaap-2011-01-31.xsd#us-gaap_LoanLendingCommitmentArrangementFeesMember' xlink:label='loc_LoanLendingCommitmentArrangementFeesMember' xlink:type='locator' />
<link:loc xlink:href='../elts/us-gaap-2011-01-31.xsd#us-gaap_DeferredRevenueArrangementLineItems' xlink:label='loc_DeferredRevenueArrangementLineItems' xlink:type='locator' />
<link:loc xlink:href='../elts/us-gaap-2011-01-31.xsd#us-gaap_DeferredRevenueAbstract' xlink:label='loc_DeferredRevenueAbstract' xlink:type='locator' />
<link:loc xlink:href='../elts/us-gaap-2011-01-31.xsd#us-gaap_DeferredRevenueCurrent' xlink:label='loc_DeferredRevenueCurrent' xlink:type='locator' />
<link:loc xlink:href='../elts/us-gaap-2011-01-31.xsd#us-gaap_DeferredRevenueNoncurrent' xlink:label='loc_DeferredRevenueNoncurrent' xlink:type='locator' />
<link:loc xlink:href='../elts/us-gaap-2011-01-31.xsd#us-gaap_DeferredRevenue' xlink:label='loc_DeferredRevenue_1' xlink:type='locator' />
<link:loc xlink:href='../elts/us-gaap-2011-01-31.xsd#us-gaap_DeferredRevenue' xlink:label='loc_DeferredRevenue' xlink:type='locator' />
<link:loc xlink:href='../elts/us-gaap-2011-01-31.xsd#us-gaap_MovementInDeferredRevenueRollForward' xlink:label='loc_MovementInDeferredRevenueRollForward' xlink:type='locator' />
<link:loc xlink:href='../elts/us-gaap-2011-01-31.xsd#us-gaap_DeferredRevenueAdditions' xlink:label='loc_DeferredRevenueAdditions' xlink:type='locator' />
<link:loc xlink:href='../elts/us-gaap-2011-01-31.xsd#us-gaap_DeferredRevenueRevenueRecognized' xlink:label='loc_DeferredRevenueRevenueRecognized' xlink:type='locator' />
<link:loc xlink:href='../elts/us-gaap-2011-01-31.xsd#us-gaap_DeferredRevenueRefundPayments' xlink:label='loc_DeferredRevenueRefundPayments' xlink:type='locator' />
<link:loc xlink:href='../elts/us-gaap-2011-01-31.xsd#us-gaap_DeferredRevenuePeriodIncreaseDecrease' xlink:label='loc_DeferredRevenuePeriodIncreaseDecrease' xlink:type='locator' />
<link:loc xlink:href='../elts/us-gaap-2011-01-31.xsd#us-gaap_MovementInCustomerRefundableFeesRollForward' xlink:label='loc_MovementInCustomerRefundableFeesRollForward' xlink:type='locator' />
<link:loc xlink:href='../elts/us-gaap-2011-01-31.xsd#us-gaap_CustomerRefundableFees' xlink:label='loc_CustomerRefundableFees_1' xlink:type='locator' />
<link:loc xlink:href='../elts/us-gaap-2011-01-31.xsd#us-gaap_CustomerRefundableFees' xlink:label='loc_CustomerRefundableFees' xlink:type='locator' />
<link:loc xlink:href='../elts/us-gaap-2011-01-31.xsd#us-gaap_CustomerRefundableFeesCashReceived' xlink:label='loc_CustomerRefundableFeesCashReceived' xlink:type='locator' />
<link:loc xlink:href='../elts/us-gaap-2011-01-31.xsd#us-gaap_CustomerRefundableFeesRevenueRecognized' xlink:label='loc_CustomerRefundableFeesRevenueRecognized' xlink:type='locator' />
<link:loc xlink:href='../elts/us-gaap-2011-01-31.xsd#us-gaap_CustomerRefundableFeesRefundPayments' xlink:label='loc_CustomerRefundableFeesRefundPayments' xlink:type='locator' />
<link:loc xlink:href='../elts/us-gaap-2011-01-31.xsd#us-gaap_CustomerRefundableFeesPeriodIncreaseDecrease' xlink:label='loc_CustomerRefundableFeesPeriodIncreaseDecrease' xlink:type='locator' />
<link:loc xlink:href='../elts/us-gaap-2011-01-31.xsd#us-gaap_RecognitionOfDeferredRevenue' xlink:label='loc_RecognitionOfDeferredRevenue' xlink:type='locator' />
<link:loc xlink:href='../elts/us-gaap-2011-01-31.xsd#us-gaap_RevenueRecognitionAbstract' xlink:label='loc_RevenueRecognitionAbstract' xlink:type='locator' />
<link:loc xlink:href='../elts/us-gaap-2011-01-31.xsd#us-gaap_RevenueRecognitionMultipleDeliverableArrangementsTableTextBlock' xlink:label='loc_RevenueRecognitionMultipleDeliverableArrangementsTableTextBlock' xlink:type='locator' />
<link:loc xlink:href='../elts/us-gaap-2011-01-31.xsd#us-gaap_RevenueRecognitionMultipleDeliverableArrangementsTable' xlink:label='loc_RevenueRecognitionMultipleDeliverableArrangementsTable' xlink:type='locator' />
<link:loc xlink:href='../elts/us-gaap-2011-01-31.xsd#us-gaap_TypeOfArrangementAxis' xlink:label='loc_TypeOfArrangementAxis' xlink:type='locator' />
<link:loc xlink:href='../elts/us-gaap-2011-01-31.xsd#us-gaap_ArrangementsAndNonarrangementTransactionsMember' xlink:label='loc_ArrangementsAndNonarrangementTransactionsMember' xlink:type='locator' />
<link:loc xlink:href='../elts/us-gaap-2011-01-31.xsd#us-gaap_TypeOfArrangementDomain' xlink:label='loc_TypeOfArrangementDomain' xlink:type='locator' />
<link:loc xlink:href='../elts/us-gaap-2011-01-31.xsd#us-gaap_ProductOrServiceAxis' xlink:label='loc_ProductOrServiceAxis' xlink:type='locator' />
<link:loc xlink:href='../elts/us-gaap-2011-01-31.xsd#us-gaap_ProductsAndServicesDomain' xlink:label='loc_ProductsAndServicesDomain' xlink:type='locator' />
<link:loc xlink:href='../elts/us-gaap-2011-01-31.xsd#us-gaap_ProductMember' xlink:label='loc_ProductMember' xlink:type='locator' />
<link:loc xlink:href='../elts/us-gaap-2011-01-31.xsd#us-gaap_RevenueRecognitionMultipleDeliverableArrangementsLineItems' xlink:label='loc_RevenueRecognitionMultipleDeliverableArrangementsLineItems' xlink:type='locator' />
<link:loc xlink:href='../elts/us-gaap-2011-01-31.xsd#us-gaap_RevenueRecognitionMultipleElementArrangements' xlink:label='loc_RevenueRecognitionMultipleElementArrangements' xlink:type='locator' />
<link:loc xlink:href='../elts/us-gaap-2011-01-31.xsd#us-gaap_RevenueRecognitionMultipleDeliverableArrangementsDeterminationOfSellingPriceAbstract' xlink:label='loc_RevenueRecognitionMultipleDeliverableArrangementsDeterminationOfSellingPriceAbstract' xlink:type='locator' />
<link:loc xlink:href='../elts/us-gaap-2011-01-31.xsd#us-gaap_RevenueRecognitionMultipleDeliverableArrangementsDeterminationOfSellingPriceMethod' xlink:label='loc_RevenueRecognitionMultipleDeliverableArrangementsDeterminationOfSellingPriceMethod' xlink:type='locator' />
<link:loc xlink:href='../elts/us-gaap-2011-01-31.xsd#us-gaap_RevenueRecognitionMultipleDeliverableArrangementsDeterminationOfSellingPriceAmount' xlink:label='loc_RevenueRecognitionMultipleDeliverableArrangementsDeterminationOfSellingPriceAmount' xlink:type='locator' />
<link:loc xlink:href='../elts/us-gaap-2011-01-31.xsd#us-gaap_RevenueRecognitionMultipleDeliverableArrangementsSignificantDeliverablesSeparateUnitsOfAccountingQualificationFlag' xlink:label='loc_RevenueRecognitionMultipleDeliverableArrangementsSignificantDeliverablesSeparateUnitsOfAccountingQualificationFlag' xlink:type='locator' />
<link:loc xlink:href='../elts/us-gaap-2011-01-31.xsd#us-gaap_RevenueRecognitionMultipleDeliverableArrangementsAllocationToSpecificUnitOfAccountingEffectOfChangesAbstract' xlink:label='loc_RevenueRecognitionMultipleDeliverableArrangementsAllocationToSpecificUnitOfAccountingEffectOfChangesAbstract' xlink:type='locator' />
<link:loc xlink:href='../elts/us-gaap-2011-01-31.xsd#us-gaap_RevenueRecognitionMultipleDeliverableArrangementsAllocationToSpecificUnitOfAccountingEffectOfChangesSellingPrice' xlink:label='loc_RevenueRecognitionMultipleDeliverableArrangementsAllocationToSpecificUnitOfAccountingEffectOfChangesSellingPrice' xlink:type='locator' />
<link:loc xlink:href='../elts/us-gaap-2011-01-31.xsd#us-gaap_RevenueRecognitionMultipleDeliverableArrangementsAllocationToSpecificUnitOfAccountingEffectOfChangesMethodology' xlink:label='loc_RevenueRecognitionMultipleDeliverableArrangementsAllocationToSpecificUnitOfAccountingEffectOfChangesMethodology' xlink:type='locator' />
<link:loc xlink:href='../elts/us-gaap-2011-01-31.xsd#us-gaap_RevenueRecognitionMultipleDeliverableArrangementsAllocationToSpecificUnitOfAccountingEffectOfChangesAssumptions' xlink:label='loc_RevenueRecognitionMultipleDeliverableArrangementsAllocationToSpecificUnitOfAccountingEffectOfChangesAssumptions' xlink:type='locator' />
<link:loc xlink:href='../elts/us-gaap-2011-01-31.xsd#us-gaap_RevenueRecognitionNewAccountingPronouncementUnitOfAccounting' xlink:label='loc_RevenueRecognitionNewAccountingPronouncementUnitOfAccounting' xlink:type='locator' />
<link:loc xlink:href='../elts/us-gaap-2011-01-31.xsd#us-gaap_RevenueRecognitionNewAccountingPronouncementAllocation' xlink:label='loc_RevenueRecognitionNewAccountingPronouncementAllocation' xlink:type='locator' />
<link:loc xlink:href='../elts/us-gaap-2011-01-31.xsd#us-gaap_RevenueRecognitionNewAccountingPronouncementTiming' xlink:label='loc_RevenueRecognitionNewAccountingPronouncementTiming' xlink:type='locator' />
<link:loc xlink:href='../elts/us-gaap-2011-01-31.xsd#us-gaap_RevenueRecognitionNewAccountingPronouncementRevenueRecognizedUnderPriorGuidance' xlink:label='loc_RevenueRecognitionNewAccountingPronouncementRevenueRecognizedUnderPriorGuidance' xlink:type='locator' />
<link:loc xlink:href='../elts/us-gaap-2011-01-31.xsd#us-gaap_RevenueRecognitionNewAccountingPronouncementMaterialEffectDescription' xlink:label='loc_RevenueRecognitionNewAccountingPronouncementMaterialEffectDescription' xlink:type='locator' />
<link:loc xlink:href='../elts/us-gaap-2011-01-31.xsd#us-gaap_RevenueRecognitionNewAccountingPronouncementMaterialEffectRevenueRecognizedUnderAmendedGuidance' xlink:label='loc_RevenueRecognitionNewAccountingPronouncementMaterialEffectRevenueRecognizedUnderAmendedGuidance' xlink:type='locator' />
<link:loc xlink:href='../elts/us-gaap-2011-01-31.xsd#us-gaap_RevenueRecognitionNewAccountingPronouncementMaterialEffectRevenueDeferredUnderAmendedGuidance' xlink:label='loc_RevenueRecognitionNewAccountingPronouncementMaterialEffectRevenueDeferredUnderAmendedGuidance' xlink:type='locator' />
<presentationArc order='10' xlink:arcrole='http://www.xbrl.org/2003/arcrole/parent-child' xlink:from='loc_DeferredRevenueDisclosureAbstract' xlink:to='loc_DeferredRevenueDisclosureTextBlock' xlink:type='arc' />
<presentationArc order='10' use='optional' xlink:arcrole='http://www.xbrl.org/2003/arcrole/parent-child' xlink:from='loc_DeferredRevenueDisclosureTextBlock' xlink:to='loc_DeferredRevenueDescription' xlink:type='arc' />
<presentationArc order='20' use='optional' xlink:arcrole='http://www.xbrl.org/2003/arcrole/parent-child' xlink:from='loc_DeferredRevenueDisclosureTextBlock' xlink:to='loc_DeferredRevenueSignificantChangesInBalances' xlink:type='arc' />
<presentationArc order='30' xlink:arcrole='http://www.xbrl.org/2003/arcrole/parent-child' xlink:from='loc_DeferredRevenueDisclosureTextBlock' xlink:to='loc_DeferredRevenueByArrangementDisclosureTextBlock' xlink:type='arc' />
<presentationArc order='10' use='optional' xlink:arcrole='http://www.xbrl.org/2003/arcrole/parent-child' xlink:from='loc_DeferredRevenueByArrangementDisclosureTextBlock' xlink:to='loc_DeferredRevenueArrangementByTypeTable' xlink:type='arc' />
<presentationArc order='10' use='optional' xlink:arcrole='http://www.xbrl.org/2003/arcrole/parent-child' xlink:from='loc_DeferredRevenueArrangementByTypeTable' xlink:to='loc_DeferredRevenueArrangementTypeAxis' xlink:type='arc' />
<presentationArc order='10' use='optional' xlink:arcrole='http://www.xbrl.org/2003/arcrole/parent-child' xlink:from='loc_DeferredRevenueArrangementTypeAxis' xlink:to='loc_DeferredRevenueArrangementTypeDomain' xlink:type='arc' />
<presentationArc order='10' use='optional' xlink:arcrole='http://www.xbrl.org/2003/arcrole/parent-child' xlink:from='loc_DeferredRevenueArrangementTypeDomain' xlink:to='loc_LayawaySaleMember' xlink:type='arc' />
<presentationArc order='20' xlink:arcrole='http://www.xbrl.org/2003/arcrole/parent-child' xlink:from='loc_DeferredRevenueArrangementTypeDomain' xlink:to='loc_InitialHookupDeferredRevenueMember' xlink:type='arc' />
<presentationArc order='30' xlink:arcrole='http://www.xbrl.org/2003/arcrole/parent-child' xlink:from='loc_DeferredRevenueArrangementTypeDomain' xlink:to='loc_LeasingArrangementMember' xlink:type='arc' />
<presentationArc order='40' xlink:arcrole='http://www.xbrl.org/2003/arcrole/parent-child' xlink:from='loc_DeferredRevenueArrangementTypeDomain' xlink:to='loc_RoyaltyArrangementMember' xlink:type='arc' />
<presentationArc order='50' xlink:arcrole='http://www.xbrl.org/2003/arcrole/parent-child' xlink:from='loc_DeferredRevenueArrangementTypeDomain' xlink:to='loc_SubscriptionArrangementMember' xlink:type='arc' />
<presentationArc order='60' xlink:arcrole='http://www.xbrl.org/2003/arcrole/parent-child' xlink:from='loc_DeferredRevenueArrangementTypeDomain' xlink:to='loc_TransportationAdvanceTicketArrangementMember' xlink:type='arc' />
<presentationArc order='70' xlink:arcrole='http://www.xbrl.org/2003/arcrole/parent-child' xlink:from='loc_DeferredRevenueArrangementTypeDomain' xlink:to='loc_AnnualMembershipFeesMember' xlink:type='arc' />
<presentationArc order='80' xlink:arcrole='http://www.xbrl.org/2003/arcrole/parent-child' xlink:from='loc_DeferredRevenueArrangementTypeDomain' xlink:to='loc_UpFrontPaymentArrangementMember' xlink:type='arc' />
<presentationArc order='90' use='optional' xlink:arcrole='http://www.xbrl.org/2003/arcrole/parent-child' xlink:from='loc_DeferredRevenueArrangementTypeDomain' xlink:to='loc_NonsoftwareServiceSupportAndMaintenanceArrangementMember' xlink:type='arc' />
<presentationArc order='100' use='optional' xlink:arcrole='http://www.xbrl.org/2003/arcrole/parent-child' xlink:from='loc_DeferredRevenueArrangementTypeDomain' xlink:to='loc_NonsoftwareLicenseArrangementMember' xlink:type='arc' />
<presentationArc order='110' xlink:arcrole='http://www.xbrl.org/2003/arcrole/parent-child' xlink:from='loc_DeferredRevenueArrangementTypeDomain' xlink:to='loc_SoftwareLicenseArrangementMember' xlink:type='arc' />
<presentationArc order='120' xlink:arcrole='http://www.xbrl.org/2003/arcrole/parent-child' xlink:from='loc_DeferredRevenueArrangementTypeDomain' xlink:to='loc_SoftwareServiceSupportAndMaintenanceArrangementMember' xlink:type='arc' />
<presentationArc order='130' xlink:arcrole='http://www.xbrl.org/2003/arcrole/parent-child' xlink:from='loc_DeferredRevenueArrangementTypeDomain' xlink:to='loc_UnearnedPremiumsShortDurationMember' xlink:type='arc' />
<presentationArc order='140' xlink:arcrole='http://www.xbrl.org/2003/arcrole/parent-child' xlink:from='loc_DeferredRevenueArrangementTypeDomain' xlink:to='loc_UnearnedPremiumsLongDurationMember' xlink:type='arc' />
<presentationArc order='150' xlink:arcrole='http://www.xbrl.org/2003/arcrole/parent-child' xlink:from='loc_DeferredRevenueArrangementTypeDomain' xlink:to='loc_LoanLendingCommitmentArrangementFeesMember' xlink:type='arc' />
<presentationArc order='20' use='optional' xlink:arcrole='http://www.xbrl.org/2003/arcrole/parent-child' xlink:from='loc_DeferredRevenueArrangementByTypeTable' xlink:to='loc_DeferredRevenueArrangementLineItems' xlink:type='arc' />
<presentationArc order='10' xlink:arcrole='http://www.xbrl.org/2003/arcrole/parent-child' xlink:from='loc_DeferredRevenueArrangementLineItems' xlink:to='loc_DeferredRevenueAbstract' xlink:type='arc' />
<presentationArc order='10' xlink:arcrole='http://www.xbrl.org/2003/arcrole/parent-child' xlink:from='loc_DeferredRevenueAbstract' xlink:to='loc_DeferredRevenueCurrent' xlink:type='arc' />
<presentationArc order='20' xlink:arcrole='http://www.xbrl.org/2003/arcrole/parent-child' xlink:from='loc_DeferredRevenueAbstract' xlink:to='loc_DeferredRevenueNoncurrent' xlink:type='arc' />
<presentationArc order='30' preferredLabel='http://www.xbrl.org/2003/role/totalLabel' xlink:arcrole='http://www.xbrl.org/2003/arcrole/parent-child' xlink:from='loc_DeferredRevenueAbstract' xlink:to='loc_DeferredRevenue' xlink:type='arc' />
<presentationArc order='20' xlink:arcrole='http://www.xbrl.org/2003/arcrole/parent-child' xlink:from='loc_DeferredRevenueArrangementLineItems' xlink:to='loc_MovementInDeferredRevenueRollForward' xlink:type='arc' />
<presentationArc order='10' preferredLabel='http://www.xbrl.org/2003/role/periodStartLabel' use='optional' xlink:arcrole='http://www.xbrl.org/2003/arcrole/parent-child' xlink:from='loc_MovementInDeferredRevenueRollForward' xlink:to='loc_DeferredRevenue' xlink:type='arc' />
<presentationArc order='20' use='optional' xlink:arcrole='http://www.xbrl.org/2003/arcrole/parent-child' xlink:from='loc_MovementInDeferredRevenueRollForward' xlink:to='loc_DeferredRevenueAdditions' xlink:type='arc' />
<presentationArc order='30' use='optional' xlink:arcrole='http://www.xbrl.org/2003/arcrole/parent-child' xlink:from='loc_MovementInDeferredRevenueRollForward' xlink:to='loc_DeferredRevenueRevenueRecognized' xlink:type='arc' />
<presentationArc order='40' use='optional' xlink:arcrole='http://www.xbrl.org/2003/arcrole/parent-child' xlink:from='loc_MovementInDeferredRevenueRollForward' xlink:to='loc_DeferredRevenueRefundPayments' xlink:type='arc' />
<presentationArc order='50' preferredLabel='http://www.xbrl.org/2003/role/totalLabel' xlink:arcrole='http://www.xbrl.org/2003/arcrole/parent-child' xlink:from='loc_MovementInDeferredRevenueRollForward' xlink:to='loc_DeferredRevenuePeriodIncreaseDecrease' xlink:type='arc' />
<presentationArc order='60' preferredLabel='http://www.xbrl.org/2003/role/periodEndLabel' xlink:arcrole='http://www.xbrl.org/2003/arcrole/parent-child' xlink:from='loc_MovementInDeferredRevenueRollForward' xlink:to='loc_DeferredRevenue_1' xlink:type='arc' />
<presentationArc order='30' xlink:arcrole='http://www.xbrl.org/2003/arcrole/parent-child' xlink:from='loc_DeferredRevenueArrangementLineItems' xlink:to='loc_MovementInCustomerRefundableFeesRollForward' xlink:type='arc' />
<presentationArc order='10' preferredLabel='http://www.xbrl.org/2003/role/periodStartLabel' use='optional' xlink:arcrole='http://www.xbrl.org/2003/arcrole/parent-child' xlink:from='loc_MovementInCustomerRefundableFeesRollForward' xlink:to='loc_CustomerRefundableFees' xlink:type='arc' />
<presentationArc order='20' use='optional' xlink:arcrole='http://www.xbrl.org/2003/arcrole/parent-child' xlink:from='loc_MovementInCustomerRefundableFeesRollForward' xlink:to='loc_CustomerRefundableFeesCashReceived' xlink:type='arc' />
<presentationArc order='30' use='optional' xlink:arcrole='http://www.xbrl.org/2003/arcrole/parent-child' xlink:from='loc_MovementInCustomerRefundableFeesRollForward' xlink:to='loc_CustomerRefundableFeesRevenueRecognized' xlink:type='arc' />
<presentationArc order='40' use='optional' xlink:arcrole='http://www.xbrl.org/2003/arcrole/parent-child' xlink:from='loc_MovementInCustomerRefundableFeesRollForward' xlink:to='loc_CustomerRefundableFeesRefundPayments' xlink:type='arc' />
<presentationArc order='50' preferredLabel='http://www.xbrl.org/2003/role/totalLabel' xlink:arcrole='http://www.xbrl.org/2003/arcrole/parent-child' xlink:from='loc_MovementInCustomerRefundableFeesRollForward' xlink:to='loc_CustomerRefundableFeesPeriodIncreaseDecrease' xlink:type='arc' />
<presentationArc order='60' preferredLabel='http://www.xbrl.org/2003/role/periodEndLabel' xlink:arcrole='http://www.xbrl.org/2003/arcrole/parent-child' xlink:from='loc_MovementInCustomerRefundableFeesRollForward' xlink:to='loc_CustomerRefundableFees_1' xlink:type='arc' />
<presentationArc order='40' xlink:arcrole='http://www.xbrl.org/2003/arcrole/parent-child' xlink:from='loc_DeferredRevenueArrangementLineItems' xlink:to='loc_RecognitionOfDeferredRevenue' xlink:type='arc' />
<presentationArc order='10' xlink:arcrole='http://www.xbrl.org/2003/arcrole/parent-child' xlink:from='loc_RevenueRecognitionAbstract' xlink:to='loc_RevenueRecognitionMultipleDeliverableArrangementsTableTextBlock' xlink:type='arc' />
<presentationArc order='10' xlink:arcrole='http://www.xbrl.org/2003/arcrole/parent-child' xlink:from='loc_RevenueRecognitionMultipleDeliverableArrangementsTableTextBlock' xlink:to='loc_RevenueRecognitionMultipleDeliverableArrangementsTable' xlink:type='arc' />
<presentationArc order='10' xlink:arcrole='http://www.xbrl.org/2003/arcrole/parent-child' xlink:from='loc_RevenueRecognitionMultipleDeliverableArrangementsTable' xlink:to='loc_TypeOfArrangementAxis' xlink:type='arc' />
<presentationArc order='10' xlink:arcrole='http://www.xbrl.org/2003/arcrole/parent-child' xlink:from='loc_TypeOfArrangementAxis' xlink:to='loc_ArrangementsAndNonarrangementTransactionsMember' xlink:type='arc' />
<presentationArc order='10' xlink:arcrole='http://www.xbrl.org/2003/arcrole/parent-child' xlink:from='loc_ArrangementsAndNonarrangementTransactionsMember' xlink:to='loc_TypeOfArrangementDomain' xlink:type='arc' />
<presentationArc order='20' xlink:arcrole='http://www.xbrl.org/2003/arcrole/parent-child' xlink:from='loc_RevenueRecognitionMultipleDeliverableArrangementsTable' xlink:to='loc_ProductOrServiceAxis' xlink:type='arc' />
<presentationArc order='10' xlink:arcrole='http://www.xbrl.org/2003/arcrole/parent-child' xlink:from='loc_ProductOrServiceAxis' xlink:to='loc_ProductsAndServicesDomain' xlink:type='arc' />
<presentationArc order='10' xlink:arcrole='http://www.xbrl.org/2003/arcrole/parent-child' xlink:from='loc_ProductsAndServicesDomain' xlink:to='loc_ProductMember' xlink:type='arc' />
<presentationArc order='30' xlink:arcrole='http://www.xbrl.org/2003/arcrole/parent-child' xlink:from='loc_RevenueRecognitionMultipleDeliverableArrangementsTable' xlink:to='loc_RevenueRecognitionMultipleDeliverableArrangementsLineItems' xlink:type='arc' />
<presentationArc order='10' xlink:arcrole='http://www.xbrl.org/2003/arcrole/parent-child' xlink:from='loc_RevenueRecognitionMultipleDeliverableArrangementsLineItems' xlink:to='loc_RevenueRecognitionMultipleElementArrangements' xlink:type='arc' />
<presentationArc order='20' xlink:arcrole='http://www.xbrl.org/2003/arcrole/parent-child' xlink:from='loc_RevenueRecognitionMultipleDeliverableArrangementsLineItems' xlink:to='loc_RevenueRecognitionMultipleDeliverableArrangementsDeterminationOfSellingPriceAbstract' xlink:type='arc' />
<presentationArc order='10' xlink:arcrole='http://www.xbrl.org/2003/arcrole/parent-child' xlink:from='loc_RevenueRecognitionMultipleDeliverableArrangementsDeterminationOfSellingPriceAbstract' xlink:to='loc_RevenueRecognitionMultipleDeliverableArrangementsDeterminationOfSellingPriceMethod' xlink:type='arc' />
<presentationArc order='20' xlink:arcrole='http://www.xbrl.org/2003/arcrole/parent-child' xlink:from='loc_RevenueRecognitionMultipleDeliverableArrangementsDeterminationOfSellingPriceAbstract' xlink:to='loc_RevenueRecognitionMultipleDeliverableArrangementsDeterminationOfSellingPriceAmount' xlink:type='arc' />
<presentationArc order='30' xlink:arcrole='http://www.xbrl.org/2003/arcrole/parent-child' xlink:from='loc_RevenueRecognitionMultipleDeliverableArrangementsLineItems' xlink:to='loc_RevenueRecognitionMultipleDeliverableArrangementsSignificantDeliverablesSeparateUnitsOfAccountingQualificationFlag' xlink:type='arc' />
<presentationArc order='40' xlink:arcrole='http://www.xbrl.org/2003/arcrole/parent-child' xlink:from='loc_RevenueRecognitionMultipleDeliverableArrangementsLineItems' xlink:to='loc_RevenueRecognitionMultipleDeliverableArrangementsAllocationToSpecificUnitOfAccountingEffectOfChangesAbstract' xlink:type='arc' />
<presentationArc order='10' xlink:arcrole='http://www.xbrl.org/2003/arcrole/parent-child' xlink:from='loc_RevenueRecognitionMultipleDeliverableArrangementsAllocationToSpecificUnitOfAccountingEffectOfChangesAbstract' xlink:to='loc_RevenueRecognitionMultipleDeliverableArrangementsAllocationToSpecificUnitOfAccountingEffectOfChangesSellingPrice' xlink:type='arc' />
<presentationArc order='20' xlink:arcrole='http://www.xbrl.org/2003/arcrole/parent-child' xlink:from='loc_RevenueRecognitionMultipleDeliverableArrangementsAllocationToSpecificUnitOfAccountingEffectOfChangesAbstract' xlink:to='loc_RevenueRecognitionMultipleDeliverableArrangementsAllocationToSpecificUnitOfAccountingEffectOfChangesMethodology' xlink:type='arc' />
<presentationArc order='30' xlink:arcrole='http://www.xbrl.org/2003/arcrole/parent-child' xlink:from='loc_RevenueRecognitionMultipleDeliverableArrangementsAllocationToSpecificUnitOfAccountingEffectOfChangesAbstract' xlink:to='loc_RevenueRecognitionMultipleDeliverableArrangementsAllocationToSpecificUnitOfAccountingEffectOfChangesAssumptions' xlink:type='arc' />
<presentationArc order='50' xlink:arcrole='http://www.xbrl.org/2003/arcrole/parent-child' xlink:from='loc_RevenueRecognitionMultipleDeliverableArrangementsLineItems' xlink:to='loc_RevenueRecognitionNewAccountingPronouncementUnitOfAccounting' xlink:type='arc' />
<presentationArc order='60' xlink:arcrole='http://www.xbrl.org/2003/arcrole/parent-child' xlink:from='loc_RevenueRecognitionMultipleDeliverableArrangementsLineItems' xlink:to='loc_RevenueRecognitionNewAccountingPronouncementAllocation' xlink:type='arc' />
<presentationArc order='70' xlink:arcrole='http://www.xbrl.org/2003/arcrole/parent-child' xlink:from='loc_RevenueRecognitionMultipleDeliverableArrangementsLineItems' xlink:to='loc_RevenueRecognitionNewAccountingPronouncementTiming' xlink:type='arc' />
<presentationArc order='80' xlink:arcrole='http://www.xbrl.org/2003/arcrole/parent-child' xlink:from='loc_RevenueRecognitionMultipleDeliverableArrangementsLineItems' xlink:to='loc_RevenueRecognitionNewAccountingPronouncementRevenueRecognizedUnderPriorGuidance' xlink:type='arc' />
<presentationArc order='90' xlink:arcrole='http://www.xbrl.org/2003/arcrole/parent-child' xlink:from='loc_RevenueRecognitionMultipleDeliverableArrangementsLineItems' xlink:to='loc_RevenueRecognitionNewAccountingPronouncementMaterialEffectDescription' xlink:type='arc' />
<presentationArc order='100' xlink:arcrole='http://www.xbrl.org/2003/arcrole/parent-child' xlink:from='loc_RevenueRecognitionMultipleDeliverableArrangementsLineItems' xlink:to='loc_RevenueRecognitionNewAccountingPronouncementMaterialEffectRevenueRecognizedUnderAmendedGuidance' xlink:type='arc' />
<presentationArc order='110' xlink:arcrole='http://www.xbrl.org/2003/arcrole/parent-child' xlink:from='loc_RevenueRecognitionMultipleDeliverableArrangementsLineItems' xlink:to='loc_RevenueRecognitionNewAccountingPronouncementMaterialEffectRevenueDeferredUnderAmendedGuidance' xlink:type='arc' />
</presentationLink>
</link:linkbase>
