<?xml version="1.0" encoding="UTF-8" standalone="no"?>

<!--
(c) XBRL US, Inc. 2007-2010; Financial Accounting Foundation, Inc. 2010-2011.  All Rights Reserved.
Notice: Authorized Uses are Set Forth at http://xbrl.fasb.org/terms/TaxonomiesTermsConditions.html
  -->
<link:linkbase xmlns:link='http://www.xbrl.org/2003/linkbase' xmlns:xbrldt='http://xbrl.org/2005/xbrldt' xmlns:xlink='http://www.w3.org/1999/xlink' xmlns:xsi='http://www.w3.org/2001/XMLSchema-instance' xsi:schemaLocation='http://www.xbrl.org/2003/linkbase http://www.xbrl.org/2003/xbrl-linkbase-2003-12-31.xsd'>
<link:roleRef roleURI='http://fasb.org/us-gaap/role/disclosure/MiscellaneousIndustriesStatementTable' xlink:href='../elts/us-roles-2011-01-31.xsd#MiscellaneousIndustriesStatementTable' xlink:type='simple' />
<link:roleRef roleURI='http://fasb.org/us-gaap/role/disclosure/MiscellaneousIndustriesAirlineProductsAndServicesTable' xlink:href='../elts/us-roles-2011-01-31.xsd#MiscellaneousIndustriesAirlineProductsAndServicesTable' xlink:type='simple' />
<link:arcroleRef arcroleURI='http://xbrl.org/int/dim/arcrole/all' xlink:href='http://www.xbrl.org/2005/xbrldt-2005.xsd#all' xlink:type='simple' />
<link:arcroleRef arcroleURI='http://xbrl.org/int/dim/arcrole/hypercube-dimension' xlink:href='http://www.xbrl.org/2005/xbrldt-2005.xsd#hypercube-dimension' xlink:type='simple' />
<link:arcroleRef arcroleURI='http://xbrl.org/int/dim/arcrole/dimension-domain' xlink:href='http://www.xbrl.org/2005/xbrldt-2005.xsd#dimension-domain' xlink:type='simple' />
<link:arcroleRef arcroleURI='http://xbrl.org/int/dim/arcrole/dimension-default' xlink:href='http://www.xbrl.org/2005/xbrldt-2005.xsd#dimension-default' xlink:type='simple' />
<link:arcroleRef arcroleURI='http://xbrl.org/int/dim/arcrole/domain-member' xlink:href='http://www.xbrl.org/2005/xbrldt-2005.xsd#domain-member' xlink:type='simple' />
<!--Definition relationships for table StatementTable in presentation http://fasb.org/us-gaap/role/disclosure/MiscellaneousIndustries-->
<link:definitionLink xlink:role='http://fasb.org/us-gaap/role/disclosure/MiscellaneousIndustriesStatementTable' xlink:type='extended'>
<link:loc xlink:href='../elts/us-gaap-2011-01-31.xsd#us-gaap_StatementTable' xlink:label='loc_StatementTable' xlink:type='locator' />
<link:loc xlink:href='../elts/us-gaap-2011-01-31.xsd#us-gaap_AircraftTypeAxis' xlink:label='loc_AircraftTypeAxis' xlink:type='locator' />
<link:definitionArc order='1.0' xlink:arcrole='http://xbrl.org/int/dim/arcrole/hypercube-dimension' xlink:from='loc_StatementTable' xlink:to='loc_AircraftTypeAxis' xlink:type='arc' />
</link:definitionLink>
<link:definitionLink xlink:role='http://fasb.org/us-gaap/role/disclosure/MiscellaneousIndustriesStatementTable' xlink:type='extended'>
<link:loc xlink:href='../elts/us-gaap-2011-01-31.xsd#us-gaap_AircraftTypeAxis' xlink:label='loc_AircraftTypeAxis' xlink:type='locator' />
<link:loc xlink:href='../elts/us-gaap-2011-01-31.xsd#us-gaap_AircraftTypeMember' xlink:label='loc_AircraftTypeMember' xlink:type='locator' />
<link:definitionArc order='1.0' xlink:arcrole='http://xbrl.org/int/dim/arcrole/dimension-domain' xlink:from='loc_AircraftTypeAxis' xlink:to='loc_AircraftTypeMember' xlink:type='arc' />
</link:definitionLink>
<link:definitionLink xlink:role='http://fasb.org/us-gaap/role/disclosure/MiscellaneousIndustriesStatementTable' xlink:type='extended'>
<link:loc xlink:href='../elts/us-gaap-2011-01-31.xsd#us-gaap_AircraftTypeAxis' xlink:label='loc_AircraftTypeAxis' xlink:type='locator' />
<link:loc xlink:href='../elts/us-gaap-2011-01-31.xsd#us-gaap_AircraftTypeMember' xlink:label='loc_AircraftTypeMember' xlink:type='locator' />
<link:definitionArc order='1.0' xlink:arcrole='http://xbrl.org/int/dim/arcrole/dimension-default' xlink:from='loc_AircraftTypeAxis' xlink:to='loc_AircraftTypeMember' xlink:type='arc' />
</link:definitionLink>
<!--Definition relationships for table AirlineProductsAndServicesTable in presentation http://fasb.org/us-gaap/role/disclosure/MiscellaneousIndustries-->
<link:definitionLink xlink:role='http://fasb.org/us-gaap/role/disclosure/MiscellaneousIndustriesAirlineProductsAndServicesTable' xlink:type='extended'>
<link:loc xlink:href='../elts/us-gaap-2011-01-31.xsd#us-gaap_AirlineProductsAndServicesTable' xlink:label='loc_AirlineProductsAndServicesTable' xlink:type='locator' />
<link:loc xlink:href='../elts/us-gaap-2011-01-31.xsd#us-gaap_ProductOrServiceAxis' xlink:label='loc_ProductOrServiceAxis' xlink:type='locator' />
<link:definitionArc order='1.0' xlink:arcrole='http://xbrl.org/int/dim/arcrole/hypercube-dimension' xlink:from='loc_AirlineProductsAndServicesTable' xlink:to='loc_ProductOrServiceAxis' xlink:type='arc' />
</link:definitionLink>
<link:definitionLink xlink:role='http://fasb.org/us-gaap/role/disclosure/MiscellaneousIndustriesAirlineProductsAndServicesTable' xlink:type='extended'>
<link:loc xlink:href='../elts/us-gaap-2011-01-31.xsd#us-gaap_ProductOrServiceAxis' xlink:label='loc_ProductOrServiceAxis' xlink:type='locator' />
<link:loc xlink:href='../elts/us-gaap-2011-01-31.xsd#us-gaap_ProductsAndServicesDomain' xlink:label='loc_ProductsAndServicesDomain' xlink:type='locator' />
<link:definitionArc order='1.0' xlink:arcrole='http://xbrl.org/int/dim/arcrole/dimension-domain' xlink:from='loc_ProductOrServiceAxis' xlink:to='loc_ProductsAndServicesDomain' xlink:type='arc' />
</link:definitionLink>
<link:definitionLink xlink:role='http://fasb.org/us-gaap/role/disclosure/MiscellaneousIndustriesAirlineProductsAndServicesTable' xlink:type='extended'>
<link:loc xlink:href='../elts/us-gaap-2011-01-31.xsd#us-gaap_ProductOrServiceAxis' xlink:label='loc_ProductOrServiceAxis' xlink:type='locator' />
<link:loc xlink:href='../elts/us-gaap-2011-01-31.xsd#us-gaap_ProductsAndServicesDomain' xlink:label='loc_ProductsAndServicesDomain' xlink:type='locator' />
<link:definitionArc order='1.0' xlink:arcrole='http://xbrl.org/int/dim/arcrole/dimension-default' xlink:from='loc_ProductOrServiceAxis' xlink:to='loc_ProductsAndServicesDomain' xlink:type='arc' />
</link:definitionLink>
<link:definitionLink xlink:role='http://fasb.org/us-gaap/role/disclosure/MiscellaneousIndustriesAirlineProductsAndServicesTable' xlink:type='extended'>
<link:loc xlink:href='../elts/us-gaap-2011-01-31.xsd#us-gaap_ProductsAndServicesDomain' xlink:label='loc_ProductsAndServicesDomain' xlink:type='locator' />
<link:loc xlink:href='../elts/us-gaap-2011-01-31.xsd#us-gaap_MainlineMember' xlink:label='loc_MainlineMember' xlink:type='locator' />
<link:loc xlink:href='../elts/us-gaap-2011-01-31.xsd#us-gaap_RegionalCarrierMember' xlink:label='loc_RegionalCarrierMember' xlink:type='locator' />
<link:definitionArc order='1.0' xlink:arcrole='http://xbrl.org/int/dim/arcrole/domain-member' xlink:from='loc_ProductsAndServicesDomain' xlink:to='loc_MainlineMember' xlink:type='arc' />
<link:definitionArc order='2.0' xlink:arcrole='http://xbrl.org/int/dim/arcrole/domain-member' xlink:from='loc_ProductsAndServicesDomain' xlink:to='loc_RegionalCarrierMember' xlink:type='arc' />
</link:definitionLink>
</link:linkbase>
