<?xml version="1.0" encoding="UTF-8" standalone="no"?>

<!--
(c) XBRL US, Inc. 2007-2010; Financial Accounting Foundation, Inc. 2010-2011.  All Rights Reserved.
Notice: Authorized Uses are Set Forth at http://xbrl.fasb.org/terms/TaxonomiesTermsConditions.html
  -->
<link:linkbase xmlns:link='http://www.xbrl.org/2003/linkbase' xmlns:xlink='http://www.w3.org/1999/xlink' xmlns:xsi='http://www.w3.org/2001/XMLSchema-instance' xsi:schemaLocation='http://www.xbrl.org/2003/linkbase http://www.xbrl.org/2003/xbrl-linkbase-2003-12-31.xsd'>
<link:roleRef roleURI='http://fasb.org/us-gaap/role/disclosure/FinancialServicesBankingAndThriftCalc2' xlink:href='../elts/us-roles-2011-01-31.xsd#fs-bt2' xlink:type='simple' />
<calculationLink xlink:role='http://fasb.org/us-gaap/role/disclosure/FinancialServicesBankingAndThriftCalc2' xlink:type='extended' xmlns='http://www.xbrl.org/2003/linkbase'>
<link:loc xlink:href='../elts/us-gaap-2011-01-31.xsd#us-gaap_FederalHomeLoanBankAdvancesMaturitiesSummaryByInterestRateType' xlink:label='loc_FederalHomeLoanBankAdvancesMaturitiesSummaryByInterestRateType' xlink:type='locator' />
<link:loc xlink:href='../elts/us-gaap-2011-01-31.xsd#us-gaap_FederalHomeLoanBankAdvancesMaturitiesSummaryByInterestRateTypeFixedRate' xlink:label='loc_FederalHomeLoanBankAdvancesMaturitiesSummaryByInterestRateTypeFixedRate' xlink:type='locator' />
<link:loc xlink:href='../elts/us-gaap-2011-01-31.xsd#us-gaap_FederalHomeLoanBankAdvancesMaturitiesSummaryByInterestRateTypeFixedRateUnderOneYear' xlink:label='loc_FederalHomeLoanBankAdvancesMaturitiesSummaryByInterestRateTypeFixedRateUnderOneYear' xlink:type='locator' />
<link:loc xlink:href='../elts/us-gaap-2011-01-31.xsd#us-gaap_FederalHomeLoanBankAdvancesMaturitiesSummaryByInterestRateTypeFixedRateOneToFiveYears' xlink:label='loc_FederalHomeLoanBankAdvancesMaturitiesSummaryByInterestRateTypeFixedRateOneToFiveYears' xlink:type='locator' />
<link:loc xlink:href='../elts/us-gaap-2011-01-31.xsd#us-gaap_FederalHomeLoanBankAdvancesMaturitiesSummaryByInterestRateTypeFixedRateAfterFiveYears' xlink:label='loc_FederalHomeLoanBankAdvancesMaturitiesSummaryByInterestRateTypeFixedRateAfterFiveYears' xlink:type='locator' />
<link:loc xlink:href='../elts/us-gaap-2011-01-31.xsd#us-gaap_FederalHomeLoanBankAdvancesMaturitiesSummaryByInterestRateTypeFloatingRate' xlink:label='loc_FederalHomeLoanBankAdvancesMaturitiesSummaryByInterestRateTypeFloatingRate' xlink:type='locator' />
<link:loc xlink:href='../elts/us-gaap-2011-01-31.xsd#us-gaap_FederalHomeLoanBankAdvancesMaturitiesSummaryByInterestRateTypeFloatingRateUnderOneYear' xlink:label='loc_FederalHomeLoanBankAdvancesMaturitiesSummaryByInterestRateTypeFloatingRateUnderOneYear' xlink:type='locator' />
<link:loc xlink:href='../elts/us-gaap-2011-01-31.xsd#us-gaap_FederalHomeLoanBankAdvancesMaturitiesSummaryByInterestRateTypeFloatingRateOneToFiveYears' xlink:label='loc_FederalHomeLoanBankAdvancesMaturitiesSummaryByInterestRateTypeFloatingRateOneToFiveYears' xlink:type='locator' />
<link:loc xlink:href='../elts/us-gaap-2011-01-31.xsd#us-gaap_FederalHomeLoanBankAdvancesMaturitiesSummaryByInterestRateTypeFloatingRateAfterFiveYears' xlink:label='loc_FederalHomeLoanBankAdvancesMaturitiesSummaryByInterestRateTypeFloatingRateAfterFiveYears' xlink:type='locator' />
<calculationArc order='10' weight='1.0' xlink:arcrole='http://www.xbrl.org/2003/arcrole/summation-item' xlink:from='loc_FederalHomeLoanBankAdvancesMaturitiesSummaryByInterestRateType' xlink:to='loc_FederalHomeLoanBankAdvancesMaturitiesSummaryByInterestRateTypeFixedRate' xlink:type='arc' />
<calculationArc order='10' use='optional' weight='1.0' xlink:arcrole='http://www.xbrl.org/2003/arcrole/summation-item' xlink:from='loc_FederalHomeLoanBankAdvancesMaturitiesSummaryByInterestRateTypeFixedRate' xlink:to='loc_FederalHomeLoanBankAdvancesMaturitiesSummaryByInterestRateTypeFixedRateUnderOneYear' xlink:type='arc' />
<calculationArc order='20' use='optional' weight='1.0' xlink:arcrole='http://www.xbrl.org/2003/arcrole/summation-item' xlink:from='loc_FederalHomeLoanBankAdvancesMaturitiesSummaryByInterestRateTypeFixedRate' xlink:to='loc_FederalHomeLoanBankAdvancesMaturitiesSummaryByInterestRateTypeFixedRateOneToFiveYears' xlink:type='arc' />
<calculationArc order='30' use='optional' weight='1.0' xlink:arcrole='http://www.xbrl.org/2003/arcrole/summation-item' xlink:from='loc_FederalHomeLoanBankAdvancesMaturitiesSummaryByInterestRateTypeFixedRate' xlink:to='loc_FederalHomeLoanBankAdvancesMaturitiesSummaryByInterestRateTypeFixedRateAfterFiveYears' xlink:type='arc' />
<calculationArc order='20' weight='1.0' xlink:arcrole='http://www.xbrl.org/2003/arcrole/summation-item' xlink:from='loc_FederalHomeLoanBankAdvancesMaturitiesSummaryByInterestRateType' xlink:to='loc_FederalHomeLoanBankAdvancesMaturitiesSummaryByInterestRateTypeFloatingRate' xlink:type='arc' />
<calculationArc order='10' use='optional' weight='1.0' xlink:arcrole='http://www.xbrl.org/2003/arcrole/summation-item' xlink:from='loc_FederalHomeLoanBankAdvancesMaturitiesSummaryByInterestRateTypeFloatingRate' xlink:to='loc_FederalHomeLoanBankAdvancesMaturitiesSummaryByInterestRateTypeFloatingRateUnderOneYear' xlink:type='arc' />
<calculationArc order='20' use='optional' weight='1.0' xlink:arcrole='http://www.xbrl.org/2003/arcrole/summation-item' xlink:from='loc_FederalHomeLoanBankAdvancesMaturitiesSummaryByInterestRateTypeFloatingRate' xlink:to='loc_FederalHomeLoanBankAdvancesMaturitiesSummaryByInterestRateTypeFloatingRateOneToFiveYears' xlink:type='arc' />
<calculationArc order='30' use='optional' weight='1.0' xlink:arcrole='http://www.xbrl.org/2003/arcrole/summation-item' xlink:from='loc_FederalHomeLoanBankAdvancesMaturitiesSummaryByInterestRateTypeFloatingRate' xlink:to='loc_FederalHomeLoanBankAdvancesMaturitiesSummaryByInterestRateTypeFloatingRateAfterFiveYears' xlink:type='arc' />
</calculationLink>
</link:linkbase>
