<?xml version="1.0" encoding="UTF-8" standalone="no"?>

<!--
(c) XBRL US, Inc. 2007-2010; Financial Accounting Foundation, Inc. 2010-2011.  All Rights Reserved.
Notice: Authorized Uses are Set Forth at http://xbrl.fasb.org/terms/TaxonomiesTermsConditions.html
  -->
<link:linkbase xmlns:link='http://www.xbrl.org/2003/linkbase' xmlns:xlink='http://www.w3.org/1999/xlink' xmlns:xsi='http://www.w3.org/2001/XMLSchema-instance' xsi:schemaLocation='http://www.xbrl.org/2003/linkbase http://www.xbrl.org/2003/xbrl-linkbase-2003-12-31.xsd'>
<link:roleRef roleURI='http://fasb.org/us-gaap/role/disclosure/FinancialServicesBankingAndThriftInterestCalc3' xlink:href='../elts/us-roles-2011-01-31.xsd#fs-interest3' xlink:type='simple' />
<calculationLink xlink:role='http://fasb.org/us-gaap/role/disclosure/FinancialServicesBankingAndThriftInterestCalc3' xlink:type='extended' xmlns='http://www.xbrl.org/2003/linkbase'>
<link:loc xlink:href='../elts/us-gaap-2011-01-31.xsd#us-gaap_InterestAndDividendIncomeSecurities' xlink:label='loc_InterestAndDividendIncomeSecurities' xlink:type='locator' />
<link:loc xlink:href='../elts/us-gaap-2011-01-31.xsd#us-gaap_InterestIncomeSecuritiesMortgageBacked' xlink:label='loc_InterestIncomeSecuritiesMortgageBacked' xlink:type='locator' />
<link:loc xlink:href='../elts/us-gaap-2011-01-31.xsd#us-gaap_InterestIncomeSecuritiesStateAndMunicipal' xlink:label='loc_InterestIncomeSecuritiesStateAndMunicipal' xlink:type='locator' />
<link:loc xlink:href='../elts/us-gaap-2011-01-31.xsd#us-gaap_InterestIncomeSecuritiesUSTreasuryAndOtherUSGovernment' xlink:label='loc_InterestIncomeSecuritiesUSTreasuryAndOtherUSGovernment' xlink:type='locator' />
<link:loc xlink:href='../elts/us-gaap-2011-01-31.xsd#us-gaap_InterestIncomeSecuritiesUSTreasury' xlink:label='loc_InterestIncomeSecuritiesUSTreasury' xlink:type='locator' />
<link:loc xlink:href='../elts/us-gaap-2011-01-31.xsd#us-gaap_InterestIncomeSecuritiesOtherUSGovernment' xlink:label='loc_InterestIncomeSecuritiesOtherUSGovernment' xlink:type='locator' />
<link:loc xlink:href='../elts/us-gaap-2011-01-31.xsd#us-gaap_DividendIncomeOperating' xlink:label='loc_DividendIncomeOperating' xlink:type='locator' />
<calculationArc order='10' weight='1.0' xlink:arcrole='http://www.xbrl.org/2003/arcrole/summation-item' xlink:from='loc_InterestAndDividendIncomeSecurities' xlink:to='loc_InterestIncomeSecuritiesMortgageBacked' xlink:type='arc' />
<calculationArc order='20' weight='1.0' xlink:arcrole='http://www.xbrl.org/2003/arcrole/summation-item' xlink:from='loc_InterestAndDividendIncomeSecurities' xlink:to='loc_InterestIncomeSecuritiesStateAndMunicipal' xlink:type='arc' />
<calculationArc order='30' weight='1.0' xlink:arcrole='http://www.xbrl.org/2003/arcrole/summation-item' xlink:from='loc_InterestAndDividendIncomeSecurities' xlink:to='loc_InterestIncomeSecuritiesUSTreasuryAndOtherUSGovernment' xlink:type='arc' />
<calculationArc order='10' weight='1.0' xlink:arcrole='http://www.xbrl.org/2003/arcrole/summation-item' xlink:from='loc_InterestIncomeSecuritiesUSTreasuryAndOtherUSGovernment' xlink:to='loc_InterestIncomeSecuritiesUSTreasury' xlink:type='arc' />
<calculationArc order='20' weight='1.0' xlink:arcrole='http://www.xbrl.org/2003/arcrole/summation-item' xlink:from='loc_InterestIncomeSecuritiesUSTreasuryAndOtherUSGovernment' xlink:to='loc_InterestIncomeSecuritiesOtherUSGovernment' xlink:type='arc' />
<calculationArc order='40' weight='1.0' xlink:arcrole='http://www.xbrl.org/2003/arcrole/summation-item' xlink:from='loc_InterestAndDividendIncomeSecurities' xlink:to='loc_DividendIncomeOperating' xlink:type='arc' />
</calculationLink>
</link:linkbase>
