<?xml version="1.0" encoding="UTF-8" standalone="no"?>

<!--
(c) XBRL US, Inc. 2007-2010; Financial Accounting Foundation, Inc. 2010-2011.  All Rights Reserved.
Notice: Authorized Uses are Set Forth at http://xbrl.fasb.org/terms/TaxonomiesTermsConditions.html
  -->
<link:linkbase xmlns:link='http://www.xbrl.org/2003/linkbase' xmlns:xlink='http://www.w3.org/1999/xlink' xmlns:xsi='http://www.w3.org/2001/XMLSchema-instance' xsi:schemaLocation='http://www.xbrl.org/2003/linkbase http://www.xbrl.org/2003/xbrl-linkbase-2003-12-31.xsd'>
<link:roleRef roleURI='http://fasb.org/us-gaap/role/disclosure/Inventory' xlink:href='../elts/us-roles-2011-01-31.xsd#inv' xlink:type='simple' />
<calculationLink xlink:role='http://fasb.org/us-gaap/role/disclosure/Inventory' xlink:type='extended' xmlns='http://www.xbrl.org/2003/linkbase'>
<link:loc xlink:href='../elts/us-gaap-2011-01-31.xsd#us-gaap_InventoryNet' xlink:label='loc_InventoryNet' xlink:type='locator' />
<link:loc xlink:href='../elts/us-gaap-2011-01-31.xsd#us-gaap_InventoryGross' xlink:label='loc_InventoryGross' xlink:type='locator' />
<link:loc xlink:href='../elts/us-gaap-2011-01-31.xsd#us-gaap_InventoryFinishedGoodsAndWorkInProcess' xlink:label='loc_InventoryFinishedGoodsAndWorkInProcess' xlink:type='locator' />
<link:loc xlink:href='../elts/us-gaap-2011-01-31.xsd#us-gaap_InventoryFinishedGoods' xlink:label='loc_InventoryFinishedGoods' xlink:type='locator' />
<link:loc xlink:href='../elts/us-gaap-2011-01-31.xsd#us-gaap_InventoryWorkInProcess' xlink:label='loc_InventoryWorkInProcess' xlink:type='locator' />
<link:loc xlink:href='../elts/us-gaap-2011-01-31.xsd#us-gaap_InventoryRawMaterialsAndSupplies' xlink:label='loc_InventoryRawMaterialsAndSupplies' xlink:type='locator' />
<link:loc xlink:href='../elts/us-gaap-2011-01-31.xsd#us-gaap_InventoryRawMaterials' xlink:label='loc_InventoryRawMaterials' xlink:type='locator' />
<link:loc xlink:href='../elts/us-gaap-2011-01-31.xsd#us-gaap_OtherInventorySupplies' xlink:label='loc_OtherInventorySupplies' xlink:type='locator' />
<link:loc xlink:href='../elts/us-gaap-2011-01-31.xsd#us-gaap_InventoryOreStockpilesOnLeachPads' xlink:label='loc_InventoryOreStockpilesOnLeachPads' xlink:type='locator' />
<link:loc xlink:href='../elts/us-gaap-2011-01-31.xsd#us-gaap_OtherInventory' xlink:label='loc_OtherInventory' xlink:type='locator' />
<link:loc xlink:href='../elts/us-gaap-2011-01-31.xsd#us-gaap_OtherInventoryMaterialsSuppliesAndMerchandiseUnderConsignment' xlink:label='loc_OtherInventoryMaterialsSuppliesAndMerchandiseUnderConsignment' xlink:type='locator' />
<link:loc xlink:href='../elts/us-gaap-2011-01-31.xsd#us-gaap_OtherInventoryWarehouse' xlink:label='loc_OtherInventoryWarehouse' xlink:type='locator' />
<link:loc xlink:href='../elts/us-gaap-2011-01-31.xsd#us-gaap_OtherInventoryScrap' xlink:label='loc_OtherInventoryScrap' xlink:type='locator' />
<link:loc xlink:href='../elts/us-gaap-2011-01-31.xsd#us-gaap_OtherInventoriesSpareParts' xlink:label='loc_OtherInventoriesSpareParts' xlink:type='locator' />
<link:loc xlink:href='../elts/us-gaap-2011-01-31.xsd#us-gaap_OtherInventoryDemo' xlink:label='loc_OtherInventoryDemo' xlink:type='locator' />
<link:loc xlink:href='../elts/us-gaap-2011-01-31.xsd#us-gaap_OtherInventoryPurchasedGoods' xlink:label='loc_OtherInventoryPurchasedGoods' xlink:type='locator' />
<link:loc xlink:href='../elts/us-gaap-2011-01-31.xsd#us-gaap_OtherInventoryInventoryAtOffSitePremises' xlink:label='loc_OtherInventoryInventoryAtOffSitePremises' xlink:type='locator' />
<link:loc xlink:href='../elts/us-gaap-2011-01-31.xsd#us-gaap_OtherInventoryInTransit' xlink:label='loc_OtherInventoryInTransit' xlink:type='locator' />
<link:loc xlink:href='../elts/us-gaap-2011-01-31.xsd#us-gaap_OtherInventoryCapitalizedCosts' xlink:label='loc_OtherInventoryCapitalizedCosts' xlink:type='locator' />
<link:loc xlink:href='../elts/us-gaap-2011-01-31.xsd#us-gaap_InventoryForLongTermContractsOrPrograms' xlink:label='loc_InventoryForLongTermContractsOrPrograms' xlink:type='locator' />
<link:loc xlink:href='../elts/us-gaap-2011-01-31.xsd#us-gaap_InventoryAdjustments' xlink:label='loc_InventoryAdjustments' xlink:type='locator' />
<link:loc xlink:href='../elts/us-gaap-2011-01-31.xsd#us-gaap_InventoryValuationReserves' xlink:label='loc_InventoryValuationReserves' xlink:type='locator' />
<link:loc xlink:href='../elts/us-gaap-2011-01-31.xsd#us-gaap_InventoryLIFOReserve' xlink:label='loc_InventoryLIFOReserve' xlink:type='locator' />
<link:loc xlink:href='../elts/us-gaap-2011-01-31.xsd#us-gaap_InventoryNoncurrent' xlink:label='loc_InventoryNoncurrent' xlink:type='locator' />
<link:loc xlink:href='../elts/us-gaap-2011-01-31.xsd#us-gaap_InventoryDrillingNoncurrent' xlink:label='loc_InventoryDrillingNoncurrent' xlink:type='locator' />
<link:loc xlink:href='../elts/us-gaap-2011-01-31.xsd#us-gaap_InventoryGasInStorageUndergroundNoncurrent' xlink:label='loc_InventoryGasInStorageUndergroundNoncurrent' xlink:type='locator' />
<link:loc xlink:href='../elts/us-gaap-2011-01-31.xsd#us-gaap_OtherInventoryNoncurrent' xlink:label='loc_OtherInventoryNoncurrent' xlink:type='locator' />
<link:loc xlink:href='../elts/us-gaap-2011-01-31.xsd#us-gaap_InventoryFinishedGoodsAndWorkInProcessNetOfReserves' xlink:label='loc_InventoryFinishedGoodsAndWorkInProcessNetOfReserves' xlink:type='locator' />
<link:loc xlink:href='../elts/us-gaap-2011-01-31.xsd#us-gaap_InventoryFinishedGoodsNetOfReserves' xlink:label='loc_InventoryFinishedGoodsNetOfReserves' xlink:type='locator' />
<link:loc xlink:href='../elts/us-gaap-2011-01-31.xsd#us-gaap_InventoryWorkInProcessNetOfReserves' xlink:label='loc_InventoryWorkInProcessNetOfReserves' xlink:type='locator' />
<link:loc xlink:href='../elts/us-gaap-2011-01-31.xsd#us-gaap_InventoryRawMaterialsAndSuppliesNetOfReserves' xlink:label='loc_InventoryRawMaterialsAndSuppliesNetOfReserves' xlink:type='locator' />
<link:loc xlink:href='../elts/us-gaap-2011-01-31.xsd#us-gaap_InventoryRawMaterialsNetOfReserves' xlink:label='loc_InventoryRawMaterialsNetOfReserves' xlink:type='locator' />
<link:loc xlink:href='../elts/us-gaap-2011-01-31.xsd#us-gaap_InventorySuppliesNetOfReserves' xlink:label='loc_InventorySuppliesNetOfReserves' xlink:type='locator' />
<link:loc xlink:href='../elts/us-gaap-2011-01-31.xsd#us-gaap_InventoryLIFOReserveEffectOnIncomeNet' xlink:label='loc_InventoryLIFOReserveEffectOnIncomeNet' xlink:type='locator' />
<link:loc xlink:href='../elts/us-gaap-2011-01-31.xsd#us-gaap_InventoryLIFOReservePeriodCharge' xlink:label='loc_InventoryLIFOReservePeriodCharge' xlink:type='locator' />
<link:loc xlink:href='../elts/us-gaap-2011-01-31.xsd#us-gaap_EffectOfLIFOInventoryLiquidationOnIncome' xlink:label='loc_EffectOfLIFOInventoryLiquidationOnIncome' xlink:type='locator' />
<calculationArc order='10' use='optional' weight='1.0' xlink:arcrole='http://www.xbrl.org/2003/arcrole/summation-item' xlink:from='loc_InventoryNet' xlink:to='loc_InventoryGross' xlink:type='arc' />
<calculationArc order='10' use='optional' weight='1.0' xlink:arcrole='http://www.xbrl.org/2003/arcrole/summation-item' xlink:from='loc_InventoryGross' xlink:to='loc_InventoryFinishedGoodsAndWorkInProcess' xlink:type='arc' />
<calculationArc order='10' weight='1.0' xlink:arcrole='http://www.xbrl.org/2003/arcrole/summation-item' xlink:from='loc_InventoryFinishedGoodsAndWorkInProcess' xlink:to='loc_InventoryFinishedGoods' xlink:type='arc' />
<calculationArc order='20' use='optional' weight='1.0' xlink:arcrole='http://www.xbrl.org/2003/arcrole/summation-item' xlink:from='loc_InventoryFinishedGoodsAndWorkInProcess' xlink:to='loc_InventoryWorkInProcess' xlink:type='arc' />
<calculationArc order='20' use='optional' weight='1.0' xlink:arcrole='http://www.xbrl.org/2003/arcrole/summation-item' xlink:from='loc_InventoryGross' xlink:to='loc_InventoryRawMaterialsAndSupplies' xlink:type='arc' />
<calculationArc order='10' use='optional' weight='1.0' xlink:arcrole='http://www.xbrl.org/2003/arcrole/summation-item' xlink:from='loc_InventoryRawMaterialsAndSupplies' xlink:to='loc_InventoryRawMaterials' xlink:type='arc' />
<calculationArc order='20' weight='1.0' xlink:arcrole='http://www.xbrl.org/2003/arcrole/summation-item' xlink:from='loc_InventoryRawMaterialsAndSupplies' xlink:to='loc_OtherInventorySupplies' xlink:type='arc' />
<calculationArc order='30' weight='1.0' xlink:arcrole='http://www.xbrl.org/2003/arcrole/summation-item' xlink:from='loc_InventoryRawMaterialsAndSupplies' xlink:to='loc_InventoryOreStockpilesOnLeachPads' xlink:type='arc' />
<calculationArc order='30' use='optional' weight='1.0' xlink:arcrole='http://www.xbrl.org/2003/arcrole/summation-item' xlink:from='loc_InventoryGross' xlink:to='loc_OtherInventory' xlink:type='arc' />
<calculationArc order='10' use='optional' weight='1.0' xlink:arcrole='http://www.xbrl.org/2003/arcrole/summation-item' xlink:from='loc_OtherInventory' xlink:to='loc_OtherInventoryMaterialsSuppliesAndMerchandiseUnderConsignment' xlink:type='arc' />
<calculationArc order='20' use='optional' weight='1.0' xlink:arcrole='http://www.xbrl.org/2003/arcrole/summation-item' xlink:from='loc_OtherInventory' xlink:to='loc_OtherInventoryWarehouse' xlink:type='arc' />
<calculationArc order='30' use='optional' weight='1.0' xlink:arcrole='http://www.xbrl.org/2003/arcrole/summation-item' xlink:from='loc_OtherInventory' xlink:to='loc_OtherInventoryScrap' xlink:type='arc' />
<calculationArc order='40' weight='1.0' xlink:arcrole='http://www.xbrl.org/2003/arcrole/summation-item' xlink:from='loc_OtherInventory' xlink:to='loc_OtherInventoriesSpareParts' xlink:type='arc' />
<calculationArc order='50' use='optional' weight='1.0' xlink:arcrole='http://www.xbrl.org/2003/arcrole/summation-item' xlink:from='loc_OtherInventory' xlink:to='loc_OtherInventoryDemo' xlink:type='arc' />
<calculationArc order='60' use='optional' weight='1.0' xlink:arcrole='http://www.xbrl.org/2003/arcrole/summation-item' xlink:from='loc_OtherInventory' xlink:to='loc_OtherInventoryPurchasedGoods' xlink:type='arc' />
<calculationArc order='70' use='optional' weight='1.0' xlink:arcrole='http://www.xbrl.org/2003/arcrole/summation-item' xlink:from='loc_OtherInventory' xlink:to='loc_OtherInventoryInventoryAtOffSitePremises' xlink:type='arc' />
<calculationArc order='80' weight='1.0' xlink:arcrole='http://www.xbrl.org/2003/arcrole/summation-item' xlink:from='loc_OtherInventory' xlink:to='loc_OtherInventoryInTransit' xlink:type='arc' />
<calculationArc order='90' weight='1.0' xlink:arcrole='http://www.xbrl.org/2003/arcrole/summation-item' xlink:from='loc_OtherInventory' xlink:to='loc_OtherInventoryCapitalizedCosts' xlink:type='arc' />
<calculationArc order='40' weight='1.0' xlink:arcrole='http://www.xbrl.org/2003/arcrole/summation-item' xlink:from='loc_InventoryGross' xlink:to='loc_InventoryForLongTermContractsOrPrograms' xlink:type='arc' />
<calculationArc order='20' weight='-1.0' xlink:arcrole='http://www.xbrl.org/2003/arcrole/summation-item' xlink:from='loc_InventoryNet' xlink:to='loc_InventoryAdjustments' xlink:type='arc' />
<calculationArc order='10' weight='1.0' xlink:arcrole='http://www.xbrl.org/2003/arcrole/summation-item' xlink:from='loc_InventoryAdjustments' xlink:to='loc_InventoryValuationReserves' xlink:type='arc' />
<calculationArc order='20' weight='1.0' xlink:arcrole='http://www.xbrl.org/2003/arcrole/summation-item' xlink:from='loc_InventoryAdjustments' xlink:to='loc_InventoryLIFOReserve' xlink:type='arc' />
<calculationArc order='10' weight='1.0' xlink:arcrole='http://www.xbrl.org/2003/arcrole/summation-item' xlink:from='loc_InventoryNoncurrent' xlink:to='loc_InventoryDrillingNoncurrent' xlink:type='arc' />
<calculationArc order='20' weight='1.0' xlink:arcrole='http://www.xbrl.org/2003/arcrole/summation-item' xlink:from='loc_InventoryNoncurrent' xlink:to='loc_InventoryGasInStorageUndergroundNoncurrent' xlink:type='arc' />
<calculationArc order='30' weight='1.0' xlink:arcrole='http://www.xbrl.org/2003/arcrole/summation-item' xlink:from='loc_InventoryNoncurrent' xlink:to='loc_OtherInventoryNoncurrent' xlink:type='arc' />
<calculationArc order='10' weight='1.0' xlink:arcrole='http://www.xbrl.org/2003/arcrole/summation-item' xlink:from='loc_InventoryFinishedGoodsAndWorkInProcessNetOfReserves' xlink:to='loc_InventoryFinishedGoodsNetOfReserves' xlink:type='arc' />
<calculationArc order='20' weight='1.0' xlink:arcrole='http://www.xbrl.org/2003/arcrole/summation-item' xlink:from='loc_InventoryFinishedGoodsAndWorkInProcessNetOfReserves' xlink:to='loc_InventoryWorkInProcessNetOfReserves' xlink:type='arc' />
<calculationArc order='10' weight='1.0' xlink:arcrole='http://www.xbrl.org/2003/arcrole/summation-item' xlink:from='loc_InventoryRawMaterialsAndSuppliesNetOfReserves' xlink:to='loc_InventoryRawMaterialsNetOfReserves' xlink:type='arc' />
<calculationArc order='20' weight='1.0' xlink:arcrole='http://www.xbrl.org/2003/arcrole/summation-item' xlink:from='loc_InventoryRawMaterialsAndSuppliesNetOfReserves' xlink:to='loc_InventorySuppliesNetOfReserves' xlink:type='arc' />
<calculationArc order='10' weight='1.0' xlink:arcrole='http://www.xbrl.org/2003/arcrole/summation-item' xlink:from='loc_InventoryLIFOReserveEffectOnIncomeNet' xlink:to='loc_InventoryLIFOReservePeriodCharge' xlink:type='arc' />
<calculationArc order='20' weight='-1.0' xlink:arcrole='http://www.xbrl.org/2003/arcrole/summation-item' xlink:from='loc_InventoryLIFOReserveEffectOnIncomeNet' xlink:to='loc_EffectOfLIFOInventoryLiquidationOnIncome' xlink:type='arc' />
</calculationLink>
</link:linkbase>
