<?xml version="1.0" encoding="UTF-8" standalone="no"?>

<!--
(c) XBRL US, Inc. 2007-2010; Financial Accounting Foundation, Inc. 2010-2011.  All Rights Reserved.
Notice: Authorized Uses are Set Forth at http://xbrl.fasb.org/terms/TaxonomiesTermsConditions.html
  -->
<link:linkbase xmlns:link='http://www.xbrl.org/2003/linkbase' xmlns:xlink='http://www.w3.org/1999/xlink' xmlns:xsi='http://www.w3.org/2001/XMLSchema-instance' xsi:schemaLocation='http://www.xbrl.org/2003/linkbase http://www.xbrl.org/2003/xbrl-linkbase-2003-12-31.xsd'>
<link:roleRef roleURI='http://fasb.org/us-gaap/role/disclosure/DebtCalc3' xlink:href='../elts/us-roles-2011-01-31.xsd#debt3' xlink:type='simple' />
<calculationLink xlink:role='http://fasb.org/us-gaap/role/disclosure/DebtCalc3' xlink:type='extended' xmlns='http://www.xbrl.org/2003/linkbase'>
<link:loc xlink:href='../elts/us-gaap-2011-01-31.xsd#us-gaap_LongTermDebt' xlink:label='loc_LongTermDebt' xlink:type='locator' />
<link:loc xlink:href='../elts/us-gaap-2011-01-31.xsd#us-gaap_LongTermDebtMaturitiesRepaymentsOfPrincipalInNextTwelveMonths' xlink:label='loc_LongTermDebtMaturitiesRepaymentsOfPrincipalInNextTwelveMonths' xlink:type='locator' />
<link:loc xlink:href='../elts/us-gaap-2011-01-31.xsd#us-gaap_LongTermDebtMaturingInYearsTwoAndThree' xlink:label='loc_LongTermDebtMaturingInYearsTwoAndThree' xlink:type='locator' />
<link:loc xlink:href='../elts/us-gaap-2011-01-31.xsd#us-gaap_LongTermDebtMaturitiesRepaymentsOfPrincipalInYearTwo' xlink:label='loc_LongTermDebtMaturitiesRepaymentsOfPrincipalInYearTwo' xlink:type='locator' />
<link:loc xlink:href='../elts/us-gaap-2011-01-31.xsd#us-gaap_LongTermDebtMaturitiesRepaymentsOfPrincipalInYearThree' xlink:label='loc_LongTermDebtMaturitiesRepaymentsOfPrincipalInYearThree' xlink:type='locator' />
<link:loc xlink:href='../elts/us-gaap-2011-01-31.xsd#us-gaap_LongTermDebtMaturingInYearsFourAndFive' xlink:label='loc_LongTermDebtMaturingInYearsFourAndFive' xlink:type='locator' />
<link:loc xlink:href='../elts/us-gaap-2011-01-31.xsd#us-gaap_LongTermDebtMaturitiesRepaymentsOfPrincipalInYearFour' xlink:label='loc_LongTermDebtMaturitiesRepaymentsOfPrincipalInYearFour' xlink:type='locator' />
<link:loc xlink:href='../elts/us-gaap-2011-01-31.xsd#us-gaap_LongTermDebtMaturitiesRepaymentsOfPrincipalInYearFive' xlink:label='loc_LongTermDebtMaturitiesRepaymentsOfPrincipalInYearFive' xlink:type='locator' />
<link:loc xlink:href='../elts/us-gaap-2011-01-31.xsd#us-gaap_LongTermDebtMaturitiesRepaymentsOfPrincipalAfterYearFive' xlink:label='loc_LongTermDebtMaturitiesRepaymentsOfPrincipalAfterYearFive' xlink:type='locator' />
<calculationArc order='10' weight='1.0' xlink:arcrole='http://www.xbrl.org/2003/arcrole/summation-item' xlink:from='loc_LongTermDebt' xlink:to='loc_LongTermDebtMaturitiesRepaymentsOfPrincipalInNextTwelveMonths' xlink:type='arc' />
<calculationArc order='20' weight='1.0' xlink:arcrole='http://www.xbrl.org/2003/arcrole/summation-item' xlink:from='loc_LongTermDebt' xlink:to='loc_LongTermDebtMaturingInYearsTwoAndThree' xlink:type='arc' />
<calculationArc order='10' weight='1.0' xlink:arcrole='http://www.xbrl.org/2003/arcrole/summation-item' xlink:from='loc_LongTermDebtMaturingInYearsTwoAndThree' xlink:to='loc_LongTermDebtMaturitiesRepaymentsOfPrincipalInYearTwo' xlink:type='arc' />
<calculationArc order='20' weight='1.0' xlink:arcrole='http://www.xbrl.org/2003/arcrole/summation-item' xlink:from='loc_LongTermDebtMaturingInYearsTwoAndThree' xlink:to='loc_LongTermDebtMaturitiesRepaymentsOfPrincipalInYearThree' xlink:type='arc' />
<calculationArc order='30' weight='1.0' xlink:arcrole='http://www.xbrl.org/2003/arcrole/summation-item' xlink:from='loc_LongTermDebt' xlink:to='loc_LongTermDebtMaturingInYearsFourAndFive' xlink:type='arc' />
<calculationArc order='10' weight='1.0' xlink:arcrole='http://www.xbrl.org/2003/arcrole/summation-item' xlink:from='loc_LongTermDebtMaturingInYearsFourAndFive' xlink:to='loc_LongTermDebtMaturitiesRepaymentsOfPrincipalInYearFour' xlink:type='arc' />
<calculationArc order='20' weight='1.0' xlink:arcrole='http://www.xbrl.org/2003/arcrole/summation-item' xlink:from='loc_LongTermDebtMaturingInYearsFourAndFive' xlink:to='loc_LongTermDebtMaturitiesRepaymentsOfPrincipalInYearFive' xlink:type='arc' />
<calculationArc order='40' weight='1.0' xlink:arcrole='http://www.xbrl.org/2003/arcrole/summation-item' xlink:from='loc_LongTermDebt' xlink:to='loc_LongTermDebtMaturitiesRepaymentsOfPrincipalAfterYearFive' xlink:type='arc' />
</calculationLink>
</link:linkbase>
