<?xml version="1.0" encoding="UTF-8" standalone="no"?>

<!--
(c) XBRL US, Inc. 2007-2010; Financial Accounting Foundation, Inc. 2010-2011.  All Rights Reserved.
Notice: Authorized Uses are Set Forth at http://xbrl.fasb.org/terms/TaxonomiesTermsConditions.html
  -->
<link:linkbase xmlns:link='http://www.xbrl.org/2003/linkbase' xmlns:xlink='http://www.w3.org/1999/xlink' xmlns:xsi='http://www.w3.org/2001/XMLSchema-instance' xsi:schemaLocation='http://www.xbrl.org/2003/linkbase http://www.xbrl.org/2003/xbrl-linkbase-2003-12-31.xsd'>
<link:roleRef roleURI='http://fasb.org/us-gaap/role/disclosure/ReceivablesLoansNotesReceivableAndOthers' xlink:href='../elts/us-roles-2011-01-31.xsd#rlnro' xlink:type='simple' />
<calculationLink xlink:role='http://fasb.org/us-gaap/role/disclosure/ReceivablesLoansNotesReceivableAndOthers' xlink:type='extended' xmlns='http://www.xbrl.org/2003/linkbase'>
<link:loc xlink:href='../elts/us-gaap-2011-01-31.xsd#us-gaap_AccountsNotesAndLoansReceivableNetCurrent' xlink:label='loc_AccountsNotesAndLoansReceivableNetCurrent' xlink:type='locator' />
<link:loc xlink:href='../elts/us-gaap-2011-01-31.xsd#us-gaap_AccountsReceivableNetCurrent' xlink:label='loc_AccountsReceivableNetCurrent' xlink:type='locator' />
<link:loc xlink:href='../elts/us-gaap-2011-01-31.xsd#us-gaap_AccountsReceivableGrossCurrent' xlink:label='loc_AccountsReceivableGrossCurrent' xlink:type='locator' />
<link:loc xlink:href='../elts/us-gaap-2011-01-31.xsd#us-gaap_AllowanceForDoubtfulAccountsReceivableCurrent' xlink:label='loc_AllowanceForDoubtfulAccountsReceivableCurrent' xlink:type='locator' />
<link:loc xlink:href='../elts/us-gaap-2011-01-31.xsd#us-gaap_NotesAndLoansReceivableNetCurrent' xlink:label='loc_NotesAndLoansReceivableNetCurrent' xlink:type='locator' />
<link:loc xlink:href='../elts/us-gaap-2011-01-31.xsd#us-gaap_NotesAndLoansReceivableGrossCurrent' xlink:label='loc_NotesAndLoansReceivableGrossCurrent' xlink:type='locator' />
<link:loc xlink:href='../elts/us-gaap-2011-01-31.xsd#us-gaap_AllowanceForNotesAndLoansReceivableCurrent' xlink:label='loc_AllowanceForNotesAndLoansReceivableCurrent' xlink:type='locator' />
<link:loc xlink:href='../elts/us-gaap-2011-01-31.xsd#us-gaap_AccountsReceivableNet' xlink:label='loc_AccountsReceivableNet' xlink:type='locator' />
<link:loc xlink:href='../elts/us-gaap-2011-01-31.xsd#us-gaap_AccountsReceivableGross' xlink:label='loc_AccountsReceivableGross' xlink:type='locator' />
<link:loc xlink:href='../elts/us-gaap-2011-01-31.xsd#us-gaap_AllowanceForDoubtfulAccountsReceivable' xlink:label='loc_AllowanceForDoubtfulAccountsReceivable' xlink:type='locator' />
<link:loc xlink:href='../elts/us-gaap-2011-01-31.xsd#us-gaap_AllowanceForLoanAndLeaseLossesPeriodIncreaseDecrease' xlink:label='loc_AllowanceForLoanAndLeaseLossesPeriodIncreaseDecrease' xlink:type='locator' />
<link:loc xlink:href='../elts/us-gaap-2011-01-31.xsd#us-gaap_AllowanceForLoanAndLeaseLossesProvisionForLossNet' xlink:label='loc_AllowanceForLoanAndLeaseLossesProvisionForLossNet' xlink:type='locator' />
<link:loc xlink:href='../elts/us-gaap-2011-01-31.xsd#us-gaap_AllowanceForLoanAndLeaseLossesProvisionForLossGross' xlink:label='loc_AllowanceForLoanAndLeaseLossesProvisionForLossGross' xlink:type='locator' />
<link:loc xlink:href='../elts/us-gaap-2011-01-31.xsd#us-gaap_AllowanceForLoanAndLeaseLossesRecoveriesOfBadDebts' xlink:label='loc_AllowanceForLoanAndLeaseLossesRecoveriesOfBadDebts' xlink:type='locator' />
<link:loc xlink:href='../elts/us-gaap-2011-01-31.xsd#us-gaap_AllowanceForLoanAndLeaseLossesAdjustmentsNet' xlink:label='loc_AllowanceForLoanAndLeaseLossesAdjustmentsNet' xlink:type='locator' />
<link:loc xlink:href='../elts/us-gaap-2011-01-31.xsd#us-gaap_AllowanceForLoanAndLeaseLossesLoansAcquired' xlink:label='loc_AllowanceForLoanAndLeaseLossesLoansAcquired' xlink:type='locator' />
<link:loc xlink:href='../elts/us-gaap-2011-01-31.xsd#us-gaap_AllowanceForLoanAndLeaseLossesLoansSold' xlink:label='loc_AllowanceForLoanAndLeaseLossesLoansSold' xlink:type='locator' />
<link:loc xlink:href='../elts/us-gaap-2011-01-31.xsd#us-gaap_AllowanceForLoanAndLeaseLossesWriteOffs' xlink:label='loc_AllowanceForLoanAndLeaseLossesWriteOffs' xlink:type='locator' />
<link:loc xlink:href='../elts/us-gaap-2011-01-31.xsd#us-gaap_AllowanceForLoanAndLeaseLossesForeignCurrencyTranslation' xlink:label='loc_AllowanceForLoanAndLeaseLossesForeignCurrencyTranslation' xlink:type='locator' />
<link:loc xlink:href='../elts/us-gaap-2011-01-31.xsd#us-gaap_DueFromRelatedParties' xlink:label='loc_DueFromRelatedParties' xlink:type='locator' />
<link:loc xlink:href='../elts/us-gaap-2011-01-31.xsd#us-gaap_AccountsReceivableRelatedParties' xlink:label='loc_AccountsReceivableRelatedParties' xlink:type='locator' />
<link:loc xlink:href='../elts/us-gaap-2011-01-31.xsd#us-gaap_NotesReceivableRelatedParties' xlink:label='loc_NotesReceivableRelatedParties' xlink:type='locator' />
<link:loc xlink:href='../elts/us-gaap-2011-01-31.xsd#us-gaap_LoansAndLeasesReceivableRelatedParties' xlink:label='loc_LoansAndLeasesReceivableRelatedParties' xlink:type='locator' />
<link:loc xlink:href='../elts/us-gaap-2011-01-31.xsd#us-gaap_DueFromEmployees' xlink:label='loc_DueFromEmployees' xlink:type='locator' />
<link:loc xlink:href='../elts/us-gaap-2011-01-31.xsd#us-gaap_DueFromOfficersOrStockholders' xlink:label='loc_DueFromOfficersOrStockholders' xlink:type='locator' />
<link:loc xlink:href='../elts/us-gaap-2011-01-31.xsd#us-gaap_DueFromJointVentures' xlink:label='loc_DueFromJointVentures' xlink:type='locator' />
<link:loc xlink:href='../elts/us-gaap-2011-01-31.xsd#us-gaap_DueFromAffiliates' xlink:label='loc_DueFromAffiliates' xlink:type='locator' />
<link:loc xlink:href='../elts/us-gaap-2011-01-31.xsd#us-gaap_DueFromOtherRelatedParties' xlink:label='loc_DueFromOtherRelatedParties' xlink:type='locator' />
<link:loc xlink:href='../elts/us-gaap-2011-01-31.xsd#us-gaap_ContractReceivableRetainage' xlink:label='loc_ContractReceivableRetainage' xlink:type='locator' />
<link:loc xlink:href='../elts/us-gaap-2011-01-31.xsd#us-gaap_ContractReceivableRetainageDueOneYearOrLess' xlink:label='loc_ContractReceivableRetainageDueOneYearOrLess' xlink:type='locator' />
<link:loc xlink:href='../elts/us-gaap-2011-01-31.xsd#us-gaap_ContractReceivableRetainageDueAfterOneYear' xlink:label='loc_ContractReceivableRetainageDueAfterOneYear' xlink:type='locator' />
<link:loc xlink:href='../elts/us-gaap-2011-01-31.xsd#us-gaap_ContractReceivableRetainageDueOneToTwoYears' xlink:label='loc_ContractReceivableRetainageDueOneToTwoYears' xlink:type='locator' />
<link:loc xlink:href='../elts/us-gaap-2011-01-31.xsd#us-gaap_ContractReceivableRetainageDueTwoToThreeYears' xlink:label='loc_ContractReceivableRetainageDueTwoToThreeYears' xlink:type='locator' />
<link:loc xlink:href='../elts/us-gaap-2011-01-31.xsd#us-gaap_ContractReceivableRetainageDueThreeToFourYears' xlink:label='loc_ContractReceivableRetainageDueThreeToFourYears' xlink:type='locator' />
<link:loc xlink:href='../elts/us-gaap-2011-01-31.xsd#us-gaap_ContractReceivableRetainageDueFourToFiveYears' xlink:label='loc_ContractReceivableRetainageDueFourToFiveYears' xlink:type='locator' />
<link:loc xlink:href='../elts/us-gaap-2011-01-31.xsd#us-gaap_ContractReceivableRetainageDueFiveYearsOrMore' xlink:label='loc_ContractReceivableRetainageDueFiveYearsOrMore' xlink:type='locator' />
<link:loc xlink:href='../elts/us-gaap-2011-01-31.xsd#us-gaap_LoansReceivableHeldForSaleReconciliationToCashFlowPeriodIncreaseDecrease' xlink:label='loc_LoansReceivableHeldForSaleReconciliationToCashFlowPeriodIncreaseDecrease' xlink:type='locator' />
<link:loc xlink:href='../elts/us-gaap-2011-01-31.xsd#us-gaap_LoansReceivableHeldForSaleReconciliationToCashFlowAdditionsToHeldForSale' xlink:label='loc_LoansReceivableHeldForSaleReconciliationToCashFlowAdditionsToHeldForSale' xlink:type='locator' />
<link:loc xlink:href='../elts/us-gaap-2011-01-31.xsd#us-gaap_LoansReceivableHeldForSaleReconciliationToCashFlowDeductionsFromHeldForSale' xlink:label='loc_LoansReceivableHeldForSaleReconciliationToCashFlowDeductionsFromHeldForSale' xlink:type='locator' />
<link:loc xlink:href='../elts/us-gaap-2011-01-31.xsd#us-gaap_LoansAndLeasesReceivableRelatedPartiesPeriodIncreaseDecrease' xlink:label='loc_LoansAndLeasesReceivableRelatedPartiesPeriodIncreaseDecrease' xlink:type='locator' />
<link:loc xlink:href='../elts/us-gaap-2011-01-31.xsd#us-gaap_LoansAndLeasesReceivableRelatedPartiesAdditions' xlink:label='loc_LoansAndLeasesReceivableRelatedPartiesAdditions' xlink:type='locator' />
<link:loc xlink:href='../elts/us-gaap-2011-01-31.xsd#us-gaap_LoansAndLeasesReceivableRelatedPartiesCollections' xlink:label='loc_LoansAndLeasesReceivableRelatedPartiesCollections' xlink:type='locator' />
<link:loc xlink:href='../elts/us-gaap-2011-01-31.xsd#us-gaap_LoansAndLeasesReceivableNetReportedAmount' xlink:label='loc_LoansAndLeasesReceivableNetReportedAmount' xlink:type='locator' />
<link:loc xlink:href='../elts/us-gaap-2011-01-31.xsd#us-gaap_LoansAndLeasesReceivableNetOfDeferredIncome' xlink:label='loc_LoansAndLeasesReceivableNetOfDeferredIncome' xlink:type='locator' />
<link:loc xlink:href='../elts/us-gaap-2011-01-31.xsd#us-gaap_LoansAndLeasesReceivableGrossCarryingAmount' xlink:label='loc_LoansAndLeasesReceivableGrossCarryingAmount' xlink:type='locator' />
<link:loc xlink:href='../elts/us-gaap-2011-01-31.xsd#us-gaap_LoansAndLeasesReceivableCommercial' xlink:label='loc_LoansAndLeasesReceivableCommercial' xlink:type='locator' />
<link:loc xlink:href='../elts/us-gaap-2011-01-31.xsd#us-gaap_LoansReceivableCommercialRealEstate' xlink:label='loc_LoansReceivableCommercialRealEstate' xlink:type='locator' />
<link:loc xlink:href='../elts/us-gaap-2011-01-31.xsd#us-gaap_LoansReceivableCommercialMortgage' xlink:label='loc_LoansReceivableCommercialMortgage' xlink:type='locator' />
<link:loc xlink:href='../elts/us-gaap-2011-01-31.xsd#us-gaap_LoansReceivableCommercialAcquisition' xlink:label='loc_LoansReceivableCommercialAcquisition' xlink:type='locator' />
<link:loc xlink:href='../elts/us-gaap-2011-01-31.xsd#us-gaap_LoansReceivableCommercialDevelopment' xlink:label='loc_LoansReceivableCommercialDevelopment' xlink:type='locator' />
<link:loc xlink:href='../elts/us-gaap-2011-01-31.xsd#us-gaap_LoansReceivableCommercialConstruction' xlink:label='loc_LoansReceivableCommercialConstruction' xlink:type='locator' />
<link:loc xlink:href='../elts/us-gaap-2011-01-31.xsd#us-gaap_LoansReceivableCommercialFinancialAndAgricultural' xlink:label='loc_LoansReceivableCommercialFinancialAndAgricultural' xlink:type='locator' />
<link:loc xlink:href='../elts/us-gaap-2011-01-31.xsd#us-gaap_LoansReceivableCommercialAndIndustrial' xlink:label='loc_LoansReceivableCommercialAndIndustrial' xlink:type='locator' />
<link:loc xlink:href='../elts/us-gaap-2011-01-31.xsd#us-gaap_LoansReceivableCommercialFinancialInstitutions' xlink:label='loc_LoansReceivableCommercialFinancialInstitutions' xlink:type='locator' />
<link:loc xlink:href='../elts/us-gaap-2011-01-31.xsd#us-gaap_LoansReceivableCommercialAgricultural' xlink:label='loc_LoansReceivableCommercialAgricultural' xlink:type='locator' />
<link:loc xlink:href='../elts/us-gaap-2011-01-31.xsd#us-gaap_LoansReceivableMortgageWarehouseLending' xlink:label='loc_LoansReceivableMortgageWarehouseLending' xlink:type='locator' />
<link:loc xlink:href='../elts/us-gaap-2011-01-31.xsd#us-gaap_LeasesReceivableCommercialLeaseFinancing' xlink:label='loc_LeasesReceivableCommercialLeaseFinancing' xlink:type='locator' />
<link:loc xlink:href='../elts/us-gaap-2011-01-31.xsd#us-gaap_LoansReceivableCommercialTradeFinancing' xlink:label='loc_LoansReceivableCommercialTradeFinancing' xlink:type='locator' />
<link:loc xlink:href='../elts/us-gaap-2011-01-31.xsd#us-gaap_LoansAndLeasesReceivableCommercialGovernments' xlink:label='loc_LoansAndLeasesReceivableCommercialGovernments' xlink:type='locator' />
<link:loc xlink:href='../elts/us-gaap-2011-01-31.xsd#us-gaap_LoansAndLeasesReceivableConsumer' xlink:label='loc_LoansAndLeasesReceivableConsumer' xlink:type='locator' />
<link:loc xlink:href='../elts/us-gaap-2011-01-31.xsd#us-gaap_LoansAndLeasesReceivableConsumerRealEstate' xlink:label='loc_LoansAndLeasesReceivableConsumerRealEstate' xlink:type='locator' />
<link:loc xlink:href='../elts/us-gaap-2011-01-31.xsd#us-gaap_LoansAndLeasesReceivableConsumerMortgage' xlink:label='loc_LoansAndLeasesReceivableConsumerMortgage' xlink:type='locator' />
<link:loc xlink:href='../elts/us-gaap-2011-01-31.xsd#us-gaap_LoansAndLeasesReceivableConsumerHomeEquity' xlink:label='loc_LoansAndLeasesReceivableConsumerHomeEquity' xlink:type='locator' />
<link:loc xlink:href='../elts/us-gaap-2011-01-31.xsd#us-gaap_LoansAndLeasesReceivableConsumerConstruction' xlink:label='loc_LoansAndLeasesReceivableConsumerConstruction' xlink:type='locator' />
<link:loc xlink:href='../elts/us-gaap-2011-01-31.xsd#us-gaap_LoansAndLeasesReceivableConsumerInstallmentAndRevolving' xlink:label='loc_LoansAndLeasesReceivableConsumerInstallmentAndRevolving' xlink:type='locator' />
<link:loc xlink:href='../elts/us-gaap-2011-01-31.xsd#us-gaap_LoansAndLeasesReceivableConsumerRevolvingCreditCard' xlink:label='loc_LoansAndLeasesReceivableConsumerRevolvingCreditCard' xlink:type='locator' />
<link:loc xlink:href='../elts/us-gaap-2011-01-31.xsd#us-gaap_LoansAndLeasesReceivableConsumerInstallmentDurableGoods' xlink:label='loc_LoansAndLeasesReceivableConsumerInstallmentDurableGoods' xlink:type='locator' />
<link:loc xlink:href='../elts/us-gaap-2011-01-31.xsd#us-gaap_LoansAndLeasesReceivableConsumerRevolvingOther' xlink:label='loc_LoansAndLeasesReceivableConsumerRevolvingOther' xlink:type='locator' />
<link:loc xlink:href='../elts/us-gaap-2011-01-31.xsd#us-gaap_LoansAndLeasesReceivableConsumerInstallmentStudent' xlink:label='loc_LoansAndLeasesReceivableConsumerInstallmentStudent' xlink:type='locator' />
<link:loc xlink:href='../elts/us-gaap-2011-01-31.xsd#us-gaap_LoansAndLeasesReceivableConsumerInstallmentOther' xlink:label='loc_LoansAndLeasesReceivableConsumerInstallmentOther' xlink:type='locator' />
<link:loc xlink:href='../elts/us-gaap-2011-01-31.xsd#us-gaap_LoansAndLeasesReceivableConsumerLeaseFinancing' xlink:label='loc_LoansAndLeasesReceivableConsumerLeaseFinancing' xlink:type='locator' />
<link:loc xlink:href='../elts/us-gaap-2011-01-31.xsd#us-gaap_LoansAndLeasesReceivableConsumerOther' xlink:label='loc_LoansAndLeasesReceivableConsumerOther' xlink:type='locator' />
<link:loc xlink:href='../elts/us-gaap-2011-01-31.xsd#us-gaap_LoansInsurancePolicy' xlink:label='loc_LoansInsurancePolicy' xlink:type='locator' />
<link:loc xlink:href='../elts/us-gaap-2011-01-31.xsd#us-gaap_LoansAndLeasesReceivableForeign' xlink:label='loc_LoansAndLeasesReceivableForeign' xlink:type='locator' />
<link:loc xlink:href='../elts/us-gaap-2011-01-31.xsd#us-gaap_LoansAndLeasesReceivableForeignCommercialAndConsumerRealEstate' xlink:label='loc_LoansAndLeasesReceivableForeignCommercialAndConsumerRealEstate' xlink:type='locator' />
<link:loc xlink:href='../elts/us-gaap-2011-01-31.xsd#us-gaap_LoansAndLeasesReceivableForeignCommercial' xlink:label='loc_LoansAndLeasesReceivableForeignCommercial' xlink:type='locator' />
<link:loc xlink:href='../elts/us-gaap-2011-01-31.xsd#us-gaap_LoansAndLeasesReceivableForeignConsumerInstallmentAndRevolving' xlink:label='loc_LoansAndLeasesReceivableForeignConsumerInstallmentAndRevolving' xlink:type='locator' />
<link:loc xlink:href='../elts/us-gaap-2011-01-31.xsd#us-gaap_LoansAndLeasesReceivableForeignGovernments' xlink:label='loc_LoansAndLeasesReceivableForeignGovernments' xlink:type='locator' />
<link:loc xlink:href='../elts/us-gaap-2011-01-31.xsd#us-gaap_LoansAndLeasesReceivableForeignFinancialInstitutions' xlink:label='loc_LoansAndLeasesReceivableForeignFinancialInstitutions' xlink:type='locator' />
<link:loc xlink:href='../elts/us-gaap-2011-01-31.xsd#us-gaap_LoansAndLeasesReceivableForeignLeaseFinancing' xlink:label='loc_LoansAndLeasesReceivableForeignLeaseFinancing' xlink:type='locator' />
<link:loc xlink:href='../elts/us-gaap-2011-01-31.xsd#us-gaap_LoansAndLeasesReceivableForeignCommercialAndConsumerOther' xlink:label='loc_LoansAndLeasesReceivableForeignCommercialAndConsumerOther' xlink:type='locator' />
<link:loc xlink:href='../elts/us-gaap-2011-01-31.xsd#us-gaap_LoansAndLeasesReceivableOther' xlink:label='loc_LoansAndLeasesReceivableOther' xlink:type='locator' />
<link:loc xlink:href='../elts/us-gaap-2011-01-31.xsd#us-gaap_UnamortizedLoanCommitmentAndOriginationFeesAndUnamortizedDiscountsOrPremiums' xlink:label='loc_UnamortizedLoanCommitmentAndOriginationFeesAndUnamortizedDiscountsOrPremiums' xlink:type='locator' />
<link:loc xlink:href='../elts/us-gaap-2011-01-31.xsd#us-gaap_UnamortizedLoanCommitmentAndOriginationFeesAndUnamortizedDiscountsOrPremiumsCommercial' xlink:label='loc_UnamortizedLoanCommitmentAndOriginationFeesAndUnamortizedDiscountsOrPremiumsCommercial' xlink:type='locator' />
<link:loc xlink:href='../elts/us-gaap-2011-01-31.xsd#us-gaap_UnamortizedLoanCommitmentAndOriginationFeesAndUnamortizedDiscountsOrPremiumsConsumer' xlink:label='loc_UnamortizedLoanCommitmentAndOriginationFeesAndUnamortizedDiscountsOrPremiumsConsumer' xlink:type='locator' />
<link:loc xlink:href='../elts/us-gaap-2011-01-31.xsd#us-gaap_UnamortizedLoanCommitmentAndOriginationFeesAndUnamortizedDiscountsOrPremiumsForeign' xlink:label='loc_UnamortizedLoanCommitmentAndOriginationFeesAndUnamortizedDiscountsOrPremiumsForeign' xlink:type='locator' />
<link:loc xlink:href='../elts/us-gaap-2011-01-31.xsd#us-gaap_UnamortizedLoanCommitmentAndOriginationFeesAndUnamortizedDiscountsOrPremiumsOther' xlink:label='loc_UnamortizedLoanCommitmentAndOriginationFeesAndUnamortizedDiscountsOrPremiumsOther' xlink:type='locator' />
<link:loc xlink:href='../elts/us-gaap-2011-01-31.xsd#us-gaap_LoansAndLeasesReceivableDeferredIncome' xlink:label='loc_LoansAndLeasesReceivableDeferredIncome' xlink:type='locator' />
<link:loc xlink:href='../elts/us-gaap-2011-01-31.xsd#us-gaap_LoansAndLeasesReceivableDeferredIncomeCommercial' xlink:label='loc_LoansAndLeasesReceivableDeferredIncomeCommercial' xlink:type='locator' />
<link:loc xlink:href='../elts/us-gaap-2011-01-31.xsd#us-gaap_LoansAndLeasesReceivableDeferredIncomeConsumer' xlink:label='loc_LoansAndLeasesReceivableDeferredIncomeConsumer' xlink:type='locator' />
<link:loc xlink:href='../elts/us-gaap-2011-01-31.xsd#us-gaap_LoansAndLeasesReceivableDeferredIncomeForeign' xlink:label='loc_LoansAndLeasesReceivableDeferredIncomeForeign' xlink:type='locator' />
<link:loc xlink:href='../elts/us-gaap-2011-01-31.xsd#us-gaap_LoansAndLeasesReceivableDeferredIncomeOther' xlink:label='loc_LoansAndLeasesReceivableDeferredIncomeOther' xlink:type='locator' />
<link:loc xlink:href='../elts/us-gaap-2011-01-31.xsd#us-gaap_LoansAndLeasesReceivableAllowance' xlink:label='loc_LoansAndLeasesReceivableAllowance' xlink:type='locator' />
<link:loc xlink:href='../elts/us-gaap-2011-01-31.xsd#us-gaap_LoansAndLeasesReceivableCommercialAllowance' xlink:label='loc_LoansAndLeasesReceivableCommercialAllowance' xlink:type='locator' />
<link:loc xlink:href='../elts/us-gaap-2011-01-31.xsd#us-gaap_LoansAndLeasesReceivableConsumerAllowance' xlink:label='loc_LoansAndLeasesReceivableConsumerAllowance' xlink:type='locator' />
<link:loc xlink:href='../elts/us-gaap-2011-01-31.xsd#us-gaap_LoansAndLeasesReceivableForeignAllowance' xlink:label='loc_LoansAndLeasesReceivableForeignAllowance' xlink:type='locator' />
<link:loc xlink:href='../elts/us-gaap-2011-01-31.xsd#us-gaap_LoansAndLeasesReceivableOtherAllowance' xlink:label='loc_LoansAndLeasesReceivableOtherAllowance' xlink:type='locator' />
<link:loc xlink:href='../elts/us-gaap-2011-01-31.xsd#us-gaap_LoansAndLeasesReceivableLoansInProcess' xlink:label='loc_LoansAndLeasesReceivableLoansInProcess' xlink:type='locator' />
<link:loc xlink:href='../elts/us-gaap-2011-01-31.xsd#us-gaap_LoansAndLeasesReceivableCommercialLoansInProcess' xlink:label='loc_LoansAndLeasesReceivableCommercialLoansInProcess' xlink:type='locator' />
<link:loc xlink:href='../elts/us-gaap-2011-01-31.xsd#us-gaap_LoansAndLeasesReceivableConsumerLoansInProcess' xlink:label='loc_LoansAndLeasesReceivableConsumerLoansInProcess' xlink:type='locator' />
<link:loc xlink:href='../elts/us-gaap-2011-01-31.xsd#us-gaap_LoansAndLeasesReceivableForeignLoansInProcess' xlink:label='loc_LoansAndLeasesReceivableForeignLoansInProcess' xlink:type='locator' />
<link:loc xlink:href='../elts/us-gaap-2011-01-31.xsd#us-gaap_LoansAndLeasesReceivableOtherLoansInProcess' xlink:label='loc_LoansAndLeasesReceivableOtherLoansInProcess' xlink:type='locator' />
<link:loc xlink:href='../elts/us-gaap-2011-01-31.xsd#us-gaap_MortgageLoansOnRealEstateCommercialAndConsumerNet' xlink:label='loc_MortgageLoansOnRealEstateCommercialAndConsumerNet' xlink:type='locator' />
<link:loc xlink:href='../elts/us-gaap-2011-01-31.xsd#us-gaap_AllowanceForLoanAndLeaseLossesRealEstate' xlink:label='loc_AllowanceForLoanAndLeaseLossesRealEstate' xlink:type='locator' />
<link:loc xlink:href='../elts/us-gaap-2011-01-31.xsd#us-gaap_NontradeReceivables' xlink:label='loc_NontradeReceivables' xlink:type='locator' />
<link:loc xlink:href='../elts/us-gaap-2011-01-31.xsd#us-gaap_CreditCardReceivables' xlink:label='loc_CreditCardReceivables' xlink:type='locator' />
<link:loc xlink:href='../elts/us-gaap-2011-01-31.xsd#us-gaap_DividendsReceivable' xlink:label='loc_DividendsReceivable' xlink:type='locator' />
<link:loc xlink:href='../elts/us-gaap-2011-01-31.xsd#us-gaap_InterestReceivable' xlink:label='loc_InterestReceivable' xlink:type='locator' />
<link:loc xlink:href='../elts/us-gaap-2011-01-31.xsd#us-gaap_IncomeTaxReceivable' xlink:label='loc_IncomeTaxReceivable' xlink:type='locator' />
<link:loc xlink:href='../elts/us-gaap-2011-01-31.xsd#us-gaap_ValueAddedTaxReceivable' xlink:label='loc_ValueAddedTaxReceivable' xlink:type='locator' />
<link:loc xlink:href='../elts/us-gaap-2011-01-31.xsd#us-gaap_ReceivableForRecoveryOfImportDutiesNet' xlink:label='loc_ReceivableForRecoveryOfImportDutiesNet' xlink:type='locator' />
<link:loc xlink:href='../elts/us-gaap-2011-01-31.xsd#us-gaap_InsuranceSettlementsReceivable' xlink:label='loc_InsuranceSettlementsReceivable' xlink:type='locator' />
<link:loc xlink:href='../elts/us-gaap-2011-01-31.xsd#us-gaap_GrantsReceivable' xlink:label='loc_GrantsReceivable' xlink:type='locator' />
<link:loc xlink:href='../elts/us-gaap-2011-01-31.xsd#us-gaap_InsuranceReceivableForMalpractice' xlink:label='loc_InsuranceReceivableForMalpractice' xlink:type='locator' />
<link:loc xlink:href='../elts/us-gaap-2011-01-31.xsd#us-gaap_LeaseIncentiveReceivable' xlink:label='loc_LeaseIncentiveReceivable' xlink:type='locator' />
<link:loc xlink:href='../elts/us-gaap-2011-01-31.xsd#us-gaap_OilAndGasJointInterestBillingReceivables' xlink:label='loc_OilAndGasJointInterestBillingReceivables' xlink:type='locator' />
<link:loc xlink:href='../elts/us-gaap-2011-01-31.xsd#us-gaap_AccruedFeesAndOtherRevenueReceivable' xlink:label='loc_AccruedFeesAndOtherRevenueReceivable' xlink:type='locator' />
<link:loc xlink:href='../elts/us-gaap-2011-01-31.xsd#us-gaap_OtherReceivables' xlink:label='loc_OtherReceivables' xlink:type='locator' />
<link:loc xlink:href='../elts/us-gaap-2011-01-31.xsd#us-gaap_NotesReceivableNet' xlink:label='loc_NotesReceivableNet' xlink:type='locator' />
<link:loc xlink:href='../elts/us-gaap-2011-01-31.xsd#us-gaap_NotesReceivableGross' xlink:label='loc_NotesReceivableGross' xlink:type='locator' />
<link:loc xlink:href='../elts/us-gaap-2011-01-31.xsd#us-gaap_AllowanceForNotesReceivable' xlink:label='loc_AllowanceForNotesReceivable' xlink:type='locator' />
<link:loc xlink:href='../elts/us-gaap-2011-01-31.xsd#us-gaap_ReceivablesHeldForSaleAmount' xlink:label='loc_ReceivablesHeldForSaleAmount' xlink:type='locator' />
<link:loc xlink:href='../elts/us-gaap-2011-01-31.xsd#us-gaap_TradeReceivablesHeldForSaleAmount' xlink:label='loc_TradeReceivablesHeldForSaleAmount' xlink:type='locator' />
<link:loc xlink:href='../elts/us-gaap-2011-01-31.xsd#us-gaap_LoansReceivableHeldForSaleAmount' xlink:label='loc_LoansReceivableHeldForSaleAmount' xlink:type='locator' />
<link:loc xlink:href='../elts/us-gaap-2011-01-31.xsd#us-gaap_ReceivablesHeldForSaleNetAmount' xlink:label='loc_ReceivablesHeldForSaleNetAmount' xlink:type='locator' />
<link:loc xlink:href='../elts/us-gaap-2011-01-31.xsd#us-gaap_TradeReceivablesHeldForSaleNet' xlink:label='loc_TradeReceivablesHeldForSaleNet' xlink:type='locator' />
<link:loc xlink:href='../elts/us-gaap-2011-01-31.xsd#us-gaap_LoansReceivableHeldForSaleNet' xlink:label='loc_LoansReceivableHeldForSaleNet' xlink:type='locator' />
<link:loc xlink:href='../elts/us-gaap-2011-01-31.xsd#us-gaap_ReceivableWithImputedInterestNetAmount' xlink:label='loc_ReceivableWithImputedInterestNetAmount' xlink:type='locator' />
<link:loc xlink:href='../elts/us-gaap-2011-01-31.xsd#us-gaap_ReceivableWithImputedInterestFaceAmount' xlink:label='loc_ReceivableWithImputedInterestFaceAmount' xlink:type='locator' />
<link:loc xlink:href='../elts/us-gaap-2011-01-31.xsd#us-gaap_ReceivableWithImputedInterestPremium' xlink:label='loc_ReceivableWithImputedInterestPremium' xlink:type='locator' />
<link:loc xlink:href='../elts/us-gaap-2011-01-31.xsd#us-gaap_ReceivableWithImputedInterestDiscount' xlink:label='loc_ReceivableWithImputedInterestDiscount' xlink:type='locator' />
<link:loc xlink:href='../elts/us-gaap-2011-01-31.xsd#us-gaap_DueFromRelatedPartiesCurrent' xlink:label='loc_DueFromRelatedPartiesCurrent' xlink:type='locator' />
<link:loc xlink:href='../elts/us-gaap-2011-01-31.xsd#us-gaap_AccountsReceivableRelatedPartiesCurrent' xlink:label='loc_AccountsReceivableRelatedPartiesCurrent' xlink:type='locator' />
<link:loc xlink:href='../elts/us-gaap-2011-01-31.xsd#us-gaap_NotesReceivableRelatedPartiesCurrent' xlink:label='loc_NotesReceivableRelatedPartiesCurrent' xlink:type='locator' />
<link:loc xlink:href='../elts/us-gaap-2011-01-31.xsd#us-gaap_DueFromEmployeesCurrent' xlink:label='loc_DueFromEmployeesCurrent' xlink:type='locator' />
<link:loc xlink:href='../elts/us-gaap-2011-01-31.xsd#us-gaap_DueFromOfficersOrStockholdersCurrent' xlink:label='loc_DueFromOfficersOrStockholdersCurrent' xlink:type='locator' />
<link:loc xlink:href='../elts/us-gaap-2011-01-31.xsd#us-gaap_DueFromAffiliateCurrent' xlink:label='loc_DueFromAffiliateCurrent' xlink:type='locator' />
<link:loc xlink:href='../elts/us-gaap-2011-01-31.xsd#us-gaap_DueFromJointVenturesCurrent' xlink:label='loc_DueFromJointVenturesCurrent' xlink:type='locator' />
<link:loc xlink:href='../elts/us-gaap-2011-01-31.xsd#us-gaap_DueFromOtherRelatedPartiesCurrent' xlink:label='loc_DueFromOtherRelatedPartiesCurrent' xlink:type='locator' />
<link:loc xlink:href='../elts/us-gaap-2011-01-31.xsd#us-gaap_DueFromRelatedPartiesNoncurrent' xlink:label='loc_DueFromRelatedPartiesNoncurrent' xlink:type='locator' />
<link:loc xlink:href='../elts/us-gaap-2011-01-31.xsd#us-gaap_AccountsReceivableRelatedPartiesNoncurrent' xlink:label='loc_AccountsReceivableRelatedPartiesNoncurrent' xlink:type='locator' />
<link:loc xlink:href='../elts/us-gaap-2011-01-31.xsd#us-gaap_NotesReceivableRelatedPartiesNoncurrent' xlink:label='loc_NotesReceivableRelatedPartiesNoncurrent' xlink:type='locator' />
<link:loc xlink:href='../elts/us-gaap-2011-01-31.xsd#us-gaap_DueFromEmployeesNoncurrent' xlink:label='loc_DueFromEmployeesNoncurrent' xlink:type='locator' />
<link:loc xlink:href='../elts/us-gaap-2011-01-31.xsd#us-gaap_DueFromOfficersOrStockholdersNoncurrent' xlink:label='loc_DueFromOfficersOrStockholdersNoncurrent' xlink:type='locator' />
<link:loc xlink:href='../elts/us-gaap-2011-01-31.xsd#us-gaap_DueFromJointVenturesNoncurrent' xlink:label='loc_DueFromJointVenturesNoncurrent' xlink:type='locator' />
<link:loc xlink:href='../elts/us-gaap-2011-01-31.xsd#us-gaap_DueFromAffiliateNoncurrent' xlink:label='loc_DueFromAffiliateNoncurrent' xlink:type='locator' />
<link:loc xlink:href='../elts/us-gaap-2011-01-31.xsd#us-gaap_DueFromOtherRelatedPartiesNoncurrent' xlink:label='loc_DueFromOtherRelatedPartiesNoncurrent' xlink:type='locator' />
<link:loc xlink:href='../elts/us-gaap-2011-01-31.xsd#us-gaap_TradeReceivablesHeldForSaleReconciliationToCashFlowPeriodIncreaseDecrease' xlink:label='loc_TradeReceivablesHeldForSaleReconciliationToCashFlowPeriodIncreaseDecrease' xlink:type='locator' />
<link:loc xlink:href='../elts/us-gaap-2011-01-31.xsd#us-gaap_TradeReceivablesHeldForSaleReconciliationToCashFlowAdditionsToHeldForSale' xlink:label='loc_TradeReceivablesHeldForSaleReconciliationToCashFlowAdditionsToHeldForSale' xlink:type='locator' />
<link:loc xlink:href='../elts/us-gaap-2011-01-31.xsd#us-gaap_TradeReceivablesHeldForSaleReconciliationToCashFlowDeductionsFromHeldForSale' xlink:label='loc_TradeReceivablesHeldForSaleReconciliationToCashFlowDeductionsFromHeldForSale' xlink:type='locator' />
<link:loc xlink:href='../elts/us-gaap-2011-01-31.xsd#us-gaap_ContractsReceivableClaimsAndUncertainAmounts' xlink:label='loc_ContractsReceivableClaimsAndUncertainAmounts' xlink:type='locator' />
<link:loc xlink:href='../elts/us-gaap-2011-01-31.xsd#us-gaap_ContractsReceivableClaimsAndUncertainAmountsExpectedToBeCollectedWithinOneYear' xlink:label='loc_ContractsReceivableClaimsAndUncertainAmountsExpectedToBeCollectedWithinOneYear' xlink:type='locator' />
<link:loc xlink:href='../elts/us-gaap-2011-01-31.xsd#us-gaap_ContractsReceivableClaimsAndUncertainAmountsExpectedToBeCollectedAfterOneYear' xlink:label='loc_ContractsReceivableClaimsAndUncertainAmountsExpectedToBeCollectedAfterOneYear' xlink:type='locator' />
<link:loc xlink:href='../elts/us-gaap-2011-01-31.xsd#us-gaap_LongTermAccountsNotesAndLoansReceivableNetNoncurrent' xlink:label='loc_LongTermAccountsNotesAndLoansReceivableNetNoncurrent' xlink:type='locator' />
<link:loc xlink:href='../elts/us-gaap-2011-01-31.xsd#us-gaap_AccountsReceivableNetNoncurrent' xlink:label='loc_AccountsReceivableNetNoncurrent' xlink:type='locator' />
<link:loc xlink:href='../elts/us-gaap-2011-01-31.xsd#us-gaap_AccountsReceivableGrossNoncurrent' xlink:label='loc_AccountsReceivableGrossNoncurrent' xlink:type='locator' />
<link:loc xlink:href='../elts/us-gaap-2011-01-31.xsd#us-gaap_AllowanceForDoubtfulAccountsReceivableNoncurrent' xlink:label='loc_AllowanceForDoubtfulAccountsReceivableNoncurrent' xlink:type='locator' />
<link:loc xlink:href='../elts/us-gaap-2011-01-31.xsd#us-gaap_NotesAndLoansReceivableNetNoncurrent' xlink:label='loc_NotesAndLoansReceivableNetNoncurrent' xlink:type='locator' />
<link:loc xlink:href='../elts/us-gaap-2011-01-31.xsd#us-gaap_NotesAndLoansReceivableGrossNoncurrent' xlink:label='loc_NotesAndLoansReceivableGrossNoncurrent' xlink:type='locator' />
<link:loc xlink:href='../elts/us-gaap-2011-01-31.xsd#us-gaap_AllowanceForNotesAndLoansReceivableNoncurrent' xlink:label='loc_AllowanceForNotesAndLoansReceivableNoncurrent' xlink:type='locator' />
<link:loc xlink:href='../elts/us-gaap-2011-01-31.xsd#us-gaap_CertainLoansAcquiredInTransferNotAccountedForAsDebtSecuritiesAccretableYieldPeriodIncreaseDecrease' xlink:label='loc_CertainLoansAcquiredInTransferNotAccountedForAsDebtSecuritiesAccretableYieldPeriodIncreaseDecrease' xlink:type='locator' />
<link:loc xlink:href='../elts/us-gaap-2011-01-31.xsd#us-gaap_CertainLoansAcquiredInTransferNotAccountedForAsDebtSecuritiesAccretableYieldAdditions' xlink:label='loc_CertainLoansAcquiredInTransferNotAccountedForAsDebtSecuritiesAccretableYieldAdditions' xlink:type='locator' />
<link:loc xlink:href='../elts/us-gaap-2011-01-31.xsd#us-gaap_CertainLoansAcquiredInTransferNotAccountedForAsDebtSecuritiesAccretableYieldAccretion' xlink:label='loc_CertainLoansAcquiredInTransferNotAccountedForAsDebtSecuritiesAccretableYieldAccretion' xlink:type='locator' />
<link:loc xlink:href='../elts/us-gaap-2011-01-31.xsd#us-gaap_CertainLoansAcquiredInTransferNotAccountedForAsDebtSecuritiesAccretableYieldReclassificationsFromNonaccretableDifference' xlink:label='loc_CertainLoansAcquiredInTransferNotAccountedForAsDebtSecuritiesAccretableYieldReclassificationsFromNonaccretableDifference' xlink:type='locator' />
<link:loc xlink:href='../elts/us-gaap-2011-01-31.xsd#us-gaap_CertainLoansAcquiredInTransferNotAccountedForAsDebtSecuritiesAccretableYieldReclassificationsToNonaccretableDifference' xlink:label='loc_CertainLoansAcquiredInTransferNotAccountedForAsDebtSecuritiesAccretableYieldReclassificationsToNonaccretableDifference' xlink:type='locator' />
<link:loc xlink:href='../elts/us-gaap-2011-01-31.xsd#us-gaap_CertainLoansAcquiredInTransferNotAccountedForAsDebtSecuritiesAccretableYieldDisposalsOfLoans' xlink:label='loc_CertainLoansAcquiredInTransferNotAccountedForAsDebtSecuritiesAccretableYieldDisposalsOfLoans' xlink:type='locator' />
<link:loc xlink:href='../elts/us-gaap-2011-01-31.xsd#us-gaap_CertainLoansAcquiredInTransferNotAccountedForAsDebtSecuritiesAccretableYieldTransfersToLoansHeldForSale' xlink:label='loc_CertainLoansAcquiredInTransferNotAccountedForAsDebtSecuritiesAccretableYieldTransfersToLoansHeldForSale' xlink:type='locator' />
<link:loc xlink:href='../elts/us-gaap-2011-01-31.xsd#us-gaap_TimeSharingTransactionsMaturitiesOfNotesReceivableNet' xlink:label='loc_TimeSharingTransactionsMaturitiesOfNotesReceivableNet' xlink:type='locator' />
<link:loc xlink:href='../elts/us-gaap-2011-01-31.xsd#us-gaap_TimeSharingTransactionsAggregateMaturitiesOfNotesReceivableGross' xlink:label='loc_TimeSharingTransactionsAggregateMaturitiesOfNotesReceivableGross' xlink:type='locator' />
<link:loc xlink:href='../elts/us-gaap-2011-01-31.xsd#us-gaap_TimeSharingTransactionsMaturitiesOfNotesReceivableYearOne' xlink:label='loc_TimeSharingTransactionsMaturitiesOfNotesReceivableYearOne' xlink:type='locator' />
<link:loc xlink:href='../elts/us-gaap-2011-01-31.xsd#us-gaap_TimeSharingTransactionsMaturitiesOfNotesReceivableYearTwo' xlink:label='loc_TimeSharingTransactionsMaturitiesOfNotesReceivableYearTwo' xlink:type='locator' />
<link:loc xlink:href='../elts/us-gaap-2011-01-31.xsd#us-gaap_TimeSharingTransactionsMaturitiesOfNotesReceivableYearThree' xlink:label='loc_TimeSharingTransactionsMaturitiesOfNotesReceivableYearThree' xlink:type='locator' />
<link:loc xlink:href='../elts/us-gaap-2011-01-31.xsd#us-gaap_TimeSharingTransactionsMaturitiesOfNotesReceivableYearFour' xlink:label='loc_TimeSharingTransactionsMaturitiesOfNotesReceivableYearFour' xlink:type='locator' />
<link:loc xlink:href='../elts/us-gaap-2011-01-31.xsd#us-gaap_TimeSharingTransactionsMaturitiesOfNotesReceivableYearFive' xlink:label='loc_TimeSharingTransactionsMaturitiesOfNotesReceivableYearFive' xlink:type='locator' />
<link:loc xlink:href='../elts/us-gaap-2011-01-31.xsd#us-gaap_TimeSharingTransactionsMaturitiesOfNotesReceivableFutureYears' xlink:label='loc_TimeSharingTransactionsMaturitiesOfNotesReceivableFutureYears' xlink:type='locator' />
<link:loc xlink:href='../elts/us-gaap-2011-01-31.xsd#us-gaap_TimeSharingTransactionsAllowanceForUncollectibleAccounts' xlink:label='loc_TimeSharingTransactionsAllowanceForUncollectibleAccounts' xlink:type='locator' />
<link:loc xlink:href='../elts/us-gaap-2011-01-31.xsd#us-gaap_TimeSharingTransactionsDeferredProfit' xlink:label='loc_TimeSharingTransactionsDeferredProfit' xlink:type='locator' />
<link:loc xlink:href='../elts/us-gaap-2011-01-31.xsd#us-gaap_ContractsReceivable' xlink:label='loc_ContractsReceivable' xlink:type='locator' />
<link:loc xlink:href='../elts/us-gaap-2011-01-31.xsd#us-gaap_BilledContractReceivables' xlink:label='loc_BilledContractReceivables' xlink:type='locator' />
<link:loc xlink:href='../elts/us-gaap-2011-01-31.xsd#us-gaap_UnbilledContractsReceivable' xlink:label='loc_UnbilledContractsReceivable' xlink:type='locator' />
<link:loc xlink:href='../elts/us-gaap-2011-01-31.xsd#us-gaap_NontradeReceivablesCurrent' xlink:label='loc_NontradeReceivablesCurrent' xlink:type='locator' />
<link:loc xlink:href='../elts/us-gaap-2011-01-31.xsd#us-gaap_InterestReceivableCurrent' xlink:label='loc_InterestReceivableCurrent' xlink:type='locator' />
<link:loc xlink:href='../elts/us-gaap-2011-01-31.xsd#us-gaap_IncomeTaxesReceivable' xlink:label='loc_IncomeTaxesReceivable' xlink:type='locator' />
<link:loc xlink:href='../elts/us-gaap-2011-01-31.xsd#us-gaap_ValueAddedTaxReceivableCurrent' xlink:label='loc_ValueAddedTaxReceivableCurrent' xlink:type='locator' />
<link:loc xlink:href='../elts/us-gaap-2011-01-31.xsd#us-gaap_ReceivableForRecoveryOfImportDutiesNetCurrent' xlink:label='loc_ReceivableForRecoveryOfImportDutiesNetCurrent' xlink:type='locator' />
<link:loc xlink:href='../elts/us-gaap-2011-01-31.xsd#us-gaap_InsuranceSettlementsReceivableCurrent' xlink:label='loc_InsuranceSettlementsReceivableCurrent' xlink:type='locator' />
<link:loc xlink:href='../elts/us-gaap-2011-01-31.xsd#us-gaap_GrantsReceivableCurrent' xlink:label='loc_GrantsReceivableCurrent' xlink:type='locator' />
<link:loc xlink:href='../elts/us-gaap-2011-01-31.xsd#us-gaap_InsuranceReceivableForMalpracticeCurrent' xlink:label='loc_InsuranceReceivableForMalpracticeCurrent' xlink:type='locator' />
<link:loc xlink:href='../elts/us-gaap-2011-01-31.xsd#us-gaap_LeaseIncentiveReceivableCurrent' xlink:label='loc_LeaseIncentiveReceivableCurrent' xlink:type='locator' />
<link:loc xlink:href='../elts/us-gaap-2011-01-31.xsd#us-gaap_OilAndGasJointInterestBillingReceivablesCurrent' xlink:label='loc_OilAndGasJointInterestBillingReceivablesCurrent' xlink:type='locator' />
<link:loc xlink:href='../elts/us-gaap-2011-01-31.xsd#us-gaap_ContractHolderReceivables' xlink:label='loc_ContractHolderReceivables' xlink:type='locator' />
<link:loc xlink:href='../elts/us-gaap-2011-01-31.xsd#us-gaap_NontradeReceivablesNoncurrent' xlink:label='loc_NontradeReceivablesNoncurrent' xlink:type='locator' />
<link:loc xlink:href='../elts/us-gaap-2011-01-31.xsd#us-gaap_InterestReceivableNoncurrent' xlink:label='loc_InterestReceivableNoncurrent' xlink:type='locator' />
<link:loc xlink:href='../elts/us-gaap-2011-01-31.xsd#us-gaap_IncomeTaxesReceivableNoncurrent' xlink:label='loc_IncomeTaxesReceivableNoncurrent' xlink:type='locator' />
<link:loc xlink:href='../elts/us-gaap-2011-01-31.xsd#us-gaap_ValueAddedTaxReceivableNoncurrent' xlink:label='loc_ValueAddedTaxReceivableNoncurrent' xlink:type='locator' />
<link:loc xlink:href='../elts/us-gaap-2011-01-31.xsd#us-gaap_ReceivableForRecoveryOfImportDutiesNetNoncurrent' xlink:label='loc_ReceivableForRecoveryOfImportDutiesNetNoncurrent' xlink:type='locator' />
<link:loc xlink:href='../elts/us-gaap-2011-01-31.xsd#us-gaap_InsuranceSettlementsReceivableNoncurrent' xlink:label='loc_InsuranceSettlementsReceivableNoncurrent' xlink:type='locator' />
<link:loc xlink:href='../elts/us-gaap-2011-01-31.xsd#us-gaap_GrantsReceivableNoncurrent' xlink:label='loc_GrantsReceivableNoncurrent' xlink:type='locator' />
<link:loc xlink:href='../elts/us-gaap-2011-01-31.xsd#us-gaap_InsuranceReceivableForMalpracticeNoncurrent' xlink:label='loc_InsuranceReceivableForMalpracticeNoncurrent' xlink:type='locator' />
<link:loc xlink:href='../elts/us-gaap-2011-01-31.xsd#us-gaap_LeaseIncentiveReceivableNoncurrent' xlink:label='loc_LeaseIncentiveReceivableNoncurrent' xlink:type='locator' />
<link:loc xlink:href='../elts/us-gaap-2011-01-31.xsd#us-gaap_OilAndGasJointInterestBillingReceivablesNoncurrent' xlink:label='loc_OilAndGasJointInterestBillingReceivablesNoncurrent' xlink:type='locator' />
<link:loc xlink:href='../elts/us-gaap-2011-01-31.xsd#us-gaap_FinancingReceivableAllowanceForCreditLossesPeriodIncreaseDecrease' xlink:label='loc_FinancingReceivableAllowanceForCreditLossesPeriodIncreaseDecrease' xlink:type='locator' />
<link:loc xlink:href='../elts/us-gaap-2011-01-31.xsd#us-gaap_FinancingReceivableAllowanceForCreditLossesProvisions' xlink:label='loc_FinancingReceivableAllowanceForCreditLossesProvisions' xlink:type='locator' />
<link:loc xlink:href='../elts/us-gaap-2011-01-31.xsd#us-gaap_FinancingReceivableAllowanceForCreditLossesRecoveries' xlink:label='loc_FinancingReceivableAllowanceForCreditLossesRecoveries' xlink:type='locator' />
<link:loc xlink:href='../elts/us-gaap-2011-01-31.xsd#us-gaap_FinancingReceivableAllowanceForCreditLossesWriteOffs' xlink:label='loc_FinancingReceivableAllowanceForCreditLossesWriteOffs' xlink:type='locator' />
<link:loc xlink:href='../elts/us-gaap-2011-01-31.xsd#us-gaap_FinancingReceivableRecordedInvestmentPastDue' xlink:label='loc_FinancingReceivableRecordedInvestmentPastDue' xlink:type='locator' />
<link:loc xlink:href='../elts/us-gaap-2011-01-31.xsd#us-gaap_FinancingReceivableRecordedInvestment1To29DaysPastDue' xlink:label='loc_FinancingReceivableRecordedInvestment1To29DaysPastDue' xlink:type='locator' />
<link:loc xlink:href='../elts/us-gaap-2011-01-31.xsd#us-gaap_FinancingReceivableRecordedInvestment30To59DaysPastDue' xlink:label='loc_FinancingReceivableRecordedInvestment30To59DaysPastDue' xlink:type='locator' />
<link:loc xlink:href='../elts/us-gaap-2011-01-31.xsd#us-gaap_FinancingReceivableRecordedInvestment60To89DaysPastDue' xlink:label='loc_FinancingReceivableRecordedInvestment60To89DaysPastDue' xlink:type='locator' />
<link:loc xlink:href='../elts/us-gaap-2011-01-31.xsd#us-gaap_FinancingReceivableRecordedInvestmentEqualToGreaterThan90DaysPastDue' xlink:label='loc_FinancingReceivableRecordedInvestmentEqualToGreaterThan90DaysPastDue' xlink:type='locator' />
<link:loc xlink:href='../elts/us-gaap-2011-01-31.xsd#us-gaap_OtherReceivablesNetCurrent' xlink:label='loc_OtherReceivablesNetCurrent' xlink:type='locator' />
<link:loc xlink:href='../elts/us-gaap-2011-01-31.xsd#us-gaap_AllowanceForDoubtfulOtherReceivablesCurrent' xlink:label='loc_AllowanceForDoubtfulOtherReceivablesCurrent' xlink:type='locator' />
<link:loc xlink:href='../elts/us-gaap-2011-01-31.xsd#us-gaap_OtherReceivablesGrossCurrent' xlink:label='loc_OtherReceivablesGrossCurrent' xlink:type='locator' />
<calculationArc order='10' weight='1.0' xlink:arcrole='http://www.xbrl.org/2003/arcrole/summation-item' xlink:from='loc_AccountsNotesAndLoansReceivableNetCurrent' xlink:to='loc_AccountsReceivableNetCurrent' xlink:type='arc' />
<calculationArc order='10' weight='1.0' xlink:arcrole='http://www.xbrl.org/2003/arcrole/summation-item' xlink:from='loc_AccountsReceivableNetCurrent' xlink:to='loc_AccountsReceivableGrossCurrent' xlink:type='arc' />
<calculationArc order='20' weight='-1.0' xlink:arcrole='http://www.xbrl.org/2003/arcrole/summation-item' xlink:from='loc_AccountsReceivableNetCurrent' xlink:to='loc_AllowanceForDoubtfulAccountsReceivableCurrent' xlink:type='arc' />
<calculationArc order='20' weight='1.0' xlink:arcrole='http://www.xbrl.org/2003/arcrole/summation-item' xlink:from='loc_AccountsNotesAndLoansReceivableNetCurrent' xlink:to='loc_NotesAndLoansReceivableNetCurrent' xlink:type='arc' />
<calculationArc order='10' weight='1.0' xlink:arcrole='http://www.xbrl.org/2003/arcrole/summation-item' xlink:from='loc_NotesAndLoansReceivableNetCurrent' xlink:to='loc_NotesAndLoansReceivableGrossCurrent' xlink:type='arc' />
<calculationArc order='20' weight='-1.0' xlink:arcrole='http://www.xbrl.org/2003/arcrole/summation-item' xlink:from='loc_NotesAndLoansReceivableNetCurrent' xlink:to='loc_AllowanceForNotesAndLoansReceivableCurrent' xlink:type='arc' />
<calculationArc order='10' weight='1.0' xlink:arcrole='http://www.xbrl.org/2003/arcrole/summation-item' xlink:from='loc_AccountsReceivableNet' xlink:to='loc_AccountsReceivableGross' xlink:type='arc' />
<calculationArc order='20' weight='-1.0' xlink:arcrole='http://www.xbrl.org/2003/arcrole/summation-item' xlink:from='loc_AccountsReceivableNet' xlink:to='loc_AllowanceForDoubtfulAccountsReceivable' xlink:type='arc' />
<calculationArc order='10' use='optional' weight='1.0' xlink:arcrole='http://www.xbrl.org/2003/arcrole/summation-item' xlink:from='loc_AllowanceForLoanAndLeaseLossesPeriodIncreaseDecrease' xlink:to='loc_AllowanceForLoanAndLeaseLossesProvisionForLossNet' xlink:type='arc' />
<calculationArc order='10' weight='1.0' xlink:arcrole='http://www.xbrl.org/2003/arcrole/summation-item' xlink:from='loc_AllowanceForLoanAndLeaseLossesProvisionForLossNet' xlink:to='loc_AllowanceForLoanAndLeaseLossesProvisionForLossGross' xlink:type='arc' />
<calculationArc order='20' weight='-1.0' xlink:arcrole='http://www.xbrl.org/2003/arcrole/summation-item' xlink:from='loc_AllowanceForLoanAndLeaseLossesProvisionForLossNet' xlink:to='loc_AllowanceForLoanAndLeaseLossesRecoveriesOfBadDebts' xlink:type='arc' />
<calculationArc order='20' use='optional' weight='1.0' xlink:arcrole='http://www.xbrl.org/2003/arcrole/summation-item' xlink:from='loc_AllowanceForLoanAndLeaseLossesPeriodIncreaseDecrease' xlink:to='loc_AllowanceForLoanAndLeaseLossesAdjustmentsNet' xlink:type='arc' />
<calculationArc order='10' weight='1.0' xlink:arcrole='http://www.xbrl.org/2003/arcrole/summation-item' xlink:from='loc_AllowanceForLoanAndLeaseLossesAdjustmentsNet' xlink:to='loc_AllowanceForLoanAndLeaseLossesLoansAcquired' xlink:type='arc' />
<calculationArc order='20' weight='-1.0' xlink:arcrole='http://www.xbrl.org/2003/arcrole/summation-item' xlink:from='loc_AllowanceForLoanAndLeaseLossesAdjustmentsNet' xlink:to='loc_AllowanceForLoanAndLeaseLossesLoansSold' xlink:type='arc' />
<calculationArc order='30' weight='-1.0' xlink:arcrole='http://www.xbrl.org/2003/arcrole/summation-item' xlink:from='loc_AllowanceForLoanAndLeaseLossesAdjustmentsNet' xlink:to='loc_AllowanceForLoanAndLeaseLossesWriteOffs' xlink:type='arc' />
<calculationArc order='40' weight='1.0' xlink:arcrole='http://www.xbrl.org/2003/arcrole/summation-item' xlink:from='loc_AllowanceForLoanAndLeaseLossesAdjustmentsNet' xlink:to='loc_AllowanceForLoanAndLeaseLossesForeignCurrencyTranslation' xlink:type='arc' />
<calculationArc order='10' weight='1.0' xlink:arcrole='http://www.xbrl.org/2003/arcrole/summation-item' xlink:from='loc_DueFromRelatedParties' xlink:to='loc_AccountsReceivableRelatedParties' xlink:type='arc' />
<calculationArc order='20' weight='1.0' xlink:arcrole='http://www.xbrl.org/2003/arcrole/summation-item' xlink:from='loc_DueFromRelatedParties' xlink:to='loc_NotesReceivableRelatedParties' xlink:type='arc' />
<calculationArc order='30' weight='1.0' xlink:arcrole='http://www.xbrl.org/2003/arcrole/summation-item' xlink:from='loc_DueFromRelatedParties' xlink:to='loc_LoansAndLeasesReceivableRelatedParties' xlink:type='arc' />
<calculationArc order='40' weight='1.0' xlink:arcrole='http://www.xbrl.org/2003/arcrole/summation-item' xlink:from='loc_DueFromRelatedParties' xlink:to='loc_DueFromEmployees' xlink:type='arc' />
<calculationArc order='50' weight='1.0' xlink:arcrole='http://www.xbrl.org/2003/arcrole/summation-item' xlink:from='loc_DueFromRelatedParties' xlink:to='loc_DueFromOfficersOrStockholders' xlink:type='arc' />
<calculationArc order='60' weight='1.0' xlink:arcrole='http://www.xbrl.org/2003/arcrole/summation-item' xlink:from='loc_DueFromRelatedParties' xlink:to='loc_DueFromJointVentures' xlink:type='arc' />
<calculationArc order='70' weight='1.0' xlink:arcrole='http://www.xbrl.org/2003/arcrole/summation-item' xlink:from='loc_DueFromRelatedParties' xlink:to='loc_DueFromAffiliates' xlink:type='arc' />
<calculationArc order='80' weight='1.0' xlink:arcrole='http://www.xbrl.org/2003/arcrole/summation-item' xlink:from='loc_DueFromRelatedParties' xlink:to='loc_DueFromOtherRelatedParties' xlink:type='arc' />
<calculationArc order='10' weight='1.0' xlink:arcrole='http://www.xbrl.org/2003/arcrole/summation-item' xlink:from='loc_ContractReceivableRetainage' xlink:to='loc_ContractReceivableRetainageDueOneYearOrLess' xlink:type='arc' />
<calculationArc order='20' weight='1.0' xlink:arcrole='http://www.xbrl.org/2003/arcrole/summation-item' xlink:from='loc_ContractReceivableRetainage' xlink:to='loc_ContractReceivableRetainageDueAfterOneYear' xlink:type='arc' />
<calculationArc order='10' weight='1.0' xlink:arcrole='http://www.xbrl.org/2003/arcrole/summation-item' xlink:from='loc_ContractReceivableRetainageDueAfterOneYear' xlink:to='loc_ContractReceivableRetainageDueOneToTwoYears' xlink:type='arc' />
<calculationArc order='20' weight='1.0' xlink:arcrole='http://www.xbrl.org/2003/arcrole/summation-item' xlink:from='loc_ContractReceivableRetainageDueAfterOneYear' xlink:to='loc_ContractReceivableRetainageDueTwoToThreeYears' xlink:type='arc' />
<calculationArc order='30' weight='1.0' xlink:arcrole='http://www.xbrl.org/2003/arcrole/summation-item' xlink:from='loc_ContractReceivableRetainageDueAfterOneYear' xlink:to='loc_ContractReceivableRetainageDueThreeToFourYears' xlink:type='arc' />
<calculationArc order='40' weight='1.0' xlink:arcrole='http://www.xbrl.org/2003/arcrole/summation-item' xlink:from='loc_ContractReceivableRetainageDueAfterOneYear' xlink:to='loc_ContractReceivableRetainageDueFourToFiveYears' xlink:type='arc' />
<calculationArc order='50' weight='1.0' xlink:arcrole='http://www.xbrl.org/2003/arcrole/summation-item' xlink:from='loc_ContractReceivableRetainageDueAfterOneYear' xlink:to='loc_ContractReceivableRetainageDueFiveYearsOrMore' xlink:type='arc' />
<calculationArc order='10' use='optional' weight='1.0' xlink:arcrole='http://www.xbrl.org/2003/arcrole/summation-item' xlink:from='loc_LoansReceivableHeldForSaleReconciliationToCashFlowPeriodIncreaseDecrease' xlink:to='loc_LoansReceivableHeldForSaleReconciliationToCashFlowAdditionsToHeldForSale' xlink:type='arc' />
<calculationArc order='20' use='optional' weight='-1.0' xlink:arcrole='http://www.xbrl.org/2003/arcrole/summation-item' xlink:from='loc_LoansReceivableHeldForSaleReconciliationToCashFlowPeriodIncreaseDecrease' xlink:to='loc_LoansReceivableHeldForSaleReconciliationToCashFlowDeductionsFromHeldForSale' xlink:type='arc' />
<calculationArc order='10' use='optional' weight='1.0' xlink:arcrole='http://www.xbrl.org/2003/arcrole/summation-item' xlink:from='loc_LoansAndLeasesReceivableRelatedPartiesPeriodIncreaseDecrease' xlink:to='loc_LoansAndLeasesReceivableRelatedPartiesAdditions' xlink:type='arc' />
<calculationArc order='20' use='optional' weight='-1.0' xlink:arcrole='http://www.xbrl.org/2003/arcrole/summation-item' xlink:from='loc_LoansAndLeasesReceivableRelatedPartiesPeriodIncreaseDecrease' xlink:to='loc_LoansAndLeasesReceivableRelatedPartiesCollections' xlink:type='arc' />
<calculationArc order='10' weight='1.0' xlink:arcrole='http://www.xbrl.org/2003/arcrole/summation-item' xlink:from='loc_LoansAndLeasesReceivableNetReportedAmount' xlink:to='loc_LoansAndLeasesReceivableNetOfDeferredIncome' xlink:type='arc' />
<calculationArc order='10' weight='1.0' xlink:arcrole='http://www.xbrl.org/2003/arcrole/summation-item' xlink:from='loc_LoansAndLeasesReceivableNetOfDeferredIncome' xlink:to='loc_LoansAndLeasesReceivableGrossCarryingAmount' xlink:type='arc' />
<calculationArc order='10' weight='1.0' xlink:arcrole='http://www.xbrl.org/2003/arcrole/summation-item' xlink:from='loc_LoansAndLeasesReceivableGrossCarryingAmount' xlink:to='loc_LoansAndLeasesReceivableCommercial' xlink:type='arc' />
<calculationArc order='10' weight='1.0' xlink:arcrole='http://www.xbrl.org/2003/arcrole/summation-item' xlink:from='loc_LoansAndLeasesReceivableCommercial' xlink:to='loc_LoansReceivableCommercialRealEstate' xlink:type='arc' />
<calculationArc order='10' weight='1.0' xlink:arcrole='http://www.xbrl.org/2003/arcrole/summation-item' xlink:from='loc_LoansReceivableCommercialRealEstate' xlink:to='loc_LoansReceivableCommercialMortgage' xlink:type='arc' />
<calculationArc order='20' weight='1.0' xlink:arcrole='http://www.xbrl.org/2003/arcrole/summation-item' xlink:from='loc_LoansReceivableCommercialRealEstate' xlink:to='loc_LoansReceivableCommercialAcquisition' xlink:type='arc' />
<calculationArc order='30' weight='1.0' xlink:arcrole='http://www.xbrl.org/2003/arcrole/summation-item' xlink:from='loc_LoansReceivableCommercialRealEstate' xlink:to='loc_LoansReceivableCommercialDevelopment' xlink:type='arc' />
<calculationArc order='40' weight='1.0' xlink:arcrole='http://www.xbrl.org/2003/arcrole/summation-item' xlink:from='loc_LoansReceivableCommercialRealEstate' xlink:to='loc_LoansReceivableCommercialConstruction' xlink:type='arc' />
<calculationArc order='20' weight='1.0' xlink:arcrole='http://www.xbrl.org/2003/arcrole/summation-item' xlink:from='loc_LoansAndLeasesReceivableCommercial' xlink:to='loc_LoansReceivableCommercialFinancialAndAgricultural' xlink:type='arc' />
<calculationArc order='10' weight='1.0' xlink:arcrole='http://www.xbrl.org/2003/arcrole/summation-item' xlink:from='loc_LoansReceivableCommercialFinancialAndAgricultural' xlink:to='loc_LoansReceivableCommercialAndIndustrial' xlink:type='arc' />
<calculationArc order='20' weight='1.0' xlink:arcrole='http://www.xbrl.org/2003/arcrole/summation-item' xlink:from='loc_LoansReceivableCommercialFinancialAndAgricultural' xlink:to='loc_LoansReceivableCommercialFinancialInstitutions' xlink:type='arc' />
<calculationArc order='30' weight='1.0' xlink:arcrole='http://www.xbrl.org/2003/arcrole/summation-item' xlink:from='loc_LoansReceivableCommercialFinancialAndAgricultural' xlink:to='loc_LoansReceivableCommercialAgricultural' xlink:type='arc' />
<calculationArc order='30' weight='1.0' xlink:arcrole='http://www.xbrl.org/2003/arcrole/summation-item' xlink:from='loc_LoansAndLeasesReceivableCommercial' xlink:to='loc_LoansReceivableMortgageWarehouseLending' xlink:type='arc' />
<calculationArc order='40' weight='1.0' xlink:arcrole='http://www.xbrl.org/2003/arcrole/summation-item' xlink:from='loc_LoansAndLeasesReceivableCommercial' xlink:to='loc_LeasesReceivableCommercialLeaseFinancing' xlink:type='arc' />
<calculationArc order='50' weight='1.0' xlink:arcrole='http://www.xbrl.org/2003/arcrole/summation-item' xlink:from='loc_LoansAndLeasesReceivableCommercial' xlink:to='loc_LoansReceivableCommercialTradeFinancing' xlink:type='arc' />
<calculationArc order='60' weight='1.0' xlink:arcrole='http://www.xbrl.org/2003/arcrole/summation-item' xlink:from='loc_LoansAndLeasesReceivableCommercial' xlink:to='loc_LoansAndLeasesReceivableCommercialGovernments' xlink:type='arc' />
<calculationArc order='20' weight='1.0' xlink:arcrole='http://www.xbrl.org/2003/arcrole/summation-item' xlink:from='loc_LoansAndLeasesReceivableGrossCarryingAmount' xlink:to='loc_LoansAndLeasesReceivableConsumer' xlink:type='arc' />
<calculationArc order='10' weight='1.0' xlink:arcrole='http://www.xbrl.org/2003/arcrole/summation-item' xlink:from='loc_LoansAndLeasesReceivableConsumer' xlink:to='loc_LoansAndLeasesReceivableConsumerRealEstate' xlink:type='arc' />
<calculationArc order='10' weight='1.0' xlink:arcrole='http://www.xbrl.org/2003/arcrole/summation-item' xlink:from='loc_LoansAndLeasesReceivableConsumerRealEstate' xlink:to='loc_LoansAndLeasesReceivableConsumerMortgage' xlink:type='arc' />
<calculationArc order='20' weight='1.0' xlink:arcrole='http://www.xbrl.org/2003/arcrole/summation-item' xlink:from='loc_LoansAndLeasesReceivableConsumerRealEstate' xlink:to='loc_LoansAndLeasesReceivableConsumerHomeEquity' xlink:type='arc' />
<calculationArc order='30' weight='1.0' xlink:arcrole='http://www.xbrl.org/2003/arcrole/summation-item' xlink:from='loc_LoansAndLeasesReceivableConsumerRealEstate' xlink:to='loc_LoansAndLeasesReceivableConsumerConstruction' xlink:type='arc' />
<calculationArc order='20' weight='1.0' xlink:arcrole='http://www.xbrl.org/2003/arcrole/summation-item' xlink:from='loc_LoansAndLeasesReceivableConsumer' xlink:to='loc_LoansAndLeasesReceivableConsumerInstallmentAndRevolving' xlink:type='arc' />
<calculationArc order='10' weight='1.0' xlink:arcrole='http://www.xbrl.org/2003/arcrole/summation-item' xlink:from='loc_LoansAndLeasesReceivableConsumerInstallmentAndRevolving' xlink:to='loc_LoansAndLeasesReceivableConsumerRevolvingCreditCard' xlink:type='arc' />
<calculationArc order='20' weight='1.0' xlink:arcrole='http://www.xbrl.org/2003/arcrole/summation-item' xlink:from='loc_LoansAndLeasesReceivableConsumerInstallmentAndRevolving' xlink:to='loc_LoansAndLeasesReceivableConsumerInstallmentDurableGoods' xlink:type='arc' />
<calculationArc order='30' weight='1.0' xlink:arcrole='http://www.xbrl.org/2003/arcrole/summation-item' xlink:from='loc_LoansAndLeasesReceivableConsumerInstallmentAndRevolving' xlink:to='loc_LoansAndLeasesReceivableConsumerRevolvingOther' xlink:type='arc' />
<calculationArc order='40' weight='1.0' xlink:arcrole='http://www.xbrl.org/2003/arcrole/summation-item' xlink:from='loc_LoansAndLeasesReceivableConsumerInstallmentAndRevolving' xlink:to='loc_LoansAndLeasesReceivableConsumerInstallmentStudent' xlink:type='arc' />
<calculationArc order='50' weight='1.0' xlink:arcrole='http://www.xbrl.org/2003/arcrole/summation-item' xlink:from='loc_LoansAndLeasesReceivableConsumerInstallmentAndRevolving' xlink:to='loc_LoansAndLeasesReceivableConsumerInstallmentOther' xlink:type='arc' />
<calculationArc order='60' weight='1.0' xlink:arcrole='http://www.xbrl.org/2003/arcrole/summation-item' xlink:from='loc_LoansAndLeasesReceivableConsumerInstallmentAndRevolving' xlink:to='loc_LoansAndLeasesReceivableConsumerLeaseFinancing' xlink:type='arc' />
<calculationArc order='30' weight='1.0' xlink:arcrole='http://www.xbrl.org/2003/arcrole/summation-item' xlink:from='loc_LoansAndLeasesReceivableConsumer' xlink:to='loc_LoansAndLeasesReceivableConsumerOther' xlink:type='arc' />
<calculationArc order='40' weight='1.0' xlink:arcrole='http://www.xbrl.org/2003/arcrole/summation-item' xlink:from='loc_LoansAndLeasesReceivableConsumer' xlink:to='loc_LoansInsurancePolicy' xlink:type='arc' />
<calculationArc order='30' weight='1.0' xlink:arcrole='http://www.xbrl.org/2003/arcrole/summation-item' xlink:from='loc_LoansAndLeasesReceivableGrossCarryingAmount' xlink:to='loc_LoansAndLeasesReceivableForeign' xlink:type='arc' />
<calculationArc order='10' weight='1.0' xlink:arcrole='http://www.xbrl.org/2003/arcrole/summation-item' xlink:from='loc_LoansAndLeasesReceivableForeign' xlink:to='loc_LoansAndLeasesReceivableForeignCommercialAndConsumerRealEstate' xlink:type='arc' />
<calculationArc order='20' weight='1.0' xlink:arcrole='http://www.xbrl.org/2003/arcrole/summation-item' xlink:from='loc_LoansAndLeasesReceivableForeign' xlink:to='loc_LoansAndLeasesReceivableForeignCommercial' xlink:type='arc' />
<calculationArc order='30' weight='1.0' xlink:arcrole='http://www.xbrl.org/2003/arcrole/summation-item' xlink:from='loc_LoansAndLeasesReceivableForeign' xlink:to='loc_LoansAndLeasesReceivableForeignConsumerInstallmentAndRevolving' xlink:type='arc' />
<calculationArc order='40' weight='1.0' xlink:arcrole='http://www.xbrl.org/2003/arcrole/summation-item' xlink:from='loc_LoansAndLeasesReceivableForeign' xlink:to='loc_LoansAndLeasesReceivableForeignGovernments' xlink:type='arc' />
<calculationArc order='50' weight='1.0' xlink:arcrole='http://www.xbrl.org/2003/arcrole/summation-item' xlink:from='loc_LoansAndLeasesReceivableForeign' xlink:to='loc_LoansAndLeasesReceivableForeignFinancialInstitutions' xlink:type='arc' />
<calculationArc order='60' weight='1.0' xlink:arcrole='http://www.xbrl.org/2003/arcrole/summation-item' xlink:from='loc_LoansAndLeasesReceivableForeign' xlink:to='loc_LoansAndLeasesReceivableForeignLeaseFinancing' xlink:type='arc' />
<calculationArc order='70' weight='1.0' xlink:arcrole='http://www.xbrl.org/2003/arcrole/summation-item' xlink:from='loc_LoansAndLeasesReceivableForeign' xlink:to='loc_LoansAndLeasesReceivableForeignCommercialAndConsumerOther' xlink:type='arc' />
<calculationArc order='40' weight='1.0' xlink:arcrole='http://www.xbrl.org/2003/arcrole/summation-item' xlink:from='loc_LoansAndLeasesReceivableGrossCarryingAmount' xlink:to='loc_LoansAndLeasesReceivableOther' xlink:type='arc' />
<calculationArc order='50' weight='1.0' xlink:arcrole='http://www.xbrl.org/2003/arcrole/summation-item' xlink:from='loc_LoansAndLeasesReceivableGrossCarryingAmount' xlink:to='loc_UnamortizedLoanCommitmentAndOriginationFeesAndUnamortizedDiscountsOrPremiums' xlink:type='arc' />
<calculationArc order='10' weight='1.0' xlink:arcrole='http://www.xbrl.org/2003/arcrole/summation-item' xlink:from='loc_UnamortizedLoanCommitmentAndOriginationFeesAndUnamortizedDiscountsOrPremiums' xlink:to='loc_UnamortizedLoanCommitmentAndOriginationFeesAndUnamortizedDiscountsOrPremiumsCommercial' xlink:type='arc' />
<calculationArc order='20' weight='1.0' xlink:arcrole='http://www.xbrl.org/2003/arcrole/summation-item' xlink:from='loc_UnamortizedLoanCommitmentAndOriginationFeesAndUnamortizedDiscountsOrPremiums' xlink:to='loc_UnamortizedLoanCommitmentAndOriginationFeesAndUnamortizedDiscountsOrPremiumsConsumer' xlink:type='arc' />
<calculationArc order='30' weight='1.0' xlink:arcrole='http://www.xbrl.org/2003/arcrole/summation-item' xlink:from='loc_UnamortizedLoanCommitmentAndOriginationFeesAndUnamortizedDiscountsOrPremiums' xlink:to='loc_UnamortizedLoanCommitmentAndOriginationFeesAndUnamortizedDiscountsOrPremiumsForeign' xlink:type='arc' />
<calculationArc order='40' weight='1.0' xlink:arcrole='http://www.xbrl.org/2003/arcrole/summation-item' xlink:from='loc_UnamortizedLoanCommitmentAndOriginationFeesAndUnamortizedDiscountsOrPremiums' xlink:to='loc_UnamortizedLoanCommitmentAndOriginationFeesAndUnamortizedDiscountsOrPremiumsOther' xlink:type='arc' />
<calculationArc order='20' weight='-1.0' xlink:arcrole='http://www.xbrl.org/2003/arcrole/summation-item' xlink:from='loc_LoansAndLeasesReceivableNetOfDeferredIncome' xlink:to='loc_LoansAndLeasesReceivableDeferredIncome' xlink:type='arc' />
<calculationArc order='10' weight='1.0' xlink:arcrole='http://www.xbrl.org/2003/arcrole/summation-item' xlink:from='loc_LoansAndLeasesReceivableDeferredIncome' xlink:to='loc_LoansAndLeasesReceivableDeferredIncomeCommercial' xlink:type='arc' />
<calculationArc order='20' weight='1.0' xlink:arcrole='http://www.xbrl.org/2003/arcrole/summation-item' xlink:from='loc_LoansAndLeasesReceivableDeferredIncome' xlink:to='loc_LoansAndLeasesReceivableDeferredIncomeConsumer' xlink:type='arc' />
<calculationArc order='30' weight='1.0' xlink:arcrole='http://www.xbrl.org/2003/arcrole/summation-item' xlink:from='loc_LoansAndLeasesReceivableDeferredIncome' xlink:to='loc_LoansAndLeasesReceivableDeferredIncomeForeign' xlink:type='arc' />
<calculationArc order='40' weight='1.0' xlink:arcrole='http://www.xbrl.org/2003/arcrole/summation-item' xlink:from='loc_LoansAndLeasesReceivableDeferredIncome' xlink:to='loc_LoansAndLeasesReceivableDeferredIncomeOther' xlink:type='arc' />
<calculationArc order='20' weight='-1.0' xlink:arcrole='http://www.xbrl.org/2003/arcrole/summation-item' xlink:from='loc_LoansAndLeasesReceivableNetReportedAmount' xlink:to='loc_LoansAndLeasesReceivableAllowance' xlink:type='arc' />
<calculationArc order='10' weight='1.0' xlink:arcrole='http://www.xbrl.org/2003/arcrole/summation-item' xlink:from='loc_LoansAndLeasesReceivableAllowance' xlink:to='loc_LoansAndLeasesReceivableCommercialAllowance' xlink:type='arc' />
<calculationArc order='20' weight='1.0' xlink:arcrole='http://www.xbrl.org/2003/arcrole/summation-item' xlink:from='loc_LoansAndLeasesReceivableAllowance' xlink:to='loc_LoansAndLeasesReceivableConsumerAllowance' xlink:type='arc' />
<calculationArc order='30' weight='1.0' xlink:arcrole='http://www.xbrl.org/2003/arcrole/summation-item' xlink:from='loc_LoansAndLeasesReceivableAllowance' xlink:to='loc_LoansAndLeasesReceivableForeignAllowance' xlink:type='arc' />
<calculationArc order='40' weight='1.0' xlink:arcrole='http://www.xbrl.org/2003/arcrole/summation-item' xlink:from='loc_LoansAndLeasesReceivableAllowance' xlink:to='loc_LoansAndLeasesReceivableOtherAllowance' xlink:type='arc' />
<calculationArc order='30' weight='-1.0' xlink:arcrole='http://www.xbrl.org/2003/arcrole/summation-item' xlink:from='loc_LoansAndLeasesReceivableNetReportedAmount' xlink:to='loc_LoansAndLeasesReceivableLoansInProcess' xlink:type='arc' />
<calculationArc order='10' weight='1.0' xlink:arcrole='http://www.xbrl.org/2003/arcrole/summation-item' xlink:from='loc_LoansAndLeasesReceivableLoansInProcess' xlink:to='loc_LoansAndLeasesReceivableCommercialLoansInProcess' xlink:type='arc' />
<calculationArc order='20' weight='1.0' xlink:arcrole='http://www.xbrl.org/2003/arcrole/summation-item' xlink:from='loc_LoansAndLeasesReceivableLoansInProcess' xlink:to='loc_LoansAndLeasesReceivableConsumerLoansInProcess' xlink:type='arc' />
<calculationArc order='30' weight='1.0' xlink:arcrole='http://www.xbrl.org/2003/arcrole/summation-item' xlink:from='loc_LoansAndLeasesReceivableLoansInProcess' xlink:to='loc_LoansAndLeasesReceivableForeignLoansInProcess' xlink:type='arc' />
<calculationArc order='40' weight='1.0' xlink:arcrole='http://www.xbrl.org/2003/arcrole/summation-item' xlink:from='loc_LoansAndLeasesReceivableLoansInProcess' xlink:to='loc_LoansAndLeasesReceivableOtherLoansInProcess' xlink:type='arc' />
<calculationArc order='10' weight='1.0' xlink:arcrole='http://www.xbrl.org/2003/arcrole/summation-item' xlink:from='loc_MortgageLoansOnRealEstateCommercialAndConsumerNet' xlink:to='loc_LoansReceivableCommercialRealEstate' xlink:type='arc' />
<calculationArc order='20' weight='1.0' xlink:arcrole='http://www.xbrl.org/2003/arcrole/summation-item' xlink:from='loc_MortgageLoansOnRealEstateCommercialAndConsumerNet' xlink:to='loc_LoansAndLeasesReceivableConsumerRealEstate' xlink:type='arc' />
<calculationArc order='30' weight='-1.0' xlink:arcrole='http://www.xbrl.org/2003/arcrole/summation-item' xlink:from='loc_MortgageLoansOnRealEstateCommercialAndConsumerNet' xlink:to='loc_AllowanceForLoanAndLeaseLossesRealEstate' xlink:type='arc' />
<calculationArc order='10' weight='1.0' xlink:arcrole='http://www.xbrl.org/2003/arcrole/summation-item' xlink:from='loc_NontradeReceivables' xlink:to='loc_CreditCardReceivables' xlink:type='arc' />
<calculationArc order='20' weight='1.0' xlink:arcrole='http://www.xbrl.org/2003/arcrole/summation-item' xlink:from='loc_NontradeReceivables' xlink:to='loc_DividendsReceivable' xlink:type='arc' />
<calculationArc order='30' weight='1.0' xlink:arcrole='http://www.xbrl.org/2003/arcrole/summation-item' xlink:from='loc_NontradeReceivables' xlink:to='loc_InterestReceivable' xlink:type='arc' />
<calculationArc order='40' weight='1.0' xlink:arcrole='http://www.xbrl.org/2003/arcrole/summation-item' xlink:from='loc_NontradeReceivables' xlink:to='loc_IncomeTaxReceivable' xlink:type='arc' />
<calculationArc order='50' weight='1.0' xlink:arcrole='http://www.xbrl.org/2003/arcrole/summation-item' xlink:from='loc_NontradeReceivables' xlink:to='loc_ValueAddedTaxReceivable' xlink:type='arc' />
<calculationArc order='60' weight='1.0' xlink:arcrole='http://www.xbrl.org/2003/arcrole/summation-item' xlink:from='loc_NontradeReceivables' xlink:to='loc_ReceivableForRecoveryOfImportDutiesNet' xlink:type='arc' />
<calculationArc order='70' weight='1.0' xlink:arcrole='http://www.xbrl.org/2003/arcrole/summation-item' xlink:from='loc_NontradeReceivables' xlink:to='loc_InsuranceSettlementsReceivable' xlink:type='arc' />
<calculationArc order='80' weight='1.0' xlink:arcrole='http://www.xbrl.org/2003/arcrole/summation-item' xlink:from='loc_NontradeReceivables' xlink:to='loc_GrantsReceivable' xlink:type='arc' />
<calculationArc order='90' weight='1.0' xlink:arcrole='http://www.xbrl.org/2003/arcrole/summation-item' xlink:from='loc_NontradeReceivables' xlink:to='loc_InsuranceReceivableForMalpractice' xlink:type='arc' />
<calculationArc order='100' weight='1.0' xlink:arcrole='http://www.xbrl.org/2003/arcrole/summation-item' xlink:from='loc_NontradeReceivables' xlink:to='loc_LeaseIncentiveReceivable' xlink:type='arc' />
<calculationArc order='110' weight='1.0' xlink:arcrole='http://www.xbrl.org/2003/arcrole/summation-item' xlink:from='loc_NontradeReceivables' xlink:to='loc_OilAndGasJointInterestBillingReceivables' xlink:type='arc' />
<calculationArc order='120' weight='1.0' xlink:arcrole='http://www.xbrl.org/2003/arcrole/summation-item' xlink:from='loc_NontradeReceivables' xlink:to='loc_AccruedFeesAndOtherRevenueReceivable' xlink:type='arc' />
<calculationArc order='130' weight='1.0' xlink:arcrole='http://www.xbrl.org/2003/arcrole/summation-item' xlink:from='loc_NontradeReceivables' xlink:to='loc_OtherReceivables' xlink:type='arc' />
<calculationArc order='10' weight='1.0' xlink:arcrole='http://www.xbrl.org/2003/arcrole/summation-item' xlink:from='loc_NotesReceivableNet' xlink:to='loc_NotesReceivableGross' xlink:type='arc' />
<calculationArc order='20' weight='-1.0' xlink:arcrole='http://www.xbrl.org/2003/arcrole/summation-item' xlink:from='loc_NotesReceivableNet' xlink:to='loc_AllowanceForNotesReceivable' xlink:type='arc' />
<calculationArc order='10' weight='1.0' xlink:arcrole='http://www.xbrl.org/2003/arcrole/summation-item' xlink:from='loc_ReceivablesHeldForSaleAmount' xlink:to='loc_TradeReceivablesHeldForSaleAmount' xlink:type='arc' />
<calculationArc order='20' weight='1.0' xlink:arcrole='http://www.xbrl.org/2003/arcrole/summation-item' xlink:from='loc_ReceivablesHeldForSaleAmount' xlink:to='loc_LoansReceivableHeldForSaleAmount' xlink:type='arc' />
<calculationArc order='10' use='optional' weight='1.0' xlink:arcrole='http://www.xbrl.org/2003/arcrole/summation-item' xlink:from='loc_ReceivablesHeldForSaleNetAmount' xlink:to='loc_TradeReceivablesHeldForSaleNet' xlink:type='arc' />
<calculationArc order='20' use='optional' weight='1.0' xlink:arcrole='http://www.xbrl.org/2003/arcrole/summation-item' xlink:from='loc_ReceivablesHeldForSaleNetAmount' xlink:to='loc_LoansReceivableHeldForSaleNet' xlink:type='arc' />
<calculationArc order='10' weight='1.0' xlink:arcrole='http://www.xbrl.org/2003/arcrole/summation-item' xlink:from='loc_ReceivableWithImputedInterestNetAmount' xlink:to='loc_ReceivableWithImputedInterestFaceAmount' xlink:type='arc' />
<calculationArc order='20' weight='1.0' xlink:arcrole='http://www.xbrl.org/2003/arcrole/summation-item' xlink:from='loc_ReceivableWithImputedInterestNetAmount' xlink:to='loc_ReceivableWithImputedInterestPremium' xlink:type='arc' />
<calculationArc order='30' weight='-1.0' xlink:arcrole='http://www.xbrl.org/2003/arcrole/summation-item' xlink:from='loc_ReceivableWithImputedInterestNetAmount' xlink:to='loc_ReceivableWithImputedInterestDiscount' xlink:type='arc' />
<calculationArc order='10' weight='1.0' xlink:arcrole='http://www.xbrl.org/2003/arcrole/summation-item' xlink:from='loc_DueFromRelatedPartiesCurrent' xlink:to='loc_AccountsReceivableRelatedPartiesCurrent' xlink:type='arc' />
<calculationArc order='20' weight='1.0' xlink:arcrole='http://www.xbrl.org/2003/arcrole/summation-item' xlink:from='loc_DueFromRelatedPartiesCurrent' xlink:to='loc_NotesReceivableRelatedPartiesCurrent' xlink:type='arc' />
<calculationArc order='30' weight='1.0' xlink:arcrole='http://www.xbrl.org/2003/arcrole/summation-item' xlink:from='loc_DueFromRelatedPartiesCurrent' xlink:to='loc_DueFromEmployeesCurrent' xlink:type='arc' />
<calculationArc order='40' weight='1.0' xlink:arcrole='http://www.xbrl.org/2003/arcrole/summation-item' xlink:from='loc_DueFromRelatedPartiesCurrent' xlink:to='loc_DueFromOfficersOrStockholdersCurrent' xlink:type='arc' />
<calculationArc order='50' weight='1.0' xlink:arcrole='http://www.xbrl.org/2003/arcrole/summation-item' xlink:from='loc_DueFromRelatedPartiesCurrent' xlink:to='loc_DueFromAffiliateCurrent' xlink:type='arc' />
<calculationArc order='60' weight='1.0' xlink:arcrole='http://www.xbrl.org/2003/arcrole/summation-item' xlink:from='loc_DueFromRelatedPartiesCurrent' xlink:to='loc_DueFromJointVenturesCurrent' xlink:type='arc' />
<calculationArc order='70' weight='1.0' xlink:arcrole='http://www.xbrl.org/2003/arcrole/summation-item' xlink:from='loc_DueFromRelatedPartiesCurrent' xlink:to='loc_DueFromOtherRelatedPartiesCurrent' xlink:type='arc' />
<calculationArc order='10' weight='1.0' xlink:arcrole='http://www.xbrl.org/2003/arcrole/summation-item' xlink:from='loc_DueFromRelatedPartiesNoncurrent' xlink:to='loc_AccountsReceivableRelatedPartiesNoncurrent' xlink:type='arc' />
<calculationArc order='20' weight='1.0' xlink:arcrole='http://www.xbrl.org/2003/arcrole/summation-item' xlink:from='loc_DueFromRelatedPartiesNoncurrent' xlink:to='loc_NotesReceivableRelatedPartiesNoncurrent' xlink:type='arc' />
<calculationArc order='30' weight='1.0' xlink:arcrole='http://www.xbrl.org/2003/arcrole/summation-item' xlink:from='loc_DueFromRelatedPartiesNoncurrent' xlink:to='loc_DueFromEmployeesNoncurrent' xlink:type='arc' />
<calculationArc order='40' weight='1.0' xlink:arcrole='http://www.xbrl.org/2003/arcrole/summation-item' xlink:from='loc_DueFromRelatedPartiesNoncurrent' xlink:to='loc_DueFromOfficersOrStockholdersNoncurrent' xlink:type='arc' />
<calculationArc order='50' weight='1.0' xlink:arcrole='http://www.xbrl.org/2003/arcrole/summation-item' xlink:from='loc_DueFromRelatedPartiesNoncurrent' xlink:to='loc_DueFromJointVenturesNoncurrent' xlink:type='arc' />
<calculationArc order='60' weight='1.0' xlink:arcrole='http://www.xbrl.org/2003/arcrole/summation-item' xlink:from='loc_DueFromRelatedPartiesNoncurrent' xlink:to='loc_DueFromAffiliateNoncurrent' xlink:type='arc' />
<calculationArc order='70' weight='1.0' xlink:arcrole='http://www.xbrl.org/2003/arcrole/summation-item' xlink:from='loc_DueFromRelatedPartiesNoncurrent' xlink:to='loc_DueFromOtherRelatedPartiesNoncurrent' xlink:type='arc' />
<calculationArc order='10' use='optional' weight='1.0' xlink:arcrole='http://www.xbrl.org/2003/arcrole/summation-item' xlink:from='loc_TradeReceivablesHeldForSaleReconciliationToCashFlowPeriodIncreaseDecrease' xlink:to='loc_TradeReceivablesHeldForSaleReconciliationToCashFlowAdditionsToHeldForSale' xlink:type='arc' />
<calculationArc order='20' use='optional' weight='-1.0' xlink:arcrole='http://www.xbrl.org/2003/arcrole/summation-item' xlink:from='loc_TradeReceivablesHeldForSaleReconciliationToCashFlowPeriodIncreaseDecrease' xlink:to='loc_TradeReceivablesHeldForSaleReconciliationToCashFlowDeductionsFromHeldForSale' xlink:type='arc' />
<calculationArc order='10' weight='1.0' xlink:arcrole='http://www.xbrl.org/2003/arcrole/summation-item' xlink:from='loc_ContractsReceivableClaimsAndUncertainAmounts' xlink:to='loc_ContractsReceivableClaimsAndUncertainAmountsExpectedToBeCollectedWithinOneYear' xlink:type='arc' />
<calculationArc order='20' weight='1.0' xlink:arcrole='http://www.xbrl.org/2003/arcrole/summation-item' xlink:from='loc_ContractsReceivableClaimsAndUncertainAmounts' xlink:to='loc_ContractsReceivableClaimsAndUncertainAmountsExpectedToBeCollectedAfterOneYear' xlink:type='arc' />
<calculationArc order='10' weight='1.0' xlink:arcrole='http://www.xbrl.org/2003/arcrole/summation-item' xlink:from='loc_LongTermAccountsNotesAndLoansReceivableNetNoncurrent' xlink:to='loc_AccountsReceivableNetNoncurrent' xlink:type='arc' />
<calculationArc order='10' weight='1.0' xlink:arcrole='http://www.xbrl.org/2003/arcrole/summation-item' xlink:from='loc_AccountsReceivableNetNoncurrent' xlink:to='loc_AccountsReceivableGrossNoncurrent' xlink:type='arc' />
<calculationArc order='20' weight='-1.0' xlink:arcrole='http://www.xbrl.org/2003/arcrole/summation-item' xlink:from='loc_AccountsReceivableNetNoncurrent' xlink:to='loc_AllowanceForDoubtfulAccountsReceivableNoncurrent' xlink:type='arc' />
<calculationArc order='20' weight='1.0' xlink:arcrole='http://www.xbrl.org/2003/arcrole/summation-item' xlink:from='loc_LongTermAccountsNotesAndLoansReceivableNetNoncurrent' xlink:to='loc_NotesAndLoansReceivableNetNoncurrent' xlink:type='arc' />
<calculationArc order='10' weight='1.0' xlink:arcrole='http://www.xbrl.org/2003/arcrole/summation-item' xlink:from='loc_NotesAndLoansReceivableNetNoncurrent' xlink:to='loc_NotesAndLoansReceivableGrossNoncurrent' xlink:type='arc' />
<calculationArc order='20' weight='-1.0' xlink:arcrole='http://www.xbrl.org/2003/arcrole/summation-item' xlink:from='loc_NotesAndLoansReceivableNetNoncurrent' xlink:to='loc_AllowanceForNotesAndLoansReceivableNoncurrent' xlink:type='arc' />
<calculationArc order='10' weight='1.0' xlink:arcrole='http://www.xbrl.org/2003/arcrole/summation-item' xlink:from='loc_CertainLoansAcquiredInTransferNotAccountedForAsDebtSecuritiesAccretableYieldPeriodIncreaseDecrease' xlink:to='loc_CertainLoansAcquiredInTransferNotAccountedForAsDebtSecuritiesAccretableYieldAdditions' xlink:type='arc' />
<calculationArc order='20' weight='-1.0' xlink:arcrole='http://www.xbrl.org/2003/arcrole/summation-item' xlink:from='loc_CertainLoansAcquiredInTransferNotAccountedForAsDebtSecuritiesAccretableYieldPeriodIncreaseDecrease' xlink:to='loc_CertainLoansAcquiredInTransferNotAccountedForAsDebtSecuritiesAccretableYieldAccretion' xlink:type='arc' />
<calculationArc order='30' weight='1.0' xlink:arcrole='http://www.xbrl.org/2003/arcrole/summation-item' xlink:from='loc_CertainLoansAcquiredInTransferNotAccountedForAsDebtSecuritiesAccretableYieldPeriodIncreaseDecrease' xlink:to='loc_CertainLoansAcquiredInTransferNotAccountedForAsDebtSecuritiesAccretableYieldReclassificationsFromNonaccretableDifference' xlink:type='arc' />
<calculationArc order='40' weight='-1.0' xlink:arcrole='http://www.xbrl.org/2003/arcrole/summation-item' xlink:from='loc_CertainLoansAcquiredInTransferNotAccountedForAsDebtSecuritiesAccretableYieldPeriodIncreaseDecrease' xlink:to='loc_CertainLoansAcquiredInTransferNotAccountedForAsDebtSecuritiesAccretableYieldReclassificationsToNonaccretableDifference' xlink:type='arc' />
<calculationArc order='50' weight='-1.0' xlink:arcrole='http://www.xbrl.org/2003/arcrole/summation-item' xlink:from='loc_CertainLoansAcquiredInTransferNotAccountedForAsDebtSecuritiesAccretableYieldPeriodIncreaseDecrease' xlink:to='loc_CertainLoansAcquiredInTransferNotAccountedForAsDebtSecuritiesAccretableYieldDisposalsOfLoans' xlink:type='arc' />
<calculationArc order='60' weight='-1.0' xlink:arcrole='http://www.xbrl.org/2003/arcrole/summation-item' xlink:from='loc_CertainLoansAcquiredInTransferNotAccountedForAsDebtSecuritiesAccretableYieldPeriodIncreaseDecrease' xlink:to='loc_CertainLoansAcquiredInTransferNotAccountedForAsDebtSecuritiesAccretableYieldTransfersToLoansHeldForSale' xlink:type='arc' />
<calculationArc order='10' weight='1.0' xlink:arcrole='http://www.xbrl.org/2003/arcrole/summation-item' xlink:from='loc_TimeSharingTransactionsMaturitiesOfNotesReceivableNet' xlink:to='loc_TimeSharingTransactionsAggregateMaturitiesOfNotesReceivableGross' xlink:type='arc' />
<calculationArc order='10' use='optional' weight='1.0' xlink:arcrole='http://www.xbrl.org/2003/arcrole/summation-item' xlink:from='loc_TimeSharingTransactionsAggregateMaturitiesOfNotesReceivableGross' xlink:to='loc_TimeSharingTransactionsMaturitiesOfNotesReceivableYearOne' xlink:type='arc' />
<calculationArc order='20' use='optional' weight='1.0' xlink:arcrole='http://www.xbrl.org/2003/arcrole/summation-item' xlink:from='loc_TimeSharingTransactionsAggregateMaturitiesOfNotesReceivableGross' xlink:to='loc_TimeSharingTransactionsMaturitiesOfNotesReceivableYearTwo' xlink:type='arc' />
<calculationArc order='30' use='optional' weight='1.0' xlink:arcrole='http://www.xbrl.org/2003/arcrole/summation-item' xlink:from='loc_TimeSharingTransactionsAggregateMaturitiesOfNotesReceivableGross' xlink:to='loc_TimeSharingTransactionsMaturitiesOfNotesReceivableYearThree' xlink:type='arc' />
<calculationArc order='40' use='optional' weight='1.0' xlink:arcrole='http://www.xbrl.org/2003/arcrole/summation-item' xlink:from='loc_TimeSharingTransactionsAggregateMaturitiesOfNotesReceivableGross' xlink:to='loc_TimeSharingTransactionsMaturitiesOfNotesReceivableYearFour' xlink:type='arc' />
<calculationArc order='50' use='optional' weight='1.0' xlink:arcrole='http://www.xbrl.org/2003/arcrole/summation-item' xlink:from='loc_TimeSharingTransactionsAggregateMaturitiesOfNotesReceivableGross' xlink:to='loc_TimeSharingTransactionsMaturitiesOfNotesReceivableYearFive' xlink:type='arc' />
<calculationArc order='60' use='optional' weight='1.0' xlink:arcrole='http://www.xbrl.org/2003/arcrole/summation-item' xlink:from='loc_TimeSharingTransactionsAggregateMaturitiesOfNotesReceivableGross' xlink:to='loc_TimeSharingTransactionsMaturitiesOfNotesReceivableFutureYears' xlink:type='arc' />
<calculationArc order='20' weight='-1.0' xlink:arcrole='http://www.xbrl.org/2003/arcrole/summation-item' xlink:from='loc_TimeSharingTransactionsMaturitiesOfNotesReceivableNet' xlink:to='loc_TimeSharingTransactionsAllowanceForUncollectibleAccounts' xlink:type='arc' />
<calculationArc order='30' weight='-1.0' xlink:arcrole='http://www.xbrl.org/2003/arcrole/summation-item' xlink:from='loc_TimeSharingTransactionsMaturitiesOfNotesReceivableNet' xlink:to='loc_TimeSharingTransactionsDeferredProfit' xlink:type='arc' />
<calculationArc order='10' weight='1.0' xlink:arcrole='http://www.xbrl.org/2003/arcrole/summation-item' xlink:from='loc_ContractsReceivable' xlink:to='loc_BilledContractReceivables' xlink:type='arc' />
<calculationArc order='20' weight='1.0' xlink:arcrole='http://www.xbrl.org/2003/arcrole/summation-item' xlink:from='loc_ContractsReceivable' xlink:to='loc_UnbilledContractsReceivable' xlink:type='arc' />
<calculationArc order='10' weight='1.0' xlink:arcrole='http://www.xbrl.org/2003/arcrole/summation-item' xlink:from='loc_NontradeReceivablesCurrent' xlink:to='loc_InterestReceivableCurrent' xlink:type='arc' />
<calculationArc order='20' weight='1.0' xlink:arcrole='http://www.xbrl.org/2003/arcrole/summation-item' xlink:from='loc_NontradeReceivablesCurrent' xlink:to='loc_IncomeTaxesReceivable' xlink:type='arc' />
<calculationArc order='30' weight='1.0' xlink:arcrole='http://www.xbrl.org/2003/arcrole/summation-item' xlink:from='loc_NontradeReceivablesCurrent' xlink:to='loc_ValueAddedTaxReceivableCurrent' xlink:type='arc' />
<calculationArc order='40' weight='1.0' xlink:arcrole='http://www.xbrl.org/2003/arcrole/summation-item' xlink:from='loc_NontradeReceivablesCurrent' xlink:to='loc_ReceivableForRecoveryOfImportDutiesNetCurrent' xlink:type='arc' />
<calculationArc order='50' weight='1.0' xlink:arcrole='http://www.xbrl.org/2003/arcrole/summation-item' xlink:from='loc_NontradeReceivablesCurrent' xlink:to='loc_InsuranceSettlementsReceivableCurrent' xlink:type='arc' />
<calculationArc order='60' weight='1.0' xlink:arcrole='http://www.xbrl.org/2003/arcrole/summation-item' xlink:from='loc_NontradeReceivablesCurrent' xlink:to='loc_GrantsReceivableCurrent' xlink:type='arc' />
<calculationArc order='70' weight='1.0' xlink:arcrole='http://www.xbrl.org/2003/arcrole/summation-item' xlink:from='loc_NontradeReceivablesCurrent' xlink:to='loc_InsuranceReceivableForMalpracticeCurrent' xlink:type='arc' />
<calculationArc order='80' weight='1.0' xlink:arcrole='http://www.xbrl.org/2003/arcrole/summation-item' xlink:from='loc_NontradeReceivablesCurrent' xlink:to='loc_LeaseIncentiveReceivableCurrent' xlink:type='arc' />
<calculationArc order='90' weight='1.0' xlink:arcrole='http://www.xbrl.org/2003/arcrole/summation-item' xlink:from='loc_NontradeReceivablesCurrent' xlink:to='loc_OilAndGasJointInterestBillingReceivablesCurrent' xlink:type='arc' />
<calculationArc order='100' weight='1.0' xlink:arcrole='http://www.xbrl.org/2003/arcrole/summation-item' xlink:from='loc_NontradeReceivablesCurrent' xlink:to='loc_ContractHolderReceivables' xlink:type='arc' />
<calculationArc order='10' weight='1.0' xlink:arcrole='http://www.xbrl.org/2003/arcrole/summation-item' xlink:from='loc_NontradeReceivablesNoncurrent' xlink:to='loc_InterestReceivableNoncurrent' xlink:type='arc' />
<calculationArc order='20' weight='1.0' xlink:arcrole='http://www.xbrl.org/2003/arcrole/summation-item' xlink:from='loc_NontradeReceivablesNoncurrent' xlink:to='loc_IncomeTaxesReceivableNoncurrent' xlink:type='arc' />
<calculationArc order='30' weight='1.0' xlink:arcrole='http://www.xbrl.org/2003/arcrole/summation-item' xlink:from='loc_NontradeReceivablesNoncurrent' xlink:to='loc_ValueAddedTaxReceivableNoncurrent' xlink:type='arc' />
<calculationArc order='40' weight='1.0' xlink:arcrole='http://www.xbrl.org/2003/arcrole/summation-item' xlink:from='loc_NontradeReceivablesNoncurrent' xlink:to='loc_ReceivableForRecoveryOfImportDutiesNetNoncurrent' xlink:type='arc' />
<calculationArc order='50' weight='1.0' xlink:arcrole='http://www.xbrl.org/2003/arcrole/summation-item' xlink:from='loc_NontradeReceivablesNoncurrent' xlink:to='loc_InsuranceSettlementsReceivableNoncurrent' xlink:type='arc' />
<calculationArc order='60' weight='1.0' xlink:arcrole='http://www.xbrl.org/2003/arcrole/summation-item' xlink:from='loc_NontradeReceivablesNoncurrent' xlink:to='loc_GrantsReceivableNoncurrent' xlink:type='arc' />
<calculationArc order='70' weight='1.0' xlink:arcrole='http://www.xbrl.org/2003/arcrole/summation-item' xlink:from='loc_NontradeReceivablesNoncurrent' xlink:to='loc_InsuranceReceivableForMalpracticeNoncurrent' xlink:type='arc' />
<calculationArc order='80' weight='1.0' xlink:arcrole='http://www.xbrl.org/2003/arcrole/summation-item' xlink:from='loc_NontradeReceivablesNoncurrent' xlink:to='loc_LeaseIncentiveReceivableNoncurrent' xlink:type='arc' />
<calculationArc order='90' weight='1.0' xlink:arcrole='http://www.xbrl.org/2003/arcrole/summation-item' xlink:from='loc_NontradeReceivablesNoncurrent' xlink:to='loc_OilAndGasJointInterestBillingReceivablesNoncurrent' xlink:type='arc' />
<calculationArc order='10' weight='1.0' xlink:arcrole='http://www.xbrl.org/2003/arcrole/summation-item' xlink:from='loc_FinancingReceivableAllowanceForCreditLossesPeriodIncreaseDecrease' xlink:to='loc_FinancingReceivableAllowanceForCreditLossesProvisions' xlink:type='arc' />
<calculationArc order='20' weight='-1.0' xlink:arcrole='http://www.xbrl.org/2003/arcrole/summation-item' xlink:from='loc_FinancingReceivableAllowanceForCreditLossesPeriodIncreaseDecrease' xlink:to='loc_FinancingReceivableAllowanceForCreditLossesRecoveries' xlink:type='arc' />
<calculationArc order='30' weight='-1.0' xlink:arcrole='http://www.xbrl.org/2003/arcrole/summation-item' xlink:from='loc_FinancingReceivableAllowanceForCreditLossesPeriodIncreaseDecrease' xlink:to='loc_FinancingReceivableAllowanceForCreditLossesWriteOffs' xlink:type='arc' />
<calculationArc order='10' weight='1.0' xlink:arcrole='http://www.xbrl.org/2003/arcrole/summation-item' xlink:from='loc_FinancingReceivableRecordedInvestmentPastDue' xlink:to='loc_FinancingReceivableRecordedInvestment1To29DaysPastDue' xlink:type='arc' />
<calculationArc order='20' weight='1.0' xlink:arcrole='http://www.xbrl.org/2003/arcrole/summation-item' xlink:from='loc_FinancingReceivableRecordedInvestmentPastDue' xlink:to='loc_FinancingReceivableRecordedInvestment30To59DaysPastDue' xlink:type='arc' />
<calculationArc order='30' weight='1.0' xlink:arcrole='http://www.xbrl.org/2003/arcrole/summation-item' xlink:from='loc_FinancingReceivableRecordedInvestmentPastDue' xlink:to='loc_FinancingReceivableRecordedInvestment60To89DaysPastDue' xlink:type='arc' />
<calculationArc order='40' weight='1.0' xlink:arcrole='http://www.xbrl.org/2003/arcrole/summation-item' xlink:from='loc_FinancingReceivableRecordedInvestmentPastDue' xlink:to='loc_FinancingReceivableRecordedInvestmentEqualToGreaterThan90DaysPastDue' xlink:type='arc' />
<calculationArc order='10' weight='-1.0' xlink:arcrole='http://www.xbrl.org/2003/arcrole/summation-item' xlink:from='loc_OtherReceivablesNetCurrent' xlink:to='loc_AllowanceForDoubtfulOtherReceivablesCurrent' xlink:type='arc' />
<calculationArc order='20' weight='1.0' xlink:arcrole='http://www.xbrl.org/2003/arcrole/summation-item' xlink:from='loc_OtherReceivablesNetCurrent' xlink:to='loc_OtherReceivablesGrossCurrent' xlink:type='arc' />
</calculationLink>
</link:linkbase>
