<?xml version="1.0" encoding="UTF-8" standalone="no"?>

<!--
(c) XBRL US, Inc. 2007-2010; Financial Accounting Foundation, Inc. 2010-2011.  All Rights Reserved.
Notice: Authorized Uses are Set Forth at http://xbrl.fasb.org/terms/TaxonomiesTermsConditions.html
  -->
<link:linkbase xmlns:link='http://www.xbrl.org/2003/linkbase' xmlns:xlink='http://www.w3.org/1999/xlink' xmlns:xsi='http://www.w3.org/2001/XMLSchema-instance' xsi:schemaLocation='http://www.xbrl.org/2003/linkbase http://www.xbrl.org/2003/xbrl-linkbase-2003-12-31.xsd'>
<link:roleRef roleURI='http://fasb.org/us-gaap/role/disclosure/DeferredCostsCapitalizedPrepaidAndOtherAssets' xlink:href='../elts/us-roles-2011-01-31.xsd#dccpoa' xlink:type='simple' />
<calculationLink xlink:role='http://fasb.org/us-gaap/role/disclosure/DeferredCostsCapitalizedPrepaidAndOtherAssets' xlink:type='extended' xmlns='http://www.xbrl.org/2003/linkbase'>
<link:loc xlink:href='../elts/us-gaap-2011-01-31.xsd#us-gaap_DepositAssets' xlink:label='loc_DepositAssets' xlink:type='locator' />
<link:loc xlink:href='../elts/us-gaap-2011-01-31.xsd#us-gaap_SecurityDeposit' xlink:label='loc_SecurityDeposit' xlink:type='locator' />
<link:loc xlink:href='../elts/us-gaap-2011-01-31.xsd#us-gaap_DepositContractsAssets' xlink:label='loc_DepositContractsAssets' xlink:type='locator' />
<link:loc xlink:href='../elts/us-gaap-2011-01-31.xsd#us-gaap_RetainageDeposit' xlink:label='loc_RetainageDeposit' xlink:type='locator' />
<link:loc xlink:href='../elts/us-gaap-2011-01-31.xsd#us-gaap_MarginDepositAssets' xlink:label='loc_MarginDepositAssets' xlink:type='locator' />
<link:loc xlink:href='../elts/us-gaap-2011-01-31.xsd#us-gaap_EscrowDeposit' xlink:label='loc_EscrowDeposit' xlink:type='locator' />
<link:loc xlink:href='../elts/us-gaap-2011-01-31.xsd#us-gaap_DepositsWithClearingOrganizationsAndOthersSecurities' xlink:label='loc_DepositsWithClearingOrganizationsAndOthersSecurities' xlink:type='locator' />
<link:loc xlink:href='../elts/us-gaap-2011-01-31.xsd#us-gaap_EarnestMoneyDeposits' xlink:label='loc_EarnestMoneyDeposits' xlink:type='locator' />
<link:loc xlink:href='../elts/us-gaap-2011-01-31.xsd#us-gaap_AssetsHeldInTrust' xlink:label='loc_AssetsHeldInTrust' xlink:type='locator' />
<link:loc xlink:href='../elts/us-gaap-2011-01-31.xsd#us-gaap_AssetsHeldInTrustCurrent' xlink:label='loc_AssetsHeldInTrustCurrent' xlink:type='locator' />
<link:loc xlink:href='../elts/us-gaap-2011-01-31.xsd#us-gaap_AssetsHeldInTrustNoncurrent' xlink:label='loc_AssetsHeldInTrustNoncurrent' xlink:type='locator' />
<link:loc xlink:href='../elts/us-gaap-2011-01-31.xsd#us-gaap_OtherDeferredCostsNet' xlink:label='loc_OtherDeferredCostsNet' xlink:type='locator' />
<link:loc xlink:href='../elts/us-gaap-2011-01-31.xsd#us-gaap_OtherDeferredCostsGross' xlink:label='loc_OtherDeferredCostsGross' xlink:type='locator' />
<link:loc xlink:href='../elts/us-gaap-2011-01-31.xsd#us-gaap_AccumulatedAmortizationOfOtherDeferredCosts' xlink:label='loc_AccumulatedAmortizationOfOtherDeferredCosts' xlink:type='locator' />
<link:loc xlink:href='../elts/us-gaap-2011-01-31.xsd#us-gaap_DeferredFinanceCostsNoncurrentNet' xlink:label='loc_DeferredFinanceCostsNoncurrentNet' xlink:type='locator' />
<link:loc xlink:href='../elts/us-gaap-2011-01-31.xsd#us-gaap_DeferredFinanceCostsNoncurrentGross' xlink:label='loc_DeferredFinanceCostsNoncurrentGross' xlink:type='locator' />
<link:loc xlink:href='../elts/us-gaap-2011-01-31.xsd#us-gaap_AccumulatedAmortizationOfNoncurrentDeferredFinanceCosts' xlink:label='loc_AccumulatedAmortizationOfNoncurrentDeferredFinanceCosts' xlink:type='locator' />
<link:loc xlink:href='../elts/us-gaap-2011-01-31.xsd#us-gaap_DeferredFinanceCostsCurrentNet' xlink:label='loc_DeferredFinanceCostsCurrentNet' xlink:type='locator' />
<link:loc xlink:href='../elts/us-gaap-2011-01-31.xsd#us-gaap_DeferredFinanceCostsCurrentGross' xlink:label='loc_DeferredFinanceCostsCurrentGross' xlink:type='locator' />
<link:loc xlink:href='../elts/us-gaap-2011-01-31.xsd#us-gaap_AccumulatedAmortizationOfCurrentDeferredFinanceCosts' xlink:label='loc_AccumulatedAmortizationOfCurrentDeferredFinanceCosts' xlink:type='locator' />
<link:loc xlink:href='../elts/us-gaap-2011-01-31.xsd#us-gaap_DeferredFinanceCostsNet' xlink:label='loc_DeferredFinanceCostsNet' xlink:type='locator' />
<link:loc xlink:href='../elts/us-gaap-2011-01-31.xsd#us-gaap_DeferredFinanceCostsGross' xlink:label='loc_DeferredFinanceCostsGross' xlink:type='locator' />
<link:loc xlink:href='../elts/us-gaap-2011-01-31.xsd#us-gaap_AccumulatedAmortizationDeferredFinanceCosts' xlink:label='loc_AccumulatedAmortizationDeferredFinanceCosts' xlink:type='locator' />
<link:loc xlink:href='../elts/us-gaap-2011-01-31.xsd#us-gaap_DeferredCostsLeasingNet' xlink:label='loc_DeferredCostsLeasingNet' xlink:type='locator' />
<link:loc xlink:href='../elts/us-gaap-2011-01-31.xsd#us-gaap_DeferredCostsLeasingGross' xlink:label='loc_DeferredCostsLeasingGross' xlink:type='locator' />
<link:loc xlink:href='../elts/us-gaap-2011-01-31.xsd#us-gaap_DeferredCostsLeasingAccumulatedAmortization' xlink:label='loc_DeferredCostsLeasingAccumulatedAmortization' xlink:type='locator' />
<link:loc xlink:href='../elts/us-gaap-2011-01-31.xsd#us-gaap_PrepaidExpenseAndOtherAssetsCurrent' xlink:label='loc_PrepaidExpenseAndOtherAssetsCurrent' xlink:type='locator' />
<link:loc xlink:href='../elts/us-gaap-2011-01-31.xsd#us-gaap_PrepaidExpenseCurrent' xlink:label='loc_PrepaidExpenseCurrent' xlink:type='locator' />
<link:loc xlink:href='../elts/us-gaap-2011-01-31.xsd#us-gaap_PrepaidInsurance' xlink:label='loc_PrepaidInsurance' xlink:type='locator' />
<link:loc xlink:href='../elts/us-gaap-2011-01-31.xsd#us-gaap_PrepaidRent' xlink:label='loc_PrepaidRent' xlink:type='locator' />
<link:loc xlink:href='../elts/us-gaap-2011-01-31.xsd#us-gaap_PrepaidAdvertising' xlink:label='loc_PrepaidAdvertising' xlink:type='locator' />
<link:loc xlink:href='../elts/us-gaap-2011-01-31.xsd#us-gaap_PrepaidRoyalties' xlink:label='loc_PrepaidRoyalties' xlink:type='locator' />
<link:loc xlink:href='../elts/us-gaap-2011-01-31.xsd#us-gaap_Supplies' xlink:label='loc_Supplies' xlink:type='locator' />
<link:loc xlink:href='../elts/us-gaap-2011-01-31.xsd#us-gaap_PrepaidInterest' xlink:label='loc_PrepaidInterest' xlink:type='locator' />
<link:loc xlink:href='../elts/us-gaap-2011-01-31.xsd#us-gaap_PrepaidTaxes' xlink:label='loc_PrepaidTaxes' xlink:type='locator' />
<link:loc xlink:href='../elts/us-gaap-2011-01-31.xsd#us-gaap_OtherPrepaidExpenseCurrent' xlink:label='loc_OtherPrepaidExpenseCurrent' xlink:type='locator' />
<link:loc xlink:href='../elts/us-gaap-2011-01-31.xsd#us-gaap_OtherAssetsCurrent' xlink:label='loc_OtherAssetsCurrent' xlink:type='locator' />
<link:loc xlink:href='../elts/us-gaap-2011-01-31.xsd#us-gaap_PrepaidExpenseAndOtherAssetsNoncurrent' xlink:label='loc_PrepaidExpenseAndOtherAssetsNoncurrent' xlink:type='locator' />
<link:loc xlink:href='../elts/us-gaap-2011-01-31.xsd#us-gaap_PrepaidExpenseNoncurrent' xlink:label='loc_PrepaidExpenseNoncurrent' xlink:type='locator' />
<link:loc xlink:href='../elts/us-gaap-2011-01-31.xsd#us-gaap_PrepaidExpenseOtherNoncurrent' xlink:label='loc_PrepaidExpenseOtherNoncurrent' xlink:type='locator' />
<link:loc xlink:href='../elts/us-gaap-2011-01-31.xsd#us-gaap_PrepaidMineralRoyaltiesNoncurrent' xlink:label='loc_PrepaidMineralRoyaltiesNoncurrent' xlink:type='locator' />
<link:loc xlink:href='../elts/us-gaap-2011-01-31.xsd#us-gaap_OtherAssetsNoncurrent' xlink:label='loc_OtherAssetsNoncurrent' xlink:type='locator' />
<link:loc xlink:href='../elts/us-gaap-2011-01-31.xsd#us-gaap_OtherAssetsMiscellaneous' xlink:label='loc_OtherAssetsMiscellaneous' xlink:type='locator' />
<link:loc xlink:href='../elts/us-gaap-2011-01-31.xsd#us-gaap_OtherAssetsMiscellaneousCurrent' xlink:label='loc_OtherAssetsMiscellaneousCurrent' xlink:type='locator' />
<link:loc xlink:href='../elts/us-gaap-2011-01-31.xsd#us-gaap_OtherAssetsMiscellaneousNoncurrent' xlink:label='loc_OtherAssetsMiscellaneousNoncurrent' xlink:type='locator' />
<link:loc xlink:href='../elts/us-gaap-2011-01-31.xsd#us-gaap_OtherAssets' xlink:label='loc_OtherAssets' xlink:type='locator' />
<calculationArc order='10' weight='1.0' xlink:arcrole='http://www.xbrl.org/2003/arcrole/summation-item' xlink:from='loc_DepositAssets' xlink:to='loc_SecurityDeposit' xlink:type='arc' />
<calculationArc order='20' weight='1.0' xlink:arcrole='http://www.xbrl.org/2003/arcrole/summation-item' xlink:from='loc_DepositAssets' xlink:to='loc_DepositContractsAssets' xlink:type='arc' />
<calculationArc order='30' weight='1.0' xlink:arcrole='http://www.xbrl.org/2003/arcrole/summation-item' xlink:from='loc_DepositAssets' xlink:to='loc_RetainageDeposit' xlink:type='arc' />
<calculationArc order='40' weight='1.0' xlink:arcrole='http://www.xbrl.org/2003/arcrole/summation-item' xlink:from='loc_DepositAssets' xlink:to='loc_MarginDepositAssets' xlink:type='arc' />
<calculationArc order='50' weight='1.0' xlink:arcrole='http://www.xbrl.org/2003/arcrole/summation-item' xlink:from='loc_DepositAssets' xlink:to='loc_EscrowDeposit' xlink:type='arc' />
<calculationArc order='60' weight='1.0' xlink:arcrole='http://www.xbrl.org/2003/arcrole/summation-item' xlink:from='loc_DepositAssets' xlink:to='loc_DepositsWithClearingOrganizationsAndOthersSecurities' xlink:type='arc' />
<calculationArc order='70' weight='1.0' xlink:arcrole='http://www.xbrl.org/2003/arcrole/summation-item' xlink:from='loc_DepositAssets' xlink:to='loc_EarnestMoneyDeposits' xlink:type='arc' />
<calculationArc order='10' weight='1.0' xlink:arcrole='http://www.xbrl.org/2003/arcrole/summation-item' xlink:from='loc_AssetsHeldInTrust' xlink:to='loc_AssetsHeldInTrustCurrent' xlink:type='arc' />
<calculationArc order='20' weight='1.0' xlink:arcrole='http://www.xbrl.org/2003/arcrole/summation-item' xlink:from='loc_AssetsHeldInTrust' xlink:to='loc_AssetsHeldInTrustNoncurrent' xlink:type='arc' />
<calculationArc order='10' use='optional' weight='1.0' xlink:arcrole='http://www.xbrl.org/2003/arcrole/summation-item' xlink:from='loc_OtherDeferredCostsNet' xlink:to='loc_OtherDeferredCostsGross' xlink:type='arc' />
<calculationArc order='20' use='optional' weight='-1.0' xlink:arcrole='http://www.xbrl.org/2003/arcrole/summation-item' xlink:from='loc_OtherDeferredCostsNet' xlink:to='loc_AccumulatedAmortizationOfOtherDeferredCosts' xlink:type='arc' />
<calculationArc order='10' weight='1.0' xlink:arcrole='http://www.xbrl.org/2003/arcrole/summation-item' xlink:from='loc_DeferredFinanceCostsNoncurrentNet' xlink:to='loc_DeferredFinanceCostsNoncurrentGross' xlink:type='arc' />
<calculationArc order='20' weight='-1.0' xlink:arcrole='http://www.xbrl.org/2003/arcrole/summation-item' xlink:from='loc_DeferredFinanceCostsNoncurrentNet' xlink:to='loc_AccumulatedAmortizationOfNoncurrentDeferredFinanceCosts' xlink:type='arc' />
<calculationArc order='10' weight='1.0' xlink:arcrole='http://www.xbrl.org/2003/arcrole/summation-item' xlink:from='loc_DeferredFinanceCostsCurrentNet' xlink:to='loc_DeferredFinanceCostsCurrentGross' xlink:type='arc' />
<calculationArc order='20' weight='-1.0' xlink:arcrole='http://www.xbrl.org/2003/arcrole/summation-item' xlink:from='loc_DeferredFinanceCostsCurrentNet' xlink:to='loc_AccumulatedAmortizationOfCurrentDeferredFinanceCosts' xlink:type='arc' />
<calculationArc order='10' weight='1.0' xlink:arcrole='http://www.xbrl.org/2003/arcrole/summation-item' xlink:from='loc_DeferredFinanceCostsNet' xlink:to='loc_DeferredFinanceCostsGross' xlink:type='arc' />
<calculationArc order='20' weight='-1.0' xlink:arcrole='http://www.xbrl.org/2003/arcrole/summation-item' xlink:from='loc_DeferredFinanceCostsNet' xlink:to='loc_AccumulatedAmortizationDeferredFinanceCosts' xlink:type='arc' />
<calculationArc order='10' weight='1.0' xlink:arcrole='http://www.xbrl.org/2003/arcrole/summation-item' xlink:from='loc_DeferredCostsLeasingNet' xlink:to='loc_DeferredCostsLeasingGross' xlink:type='arc' />
<calculationArc order='20' weight='-1.0' xlink:arcrole='http://www.xbrl.org/2003/arcrole/summation-item' xlink:from='loc_DeferredCostsLeasingNet' xlink:to='loc_DeferredCostsLeasingAccumulatedAmortization' xlink:type='arc' />
<calculationArc order='10' weight='1.0' xlink:arcrole='http://www.xbrl.org/2003/arcrole/summation-item' xlink:from='loc_PrepaidExpenseAndOtherAssetsCurrent' xlink:to='loc_PrepaidExpenseCurrent' xlink:type='arc' />
<calculationArc order='10' weight='1.0' xlink:arcrole='http://www.xbrl.org/2003/arcrole/summation-item' xlink:from='loc_PrepaidExpenseCurrent' xlink:to='loc_PrepaidInsurance' xlink:type='arc' />
<calculationArc order='20' weight='1.0' xlink:arcrole='http://www.xbrl.org/2003/arcrole/summation-item' xlink:from='loc_PrepaidExpenseCurrent' xlink:to='loc_PrepaidRent' xlink:type='arc' />
<calculationArc order='30' weight='1.0' xlink:arcrole='http://www.xbrl.org/2003/arcrole/summation-item' xlink:from='loc_PrepaidExpenseCurrent' xlink:to='loc_PrepaidAdvertising' xlink:type='arc' />
<calculationArc order='40' weight='1.0' xlink:arcrole='http://www.xbrl.org/2003/arcrole/summation-item' xlink:from='loc_PrepaidExpenseCurrent' xlink:to='loc_PrepaidRoyalties' xlink:type='arc' />
<calculationArc order='50' weight='1.0' xlink:arcrole='http://www.xbrl.org/2003/arcrole/summation-item' xlink:from='loc_PrepaidExpenseCurrent' xlink:to='loc_Supplies' xlink:type='arc' />
<calculationArc order='60' weight='1.0' xlink:arcrole='http://www.xbrl.org/2003/arcrole/summation-item' xlink:from='loc_PrepaidExpenseCurrent' xlink:to='loc_PrepaidInterest' xlink:type='arc' />
<calculationArc order='70' weight='1.0' xlink:arcrole='http://www.xbrl.org/2003/arcrole/summation-item' xlink:from='loc_PrepaidExpenseCurrent' xlink:to='loc_PrepaidTaxes' xlink:type='arc' />
<calculationArc order='80' weight='1.0' xlink:arcrole='http://www.xbrl.org/2003/arcrole/summation-item' xlink:from='loc_PrepaidExpenseCurrent' xlink:to='loc_OtherPrepaidExpenseCurrent' xlink:type='arc' />
<calculationArc order='20' weight='1.0' xlink:arcrole='http://www.xbrl.org/2003/arcrole/summation-item' xlink:from='loc_PrepaidExpenseAndOtherAssetsCurrent' xlink:to='loc_OtherAssetsCurrent' xlink:type='arc' />
<calculationArc order='10' weight='1.0' xlink:arcrole='http://www.xbrl.org/2003/arcrole/summation-item' xlink:from='loc_PrepaidExpenseAndOtherAssetsNoncurrent' xlink:to='loc_PrepaidExpenseNoncurrent' xlink:type='arc' />
<calculationArc order='10' weight='1.0' xlink:arcrole='http://www.xbrl.org/2003/arcrole/summation-item' xlink:from='loc_PrepaidExpenseNoncurrent' xlink:to='loc_PrepaidExpenseOtherNoncurrent' xlink:type='arc' />
<calculationArc order='20' weight='1.0' xlink:arcrole='http://www.xbrl.org/2003/arcrole/summation-item' xlink:from='loc_PrepaidExpenseNoncurrent' xlink:to='loc_PrepaidMineralRoyaltiesNoncurrent' xlink:type='arc' />
<calculationArc order='20' weight='1.0' xlink:arcrole='http://www.xbrl.org/2003/arcrole/summation-item' xlink:from='loc_PrepaidExpenseAndOtherAssetsNoncurrent' xlink:to='loc_OtherAssetsNoncurrent' xlink:type='arc' />
<calculationArc order='10' weight='1.0' xlink:arcrole='http://www.xbrl.org/2003/arcrole/summation-item' xlink:from='loc_OtherAssetsMiscellaneous' xlink:to='loc_OtherAssetsMiscellaneousCurrent' xlink:type='arc' />
<calculationArc order='20' weight='1.0' xlink:arcrole='http://www.xbrl.org/2003/arcrole/summation-item' xlink:from='loc_OtherAssetsMiscellaneous' xlink:to='loc_OtherAssetsMiscellaneousNoncurrent' xlink:type='arc' />
<calculationArc order='10' weight='1.0' xlink:arcrole='http://www.xbrl.org/2003/arcrole/summation-item' xlink:from='loc_OtherAssets' xlink:to='loc_OtherAssetsCurrent' xlink:type='arc' />
<calculationArc order='20' weight='1.0' xlink:arcrole='http://www.xbrl.org/2003/arcrole/summation-item' xlink:from='loc_OtherAssets' xlink:to='loc_OtherAssetsNoncurrent' xlink:type='arc' />
</calculationLink>
</link:linkbase>
