<?xml version="1.0" encoding="UTF-8" standalone="no"?>

<!--
(c) XBRL US, Inc. 2007-2010; Financial Accounting Foundation, Inc. 2010-2011.  All Rights Reserved.
Notice: Authorized Uses are Set Forth at http://xbrl.fasb.org/terms/TaxonomiesTermsConditions.html
  -->
<link:linkbase xmlns:link='http://www.xbrl.org/2003/linkbase' xmlns:xlink='http://www.w3.org/1999/xlink' xmlns:xsi='http://www.w3.org/2001/XMLSchema-instance' xsi:schemaLocation='http://www.xbrl.org/2003/linkbase http://www.xbrl.org/2003/xbrl-linkbase-2003-12-31.xsd'>
<link:roleRef roleURI='http://fasb.org/us-gaap/role/disclosure/HealthCareOrganizations' xlink:href='../elts/us-roles-2011-01-31.xsd#hco' xlink:type='simple' />
<calculationLink xlink:role='http://fasb.org/us-gaap/role/disclosure/HealthCareOrganizations' xlink:type='extended' xmlns='http://www.xbrl.org/2003/linkbase'>
<link:loc xlink:href='../elts/us-gaap-2011-01-31.xsd#us-gaap_InsuranceReceivableForMalpractice' xlink:label='loc_InsuranceReceivableForMalpractice' xlink:type='locator' />
<link:loc xlink:href='../elts/us-gaap-2011-01-31.xsd#us-gaap_InsuranceReceivableForMalpracticeCurrent' xlink:label='loc_InsuranceReceivableForMalpracticeCurrent' xlink:type='locator' />
<link:loc xlink:href='../elts/us-gaap-2011-01-31.xsd#us-gaap_InsuranceReceivableForMalpracticeNoncurrent' xlink:label='loc_InsuranceReceivableForMalpracticeNoncurrent' xlink:type='locator' />
<link:loc xlink:href='../elts/us-gaap-2011-01-31.xsd#us-gaap_MalpracticeLossContingencyAccrualUndiscounted' xlink:label='loc_MalpracticeLossContingencyAccrualUndiscounted' xlink:type='locator' />
<link:loc xlink:href='../elts/us-gaap-2011-01-31.xsd#us-gaap_MalpracticeLossContingencyAccrualUndiscountedCurrent' xlink:label='loc_MalpracticeLossContingencyAccrualUndiscountedCurrent' xlink:type='locator' />
<link:loc xlink:href='../elts/us-gaap-2011-01-31.xsd#us-gaap_MalpracticeLossContingencyAccrualUndiscountedNoncurrent' xlink:label='loc_MalpracticeLossContingencyAccrualUndiscountedNoncurrent' xlink:type='locator' />
<link:loc xlink:href='../elts/us-gaap-2011-01-31.xsd#us-gaap_MalpracticeLossContingencyAccrualDiscounted' xlink:label='loc_MalpracticeLossContingencyAccrualDiscounted' xlink:type='locator' />
<link:loc xlink:href='../elts/us-gaap-2011-01-31.xsd#us-gaap_MalpracticeLossContingencyAccrualDiscountedCurrent' xlink:label='loc_MalpracticeLossContingencyAccrualDiscountedCurrent' xlink:type='locator' />
<link:loc xlink:href='../elts/us-gaap-2011-01-31.xsd#us-gaap_MalpracticeLossContingencyAccrualDiscountedNoncurrent' xlink:label='loc_MalpracticeLossContingencyAccrualDiscountedNoncurrent' xlink:type='locator' />
<link:loc xlink:href='../elts/us-gaap-2011-01-31.xsd#us-gaap_MalpracticeLossContingencyPeriodIncreaseDecrease' xlink:label='loc_MalpracticeLossContingencyPeriodIncreaseDecrease' xlink:type='locator' />
<link:loc xlink:href='../elts/us-gaap-2011-01-31.xsd#us-gaap_MalpracticeLossContingencyPeriodCost' xlink:label='loc_MalpracticeLossContingencyPeriodCost' xlink:type='locator' />
<link:loc xlink:href='../elts/us-gaap-2011-01-31.xsd#us-gaap_MalpracticeLossContingencyPremiumCosts' xlink:label='loc_MalpracticeLossContingencyPremiumCosts' xlink:type='locator' />
<link:loc xlink:href='../elts/us-gaap-2011-01-31.xsd#us-gaap_MalpracticeLossContingencyAccrualAdjustment' xlink:label='loc_MalpracticeLossContingencyAccrualAdjustment' xlink:type='locator' />
<link:loc xlink:href='../elts/us-gaap-2011-01-31.xsd#us-gaap_MalpracticeLossContingencySettlementOfClaims' xlink:label='loc_MalpracticeLossContingencySettlementOfClaims' xlink:type='locator' />
<link:loc xlink:href='../elts/us-gaap-2011-01-31.xsd#us-gaap_MalpracticeLossContingencyClaimsIncurredNet' xlink:label='loc_MalpracticeLossContingencyClaimsIncurredNet' xlink:type='locator' />
<link:loc xlink:href='../elts/us-gaap-2011-01-31.xsd#us-gaap_MalpracticeLossContingencyClaimsIncurredInPeriod' xlink:label='loc_MalpracticeLossContingencyClaimsIncurredInPeriod' xlink:type='locator' />
<link:loc xlink:href='../elts/us-gaap-2011-01-31.xsd#us-gaap_MalpracticeLossContingencyReturnOfPremiums' xlink:label='loc_MalpracticeLossContingencyReturnOfPremiums' xlink:type='locator' />
<link:loc xlink:href='../elts/us-gaap-2011-01-31.xsd#us-gaap_MalpracticeLossContingencyInsuranceRecoveries' xlink:label='loc_MalpracticeLossContingencyInsuranceRecoveries' xlink:type='locator' />
<link:loc xlink:href='../elts/us-gaap-2011-01-31.xsd#us-gaap_MalpracticeLossContingencyClaimsIncurredInPriorPeriods' xlink:label='loc_MalpracticeLossContingencyClaimsIncurredInPriorPeriods' xlink:type='locator' />
<link:loc xlink:href='../elts/us-gaap-2011-01-31.xsd#us-gaap_HealthCareOrganizationRevenue' xlink:label='loc_HealthCareOrganizationRevenue' xlink:type='locator' />
<link:loc xlink:href='../elts/us-gaap-2011-01-31.xsd#us-gaap_HealthCareOrganizationPatientServiceRevenue' xlink:label='loc_HealthCareOrganizationPatientServiceRevenue' xlink:type='locator' />
<link:loc xlink:href='../elts/us-gaap-2011-01-31.xsd#us-gaap_HealthCareOrganizationPremiumRevenue' xlink:label='loc_HealthCareOrganizationPremiumRevenue' xlink:type='locator' />
<link:loc xlink:href='../elts/us-gaap-2011-01-31.xsd#us-gaap_HealthCareOrganizationCapitationRevenue' xlink:label='loc_HealthCareOrganizationCapitationRevenue' xlink:type='locator' />
<link:loc xlink:href='../elts/us-gaap-2011-01-31.xsd#us-gaap_HealthCareOrganizationResidentServiceRevenue' xlink:label='loc_HealthCareOrganizationResidentServiceRevenue' xlink:type='locator' />
<link:loc xlink:href='../elts/us-gaap-2011-01-31.xsd#us-gaap_HealthCareOrganizationOtherRevenue' xlink:label='loc_HealthCareOrganizationOtherRevenue' xlink:type='locator' />
<link:loc xlink:href='../elts/us-gaap-2011-01-31.xsd#us-gaap_HealthCareOrganizationExpensesNet' xlink:label='loc_HealthCareOrganizationExpensesNet' xlink:type='locator' />
<link:loc xlink:href='../elts/us-gaap-2011-01-31.xsd#us-gaap_HealthCareOrganizationHealthCareCostsGross' xlink:label='loc_HealthCareOrganizationHealthCareCostsGross' xlink:type='locator' />
<link:loc xlink:href='../elts/us-gaap-2011-01-31.xsd#us-gaap_HealthCareOrganizationMedicalSuppliesAndDrugsExpense' xlink:label='loc_HealthCareOrganizationMedicalSuppliesAndDrugsExpense' xlink:type='locator' />
<link:loc xlink:href='../elts/us-gaap-2011-01-31.xsd#us-gaap_HealthCareOrganizationLossContractsExpense' xlink:label='loc_HealthCareOrganizationLossContractsExpense' xlink:type='locator' />
<link:loc xlink:href='../elts/us-gaap-2011-01-31.xsd#us-gaap_HealthCareOrganizationStopLossInsurancePremiumExpense' xlink:label='loc_HealthCareOrganizationStopLossInsurancePremiumExpense' xlink:type='locator' />
<link:loc xlink:href='../elts/us-gaap-2011-01-31.xsd#us-gaap_HealthCareOrganizationContractAcquisitionExpense' xlink:label='loc_HealthCareOrganizationContractAcquisitionExpense' xlink:type='locator' />
<link:loc xlink:href='../elts/us-gaap-2011-01-31.xsd#us-gaap_HealthCareOrganizationStopLossInsuranceRecoveries' xlink:label='loc_HealthCareOrganizationStopLossInsuranceRecoveries' xlink:type='locator' />
<calculationArc order='10' weight='1.0' xlink:arcrole='http://www.xbrl.org/2003/arcrole/summation-item' xlink:from='loc_InsuranceReceivableForMalpractice' xlink:to='loc_InsuranceReceivableForMalpracticeCurrent' xlink:type='arc' />
<calculationArc order='20' weight='1.0' xlink:arcrole='http://www.xbrl.org/2003/arcrole/summation-item' xlink:from='loc_InsuranceReceivableForMalpractice' xlink:to='loc_InsuranceReceivableForMalpracticeNoncurrent' xlink:type='arc' />
<calculationArc order='10' weight='1.0' xlink:arcrole='http://www.xbrl.org/2003/arcrole/summation-item' xlink:from='loc_MalpracticeLossContingencyAccrualUndiscounted' xlink:to='loc_MalpracticeLossContingencyAccrualUndiscountedCurrent' xlink:type='arc' />
<calculationArc order='20' weight='1.0' xlink:arcrole='http://www.xbrl.org/2003/arcrole/summation-item' xlink:from='loc_MalpracticeLossContingencyAccrualUndiscounted' xlink:to='loc_MalpracticeLossContingencyAccrualUndiscountedNoncurrent' xlink:type='arc' />
<calculationArc order='10' weight='1.0' xlink:arcrole='http://www.xbrl.org/2003/arcrole/summation-item' xlink:from='loc_MalpracticeLossContingencyAccrualDiscounted' xlink:to='loc_MalpracticeLossContingencyAccrualDiscountedCurrent' xlink:type='arc' />
<calculationArc order='20' weight='1.0' xlink:arcrole='http://www.xbrl.org/2003/arcrole/summation-item' xlink:from='loc_MalpracticeLossContingencyAccrualDiscounted' xlink:to='loc_MalpracticeLossContingencyAccrualDiscountedNoncurrent' xlink:type='arc' />
<calculationArc order='10' weight='-1.0' xlink:arcrole='http://www.xbrl.org/2003/arcrole/summation-item' xlink:from='loc_MalpracticeLossContingencyPeriodIncreaseDecrease' xlink:to='loc_MalpracticeLossContingencyPeriodCost' xlink:type='arc' />
<calculationArc order='20' weight='-1.0' xlink:arcrole='http://www.xbrl.org/2003/arcrole/summation-item' xlink:from='loc_MalpracticeLossContingencyPeriodIncreaseDecrease' xlink:to='loc_MalpracticeLossContingencyPremiumCosts' xlink:type='arc' />
<calculationArc order='30' weight='1.0' xlink:arcrole='http://www.xbrl.org/2003/arcrole/summation-item' xlink:from='loc_MalpracticeLossContingencyPeriodIncreaseDecrease' xlink:to='loc_MalpracticeLossContingencyAccrualAdjustment' xlink:type='arc' />
<calculationArc order='40' weight='-1.0' xlink:arcrole='http://www.xbrl.org/2003/arcrole/summation-item' xlink:from='loc_MalpracticeLossContingencyPeriodIncreaseDecrease' xlink:to='loc_MalpracticeLossContingencySettlementOfClaims' xlink:type='arc' />
<calculationArc order='10' weight='1.0' xlink:arcrole='http://www.xbrl.org/2003/arcrole/summation-item' xlink:from='loc_MalpracticeLossContingencyClaimsIncurredNet' xlink:to='loc_MalpracticeLossContingencyClaimsIncurredInPeriod' xlink:type='arc' />
<calculationArc order='20' weight='-1.0' xlink:arcrole='http://www.xbrl.org/2003/arcrole/summation-item' xlink:from='loc_MalpracticeLossContingencyClaimsIncurredNet' xlink:to='loc_MalpracticeLossContingencyReturnOfPremiums' xlink:type='arc' />
<calculationArc order='30' weight='-1.0' xlink:arcrole='http://www.xbrl.org/2003/arcrole/summation-item' xlink:from='loc_MalpracticeLossContingencyClaimsIncurredNet' xlink:to='loc_MalpracticeLossContingencyInsuranceRecoveries' xlink:type='arc' />
<calculationArc order='40' weight='1.0' xlink:arcrole='http://www.xbrl.org/2003/arcrole/summation-item' xlink:from='loc_MalpracticeLossContingencyClaimsIncurredNet' xlink:to='loc_MalpracticeLossContingencyClaimsIncurredInPriorPeriods' xlink:type='arc' />
<calculationArc order='10' weight='1.0' xlink:arcrole='http://www.xbrl.org/2003/arcrole/summation-item' xlink:from='loc_HealthCareOrganizationRevenue' xlink:to='loc_HealthCareOrganizationPatientServiceRevenue' xlink:type='arc' />
<calculationArc order='20' weight='1.0' xlink:arcrole='http://www.xbrl.org/2003/arcrole/summation-item' xlink:from='loc_HealthCareOrganizationRevenue' xlink:to='loc_HealthCareOrganizationPremiumRevenue' xlink:type='arc' />
<calculationArc order='30' weight='1.0' xlink:arcrole='http://www.xbrl.org/2003/arcrole/summation-item' xlink:from='loc_HealthCareOrganizationRevenue' xlink:to='loc_HealthCareOrganizationCapitationRevenue' xlink:type='arc' />
<calculationArc order='40' weight='1.0' xlink:arcrole='http://www.xbrl.org/2003/arcrole/summation-item' xlink:from='loc_HealthCareOrganizationRevenue' xlink:to='loc_HealthCareOrganizationResidentServiceRevenue' xlink:type='arc' />
<calculationArc order='50' weight='1.0' xlink:arcrole='http://www.xbrl.org/2003/arcrole/summation-item' xlink:from='loc_HealthCareOrganizationRevenue' xlink:to='loc_HealthCareOrganizationOtherRevenue' xlink:type='arc' />
<calculationArc order='10' weight='1.0' xlink:arcrole='http://www.xbrl.org/2003/arcrole/summation-item' xlink:from='loc_HealthCareOrganizationExpensesNet' xlink:to='loc_HealthCareOrganizationHealthCareCostsGross' xlink:type='arc' />
<calculationArc order='10' weight='1.0' xlink:arcrole='http://www.xbrl.org/2003/arcrole/summation-item' xlink:from='loc_HealthCareOrganizationHealthCareCostsGross' xlink:to='loc_HealthCareOrganizationMedicalSuppliesAndDrugsExpense' xlink:type='arc' />
<calculationArc order='20' weight='1.0' xlink:arcrole='http://www.xbrl.org/2003/arcrole/summation-item' xlink:from='loc_HealthCareOrganizationHealthCareCostsGross' xlink:to='loc_HealthCareOrganizationLossContractsExpense' xlink:type='arc' />
<calculationArc order='30' weight='1.0' xlink:arcrole='http://www.xbrl.org/2003/arcrole/summation-item' xlink:from='loc_HealthCareOrganizationHealthCareCostsGross' xlink:to='loc_HealthCareOrganizationStopLossInsurancePremiumExpense' xlink:type='arc' />
<calculationArc order='40' weight='1.0' xlink:arcrole='http://www.xbrl.org/2003/arcrole/summation-item' xlink:from='loc_HealthCareOrganizationHealthCareCostsGross' xlink:to='loc_HealthCareOrganizationContractAcquisitionExpense' xlink:type='arc' />
<calculationArc order='20' weight='-1.0' xlink:arcrole='http://www.xbrl.org/2003/arcrole/summation-item' xlink:from='loc_HealthCareOrganizationExpensesNet' xlink:to='loc_HealthCareOrganizationStopLossInsuranceRecoveries' xlink:type='arc' />
</calculationLink>
</link:linkbase>
