<?xml version="1.0" encoding="UTF-8" standalone="no"?>

<!--
(c) XBRL US, Inc. 2007-2010; Financial Accounting Foundation, Inc. 2010-2011.  All Rights Reserved.
Notice: Authorized Uses are Set Forth at http://xbrl.fasb.org/terms/TaxonomiesTermsConditions.html
  -->
<link:linkbase xmlns:link='http://www.xbrl.org/2003/linkbase' xmlns:xlink='http://www.w3.org/1999/xlink' xmlns:xsi='http://www.w3.org/2001/XMLSchema-instance' xsi:schemaLocation='http://www.xbrl.org/2003/linkbase http://www.xbrl.org/2003/xbrl-linkbase-2003-12-31.xsd'>
<link:roleRef roleURI='http://fasb.org/us-gaap/role/disclosure/IntangibleAssetsGoodwillAndOther' xlink:href='../elts/us-roles-2011-01-31.xsd#iago' xlink:type='simple' />
<calculationLink xlink:role='http://fasb.org/us-gaap/role/disclosure/IntangibleAssetsGoodwillAndOther' xlink:type='extended' xmlns='http://www.xbrl.org/2003/linkbase'>
<link:loc xlink:href='../elts/us-gaap-2011-01-31.xsd#us-gaap_FiniteLivedIntangibleAssetsFutureAmortizationExpense' xlink:label='loc_FiniteLivedIntangibleAssetsFutureAmortizationExpense' xlink:type='locator' />
<link:loc xlink:href='../elts/us-gaap-2011-01-31.xsd#us-gaap_FutureAmortizationExpenseYearOne' xlink:label='loc_FutureAmortizationExpenseYearOne' xlink:type='locator' />
<link:loc xlink:href='../elts/us-gaap-2011-01-31.xsd#us-gaap_FutureAmortizationExpenseYearTwo' xlink:label='loc_FutureAmortizationExpenseYearTwo' xlink:type='locator' />
<link:loc xlink:href='../elts/us-gaap-2011-01-31.xsd#us-gaap_FutureAmortizationExpenseYearThree' xlink:label='loc_FutureAmortizationExpenseYearThree' xlink:type='locator' />
<link:loc xlink:href='../elts/us-gaap-2011-01-31.xsd#us-gaap_FutureAmortizationExpenseYearFour' xlink:label='loc_FutureAmortizationExpenseYearFour' xlink:type='locator' />
<link:loc xlink:href='../elts/us-gaap-2011-01-31.xsd#us-gaap_FutureAmortizationExpenseYearFive' xlink:label='loc_FutureAmortizationExpenseYearFive' xlink:type='locator' />
<link:loc xlink:href='../elts/us-gaap-2011-01-31.xsd#us-gaap_FutureAmortizationExpenseAfterYearFive' xlink:label='loc_FutureAmortizationExpenseAfterYearFive' xlink:type='locator' />
<link:loc xlink:href='../elts/us-gaap-2011-01-31.xsd#us-gaap_ImpairmentOfIntangibleAssetsExcludingGoodwill' xlink:label='loc_ImpairmentOfIntangibleAssetsExcludingGoodwill' xlink:type='locator' />
<link:loc xlink:href='../elts/us-gaap-2011-01-31.xsd#us-gaap_ImpairmentOfIntangibleAssetsFinitelived' xlink:label='loc_ImpairmentOfIntangibleAssetsFinitelived' xlink:type='locator' />
<link:loc xlink:href='../elts/us-gaap-2011-01-31.xsd#us-gaap_ImpairmentOfIntangibleAssetsIndefinitelivedExcludingGoodwill' xlink:label='loc_ImpairmentOfIntangibleAssetsIndefinitelivedExcludingGoodwill' xlink:type='locator' />
<link:loc xlink:href='../elts/us-gaap-2011-01-31.xsd#us-gaap_IntangibleAssetsNetExcludingGoodwill' xlink:label='loc_IntangibleAssetsNetExcludingGoodwill' xlink:type='locator' />
<link:loc xlink:href='../elts/us-gaap-2011-01-31.xsd#us-gaap_IndefiniteLivedIntangibleAssetsExcludingGoodwill' xlink:label='loc_IndefiniteLivedIntangibleAssetsExcludingGoodwill' xlink:type='locator' />
<link:loc xlink:href='../elts/us-gaap-2011-01-31.xsd#us-gaap_FiniteLivedIntangibleAssetsNet' xlink:label='loc_FiniteLivedIntangibleAssetsNet' xlink:type='locator' />
<link:loc xlink:href='../elts/us-gaap-2011-01-31.xsd#us-gaap_FiniteLivedIntangibleAssetsGross' xlink:label='loc_FiniteLivedIntangibleAssetsGross' xlink:type='locator' />
<link:loc xlink:href='../elts/us-gaap-2011-01-31.xsd#us-gaap_FiniteLivedIntangibleAssetsAccumulatedAmortization' xlink:label='loc_FiniteLivedIntangibleAssetsAccumulatedAmortization' xlink:type='locator' />
<link:loc xlink:href='../elts/us-gaap-2011-01-31.xsd#us-gaap_Goodwill' xlink:label='loc_Goodwill' xlink:type='locator' />
<link:loc xlink:href='../elts/us-gaap-2011-01-31.xsd#us-gaap_GoodwillGross' xlink:label='loc_GoodwillGross' xlink:type='locator' />
<link:loc xlink:href='../elts/us-gaap-2011-01-31.xsd#us-gaap_GoodwillImpairedAccumulatedImpairmentLoss' xlink:label='loc_GoodwillImpairedAccumulatedImpairmentLoss' xlink:type='locator' />
<link:loc xlink:href='../elts/us-gaap-2011-01-31.xsd#us-gaap_GoodwillPeriodIncreaseDecrease' xlink:label='loc_GoodwillPeriodIncreaseDecrease' xlink:type='locator' />
<link:loc xlink:href='../elts/us-gaap-2011-01-31.xsd#us-gaap_GoodwillAcquiredDuringPeriod' xlink:label='loc_GoodwillAcquiredDuringPeriod' xlink:type='locator' />
<link:loc xlink:href='../elts/us-gaap-2011-01-31.xsd#us-gaap_GoodwillImpairmentLoss' xlink:label='loc_GoodwillImpairmentLoss' xlink:type='locator' />
<link:loc xlink:href='../elts/us-gaap-2011-01-31.xsd#us-gaap_GoodwillWrittenOffRelatedToSaleOfBusinessUnit' xlink:label='loc_GoodwillWrittenOffRelatedToSaleOfBusinessUnit' xlink:type='locator' />
<link:loc xlink:href='../elts/us-gaap-2011-01-31.xsd#us-gaap_GoodwillTranslationAndPurchaseAccountingAdjustments' xlink:label='loc_GoodwillTranslationAndPurchaseAccountingAdjustments' xlink:type='locator' />
<link:loc xlink:href='../elts/us-gaap-2011-01-31.xsd#us-gaap_GoodwillTranslationAdjustments' xlink:label='loc_GoodwillTranslationAdjustments' xlink:type='locator' />
<link:loc xlink:href='../elts/us-gaap-2011-01-31.xsd#us-gaap_GoodwillPurchaseAccountingAdjustments' xlink:label='loc_GoodwillPurchaseAccountingAdjustments' xlink:type='locator' />
<link:loc xlink:href='../elts/us-gaap-2011-01-31.xsd#us-gaap_GoodwillAllocationAdjustment' xlink:label='loc_GoodwillAllocationAdjustment' xlink:type='locator' />
<link:loc xlink:href='../elts/us-gaap-2011-01-31.xsd#us-gaap_GoodwillOtherChanges' xlink:label='loc_GoodwillOtherChanges' xlink:type='locator' />
<link:loc xlink:href='../elts/us-gaap-2011-01-31.xsd#us-gaap_GoodwillSubsequentRecognitionOfDeferredTaxAsset' xlink:label='loc_GoodwillSubsequentRecognitionOfDeferredTaxAsset' xlink:type='locator' />
<link:loc xlink:href='../elts/us-gaap-2011-01-31.xsd#us-gaap_IndefiniteLivedIntangibleAssetsPeriodIncreaseDecrease' xlink:label='loc_IndefiniteLivedIntangibleAssetsPeriodIncreaseDecrease' xlink:type='locator' />
<link:loc xlink:href='../elts/us-gaap-2011-01-31.xsd#us-gaap_IndefiniteLivedIntangibleAssetsAcquiredDuringPeriod' xlink:label='loc_IndefiniteLivedIntangibleAssetsAcquiredDuringPeriod' xlink:type='locator' />
<link:loc xlink:href='../elts/us-gaap-2011-01-31.xsd#us-gaap_IndefiniteLivedIntangibleAssetsImpairmentLosses' xlink:label='loc_IndefiniteLivedIntangibleAssetsImpairmentLosses' xlink:type='locator' />
<link:loc xlink:href='../elts/us-gaap-2011-01-31.xsd#us-gaap_IndefiniteLivedIntangibleAssetsWrittenOffRelatedToSaleOfBusinessUnit' xlink:label='loc_IndefiniteLivedIntangibleAssetsWrittenOffRelatedToSaleOfBusinessUnit' xlink:type='locator' />
<link:loc xlink:href='../elts/us-gaap-2011-01-31.xsd#us-gaap_IndefiniteLivedIntangibleAssetsTranslationAndPurchaseAccountingAdjustments' xlink:label='loc_IndefiniteLivedIntangibleAssetsTranslationAndPurchaseAccountingAdjustments' xlink:type='locator' />
<calculationArc order='10' use='optional' weight='1.0' xlink:arcrole='http://www.xbrl.org/2003/arcrole/summation-item' xlink:from='loc_FiniteLivedIntangibleAssetsFutureAmortizationExpense' xlink:to='loc_FutureAmortizationExpenseYearOne' xlink:type='arc' />
<calculationArc order='20' use='optional' weight='1.0' xlink:arcrole='http://www.xbrl.org/2003/arcrole/summation-item' xlink:from='loc_FiniteLivedIntangibleAssetsFutureAmortizationExpense' xlink:to='loc_FutureAmortizationExpenseYearTwo' xlink:type='arc' />
<calculationArc order='30' use='optional' weight='1.0' xlink:arcrole='http://www.xbrl.org/2003/arcrole/summation-item' xlink:from='loc_FiniteLivedIntangibleAssetsFutureAmortizationExpense' xlink:to='loc_FutureAmortizationExpenseYearThree' xlink:type='arc' />
<calculationArc order='40' use='optional' weight='1.0' xlink:arcrole='http://www.xbrl.org/2003/arcrole/summation-item' xlink:from='loc_FiniteLivedIntangibleAssetsFutureAmortizationExpense' xlink:to='loc_FutureAmortizationExpenseYearFour' xlink:type='arc' />
<calculationArc order='50' use='optional' weight='1.0' xlink:arcrole='http://www.xbrl.org/2003/arcrole/summation-item' xlink:from='loc_FiniteLivedIntangibleAssetsFutureAmortizationExpense' xlink:to='loc_FutureAmortizationExpenseYearFive' xlink:type='arc' />
<calculationArc order='60' weight='1.0' xlink:arcrole='http://www.xbrl.org/2003/arcrole/summation-item' xlink:from='loc_FiniteLivedIntangibleAssetsFutureAmortizationExpense' xlink:to='loc_FutureAmortizationExpenseAfterYearFive' xlink:type='arc' />
<calculationArc order='10' weight='1.0' xlink:arcrole='http://www.xbrl.org/2003/arcrole/summation-item' xlink:from='loc_ImpairmentOfIntangibleAssetsExcludingGoodwill' xlink:to='loc_ImpairmentOfIntangibleAssetsFinitelived' xlink:type='arc' />
<calculationArc order='20' weight='1.0' xlink:arcrole='http://www.xbrl.org/2003/arcrole/summation-item' xlink:from='loc_ImpairmentOfIntangibleAssetsExcludingGoodwill' xlink:to='loc_ImpairmentOfIntangibleAssetsIndefinitelivedExcludingGoodwill' xlink:type='arc' />
<calculationArc order='10' weight='1.0' xlink:arcrole='http://www.xbrl.org/2003/arcrole/summation-item' xlink:from='loc_IntangibleAssetsNetExcludingGoodwill' xlink:to='loc_IndefiniteLivedIntangibleAssetsExcludingGoodwill' xlink:type='arc' />
<calculationArc order='20' weight='1.0' xlink:arcrole='http://www.xbrl.org/2003/arcrole/summation-item' xlink:from='loc_IntangibleAssetsNetExcludingGoodwill' xlink:to='loc_FiniteLivedIntangibleAssetsNet' xlink:type='arc' />
<calculationArc order='10' weight='1.0' xlink:arcrole='http://www.xbrl.org/2003/arcrole/summation-item' xlink:from='loc_FiniteLivedIntangibleAssetsNet' xlink:to='loc_FiniteLivedIntangibleAssetsGross' xlink:type='arc' />
<calculationArc order='20' weight='-1.0' xlink:arcrole='http://www.xbrl.org/2003/arcrole/summation-item' xlink:from='loc_FiniteLivedIntangibleAssetsNet' xlink:to='loc_FiniteLivedIntangibleAssetsAccumulatedAmortization' xlink:type='arc' />
<calculationArc order='10' weight='1.0' xlink:arcrole='http://www.xbrl.org/2003/arcrole/summation-item' xlink:from='loc_Goodwill' xlink:to='loc_GoodwillGross' xlink:type='arc' />
<calculationArc order='20' weight='-1.0' xlink:arcrole='http://www.xbrl.org/2003/arcrole/summation-item' xlink:from='loc_Goodwill' xlink:to='loc_GoodwillImpairedAccumulatedImpairmentLoss' xlink:type='arc' />
<calculationArc order='10' weight='1.0' xlink:arcrole='http://www.xbrl.org/2003/arcrole/summation-item' xlink:from='loc_GoodwillPeriodIncreaseDecrease' xlink:to='loc_GoodwillAcquiredDuringPeriod' xlink:type='arc' />
<calculationArc order='20' weight='-1.0' xlink:arcrole='http://www.xbrl.org/2003/arcrole/summation-item' xlink:from='loc_GoodwillPeriodIncreaseDecrease' xlink:to='loc_GoodwillImpairmentLoss' xlink:type='arc' />
<calculationArc order='30' weight='-1.0' xlink:arcrole='http://www.xbrl.org/2003/arcrole/summation-item' xlink:from='loc_GoodwillPeriodIncreaseDecrease' xlink:to='loc_GoodwillWrittenOffRelatedToSaleOfBusinessUnit' xlink:type='arc' />
<calculationArc order='40' weight='1.0' xlink:arcrole='http://www.xbrl.org/2003/arcrole/summation-item' xlink:from='loc_GoodwillPeriodIncreaseDecrease' xlink:to='loc_GoodwillTranslationAndPurchaseAccountingAdjustments' xlink:type='arc' />
<calculationArc order='10' weight='1.0' xlink:arcrole='http://www.xbrl.org/2003/arcrole/summation-item' xlink:from='loc_GoodwillTranslationAndPurchaseAccountingAdjustments' xlink:to='loc_GoodwillTranslationAdjustments' xlink:type='arc' />
<calculationArc order='20' weight='1.0' xlink:arcrole='http://www.xbrl.org/2003/arcrole/summation-item' xlink:from='loc_GoodwillTranslationAndPurchaseAccountingAdjustments' xlink:to='loc_GoodwillPurchaseAccountingAdjustments' xlink:type='arc' />
<calculationArc order='50' weight='1.0' xlink:arcrole='http://www.xbrl.org/2003/arcrole/summation-item' xlink:from='loc_GoodwillPeriodIncreaseDecrease' xlink:to='loc_GoodwillAllocationAdjustment' xlink:type='arc' />
<calculationArc order='60' weight='-1.0' xlink:arcrole='http://www.xbrl.org/2003/arcrole/summation-item' xlink:from='loc_GoodwillPeriodIncreaseDecrease' xlink:to='loc_GoodwillOtherChanges' xlink:type='arc' />
<calculationArc order='70' weight='-1.0' xlink:arcrole='http://www.xbrl.org/2003/arcrole/summation-item' xlink:from='loc_GoodwillPeriodIncreaseDecrease' xlink:to='loc_GoodwillSubsequentRecognitionOfDeferredTaxAsset' xlink:type='arc' />
<calculationArc order='10' weight='1.0' xlink:arcrole='http://www.xbrl.org/2003/arcrole/summation-item' xlink:from='loc_IndefiniteLivedIntangibleAssetsPeriodIncreaseDecrease' xlink:to='loc_IndefiniteLivedIntangibleAssetsAcquiredDuringPeriod' xlink:type='arc' />
<calculationArc order='20' weight='-1.0' xlink:arcrole='http://www.xbrl.org/2003/arcrole/summation-item' xlink:from='loc_IndefiniteLivedIntangibleAssetsPeriodIncreaseDecrease' xlink:to='loc_IndefiniteLivedIntangibleAssetsImpairmentLosses' xlink:type='arc' />
<calculationArc order='30' weight='-1.0' xlink:arcrole='http://www.xbrl.org/2003/arcrole/summation-item' xlink:from='loc_IndefiniteLivedIntangibleAssetsPeriodIncreaseDecrease' xlink:to='loc_IndefiniteLivedIntangibleAssetsWrittenOffRelatedToSaleOfBusinessUnit' xlink:type='arc' />
<calculationArc order='40' weight='1.0' xlink:arcrole='http://www.xbrl.org/2003/arcrole/summation-item' xlink:from='loc_IndefiniteLivedIntangibleAssetsPeriodIncreaseDecrease' xlink:to='loc_IndefiniteLivedIntangibleAssetsTranslationAndPurchaseAccountingAdjustments' xlink:type='arc' />
</calculationLink>
</link:linkbase>
