<?xml version="1.0" encoding="UTF-8" standalone="no"?>

<!--
(c) XBRL US, Inc. 2007-2010; Financial Accounting Foundation, Inc. 2010-2011.  All Rights Reserved.
Notice: Authorized Uses are Set Forth at http://xbrl.fasb.org/terms/TaxonomiesTermsConditions.html
  -->
<link:linkbase xmlns:link='http://www.xbrl.org/2003/linkbase' xmlns:xbrldt='http://xbrl.org/2005/xbrldt' xmlns:xlink='http://www.w3.org/1999/xlink' xmlns:xsi='http://www.w3.org/2001/XMLSchema-instance' xsi:schemaLocation='http://www.xbrl.org/2003/linkbase http://www.xbrl.org/2003/xbrl-linkbase-2003-12-31.xsd'>
<link:roleRef roleURI='http://fasb.org/us-gaap/role/disclosure/IncomeTaxesDeferredTaxLiabilityNotRecognizedTable' xlink:href='../elts/us-roles-2011-01-31.xsd#IncomeTaxesDeferredTaxLiabilityNotRecognizedTable' xlink:type='simple' />
<link:roleRef roleURI='http://fasb.org/us-gaap/role/disclosure/IncomeTaxesIncomeTaxContingencyTable' xlink:href='../elts/us-roles-2011-01-31.xsd#IncomeTaxesIncomeTaxContingencyTable' xlink:type='simple' />
<link:roleRef roleURI='http://fasb.org/us-gaap/role/disclosure/IncomeTaxesIncomeTaxExaminationTable' xlink:href='../elts/us-roles-2011-01-31.xsd#IncomeTaxesIncomeTaxExaminationTable' xlink:type='simple' />
<link:roleRef roleURI='http://fasb.org/us-gaap/role/disclosure/IncomeTaxesIncomeTaxHolidayTable' xlink:href='../elts/us-roles-2011-01-31.xsd#IncomeTaxesIncomeTaxHolidayTable' xlink:type='simple' />
<link:roleRef roleURI='http://fasb.org/us-gaap/role/disclosure/IncomeTaxesSignificantChangeInUnrecognizedTaxBenefitsIsReasonablyPossibleTable' xlink:href='../elts/us-roles-2011-01-31.xsd#IncomeTaxesSignificantChangeInUnrecognizedTaxBenefitsIsReasonablyPossibleTable' xlink:type='simple' />
<link:roleRef roleURI='http://fasb.org/us-gaap/role/disclosure/IncomeTaxesOtherTaxCarryforwardTable' xlink:href='../elts/us-roles-2011-01-31.xsd#IncomeTaxesOtherTaxCarryforwardTable' xlink:type='simple' />
<link:roleRef roleURI='http://fasb.org/us-gaap/role/disclosure/IncomeTaxesTaxCreditCarryforwardTable' xlink:href='../elts/us-roles-2011-01-31.xsd#IncomeTaxesTaxCreditCarryforwardTable' xlink:type='simple' />
<link:roleRef roleURI='http://fasb.org/us-gaap/role/disclosure/IncomeTaxesValuationAllowanceTable' xlink:href='../elts/us-roles-2011-01-31.xsd#IncomeTaxesValuationAllowanceTable' xlink:type='simple' />
<link:roleRef roleURI='http://fasb.org/us-gaap/role/disclosure/IncomeTaxesOperatingLossCarryforwardsTable' xlink:href='../elts/us-roles-2011-01-31.xsd#IncomeTaxesOperatingLossCarryforwardsTable' xlink:type='simple' />
<link:arcroleRef arcroleURI='http://xbrl.org/int/dim/arcrole/all' xlink:href='http://www.xbrl.org/2005/xbrldt-2005.xsd#all' xlink:type='simple' />
<link:arcroleRef arcroleURI='http://xbrl.org/int/dim/arcrole/hypercube-dimension' xlink:href='http://www.xbrl.org/2005/xbrldt-2005.xsd#hypercube-dimension' xlink:type='simple' />
<link:arcroleRef arcroleURI='http://xbrl.org/int/dim/arcrole/dimension-domain' xlink:href='http://www.xbrl.org/2005/xbrldt-2005.xsd#dimension-domain' xlink:type='simple' />
<link:arcroleRef arcroleURI='http://xbrl.org/int/dim/arcrole/dimension-default' xlink:href='http://www.xbrl.org/2005/xbrldt-2005.xsd#dimension-default' xlink:type='simple' />
<link:arcroleRef arcroleURI='http://xbrl.org/int/dim/arcrole/domain-member' xlink:href='http://www.xbrl.org/2005/xbrldt-2005.xsd#domain-member' xlink:type='simple' />
<!--Definition relationships for table ValuationAllowanceTable in presentation http://fasb.org/us-gaap/role/disclosure/IncomeTaxes-->
<link:definitionLink xlink:role='http://fasb.org/us-gaap/role/disclosure/IncomeTaxesValuationAllowanceTable' xlink:type='extended'>
<link:loc xlink:href='../elts/us-gaap-2011-01-31.xsd#us-gaap_ValuationAllowanceTable' xlink:label='loc_ValuationAllowanceTable' xlink:type='locator' />
<link:loc xlink:href='../elts/us-gaap-2011-01-31.xsd#us-gaap_ValuationAllowanceLineItems' xlink:label='loc_ValuationAllowanceLineItems' xlink:type='locator' />
<link:definitionArc order='1.0' xbrldt:closed='true' xbrldt:contextElement='segment' xlink:arcrole='http://xbrl.org/int/dim/arcrole/all' xlink:from='loc_ValuationAllowanceLineItems' xlink:to='loc_ValuationAllowanceTable' xlink:type='arc' />
</link:definitionLink>
<link:definitionLink xlink:role='http://fasb.org/us-gaap/role/disclosure/IncomeTaxesValuationAllowanceTable' xlink:type='extended'>
<link:loc xlink:href='../elts/us-gaap-2011-01-31.xsd#us-gaap_ValuationAllowanceTable' xlink:label='loc_ValuationAllowanceTable' xlink:type='locator' />
<link:loc xlink:href='../elts/us-gaap-2011-01-31.xsd#us-gaap_ValuationAllowanceByDeferredTaxAssetAxis' xlink:label='loc_ValuationAllowanceByDeferredTaxAssetAxis' xlink:type='locator' />
<link:definitionArc order='1.0' xlink:arcrole='http://xbrl.org/int/dim/arcrole/hypercube-dimension' xlink:from='loc_ValuationAllowanceTable' xlink:to='loc_ValuationAllowanceByDeferredTaxAssetAxis' xlink:type='arc' />
</link:definitionLink>
<link:definitionLink xlink:role='http://fasb.org/us-gaap/role/disclosure/IncomeTaxesValuationAllowanceTable' xlink:type='extended'>
<link:loc xlink:href='../elts/us-gaap-2011-01-31.xsd#us-gaap_ValuationAllowanceByDeferredTaxAssetAxis' xlink:label='loc_ValuationAllowanceByDeferredTaxAssetAxis' xlink:type='locator' />
<link:loc xlink:href='../elts/us-gaap-2011-01-31.xsd#us-gaap_DeferredTaxAssetDomain' xlink:label='loc_DeferredTaxAssetDomain' xlink:type='locator' />
<link:definitionArc order='1.0' xlink:arcrole='http://xbrl.org/int/dim/arcrole/dimension-domain' xlink:from='loc_ValuationAllowanceByDeferredTaxAssetAxis' xlink:to='loc_DeferredTaxAssetDomain' xlink:type='arc' />
</link:definitionLink>
<link:definitionLink xlink:role='http://fasb.org/us-gaap/role/disclosure/IncomeTaxesValuationAllowanceTable' xlink:type='extended'>
<link:loc xlink:href='../elts/us-gaap-2011-01-31.xsd#us-gaap_ValuationAllowanceByDeferredTaxAssetAxis' xlink:label='loc_ValuationAllowanceByDeferredTaxAssetAxis' xlink:type='locator' />
<link:loc xlink:href='../elts/us-gaap-2011-01-31.xsd#us-gaap_DeferredTaxAssetDomain' xlink:label='loc_DeferredTaxAssetDomain' xlink:type='locator' />
<link:definitionArc order='1.0' xlink:arcrole='http://xbrl.org/int/dim/arcrole/dimension-default' xlink:from='loc_ValuationAllowanceByDeferredTaxAssetAxis' xlink:to='loc_DeferredTaxAssetDomain' xlink:type='arc' />
</link:definitionLink>
<link:definitionLink xlink:role='http://fasb.org/us-gaap/role/disclosure/IncomeTaxesValuationAllowanceTable' xlink:type='extended'>
<link:loc xlink:href='../elts/us-gaap-2011-01-31.xsd#us-gaap_ValuationAllowanceLineItems' xlink:label='loc_ValuationAllowanceLineItems' xlink:type='locator' />
<link:loc xlink:href='../elts/us-gaap-2011-01-31.xsd#us-gaap_ValuationAllowanceCommentary' xlink:label='loc_ValuationAllowanceCommentary' xlink:type='locator' />
<link:loc xlink:href='../elts/us-gaap-2011-01-31.xsd#us-gaap_ValuationAllowanceAmount' xlink:label='loc_ValuationAllowanceAmount' xlink:type='locator' />
<link:loc xlink:href='../elts/us-gaap-2011-01-31.xsd#us-gaap_ValuationAllowanceDeferredTaxAssetExplanationOfChange' xlink:label='loc_ValuationAllowanceDeferredTaxAssetExplanationOfChange' xlink:type='locator' />
<link:loc xlink:href='../elts/us-gaap-2011-01-31.xsd#us-gaap_ValuationAllowanceDeferredTaxAssetChangeInAmount' xlink:label='loc_ValuationAllowanceDeferredTaxAssetChangeInAmount' xlink:type='locator' />
<link:definitionArc order='1.0' xlink:arcrole='http://xbrl.org/int/dim/arcrole/domain-member' xlink:from='loc_ValuationAllowanceLineItems' xlink:to='loc_ValuationAllowanceCommentary' xlink:type='arc' />
<link:definitionArc order='2.0' xlink:arcrole='http://xbrl.org/int/dim/arcrole/domain-member' xlink:from='loc_ValuationAllowanceLineItems' xlink:to='loc_ValuationAllowanceAmount' xlink:type='arc' />
<link:definitionArc order='3.0' xlink:arcrole='http://xbrl.org/int/dim/arcrole/domain-member' xlink:from='loc_ValuationAllowanceLineItems' xlink:to='loc_ValuationAllowanceDeferredTaxAssetExplanationOfChange' xlink:type='arc' />
<link:definitionArc order='4.0' xlink:arcrole='http://xbrl.org/int/dim/arcrole/domain-member' xlink:from='loc_ValuationAllowanceLineItems' xlink:to='loc_ValuationAllowanceDeferredTaxAssetChangeInAmount' xlink:type='arc' />
</link:definitionLink>
<!--Definition relationships for table OperatingLossCarryforwardsTable in presentation http://fasb.org/us-gaap/role/disclosure/IncomeTaxes-->
<link:definitionLink xlink:role='http://fasb.org/us-gaap/role/disclosure/IncomeTaxesOperatingLossCarryforwardsTable' xlink:type='extended'>
<link:loc xlink:href='../elts/us-gaap-2011-01-31.xsd#us-gaap_OperatingLossCarryforwardsTable' xlink:label='loc_OperatingLossCarryforwardsTable' xlink:type='locator' />
<link:loc xlink:href='../elts/us-gaap-2011-01-31.xsd#us-gaap_OperatingLossCarryforwardsLineItems' xlink:label='loc_OperatingLossCarryforwardsLineItems' xlink:type='locator' />
<link:definitionArc order='1.0' xbrldt:closed='true' xbrldt:contextElement='segment' xlink:arcrole='http://xbrl.org/int/dim/arcrole/all' xlink:from='loc_OperatingLossCarryforwardsLineItems' xlink:to='loc_OperatingLossCarryforwardsTable' xlink:type='arc' />
</link:definitionLink>
<link:definitionLink xlink:role='http://fasb.org/us-gaap/role/disclosure/IncomeTaxesOperatingLossCarryforwardsTable' xlink:type='extended'>
<link:loc xlink:href='../elts/us-gaap-2011-01-31.xsd#us-gaap_OperatingLossCarryforwardsTable' xlink:label='loc_OperatingLossCarryforwardsTable' xlink:type='locator' />
<link:loc xlink:href='../elts/us-gaap-2011-01-31.xsd#us-gaap_IncomeTaxAuthorityAxis' xlink:label='loc_IncomeTaxAuthorityAxis' xlink:type='locator' />
<link:definitionArc order='1.0' xlink:arcrole='http://xbrl.org/int/dim/arcrole/hypercube-dimension' xlink:from='loc_OperatingLossCarryforwardsTable' xlink:to='loc_IncomeTaxAuthorityAxis' xlink:type='arc' />
</link:definitionLink>
<link:definitionLink xlink:role='http://fasb.org/us-gaap/role/disclosure/IncomeTaxesOperatingLossCarryforwardsTable' xlink:type='extended'>
<link:loc xlink:href='../elts/us-gaap-2011-01-31.xsd#us-gaap_IncomeTaxAuthorityAxis' xlink:label='loc_IncomeTaxAuthorityAxis' xlink:type='locator' />
<link:loc xlink:href='../elts/us-gaap-2011-01-31.xsd#us-gaap_IncomeTaxAuthorityDomain' xlink:label='loc_IncomeTaxAuthorityDomain' xlink:type='locator' />
<link:definitionArc order='1.0' xlink:arcrole='http://xbrl.org/int/dim/arcrole/dimension-domain' xlink:from='loc_IncomeTaxAuthorityAxis' xlink:to='loc_IncomeTaxAuthorityDomain' xlink:type='arc' />
</link:definitionLink>
<link:definitionLink xlink:role='http://fasb.org/us-gaap/role/disclosure/IncomeTaxesOperatingLossCarryforwardsTable' xlink:type='extended'>
<link:loc xlink:href='../elts/us-gaap-2011-01-31.xsd#us-gaap_IncomeTaxAuthorityAxis' xlink:label='loc_IncomeTaxAuthorityAxis' xlink:type='locator' />
<link:loc xlink:href='../elts/us-gaap-2011-01-31.xsd#us-gaap_IncomeTaxAuthorityDomain' xlink:label='loc_IncomeTaxAuthorityDomain' xlink:type='locator' />
<link:definitionArc order='1.0' xlink:arcrole='http://xbrl.org/int/dim/arcrole/dimension-default' xlink:from='loc_IncomeTaxAuthorityAxis' xlink:to='loc_IncomeTaxAuthorityDomain' xlink:type='arc' />
</link:definitionLink>
<link:definitionLink xlink:role='http://fasb.org/us-gaap/role/disclosure/IncomeTaxesOperatingLossCarryforwardsTable' xlink:type='extended'>
<link:loc xlink:href='../elts/us-gaap-2011-01-31.xsd#us-gaap_OperatingLossCarryforwardsLineItems' xlink:label='loc_OperatingLossCarryforwardsLineItems' xlink:type='locator' />
<link:loc xlink:href='../elts/us-gaap-2011-01-31.xsd#us-gaap_OperatingLossCarryforwards' xlink:label='loc_OperatingLossCarryforwards' xlink:type='locator' />
<link:loc xlink:href='../elts/us-gaap-2011-01-31.xsd#us-gaap_OperatingLossCarryforwardsExpirationDates' xlink:label='loc_OperatingLossCarryforwardsExpirationDates' xlink:type='locator' />
<link:loc xlink:href='../elts/us-gaap-2011-01-31.xsd#us-gaap_OperatingLossCarryforwardsLimitationsOnUse' xlink:label='loc_OperatingLossCarryforwardsLimitationsOnUse' xlink:type='locator' />
<link:loc xlink:href='../elts/us-gaap-2011-01-31.xsd#us-gaap_DeferredTaxAssetsOperatingLossCarryforwards' xlink:label='loc_DeferredTaxAssetsOperatingLossCarryforwards' xlink:type='locator' />
<link:loc xlink:href='../elts/us-gaap-2011-01-31.xsd#us-gaap_OperatingLossCarryforwardsValuationAllowance' xlink:label='loc_OperatingLossCarryforwardsValuationAllowance' xlink:type='locator' />
<link:definitionArc order='1.0' xlink:arcrole='http://xbrl.org/int/dim/arcrole/domain-member' xlink:from='loc_OperatingLossCarryforwardsLineItems' xlink:to='loc_OperatingLossCarryforwards' xlink:type='arc' />
<link:definitionArc order='2.0' xlink:arcrole='http://xbrl.org/int/dim/arcrole/domain-member' xlink:from='loc_OperatingLossCarryforwardsLineItems' xlink:to='loc_OperatingLossCarryforwardsExpirationDates' xlink:type='arc' />
<link:definitionArc order='3.0' xlink:arcrole='http://xbrl.org/int/dim/arcrole/domain-member' xlink:from='loc_OperatingLossCarryforwardsLineItems' xlink:to='loc_OperatingLossCarryforwardsLimitationsOnUse' xlink:type='arc' />
<link:definitionArc order='4.0' xlink:arcrole='http://xbrl.org/int/dim/arcrole/domain-member' xlink:from='loc_OperatingLossCarryforwardsLineItems' xlink:to='loc_DeferredTaxAssetsOperatingLossCarryforwards' xlink:type='arc' />
<link:definitionArc order='5.0' xlink:arcrole='http://xbrl.org/int/dim/arcrole/domain-member' xlink:from='loc_OperatingLossCarryforwardsLineItems' xlink:to='loc_OperatingLossCarryforwardsValuationAllowance' xlink:type='arc' />
</link:definitionLink>
<link:definitionLink xlink:role='http://fasb.org/us-gaap/role/disclosure/IncomeTaxesOperatingLossCarryforwardsTable' xlink:type='extended'>
<link:loc xlink:href='../elts/us-gaap-2011-01-31.xsd#us-gaap_IncomeTaxAuthorityDomain' xlink:label='loc_IncomeTaxAuthorityDomain' xlink:type='locator' />
<link:loc xlink:href='../elts/us-gaap-2011-01-31.xsd#us-gaap_InternalRevenueServiceIRSMember' xlink:label='loc_InternalRevenueServiceIRSMember' xlink:type='locator' />
<link:loc xlink:href='../elts/us-gaap-2011-01-31.xsd#us-gaap_DomesticCountryMember' xlink:label='loc_DomesticCountryMember' xlink:type='locator' />
<link:loc xlink:href='../elts/us-gaap-2011-01-31.xsd#us-gaap_ForeignCountryMember' xlink:label='loc_ForeignCountryMember' xlink:type='locator' />
<link:loc xlink:href='../elts/us-gaap-2011-01-31.xsd#us-gaap_StateAndLocalJurisdictionMember' xlink:label='loc_StateAndLocalJurisdictionMember' xlink:type='locator' />
<link:definitionArc order='1.0' xlink:arcrole='http://xbrl.org/int/dim/arcrole/domain-member' xlink:from='loc_IncomeTaxAuthorityDomain' xlink:to='loc_InternalRevenueServiceIRSMember' xlink:type='arc' />
<link:definitionArc order='2.0' xlink:arcrole='http://xbrl.org/int/dim/arcrole/domain-member' xlink:from='loc_IncomeTaxAuthorityDomain' xlink:to='loc_DomesticCountryMember' xlink:type='arc' />
<link:definitionArc order='3.0' xlink:arcrole='http://xbrl.org/int/dim/arcrole/domain-member' xlink:from='loc_IncomeTaxAuthorityDomain' xlink:to='loc_ForeignCountryMember' xlink:type='arc' />
<link:definitionArc order='4.0' xlink:arcrole='http://xbrl.org/int/dim/arcrole/domain-member' xlink:from='loc_IncomeTaxAuthorityDomain' xlink:to='loc_StateAndLocalJurisdictionMember' xlink:type='arc' />
</link:definitionLink>
<!--Definition relationships for table TaxCreditCarryforwardTable in presentation http://fasb.org/us-gaap/role/disclosure/IncomeTaxes-->
<link:definitionLink xlink:role='http://fasb.org/us-gaap/role/disclosure/IncomeTaxesTaxCreditCarryforwardTable' xlink:type='extended'>
<link:loc xlink:href='../elts/us-gaap-2011-01-31.xsd#us-gaap_TaxCreditCarryforwardTable' xlink:label='loc_TaxCreditCarryforwardTable' xlink:type='locator' />
<link:loc xlink:href='../elts/us-gaap-2011-01-31.xsd#us-gaap_TaxCreditCarryforwardLineItems' xlink:label='loc_TaxCreditCarryforwardLineItems' xlink:type='locator' />
<link:definitionArc order='1.0' xbrldt:closed='true' xbrldt:contextElement='segment' xlink:arcrole='http://xbrl.org/int/dim/arcrole/all' xlink:from='loc_TaxCreditCarryforwardLineItems' xlink:to='loc_TaxCreditCarryforwardTable' xlink:type='arc' />
</link:definitionLink>
<link:definitionLink xlink:role='http://fasb.org/us-gaap/role/disclosure/IncomeTaxesTaxCreditCarryforwardTable' xlink:type='extended'>
<link:loc xlink:href='../elts/us-gaap-2011-01-31.xsd#us-gaap_TaxCreditCarryforwardTable' xlink:label='loc_TaxCreditCarryforwardTable' xlink:type='locator' />
<link:loc xlink:href='../elts/us-gaap-2011-01-31.xsd#us-gaap_TaxCreditCarryforwardAxis' xlink:label='loc_TaxCreditCarryforwardAxis' xlink:type='locator' />
<link:definitionArc order='1.0' xlink:arcrole='http://xbrl.org/int/dim/arcrole/hypercube-dimension' xlink:from='loc_TaxCreditCarryforwardTable' xlink:to='loc_TaxCreditCarryforwardAxis' xlink:type='arc' />
</link:definitionLink>
<link:definitionLink xlink:role='http://fasb.org/us-gaap/role/disclosure/IncomeTaxesTaxCreditCarryforwardTable' xlink:type='extended'>
<link:loc xlink:href='../elts/us-gaap-2011-01-31.xsd#us-gaap_TaxCreditCarryforwardAxis' xlink:label='loc_TaxCreditCarryforwardAxis' xlink:type='locator' />
<link:loc xlink:href='../elts/us-gaap-2011-01-31.xsd#us-gaap_TaxCreditCarryforwardNameDomain' xlink:label='loc_TaxCreditCarryforwardNameDomain' xlink:type='locator' />
<link:definitionArc order='1.0' xlink:arcrole='http://xbrl.org/int/dim/arcrole/dimension-domain' xlink:from='loc_TaxCreditCarryforwardAxis' xlink:to='loc_TaxCreditCarryforwardNameDomain' xlink:type='arc' />
</link:definitionLink>
<link:definitionLink xlink:role='http://fasb.org/us-gaap/role/disclosure/IncomeTaxesTaxCreditCarryforwardTable' xlink:type='extended'>
<link:loc xlink:href='../elts/us-gaap-2011-01-31.xsd#us-gaap_TaxCreditCarryforwardAxis' xlink:label='loc_TaxCreditCarryforwardAxis' xlink:type='locator' />
<link:loc xlink:href='../elts/us-gaap-2011-01-31.xsd#us-gaap_TaxCreditCarryforwardNameDomain' xlink:label='loc_TaxCreditCarryforwardNameDomain' xlink:type='locator' />
<link:definitionArc order='1.0' xlink:arcrole='http://xbrl.org/int/dim/arcrole/dimension-default' xlink:from='loc_TaxCreditCarryforwardAxis' xlink:to='loc_TaxCreditCarryforwardNameDomain' xlink:type='arc' />
</link:definitionLink>
<link:definitionLink xlink:role='http://fasb.org/us-gaap/role/disclosure/IncomeTaxesTaxCreditCarryforwardTable' xlink:type='extended'>
<link:loc xlink:href='../elts/us-gaap-2011-01-31.xsd#us-gaap_TaxCreditCarryforwardLineItems' xlink:label='loc_TaxCreditCarryforwardLineItems' xlink:type='locator' />
<link:loc xlink:href='../elts/us-gaap-2011-01-31.xsd#us-gaap_TaxCreditCarryforwardDescription' xlink:label='loc_TaxCreditCarryforwardDescription' xlink:type='locator' />
<link:loc xlink:href='../elts/us-gaap-2011-01-31.xsd#us-gaap_TaxCreditCarryforwardAmount' xlink:label='loc_TaxCreditCarryforwardAmount' xlink:type='locator' />
<link:loc xlink:href='../elts/us-gaap-2011-01-31.xsd#us-gaap_TaxCreditCarryforwardExpirationDates' xlink:label='loc_TaxCreditCarryforwardExpirationDates' xlink:type='locator' />
<link:loc xlink:href='../elts/us-gaap-2011-01-31.xsd#us-gaap_TaxCreditCarryforwardLimitationsOnUse' xlink:label='loc_TaxCreditCarryforwardLimitationsOnUse' xlink:type='locator' />
<link:loc xlink:href='../elts/us-gaap-2011-01-31.xsd#us-gaap_TaxCreditCarryforwardDeferredTaxAsset' xlink:label='loc_TaxCreditCarryforwardDeferredTaxAsset' xlink:type='locator' />
<link:loc xlink:href='../elts/us-gaap-2011-01-31.xsd#us-gaap_TaxCreditCarryforwardValuationAllowance' xlink:label='loc_TaxCreditCarryforwardValuationAllowance' xlink:type='locator' />
<link:definitionArc order='1.0' xlink:arcrole='http://xbrl.org/int/dim/arcrole/domain-member' xlink:from='loc_TaxCreditCarryforwardLineItems' xlink:to='loc_TaxCreditCarryforwardDescription' xlink:type='arc' />
<link:definitionArc order='2.0' xlink:arcrole='http://xbrl.org/int/dim/arcrole/domain-member' xlink:from='loc_TaxCreditCarryforwardLineItems' xlink:to='loc_TaxCreditCarryforwardAmount' xlink:type='arc' />
<link:definitionArc order='3.0' xlink:arcrole='http://xbrl.org/int/dim/arcrole/domain-member' xlink:from='loc_TaxCreditCarryforwardLineItems' xlink:to='loc_TaxCreditCarryforwardExpirationDates' xlink:type='arc' />
<link:definitionArc order='4.0' xlink:arcrole='http://xbrl.org/int/dim/arcrole/domain-member' xlink:from='loc_TaxCreditCarryforwardLineItems' xlink:to='loc_TaxCreditCarryforwardLimitationsOnUse' xlink:type='arc' />
<link:definitionArc order='5.0' xlink:arcrole='http://xbrl.org/int/dim/arcrole/domain-member' xlink:from='loc_TaxCreditCarryforwardLineItems' xlink:to='loc_TaxCreditCarryforwardDeferredTaxAsset' xlink:type='arc' />
<link:definitionArc order='6.0' xlink:arcrole='http://xbrl.org/int/dim/arcrole/domain-member' xlink:from='loc_TaxCreditCarryforwardLineItems' xlink:to='loc_TaxCreditCarryforwardValuationAllowance' xlink:type='arc' />
</link:definitionLink>
<link:definitionLink xlink:role='http://fasb.org/us-gaap/role/disclosure/IncomeTaxesTaxCreditCarryforwardTable' xlink:type='extended'>
<link:loc xlink:href='../elts/us-gaap-2011-01-31.xsd#us-gaap_TaxCreditCarryforwardNameDomain' xlink:label='loc_TaxCreditCarryforwardNameDomain' xlink:type='locator' />
<link:loc xlink:href='../elts/us-gaap-2011-01-31.xsd#us-gaap_GeneralBusinessMember' xlink:label='loc_GeneralBusinessMember' xlink:type='locator' />
<link:loc xlink:href='../elts/us-gaap-2011-01-31.xsd#us-gaap_ResearchMember' xlink:label='loc_ResearchMember' xlink:type='locator' />
<link:loc xlink:href='../elts/us-gaap-2011-01-31.xsd#us-gaap_InvestmentCreditMember' xlink:label='loc_InvestmentCreditMember' xlink:type='locator' />
<link:definitionArc order='1.0' xlink:arcrole='http://xbrl.org/int/dim/arcrole/domain-member' xlink:from='loc_TaxCreditCarryforwardNameDomain' xlink:to='loc_GeneralBusinessMember' xlink:type='arc' />
<link:definitionArc order='2.0' xlink:arcrole='http://xbrl.org/int/dim/arcrole/domain-member' xlink:from='loc_TaxCreditCarryforwardNameDomain' xlink:to='loc_ResearchMember' xlink:type='arc' />
<link:definitionArc order='3.0' xlink:arcrole='http://xbrl.org/int/dim/arcrole/domain-member' xlink:from='loc_TaxCreditCarryforwardNameDomain' xlink:to='loc_InvestmentCreditMember' xlink:type='arc' />
</link:definitionLink>
<!--Definition relationships for table OtherTaxCarryforwardTable in presentation http://fasb.org/us-gaap/role/disclosure/IncomeTaxes-->
<link:definitionLink xlink:role='http://fasb.org/us-gaap/role/disclosure/IncomeTaxesOtherTaxCarryforwardTable' xlink:type='extended'>
<link:loc xlink:href='../elts/us-gaap-2011-01-31.xsd#us-gaap_OtherTaxCarryforwardTable' xlink:label='loc_OtherTaxCarryforwardTable' xlink:type='locator' />
<link:loc xlink:href='../elts/us-gaap-2011-01-31.xsd#us-gaap_OtherTaxCarryforwardLineItems' xlink:label='loc_OtherTaxCarryforwardLineItems' xlink:type='locator' />
<link:definitionArc order='1.0' xbrldt:closed='true' xbrldt:contextElement='segment' xlink:arcrole='http://xbrl.org/int/dim/arcrole/all' xlink:from='loc_OtherTaxCarryforwardLineItems' xlink:to='loc_OtherTaxCarryforwardTable' xlink:type='arc' />
</link:definitionLink>
<link:definitionLink xlink:role='http://fasb.org/us-gaap/role/disclosure/IncomeTaxesOtherTaxCarryforwardTable' xlink:type='extended'>
<link:loc xlink:href='../elts/us-gaap-2011-01-31.xsd#us-gaap_OtherTaxCarryforwardTable' xlink:label='loc_OtherTaxCarryforwardTable' xlink:type='locator' />
<link:loc xlink:href='../elts/us-gaap-2011-01-31.xsd#us-gaap_OtherTaxCarryforwardDataByItemAxis' xlink:label='loc_OtherTaxCarryforwardDataByItemAxis' xlink:type='locator' />
<link:definitionArc order='1.0' xlink:arcrole='http://xbrl.org/int/dim/arcrole/hypercube-dimension' xlink:from='loc_OtherTaxCarryforwardTable' xlink:to='loc_OtherTaxCarryforwardDataByItemAxis' xlink:type='arc' />
</link:definitionLink>
<link:definitionLink xlink:role='http://fasb.org/us-gaap/role/disclosure/IncomeTaxesOtherTaxCarryforwardTable' xlink:type='extended'>
<link:loc xlink:href='../elts/us-gaap-2011-01-31.xsd#us-gaap_OtherTaxCarryforwardDataByItemAxis' xlink:label='loc_OtherTaxCarryforwardDataByItemAxis' xlink:type='locator' />
<link:loc xlink:href='../elts/us-gaap-2011-01-31.xsd#us-gaap_OtherTaxCarryforwardNameDomain' xlink:label='loc_OtherTaxCarryforwardNameDomain' xlink:type='locator' />
<link:definitionArc order='1.0' xlink:arcrole='http://xbrl.org/int/dim/arcrole/dimension-domain' xlink:from='loc_OtherTaxCarryforwardDataByItemAxis' xlink:to='loc_OtherTaxCarryforwardNameDomain' xlink:type='arc' />
</link:definitionLink>
<link:definitionLink xlink:role='http://fasb.org/us-gaap/role/disclosure/IncomeTaxesOtherTaxCarryforwardTable' xlink:type='extended'>
<link:loc xlink:href='../elts/us-gaap-2011-01-31.xsd#us-gaap_OtherTaxCarryforwardDataByItemAxis' xlink:label='loc_OtherTaxCarryforwardDataByItemAxis' xlink:type='locator' />
<link:loc xlink:href='../elts/us-gaap-2011-01-31.xsd#us-gaap_OtherTaxCarryforwardNameDomain' xlink:label='loc_OtherTaxCarryforwardNameDomain' xlink:type='locator' />
<link:definitionArc order='1.0' xlink:arcrole='http://xbrl.org/int/dim/arcrole/dimension-default' xlink:from='loc_OtherTaxCarryforwardDataByItemAxis' xlink:to='loc_OtherTaxCarryforwardNameDomain' xlink:type='arc' />
</link:definitionLink>
<link:definitionLink xlink:role='http://fasb.org/us-gaap/role/disclosure/IncomeTaxesOtherTaxCarryforwardTable' xlink:type='extended'>
<link:loc xlink:href='../elts/us-gaap-2011-01-31.xsd#us-gaap_OtherTaxCarryforwardLineItems' xlink:label='loc_OtherTaxCarryforwardLineItems' xlink:type='locator' />
<link:loc xlink:href='../elts/us-gaap-2011-01-31.xsd#us-gaap_OtherTaxCarryforwardDescription' xlink:label='loc_OtherTaxCarryforwardDescription' xlink:type='locator' />
<link:loc xlink:href='../elts/us-gaap-2011-01-31.xsd#us-gaap_OtherTaxCarryforwardGrossAmount' xlink:label='loc_OtherTaxCarryforwardGrossAmount' xlink:type='locator' />
<link:loc xlink:href='../elts/us-gaap-2011-01-31.xsd#us-gaap_OtherTaxCarryforwardExpirationDates' xlink:label='loc_OtherTaxCarryforwardExpirationDates' xlink:type='locator' />
<link:loc xlink:href='../elts/us-gaap-2011-01-31.xsd#us-gaap_OtherTaxCarryforwardLimitationsOnUse' xlink:label='loc_OtherTaxCarryforwardLimitationsOnUse' xlink:type='locator' />
<link:loc xlink:href='../elts/us-gaap-2011-01-31.xsd#us-gaap_OtherTaxCarryforwardDeferredTaxAsset' xlink:label='loc_OtherTaxCarryforwardDeferredTaxAsset' xlink:type='locator' />
<link:loc xlink:href='../elts/us-gaap-2011-01-31.xsd#us-gaap_OtherTaxCarryforwardValuationAllowance' xlink:label='loc_OtherTaxCarryforwardValuationAllowance' xlink:type='locator' />
<link:definitionArc order='1.0' xlink:arcrole='http://xbrl.org/int/dim/arcrole/domain-member' xlink:from='loc_OtherTaxCarryforwardLineItems' xlink:to='loc_OtherTaxCarryforwardDescription' xlink:type='arc' />
<link:definitionArc order='2.0' xlink:arcrole='http://xbrl.org/int/dim/arcrole/domain-member' xlink:from='loc_OtherTaxCarryforwardLineItems' xlink:to='loc_OtherTaxCarryforwardGrossAmount' xlink:type='arc' />
<link:definitionArc order='3.0' xlink:arcrole='http://xbrl.org/int/dim/arcrole/domain-member' xlink:from='loc_OtherTaxCarryforwardLineItems' xlink:to='loc_OtherTaxCarryforwardExpirationDates' xlink:type='arc' />
<link:definitionArc order='4.0' xlink:arcrole='http://xbrl.org/int/dim/arcrole/domain-member' xlink:from='loc_OtherTaxCarryforwardLineItems' xlink:to='loc_OtherTaxCarryforwardLimitationsOnUse' xlink:type='arc' />
<link:definitionArc order='5.0' xlink:arcrole='http://xbrl.org/int/dim/arcrole/domain-member' xlink:from='loc_OtherTaxCarryforwardLineItems' xlink:to='loc_OtherTaxCarryforwardDeferredTaxAsset' xlink:type='arc' />
<link:definitionArc order='6.0' xlink:arcrole='http://xbrl.org/int/dim/arcrole/domain-member' xlink:from='loc_OtherTaxCarryforwardLineItems' xlink:to='loc_OtherTaxCarryforwardValuationAllowance' xlink:type='arc' />
</link:definitionLink>
<!--Definition relationships for table DeferredTaxLiabilityNotRecognizedTable in presentation http://fasb.org/us-gaap/role/disclosure/IncomeTaxes-->
<link:definitionLink xlink:role='http://fasb.org/us-gaap/role/disclosure/IncomeTaxesDeferredTaxLiabilityNotRecognizedTable' xlink:type='extended'>
<link:loc xlink:href='../elts/us-gaap-2011-01-31.xsd#us-gaap_DeferredTaxLiabilityNotRecognizedTable' xlink:label='loc_DeferredTaxLiabilityNotRecognizedTable' xlink:type='locator' />
<link:loc xlink:href='../elts/us-gaap-2011-01-31.xsd#us-gaap_DeferredTaxLiabilityNotRecognizedLineItems' xlink:label='loc_DeferredTaxLiabilityNotRecognizedLineItems' xlink:type='locator' />
<link:definitionArc order='1.0' xbrldt:closed='true' xbrldt:contextElement='segment' xlink:arcrole='http://xbrl.org/int/dim/arcrole/all' xlink:from='loc_DeferredTaxLiabilityNotRecognizedLineItems' xlink:to='loc_DeferredTaxLiabilityNotRecognizedTable' xlink:type='arc' />
</link:definitionLink>
<link:definitionLink xlink:role='http://fasb.org/us-gaap/role/disclosure/IncomeTaxesDeferredTaxLiabilityNotRecognizedTable' xlink:type='extended'>
<link:loc xlink:href='../elts/us-gaap-2011-01-31.xsd#us-gaap_DeferredTaxLiabilityNotRecognizedTable' xlink:label='loc_DeferredTaxLiabilityNotRecognizedTable' xlink:type='locator' />
<link:loc xlink:href='../elts/us-gaap-2011-01-31.xsd#us-gaap_DeferredTaxLiabilityNotRecognizedAxis' xlink:label='loc_DeferredTaxLiabilityNotRecognizedAxis' xlink:type='locator' />
<link:definitionArc order='1.0' xlink:arcrole='http://xbrl.org/int/dim/arcrole/hypercube-dimension' xlink:from='loc_DeferredTaxLiabilityNotRecognizedTable' xlink:to='loc_DeferredTaxLiabilityNotRecognizedAxis' xlink:type='arc' />
</link:definitionLink>
<link:definitionLink xlink:role='http://fasb.org/us-gaap/role/disclosure/IncomeTaxesDeferredTaxLiabilityNotRecognizedTable' xlink:type='extended'>
<link:loc xlink:href='../elts/us-gaap-2011-01-31.xsd#us-gaap_DeferredTaxLiabilityNotRecognizedAxis' xlink:label='loc_DeferredTaxLiabilityNotRecognizedAxis' xlink:type='locator' />
<link:loc xlink:href='../elts/us-gaap-2011-01-31.xsd#us-gaap_DeferredTaxLiabilityNotRecognizedNameOfTemporaryDifferenceDomain' xlink:label='loc_DeferredTaxLiabilityNotRecognizedNameOfTemporaryDifferenceDomain' xlink:type='locator' />
<link:definitionArc order='1.0' xlink:arcrole='http://xbrl.org/int/dim/arcrole/dimension-domain' xlink:from='loc_DeferredTaxLiabilityNotRecognizedAxis' xlink:to='loc_DeferredTaxLiabilityNotRecognizedNameOfTemporaryDifferenceDomain' xlink:type='arc' />
</link:definitionLink>
<link:definitionLink xlink:role='http://fasb.org/us-gaap/role/disclosure/IncomeTaxesDeferredTaxLiabilityNotRecognizedTable' xlink:type='extended'>
<link:loc xlink:href='../elts/us-gaap-2011-01-31.xsd#us-gaap_DeferredTaxLiabilityNotRecognizedAxis' xlink:label='loc_DeferredTaxLiabilityNotRecognizedAxis' xlink:type='locator' />
<link:loc xlink:href='../elts/us-gaap-2011-01-31.xsd#us-gaap_DeferredTaxLiabilityNotRecognizedNameOfTemporaryDifferenceDomain' xlink:label='loc_DeferredTaxLiabilityNotRecognizedNameOfTemporaryDifferenceDomain' xlink:type='locator' />
<link:definitionArc order='1.0' xlink:arcrole='http://xbrl.org/int/dim/arcrole/dimension-default' xlink:from='loc_DeferredTaxLiabilityNotRecognizedAxis' xlink:to='loc_DeferredTaxLiabilityNotRecognizedNameOfTemporaryDifferenceDomain' xlink:type='arc' />
</link:definitionLink>
<link:definitionLink xlink:role='http://fasb.org/us-gaap/role/disclosure/IncomeTaxesDeferredTaxLiabilityNotRecognizedTable' xlink:type='extended'>
<link:loc xlink:href='../elts/us-gaap-2011-01-31.xsd#us-gaap_DeferredTaxLiabilityNotRecognizedLineItems' xlink:label='loc_DeferredTaxLiabilityNotRecognizedLineItems' xlink:type='locator' />
<link:loc xlink:href='../elts/us-gaap-2011-01-31.xsd#us-gaap_DeferredTaxLiabilityNotRecognizedDescriptionOfTemporaryDifference' xlink:label='loc_DeferredTaxLiabilityNotRecognizedDescriptionOfTemporaryDifference' xlink:type='locator' />
<link:loc xlink:href='../elts/us-gaap-2011-01-31.xsd#us-gaap_DeferredTaxLiabilityNotRecognizedEventsThatWouldCauseTemporaryDifferenceToBeTaxable' xlink:label='loc_DeferredTaxLiabilityNotRecognizedEventsThatWouldCauseTemporaryDifferenceToBeTaxable' xlink:type='locator' />
<link:loc xlink:href='../elts/us-gaap-2011-01-31.xsd#us-gaap_DeferredTaxLiabilityNotRecognizedCumulativeAmountOfTemporaryDifference' xlink:label='loc_DeferredTaxLiabilityNotRecognizedCumulativeAmountOfTemporaryDifference' xlink:type='locator' />
<link:loc xlink:href='../elts/us-gaap-2011-01-31.xsd#us-gaap_DeferredTaxLiabilityNotRecognizedAmountOfUnrecognizedDeferredTaxLiability' xlink:label='loc_DeferredTaxLiabilityNotRecognizedAmountOfUnrecognizedDeferredTaxLiability' xlink:type='locator' />
<link:loc xlink:href='../elts/us-gaap-2011-01-31.xsd#us-gaap_DeferredTaxLiabilityNotRecognizedDeterminationOfDeferredTaxLiabilityIsNotPracticable' xlink:label='loc_DeferredTaxLiabilityNotRecognizedDeterminationOfDeferredTaxLiabilityIsNotPracticable' xlink:type='locator' />
<link:definitionArc order='1.0' xlink:arcrole='http://xbrl.org/int/dim/arcrole/domain-member' xlink:from='loc_DeferredTaxLiabilityNotRecognizedLineItems' xlink:to='loc_DeferredTaxLiabilityNotRecognizedDescriptionOfTemporaryDifference' xlink:type='arc' />
<link:definitionArc order='2.0' xlink:arcrole='http://xbrl.org/int/dim/arcrole/domain-member' xlink:from='loc_DeferredTaxLiabilityNotRecognizedLineItems' xlink:to='loc_DeferredTaxLiabilityNotRecognizedEventsThatWouldCauseTemporaryDifferenceToBeTaxable' xlink:type='arc' />
<link:definitionArc order='3.0' xlink:arcrole='http://xbrl.org/int/dim/arcrole/domain-member' xlink:from='loc_DeferredTaxLiabilityNotRecognizedLineItems' xlink:to='loc_DeferredTaxLiabilityNotRecognizedCumulativeAmountOfTemporaryDifference' xlink:type='arc' />
<link:definitionArc order='4.0' xlink:arcrole='http://xbrl.org/int/dim/arcrole/domain-member' xlink:from='loc_DeferredTaxLiabilityNotRecognizedLineItems' xlink:to='loc_DeferredTaxLiabilityNotRecognizedAmountOfUnrecognizedDeferredTaxLiability' xlink:type='arc' />
<link:definitionArc order='5.0' xlink:arcrole='http://xbrl.org/int/dim/arcrole/domain-member' xlink:from='loc_DeferredTaxLiabilityNotRecognizedLineItems' xlink:to='loc_DeferredTaxLiabilityNotRecognizedDeterminationOfDeferredTaxLiabilityIsNotPracticable' xlink:type='arc' />
</link:definitionLink>
<link:definitionLink xlink:role='http://fasb.org/us-gaap/role/disclosure/IncomeTaxesDeferredTaxLiabilityNotRecognizedTable' xlink:type='extended'>
<link:loc xlink:href='../elts/us-gaap-2011-01-31.xsd#us-gaap_DeferredTaxLiabilityNotRecognizedNameOfTemporaryDifferenceDomain' xlink:label='loc_DeferredTaxLiabilityNotRecognizedNameOfTemporaryDifferenceDomain' xlink:type='locator' />
<link:loc xlink:href='../elts/us-gaap-2011-01-31.xsd#us-gaap_InvestmentsInForeignSubsidiariesAndForeignCorporateJointVenturesThatAreEssentiallyPermanentInDurationMember' xlink:label='loc_InvestmentsInForeignSubsidiariesAndForeignCorporateJointVenturesThatAreEssentiallyPermanentInDurationMember' xlink:type='locator' />
<link:loc xlink:href='../elts/us-gaap-2011-01-31.xsd#us-gaap_UndistributedDomesticEarningsMember' xlink:label='loc_UndistributedDomesticEarningsMember' xlink:type='locator' />
<link:loc xlink:href='../elts/us-gaap-2011-01-31.xsd#us-gaap_BadDebtReserveForTaxPurposesOfUSSavingsAndLoanAssociationsOrOtherQualifiedThriftLenderMember' xlink:label='loc_BadDebtReserveForTaxPurposesOfUSSavingsAndLoanAssociationsOrOtherQualifiedThriftLenderMember' xlink:type='locator' />
<link:loc xlink:href='../elts/us-gaap-2011-01-31.xsd#us-gaap_PolicyholdersSurplusOfLifeInsuranceEntityMember' xlink:label='loc_PolicyholdersSurplusOfLifeInsuranceEntityMember' xlink:type='locator' />
<link:definitionArc order='1.0' xlink:arcrole='http://xbrl.org/int/dim/arcrole/domain-member' xlink:from='loc_DeferredTaxLiabilityNotRecognizedNameOfTemporaryDifferenceDomain' xlink:to='loc_InvestmentsInForeignSubsidiariesAndForeignCorporateJointVenturesThatAreEssentiallyPermanentInDurationMember' xlink:type='arc' />
<link:definitionArc order='2.0' xlink:arcrole='http://xbrl.org/int/dim/arcrole/domain-member' xlink:from='loc_DeferredTaxLiabilityNotRecognizedNameOfTemporaryDifferenceDomain' xlink:to='loc_UndistributedDomesticEarningsMember' xlink:type='arc' />
<link:definitionArc order='3.0' xlink:arcrole='http://xbrl.org/int/dim/arcrole/domain-member' xlink:from='loc_DeferredTaxLiabilityNotRecognizedNameOfTemporaryDifferenceDomain' xlink:to='loc_BadDebtReserveForTaxPurposesOfUSSavingsAndLoanAssociationsOrOtherQualifiedThriftLenderMember' xlink:type='arc' />
<link:definitionArc order='4.0' xlink:arcrole='http://xbrl.org/int/dim/arcrole/domain-member' xlink:from='loc_DeferredTaxLiabilityNotRecognizedNameOfTemporaryDifferenceDomain' xlink:to='loc_PolicyholdersSurplusOfLifeInsuranceEntityMember' xlink:type='arc' />
</link:definitionLink>
<!--Definition relationships for table IncomeTaxHolidayTable in presentation http://fasb.org/us-gaap/role/disclosure/IncomeTaxes-->
<link:definitionLink xlink:role='http://fasb.org/us-gaap/role/disclosure/IncomeTaxesIncomeTaxHolidayTable' xlink:type='extended'>
<link:loc xlink:href='../elts/us-gaap-2011-01-31.xsd#us-gaap_IncomeTaxHolidayTable' xlink:label='loc_IncomeTaxHolidayTable' xlink:type='locator' />
<link:loc xlink:href='../elts/us-gaap-2011-01-31.xsd#us-gaap_IncomeTaxHolidayLineItems' xlink:label='loc_IncomeTaxHolidayLineItems' xlink:type='locator' />
<link:definitionArc order='1.0' xbrldt:closed='true' xbrldt:contextElement='segment' xlink:arcrole='http://xbrl.org/int/dim/arcrole/all' xlink:from='loc_IncomeTaxHolidayLineItems' xlink:to='loc_IncomeTaxHolidayTable' xlink:type='arc' />
</link:definitionLink>
<link:definitionLink xlink:role='http://fasb.org/us-gaap/role/disclosure/IncomeTaxesIncomeTaxHolidayTable' xlink:type='extended'>
<link:loc xlink:href='../elts/us-gaap-2011-01-31.xsd#us-gaap_IncomeTaxHolidayTable' xlink:label='loc_IncomeTaxHolidayTable' xlink:type='locator' />
<link:loc xlink:href='../elts/us-gaap-2011-01-31.xsd#us-gaap_IncomeTaxAuthorityAxis' xlink:label='loc_IncomeTaxAuthorityAxis' xlink:type='locator' />
<link:definitionArc order='1.0' xlink:arcrole='http://xbrl.org/int/dim/arcrole/hypercube-dimension' xlink:from='loc_IncomeTaxHolidayTable' xlink:to='loc_IncomeTaxAuthorityAxis' xlink:type='arc' />
</link:definitionLink>
<link:definitionLink xlink:role='http://fasb.org/us-gaap/role/disclosure/IncomeTaxesIncomeTaxHolidayTable' xlink:type='extended'>
<link:loc xlink:href='../elts/us-gaap-2011-01-31.xsd#us-gaap_IncomeTaxAuthorityAxis' xlink:label='loc_IncomeTaxAuthorityAxis' xlink:type='locator' />
<link:loc xlink:href='../elts/us-gaap-2011-01-31.xsd#us-gaap_IncomeTaxAuthorityDomain' xlink:label='loc_IncomeTaxAuthorityDomain' xlink:type='locator' />
<link:definitionArc order='1.0' xlink:arcrole='http://xbrl.org/int/dim/arcrole/dimension-domain' xlink:from='loc_IncomeTaxAuthorityAxis' xlink:to='loc_IncomeTaxAuthorityDomain' xlink:type='arc' />
</link:definitionLink>
<link:definitionLink xlink:role='http://fasb.org/us-gaap/role/disclosure/IncomeTaxesIncomeTaxHolidayTable' xlink:type='extended'>
<link:loc xlink:href='../elts/us-gaap-2011-01-31.xsd#us-gaap_IncomeTaxAuthorityAxis' xlink:label='loc_IncomeTaxAuthorityAxis' xlink:type='locator' />
<link:loc xlink:href='../elts/us-gaap-2011-01-31.xsd#us-gaap_IncomeTaxAuthorityDomain' xlink:label='loc_IncomeTaxAuthorityDomain' xlink:type='locator' />
<link:definitionArc order='1.0' xlink:arcrole='http://xbrl.org/int/dim/arcrole/dimension-default' xlink:from='loc_IncomeTaxAuthorityAxis' xlink:to='loc_IncomeTaxAuthorityDomain' xlink:type='arc' />
</link:definitionLink>
<link:definitionLink xlink:role='http://fasb.org/us-gaap/role/disclosure/IncomeTaxesIncomeTaxHolidayTable' xlink:type='extended'>
<link:loc xlink:href='../elts/us-gaap-2011-01-31.xsd#us-gaap_IncomeTaxHolidayLineItems' xlink:label='loc_IncomeTaxHolidayLineItems' xlink:type='locator' />
<link:loc xlink:href='../elts/us-gaap-2011-01-31.xsd#us-gaap_IncomeTaxHolidayDescription' xlink:label='loc_IncomeTaxHolidayDescription' xlink:type='locator' />
<link:loc xlink:href='../elts/us-gaap-2011-01-31.xsd#us-gaap_IncomeTaxHolidayTerminationDate' xlink:label='loc_IncomeTaxHolidayTerminationDate' xlink:type='locator' />
<link:loc xlink:href='../elts/us-gaap-2011-01-31.xsd#us-gaap_IncomeTaxHolidayAggregateDollarAmount' xlink:label='loc_IncomeTaxHolidayAggregateDollarAmount' xlink:type='locator' />
<link:loc xlink:href='../elts/us-gaap-2011-01-31.xsd#us-gaap_IncomeTaxHolidayIncomeTaxBenefitsPerShare' xlink:label='loc_IncomeTaxHolidayIncomeTaxBenefitsPerShare' xlink:type='locator' />
<link:definitionArc order='1.0' xlink:arcrole='http://xbrl.org/int/dim/arcrole/domain-member' xlink:from='loc_IncomeTaxHolidayLineItems' xlink:to='loc_IncomeTaxHolidayDescription' xlink:type='arc' />
<link:definitionArc order='2.0' xlink:arcrole='http://xbrl.org/int/dim/arcrole/domain-member' xlink:from='loc_IncomeTaxHolidayLineItems' xlink:to='loc_IncomeTaxHolidayTerminationDate' xlink:type='arc' />
<link:definitionArc order='3.0' xlink:arcrole='http://xbrl.org/int/dim/arcrole/domain-member' xlink:from='loc_IncomeTaxHolidayLineItems' xlink:to='loc_IncomeTaxHolidayAggregateDollarAmount' xlink:type='arc' />
<link:definitionArc order='4.0' xlink:arcrole='http://xbrl.org/int/dim/arcrole/domain-member' xlink:from='loc_IncomeTaxHolidayLineItems' xlink:to='loc_IncomeTaxHolidayIncomeTaxBenefitsPerShare' xlink:type='arc' />
</link:definitionLink>
<link:definitionLink xlink:role='http://fasb.org/us-gaap/role/disclosure/IncomeTaxesIncomeTaxHolidayTable' xlink:type='extended'>
<link:loc xlink:href='../elts/us-gaap-2011-01-31.xsd#us-gaap_IncomeTaxAuthorityDomain' xlink:label='loc_IncomeTaxAuthorityDomain' xlink:type='locator' />
<link:loc xlink:href='../elts/us-gaap-2011-01-31.xsd#us-gaap_InternalRevenueServiceIRSMember' xlink:label='loc_InternalRevenueServiceIRSMember' xlink:type='locator' />
<link:loc xlink:href='../elts/us-gaap-2011-01-31.xsd#us-gaap_DomesticCountryMember' xlink:label='loc_DomesticCountryMember' xlink:type='locator' />
<link:loc xlink:href='../elts/us-gaap-2011-01-31.xsd#us-gaap_ForeignCountryMember' xlink:label='loc_ForeignCountryMember' xlink:type='locator' />
<link:loc xlink:href='../elts/us-gaap-2011-01-31.xsd#us-gaap_StateAndLocalJurisdictionMember' xlink:label='loc_StateAndLocalJurisdictionMember' xlink:type='locator' />
<link:definitionArc order='1.0' xlink:arcrole='http://xbrl.org/int/dim/arcrole/domain-member' xlink:from='loc_IncomeTaxAuthorityDomain' xlink:to='loc_InternalRevenueServiceIRSMember' xlink:type='arc' />
<link:definitionArc order='2.0' xlink:arcrole='http://xbrl.org/int/dim/arcrole/domain-member' xlink:from='loc_IncomeTaxAuthorityDomain' xlink:to='loc_DomesticCountryMember' xlink:type='arc' />
<link:definitionArc order='3.0' xlink:arcrole='http://xbrl.org/int/dim/arcrole/domain-member' xlink:from='loc_IncomeTaxAuthorityDomain' xlink:to='loc_ForeignCountryMember' xlink:type='arc' />
<link:definitionArc order='4.0' xlink:arcrole='http://xbrl.org/int/dim/arcrole/domain-member' xlink:from='loc_IncomeTaxAuthorityDomain' xlink:to='loc_StateAndLocalJurisdictionMember' xlink:type='arc' />
</link:definitionLink>
<!--Definition relationships for table IncomeTaxContingencyTable in presentation http://fasb.org/us-gaap/role/disclosure/IncomeTaxes-->
<link:definitionLink xlink:role='http://fasb.org/us-gaap/role/disclosure/IncomeTaxesIncomeTaxContingencyTable' xlink:type='extended'>
<link:loc xlink:href='../elts/us-gaap-2011-01-31.xsd#us-gaap_IncomeTaxContingencyTable' xlink:label='loc_IncomeTaxContingencyTable' xlink:type='locator' />
<link:loc xlink:href='../elts/us-gaap-2011-01-31.xsd#us-gaap_IncomeTaxContingencyLineItems' xlink:label='loc_IncomeTaxContingencyLineItems' xlink:type='locator' />
<link:definitionArc order='1.0' xbrldt:closed='true' xbrldt:contextElement='segment' xlink:arcrole='http://xbrl.org/int/dim/arcrole/all' xlink:from='loc_IncomeTaxContingencyLineItems' xlink:to='loc_IncomeTaxContingencyTable' xlink:type='arc' />
</link:definitionLink>
<link:definitionLink xlink:role='http://fasb.org/us-gaap/role/disclosure/IncomeTaxesIncomeTaxContingencyTable' xlink:type='extended'>
<link:loc xlink:href='../elts/us-gaap-2011-01-31.xsd#us-gaap_IncomeTaxContingencyTable' xlink:label='loc_IncomeTaxContingencyTable' xlink:type='locator' />
<link:loc xlink:href='../elts/us-gaap-2011-01-31.xsd#us-gaap_IncomeTaxAuthorityAxis' xlink:label='loc_IncomeTaxAuthorityAxis' xlink:type='locator' />
<link:definitionArc order='1.0' xlink:arcrole='http://xbrl.org/int/dim/arcrole/hypercube-dimension' xlink:from='loc_IncomeTaxContingencyTable' xlink:to='loc_IncomeTaxAuthorityAxis' xlink:type='arc' />
</link:definitionLink>
<link:definitionLink xlink:role='http://fasb.org/us-gaap/role/disclosure/IncomeTaxesIncomeTaxContingencyTable' xlink:type='extended'>
<link:loc xlink:href='../elts/us-gaap-2011-01-31.xsd#us-gaap_IncomeTaxAuthorityAxis' xlink:label='loc_IncomeTaxAuthorityAxis' xlink:type='locator' />
<link:loc xlink:href='../elts/us-gaap-2011-01-31.xsd#us-gaap_IncomeTaxAuthorityDomain' xlink:label='loc_IncomeTaxAuthorityDomain' xlink:type='locator' />
<link:definitionArc order='1.0' xlink:arcrole='http://xbrl.org/int/dim/arcrole/dimension-domain' xlink:from='loc_IncomeTaxAuthorityAxis' xlink:to='loc_IncomeTaxAuthorityDomain' xlink:type='arc' />
</link:definitionLink>
<link:definitionLink xlink:role='http://fasb.org/us-gaap/role/disclosure/IncomeTaxesIncomeTaxContingencyTable' xlink:type='extended'>
<link:loc xlink:href='../elts/us-gaap-2011-01-31.xsd#us-gaap_IncomeTaxAuthorityAxis' xlink:label='loc_IncomeTaxAuthorityAxis' xlink:type='locator' />
<link:loc xlink:href='../elts/us-gaap-2011-01-31.xsd#us-gaap_IncomeTaxAuthorityDomain' xlink:label='loc_IncomeTaxAuthorityDomain' xlink:type='locator' />
<link:definitionArc order='1.0' xlink:arcrole='http://xbrl.org/int/dim/arcrole/dimension-default' xlink:from='loc_IncomeTaxAuthorityAxis' xlink:to='loc_IncomeTaxAuthorityDomain' xlink:type='arc' />
</link:definitionLink>
<link:definitionLink xlink:role='http://fasb.org/us-gaap/role/disclosure/IncomeTaxesIncomeTaxContingencyTable' xlink:type='extended'>
<link:loc xlink:href='../elts/us-gaap-2011-01-31.xsd#us-gaap_IncomeTaxContingencyLineItems' xlink:label='loc_IncomeTaxContingencyLineItems' xlink:type='locator' />
<link:loc xlink:href='../elts/us-gaap-2011-01-31.xsd#us-gaap_UnrecognizedTaxBenefitsIncomeTaxPenaltiesAndInterestExpenseAbstract' xlink:label='loc_UnrecognizedTaxBenefitsIncomeTaxPenaltiesAndInterestExpenseAbstract' xlink:type='locator' />
<link:loc xlink:href='../elts/us-gaap-2011-01-31.xsd#us-gaap_UnrecognizedTaxBenefitsIncomeTaxPenaltiesExpense' xlink:label='loc_UnrecognizedTaxBenefitsIncomeTaxPenaltiesExpense' xlink:type='locator' />
<link:loc xlink:href='../elts/us-gaap-2011-01-31.xsd#us-gaap_UnrecognizedTaxBenefitsInterestOnIncomeTaxesExpense' xlink:label='loc_UnrecognizedTaxBenefitsInterestOnIncomeTaxesExpense' xlink:type='locator' />
<link:loc xlink:href='../elts/us-gaap-2011-01-31.xsd#us-gaap_UnrecognizedTaxBenefitsIncomeTaxPenaltiesAndInterestExpense' xlink:label='loc_UnrecognizedTaxBenefitsIncomeTaxPenaltiesAndInterestExpense' xlink:type='locator' />
<link:loc xlink:href='../elts/us-gaap-2011-01-31.xsd#us-gaap_UnrecognizedTaxBenefitsIncomeTaxPenaltiesAndInterestAccruedAbstract' xlink:label='loc_UnrecognizedTaxBenefitsIncomeTaxPenaltiesAndInterestAccruedAbstract' xlink:type='locator' />
<link:loc xlink:href='../elts/us-gaap-2011-01-31.xsd#us-gaap_UnrecognizedTaxBenefitsIncomeTaxPenaltiesAccrued' xlink:label='loc_UnrecognizedTaxBenefitsIncomeTaxPenaltiesAccrued' xlink:type='locator' />
<link:loc xlink:href='../elts/us-gaap-2011-01-31.xsd#us-gaap_UnrecognizedTaxBenefitsInterestOnIncomeTaxesAccrued' xlink:label='loc_UnrecognizedTaxBenefitsInterestOnIncomeTaxesAccrued' xlink:type='locator' />
<link:loc xlink:href='../elts/us-gaap-2011-01-31.xsd#us-gaap_UnrecognizedTaxBenefitsIncomeTaxPenaltiesAndInterestAccrued' xlink:label='loc_UnrecognizedTaxBenefitsIncomeTaxPenaltiesAndInterestAccrued' xlink:type='locator' />
<link:loc xlink:href='../elts/us-gaap-2011-01-31.xsd#us-gaap_ReconciliationOfUnrecognizedTaxBenefitsExcludingAmountsPertainingToExaminedTaxReturnsRollForward' xlink:label='loc_ReconciliationOfUnrecognizedTaxBenefitsExcludingAmountsPertainingToExaminedTaxReturnsRollForward' xlink:type='locator' />
<link:loc xlink:href='../elts/us-gaap-2011-01-31.xsd#us-gaap_UnrecognizedTaxBenefits' xlink:label='loc_UnrecognizedTaxBenefits' xlink:type='locator' />
<link:loc xlink:href='../elts/us-gaap-2011-01-31.xsd#us-gaap_UnrecognizedTaxBenefitsIncreasesResultingFromPriorPeriodTaxPositions' xlink:label='loc_UnrecognizedTaxBenefitsIncreasesResultingFromPriorPeriodTaxPositions' xlink:type='locator' />
<link:loc xlink:href='../elts/us-gaap-2011-01-31.xsd#us-gaap_UnrecognizedTaxBenefitsDecreasesResultingFromPriorPeriodTaxPositions' xlink:label='loc_UnrecognizedTaxBenefitsDecreasesResultingFromPriorPeriodTaxPositions' xlink:type='locator' />
<link:loc xlink:href='../elts/us-gaap-2011-01-31.xsd#us-gaap_UnrecognizedTaxBenefitsIncreasesResultingFromCurrentPeriodTaxPositions' xlink:label='loc_UnrecognizedTaxBenefitsIncreasesResultingFromCurrentPeriodTaxPositions' xlink:type='locator' />
<link:loc xlink:href='../elts/us-gaap-2011-01-31.xsd#us-gaap_UnrecognizedTaxBenefitsDecreasesResultingFromCurrentPeriodTaxPositions' xlink:label='loc_UnrecognizedTaxBenefitsDecreasesResultingFromCurrentPeriodTaxPositions' xlink:type='locator' />
<link:loc xlink:href='../elts/us-gaap-2011-01-31.xsd#us-gaap_UnrecognizedTaxBenefitsIncreasesResultingFromSettlementsWithTaxingAuthorities' xlink:label='loc_UnrecognizedTaxBenefitsIncreasesResultingFromSettlementsWithTaxingAuthorities' xlink:type='locator' />
<link:loc xlink:href='../elts/us-gaap-2011-01-31.xsd#us-gaap_UnrecognizedTaxBenefitsDecreasesResultingFromSettlementsWithTaxingAuthorities' xlink:label='loc_UnrecognizedTaxBenefitsDecreasesResultingFromSettlementsWithTaxingAuthorities' xlink:type='locator' />
<link:loc xlink:href='../elts/us-gaap-2011-01-31.xsd#us-gaap_UnrecognizedTaxBenefitsReductionsResultingFromLapseOfApplicableStatuteOfLimitations' xlink:label='loc_UnrecognizedTaxBenefitsReductionsResultingFromLapseOfApplicableStatuteOfLimitations' xlink:type='locator' />
<link:loc xlink:href='../elts/us-gaap-2011-01-31.xsd#us-gaap_UnrecognizedTaxBenefitsPeriodIncreaseDecrease' xlink:label='loc_UnrecognizedTaxBenefitsPeriodIncreaseDecrease' xlink:type='locator' />
<link:loc xlink:href='../elts/us-gaap-2011-01-31.xsd#us-gaap_UnrecognizedTaxBenefitsThatWouldImpactEffectiveTaxRate' xlink:label='loc_UnrecognizedTaxBenefitsThatWouldImpactEffectiveTaxRate' xlink:type='locator' />
<link:loc xlink:href='../elts/us-gaap-2011-01-31.xsd#us-gaap_UnrecognizedTaxBenefitsResultingInNetOperatingLossCarryforward' xlink:label='loc_UnrecognizedTaxBenefitsResultingInNetOperatingLossCarryforward' xlink:type='locator' />
<link:loc xlink:href='../elts/us-gaap-2011-01-31.xsd#us-gaap_OpenTaxYearsByMajorTaxJurisdiction' xlink:label='loc_OpenTaxYearsByMajorTaxJurisdiction' xlink:type='locator' />
<link:definitionArc order='1.0' xlink:arcrole='http://xbrl.org/int/dim/arcrole/domain-member' xlink:from='loc_IncomeTaxContingencyLineItems' xlink:to='loc_UnrecognizedTaxBenefitsIncomeTaxPenaltiesAndInterestExpenseAbstract' xlink:type='arc' />
<link:definitionArc order='2.0' xlink:arcrole='http://xbrl.org/int/dim/arcrole/domain-member' xlink:from='loc_UnrecognizedTaxBenefitsIncomeTaxPenaltiesAndInterestExpenseAbstract' xlink:to='loc_UnrecognizedTaxBenefitsIncomeTaxPenaltiesExpense' xlink:type='arc' />
<link:definitionArc order='3.0' xlink:arcrole='http://xbrl.org/int/dim/arcrole/domain-member' xlink:from='loc_UnrecognizedTaxBenefitsIncomeTaxPenaltiesAndInterestExpenseAbstract' xlink:to='loc_UnrecognizedTaxBenefitsInterestOnIncomeTaxesExpense' xlink:type='arc' />
<link:definitionArc order='4.0' xlink:arcrole='http://xbrl.org/int/dim/arcrole/domain-member' xlink:from='loc_UnrecognizedTaxBenefitsIncomeTaxPenaltiesAndInterestExpenseAbstract' xlink:to='loc_UnrecognizedTaxBenefitsIncomeTaxPenaltiesAndInterestExpense' xlink:type='arc' />
<link:definitionArc order='5.0' xlink:arcrole='http://xbrl.org/int/dim/arcrole/domain-member' xlink:from='loc_IncomeTaxContingencyLineItems' xlink:to='loc_UnrecognizedTaxBenefitsIncomeTaxPenaltiesAndInterestAccruedAbstract' xlink:type='arc' />
<link:definitionArc order='6.0' xlink:arcrole='http://xbrl.org/int/dim/arcrole/domain-member' xlink:from='loc_UnrecognizedTaxBenefitsIncomeTaxPenaltiesAndInterestAccruedAbstract' xlink:to='loc_UnrecognizedTaxBenefitsIncomeTaxPenaltiesAccrued' xlink:type='arc' />
<link:definitionArc order='7.0' xlink:arcrole='http://xbrl.org/int/dim/arcrole/domain-member' xlink:from='loc_UnrecognizedTaxBenefitsIncomeTaxPenaltiesAndInterestAccruedAbstract' xlink:to='loc_UnrecognizedTaxBenefitsInterestOnIncomeTaxesAccrued' xlink:type='arc' />
<link:definitionArc order='8.0' xlink:arcrole='http://xbrl.org/int/dim/arcrole/domain-member' xlink:from='loc_UnrecognizedTaxBenefitsIncomeTaxPenaltiesAndInterestAccruedAbstract' xlink:to='loc_UnrecognizedTaxBenefitsIncomeTaxPenaltiesAndInterestAccrued' xlink:type='arc' />
<link:definitionArc order='9.0' xlink:arcrole='http://xbrl.org/int/dim/arcrole/domain-member' xlink:from='loc_IncomeTaxContingencyLineItems' xlink:to='loc_ReconciliationOfUnrecognizedTaxBenefitsExcludingAmountsPertainingToExaminedTaxReturnsRollForward' xlink:type='arc' />
<link:definitionArc order='10.0' xlink:arcrole='http://xbrl.org/int/dim/arcrole/domain-member' xlink:from='loc_ReconciliationOfUnrecognizedTaxBenefitsExcludingAmountsPertainingToExaminedTaxReturnsRollForward' xlink:to='loc_UnrecognizedTaxBenefits' xlink:type='arc' />
<link:definitionArc order='11.0' xlink:arcrole='http://xbrl.org/int/dim/arcrole/domain-member' xlink:from='loc_ReconciliationOfUnrecognizedTaxBenefitsExcludingAmountsPertainingToExaminedTaxReturnsRollForward' xlink:to='loc_UnrecognizedTaxBenefitsIncreasesResultingFromPriorPeriodTaxPositions' xlink:type='arc' />
<link:definitionArc order='12.0' xlink:arcrole='http://xbrl.org/int/dim/arcrole/domain-member' xlink:from='loc_ReconciliationOfUnrecognizedTaxBenefitsExcludingAmountsPertainingToExaminedTaxReturnsRollForward' xlink:to='loc_UnrecognizedTaxBenefitsDecreasesResultingFromPriorPeriodTaxPositions' xlink:type='arc' />
<link:definitionArc order='13.0' xlink:arcrole='http://xbrl.org/int/dim/arcrole/domain-member' xlink:from='loc_ReconciliationOfUnrecognizedTaxBenefitsExcludingAmountsPertainingToExaminedTaxReturnsRollForward' xlink:to='loc_UnrecognizedTaxBenefitsIncreasesResultingFromCurrentPeriodTaxPositions' xlink:type='arc' />
<link:definitionArc order='14.0' xlink:arcrole='http://xbrl.org/int/dim/arcrole/domain-member' xlink:from='loc_ReconciliationOfUnrecognizedTaxBenefitsExcludingAmountsPertainingToExaminedTaxReturnsRollForward' xlink:to='loc_UnrecognizedTaxBenefitsDecreasesResultingFromCurrentPeriodTaxPositions' xlink:type='arc' />
<link:definitionArc order='15.0' xlink:arcrole='http://xbrl.org/int/dim/arcrole/domain-member' xlink:from='loc_ReconciliationOfUnrecognizedTaxBenefitsExcludingAmountsPertainingToExaminedTaxReturnsRollForward' xlink:to='loc_UnrecognizedTaxBenefitsIncreasesResultingFromSettlementsWithTaxingAuthorities' xlink:type='arc' />
<link:definitionArc order='16.0' xlink:arcrole='http://xbrl.org/int/dim/arcrole/domain-member' xlink:from='loc_ReconciliationOfUnrecognizedTaxBenefitsExcludingAmountsPertainingToExaminedTaxReturnsRollForward' xlink:to='loc_UnrecognizedTaxBenefitsDecreasesResultingFromSettlementsWithTaxingAuthorities' xlink:type='arc' />
<link:definitionArc order='17.0' xlink:arcrole='http://xbrl.org/int/dim/arcrole/domain-member' xlink:from='loc_ReconciliationOfUnrecognizedTaxBenefitsExcludingAmountsPertainingToExaminedTaxReturnsRollForward' xlink:to='loc_UnrecognizedTaxBenefitsReductionsResultingFromLapseOfApplicableStatuteOfLimitations' xlink:type='arc' />
<link:definitionArc order='18.0' xlink:arcrole='http://xbrl.org/int/dim/arcrole/domain-member' xlink:from='loc_ReconciliationOfUnrecognizedTaxBenefitsExcludingAmountsPertainingToExaminedTaxReturnsRollForward' xlink:to='loc_UnrecognizedTaxBenefitsPeriodIncreaseDecrease' xlink:type='arc' />
<link:definitionArc order='20.0' xlink:arcrole='http://xbrl.org/int/dim/arcrole/domain-member' xlink:from='loc_IncomeTaxContingencyLineItems' xlink:to='loc_UnrecognizedTaxBenefitsThatWouldImpactEffectiveTaxRate' xlink:type='arc' />
<link:definitionArc order='21.0' xlink:arcrole='http://xbrl.org/int/dim/arcrole/domain-member' xlink:from='loc_IncomeTaxContingencyLineItems' xlink:to='loc_UnrecognizedTaxBenefitsResultingInNetOperatingLossCarryforward' xlink:type='arc' />
<link:definitionArc order='22.0' xlink:arcrole='http://xbrl.org/int/dim/arcrole/domain-member' xlink:from='loc_IncomeTaxContingencyLineItems' xlink:to='loc_OpenTaxYearsByMajorTaxJurisdiction' xlink:type='arc' />
</link:definitionLink>
<link:definitionLink xlink:role='http://fasb.org/us-gaap/role/disclosure/IncomeTaxesIncomeTaxContingencyTable' xlink:type='extended'>
<link:loc xlink:href='../elts/us-gaap-2011-01-31.xsd#us-gaap_IncomeTaxAuthorityDomain' xlink:label='loc_IncomeTaxAuthorityDomain' xlink:type='locator' />
<link:loc xlink:href='../elts/us-gaap-2011-01-31.xsd#us-gaap_InternalRevenueServiceIRSMember' xlink:label='loc_InternalRevenueServiceIRSMember' xlink:type='locator' />
<link:loc xlink:href='../elts/us-gaap-2011-01-31.xsd#us-gaap_DomesticCountryMember' xlink:label='loc_DomesticCountryMember' xlink:type='locator' />
<link:loc xlink:href='../elts/us-gaap-2011-01-31.xsd#us-gaap_ForeignCountryMember' xlink:label='loc_ForeignCountryMember' xlink:type='locator' />
<link:loc xlink:href='../elts/us-gaap-2011-01-31.xsd#us-gaap_StateAndLocalJurisdictionMember' xlink:label='loc_StateAndLocalJurisdictionMember' xlink:type='locator' />
<link:definitionArc order='1.0' xlink:arcrole='http://xbrl.org/int/dim/arcrole/domain-member' xlink:from='loc_IncomeTaxAuthorityDomain' xlink:to='loc_InternalRevenueServiceIRSMember' xlink:type='arc' />
<link:definitionArc order='2.0' xlink:arcrole='http://xbrl.org/int/dim/arcrole/domain-member' xlink:from='loc_IncomeTaxAuthorityDomain' xlink:to='loc_DomesticCountryMember' xlink:type='arc' />
<link:definitionArc order='3.0' xlink:arcrole='http://xbrl.org/int/dim/arcrole/domain-member' xlink:from='loc_IncomeTaxAuthorityDomain' xlink:to='loc_ForeignCountryMember' xlink:type='arc' />
<link:definitionArc order='4.0' xlink:arcrole='http://xbrl.org/int/dim/arcrole/domain-member' xlink:from='loc_IncomeTaxAuthorityDomain' xlink:to='loc_StateAndLocalJurisdictionMember' xlink:type='arc' />
</link:definitionLink>
<!--Definition relationships for table SignificantChangeInUnrecognizedTaxBenefitsIsReasonablyPossibleTable in presentation http://fasb.org/us-gaap/role/disclosure/IncomeTaxes-->
<link:definitionLink xlink:role='http://fasb.org/us-gaap/role/disclosure/IncomeTaxesSignificantChangeInUnrecognizedTaxBenefitsIsReasonablyPossibleTable' xlink:type='extended'>
<link:loc xlink:href='../elts/us-gaap-2011-01-31.xsd#us-gaap_SignificantChangeInUnrecognizedTaxBenefitsIsReasonablyPossibleTable' xlink:label='loc_SignificantChangeInUnrecognizedTaxBenefitsIsReasonablyPossibleTable' xlink:type='locator' />
<link:loc xlink:href='../elts/us-gaap-2011-01-31.xsd#us-gaap_SignificantChangeInUnrecognizedTaxBenefitsIsReasonablyPossibleLineItems' xlink:label='loc_SignificantChangeInUnrecognizedTaxBenefitsIsReasonablyPossibleLineItems' xlink:type='locator' />
<link:definitionArc order='1.0' xbrldt:closed='true' xbrldt:contextElement='segment' xlink:arcrole='http://xbrl.org/int/dim/arcrole/all' xlink:from='loc_SignificantChangeInUnrecognizedTaxBenefitsIsReasonablyPossibleLineItems' xlink:to='loc_SignificantChangeInUnrecognizedTaxBenefitsIsReasonablyPossibleTable' xlink:type='arc' />
</link:definitionLink>
<link:definitionLink xlink:role='http://fasb.org/us-gaap/role/disclosure/IncomeTaxesSignificantChangeInUnrecognizedTaxBenefitsIsReasonablyPossibleTable' xlink:type='extended'>
<link:loc xlink:href='../elts/us-gaap-2011-01-31.xsd#us-gaap_SignificantChangeInUnrecognizedTaxBenefitsIsReasonablyPossibleTable' xlink:label='loc_SignificantChangeInUnrecognizedTaxBenefitsIsReasonablyPossibleTable' xlink:type='locator' />
<link:loc xlink:href='../elts/us-gaap-2011-01-31.xsd#us-gaap_ReasonablyPossibleSignificantChangeInUnrecognizedTaxBenefitsByItemAxis' xlink:label='loc_ReasonablyPossibleSignificantChangeInUnrecognizedTaxBenefitsByItemAxis' xlink:type='locator' />
<link:definitionArc order='1.0' xlink:arcrole='http://xbrl.org/int/dim/arcrole/hypercube-dimension' xlink:from='loc_SignificantChangeInUnrecognizedTaxBenefitsIsReasonablyPossibleTable' xlink:to='loc_ReasonablyPossibleSignificantChangeInUnrecognizedTaxBenefitsByItemAxis' xlink:type='arc' />
</link:definitionLink>
<link:definitionLink xlink:role='http://fasb.org/us-gaap/role/disclosure/IncomeTaxesSignificantChangeInUnrecognizedTaxBenefitsIsReasonablyPossibleTable' xlink:type='extended'>
<link:loc xlink:href='../elts/us-gaap-2011-01-31.xsd#us-gaap_ReasonablyPossibleSignificantChangeInUnrecognizedTaxBenefitsByItemAxis' xlink:label='loc_ReasonablyPossibleSignificantChangeInUnrecognizedTaxBenefitsByItemAxis' xlink:type='locator' />
<link:loc xlink:href='../elts/us-gaap-2011-01-31.xsd#us-gaap_SignificantChangeInUnrecognizedTaxBenefitsIsReasonablyPossibleNatureOfUncertaintyDomain' xlink:label='loc_SignificantChangeInUnrecognizedTaxBenefitsIsReasonablyPossibleNatureOfUncertaintyDomain' xlink:type='locator' />
<link:definitionArc order='1.0' xlink:arcrole='http://xbrl.org/int/dim/arcrole/dimension-domain' xlink:from='loc_ReasonablyPossibleSignificantChangeInUnrecognizedTaxBenefitsByItemAxis' xlink:to='loc_SignificantChangeInUnrecognizedTaxBenefitsIsReasonablyPossibleNatureOfUncertaintyDomain' xlink:type='arc' />
</link:definitionLink>
<link:definitionLink xlink:role='http://fasb.org/us-gaap/role/disclosure/IncomeTaxesSignificantChangeInUnrecognizedTaxBenefitsIsReasonablyPossibleTable' xlink:type='extended'>
<link:loc xlink:href='../elts/us-gaap-2011-01-31.xsd#us-gaap_ReasonablyPossibleSignificantChangeInUnrecognizedTaxBenefitsByItemAxis' xlink:label='loc_ReasonablyPossibleSignificantChangeInUnrecognizedTaxBenefitsByItemAxis' xlink:type='locator' />
<link:loc xlink:href='../elts/us-gaap-2011-01-31.xsd#us-gaap_SignificantChangeInUnrecognizedTaxBenefitsIsReasonablyPossibleNatureOfUncertaintyDomain' xlink:label='loc_SignificantChangeInUnrecognizedTaxBenefitsIsReasonablyPossibleNatureOfUncertaintyDomain' xlink:type='locator' />
<link:definitionArc order='1.0' xlink:arcrole='http://xbrl.org/int/dim/arcrole/dimension-default' xlink:from='loc_ReasonablyPossibleSignificantChangeInUnrecognizedTaxBenefitsByItemAxis' xlink:to='loc_SignificantChangeInUnrecognizedTaxBenefitsIsReasonablyPossibleNatureOfUncertaintyDomain' xlink:type='arc' />
</link:definitionLink>
<link:definitionLink xlink:role='http://fasb.org/us-gaap/role/disclosure/IncomeTaxesSignificantChangeInUnrecognizedTaxBenefitsIsReasonablyPossibleTable' xlink:type='extended'>
<link:loc xlink:href='../elts/us-gaap-2011-01-31.xsd#us-gaap_SignificantChangeInUnrecognizedTaxBenefitsIsReasonablyPossibleLineItems' xlink:label='loc_SignificantChangeInUnrecognizedTaxBenefitsIsReasonablyPossibleLineItems' xlink:type='locator' />
<link:loc xlink:href='../elts/us-gaap-2011-01-31.xsd#us-gaap_SignificantChangeInUnrecognizedTaxBenefitsNatureOfUncertainty' xlink:label='loc_SignificantChangeInUnrecognizedTaxBenefitsNatureOfUncertainty' xlink:type='locator' />
<link:loc xlink:href='../elts/us-gaap-2011-01-31.xsd#us-gaap_SignificantChangeInUnrecognizedTaxBenefitsIsReasonablyPossibleAmountOfUnrecordedBenefit' xlink:label='loc_SignificantChangeInUnrecognizedTaxBenefitsIsReasonablyPossibleAmountOfUnrecordedBenefit' xlink:type='locator' />
<link:loc xlink:href='../elts/us-gaap-2011-01-31.xsd#us-gaap_SignificantChangeInUnrecognizedTaxBenefitsNatureOfEvent' xlink:label='loc_SignificantChangeInUnrecognizedTaxBenefitsNatureOfEvent' xlink:type='locator' />
<link:loc xlink:href='../elts/us-gaap-2011-01-31.xsd#us-gaap_SignificantChangeInUnrecognizedTaxBenefitsIsReasonablyPossibleEstimatedRangeOfChangeLowerBound' xlink:label='loc_SignificantChangeInUnrecognizedTaxBenefitsIsReasonablyPossibleEstimatedRangeOfChangeLowerBound' xlink:type='locator' />
<link:loc xlink:href='../elts/us-gaap-2011-01-31.xsd#us-gaap_SignificantChangeInUnrecognizedTaxBenefitsIsReasonablyPossibleEstimatedRangeOfChangeUpperBound' xlink:label='loc_SignificantChangeInUnrecognizedTaxBenefitsIsReasonablyPossibleEstimatedRangeOfChangeUpperBound' xlink:type='locator' />
<link:loc xlink:href='../elts/us-gaap-2011-01-31.xsd#us-gaap_SignificantChangeInUnrecognizedTaxBenefitsIsReasonablyPossibleEstimatedRangeNotPossible' xlink:label='loc_SignificantChangeInUnrecognizedTaxBenefitsIsReasonablyPossibleEstimatedRangeNotPossible' xlink:type='locator' />
<link:loc xlink:href='../elts/us-gaap-2011-01-31.xsd#us-gaap_SignificantChangeInUnrecognizedTaxBenefitsIsReasonablyPossibleOtherInformation' xlink:label='loc_SignificantChangeInUnrecognizedTaxBenefitsIsReasonablyPossibleOtherInformation' xlink:type='locator' />
<link:definitionArc order='1.0' xlink:arcrole='http://xbrl.org/int/dim/arcrole/domain-member' xlink:from='loc_SignificantChangeInUnrecognizedTaxBenefitsIsReasonablyPossibleLineItems' xlink:to='loc_SignificantChangeInUnrecognizedTaxBenefitsNatureOfUncertainty' xlink:type='arc' />
<link:definitionArc order='2.0' xlink:arcrole='http://xbrl.org/int/dim/arcrole/domain-member' xlink:from='loc_SignificantChangeInUnrecognizedTaxBenefitsIsReasonablyPossibleLineItems' xlink:to='loc_SignificantChangeInUnrecognizedTaxBenefitsIsReasonablyPossibleAmountOfUnrecordedBenefit' xlink:type='arc' />
<link:definitionArc order='3.0' xlink:arcrole='http://xbrl.org/int/dim/arcrole/domain-member' xlink:from='loc_SignificantChangeInUnrecognizedTaxBenefitsIsReasonablyPossibleLineItems' xlink:to='loc_SignificantChangeInUnrecognizedTaxBenefitsNatureOfEvent' xlink:type='arc' />
<link:definitionArc order='4.0' xlink:arcrole='http://xbrl.org/int/dim/arcrole/domain-member' xlink:from='loc_SignificantChangeInUnrecognizedTaxBenefitsIsReasonablyPossibleLineItems' xlink:to='loc_SignificantChangeInUnrecognizedTaxBenefitsIsReasonablyPossibleEstimatedRangeOfChangeLowerBound' xlink:type='arc' />
<link:definitionArc order='5.0' xlink:arcrole='http://xbrl.org/int/dim/arcrole/domain-member' xlink:from='loc_SignificantChangeInUnrecognizedTaxBenefitsIsReasonablyPossibleLineItems' xlink:to='loc_SignificantChangeInUnrecognizedTaxBenefitsIsReasonablyPossibleEstimatedRangeOfChangeUpperBound' xlink:type='arc' />
<link:definitionArc order='6.0' xlink:arcrole='http://xbrl.org/int/dim/arcrole/domain-member' xlink:from='loc_SignificantChangeInUnrecognizedTaxBenefitsIsReasonablyPossibleLineItems' xlink:to='loc_SignificantChangeInUnrecognizedTaxBenefitsIsReasonablyPossibleEstimatedRangeNotPossible' xlink:type='arc' />
<link:definitionArc order='7.0' xlink:arcrole='http://xbrl.org/int/dim/arcrole/domain-member' xlink:from='loc_SignificantChangeInUnrecognizedTaxBenefitsIsReasonablyPossibleLineItems' xlink:to='loc_SignificantChangeInUnrecognizedTaxBenefitsIsReasonablyPossibleOtherInformation' xlink:type='arc' />
</link:definitionLink>
<!--Definition relationships for table IncomeTaxExaminationTable in presentation http://fasb.org/us-gaap/role/disclosure/IncomeTaxes-->
<link:definitionLink xlink:role='http://fasb.org/us-gaap/role/disclosure/IncomeTaxesIncomeTaxExaminationTable' xlink:type='extended'>
<link:loc xlink:href='../elts/us-gaap-2011-01-31.xsd#us-gaap_IncomeTaxExaminationTable' xlink:label='loc_IncomeTaxExaminationTable' xlink:type='locator' />
<link:loc xlink:href='../elts/us-gaap-2011-01-31.xsd#us-gaap_IncomeTaxExaminationLineItems' xlink:label='loc_IncomeTaxExaminationLineItems' xlink:type='locator' />
<link:definitionArc order='1.0' xbrldt:closed='true' xbrldt:contextElement='segment' xlink:arcrole='http://xbrl.org/int/dim/arcrole/all' xlink:from='loc_IncomeTaxExaminationLineItems' xlink:to='loc_IncomeTaxExaminationTable' xlink:type='arc' />
</link:definitionLink>
<link:definitionLink xlink:role='http://fasb.org/us-gaap/role/disclosure/IncomeTaxesIncomeTaxExaminationTable' xlink:type='extended'>
<link:loc xlink:href='../elts/us-gaap-2011-01-31.xsd#us-gaap_IncomeTaxExaminationTable' xlink:label='loc_IncomeTaxExaminationTable' xlink:type='locator' />
<link:loc xlink:href='../elts/us-gaap-2011-01-31.xsd#us-gaap_IncomeTaxAuthorityAxis' xlink:label='loc_IncomeTaxAuthorityAxis' xlink:type='locator' />
<link:definitionArc order='1.0' xlink:arcrole='http://xbrl.org/int/dim/arcrole/hypercube-dimension' xlink:from='loc_IncomeTaxExaminationTable' xlink:to='loc_IncomeTaxAuthorityAxis' xlink:type='arc' />
</link:definitionLink>
<link:definitionLink xlink:role='http://fasb.org/us-gaap/role/disclosure/IncomeTaxesIncomeTaxExaminationTable' xlink:type='extended'>
<link:loc xlink:href='../elts/us-gaap-2011-01-31.xsd#us-gaap_IncomeTaxAuthorityAxis' xlink:label='loc_IncomeTaxAuthorityAxis' xlink:type='locator' />
<link:loc xlink:href='../elts/us-gaap-2011-01-31.xsd#us-gaap_IncomeTaxAuthorityDomain' xlink:label='loc_IncomeTaxAuthorityDomain' xlink:type='locator' />
<link:definitionArc order='1.0' xlink:arcrole='http://xbrl.org/int/dim/arcrole/dimension-domain' xlink:from='loc_IncomeTaxAuthorityAxis' xlink:to='loc_IncomeTaxAuthorityDomain' xlink:type='arc' />
</link:definitionLink>
<link:definitionLink xlink:role='http://fasb.org/us-gaap/role/disclosure/IncomeTaxesIncomeTaxExaminationTable' xlink:type='extended'>
<link:loc xlink:href='../elts/us-gaap-2011-01-31.xsd#us-gaap_IncomeTaxAuthorityAxis' xlink:label='loc_IncomeTaxAuthorityAxis' xlink:type='locator' />
<link:loc xlink:href='../elts/us-gaap-2011-01-31.xsd#us-gaap_IncomeTaxAuthorityDomain' xlink:label='loc_IncomeTaxAuthorityDomain' xlink:type='locator' />
<link:definitionArc order='1.0' xlink:arcrole='http://xbrl.org/int/dim/arcrole/dimension-default' xlink:from='loc_IncomeTaxAuthorityAxis' xlink:to='loc_IncomeTaxAuthorityDomain' xlink:type='arc' />
</link:definitionLink>
<link:definitionLink xlink:role='http://fasb.org/us-gaap/role/disclosure/IncomeTaxesIncomeTaxExaminationTable' xlink:type='extended'>
<link:loc xlink:href='../elts/us-gaap-2011-01-31.xsd#us-gaap_IncomeTaxExaminationLineItems' xlink:label='loc_IncomeTaxExaminationLineItems' xlink:type='locator' />
<link:loc xlink:href='../elts/us-gaap-2011-01-31.xsd#us-gaap_IncomeTaxExaminationDescription' xlink:label='loc_IncomeTaxExaminationDescription' xlink:type='locator' />
<link:loc xlink:href='../elts/us-gaap-2011-01-31.xsd#us-gaap_IncomeTaxExaminationYearSUnderExamination' xlink:label='loc_IncomeTaxExaminationYearSUnderExamination' xlink:type='locator' />
<link:loc xlink:href='../elts/us-gaap-2011-01-31.xsd#us-gaap_IncomeTaxExaminationLikelihoodOfUnfavorableSettlement' xlink:label='loc_IncomeTaxExaminationLikelihoodOfUnfavorableSettlement' xlink:type='locator' />
<link:loc xlink:href='../elts/us-gaap-2011-01-31.xsd#us-gaap_IncomeTaxExaminationRangeOfPossibleLosses' xlink:label='loc_IncomeTaxExaminationRangeOfPossibleLosses' xlink:type='locator' />
<link:loc xlink:href='../elts/us-gaap-2011-01-31.xsd#us-gaap_IncomeTaxExaminationLiabilityRecorded' xlink:label='loc_IncomeTaxExaminationLiabilityRecorded' xlink:type='locator' />
<link:loc xlink:href='../elts/us-gaap-2011-01-31.xsd#us-gaap_IncomeTaxExaminationInterestFromExamination' xlink:label='loc_IncomeTaxExaminationInterestFromExamination' xlink:type='locator' />
<link:loc xlink:href='../elts/us-gaap-2011-01-31.xsd#us-gaap_IncomeTaxExaminationPenaltiesFromExamination' xlink:label='loc_IncomeTaxExaminationPenaltiesFromExamination' xlink:type='locator' />
<link:loc xlink:href='../elts/us-gaap-2011-01-31.xsd#us-gaap_IncomeTaxExaminationIncreaseDecreaseInLiabilityFromPriorYear' xlink:label='loc_IncomeTaxExaminationIncreaseDecreaseInLiabilityFromPriorYear' xlink:type='locator' />
<link:loc xlink:href='../elts/us-gaap-2011-01-31.xsd#us-gaap_IncomeTaxExaminationLiabilityRefundAdjustmentFromSettlementWithTaxingAuthority' xlink:label='loc_IncomeTaxExaminationLiabilityRefundAdjustmentFromSettlementWithTaxingAuthority' xlink:type='locator' />
<link:definitionArc order='1.0' xlink:arcrole='http://xbrl.org/int/dim/arcrole/domain-member' xlink:from='loc_IncomeTaxExaminationLineItems' xlink:to='loc_IncomeTaxExaminationDescription' xlink:type='arc' />
<link:definitionArc order='2.0' xlink:arcrole='http://xbrl.org/int/dim/arcrole/domain-member' xlink:from='loc_IncomeTaxExaminationLineItems' xlink:to='loc_IncomeTaxExaminationYearSUnderExamination' xlink:type='arc' />
<link:definitionArc order='3.0' xlink:arcrole='http://xbrl.org/int/dim/arcrole/domain-member' xlink:from='loc_IncomeTaxExaminationLineItems' xlink:to='loc_IncomeTaxExaminationLikelihoodOfUnfavorableSettlement' xlink:type='arc' />
<link:definitionArc order='4.0' xlink:arcrole='http://xbrl.org/int/dim/arcrole/domain-member' xlink:from='loc_IncomeTaxExaminationLineItems' xlink:to='loc_IncomeTaxExaminationRangeOfPossibleLosses' xlink:type='arc' />
<link:definitionArc order='5.0' xlink:arcrole='http://xbrl.org/int/dim/arcrole/domain-member' xlink:from='loc_IncomeTaxExaminationLineItems' xlink:to='loc_IncomeTaxExaminationLiabilityRecorded' xlink:type='arc' />
<link:definitionArc order='6.0' xlink:arcrole='http://xbrl.org/int/dim/arcrole/domain-member' xlink:from='loc_IncomeTaxExaminationLineItems' xlink:to='loc_IncomeTaxExaminationInterestFromExamination' xlink:type='arc' />
<link:definitionArc order='7.0' xlink:arcrole='http://xbrl.org/int/dim/arcrole/domain-member' xlink:from='loc_IncomeTaxExaminationLineItems' xlink:to='loc_IncomeTaxExaminationPenaltiesFromExamination' xlink:type='arc' />
<link:definitionArc order='8.0' xlink:arcrole='http://xbrl.org/int/dim/arcrole/domain-member' xlink:from='loc_IncomeTaxExaminationLineItems' xlink:to='loc_IncomeTaxExaminationIncreaseDecreaseInLiabilityFromPriorYear' xlink:type='arc' />
<link:definitionArc order='9.0' xlink:arcrole='http://xbrl.org/int/dim/arcrole/domain-member' xlink:from='loc_IncomeTaxExaminationLineItems' xlink:to='loc_IncomeTaxExaminationLiabilityRefundAdjustmentFromSettlementWithTaxingAuthority' xlink:type='arc' />
</link:definitionLink>
<link:definitionLink xlink:role='http://fasb.org/us-gaap/role/disclosure/IncomeTaxesIncomeTaxExaminationTable' xlink:type='extended'>
<link:loc xlink:href='../elts/us-gaap-2011-01-31.xsd#us-gaap_IncomeTaxAuthorityDomain' xlink:label='loc_IncomeTaxAuthorityDomain' xlink:type='locator' />
<link:loc xlink:href='../elts/us-gaap-2011-01-31.xsd#us-gaap_InternalRevenueServiceIRSMember' xlink:label='loc_InternalRevenueServiceIRSMember' xlink:type='locator' />
<link:loc xlink:href='../elts/us-gaap-2011-01-31.xsd#us-gaap_DomesticCountryMember' xlink:label='loc_DomesticCountryMember' xlink:type='locator' />
<link:loc xlink:href='../elts/us-gaap-2011-01-31.xsd#us-gaap_ForeignCountryMember' xlink:label='loc_ForeignCountryMember' xlink:type='locator' />
<link:loc xlink:href='../elts/us-gaap-2011-01-31.xsd#us-gaap_StateAndLocalJurisdictionMember' xlink:label='loc_StateAndLocalJurisdictionMember' xlink:type='locator' />
<link:definitionArc order='1.0' xlink:arcrole='http://xbrl.org/int/dim/arcrole/domain-member' xlink:from='loc_IncomeTaxAuthorityDomain' xlink:to='loc_InternalRevenueServiceIRSMember' xlink:type='arc' />
<link:definitionArc order='2.0' xlink:arcrole='http://xbrl.org/int/dim/arcrole/domain-member' xlink:from='loc_IncomeTaxAuthorityDomain' xlink:to='loc_DomesticCountryMember' xlink:type='arc' />
<link:definitionArc order='3.0' xlink:arcrole='http://xbrl.org/int/dim/arcrole/domain-member' xlink:from='loc_IncomeTaxAuthorityDomain' xlink:to='loc_ForeignCountryMember' xlink:type='arc' />
<link:definitionArc order='4.0' xlink:arcrole='http://xbrl.org/int/dim/arcrole/domain-member' xlink:from='loc_IncomeTaxAuthorityDomain' xlink:to='loc_StateAndLocalJurisdictionMember' xlink:type='arc' />
</link:definitionLink>
</link:linkbase>
