<?xml version="1.0" encoding="UTF-8" standalone="no"?>

<!--
(c) XBRL US, Inc. 2007-2010; Financial Accounting Foundation, Inc. 2010-2011.  All Rights Reserved.
Notice: Authorized Uses are Set Forth at http://xbrl.fasb.org/terms/TaxonomiesTermsConditions.html
  -->
<link:linkbase xmlns:link='http://www.xbrl.org/2003/linkbase' xmlns:xlink='http://www.w3.org/1999/xlink' xmlns:xsi='http://www.w3.org/2001/XMLSchema-instance' xsi:schemaLocation='http://www.xbrl.org/2003/linkbase http://www.xbrl.org/2003/xbrl-linkbase-2003-12-31.xsd'>
<link:roleRef roleURI='http://fasb.org/us-gaap/role/disclosure/IncomeTaxesCalc2' xlink:href='../elts/us-roles-2011-01-31.xsd#inctax2' xlink:type='simple' />
<calculationLink xlink:role='http://fasb.org/us-gaap/role/disclosure/IncomeTaxesCalc2' xlink:type='extended' xmlns='http://www.xbrl.org/2003/linkbase'>
<link:loc xlink:href='../elts/us-gaap-2011-01-31.xsd#us-gaap_DeferredTaxAssetsLiabilitiesNet' xlink:label='loc_DeferredTaxAssetsLiabilitiesNet' xlink:type='locator' />
<link:loc xlink:href='../elts/us-gaap-2011-01-31.xsd#us-gaap_DeferredTaxAssetsNet' xlink:label='loc_DeferredTaxAssetsNet' xlink:type='locator' />
<link:loc xlink:href='../elts/us-gaap-2011-01-31.xsd#us-gaap_DeferredTaxAssetsNetCurrent' xlink:label='loc_DeferredTaxAssetsNetCurrent' xlink:type='locator' />
<link:loc xlink:href='../elts/us-gaap-2011-01-31.xsd#us-gaap_DeferredTaxAssetsGrossCurrent' xlink:label='loc_DeferredTaxAssetsGrossCurrent' xlink:type='locator' />
<link:loc xlink:href='../elts/us-gaap-2011-01-31.xsd#us-gaap_DeferredTaxAssetsValuationAllowanceCurrent' xlink:label='loc_DeferredTaxAssetsValuationAllowanceCurrent' xlink:type='locator' />
<link:loc xlink:href='../elts/us-gaap-2011-01-31.xsd#us-gaap_DeferredTaxAssetsNetNoncurrent' xlink:label='loc_DeferredTaxAssetsNetNoncurrent' xlink:type='locator' />
<link:loc xlink:href='../elts/us-gaap-2011-01-31.xsd#us-gaap_DeferredTaxAssetsGrossNoncurrent' xlink:label='loc_DeferredTaxAssetsGrossNoncurrent' xlink:type='locator' />
<link:loc xlink:href='../elts/us-gaap-2011-01-31.xsd#us-gaap_DeferredTaxAssetsValuationAllowanceNoncurrent' xlink:label='loc_DeferredTaxAssetsValuationAllowanceNoncurrent' xlink:type='locator' />
<link:loc xlink:href='../elts/us-gaap-2011-01-31.xsd#us-gaap_DeferredTaxLiabilities' xlink:label='loc_DeferredTaxLiabilities' xlink:type='locator' />
<link:loc xlink:href='../elts/us-gaap-2011-01-31.xsd#us-gaap_DeferredTaxLiabilitiesCurrent' xlink:label='loc_DeferredTaxLiabilitiesCurrent' xlink:type='locator' />
<link:loc xlink:href='../elts/us-gaap-2011-01-31.xsd#us-gaap_DeferredTaxLiabilitiesNoncurrent' xlink:label='loc_DeferredTaxLiabilitiesNoncurrent' xlink:type='locator' />
<link:loc xlink:href='../elts/us-gaap-2011-01-31.xsd#us-gaap_IncomeTaxExpenseBenefitContinuingOperations' xlink:label='loc_IncomeTaxExpenseBenefitContinuingOperations' xlink:type='locator' />
<link:loc xlink:href='../elts/us-gaap-2011-01-31.xsd#us-gaap_CurrentIncomeTaxExpenseBenefit' xlink:label='loc_CurrentIncomeTaxExpenseBenefit' xlink:type='locator' />
<link:loc xlink:href='../elts/us-gaap-2011-01-31.xsd#us-gaap_CurrentFederalTaxExpenseBenefit' xlink:label='loc_CurrentFederalTaxExpenseBenefit' xlink:type='locator' />
<link:loc xlink:href='../elts/us-gaap-2011-01-31.xsd#us-gaap_CurrentForeignTaxExpenseBenefit' xlink:label='loc_CurrentForeignTaxExpenseBenefit' xlink:type='locator' />
<link:loc xlink:href='../elts/us-gaap-2011-01-31.xsd#us-gaap_CurrentStateAndLocalTaxExpenseBenefit' xlink:label='loc_CurrentStateAndLocalTaxExpenseBenefit' xlink:type='locator' />
<link:loc xlink:href='../elts/us-gaap-2011-01-31.xsd#us-gaap_DeferredIncomeTaxExpenseBenefit' xlink:label='loc_DeferredIncomeTaxExpenseBenefit' xlink:type='locator' />
<link:loc xlink:href='../elts/us-gaap-2011-01-31.xsd#us-gaap_DeferredFederalIncomeTaxExpenseBenefit' xlink:label='loc_DeferredFederalIncomeTaxExpenseBenefit' xlink:type='locator' />
<link:loc xlink:href='../elts/us-gaap-2011-01-31.xsd#us-gaap_DeferredForeignIncomeTaxExpenseBenefit' xlink:label='loc_DeferredForeignIncomeTaxExpenseBenefit' xlink:type='locator' />
<link:loc xlink:href='../elts/us-gaap-2011-01-31.xsd#us-gaap_DeferredStateAndLocalIncomeTaxExpenseBenefit' xlink:label='loc_DeferredStateAndLocalIncomeTaxExpenseBenefit' xlink:type='locator' />
<link:loc xlink:href='../elts/us-gaap-2011-01-31.xsd#us-gaap_OtherTaxExpenseBenefit' xlink:label='loc_OtherTaxExpenseBenefit' xlink:type='locator' />
<link:loc xlink:href='../elts/us-gaap-2011-01-31.xsd#us-gaap_DeferredOtherTaxExpenseBenefit' xlink:label='loc_DeferredOtherTaxExpenseBenefit' xlink:type='locator' />
<calculationArc order='10' weight='1.0' xlink:arcrole='http://www.xbrl.org/2003/arcrole/summation-item' xlink:from='loc_DeferredTaxAssetsLiabilitiesNet' xlink:to='loc_DeferredTaxAssetsNet' xlink:type='arc' />
<calculationArc order='10' weight='1.0' xlink:arcrole='http://www.xbrl.org/2003/arcrole/summation-item' xlink:from='loc_DeferredTaxAssetsNet' xlink:to='loc_DeferredTaxAssetsNetCurrent' xlink:type='arc' />
<calculationArc order='10' weight='1.0' xlink:arcrole='http://www.xbrl.org/2003/arcrole/summation-item' xlink:from='loc_DeferredTaxAssetsNetCurrent' xlink:to='loc_DeferredTaxAssetsGrossCurrent' xlink:type='arc' />
<calculationArc order='20' weight='-1.0' xlink:arcrole='http://www.xbrl.org/2003/arcrole/summation-item' xlink:from='loc_DeferredTaxAssetsNetCurrent' xlink:to='loc_DeferredTaxAssetsValuationAllowanceCurrent' xlink:type='arc' />
<calculationArc order='20' weight='1.0' xlink:arcrole='http://www.xbrl.org/2003/arcrole/summation-item' xlink:from='loc_DeferredTaxAssetsNet' xlink:to='loc_DeferredTaxAssetsNetNoncurrent' xlink:type='arc' />
<calculationArc order='10' weight='1.0' xlink:arcrole='http://www.xbrl.org/2003/arcrole/summation-item' xlink:from='loc_DeferredTaxAssetsNetNoncurrent' xlink:to='loc_DeferredTaxAssetsGrossNoncurrent' xlink:type='arc' />
<calculationArc order='20' weight='-1.0' xlink:arcrole='http://www.xbrl.org/2003/arcrole/summation-item' xlink:from='loc_DeferredTaxAssetsNetNoncurrent' xlink:to='loc_DeferredTaxAssetsValuationAllowanceNoncurrent' xlink:type='arc' />
<calculationArc order='20' weight='-1.0' xlink:arcrole='http://www.xbrl.org/2003/arcrole/summation-item' xlink:from='loc_DeferredTaxAssetsLiabilitiesNet' xlink:to='loc_DeferredTaxLiabilities' xlink:type='arc' />
<calculationArc order='10' weight='1.0' xlink:arcrole='http://www.xbrl.org/2003/arcrole/summation-item' xlink:from='loc_DeferredTaxLiabilities' xlink:to='loc_DeferredTaxLiabilitiesCurrent' xlink:type='arc' />
<calculationArc order='20' weight='1.0' xlink:arcrole='http://www.xbrl.org/2003/arcrole/summation-item' xlink:from='loc_DeferredTaxLiabilities' xlink:to='loc_DeferredTaxLiabilitiesNoncurrent' xlink:type='arc' />
<calculationArc order='10' weight='1.0' xlink:arcrole='http://www.xbrl.org/2003/arcrole/summation-item' xlink:from='loc_IncomeTaxExpenseBenefitContinuingOperations' xlink:to='loc_CurrentIncomeTaxExpenseBenefit' xlink:type='arc' />
<calculationArc order='10' weight='1.0' xlink:arcrole='http://www.xbrl.org/2003/arcrole/summation-item' xlink:from='loc_CurrentIncomeTaxExpenseBenefit' xlink:to='loc_CurrentFederalTaxExpenseBenefit' xlink:type='arc' />
<calculationArc order='20' weight='1.0' xlink:arcrole='http://www.xbrl.org/2003/arcrole/summation-item' xlink:from='loc_CurrentIncomeTaxExpenseBenefit' xlink:to='loc_CurrentForeignTaxExpenseBenefit' xlink:type='arc' />
<calculationArc order='30' weight='1.0' xlink:arcrole='http://www.xbrl.org/2003/arcrole/summation-item' xlink:from='loc_CurrentIncomeTaxExpenseBenefit' xlink:to='loc_CurrentStateAndLocalTaxExpenseBenefit' xlink:type='arc' />
<calculationArc order='20' weight='1.0' xlink:arcrole='http://www.xbrl.org/2003/arcrole/summation-item' xlink:from='loc_IncomeTaxExpenseBenefitContinuingOperations' xlink:to='loc_DeferredIncomeTaxExpenseBenefit' xlink:type='arc' />
<calculationArc order='10' weight='1.0' xlink:arcrole='http://www.xbrl.org/2003/arcrole/summation-item' xlink:from='loc_DeferredIncomeTaxExpenseBenefit' xlink:to='loc_DeferredFederalIncomeTaxExpenseBenefit' xlink:type='arc' />
<calculationArc order='20' weight='1.0' xlink:arcrole='http://www.xbrl.org/2003/arcrole/summation-item' xlink:from='loc_DeferredIncomeTaxExpenseBenefit' xlink:to='loc_DeferredForeignIncomeTaxExpenseBenefit' xlink:type='arc' />
<calculationArc order='30' weight='1.0' xlink:arcrole='http://www.xbrl.org/2003/arcrole/summation-item' xlink:from='loc_DeferredIncomeTaxExpenseBenefit' xlink:to='loc_DeferredStateAndLocalIncomeTaxExpenseBenefit' xlink:type='arc' />
<calculationArc order='30' weight='1.0' xlink:arcrole='http://www.xbrl.org/2003/arcrole/summation-item' xlink:from='loc_IncomeTaxExpenseBenefitContinuingOperations' xlink:to='loc_OtherTaxExpenseBenefit' xlink:type='arc' />
<calculationArc order='40' weight='1.0' xlink:arcrole='http://www.xbrl.org/2003/arcrole/summation-item' xlink:from='loc_IncomeTaxExpenseBenefitContinuingOperations' xlink:to='loc_DeferredOtherTaxExpenseBenefit' xlink:type='arc' />
</calculationLink>
</link:linkbase>
