<?xml version="1.0" encoding="UTF-8" standalone="no"?>

<!--
(c) XBRL US, Inc. 2007-2010; Financial Accounting Foundation, Inc. 2010-2011.  All Rights Reserved.
Notice: Authorized Uses are Set Forth at http://xbrl.fasb.org/terms/TaxonomiesTermsConditions.html
  -->
<link:linkbase xmlns:link='http://www.xbrl.org/2003/linkbase' xmlns:xlink='http://www.w3.org/1999/xlink' xmlns:xsi='http://www.w3.org/2001/XMLSchema-instance' xsi:schemaLocation='http://www.xbrl.org/2003/linkbase http://www.xbrl.org/2003/xbrl-linkbase-2003-12-31.xsd'>
<link:roleRef roleURI='http://fasb.org/us-gaap/role/disclosure/AccountingChangesAndErrorCorrections' xlink:href='../elts/us-roles-2011-01-31.xsd#acec' xlink:type='simple' />
<calculationLink xlink:role='http://fasb.org/us-gaap/role/disclosure/AccountingChangesAndErrorCorrections' xlink:type='extended' xmlns='http://www.xbrl.org/2003/linkbase'>
<link:loc xlink:href='../elts/us-gaap-2011-01-31.xsd#us-gaap_DeferredPolicyAcquisitionCostsAndValueOfBusinessAcquired' xlink:label='loc_DeferredPolicyAcquisitionCostsAndValueOfBusinessAcquired' xlink:type='locator' />
<link:loc xlink:href='../elts/us-gaap-2011-01-31.xsd#us-gaap_DeferredPolicyAcquisitionCosts' xlink:label='loc_DeferredPolicyAcquisitionCosts' xlink:type='locator' />
<link:loc xlink:href='../elts/us-gaap-2011-01-31.xsd#us-gaap_ValueOfBusinessAcquiredVOBA' xlink:label='loc_ValueOfBusinessAcquiredVOBA' xlink:type='locator' />
<link:loc xlink:href='../elts/us-gaap-2011-01-31.xsd#us-gaap_OtherComprehensiveIncomeCumulativeEffectOfChangeInAccountingPrincipleNetOfTaxes' xlink:label='loc_OtherComprehensiveIncomeCumulativeEffectOfChangeInAccountingPrincipleNetOfTaxes' xlink:type='locator' />
<link:loc xlink:href='../elts/us-gaap-2011-01-31.xsd#us-gaap_OtherComprehensiveIncomeCumulativeEffectOfChangeInAccountingPrincipleBeforeTaxes' xlink:label='loc_OtherComprehensiveIncomeCumulativeEffectOfChangeInAccountingPrincipleBeforeTaxes' xlink:type='locator' />
<link:loc xlink:href='../elts/us-gaap-2011-01-31.xsd#us-gaap_OtherComprehensiveIncomeCumulativeEffectOfChangeInAccountingPrincipleTaxes' xlink:label='loc_OtherComprehensiveIncomeCumulativeEffectOfChangeInAccountingPrincipleTaxes' xlink:type='locator' />
<link:loc xlink:href='../elts/us-gaap-2011-01-31.xsd#us-gaap_CumulativeEffectOfChangeInAccountingPrincipleTabularPresentationByFinancialStatementLineItemRestatedAmount' xlink:label='loc_CumulativeEffectOfChangeInAccountingPrincipleTabularPresentationByFinancialStatementLineItemRestatedAmount' xlink:type='locator' />
<link:loc xlink:href='../elts/us-gaap-2011-01-31.xsd#us-gaap_CumulativeEffectOfChangeInAccountingPrincipleTabularPresentationByFinancialStatementLineItemPreviouslyReportedAmount' xlink:label='loc_CumulativeEffectOfChangeInAccountingPrincipleTabularPresentationByFinancialStatementLineItemPreviouslyReportedAmount' xlink:type='locator' />
<link:loc xlink:href='../elts/us-gaap-2011-01-31.xsd#us-gaap_CumulativeEffectOfChangeInAccountingPrincipleTabularPresentationByFinancialStatementLineItemAdjustmentAmount' xlink:label='loc_CumulativeEffectOfChangeInAccountingPrincipleTabularPresentationByFinancialStatementLineItemAdjustmentAmount' xlink:type='locator' />
<link:loc xlink:href='../elts/us-gaap-2011-01-31.xsd#us-gaap_RetrospectiveEffectOfChangeInAccountingPrincipleTabularPresentationByFinancialStatementLineItemAmountAfterApplication' xlink:label='loc_RetrospectiveEffectOfChangeInAccountingPrincipleTabularPresentationByFinancialStatementLineItemAmountAfterApplication' xlink:type='locator' />
<link:loc xlink:href='../elts/us-gaap-2011-01-31.xsd#us-gaap_RetrospectiveEffectOfChangeInAccountingPrincipleTabularPresentationByFinancialStatementLineItemAmountOfApplicationAdjustment' xlink:label='loc_RetrospectiveEffectOfChangeInAccountingPrincipleTabularPresentationByFinancialStatementLineItemAmountOfApplicationAdjustment' xlink:type='locator' />
<link:loc xlink:href='../elts/us-gaap-2011-01-31.xsd#us-gaap_RetrospectiveEffectOfChangeInAccountingPrincipleTabularPresentationByFinancialStatementLineItemAmountBeforeApplication' xlink:label='loc_RetrospectiveEffectOfChangeInAccountingPrincipleTabularPresentationByFinancialStatementLineItemAmountBeforeApplication' xlink:type='locator' />
<link:loc xlink:href='../elts/us-gaap-2011-01-31.xsd#us-gaap_CumulativeEffectAdjustmentApplicationOfFairValueOptionGrossGains' xlink:label='loc_CumulativeEffectAdjustmentApplicationOfFairValueOptionGrossGains' xlink:type='locator' />
<link:loc xlink:href='../elts/us-gaap-2011-01-31.xsd#us-gaap_CumulativeEffectAdjustmentApplicationOfFairValueOptionUnrealizedGainsUnrecognized' xlink:label='loc_CumulativeEffectAdjustmentApplicationOfFairValueOptionUnrealizedGainsUnrecognized' xlink:type='locator' />
<link:loc xlink:href='../elts/us-gaap-2011-01-31.xsd#us-gaap_CumulativeEffectAdjustmentApplicationOfFairValueOptionUnrealizedGainsRecognized' xlink:label='loc_CumulativeEffectAdjustmentApplicationOfFairValueOptionUnrealizedGainsRecognized' xlink:type='locator' />
<link:loc xlink:href='../elts/us-gaap-2011-01-31.xsd#us-gaap_CumulativeEffectAdjustmentApplicationOfFairValueOptionGrossLosses' xlink:label='loc_CumulativeEffectAdjustmentApplicationOfFairValueOptionGrossLosses' xlink:type='locator' />
<link:loc xlink:href='../elts/us-gaap-2011-01-31.xsd#us-gaap_CumulativeEffectAdjustmentApplicationOfFairValueOptionUnrealizedLossesUnrecognized' xlink:label='loc_CumulativeEffectAdjustmentApplicationOfFairValueOptionUnrealizedLossesUnrecognized' xlink:type='locator' />
<link:loc xlink:href='../elts/us-gaap-2011-01-31.xsd#us-gaap_CumulativeEffectAdjustmentApplicationOfFairValueOptionUnrealizedLossesRecognized' xlink:label='loc_CumulativeEffectAdjustmentApplicationOfFairValueOptionUnrealizedLossesRecognized' xlink:type='locator' />
<calculationArc order='10' weight='1.0' xlink:arcrole='http://www.xbrl.org/2003/arcrole/summation-item' xlink:from='loc_DeferredPolicyAcquisitionCostsAndValueOfBusinessAcquired' xlink:to='loc_DeferredPolicyAcquisitionCosts' xlink:type='arc' />
<calculationArc order='20' weight='1.0' xlink:arcrole='http://www.xbrl.org/2003/arcrole/summation-item' xlink:from='loc_DeferredPolicyAcquisitionCostsAndValueOfBusinessAcquired' xlink:to='loc_ValueOfBusinessAcquiredVOBA' xlink:type='arc' />
<calculationArc order='10' weight='1.0' xlink:arcrole='http://www.xbrl.org/2003/arcrole/summation-item' xlink:from='loc_OtherComprehensiveIncomeCumulativeEffectOfChangeInAccountingPrincipleNetOfTaxes' xlink:to='loc_OtherComprehensiveIncomeCumulativeEffectOfChangeInAccountingPrincipleBeforeTaxes' xlink:type='arc' />
<calculationArc order='20' weight='-1.0' xlink:arcrole='http://www.xbrl.org/2003/arcrole/summation-item' xlink:from='loc_OtherComprehensiveIncomeCumulativeEffectOfChangeInAccountingPrincipleNetOfTaxes' xlink:to='loc_OtherComprehensiveIncomeCumulativeEffectOfChangeInAccountingPrincipleTaxes' xlink:type='arc' />
<calculationArc order='10' weight='1.0' xlink:arcrole='http://www.xbrl.org/2003/arcrole/summation-item' xlink:from='loc_CumulativeEffectOfChangeInAccountingPrincipleTabularPresentationByFinancialStatementLineItemRestatedAmount' xlink:to='loc_CumulativeEffectOfChangeInAccountingPrincipleTabularPresentationByFinancialStatementLineItemPreviouslyReportedAmount' xlink:type='arc' />
<calculationArc order='20' weight='1.0' xlink:arcrole='http://www.xbrl.org/2003/arcrole/summation-item' xlink:from='loc_CumulativeEffectOfChangeInAccountingPrincipleTabularPresentationByFinancialStatementLineItemRestatedAmount' xlink:to='loc_CumulativeEffectOfChangeInAccountingPrincipleTabularPresentationByFinancialStatementLineItemAdjustmentAmount' xlink:type='arc' />
<calculationArc order='10' weight='1.0' xlink:arcrole='http://www.xbrl.org/2003/arcrole/summation-item' xlink:from='loc_RetrospectiveEffectOfChangeInAccountingPrincipleTabularPresentationByFinancialStatementLineItemAmountAfterApplication' xlink:to='loc_RetrospectiveEffectOfChangeInAccountingPrincipleTabularPresentationByFinancialStatementLineItemAmountOfApplicationAdjustment' xlink:type='arc' />
<calculationArc order='20' weight='1.0' xlink:arcrole='http://www.xbrl.org/2003/arcrole/summation-item' xlink:from='loc_RetrospectiveEffectOfChangeInAccountingPrincipleTabularPresentationByFinancialStatementLineItemAmountAfterApplication' xlink:to='loc_RetrospectiveEffectOfChangeInAccountingPrincipleTabularPresentationByFinancialStatementLineItemAmountBeforeApplication' xlink:type='arc' />
<calculationArc order='10' weight='1.0' xlink:arcrole='http://www.xbrl.org/2003/arcrole/summation-item' xlink:from='loc_CumulativeEffectAdjustmentApplicationOfFairValueOptionGrossGains' xlink:to='loc_CumulativeEffectAdjustmentApplicationOfFairValueOptionUnrealizedGainsUnrecognized' xlink:type='arc' />
<calculationArc order='20' weight='1.0' xlink:arcrole='http://www.xbrl.org/2003/arcrole/summation-item' xlink:from='loc_CumulativeEffectAdjustmentApplicationOfFairValueOptionGrossGains' xlink:to='loc_CumulativeEffectAdjustmentApplicationOfFairValueOptionUnrealizedGainsRecognized' xlink:type='arc' />
<calculationArc order='10' weight='1.0' xlink:arcrole='http://www.xbrl.org/2003/arcrole/summation-item' xlink:from='loc_CumulativeEffectAdjustmentApplicationOfFairValueOptionGrossLosses' xlink:to='loc_CumulativeEffectAdjustmentApplicationOfFairValueOptionUnrealizedLossesUnrecognized' xlink:type='arc' />
<calculationArc order='20' weight='1.0' xlink:arcrole='http://www.xbrl.org/2003/arcrole/summation-item' xlink:from='loc_CumulativeEffectAdjustmentApplicationOfFairValueOptionGrossLosses' xlink:to='loc_CumulativeEffectAdjustmentApplicationOfFairValueOptionUnrealizedLossesRecognized' xlink:type='arc' />
</calculationLink>
</link:linkbase>
