<?xml version='1.0' encoding='UTF-8'?>

<!--
(c) XBRL US, Inc. 2007-2010; Financial Accounting Foundation, Inc. 2010-2016.  All Rights Reserved.
Notice: Authorized Uses are Set Forth at http://xbrl.fasb.org/terms/TaxonomiesTermsConditions.html
  -->
<link:linkbase xmlns:link='http://www.xbrl.org/2003/linkbase' xmlns:xbrldt='http://xbrl.org/2005/xbrldt' xmlns:xlink='http://www.w3.org/1999/xlink' xmlns:xsi='http://www.w3.org/2001/XMLSchema-instance' xsi:schemaLocation='http://www.xbrl.org/2003/linkbase http://www.xbrl.org/2003/xbrl-linkbase-2003-12-31.xsd'>
<link:roleRef roleURI='http://fasb.org/us-gaap/role/statement/StatementOfOtherComprehensiveIncomeAlternative' xlink:href='../elts/us-roles-2016-01-31.xsd#soc2' xlink:type='simple' />
<link:calculationLink xlink:role='http://fasb.org/us-gaap/role/statement/StatementOfOtherComprehensiveIncomeAlternative' xlink:type='extended'>
<link:loc xlink:href='../elts/us-gaap-2016-01-31.xsd#us-gaap_DefinedBenefitPlanAmountsRecognizedInOtherComprehensiveIncomeLossNetGainLossBeforeTax' xlink:label='loc_DefinedBenefitPlanAmountsRecognizedInOtherComprehensiveIncomeLossNetGainLossBeforeTax' xlink:type='locator' />
<link:loc xlink:href='../elts/us-gaap-2016-01-31.xsd#us-gaap_OtherComprehensiveIncomeLossPensionAndOtherPostretirementBenefitPlansNetUnamortizedGainLossArisingDuringPeriodBeforeTax' xlink:label='loc_OtherComprehensiveIncomeLossPensionAndOtherPostretirementBenefitPlansNetUnamortizedGainLossArisingDuringPeriodBeforeTax' xlink:type='locator' />
<link:loc xlink:href='../elts/us-gaap-2016-01-31.xsd#us-gaap_OtherComprehensiveIncomeLossReclassificationAdjustmentFromAOCIPensionAndOtherPostretirementBenefitPlansForNetGainLossBeforeTax' xlink:label='loc_OtherComprehensiveIncomeLossReclassificationAdjustmentFromAOCIPensionAndOtherPostretirementBenefitPlansForNetGainLossBeforeTax' xlink:type='locator' />
<link:loc xlink:href='../elts/us-gaap-2016-01-31.xsd#us-gaap_DefinedBenefitPlanAmountsRecognizedInOtherComprehensiveIncomeNetPriorServiceCostCreditBeforeTax' xlink:label='loc_DefinedBenefitPlanAmountsRecognizedInOtherComprehensiveIncomeNetPriorServiceCostCreditBeforeTax' xlink:type='locator' />
<link:loc xlink:href='../elts/us-gaap-2016-01-31.xsd#us-gaap_OtherComprehensiveIncomeDefinedBenefitPlanNetPriorServiceCostCreditArisingDuringPeriodBeforeTax' xlink:label='loc_OtherComprehensiveIncomeDefinedBenefitPlanNetPriorServiceCostCreditArisingDuringPeriodBeforeTax' xlink:type='locator' />
<link:loc xlink:href='../elts/us-gaap-2016-01-31.xsd#us-gaap_OtherComprehensiveIncomeLossAmortizationAdjustmentFromAOCIPensionAndOtherPostretirementBenefitPlansForNetPriorServiceCostCreditBeforeTax' xlink:label='loc_OtherComprehensiveIncomeLossAmortizationAdjustmentFromAOCIPensionAndOtherPostretirementBenefitPlansForNetPriorServiceCostCreditBeforeTax' xlink:type='locator' />
<link:loc xlink:href='../elts/us-gaap-2016-01-31.xsd#us-gaap_OtherComprehensiveIncomeLossNetOfTaxPortionAttributableToParent' xlink:label='loc_OtherComprehensiveIncomeLossNetOfTaxPortionAttributableToParent' xlink:type='locator' />
<link:loc xlink:href='../elts/us-gaap-2016-01-31.xsd#us-gaap_OtherComprehensiveIncomeLossNetOfTax' xlink:label='loc_OtherComprehensiveIncomeLossNetOfTax' xlink:type='locator' />
<link:loc xlink:href='../elts/us-gaap-2016-01-31.xsd#us-gaap_OtherComprehensiveIncomeLossAvailableForSaleSecuritiesAdjustmentNetOfTax' xlink:label='loc_OtherComprehensiveIncomeLossAvailableForSaleSecuritiesAdjustmentNetOfTax' xlink:type='locator' />
<link:loc xlink:href='../elts/us-gaap-2016-01-31.xsd#us-gaap_OtherComprehensiveIncomeLossAvailableForSaleSecuritiesAdjustmentBeforeTax' xlink:label='loc_OtherComprehensiveIncomeLossAvailableForSaleSecuritiesAdjustmentBeforeTax' xlink:type='locator' />
<link:loc xlink:href='../elts/us-gaap-2016-01-31.xsd#us-gaap_OtherComprehensiveIncomeLossAvailableForSaleSecuritiesAdjustmentBeforeReclassificationAdjustmentsAndTax' xlink:label='loc_OtherComprehensiveIncomeLossAvailableForSaleSecuritiesAdjustmentBeforeReclassificationAdjustmentsAndTax' xlink:type='locator' />
<link:loc xlink:href='../elts/us-gaap-2016-01-31.xsd#us-gaap_OtherComprehensiveIncomeUnrealizedHoldingGainLossOnSecuritiesArisingDuringPeriodBeforeTax' xlink:label='loc_OtherComprehensiveIncomeUnrealizedHoldingGainLossOnSecuritiesArisingDuringPeriodBeforeTax' xlink:type='locator' />
<link:loc xlink:href='../elts/us-gaap-2016-01-31.xsd#us-gaap_OtherComprehensiveIncomeReclassificationAdjustmentForHeldToMaturityTransferredToAvailableForSaleSecuritiesBeforeTax' xlink:label='loc_OtherComprehensiveIncomeReclassificationAdjustmentForHeldToMaturityTransferredToAvailableForSaleSecuritiesBeforeTax' xlink:type='locator' />
<link:loc xlink:href='../elts/us-gaap-2016-01-31.xsd#us-gaap_OtherComprehensiveIncomeLossReclassificationAdjustmentFromAOCIForWritedownOfSecuritiesBeforeTax' xlink:label='loc_OtherComprehensiveIncomeLossReclassificationAdjustmentFromAOCIForWritedownOfSecuritiesBeforeTax' xlink:type='locator' />
<link:loc xlink:href='../elts/us-gaap-2016-01-31.xsd#us-gaap_OtherComprehensiveIncomeLossReclassificationAdjustmentFromAOCIForSaleOfSecuritiesBeforeTax' xlink:label='loc_OtherComprehensiveIncomeLossReclassificationAdjustmentFromAOCIForSaleOfSecuritiesBeforeTax' xlink:type='locator' />
<link:loc xlink:href='../elts/us-gaap-2016-01-31.xsd#us-gaap_OtherComprehensiveIncomeLossAvailableForSaleSecuritiesTax' xlink:label='loc_OtherComprehensiveIncomeLossAvailableForSaleSecuritiesTax' xlink:type='locator' />
<link:loc xlink:href='../elts/us-gaap-2016-01-31.xsd#us-gaap_OtherComprehensiveIncomeLossAvailableForSaleSecuritiesBeforeReclassificationAdjustmentsTax' xlink:label='loc_OtherComprehensiveIncomeLossAvailableForSaleSecuritiesBeforeReclassificationAdjustmentsTax' xlink:type='locator' />
<link:loc xlink:href='../elts/us-gaap-2016-01-31.xsd#us-gaap_OtherComprehensiveIncomeUnrealizedHoldingGainLossOnSecuritiesArisingDuringPeriodTax' xlink:label='loc_OtherComprehensiveIncomeUnrealizedHoldingGainLossOnSecuritiesArisingDuringPeriodTax' xlink:type='locator' />
<link:loc xlink:href='../elts/us-gaap-2016-01-31.xsd#us-gaap_OtherComprehensiveIncomeReclassificationAdjustmentForHeldToMaturityTransferredToAvailableForSaleSecuritiesTax' xlink:label='loc_OtherComprehensiveIncomeReclassificationAdjustmentForHeldToMaturityTransferredToAvailableForSaleSecuritiesTax' xlink:type='locator' />
<link:loc xlink:href='../elts/us-gaap-2016-01-31.xsd#us-gaap_OtherComprehensiveIncomeLossReclassificationAdjustmentFromAOCIForWritedownOfSecuritiesTax' xlink:label='loc_OtherComprehensiveIncomeLossReclassificationAdjustmentFromAOCIForWritedownOfSecuritiesTax' xlink:type='locator' />
<link:loc xlink:href='../elts/us-gaap-2016-01-31.xsd#us-gaap_OtherComprehensiveIncomeLossReclassificationAdjustmentFromAOCIForSaleOfSecuritiesTax' xlink:label='loc_OtherComprehensiveIncomeLossReclassificationAdjustmentFromAOCIForSaleOfSecuritiesTax' xlink:type='locator' />
<link:loc xlink:href='../elts/us-gaap-2016-01-31.xsd#us-gaap_OtherComprehensiveIncomeLossDerivativesQualifyingAsHedgesNetOfTax' xlink:label='loc_OtherComprehensiveIncomeLossDerivativesQualifyingAsHedgesNetOfTax' xlink:type='locator' />
<link:loc xlink:href='../elts/us-gaap-2016-01-31.xsd#us-gaap_OtherComprehensiveIncomeLossDerivativesQualifyingAsHedgesBeforeTax' xlink:label='loc_OtherComprehensiveIncomeLossDerivativesQualifyingAsHedgesBeforeTax' xlink:type='locator' />
<link:loc xlink:href='../elts/us-gaap-2016-01-31.xsd#us-gaap_OtherComprehensiveIncomeUnrealizedGainLossOnDerivativesArisingDuringPeriodBeforeTax' xlink:label='loc_OtherComprehensiveIncomeUnrealizedGainLossOnDerivativesArisingDuringPeriodBeforeTax' xlink:type='locator' />
<link:loc xlink:href='../elts/us-gaap-2016-01-31.xsd#us-gaap_OtherComprehensiveIncomeLossReclassificationAdjustmentFromAOCIOnDerivativesBeforeTax' xlink:label='loc_OtherComprehensiveIncomeLossReclassificationAdjustmentFromAOCIOnDerivativesBeforeTax' xlink:type='locator' />
<link:loc xlink:href='../elts/us-gaap-2016-01-31.xsd#us-gaap_OtherComprehensiveIncomeLossDerivativesQualifyingAsHedgesTax' xlink:label='loc_OtherComprehensiveIncomeLossDerivativesQualifyingAsHedgesTax' xlink:type='locator' />
<link:loc xlink:href='../elts/us-gaap-2016-01-31.xsd#us-gaap_OtherComprehensiveIncomeUnrealizedGainLossOnDerivativesArisingDuringPeriodTax' xlink:label='loc_OtherComprehensiveIncomeUnrealizedGainLossOnDerivativesArisingDuringPeriodTax' xlink:type='locator' />
<link:loc xlink:href='../elts/us-gaap-2016-01-31.xsd#us-gaap_OtherComprehensiveIncomeLossReclassificationAdjustmentFromAOCIOnDerivativesTax' xlink:label='loc_OtherComprehensiveIncomeLossReclassificationAdjustmentFromAOCIOnDerivativesTax' xlink:type='locator' />
<link:loc xlink:href='../elts/us-gaap-2016-01-31.xsd#us-gaap_OtherComprehensiveIncomeLossForeignCurrencyTransactionAndTranslationAdjustmentNetOfTax' xlink:label='loc_OtherComprehensiveIncomeLossForeignCurrencyTransactionAndTranslationAdjustmentNetOfTax' xlink:type='locator' />
<link:loc xlink:href='../elts/us-gaap-2016-01-31.xsd#us-gaap_OtherComprehensiveIncomeLossForeignCurrencyTransactionAndTranslationAdjustmentBeforeTax' xlink:label='loc_OtherComprehensiveIncomeLossForeignCurrencyTransactionAndTranslationAdjustmentBeforeTax' xlink:type='locator' />
<link:loc xlink:href='../elts/us-gaap-2016-01-31.xsd#us-gaap_OtherComprehensiveIncomeForeignCurrencyTransactionAndTranslationGainLossBeforeReclassificationAndTax' xlink:label='loc_OtherComprehensiveIncomeForeignCurrencyTransactionAndTranslationGainLossBeforeReclassificationAndTax' xlink:type='locator' />
<link:loc xlink:href='../elts/us-gaap-2016-01-31.xsd#us-gaap_OtherComprehensiveIncomeLossForeignCurrencyTransactionAndTranslationReclassificationAdjustmentFromAOCIRealizedUponSaleOrLiquidationBeforeTax' xlink:label='loc_OtherComprehensiveIncomeLossForeignCurrencyTransactionAndTranslationReclassificationAdjustmentFromAOCIRealizedUponSaleOrLiquidationBeforeTax' xlink:type='locator' />
<link:loc xlink:href='../elts/us-gaap-2016-01-31.xsd#us-gaap_OtherComprehensiveIncomeLossForeignCurrencyTranslationAdjustmentTax' xlink:label='loc_OtherComprehensiveIncomeLossForeignCurrencyTranslationAdjustmentTax' xlink:type='locator' />
<link:loc xlink:href='../elts/us-gaap-2016-01-31.xsd#us-gaap_OtherComprehensiveIncomeForeignCurrencyTranslationGainLossArisingDuringPeriodTax' xlink:label='loc_OtherComprehensiveIncomeForeignCurrencyTranslationGainLossArisingDuringPeriodTax' xlink:type='locator' />
<link:loc xlink:href='../elts/us-gaap-2016-01-31.xsd#us-gaap_OtherComprehensiveIncomeLossForeignCurrencyTransactionAndTranslationReclassificationAdjustmentFromAOCIRealizedUponSaleOrLiquidationTax' xlink:label='loc_OtherComprehensiveIncomeLossForeignCurrencyTransactionAndTranslationReclassificationAdjustmentFromAOCIRealizedUponSaleOrLiquidationTax' xlink:type='locator' />
<link:loc xlink:href='../elts/us-gaap-2016-01-31.xsd#us-gaap_OtherComprehensiveIncomeLossPensionAndOtherPostretirementBenefitPlansAdjustmentNetOfTax' xlink:label='loc_OtherComprehensiveIncomeLossPensionAndOtherPostretirementBenefitPlansAdjustmentNetOfTax' xlink:type='locator' />
<link:loc xlink:href='../elts/us-gaap-2016-01-31.xsd#us-gaap_OtherComprehensiveIncomeLossPensionAndOtherPostretirementBenefitPlansAdjustmentBeforeTax' xlink:label='loc_OtherComprehensiveIncomeLossPensionAndOtherPostretirementBenefitPlansAdjustmentBeforeTax' xlink:type='locator' />
<link:loc xlink:href='../elts/us-gaap-2016-01-31.xsd#us-gaap_OtherComprehensiveIncomeLossPensionAndOtherPostretirementBenefitPlansTax' xlink:label='loc_OtherComprehensiveIncomeLossPensionAndOtherPostretirementBenefitPlansTax' xlink:type='locator' />
<link:loc xlink:href='../elts/us-gaap-2016-01-31.xsd#us-gaap_OtherThanTemporaryImpairmentLossesInvestmentsPortionInOtherComprehensiveIncomeLossNetOfTaxIncludingPortionAttributableToNoncontrollingInterest' xlink:label='loc_OtherThanTemporaryImpairmentLossesInvestmentsPortionInOtherComprehensiveIncomeLossNetOfTaxIncludingPortionAttributableToNoncontrollingInterest' xlink:type='locator' />
<link:loc xlink:href='../elts/us-gaap-2016-01-31.xsd#us-gaap_OtherThanTemporaryImpairmentLossesInvestmentsPortionInOtherComprehensiveIncomeLossNetOfTaxIncludingPortionAttributableToNoncontrollingInterestAvailableforsaleSecurities' xlink:label='loc_OtherThanTemporaryImpairmentLossesInvestmentsPortionInOtherComprehensiveIncomeLossNetOfTaxIncludingPortionAttributableToNoncontrollingInterestAvailableforsaleSecurities' xlink:type='locator' />
<link:loc xlink:href='../elts/us-gaap-2016-01-31.xsd#us-gaap_OtherThanTemporaryImpairmentLossesInvestmentsPortionInOtherComprehensiveIncomeLossBeforeTaxIncludingPortionAttributableToNoncontrollingInterestAvailableforsaleSecurities' xlink:label='loc_OtherThanTemporaryImpairmentLossesInvestmentsPortionInOtherComprehensiveIncomeLossBeforeTaxIncludingPortionAttributableToNoncontrollingInterestAvailableforsaleSecurities' xlink:type='locator' />
<link:loc xlink:href='../elts/us-gaap-2016-01-31.xsd#us-gaap_OtherThanTemporaryImpairmentLossesInvestmentsPortionInOtherComprehensiveIncomeLossTaxIncludingPortionAttributableToNoncontrollingInterestAvailableforsaleSecurities' xlink:label='loc_OtherThanTemporaryImpairmentLossesInvestmentsPortionInOtherComprehensiveIncomeLossTaxIncludingPortionAttributableToNoncontrollingInterestAvailableforsaleSecurities' xlink:type='locator' />
<link:loc xlink:href='../elts/us-gaap-2016-01-31.xsd#us-gaap_OtherThanTemporaryImpairmentLossesInvestmentsPortionInOtherComprehensiveIncomeLossNetOfTaxIncludingPortionAttributableToNoncontrollingInterestHeldtomaturitySecurities' xlink:label='loc_OtherThanTemporaryImpairmentLossesInvestmentsPortionInOtherComprehensiveIncomeLossNetOfTaxIncludingPortionAttributableToNoncontrollingInterestHeldtomaturitySecurities' xlink:type='locator' />
<link:loc xlink:href='../elts/us-gaap-2016-01-31.xsd#us-gaap_OtherThanTemporaryImpairmentLossesInvestmentsPortionInOtherComprehensiveIncomeLossBeforeTaxIncludingPortionAttributableToNoncontrollingInterestHeldtomaturitySecurities' xlink:label='loc_OtherThanTemporaryImpairmentLossesInvestmentsPortionInOtherComprehensiveIncomeLossBeforeTaxIncludingPortionAttributableToNoncontrollingInterestHeldtomaturitySecurities' xlink:type='locator' />
<link:loc xlink:href='../elts/us-gaap-2016-01-31.xsd#us-gaap_OtherThanTemporaryImpairmentLossesInvestmentsPortionInOtherComprehensiveIncomeLossTaxIncludingPortionAttributableToNoncontrollingInterestHeldtomaturitySecurities' xlink:label='loc_OtherThanTemporaryImpairmentLossesInvestmentsPortionInOtherComprehensiveIncomeLossTaxIncludingPortionAttributableToNoncontrollingInterestHeldtomaturitySecurities' xlink:type='locator' />
<link:loc xlink:href='../elts/us-gaap-2016-01-31.xsd#us-gaap_OtherComprehensiveIncomeLossNetOfTaxPortionAttributableToNoncontrollingInterest' xlink:label='loc_OtherComprehensiveIncomeLossNetOfTaxPortionAttributableToNoncontrollingInterest' xlink:type='locator' />
<link:loc xlink:href='../elts/us-gaap-2016-01-31.xsd#us-gaap_OtherComprehensiveIncomeAvailableforsaleSecuritiesAdjustmentNetOfTaxPortionAttributableToNoncontrollingInterest' xlink:label='loc_OtherComprehensiveIncomeAvailableforsaleSecuritiesAdjustmentNetOfTaxPortionAttributableToNoncontrollingInterest' xlink:type='locator' />
<link:loc xlink:href='../elts/us-gaap-2016-01-31.xsd#us-gaap_OtherComprehensiveIncomeAvailableforsaleSecuritiesAdjustmentBeforeTaxPortionAttributableToNoncontrollingInterest' xlink:label='loc_OtherComprehensiveIncomeAvailableforsaleSecuritiesAdjustmentBeforeTaxPortionAttributableToNoncontrollingInterest' xlink:type='locator' />
<link:loc xlink:href='../elts/us-gaap-2016-01-31.xsd#us-gaap_OtherComprehensiveIncomeAvailableforsaleSecuritiesTaxPortionAttributableToNoncontrollingInterest' xlink:label='loc_OtherComprehensiveIncomeAvailableforsaleSecuritiesTaxPortionAttributableToNoncontrollingInterest' xlink:type='locator' />
<link:loc xlink:href='../elts/us-gaap-2016-01-31.xsd#us-gaap_OtherComprehensiveIncomeDerivativesQualifyingAsHedgesNetOfTaxPortionAttributableToNoncontrollingInterest' xlink:label='loc_OtherComprehensiveIncomeDerivativesQualifyingAsHedgesNetOfTaxPortionAttributableToNoncontrollingInterest' xlink:type='locator' />
<link:loc xlink:href='../elts/us-gaap-2016-01-31.xsd#us-gaap_OtherComprehensiveIncomeDerivativesQualifyingAsHedgesBeforeTaxPortionAttributableToNoncontrollingInterest' xlink:label='loc_OtherComprehensiveIncomeDerivativesQualifyingAsHedgesBeforeTaxPortionAttributableToNoncontrollingInterest' xlink:type='locator' />
<link:loc xlink:href='../elts/us-gaap-2016-01-31.xsd#us-gaap_OtherComprehensiveIncomeDerivativesQualifyingAsHedgesTaxPortionAttributableToNoncontrollingInterest' xlink:label='loc_OtherComprehensiveIncomeDerivativesQualifyingAsHedgesTaxPortionAttributableToNoncontrollingInterest' xlink:type='locator' />
<link:loc xlink:href='../elts/us-gaap-2016-01-31.xsd#us-gaap_OtherComprehensiveIncomeForeignCurrencyTransactionAndTranslationAdjustmentNetOfTaxPortionAttributableToNoncontrollingInterest' xlink:label='loc_OtherComprehensiveIncomeForeignCurrencyTransactionAndTranslationAdjustmentNetOfTaxPortionAttributableToNoncontrollingInterest' xlink:type='locator' />
<link:loc xlink:href='../elts/us-gaap-2016-01-31.xsd#us-gaap_OtherComprehensiveIncomeForeignCurrencyTransactionAndTranslationAdjustmentBeforeTaxPortionAttributableToNoncontrollingInterest' xlink:label='loc_OtherComprehensiveIncomeForeignCurrencyTransactionAndTranslationAdjustmentBeforeTaxPortionAttributableToNoncontrollingInterest' xlink:type='locator' />
<link:loc xlink:href='../elts/us-gaap-2016-01-31.xsd#us-gaap_OtherComprehensiveIncomeForeignCurrencyTranslationAdjustmentTaxPortionAttributableToNoncontrollingInterest' xlink:label='loc_OtherComprehensiveIncomeForeignCurrencyTranslationAdjustmentTaxPortionAttributableToNoncontrollingInterest' xlink:type='locator' />
<link:loc xlink:href='../elts/us-gaap-2016-01-31.xsd#us-gaap_OtherComprehensiveIncomeDefinedBenefitPlansAdjustmentNetOfTaxPortionAttributableToNoncontrollingInterest' xlink:label='loc_OtherComprehensiveIncomeDefinedBenefitPlansAdjustmentNetOfTaxPortionAttributableToNoncontrollingInterest' xlink:type='locator' />
<link:loc xlink:href='../elts/us-gaap-2016-01-31.xsd#us-gaap_OtherComprehensiveIncomeDefinedBenefitPlansAdjustmentBeforeTaxPortionAttributableToNoncontrollingInterest' xlink:label='loc_OtherComprehensiveIncomeDefinedBenefitPlansAdjustmentBeforeTaxPortionAttributableToNoncontrollingInterest' xlink:type='locator' />
<link:loc xlink:href='../elts/us-gaap-2016-01-31.xsd#us-gaap_OtherComprehensiveIncomeDefinedBenefitPlansTaxPortionAttributableToNoncontrollingInterest' xlink:label='loc_OtherComprehensiveIncomeDefinedBenefitPlansTaxPortionAttributableToNoncontrollingInterest' xlink:type='locator' />
<link:loc xlink:href='../elts/us-gaap-2016-01-31.xsd#us-gaap_OtherThanTemporaryImpairmentLossesInvestmentsPortionInOtherComprehensiveIncomeLossNetOfTaxPortionAttributableToNoncontrollingInterest' xlink:label='loc_OtherThanTemporaryImpairmentLossesInvestmentsPortionInOtherComprehensiveIncomeLossNetOfTaxPortionAttributableToNoncontrollingInterest' xlink:type='locator' />
<link:loc xlink:href='../elts/us-gaap-2016-01-31.xsd#us-gaap_OtherThanTemporaryImpairmentLossesInvestmentsPortionInOtherComprehensiveIncomeLossNetOfTaxPortionAttributableToNoncontrollingInterestAvailableforsaleSecurities' xlink:label='loc_OtherThanTemporaryImpairmentLossesInvestmentsPortionInOtherComprehensiveIncomeLossNetOfTaxPortionAttributableToNoncontrollingInterestAvailableforsaleSecurities' xlink:type='locator' />
<link:loc xlink:href='../elts/us-gaap-2016-01-31.xsd#us-gaap_OtherThanTemporaryImpairmentLossesInvestmentsPortionInOtherComprehensiveIncomeLossBeforeTaxPortionAttributableToNoncontrollingInterestAvailableforsaleSecurities' xlink:label='loc_OtherThanTemporaryImpairmentLossesInvestmentsPortionInOtherComprehensiveIncomeLossBeforeTaxPortionAttributableToNoncontrollingInterestAvailableforsaleSecurities' xlink:type='locator' />
<link:loc xlink:href='../elts/us-gaap-2016-01-31.xsd#us-gaap_OtherThanTemporaryImpairmentLossesInvestmentsPortionInOtherComprehensiveIncomeLossTaxPortionAttributableToNoncontrollingInterestAvailableforsaleSecurities' xlink:label='loc_OtherThanTemporaryImpairmentLossesInvestmentsPortionInOtherComprehensiveIncomeLossTaxPortionAttributableToNoncontrollingInterestAvailableforsaleSecurities' xlink:type='locator' />
<link:loc xlink:href='../elts/us-gaap-2016-01-31.xsd#us-gaap_OtherThanTemporaryImpairmentLossesInvestmentsPortionInOtherComprehensiveIncomeLossNetOfTaxPortionAttributableToNoncontrollingInterestHeldtomaturitySecurities' xlink:label='loc_OtherThanTemporaryImpairmentLossesInvestmentsPortionInOtherComprehensiveIncomeLossNetOfTaxPortionAttributableToNoncontrollingInterestHeldtomaturitySecurities' xlink:type='locator' />
<link:loc xlink:href='../elts/us-gaap-2016-01-31.xsd#us-gaap_OtherThanTemporaryImpairmentLossesInvestmentsPortionInOtherComprehensiveIncomeLossBeforeTaxPortionAttributableToNoncontrollingInterestHeldtomaturitySecurities' xlink:label='loc_OtherThanTemporaryImpairmentLossesInvestmentsPortionInOtherComprehensiveIncomeLossBeforeTaxPortionAttributableToNoncontrollingInterestHeldtomaturitySecurities' xlink:type='locator' />
<link:loc xlink:href='../elts/us-gaap-2016-01-31.xsd#us-gaap_OtherThanTemporaryImpairmentLossesInvestmentsPortionInOtherComprehensiveIncomeLossTaxPortionAttributableToNoncontrollingInterestHeldtomaturitySecurities' xlink:label='loc_OtherThanTemporaryImpairmentLossesInvestmentsPortionInOtherComprehensiveIncomeLossTaxPortionAttributableToNoncontrollingInterestHeldtomaturitySecurities' xlink:type='locator' />
<link:loc xlink:href='../elts/us-gaap-2016-01-31.xsd#us-gaap_OtherThanTemporaryImpairmentLossesInvestmentsPortionInOtherComprehensiveIncomeLossNetOfTaxPortionAttributableToParent' xlink:label='loc_OtherThanTemporaryImpairmentLossesInvestmentsPortionInOtherComprehensiveIncomeLossNetOfTaxPortionAttributableToParent' xlink:type='locator' />
<link:loc xlink:href='../elts/us-gaap-2016-01-31.xsd#us-gaap_OtherThanTemporaryImpairmentLossesInvestmentsPortionInOtherComprehensiveIncomeLossBeforeTaxPortionAttributableToParent' xlink:label='loc_OtherThanTemporaryImpairmentLossesInvestmentsPortionInOtherComprehensiveIncomeLossBeforeTaxPortionAttributableToParent' xlink:type='locator' />
<link:loc xlink:href='../elts/us-gaap-2016-01-31.xsd#us-gaap_OtherThanTemporaryImpairmentLossesInvestmentsPortionInOtherComprehensiveIncomeLossBeforeTaxIncludingPortionAttributableToNoncontrollingInterest' xlink:label='loc_OtherThanTemporaryImpairmentLossesInvestmentsPortionInOtherComprehensiveIncomeLossBeforeTaxIncludingPortionAttributableToNoncontrollingInterest' xlink:type='locator' />
<link:loc xlink:href='../elts/us-gaap-2016-01-31.xsd#us-gaap_OtherThanTemporaryImpairmentLossesInvestmentsPortionInOtherComprehensiveIncomeLossBeforeTaxPortionAttributableToNoncontrollingInterest' xlink:label='loc_OtherThanTemporaryImpairmentLossesInvestmentsPortionInOtherComprehensiveIncomeLossBeforeTaxPortionAttributableToNoncontrollingInterest' xlink:type='locator' />
<link:loc xlink:href='../elts/us-gaap-2016-01-31.xsd#us-gaap_OtherThanTemporaryImpairmentLossesInvestmentsPortionInOtherComprehensiveIncomeLossTaxPortionAttributableToParent' xlink:label='loc_OtherThanTemporaryImpairmentLossesInvestmentsPortionInOtherComprehensiveIncomeLossTaxPortionAttributableToParent' xlink:type='locator' />
<link:loc xlink:href='../elts/us-gaap-2016-01-31.xsd#us-gaap_OtherThanTemporaryImpairmentLossesInvestmentsPortionInOtherComprehensiveIncomeLossTaxIncludingPortionAttributableToNoncontrollingInterest' xlink:label='loc_OtherThanTemporaryImpairmentLossesInvestmentsPortionInOtherComprehensiveIncomeLossTaxIncludingPortionAttributableToNoncontrollingInterest' xlink:type='locator' />
<link:loc xlink:href='../elts/us-gaap-2016-01-31.xsd#us-gaap_OtherThanTemporaryImpairmentLossesInvestmentsPortionInOtherComprehensiveIncomeLossTaxPortionAttributableToNoncontrollingInterest' xlink:label='loc_OtherThanTemporaryImpairmentLossesInvestmentsPortionInOtherComprehensiveIncomeLossTaxPortionAttributableToNoncontrollingInterest' xlink:type='locator' />
<link:calculationArc order='10' weight='1.0' xlink:arcrole='http://www.xbrl.org/2003/arcrole/summation-item' xlink:from='loc_DefinedBenefitPlanAmountsRecognizedInOtherComprehensiveIncomeLossNetGainLossBeforeTax' xlink:to='loc_OtherComprehensiveIncomeLossPensionAndOtherPostretirementBenefitPlansNetUnamortizedGainLossArisingDuringPeriodBeforeTax' xlink:type='arc' />
<link:calculationArc order='20' weight='-1.0' xlink:arcrole='http://www.xbrl.org/2003/arcrole/summation-item' xlink:from='loc_DefinedBenefitPlanAmountsRecognizedInOtherComprehensiveIncomeLossNetGainLossBeforeTax' xlink:to='loc_OtherComprehensiveIncomeLossReclassificationAdjustmentFromAOCIPensionAndOtherPostretirementBenefitPlansForNetGainLossBeforeTax' xlink:type='arc' />
<link:calculationArc order='10' weight='1.0' xlink:arcrole='http://www.xbrl.org/2003/arcrole/summation-item' xlink:from='loc_DefinedBenefitPlanAmountsRecognizedInOtherComprehensiveIncomeNetPriorServiceCostCreditBeforeTax' xlink:to='loc_OtherComprehensiveIncomeDefinedBenefitPlanNetPriorServiceCostCreditArisingDuringPeriodBeforeTax' xlink:type='arc' />
<link:calculationArc order='20' weight='-1.0' xlink:arcrole='http://www.xbrl.org/2003/arcrole/summation-item' xlink:from='loc_DefinedBenefitPlanAmountsRecognizedInOtherComprehensiveIncomeNetPriorServiceCostCreditBeforeTax' xlink:to='loc_OtherComprehensiveIncomeLossAmortizationAdjustmentFromAOCIPensionAndOtherPostretirementBenefitPlansForNetPriorServiceCostCreditBeforeTax' xlink:type='arc' />
<link:calculationArc order='10' weight='1.0' xlink:arcrole='http://www.xbrl.org/2003/arcrole/summation-item' xlink:from='loc_OtherComprehensiveIncomeLossNetOfTaxPortionAttributableToParent' xlink:to='loc_OtherComprehensiveIncomeLossNetOfTax' xlink:type='arc' />
<link:calculationArc order='10' weight='1.0' xlink:arcrole='http://www.xbrl.org/2003/arcrole/summation-item' xlink:from='loc_OtherComprehensiveIncomeLossNetOfTax' xlink:to='loc_OtherComprehensiveIncomeLossAvailableForSaleSecuritiesAdjustmentNetOfTax' xlink:type='arc' />
<link:calculationArc order='10' weight='1.0' xlink:arcrole='http://www.xbrl.org/2003/arcrole/summation-item' xlink:from='loc_OtherComprehensiveIncomeLossAvailableForSaleSecuritiesAdjustmentNetOfTax' xlink:to='loc_OtherComprehensiveIncomeLossAvailableForSaleSecuritiesAdjustmentBeforeTax' xlink:type='arc' />
<link:calculationArc order='10' weight='1.0' xlink:arcrole='http://www.xbrl.org/2003/arcrole/summation-item' xlink:from='loc_OtherComprehensiveIncomeLossAvailableForSaleSecuritiesAdjustmentBeforeTax' xlink:to='loc_OtherComprehensiveIncomeLossAvailableForSaleSecuritiesAdjustmentBeforeReclassificationAdjustmentsAndTax' xlink:type='arc' />
<link:calculationArc order='10' weight='1.0' xlink:arcrole='http://www.xbrl.org/2003/arcrole/summation-item' xlink:from='loc_OtherComprehensiveIncomeLossAvailableForSaleSecuritiesAdjustmentBeforeReclassificationAdjustmentsAndTax' xlink:to='loc_OtherComprehensiveIncomeUnrealizedHoldingGainLossOnSecuritiesArisingDuringPeriodBeforeTax' xlink:type='arc' />
<link:calculationArc order='20' weight='1.0' xlink:arcrole='http://www.xbrl.org/2003/arcrole/summation-item' xlink:from='loc_OtherComprehensiveIncomeLossAvailableForSaleSecuritiesAdjustmentBeforeReclassificationAdjustmentsAndTax' xlink:to='loc_OtherComprehensiveIncomeReclassificationAdjustmentForHeldToMaturityTransferredToAvailableForSaleSecuritiesBeforeTax' xlink:type='arc' />
<link:calculationArc order='20' weight='1.0' xlink:arcrole='http://www.xbrl.org/2003/arcrole/summation-item' xlink:from='loc_OtherComprehensiveIncomeLossAvailableForSaleSecuritiesAdjustmentBeforeTax' xlink:to='loc_OtherComprehensiveIncomeLossReclassificationAdjustmentFromAOCIForWritedownOfSecuritiesBeforeTax' xlink:type='arc' />
<link:calculationArc order='30' weight='-1.0' xlink:arcrole='http://www.xbrl.org/2003/arcrole/summation-item' xlink:from='loc_OtherComprehensiveIncomeLossAvailableForSaleSecuritiesAdjustmentBeforeTax' xlink:to='loc_OtherComprehensiveIncomeLossReclassificationAdjustmentFromAOCIForSaleOfSecuritiesBeforeTax' xlink:type='arc' />
<link:calculationArc order='20' weight='-1.0' xlink:arcrole='http://www.xbrl.org/2003/arcrole/summation-item' xlink:from='loc_OtherComprehensiveIncomeLossAvailableForSaleSecuritiesAdjustmentNetOfTax' xlink:to='loc_OtherComprehensiveIncomeLossAvailableForSaleSecuritiesTax' xlink:type='arc' />
<link:calculationArc order='10' weight='1.0' xlink:arcrole='http://www.xbrl.org/2003/arcrole/summation-item' xlink:from='loc_OtherComprehensiveIncomeLossAvailableForSaleSecuritiesTax' xlink:to='loc_OtherComprehensiveIncomeLossAvailableForSaleSecuritiesBeforeReclassificationAdjustmentsTax' xlink:type='arc' />
<link:calculationArc order='10' weight='1.0' xlink:arcrole='http://www.xbrl.org/2003/arcrole/summation-item' xlink:from='loc_OtherComprehensiveIncomeLossAvailableForSaleSecuritiesBeforeReclassificationAdjustmentsTax' xlink:to='loc_OtherComprehensiveIncomeUnrealizedHoldingGainLossOnSecuritiesArisingDuringPeriodTax' xlink:type='arc' />
<link:calculationArc order='20' weight='1.0' xlink:arcrole='http://www.xbrl.org/2003/arcrole/summation-item' xlink:from='loc_OtherComprehensiveIncomeLossAvailableForSaleSecuritiesBeforeReclassificationAdjustmentsTax' xlink:to='loc_OtherComprehensiveIncomeReclassificationAdjustmentForHeldToMaturityTransferredToAvailableForSaleSecuritiesTax' xlink:type='arc' />
<link:calculationArc order='20' weight='1.0' xlink:arcrole='http://www.xbrl.org/2003/arcrole/summation-item' xlink:from='loc_OtherComprehensiveIncomeLossAvailableForSaleSecuritiesTax' xlink:to='loc_OtherComprehensiveIncomeLossReclassificationAdjustmentFromAOCIForWritedownOfSecuritiesTax' xlink:type='arc' />
<link:calculationArc order='30' weight='-1.0' xlink:arcrole='http://www.xbrl.org/2003/arcrole/summation-item' xlink:from='loc_OtherComprehensiveIncomeLossAvailableForSaleSecuritiesTax' xlink:to='loc_OtherComprehensiveIncomeLossReclassificationAdjustmentFromAOCIForSaleOfSecuritiesTax' xlink:type='arc' />
<link:calculationArc order='20' weight='1.0' xlink:arcrole='http://www.xbrl.org/2003/arcrole/summation-item' xlink:from='loc_OtherComprehensiveIncomeLossNetOfTax' xlink:to='loc_OtherComprehensiveIncomeLossDerivativesQualifyingAsHedgesNetOfTax' xlink:type='arc' />
<link:calculationArc order='10' weight='1.0' xlink:arcrole='http://www.xbrl.org/2003/arcrole/summation-item' xlink:from='loc_OtherComprehensiveIncomeLossDerivativesQualifyingAsHedgesNetOfTax' xlink:to='loc_OtherComprehensiveIncomeLossDerivativesQualifyingAsHedgesBeforeTax' xlink:type='arc' />
<link:calculationArc order='10' weight='1.0' xlink:arcrole='http://www.xbrl.org/2003/arcrole/summation-item' xlink:from='loc_OtherComprehensiveIncomeLossDerivativesQualifyingAsHedgesBeforeTax' xlink:to='loc_OtherComprehensiveIncomeUnrealizedGainLossOnDerivativesArisingDuringPeriodBeforeTax' xlink:type='arc' />
<link:calculationArc order='20' weight='-1.0' xlink:arcrole='http://www.xbrl.org/2003/arcrole/summation-item' xlink:from='loc_OtherComprehensiveIncomeLossDerivativesQualifyingAsHedgesBeforeTax' xlink:to='loc_OtherComprehensiveIncomeLossReclassificationAdjustmentFromAOCIOnDerivativesBeforeTax' xlink:type='arc' />
<link:calculationArc order='20' weight='-1.0' xlink:arcrole='http://www.xbrl.org/2003/arcrole/summation-item' xlink:from='loc_OtherComprehensiveIncomeLossDerivativesQualifyingAsHedgesNetOfTax' xlink:to='loc_OtherComprehensiveIncomeLossDerivativesQualifyingAsHedgesTax' xlink:type='arc' />
<link:calculationArc order='10' weight='1.0' xlink:arcrole='http://www.xbrl.org/2003/arcrole/summation-item' xlink:from='loc_OtherComprehensiveIncomeLossDerivativesQualifyingAsHedgesTax' xlink:to='loc_OtherComprehensiveIncomeUnrealizedGainLossOnDerivativesArisingDuringPeriodTax' xlink:type='arc' />
<link:calculationArc order='20' weight='-1.0' xlink:arcrole='http://www.xbrl.org/2003/arcrole/summation-item' xlink:from='loc_OtherComprehensiveIncomeLossDerivativesQualifyingAsHedgesTax' xlink:to='loc_OtherComprehensiveIncomeLossReclassificationAdjustmentFromAOCIOnDerivativesTax' xlink:type='arc' />
<link:calculationArc order='30' weight='1.0' xlink:arcrole='http://www.xbrl.org/2003/arcrole/summation-item' xlink:from='loc_OtherComprehensiveIncomeLossNetOfTax' xlink:to='loc_OtherComprehensiveIncomeLossForeignCurrencyTransactionAndTranslationAdjustmentNetOfTax' xlink:type='arc' />
<link:calculationArc order='10' weight='1.0' xlink:arcrole='http://www.xbrl.org/2003/arcrole/summation-item' xlink:from='loc_OtherComprehensiveIncomeLossForeignCurrencyTransactionAndTranslationAdjustmentNetOfTax' xlink:to='loc_OtherComprehensiveIncomeLossForeignCurrencyTransactionAndTranslationAdjustmentBeforeTax' xlink:type='arc' />
<link:calculationArc order='10' weight='1.0' xlink:arcrole='http://www.xbrl.org/2003/arcrole/summation-item' xlink:from='loc_OtherComprehensiveIncomeLossForeignCurrencyTransactionAndTranslationAdjustmentBeforeTax' xlink:to='loc_OtherComprehensiveIncomeForeignCurrencyTransactionAndTranslationGainLossBeforeReclassificationAndTax' xlink:type='arc' />
<link:calculationArc order='20' weight='-1.0' xlink:arcrole='http://www.xbrl.org/2003/arcrole/summation-item' xlink:from='loc_OtherComprehensiveIncomeLossForeignCurrencyTransactionAndTranslationAdjustmentBeforeTax' xlink:to='loc_OtherComprehensiveIncomeLossForeignCurrencyTransactionAndTranslationReclassificationAdjustmentFromAOCIRealizedUponSaleOrLiquidationBeforeTax' xlink:type='arc' />
<link:calculationArc order='20' weight='-1.0' xlink:arcrole='http://www.xbrl.org/2003/arcrole/summation-item' xlink:from='loc_OtherComprehensiveIncomeLossForeignCurrencyTransactionAndTranslationAdjustmentNetOfTax' xlink:to='loc_OtherComprehensiveIncomeLossForeignCurrencyTranslationAdjustmentTax' xlink:type='arc' />
<link:calculationArc order='10' weight='1.0' xlink:arcrole='http://www.xbrl.org/2003/arcrole/summation-item' xlink:from='loc_OtherComprehensiveIncomeLossForeignCurrencyTranslationAdjustmentTax' xlink:to='loc_OtherComprehensiveIncomeForeignCurrencyTranslationGainLossArisingDuringPeriodTax' xlink:type='arc' />
<link:calculationArc order='20' weight='-1.0' xlink:arcrole='http://www.xbrl.org/2003/arcrole/summation-item' xlink:from='loc_OtherComprehensiveIncomeLossForeignCurrencyTranslationAdjustmentTax' xlink:to='loc_OtherComprehensiveIncomeLossForeignCurrencyTransactionAndTranslationReclassificationAdjustmentFromAOCIRealizedUponSaleOrLiquidationTax' xlink:type='arc' />
<link:calculationArc order='40' weight='-1.0' xlink:arcrole='http://www.xbrl.org/2003/arcrole/summation-item' xlink:from='loc_OtherComprehensiveIncomeLossNetOfTax' xlink:to='loc_OtherComprehensiveIncomeLossPensionAndOtherPostretirementBenefitPlansAdjustmentNetOfTax' xlink:type='arc' />
<link:calculationArc order='10' weight='1.0' xlink:arcrole='http://www.xbrl.org/2003/arcrole/summation-item' xlink:from='loc_OtherComprehensiveIncomeLossPensionAndOtherPostretirementBenefitPlansAdjustmentNetOfTax' xlink:to='loc_OtherComprehensiveIncomeLossPensionAndOtherPostretirementBenefitPlansAdjustmentBeforeTax' xlink:type='arc' />
<link:calculationArc order='20' weight='-1.0' xlink:arcrole='http://www.xbrl.org/2003/arcrole/summation-item' xlink:from='loc_OtherComprehensiveIncomeLossPensionAndOtherPostretirementBenefitPlansAdjustmentNetOfTax' xlink:to='loc_OtherComprehensiveIncomeLossPensionAndOtherPostretirementBenefitPlansTax' xlink:type='arc' />
<link:calculationArc order='50' weight='-1.0' xlink:arcrole='http://www.xbrl.org/2003/arcrole/summation-item' xlink:from='loc_OtherComprehensiveIncomeLossNetOfTax' xlink:to='loc_OtherThanTemporaryImpairmentLossesInvestmentsPortionInOtherComprehensiveIncomeLossNetOfTaxIncludingPortionAttributableToNoncontrollingInterest' xlink:type='arc' />
<link:calculationArc order='10' weight='1.0' xlink:arcrole='http://www.xbrl.org/2003/arcrole/summation-item' xlink:from='loc_OtherThanTemporaryImpairmentLossesInvestmentsPortionInOtherComprehensiveIncomeLossNetOfTaxIncludingPortionAttributableToNoncontrollingInterest' xlink:to='loc_OtherThanTemporaryImpairmentLossesInvestmentsPortionInOtherComprehensiveIncomeLossNetOfTaxIncludingPortionAttributableToNoncontrollingInterestAvailableforsaleSecurities' xlink:type='arc' />
<link:calculationArc order='10' weight='1.0' xlink:arcrole='http://www.xbrl.org/2003/arcrole/summation-item' xlink:from='loc_OtherThanTemporaryImpairmentLossesInvestmentsPortionInOtherComprehensiveIncomeLossNetOfTaxIncludingPortionAttributableToNoncontrollingInterestAvailableforsaleSecurities' xlink:to='loc_OtherThanTemporaryImpairmentLossesInvestmentsPortionInOtherComprehensiveIncomeLossBeforeTaxIncludingPortionAttributableToNoncontrollingInterestAvailableforsaleSecurities' xlink:type='arc' />
<link:calculationArc order='20' weight='-1.0' xlink:arcrole='http://www.xbrl.org/2003/arcrole/summation-item' xlink:from='loc_OtherThanTemporaryImpairmentLossesInvestmentsPortionInOtherComprehensiveIncomeLossNetOfTaxIncludingPortionAttributableToNoncontrollingInterestAvailableforsaleSecurities' xlink:to='loc_OtherThanTemporaryImpairmentLossesInvestmentsPortionInOtherComprehensiveIncomeLossTaxIncludingPortionAttributableToNoncontrollingInterestAvailableforsaleSecurities' xlink:type='arc' />
<link:calculationArc order='20' weight='1.0' xlink:arcrole='http://www.xbrl.org/2003/arcrole/summation-item' xlink:from='loc_OtherThanTemporaryImpairmentLossesInvestmentsPortionInOtherComprehensiveIncomeLossNetOfTaxIncludingPortionAttributableToNoncontrollingInterest' xlink:to='loc_OtherThanTemporaryImpairmentLossesInvestmentsPortionInOtherComprehensiveIncomeLossNetOfTaxIncludingPortionAttributableToNoncontrollingInterestHeldtomaturitySecurities' xlink:type='arc' />
<link:calculationArc order='10' weight='1.0' xlink:arcrole='http://www.xbrl.org/2003/arcrole/summation-item' xlink:from='loc_OtherThanTemporaryImpairmentLossesInvestmentsPortionInOtherComprehensiveIncomeLossNetOfTaxIncludingPortionAttributableToNoncontrollingInterestHeldtomaturitySecurities' xlink:to='loc_OtherThanTemporaryImpairmentLossesInvestmentsPortionInOtherComprehensiveIncomeLossBeforeTaxIncludingPortionAttributableToNoncontrollingInterestHeldtomaturitySecurities' xlink:type='arc' />
<link:calculationArc order='20' weight='-1.0' xlink:arcrole='http://www.xbrl.org/2003/arcrole/summation-item' xlink:from='loc_OtherThanTemporaryImpairmentLossesInvestmentsPortionInOtherComprehensiveIncomeLossNetOfTaxIncludingPortionAttributableToNoncontrollingInterestHeldtomaturitySecurities' xlink:to='loc_OtherThanTemporaryImpairmentLossesInvestmentsPortionInOtherComprehensiveIncomeLossTaxIncludingPortionAttributableToNoncontrollingInterestHeldtomaturitySecurities' xlink:type='arc' />
<link:calculationArc order='20' weight='-1.0' xlink:arcrole='http://www.xbrl.org/2003/arcrole/summation-item' xlink:from='loc_OtherComprehensiveIncomeLossNetOfTaxPortionAttributableToParent' xlink:to='loc_OtherComprehensiveIncomeLossNetOfTaxPortionAttributableToNoncontrollingInterest' xlink:type='arc' />
<link:calculationArc order='10' weight='1.0' xlink:arcrole='http://www.xbrl.org/2003/arcrole/summation-item' xlink:from='loc_OtherComprehensiveIncomeLossNetOfTaxPortionAttributableToNoncontrollingInterest' xlink:to='loc_OtherComprehensiveIncomeAvailableforsaleSecuritiesAdjustmentNetOfTaxPortionAttributableToNoncontrollingInterest' xlink:type='arc' />
<link:calculationArc order='10' weight='1.0' xlink:arcrole='http://www.xbrl.org/2003/arcrole/summation-item' xlink:from='loc_OtherComprehensiveIncomeAvailableforsaleSecuritiesAdjustmentNetOfTaxPortionAttributableToNoncontrollingInterest' xlink:to='loc_OtherComprehensiveIncomeAvailableforsaleSecuritiesAdjustmentBeforeTaxPortionAttributableToNoncontrollingInterest' xlink:type='arc' />
<link:calculationArc order='20' weight='-1.0' xlink:arcrole='http://www.xbrl.org/2003/arcrole/summation-item' xlink:from='loc_OtherComprehensiveIncomeAvailableforsaleSecuritiesAdjustmentNetOfTaxPortionAttributableToNoncontrollingInterest' xlink:to='loc_OtherComprehensiveIncomeAvailableforsaleSecuritiesTaxPortionAttributableToNoncontrollingInterest' xlink:type='arc' />
<link:calculationArc order='20' weight='1.0' xlink:arcrole='http://www.xbrl.org/2003/arcrole/summation-item' xlink:from='loc_OtherComprehensiveIncomeLossNetOfTaxPortionAttributableToNoncontrollingInterest' xlink:to='loc_OtherComprehensiveIncomeDerivativesQualifyingAsHedgesNetOfTaxPortionAttributableToNoncontrollingInterest' xlink:type='arc' />
<link:calculationArc order='10' weight='1.0' xlink:arcrole='http://www.xbrl.org/2003/arcrole/summation-item' xlink:from='loc_OtherComprehensiveIncomeDerivativesQualifyingAsHedgesNetOfTaxPortionAttributableToNoncontrollingInterest' xlink:to='loc_OtherComprehensiveIncomeDerivativesQualifyingAsHedgesBeforeTaxPortionAttributableToNoncontrollingInterest' xlink:type='arc' />
<link:calculationArc order='20' weight='-1.0' xlink:arcrole='http://www.xbrl.org/2003/arcrole/summation-item' xlink:from='loc_OtherComprehensiveIncomeDerivativesQualifyingAsHedgesNetOfTaxPortionAttributableToNoncontrollingInterest' xlink:to='loc_OtherComprehensiveIncomeDerivativesQualifyingAsHedgesTaxPortionAttributableToNoncontrollingInterest' xlink:type='arc' />
<link:calculationArc order='30' weight='1.0' xlink:arcrole='http://www.xbrl.org/2003/arcrole/summation-item' xlink:from='loc_OtherComprehensiveIncomeLossNetOfTaxPortionAttributableToNoncontrollingInterest' xlink:to='loc_OtherComprehensiveIncomeForeignCurrencyTransactionAndTranslationAdjustmentNetOfTaxPortionAttributableToNoncontrollingInterest' xlink:type='arc' />
<link:calculationArc order='10' weight='1.0' xlink:arcrole='http://www.xbrl.org/2003/arcrole/summation-item' xlink:from='loc_OtherComprehensiveIncomeForeignCurrencyTransactionAndTranslationAdjustmentNetOfTaxPortionAttributableToNoncontrollingInterest' xlink:to='loc_OtherComprehensiveIncomeForeignCurrencyTransactionAndTranslationAdjustmentBeforeTaxPortionAttributableToNoncontrollingInterest' xlink:type='arc' />
<link:calculationArc order='20' weight='-1.0' xlink:arcrole='http://www.xbrl.org/2003/arcrole/summation-item' xlink:from='loc_OtherComprehensiveIncomeForeignCurrencyTransactionAndTranslationAdjustmentNetOfTaxPortionAttributableToNoncontrollingInterest' xlink:to='loc_OtherComprehensiveIncomeForeignCurrencyTranslationAdjustmentTaxPortionAttributableToNoncontrollingInterest' xlink:type='arc' />
<link:calculationArc order='40' weight='-1.0' xlink:arcrole='http://www.xbrl.org/2003/arcrole/summation-item' xlink:from='loc_OtherComprehensiveIncomeLossNetOfTaxPortionAttributableToNoncontrollingInterest' xlink:to='loc_OtherComprehensiveIncomeDefinedBenefitPlansAdjustmentNetOfTaxPortionAttributableToNoncontrollingInterest' xlink:type='arc' />
<link:calculationArc order='10' weight='1.0' xlink:arcrole='http://www.xbrl.org/2003/arcrole/summation-item' xlink:from='loc_OtherComprehensiveIncomeDefinedBenefitPlansAdjustmentNetOfTaxPortionAttributableToNoncontrollingInterest' xlink:to='loc_OtherComprehensiveIncomeDefinedBenefitPlansAdjustmentBeforeTaxPortionAttributableToNoncontrollingInterest' xlink:type='arc' />
<link:calculationArc order='20' weight='-1.0' xlink:arcrole='http://www.xbrl.org/2003/arcrole/summation-item' xlink:from='loc_OtherComprehensiveIncomeDefinedBenefitPlansAdjustmentNetOfTaxPortionAttributableToNoncontrollingInterest' xlink:to='loc_OtherComprehensiveIncomeDefinedBenefitPlansTaxPortionAttributableToNoncontrollingInterest' xlink:type='arc' />
<link:calculationArc order='50' weight='-1.0' xlink:arcrole='http://www.xbrl.org/2003/arcrole/summation-item' xlink:from='loc_OtherComprehensiveIncomeLossNetOfTaxPortionAttributableToNoncontrollingInterest' xlink:to='loc_OtherThanTemporaryImpairmentLossesInvestmentsPortionInOtherComprehensiveIncomeLossNetOfTaxPortionAttributableToNoncontrollingInterest' xlink:type='arc' />
<link:calculationArc order='10' weight='1.0' xlink:arcrole='http://www.xbrl.org/2003/arcrole/summation-item' xlink:from='loc_OtherThanTemporaryImpairmentLossesInvestmentsPortionInOtherComprehensiveIncomeLossNetOfTaxPortionAttributableToNoncontrollingInterest' xlink:to='loc_OtherThanTemporaryImpairmentLossesInvestmentsPortionInOtherComprehensiveIncomeLossNetOfTaxPortionAttributableToNoncontrollingInterestAvailableforsaleSecurities' xlink:type='arc' />
<link:calculationArc order='10' weight='1.0' xlink:arcrole='http://www.xbrl.org/2003/arcrole/summation-item' xlink:from='loc_OtherThanTemporaryImpairmentLossesInvestmentsPortionInOtherComprehensiveIncomeLossNetOfTaxPortionAttributableToNoncontrollingInterestAvailableforsaleSecurities' xlink:to='loc_OtherThanTemporaryImpairmentLossesInvestmentsPortionInOtherComprehensiveIncomeLossBeforeTaxPortionAttributableToNoncontrollingInterestAvailableforsaleSecurities' xlink:type='arc' />
<link:calculationArc order='20' weight='-1.0' xlink:arcrole='http://www.xbrl.org/2003/arcrole/summation-item' xlink:from='loc_OtherThanTemporaryImpairmentLossesInvestmentsPortionInOtherComprehensiveIncomeLossNetOfTaxPortionAttributableToNoncontrollingInterestAvailableforsaleSecurities' xlink:to='loc_OtherThanTemporaryImpairmentLossesInvestmentsPortionInOtherComprehensiveIncomeLossTaxPortionAttributableToNoncontrollingInterestAvailableforsaleSecurities' xlink:type='arc' />
<link:calculationArc order='20' weight='1.0' xlink:arcrole='http://www.xbrl.org/2003/arcrole/summation-item' xlink:from='loc_OtherThanTemporaryImpairmentLossesInvestmentsPortionInOtherComprehensiveIncomeLossNetOfTaxPortionAttributableToNoncontrollingInterest' xlink:to='loc_OtherThanTemporaryImpairmentLossesInvestmentsPortionInOtherComprehensiveIncomeLossNetOfTaxPortionAttributableToNoncontrollingInterestHeldtomaturitySecurities' xlink:type='arc' />
<link:calculationArc order='10' weight='1.0' xlink:arcrole='http://www.xbrl.org/2003/arcrole/summation-item' xlink:from='loc_OtherThanTemporaryImpairmentLossesInvestmentsPortionInOtherComprehensiveIncomeLossNetOfTaxPortionAttributableToNoncontrollingInterestHeldtomaturitySecurities' xlink:to='loc_OtherThanTemporaryImpairmentLossesInvestmentsPortionInOtherComprehensiveIncomeLossBeforeTaxPortionAttributableToNoncontrollingInterestHeldtomaturitySecurities' xlink:type='arc' />
<link:calculationArc order='20' weight='-1.0' xlink:arcrole='http://www.xbrl.org/2003/arcrole/summation-item' xlink:from='loc_OtherThanTemporaryImpairmentLossesInvestmentsPortionInOtherComprehensiveIncomeLossNetOfTaxPortionAttributableToNoncontrollingInterestHeldtomaturitySecurities' xlink:to='loc_OtherThanTemporaryImpairmentLossesInvestmentsPortionInOtherComprehensiveIncomeLossTaxPortionAttributableToNoncontrollingInterestHeldtomaturitySecurities' xlink:type='arc' />
<link:calculationArc order='10' weight='1.0' xlink:arcrole='http://www.xbrl.org/2003/arcrole/summation-item' xlink:from='loc_OtherThanTemporaryImpairmentLossesInvestmentsPortionInOtherComprehensiveIncomeLossNetOfTaxPortionAttributableToParent' xlink:to='loc_OtherThanTemporaryImpairmentLossesInvestmentsPortionInOtherComprehensiveIncomeLossBeforeTaxPortionAttributableToParent' xlink:type='arc' />
<link:calculationArc order='10' weight='1.0' xlink:arcrole='http://www.xbrl.org/2003/arcrole/summation-item' xlink:from='loc_OtherThanTemporaryImpairmentLossesInvestmentsPortionInOtherComprehensiveIncomeLossBeforeTaxPortionAttributableToParent' xlink:to='loc_OtherThanTemporaryImpairmentLossesInvestmentsPortionInOtherComprehensiveIncomeLossBeforeTaxIncludingPortionAttributableToNoncontrollingInterest' xlink:type='arc' />
<link:calculationArc order='20' weight='-1.0' xlink:arcrole='http://www.xbrl.org/2003/arcrole/summation-item' xlink:from='loc_OtherThanTemporaryImpairmentLossesInvestmentsPortionInOtherComprehensiveIncomeLossBeforeTaxPortionAttributableToParent' xlink:to='loc_OtherThanTemporaryImpairmentLossesInvestmentsPortionInOtherComprehensiveIncomeLossBeforeTaxPortionAttributableToNoncontrollingInterest' xlink:type='arc' />
<link:calculationArc order='20' weight='-1.0' xlink:arcrole='http://www.xbrl.org/2003/arcrole/summation-item' xlink:from='loc_OtherThanTemporaryImpairmentLossesInvestmentsPortionInOtherComprehensiveIncomeLossNetOfTaxPortionAttributableToParent' xlink:to='loc_OtherThanTemporaryImpairmentLossesInvestmentsPortionInOtherComprehensiveIncomeLossTaxPortionAttributableToParent' xlink:type='arc' />
<link:calculationArc order='10' weight='1.0' xlink:arcrole='http://www.xbrl.org/2003/arcrole/summation-item' xlink:from='loc_OtherThanTemporaryImpairmentLossesInvestmentsPortionInOtherComprehensiveIncomeLossTaxPortionAttributableToParent' xlink:to='loc_OtherThanTemporaryImpairmentLossesInvestmentsPortionInOtherComprehensiveIncomeLossTaxIncludingPortionAttributableToNoncontrollingInterest' xlink:type='arc' />
<link:calculationArc order='20' weight='-1.0' xlink:arcrole='http://www.xbrl.org/2003/arcrole/summation-item' xlink:from='loc_OtherThanTemporaryImpairmentLossesInvestmentsPortionInOtherComprehensiveIncomeLossTaxPortionAttributableToParent' xlink:to='loc_OtherThanTemporaryImpairmentLossesInvestmentsPortionInOtherComprehensiveIncomeLossTaxPortionAttributableToNoncontrollingInterest' xlink:type='arc' />
</link:calculationLink>
</link:linkbase>
