<?xml version='1.0' encoding='UTF-8'?>

<!--
(c) 2010-2023 Financial Accounting Foundation; (c) 2007-2010 XBRL US, Inc.  All Rights Reserved.
Notice: Authorized Uses are Set Forth at https://xbrl.fasb.org/terms/SRT_TermsConditions.html
  -->
<link:linkbase xmlns:link='http://www.xbrl.org/2003/linkbase' xmlns:xbrldt='http://xbrl.org/2005/xbrldt' xmlns:xlink='http://www.w3.org/1999/xlink' xmlns:xsi='http://www.w3.org/2001/XMLSchema-instance' xsi:schemaLocation='http://www.xbrl.org/2003/linkbase http://www.xbrl.org/2003/xbrl-linkbase-2003-12-31.xsd'>
  <link:roleRef roleURI='http://fasb.org/srt/role/disclosure/OtherLiabilitiesPlatformOperatorCryptoAssetTable' xlink:href='../elts/srt-roles-2023.xsd#OtherLiabilitiesPlatformOperatorCryptoAssetTable' xlink:type='simple' />
  <link:arcroleRef arcroleURI='http://xbrl.org/int/dim/arcrole/all' xlink:href='http://www.xbrl.org/2005/xbrldt-2005.xsd#all' xlink:type='simple' />
  <link:arcroleRef arcroleURI='http://xbrl.org/int/dim/arcrole/hypercube-dimension' xlink:href='http://www.xbrl.org/2005/xbrldt-2005.xsd#hypercube-dimension' xlink:type='simple' />
  <link:arcroleRef arcroleURI='http://xbrl.org/int/dim/arcrole/dimension-domain' xlink:href='http://www.xbrl.org/2005/xbrldt-2005.xsd#dimension-domain' xlink:type='simple' />
  <link:arcroleRef arcroleURI='http://xbrl.org/int/dim/arcrole/dimension-default' xlink:href='http://www.xbrl.org/2005/xbrldt-2005.xsd#dimension-default' xlink:type='simple' />
  <link:arcroleRef arcroleURI='http://xbrl.org/int/dim/arcrole/domain-member' xlink:href='http://www.xbrl.org/2005/xbrldt-2005.xsd#domain-member' xlink:type='simple' />
  <link:definitionLink xlink:role='http://fasb.org/srt/role/disclosure/OtherLiabilitiesPlatformOperatorCryptoAssetTable' xlink:type='extended'>
    <link:loc xlink:href='../elts/srt-2023.xsd#srt_PlatformOperatorCryptoAssetTable' xlink:label='loc_PlatformOperatorCryptoAssetTable' xlink:type='locator' />
    <link:loc xlink:href='../elts/srt-2023.xsd#srt_PlatformOperatorCryptoAssetLineItems' xlink:label='loc_PlatformOperatorCryptoAssetLineItems' xlink:type='locator' />
    <link:definitionArc order='1.0' xbrldt:closed='true' xbrldt:contextElement='segment' xlink:arcrole='http://xbrl.org/int/dim/arcrole/all' xlink:from='loc_PlatformOperatorCryptoAssetLineItems' xlink:to='loc_PlatformOperatorCryptoAssetTable' xlink:type='arc' />
  </link:definitionLink>
  <link:definitionLink xlink:role='http://fasb.org/srt/role/disclosure/OtherLiabilitiesPlatformOperatorCryptoAssetTable' xlink:type='extended'>
    <link:loc xlink:href='../elts/srt-2023.xsd#srt_PlatformOperatorCryptoAssetTable' xlink:label='loc_PlatformOperatorCryptoAssetTable' xlink:type='locator' />
    <link:loc xlink:href='../elts/srt-2023.xsd#srt_CryptoAssetAxis' xlink:label='loc_CryptoAssetAxis' xlink:type='locator' />
    <link:definitionArc order='1.0' xlink:arcrole='http://xbrl.org/int/dim/arcrole/hypercube-dimension' xlink:from='loc_PlatformOperatorCryptoAssetTable' xlink:to='loc_CryptoAssetAxis' xlink:type='arc' />
  </link:definitionLink>
  <link:definitionLink xlink:role='http://fasb.org/srt/role/disclosure/OtherLiabilitiesPlatformOperatorCryptoAssetTable' xlink:type='extended'>
    <link:loc xlink:href='../elts/srt-2023.xsd#srt_CryptoAssetAxis' xlink:label='loc_CryptoAssetAxis' xlink:type='locator' />
    <link:loc xlink:href='../elts/srt-2023.xsd#srt_CryptoAssetDomain' xlink:label='loc_CryptoAssetDomain' xlink:type='locator' />
    <link:definitionArc order='1.0' xlink:arcrole='http://xbrl.org/int/dim/arcrole/dimension-domain' xlink:from='loc_CryptoAssetAxis' xlink:to='loc_CryptoAssetDomain' xlink:type='arc' />
  </link:definitionLink>
  <link:definitionLink xlink:role='http://fasb.org/srt/role/disclosure/OtherLiabilitiesPlatformOperatorCryptoAssetTable' xlink:type='extended'>
    <link:loc xlink:href='../elts/srt-2023.xsd#srt_CryptoAssetAxis' xlink:label='loc_CryptoAssetAxis' xlink:type='locator' />
    <link:loc xlink:href='../elts/srt-2023.xsd#srt_CryptoAssetDomain' xlink:label='loc_CryptoAssetDomain' xlink:type='locator' />
    <link:definitionArc order='1.0' xlink:arcrole='http://xbrl.org/int/dim/arcrole/dimension-default' xlink:from='loc_CryptoAssetAxis' xlink:to='loc_CryptoAssetDomain' xlink:type='arc' />
  </link:definitionLink>
  <link:definitionLink xlink:role='http://fasb.org/srt/role/disclosure/OtherLiabilitiesPlatformOperatorCryptoAssetTable' xlink:type='extended'>
    <link:loc xlink:href='../elts/srt-2023.xsd#srt_PlatformOperatorCryptoAssetLineItems' xlink:label='loc_PlatformOperatorCryptoAssetLineItems' xlink:type='locator' />
    <link:loc xlink:href='../elts/srt-2023.xsd#srt_PlatformOperatorCryptoAssetHeldForUser' xlink:label='loc_PlatformOperatorCryptoAssetHeldForUser' xlink:type='locator' />
    <link:loc xlink:href='../elts/srt-2023.xsd#srt_PlatformOperatorCryptoAssetExtensibleEnumeration' xlink:label='loc_PlatformOperatorCryptoAssetExtensibleEnumeration' xlink:type='locator' />
    <link:loc xlink:href='../elts/srt-2023.xsd#srt_PlatformOperatorCryptoAssetCryptographicKeyInformationExtensibleEnumeration' xlink:label='loc_PlatformOperatorCryptoAssetCryptographicKeyInformationExtensibleEnumeration' xlink:type='locator' />
    <link:loc xlink:href='../elts/srt-2023.xsd#srt_PlatformOperatorCryptoAssetInternalRecordkeepingExtensibleEnumeration' xlink:label='loc_PlatformOperatorCryptoAssetInternalRecordkeepingExtensibleEnumeration' xlink:type='locator' />
    <link:loc xlink:href='../elts/srt-2023.xsd#srt_PlatformOperatorCryptoAssetSecureAndProtectFromLossExtensibleEnumeration' xlink:label='loc_PlatformOperatorCryptoAssetSecureAndProtectFromLossExtensibleEnumeration' xlink:type='locator' />
    <link:loc xlink:href='../elts/srt-2023.xsd#srt_FinancialInstrumentGlobalIdentifierFigi' xlink:label='loc_FinancialInstrumentGlobalIdentifierFigi' xlink:type='locator' />
    <link:loc xlink:href='../elts/srt-2023.xsd#srt_SafeguardingAssetPlatformOperatorCryptoAsset' xlink:label='loc_SafeguardingAssetPlatformOperatorCryptoAsset' xlink:type='locator' />
    <link:loc xlink:href='../elts/srt-2023.xsd#srt_SafeguardingLiabilityPlatformOperatorCryptoAsset' xlink:label='loc_SafeguardingLiabilityPlatformOperatorCryptoAsset' xlink:type='locator' />
    <link:definitionArc order='1.0' xlink:arcrole='http://xbrl.org/int/dim/arcrole/domain-member' xlink:from='loc_PlatformOperatorCryptoAssetLineItems' xlink:to='loc_PlatformOperatorCryptoAssetHeldForUser' xlink:type='arc' />
    <link:definitionArc order='2.0' xlink:arcrole='http://xbrl.org/int/dim/arcrole/domain-member' xlink:from='loc_PlatformOperatorCryptoAssetHeldForUser' xlink:to='loc_PlatformOperatorCryptoAssetExtensibleEnumeration' xlink:type='arc' />
    <link:definitionArc order='3.0' xlink:arcrole='http://xbrl.org/int/dim/arcrole/domain-member' xlink:from='loc_PlatformOperatorCryptoAssetLineItems' xlink:to='loc_PlatformOperatorCryptoAssetCryptographicKeyInformationExtensibleEnumeration' xlink:type='arc' />
    <link:definitionArc order='4.0' xlink:arcrole='http://xbrl.org/int/dim/arcrole/domain-member' xlink:from='loc_PlatformOperatorCryptoAssetLineItems' xlink:to='loc_PlatformOperatorCryptoAssetInternalRecordkeepingExtensibleEnumeration' xlink:type='arc' />
    <link:definitionArc order='5.0' xlink:arcrole='http://xbrl.org/int/dim/arcrole/domain-member' xlink:from='loc_PlatformOperatorCryptoAssetLineItems' xlink:to='loc_PlatformOperatorCryptoAssetSecureAndProtectFromLossExtensibleEnumeration' xlink:type='arc' />
    <link:definitionArc order='6.0' xlink:arcrole='http://xbrl.org/int/dim/arcrole/domain-member' xlink:from='loc_PlatformOperatorCryptoAssetLineItems' xlink:to='loc_FinancialInstrumentGlobalIdentifierFigi' xlink:type='arc' />
    <link:definitionArc order='7.0' xlink:arcrole='http://xbrl.org/int/dim/arcrole/domain-member' xlink:from='loc_PlatformOperatorCryptoAssetLineItems' xlink:to='loc_SafeguardingAssetPlatformOperatorCryptoAsset' xlink:type='arc' />
    <link:definitionArc order='8.0' xlink:arcrole='http://xbrl.org/int/dim/arcrole/domain-member' xlink:from='loc_PlatformOperatorCryptoAssetLineItems' xlink:to='loc_SafeguardingLiabilityPlatformOperatorCryptoAsset' xlink:type='arc' />
  </link:definitionLink>
  <link:definitionLink xlink:role='http://fasb.org/srt/role/disclosure/OtherLiabilitiesPlatformOperatorCryptoAssetTable' xlink:type='extended'>
    <link:loc xlink:href='../elts/srt-2023.xsd#srt_CryptoAssetDomain' xlink:label='loc_CryptoAssetDomain' xlink:type='locator' />
    <link:loc xlink:href='../elts/srt-2023.xsd#srt_UseNameOfCryptoAssetAsValueForMemberUnderCryptoAssetDomainGuidance' xlink:label='loc_UseNameOfCryptoAssetAsValueForMemberUnderCryptoAssetDomainGuidance' xlink:type='locator' />
    <link:loc xlink:href='../elts/srt-2023.xsd#srt_CryptoAssetOtherMember' xlink:label='loc_CryptoAssetOtherMember' xlink:type='locator' />
    <link:definitionArc order='1.0' xlink:arcrole='http://xbrl.org/int/dim/arcrole/domain-member' xlink:from='loc_CryptoAssetDomain' xlink:to='loc_UseNameOfCryptoAssetAsValueForMemberUnderCryptoAssetDomainGuidance' xlink:type='arc' />
    <link:definitionArc order='2.0' xlink:arcrole='http://xbrl.org/int/dim/arcrole/domain-member' xlink:from='loc_CryptoAssetDomain' xlink:to='loc_CryptoAssetOtherMember' xlink:type='arc' />
  </link:definitionLink>
</link:linkbase>
