<?xml version='1.0' encoding='UTF-8'?>

<!--
(c) 2010-2023 Financial Accounting Foundation; (c) 2007-2010 XBRL US, Inc.  All Rights Reserved.
Notice: Authorized Uses are Set Forth at https://xbrl.fasb.org/terms/SRT_TermsConditions.html
  -->
<link:linkbase xmlns:link='http://www.xbrl.org/2003/linkbase' xmlns:xlink='http://www.w3.org/1999/xlink' xmlns:xsi='http://www.w3.org/2001/XMLSchema-instance' xsi:schemaLocation='http://www.xbrl.org/2003/linkbase http://www.xbrl.org/2003/xbrl-linkbase-2003-12-31.xsd'>
  <link:roleRef roleURI='http://fasb.org/srt/role/disclosure/FinancialServicesBankingAndThrift' xlink:href='../elts/srt-roles-2023.xsd#srt-bt' xlink:type='simple' />
  <link:presentationLink xlink:role='http://fasb.org/srt/role/disclosure/FinancialServicesBankingAndThrift' xlink:type='extended'>
    <link:loc xlink:href='../elts/srt-2023.xsd#srt_StatisticalDisclosureForBanksAbstract' xlink:label='loc_StatisticalDisclosureForBanksAbstract' xlink:type='locator' />
    <link:loc xlink:href='../elts/srt-2023.xsd#srt_DistributionOfAssetsLiabilitiesAndStockholdersEquityTextBlock' xlink:label='loc_DistributionOfAssetsLiabilitiesAndStockholdersEquityTextBlock' xlink:type='locator' />
    <link:loc xlink:href='../elts/srt-2023.xsd#srt_DistributionOfAssetsLiabilitiesAndStockholdersEquityTableTextBlock' xlink:label='loc_DistributionOfAssetsLiabilitiesAndStockholdersEquityTableTextBlock' xlink:type='locator' />
    <link:loc xlink:href='../elts/srt-2023.xsd#srt_DistributionOfAssetsLiabilitiesAndStockholdersEquityTable' xlink:label='loc_DistributionOfAssetsLiabilitiesAndStockholdersEquityTable' xlink:type='locator' />
    <link:loc xlink:href='../elts/srt-2023.xsd#srt_DistributionOfAssetsLiabilitiesAndStockholdersEquityLineItems' xlink:label='loc_DistributionOfAssetsLiabilitiesAndStockholdersEquityLineItems' xlink:type='locator' />
    <link:loc xlink:href='../elts/srt-2023.xsd#srt_InterestEarningAssetsAverageYieldAbstract' xlink:label='loc_InterestEarningAssetsAverageYieldAbstract' xlink:type='locator' />
    <link:loc xlink:href='../elts/srt-2023.xsd#srt_FinancingReceivableBeforeAllowanceForCreditLossAverageYield' xlink:label='loc_FinancingReceivableBeforeAllowanceForCreditLossAverageYield' xlink:type='locator' />
    <link:loc xlink:href='../elts/srt-2023.xsd#srt_TaxableInvestmentSecuritiesAverageYield' xlink:label='loc_TaxableInvestmentSecuritiesAverageYield' xlink:type='locator' />
    <link:loc xlink:href='../elts/srt-2023.xsd#srt_NontaxableInvestmentSecuritiesAverageYield' xlink:label='loc_NontaxableInvestmentSecuritiesAverageYield' xlink:type='locator' />
    <link:loc xlink:href='../elts/srt-2023.xsd#srt_InterestBearingDepositsInBanksAverageYield' xlink:label='loc_InterestBearingDepositsInBanksAverageYield' xlink:type='locator' />
    <link:loc xlink:href='../elts/srt-2023.xsd#srt_FederalFundsSoldAverageYield' xlink:label='loc_FederalFundsSoldAverageYield' xlink:type='locator' />
    <link:loc xlink:href='../elts/srt-2023.xsd#srt_SecuritiesPurchasedUnderAgreementsToResellAverageYield' xlink:label='loc_SecuritiesPurchasedUnderAgreementsToResellAverageYield' xlink:type='locator' />
    <link:loc xlink:href='../elts/srt-2023.xsd#srt_ShortTermInvestmentsOtherAverageYield' xlink:label='loc_ShortTermInvestmentsOtherAverageYield' xlink:type='locator' />
    <link:loc xlink:href='../elts/srt-2023.xsd#srt_InterestEarningAssetsAverageYield' xlink:label='loc_InterestEarningAssetsAverageYield' xlink:type='locator' />
    <link:loc xlink:href='../elts/srt-2023.xsd#srt_InterestEarningAssetsNetYield' xlink:label='loc_InterestEarningAssetsNetYield' xlink:type='locator' />
    <link:loc xlink:href='../elts/srt-2023.xsd#srt_InterestBearingLiabilitiesAverageRatePaidAbstract' xlink:label='loc_InterestBearingLiabilitiesAverageRatePaidAbstract' xlink:type='locator' />
    <link:loc xlink:href='../elts/srt-2023.xsd#srt_SavingsDepositLiabilitiesAverageRatePaid' xlink:label='loc_SavingsDepositLiabilitiesAverageRatePaid' xlink:type='locator' />
    <link:loc xlink:href='../elts/srt-2023.xsd#srt_TimeDepositLiabilitiesAverageRatePaid' xlink:label='loc_TimeDepositLiabilitiesAverageRatePaid' xlink:type='locator' />
    <link:loc xlink:href='../elts/srt-2023.xsd#srt_FederalFundsPurchasedAverageRatePaid' xlink:label='loc_FederalFundsPurchasedAverageRatePaid' xlink:type='locator' />
    <link:loc xlink:href='../elts/srt-2023.xsd#srt_SecuritiesSoldUnderAgreementsToRepurchaseAverageRatePaid' xlink:label='loc_SecuritiesSoldUnderAgreementsToRepurchaseAverageRatePaid' xlink:type='locator' />
    <link:loc xlink:href='../elts/srt-2023.xsd#srt_CommercialPaperAverageRatePaid' xlink:label='loc_CommercialPaperAverageRatePaid' xlink:type='locator' />
    <link:loc xlink:href='../elts/srt-2023.xsd#srt_ShortTermDebtOtherAverageRatePaid' xlink:label='loc_ShortTermDebtOtherAverageRatePaid' xlink:type='locator' />
    <link:loc xlink:href='../elts/srt-2023.xsd#srt_LongTermDebtAverageRatePaid' xlink:label='loc_LongTermDebtAverageRatePaid' xlink:type='locator' />
    <link:loc xlink:href='../elts/srt-2023.xsd#srt_InterestBearingLiabilitiesAverageRatePaid' xlink:label='loc_InterestBearingLiabilitiesAverageRatePaid' xlink:type='locator' />
    <link:loc xlink:href='../elts/srt-2023.xsd#srt_DemandDepositLiabilitiesInterestBearingAverageRatePaid' xlink:label='loc_DemandDepositLiabilitiesInterestBearingAverageRatePaid' xlink:type='locator' />
    <link:loc xlink:href='../elts/srt-2023.xsd#srt_FinancingReceivableBeforeAllowanceForCreditLossMaturityTextBlock' xlink:label='loc_FinancingReceivableBeforeAllowanceForCreditLossMaturityTextBlock' xlink:type='locator' />
    <link:loc xlink:href='../elts/srt-2023.xsd#srt_FinancingReceivableBeforeAllowanceForCreditLossMaturityTableTextBlock' xlink:label='loc_FinancingReceivableBeforeAllowanceForCreditLossMaturityTableTextBlock' xlink:type='locator' />
    <link:loc xlink:href='../elts/srt-2023.xsd#srt_FinancingReceivableBeforeAllowanceForCreditLossMaturityTable' xlink:label='loc_FinancingReceivableBeforeAllowanceForCreditLossMaturityTable' xlink:type='locator' />
    <link:loc xlink:href='../elts/srt-2023.xsd#srt_FinancingReceivableBeforeAllowanceForCreditLossMaturityLineItems' xlink:label='loc_FinancingReceivableBeforeAllowanceForCreditLossMaturityLineItems' xlink:type='locator' />
    <link:loc xlink:href='../elts/srt-2023.xsd#srt_FinancingReceivableCreditRatioTextBlock' xlink:label='loc_FinancingReceivableCreditRatioTextBlock' xlink:type='locator' />
    <link:loc xlink:href='../elts/srt-2023.xsd#srt_FinancingReceivableCreditRatioTableTextBlock' xlink:label='loc_FinancingReceivableCreditRatioTableTextBlock' xlink:type='locator' />
    <link:loc xlink:href='../elts/srt-2023.xsd#srt_FinancingReceivableCreditRatioTable' xlink:label='loc_FinancingReceivableCreditRatioTable' xlink:type='locator' />
    <link:loc xlink:href='../elts/srt-2023.xsd#srt_FinancingReceivableCreditRatioLineItems' xlink:label='loc_FinancingReceivableCreditRatioLineItems' xlink:type='locator' />
    <link:loc xlink:href='../elts/srt-2023.xsd#srt_FinancingReceivableAllowanceForCreditLossToOutstandingPercent' xlink:label='loc_FinancingReceivableAllowanceForCreditLossToOutstandingPercent' xlink:type='locator' />
    <link:loc xlink:href='../elts/srt-2023.xsd#srt_FinancingReceivableNonaccrualToOutstandingPercent' xlink:label='loc_FinancingReceivableNonaccrualToOutstandingPercent' xlink:type='locator' />
    <link:loc xlink:href='../elts/srt-2023.xsd#srt_FinancingReceivableAllowanceForCreditLossToNonaccrualPercent' xlink:label='loc_FinancingReceivableAllowanceForCreditLossToNonaccrualPercent' xlink:type='locator' />
    <link:loc xlink:href='../elts/srt-2023.xsd#srt_FinancingReceivableWriteoffAfterRecoveryToAverageOutstandingPercent' xlink:label='loc_FinancingReceivableWriteoffAfterRecoveryToAverageOutstandingPercent' xlink:type='locator' />
    <link:loc xlink:href='../elts/srt-2023.xsd#srt_FinancingReceivableBeforeAllowanceForCreditLossToTotalPercent' xlink:label='loc_FinancingReceivableBeforeAllowanceForCreditLossToTotalPercent' xlink:type='locator' />
    <link:loc xlink:href='../elts/srt-2023.xsd#srt_InterestRateAndInterestDifferentialAnalysisTextBlock' xlink:label='loc_InterestRateAndInterestDifferentialAnalysisTextBlock' xlink:type='locator' />
    <link:loc xlink:href='../elts/srt-2023.xsd#srt_InterestRateAndInterestDifferentialAnalysisTableTextBlock' xlink:label='loc_InterestRateAndInterestDifferentialAnalysisTableTextBlock' xlink:type='locator' />
    <link:loc xlink:href='../elts/srt-2023.xsd#srt_InterestRateAndInterestDifferentialAnalysisTable' xlink:label='loc_InterestRateAndInterestDifferentialAnalysisTable' xlink:type='locator' />
    <link:loc xlink:href='../elts/srt-2023.xsd#srt_InterestEarningAssetAndInterestBearingLiabilityInterestChangeTypeAxis' xlink:label='loc_InterestEarningAssetAndInterestBearingLiabilityInterestChangeTypeAxis' xlink:type='locator' />
    <link:loc xlink:href='../elts/srt-2023.xsd#srt_InterestEarningAssetAndInterestBearingLiabilityInterestChangeTypeDomain' xlink:label='loc_InterestEarningAssetAndInterestBearingLiabilityInterestChangeTypeDomain' xlink:type='locator' />
    <link:loc xlink:href='../elts/srt-2023.xsd#srt_InterestEarningAssetAndInterestBearingLiabilityInterestChangeInVolumeMember' xlink:label='loc_InterestEarningAssetAndInterestBearingLiabilityInterestChangeInVolumeMember' xlink:type='locator' />
    <link:loc xlink:href='../elts/srt-2023.xsd#srt_InterestEarningAssetAndInterestBearingLiabilityInterestChangeInRateMember' xlink:label='loc_InterestEarningAssetAndInterestBearingLiabilityInterestChangeInRateMember' xlink:type='locator' />
    <link:loc xlink:href='../elts/srt-2023.xsd#srt_InterestRateAndInterestDifferentialAnalysisLineItems' xlink:label='loc_InterestRateAndInterestDifferentialAnalysisLineItems' xlink:type='locator' />
    <link:presentationArc order='10' xlink:arcrole='http://www.xbrl.org/2003/arcrole/parent-child' xlink:from='loc_StatisticalDisclosureForBanksAbstract' xlink:to='loc_DistributionOfAssetsLiabilitiesAndStockholdersEquityTextBlock' xlink:type='arc' />
    <link:presentationArc order='10' xlink:arcrole='http://www.xbrl.org/2003/arcrole/parent-child' xlink:from='loc_DistributionOfAssetsLiabilitiesAndStockholdersEquityTextBlock' xlink:to='loc_DistributionOfAssetsLiabilitiesAndStockholdersEquityTableTextBlock' xlink:type='arc' />
    <link:presentationArc order='10' xlink:arcrole='http://www.xbrl.org/2003/arcrole/parent-child' xlink:from='loc_DistributionOfAssetsLiabilitiesAndStockholdersEquityTableTextBlock' xlink:to='loc_DistributionOfAssetsLiabilitiesAndStockholdersEquityTable' xlink:type='arc' />
    <link:presentationArc order='10' xlink:arcrole='http://www.xbrl.org/2003/arcrole/parent-child' xlink:from='loc_DistributionOfAssetsLiabilitiesAndStockholdersEquityTable' xlink:to='loc_DistributionOfAssetsLiabilitiesAndStockholdersEquityLineItems' xlink:type='arc' />
    <link:presentationArc order='10' xlink:arcrole='http://www.xbrl.org/2003/arcrole/parent-child' xlink:from='loc_DistributionOfAssetsLiabilitiesAndStockholdersEquityLineItems' xlink:to='loc_InterestEarningAssetsAverageYieldAbstract' xlink:type='arc' />
    <link:presentationArc order='10' xlink:arcrole='http://www.xbrl.org/2003/arcrole/parent-child' xlink:from='loc_InterestEarningAssetsAverageYieldAbstract' xlink:to='loc_FinancingReceivableBeforeAllowanceForCreditLossAverageYield' xlink:type='arc' />
    <link:presentationArc order='20' xlink:arcrole='http://www.xbrl.org/2003/arcrole/parent-child' xlink:from='loc_InterestEarningAssetsAverageYieldAbstract' xlink:to='loc_TaxableInvestmentSecuritiesAverageYield' xlink:type='arc' />
    <link:presentationArc order='30' xlink:arcrole='http://www.xbrl.org/2003/arcrole/parent-child' xlink:from='loc_InterestEarningAssetsAverageYieldAbstract' xlink:to='loc_NontaxableInvestmentSecuritiesAverageYield' xlink:type='arc' />
    <link:presentationArc order='40' xlink:arcrole='http://www.xbrl.org/2003/arcrole/parent-child' xlink:from='loc_InterestEarningAssetsAverageYieldAbstract' xlink:to='loc_InterestBearingDepositsInBanksAverageYield' xlink:type='arc' />
    <link:presentationArc order='50' xlink:arcrole='http://www.xbrl.org/2003/arcrole/parent-child' xlink:from='loc_InterestEarningAssetsAverageYieldAbstract' xlink:to='loc_FederalFundsSoldAverageYield' xlink:type='arc' />
    <link:presentationArc order='60' xlink:arcrole='http://www.xbrl.org/2003/arcrole/parent-child' xlink:from='loc_InterestEarningAssetsAverageYieldAbstract' xlink:to='loc_SecuritiesPurchasedUnderAgreementsToResellAverageYield' xlink:type='arc' />
    <link:presentationArc order='70' xlink:arcrole='http://www.xbrl.org/2003/arcrole/parent-child' xlink:from='loc_InterestEarningAssetsAverageYieldAbstract' xlink:to='loc_ShortTermInvestmentsOtherAverageYield' xlink:type='arc' />
    <link:presentationArc order='80' xlink:arcrole='http://www.xbrl.org/2003/arcrole/parent-child' xlink:from='loc_InterestEarningAssetsAverageYieldAbstract' xlink:to='loc_InterestEarningAssetsAverageYield' xlink:type='arc' />
    <link:presentationArc order='20' xlink:arcrole='http://www.xbrl.org/2003/arcrole/parent-child' xlink:from='loc_DistributionOfAssetsLiabilitiesAndStockholdersEquityLineItems' xlink:to='loc_InterestEarningAssetsNetYield' xlink:type='arc' />
    <link:presentationArc order='30' xlink:arcrole='http://www.xbrl.org/2003/arcrole/parent-child' xlink:from='loc_DistributionOfAssetsLiabilitiesAndStockholdersEquityLineItems' xlink:to='loc_InterestBearingLiabilitiesAverageRatePaidAbstract' xlink:type='arc' />
    <link:presentationArc order='10' xlink:arcrole='http://www.xbrl.org/2003/arcrole/parent-child' xlink:from='loc_InterestBearingLiabilitiesAverageRatePaidAbstract' xlink:to='loc_SavingsDepositLiabilitiesAverageRatePaid' xlink:type='arc' />
    <link:presentationArc order='20' xlink:arcrole='http://www.xbrl.org/2003/arcrole/parent-child' xlink:from='loc_InterestBearingLiabilitiesAverageRatePaidAbstract' xlink:to='loc_TimeDepositLiabilitiesAverageRatePaid' xlink:type='arc' />
    <link:presentationArc order='30' xlink:arcrole='http://www.xbrl.org/2003/arcrole/parent-child' xlink:from='loc_InterestBearingLiabilitiesAverageRatePaidAbstract' xlink:to='loc_FederalFundsPurchasedAverageRatePaid' xlink:type='arc' />
    <link:presentationArc order='40' xlink:arcrole='http://www.xbrl.org/2003/arcrole/parent-child' xlink:from='loc_InterestBearingLiabilitiesAverageRatePaidAbstract' xlink:to='loc_SecuritiesSoldUnderAgreementsToRepurchaseAverageRatePaid' xlink:type='arc' />
    <link:presentationArc order='50' xlink:arcrole='http://www.xbrl.org/2003/arcrole/parent-child' xlink:from='loc_InterestBearingLiabilitiesAverageRatePaidAbstract' xlink:to='loc_CommercialPaperAverageRatePaid' xlink:type='arc' />
    <link:presentationArc order='60' xlink:arcrole='http://www.xbrl.org/2003/arcrole/parent-child' xlink:from='loc_InterestBearingLiabilitiesAverageRatePaidAbstract' xlink:to='loc_ShortTermDebtOtherAverageRatePaid' xlink:type='arc' />
    <link:presentationArc order='70' xlink:arcrole='http://www.xbrl.org/2003/arcrole/parent-child' xlink:from='loc_InterestBearingLiabilitiesAverageRatePaidAbstract' xlink:to='loc_LongTermDebtAverageRatePaid' xlink:type='arc' />
    <link:presentationArc order='80' xlink:arcrole='http://www.xbrl.org/2003/arcrole/parent-child' xlink:from='loc_InterestBearingLiabilitiesAverageRatePaidAbstract' xlink:to='loc_InterestBearingLiabilitiesAverageRatePaid' xlink:type='arc' />
    <link:presentationArc order='90' xlink:arcrole='http://www.xbrl.org/2003/arcrole/parent-child' xlink:from='loc_InterestBearingLiabilitiesAverageRatePaidAbstract' xlink:to='loc_DemandDepositLiabilitiesInterestBearingAverageRatePaid' xlink:type='arc' />
    <link:presentationArc order='20' xlink:arcrole='http://www.xbrl.org/2003/arcrole/parent-child' xlink:from='loc_StatisticalDisclosureForBanksAbstract' xlink:to='loc_FinancingReceivableBeforeAllowanceForCreditLossMaturityTextBlock' xlink:type='arc' />
    <link:presentationArc order='10' xlink:arcrole='http://www.xbrl.org/2003/arcrole/parent-child' xlink:from='loc_FinancingReceivableBeforeAllowanceForCreditLossMaturityTextBlock' xlink:to='loc_FinancingReceivableBeforeAllowanceForCreditLossMaturityTableTextBlock' xlink:type='arc' />
    <link:presentationArc order='10' xlink:arcrole='http://www.xbrl.org/2003/arcrole/parent-child' xlink:from='loc_FinancingReceivableBeforeAllowanceForCreditLossMaturityTableTextBlock' xlink:to='loc_FinancingReceivableBeforeAllowanceForCreditLossMaturityTable' xlink:type='arc' />
    <link:presentationArc order='10' xlink:arcrole='http://www.xbrl.org/2003/arcrole/parent-child' xlink:from='loc_FinancingReceivableBeforeAllowanceForCreditLossMaturityTable' xlink:to='loc_FinancingReceivableBeforeAllowanceForCreditLossMaturityLineItems' xlink:type='arc' />
    <link:presentationArc order='30' xlink:arcrole='http://www.xbrl.org/2003/arcrole/parent-child' xlink:from='loc_StatisticalDisclosureForBanksAbstract' xlink:to='loc_FinancingReceivableCreditRatioTextBlock' xlink:type='arc' />
    <link:presentationArc order='10' xlink:arcrole='http://www.xbrl.org/2003/arcrole/parent-child' xlink:from='loc_FinancingReceivableCreditRatioTextBlock' xlink:to='loc_FinancingReceivableCreditRatioTableTextBlock' xlink:type='arc' />
    <link:presentationArc order='10' xlink:arcrole='http://www.xbrl.org/2003/arcrole/parent-child' xlink:from='loc_FinancingReceivableCreditRatioTableTextBlock' xlink:to='loc_FinancingReceivableCreditRatioTable' xlink:type='arc' />
    <link:presentationArc order='10' xlink:arcrole='http://www.xbrl.org/2003/arcrole/parent-child' xlink:from='loc_FinancingReceivableCreditRatioTable' xlink:to='loc_FinancingReceivableCreditRatioLineItems' xlink:type='arc' />
    <link:presentationArc order='10' xlink:arcrole='http://www.xbrl.org/2003/arcrole/parent-child' xlink:from='loc_FinancingReceivableCreditRatioLineItems' xlink:to='loc_FinancingReceivableAllowanceForCreditLossToOutstandingPercent' xlink:type='arc' />
    <link:presentationArc order='20' xlink:arcrole='http://www.xbrl.org/2003/arcrole/parent-child' xlink:from='loc_FinancingReceivableCreditRatioLineItems' xlink:to='loc_FinancingReceivableNonaccrualToOutstandingPercent' xlink:type='arc' />
    <link:presentationArc order='30' xlink:arcrole='http://www.xbrl.org/2003/arcrole/parent-child' xlink:from='loc_FinancingReceivableCreditRatioLineItems' xlink:to='loc_FinancingReceivableAllowanceForCreditLossToNonaccrualPercent' xlink:type='arc' />
    <link:presentationArc order='40' xlink:arcrole='http://www.xbrl.org/2003/arcrole/parent-child' xlink:from='loc_FinancingReceivableCreditRatioLineItems' xlink:to='loc_FinancingReceivableWriteoffAfterRecoveryToAverageOutstandingPercent' xlink:type='arc' />
    <link:presentationArc order='50' xlink:arcrole='http://www.xbrl.org/2003/arcrole/parent-child' xlink:from='loc_FinancingReceivableCreditRatioLineItems' xlink:to='loc_FinancingReceivableBeforeAllowanceForCreditLossToTotalPercent' xlink:type='arc' />
    <link:presentationArc order='40' xlink:arcrole='http://www.xbrl.org/2003/arcrole/parent-child' xlink:from='loc_StatisticalDisclosureForBanksAbstract' xlink:to='loc_InterestRateAndInterestDifferentialAnalysisTextBlock' xlink:type='arc' />
    <link:presentationArc order='10' xlink:arcrole='http://www.xbrl.org/2003/arcrole/parent-child' xlink:from='loc_InterestRateAndInterestDifferentialAnalysisTextBlock' xlink:to='loc_InterestRateAndInterestDifferentialAnalysisTableTextBlock' xlink:type='arc' />
    <link:presentationArc order='10' xlink:arcrole='http://www.xbrl.org/2003/arcrole/parent-child' xlink:from='loc_InterestRateAndInterestDifferentialAnalysisTableTextBlock' xlink:to='loc_InterestRateAndInterestDifferentialAnalysisTable' xlink:type='arc' />
    <link:presentationArc order='10' xlink:arcrole='http://www.xbrl.org/2003/arcrole/parent-child' xlink:from='loc_InterestRateAndInterestDifferentialAnalysisTable' xlink:to='loc_InterestEarningAssetAndInterestBearingLiabilityInterestChangeTypeAxis' xlink:type='arc' />
    <link:presentationArc order='10' xlink:arcrole='http://www.xbrl.org/2003/arcrole/parent-child' xlink:from='loc_InterestEarningAssetAndInterestBearingLiabilityInterestChangeTypeAxis' xlink:to='loc_InterestEarningAssetAndInterestBearingLiabilityInterestChangeTypeDomain' xlink:type='arc' />
    <link:presentationArc order='10' xlink:arcrole='http://www.xbrl.org/2003/arcrole/parent-child' xlink:from='loc_InterestEarningAssetAndInterestBearingLiabilityInterestChangeTypeDomain' xlink:to='loc_InterestEarningAssetAndInterestBearingLiabilityInterestChangeInVolumeMember' xlink:type='arc' />
    <link:presentationArc order='20' xlink:arcrole='http://www.xbrl.org/2003/arcrole/parent-child' xlink:from='loc_InterestEarningAssetAndInterestBearingLiabilityInterestChangeTypeDomain' xlink:to='loc_InterestEarningAssetAndInterestBearingLiabilityInterestChangeInRateMember' xlink:type='arc' />
    <link:presentationArc order='20' xlink:arcrole='http://www.xbrl.org/2003/arcrole/parent-child' xlink:from='loc_InterestRateAndInterestDifferentialAnalysisTable' xlink:to='loc_InterestRateAndInterestDifferentialAnalysisLineItems' xlink:type='arc' />
  </link:presentationLink>
</link:linkbase>
