<?xml version='1.0' encoding='UTF-8'?>

<!--
(c) 2010-2023 Financial Accounting Foundation; (c) 2007-2010 XBRL US, Inc.  All Rights Reserved.
Notice: Authorized Uses are Set Forth at https://xbrl.fasb.org/terms/SRT_TermsConditions.html
  -->
<link:linkbase xmlns:link='http://www.xbrl.org/2003/linkbase' xmlns:xlink='http://www.w3.org/1999/xlink' xmlns:xsi='http://www.w3.org/2001/XMLSchema-instance' xsi:schemaLocation='http://www.xbrl.org/2003/linkbase http://www.xbrl.org/2003/xbrl-linkbase-2003-12-31.xsd'>
  <link:roleRef roleURI='http://fasb.org/srt/role/disclosure/SECScheduleArticle12-17Reinsurance' xlink:href='../elts/srt-roles-2023.xsd#srt-sec-reins' xlink:type='simple' />
  <link:presentationLink xlink:role='http://fasb.org/srt/role/disclosure/SECScheduleArticle12-17Reinsurance' xlink:type='extended'>
    <link:loc xlink:href='../elts/srt-2023.xsd#srt_SupplementalScheduleOfReinsurancePremiumsForInsuranceCompaniesAbstract' xlink:label='loc_SupplementalScheduleOfReinsurancePremiumsForInsuranceCompaniesAbstract' xlink:type='locator' />
    <link:loc xlink:href='../elts/srt-2023.xsd#srt_SupplementalScheduleOfReinsurancePremiumsForInsuranceCompaniesTextBlock' xlink:label='loc_SupplementalScheduleOfReinsurancePremiumsForInsuranceCompaniesTextBlock' xlink:type='locator' />
    <link:loc xlink:href='../elts/srt-2023.xsd#srt_ReinsurancePremiumsForInsuranceCompaniesByProductSegmentTable' xlink:label='loc_ReinsurancePremiumsForInsuranceCompaniesByProductSegmentTable' xlink:type='locator' />
    <link:loc xlink:href='../elts/srt-2023.xsd#srt_ProductOrServiceAxis' xlink:label='loc_ProductOrServiceAxis' xlink:type='locator' />
    <link:loc xlink:href='../elts/srt-2023.xsd#srt_ProductsAndServicesDomain' xlink:label='loc_ProductsAndServicesDomain' xlink:type='locator' />
    <link:loc xlink:href='../elts/srt-2023.xsd#srt_ReinsurancePremiumsForInsuranceCompaniesByProductSegmentLineItems' xlink:label='loc_ReinsurancePremiumsForInsuranceCompaniesByProductSegmentLineItems' xlink:type='locator' />
    <link:loc xlink:href='../elts/srt-2023.xsd#srt_LifeInsuranceInForceNetAbstract' xlink:label='loc_LifeInsuranceInForceNetAbstract' xlink:type='locator' />
    <link:loc xlink:href='../elts/srt-2023.xsd#srt_LifeInsuranceInForceGross' xlink:label='loc_LifeInsuranceInForceGross' xlink:type='locator' />
    <link:loc xlink:href='../elts/srt-2023.xsd#srt_LifeInsuranceInForceCeded' xlink:label='loc_LifeInsuranceInForceCeded' xlink:type='locator' />
    <link:loc xlink:href='../elts/srt-2023.xsd#srt_LifeInsuranceInForceAssumed' xlink:label='loc_LifeInsuranceInForceAssumed' xlink:type='locator' />
    <link:loc xlink:href='../elts/srt-2023.xsd#srt_LifeInsuranceInForceNet' xlink:label='loc_LifeInsuranceInForceNet' xlink:type='locator' />
    <link:loc xlink:href='../elts/srt-2023.xsd#srt_LifeInsuranceInForcePercentageAssumedToNet' xlink:label='loc_LifeInsuranceInForcePercentageAssumedToNet' xlink:type='locator' />
    <link:presentationArc order='10' xlink:arcrole='http://www.xbrl.org/2003/arcrole/parent-child' xlink:from='loc_SupplementalScheduleOfReinsurancePremiumsForInsuranceCompaniesAbstract' xlink:to='loc_SupplementalScheduleOfReinsurancePremiumsForInsuranceCompaniesTextBlock' xlink:type='arc' />
    <link:presentationArc order='10' xlink:arcrole='http://www.xbrl.org/2003/arcrole/parent-child' xlink:from='loc_SupplementalScheduleOfReinsurancePremiumsForInsuranceCompaniesTextBlock' xlink:to='loc_ReinsurancePremiumsForInsuranceCompaniesByProductSegmentTable' xlink:type='arc' />
    <link:presentationArc order='10' xlink:arcrole='http://www.xbrl.org/2003/arcrole/parent-child' xlink:from='loc_ReinsurancePremiumsForInsuranceCompaniesByProductSegmentTable' xlink:to='loc_ProductOrServiceAxis' xlink:type='arc' />
    <link:presentationArc order='10' xlink:arcrole='http://www.xbrl.org/2003/arcrole/parent-child' xlink:from='loc_ProductOrServiceAxis' xlink:to='loc_ProductsAndServicesDomain' xlink:type='arc' />
    <link:presentationArc order='20' xlink:arcrole='http://www.xbrl.org/2003/arcrole/parent-child' xlink:from='loc_ReinsurancePremiumsForInsuranceCompaniesByProductSegmentTable' xlink:to='loc_ReinsurancePremiumsForInsuranceCompaniesByProductSegmentLineItems' xlink:type='arc' />
    <link:presentationArc order='10' xlink:arcrole='http://www.xbrl.org/2003/arcrole/parent-child' xlink:from='loc_ReinsurancePremiumsForInsuranceCompaniesByProductSegmentLineItems' xlink:to='loc_LifeInsuranceInForceNetAbstract' xlink:type='arc' />
    <link:presentationArc order='10' xlink:arcrole='http://www.xbrl.org/2003/arcrole/parent-child' xlink:from='loc_LifeInsuranceInForceNetAbstract' xlink:to='loc_LifeInsuranceInForceGross' xlink:type='arc' />
    <link:presentationArc order='20' xlink:arcrole='http://www.xbrl.org/2003/arcrole/parent-child' xlink:from='loc_LifeInsuranceInForceNetAbstract' xlink:to='loc_LifeInsuranceInForceCeded' xlink:type='arc' />
    <link:presentationArc order='30' xlink:arcrole='http://www.xbrl.org/2003/arcrole/parent-child' xlink:from='loc_LifeInsuranceInForceNetAbstract' xlink:to='loc_LifeInsuranceInForceAssumed' xlink:type='arc' />
    <link:presentationArc order='40' preferredLabel='http://www.xbrl.org/2003/role/totalLabel' xlink:arcrole='http://www.xbrl.org/2003/arcrole/parent-child' xlink:from='loc_LifeInsuranceInForceNetAbstract' xlink:to='loc_LifeInsuranceInForceNet' xlink:type='arc' />
    <link:presentationArc order='20' xlink:arcrole='http://www.xbrl.org/2003/arcrole/parent-child' xlink:from='loc_ReinsurancePremiumsForInsuranceCompaniesByProductSegmentLineItems' xlink:to='loc_LifeInsuranceInForcePercentageAssumedToNet' xlink:type='arc' />
  </link:presentationLink>
</link:linkbase>
