<?xml version='1.0' encoding='UTF-8'?>

<!--
(c) 2010-2023 Financial Accounting Foundation; (c) 2007-2010 XBRL US, Inc.  All Rights Reserved.
Notice: Authorized Uses are Set Forth at https://xbrl.fasb.org/terms/SRT_TermsConditions.html
  -->
<link:linkbase xmlns:link='http://www.xbrl.org/2003/linkbase' xmlns:xlink='http://www.w3.org/1999/xlink' xmlns:xsi='http://www.w3.org/2001/XMLSchema-instance' xsi:schemaLocation='http://www.xbrl.org/2003/linkbase http://www.xbrl.org/2003/xbrl-linkbase-2003-12-31.xsd'>
  <link:roleRef roleURI='http://fasb.org/srt/role/disclosure/SECScheduleArticle12-15SummaryOfInvestments-OtherThanInvestmentsInRelatedParties' xlink:href='../elts/srt-roles-2023.xsd#srt-sec-sum' xlink:type='simple' />
  <link:presentationLink xlink:role='http://fasb.org/srt/role/disclosure/SECScheduleArticle12-15SummaryOfInvestments-OtherThanInvestmentsInRelatedParties' xlink:type='extended'>
    <link:loc xlink:href='../elts/srt-2023.xsd#srt_SummaryOfInvestmentsOtherThanInvestmentsInRelatedPartiesAbstract' xlink:label='loc_SummaryOfInvestmentsOtherThanInvestmentsInRelatedPartiesAbstract' xlink:type='locator' />
    <link:loc xlink:href='../elts/srt-2023.xsd#srt_SummaryOfInvestmentsOtherThanInvestmentsInRelatedPartiesTextBlock' xlink:label='loc_SummaryOfInvestmentsOtherThanInvestmentsInRelatedPartiesTextBlock' xlink:type='locator' />
    <link:loc xlink:href='../elts/srt-2023.xsd#srt_SummaryOfInvestmentsOtherThanInvestmentsInRelatedPartiesTable' xlink:label='loc_SummaryOfInvestmentsOtherThanInvestmentsInRelatedPartiesTable' xlink:type='locator' />
    <link:loc xlink:href='../elts/srt-2023.xsd#srt_SummaryOfInvestmentsOtherThanInvestmentsInRelatedPartiesReportableDataLineItems' xlink:label='loc_SummaryOfInvestmentsOtherThanInvestmentsInRelatedPartiesReportableDataLineItems' xlink:type='locator' />
    <link:loc xlink:href='../elts/srt-2023.xsd#srt_SummaryOfInvestmentsOtherThanInvestmentsInRelatedPartiesCarryingAmountExplanation' xlink:label='loc_SummaryOfInvestmentsOtherThanInvestmentsInRelatedPartiesCarryingAmountExplanation' xlink:type='locator' />
    <link:presentationArc order='10' xlink:arcrole='http://www.xbrl.org/2003/arcrole/parent-child' xlink:from='loc_SummaryOfInvestmentsOtherThanInvestmentsInRelatedPartiesAbstract' xlink:to='loc_SummaryOfInvestmentsOtherThanInvestmentsInRelatedPartiesTextBlock' xlink:type='arc' />
    <link:presentationArc order='10' xlink:arcrole='http://www.xbrl.org/2003/arcrole/parent-child' xlink:from='loc_SummaryOfInvestmentsOtherThanInvestmentsInRelatedPartiesTextBlock' xlink:to='loc_SummaryOfInvestmentsOtherThanInvestmentsInRelatedPartiesTable' xlink:type='arc' />
    <link:presentationArc order='10' xlink:arcrole='http://www.xbrl.org/2003/arcrole/parent-child' xlink:from='loc_SummaryOfInvestmentsOtherThanInvestmentsInRelatedPartiesTable' xlink:to='loc_SummaryOfInvestmentsOtherThanInvestmentsInRelatedPartiesReportableDataLineItems' xlink:type='arc' />
    <link:presentationArc order='10' xlink:arcrole='http://www.xbrl.org/2003/arcrole/parent-child' xlink:from='loc_SummaryOfInvestmentsOtherThanInvestmentsInRelatedPartiesReportableDataLineItems' xlink:to='loc_SummaryOfInvestmentsOtherThanInvestmentsInRelatedPartiesCarryingAmountExplanation' xlink:type='arc' />
  </link:presentationLink>
</link:linkbase>
