<?xml version='1.0' encoding='UTF-8'?>

<!--
(c) XBRL US, Inc. 2007-2010; Financial Accounting Foundation, Inc. 2010-2016.  All Rights Reserved.
Notice: Authorized Uses are Set Forth at http://xbrl.fasb.org/terms/TaxonomiesTermsConditions.html
  -->
<link:linkbase xmlns:link='http://www.xbrl.org/2003/linkbase' xmlns:xlink='http://www.w3.org/1999/xlink' xmlns:xsi='http://www.w3.org/2001/XMLSchema-instance' xsi:schemaLocation='http://www.xbrl.org/2003/linkbase http://www.xbrl.org/2003/xbrl-linkbase-2003-12-31.xsd'>
<link:roleRef roleURI='http://fasb.org/us-gaap/role/tin/taxonomyImplementationNote' xlink:href='../elts/us-roles-2016-01-31.xsd#tin' xlink:type='simple' />
<link:arcroleRef arcroleURI='http://fasb.org/us-gaap/arcrole/alt-concept-supersededConceptForPeriodOfAndAfterAdoption' xlink:href='../elts/us-arcroles-2016-01-31.xsd#alt-concept-supersededConceptForPeriodOfAndAfterAdoption' xlink:type='simple' />
<definitionLink xlink:role='http://fasb.org/us-gaap/role/tin/taxonomyImplementationNote' xlink:type='extended' xmlns='http://www.xbrl.org/2003/linkbase'>
<link:loc xlink:href='../elts/us-gaap-2016-01-31.xsd#us-gaap_EarningsPerShareBasic' xlink:label='loc_EarningsPerShareBasic' xlink:type='locator' xmlns='' />
<link:loc xlink:href='../elts/us-gaap-2016-01-31.xsd#us-gaap_IncomeLossBeforeExtraordinaryItemsAndCumulativeEffectOfChangeInAccountingPrinciplePerBasicShare' xlink:label='loc_IncomeLossBeforeExtraordinaryItemsAndCumulativeEffectOfChangeInAccountingPrinciplePerBasicShare' xlink:type='locator' xmlns='' />
<link:loc xlink:href='../elts/us-gaap-2016-01-31.xsd#us-gaap_DeferredIncomeTaxLiabilities' xlink:label='loc_DeferredIncomeTaxLiabilities' xlink:type='locator' xmlns='' />
<link:loc xlink:href='../elts/us-gaap-2016-01-31.xsd#us-gaap_DeferredTaxLiabilitiesGrossCurrent' xlink:label='loc_DeferredTaxLiabilitiesGrossCurrent' xlink:type='locator' xmlns='' />
<link:loc xlink:href='../elts/us-gaap-2016-01-31.xsd#us-gaap_DeferredTaxLiabilitiesGrossNoncurrent' xlink:label='loc_DeferredTaxLiabilitiesGrossNoncurrent' xlink:type='locator' xmlns='' />
<link:loc xlink:href='../elts/us-gaap-2016-01-31.xsd#us-gaap_DeferredTaxAssetsGross' xlink:label='loc_DeferredTaxAssetsGross' xlink:type='locator' xmlns='' />
<link:loc xlink:href='../elts/us-gaap-2016-01-31.xsd#us-gaap_DeferredTaxAssetsGrossCurrent' xlink:label='loc_DeferredTaxAssetsGrossCurrent' xlink:type='locator' xmlns='' />
<link:loc xlink:href='../elts/us-gaap-2016-01-31.xsd#us-gaap_DeferredTaxAssetsGrossNoncurrent' xlink:label='loc_DeferredTaxAssetsGrossNoncurrent' xlink:type='locator' xmlns='' />
<link:loc xlink:href='../elts/us-gaap-2016-01-31.xsd#us-gaap_DeferredTaxAssetsNet' xlink:label='loc_DeferredTaxAssetsNet' xlink:type='locator' xmlns='' />
<link:loc xlink:href='../elts/us-gaap-2016-01-31.xsd#us-gaap_DeferredTaxAssetsNetCurrent' xlink:label='loc_DeferredTaxAssetsNetCurrent' xlink:type='locator' xmlns='' />
<link:loc xlink:href='../elts/us-gaap-2016-01-31.xsd#us-gaap_DeferredTaxAssetsNetNoncurrent' xlink:label='loc_DeferredTaxAssetsNetNoncurrent' xlink:type='locator' xmlns='' />
<link:loc xlink:href='../elts/us-gaap-2016-01-31.xsd#us-gaap_DeferredTaxAssetsValuationAllowance' xlink:label='loc_DeferredTaxAssetsValuationAllowance' xlink:type='locator' xmlns='' />
<link:loc xlink:href='../elts/us-gaap-2016-01-31.xsd#us-gaap_DeferredTaxAssetsValuationAllowanceCurrent' xlink:label='loc_DeferredTaxAssetsValuationAllowanceCurrent' xlink:type='locator' xmlns='' />
<link:loc xlink:href='../elts/us-gaap-2016-01-31.xsd#us-gaap_DeferredTaxAssetsValuationAllowanceNoncurrent' xlink:label='loc_DeferredTaxAssetsValuationAllowanceNoncurrent' xlink:type='locator' xmlns='' />
<link:loc xlink:href='../elts/us-gaap-2016-01-31.xsd#us-gaap_EarningsPerShareDiluted' xlink:label='loc_EarningsPerShareDiluted' xlink:type='locator' xmlns='' />
<link:loc xlink:href='../elts/us-gaap-2016-01-31.xsd#us-gaap_IncomeLossBeforeExtraordinaryItemsAndCumulativeEffectOfChangeInAccountingPrinciplePerDilutedShare' xlink:label='loc_IncomeLossBeforeExtraordinaryItemsAndCumulativeEffectOfChangeInAccountingPrinciplePerDilutedShare' xlink:type='locator' xmlns='' />
<link:loc xlink:href='../elts/us-gaap-2016-01-31.xsd#us-gaap_ScheduleOfUnusualOrInfrequentItemsTextBlock' xlink:label='loc_ScheduleOfUnusualOrInfrequentItemsTextBlock' xlink:type='locator' xmlns='' />
<link:loc xlink:href='../elts/us-gaap-2016-01-31.xsd#us-gaap_ScheduleOfExtraordinaryItemsTextBlock' xlink:label='loc_ScheduleOfExtraordinaryItemsTextBlock' xlink:type='locator' xmlns='' />
<link:loc xlink:href='../elts/us-gaap-2016-01-31.xsd#us-gaap_UnusualOrInfrequentItemAxis' xlink:label='loc_UnusualOrInfrequentItemAxis' xlink:type='locator' xmlns='' />
<link:loc xlink:href='../elts/us-gaap-2016-01-31.xsd#us-gaap_ExtraordinaryItemAxis' xlink:label='loc_ExtraordinaryItemAxis' xlink:type='locator' xmlns='' />
<link:loc xlink:href='../elts/us-gaap-2016-01-31.xsd#us-gaap_UnusualOrInfrequentItemDomain' xlink:label='loc_UnusualOrInfrequentItemDomain' xlink:type='locator' xmlns='' />
<link:loc xlink:href='../elts/us-gaap-2016-01-31.xsd#us-gaap_ExtraordinaryItemDomain' xlink:label='loc_ExtraordinaryItemDomain' xlink:type='locator' xmlns='' />
<link:loc xlink:href='../elts/us-gaap-2016-01-31.xsd#us-gaap_UnusualOrInfrequentItemLineItems' xlink:label='loc_UnusualOrInfrequentItemLineItems' xlink:type='locator' xmlns='' />
<link:loc xlink:href='../elts/us-gaap-2016-01-31.xsd#us-gaap_ExtraordinaryItemLineItems' xlink:label='loc_ExtraordinaryItemLineItems' xlink:type='locator' xmlns='' />
<link:loc xlink:href='../elts/us-gaap-2016-01-31.xsd#us-gaap_UnusualOrInfrequentItemTable' xlink:label='loc_UnusualOrInfrequentItemTable' xlink:type='locator' xmlns='' />
<link:loc xlink:href='../elts/us-gaap-2016-01-31.xsd#us-gaap_ExtraordinaryItemsTable' xlink:label='loc_ExtraordinaryItemsTable' xlink:type='locator' xmlns='' />
<link:loc xlink:href='../elts/us-gaap-2016-01-31.xsd#us-gaap_UnusualOrInfrequentItemNatureOfEventOrTransaction' xlink:label='loc_UnusualOrInfrequentItemNatureOfEventOrTransaction' xlink:type='locator' xmlns='' />
<link:loc xlink:href='../elts/us-gaap-2016-01-31.xsd#us-gaap_ExtraordinaryItemDescriptionOfEventOrTransaction' xlink:label='loc_ExtraordinaryItemDescriptionOfEventOrTransaction' xlink:type='locator' xmlns='' />
<link:loc xlink:href='../elts/us-gaap-2016-01-31.xsd#us-gaap_UnusualOrInfrequentItemsDisclosureTextBlock' xlink:label='loc_UnusualOrInfrequentItemsDisclosureTextBlock' xlink:type='locator' xmlns='' />
<link:loc xlink:href='../elts/us-gaap-2016-01-31.xsd#us-gaap_ExtraordinaryItemsDisclosureTextBlock' xlink:label='loc_ExtraordinaryItemsDisclosureTextBlock' xlink:type='locator' xmlns='' />
<link:loc xlink:href='../elts/us-gaap-2016-01-31.xsd#us-gaap_DisposalGroupIncludingDiscontinuedOperationDeferredTaxAssets' xlink:label='loc_DisposalGroupIncludingDiscontinuedOperationDeferredTaxAssets' xlink:type='locator' xmlns='' />
<link:loc xlink:href='../elts/us-gaap-2016-01-31.xsd#us-gaap_DisposalGroupIncludingDiscontinuedOperationDeferredTaxAssetsNoncurrent' xlink:label='loc_DisposalGroupIncludingDiscontinuedOperationDeferredTaxAssetsNoncurrent' xlink:type='locator' xmlns='' />
<link:loc xlink:href='../elts/us-gaap-2016-01-31.xsd#us-gaap_DisposalGroupIncludingDiscontinuedOperationDeferredTaxAssetCurrent' xlink:label='loc_DisposalGroupIncludingDiscontinuedOperationDeferredTaxAssetCurrent' xlink:type='locator' xmlns='' />
<link:loc xlink:href='../elts/us-gaap-2016-01-31.xsd#us-gaap_UnusualOrInfrequentItemEarningsPerShareImpactNet' xlink:label='loc_UnusualOrInfrequentItemEarningsPerShareImpactNet' xlink:type='locator' xmlns='' />
<link:loc xlink:href='../elts/us-gaap-2016-01-31.xsd#us-gaap_ExtraordinaryItemEarningsPerShareImpactNet' xlink:label='loc_ExtraordinaryItemEarningsPerShareImpactNet' xlink:type='locator' xmlns='' />
<link:loc xlink:href='../elts/us-gaap-2016-01-31.xsd#us-gaap_UnusualOrInfrequentItemEarningsPerShareImpactGross' xlink:label='loc_UnusualOrInfrequentItemEarningsPerShareImpactGross' xlink:type='locator' xmlns='' />
<link:loc xlink:href='../elts/us-gaap-2016-01-31.xsd#us-gaap_ExtraordinaryItemEarningsPerShareImpactGross' xlink:label='loc_ExtraordinaryItemEarningsPerShareImpactGross' xlink:type='locator' xmlns='' />
<link:loc xlink:href='../elts/us-gaap-2016-01-31.xsd#us-gaap_UnusualOrInfrequentTaxEffect' xlink:label='loc_UnusualOrInfrequentTaxEffect' xlink:type='locator' xmlns='' />
<link:loc xlink:href='../elts/us-gaap-2016-01-31.xsd#us-gaap_TaxEffectOfExtraordinaryItem' xlink:label='loc_TaxEffectOfExtraordinaryItem' xlink:type='locator' xmlns='' />
<link:loc xlink:href='../elts/us-gaap-2016-01-31.xsd#us-gaap_DisposalGroupIncludingDiscontinuedOperationDeferredTaxLiabilities' xlink:label='loc_DisposalGroupIncludingDiscontinuedOperationDeferredTaxLiabilities' xlink:type='locator' xmlns='' />
<link:loc xlink:href='../elts/us-gaap-2016-01-31.xsd#us-gaap_DisposalGroupIncludingDiscontinuedOperationDeferredTaxLiabilitiesNoncurrent' xlink:label='loc_DisposalGroupIncludingDiscontinuedOperationDeferredTaxLiabilitiesNoncurrent' xlink:type='locator' xmlns='' />
<link:loc xlink:href='../elts/us-gaap-2016-01-31.xsd#us-gaap_DisposalGroupIncludingDiscontinuedOperationDeferredTaxLiabilitiesCurrent' xlink:label='loc_DisposalGroupIncludingDiscontinuedOperationDeferredTaxLiabilitiesCurrent' xlink:type='locator' xmlns='' />
<link:loc xlink:href='../elts/us-gaap-2016-01-31.xsd#us-gaap_ProfitLoss' xlink:label='loc_ProfitLoss' xlink:type='locator' xmlns='' />
<link:loc xlink:href='../elts/us-gaap-2016-01-31.xsd#us-gaap_IncomeLossBeforeExtraordinaryItemsAndCumulativeEffectOfChangeInAccountingPrinciple' xlink:label='loc_IncomeLossBeforeExtraordinaryItemsAndCumulativeEffectOfChangeInAccountingPrinciple' xlink:type='locator' xmlns='' />
<link:loc xlink:href='../elts/us-gaap-2016-01-31.xsd#us-gaap_UnusualOrInfrequentItemMember' xlink:label='loc_UnusualOrInfrequentItemMember' xlink:type='locator' xmlns='' />
<link:loc xlink:href='../elts/us-gaap-2016-01-31.xsd#us-gaap_ExtraordinaryItemMember' xlink:label='loc_ExtraordinaryItemMember' xlink:type='locator' xmlns='' />
<link:loc xlink:href='../elts/us-gaap-2016-01-31.xsd#us-gaap_EarningsPerShareBasicAndDiluted' xlink:label='loc_EarningsPerShareBasicAndDiluted' xlink:type='locator' xmlns='' />
<link:loc xlink:href='../elts/us-gaap-2016-01-31.xsd#us-gaap_IncomeLossFromOperationsBeforeExtraordinaryItemsPerBasicAndDilutedShare' xlink:label='loc_IncomeLossFromOperationsBeforeExtraordinaryItemsPerBasicAndDilutedShare' xlink:type='locator' xmlns='' />
<link:loc xlink:href='../elts/us-gaap-2016-01-31.xsd#us-gaap_NetIncomeLossPerOutstandingLimitedPartnershipAndGeneralPartnershipUnitBasicAndDiluted' xlink:label='loc_NetIncomeLossPerOutstandingLimitedPartnershipAndGeneralPartnershipUnitBasicAndDiluted' xlink:type='locator' xmlns='' />
<link:loc xlink:href='../elts/us-gaap-2016-01-31.xsd#us-gaap_IncomeLossFromOperationsBeforeExtraordinaryItemsPerOutstandingLimitedPartnershipAndGeneralPartnershipUnitBasicAndDiluted' xlink:label='loc_IncomeLossFromOperationsBeforeExtraordinaryItemsPerOutstandingLimitedPartnershipAndGeneralPartnershipUnitBasicAndDiluted' xlink:type='locator' xmlns='' />
<link:loc xlink:href='../elts/us-gaap-2016-01-31.xsd#us-gaap_UnusualOrInfrequentItemLossGross' xlink:label='loc_UnusualOrInfrequentItemLossGross' xlink:type='locator' xmlns='' />
<link:loc xlink:href='../elts/us-gaap-2016-01-31.xsd#us-gaap_ExtraordinaryItemsGross' xlink:label='loc_ExtraordinaryItemsGross' xlink:type='locator' xmlns='' />
<link:loc xlink:href='../elts/us-gaap-2016-01-31.xsd#us-gaap_UnusualOrInfrequentItemGainGross' xlink:label='loc_UnusualOrInfrequentItemGainGross' xlink:type='locator' xmlns='' />
<link:loc xlink:href='../elts/us-gaap-2016-01-31.xsd#us-gaap_NetIncomeLossPerOutstandingGeneralPartnershipUnitNetOfTax' xlink:label='loc_NetIncomeLossPerOutstandingGeneralPartnershipUnitNetOfTax' xlink:type='locator' xmlns='' />
<link:loc xlink:href='../elts/us-gaap-2016-01-31.xsd#us-gaap_IncomeLossFromOperationsBeforeExtraordinaryItemsPerOutstandingGeneralPartnershipUnitNetOfTax' xlink:label='loc_IncomeLossFromOperationsBeforeExtraordinaryItemsPerOutstandingGeneralPartnershipUnitNetOfTax' xlink:type='locator' xmlns='' />
<link:loc xlink:href='../elts/us-gaap-2016-01-31.xsd#us-gaap_NetIncomeLossPerOutstandingLimitedPartnershipUnitBasicNetOfTax' xlink:label='loc_NetIncomeLossPerOutstandingLimitedPartnershipUnitBasicNetOfTax' xlink:type='locator' xmlns='' />
<link:loc xlink:href='../elts/us-gaap-2016-01-31.xsd#us-gaap_IncomeLossFromOperationsBeforeExtraordinaryItemsPerOutstandingLimitedPartnershipUnitBasicNetOfTax' xlink:label='loc_IncomeLossFromOperationsBeforeExtraordinaryItemsPerOutstandingLimitedPartnershipUnitBasicNetOfTax' xlink:type='locator' xmlns='' />
<link:loc xlink:href='../elts/us-gaap-2016-01-31.xsd#us-gaap_NetIncomeLossNetOfTaxPerOutstandingLimitedPartnershipUnitDiluted' xlink:label='loc_NetIncomeLossNetOfTaxPerOutstandingLimitedPartnershipUnitDiluted' xlink:type='locator' xmlns='' />
<link:loc xlink:href='../elts/us-gaap-2016-01-31.xsd#us-gaap_IncomeLossFromOperationsBeforeExtraordinaryItemsNetOfTaxPerOutstandingLimitedPartnershipUnitDiluted' xlink:label='loc_IncomeLossFromOperationsBeforeExtraordinaryItemsNetOfTaxPerOutstandingLimitedPartnershipUnitDiluted' xlink:type='locator' xmlns='' />
<link:loc xlink:href='../elts/us-gaap-2016-01-31.xsd#us-gaap_NetIncomeLossPerOutstandingLimitedPartnershipAndGeneralPartnershipUnitBasic' xlink:label='loc_NetIncomeLossPerOutstandingLimitedPartnershipAndGeneralPartnershipUnitBasic' xlink:type='locator' xmlns='' />
<link:loc xlink:href='../elts/us-gaap-2016-01-31.xsd#us-gaap_IncomeLossFromOperationsBeforeExtraordinaryItemsPerOutstandingLimitedPartnershipAndGeneralPartnershipUnitBasic' xlink:label='loc_IncomeLossFromOperationsBeforeExtraordinaryItemsPerOutstandingLimitedPartnershipAndGeneralPartnershipUnitBasic' xlink:type='locator' xmlns='' />
<link:loc xlink:href='../elts/us-gaap-2016-01-31.xsd#us-gaap_DeferredIncomeTaxAssetsNet' xlink:label='loc_DeferredIncomeTaxAssetsNet' xlink:type='locator' xmlns='' />
<link:loc xlink:href='../elts/us-gaap-2016-01-31.xsd#us-gaap_DeferredTaxAssetsLiabilitiesNetCurrent' xlink:label='loc_DeferredTaxAssetsLiabilitiesNetCurrent' xlink:type='locator' xmlns='' />
<link:loc xlink:href='../elts/us-gaap-2016-01-31.xsd#us-gaap_DeferredTaxAssetsLiabilitiesNetNoncurrent' xlink:label='loc_DeferredTaxAssetsLiabilitiesNetNoncurrent' xlink:type='locator' xmlns='' />
<link:loc xlink:href='../elts/us-gaap-2016-01-31.xsd#us-gaap_DeferredIncomeTaxLiabilitiesNet' xlink:label='loc_DeferredIncomeTaxLiabilitiesNet' xlink:type='locator' xmlns='' />
<link:loc xlink:href='../elts/us-gaap-2016-01-31.xsd#us-gaap_DeferredTaxLiabilitiesCurrent' xlink:label='loc_DeferredTaxLiabilitiesCurrent' xlink:type='locator' xmlns='' />
<link:loc xlink:href='../elts/us-gaap-2016-01-31.xsd#us-gaap_DeferredTaxLiabilitiesNoncurrent' xlink:label='loc_DeferredTaxLiabilitiesNoncurrent' xlink:type='locator' xmlns='' />
<link:loc xlink:href='../elts/us-gaap-2016-01-31.xsd#us-gaap_BusinessCombinationRecognizedIdentifiableAssetsAcquiredAndLiabilitiesAssumedDeferredTaxLiabilities' xlink:label='loc_BusinessCombinationRecognizedIdentifiableAssetsAcquiredAndLiabilitiesAssumedDeferredTaxLiabilities' xlink:type='locator' xmlns='' />
<link:loc xlink:href='../elts/us-gaap-2016-01-31.xsd#us-gaap_BusinessCombinationRecognizedIdentifiableAssetsAcquiredAndLiabilitiesAssumedDeferredTaxLiabilitiesNoncurrent' xlink:label='loc_BusinessCombinationRecognizedIdentifiableAssetsAcquiredAndLiabilitiesAssumedDeferredTaxLiabilitiesNoncurrent' xlink:type='locator' xmlns='' />
<link:loc xlink:href='../elts/us-gaap-2016-01-31.xsd#us-gaap_BusinessCombinationRecognizedIdentifiableAssetsAcquiredAndLiabilitiesAssumedDeferredTaxLiabilitiesCurrent' xlink:label='loc_BusinessCombinationRecognizedIdentifiableAssetsAcquiredAndLiabilitiesAssumedDeferredTaxLiabilitiesCurrent' xlink:type='locator' xmlns='' />
<link:loc xlink:href='../elts/us-gaap-2016-01-31.xsd#us-gaap_BusinessCombinationRecognizedIdentifiableAssetsAcquiredAndLiabilitiesAssumedDeferredTaxAssets' xlink:label='loc_BusinessCombinationRecognizedIdentifiableAssetsAcquiredAndLiabilitiesAssumedDeferredTaxAssets' xlink:type='locator' xmlns='' />
<link:loc xlink:href='../elts/us-gaap-2016-01-31.xsd#us-gaap_BusinessCombinationRecognizedIdentifiableAssetsAcquiredAndLiabilitiesAssumedDeferredTaxAssetsCurrent' xlink:label='loc_BusinessCombinationRecognizedIdentifiableAssetsAcquiredAndLiabilitiesAssumedDeferredTaxAssetsCurrent' xlink:type='locator' xmlns='' />
<link:loc xlink:href='../elts/us-gaap-2016-01-31.xsd#us-gaap_BusinessCombinationRecognizedIdentifiableAssetsAcquiredAndLiabilitiesAssumedDeferredTaxAssetsNoncurrent' xlink:label='loc_BusinessCombinationRecognizedIdentifiableAssetsAcquiredAndLiabilitiesAssumedDeferredTaxAssetsNoncurrent' xlink:type='locator' xmlns='' />
<definitionArc order='10' xlink:arcrole='http://fasb.org/us-gaap/arcrole/alt-concept-supersededConceptForPeriodOfAndAfterAdoption' xlink:from='loc_EarningsPerShareBasic' xlink:to='loc_IncomeLossBeforeExtraordinaryItemsAndCumulativeEffectOfChangeInAccountingPrinciplePerBasicShare' xlink:type='arc' />
<definitionArc order='10' xlink:arcrole='http://fasb.org/us-gaap/arcrole/alt-concept-supersededConceptForPeriodOfAndAfterAdoption' xlink:from='loc_DeferredIncomeTaxLiabilities' xlink:to='loc_DeferredTaxLiabilitiesGrossCurrent' xlink:type='arc' />
<definitionArc order='20' xlink:arcrole='http://fasb.org/us-gaap/arcrole/alt-concept-supersededConceptForPeriodOfAndAfterAdoption' xlink:from='loc_DeferredIncomeTaxLiabilities' xlink:to='loc_DeferredTaxLiabilitiesGrossNoncurrent' xlink:type='arc' />
<definitionArc order='10' xlink:arcrole='http://fasb.org/us-gaap/arcrole/alt-concept-supersededConceptForPeriodOfAndAfterAdoption' xlink:from='loc_DeferredTaxAssetsGross' xlink:to='loc_DeferredTaxAssetsGrossCurrent' xlink:type='arc' />
<definitionArc order='20' xlink:arcrole='http://fasb.org/us-gaap/arcrole/alt-concept-supersededConceptForPeriodOfAndAfterAdoption' xlink:from='loc_DeferredTaxAssetsGross' xlink:to='loc_DeferredTaxAssetsGrossNoncurrent' xlink:type='arc' />
<definitionArc order='10' xlink:arcrole='http://fasb.org/us-gaap/arcrole/alt-concept-supersededConceptForPeriodOfAndAfterAdoption' xlink:from='loc_DeferredTaxAssetsNet' xlink:to='loc_DeferredTaxAssetsNetCurrent' xlink:type='arc' />
<definitionArc order='20' xlink:arcrole='http://fasb.org/us-gaap/arcrole/alt-concept-supersededConceptForPeriodOfAndAfterAdoption' xlink:from='loc_DeferredTaxAssetsNet' xlink:to='loc_DeferredTaxAssetsNetNoncurrent' xlink:type='arc' />
<definitionArc order='10' xlink:arcrole='http://fasb.org/us-gaap/arcrole/alt-concept-supersededConceptForPeriodOfAndAfterAdoption' xlink:from='loc_DeferredTaxAssetsValuationAllowance' xlink:to='loc_DeferredTaxAssetsValuationAllowanceCurrent' xlink:type='arc' />
<definitionArc order='20' xlink:arcrole='http://fasb.org/us-gaap/arcrole/alt-concept-supersededConceptForPeriodOfAndAfterAdoption' xlink:from='loc_DeferredTaxAssetsValuationAllowance' xlink:to='loc_DeferredTaxAssetsValuationAllowanceNoncurrent' xlink:type='arc' />
<definitionArc order='10' xlink:arcrole='http://fasb.org/us-gaap/arcrole/alt-concept-supersededConceptForPeriodOfAndAfterAdoption' xlink:from='loc_EarningsPerShareDiluted' xlink:to='loc_IncomeLossBeforeExtraordinaryItemsAndCumulativeEffectOfChangeInAccountingPrinciplePerDilutedShare' xlink:type='arc' />
<definitionArc order='10' xlink:arcrole='http://fasb.org/us-gaap/arcrole/alt-concept-supersededConceptForPeriodOfAndAfterAdoption' xlink:from='loc_ScheduleOfUnusualOrInfrequentItemsTextBlock' xlink:to='loc_ScheduleOfExtraordinaryItemsTextBlock' xlink:type='arc' />
<definitionArc order='10' xlink:arcrole='http://fasb.org/us-gaap/arcrole/alt-concept-supersededConceptForPeriodOfAndAfterAdoption' xlink:from='loc_UnusualOrInfrequentItemAxis' xlink:to='loc_ExtraordinaryItemAxis' xlink:type='arc' />
<definitionArc order='10' xlink:arcrole='http://fasb.org/us-gaap/arcrole/alt-concept-supersededConceptForPeriodOfAndAfterAdoption' xlink:from='loc_UnusualOrInfrequentItemDomain' xlink:to='loc_ExtraordinaryItemDomain' xlink:type='arc' />
<definitionArc order='10' xlink:arcrole='http://fasb.org/us-gaap/arcrole/alt-concept-supersededConceptForPeriodOfAndAfterAdoption' xlink:from='loc_UnusualOrInfrequentItemLineItems' xlink:to='loc_ExtraordinaryItemLineItems' xlink:type='arc' />
<definitionArc order='10' xlink:arcrole='http://fasb.org/us-gaap/arcrole/alt-concept-supersededConceptForPeriodOfAndAfterAdoption' xlink:from='loc_UnusualOrInfrequentItemTable' xlink:to='loc_ExtraordinaryItemsTable' xlink:type='arc' />
<definitionArc order='10' xlink:arcrole='http://fasb.org/us-gaap/arcrole/alt-concept-supersededConceptForPeriodOfAndAfterAdoption' xlink:from='loc_UnusualOrInfrequentItemNatureOfEventOrTransaction' xlink:to='loc_ExtraordinaryItemDescriptionOfEventOrTransaction' xlink:type='arc' />
<definitionArc order='10' xlink:arcrole='http://fasb.org/us-gaap/arcrole/alt-concept-supersededConceptForPeriodOfAndAfterAdoption' xlink:from='loc_UnusualOrInfrequentItemsDisclosureTextBlock' xlink:to='loc_ExtraordinaryItemsDisclosureTextBlock' xlink:type='arc' />
<definitionArc order='10' xlink:arcrole='http://fasb.org/us-gaap/arcrole/alt-concept-supersededConceptForPeriodOfAndAfterAdoption' xlink:from='loc_DisposalGroupIncludingDiscontinuedOperationDeferredTaxAssets' xlink:to='loc_DisposalGroupIncludingDiscontinuedOperationDeferredTaxAssetsNoncurrent' xlink:type='arc' />
<definitionArc order='20' xlink:arcrole='http://fasb.org/us-gaap/arcrole/alt-concept-supersededConceptForPeriodOfAndAfterAdoption' xlink:from='loc_DisposalGroupIncludingDiscontinuedOperationDeferredTaxAssets' xlink:to='loc_DisposalGroupIncludingDiscontinuedOperationDeferredTaxAssetCurrent' xlink:type='arc' />
<definitionArc order='10' xlink:arcrole='http://fasb.org/us-gaap/arcrole/alt-concept-supersededConceptForPeriodOfAndAfterAdoption' xlink:from='loc_UnusualOrInfrequentItemEarningsPerShareImpactNet' xlink:to='loc_ExtraordinaryItemEarningsPerShareImpactNet' xlink:type='arc' />
<definitionArc order='10' xlink:arcrole='http://fasb.org/us-gaap/arcrole/alt-concept-supersededConceptForPeriodOfAndAfterAdoption' xlink:from='loc_UnusualOrInfrequentItemEarningsPerShareImpactGross' xlink:to='loc_ExtraordinaryItemEarningsPerShareImpactGross' xlink:type='arc' />
<definitionArc order='10' xlink:arcrole='http://fasb.org/us-gaap/arcrole/alt-concept-supersededConceptForPeriodOfAndAfterAdoption' xlink:from='loc_UnusualOrInfrequentTaxEffect' xlink:to='loc_TaxEffectOfExtraordinaryItem' xlink:type='arc' />
<definitionArc order='10' xlink:arcrole='http://fasb.org/us-gaap/arcrole/alt-concept-supersededConceptForPeriodOfAndAfterAdoption' xlink:from='loc_DisposalGroupIncludingDiscontinuedOperationDeferredTaxLiabilities' xlink:to='loc_DisposalGroupIncludingDiscontinuedOperationDeferredTaxLiabilitiesNoncurrent' xlink:type='arc' />
<definitionArc order='20' xlink:arcrole='http://fasb.org/us-gaap/arcrole/alt-concept-supersededConceptForPeriodOfAndAfterAdoption' xlink:from='loc_DisposalGroupIncludingDiscontinuedOperationDeferredTaxLiabilities' xlink:to='loc_DisposalGroupIncludingDiscontinuedOperationDeferredTaxLiabilitiesCurrent' xlink:type='arc' />
<definitionArc order='10' xlink:arcrole='http://fasb.org/us-gaap/arcrole/alt-concept-supersededConceptForPeriodOfAndAfterAdoption' xlink:from='loc_ProfitLoss' xlink:to='loc_IncomeLossBeforeExtraordinaryItemsAndCumulativeEffectOfChangeInAccountingPrinciple' xlink:type='arc' />
<definitionArc order='10' xlink:arcrole='http://fasb.org/us-gaap/arcrole/alt-concept-supersededConceptForPeriodOfAndAfterAdoption' xlink:from='loc_UnusualOrInfrequentItemMember' xlink:to='loc_ExtraordinaryItemMember' xlink:type='arc' />
<definitionArc order='10' xlink:arcrole='http://fasb.org/us-gaap/arcrole/alt-concept-supersededConceptForPeriodOfAndAfterAdoption' xlink:from='loc_EarningsPerShareBasicAndDiluted' xlink:to='loc_IncomeLossFromOperationsBeforeExtraordinaryItemsPerBasicAndDilutedShare' xlink:type='arc' />
<definitionArc order='10' xlink:arcrole='http://fasb.org/us-gaap/arcrole/alt-concept-supersededConceptForPeriodOfAndAfterAdoption' xlink:from='loc_NetIncomeLossPerOutstandingLimitedPartnershipAndGeneralPartnershipUnitBasicAndDiluted' xlink:to='loc_IncomeLossFromOperationsBeforeExtraordinaryItemsPerOutstandingLimitedPartnershipAndGeneralPartnershipUnitBasicAndDiluted' xlink:type='arc' />
<definitionArc order='10' xlink:arcrole='http://fasb.org/us-gaap/arcrole/alt-concept-supersededConceptForPeriodOfAndAfterAdoption' xlink:from='loc_UnusualOrInfrequentItemLossGross' xlink:to='loc_ExtraordinaryItemsGross' xlink:type='arc' />
<definitionArc order='10' xlink:arcrole='http://fasb.org/us-gaap/arcrole/alt-concept-supersededConceptForPeriodOfAndAfterAdoption' xlink:from='loc_UnusualOrInfrequentItemGainGross' xlink:to='loc_ExtraordinaryItemsGross' xlink:type='arc' />
<definitionArc order='10' xlink:arcrole='http://fasb.org/us-gaap/arcrole/alt-concept-supersededConceptForPeriodOfAndAfterAdoption' xlink:from='loc_NetIncomeLossPerOutstandingGeneralPartnershipUnitNetOfTax' xlink:to='loc_IncomeLossFromOperationsBeforeExtraordinaryItemsPerOutstandingGeneralPartnershipUnitNetOfTax' xlink:type='arc' />
<definitionArc order='10' xlink:arcrole='http://fasb.org/us-gaap/arcrole/alt-concept-supersededConceptForPeriodOfAndAfterAdoption' xlink:from='loc_NetIncomeLossPerOutstandingLimitedPartnershipUnitBasicNetOfTax' xlink:to='loc_IncomeLossFromOperationsBeforeExtraordinaryItemsPerOutstandingLimitedPartnershipUnitBasicNetOfTax' xlink:type='arc' />
<definitionArc order='10' xlink:arcrole='http://fasb.org/us-gaap/arcrole/alt-concept-supersededConceptForPeriodOfAndAfterAdoption' xlink:from='loc_NetIncomeLossNetOfTaxPerOutstandingLimitedPartnershipUnitDiluted' xlink:to='loc_IncomeLossFromOperationsBeforeExtraordinaryItemsNetOfTaxPerOutstandingLimitedPartnershipUnitDiluted' xlink:type='arc' />
<definitionArc order='10' xlink:arcrole='http://fasb.org/us-gaap/arcrole/alt-concept-supersededConceptForPeriodOfAndAfterAdoption' xlink:from='loc_NetIncomeLossPerOutstandingLimitedPartnershipAndGeneralPartnershipUnitBasic' xlink:to='loc_IncomeLossFromOperationsBeforeExtraordinaryItemsPerOutstandingLimitedPartnershipAndGeneralPartnershipUnitBasic' xlink:type='arc' />
<definitionArc order='10' xlink:arcrole='http://fasb.org/us-gaap/arcrole/alt-concept-supersededConceptForPeriodOfAndAfterAdoption' xlink:from='loc_DeferredIncomeTaxAssetsNet' xlink:to='loc_DeferredTaxAssetsLiabilitiesNetCurrent' xlink:type='arc' />
<definitionArc order='20' xlink:arcrole='http://fasb.org/us-gaap/arcrole/alt-concept-supersededConceptForPeriodOfAndAfterAdoption' xlink:from='loc_DeferredIncomeTaxAssetsNet' xlink:to='loc_DeferredTaxAssetsLiabilitiesNetNoncurrent' xlink:type='arc' />
<definitionArc order='10' xlink:arcrole='http://fasb.org/us-gaap/arcrole/alt-concept-supersededConceptForPeriodOfAndAfterAdoption' xlink:from='loc_DeferredIncomeTaxLiabilitiesNet' xlink:to='loc_DeferredTaxLiabilitiesCurrent' xlink:type='arc' />
<definitionArc order='20' xlink:arcrole='http://fasb.org/us-gaap/arcrole/alt-concept-supersededConceptForPeriodOfAndAfterAdoption' xlink:from='loc_DeferredIncomeTaxLiabilitiesNet' xlink:to='loc_DeferredTaxLiabilitiesNoncurrent' xlink:type='arc' />
<definitionArc order='10' xlink:arcrole='http://fasb.org/us-gaap/arcrole/alt-concept-supersededConceptForPeriodOfAndAfterAdoption' xlink:from='loc_BusinessCombinationRecognizedIdentifiableAssetsAcquiredAndLiabilitiesAssumedDeferredTaxLiabilities' xlink:to='loc_BusinessCombinationRecognizedIdentifiableAssetsAcquiredAndLiabilitiesAssumedDeferredTaxLiabilitiesNoncurrent' xlink:type='arc' />
<definitionArc order='20' xlink:arcrole='http://fasb.org/us-gaap/arcrole/alt-concept-supersededConceptForPeriodOfAndAfterAdoption' xlink:from='loc_BusinessCombinationRecognizedIdentifiableAssetsAcquiredAndLiabilitiesAssumedDeferredTaxLiabilities' xlink:to='loc_BusinessCombinationRecognizedIdentifiableAssetsAcquiredAndLiabilitiesAssumedDeferredTaxLiabilitiesCurrent' xlink:type='arc' />
<definitionArc order='10' xlink:arcrole='http://fasb.org/us-gaap/arcrole/alt-concept-supersededConceptForPeriodOfAndAfterAdoption' xlink:from='loc_BusinessCombinationRecognizedIdentifiableAssetsAcquiredAndLiabilitiesAssumedDeferredTaxAssets' xlink:to='loc_BusinessCombinationRecognizedIdentifiableAssetsAcquiredAndLiabilitiesAssumedDeferredTaxAssetsCurrent' xlink:type='arc' />
<definitionArc order='20' xlink:arcrole='http://fasb.org/us-gaap/arcrole/alt-concept-supersededConceptForPeriodOfAndAfterAdoption' xlink:from='loc_BusinessCombinationRecognizedIdentifiableAssetsAcquiredAndLiabilitiesAssumedDeferredTaxAssets' xlink:to='loc_BusinessCombinationRecognizedIdentifiableAssetsAcquiredAndLiabilitiesAssumedDeferredTaxAssetsNoncurrent' xlink:type='arc' />
</definitionLink>
</link:linkbase>
