<?xml version='1.0' encoding='UTF-8'?>

<!--
(c) XBRL US, Inc. 2007-2010; Financial Accounting Foundation, Inc. 2010-2016.  All Rights Reserved.
Notice: Authorized Uses are Set Forth at http://xbrl.fasb.org/terms/TaxonomiesTermsConditions.html
  -->
<link:linkbase xmlns:link='http://www.xbrl.org/2003/linkbase' xmlns:xbrldt='http://xbrl.org/2005/xbrldt' xmlns:xlink='http://www.w3.org/1999/xlink' xmlns:xsi='http://www.w3.org/2001/XMLSchema-instance' xsi:schemaLocation='http://www.xbrl.org/2003/linkbase http://www.xbrl.org/2003/xbrl-linkbase-2003-12-31.xsd'>
<link:roleRef roleURI='http://fasb.org/us-gaap/role/disclosure/FinancialServicesInsurance' xlink:href='../elts/us-roles-2016-01-31.xsd#fs-ins' xlink:type='simple' />
<link:calculationLink xlink:role='http://fasb.org/us-gaap/role/disclosure/FinancialServicesInsurance' xlink:type='extended'>
<link:loc xlink:href='../elts/us-gaap-2016-01-31.xsd#us-gaap_ClosedBlockAssetsAndLiabilitiesMaximumFutureEarningsToBeRecognizedPeriodIncreaseDecrease' xlink:label='loc_ClosedBlockAssetsAndLiabilitiesMaximumFutureEarningsToBeRecognizedPeriodIncreaseDecrease' xlink:type='locator' />
<link:loc xlink:href='../elts/us-gaap-2016-01-31.xsd#us-gaap_ClosedBlockOperationsNetResults' xlink:label='loc_ClosedBlockOperationsNetResults' xlink:type='locator' />
<link:loc xlink:href='../elts/us-gaap-2016-01-31.xsd#us-gaap_ClosedBlockOperationsAfterTaxResultsFromContinuingOperations' xlink:label='loc_ClosedBlockOperationsAfterTaxResultsFromContinuingOperations' xlink:type='locator' />
<link:loc xlink:href='../elts/us-gaap-2016-01-31.xsd#us-gaap_ClosedBlockOperationsResultsBeforeIncomeTaxes' xlink:label='loc_ClosedBlockOperationsResultsBeforeIncomeTaxes' xlink:type='locator' />
<link:loc xlink:href='../elts/us-gaap-2016-01-31.xsd#us-gaap_ClosedBlockOperationsRevenue' xlink:label='loc_ClosedBlockOperationsRevenue' xlink:type='locator' />
<link:loc xlink:href='../elts/us-gaap-2016-01-31.xsd#us-gaap_ClosedBlockOperationsPremiums' xlink:label='loc_ClosedBlockOperationsPremiums' xlink:type='locator' />
<link:loc xlink:href='../elts/us-gaap-2016-01-31.xsd#us-gaap_ClosedBlockOperationsNetInvestmentIncome' xlink:label='loc_ClosedBlockOperationsNetInvestmentIncome' xlink:type='locator' />
<link:loc xlink:href='../elts/us-gaap-2016-01-31.xsd#us-gaap_ClosedBlockOperationsRealizedInvestmentGainsLosses' xlink:label='loc_ClosedBlockOperationsRealizedInvestmentGainsLosses' xlink:type='locator' />
<link:loc xlink:href='../elts/us-gaap-2016-01-31.xsd#us-gaap_ClosedBlockOperationsOtherRevenue' xlink:label='loc_ClosedBlockOperationsOtherRevenue' xlink:type='locator' />
<link:loc xlink:href='../elts/us-gaap-2016-01-31.xsd#us-gaap_ClosedBlockOperationsBenefitsAndExpense' xlink:label='loc_ClosedBlockOperationsBenefitsAndExpense' xlink:type='locator' />
<link:loc xlink:href='../elts/us-gaap-2016-01-31.xsd#us-gaap_ClosedBlockOperationsPolicyholderBenefits' xlink:label='loc_ClosedBlockOperationsPolicyholderBenefits' xlink:type='locator' />
<link:loc xlink:href='../elts/us-gaap-2016-01-31.xsd#us-gaap_ClosedBlockOperationsChangeInPolicyholderBenefitsAndInterestCreditedToPolicyholderAccountBalances' xlink:label='loc_ClosedBlockOperationsChangeInPolicyholderBenefitsAndInterestCreditedToPolicyholderAccountBalances' xlink:type='locator' />
<link:loc xlink:href='../elts/us-gaap-2016-01-31.xsd#us-gaap_ClosedBlockOperationsPolicyholderDividends' xlink:label='loc_ClosedBlockOperationsPolicyholderDividends' xlink:type='locator' />
<link:loc xlink:href='../elts/us-gaap-2016-01-31.xsd#us-gaap_ClosedBlockOperationsOtherExpense' xlink:label='loc_ClosedBlockOperationsOtherExpense' xlink:type='locator' />
<link:loc xlink:href='../elts/us-gaap-2016-01-31.xsd#us-gaap_ClosedBlockOperationsIncomeTaxes' xlink:label='loc_ClosedBlockOperationsIncomeTaxes' xlink:type='locator' />
<link:loc xlink:href='../elts/us-gaap-2016-01-31.xsd#us-gaap_ClosedBlockOperationsIncomeLossFromDiscontinuedOperationsNetOfTax' xlink:label='loc_ClosedBlockOperationsIncomeLossFromDiscontinuedOperationsNetOfTax' xlink:type='locator' />
<link:loc xlink:href='../elts/us-gaap-2016-01-31.xsd#us-gaap_ClosedBlockAssetsAndLiabilitiesMaximumFutureEarningsToBeRecognizedOtherAdjustments' xlink:label='loc_ClosedBlockAssetsAndLiabilitiesMaximumFutureEarningsToBeRecognizedOtherAdjustments' xlink:type='locator' />
<link:loc xlink:href='../elts/us-gaap-2016-01-31.xsd#us-gaap_ClosedBlockAssetsAndLiabilitiesMaximumFutureEarningsToBeRecognized' xlink:label='loc_ClosedBlockAssetsAndLiabilitiesMaximumFutureEarningsToBeRecognized' xlink:type='locator' />
<link:loc xlink:href='../elts/us-gaap-2016-01-31.xsd#us-gaap_ExcessOfReportedClosedBlockLiabilitiesOverAssetsDesignatedToClosedBlock' xlink:label='loc_ExcessOfReportedClosedBlockLiabilitiesOverAssetsDesignatedToClosedBlock' xlink:type='locator' />
<link:loc xlink:href='../elts/us-gaap-2016-01-31.xsd#us-gaap_ClosedBlockLiabilities' xlink:label='loc_ClosedBlockLiabilities' xlink:type='locator' />
<link:loc xlink:href='../elts/us-gaap-2016-01-31.xsd#us-gaap_ClosedBlockLiabilitiesFuturePolicyBenefitsAndPolicyholderAccountBalances' xlink:label='loc_ClosedBlockLiabilitiesFuturePolicyBenefitsAndPolicyholderAccountBalances' xlink:type='locator' />
<link:loc xlink:href='../elts/us-gaap-2016-01-31.xsd#us-gaap_ClosedBlockLiabilitiesOtherPolicyholderFunds' xlink:label='loc_ClosedBlockLiabilitiesOtherPolicyholderFunds' xlink:type='locator' />
<link:loc xlink:href='../elts/us-gaap-2016-01-31.xsd#us-gaap_ClosedBlockLiabilitiesPolicyholderDividendsPayable' xlink:label='loc_ClosedBlockLiabilitiesPolicyholderDividendsPayable' xlink:type='locator' />
<link:loc xlink:href='../elts/us-gaap-2016-01-31.xsd#us-gaap_ClosedBlockLiabilitiesPolicyholderDividendObligation' xlink:label='loc_ClosedBlockLiabilitiesPolicyholderDividendObligation' xlink:type='locator' />
<link:loc xlink:href='../elts/us-gaap-2016-01-31.xsd#us-gaap_ClosedBlockLiabilitiesOtherClosedBlockLiabilities' xlink:label='loc_ClosedBlockLiabilitiesOtherClosedBlockLiabilities' xlink:type='locator' />
<link:loc xlink:href='../elts/us-gaap-2016-01-31.xsd#us-gaap_AssetsDesignatedToClosedBlock' xlink:label='loc_AssetsDesignatedToClosedBlock' xlink:type='locator' />
<link:loc xlink:href='../elts/us-gaap-2016-01-31.xsd#us-gaap_AssetsDesignatedToClosedBlockInvestments' xlink:label='loc_AssetsDesignatedToClosedBlockInvestments' xlink:type='locator' />
<link:loc xlink:href='../elts/us-gaap-2016-01-31.xsd#us-gaap_AssetsDesignatedToClosedBlockFixedMaturitiesHeldToMaturityAtAmortizedCost' xlink:label='loc_AssetsDesignatedToClosedBlockFixedMaturitiesHeldToMaturityAtAmortizedCost' xlink:type='locator' />
<link:loc xlink:href='../elts/us-gaap-2016-01-31.xsd#us-gaap_AssetsDesignatedToClosedBlockFixedMaturityAvailableForSaleAtFairValue' xlink:label='loc_AssetsDesignatedToClosedBlockFixedMaturityAvailableForSaleAtFairValue' xlink:type='locator' />
<link:loc xlink:href='../elts/us-gaap-2016-01-31.xsd#us-gaap_AssetsDesignatedToClosedBlockEquitySecuritiesAtFairValue' xlink:label='loc_AssetsDesignatedToClosedBlockEquitySecuritiesAtFairValue' xlink:type='locator' />
<link:loc xlink:href='../elts/us-gaap-2016-01-31.xsd#us-gaap_AssetsDesignatedToClosedBlockMortgageLoansOnRealEstate' xlink:label='loc_AssetsDesignatedToClosedBlockMortgageLoansOnRealEstate' xlink:type='locator' />
<link:loc xlink:href='../elts/us-gaap-2016-01-31.xsd#us-gaap_AssetsDesignatedToClosedBlockTradingSecuritiesDebt' xlink:label='loc_AssetsDesignatedToClosedBlockTradingSecuritiesDebt' xlink:type='locator' />
<link:loc xlink:href='../elts/us-gaap-2016-01-31.xsd#us-gaap_AssetsDesignatedToClosedBlockPolicyLoans' xlink:label='loc_AssetsDesignatedToClosedBlockPolicyLoans' xlink:type='locator' />
<link:loc xlink:href='../elts/us-gaap-2016-01-31.xsd#us-gaap_AssetsDesignatedToClosedBlockRealEstate' xlink:label='loc_AssetsDesignatedToClosedBlockRealEstate' xlink:type='locator' />
<link:loc xlink:href='../elts/us-gaap-2016-01-31.xsd#us-gaap_AssetsDesignatedToClosedBlockShortTermInvestments' xlink:label='loc_AssetsDesignatedToClosedBlockShortTermInvestments' xlink:type='locator' />
<link:loc xlink:href='../elts/us-gaap-2016-01-31.xsd#us-gaap_AssetsDesignatedToClosedBlockOtherInvestments' xlink:label='loc_AssetsDesignatedToClosedBlockOtherInvestments' xlink:type='locator' />
<link:loc xlink:href='../elts/us-gaap-2016-01-31.xsd#us-gaap_AssetsDesignatedToClosedBlockOtherShortTermInvestments' xlink:label='loc_AssetsDesignatedToClosedBlockOtherShortTermInvestments' xlink:type='locator' />
<link:loc xlink:href='../elts/us-gaap-2016-01-31.xsd#us-gaap_AssetsDesignatedToClosedBlockOtherLongTermInvestments' xlink:label='loc_AssetsDesignatedToClosedBlockOtherLongTermInvestments' xlink:type='locator' />
<link:loc xlink:href='../elts/us-gaap-2016-01-31.xsd#us-gaap_AssetsDesignatedToClosedBlockCashAndCashEquivalents' xlink:label='loc_AssetsDesignatedToClosedBlockCashAndCashEquivalents' xlink:type='locator' />
<link:loc xlink:href='../elts/us-gaap-2016-01-31.xsd#us-gaap_AssetsDesignatedToClosedBlockPremiumsAndOtherReceivablesNet' xlink:label='loc_AssetsDesignatedToClosedBlockPremiumsAndOtherReceivablesNet' xlink:type='locator' />
<link:loc xlink:href='../elts/us-gaap-2016-01-31.xsd#us-gaap_AssetsDesignatedToClosedBlockIncomeTaxReceivable' xlink:label='loc_AssetsDesignatedToClosedBlockIncomeTaxReceivable' xlink:type='locator' />
<link:loc xlink:href='../elts/us-gaap-2016-01-31.xsd#us-gaap_AssetsDesignatedToClosedBlockAccruedInvestmentIncome' xlink:label='loc_AssetsDesignatedToClosedBlockAccruedInvestmentIncome' xlink:type='locator' />
<link:loc xlink:href='../elts/us-gaap-2016-01-31.xsd#us-gaap_AssetsDesignatedToClosedBlockDeferredTaxAssetNet' xlink:label='loc_AssetsDesignatedToClosedBlockDeferredTaxAssetNet' xlink:type='locator' />
<link:loc xlink:href='../elts/us-gaap-2016-01-31.xsd#us-gaap_AssetsDesignatedToClosedBlockOtherClosedBlockAssets1' xlink:label='loc_AssetsDesignatedToClosedBlockOtherClosedBlockAssets1' xlink:type='locator' />
<link:loc xlink:href='../elts/us-gaap-2016-01-31.xsd#us-gaap_ClosedBlockAssetsAndLiabilitiesEffectOnOtherComprehensiveIncome' xlink:label='loc_ClosedBlockAssetsAndLiabilitiesEffectOnOtherComprehensiveIncome' xlink:type='locator' />
<link:loc xlink:href='../elts/us-gaap-2016-01-31.xsd#us-gaap_ClosedBlockAssetsAndLiabilitiesChangeInPolicyholderDividendObligation' xlink:label='loc_ClosedBlockAssetsAndLiabilitiesChangeInPolicyholderDividendObligation' xlink:type='locator' />
<link:loc xlink:href='../elts/us-gaap-2016-01-31.xsd#us-gaap_ClosedBlockInvestmentsAvailableForSaleChangeInUnrealizedAppreciation' xlink:label='loc_ClosedBlockInvestmentsAvailableForSaleChangeInUnrealizedAppreciation' xlink:type='locator' />
<link:loc xlink:href='../elts/us-gaap-2016-01-31.xsd#us-gaap_ClosedBlockDividendObligationPeriodIncreaseDecrease' xlink:label='loc_ClosedBlockDividendObligationPeriodIncreaseDecrease' xlink:type='locator' />
<link:loc xlink:href='../elts/us-gaap-2016-01-31.xsd#us-gaap_ClosedBlockDividendObligationIncreaseDecreaseForEffectOfOperatingResults' xlink:label='loc_ClosedBlockDividendObligationIncreaseDecreaseForEffectOfOperatingResults' xlink:type='locator' />
<link:loc xlink:href='../elts/us-gaap-2016-01-31.xsd#us-gaap_ClosedBlockDividendObligationChangeInUnrealizedInvestmentGainsLosses' xlink:label='loc_ClosedBlockDividendObligationChangeInUnrealizedInvestmentGainsLosses' xlink:type='locator' />
<link:loc xlink:href='../elts/us-gaap-2016-01-31.xsd#us-gaap_DeferredPolicyAcquisitionCostsAndPresentValueOfFutureProfitsPeriodIncreaseDecrease' xlink:label='loc_DeferredPolicyAcquisitionCostsAndPresentValueOfFutureProfitsPeriodIncreaseDecrease' xlink:type='locator' />
<link:loc xlink:href='../elts/us-gaap-2016-01-31.xsd#us-gaap_DeferredPolicyAcquisitionCostsAndPresentValueOfFutureProfitsAdditions' xlink:label='loc_DeferredPolicyAcquisitionCostsAndPresentValueOfFutureProfitsAdditions' xlink:type='locator' />
<link:loc xlink:href='../elts/us-gaap-2016-01-31.xsd#us-gaap_DeferredPolicyAcquisitionCostsAndPresentValueOfFutureProfitsAmortization1' xlink:label='loc_DeferredPolicyAcquisitionCostsAndPresentValueOfFutureProfitsAmortization1' xlink:type='locator' />
<link:loc xlink:href='../elts/us-gaap-2016-01-31.xsd#us-gaap_DeferredPolicyAcquisitionCostsPeriodIncreaseDecrease' xlink:label='loc_DeferredPolicyAcquisitionCostsPeriodIncreaseDecrease' xlink:type='locator' />
<link:loc xlink:href='../elts/us-gaap-2016-01-31.xsd#us-gaap_DeferredPolicyAcquisitionCostsAdditions' xlink:label='loc_DeferredPolicyAcquisitionCostsAdditions' xlink:type='locator' />
<link:loc xlink:href='../elts/us-gaap-2016-01-31.xsd#us-gaap_DeferredPolicyAcquisitionCostUnrealizedInvestmentGainLoss' xlink:label='loc_DeferredPolicyAcquisitionCostUnrealizedInvestmentGainLoss' xlink:type='locator' />
<link:loc xlink:href='../elts/us-gaap-2016-01-31.xsd#us-gaap_DeferredPolicyAcquisitionCostForeignCurrencyTranslationGainLoss' xlink:label='loc_DeferredPolicyAcquisitionCostForeignCurrencyTranslationGainLoss' xlink:type='locator' />
<link:loc xlink:href='../elts/us-gaap-2016-01-31.xsd#us-gaap_DeferredPolicyAcquisitionCostAmortizationExpense' xlink:label='loc_DeferredPolicyAcquisitionCostAmortizationExpense' xlink:type='locator' />
<link:loc xlink:href='../elts/us-gaap-2016-01-31.xsd#us-gaap_DeferredSalesInducementsPeriodIncreaseDecrease' xlink:label='loc_DeferredSalesInducementsPeriodIncreaseDecrease' xlink:type='locator' />
<link:loc xlink:href='../elts/us-gaap-2016-01-31.xsd#us-gaap_DeferredSalesInducementsAdjustments' xlink:label='loc_DeferredSalesInducementsAdjustments' xlink:type='locator' />
<link:loc xlink:href='../elts/us-gaap-2016-01-31.xsd#us-gaap_DeferredSalesInducementsAmortizationExpense' xlink:label='loc_DeferredSalesInducementsAmortizationExpense' xlink:type='locator' />
<link:loc xlink:href='../elts/us-gaap-2016-01-31.xsd#us-gaap_DeferredSalesInducementsAdditions' xlink:label='loc_DeferredSalesInducementsAdditions' xlink:type='locator' />
<link:loc xlink:href='../elts/us-gaap-2016-01-31.xsd#us-gaap_FinancialGuaranteeInsuranceContractsPremiumReceivablePremiumExpectedToBeCollected' xlink:label='loc_FinancialGuaranteeInsuranceContractsPremiumReceivablePremiumExpectedToBeCollected' xlink:type='locator' />
<link:loc xlink:href='../elts/us-gaap-2016-01-31.xsd#us-gaap_FinancialGuaranteeInsuranceContractsPremiumExpectedToBeCollectedWithinOneYearFromBalanceSheetDate' xlink:label='loc_FinancialGuaranteeInsuranceContractsPremiumExpectedToBeCollectedWithinOneYearFromBalanceSheetDate' xlink:type='locator' />
<link:loc xlink:href='../elts/us-gaap-2016-01-31.xsd#us-gaap_FinancialGuaranteeInsuranceContractsPremiumExpectedToBeCollectedDuringFirstQuarterFollowingBalanceSheetDate' xlink:label='loc_FinancialGuaranteeInsuranceContractsPremiumExpectedToBeCollectedDuringFirstQuarterFollowingBalanceSheetDate' xlink:type='locator' />
<link:loc xlink:href='../elts/us-gaap-2016-01-31.xsd#us-gaap_FinancialGuaranteeInsuranceContractsPremiumExpectedToBeCollectedDuringSecondQuarterFollowingTheBalanceSheetDate' xlink:label='loc_FinancialGuaranteeInsuranceContractsPremiumExpectedToBeCollectedDuringSecondQuarterFollowingTheBalanceSheetDate' xlink:type='locator' />
<link:loc xlink:href='../elts/us-gaap-2016-01-31.xsd#us-gaap_FinancialGuaranteeInsuranceContractsPremiumExpectedToBeCollectedDuringThirdQuarterFollowingBalanceSheetDate' xlink:label='loc_FinancialGuaranteeInsuranceContractsPremiumExpectedToBeCollectedDuringThirdQuarterFollowingBalanceSheetDate' xlink:type='locator' />
<link:loc xlink:href='../elts/us-gaap-2016-01-31.xsd#us-gaap_FinancialGuaranteeInsuranceContractsPremiumExpectedToBeCollectedDuringFourthQuarterFollowingBalanceSheetDate' xlink:label='loc_FinancialGuaranteeInsuranceContractsPremiumExpectedToBeCollectedDuringFourthQuarterFollowingBalanceSheetDate' xlink:type='locator' />
<link:loc xlink:href='../elts/us-gaap-2016-01-31.xsd#us-gaap_FinancialGuaranteeInsuranceContractsPremiumExpectedToBeCollectedMoreThanOneAndWithinTwoYearsFromBalanceSheetDate' xlink:label='loc_FinancialGuaranteeInsuranceContractsPremiumExpectedToBeCollectedMoreThanOneAndWithinTwoYearsFromBalanceSheetDate' xlink:type='locator' />
<link:loc xlink:href='../elts/us-gaap-2016-01-31.xsd#us-gaap_FinancialGuaranteeInsuranceContractsPremiumExpectedToBeCollectedMoreThanTwoAndWithinThreeYearsFromBalanceSheetDate' xlink:label='loc_FinancialGuaranteeInsuranceContractsPremiumExpectedToBeCollectedMoreThanTwoAndWithinThreeYearsFromBalanceSheetDate' xlink:type='locator' />
<link:loc xlink:href='../elts/us-gaap-2016-01-31.xsd#us-gaap_FinancialGuaranteeInsuranceContractsPremiumExpectedToBeCollectedMoreThanThreeAndWithinFourYearsFromBalanceSheetDate' xlink:label='loc_FinancialGuaranteeInsuranceContractsPremiumExpectedToBeCollectedMoreThanThreeAndWithinFourYearsFromBalanceSheetDate' xlink:type='locator' />
<link:loc xlink:href='../elts/us-gaap-2016-01-31.xsd#us-gaap_FinancialGuaranteeInsuranceContractsPremiumExpectedToBeCollectedMoreThanFourAndWithinFiveYearsFromBalanceSheetDate' xlink:label='loc_FinancialGuaranteeInsuranceContractsPremiumExpectedToBeCollectedMoreThanFourAndWithinFiveYearsFromBalanceSheetDate' xlink:type='locator' />
<link:loc xlink:href='../elts/us-gaap-2016-01-31.xsd#us-gaap_FinancialGuaranteeInsuranceContractsPremiumExpectedToBeCollectedMoreThanFiveAndWithin10YearsFromBalanceSheetDate' xlink:label='loc_FinancialGuaranteeInsuranceContractsPremiumExpectedToBeCollectedMoreThanFiveAndWithin10YearsFromBalanceSheetDate' xlink:type='locator' />
<link:loc xlink:href='../elts/us-gaap-2016-01-31.xsd#us-gaap_FinancialGuaranteeInsuranceContractsPremiumExpectedToBeCollectedMoreThan10AndWithin15YearsFromBalanceSheetDate' xlink:label='loc_FinancialGuaranteeInsuranceContractsPremiumExpectedToBeCollectedMoreThan10AndWithin15YearsFromBalanceSheetDate' xlink:type='locator' />
<link:loc xlink:href='../elts/us-gaap-2016-01-31.xsd#us-gaap_FinancialGuaranteeInsuranceContractsPremiumExpectedToBeCollectedMoreThan15AndWithin20YearsFromBalanceSheetDate' xlink:label='loc_FinancialGuaranteeInsuranceContractsPremiumExpectedToBeCollectedMoreThan15AndWithin20YearsFromBalanceSheetDate' xlink:type='locator' />
<link:loc xlink:href='../elts/us-gaap-2016-01-31.xsd#us-gaap_FinancialGuaranteeInsuranceContractsPremiumExpectedToBeCollectedMoreThan20AndWithin25YearsFromBalanceSheetDate' xlink:label='loc_FinancialGuaranteeInsuranceContractsPremiumExpectedToBeCollectedMoreThan20AndWithin25YearsFromBalanceSheetDate' xlink:type='locator' />
<link:loc xlink:href='../elts/us-gaap-2016-01-31.xsd#us-gaap_FinancialGuaranteeInsuranceContractsPremiumExpectedToBeCollectedMoreThan25AndWithin30YearsFromBalanceSheetDate' xlink:label='loc_FinancialGuaranteeInsuranceContractsPremiumExpectedToBeCollectedMoreThan25AndWithin30YearsFromBalanceSheetDate' xlink:type='locator' />
<link:loc xlink:href='../elts/us-gaap-2016-01-31.xsd#us-gaap_FinancialGuaranteeInsuranceContractsPremiumExpectedToBeCollectedMoreThan30AndWithin35YearsFromBalanceSheetDate' xlink:label='loc_FinancialGuaranteeInsuranceContractsPremiumExpectedToBeCollectedMoreThan30AndWithin35YearsFromBalanceSheetDate' xlink:type='locator' />
<link:loc xlink:href='../elts/us-gaap-2016-01-31.xsd#us-gaap_FinancialGuaranteeInsuranceContractsPremiumExpectedToBeCollectedMoreThan35AndWithin40YearsFromBalanceSheetDate' xlink:label='loc_FinancialGuaranteeInsuranceContractsPremiumExpectedToBeCollectedMoreThan35AndWithin40YearsFromBalanceSheetDate' xlink:type='locator' />
<link:loc xlink:href='../elts/us-gaap-2016-01-31.xsd#us-gaap_FinancialGuaranteeInsuranceContractsPremiumsReceivablePeriodIncreaseDecrease' xlink:label='loc_FinancialGuaranteeInsuranceContractsPremiumsReceivablePeriodIncreaseDecrease' xlink:type='locator' />
<link:loc xlink:href='../elts/us-gaap-2016-01-31.xsd#us-gaap_FinancialGuaranteeInsuranceContractsPremiumReceivableProceedsFromPremiumsReceived' xlink:label='loc_FinancialGuaranteeInsuranceContractsPremiumReceivableProceedsFromPremiumsReceived' xlink:type='locator' />
<link:loc xlink:href='../elts/us-gaap-2016-01-31.xsd#us-gaap_FinancialGuaranteeInsuranceContractsPremiumReceivableNewBusinessWritten' xlink:label='loc_FinancialGuaranteeInsuranceContractsPremiumReceivableNewBusinessWritten' xlink:type='locator' />
<link:loc xlink:href='../elts/us-gaap-2016-01-31.xsd#us-gaap_FinancialGuaranteeInsuranceContractsPremiumsReceivableAdjustment' xlink:label='loc_FinancialGuaranteeInsuranceContractsPremiumsReceivableAdjustment' xlink:type='locator' />
<link:loc xlink:href='../elts/us-gaap-2016-01-31.xsd#us-gaap_FinancialGuaranteeInsuranceContractsPremiumsReceivableAdjustmentChangeInPeriodOfContract' xlink:label='loc_FinancialGuaranteeInsuranceContractsPremiumsReceivableAdjustmentChangeInPeriodOfContract' xlink:type='locator' />
<link:loc xlink:href='../elts/us-gaap-2016-01-31.xsd#us-gaap_FinancialGuaranteeInsuranceContractsPremiumsReceivableAccretionOfDiscountOnPremiumReceivable' xlink:label='loc_FinancialGuaranteeInsuranceContractsPremiumsReceivableAccretionOfDiscountOnPremiumReceivable' xlink:type='locator' />
<link:loc xlink:href='../elts/us-gaap-2016-01-31.xsd#us-gaap_FinancialGuaranteeInsuranceContractsPremiumsReceivableAdjustmentOtherAdjustments' xlink:label='loc_FinancialGuaranteeInsuranceContractsPremiumsReceivableAdjustmentOtherAdjustments' xlink:type='locator' />
<link:loc xlink:href='../elts/us-gaap-2016-01-31.xsd#us-gaap_FinancialGuaranteeInsuranceContractsFutureExpectedPremiumRevenueToBeRecognized' xlink:label='loc_FinancialGuaranteeInsuranceContractsFutureExpectedPremiumRevenueToBeRecognized' xlink:type='locator' />
<link:loc xlink:href='../elts/us-gaap-2016-01-31.xsd#us-gaap_FinancialGuaranteeInsuranceContractsFutureExpectedPremiumRevenueToBeRecognizedOneYearFromBalanceSheetDate' xlink:label='loc_FinancialGuaranteeInsuranceContractsFutureExpectedPremiumRevenueToBeRecognizedOneYearFromBalanceSheetDate' xlink:type='locator' />
<link:loc xlink:href='../elts/us-gaap-2016-01-31.xsd#us-gaap_FinancialGuaranteeInsuranceContractsFutureExpectedPremiumRevenueToBeRecognizedDuringFirstQuarterFollowingBalanceSheetDate' xlink:label='loc_FinancialGuaranteeInsuranceContractsFutureExpectedPremiumRevenueToBeRecognizedDuringFirstQuarterFollowingBalanceSheetDate' xlink:type='locator' />
<link:loc xlink:href='../elts/us-gaap-2016-01-31.xsd#us-gaap_FinancialGuaranteeInsuranceContractsFutureExpectedPremiumRevenueToBeRecognizedDuringSecondQuarterFollowingBalanceSheetDate' xlink:label='loc_FinancialGuaranteeInsuranceContractsFutureExpectedPremiumRevenueToBeRecognizedDuringSecondQuarterFollowingBalanceSheetDate' xlink:type='locator' />
<link:loc xlink:href='../elts/us-gaap-2016-01-31.xsd#us-gaap_FinancialGuaranteeInsuranceContractsFutureExpectedPremiumRevenueToBeRecognizedDuringThirdQuarterFollowingBalanceSheetDate' xlink:label='loc_FinancialGuaranteeInsuranceContractsFutureExpectedPremiumRevenueToBeRecognizedDuringThirdQuarterFollowingBalanceSheetDate' xlink:type='locator' />
<link:loc xlink:href='../elts/us-gaap-2016-01-31.xsd#us-gaap_FinancialGuaranteeInsuranceContractsFutureExpectedPremiumRevenueToBeRecognizedDuringFourthQuarterFollowingBalanceSheetDate' xlink:label='loc_FinancialGuaranteeInsuranceContractsFutureExpectedPremiumRevenueToBeRecognizedDuringFourthQuarterFollowingBalanceSheetDate' xlink:type='locator' />
<link:loc xlink:href='../elts/us-gaap-2016-01-31.xsd#us-gaap_FinancialGuaranteeInsuranceContractsFutureExpectedPremiumRevenueToBeRecognizedMoreThanOneAndWithinTwoYearsFromBalanceSheetDate' xlink:label='loc_FinancialGuaranteeInsuranceContractsFutureExpectedPremiumRevenueToBeRecognizedMoreThanOneAndWithinTwoYearsFromBalanceSheetDate' xlink:type='locator' />
<link:loc xlink:href='../elts/us-gaap-2016-01-31.xsd#us-gaap_FinancialGuaranteeInsuranceContractsFutureExpectedPremiumRevenueToBeRecognizedMoreThanTwoAndWithinThreeYearsFromBalanceSheetDate' xlink:label='loc_FinancialGuaranteeInsuranceContractsFutureExpectedPremiumRevenueToBeRecognizedMoreThanTwoAndWithinThreeYearsFromBalanceSheetDate' xlink:type='locator' />
<link:loc xlink:href='../elts/us-gaap-2016-01-31.xsd#us-gaap_FinancialGuaranteeInsuranceContractsFutureExpectedPremiumRevenueToBeRecognizedMoreThanThreeAndWithinFourYearsFromBalanceSheetDate' xlink:label='loc_FinancialGuaranteeInsuranceContractsFutureExpectedPremiumRevenueToBeRecognizedMoreThanThreeAndWithinFourYearsFromBalanceSheetDate' xlink:type='locator' />
<link:loc xlink:href='../elts/us-gaap-2016-01-31.xsd#us-gaap_FinancialGuaranteeInsuranceContractsFutureExpectedPremiumRevenueToBeRecognizedMoreThanFourAndWithinFiveYearsFromBalanceSheetDate' xlink:label='loc_FinancialGuaranteeInsuranceContractsFutureExpectedPremiumRevenueToBeRecognizedMoreThanFourAndWithinFiveYearsFromBalanceSheetDate' xlink:type='locator' />
<link:loc xlink:href='../elts/us-gaap-2016-01-31.xsd#us-gaap_FinancialGuaranteeInsuranceContractsFutureExpectedPremiumRevenueToBeRecognizedMoreThanFiveAndWithin10YearsFromBalanceSheetDate' xlink:label='loc_FinancialGuaranteeInsuranceContractsFutureExpectedPremiumRevenueToBeRecognizedMoreThanFiveAndWithin10YearsFromBalanceSheetDate' xlink:type='locator' />
<link:loc xlink:href='../elts/us-gaap-2016-01-31.xsd#us-gaap_FinancialGuaranteeInsuranceContractsFutureExpectedPremiumRevenueToBeRecognizedMoreThan10AndWithin15YearsFromBalanceSheetDate' xlink:label='loc_FinancialGuaranteeInsuranceContractsFutureExpectedPremiumRevenueToBeRecognizedMoreThan10AndWithin15YearsFromBalanceSheetDate' xlink:type='locator' />
<link:loc xlink:href='../elts/us-gaap-2016-01-31.xsd#us-gaap_FinancialGuaranteeInsuranceContractsFutureExpectedPremiumRevenueToBeRecognizedMoreThan15AndWithin20YearsFromBalanceSheetDate' xlink:label='loc_FinancialGuaranteeInsuranceContractsFutureExpectedPremiumRevenueToBeRecognizedMoreThan15AndWithin20YearsFromBalanceSheetDate' xlink:type='locator' />
<link:loc xlink:href='../elts/us-gaap-2016-01-31.xsd#us-gaap_FinancialGuaranteeInsuranceContractsFutureExpectedPremiumRevenueToBeRecognizedMoreThan20AndWithin25YearsFromBalanceSheetDate' xlink:label='loc_FinancialGuaranteeInsuranceContractsFutureExpectedPremiumRevenueToBeRecognizedMoreThan20AndWithin25YearsFromBalanceSheetDate' xlink:type='locator' />
<link:loc xlink:href='../elts/us-gaap-2016-01-31.xsd#us-gaap_FinancialGuaranteeInsuranceContractsFutureExpectedPremiumRevenueToBeRecognizedMoreThan25AndWithin30YearsFromBalanceSheetDate' xlink:label='loc_FinancialGuaranteeInsuranceContractsFutureExpectedPremiumRevenueToBeRecognizedMoreThan25AndWithin30YearsFromBalanceSheetDate' xlink:type='locator' />
<link:loc xlink:href='../elts/us-gaap-2016-01-31.xsd#us-gaap_FinancialGuaranteeInsuranceContractsFutureExpectedPremiumRevenueToBeRecognizedMoreThan30AndWithin35YearsFromBalanceSheetDate' xlink:label='loc_FinancialGuaranteeInsuranceContractsFutureExpectedPremiumRevenueToBeRecognizedMoreThan30AndWithin35YearsFromBalanceSheetDate' xlink:type='locator' />
<link:loc xlink:href='../elts/us-gaap-2016-01-31.xsd#us-gaap_FinancialGuaranteeInsuranceContractsFutureExpectedPremiumRevenueToBeRecognizedMoreThan35AndWithin40YearsFromBalanceSheetDate' xlink:label='loc_FinancialGuaranteeInsuranceContractsFutureExpectedPremiumRevenueToBeRecognizedMoreThan35AndWithin40YearsFromBalanceSheetDate' xlink:type='locator' />
<link:loc xlink:href='../elts/us-gaap-2016-01-31.xsd#us-gaap_GainLossRecognizedOnAssetsTransferredToSeparateAccount' xlink:label='loc_GainLossRecognizedOnAssetsTransferredToSeparateAccount' xlink:type='locator' />
<link:loc xlink:href='../elts/us-gaap-2016-01-31.xsd#us-gaap_GainRecognizedOnAssetsTransferredToSeparateAccountGross' xlink:label='loc_GainRecognizedOnAssetsTransferredToSeparateAccountGross' xlink:type='locator' />
<link:loc xlink:href='../elts/us-gaap-2016-01-31.xsd#us-gaap_LossRecognizedOnAssetsTransferredToSeparateAccountGross' xlink:label='loc_LossRecognizedOnAssetsTransferredToSeparateAccountGross' xlink:type='locator' />
<link:loc xlink:href='../elts/us-gaap-2016-01-31.xsd#us-gaap_GuaranteedBenefitLiabilityGrossPeriodIncreaseDecrease' xlink:label='loc_GuaranteedBenefitLiabilityGrossPeriodIncreaseDecrease' xlink:type='locator' />
<link:loc xlink:href='../elts/us-gaap-2016-01-31.xsd#us-gaap_LiabilitiesForGuaranteesOnLongDurationContractsIncurredBenefits1' xlink:label='loc_LiabilitiesForGuaranteesOnLongDurationContractsIncurredBenefits1' xlink:type='locator' />
<link:loc xlink:href='../elts/us-gaap-2016-01-31.xsd#us-gaap_LiabilitiesForGuaranteesOnLongDurationContractsPaymentForBenefits' xlink:label='loc_LiabilitiesForGuaranteesOnLongDurationContractsPaymentForBenefits' xlink:type='locator' />
<link:loc xlink:href='../elts/us-gaap-2016-01-31.xsd#us-gaap_LiabilityForAsbestosAndEnvironmentalClaimsGrossPeriodIncreaseDecrease' xlink:label='loc_LiabilityForAsbestosAndEnvironmentalClaimsGrossPeriodIncreaseDecrease' xlink:type='locator' />
<link:loc xlink:href='../elts/us-gaap-2016-01-31.xsd#us-gaap_LiabilityForAsbestosAndEnvironmentalClaimsGrossIncurredLoss1' xlink:label='loc_LiabilityForAsbestosAndEnvironmentalClaimsGrossIncurredLoss1' xlink:type='locator' />
<link:loc xlink:href='../elts/us-gaap-2016-01-31.xsd#us-gaap_LiabilityForAsbestosAndEnvironmentalClaimsGrossPaymentForClaims' xlink:label='loc_LiabilityForAsbestosAndEnvironmentalClaimsGrossPaymentForClaims' xlink:type='locator' />
<link:loc xlink:href='../elts/us-gaap-2016-01-31.xsd#us-gaap_LiabilityForAsbestosAndEnvironmentalClaimsNetPeriodIncreaseDecrease' xlink:label='loc_LiabilityForAsbestosAndEnvironmentalClaimsNetPeriodIncreaseDecrease' xlink:type='locator' />
<link:loc xlink:href='../elts/us-gaap-2016-01-31.xsd#us-gaap_LiabilityForAsbestosAndEnvironmentalClaimsNetIncurredLoss1' xlink:label='loc_LiabilityForAsbestosAndEnvironmentalClaimsNetIncurredLoss1' xlink:type='locator' />
<link:loc xlink:href='../elts/us-gaap-2016-01-31.xsd#us-gaap_LiabilityForAsbestosAndEnvironmentalClaimsNetPaymentForClaims' xlink:label='loc_LiabilityForAsbestosAndEnvironmentalClaimsNetPaymentForClaims' xlink:type='locator' />
<link:loc xlink:href='../elts/us-gaap-2016-01-31.xsd#us-gaap_LiabilityForFuturePolicyBenefitsPeriodIncreaseDecrease' xlink:label='loc_LiabilityForFuturePolicyBenefitsPeriodIncreaseDecrease' xlink:type='locator' />
<link:loc xlink:href='../elts/us-gaap-2016-01-31.xsd#us-gaap_LiabilityForFuturePolicyBenefitsPeriodExpense' xlink:label='loc_LiabilityForFuturePolicyBenefitsPeriodExpense' xlink:type='locator' />
<link:loc xlink:href='../elts/us-gaap-2016-01-31.xsd#us-gaap_LiabilityForFuturePolicyBenefitsPaymentForBenefits' xlink:label='loc_LiabilityForFuturePolicyBenefitsPaymentForBenefits' xlink:type='locator' />
<link:loc xlink:href='../elts/us-gaap-2016-01-31.xsd#us-gaap_LiabilityForFuturePolicyBenefitsContractTerminations1' xlink:label='loc_LiabilityForFuturePolicyBenefitsContractTerminations1' xlink:type='locator' />
<link:loc xlink:href='../elts/us-gaap-2016-01-31.xsd#us-gaap_LiabilityForFuturePolicyBenefitsOtherIncreaseDecrease' xlink:label='loc_LiabilityForFuturePolicyBenefitsOtherIncreaseDecrease' xlink:type='locator' />
<link:loc xlink:href='../elts/us-gaap-2016-01-31.xsd#us-gaap_LiabilityForUnpaidClaimsAndClaimsAdjustmentExpenseNet' xlink:label='loc_LiabilityForUnpaidClaimsAndClaimsAdjustmentExpenseNet' xlink:type='locator' />
<link:loc xlink:href='../elts/us-gaap-2016-01-31.xsd#us-gaap_LiabilityForClaimsAndClaimsAdjustmentExpense' xlink:label='loc_LiabilityForClaimsAndClaimsAdjustmentExpense' xlink:type='locator' />
<link:loc xlink:href='../elts/us-gaap-2016-01-31.xsd#us-gaap_LiabilityForUnpaidClaimsAndClaimsAdjustmentExpenseReportedClaimsAmount' xlink:label='loc_LiabilityForUnpaidClaimsAndClaimsAdjustmentExpenseReportedClaimsAmount' xlink:type='locator' />
<link:loc xlink:href='../elts/us-gaap-2016-01-31.xsd#us-gaap_LiabilityForUnpaidClaimsAndClaimsAdjustmentExpenseIncurredButNotReportedIBNRClaimsAmount' xlink:label='loc_LiabilityForUnpaidClaimsAndClaimsAdjustmentExpenseIncurredButNotReportedIBNRClaimsAmount' xlink:type='locator' />
<link:loc xlink:href='../elts/us-gaap-2016-01-31.xsd#us-gaap_ReinsuranceRecoverableForUnpaidClaimsAndClaimsAdjustments' xlink:label='loc_ReinsuranceRecoverableForUnpaidClaimsAndClaimsAdjustments' xlink:type='locator' />
<link:loc xlink:href='../elts/us-gaap-2016-01-31.xsd#us-gaap_LiabilityForUnpaidClaimsAndClaimsAdjustmentExpenseOpeningBalanceAdjustments' xlink:label='loc_LiabilityForUnpaidClaimsAndClaimsAdjustmentExpenseOpeningBalanceAdjustments' xlink:type='locator' />
<link:loc xlink:href='../elts/us-gaap-2016-01-31.xsd#us-gaap_LiabilityForUnpaidClaimsAndClaimsAdjustmentExpensePeriodIncreaseDecrease' xlink:label='loc_LiabilityForUnpaidClaimsAndClaimsAdjustmentExpensePeriodIncreaseDecrease' xlink:type='locator' />
<link:loc xlink:href='../elts/us-gaap-2016-01-31.xsd#us-gaap_LiabilityForUnpaidClaimsAndClaimsAdjustmentExpenseIncurredClaims1' xlink:label='loc_LiabilityForUnpaidClaimsAndClaimsAdjustmentExpenseIncurredClaims1' xlink:type='locator' />
<link:loc xlink:href='../elts/us-gaap-2016-01-31.xsd#us-gaap_SupplementalInformationForPropertyCasualtyInsuranceUnderwritersPriorYearClaimsAndClaimsAdjustmentExpense' xlink:label='loc_SupplementalInformationForPropertyCasualtyInsuranceUnderwritersPriorYearClaimsAndClaimsAdjustmentExpense' xlink:type='locator' />
<link:loc xlink:href='../elts/us-gaap-2016-01-31.xsd#us-gaap_SupplementalInformationForPropertyCasualtyInsuranceUnderwritersCurrentYearClaimsAndClaimsAdjustmentExpense' xlink:label='loc_SupplementalInformationForPropertyCasualtyInsuranceUnderwritersCurrentYearClaimsAndClaimsAdjustmentExpense' xlink:type='locator' />
<link:loc xlink:href='../elts/us-gaap-2016-01-31.xsd#us-gaap_PaymentsForLossesAndLossAdjustmentExpense' xlink:label='loc_PaymentsForLossesAndLossAdjustmentExpense' xlink:type='locator' />
<link:loc xlink:href='../elts/us-gaap-2016-01-31.xsd#us-gaap_LiabilityForUnpaidClaimsAndClaimsAdjustmentExpenseClaimsPaidCurrentYear1' xlink:label='loc_LiabilityForUnpaidClaimsAndClaimsAdjustmentExpenseClaimsPaidCurrentYear1' xlink:type='locator' />
<link:loc xlink:href='../elts/us-gaap-2016-01-31.xsd#us-gaap_LiabilityForUnpaidClaimsAndClaimsAdjustmentExpenseClaimsPaidPriorYears1' xlink:label='loc_LiabilityForUnpaidClaimsAndClaimsAdjustmentExpenseClaimsPaidPriorYears1' xlink:type='locator' />
<link:loc xlink:href='../elts/us-gaap-2016-01-31.xsd#us-gaap_LiabilityForUnpaidClaimsAndClaimsAdjustmentExpenseBusinessAcquisitions' xlink:label='loc_LiabilityForUnpaidClaimsAndClaimsAdjustmentExpenseBusinessAcquisitions' xlink:type='locator' />
<link:loc xlink:href='../elts/us-gaap-2016-01-31.xsd#us-gaap_LiabilityForUnpaidClaimsAndClaimsAdjustmentExpenseForeignCurrencyTranslationGainLoss' xlink:label='loc_LiabilityForUnpaidClaimsAndClaimsAdjustmentExpenseForeignCurrencyTranslationGainLoss' xlink:type='locator' />
<link:loc xlink:href='../elts/us-gaap-2016-01-31.xsd#us-gaap_PremiumsReceivableAllowanceForDoubtfulAccountsPeriodIncreaseDecrease' xlink:label='loc_PremiumsReceivableAllowanceForDoubtfulAccountsPeriodIncreaseDecrease' xlink:type='locator' />
<link:loc xlink:href='../elts/us-gaap-2016-01-31.xsd#us-gaap_PremiumsReceivableAllowanceForDoubtfulAccountsAdditionsForChargesToExpense' xlink:label='loc_PremiumsReceivableAllowanceForDoubtfulAccountsAdditionsForChargesToExpense' xlink:type='locator' />
<link:loc xlink:href='../elts/us-gaap-2016-01-31.xsd#us-gaap_PremiumsReceivableAllowanceForDoubtfulAccountsWriteOffsAgainstAllowance' xlink:label='loc_PremiumsReceivableAllowanceForDoubtfulAccountsWriteOffsAgainstAllowance' xlink:type='locator' />
<link:loc xlink:href='../elts/us-gaap-2016-01-31.xsd#us-gaap_PremiumsReceivableAllowanceForDoubtfulAccountsRecoveries' xlink:label='loc_PremiumsReceivableAllowanceForDoubtfulAccountsRecoveries' xlink:type='locator' />
<link:loc xlink:href='../elts/us-gaap-2016-01-31.xsd#us-gaap_PresentValueOfFutureInsuranceProfitsPeriodIncreaseDecrease' xlink:label='loc_PresentValueOfFutureInsuranceProfitsPeriodIncreaseDecrease' xlink:type='locator' />
<link:loc xlink:href='../elts/us-gaap-2016-01-31.xsd#us-gaap_PresentValueOfFutureInsuranceProfitsAdditionsFromAcquisitions' xlink:label='loc_PresentValueOfFutureInsuranceProfitsAdditionsFromAcquisitions' xlink:type='locator' />
<link:loc xlink:href='../elts/us-gaap-2016-01-31.xsd#us-gaap_PresentValueOfFutureInsuranceProfitsUnrealizedInvestmentGains1' xlink:label='loc_PresentValueOfFutureInsuranceProfitsUnrealizedInvestmentGains1' xlink:type='locator' />
<link:loc xlink:href='../elts/us-gaap-2016-01-31.xsd#us-gaap_PresentValueOfFutureInsuranceProfitsInterestAccrued1' xlink:label='loc_PresentValueOfFutureInsuranceProfitsInterestAccrued1' xlink:type='locator' />
<link:loc xlink:href='../elts/us-gaap-2016-01-31.xsd#us-gaap_PresentValueOfFutureInsuranceProfitsUnrealizedInvestmentLosses1' xlink:label='loc_PresentValueOfFutureInsuranceProfitsUnrealizedInvestmentLosses1' xlink:type='locator' />
<link:loc xlink:href='../elts/us-gaap-2016-01-31.xsd#us-gaap_PresentValueOfFutureInsuranceProfitsImpairmentWritedown1' xlink:label='loc_PresentValueOfFutureInsuranceProfitsImpairmentWritedown1' xlink:type='locator' />
<link:loc xlink:href='../elts/us-gaap-2016-01-31.xsd#us-gaap_PresentValueOfFutureInsuranceProfitsAmortizationExpense1' xlink:label='loc_PresentValueOfFutureInsuranceProfitsAmortizationExpense1' xlink:type='locator' />
<link:loc xlink:href='../elts/us-gaap-2016-01-31.xsd#us-gaap_ScheduleOfInsuredFinancialObligationsWithCreditDeteriorationInsuredContractualPaymentsOutstanding' xlink:label='loc_ScheduleOfInsuredFinancialObligationsWithCreditDeteriorationInsuredContractualPaymentsOutstanding' xlink:type='locator' />
<link:loc xlink:href='../elts/us-gaap-2016-01-31.xsd#us-gaap_ScheduleOfInsuredFinancialObligationsWithCreditDeteriorationInsuredContractualPaymentsOutstandingPrincipal' xlink:label='loc_ScheduleOfInsuredFinancialObligationsWithCreditDeteriorationInsuredContractualPaymentsOutstandingPrincipal' xlink:type='locator' />
<link:loc xlink:href='../elts/us-gaap-2016-01-31.xsd#us-gaap_ScheduleOfInsuredFinancialObligationsWithCreditDeteriorationInsuredContractualPaymentsOutstandingInterest' xlink:label='loc_ScheduleOfInsuredFinancialObligationsWithCreditDeteriorationInsuredContractualPaymentsOutstandingInterest' xlink:type='locator' />
<link:loc xlink:href='../elts/us-gaap-2016-01-31.xsd#us-gaap_ScheduleOfInsuredFinancialObligationsWithCreditDeteriorationNetClaimLiability' xlink:label='loc_ScheduleOfInsuredFinancialObligationsWithCreditDeteriorationNetClaimLiability' xlink:type='locator' />
<link:loc xlink:href='../elts/us-gaap-2016-01-31.xsd#us-gaap_ScheduleOfInsuredFinancialObligationsWithCreditDeteriorationGrossClaimLiability' xlink:label='loc_ScheduleOfInsuredFinancialObligationsWithCreditDeteriorationGrossClaimLiability' xlink:type='locator' />
<link:loc xlink:href='../elts/us-gaap-2016-01-31.xsd#us-gaap_ScheduleOfInsuredFinancialObligationsWithCreditDeteriorationReductionsOfGrossClaimLiability' xlink:label='loc_ScheduleOfInsuredFinancialObligationsWithCreditDeteriorationReductionsOfGrossClaimLiability' xlink:type='locator' />
<link:loc xlink:href='../elts/us-gaap-2016-01-31.xsd#us-gaap_ScheduleOfInsuredFinancialObligationsWithCreditDeteriorationReductionsOfGrossClaimLiabilityGrossPotentialRecoveries' xlink:label='loc_ScheduleOfInsuredFinancialObligationsWithCreditDeteriorationReductionsOfGrossClaimLiabilityGrossPotentialRecoveries' xlink:type='locator' />
<link:loc xlink:href='../elts/us-gaap-2016-01-31.xsd#us-gaap_ScheduleOfInsuredFinancialObligationsWithCreditDeteriorationReductionsOfGrossClaimLiabilityNetDiscount' xlink:label='loc_ScheduleOfInsuredFinancialObligationsWithCreditDeteriorationReductionsOfGrossClaimLiabilityNetDiscount' xlink:type='locator' />
<link:loc xlink:href='../elts/us-gaap-2016-01-31.xsd#us-gaap_ShortdurationInsuranceContractsLiabilityForUnpaidClaimsAndAllocatedClaimAdjustmentExpenseNet' xlink:label='loc_ShortdurationInsuranceContractsLiabilityForUnpaidClaimsAndAllocatedClaimAdjustmentExpenseNet' xlink:type='locator' />
<link:loc xlink:href='../elts/us-gaap-2016-01-31.xsd#us-gaap_ShortdurationInsuranceContractsIncurredClaimsAndAllocatedClaimAdjustmentExpenseNet' xlink:label='loc_ShortdurationInsuranceContractsIncurredClaimsAndAllocatedClaimAdjustmentExpenseNet' xlink:type='locator' />
<link:loc xlink:href='../elts/us-gaap-2016-01-31.xsd#us-gaap_ShortdurationInsuranceContractsCumulativePaidClaimsAndAllocatedClaimAdjustmentExpenseNet' xlink:label='loc_ShortdurationInsuranceContractsCumulativePaidClaimsAndAllocatedClaimAdjustmentExpenseNet' xlink:type='locator' />
<link:loc xlink:href='../elts/us-gaap-2016-01-31.xsd#us-gaap_ShortdurationInsuranceContractsLiabilityForUnpaidClaimsAndAllocatedClaimAdjustmentExpenseNetNotSeparatelyPresented' xlink:label='loc_ShortdurationInsuranceContractsLiabilityForUnpaidClaimsAndAllocatedClaimAdjustmentExpenseNetNotSeparatelyPresented' xlink:type='locator' />
<link:calculationArc order='10' weight='1.0' xlink:arcrole='http://www.xbrl.org/2003/arcrole/summation-item' xlink:from='loc_ClosedBlockAssetsAndLiabilitiesMaximumFutureEarningsToBeRecognizedPeriodIncreaseDecrease' xlink:to='loc_ClosedBlockOperationsNetResults' xlink:type='arc' />
<link:calculationArc order='10' weight='1.0' xlink:arcrole='http://www.xbrl.org/2003/arcrole/summation-item' xlink:from='loc_ClosedBlockOperationsNetResults' xlink:to='loc_ClosedBlockOperationsAfterTaxResultsFromContinuingOperations' xlink:type='arc' />
<link:calculationArc order='10' weight='1.0' xlink:arcrole='http://www.xbrl.org/2003/arcrole/summation-item' xlink:from='loc_ClosedBlockOperationsAfterTaxResultsFromContinuingOperations' xlink:to='loc_ClosedBlockOperationsResultsBeforeIncomeTaxes' xlink:type='arc' />
<link:calculationArc order='10' weight='1.0' xlink:arcrole='http://www.xbrl.org/2003/arcrole/summation-item' xlink:from='loc_ClosedBlockOperationsResultsBeforeIncomeTaxes' xlink:to='loc_ClosedBlockOperationsRevenue' xlink:type='arc' />
<link:calculationArc order='10' weight='1.0' xlink:arcrole='http://www.xbrl.org/2003/arcrole/summation-item' xlink:from='loc_ClosedBlockOperationsRevenue' xlink:to='loc_ClosedBlockOperationsPremiums' xlink:type='arc' />
<link:calculationArc order='20' weight='1.0' xlink:arcrole='http://www.xbrl.org/2003/arcrole/summation-item' xlink:from='loc_ClosedBlockOperationsRevenue' xlink:to='loc_ClosedBlockOperationsNetInvestmentIncome' xlink:type='arc' />
<link:calculationArc order='30' weight='1.0' xlink:arcrole='http://www.xbrl.org/2003/arcrole/summation-item' xlink:from='loc_ClosedBlockOperationsRevenue' xlink:to='loc_ClosedBlockOperationsRealizedInvestmentGainsLosses' xlink:type='arc' />
<link:calculationArc order='40' weight='1.0' xlink:arcrole='http://www.xbrl.org/2003/arcrole/summation-item' xlink:from='loc_ClosedBlockOperationsRevenue' xlink:to='loc_ClosedBlockOperationsOtherRevenue' xlink:type='arc' />
<link:calculationArc order='20' weight='-1.0' xlink:arcrole='http://www.xbrl.org/2003/arcrole/summation-item' xlink:from='loc_ClosedBlockOperationsResultsBeforeIncomeTaxes' xlink:to='loc_ClosedBlockOperationsBenefitsAndExpense' xlink:type='arc' />
<link:calculationArc order='10' weight='1.0' xlink:arcrole='http://www.xbrl.org/2003/arcrole/summation-item' xlink:from='loc_ClosedBlockOperationsBenefitsAndExpense' xlink:to='loc_ClosedBlockOperationsPolicyholderBenefits' xlink:type='arc' />
<link:calculationArc order='20' weight='1.0' xlink:arcrole='http://www.xbrl.org/2003/arcrole/summation-item' xlink:from='loc_ClosedBlockOperationsBenefitsAndExpense' xlink:to='loc_ClosedBlockOperationsChangeInPolicyholderBenefitsAndInterestCreditedToPolicyholderAccountBalances' xlink:type='arc' />
<link:calculationArc order='30' weight='1.0' xlink:arcrole='http://www.xbrl.org/2003/arcrole/summation-item' xlink:from='loc_ClosedBlockOperationsBenefitsAndExpense' xlink:to='loc_ClosedBlockOperationsPolicyholderDividends' xlink:type='arc' />
<link:calculationArc order='40' weight='1.0' xlink:arcrole='http://www.xbrl.org/2003/arcrole/summation-item' xlink:from='loc_ClosedBlockOperationsBenefitsAndExpense' xlink:to='loc_ClosedBlockOperationsOtherExpense' xlink:type='arc' />
<link:calculationArc order='20' weight='-1.0' xlink:arcrole='http://www.xbrl.org/2003/arcrole/summation-item' xlink:from='loc_ClosedBlockOperationsAfterTaxResultsFromContinuingOperations' xlink:to='loc_ClosedBlockOperationsIncomeTaxes' xlink:type='arc' />
<link:calculationArc order='20' weight='1.0' xlink:arcrole='http://www.xbrl.org/2003/arcrole/summation-item' xlink:from='loc_ClosedBlockOperationsNetResults' xlink:to='loc_ClosedBlockOperationsIncomeLossFromDiscontinuedOperationsNetOfTax' xlink:type='arc' />
<link:calculationArc order='20' weight='1.0' xlink:arcrole='http://www.xbrl.org/2003/arcrole/summation-item' xlink:from='loc_ClosedBlockAssetsAndLiabilitiesMaximumFutureEarningsToBeRecognizedPeriodIncreaseDecrease' xlink:to='loc_ClosedBlockAssetsAndLiabilitiesMaximumFutureEarningsToBeRecognizedOtherAdjustments' xlink:type='arc' />
<link:calculationArc order='10' weight='1.0' xlink:arcrole='http://www.xbrl.org/2003/arcrole/summation-item' xlink:from='loc_ClosedBlockAssetsAndLiabilitiesMaximumFutureEarningsToBeRecognized' xlink:to='loc_ExcessOfReportedClosedBlockLiabilitiesOverAssetsDesignatedToClosedBlock' xlink:type='arc' />
<link:calculationArc order='10' weight='1.0' xlink:arcrole='http://www.xbrl.org/2003/arcrole/summation-item' xlink:from='loc_ExcessOfReportedClosedBlockLiabilitiesOverAssetsDesignatedToClosedBlock' xlink:to='loc_ClosedBlockLiabilities' xlink:type='arc' />
<link:calculationArc order='10' weight='1.0' xlink:arcrole='http://www.xbrl.org/2003/arcrole/summation-item' xlink:from='loc_ClosedBlockLiabilities' xlink:to='loc_ClosedBlockLiabilitiesFuturePolicyBenefitsAndPolicyholderAccountBalances' xlink:type='arc' />
<link:calculationArc order='20' weight='1.0' xlink:arcrole='http://www.xbrl.org/2003/arcrole/summation-item' xlink:from='loc_ClosedBlockLiabilities' xlink:to='loc_ClosedBlockLiabilitiesOtherPolicyholderFunds' xlink:type='arc' />
<link:calculationArc order='30' weight='1.0' xlink:arcrole='http://www.xbrl.org/2003/arcrole/summation-item' xlink:from='loc_ClosedBlockLiabilities' xlink:to='loc_ClosedBlockLiabilitiesPolicyholderDividendsPayable' xlink:type='arc' />
<link:calculationArc order='40' weight='1.0' xlink:arcrole='http://www.xbrl.org/2003/arcrole/summation-item' xlink:from='loc_ClosedBlockLiabilities' xlink:to='loc_ClosedBlockLiabilitiesPolicyholderDividendObligation' xlink:type='arc' />
<link:calculationArc order='50' weight='1.0' xlink:arcrole='http://www.xbrl.org/2003/arcrole/summation-item' xlink:from='loc_ClosedBlockLiabilities' xlink:to='loc_ClosedBlockLiabilitiesOtherClosedBlockLiabilities' xlink:type='arc' />
<link:calculationArc order='20' weight='-1.0' xlink:arcrole='http://www.xbrl.org/2003/arcrole/summation-item' xlink:from='loc_ExcessOfReportedClosedBlockLiabilitiesOverAssetsDesignatedToClosedBlock' xlink:to='loc_AssetsDesignatedToClosedBlock' xlink:type='arc' />
<link:calculationArc order='10' weight='1.0' xlink:arcrole='http://www.xbrl.org/2003/arcrole/summation-item' xlink:from='loc_AssetsDesignatedToClosedBlock' xlink:to='loc_AssetsDesignatedToClosedBlockInvestments' xlink:type='arc' />
<link:calculationArc order='10' weight='1.0' xlink:arcrole='http://www.xbrl.org/2003/arcrole/summation-item' xlink:from='loc_AssetsDesignatedToClosedBlockInvestments' xlink:to='loc_AssetsDesignatedToClosedBlockFixedMaturitiesHeldToMaturityAtAmortizedCost' xlink:type='arc' />
<link:calculationArc order='20' weight='1.0' xlink:arcrole='http://www.xbrl.org/2003/arcrole/summation-item' xlink:from='loc_AssetsDesignatedToClosedBlockInvestments' xlink:to='loc_AssetsDesignatedToClosedBlockFixedMaturityAvailableForSaleAtFairValue' xlink:type='arc' />
<link:calculationArc order='30' weight='1.0' xlink:arcrole='http://www.xbrl.org/2003/arcrole/summation-item' xlink:from='loc_AssetsDesignatedToClosedBlockInvestments' xlink:to='loc_AssetsDesignatedToClosedBlockEquitySecuritiesAtFairValue' xlink:type='arc' />
<link:calculationArc order='40' weight='1.0' xlink:arcrole='http://www.xbrl.org/2003/arcrole/summation-item' xlink:from='loc_AssetsDesignatedToClosedBlockInvestments' xlink:to='loc_AssetsDesignatedToClosedBlockMortgageLoansOnRealEstate' xlink:type='arc' />
<link:calculationArc order='50' weight='1.0' xlink:arcrole='http://www.xbrl.org/2003/arcrole/summation-item' xlink:from='loc_AssetsDesignatedToClosedBlockInvestments' xlink:to='loc_AssetsDesignatedToClosedBlockTradingSecuritiesDebt' xlink:type='arc' />
<link:calculationArc order='60' weight='1.0' xlink:arcrole='http://www.xbrl.org/2003/arcrole/summation-item' xlink:from='loc_AssetsDesignatedToClosedBlockInvestments' xlink:to='loc_AssetsDesignatedToClosedBlockPolicyLoans' xlink:type='arc' />
<link:calculationArc order='70' weight='1.0' xlink:arcrole='http://www.xbrl.org/2003/arcrole/summation-item' xlink:from='loc_AssetsDesignatedToClosedBlockInvestments' xlink:to='loc_AssetsDesignatedToClosedBlockRealEstate' xlink:type='arc' />
<link:calculationArc order='80' weight='1.0' xlink:arcrole='http://www.xbrl.org/2003/arcrole/summation-item' xlink:from='loc_AssetsDesignatedToClosedBlockInvestments' xlink:to='loc_AssetsDesignatedToClosedBlockShortTermInvestments' xlink:type='arc' />
<link:calculationArc order='90' weight='1.0' xlink:arcrole='http://www.xbrl.org/2003/arcrole/summation-item' xlink:from='loc_AssetsDesignatedToClosedBlockInvestments' xlink:to='loc_AssetsDesignatedToClosedBlockOtherInvestments' xlink:type='arc' />
<link:calculationArc order='10' weight='1.0' xlink:arcrole='http://www.xbrl.org/2003/arcrole/summation-item' xlink:from='loc_AssetsDesignatedToClosedBlockOtherInvestments' xlink:to='loc_AssetsDesignatedToClosedBlockOtherShortTermInvestments' xlink:type='arc' />
<link:calculationArc order='20' weight='1.0' xlink:arcrole='http://www.xbrl.org/2003/arcrole/summation-item' xlink:from='loc_AssetsDesignatedToClosedBlockOtherInvestments' xlink:to='loc_AssetsDesignatedToClosedBlockOtherLongTermInvestments' xlink:type='arc' />
<link:calculationArc order='20' weight='1.0' xlink:arcrole='http://www.xbrl.org/2003/arcrole/summation-item' xlink:from='loc_AssetsDesignatedToClosedBlock' xlink:to='loc_AssetsDesignatedToClosedBlockCashAndCashEquivalents' xlink:type='arc' />
<link:calculationArc order='30' weight='1.0' xlink:arcrole='http://www.xbrl.org/2003/arcrole/summation-item' xlink:from='loc_AssetsDesignatedToClosedBlock' xlink:to='loc_AssetsDesignatedToClosedBlockPremiumsAndOtherReceivablesNet' xlink:type='arc' />
<link:calculationArc order='40' weight='1.0' xlink:arcrole='http://www.xbrl.org/2003/arcrole/summation-item' xlink:from='loc_AssetsDesignatedToClosedBlock' xlink:to='loc_AssetsDesignatedToClosedBlockIncomeTaxReceivable' xlink:type='arc' />
<link:calculationArc order='50' weight='1.0' xlink:arcrole='http://www.xbrl.org/2003/arcrole/summation-item' xlink:from='loc_AssetsDesignatedToClosedBlock' xlink:to='loc_AssetsDesignatedToClosedBlockAccruedInvestmentIncome' xlink:type='arc' />
<link:calculationArc order='60' weight='1.0' xlink:arcrole='http://www.xbrl.org/2003/arcrole/summation-item' xlink:from='loc_AssetsDesignatedToClosedBlock' xlink:to='loc_AssetsDesignatedToClosedBlockDeferredTaxAssetNet' xlink:type='arc' />
<link:calculationArc order='70' weight='1.0' xlink:arcrole='http://www.xbrl.org/2003/arcrole/summation-item' xlink:from='loc_AssetsDesignatedToClosedBlock' xlink:to='loc_AssetsDesignatedToClosedBlockOtherClosedBlockAssets1' xlink:type='arc' />
<link:calculationArc order='20' weight='1.0' xlink:arcrole='http://www.xbrl.org/2003/arcrole/summation-item' xlink:from='loc_ClosedBlockAssetsAndLiabilitiesMaximumFutureEarningsToBeRecognized' xlink:to='loc_ClosedBlockAssetsAndLiabilitiesEffectOnOtherComprehensiveIncome' xlink:type='arc' />
<link:calculationArc order='10' weight='1.0' xlink:arcrole='http://www.xbrl.org/2003/arcrole/summation-item' xlink:from='loc_ClosedBlockAssetsAndLiabilitiesEffectOnOtherComprehensiveIncome' xlink:to='loc_ClosedBlockAssetsAndLiabilitiesChangeInPolicyholderDividendObligation' xlink:type='arc' />
<link:calculationArc order='20' weight='1.0' xlink:arcrole='http://www.xbrl.org/2003/arcrole/summation-item' xlink:from='loc_ClosedBlockAssetsAndLiabilitiesEffectOnOtherComprehensiveIncome' xlink:to='loc_ClosedBlockInvestmentsAvailableForSaleChangeInUnrealizedAppreciation' xlink:type='arc' />
<link:calculationArc order='10' weight='1.0' xlink:arcrole='http://www.xbrl.org/2003/arcrole/summation-item' xlink:from='loc_ClosedBlockDividendObligationPeriodIncreaseDecrease' xlink:to='loc_ClosedBlockDividendObligationIncreaseDecreaseForEffectOfOperatingResults' xlink:type='arc' />
<link:calculationArc order='20' weight='1.0' xlink:arcrole='http://www.xbrl.org/2003/arcrole/summation-item' xlink:from='loc_ClosedBlockDividendObligationPeriodIncreaseDecrease' xlink:to='loc_ClosedBlockDividendObligationChangeInUnrealizedInvestmentGainsLosses' xlink:type='arc' />
<link:calculationArc order='10' weight='1.0' xlink:arcrole='http://www.xbrl.org/2003/arcrole/summation-item' xlink:from='loc_DeferredPolicyAcquisitionCostsAndPresentValueOfFutureProfitsPeriodIncreaseDecrease' xlink:to='loc_DeferredPolicyAcquisitionCostsAndPresentValueOfFutureProfitsAdditions' xlink:type='arc' />
<link:calculationArc order='20' weight='-1.0' xlink:arcrole='http://www.xbrl.org/2003/arcrole/summation-item' xlink:from='loc_DeferredPolicyAcquisitionCostsAndPresentValueOfFutureProfitsPeriodIncreaseDecrease' xlink:to='loc_DeferredPolicyAcquisitionCostsAndPresentValueOfFutureProfitsAmortization1' xlink:type='arc' />
<link:calculationArc order='10' weight='1.0' xlink:arcrole='http://www.xbrl.org/2003/arcrole/summation-item' xlink:from='loc_DeferredPolicyAcquisitionCostsPeriodIncreaseDecrease' xlink:to='loc_DeferredPolicyAcquisitionCostsAdditions' xlink:type='arc' />
<link:calculationArc order='20' weight='-1.0' xlink:arcrole='http://www.xbrl.org/2003/arcrole/summation-item' xlink:from='loc_DeferredPolicyAcquisitionCostsPeriodIncreaseDecrease' xlink:to='loc_DeferredPolicyAcquisitionCostUnrealizedInvestmentGainLoss' xlink:type='arc' />
<link:calculationArc order='30' weight='1.0' xlink:arcrole='http://www.xbrl.org/2003/arcrole/summation-item' xlink:from='loc_DeferredPolicyAcquisitionCostsPeriodIncreaseDecrease' xlink:to='loc_DeferredPolicyAcquisitionCostForeignCurrencyTranslationGainLoss' xlink:type='arc' />
<link:calculationArc order='40' weight='-1.0' xlink:arcrole='http://www.xbrl.org/2003/arcrole/summation-item' xlink:from='loc_DeferredPolicyAcquisitionCostsPeriodIncreaseDecrease' xlink:to='loc_DeferredPolicyAcquisitionCostAmortizationExpense' xlink:type='arc' />
<link:calculationArc order='10' weight='1.0' xlink:arcrole='http://www.xbrl.org/2003/arcrole/summation-item' xlink:from='loc_DeferredSalesInducementsPeriodIncreaseDecrease' xlink:to='loc_DeferredSalesInducementsAdjustments' xlink:type='arc' />
<link:calculationArc order='20' weight='-1.0' xlink:arcrole='http://www.xbrl.org/2003/arcrole/summation-item' xlink:from='loc_DeferredSalesInducementsPeriodIncreaseDecrease' xlink:to='loc_DeferredSalesInducementsAmortizationExpense' xlink:type='arc' />
<link:calculationArc order='30' weight='1.0' xlink:arcrole='http://www.xbrl.org/2003/arcrole/summation-item' xlink:from='loc_DeferredSalesInducementsPeriodIncreaseDecrease' xlink:to='loc_DeferredSalesInducementsAdditions' xlink:type='arc' />
<link:calculationArc order='10' weight='1.0' xlink:arcrole='http://www.xbrl.org/2003/arcrole/summation-item' xlink:from='loc_FinancialGuaranteeInsuranceContractsPremiumReceivablePremiumExpectedToBeCollected' xlink:to='loc_FinancialGuaranteeInsuranceContractsPremiumExpectedToBeCollectedWithinOneYearFromBalanceSheetDate' xlink:type='arc' />
<link:calculationArc order='10' weight='1.0' xlink:arcrole='http://www.xbrl.org/2003/arcrole/summation-item' xlink:from='loc_FinancialGuaranteeInsuranceContractsPremiumExpectedToBeCollectedWithinOneYearFromBalanceSheetDate' xlink:to='loc_FinancialGuaranteeInsuranceContractsPremiumExpectedToBeCollectedDuringFirstQuarterFollowingBalanceSheetDate' xlink:type='arc' />
<link:calculationArc order='20' weight='1.0' xlink:arcrole='http://www.xbrl.org/2003/arcrole/summation-item' xlink:from='loc_FinancialGuaranteeInsuranceContractsPremiumExpectedToBeCollectedWithinOneYearFromBalanceSheetDate' xlink:to='loc_FinancialGuaranteeInsuranceContractsPremiumExpectedToBeCollectedDuringSecondQuarterFollowingTheBalanceSheetDate' xlink:type='arc' />
<link:calculationArc order='30' weight='1.0' xlink:arcrole='http://www.xbrl.org/2003/arcrole/summation-item' xlink:from='loc_FinancialGuaranteeInsuranceContractsPremiumExpectedToBeCollectedWithinOneYearFromBalanceSheetDate' xlink:to='loc_FinancialGuaranteeInsuranceContractsPremiumExpectedToBeCollectedDuringThirdQuarterFollowingBalanceSheetDate' xlink:type='arc' />
<link:calculationArc order='40' weight='1.0' xlink:arcrole='http://www.xbrl.org/2003/arcrole/summation-item' xlink:from='loc_FinancialGuaranteeInsuranceContractsPremiumExpectedToBeCollectedWithinOneYearFromBalanceSheetDate' xlink:to='loc_FinancialGuaranteeInsuranceContractsPremiumExpectedToBeCollectedDuringFourthQuarterFollowingBalanceSheetDate' xlink:type='arc' />
<link:calculationArc order='20' weight='1.0' xlink:arcrole='http://www.xbrl.org/2003/arcrole/summation-item' xlink:from='loc_FinancialGuaranteeInsuranceContractsPremiumReceivablePremiumExpectedToBeCollected' xlink:to='loc_FinancialGuaranteeInsuranceContractsPremiumExpectedToBeCollectedMoreThanOneAndWithinTwoYearsFromBalanceSheetDate' xlink:type='arc' />
<link:calculationArc order='30' weight='1.0' xlink:arcrole='http://www.xbrl.org/2003/arcrole/summation-item' xlink:from='loc_FinancialGuaranteeInsuranceContractsPremiumReceivablePremiumExpectedToBeCollected' xlink:to='loc_FinancialGuaranteeInsuranceContractsPremiumExpectedToBeCollectedMoreThanTwoAndWithinThreeYearsFromBalanceSheetDate' xlink:type='arc' />
<link:calculationArc order='40' weight='1.0' xlink:arcrole='http://www.xbrl.org/2003/arcrole/summation-item' xlink:from='loc_FinancialGuaranteeInsuranceContractsPremiumReceivablePremiumExpectedToBeCollected' xlink:to='loc_FinancialGuaranteeInsuranceContractsPremiumExpectedToBeCollectedMoreThanThreeAndWithinFourYearsFromBalanceSheetDate' xlink:type='arc' />
<link:calculationArc order='50' weight='1.0' xlink:arcrole='http://www.xbrl.org/2003/arcrole/summation-item' xlink:from='loc_FinancialGuaranteeInsuranceContractsPremiumReceivablePremiumExpectedToBeCollected' xlink:to='loc_FinancialGuaranteeInsuranceContractsPremiumExpectedToBeCollectedMoreThanFourAndWithinFiveYearsFromBalanceSheetDate' xlink:type='arc' />
<link:calculationArc order='60' weight='1.0' xlink:arcrole='http://www.xbrl.org/2003/arcrole/summation-item' xlink:from='loc_FinancialGuaranteeInsuranceContractsPremiumReceivablePremiumExpectedToBeCollected' xlink:to='loc_FinancialGuaranteeInsuranceContractsPremiumExpectedToBeCollectedMoreThanFiveAndWithin10YearsFromBalanceSheetDate' xlink:type='arc' />
<link:calculationArc order='70' weight='1.0' xlink:arcrole='http://www.xbrl.org/2003/arcrole/summation-item' xlink:from='loc_FinancialGuaranteeInsuranceContractsPremiumReceivablePremiumExpectedToBeCollected' xlink:to='loc_FinancialGuaranteeInsuranceContractsPremiumExpectedToBeCollectedMoreThan10AndWithin15YearsFromBalanceSheetDate' xlink:type='arc' />
<link:calculationArc order='80' weight='1.0' xlink:arcrole='http://www.xbrl.org/2003/arcrole/summation-item' xlink:from='loc_FinancialGuaranteeInsuranceContractsPremiumReceivablePremiumExpectedToBeCollected' xlink:to='loc_FinancialGuaranteeInsuranceContractsPremiumExpectedToBeCollectedMoreThan15AndWithin20YearsFromBalanceSheetDate' xlink:type='arc' />
<link:calculationArc order='90' weight='1.0' xlink:arcrole='http://www.xbrl.org/2003/arcrole/summation-item' xlink:from='loc_FinancialGuaranteeInsuranceContractsPremiumReceivablePremiumExpectedToBeCollected' xlink:to='loc_FinancialGuaranteeInsuranceContractsPremiumExpectedToBeCollectedMoreThan20AndWithin25YearsFromBalanceSheetDate' xlink:type='arc' />
<link:calculationArc order='100' weight='1.0' xlink:arcrole='http://www.xbrl.org/2003/arcrole/summation-item' xlink:from='loc_FinancialGuaranteeInsuranceContractsPremiumReceivablePremiumExpectedToBeCollected' xlink:to='loc_FinancialGuaranteeInsuranceContractsPremiumExpectedToBeCollectedMoreThan25AndWithin30YearsFromBalanceSheetDate' xlink:type='arc' />
<link:calculationArc order='110' weight='1.0' xlink:arcrole='http://www.xbrl.org/2003/arcrole/summation-item' xlink:from='loc_FinancialGuaranteeInsuranceContractsPremiumReceivablePremiumExpectedToBeCollected' xlink:to='loc_FinancialGuaranteeInsuranceContractsPremiumExpectedToBeCollectedMoreThan30AndWithin35YearsFromBalanceSheetDate' xlink:type='arc' />
<link:calculationArc order='120' weight='1.0' xlink:arcrole='http://www.xbrl.org/2003/arcrole/summation-item' xlink:from='loc_FinancialGuaranteeInsuranceContractsPremiumReceivablePremiumExpectedToBeCollected' xlink:to='loc_FinancialGuaranteeInsuranceContractsPremiumExpectedToBeCollectedMoreThan35AndWithin40YearsFromBalanceSheetDate' xlink:type='arc' />
<link:calculationArc order='10' weight='-1.0' xlink:arcrole='http://www.xbrl.org/2003/arcrole/summation-item' xlink:from='loc_FinancialGuaranteeInsuranceContractsPremiumsReceivablePeriodIncreaseDecrease' xlink:to='loc_FinancialGuaranteeInsuranceContractsPremiumReceivableProceedsFromPremiumsReceived' xlink:type='arc' />
<link:calculationArc order='20' weight='1.0' xlink:arcrole='http://www.xbrl.org/2003/arcrole/summation-item' xlink:from='loc_FinancialGuaranteeInsuranceContractsPremiumsReceivablePeriodIncreaseDecrease' xlink:to='loc_FinancialGuaranteeInsuranceContractsPremiumReceivableNewBusinessWritten' xlink:type='arc' />
<link:calculationArc order='30' weight='1.0' xlink:arcrole='http://www.xbrl.org/2003/arcrole/summation-item' xlink:from='loc_FinancialGuaranteeInsuranceContractsPremiumsReceivablePeriodIncreaseDecrease' xlink:to='loc_FinancialGuaranteeInsuranceContractsPremiumsReceivableAdjustment' xlink:type='arc' />
<link:calculationArc order='10' weight='1.0' xlink:arcrole='http://www.xbrl.org/2003/arcrole/summation-item' xlink:from='loc_FinancialGuaranteeInsuranceContractsPremiumsReceivableAdjustment' xlink:to='loc_FinancialGuaranteeInsuranceContractsPremiumsReceivableAdjustmentChangeInPeriodOfContract' xlink:type='arc' />
<link:calculationArc order='20' weight='-1.0' xlink:arcrole='http://www.xbrl.org/2003/arcrole/summation-item' xlink:from='loc_FinancialGuaranteeInsuranceContractsPremiumsReceivableAdjustment' xlink:to='loc_FinancialGuaranteeInsuranceContractsPremiumsReceivableAccretionOfDiscountOnPremiumReceivable' xlink:type='arc' />
<link:calculationArc order='30' weight='1.0' xlink:arcrole='http://www.xbrl.org/2003/arcrole/summation-item' xlink:from='loc_FinancialGuaranteeInsuranceContractsPremiumsReceivableAdjustment' xlink:to='loc_FinancialGuaranteeInsuranceContractsPremiumsReceivableAdjustmentOtherAdjustments' xlink:type='arc' />
<link:calculationArc order='10' weight='1.0' xlink:arcrole='http://www.xbrl.org/2003/arcrole/summation-item' xlink:from='loc_FinancialGuaranteeInsuranceContractsFutureExpectedPremiumRevenueToBeRecognized' xlink:to='loc_FinancialGuaranteeInsuranceContractsFutureExpectedPremiumRevenueToBeRecognizedOneYearFromBalanceSheetDate' xlink:type='arc' />
<link:calculationArc order='10' weight='1.0' xlink:arcrole='http://www.xbrl.org/2003/arcrole/summation-item' xlink:from='loc_FinancialGuaranteeInsuranceContractsFutureExpectedPremiumRevenueToBeRecognizedOneYearFromBalanceSheetDate' xlink:to='loc_FinancialGuaranteeInsuranceContractsFutureExpectedPremiumRevenueToBeRecognizedDuringFirstQuarterFollowingBalanceSheetDate' xlink:type='arc' />
<link:calculationArc order='20' weight='1.0' xlink:arcrole='http://www.xbrl.org/2003/arcrole/summation-item' xlink:from='loc_FinancialGuaranteeInsuranceContractsFutureExpectedPremiumRevenueToBeRecognizedOneYearFromBalanceSheetDate' xlink:to='loc_FinancialGuaranteeInsuranceContractsFutureExpectedPremiumRevenueToBeRecognizedDuringSecondQuarterFollowingBalanceSheetDate' xlink:type='arc' />
<link:calculationArc order='30' weight='1.0' xlink:arcrole='http://www.xbrl.org/2003/arcrole/summation-item' xlink:from='loc_FinancialGuaranteeInsuranceContractsFutureExpectedPremiumRevenueToBeRecognizedOneYearFromBalanceSheetDate' xlink:to='loc_FinancialGuaranteeInsuranceContractsFutureExpectedPremiumRevenueToBeRecognizedDuringThirdQuarterFollowingBalanceSheetDate' xlink:type='arc' />
<link:calculationArc order='40' weight='1.0' xlink:arcrole='http://www.xbrl.org/2003/arcrole/summation-item' xlink:from='loc_FinancialGuaranteeInsuranceContractsFutureExpectedPremiumRevenueToBeRecognizedOneYearFromBalanceSheetDate' xlink:to='loc_FinancialGuaranteeInsuranceContractsFutureExpectedPremiumRevenueToBeRecognizedDuringFourthQuarterFollowingBalanceSheetDate' xlink:type='arc' />
<link:calculationArc order='20' weight='1.0' xlink:arcrole='http://www.xbrl.org/2003/arcrole/summation-item' xlink:from='loc_FinancialGuaranteeInsuranceContractsFutureExpectedPremiumRevenueToBeRecognized' xlink:to='loc_FinancialGuaranteeInsuranceContractsFutureExpectedPremiumRevenueToBeRecognizedMoreThanOneAndWithinTwoYearsFromBalanceSheetDate' xlink:type='arc' />
<link:calculationArc order='30' weight='1.0' xlink:arcrole='http://www.xbrl.org/2003/arcrole/summation-item' xlink:from='loc_FinancialGuaranteeInsuranceContractsFutureExpectedPremiumRevenueToBeRecognized' xlink:to='loc_FinancialGuaranteeInsuranceContractsFutureExpectedPremiumRevenueToBeRecognizedMoreThanTwoAndWithinThreeYearsFromBalanceSheetDate' xlink:type='arc' />
<link:calculationArc order='40' weight='1.0' xlink:arcrole='http://www.xbrl.org/2003/arcrole/summation-item' xlink:from='loc_FinancialGuaranteeInsuranceContractsFutureExpectedPremiumRevenueToBeRecognized' xlink:to='loc_FinancialGuaranteeInsuranceContractsFutureExpectedPremiumRevenueToBeRecognizedMoreThanThreeAndWithinFourYearsFromBalanceSheetDate' xlink:type='arc' />
<link:calculationArc order='50' weight='1.0' xlink:arcrole='http://www.xbrl.org/2003/arcrole/summation-item' xlink:from='loc_FinancialGuaranteeInsuranceContractsFutureExpectedPremiumRevenueToBeRecognized' xlink:to='loc_FinancialGuaranteeInsuranceContractsFutureExpectedPremiumRevenueToBeRecognizedMoreThanFourAndWithinFiveYearsFromBalanceSheetDate' xlink:type='arc' />
<link:calculationArc order='60' weight='1.0' xlink:arcrole='http://www.xbrl.org/2003/arcrole/summation-item' xlink:from='loc_FinancialGuaranteeInsuranceContractsFutureExpectedPremiumRevenueToBeRecognized' xlink:to='loc_FinancialGuaranteeInsuranceContractsFutureExpectedPremiumRevenueToBeRecognizedMoreThanFiveAndWithin10YearsFromBalanceSheetDate' xlink:type='arc' />
<link:calculationArc order='70' weight='1.0' xlink:arcrole='http://www.xbrl.org/2003/arcrole/summation-item' xlink:from='loc_FinancialGuaranteeInsuranceContractsFutureExpectedPremiumRevenueToBeRecognized' xlink:to='loc_FinancialGuaranteeInsuranceContractsFutureExpectedPremiumRevenueToBeRecognizedMoreThan10AndWithin15YearsFromBalanceSheetDate' xlink:type='arc' />
<link:calculationArc order='80' weight='1.0' xlink:arcrole='http://www.xbrl.org/2003/arcrole/summation-item' xlink:from='loc_FinancialGuaranteeInsuranceContractsFutureExpectedPremiumRevenueToBeRecognized' xlink:to='loc_FinancialGuaranteeInsuranceContractsFutureExpectedPremiumRevenueToBeRecognizedMoreThan15AndWithin20YearsFromBalanceSheetDate' xlink:type='arc' />
<link:calculationArc order='90' weight='1.0' xlink:arcrole='http://www.xbrl.org/2003/arcrole/summation-item' xlink:from='loc_FinancialGuaranteeInsuranceContractsFutureExpectedPremiumRevenueToBeRecognized' xlink:to='loc_FinancialGuaranteeInsuranceContractsFutureExpectedPremiumRevenueToBeRecognizedMoreThan20AndWithin25YearsFromBalanceSheetDate' xlink:type='arc' />
<link:calculationArc order='100' weight='1.0' xlink:arcrole='http://www.xbrl.org/2003/arcrole/summation-item' xlink:from='loc_FinancialGuaranteeInsuranceContractsFutureExpectedPremiumRevenueToBeRecognized' xlink:to='loc_FinancialGuaranteeInsuranceContractsFutureExpectedPremiumRevenueToBeRecognizedMoreThan25AndWithin30YearsFromBalanceSheetDate' xlink:type='arc' />
<link:calculationArc order='110' weight='1.0' xlink:arcrole='http://www.xbrl.org/2003/arcrole/summation-item' xlink:from='loc_FinancialGuaranteeInsuranceContractsFutureExpectedPremiumRevenueToBeRecognized' xlink:to='loc_FinancialGuaranteeInsuranceContractsFutureExpectedPremiumRevenueToBeRecognizedMoreThan30AndWithin35YearsFromBalanceSheetDate' xlink:type='arc' />
<link:calculationArc order='120' weight='1.0' xlink:arcrole='http://www.xbrl.org/2003/arcrole/summation-item' xlink:from='loc_FinancialGuaranteeInsuranceContractsFutureExpectedPremiumRevenueToBeRecognized' xlink:to='loc_FinancialGuaranteeInsuranceContractsFutureExpectedPremiumRevenueToBeRecognizedMoreThan35AndWithin40YearsFromBalanceSheetDate' xlink:type='arc' />
<link:calculationArc order='10' weight='1.0' xlink:arcrole='http://www.xbrl.org/2003/arcrole/summation-item' xlink:from='loc_GainLossRecognizedOnAssetsTransferredToSeparateAccount' xlink:to='loc_GainRecognizedOnAssetsTransferredToSeparateAccountGross' xlink:type='arc' />
<link:calculationArc order='20' weight='-1.0' xlink:arcrole='http://www.xbrl.org/2003/arcrole/summation-item' xlink:from='loc_GainLossRecognizedOnAssetsTransferredToSeparateAccount' xlink:to='loc_LossRecognizedOnAssetsTransferredToSeparateAccountGross' xlink:type='arc' />
<link:calculationArc order='10' weight='1.0' xlink:arcrole='http://www.xbrl.org/2003/arcrole/summation-item' xlink:from='loc_GuaranteedBenefitLiabilityGrossPeriodIncreaseDecrease' xlink:to='loc_LiabilitiesForGuaranteesOnLongDurationContractsIncurredBenefits1' xlink:type='arc' />
<link:calculationArc order='20' weight='-1.0' xlink:arcrole='http://www.xbrl.org/2003/arcrole/summation-item' xlink:from='loc_GuaranteedBenefitLiabilityGrossPeriodIncreaseDecrease' xlink:to='loc_LiabilitiesForGuaranteesOnLongDurationContractsPaymentForBenefits' xlink:type='arc' />
<link:calculationArc order='10' weight='1.0' xlink:arcrole='http://www.xbrl.org/2003/arcrole/summation-item' xlink:from='loc_LiabilityForAsbestosAndEnvironmentalClaimsGrossPeriodIncreaseDecrease' xlink:to='loc_LiabilityForAsbestosAndEnvironmentalClaimsGrossIncurredLoss1' xlink:type='arc' />
<link:calculationArc order='20' weight='-1.0' xlink:arcrole='http://www.xbrl.org/2003/arcrole/summation-item' xlink:from='loc_LiabilityForAsbestosAndEnvironmentalClaimsGrossPeriodIncreaseDecrease' xlink:to='loc_LiabilityForAsbestosAndEnvironmentalClaimsGrossPaymentForClaims' xlink:type='arc' />
<link:calculationArc order='10' weight='1.0' xlink:arcrole='http://www.xbrl.org/2003/arcrole/summation-item' xlink:from='loc_LiabilityForAsbestosAndEnvironmentalClaimsNetPeriodIncreaseDecrease' xlink:to='loc_LiabilityForAsbestosAndEnvironmentalClaimsNetIncurredLoss1' xlink:type='arc' />
<link:calculationArc order='20' weight='-1.0' xlink:arcrole='http://www.xbrl.org/2003/arcrole/summation-item' xlink:from='loc_LiabilityForAsbestosAndEnvironmentalClaimsNetPeriodIncreaseDecrease' xlink:to='loc_LiabilityForAsbestosAndEnvironmentalClaimsNetPaymentForClaims' xlink:type='arc' />
<link:calculationArc order='10' weight='1.0' xlink:arcrole='http://www.xbrl.org/2003/arcrole/summation-item' xlink:from='loc_LiabilityForFuturePolicyBenefitsPeriodIncreaseDecrease' xlink:to='loc_LiabilityForFuturePolicyBenefitsPeriodExpense' xlink:type='arc' />
<link:calculationArc order='20' weight='-1.0' xlink:arcrole='http://www.xbrl.org/2003/arcrole/summation-item' xlink:from='loc_LiabilityForFuturePolicyBenefitsPeriodIncreaseDecrease' xlink:to='loc_LiabilityForFuturePolicyBenefitsPaymentForBenefits' xlink:type='arc' />
<link:calculationArc order='30' weight='-1.0' xlink:arcrole='http://www.xbrl.org/2003/arcrole/summation-item' xlink:from='loc_LiabilityForFuturePolicyBenefitsPeriodIncreaseDecrease' xlink:to='loc_LiabilityForFuturePolicyBenefitsContractTerminations1' xlink:type='arc' />
<link:calculationArc order='40' weight='1.0' xlink:arcrole='http://www.xbrl.org/2003/arcrole/summation-item' xlink:from='loc_LiabilityForFuturePolicyBenefitsPeriodIncreaseDecrease' xlink:to='loc_LiabilityForFuturePolicyBenefitsOtherIncreaseDecrease' xlink:type='arc' />
<link:calculationArc order='10' weight='1.0' xlink:arcrole='http://www.xbrl.org/2003/arcrole/summation-item' xlink:from='loc_LiabilityForUnpaidClaimsAndClaimsAdjustmentExpenseNet' xlink:to='loc_LiabilityForClaimsAndClaimsAdjustmentExpense' xlink:type='arc' />
<link:calculationArc order='10' weight='1.0' xlink:arcrole='http://www.xbrl.org/2003/arcrole/summation-item' xlink:from='loc_LiabilityForClaimsAndClaimsAdjustmentExpense' xlink:to='loc_LiabilityForUnpaidClaimsAndClaimsAdjustmentExpenseReportedClaimsAmount' xlink:type='arc' />
<link:calculationArc order='20' weight='1.0' xlink:arcrole='http://www.xbrl.org/2003/arcrole/summation-item' xlink:from='loc_LiabilityForClaimsAndClaimsAdjustmentExpense' xlink:to='loc_LiabilityForUnpaidClaimsAndClaimsAdjustmentExpenseIncurredButNotReportedIBNRClaimsAmount' xlink:type='arc' />
<link:calculationArc order='20' weight='-1.0' xlink:arcrole='http://www.xbrl.org/2003/arcrole/summation-item' xlink:from='loc_LiabilityForUnpaidClaimsAndClaimsAdjustmentExpenseNet' xlink:to='loc_ReinsuranceRecoverableForUnpaidClaimsAndClaimsAdjustments' xlink:type='arc' />
<link:calculationArc order='30' weight='1.0' xlink:arcrole='http://www.xbrl.org/2003/arcrole/summation-item' xlink:from='loc_LiabilityForUnpaidClaimsAndClaimsAdjustmentExpenseNet' xlink:to='loc_LiabilityForUnpaidClaimsAndClaimsAdjustmentExpenseOpeningBalanceAdjustments' xlink:type='arc' />
<link:calculationArc order='10' weight='1.0' xlink:arcrole='http://www.xbrl.org/2003/arcrole/summation-item' xlink:from='loc_LiabilityForUnpaidClaimsAndClaimsAdjustmentExpensePeriodIncreaseDecrease' xlink:to='loc_LiabilityForUnpaidClaimsAndClaimsAdjustmentExpenseIncurredClaims1' xlink:type='arc' />
<link:calculationArc order='10' weight='1.0' xlink:arcrole='http://www.xbrl.org/2003/arcrole/summation-item' xlink:from='loc_LiabilityForUnpaidClaimsAndClaimsAdjustmentExpenseIncurredClaims1' xlink:to='loc_SupplementalInformationForPropertyCasualtyInsuranceUnderwritersPriorYearClaimsAndClaimsAdjustmentExpense' xlink:type='arc' />
<link:calculationArc order='20' weight='1.0' xlink:arcrole='http://www.xbrl.org/2003/arcrole/summation-item' xlink:from='loc_LiabilityForUnpaidClaimsAndClaimsAdjustmentExpenseIncurredClaims1' xlink:to='loc_SupplementalInformationForPropertyCasualtyInsuranceUnderwritersCurrentYearClaimsAndClaimsAdjustmentExpense' xlink:type='arc' />
<link:calculationArc order='20' weight='-1.0' xlink:arcrole='http://www.xbrl.org/2003/arcrole/summation-item' xlink:from='loc_LiabilityForUnpaidClaimsAndClaimsAdjustmentExpensePeriodIncreaseDecrease' xlink:to='loc_PaymentsForLossesAndLossAdjustmentExpense' xlink:type='arc' />
<link:calculationArc order='10' weight='1.0' xlink:arcrole='http://www.xbrl.org/2003/arcrole/summation-item' xlink:from='loc_PaymentsForLossesAndLossAdjustmentExpense' xlink:to='loc_LiabilityForUnpaidClaimsAndClaimsAdjustmentExpenseClaimsPaidCurrentYear1' xlink:type='arc' />
<link:calculationArc order='20' weight='1.0' xlink:arcrole='http://www.xbrl.org/2003/arcrole/summation-item' xlink:from='loc_PaymentsForLossesAndLossAdjustmentExpense' xlink:to='loc_LiabilityForUnpaidClaimsAndClaimsAdjustmentExpenseClaimsPaidPriorYears1' xlink:type='arc' />
<link:calculationArc order='30' weight='1.0' xlink:arcrole='http://www.xbrl.org/2003/arcrole/summation-item' xlink:from='loc_LiabilityForUnpaidClaimsAndClaimsAdjustmentExpensePeriodIncreaseDecrease' xlink:to='loc_LiabilityForUnpaidClaimsAndClaimsAdjustmentExpenseBusinessAcquisitions' xlink:type='arc' />
<link:calculationArc order='40' weight='-1.0' xlink:arcrole='http://www.xbrl.org/2003/arcrole/summation-item' xlink:from='loc_LiabilityForUnpaidClaimsAndClaimsAdjustmentExpensePeriodIncreaseDecrease' xlink:to='loc_LiabilityForUnpaidClaimsAndClaimsAdjustmentExpenseForeignCurrencyTranslationGainLoss' xlink:type='arc' />
<link:calculationArc order='10' weight='1.0' xlink:arcrole='http://www.xbrl.org/2003/arcrole/summation-item' xlink:from='loc_PremiumsReceivableAllowanceForDoubtfulAccountsPeriodIncreaseDecrease' xlink:to='loc_PremiumsReceivableAllowanceForDoubtfulAccountsAdditionsForChargesToExpense' xlink:type='arc' />
<link:calculationArc order='20' weight='-1.0' xlink:arcrole='http://www.xbrl.org/2003/arcrole/summation-item' xlink:from='loc_PremiumsReceivableAllowanceForDoubtfulAccountsPeriodIncreaseDecrease' xlink:to='loc_PremiumsReceivableAllowanceForDoubtfulAccountsWriteOffsAgainstAllowance' xlink:type='arc' />
<link:calculationArc order='30' weight='1.0' xlink:arcrole='http://www.xbrl.org/2003/arcrole/summation-item' xlink:from='loc_PremiumsReceivableAllowanceForDoubtfulAccountsPeriodIncreaseDecrease' xlink:to='loc_PremiumsReceivableAllowanceForDoubtfulAccountsRecoveries' xlink:type='arc' />
<link:calculationArc order='10' weight='1.0' xlink:arcrole='http://www.xbrl.org/2003/arcrole/summation-item' xlink:from='loc_PresentValueOfFutureInsuranceProfitsPeriodIncreaseDecrease' xlink:to='loc_PresentValueOfFutureInsuranceProfitsAdditionsFromAcquisitions' xlink:type='arc' />
<link:calculationArc order='20' weight='1.0' xlink:arcrole='http://www.xbrl.org/2003/arcrole/summation-item' xlink:from='loc_PresentValueOfFutureInsuranceProfitsPeriodIncreaseDecrease' xlink:to='loc_PresentValueOfFutureInsuranceProfitsUnrealizedInvestmentGains1' xlink:type='arc' />
<link:calculationArc order='30' weight='1.0' xlink:arcrole='http://www.xbrl.org/2003/arcrole/summation-item' xlink:from='loc_PresentValueOfFutureInsuranceProfitsPeriodIncreaseDecrease' xlink:to='loc_PresentValueOfFutureInsuranceProfitsInterestAccrued1' xlink:type='arc' />
<link:calculationArc order='40' weight='-1.0' xlink:arcrole='http://www.xbrl.org/2003/arcrole/summation-item' xlink:from='loc_PresentValueOfFutureInsuranceProfitsPeriodIncreaseDecrease' xlink:to='loc_PresentValueOfFutureInsuranceProfitsUnrealizedInvestmentLosses1' xlink:type='arc' />
<link:calculationArc order='50' weight='-1.0' xlink:arcrole='http://www.xbrl.org/2003/arcrole/summation-item' xlink:from='loc_PresentValueOfFutureInsuranceProfitsPeriodIncreaseDecrease' xlink:to='loc_PresentValueOfFutureInsuranceProfitsImpairmentWritedown1' xlink:type='arc' />
<link:calculationArc order='60' weight='-1.0' xlink:arcrole='http://www.xbrl.org/2003/arcrole/summation-item' xlink:from='loc_PresentValueOfFutureInsuranceProfitsPeriodIncreaseDecrease' xlink:to='loc_PresentValueOfFutureInsuranceProfitsAmortizationExpense1' xlink:type='arc' />
<link:calculationArc order='10' weight='1.0' xlink:arcrole='http://www.xbrl.org/2003/arcrole/summation-item' xlink:from='loc_ScheduleOfInsuredFinancialObligationsWithCreditDeteriorationInsuredContractualPaymentsOutstanding' xlink:to='loc_ScheduleOfInsuredFinancialObligationsWithCreditDeteriorationInsuredContractualPaymentsOutstandingPrincipal' xlink:type='arc' />
<link:calculationArc order='20' weight='1.0' xlink:arcrole='http://www.xbrl.org/2003/arcrole/summation-item' xlink:from='loc_ScheduleOfInsuredFinancialObligationsWithCreditDeteriorationInsuredContractualPaymentsOutstanding' xlink:to='loc_ScheduleOfInsuredFinancialObligationsWithCreditDeteriorationInsuredContractualPaymentsOutstandingInterest' xlink:type='arc' />
<link:calculationArc order='10' weight='1.0' xlink:arcrole='http://www.xbrl.org/2003/arcrole/summation-item' xlink:from='loc_ScheduleOfInsuredFinancialObligationsWithCreditDeteriorationNetClaimLiability' xlink:to='loc_ScheduleOfInsuredFinancialObligationsWithCreditDeteriorationGrossClaimLiability' xlink:type='arc' />
<link:calculationArc order='20' weight='-1.0' xlink:arcrole='http://www.xbrl.org/2003/arcrole/summation-item' xlink:from='loc_ScheduleOfInsuredFinancialObligationsWithCreditDeteriorationNetClaimLiability' xlink:to='loc_ScheduleOfInsuredFinancialObligationsWithCreditDeteriorationReductionsOfGrossClaimLiability' xlink:type='arc' />
<link:calculationArc order='10' weight='1.0' xlink:arcrole='http://www.xbrl.org/2003/arcrole/summation-item' xlink:from='loc_ScheduleOfInsuredFinancialObligationsWithCreditDeteriorationReductionsOfGrossClaimLiability' xlink:to='loc_ScheduleOfInsuredFinancialObligationsWithCreditDeteriorationReductionsOfGrossClaimLiabilityGrossPotentialRecoveries' xlink:type='arc' />
<link:calculationArc order='20' weight='1.0' xlink:arcrole='http://www.xbrl.org/2003/arcrole/summation-item' xlink:from='loc_ScheduleOfInsuredFinancialObligationsWithCreditDeteriorationReductionsOfGrossClaimLiability' xlink:to='loc_ScheduleOfInsuredFinancialObligationsWithCreditDeteriorationReductionsOfGrossClaimLiabilityNetDiscount' xlink:type='arc' />
<link:calculationArc order='10' weight='1.0' xlink:arcrole='http://www.xbrl.org/2003/arcrole/summation-item' xlink:from='loc_ShortdurationInsuranceContractsLiabilityForUnpaidClaimsAndAllocatedClaimAdjustmentExpenseNet' xlink:to='loc_ShortdurationInsuranceContractsIncurredClaimsAndAllocatedClaimAdjustmentExpenseNet' xlink:type='arc' />
<link:calculationArc order='20' weight='-1.0' xlink:arcrole='http://www.xbrl.org/2003/arcrole/summation-item' xlink:from='loc_ShortdurationInsuranceContractsLiabilityForUnpaidClaimsAndAllocatedClaimAdjustmentExpenseNet' xlink:to='loc_ShortdurationInsuranceContractsCumulativePaidClaimsAndAllocatedClaimAdjustmentExpenseNet' xlink:type='arc' />
<link:calculationArc order='30' weight='1.0' xlink:arcrole='http://www.xbrl.org/2003/arcrole/summation-item' xlink:from='loc_ShortdurationInsuranceContractsLiabilityForUnpaidClaimsAndAllocatedClaimAdjustmentExpenseNet' xlink:to='loc_ShortdurationInsuranceContractsLiabilityForUnpaidClaimsAndAllocatedClaimAdjustmentExpenseNetNotSeparatelyPresented' xlink:type='arc' />
</link:calculationLink>
</link:linkbase>
