<?xml version='1.0' encoding='UTF-8'?>

<!--
(c) XBRL US, Inc. 2007-2010; Financial Accounting Foundation, Inc. 2010-2016.  All Rights Reserved.
Notice: Authorized Uses are Set Forth at http://xbrl.fasb.org/terms/TaxonomiesTermsConditions.html
  -->
<link:linkbase xmlns:link='http://www.xbrl.org/2003/linkbase' xmlns:xbrldt='http://xbrl.org/2005/xbrldt' xmlns:xlink='http://www.w3.org/1999/xlink' xmlns:xsi='http://www.w3.org/2001/XMLSchema-instance' xsi:schemaLocation='http://www.xbrl.org/2003/linkbase http://www.xbrl.org/2003/xbrl-linkbase-2003-12-31.xsd'>
<link:roleRef roleURI='http://fasb.org/us-gaap/role/disclosure/TransfersAndServicing' xlink:href='../elts/us-roles-2016-01-31.xsd#ts' xlink:type='simple' />
<link:calculationLink xlink:role='http://fasb.org/us-gaap/role/disclosure/TransfersAndServicing' xlink:type='extended'>
<link:loc xlink:href='../elts/us-gaap-2016-01-31.xsd#us-gaap_CertainLoansAcquiredInTransferAccountedForAsDebtSecuritiesAccretableYieldPeriodIncreaseDecrease' xlink:label='loc_CertainLoansAcquiredInTransferAccountedForAsDebtSecuritiesAccretableYieldPeriodIncreaseDecrease' xlink:type='locator' />
<link:loc xlink:href='../elts/us-gaap-2016-01-31.xsd#us-gaap_CertainLoansAcquiredInTransferAccountedForAsDebtSecuritiesAccretableYieldAdditions' xlink:label='loc_CertainLoansAcquiredInTransferAccountedForAsDebtSecuritiesAccretableYieldAdditions' xlink:type='locator' />
<link:loc xlink:href='../elts/us-gaap-2016-01-31.xsd#us-gaap_CertainLoansAcquiredInTransferAccountedForAsDebtSecuritiesAccretableYieldAccretion' xlink:label='loc_CertainLoansAcquiredInTransferAccountedForAsDebtSecuritiesAccretableYieldAccretion' xlink:type='locator' />
<link:loc xlink:href='../elts/us-gaap-2016-01-31.xsd#us-gaap_CertainLoansAcquiredInTransferAccountedForAsDebtSecuritiesAccretableYieldReclassificationsFromNonaccretableDifference' xlink:label='loc_CertainLoansAcquiredInTransferAccountedForAsDebtSecuritiesAccretableYieldReclassificationsFromNonaccretableDifference' xlink:type='locator' />
<link:loc xlink:href='../elts/us-gaap-2016-01-31.xsd#us-gaap_CertainLoansAcquiredInTransferAccountedForAsDebtSecuritiesAccretableYieldReclassificationsToNonaccretableDifference' xlink:label='loc_CertainLoansAcquiredInTransferAccountedForAsDebtSecuritiesAccretableYieldReclassificationsToNonaccretableDifference' xlink:type='locator' />
<link:loc xlink:href='../elts/us-gaap-2016-01-31.xsd#us-gaap_CertainLoansAcquiredInTransferAccountedForAsDebtSecuritiesAccretableYieldDisposalsOfLoans' xlink:label='loc_CertainLoansAcquiredInTransferAccountedForAsDebtSecuritiesAccretableYieldDisposalsOfLoans' xlink:type='locator' />
<link:loc xlink:href='../elts/us-gaap-2016-01-31.xsd#us-gaap_CertainLoansAcquiredInTransferAccountedForAsDebtSecuritiesOtherthanTemporaryImpairmentChargesCreditLoss' xlink:label='loc_CertainLoansAcquiredInTransferAccountedForAsDebtSecuritiesOtherthanTemporaryImpairmentChargesCreditLoss' xlink:type='locator' />
<link:loc xlink:href='../elts/us-gaap-2016-01-31.xsd#us-gaap_CertainLoansAcquiredInTransferAccountedForAsAvailableforsaleDebtSecuritiesOtherthanTemporaryImpairmentChargesCreditLoss' xlink:label='loc_CertainLoansAcquiredInTransferAccountedForAsAvailableforsaleDebtSecuritiesOtherthanTemporaryImpairmentChargesCreditLoss' xlink:type='locator' />
<link:loc xlink:href='../elts/us-gaap-2016-01-31.xsd#us-gaap_CertainLoansAcquiredInTransferAccountedForAsHeldtomaturityDebtSecuritiesOtherthanTemporaryImpairmentChargesCreditLoss' xlink:label='loc_CertainLoansAcquiredInTransferAccountedForAsHeldtomaturityDebtSecuritiesOtherthanTemporaryImpairmentChargesCreditLoss' xlink:type='locator' />
<link:loc xlink:href='../elts/us-gaap-2016-01-31.xsd#us-gaap_PledgedAssetsSeparatelyReportedLoansPledgedAsCollateralAtFairValue' xlink:label='loc_PledgedAssetsSeparatelyReportedLoansPledgedAsCollateralAtFairValue' xlink:type='locator' />
<link:loc xlink:href='../elts/us-gaap-2016-01-31.xsd#us-gaap_PledgedAssetsSeparatelyReportedLoansPledgedForFederalHomeLoanBankAtFairValue' xlink:label='loc_PledgedAssetsSeparatelyReportedLoansPledgedForFederalHomeLoanBankAtFairValue' xlink:type='locator' />
<link:loc xlink:href='../elts/us-gaap-2016-01-31.xsd#us-gaap_PledgedAssetsSeparatelyReportedLoansPledgedForRepurchaseAgreementsAtFairValue' xlink:label='loc_PledgedAssetsSeparatelyReportedLoansPledgedForRepurchaseAgreementsAtFairValue' xlink:type='locator' />
<link:loc xlink:href='../elts/us-gaap-2016-01-31.xsd#us-gaap_PledgedAssetsSeparatelyReportedLoansPledgedForOtherDebtObligationsAtFairValue' xlink:label='loc_PledgedAssetsSeparatelyReportedLoansPledgedForOtherDebtObligationsAtFairValue' xlink:type='locator' />
<link:loc xlink:href='../elts/us-gaap-2016-01-31.xsd#us-gaap_PledgedAssetsSeparatelyReportedOnStatementOfFinancialPositionAtFairValue' xlink:label='loc_PledgedAssetsSeparatelyReportedOnStatementOfFinancialPositionAtFairValue' xlink:type='locator' />
<link:loc xlink:href='../elts/us-gaap-2016-01-31.xsd#us-gaap_PledgedAssetsSeparatelyReportedFinanceReceivablesPledgedAsCollateralAtFairValue' xlink:label='loc_PledgedAssetsSeparatelyReportedFinanceReceivablesPledgedAsCollateralAtFairValue' xlink:type='locator' />
<link:loc xlink:href='../elts/us-gaap-2016-01-31.xsd#us-gaap_PledgedAssetsSeparatelyReportedRealEstatePledgedAsCollateralAtFairValue' xlink:label='loc_PledgedAssetsSeparatelyReportedRealEstatePledgedAsCollateralAtFairValue' xlink:type='locator' />
<link:loc xlink:href='../elts/us-gaap-2016-01-31.xsd#us-gaap_PledgedAssetsSeparatelyReportedNonsecuritizedInvestmentsPledgedAsCollateralAtFairValue' xlink:label='loc_PledgedAssetsSeparatelyReportedNonsecuritizedInvestmentsPledgedAsCollateralAtFairValue' xlink:type='locator' />
<link:loc xlink:href='../elts/us-gaap-2016-01-31.xsd#us-gaap_PledgedAssetsSeparatelyReportedOtherAssetsPledgedAsCollateralAtFairValue' xlink:label='loc_PledgedAssetsSeparatelyReportedOtherAssetsPledgedAsCollateralAtFairValue' xlink:type='locator' />
<link:loc xlink:href='../elts/us-gaap-2016-01-31.xsd#us-gaap_PledgedAssetsSeparatelyReportedSecuritiesPledgedAsCollateralAtFairValue' xlink:label='loc_PledgedAssetsSeparatelyReportedSecuritiesPledgedAsCollateralAtFairValue' xlink:type='locator' />
<link:loc xlink:href='../elts/us-gaap-2016-01-31.xsd#us-gaap_PledgedAssetsSeparatelyReportedMortgageRelatedSecuritiesAvailableForSaleOrHeldForInvestment' xlink:label='loc_PledgedAssetsSeparatelyReportedMortgageRelatedSecuritiesAvailableForSaleOrHeldForInvestment' xlink:type='locator' />
<link:loc xlink:href='../elts/us-gaap-2016-01-31.xsd#us-gaap_PledgedAssetsSeparatelyReportedOtherDebtSecuritiesAvailableForSaleOrHeldForInvestment' xlink:label='loc_PledgedAssetsSeparatelyReportedOtherDebtSecuritiesAvailableForSaleOrHeldForInvestment' xlink:type='locator' />
<link:loc xlink:href='../elts/us-gaap-2016-01-31.xsd#us-gaap_PledgedAssetsNotSeparatelyReportedOnStatementOfFinancialPosition' xlink:label='loc_PledgedAssetsNotSeparatelyReportedOnStatementOfFinancialPosition' xlink:type='locator' />
<link:loc xlink:href='../elts/us-gaap-2016-01-31.xsd#us-gaap_PledgedAssetsNotSeparatelyReportedFinanceReceivables' xlink:label='loc_PledgedAssetsNotSeparatelyReportedFinanceReceivables' xlink:type='locator' />
<link:loc xlink:href='../elts/us-gaap-2016-01-31.xsd#us-gaap_PledgedAssetsNotSeparatelyReportedRealEstate' xlink:label='loc_PledgedAssetsNotSeparatelyReportedRealEstate' xlink:type='locator' />
<link:loc xlink:href='../elts/us-gaap-2016-01-31.xsd#us-gaap_PledgedAssetsNotSeparatelyReportedNonsecuritizedInvestments' xlink:label='loc_PledgedAssetsNotSeparatelyReportedNonsecuritizedInvestments' xlink:type='locator' />
<link:loc xlink:href='../elts/us-gaap-2016-01-31.xsd#us-gaap_PledgedAssetsNotSeparatelyReportedOtherFinancialInstruments' xlink:label='loc_PledgedAssetsNotSeparatelyReportedOtherFinancialInstruments' xlink:type='locator' />
<link:loc xlink:href='../elts/us-gaap-2016-01-31.xsd#us-gaap_PledgedFinancialInstrumentsNotSeparatelyReportedLoansReceivablePledgedAsCollateral' xlink:label='loc_PledgedFinancialInstrumentsNotSeparatelyReportedLoansReceivablePledgedAsCollateral' xlink:type='locator' />
<link:loc xlink:href='../elts/us-gaap-2016-01-31.xsd#us-gaap_PledgedFinancialInstrumentsNotSeparatelyReportedLoansReceivablePledgedForFederalHomeLoanBankDebt' xlink:label='loc_PledgedFinancialInstrumentsNotSeparatelyReportedLoansReceivablePledgedForFederalHomeLoanBankDebt' xlink:type='locator' />
<link:loc xlink:href='../elts/us-gaap-2016-01-31.xsd#us-gaap_PledgedFinancialInstrumentsNotSeparatelyReportedLoansReceivablePledgedForRepurchaseAgreements' xlink:label='loc_PledgedFinancialInstrumentsNotSeparatelyReportedLoansReceivablePledgedForRepurchaseAgreements' xlink:type='locator' />
<link:loc xlink:href='../elts/us-gaap-2016-01-31.xsd#us-gaap_PledgedFinancialInstrumentsNotSeparatelyReportedLoansReceivablePledgedForOtherArrangements' xlink:label='loc_PledgedFinancialInstrumentsNotSeparatelyReportedLoansReceivablePledgedForOtherArrangements' xlink:type='locator' />
<link:loc xlink:href='../elts/us-gaap-2016-01-31.xsd#us-gaap_PledgedFinancialInstrumentsNotSeparatelyReportedSecuritiesPledged' xlink:label='loc_PledgedFinancialInstrumentsNotSeparatelyReportedSecuritiesPledged' xlink:type='locator' />
<link:loc xlink:href='../elts/us-gaap-2016-01-31.xsd#us-gaap_PledgedFinancialInstrumentsNotSeparatelyReportedMortgageRelatedSecuritiesHeldToMaturity' xlink:label='loc_PledgedFinancialInstrumentsNotSeparatelyReportedMortgageRelatedSecuritiesHeldToMaturity' xlink:type='locator' />
<link:loc xlink:href='../elts/us-gaap-2016-01-31.xsd#us-gaap_PledgedFinancialInstrumentsNotSeparatelyReportedMortgageRelatedSecuritiesAvailableForSaleOrHeldForInvestment' xlink:label='loc_PledgedFinancialInstrumentsNotSeparatelyReportedMortgageRelatedSecuritiesAvailableForSaleOrHeldForInvestment' xlink:type='locator' />
<link:loc xlink:href='../elts/us-gaap-2016-01-31.xsd#us-gaap_PledgedFinancialInstrumentsNotSeparatelyReportedOtherDebtSecuritiesHeldToMaturity' xlink:label='loc_PledgedFinancialInstrumentsNotSeparatelyReportedOtherDebtSecuritiesHeldToMaturity' xlink:type='locator' />
<link:loc xlink:href='../elts/us-gaap-2016-01-31.xsd#us-gaap_PledgedFinancialInstrumentsNotSeparatelyReportedOtherDebtSecuritiesAvailableForSaleOrHeldForInvestment' xlink:label='loc_PledgedFinancialInstrumentsNotSeparatelyReportedOtherDebtSecuritiesAvailableForSaleOrHeldForInvestment' xlink:type='locator' />
<link:loc xlink:href='../elts/us-gaap-2016-01-31.xsd#us-gaap_PrincipalAmountOutstandingOfLoansHeldInPortfolio' xlink:label='loc_PrincipalAmountOutstandingOfLoansHeldInPortfolio' xlink:type='locator' />
<link:loc xlink:href='../elts/us-gaap-2016-01-31.xsd#us-gaap_PrincipalAmountOutstandingOnLoansManagedAndSecuritized' xlink:label='loc_PrincipalAmountOutstandingOnLoansManagedAndSecuritized' xlink:type='locator' />
<link:loc xlink:href='../elts/us-gaap-2016-01-31.xsd#us-gaap_PrincipalAmountOutstandingOnLoansSecuritized' xlink:label='loc_PrincipalAmountOutstandingOnLoansSecuritized' xlink:type='locator' />
<link:loc xlink:href='../elts/us-gaap-2016-01-31.xsd#us-gaap_PrincipalAmountOutstandingOnLoansHeldForSaleOrSecuritization' xlink:label='loc_PrincipalAmountOutstandingOnLoansHeldForSaleOrSecuritization' xlink:type='locator' />
<link:loc xlink:href='../elts/us-gaap-2016-01-31.xsd#us-gaap_SecuredBorrowingsGrossIncludingNotSubjectToMasterNettingArrangement' xlink:label='loc_SecuredBorrowingsGrossIncludingNotSubjectToMasterNettingArrangement' xlink:type='locator' />
<link:loc xlink:href='../elts/us-gaap-2016-01-31.xsd#us-gaap_FinancialAssetsSoldUnderAgreementsToRepurchaseGrossIncludingNotSubjectToMasterNettingArrangement' xlink:label='loc_FinancialAssetsSoldUnderAgreementsToRepurchaseGrossIncludingNotSubjectToMasterNettingArrangement' xlink:type='locator' />
<link:loc xlink:href='../elts/us-gaap-2016-01-31.xsd#us-gaap_SecuritiesLoanedIncludingNotSubjectToMasterNettingArrangementAndAssetsOtherThanSecuritiesTransferred' xlink:label='loc_SecuritiesLoanedIncludingNotSubjectToMasterNettingArrangementAndAssetsOtherThanSecuritiesTransferred' xlink:type='locator' />
<link:loc xlink:href='../elts/us-gaap-2016-01-31.xsd#us-gaap_SecurityOwnedAndPledgedAsCollateralFairValue' xlink:label='loc_SecurityOwnedAndPledgedAsCollateralFairValue' xlink:type='locator' />
<link:loc xlink:href='../elts/us-gaap-2016-01-31.xsd#us-gaap_FinancialInstrumentsOwnedAndPledgedAsCollateralAmountEligibleToBeRepledgedByCounterparty' xlink:label='loc_FinancialInstrumentsOwnedAndPledgedAsCollateralAmountEligibleToBeRepledgedByCounterparty' xlink:type='locator' />
<link:loc xlink:href='../elts/us-gaap-2016-01-31.xsd#us-gaap_FinancialInstrumentsOwnedAndPledgedAsCollateralAmountNotEligibleToBeRepledgedByCounterparty' xlink:label='loc_FinancialInstrumentsOwnedAndPledgedAsCollateralAmountNotEligibleToBeRepledgedByCounterparty' xlink:type='locator' />
<link:loc xlink:href='../elts/us-gaap-2016-01-31.xsd#us-gaap_ServicingAssetAtAmortizedValuePeriodIncreaseDecrease' xlink:label='loc_ServicingAssetAtAmortizedValuePeriodIncreaseDecrease' xlink:type='locator' />
<link:loc xlink:href='../elts/us-gaap-2016-01-31.xsd#us-gaap_ServicingAssetAtAmortizedValueAdditions' xlink:label='loc_ServicingAssetAtAmortizedValueAdditions' xlink:type='locator' />
<link:loc xlink:href='../elts/us-gaap-2016-01-31.xsd#us-gaap_ServicingAssetAtAmortizedValueDisposals' xlink:label='loc_ServicingAssetAtAmortizedValueDisposals' xlink:type='locator' />
<link:loc xlink:href='../elts/us-gaap-2016-01-31.xsd#us-gaap_ServicingAssetAtAmortizedValueAmortization1' xlink:label='loc_ServicingAssetAtAmortizedValueAmortization1' xlink:type='locator' />
<link:loc xlink:href='../elts/us-gaap-2016-01-31.xsd#us-gaap_ServicingAssetAtAmortizedValueValuationAllowance' xlink:label='loc_ServicingAssetAtAmortizedValueValuationAllowance' xlink:type='locator' />
<link:loc xlink:href='../elts/us-gaap-2016-01-31.xsd#us-gaap_ServicingAssetAtAmortizedCostOtherThanTemporaryImpairments' xlink:label='loc_ServicingAssetAtAmortizedCostOtherThanTemporaryImpairments' xlink:type='locator' />
<link:loc xlink:href='../elts/us-gaap-2016-01-31.xsd#us-gaap_ServicingAssetAtAmortizedValueOtherChangesThatAffectBalanceAmount' xlink:label='loc_ServicingAssetAtAmortizedValueOtherChangesThatAffectBalanceAmount' xlink:type='locator' />
<link:loc xlink:href='../elts/us-gaap-2016-01-31.xsd#us-gaap_ServicingAssetAtFairValuePeriodIncreaseDecrease' xlink:label='loc_ServicingAssetAtFairValuePeriodIncreaseDecrease' xlink:type='locator' />
<link:loc xlink:href='../elts/us-gaap-2016-01-31.xsd#us-gaap_ServicingAssetAtFairValueAdditions' xlink:label='loc_ServicingAssetAtFairValueAdditions' xlink:type='locator' />
<link:loc xlink:href='../elts/us-gaap-2016-01-31.xsd#us-gaap_ServicingAssetAtFairValueDisposals' xlink:label='loc_ServicingAssetAtFairValueDisposals' xlink:type='locator' />
<link:loc xlink:href='../elts/us-gaap-2016-01-31.xsd#us-gaap_ServicingAssetAtFairValueChangesInFairValueResultingFromChangesInValuationInputsOrChangesInAssumptions' xlink:label='loc_ServicingAssetAtFairValueChangesInFairValueResultingFromChangesInValuationInputsOrChangesInAssumptions' xlink:type='locator' />
<link:loc xlink:href='../elts/us-gaap-2016-01-31.xsd#us-gaap_ServicingAssetAtFairValueChangesInFairValueResultingFromChangesInValuationInputs' xlink:label='loc_ServicingAssetAtFairValueChangesInFairValueResultingFromChangesInValuationInputs' xlink:type='locator' />
<link:loc xlink:href='../elts/us-gaap-2016-01-31.xsd#us-gaap_AssetAtFairValueChangesInFairValueResultingFromChangesInAssumptions' xlink:label='loc_AssetAtFairValueChangesInFairValueResultingFromChangesInAssumptions' xlink:type='locator' />
<link:loc xlink:href='../elts/us-gaap-2016-01-31.xsd#us-gaap_ServicingAssetAtFairValueOtherChangesInFairValue' xlink:label='loc_ServicingAssetAtFairValueOtherChangesInFairValue' xlink:type='locator' />
<link:loc xlink:href='../elts/us-gaap-2016-01-31.xsd#us-gaap_ServicingAssetAtFairValueOtherChangesThatAffectBalance' xlink:label='loc_ServicingAssetAtFairValueOtherChangesThatAffectBalance' xlink:type='locator' />
<link:loc xlink:href='../elts/us-gaap-2016-01-31.xsd#us-gaap_ServicingLiabilityAtAmortizedValuePeriodIncreaseDecrease' xlink:label='loc_ServicingLiabilityAtAmortizedValuePeriodIncreaseDecrease' xlink:type='locator' />
<link:loc xlink:href='../elts/us-gaap-2016-01-31.xsd#us-gaap_ServicingLiabilityAtAmortizedValueAdditions' xlink:label='loc_ServicingLiabilityAtAmortizedValueAdditions' xlink:type='locator' />
<link:loc xlink:href='../elts/us-gaap-2016-01-31.xsd#us-gaap_ServicingLiabilityAtAmortizedValueDisposals' xlink:label='loc_ServicingLiabilityAtAmortizedValueDisposals' xlink:type='locator' />
<link:loc xlink:href='../elts/us-gaap-2016-01-31.xsd#us-gaap_ServicingLiabilityAtAmortizedCostAmortization' xlink:label='loc_ServicingLiabilityAtAmortizedCostAmortization' xlink:type='locator' />
<link:loc xlink:href='../elts/us-gaap-2016-01-31.xsd#us-gaap_ServicingLiabilityAtAmortizedCostOtherIncreaseDecreaseInObligation' xlink:label='loc_ServicingLiabilityAtAmortizedCostOtherIncreaseDecreaseInObligation' xlink:type='locator' />
<link:loc xlink:href='../elts/us-gaap-2016-01-31.xsd#us-gaap_ServicingLiabilityAtFairValuePeriodIncreaseDecrease' xlink:label='loc_ServicingLiabilityAtFairValuePeriodIncreaseDecrease' xlink:type='locator' />
<link:loc xlink:href='../elts/us-gaap-2016-01-31.xsd#us-gaap_ServicingLiabilityAtFairValueAdditions' xlink:label='loc_ServicingLiabilityAtFairValueAdditions' xlink:type='locator' />
<link:loc xlink:href='../elts/us-gaap-2016-01-31.xsd#us-gaap_ServicingLiabilityAtFairValueDisposals' xlink:label='loc_ServicingLiabilityAtFairValueDisposals' xlink:type='locator' />
<link:loc xlink:href='../elts/us-gaap-2016-01-31.xsd#us-gaap_ServicingLiabilityAtFairValueChangesInFairValueResultingFromChangesInValuationInputsOrChangesInAssumptions' xlink:label='loc_ServicingLiabilityAtFairValueChangesInFairValueResultingFromChangesInValuationInputsOrChangesInAssumptions' xlink:type='locator' />
<link:loc xlink:href='../elts/us-gaap-2016-01-31.xsd#us-gaap_ServicingLiabilityAtFairValueOtherChangesInFairValue' xlink:label='loc_ServicingLiabilityAtFairValueOtherChangesInFairValue' xlink:type='locator' />
<link:loc xlink:href='../elts/us-gaap-2016-01-31.xsd#us-gaap_ServicingLiabilityAtFairValueOtherChangesThatAffectBalance' xlink:label='loc_ServicingLiabilityAtFairValueOtherChangesThatAffectBalance' xlink:type='locator' />
<link:loc xlink:href='../elts/us-gaap-2016-01-31.xsd#us-gaap_ValuationAllowanceForImpairmentOfRecognizedServicingAssetsPeriodIncreaseDecrease' xlink:label='loc_ValuationAllowanceForImpairmentOfRecognizedServicingAssetsPeriodIncreaseDecrease' xlink:type='locator' />
<link:loc xlink:href='../elts/us-gaap-2016-01-31.xsd#us-gaap_ValuationAllowanceForImpairmentOfRecognizedServicingAssetsProvisionsRecoveries' xlink:label='loc_ValuationAllowanceForImpairmentOfRecognizedServicingAssetsProvisionsRecoveries' xlink:type='locator' />
<link:loc xlink:href='../elts/us-gaap-2016-01-31.xsd#us-gaap_ValuationAllowanceForImpairmentOfRecognizedServicingAssetsProvisions' xlink:label='loc_ValuationAllowanceForImpairmentOfRecognizedServicingAssetsProvisions' xlink:type='locator' />
<link:loc xlink:href='../elts/us-gaap-2016-01-31.xsd#us-gaap_ValuationAllowanceForImpairmentOfRecognizedServicingAssetsRecoveries' xlink:label='loc_ValuationAllowanceForImpairmentOfRecognizedServicingAssetsRecoveries' xlink:type='locator' />
<link:loc xlink:href='../elts/us-gaap-2016-01-31.xsd#us-gaap_ValuationAllowanceForImpairmentOfRecognizedServicingAssetsAggregateWriteDowns' xlink:label='loc_ValuationAllowanceForImpairmentOfRecognizedServicingAssetsAggregateWriteDowns' xlink:type='locator' />
<link:loc xlink:href='../elts/us-gaap-2016-01-31.xsd#us-gaap_ValuationAllowanceForImpairmentOfRecognizedServicingAssetsSalesAndDisposals' xlink:label='loc_ValuationAllowanceForImpairmentOfRecognizedServicingAssetsSalesAndDisposals' xlink:type='locator' />
<link:loc xlink:href='../elts/us-gaap-2016-01-31.xsd#us-gaap_ValuationAllowanceForImpairmentOfRecognizedServicingAssetsSales' xlink:label='loc_ValuationAllowanceForImpairmentOfRecognizedServicingAssetsSales' xlink:type='locator' />
<link:loc xlink:href='../elts/us-gaap-2016-01-31.xsd#us-gaap_ValuationAllowanceForImpairmentOfRecognizedServicingAssetsDisposals' xlink:label='loc_ValuationAllowanceForImpairmentOfRecognizedServicingAssetsDisposals' xlink:type='locator' />
<link:calculationArc order='10' weight='1.0' xlink:arcrole='http://www.xbrl.org/2003/arcrole/summation-item' xlink:from='loc_CertainLoansAcquiredInTransferAccountedForAsDebtSecuritiesAccretableYieldPeriodIncreaseDecrease' xlink:to='loc_CertainLoansAcquiredInTransferAccountedForAsDebtSecuritiesAccretableYieldAdditions' xlink:type='arc' />
<link:calculationArc order='20' weight='-1.0' xlink:arcrole='http://www.xbrl.org/2003/arcrole/summation-item' xlink:from='loc_CertainLoansAcquiredInTransferAccountedForAsDebtSecuritiesAccretableYieldPeriodIncreaseDecrease' xlink:to='loc_CertainLoansAcquiredInTransferAccountedForAsDebtSecuritiesAccretableYieldAccretion' xlink:type='arc' />
<link:calculationArc order='30' weight='1.0' xlink:arcrole='http://www.xbrl.org/2003/arcrole/summation-item' xlink:from='loc_CertainLoansAcquiredInTransferAccountedForAsDebtSecuritiesAccretableYieldPeriodIncreaseDecrease' xlink:to='loc_CertainLoansAcquiredInTransferAccountedForAsDebtSecuritiesAccretableYieldReclassificationsFromNonaccretableDifference' xlink:type='arc' />
<link:calculationArc order='40' weight='-1.0' xlink:arcrole='http://www.xbrl.org/2003/arcrole/summation-item' xlink:from='loc_CertainLoansAcquiredInTransferAccountedForAsDebtSecuritiesAccretableYieldPeriodIncreaseDecrease' xlink:to='loc_CertainLoansAcquiredInTransferAccountedForAsDebtSecuritiesAccretableYieldReclassificationsToNonaccretableDifference' xlink:type='arc' />
<link:calculationArc order='50' weight='-1.0' xlink:arcrole='http://www.xbrl.org/2003/arcrole/summation-item' xlink:from='loc_CertainLoansAcquiredInTransferAccountedForAsDebtSecuritiesAccretableYieldPeriodIncreaseDecrease' xlink:to='loc_CertainLoansAcquiredInTransferAccountedForAsDebtSecuritiesAccretableYieldDisposalsOfLoans' xlink:type='arc' />
<link:calculationArc order='10' weight='1.0' xlink:arcrole='http://www.xbrl.org/2003/arcrole/summation-item' xlink:from='loc_CertainLoansAcquiredInTransferAccountedForAsDebtSecuritiesOtherthanTemporaryImpairmentChargesCreditLoss' xlink:to='loc_CertainLoansAcquiredInTransferAccountedForAsAvailableforsaleDebtSecuritiesOtherthanTemporaryImpairmentChargesCreditLoss' xlink:type='arc' />
<link:calculationArc order='20' weight='1.0' xlink:arcrole='http://www.xbrl.org/2003/arcrole/summation-item' xlink:from='loc_CertainLoansAcquiredInTransferAccountedForAsDebtSecuritiesOtherthanTemporaryImpairmentChargesCreditLoss' xlink:to='loc_CertainLoansAcquiredInTransferAccountedForAsHeldtomaturityDebtSecuritiesOtherthanTemporaryImpairmentChargesCreditLoss' xlink:type='arc' />
<link:calculationArc order='10' weight='1.0' xlink:arcrole='http://www.xbrl.org/2003/arcrole/summation-item' xlink:from='loc_PledgedAssetsSeparatelyReportedLoansPledgedAsCollateralAtFairValue' xlink:to='loc_PledgedAssetsSeparatelyReportedLoansPledgedForFederalHomeLoanBankAtFairValue' xlink:type='arc' />
<link:calculationArc order='20' weight='1.0' xlink:arcrole='http://www.xbrl.org/2003/arcrole/summation-item' xlink:from='loc_PledgedAssetsSeparatelyReportedLoansPledgedAsCollateralAtFairValue' xlink:to='loc_PledgedAssetsSeparatelyReportedLoansPledgedForRepurchaseAgreementsAtFairValue' xlink:type='arc' />
<link:calculationArc order='30' weight='1.0' xlink:arcrole='http://www.xbrl.org/2003/arcrole/summation-item' xlink:from='loc_PledgedAssetsSeparatelyReportedLoansPledgedAsCollateralAtFairValue' xlink:to='loc_PledgedAssetsSeparatelyReportedLoansPledgedForOtherDebtObligationsAtFairValue' xlink:type='arc' />
<link:calculationArc order='10' weight='1.0' xlink:arcrole='http://www.xbrl.org/2003/arcrole/summation-item' xlink:from='loc_PledgedAssetsSeparatelyReportedOnStatementOfFinancialPositionAtFairValue' xlink:to='loc_PledgedAssetsSeparatelyReportedFinanceReceivablesPledgedAsCollateralAtFairValue' xlink:type='arc' />
<link:calculationArc order='20' weight='1.0' xlink:arcrole='http://www.xbrl.org/2003/arcrole/summation-item' xlink:from='loc_PledgedAssetsSeparatelyReportedOnStatementOfFinancialPositionAtFairValue' xlink:to='loc_PledgedAssetsSeparatelyReportedRealEstatePledgedAsCollateralAtFairValue' xlink:type='arc' />
<link:calculationArc order='30' weight='1.0' xlink:arcrole='http://www.xbrl.org/2003/arcrole/summation-item' xlink:from='loc_PledgedAssetsSeparatelyReportedOnStatementOfFinancialPositionAtFairValue' xlink:to='loc_PledgedAssetsSeparatelyReportedNonsecuritizedInvestmentsPledgedAsCollateralAtFairValue' xlink:type='arc' />
<link:calculationArc order='40' weight='1.0' xlink:arcrole='http://www.xbrl.org/2003/arcrole/summation-item' xlink:from='loc_PledgedAssetsSeparatelyReportedOnStatementOfFinancialPositionAtFairValue' xlink:to='loc_PledgedAssetsSeparatelyReportedOtherAssetsPledgedAsCollateralAtFairValue' xlink:type='arc' />
<link:calculationArc order='10' weight='1.0' xlink:arcrole='http://www.xbrl.org/2003/arcrole/summation-item' xlink:from='loc_PledgedAssetsSeparatelyReportedSecuritiesPledgedAsCollateralAtFairValue' xlink:to='loc_PledgedAssetsSeparatelyReportedMortgageRelatedSecuritiesAvailableForSaleOrHeldForInvestment' xlink:type='arc' />
<link:calculationArc order='20' weight='1.0' xlink:arcrole='http://www.xbrl.org/2003/arcrole/summation-item' xlink:from='loc_PledgedAssetsSeparatelyReportedSecuritiesPledgedAsCollateralAtFairValue' xlink:to='loc_PledgedAssetsSeparatelyReportedOtherDebtSecuritiesAvailableForSaleOrHeldForInvestment' xlink:type='arc' />
<link:calculationArc order='10' weight='1.0' xlink:arcrole='http://www.xbrl.org/2003/arcrole/summation-item' xlink:from='loc_PledgedAssetsNotSeparatelyReportedOnStatementOfFinancialPosition' xlink:to='loc_PledgedAssetsNotSeparatelyReportedFinanceReceivables' xlink:type='arc' />
<link:calculationArc order='20' weight='1.0' xlink:arcrole='http://www.xbrl.org/2003/arcrole/summation-item' xlink:from='loc_PledgedAssetsNotSeparatelyReportedOnStatementOfFinancialPosition' xlink:to='loc_PledgedAssetsNotSeparatelyReportedRealEstate' xlink:type='arc' />
<link:calculationArc order='30' weight='1.0' xlink:arcrole='http://www.xbrl.org/2003/arcrole/summation-item' xlink:from='loc_PledgedAssetsNotSeparatelyReportedOnStatementOfFinancialPosition' xlink:to='loc_PledgedAssetsNotSeparatelyReportedNonsecuritizedInvestments' xlink:type='arc' />
<link:calculationArc order='40' weight='1.0' xlink:arcrole='http://www.xbrl.org/2003/arcrole/summation-item' xlink:from='loc_PledgedAssetsNotSeparatelyReportedOnStatementOfFinancialPosition' xlink:to='loc_PledgedAssetsNotSeparatelyReportedOtherFinancialInstruments' xlink:type='arc' />
<link:calculationArc order='10' weight='1.0' xlink:arcrole='http://www.xbrl.org/2003/arcrole/summation-item' xlink:from='loc_PledgedFinancialInstrumentsNotSeparatelyReportedLoansReceivablePledgedAsCollateral' xlink:to='loc_PledgedFinancialInstrumentsNotSeparatelyReportedLoansReceivablePledgedForFederalHomeLoanBankDebt' xlink:type='arc' />
<link:calculationArc order='20' weight='1.0' xlink:arcrole='http://www.xbrl.org/2003/arcrole/summation-item' xlink:from='loc_PledgedFinancialInstrumentsNotSeparatelyReportedLoansReceivablePledgedAsCollateral' xlink:to='loc_PledgedFinancialInstrumentsNotSeparatelyReportedLoansReceivablePledgedForRepurchaseAgreements' xlink:type='arc' />
<link:calculationArc order='30' weight='1.0' xlink:arcrole='http://www.xbrl.org/2003/arcrole/summation-item' xlink:from='loc_PledgedFinancialInstrumentsNotSeparatelyReportedLoansReceivablePledgedAsCollateral' xlink:to='loc_PledgedFinancialInstrumentsNotSeparatelyReportedLoansReceivablePledgedForOtherArrangements' xlink:type='arc' />
<link:calculationArc order='10' weight='1.0' xlink:arcrole='http://www.xbrl.org/2003/arcrole/summation-item' xlink:from='loc_PledgedFinancialInstrumentsNotSeparatelyReportedSecuritiesPledged' xlink:to='loc_PledgedFinancialInstrumentsNotSeparatelyReportedMortgageRelatedSecuritiesHeldToMaturity' xlink:type='arc' />
<link:calculationArc order='20' weight='1.0' xlink:arcrole='http://www.xbrl.org/2003/arcrole/summation-item' xlink:from='loc_PledgedFinancialInstrumentsNotSeparatelyReportedSecuritiesPledged' xlink:to='loc_PledgedFinancialInstrumentsNotSeparatelyReportedMortgageRelatedSecuritiesAvailableForSaleOrHeldForInvestment' xlink:type='arc' />
<link:calculationArc order='30' weight='1.0' xlink:arcrole='http://www.xbrl.org/2003/arcrole/summation-item' xlink:from='loc_PledgedFinancialInstrumentsNotSeparatelyReportedSecuritiesPledged' xlink:to='loc_PledgedFinancialInstrumentsNotSeparatelyReportedOtherDebtSecuritiesHeldToMaturity' xlink:type='arc' />
<link:calculationArc order='40' weight='1.0' xlink:arcrole='http://www.xbrl.org/2003/arcrole/summation-item' xlink:from='loc_PledgedFinancialInstrumentsNotSeparatelyReportedSecuritiesPledged' xlink:to='loc_PledgedFinancialInstrumentsNotSeparatelyReportedOtherDebtSecuritiesAvailableForSaleOrHeldForInvestment' xlink:type='arc' />
<link:calculationArc order='10' weight='1.0' xlink:arcrole='http://www.xbrl.org/2003/arcrole/summation-item' xlink:from='loc_PrincipalAmountOutstandingOfLoansHeldInPortfolio' xlink:to='loc_PrincipalAmountOutstandingOnLoansManagedAndSecuritized' xlink:type='arc' />
<link:calculationArc order='20' weight='-1.0' xlink:arcrole='http://www.xbrl.org/2003/arcrole/summation-item' xlink:from='loc_PrincipalAmountOutstandingOfLoansHeldInPortfolio' xlink:to='loc_PrincipalAmountOutstandingOnLoansSecuritized' xlink:type='arc' />
<link:calculationArc order='30' weight='-1.0' xlink:arcrole='http://www.xbrl.org/2003/arcrole/summation-item' xlink:from='loc_PrincipalAmountOutstandingOfLoansHeldInPortfolio' xlink:to='loc_PrincipalAmountOutstandingOnLoansHeldForSaleOrSecuritization' xlink:type='arc' />
<link:calculationArc order='10' weight='1.0' xlink:arcrole='http://www.xbrl.org/2003/arcrole/summation-item' xlink:from='loc_SecuredBorrowingsGrossIncludingNotSubjectToMasterNettingArrangement' xlink:to='loc_FinancialAssetsSoldUnderAgreementsToRepurchaseGrossIncludingNotSubjectToMasterNettingArrangement' xlink:type='arc' />
<link:calculationArc order='20' weight='1.0' xlink:arcrole='http://www.xbrl.org/2003/arcrole/summation-item' xlink:from='loc_SecuredBorrowingsGrossIncludingNotSubjectToMasterNettingArrangement' xlink:to='loc_SecuritiesLoanedIncludingNotSubjectToMasterNettingArrangementAndAssetsOtherThanSecuritiesTransferred' xlink:type='arc' />
<link:calculationArc order='10' weight='1.0' xlink:arcrole='http://www.xbrl.org/2003/arcrole/summation-item' xlink:from='loc_SecurityOwnedAndPledgedAsCollateralFairValue' xlink:to='loc_FinancialInstrumentsOwnedAndPledgedAsCollateralAmountEligibleToBeRepledgedByCounterparty' xlink:type='arc' />
<link:calculationArc order='20' weight='1.0' xlink:arcrole='http://www.xbrl.org/2003/arcrole/summation-item' xlink:from='loc_SecurityOwnedAndPledgedAsCollateralFairValue' xlink:to='loc_FinancialInstrumentsOwnedAndPledgedAsCollateralAmountNotEligibleToBeRepledgedByCounterparty' xlink:type='arc' />
<link:calculationArc order='10' weight='1.0' xlink:arcrole='http://www.xbrl.org/2003/arcrole/summation-item' xlink:from='loc_ServicingAssetAtAmortizedValuePeriodIncreaseDecrease' xlink:to='loc_ServicingAssetAtAmortizedValueAdditions' xlink:type='arc' />
<link:calculationArc order='20' weight='-1.0' xlink:arcrole='http://www.xbrl.org/2003/arcrole/summation-item' xlink:from='loc_ServicingAssetAtAmortizedValuePeriodIncreaseDecrease' xlink:to='loc_ServicingAssetAtAmortizedValueDisposals' xlink:type='arc' />
<link:calculationArc order='30' weight='-1.0' xlink:arcrole='http://www.xbrl.org/2003/arcrole/summation-item' xlink:from='loc_ServicingAssetAtAmortizedValuePeriodIncreaseDecrease' xlink:to='loc_ServicingAssetAtAmortizedValueAmortization1' xlink:type='arc' />
<link:calculationArc order='40' weight='1.0' xlink:arcrole='http://www.xbrl.org/2003/arcrole/summation-item' xlink:from='loc_ServicingAssetAtAmortizedValuePeriodIncreaseDecrease' xlink:to='loc_ServicingAssetAtAmortizedValueValuationAllowance' xlink:type='arc' />
<link:calculationArc order='50' weight='-1.0' xlink:arcrole='http://www.xbrl.org/2003/arcrole/summation-item' xlink:from='loc_ServicingAssetAtAmortizedValuePeriodIncreaseDecrease' xlink:to='loc_ServicingAssetAtAmortizedCostOtherThanTemporaryImpairments' xlink:type='arc' />
<link:calculationArc order='60' weight='1.0' xlink:arcrole='http://www.xbrl.org/2003/arcrole/summation-item' xlink:from='loc_ServicingAssetAtAmortizedValuePeriodIncreaseDecrease' xlink:to='loc_ServicingAssetAtAmortizedValueOtherChangesThatAffectBalanceAmount' xlink:type='arc' />
<link:calculationArc order='10' weight='1.0' xlink:arcrole='http://www.xbrl.org/2003/arcrole/summation-item' xlink:from='loc_ServicingAssetAtFairValuePeriodIncreaseDecrease' xlink:to='loc_ServicingAssetAtFairValueAdditions' xlink:type='arc' />
<link:calculationArc order='20' weight='-1.0' xlink:arcrole='http://www.xbrl.org/2003/arcrole/summation-item' xlink:from='loc_ServicingAssetAtFairValuePeriodIncreaseDecrease' xlink:to='loc_ServicingAssetAtFairValueDisposals' xlink:type='arc' />
<link:calculationArc order='30' weight='1.0' xlink:arcrole='http://www.xbrl.org/2003/arcrole/summation-item' xlink:from='loc_ServicingAssetAtFairValuePeriodIncreaseDecrease' xlink:to='loc_ServicingAssetAtFairValueChangesInFairValueResultingFromChangesInValuationInputsOrChangesInAssumptions' xlink:type='arc' />
<link:calculationArc order='10' weight='1.0' xlink:arcrole='http://www.xbrl.org/2003/arcrole/summation-item' xlink:from='loc_ServicingAssetAtFairValueChangesInFairValueResultingFromChangesInValuationInputsOrChangesInAssumptions' xlink:to='loc_ServicingAssetAtFairValueChangesInFairValueResultingFromChangesInValuationInputs' xlink:type='arc' />
<link:calculationArc order='20' weight='1.0' xlink:arcrole='http://www.xbrl.org/2003/arcrole/summation-item' xlink:from='loc_ServicingAssetAtFairValueChangesInFairValueResultingFromChangesInValuationInputsOrChangesInAssumptions' xlink:to='loc_AssetAtFairValueChangesInFairValueResultingFromChangesInAssumptions' xlink:type='arc' />
<link:calculationArc order='40' weight='1.0' xlink:arcrole='http://www.xbrl.org/2003/arcrole/summation-item' xlink:from='loc_ServicingAssetAtFairValuePeriodIncreaseDecrease' xlink:to='loc_ServicingAssetAtFairValueOtherChangesInFairValue' xlink:type='arc' />
<link:calculationArc order='50' weight='1.0' xlink:arcrole='http://www.xbrl.org/2003/arcrole/summation-item' xlink:from='loc_ServicingAssetAtFairValuePeriodIncreaseDecrease' xlink:to='loc_ServicingAssetAtFairValueOtherChangesThatAffectBalance' xlink:type='arc' />
<link:calculationArc order='10' weight='1.0' xlink:arcrole='http://www.xbrl.org/2003/arcrole/summation-item' xlink:from='loc_ServicingLiabilityAtAmortizedValuePeriodIncreaseDecrease' xlink:to='loc_ServicingLiabilityAtAmortizedValueAdditions' xlink:type='arc' />
<link:calculationArc order='20' weight='-1.0' xlink:arcrole='http://www.xbrl.org/2003/arcrole/summation-item' xlink:from='loc_ServicingLiabilityAtAmortizedValuePeriodIncreaseDecrease' xlink:to='loc_ServicingLiabilityAtAmortizedValueDisposals' xlink:type='arc' />
<link:calculationArc order='30' weight='-1.0' xlink:arcrole='http://www.xbrl.org/2003/arcrole/summation-item' xlink:from='loc_ServicingLiabilityAtAmortizedValuePeriodIncreaseDecrease' xlink:to='loc_ServicingLiabilityAtAmortizedCostAmortization' xlink:type='arc' />
<link:calculationArc order='40' weight='1.0' xlink:arcrole='http://www.xbrl.org/2003/arcrole/summation-item' xlink:from='loc_ServicingLiabilityAtAmortizedValuePeriodIncreaseDecrease' xlink:to='loc_ServicingLiabilityAtAmortizedCostOtherIncreaseDecreaseInObligation' xlink:type='arc' />
<link:calculationArc order='10' weight='1.0' xlink:arcrole='http://www.xbrl.org/2003/arcrole/summation-item' xlink:from='loc_ServicingLiabilityAtFairValuePeriodIncreaseDecrease' xlink:to='loc_ServicingLiabilityAtFairValueAdditions' xlink:type='arc' />
<link:calculationArc order='20' weight='-1.0' xlink:arcrole='http://www.xbrl.org/2003/arcrole/summation-item' xlink:from='loc_ServicingLiabilityAtFairValuePeriodIncreaseDecrease' xlink:to='loc_ServicingLiabilityAtFairValueDisposals' xlink:type='arc' />
<link:calculationArc order='30' weight='1.0' xlink:arcrole='http://www.xbrl.org/2003/arcrole/summation-item' xlink:from='loc_ServicingLiabilityAtFairValuePeriodIncreaseDecrease' xlink:to='loc_ServicingLiabilityAtFairValueChangesInFairValueResultingFromChangesInValuationInputsOrChangesInAssumptions' xlink:type='arc' />
<link:calculationArc order='40' weight='1.0' xlink:arcrole='http://www.xbrl.org/2003/arcrole/summation-item' xlink:from='loc_ServicingLiabilityAtFairValuePeriodIncreaseDecrease' xlink:to='loc_ServicingLiabilityAtFairValueOtherChangesInFairValue' xlink:type='arc' />
<link:calculationArc order='50' weight='1.0' xlink:arcrole='http://www.xbrl.org/2003/arcrole/summation-item' xlink:from='loc_ServicingLiabilityAtFairValuePeriodIncreaseDecrease' xlink:to='loc_ServicingLiabilityAtFairValueOtherChangesThatAffectBalance' xlink:type='arc' />
<link:calculationArc order='10' weight='1.0' xlink:arcrole='http://www.xbrl.org/2003/arcrole/summation-item' xlink:from='loc_ValuationAllowanceForImpairmentOfRecognizedServicingAssetsPeriodIncreaseDecrease' xlink:to='loc_ValuationAllowanceForImpairmentOfRecognizedServicingAssetsProvisionsRecoveries' xlink:type='arc' />
<link:calculationArc order='10' weight='1.0' xlink:arcrole='http://www.xbrl.org/2003/arcrole/summation-item' xlink:from='loc_ValuationAllowanceForImpairmentOfRecognizedServicingAssetsProvisionsRecoveries' xlink:to='loc_ValuationAllowanceForImpairmentOfRecognizedServicingAssetsProvisions' xlink:type='arc' />
<link:calculationArc order='20' weight='-1.0' xlink:arcrole='http://www.xbrl.org/2003/arcrole/summation-item' xlink:from='loc_ValuationAllowanceForImpairmentOfRecognizedServicingAssetsProvisionsRecoveries' xlink:to='loc_ValuationAllowanceForImpairmentOfRecognizedServicingAssetsRecoveries' xlink:type='arc' />
<link:calculationArc order='20' weight='-1.0' xlink:arcrole='http://www.xbrl.org/2003/arcrole/summation-item' xlink:from='loc_ValuationAllowanceForImpairmentOfRecognizedServicingAssetsPeriodIncreaseDecrease' xlink:to='loc_ValuationAllowanceForImpairmentOfRecognizedServicingAssetsAggregateWriteDowns' xlink:type='arc' />
<link:calculationArc order='30' weight='-1.0' xlink:arcrole='http://www.xbrl.org/2003/arcrole/summation-item' xlink:from='loc_ValuationAllowanceForImpairmentOfRecognizedServicingAssetsPeriodIncreaseDecrease' xlink:to='loc_ValuationAllowanceForImpairmentOfRecognizedServicingAssetsSalesAndDisposals' xlink:type='arc' />
<link:calculationArc order='10' weight='1.0' xlink:arcrole='http://www.xbrl.org/2003/arcrole/summation-item' xlink:from='loc_ValuationAllowanceForImpairmentOfRecognizedServicingAssetsSalesAndDisposals' xlink:to='loc_ValuationAllowanceForImpairmentOfRecognizedServicingAssetsSales' xlink:type='arc' />
<link:calculationArc order='20' weight='1.0' xlink:arcrole='http://www.xbrl.org/2003/arcrole/summation-item' xlink:from='loc_ValuationAllowanceForImpairmentOfRecognizedServicingAssetsSalesAndDisposals' xlink:to='loc_ValuationAllowanceForImpairmentOfRecognizedServicingAssetsDisposals' xlink:type='arc' />
</link:calculationLink>
</link:linkbase>
