<?xml version='1.0' encoding='UTF-8'?>

<!--
(c) XBRL US, Inc. 2007-2010; Financial Accounting Foundation, Inc. 2010-2016.  All Rights Reserved.
Notice: Authorized Uses are Set Forth at http://xbrl.fasb.org/terms/TaxonomiesTermsConditions.html
  -->
<link:linkbase xmlns:link='http://www.xbrl.org/2003/linkbase' xmlns:xbrldt='http://xbrl.org/2005/xbrldt' xmlns:xlink='http://www.w3.org/1999/xlink' xmlns:xsi='http://www.w3.org/2001/XMLSchema-instance' xsi:schemaLocation='http://www.xbrl.org/2003/linkbase http://www.xbrl.org/2003/xbrl-linkbase-2003-12-31.xsd'>
<link:roleRef roleURI='http://fasb.org/us-gaap/role/disclosure/SECScheduleArticle12-28RealEstateAndAccumulatedDepreciation' xlink:href='../elts/us-roles-2016-01-31.xsd#sec-re' xlink:type='simple' />
<link:presentationLink xlink:role='http://fasb.org/us-gaap/role/disclosure/SECScheduleArticle12-28RealEstateAndAccumulatedDepreciation' xlink:type='extended'>
<link:loc xlink:href='../elts/us-gaap-2016-01-31.xsd#us-gaap_StatementGeographicalAxis' xlink:label='loc_StatementGeographicalAxis' xlink:type='locator' />
<link:loc xlink:href='../elts/us-gaap-2016-01-31.xsd#us-gaap_SegmentGeographicalDomain' xlink:label='loc_SegmentGeographicalDomain' xlink:type='locator' />
<link:loc xlink:href='../elts/us-gaap-2016-01-31.xsd#us-gaap_RealEstateAndAccumulatedDepreciationDescriptionOfPropertyAxis' xlink:label='loc_RealEstateAndAccumulatedDepreciationDescriptionOfPropertyAxis' xlink:type='locator' />
<link:loc xlink:href='../elts/us-gaap-2016-01-31.xsd#us-gaap_RealEstateAndAccumulatedDepreciationNameOfPropertyDomain' xlink:label='loc_RealEstateAndAccumulatedDepreciationNameOfPropertyDomain' xlink:type='locator' />
<link:loc xlink:href='../elts/us-gaap-2016-01-31.xsd#us-gaap_MortgageLoansOnRealEstateNamePropertyTypeDomain' xlink:label='loc_MortgageLoansOnRealEstateNamePropertyTypeDomain' xlink:type='locator' />
<link:loc xlink:href='../elts/us-gaap-2016-01-31.xsd#us-gaap_ApartmentBuildingMember' xlink:label='loc_ApartmentBuildingMember' xlink:type='locator' />
<link:loc xlink:href='../elts/us-gaap-2016-01-31.xsd#us-gaap_RetailSiteMember' xlink:label='loc_RetailSiteMember' xlink:type='locator' />
<link:loc xlink:href='../elts/us-gaap-2016-01-31.xsd#us-gaap_WarehouseMember' xlink:label='loc_WarehouseMember' xlink:type='locator' />
<link:loc xlink:href='../elts/us-gaap-2016-01-31.xsd#us-gaap_IndustrialPropertyMember' xlink:label='loc_IndustrialPropertyMember' xlink:type='locator' />
<link:loc xlink:href='../elts/us-gaap-2016-01-31.xsd#us-gaap_OfficeBuildingMember' xlink:label='loc_OfficeBuildingMember' xlink:type='locator' />
<link:loc xlink:href='../elts/us-gaap-2016-01-31.xsd#us-gaap_HotelMember' xlink:label='loc_HotelMember' xlink:type='locator' />
<link:loc xlink:href='../elts/us-gaap-2016-01-31.xsd#us-gaap_OtherPropertyMember' xlink:label='loc_OtherPropertyMember' xlink:type='locator' />
<link:loc xlink:href='../elts/us-gaap-2016-01-31.xsd#us-gaap_MultifamilyMember' xlink:label='loc_MultifamilyMember' xlink:type='locator' />
<link:loc xlink:href='../elts/us-gaap-2016-01-31.xsd#us-gaap_SingleFamilyMember' xlink:label='loc_SingleFamilyMember' xlink:type='locator' />
<link:loc xlink:href='../elts/us-gaap-2016-01-31.xsd#us-gaap_MortgageLoansOnRealEstateDescriptionTypeOfPropertyAxis' xlink:label='loc_MortgageLoansOnRealEstateDescriptionTypeOfPropertyAxis' xlink:type='locator' />
<link:loc xlink:href='../elts/us-gaap-2016-01-31.xsd#us-gaap_SECScheduleIIIRealEstateAndAccumulatedDepreciationCostsCapitalizedSubsequentToAcquisitionAbstract' xlink:label='loc_SECScheduleIIIRealEstateAndAccumulatedDepreciationCostsCapitalizedSubsequentToAcquisitionAbstract' xlink:type='locator' />
<link:loc xlink:href='../elts/us-gaap-2016-01-31.xsd#us-gaap_SECScheduleIIIRealEstateAndAccumulatedDepreciationCostsCapitalizedSubsequentToAcquisitionImprovementsAbstract' xlink:label='loc_SECScheduleIIIRealEstateAndAccumulatedDepreciationCostsCapitalizedSubsequentToAcquisitionImprovementsAbstract' xlink:type='locator' />
<link:loc xlink:href='../elts/us-gaap-2016-01-31.xsd#us-gaap_RealEstateAndAccumulatedDepreciationCostsCapitalizedSubsequentToAcquisitionCarryingCosts' xlink:label='loc_RealEstateAndAccumulatedDepreciationCostsCapitalizedSubsequentToAcquisitionCarryingCosts' xlink:type='locator' />
<link:loc xlink:href='../elts/us-gaap-2016-01-31.xsd#us-gaap_SECScheduleIIIRealEstateInvestmentPropertyNetAbstract' xlink:label='loc_SECScheduleIIIRealEstateInvestmentPropertyNetAbstract' xlink:type='locator' />
<link:loc xlink:href='../elts/us-gaap-2016-01-31.xsd#us-gaap_RealEstateAndAccumulatedDepreciationCarryingAmountOfLandAndBuildingsAndImprovementsAbstract' xlink:label='loc_RealEstateAndAccumulatedDepreciationCarryingAmountOfLandAndBuildingsAndImprovementsAbstract' xlink:type='locator' />
<link:loc xlink:href='../elts/us-gaap-2016-01-31.xsd#us-gaap_RealEstateAccumulatedDepreciation' xlink:label='loc_RealEstateAccumulatedDepreciation' xlink:type='locator' />
<link:loc xlink:href='../elts/us-gaap-2016-01-31.xsd#us-gaap_SECScheduleIIIRealEstateInvestmentPropertyNet' xlink:label='loc_SECScheduleIIIRealEstateInvestmentPropertyNet' xlink:type='locator' />
<link:loc xlink:href='../elts/us-gaap-2016-01-31.xsd#us-gaap_RealEstateAndAccumulatedDepreciationDisclosureAbstract' xlink:label='loc_RealEstateAndAccumulatedDepreciationDisclosureAbstract' xlink:type='locator' />
<link:loc xlink:href='../elts/us-gaap-2016-01-31.xsd#us-gaap_RealEstateAndAccumulatedDepreciationDisclosureTextBlock' xlink:label='loc_RealEstateAndAccumulatedDepreciationDisclosureTextBlock' xlink:type='locator' />
<link:loc xlink:href='../elts/us-gaap-2016-01-31.xsd#us-gaap_ReconciliationOfCarryingAmountOfRealEstateInvestmentsRollForward' xlink:label='loc_ReconciliationOfCarryingAmountOfRealEstateInvestmentsRollForward' xlink:type='locator' />
<link:loc xlink:href='../elts/us-gaap-2016-01-31.xsd#us-gaap_ReconciliationOfRealEstateAccumulatedDepreciationRollForward' xlink:label='loc_ReconciliationOfRealEstateAccumulatedDepreciationRollForward' xlink:type='locator' />
<link:loc xlink:href='../elts/us-gaap-2016-01-31.xsd#us-gaap_RealEstateAndAccumulatedDepreciationOtherRequiredDisclosuresAbstract' xlink:label='loc_RealEstateAndAccumulatedDepreciationOtherRequiredDisclosuresAbstract' xlink:type='locator' />
<link:loc xlink:href='../elts/us-gaap-2016-01-31.xsd#us-gaap_RealEstateAndAccumulatedDepreciationByPropertyTable' xlink:label='loc_RealEstateAndAccumulatedDepreciationByPropertyTable' xlink:type='locator' />
<link:loc xlink:href='../elts/us-gaap-2016-01-31.xsd#us-gaap_RealEstateAndAccumulatedDepreciationLineItems' xlink:label='loc_RealEstateAndAccumulatedDepreciationLineItems' xlink:type='locator' />
<link:loc xlink:href='../elts/us-gaap-2016-01-31.xsd#us-gaap_RealEstateAndAccumulatedDepreciationAmountOfEncumbrances' xlink:label='loc_RealEstateAndAccumulatedDepreciationAmountOfEncumbrances' xlink:type='locator' />
<link:loc xlink:href='../elts/us-gaap-2016-01-31.xsd#us-gaap_RealEstateAndAccumulatedDepreciationInitialCostAbstract' xlink:label='loc_RealEstateAndAccumulatedDepreciationInitialCostAbstract' xlink:type='locator' />
<link:loc xlink:href='../elts/us-gaap-2016-01-31.xsd#us-gaap_RealEstateAndAccumulatedDepreciationDateOfConstruction1' xlink:label='loc_RealEstateAndAccumulatedDepreciationDateOfConstruction1' xlink:type='locator' />
<link:loc xlink:href='../elts/us-gaap-2016-01-31.xsd#us-gaap_RealEstateAndAccumulatedDepreciationDateAcquired1' xlink:label='loc_RealEstateAndAccumulatedDepreciationDateAcquired1' xlink:type='locator' />
<link:loc xlink:href='../elts/us-gaap-2016-01-31.xsd#us-gaap_RealEstateAndAccumulatedDepreciationLifeUsedForDepreciation1' xlink:label='loc_RealEstateAndAccumulatedDepreciationLifeUsedForDepreciation1' xlink:type='locator' />
<link:loc xlink:href='../elts/us-gaap-2016-01-31.xsd#us-gaap_SECScheduleIIIRealEstateNumberOfUnits' xlink:label='loc_SECScheduleIIIRealEstateNumberOfUnits' xlink:type='locator' />
<link:loc xlink:href='../elts/us-gaap-2016-01-31.xsd#us-gaap_SECScheduleIIIRealEstateAndAccumulatedDepreciationCostsCapitalizedSubsequentToAcquisitionLand' xlink:label='loc_SECScheduleIIIRealEstateAndAccumulatedDepreciationCostsCapitalizedSubsequentToAcquisitionLand' xlink:type='locator' />
<link:loc xlink:href='../elts/us-gaap-2016-01-31.xsd#us-gaap_SECScheduleIIIRealEstateAndAccumulatedDepreciationCostsCapitalizedSubsequentToAcquisitionBuildingsAndImprovements' xlink:label='loc_SECScheduleIIIRealEstateAndAccumulatedDepreciationCostsCapitalizedSubsequentToAcquisitionBuildingsAndImprovements' xlink:type='locator' />
<link:loc xlink:href='../elts/us-gaap-2016-01-31.xsd#us-gaap_RealEstateAndAccumulatedDepreciationCostsCapitalizedSubsequentToAcquisitionImprovements' xlink:label='loc_RealEstateAndAccumulatedDepreciationCostsCapitalizedSubsequentToAcquisitionImprovements' xlink:type='locator' />
<link:loc xlink:href='../elts/us-gaap-2016-01-31.xsd#us-gaap_RealEstateAndAccumulatedDepreciationInitialCostOfLand' xlink:label='loc_RealEstateAndAccumulatedDepreciationInitialCostOfLand' xlink:type='locator' />
<link:loc xlink:href='../elts/us-gaap-2016-01-31.xsd#us-gaap_RealEstateAndAccumulatedDepreciationInitialCostOfBuildingsAndImprovements' xlink:label='loc_RealEstateAndAccumulatedDepreciationInitialCostOfBuildingsAndImprovements' xlink:type='locator' />
<link:loc xlink:href='../elts/us-gaap-2016-01-31.xsd#us-gaap_RealEstateIntercompanyProfitsIncludedInCarryingAmount' xlink:label='loc_RealEstateIntercompanyProfitsIncludedInCarryingAmount' xlink:type='locator' />
<link:loc xlink:href='../elts/us-gaap-2016-01-31.xsd#us-gaap_RealEstateFederalIncomeTaxBasis' xlink:label='loc_RealEstateFederalIncomeTaxBasis' xlink:type='locator' />
<link:loc xlink:href='../elts/us-gaap-2016-01-31.xsd#us-gaap_RealEstateOtherDisclosures' xlink:label='loc_RealEstateOtherDisclosures' xlink:type='locator' />
<link:loc xlink:href='../elts/us-gaap-2016-01-31.xsd#us-gaap_SECScheduleIIIRealEstateTransactionsWithAffiliatesDisclosure' xlink:label='loc_SECScheduleIIIRealEstateTransactionsWithAffiliatesDisclosure' xlink:type='locator' />
<link:loc xlink:href='../elts/us-gaap-2016-01-31.xsd#us-gaap_RealEstateWriteDownOrReserveTable' xlink:label='loc_RealEstateWriteDownOrReserveTable' xlink:type='locator' />
<link:loc xlink:href='../elts/us-gaap-2016-01-31.xsd#us-gaap_RealEstateAndAccumulatedDepreciationCarryingAmountOfLand' xlink:label='loc_RealEstateAndAccumulatedDepreciationCarryingAmountOfLand' xlink:type='locator' />
<link:loc xlink:href='../elts/us-gaap-2016-01-31.xsd#us-gaap_RealEstateAndAccumulatedDepreciationCarryingAmountOfBuildingsAndImprovements' xlink:label='loc_RealEstateAndAccumulatedDepreciationCarryingAmountOfBuildingsAndImprovements' xlink:type='locator' />
<link:loc xlink:href='../elts/us-gaap-2016-01-31.xsd#us-gaap_RealEstateGrossAtCarryingValue' xlink:label='loc_RealEstateGrossAtCarryingValue' xlink:type='locator' />
<link:loc xlink:href='../elts/us-gaap-2016-01-31.xsd#us-gaap_RealEstateWriteDownOrReserveLineItems' xlink:label='loc_RealEstateWriteDownOrReserveLineItems' xlink:type='locator' />
<link:loc xlink:href='../elts/us-gaap-2016-01-31.xsd#us-gaap_RealEstateWriteDownOrReserveBasis' xlink:label='loc_RealEstateWriteDownOrReserveBasis' xlink:type='locator' />
<link:loc xlink:href='../elts/us-gaap-2016-01-31.xsd#us-gaap_SECScheduleIIIRealEstateWritedownOrReserveAmount' xlink:label='loc_SECScheduleIIIRealEstateWritedownOrReserveAmount' xlink:type='locator' />
<link:loc xlink:href='../elts/us-gaap-2016-01-31.xsd#us-gaap_RealEstateAcquisitionsThroughForeclosures' xlink:label='loc_RealEstateAcquisitionsThroughForeclosures' xlink:type='locator' />
<link:loc xlink:href='../elts/us-gaap-2016-01-31.xsd#us-gaap_RealEstateOtherAcquisitions' xlink:label='loc_RealEstateOtherAcquisitions' xlink:type='locator' />
<link:loc xlink:href='../elts/us-gaap-2016-01-31.xsd#us-gaap_RealEstateImprovements' xlink:label='loc_RealEstateImprovements' xlink:type='locator' />
<link:loc xlink:href='../elts/us-gaap-2016-01-31.xsd#us-gaap_RealEstateOtherAdditions' xlink:label='loc_RealEstateOtherAdditions' xlink:type='locator' />
<link:loc xlink:href='../elts/us-gaap-2016-01-31.xsd#us-gaap_RealEstateCostOfRealEstateSold' xlink:label='loc_RealEstateCostOfRealEstateSold' xlink:type='locator' />
<link:loc xlink:href='../elts/us-gaap-2016-01-31.xsd#us-gaap_RealEstateOtherDeductions' xlink:label='loc_RealEstateOtherDeductions' xlink:type='locator' />
<link:loc xlink:href='../elts/us-gaap-2016-01-31.xsd#us-gaap_RealEstatePeriodIncreaseDecrease' xlink:label='loc_RealEstatePeriodIncreaseDecrease' xlink:type='locator' />
<link:loc xlink:href='../elts/us-gaap-2016-01-31.xsd#us-gaap_RealEstateGrossAtCarryingValue' xlink:label='loc_RealEstateGrossAtCarryingValue_1' xlink:type='locator' />
<link:loc xlink:href='../elts/us-gaap-2016-01-31.xsd#us-gaap_SECScheduleIIIRealEstateAccumulatedDepreciationDepreciationExpense' xlink:label='loc_SECScheduleIIIRealEstateAccumulatedDepreciationDepreciationExpense' xlink:type='locator' />
<link:loc xlink:href='../elts/us-gaap-2016-01-31.xsd#us-gaap_RealEstateAccumulatedDepreciationOtherAdditions' xlink:label='loc_RealEstateAccumulatedDepreciationOtherAdditions' xlink:type='locator' />
<link:loc xlink:href='../elts/us-gaap-2016-01-31.xsd#us-gaap_RealEstateAccumulatedDepreciationRealEstateSold' xlink:label='loc_RealEstateAccumulatedDepreciationRealEstateSold' xlink:type='locator' />
<link:loc xlink:href='../elts/us-gaap-2016-01-31.xsd#us-gaap_RealEstateAccumulatedDepreciationOtherDeductions' xlink:label='loc_RealEstateAccumulatedDepreciationOtherDeductions' xlink:type='locator' />
<link:loc xlink:href='../elts/us-gaap-2016-01-31.xsd#us-gaap_RealEstateAccumulatedDepreciationPeriodIncreaseDecrease' xlink:label='loc_RealEstateAccumulatedDepreciationPeriodIncreaseDecrease' xlink:type='locator' />
<link:loc xlink:href='../elts/us-gaap-2016-01-31.xsd#us-gaap_RealEstateAccumulatedDepreciation' xlink:label='loc_RealEstateAccumulatedDepreciation_1' xlink:type='locator' />
<link:presentationArc order='10' xlink:arcrole='http://www.xbrl.org/2003/arcrole/parent-child' xlink:from='loc_StatementGeographicalAxis' xlink:to='loc_SegmentGeographicalDomain' xlink:type='arc' />
<link:presentationArc order='10' use='optional' xlink:arcrole='http://www.xbrl.org/2003/arcrole/parent-child' xlink:from='loc_RealEstateAndAccumulatedDepreciationDescriptionOfPropertyAxis' xlink:to='loc_RealEstateAndAccumulatedDepreciationNameOfPropertyDomain' xlink:type='arc' />
<link:presentationArc order='10' xlink:arcrole='http://www.xbrl.org/2003/arcrole/parent-child' xlink:from='loc_MortgageLoansOnRealEstateNamePropertyTypeDomain' xlink:to='loc_ApartmentBuildingMember' xlink:type='arc' />
<link:presentationArc order='20' xlink:arcrole='http://www.xbrl.org/2003/arcrole/parent-child' xlink:from='loc_MortgageLoansOnRealEstateNamePropertyTypeDomain' xlink:to='loc_RetailSiteMember' xlink:type='arc' />
<link:presentationArc order='30' xlink:arcrole='http://www.xbrl.org/2003/arcrole/parent-child' xlink:from='loc_MortgageLoansOnRealEstateNamePropertyTypeDomain' xlink:to='loc_WarehouseMember' xlink:type='arc' />
<link:presentationArc order='40' xlink:arcrole='http://www.xbrl.org/2003/arcrole/parent-child' xlink:from='loc_MortgageLoansOnRealEstateNamePropertyTypeDomain' xlink:to='loc_IndustrialPropertyMember' xlink:type='arc' />
<link:presentationArc order='50' xlink:arcrole='http://www.xbrl.org/2003/arcrole/parent-child' xlink:from='loc_MortgageLoansOnRealEstateNamePropertyTypeDomain' xlink:to='loc_OfficeBuildingMember' xlink:type='arc' />
<link:presentationArc order='60' xlink:arcrole='http://www.xbrl.org/2003/arcrole/parent-child' xlink:from='loc_MortgageLoansOnRealEstateNamePropertyTypeDomain' xlink:to='loc_HotelMember' xlink:type='arc' />
<link:presentationArc order='70' xlink:arcrole='http://www.xbrl.org/2003/arcrole/parent-child' xlink:from='loc_MortgageLoansOnRealEstateNamePropertyTypeDomain' xlink:to='loc_OtherPropertyMember' xlink:type='arc' />
<link:presentationArc order='80' xlink:arcrole='http://www.xbrl.org/2003/arcrole/parent-child' xlink:from='loc_MortgageLoansOnRealEstateNamePropertyTypeDomain' xlink:to='loc_MultifamilyMember' xlink:type='arc' />
<link:presentationArc order='90' xlink:arcrole='http://www.xbrl.org/2003/arcrole/parent-child' xlink:from='loc_MortgageLoansOnRealEstateNamePropertyTypeDomain' xlink:to='loc_SingleFamilyMember' xlink:type='arc' />
<link:presentationArc order='10' xlink:arcrole='http://www.xbrl.org/2003/arcrole/parent-child' xlink:from='loc_MortgageLoansOnRealEstateDescriptionTypeOfPropertyAxis' xlink:to='loc_MortgageLoansOnRealEstateNamePropertyTypeDomain' xlink:type='arc' />
<link:presentationArc order='10' xlink:arcrole='http://www.xbrl.org/2003/arcrole/parent-child' xlink:from='loc_SECScheduleIIIRealEstateAndAccumulatedDepreciationCostsCapitalizedSubsequentToAcquisitionAbstract' xlink:to='loc_SECScheduleIIIRealEstateAndAccumulatedDepreciationCostsCapitalizedSubsequentToAcquisitionImprovementsAbstract' xlink:type='arc' />
<link:presentationArc order='20' xlink:arcrole='http://www.xbrl.org/2003/arcrole/parent-child' xlink:from='loc_SECScheduleIIIRealEstateAndAccumulatedDepreciationCostsCapitalizedSubsequentToAcquisitionAbstract' xlink:to='loc_RealEstateAndAccumulatedDepreciationCostsCapitalizedSubsequentToAcquisitionCarryingCosts' xlink:type='arc' />
<link:presentationArc order='10' xlink:arcrole='http://www.xbrl.org/2003/arcrole/parent-child' xlink:from='loc_SECScheduleIIIRealEstateInvestmentPropertyNetAbstract' xlink:to='loc_RealEstateAndAccumulatedDepreciationCarryingAmountOfLandAndBuildingsAndImprovementsAbstract' xlink:type='arc' />
<link:presentationArc order='20' xlink:arcrole='http://www.xbrl.org/2003/arcrole/parent-child' xlink:from='loc_SECScheduleIIIRealEstateInvestmentPropertyNetAbstract' xlink:to='loc_RealEstateAccumulatedDepreciation' xlink:type='arc' />
<link:presentationArc order='30' preferredLabel='http://www.xbrl.org/2003/role/totalLabel' xlink:arcrole='http://www.xbrl.org/2003/arcrole/parent-child' xlink:from='loc_SECScheduleIIIRealEstateInvestmentPropertyNetAbstract' xlink:to='loc_SECScheduleIIIRealEstateInvestmentPropertyNet' xlink:type='arc' />
<link:presentationArc order='10' xlink:arcrole='http://www.xbrl.org/2003/arcrole/parent-child' xlink:from='loc_RealEstateAndAccumulatedDepreciationDisclosureAbstract' xlink:to='loc_RealEstateAndAccumulatedDepreciationDisclosureTextBlock' xlink:type='arc' />
<link:presentationArc order='10' xlink:arcrole='http://www.xbrl.org/2003/arcrole/parent-child' xlink:from='loc_RealEstateAndAccumulatedDepreciationDisclosureTextBlock' xlink:to='loc_ReconciliationOfCarryingAmountOfRealEstateInvestmentsRollForward' xlink:type='arc' />
<link:presentationArc order='20' xlink:arcrole='http://www.xbrl.org/2003/arcrole/parent-child' xlink:from='loc_RealEstateAndAccumulatedDepreciationDisclosureTextBlock' xlink:to='loc_ReconciliationOfRealEstateAccumulatedDepreciationRollForward' xlink:type='arc' />
<link:presentationArc order='30' xlink:arcrole='http://www.xbrl.org/2003/arcrole/parent-child' xlink:from='loc_RealEstateAndAccumulatedDepreciationDisclosureTextBlock' xlink:to='loc_RealEstateAndAccumulatedDepreciationOtherRequiredDisclosuresAbstract' xlink:type='arc' />
<link:presentationArc order='40' xlink:arcrole='http://www.xbrl.org/2003/arcrole/parent-child' xlink:from='loc_RealEstateAndAccumulatedDepreciationDisclosureTextBlock' xlink:to='loc_RealEstateAndAccumulatedDepreciationByPropertyTable' xlink:type='arc' />
<link:presentationArc order='10' xlink:arcrole='http://www.xbrl.org/2003/arcrole/parent-child' xlink:from='loc_RealEstateAndAccumulatedDepreciationLineItems' xlink:to='loc_RealEstateAndAccumulatedDepreciationAmountOfEncumbrances' xlink:type='arc' />
<link:presentationArc order='20' xlink:arcrole='http://www.xbrl.org/2003/arcrole/parent-child' xlink:from='loc_RealEstateAndAccumulatedDepreciationLineItems' xlink:to='loc_RealEstateAndAccumulatedDepreciationInitialCostAbstract' xlink:type='arc' />
<link:presentationArc order='30' xlink:arcrole='http://www.xbrl.org/2003/arcrole/parent-child' xlink:from='loc_RealEstateAndAccumulatedDepreciationLineItems' xlink:to='loc_SECScheduleIIIRealEstateAndAccumulatedDepreciationCostsCapitalizedSubsequentToAcquisitionAbstract' xlink:type='arc' />
<link:presentationArc order='40' xlink:arcrole='http://www.xbrl.org/2003/arcrole/parent-child' xlink:from='loc_RealEstateAndAccumulatedDepreciationLineItems' xlink:to='loc_SECScheduleIIIRealEstateInvestmentPropertyNetAbstract' xlink:type='arc' />
<link:presentationArc order='50' xlink:arcrole='http://www.xbrl.org/2003/arcrole/parent-child' xlink:from='loc_RealEstateAndAccumulatedDepreciationLineItems' xlink:to='loc_RealEstateAndAccumulatedDepreciationDateOfConstruction1' xlink:type='arc' />
<link:presentationArc order='60' xlink:arcrole='http://www.xbrl.org/2003/arcrole/parent-child' xlink:from='loc_RealEstateAndAccumulatedDepreciationLineItems' xlink:to='loc_RealEstateAndAccumulatedDepreciationDateAcquired1' xlink:type='arc' />
<link:presentationArc order='70' xlink:arcrole='http://www.xbrl.org/2003/arcrole/parent-child' xlink:from='loc_RealEstateAndAccumulatedDepreciationLineItems' xlink:to='loc_RealEstateAndAccumulatedDepreciationLifeUsedForDepreciation1' xlink:type='arc' />
<link:presentationArc order='80' xlink:arcrole='http://www.xbrl.org/2003/arcrole/parent-child' xlink:from='loc_RealEstateAndAccumulatedDepreciationLineItems' xlink:to='loc_SECScheduleIIIRealEstateNumberOfUnits' xlink:type='arc' />
<link:presentationArc order='10' xlink:arcrole='http://www.xbrl.org/2003/arcrole/parent-child' xlink:from='loc_SECScheduleIIIRealEstateAndAccumulatedDepreciationCostsCapitalizedSubsequentToAcquisitionImprovementsAbstract' xlink:to='loc_SECScheduleIIIRealEstateAndAccumulatedDepreciationCostsCapitalizedSubsequentToAcquisitionLand' xlink:type='arc' />
<link:presentationArc order='20' xlink:arcrole='http://www.xbrl.org/2003/arcrole/parent-child' xlink:from='loc_SECScheduleIIIRealEstateAndAccumulatedDepreciationCostsCapitalizedSubsequentToAcquisitionImprovementsAbstract' xlink:to='loc_SECScheduleIIIRealEstateAndAccumulatedDepreciationCostsCapitalizedSubsequentToAcquisitionBuildingsAndImprovements' xlink:type='arc' />
<link:presentationArc order='30' preferredLabel='http://www.xbrl.org/2003/role/totalLabel' xlink:arcrole='http://www.xbrl.org/2003/arcrole/parent-child' xlink:from='loc_SECScheduleIIIRealEstateAndAccumulatedDepreciationCostsCapitalizedSubsequentToAcquisitionImprovementsAbstract' xlink:to='loc_RealEstateAndAccumulatedDepreciationCostsCapitalizedSubsequentToAcquisitionImprovements' xlink:type='arc' />
<link:presentationArc order='10' xlink:arcrole='http://www.xbrl.org/2003/arcrole/parent-child' xlink:from='loc_RealEstateAndAccumulatedDepreciationInitialCostAbstract' xlink:to='loc_RealEstateAndAccumulatedDepreciationInitialCostOfLand' xlink:type='arc' />
<link:presentationArc order='20' xlink:arcrole='http://www.xbrl.org/2003/arcrole/parent-child' xlink:from='loc_RealEstateAndAccumulatedDepreciationInitialCostAbstract' xlink:to='loc_RealEstateAndAccumulatedDepreciationInitialCostOfBuildingsAndImprovements' xlink:type='arc' />
<link:presentationArc order='10' xlink:arcrole='http://www.xbrl.org/2003/arcrole/parent-child' xlink:from='loc_RealEstateAndAccumulatedDepreciationOtherRequiredDisclosuresAbstract' xlink:to='loc_RealEstateIntercompanyProfitsIncludedInCarryingAmount' xlink:type='arc' />
<link:presentationArc order='20' xlink:arcrole='http://www.xbrl.org/2003/arcrole/parent-child' xlink:from='loc_RealEstateAndAccumulatedDepreciationOtherRequiredDisclosuresAbstract' xlink:to='loc_RealEstateFederalIncomeTaxBasis' xlink:type='arc' />
<link:presentationArc order='30' xlink:arcrole='http://www.xbrl.org/2003/arcrole/parent-child' xlink:from='loc_RealEstateAndAccumulatedDepreciationOtherRequiredDisclosuresAbstract' xlink:to='loc_RealEstateOtherDisclosures' xlink:type='arc' />
<link:presentationArc order='40' xlink:arcrole='http://www.xbrl.org/2003/arcrole/parent-child' xlink:from='loc_RealEstateAndAccumulatedDepreciationOtherRequiredDisclosuresAbstract' xlink:to='loc_SECScheduleIIIRealEstateTransactionsWithAffiliatesDisclosure' xlink:type='arc' />
<link:presentationArc order='50' xlink:arcrole='http://www.xbrl.org/2003/arcrole/parent-child' xlink:from='loc_RealEstateAndAccumulatedDepreciationOtherRequiredDisclosuresAbstract' xlink:to='loc_RealEstateWriteDownOrReserveTable' xlink:type='arc' />
<link:presentationArc order='10' xlink:arcrole='http://www.xbrl.org/2003/arcrole/parent-child' xlink:from='loc_RealEstateAndAccumulatedDepreciationByPropertyTable' xlink:to='loc_RealEstateAndAccumulatedDepreciationDescriptionOfPropertyAxis' xlink:type='arc' />
<link:presentationArc order='20' xlink:arcrole='http://www.xbrl.org/2003/arcrole/parent-child' xlink:from='loc_RealEstateAndAccumulatedDepreciationByPropertyTable' xlink:to='loc_StatementGeographicalAxis' xlink:type='arc' />
<link:presentationArc order='30' xlink:arcrole='http://www.xbrl.org/2003/arcrole/parent-child' xlink:from='loc_RealEstateAndAccumulatedDepreciationByPropertyTable' xlink:to='loc_MortgageLoansOnRealEstateDescriptionTypeOfPropertyAxis' xlink:type='arc' />
<link:presentationArc order='40' xlink:arcrole='http://www.xbrl.org/2003/arcrole/parent-child' xlink:from='loc_RealEstateAndAccumulatedDepreciationByPropertyTable' xlink:to='loc_RealEstateAndAccumulatedDepreciationLineItems' xlink:type='arc' />
<link:presentationArc order='10' xlink:arcrole='http://www.xbrl.org/2003/arcrole/parent-child' xlink:from='loc_RealEstateAndAccumulatedDepreciationCarryingAmountOfLandAndBuildingsAndImprovementsAbstract' xlink:to='loc_RealEstateAndAccumulatedDepreciationCarryingAmountOfLand' xlink:type='arc' />
<link:presentationArc order='20' xlink:arcrole='http://www.xbrl.org/2003/arcrole/parent-child' xlink:from='loc_RealEstateAndAccumulatedDepreciationCarryingAmountOfLandAndBuildingsAndImprovementsAbstract' xlink:to='loc_RealEstateAndAccumulatedDepreciationCarryingAmountOfBuildingsAndImprovements' xlink:type='arc' />
<link:presentationArc order='30' preferredLabel='http://www.xbrl.org/2003/role/totalLabel' xlink:arcrole='http://www.xbrl.org/2003/arcrole/parent-child' xlink:from='loc_RealEstateAndAccumulatedDepreciationCarryingAmountOfLandAndBuildingsAndImprovementsAbstract' xlink:to='loc_RealEstateGrossAtCarryingValue' xlink:type='arc' />
<link:presentationArc order='10' use='optional' xlink:arcrole='http://www.xbrl.org/2003/arcrole/parent-child' xlink:from='loc_RealEstateWriteDownOrReserveLineItems' xlink:to='loc_RealEstateWriteDownOrReserveBasis' xlink:type='arc' />
<link:presentationArc order='20' xlink:arcrole='http://www.xbrl.org/2003/arcrole/parent-child' xlink:from='loc_RealEstateWriteDownOrReserveLineItems' xlink:to='loc_SECScheduleIIIRealEstateWritedownOrReserveAmount' xlink:type='arc' />
<link:presentationArc order='10' xlink:arcrole='http://www.xbrl.org/2003/arcrole/parent-child' xlink:from='loc_RealEstateWriteDownOrReserveTable' xlink:to='loc_RealEstateAndAccumulatedDepreciationDescriptionOfPropertyAxis' xlink:type='arc' />
<link:presentationArc order='20' use='optional' xlink:arcrole='http://www.xbrl.org/2003/arcrole/parent-child' xlink:from='loc_RealEstateWriteDownOrReserveTable' xlink:to='loc_RealEstateWriteDownOrReserveLineItems' xlink:type='arc' />
<link:presentationArc order='10' preferredLabel='http://www.xbrl.org/2003/role/periodStartLabel' use='optional' xlink:arcrole='http://www.xbrl.org/2003/arcrole/parent-child' xlink:from='loc_ReconciliationOfCarryingAmountOfRealEstateInvestmentsRollForward' xlink:to='loc_RealEstateGrossAtCarryingValue' xlink:type='arc' />
<link:presentationArc order='20' xlink:arcrole='http://www.xbrl.org/2003/arcrole/parent-child' xlink:from='loc_ReconciliationOfCarryingAmountOfRealEstateInvestmentsRollForward' xlink:to='loc_RealEstateAcquisitionsThroughForeclosures' xlink:type='arc' />
<link:presentationArc order='30' use='optional' xlink:arcrole='http://www.xbrl.org/2003/arcrole/parent-child' xlink:from='loc_ReconciliationOfCarryingAmountOfRealEstateInvestmentsRollForward' xlink:to='loc_RealEstateOtherAcquisitions' xlink:type='arc' />
<link:presentationArc order='40' use='optional' xlink:arcrole='http://www.xbrl.org/2003/arcrole/parent-child' xlink:from='loc_ReconciliationOfCarryingAmountOfRealEstateInvestmentsRollForward' xlink:to='loc_RealEstateImprovements' xlink:type='arc' />
<link:presentationArc order='50' xlink:arcrole='http://www.xbrl.org/2003/arcrole/parent-child' xlink:from='loc_ReconciliationOfCarryingAmountOfRealEstateInvestmentsRollForward' xlink:to='loc_RealEstateOtherAdditions' xlink:type='arc' />
<link:presentationArc order='60' use='optional' xlink:arcrole='http://www.xbrl.org/2003/arcrole/parent-child' xlink:from='loc_ReconciliationOfCarryingAmountOfRealEstateInvestmentsRollForward' xlink:to='loc_RealEstateCostOfRealEstateSold' xlink:type='arc' />
<link:presentationArc order='70' xlink:arcrole='http://www.xbrl.org/2003/arcrole/parent-child' xlink:from='loc_ReconciliationOfCarryingAmountOfRealEstateInvestmentsRollForward' xlink:to='loc_SECScheduleIIIRealEstateWritedownOrReserveAmount' xlink:type='arc' />
<link:presentationArc order='80' xlink:arcrole='http://www.xbrl.org/2003/arcrole/parent-child' xlink:from='loc_ReconciliationOfCarryingAmountOfRealEstateInvestmentsRollForward' xlink:to='loc_RealEstateOtherDeductions' xlink:type='arc' />
<link:presentationArc order='90' preferredLabel='http://www.xbrl.org/2003/role/totalLabel' xlink:arcrole='http://www.xbrl.org/2003/arcrole/parent-child' xlink:from='loc_ReconciliationOfCarryingAmountOfRealEstateInvestmentsRollForward' xlink:to='loc_RealEstatePeriodIncreaseDecrease' xlink:type='arc' />
<link:presentationArc order='100' preferredLabel='http://www.xbrl.org/2003/role/periodEndLabel' use='optional' xlink:arcrole='http://www.xbrl.org/2003/arcrole/parent-child' xlink:from='loc_ReconciliationOfCarryingAmountOfRealEstateInvestmentsRollForward' xlink:to='loc_RealEstateGrossAtCarryingValue_1' xlink:type='arc' />
<link:presentationArc order='10' preferredLabel='http://www.xbrl.org/2003/role/periodStartLabel' use='optional' xlink:arcrole='http://www.xbrl.org/2003/arcrole/parent-child' xlink:from='loc_ReconciliationOfRealEstateAccumulatedDepreciationRollForward' xlink:to='loc_RealEstateAccumulatedDepreciation' xlink:type='arc' />
<link:presentationArc order='20' xlink:arcrole='http://www.xbrl.org/2003/arcrole/parent-child' xlink:from='loc_ReconciliationOfRealEstateAccumulatedDepreciationRollForward' xlink:to='loc_SECScheduleIIIRealEstateAccumulatedDepreciationDepreciationExpense' xlink:type='arc' />
<link:presentationArc order='30' use='optional' xlink:arcrole='http://www.xbrl.org/2003/arcrole/parent-child' xlink:from='loc_ReconciliationOfRealEstateAccumulatedDepreciationRollForward' xlink:to='loc_RealEstateAccumulatedDepreciationOtherAdditions' xlink:type='arc' />
<link:presentationArc order='40' xlink:arcrole='http://www.xbrl.org/2003/arcrole/parent-child' xlink:from='loc_ReconciliationOfRealEstateAccumulatedDepreciationRollForward' xlink:to='loc_RealEstateAccumulatedDepreciationRealEstateSold' xlink:type='arc' />
<link:presentationArc order='50' use='optional' xlink:arcrole='http://www.xbrl.org/2003/arcrole/parent-child' xlink:from='loc_ReconciliationOfRealEstateAccumulatedDepreciationRollForward' xlink:to='loc_RealEstateAccumulatedDepreciationOtherDeductions' xlink:type='arc' />
<link:presentationArc order='60' preferredLabel='http://www.xbrl.org/2003/role/totalLabel' xlink:arcrole='http://www.xbrl.org/2003/arcrole/parent-child' xlink:from='loc_ReconciliationOfRealEstateAccumulatedDepreciationRollForward' xlink:to='loc_RealEstateAccumulatedDepreciationPeriodIncreaseDecrease' xlink:type='arc' />
<link:presentationArc order='70' preferredLabel='http://www.xbrl.org/2003/role/periodEndLabel' xlink:arcrole='http://www.xbrl.org/2003/arcrole/parent-child' xlink:from='loc_ReconciliationOfRealEstateAccumulatedDepreciationRollForward' xlink:to='loc_RealEstateAccumulatedDepreciation_1' xlink:type='arc' />
</link:presentationLink>
</link:linkbase>
