<?xml version='1.0' encoding='UTF-8'?>

<!--
(c) XBRL US, Inc. 2007-2010; Financial Accounting Foundation, Inc. 2010-2016.  All Rights Reserved.
Notice: Authorized Uses are Set Forth at http://xbrl.fasb.org/terms/TaxonomiesTermsConditions.html
  -->
<link:linkbase xmlns:link='http://www.xbrl.org/2003/linkbase' xmlns:xbrldt='http://xbrl.org/2005/xbrldt' xmlns:xlink='http://www.w3.org/1999/xlink' xmlns:xsi='http://www.w3.org/2001/XMLSchema-instance' xsi:schemaLocation='http://www.xbrl.org/2003/linkbase http://www.xbrl.org/2003/xbrl-linkbase-2003-12-31.xsd'>
<link:roleRef roleURI='http://fasb.org/us-gaap/role/disclosure/SECScheduleArticle12-18SupplementalInformationForProperty-CasualtyInsuranceUnderwriters' xlink:href='../elts/us-roles-2016-01-31.xsd#sec-suppc' xlink:type='simple' />
<link:presentationLink xlink:role='http://fasb.org/us-gaap/role/disclosure/SECScheduleArticle12-18SupplementalInformationForProperty-CasualtyInsuranceUnderwriters' xlink:type='extended'>
<link:loc xlink:href='../elts/us-gaap-2016-01-31.xsd#us-gaap_SupplementalInformationForPropertyCasualtyInsuranceUnderwritersByAffiliationWithRegistrantAxis' xlink:label='loc_SupplementalInformationForPropertyCasualtyInsuranceUnderwritersByAffiliationWithRegistrantAxis' xlink:type='locator' />
<link:loc xlink:href='../elts/us-gaap-2016-01-31.xsd#us-gaap_PropertyCasualtyInsuranceUnderwritersAffiliationWithRegistrantDomain' xlink:label='loc_PropertyCasualtyInsuranceUnderwritersAffiliationWithRegistrantDomain' xlink:type='locator' />
<link:loc xlink:href='../elts/us-gaap-2016-01-31.xsd#us-gaap_ConsolidatedPropertyAndCasualtyInsuranceEntityMember' xlink:label='loc_ConsolidatedPropertyAndCasualtyInsuranceEntityMember' xlink:type='locator' />
<link:loc xlink:href='../elts/us-gaap-2016-01-31.xsd#us-gaap_UnconsolidatedPropertyAndCasualtyInsuranceEntityMember' xlink:label='loc_UnconsolidatedPropertyAndCasualtyInsuranceEntityMember' xlink:type='locator' />
<link:loc xlink:href='../elts/us-gaap-2016-01-31.xsd#us-gaap_EquityInvestmentInPropertyAndCasualtyInsuranceInvesteeMember' xlink:label='loc_EquityInvestmentInPropertyAndCasualtyInsuranceInvesteeMember' xlink:type='locator' />
<link:loc xlink:href='../elts/us-gaap-2016-01-31.xsd#us-gaap_RangeAxis' xlink:label='loc_RangeAxis' xlink:type='locator' />
<link:loc xlink:href='../elts/us-gaap-2016-01-31.xsd#us-gaap_RangeMember' xlink:label='loc_RangeMember' xlink:type='locator' />
<link:loc xlink:href='../elts/us-gaap-2016-01-31.xsd#us-gaap_MaximumMember' xlink:label='loc_MaximumMember' xlink:type='locator' />
<link:loc xlink:href='../elts/us-gaap-2016-01-31.xsd#us-gaap_MinimumMember' xlink:label='loc_MinimumMember' xlink:type='locator' />
<link:loc xlink:href='../elts/us-gaap-2016-01-31.xsd#us-gaap_SupplementalInformationForPropertyCasualtyInsuranceUnderwritersAbstract' xlink:label='loc_SupplementalInformationForPropertyCasualtyInsuranceUnderwritersAbstract' xlink:type='locator' />
<link:loc xlink:href='../elts/us-gaap-2016-01-31.xsd#us-gaap_ScheduleOfSupplementalInformationForPropertyCasualtyInsuranceUnderwritersTextBlock' xlink:label='loc_ScheduleOfSupplementalInformationForPropertyCasualtyInsuranceUnderwritersTextBlock' xlink:type='locator' />
<link:loc xlink:href='../elts/us-gaap-2016-01-31.xsd#us-gaap_SupplementalInformationForPropertyCasualtyInsuranceUnderwritersTable' xlink:label='loc_SupplementalInformationForPropertyCasualtyInsuranceUnderwritersTable' xlink:type='locator' />
<link:loc xlink:href='../elts/us-gaap-2016-01-31.xsd#us-gaap_SupplementalInformationForPropertyCasualtyInsuranceUnderwritersLineItems' xlink:label='loc_SupplementalInformationForPropertyCasualtyInsuranceUnderwritersLineItems' xlink:type='locator' />
<link:loc xlink:href='../elts/us-gaap-2016-01-31.xsd#us-gaap_SupplementalInformationForPropertyCasualtyInsuranceUnderwritersDeferredPolicyAcquisitionCosts' xlink:label='loc_SupplementalInformationForPropertyCasualtyInsuranceUnderwritersDeferredPolicyAcquisitionCosts' xlink:type='locator' />
<link:loc xlink:href='../elts/us-gaap-2016-01-31.xsd#us-gaap_SupplementalInformationForPropertyCasualtyInsuranceUnderwritersReservesForUnpaidClaimsAndClaimsAdjustmentExpense' xlink:label='loc_SupplementalInformationForPropertyCasualtyInsuranceUnderwritersReservesForUnpaidClaimsAndClaimsAdjustmentExpense' xlink:type='locator' />
<link:loc xlink:href='../elts/us-gaap-2016-01-31.xsd#us-gaap_SupplementalInformationForPropertyCasualtyInsuranceUnderwritersDiscountDeductedFromReserves' xlink:label='loc_SupplementalInformationForPropertyCasualtyInsuranceUnderwritersDiscountDeductedFromReserves' xlink:type='locator' />
<link:loc xlink:href='../elts/us-gaap-2016-01-31.xsd#us-gaap_SupplementalInformationForPropertyCasualtyInsuranceUnderwritersUnearnedPremiums' xlink:label='loc_SupplementalInformationForPropertyCasualtyInsuranceUnderwritersUnearnedPremiums' xlink:type='locator' />
<link:loc xlink:href='../elts/us-gaap-2016-01-31.xsd#us-gaap_SupplementalInformationForPropertyCasualtyInsuranceUnderwritersEarnedPremiums' xlink:label='loc_SupplementalInformationForPropertyCasualtyInsuranceUnderwritersEarnedPremiums' xlink:type='locator' />
<link:loc xlink:href='../elts/us-gaap-2016-01-31.xsd#us-gaap_SupplementalInformationForPropertyCasualtyInsuranceUnderwritersNetInvestmentIncome' xlink:label='loc_SupplementalInformationForPropertyCasualtyInsuranceUnderwritersNetInvestmentIncome' xlink:type='locator' />
<link:loc xlink:href='../elts/us-gaap-2016-01-31.xsd#us-gaap_SupplementalInformationForPropertyCasualtyInsuranceUnderwritersCurrentYearClaimsAndClaimsAdjustmentExpense' xlink:label='loc_SupplementalInformationForPropertyCasualtyInsuranceUnderwritersCurrentYearClaimsAndClaimsAdjustmentExpense' xlink:type='locator' />
<link:loc xlink:href='../elts/us-gaap-2016-01-31.xsd#us-gaap_SupplementalInformationForPropertyCasualtyInsuranceUnderwritersPriorYearClaimsAndClaimsAdjustmentExpense' xlink:label='loc_SupplementalInformationForPropertyCasualtyInsuranceUnderwritersPriorYearClaimsAndClaimsAdjustmentExpense' xlink:type='locator' />
<link:loc xlink:href='../elts/us-gaap-2016-01-31.xsd#us-gaap_SupplementalInformationForPropertyCasualtyInsuranceUnderwritersAmortizationOfDeferredPolicyAcquisitionCosts' xlink:label='loc_SupplementalInformationForPropertyCasualtyInsuranceUnderwritersAmortizationOfDeferredPolicyAcquisitionCosts' xlink:type='locator' />
<link:loc xlink:href='../elts/us-gaap-2016-01-31.xsd#us-gaap_SupplementalInformationForPropertyCasualtyInsuranceUnderwritersPaidClaimsAndClaimsAdjustmentExpense' xlink:label='loc_SupplementalInformationForPropertyCasualtyInsuranceUnderwritersPaidClaimsAndClaimsAdjustmentExpense' xlink:type='locator' />
<link:loc xlink:href='../elts/us-gaap-2016-01-31.xsd#us-gaap_SupplementalInformationForPropertyCasualtyInsuranceUnderwritersPremiumsWritten' xlink:label='loc_SupplementalInformationForPropertyCasualtyInsuranceUnderwritersPremiumsWritten' xlink:type='locator' />
<link:loc xlink:href='../elts/us-gaap-2016-01-31.xsd#us-gaap_SupplementalInformationForPropertyCasualtyInsuranceUnderwritersInterestRateAtWhichDiscountComputed' xlink:label='loc_SupplementalInformationForPropertyCasualtyInsuranceUnderwritersInterestRateAtWhichDiscountComputed' xlink:type='locator' />
<link:presentationArc order='10' use='optional' xlink:arcrole='http://www.xbrl.org/2003/arcrole/parent-child' xlink:from='loc_SupplementalInformationForPropertyCasualtyInsuranceUnderwritersByAffiliationWithRegistrantAxis' xlink:to='loc_PropertyCasualtyInsuranceUnderwritersAffiliationWithRegistrantDomain' xlink:type='arc' />
<link:presentationArc order='10' xlink:arcrole='http://www.xbrl.org/2003/arcrole/parent-child' xlink:from='loc_PropertyCasualtyInsuranceUnderwritersAffiliationWithRegistrantDomain' xlink:to='loc_ConsolidatedPropertyAndCasualtyInsuranceEntityMember' xlink:type='arc' />
<link:presentationArc order='20' xlink:arcrole='http://www.xbrl.org/2003/arcrole/parent-child' xlink:from='loc_PropertyCasualtyInsuranceUnderwritersAffiliationWithRegistrantDomain' xlink:to='loc_UnconsolidatedPropertyAndCasualtyInsuranceEntityMember' xlink:type='arc' />
<link:presentationArc order='30' xlink:arcrole='http://www.xbrl.org/2003/arcrole/parent-child' xlink:from='loc_PropertyCasualtyInsuranceUnderwritersAffiliationWithRegistrantDomain' xlink:to='loc_EquityInvestmentInPropertyAndCasualtyInsuranceInvesteeMember' xlink:type='arc' />
<link:presentationArc order='10' xlink:arcrole='http://www.xbrl.org/2003/arcrole/parent-child' xlink:from='loc_RangeAxis' xlink:to='loc_RangeMember' xlink:type='arc' />
<link:presentationArc order='10' xlink:arcrole='http://www.xbrl.org/2003/arcrole/parent-child' xlink:from='loc_RangeMember' xlink:to='loc_MaximumMember' xlink:type='arc' />
<link:presentationArc order='20' xlink:arcrole='http://www.xbrl.org/2003/arcrole/parent-child' xlink:from='loc_RangeMember' xlink:to='loc_MinimumMember' xlink:type='arc' />
<link:presentationArc order='10' xlink:arcrole='http://www.xbrl.org/2003/arcrole/parent-child' xlink:from='loc_SupplementalInformationForPropertyCasualtyInsuranceUnderwritersAbstract' xlink:to='loc_ScheduleOfSupplementalInformationForPropertyCasualtyInsuranceUnderwritersTextBlock' xlink:type='arc' />
<link:presentationArc order='10' xlink:arcrole='http://www.xbrl.org/2003/arcrole/parent-child' xlink:from='loc_ScheduleOfSupplementalInformationForPropertyCasualtyInsuranceUnderwritersTextBlock' xlink:to='loc_SupplementalInformationForPropertyCasualtyInsuranceUnderwritersTable' xlink:type='arc' />
<link:presentationArc order='10' use='optional' xlink:arcrole='http://www.xbrl.org/2003/arcrole/parent-child' xlink:from='loc_SupplementalInformationForPropertyCasualtyInsuranceUnderwritersLineItems' xlink:to='loc_SupplementalInformationForPropertyCasualtyInsuranceUnderwritersDeferredPolicyAcquisitionCosts' xlink:type='arc' />
<link:presentationArc order='20' use='optional' xlink:arcrole='http://www.xbrl.org/2003/arcrole/parent-child' xlink:from='loc_SupplementalInformationForPropertyCasualtyInsuranceUnderwritersLineItems' xlink:to='loc_SupplementalInformationForPropertyCasualtyInsuranceUnderwritersReservesForUnpaidClaimsAndClaimsAdjustmentExpense' xlink:type='arc' />
<link:presentationArc order='30' use='optional' xlink:arcrole='http://www.xbrl.org/2003/arcrole/parent-child' xlink:from='loc_SupplementalInformationForPropertyCasualtyInsuranceUnderwritersLineItems' xlink:to='loc_SupplementalInformationForPropertyCasualtyInsuranceUnderwritersDiscountDeductedFromReserves' xlink:type='arc' />
<link:presentationArc order='40' xlink:arcrole='http://www.xbrl.org/2003/arcrole/parent-child' xlink:from='loc_SupplementalInformationForPropertyCasualtyInsuranceUnderwritersLineItems' xlink:to='loc_SupplementalInformationForPropertyCasualtyInsuranceUnderwritersUnearnedPremiums' xlink:type='arc' />
<link:presentationArc order='50' use='optional' xlink:arcrole='http://www.xbrl.org/2003/arcrole/parent-child' xlink:from='loc_SupplementalInformationForPropertyCasualtyInsuranceUnderwritersLineItems' xlink:to='loc_SupplementalInformationForPropertyCasualtyInsuranceUnderwritersEarnedPremiums' xlink:type='arc' />
<link:presentationArc order='60' use='optional' xlink:arcrole='http://www.xbrl.org/2003/arcrole/parent-child' xlink:from='loc_SupplementalInformationForPropertyCasualtyInsuranceUnderwritersLineItems' xlink:to='loc_SupplementalInformationForPropertyCasualtyInsuranceUnderwritersNetInvestmentIncome' xlink:type='arc' />
<link:presentationArc order='70' use='optional' xlink:arcrole='http://www.xbrl.org/2003/arcrole/parent-child' xlink:from='loc_SupplementalInformationForPropertyCasualtyInsuranceUnderwritersLineItems' xlink:to='loc_SupplementalInformationForPropertyCasualtyInsuranceUnderwritersCurrentYearClaimsAndClaimsAdjustmentExpense' xlink:type='arc' />
<link:presentationArc order='80' use='optional' xlink:arcrole='http://www.xbrl.org/2003/arcrole/parent-child' xlink:from='loc_SupplementalInformationForPropertyCasualtyInsuranceUnderwritersLineItems' xlink:to='loc_SupplementalInformationForPropertyCasualtyInsuranceUnderwritersPriorYearClaimsAndClaimsAdjustmentExpense' xlink:type='arc' />
<link:presentationArc order='90' use='optional' xlink:arcrole='http://www.xbrl.org/2003/arcrole/parent-child' xlink:from='loc_SupplementalInformationForPropertyCasualtyInsuranceUnderwritersLineItems' xlink:to='loc_SupplementalInformationForPropertyCasualtyInsuranceUnderwritersAmortizationOfDeferredPolicyAcquisitionCosts' xlink:type='arc' />
<link:presentationArc order='100' use='optional' xlink:arcrole='http://www.xbrl.org/2003/arcrole/parent-child' xlink:from='loc_SupplementalInformationForPropertyCasualtyInsuranceUnderwritersLineItems' xlink:to='loc_SupplementalInformationForPropertyCasualtyInsuranceUnderwritersPaidClaimsAndClaimsAdjustmentExpense' xlink:type='arc' />
<link:presentationArc order='110' use='optional' xlink:arcrole='http://www.xbrl.org/2003/arcrole/parent-child' xlink:from='loc_SupplementalInformationForPropertyCasualtyInsuranceUnderwritersLineItems' xlink:to='loc_SupplementalInformationForPropertyCasualtyInsuranceUnderwritersPremiumsWritten' xlink:type='arc' />
<link:presentationArc order='120' xlink:arcrole='http://www.xbrl.org/2003/arcrole/parent-child' xlink:from='loc_SupplementalInformationForPropertyCasualtyInsuranceUnderwritersLineItems' xlink:to='loc_SupplementalInformationForPropertyCasualtyInsuranceUnderwritersInterestRateAtWhichDiscountComputed' xlink:type='arc' />
<link:presentationArc order='10' use='optional' xlink:arcrole='http://www.xbrl.org/2003/arcrole/parent-child' xlink:from='loc_SupplementalInformationForPropertyCasualtyInsuranceUnderwritersTable' xlink:to='loc_SupplementalInformationForPropertyCasualtyInsuranceUnderwritersByAffiliationWithRegistrantAxis' xlink:type='arc' />
<link:presentationArc order='20' xlink:arcrole='http://www.xbrl.org/2003/arcrole/parent-child' xlink:from='loc_SupplementalInformationForPropertyCasualtyInsuranceUnderwritersTable' xlink:to='loc_RangeAxis' xlink:type='arc' />
<link:presentationArc order='30' use='optional' xlink:arcrole='http://www.xbrl.org/2003/arcrole/parent-child' xlink:from='loc_SupplementalInformationForPropertyCasualtyInsuranceUnderwritersTable' xlink:to='loc_SupplementalInformationForPropertyCasualtyInsuranceUnderwritersLineItems' xlink:type='arc' />
</link:presentationLink>
</link:linkbase>
