<?xml version='1.0' encoding='UTF-8'?>

<!--
(c) XBRL US, Inc. 2007-2010; Financial Accounting Foundation, Inc. 2010-2016.  All Rights Reserved.
Notice: Authorized Uses are Set Forth at http://xbrl.fasb.org/terms/TaxonomiesTermsConditions.html
  -->
<link:linkbase xmlns:link='http://www.xbrl.org/2003/linkbase' xmlns:xbrldt='http://xbrl.org/2005/xbrldt' xmlns:xlink='http://www.w3.org/1999/xlink' xmlns:xsi='http://www.w3.org/2001/XMLSchema-instance' xsi:schemaLocation='http://www.xbrl.org/2003/linkbase http://www.xbrl.org/2003/xbrl-linkbase-2003-12-31.xsd'>
<link:roleRef roleURI='http://fasb.org/us-gaap/role/disclosure/ReorganizationsFreshStartAdjustmentsTable' xlink:href='../elts/us-roles-2016-01-31.xsd#ReorganizationsFreshStartAdjustmentsTable' xlink:type='simple' />
<link:arcroleRef arcroleURI='http://xbrl.org/int/dim/arcrole/all' xlink:href='http://www.xbrl.org/2005/xbrldt-2005.xsd#all' xlink:type='simple' />
<link:arcroleRef arcroleURI='http://xbrl.org/int/dim/arcrole/dimension-default' xlink:href='http://www.xbrl.org/2005/xbrldt-2005.xsd#dimension-default' xlink:type='simple' />
<link:arcroleRef arcroleURI='http://xbrl.org/int/dim/arcrole/dimension-domain' xlink:href='http://www.xbrl.org/2005/xbrldt-2005.xsd#dimension-domain' xlink:type='simple' />
<link:arcroleRef arcroleURI='http://xbrl.org/int/dim/arcrole/domain-member' xlink:href='http://www.xbrl.org/2005/xbrldt-2005.xsd#domain-member' xlink:type='simple' />
<link:arcroleRef arcroleURI='http://xbrl.org/int/dim/arcrole/hypercube-dimension' xlink:href='http://www.xbrl.org/2005/xbrldt-2005.xsd#hypercube-dimension' xlink:type='simple' />
<link:definitionLink xlink:role='http://fasb.org/us-gaap/role/disclosure/ReorganizationsFreshStartAdjustmentsTable' xlink:type='extended'>
<link:loc xlink:href='../elts/us-gaap-2016-01-31.xsd#us-gaap_FreshStartAdjustmentLineItems' xlink:label='loc_FreshStartAdjustmentLineItems' xlink:type='locator' />
<link:loc xlink:href='../elts/us-gaap-2016-01-31.xsd#us-gaap_FreshStartAdjustmentsTable' xlink:label='loc_FreshStartAdjustmentsTable' xlink:type='locator' />
<link:definitionArc order='1.0' xbrldt:closed='true' xbrldt:contextElement='segment' xlink:arcrole='http://xbrl.org/int/dim/arcrole/all' xlink:from='loc_FreshStartAdjustmentLineItems' xlink:to='loc_FreshStartAdjustmentsTable' xlink:type='arc' />
</link:definitionLink>
<link:definitionLink xlink:role='http://fasb.org/us-gaap/role/disclosure/ReorganizationsFreshStartAdjustmentsTable' xlink:type='extended'>
<link:loc xlink:href='../elts/us-gaap-2016-01-31.xsd#us-gaap_FreshStartAdjustmentsTypeOfFreshStartAdjustmentAxis' xlink:label='loc_FreshStartAdjustmentsTypeOfFreshStartAdjustmentAxis' xlink:type='locator' />
<link:loc xlink:href='../elts/us-gaap-2016-01-31.xsd#us-gaap_TypeOfFreshStartAdjustmentDomain' xlink:label='loc_TypeOfFreshStartAdjustmentDomain' xlink:type='locator' />
<link:definitionArc order='1.0' xlink:arcrole='http://xbrl.org/int/dim/arcrole/dimension-default' xlink:from='loc_FreshStartAdjustmentsTypeOfFreshStartAdjustmentAxis' xlink:to='loc_TypeOfFreshStartAdjustmentDomain' xlink:type='arc' />
</link:definitionLink>
<link:definitionLink xlink:role='http://fasb.org/us-gaap/role/disclosure/ReorganizationsFreshStartAdjustmentsTable' xlink:type='extended'>
<link:loc xlink:href='../elts/us-gaap-2016-01-31.xsd#us-gaap_FreshStartAdjustmentsTypeOfFreshStartAdjustmentAxis' xlink:label='loc_FreshStartAdjustmentsTypeOfFreshStartAdjustmentAxis' xlink:type='locator' />
<link:loc xlink:href='../elts/us-gaap-2016-01-31.xsd#us-gaap_TypeOfFreshStartAdjustmentDomain' xlink:label='loc_TypeOfFreshStartAdjustmentDomain' xlink:type='locator' />
<link:definitionArc order='1.0' xlink:arcrole='http://xbrl.org/int/dim/arcrole/dimension-domain' xlink:from='loc_FreshStartAdjustmentsTypeOfFreshStartAdjustmentAxis' xlink:to='loc_TypeOfFreshStartAdjustmentDomain' xlink:type='arc' />
</link:definitionLink>
<link:definitionLink xlink:role='http://fasb.org/us-gaap/role/disclosure/ReorganizationsFreshStartAdjustmentsTable' xlink:type='extended'>
<link:loc xlink:href='../elts/us-gaap-2016-01-31.xsd#us-gaap_FreshStartAdjustmentLineItems' xlink:label='loc_FreshStartAdjustmentLineItems' xlink:type='locator' />
<link:loc xlink:href='../elts/us-gaap-2016-01-31.xsd#us-gaap_FreshStartAdjustmentDescription' xlink:label='loc_FreshStartAdjustmentDescription' xlink:type='locator' />
<link:loc xlink:href='../elts/us-gaap-2016-01-31.xsd#us-gaap_FreshStartAdjustmentIncreaseDecreaseAssetsAbstract' xlink:label='loc_FreshStartAdjustmentIncreaseDecreaseAssetsAbstract' xlink:type='locator' />
<link:loc xlink:href='../elts/us-gaap-2016-01-31.xsd#us-gaap_FreshStartAdjustmentIncreaseDecreaseLiabilitiesAndStockholdersEquityAbstract' xlink:label='loc_FreshStartAdjustmentIncreaseDecreaseLiabilitiesAndStockholdersEquityAbstract' xlink:type='locator' />
<link:loc xlink:href='../elts/us-gaap-2016-01-31.xsd#us-gaap_FreshStartAdjustmentIncreaseDecreaseCurrentAssetsAbstract' xlink:label='loc_FreshStartAdjustmentIncreaseDecreaseCurrentAssetsAbstract' xlink:type='locator' />
<link:loc xlink:href='../elts/us-gaap-2016-01-31.xsd#us-gaap_FreshStartAdjustmentIncreaseDecreasePropertyAndEquipmentNetAbstract' xlink:label='loc_FreshStartAdjustmentIncreaseDecreasePropertyAndEquipmentNetAbstract' xlink:type='locator' />
<link:loc xlink:href='../elts/us-gaap-2016-01-31.xsd#us-gaap_FreshStartAdjustmentIncreaseDecreaseOtherAssetsAbstract' xlink:label='loc_FreshStartAdjustmentIncreaseDecreaseOtherAssetsAbstract' xlink:type='locator' />
<link:loc xlink:href='../elts/us-gaap-2016-01-31.xsd#us-gaap_FreshStartAdjustmentIncreaseDecreaseAssets' xlink:label='loc_FreshStartAdjustmentIncreaseDecreaseAssets' xlink:type='locator' />
<link:loc xlink:href='../elts/us-gaap-2016-01-31.xsd#us-gaap_FreshStartAdjustmentIncreaseDecreaseCashAndCashEquivalents' xlink:label='loc_FreshStartAdjustmentIncreaseDecreaseCashAndCashEquivalents' xlink:type='locator' />
<link:loc xlink:href='../elts/us-gaap-2016-01-31.xsd#us-gaap_FreshStartAdjustmentIncreaseDecreaseRestrictedCashAndCashEquivalentsCurrent' xlink:label='loc_FreshStartAdjustmentIncreaseDecreaseRestrictedCashAndCashEquivalentsCurrent' xlink:type='locator' />
<link:loc xlink:href='../elts/us-gaap-2016-01-31.xsd#us-gaap_FreshStartAdjustmentIncreaseDecreaseShortTermInvestments' xlink:label='loc_FreshStartAdjustmentIncreaseDecreaseShortTermInvestments' xlink:type='locator' />
<link:loc xlink:href='../elts/us-gaap-2016-01-31.xsd#us-gaap_FreshStartAdjustmentIncreaseDecreaseReceivablesNet' xlink:label='loc_FreshStartAdjustmentIncreaseDecreaseReceivablesNet' xlink:type='locator' />
<link:loc xlink:href='../elts/us-gaap-2016-01-31.xsd#us-gaap_FreshStartAdjustmentIncreaseDecreaseInventories' xlink:label='loc_FreshStartAdjustmentIncreaseDecreaseInventories' xlink:type='locator' />
<link:loc xlink:href='../elts/us-gaap-2016-01-31.xsd#us-gaap_FreshStartAdjustmentIncreaseDecreaseDeferredIncomeTaxAssetsCurrent' xlink:label='loc_FreshStartAdjustmentIncreaseDecreaseDeferredIncomeTaxAssetsCurrent' xlink:type='locator' />
<link:loc xlink:href='../elts/us-gaap-2016-01-31.xsd#us-gaap_FreshStartAdjustmentIncreaseDecreasePrepaidAndOtherCurrentAssets' xlink:label='loc_FreshStartAdjustmentIncreaseDecreasePrepaidAndOtherCurrentAssets' xlink:type='locator' />
<link:loc xlink:href='../elts/us-gaap-2016-01-31.xsd#us-gaap_FreshStartAdjustmentIncreaseDecreaseCurrentAssets' xlink:label='loc_FreshStartAdjustmentIncreaseDecreaseCurrentAssets' xlink:type='locator' />
<link:loc xlink:href='../elts/us-gaap-2016-01-31.xsd#us-gaap_FreshStartAdjustmentIncreaseDecreaseCurrentLiabilitiesAbstract' xlink:label='loc_FreshStartAdjustmentIncreaseDecreaseCurrentLiabilitiesAbstract' xlink:type='locator' />
<link:loc xlink:href='../elts/us-gaap-2016-01-31.xsd#us-gaap_FreshStartAdjustmentIncreaseDecreaseCurrentMaturitiesOfLongTermDebt' xlink:label='loc_FreshStartAdjustmentIncreaseDecreaseCurrentMaturitiesOfLongTermDebt' xlink:type='locator' />
<link:loc xlink:href='../elts/us-gaap-2016-01-31.xsd#us-gaap_FreshStartAdjustmentIncreaseDecreaseShortTermBorrowings' xlink:label='loc_FreshStartAdjustmentIncreaseDecreaseShortTermBorrowings' xlink:type='locator' />
<link:loc xlink:href='../elts/us-gaap-2016-01-31.xsd#us-gaap_FreshStartAdjustmentIncreaseDecreaseCurrentMaturitiesOfCapitalLeaseObligations' xlink:label='loc_FreshStartAdjustmentIncreaseDecreaseCurrentMaturitiesOfCapitalLeaseObligations' xlink:type='locator' />
<link:loc xlink:href='../elts/us-gaap-2016-01-31.xsd#us-gaap_FreshStartAdjustmentIncreaseDecreaseAccountsPayable' xlink:label='loc_FreshStartAdjustmentIncreaseDecreaseAccountsPayable' xlink:type='locator' />
<link:loc xlink:href='../elts/us-gaap-2016-01-31.xsd#us-gaap_FreshStartAdjustmentIncreaseDecreaseAccruedLiabilities' xlink:label='loc_FreshStartAdjustmentIncreaseDecreaseAccruedLiabilities' xlink:type='locator' />
<link:loc xlink:href='../elts/us-gaap-2016-01-31.xsd#us-gaap_FreshStartAdjustmentIncreaseDecreaseDeferredIncomeTaxLiabilitiesCurrent' xlink:label='loc_FreshStartAdjustmentIncreaseDecreaseDeferredIncomeTaxLiabilitiesCurrent' xlink:type='locator' />
<link:loc xlink:href='../elts/us-gaap-2016-01-31.xsd#us-gaap_FreshStartAdjustmentIncreaseDecreaseOtherCurrentLiabilities' xlink:label='loc_FreshStartAdjustmentIncreaseDecreaseOtherCurrentLiabilities' xlink:type='locator' />
<link:loc xlink:href='../elts/us-gaap-2016-01-31.xsd#us-gaap_FreshStartAdjustmentIncreaseDecreaseCurrentLiabilities' xlink:label='loc_FreshStartAdjustmentIncreaseDecreaseCurrentLiabilities' xlink:type='locator' />
<link:loc xlink:href='../elts/us-gaap-2016-01-31.xsd#us-gaap_FreshStartAdjustmentIncreaseDecreaseLiabilitiesAbstract' xlink:label='loc_FreshStartAdjustmentIncreaseDecreaseLiabilitiesAbstract' xlink:type='locator' />
<link:loc xlink:href='../elts/us-gaap-2016-01-31.xsd#us-gaap_FreshStartAdjustmentIncreaseDecreaseLongTermDebtAbstract' xlink:label='loc_FreshStartAdjustmentIncreaseDecreaseLongTermDebtAbstract' xlink:type='locator' />
<link:loc xlink:href='../elts/us-gaap-2016-01-31.xsd#us-gaap_FreshStartAdjustmentIncreaseDecreaseOtherNoncurrentObligationsAbstract' xlink:label='loc_FreshStartAdjustmentIncreaseDecreaseOtherNoncurrentObligationsAbstract' xlink:type='locator' />
<link:loc xlink:href='../elts/us-gaap-2016-01-31.xsd#us-gaap_FreshStartAdjustmentIncreaseDecreaseLiabilitiesSubjectToCompromise' xlink:label='loc_FreshStartAdjustmentIncreaseDecreaseLiabilitiesSubjectToCompromise' xlink:type='locator' />
<link:loc xlink:href='../elts/us-gaap-2016-01-31.xsd#us-gaap_FreshStartAdjustmentIncreaseDecreaseLiabilities' xlink:label='loc_FreshStartAdjustmentIncreaseDecreaseLiabilities' xlink:type='locator' />
<link:loc xlink:href='../elts/us-gaap-2016-01-31.xsd#us-gaap_FreshStartAdjustmentIncreaseDecreaseStockholdersEquityAbstract' xlink:label='loc_FreshStartAdjustmentIncreaseDecreaseStockholdersEquityAbstract' xlink:type='locator' />
<link:loc xlink:href='../elts/us-gaap-2016-01-31.xsd#us-gaap_FreshStartAdjustmentIncreaseDecreaseLiabilitiesAndStockholdersEquity' xlink:label='loc_FreshStartAdjustmentIncreaseDecreaseLiabilitiesAndStockholdersEquity' xlink:type='locator' />
<link:loc xlink:href='../elts/us-gaap-2016-01-31.xsd#us-gaap_FreshStartAdjustmentIncreaseDecreaseDebtorInPossessionFinancing' xlink:label='loc_FreshStartAdjustmentIncreaseDecreaseDebtorInPossessionFinancing' xlink:type='locator' />
<link:loc xlink:href='../elts/us-gaap-2016-01-31.xsd#us-gaap_FreshStartAdjustmentIncreaseDecreasePostconfirmationCreditFacility' xlink:label='loc_FreshStartAdjustmentIncreaseDecreasePostconfirmationCreditFacility' xlink:type='locator' />
<link:loc xlink:href='../elts/us-gaap-2016-01-31.xsd#us-gaap_FreshStartAdjustmentIncreaseDecreaseCapitalLeaseObligationsNoncurrent' xlink:label='loc_FreshStartAdjustmentIncreaseDecreaseCapitalLeaseObligationsNoncurrent' xlink:type='locator' />
<link:loc xlink:href='../elts/us-gaap-2016-01-31.xsd#us-gaap_FreshStartAdjustmentIncreaseDecreaseOtherLongTermDebt' xlink:label='loc_FreshStartAdjustmentIncreaseDecreaseOtherLongTermDebt' xlink:type='locator' />
<link:loc xlink:href='../elts/us-gaap-2016-01-31.xsd#us-gaap_FreshStartAdjustmentIncreaseDecreaseLongTermDebt' xlink:label='loc_FreshStartAdjustmentIncreaseDecreaseLongTermDebt' xlink:type='locator' />
<link:loc xlink:href='../elts/us-gaap-2016-01-31.xsd#us-gaap_FreshStartAdjustmentIncreaseDecreaseInvestments' xlink:label='loc_FreshStartAdjustmentIncreaseDecreaseInvestments' xlink:type='locator' />
<link:loc xlink:href='../elts/us-gaap-2016-01-31.xsd#us-gaap_FreshStartAdjustmentIncreaseDecreaseAmortizableIntangibleAssets' xlink:label='loc_FreshStartAdjustmentIncreaseDecreaseAmortizableIntangibleAssets' xlink:type='locator' />
<link:loc xlink:href='../elts/us-gaap-2016-01-31.xsd#us-gaap_FreshStartAdjustmentIncreaseDecreaseNonamortizableIntangibleAssets' xlink:label='loc_FreshStartAdjustmentIncreaseDecreaseNonamortizableIntangibleAssets' xlink:type='locator' />
<link:loc xlink:href='../elts/us-gaap-2016-01-31.xsd#us-gaap_FreshStartAdjustmentIncreaseDecreaseRestrictedCashAndCashEquivalentsNoncurrent' xlink:label='loc_FreshStartAdjustmentIncreaseDecreaseRestrictedCashAndCashEquivalentsNoncurrent' xlink:type='locator' />
<link:loc xlink:href='../elts/us-gaap-2016-01-31.xsd#us-gaap_FreshStartAdjustmentIncreaseDecreaseDeferredIncomeTaxAssetsNoncurrent' xlink:label='loc_FreshStartAdjustmentIncreaseDecreaseDeferredIncomeTaxAssetsNoncurrent' xlink:type='locator' />
<link:loc xlink:href='../elts/us-gaap-2016-01-31.xsd#us-gaap_FreshStartAdjustmentIncreaseDecreaseGoodwill' xlink:label='loc_FreshStartAdjustmentIncreaseDecreaseGoodwill' xlink:type='locator' />
<link:loc xlink:href='../elts/us-gaap-2016-01-31.xsd#us-gaap_FreshStartAdjustmentIncreaseDecreaseReorganizationValueInExcessOfAmountsAllocableToIdentifiableAssets' xlink:label='loc_FreshStartAdjustmentIncreaseDecreaseReorganizationValueInExcessOfAmountsAllocableToIdentifiableAssets' xlink:type='locator' />
<link:loc xlink:href='../elts/us-gaap-2016-01-31.xsd#us-gaap_FreshStartAdjustmentIncreaseDecreaseDeferredFinancingCosts' xlink:label='loc_FreshStartAdjustmentIncreaseDecreaseDeferredFinancingCosts' xlink:type='locator' />
<link:loc xlink:href='../elts/us-gaap-2016-01-31.xsd#us-gaap_FreshStartAdjustmentIncreaseDecreaseOtherAssetsNoncurrent' xlink:label='loc_FreshStartAdjustmentIncreaseDecreaseOtherAssetsNoncurrent' xlink:type='locator' />
<link:loc xlink:href='../elts/us-gaap-2016-01-31.xsd#us-gaap_FreshStartAdjustmentIncreaseDecreaseOtherAssets' xlink:label='loc_FreshStartAdjustmentIncreaseDecreaseOtherAssets' xlink:type='locator' />
<link:loc xlink:href='../elts/us-gaap-2016-01-31.xsd#us-gaap_FreshStartAdjustmentIncreaseDecreasePensionObligations' xlink:label='loc_FreshStartAdjustmentIncreaseDecreasePensionObligations' xlink:type='locator' />
<link:loc xlink:href='../elts/us-gaap-2016-01-31.xsd#us-gaap_FreshStartAdjustmentIncreaseDecreaseOtherPostretirementObligations' xlink:label='loc_FreshStartAdjustmentIncreaseDecreaseOtherPostretirementObligations' xlink:type='locator' />
<link:loc xlink:href='../elts/us-gaap-2016-01-31.xsd#us-gaap_FreshStartAdjustmentIncreaseDecreaseDeferredIncomeTaxLiabilitiesNoncurrent' xlink:label='loc_FreshStartAdjustmentIncreaseDecreaseDeferredIncomeTaxLiabilitiesNoncurrent' xlink:type='locator' />
<link:loc xlink:href='../elts/us-gaap-2016-01-31.xsd#us-gaap_FreshStartAdjustmentIncreaseDecreaseNoncurrentOtherObligations' xlink:label='loc_FreshStartAdjustmentIncreaseDecreaseNoncurrentOtherObligations' xlink:type='locator' />
<link:loc xlink:href='../elts/us-gaap-2016-01-31.xsd#us-gaap_FreshStartAdjustmentIncreaseDecreaseOtherNoncurrentObligations' xlink:label='loc_FreshStartAdjustmentIncreaseDecreaseOtherNoncurrentObligations' xlink:type='locator' />
<link:loc xlink:href='../elts/us-gaap-2016-01-31.xsd#us-gaap_FreshStartAdjustmentIncreaseDecreaseLand' xlink:label='loc_FreshStartAdjustmentIncreaseDecreaseLand' xlink:type='locator' />
<link:loc xlink:href='../elts/us-gaap-2016-01-31.xsd#us-gaap_FreshStartAdjustmentIncreaseDecreaseBuildingsAndImprovements' xlink:label='loc_FreshStartAdjustmentIncreaseDecreaseBuildingsAndImprovements' xlink:type='locator' />
<link:loc xlink:href='../elts/us-gaap-2016-01-31.xsd#us-gaap_FreshStartAdjustmentIncreaseDecreaseEquipment' xlink:label='loc_FreshStartAdjustmentIncreaseDecreaseEquipment' xlink:type='locator' />
<link:loc xlink:href='../elts/us-gaap-2016-01-31.xsd#us-gaap_FreshStartAdjustmentIncreaseDecreaseFurnitureAndFixtures' xlink:label='loc_FreshStartAdjustmentIncreaseDecreaseFurnitureAndFixtures' xlink:type='locator' />
<link:loc xlink:href='../elts/us-gaap-2016-01-31.xsd#us-gaap_FreshStartAdjustmentIncreaseDecreaseLeaseholdImprovements' xlink:label='loc_FreshStartAdjustmentIncreaseDecreaseLeaseholdImprovements' xlink:type='locator' />
<link:loc xlink:href='../elts/us-gaap-2016-01-31.xsd#us-gaap_FreshStartAdjustmentIncreaseDecreaseOtherPropertyAndEquipment' xlink:label='loc_FreshStartAdjustmentIncreaseDecreaseOtherPropertyAndEquipment' xlink:type='locator' />
<link:loc xlink:href='../elts/us-gaap-2016-01-31.xsd#us-gaap_FreshStartAdjustmentIncreaseDecreasePropertyUnderCapitalLeaseArrangements' xlink:label='loc_FreshStartAdjustmentIncreaseDecreasePropertyUnderCapitalLeaseArrangements' xlink:type='locator' />
<link:loc xlink:href='../elts/us-gaap-2016-01-31.xsd#us-gaap_FreshStartAdjustmentIncreaseDecreaseAccumulatedDepreciationAndAmortization' xlink:label='loc_FreshStartAdjustmentIncreaseDecreaseAccumulatedDepreciationAndAmortization' xlink:type='locator' />
<link:loc xlink:href='../elts/us-gaap-2016-01-31.xsd#us-gaap_FreshStartAdjustmentIncreaseDecreasePropertyAndEquipmentNet' xlink:label='loc_FreshStartAdjustmentIncreaseDecreasePropertyAndEquipmentNet' xlink:type='locator' />
<link:loc xlink:href='../elts/us-gaap-2016-01-31.xsd#us-gaap_FreshStartAdjustmentIncreaseDecreasePreferredStock' xlink:label='loc_FreshStartAdjustmentIncreaseDecreasePreferredStock' xlink:type='locator' />
<link:loc xlink:href='../elts/us-gaap-2016-01-31.xsd#us-gaap_FreshStartAdjustmentIncreaseDecreaseCommonStock' xlink:label='loc_FreshStartAdjustmentIncreaseDecreaseCommonStock' xlink:type='locator' />
<link:loc xlink:href='../elts/us-gaap-2016-01-31.xsd#us-gaap_FreshStartAdjustmentIncreaseDecreaseAdditionalPaidInCapital' xlink:label='loc_FreshStartAdjustmentIncreaseDecreaseAdditionalPaidInCapital' xlink:type='locator' />
<link:loc xlink:href='../elts/us-gaap-2016-01-31.xsd#us-gaap_FreshStartAdjustmentIncreaseDecreaseRetainedEarningsDeficit' xlink:label='loc_FreshStartAdjustmentIncreaseDecreaseRetainedEarningsDeficit' xlink:type='locator' />
<link:loc xlink:href='../elts/us-gaap-2016-01-31.xsd#us-gaap_FreshStartAdjustmentIncreaseDecreaseAccumulatedOtherComprehensiveIncomeLoss' xlink:label='loc_FreshStartAdjustmentIncreaseDecreaseAccumulatedOtherComprehensiveIncomeLoss' xlink:type='locator' />
<link:loc xlink:href='../elts/us-gaap-2016-01-31.xsd#us-gaap_FreshStartAdjustmentIncreaseDecreasePreferredAndCommonStockHeldInTreasury' xlink:label='loc_FreshStartAdjustmentIncreaseDecreasePreferredAndCommonStockHeldInTreasury' xlink:type='locator' />
<link:loc xlink:href='../elts/us-gaap-2016-01-31.xsd#us-gaap_FreshStartAdjustmentIncreaseDecreaseStockholdersEquity' xlink:label='loc_FreshStartAdjustmentIncreaseDecreaseStockholdersEquity' xlink:type='locator' />
<link:loc xlink:href='../elts/us-gaap-2016-01-31.xsd#us-gaap_TypeOfFreshStartAdjustmentDomain' xlink:label='loc_TypeOfFreshStartAdjustmentDomain' xlink:type='locator' />
<link:loc xlink:href='../elts/us-gaap-2016-01-31.xsd#us-gaap_DischargeOfDebtMember' xlink:label='loc_DischargeOfDebtMember' xlink:type='locator' />
<link:loc xlink:href='../elts/us-gaap-2016-01-31.xsd#us-gaap_ExchangeOfStockForStockMember' xlink:label='loc_ExchangeOfStockForStockMember' xlink:type='locator' />
<link:loc xlink:href='../elts/us-gaap-2016-01-31.xsd#us-gaap_RevaluationOfAssetsMember' xlink:label='loc_RevaluationOfAssetsMember' xlink:type='locator' />
<link:loc xlink:href='../elts/us-gaap-2016-01-31.xsd#us-gaap_RevaluationOfLiabilitiesMember' xlink:label='loc_RevaluationOfLiabilitiesMember' xlink:type='locator' />
<link:definitionArc order='1.0' xlink:arcrole='http://xbrl.org/int/dim/arcrole/domain-member' xlink:from='loc_FreshStartAdjustmentLineItems' xlink:to='loc_FreshStartAdjustmentDescription' xlink:type='arc' />
<link:definitionArc order='2.0' xlink:arcrole='http://xbrl.org/int/dim/arcrole/domain-member' xlink:from='loc_FreshStartAdjustmentLineItems' xlink:to='loc_FreshStartAdjustmentIncreaseDecreaseAssetsAbstract' xlink:type='arc' />
<link:definitionArc order='34.0' xlink:arcrole='http://xbrl.org/int/dim/arcrole/domain-member' xlink:from='loc_FreshStartAdjustmentLineItems' xlink:to='loc_FreshStartAdjustmentIncreaseDecreaseLiabilitiesAndStockholdersEquityAbstract' xlink:type='arc' />
<link:definitionArc order='3.0' xlink:arcrole='http://xbrl.org/int/dim/arcrole/domain-member' xlink:from='loc_FreshStartAdjustmentIncreaseDecreaseAssetsAbstract' xlink:to='loc_FreshStartAdjustmentIncreaseDecreaseCurrentAssetsAbstract' xlink:type='arc' />
<link:definitionArc order='12.0' xlink:arcrole='http://xbrl.org/int/dim/arcrole/domain-member' xlink:from='loc_FreshStartAdjustmentIncreaseDecreaseAssetsAbstract' xlink:to='loc_FreshStartAdjustmentIncreaseDecreasePropertyAndEquipmentNetAbstract' xlink:type='arc' />
<link:definitionArc order='22.0' xlink:arcrole='http://xbrl.org/int/dim/arcrole/domain-member' xlink:from='loc_FreshStartAdjustmentIncreaseDecreaseAssetsAbstract' xlink:to='loc_FreshStartAdjustmentIncreaseDecreaseOtherAssetsAbstract' xlink:type='arc' />
<link:definitionArc order='33.0' xlink:arcrole='http://xbrl.org/int/dim/arcrole/domain-member' xlink:from='loc_FreshStartAdjustmentIncreaseDecreaseAssetsAbstract' xlink:to='loc_FreshStartAdjustmentIncreaseDecreaseAssets' xlink:type='arc' />
<link:definitionArc order='4.0' xlink:arcrole='http://xbrl.org/int/dim/arcrole/domain-member' xlink:from='loc_FreshStartAdjustmentIncreaseDecreaseCurrentAssetsAbstract' xlink:to='loc_FreshStartAdjustmentIncreaseDecreaseCashAndCashEquivalents' xlink:type='arc' />
<link:definitionArc order='5.0' xlink:arcrole='http://xbrl.org/int/dim/arcrole/domain-member' xlink:from='loc_FreshStartAdjustmentIncreaseDecreaseCurrentAssetsAbstract' xlink:to='loc_FreshStartAdjustmentIncreaseDecreaseRestrictedCashAndCashEquivalentsCurrent' xlink:type='arc' />
<link:definitionArc order='6.0' xlink:arcrole='http://xbrl.org/int/dim/arcrole/domain-member' xlink:from='loc_FreshStartAdjustmentIncreaseDecreaseCurrentAssetsAbstract' xlink:to='loc_FreshStartAdjustmentIncreaseDecreaseShortTermInvestments' xlink:type='arc' />
<link:definitionArc order='7.0' xlink:arcrole='http://xbrl.org/int/dim/arcrole/domain-member' xlink:from='loc_FreshStartAdjustmentIncreaseDecreaseCurrentAssetsAbstract' xlink:to='loc_FreshStartAdjustmentIncreaseDecreaseReceivablesNet' xlink:type='arc' />
<link:definitionArc order='8.0' xlink:arcrole='http://xbrl.org/int/dim/arcrole/domain-member' xlink:from='loc_FreshStartAdjustmentIncreaseDecreaseCurrentAssetsAbstract' xlink:to='loc_FreshStartAdjustmentIncreaseDecreaseInventories' xlink:type='arc' />
<link:definitionArc order='9.0' xlink:arcrole='http://xbrl.org/int/dim/arcrole/domain-member' xlink:from='loc_FreshStartAdjustmentIncreaseDecreaseCurrentAssetsAbstract' xlink:to='loc_FreshStartAdjustmentIncreaseDecreaseDeferredIncomeTaxAssetsCurrent' xlink:type='arc' />
<link:definitionArc order='10.0' xlink:arcrole='http://xbrl.org/int/dim/arcrole/domain-member' xlink:from='loc_FreshStartAdjustmentIncreaseDecreaseCurrentAssetsAbstract' xlink:to='loc_FreshStartAdjustmentIncreaseDecreasePrepaidAndOtherCurrentAssets' xlink:type='arc' />
<link:definitionArc order='11.0' xlink:arcrole='http://xbrl.org/int/dim/arcrole/domain-member' xlink:from='loc_FreshStartAdjustmentIncreaseDecreaseCurrentAssetsAbstract' xlink:to='loc_FreshStartAdjustmentIncreaseDecreaseCurrentAssets' xlink:type='arc' />
<link:definitionArc order='37.0' xlink:arcrole='http://xbrl.org/int/dim/arcrole/domain-member' xlink:from='loc_FreshStartAdjustmentIncreaseDecreaseCurrentLiabilitiesAbstract' xlink:to='loc_FreshStartAdjustmentIncreaseDecreaseCurrentMaturitiesOfLongTermDebt' xlink:type='arc' />
<link:definitionArc order='38.0' xlink:arcrole='http://xbrl.org/int/dim/arcrole/domain-member' xlink:from='loc_FreshStartAdjustmentIncreaseDecreaseCurrentLiabilitiesAbstract' xlink:to='loc_FreshStartAdjustmentIncreaseDecreaseShortTermBorrowings' xlink:type='arc' />
<link:definitionArc order='39.0' xlink:arcrole='http://xbrl.org/int/dim/arcrole/domain-member' xlink:from='loc_FreshStartAdjustmentIncreaseDecreaseCurrentLiabilitiesAbstract' xlink:to='loc_FreshStartAdjustmentIncreaseDecreaseCurrentMaturitiesOfCapitalLeaseObligations' xlink:type='arc' />
<link:definitionArc order='40.0' xlink:arcrole='http://xbrl.org/int/dim/arcrole/domain-member' xlink:from='loc_FreshStartAdjustmentIncreaseDecreaseCurrentLiabilitiesAbstract' xlink:to='loc_FreshStartAdjustmentIncreaseDecreaseAccountsPayable' xlink:type='arc' />
<link:definitionArc order='41.0' xlink:arcrole='http://xbrl.org/int/dim/arcrole/domain-member' xlink:from='loc_FreshStartAdjustmentIncreaseDecreaseCurrentLiabilitiesAbstract' xlink:to='loc_FreshStartAdjustmentIncreaseDecreaseAccruedLiabilities' xlink:type='arc' />
<link:definitionArc order='42.0' xlink:arcrole='http://xbrl.org/int/dim/arcrole/domain-member' xlink:from='loc_FreshStartAdjustmentIncreaseDecreaseCurrentLiabilitiesAbstract' xlink:to='loc_FreshStartAdjustmentIncreaseDecreaseDeferredIncomeTaxLiabilitiesCurrent' xlink:type='arc' />
<link:definitionArc order='43.0' xlink:arcrole='http://xbrl.org/int/dim/arcrole/domain-member' xlink:from='loc_FreshStartAdjustmentIncreaseDecreaseCurrentLiabilitiesAbstract' xlink:to='loc_FreshStartAdjustmentIncreaseDecreaseOtherCurrentLiabilities' xlink:type='arc' />
<link:definitionArc order='44.0' xlink:arcrole='http://xbrl.org/int/dim/arcrole/domain-member' xlink:from='loc_FreshStartAdjustmentIncreaseDecreaseCurrentLiabilitiesAbstract' xlink:to='loc_FreshStartAdjustmentIncreaseDecreaseCurrentLiabilities' xlink:type='arc' />
<link:definitionArc order='36.0' xlink:arcrole='http://xbrl.org/int/dim/arcrole/domain-member' xlink:from='loc_FreshStartAdjustmentIncreaseDecreaseLiabilitiesAbstract' xlink:to='loc_FreshStartAdjustmentIncreaseDecreaseCurrentLiabilitiesAbstract' xlink:type='arc' />
<link:definitionArc order='45.0' xlink:arcrole='http://xbrl.org/int/dim/arcrole/domain-member' xlink:from='loc_FreshStartAdjustmentIncreaseDecreaseLiabilitiesAbstract' xlink:to='loc_FreshStartAdjustmentIncreaseDecreaseLongTermDebtAbstract' xlink:type='arc' />
<link:definitionArc order='51.0' xlink:arcrole='http://xbrl.org/int/dim/arcrole/domain-member' xlink:from='loc_FreshStartAdjustmentIncreaseDecreaseLiabilitiesAbstract' xlink:to='loc_FreshStartAdjustmentIncreaseDecreaseOtherNoncurrentObligationsAbstract' xlink:type='arc' />
<link:definitionArc order='57.0' xlink:arcrole='http://xbrl.org/int/dim/arcrole/domain-member' xlink:from='loc_FreshStartAdjustmentIncreaseDecreaseLiabilitiesAbstract' xlink:to='loc_FreshStartAdjustmentIncreaseDecreaseLiabilitiesSubjectToCompromise' xlink:type='arc' />
<link:definitionArc order='58.0' xlink:arcrole='http://xbrl.org/int/dim/arcrole/domain-member' xlink:from='loc_FreshStartAdjustmentIncreaseDecreaseLiabilitiesAbstract' xlink:to='loc_FreshStartAdjustmentIncreaseDecreaseLiabilities' xlink:type='arc' />
<link:definitionArc order='35.0' xlink:arcrole='http://xbrl.org/int/dim/arcrole/domain-member' xlink:from='loc_FreshStartAdjustmentIncreaseDecreaseLiabilitiesAndStockholdersEquityAbstract' xlink:to='loc_FreshStartAdjustmentIncreaseDecreaseLiabilitiesAbstract' xlink:type='arc' />
<link:definitionArc order='59.0' xlink:arcrole='http://xbrl.org/int/dim/arcrole/domain-member' xlink:from='loc_FreshStartAdjustmentIncreaseDecreaseLiabilitiesAndStockholdersEquityAbstract' xlink:to='loc_FreshStartAdjustmentIncreaseDecreaseStockholdersEquityAbstract' xlink:type='arc' />
<link:definitionArc order='67.0' xlink:arcrole='http://xbrl.org/int/dim/arcrole/domain-member' xlink:from='loc_FreshStartAdjustmentIncreaseDecreaseLiabilitiesAndStockholdersEquityAbstract' xlink:to='loc_FreshStartAdjustmentIncreaseDecreaseLiabilitiesAndStockholdersEquity' xlink:type='arc' />
<link:definitionArc order='46.0' xlink:arcrole='http://xbrl.org/int/dim/arcrole/domain-member' xlink:from='loc_FreshStartAdjustmentIncreaseDecreaseLongTermDebtAbstract' xlink:to='loc_FreshStartAdjustmentIncreaseDecreaseDebtorInPossessionFinancing' xlink:type='arc' />
<link:definitionArc order='47.0' xlink:arcrole='http://xbrl.org/int/dim/arcrole/domain-member' xlink:from='loc_FreshStartAdjustmentIncreaseDecreaseLongTermDebtAbstract' xlink:to='loc_FreshStartAdjustmentIncreaseDecreasePostconfirmationCreditFacility' xlink:type='arc' />
<link:definitionArc order='48.0' xlink:arcrole='http://xbrl.org/int/dim/arcrole/domain-member' xlink:from='loc_FreshStartAdjustmentIncreaseDecreaseLongTermDebtAbstract' xlink:to='loc_FreshStartAdjustmentIncreaseDecreaseCapitalLeaseObligationsNoncurrent' xlink:type='arc' />
<link:definitionArc order='49.0' xlink:arcrole='http://xbrl.org/int/dim/arcrole/domain-member' xlink:from='loc_FreshStartAdjustmentIncreaseDecreaseLongTermDebtAbstract' xlink:to='loc_FreshStartAdjustmentIncreaseDecreaseOtherLongTermDebt' xlink:type='arc' />
<link:definitionArc order='50.0' xlink:arcrole='http://xbrl.org/int/dim/arcrole/domain-member' xlink:from='loc_FreshStartAdjustmentIncreaseDecreaseLongTermDebtAbstract' xlink:to='loc_FreshStartAdjustmentIncreaseDecreaseLongTermDebt' xlink:type='arc' />
<link:definitionArc order='23.0' xlink:arcrole='http://xbrl.org/int/dim/arcrole/domain-member' xlink:from='loc_FreshStartAdjustmentIncreaseDecreaseOtherAssetsAbstract' xlink:to='loc_FreshStartAdjustmentIncreaseDecreaseInvestments' xlink:type='arc' />
<link:definitionArc order='24.0' xlink:arcrole='http://xbrl.org/int/dim/arcrole/domain-member' xlink:from='loc_FreshStartAdjustmentIncreaseDecreaseOtherAssetsAbstract' xlink:to='loc_FreshStartAdjustmentIncreaseDecreaseAmortizableIntangibleAssets' xlink:type='arc' />
<link:definitionArc order='25.0' xlink:arcrole='http://xbrl.org/int/dim/arcrole/domain-member' xlink:from='loc_FreshStartAdjustmentIncreaseDecreaseOtherAssetsAbstract' xlink:to='loc_FreshStartAdjustmentIncreaseDecreaseNonamortizableIntangibleAssets' xlink:type='arc' />
<link:definitionArc order='26.0' xlink:arcrole='http://xbrl.org/int/dim/arcrole/domain-member' xlink:from='loc_FreshStartAdjustmentIncreaseDecreaseOtherAssetsAbstract' xlink:to='loc_FreshStartAdjustmentIncreaseDecreaseRestrictedCashAndCashEquivalentsNoncurrent' xlink:type='arc' />
<link:definitionArc order='27.0' xlink:arcrole='http://xbrl.org/int/dim/arcrole/domain-member' xlink:from='loc_FreshStartAdjustmentIncreaseDecreaseOtherAssetsAbstract' xlink:to='loc_FreshStartAdjustmentIncreaseDecreaseDeferredIncomeTaxAssetsNoncurrent' xlink:type='arc' />
<link:definitionArc order='28.0' xlink:arcrole='http://xbrl.org/int/dim/arcrole/domain-member' xlink:from='loc_FreshStartAdjustmentIncreaseDecreaseOtherAssetsAbstract' xlink:to='loc_FreshStartAdjustmentIncreaseDecreaseGoodwill' xlink:type='arc' />
<link:definitionArc order='29.0' xlink:arcrole='http://xbrl.org/int/dim/arcrole/domain-member' xlink:from='loc_FreshStartAdjustmentIncreaseDecreaseOtherAssetsAbstract' xlink:to='loc_FreshStartAdjustmentIncreaseDecreaseReorganizationValueInExcessOfAmountsAllocableToIdentifiableAssets' xlink:type='arc' />
<link:definitionArc order='30.0' xlink:arcrole='http://xbrl.org/int/dim/arcrole/domain-member' xlink:from='loc_FreshStartAdjustmentIncreaseDecreaseOtherAssetsAbstract' xlink:to='loc_FreshStartAdjustmentIncreaseDecreaseDeferredFinancingCosts' xlink:type='arc' />
<link:definitionArc order='31.0' xlink:arcrole='http://xbrl.org/int/dim/arcrole/domain-member' xlink:from='loc_FreshStartAdjustmentIncreaseDecreaseOtherAssetsAbstract' xlink:to='loc_FreshStartAdjustmentIncreaseDecreaseOtherAssetsNoncurrent' xlink:type='arc' />
<link:definitionArc order='32.0' xlink:arcrole='http://xbrl.org/int/dim/arcrole/domain-member' xlink:from='loc_FreshStartAdjustmentIncreaseDecreaseOtherAssetsAbstract' xlink:to='loc_FreshStartAdjustmentIncreaseDecreaseOtherAssets' xlink:type='arc' />
<link:definitionArc order='52.0' xlink:arcrole='http://xbrl.org/int/dim/arcrole/domain-member' xlink:from='loc_FreshStartAdjustmentIncreaseDecreaseOtherNoncurrentObligationsAbstract' xlink:to='loc_FreshStartAdjustmentIncreaseDecreasePensionObligations' xlink:type='arc' />
<link:definitionArc order='53.0' xlink:arcrole='http://xbrl.org/int/dim/arcrole/domain-member' xlink:from='loc_FreshStartAdjustmentIncreaseDecreaseOtherNoncurrentObligationsAbstract' xlink:to='loc_FreshStartAdjustmentIncreaseDecreaseOtherPostretirementObligations' xlink:type='arc' />
<link:definitionArc order='54.0' xlink:arcrole='http://xbrl.org/int/dim/arcrole/domain-member' xlink:from='loc_FreshStartAdjustmentIncreaseDecreaseOtherNoncurrentObligationsAbstract' xlink:to='loc_FreshStartAdjustmentIncreaseDecreaseDeferredIncomeTaxLiabilitiesNoncurrent' xlink:type='arc' />
<link:definitionArc order='55.0' xlink:arcrole='http://xbrl.org/int/dim/arcrole/domain-member' xlink:from='loc_FreshStartAdjustmentIncreaseDecreaseOtherNoncurrentObligationsAbstract' xlink:to='loc_FreshStartAdjustmentIncreaseDecreaseNoncurrentOtherObligations' xlink:type='arc' />
<link:definitionArc order='56.0' xlink:arcrole='http://xbrl.org/int/dim/arcrole/domain-member' xlink:from='loc_FreshStartAdjustmentIncreaseDecreaseOtherNoncurrentObligationsAbstract' xlink:to='loc_FreshStartAdjustmentIncreaseDecreaseOtherNoncurrentObligations' xlink:type='arc' />
<link:definitionArc order='13.0' xlink:arcrole='http://xbrl.org/int/dim/arcrole/domain-member' xlink:from='loc_FreshStartAdjustmentIncreaseDecreasePropertyAndEquipmentNetAbstract' xlink:to='loc_FreshStartAdjustmentIncreaseDecreaseLand' xlink:type='arc' />
<link:definitionArc order='14.0' xlink:arcrole='http://xbrl.org/int/dim/arcrole/domain-member' xlink:from='loc_FreshStartAdjustmentIncreaseDecreasePropertyAndEquipmentNetAbstract' xlink:to='loc_FreshStartAdjustmentIncreaseDecreaseBuildingsAndImprovements' xlink:type='arc' />
<link:definitionArc order='15.0' xlink:arcrole='http://xbrl.org/int/dim/arcrole/domain-member' xlink:from='loc_FreshStartAdjustmentIncreaseDecreasePropertyAndEquipmentNetAbstract' xlink:to='loc_FreshStartAdjustmentIncreaseDecreaseEquipment' xlink:type='arc' />
<link:definitionArc order='16.0' xlink:arcrole='http://xbrl.org/int/dim/arcrole/domain-member' xlink:from='loc_FreshStartAdjustmentIncreaseDecreasePropertyAndEquipmentNetAbstract' xlink:to='loc_FreshStartAdjustmentIncreaseDecreaseFurnitureAndFixtures' xlink:type='arc' />
<link:definitionArc order='17.0' xlink:arcrole='http://xbrl.org/int/dim/arcrole/domain-member' xlink:from='loc_FreshStartAdjustmentIncreaseDecreasePropertyAndEquipmentNetAbstract' xlink:to='loc_FreshStartAdjustmentIncreaseDecreaseLeaseholdImprovements' xlink:type='arc' />
<link:definitionArc order='18.0' xlink:arcrole='http://xbrl.org/int/dim/arcrole/domain-member' xlink:from='loc_FreshStartAdjustmentIncreaseDecreasePropertyAndEquipmentNetAbstract' xlink:to='loc_FreshStartAdjustmentIncreaseDecreaseOtherPropertyAndEquipment' xlink:type='arc' />
<link:definitionArc order='19.0' xlink:arcrole='http://xbrl.org/int/dim/arcrole/domain-member' xlink:from='loc_FreshStartAdjustmentIncreaseDecreasePropertyAndEquipmentNetAbstract' xlink:to='loc_FreshStartAdjustmentIncreaseDecreasePropertyUnderCapitalLeaseArrangements' xlink:type='arc' />
<link:definitionArc order='20.0' xlink:arcrole='http://xbrl.org/int/dim/arcrole/domain-member' xlink:from='loc_FreshStartAdjustmentIncreaseDecreasePropertyAndEquipmentNetAbstract' xlink:to='loc_FreshStartAdjustmentIncreaseDecreaseAccumulatedDepreciationAndAmortization' xlink:type='arc' />
<link:definitionArc order='21.0' xlink:arcrole='http://xbrl.org/int/dim/arcrole/domain-member' xlink:from='loc_FreshStartAdjustmentIncreaseDecreasePropertyAndEquipmentNetAbstract' xlink:to='loc_FreshStartAdjustmentIncreaseDecreasePropertyAndEquipmentNet' xlink:type='arc' />
<link:definitionArc order='60.0' xlink:arcrole='http://xbrl.org/int/dim/arcrole/domain-member' xlink:from='loc_FreshStartAdjustmentIncreaseDecreaseStockholdersEquityAbstract' xlink:to='loc_FreshStartAdjustmentIncreaseDecreasePreferredStock' xlink:type='arc' />
<link:definitionArc order='61.0' xlink:arcrole='http://xbrl.org/int/dim/arcrole/domain-member' xlink:from='loc_FreshStartAdjustmentIncreaseDecreaseStockholdersEquityAbstract' xlink:to='loc_FreshStartAdjustmentIncreaseDecreaseCommonStock' xlink:type='arc' />
<link:definitionArc order='62.0' xlink:arcrole='http://xbrl.org/int/dim/arcrole/domain-member' xlink:from='loc_FreshStartAdjustmentIncreaseDecreaseStockholdersEquityAbstract' xlink:to='loc_FreshStartAdjustmentIncreaseDecreaseAdditionalPaidInCapital' xlink:type='arc' />
<link:definitionArc order='63.0' xlink:arcrole='http://xbrl.org/int/dim/arcrole/domain-member' xlink:from='loc_FreshStartAdjustmentIncreaseDecreaseStockholdersEquityAbstract' xlink:to='loc_FreshStartAdjustmentIncreaseDecreaseRetainedEarningsDeficit' xlink:type='arc' />
<link:definitionArc order='64.0' xlink:arcrole='http://xbrl.org/int/dim/arcrole/domain-member' xlink:from='loc_FreshStartAdjustmentIncreaseDecreaseStockholdersEquityAbstract' xlink:to='loc_FreshStartAdjustmentIncreaseDecreaseAccumulatedOtherComprehensiveIncomeLoss' xlink:type='arc' />
<link:definitionArc order='65.0' xlink:arcrole='http://xbrl.org/int/dim/arcrole/domain-member' xlink:from='loc_FreshStartAdjustmentIncreaseDecreaseStockholdersEquityAbstract' xlink:to='loc_FreshStartAdjustmentIncreaseDecreasePreferredAndCommonStockHeldInTreasury' xlink:type='arc' />
<link:definitionArc order='66.0' xlink:arcrole='http://xbrl.org/int/dim/arcrole/domain-member' xlink:from='loc_FreshStartAdjustmentIncreaseDecreaseStockholdersEquityAbstract' xlink:to='loc_FreshStartAdjustmentIncreaseDecreaseStockholdersEquity' xlink:type='arc' />
<link:definitionArc order='1.0' xlink:arcrole='http://xbrl.org/int/dim/arcrole/domain-member' xlink:from='loc_TypeOfFreshStartAdjustmentDomain' xlink:to='loc_DischargeOfDebtMember' xlink:type='arc' />
<link:definitionArc order='2.0' xlink:arcrole='http://xbrl.org/int/dim/arcrole/domain-member' xlink:from='loc_TypeOfFreshStartAdjustmentDomain' xlink:to='loc_ExchangeOfStockForStockMember' xlink:type='arc' />
<link:definitionArc order='3.0' xlink:arcrole='http://xbrl.org/int/dim/arcrole/domain-member' xlink:from='loc_TypeOfFreshStartAdjustmentDomain' xlink:to='loc_RevaluationOfAssetsMember' xlink:type='arc' />
<link:definitionArc order='4.0' xlink:arcrole='http://xbrl.org/int/dim/arcrole/domain-member' xlink:from='loc_TypeOfFreshStartAdjustmentDomain' xlink:to='loc_RevaluationOfLiabilitiesMember' xlink:type='arc' />
</link:definitionLink>
<link:definitionLink xlink:role='http://fasb.org/us-gaap/role/disclosure/ReorganizationsFreshStartAdjustmentsTable' xlink:type='extended'>
<link:loc xlink:href='../elts/us-gaap-2016-01-31.xsd#us-gaap_FreshStartAdjustmentsTable' xlink:label='loc_FreshStartAdjustmentsTable' xlink:type='locator' />
<link:loc xlink:href='../elts/us-gaap-2016-01-31.xsd#us-gaap_FreshStartAdjustmentsTypeOfFreshStartAdjustmentAxis' xlink:label='loc_FreshStartAdjustmentsTypeOfFreshStartAdjustmentAxis' xlink:type='locator' />
<link:definitionArc order='1.0' xlink:arcrole='http://xbrl.org/int/dim/arcrole/hypercube-dimension' xlink:from='loc_FreshStartAdjustmentsTable' xlink:to='loc_FreshStartAdjustmentsTypeOfFreshStartAdjustmentAxis' xlink:type='arc' />
</link:definitionLink>
</link:linkbase>
