<?xml version='1.0' encoding='UTF-8'?>

<!--
(c) XBRL US, Inc. 2007-2010; Financial Accounting Foundation, Inc. 2010-2013.  All Rights Reserved.
Notice: Authorized Uses are Set Forth at http://xbrl.fasb.org/terms/TaxonomiesTermsConditions.html
  -->
<link:linkbase xmlns:link='http://www.xbrl.org/2003/linkbase' xmlns:xbrldt='http://xbrl.org/2005/xbrldt' xmlns:xlink='http://www.w3.org/1999/xlink' xmlns:xsi='http://www.w3.org/2001/XMLSchema-instance' xsi:schemaLocation='http://www.xbrl.org/2003/linkbase http://www.xbrl.org/2003/xbrl-linkbase-2003-12-31.xsd'>
<link:roleRef roleURI='http://fasb.org/us-gaap/role/disclosure/PropertyPlantAndEquipmentAlternativeCalculations' xlink:href='../elts/us-roles-2013-01-31.xsd#ppe2' xlink:type='simple' />
<link:calculationLink xlink:role='http://fasb.org/us-gaap/role/disclosure/PropertyPlantAndEquipmentAlternativeCalculations' xlink:type='extended'>
<link:loc xlink:href='../elts/us-gaap-2013-01-31.xsd#us-gaap_PropertyPlantAndEquipmentNet' xlink:label='loc_PropertyPlantAndEquipmentNet' xlink:type='locator' />
<link:loc xlink:href='../elts/us-gaap-2013-01-31.xsd#us-gaap_PropertyPlantAndEquipmentNetExcludingCapitalLeasedAssets' xlink:label='loc_PropertyPlantAndEquipmentNetExcludingCapitalLeasedAssets' xlink:type='locator' />
<link:loc xlink:href='../elts/us-gaap-2013-01-31.xsd#us-gaap_AccumulatedDepreciationDepletionAndAmortizationPropertyPlantAndEquipmentExcludingCapitalLeasedAssets' xlink:label='loc_AccumulatedDepreciationDepletionAndAmortizationPropertyPlantAndEquipmentExcludingCapitalLeasedAssets' xlink:type='locator' />
<link:loc xlink:href='../elts/us-gaap-2013-01-31.xsd#us-gaap_PropertyPlantAndEquipmentGrossExcludingCapitalLeasedAssets' xlink:label='loc_PropertyPlantAndEquipmentGrossExcludingCapitalLeasedAssets' xlink:type='locator' />
<link:loc xlink:href='../elts/us-gaap-2013-01-31.xsd#us-gaap_CapitalLeasesBalanceSheetAssetsByMajorClassNet' xlink:label='loc_CapitalLeasesBalanceSheetAssetsByMajorClassNet' xlink:type='locator' />
<link:loc xlink:href='../elts/us-gaap-2013-01-31.xsd#us-gaap_CapitalLeasedAssetsGross' xlink:label='loc_CapitalLeasedAssetsGross' xlink:type='locator' />
<link:loc xlink:href='../elts/us-gaap-2013-01-31.xsd#us-gaap_CapitalLeasesLesseeBalanceSheetAssetsByMajorClassAccumulatedDeprecation' xlink:label='loc_CapitalLeasesLesseeBalanceSheetAssetsByMajorClassAccumulatedDeprecation' xlink:type='locator' />
<link:calculationArc order='10' weight='1.0' xlink:arcrole='http://www.xbrl.org/2003/arcrole/summation-item' xlink:from='loc_PropertyPlantAndEquipmentNet' xlink:to='loc_PropertyPlantAndEquipmentNetExcludingCapitalLeasedAssets' xlink:type='arc' />
<link:calculationArc order='10' weight='-1.0' xlink:arcrole='http://www.xbrl.org/2003/arcrole/summation-item' xlink:from='loc_PropertyPlantAndEquipmentNetExcludingCapitalLeasedAssets' xlink:to='loc_AccumulatedDepreciationDepletionAndAmortizationPropertyPlantAndEquipmentExcludingCapitalLeasedAssets' xlink:type='arc' />
<link:calculationArc order='20' weight='1.0' xlink:arcrole='http://www.xbrl.org/2003/arcrole/summation-item' xlink:from='loc_PropertyPlantAndEquipmentNetExcludingCapitalLeasedAssets' xlink:to='loc_PropertyPlantAndEquipmentGrossExcludingCapitalLeasedAssets' xlink:type='arc' />
<link:calculationArc order='20' weight='1.0' xlink:arcrole='http://www.xbrl.org/2003/arcrole/summation-item' xlink:from='loc_PropertyPlantAndEquipmentNet' xlink:to='loc_CapitalLeasesBalanceSheetAssetsByMajorClassNet' xlink:type='arc' />
<link:calculationArc order='10' weight='1.0' xlink:arcrole='http://www.xbrl.org/2003/arcrole/summation-item' xlink:from='loc_CapitalLeasesBalanceSheetAssetsByMajorClassNet' xlink:to='loc_CapitalLeasedAssetsGross' xlink:type='arc' />
<link:calculationArc order='20' weight='-1.0' xlink:arcrole='http://www.xbrl.org/2003/arcrole/summation-item' xlink:from='loc_CapitalLeasesBalanceSheetAssetsByMajorClassNet' xlink:to='loc_CapitalLeasesLesseeBalanceSheetAssetsByMajorClassAccumulatedDeprecation' xlink:type='arc' />
</link:calculationLink>
</link:linkbase>
