<?xml version='1.0' encoding='UTF-8'?>

<!--
(c) XBRL US, Inc. 2007-2010; Financial Accounting Foundation, Inc. 2010-2013.  All Rights Reserved.
Notice: Authorized Uses are Set Forth at http://xbrl.fasb.org/terms/TaxonomiesTermsConditions.html
  -->
<link:linkbase xmlns:link='http://www.xbrl.org/2003/linkbase' xmlns:xbrldt='http://xbrl.org/2005/xbrldt' xmlns:xlink='http://www.w3.org/1999/xlink' xmlns:xsi='http://www.w3.org/2001/XMLSchema-instance' xsi:schemaLocation='http://www.xbrl.org/2003/linkbase http://www.xbrl.org/2003/xbrl-linkbase-2003-12-31.xsd'>
<link:roleRef roleURI='http://fasb.org/us-gaap/role/disclosure/SECScheduleArticle12-17Reinsurance' xlink:href='../elts/us-roles-2013-01-31.xsd#sec-reins' xlink:type='simple' />
<link:presentationLink xlink:role='http://fasb.org/us-gaap/role/disclosure/SECScheduleArticle12-17Reinsurance' xlink:type='extended'>
<link:loc xlink:href='../elts/us-gaap-2013-01-31.xsd#us-gaap_ReinsurancePremiumsForInsuranceCompaniesByProductSegmentAxis' xlink:label='loc_ReinsurancePremiumsForInsuranceCompaniesByProductSegmentAxis' xlink:type='locator' />
<link:loc xlink:href='../elts/us-gaap-2013-01-31.xsd#us-gaap_ReinsurancePremiumsForInsuranceCompaniesByProductSegmentDomain' xlink:label='loc_ReinsurancePremiumsForInsuranceCompaniesByProductSegmentDomain' xlink:type='locator' />
<link:loc xlink:href='../elts/us-gaap-2013-01-31.xsd#us-gaap_LifeAndAnnuityInsuranceProductLineMember' xlink:label='loc_LifeAndAnnuityInsuranceProductLineMember' xlink:type='locator' />
<link:loc xlink:href='../elts/us-gaap-2013-01-31.xsd#us-gaap_LifeInsuranceSegmentMember' xlink:label='loc_LifeInsuranceSegmentMember' xlink:type='locator' />
<link:loc xlink:href='../elts/us-gaap-2013-01-31.xsd#us-gaap_InvestmentsSegmentMember' xlink:label='loc_InvestmentsSegmentMember' xlink:type='locator' />
<link:loc xlink:href='../elts/us-gaap-2013-01-31.xsd#us-gaap_AccidentAndHealthInsuranceSegmentMember' xlink:label='loc_AccidentAndHealthInsuranceSegmentMember' xlink:type='locator' />
<link:loc xlink:href='../elts/us-gaap-2013-01-31.xsd#us-gaap_HealthInsuranceProductLineMember' xlink:label='loc_HealthInsuranceProductLineMember' xlink:type='locator' />
<link:loc xlink:href='../elts/us-gaap-2013-01-31.xsd#us-gaap_FinancialGuaranteeInsuranceSegmentMember' xlink:label='loc_FinancialGuaranteeInsuranceSegmentMember' xlink:type='locator' />
<link:loc xlink:href='../elts/us-gaap-2013-01-31.xsd#us-gaap_PropertyLiabilityAndCasualtyInsuranceSegmentMember' xlink:label='loc_PropertyLiabilityAndCasualtyInsuranceSegmentMember' xlink:type='locator' />
<link:loc xlink:href='../elts/us-gaap-2013-01-31.xsd#us-gaap_PropertyInsuranceProductLineMember' xlink:label='loc_PropertyInsuranceProductLineMember' xlink:type='locator' />
<link:loc xlink:href='../elts/us-gaap-2013-01-31.xsd#us-gaap_SuretySegmentMember' xlink:label='loc_SuretySegmentMember' xlink:type='locator' />
<link:loc xlink:href='../elts/us-gaap-2013-01-31.xsd#us-gaap_TitleInsuranceSegmentMember' xlink:label='loc_TitleInsuranceSegmentMember' xlink:type='locator' />
<link:loc xlink:href='../elts/us-gaap-2013-01-31.xsd#us-gaap_OtherInsuranceProductLineMember' xlink:label='loc_OtherInsuranceProductLineMember' xlink:type='locator' />
<link:loc xlink:href='../elts/us-gaap-2013-01-31.xsd#us-gaap_GroupPoliciesMember' xlink:label='loc_GroupPoliciesMember' xlink:type='locator' />
<link:loc xlink:href='../elts/us-gaap-2013-01-31.xsd#us-gaap_IndividualPoliciesMember' xlink:label='loc_IndividualPoliciesMember' xlink:type='locator' />
<link:loc xlink:href='../elts/us-gaap-2013-01-31.xsd#us-gaap_ReinsurancePremiumsForInsuranceCompaniesByProductSegmentNetAmountAbstract' xlink:label='loc_ReinsurancePremiumsForInsuranceCompaniesByProductSegmentNetAmountAbstract' xlink:type='locator' />
<link:loc xlink:href='../elts/us-gaap-2013-01-31.xsd#us-gaap_DirectPremiumsEarned' xlink:label='loc_DirectPremiumsEarned' xlink:type='locator' />
<link:loc xlink:href='../elts/us-gaap-2013-01-31.xsd#us-gaap_CededPremiumsEarned' xlink:label='loc_CededPremiumsEarned' xlink:type='locator' />
<link:loc xlink:href='../elts/us-gaap-2013-01-31.xsd#us-gaap_AssumedPremiumsEarned' xlink:label='loc_AssumedPremiumsEarned' xlink:type='locator' />
<link:loc xlink:href='../elts/us-gaap-2013-01-31.xsd#us-gaap_PremiumsEarnedNet' xlink:label='loc_PremiumsEarnedNet' xlink:type='locator' />
<link:loc xlink:href='../elts/us-gaap-2013-01-31.xsd#us-gaap_PremiumsNetLifeInsuranceInForceAbstract' xlink:label='loc_PremiumsNetLifeInsuranceInForceAbstract' xlink:type='locator' />
<link:loc xlink:href='../elts/us-gaap-2013-01-31.xsd#us-gaap_DirectPremiumsLifeInsuranceInForce' xlink:label='loc_DirectPremiumsLifeInsuranceInForce' xlink:type='locator' />
<link:loc xlink:href='../elts/us-gaap-2013-01-31.xsd#us-gaap_CededPremiumsLifeInsuranceInForce' xlink:label='loc_CededPremiumsLifeInsuranceInForce' xlink:type='locator' />
<link:loc xlink:href='../elts/us-gaap-2013-01-31.xsd#us-gaap_AssumedPremiumsLifeInsuranceInForce' xlink:label='loc_AssumedPremiumsLifeInsuranceInForce' xlink:type='locator' />
<link:loc xlink:href='../elts/us-gaap-2013-01-31.xsd#us-gaap_PremiumsNetLifeInsuranceInForce' xlink:label='loc_PremiumsNetLifeInsuranceInForce' xlink:type='locator' />
<link:loc xlink:href='../elts/us-gaap-2013-01-31.xsd#us-gaap_PropertyAndCasualtyPersonalInsuranceProductLineMember' xlink:label='loc_PropertyAndCasualtyPersonalInsuranceProductLineMember' xlink:type='locator' />
<link:loc xlink:href='../elts/us-gaap-2013-01-31.xsd#us-gaap_PropertyAndCasualtyCommercialInsuranceProductLineMember' xlink:label='loc_PropertyAndCasualtyCommercialInsuranceProductLineMember' xlink:type='locator' />
<link:loc xlink:href='../elts/us-gaap-2013-01-31.xsd#us-gaap_ReinsurancePremiumsForInsuranceCompaniesByProductSegmentLineItems' xlink:label='loc_ReinsurancePremiumsForInsuranceCompaniesByProductSegmentLineItems' xlink:type='locator' />
<link:loc xlink:href='../elts/us-gaap-2013-01-31.xsd#us-gaap_LifeInsuranceInForcePremiumsPercentageAssumedToNet' xlink:label='loc_LifeInsuranceInForcePremiumsPercentageAssumedToNet' xlink:type='locator' />
<link:loc xlink:href='../elts/us-gaap-2013-01-31.xsd#us-gaap_PremiumsPercentageAssumedToNet' xlink:label='loc_PremiumsPercentageAssumedToNet' xlink:type='locator' />
<link:loc xlink:href='../elts/us-gaap-2013-01-31.xsd#us-gaap_ReinsurancePremiumsForInsuranceCompaniesByProductSegmentTable' xlink:label='loc_ReinsurancePremiumsForInsuranceCompaniesByProductSegmentTable' xlink:type='locator' />
<link:loc xlink:href='../elts/us-gaap-2013-01-31.xsd#us-gaap_SupplementalScheduleOfReinsurancePremiumsForInsuranceCompaniesAbstract' xlink:label='loc_SupplementalScheduleOfReinsurancePremiumsForInsuranceCompaniesAbstract' xlink:type='locator' />
<link:loc xlink:href='../elts/us-gaap-2013-01-31.xsd#us-gaap_SupplementalScheduleOfReinsurancePremiumsForInsuranceCompaniesTextBlock' xlink:label='loc_SupplementalScheduleOfReinsurancePremiumsForInsuranceCompaniesTextBlock' xlink:type='locator' />
<link:presentationArc order='10' use='optional' xlink:arcrole='http://www.xbrl.org/2003/arcrole/parent-child' xlink:from='loc_ReinsurancePremiumsForInsuranceCompaniesByProductSegmentAxis' xlink:to='loc_ReinsurancePremiumsForInsuranceCompaniesByProductSegmentDomain' xlink:type='arc' />
<link:presentationArc order='10' xlink:arcrole='http://www.xbrl.org/2003/arcrole/parent-child' xlink:from='loc_ReinsurancePremiumsForInsuranceCompaniesByProductSegmentDomain' xlink:to='loc_LifeAndAnnuityInsuranceProductLineMember' xlink:type='arc' />
<link:presentationArc order='20' xlink:arcrole='http://www.xbrl.org/2003/arcrole/parent-child' xlink:from='loc_ReinsurancePremiumsForInsuranceCompaniesByProductSegmentDomain' xlink:to='loc_LifeInsuranceSegmentMember' xlink:type='arc' />
<link:presentationArc order='30' xlink:arcrole='http://www.xbrl.org/2003/arcrole/parent-child' xlink:from='loc_ReinsurancePremiumsForInsuranceCompaniesByProductSegmentDomain' xlink:to='loc_InvestmentsSegmentMember' xlink:type='arc' />
<link:presentationArc order='40' xlink:arcrole='http://www.xbrl.org/2003/arcrole/parent-child' xlink:from='loc_ReinsurancePremiumsForInsuranceCompaniesByProductSegmentDomain' xlink:to='loc_AccidentAndHealthInsuranceSegmentMember' xlink:type='arc' />
<link:presentationArc order='50' xlink:arcrole='http://www.xbrl.org/2003/arcrole/parent-child' xlink:from='loc_ReinsurancePremiumsForInsuranceCompaniesByProductSegmentDomain' xlink:to='loc_HealthInsuranceProductLineMember' xlink:type='arc' />
<link:presentationArc order='60' xlink:arcrole='http://www.xbrl.org/2003/arcrole/parent-child' xlink:from='loc_ReinsurancePremiumsForInsuranceCompaniesByProductSegmentDomain' xlink:to='loc_FinancialGuaranteeInsuranceSegmentMember' xlink:type='arc' />
<link:presentationArc order='70' xlink:arcrole='http://www.xbrl.org/2003/arcrole/parent-child' xlink:from='loc_ReinsurancePremiumsForInsuranceCompaniesByProductSegmentDomain' xlink:to='loc_PropertyLiabilityAndCasualtyInsuranceSegmentMember' xlink:type='arc' />
<link:presentationArc order='80' xlink:arcrole='http://www.xbrl.org/2003/arcrole/parent-child' xlink:from='loc_ReinsurancePremiumsForInsuranceCompaniesByProductSegmentDomain' xlink:to='loc_PropertyInsuranceProductLineMember' xlink:type='arc' />
<link:presentationArc order='90' xlink:arcrole='http://www.xbrl.org/2003/arcrole/parent-child' xlink:from='loc_ReinsurancePremiumsForInsuranceCompaniesByProductSegmentDomain' xlink:to='loc_SuretySegmentMember' xlink:type='arc' />
<link:presentationArc order='100' xlink:arcrole='http://www.xbrl.org/2003/arcrole/parent-child' xlink:from='loc_ReinsurancePremiumsForInsuranceCompaniesByProductSegmentDomain' xlink:to='loc_TitleInsuranceSegmentMember' xlink:type='arc' />
<link:presentationArc order='110' xlink:arcrole='http://www.xbrl.org/2003/arcrole/parent-child' xlink:from='loc_ReinsurancePremiumsForInsuranceCompaniesByProductSegmentDomain' xlink:to='loc_OtherInsuranceProductLineMember' xlink:type='arc' />
<link:presentationArc order='120' xlink:arcrole='http://www.xbrl.org/2003/arcrole/parent-child' xlink:from='loc_ReinsurancePremiumsForInsuranceCompaniesByProductSegmentDomain' xlink:to='loc_GroupPoliciesMember' xlink:type='arc' />
<link:presentationArc order='130' xlink:arcrole='http://www.xbrl.org/2003/arcrole/parent-child' xlink:from='loc_ReinsurancePremiumsForInsuranceCompaniesByProductSegmentDomain' xlink:to='loc_IndividualPoliciesMember' xlink:type='arc' />
<link:presentationArc order='10' xlink:arcrole='http://www.xbrl.org/2003/arcrole/parent-child' xlink:from='loc_ReinsurancePremiumsForInsuranceCompaniesByProductSegmentNetAmountAbstract' xlink:to='loc_DirectPremiumsEarned' xlink:type='arc' />
<link:presentationArc order='20' xlink:arcrole='http://www.xbrl.org/2003/arcrole/parent-child' xlink:from='loc_ReinsurancePremiumsForInsuranceCompaniesByProductSegmentNetAmountAbstract' xlink:to='loc_CededPremiumsEarned' xlink:type='arc' />
<link:presentationArc order='30' xlink:arcrole='http://www.xbrl.org/2003/arcrole/parent-child' xlink:from='loc_ReinsurancePremiumsForInsuranceCompaniesByProductSegmentNetAmountAbstract' xlink:to='loc_AssumedPremiumsEarned' xlink:type='arc' />
<link:presentationArc order='40' preferredLabel='http://www.xbrl.org/2003/role/totalLabel' xlink:arcrole='http://www.xbrl.org/2003/arcrole/parent-child' xlink:from='loc_ReinsurancePremiumsForInsuranceCompaniesByProductSegmentNetAmountAbstract' xlink:to='loc_PremiumsEarnedNet' xlink:type='arc' />
<link:presentationArc order='10' xlink:arcrole='http://www.xbrl.org/2003/arcrole/parent-child' xlink:from='loc_PremiumsNetLifeInsuranceInForceAbstract' xlink:to='loc_DirectPremiumsLifeInsuranceInForce' xlink:type='arc' />
<link:presentationArc order='20' xlink:arcrole='http://www.xbrl.org/2003/arcrole/parent-child' xlink:from='loc_PremiumsNetLifeInsuranceInForceAbstract' xlink:to='loc_CededPremiumsLifeInsuranceInForce' xlink:type='arc' />
<link:presentationArc order='30' xlink:arcrole='http://www.xbrl.org/2003/arcrole/parent-child' xlink:from='loc_PremiumsNetLifeInsuranceInForceAbstract' xlink:to='loc_AssumedPremiumsLifeInsuranceInForce' xlink:type='arc' />
<link:presentationArc order='40' preferredLabel='http://www.xbrl.org/2003/role/totalLabel' xlink:arcrole='http://www.xbrl.org/2003/arcrole/parent-child' xlink:from='loc_PremiumsNetLifeInsuranceInForceAbstract' xlink:to='loc_PremiumsNetLifeInsuranceInForce' xlink:type='arc' />
<link:presentationArc order='10' xlink:arcrole='http://www.xbrl.org/2003/arcrole/parent-child' xlink:from='loc_PropertyLiabilityAndCasualtyInsuranceSegmentMember' xlink:to='loc_PropertyAndCasualtyPersonalInsuranceProductLineMember' xlink:type='arc' />
<link:presentationArc order='20' xlink:arcrole='http://www.xbrl.org/2003/arcrole/parent-child' xlink:from='loc_PropertyLiabilityAndCasualtyInsuranceSegmentMember' xlink:to='loc_PropertyAndCasualtyCommercialInsuranceProductLineMember' xlink:type='arc' />
<link:presentationArc order='10' xlink:arcrole='http://www.xbrl.org/2003/arcrole/parent-child' xlink:from='loc_ReinsurancePremiumsForInsuranceCompaniesByProductSegmentLineItems' xlink:to='loc_ReinsurancePremiumsForInsuranceCompaniesByProductSegmentNetAmountAbstract' xlink:type='arc' />
<link:presentationArc order='20' xlink:arcrole='http://www.xbrl.org/2003/arcrole/parent-child' xlink:from='loc_ReinsurancePremiumsForInsuranceCompaniesByProductSegmentLineItems' xlink:to='loc_PremiumsNetLifeInsuranceInForceAbstract' xlink:type='arc' />
<link:presentationArc order='30' xlink:arcrole='http://www.xbrl.org/2003/arcrole/parent-child' xlink:from='loc_ReinsurancePremiumsForInsuranceCompaniesByProductSegmentLineItems' xlink:to='loc_LifeInsuranceInForcePremiumsPercentageAssumedToNet' xlink:type='arc' />
<link:presentationArc order='40' xlink:arcrole='http://www.xbrl.org/2003/arcrole/parent-child' xlink:from='loc_ReinsurancePremiumsForInsuranceCompaniesByProductSegmentLineItems' xlink:to='loc_PremiumsPercentageAssumedToNet' xlink:type='arc' />
<link:presentationArc order='10' use='optional' xlink:arcrole='http://www.xbrl.org/2003/arcrole/parent-child' xlink:from='loc_ReinsurancePremiumsForInsuranceCompaniesByProductSegmentTable' xlink:to='loc_ReinsurancePremiumsForInsuranceCompaniesByProductSegmentAxis' xlink:type='arc' />
<link:presentationArc order='20' use='optional' xlink:arcrole='http://www.xbrl.org/2003/arcrole/parent-child' xlink:from='loc_ReinsurancePremiumsForInsuranceCompaniesByProductSegmentTable' xlink:to='loc_ReinsurancePremiumsForInsuranceCompaniesByProductSegmentLineItems' xlink:type='arc' />
<link:presentationArc order='10' use='optional' xlink:arcrole='http://www.xbrl.org/2003/arcrole/parent-child' xlink:from='loc_SupplementalScheduleOfReinsurancePremiumsForInsuranceCompaniesAbstract' xlink:to='loc_SupplementalScheduleOfReinsurancePremiumsForInsuranceCompaniesTextBlock' xlink:type='arc' />
<link:presentationArc order='10' xlink:arcrole='http://www.xbrl.org/2003/arcrole/parent-child' xlink:from='loc_SupplementalScheduleOfReinsurancePremiumsForInsuranceCompaniesTextBlock' xlink:to='loc_ReinsurancePremiumsForInsuranceCompaniesByProductSegmentTable' xlink:type='arc' />
</link:presentationLink>
</link:linkbase>
