<?xml version='1.0' encoding='UTF-8'?>

<!--
(c) XBRL US, Inc. 2007-2010; Financial Accounting Foundation, Inc. 2010-2013.  All Rights Reserved.
Notice: Authorized Uses are Set Forth at http://xbrl.fasb.org/terms/TaxonomiesTermsConditions.html
  -->
<link:linkbase xmlns:link='http://www.xbrl.org/2003/linkbase' xmlns:xbrldt='http://xbrl.org/2005/xbrldt' xmlns:xlink='http://www.w3.org/1999/xlink' xmlns:xsi='http://www.w3.org/2001/XMLSchema-instance' xsi:schemaLocation='http://www.xbrl.org/2003/linkbase http://www.xbrl.org/2003/xbrl-linkbase-2003-12-31.xsd'>
<link:roleRef roleURI='http://fasb.org/us-gaap/role/disclosure/InvestmentsDebtAndEquitySecuritiesAlternative' xlink:href='../elts/us-roles-2013-01-31.xsd#idesa' xlink:type='simple' />
<link:calculationLink xlink:role='http://fasb.org/us-gaap/role/disclosure/InvestmentsDebtAndEquitySecuritiesAlternative' xlink:type='extended'>
<link:loc xlink:href='../elts/us-gaap-2013-01-31.xsd#us-gaap_AllowanceForDoubtfulAccountsReceivablePeriodIncreaseDecrease' xlink:label='loc_AllowanceForDoubtfulAccountsReceivablePeriodIncreaseDecrease' xlink:type='locator' />
<link:loc xlink:href='../elts/us-gaap-2013-01-31.xsd#us-gaap_AllowanceForDoubtfulAccountsReceivableWriteOffs' xlink:label='loc_AllowanceForDoubtfulAccountsReceivableWriteOffs' xlink:type='locator' />
<link:loc xlink:href='../elts/us-gaap-2013-01-31.xsd#us-gaap_AllowanceForDoubtfulAccountsReceivableRecoveries' xlink:label='loc_AllowanceForDoubtfulAccountsReceivableRecoveries' xlink:type='locator' />
<link:loc xlink:href='../elts/us-gaap-2013-01-31.xsd#us-gaap_ProvisionForDoubtfulAccounts' xlink:label='loc_ProvisionForDoubtfulAccounts' xlink:type='locator' />
<link:loc xlink:href='../elts/us-gaap-2013-01-31.xsd#us-gaap_AvailableForSaleSecuritiesAndHeldToMaturitySecurities' xlink:label='loc_AvailableForSaleSecuritiesAndHeldToMaturitySecurities' xlink:type='locator' />
<link:loc xlink:href='../elts/us-gaap-2013-01-31.xsd#us-gaap_AvailableForSaleSecurities' xlink:label='loc_AvailableForSaleSecurities' xlink:type='locator' />
<link:loc xlink:href='../elts/us-gaap-2013-01-31.xsd#us-gaap_HeldToMaturitySecurities' xlink:label='loc_HeldToMaturitySecurities' xlink:type='locator' />
<link:loc xlink:href='../elts/us-gaap-2013-01-31.xsd#us-gaap_AvailableForSaleSecuritiesDebtMaturitiesAmortizedCost' xlink:label='loc_AvailableForSaleSecuritiesDebtMaturitiesAmortizedCost' xlink:type='locator' />
<link:loc xlink:href='../elts/us-gaap-2013-01-31.xsd#us-gaap_AvailableForSaleSecuritiesDebtMaturitiesWithoutSingleMaturityDateAmortizedCost' xlink:label='loc_AvailableForSaleSecuritiesDebtMaturitiesWithoutSingleMaturityDateAmortizedCost' xlink:type='locator' />
<link:loc xlink:href='../elts/us-gaap-2013-01-31.xsd#us-gaap_AvailableForSaleSecuritiesDebtMaturitiesSingleMaturityDateAmortizedCostBasis' xlink:label='loc_AvailableForSaleSecuritiesDebtMaturitiesSingleMaturityDateAmortizedCostBasis' xlink:type='locator' />
<link:loc xlink:href='../elts/us-gaap-2013-01-31.xsd#us-gaap_AvailableForSaleSecuritiesDebtMaturitiesNextRollingTwelveMonthsAmortizedCostBasis' xlink:label='loc_AvailableForSaleSecuritiesDebtMaturitiesNextRollingTwelveMonthsAmortizedCostBasis' xlink:type='locator' />
<link:loc xlink:href='../elts/us-gaap-2013-01-31.xsd#us-gaap_AvailableForSaleSecuritiesDebtMaturitiesRollingYearTwoThroughFiveAmortizedCostBasis' xlink:label='loc_AvailableForSaleSecuritiesDebtMaturitiesRollingYearTwoThroughFiveAmortizedCostBasis' xlink:type='locator' />
<link:loc xlink:href='../elts/us-gaap-2013-01-31.xsd#us-gaap_AvailableForSaleSecuritiesDebtMaturitiesRollingYearSixThroughTenAmortizedCostBasis' xlink:label='loc_AvailableForSaleSecuritiesDebtMaturitiesRollingYearSixThroughTenAmortizedCostBasis' xlink:type='locator' />
<link:loc xlink:href='../elts/us-gaap-2013-01-31.xsd#us-gaap_AvailableForSaleSecuritiesDebtMaturitiesRollingAfterYearTenAmortizedCostBasis' xlink:label='loc_AvailableForSaleSecuritiesDebtMaturitiesRollingAfterYearTenAmortizedCostBasis' xlink:type='locator' />
<link:loc xlink:href='../elts/us-gaap-2013-01-31.xsd#us-gaap_GainLossOnInvestmentsExcludingOtherThanTemporaryImpairments' xlink:label='loc_GainLossOnInvestmentsExcludingOtherThanTemporaryImpairments' xlink:type='locator' />
<link:loc xlink:href='../elts/us-gaap-2013-01-31.xsd#us-gaap_RealizedGainLossOnMarketableSecuritiesAndCostMethodInvestmentsExcludingOtherThanTemporaryImpairmentsAndOtherInvestments' xlink:label='loc_RealizedGainLossOnMarketableSecuritiesAndCostMethodInvestmentsExcludingOtherThanTemporaryImpairmentsAndOtherInvestments' xlink:type='locator' />
<link:loc xlink:href='../elts/us-gaap-2013-01-31.xsd#us-gaap_MarketableSecuritiesRealizedGainLossExcludingOtherThanTemporaryImpairments' xlink:label='loc_MarketableSecuritiesRealizedGainLossExcludingOtherThanTemporaryImpairments' xlink:type='locator' />
<link:loc xlink:href='../elts/us-gaap-2013-01-31.xsd#us-gaap_TradingSecuritiesRealizedGainLoss' xlink:label='loc_TradingSecuritiesRealizedGainLoss' xlink:type='locator' />
<link:loc xlink:href='../elts/us-gaap-2013-01-31.xsd#us-gaap_TradingSecuritiesRealizedGain' xlink:label='loc_TradingSecuritiesRealizedGain' xlink:type='locator' />
<link:loc xlink:href='../elts/us-gaap-2013-01-31.xsd#us-gaap_TradingSecuritiesRealizedLoss' xlink:label='loc_TradingSecuritiesRealizedLoss' xlink:type='locator' />
<link:loc xlink:href='../elts/us-gaap-2013-01-31.xsd#us-gaap_AvailableforsaleSecuritiesGrossRealizedGainLossExcludingOtherThanTemporaryImpairments' xlink:label='loc_AvailableforsaleSecuritiesGrossRealizedGainLossExcludingOtherThanTemporaryImpairments' xlink:type='locator' />
<link:loc xlink:href='../elts/us-gaap-2013-01-31.xsd#us-gaap_HeldtomaturitySecuritiesSoldSecurityRealizedGainLossExcludingOtherThanTemporaryImpairments' xlink:label='loc_HeldtomaturitySecuritiesSoldSecurityRealizedGainLossExcludingOtherThanTemporaryImpairments' xlink:type='locator' />
<link:loc xlink:href='../elts/us-gaap-2013-01-31.xsd#us-gaap_CostmethodInvestmentsRealizedGainLossExcludingOtherThanTemporaryImpairments' xlink:label='loc_CostmethodInvestmentsRealizedGainLossExcludingOtherThanTemporaryImpairments' xlink:type='locator' />
<link:loc xlink:href='../elts/us-gaap-2013-01-31.xsd#us-gaap_MarketableSecuritiesUnrealizedGainLossExcludingOtherThanTemporaryImpairments' xlink:label='loc_MarketableSecuritiesUnrealizedGainLossExcludingOtherThanTemporaryImpairments' xlink:type='locator' />
<link:loc xlink:href='../elts/us-gaap-2013-01-31.xsd#us-gaap_TradingSecuritiesUnrealizedHoldingGainLoss' xlink:label='loc_TradingSecuritiesUnrealizedHoldingGainLoss' xlink:type='locator' />
<link:loc xlink:href='../elts/us-gaap-2013-01-31.xsd#us-gaap_TradingSecuritiesUnrealizedHoldingGain' xlink:label='loc_TradingSecuritiesUnrealizedHoldingGain' xlink:type='locator' />
<link:loc xlink:href='../elts/us-gaap-2013-01-31.xsd#us-gaap_TradingSecuritiesUnrealizedHoldingLoss' xlink:label='loc_TradingSecuritiesUnrealizedHoldingLoss' xlink:type='locator' />
<link:loc xlink:href='../elts/us-gaap-2013-01-31.xsd#us-gaap_AvailableforsaleSecuritiesTransfersToTradingGainsLossesExcludingOtherThanTemporaryImpairments' xlink:label='loc_AvailableforsaleSecuritiesTransfersToTradingGainsLossesExcludingOtherThanTemporaryImpairments' xlink:type='locator' />
<link:loc xlink:href='../elts/us-gaap-2013-01-31.xsd#us-gaap_HeldtomaturitySecuritiesTransferredToTradingSecuritiesUnrealizedGainLossExcludingOtherThanTemporaryImpairments' xlink:label='loc_HeldtomaturitySecuritiesTransferredToTradingSecuritiesUnrealizedGainLossExcludingOtherThanTemporaryImpairments' xlink:type='locator' />
<link:loc xlink:href='../elts/us-gaap-2013-01-31.xsd#us-gaap_HeldToMaturitySecuritiesFairValue' xlink:label='loc_HeldToMaturitySecuritiesFairValue' xlink:type='locator' />
<link:loc xlink:href='../elts/us-gaap-2013-01-31.xsd#us-gaap_HeldToMaturitySecuritiesDebtMaturitiesWithoutSingleMaturityDateFairValue' xlink:label='loc_HeldToMaturitySecuritiesDebtMaturitiesWithoutSingleMaturityDateFairValue' xlink:type='locator' />
<link:loc xlink:href='../elts/us-gaap-2013-01-31.xsd#us-gaap_HeldToMaturitySecuritiesDebtMaturitiesSingleMaturityDateFairValue' xlink:label='loc_HeldToMaturitySecuritiesDebtMaturitiesSingleMaturityDateFairValue' xlink:type='locator' />
<link:loc xlink:href='../elts/us-gaap-2013-01-31.xsd#us-gaap_HeldToMaturitySecuritiesDebtMaturitiesNextRollingTwelveMonthsFairValue' xlink:label='loc_HeldToMaturitySecuritiesDebtMaturitiesNextRollingTwelveMonthsFairValue' xlink:type='locator' />
<link:loc xlink:href='../elts/us-gaap-2013-01-31.xsd#us-gaap_HeldToMaturitySecuritiesDebtMaturitiesRollingYearTwoThroughFiveFairValue' xlink:label='loc_HeldToMaturitySecuritiesDebtMaturitiesRollingYearTwoThroughFiveFairValue' xlink:type='locator' />
<link:loc xlink:href='../elts/us-gaap-2013-01-31.xsd#us-gaap_HeldToMaturitySecuritiesDebtMaturitiesRollingYearSixThroughTenFairValue' xlink:label='loc_HeldToMaturitySecuritiesDebtMaturitiesRollingYearSixThroughTenFairValue' xlink:type='locator' />
<link:loc xlink:href='../elts/us-gaap-2013-01-31.xsd#us-gaap_HeldToMaturitySecuritiesDebtMaturitiesRollingAfterTenYearsFairValue' xlink:label='loc_HeldToMaturitySecuritiesDebtMaturitiesRollingAfterTenYearsFairValue' xlink:type='locator' />
<link:loc xlink:href='../elts/us-gaap-2013-01-31.xsd#us-gaap_MarketableSecurities' xlink:label='loc_MarketableSecurities' xlink:type='locator' />
<link:loc xlink:href='../elts/us-gaap-2013-01-31.xsd#us-gaap_MarketableSecuritiesFixedMaturities' xlink:label='loc_MarketableSecuritiesFixedMaturities' xlink:type='locator' />
<link:loc xlink:href='../elts/us-gaap-2013-01-31.xsd#us-gaap_TradingSecuritiesDebt' xlink:label='loc_TradingSecuritiesDebt' xlink:type='locator' />
<link:loc xlink:href='../elts/us-gaap-2013-01-31.xsd#us-gaap_AvailableForSaleSecuritiesDebtSecurities' xlink:label='loc_AvailableForSaleSecuritiesDebtSecurities' xlink:type='locator' />
<link:loc xlink:href='../elts/us-gaap-2013-01-31.xsd#us-gaap_MarketableSecuritiesEquitySecurities' xlink:label='loc_MarketableSecuritiesEquitySecurities' xlink:type='locator' />
<link:loc xlink:href='../elts/us-gaap-2013-01-31.xsd#us-gaap_TradingSecuritiesEquity' xlink:label='loc_TradingSecuritiesEquity' xlink:type='locator' />
<link:loc xlink:href='../elts/us-gaap-2013-01-31.xsd#us-gaap_AvailableForSaleSecuritiesEquitySecurities' xlink:label='loc_AvailableForSaleSecuritiesEquitySecurities' xlink:type='locator' />
<link:loc xlink:href='../elts/us-gaap-2013-01-31.xsd#us-gaap_TradingSecuritiesOther' xlink:label='loc_TradingSecuritiesOther' xlink:type='locator' />
<link:loc xlink:href='../elts/us-gaap-2013-01-31.xsd#us-gaap_MarketableSecuritiesCurrent' xlink:label='loc_MarketableSecuritiesCurrent' xlink:type='locator' />
<link:loc xlink:href='../elts/us-gaap-2013-01-31.xsd#us-gaap_MarketableSecuritiesEquitySecuritiesCurrent' xlink:label='loc_MarketableSecuritiesEquitySecuritiesCurrent' xlink:type='locator' />
<link:loc xlink:href='../elts/us-gaap-2013-01-31.xsd#us-gaap_TradingSecuritiesEquityCurrent' xlink:label='loc_TradingSecuritiesEquityCurrent' xlink:type='locator' />
<link:loc xlink:href='../elts/us-gaap-2013-01-31.xsd#us-gaap_AvailableForSaleSecuritiesEquitySecuritiesCurrent' xlink:label='loc_AvailableForSaleSecuritiesEquitySecuritiesCurrent' xlink:type='locator' />
<link:loc xlink:href='../elts/us-gaap-2013-01-31.xsd#us-gaap_MarketableSecuritiesFixedMaturitiesCurrent' xlink:label='loc_MarketableSecuritiesFixedMaturitiesCurrent' xlink:type='locator' />
<link:loc xlink:href='../elts/us-gaap-2013-01-31.xsd#us-gaap_HeldToMaturitySecuritiesCurrent' xlink:label='loc_HeldToMaturitySecuritiesCurrent' xlink:type='locator' />
<link:loc xlink:href='../elts/us-gaap-2013-01-31.xsd#us-gaap_AvailableForSaleSecuritiesDebtSecuritiesCurrent' xlink:label='loc_AvailableForSaleSecuritiesDebtSecuritiesCurrent' xlink:type='locator' />
<link:loc xlink:href='../elts/us-gaap-2013-01-31.xsd#us-gaap_OtherMarketableSecuritiesCurrent' xlink:label='loc_OtherMarketableSecuritiesCurrent' xlink:type='locator' />
<link:loc xlink:href='../elts/us-gaap-2013-01-31.xsd#us-gaap_NetRealizedOrUnrealizedGainLossOnTradingSecurities' xlink:label='loc_NetRealizedOrUnrealizedGainLossOnTradingSecurities' xlink:type='locator' />
<link:loc xlink:href='../elts/us-gaap-2013-01-31.xsd#us-gaap_ImpairmentOfInvestments' xlink:label='loc_ImpairmentOfInvestments' xlink:type='locator' />
<link:loc xlink:href='../elts/us-gaap-2013-01-31.xsd#us-gaap_OtherThanTemporaryImpairmentLossesInvestmentsAvailableforsaleSecurities' xlink:label='loc_OtherThanTemporaryImpairmentLossesInvestmentsAvailableforsaleSecurities' xlink:type='locator' />
<link:loc xlink:href='../elts/us-gaap-2013-01-31.xsd#us-gaap_OtherThanTemporaryImpairmentLossesInvestmentsPortionInOtherComprehensiveIncomeLossBeforeTaxIncludingPortionAttributableToNoncontrollingInterestAvailableforsaleSecurities' xlink:label='loc_OtherThanTemporaryImpairmentLossesInvestmentsPortionInOtherComprehensiveIncomeLossBeforeTaxIncludingPortionAttributableToNoncontrollingInterestAvailableforsaleSecurities' xlink:type='locator' />
<link:loc xlink:href='../elts/us-gaap-2013-01-31.xsd#us-gaap_OtherThanTemporaryImpairmentLossesInvestmentsPortionRecognizedInEarningsNetAvailableforsaleSecurities' xlink:label='loc_OtherThanTemporaryImpairmentLossesInvestmentsPortionRecognizedInEarningsNetAvailableforsaleSecurities' xlink:type='locator' />
<link:loc xlink:href='../elts/us-gaap-2013-01-31.xsd#us-gaap_OtherThanTemporaryImpairmentLossesInvestmentsHeldtomaturitySecurities' xlink:label='loc_OtherThanTemporaryImpairmentLossesInvestmentsHeldtomaturitySecurities' xlink:type='locator' />
<link:loc xlink:href='../elts/us-gaap-2013-01-31.xsd#us-gaap_OtherThanTemporaryImpairmentLossesInvestmentsPortionInOtherComprehensiveIncomeLossBeforeTaxIncludingPortionAttributableToNoncontrollingInterestHeldtomaturitySecurities' xlink:label='loc_OtherThanTemporaryImpairmentLossesInvestmentsPortionInOtherComprehensiveIncomeLossBeforeTaxIncludingPortionAttributableToNoncontrollingInterestHeldtomaturitySecurities' xlink:type='locator' />
<link:loc xlink:href='../elts/us-gaap-2013-01-31.xsd#us-gaap_OtherThanTemporaryImpairmentLossesInvestmentsPortionRecognizedInEarningsNetHeldtomaturitySecurities' xlink:label='loc_OtherThanTemporaryImpairmentLossesInvestmentsPortionRecognizedInEarningsNetHeldtomaturitySecurities' xlink:type='locator' />
<link:loc xlink:href='../elts/us-gaap-2013-01-31.xsd#us-gaap_CostmethodInvestmentsOtherThanTemporaryImpairment' xlink:label='loc_CostmethodInvestmentsOtherThanTemporaryImpairment' xlink:type='locator' />
<link:loc xlink:href='../elts/us-gaap-2013-01-31.xsd#us-gaap_RealizedGainLossOnMarketableSecuritiesCostMethodInvestmentsAndOtherInvestments' xlink:label='loc_RealizedGainLossOnMarketableSecuritiesCostMethodInvestmentsAndOtherInvestments' xlink:type='locator' />
<link:loc xlink:href='../elts/us-gaap-2013-01-31.xsd#us-gaap_MarketableSecuritiesRealizedGainLoss' xlink:label='loc_MarketableSecuritiesRealizedGainLoss' xlink:type='locator' />
<link:loc xlink:href='../elts/us-gaap-2013-01-31.xsd#us-gaap_AvailableForSaleSecuritiesGrossRealizedGainLossNet' xlink:label='loc_AvailableForSaleSecuritiesGrossRealizedGainLossNet' xlink:type='locator' />
<link:loc xlink:href='../elts/us-gaap-2013-01-31.xsd#us-gaap_HeldToMaturitySecuritiesSoldSecurityRealizedGainLoss' xlink:label='loc_HeldToMaturitySecuritiesSoldSecurityRealizedGainLoss' xlink:type='locator' />
<link:loc xlink:href='../elts/us-gaap-2013-01-31.xsd#us-gaap_CostMethodInvestmentsRealizedGainLoss' xlink:label='loc_CostMethodInvestmentsRealizedGainLoss' xlink:type='locator' />
<link:loc xlink:href='../elts/us-gaap-2013-01-31.xsd#us-gaap_RealizedInvestmentGainsLosses' xlink:label='loc_RealizedInvestmentGainsLosses' xlink:type='locator' />
<link:loc xlink:href='../elts/us-gaap-2013-01-31.xsd#us-gaap_GainLossOnSecuritizationOfFinancialAssets' xlink:label='loc_GainLossOnSecuritizationOfFinancialAssets' xlink:type='locator' />
<link:loc xlink:href='../elts/us-gaap-2013-01-31.xsd#us-gaap_GainLossOnSaleOfSecuritiesNet' xlink:label='loc_GainLossOnSaleOfSecuritiesNet' xlink:type='locator' />
<link:loc xlink:href='../elts/us-gaap-2013-01-31.xsd#us-gaap_GainLossOnSalesOfLoansNet' xlink:label='loc_GainLossOnSalesOfLoansNet' xlink:type='locator' />
<link:loc xlink:href='../elts/us-gaap-2013-01-31.xsd#us-gaap_GainLossOnSaleOfCapitalLeasesNet' xlink:label='loc_GainLossOnSaleOfCapitalLeasesNet' xlink:type='locator' />
<link:loc xlink:href='../elts/us-gaap-2013-01-31.xsd#us-gaap_GainLossOnSaleOfLeasedAssetsNetOperatingLeases' xlink:label='loc_GainLossOnSaleOfLeasedAssetsNetOperatingLeases' xlink:type='locator' />
<link:loc xlink:href='../elts/us-gaap-2013-01-31.xsd#us-gaap_GainsLossesOnSalesOfInvestmentRealEstate' xlink:label='loc_GainsLossesOnSalesOfInvestmentRealEstate' xlink:type='locator' />
<link:loc xlink:href='../elts/us-gaap-2013-01-31.xsd#us-gaap_GainLossOnSaleOfOtherAssets' xlink:label='loc_GainLossOnSaleOfOtherAssets' xlink:type='locator' />
<link:loc xlink:href='../elts/us-gaap-2013-01-31.xsd#us-gaap_GainLossOnSaleOfInvestments' xlink:label='loc_GainLossOnSaleOfInvestments' xlink:type='locator' />
<link:loc xlink:href='../elts/us-gaap-2013-01-31.xsd#us-gaap_EquityMethodInvestmentRealizedGainLossOnDisposal' xlink:label='loc_EquityMethodInvestmentRealizedGainLossOnDisposal' xlink:type='locator' />
<link:loc xlink:href='../elts/us-gaap-2013-01-31.xsd#us-gaap_GainLossOnSaleOfEquityInvestments' xlink:label='loc_GainLossOnSaleOfEquityInvestments' xlink:type='locator' />
<link:loc xlink:href='../elts/us-gaap-2013-01-31.xsd#us-gaap_GainLossOnSaleOfDebtInvestments' xlink:label='loc_GainLossOnSaleOfDebtInvestments' xlink:type='locator' />
<link:loc xlink:href='../elts/us-gaap-2013-01-31.xsd#us-gaap_GainLossOnSaleOfProperties' xlink:label='loc_GainLossOnSaleOfProperties' xlink:type='locator' />
<link:loc xlink:href='../elts/us-gaap-2013-01-31.xsd#us-gaap_GainLossOnSaleOfDerivatives' xlink:label='loc_GainLossOnSaleOfDerivatives' xlink:type='locator' />
<link:loc xlink:href='../elts/us-gaap-2013-01-31.xsd#us-gaap_GainLossOnSaleOfCommodityContracts' xlink:label='loc_GainLossOnSaleOfCommodityContracts' xlink:type='locator' />
<link:loc xlink:href='../elts/us-gaap-2013-01-31.xsd#us-gaap_GainLossOnSaleOfOtherInvestments' xlink:label='loc_GainLossOnSaleOfOtherInvestments' xlink:type='locator' />
<link:loc xlink:href='../elts/us-gaap-2013-01-31.xsd#us-gaap_UnrealizedGainLossOnMarketableSecuritiesCostMethodInvestmentsAndOtherInvestments' xlink:label='loc_UnrealizedGainLossOnMarketableSecuritiesCostMethodInvestmentsAndOtherInvestments' xlink:type='locator' />
<link:loc xlink:href='../elts/us-gaap-2013-01-31.xsd#us-gaap_MarketableSecuritiesUnrealizedGainLoss' xlink:label='loc_MarketableSecuritiesUnrealizedGainLoss' xlink:type='locator' />
<link:loc xlink:href='../elts/us-gaap-2013-01-31.xsd#us-gaap_AvailableForSaleSecuritiesTransfersToTradingGainsLossesNet' xlink:label='loc_AvailableForSaleSecuritiesTransfersToTradingGainsLossesNet' xlink:type='locator' />
<link:loc xlink:href='../elts/us-gaap-2013-01-31.xsd#us-gaap_HeldToMaturitySecuritiesTransferredToTradingSecuritiesUnrealizedGainLoss' xlink:label='loc_HeldToMaturitySecuritiesTransferredToTradingSecuritiesUnrealizedGainLoss' xlink:type='locator' />
<link:loc xlink:href='../elts/us-gaap-2013-01-31.xsd#us-gaap_UnrealizedGainLossOnInvestments' xlink:label='loc_UnrealizedGainLossOnInvestments' xlink:type='locator' />
<link:loc xlink:href='../elts/us-gaap-2013-01-31.xsd#us-gaap_UnrealizedGainLossOnSecurities' xlink:label='loc_UnrealizedGainLossOnSecurities' xlink:type='locator' />
<link:loc xlink:href='../elts/us-gaap-2013-01-31.xsd#us-gaap_UnrealizedGainLossOnDerivativesAndCommodityContracts' xlink:label='loc_UnrealizedGainLossOnDerivativesAndCommodityContracts' xlink:type='locator' />
<link:loc xlink:href='../elts/us-gaap-2013-01-31.xsd#us-gaap_UnrealizedGainLossOnDerivatives' xlink:label='loc_UnrealizedGainLossOnDerivatives' xlink:type='locator' />
<link:loc xlink:href='../elts/us-gaap-2013-01-31.xsd#us-gaap_UnrealizedGainLossOnCommodityContracts' xlink:label='loc_UnrealizedGainLossOnCommodityContracts' xlink:type='locator' />
<link:loc xlink:href='../elts/us-gaap-2013-01-31.xsd#us-gaap_UnrealizedGainLossOnEnergyContracts' xlink:label='loc_UnrealizedGainLossOnEnergyContracts' xlink:type='locator' />
<link:loc xlink:href='../elts/us-gaap-2013-01-31.xsd#us-gaap_GainOrLossOnSaleOfStockInSubsidiary' xlink:label='loc_GainOrLossOnSaleOfStockInSubsidiary' xlink:type='locator' />

  
<link:calculationArc order='10' weight='-1.0' xlink:arcrole='http://www.xbrl.org/2003/arcrole/summation-item' xlink:from='loc_AllowanceForDoubtfulAccountsReceivablePeriodIncreaseDecrease' xlink:to='loc_AllowanceForDoubtfulAccountsReceivableWriteOffs' xlink:type='arc' />
<link:calculationArc order='20' weight='1.0' xlink:arcrole='http://www.xbrl.org/2003/arcrole/summation-item' xlink:from='loc_AllowanceForDoubtfulAccountsReceivablePeriodIncreaseDecrease' xlink:to='loc_AllowanceForDoubtfulAccountsReceivableRecoveries' xlink:type='arc' />
<link:calculationArc order='30' weight='1.0' xlink:arcrole='http://www.xbrl.org/2003/arcrole/summation-item' xlink:from='loc_AllowanceForDoubtfulAccountsReceivablePeriodIncreaseDecrease' xlink:to='loc_ProvisionForDoubtfulAccounts' xlink:type='arc' />
<link:calculationArc order='10' weight='1.0' xlink:arcrole='http://www.xbrl.org/2003/arcrole/summation-item' xlink:from='loc_AvailableForSaleSecuritiesAndHeldToMaturitySecurities' xlink:to='loc_AvailableForSaleSecurities' xlink:type='arc' />
<link:calculationArc order='20' weight='1.0' xlink:arcrole='http://www.xbrl.org/2003/arcrole/summation-item' xlink:from='loc_AvailableForSaleSecuritiesAndHeldToMaturitySecurities' xlink:to='loc_HeldToMaturitySecurities' xlink:type='arc' />
<link:calculationArc order='10' weight='1.0' xlink:arcrole='http://www.xbrl.org/2003/arcrole/summation-item' xlink:from='loc_AvailableForSaleSecuritiesDebtMaturitiesAmortizedCost' xlink:to='loc_AvailableForSaleSecuritiesDebtMaturitiesWithoutSingleMaturityDateAmortizedCost' xlink:type='arc' />
<link:calculationArc order='20' weight='1.0' xlink:arcrole='http://www.xbrl.org/2003/arcrole/summation-item' xlink:from='loc_AvailableForSaleSecuritiesDebtMaturitiesAmortizedCost' xlink:to='loc_AvailableForSaleSecuritiesDebtMaturitiesSingleMaturityDateAmortizedCostBasis' xlink:type='arc' />
<link:calculationArc order='10' weight='1.0' xlink:arcrole='http://www.xbrl.org/2003/arcrole/summation-item' xlink:from='loc_AvailableForSaleSecuritiesDebtMaturitiesSingleMaturityDateAmortizedCostBasis' xlink:to='loc_AvailableForSaleSecuritiesDebtMaturitiesNextRollingTwelveMonthsAmortizedCostBasis' xlink:type='arc' />
<link:calculationArc order='20' weight='1.0' xlink:arcrole='http://www.xbrl.org/2003/arcrole/summation-item' xlink:from='loc_AvailableForSaleSecuritiesDebtMaturitiesSingleMaturityDateAmortizedCostBasis' xlink:to='loc_AvailableForSaleSecuritiesDebtMaturitiesRollingYearTwoThroughFiveAmortizedCostBasis' xlink:type='arc' />
<link:calculationArc order='30' weight='1.0' xlink:arcrole='http://www.xbrl.org/2003/arcrole/summation-item' xlink:from='loc_AvailableForSaleSecuritiesDebtMaturitiesSingleMaturityDateAmortizedCostBasis' xlink:to='loc_AvailableForSaleSecuritiesDebtMaturitiesRollingYearSixThroughTenAmortizedCostBasis' xlink:type='arc' />
<link:calculationArc order='40' weight='1.0' xlink:arcrole='http://www.xbrl.org/2003/arcrole/summation-item' xlink:from='loc_AvailableForSaleSecuritiesDebtMaturitiesSingleMaturityDateAmortizedCostBasis' xlink:to='loc_AvailableForSaleSecuritiesDebtMaturitiesRollingAfterYearTenAmortizedCostBasis' xlink:type='arc' />
<link:calculationArc order='10' weight='1.0' xlink:arcrole='http://www.xbrl.org/2003/arcrole/summation-item' xlink:from='loc_GainLossOnInvestmentsExcludingOtherThanTemporaryImpairments' xlink:to='loc_RealizedGainLossOnMarketableSecuritiesAndCostMethodInvestmentsExcludingOtherThanTemporaryImpairmentsAndOtherInvestments' xlink:type='arc' />
<link:calculationArc order='10' weight='1.0' xlink:arcrole='http://www.xbrl.org/2003/arcrole/summation-item' xlink:from='loc_RealizedGainLossOnMarketableSecuritiesAndCostMethodInvestmentsExcludingOtherThanTemporaryImpairmentsAndOtherInvestments' xlink:to='loc_MarketableSecuritiesRealizedGainLossExcludingOtherThanTemporaryImpairments' xlink:type='arc' />
<link:calculationArc order='10' weight='1.0' xlink:arcrole='http://www.xbrl.org/2003/arcrole/summation-item' xlink:from='loc_MarketableSecuritiesRealizedGainLossExcludingOtherThanTemporaryImpairments' xlink:to='loc_TradingSecuritiesRealizedGainLoss' xlink:type='arc' />
<link:calculationArc order='10' weight='1.0' xlink:arcrole='http://www.xbrl.org/2003/arcrole/summation-item' xlink:from='loc_TradingSecuritiesRealizedGainLoss' xlink:to='loc_TradingSecuritiesRealizedGain' xlink:type='arc' />
<link:calculationArc order='20' weight='-1.0' xlink:arcrole='http://www.xbrl.org/2003/arcrole/summation-item' xlink:from='loc_TradingSecuritiesRealizedGainLoss' xlink:to='loc_TradingSecuritiesRealizedLoss' xlink:type='arc' />
<link:calculationArc order='20' weight='1.0' xlink:arcrole='http://www.xbrl.org/2003/arcrole/summation-item' xlink:from='loc_MarketableSecuritiesRealizedGainLossExcludingOtherThanTemporaryImpairments' xlink:to='loc_AvailableforsaleSecuritiesGrossRealizedGainLossExcludingOtherThanTemporaryImpairments' xlink:type='arc' />
<link:calculationArc order='30' weight='1.0' xlink:arcrole='http://www.xbrl.org/2003/arcrole/summation-item' xlink:from='loc_MarketableSecuritiesRealizedGainLossExcludingOtherThanTemporaryImpairments' xlink:to='loc_HeldtomaturitySecuritiesSoldSecurityRealizedGainLossExcludingOtherThanTemporaryImpairments' xlink:type='arc' />
<link:calculationArc order='20' weight='1.0' xlink:arcrole='http://www.xbrl.org/2003/arcrole/summation-item' xlink:from='loc_RealizedGainLossOnMarketableSecuritiesAndCostMethodInvestmentsExcludingOtherThanTemporaryImpairmentsAndOtherInvestments' xlink:to='loc_CostmethodInvestmentsRealizedGainLossExcludingOtherThanTemporaryImpairments' xlink:type='arc' />
<link:calculationArc order='20' weight='1.0' xlink:arcrole='http://www.xbrl.org/2003/arcrole/summation-item' xlink:from='loc_GainLossOnInvestmentsExcludingOtherThanTemporaryImpairments' xlink:to='loc_MarketableSecuritiesUnrealizedGainLossExcludingOtherThanTemporaryImpairments' xlink:type='arc' />
<link:calculationArc order='10' weight='1.0' xlink:arcrole='http://www.xbrl.org/2003/arcrole/summation-item' xlink:from='loc_MarketableSecuritiesUnrealizedGainLossExcludingOtherThanTemporaryImpairments' xlink:to='loc_TradingSecuritiesUnrealizedHoldingGainLoss' xlink:type='arc' />
<link:calculationArc order='10' weight='1.0' xlink:arcrole='http://www.xbrl.org/2003/arcrole/summation-item' xlink:from='loc_TradingSecuritiesUnrealizedHoldingGainLoss' xlink:to='loc_TradingSecuritiesUnrealizedHoldingGain' xlink:type='arc' />
<link:calculationArc order='20' weight='-1.0' xlink:arcrole='http://www.xbrl.org/2003/arcrole/summation-item' xlink:from='loc_TradingSecuritiesUnrealizedHoldingGainLoss' xlink:to='loc_TradingSecuritiesUnrealizedHoldingLoss' xlink:type='arc' />
<link:calculationArc order='20' weight='1.0' xlink:arcrole='http://www.xbrl.org/2003/arcrole/summation-item' xlink:from='loc_MarketableSecuritiesUnrealizedGainLossExcludingOtherThanTemporaryImpairments' xlink:to='loc_AvailableforsaleSecuritiesTransfersToTradingGainsLossesExcludingOtherThanTemporaryImpairments' xlink:type='arc' />
<link:calculationArc order='30' weight='1.0' xlink:arcrole='http://www.xbrl.org/2003/arcrole/summation-item' xlink:from='loc_MarketableSecuritiesUnrealizedGainLossExcludingOtherThanTemporaryImpairments' xlink:to='loc_HeldtomaturitySecuritiesTransferredToTradingSecuritiesUnrealizedGainLossExcludingOtherThanTemporaryImpairments' xlink:type='arc' />
<link:calculationArc order='10' weight='1.0' xlink:arcrole='http://www.xbrl.org/2003/arcrole/summation-item' xlink:from='loc_HeldToMaturitySecuritiesFairValue' xlink:to='loc_HeldToMaturitySecuritiesDebtMaturitiesWithoutSingleMaturityDateFairValue' xlink:type='arc' />
<link:calculationArc order='20' weight='1.0' xlink:arcrole='http://www.xbrl.org/2003/arcrole/summation-item' xlink:from='loc_HeldToMaturitySecuritiesFairValue' xlink:to='loc_HeldToMaturitySecuritiesDebtMaturitiesSingleMaturityDateFairValue' xlink:type='arc' />
<link:calculationArc order='10' weight='1.0' xlink:arcrole='http://www.xbrl.org/2003/arcrole/summation-item' xlink:from='loc_HeldToMaturitySecuritiesDebtMaturitiesSingleMaturityDateFairValue' xlink:to='loc_HeldToMaturitySecuritiesDebtMaturitiesNextRollingTwelveMonthsFairValue' xlink:type='arc' />
<link:calculationArc order='20' weight='1.0' xlink:arcrole='http://www.xbrl.org/2003/arcrole/summation-item' xlink:from='loc_HeldToMaturitySecuritiesDebtMaturitiesSingleMaturityDateFairValue' xlink:to='loc_HeldToMaturitySecuritiesDebtMaturitiesRollingYearTwoThroughFiveFairValue' xlink:type='arc' />
<link:calculationArc order='30' weight='1.0' xlink:arcrole='http://www.xbrl.org/2003/arcrole/summation-item' xlink:from='loc_HeldToMaturitySecuritiesDebtMaturitiesSingleMaturityDateFairValue' xlink:to='loc_HeldToMaturitySecuritiesDebtMaturitiesRollingYearSixThroughTenFairValue' xlink:type='arc' />
<link:calculationArc order='40' weight='1.0' xlink:arcrole='http://www.xbrl.org/2003/arcrole/summation-item' xlink:from='loc_HeldToMaturitySecuritiesDebtMaturitiesSingleMaturityDateFairValue' xlink:to='loc_HeldToMaturitySecuritiesDebtMaturitiesRollingAfterTenYearsFairValue' xlink:type='arc' />
<link:calculationArc order='10' weight='1.0' xlink:arcrole='http://www.xbrl.org/2003/arcrole/summation-item' xlink:from='loc_MarketableSecurities' xlink:to='loc_MarketableSecuritiesFixedMaturities' xlink:type='arc' />
<link:calculationArc order='10' weight='1.0' xlink:arcrole='http://www.xbrl.org/2003/arcrole/summation-item' xlink:from='loc_MarketableSecuritiesFixedMaturities' xlink:to='loc_TradingSecuritiesDebt' xlink:type='arc' />
<link:calculationArc order='20' weight='1.0' xlink:arcrole='http://www.xbrl.org/2003/arcrole/summation-item' xlink:from='loc_MarketableSecuritiesFixedMaturities' xlink:to='loc_AvailableForSaleSecuritiesDebtSecurities' xlink:type='arc' />
<link:calculationArc order='20' weight='1.0' xlink:arcrole='http://www.xbrl.org/2003/arcrole/summation-item' xlink:from='loc_MarketableSecurities' xlink:to='loc_MarketableSecuritiesEquitySecurities' xlink:type='arc' />
<link:calculationArc order='10' weight='1.0' xlink:arcrole='http://www.xbrl.org/2003/arcrole/summation-item' xlink:from='loc_MarketableSecuritiesEquitySecurities' xlink:to='loc_TradingSecuritiesEquity' xlink:type='arc' />
<link:calculationArc order='20' weight='1.0' xlink:arcrole='http://www.xbrl.org/2003/arcrole/summation-item' xlink:from='loc_MarketableSecuritiesEquitySecurities' xlink:to='loc_AvailableForSaleSecuritiesEquitySecurities' xlink:type='arc' />
<link:calculationArc order='30' weight='1.0' xlink:arcrole='http://www.xbrl.org/2003/arcrole/summation-item' xlink:from='loc_MarketableSecurities' xlink:to='loc_TradingSecuritiesOther' xlink:type='arc' />
<link:calculationArc order='40' weight='1.0' xlink:arcrole='http://www.xbrl.org/2003/arcrole/summation-item' xlink:from='loc_MarketableSecurities' xlink:to='loc_HeldToMaturitySecurities' xlink:type='arc' />
<link:calculationArc order='10' weight='1.0' xlink:arcrole='http://www.xbrl.org/2003/arcrole/summation-item' xlink:from='loc_MarketableSecuritiesCurrent' xlink:to='loc_MarketableSecuritiesEquitySecuritiesCurrent' xlink:type='arc' />
<link:calculationArc order='10' weight='1.0' xlink:arcrole='http://www.xbrl.org/2003/arcrole/summation-item' xlink:from='loc_MarketableSecuritiesEquitySecuritiesCurrent' xlink:to='loc_TradingSecuritiesEquityCurrent' xlink:type='arc' />
<link:calculationArc order='20' weight='1.0' xlink:arcrole='http://www.xbrl.org/2003/arcrole/summation-item' xlink:from='loc_MarketableSecuritiesEquitySecuritiesCurrent' xlink:to='loc_AvailableForSaleSecuritiesEquitySecuritiesCurrent' xlink:type='arc' />
<link:calculationArc order='20' weight='1.0' xlink:arcrole='http://www.xbrl.org/2003/arcrole/summation-item' xlink:from='loc_MarketableSecuritiesCurrent' xlink:to='loc_MarketableSecuritiesFixedMaturitiesCurrent' xlink:type='arc' />
<link:calculationArc order='10' weight='1.0' xlink:arcrole='http://www.xbrl.org/2003/arcrole/summation-item' xlink:from='loc_MarketableSecuritiesFixedMaturitiesCurrent' xlink:to='loc_HeldToMaturitySecuritiesCurrent' xlink:type='arc' />
<link:calculationArc order='20' weight='1.0' xlink:arcrole='http://www.xbrl.org/2003/arcrole/summation-item' xlink:from='loc_MarketableSecuritiesFixedMaturitiesCurrent' xlink:to='loc_TradingSecuritiesDebt' xlink:type='arc' />
<link:calculationArc order='30' weight='1.0' xlink:arcrole='http://www.xbrl.org/2003/arcrole/summation-item' xlink:from='loc_MarketableSecuritiesFixedMaturitiesCurrent' xlink:to='loc_AvailableForSaleSecuritiesDebtSecuritiesCurrent' xlink:type='arc' />
<link:calculationArc order='30' weight='1.0' xlink:arcrole='http://www.xbrl.org/2003/arcrole/summation-item' xlink:from='loc_MarketableSecuritiesCurrent' xlink:to='loc_OtherMarketableSecuritiesCurrent' xlink:type='arc' />
<link:calculationArc order='10' weight='1.0' xlink:arcrole='http://www.xbrl.org/2003/arcrole/summation-item' xlink:from='loc_NetRealizedOrUnrealizedGainLossOnTradingSecurities' xlink:to='loc_TradingSecuritiesRealizedGainLoss' xlink:type='arc' />
<link:calculationArc order='20' weight='1.0' xlink:arcrole='http://www.xbrl.org/2003/arcrole/summation-item' xlink:from='loc_NetRealizedOrUnrealizedGainLossOnTradingSecurities' xlink:to='loc_TradingSecuritiesUnrealizedHoldingGainLoss' xlink:type='arc' />
<link:calculationArc order='10' weight='1.0' xlink:arcrole='http://www.xbrl.org/2003/arcrole/summation-item' xlink:from='loc_ImpairmentOfInvestments' xlink:to='loc_OtherThanTemporaryImpairmentLossesInvestmentsAvailableforsaleSecurities' xlink:type='arc' />
<link:calculationArc order='10' weight='1.0' xlink:arcrole='http://www.xbrl.org/2003/arcrole/summation-item' xlink:from='loc_OtherThanTemporaryImpairmentLossesInvestmentsAvailableforsaleSecurities' xlink:to='loc_OtherThanTemporaryImpairmentLossesInvestmentsPortionInOtherComprehensiveIncomeLossBeforeTaxIncludingPortionAttributableToNoncontrollingInterestAvailableforsaleSecurities' xlink:type='arc' />
<link:calculationArc order='20' weight='1.0' xlink:arcrole='http://www.xbrl.org/2003/arcrole/summation-item' xlink:from='loc_OtherThanTemporaryImpairmentLossesInvestmentsAvailableforsaleSecurities' xlink:to='loc_OtherThanTemporaryImpairmentLossesInvestmentsPortionRecognizedInEarningsNetAvailableforsaleSecurities' xlink:type='arc' />
<link:calculationArc order='20' weight='1.0' xlink:arcrole='http://www.xbrl.org/2003/arcrole/summation-item' xlink:from='loc_ImpairmentOfInvestments' xlink:to='loc_OtherThanTemporaryImpairmentLossesInvestmentsHeldtomaturitySecurities' xlink:type='arc' />
<link:calculationArc order='10' weight='1.0' xlink:arcrole='http://www.xbrl.org/2003/arcrole/summation-item' xlink:from='loc_OtherThanTemporaryImpairmentLossesInvestmentsHeldtomaturitySecurities' xlink:to='loc_OtherThanTemporaryImpairmentLossesInvestmentsPortionInOtherComprehensiveIncomeLossBeforeTaxIncludingPortionAttributableToNoncontrollingInterestHeldtomaturitySecurities' xlink:type='arc' />
<link:calculationArc order='20' weight='1.0' xlink:arcrole='http://www.xbrl.org/2003/arcrole/summation-item' xlink:from='loc_OtherThanTemporaryImpairmentLossesInvestmentsHeldtomaturitySecurities' xlink:to='loc_OtherThanTemporaryImpairmentLossesInvestmentsPortionRecognizedInEarningsNetHeldtomaturitySecurities' xlink:type='arc' />
<link:calculationArc order='30' weight='1.0' xlink:arcrole='http://www.xbrl.org/2003/arcrole/summation-item' xlink:from='loc_ImpairmentOfInvestments' xlink:to='loc_CostmethodInvestmentsOtherThanTemporaryImpairment' xlink:type='arc' />
<link:calculationArc order='10' weight='1.0' xlink:arcrole='http://www.xbrl.org/2003/arcrole/summation-item' xlink:from='loc_RealizedGainLossOnMarketableSecuritiesCostMethodInvestmentsAndOtherInvestments' xlink:to='loc_MarketableSecuritiesRealizedGainLoss' xlink:type='arc' />
<link:calculationArc order='10' weight='1.0' xlink:arcrole='http://www.xbrl.org/2003/arcrole/summation-item' xlink:from='loc_MarketableSecuritiesRealizedGainLoss' xlink:to='loc_TradingSecuritiesRealizedGainLoss' xlink:type='arc' />
<link:calculationArc order='20' weight='1.0' xlink:arcrole='http://www.xbrl.org/2003/arcrole/summation-item' xlink:from='loc_MarketableSecuritiesRealizedGainLoss' xlink:to='loc_AvailableForSaleSecuritiesGrossRealizedGainLossNet' xlink:type='arc' />
<link:calculationArc order='30' weight='1.0' xlink:arcrole='http://www.xbrl.org/2003/arcrole/summation-item' xlink:from='loc_MarketableSecuritiesRealizedGainLoss' xlink:to='loc_HeldToMaturitySecuritiesSoldSecurityRealizedGainLoss' xlink:type='arc' />
<link:calculationArc order='20' weight='1.0' xlink:arcrole='http://www.xbrl.org/2003/arcrole/summation-item' xlink:from='loc_RealizedGainLossOnMarketableSecuritiesCostMethodInvestmentsAndOtherInvestments' xlink:to='loc_CostMethodInvestmentsRealizedGainLoss' xlink:type='arc' />
<link:calculationArc order='30' weight='1.0' xlink:arcrole='http://www.xbrl.org/2003/arcrole/summation-item' xlink:from='loc_RealizedGainLossOnMarketableSecuritiesCostMethodInvestmentsAndOtherInvestments' xlink:to='loc_RealizedInvestmentGainsLosses' xlink:type='arc' />
<link:calculationArc order='10' weight='1.0' xlink:arcrole='http://www.xbrl.org/2003/arcrole/summation-item' xlink:from='loc_RealizedInvestmentGainsLosses' xlink:to='loc_GainLossOnSecuritizationOfFinancialAssets' xlink:type='arc' />
<link:calculationArc order='20' weight='1.0' xlink:arcrole='http://www.xbrl.org/2003/arcrole/summation-item' xlink:from='loc_RealizedInvestmentGainsLosses' xlink:to='loc_GainLossOnSaleOfSecuritiesNet' xlink:type='arc' />
<link:calculationArc order='30' weight='1.0' xlink:arcrole='http://www.xbrl.org/2003/arcrole/summation-item' xlink:from='loc_RealizedInvestmentGainsLosses' xlink:to='loc_GainLossOnSalesOfLoansNet' xlink:type='arc' />
<link:calculationArc order='40' weight='1.0' xlink:arcrole='http://www.xbrl.org/2003/arcrole/summation-item' xlink:from='loc_RealizedInvestmentGainsLosses' xlink:to='loc_GainLossOnSaleOfCapitalLeasesNet' xlink:type='arc' />
<link:calculationArc order='50' weight='1.0' xlink:arcrole='http://www.xbrl.org/2003/arcrole/summation-item' xlink:from='loc_RealizedInvestmentGainsLosses' xlink:to='loc_GainLossOnSaleOfLeasedAssetsNetOperatingLeases' xlink:type='arc' />
<link:calculationArc order='60' weight='1.0' xlink:arcrole='http://www.xbrl.org/2003/arcrole/summation-item' xlink:from='loc_RealizedInvestmentGainsLosses' xlink:to='loc_GainsLossesOnSalesOfInvestmentRealEstate' xlink:type='arc' />
<link:calculationArc order='70' weight='1.0' xlink:arcrole='http://www.xbrl.org/2003/arcrole/summation-item' xlink:from='loc_RealizedInvestmentGainsLosses' xlink:to='loc_GainLossOnSaleOfOtherAssets' xlink:type='arc' />
<link:calculationArc order='40' weight='1.0' xlink:arcrole='http://www.xbrl.org/2003/arcrole/summation-item' xlink:from='loc_RealizedGainLossOnMarketableSecuritiesCostMethodInvestmentsAndOtherInvestments' xlink:to='loc_GainLossOnSaleOfInvestments' xlink:type='arc' />
<link:calculationArc order='10' weight='1.0' xlink:arcrole='http://www.xbrl.org/2003/arcrole/summation-item' xlink:from='loc_GainLossOnSaleOfInvestments' xlink:to='loc_EquityMethodInvestmentRealizedGainLossOnDisposal' xlink:type='arc' />
<link:calculationArc order='20' weight='1.0' xlink:arcrole='http://www.xbrl.org/2003/arcrole/summation-item' xlink:from='loc_GainLossOnSaleOfInvestments' xlink:to='loc_GainLossOnSaleOfEquityInvestments' xlink:type='arc' />
<link:calculationArc order='30' weight='1.0' xlink:arcrole='http://www.xbrl.org/2003/arcrole/summation-item' xlink:from='loc_GainLossOnSaleOfInvestments' xlink:to='loc_GainLossOnSaleOfDebtInvestments' xlink:type='arc' />
<link:calculationArc order='40' weight='1.0' xlink:arcrole='http://www.xbrl.org/2003/arcrole/summation-item' xlink:from='loc_GainLossOnSaleOfInvestments' xlink:to='loc_GainLossOnSaleOfProperties' xlink:type='arc' />
<link:calculationArc order='50' weight='1.0' xlink:arcrole='http://www.xbrl.org/2003/arcrole/summation-item' xlink:from='loc_GainLossOnSaleOfInvestments' xlink:to='loc_GainLossOnSaleOfDerivatives' xlink:type='arc' />
<link:calculationArc order='60' weight='1.0' xlink:arcrole='http://www.xbrl.org/2003/arcrole/summation-item' xlink:from='loc_GainLossOnSaleOfInvestments' xlink:to='loc_GainLossOnSaleOfCommodityContracts' xlink:type='arc' />
<link:calculationArc order='70' weight='1.0' xlink:arcrole='http://www.xbrl.org/2003/arcrole/summation-item' xlink:from='loc_GainLossOnSaleOfInvestments' xlink:to='loc_GainLossOnSaleOfOtherInvestments' xlink:type='arc' />
<link:calculationArc order='71' weight='1.0' xlink:arcrole='http://www.xbrl.org/2003/arcrole/summation-item' xlink:from='loc_GainLossOnSaleOfInvestments' xlink:to='loc_GainOrLossOnSaleOfStockInSubsidiary' xlink:type='arc'/>
<link:calculationArc order='10' weight='1.0' xlink:arcrole='http://www.xbrl.org/2003/arcrole/summation-item' xlink:from='loc_UnrealizedGainLossOnMarketableSecuritiesCostMethodInvestmentsAndOtherInvestments' xlink:to='loc_MarketableSecuritiesUnrealizedGainLoss' xlink:type='arc' />
<link:calculationArc order='10' weight='1.0' xlink:arcrole='http://www.xbrl.org/2003/arcrole/summation-item' xlink:from='loc_MarketableSecuritiesUnrealizedGainLoss' xlink:to='loc_TradingSecuritiesUnrealizedHoldingGainLoss' xlink:type='arc' />
<link:calculationArc order='20' weight='1.0' xlink:arcrole='http://www.xbrl.org/2003/arcrole/summation-item' xlink:from='loc_MarketableSecuritiesUnrealizedGainLoss' xlink:to='loc_AvailableForSaleSecuritiesTransfersToTradingGainsLossesNet' xlink:type='arc' />
<link:calculationArc order='30' weight='1.0' xlink:arcrole='http://www.xbrl.org/2003/arcrole/summation-item' xlink:from='loc_MarketableSecuritiesUnrealizedGainLoss' xlink:to='loc_HeldToMaturitySecuritiesTransferredToTradingSecuritiesUnrealizedGainLoss' xlink:type='arc' />
<link:calculationArc order='20' weight='1.0' xlink:arcrole='http://www.xbrl.org/2003/arcrole/summation-item' xlink:from='loc_UnrealizedGainLossOnMarketableSecuritiesCostMethodInvestmentsAndOtherInvestments' xlink:to='loc_UnrealizedGainLossOnInvestments' xlink:type='arc' />
<link:calculationArc order='10' weight='1.0' xlink:arcrole='http://www.xbrl.org/2003/arcrole/summation-item' xlink:from='loc_UnrealizedGainLossOnInvestments' xlink:to='loc_UnrealizedGainLossOnSecurities' xlink:type='arc' />
<link:calculationArc order='20' weight='1.0' xlink:arcrole='http://www.xbrl.org/2003/arcrole/summation-item' xlink:from='loc_UnrealizedGainLossOnInvestments' xlink:to='loc_UnrealizedGainLossOnDerivativesAndCommodityContracts' xlink:type='arc' />
<link:calculationArc order='10' weight='1.0' xlink:arcrole='http://www.xbrl.org/2003/arcrole/summation-item' xlink:from='loc_UnrealizedGainLossOnDerivativesAndCommodityContracts' xlink:to='loc_UnrealizedGainLossOnDerivatives' xlink:type='arc' />
<link:calculationArc order='20' weight='1.0' xlink:arcrole='http://www.xbrl.org/2003/arcrole/summation-item' xlink:from='loc_UnrealizedGainLossOnDerivativesAndCommodityContracts' xlink:to='loc_UnrealizedGainLossOnCommodityContracts' xlink:type='arc' />
<link:calculationArc order='30' weight='1.0' xlink:arcrole='http://www.xbrl.org/2003/arcrole/summation-item' xlink:from='loc_UnrealizedGainLossOnDerivativesAndCommodityContracts' xlink:to='loc_UnrealizedGainLossOnEnergyContracts' xlink:type='arc' />
</link:calculationLink>
</link:linkbase>
