<?xml version='1.0' encoding='UTF-8'?>

<!--
(c) XBRL US, Inc. 2007-2010; Financial Accounting Foundation, Inc. 2010-2013.  All Rights Reserved.
Notice: Authorized Uses are Set Forth at http://xbrl.fasb.org/terms/TaxonomiesTermsConditions.html
  -->
<link:linkbase xmlns:link='http://www.xbrl.org/2003/linkbase' xmlns:xbrldt='http://xbrl.org/2005/xbrldt' xmlns:xlink='http://www.w3.org/1999/xlink' xmlns:xsi='http://www.w3.org/2001/XMLSchema-instance' xsi:schemaLocation='http://www.xbrl.org/2003/linkbase http://www.xbrl.org/2003/xbrl-linkbase-2003-12-31.xsd'>
<link:roleRef roleURI='http://fasb.org/us-gaap/role/disclosure/InvestmentsEquityMethodAndJointVenturesScheduleOfEquityMethodInvestmentsTable' xlink:href='../elts/us-roles-2013-01-31.xsd#InvestmentsEquityMethodAndJointVenturesScheduleOfEquityMethodInvestmentsTable' xlink:type='simple' />
<link:arcroleRef arcroleURI='http://xbrl.org/int/dim/arcrole/all' xlink:href='http://www.xbrl.org/2005/xbrldt-2005.xsd#all' xlink:type='simple' />
<link:arcroleRef arcroleURI='http://xbrl.org/int/dim/arcrole/dimension-default' xlink:href='http://www.xbrl.org/2005/xbrldt-2005.xsd#dimension-default' xlink:type='simple' />
<link:arcroleRef arcroleURI='http://xbrl.org/int/dim/arcrole/dimension-domain' xlink:href='http://www.xbrl.org/2005/xbrldt-2005.xsd#dimension-domain' xlink:type='simple' />
<link:arcroleRef arcroleURI='http://xbrl.org/int/dim/arcrole/domain-member' xlink:href='http://www.xbrl.org/2005/xbrldt-2005.xsd#domain-member' xlink:type='simple' />
<link:arcroleRef arcroleURI='http://xbrl.org/int/dim/arcrole/hypercube-dimension' xlink:href='http://www.xbrl.org/2005/xbrldt-2005.xsd#hypercube-dimension' xlink:type='simple' />
<link:definitionLink xlink:role='http://fasb.org/us-gaap/role/disclosure/InvestmentsEquityMethodAndJointVenturesScheduleOfEquityMethodInvestmentsTable' xlink:type='extended'>
<link:loc xlink:href='../elts/us-gaap-2013-01-31.xsd#us-gaap_ScheduleOfEquityMethodInvestmentsLineItems' xlink:label='loc_ScheduleOfEquityMethodInvestmentsLineItems' xlink:type='locator' />
<link:loc xlink:href='../elts/us-gaap-2013-01-31.xsd#us-gaap_ScheduleOfEquityMethodInvestmentsTable' xlink:label='loc_ScheduleOfEquityMethodInvestmentsTable' xlink:type='locator' />
<link:definitionArc order='1.0' xbrldt:closed='true' xbrldt:contextElement='segment' xlink:arcrole='http://xbrl.org/int/dim/arcrole/all' xlink:from='loc_ScheduleOfEquityMethodInvestmentsLineItems' xlink:to='loc_ScheduleOfEquityMethodInvestmentsTable' xlink:type='arc' />
</link:definitionLink>
<link:definitionLink xlink:role='http://fasb.org/us-gaap/role/disclosure/InvestmentsEquityMethodAndJointVenturesScheduleOfEquityMethodInvestmentsTable' xlink:type='extended'>
<link:loc xlink:href='../elts/us-gaap-2013-01-31.xsd#us-gaap_ScheduleOfEquityMethodInvestmentEquityMethodInvesteeNameAxis' xlink:label='loc_ScheduleOfEquityMethodInvestmentEquityMethodInvesteeNameAxis' xlink:type='locator' />
<link:loc xlink:href='../elts/us-gaap-2013-01-31.xsd#us-gaap_EquityMethodInvesteeNameDomain' xlink:label='loc_EquityMethodInvesteeNameDomain' xlink:type='locator' />
<link:definitionArc order='1.0' xlink:arcrole='http://xbrl.org/int/dim/arcrole/dimension-default' xlink:from='loc_ScheduleOfEquityMethodInvestmentEquityMethodInvesteeNameAxis' xlink:to='loc_EquityMethodInvesteeNameDomain' xlink:type='arc' />
</link:definitionLink>
<link:definitionLink xlink:role='http://fasb.org/us-gaap/role/disclosure/InvestmentsEquityMethodAndJointVenturesScheduleOfEquityMethodInvestmentsTable' xlink:type='extended'>
<link:loc xlink:href='../elts/us-gaap-2013-01-31.xsd#us-gaap_ScheduleOfEquityMethodInvestmentEquityMethodInvesteeNameAxis' xlink:label='loc_ScheduleOfEquityMethodInvestmentEquityMethodInvesteeNameAxis' xlink:type='locator' />
<link:loc xlink:href='../elts/us-gaap-2013-01-31.xsd#us-gaap_EquityMethodInvesteeNameDomain' xlink:label='loc_EquityMethodInvesteeNameDomain' xlink:type='locator' />
<link:definitionArc order='1.0' xlink:arcrole='http://xbrl.org/int/dim/arcrole/dimension-domain' xlink:from='loc_ScheduleOfEquityMethodInvestmentEquityMethodInvesteeNameAxis' xlink:to='loc_EquityMethodInvesteeNameDomain' xlink:type='arc' />
</link:definitionLink>
<link:definitionLink xlink:role='http://fasb.org/us-gaap/role/disclosure/InvestmentsEquityMethodAndJointVenturesScheduleOfEquityMethodInvestmentsTable' xlink:type='extended'>
<link:loc xlink:href='../elts/us-gaap-2013-01-31.xsd#us-gaap_EquityMethodInvestmentSummarizedFinancialInformationEquityAbstract' xlink:label='loc_EquityMethodInvestmentSummarizedFinancialInformationEquityAbstract' xlink:type='locator' />
<link:loc xlink:href='../elts/us-gaap-2013-01-31.xsd#us-gaap_EquityMethodInvestmentSummarizedFinancialInformationMinorityInterest' xlink:label='loc_EquityMethodInvestmentSummarizedFinancialInformationMinorityInterest' xlink:type='locator' />
<link:loc xlink:href='../elts/us-gaap-2013-01-31.xsd#us-gaap_EquityMethodInvestmentSummarizedFinancialInformationEquityOrCapital' xlink:label='loc_EquityMethodInvestmentSummarizedFinancialInformationEquityOrCapital' xlink:type='locator' />
<link:loc xlink:href='../elts/us-gaap-2013-01-31.xsd#us-gaap_EquityMethodInvestmentSummarizedFinancialInformationEquity' xlink:label='loc_EquityMethodInvestmentSummarizedFinancialInformationEquity' xlink:type='locator' />
<link:loc xlink:href='../elts/us-gaap-2013-01-31.xsd#us-gaap_EquityMethodInvestmentDifferenceBetweenCarryingAmountAndUnderlyingEquityAbstract' xlink:label='loc_EquityMethodInvestmentDifferenceBetweenCarryingAmountAndUnderlyingEquityAbstract' xlink:type='locator' />
<link:loc xlink:href='../elts/us-gaap-2013-01-31.xsd#us-gaap_EquityMethodInvestmentUnderlyingEquityInNetAssets' xlink:label='loc_EquityMethodInvestmentUnderlyingEquityInNetAssets' xlink:type='locator' />
<link:loc xlink:href='../elts/us-gaap-2013-01-31.xsd#us-gaap_EquityMethodInvestmentDifferenceBetweenCarryingAmountAndUnderlyingEquity' xlink:label='loc_EquityMethodInvestmentDifferenceBetweenCarryingAmountAndUnderlyingEquity' xlink:type='locator' />
<link:loc xlink:href='../elts/us-gaap-2013-01-31.xsd#us-gaap_EquityMethodInvestmentDifferenceBetweenCarryingAmountAndUnderlyingEquityAccountingTreatment' xlink:label='loc_EquityMethodInvestmentDifferenceBetweenCarryingAmountAndUnderlyingEquityAccountingTreatment' xlink:type='locator' />
<link:loc xlink:href='../elts/us-gaap-2013-01-31.xsd#us-gaap_EquityMethodInvestmentFinancialStatementReportedAmountsAbstract' xlink:label='loc_EquityMethodInvestmentFinancialStatementReportedAmountsAbstract' xlink:type='locator' />
<link:loc xlink:href='../elts/us-gaap-2013-01-31.xsd#us-gaap_IncomeLossFromEquityMethodInvestments' xlink:label='loc_IncomeLossFromEquityMethodInvestments' xlink:type='locator' />
<link:loc xlink:href='../elts/us-gaap-2013-01-31.xsd#us-gaap_EquityMethodInvestments' xlink:label='loc_EquityMethodInvestments' xlink:type='locator' />
<link:loc xlink:href='../elts/us-gaap-2013-01-31.xsd#us-gaap_EquityMethodInvestmentRealizedGainLossOnDisposalAbstract' xlink:label='loc_EquityMethodInvestmentRealizedGainLossOnDisposalAbstract' xlink:type='locator' />
<link:loc xlink:href='../elts/us-gaap-2013-01-31.xsd#us-gaap_EquityMethodInvestmentNetSalesProceeds' xlink:label='loc_EquityMethodInvestmentNetSalesProceeds' xlink:type='locator' />
<link:loc xlink:href='../elts/us-gaap-2013-01-31.xsd#us-gaap_EquityMethodInvestmentSoldCarryingAmount' xlink:label='loc_EquityMethodInvestmentSoldCarryingAmount' xlink:type='locator' />
<link:loc xlink:href='../elts/us-gaap-2013-01-31.xsd#us-gaap_EquityMethodInvestmentRealizedGainLossOnDisposal' xlink:label='loc_EquityMethodInvestmentRealizedGainLossOnDisposal' xlink:type='locator' />
<link:loc xlink:href='../elts/us-gaap-2013-01-31.xsd#us-gaap_EquityMethodInvestmentSummarizedFinancialInformationAbstract' xlink:label='loc_EquityMethodInvestmentSummarizedFinancialInformationAbstract' xlink:type='locator' />
<link:loc xlink:href='../elts/us-gaap-2013-01-31.xsd#us-gaap_EquityMethodInvestmentSummarizedFinancialInformationAssetsAbstract' xlink:label='loc_EquityMethodInvestmentSummarizedFinancialInformationAssetsAbstract' xlink:type='locator' />
<link:loc xlink:href='../elts/us-gaap-2013-01-31.xsd#us-gaap_EquityMethodInvestmentSummarizedFinancialInformationLiabilitiesAndEquityAbstract' xlink:label='loc_EquityMethodInvestmentSummarizedFinancialInformationLiabilitiesAndEquityAbstract' xlink:type='locator' />
<link:loc xlink:href='../elts/us-gaap-2013-01-31.xsd#us-gaap_EquityMethodInvestmentSummarizedFinancialInformationIncomeStatementAbstract' xlink:label='loc_EquityMethodInvestmentSummarizedFinancialInformationIncomeStatementAbstract' xlink:type='locator' />
<link:loc xlink:href='../elts/us-gaap-2013-01-31.xsd#us-gaap_EquityMethodInvestmentSummarizedFinancialInformationCurrentAssets' xlink:label='loc_EquityMethodInvestmentSummarizedFinancialInformationCurrentAssets' xlink:type='locator' />
<link:loc xlink:href='../elts/us-gaap-2013-01-31.xsd#us-gaap_EquityMethodInvestmentSummarizedFinancialInformationNoncurrentAssets' xlink:label='loc_EquityMethodInvestmentSummarizedFinancialInformationNoncurrentAssets' xlink:type='locator' />
<link:loc xlink:href='../elts/us-gaap-2013-01-31.xsd#us-gaap_EquityMethodInvestmentSummarizedFinancialInformationAssets' xlink:label='loc_EquityMethodInvestmentSummarizedFinancialInformationAssets' xlink:type='locator' />
<link:loc xlink:href='../elts/us-gaap-2013-01-31.xsd#us-gaap_EquityMethodInvestmentSummarizedFinancialInformationGrossProfitLossAbstract' xlink:label='loc_EquityMethodInvestmentSummarizedFinancialInformationGrossProfitLossAbstract' xlink:type='locator' />
<link:loc xlink:href='../elts/us-gaap-2013-01-31.xsd#us-gaap_EquityMethodInvestmentSummarizedFinancialInformationRevenue' xlink:label='loc_EquityMethodInvestmentSummarizedFinancialInformationRevenue' xlink:type='locator' />
<link:loc xlink:href='../elts/us-gaap-2013-01-31.xsd#us-gaap_EquityMethodInvestmentSummarizedFinancialInformationCostOfSales' xlink:label='loc_EquityMethodInvestmentSummarizedFinancialInformationCostOfSales' xlink:type='locator' />
<link:loc xlink:href='../elts/us-gaap-2013-01-31.xsd#us-gaap_EquityMethodInvestmentSummarizedFinancialInformationGrossProfitLoss' xlink:label='loc_EquityMethodInvestmentSummarizedFinancialInformationGrossProfitLoss' xlink:type='locator' />
<link:loc xlink:href='../elts/us-gaap-2013-01-31.xsd#us-gaap_EquityMethodInvestmentSummarizedFinancialInformationIncomeLossFromContinuingOperationsBeforeExtraordinaryItems' xlink:label='loc_EquityMethodInvestmentSummarizedFinancialInformationIncomeLossFromContinuingOperationsBeforeExtraordinaryItems' xlink:type='locator' />
<link:loc xlink:href='../elts/us-gaap-2013-01-31.xsd#us-gaap_EquityMethodInvestmentSummarizedFinancialInformationNetIncomeLoss' xlink:label='loc_EquityMethodInvestmentSummarizedFinancialInformationNetIncomeLoss' xlink:type='locator' />
<link:loc xlink:href='../elts/us-gaap-2013-01-31.xsd#us-gaap_EquityMethodInvestmentSummarizedFinancialInformationLiabilitiesAbstract' xlink:label='loc_EquityMethodInvestmentSummarizedFinancialInformationLiabilitiesAbstract' xlink:type='locator' />
<link:loc xlink:href='../elts/us-gaap-2013-01-31.xsd#us-gaap_EquityMethodInvestmentSummarizedFinancialInformationCurrentLiabilities' xlink:label='loc_EquityMethodInvestmentSummarizedFinancialInformationCurrentLiabilities' xlink:type='locator' />
<link:loc xlink:href='../elts/us-gaap-2013-01-31.xsd#us-gaap_EquityMethodInvestmentSummarizedFinancialInformationNoncurrentLiabilities' xlink:label='loc_EquityMethodInvestmentSummarizedFinancialInformationNoncurrentLiabilities' xlink:type='locator' />
<link:loc xlink:href='../elts/us-gaap-2013-01-31.xsd#us-gaap_EquityMethodInvestmentSummarizedFinancialInformationRedeemablePreferredStock' xlink:label='loc_EquityMethodInvestmentSummarizedFinancialInformationRedeemablePreferredStock' xlink:type='locator' />
<link:loc xlink:href='../elts/us-gaap-2013-01-31.xsd#us-gaap_EquityMethodInvestmentSummarizedFinancialInformationLiabilities' xlink:label='loc_EquityMethodInvestmentSummarizedFinancialInformationLiabilities' xlink:type='locator' />
<link:loc xlink:href='../elts/us-gaap-2013-01-31.xsd#us-gaap_EquityMethodInvestmentSummarizedFinancialInformationLiabilitiesAndEquity' xlink:label='loc_EquityMethodInvestmentSummarizedFinancialInformationLiabilitiesAndEquity' xlink:type='locator' />
<link:loc xlink:href='../elts/us-gaap-2013-01-31.xsd#us-gaap_EquityMethodInvestmentUnrealizedIntercompanyProfitLossNotEliminatedAbstract' xlink:label='loc_EquityMethodInvestmentUnrealizedIntercompanyProfitLossNotEliminatedAbstract' xlink:type='locator' />
<link:loc xlink:href='../elts/us-gaap-2013-01-31.xsd#us-gaap_EquityMethodInvestmentUnrealizedIntercompanyProfitLossNotEliminatedAmount' xlink:label='loc_EquityMethodInvestmentUnrealizedIntercompanyProfitLossNotEliminatedAmount' xlink:type='locator' />
<link:loc xlink:href='../elts/us-gaap-2013-01-31.xsd#us-gaap_EquityMethodInvestmentUnrealizedIntercompanyProfitLossNotEliminatedDescription' xlink:label='loc_EquityMethodInvestmentUnrealizedIntercompanyProfitLossNotEliminatedDescription' xlink:type='locator' />
<link:loc xlink:href='../elts/us-gaap-2013-01-31.xsd#us-gaap_ScheduleOfEquityMethodInvestmentsLineItems' xlink:label='loc_ScheduleOfEquityMethodInvestmentsLineItems' xlink:type='locator' />
<link:loc xlink:href='../elts/us-gaap-2013-01-31.xsd#us-gaap_EquityMethodInvestmentDescriptionOfPrincipalActivities' xlink:label='loc_EquityMethodInvestmentDescriptionOfPrincipalActivities' xlink:type='locator' />
<link:loc xlink:href='../elts/us-gaap-2013-01-31.xsd#us-gaap_EquityMethodInvestmentOwnershipPercentage' xlink:label='loc_EquityMethodInvestmentOwnershipPercentage' xlink:type='locator' />
<link:loc xlink:href='../elts/us-gaap-2013-01-31.xsd#us-gaap_EquityMethodInvestmentOtherThanTemporaryImpairment' xlink:label='loc_EquityMethodInvestmentOtherThanTemporaryImpairment' xlink:type='locator' />
<link:loc xlink:href='../elts/us-gaap-2013-01-31.xsd#us-gaap_EquityMethodInvestmentQuotedMarketValue' xlink:label='loc_EquityMethodInvestmentQuotedMarketValue' xlink:type='locator' />
<link:loc xlink:href='../elts/us-gaap-2013-01-31.xsd#us-gaap_EquityMethodInvestmentAggregateCost' xlink:label='loc_EquityMethodInvestmentAggregateCost' xlink:type='locator' />
<link:loc xlink:href='../elts/us-gaap-2013-01-31.xsd#us-gaap_EquityMethodInvestmentAdditionalInformation' xlink:label='loc_EquityMethodInvestmentAdditionalInformation' xlink:type='locator' />
<link:loc xlink:href='../elts/us-gaap-2013-01-31.xsd#us-gaap_EquityMethodInvestmentMaterialEffectsOfPossibleConversionsExercisesOrContingentIssuances' xlink:label='loc_EquityMethodInvestmentMaterialEffectsOfPossibleConversionsExercisesOrContingentIssuances' xlink:type='locator' />
<link:loc xlink:href='../elts/us-gaap-2013-01-31.xsd#us-gaap_EquityMethodInvestmentDividendsOrDistributions' xlink:label='loc_EquityMethodInvestmentDividendsOrDistributions' xlink:type='locator' />
<link:loc xlink:href='../elts/us-gaap-2013-01-31.xsd#us-gaap_ProceedsFromEquityMethodInvestmentDividendsOrDistributionsReturnOfCapital' xlink:label='loc_ProceedsFromEquityMethodInvestmentDividendsOrDistributionsReturnOfCapital' xlink:type='locator' />
<link:loc xlink:href='../elts/us-gaap-2013-01-31.xsd#us-gaap_EquityMethodInvestmentDeferredGainOnSale' xlink:label='loc_EquityMethodInvestmentDeferredGainOnSale' xlink:type='locator' />
<link:definitionArc order='26.0' xlink:arcrole='http://xbrl.org/int/dim/arcrole/domain-member' xlink:from='loc_EquityMethodInvestmentSummarizedFinancialInformationEquityAbstract' xlink:to='loc_EquityMethodInvestmentSummarizedFinancialInformationMinorityInterest' xlink:type='arc' />
<link:definitionArc order='27.0' xlink:arcrole='http://xbrl.org/int/dim/arcrole/domain-member' xlink:from='loc_EquityMethodInvestmentSummarizedFinancialInformationEquityAbstract' xlink:to='loc_EquityMethodInvestmentSummarizedFinancialInformationEquityOrCapital' xlink:type='arc' />
<link:definitionArc order='28.0' xlink:arcrole='http://xbrl.org/int/dim/arcrole/domain-member' xlink:from='loc_EquityMethodInvestmentSummarizedFinancialInformationEquityAbstract' xlink:to='loc_EquityMethodInvestmentSummarizedFinancialInformationEquity' xlink:type='arc' />
<link:definitionArc order='8.0' xlink:arcrole='http://xbrl.org/int/dim/arcrole/domain-member' xlink:from='loc_EquityMethodInvestmentDifferenceBetweenCarryingAmountAndUnderlyingEquityAbstract' xlink:to='loc_EquityMethodInvestmentUnderlyingEquityInNetAssets' xlink:type='arc' />
<link:definitionArc order='9.0' xlink:arcrole='http://xbrl.org/int/dim/arcrole/domain-member' xlink:from='loc_EquityMethodInvestmentDifferenceBetweenCarryingAmountAndUnderlyingEquityAbstract' xlink:to='loc_EquityMethodInvestmentDifferenceBetweenCarryingAmountAndUnderlyingEquity' xlink:type='arc' />
<link:definitionArc order='10.0' xlink:arcrole='http://xbrl.org/int/dim/arcrole/domain-member' xlink:from='loc_EquityMethodInvestmentDifferenceBetweenCarryingAmountAndUnderlyingEquityAbstract' xlink:to='loc_EquityMethodInvestmentDifferenceBetweenCarryingAmountAndUnderlyingEquityAccountingTreatment' xlink:type='arc' />
<link:definitionArc order='2.0' xlink:arcrole='http://xbrl.org/int/dim/arcrole/domain-member' xlink:from='loc_EquityMethodInvestmentFinancialStatementReportedAmountsAbstract' xlink:to='loc_IncomeLossFromEquityMethodInvestments' xlink:type='arc' />
<link:definitionArc order='3.0' xlink:arcrole='http://xbrl.org/int/dim/arcrole/domain-member' xlink:from='loc_EquityMethodInvestmentFinancialStatementReportedAmountsAbstract' xlink:to='loc_EquityMethodInvestments' xlink:type='arc' />
<link:definitionArc order='44.0' xlink:arcrole='http://xbrl.org/int/dim/arcrole/domain-member' xlink:from='loc_EquityMethodInvestmentRealizedGainLossOnDisposalAbstract' xlink:to='loc_EquityMethodInvestmentNetSalesProceeds' xlink:type='arc' />
<link:definitionArc order='45.0' xlink:arcrole='http://xbrl.org/int/dim/arcrole/domain-member' xlink:from='loc_EquityMethodInvestmentRealizedGainLossOnDisposalAbstract' xlink:to='loc_EquityMethodInvestmentSoldCarryingAmount' xlink:type='arc' />
<link:definitionArc order='46.0' xlink:arcrole='http://xbrl.org/int/dim/arcrole/domain-member' xlink:from='loc_EquityMethodInvestmentRealizedGainLossOnDisposalAbstract' xlink:to='loc_EquityMethodInvestmentRealizedGainLossOnDisposal' xlink:type='arc' />
<link:definitionArc order='15.0' xlink:arcrole='http://xbrl.org/int/dim/arcrole/domain-member' xlink:from='loc_EquityMethodInvestmentSummarizedFinancialInformationAbstract' xlink:to='loc_EquityMethodInvestmentSummarizedFinancialInformationAssetsAbstract' xlink:type='arc' />
<link:definitionArc order='19.0' xlink:arcrole='http://xbrl.org/int/dim/arcrole/domain-member' xlink:from='loc_EquityMethodInvestmentSummarizedFinancialInformationAbstract' xlink:to='loc_EquityMethodInvestmentSummarizedFinancialInformationLiabilitiesAndEquityAbstract' xlink:type='arc' />
<link:definitionArc order='30.0' xlink:arcrole='http://xbrl.org/int/dim/arcrole/domain-member' xlink:from='loc_EquityMethodInvestmentSummarizedFinancialInformationAbstract' xlink:to='loc_EquityMethodInvestmentSummarizedFinancialInformationIncomeStatementAbstract' xlink:type='arc' />
<link:definitionArc order='16.0' xlink:arcrole='http://xbrl.org/int/dim/arcrole/domain-member' xlink:from='loc_EquityMethodInvestmentSummarizedFinancialInformationAssetsAbstract' xlink:to='loc_EquityMethodInvestmentSummarizedFinancialInformationCurrentAssets' xlink:type='arc' />
<link:definitionArc order='17.0' xlink:arcrole='http://xbrl.org/int/dim/arcrole/domain-member' xlink:from='loc_EquityMethodInvestmentSummarizedFinancialInformationAssetsAbstract' xlink:to='loc_EquityMethodInvestmentSummarizedFinancialInformationNoncurrentAssets' xlink:type='arc' />
<link:definitionArc order='18.0' xlink:arcrole='http://xbrl.org/int/dim/arcrole/domain-member' xlink:from='loc_EquityMethodInvestmentSummarizedFinancialInformationAssetsAbstract' xlink:to='loc_EquityMethodInvestmentSummarizedFinancialInformationAssets' xlink:type='arc' />
<link:definitionArc order='32.0' xlink:arcrole='http://xbrl.org/int/dim/arcrole/domain-member' xlink:from='loc_EquityMethodInvestmentSummarizedFinancialInformationGrossProfitLossAbstract' xlink:to='loc_EquityMethodInvestmentSummarizedFinancialInformationRevenue' xlink:type='arc' />
<link:definitionArc order='33.0' xlink:arcrole='http://xbrl.org/int/dim/arcrole/domain-member' xlink:from='loc_EquityMethodInvestmentSummarizedFinancialInformationGrossProfitLossAbstract' xlink:to='loc_EquityMethodInvestmentSummarizedFinancialInformationCostOfSales' xlink:type='arc' />
<link:definitionArc order='34.0' xlink:arcrole='http://xbrl.org/int/dim/arcrole/domain-member' xlink:from='loc_EquityMethodInvestmentSummarizedFinancialInformationGrossProfitLossAbstract' xlink:to='loc_EquityMethodInvestmentSummarizedFinancialInformationGrossProfitLoss' xlink:type='arc' />
<link:definitionArc order='31.0' xlink:arcrole='http://xbrl.org/int/dim/arcrole/domain-member' xlink:from='loc_EquityMethodInvestmentSummarizedFinancialInformationIncomeStatementAbstract' xlink:to='loc_EquityMethodInvestmentSummarizedFinancialInformationGrossProfitLossAbstract' xlink:type='arc' />
<link:definitionArc order='35.0' xlink:arcrole='http://xbrl.org/int/dim/arcrole/domain-member' xlink:from='loc_EquityMethodInvestmentSummarizedFinancialInformationIncomeStatementAbstract' xlink:to='loc_EquityMethodInvestmentSummarizedFinancialInformationIncomeLossFromContinuingOperationsBeforeExtraordinaryItems' xlink:type='arc' />
<link:definitionArc order='36.0' xlink:arcrole='http://xbrl.org/int/dim/arcrole/domain-member' xlink:from='loc_EquityMethodInvestmentSummarizedFinancialInformationIncomeStatementAbstract' xlink:to='loc_EquityMethodInvestmentSummarizedFinancialInformationNetIncomeLoss' xlink:type='arc' />
<link:definitionArc order='21.0' xlink:arcrole='http://xbrl.org/int/dim/arcrole/domain-member' xlink:from='loc_EquityMethodInvestmentSummarizedFinancialInformationLiabilitiesAbstract' xlink:to='loc_EquityMethodInvestmentSummarizedFinancialInformationCurrentLiabilities' xlink:type='arc' />
<link:definitionArc order='22.0' xlink:arcrole='http://xbrl.org/int/dim/arcrole/domain-member' xlink:from='loc_EquityMethodInvestmentSummarizedFinancialInformationLiabilitiesAbstract' xlink:to='loc_EquityMethodInvestmentSummarizedFinancialInformationNoncurrentLiabilities' xlink:type='arc' />
<link:definitionArc order='23.0' xlink:arcrole='http://xbrl.org/int/dim/arcrole/domain-member' xlink:from='loc_EquityMethodInvestmentSummarizedFinancialInformationLiabilitiesAbstract' xlink:to='loc_EquityMethodInvestmentSummarizedFinancialInformationRedeemablePreferredStock' xlink:type='arc' />
<link:definitionArc order='24.0' xlink:arcrole='http://xbrl.org/int/dim/arcrole/domain-member' xlink:from='loc_EquityMethodInvestmentSummarizedFinancialInformationLiabilitiesAbstract' xlink:to='loc_EquityMethodInvestmentSummarizedFinancialInformationLiabilities' xlink:type='arc' />
<link:definitionArc order='20.0' xlink:arcrole='http://xbrl.org/int/dim/arcrole/domain-member' xlink:from='loc_EquityMethodInvestmentSummarizedFinancialInformationLiabilitiesAndEquityAbstract' xlink:to='loc_EquityMethodInvestmentSummarizedFinancialInformationLiabilitiesAbstract' xlink:type='arc' />
<link:definitionArc order='25.0' xlink:arcrole='http://xbrl.org/int/dim/arcrole/domain-member' xlink:from='loc_EquityMethodInvestmentSummarizedFinancialInformationLiabilitiesAndEquityAbstract' xlink:to='loc_EquityMethodInvestmentSummarizedFinancialInformationEquityAbstract' xlink:type='arc' />
<link:definitionArc order='29.0' xlink:arcrole='http://xbrl.org/int/dim/arcrole/domain-member' xlink:from='loc_EquityMethodInvestmentSummarizedFinancialInformationLiabilitiesAndEquityAbstract' xlink:to='loc_EquityMethodInvestmentSummarizedFinancialInformationLiabilitiesAndEquity' xlink:type='arc' />
<link:definitionArc order='41.0' xlink:arcrole='http://xbrl.org/int/dim/arcrole/domain-member' xlink:from='loc_EquityMethodInvestmentUnrealizedIntercompanyProfitLossNotEliminatedAbstract' xlink:to='loc_EquityMethodInvestmentUnrealizedIntercompanyProfitLossNotEliminatedAmount' xlink:type='arc' />
<link:definitionArc order='42.0' xlink:arcrole='http://xbrl.org/int/dim/arcrole/domain-member' xlink:from='loc_EquityMethodInvestmentUnrealizedIntercompanyProfitLossNotEliminatedAbstract' xlink:to='loc_EquityMethodInvestmentUnrealizedIntercompanyProfitLossNotEliminatedDescription' xlink:type='arc' />
<link:definitionArc order='1.0' xlink:arcrole='http://xbrl.org/int/dim/arcrole/domain-member' xlink:from='loc_ScheduleOfEquityMethodInvestmentsLineItems' xlink:to='loc_EquityMethodInvestmentFinancialStatementReportedAmountsAbstract' xlink:type='arc' />
<link:definitionArc order='4.0' xlink:arcrole='http://xbrl.org/int/dim/arcrole/domain-member' xlink:from='loc_ScheduleOfEquityMethodInvestmentsLineItems' xlink:to='loc_EquityMethodInvestmentDescriptionOfPrincipalActivities' xlink:type='arc' />
<link:definitionArc order='5.0' xlink:arcrole='http://xbrl.org/int/dim/arcrole/domain-member' xlink:from='loc_ScheduleOfEquityMethodInvestmentsLineItems' xlink:to='loc_EquityMethodInvestmentOwnershipPercentage' xlink:type='arc' />
<link:definitionArc order='6.0' xlink:arcrole='http://xbrl.org/int/dim/arcrole/domain-member' xlink:from='loc_ScheduleOfEquityMethodInvestmentsLineItems' xlink:to='loc_EquityMethodInvestmentOtherThanTemporaryImpairment' xlink:type='arc' />
<link:definitionArc order='7.0' xlink:arcrole='http://xbrl.org/int/dim/arcrole/domain-member' xlink:from='loc_ScheduleOfEquityMethodInvestmentsLineItems' xlink:to='loc_EquityMethodInvestmentDifferenceBetweenCarryingAmountAndUnderlyingEquityAbstract' xlink:type='arc' />
<link:definitionArc order='11.0' xlink:arcrole='http://xbrl.org/int/dim/arcrole/domain-member' xlink:from='loc_ScheduleOfEquityMethodInvestmentsLineItems' xlink:to='loc_EquityMethodInvestmentQuotedMarketValue' xlink:type='arc' />
<link:definitionArc order='12.0' xlink:arcrole='http://xbrl.org/int/dim/arcrole/domain-member' xlink:from='loc_ScheduleOfEquityMethodInvestmentsLineItems' xlink:to='loc_EquityMethodInvestmentAggregateCost' xlink:type='arc' />
<link:definitionArc order='13.0' xlink:arcrole='http://xbrl.org/int/dim/arcrole/domain-member' xlink:from='loc_ScheduleOfEquityMethodInvestmentsLineItems' xlink:to='loc_EquityMethodInvestmentAdditionalInformation' xlink:type='arc' />
<link:definitionArc order='14.0' xlink:arcrole='http://xbrl.org/int/dim/arcrole/domain-member' xlink:from='loc_ScheduleOfEquityMethodInvestmentsLineItems' xlink:to='loc_EquityMethodInvestmentSummarizedFinancialInformationAbstract' xlink:type='arc' />
<link:definitionArc order='37.0' xlink:arcrole='http://xbrl.org/int/dim/arcrole/domain-member' xlink:from='loc_ScheduleOfEquityMethodInvestmentsLineItems' xlink:to='loc_EquityMethodInvestmentMaterialEffectsOfPossibleConversionsExercisesOrContingentIssuances' xlink:type='arc' />
<link:definitionArc order='38.0' xlink:arcrole='http://xbrl.org/int/dim/arcrole/domain-member' xlink:from='loc_ScheduleOfEquityMethodInvestmentsLineItems' xlink:to='loc_EquityMethodInvestmentDividendsOrDistributions' xlink:type='arc' />
<link:definitionArc order='39.0' xlink:arcrole='http://xbrl.org/int/dim/arcrole/domain-member' xlink:from='loc_ScheduleOfEquityMethodInvestmentsLineItems' xlink:to='loc_ProceedsFromEquityMethodInvestmentDividendsOrDistributionsReturnOfCapital' xlink:type='arc' />
<link:definitionArc order='40.0' xlink:arcrole='http://xbrl.org/int/dim/arcrole/domain-member' xlink:from='loc_ScheduleOfEquityMethodInvestmentsLineItems' xlink:to='loc_EquityMethodInvestmentUnrealizedIntercompanyProfitLossNotEliminatedAbstract' xlink:type='arc' />
<link:definitionArc order='43.0' xlink:arcrole='http://xbrl.org/int/dim/arcrole/domain-member' xlink:from='loc_ScheduleOfEquityMethodInvestmentsLineItems' xlink:to='loc_EquityMethodInvestmentRealizedGainLossOnDisposalAbstract' xlink:type='arc' />
<link:definitionArc order='47.0' xlink:arcrole='http://xbrl.org/int/dim/arcrole/domain-member' xlink:from='loc_ScheduleOfEquityMethodInvestmentsLineItems' xlink:to='loc_EquityMethodInvestmentDeferredGainOnSale' xlink:type='arc' />
</link:definitionLink>
<link:definitionLink xlink:role='http://fasb.org/us-gaap/role/disclosure/InvestmentsEquityMethodAndJointVenturesScheduleOfEquityMethodInvestmentsTable' xlink:type='extended'>
<link:loc xlink:href='../elts/us-gaap-2013-01-31.xsd#us-gaap_ScheduleOfEquityMethodInvestmentsTable' xlink:label='loc_ScheduleOfEquityMethodInvestmentsTable' xlink:type='locator' />
<link:loc xlink:href='../elts/us-gaap-2013-01-31.xsd#us-gaap_ScheduleOfEquityMethodInvestmentEquityMethodInvesteeNameAxis' xlink:label='loc_ScheduleOfEquityMethodInvestmentEquityMethodInvesteeNameAxis' xlink:type='locator' />
<link:definitionArc order='1.0' xlink:arcrole='http://xbrl.org/int/dim/arcrole/hypercube-dimension' xlink:from='loc_ScheduleOfEquityMethodInvestmentsTable' xlink:to='loc_ScheduleOfEquityMethodInvestmentEquityMethodInvesteeNameAxis' xlink:type='arc' />
</link:definitionLink>
</link:linkbase>
