<?xml version='1.0' encoding='UTF-8'?>

<!--
(c) XBRL US, Inc. 2007-2010; Financial Accounting Foundation, Inc. 2010-2013.  All Rights Reserved.
Notice: Authorized Uses are Set Forth at http://xbrl.fasb.org/terms/TaxonomiesTermsConditions.html
  -->
<link:linkbase xmlns:link='http://www.xbrl.org/2003/linkbase' xmlns:xbrldt='http://xbrl.org/2005/xbrldt' xmlns:xlink='http://www.w3.org/1999/xlink' xmlns:xsi='http://www.w3.org/2001/XMLSchema-instance' xsi:schemaLocation='http://www.xbrl.org/2003/linkbase http://www.xbrl.org/2003/xbrl-linkbase-2003-12-31.xsd'>
<link:roleRef roleURI='http://fasb.org/us-gaap/role/disclosure/InterimReporting' xlink:href='../elts/us-roles-2013-01-31.xsd#ir' xlink:type='simple' />
<link:presentationLink xlink:role='http://fasb.org/us-gaap/role/disclosure/InterimReporting' xlink:type='extended'>
<link:loc xlink:href='../elts/us-gaap-2013-01-31.xsd#us-gaap_EarningsPerShareBasicAbstract' xlink:label='loc_EarningsPerShareBasicAbstract' xlink:type='locator' />
<link:loc xlink:href='../elts/us-gaap-2013-01-31.xsd#us-gaap_IncomeLossBeforeExtraordinaryItemsAndCumulativeEffectOfChangeInAccountingPrinciplePerBasicShareAbstract' xlink:label='loc_IncomeLossBeforeExtraordinaryItemsAndCumulativeEffectOfChangeInAccountingPrinciplePerBasicShareAbstract' xlink:type='locator' />
<link:loc xlink:href='../elts/us-gaap-2013-01-31.xsd#us-gaap_IncomeLossFromExtraordinaryItemsNetOfTaxPerBasicShare' xlink:label='loc_IncomeLossFromExtraordinaryItemsNetOfTaxPerBasicShare' xlink:type='locator' />
<link:loc xlink:href='../elts/us-gaap-2013-01-31.xsd#us-gaap_EarningsPerShareBasic' xlink:label='loc_EarningsPerShareBasic' xlink:type='locator' />
<link:loc xlink:href='../elts/us-gaap-2013-01-31.xsd#us-gaap_EarningsPerShareBasicAndDilutedAbstract' xlink:label='loc_EarningsPerShareBasicAndDilutedAbstract' xlink:type='locator' />
<link:loc xlink:href='../elts/us-gaap-2013-01-31.xsd#us-gaap_IncomeLossFromOperationsBeforeExtraordinaryItemsPerBasicAndDilutedShareAbstract' xlink:label='loc_IncomeLossFromOperationsBeforeExtraordinaryItemsPerBasicAndDilutedShareAbstract' xlink:type='locator' />
<link:loc xlink:href='../elts/us-gaap-2013-01-31.xsd#us-gaap_IncomeLossFromExtraordinaryItemsNetOfTaxPerBasicAndDilutedShare' xlink:label='loc_IncomeLossFromExtraordinaryItemsNetOfTaxPerBasicAndDilutedShare' xlink:type='locator' />
<link:loc xlink:href='../elts/us-gaap-2013-01-31.xsd#us-gaap_EarningsPerShareBasicAndDiluted' xlink:label='loc_EarningsPerShareBasicAndDiluted' xlink:type='locator' />
<link:loc xlink:href='../elts/us-gaap-2013-01-31.xsd#us-gaap_EarningsPerShareDilutedAbstract' xlink:label='loc_EarningsPerShareDilutedAbstract' xlink:type='locator' />
<link:loc xlink:href='../elts/us-gaap-2013-01-31.xsd#us-gaap_IncomeLossBeforeExtraordinaryItemsAndCumulativeEffectOfChangeInAccountingPrinciplePerDilutedShareAbstract' xlink:label='loc_IncomeLossBeforeExtraordinaryItemsAndCumulativeEffectOfChangeInAccountingPrinciplePerDilutedShareAbstract' xlink:type='locator' />
<link:loc xlink:href='../elts/us-gaap-2013-01-31.xsd#us-gaap_IncomeLossFromExtraordinaryItemsNetOfTaxPerDilutedShare' xlink:label='loc_IncomeLossFromExtraordinaryItemsNetOfTaxPerDilutedShare' xlink:type='locator' />
<link:loc xlink:href='../elts/us-gaap-2013-01-31.xsd#us-gaap_EarningsPerShareDiluted' xlink:label='loc_EarningsPerShareDiluted' xlink:type='locator' />
<link:loc xlink:href='../elts/us-gaap-2013-01-31.xsd#us-gaap_EffectOfFourthQuarterEventsByTypeAxis' xlink:label='loc_EffectOfFourthQuarterEventsByTypeAxis' xlink:type='locator' />
<link:loc xlink:href='../elts/us-gaap-2013-01-31.xsd#us-gaap_EffectOfFourthQuarterEventsTypeDomain' xlink:label='loc_EffectOfFourthQuarterEventsTypeDomain' xlink:type='locator' />
<link:loc xlink:href='../elts/us-gaap-2013-01-31.xsd#us-gaap_EffectOfFourthQuarterEventsLineItems' xlink:label='loc_EffectOfFourthQuarterEventsLineItems' xlink:type='locator' />
<link:loc xlink:href='../elts/us-gaap-2013-01-31.xsd#us-gaap_YearEndAdjustmentsEffectOfFourthQuarterEventsDescription' xlink:label='loc_YearEndAdjustmentsEffectOfFourthQuarterEventsDescription' xlink:type='locator' />
<link:loc xlink:href='../elts/us-gaap-2013-01-31.xsd#us-gaap_EffectOfFourthQuarterEventsAmount' xlink:label='loc_EffectOfFourthQuarterEventsAmount' xlink:type='locator' />
<link:loc xlink:href='../elts/us-gaap-2013-01-31.xsd#us-gaap_YearEndAdjustmentMember' xlink:label='loc_YearEndAdjustmentMember' xlink:type='locator' />
<link:loc xlink:href='../elts/us-gaap-2013-01-31.xsd#us-gaap_ExtraordinaryItemMember' xlink:label='loc_ExtraordinaryItemMember' xlink:type='locator' />
<link:loc xlink:href='../elts/us-gaap-2013-01-31.xsd#us-gaap_UnusualOrInfrequentItemMember' xlink:label='loc_UnusualOrInfrequentItemMember' xlink:type='locator' />
<link:loc xlink:href='../elts/us-gaap-2013-01-31.xsd#us-gaap_IncomeLossFromDiscontinuedOperationsAndDisposalOfDiscontinuedOperationsNetOfTaxPerBasicShareAbstract' xlink:label='loc_IncomeLossFromDiscontinuedOperationsAndDisposalOfDiscontinuedOperationsNetOfTaxPerBasicShareAbstract' xlink:type='locator' />
<link:loc xlink:href='../elts/us-gaap-2013-01-31.xsd#us-gaap_DiscontinuedOperationIncomeLossFromDiscontinuedOperationNetOfTaxPerBasicShare' xlink:label='loc_DiscontinuedOperationIncomeLossFromDiscontinuedOperationNetOfTaxPerBasicShare' xlink:type='locator' />
<link:loc xlink:href='../elts/us-gaap-2013-01-31.xsd#us-gaap_DiscontinuedOperationGainLossOnDisposalOfDiscontinuedOperationNetOfTaxPerBasicShare' xlink:label='loc_DiscontinuedOperationGainLossOnDisposalOfDiscontinuedOperationNetOfTaxPerBasicShare' xlink:type='locator' />
<link:loc xlink:href='../elts/us-gaap-2013-01-31.xsd#us-gaap_IncomeLossFromDiscontinuedOperationsNetOfTaxPerBasicShare' xlink:label='loc_IncomeLossFromDiscontinuedOperationsNetOfTaxPerBasicShare' xlink:type='locator' />
<link:loc xlink:href='../elts/us-gaap-2013-01-31.xsd#us-gaap_IncomeLossFromDiscontinuedOperationsAndDisposalOfDiscontinuedOperationsNetOfTaxPerBasicAndDilutedShareAbstract' xlink:label='loc_IncomeLossFromDiscontinuedOperationsAndDisposalOfDiscontinuedOperationsNetOfTaxPerBasicAndDilutedShareAbstract' xlink:type='locator' />
<link:loc xlink:href='../elts/us-gaap-2013-01-31.xsd#us-gaap_DiscontinuedOperationIncomeLossFromDiscontinuedOperationNetOfTaxPerBasicAndDilutedShare' xlink:label='loc_DiscontinuedOperationIncomeLossFromDiscontinuedOperationNetOfTaxPerBasicAndDilutedShare' xlink:type='locator' />
<link:loc xlink:href='../elts/us-gaap-2013-01-31.xsd#us-gaap_DiscontinuedOperationGainLossOnDisposalOfDiscontinuedOperationNetOfTaxPerBasicAndDilutedShare' xlink:label='loc_DiscontinuedOperationGainLossOnDisposalOfDiscontinuedOperationNetOfTaxPerBasicAndDilutedShare' xlink:type='locator' />
<link:loc xlink:href='../elts/us-gaap-2013-01-31.xsd#us-gaap_IncomeLossFromDiscontinuedOperationsNetOfTaxPerBasicAndDilutedShare' xlink:label='loc_IncomeLossFromDiscontinuedOperationsNetOfTaxPerBasicAndDilutedShare' xlink:type='locator' />
<link:loc xlink:href='../elts/us-gaap-2013-01-31.xsd#us-gaap_IncomeLossFromDiscontinuedOperationsAndDisposalOfDiscontinuedOperationsNetOfTaxPerDilutedShareAbstract' xlink:label='loc_IncomeLossFromDiscontinuedOperationsAndDisposalOfDiscontinuedOperationsNetOfTaxPerDilutedShareAbstract' xlink:type='locator' />
<link:loc xlink:href='../elts/us-gaap-2013-01-31.xsd#us-gaap_DiscontinuedOperationIncomeLossFromDiscontinuedOperationNetOfTaxPerDilutedShare' xlink:label='loc_DiscontinuedOperationIncomeLossFromDiscontinuedOperationNetOfTaxPerDilutedShare' xlink:type='locator' />
<link:loc xlink:href='../elts/us-gaap-2013-01-31.xsd#us-gaap_DiscontinuedOperationGainLossOnDisposalOfDiscontinuedOperationNetOfTaxPerDilutedShare' xlink:label='loc_DiscontinuedOperationGainLossOnDisposalOfDiscontinuedOperationNetOfTaxPerDilutedShare' xlink:type='locator' />
<link:loc xlink:href='../elts/us-gaap-2013-01-31.xsd#us-gaap_IncomeLossFromDiscontinuedOperationsNetOfTaxPerDilutedShare' xlink:label='loc_IncomeLossFromDiscontinuedOperationsNetOfTaxPerDilutedShare' xlink:type='locator' />
<link:loc xlink:href='../elts/us-gaap-2013-01-31.xsd#us-gaap_IncomeLossFromContinuingOperationsPerBasicShare' xlink:label='loc_IncomeLossFromContinuingOperationsPerBasicShare' xlink:type='locator' />
<link:loc xlink:href='../elts/us-gaap-2013-01-31.xsd#us-gaap_IncomeLossBeforeExtraordinaryItemsAndCumulativeEffectOfChangeInAccountingPrinciplePerBasicShare' xlink:label='loc_IncomeLossBeforeExtraordinaryItemsAndCumulativeEffectOfChangeInAccountingPrinciplePerBasicShare' xlink:type='locator' />
<link:loc xlink:href='../elts/us-gaap-2013-01-31.xsd#us-gaap_IncomeLossFromContinuingOperationsPerBasicAndDilutedShare' xlink:label='loc_IncomeLossFromContinuingOperationsPerBasicAndDilutedShare' xlink:type='locator' />
<link:loc xlink:href='../elts/us-gaap-2013-01-31.xsd#us-gaap_IncomeLossFromOperationsBeforeExtraordinaryItemsPerBasicAndDilutedShare' xlink:label='loc_IncomeLossFromOperationsBeforeExtraordinaryItemsPerBasicAndDilutedShare' xlink:type='locator' />
<link:loc xlink:href='../elts/us-gaap-2013-01-31.xsd#us-gaap_IncomeLossFromContinuingOperationsPerDilutedShare' xlink:label='loc_IncomeLossFromContinuingOperationsPerDilutedShare' xlink:type='locator' />
<link:loc xlink:href='../elts/us-gaap-2013-01-31.xsd#us-gaap_IncomeLossBeforeExtraordinaryItemsAndCumulativeEffectOfChangeInAccountingPrinciplePerDilutedShare' xlink:label='loc_IncomeLossBeforeExtraordinaryItemsAndCumulativeEffectOfChangeInAccountingPrinciplePerDilutedShare' xlink:type='locator' />
<link:loc xlink:href='../elts/us-gaap-2013-01-31.xsd#us-gaap_InterimPeriodCostsNotAllocableLineItems' xlink:label='loc_InterimPeriodCostsNotAllocableLineItems' xlink:type='locator' />
<link:loc xlink:href='../elts/us-gaap-2013-01-31.xsd#us-gaap_InterimPeriodCostsNotAllocableDescription' xlink:label='loc_InterimPeriodCostsNotAllocableDescription' xlink:type='locator' />
<link:loc xlink:href='../elts/us-gaap-2013-01-31.xsd#us-gaap_InterimPeriodCostsNotAllocableAmountFirstItem' xlink:label='loc_InterimPeriodCostsNotAllocableAmountFirstItem' xlink:type='locator' />
<link:loc xlink:href='../elts/us-gaap-2013-01-31.xsd#us-gaap_InterimPeriodCostsNotAllocableAmountSecondItem' xlink:label='loc_InterimPeriodCostsNotAllocableAmountSecondItem' xlink:type='locator' />
<link:loc xlink:href='../elts/us-gaap-2013-01-31.xsd#us-gaap_InterimPeriodCostsNotAllocableAmountThirdItem' xlink:label='loc_InterimPeriodCostsNotAllocableAmountThirdItem' xlink:type='locator' />
<link:loc xlink:href='../elts/us-gaap-2013-01-31.xsd#us-gaap_InterimPeriodCostsNotAllocableTable' xlink:label='loc_InterimPeriodCostsNotAllocableTable' xlink:type='locator' />
<link:loc xlink:href='../elts/us-gaap-2013-01-31.xsd#us-gaap_NatureOfExpenseAxis' xlink:label='loc_NatureOfExpenseAxis' xlink:type='locator' />
<link:loc xlink:href='../elts/us-gaap-2013-01-31.xsd#us-gaap_InterimPeriodCostsNotAllocableDomain' xlink:label='loc_InterimPeriodCostsNotAllocableDomain' xlink:type='locator' />
<link:loc xlink:href='../elts/us-gaap-2013-01-31.xsd#us-gaap_QuarterlyFinancialDataAbstract' xlink:label='loc_QuarterlyFinancialDataAbstract' xlink:type='locator' />
<link:loc xlink:href='../elts/us-gaap-2013-01-31.xsd#us-gaap_SelectedQuarterlyFinancialInformationAbstract' xlink:label='loc_SelectedQuarterlyFinancialInformationAbstract' xlink:type='locator' />
<link:loc xlink:href='../elts/us-gaap-2013-01-31.xsd#us-gaap_QuarterlyFinancialInformationExplanatoryDisclosure' xlink:label='loc_QuarterlyFinancialInformationExplanatoryDisclosure' xlink:type='locator' />
<link:loc xlink:href='../elts/us-gaap-2013-01-31.xsd#us-gaap_QuarterlyFinancialInformationExplanatoryNotePeriod' xlink:label='loc_QuarterlyFinancialInformationExplanatoryNotePeriod' xlink:type='locator' />
<link:loc xlink:href='../elts/us-gaap-2013-01-31.xsd#us-gaap_QuarterlyFinancialInformationQuarterlyChargesAndCreditsAmountAffectingComparability' xlink:label='loc_QuarterlyFinancialInformationQuarterlyChargesAndCreditsAmountAffectingComparability' xlink:type='locator' />
<link:loc xlink:href='../elts/us-gaap-2013-01-31.xsd#us-gaap_QuarterlyFinancialInformationQuarterlyChargesAndCreditsAmountReconcilingToPreviouslyReportedResults' xlink:label='loc_QuarterlyFinancialInformationQuarterlyChargesAndCreditsAmountReconcilingToPreviouslyReportedResults' xlink:type='locator' />
<link:loc xlink:href='../elts/us-gaap-2013-01-31.xsd#us-gaap_QuarterlyFinancialInformationSegmentReportingSegmentAssetsMaterialChange' xlink:label='loc_QuarterlyFinancialInformationSegmentReportingSegmentAssetsMaterialChange' xlink:type='locator' />
<link:loc xlink:href='../elts/us-gaap-2013-01-31.xsd#us-gaap_QuarterlyFinancialInformationSegmentReportingChangeInBasisOfSegmentation' xlink:label='loc_QuarterlyFinancialInformationSegmentReportingChangeInBasisOfSegmentation' xlink:type='locator' />
<link:loc xlink:href='../elts/us-gaap-2013-01-31.xsd#us-gaap_QuarterlyFinancialInformationIncomeTaxesSignificantVariationDescription' xlink:label='loc_QuarterlyFinancialInformationIncomeTaxesSignificantVariationDescription' xlink:type='locator' />
<link:loc xlink:href='../elts/us-gaap-2013-01-31.xsd#us-gaap_QuarterlyFinancialInformationDisclosureAbstract' xlink:label='loc_QuarterlyFinancialInformationDisclosureAbstract' xlink:type='locator' />
<link:loc xlink:href='../elts/us-gaap-2013-01-31.xsd#us-gaap_QuarterlyFinancialInformationTextBlock' xlink:label='loc_QuarterlyFinancialInformationTextBlock' xlink:type='locator' />
<link:loc xlink:href='../elts/us-gaap-2013-01-31.xsd#us-gaap_EffectOfFourthQuarterEventsTextBlock' xlink:label='loc_EffectOfFourthQuarterEventsTextBlock' xlink:type='locator' />
<link:loc xlink:href='../elts/us-gaap-2013-01-31.xsd#us-gaap_ScheduleOfEffectOfFourthQuarterEventsTable' xlink:label='loc_ScheduleOfEffectOfFourthQuarterEventsTable' xlink:type='locator' />
<link:loc xlink:href='../elts/us-gaap-2013-01-31.xsd#us-gaap_InterimPeriodCostsNotAllocableTableTextBlock' xlink:label='loc_InterimPeriodCostsNotAllocableTableTextBlock' xlink:type='locator' />
<link:loc xlink:href='../elts/us-gaap-2013-01-31.xsd#us-gaap_TableTextBlockSupplementAbstract' xlink:label='loc_TableTextBlockSupplementAbstract' xlink:type='locator' />
<link:loc xlink:href='../elts/us-gaap-2013-01-31.xsd#us-gaap_SalesRevenueNet' xlink:label='loc_SalesRevenueNet' xlink:type='locator' />
<link:loc xlink:href='../elts/us-gaap-2013-01-31.xsd#us-gaap_CostOfRevenue' xlink:label='loc_CostOfRevenue' xlink:type='locator' />
<link:loc xlink:href='../elts/us-gaap-2013-01-31.xsd#us-gaap_GrossProfit' xlink:label='loc_GrossProfit' xlink:type='locator' />
<link:loc xlink:href='../elts/us-gaap-2013-01-31.xsd#us-gaap_ResearchAndDevelopmentExpense' xlink:label='loc_ResearchAndDevelopmentExpense' xlink:type='locator' />
<link:loc xlink:href='../elts/us-gaap-2013-01-31.xsd#us-gaap_OperatingIncomeLoss' xlink:label='loc_OperatingIncomeLoss' xlink:type='locator' />
<link:loc xlink:href='../elts/us-gaap-2013-01-31.xsd#us-gaap_IncomeLossFromContinuingOperationsBeforeIncomeTaxesMinorityInterestAndIncomeLossFromEquityMethodInvestments' xlink:label='loc_IncomeLossFromContinuingOperationsBeforeIncomeTaxesMinorityInterestAndIncomeLossFromEquityMethodInvestments' xlink:type='locator' />
<link:loc xlink:href='../elts/us-gaap-2013-01-31.xsd#us-gaap_IncomeLossFromContinuingOperationsBeforeInterestExpenseInterestIncomeIncomeTaxesExtraordinaryItemsNoncontrollingInterestsNet' xlink:label='loc_IncomeLossFromContinuingOperationsBeforeInterestExpenseInterestIncomeIncomeTaxesExtraordinaryItemsNoncontrollingInterestsNet' xlink:type='locator' />
<link:loc xlink:href='../elts/us-gaap-2013-01-31.xsd#us-gaap_IncomeLossFromDiscontinuedOperationsNetOfTax' xlink:label='loc_IncomeLossFromDiscontinuedOperationsNetOfTax' xlink:type='locator' />
<link:loc xlink:href='../elts/us-gaap-2013-01-31.xsd#us-gaap_ExtraordinaryItemNetOfTax' xlink:label='loc_ExtraordinaryItemNetOfTax' xlink:type='locator' />
<link:loc xlink:href='../elts/us-gaap-2013-01-31.xsd#us-gaap_NetIncomeLoss' xlink:label='loc_NetIncomeLoss' xlink:type='locator' />
<link:loc xlink:href='../elts/us-gaap-2013-01-31.xsd#us-gaap_NetIncomeLossAvailableToCommonStockholdersBasic' xlink:label='loc_NetIncomeLossAvailableToCommonStockholdersBasic' xlink:type='locator' />
<link:loc xlink:href='../elts/us-gaap-2013-01-31.xsd#us-gaap_WeightedAverageNumberOfSharesOutstandingBasic' xlink:label='loc_WeightedAverageNumberOfSharesOutstandingBasic' xlink:type='locator' />
<link:loc xlink:href='../elts/us-gaap-2013-01-31.xsd#us-gaap_WeightedAverageNumberOfDilutedSharesOutstanding' xlink:label='loc_WeightedAverageNumberOfDilutedSharesOutstanding' xlink:type='locator' />
<link:loc xlink:href='../elts/us-gaap-2013-01-31.xsd#us-gaap_IncomeLossBeforeExtraordinaryItemsAndCumulativeEffectOfChangeInAccountingPrinciple' xlink:label='loc_IncomeLossBeforeExtraordinaryItemsAndCumulativeEffectOfChangeInAccountingPrinciple' xlink:type='locator' />
<link:loc xlink:href='../elts/us-gaap-2013-01-31.xsd#us-gaap_ScheduleOfQuarterlyFinancialInformationTableTextBlock' xlink:label='loc_ScheduleOfQuarterlyFinancialInformationTableTextBlock' xlink:type='locator' />
<link:presentationArc order='10' xlink:arcrole='http://www.xbrl.org/2003/arcrole/parent-child' xlink:from='loc_EarningsPerShareBasicAbstract' xlink:to='loc_IncomeLossBeforeExtraordinaryItemsAndCumulativeEffectOfChangeInAccountingPrinciplePerBasicShareAbstract' xlink:type='arc' />
<link:presentationArc order='20' xlink:arcrole='http://www.xbrl.org/2003/arcrole/parent-child' xlink:from='loc_EarningsPerShareBasicAbstract' xlink:to='loc_IncomeLossFromExtraordinaryItemsNetOfTaxPerBasicShare' xlink:type='arc' />
<link:presentationArc order='30' preferredLabel='http://www.xbrl.org/2003/role/totalLabel' xlink:arcrole='http://www.xbrl.org/2003/arcrole/parent-child' xlink:from='loc_EarningsPerShareBasicAbstract' xlink:to='loc_EarningsPerShareBasic' xlink:type='arc' />
<link:presentationArc order='10' xlink:arcrole='http://www.xbrl.org/2003/arcrole/parent-child' xlink:from='loc_EarningsPerShareBasicAndDilutedAbstract' xlink:to='loc_IncomeLossFromOperationsBeforeExtraordinaryItemsPerBasicAndDilutedShareAbstract' xlink:type='arc' />
<link:presentationArc order='20' xlink:arcrole='http://www.xbrl.org/2003/arcrole/parent-child' xlink:from='loc_EarningsPerShareBasicAndDilutedAbstract' xlink:to='loc_IncomeLossFromExtraordinaryItemsNetOfTaxPerBasicAndDilutedShare' xlink:type='arc' />
<link:presentationArc order='30' preferredLabel='http://www.xbrl.org/2003/role/totalLabel' xlink:arcrole='http://www.xbrl.org/2003/arcrole/parent-child' xlink:from='loc_EarningsPerShareBasicAndDilutedAbstract' xlink:to='loc_EarningsPerShareBasicAndDiluted' xlink:type='arc' />
<link:presentationArc order='10' xlink:arcrole='http://www.xbrl.org/2003/arcrole/parent-child' xlink:from='loc_EarningsPerShareDilutedAbstract' xlink:to='loc_IncomeLossBeforeExtraordinaryItemsAndCumulativeEffectOfChangeInAccountingPrinciplePerDilutedShareAbstract' xlink:type='arc' />
<link:presentationArc order='20' xlink:arcrole='http://www.xbrl.org/2003/arcrole/parent-child' xlink:from='loc_EarningsPerShareDilutedAbstract' xlink:to='loc_IncomeLossFromExtraordinaryItemsNetOfTaxPerDilutedShare' xlink:type='arc' />
<link:presentationArc order='30' preferredLabel='http://www.xbrl.org/2003/role/totalLabel' xlink:arcrole='http://www.xbrl.org/2003/arcrole/parent-child' xlink:from='loc_EarningsPerShareDilutedAbstract' xlink:to='loc_EarningsPerShareDiluted' xlink:type='arc' />
<link:presentationArc order='10' xlink:arcrole='http://www.xbrl.org/2003/arcrole/parent-child' xlink:from='loc_EffectOfFourthQuarterEventsByTypeAxis' xlink:to='loc_EffectOfFourthQuarterEventsTypeDomain' xlink:type='arc' />
<link:presentationArc order='10' xlink:arcrole='http://www.xbrl.org/2003/arcrole/parent-child' xlink:from='loc_EffectOfFourthQuarterEventsLineItems' xlink:to='loc_YearEndAdjustmentsEffectOfFourthQuarterEventsDescription' xlink:type='arc' />
<link:presentationArc order='20' xlink:arcrole='http://www.xbrl.org/2003/arcrole/parent-child' xlink:from='loc_EffectOfFourthQuarterEventsLineItems' xlink:to='loc_EffectOfFourthQuarterEventsAmount' xlink:type='arc' />
<link:presentationArc order='10' xlink:arcrole='http://www.xbrl.org/2003/arcrole/parent-child' xlink:from='loc_EffectOfFourthQuarterEventsTypeDomain' xlink:to='loc_YearEndAdjustmentMember' xlink:type='arc' />
<link:presentationArc order='20' xlink:arcrole='http://www.xbrl.org/2003/arcrole/parent-child' xlink:from='loc_EffectOfFourthQuarterEventsTypeDomain' xlink:to='loc_ExtraordinaryItemMember' xlink:type='arc' />
<link:presentationArc order='30' xlink:arcrole='http://www.xbrl.org/2003/arcrole/parent-child' xlink:from='loc_EffectOfFourthQuarterEventsTypeDomain' xlink:to='loc_UnusualOrInfrequentItemMember' xlink:type='arc' />
<link:presentationArc order='10' xlink:arcrole='http://www.xbrl.org/2003/arcrole/parent-child' xlink:from='loc_IncomeLossFromDiscontinuedOperationsAndDisposalOfDiscontinuedOperationsNetOfTaxPerBasicShareAbstract' xlink:to='loc_DiscontinuedOperationIncomeLossFromDiscontinuedOperationNetOfTaxPerBasicShare' xlink:type='arc' />
<link:presentationArc order='20' xlink:arcrole='http://www.xbrl.org/2003/arcrole/parent-child' xlink:from='loc_IncomeLossFromDiscontinuedOperationsAndDisposalOfDiscontinuedOperationsNetOfTaxPerBasicShareAbstract' xlink:to='loc_DiscontinuedOperationGainLossOnDisposalOfDiscontinuedOperationNetOfTaxPerBasicShare' xlink:type='arc' />
<link:presentationArc order='30' preferredLabel='http://www.xbrl.org/2003/role/totalLabel' xlink:arcrole='http://www.xbrl.org/2003/arcrole/parent-child' xlink:from='loc_IncomeLossFromDiscontinuedOperationsAndDisposalOfDiscontinuedOperationsNetOfTaxPerBasicShareAbstract' xlink:to='loc_IncomeLossFromDiscontinuedOperationsNetOfTaxPerBasicShare' xlink:type='arc' />
<link:presentationArc order='10' xlink:arcrole='http://www.xbrl.org/2003/arcrole/parent-child' xlink:from='loc_IncomeLossFromDiscontinuedOperationsAndDisposalOfDiscontinuedOperationsNetOfTaxPerBasicAndDilutedShareAbstract' xlink:to='loc_DiscontinuedOperationIncomeLossFromDiscontinuedOperationNetOfTaxPerBasicAndDilutedShare' xlink:type='arc' />
<link:presentationArc order='20' xlink:arcrole='http://www.xbrl.org/2003/arcrole/parent-child' xlink:from='loc_IncomeLossFromDiscontinuedOperationsAndDisposalOfDiscontinuedOperationsNetOfTaxPerBasicAndDilutedShareAbstract' xlink:to='loc_DiscontinuedOperationGainLossOnDisposalOfDiscontinuedOperationNetOfTaxPerBasicAndDilutedShare' xlink:type='arc' />
<link:presentationArc order='30' preferredLabel='http://www.xbrl.org/2003/role/totalLabel' xlink:arcrole='http://www.xbrl.org/2003/arcrole/parent-child' xlink:from='loc_IncomeLossFromDiscontinuedOperationsAndDisposalOfDiscontinuedOperationsNetOfTaxPerBasicAndDilutedShareAbstract' xlink:to='loc_IncomeLossFromDiscontinuedOperationsNetOfTaxPerBasicAndDilutedShare' xlink:type='arc' />
<link:presentationArc order='10' xlink:arcrole='http://www.xbrl.org/2003/arcrole/parent-child' xlink:from='loc_IncomeLossFromDiscontinuedOperationsAndDisposalOfDiscontinuedOperationsNetOfTaxPerDilutedShareAbstract' xlink:to='loc_DiscontinuedOperationIncomeLossFromDiscontinuedOperationNetOfTaxPerDilutedShare' xlink:type='arc' />
<link:presentationArc order='20' xlink:arcrole='http://www.xbrl.org/2003/arcrole/parent-child' xlink:from='loc_IncomeLossFromDiscontinuedOperationsAndDisposalOfDiscontinuedOperationsNetOfTaxPerDilutedShareAbstract' xlink:to='loc_DiscontinuedOperationGainLossOnDisposalOfDiscontinuedOperationNetOfTaxPerDilutedShare' xlink:type='arc' />
<link:presentationArc order='30' preferredLabel='http://www.xbrl.org/2003/role/totalLabel' xlink:arcrole='http://www.xbrl.org/2003/arcrole/parent-child' xlink:from='loc_IncomeLossFromDiscontinuedOperationsAndDisposalOfDiscontinuedOperationsNetOfTaxPerDilutedShareAbstract' xlink:to='loc_IncomeLossFromDiscontinuedOperationsNetOfTaxPerDilutedShare' xlink:type='arc' />
<link:presentationArc order='10' xlink:arcrole='http://www.xbrl.org/2003/arcrole/parent-child' xlink:from='loc_IncomeLossBeforeExtraordinaryItemsAndCumulativeEffectOfChangeInAccountingPrinciplePerBasicShareAbstract' xlink:to='loc_IncomeLossFromContinuingOperationsPerBasicShare' xlink:type='arc' />
<link:presentationArc order='20' xlink:arcrole='http://www.xbrl.org/2003/arcrole/parent-child' xlink:from='loc_IncomeLossBeforeExtraordinaryItemsAndCumulativeEffectOfChangeInAccountingPrinciplePerBasicShareAbstract' xlink:to='loc_IncomeLossFromDiscontinuedOperationsAndDisposalOfDiscontinuedOperationsNetOfTaxPerBasicShareAbstract' xlink:type='arc' />
<link:presentationArc order='30' preferredLabel='http://www.xbrl.org/2003/role/totalLabel' xlink:arcrole='http://www.xbrl.org/2003/arcrole/parent-child' xlink:from='loc_IncomeLossBeforeExtraordinaryItemsAndCumulativeEffectOfChangeInAccountingPrinciplePerBasicShareAbstract' xlink:to='loc_IncomeLossBeforeExtraordinaryItemsAndCumulativeEffectOfChangeInAccountingPrinciplePerBasicShare' xlink:type='arc' />
<link:presentationArc order='10' xlink:arcrole='http://www.xbrl.org/2003/arcrole/parent-child' xlink:from='loc_IncomeLossFromOperationsBeforeExtraordinaryItemsPerBasicAndDilutedShareAbstract' xlink:to='loc_IncomeLossFromContinuingOperationsPerBasicAndDilutedShare' xlink:type='arc' />
<link:presentationArc order='20' xlink:arcrole='http://www.xbrl.org/2003/arcrole/parent-child' xlink:from='loc_IncomeLossFromOperationsBeforeExtraordinaryItemsPerBasicAndDilutedShareAbstract' xlink:to='loc_IncomeLossFromDiscontinuedOperationsAndDisposalOfDiscontinuedOperationsNetOfTaxPerBasicAndDilutedShareAbstract' xlink:type='arc' />
<link:presentationArc order='30' preferredLabel='http://www.xbrl.org/2003/role/totalLabel' xlink:arcrole='http://www.xbrl.org/2003/arcrole/parent-child' xlink:from='loc_IncomeLossFromOperationsBeforeExtraordinaryItemsPerBasicAndDilutedShareAbstract' xlink:to='loc_IncomeLossFromOperationsBeforeExtraordinaryItemsPerBasicAndDilutedShare' xlink:type='arc' />
<link:presentationArc order='10' xlink:arcrole='http://www.xbrl.org/2003/arcrole/parent-child' xlink:from='loc_IncomeLossBeforeExtraordinaryItemsAndCumulativeEffectOfChangeInAccountingPrinciplePerDilutedShareAbstract' xlink:to='loc_IncomeLossFromContinuingOperationsPerDilutedShare' xlink:type='arc' />
<link:presentationArc order='20' xlink:arcrole='http://www.xbrl.org/2003/arcrole/parent-child' xlink:from='loc_IncomeLossBeforeExtraordinaryItemsAndCumulativeEffectOfChangeInAccountingPrinciplePerDilutedShareAbstract' xlink:to='loc_IncomeLossFromDiscontinuedOperationsAndDisposalOfDiscontinuedOperationsNetOfTaxPerDilutedShareAbstract' xlink:type='arc' />
<link:presentationArc order='30' preferredLabel='http://www.xbrl.org/2003/role/totalLabel' xlink:arcrole='http://www.xbrl.org/2003/arcrole/parent-child' xlink:from='loc_IncomeLossBeforeExtraordinaryItemsAndCumulativeEffectOfChangeInAccountingPrinciplePerDilutedShareAbstract' xlink:to='loc_IncomeLossBeforeExtraordinaryItemsAndCumulativeEffectOfChangeInAccountingPrinciplePerDilutedShare' xlink:type='arc' />
<link:presentationArc order='10' xlink:arcrole='http://www.xbrl.org/2003/arcrole/parent-child' xlink:from='loc_InterimPeriodCostsNotAllocableLineItems' xlink:to='loc_InterimPeriodCostsNotAllocableDescription' xlink:type='arc' />
<link:presentationArc order='20' xlink:arcrole='http://www.xbrl.org/2003/arcrole/parent-child' xlink:from='loc_InterimPeriodCostsNotAllocableLineItems' xlink:to='loc_InterimPeriodCostsNotAllocableAmountFirstItem' xlink:type='arc' />
<link:presentationArc order='30' xlink:arcrole='http://www.xbrl.org/2003/arcrole/parent-child' xlink:from='loc_InterimPeriodCostsNotAllocableLineItems' xlink:to='loc_InterimPeriodCostsNotAllocableAmountSecondItem' xlink:type='arc' />
<link:presentationArc order='40' xlink:arcrole='http://www.xbrl.org/2003/arcrole/parent-child' xlink:from='loc_InterimPeriodCostsNotAllocableLineItems' xlink:to='loc_InterimPeriodCostsNotAllocableAmountThirdItem' xlink:type='arc' />
<link:presentationArc order='10' xlink:arcrole='http://www.xbrl.org/2003/arcrole/parent-child' xlink:from='loc_InterimPeriodCostsNotAllocableTable' xlink:to='loc_NatureOfExpenseAxis' xlink:type='arc' />
<link:presentationArc order='20' xlink:arcrole='http://www.xbrl.org/2003/arcrole/parent-child' xlink:from='loc_InterimPeriodCostsNotAllocableTable' xlink:to='loc_InterimPeriodCostsNotAllocableLineItems' xlink:type='arc' />
<link:presentationArc order='10' xlink:arcrole='http://www.xbrl.org/2003/arcrole/parent-child' xlink:from='loc_NatureOfExpenseAxis' xlink:to='loc_InterimPeriodCostsNotAllocableDomain' xlink:type='arc' />
<link:presentationArc order='10' xlink:arcrole='http://www.xbrl.org/2003/arcrole/parent-child' xlink:from='loc_QuarterlyFinancialDataAbstract' xlink:to='loc_SelectedQuarterlyFinancialInformationAbstract' xlink:type='arc' />
<link:presentationArc order='20' xlink:arcrole='http://www.xbrl.org/2003/arcrole/parent-child' xlink:from='loc_QuarterlyFinancialDataAbstract' xlink:to='loc_QuarterlyFinancialInformationExplanatoryDisclosure' xlink:type='arc' />
<link:presentationArc order='10' xlink:arcrole='http://www.xbrl.org/2003/arcrole/parent-child' xlink:from='loc_QuarterlyFinancialInformationExplanatoryDisclosure' xlink:to='loc_QuarterlyFinancialInformationExplanatoryNotePeriod' xlink:type='arc' />
<link:presentationArc order='20' xlink:arcrole='http://www.xbrl.org/2003/arcrole/parent-child' xlink:from='loc_QuarterlyFinancialInformationExplanatoryDisclosure' xlink:to='loc_QuarterlyFinancialInformationQuarterlyChargesAndCreditsAmountAffectingComparability' xlink:type='arc' />
<link:presentationArc order='30' xlink:arcrole='http://www.xbrl.org/2003/arcrole/parent-child' xlink:from='loc_QuarterlyFinancialInformationExplanatoryDisclosure' xlink:to='loc_QuarterlyFinancialInformationQuarterlyChargesAndCreditsAmountReconcilingToPreviouslyReportedResults' xlink:type='arc' />
<link:presentationArc order='40' xlink:arcrole='http://www.xbrl.org/2003/arcrole/parent-child' xlink:from='loc_QuarterlyFinancialInformationExplanatoryDisclosure' xlink:to='loc_QuarterlyFinancialInformationSegmentReportingSegmentAssetsMaterialChange' xlink:type='arc' />
<link:presentationArc order='50' xlink:arcrole='http://www.xbrl.org/2003/arcrole/parent-child' xlink:from='loc_QuarterlyFinancialInformationExplanatoryDisclosure' xlink:to='loc_QuarterlyFinancialInformationSegmentReportingChangeInBasisOfSegmentation' xlink:type='arc' />
<link:presentationArc order='60' xlink:arcrole='http://www.xbrl.org/2003/arcrole/parent-child' xlink:from='loc_QuarterlyFinancialInformationExplanatoryDisclosure' xlink:to='loc_QuarterlyFinancialInformationIncomeTaxesSignificantVariationDescription' xlink:type='arc' />
<link:presentationArc order='10' xlink:arcrole='http://www.xbrl.org/2003/arcrole/parent-child' xlink:from='loc_QuarterlyFinancialInformationDisclosureAbstract' xlink:to='loc_QuarterlyFinancialInformationTextBlock' xlink:type='arc' />
<link:presentationArc order='10' xlink:arcrole='http://www.xbrl.org/2003/arcrole/parent-child' xlink:from='loc_QuarterlyFinancialInformationTextBlock' xlink:to='loc_QuarterlyFinancialDataAbstract' xlink:type='arc' />
<link:presentationArc order='20' xlink:arcrole='http://www.xbrl.org/2003/arcrole/parent-child' xlink:from='loc_QuarterlyFinancialInformationTextBlock' xlink:to='loc_EffectOfFourthQuarterEventsTextBlock' xlink:type='arc' />
<link:presentationArc order='10' xlink:arcrole='http://www.xbrl.org/2003/arcrole/parent-child' xlink:from='loc_EffectOfFourthQuarterEventsTextBlock' xlink:to='loc_ScheduleOfEffectOfFourthQuarterEventsTable' xlink:type='arc' />
<link:presentationArc order='30' xlink:arcrole='http://www.xbrl.org/2003/arcrole/parent-child' xlink:from='loc_QuarterlyFinancialInformationTextBlock' xlink:to='loc_InterimPeriodCostsNotAllocableTableTextBlock' xlink:type='arc' />
<link:presentationArc order='10' xlink:arcrole='http://www.xbrl.org/2003/arcrole/parent-child' xlink:from='loc_InterimPeriodCostsNotAllocableTableTextBlock' xlink:to='loc_InterimPeriodCostsNotAllocableTable' xlink:type='arc' />
<link:presentationArc order='20' xlink:arcrole='http://www.xbrl.org/2003/arcrole/parent-child' xlink:from='loc_QuarterlyFinancialInformationDisclosureAbstract' xlink:to='loc_TableTextBlockSupplementAbstract' xlink:type='arc' />
<link:presentationArc order='10' xlink:arcrole='http://www.xbrl.org/2003/arcrole/parent-child' xlink:from='loc_ScheduleOfEffectOfFourthQuarterEventsTable' xlink:to='loc_EffectOfFourthQuarterEventsByTypeAxis' xlink:type='arc' />
<link:presentationArc order='20' xlink:arcrole='http://www.xbrl.org/2003/arcrole/parent-child' xlink:from='loc_ScheduleOfEffectOfFourthQuarterEventsTable' xlink:to='loc_EffectOfFourthQuarterEventsLineItems' xlink:type='arc' />
<link:presentationArc order='10' xlink:arcrole='http://www.xbrl.org/2003/arcrole/parent-child' xlink:from='loc_SelectedQuarterlyFinancialInformationAbstract' xlink:to='loc_SalesRevenueNet' xlink:type='arc' />
<link:presentationArc order='20' xlink:arcrole='http://www.xbrl.org/2003/arcrole/parent-child' xlink:from='loc_SelectedQuarterlyFinancialInformationAbstract' xlink:to='loc_CostOfRevenue' xlink:type='arc' />
<link:presentationArc order='30' xlink:arcrole='http://www.xbrl.org/2003/arcrole/parent-child' xlink:from='loc_SelectedQuarterlyFinancialInformationAbstract' xlink:to='loc_GrossProfit' xlink:type='arc' />
<link:presentationArc order='40' xlink:arcrole='http://www.xbrl.org/2003/arcrole/parent-child' xlink:from='loc_SelectedQuarterlyFinancialInformationAbstract' xlink:to='loc_ResearchAndDevelopmentExpense' xlink:type='arc' />
<link:presentationArc order='50' xlink:arcrole='http://www.xbrl.org/2003/arcrole/parent-child' xlink:from='loc_SelectedQuarterlyFinancialInformationAbstract' xlink:to='loc_OperatingIncomeLoss' xlink:type='arc' />
<link:presentationArc order='60' xlink:arcrole='http://www.xbrl.org/2003/arcrole/parent-child' xlink:from='loc_SelectedQuarterlyFinancialInformationAbstract' xlink:to='loc_IncomeLossFromContinuingOperationsBeforeIncomeTaxesMinorityInterestAndIncomeLossFromEquityMethodInvestments' xlink:type='arc' />
<link:presentationArc order='70' xlink:arcrole='http://www.xbrl.org/2003/arcrole/parent-child' xlink:from='loc_SelectedQuarterlyFinancialInformationAbstract' xlink:to='loc_IncomeLossFromContinuingOperationsBeforeInterestExpenseInterestIncomeIncomeTaxesExtraordinaryItemsNoncontrollingInterestsNet' xlink:type='arc' />
<link:presentationArc order='80' xlink:arcrole='http://www.xbrl.org/2003/arcrole/parent-child' xlink:from='loc_SelectedQuarterlyFinancialInformationAbstract' xlink:to='loc_IncomeLossFromDiscontinuedOperationsNetOfTax' xlink:type='arc' />
<link:presentationArc order='90' xlink:arcrole='http://www.xbrl.org/2003/arcrole/parent-child' xlink:from='loc_SelectedQuarterlyFinancialInformationAbstract' xlink:to='loc_ExtraordinaryItemNetOfTax' xlink:type='arc' />
<link:presentationArc order='100' xlink:arcrole='http://www.xbrl.org/2003/arcrole/parent-child' xlink:from='loc_SelectedQuarterlyFinancialInformationAbstract' xlink:to='loc_NetIncomeLoss' xlink:type='arc' />
<link:presentationArc order='110' xlink:arcrole='http://www.xbrl.org/2003/arcrole/parent-child' xlink:from='loc_SelectedQuarterlyFinancialInformationAbstract' xlink:to='loc_NetIncomeLossAvailableToCommonStockholdersBasic' xlink:type='arc' />
<link:presentationArc order='120' xlink:arcrole='http://www.xbrl.org/2003/arcrole/parent-child' xlink:from='loc_SelectedQuarterlyFinancialInformationAbstract' xlink:to='loc_WeightedAverageNumberOfSharesOutstandingBasic' xlink:type='arc' />
<link:presentationArc order='130' xlink:arcrole='http://www.xbrl.org/2003/arcrole/parent-child' xlink:from='loc_SelectedQuarterlyFinancialInformationAbstract' xlink:to='loc_WeightedAverageNumberOfDilutedSharesOutstanding' xlink:type='arc' />
<link:presentationArc order='140' xlink:arcrole='http://www.xbrl.org/2003/arcrole/parent-child' xlink:from='loc_SelectedQuarterlyFinancialInformationAbstract' xlink:to='loc_EarningsPerShareBasicAbstract' xlink:type='arc' />
<link:presentationArc order='150' xlink:arcrole='http://www.xbrl.org/2003/arcrole/parent-child' xlink:from='loc_SelectedQuarterlyFinancialInformationAbstract' xlink:to='loc_EarningsPerShareDilutedAbstract' xlink:type='arc' />
<link:presentationArc order='160' xlink:arcrole='http://www.xbrl.org/2003/arcrole/parent-child' xlink:from='loc_SelectedQuarterlyFinancialInformationAbstract' xlink:to='loc_EarningsPerShareBasicAndDilutedAbstract' xlink:type='arc' />
<link:presentationArc order='170' xlink:arcrole='http://www.xbrl.org/2003/arcrole/parent-child' xlink:from='loc_SelectedQuarterlyFinancialInformationAbstract' xlink:to='loc_IncomeLossBeforeExtraordinaryItemsAndCumulativeEffectOfChangeInAccountingPrinciple' xlink:type='arc' />
<link:presentationArc order='10' xlink:arcrole='http://www.xbrl.org/2003/arcrole/parent-child' xlink:from='loc_TableTextBlockSupplementAbstract' xlink:to='loc_ScheduleOfQuarterlyFinancialInformationTableTextBlock' xlink:type='arc' />
</link:presentationLink>
</link:linkbase>
