<?xml version='1.0' encoding='UTF-8'?>

<!--
(c) XBRL US, Inc. 2007-2010; Financial Accounting Foundation, Inc. 2010-2013.  All Rights Reserved.
Notice: Authorized Uses are Set Forth at http://xbrl.fasb.org/terms/TaxonomiesTermsConditions.html
  -->
<link:linkbase xmlns:link='http://www.xbrl.org/2003/linkbase' xmlns:xbrldt='http://xbrl.org/2005/xbrldt' xmlns:xlink='http://www.w3.org/1999/xlink' xmlns:xsi='http://www.w3.org/2001/XMLSchema-instance' xsi:schemaLocation='http://www.xbrl.org/2003/linkbase http://www.xbrl.org/2003/xbrl-linkbase-2003-12-31.xsd'>
<link:roleRef roleURI='http://fasb.org/us-gaap/role/disclosure/MiscellaneousIndustries' xlink:href='../elts/us-roles-2013-01-31.xsd#oi' xlink:type='simple' />
<link:presentationLink xlink:role='http://fasb.org/us-gaap/role/disclosure/MiscellaneousIndustries' xlink:type='extended'>
<link:loc xlink:href='../elts/us-gaap-2013-01-31.xsd#us-gaap_AdvanceRoyaltiesAbstract' xlink:label='loc_AdvanceRoyaltiesAbstract' xlink:type='locator' />
<link:loc xlink:href='../elts/us-gaap-2013-01-31.xsd#us-gaap_AdvanceRoyaltiesCurrent' xlink:label='loc_AdvanceRoyaltiesCurrent' xlink:type='locator' />
<link:loc xlink:href='../elts/us-gaap-2013-01-31.xsd#us-gaap_AdvanceRoyaltiesNoncurrent' xlink:label='loc_AdvanceRoyaltiesNoncurrent' xlink:type='locator' />
<link:loc xlink:href='../elts/us-gaap-2013-01-31.xsd#us-gaap_AdvanceRoyalties' xlink:label='loc_AdvanceRoyalties' xlink:type='locator' />
<link:loc xlink:href='../elts/us-gaap-2013-01-31.xsd#us-gaap_AgricultureAbstract' xlink:label='loc_AgricultureAbstract' xlink:type='locator' />
<link:loc xlink:href='../elts/us-gaap-2013-01-31.xsd#us-gaap_AgricultureTextBlock' xlink:label='loc_AgricultureTextBlock' xlink:type='locator' />
<link:loc xlink:href='../elts/us-gaap-2013-01-31.xsd#us-gaap_PatronEconomicallyDependentDescription' xlink:label='loc_PatronEconomicallyDependentDescription' xlink:type='locator' />
<link:loc xlink:href='../elts/us-gaap-2013-01-31.xsd#us-gaap_CooperativeInventoryAmount' xlink:label='loc_CooperativeInventoryAmount' xlink:type='locator' />
<link:loc xlink:href='../elts/us-gaap-2013-01-31.xsd#us-gaap_IntermediateLifePlantsAccumulatedCosts' xlink:label='loc_IntermediateLifePlantsAccumulatedCosts' xlink:type='locator' />
<link:loc xlink:href='../elts/us-gaap-2013-01-31.xsd#us-gaap_IntermediateLifePlantsUsefulLife' xlink:label='loc_IntermediateLifePlantsUsefulLife' xlink:type='locator' />
<link:loc xlink:href='../elts/us-gaap-2013-01-31.xsd#us-gaap_PatronageSourceEarnings' xlink:label='loc_PatronageSourceEarnings' xlink:type='locator' />
<link:loc xlink:href='../elts/us-gaap-2013-01-31.xsd#us-gaap_NonpatronageSourceEarnings' xlink:label='loc_NonpatronageSourceEarnings' xlink:type='locator' />
<link:loc xlink:href='../elts/us-gaap-2013-01-31.xsd#us-gaap_RetainedPatronageAllocations' xlink:label='loc_RetainedPatronageAllocations' xlink:type='locator' />
<link:loc xlink:href='../elts/us-gaap-2013-01-31.xsd#us-gaap_Retains' xlink:label='loc_Retains' xlink:type='locator' />
<link:loc xlink:href='../elts/us-gaap-2013-01-31.xsd#us-gaap_PatronageRefunds' xlink:label='loc_PatronageRefunds' xlink:type='locator' />
<link:loc xlink:href='../elts/us-gaap-2013-01-31.xsd#us-gaap_AircraftRentalAndLandingFeesAbstract' xlink:label='loc_AircraftRentalAndLandingFeesAbstract' xlink:type='locator' />
<link:loc xlink:href='../elts/us-gaap-2013-01-31.xsd#us-gaap_LandingFeesAndOtherRentals' xlink:label='loc_LandingFeesAndOtherRentals' xlink:type='locator' />
<link:loc xlink:href='../elts/us-gaap-2013-01-31.xsd#us-gaap_AircraftRental' xlink:label='loc_AircraftRental' xlink:type='locator' />
<link:loc xlink:href='../elts/us-gaap-2013-01-31.xsd#us-gaap_AircraftRentalAndLandingFees' xlink:label='loc_AircraftRentalAndLandingFees' xlink:type='locator' />
<link:loc xlink:href='../elts/us-gaap-2013-01-31.xsd#us-gaap_AircraftTypeAxis' xlink:label='loc_AircraftTypeAxis' xlink:type='locator' />
<link:loc xlink:href='../elts/us-gaap-2013-01-31.xsd#us-gaap_AircraftTypeMember' xlink:label='loc_AircraftTypeMember' xlink:type='locator' />
<link:loc xlink:href='../elts/us-gaap-2013-01-31.xsd#us-gaap_B737700Member' xlink:label='loc_B737700Member' xlink:type='locator' />
<link:loc xlink:href='../elts/us-gaap-2013-01-31.xsd#us-gaap_B737800Member' xlink:label='loc_B737800Member' xlink:type='locator' />
<link:loc xlink:href='../elts/us-gaap-2013-01-31.xsd#us-gaap_B757200Member' xlink:label='loc_B757200Member' xlink:type='locator' />
<link:loc xlink:href='../elts/us-gaap-2013-01-31.xsd#us-gaap_B777200Member' xlink:label='loc_B777200Member' xlink:type='locator' />
<link:loc xlink:href='../elts/us-gaap-2013-01-31.xsd#us-gaap_A320200Member' xlink:label='loc_A320200Member' xlink:type='locator' />
<link:loc xlink:href='../elts/us-gaap-2013-01-31.xsd#us-gaap_A330200Member' xlink:label='loc_A330200Member' xlink:type='locator' />
<link:loc xlink:href='../elts/us-gaap-2013-01-31.xsd#us-gaap_AirlineCashFlowElementsAbstract' xlink:label='loc_AirlineCashFlowElementsAbstract' xlink:type='locator' />
<link:loc xlink:href='../elts/us-gaap-2013-01-31.xsd#us-gaap_IncreaseDecreaseInDeferredAirTrafficRevenueAbstract' xlink:label='loc_IncreaseDecreaseInDeferredAirTrafficRevenueAbstract' xlink:type='locator' />
<link:loc xlink:href='../elts/us-gaap-2013-01-31.xsd#us-gaap_IncreaseDecreaseCashCollateralFromCounterparties' xlink:label='loc_IncreaseDecreaseCashCollateralFromCounterparties' xlink:type='locator' />
<link:loc xlink:href='../elts/us-gaap-2013-01-31.xsd#us-gaap_PaymentsForFlightEquipment' xlink:label='loc_PaymentsForFlightEquipment' xlink:type='locator' />
<link:loc xlink:href='../elts/us-gaap-2013-01-31.xsd#us-gaap_ProceedsFromSaleOfFlightEquipment' xlink:label='loc_ProceedsFromSaleOfFlightEquipment' xlink:type='locator' />
<link:loc xlink:href='../elts/us-gaap-2013-01-31.xsd#us-gaap_AirlineDestinationDomain' xlink:label='loc_AirlineDestinationDomain' xlink:type='locator' />
<link:loc xlink:href='../elts/us-gaap-2013-01-31.xsd#us-gaap_DomesticDestinationMember' xlink:label='loc_DomesticDestinationMember' xlink:type='locator' />
<link:loc xlink:href='../elts/us-gaap-2013-01-31.xsd#us-gaap_PacificDestinationMember' xlink:label='loc_PacificDestinationMember' xlink:type='locator' />
<link:loc xlink:href='../elts/us-gaap-2013-01-31.xsd#us-gaap_AtlanticDestinationMember' xlink:label='loc_AtlanticDestinationMember' xlink:type='locator' />
<link:loc xlink:href='../elts/us-gaap-2013-01-31.xsd#us-gaap_LatinAmericaDestinationMember' xlink:label='loc_LatinAmericaDestinationMember' xlink:type='locator' />
<link:loc xlink:href='../elts/us-gaap-2013-01-31.xsd#us-gaap_AirlineDestinationTable' xlink:label='loc_AirlineDestinationTable' xlink:type='locator' />
<link:loc xlink:href='../elts/us-gaap-2013-01-31.xsd#us-gaap_AirlineDestinationsAxis' xlink:label='loc_AirlineDestinationsAxis' xlink:type='locator' />
<link:loc xlink:href='../elts/us-gaap-2013-01-31.xsd#us-gaap_AirlineDestinationDisclosureLineItems' xlink:label='loc_AirlineDestinationDisclosureLineItems' xlink:type='locator' />
<link:loc xlink:href='../elts/us-gaap-2013-01-31.xsd#us-gaap_AirlineExpensesAbstract' xlink:label='loc_AirlineExpensesAbstract' xlink:type='locator' />
<link:loc xlink:href='../elts/us-gaap-2013-01-31.xsd#us-gaap_AircraftMaintenanceMaterialsAndRepairs' xlink:label='loc_AircraftMaintenanceMaterialsAndRepairs' xlink:type='locator' />
<link:loc xlink:href='../elts/us-gaap-2013-01-31.xsd#us-gaap_AirlineCapacityPurchaseArrangements' xlink:label='loc_AirlineCapacityPurchaseArrangements' xlink:type='locator' />
<link:loc xlink:href='../elts/us-gaap-2013-01-31.xsd#us-gaap_CostOfServicesCatering' xlink:label='loc_CostOfServicesCatering' xlink:type='locator' />
<link:loc xlink:href='../elts/us-gaap-2013-01-31.xsd#us-gaap_ProfessionalAndContractServicesExpense' xlink:label='loc_ProfessionalAndContractServicesExpense' xlink:type='locator' />
<link:loc xlink:href='../elts/us-gaap-2013-01-31.xsd#us-gaap_FuelCostsGrossOfHedging' xlink:label='loc_FuelCostsGrossOfHedging' xlink:type='locator' />
<link:loc xlink:href='../elts/us-gaap-2013-01-31.xsd#us-gaap_AirlinePropertyPlantAndEquipmentAbstract' xlink:label='loc_AirlinePropertyPlantAndEquipmentAbstract' xlink:type='locator' />
<link:loc xlink:href='../elts/us-gaap-2013-01-31.xsd#us-gaap_FlightEquipmentOwnedNetAbstract' xlink:label='loc_FlightEquipmentOwnedNetAbstract' xlink:type='locator' />
<link:loc xlink:href='../elts/us-gaap-2013-01-31.xsd#us-gaap_PropertyPlantAndEquipmentOtherNetAbstract' xlink:label='loc_PropertyPlantAndEquipmentOtherNetAbstract' xlink:type='locator' />
<link:loc xlink:href='../elts/us-gaap-2013-01-31.xsd#us-gaap_PropertyPlantAndEquipmentOwnedNetAbstract' xlink:label='loc_PropertyPlantAndEquipmentOwnedNetAbstract' xlink:type='locator' />
<link:loc xlink:href='../elts/us-gaap-2013-01-31.xsd#us-gaap_CapitalLeasesLesseeBalanceSheetAssetsByMajorClassFlightEquipmentNetAbstract' xlink:label='loc_CapitalLeasesLesseeBalanceSheetAssetsByMajorClassFlightEquipmentNetAbstract' xlink:type='locator' />
<link:loc xlink:href='../elts/us-gaap-2013-01-31.xsd#us-gaap_CapitalLeasesLesseeBalanceSheetAssetsByMajorClassOtherPropertyPlantAndEquipmentAbstract' xlink:label='loc_CapitalLeasesLesseeBalanceSheetAssetsByMajorClassOtherPropertyPlantAndEquipmentAbstract' xlink:type='locator' />
<link:loc xlink:href='../elts/us-gaap-2013-01-31.xsd#us-gaap_FlightEquipmentNetAbstract' xlink:label='loc_FlightEquipmentNetAbstract' xlink:type='locator' />
<link:loc xlink:href='../elts/us-gaap-2013-01-31.xsd#us-gaap_PropertyPlantAndEquipmentNumberOfAircraftSold' xlink:label='loc_PropertyPlantAndEquipmentNumberOfAircraftSold' xlink:type='locator' />
<link:loc xlink:href='../elts/us-gaap-2013-01-31.xsd#us-gaap_PropertyPlantAndEquipmentNumberOfAirframesSold' xlink:label='loc_PropertyPlantAndEquipmentNumberOfAirframesSold' xlink:type='locator' />
<link:loc xlink:href='../elts/us-gaap-2013-01-31.xsd#us-gaap_AirlineRelatedInventoryGrossAbstract' xlink:label='loc_AirlineRelatedInventoryGrossAbstract' xlink:type='locator' />
<link:loc xlink:href='../elts/us-gaap-2013-01-31.xsd#us-gaap_AirlineRelatedInventoryAircraftFuel' xlink:label='loc_AirlineRelatedInventoryAircraftFuel' xlink:type='locator' />
<link:loc xlink:href='../elts/us-gaap-2013-01-31.xsd#us-gaap_AirlineRelatedInventoryAircraftParts' xlink:label='loc_AirlineRelatedInventoryAircraftParts' xlink:type='locator' />
<link:loc xlink:href='../elts/us-gaap-2013-01-31.xsd#us-gaap_AirlineRelatedInventory' xlink:label='loc_AirlineRelatedInventory' xlink:type='locator' />
<link:loc xlink:href='../elts/us-gaap-2013-01-31.xsd#us-gaap_AirlineRelatedInventoryNetAbstract' xlink:label='loc_AirlineRelatedInventoryNetAbstract' xlink:type='locator' />
<link:loc xlink:href='../elts/us-gaap-2013-01-31.xsd#us-gaap_AirlineRelatedInventoryValuationReserves' xlink:label='loc_AirlineRelatedInventoryValuationReserves' xlink:type='locator' />
<link:loc xlink:href='../elts/us-gaap-2013-01-31.xsd#us-gaap_AirlineRelatedInventoryNet' xlink:label='loc_AirlineRelatedInventoryNet' xlink:type='locator' />
<link:loc xlink:href='../elts/us-gaap-2013-01-31.xsd#us-gaap_AirlineAbstract' xlink:label='loc_AirlineAbstract' xlink:type='locator' />
<link:loc xlink:href='../elts/us-gaap-2013-01-31.xsd#us-gaap_TypesOfCommercialAircraftAbstract' xlink:label='loc_TypesOfCommercialAircraftAbstract' xlink:type='locator' />
<link:loc xlink:href='../elts/us-gaap-2013-01-31.xsd#us-gaap_AirlineProductsAndServicesAbstract' xlink:label='loc_AirlineProductsAndServicesAbstract' xlink:type='locator' />
<link:loc xlink:href='../elts/us-gaap-2013-01-31.xsd#us-gaap_DepositsOnFlightEquipment' xlink:label='loc_DepositsOnFlightEquipment' xlink:type='locator' />
<link:loc xlink:href='../elts/us-gaap-2013-01-31.xsd#us-gaap_IndefiniteLivedSlotsAndRoutesAbstract' xlink:label='loc_IndefiniteLivedSlotsAndRoutesAbstract' xlink:type='locator' />
<link:loc xlink:href='../elts/us-gaap-2013-01-31.xsd#us-gaap_DeferredAirTrafficRevenueCurrentAbstract' xlink:label='loc_DeferredAirTrafficRevenueCurrentAbstract' xlink:type='locator' />
<link:loc xlink:href='../elts/us-gaap-2013-01-31.xsd#us-gaap_FrequentFlierLiabilityNoncurrent' xlink:label='loc_FrequentFlierLiabilityNoncurrent' xlink:type='locator' />
<link:loc xlink:href='../elts/us-gaap-2013-01-31.xsd#us-gaap_MileageCreditPrice' xlink:label='loc_MileageCreditPrice' xlink:type='locator' />
<link:loc xlink:href='../elts/us-gaap-2013-01-31.xsd#us-gaap_PassengerRevenueAbstract' xlink:label='loc_PassengerRevenueAbstract' xlink:type='locator' />
<link:loc xlink:href='../elts/us-gaap-2013-01-31.xsd#us-gaap_NumberOfAircraftOperated' xlink:label='loc_NumberOfAircraftOperated' xlink:type='locator' />
<link:loc xlink:href='../elts/us-gaap-2013-01-31.xsd#us-gaap_AirlineDestinationTableTextBlock' xlink:label='loc_AirlineDestinationTableTextBlock' xlink:type='locator' />
<link:loc xlink:href='../elts/us-gaap-2013-01-31.xsd#us-gaap_AirlineProductsAndServicesTable' xlink:label='loc_AirlineProductsAndServicesTable' xlink:type='locator' />
<link:loc xlink:href='../elts/us-gaap-2013-01-31.xsd#us-gaap_CapitalLeasesLesseeBalanceSheetAssetsByMajorClassFlightEquipmentGross' xlink:label='loc_CapitalLeasesLesseeBalanceSheetAssetsByMajorClassFlightEquipmentGross' xlink:type='locator' />
<link:loc xlink:href='../elts/us-gaap-2013-01-31.xsd#us-gaap_CapitalLeasesLesseeBalanceSheetAssetsByMajorClassFlightEquipmentAccumulatedDepreciation' xlink:label='loc_CapitalLeasesLesseeBalanceSheetAssetsByMajorClassFlightEquipmentAccumulatedDepreciation' xlink:type='locator' />
<link:loc xlink:href='../elts/us-gaap-2013-01-31.xsd#us-gaap_CapitalLeasesLesseeBalanceSheetAssetsByMajorClassFlightEquipmentNet' xlink:label='loc_CapitalLeasesLesseeBalanceSheetAssetsByMajorClassFlightEquipmentNet' xlink:type='locator' />
<link:loc xlink:href='../elts/us-gaap-2013-01-31.xsd#us-gaap_CapitalLeasesLesseeBalanceSheetAssetsByMajorClassOtherPropertyPlantAndEquipment' xlink:label='loc_CapitalLeasesLesseeBalanceSheetAssetsByMajorClassOtherPropertyPlantAndEquipment' xlink:type='locator' />
<link:loc xlink:href='../elts/us-gaap-2013-01-31.xsd#us-gaap_CapitalLeasesLesseeBalanceSheetAssetsByMajorClassPropertyPlantAndEquipmentOtherAccumulatedDepreciation' xlink:label='loc_CapitalLeasesLesseeBalanceSheetAssetsByMajorClassPropertyPlantAndEquipmentOtherAccumulatedDepreciation' xlink:type='locator' />
<link:loc xlink:href='../elts/us-gaap-2013-01-31.xsd#us-gaap_CapitalLeasesLesseeBalanceSheetAssetsByMajorClassOtherPropertyPlantAndEquipmentNet' xlink:label='loc_CapitalLeasesLesseeBalanceSheetAssetsByMajorClassOtherPropertyPlantAndEquipmentNet' xlink:type='locator' />
<link:loc xlink:href='../elts/us-gaap-2013-01-31.xsd#us-gaap_AirTrafficLiabilityCurrent' xlink:label='loc_AirTrafficLiabilityCurrent' xlink:type='locator' />
<link:loc xlink:href='../elts/us-gaap-2013-01-31.xsd#us-gaap_FrequentFlierLiabilityCurrent' xlink:label='loc_FrequentFlierLiabilityCurrent' xlink:type='locator' />
<link:loc xlink:href='../elts/us-gaap-2013-01-31.xsd#us-gaap_DeferredAirTrafficRevenue' xlink:label='loc_DeferredAirTrafficRevenue' xlink:type='locator' />
<link:loc xlink:href='../elts/us-gaap-2013-01-31.xsd#us-gaap_DirectToTelevisionFilmCostsAbstract' xlink:label='loc_DirectToTelevisionFilmCostsAbstract' xlink:type='locator' />
<link:loc xlink:href='../elts/us-gaap-2013-01-31.xsd#us-gaap_DirectToTelevisionFilmCostsPreproduction' xlink:label='loc_DirectToTelevisionFilmCostsPreproduction' xlink:type='locator' />
<link:loc xlink:href='../elts/us-gaap-2013-01-31.xsd#us-gaap_DirectToTelevisionFilmCostsDevelopment' xlink:label='loc_DirectToTelevisionFilmCostsDevelopment' xlink:type='locator' />
<link:loc xlink:href='../elts/us-gaap-2013-01-31.xsd#us-gaap_DirectToTelevisionFilmCostsProduction' xlink:label='loc_DirectToTelevisionFilmCostsProduction' xlink:type='locator' />
<link:loc xlink:href='../elts/us-gaap-2013-01-31.xsd#us-gaap_DirectToTelevisionFilmCostsCompletedAndNotReleased' xlink:label='loc_DirectToTelevisionFilmCostsCompletedAndNotReleased' xlink:type='locator' />
<link:loc xlink:href='../elts/us-gaap-2013-01-31.xsd#us-gaap_DirectToTelevisionFilmCostsReleased' xlink:label='loc_DirectToTelevisionFilmCostsReleased' xlink:type='locator' />
<link:loc xlink:href='../elts/us-gaap-2013-01-31.xsd#us-gaap_DirectToTelevisionFilmCosts' xlink:label='loc_DirectToTelevisionFilmCosts' xlink:type='locator' />
<link:loc xlink:href='../elts/us-gaap-2013-01-31.xsd#us-gaap_EntertainmentCashFlowElementsAbstract' xlink:label='loc_EntertainmentCashFlowElementsAbstract' xlink:type='locator' />
<link:loc xlink:href='../elts/us-gaap-2013-01-31.xsd#us-gaap_IncreaseDecreaseInFilmCosts1' xlink:label='loc_IncreaseDecreaseInFilmCosts1' xlink:type='locator' />
<link:loc xlink:href='../elts/us-gaap-2013-01-31.xsd#us-gaap_IncreaseDecreaseInParticipationLiabilities' xlink:label='loc_IncreaseDecreaseInParticipationLiabilities' xlink:type='locator' />
<link:loc xlink:href='../elts/us-gaap-2013-01-31.xsd#us-gaap_IncreaseDecreaseInExploitationLiabilities' xlink:label='loc_IncreaseDecreaseInExploitationLiabilities' xlink:type='locator' />
<link:loc xlink:href='../elts/us-gaap-2013-01-31.xsd#us-gaap_PaymentsForFilmCosts' xlink:label='loc_PaymentsForFilmCosts' xlink:type='locator' />
<link:loc xlink:href='../elts/us-gaap-2013-01-31.xsd#us-gaap_PaymentsForParticipationLiabilities' xlink:label='loc_PaymentsForParticipationLiabilities' xlink:type='locator' />
<link:loc xlink:href='../elts/us-gaap-2013-01-31.xsd#us-gaap_PaymentsForExploitationLiabilities' xlink:label='loc_PaymentsForExploitationLiabilities' xlink:type='locator' />
<link:loc xlink:href='../elts/us-gaap-2013-01-31.xsd#us-gaap_PaymentsForManufacturingCosts' xlink:label='loc_PaymentsForManufacturingCosts' xlink:type='locator' />
<link:loc xlink:href='../elts/us-gaap-2013-01-31.xsd#us-gaap_EntertainmentAbstract' xlink:label='loc_EntertainmentAbstract' xlink:type='locator' />
<link:loc xlink:href='../elts/us-gaap-2013-01-31.xsd#us-gaap_EntertainmentTextBlock' xlink:label='loc_EntertainmentTextBlock' xlink:type='locator' />
<link:loc xlink:href='../elts/us-gaap-2013-01-31.xsd#us-gaap_BroadcastersLicenseAgreementCommitmentsDescription' xlink:label='loc_BroadcastersLicenseAgreementCommitmentsDescription' xlink:type='locator' />
<link:loc xlink:href='../elts/us-gaap-2013-01-31.xsd#us-gaap_FilmCostsAbstract' xlink:label='loc_FilmCostsAbstract' xlink:type='locator' />
<link:loc xlink:href='../elts/us-gaap-2013-01-31.xsd#us-gaap_FilmCostDisclosuresAbstract' xlink:label='loc_FilmCostDisclosuresAbstract' xlink:type='locator' />
<link:loc xlink:href='../elts/us-gaap-2013-01-31.xsd#us-gaap_OperatingCycle' xlink:label='loc_OperatingCycle' xlink:type='locator' />
<link:loc xlink:href='../elts/us-gaap-2013-01-31.xsd#us-gaap_AccruedParticipationLiabilitiesDueInNextOperatingCycle' xlink:label='loc_AccruedParticipationLiabilitiesDueInNextOperatingCycle' xlink:type='locator' />
<link:loc xlink:href='../elts/us-gaap-2013-01-31.xsd#us-gaap_ArtistAdvancesAndRoyaltyGuaranteesCommitments' xlink:label='loc_ArtistAdvancesAndRoyaltyGuaranteesCommitments' xlink:type='locator' />
<link:loc xlink:href='../elts/us-gaap-2013-01-31.xsd#us-gaap_ArtistAdvancesCommitmentsAmount' xlink:label='loc_ArtistAdvancesCommitmentsAmount' xlink:type='locator' />
<link:loc xlink:href='../elts/us-gaap-2013-01-31.xsd#us-gaap_RoyaltyGuaranteesCommitmentsAmount' xlink:label='loc_RoyaltyGuaranteesCommitmentsAmount' xlink:type='locator' />
<link:loc xlink:href='../elts/us-gaap-2013-01-31.xsd#us-gaap_FilmCostsAmortizedInNextOperatingCycle' xlink:label='loc_FilmCostsAmortizedInNextOperatingCycle' xlink:type='locator' />
<link:loc xlink:href='../elts/us-gaap-2013-01-31.xsd#us-gaap_PercentageOfUnamortizedFilmCosts' xlink:label='loc_PercentageOfUnamortizedFilmCosts' xlink:type='locator' />
<link:loc xlink:href='../elts/us-gaap-2013-01-31.xsd#us-gaap_PercentageOfUnamortizedFilmCostsDescription' xlink:label='loc_PercentageOfUnamortizedFilmCostsDescription' xlink:type='locator' />
<link:loc xlink:href='../elts/us-gaap-2013-01-31.xsd#us-gaap_TheatricalFilmCostsAbstract' xlink:label='loc_TheatricalFilmCostsAbstract' xlink:type='locator' />
<link:loc xlink:href='../elts/us-gaap-2013-01-31.xsd#us-gaap_FilmCosts' xlink:label='loc_FilmCosts' xlink:type='locator' />
<link:loc xlink:href='../elts/us-gaap-2013-01-31.xsd#us-gaap_FlightEquipmentOwnedGross' xlink:label='loc_FlightEquipmentOwnedGross' xlink:type='locator' />
<link:loc xlink:href='../elts/us-gaap-2013-01-31.xsd#us-gaap_FlightEquipmentOwnedAccumulatedDepreciation' xlink:label='loc_FlightEquipmentOwnedAccumulatedDepreciation' xlink:type='locator' />
<link:loc xlink:href='../elts/us-gaap-2013-01-31.xsd#us-gaap_FlightEquipmentOwnedNet' xlink:label='loc_FlightEquipmentOwnedNet' xlink:type='locator' />
<link:loc xlink:href='../elts/us-gaap-2013-01-31.xsd#us-gaap_FlightEquipmentGross' xlink:label='loc_FlightEquipmentGross' xlink:type='locator' />
<link:loc xlink:href='../elts/us-gaap-2013-01-31.xsd#us-gaap_FlightEquipmentAccumulatedDepreciation' xlink:label='loc_FlightEquipmentAccumulatedDepreciation' xlink:type='locator' />
<link:loc xlink:href='../elts/us-gaap-2013-01-31.xsd#us-gaap_FlightEquipmentNet' xlink:label='loc_FlightEquipmentNet' xlink:type='locator' />
<link:loc xlink:href='../elts/us-gaap-2013-01-31.xsd#us-gaap_FranchisorRevenueAndCostsAbstract' xlink:label='loc_FranchisorRevenueAndCostsAbstract' xlink:type='locator' />
<link:loc xlink:href='../elts/us-gaap-2013-01-31.xsd#us-gaap_RevenueFromFranchisorOwnedOutlets' xlink:label='loc_RevenueFromFranchisorOwnedOutlets' xlink:type='locator' />
<link:loc xlink:href='../elts/us-gaap-2013-01-31.xsd#us-gaap_FranchiseRevenue' xlink:label='loc_FranchiseRevenue' xlink:type='locator' />
<link:loc xlink:href='../elts/us-gaap-2013-01-31.xsd#us-gaap_CostsOfFranchisorOwnedOutlets' xlink:label='loc_CostsOfFranchisorOwnedOutlets' xlink:type='locator' />
<link:loc xlink:href='../elts/us-gaap-2013-01-31.xsd#us-gaap_CostsOfFranchisedOutlets' xlink:label='loc_CostsOfFranchisedOutlets' xlink:type='locator' />
<link:loc xlink:href='../elts/us-gaap-2013-01-31.xsd#us-gaap_InitialFranchiseFees' xlink:label='loc_InitialFranchiseFees' xlink:type='locator' />
<link:loc xlink:href='../elts/us-gaap-2013-01-31.xsd#us-gaap_FranchisorsAbstract' xlink:label='loc_FranchisorsAbstract' xlink:type='locator' />
<link:loc xlink:href='../elts/us-gaap-2013-01-31.xsd#us-gaap_FranchisorsTextBlock' xlink:label='loc_FranchisorsTextBlock' xlink:type='locator' />
<link:loc xlink:href='../elts/us-gaap-2013-01-31.xsd#us-gaap_DeclineInInitialFranchiseFeesDescription' xlink:label='loc_DeclineInInitialFranchiseFeesDescription' xlink:type='locator' />
<link:loc xlink:href='../elts/us-gaap-2013-01-31.xsd#us-gaap_SignificantChangesInOperationsAbstract' xlink:label='loc_SignificantChangesInOperationsAbstract' xlink:type='locator' />
<link:loc xlink:href='../elts/us-gaap-2013-01-31.xsd#us-gaap_CommitmentsFromFranchiseAgreements' xlink:label='loc_CommitmentsFromFranchiseAgreements' xlink:type='locator' />
<link:loc xlink:href='../elts/us-gaap-2013-01-31.xsd#us-gaap_RevenueRecognitionServicesFranchiseFees' xlink:label='loc_RevenueRecognitionServicesFranchiseFees' xlink:type='locator' />
<link:loc xlink:href='../elts/us-gaap-2013-01-31.xsd#us-gaap_GainLossOnSaleOfTrustAssetsToPayExpensesAbstract' xlink:label='loc_GainLossOnSaleOfTrustAssetsToPayExpensesAbstract' xlink:type='locator' />
<link:loc xlink:href='../elts/us-gaap-2013-01-31.xsd#us-gaap_SaleOfTrustAssetsToPayExpenses' xlink:label='loc_SaleOfTrustAssetsToPayExpenses' xlink:type='locator' />
<link:loc xlink:href='../elts/us-gaap-2013-01-31.xsd#us-gaap_CostOfTrustAssetsSoldToPayExpenses' xlink:label='loc_CostOfTrustAssetsSoldToPayExpenses' xlink:type='locator' />
<link:loc xlink:href='../elts/us-gaap-2013-01-31.xsd#us-gaap_GainLossOnSaleOfTrustAssetsToPayExpenses' xlink:label='loc_GainLossOnSaleOfTrustAssetsToPayExpenses' xlink:type='locator' />
<link:loc xlink:href='../elts/us-gaap-2013-01-31.xsd#us-gaap_IncreaseDecreaseInAirTrafficLiability1' xlink:label='loc_IncreaseDecreaseInAirTrafficLiability1' xlink:type='locator' />
<link:loc xlink:href='../elts/us-gaap-2013-01-31.xsd#us-gaap_IncreaseDecreaseInFrequentFlyerLiability' xlink:label='loc_IncreaseDecreaseInFrequentFlyerLiability' xlink:type='locator' />
<link:loc xlink:href='../elts/us-gaap-2013-01-31.xsd#us-gaap_IncreaseDecreaseInDeferredAirTrafficRevenue' xlink:label='loc_IncreaseDecreaseInDeferredAirTrafficRevenue' xlink:type='locator' />
<link:loc xlink:href='../elts/us-gaap-2013-01-31.xsd#us-gaap_IndefiniteLivedInternationalSlotsAndRoutes' xlink:label='loc_IndefiniteLivedInternationalSlotsAndRoutes' xlink:type='locator' />
<link:loc xlink:href='../elts/us-gaap-2013-01-31.xsd#us-gaap_IndefiniteLivedDomesticSlotsAndRoutes' xlink:label='loc_IndefiniteLivedDomesticSlotsAndRoutes' xlink:type='locator' />
<link:loc xlink:href='../elts/us-gaap-2013-01-31.xsd#us-gaap_IndefiniteLivedSlotsAndRoutes' xlink:label='loc_IndefiniteLivedSlotsAndRoutes' xlink:type='locator' />
<link:loc xlink:href='../elts/us-gaap-2013-01-31.xsd#us-gaap_OtherIndustriesAbstract' xlink:label='loc_OtherIndustriesAbstract' xlink:type='locator' />
<link:loc xlink:href='../elts/us-gaap-2013-01-31.xsd#us-gaap_TrustsAbstract' xlink:label='loc_TrustsAbstract' xlink:type='locator' />
<link:loc xlink:href='../elts/us-gaap-2013-01-31.xsd#us-gaap_PassengerRevenueMainline' xlink:label='loc_PassengerRevenueMainline' xlink:type='locator' />
<link:loc xlink:href='../elts/us-gaap-2013-01-31.xsd#us-gaap_PassengerRevenueRegional' xlink:label='loc_PassengerRevenueRegional' xlink:type='locator' />
<link:loc xlink:href='../elts/us-gaap-2013-01-31.xsd#us-gaap_PassengerRevenue' xlink:label='loc_PassengerRevenue' xlink:type='locator' />
<link:loc xlink:href='../elts/us-gaap-2013-01-31.xsd#us-gaap_ProductOrServiceAxis' xlink:label='loc_ProductOrServiceAxis' xlink:type='locator' />
<link:loc xlink:href='../elts/us-gaap-2013-01-31.xsd#us-gaap_ProductsAndServicesDomain' xlink:label='loc_ProductsAndServicesDomain' xlink:type='locator' />
<link:loc xlink:href='../elts/us-gaap-2013-01-31.xsd#us-gaap_MainlineMember' xlink:label='loc_MainlineMember' xlink:type='locator' />
<link:loc xlink:href='../elts/us-gaap-2013-01-31.xsd#us-gaap_RegionalCarrierMember' xlink:label='loc_RegionalCarrierMember' xlink:type='locator' />
<link:loc xlink:href='../elts/us-gaap-2013-01-31.xsd#us-gaap_PropertyPlantAndEquipmentOther' xlink:label='loc_PropertyPlantAndEquipmentOther' xlink:type='locator' />
<link:loc xlink:href='../elts/us-gaap-2013-01-31.xsd#us-gaap_PropertyPlantAndEquipmentOtherAccumulatedDepreciation' xlink:label='loc_PropertyPlantAndEquipmentOtherAccumulatedDepreciation' xlink:type='locator' />
<link:loc xlink:href='../elts/us-gaap-2013-01-31.xsd#us-gaap_PropertyPlantAndEquipmentOtherNet' xlink:label='loc_PropertyPlantAndEquipmentOtherNet' xlink:type='locator' />
<link:loc xlink:href='../elts/us-gaap-2013-01-31.xsd#us-gaap_PropertyPlantAndEquipmentOwnedGross' xlink:label='loc_PropertyPlantAndEquipmentOwnedGross' xlink:type='locator' />
<link:loc xlink:href='../elts/us-gaap-2013-01-31.xsd#us-gaap_PropertyPlantAndEquipmentOwnedAccumulatedDepreciation' xlink:label='loc_PropertyPlantAndEquipmentOwnedAccumulatedDepreciation' xlink:type='locator' />
<link:loc xlink:href='../elts/us-gaap-2013-01-31.xsd#us-gaap_PropertyPlantAndEquipmentOwnedNet' xlink:label='loc_PropertyPlantAndEquipmentOwnedNet' xlink:type='locator' />
<link:loc xlink:href='../elts/us-gaap-2013-01-31.xsd#us-gaap_SignificantChangesFranchisesSold' xlink:label='loc_SignificantChangesFranchisesSold' xlink:type='locator' />
<link:loc xlink:href='../elts/us-gaap-2013-01-31.xsd#us-gaap_SignificantChangesFranchisesPurchasedDuringPeriod' xlink:label='loc_SignificantChangesFranchisesPurchasedDuringPeriod' xlink:type='locator' />
<link:loc xlink:href='../elts/us-gaap-2013-01-31.xsd#us-gaap_SignificantChangesFrachisedOutletsInOperation' xlink:label='loc_SignificantChangesFrachisedOutletsInOperation' xlink:type='locator' />
<link:loc xlink:href='../elts/us-gaap-2013-01-31.xsd#us-gaap_SignificantChangesFrachisorOutletsInOperation' xlink:label='loc_SignificantChangesFrachisorOutletsInOperation' xlink:type='locator' />
<link:loc xlink:href='../elts/us-gaap-2013-01-31.xsd#us-gaap_ChangesInFranchises' xlink:label='loc_ChangesInFranchises' xlink:type='locator' />
<link:loc xlink:href='../elts/us-gaap-2013-01-31.xsd#us-gaap_TheatricalFilmCostsPreproduction' xlink:label='loc_TheatricalFilmCostsPreproduction' xlink:type='locator' />
<link:loc xlink:href='../elts/us-gaap-2013-01-31.xsd#us-gaap_TheatricalFilmCostsDevelopment' xlink:label='loc_TheatricalFilmCostsDevelopment' xlink:type='locator' />
<link:loc xlink:href='../elts/us-gaap-2013-01-31.xsd#us-gaap_TheatricalFilmCostsProduction' xlink:label='loc_TheatricalFilmCostsProduction' xlink:type='locator' />
<link:loc xlink:href='../elts/us-gaap-2013-01-31.xsd#us-gaap_TheatricalFilmCostsCompletedAndNotReleased' xlink:label='loc_TheatricalFilmCostsCompletedAndNotReleased' xlink:type='locator' />
<link:loc xlink:href='../elts/us-gaap-2013-01-31.xsd#us-gaap_TheatricalFilmCostsReleased' xlink:label='loc_TheatricalFilmCostsReleased' xlink:type='locator' />
<link:loc xlink:href='../elts/us-gaap-2013-01-31.xsd#us-gaap_TheatricalFilmCosts' xlink:label='loc_TheatricalFilmCosts' xlink:type='locator' />
<link:loc xlink:href='../elts/us-gaap-2013-01-31.xsd#us-gaap_ProceedsFromSaleOfTrustAssetsToPayExpenses' xlink:label='loc_ProceedsFromSaleOfTrustAssetsToPayExpenses' xlink:type='locator' />
<link:loc xlink:href='../elts/us-gaap-2013-01-31.xsd#us-gaap_TypesOfCommercialAircraftTableTextBlock' xlink:label='loc_TypesOfCommercialAircraftTableTextBlock' xlink:type='locator' />
<link:loc xlink:href='../elts/us-gaap-2013-01-31.xsd#us-gaap_TypesOfCommercialAircraftTable' xlink:label='loc_TypesOfCommercialAircraftTable' xlink:type='locator' />
<link:presentationArc order='10' xlink:arcrole='http://www.xbrl.org/2003/arcrole/parent-child' xlink:from='loc_AdvanceRoyaltiesAbstract' xlink:to='loc_AdvanceRoyaltiesCurrent' xlink:type='arc' />
<link:presentationArc order='20' xlink:arcrole='http://www.xbrl.org/2003/arcrole/parent-child' xlink:from='loc_AdvanceRoyaltiesAbstract' xlink:to='loc_AdvanceRoyaltiesNoncurrent' xlink:type='arc' />
<link:presentationArc order='30' preferredLabel='http://www.xbrl.org/2003/role/totalLabel' xlink:arcrole='http://www.xbrl.org/2003/arcrole/parent-child' xlink:from='loc_AdvanceRoyaltiesAbstract' xlink:to='loc_AdvanceRoyalties' xlink:type='arc' />
<link:presentationArc order='10' xlink:arcrole='http://www.xbrl.org/2003/arcrole/parent-child' xlink:from='loc_AgricultureAbstract' xlink:to='loc_AgricultureTextBlock' xlink:type='arc' />
<link:presentationArc order='10' xlink:arcrole='http://www.xbrl.org/2003/arcrole/parent-child' xlink:from='loc_AgricultureTextBlock' xlink:to='loc_PatronEconomicallyDependentDescription' xlink:type='arc' />
<link:presentationArc order='20' xlink:arcrole='http://www.xbrl.org/2003/arcrole/parent-child' xlink:from='loc_AgricultureTextBlock' xlink:to='loc_CooperativeInventoryAmount' xlink:type='arc' />
<link:presentationArc order='30' xlink:arcrole='http://www.xbrl.org/2003/arcrole/parent-child' xlink:from='loc_AgricultureTextBlock' xlink:to='loc_IntermediateLifePlantsAccumulatedCosts' xlink:type='arc' />
<link:presentationArc order='40' xlink:arcrole='http://www.xbrl.org/2003/arcrole/parent-child' xlink:from='loc_AgricultureTextBlock' xlink:to='loc_IntermediateLifePlantsUsefulLife' xlink:type='arc' />
<link:presentationArc order='50' xlink:arcrole='http://www.xbrl.org/2003/arcrole/parent-child' xlink:from='loc_AgricultureTextBlock' xlink:to='loc_PatronageSourceEarnings' xlink:type='arc' />
<link:presentationArc order='60' xlink:arcrole='http://www.xbrl.org/2003/arcrole/parent-child' xlink:from='loc_AgricultureTextBlock' xlink:to='loc_NonpatronageSourceEarnings' xlink:type='arc' />
<link:presentationArc order='70' xlink:arcrole='http://www.xbrl.org/2003/arcrole/parent-child' xlink:from='loc_AgricultureTextBlock' xlink:to='loc_RetainedPatronageAllocations' xlink:type='arc' />
<link:presentationArc order='80' xlink:arcrole='http://www.xbrl.org/2003/arcrole/parent-child' xlink:from='loc_AgricultureTextBlock' xlink:to='loc_Retains' xlink:type='arc' />
<link:presentationArc order='90' xlink:arcrole='http://www.xbrl.org/2003/arcrole/parent-child' xlink:from='loc_AgricultureTextBlock' xlink:to='loc_PatronageRefunds' xlink:type='arc' />
<link:presentationArc order='10' xlink:arcrole='http://www.xbrl.org/2003/arcrole/parent-child' xlink:from='loc_AircraftRentalAndLandingFeesAbstract' xlink:to='loc_LandingFeesAndOtherRentals' xlink:type='arc' />
<link:presentationArc order='20' xlink:arcrole='http://www.xbrl.org/2003/arcrole/parent-child' xlink:from='loc_AircraftRentalAndLandingFeesAbstract' xlink:to='loc_AircraftRental' xlink:type='arc' />
<link:presentationArc order='30' preferredLabel='http://www.xbrl.org/2003/role/totalLabel' xlink:arcrole='http://www.xbrl.org/2003/arcrole/parent-child' xlink:from='loc_AircraftRentalAndLandingFeesAbstract' xlink:to='loc_AircraftRentalAndLandingFees' xlink:type='arc' />
<link:presentationArc order='10' xlink:arcrole='http://www.xbrl.org/2003/arcrole/parent-child' xlink:from='loc_AircraftTypeAxis' xlink:to='loc_AircraftTypeMember' xlink:type='arc' />
<link:presentationArc order='10' xlink:arcrole='http://www.xbrl.org/2003/arcrole/parent-child' xlink:from='loc_AircraftTypeMember' xlink:to='loc_B737700Member' xlink:type='arc' />
<link:presentationArc order='20' xlink:arcrole='http://www.xbrl.org/2003/arcrole/parent-child' xlink:from='loc_AircraftTypeMember' xlink:to='loc_B737800Member' xlink:type='arc' />
<link:presentationArc order='30' xlink:arcrole='http://www.xbrl.org/2003/arcrole/parent-child' xlink:from='loc_AircraftTypeMember' xlink:to='loc_B757200Member' xlink:type='arc' />
<link:presentationArc order='40' xlink:arcrole='http://www.xbrl.org/2003/arcrole/parent-child' xlink:from='loc_AircraftTypeMember' xlink:to='loc_B777200Member' xlink:type='arc' />
<link:presentationArc order='50' xlink:arcrole='http://www.xbrl.org/2003/arcrole/parent-child' xlink:from='loc_AircraftTypeMember' xlink:to='loc_A320200Member' xlink:type='arc' />
<link:presentationArc order='60' xlink:arcrole='http://www.xbrl.org/2003/arcrole/parent-child' xlink:from='loc_AircraftTypeMember' xlink:to='loc_A330200Member' xlink:type='arc' />
<link:presentationArc order='10' xlink:arcrole='http://www.xbrl.org/2003/arcrole/parent-child' xlink:from='loc_AirlineCashFlowElementsAbstract' xlink:to='loc_IncreaseDecreaseInDeferredAirTrafficRevenueAbstract' xlink:type='arc' />
<link:presentationArc order='20' xlink:arcrole='http://www.xbrl.org/2003/arcrole/parent-child' xlink:from='loc_AirlineCashFlowElementsAbstract' xlink:to='loc_IncreaseDecreaseCashCollateralFromCounterparties' xlink:type='arc' />
<link:presentationArc order='30' xlink:arcrole='http://www.xbrl.org/2003/arcrole/parent-child' xlink:from='loc_AirlineCashFlowElementsAbstract' xlink:to='loc_PaymentsForFlightEquipment' xlink:type='arc' />
<link:presentationArc order='40' xlink:arcrole='http://www.xbrl.org/2003/arcrole/parent-child' xlink:from='loc_AirlineCashFlowElementsAbstract' xlink:to='loc_ProceedsFromSaleOfFlightEquipment' xlink:type='arc' />
<link:presentationArc order='10' xlink:arcrole='http://www.xbrl.org/2003/arcrole/parent-child' xlink:from='loc_AirlineDestinationDomain' xlink:to='loc_DomesticDestinationMember' xlink:type='arc' />
<link:presentationArc order='20' xlink:arcrole='http://www.xbrl.org/2003/arcrole/parent-child' xlink:from='loc_AirlineDestinationDomain' xlink:to='loc_PacificDestinationMember' xlink:type='arc' />
<link:presentationArc order='30' xlink:arcrole='http://www.xbrl.org/2003/arcrole/parent-child' xlink:from='loc_AirlineDestinationDomain' xlink:to='loc_AtlanticDestinationMember' xlink:type='arc' />
<link:presentationArc order='40' xlink:arcrole='http://www.xbrl.org/2003/arcrole/parent-child' xlink:from='loc_AirlineDestinationDomain' xlink:to='loc_LatinAmericaDestinationMember' xlink:type='arc' />
<link:presentationArc order='10' xlink:arcrole='http://www.xbrl.org/2003/arcrole/parent-child' xlink:from='loc_AirlineDestinationTable' xlink:to='loc_AirlineDestinationsAxis' xlink:type='arc' />
<link:presentationArc order='20' xlink:arcrole='http://www.xbrl.org/2003/arcrole/parent-child' xlink:from='loc_AirlineDestinationTable' xlink:to='loc_AirlineDestinationDisclosureLineItems' xlink:type='arc' />
<link:presentationArc order='10' xlink:arcrole='http://www.xbrl.org/2003/arcrole/parent-child' xlink:from='loc_AirlineDestinationsAxis' xlink:to='loc_AirlineDestinationDomain' xlink:type='arc' />
<link:presentationArc order='10' xlink:arcrole='http://www.xbrl.org/2003/arcrole/parent-child' xlink:from='loc_AirlineExpensesAbstract' xlink:to='loc_AircraftRentalAndLandingFeesAbstract' xlink:type='arc' />
<link:presentationArc order='20' xlink:arcrole='http://www.xbrl.org/2003/arcrole/parent-child' xlink:from='loc_AirlineExpensesAbstract' xlink:to='loc_AircraftMaintenanceMaterialsAndRepairs' xlink:type='arc' />
<link:presentationArc order='30' xlink:arcrole='http://www.xbrl.org/2003/arcrole/parent-child' xlink:from='loc_AirlineExpensesAbstract' xlink:to='loc_AirlineCapacityPurchaseArrangements' xlink:type='arc' />
<link:presentationArc order='40' xlink:arcrole='http://www.xbrl.org/2003/arcrole/parent-child' xlink:from='loc_AirlineExpensesAbstract' xlink:to='loc_CostOfServicesCatering' xlink:type='arc' />
<link:presentationArc order='50' xlink:arcrole='http://www.xbrl.org/2003/arcrole/parent-child' xlink:from='loc_AirlineExpensesAbstract' xlink:to='loc_ProfessionalAndContractServicesExpense' xlink:type='arc' />
<link:presentationArc order='60' xlink:arcrole='http://www.xbrl.org/2003/arcrole/parent-child' xlink:from='loc_AirlineExpensesAbstract' xlink:to='loc_FuelCostsGrossOfHedging' xlink:type='arc' />
<link:presentationArc order='10' xlink:arcrole='http://www.xbrl.org/2003/arcrole/parent-child' xlink:from='loc_AirlinePropertyPlantAndEquipmentAbstract' xlink:to='loc_FlightEquipmentOwnedNetAbstract' xlink:type='arc' />
<link:presentationArc order='20' xlink:arcrole='http://www.xbrl.org/2003/arcrole/parent-child' xlink:from='loc_AirlinePropertyPlantAndEquipmentAbstract' xlink:to='loc_PropertyPlantAndEquipmentOtherNetAbstract' xlink:type='arc' />
<link:presentationArc order='30' xlink:arcrole='http://www.xbrl.org/2003/arcrole/parent-child' xlink:from='loc_AirlinePropertyPlantAndEquipmentAbstract' xlink:to='loc_PropertyPlantAndEquipmentOwnedNetAbstract' xlink:type='arc' />
<link:presentationArc order='40' xlink:arcrole='http://www.xbrl.org/2003/arcrole/parent-child' xlink:from='loc_AirlinePropertyPlantAndEquipmentAbstract' xlink:to='loc_CapitalLeasesLesseeBalanceSheetAssetsByMajorClassFlightEquipmentNetAbstract' xlink:type='arc' />
<link:presentationArc order='50' xlink:arcrole='http://www.xbrl.org/2003/arcrole/parent-child' xlink:from='loc_AirlinePropertyPlantAndEquipmentAbstract' xlink:to='loc_CapitalLeasesLesseeBalanceSheetAssetsByMajorClassOtherPropertyPlantAndEquipmentAbstract' xlink:type='arc' />
<link:presentationArc order='60' xlink:arcrole='http://www.xbrl.org/2003/arcrole/parent-child' xlink:from='loc_AirlinePropertyPlantAndEquipmentAbstract' xlink:to='loc_FlightEquipmentNetAbstract' xlink:type='arc' />
<link:presentationArc order='70' xlink:arcrole='http://www.xbrl.org/2003/arcrole/parent-child' xlink:from='loc_AirlinePropertyPlantAndEquipmentAbstract' xlink:to='loc_PropertyPlantAndEquipmentNumberOfAircraftSold' xlink:type='arc' />
<link:presentationArc order='80' xlink:arcrole='http://www.xbrl.org/2003/arcrole/parent-child' xlink:from='loc_AirlinePropertyPlantAndEquipmentAbstract' xlink:to='loc_PropertyPlantAndEquipmentNumberOfAirframesSold' xlink:type='arc' />
<link:presentationArc order='10' xlink:arcrole='http://www.xbrl.org/2003/arcrole/parent-child' xlink:from='loc_AirlineRelatedInventoryGrossAbstract' xlink:to='loc_AirlineRelatedInventoryAircraftFuel' xlink:type='arc' />
<link:presentationArc order='20' xlink:arcrole='http://www.xbrl.org/2003/arcrole/parent-child' xlink:from='loc_AirlineRelatedInventoryGrossAbstract' xlink:to='loc_AirlineRelatedInventoryAircraftParts' xlink:type='arc' />
<link:presentationArc order='30' preferredLabel='http://www.xbrl.org/2003/role/totalLabel' xlink:arcrole='http://www.xbrl.org/2003/arcrole/parent-child' xlink:from='loc_AirlineRelatedInventoryGrossAbstract' xlink:to='loc_AirlineRelatedInventory' xlink:type='arc' />
<link:presentationArc order='10' xlink:arcrole='http://www.xbrl.org/2003/arcrole/parent-child' xlink:from='loc_AirlineRelatedInventoryNetAbstract' xlink:to='loc_AirlineRelatedInventoryGrossAbstract' xlink:type='arc' />
<link:presentationArc order='20' xlink:arcrole='http://www.xbrl.org/2003/arcrole/parent-child' xlink:from='loc_AirlineRelatedInventoryNetAbstract' xlink:to='loc_AirlineRelatedInventoryValuationReserves' xlink:type='arc' />
<link:presentationArc order='30' preferredLabel='http://www.xbrl.org/2003/role/totalLabel' xlink:arcrole='http://www.xbrl.org/2003/arcrole/parent-child' xlink:from='loc_AirlineRelatedInventoryNetAbstract' xlink:to='loc_AirlineRelatedInventoryNet' xlink:type='arc' />
<link:presentationArc order='10' xlink:arcrole='http://www.xbrl.org/2003/arcrole/parent-child' xlink:from='loc_AirlineAbstract' xlink:to='loc_TypesOfCommercialAircraftAbstract' xlink:type='arc' />
<link:presentationArc order='20' xlink:arcrole='http://www.xbrl.org/2003/arcrole/parent-child' xlink:from='loc_AirlineAbstract' xlink:to='loc_AirlineProductsAndServicesAbstract' xlink:type='arc' />
<link:presentationArc order='30' xlink:arcrole='http://www.xbrl.org/2003/arcrole/parent-child' xlink:from='loc_AirlineAbstract' xlink:to='loc_AirlineRelatedInventoryNetAbstract' xlink:type='arc' />
<link:presentationArc order='40' xlink:arcrole='http://www.xbrl.org/2003/arcrole/parent-child' xlink:from='loc_AirlineAbstract' xlink:to='loc_AirlinePropertyPlantAndEquipmentAbstract' xlink:type='arc' />
<link:presentationArc order='50' xlink:arcrole='http://www.xbrl.org/2003/arcrole/parent-child' xlink:from='loc_AirlineAbstract' xlink:to='loc_DepositsOnFlightEquipment' xlink:type='arc' />
<link:presentationArc order='60' xlink:arcrole='http://www.xbrl.org/2003/arcrole/parent-child' xlink:from='loc_AirlineAbstract' xlink:to='loc_IndefiniteLivedSlotsAndRoutesAbstract' xlink:type='arc' />
<link:presentationArc order='70' xlink:arcrole='http://www.xbrl.org/2003/arcrole/parent-child' xlink:from='loc_AirlineAbstract' xlink:to='loc_DeferredAirTrafficRevenueCurrentAbstract' xlink:type='arc' />
<link:presentationArc order='80' xlink:arcrole='http://www.xbrl.org/2003/arcrole/parent-child' xlink:from='loc_AirlineAbstract' xlink:to='loc_FrequentFlierLiabilityNoncurrent' xlink:type='arc' />
<link:presentationArc order='90' xlink:arcrole='http://www.xbrl.org/2003/arcrole/parent-child' xlink:from='loc_AirlineAbstract' xlink:to='loc_MileageCreditPrice' xlink:type='arc' />
<link:presentationArc order='100' xlink:arcrole='http://www.xbrl.org/2003/arcrole/parent-child' xlink:from='loc_AirlineAbstract' xlink:to='loc_PassengerRevenueAbstract' xlink:type='arc' />
<link:presentationArc order='110' xlink:arcrole='http://www.xbrl.org/2003/arcrole/parent-child' xlink:from='loc_AirlineAbstract' xlink:to='loc_AirlineExpensesAbstract' xlink:type='arc' />
<link:presentationArc order='120' xlink:arcrole='http://www.xbrl.org/2003/arcrole/parent-child' xlink:from='loc_AirlineAbstract' xlink:to='loc_AirlineCashFlowElementsAbstract' xlink:type='arc' />
<link:presentationArc order='130' xlink:arcrole='http://www.xbrl.org/2003/arcrole/parent-child' xlink:from='loc_AirlineAbstract' xlink:to='loc_NumberOfAircraftOperated' xlink:type='arc' />
<link:presentationArc order='140' xlink:arcrole='http://www.xbrl.org/2003/arcrole/parent-child' xlink:from='loc_AirlineAbstract' xlink:to='loc_AirlineDestinationTableTextBlock' xlink:type='arc' />
<link:presentationArc order='10' xlink:arcrole='http://www.xbrl.org/2003/arcrole/parent-child' xlink:from='loc_AirlineDestinationTableTextBlock' xlink:to='loc_AirlineDestinationTable' xlink:type='arc' />
<link:presentationArc order='10' xlink:arcrole='http://www.xbrl.org/2003/arcrole/parent-child' xlink:from='loc_AirlineProductsAndServicesAbstract' xlink:to='loc_AirlineProductsAndServicesTable' xlink:type='arc' />
<link:presentationArc order='10' xlink:arcrole='http://www.xbrl.org/2003/arcrole/parent-child' xlink:from='loc_CapitalLeasesLesseeBalanceSheetAssetsByMajorClassFlightEquipmentNetAbstract' xlink:to='loc_CapitalLeasesLesseeBalanceSheetAssetsByMajorClassFlightEquipmentGross' xlink:type='arc' />
<link:presentationArc order='20' xlink:arcrole='http://www.xbrl.org/2003/arcrole/parent-child' xlink:from='loc_CapitalLeasesLesseeBalanceSheetAssetsByMajorClassFlightEquipmentNetAbstract' xlink:to='loc_CapitalLeasesLesseeBalanceSheetAssetsByMajorClassFlightEquipmentAccumulatedDepreciation' xlink:type='arc' />
<link:presentationArc order='30' preferredLabel='http://www.xbrl.org/2003/role/totalLabel' xlink:arcrole='http://www.xbrl.org/2003/arcrole/parent-child' xlink:from='loc_CapitalLeasesLesseeBalanceSheetAssetsByMajorClassFlightEquipmentNetAbstract' xlink:to='loc_CapitalLeasesLesseeBalanceSheetAssetsByMajorClassFlightEquipmentNet' xlink:type='arc' />
<link:presentationArc order='10' xlink:arcrole='http://www.xbrl.org/2003/arcrole/parent-child' xlink:from='loc_CapitalLeasesLesseeBalanceSheetAssetsByMajorClassOtherPropertyPlantAndEquipmentAbstract' xlink:to='loc_CapitalLeasesLesseeBalanceSheetAssetsByMajorClassOtherPropertyPlantAndEquipment' xlink:type='arc' />
<link:presentationArc order='20' xlink:arcrole='http://www.xbrl.org/2003/arcrole/parent-child' xlink:from='loc_CapitalLeasesLesseeBalanceSheetAssetsByMajorClassOtherPropertyPlantAndEquipmentAbstract' xlink:to='loc_CapitalLeasesLesseeBalanceSheetAssetsByMajorClassPropertyPlantAndEquipmentOtherAccumulatedDepreciation' xlink:type='arc' />
<link:presentationArc order='30' preferredLabel='http://www.xbrl.org/2003/role/totalLabel' xlink:arcrole='http://www.xbrl.org/2003/arcrole/parent-child' xlink:from='loc_CapitalLeasesLesseeBalanceSheetAssetsByMajorClassOtherPropertyPlantAndEquipmentAbstract' xlink:to='loc_CapitalLeasesLesseeBalanceSheetAssetsByMajorClassOtherPropertyPlantAndEquipmentNet' xlink:type='arc' />
<link:presentationArc order='10' xlink:arcrole='http://www.xbrl.org/2003/arcrole/parent-child' xlink:from='loc_DeferredAirTrafficRevenueCurrentAbstract' xlink:to='loc_AirTrafficLiabilityCurrent' xlink:type='arc' />
<link:presentationArc order='20' xlink:arcrole='http://www.xbrl.org/2003/arcrole/parent-child' xlink:from='loc_DeferredAirTrafficRevenueCurrentAbstract' xlink:to='loc_FrequentFlierLiabilityCurrent' xlink:type='arc' />
<link:presentationArc order='30' preferredLabel='http://www.xbrl.org/2003/role/totalLabel' xlink:arcrole='http://www.xbrl.org/2003/arcrole/parent-child' xlink:from='loc_DeferredAirTrafficRevenueCurrentAbstract' xlink:to='loc_DeferredAirTrafficRevenue' xlink:type='arc' />
<link:presentationArc order='10' xlink:arcrole='http://www.xbrl.org/2003/arcrole/parent-child' xlink:from='loc_DirectToTelevisionFilmCostsAbstract' xlink:to='loc_DirectToTelevisionFilmCostsPreproduction' xlink:type='arc' />
<link:presentationArc order='20' xlink:arcrole='http://www.xbrl.org/2003/arcrole/parent-child' xlink:from='loc_DirectToTelevisionFilmCostsAbstract' xlink:to='loc_DirectToTelevisionFilmCostsDevelopment' xlink:type='arc' />
<link:presentationArc order='30' xlink:arcrole='http://www.xbrl.org/2003/arcrole/parent-child' xlink:from='loc_DirectToTelevisionFilmCostsAbstract' xlink:to='loc_DirectToTelevisionFilmCostsProduction' xlink:type='arc' />
<link:presentationArc order='40' xlink:arcrole='http://www.xbrl.org/2003/arcrole/parent-child' xlink:from='loc_DirectToTelevisionFilmCostsAbstract' xlink:to='loc_DirectToTelevisionFilmCostsCompletedAndNotReleased' xlink:type='arc' />
<link:presentationArc order='50' xlink:arcrole='http://www.xbrl.org/2003/arcrole/parent-child' xlink:from='loc_DirectToTelevisionFilmCostsAbstract' xlink:to='loc_DirectToTelevisionFilmCostsReleased' xlink:type='arc' />
<link:presentationArc order='60' preferredLabel='http://www.xbrl.org/2003/role/totalLabel' xlink:arcrole='http://www.xbrl.org/2003/arcrole/parent-child' xlink:from='loc_DirectToTelevisionFilmCostsAbstract' xlink:to='loc_DirectToTelevisionFilmCosts' xlink:type='arc' />
<link:presentationArc order='10' xlink:arcrole='http://www.xbrl.org/2003/arcrole/parent-child' xlink:from='loc_EntertainmentCashFlowElementsAbstract' xlink:to='loc_IncreaseDecreaseInFilmCosts1' xlink:type='arc' />
<link:presentationArc order='20' xlink:arcrole='http://www.xbrl.org/2003/arcrole/parent-child' xlink:from='loc_EntertainmentCashFlowElementsAbstract' xlink:to='loc_IncreaseDecreaseInParticipationLiabilities' xlink:type='arc' />
<link:presentationArc order='30' xlink:arcrole='http://www.xbrl.org/2003/arcrole/parent-child' xlink:from='loc_EntertainmentCashFlowElementsAbstract' xlink:to='loc_IncreaseDecreaseInExploitationLiabilities' xlink:type='arc' />
<link:presentationArc order='40' xlink:arcrole='http://www.xbrl.org/2003/arcrole/parent-child' xlink:from='loc_EntertainmentCashFlowElementsAbstract' xlink:to='loc_PaymentsForFilmCosts' xlink:type='arc' />
<link:presentationArc order='50' xlink:arcrole='http://www.xbrl.org/2003/arcrole/parent-child' xlink:from='loc_EntertainmentCashFlowElementsAbstract' xlink:to='loc_PaymentsForParticipationLiabilities' xlink:type='arc' />
<link:presentationArc order='60' xlink:arcrole='http://www.xbrl.org/2003/arcrole/parent-child' xlink:from='loc_EntertainmentCashFlowElementsAbstract' xlink:to='loc_PaymentsForExploitationLiabilities' xlink:type='arc' />
<link:presentationArc order='70' xlink:arcrole='http://www.xbrl.org/2003/arcrole/parent-child' xlink:from='loc_EntertainmentCashFlowElementsAbstract' xlink:to='loc_PaymentsForManufacturingCosts' xlink:type='arc' />
<link:presentationArc order='10' xlink:arcrole='http://www.xbrl.org/2003/arcrole/parent-child' xlink:from='loc_EntertainmentAbstract' xlink:to='loc_EntertainmentTextBlock' xlink:type='arc' />
<link:presentationArc order='10' xlink:arcrole='http://www.xbrl.org/2003/arcrole/parent-child' xlink:from='loc_EntertainmentTextBlock' xlink:to='loc_BroadcastersLicenseAgreementCommitmentsDescription' xlink:type='arc' />
<link:presentationArc order='20' xlink:arcrole='http://www.xbrl.org/2003/arcrole/parent-child' xlink:from='loc_EntertainmentTextBlock' xlink:to='loc_FilmCostsAbstract' xlink:type='arc' />
<link:presentationArc order='30' xlink:arcrole='http://www.xbrl.org/2003/arcrole/parent-child' xlink:from='loc_EntertainmentTextBlock' xlink:to='loc_FilmCostDisclosuresAbstract' xlink:type='arc' />
<link:presentationArc order='40' xlink:arcrole='http://www.xbrl.org/2003/arcrole/parent-child' xlink:from='loc_EntertainmentTextBlock' xlink:to='loc_EntertainmentCashFlowElementsAbstract' xlink:type='arc' />
<link:presentationArc order='50' xlink:arcrole='http://www.xbrl.org/2003/arcrole/parent-child' xlink:from='loc_EntertainmentTextBlock' xlink:to='loc_OperatingCycle' xlink:type='arc' />
<link:presentationArc order='60' xlink:arcrole='http://www.xbrl.org/2003/arcrole/parent-child' xlink:from='loc_EntertainmentTextBlock' xlink:to='loc_AccruedParticipationLiabilitiesDueInNextOperatingCycle' xlink:type='arc' />
<link:presentationArc order='70' xlink:arcrole='http://www.xbrl.org/2003/arcrole/parent-child' xlink:from='loc_EntertainmentTextBlock' xlink:to='loc_AdvanceRoyaltiesAbstract' xlink:type='arc' />
<link:presentationArc order='80' xlink:arcrole='http://www.xbrl.org/2003/arcrole/parent-child' xlink:from='loc_EntertainmentTextBlock' xlink:to='loc_ArtistAdvancesAndRoyaltyGuaranteesCommitments' xlink:type='arc' />
<link:presentationArc order='90' xlink:arcrole='http://www.xbrl.org/2003/arcrole/parent-child' xlink:from='loc_EntertainmentTextBlock' xlink:to='loc_ArtistAdvancesCommitmentsAmount' xlink:type='arc' />
<link:presentationArc order='100' xlink:arcrole='http://www.xbrl.org/2003/arcrole/parent-child' xlink:from='loc_EntertainmentTextBlock' xlink:to='loc_RoyaltyGuaranteesCommitmentsAmount' xlink:type='arc' />
<link:presentationArc order='10' xlink:arcrole='http://www.xbrl.org/2003/arcrole/parent-child' xlink:from='loc_FilmCostDisclosuresAbstract' xlink:to='loc_FilmCostsAmortizedInNextOperatingCycle' xlink:type='arc' />
<link:presentationArc order='20' xlink:arcrole='http://www.xbrl.org/2003/arcrole/parent-child' xlink:from='loc_FilmCostDisclosuresAbstract' xlink:to='loc_PercentageOfUnamortizedFilmCosts' xlink:type='arc' />
<link:presentationArc order='30' xlink:arcrole='http://www.xbrl.org/2003/arcrole/parent-child' xlink:from='loc_FilmCostDisclosuresAbstract' xlink:to='loc_PercentageOfUnamortizedFilmCostsDescription' xlink:type='arc' />
<link:presentationArc order='10' xlink:arcrole='http://www.xbrl.org/2003/arcrole/parent-child' xlink:from='loc_FilmCostsAbstract' xlink:to='loc_TheatricalFilmCostsAbstract' xlink:type='arc' />
<link:presentationArc order='20' xlink:arcrole='http://www.xbrl.org/2003/arcrole/parent-child' xlink:from='loc_FilmCostsAbstract' xlink:to='loc_DirectToTelevisionFilmCostsAbstract' xlink:type='arc' />
<link:presentationArc order='30' preferredLabel='http://www.xbrl.org/2003/role/totalLabel' xlink:arcrole='http://www.xbrl.org/2003/arcrole/parent-child' xlink:from='loc_FilmCostsAbstract' xlink:to='loc_FilmCosts' xlink:type='arc' />
<link:presentationArc order='10' xlink:arcrole='http://www.xbrl.org/2003/arcrole/parent-child' xlink:from='loc_FlightEquipmentOwnedNetAbstract' xlink:to='loc_FlightEquipmentOwnedGross' xlink:type='arc' />
<link:presentationArc order='20' xlink:arcrole='http://www.xbrl.org/2003/arcrole/parent-child' xlink:from='loc_FlightEquipmentOwnedNetAbstract' xlink:to='loc_FlightEquipmentOwnedAccumulatedDepreciation' xlink:type='arc' />
<link:presentationArc order='30' preferredLabel='http://www.xbrl.org/2003/role/totalLabel' xlink:arcrole='http://www.xbrl.org/2003/arcrole/parent-child' xlink:from='loc_FlightEquipmentOwnedNetAbstract' xlink:to='loc_FlightEquipmentOwnedNet' xlink:type='arc' />
<link:presentationArc order='10' xlink:arcrole='http://www.xbrl.org/2003/arcrole/parent-child' xlink:from='loc_FlightEquipmentNetAbstract' xlink:to='loc_FlightEquipmentGross' xlink:type='arc' />
<link:presentationArc order='20' xlink:arcrole='http://www.xbrl.org/2003/arcrole/parent-child' xlink:from='loc_FlightEquipmentNetAbstract' xlink:to='loc_FlightEquipmentAccumulatedDepreciation' xlink:type='arc' />
<link:presentationArc order='30' preferredLabel='http://www.xbrl.org/2003/role/totalLabel' xlink:arcrole='http://www.xbrl.org/2003/arcrole/parent-child' xlink:from='loc_FlightEquipmentNetAbstract' xlink:to='loc_FlightEquipmentNet' xlink:type='arc' />
<link:presentationArc order='10' xlink:arcrole='http://www.xbrl.org/2003/arcrole/parent-child' xlink:from='loc_FranchisorRevenueAndCostsAbstract' xlink:to='loc_RevenueFromFranchisorOwnedOutlets' xlink:type='arc' />
<link:presentationArc order='20' xlink:arcrole='http://www.xbrl.org/2003/arcrole/parent-child' xlink:from='loc_FranchisorRevenueAndCostsAbstract' xlink:to='loc_FranchiseRevenue' xlink:type='arc' />
<link:presentationArc order='30' xlink:arcrole='http://www.xbrl.org/2003/arcrole/parent-child' xlink:from='loc_FranchisorRevenueAndCostsAbstract' xlink:to='loc_CostsOfFranchisorOwnedOutlets' xlink:type='arc' />
<link:presentationArc order='40' xlink:arcrole='http://www.xbrl.org/2003/arcrole/parent-child' xlink:from='loc_FranchisorRevenueAndCostsAbstract' xlink:to='loc_CostsOfFranchisedOutlets' xlink:type='arc' />
<link:presentationArc order='50' xlink:arcrole='http://www.xbrl.org/2003/arcrole/parent-child' xlink:from='loc_FranchisorRevenueAndCostsAbstract' xlink:to='loc_InitialFranchiseFees' xlink:type='arc' />
<link:presentationArc order='10' xlink:arcrole='http://www.xbrl.org/2003/arcrole/parent-child' xlink:from='loc_FranchisorsAbstract' xlink:to='loc_FranchisorsTextBlock' xlink:type='arc' />
<link:presentationArc order='10' xlink:arcrole='http://www.xbrl.org/2003/arcrole/parent-child' xlink:from='loc_FranchisorsTextBlock' xlink:to='loc_DeclineInInitialFranchiseFeesDescription' xlink:type='arc' />
<link:presentationArc order='20' xlink:arcrole='http://www.xbrl.org/2003/arcrole/parent-child' xlink:from='loc_FranchisorsTextBlock' xlink:to='loc_SignificantChangesInOperationsAbstract' xlink:type='arc' />
<link:presentationArc order='30' xlink:arcrole='http://www.xbrl.org/2003/arcrole/parent-child' xlink:from='loc_FranchisorsTextBlock' xlink:to='loc_CommitmentsFromFranchiseAgreements' xlink:type='arc' />
<link:presentationArc order='40' xlink:arcrole='http://www.xbrl.org/2003/arcrole/parent-child' xlink:from='loc_FranchisorsTextBlock' xlink:to='loc_FranchisorRevenueAndCostsAbstract' xlink:type='arc' />
<link:presentationArc order='50' xlink:arcrole='http://www.xbrl.org/2003/arcrole/parent-child' xlink:from='loc_FranchisorsTextBlock' xlink:to='loc_RevenueRecognitionServicesFranchiseFees' xlink:type='arc' />
<link:presentationArc order='10' xlink:arcrole='http://www.xbrl.org/2003/arcrole/parent-child' xlink:from='loc_GainLossOnSaleOfTrustAssetsToPayExpensesAbstract' xlink:to='loc_SaleOfTrustAssetsToPayExpenses' xlink:type='arc' />
<link:presentationArc order='20' xlink:arcrole='http://www.xbrl.org/2003/arcrole/parent-child' xlink:from='loc_GainLossOnSaleOfTrustAssetsToPayExpensesAbstract' xlink:to='loc_CostOfTrustAssetsSoldToPayExpenses' xlink:type='arc' />
<link:presentationArc order='30' preferredLabel='http://www.xbrl.org/2003/role/totalLabel' xlink:arcrole='http://www.xbrl.org/2003/arcrole/parent-child' xlink:from='loc_GainLossOnSaleOfTrustAssetsToPayExpensesAbstract' xlink:to='loc_GainLossOnSaleOfTrustAssetsToPayExpenses' xlink:type='arc' />
<link:presentationArc order='10' xlink:arcrole='http://www.xbrl.org/2003/arcrole/parent-child' xlink:from='loc_IncreaseDecreaseInDeferredAirTrafficRevenueAbstract' xlink:to='loc_IncreaseDecreaseInAirTrafficLiability1' xlink:type='arc' />
<link:presentationArc order='20' xlink:arcrole='http://www.xbrl.org/2003/arcrole/parent-child' xlink:from='loc_IncreaseDecreaseInDeferredAirTrafficRevenueAbstract' xlink:to='loc_IncreaseDecreaseInFrequentFlyerLiability' xlink:type='arc' />
<link:presentationArc order='30' preferredLabel='http://www.xbrl.org/2003/role/totalLabel' xlink:arcrole='http://www.xbrl.org/2003/arcrole/parent-child' xlink:from='loc_IncreaseDecreaseInDeferredAirTrafficRevenueAbstract' xlink:to='loc_IncreaseDecreaseInDeferredAirTrafficRevenue' xlink:type='arc' />
<link:presentationArc order='10' xlink:arcrole='http://www.xbrl.org/2003/arcrole/parent-child' xlink:from='loc_IndefiniteLivedSlotsAndRoutesAbstract' xlink:to='loc_IndefiniteLivedInternationalSlotsAndRoutes' xlink:type='arc' />
<link:presentationArc order='20' xlink:arcrole='http://www.xbrl.org/2003/arcrole/parent-child' xlink:from='loc_IndefiniteLivedSlotsAndRoutesAbstract' xlink:to='loc_IndefiniteLivedDomesticSlotsAndRoutes' xlink:type='arc' />
<link:presentationArc order='30' preferredLabel='http://www.xbrl.org/2003/role/totalLabel' xlink:arcrole='http://www.xbrl.org/2003/arcrole/parent-child' xlink:from='loc_IndefiniteLivedSlotsAndRoutesAbstract' xlink:to='loc_IndefiniteLivedSlotsAndRoutes' xlink:type='arc' />
<link:presentationArc order='10' xlink:arcrole='http://www.xbrl.org/2003/arcrole/parent-child' xlink:from='loc_OtherIndustriesAbstract' xlink:to='loc_AgricultureAbstract' xlink:type='arc' />
<link:presentationArc order='20' xlink:arcrole='http://www.xbrl.org/2003/arcrole/parent-child' xlink:from='loc_OtherIndustriesAbstract' xlink:to='loc_AirlineAbstract' xlink:type='arc' />
<link:presentationArc order='30' xlink:arcrole='http://www.xbrl.org/2003/arcrole/parent-child' xlink:from='loc_OtherIndustriesAbstract' xlink:to='loc_EntertainmentAbstract' xlink:type='arc' />
<link:presentationArc order='40' xlink:arcrole='http://www.xbrl.org/2003/arcrole/parent-child' xlink:from='loc_OtherIndustriesAbstract' xlink:to='loc_FranchisorsAbstract' xlink:type='arc' />
<link:presentationArc order='50' xlink:arcrole='http://www.xbrl.org/2003/arcrole/parent-child' xlink:from='loc_OtherIndustriesAbstract' xlink:to='loc_TrustsAbstract' xlink:type='arc' />
<link:presentationArc order='10' xlink:arcrole='http://www.xbrl.org/2003/arcrole/parent-child' xlink:from='loc_PassengerRevenueAbstract' xlink:to='loc_PassengerRevenueMainline' xlink:type='arc' />
<link:presentationArc order='20' xlink:arcrole='http://www.xbrl.org/2003/arcrole/parent-child' xlink:from='loc_PassengerRevenueAbstract' xlink:to='loc_PassengerRevenueRegional' xlink:type='arc' />
<link:presentationArc order='30' preferredLabel='http://www.xbrl.org/2003/role/totalLabel' xlink:arcrole='http://www.xbrl.org/2003/arcrole/parent-child' xlink:from='loc_PassengerRevenueAbstract' xlink:to='loc_PassengerRevenue' xlink:type='arc' />
<link:presentationArc order='10' xlink:arcrole='http://www.xbrl.org/2003/arcrole/parent-child' xlink:from='loc_ProductOrServiceAxis' xlink:to='loc_ProductsAndServicesDomain' xlink:type='arc' />
<link:presentationArc order='10' xlink:arcrole='http://www.xbrl.org/2003/arcrole/parent-child' xlink:from='loc_ProductsAndServicesDomain' xlink:to='loc_MainlineMember' xlink:type='arc' />
<link:presentationArc order='20' xlink:arcrole='http://www.xbrl.org/2003/arcrole/parent-child' xlink:from='loc_ProductsAndServicesDomain' xlink:to='loc_RegionalCarrierMember' xlink:type='arc' />
<link:presentationArc order='10' xlink:arcrole='http://www.xbrl.org/2003/arcrole/parent-child' xlink:from='loc_AirlineProductsAndServicesTable' xlink:to='loc_ProductOrServiceAxis' xlink:type='arc' />
<link:presentationArc order='10' xlink:arcrole='http://www.xbrl.org/2003/arcrole/parent-child' xlink:from='loc_PropertyPlantAndEquipmentOtherNetAbstract' xlink:to='loc_PropertyPlantAndEquipmentOther' xlink:type='arc' />
<link:presentationArc order='20' xlink:arcrole='http://www.xbrl.org/2003/arcrole/parent-child' xlink:from='loc_PropertyPlantAndEquipmentOtherNetAbstract' xlink:to='loc_PropertyPlantAndEquipmentOtherAccumulatedDepreciation' xlink:type='arc' />
<link:presentationArc order='30' preferredLabel='http://www.xbrl.org/2003/role/totalLabel' xlink:arcrole='http://www.xbrl.org/2003/arcrole/parent-child' xlink:from='loc_PropertyPlantAndEquipmentOtherNetAbstract' xlink:to='loc_PropertyPlantAndEquipmentOtherNet' xlink:type='arc' />
<link:presentationArc order='10' xlink:arcrole='http://www.xbrl.org/2003/arcrole/parent-child' xlink:from='loc_PropertyPlantAndEquipmentOwnedNetAbstract' xlink:to='loc_PropertyPlantAndEquipmentOwnedGross' xlink:type='arc' />
<link:presentationArc order='20' xlink:arcrole='http://www.xbrl.org/2003/arcrole/parent-child' xlink:from='loc_PropertyPlantAndEquipmentOwnedNetAbstract' xlink:to='loc_PropertyPlantAndEquipmentOwnedAccumulatedDepreciation' xlink:type='arc' />
<link:presentationArc order='30' preferredLabel='http://www.xbrl.org/2003/role/totalLabel' xlink:arcrole='http://www.xbrl.org/2003/arcrole/parent-child' xlink:from='loc_PropertyPlantAndEquipmentOwnedNetAbstract' xlink:to='loc_PropertyPlantAndEquipmentOwnedNet' xlink:type='arc' />
<link:presentationArc order='10' xlink:arcrole='http://www.xbrl.org/2003/arcrole/parent-child' xlink:from='loc_SignificantChangesInOperationsAbstract' xlink:to='loc_SignificantChangesFranchisesSold' xlink:type='arc' />
<link:presentationArc order='20' xlink:arcrole='http://www.xbrl.org/2003/arcrole/parent-child' xlink:from='loc_SignificantChangesInOperationsAbstract' xlink:to='loc_SignificantChangesFranchisesPurchasedDuringPeriod' xlink:type='arc' />
<link:presentationArc order='30' xlink:arcrole='http://www.xbrl.org/2003/arcrole/parent-child' xlink:from='loc_SignificantChangesInOperationsAbstract' xlink:to='loc_SignificantChangesFrachisedOutletsInOperation' xlink:type='arc' />
<link:presentationArc order='40' xlink:arcrole='http://www.xbrl.org/2003/arcrole/parent-child' xlink:from='loc_SignificantChangesInOperationsAbstract' xlink:to='loc_SignificantChangesFrachisorOutletsInOperation' xlink:type='arc' />
<link:presentationArc order='50' xlink:arcrole='http://www.xbrl.org/2003/arcrole/parent-child' xlink:from='loc_SignificantChangesInOperationsAbstract' xlink:to='loc_ChangesInFranchises' xlink:type='arc' />
<link:presentationArc order='10' xlink:arcrole='http://www.xbrl.org/2003/arcrole/parent-child' xlink:from='loc_TheatricalFilmCostsAbstract' xlink:to='loc_TheatricalFilmCostsPreproduction' xlink:type='arc' />
<link:presentationArc order='20' xlink:arcrole='http://www.xbrl.org/2003/arcrole/parent-child' xlink:from='loc_TheatricalFilmCostsAbstract' xlink:to='loc_TheatricalFilmCostsDevelopment' xlink:type='arc' />
<link:presentationArc order='30' xlink:arcrole='http://www.xbrl.org/2003/arcrole/parent-child' xlink:from='loc_TheatricalFilmCostsAbstract' xlink:to='loc_TheatricalFilmCostsProduction' xlink:type='arc' />
<link:presentationArc order='40' xlink:arcrole='http://www.xbrl.org/2003/arcrole/parent-child' xlink:from='loc_TheatricalFilmCostsAbstract' xlink:to='loc_TheatricalFilmCostsCompletedAndNotReleased' xlink:type='arc' />
<link:presentationArc order='50' xlink:arcrole='http://www.xbrl.org/2003/arcrole/parent-child' xlink:from='loc_TheatricalFilmCostsAbstract' xlink:to='loc_TheatricalFilmCostsReleased' xlink:type='arc' />
<link:presentationArc order='60' preferredLabel='http://www.xbrl.org/2003/role/totalLabel' xlink:arcrole='http://www.xbrl.org/2003/arcrole/parent-child' xlink:from='loc_TheatricalFilmCostsAbstract' xlink:to='loc_TheatricalFilmCosts' xlink:type='arc' />
<link:presentationArc order='10' xlink:arcrole='http://www.xbrl.org/2003/arcrole/parent-child' xlink:from='loc_TrustsAbstract' xlink:to='loc_GainLossOnSaleOfTrustAssetsToPayExpensesAbstract' xlink:type='arc' />
<link:presentationArc order='20' xlink:arcrole='http://www.xbrl.org/2003/arcrole/parent-child' xlink:from='loc_TrustsAbstract' xlink:to='loc_ProceedsFromSaleOfTrustAssetsToPayExpenses' xlink:type='arc' />
<link:presentationArc order='10' xlink:arcrole='http://www.xbrl.org/2003/arcrole/parent-child' xlink:from='loc_TypesOfCommercialAircraftAbstract' xlink:to='loc_TypesOfCommercialAircraftTableTextBlock' xlink:type='arc' />
<link:presentationArc order='10' xlink:arcrole='http://www.xbrl.org/2003/arcrole/parent-child' xlink:from='loc_TypesOfCommercialAircraftTableTextBlock' xlink:to='loc_TypesOfCommercialAircraftTable' xlink:type='arc' />
<link:presentationArc order='10' xlink:arcrole='http://www.xbrl.org/2003/arcrole/parent-child' xlink:from='loc_TypesOfCommercialAircraftTable' xlink:to='loc_AircraftTypeAxis' xlink:type='arc' />
</link:presentationLink>
</link:linkbase>
