<?xml version='1.0' encoding='UTF-8'?>

<!--
(c) XBRL US, Inc. 2007-2010; Financial Accounting Foundation, Inc. 2010-2013.  All Rights Reserved.
Notice: Authorized Uses are Set Forth at http://xbrl.fasb.org/terms/TaxonomiesTermsConditions.html
  -->
<link:linkbase xmlns:link='http://www.xbrl.org/2003/linkbase' xmlns:xbrldt='http://xbrl.org/2005/xbrldt' xmlns:xlink='http://www.w3.org/1999/xlink' xmlns:xsi='http://www.w3.org/2001/XMLSchema-instance' xsi:schemaLocation='http://www.xbrl.org/2003/linkbase http://www.xbrl.org/2003/xbrl-linkbase-2003-12-31.xsd'>
<link:roleRef roleURI='http://fasb.org/us-gaap/role/disclosure/FinancialServicesBankingAndThriftScheduleOfResaleAgreementCounterpartyTable' xlink:href='../elts/us-roles-2013-01-31.xsd#FinancialServicesBankingAndThriftScheduleOfResaleAgreementCounterpartyTable' xlink:type='simple' />
<link:arcroleRef arcroleURI='http://xbrl.org/int/dim/arcrole/all' xlink:href='http://www.xbrl.org/2005/xbrldt-2005.xsd#all' xlink:type='simple' />
<link:arcroleRef arcroleURI='http://xbrl.org/int/dim/arcrole/dimension-default' xlink:href='http://www.xbrl.org/2005/xbrldt-2005.xsd#dimension-default' xlink:type='simple' />
<link:arcroleRef arcroleURI='http://xbrl.org/int/dim/arcrole/dimension-domain' xlink:href='http://www.xbrl.org/2005/xbrldt-2005.xsd#dimension-domain' xlink:type='simple' />
<link:arcroleRef arcroleURI='http://xbrl.org/int/dim/arcrole/domain-member' xlink:href='http://www.xbrl.org/2005/xbrldt-2005.xsd#domain-member' xlink:type='simple' />
<link:arcroleRef arcroleURI='http://xbrl.org/int/dim/arcrole/hypercube-dimension' xlink:href='http://www.xbrl.org/2005/xbrldt-2005.xsd#hypercube-dimension' xlink:type='simple' />
<link:roleRef roleURI='http://fasb.org/us-gaap/role/disclosure/FinancialServicesBankingAndThriftScheduleOfRepurchaseAgreementCounterpartyTable' xlink:href='../elts/us-roles-2013-01-31.xsd#FinancialServicesBankingAndThriftScheduleOfRepurchaseAgreementCounterpartyTable' xlink:type='simple' />
<link:roleRef roleURI='http://fasb.org/us-gaap/role/disclosure/FinancialServicesBankingAndThriftScheduleOfFederalHomeLoanBankAdvancesByBranchOfFHLBBankTable' xlink:href='../elts/us-roles-2013-01-31.xsd#FinancialServicesBankingAndThriftScheduleOfFederalHomeLoanBankAdvancesByBranchOfFHLBBankTable' xlink:type='simple' />
<link:roleRef roleURI='http://fasb.org/us-gaap/role/disclosure/FinancialServicesBankingAndThriftScheduleOfComplianceWithRegulatoryCapitalRequirementsUnderBankingRegulationsTable' xlink:href='../elts/us-roles-2013-01-31.xsd#FinancialServicesBankingAndThriftScheduleOfComplianceWithRegulatoryCapitalRequirementsUnderBankingRegulationsTable' xlink:type='simple' />
<link:roleRef roleURI='http://fasb.org/us-gaap/role/disclosure/FinancialServicesBankingAndThriftScheduleOfAssetsSoldUnderAgreementsToRepurchaseTable' xlink:href='../elts/us-roles-2013-01-31.xsd#FinancialServicesBankingAndThriftScheduleOfAssetsSoldUnderAgreementsToRepurchaseTable' xlink:type='simple' />
<link:roleRef roleURI='http://fasb.org/us-gaap/role/disclosure/FinancialServicesBankingAndThriftCapitalRequirementsOnForeignFinancialInstitutionsTable' xlink:href='../elts/us-roles-2013-01-31.xsd#FinancialServicesBankingAndThriftCapitalRequirementsOnForeignFinancialInstitutionsTable' xlink:type='simple' />
<link:definitionLink xlink:role='http://fasb.org/us-gaap/role/disclosure/FinancialServicesBankingAndThriftCapitalRequirementsOnForeignFinancialInstitutionsTable' xlink:type='extended'>
<link:loc xlink:href='../elts/us-gaap-2013-01-31.xsd#us-gaap_CapitalRequirementsOnForeignFinancialInstitutionsLineItems' xlink:label='loc_CapitalRequirementsOnForeignFinancialInstitutionsLineItems' xlink:type='locator' />
<link:loc xlink:href='../elts/us-gaap-2013-01-31.xsd#us-gaap_CapitalRequirementsOnForeignFinancialInstitutionsTable' xlink:label='loc_CapitalRequirementsOnForeignFinancialInstitutionsTable' xlink:type='locator' />
<link:definitionArc order='1.0' xbrldt:closed='true' xbrldt:contextElement='segment' xlink:arcrole='http://xbrl.org/int/dim/arcrole/all' xlink:from='loc_CapitalRequirementsOnForeignFinancialInstitutionsLineItems' xlink:to='loc_CapitalRequirementsOnForeignFinancialInstitutionsTable' xlink:type='arc' />
</link:definitionLink>
<link:definitionLink xlink:role='http://fasb.org/us-gaap/role/disclosure/FinancialServicesBankingAndThriftCapitalRequirementsOnForeignFinancialInstitutionsTable' xlink:type='extended'>
<link:loc xlink:href='../elts/us-gaap-2013-01-31.xsd#us-gaap_ConsolidationItemsAxis' xlink:label='loc_ConsolidationItemsAxis' xlink:type='locator' />
<link:loc xlink:href='../elts/us-gaap-2013-01-31.xsd#us-gaap_ConsolidationItemsDomain' xlink:label='loc_ConsolidationItemsDomain' xlink:type='locator' />
<link:loc xlink:href='http://xbrl.sec.gov/dei/2013/dei-2013-01-31.xsd#dei_LegalEntityAxis' xlink:label='loc_LegalEntityAxis' xlink:type='locator' />
<link:loc xlink:href='http://xbrl.sec.gov/dei/2013/dei-2013-01-31.xsd#dei_EntityDomain' xlink:label='loc_EntityDomain' xlink:type='locator' />
<link:definitionArc order='1.0' xlink:arcrole='http://xbrl.org/int/dim/arcrole/dimension-default' xlink:from='loc_ConsolidationItemsAxis' xlink:to='loc_ConsolidationItemsDomain' xlink:type='arc' />
<link:definitionArc order='2.0' xlink:arcrole='http://xbrl.org/int/dim/arcrole/dimension-default' xlink:from='loc_LegalEntityAxis' xlink:to='loc_EntityDomain' xlink:type='arc' />
</link:definitionLink>
<link:definitionLink xlink:role='http://fasb.org/us-gaap/role/disclosure/FinancialServicesBankingAndThriftCapitalRequirementsOnForeignFinancialInstitutionsTable' xlink:type='extended'>
<link:loc xlink:href='../elts/us-gaap-2013-01-31.xsd#us-gaap_ConsolidationItemsAxis' xlink:label='loc_ConsolidationItemsAxis' xlink:type='locator' />
<link:loc xlink:href='../elts/us-gaap-2013-01-31.xsd#us-gaap_ConsolidationItemsDomain' xlink:label='loc_ConsolidationItemsDomain' xlink:type='locator' />
<link:loc xlink:href='http://xbrl.sec.gov/dei/2013/dei-2013-01-31.xsd#dei_LegalEntityAxis' xlink:label='loc_LegalEntityAxis' xlink:type='locator' />
<link:loc xlink:href='http://xbrl.sec.gov/dei/2013/dei-2013-01-31.xsd#dei_EntityDomain' xlink:label='loc_EntityDomain' xlink:type='locator' />
<link:definitionArc order='1.0' xlink:arcrole='http://xbrl.org/int/dim/arcrole/dimension-domain' xlink:from='loc_ConsolidationItemsAxis' xlink:to='loc_ConsolidationItemsDomain' xlink:type='arc' />
<link:definitionArc order='2.0' xlink:arcrole='http://xbrl.org/int/dim/arcrole/dimension-domain' xlink:from='loc_LegalEntityAxis' xlink:to='loc_EntityDomain' xlink:type='arc' />
</link:definitionLink>
<link:definitionLink xlink:role='http://fasb.org/us-gaap/role/disclosure/FinancialServicesBankingAndThriftCapitalRequirementsOnForeignFinancialInstitutionsTable' xlink:type='extended'>
<link:loc xlink:href='../elts/us-gaap-2013-01-31.xsd#us-gaap_CapitalRequirementsOnForeignFinancialInstitutionsLineItems' xlink:label='loc_CapitalRequirementsOnForeignFinancialInstitutionsLineItems' xlink:type='locator' />
<link:loc xlink:href='../elts/us-gaap-2013-01-31.xsd#us-gaap_ForeignFinancialInstitutionsMandatedDepositsAbstract' xlink:label='loc_ForeignFinancialInstitutionsMandatedDepositsAbstract' xlink:type='locator' />
<link:loc xlink:href='../elts/us-gaap-2013-01-31.xsd#us-gaap_ForeignFinancialInstitutionsMandatedReserveAbstract' xlink:label='loc_ForeignFinancialInstitutionsMandatedReserveAbstract' xlink:type='locator' />
<link:loc xlink:href='../elts/us-gaap-2013-01-31.xsd#us-gaap_DescriptionOfMaterialAffectsOfNoncomplianceOfBranchesOfForeignFinancialInstitutions' xlink:label='loc_DescriptionOfMaterialAffectsOfNoncomplianceOfBranchesOfForeignFinancialInstitutions' xlink:type='locator' />
<link:loc xlink:href='../elts/us-gaap-2013-01-31.xsd#us-gaap_DescriptionOfUncertainyCausedByParentOfBranchesOfForeignFinancialInstitutions' xlink:label='loc_DescriptionOfUncertainyCausedByParentOfBranchesOfForeignFinancialInstitutions' xlink:type='locator' />
<link:loc xlink:href='../elts/us-gaap-2013-01-31.xsd#us-gaap_ConsolidationItemsDomain' xlink:label='loc_ConsolidationItemsDomain' xlink:type='locator' />
<link:loc xlink:href='../elts/us-gaap-2013-01-31.xsd#us-gaap_ReportableLegalEntitiesMember' xlink:label='loc_ReportableLegalEntitiesMember' xlink:type='locator' />
<link:loc xlink:href='../elts/us-gaap-2013-01-31.xsd#us-gaap_ConsolidationEliminationsMember' xlink:label='loc_ConsolidationEliminationsMember' xlink:type='locator' />
<link:loc xlink:href='http://xbrl.sec.gov/dei/2013/dei-2013-01-31.xsd#dei_EntityDomain' xlink:label='loc_EntityDomain' xlink:type='locator' />
<link:loc xlink:href='../elts/us-gaap-2013-01-31.xsd#us-gaap_SubsidiariesMember' xlink:label='loc_SubsidiariesMember' xlink:type='locator' />
<link:loc xlink:href='../elts/us-gaap-2013-01-31.xsd#us-gaap_ForeignFinancialInstitutionsMandatedDeposits' xlink:label='loc_ForeignFinancialInstitutionsMandatedDeposits' xlink:type='locator' />
<link:loc xlink:href='../elts/us-gaap-2013-01-31.xsd#us-gaap_ForeignFinancialInstitutionsActualDeposits' xlink:label='loc_ForeignFinancialInstitutionsActualDeposits' xlink:type='locator' />
<link:loc xlink:href='../elts/us-gaap-2013-01-31.xsd#us-gaap_ForeignFinancialInstitutionsMandatedReserveAmount' xlink:label='loc_ForeignFinancialInstitutionsMandatedReserveAmount' xlink:type='locator' />
<link:loc xlink:href='../elts/us-gaap-2013-01-31.xsd#us-gaap_ForeignFinancialInstitutionsActualReserveAmount' xlink:label='loc_ForeignFinancialInstitutionsActualReserveAmount' xlink:type='locator' />
<link:definitionArc order='1.0' xlink:arcrole='http://xbrl.org/int/dim/arcrole/domain-member' xlink:from='loc_CapitalRequirementsOnForeignFinancialInstitutionsLineItems' xlink:to='loc_ForeignFinancialInstitutionsMandatedDepositsAbstract' xlink:type='arc' />
<link:definitionArc order='4.0' xlink:arcrole='http://xbrl.org/int/dim/arcrole/domain-member' xlink:from='loc_CapitalRequirementsOnForeignFinancialInstitutionsLineItems' xlink:to='loc_ForeignFinancialInstitutionsMandatedReserveAbstract' xlink:type='arc' />
<link:definitionArc order='7.0' xlink:arcrole='http://xbrl.org/int/dim/arcrole/domain-member' xlink:from='loc_CapitalRequirementsOnForeignFinancialInstitutionsLineItems' xlink:to='loc_DescriptionOfMaterialAffectsOfNoncomplianceOfBranchesOfForeignFinancialInstitutions' xlink:type='arc' />
<link:definitionArc order='8.0' xlink:arcrole='http://xbrl.org/int/dim/arcrole/domain-member' xlink:from='loc_CapitalRequirementsOnForeignFinancialInstitutionsLineItems' xlink:to='loc_DescriptionOfUncertainyCausedByParentOfBranchesOfForeignFinancialInstitutions' xlink:type='arc' />
<link:definitionArc order='1.0' xlink:arcrole='http://xbrl.org/int/dim/arcrole/domain-member' xlink:from='loc_ConsolidationItemsDomain' xlink:to='loc_ReportableLegalEntitiesMember' xlink:type='arc' />
<link:definitionArc order='2.0' xlink:arcrole='http://xbrl.org/int/dim/arcrole/domain-member' xlink:from='loc_ConsolidationItemsDomain' xlink:to='loc_ConsolidationEliminationsMember' xlink:type='arc' />
<link:definitionArc order='3.0' xlink:arcrole='http://xbrl.org/int/dim/arcrole/domain-member' xlink:from='loc_EntityDomain' xlink:to='loc_SubsidiariesMember' xlink:type='arc' />
<link:definitionArc order='2.0' xlink:arcrole='http://xbrl.org/int/dim/arcrole/domain-member' xlink:from='loc_ForeignFinancialInstitutionsMandatedDepositsAbstract' xlink:to='loc_ForeignFinancialInstitutionsMandatedDeposits' xlink:type='arc' />
<link:definitionArc order='3.0' xlink:arcrole='http://xbrl.org/int/dim/arcrole/domain-member' xlink:from='loc_ForeignFinancialInstitutionsMandatedDepositsAbstract' xlink:to='loc_ForeignFinancialInstitutionsActualDeposits' xlink:type='arc' />
<link:definitionArc order='5.0' xlink:arcrole='http://xbrl.org/int/dim/arcrole/domain-member' xlink:from='loc_ForeignFinancialInstitutionsMandatedReserveAbstract' xlink:to='loc_ForeignFinancialInstitutionsMandatedReserveAmount' xlink:type='arc' />
<link:definitionArc order='6.0' xlink:arcrole='http://xbrl.org/int/dim/arcrole/domain-member' xlink:from='loc_ForeignFinancialInstitutionsMandatedReserveAbstract' xlink:to='loc_ForeignFinancialInstitutionsActualReserveAmount' xlink:type='arc' />
</link:definitionLink>
<link:definitionLink xlink:role='http://fasb.org/us-gaap/role/disclosure/FinancialServicesBankingAndThriftCapitalRequirementsOnForeignFinancialInstitutionsTable' xlink:type='extended'>
<link:loc xlink:href='../elts/us-gaap-2013-01-31.xsd#us-gaap_CapitalRequirementsOnForeignFinancialInstitutionsTable' xlink:label='loc_CapitalRequirementsOnForeignFinancialInstitutionsTable' xlink:type='locator' />
<link:loc xlink:href='../elts/us-gaap-2013-01-31.xsd#us-gaap_ConsolidationItemsAxis' xlink:label='loc_ConsolidationItemsAxis' xlink:type='locator' />
<link:loc xlink:href='http://xbrl.sec.gov/dei/2013/dei-2013-01-31.xsd#dei_LegalEntityAxis' xlink:label='loc_LegalEntityAxis' xlink:type='locator' />
<link:definitionArc order='1.0' xlink:arcrole='http://xbrl.org/int/dim/arcrole/hypercube-dimension' xlink:from='loc_CapitalRequirementsOnForeignFinancialInstitutionsTable' xlink:to='loc_ConsolidationItemsAxis' xlink:type='arc' />
<link:definitionArc order='2.0' xlink:arcrole='http://xbrl.org/int/dim/arcrole/hypercube-dimension' xlink:from='loc_CapitalRequirementsOnForeignFinancialInstitutionsTable' xlink:to='loc_LegalEntityAxis' xlink:type='arc' />
</link:definitionLink>
<link:definitionLink xlink:role='http://fasb.org/us-gaap/role/disclosure/FinancialServicesBankingAndThriftScheduleOfAssetsSoldUnderAgreementsToRepurchaseTable' xlink:type='extended'>
<link:loc xlink:href='../elts/us-gaap-2013-01-31.xsd#us-gaap_AssetsSoldUnderAgreementsToRepurchaseLineItems' xlink:label='loc_AssetsSoldUnderAgreementsToRepurchaseLineItems' xlink:type='locator' />
<link:loc xlink:href='../elts/us-gaap-2013-01-31.xsd#us-gaap_ScheduleOfAssetsSoldUnderAgreementsToRepurchaseTable' xlink:label='loc_ScheduleOfAssetsSoldUnderAgreementsToRepurchaseTable' xlink:type='locator' />
<link:definitionArc order='1.0' xbrldt:closed='true' xbrldt:contextElement='segment' xlink:arcrole='http://xbrl.org/int/dim/arcrole/all' xlink:from='loc_AssetsSoldUnderAgreementsToRepurchaseLineItems' xlink:to='loc_ScheduleOfAssetsSoldUnderAgreementsToRepurchaseTable' xlink:type='arc' />
</link:definitionLink>
<link:definitionLink xlink:role='http://fasb.org/us-gaap/role/disclosure/FinancialServicesBankingAndThriftScheduleOfAssetsSoldUnderAgreementsToRepurchaseTable' xlink:type='extended'>
<link:loc xlink:href='../elts/us-gaap-2013-01-31.xsd#us-gaap_AssetsSoldUnderAgreementsToRepurchaseAxis' xlink:label='loc_AssetsSoldUnderAgreementsToRepurchaseAxis' xlink:type='locator' />
<link:loc xlink:href='../elts/us-gaap-2013-01-31.xsd#us-gaap_AssetsSoldUnderAgreementsToRepurchaseTypeDomain' xlink:label='loc_AssetsSoldUnderAgreementsToRepurchaseTypeDomain' xlink:type='locator' />
<link:loc xlink:href='../elts/us-gaap-2013-01-31.xsd#us-gaap_AssetsSoldUnderAgreementsToRepurchaseMaturityPeriodsAxis' xlink:label='loc_AssetsSoldUnderAgreementsToRepurchaseMaturityPeriodsAxis' xlink:type='locator' />
<link:loc xlink:href='../elts/us-gaap-2013-01-31.xsd#us-gaap_AssetsSoldUnderAgreementsToRepurchaseMaturityPeriodDomain' xlink:label='loc_AssetsSoldUnderAgreementsToRepurchaseMaturityPeriodDomain' xlink:type='locator' />
<link:definitionArc order='2.0' xlink:arcrole='http://xbrl.org/int/dim/arcrole/dimension-default' xlink:from='loc_AssetsSoldUnderAgreementsToRepurchaseAxis' xlink:to='loc_AssetsSoldUnderAgreementsToRepurchaseTypeDomain' xlink:type='arc' />
<link:definitionArc order='1.0' xlink:arcrole='http://xbrl.org/int/dim/arcrole/dimension-default' xlink:from='loc_AssetsSoldUnderAgreementsToRepurchaseMaturityPeriodsAxis' xlink:to='loc_AssetsSoldUnderAgreementsToRepurchaseMaturityPeriodDomain' xlink:type='arc' />
</link:definitionLink>
<link:definitionLink xlink:role='http://fasb.org/us-gaap/role/disclosure/FinancialServicesBankingAndThriftScheduleOfAssetsSoldUnderAgreementsToRepurchaseTable' xlink:type='extended'>
<link:loc xlink:href='../elts/us-gaap-2013-01-31.xsd#us-gaap_AssetsSoldUnderAgreementsToRepurchaseAxis' xlink:label='loc_AssetsSoldUnderAgreementsToRepurchaseAxis' xlink:type='locator' />
<link:loc xlink:href='../elts/us-gaap-2013-01-31.xsd#us-gaap_AssetsSoldUnderAgreementsToRepurchaseTypeDomain' xlink:label='loc_AssetsSoldUnderAgreementsToRepurchaseTypeDomain' xlink:type='locator' />
<link:loc xlink:href='../elts/us-gaap-2013-01-31.xsd#us-gaap_AssetsSoldUnderAgreementsToRepurchaseMaturityPeriodsAxis' xlink:label='loc_AssetsSoldUnderAgreementsToRepurchaseMaturityPeriodsAxis' xlink:type='locator' />
<link:loc xlink:href='../elts/us-gaap-2013-01-31.xsd#us-gaap_AssetsSoldUnderAgreementsToRepurchaseMaturityPeriodDomain' xlink:label='loc_AssetsSoldUnderAgreementsToRepurchaseMaturityPeriodDomain' xlink:type='locator' />
<link:definitionArc order='2.0' xlink:arcrole='http://xbrl.org/int/dim/arcrole/dimension-domain' xlink:from='loc_AssetsSoldUnderAgreementsToRepurchaseAxis' xlink:to='loc_AssetsSoldUnderAgreementsToRepurchaseTypeDomain' xlink:type='arc' />
<link:definitionArc order='1.0' xlink:arcrole='http://xbrl.org/int/dim/arcrole/dimension-domain' xlink:from='loc_AssetsSoldUnderAgreementsToRepurchaseMaturityPeriodsAxis' xlink:to='loc_AssetsSoldUnderAgreementsToRepurchaseMaturityPeriodDomain' xlink:type='arc' />
</link:definitionLink>
<link:definitionLink xlink:role='http://fasb.org/us-gaap/role/disclosure/FinancialServicesBankingAndThriftScheduleOfAssetsSoldUnderAgreementsToRepurchaseTable' xlink:type='extended'>
<link:loc xlink:href='../elts/us-gaap-2013-01-31.xsd#us-gaap_AssetsSoldUnderAgreementsToRepurchaseLineItems' xlink:label='loc_AssetsSoldUnderAgreementsToRepurchaseLineItems' xlink:type='locator' />
<link:loc xlink:href='../elts/us-gaap-2013-01-31.xsd#us-gaap_AssetsSoldUnderAgreementsToRepurchaseCarryingAmounts' xlink:label='loc_AssetsSoldUnderAgreementsToRepurchaseCarryingAmounts' xlink:type='locator' />
<link:loc xlink:href='../elts/us-gaap-2013-01-31.xsd#us-gaap_AssetsSoldUnderAgreementsToRepurchaseMarketValue' xlink:label='loc_AssetsSoldUnderAgreementsToRepurchaseMarketValue' xlink:type='locator' />
<link:loc xlink:href='../elts/us-gaap-2013-01-31.xsd#us-gaap_AssetsSoldUnderAgreementsToRepurchaseRepurchaseLiability' xlink:label='loc_AssetsSoldUnderAgreementsToRepurchaseRepurchaseLiability' xlink:type='locator' />
<link:loc xlink:href='../elts/us-gaap-2013-01-31.xsd#us-gaap_AssetsSoldUnderAgreementsToRepurchaseInterestRate' xlink:label='loc_AssetsSoldUnderAgreementsToRepurchaseInterestRate' xlink:type='locator' />
<link:loc xlink:href='../elts/us-gaap-2013-01-31.xsd#us-gaap_AssetsSoldUnderAgreementsToRepurchaseMaturityPeriodDomain' xlink:label='loc_AssetsSoldUnderAgreementsToRepurchaseMaturityPeriodDomain' xlink:type='locator' />
<link:loc xlink:href='../elts/us-gaap-2013-01-31.xsd#us-gaap_MaturityOvernightMember' xlink:label='loc_MaturityOvernightMember' xlink:type='locator' />
<link:loc xlink:href='../elts/us-gaap-2013-01-31.xsd#us-gaap_MaturityUpTo30DaysMember' xlink:label='loc_MaturityUpTo30DaysMember' xlink:type='locator' />
<link:loc xlink:href='../elts/us-gaap-2013-01-31.xsd#us-gaap_Maturity30To90DaysMember' xlink:label='loc_Maturity30To90DaysMember' xlink:type='locator' />
<link:loc xlink:href='../elts/us-gaap-2013-01-31.xsd#us-gaap_MaturityOver90DaysMember' xlink:label='loc_MaturityOver90DaysMember' xlink:type='locator' />
<link:loc xlink:href='../elts/us-gaap-2013-01-31.xsd#us-gaap_MaturityOnDemandMember' xlink:label='loc_MaturityOnDemandMember' xlink:type='locator' />
<link:loc xlink:href='../elts/us-gaap-2013-01-31.xsd#us-gaap_AssetsSoldUnderAgreementsToRepurchaseTypeDomain' xlink:label='loc_AssetsSoldUnderAgreementsToRepurchaseTypeDomain' xlink:type='locator' />
<link:loc xlink:href='../elts/us-gaap-2013-01-31.xsd#us-gaap_USTreasurySecuritiesMember' xlink:label='loc_USTreasurySecuritiesMember' xlink:type='locator' />
<link:loc xlink:href='../elts/us-gaap-2013-01-31.xsd#us-gaap_USGovernmentCorporationsAndAgenciesSecuritiesMember' xlink:label='loc_USGovernmentCorporationsAndAgenciesSecuritiesMember' xlink:type='locator' />
<link:loc xlink:href='../elts/us-gaap-2013-01-31.xsd#us-gaap_USGovernmentAgenciesDebtSecuritiesMember' xlink:label='loc_USGovernmentAgenciesDebtSecuritiesMember' xlink:type='locator' />
<link:loc xlink:href='../elts/us-gaap-2013-01-31.xsd#us-gaap_USGovernmentSponsoredEnterprisesDebtSecuritiesMember' xlink:label='loc_USGovernmentSponsoredEnterprisesDebtSecuritiesMember' xlink:type='locator' />
<link:loc xlink:href='../elts/us-gaap-2013-01-31.xsd#us-gaap_LoansMember' xlink:label='loc_LoansMember' xlink:type='locator' />
<link:loc xlink:href='../elts/us-gaap-2013-01-31.xsd#us-gaap_CommercialPaperMember' xlink:label='loc_CommercialPaperMember' xlink:type='locator' />
<link:loc xlink:href='../elts/us-gaap-2013-01-31.xsd#us-gaap_BankersAcceptanceMember' xlink:label='loc_BankersAcceptanceMember' xlink:type='locator' />
<link:loc xlink:href='../elts/us-gaap-2013-01-31.xsd#us-gaap_CertificatesOfDepositMember' xlink:label='loc_CertificatesOfDepositMember' xlink:type='locator' />
<link:loc xlink:href='../elts/us-gaap-2013-01-31.xsd#us-gaap_SeniorNotesMember' xlink:label='loc_SeniorNotesMember' xlink:type='locator' />
<link:loc xlink:href='../elts/us-gaap-2013-01-31.xsd#us-gaap_DollarRollsMember' xlink:label='loc_DollarRollsMember' xlink:type='locator' />
<link:loc xlink:href='../elts/us-gaap-2013-01-31.xsd#us-gaap_DollarRollsFixedCouponMember' xlink:label='loc_DollarRollsFixedCouponMember' xlink:type='locator' />
<link:loc xlink:href='../elts/us-gaap-2013-01-31.xsd#us-gaap_DollarRollsYieldMaintenanceMember' xlink:label='loc_DollarRollsYieldMaintenanceMember' xlink:type='locator' />
<link:definitionArc order='1.0' xlink:arcrole='http://xbrl.org/int/dim/arcrole/domain-member' xlink:from='loc_AssetsSoldUnderAgreementsToRepurchaseLineItems' xlink:to='loc_AssetsSoldUnderAgreementsToRepurchaseCarryingAmounts' xlink:type='arc' />
<link:definitionArc order='2.0' xlink:arcrole='http://xbrl.org/int/dim/arcrole/domain-member' xlink:from='loc_AssetsSoldUnderAgreementsToRepurchaseLineItems' xlink:to='loc_AssetsSoldUnderAgreementsToRepurchaseMarketValue' xlink:type='arc' />
<link:definitionArc order='3.0' xlink:arcrole='http://xbrl.org/int/dim/arcrole/domain-member' xlink:from='loc_AssetsSoldUnderAgreementsToRepurchaseLineItems' xlink:to='loc_AssetsSoldUnderAgreementsToRepurchaseRepurchaseLiability' xlink:type='arc' />
<link:definitionArc order='4.0' xlink:arcrole='http://xbrl.org/int/dim/arcrole/domain-member' xlink:from='loc_AssetsSoldUnderAgreementsToRepurchaseLineItems' xlink:to='loc_AssetsSoldUnderAgreementsToRepurchaseInterestRate' xlink:type='arc' />
<link:definitionArc order='1.0' xlink:arcrole='http://xbrl.org/int/dim/arcrole/domain-member' xlink:from='loc_AssetsSoldUnderAgreementsToRepurchaseMaturityPeriodDomain' xlink:to='loc_MaturityOvernightMember' xlink:type='arc' />
<link:definitionArc order='2.0' xlink:arcrole='http://xbrl.org/int/dim/arcrole/domain-member' xlink:from='loc_AssetsSoldUnderAgreementsToRepurchaseMaturityPeriodDomain' xlink:to='loc_MaturityUpTo30DaysMember' xlink:type='arc' />
<link:definitionArc order='3.0' xlink:arcrole='http://xbrl.org/int/dim/arcrole/domain-member' xlink:from='loc_AssetsSoldUnderAgreementsToRepurchaseMaturityPeriodDomain' xlink:to='loc_Maturity30To90DaysMember' xlink:type='arc' />
<link:definitionArc order='4.0' xlink:arcrole='http://xbrl.org/int/dim/arcrole/domain-member' xlink:from='loc_AssetsSoldUnderAgreementsToRepurchaseMaturityPeriodDomain' xlink:to='loc_MaturityOver90DaysMember' xlink:type='arc' />
<link:definitionArc order='5.0' xlink:arcrole='http://xbrl.org/int/dim/arcrole/domain-member' xlink:from='loc_AssetsSoldUnderAgreementsToRepurchaseMaturityPeriodDomain' xlink:to='loc_MaturityOnDemandMember' xlink:type='arc' />
<link:definitionArc order='6.0' xlink:arcrole='http://xbrl.org/int/dim/arcrole/domain-member' xlink:from='loc_AssetsSoldUnderAgreementsToRepurchaseTypeDomain' xlink:to='loc_USTreasurySecuritiesMember' xlink:type='arc' />
<link:definitionArc order='7.0' xlink:arcrole='http://xbrl.org/int/dim/arcrole/domain-member' xlink:from='loc_AssetsSoldUnderAgreementsToRepurchaseTypeDomain' xlink:to='loc_USGovernmentCorporationsAndAgenciesSecuritiesMember' xlink:type='arc' />
<link:definitionArc order='8.0' xlink:arcrole='http://xbrl.org/int/dim/arcrole/domain-member' xlink:from='loc_AssetsSoldUnderAgreementsToRepurchaseTypeDomain' xlink:to='loc_USGovernmentAgenciesDebtSecuritiesMember' xlink:type='arc' />
<link:definitionArc order='9.0' xlink:arcrole='http://xbrl.org/int/dim/arcrole/domain-member' xlink:from='loc_AssetsSoldUnderAgreementsToRepurchaseTypeDomain' xlink:to='loc_USGovernmentSponsoredEnterprisesDebtSecuritiesMember' xlink:type='arc' />
<link:definitionArc order='10.0' xlink:arcrole='http://xbrl.org/int/dim/arcrole/domain-member' xlink:from='loc_AssetsSoldUnderAgreementsToRepurchaseTypeDomain' xlink:to='loc_LoansMember' xlink:type='arc' />
<link:definitionArc order='11.0' xlink:arcrole='http://xbrl.org/int/dim/arcrole/domain-member' xlink:from='loc_AssetsSoldUnderAgreementsToRepurchaseTypeDomain' xlink:to='loc_CommercialPaperMember' xlink:type='arc' />
<link:definitionArc order='12.0' xlink:arcrole='http://xbrl.org/int/dim/arcrole/domain-member' xlink:from='loc_AssetsSoldUnderAgreementsToRepurchaseTypeDomain' xlink:to='loc_BankersAcceptanceMember' xlink:type='arc' />
<link:definitionArc order='13.0' xlink:arcrole='http://xbrl.org/int/dim/arcrole/domain-member' xlink:from='loc_AssetsSoldUnderAgreementsToRepurchaseTypeDomain' xlink:to='loc_CertificatesOfDepositMember' xlink:type='arc' />
<link:definitionArc order='14.0' xlink:arcrole='http://xbrl.org/int/dim/arcrole/domain-member' xlink:from='loc_AssetsSoldUnderAgreementsToRepurchaseTypeDomain' xlink:to='loc_SeniorNotesMember' xlink:type='arc' />
<link:definitionArc order='15.0' xlink:arcrole='http://xbrl.org/int/dim/arcrole/domain-member' xlink:from='loc_AssetsSoldUnderAgreementsToRepurchaseTypeDomain' xlink:to='loc_DollarRollsMember' xlink:type='arc' />
<link:definitionArc order='16.0' xlink:arcrole='http://xbrl.org/int/dim/arcrole/domain-member' xlink:from='loc_DollarRollsMember' xlink:to='loc_DollarRollsFixedCouponMember' xlink:type='arc' />
<link:definitionArc order='17.0' xlink:arcrole='http://xbrl.org/int/dim/arcrole/domain-member' xlink:from='loc_DollarRollsMember' xlink:to='loc_DollarRollsYieldMaintenanceMember' xlink:type='arc' />
</link:definitionLink>
<link:definitionLink xlink:role='http://fasb.org/us-gaap/role/disclosure/FinancialServicesBankingAndThriftScheduleOfAssetsSoldUnderAgreementsToRepurchaseTable' xlink:type='extended'>
<link:loc xlink:href='../elts/us-gaap-2013-01-31.xsd#us-gaap_ScheduleOfAssetsSoldUnderAgreementsToRepurchaseTable' xlink:label='loc_ScheduleOfAssetsSoldUnderAgreementsToRepurchaseTable' xlink:type='locator' />
<link:loc xlink:href='../elts/us-gaap-2013-01-31.xsd#us-gaap_AssetsSoldUnderAgreementsToRepurchaseMaturityPeriodsAxis' xlink:label='loc_AssetsSoldUnderAgreementsToRepurchaseMaturityPeriodsAxis' xlink:type='locator' />
<link:loc xlink:href='../elts/us-gaap-2013-01-31.xsd#us-gaap_AssetsSoldUnderAgreementsToRepurchaseAxis' xlink:label='loc_AssetsSoldUnderAgreementsToRepurchaseAxis' xlink:type='locator' />
<link:definitionArc order='1.0' xlink:arcrole='http://xbrl.org/int/dim/arcrole/hypercube-dimension' xlink:from='loc_ScheduleOfAssetsSoldUnderAgreementsToRepurchaseTable' xlink:to='loc_AssetsSoldUnderAgreementsToRepurchaseMaturityPeriodsAxis' xlink:type='arc' />
<link:definitionArc order='2.0' xlink:arcrole='http://xbrl.org/int/dim/arcrole/hypercube-dimension' xlink:from='loc_ScheduleOfAssetsSoldUnderAgreementsToRepurchaseTable' xlink:to='loc_AssetsSoldUnderAgreementsToRepurchaseAxis' xlink:type='arc' />
</link:definitionLink>
<link:definitionLink xlink:role='http://fasb.org/us-gaap/role/disclosure/FinancialServicesBankingAndThriftScheduleOfComplianceWithRegulatoryCapitalRequirementsUnderBankingRegulationsTable' xlink:type='extended'>
<link:loc xlink:href='../elts/us-gaap-2013-01-31.xsd#us-gaap_ComplianceWithRegulatoryCapitalRequirementsUnderBankingRegulationsLineItems' xlink:label='loc_ComplianceWithRegulatoryCapitalRequirementsUnderBankingRegulationsLineItems' xlink:type='locator' />
<link:loc xlink:href='../elts/us-gaap-2013-01-31.xsd#us-gaap_ScheduleOfComplianceWithRegulatoryCapitalRequirementsUnderBankingRegulationsTable' xlink:label='loc_ScheduleOfComplianceWithRegulatoryCapitalRequirementsUnderBankingRegulationsTable' xlink:type='locator' />
<link:definitionArc order='1.0' xbrldt:closed='true' xbrldt:contextElement='segment' xlink:arcrole='http://xbrl.org/int/dim/arcrole/all' xlink:from='loc_ComplianceWithRegulatoryCapitalRequirementsUnderBankingRegulationsLineItems' xlink:to='loc_ScheduleOfComplianceWithRegulatoryCapitalRequirementsUnderBankingRegulationsTable' xlink:type='arc' />
</link:definitionLink>
<link:definitionLink xlink:role='http://fasb.org/us-gaap/role/disclosure/FinancialServicesBankingAndThriftScheduleOfComplianceWithRegulatoryCapitalRequirementsUnderBankingRegulationsTable' xlink:type='extended'>
<link:loc xlink:href='../elts/us-gaap-2013-01-31.xsd#us-gaap_ConsolidationItemsAxis' xlink:label='loc_ConsolidationItemsAxis' xlink:type='locator' />
<link:loc xlink:href='../elts/us-gaap-2013-01-31.xsd#us-gaap_ConsolidationItemsDomain' xlink:label='loc_ConsolidationItemsDomain' xlink:type='locator' />
<link:loc xlink:href='http://xbrl.sec.gov/dei/2013/dei-2013-01-31.xsd#dei_LegalEntityAxis' xlink:label='loc_LegalEntityAxis' xlink:type='locator' />
<link:loc xlink:href='http://xbrl.sec.gov/dei/2013/dei-2013-01-31.xsd#dei_EntityDomain' xlink:label='loc_EntityDomain' xlink:type='locator' />
<link:definitionArc order='1.0' xlink:arcrole='http://xbrl.org/int/dim/arcrole/dimension-default' xlink:from='loc_ConsolidationItemsAxis' xlink:to='loc_ConsolidationItemsDomain' xlink:type='arc' />
<link:definitionArc order='2.0' xlink:arcrole='http://xbrl.org/int/dim/arcrole/dimension-default' xlink:from='loc_LegalEntityAxis' xlink:to='loc_EntityDomain' xlink:type='arc' />
</link:definitionLink>
<link:definitionLink xlink:role='http://fasb.org/us-gaap/role/disclosure/FinancialServicesBankingAndThriftScheduleOfComplianceWithRegulatoryCapitalRequirementsUnderBankingRegulationsTable' xlink:type='extended'>
<link:loc xlink:href='../elts/us-gaap-2013-01-31.xsd#us-gaap_ConsolidationItemsAxis' xlink:label='loc_ConsolidationItemsAxis' xlink:type='locator' />
<link:loc xlink:href='../elts/us-gaap-2013-01-31.xsd#us-gaap_ConsolidationItemsDomain' xlink:label='loc_ConsolidationItemsDomain' xlink:type='locator' />
<link:loc xlink:href='http://xbrl.sec.gov/dei/2013/dei-2013-01-31.xsd#dei_LegalEntityAxis' xlink:label='loc_LegalEntityAxis' xlink:type='locator' />
<link:loc xlink:href='http://xbrl.sec.gov/dei/2013/dei-2013-01-31.xsd#dei_EntityDomain' xlink:label='loc_EntityDomain' xlink:type='locator' />
<link:definitionArc order='1.0' xlink:arcrole='http://xbrl.org/int/dim/arcrole/dimension-domain' xlink:from='loc_ConsolidationItemsAxis' xlink:to='loc_ConsolidationItemsDomain' xlink:type='arc' />
<link:definitionArc order='2.0' xlink:arcrole='http://xbrl.org/int/dim/arcrole/dimension-domain' xlink:from='loc_LegalEntityAxis' xlink:to='loc_EntityDomain' xlink:type='arc' />
</link:definitionLink>
<link:definitionLink xlink:role='http://fasb.org/us-gaap/role/disclosure/FinancialServicesBankingAndThriftScheduleOfComplianceWithRegulatoryCapitalRequirementsUnderBankingRegulationsTable' xlink:type='extended'>
<link:loc xlink:href='../elts/us-gaap-2013-01-31.xsd#us-gaap_CapitalAbstract' xlink:label='loc_CapitalAbstract' xlink:type='locator' />
<link:loc xlink:href='../elts/us-gaap-2013-01-31.xsd#us-gaap_Capital' xlink:label='loc_Capital' xlink:type='locator' />
<link:loc xlink:href='../elts/us-gaap-2013-01-31.xsd#us-gaap_CapitalRequiredForCapitalAdequacy' xlink:label='loc_CapitalRequiredForCapitalAdequacy' xlink:type='locator' />
<link:loc xlink:href='../elts/us-gaap-2013-01-31.xsd#us-gaap_CapitalRequiredToBeWellCapitalized' xlink:label='loc_CapitalRequiredToBeWellCapitalized' xlink:type='locator' />
<link:loc xlink:href='../elts/us-gaap-2013-01-31.xsd#us-gaap_ExcessCapital' xlink:label='loc_ExcessCapital' xlink:type='locator' />
<link:loc xlink:href='../elts/us-gaap-2013-01-31.xsd#us-gaap_ComplianceWithRegulatoryCapitalRequirementsUnderBankingRegulationsLineItems' xlink:label='loc_ComplianceWithRegulatoryCapitalRequirementsUnderBankingRegulationsLineItems' xlink:type='locator' />
<link:loc xlink:href='../elts/us-gaap-2013-01-31.xsd#us-gaap_TierOneRiskBasedCapitalAbstract' xlink:label='loc_TierOneRiskBasedCapitalAbstract' xlink:type='locator' />
<link:loc xlink:href='../elts/us-gaap-2013-01-31.xsd#us-gaap_TierOneLeverageCapitalAbstract' xlink:label='loc_TierOneLeverageCapitalAbstract' xlink:type='locator' />
<link:loc xlink:href='../elts/us-gaap-2013-01-31.xsd#us-gaap_TierTwoRiskBasedCapitalAbstract' xlink:label='loc_TierTwoRiskBasedCapitalAbstract' xlink:type='locator' />
<link:loc xlink:href='../elts/us-gaap-2013-01-31.xsd#us-gaap_RiskBasedRatiosAbstract' xlink:label='loc_RiskBasedRatiosAbstract' xlink:type='locator' />
<link:loc xlink:href='../elts/us-gaap-2013-01-31.xsd#us-gaap_LeverageRatiosAbstract' xlink:label='loc_LeverageRatiosAbstract' xlink:type='locator' />
<link:loc xlink:href='../elts/us-gaap-2013-01-31.xsd#us-gaap_TangibleCapitalAbstract' xlink:label='loc_TangibleCapitalAbstract' xlink:type='locator' />
<link:loc xlink:href='../elts/us-gaap-2013-01-31.xsd#us-gaap_ClassificationOfInstitutionCreditUnions' xlink:label='loc_ClassificationOfInstitutionCreditUnions' xlink:type='locator' />
<link:loc xlink:href='../elts/us-gaap-2013-01-31.xsd#us-gaap_ConsolidationItemsDomain' xlink:label='loc_ConsolidationItemsDomain' xlink:type='locator' />
<link:loc xlink:href='../elts/us-gaap-2013-01-31.xsd#us-gaap_ReportableLegalEntitiesMember' xlink:label='loc_ReportableLegalEntitiesMember' xlink:type='locator' />
<link:loc xlink:href='../elts/us-gaap-2013-01-31.xsd#us-gaap_ConsolidationEliminationsMember' xlink:label='loc_ConsolidationEliminationsMember' xlink:type='locator' />
<link:loc xlink:href='http://xbrl.sec.gov/dei/2013/dei-2013-01-31.xsd#dei_EntityDomain' xlink:label='loc_EntityDomain' xlink:type='locator' />
<link:loc xlink:href='../elts/us-gaap-2013-01-31.xsd#us-gaap_SubsidiariesMember' xlink:label='loc_SubsidiariesMember' xlink:type='locator' />
<link:loc xlink:href='../elts/us-gaap-2013-01-31.xsd#us-gaap_TierOneLeverageCapitalToAverageAssets' xlink:label='loc_TierOneLeverageCapitalToAverageAssets' xlink:type='locator' />
<link:loc xlink:href='../elts/us-gaap-2013-01-31.xsd#us-gaap_TierOneLeverageCapitalRequiredForCapitalAdequacyToAverageAssets' xlink:label='loc_TierOneLeverageCapitalRequiredForCapitalAdequacyToAverageAssets' xlink:type='locator' />
<link:loc xlink:href='../elts/us-gaap-2013-01-31.xsd#us-gaap_TierOneLeverageCapitalRequiredToBeWellCapitalizedToAverageAssets' xlink:label='loc_TierOneLeverageCapitalRequiredToBeWellCapitalizedToAverageAssets' xlink:type='locator' />
<link:loc xlink:href='../elts/us-gaap-2013-01-31.xsd#us-gaap_ExcessTierOneLeverageCapitalToAverageAssets' xlink:label='loc_ExcessTierOneLeverageCapitalToAverageAssets' xlink:type='locator' />
<link:loc xlink:href='../elts/us-gaap-2013-01-31.xsd#us-gaap_TierOneRiskBasedCapitalToRiskWeightedAssets' xlink:label='loc_TierOneRiskBasedCapitalToRiskWeightedAssets' xlink:type='locator' />
<link:loc xlink:href='../elts/us-gaap-2013-01-31.xsd#us-gaap_TierOneRiskBasedCapitalRequiredForCapitalAdequacyToRiskWeightedAssets' xlink:label='loc_TierOneRiskBasedCapitalRequiredForCapitalAdequacyToRiskWeightedAssets' xlink:type='locator' />
<link:loc xlink:href='../elts/us-gaap-2013-01-31.xsd#us-gaap_TierOneRiskBasedCapitalRequiredToBeWellCapitalizedToRiskWeightedAssets' xlink:label='loc_TierOneRiskBasedCapitalRequiredToBeWellCapitalizedToRiskWeightedAssets' xlink:type='locator' />
<link:loc xlink:href='../elts/us-gaap-2013-01-31.xsd#us-gaap_ExcessTierOneRiskBasedCapitalToRiskWeightedAssets' xlink:label='loc_ExcessTierOneRiskBasedCapitalToRiskWeightedAssets' xlink:type='locator' />
<link:loc xlink:href='../elts/us-gaap-2013-01-31.xsd#us-gaap_RiskWeightedAssets' xlink:label='loc_RiskWeightedAssets' xlink:type='locator' />
<link:loc xlink:href='../elts/us-gaap-2013-01-31.xsd#us-gaap_CapitalToRiskWeightedAssets' xlink:label='loc_CapitalToRiskWeightedAssets' xlink:type='locator' />
<link:loc xlink:href='../elts/us-gaap-2013-01-31.xsd#us-gaap_CapitalRequiredForCapitalAdequacyToRiskWeightedAssets' xlink:label='loc_CapitalRequiredForCapitalAdequacyToRiskWeightedAssets' xlink:type='locator' />
<link:loc xlink:href='../elts/us-gaap-2013-01-31.xsd#us-gaap_CapitalRequiredToBeWellCapitalizedToRiskWeightedAssets' xlink:label='loc_CapitalRequiredToBeWellCapitalizedToRiskWeightedAssets' xlink:type='locator' />
<link:loc xlink:href='../elts/us-gaap-2013-01-31.xsd#us-gaap_ExcessCapitalToRiskWeightedAssets' xlink:label='loc_ExcessCapitalToRiskWeightedAssets' xlink:type='locator' />
<link:loc xlink:href='../elts/us-gaap-2013-01-31.xsd#us-gaap_TangibleCapital' xlink:label='loc_TangibleCapital' xlink:type='locator' />
<link:loc xlink:href='../elts/us-gaap-2013-01-31.xsd#us-gaap_TangibleCapitalToTangibleAssets' xlink:label='loc_TangibleCapitalToTangibleAssets' xlink:type='locator' />
<link:loc xlink:href='../elts/us-gaap-2013-01-31.xsd#us-gaap_TangibleCapitalRequiredForCapitalAdequacy' xlink:label='loc_TangibleCapitalRequiredForCapitalAdequacy' xlink:type='locator' />
<link:loc xlink:href='../elts/us-gaap-2013-01-31.xsd#us-gaap_TangibleCapitalRequiredForCapitalAdequacyToTangibleAssets' xlink:label='loc_TangibleCapitalRequiredForCapitalAdequacyToTangibleAssets' xlink:type='locator' />
<link:loc xlink:href='../elts/us-gaap-2013-01-31.xsd#us-gaap_ExcessTangibleCapital' xlink:label='loc_ExcessTangibleCapital' xlink:type='locator' />
<link:loc xlink:href='../elts/us-gaap-2013-01-31.xsd#us-gaap_ExcessTangibleCapitalRequiredForCapitalAdequacyToTangibleAssets' xlink:label='loc_ExcessTangibleCapitalRequiredForCapitalAdequacyToTangibleAssets' xlink:type='locator' />
<link:loc xlink:href='../elts/us-gaap-2013-01-31.xsd#us-gaap_TierOneLeverageCapital' xlink:label='loc_TierOneLeverageCapital' xlink:type='locator' />
<link:loc xlink:href='../elts/us-gaap-2013-01-31.xsd#us-gaap_TierOneLeverageCapitalRequiredForCapitalAdequacy' xlink:label='loc_TierOneLeverageCapitalRequiredForCapitalAdequacy' xlink:type='locator' />
<link:loc xlink:href='../elts/us-gaap-2013-01-31.xsd#us-gaap_TierOneLeverageCapitalRequiredToBeWellCapitalized' xlink:label='loc_TierOneLeverageCapitalRequiredToBeWellCapitalized' xlink:type='locator' />
<link:loc xlink:href='../elts/us-gaap-2013-01-31.xsd#us-gaap_ExcessTierOneLeverageCapital' xlink:label='loc_ExcessTierOneLeverageCapital' xlink:type='locator' />
<link:loc xlink:href='../elts/us-gaap-2013-01-31.xsd#us-gaap_TierOneRiskBasedCapital' xlink:label='loc_TierOneRiskBasedCapital' xlink:type='locator' />
<link:loc xlink:href='../elts/us-gaap-2013-01-31.xsd#us-gaap_TierOneRiskBasedCapitalRequiredForCapitalAdequacy' xlink:label='loc_TierOneRiskBasedCapitalRequiredForCapitalAdequacy' xlink:type='locator' />
<link:loc xlink:href='../elts/us-gaap-2013-01-31.xsd#us-gaap_TierOneRiskBasedCapitalRequiredToBeWellCapitalized' xlink:label='loc_TierOneRiskBasedCapitalRequiredToBeWellCapitalized' xlink:type='locator' />
<link:loc xlink:href='../elts/us-gaap-2013-01-31.xsd#us-gaap_ExcessTierOneRiskBasedCapital' xlink:label='loc_ExcessTierOneRiskBasedCapital' xlink:type='locator' />
<link:loc xlink:href='../elts/us-gaap-2013-01-31.xsd#us-gaap_TierTwoRiskBasedCapital' xlink:label='loc_TierTwoRiskBasedCapital' xlink:type='locator' />
<link:definitionArc order='14.0' xlink:arcrole='http://xbrl.org/int/dim/arcrole/domain-member' xlink:from='loc_CapitalAbstract' xlink:to='loc_Capital' xlink:type='arc' />
<link:definitionArc order='15.0' xlink:arcrole='http://xbrl.org/int/dim/arcrole/domain-member' xlink:from='loc_CapitalAbstract' xlink:to='loc_CapitalRequiredForCapitalAdequacy' xlink:type='arc' />
<link:definitionArc order='16.0' xlink:arcrole='http://xbrl.org/int/dim/arcrole/domain-member' xlink:from='loc_CapitalAbstract' xlink:to='loc_CapitalRequiredToBeWellCapitalized' xlink:type='arc' />
<link:definitionArc order='17.0' xlink:arcrole='http://xbrl.org/int/dim/arcrole/domain-member' xlink:from='loc_CapitalAbstract' xlink:to='loc_ExcessCapital' xlink:type='arc' />
<link:definitionArc order='1.0' xlink:arcrole='http://xbrl.org/int/dim/arcrole/domain-member' xlink:from='loc_ComplianceWithRegulatoryCapitalRequirementsUnderBankingRegulationsLineItems' xlink:to='loc_TierOneRiskBasedCapitalAbstract' xlink:type='arc' />
<link:definitionArc order='6.0' xlink:arcrole='http://xbrl.org/int/dim/arcrole/domain-member' xlink:from='loc_ComplianceWithRegulatoryCapitalRequirementsUnderBankingRegulationsLineItems' xlink:to='loc_TierOneLeverageCapitalAbstract' xlink:type='arc' />
<link:definitionArc order='11.0' xlink:arcrole='http://xbrl.org/int/dim/arcrole/domain-member' xlink:from='loc_ComplianceWithRegulatoryCapitalRequirementsUnderBankingRegulationsLineItems' xlink:to='loc_TierTwoRiskBasedCapitalAbstract' xlink:type='arc' />
<link:definitionArc order='13.0' xlink:arcrole='http://xbrl.org/int/dim/arcrole/domain-member' xlink:from='loc_ComplianceWithRegulatoryCapitalRequirementsUnderBankingRegulationsLineItems' xlink:to='loc_CapitalAbstract' xlink:type='arc' />
<link:definitionArc order='18.0' xlink:arcrole='http://xbrl.org/int/dim/arcrole/domain-member' xlink:from='loc_ComplianceWithRegulatoryCapitalRequirementsUnderBankingRegulationsLineItems' xlink:to='loc_RiskBasedRatiosAbstract' xlink:type='arc' />
<link:definitionArc order='28.0' xlink:arcrole='http://xbrl.org/int/dim/arcrole/domain-member' xlink:from='loc_ComplianceWithRegulatoryCapitalRequirementsUnderBankingRegulationsLineItems' xlink:to='loc_LeverageRatiosAbstract' xlink:type='arc' />
<link:definitionArc order='33.0' xlink:arcrole='http://xbrl.org/int/dim/arcrole/domain-member' xlink:from='loc_ComplianceWithRegulatoryCapitalRequirementsUnderBankingRegulationsLineItems' xlink:to='loc_TangibleCapitalAbstract' xlink:type='arc' />
<link:definitionArc order='40.0' xlink:arcrole='http://xbrl.org/int/dim/arcrole/domain-member' xlink:from='loc_ComplianceWithRegulatoryCapitalRequirementsUnderBankingRegulationsLineItems' xlink:to='loc_ClassificationOfInstitutionCreditUnions' xlink:type='arc' />
<link:definitionArc order='1.0' xlink:arcrole='http://xbrl.org/int/dim/arcrole/domain-member' xlink:from='loc_ConsolidationItemsDomain' xlink:to='loc_ReportableLegalEntitiesMember' xlink:type='arc' />
<link:definitionArc order='2.0' xlink:arcrole='http://xbrl.org/int/dim/arcrole/domain-member' xlink:from='loc_ConsolidationItemsDomain' xlink:to='loc_ConsolidationEliminationsMember' xlink:type='arc' />
<link:definitionArc order='3.0' xlink:arcrole='http://xbrl.org/int/dim/arcrole/domain-member' xlink:from='loc_EntityDomain' xlink:to='loc_SubsidiariesMember' xlink:type='arc' />
<link:definitionArc order='29.0' xlink:arcrole='http://xbrl.org/int/dim/arcrole/domain-member' xlink:from='loc_LeverageRatiosAbstract' xlink:to='loc_TierOneLeverageCapitalToAverageAssets' xlink:type='arc' />
<link:definitionArc order='30.0' xlink:arcrole='http://xbrl.org/int/dim/arcrole/domain-member' xlink:from='loc_LeverageRatiosAbstract' xlink:to='loc_TierOneLeverageCapitalRequiredForCapitalAdequacyToAverageAssets' xlink:type='arc' />
<link:definitionArc order='31.0' xlink:arcrole='http://xbrl.org/int/dim/arcrole/domain-member' xlink:from='loc_LeverageRatiosAbstract' xlink:to='loc_TierOneLeverageCapitalRequiredToBeWellCapitalizedToAverageAssets' xlink:type='arc' />
<link:definitionArc order='32.0' xlink:arcrole='http://xbrl.org/int/dim/arcrole/domain-member' xlink:from='loc_LeverageRatiosAbstract' xlink:to='loc_ExcessTierOneLeverageCapitalToAverageAssets' xlink:type='arc' />
<link:definitionArc order='19.0' xlink:arcrole='http://xbrl.org/int/dim/arcrole/domain-member' xlink:from='loc_RiskBasedRatiosAbstract' xlink:to='loc_TierOneRiskBasedCapitalToRiskWeightedAssets' xlink:type='arc' />
<link:definitionArc order='20.0' xlink:arcrole='http://xbrl.org/int/dim/arcrole/domain-member' xlink:from='loc_RiskBasedRatiosAbstract' xlink:to='loc_TierOneRiskBasedCapitalRequiredForCapitalAdequacyToRiskWeightedAssets' xlink:type='arc' />
<link:definitionArc order='21.0' xlink:arcrole='http://xbrl.org/int/dim/arcrole/domain-member' xlink:from='loc_RiskBasedRatiosAbstract' xlink:to='loc_TierOneRiskBasedCapitalRequiredToBeWellCapitalizedToRiskWeightedAssets' xlink:type='arc' />
<link:definitionArc order='22.0' xlink:arcrole='http://xbrl.org/int/dim/arcrole/domain-member' xlink:from='loc_RiskBasedRatiosAbstract' xlink:to='loc_ExcessTierOneRiskBasedCapitalToRiskWeightedAssets' xlink:type='arc' />
<link:definitionArc order='23.0' xlink:arcrole='http://xbrl.org/int/dim/arcrole/domain-member' xlink:from='loc_RiskBasedRatiosAbstract' xlink:to='loc_RiskWeightedAssets' xlink:type='arc' />
<link:definitionArc order='24.0' xlink:arcrole='http://xbrl.org/int/dim/arcrole/domain-member' xlink:from='loc_RiskBasedRatiosAbstract' xlink:to='loc_CapitalToRiskWeightedAssets' xlink:type='arc' />
<link:definitionArc order='25.0' xlink:arcrole='http://xbrl.org/int/dim/arcrole/domain-member' xlink:from='loc_RiskBasedRatiosAbstract' xlink:to='loc_CapitalRequiredForCapitalAdequacyToRiskWeightedAssets' xlink:type='arc' />
<link:definitionArc order='26.0' xlink:arcrole='http://xbrl.org/int/dim/arcrole/domain-member' xlink:from='loc_RiskBasedRatiosAbstract' xlink:to='loc_CapitalRequiredToBeWellCapitalizedToRiskWeightedAssets' xlink:type='arc' />
<link:definitionArc order='27.0' xlink:arcrole='http://xbrl.org/int/dim/arcrole/domain-member' xlink:from='loc_RiskBasedRatiosAbstract' xlink:to='loc_ExcessCapitalToRiskWeightedAssets' xlink:type='arc' />
<link:definitionArc order='34.0' xlink:arcrole='http://xbrl.org/int/dim/arcrole/domain-member' xlink:from='loc_TangibleCapitalAbstract' xlink:to='loc_TangibleCapital' xlink:type='arc' />
<link:definitionArc order='35.0' xlink:arcrole='http://xbrl.org/int/dim/arcrole/domain-member' xlink:from='loc_TangibleCapitalAbstract' xlink:to='loc_TangibleCapitalToTangibleAssets' xlink:type='arc' />
<link:definitionArc order='36.0' xlink:arcrole='http://xbrl.org/int/dim/arcrole/domain-member' xlink:from='loc_TangibleCapitalAbstract' xlink:to='loc_TangibleCapitalRequiredForCapitalAdequacy' xlink:type='arc' />
<link:definitionArc order='37.0' xlink:arcrole='http://xbrl.org/int/dim/arcrole/domain-member' xlink:from='loc_TangibleCapitalAbstract' xlink:to='loc_TangibleCapitalRequiredForCapitalAdequacyToTangibleAssets' xlink:type='arc' />
<link:definitionArc order='38.0' xlink:arcrole='http://xbrl.org/int/dim/arcrole/domain-member' xlink:from='loc_TangibleCapitalAbstract' xlink:to='loc_ExcessTangibleCapital' xlink:type='arc' />
<link:definitionArc order='39.0' xlink:arcrole='http://xbrl.org/int/dim/arcrole/domain-member' xlink:from='loc_TangibleCapitalAbstract' xlink:to='loc_ExcessTangibleCapitalRequiredForCapitalAdequacyToTangibleAssets' xlink:type='arc' />
<link:definitionArc order='7.0' xlink:arcrole='http://xbrl.org/int/dim/arcrole/domain-member' xlink:from='loc_TierOneLeverageCapitalAbstract' xlink:to='loc_TierOneLeverageCapital' xlink:type='arc' />
<link:definitionArc order='8.0' xlink:arcrole='http://xbrl.org/int/dim/arcrole/domain-member' xlink:from='loc_TierOneLeverageCapitalAbstract' xlink:to='loc_TierOneLeverageCapitalRequiredForCapitalAdequacy' xlink:type='arc' />
<link:definitionArc order='9.0' xlink:arcrole='http://xbrl.org/int/dim/arcrole/domain-member' xlink:from='loc_TierOneLeverageCapitalAbstract' xlink:to='loc_TierOneLeverageCapitalRequiredToBeWellCapitalized' xlink:type='arc' />
<link:definitionArc order='10.0' xlink:arcrole='http://xbrl.org/int/dim/arcrole/domain-member' xlink:from='loc_TierOneLeverageCapitalAbstract' xlink:to='loc_ExcessTierOneLeverageCapital' xlink:type='arc' />
<link:definitionArc order='2.0' xlink:arcrole='http://xbrl.org/int/dim/arcrole/domain-member' xlink:from='loc_TierOneRiskBasedCapitalAbstract' xlink:to='loc_TierOneRiskBasedCapital' xlink:type='arc' />
<link:definitionArc order='3.0' xlink:arcrole='http://xbrl.org/int/dim/arcrole/domain-member' xlink:from='loc_TierOneRiskBasedCapitalAbstract' xlink:to='loc_TierOneRiskBasedCapitalRequiredForCapitalAdequacy' xlink:type='arc' />
<link:definitionArc order='4.0' xlink:arcrole='http://xbrl.org/int/dim/arcrole/domain-member' xlink:from='loc_TierOneRiskBasedCapitalAbstract' xlink:to='loc_TierOneRiskBasedCapitalRequiredToBeWellCapitalized' xlink:type='arc' />
<link:definitionArc order='5.0' xlink:arcrole='http://xbrl.org/int/dim/arcrole/domain-member' xlink:from='loc_TierOneRiskBasedCapitalAbstract' xlink:to='loc_ExcessTierOneRiskBasedCapital' xlink:type='arc' />
<link:definitionArc order='12.0' xlink:arcrole='http://xbrl.org/int/dim/arcrole/domain-member' xlink:from='loc_TierTwoRiskBasedCapitalAbstract' xlink:to='loc_TierTwoRiskBasedCapital' xlink:type='arc' />
</link:definitionLink>
<link:definitionLink xlink:role='http://fasb.org/us-gaap/role/disclosure/FinancialServicesBankingAndThriftScheduleOfComplianceWithRegulatoryCapitalRequirementsUnderBankingRegulationsTable' xlink:type='extended'>
<link:loc xlink:href='../elts/us-gaap-2013-01-31.xsd#us-gaap_ScheduleOfComplianceWithRegulatoryCapitalRequirementsUnderBankingRegulationsTable' xlink:label='loc_ScheduleOfComplianceWithRegulatoryCapitalRequirementsUnderBankingRegulationsTable' xlink:type='locator' />
<link:loc xlink:href='../elts/us-gaap-2013-01-31.xsd#us-gaap_ConsolidationItemsAxis' xlink:label='loc_ConsolidationItemsAxis' xlink:type='locator' />
<link:loc xlink:href='http://xbrl.sec.gov/dei/2013/dei-2013-01-31.xsd#dei_LegalEntityAxis' xlink:label='loc_LegalEntityAxis' xlink:type='locator' />
<link:definitionArc order='1.0' xlink:arcrole='http://xbrl.org/int/dim/arcrole/hypercube-dimension' xlink:from='loc_ScheduleOfComplianceWithRegulatoryCapitalRequirementsUnderBankingRegulationsTable' xlink:to='loc_ConsolidationItemsAxis' xlink:type='arc' />
<link:definitionArc order='2.0' xlink:arcrole='http://xbrl.org/int/dim/arcrole/hypercube-dimension' xlink:from='loc_ScheduleOfComplianceWithRegulatoryCapitalRequirementsUnderBankingRegulationsTable' xlink:to='loc_LegalEntityAxis' xlink:type='arc' />
</link:definitionLink>
<link:definitionLink xlink:role='http://fasb.org/us-gaap/role/disclosure/FinancialServicesBankingAndThriftScheduleOfFederalHomeLoanBankAdvancesByBranchOfFHLBBankTable' xlink:type='extended'>
<link:loc xlink:href='../elts/us-gaap-2013-01-31.xsd#us-gaap_FederalHomeLoanBankAdvancesBranchOfFHLBBankLineItems' xlink:label='loc_FederalHomeLoanBankAdvancesBranchOfFHLBBankLineItems' xlink:type='locator' />
<link:loc xlink:href='../elts/us-gaap-2013-01-31.xsd#us-gaap_ScheduleOfFederalHomeLoanBankAdvancesByBranchOfFHLBBankTable' xlink:label='loc_ScheduleOfFederalHomeLoanBankAdvancesByBranchOfFHLBBankTable' xlink:type='locator' />
<link:definitionArc order='1.0' xbrldt:closed='true' xbrldt:contextElement='segment' xlink:arcrole='http://xbrl.org/int/dim/arcrole/all' xlink:from='loc_FederalHomeLoanBankAdvancesBranchOfFHLBBankLineItems' xlink:to='loc_ScheduleOfFederalHomeLoanBankAdvancesByBranchOfFHLBBankTable' xlink:type='arc' />
</link:definitionLink>
<link:definitionLink xlink:role='http://fasb.org/us-gaap/role/disclosure/FinancialServicesBankingAndThriftScheduleOfFederalHomeLoanBankAdvancesByBranchOfFHLBBankTable' xlink:type='extended'>
<link:loc xlink:href='../elts/us-gaap-2013-01-31.xsd#us-gaap_FederalHomeLoanBankAdvancesBranchOfFHLBBankAxis' xlink:label='loc_FederalHomeLoanBankAdvancesBranchOfFHLBBankAxis' xlink:type='locator' />
<link:loc xlink:href='../elts/us-gaap-2013-01-31.xsd#us-gaap_FederalHomeLoanBankAdvancesBranchOfFHLBBankStateDomain' xlink:label='loc_FederalHomeLoanBankAdvancesBranchOfFHLBBankStateDomain' xlink:type='locator' />
<link:definitionArc order='1.0' xlink:arcrole='http://xbrl.org/int/dim/arcrole/dimension-default' xlink:from='loc_FederalHomeLoanBankAdvancesBranchOfFHLBBankAxis' xlink:to='loc_FederalHomeLoanBankAdvancesBranchOfFHLBBankStateDomain' xlink:type='arc' />
</link:definitionLink>
<link:definitionLink xlink:role='http://fasb.org/us-gaap/role/disclosure/FinancialServicesBankingAndThriftScheduleOfFederalHomeLoanBankAdvancesByBranchOfFHLBBankTable' xlink:type='extended'>
<link:loc xlink:href='../elts/us-gaap-2013-01-31.xsd#us-gaap_FederalHomeLoanBankAdvancesBranchOfFHLBBankAxis' xlink:label='loc_FederalHomeLoanBankAdvancesBranchOfFHLBBankAxis' xlink:type='locator' />
<link:loc xlink:href='../elts/us-gaap-2013-01-31.xsd#us-gaap_FederalHomeLoanBankAdvancesBranchOfFHLBBankStateDomain' xlink:label='loc_FederalHomeLoanBankAdvancesBranchOfFHLBBankStateDomain' xlink:type='locator' />
<link:definitionArc order='1.0' xlink:arcrole='http://xbrl.org/int/dim/arcrole/dimension-domain' xlink:from='loc_FederalHomeLoanBankAdvancesBranchOfFHLBBankAxis' xlink:to='loc_FederalHomeLoanBankAdvancesBranchOfFHLBBankStateDomain' xlink:type='arc' />
</link:definitionLink>
<link:definitionLink xlink:role='http://fasb.org/us-gaap/role/disclosure/FinancialServicesBankingAndThriftScheduleOfFederalHomeLoanBankAdvancesByBranchOfFHLBBankTable' xlink:type='extended'>
<link:loc xlink:href='../elts/us-gaap-2013-01-31.xsd#us-gaap_FederalHomeLoanBankAdvancesBranchOfFHLBBankStateDomain' xlink:label='loc_FederalHomeLoanBankAdvancesBranchOfFHLBBankStateDomain' xlink:type='locator' />
<link:loc xlink:href='../elts/us-gaap-2013-01-31.xsd#us-gaap_FederalHomeLoanBankOfAtlantaMember' xlink:label='loc_FederalHomeLoanBankOfAtlantaMember' xlink:type='locator' />
<link:loc xlink:href='../elts/us-gaap-2013-01-31.xsd#us-gaap_FederalHomeLoanBankOfBostonMember' xlink:label='loc_FederalHomeLoanBankOfBostonMember' xlink:type='locator' />
<link:loc xlink:href='../elts/us-gaap-2013-01-31.xsd#us-gaap_FederalHomeLoanBankOfChicagoMember' xlink:label='loc_FederalHomeLoanBankOfChicagoMember' xlink:type='locator' />
<link:loc xlink:href='../elts/us-gaap-2013-01-31.xsd#us-gaap_FederalHomeLoanBankOfCincinnatiMember' xlink:label='loc_FederalHomeLoanBankOfCincinnatiMember' xlink:type='locator' />
<link:loc xlink:href='../elts/us-gaap-2013-01-31.xsd#us-gaap_FederalHomeLoanBankOfDallasMember' xlink:label='loc_FederalHomeLoanBankOfDallasMember' xlink:type='locator' />
<link:loc xlink:href='../elts/us-gaap-2013-01-31.xsd#us-gaap_FederalHomeLoanBankOfDesMoinesMember' xlink:label='loc_FederalHomeLoanBankOfDesMoinesMember' xlink:type='locator' />
<link:loc xlink:href='../elts/us-gaap-2013-01-31.xsd#us-gaap_FederalHomeLoanBankOfIndianapolisMember' xlink:label='loc_FederalHomeLoanBankOfIndianapolisMember' xlink:type='locator' />
<link:loc xlink:href='../elts/us-gaap-2013-01-31.xsd#us-gaap_FederalHomeLoanBankOfNewYorkMember' xlink:label='loc_FederalHomeLoanBankOfNewYorkMember' xlink:type='locator' />
<link:loc xlink:href='../elts/us-gaap-2013-01-31.xsd#us-gaap_FederalHomeLoanBankOfPittsburghMember' xlink:label='loc_FederalHomeLoanBankOfPittsburghMember' xlink:type='locator' />
<link:loc xlink:href='../elts/us-gaap-2013-01-31.xsd#us-gaap_FederalHomeLoanBankOfSanFranciscoMember' xlink:label='loc_FederalHomeLoanBankOfSanFranciscoMember' xlink:type='locator' />
<link:loc xlink:href='../elts/us-gaap-2013-01-31.xsd#us-gaap_FederalHomeLoanBankOfSeattleMember' xlink:label='loc_FederalHomeLoanBankOfSeattleMember' xlink:type='locator' />
<link:loc xlink:href='../elts/us-gaap-2013-01-31.xsd#us-gaap_FederalHomeLoanBankOfTopekaMember' xlink:label='loc_FederalHomeLoanBankOfTopekaMember' xlink:type='locator' />
<link:loc xlink:href='../elts/us-gaap-2013-01-31.xsd#us-gaap_FederalHomeLoanBankAdvancesBranchOfFHLBBankLineItems' xlink:label='loc_FederalHomeLoanBankAdvancesBranchOfFHLBBankLineItems' xlink:type='locator' />
<link:loc xlink:href='../elts/us-gaap-2013-01-31.xsd#us-gaap_FederalHomeLoanBankAdvancesBranchOfFHLBBankAmountOfAdvancesByBranch' xlink:label='loc_FederalHomeLoanBankAdvancesBranchOfFHLBBankAmountOfAdvancesByBranch' xlink:type='locator' />
<link:loc xlink:href='../elts/us-gaap-2013-01-31.xsd#us-gaap_FederalHomeLoanBankAdvancesBranchOfFHLBBankDueDate' xlink:label='loc_FederalHomeLoanBankAdvancesBranchOfFHLBBankDueDate' xlink:type='locator' />
<link:loc xlink:href='../elts/us-gaap-2013-01-31.xsd#us-gaap_FederalHomeLoanBankAdvancesBranchOfFHLBBankDueDateEarliest' xlink:label='loc_FederalHomeLoanBankAdvancesBranchOfFHLBBankDueDateEarliest' xlink:type='locator' />
<link:loc xlink:href='../elts/us-gaap-2013-01-31.xsd#us-gaap_FederalHomeLoanBankAdvancesBranchOfFHLBBankDueDateLast' xlink:label='loc_FederalHomeLoanBankAdvancesBranchOfFHLBBankDueDateLast' xlink:type='locator' />
<link:loc xlink:href='../elts/us-gaap-2013-01-31.xsd#us-gaap_FederalHomeLoanBankAdvancesBranchOfFHLBBankInterestRate' xlink:label='loc_FederalHomeLoanBankAdvancesBranchOfFHLBBankInterestRate' xlink:type='locator' />
<link:loc xlink:href='../elts/us-gaap-2013-01-31.xsd#us-gaap_FederalHomeLoanBankAdvancesBranchOfFHLBBankInterestRateRangeFrom' xlink:label='loc_FederalHomeLoanBankAdvancesBranchOfFHLBBankInterestRateRangeFrom' xlink:type='locator' />
<link:loc xlink:href='../elts/us-gaap-2013-01-31.xsd#us-gaap_FederalHomeLoanBankAdvancesBranchOfFHLBBankInterestRateRangeTo' xlink:label='loc_FederalHomeLoanBankAdvancesBranchOfFHLBBankInterestRateRangeTo' xlink:type='locator' />
<link:loc xlink:href='../elts/us-gaap-2013-01-31.xsd#us-gaap_FederalHomeLoanBankAdvancesBranchOfFHLBBankInterestRateType' xlink:label='loc_FederalHomeLoanBankAdvancesBranchOfFHLBBankInterestRateType' xlink:type='locator' />
<link:loc xlink:href='../elts/us-gaap-2013-01-31.xsd#us-gaap_FederalHomeLoanBankAdvancesBranchOfFHLBBankWeightedAverageInterestRate' xlink:label='loc_FederalHomeLoanBankAdvancesBranchOfFHLBBankWeightedAverageInterestRate' xlink:type='locator' />
<link:definitionArc order='1.0' xlink:arcrole='http://xbrl.org/int/dim/arcrole/domain-member' xlink:from='loc_FederalHomeLoanBankAdvancesBranchOfFHLBBankStateDomain' xlink:to='loc_FederalHomeLoanBankOfAtlantaMember' xlink:type='arc' />
<link:definitionArc order='2.0' xlink:arcrole='http://xbrl.org/int/dim/arcrole/domain-member' xlink:from='loc_FederalHomeLoanBankAdvancesBranchOfFHLBBankStateDomain' xlink:to='loc_FederalHomeLoanBankOfBostonMember' xlink:type='arc' />
<link:definitionArc order='3.0' xlink:arcrole='http://xbrl.org/int/dim/arcrole/domain-member' xlink:from='loc_FederalHomeLoanBankAdvancesBranchOfFHLBBankStateDomain' xlink:to='loc_FederalHomeLoanBankOfChicagoMember' xlink:type='arc' />
<link:definitionArc order='4.0' xlink:arcrole='http://xbrl.org/int/dim/arcrole/domain-member' xlink:from='loc_FederalHomeLoanBankAdvancesBranchOfFHLBBankStateDomain' xlink:to='loc_FederalHomeLoanBankOfCincinnatiMember' xlink:type='arc' />
<link:definitionArc order='5.0' xlink:arcrole='http://xbrl.org/int/dim/arcrole/domain-member' xlink:from='loc_FederalHomeLoanBankAdvancesBranchOfFHLBBankStateDomain' xlink:to='loc_FederalHomeLoanBankOfDallasMember' xlink:type='arc' />
<link:definitionArc order='6.0' xlink:arcrole='http://xbrl.org/int/dim/arcrole/domain-member' xlink:from='loc_FederalHomeLoanBankAdvancesBranchOfFHLBBankStateDomain' xlink:to='loc_FederalHomeLoanBankOfDesMoinesMember' xlink:type='arc' />
<link:definitionArc order='7.0' xlink:arcrole='http://xbrl.org/int/dim/arcrole/domain-member' xlink:from='loc_FederalHomeLoanBankAdvancesBranchOfFHLBBankStateDomain' xlink:to='loc_FederalHomeLoanBankOfIndianapolisMember' xlink:type='arc' />
<link:definitionArc order='8.0' xlink:arcrole='http://xbrl.org/int/dim/arcrole/domain-member' xlink:from='loc_FederalHomeLoanBankAdvancesBranchOfFHLBBankStateDomain' xlink:to='loc_FederalHomeLoanBankOfNewYorkMember' xlink:type='arc' />
<link:definitionArc order='9.0' xlink:arcrole='http://xbrl.org/int/dim/arcrole/domain-member' xlink:from='loc_FederalHomeLoanBankAdvancesBranchOfFHLBBankStateDomain' xlink:to='loc_FederalHomeLoanBankOfPittsburghMember' xlink:type='arc' />
<link:definitionArc order='10.0' xlink:arcrole='http://xbrl.org/int/dim/arcrole/domain-member' xlink:from='loc_FederalHomeLoanBankAdvancesBranchOfFHLBBankStateDomain' xlink:to='loc_FederalHomeLoanBankOfSanFranciscoMember' xlink:type='arc' />
<link:definitionArc order='11.0' xlink:arcrole='http://xbrl.org/int/dim/arcrole/domain-member' xlink:from='loc_FederalHomeLoanBankAdvancesBranchOfFHLBBankStateDomain' xlink:to='loc_FederalHomeLoanBankOfSeattleMember' xlink:type='arc' />
<link:definitionArc order='12.0' xlink:arcrole='http://xbrl.org/int/dim/arcrole/domain-member' xlink:from='loc_FederalHomeLoanBankAdvancesBranchOfFHLBBankStateDomain' xlink:to='loc_FederalHomeLoanBankOfTopekaMember' xlink:type='arc' />
<link:definitionArc order='1.0' xlink:arcrole='http://xbrl.org/int/dim/arcrole/domain-member' xlink:from='loc_FederalHomeLoanBankAdvancesBranchOfFHLBBankLineItems' xlink:to='loc_FederalHomeLoanBankAdvancesBranchOfFHLBBankAmountOfAdvancesByBranch' xlink:type='arc' />
<link:definitionArc order='2.0' xlink:arcrole='http://xbrl.org/int/dim/arcrole/domain-member' xlink:from='loc_FederalHomeLoanBankAdvancesBranchOfFHLBBankLineItems' xlink:to='loc_FederalHomeLoanBankAdvancesBranchOfFHLBBankDueDate' xlink:type='arc' />
<link:definitionArc order='3.0' xlink:arcrole='http://xbrl.org/int/dim/arcrole/domain-member' xlink:from='loc_FederalHomeLoanBankAdvancesBranchOfFHLBBankLineItems' xlink:to='loc_FederalHomeLoanBankAdvancesBranchOfFHLBBankDueDateEarliest' xlink:type='arc' />
<link:definitionArc order='4.0' xlink:arcrole='http://xbrl.org/int/dim/arcrole/domain-member' xlink:from='loc_FederalHomeLoanBankAdvancesBranchOfFHLBBankLineItems' xlink:to='loc_FederalHomeLoanBankAdvancesBranchOfFHLBBankDueDateLast' xlink:type='arc' />
<link:definitionArc order='5.0' xlink:arcrole='http://xbrl.org/int/dim/arcrole/domain-member' xlink:from='loc_FederalHomeLoanBankAdvancesBranchOfFHLBBankLineItems' xlink:to='loc_FederalHomeLoanBankAdvancesBranchOfFHLBBankInterestRate' xlink:type='arc' />
<link:definitionArc order='6.0' xlink:arcrole='http://xbrl.org/int/dim/arcrole/domain-member' xlink:from='loc_FederalHomeLoanBankAdvancesBranchOfFHLBBankLineItems' xlink:to='loc_FederalHomeLoanBankAdvancesBranchOfFHLBBankInterestRateRangeFrom' xlink:type='arc' />
<link:definitionArc order='7.0' xlink:arcrole='http://xbrl.org/int/dim/arcrole/domain-member' xlink:from='loc_FederalHomeLoanBankAdvancesBranchOfFHLBBankLineItems' xlink:to='loc_FederalHomeLoanBankAdvancesBranchOfFHLBBankInterestRateRangeTo' xlink:type='arc' />
<link:definitionArc order='8.0' xlink:arcrole='http://xbrl.org/int/dim/arcrole/domain-member' xlink:from='loc_FederalHomeLoanBankAdvancesBranchOfFHLBBankLineItems' xlink:to='loc_FederalHomeLoanBankAdvancesBranchOfFHLBBankInterestRateType' xlink:type='arc' />
<link:definitionArc order='9.0' xlink:arcrole='http://xbrl.org/int/dim/arcrole/domain-member' xlink:from='loc_FederalHomeLoanBankAdvancesBranchOfFHLBBankLineItems' xlink:to='loc_FederalHomeLoanBankAdvancesBranchOfFHLBBankWeightedAverageInterestRate' xlink:type='arc' />
</link:definitionLink>
<link:definitionLink xlink:role='http://fasb.org/us-gaap/role/disclosure/FinancialServicesBankingAndThriftScheduleOfFederalHomeLoanBankAdvancesByBranchOfFHLBBankTable' xlink:type='extended'>
<link:loc xlink:href='../elts/us-gaap-2013-01-31.xsd#us-gaap_ScheduleOfFederalHomeLoanBankAdvancesByBranchOfFHLBBankTable' xlink:label='loc_ScheduleOfFederalHomeLoanBankAdvancesByBranchOfFHLBBankTable' xlink:type='locator' />
<link:loc xlink:href='../elts/us-gaap-2013-01-31.xsd#us-gaap_FederalHomeLoanBankAdvancesBranchOfFHLBBankAxis' xlink:label='loc_FederalHomeLoanBankAdvancesBranchOfFHLBBankAxis' xlink:type='locator' />
<link:definitionArc order='1.0' xlink:arcrole='http://xbrl.org/int/dim/arcrole/hypercube-dimension' xlink:from='loc_ScheduleOfFederalHomeLoanBankAdvancesByBranchOfFHLBBankTable' xlink:to='loc_FederalHomeLoanBankAdvancesBranchOfFHLBBankAxis' xlink:type='arc' />
</link:definitionLink>
<link:definitionLink xlink:role='http://fasb.org/us-gaap/role/disclosure/FinancialServicesBankingAndThriftScheduleOfRepurchaseAgreementCounterpartyTable' xlink:type='extended'>
<link:loc xlink:href='../elts/us-gaap-2013-01-31.xsd#us-gaap_RepurchaseAgreementCounterpartyLineItems' xlink:label='loc_RepurchaseAgreementCounterpartyLineItems' xlink:type='locator' />
<link:loc xlink:href='../elts/us-gaap-2013-01-31.xsd#us-gaap_ScheduleOfRepurchaseAgreementCounterpartyTable' xlink:label='loc_ScheduleOfRepurchaseAgreementCounterpartyTable' xlink:type='locator' />
<link:definitionArc order='1.0' xbrldt:closed='true' xbrldt:contextElement='segment' xlink:arcrole='http://xbrl.org/int/dim/arcrole/all' xlink:from='loc_RepurchaseAgreementCounterpartyLineItems' xlink:to='loc_ScheduleOfRepurchaseAgreementCounterpartyTable' xlink:type='arc' />
</link:definitionLink>
<link:definitionLink xlink:role='http://fasb.org/us-gaap/role/disclosure/FinancialServicesBankingAndThriftScheduleOfRepurchaseAgreementCounterpartyTable' xlink:type='extended'>
<link:loc xlink:href='../elts/us-gaap-2013-01-31.xsd#us-gaap_CounterpartyNameAxis' xlink:label='loc_CounterpartyNameAxis' xlink:type='locator' />
<link:loc xlink:href='../elts/us-gaap-2013-01-31.xsd#us-gaap_RepurchaseAgreementCounterpartyNameDomain' xlink:label='loc_RepurchaseAgreementCounterpartyNameDomain' xlink:type='locator' />
<link:definitionArc order='1.0' xlink:arcrole='http://xbrl.org/int/dim/arcrole/dimension-default' xlink:from='loc_CounterpartyNameAxis' xlink:to='loc_RepurchaseAgreementCounterpartyNameDomain' xlink:type='arc' />
</link:definitionLink>
<link:definitionLink xlink:role='http://fasb.org/us-gaap/role/disclosure/FinancialServicesBankingAndThriftScheduleOfRepurchaseAgreementCounterpartyTable' xlink:type='extended'>
<link:loc xlink:href='../elts/us-gaap-2013-01-31.xsd#us-gaap_CounterpartyNameAxis' xlink:label='loc_CounterpartyNameAxis' xlink:type='locator' />
<link:loc xlink:href='../elts/us-gaap-2013-01-31.xsd#us-gaap_RepurchaseAgreementCounterpartyNameDomain' xlink:label='loc_RepurchaseAgreementCounterpartyNameDomain' xlink:type='locator' />
<link:definitionArc order='1.0' xlink:arcrole='http://xbrl.org/int/dim/arcrole/dimension-domain' xlink:from='loc_CounterpartyNameAxis' xlink:to='loc_RepurchaseAgreementCounterpartyNameDomain' xlink:type='arc' />
</link:definitionLink>
<link:definitionLink xlink:role='http://fasb.org/us-gaap/role/disclosure/FinancialServicesBankingAndThriftScheduleOfRepurchaseAgreementCounterpartyTable' xlink:type='extended'>
<link:loc xlink:href='../elts/us-gaap-2013-01-31.xsd#us-gaap_RepurchaseAgreementCounterpartyLineItems' xlink:label='loc_RepurchaseAgreementCounterpartyLineItems' xlink:type='locator' />
<link:loc xlink:href='../elts/us-gaap-2013-01-31.xsd#us-gaap_RepurchaseAgreementCounterpartyAmountAtRisk' xlink:label='loc_RepurchaseAgreementCounterpartyAmountAtRisk' xlink:type='locator' />
<link:loc xlink:href='../elts/us-gaap-2013-01-31.xsd#us-gaap_RepurchaseAgreementCounterpartyWeightedAverageMaturityOfAgreements1' xlink:label='loc_RepurchaseAgreementCounterpartyWeightedAverageMaturityOfAgreements1' xlink:type='locator' />
<link:definitionArc order='1.0' xlink:arcrole='http://xbrl.org/int/dim/arcrole/domain-member' xlink:from='loc_RepurchaseAgreementCounterpartyLineItems' xlink:to='loc_RepurchaseAgreementCounterpartyAmountAtRisk' xlink:type='arc' />
<link:definitionArc order='2.0' xlink:arcrole='http://xbrl.org/int/dim/arcrole/domain-member' xlink:from='loc_RepurchaseAgreementCounterpartyLineItems' xlink:to='loc_RepurchaseAgreementCounterpartyWeightedAverageMaturityOfAgreements1' xlink:type='arc' />
</link:definitionLink>
<link:definitionLink xlink:role='http://fasb.org/us-gaap/role/disclosure/FinancialServicesBankingAndThriftScheduleOfRepurchaseAgreementCounterpartyTable' xlink:type='extended'>
<link:loc xlink:href='../elts/us-gaap-2013-01-31.xsd#us-gaap_ScheduleOfRepurchaseAgreementCounterpartyTable' xlink:label='loc_ScheduleOfRepurchaseAgreementCounterpartyTable' xlink:type='locator' />
<link:loc xlink:href='../elts/us-gaap-2013-01-31.xsd#us-gaap_CounterpartyNameAxis' xlink:label='loc_CounterpartyNameAxis' xlink:type='locator' />
<link:definitionArc order='1.0' xlink:arcrole='http://xbrl.org/int/dim/arcrole/hypercube-dimension' xlink:from='loc_ScheduleOfRepurchaseAgreementCounterpartyTable' xlink:to='loc_CounterpartyNameAxis' xlink:type='arc' />
</link:definitionLink>
<link:definitionLink xlink:role='http://fasb.org/us-gaap/role/disclosure/FinancialServicesBankingAndThriftScheduleOfResaleAgreementCounterpartyTable' xlink:type='extended'>
<link:loc xlink:href='../elts/us-gaap-2013-01-31.xsd#us-gaap_ResaleAgreementCounterpartyLineItems' xlink:label='loc_ResaleAgreementCounterpartyLineItems' xlink:type='locator' />
<link:loc xlink:href='../elts/us-gaap-2013-01-31.xsd#us-gaap_ScheduleOfResaleAgreementCounterpartyTable' xlink:label='loc_ScheduleOfResaleAgreementCounterpartyTable' xlink:type='locator' />
<link:definitionArc order='1.0' xbrldt:closed='true' xbrldt:contextElement='segment' xlink:arcrole='http://xbrl.org/int/dim/arcrole/all' xlink:from='loc_ResaleAgreementCounterpartyLineItems' xlink:to='loc_ScheduleOfResaleAgreementCounterpartyTable' xlink:type='arc' />
</link:definitionLink>
<link:definitionLink xlink:role='http://fasb.org/us-gaap/role/disclosure/FinancialServicesBankingAndThriftScheduleOfResaleAgreementCounterpartyTable' xlink:type='extended'>
<link:loc xlink:href='../elts/us-gaap-2013-01-31.xsd#us-gaap_ResaleAgreementCounterpartyAxis' xlink:label='loc_ResaleAgreementCounterpartyAxis' xlink:type='locator' />
<link:loc xlink:href='../elts/us-gaap-2013-01-31.xsd#us-gaap_ResaleAgreementCounterpartyNameDomain' xlink:label='loc_ResaleAgreementCounterpartyNameDomain' xlink:type='locator' />
<link:definitionArc order='1.0' xlink:arcrole='http://xbrl.org/int/dim/arcrole/dimension-default' xlink:from='loc_ResaleAgreementCounterpartyAxis' xlink:to='loc_ResaleAgreementCounterpartyNameDomain' xlink:type='arc' />
</link:definitionLink>
<link:definitionLink xlink:role='http://fasb.org/us-gaap/role/disclosure/FinancialServicesBankingAndThriftScheduleOfResaleAgreementCounterpartyTable' xlink:type='extended'>
<link:loc xlink:href='../elts/us-gaap-2013-01-31.xsd#us-gaap_ResaleAgreementCounterpartyAxis' xlink:label='loc_ResaleAgreementCounterpartyAxis' xlink:type='locator' />
<link:loc xlink:href='../elts/us-gaap-2013-01-31.xsd#us-gaap_ResaleAgreementCounterpartyNameDomain' xlink:label='loc_ResaleAgreementCounterpartyNameDomain' xlink:type='locator' />
<link:definitionArc order='1.0' xlink:arcrole='http://xbrl.org/int/dim/arcrole/dimension-domain' xlink:from='loc_ResaleAgreementCounterpartyAxis' xlink:to='loc_ResaleAgreementCounterpartyNameDomain' xlink:type='arc' />
</link:definitionLink>
<link:definitionLink xlink:role='http://fasb.org/us-gaap/role/disclosure/FinancialServicesBankingAndThriftScheduleOfResaleAgreementCounterpartyTable' xlink:type='extended'>
<link:loc xlink:href='../elts/us-gaap-2013-01-31.xsd#us-gaap_ResaleAgreementCounterpartyLineItems' xlink:label='loc_ResaleAgreementCounterpartyLineItems' xlink:type='locator' />
<link:loc xlink:href='../elts/us-gaap-2013-01-31.xsd#us-gaap_ResaleAgreementCounterpartyAmountAtRisk' xlink:label='loc_ResaleAgreementCounterpartyAmountAtRisk' xlink:type='locator' />
<link:loc xlink:href='../elts/us-gaap-2013-01-31.xsd#us-gaap_ResaleAgreementCounterpartyWeightedAverageMaturityOfAgreements1' xlink:label='loc_ResaleAgreementCounterpartyWeightedAverageMaturityOfAgreements1' xlink:type='locator' />
<link:definitionArc order='1.0' xlink:arcrole='http://xbrl.org/int/dim/arcrole/domain-member' xlink:from='loc_ResaleAgreementCounterpartyLineItems' xlink:to='loc_ResaleAgreementCounterpartyAmountAtRisk' xlink:type='arc' />
<link:definitionArc order='2.0' xlink:arcrole='http://xbrl.org/int/dim/arcrole/domain-member' xlink:from='loc_ResaleAgreementCounterpartyLineItems' xlink:to='loc_ResaleAgreementCounterpartyWeightedAverageMaturityOfAgreements1' xlink:type='arc' />
</link:definitionLink>
<link:definitionLink xlink:role='http://fasb.org/us-gaap/role/disclosure/FinancialServicesBankingAndThriftScheduleOfResaleAgreementCounterpartyTable' xlink:type='extended'>
<link:loc xlink:href='../elts/us-gaap-2013-01-31.xsd#us-gaap_ScheduleOfResaleAgreementCounterpartyTable' xlink:label='loc_ScheduleOfResaleAgreementCounterpartyTable' xlink:type='locator' />
<link:loc xlink:href='../elts/us-gaap-2013-01-31.xsd#us-gaap_ResaleAgreementCounterpartyAxis' xlink:label='loc_ResaleAgreementCounterpartyAxis' xlink:type='locator' />
<link:definitionArc order='1.0' xlink:arcrole='http://xbrl.org/int/dim/arcrole/hypercube-dimension' xlink:from='loc_ScheduleOfResaleAgreementCounterpartyTable' xlink:to='loc_ResaleAgreementCounterpartyAxis' xlink:type='arc' />
</link:definitionLink>
</link:linkbase>
