<?xml version='1.0' encoding='UTF-8'?>

<!--
(c) XBRL US, Inc. 2007-2010; Financial Accounting Foundation, Inc. 2010-2013.  All Rights Reserved.
Notice: Authorized Uses are Set Forth at http://xbrl.fasb.org/terms/TaxonomiesTermsConditions.html
  -->
<link:linkbase xmlns:link='http://www.xbrl.org/2003/linkbase' xmlns:xbrldt='http://xbrl.org/2005/xbrldt' xmlns:xlink='http://www.w3.org/1999/xlink' xmlns:xsi='http://www.w3.org/2001/XMLSchema-instance' xsi:schemaLocation='http://www.xbrl.org/2003/linkbase http://www.xbrl.org/2003/xbrl-linkbase-2003-12-31.xsd'>
<link:roleRef roleURI='http://fasb.org/us-gaap/role/disclosure/DisclosureLeasesRollingMaturity' xlink:href='../elts/us-roles-2013-01-31.xsd#lea3' xlink:type='simple' />
<link:calculationLink xlink:role='http://fasb.org/us-gaap/role/disclosure/DisclosureLeasesRollingMaturity' xlink:type='extended'>
<link:loc xlink:href='../elts/us-gaap-2013-01-31.xsd#us-gaap_CapitalLeasesFutureMinimumPaymentsReceivable' xlink:label='loc_CapitalLeasesFutureMinimumPaymentsReceivable' xlink:type='locator' />
<link:loc xlink:href='../elts/us-gaap-2013-01-31.xsd#us-gaap_CapitalLeasesFutureMinimumPaymentsReceivableDueInRollingAfterYearFive' xlink:label='loc_CapitalLeasesFutureMinimumPaymentsReceivableDueInRollingAfterYearFive' xlink:type='locator' />
<link:loc xlink:href='../elts/us-gaap-2013-01-31.xsd#us-gaap_CapitalLeasesFutureMinimumPaymentsReceivableDueInRollingYearFive' xlink:label='loc_CapitalLeasesFutureMinimumPaymentsReceivableDueInRollingYearFive' xlink:type='locator' />
<link:loc xlink:href='../elts/us-gaap-2013-01-31.xsd#us-gaap_CapitalLeasesFutureMinimumPaymentsReceivableDueInRollingYearFour' xlink:label='loc_CapitalLeasesFutureMinimumPaymentsReceivableDueInRollingYearFour' xlink:type='locator' />
<link:loc xlink:href='../elts/us-gaap-2013-01-31.xsd#us-gaap_CapitalLeasesFutureMinimumPaymentsReceivableDueInRollingYearThree' xlink:label='loc_CapitalLeasesFutureMinimumPaymentsReceivableDueInRollingYearThree' xlink:type='locator' />
<link:loc xlink:href='../elts/us-gaap-2013-01-31.xsd#us-gaap_CapitalLeasesFutureMinimumPaymentsReceivableDueInRollingYearTwo' xlink:label='loc_CapitalLeasesFutureMinimumPaymentsReceivableDueInRollingYearTwo' xlink:type='locator' />
<link:loc xlink:href='../elts/us-gaap-2013-01-31.xsd#us-gaap_CapitalLeasesFutureMinimumPaymentsReceivableNextRollingTwelveMonths' xlink:label='loc_CapitalLeasesFutureMinimumPaymentsReceivableNextRollingTwelveMonths' xlink:type='locator' />
<link:loc xlink:href='../elts/us-gaap-2013-01-31.xsd#us-gaap_CapitalLeasesFutureMinimumPaymentsPresentValueOfNetMinimumPayments' xlink:label='loc_CapitalLeasesFutureMinimumPaymentsPresentValueOfNetMinimumPayments' xlink:type='locator' />
<link:loc xlink:href='../elts/us-gaap-2013-01-31.xsd#us-gaap_CapitalLeasesFutureMinimumPaymentsInterestIncludedInPayments' xlink:label='loc_CapitalLeasesFutureMinimumPaymentsInterestIncludedInPayments' xlink:type='locator' />
<link:loc xlink:href='../elts/us-gaap-2013-01-31.xsd#us-gaap_CapitalLeasesFutureMinimumPaymentsNetMinimumPayments1' xlink:label='loc_CapitalLeasesFutureMinimumPaymentsNetMinimumPayments1' xlink:type='locator' />
<link:loc xlink:href='../elts/us-gaap-2013-01-31.xsd#us-gaap_CapitalLeasesFutureMinimumPaymentsExecutoryCosts' xlink:label='loc_CapitalLeasesFutureMinimumPaymentsExecutoryCosts' xlink:type='locator' />
<link:loc xlink:href='../elts/us-gaap-2013-01-31.xsd#us-gaap_CapitalLeasesFutureMinimumPaymentsDue' xlink:label='loc_CapitalLeasesFutureMinimumPaymentsDue' xlink:type='locator' />
<link:loc xlink:href='../elts/us-gaap-2013-01-31.xsd#us-gaap_CapitalLeasesFutureMinimumPaymentsNextRollingTwelveMonths' xlink:label='loc_CapitalLeasesFutureMinimumPaymentsNextRollingTwelveMonths' xlink:type='locator' />
<link:loc xlink:href='../elts/us-gaap-2013-01-31.xsd#us-gaap_CapitalLeasesFutureMinimumPaymentsDueInRollingYearTwoAndThree' xlink:label='loc_CapitalLeasesFutureMinimumPaymentsDueInRollingYearTwoAndThree' xlink:type='locator' />
<link:loc xlink:href='../elts/us-gaap-2013-01-31.xsd#us-gaap_CapitalLeasesFutureMinimumPaymentsDueInRollingYearTwo' xlink:label='loc_CapitalLeasesFutureMinimumPaymentsDueInRollingYearTwo' xlink:type='locator' />
<link:loc xlink:href='../elts/us-gaap-2013-01-31.xsd#us-gaap_CapitalLeasesFutureMinimumPaymentsDueInRollingYearThree' xlink:label='loc_CapitalLeasesFutureMinimumPaymentsDueInRollingYearThree' xlink:type='locator' />
<link:loc xlink:href='../elts/us-gaap-2013-01-31.xsd#us-gaap_CapitalLeasesFutureMinimumPaymentsDueInRollingYearFourAndFive' xlink:label='loc_CapitalLeasesFutureMinimumPaymentsDueInRollingYearFourAndFive' xlink:type='locator' />
<link:loc xlink:href='../elts/us-gaap-2013-01-31.xsd#us-gaap_CapitalLeasesFutureMinimumPaymentsDueInRollingYearFour' xlink:label='loc_CapitalLeasesFutureMinimumPaymentsDueInRollingYearFour' xlink:type='locator' />
<link:loc xlink:href='../elts/us-gaap-2013-01-31.xsd#us-gaap_CapitalLeasesFutureMinimumPaymentsDueInRollingYearFive' xlink:label='loc_CapitalLeasesFutureMinimumPaymentsDueInRollingYearFive' xlink:type='locator' />
<link:loc xlink:href='../elts/us-gaap-2013-01-31.xsd#us-gaap_CapitalLeasesFutureMinimumPaymentsDueInRollingAfterYearFive' xlink:label='loc_CapitalLeasesFutureMinimumPaymentsDueInRollingAfterYearFive' xlink:type='locator' />
<link:loc xlink:href='../elts/us-gaap-2013-01-31.xsd#us-gaap_FutureMinimumSubleaseRentalsSaleLeasebackTransactions' xlink:label='loc_FutureMinimumSubleaseRentalsSaleLeasebackTransactions' xlink:type='locator' />
<link:loc xlink:href='../elts/us-gaap-2013-01-31.xsd#us-gaap_FutureMinimumSubleaseRentalsSaleLeasebackTransactionsDueInRollingAfterYearFive' xlink:label='loc_FutureMinimumSubleaseRentalsSaleLeasebackTransactionsDueInRollingAfterYearFive' xlink:type='locator' />
<link:loc xlink:href='../elts/us-gaap-2013-01-31.xsd#us-gaap_FutureMinimumSubleaseRentalsSaleLeasebackTransactionsDueInRollingYearFive' xlink:label='loc_FutureMinimumSubleaseRentalsSaleLeasebackTransactionsDueInRollingYearFive' xlink:type='locator' />
<link:loc xlink:href='../elts/us-gaap-2013-01-31.xsd#us-gaap_FutureMinimumSubleaseRentalsSaleLeasebackTransactionsDueInRollingYearFour' xlink:label='loc_FutureMinimumSubleaseRentalsSaleLeasebackTransactionsDueInRollingYearFour' xlink:type='locator' />
<link:loc xlink:href='../elts/us-gaap-2013-01-31.xsd#us-gaap_FutureMinimumSubleaseRentalsSaleLeasebackTransactionsDueInRollingYearThree' xlink:label='loc_FutureMinimumSubleaseRentalsSaleLeasebackTransactionsDueInRollingYearThree' xlink:type='locator' />
<link:loc xlink:href='../elts/us-gaap-2013-01-31.xsd#us-gaap_FutureMinimumSubleaseRentalsSaleLeasebackTransactionsDueInRollingYearTwo' xlink:label='loc_FutureMinimumSubleaseRentalsSaleLeasebackTransactionsDueInRollingYearTwo' xlink:type='locator' />
<link:loc xlink:href='../elts/us-gaap-2013-01-31.xsd#us-gaap_FutureMinimumSubleaseRentalsSaleLeasebackTransactionsNextRollingTwelveMonths' xlink:label='loc_FutureMinimumSubleaseRentalsSaleLeasebackTransactionsNextRollingTwelveMonths' xlink:type='locator' />
<link:loc xlink:href='../elts/us-gaap-2013-01-31.xsd#us-gaap_OperatingLeasesFutureMinimumPaymentsDue' xlink:label='loc_OperatingLeasesFutureMinimumPaymentsDue' xlink:type='locator' />
<link:loc xlink:href='../elts/us-gaap-2013-01-31.xsd#us-gaap_OperatingLeasesFutureMinimumPaymentsDueInRollingAfterYearFive' xlink:label='loc_OperatingLeasesFutureMinimumPaymentsDueInRollingAfterYearFive' xlink:type='locator' />
<link:loc xlink:href='../elts/us-gaap-2013-01-31.xsd#us-gaap_OperatingLeasesFutureMinimumPaymentsDueInRollingYearFourAndFive' xlink:label='loc_OperatingLeasesFutureMinimumPaymentsDueInRollingYearFourAndFive' xlink:type='locator' />
<link:loc xlink:href='../elts/us-gaap-2013-01-31.xsd#us-gaap_OperatingLeasesFutureMinimumPaymentsDueInRollingYearFive' xlink:label='loc_OperatingLeasesFutureMinimumPaymentsDueInRollingYearFive' xlink:type='locator' />
<link:loc xlink:href='../elts/us-gaap-2013-01-31.xsd#us-gaap_OperatingLeasesFutureMinimumPaymentsDueInRollingYearFour' xlink:label='loc_OperatingLeasesFutureMinimumPaymentsDueInRollingYearFour' xlink:type='locator' />
<link:loc xlink:href='../elts/us-gaap-2013-01-31.xsd#us-gaap_OperatingLeasesFutureMinimumPaymentsDueInRollingYearTwoAndThree' xlink:label='loc_OperatingLeasesFutureMinimumPaymentsDueInRollingYearTwoAndThree' xlink:type='locator' />
<link:loc xlink:href='../elts/us-gaap-2013-01-31.xsd#us-gaap_OperatingLeasesFutureMinimumPaymentsDueInRollingYearThree' xlink:label='loc_OperatingLeasesFutureMinimumPaymentsDueInRollingYearThree' xlink:type='locator' />
<link:loc xlink:href='../elts/us-gaap-2013-01-31.xsd#us-gaap_OperatingLeasesFutureMinimumPaymentsDueInRollingYearTwo' xlink:label='loc_OperatingLeasesFutureMinimumPaymentsDueInRollingYearTwo' xlink:type='locator' />
<link:loc xlink:href='../elts/us-gaap-2013-01-31.xsd#us-gaap_OperatingLeasesFutureMinimumPaymentsNextRollingTwelveMonths' xlink:label='loc_OperatingLeasesFutureMinimumPaymentsNextRollingTwelveMonths' xlink:type='locator' />
<link:loc xlink:href='../elts/us-gaap-2013-01-31.xsd#us-gaap_PresentValueOfFutureMinimumLeasePaymentsSaleLeasebackTransactions' xlink:label='loc_PresentValueOfFutureMinimumLeasePaymentsSaleLeasebackTransactions' xlink:type='locator' />
<link:loc xlink:href='../elts/us-gaap-2013-01-31.xsd#us-gaap_InterestPortionOfMinimumLeasePaymentsSaleLeasebackTransactions' xlink:label='loc_InterestPortionOfMinimumLeasePaymentsSaleLeasebackTransactions' xlink:type='locator' />
<link:loc xlink:href='../elts/us-gaap-2013-01-31.xsd#us-gaap_MinimumLeasePaymentsSaleLeasebackTransactions' xlink:label='loc_MinimumLeasePaymentsSaleLeasebackTransactions' xlink:type='locator' />
<link:loc xlink:href='../elts/us-gaap-2013-01-31.xsd#us-gaap_MinimumLeasePaymentsSaleLeasebackTransactionsDueInRollingAfterYearFive' xlink:label='loc_MinimumLeasePaymentsSaleLeasebackTransactionsDueInRollingAfterYearFive' xlink:type='locator' />
<link:loc xlink:href='../elts/us-gaap-2013-01-31.xsd#us-gaap_MinimumLeasePaymentsSaleLeasebackTransactionsDueInRollingYearFive' xlink:label='loc_MinimumLeasePaymentsSaleLeasebackTransactionsDueInRollingYearFive' xlink:type='locator' />
<link:loc xlink:href='../elts/us-gaap-2013-01-31.xsd#us-gaap_MinimumLeasePaymentsSaleLeasebackTransactionsDueInRollingYearFour' xlink:label='loc_MinimumLeasePaymentsSaleLeasebackTransactionsDueInRollingYearFour' xlink:type='locator' />
<link:loc xlink:href='../elts/us-gaap-2013-01-31.xsd#us-gaap_MinimumLeasePaymentsSaleLeasebackTransactionsDueInRollingYearThree' xlink:label='loc_MinimumLeasePaymentsSaleLeasebackTransactionsDueInRollingYearThree' xlink:type='locator' />
<link:loc xlink:href='../elts/us-gaap-2013-01-31.xsd#us-gaap_MinimumLeasePaymentsSaleLeasebackTransactionsDueInRollingYearTwo' xlink:label='loc_MinimumLeasePaymentsSaleLeasebackTransactionsDueInRollingYearTwo' xlink:type='locator' />
<link:loc xlink:href='../elts/us-gaap-2013-01-31.xsd#us-gaap_MinimumLeasePaymentsSaleLeasebackTransactionsNextRollingTwelveMonths' xlink:label='loc_MinimumLeasePaymentsSaleLeasebackTransactionsNextRollingTwelveMonths' xlink:type='locator' />
<link:calculationArc order='10' weight='1.0' xlink:arcrole='http://www.xbrl.org/2003/arcrole/summation-item' xlink:from='loc_CapitalLeasesFutureMinimumPaymentsReceivable' xlink:to='loc_CapitalLeasesFutureMinimumPaymentsReceivableDueInRollingAfterYearFive' xlink:type='arc' />
<link:calculationArc order='20' weight='1.0' xlink:arcrole='http://www.xbrl.org/2003/arcrole/summation-item' xlink:from='loc_CapitalLeasesFutureMinimumPaymentsReceivable' xlink:to='loc_CapitalLeasesFutureMinimumPaymentsReceivableDueInRollingYearFive' xlink:type='arc' />
<link:calculationArc order='30' weight='1.0' xlink:arcrole='http://www.xbrl.org/2003/arcrole/summation-item' xlink:from='loc_CapitalLeasesFutureMinimumPaymentsReceivable' xlink:to='loc_CapitalLeasesFutureMinimumPaymentsReceivableDueInRollingYearFour' xlink:type='arc' />
<link:calculationArc order='40' weight='1.0' xlink:arcrole='http://www.xbrl.org/2003/arcrole/summation-item' xlink:from='loc_CapitalLeasesFutureMinimumPaymentsReceivable' xlink:to='loc_CapitalLeasesFutureMinimumPaymentsReceivableDueInRollingYearThree' xlink:type='arc' />
<link:calculationArc order='50' weight='1.0' xlink:arcrole='http://www.xbrl.org/2003/arcrole/summation-item' xlink:from='loc_CapitalLeasesFutureMinimumPaymentsReceivable' xlink:to='loc_CapitalLeasesFutureMinimumPaymentsReceivableDueInRollingYearTwo' xlink:type='arc' />
<link:calculationArc order='60' weight='1.0' xlink:arcrole='http://www.xbrl.org/2003/arcrole/summation-item' xlink:from='loc_CapitalLeasesFutureMinimumPaymentsReceivable' xlink:to='loc_CapitalLeasesFutureMinimumPaymentsReceivableNextRollingTwelveMonths' xlink:type='arc' />
<link:calculationArc order='10' weight='-1.0' xlink:arcrole='http://www.xbrl.org/2003/arcrole/summation-item' xlink:from='loc_CapitalLeasesFutureMinimumPaymentsPresentValueOfNetMinimumPayments' xlink:to='loc_CapitalLeasesFutureMinimumPaymentsInterestIncludedInPayments' xlink:type='arc' />
<link:calculationArc order='20' weight='1.0' xlink:arcrole='http://www.xbrl.org/2003/arcrole/summation-item' xlink:from='loc_CapitalLeasesFutureMinimumPaymentsPresentValueOfNetMinimumPayments' xlink:to='loc_CapitalLeasesFutureMinimumPaymentsNetMinimumPayments1' xlink:type='arc' />
<link:calculationArc order='10' weight='-1.0' xlink:arcrole='http://www.xbrl.org/2003/arcrole/summation-item' xlink:from='loc_CapitalLeasesFutureMinimumPaymentsNetMinimumPayments1' xlink:to='loc_CapitalLeasesFutureMinimumPaymentsExecutoryCosts' xlink:type='arc' />
<link:calculationArc order='20' weight='1.0' xlink:arcrole='http://www.xbrl.org/2003/arcrole/summation-item' xlink:from='loc_CapitalLeasesFutureMinimumPaymentsNetMinimumPayments1' xlink:to='loc_CapitalLeasesFutureMinimumPaymentsDue' xlink:type='arc' />
<link:calculationArc order='10' weight='1.0' xlink:arcrole='http://www.xbrl.org/2003/arcrole/summation-item' xlink:from='loc_CapitalLeasesFutureMinimumPaymentsDue' xlink:to='loc_CapitalLeasesFutureMinimumPaymentsNextRollingTwelveMonths' xlink:type='arc' />
<link:calculationArc order='20' weight='1.0' xlink:arcrole='http://www.xbrl.org/2003/arcrole/summation-item' xlink:from='loc_CapitalLeasesFutureMinimumPaymentsDue' xlink:to='loc_CapitalLeasesFutureMinimumPaymentsDueInRollingYearTwoAndThree' xlink:type='arc' />
<link:calculationArc order='10' weight='1.0' xlink:arcrole='http://www.xbrl.org/2003/arcrole/summation-item' xlink:from='loc_CapitalLeasesFutureMinimumPaymentsDueInRollingYearTwoAndThree' xlink:to='loc_CapitalLeasesFutureMinimumPaymentsDueInRollingYearTwo' xlink:type='arc' />
<link:calculationArc order='20' weight='1.0' xlink:arcrole='http://www.xbrl.org/2003/arcrole/summation-item' xlink:from='loc_CapitalLeasesFutureMinimumPaymentsDueInRollingYearTwoAndThree' xlink:to='loc_CapitalLeasesFutureMinimumPaymentsDueInRollingYearThree' xlink:type='arc' />
<link:calculationArc order='30' weight='1.0' xlink:arcrole='http://www.xbrl.org/2003/arcrole/summation-item' xlink:from='loc_CapitalLeasesFutureMinimumPaymentsDue' xlink:to='loc_CapitalLeasesFutureMinimumPaymentsDueInRollingYearFourAndFive' xlink:type='arc' />
<link:calculationArc order='10' weight='1.0' xlink:arcrole='http://www.xbrl.org/2003/arcrole/summation-item' xlink:from='loc_CapitalLeasesFutureMinimumPaymentsDueInRollingYearFourAndFive' xlink:to='loc_CapitalLeasesFutureMinimumPaymentsDueInRollingYearFour' xlink:type='arc' />
<link:calculationArc order='20' weight='1.0' xlink:arcrole='http://www.xbrl.org/2003/arcrole/summation-item' xlink:from='loc_CapitalLeasesFutureMinimumPaymentsDueInRollingYearFourAndFive' xlink:to='loc_CapitalLeasesFutureMinimumPaymentsDueInRollingYearFive' xlink:type='arc' />
<link:calculationArc order='40' weight='1.0' xlink:arcrole='http://www.xbrl.org/2003/arcrole/summation-item' xlink:from='loc_CapitalLeasesFutureMinimumPaymentsDue' xlink:to='loc_CapitalLeasesFutureMinimumPaymentsDueInRollingAfterYearFive' xlink:type='arc' />
<link:calculationArc order='10' weight='1.0' xlink:arcrole='http://www.xbrl.org/2003/arcrole/summation-item' xlink:from='loc_FutureMinimumSubleaseRentalsSaleLeasebackTransactions' xlink:to='loc_FutureMinimumSubleaseRentalsSaleLeasebackTransactionsDueInRollingAfterYearFive' xlink:type='arc' />
<link:calculationArc order='20' weight='1.0' xlink:arcrole='http://www.xbrl.org/2003/arcrole/summation-item' xlink:from='loc_FutureMinimumSubleaseRentalsSaleLeasebackTransactions' xlink:to='loc_FutureMinimumSubleaseRentalsSaleLeasebackTransactionsDueInRollingYearFive' xlink:type='arc' />
<link:calculationArc order='30' weight='1.0' xlink:arcrole='http://www.xbrl.org/2003/arcrole/summation-item' xlink:from='loc_FutureMinimumSubleaseRentalsSaleLeasebackTransactions' xlink:to='loc_FutureMinimumSubleaseRentalsSaleLeasebackTransactionsDueInRollingYearFour' xlink:type='arc' />
<link:calculationArc order='40' weight='1.0' xlink:arcrole='http://www.xbrl.org/2003/arcrole/summation-item' xlink:from='loc_FutureMinimumSubleaseRentalsSaleLeasebackTransactions' xlink:to='loc_FutureMinimumSubleaseRentalsSaleLeasebackTransactionsDueInRollingYearThree' xlink:type='arc' />
<link:calculationArc order='50' weight='1.0' xlink:arcrole='http://www.xbrl.org/2003/arcrole/summation-item' xlink:from='loc_FutureMinimumSubleaseRentalsSaleLeasebackTransactions' xlink:to='loc_FutureMinimumSubleaseRentalsSaleLeasebackTransactionsDueInRollingYearTwo' xlink:type='arc' />
<link:calculationArc order='60' weight='1.0' xlink:arcrole='http://www.xbrl.org/2003/arcrole/summation-item' xlink:from='loc_FutureMinimumSubleaseRentalsSaleLeasebackTransactions' xlink:to='loc_FutureMinimumSubleaseRentalsSaleLeasebackTransactionsNextRollingTwelveMonths' xlink:type='arc' />
<link:calculationArc order='10' weight='1.0' xlink:arcrole='http://www.xbrl.org/2003/arcrole/summation-item' xlink:from='loc_OperatingLeasesFutureMinimumPaymentsDue' xlink:to='loc_OperatingLeasesFutureMinimumPaymentsDueInRollingAfterYearFive' xlink:type='arc' />
<link:calculationArc order='20' weight='1.0' xlink:arcrole='http://www.xbrl.org/2003/arcrole/summation-item' xlink:from='loc_OperatingLeasesFutureMinimumPaymentsDue' xlink:to='loc_OperatingLeasesFutureMinimumPaymentsDueInRollingYearFourAndFive' xlink:type='arc' />
<link:calculationArc order='10' weight='1.0' xlink:arcrole='http://www.xbrl.org/2003/arcrole/summation-item' xlink:from='loc_OperatingLeasesFutureMinimumPaymentsDueInRollingYearFourAndFive' xlink:to='loc_OperatingLeasesFutureMinimumPaymentsDueInRollingYearFive' xlink:type='arc' />
<link:calculationArc order='20' weight='1.0' xlink:arcrole='http://www.xbrl.org/2003/arcrole/summation-item' xlink:from='loc_OperatingLeasesFutureMinimumPaymentsDueInRollingYearFourAndFive' xlink:to='loc_OperatingLeasesFutureMinimumPaymentsDueInRollingYearFour' xlink:type='arc' />
<link:calculationArc order='30' weight='1.0' xlink:arcrole='http://www.xbrl.org/2003/arcrole/summation-item' xlink:from='loc_OperatingLeasesFutureMinimumPaymentsDue' xlink:to='loc_OperatingLeasesFutureMinimumPaymentsDueInRollingYearTwoAndThree' xlink:type='arc' />
<link:calculationArc order='10' weight='1.0' xlink:arcrole='http://www.xbrl.org/2003/arcrole/summation-item' xlink:from='loc_OperatingLeasesFutureMinimumPaymentsDueInRollingYearTwoAndThree' xlink:to='loc_OperatingLeasesFutureMinimumPaymentsDueInRollingYearThree' xlink:type='arc' />
<link:calculationArc order='20' weight='1.0' xlink:arcrole='http://www.xbrl.org/2003/arcrole/summation-item' xlink:from='loc_OperatingLeasesFutureMinimumPaymentsDueInRollingYearTwoAndThree' xlink:to='loc_OperatingLeasesFutureMinimumPaymentsDueInRollingYearTwo' xlink:type='arc' />
<link:calculationArc order='40' weight='1.0' xlink:arcrole='http://www.xbrl.org/2003/arcrole/summation-item' xlink:from='loc_OperatingLeasesFutureMinimumPaymentsDue' xlink:to='loc_OperatingLeasesFutureMinimumPaymentsNextRollingTwelveMonths' xlink:type='arc' />
<link:calculationArc order='10' weight='-1.0' xlink:arcrole='http://www.xbrl.org/2003/arcrole/summation-item' xlink:from='loc_PresentValueOfFutureMinimumLeasePaymentsSaleLeasebackTransactions' xlink:to='loc_InterestPortionOfMinimumLeasePaymentsSaleLeasebackTransactions' xlink:type='arc' />
<link:calculationArc order='20' weight='1.0' xlink:arcrole='http://www.xbrl.org/2003/arcrole/summation-item' xlink:from='loc_PresentValueOfFutureMinimumLeasePaymentsSaleLeasebackTransactions' xlink:to='loc_MinimumLeasePaymentsSaleLeasebackTransactions' xlink:type='arc' />
<link:calculationArc order='10' weight='1.0' xlink:arcrole='http://www.xbrl.org/2003/arcrole/summation-item' xlink:from='loc_MinimumLeasePaymentsSaleLeasebackTransactions' xlink:to='loc_MinimumLeasePaymentsSaleLeasebackTransactionsDueInRollingAfterYearFive' xlink:type='arc' />
<link:calculationArc order='20' weight='1.0' xlink:arcrole='http://www.xbrl.org/2003/arcrole/summation-item' xlink:from='loc_MinimumLeasePaymentsSaleLeasebackTransactions' xlink:to='loc_MinimumLeasePaymentsSaleLeasebackTransactionsDueInRollingYearFive' xlink:type='arc' />
<link:calculationArc order='30' weight='1.0' xlink:arcrole='http://www.xbrl.org/2003/arcrole/summation-item' xlink:from='loc_MinimumLeasePaymentsSaleLeasebackTransactions' xlink:to='loc_MinimumLeasePaymentsSaleLeasebackTransactionsDueInRollingYearFour' xlink:type='arc' />
<link:calculationArc order='40' weight='1.0' xlink:arcrole='http://www.xbrl.org/2003/arcrole/summation-item' xlink:from='loc_MinimumLeasePaymentsSaleLeasebackTransactions' xlink:to='loc_MinimumLeasePaymentsSaleLeasebackTransactionsDueInRollingYearThree' xlink:type='arc' />
<link:calculationArc order='50' weight='1.0' xlink:arcrole='http://www.xbrl.org/2003/arcrole/summation-item' xlink:from='loc_MinimumLeasePaymentsSaleLeasebackTransactions' xlink:to='loc_MinimumLeasePaymentsSaleLeasebackTransactionsDueInRollingYearTwo' xlink:type='arc' />
<link:calculationArc order='60' weight='1.0' xlink:arcrole='http://www.xbrl.org/2003/arcrole/summation-item' xlink:from='loc_MinimumLeasePaymentsSaleLeasebackTransactions' xlink:to='loc_MinimumLeasePaymentsSaleLeasebackTransactionsNextRollingTwelveMonths' xlink:type='arc' />
</link:calculationLink>
</link:linkbase>
