<?xml version='1.0' encoding='UTF-8'?>

<!--
(c) XBRL US, Inc. 2007-2010; Financial Accounting Foundation, Inc. 2010-2013.  All Rights Reserved.
Notice: Authorized Uses are Set Forth at http://xbrl.fasb.org/terms/TaxonomiesTermsConditions.html
  -->
<link:linkbase xmlns:link='http://www.xbrl.org/2003/linkbase' xmlns:xbrldt='http://xbrl.org/2005/xbrldt' xmlns:xlink='http://www.w3.org/1999/xlink' xmlns:xsi='http://www.w3.org/2001/XMLSchema-instance' xsi:schemaLocation='http://www.xbrl.org/2003/linkbase http://www.xbrl.org/2003/xbrl-linkbase-2003-12-31.xsd'>
<link:roleRef roleURI='http://fasb.org/us-gaap/role/disclosure/RealEstateCalcAlt1' xlink:href='../elts/us-roles-2013-01-31.xsd#re1' xlink:type='simple' />
<link:calculationLink xlink:role='http://fasb.org/us-gaap/role/disclosure/RealEstateCalcAlt1' xlink:type='extended'>
<link:loc xlink:href='../elts/us-gaap-2013-01-31.xsd#us-gaap_BelowMarketLeaseNet' xlink:label='loc_BelowMarketLeaseNet' xlink:type='locator' />
<link:loc xlink:href='../elts/us-gaap-2013-01-31.xsd#us-gaap_BelowMarketLeaseAmortizationIncomeNextTwelveMonths' xlink:label='loc_BelowMarketLeaseAmortizationIncomeNextTwelveMonths' xlink:type='locator' />
<link:loc xlink:href='../elts/us-gaap-2013-01-31.xsd#us-gaap_BelowMarketLeaseAmortizationIncomeYearTwo' xlink:label='loc_BelowMarketLeaseAmortizationIncomeYearTwo' xlink:type='locator' />
<link:loc xlink:href='../elts/us-gaap-2013-01-31.xsd#us-gaap_BelowMarketLeaseAmortizationIncomeYearThree' xlink:label='loc_BelowMarketLeaseAmortizationIncomeYearThree' xlink:type='locator' />
<link:loc xlink:href='../elts/us-gaap-2013-01-31.xsd#us-gaap_BelowMarketLeaseAmortizationIncomeYearFour' xlink:label='loc_BelowMarketLeaseAmortizationIncomeYearFour' xlink:type='locator' />
<link:loc xlink:href='../elts/us-gaap-2013-01-31.xsd#us-gaap_BelowMarketLeaseAmortizationIncomeYearFive' xlink:label='loc_BelowMarketLeaseAmortizationIncomeYearFive' xlink:type='locator' />
<link:loc xlink:href='../elts/us-gaap-2013-01-31.xsd#us-gaap_BelowMarketLeaseAmortizationIncomeAfterYearFive' xlink:label='loc_BelowMarketLeaseAmortizationIncomeAfterYearFive' xlink:type='locator' />
<link:calculationArc order='10' weight='1.0' xlink:arcrole='http://www.xbrl.org/2003/arcrole/summation-item' xlink:from='loc_BelowMarketLeaseNet' xlink:to='loc_BelowMarketLeaseAmortizationIncomeNextTwelveMonths' xlink:type='arc' />
<link:calculationArc order='20' weight='1.0' xlink:arcrole='http://www.xbrl.org/2003/arcrole/summation-item' xlink:from='loc_BelowMarketLeaseNet' xlink:to='loc_BelowMarketLeaseAmortizationIncomeYearTwo' xlink:type='arc' />
<link:calculationArc order='30' weight='1.0' xlink:arcrole='http://www.xbrl.org/2003/arcrole/summation-item' xlink:from='loc_BelowMarketLeaseNet' xlink:to='loc_BelowMarketLeaseAmortizationIncomeYearThree' xlink:type='arc' />
<link:calculationArc order='40' weight='1.0' xlink:arcrole='http://www.xbrl.org/2003/arcrole/summation-item' xlink:from='loc_BelowMarketLeaseNet' xlink:to='loc_BelowMarketLeaseAmortizationIncomeYearFour' xlink:type='arc' />
<link:calculationArc order='50' weight='1.0' xlink:arcrole='http://www.xbrl.org/2003/arcrole/summation-item' xlink:from='loc_BelowMarketLeaseNet' xlink:to='loc_BelowMarketLeaseAmortizationIncomeYearFive' xlink:type='arc' />
<link:calculationArc order='60' weight='1.0' xlink:arcrole='http://www.xbrl.org/2003/arcrole/summation-item' xlink:from='loc_BelowMarketLeaseNet' xlink:to='loc_BelowMarketLeaseAmortizationIncomeAfterYearFive' xlink:type='arc' />
</link:calculationLink>
</link:linkbase>
