<?xml version='1.0' encoding='UTF-8'?>

<!--
(c) XBRL US, Inc. 2007-2010; Financial Accounting Foundation, Inc. 2010-2013.  All Rights Reserved.
Notice: Authorized Uses are Set Forth at http://xbrl.fasb.org/terms/TaxonomiesTermsConditions.html
  -->
<link:linkbase xmlns:link='http://www.xbrl.org/2003/linkbase' xmlns:xbrldt='http://xbrl.org/2005/xbrldt' xmlns:xlink='http://www.w3.org/1999/xlink' xmlns:xsi='http://www.w3.org/2001/XMLSchema-instance' xsi:schemaLocation='http://www.xbrl.org/2003/linkbase http://www.xbrl.org/2003/xbrl-linkbase-2003-12-31.xsd'>
<link:roleRef roleURI='http://fasb.org/us-gaap/role/disclosure/IntangibleAssetsGoodwillAndOtherAlternativeCalculations' xlink:href='../elts/us-roles-2013-01-31.xsd#iago1' xlink:type='simple' />
<link:calculationLink xlink:role='http://fasb.org/us-gaap/role/disclosure/IntangibleAssetsGoodwillAndOtherAlternativeCalculations' xlink:type='extended'>
<link:loc xlink:href='../elts/us-gaap-2013-01-31.xsd#us-gaap_IntangibleAssetsNetExcludingGoodwill' xlink:label='loc_IntangibleAssetsNetExcludingGoodwill' xlink:type='locator' />
<link:loc xlink:href='../elts/us-gaap-2013-01-31.xsd#us-gaap_IntangibleAssetsGrossExcludingGoodwill' xlink:label='loc_IntangibleAssetsGrossExcludingGoodwill' xlink:type='locator' />
<link:loc xlink:href='../elts/us-gaap-2013-01-31.xsd#us-gaap_IndefiniteLivedIntangibleAssetsExcludingGoodwill' xlink:label='loc_IndefiniteLivedIntangibleAssetsExcludingGoodwill' xlink:type='locator' />
<link:loc xlink:href='../elts/us-gaap-2013-01-31.xsd#us-gaap_IndefiniteLivedContractualRights' xlink:label='loc_IndefiniteLivedContractualRights' xlink:type='locator' />
<link:loc xlink:href='../elts/us-gaap-2013-01-31.xsd#us-gaap_IndefiniteLivedFranchiseRights' xlink:label='loc_IndefiniteLivedFranchiseRights' xlink:type='locator' />
<link:loc xlink:href='../elts/us-gaap-2013-01-31.xsd#us-gaap_IndefiniteLivedLicenseAgreements' xlink:label='loc_IndefiniteLivedLicenseAgreements' xlink:type='locator' />
<link:loc xlink:href='../elts/us-gaap-2013-01-31.xsd#us-gaap_IndefiniteLivedTrademarks' xlink:label='loc_IndefiniteLivedTrademarks' xlink:type='locator' />
<link:loc xlink:href='../elts/us-gaap-2013-01-31.xsd#us-gaap_IndefiniteLivedTradeNames' xlink:label='loc_IndefiniteLivedTradeNames' xlink:type='locator' />
<link:loc xlink:href='../elts/us-gaap-2013-01-31.xsd#us-gaap_OtherIndefiniteLivedIntangibleAssets' xlink:label='loc_OtherIndefiniteLivedIntangibleAssets' xlink:type='locator' />
<link:loc xlink:href='../elts/us-gaap-2013-01-31.xsd#us-gaap_FiniteLivedIntangibleAssetsGross' xlink:label='loc_FiniteLivedIntangibleAssetsGross' xlink:type='locator' />
<link:loc xlink:href='../elts/us-gaap-2013-01-31.xsd#us-gaap_CapitalizedComputerSoftwareGross' xlink:label='loc_CapitalizedComputerSoftwareGross' xlink:type='locator' />
<link:loc xlink:href='../elts/us-gaap-2013-01-31.xsd#us-gaap_FiniteLivedContractualRightsGross' xlink:label='loc_FiniteLivedContractualRightsGross' xlink:type='locator' />
<link:loc xlink:href='../elts/us-gaap-2013-01-31.xsd#us-gaap_FiniteLivedCustomerListsGross' xlink:label='loc_FiniteLivedCustomerListsGross' xlink:type='locator' />
<link:loc xlink:href='../elts/us-gaap-2013-01-31.xsd#us-gaap_FiniteLivedCustomerRelationshipsGross' xlink:label='loc_FiniteLivedCustomerRelationshipsGross' xlink:type='locator' />
<link:loc xlink:href='../elts/us-gaap-2013-01-31.xsd#us-gaap_FiniteLivedLicenseAgreementsGross' xlink:label='loc_FiniteLivedLicenseAgreementsGross' xlink:type='locator' />
<link:loc xlink:href='../elts/us-gaap-2013-01-31.xsd#us-gaap_FiniteLivedNoncompeteAgreementsGross' xlink:label='loc_FiniteLivedNoncompeteAgreementsGross' xlink:type='locator' />
<link:loc xlink:href='../elts/us-gaap-2013-01-31.xsd#us-gaap_FiniteLivedIntangibleAssetOffMarketLeaseFavorableGross' xlink:label='loc_FiniteLivedIntangibleAssetOffMarketLeaseFavorableGross' xlink:type='locator' />
<link:loc xlink:href='../elts/us-gaap-2013-01-31.xsd#us-gaap_FiniteLivedPatentsGross' xlink:label='loc_FiniteLivedPatentsGross' xlink:type='locator' />
<link:loc xlink:href='../elts/us-gaap-2013-01-31.xsd#us-gaap_FiniteLivedTrademarksGross' xlink:label='loc_FiniteLivedTrademarksGross' xlink:type='locator' />
<link:loc xlink:href='../elts/us-gaap-2013-01-31.xsd#us-gaap_FiniteLivedTradeNamesGross' xlink:label='loc_FiniteLivedTradeNamesGross' xlink:type='locator' />
<link:loc xlink:href='../elts/us-gaap-2013-01-31.xsd#us-gaap_FiniteLivedIntangibleAssetAcquiredInPlaceLeases' xlink:label='loc_FiniteLivedIntangibleAssetAcquiredInPlaceLeases' xlink:type='locator' />
<link:loc xlink:href='../elts/us-gaap-2013-01-31.xsd#us-gaap_FiniteLivedCoreDepositsGross' xlink:label='loc_FiniteLivedCoreDepositsGross' xlink:type='locator' />
<link:loc xlink:href='../elts/us-gaap-2013-01-31.xsd#us-gaap_OtherFiniteLivedIntangibleAssetsGross' xlink:label='loc_OtherFiniteLivedIntangibleAssetsGross' xlink:type='locator' />
<link:loc xlink:href='../elts/us-gaap-2013-01-31.xsd#us-gaap_FiniteLivedIntangibleAssetsAccumulatedAmortization' xlink:label='loc_FiniteLivedIntangibleAssetsAccumulatedAmortization' xlink:type='locator' />
<link:calculationArc order='10' weight='1.0' xlink:arcrole='http://www.xbrl.org/2003/arcrole/summation-item' xlink:from='loc_IntangibleAssetsNetExcludingGoodwill' xlink:to='loc_IntangibleAssetsGrossExcludingGoodwill' xlink:type='arc' />
<link:calculationArc order='10' weight='1.0' xlink:arcrole='http://www.xbrl.org/2003/arcrole/summation-item' xlink:from='loc_IntangibleAssetsGrossExcludingGoodwill' xlink:to='loc_IndefiniteLivedIntangibleAssetsExcludingGoodwill' xlink:type='arc' />
<link:calculationArc order='10' weight='1.0' xlink:arcrole='http://www.xbrl.org/2003/arcrole/summation-item' xlink:from='loc_IndefiniteLivedIntangibleAssetsExcludingGoodwill' xlink:to='loc_IndefiniteLivedContractualRights' xlink:type='arc' />
<link:calculationArc order='20' weight='1.0' xlink:arcrole='http://www.xbrl.org/2003/arcrole/summation-item' xlink:from='loc_IndefiniteLivedIntangibleAssetsExcludingGoodwill' xlink:to='loc_IndefiniteLivedFranchiseRights' xlink:type='arc' />
<link:calculationArc order='30' weight='1.0' xlink:arcrole='http://www.xbrl.org/2003/arcrole/summation-item' xlink:from='loc_IndefiniteLivedIntangibleAssetsExcludingGoodwill' xlink:to='loc_IndefiniteLivedLicenseAgreements' xlink:type='arc' />
<link:calculationArc order='40' weight='1.0' xlink:arcrole='http://www.xbrl.org/2003/arcrole/summation-item' xlink:from='loc_IndefiniteLivedIntangibleAssetsExcludingGoodwill' xlink:to='loc_IndefiniteLivedTrademarks' xlink:type='arc' />
<link:calculationArc order='50' weight='1.0' xlink:arcrole='http://www.xbrl.org/2003/arcrole/summation-item' xlink:from='loc_IndefiniteLivedIntangibleAssetsExcludingGoodwill' xlink:to='loc_IndefiniteLivedTradeNames' xlink:type='arc' />
<link:calculationArc order='60' weight='1.0' xlink:arcrole='http://www.xbrl.org/2003/arcrole/summation-item' xlink:from='loc_IndefiniteLivedIntangibleAssetsExcludingGoodwill' xlink:to='loc_OtherIndefiniteLivedIntangibleAssets' xlink:type='arc' />
<link:calculationArc order='20' weight='1.0' xlink:arcrole='http://www.xbrl.org/2003/arcrole/summation-item' xlink:from='loc_IntangibleAssetsGrossExcludingGoodwill' xlink:to='loc_FiniteLivedIntangibleAssetsGross' xlink:type='arc' />
<link:calculationArc order='10' weight='1.0' xlink:arcrole='http://www.xbrl.org/2003/arcrole/summation-item' xlink:from='loc_FiniteLivedIntangibleAssetsGross' xlink:to='loc_CapitalizedComputerSoftwareGross' xlink:type='arc' />
<link:calculationArc order='20' weight='1.0' xlink:arcrole='http://www.xbrl.org/2003/arcrole/summation-item' xlink:from='loc_FiniteLivedIntangibleAssetsGross' xlink:to='loc_FiniteLivedContractualRightsGross' xlink:type='arc' />
<link:calculationArc order='30' weight='1.0' xlink:arcrole='http://www.xbrl.org/2003/arcrole/summation-item' xlink:from='loc_FiniteLivedIntangibleAssetsGross' xlink:to='loc_FiniteLivedCustomerListsGross' xlink:type='arc' />
<link:calculationArc order='40' weight='1.0' xlink:arcrole='http://www.xbrl.org/2003/arcrole/summation-item' xlink:from='loc_FiniteLivedIntangibleAssetsGross' xlink:to='loc_FiniteLivedCustomerRelationshipsGross' xlink:type='arc' />
<link:calculationArc order='50' weight='1.0' xlink:arcrole='http://www.xbrl.org/2003/arcrole/summation-item' xlink:from='loc_FiniteLivedIntangibleAssetsGross' xlink:to='loc_FiniteLivedLicenseAgreementsGross' xlink:type='arc' />
<link:calculationArc order='60' weight='1.0' xlink:arcrole='http://www.xbrl.org/2003/arcrole/summation-item' xlink:from='loc_FiniteLivedIntangibleAssetsGross' xlink:to='loc_FiniteLivedNoncompeteAgreementsGross' xlink:type='arc' />
<link:calculationArc order='70' weight='1.0' xlink:arcrole='http://www.xbrl.org/2003/arcrole/summation-item' xlink:from='loc_FiniteLivedIntangibleAssetsGross' xlink:to='loc_FiniteLivedIntangibleAssetOffMarketLeaseFavorableGross' xlink:type='arc' />
<link:calculationArc order='80' weight='1.0' xlink:arcrole='http://www.xbrl.org/2003/arcrole/summation-item' xlink:from='loc_FiniteLivedIntangibleAssetsGross' xlink:to='loc_FiniteLivedPatentsGross' xlink:type='arc' />
<link:calculationArc order='90' weight='1.0' xlink:arcrole='http://www.xbrl.org/2003/arcrole/summation-item' xlink:from='loc_FiniteLivedIntangibleAssetsGross' xlink:to='loc_FiniteLivedTrademarksGross' xlink:type='arc' />
<link:calculationArc order='100' weight='1.0' xlink:arcrole='http://www.xbrl.org/2003/arcrole/summation-item' xlink:from='loc_FiniteLivedIntangibleAssetsGross' xlink:to='loc_FiniteLivedTradeNamesGross' xlink:type='arc' />
<link:calculationArc order='110' weight='1.0' xlink:arcrole='http://www.xbrl.org/2003/arcrole/summation-item' xlink:from='loc_FiniteLivedIntangibleAssetsGross' xlink:to='loc_FiniteLivedIntangibleAssetAcquiredInPlaceLeases' xlink:type='arc' />
<link:calculationArc order='120' weight='1.0' xlink:arcrole='http://www.xbrl.org/2003/arcrole/summation-item' xlink:from='loc_FiniteLivedIntangibleAssetsGross' xlink:to='loc_FiniteLivedCoreDepositsGross' xlink:type='arc' />
<link:calculationArc order='130' weight='1.0' xlink:arcrole='http://www.xbrl.org/2003/arcrole/summation-item' xlink:from='loc_FiniteLivedIntangibleAssetsGross' xlink:to='loc_OtherFiniteLivedIntangibleAssetsGross' xlink:type='arc' />
<link:calculationArc order='20' weight='-1.0' xlink:arcrole='http://www.xbrl.org/2003/arcrole/summation-item' xlink:from='loc_IntangibleAssetsNetExcludingGoodwill' xlink:to='loc_FiniteLivedIntangibleAssetsAccumulatedAmortization' xlink:type='arc' />
</link:calculationLink>
</link:linkbase>
