<?xml version='1.0' encoding='UTF-8'?>

<!--
(c) XBRL US, Inc. 2007-2010; Financial Accounting Foundation, Inc. 2010-2013.  All Rights Reserved.
Notice: Authorized Uses are Set Forth at http://xbrl.fasb.org/terms/TaxonomiesTermsConditions.html
  -->
<link:linkbase xmlns:link='http://www.xbrl.org/2003/linkbase' xmlns:xbrldt='http://xbrl.org/2005/xbrldt' xmlns:xlink='http://www.w3.org/1999/xlink' xmlns:xsi='http://www.w3.org/2001/XMLSchema-instance' xsi:schemaLocation='http://www.xbrl.org/2003/linkbase http://www.xbrl.org/2003/xbrl-linkbase-2003-12-31.xsd'>
<link:roleRef roleURI='http://fasb.org/us-gaap/role/disclosure/FinancialServicesBankingAndThriftCalc1' xlink:href='../elts/us-roles-2013-01-31.xsd#fs-bt1' xlink:type='simple' />
<link:calculationLink xlink:role='http://fasb.org/us-gaap/role/disclosure/FinancialServicesBankingAndThriftCalc1' xlink:type='extended'>
<link:loc xlink:href='../elts/us-gaap-2013-01-31.xsd#us-gaap_AdvancesFromFederalHomeLoanBanks' xlink:label='loc_AdvancesFromFederalHomeLoanBanks' xlink:type='locator' />
<link:loc xlink:href='../elts/us-gaap-2013-01-31.xsd#us-gaap_FederalHomeLoanBankAdvancesMaturitiesSummaryDueWithinOneYearOfBalanceSheetDate' xlink:label='loc_FederalHomeLoanBankAdvancesMaturitiesSummaryDueWithinOneYearOfBalanceSheetDate' xlink:type='locator' />
<link:loc xlink:href='../elts/us-gaap-2013-01-31.xsd#us-gaap_FederalHomeLoanBankAdvancesMaturitiesSummaryByInterestRateTypeFixedRateUnderOneYear' xlink:label='loc_FederalHomeLoanBankAdvancesMaturitiesSummaryByInterestRateTypeFixedRateUnderOneYear' xlink:type='locator' />
<link:loc xlink:href='../elts/us-gaap-2013-01-31.xsd#us-gaap_FederalHomeLoanBankAdvancesMaturitiesSummaryByInterestRateTypeFloatingRateUnderOneYear' xlink:label='loc_FederalHomeLoanBankAdvancesMaturitiesSummaryByInterestRateTypeFloatingRateUnderOneYear' xlink:type='locator' />
<link:loc xlink:href='../elts/us-gaap-2013-01-31.xsd#us-gaap_FederalHomeLoanBankAdvancesMaturitiesSummaryByInterestRateTypeOneToFiveYears' xlink:label='loc_FederalHomeLoanBankAdvancesMaturitiesSummaryByInterestRateTypeOneToFiveYears' xlink:type='locator' />
<link:loc xlink:href='../elts/us-gaap-2013-01-31.xsd#us-gaap_FederalHomeLoanBankAdvancesMaturitiesSummaryByInterestRateTypeFixedRateOneToFiveYears' xlink:label='loc_FederalHomeLoanBankAdvancesMaturitiesSummaryByInterestRateTypeFixedRateOneToFiveYears' xlink:type='locator' />
<link:loc xlink:href='../elts/us-gaap-2013-01-31.xsd#us-gaap_FederalHomeLoanBankAdvancesMaturitiesSummaryByInterestRateTypeFloatingRateOneToFiveYears' xlink:label='loc_FederalHomeLoanBankAdvancesMaturitiesSummaryByInterestRateTypeFloatingRateOneToFiveYears' xlink:type='locator' />
<link:loc xlink:href='../elts/us-gaap-2013-01-31.xsd#us-gaap_FederalHomeLoanBankAdvancesMaturitiesSummaryDueAfterFiveYearsOfBalanceSheetDate' xlink:label='loc_FederalHomeLoanBankAdvancesMaturitiesSummaryDueAfterFiveYearsOfBalanceSheetDate' xlink:type='locator' />
<link:loc xlink:href='../elts/us-gaap-2013-01-31.xsd#us-gaap_FederalHomeLoanBankAdvancesMaturitiesSummaryByInterestRateTypeFixedRateAfterFiveYears' xlink:label='loc_FederalHomeLoanBankAdvancesMaturitiesSummaryByInterestRateTypeFixedRateAfterFiveYears' xlink:type='locator' />
<link:loc xlink:href='../elts/us-gaap-2013-01-31.xsd#us-gaap_FederalHomeLoanBankAdvancesMaturitiesSummaryByInterestRateTypeFloatingRateAfterFiveYears' xlink:label='loc_FederalHomeLoanBankAdvancesMaturitiesSummaryByInterestRateTypeFloatingRateAfterFiveYears' xlink:type='locator' />
<link:loc xlink:href='../elts/us-gaap-2013-01-31.xsd#us-gaap_TimeDeposits' xlink:label='loc_TimeDeposits' xlink:type='locator' />
<link:loc xlink:href='../elts/us-gaap-2013-01-31.xsd#us-gaap_TimeDepositMaturitiesNextRollingTwelveMonths' xlink:label='loc_TimeDepositMaturitiesNextRollingTwelveMonths' xlink:type='locator' />
<link:loc xlink:href='../elts/us-gaap-2013-01-31.xsd#us-gaap_TimeDepositMaturitiesAfterNextRollingTwelveMonths' xlink:label='loc_TimeDepositMaturitiesAfterNextRollingTwelveMonths' xlink:type='locator' />
<link:loc xlink:href='../elts/us-gaap-2013-01-31.xsd#us-gaap_TimeDepositMaturitiesRollingYearTwo' xlink:label='loc_TimeDepositMaturitiesRollingYearTwo' xlink:type='locator' />
<link:loc xlink:href='../elts/us-gaap-2013-01-31.xsd#us-gaap_TimeDepositMaturitiesRollingYearThree' xlink:label='loc_TimeDepositMaturitiesRollingYearThree' xlink:type='locator' />
<link:loc xlink:href='../elts/us-gaap-2013-01-31.xsd#us-gaap_TimeDepositMaturitiesRollingYearFour' xlink:label='loc_TimeDepositMaturitiesRollingYearFour' xlink:type='locator' />
<link:loc xlink:href='../elts/us-gaap-2013-01-31.xsd#us-gaap_TimeDepositMaturitiesRollingYearFive' xlink:label='loc_TimeDepositMaturitiesRollingYearFive' xlink:type='locator' />
<link:loc xlink:href='../elts/us-gaap-2013-01-31.xsd#us-gaap_TimeDepositMaturitiesAfterRollingYearFive' xlink:label='loc_TimeDepositMaturitiesAfterRollingYearFive' xlink:type='locator' />
<link:calculationArc order='10' weight='1.0' xlink:arcrole='http://www.xbrl.org/2003/arcrole/summation-item' xlink:from='loc_AdvancesFromFederalHomeLoanBanks' xlink:to='loc_FederalHomeLoanBankAdvancesMaturitiesSummaryDueWithinOneYearOfBalanceSheetDate' xlink:type='arc' />
<link:calculationArc order='10' weight='1.0' xlink:arcrole='http://www.xbrl.org/2003/arcrole/summation-item' xlink:from='loc_FederalHomeLoanBankAdvancesMaturitiesSummaryDueWithinOneYearOfBalanceSheetDate' xlink:to='loc_FederalHomeLoanBankAdvancesMaturitiesSummaryByInterestRateTypeFixedRateUnderOneYear' xlink:type='arc' />
<link:calculationArc order='20' weight='1.0' xlink:arcrole='http://www.xbrl.org/2003/arcrole/summation-item' xlink:from='loc_FederalHomeLoanBankAdvancesMaturitiesSummaryDueWithinOneYearOfBalanceSheetDate' xlink:to='loc_FederalHomeLoanBankAdvancesMaturitiesSummaryByInterestRateTypeFloatingRateUnderOneYear' xlink:type='arc' />
<link:calculationArc order='20' weight='1.0' xlink:arcrole='http://www.xbrl.org/2003/arcrole/summation-item' xlink:from='loc_AdvancesFromFederalHomeLoanBanks' xlink:to='loc_FederalHomeLoanBankAdvancesMaturitiesSummaryByInterestRateTypeOneToFiveYears' xlink:type='arc' />
<link:calculationArc order='10' weight='1.0' xlink:arcrole='http://www.xbrl.org/2003/arcrole/summation-item' xlink:from='loc_FederalHomeLoanBankAdvancesMaturitiesSummaryByInterestRateTypeOneToFiveYears' xlink:to='loc_FederalHomeLoanBankAdvancesMaturitiesSummaryByInterestRateTypeFixedRateOneToFiveYears' xlink:type='arc' />
<link:calculationArc order='20' weight='1.0' xlink:arcrole='http://www.xbrl.org/2003/arcrole/summation-item' xlink:from='loc_FederalHomeLoanBankAdvancesMaturitiesSummaryByInterestRateTypeOneToFiveYears' xlink:to='loc_FederalHomeLoanBankAdvancesMaturitiesSummaryByInterestRateTypeFloatingRateOneToFiveYears' xlink:type='arc' />
<link:calculationArc order='30' weight='1.0' xlink:arcrole='http://www.xbrl.org/2003/arcrole/summation-item' xlink:from='loc_AdvancesFromFederalHomeLoanBanks' xlink:to='loc_FederalHomeLoanBankAdvancesMaturitiesSummaryDueAfterFiveYearsOfBalanceSheetDate' xlink:type='arc' />
<link:calculationArc order='10' weight='1.0' xlink:arcrole='http://www.xbrl.org/2003/arcrole/summation-item' xlink:from='loc_FederalHomeLoanBankAdvancesMaturitiesSummaryDueAfterFiveYearsOfBalanceSheetDate' xlink:to='loc_FederalHomeLoanBankAdvancesMaturitiesSummaryByInterestRateTypeFixedRateAfterFiveYears' xlink:type='arc' />
<link:calculationArc order='20' weight='1.0' xlink:arcrole='http://www.xbrl.org/2003/arcrole/summation-item' xlink:from='loc_FederalHomeLoanBankAdvancesMaturitiesSummaryDueAfterFiveYearsOfBalanceSheetDate' xlink:to='loc_FederalHomeLoanBankAdvancesMaturitiesSummaryByInterestRateTypeFloatingRateAfterFiveYears' xlink:type='arc' />
<link:calculationArc order='10' weight='1.0' xlink:arcrole='http://www.xbrl.org/2003/arcrole/summation-item' xlink:from='loc_TimeDeposits' xlink:to='loc_TimeDepositMaturitiesNextRollingTwelveMonths' xlink:type='arc' />
<link:calculationArc order='20' weight='1.0' xlink:arcrole='http://www.xbrl.org/2003/arcrole/summation-item' xlink:from='loc_TimeDeposits' xlink:to='loc_TimeDepositMaturitiesAfterNextRollingTwelveMonths' xlink:type='arc' />
<link:calculationArc order='10' weight='1.0' xlink:arcrole='http://www.xbrl.org/2003/arcrole/summation-item' xlink:from='loc_TimeDepositMaturitiesAfterNextRollingTwelveMonths' xlink:to='loc_TimeDepositMaturitiesRollingYearTwo' xlink:type='arc' />
<link:calculationArc order='20' weight='1.0' xlink:arcrole='http://www.xbrl.org/2003/arcrole/summation-item' xlink:from='loc_TimeDepositMaturitiesAfterNextRollingTwelveMonths' xlink:to='loc_TimeDepositMaturitiesRollingYearThree' xlink:type='arc' />
<link:calculationArc order='30' weight='1.0' xlink:arcrole='http://www.xbrl.org/2003/arcrole/summation-item' xlink:from='loc_TimeDepositMaturitiesAfterNextRollingTwelveMonths' xlink:to='loc_TimeDepositMaturitiesRollingYearFour' xlink:type='arc' />
<link:calculationArc order='40' weight='1.0' xlink:arcrole='http://www.xbrl.org/2003/arcrole/summation-item' xlink:from='loc_TimeDepositMaturitiesAfterNextRollingTwelveMonths' xlink:to='loc_TimeDepositMaturitiesRollingYearFive' xlink:type='arc' />
<link:calculationArc order='50' weight='1.0' xlink:arcrole='http://www.xbrl.org/2003/arcrole/summation-item' xlink:from='loc_TimeDepositMaturitiesAfterNextRollingTwelveMonths' xlink:to='loc_TimeDepositMaturitiesAfterRollingYearFive' xlink:type='arc' />
</link:calculationLink>
</link:linkbase>
