<?xml version='1.0' encoding='UTF-8'?>

<!--
(c) XBRL US, Inc. 2007-2010; Financial Accounting Foundation, Inc. 2010-2013.  All Rights Reserved.
Notice: Authorized Uses are Set Forth at http://xbrl.fasb.org/terms/TaxonomiesTermsConditions.html
  -->
<link:linkbase xmlns:link='http://www.xbrl.org/2003/linkbase' xmlns:xbrldt='http://xbrl.org/2005/xbrldt' xmlns:xlink='http://www.w3.org/1999/xlink' xmlns:xsi='http://www.w3.org/2001/XMLSchema-instance' xsi:schemaLocation='http://www.xbrl.org/2003/linkbase http://www.xbrl.org/2003/xbrl-linkbase-2003-12-31.xsd'>
<link:roleRef roleURI='http://fasb.org/us-gaap/role/disclosure/LeasesCalc2' xlink:href='../elts/us-roles-2013-01-31.xsd#lea2' xlink:type='simple' />
<link:calculationLink xlink:role='http://fasb.org/us-gaap/role/disclosure/LeasesCalc2' xlink:type='extended'>
<link:loc xlink:href='../elts/us-gaap-2013-01-31.xsd#us-gaap_CapitalLeasesFutureMinimumPaymentsNetMinimumPayments1' xlink:label='loc_CapitalLeasesFutureMinimumPaymentsNetMinimumPayments1' xlink:type='locator' />
<link:loc xlink:href='../elts/us-gaap-2013-01-31.xsd#us-gaap_CapitalLeasesFutureMinimumPaymentsDueCurrent' xlink:label='loc_CapitalLeasesFutureMinimumPaymentsDueCurrent' xlink:type='locator' />
<link:loc xlink:href='../elts/us-gaap-2013-01-31.xsd#us-gaap_CapitalLeasesFutureMinimumPaymentsDueInTwoYears' xlink:label='loc_CapitalLeasesFutureMinimumPaymentsDueInTwoYears' xlink:type='locator' />
<link:loc xlink:href='../elts/us-gaap-2013-01-31.xsd#us-gaap_CapitalLeasesFutureMinimumPaymentsDueInThreeYears' xlink:label='loc_CapitalLeasesFutureMinimumPaymentsDueInThreeYears' xlink:type='locator' />
<link:loc xlink:href='../elts/us-gaap-2013-01-31.xsd#us-gaap_CapitalLeasesFutureMinimumPaymentsDueInFourYears' xlink:label='loc_CapitalLeasesFutureMinimumPaymentsDueInFourYears' xlink:type='locator' />
<link:loc xlink:href='../elts/us-gaap-2013-01-31.xsd#us-gaap_CapitalLeasesFutureMinimumPaymentsDueInFiveYears' xlink:label='loc_CapitalLeasesFutureMinimumPaymentsDueInFiveYears' xlink:type='locator' />
<link:loc xlink:href='../elts/us-gaap-2013-01-31.xsd#us-gaap_CapitalLeasesFutureMinimumPaymentsDueThereafter' xlink:label='loc_CapitalLeasesFutureMinimumPaymentsDueThereafter' xlink:type='locator' />
<link:loc xlink:href='../elts/us-gaap-2013-01-31.xsd#us-gaap_CapitalLeasesFutureMinimumPaymentsExecutoryCosts' xlink:label='loc_CapitalLeasesFutureMinimumPaymentsExecutoryCosts' xlink:type='locator' />
<link:calculationArc order='10' weight='1.0' xlink:arcrole='http://www.xbrl.org/2003/arcrole/summation-item' xlink:from='loc_CapitalLeasesFutureMinimumPaymentsNetMinimumPayments1' xlink:to='loc_CapitalLeasesFutureMinimumPaymentsDueCurrent' xlink:type='arc' />
<link:calculationArc order='20' weight='1.0' xlink:arcrole='http://www.xbrl.org/2003/arcrole/summation-item' xlink:from='loc_CapitalLeasesFutureMinimumPaymentsNetMinimumPayments1' xlink:to='loc_CapitalLeasesFutureMinimumPaymentsDueInTwoYears' xlink:type='arc' />
<link:calculationArc order='30' weight='1.0' xlink:arcrole='http://www.xbrl.org/2003/arcrole/summation-item' xlink:from='loc_CapitalLeasesFutureMinimumPaymentsNetMinimumPayments1' xlink:to='loc_CapitalLeasesFutureMinimumPaymentsDueInThreeYears' xlink:type='arc' />
<link:calculationArc order='40' weight='1.0' xlink:arcrole='http://www.xbrl.org/2003/arcrole/summation-item' xlink:from='loc_CapitalLeasesFutureMinimumPaymentsNetMinimumPayments1' xlink:to='loc_CapitalLeasesFutureMinimumPaymentsDueInFourYears' xlink:type='arc' />
<link:calculationArc order='50' weight='1.0' xlink:arcrole='http://www.xbrl.org/2003/arcrole/summation-item' xlink:from='loc_CapitalLeasesFutureMinimumPaymentsNetMinimumPayments1' xlink:to='loc_CapitalLeasesFutureMinimumPaymentsDueInFiveYears' xlink:type='arc' />
<link:calculationArc order='60' weight='1.0' xlink:arcrole='http://www.xbrl.org/2003/arcrole/summation-item' xlink:from='loc_CapitalLeasesFutureMinimumPaymentsNetMinimumPayments1' xlink:to='loc_CapitalLeasesFutureMinimumPaymentsDueThereafter' xlink:type='arc' />
<link:calculationArc order='70' weight='-1.0' xlink:arcrole='http://www.xbrl.org/2003/arcrole/summation-item' xlink:from='loc_CapitalLeasesFutureMinimumPaymentsNetMinimumPayments1' xlink:to='loc_CapitalLeasesFutureMinimumPaymentsExecutoryCosts' xlink:type='arc' />
</link:calculationLink>
</link:linkbase>
