<?xml version='1.0' encoding='UTF-8'?>

<!--
(c) XBRL US, Inc. 2007-2010; Financial Accounting Foundation, Inc. 2010-2013.  All Rights Reserved.
Notice: Authorized Uses are Set Forth at http://xbrl.fasb.org/terms/TaxonomiesTermsConditions.html
  -->
<link:linkbase xmlns:link='http://www.xbrl.org/2003/linkbase' xmlns:xbrldt='http://xbrl.org/2005/xbrldt' xmlns:xlink='http://www.w3.org/1999/xlink' xmlns:xsi='http://www.w3.org/2001/XMLSchema-instance' xsi:schemaLocation='http://www.xbrl.org/2003/linkbase http://www.xbrl.org/2003/xbrl-linkbase-2003-12-31.xsd'>
<link:roleRef roleURI='http://fasb.org/us-gaap/role/disclosure/DevelopingStageEnterprises' xlink:href='../elts/us-roles-2013-01-31.xsd#dse' xlink:type='simple' />
<link:presentationLink xlink:role='http://fasb.org/us-gaap/role/disclosure/DevelopingStageEnterprises' xlink:type='extended'>
<link:loc xlink:href='../elts/us-gaap-2013-01-31.xsd#us-gaap_DevelopmentStageEnterpriseAdditionalInformationForStatementOfStockholdersEquityDisclosureAbstract' xlink:label='loc_DevelopmentStageEnterpriseAdditionalInformationForStatementOfStockholdersEquityDisclosureAbstract' xlink:type='locator' />
<link:loc xlink:href='../elts/us-gaap-2013-01-31.xsd#us-gaap_EquityIssuanceDates' xlink:label='loc_EquityIssuanceDates' xlink:type='locator' />
<link:loc xlink:href='../elts/us-gaap-2013-01-31.xsd#us-gaap_EquityIssuanceNoncashConsiderationsDetails' xlink:label='loc_EquityIssuanceNoncashConsiderationsDetails' xlink:type='locator' />
<link:loc xlink:href='../elts/us-gaap-2013-01-31.xsd#us-gaap_EquityIssuancePerShareAmount' xlink:label='loc_EquityIssuancePerShareAmount' xlink:type='locator' />
<link:loc xlink:href='../elts/us-gaap-2013-01-31.xsd#us-gaap_StockIssuedDuringPeriodSharesIssuedForCash' xlink:label='loc_StockIssuedDuringPeriodSharesIssuedForCash' xlink:type='locator' />
<link:loc xlink:href='../elts/us-gaap-2013-01-31.xsd#us-gaap_StockIssuedDuringPeriodValueIssuedForCash' xlink:label='loc_StockIssuedDuringPeriodValueIssuedForCash' xlink:type='locator' />
<link:loc xlink:href='../elts/us-gaap-2013-01-31.xsd#us-gaap_StockIssuedDuringPeriodSharesIssuedForNoncashConsideration' xlink:label='loc_StockIssuedDuringPeriodSharesIssuedForNoncashConsideration' xlink:type='locator' />
<link:loc xlink:href='../elts/us-gaap-2013-01-31.xsd#us-gaap_StockIssuedDuringPeriodValueIssuedForNoncashConsiderations' xlink:label='loc_StockIssuedDuringPeriodValueIssuedForNoncashConsiderations' xlink:type='locator' />
<link:loc xlink:href='../elts/us-gaap-2013-01-31.xsd#us-gaap_DevelopmentStageEnterprisesAbstract' xlink:label='loc_DevelopmentStageEnterprisesAbstract' xlink:type='locator' />
<link:loc xlink:href='../elts/us-gaap-2013-01-31.xsd#us-gaap_DevelopmentStageEnterpriseGeneralDisclosuresTextBlock' xlink:label='loc_DevelopmentStageEnterpriseGeneralDisclosuresTextBlock' xlink:type='locator' />
<link:loc xlink:href='../elts/us-gaap-2013-01-31.xsd#us-gaap_DevelopmentStageEnterpriseDeficitAccumulatedDuringDevelopmentStage' xlink:label='loc_DevelopmentStageEnterpriseDeficitAccumulatedDuringDevelopmentStage' xlink:type='locator' />
<link:loc xlink:href='../elts/us-gaap-2013-01-31.xsd#us-gaap_IndicationThatFinancialStatementsAreThoseOfDevelopmentStageEnterprise' xlink:label='loc_IndicationThatFinancialStatementsAreThoseOfDevelopmentStageEnterprise' xlink:type='locator' />
<link:loc xlink:href='../elts/us-gaap-2013-01-31.xsd#us-gaap_IndicationThatEntityWasInDevelopmentStageInPriorYears' xlink:label='loc_IndicationThatEntityWasInDevelopmentStageInPriorYears' xlink:type='locator' />
<link:loc xlink:href='../elts/us-gaap-2013-01-31.xsd#us-gaap_DevelopmentStageEnterpriseNatureOfActivities' xlink:label='loc_DevelopmentStageEnterpriseNatureOfActivities' xlink:type='locator' />
<link:loc xlink:href='../elts/us-gaap-2013-01-31.xsd#us-gaap_DevelopmentStageEnterpriseDevelopmentStageExitStrategy' xlink:label='loc_DevelopmentStageEnterpriseDevelopmentStageExitStrategy' xlink:type='locator' />
<link:presentationArc order='10' xlink:arcrole='http://www.xbrl.org/2003/arcrole/parent-child' xlink:from='loc_DevelopmentStageEnterpriseAdditionalInformationForStatementOfStockholdersEquityDisclosureAbstract' xlink:to='loc_EquityIssuanceDates' xlink:type='arc' />
<link:presentationArc order='20' xlink:arcrole='http://www.xbrl.org/2003/arcrole/parent-child' xlink:from='loc_DevelopmentStageEnterpriseAdditionalInformationForStatementOfStockholdersEquityDisclosureAbstract' xlink:to='loc_EquityIssuanceNoncashConsiderationsDetails' xlink:type='arc' />
<link:presentationArc order='30' xlink:arcrole='http://www.xbrl.org/2003/arcrole/parent-child' xlink:from='loc_DevelopmentStageEnterpriseAdditionalInformationForStatementOfStockholdersEquityDisclosureAbstract' xlink:to='loc_EquityIssuancePerShareAmount' xlink:type='arc' />
<link:presentationArc order='40' xlink:arcrole='http://www.xbrl.org/2003/arcrole/parent-child' xlink:from='loc_DevelopmentStageEnterpriseAdditionalInformationForStatementOfStockholdersEquityDisclosureAbstract' xlink:to='loc_StockIssuedDuringPeriodSharesIssuedForCash' xlink:type='arc' />
<link:presentationArc order='50' xlink:arcrole='http://www.xbrl.org/2003/arcrole/parent-child' xlink:from='loc_DevelopmentStageEnterpriseAdditionalInformationForStatementOfStockholdersEquityDisclosureAbstract' xlink:to='loc_StockIssuedDuringPeriodValueIssuedForCash' xlink:type='arc' />
<link:presentationArc order='60' xlink:arcrole='http://www.xbrl.org/2003/arcrole/parent-child' xlink:from='loc_DevelopmentStageEnterpriseAdditionalInformationForStatementOfStockholdersEquityDisclosureAbstract' xlink:to='loc_StockIssuedDuringPeriodSharesIssuedForNoncashConsideration' xlink:type='arc' />
<link:presentationArc order='70' xlink:arcrole='http://www.xbrl.org/2003/arcrole/parent-child' xlink:from='loc_DevelopmentStageEnterpriseAdditionalInformationForStatementOfStockholdersEquityDisclosureAbstract' xlink:to='loc_StockIssuedDuringPeriodValueIssuedForNoncashConsiderations' xlink:type='arc' />
<link:presentationArc order='10' xlink:arcrole='http://www.xbrl.org/2003/arcrole/parent-child' xlink:from='loc_DevelopmentStageEnterprisesAbstract' xlink:to='loc_DevelopmentStageEnterpriseGeneralDisclosuresTextBlock' xlink:type='arc' />
<link:presentationArc order='10' xlink:arcrole='http://www.xbrl.org/2003/arcrole/parent-child' xlink:from='loc_DevelopmentStageEnterpriseGeneralDisclosuresTextBlock' xlink:to='loc_DevelopmentStageEnterpriseDeficitAccumulatedDuringDevelopmentStage' xlink:type='arc' />
<link:presentationArc order='20' xlink:arcrole='http://www.xbrl.org/2003/arcrole/parent-child' xlink:from='loc_DevelopmentStageEnterpriseGeneralDisclosuresTextBlock' xlink:to='loc_DevelopmentStageEnterpriseAdditionalInformationForStatementOfStockholdersEquityDisclosureAbstract' xlink:type='arc' />
<link:presentationArc order='30' xlink:arcrole='http://www.xbrl.org/2003/arcrole/parent-child' xlink:from='loc_DevelopmentStageEnterpriseGeneralDisclosuresTextBlock' xlink:to='loc_IndicationThatFinancialStatementsAreThoseOfDevelopmentStageEnterprise' xlink:type='arc' />
<link:presentationArc order='40' xlink:arcrole='http://www.xbrl.org/2003/arcrole/parent-child' xlink:from='loc_DevelopmentStageEnterpriseGeneralDisclosuresTextBlock' xlink:to='loc_IndicationThatEntityWasInDevelopmentStageInPriorYears' xlink:type='arc' />
<link:presentationArc order='50' xlink:arcrole='http://www.xbrl.org/2003/arcrole/parent-child' xlink:from='loc_DevelopmentStageEnterpriseGeneralDisclosuresTextBlock' xlink:to='loc_DevelopmentStageEnterpriseNatureOfActivities' xlink:type='arc' />
<link:presentationArc order='60' xlink:arcrole='http://www.xbrl.org/2003/arcrole/parent-child' xlink:from='loc_DevelopmentStageEnterpriseGeneralDisclosuresTextBlock' xlink:to='loc_DevelopmentStageEnterpriseDevelopmentStageExitStrategy' xlink:type='arc' />
</link:presentationLink>
</link:linkbase>
