<?xml version='1.0' encoding='UTF-8'?>

<!--
(c) XBRL US, Inc. 2007-2010; Financial Accounting Foundation, Inc. 2010-2013.  All Rights Reserved.
Notice: Authorized Uses are Set Forth at http://xbrl.fasb.org/terms/TaxonomiesTermsConditions.html
  -->
<link:linkbase xmlns:link='http://www.xbrl.org/2003/linkbase' xmlns:xbrldt='http://xbrl.org/2005/xbrldt' xmlns:xlink='http://www.w3.org/1999/xlink' xmlns:xsi='http://www.w3.org/2001/XMLSchema-instance' xsi:schemaLocation='http://www.xbrl.org/2003/linkbase http://www.xbrl.org/2003/xbrl-linkbase-2003-12-31.xsd'>
<link:roleRef roleURI='http://fasb.org/us-gaap/role/disclosure/ExtraordinaryAndUnusualItems' xlink:href='../elts/us-roles-2013-01-31.xsd#eui' xlink:type='simple' />
<link:calculationLink xlink:role='http://fasb.org/us-gaap/role/disclosure/ExtraordinaryAndUnusualItems' xlink:type='extended'>
<link:loc xlink:href='../elts/us-gaap-2013-01-31.xsd#us-gaap_ExtraordinaryItemNetOfTax' xlink:label='loc_ExtraordinaryItemNetOfTax' xlink:type='locator' />
<link:loc xlink:href='../elts/us-gaap-2013-01-31.xsd#us-gaap_ExtraordinaryItemsGross' xlink:label='loc_ExtraordinaryItemsGross' xlink:type='locator' />
<link:loc xlink:href='../elts/us-gaap-2013-01-31.xsd#us-gaap_TaxEffectOfExtraordinaryItem' xlink:label='loc_TaxEffectOfExtraordinaryItem' xlink:type='locator' />
<link:loc xlink:href='../elts/us-gaap-2013-01-31.xsd#us-gaap_UnusualOrInfrequentItemNetGainLoss' xlink:label='loc_UnusualOrInfrequentItemNetGainLoss' xlink:type='locator' />
<link:loc xlink:href='../elts/us-gaap-2013-01-31.xsd#us-gaap_UnusualOrInfrequentItemGainGross' xlink:label='loc_UnusualOrInfrequentItemGainGross' xlink:type='locator' />
<link:loc xlink:href='../elts/us-gaap-2013-01-31.xsd#us-gaap_UnusualOrInfrequentItemNetOfInsuranceProceeds' xlink:label='loc_UnusualOrInfrequentItemNetOfInsuranceProceeds' xlink:type='locator' />
<link:loc xlink:href='../elts/us-gaap-2013-01-31.xsd#us-gaap_UnusualOrInfrequentItemLossGross' xlink:label='loc_UnusualOrInfrequentItemLossGross' xlink:type='locator' />
<link:loc xlink:href='../elts/us-gaap-2013-01-31.xsd#us-gaap_UnusualOrInfrequentItemInsuranceProceeds' xlink:label='loc_UnusualOrInfrequentItemInsuranceProceeds' xlink:type='locator' />
<link:calculationArc order='10' weight='1.0' xlink:arcrole='http://www.xbrl.org/2003/arcrole/summation-item' xlink:from='loc_ExtraordinaryItemNetOfTax' xlink:to='loc_ExtraordinaryItemsGross' xlink:type='arc' />
<link:calculationArc order='20' weight='-1.0' xlink:arcrole='http://www.xbrl.org/2003/arcrole/summation-item' xlink:from='loc_ExtraordinaryItemNetOfTax' xlink:to='loc_TaxEffectOfExtraordinaryItem' xlink:type='arc' />
<link:calculationArc order='10' weight='-1.0' xlink:arcrole='http://www.xbrl.org/2003/arcrole/summation-item' xlink:from='loc_UnusualOrInfrequentItemNetGainLoss' xlink:to='loc_UnusualOrInfrequentItemGainGross' xlink:type='arc' />
<link:calculationArc order='20' weight='1.0' xlink:arcrole='http://www.xbrl.org/2003/arcrole/summation-item' xlink:from='loc_UnusualOrInfrequentItemNetGainLoss' xlink:to='loc_UnusualOrInfrequentItemNetOfInsuranceProceeds' xlink:type='arc' />
<link:calculationArc order='10' weight='1.0' xlink:arcrole='http://www.xbrl.org/2003/arcrole/summation-item' xlink:from='loc_UnusualOrInfrequentItemNetOfInsuranceProceeds' xlink:to='loc_UnusualOrInfrequentItemLossGross' xlink:type='arc' />
<link:calculationArc order='20' weight='-1.0' xlink:arcrole='http://www.xbrl.org/2003/arcrole/summation-item' xlink:from='loc_UnusualOrInfrequentItemNetOfInsuranceProceeds' xlink:to='loc_UnusualOrInfrequentItemInsuranceProceeds' xlink:type='arc' />
</link:calculationLink>
</link:linkbase>
