<?xml version='1.0' encoding='UTF-8'?>

<!--
(c) XBRL US, Inc. 2007-2010; Financial Accounting Foundation, Inc. 2010-2013.  All Rights Reserved.
Notice: Authorized Uses are Set Forth at http://xbrl.fasb.org/terms/TaxonomiesTermsConditions.html
  -->
<link:linkbase xmlns:link='http://www.xbrl.org/2003/linkbase' xmlns:xbrldt='http://xbrl.org/2005/xbrldt' xmlns:xlink='http://www.w3.org/1999/xlink' xmlns:xsi='http://www.w3.org/2001/XMLSchema-instance' xsi:schemaLocation='http://www.xbrl.org/2003/linkbase http://www.xbrl.org/2003/xbrl-linkbase-2003-12-31.xsd'>
<link:roleRef roleURI='http://fasb.org/us-gaap/role/disclosure/SECScheduleArticle12-29MortgageLoansOnRealEstate' xlink:href='../elts/us-roles-2013-01-31.xsd#sec-mort' xlink:type='simple' />
<link:calculationLink xlink:role='http://fasb.org/us-gaap/role/disclosure/SECScheduleArticle12-29MortgageLoansOnRealEstate' xlink:type='extended'>
<link:loc xlink:href='../elts/us-gaap-2013-01-31.xsd#us-gaap_MortgageLoansOnRealEstatePeriodIncreaseDecrease' xlink:label='loc_MortgageLoansOnRealEstatePeriodIncreaseDecrease' xlink:type='locator' />
<link:loc xlink:href='../elts/us-gaap-2013-01-31.xsd#us-gaap_MortgageLoansOnRealEstateNewMortgageLoans' xlink:label='loc_MortgageLoansOnRealEstateNewMortgageLoans' xlink:type='locator' />
<link:loc xlink:href='../elts/us-gaap-2013-01-31.xsd#us-gaap_MortgageLoansOnRealEstateOtherAdditions' xlink:label='loc_MortgageLoansOnRealEstateOtherAdditions' xlink:type='locator' />
<link:loc xlink:href='../elts/us-gaap-2013-01-31.xsd#us-gaap_MortgageLoansOnRealEstateCollectionsOfPrincipal' xlink:label='loc_MortgageLoansOnRealEstateCollectionsOfPrincipal' xlink:type='locator' />
<link:loc xlink:href='../elts/us-gaap-2013-01-31.xsd#us-gaap_MortgageLoansOnRealEstateForeclosures' xlink:label='loc_MortgageLoansOnRealEstateForeclosures' xlink:type='locator' />
<link:loc xlink:href='../elts/us-gaap-2013-01-31.xsd#us-gaap_MortgageLoansOnRealEstateCostOfMortgagesSold' xlink:label='loc_MortgageLoansOnRealEstateCostOfMortgagesSold' xlink:type='locator' />
<link:loc xlink:href='../elts/us-gaap-2013-01-31.xsd#us-gaap_MortgageLoansOnRealEstateAmortizationOfPremium' xlink:label='loc_MortgageLoansOnRealEstateAmortizationOfPremium' xlink:type='locator' />
<link:loc xlink:href='../elts/us-gaap-2013-01-31.xsd#us-gaap_MortgageLoansOnRealEstateOtherDeductions' xlink:label='loc_MortgageLoansOnRealEstateOtherDeductions' xlink:type='locator' />
<link:calculationArc order='10' weight='1.0' xlink:arcrole='http://www.xbrl.org/2003/arcrole/summation-item' xlink:from='loc_MortgageLoansOnRealEstatePeriodIncreaseDecrease' xlink:to='loc_MortgageLoansOnRealEstateNewMortgageLoans' xlink:type='arc' />
<link:calculationArc order='20' weight='1.0' xlink:arcrole='http://www.xbrl.org/2003/arcrole/summation-item' xlink:from='loc_MortgageLoansOnRealEstatePeriodIncreaseDecrease' xlink:to='loc_MortgageLoansOnRealEstateOtherAdditions' xlink:type='arc' />
<link:calculationArc order='30' weight='-1.0' xlink:arcrole='http://www.xbrl.org/2003/arcrole/summation-item' xlink:from='loc_MortgageLoansOnRealEstatePeriodIncreaseDecrease' xlink:to='loc_MortgageLoansOnRealEstateCollectionsOfPrincipal' xlink:type='arc' />
<link:calculationArc order='40' weight='-1.0' xlink:arcrole='http://www.xbrl.org/2003/arcrole/summation-item' xlink:from='loc_MortgageLoansOnRealEstatePeriodIncreaseDecrease' xlink:to='loc_MortgageLoansOnRealEstateForeclosures' xlink:type='arc' />
<link:calculationArc order='50' weight='-1.0' xlink:arcrole='http://www.xbrl.org/2003/arcrole/summation-item' xlink:from='loc_MortgageLoansOnRealEstatePeriodIncreaseDecrease' xlink:to='loc_MortgageLoansOnRealEstateCostOfMortgagesSold' xlink:type='arc' />
<link:calculationArc order='60' weight='-1.0' xlink:arcrole='http://www.xbrl.org/2003/arcrole/summation-item' xlink:from='loc_MortgageLoansOnRealEstatePeriodIncreaseDecrease' xlink:to='loc_MortgageLoansOnRealEstateAmortizationOfPremium' xlink:type='arc' />
<link:calculationArc order='70' weight='-1.0' xlink:arcrole='http://www.xbrl.org/2003/arcrole/summation-item' xlink:from='loc_MortgageLoansOnRealEstatePeriodIncreaseDecrease' xlink:to='loc_MortgageLoansOnRealEstateOtherDeductions' xlink:type='arc' />
</link:calculationLink>
</link:linkbase>
