<?xml version='1.0' encoding='UTF-8'?>

<!--
(c) XBRL US, Inc. 2007-2010; Financial Accounting Foundation, Inc. 2010-2013.  All Rights Reserved.
Notice: Authorized Uses are Set Forth at http://xbrl.fasb.org/terms/TaxonomiesTermsConditions.html
  -->
<link:linkbase xmlns:link='http://www.xbrl.org/2003/linkbase' xmlns:xbrldt='http://xbrl.org/2005/xbrldt' xmlns:xlink='http://www.w3.org/1999/xlink' xmlns:xsi='http://www.w3.org/2001/XMLSchema-instance' xsi:schemaLocation='http://www.xbrl.org/2003/linkbase http://www.xbrl.org/2003/xbrl-linkbase-2003-12-31.xsd'>
<link:roleRef roleURI='http://fasb.org/us-gaap/role/disclosure/DisclosureFiniteLivedIntangibleAssetsRollingMaturity' xlink:href='../elts/us-roles-2013-01-31.xsd#iago3' xlink:type='simple' />
<link:calculationLink xlink:role='http://fasb.org/us-gaap/role/disclosure/DisclosureFiniteLivedIntangibleAssetsRollingMaturity' xlink:type='extended'>
<link:loc xlink:href='../elts/us-gaap-2013-01-31.xsd#us-gaap_FiniteLivedIntangibleAssetsNet' xlink:label='loc_FiniteLivedIntangibleAssetsNet' xlink:type='locator' />
<link:loc xlink:href='../elts/us-gaap-2013-01-31.xsd#us-gaap_FiniteLivedIntangibleAssetsAmortizationExpenseNextRollingTwelveMonths' xlink:label='loc_FiniteLivedIntangibleAssetsAmortizationExpenseNextRollingTwelveMonths' xlink:type='locator' />
<link:loc xlink:href='../elts/us-gaap-2013-01-31.xsd#us-gaap_FiniteLivedIntangibleAssetsAmortizationExpenseRollingAfterYearFive' xlink:label='loc_FiniteLivedIntangibleAssetsAmortizationExpenseRollingAfterYearFive' xlink:type='locator' />
<link:loc xlink:href='../elts/us-gaap-2013-01-31.xsd#us-gaap_FiniteLivedIntangibleAssetsAmortizationExpenseRollingYearFive' xlink:label='loc_FiniteLivedIntangibleAssetsAmortizationExpenseRollingYearFive' xlink:type='locator' />
<link:loc xlink:href='../elts/us-gaap-2013-01-31.xsd#us-gaap_FiniteLivedIntangibleAssetsAmortizationExpenseRollingYearFour' xlink:label='loc_FiniteLivedIntangibleAssetsAmortizationExpenseRollingYearFour' xlink:type='locator' />
<link:loc xlink:href='../elts/us-gaap-2013-01-31.xsd#us-gaap_FiniteLivedIntangibleAssetsAmortizationExpenseRollingYearThree' xlink:label='loc_FiniteLivedIntangibleAssetsAmortizationExpenseRollingYearThree' xlink:type='locator' />
<link:loc xlink:href='../elts/us-gaap-2013-01-31.xsd#us-gaap_FiniteLivedIntangibleAssetsAmortizationExpenseRollingYearTwo' xlink:label='loc_FiniteLivedIntangibleAssetsAmortizationExpenseRollingYearTwo' xlink:type='locator' />
<link:calculationArc order='10' weight='1.0' xlink:arcrole='http://www.xbrl.org/2003/arcrole/summation-item' xlink:from='loc_FiniteLivedIntangibleAssetsNet' xlink:to='loc_FiniteLivedIntangibleAssetsAmortizationExpenseNextRollingTwelveMonths' xlink:type='arc' />
<link:calculationArc order='20' weight='1.0' xlink:arcrole='http://www.xbrl.org/2003/arcrole/summation-item' xlink:from='loc_FiniteLivedIntangibleAssetsNet' xlink:to='loc_FiniteLivedIntangibleAssetsAmortizationExpenseRollingAfterYearFive' xlink:type='arc' />
<link:calculationArc order='30' weight='1.0' xlink:arcrole='http://www.xbrl.org/2003/arcrole/summation-item' xlink:from='loc_FiniteLivedIntangibleAssetsNet' xlink:to='loc_FiniteLivedIntangibleAssetsAmortizationExpenseRollingYearFive' xlink:type='arc' />
<link:calculationArc order='40' weight='1.0' xlink:arcrole='http://www.xbrl.org/2003/arcrole/summation-item' xlink:from='loc_FiniteLivedIntangibleAssetsNet' xlink:to='loc_FiniteLivedIntangibleAssetsAmortizationExpenseRollingYearFour' xlink:type='arc' />
<link:calculationArc order='50' weight='1.0' xlink:arcrole='http://www.xbrl.org/2003/arcrole/summation-item' xlink:from='loc_FiniteLivedIntangibleAssetsNet' xlink:to='loc_FiniteLivedIntangibleAssetsAmortizationExpenseRollingYearThree' xlink:type='arc' />
<link:calculationArc order='60' weight='1.0' xlink:arcrole='http://www.xbrl.org/2003/arcrole/summation-item' xlink:from='loc_FiniteLivedIntangibleAssetsNet' xlink:to='loc_FiniteLivedIntangibleAssetsAmortizationExpenseRollingYearTwo' xlink:type='arc' />
</link:calculationLink>
</link:linkbase>
