<?xml version='1.0' encoding='UTF-8'?>

<!--
(c) XBRL US, Inc. 2007-2010; Financial Accounting Foundation, Inc. 2010-2013.  All Rights Reserved.
Notice: Authorized Uses are Set Forth at http://xbrl.fasb.org/terms/TaxonomiesTermsConditions.html
  -->
<link:linkbase xmlns:link='http://www.xbrl.org/2003/linkbase' xmlns:xbrldt='http://xbrl.org/2005/xbrldt' xmlns:xlink='http://www.w3.org/1999/xlink' xmlns:xsi='http://www.w3.org/2001/XMLSchema-instance' xsi:schemaLocation='http://www.xbrl.org/2003/linkbase http://www.xbrl.org/2003/xbrl-linkbase-2003-12-31.xsd'>
<link:roleRef roleURI='http://fasb.org/us-gaap/role/disclosure/ResearchAndDevelopment' xlink:href='../elts/us-roles-2013-01-31.xsd#rd' xlink:type='simple' />
<link:calculationLink xlink:role='http://fasb.org/us-gaap/role/disclosure/ResearchAndDevelopment' xlink:type='extended'>
<link:loc xlink:href='../elts/us-gaap-2013-01-31.xsd#us-gaap_CapitalizedComputerSoftwareNet' xlink:label='loc_CapitalizedComputerSoftwareNet' xlink:type='locator' />
<link:loc xlink:href='../elts/us-gaap-2013-01-31.xsd#us-gaap_CapitalizedComputerSoftwareGross' xlink:label='loc_CapitalizedComputerSoftwareGross' xlink:type='locator' />
<link:loc xlink:href='../elts/us-gaap-2013-01-31.xsd#us-gaap_CapitalizedComputerSoftwareAccumulatedAmortization' xlink:label='loc_CapitalizedComputerSoftwareAccumulatedAmortization' xlink:type='locator' />
<link:loc xlink:href='../elts/us-gaap-2013-01-31.xsd#us-gaap_CapitalizedComputerSoftwarePeriodIncreaseDecrease' xlink:label='loc_CapitalizedComputerSoftwarePeriodIncreaseDecrease' xlink:type='locator' />
<link:loc xlink:href='../elts/us-gaap-2013-01-31.xsd#us-gaap_CapitalizedComputerSoftwareAdditions' xlink:label='loc_CapitalizedComputerSoftwareAdditions' xlink:type='locator' />
<link:loc xlink:href='../elts/us-gaap-2013-01-31.xsd#us-gaap_CapitalizedComputerSoftwareAmortization' xlink:label='loc_CapitalizedComputerSoftwareAmortization' xlink:type='locator' />
<link:loc xlink:href='../elts/us-gaap-2013-01-31.xsd#us-gaap_CapitalizedComputerSoftwareImpairments' xlink:label='loc_CapitalizedComputerSoftwareImpairments' xlink:type='locator' />
<link:loc xlink:href='../elts/us-gaap-2013-01-31.xsd#us-gaap_ResearchAndDevelopmentExpense' xlink:label='loc_ResearchAndDevelopmentExpense' xlink:type='locator' />
<link:loc xlink:href='../elts/us-gaap-2013-01-31.xsd#us-gaap_ResearchAndDevelopmentExpenseExcludingAcquiredInProcessCost' xlink:label='loc_ResearchAndDevelopmentExpenseExcludingAcquiredInProcessCost' xlink:type='locator' />
<link:loc xlink:href='../elts/us-gaap-2013-01-31.xsd#us-gaap_ResearchAndDevelopmentExpenseSoftwareExcludingAcquiredInProcessCost' xlink:label='loc_ResearchAndDevelopmentExpenseSoftwareExcludingAcquiredInProcessCost' xlink:type='locator' />
<link:loc xlink:href='../elts/us-gaap-2013-01-31.xsd#us-gaap_ResearchAndDevelopmentInProcess' xlink:label='loc_ResearchAndDevelopmentInProcess' xlink:type='locator' />
<link:loc xlink:href='../elts/us-gaap-2013-01-31.xsd#us-gaap_ResearchAndDevelopmentAssetAcquiredOtherThanThroughBusinessCombinationWrittenOff' xlink:label='loc_ResearchAndDevelopmentAssetAcquiredOtherThanThroughBusinessCombinationWrittenOff' xlink:type='locator' />
<link:calculationArc order='10' weight='1.0' xlink:arcrole='http://www.xbrl.org/2003/arcrole/summation-item' xlink:from='loc_CapitalizedComputerSoftwareNet' xlink:to='loc_CapitalizedComputerSoftwareGross' xlink:type='arc' />
<link:calculationArc order='20' weight='-1.0' xlink:arcrole='http://www.xbrl.org/2003/arcrole/summation-item' xlink:from='loc_CapitalizedComputerSoftwareNet' xlink:to='loc_CapitalizedComputerSoftwareAccumulatedAmortization' xlink:type='arc' />
<link:calculationArc order='10' weight='1.0' xlink:arcrole='http://www.xbrl.org/2003/arcrole/summation-item' xlink:from='loc_CapitalizedComputerSoftwarePeriodIncreaseDecrease' xlink:to='loc_CapitalizedComputerSoftwareAdditions' xlink:type='arc' />
<link:calculationArc order='20' weight='-1.0' xlink:arcrole='http://www.xbrl.org/2003/arcrole/summation-item' xlink:from='loc_CapitalizedComputerSoftwarePeriodIncreaseDecrease' xlink:to='loc_CapitalizedComputerSoftwareAmortization' xlink:type='arc' />
<link:calculationArc order='30' weight='-1.0' xlink:arcrole='http://www.xbrl.org/2003/arcrole/summation-item' xlink:from='loc_CapitalizedComputerSoftwarePeriodIncreaseDecrease' xlink:to='loc_CapitalizedComputerSoftwareImpairments' xlink:type='arc' />
<link:calculationArc order='10' weight='1.0' xlink:arcrole='http://www.xbrl.org/2003/arcrole/summation-item' xlink:from='loc_ResearchAndDevelopmentExpense' xlink:to='loc_ResearchAndDevelopmentExpenseExcludingAcquiredInProcessCost' xlink:type='arc' />
<link:calculationArc order='20' weight='1.0' xlink:arcrole='http://www.xbrl.org/2003/arcrole/summation-item' xlink:from='loc_ResearchAndDevelopmentExpense' xlink:to='loc_ResearchAndDevelopmentExpenseSoftwareExcludingAcquiredInProcessCost' xlink:type='arc' />
<link:calculationArc order='30' weight='1.0' xlink:arcrole='http://www.xbrl.org/2003/arcrole/summation-item' xlink:from='loc_ResearchAndDevelopmentExpense' xlink:to='loc_ResearchAndDevelopmentInProcess' xlink:type='arc' />
<link:calculationArc order='40' weight='1.0' xlink:arcrole='http://www.xbrl.org/2003/arcrole/summation-item' xlink:from='loc_ResearchAndDevelopmentExpense' xlink:to='loc_ResearchAndDevelopmentAssetAcquiredOtherThanThroughBusinessCombinationWrittenOff' xlink:type='arc' />
</link:calculationLink>
</link:linkbase>
