<?xml version='1.0' encoding='UTF-8'?>

<!--
(c) XBRL US, Inc. 2007-2010; Financial Accounting Foundation, Inc. 2010-2013.  All Rights Reserved.
Notice: Authorized Uses are Set Forth at http://xbrl.fasb.org/terms/TaxonomiesTermsConditions.html
  -->
<link:linkbase xmlns:link='http://www.xbrl.org/2003/linkbase' xmlns:xbrldt='http://xbrl.org/2005/xbrldt' xmlns:xlink='http://www.w3.org/1999/xlink' xmlns:xsi='http://www.w3.org/2001/XMLSchema-instance' xsi:schemaLocation='http://www.xbrl.org/2003/linkbase http://www.xbrl.org/2003/xbrl-linkbase-2003-12-31.xsd'>
<link:roleRef roleURI='http://fasb.org/us-gaap/role/disclosure/SECScheduleArticle12-04CondensedFinancialInformation' xlink:href='../elts/us-roles-2013-01-31.xsd#sec-cndfir' xlink:type='simple' />
<link:calculationLink xlink:role='http://fasb.org/us-gaap/role/disclosure/SECScheduleArticle12-04CondensedFinancialInformation' xlink:type='extended'>
<link:loc xlink:href='../elts/us-gaap-2013-01-31.xsd#us-gaap_CashDividendsPaidToParentCompany' xlink:label='loc_CashDividendsPaidToParentCompany' xlink:type='locator' />
<link:loc xlink:href='../elts/us-gaap-2013-01-31.xsd#us-gaap_CashDividendsPaidToParentCompanyByConsolidatedSubsidiaries' xlink:label='loc_CashDividendsPaidToParentCompanyByConsolidatedSubsidiaries' xlink:type='locator' />
<link:loc xlink:href='../elts/us-gaap-2013-01-31.xsd#us-gaap_CashDividendsPaidToParentCompanyByUnconsolidatedSubsidiaries' xlink:label='loc_CashDividendsPaidToParentCompanyByUnconsolidatedSubsidiaries' xlink:type='locator' />
<link:loc xlink:href='../elts/us-gaap-2013-01-31.xsd#us-gaap_CashDividendsPaidToParentCompanyBy50PercentOrLessOwnedPersons' xlink:label='loc_CashDividendsPaidToParentCompanyBy50PercentOrLessOwnedPersons' xlink:type='locator' />
<link:loc xlink:href='../elts/us-gaap-2013-01-31.xsd#us-gaap_IncomeLossFromSubsidiariesNetOfTax' xlink:label='loc_IncomeLossFromSubsidiariesNetOfTax' xlink:type='locator' />
<link:loc xlink:href='../elts/us-gaap-2013-01-31.xsd#us-gaap_IncomeLossFromSubsidiariesBeforeTax' xlink:label='loc_IncomeLossFromSubsidiariesBeforeTax' xlink:type='locator' />
<link:loc xlink:href='../elts/us-gaap-2013-01-31.xsd#us-gaap_IncomeLossFromSubsidiariesTaxExpenseBenefit' xlink:label='loc_IncomeLossFromSubsidiariesTaxExpenseBenefit' xlink:type='locator' />
<link:calculationArc order='10' weight='1.0' xlink:arcrole='http://www.xbrl.org/2003/arcrole/summation-item' xlink:from='loc_CashDividendsPaidToParentCompany' xlink:to='loc_CashDividendsPaidToParentCompanyByConsolidatedSubsidiaries' xlink:type='arc' />
<link:calculationArc order='20' weight='1.0' xlink:arcrole='http://www.xbrl.org/2003/arcrole/summation-item' xlink:from='loc_CashDividendsPaidToParentCompany' xlink:to='loc_CashDividendsPaidToParentCompanyByUnconsolidatedSubsidiaries' xlink:type='arc' />
<link:calculationArc order='30' weight='1.0' xlink:arcrole='http://www.xbrl.org/2003/arcrole/summation-item' xlink:from='loc_CashDividendsPaidToParentCompany' xlink:to='loc_CashDividendsPaidToParentCompanyBy50PercentOrLessOwnedPersons' xlink:type='arc' />
<link:calculationArc order='10' weight='1.0' xlink:arcrole='http://www.xbrl.org/2003/arcrole/summation-item' xlink:from='loc_IncomeLossFromSubsidiariesNetOfTax' xlink:to='loc_IncomeLossFromSubsidiariesBeforeTax' xlink:type='arc' />
<link:calculationArc order='20' weight='-1.0' xlink:arcrole='http://www.xbrl.org/2003/arcrole/summation-item' xlink:from='loc_IncomeLossFromSubsidiariesNetOfTax' xlink:to='loc_IncomeLossFromSubsidiariesTaxExpenseBenefit' xlink:type='arc' />
</link:calculationLink>
</link:linkbase>
