<?xml version='1.0' encoding='UTF-8'?>

<!--
(c) XBRL US, Inc. 2007-2010; Financial Accounting Foundation, Inc. 2010-2013.  All Rights Reserved.
Notice: Authorized Uses are Set Forth at http://xbrl.fasb.org/terms/TaxonomiesTermsConditions.html
  -->
<link:linkbase xmlns:link='http://www.xbrl.org/2003/linkbase' xmlns:xbrldt='http://xbrl.org/2005/xbrldt' xmlns:xlink='http://www.w3.org/1999/xlink' xmlns:xsi='http://www.w3.org/2001/XMLSchema-instance' xsi:schemaLocation='http://www.xbrl.org/2003/linkbase http://www.xbrl.org/2003/xbrl-linkbase-2003-12-31.xsd'>
<link:roleRef roleURI='http://fasb.org/us-gaap/role/disclosure/BusinessCombinations' xlink:href='../elts/us-roles-2013-01-31.xsd#bc' xlink:type='simple' />
<link:calculationLink xlink:role='http://fasb.org/us-gaap/role/disclosure/BusinessCombinations' xlink:type='extended'>
<link:loc xlink:href='../elts/us-gaap-2013-01-31.xsd#us-gaap_BusinessCombinationAssetsAndLiabilitiesArisingFromContingenciesAmountRecognized' xlink:label='loc_BusinessCombinationAssetsAndLiabilitiesArisingFromContingenciesAmountRecognized' xlink:type='locator' />
<link:loc xlink:href='../elts/us-gaap-2013-01-31.xsd#us-gaap_BusinessCombinationAssetsArisingFromContingenciesAmountRecognized' xlink:label='loc_BusinessCombinationAssetsArisingFromContingenciesAmountRecognized' xlink:type='locator' />
<link:loc xlink:href='../elts/us-gaap-2013-01-31.xsd#us-gaap_BusinessCombinationLiabilitiesArisingFromContingenciesAmountRecognized' xlink:label='loc_BusinessCombinationLiabilitiesArisingFromContingenciesAmountRecognized' xlink:type='locator' />
<link:loc xlink:href='../elts/us-gaap-2013-01-31.xsd#us-gaap_BusinessCombinationAssetsAndLiabilitiesArisingFromContingenciesAmountRecognizedOtherThanAtFairValue' xlink:label='loc_BusinessCombinationAssetsAndLiabilitiesArisingFromContingenciesAmountRecognizedOtherThanAtFairValue' xlink:type='locator' />
<link:loc xlink:href='../elts/us-gaap-2013-01-31.xsd#us-gaap_BusinessCombinationAssetsArisingFromContingenciesAmountRecognizedOtherThanAtFairValue' xlink:label='loc_BusinessCombinationAssetsArisingFromContingenciesAmountRecognizedOtherThanAtFairValue' xlink:type='locator' />
<link:loc xlink:href='../elts/us-gaap-2013-01-31.xsd#us-gaap_BusinessCombinationLiabilitiesArisingFromContingenciesAmountRecognizedOtherThanAtFairValue' xlink:label='loc_BusinessCombinationLiabilitiesArisingFromContingenciesAmountRecognizedOtherThanAtFairValue' xlink:type='locator' />
<link:loc xlink:href='../elts/us-gaap-2013-01-31.xsd#us-gaap_BusinessCombinationConsiderationTransferredIncludingEquityInterestInAcquireeHeldPriorToCombination1' xlink:label='loc_BusinessCombinationConsiderationTransferredIncludingEquityInterestInAcquireeHeldPriorToCombination1' xlink:type='locator' />
<link:loc xlink:href='../elts/us-gaap-2013-01-31.xsd#us-gaap_BusinessCombinationConsiderationTransferred1' xlink:label='loc_BusinessCombinationConsiderationTransferred1' xlink:type='locator' />
<link:loc xlink:href='../elts/us-gaap-2013-01-31.xsd#us-gaap_PaymentsToAcquireBusinessesGross' xlink:label='loc_PaymentsToAcquireBusinessesGross' xlink:type='locator' />
<link:loc xlink:href='../elts/us-gaap-2013-01-31.xsd#us-gaap_BusinessCombinationConsiderationTransferredOther1' xlink:label='loc_BusinessCombinationConsiderationTransferredOther1' xlink:type='locator' />
<link:loc xlink:href='../elts/us-gaap-2013-01-31.xsd#us-gaap_BusinessCombinationConsiderationTransferredLiabilitiesIncurred' xlink:label='loc_BusinessCombinationConsiderationTransferredLiabilitiesIncurred' xlink:type='locator' />
<link:loc xlink:href='../elts/us-gaap-2013-01-31.xsd#us-gaap_BusinessCombinationConsiderationTransferredEquityInterestsIssuedAndIssuable' xlink:label='loc_BusinessCombinationConsiderationTransferredEquityInterestsIssuedAndIssuable' xlink:type='locator' />
<link:loc xlink:href='../elts/us-gaap-2013-01-31.xsd#us-gaap_BusinessCombinationStepAcquisitionEquityInterestInAcquireeFairValue1' xlink:label='loc_BusinessCombinationStepAcquisitionEquityInterestInAcquireeFairValue1' xlink:type='locator' />
<link:loc xlink:href='../elts/us-gaap-2013-01-31.xsd#us-gaap_BusinessCombinationRecognizedIdentifiableAssetsAcquiredGoodwillAndLiabilitiesAssumedLessNoncontrollingInterest' xlink:label='loc_BusinessCombinationRecognizedIdentifiableAssetsAcquiredGoodwillAndLiabilitiesAssumedLessNoncontrollingInterest' xlink:type='locator' />
<link:loc xlink:href='../elts/us-gaap-2013-01-31.xsd#us-gaap_BusinessCombinationRecognizedIdentifiableAssetsAcquiredGoodwillAndLiabilitiesAssumedNet' xlink:label='loc_BusinessCombinationRecognizedIdentifiableAssetsAcquiredGoodwillAndLiabilitiesAssumedNet' xlink:type='locator' />
<link:loc xlink:href='../elts/us-gaap-2013-01-31.xsd#us-gaap_BusinessCombinationRecognizedIdentifiableAssetsAcquiredAndLiabilitiesAssumedNet' xlink:label='loc_BusinessCombinationRecognizedIdentifiableAssetsAcquiredAndLiabilitiesAssumedNet' xlink:type='locator' />
<link:loc xlink:href='../elts/us-gaap-2013-01-31.xsd#us-gaap_BusinessCombinationRecognizedIdentifiableAssetsAcquiredAndLiabilitiesAssumedAssets' xlink:label='loc_BusinessCombinationRecognizedIdentifiableAssetsAcquiredAndLiabilitiesAssumedAssets' xlink:type='locator' />
<link:loc xlink:href='../elts/us-gaap-2013-01-31.xsd#us-gaap_BusinessCombinationRecognizedIdentifiableAssetsAcquiredAndLiabilitiesAssumedCurrentAssets' xlink:label='loc_BusinessCombinationRecognizedIdentifiableAssetsAcquiredAndLiabilitiesAssumedCurrentAssets' xlink:type='locator' />
<link:loc xlink:href='../elts/us-gaap-2013-01-31.xsd#us-gaap_BusinessCombinationRecognizedIdentifiableAssetsAcquiredAndLiabilitiesAssumedCashAndEquivalents' xlink:label='loc_BusinessCombinationRecognizedIdentifiableAssetsAcquiredAndLiabilitiesAssumedCashAndEquivalents' xlink:type='locator' />
<link:loc xlink:href='../elts/us-gaap-2013-01-31.xsd#us-gaap_BusinessCombinationRecognizedIdentifiableAssetsAcquiredAndLiabilitiesAssumedInventory' xlink:label='loc_BusinessCombinationRecognizedIdentifiableAssetsAcquiredAndLiabilitiesAssumedInventory' xlink:type='locator' />
<link:loc xlink:href='../elts/us-gaap-2013-01-31.xsd#us-gaap_BusinessCombinationRecognizedIdentifiableAssetsAcquiredAndLiabilitiesAssumedCurrentAssetsMarketableSecurities' xlink:label='loc_BusinessCombinationRecognizedIdentifiableAssetsAcquiredAndLiabilitiesAssumedCurrentAssetsMarketableSecurities' xlink:type='locator' />
<link:loc xlink:href='../elts/us-gaap-2013-01-31.xsd#us-gaap_BusinessCombinationRecognizedIdentifiableAssetsAcquiredAndLiabilitiesAssumedCurrentAssetsPrepaidExpenseAndOtherAssets' xlink:label='loc_BusinessCombinationRecognizedIdentifiableAssetsAcquiredAndLiabilitiesAssumedCurrentAssetsPrepaidExpenseAndOtherAssets' xlink:type='locator' />
<link:loc xlink:href='../elts/us-gaap-2013-01-31.xsd#us-gaap_BusinessCombinationRecognizedIdentifiableAssetsAcquiredAndLiabilitiesAssumedCurrentAssetsReceivables' xlink:label='loc_BusinessCombinationRecognizedIdentifiableAssetsAcquiredAndLiabilitiesAssumedCurrentAssetsReceivables' xlink:type='locator' />
<link:loc xlink:href='../elts/us-gaap-2013-01-31.xsd#us-gaap_BusinessCombinationRecognizedIdentifiableAssetsAcquiredAndLiabilitiesAssumedCurrentAssetsOther' xlink:label='loc_BusinessCombinationRecognizedIdentifiableAssetsAcquiredAndLiabilitiesAssumedCurrentAssetsOther' xlink:type='locator' />
<link:loc xlink:href='../elts/us-gaap-2013-01-31.xsd#us-gaap_BusinessCombinationRecognizedIdentifiableAssetsAcquiredAndLiabilitiesAssumedNoncurrentAssets' xlink:label='loc_BusinessCombinationRecognizedIdentifiableAssetsAcquiredAndLiabilitiesAssumedNoncurrentAssets' xlink:type='locator' />
<link:loc xlink:href='../elts/us-gaap-2013-01-31.xsd#us-gaap_BusinessCombinationRecognizedIdentifiableAssetsAcquiredAndLiabilitiesAssumedIntangibleAssetsOtherThanGoodwill' xlink:label='loc_BusinessCombinationRecognizedIdentifiableAssetsAcquiredAndLiabilitiesAssumedIntangibleAssetsOtherThanGoodwill' xlink:type='locator' />
<link:loc xlink:href='../elts/us-gaap-2013-01-31.xsd#us-gaap_BusinessCombinationRecognizedIdentifiableAssetsAcquiredAndLiabilitiesAssumedIndefiniteLivedIntangibleAssets' xlink:label='loc_BusinessCombinationRecognizedIdentifiableAssetsAcquiredAndLiabilitiesAssumedIndefiniteLivedIntangibleAssets' xlink:type='locator' />
<link:loc xlink:href='../elts/us-gaap-2013-01-31.xsd#us-gaap_BusinessCombinationRecognizedIdentifiableAssetsAcquiredAndLiabilitiesAssumedIntangibles' xlink:label='loc_BusinessCombinationRecognizedIdentifiableAssetsAcquiredAndLiabilitiesAssumedIntangibles' xlink:type='locator' />
<link:loc xlink:href='../elts/us-gaap-2013-01-31.xsd#us-gaap_BusinessCombinationRecognizedIdentifiableAssetsAcquiredAndLiabilitiesAssumedPropertyPlantAndEquipment' xlink:label='loc_BusinessCombinationRecognizedIdentifiableAssetsAcquiredAndLiabilitiesAssumedPropertyPlantAndEquipment' xlink:type='locator' />
<link:loc xlink:href='../elts/us-gaap-2013-01-31.xsd#us-gaap_BusinessCombinationRecognizedIdentifiableAssetsAcquiredAndLiabilitiesAssumedLand' xlink:label='loc_BusinessCombinationRecognizedIdentifiableAssetsAcquiredAndLiabilitiesAssumedLand' xlink:type='locator' />
<link:loc xlink:href='../elts/us-gaap-2013-01-31.xsd#us-gaap_BusinessCombinationRecognizedIdentifiableAssetsAcquiredAndLiabilitiesAssumedBuildings' xlink:label='loc_BusinessCombinationRecognizedIdentifiableAssetsAcquiredAndLiabilitiesAssumedBuildings' xlink:type='locator' />
<link:loc xlink:href='../elts/us-gaap-2013-01-31.xsd#us-gaap_BusinessCombinationRecognizedIdentifiableAssetsAcquiredAndLiabilitiesAssumedEquipment' xlink:label='loc_BusinessCombinationRecognizedIdentifiableAssetsAcquiredAndLiabilitiesAssumedEquipment' xlink:type='locator' />
<link:loc xlink:href='../elts/us-gaap-2013-01-31.xsd#us-gaap_BusinessCombinationRecognizedIdentifiableAssetsAcquiredAndLiabilitiesAssumedDeferredTaxAssetsNoncurrent' xlink:label='loc_BusinessCombinationRecognizedIdentifiableAssetsAcquiredAndLiabilitiesAssumedDeferredTaxAssetsNoncurrent' xlink:type='locator' />
<link:loc xlink:href='../elts/us-gaap-2013-01-31.xsd#us-gaap_BusinessCombinationRecognizedIdentifiableAssetsAcquiredAndLiabilitiesAssumedOtherNoncurrentAssets' xlink:label='loc_BusinessCombinationRecognizedIdentifiableAssetsAcquiredAndLiabilitiesAssumedOtherNoncurrentAssets' xlink:type='locator' />
<link:loc xlink:href='../elts/us-gaap-2013-01-31.xsd#us-gaap_BusinessCombinationRecognizedIdentifiableAssetsAcquiredAndLiabilitiesAssumedFinancialAssets' xlink:label='loc_BusinessCombinationRecognizedIdentifiableAssetsAcquiredAndLiabilitiesAssumedFinancialAssets' xlink:type='locator' />
<link:loc xlink:href='../elts/us-gaap-2013-01-31.xsd#us-gaap_BusinessCombinationRecognizedIdentifiableAssetsAcquiredAndLiabilitiesAssumedLiabilities' xlink:label='loc_BusinessCombinationRecognizedIdentifiableAssetsAcquiredAndLiabilitiesAssumedLiabilities' xlink:type='locator' />
<link:loc xlink:href='../elts/us-gaap-2013-01-31.xsd#us-gaap_BusinessCombinationRecognizedIdentifiableAssetsAcquiredAndLiabilitiesAssumedCurrentLiabilities' xlink:label='loc_BusinessCombinationRecognizedIdentifiableAssetsAcquiredAndLiabilitiesAssumedCurrentLiabilities' xlink:type='locator' />
<link:loc xlink:href='../elts/us-gaap-2013-01-31.xsd#us-gaap_BusinessCombinationRecognizedIdentifiableAssetsAcquiredAndLiabilitiesAssumedCurrentLiabilitiesAccountsPayable' xlink:label='loc_BusinessCombinationRecognizedIdentifiableAssetsAcquiredAndLiabilitiesAssumedCurrentLiabilitiesAccountsPayable' xlink:type='locator' />
<link:loc xlink:href='../elts/us-gaap-2013-01-31.xsd#us-gaap_BusinessCombinationRecognizedIdentifiableAssetsAcquiredAndLiabilitiesAssumedCurrentLiabilitiesDeferredRevenue' xlink:label='loc_BusinessCombinationRecognizedIdentifiableAssetsAcquiredAndLiabilitiesAssumedCurrentLiabilitiesDeferredRevenue' xlink:type='locator' />
<link:loc xlink:href='../elts/us-gaap-2013-01-31.xsd#us-gaap_BusinessCombinationRecognizedIdentifiableAssetsAcquiredAndLiabilitiesAssumedCurrentLiabilitiesLongTermDebt' xlink:label='loc_BusinessCombinationRecognizedIdentifiableAssetsAcquiredAndLiabilitiesAssumedCurrentLiabilitiesLongTermDebt' xlink:type='locator' />
<link:loc xlink:href='../elts/us-gaap-2013-01-31.xsd#us-gaap_BusinessCombinationRecognizedIdentifiableAssetsAcquiredAndLiabilitiesAssumedCurrentLiabilitiesOther' xlink:label='loc_BusinessCombinationRecognizedIdentifiableAssetsAcquiredAndLiabilitiesAssumedCurrentLiabilitiesOther' xlink:type='locator' />
<link:loc xlink:href='../elts/us-gaap-2013-01-31.xsd#us-gaap_BusinessCombinationRecognizedIdentifiableAssetsAcquiredAndLiabilitiesAssumedNoncurrentLiabilities' xlink:label='loc_BusinessCombinationRecognizedIdentifiableAssetsAcquiredAndLiabilitiesAssumedNoncurrentLiabilities' xlink:type='locator' />
<link:loc xlink:href='../elts/us-gaap-2013-01-31.xsd#us-gaap_BusinessCombinationRecognizedIdentifiableAssetsAcquiredAndLiabilitiesAssumedDeferredTaxLiabilitiesNoncurrent' xlink:label='loc_BusinessCombinationRecognizedIdentifiableAssetsAcquiredAndLiabilitiesAssumedDeferredTaxLiabilitiesNoncurrent' xlink:type='locator' />
<link:loc xlink:href='../elts/us-gaap-2013-01-31.xsd#us-gaap_BusinessCombinationRecognizedIdentifiableAssetsAcquiredAndLiabilitiesAssumedNoncurrentLiabilitiesOther' xlink:label='loc_BusinessCombinationRecognizedIdentifiableAssetsAcquiredAndLiabilitiesAssumedNoncurrentLiabilitiesOther' xlink:type='locator' />
<link:loc xlink:href='../elts/us-gaap-2013-01-31.xsd#us-gaap_BusinessCombinationRecognizedIdentifiableAssetsAcquiredAndLiabilitiesAssumedNoncurrentLiabilitiesLongTermDebt' xlink:label='loc_BusinessCombinationRecognizedIdentifiableAssetsAcquiredAndLiabilitiesAssumedNoncurrentLiabilitiesLongTermDebt' xlink:type='locator' />
<link:loc xlink:href='../elts/us-gaap-2013-01-31.xsd#us-gaap_BusinessCombinationRecognizedIdentifiableAssetsAcquiredAndLiabilitiesAssumedCapitalLeaseObligation' xlink:label='loc_BusinessCombinationRecognizedIdentifiableAssetsAcquiredAndLiabilitiesAssumedCapitalLeaseObligation' xlink:type='locator' />
<link:loc xlink:href='../elts/us-gaap-2013-01-31.xsd#us-gaap_BusinessCombinationRecognizedIdentifiableAssetsAcquiredAndLiabilitiesAssumedFinancialLiabilities' xlink:label='loc_BusinessCombinationRecognizedIdentifiableAssetsAcquiredAndLiabilitiesAssumedFinancialLiabilities' xlink:type='locator' />
<link:loc xlink:href='../elts/us-gaap-2013-01-31.xsd#us-gaap_BusinessCombinationRecognizedIdentifiableAssetsAcquiredAndLiabilitiesAssumedContingentLiability' xlink:label='loc_BusinessCombinationRecognizedIdentifiableAssetsAcquiredAndLiabilitiesAssumedContingentLiability' xlink:type='locator' />
<link:loc xlink:href='../elts/us-gaap-2013-01-31.xsd#us-gaap_BusinessCombinationRecognizedIdentifiableAssetsAcquiredAndLiabilitiesAssumedRestructuringLiabilities' xlink:label='loc_BusinessCombinationRecognizedIdentifiableAssetsAcquiredAndLiabilitiesAssumedRestructuringLiabilities' xlink:type='locator' />
<link:loc xlink:href='../elts/us-gaap-2013-01-31.xsd#us-gaap_Goodwill' xlink:label='loc_Goodwill' xlink:type='locator' />
<link:loc xlink:href='../elts/us-gaap-2013-01-31.xsd#us-gaap_BusinessCombinationAcquisitionOfLessThan100PercentNoncontrollingInterestFairValue' xlink:label='loc_BusinessCombinationAcquisitionOfLessThan100PercentNoncontrollingInterestFairValue' xlink:type='locator' />
<link:loc xlink:href='../elts/us-gaap-2013-01-31.xsd#us-gaap_BusinessCombinationStepAcquisitionEquityInterestInAcquireeRemeasurementGainOrLoss' xlink:label='loc_BusinessCombinationStepAcquisitionEquityInterestInAcquireeRemeasurementGainOrLoss' xlink:type='locator' />
<link:loc xlink:href='../elts/us-gaap-2013-01-31.xsd#us-gaap_BusinessCombinationStepAcquisitionEquityInterestInAcquireeRemeasurementGain' xlink:label='loc_BusinessCombinationStepAcquisitionEquityInterestInAcquireeRemeasurementGain' xlink:type='locator' />
<link:loc xlink:href='../elts/us-gaap-2013-01-31.xsd#us-gaap_BusinessCombinationStepAcquisitionEquityInterestInAcquireeRemeasurementLoss' xlink:label='loc_BusinessCombinationStepAcquisitionEquityInterestInAcquireeRemeasurementLoss' xlink:type='locator' />
<link:loc xlink:href='../elts/us-gaap-2013-01-31.xsd#us-gaap_BusinessCombinationStepAcquisitionEquityInterestInAcquireeIncludingSubsequentAcquisitionPercentage' xlink:label='loc_BusinessCombinationStepAcquisitionEquityInterestInAcquireeIncludingSubsequentAcquisitionPercentage' xlink:type='locator' />
<link:loc xlink:href='../elts/us-gaap-2013-01-31.xsd#us-gaap_BusinessAcquisitionPercentageOfVotingInterestsAcquired' xlink:label='loc_BusinessAcquisitionPercentageOfVotingInterestsAcquired' xlink:type='locator' />
<link:loc xlink:href='../elts/us-gaap-2013-01-31.xsd#us-gaap_BusinessCombinationStepAcquisitionEquityInterestInAcquireePercentage' xlink:label='loc_BusinessCombinationStepAcquisitionEquityInterestInAcquireePercentage' xlink:type='locator' />
<link:loc xlink:href='../elts/us-gaap-2013-01-31.xsd#us-gaap_GoodwillPeriodIncreaseDecrease' xlink:label='loc_GoodwillPeriodIncreaseDecrease' xlink:type='locator' />
<link:loc xlink:href='../elts/us-gaap-2013-01-31.xsd#us-gaap_GoodwillAcquiredDuringPeriod' xlink:label='loc_GoodwillAcquiredDuringPeriod' xlink:type='locator' />
<link:loc xlink:href='../elts/us-gaap-2013-01-31.xsd#us-gaap_GoodwillImpairmentLoss' xlink:label='loc_GoodwillImpairmentLoss' xlink:type='locator' />
<link:loc xlink:href='../elts/us-gaap-2013-01-31.xsd#us-gaap_GoodwillWrittenOffRelatedToSaleOfBusinessUnit' xlink:label='loc_GoodwillWrittenOffRelatedToSaleOfBusinessUnit' xlink:type='locator' />
<link:loc xlink:href='../elts/us-gaap-2013-01-31.xsd#us-gaap_GoodwillTranslationAndPurchaseAccountingAdjustments' xlink:label='loc_GoodwillTranslationAndPurchaseAccountingAdjustments' xlink:type='locator' />
<link:loc xlink:href='../elts/us-gaap-2013-01-31.xsd#us-gaap_GoodwillTranslationAdjustments' xlink:label='loc_GoodwillTranslationAdjustments' xlink:type='locator' />
<link:loc xlink:href='../elts/us-gaap-2013-01-31.xsd#us-gaap_GoodwillPurchaseAccountingAdjustments' xlink:label='loc_GoodwillPurchaseAccountingAdjustments' xlink:type='locator' />
<link:loc xlink:href='../elts/us-gaap-2013-01-31.xsd#us-gaap_GoodwillTransfers' xlink:label='loc_GoodwillTransfers' xlink:type='locator' />
<link:loc xlink:href='../elts/us-gaap-2013-01-31.xsd#us-gaap_GoodwillOtherChanges' xlink:label='loc_GoodwillOtherChanges' xlink:type='locator' />
<link:loc xlink:href='../elts/us-gaap-2013-01-31.xsd#us-gaap_GoodwillSubsequentRecognitionOfDeferredTaxAsset' xlink:label='loc_GoodwillSubsequentRecognitionOfDeferredTaxAsset' xlink:type='locator' />
<link:loc xlink:href='../elts/us-gaap-2013-01-31.xsd#us-gaap_IntangibleAssetsArisingFromInsuranceContractsAcquiredInBusinessCombinationPeriodIncreaseDecrease' xlink:label='loc_IntangibleAssetsArisingFromInsuranceContractsAcquiredInBusinessCombinationPeriodIncreaseDecrease' xlink:type='locator' />
<link:loc xlink:href='../elts/us-gaap-2013-01-31.xsd#us-gaap_IntangibleAssetsArisingFromInsuranceContractsAcquiredInBusinessCombinationDecreases' xlink:label='loc_IntangibleAssetsArisingFromInsuranceContractsAcquiredInBusinessCombinationDecreases' xlink:type='locator' />
<link:loc xlink:href='../elts/us-gaap-2013-01-31.xsd#us-gaap_IntangibleAssetsArisingFromInsuranceContractsAcquiredInBusinessCombinationDispositions' xlink:label='loc_IntangibleAssetsArisingFromInsuranceContractsAcquiredInBusinessCombinationDispositions' xlink:type='locator' />
<link:loc xlink:href='../elts/us-gaap-2013-01-31.xsd#us-gaap_IntangibleAssetsArisingFromInsuranceContractsAcquiredInBusinessCombinationUnrealizedInvestmentLosses' xlink:label='loc_IntangibleAssetsArisingFromInsuranceContractsAcquiredInBusinessCombinationUnrealizedInvestmentLosses' xlink:type='locator' />
<link:loc xlink:href='../elts/us-gaap-2013-01-31.xsd#us-gaap_IntangiblesAssetsArisingFromInsuranceContractsAcquiredInBusinessCombinationAmortizationExpense' xlink:label='loc_IntangiblesAssetsArisingFromInsuranceContractsAcquiredInBusinessCombinationAmortizationExpense' xlink:type='locator' />
<link:loc xlink:href='../elts/us-gaap-2013-01-31.xsd#us-gaap_IntangibleAssetsArisingFromInsuranceContractsAcquiredInBusinessCombinationImpairmentWritedown' xlink:label='loc_IntangibleAssetsArisingFromInsuranceContractsAcquiredInBusinessCombinationImpairmentWritedown' xlink:type='locator' />
<link:loc xlink:href='../elts/us-gaap-2013-01-31.xsd#us-gaap_IntangibleAssetsArisingFromInsuranceContractsAcquiredInBusinessCombinationIncreases' xlink:label='loc_IntangibleAssetsArisingFromInsuranceContractsAcquiredInBusinessCombinationIncreases' xlink:type='locator' />
<link:loc xlink:href='../elts/us-gaap-2013-01-31.xsd#us-gaap_IntangibleAssetsArisingFromInsuranceContractsAcquiredInBusinessCombinationAdditions' xlink:label='loc_IntangibleAssetsArisingFromInsuranceContractsAcquiredInBusinessCombinationAdditions' xlink:type='locator' />
<link:loc xlink:href='../elts/us-gaap-2013-01-31.xsd#us-gaap_IntangibleAssetsArisingFromInsuranceContractsAcquiredInBusinessCombinationInterestAccrued' xlink:label='loc_IntangibleAssetsArisingFromInsuranceContractsAcquiredInBusinessCombinationInterestAccrued' xlink:type='locator' />
<link:loc xlink:href='../elts/us-gaap-2013-01-31.xsd#us-gaap_IntangibleAssetsArisingFromInsuranceContractsAcquiredInBusinessCombinationUnrealizedInvestmentGains' xlink:label='loc_IntangibleAssetsArisingFromInsuranceContractsAcquiredInBusinessCombinationUnrealizedInvestmentGains' xlink:type='locator' />
<link:calculationArc order='10' weight='-1.0' xlink:arcrole='http://www.xbrl.org/2003/arcrole/summation-item' xlink:from='loc_BusinessCombinationAssetsAndLiabilitiesArisingFromContingenciesAmountRecognized' xlink:to='loc_BusinessCombinationAssetsArisingFromContingenciesAmountRecognized' xlink:type='arc' />
<link:calculationArc order='20' weight='1.0' xlink:arcrole='http://www.xbrl.org/2003/arcrole/summation-item' xlink:from='loc_BusinessCombinationAssetsAndLiabilitiesArisingFromContingenciesAmountRecognized' xlink:to='loc_BusinessCombinationLiabilitiesArisingFromContingenciesAmountRecognized' xlink:type='arc' />
<link:calculationArc order='10' weight='-1.0' xlink:arcrole='http://www.xbrl.org/2003/arcrole/summation-item' xlink:from='loc_BusinessCombinationAssetsAndLiabilitiesArisingFromContingenciesAmountRecognizedOtherThanAtFairValue' xlink:to='loc_BusinessCombinationAssetsArisingFromContingenciesAmountRecognizedOtherThanAtFairValue' xlink:type='arc' />
<link:calculationArc order='20' weight='1.0' xlink:arcrole='http://www.xbrl.org/2003/arcrole/summation-item' xlink:from='loc_BusinessCombinationAssetsAndLiabilitiesArisingFromContingenciesAmountRecognizedOtherThanAtFairValue' xlink:to='loc_BusinessCombinationLiabilitiesArisingFromContingenciesAmountRecognizedOtherThanAtFairValue' xlink:type='arc' />
<link:calculationArc order='10' weight='1.0' xlink:arcrole='http://www.xbrl.org/2003/arcrole/summation-item' xlink:from='loc_BusinessCombinationConsiderationTransferredIncludingEquityInterestInAcquireeHeldPriorToCombination1' xlink:to='loc_BusinessCombinationConsiderationTransferred1' xlink:type='arc' />
<link:calculationArc order='10' weight='1.0' xlink:arcrole='http://www.xbrl.org/2003/arcrole/summation-item' xlink:from='loc_BusinessCombinationConsiderationTransferred1' xlink:to='loc_PaymentsToAcquireBusinessesGross' xlink:type='arc' />
<link:calculationArc order='20' weight='1.0' xlink:arcrole='http://www.xbrl.org/2003/arcrole/summation-item' xlink:from='loc_BusinessCombinationConsiderationTransferred1' xlink:to='loc_BusinessCombinationConsiderationTransferredOther1' xlink:type='arc' />
<link:calculationArc order='30' weight='1.0' xlink:arcrole='http://www.xbrl.org/2003/arcrole/summation-item' xlink:from='loc_BusinessCombinationConsiderationTransferred1' xlink:to='loc_BusinessCombinationConsiderationTransferredLiabilitiesIncurred' xlink:type='arc' />
<link:calculationArc order='40' weight='1.0' xlink:arcrole='http://www.xbrl.org/2003/arcrole/summation-item' xlink:from='loc_BusinessCombinationConsiderationTransferred1' xlink:to='loc_BusinessCombinationConsiderationTransferredEquityInterestsIssuedAndIssuable' xlink:type='arc' />
<link:calculationArc order='20' weight='1.0' xlink:arcrole='http://www.xbrl.org/2003/arcrole/summation-item' xlink:from='loc_BusinessCombinationConsiderationTransferredIncludingEquityInterestInAcquireeHeldPriorToCombination1' xlink:to='loc_BusinessCombinationStepAcquisitionEquityInterestInAcquireeFairValue1' xlink:type='arc' />
<link:calculationArc order='10' weight='1.0' xlink:arcrole='http://www.xbrl.org/2003/arcrole/summation-item' xlink:from='loc_BusinessCombinationRecognizedIdentifiableAssetsAcquiredGoodwillAndLiabilitiesAssumedLessNoncontrollingInterest' xlink:to='loc_BusinessCombinationRecognizedIdentifiableAssetsAcquiredGoodwillAndLiabilitiesAssumedNet' xlink:type='arc' />
<link:calculationArc order='10' weight='1.0' xlink:arcrole='http://www.xbrl.org/2003/arcrole/summation-item' xlink:from='loc_BusinessCombinationRecognizedIdentifiableAssetsAcquiredGoodwillAndLiabilitiesAssumedNet' xlink:to='loc_BusinessCombinationRecognizedIdentifiableAssetsAcquiredAndLiabilitiesAssumedNet' xlink:type='arc' />
<link:calculationArc order='10' weight='1.0' xlink:arcrole='http://www.xbrl.org/2003/arcrole/summation-item' xlink:from='loc_BusinessCombinationRecognizedIdentifiableAssetsAcquiredAndLiabilitiesAssumedNet' xlink:to='loc_BusinessCombinationRecognizedIdentifiableAssetsAcquiredAndLiabilitiesAssumedAssets' xlink:type='arc' />
<link:calculationArc order='10' weight='1.0' xlink:arcrole='http://www.xbrl.org/2003/arcrole/summation-item' xlink:from='loc_BusinessCombinationRecognizedIdentifiableAssetsAcquiredAndLiabilitiesAssumedAssets' xlink:to='loc_BusinessCombinationRecognizedIdentifiableAssetsAcquiredAndLiabilitiesAssumedCurrentAssets' xlink:type='arc' />
<link:calculationArc order='10' weight='1.0' xlink:arcrole='http://www.xbrl.org/2003/arcrole/summation-item' xlink:from='loc_BusinessCombinationRecognizedIdentifiableAssetsAcquiredAndLiabilitiesAssumedCurrentAssets' xlink:to='loc_BusinessCombinationRecognizedIdentifiableAssetsAcquiredAndLiabilitiesAssumedCashAndEquivalents' xlink:type='arc' />
<link:calculationArc order='20' weight='1.0' xlink:arcrole='http://www.xbrl.org/2003/arcrole/summation-item' xlink:from='loc_BusinessCombinationRecognizedIdentifiableAssetsAcquiredAndLiabilitiesAssumedCurrentAssets' xlink:to='loc_BusinessCombinationRecognizedIdentifiableAssetsAcquiredAndLiabilitiesAssumedInventory' xlink:type='arc' />
<link:calculationArc order='30' weight='1.0' xlink:arcrole='http://www.xbrl.org/2003/arcrole/summation-item' xlink:from='loc_BusinessCombinationRecognizedIdentifiableAssetsAcquiredAndLiabilitiesAssumedCurrentAssets' xlink:to='loc_BusinessCombinationRecognizedIdentifiableAssetsAcquiredAndLiabilitiesAssumedCurrentAssetsMarketableSecurities' xlink:type='arc' />
<link:calculationArc order='40' weight='1.0' xlink:arcrole='http://www.xbrl.org/2003/arcrole/summation-item' xlink:from='loc_BusinessCombinationRecognizedIdentifiableAssetsAcquiredAndLiabilitiesAssumedCurrentAssets' xlink:to='loc_BusinessCombinationRecognizedIdentifiableAssetsAcquiredAndLiabilitiesAssumedCurrentAssetsPrepaidExpenseAndOtherAssets' xlink:type='arc' />
<link:calculationArc order='50' weight='1.0' xlink:arcrole='http://www.xbrl.org/2003/arcrole/summation-item' xlink:from='loc_BusinessCombinationRecognizedIdentifiableAssetsAcquiredAndLiabilitiesAssumedCurrentAssets' xlink:to='loc_BusinessCombinationRecognizedIdentifiableAssetsAcquiredAndLiabilitiesAssumedCurrentAssetsReceivables' xlink:type='arc' />
<link:calculationArc order='60' weight='1.0' xlink:arcrole='http://www.xbrl.org/2003/arcrole/summation-item' xlink:from='loc_BusinessCombinationRecognizedIdentifiableAssetsAcquiredAndLiabilitiesAssumedCurrentAssets' xlink:to='loc_BusinessCombinationRecognizedIdentifiableAssetsAcquiredAndLiabilitiesAssumedCurrentAssetsOther' xlink:type='arc' />
<link:calculationArc order='20' weight='1.0' xlink:arcrole='http://www.xbrl.org/2003/arcrole/summation-item' xlink:from='loc_BusinessCombinationRecognizedIdentifiableAssetsAcquiredAndLiabilitiesAssumedAssets' xlink:to='loc_BusinessCombinationRecognizedIdentifiableAssetsAcquiredAndLiabilitiesAssumedNoncurrentAssets' xlink:type='arc' />
<link:calculationArc order='10' weight='1.0' xlink:arcrole='http://www.xbrl.org/2003/arcrole/summation-item' xlink:from='loc_BusinessCombinationRecognizedIdentifiableAssetsAcquiredAndLiabilitiesAssumedNoncurrentAssets' xlink:to='loc_BusinessCombinationRecognizedIdentifiableAssetsAcquiredAndLiabilitiesAssumedIntangibleAssetsOtherThanGoodwill' xlink:type='arc' />
<link:calculationArc order='10' weight='1.0' xlink:arcrole='http://www.xbrl.org/2003/arcrole/summation-item' xlink:from='loc_BusinessCombinationRecognizedIdentifiableAssetsAcquiredAndLiabilitiesAssumedIntangibleAssetsOtherThanGoodwill' xlink:to='loc_BusinessCombinationRecognizedIdentifiableAssetsAcquiredAndLiabilitiesAssumedIndefiniteLivedIntangibleAssets' xlink:type='arc' />
<link:calculationArc order='20' weight='1.0' xlink:arcrole='http://www.xbrl.org/2003/arcrole/summation-item' xlink:from='loc_BusinessCombinationRecognizedIdentifiableAssetsAcquiredAndLiabilitiesAssumedIntangibleAssetsOtherThanGoodwill' xlink:to='loc_BusinessCombinationRecognizedIdentifiableAssetsAcquiredAndLiabilitiesAssumedIntangibles' xlink:type='arc' />
<link:calculationArc order='20' weight='1.0' xlink:arcrole='http://www.xbrl.org/2003/arcrole/summation-item' xlink:from='loc_BusinessCombinationRecognizedIdentifiableAssetsAcquiredAndLiabilitiesAssumedNoncurrentAssets' xlink:to='loc_BusinessCombinationRecognizedIdentifiableAssetsAcquiredAndLiabilitiesAssumedPropertyPlantAndEquipment' xlink:type='arc' />
<link:calculationArc order='10' weight='1.0' xlink:arcrole='http://www.xbrl.org/2003/arcrole/summation-item' xlink:from='loc_BusinessCombinationRecognizedIdentifiableAssetsAcquiredAndLiabilitiesAssumedPropertyPlantAndEquipment' xlink:to='loc_BusinessCombinationRecognizedIdentifiableAssetsAcquiredAndLiabilitiesAssumedLand' xlink:type='arc' />
<link:calculationArc order='20' weight='1.0' xlink:arcrole='http://www.xbrl.org/2003/arcrole/summation-item' xlink:from='loc_BusinessCombinationRecognizedIdentifiableAssetsAcquiredAndLiabilitiesAssumedPropertyPlantAndEquipment' xlink:to='loc_BusinessCombinationRecognizedIdentifiableAssetsAcquiredAndLiabilitiesAssumedBuildings' xlink:type='arc' />
<link:calculationArc order='30' weight='1.0' xlink:arcrole='http://www.xbrl.org/2003/arcrole/summation-item' xlink:from='loc_BusinessCombinationRecognizedIdentifiableAssetsAcquiredAndLiabilitiesAssumedPropertyPlantAndEquipment' xlink:to='loc_BusinessCombinationRecognizedIdentifiableAssetsAcquiredAndLiabilitiesAssumedEquipment' xlink:type='arc' />
<link:calculationArc order='30' weight='1.0' xlink:arcrole='http://www.xbrl.org/2003/arcrole/summation-item' xlink:from='loc_BusinessCombinationRecognizedIdentifiableAssetsAcquiredAndLiabilitiesAssumedNoncurrentAssets' xlink:to='loc_BusinessCombinationRecognizedIdentifiableAssetsAcquiredAndLiabilitiesAssumedDeferredTaxAssetsNoncurrent' xlink:type='arc' />
<link:calculationArc order='40' weight='1.0' xlink:arcrole='http://www.xbrl.org/2003/arcrole/summation-item' xlink:from='loc_BusinessCombinationRecognizedIdentifiableAssetsAcquiredAndLiabilitiesAssumedNoncurrentAssets' xlink:to='loc_BusinessCombinationRecognizedIdentifiableAssetsAcquiredAndLiabilitiesAssumedOtherNoncurrentAssets' xlink:type='arc' />
<link:calculationArc order='30' weight='1.0' xlink:arcrole='http://www.xbrl.org/2003/arcrole/summation-item' xlink:from='loc_BusinessCombinationRecognizedIdentifiableAssetsAcquiredAndLiabilitiesAssumedAssets' xlink:to='loc_BusinessCombinationRecognizedIdentifiableAssetsAcquiredAndLiabilitiesAssumedFinancialAssets' xlink:type='arc' />
<link:calculationArc order='20' weight='-1.0' xlink:arcrole='http://www.xbrl.org/2003/arcrole/summation-item' xlink:from='loc_BusinessCombinationRecognizedIdentifiableAssetsAcquiredAndLiabilitiesAssumedNet' xlink:to='loc_BusinessCombinationRecognizedIdentifiableAssetsAcquiredAndLiabilitiesAssumedLiabilities' xlink:type='arc' />
<link:calculationArc order='10' weight='1.0' xlink:arcrole='http://www.xbrl.org/2003/arcrole/summation-item' xlink:from='loc_BusinessCombinationRecognizedIdentifiableAssetsAcquiredAndLiabilitiesAssumedLiabilities' xlink:to='loc_BusinessCombinationRecognizedIdentifiableAssetsAcquiredAndLiabilitiesAssumedCurrentLiabilities' xlink:type='arc' />
<link:calculationArc order='10' weight='1.0' xlink:arcrole='http://www.xbrl.org/2003/arcrole/summation-item' xlink:from='loc_BusinessCombinationRecognizedIdentifiableAssetsAcquiredAndLiabilitiesAssumedCurrentLiabilities' xlink:to='loc_BusinessCombinationRecognizedIdentifiableAssetsAcquiredAndLiabilitiesAssumedCurrentLiabilitiesAccountsPayable' xlink:type='arc' />
<link:calculationArc order='20' weight='1.0' xlink:arcrole='http://www.xbrl.org/2003/arcrole/summation-item' xlink:from='loc_BusinessCombinationRecognizedIdentifiableAssetsAcquiredAndLiabilitiesAssumedCurrentLiabilities' xlink:to='loc_BusinessCombinationRecognizedIdentifiableAssetsAcquiredAndLiabilitiesAssumedCurrentLiabilitiesDeferredRevenue' xlink:type='arc' />
<link:calculationArc order='30' weight='1.0' xlink:arcrole='http://www.xbrl.org/2003/arcrole/summation-item' xlink:from='loc_BusinessCombinationRecognizedIdentifiableAssetsAcquiredAndLiabilitiesAssumedCurrentLiabilities' xlink:to='loc_BusinessCombinationRecognizedIdentifiableAssetsAcquiredAndLiabilitiesAssumedCurrentLiabilitiesLongTermDebt' xlink:type='arc' />
<link:calculationArc order='40' weight='1.0' xlink:arcrole='http://www.xbrl.org/2003/arcrole/summation-item' xlink:from='loc_BusinessCombinationRecognizedIdentifiableAssetsAcquiredAndLiabilitiesAssumedCurrentLiabilities' xlink:to='loc_BusinessCombinationRecognizedIdentifiableAssetsAcquiredAndLiabilitiesAssumedCurrentLiabilitiesOther' xlink:type='arc' />
<link:calculationArc order='20' weight='1.0' xlink:arcrole='http://www.xbrl.org/2003/arcrole/summation-item' xlink:from='loc_BusinessCombinationRecognizedIdentifiableAssetsAcquiredAndLiabilitiesAssumedLiabilities' xlink:to='loc_BusinessCombinationRecognizedIdentifiableAssetsAcquiredAndLiabilitiesAssumedNoncurrentLiabilities' xlink:type='arc' />
<link:calculationArc order='10' weight='1.0' xlink:arcrole='http://www.xbrl.org/2003/arcrole/summation-item' xlink:from='loc_BusinessCombinationRecognizedIdentifiableAssetsAcquiredAndLiabilitiesAssumedNoncurrentLiabilities' xlink:to='loc_BusinessCombinationRecognizedIdentifiableAssetsAcquiredAndLiabilitiesAssumedDeferredTaxLiabilitiesNoncurrent' xlink:type='arc' />
<link:calculationArc order='20' weight='1.0' xlink:arcrole='http://www.xbrl.org/2003/arcrole/summation-item' xlink:from='loc_BusinessCombinationRecognizedIdentifiableAssetsAcquiredAndLiabilitiesAssumedNoncurrentLiabilities' xlink:to='loc_BusinessCombinationRecognizedIdentifiableAssetsAcquiredAndLiabilitiesAssumedNoncurrentLiabilitiesOther' xlink:type='arc' />
<link:calculationArc order='30' weight='1.0' xlink:arcrole='http://www.xbrl.org/2003/arcrole/summation-item' xlink:from='loc_BusinessCombinationRecognizedIdentifiableAssetsAcquiredAndLiabilitiesAssumedNoncurrentLiabilities' xlink:to='loc_BusinessCombinationRecognizedIdentifiableAssetsAcquiredAndLiabilitiesAssumedNoncurrentLiabilitiesLongTermDebt' xlink:type='arc' />
<link:calculationArc order='30' weight='1.0' xlink:arcrole='http://www.xbrl.org/2003/arcrole/summation-item' xlink:from='loc_BusinessCombinationRecognizedIdentifiableAssetsAcquiredAndLiabilitiesAssumedLiabilities' xlink:to='loc_BusinessCombinationRecognizedIdentifiableAssetsAcquiredAndLiabilitiesAssumedCapitalLeaseObligation' xlink:type='arc' />
<link:calculationArc order='40' weight='1.0' xlink:arcrole='http://www.xbrl.org/2003/arcrole/summation-item' xlink:from='loc_BusinessCombinationRecognizedIdentifiableAssetsAcquiredAndLiabilitiesAssumedLiabilities' xlink:to='loc_BusinessCombinationRecognizedIdentifiableAssetsAcquiredAndLiabilitiesAssumedFinancialLiabilities' xlink:type='arc' />
<link:calculationArc order='50' weight='1.0' xlink:arcrole='http://www.xbrl.org/2003/arcrole/summation-item' xlink:from='loc_BusinessCombinationRecognizedIdentifiableAssetsAcquiredAndLiabilitiesAssumedLiabilities' xlink:to='loc_BusinessCombinationRecognizedIdentifiableAssetsAcquiredAndLiabilitiesAssumedContingentLiability' xlink:type='arc' />
<link:calculationArc order='60' weight='1.0' xlink:arcrole='http://www.xbrl.org/2003/arcrole/summation-item' xlink:from='loc_BusinessCombinationRecognizedIdentifiableAssetsAcquiredAndLiabilitiesAssumedLiabilities' xlink:to='loc_BusinessCombinationRecognizedIdentifiableAssetsAcquiredAndLiabilitiesAssumedRestructuringLiabilities' xlink:type='arc' />
<link:calculationArc order='20' weight='1.0' xlink:arcrole='http://www.xbrl.org/2003/arcrole/summation-item' xlink:from='loc_BusinessCombinationRecognizedIdentifiableAssetsAcquiredGoodwillAndLiabilitiesAssumedNet' xlink:to='loc_Goodwill' xlink:type='arc' />
<link:calculationArc order='20' weight='-1.0' xlink:arcrole='http://www.xbrl.org/2003/arcrole/summation-item' xlink:from='loc_BusinessCombinationRecognizedIdentifiableAssetsAcquiredGoodwillAndLiabilitiesAssumedLessNoncontrollingInterest' xlink:to='loc_BusinessCombinationAcquisitionOfLessThan100PercentNoncontrollingInterestFairValue' xlink:type='arc' />
<link:calculationArc order='10' weight='1.0' xlink:arcrole='http://www.xbrl.org/2003/arcrole/summation-item' xlink:from='loc_BusinessCombinationStepAcquisitionEquityInterestInAcquireeRemeasurementGainOrLoss' xlink:to='loc_BusinessCombinationStepAcquisitionEquityInterestInAcquireeRemeasurementGain' xlink:type='arc' />
<link:calculationArc order='20' weight='-1.0' xlink:arcrole='http://www.xbrl.org/2003/arcrole/summation-item' xlink:from='loc_BusinessCombinationStepAcquisitionEquityInterestInAcquireeRemeasurementGainOrLoss' xlink:to='loc_BusinessCombinationStepAcquisitionEquityInterestInAcquireeRemeasurementLoss' xlink:type='arc' />
<link:calculationArc order='10' weight='1.0' xlink:arcrole='http://www.xbrl.org/2003/arcrole/summation-item' xlink:from='loc_BusinessCombinationStepAcquisitionEquityInterestInAcquireeIncludingSubsequentAcquisitionPercentage' xlink:to='loc_BusinessAcquisitionPercentageOfVotingInterestsAcquired' xlink:type='arc' />
<link:calculationArc order='20' weight='1.0' xlink:arcrole='http://www.xbrl.org/2003/arcrole/summation-item' xlink:from='loc_BusinessCombinationStepAcquisitionEquityInterestInAcquireeIncludingSubsequentAcquisitionPercentage' xlink:to='loc_BusinessCombinationStepAcquisitionEquityInterestInAcquireePercentage' xlink:type='arc' />
<link:calculationArc order='10' weight='1.0' xlink:arcrole='http://www.xbrl.org/2003/arcrole/summation-item' xlink:from='loc_GoodwillPeriodIncreaseDecrease' xlink:to='loc_GoodwillAcquiredDuringPeriod' xlink:type='arc' />
<link:calculationArc order='20' weight='-1.0' xlink:arcrole='http://www.xbrl.org/2003/arcrole/summation-item' xlink:from='loc_GoodwillPeriodIncreaseDecrease' xlink:to='loc_GoodwillImpairmentLoss' xlink:type='arc' />
<link:calculationArc order='30' weight='-1.0' xlink:arcrole='http://www.xbrl.org/2003/arcrole/summation-item' xlink:from='loc_GoodwillPeriodIncreaseDecrease' xlink:to='loc_GoodwillWrittenOffRelatedToSaleOfBusinessUnit' xlink:type='arc' />
<link:calculationArc order='40' weight='1.0' xlink:arcrole='http://www.xbrl.org/2003/arcrole/summation-item' xlink:from='loc_GoodwillPeriodIncreaseDecrease' xlink:to='loc_GoodwillTranslationAndPurchaseAccountingAdjustments' xlink:type='arc' />
<link:calculationArc order='10' weight='1.0' xlink:arcrole='http://www.xbrl.org/2003/arcrole/summation-item' xlink:from='loc_GoodwillTranslationAndPurchaseAccountingAdjustments' xlink:to='loc_GoodwillTranslationAdjustments' xlink:type='arc' />
<link:calculationArc order='20' weight='1.0' xlink:arcrole='http://www.xbrl.org/2003/arcrole/summation-item' xlink:from='loc_GoodwillTranslationAndPurchaseAccountingAdjustments' xlink:to='loc_GoodwillPurchaseAccountingAdjustments' xlink:type='arc' />
<link:calculationArc order='50' weight='1.0' xlink:arcrole='http://www.xbrl.org/2003/arcrole/summation-item' xlink:from='loc_GoodwillPeriodIncreaseDecrease' xlink:to='loc_GoodwillTransfers' xlink:type='arc' />
<link:calculationArc order='60' weight='-1.0' xlink:arcrole='http://www.xbrl.org/2003/arcrole/summation-item' xlink:from='loc_GoodwillPeriodIncreaseDecrease' xlink:to='loc_GoodwillOtherChanges' xlink:type='arc' />
<link:calculationArc order='70' weight='-1.0' xlink:arcrole='http://www.xbrl.org/2003/arcrole/summation-item' xlink:from='loc_GoodwillPeriodIncreaseDecrease' xlink:to='loc_GoodwillSubsequentRecognitionOfDeferredTaxAsset' xlink:type='arc' />
<link:calculationArc order='10' weight='-1.0' xlink:arcrole='http://www.xbrl.org/2003/arcrole/summation-item' xlink:from='loc_IntangibleAssetsArisingFromInsuranceContractsAcquiredInBusinessCombinationPeriodIncreaseDecrease' xlink:to='loc_IntangibleAssetsArisingFromInsuranceContractsAcquiredInBusinessCombinationDecreases' xlink:type='arc' />
<link:calculationArc order='10' weight='1.0' xlink:arcrole='http://www.xbrl.org/2003/arcrole/summation-item' xlink:from='loc_IntangibleAssetsArisingFromInsuranceContractsAcquiredInBusinessCombinationDecreases' xlink:to='loc_IntangibleAssetsArisingFromInsuranceContractsAcquiredInBusinessCombinationDispositions' xlink:type='arc' />
<link:calculationArc order='20' weight='1.0' xlink:arcrole='http://www.xbrl.org/2003/arcrole/summation-item' xlink:from='loc_IntangibleAssetsArisingFromInsuranceContractsAcquiredInBusinessCombinationDecreases' xlink:to='loc_IntangibleAssetsArisingFromInsuranceContractsAcquiredInBusinessCombinationUnrealizedInvestmentLosses' xlink:type='arc' />
<link:calculationArc order='30' weight='1.0' xlink:arcrole='http://www.xbrl.org/2003/arcrole/summation-item' xlink:from='loc_IntangibleAssetsArisingFromInsuranceContractsAcquiredInBusinessCombinationDecreases' xlink:to='loc_IntangiblesAssetsArisingFromInsuranceContractsAcquiredInBusinessCombinationAmortizationExpense' xlink:type='arc' />
<link:calculationArc order='40' weight='1.0' xlink:arcrole='http://www.xbrl.org/2003/arcrole/summation-item' xlink:from='loc_IntangibleAssetsArisingFromInsuranceContractsAcquiredInBusinessCombinationDecreases' xlink:to='loc_IntangibleAssetsArisingFromInsuranceContractsAcquiredInBusinessCombinationImpairmentWritedown' xlink:type='arc' />
<link:calculationArc order='20' weight='1.0' xlink:arcrole='http://www.xbrl.org/2003/arcrole/summation-item' xlink:from='loc_IntangibleAssetsArisingFromInsuranceContractsAcquiredInBusinessCombinationPeriodIncreaseDecrease' xlink:to='loc_IntangibleAssetsArisingFromInsuranceContractsAcquiredInBusinessCombinationIncreases' xlink:type='arc' />
<link:calculationArc order='10' weight='1.0' xlink:arcrole='http://www.xbrl.org/2003/arcrole/summation-item' xlink:from='loc_IntangibleAssetsArisingFromInsuranceContractsAcquiredInBusinessCombinationIncreases' xlink:to='loc_IntangibleAssetsArisingFromInsuranceContractsAcquiredInBusinessCombinationAdditions' xlink:type='arc' />
<link:calculationArc order='20' weight='1.0' xlink:arcrole='http://www.xbrl.org/2003/arcrole/summation-item' xlink:from='loc_IntangibleAssetsArisingFromInsuranceContractsAcquiredInBusinessCombinationIncreases' xlink:to='loc_IntangibleAssetsArisingFromInsuranceContractsAcquiredInBusinessCombinationInterestAccrued' xlink:type='arc' />
<link:calculationArc order='30' weight='1.0' xlink:arcrole='http://www.xbrl.org/2003/arcrole/summation-item' xlink:from='loc_IntangibleAssetsArisingFromInsuranceContractsAcquiredInBusinessCombinationIncreases' xlink:to='loc_IntangibleAssetsArisingFromInsuranceContractsAcquiredInBusinessCombinationUnrealizedInvestmentGains' xlink:type='arc' />
</link:calculationLink>
</link:linkbase>
