<?xml version='1.0' encoding='UTF-8'?>

<!--
(c) XBRL US, Inc. 2007-2010; Financial Accounting Foundation, Inc. 2010-2013.  All Rights Reserved.
Notice: Authorized Uses are Set Forth at http://xbrl.fasb.org/terms/TaxonomiesTermsConditions.html
  -->
<link:linkbase xmlns:link='http://www.xbrl.org/2003/linkbase' xmlns:xbrldt='http://xbrl.org/2005/xbrldt' xmlns:xlink='http://www.w3.org/1999/xlink' xmlns:xsi='http://www.w3.org/2001/XMLSchema-instance' xsi:schemaLocation='http://www.xbrl.org/2003/linkbase http://www.xbrl.org/2003/xbrl-linkbase-2003-12-31.xsd'>
<link:roleRef roleURI='http://fasb.org/us-gaap/role/disclosure/IntangibleAssetsGoodwillAndOther' xlink:href='../elts/us-roles-2013-01-31.xsd#iago' xlink:type='simple' />
<link:calculationLink xlink:role='http://fasb.org/us-gaap/role/disclosure/IntangibleAssetsGoodwillAndOther' xlink:type='extended'>
<link:loc xlink:href='../elts/us-gaap-2013-01-31.xsd#us-gaap_FiniteLivedIntangibleAssetsPeriodIncreaseDecrease' xlink:label='loc_FiniteLivedIntangibleAssetsPeriodIncreaseDecrease' xlink:type='locator' />
<link:loc xlink:href='../elts/us-gaap-2013-01-31.xsd#us-gaap_FinitelivedIntangibleAssetsAcquired1' xlink:label='loc_FinitelivedIntangibleAssetsAcquired1' xlink:type='locator' />
<link:loc xlink:href='../elts/us-gaap-2013-01-31.xsd#us-gaap_AmortizationOfIntangibleAssets' xlink:label='loc_AmortizationOfIntangibleAssets' xlink:type='locator' />
<link:loc xlink:href='../elts/us-gaap-2013-01-31.xsd#us-gaap_ImpairmentOfIntangibleAssetsFinitelived' xlink:label='loc_ImpairmentOfIntangibleAssetsFinitelived' xlink:type='locator' />
<link:loc xlink:href='../elts/us-gaap-2013-01-31.xsd#us-gaap_FiniteLivedIntangibleAssetsTranslationAndPurchaseAccountingAdjustments' xlink:label='loc_FiniteLivedIntangibleAssetsTranslationAndPurchaseAccountingAdjustments' xlink:type='locator' />
<link:loc xlink:href='../elts/us-gaap-2013-01-31.xsd#us-gaap_FiniteLivedIntangibleAssetsTranslationAdjustments' xlink:label='loc_FiniteLivedIntangibleAssetsTranslationAdjustments' xlink:type='locator' />
<link:loc xlink:href='../elts/us-gaap-2013-01-31.xsd#us-gaap_FiniteLivedIntangibleAssetsPurchaseAccountingAdjustments' xlink:label='loc_FiniteLivedIntangibleAssetsPurchaseAccountingAdjustments' xlink:type='locator' />
<link:loc xlink:href='../elts/us-gaap-2013-01-31.xsd#us-gaap_GoodwillPeriodIncreaseDecrease' xlink:label='loc_GoodwillPeriodIncreaseDecrease' xlink:type='locator' />
<link:loc xlink:href='../elts/us-gaap-2013-01-31.xsd#us-gaap_GoodwillAcquiredDuringPeriod' xlink:label='loc_GoodwillAcquiredDuringPeriod' xlink:type='locator' />
<link:loc xlink:href='../elts/us-gaap-2013-01-31.xsd#us-gaap_GoodwillImpairmentLoss' xlink:label='loc_GoodwillImpairmentLoss' xlink:type='locator' />
<link:loc xlink:href='../elts/us-gaap-2013-01-31.xsd#us-gaap_GoodwillWrittenOffRelatedToSaleOfBusinessUnit' xlink:label='loc_GoodwillWrittenOffRelatedToSaleOfBusinessUnit' xlink:type='locator' />
<link:loc xlink:href='../elts/us-gaap-2013-01-31.xsd#us-gaap_GoodwillTranslationAndPurchaseAccountingAdjustments' xlink:label='loc_GoodwillTranslationAndPurchaseAccountingAdjustments' xlink:type='locator' />
<link:loc xlink:href='../elts/us-gaap-2013-01-31.xsd#us-gaap_GoodwillTranslationAdjustments' xlink:label='loc_GoodwillTranslationAdjustments' xlink:type='locator' />
<link:loc xlink:href='../elts/us-gaap-2013-01-31.xsd#us-gaap_GoodwillPurchaseAccountingAdjustments' xlink:label='loc_GoodwillPurchaseAccountingAdjustments' xlink:type='locator' />
<link:loc xlink:href='../elts/us-gaap-2013-01-31.xsd#us-gaap_GoodwillTransfers' xlink:label='loc_GoodwillTransfers' xlink:type='locator' />
<link:loc xlink:href='../elts/us-gaap-2013-01-31.xsd#us-gaap_GoodwillOtherChanges' xlink:label='loc_GoodwillOtherChanges' xlink:type='locator' />
<link:loc xlink:href='../elts/us-gaap-2013-01-31.xsd#us-gaap_GoodwillSubsequentRecognitionOfDeferredTaxAsset' xlink:label='loc_GoodwillSubsequentRecognitionOfDeferredTaxAsset' xlink:type='locator' />
<link:loc xlink:href='../elts/us-gaap-2013-01-31.xsd#us-gaap_ImpairmentOfIntangibleAssetsExcludingGoodwill' xlink:label='loc_ImpairmentOfIntangibleAssetsExcludingGoodwill' xlink:type='locator' />
<link:loc xlink:href='../elts/us-gaap-2013-01-31.xsd#us-gaap_ImpairmentOfIntangibleAssetsIndefinitelivedExcludingGoodwill' xlink:label='loc_ImpairmentOfIntangibleAssetsIndefinitelivedExcludingGoodwill' xlink:type='locator' />
<link:loc xlink:href='../elts/us-gaap-2013-01-31.xsd#us-gaap_IndefiniteLivedIntangibleAssetsPeriodIncreaseDecrease' xlink:label='loc_IndefiniteLivedIntangibleAssetsPeriodIncreaseDecrease' xlink:type='locator' />
<link:loc xlink:href='../elts/us-gaap-2013-01-31.xsd#us-gaap_IndefinitelivedIntangibleAssetsAcquired' xlink:label='loc_IndefinitelivedIntangibleAssetsAcquired' xlink:type='locator' />
<link:loc xlink:href='../elts/us-gaap-2013-01-31.xsd#us-gaap_IndefiniteLivedIntangibleAssetsWrittenOffRelatedToSaleOfBusinessUnit' xlink:label='loc_IndefiniteLivedIntangibleAssetsWrittenOffRelatedToSaleOfBusinessUnit' xlink:type='locator' />
<link:loc xlink:href='../elts/us-gaap-2013-01-31.xsd#us-gaap_IndefiniteLivedIntangibleAssetsTranslationAndPurchaseAccountingAdjustments' xlink:label='loc_IndefiniteLivedIntangibleAssetsTranslationAndPurchaseAccountingAdjustments' xlink:type='locator' />
<link:loc xlink:href='../elts/us-gaap-2013-01-31.xsd#us-gaap_IndefiniteLivedIntangibleAssetsTranslationAdjustments' xlink:label='loc_IndefiniteLivedIntangibleAssetsTranslationAdjustments' xlink:type='locator' />
<link:loc xlink:href='../elts/us-gaap-2013-01-31.xsd#us-gaap_IndefiniteLivedIntangibleAssetsPurchaseAccountingAdjustments' xlink:label='loc_IndefiniteLivedIntangibleAssetsPurchaseAccountingAdjustments' xlink:type='locator' />
<link:loc xlink:href='../elts/us-gaap-2013-01-31.xsd#us-gaap_IntangibleAssetsNetExcludingGoodwill' xlink:label='loc_IntangibleAssetsNetExcludingGoodwill' xlink:type='locator' />
<link:loc xlink:href='../elts/us-gaap-2013-01-31.xsd#us-gaap_IndefiniteLivedIntangibleAssetsExcludingGoodwill' xlink:label='loc_IndefiniteLivedIntangibleAssetsExcludingGoodwill' xlink:type='locator' />
<link:loc xlink:href='../elts/us-gaap-2013-01-31.xsd#us-gaap_IndefiniteLivedContractualRights' xlink:label='loc_IndefiniteLivedContractualRights' xlink:type='locator' />
<link:loc xlink:href='../elts/us-gaap-2013-01-31.xsd#us-gaap_IndefiniteLivedFranchiseRights' xlink:label='loc_IndefiniteLivedFranchiseRights' xlink:type='locator' />
<link:loc xlink:href='../elts/us-gaap-2013-01-31.xsd#us-gaap_IndefiniteLivedLicenseAgreements' xlink:label='loc_IndefiniteLivedLicenseAgreements' xlink:type='locator' />
<link:loc xlink:href='../elts/us-gaap-2013-01-31.xsd#us-gaap_IndefiniteLivedTrademarks' xlink:label='loc_IndefiniteLivedTrademarks' xlink:type='locator' />
<link:loc xlink:href='../elts/us-gaap-2013-01-31.xsd#us-gaap_IndefiniteLivedTradeNames' xlink:label='loc_IndefiniteLivedTradeNames' xlink:type='locator' />
<link:loc xlink:href='../elts/us-gaap-2013-01-31.xsd#us-gaap_OtherIndefiniteLivedIntangibleAssets' xlink:label='loc_OtherIndefiniteLivedIntangibleAssets' xlink:type='locator' />
<link:loc xlink:href='../elts/us-gaap-2013-01-31.xsd#us-gaap_FiniteLivedIntangibleAssetsNet' xlink:label='loc_FiniteLivedIntangibleAssetsNet' xlink:type='locator' />
<link:loc xlink:href='../elts/us-gaap-2013-01-31.xsd#us-gaap_FiniteLivedIntangibleAssetsAccumulatedAmortization' xlink:label='loc_FiniteLivedIntangibleAssetsAccumulatedAmortization' xlink:type='locator' />
<link:loc xlink:href='../elts/us-gaap-2013-01-31.xsd#us-gaap_FiniteLivedIntangibleAssetsGross' xlink:label='loc_FiniteLivedIntangibleAssetsGross' xlink:type='locator' />
<link:loc xlink:href='../elts/us-gaap-2013-01-31.xsd#us-gaap_CapitalizedComputerSoftwareGross' xlink:label='loc_CapitalizedComputerSoftwareGross' xlink:type='locator' />
<link:loc xlink:href='../elts/us-gaap-2013-01-31.xsd#us-gaap_FiniteLivedContractualRightsGross' xlink:label='loc_FiniteLivedContractualRightsGross' xlink:type='locator' />
<link:loc xlink:href='../elts/us-gaap-2013-01-31.xsd#us-gaap_FiniteLivedCustomerListsGross' xlink:label='loc_FiniteLivedCustomerListsGross' xlink:type='locator' />
<link:loc xlink:href='../elts/us-gaap-2013-01-31.xsd#us-gaap_FiniteLivedCustomerRelationshipsGross' xlink:label='loc_FiniteLivedCustomerRelationshipsGross' xlink:type='locator' />
<link:loc xlink:href='../elts/us-gaap-2013-01-31.xsd#us-gaap_FiniteLivedLicenseAgreementsGross' xlink:label='loc_FiniteLivedLicenseAgreementsGross' xlink:type='locator' />
<link:loc xlink:href='../elts/us-gaap-2013-01-31.xsd#us-gaap_FiniteLivedNoncompeteAgreementsGross' xlink:label='loc_FiniteLivedNoncompeteAgreementsGross' xlink:type='locator' />
<link:loc xlink:href='../elts/us-gaap-2013-01-31.xsd#us-gaap_FiniteLivedIntangibleAssetOffMarketLeaseFavorableGross' xlink:label='loc_FiniteLivedIntangibleAssetOffMarketLeaseFavorableGross' xlink:type='locator' />
<link:loc xlink:href='../elts/us-gaap-2013-01-31.xsd#us-gaap_FiniteLivedPatentsGross' xlink:label='loc_FiniteLivedPatentsGross' xlink:type='locator' />
<link:loc xlink:href='../elts/us-gaap-2013-01-31.xsd#us-gaap_FiniteLivedTrademarksGross' xlink:label='loc_FiniteLivedTrademarksGross' xlink:type='locator' />
<link:loc xlink:href='../elts/us-gaap-2013-01-31.xsd#us-gaap_FiniteLivedTradeNamesGross' xlink:label='loc_FiniteLivedTradeNamesGross' xlink:type='locator' />
<link:loc xlink:href='../elts/us-gaap-2013-01-31.xsd#us-gaap_FiniteLivedIntangibleAssetAcquiredInPlaceLeases' xlink:label='loc_FiniteLivedIntangibleAssetAcquiredInPlaceLeases' xlink:type='locator' />
<link:loc xlink:href='../elts/us-gaap-2013-01-31.xsd#us-gaap_FiniteLivedCoreDepositsGross' xlink:label='loc_FiniteLivedCoreDepositsGross' xlink:type='locator' />
<link:loc xlink:href='../elts/us-gaap-2013-01-31.xsd#us-gaap_OtherFiniteLivedIntangibleAssetsGross' xlink:label='loc_OtherFiniteLivedIntangibleAssetsGross' xlink:type='locator' />
<link:loc xlink:href='../elts/us-gaap-2013-01-31.xsd#us-gaap_IntangibleAssetsNetIncludingGoodwill' xlink:label='loc_IntangibleAssetsNetIncludingGoodwill' xlink:type='locator' />
<link:loc xlink:href='../elts/us-gaap-2013-01-31.xsd#us-gaap_Goodwill' xlink:label='loc_Goodwill' xlink:type='locator' />
<link:loc xlink:href='../elts/us-gaap-2013-01-31.xsd#us-gaap_GoodwillGross' xlink:label='loc_GoodwillGross' xlink:type='locator' />
<link:loc xlink:href='../elts/us-gaap-2013-01-31.xsd#us-gaap_GoodwillImpairedAccumulatedImpairmentLoss' xlink:label='loc_GoodwillImpairedAccumulatedImpairmentLoss' xlink:type='locator' />
<link:calculationArc order='10' weight='1.0' xlink:arcrole='http://www.xbrl.org/2003/arcrole/summation-item' xlink:from='loc_FiniteLivedIntangibleAssetsPeriodIncreaseDecrease' xlink:to='loc_FinitelivedIntangibleAssetsAcquired1' xlink:type='arc' />
<link:calculationArc order='20' weight='1.0' xlink:arcrole='http://www.xbrl.org/2003/arcrole/summation-item' xlink:from='loc_FiniteLivedIntangibleAssetsPeriodIncreaseDecrease' xlink:to='loc_AmortizationOfIntangibleAssets' xlink:type='arc' />
<link:calculationArc order='30' weight='1.0' xlink:arcrole='http://www.xbrl.org/2003/arcrole/summation-item' xlink:from='loc_FiniteLivedIntangibleAssetsPeriodIncreaseDecrease' xlink:to='loc_ImpairmentOfIntangibleAssetsFinitelived' xlink:type='arc' />
<link:calculationArc order='40' weight='1.0' xlink:arcrole='http://www.xbrl.org/2003/arcrole/summation-item' xlink:from='loc_FiniteLivedIntangibleAssetsPeriodIncreaseDecrease' xlink:to='loc_FiniteLivedIntangibleAssetsTranslationAndPurchaseAccountingAdjustments' xlink:type='arc' />
<link:calculationArc order='10' weight='1.0' xlink:arcrole='http://www.xbrl.org/2003/arcrole/summation-item' xlink:from='loc_FiniteLivedIntangibleAssetsTranslationAndPurchaseAccountingAdjustments' xlink:to='loc_FiniteLivedIntangibleAssetsTranslationAdjustments' xlink:type='arc' />
<link:calculationArc order='20' weight='1.0' xlink:arcrole='http://www.xbrl.org/2003/arcrole/summation-item' xlink:from='loc_FiniteLivedIntangibleAssetsTranslationAndPurchaseAccountingAdjustments' xlink:to='loc_FiniteLivedIntangibleAssetsPurchaseAccountingAdjustments' xlink:type='arc' />
<link:calculationArc order='10' weight='1.0' xlink:arcrole='http://www.xbrl.org/2003/arcrole/summation-item' xlink:from='loc_GoodwillPeriodIncreaseDecrease' xlink:to='loc_GoodwillAcquiredDuringPeriod' xlink:type='arc' />
<link:calculationArc order='20' weight='-1.0' xlink:arcrole='http://www.xbrl.org/2003/arcrole/summation-item' xlink:from='loc_GoodwillPeriodIncreaseDecrease' xlink:to='loc_GoodwillImpairmentLoss' xlink:type='arc' />
<link:calculationArc order='30' weight='-1.0' xlink:arcrole='http://www.xbrl.org/2003/arcrole/summation-item' xlink:from='loc_GoodwillPeriodIncreaseDecrease' xlink:to='loc_GoodwillWrittenOffRelatedToSaleOfBusinessUnit' xlink:type='arc' />
<link:calculationArc order='40' weight='1.0' xlink:arcrole='http://www.xbrl.org/2003/arcrole/summation-item' xlink:from='loc_GoodwillPeriodIncreaseDecrease' xlink:to='loc_GoodwillTranslationAndPurchaseAccountingAdjustments' xlink:type='arc' />
<link:calculationArc order='10' weight='1.0' xlink:arcrole='http://www.xbrl.org/2003/arcrole/summation-item' xlink:from='loc_GoodwillTranslationAndPurchaseAccountingAdjustments' xlink:to='loc_GoodwillTranslationAdjustments' xlink:type='arc' />
<link:calculationArc order='20' weight='1.0' xlink:arcrole='http://www.xbrl.org/2003/arcrole/summation-item' xlink:from='loc_GoodwillTranslationAndPurchaseAccountingAdjustments' xlink:to='loc_GoodwillPurchaseAccountingAdjustments' xlink:type='arc' />
<link:calculationArc order='50' weight='1.0' xlink:arcrole='http://www.xbrl.org/2003/arcrole/summation-item' xlink:from='loc_GoodwillPeriodIncreaseDecrease' xlink:to='loc_GoodwillTransfers' xlink:type='arc' />
<link:calculationArc order='60' weight='-1.0' xlink:arcrole='http://www.xbrl.org/2003/arcrole/summation-item' xlink:from='loc_GoodwillPeriodIncreaseDecrease' xlink:to='loc_GoodwillOtherChanges' xlink:type='arc' />
<link:calculationArc order='70' weight='-1.0' xlink:arcrole='http://www.xbrl.org/2003/arcrole/summation-item' xlink:from='loc_GoodwillPeriodIncreaseDecrease' xlink:to='loc_GoodwillSubsequentRecognitionOfDeferredTaxAsset' xlink:type='arc' />
<link:calculationArc order='10' weight='1.0' xlink:arcrole='http://www.xbrl.org/2003/arcrole/summation-item' xlink:from='loc_ImpairmentOfIntangibleAssetsExcludingGoodwill' xlink:to='loc_ImpairmentOfIntangibleAssetsFinitelived' xlink:type='arc' />
<link:calculationArc order='20' weight='1.0' xlink:arcrole='http://www.xbrl.org/2003/arcrole/summation-item' xlink:from='loc_ImpairmentOfIntangibleAssetsExcludingGoodwill' xlink:to='loc_ImpairmentOfIntangibleAssetsIndefinitelivedExcludingGoodwill' xlink:type='arc' />
<link:calculationArc order='10' weight='1.0' xlink:arcrole='http://www.xbrl.org/2003/arcrole/summation-item' xlink:from='loc_IndefiniteLivedIntangibleAssetsPeriodIncreaseDecrease' xlink:to='loc_IndefinitelivedIntangibleAssetsAcquired' xlink:type='arc' />
<link:calculationArc order='20' weight='-1.0' xlink:arcrole='http://www.xbrl.org/2003/arcrole/summation-item' xlink:from='loc_IndefiniteLivedIntangibleAssetsPeriodIncreaseDecrease' xlink:to='loc_ImpairmentOfIntangibleAssetsIndefinitelivedExcludingGoodwill' xlink:type='arc' />
<link:calculationArc order='30' weight='-1.0' xlink:arcrole='http://www.xbrl.org/2003/arcrole/summation-item' xlink:from='loc_IndefiniteLivedIntangibleAssetsPeriodIncreaseDecrease' xlink:to='loc_IndefiniteLivedIntangibleAssetsWrittenOffRelatedToSaleOfBusinessUnit' xlink:type='arc' />
<link:calculationArc order='40' weight='1.0' xlink:arcrole='http://www.xbrl.org/2003/arcrole/summation-item' xlink:from='loc_IndefiniteLivedIntangibleAssetsPeriodIncreaseDecrease' xlink:to='loc_IndefiniteLivedIntangibleAssetsTranslationAndPurchaseAccountingAdjustments' xlink:type='arc' />
<link:calculationArc order='10' weight='1.0' xlink:arcrole='http://www.xbrl.org/2003/arcrole/summation-item' xlink:from='loc_IndefiniteLivedIntangibleAssetsTranslationAndPurchaseAccountingAdjustments' xlink:to='loc_IndefiniteLivedIntangibleAssetsTranslationAdjustments' xlink:type='arc' />
<link:calculationArc order='20' weight='1.0' xlink:arcrole='http://www.xbrl.org/2003/arcrole/summation-item' xlink:from='loc_IndefiniteLivedIntangibleAssetsTranslationAndPurchaseAccountingAdjustments' xlink:to='loc_IndefiniteLivedIntangibleAssetsPurchaseAccountingAdjustments' xlink:type='arc' />
<link:calculationArc order='10' weight='1.0' xlink:arcrole='http://www.xbrl.org/2003/arcrole/summation-item' xlink:from='loc_IntangibleAssetsNetExcludingGoodwill' xlink:to='loc_IndefiniteLivedIntangibleAssetsExcludingGoodwill' xlink:type='arc' />
<link:calculationArc order='10' weight='1.0' xlink:arcrole='http://www.xbrl.org/2003/arcrole/summation-item' xlink:from='loc_IndefiniteLivedIntangibleAssetsExcludingGoodwill' xlink:to='loc_IndefiniteLivedContractualRights' xlink:type='arc' />
<link:calculationArc order='20' weight='1.0' xlink:arcrole='http://www.xbrl.org/2003/arcrole/summation-item' xlink:from='loc_IndefiniteLivedIntangibleAssetsExcludingGoodwill' xlink:to='loc_IndefiniteLivedFranchiseRights' xlink:type='arc' />
<link:calculationArc order='30' weight='1.0' xlink:arcrole='http://www.xbrl.org/2003/arcrole/summation-item' xlink:from='loc_IndefiniteLivedIntangibleAssetsExcludingGoodwill' xlink:to='loc_IndefiniteLivedLicenseAgreements' xlink:type='arc' />
<link:calculationArc order='40' weight='1.0' xlink:arcrole='http://www.xbrl.org/2003/arcrole/summation-item' xlink:from='loc_IndefiniteLivedIntangibleAssetsExcludingGoodwill' xlink:to='loc_IndefiniteLivedTrademarks' xlink:type='arc' />
<link:calculationArc order='50' weight='1.0' xlink:arcrole='http://www.xbrl.org/2003/arcrole/summation-item' xlink:from='loc_IndefiniteLivedIntangibleAssetsExcludingGoodwill' xlink:to='loc_IndefiniteLivedTradeNames' xlink:type='arc' />
<link:calculationArc order='60' weight='1.0' xlink:arcrole='http://www.xbrl.org/2003/arcrole/summation-item' xlink:from='loc_IndefiniteLivedIntangibleAssetsExcludingGoodwill' xlink:to='loc_OtherIndefiniteLivedIntangibleAssets' xlink:type='arc' />
<link:calculationArc order='20' weight='1.0' xlink:arcrole='http://www.xbrl.org/2003/arcrole/summation-item' xlink:from='loc_IntangibleAssetsNetExcludingGoodwill' xlink:to='loc_FiniteLivedIntangibleAssetsNet' xlink:type='arc' />
<link:calculationArc order='10' weight='-1.0' xlink:arcrole='http://www.xbrl.org/2003/arcrole/summation-item' xlink:from='loc_FiniteLivedIntangibleAssetsNet' xlink:to='loc_FiniteLivedIntangibleAssetsAccumulatedAmortization' xlink:type='arc' />
<link:calculationArc order='20' weight='1.0' xlink:arcrole='http://www.xbrl.org/2003/arcrole/summation-item' xlink:from='loc_FiniteLivedIntangibleAssetsNet' xlink:to='loc_FiniteLivedIntangibleAssetsGross' xlink:type='arc' />
<link:calculationArc order='10' weight='1.0' xlink:arcrole='http://www.xbrl.org/2003/arcrole/summation-item' xlink:from='loc_FiniteLivedIntangibleAssetsGross' xlink:to='loc_CapitalizedComputerSoftwareGross' xlink:type='arc' />
<link:calculationArc order='20' weight='1.0' xlink:arcrole='http://www.xbrl.org/2003/arcrole/summation-item' xlink:from='loc_FiniteLivedIntangibleAssetsGross' xlink:to='loc_FiniteLivedContractualRightsGross' xlink:type='arc' />
<link:calculationArc order='30' weight='1.0' xlink:arcrole='http://www.xbrl.org/2003/arcrole/summation-item' xlink:from='loc_FiniteLivedIntangibleAssetsGross' xlink:to='loc_FiniteLivedCustomerListsGross' xlink:type='arc' />
<link:calculationArc order='40' weight='1.0' xlink:arcrole='http://www.xbrl.org/2003/arcrole/summation-item' xlink:from='loc_FiniteLivedIntangibleAssetsGross' xlink:to='loc_FiniteLivedCustomerRelationshipsGross' xlink:type='arc' />
<link:calculationArc order='50' weight='1.0' xlink:arcrole='http://www.xbrl.org/2003/arcrole/summation-item' xlink:from='loc_FiniteLivedIntangibleAssetsGross' xlink:to='loc_FiniteLivedLicenseAgreementsGross' xlink:type='arc' />
<link:calculationArc order='60' weight='1.0' xlink:arcrole='http://www.xbrl.org/2003/arcrole/summation-item' xlink:from='loc_FiniteLivedIntangibleAssetsGross' xlink:to='loc_FiniteLivedNoncompeteAgreementsGross' xlink:type='arc' />
<link:calculationArc order='70' weight='1.0' xlink:arcrole='http://www.xbrl.org/2003/arcrole/summation-item' xlink:from='loc_FiniteLivedIntangibleAssetsGross' xlink:to='loc_FiniteLivedIntangibleAssetOffMarketLeaseFavorableGross' xlink:type='arc' />
<link:calculationArc order='80' weight='1.0' xlink:arcrole='http://www.xbrl.org/2003/arcrole/summation-item' xlink:from='loc_FiniteLivedIntangibleAssetsGross' xlink:to='loc_FiniteLivedPatentsGross' xlink:type='arc' />
<link:calculationArc order='90' weight='1.0' xlink:arcrole='http://www.xbrl.org/2003/arcrole/summation-item' xlink:from='loc_FiniteLivedIntangibleAssetsGross' xlink:to='loc_FiniteLivedTrademarksGross' xlink:type='arc' />
<link:calculationArc order='100' weight='1.0' xlink:arcrole='http://www.xbrl.org/2003/arcrole/summation-item' xlink:from='loc_FiniteLivedIntangibleAssetsGross' xlink:to='loc_FiniteLivedTradeNamesGross' xlink:type='arc' />
<link:calculationArc order='110' weight='1.0' xlink:arcrole='http://www.xbrl.org/2003/arcrole/summation-item' xlink:from='loc_FiniteLivedIntangibleAssetsGross' xlink:to='loc_FiniteLivedIntangibleAssetAcquiredInPlaceLeases' xlink:type='arc' />
<link:calculationArc order='120' weight='1.0' xlink:arcrole='http://www.xbrl.org/2003/arcrole/summation-item' xlink:from='loc_FiniteLivedIntangibleAssetsGross' xlink:to='loc_FiniteLivedCoreDepositsGross' xlink:type='arc' />
<link:calculationArc order='130' weight='1.0' xlink:arcrole='http://www.xbrl.org/2003/arcrole/summation-item' xlink:from='loc_FiniteLivedIntangibleAssetsGross' xlink:to='loc_OtherFiniteLivedIntangibleAssetsGross' xlink:type='arc' />
<link:calculationArc order='10' weight='1.0' xlink:arcrole='http://www.xbrl.org/2003/arcrole/summation-item' xlink:from='loc_IntangibleAssetsNetIncludingGoodwill' xlink:to='loc_IndefiniteLivedIntangibleAssetsExcludingGoodwill' xlink:type='arc' />
<link:calculationArc order='20' weight='1.0' xlink:arcrole='http://www.xbrl.org/2003/arcrole/summation-item' xlink:from='loc_IntangibleAssetsNetIncludingGoodwill' xlink:to='loc_FiniteLivedIntangibleAssetsNet' xlink:type='arc' />
<link:calculationArc order='30' weight='1.0' xlink:arcrole='http://www.xbrl.org/2003/arcrole/summation-item' xlink:from='loc_IntangibleAssetsNetIncludingGoodwill' xlink:to='loc_Goodwill' xlink:type='arc' />
<link:calculationArc order='10' weight='1.0' xlink:arcrole='http://www.xbrl.org/2003/arcrole/summation-item' xlink:from='loc_Goodwill' xlink:to='loc_GoodwillGross' xlink:type='arc' />
<link:calculationArc order='20' weight='-1.0' xlink:arcrole='http://www.xbrl.org/2003/arcrole/summation-item' xlink:from='loc_Goodwill' xlink:to='loc_GoodwillImpairedAccumulatedImpairmentLoss' xlink:type='arc' />
</link:calculationLink>
</link:linkbase>
