<?xml version='1.0' encoding='UTF-8'?>

<!--
(c) XBRL US, Inc. 2007-2010; Financial Accounting Foundation, Inc. 2010-2013.  All Rights Reserved.
Notice: Authorized Uses are Set Forth at http://xbrl.fasb.org/terms/TaxonomiesTermsConditions.html
  -->
<link:linkbase xmlns:link='http://www.xbrl.org/2003/linkbase' xmlns:xbrldt='http://xbrl.org/2005/xbrldt' xmlns:xlink='http://www.w3.org/1999/xlink' xmlns:xsi='http://www.w3.org/2001/XMLSchema-instance' xsi:schemaLocation='http://www.xbrl.org/2003/linkbase http://www.xbrl.org/2003/xbrl-linkbase-2003-12-31.xsd'>
<link:roleRef roleURI='http://fasb.org/us-gaap/role/disclosure/IncomeTaxesCalc3' xlink:href='../elts/us-roles-2013-01-31.xsd#inctax3' xlink:type='simple' />
<link:calculationLink xlink:role='http://fasb.org/us-gaap/role/disclosure/IncomeTaxesCalc3' xlink:type='extended'>
<link:loc xlink:href='../elts/us-gaap-2013-01-31.xsd#us-gaap_DeferredTaxAssetsOperatingLossCarryforwards' xlink:label='loc_DeferredTaxAssetsOperatingLossCarryforwards' xlink:type='locator' />
<link:loc xlink:href='../elts/us-gaap-2013-01-31.xsd#us-gaap_DeferredTaxAssetsOperatingLossCarryforwardsDomestic' xlink:label='loc_DeferredTaxAssetsOperatingLossCarryforwardsDomestic' xlink:type='locator' />
<link:loc xlink:href='../elts/us-gaap-2013-01-31.xsd#us-gaap_DeferredTaxAssetsOperatingLossCarryforwardsForeign' xlink:label='loc_DeferredTaxAssetsOperatingLossCarryforwardsForeign' xlink:type='locator' />
<link:loc xlink:href='../elts/us-gaap-2013-01-31.xsd#us-gaap_DeferredTaxAssetsOperatingLossCarryforwardsStateAndLocal' xlink:label='loc_DeferredTaxAssetsOperatingLossCarryforwardsStateAndLocal' xlink:type='locator' />
<link:loc xlink:href='../elts/us-gaap-2013-01-31.xsd#us-gaap_IncomeTaxExpenseBenefit' xlink:label='loc_IncomeTaxExpenseBenefit' xlink:type='locator' />
<link:loc xlink:href='../elts/us-gaap-2013-01-31.xsd#us-gaap_FederalIncomeTaxExpenseBenefitContinuingOperations' xlink:label='loc_FederalIncomeTaxExpenseBenefitContinuingOperations' xlink:type='locator' />
<link:loc xlink:href='../elts/us-gaap-2013-01-31.xsd#us-gaap_CurrentFederalTaxExpenseBenefit' xlink:label='loc_CurrentFederalTaxExpenseBenefit' xlink:type='locator' />
<link:loc xlink:href='../elts/us-gaap-2013-01-31.xsd#us-gaap_DeferredFederalIncomeTaxExpenseBenefit' xlink:label='loc_DeferredFederalIncomeTaxExpenseBenefit' xlink:type='locator' />
<link:loc xlink:href='../elts/us-gaap-2013-01-31.xsd#us-gaap_ForeignIncomeTaxExpenseBenefitContinuingOperations' xlink:label='loc_ForeignIncomeTaxExpenseBenefitContinuingOperations' xlink:type='locator' />
<link:loc xlink:href='../elts/us-gaap-2013-01-31.xsd#us-gaap_CurrentForeignTaxExpenseBenefit' xlink:label='loc_CurrentForeignTaxExpenseBenefit' xlink:type='locator' />
<link:loc xlink:href='../elts/us-gaap-2013-01-31.xsd#us-gaap_DeferredForeignIncomeTaxExpenseBenefit' xlink:label='loc_DeferredForeignIncomeTaxExpenseBenefit' xlink:type='locator' />
<link:loc xlink:href='../elts/us-gaap-2013-01-31.xsd#us-gaap_StateAndLocalIncomeTaxExpenseBenefitContinuingOperations' xlink:label='loc_StateAndLocalIncomeTaxExpenseBenefitContinuingOperations' xlink:type='locator' />
<link:loc xlink:href='../elts/us-gaap-2013-01-31.xsd#us-gaap_CurrentStateAndLocalTaxExpenseBenefit' xlink:label='loc_CurrentStateAndLocalTaxExpenseBenefit' xlink:type='locator' />
<link:loc xlink:href='../elts/us-gaap-2013-01-31.xsd#us-gaap_DeferredStateAndLocalIncomeTaxExpenseBenefit' xlink:label='loc_DeferredStateAndLocalIncomeTaxExpenseBenefit' xlink:type='locator' />
<link:loc xlink:href='../elts/us-gaap-2013-01-31.xsd#us-gaap_OtherIncomeTaxExpenseBenefitContinuingOperations' xlink:label='loc_OtherIncomeTaxExpenseBenefitContinuingOperations' xlink:type='locator' />
<link:loc xlink:href='../elts/us-gaap-2013-01-31.xsd#us-gaap_OtherTaxExpenseBenefit' xlink:label='loc_OtherTaxExpenseBenefit' xlink:type='locator' />
<link:loc xlink:href='../elts/us-gaap-2013-01-31.xsd#us-gaap_DeferredOtherTaxExpenseBenefit' xlink:label='loc_DeferredOtherTaxExpenseBenefit' xlink:type='locator' />
<link:loc xlink:href='../elts/us-gaap-2013-01-31.xsd#us-gaap_IncomeTaxExpenseBenefitContinuingOperationsGovernmentGrants' xlink:label='loc_IncomeTaxExpenseBenefitContinuingOperationsGovernmentGrants' xlink:type='locator' />
<link:loc xlink:href='../elts/us-gaap-2013-01-31.xsd#us-gaap_IncomeTaxExpenseBenefitContinuingOperationsAdjustmentOfDeferredTaxAssetLiability' xlink:label='loc_IncomeTaxExpenseBenefitContinuingOperationsAdjustmentOfDeferredTaxAssetLiability' xlink:type='locator' />
<link:loc xlink:href='../elts/us-gaap-2013-01-31.xsd#us-gaap_TaxAdjustmentsSettlementsAndUnusualProvisions' xlink:label='loc_TaxAdjustmentsSettlementsAndUnusualProvisions' xlink:type='locator' />
<link:loc xlink:href='../elts/us-gaap-2013-01-31.xsd#us-gaap_UnrecognizedTaxBenefitsIncomeTaxPenaltiesAndInterestExpense' xlink:label='loc_UnrecognizedTaxBenefitsIncomeTaxPenaltiesAndInterestExpense' xlink:type='locator' />
<link:calculationArc order='10' weight='1.0' xlink:arcrole='http://www.xbrl.org/2003/arcrole/summation-item' xlink:from='loc_DeferredTaxAssetsOperatingLossCarryforwards' xlink:to='loc_DeferredTaxAssetsOperatingLossCarryforwardsDomestic' xlink:type='arc' />
<link:calculationArc order='20' weight='1.0' xlink:arcrole='http://www.xbrl.org/2003/arcrole/summation-item' xlink:from='loc_DeferredTaxAssetsOperatingLossCarryforwards' xlink:to='loc_DeferredTaxAssetsOperatingLossCarryforwardsForeign' xlink:type='arc' />
<link:calculationArc order='30' weight='1.0' xlink:arcrole='http://www.xbrl.org/2003/arcrole/summation-item' xlink:from='loc_DeferredTaxAssetsOperatingLossCarryforwards' xlink:to='loc_DeferredTaxAssetsOperatingLossCarryforwardsStateAndLocal' xlink:type='arc' />
<link:calculationArc order='10' weight='1.0' xlink:arcrole='http://www.xbrl.org/2003/arcrole/summation-item' xlink:from='loc_IncomeTaxExpenseBenefit' xlink:to='loc_FederalIncomeTaxExpenseBenefitContinuingOperations' xlink:type='arc' />
<link:calculationArc order='10' weight='1.0' xlink:arcrole='http://www.xbrl.org/2003/arcrole/summation-item' xlink:from='loc_FederalIncomeTaxExpenseBenefitContinuingOperations' xlink:to='loc_CurrentFederalTaxExpenseBenefit' xlink:type='arc' />
<link:calculationArc order='20' weight='1.0' xlink:arcrole='http://www.xbrl.org/2003/arcrole/summation-item' xlink:from='loc_FederalIncomeTaxExpenseBenefitContinuingOperations' xlink:to='loc_DeferredFederalIncomeTaxExpenseBenefit' xlink:type='arc' />
<link:calculationArc order='20' weight='1.0' xlink:arcrole='http://www.xbrl.org/2003/arcrole/summation-item' xlink:from='loc_IncomeTaxExpenseBenefit' xlink:to='loc_ForeignIncomeTaxExpenseBenefitContinuingOperations' xlink:type='arc' />
<link:calculationArc order='10' weight='1.0' xlink:arcrole='http://www.xbrl.org/2003/arcrole/summation-item' xlink:from='loc_ForeignIncomeTaxExpenseBenefitContinuingOperations' xlink:to='loc_CurrentForeignTaxExpenseBenefit' xlink:type='arc' />
<link:calculationArc order='20' weight='1.0' xlink:arcrole='http://www.xbrl.org/2003/arcrole/summation-item' xlink:from='loc_ForeignIncomeTaxExpenseBenefitContinuingOperations' xlink:to='loc_DeferredForeignIncomeTaxExpenseBenefit' xlink:type='arc' />
<link:calculationArc order='30' weight='1.0' xlink:arcrole='http://www.xbrl.org/2003/arcrole/summation-item' xlink:from='loc_IncomeTaxExpenseBenefit' xlink:to='loc_StateAndLocalIncomeTaxExpenseBenefitContinuingOperations' xlink:type='arc' />
<link:calculationArc order='10' weight='1.0' xlink:arcrole='http://www.xbrl.org/2003/arcrole/summation-item' xlink:from='loc_StateAndLocalIncomeTaxExpenseBenefitContinuingOperations' xlink:to='loc_CurrentStateAndLocalTaxExpenseBenefit' xlink:type='arc' />
<link:calculationArc order='20' weight='1.0' xlink:arcrole='http://www.xbrl.org/2003/arcrole/summation-item' xlink:from='loc_StateAndLocalIncomeTaxExpenseBenefitContinuingOperations' xlink:to='loc_DeferredStateAndLocalIncomeTaxExpenseBenefit' xlink:type='arc' />
<link:calculationArc order='40' weight='1.0' xlink:arcrole='http://www.xbrl.org/2003/arcrole/summation-item' xlink:from='loc_IncomeTaxExpenseBenefit' xlink:to='loc_OtherIncomeTaxExpenseBenefitContinuingOperations' xlink:type='arc' />
<link:calculationArc order='10' weight='1.0' xlink:arcrole='http://www.xbrl.org/2003/arcrole/summation-item' xlink:from='loc_OtherIncomeTaxExpenseBenefitContinuingOperations' xlink:to='loc_OtherTaxExpenseBenefit' xlink:type='arc' />
<link:calculationArc order='20' weight='1.0' xlink:arcrole='http://www.xbrl.org/2003/arcrole/summation-item' xlink:from='loc_OtherIncomeTaxExpenseBenefitContinuingOperations' xlink:to='loc_DeferredOtherTaxExpenseBenefit' xlink:type='arc' />
<link:calculationArc order='50' weight='-1.0' xlink:arcrole='http://www.xbrl.org/2003/arcrole/summation-item' xlink:from='loc_IncomeTaxExpenseBenefit' xlink:to='loc_IncomeTaxExpenseBenefitContinuingOperationsGovernmentGrants' xlink:type='arc' />
<link:calculationArc order='60' weight='1.0' xlink:arcrole='http://www.xbrl.org/2003/arcrole/summation-item' xlink:from='loc_IncomeTaxExpenseBenefit' xlink:to='loc_IncomeTaxExpenseBenefitContinuingOperationsAdjustmentOfDeferredTaxAssetLiability' xlink:type='arc' />
<link:calculationArc order='70' weight='1.0' xlink:arcrole='http://www.xbrl.org/2003/arcrole/summation-item' xlink:from='loc_IncomeTaxExpenseBenefit' xlink:to='loc_TaxAdjustmentsSettlementsAndUnusualProvisions' xlink:type='arc' />
<link:calculationArc order='80' weight='1.0' xlink:arcrole='http://www.xbrl.org/2003/arcrole/summation-item' xlink:from='loc_IncomeTaxExpenseBenefit' xlink:to='loc_UnrecognizedTaxBenefitsIncomeTaxPenaltiesAndInterestExpense' xlink:type='arc' />
</link:calculationLink>
</link:linkbase>
