<?xml version='1.0' encoding='UTF-8'?>

<!--
(c) XBRL US, Inc. 2007-2010; Financial Accounting Foundation, Inc. 2010-2013.  All Rights Reserved.
Notice: Authorized Uses are Set Forth at http://xbrl.fasb.org/terms/TaxonomiesTermsConditions.html
  -->
<link:linkbase xmlns:link='http://www.xbrl.org/2003/linkbase' xmlns:xbrldt='http://xbrl.org/2005/xbrldt' xmlns:xlink='http://www.w3.org/1999/xlink' xmlns:xsi='http://www.w3.org/2001/XMLSchema-instance' xsi:schemaLocation='http://www.xbrl.org/2003/linkbase http://www.xbrl.org/2003/xbrl-linkbase-2003-12-31.xsd'>
<link:roleRef roleURI='http://fasb.org/us-gaap/role/disclosure/SECScheduleArticle12-04CondensedFinancialInformation' xlink:href='../elts/us-roles-2013-01-31.xsd#sec-cndfir' xlink:type='simple' />
<link:presentationLink xlink:role='http://fasb.org/us-gaap/role/disclosure/SECScheduleArticle12-04CondensedFinancialInformation' xlink:type='extended'>
<link:loc xlink:href='../elts/us-gaap-2013-01-31.xsd#us-gaap_CashDividendsPaidToParentCompanyAbstract' xlink:label='loc_CashDividendsPaidToParentCompanyAbstract' xlink:type='locator' />
<link:loc xlink:href='../elts/us-gaap-2013-01-31.xsd#us-gaap_CashDividendsPaidToParentCompanyByConsolidatedSubsidiaries' xlink:label='loc_CashDividendsPaidToParentCompanyByConsolidatedSubsidiaries' xlink:type='locator' />
<link:loc xlink:href='../elts/us-gaap-2013-01-31.xsd#us-gaap_CashDividendsPaidToParentCompanyByUnconsolidatedSubsidiaries' xlink:label='loc_CashDividendsPaidToParentCompanyByUnconsolidatedSubsidiaries' xlink:type='locator' />
<link:loc xlink:href='../elts/us-gaap-2013-01-31.xsd#us-gaap_CashDividendsPaidToParentCompanyBy50PercentOrLessOwnedPersons' xlink:label='loc_CashDividendsPaidToParentCompanyBy50PercentOrLessOwnedPersons' xlink:type='locator' />
<link:loc xlink:href='../elts/us-gaap-2013-01-31.xsd#us-gaap_CashDividendsPaidToParentCompany' xlink:label='loc_CashDividendsPaidToParentCompany' xlink:type='locator' />
<link:loc xlink:href='../elts/us-gaap-2013-01-31.xsd#us-gaap_CondensedBalanceSheetStatementTable' xlink:label='loc_CondensedBalanceSheetStatementTable' xlink:type='locator' />
<link:loc xlink:href='http://xbrl.sec.gov/dei/2013/dei-2013-01-31.xsd#dei_LegalEntityAxis' xlink:label='loc_LegalEntityAxis' xlink:type='locator' />
<link:loc xlink:href='../elts/us-gaap-2013-01-31.xsd#us-gaap_CondensedBalanceSheetStatementsCaptionsLineItems' xlink:label='loc_CondensedBalanceSheetStatementsCaptionsLineItems' xlink:type='locator' />
<link:loc xlink:href='../elts/us-gaap-2013-01-31.xsd#us-gaap_CondensedCashFlowStatementTable' xlink:label='loc_CondensedCashFlowStatementTable' xlink:type='locator' />
<link:loc xlink:href='../elts/us-gaap-2013-01-31.xsd#us-gaap_CondensedCashFlowStatementsCaptionsLineItems' xlink:label='loc_CondensedCashFlowStatementsCaptionsLineItems' xlink:type='locator' />
<link:loc xlink:href='../elts/us-gaap-2013-01-31.xsd#us-gaap_CondensedFinancialInformationOfParentCompanyOnlyDisclosureAbstract' xlink:label='loc_CondensedFinancialInformationOfParentCompanyOnlyDisclosureAbstract' xlink:type='locator' />
<link:loc xlink:href='../elts/us-gaap-2013-01-31.xsd#us-gaap_CondensedFinancialInformationOfParentCompanyOnlyDisclosureTextBlock' xlink:label='loc_CondensedFinancialInformationOfParentCompanyOnlyDisclosureTextBlock' xlink:type='locator' />
<link:loc xlink:href='../elts/us-gaap-2013-01-31.xsd#us-gaap_DescriptionOfActivitiesOfParentCompany' xlink:label='loc_DescriptionOfActivitiesOfParentCompany' xlink:type='locator' />
<link:loc xlink:href='../elts/us-gaap-2013-01-31.xsd#us-gaap_DescriptionOfMaterialContingenciesOfParentCompany' xlink:label='loc_DescriptionOfMaterialContingenciesOfParentCompany' xlink:type='locator' />
<link:loc xlink:href='../elts/us-gaap-2013-01-31.xsd#us-gaap_DescriptionOfSignificantProvisionsOfLongTermObligationsOfParentCompany' xlink:label='loc_DescriptionOfSignificantProvisionsOfLongTermObligationsOfParentCompany' xlink:type='locator' />
<link:loc xlink:href='../elts/us-gaap-2013-01-31.xsd#us-gaap_DescriptionOfMandatoryDividendOrRedemptionProvisionsOfRedeemableStockOfParentCompany' xlink:label='loc_DescriptionOfMandatoryDividendOrRedemptionProvisionsOfRedeemableStockOfParentCompany' xlink:type='locator' />
<link:loc xlink:href='../elts/us-gaap-2013-01-31.xsd#us-gaap_DescriptionOfGuaranteesGivenByParentCompany' xlink:label='loc_DescriptionOfGuaranteesGivenByParentCompany' xlink:type='locator' />
<link:loc xlink:href='../elts/us-gaap-2013-01-31.xsd#us-gaap_OtherParentCompanyDisclosures' xlink:label='loc_OtherParentCompanyDisclosures' xlink:type='locator' />
<link:loc xlink:href='../elts/us-gaap-2013-01-31.xsd#us-gaap_FiveYearScheduleOfMaturitiesOfDebtOfParentCompanyAbstract' xlink:label='loc_FiveYearScheduleOfMaturitiesOfDebtOfParentCompanyAbstract' xlink:type='locator' />
<link:loc xlink:href='../elts/us-gaap-2013-01-31.xsd#us-gaap_LongTermDebtOfRegistrantMaturitiesRepaymentsOfPrincipalInRemainderOfFiscalYear' xlink:label='loc_LongTermDebtOfRegistrantMaturitiesRepaymentsOfPrincipalInRemainderOfFiscalYear' xlink:type='locator' />
<link:loc xlink:href='../elts/us-gaap-2013-01-31.xsd#us-gaap_LongTermDebtOfRegistrantMaturitiesRepaymentsOfPrincipalRollingMaturityAbstract' xlink:label='loc_LongTermDebtOfRegistrantMaturitiesRepaymentsOfPrincipalRollingMaturityAbstract' xlink:type='locator' />
<link:loc xlink:href='../elts/us-gaap-2013-01-31.xsd#us-gaap_ScheduleOfCondensedFinancialStatementsTableTextBlock' xlink:label='loc_ScheduleOfCondensedFinancialStatementsTableTextBlock' xlink:type='locator' />
<link:loc xlink:href='../elts/us-gaap-2013-01-31.xsd#us-gaap_ScheduleOfCondensedFinancialStatementsTable' xlink:label='loc_ScheduleOfCondensedFinancialStatementsTable' xlink:type='locator' />
<link:loc xlink:href='../elts/us-gaap-2013-01-31.xsd#us-gaap_ScheduleOfCondensedBalanceSheetTableTextBlock' xlink:label='loc_ScheduleOfCondensedBalanceSheetTableTextBlock' xlink:type='locator' />
<link:loc xlink:href='../elts/us-gaap-2013-01-31.xsd#us-gaap_ScheduleOfCondensedIncomeStatementTableTextBlock' xlink:label='loc_ScheduleOfCondensedIncomeStatementTableTextBlock' xlink:type='locator' />
<link:loc xlink:href='../elts/us-gaap-2013-01-31.xsd#us-gaap_CondensedIncomeStatementTable' xlink:label='loc_CondensedIncomeStatementTable' xlink:type='locator' />
<link:loc xlink:href='../elts/us-gaap-2013-01-31.xsd#us-gaap_ScheduleOfCondensedCashFlowStatementTableTextBlock' xlink:label='loc_ScheduleOfCondensedCashFlowStatementTableTextBlock' xlink:type='locator' />
<link:loc xlink:href='../elts/us-gaap-2013-01-31.xsd#us-gaap_CondensedFinancialStatementsCaptionsLineItems' xlink:label='loc_CondensedFinancialStatementsCaptionsLineItems' xlink:type='locator' />
<link:loc xlink:href='../elts/us-gaap-2013-01-31.xsd#us-gaap_CondensedIncomeStatementsCaptionsLineItems' xlink:label='loc_CondensedIncomeStatementsCaptionsLineItems' xlink:type='locator' />
<link:loc xlink:href='../elts/us-gaap-2013-01-31.xsd#us-gaap_IncomeLossFromSubsidiariesNetOfTaxAbstract' xlink:label='loc_IncomeLossFromSubsidiariesNetOfTaxAbstract' xlink:type='locator' />
<link:loc xlink:href='http://xbrl.sec.gov/dei/2013/dei-2013-01-31.xsd#dei_EntityDomain' xlink:label='loc_EntityDomain' xlink:type='locator' />
<link:loc xlink:href='../elts/us-gaap-2013-01-31.xsd#us-gaap_ParentCompanyMember' xlink:label='loc_ParentCompanyMember' xlink:type='locator' />
<link:loc xlink:href='../elts/us-gaap-2013-01-31.xsd#us-gaap_SubsidiariesMember' xlink:label='loc_SubsidiariesMember' xlink:type='locator' />
<link:loc xlink:href='../elts/us-gaap-2013-01-31.xsd#us-gaap_IncomeLossFromSubsidiariesBeforeTax' xlink:label='loc_IncomeLossFromSubsidiariesBeforeTax' xlink:type='locator' />
<link:loc xlink:href='../elts/us-gaap-2013-01-31.xsd#us-gaap_IncomeLossFromSubsidiariesTaxExpenseBenefit' xlink:label='loc_IncomeLossFromSubsidiariesTaxExpenseBenefit' xlink:type='locator' />
<link:loc xlink:href='../elts/us-gaap-2013-01-31.xsd#us-gaap_IncomeLossFromSubsidiariesNetOfTax' xlink:label='loc_IncomeLossFromSubsidiariesNetOfTax' xlink:type='locator' />
<link:loc xlink:href='../elts/us-gaap-2013-01-31.xsd#us-gaap_FiveYearScheduleOfMaturitiesOfParentCompanyRepaymentsOfPrincipleWithinOneYear' xlink:label='loc_FiveYearScheduleOfMaturitiesOfParentCompanyRepaymentsOfPrincipleWithinOneYear' xlink:type='locator' />
<link:loc xlink:href='../elts/us-gaap-2013-01-31.xsd#us-gaap_FiveYearScheduleOfMaturitiesOfParentCompanyRepaymentsOfPrincipleInYearTwo' xlink:label='loc_FiveYearScheduleOfMaturitiesOfParentCompanyRepaymentsOfPrincipleInYearTwo' xlink:type='locator' />
<link:loc xlink:href='../elts/us-gaap-2013-01-31.xsd#us-gaap_FiveYearScheduleOfMaturitiesOfParentCompanyRepaymentOfPrincipleInYearThree' xlink:label='loc_FiveYearScheduleOfMaturitiesOfParentCompanyRepaymentOfPrincipleInYearThree' xlink:type='locator' />
<link:loc xlink:href='../elts/us-gaap-2013-01-31.xsd#us-gaap_FiveYearScheduleOfMaturitiesOfParentCompanyRepaymentsOfPrincipleInYearFour' xlink:label='loc_FiveYearScheduleOfMaturitiesOfParentCompanyRepaymentsOfPrincipleInYearFour' xlink:type='locator' />
<link:loc xlink:href='../elts/us-gaap-2013-01-31.xsd#us-gaap_FiveYearScheduleOfMaturitiesOfParentCompanyRepaymentsOfPrincipleInYearFive' xlink:label='loc_FiveYearScheduleOfMaturitiesOfParentCompanyRepaymentsOfPrincipleInYearFive' xlink:type='locator' />
<link:loc xlink:href='../elts/us-gaap-2013-01-31.xsd#us-gaap_FiveYearScheduleOfMaturitiesOfParentCompanyRepaymentsOfPrincipalAfterYearFive' xlink:label='loc_FiveYearScheduleOfMaturitiesOfParentCompanyRepaymentsOfPrincipalAfterYearFive' xlink:type='locator' />
<link:loc xlink:href='../elts/us-gaap-2013-01-31.xsd#us-gaap_LongTermDebtOfRegistrantMaturitiesRepaymentsOfPrincipalInNextRollingTwelveMonths' xlink:label='loc_LongTermDebtOfRegistrantMaturitiesRepaymentsOfPrincipalInNextRollingTwelveMonths' xlink:type='locator' />
<link:loc xlink:href='../elts/us-gaap-2013-01-31.xsd#us-gaap_LongTermDebtOfRegistrantMaturitiesRepaymentsOfPrincipalInRollingYearTwo' xlink:label='loc_LongTermDebtOfRegistrantMaturitiesRepaymentsOfPrincipalInRollingYearTwo' xlink:type='locator' />
<link:loc xlink:href='../elts/us-gaap-2013-01-31.xsd#us-gaap_LongTermDebtOfRegistrantMaturitiesRepaymentsOfPrincipalInRollingYearThree' xlink:label='loc_LongTermDebtOfRegistrantMaturitiesRepaymentsOfPrincipalInRollingYearThree' xlink:type='locator' />
<link:loc xlink:href='../elts/us-gaap-2013-01-31.xsd#us-gaap_LongTermDebtOfRegistrantMaturitiesRepaymentsOfPrincipalInRollingYearFour' xlink:label='loc_LongTermDebtOfRegistrantMaturitiesRepaymentsOfPrincipalInRollingYearFour' xlink:type='locator' />
<link:loc xlink:href='../elts/us-gaap-2013-01-31.xsd#us-gaap_LongTermDebtOfRegistrantMaturitiesRepaymentsOfPrincipalInRollingYearFive' xlink:label='loc_LongTermDebtOfRegistrantMaturitiesRepaymentsOfPrincipalInRollingYearFive' xlink:type='locator' />
<link:loc xlink:href='../elts/us-gaap-2013-01-31.xsd#us-gaap_LongTermDebtOfRegistrantMaturitiesRepaymentsOfPrincipalInRollingAfterYearFive' xlink:label='loc_LongTermDebtOfRegistrantMaturitiesRepaymentsOfPrincipalInRollingAfterYearFive' xlink:type='locator' />
<link:loc xlink:href='../elts/us-gaap-2013-01-31.xsd#us-gaap_GuarantorSubsidiariesMember' xlink:label='loc_GuarantorSubsidiariesMember' xlink:type='locator' />
<link:presentationArc order='10' xlink:arcrole='http://www.xbrl.org/2003/arcrole/parent-child' xlink:from='loc_CashDividendsPaidToParentCompanyAbstract' xlink:to='loc_CashDividendsPaidToParentCompanyByConsolidatedSubsidiaries' xlink:type='arc' />
<link:presentationArc order='20' xlink:arcrole='http://www.xbrl.org/2003/arcrole/parent-child' xlink:from='loc_CashDividendsPaidToParentCompanyAbstract' xlink:to='loc_CashDividendsPaidToParentCompanyByUnconsolidatedSubsidiaries' xlink:type='arc' />
<link:presentationArc order='30' xlink:arcrole='http://www.xbrl.org/2003/arcrole/parent-child' xlink:from='loc_CashDividendsPaidToParentCompanyAbstract' xlink:to='loc_CashDividendsPaidToParentCompanyBy50PercentOrLessOwnedPersons' xlink:type='arc' />
<link:presentationArc order='40' preferredLabel='http://www.xbrl.org/2003/role/totalLabel' xlink:arcrole='http://www.xbrl.org/2003/arcrole/parent-child' xlink:from='loc_CashDividendsPaidToParentCompanyAbstract' xlink:to='loc_CashDividendsPaidToParentCompany' xlink:type='arc' />
<link:presentationArc order='10' xlink:arcrole='http://www.xbrl.org/2003/arcrole/parent-child' xlink:from='loc_CondensedBalanceSheetStatementTable' xlink:to='loc_LegalEntityAxis' xlink:type='arc' />
<link:presentationArc order='20' xlink:arcrole='http://www.xbrl.org/2003/arcrole/parent-child' xlink:from='loc_CondensedBalanceSheetStatementTable' xlink:to='loc_CondensedBalanceSheetStatementsCaptionsLineItems' xlink:type='arc' />
<link:presentationArc order='10' xlink:arcrole='http://www.xbrl.org/2003/arcrole/parent-child' xlink:from='loc_CondensedCashFlowStatementTable' xlink:to='loc_LegalEntityAxis' xlink:type='arc' />
<link:presentationArc order='20' xlink:arcrole='http://www.xbrl.org/2003/arcrole/parent-child' xlink:from='loc_CondensedCashFlowStatementTable' xlink:to='loc_CondensedCashFlowStatementsCaptionsLineItems' xlink:type='arc' />
<link:presentationArc order='10' xlink:arcrole='http://www.xbrl.org/2003/arcrole/parent-child' xlink:from='loc_CondensedFinancialInformationOfParentCompanyOnlyDisclosureAbstract' xlink:to='loc_CondensedFinancialInformationOfParentCompanyOnlyDisclosureTextBlock' xlink:type='arc' />
<link:presentationArc order='10' xlink:arcrole='http://www.xbrl.org/2003/arcrole/parent-child' xlink:from='loc_CondensedFinancialInformationOfParentCompanyOnlyDisclosureTextBlock' xlink:to='loc_DescriptionOfActivitiesOfParentCompany' xlink:type='arc' />
<link:presentationArc order='20' xlink:arcrole='http://www.xbrl.org/2003/arcrole/parent-child' xlink:from='loc_CondensedFinancialInformationOfParentCompanyOnlyDisclosureTextBlock' xlink:to='loc_DescriptionOfMaterialContingenciesOfParentCompany' xlink:type='arc' />
<link:presentationArc order='30' xlink:arcrole='http://www.xbrl.org/2003/arcrole/parent-child' xlink:from='loc_CondensedFinancialInformationOfParentCompanyOnlyDisclosureTextBlock' xlink:to='loc_DescriptionOfSignificantProvisionsOfLongTermObligationsOfParentCompany' xlink:type='arc' />
<link:presentationArc order='40' xlink:arcrole='http://www.xbrl.org/2003/arcrole/parent-child' xlink:from='loc_CondensedFinancialInformationOfParentCompanyOnlyDisclosureTextBlock' xlink:to='loc_DescriptionOfMandatoryDividendOrRedemptionProvisionsOfRedeemableStockOfParentCompany' xlink:type='arc' />
<link:presentationArc order='50' xlink:arcrole='http://www.xbrl.org/2003/arcrole/parent-child' xlink:from='loc_CondensedFinancialInformationOfParentCompanyOnlyDisclosureTextBlock' xlink:to='loc_DescriptionOfGuaranteesGivenByParentCompany' xlink:type='arc' />
<link:presentationArc order='60' xlink:arcrole='http://www.xbrl.org/2003/arcrole/parent-child' xlink:from='loc_CondensedFinancialInformationOfParentCompanyOnlyDisclosureTextBlock' xlink:to='loc_OtherParentCompanyDisclosures' xlink:type='arc' />
<link:presentationArc order='70' xlink:arcrole='http://www.xbrl.org/2003/arcrole/parent-child' xlink:from='loc_CondensedFinancialInformationOfParentCompanyOnlyDisclosureTextBlock' xlink:to='loc_FiveYearScheduleOfMaturitiesOfDebtOfParentCompanyAbstract' xlink:type='arc' />
<link:presentationArc order='80' xlink:arcrole='http://www.xbrl.org/2003/arcrole/parent-child' xlink:from='loc_CondensedFinancialInformationOfParentCompanyOnlyDisclosureTextBlock' xlink:to='loc_LongTermDebtOfRegistrantMaturitiesRepaymentsOfPrincipalInRemainderOfFiscalYear' xlink:type='arc' />
<link:presentationArc order='90' xlink:arcrole='http://www.xbrl.org/2003/arcrole/parent-child' xlink:from='loc_CondensedFinancialInformationOfParentCompanyOnlyDisclosureTextBlock' xlink:to='loc_LongTermDebtOfRegistrantMaturitiesRepaymentsOfPrincipalRollingMaturityAbstract' xlink:type='arc' />
<link:presentationArc order='100' xlink:arcrole='http://www.xbrl.org/2003/arcrole/parent-child' xlink:from='loc_CondensedFinancialInformationOfParentCompanyOnlyDisclosureTextBlock' xlink:to='loc_CashDividendsPaidToParentCompanyAbstract' xlink:type='arc' />
<link:presentationArc order='110' xlink:arcrole='http://www.xbrl.org/2003/arcrole/parent-child' xlink:from='loc_CondensedFinancialInformationOfParentCompanyOnlyDisclosureTextBlock' xlink:to='loc_ScheduleOfCondensedFinancialStatementsTableTextBlock' xlink:type='arc' />
<link:presentationArc order='10' xlink:arcrole='http://www.xbrl.org/2003/arcrole/parent-child' xlink:from='loc_ScheduleOfCondensedFinancialStatementsTableTextBlock' xlink:to='loc_ScheduleOfCondensedFinancialStatementsTable' xlink:type='arc' />
<link:presentationArc order='120' xlink:arcrole='http://www.xbrl.org/2003/arcrole/parent-child' xlink:from='loc_CondensedFinancialInformationOfParentCompanyOnlyDisclosureTextBlock' xlink:to='loc_ScheduleOfCondensedBalanceSheetTableTextBlock' xlink:type='arc' />
<link:presentationArc order='10' xlink:arcrole='http://www.xbrl.org/2003/arcrole/parent-child' xlink:from='loc_ScheduleOfCondensedBalanceSheetTableTextBlock' xlink:to='loc_CondensedBalanceSheetStatementTable' xlink:type='arc' />
<link:presentationArc order='130' xlink:arcrole='http://www.xbrl.org/2003/arcrole/parent-child' xlink:from='loc_CondensedFinancialInformationOfParentCompanyOnlyDisclosureTextBlock' xlink:to='loc_ScheduleOfCondensedIncomeStatementTableTextBlock' xlink:type='arc' />
<link:presentationArc order='10' xlink:arcrole='http://www.xbrl.org/2003/arcrole/parent-child' xlink:from='loc_ScheduleOfCondensedIncomeStatementTableTextBlock' xlink:to='loc_CondensedIncomeStatementTable' xlink:type='arc' />
<link:presentationArc order='140' xlink:arcrole='http://www.xbrl.org/2003/arcrole/parent-child' xlink:from='loc_CondensedFinancialInformationOfParentCompanyOnlyDisclosureTextBlock' xlink:to='loc_ScheduleOfCondensedCashFlowStatementTableTextBlock' xlink:type='arc' />
<link:presentationArc order='10' xlink:arcrole='http://www.xbrl.org/2003/arcrole/parent-child' xlink:from='loc_ScheduleOfCondensedCashFlowStatementTableTextBlock' xlink:to='loc_CondensedCashFlowStatementTable' xlink:type='arc' />
<link:presentationArc order='10' xlink:arcrole='http://www.xbrl.org/2003/arcrole/parent-child' xlink:from='loc_ScheduleOfCondensedFinancialStatementsTable' xlink:to='loc_LegalEntityAxis' xlink:type='arc' />
<link:presentationArc order='20' xlink:arcrole='http://www.xbrl.org/2003/arcrole/parent-child' xlink:from='loc_ScheduleOfCondensedFinancialStatementsTable' xlink:to='loc_CondensedFinancialStatementsCaptionsLineItems' xlink:type='arc' />
<link:presentationArc order='10' xlink:arcrole='http://www.xbrl.org/2003/arcrole/parent-child' xlink:from='loc_CondensedIncomeStatementTable' xlink:to='loc_LegalEntityAxis' xlink:type='arc' />
<link:presentationArc order='20' xlink:arcrole='http://www.xbrl.org/2003/arcrole/parent-child' xlink:from='loc_CondensedIncomeStatementTable' xlink:to='loc_CondensedIncomeStatementsCaptionsLineItems' xlink:type='arc' />
<link:presentationArc order='10' xlink:arcrole='http://www.xbrl.org/2003/arcrole/parent-child' xlink:from='loc_CondensedIncomeStatementsCaptionsLineItems' xlink:to='loc_IncomeLossFromSubsidiariesNetOfTaxAbstract' xlink:type='arc' />
<link:presentationArc order='10' xlink:arcrole='http://www.xbrl.org/2003/arcrole/parent-child' xlink:from='loc_EntityDomain' xlink:to='loc_ParentCompanyMember' xlink:type='arc' />
<link:presentationArc order='20' xlink:arcrole='http://www.xbrl.org/2003/arcrole/parent-child' xlink:from='loc_EntityDomain' xlink:to='loc_SubsidiariesMember' xlink:type='arc' />
<link:presentationArc order='10' xlink:arcrole='http://www.xbrl.org/2003/arcrole/parent-child' xlink:from='loc_IncomeLossFromSubsidiariesNetOfTaxAbstract' xlink:to='loc_IncomeLossFromSubsidiariesBeforeTax' xlink:type='arc' />
<link:presentationArc order='20' xlink:arcrole='http://www.xbrl.org/2003/arcrole/parent-child' xlink:from='loc_IncomeLossFromSubsidiariesNetOfTaxAbstract' xlink:to='loc_IncomeLossFromSubsidiariesTaxExpenseBenefit' xlink:type='arc' />
<link:presentationArc order='30' preferredLabel='http://www.xbrl.org/2003/role/totalLabel' xlink:arcrole='http://www.xbrl.org/2003/arcrole/parent-child' xlink:from='loc_IncomeLossFromSubsidiariesNetOfTaxAbstract' xlink:to='loc_IncomeLossFromSubsidiariesNetOfTax' xlink:type='arc' />
<link:presentationArc order='10' xlink:arcrole='http://www.xbrl.org/2003/arcrole/parent-child' xlink:from='loc_LegalEntityAxis' xlink:to='loc_EntityDomain' xlink:type='arc' />
<link:presentationArc order='10' xlink:arcrole='http://www.xbrl.org/2003/arcrole/parent-child' xlink:from='loc_FiveYearScheduleOfMaturitiesOfDebtOfParentCompanyAbstract' xlink:to='loc_FiveYearScheduleOfMaturitiesOfParentCompanyRepaymentsOfPrincipleWithinOneYear' xlink:type='arc' />
<link:presentationArc order='20' xlink:arcrole='http://www.xbrl.org/2003/arcrole/parent-child' xlink:from='loc_FiveYearScheduleOfMaturitiesOfDebtOfParentCompanyAbstract' xlink:to='loc_FiveYearScheduleOfMaturitiesOfParentCompanyRepaymentsOfPrincipleInYearTwo' xlink:type='arc' />
<link:presentationArc order='30' xlink:arcrole='http://www.xbrl.org/2003/arcrole/parent-child' xlink:from='loc_FiveYearScheduleOfMaturitiesOfDebtOfParentCompanyAbstract' xlink:to='loc_FiveYearScheduleOfMaturitiesOfParentCompanyRepaymentOfPrincipleInYearThree' xlink:type='arc' />
<link:presentationArc order='40' xlink:arcrole='http://www.xbrl.org/2003/arcrole/parent-child' xlink:from='loc_FiveYearScheduleOfMaturitiesOfDebtOfParentCompanyAbstract' xlink:to='loc_FiveYearScheduleOfMaturitiesOfParentCompanyRepaymentsOfPrincipleInYearFour' xlink:type='arc' />
<link:presentationArc order='50' xlink:arcrole='http://www.xbrl.org/2003/arcrole/parent-child' xlink:from='loc_FiveYearScheduleOfMaturitiesOfDebtOfParentCompanyAbstract' xlink:to='loc_FiveYearScheduleOfMaturitiesOfParentCompanyRepaymentsOfPrincipleInYearFive' xlink:type='arc' />
<link:presentationArc order='60' xlink:arcrole='http://www.xbrl.org/2003/arcrole/parent-child' xlink:from='loc_FiveYearScheduleOfMaturitiesOfDebtOfParentCompanyAbstract' xlink:to='loc_FiveYearScheduleOfMaturitiesOfParentCompanyRepaymentsOfPrincipalAfterYearFive' xlink:type='arc' />
<link:presentationArc order='10' xlink:arcrole='http://www.xbrl.org/2003/arcrole/parent-child' xlink:from='loc_LongTermDebtOfRegistrantMaturitiesRepaymentsOfPrincipalRollingMaturityAbstract' xlink:to='loc_LongTermDebtOfRegistrantMaturitiesRepaymentsOfPrincipalInNextRollingTwelveMonths' xlink:type='arc' />
<link:presentationArc order='20' xlink:arcrole='http://www.xbrl.org/2003/arcrole/parent-child' xlink:from='loc_LongTermDebtOfRegistrantMaturitiesRepaymentsOfPrincipalRollingMaturityAbstract' xlink:to='loc_LongTermDebtOfRegistrantMaturitiesRepaymentsOfPrincipalInRollingYearTwo' xlink:type='arc' />
<link:presentationArc order='30' xlink:arcrole='http://www.xbrl.org/2003/arcrole/parent-child' xlink:from='loc_LongTermDebtOfRegistrantMaturitiesRepaymentsOfPrincipalRollingMaturityAbstract' xlink:to='loc_LongTermDebtOfRegistrantMaturitiesRepaymentsOfPrincipalInRollingYearThree' xlink:type='arc' />
<link:presentationArc order='40' xlink:arcrole='http://www.xbrl.org/2003/arcrole/parent-child' xlink:from='loc_LongTermDebtOfRegistrantMaturitiesRepaymentsOfPrincipalRollingMaturityAbstract' xlink:to='loc_LongTermDebtOfRegistrantMaturitiesRepaymentsOfPrincipalInRollingYearFour' xlink:type='arc' />
<link:presentationArc order='50' xlink:arcrole='http://www.xbrl.org/2003/arcrole/parent-child' xlink:from='loc_LongTermDebtOfRegistrantMaturitiesRepaymentsOfPrincipalRollingMaturityAbstract' xlink:to='loc_LongTermDebtOfRegistrantMaturitiesRepaymentsOfPrincipalInRollingYearFive' xlink:type='arc' />
<link:presentationArc order='60' xlink:arcrole='http://www.xbrl.org/2003/arcrole/parent-child' xlink:from='loc_LongTermDebtOfRegistrantMaturitiesRepaymentsOfPrincipalRollingMaturityAbstract' xlink:to='loc_LongTermDebtOfRegistrantMaturitiesRepaymentsOfPrincipalInRollingAfterYearFive' xlink:type='arc' />
<link:presentationArc order='10' xlink:arcrole='http://www.xbrl.org/2003/arcrole/parent-child' xlink:from='loc_SubsidiariesMember' xlink:to='loc_GuarantorSubsidiariesMember' xlink:type='arc' />
</link:presentationLink>
</link:linkbase>
