<?xml version='1.0' encoding='UTF-8'?>

<!--
(c) XBRL US, Inc. 2007-2010; Financial Accounting Foundation, Inc. 2010-2013.  All Rights Reserved.
Notice: Authorized Uses are Set Forth at http://xbrl.fasb.org/terms/TaxonomiesTermsConditions.html
  -->
<link:linkbase xmlns:link='http://www.xbrl.org/2003/linkbase' xmlns:xbrldt='http://xbrl.org/2005/xbrldt' xmlns:xlink='http://www.w3.org/1999/xlink' xmlns:xsi='http://www.w3.org/2001/XMLSchema-instance' xsi:schemaLocation='http://www.xbrl.org/2003/linkbase http://www.xbrl.org/2003/xbrl-linkbase-2003-12-31.xsd'>
<link:roleRef roleURI='http://fasb.org/us-gaap/role/disclosure/InventoryNetOfReservesAlternative' xlink:href='../elts/us-roles-2013-01-31.xsd#inv1' xlink:type='simple' />
<link:calculationLink xlink:role='http://fasb.org/us-gaap/role/disclosure/InventoryNetOfReservesAlternative' xlink:type='extended'>
<link:loc xlink:href='../elts/us-gaap-2013-01-31.xsd#us-gaap_InventoryNet' xlink:label='loc_InventoryNet' xlink:type='locator' />
<link:loc xlink:href='../elts/us-gaap-2013-01-31.xsd#us-gaap_InventoryFinishedGoodsAndWorkInProcessNetOfReserves' xlink:label='loc_InventoryFinishedGoodsAndWorkInProcessNetOfReserves' xlink:type='locator' />
<link:loc xlink:href='../elts/us-gaap-2013-01-31.xsd#us-gaap_InventoryFinishedGoodsNetOfReserves' xlink:label='loc_InventoryFinishedGoodsNetOfReserves' xlink:type='locator' />
<link:loc xlink:href='../elts/us-gaap-2013-01-31.xsd#us-gaap_InventoryWorkInProcessNetOfReserves' xlink:label='loc_InventoryWorkInProcessNetOfReserves' xlink:type='locator' />
<link:loc xlink:href='../elts/us-gaap-2013-01-31.xsd#us-gaap_InventoryRawMaterialsAndSuppliesNetOfReserves' xlink:label='loc_InventoryRawMaterialsAndSuppliesNetOfReserves' xlink:type='locator' />
<link:loc xlink:href='../elts/us-gaap-2013-01-31.xsd#us-gaap_InventoryRawMaterialsNetOfReserves' xlink:label='loc_InventoryRawMaterialsNetOfReserves' xlink:type='locator' />
<link:loc xlink:href='../elts/us-gaap-2013-01-31.xsd#us-gaap_InventorySuppliesNetOfReserves' xlink:label='loc_InventorySuppliesNetOfReserves' xlink:type='locator' />
<link:loc xlink:href='../elts/us-gaap-2013-01-31.xsd#us-gaap_InventoryWorkInProcessAndRawMaterialsNetOfReserves' xlink:label='loc_InventoryWorkInProcessAndRawMaterialsNetOfReserves' xlink:type='locator' />
<link:loc xlink:href='../elts/us-gaap-2013-01-31.xsd#us-gaap_InventoryRawMaterialsAndPurchasedPartsNetOfReserves' xlink:label='loc_InventoryRawMaterialsAndPurchasedPartsNetOfReserves' xlink:type='locator' />
<link:loc xlink:href='../elts/us-gaap-2013-01-31.xsd#us-gaap_InventoryPartsAndComponentsNetOfReserves' xlink:label='loc_InventoryPartsAndComponentsNetOfReserves' xlink:type='locator' />
<link:loc xlink:href='../elts/us-gaap-2013-01-31.xsd#us-gaap_OtherInventoryNetOfReserves' xlink:label='loc_OtherInventoryNetOfReserves' xlink:type='locator' />
<link:calculationArc order='10' weight='1.0' xlink:arcrole='http://www.xbrl.org/2003/arcrole/summation-item' xlink:from='loc_InventoryNet' xlink:to='loc_InventoryFinishedGoodsAndWorkInProcessNetOfReserves' xlink:type='arc' />
<link:calculationArc order='10' weight='1.0' xlink:arcrole='http://www.xbrl.org/2003/arcrole/summation-item' xlink:from='loc_InventoryFinishedGoodsAndWorkInProcessNetOfReserves' xlink:to='loc_InventoryFinishedGoodsNetOfReserves' xlink:type='arc' />
<link:calculationArc order='20' weight='1.0' xlink:arcrole='http://www.xbrl.org/2003/arcrole/summation-item' xlink:from='loc_InventoryFinishedGoodsAndWorkInProcessNetOfReserves' xlink:to='loc_InventoryWorkInProcessNetOfReserves' xlink:type='arc' />
<link:calculationArc order='20' weight='1.0' xlink:arcrole='http://www.xbrl.org/2003/arcrole/summation-item' xlink:from='loc_InventoryNet' xlink:to='loc_InventoryRawMaterialsAndSuppliesNetOfReserves' xlink:type='arc' />
<link:calculationArc order='10' weight='1.0' xlink:arcrole='http://www.xbrl.org/2003/arcrole/summation-item' xlink:from='loc_InventoryRawMaterialsAndSuppliesNetOfReserves' xlink:to='loc_InventoryRawMaterialsNetOfReserves' xlink:type='arc' />
<link:calculationArc order='20' weight='1.0' xlink:arcrole='http://www.xbrl.org/2003/arcrole/summation-item' xlink:from='loc_InventoryRawMaterialsAndSuppliesNetOfReserves' xlink:to='loc_InventorySuppliesNetOfReserves' xlink:type='arc' />
<link:calculationArc order='30' weight='1.0' xlink:arcrole='http://www.xbrl.org/2003/arcrole/summation-item' xlink:from='loc_InventoryNet' xlink:to='loc_InventoryWorkInProcessAndRawMaterialsNetOfReserves' xlink:type='arc' />
<link:calculationArc order='40' weight='1.0' xlink:arcrole='http://www.xbrl.org/2003/arcrole/summation-item' xlink:from='loc_InventoryNet' xlink:to='loc_InventoryRawMaterialsAndPurchasedPartsNetOfReserves' xlink:type='arc' />
<link:calculationArc order='50' weight='1.0' xlink:arcrole='http://www.xbrl.org/2003/arcrole/summation-item' xlink:from='loc_InventoryNet' xlink:to='loc_InventoryPartsAndComponentsNetOfReserves' xlink:type='arc' />
<link:calculationArc order='60' weight='1.0' xlink:arcrole='http://www.xbrl.org/2003/arcrole/summation-item' xlink:from='loc_InventoryNet' xlink:to='loc_OtherInventoryNetOfReserves' xlink:type='arc' />
</link:calculationLink>
</link:linkbase>
