<?xml version='1.0' encoding='UTF-8'?>

<!--
(c) XBRL US, Inc. 2007-2010; Financial Accounting Foundation, Inc. 2010-2013.  All Rights Reserved.
Notice: Authorized Uses are Set Forth at http://xbrl.fasb.org/terms/TaxonomiesTermsConditions.html
  -->
<link:linkbase xmlns:link='http://www.xbrl.org/2003/linkbase' xmlns:xbrldt='http://xbrl.org/2005/xbrldt' xmlns:xlink='http://www.w3.org/1999/xlink' xmlns:xsi='http://www.w3.org/2001/XMLSchema-instance' xsi:schemaLocation='http://www.xbrl.org/2003/linkbase http://www.xbrl.org/2003/xbrl-linkbase-2003-12-31.xsd'>
<link:roleRef roleURI='http://fasb.org/us-gaap/role/disclosure/CashAndCashEquivalents' xlink:href='../elts/us-roles-2013-01-31.xsd#cce' xlink:type='simple' />
<link:calculationLink xlink:role='http://fasb.org/us-gaap/role/disclosure/CashAndCashEquivalents' xlink:type='extended'>
<link:loc xlink:href='../elts/us-gaap-2013-01-31.xsd#us-gaap_CashAndCashEquivalentsAtCarryingValue' xlink:label='loc_CashAndCashEquivalentsAtCarryingValue' xlink:type='locator' />
<link:loc xlink:href='../elts/us-gaap-2013-01-31.xsd#us-gaap_CashAndDueFromBanks' xlink:label='loc_CashAndDueFromBanks' xlink:type='locator' />
<link:loc xlink:href='../elts/us-gaap-2013-01-31.xsd#us-gaap_Cash' xlink:label='loc_Cash' xlink:type='locator' />
<link:loc xlink:href='../elts/us-gaap-2013-01-31.xsd#us-gaap_DueFromBanks' xlink:label='loc_DueFromBanks' xlink:type='locator' />
<link:loc xlink:href='../elts/us-gaap-2013-01-31.xsd#us-gaap_InterestBearingDepositsInBanks' xlink:label='loc_InterestBearingDepositsInBanks' xlink:type='locator' />
<link:loc xlink:href='../elts/us-gaap-2013-01-31.xsd#us-gaap_CashEquivalentsAtCarryingValue' xlink:label='loc_CashEquivalentsAtCarryingValue' xlink:type='locator' />
<link:loc xlink:href='../elts/us-gaap-2013-01-31.xsd#us-gaap_AssetBackedSecuritiesAtCarryingValue' xlink:label='loc_AssetBackedSecuritiesAtCarryingValue' xlink:type='locator' />
<link:loc xlink:href='../elts/us-gaap-2013-01-31.xsd#us-gaap_CertificatesOfDepositAtCarryingValue' xlink:label='loc_CertificatesOfDepositAtCarryingValue' xlink:type='locator' />
<link:loc xlink:href='../elts/us-gaap-2013-01-31.xsd#us-gaap_CommercialPaperAtCarryingValue' xlink:label='loc_CommercialPaperAtCarryingValue' xlink:type='locator' />
<link:loc xlink:href='../elts/us-gaap-2013-01-31.xsd#us-gaap_CreditAndDebitCardReceivablesAtCarryingValue' xlink:label='loc_CreditAndDebitCardReceivablesAtCarryingValue' xlink:type='locator' />
<link:loc xlink:href='../elts/us-gaap-2013-01-31.xsd#us-gaap_MoneyMarketFundsAtCarryingValue' xlink:label='loc_MoneyMarketFundsAtCarryingValue' xlink:type='locator' />
<link:loc xlink:href='../elts/us-gaap-2013-01-31.xsd#us-gaap_MunicipalDebtSecuritiesAtCarryingValue' xlink:label='loc_MunicipalDebtSecuritiesAtCarryingValue' xlink:type='locator' />
<link:loc xlink:href='../elts/us-gaap-2013-01-31.xsd#us-gaap_TimeDepositsAtCarryingValue' xlink:label='loc_TimeDepositsAtCarryingValue' xlink:type='locator' />
<link:loc xlink:href='../elts/us-gaap-2013-01-31.xsd#us-gaap_USGovernmentSecuritiesAtCarryingValue' xlink:label='loc_USGovernmentSecuritiesAtCarryingValue' xlink:type='locator' />
<link:loc xlink:href='../elts/us-gaap-2013-01-31.xsd#us-gaap_USGovernmentAgenciesSecuritiesAtCarryingValue' xlink:label='loc_USGovernmentAgenciesSecuritiesAtCarryingValue' xlink:type='locator' />
<link:loc xlink:href='../elts/us-gaap-2013-01-31.xsd#us-gaap_OtherCashEquivalentsAtCarryingValue' xlink:label='loc_OtherCashEquivalentsAtCarryingValue' xlink:type='locator' />
<link:calculationArc order='10' weight='1.0' xlink:arcrole='http://www.xbrl.org/2003/arcrole/summation-item' xlink:from='loc_CashAndCashEquivalentsAtCarryingValue' xlink:to='loc_CashAndDueFromBanks' xlink:type='arc' />
<link:calculationArc order='10' weight='1.0' xlink:arcrole='http://www.xbrl.org/2003/arcrole/summation-item' xlink:from='loc_CashAndDueFromBanks' xlink:to='loc_Cash' xlink:type='arc' />
<link:calculationArc order='20' weight='1.0' xlink:arcrole='http://www.xbrl.org/2003/arcrole/summation-item' xlink:from='loc_CashAndDueFromBanks' xlink:to='loc_DueFromBanks' xlink:type='arc' />
<link:calculationArc order='20' weight='1.0' xlink:arcrole='http://www.xbrl.org/2003/arcrole/summation-item' xlink:from='loc_CashAndCashEquivalentsAtCarryingValue' xlink:to='loc_InterestBearingDepositsInBanks' xlink:type='arc' />
<link:calculationArc order='30' weight='1.0' xlink:arcrole='http://www.xbrl.org/2003/arcrole/summation-item' xlink:from='loc_CashAndCashEquivalentsAtCarryingValue' xlink:to='loc_CashEquivalentsAtCarryingValue' xlink:type='arc' />
<link:calculationArc order='10' use='optional' weight='1.0' xlink:arcrole='http://www.xbrl.org/2003/arcrole/summation-item' xlink:from='loc_CashEquivalentsAtCarryingValue' xlink:to='loc_AssetBackedSecuritiesAtCarryingValue' xlink:type='arc' />
<link:calculationArc order='20' use='optional' weight='1.0' xlink:arcrole='http://www.xbrl.org/2003/arcrole/summation-item' xlink:from='loc_CashEquivalentsAtCarryingValue' xlink:to='loc_CertificatesOfDepositAtCarryingValue' xlink:type='arc' />
<link:calculationArc order='30' use='optional' weight='1.0' xlink:arcrole='http://www.xbrl.org/2003/arcrole/summation-item' xlink:from='loc_CashEquivalentsAtCarryingValue' xlink:to='loc_CommercialPaperAtCarryingValue' xlink:type='arc' />
<link:calculationArc order='40' use='optional' weight='1.0' xlink:arcrole='http://www.xbrl.org/2003/arcrole/summation-item' xlink:from='loc_CashEquivalentsAtCarryingValue' xlink:to='loc_CreditAndDebitCardReceivablesAtCarryingValue' xlink:type='arc' />
<link:calculationArc order='50' use='optional' weight='1.0' xlink:arcrole='http://www.xbrl.org/2003/arcrole/summation-item' xlink:from='loc_CashEquivalentsAtCarryingValue' xlink:to='loc_MoneyMarketFundsAtCarryingValue' xlink:type='arc' />
<link:calculationArc order='60' use='optional' weight='1.0' xlink:arcrole='http://www.xbrl.org/2003/arcrole/summation-item' xlink:from='loc_CashEquivalentsAtCarryingValue' xlink:to='loc_MunicipalDebtSecuritiesAtCarryingValue' xlink:type='arc' />
<link:calculationArc order='70' use='optional' weight='1.0' xlink:arcrole='http://www.xbrl.org/2003/arcrole/summation-item' xlink:from='loc_CashEquivalentsAtCarryingValue' xlink:to='loc_TimeDepositsAtCarryingValue' xlink:type='arc' />
<link:calculationArc order='80' use='optional' weight='1.0' xlink:arcrole='http://www.xbrl.org/2003/arcrole/summation-item' xlink:from='loc_CashEquivalentsAtCarryingValue' xlink:to='loc_USGovernmentSecuritiesAtCarryingValue' xlink:type='arc' />
<link:calculationArc order='90' weight='1.0' xlink:arcrole='http://www.xbrl.org/2003/arcrole/summation-item' xlink:from='loc_CashEquivalentsAtCarryingValue' xlink:to='loc_USGovernmentAgenciesSecuritiesAtCarryingValue' xlink:type='arc' />
<link:calculationArc order='100' use='optional' weight='1.0' xlink:arcrole='http://www.xbrl.org/2003/arcrole/summation-item' xlink:from='loc_CashEquivalentsAtCarryingValue' xlink:to='loc_OtherCashEquivalentsAtCarryingValue' xlink:type='arc' />
</link:calculationLink>
</link:linkbase>
