<?xml version='1.0' encoding='UTF-8'?>

<!--
(c) XBRL US, Inc. 2007-2010; Financial Accounting Foundation, Inc. 2010-2017.  All Rights Reserved.
Notice: Authorized Uses are Set Forth at http://xbrl.fasb.org/terms/TaxonomiesTermsConditions.html
  -->
<link:linkbase xmlns:link='http://www.xbrl.org/2003/linkbase' xmlns:xbrldt='http://xbrl.org/2005/xbrldt' xmlns:xlink='http://www.w3.org/1999/xlink' xmlns:xsi='http://www.w3.org/2001/XMLSchema-instance' xsi:schemaLocation='http://www.xbrl.org/2003/linkbase http://www.xbrl.org/2003/xbrl-linkbase-2003-12-31.xsd'>
<link:roleRef roleURI='http://fasb.org/us-gaap/role/statement/StatementOfPartnersCapitalStatementTable' xlink:href='../elts/us-roles-2017-01-31.xsd#StatementOfPartnersCapitalStatementTable' xlink:type='simple' />
<link:arcroleRef arcroleURI='http://xbrl.org/int/dim/arcrole/all' xlink:href='http://www.xbrl.org/2005/xbrldt-2005.xsd#all' xlink:type='simple' />
<link:arcroleRef arcroleURI='http://xbrl.org/int/dim/arcrole/dimension-default' xlink:href='http://www.xbrl.org/2005/xbrldt-2005.xsd#dimension-default' xlink:type='simple' />
<link:arcroleRef arcroleURI='http://xbrl.org/int/dim/arcrole/dimension-domain' xlink:href='http://www.xbrl.org/2005/xbrldt-2005.xsd#dimension-domain' xlink:type='simple' />
<link:arcroleRef arcroleURI='http://xbrl.org/int/dim/arcrole/domain-member' xlink:href='http://www.xbrl.org/2005/xbrldt-2005.xsd#domain-member' xlink:type='simple' />
<link:arcroleRef arcroleURI='http://xbrl.org/int/dim/arcrole/hypercube-dimension' xlink:href='http://www.xbrl.org/2005/xbrldt-2005.xsd#hypercube-dimension' xlink:type='simple' />
<link:definitionLink xlink:role='http://fasb.org/us-gaap/role/statement/StatementOfPartnersCapitalStatementTable' xlink:type='extended'>
<link:loc xlink:href='../elts/us-gaap-2017-01-31.xsd#us-gaap_StatementLineItems' xlink:label='loc_StatementLineItems' xlink:type='locator' />
<link:loc xlink:href='../elts/us-gaap-2017-01-31.xsd#us-gaap_StatementTable' xlink:label='loc_StatementTable' xlink:type='locator' />
<link:definitionArc order='1.0' xbrldt:closed='true' xbrldt:contextElement='segment' xlink:arcrole='http://xbrl.org/int/dim/arcrole/all' xlink:from='loc_StatementLineItems' xlink:to='loc_StatementTable' xlink:type='arc' />
</link:definitionLink>
<link:definitionLink xlink:role='http://fasb.org/us-gaap/role/statement/StatementOfPartnersCapitalStatementTable' xlink:type='extended'>
<link:loc xlink:href='../elts/us-gaap-2017-01-31.xsd#us-gaap_PartnerCapitalComponentsAxis' xlink:label='loc_PartnerCapitalComponentsAxis' xlink:type='locator' />
<link:loc xlink:href='../elts/us-gaap-2017-01-31.xsd#us-gaap_PartnerCapitalComponentsDomain' xlink:label='loc_PartnerCapitalComponentsDomain' xlink:type='locator' />
<link:loc xlink:href='../elts/us-gaap-2017-01-31.xsd#us-gaap_PartnerTypeOfPartnersCapitalAccountAxis' xlink:label='loc_PartnerTypeOfPartnersCapitalAccountAxis' xlink:type='locator' />
<link:loc xlink:href='../elts/us-gaap-2017-01-31.xsd#us-gaap_PartnerTypeOfPartnersCapitalAccountNameDomain' xlink:label='loc_PartnerTypeOfPartnersCapitalAccountNameDomain' xlink:type='locator' />
<link:loc xlink:href='../elts/us-gaap-2017-01-31.xsd#us-gaap_StatementScenarioAxis' xlink:label='loc_StatementScenarioAxis' xlink:type='locator' />
<link:loc xlink:href='../elts/us-gaap-2017-01-31.xsd#us-gaap_ScenarioUnspecifiedDomain' xlink:label='loc_ScenarioUnspecifiedDomain' xlink:type='locator' />
<link:definitionArc order='3.0' xlink:arcrole='http://xbrl.org/int/dim/arcrole/dimension-default' xlink:from='loc_PartnerCapitalComponentsAxis' xlink:to='loc_PartnerCapitalComponentsDomain' xlink:type='arc' />
<link:definitionArc order='2.0' xlink:arcrole='http://xbrl.org/int/dim/arcrole/dimension-default' xlink:from='loc_PartnerTypeOfPartnersCapitalAccountAxis' xlink:to='loc_PartnerTypeOfPartnersCapitalAccountNameDomain' xlink:type='arc' />
<link:definitionArc order='1.0' xlink:arcrole='http://xbrl.org/int/dim/arcrole/dimension-default' xlink:from='loc_StatementScenarioAxis' xlink:to='loc_ScenarioUnspecifiedDomain' xlink:type='arc' />
</link:definitionLink>
<link:definitionLink xlink:role='http://fasb.org/us-gaap/role/statement/StatementOfPartnersCapitalStatementTable' xlink:type='extended'>
<link:loc xlink:href='../elts/us-gaap-2017-01-31.xsd#us-gaap_PartnerCapitalComponentsAxis' xlink:label='loc_PartnerCapitalComponentsAxis' xlink:type='locator' />
<link:loc xlink:href='../elts/us-gaap-2017-01-31.xsd#us-gaap_PartnerCapitalComponentsDomain' xlink:label='loc_PartnerCapitalComponentsDomain' xlink:type='locator' />
<link:loc xlink:href='../elts/us-gaap-2017-01-31.xsd#us-gaap_PartnerTypeOfPartnersCapitalAccountAxis' xlink:label='loc_PartnerTypeOfPartnersCapitalAccountAxis' xlink:type='locator' />
<link:loc xlink:href='../elts/us-gaap-2017-01-31.xsd#us-gaap_PartnerTypeOfPartnersCapitalAccountNameDomain' xlink:label='loc_PartnerTypeOfPartnersCapitalAccountNameDomain' xlink:type='locator' />
<link:loc xlink:href='../elts/us-gaap-2017-01-31.xsd#us-gaap_StatementScenarioAxis' xlink:label='loc_StatementScenarioAxis' xlink:type='locator' />
<link:loc xlink:href='../elts/us-gaap-2017-01-31.xsd#us-gaap_ScenarioUnspecifiedDomain' xlink:label='loc_ScenarioUnspecifiedDomain' xlink:type='locator' />
<link:definitionArc order='3.0' xlink:arcrole='http://xbrl.org/int/dim/arcrole/dimension-domain' xlink:from='loc_PartnerCapitalComponentsAxis' xlink:to='loc_PartnerCapitalComponentsDomain' xlink:type='arc' />
<link:definitionArc order='2.0' xlink:arcrole='http://xbrl.org/int/dim/arcrole/dimension-domain' xlink:from='loc_PartnerTypeOfPartnersCapitalAccountAxis' xlink:to='loc_PartnerTypeOfPartnersCapitalAccountNameDomain' xlink:type='arc' />
<link:definitionArc order='1.0' xlink:arcrole='http://xbrl.org/int/dim/arcrole/dimension-domain' xlink:from='loc_StatementScenarioAxis' xlink:to='loc_ScenarioUnspecifiedDomain' xlink:type='arc' />
</link:definitionLink>
<link:definitionLink xlink:role='http://fasb.org/us-gaap/role/statement/StatementOfPartnersCapitalStatementTable' xlink:type='extended'>
<link:loc xlink:href='../elts/us-gaap-2017-01-31.xsd#us-gaap_AccumulatedOtherComprehensiveIncomeMember' xlink:label='loc_AccumulatedOtherComprehensiveIncomeMember' xlink:type='locator' />
<link:loc xlink:href='../elts/us-gaap-2017-01-31.xsd#us-gaap_AccumulatedNetUnrealizedInvestmentGainLossMember' xlink:label='loc_AccumulatedNetUnrealizedInvestmentGainLossMember' xlink:type='locator' />
<link:loc xlink:href='../elts/us-gaap-2017-01-31.xsd#us-gaap_AccumulatedOtherThanTemporaryImpairmentMember' xlink:label='loc_AccumulatedOtherThanTemporaryImpairmentMember' xlink:type='locator' />
<link:loc xlink:href='../elts/us-gaap-2017-01-31.xsd#us-gaap_AccumulatedNetGainLossFromDesignatedOrQualifyingCashFlowHedgesMember' xlink:label='loc_AccumulatedNetGainLossFromDesignatedOrQualifyingCashFlowHedgesMember' xlink:type='locator' />
<link:loc xlink:href='../elts/us-gaap-2017-01-31.xsd#us-gaap_AccumulatedTranslationAdjustmentMember' xlink:label='loc_AccumulatedTranslationAdjustmentMember' xlink:type='locator' />
<link:loc xlink:href='../elts/us-gaap-2017-01-31.xsd#us-gaap_AccumulatedDefinedBenefitPlansAdjustmentMember' xlink:label='loc_AccumulatedDefinedBenefitPlansAdjustmentMember' xlink:type='locator' />
<link:loc xlink:href='../elts/us-gaap-2017-01-31.xsd#us-gaap_AccumulatedGainLossFinancialLiabilityFairValueOptionAttributableToParentMember' xlink:label='loc_AccumulatedGainLossFinancialLiabilityFairValueOptionAttributableToParentMember' xlink:type='locator' />
<link:loc xlink:href='../elts/us-gaap-2017-01-31.xsd#us-gaap_AccumulatedDefinedBenefitPlansAdjustmentNetUnamortizedGainLossMember' xlink:label='loc_AccumulatedDefinedBenefitPlansAdjustmentNetUnamortizedGainLossMember' xlink:type='locator' />
<link:loc xlink:href='../elts/us-gaap-2017-01-31.xsd#us-gaap_AccumulatedDefinedBenefitPlansAdjustmentNetPriorServiceCostCreditMember' xlink:label='loc_AccumulatedDefinedBenefitPlansAdjustmentNetPriorServiceCostCreditMember' xlink:type='locator' />
<link:loc xlink:href='../elts/us-gaap-2017-01-31.xsd#us-gaap_AccumulatedDefinedBenefitPlansAdjustmentNetTransitionAssetObligationMember' xlink:label='loc_AccumulatedDefinedBenefitPlansAdjustmentNetTransitionAssetObligationMember' xlink:type='locator' />
<link:loc xlink:href='../elts/us-gaap-2017-01-31.xsd#us-gaap_ComprehensiveIncomeNetOfTaxIncludingPortionAttributableToNoncontrollingInterestAbstract' xlink:label='loc_ComprehensiveIncomeNetOfTaxIncludingPortionAttributableToNoncontrollingInterestAbstract' xlink:type='locator' />
<link:loc xlink:href='../elts/us-gaap-2017-01-31.xsd#us-gaap_NetIncomeLossAttributableToReportingEntityAbstract' xlink:label='loc_NetIncomeLossAttributableToReportingEntityAbstract' xlink:type='locator' />
<link:loc xlink:href='../elts/us-gaap-2017-01-31.xsd#us-gaap_OtherComprehensiveIncomeLossNetOfTax' xlink:label='loc_OtherComprehensiveIncomeLossNetOfTax' xlink:type='locator' />
<link:loc xlink:href='../elts/us-gaap-2017-01-31.xsd#us-gaap_ComprehensiveIncomeNetOfTaxIncludingPortionAttributableToNoncontrollingInterest' xlink:label='loc_ComprehensiveIncomeNetOfTaxIncludingPortionAttributableToNoncontrollingInterest' xlink:type='locator' />
<link:loc xlink:href='../elts/us-gaap-2017-01-31.xsd#us-gaap_IncreaseDecreaseInPartnersCapitalRollForward' xlink:label='loc_IncreaseDecreaseInPartnersCapitalRollForward' xlink:type='locator' />
<link:loc xlink:href='../elts/us-gaap-2017-01-31.xsd#us-gaap_PartnersCapital' xlink:label='loc_PartnersCapital' xlink:type='locator' />
<link:loc xlink:href='../elts/us-gaap-2017-01-31.xsd#us-gaap_CumulativeEffectOfNewAccountingPrincipleInPeriodOfAdoption' xlink:label='loc_CumulativeEffectOfNewAccountingPrincipleInPeriodOfAdoption' xlink:type='locator' />
<link:loc xlink:href='../elts/us-gaap-2017-01-31.xsd#us-gaap_PartnersCapitalAdjustedBalance1' xlink:label='loc_PartnersCapitalAdjustedBalance1' xlink:type='locator' />
<link:loc xlink:href='../elts/us-gaap-2017-01-31.xsd#us-gaap_PartnersCapitalAccountUnits' xlink:label='loc_PartnersCapitalAccountUnits' xlink:type='locator' />
<link:loc xlink:href='../elts/us-gaap-2017-01-31.xsd#us-gaap_PartnersCapitalAccountAcquisitions' xlink:label='loc_PartnersCapitalAccountAcquisitions' xlink:type='locator' />
<link:loc xlink:href='../elts/us-gaap-2017-01-31.xsd#us-gaap_PartnersCapitalAccountUnitsAcquisitions' xlink:label='loc_PartnersCapitalAccountUnitsAcquisitions' xlink:type='locator' />
<link:loc xlink:href='../elts/us-gaap-2017-01-31.xsd#us-gaap_PartnersCapitalAccountContributions' xlink:label='loc_PartnersCapitalAccountContributions' xlink:type='locator' />
<link:loc xlink:href='../elts/us-gaap-2017-01-31.xsd#us-gaap_PartnersCapitalAccountUnitsContributed' xlink:label='loc_PartnersCapitalAccountUnitsContributed' xlink:type='locator' />
<link:loc xlink:href='../elts/us-gaap-2017-01-31.xsd#us-gaap_PartnersCapitalAccountExchangesAndConversions' xlink:label='loc_PartnersCapitalAccountExchangesAndConversions' xlink:type='locator' />
<link:loc xlink:href='../elts/us-gaap-2017-01-31.xsd#us-gaap_PartnersCapitalAccountUnitsConverted' xlink:label='loc_PartnersCapitalAccountUnitsConverted' xlink:type='locator' />
<link:loc xlink:href='../elts/us-gaap-2017-01-31.xsd#us-gaap_PartnersCapitalAccountRedemptions' xlink:label='loc_PartnersCapitalAccountRedemptions' xlink:type='locator' />
<link:loc xlink:href='../elts/us-gaap-2017-01-31.xsd#us-gaap_PartnersCapitalAccountUnitsRedeemed' xlink:label='loc_PartnersCapitalAccountUnitsRedeemed' xlink:type='locator' />
<link:loc xlink:href='../elts/us-gaap-2017-01-31.xsd#us-gaap_PartnersCapitalAccountSaleOfUnitsAbstract' xlink:label='loc_PartnersCapitalAccountSaleOfUnitsAbstract' xlink:type='locator' />
<link:loc xlink:href='../elts/us-gaap-2017-01-31.xsd#us-gaap_PartnersCapitalAccountUnitsSaleOfUnitsAbstract' xlink:label='loc_PartnersCapitalAccountUnitsSaleOfUnitsAbstract' xlink:type='locator' />
<link:loc xlink:href='../elts/us-gaap-2017-01-31.xsd#us-gaap_PartnersCapitalAccountTreasuryUnitsReissued' xlink:label='loc_PartnersCapitalAccountTreasuryUnitsReissued' xlink:type='locator' />
<link:loc xlink:href='../elts/us-gaap-2017-01-31.xsd#us-gaap_PartnersCapitalAccountUnitsTreasuryUnitsReissued' xlink:label='loc_PartnersCapitalAccountUnitsTreasuryUnitsReissued' xlink:type='locator' />
<link:loc xlink:href='../elts/us-gaap-2017-01-31.xsd#us-gaap_PartnersCapitalAccountTreasuryUnitsPurchases' xlink:label='loc_PartnersCapitalAccountTreasuryUnitsPurchases' xlink:type='locator' />
<link:loc xlink:href='../elts/us-gaap-2017-01-31.xsd#us-gaap_PartnersCapitalAccountUnitsTreasury' xlink:label='loc_PartnersCapitalAccountUnitsTreasury' xlink:type='locator' />
<link:loc xlink:href='../elts/us-gaap-2017-01-31.xsd#us-gaap_PartnersCapitalAccountUnitBasedCompensation' xlink:label='loc_PartnersCapitalAccountUnitBasedCompensation' xlink:type='locator' />
<link:loc xlink:href='../elts/us-gaap-2017-01-31.xsd#us-gaap_PartnersCapitalAccountUnitsUnitbasedCompensation' xlink:label='loc_PartnersCapitalAccountUnitsUnitbasedCompensation' xlink:type='locator' />
<link:loc xlink:href='../elts/us-gaap-2017-01-31.xsd#us-gaap_PartnersCapitalAccountDeferredCompensation' xlink:label='loc_PartnersCapitalAccountDeferredCompensation' xlink:type='locator' />
<link:loc xlink:href='../elts/us-gaap-2017-01-31.xsd#us-gaap_PartnersCapitalAccountDistributionsAbstract' xlink:label='loc_PartnersCapitalAccountDistributionsAbstract' xlink:type='locator' />
<link:loc xlink:href='../elts/us-gaap-2017-01-31.xsd#us-gaap_PartnersCapitalAccountOptionExercise' xlink:label='loc_PartnersCapitalAccountOptionExercise' xlink:type='locator' />
<link:loc xlink:href='../elts/us-gaap-2017-01-31.xsd#us-gaap_PartnersCapitalAccountReturnOfCapital' xlink:label='loc_PartnersCapitalAccountReturnOfCapital' xlink:type='locator' />
<link:loc xlink:href='../elts/us-gaap-2017-01-31.xsd#us-gaap_PartnersCapitalOther' xlink:label='loc_PartnersCapitalOther' xlink:type='locator' />
<link:loc xlink:href='../elts/us-gaap-2017-01-31.xsd#us-gaap_PartnersCapitalAccountPeriodIncreaseDecrease' xlink:label='loc_PartnersCapitalAccountPeriodIncreaseDecrease' xlink:type='locator' />
<link:loc xlink:href='../elts/us-gaap-2017-01-31.xsd#us-gaap_PartnersCapitalAccountUnitsPeriodIncreaseDecrease' xlink:label='loc_PartnersCapitalAccountUnitsPeriodIncreaseDecrease' xlink:type='locator' />
<link:loc xlink:href='../elts/us-gaap-2017-01-31.xsd#us-gaap_IncreaseDecreaseInTemporaryEquityRollForward' xlink:label='loc_IncreaseDecreaseInTemporaryEquityRollForward' xlink:type='locator' />
<link:loc xlink:href='../elts/us-gaap-2017-01-31.xsd#us-gaap_TemporaryEquityCarryingAmountIncludingPortionAttributableToNoncontrollingInterests' xlink:label='loc_TemporaryEquityCarryingAmountIncludingPortionAttributableToNoncontrollingInterests' xlink:type='locator' />
<link:loc xlink:href='../elts/us-gaap-2017-01-31.xsd#us-gaap_TemporaryEquityNetIncome' xlink:label='loc_TemporaryEquityNetIncome' xlink:type='locator' />
<link:loc xlink:href='../elts/us-gaap-2017-01-31.xsd#us-gaap_TemporaryEquityForeignCurrencyTranslationAdjustments' xlink:label='loc_TemporaryEquityForeignCurrencyTranslationAdjustments' xlink:type='locator' />
<link:loc xlink:href='../elts/us-gaap-2017-01-31.xsd#us-gaap_TemporaryEquityStockIssuedDuringPeriodValueNewIssues' xlink:label='loc_TemporaryEquityStockIssuedDuringPeriodValueNewIssues' xlink:type='locator' />
<link:loc xlink:href='../elts/us-gaap-2017-01-31.xsd#us-gaap_TemporaryEquityAccretionOfDividends' xlink:label='loc_TemporaryEquityAccretionOfDividends' xlink:type='locator' />
<link:loc xlink:href='../elts/us-gaap-2017-01-31.xsd#us-gaap_TemporaryEquityAccretionOfInterest' xlink:label='loc_TemporaryEquityAccretionOfInterest' xlink:type='locator' />
<link:loc xlink:href='../elts/us-gaap-2017-01-31.xsd#us-gaap_TemporaryEquityAccretionToRedemptionValue' xlink:label='loc_TemporaryEquityAccretionToRedemptionValue' xlink:type='locator' />
<link:loc xlink:href='../elts/us-gaap-2017-01-31.xsd#us-gaap_ReclassificationsOfTemporaryToPermanentEquity' xlink:label='loc_ReclassificationsOfTemporaryToPermanentEquity' xlink:type='locator' />
<link:loc xlink:href='../elts/us-gaap-2017-01-31.xsd#us-gaap_TemporaryEquityInterestInSubsidiaryEarnings' xlink:label='loc_TemporaryEquityInterestInSubsidiaryEarnings' xlink:type='locator' />
<link:loc xlink:href='../elts/us-gaap-2017-01-31.xsd#us-gaap_TemporaryEquityEliminationAsPartofReorganization' xlink:label='loc_TemporaryEquityEliminationAsPartofReorganization' xlink:type='locator' />
<link:loc xlink:href='../elts/us-gaap-2017-01-31.xsd#us-gaap_TemporaryEquityOtherChanges' xlink:label='loc_TemporaryEquityOtherChanges' xlink:type='locator' />
<link:loc xlink:href='../elts/us-gaap-2017-01-31.xsd#us-gaap_TemporaryEquityIssuePeriodIncreaseOrDecrease' xlink:label='loc_TemporaryEquityIssuePeriodIncreaseOrDecrease' xlink:type='locator' />
<link:loc xlink:href='../elts/us-gaap-2017-01-31.xsd#us-gaap_MinorityInterestInNetIncomeLossOfConsolidatedEntitiesAbstract' xlink:label='loc_MinorityInterestInNetIncomeLossOfConsolidatedEntitiesAbstract' xlink:type='locator' />
<link:loc xlink:href='../elts/us-gaap-2017-01-31.xsd#us-gaap_NetIncomeLossAttributableToNonredeemableNoncontrollingInterestAbstract' xlink:label='loc_NetIncomeLossAttributableToNonredeemableNoncontrollingInterestAbstract' xlink:type='locator' />
<link:loc xlink:href='../elts/us-gaap-2017-01-31.xsd#us-gaap_NetIncomeLossAttributableToRedeemableNoncontrollingInterestAbstract' xlink:label='loc_NetIncomeLossAttributableToRedeemableNoncontrollingInterestAbstract' xlink:type='locator' />
<link:loc xlink:href='../elts/us-gaap-2017-01-31.xsd#us-gaap_NetIncomeLossAttributableToNoncontrollingInterest' xlink:label='loc_NetIncomeLossAttributableToNoncontrollingInterest' xlink:type='locator' />
<link:loc xlink:href='../elts/us-gaap-2017-01-31.xsd#us-gaap_NoncontrollingInterestInNetIncomeLossJointVenturePartnersNonredeemable' xlink:label='loc_NoncontrollingInterestInNetIncomeLossJointVenturePartnersNonredeemable' xlink:type='locator' />
<link:loc xlink:href='../elts/us-gaap-2017-01-31.xsd#us-gaap_NoncontrollingInterestInNetIncomeLossLimitedPartnershipsNonredeemable' xlink:label='loc_NoncontrollingInterestInNetIncomeLossLimitedPartnershipsNonredeemable' xlink:type='locator' />
<link:loc xlink:href='../elts/us-gaap-2017-01-31.xsd#us-gaap_NoncontrollingInterestInNetIncomeLossOperatingPartnershipsNonredeemable' xlink:label='loc_NoncontrollingInterestInNetIncomeLossOperatingPartnershipsNonredeemable' xlink:type='locator' />
<link:loc xlink:href='../elts/us-gaap-2017-01-31.xsd#us-gaap_NoncontrollingInterestInNetIncomeLossOtherNoncontrollingInterestsNonredeemable' xlink:label='loc_NoncontrollingInterestInNetIncomeLossOtherNoncontrollingInterestsNonredeemable' xlink:type='locator' />
<link:loc xlink:href='../elts/us-gaap-2017-01-31.xsd#us-gaap_NoncontrollingInterestInNetIncomeLossPreferredUnitHoldersNonredeemable' xlink:label='loc_NoncontrollingInterestInNetIncomeLossPreferredUnitHoldersNonredeemable' xlink:type='locator' />
<link:loc xlink:href='../elts/us-gaap-2017-01-31.xsd#us-gaap_NetIncomeLossAttributableToNonredeemableNoncontrollingInterest' xlink:label='loc_NetIncomeLossAttributableToNonredeemableNoncontrollingInterest' xlink:type='locator' />
<link:loc xlink:href='../elts/us-gaap-2017-01-31.xsd#us-gaap_NoncontrollingInterestInNetIncomeLossJointVenturePartnersRedeemable' xlink:label='loc_NoncontrollingInterestInNetIncomeLossJointVenturePartnersRedeemable' xlink:type='locator' />
<link:loc xlink:href='../elts/us-gaap-2017-01-31.xsd#us-gaap_NoncontrollingInterestInNetIncomeLossLimitedPartnershipsRedeemable' xlink:label='loc_NoncontrollingInterestInNetIncomeLossLimitedPartnershipsRedeemable' xlink:type='locator' />
<link:loc xlink:href='../elts/us-gaap-2017-01-31.xsd#us-gaap_NoncontrollingInterestInNetIncomeLossOperatingPartnershipsRedeemable' xlink:label='loc_NoncontrollingInterestInNetIncomeLossOperatingPartnershipsRedeemable' xlink:type='locator' />
<link:loc xlink:href='../elts/us-gaap-2017-01-31.xsd#us-gaap_NoncontrollingInterestInNetIncomeLossOtherNoncontrollingInterestsRedeemable' xlink:label='loc_NoncontrollingInterestInNetIncomeLossOtherNoncontrollingInterestsRedeemable' xlink:type='locator' />
<link:loc xlink:href='../elts/us-gaap-2017-01-31.xsd#us-gaap_NoncontrollingInterestInNetIncomeLossPreferredUnitHoldersRedeemable' xlink:label='loc_NoncontrollingInterestInNetIncomeLossPreferredUnitHoldersRedeemable' xlink:type='locator' />
<link:loc xlink:href='../elts/us-gaap-2017-01-31.xsd#us-gaap_NetIncomeLossAttributableToRedeemableNoncontrollingInterest' xlink:label='loc_NetIncomeLossAttributableToRedeemableNoncontrollingInterest' xlink:type='locator' />
<link:loc xlink:href='../elts/us-gaap-2017-01-31.xsd#us-gaap_NetIncomeLossIncludingPortionAttributableToNonredeemableNoncontrollingInterest' xlink:label='loc_NetIncomeLossIncludingPortionAttributableToNonredeemableNoncontrollingInterest' xlink:type='locator' />
<link:loc xlink:href='../elts/us-gaap-2017-01-31.xsd#us-gaap_ProfitLoss' xlink:label='loc_ProfitLoss' xlink:type='locator' />
<link:loc xlink:href='../elts/us-gaap-2017-01-31.xsd#us-gaap_NoncontrollingInterestItemsAbstract' xlink:label='loc_NoncontrollingInterestItemsAbstract' xlink:type='locator' />
<link:loc xlink:href='../elts/us-gaap-2017-01-31.xsd#us-gaap_NoncontrollingInterestIncreaseFromSubsidiaryEquityIssuance' xlink:label='loc_NoncontrollingInterestIncreaseFromSubsidiaryEquityIssuance' xlink:type='locator' />
<link:loc xlink:href='../elts/us-gaap-2017-01-31.xsd#us-gaap_NoncontrollingInterestIncreaseFromSaleOfParentEquityInterest' xlink:label='loc_NoncontrollingInterestIncreaseFromSaleOfParentEquityInterest' xlink:type='locator' />
<link:loc xlink:href='../elts/us-gaap-2017-01-31.xsd#us-gaap_NoncontrollingInterestIncreaseFromBusinessCombination' xlink:label='loc_NoncontrollingInterestIncreaseFromBusinessCombination' xlink:type='locator' />
<link:loc xlink:href='../elts/us-gaap-2017-01-31.xsd#us-gaap_ComprehensiveIncomeNetOfTaxAttributableToNoncontrollingInterest' xlink:label='loc_ComprehensiveIncomeNetOfTaxAttributableToNoncontrollingInterest' xlink:type='locator' />
<link:loc xlink:href='../elts/us-gaap-2017-01-31.xsd#us-gaap_MinorityInterestDecreaseFromDistributionsToNoncontrollingInterestHolders' xlink:label='loc_MinorityInterestDecreaseFromDistributionsToNoncontrollingInterestHolders' xlink:type='locator' />
<link:loc xlink:href='../elts/us-gaap-2017-01-31.xsd#us-gaap_MinorityInterestDecreaseFromRedemptions' xlink:label='loc_MinorityInterestDecreaseFromRedemptions' xlink:type='locator' />
<link:loc xlink:href='../elts/us-gaap-2017-01-31.xsd#us-gaap_PartnerCapitalComponentsDomain' xlink:label='loc_PartnerCapitalComponentsDomain' xlink:type='locator' />
<link:loc xlink:href='../elts/us-gaap-2017-01-31.xsd#us-gaap_ComprehensiveIncomeMember' xlink:label='loc_ComprehensiveIncomeMember' xlink:type='locator' />
<link:loc xlink:href='../elts/us-gaap-2017-01-31.xsd#us-gaap_PartnerTypeOfPartnersCapitalAccountNameDomain' xlink:label='loc_PartnerTypeOfPartnersCapitalAccountNameDomain' xlink:type='locator' />
<link:loc xlink:href='../elts/us-gaap-2017-01-31.xsd#us-gaap_GeneralPartnerMember' xlink:label='loc_GeneralPartnerMember' xlink:type='locator' />
<link:loc xlink:href='../elts/us-gaap-2017-01-31.xsd#us-gaap_LimitedPartnerMember' xlink:label='loc_LimitedPartnerMember' xlink:type='locator' />
<link:loc xlink:href='../elts/us-gaap-2017-01-31.xsd#us-gaap_PreferredPartnerMember' xlink:label='loc_PreferredPartnerMember' xlink:type='locator' />
<link:loc xlink:href='../elts/us-gaap-2017-01-31.xsd#us-gaap_OtherOwnershipInterestMember' xlink:label='loc_OtherOwnershipInterestMember' xlink:type='locator' />
<link:loc xlink:href='../elts/us-gaap-2017-01-31.xsd#us-gaap_GeneralPartnersCapitalAccountDistributionAmount' xlink:label='loc_GeneralPartnersCapitalAccountDistributionAmount' xlink:type='locator' />
<link:loc xlink:href='../elts/us-gaap-2017-01-31.xsd#us-gaap_LimitedPartnersCapitalAccountDistributionAmount' xlink:label='loc_LimitedPartnersCapitalAccountDistributionAmount' xlink:type='locator' />
<link:loc xlink:href='../elts/us-gaap-2017-01-31.xsd#us-gaap_IncentiveDistributionDistributionPerYear' xlink:label='loc_IncentiveDistributionDistributionPerYear' xlink:type='locator' />
<link:loc xlink:href='../elts/us-gaap-2017-01-31.xsd#us-gaap_PartnersCapitalAccountDistributions' xlink:label='loc_PartnersCapitalAccountDistributions' xlink:type='locator' />
<link:loc xlink:href='../elts/us-gaap-2017-01-31.xsd#us-gaap_PartnersCapitalAccountParentheticalDisclosureAbstract' xlink:label='loc_PartnersCapitalAccountParentheticalDisclosureAbstract' xlink:type='locator' />
<link:loc xlink:href='../elts/us-gaap-2017-01-31.xsd#us-gaap_PartnersCapitalAccountDescriptionOfPartnershipInterest' xlink:label='loc_PartnersCapitalAccountDescriptionOfPartnershipInterest' xlink:type='locator' />
<link:loc xlink:href='../elts/us-gaap-2017-01-31.xsd#us-gaap_PartnersCapitalAccountDescriptionOfUnitsSold' xlink:label='loc_PartnersCapitalAccountDescriptionOfUnitsSold' xlink:type='locator' />
<link:loc xlink:href='../elts/us-gaap-2017-01-31.xsd#us-gaap_PartnersCapitalAccountDistributionPerUnitOfLimitedPartnerInterest' xlink:label='loc_PartnersCapitalAccountDistributionPerUnitOfLimitedPartnerInterest' xlink:type='locator' />
<link:loc xlink:href='../elts/us-gaap-2017-01-31.xsd#us-gaap_PartnersCapitalAccountPublicSaleOfUnitsNetOfOfferingCosts' xlink:label='loc_PartnersCapitalAccountPublicSaleOfUnitsNetOfOfferingCosts' xlink:type='locator' />
<link:loc xlink:href='../elts/us-gaap-2017-01-31.xsd#us-gaap_PartnersCapitalAccountPrivatePlacementOfUnits' xlink:label='loc_PartnersCapitalAccountPrivatePlacementOfUnits' xlink:type='locator' />
<link:loc xlink:href='../elts/us-gaap-2017-01-31.xsd#us-gaap_PartnersCapitalAccountPublicSaleOfUnits' xlink:label='loc_PartnersCapitalAccountPublicSaleOfUnits' xlink:type='locator' />
<link:loc xlink:href='../elts/us-gaap-2017-01-31.xsd#us-gaap_PartnersCapitalAccountSaleOfUnits' xlink:label='loc_PartnersCapitalAccountSaleOfUnits' xlink:type='locator' />
<link:loc xlink:href='../elts/us-gaap-2017-01-31.xsd#us-gaap_PartnersCapitalAccountUnitsSoldInPrivatePlacement' xlink:label='loc_PartnersCapitalAccountUnitsSoldInPrivatePlacement' xlink:type='locator' />
<link:loc xlink:href='../elts/us-gaap-2017-01-31.xsd#us-gaap_PartnersCapitalAccountUnitsSoldInPublicOffering' xlink:label='loc_PartnersCapitalAccountUnitsSoldInPublicOffering' xlink:type='locator' />
<link:loc xlink:href='../elts/us-gaap-2017-01-31.xsd#us-gaap_PartnersCapitalAccountUnitsSaleOfUnits' xlink:label='loc_PartnersCapitalAccountUnitsSaleOfUnits' xlink:type='locator' />
<link:loc xlink:href='../elts/us-gaap-2017-01-31.xsd#us-gaap_ScenarioUnspecifiedDomain' xlink:label='loc_ScenarioUnspecifiedDomain' xlink:type='locator' />
<link:loc xlink:href='../elts/us-gaap-2017-01-31.xsd#us-gaap_ScenarioPreviouslyReportedMember' xlink:label='loc_ScenarioPreviouslyReportedMember' xlink:type='locator' />
<link:loc xlink:href='../elts/us-gaap-2017-01-31.xsd#us-gaap_RestatementAdjustmentMember' xlink:label='loc_RestatementAdjustmentMember' xlink:type='locator' />
<link:loc xlink:href='../elts/us-gaap-2017-01-31.xsd#us-gaap_StatementLineItems' xlink:label='loc_StatementLineItems' xlink:type='locator' />
<link:definitionArc order='8.0' xlink:arcrole='http://xbrl.org/int/dim/arcrole/domain-member' xlink:from='loc_AccumulatedOtherComprehensiveIncomeMember' xlink:to='loc_AccumulatedNetUnrealizedInvestmentGainLossMember' xlink:type='arc' />
<link:definitionArc order='9.0' xlink:arcrole='http://xbrl.org/int/dim/arcrole/domain-member' xlink:from='loc_AccumulatedOtherComprehensiveIncomeMember' xlink:to='loc_AccumulatedOtherThanTemporaryImpairmentMember' xlink:type='arc' />
<link:definitionArc order='10.0' xlink:arcrole='http://xbrl.org/int/dim/arcrole/domain-member' xlink:from='loc_AccumulatedOtherComprehensiveIncomeMember' xlink:to='loc_AccumulatedNetGainLossFromDesignatedOrQualifyingCashFlowHedgesMember' xlink:type='arc' />
<link:definitionArc order='11.0' xlink:arcrole='http://xbrl.org/int/dim/arcrole/domain-member' xlink:from='loc_AccumulatedOtherComprehensiveIncomeMember' xlink:to='loc_AccumulatedTranslationAdjustmentMember' xlink:type='arc' />
<link:definitionArc order='12.0' xlink:arcrole='http://xbrl.org/int/dim/arcrole/domain-member' xlink:from='loc_AccumulatedOtherComprehensiveIncomeMember' xlink:to='loc_AccumulatedDefinedBenefitPlansAdjustmentMember' xlink:type='arc' />
<link:definitionArc order='16.0' xlink:arcrole='http://xbrl.org/int/dim/arcrole/domain-member' xlink:from='loc_AccumulatedOtherComprehensiveIncomeMember' xlink:to='loc_AccumulatedGainLossFinancialLiabilityFairValueOptionAttributableToParentMember' xlink:type='arc' />
<link:definitionArc order='13.0' xlink:arcrole='http://xbrl.org/int/dim/arcrole/domain-member' xlink:from='loc_AccumulatedDefinedBenefitPlansAdjustmentMember' xlink:to='loc_AccumulatedDefinedBenefitPlansAdjustmentNetUnamortizedGainLossMember' xlink:type='arc' />
<link:definitionArc order='14.0' xlink:arcrole='http://xbrl.org/int/dim/arcrole/domain-member' xlink:from='loc_AccumulatedDefinedBenefitPlansAdjustmentMember' xlink:to='loc_AccumulatedDefinedBenefitPlansAdjustmentNetPriorServiceCostCreditMember' xlink:type='arc' />
<link:definitionArc order='15.0' xlink:arcrole='http://xbrl.org/int/dim/arcrole/domain-member' xlink:from='loc_AccumulatedDefinedBenefitPlansAdjustmentMember' xlink:to='loc_AccumulatedDefinedBenefitPlansAdjustmentNetTransitionAssetObligationMember' xlink:type='arc' />
<link:definitionArc order='35.0' xlink:arcrole='http://xbrl.org/int/dim/arcrole/domain-member' xlink:from='loc_ComprehensiveIncomeNetOfTaxIncludingPortionAttributableToNoncontrollingInterestAbstract' xlink:to='loc_NetIncomeLossAttributableToReportingEntityAbstract' xlink:type='arc' />
<link:definitionArc order='39.0' xlink:arcrole='http://xbrl.org/int/dim/arcrole/domain-member' xlink:from='loc_ComprehensiveIncomeNetOfTaxIncludingPortionAttributableToNoncontrollingInterestAbstract' xlink:to='loc_OtherComprehensiveIncomeLossNetOfTax' xlink:type='arc' />
<link:definitionArc order='40.0' xlink:arcrole='http://xbrl.org/int/dim/arcrole/domain-member' xlink:from='loc_ComprehensiveIncomeNetOfTaxIncludingPortionAttributableToNoncontrollingInterestAbstract' xlink:to='loc_ComprehensiveIncomeNetOfTaxIncludingPortionAttributableToNoncontrollingInterest' xlink:type='arc' />
<link:definitionArc order='2.0' xlink:arcrole='http://xbrl.org/int/dim/arcrole/domain-member' xlink:from='loc_IncreaseDecreaseInPartnersCapitalRollForward' xlink:to='loc_PartnersCapital' xlink:type='arc' />
<link:definitionArc order='3.0' xlink:arcrole='http://xbrl.org/int/dim/arcrole/domain-member' xlink:from='loc_IncreaseDecreaseInPartnersCapitalRollForward' xlink:to='loc_CumulativeEffectOfNewAccountingPrincipleInPeriodOfAdoption' xlink:type='arc' />
<link:definitionArc order='4.0' xlink:arcrole='http://xbrl.org/int/dim/arcrole/domain-member' xlink:from='loc_IncreaseDecreaseInPartnersCapitalRollForward' xlink:to='loc_PartnersCapitalAdjustedBalance1' xlink:type='arc' />
<link:definitionArc order='5.0' xlink:arcrole='http://xbrl.org/int/dim/arcrole/domain-member' xlink:from='loc_IncreaseDecreaseInPartnersCapitalRollForward' xlink:to='loc_PartnersCapitalAccountUnits' xlink:type='arc' />
<link:definitionArc order='6.0' xlink:arcrole='http://xbrl.org/int/dim/arcrole/domain-member' xlink:from='loc_IncreaseDecreaseInPartnersCapitalRollForward' xlink:to='loc_PartnersCapitalAccountAcquisitions' xlink:type='arc' />
<link:definitionArc order='7.0' xlink:arcrole='http://xbrl.org/int/dim/arcrole/domain-member' xlink:from='loc_PartnersCapitalAccountAcquisitions' xlink:to='loc_PartnersCapitalAccountUnitsAcquisitions' xlink:type='arc' />
<link:definitionArc order='8.0' xlink:arcrole='http://xbrl.org/int/dim/arcrole/domain-member' xlink:from='loc_IncreaseDecreaseInPartnersCapitalRollForward' xlink:to='loc_PartnersCapitalAccountContributions' xlink:type='arc' />
<link:definitionArc order='9.0' xlink:arcrole='http://xbrl.org/int/dim/arcrole/domain-member' xlink:from='loc_PartnersCapitalAccountContributions' xlink:to='loc_PartnersCapitalAccountUnitsContributed' xlink:type='arc' />
<link:definitionArc order='10.0' xlink:arcrole='http://xbrl.org/int/dim/arcrole/domain-member' xlink:from='loc_IncreaseDecreaseInPartnersCapitalRollForward' xlink:to='loc_PartnersCapitalAccountExchangesAndConversions' xlink:type='arc' />
<link:definitionArc order='11.0' xlink:arcrole='http://xbrl.org/int/dim/arcrole/domain-member' xlink:from='loc_PartnersCapitalAccountExchangesAndConversions' xlink:to='loc_PartnersCapitalAccountUnitsConverted' xlink:type='arc' />
<link:definitionArc order='12.0' xlink:arcrole='http://xbrl.org/int/dim/arcrole/domain-member' xlink:from='loc_IncreaseDecreaseInPartnersCapitalRollForward' xlink:to='loc_PartnersCapitalAccountRedemptions' xlink:type='arc' />
<link:definitionArc order='13.0' xlink:arcrole='http://xbrl.org/int/dim/arcrole/domain-member' xlink:from='loc_PartnersCapitalAccountRedemptions' xlink:to='loc_PartnersCapitalAccountUnitsRedeemed' xlink:type='arc' />
<link:definitionArc order='14.0' xlink:arcrole='http://xbrl.org/int/dim/arcrole/domain-member' xlink:from='loc_IncreaseDecreaseInPartnersCapitalRollForward' xlink:to='loc_PartnersCapitalAccountSaleOfUnitsAbstract' xlink:type='arc' />
<link:definitionArc order='18.0' xlink:arcrole='http://xbrl.org/int/dim/arcrole/domain-member' xlink:from='loc_IncreaseDecreaseInPartnersCapitalRollForward' xlink:to='loc_PartnersCapitalAccountUnitsSaleOfUnitsAbstract' xlink:type='arc' />
<link:definitionArc order='22.0' xlink:arcrole='http://xbrl.org/int/dim/arcrole/domain-member' xlink:from='loc_IncreaseDecreaseInPartnersCapitalRollForward' xlink:to='loc_PartnersCapitalAccountTreasuryUnitsReissued' xlink:type='arc' />
<link:definitionArc order='23.0' xlink:arcrole='http://xbrl.org/int/dim/arcrole/domain-member' xlink:from='loc_PartnersCapitalAccountTreasuryUnitsReissued' xlink:to='loc_PartnersCapitalAccountUnitsTreasuryUnitsReissued' xlink:type='arc' />
<link:definitionArc order='24.0' xlink:arcrole='http://xbrl.org/int/dim/arcrole/domain-member' xlink:from='loc_IncreaseDecreaseInPartnersCapitalRollForward' xlink:to='loc_PartnersCapitalAccountTreasuryUnitsPurchases' xlink:type='arc' />
<link:definitionArc order='25.0' xlink:arcrole='http://xbrl.org/int/dim/arcrole/domain-member' xlink:from='loc_PartnersCapitalAccountTreasuryUnitsPurchases' xlink:to='loc_PartnersCapitalAccountUnitsTreasury' xlink:type='arc' />
<link:definitionArc order='26.0' xlink:arcrole='http://xbrl.org/int/dim/arcrole/domain-member' xlink:from='loc_IncreaseDecreaseInPartnersCapitalRollForward' xlink:to='loc_PartnersCapitalAccountUnitBasedCompensation' xlink:type='arc' />
<link:definitionArc order='27.0' xlink:arcrole='http://xbrl.org/int/dim/arcrole/domain-member' xlink:from='loc_PartnersCapitalAccountUnitBasedCompensation' xlink:to='loc_PartnersCapitalAccountUnitsUnitbasedCompensation' xlink:type='arc' />
<link:definitionArc order='28.0' xlink:arcrole='http://xbrl.org/int/dim/arcrole/domain-member' xlink:from='loc_IncreaseDecreaseInPartnersCapitalRollForward' xlink:to='loc_PartnersCapitalAccountDeferredCompensation' xlink:type='arc' />
<link:definitionArc order='29.0' xlink:arcrole='http://xbrl.org/int/dim/arcrole/domain-member' xlink:from='loc_IncreaseDecreaseInPartnersCapitalRollForward' xlink:to='loc_PartnersCapitalAccountDistributionsAbstract' xlink:type='arc' />
<link:definitionArc order='34.0' xlink:arcrole='http://xbrl.org/int/dim/arcrole/domain-member' xlink:from='loc_IncreaseDecreaseInPartnersCapitalRollForward' xlink:to='loc_ComprehensiveIncomeNetOfTaxIncludingPortionAttributableToNoncontrollingInterestAbstract' xlink:type='arc' />
<link:definitionArc order='41.0' xlink:arcrole='http://xbrl.org/int/dim/arcrole/domain-member' xlink:from='loc_IncreaseDecreaseInPartnersCapitalRollForward' xlink:to='loc_PartnersCapitalAccountOptionExercise' xlink:type='arc' />
<link:definitionArc order='42.0' xlink:arcrole='http://xbrl.org/int/dim/arcrole/domain-member' xlink:from='loc_IncreaseDecreaseInPartnersCapitalRollForward' xlink:to='loc_PartnersCapitalAccountReturnOfCapital' xlink:type='arc' />
<link:definitionArc order='43.0' xlink:arcrole='http://xbrl.org/int/dim/arcrole/domain-member' xlink:from='loc_IncreaseDecreaseInPartnersCapitalRollForward' xlink:to='loc_PartnersCapitalOther' xlink:type='arc' />
<link:definitionArc order='44.0' xlink:arcrole='http://xbrl.org/int/dim/arcrole/domain-member' xlink:from='loc_IncreaseDecreaseInPartnersCapitalRollForward' xlink:to='loc_PartnersCapitalAccountPeriodIncreaseDecrease' xlink:type='arc' />
<link:definitionArc order='45.0' xlink:arcrole='http://xbrl.org/int/dim/arcrole/domain-member' xlink:from='loc_PartnersCapitalAccountPeriodIncreaseDecrease' xlink:to='loc_PartnersCapitalAccountUnitsPeriodIncreaseDecrease' xlink:type='arc' />
<link:definitionArc order='49.0' xlink:arcrole='http://xbrl.org/int/dim/arcrole/domain-member' xlink:from='loc_IncreaseDecreaseInTemporaryEquityRollForward' xlink:to='loc_TemporaryEquityCarryingAmountIncludingPortionAttributableToNoncontrollingInterests' xlink:type='arc' />
<link:definitionArc order='50.0' xlink:arcrole='http://xbrl.org/int/dim/arcrole/domain-member' xlink:from='loc_IncreaseDecreaseInTemporaryEquityRollForward' xlink:to='loc_TemporaryEquityNetIncome' xlink:type='arc' />
<link:definitionArc order='51.0' xlink:arcrole='http://xbrl.org/int/dim/arcrole/domain-member' xlink:from='loc_IncreaseDecreaseInTemporaryEquityRollForward' xlink:to='loc_TemporaryEquityForeignCurrencyTranslationAdjustments' xlink:type='arc' />
<link:definitionArc order='52.0' xlink:arcrole='http://xbrl.org/int/dim/arcrole/domain-member' xlink:from='loc_IncreaseDecreaseInTemporaryEquityRollForward' xlink:to='loc_TemporaryEquityStockIssuedDuringPeriodValueNewIssues' xlink:type='arc' />
<link:definitionArc order='53.0' xlink:arcrole='http://xbrl.org/int/dim/arcrole/domain-member' xlink:from='loc_IncreaseDecreaseInTemporaryEquityRollForward' xlink:to='loc_TemporaryEquityAccretionOfDividends' xlink:type='arc' />
<link:definitionArc order='54.0' xlink:arcrole='http://xbrl.org/int/dim/arcrole/domain-member' xlink:from='loc_IncreaseDecreaseInTemporaryEquityRollForward' xlink:to='loc_TemporaryEquityAccretionOfInterest' xlink:type='arc' />
<link:definitionArc order='55.0' xlink:arcrole='http://xbrl.org/int/dim/arcrole/domain-member' xlink:from='loc_IncreaseDecreaseInTemporaryEquityRollForward' xlink:to='loc_TemporaryEquityAccretionToRedemptionValue' xlink:type='arc' />
<link:definitionArc order='56.0' xlink:arcrole='http://xbrl.org/int/dim/arcrole/domain-member' xlink:from='loc_IncreaseDecreaseInTemporaryEquityRollForward' xlink:to='loc_ReclassificationsOfTemporaryToPermanentEquity' xlink:type='arc' />
<link:definitionArc order='57.0' xlink:arcrole='http://xbrl.org/int/dim/arcrole/domain-member' xlink:from='loc_IncreaseDecreaseInTemporaryEquityRollForward' xlink:to='loc_TemporaryEquityInterestInSubsidiaryEarnings' xlink:type='arc' />
<link:definitionArc order='58.0' xlink:arcrole='http://xbrl.org/int/dim/arcrole/domain-member' xlink:from='loc_IncreaseDecreaseInTemporaryEquityRollForward' xlink:to='loc_TemporaryEquityEliminationAsPartofReorganization' xlink:type='arc' />
<link:definitionArc order='59.0' xlink:arcrole='http://xbrl.org/int/dim/arcrole/domain-member' xlink:from='loc_IncreaseDecreaseInTemporaryEquityRollForward' xlink:to='loc_TemporaryEquityOtherChanges' xlink:type='arc' />
<link:definitionArc order='60.0' xlink:arcrole='http://xbrl.org/int/dim/arcrole/domain-member' xlink:from='loc_IncreaseDecreaseInTemporaryEquityRollForward' xlink:to='loc_TemporaryEquityIssuePeriodIncreaseOrDecrease' xlink:type='arc' />
<link:definitionArc order='72.0' xlink:arcrole='http://xbrl.org/int/dim/arcrole/domain-member' xlink:from='loc_MinorityInterestInNetIncomeLossOfConsolidatedEntitiesAbstract' xlink:to='loc_NetIncomeLossAttributableToNonredeemableNoncontrollingInterestAbstract' xlink:type='arc' />
<link:definitionArc order='79.0' xlink:arcrole='http://xbrl.org/int/dim/arcrole/domain-member' xlink:from='loc_MinorityInterestInNetIncomeLossOfConsolidatedEntitiesAbstract' xlink:to='loc_NetIncomeLossAttributableToRedeemableNoncontrollingInterestAbstract' xlink:type='arc' />
<link:definitionArc order='86.0' xlink:arcrole='http://xbrl.org/int/dim/arcrole/domain-member' xlink:from='loc_MinorityInterestInNetIncomeLossOfConsolidatedEntitiesAbstract' xlink:to='loc_NetIncomeLossAttributableToNoncontrollingInterest' xlink:type='arc' />
<link:definitionArc order='73.0' xlink:arcrole='http://xbrl.org/int/dim/arcrole/domain-member' xlink:from='loc_NetIncomeLossAttributableToNonredeemableNoncontrollingInterestAbstract' xlink:to='loc_NoncontrollingInterestInNetIncomeLossJointVenturePartnersNonredeemable' xlink:type='arc' />
<link:definitionArc order='74.0' xlink:arcrole='http://xbrl.org/int/dim/arcrole/domain-member' xlink:from='loc_NetIncomeLossAttributableToNonredeemableNoncontrollingInterestAbstract' xlink:to='loc_NoncontrollingInterestInNetIncomeLossLimitedPartnershipsNonredeemable' xlink:type='arc' />
<link:definitionArc order='75.0' xlink:arcrole='http://xbrl.org/int/dim/arcrole/domain-member' xlink:from='loc_NetIncomeLossAttributableToNonredeemableNoncontrollingInterestAbstract' xlink:to='loc_NoncontrollingInterestInNetIncomeLossOperatingPartnershipsNonredeemable' xlink:type='arc' />
<link:definitionArc order='76.0' xlink:arcrole='http://xbrl.org/int/dim/arcrole/domain-member' xlink:from='loc_NetIncomeLossAttributableToNonredeemableNoncontrollingInterestAbstract' xlink:to='loc_NoncontrollingInterestInNetIncomeLossOtherNoncontrollingInterestsNonredeemable' xlink:type='arc' />
<link:definitionArc order='77.0' xlink:arcrole='http://xbrl.org/int/dim/arcrole/domain-member' xlink:from='loc_NetIncomeLossAttributableToNonredeemableNoncontrollingInterestAbstract' xlink:to='loc_NoncontrollingInterestInNetIncomeLossPreferredUnitHoldersNonredeemable' xlink:type='arc' />
<link:definitionArc order='78.0' xlink:arcrole='http://xbrl.org/int/dim/arcrole/domain-member' xlink:from='loc_NetIncomeLossAttributableToNonredeemableNoncontrollingInterestAbstract' xlink:to='loc_NetIncomeLossAttributableToNonredeemableNoncontrollingInterest' xlink:type='arc' />
<link:definitionArc order='80.0' xlink:arcrole='http://xbrl.org/int/dim/arcrole/domain-member' xlink:from='loc_NetIncomeLossAttributableToRedeemableNoncontrollingInterestAbstract' xlink:to='loc_NoncontrollingInterestInNetIncomeLossJointVenturePartnersRedeemable' xlink:type='arc' />
<link:definitionArc order='81.0' xlink:arcrole='http://xbrl.org/int/dim/arcrole/domain-member' xlink:from='loc_NetIncomeLossAttributableToRedeemableNoncontrollingInterestAbstract' xlink:to='loc_NoncontrollingInterestInNetIncomeLossLimitedPartnershipsRedeemable' xlink:type='arc' />
<link:definitionArc order='82.0' xlink:arcrole='http://xbrl.org/int/dim/arcrole/domain-member' xlink:from='loc_NetIncomeLossAttributableToRedeemableNoncontrollingInterestAbstract' xlink:to='loc_NoncontrollingInterestInNetIncomeLossOperatingPartnershipsRedeemable' xlink:type='arc' />
<link:definitionArc order='83.0' xlink:arcrole='http://xbrl.org/int/dim/arcrole/domain-member' xlink:from='loc_NetIncomeLossAttributableToRedeemableNoncontrollingInterestAbstract' xlink:to='loc_NoncontrollingInterestInNetIncomeLossOtherNoncontrollingInterestsRedeemable' xlink:type='arc' />
<link:definitionArc order='84.0' xlink:arcrole='http://xbrl.org/int/dim/arcrole/domain-member' xlink:from='loc_NetIncomeLossAttributableToRedeemableNoncontrollingInterestAbstract' xlink:to='loc_NoncontrollingInterestInNetIncomeLossPreferredUnitHoldersRedeemable' xlink:type='arc' />
<link:definitionArc order='85.0' xlink:arcrole='http://xbrl.org/int/dim/arcrole/domain-member' xlink:from='loc_NetIncomeLossAttributableToRedeemableNoncontrollingInterestAbstract' xlink:to='loc_NetIncomeLossAttributableToRedeemableNoncontrollingInterest' xlink:type='arc' />
<link:definitionArc order='36.0' xlink:arcrole='http://xbrl.org/int/dim/arcrole/domain-member' xlink:from='loc_NetIncomeLossAttributableToReportingEntityAbstract' xlink:to='loc_NetIncomeLossIncludingPortionAttributableToNonredeemableNoncontrollingInterest' xlink:type='arc' />
<link:definitionArc order='37.0' xlink:arcrole='http://xbrl.org/int/dim/arcrole/domain-member' xlink:from='loc_NetIncomeLossAttributableToReportingEntityAbstract' xlink:to='loc_NetIncomeLossAttributableToRedeemableNoncontrollingInterest' xlink:type='arc' />
<link:definitionArc order='38.0' xlink:arcrole='http://xbrl.org/int/dim/arcrole/domain-member' xlink:from='loc_NetIncomeLossAttributableToReportingEntityAbstract' xlink:to='loc_ProfitLoss' xlink:type='arc' />
<link:definitionArc order='68.0' xlink:arcrole='http://xbrl.org/int/dim/arcrole/domain-member' xlink:from='loc_NoncontrollingInterestItemsAbstract' xlink:to='loc_NoncontrollingInterestIncreaseFromSubsidiaryEquityIssuance' xlink:type='arc' />
<link:definitionArc order='69.0' xlink:arcrole='http://xbrl.org/int/dim/arcrole/domain-member' xlink:from='loc_NoncontrollingInterestItemsAbstract' xlink:to='loc_NoncontrollingInterestIncreaseFromSaleOfParentEquityInterest' xlink:type='arc' />
<link:definitionArc order='70.0' xlink:arcrole='http://xbrl.org/int/dim/arcrole/domain-member' xlink:from='loc_NoncontrollingInterestItemsAbstract' xlink:to='loc_NoncontrollingInterestIncreaseFromBusinessCombination' xlink:type='arc' />
<link:definitionArc order='71.0' xlink:arcrole='http://xbrl.org/int/dim/arcrole/domain-member' xlink:from='loc_NoncontrollingInterestItemsAbstract' xlink:to='loc_MinorityInterestInNetIncomeLossOfConsolidatedEntitiesAbstract' xlink:type='arc' />
<link:definitionArc order='87.0' xlink:arcrole='http://xbrl.org/int/dim/arcrole/domain-member' xlink:from='loc_NoncontrollingInterestItemsAbstract' xlink:to='loc_ComprehensiveIncomeNetOfTaxAttributableToNoncontrollingInterest' xlink:type='arc' />
<link:definitionArc order='88.0' xlink:arcrole='http://xbrl.org/int/dim/arcrole/domain-member' xlink:from='loc_NoncontrollingInterestItemsAbstract' xlink:to='loc_MinorityInterestDecreaseFromDistributionsToNoncontrollingInterestHolders' xlink:type='arc' />
<link:definitionArc order='89.0' xlink:arcrole='http://xbrl.org/int/dim/arcrole/domain-member' xlink:from='loc_NoncontrollingInterestItemsAbstract' xlink:to='loc_MinorityInterestDecreaseFromRedemptions' xlink:type='arc' />
<link:definitionArc order='7.0' xlink:arcrole='http://xbrl.org/int/dim/arcrole/domain-member' xlink:from='loc_PartnerCapitalComponentsDomain' xlink:to='loc_AccumulatedOtherComprehensiveIncomeMember' xlink:type='arc' />
<link:definitionArc order='17.0' xlink:arcrole='http://xbrl.org/int/dim/arcrole/domain-member' xlink:from='loc_PartnerCapitalComponentsDomain' xlink:to='loc_ComprehensiveIncomeMember' xlink:type='arc' />
<link:definitionArc order='3.0' xlink:arcrole='http://xbrl.org/int/dim/arcrole/domain-member' xlink:from='loc_PartnerTypeOfPartnersCapitalAccountNameDomain' xlink:to='loc_GeneralPartnerMember' xlink:type='arc' />
<link:definitionArc order='4.0' xlink:arcrole='http://xbrl.org/int/dim/arcrole/domain-member' xlink:from='loc_PartnerTypeOfPartnersCapitalAccountNameDomain' xlink:to='loc_LimitedPartnerMember' xlink:type='arc' />
<link:definitionArc order='5.0' xlink:arcrole='http://xbrl.org/int/dim/arcrole/domain-member' xlink:from='loc_PartnerTypeOfPartnersCapitalAccountNameDomain' xlink:to='loc_PreferredPartnerMember' xlink:type='arc' />
<link:definitionArc order='6.0' xlink:arcrole='http://xbrl.org/int/dim/arcrole/domain-member' xlink:from='loc_PartnerTypeOfPartnersCapitalAccountNameDomain' xlink:to='loc_OtherOwnershipInterestMember' xlink:type='arc' />
<link:definitionArc order='30.0' xlink:arcrole='http://xbrl.org/int/dim/arcrole/domain-member' xlink:from='loc_PartnersCapitalAccountDistributionsAbstract' xlink:to='loc_GeneralPartnersCapitalAccountDistributionAmount' xlink:type='arc' />
<link:definitionArc order='31.0' xlink:arcrole='http://xbrl.org/int/dim/arcrole/domain-member' xlink:from='loc_PartnersCapitalAccountDistributionsAbstract' xlink:to='loc_LimitedPartnersCapitalAccountDistributionAmount' xlink:type='arc' />
<link:definitionArc order='32.0' xlink:arcrole='http://xbrl.org/int/dim/arcrole/domain-member' xlink:from='loc_PartnersCapitalAccountDistributionsAbstract' xlink:to='loc_IncentiveDistributionDistributionPerYear' xlink:type='arc' />
<link:definitionArc order='33.0' xlink:arcrole='http://xbrl.org/int/dim/arcrole/domain-member' xlink:from='loc_PartnersCapitalAccountDistributionsAbstract' xlink:to='loc_PartnersCapitalAccountDistributions' xlink:type='arc' />
<link:definitionArc order='63.0' xlink:arcrole='http://xbrl.org/int/dim/arcrole/domain-member' xlink:from='loc_PartnersCapitalAccountParentheticalDisclosureAbstract' xlink:to='loc_PartnersCapitalAccountDescriptionOfPartnershipInterest' xlink:type='arc' />
<link:definitionArc order='64.0' xlink:arcrole='http://xbrl.org/int/dim/arcrole/domain-member' xlink:from='loc_PartnersCapitalAccountParentheticalDisclosureAbstract' xlink:to='loc_PartnersCapitalAccountDescriptionOfUnitsSold' xlink:type='arc' />
<link:definitionArc order='65.0' xlink:arcrole='http://xbrl.org/int/dim/arcrole/domain-member' xlink:from='loc_PartnersCapitalAccountParentheticalDisclosureAbstract' xlink:to='loc_PartnersCapitalAccountDistributionPerUnitOfLimitedPartnerInterest' xlink:type='arc' />
<link:definitionArc order='66.0' xlink:arcrole='http://xbrl.org/int/dim/arcrole/domain-member' xlink:from='loc_PartnersCapitalAccountParentheticalDisclosureAbstract' xlink:to='loc_PartnersCapitalAccountPublicSaleOfUnitsNetOfOfferingCosts' xlink:type='arc' />
<link:definitionArc order='15.0' xlink:arcrole='http://xbrl.org/int/dim/arcrole/domain-member' xlink:from='loc_PartnersCapitalAccountSaleOfUnitsAbstract' xlink:to='loc_PartnersCapitalAccountPrivatePlacementOfUnits' xlink:type='arc' />
<link:definitionArc order='16.0' xlink:arcrole='http://xbrl.org/int/dim/arcrole/domain-member' xlink:from='loc_PartnersCapitalAccountSaleOfUnitsAbstract' xlink:to='loc_PartnersCapitalAccountPublicSaleOfUnits' xlink:type='arc' />
<link:definitionArc order='17.0' xlink:arcrole='http://xbrl.org/int/dim/arcrole/domain-member' xlink:from='loc_PartnersCapitalAccountSaleOfUnitsAbstract' xlink:to='loc_PartnersCapitalAccountSaleOfUnits' xlink:type='arc' />
<link:definitionArc order='19.0' xlink:arcrole='http://xbrl.org/int/dim/arcrole/domain-member' xlink:from='loc_PartnersCapitalAccountUnitsSaleOfUnitsAbstract' xlink:to='loc_PartnersCapitalAccountUnitsSoldInPrivatePlacement' xlink:type='arc' />
<link:definitionArc order='20.0' xlink:arcrole='http://xbrl.org/int/dim/arcrole/domain-member' xlink:from='loc_PartnersCapitalAccountUnitsSaleOfUnitsAbstract' xlink:to='loc_PartnersCapitalAccountUnitsSoldInPublicOffering' xlink:type='arc' />
<link:definitionArc order='21.0' xlink:arcrole='http://xbrl.org/int/dim/arcrole/domain-member' xlink:from='loc_PartnersCapitalAccountUnitsSaleOfUnitsAbstract' xlink:to='loc_PartnersCapitalAccountUnitsSaleOfUnits' xlink:type='arc' />
<link:definitionArc order='1.0' xlink:arcrole='http://xbrl.org/int/dim/arcrole/domain-member' xlink:from='loc_ScenarioUnspecifiedDomain' xlink:to='loc_ScenarioPreviouslyReportedMember' xlink:type='arc' />
<link:definitionArc order='2.0' xlink:arcrole='http://xbrl.org/int/dim/arcrole/domain-member' xlink:from='loc_ScenarioUnspecifiedDomain' xlink:to='loc_RestatementAdjustmentMember' xlink:type='arc' />
<link:definitionArc order='1.0' xlink:arcrole='http://xbrl.org/int/dim/arcrole/domain-member' xlink:from='loc_StatementLineItems' xlink:to='loc_IncreaseDecreaseInPartnersCapitalRollForward' xlink:type='arc' />
<link:definitionArc order='48.0' xlink:arcrole='http://xbrl.org/int/dim/arcrole/domain-member' xlink:from='loc_StatementLineItems' xlink:to='loc_IncreaseDecreaseInTemporaryEquityRollForward' xlink:type='arc' />
<link:definitionArc order='62.0' xlink:arcrole='http://xbrl.org/int/dim/arcrole/domain-member' xlink:from='loc_StatementLineItems' xlink:to='loc_PartnersCapitalAccountParentheticalDisclosureAbstract' xlink:type='arc' />
<link:definitionArc order='67.0' xlink:arcrole='http://xbrl.org/int/dim/arcrole/domain-member' xlink:from='loc_StatementLineItems' xlink:to='loc_NoncontrollingInterestItemsAbstract' xlink:type='arc' />
</link:definitionLink>
<link:definitionLink xlink:role='http://fasb.org/us-gaap/role/statement/StatementOfPartnersCapitalStatementTable' xlink:type='extended'>
<link:loc xlink:href='../elts/us-gaap-2017-01-31.xsd#us-gaap_StatementTable' xlink:label='loc_StatementTable' xlink:type='locator' />
<link:loc xlink:href='../elts/us-gaap-2017-01-31.xsd#us-gaap_StatementScenarioAxis' xlink:label='loc_StatementScenarioAxis' xlink:type='locator' />
<link:loc xlink:href='../elts/us-gaap-2017-01-31.xsd#us-gaap_PartnerTypeOfPartnersCapitalAccountAxis' xlink:label='loc_PartnerTypeOfPartnersCapitalAccountAxis' xlink:type='locator' />
<link:loc xlink:href='../elts/us-gaap-2017-01-31.xsd#us-gaap_PartnerCapitalComponentsAxis' xlink:label='loc_PartnerCapitalComponentsAxis' xlink:type='locator' />
<link:definitionArc order='1.0' xlink:arcrole='http://xbrl.org/int/dim/arcrole/hypercube-dimension' xlink:from='loc_StatementTable' xlink:to='loc_StatementScenarioAxis' xlink:type='arc' />
<link:definitionArc order='2.0' xlink:arcrole='http://xbrl.org/int/dim/arcrole/hypercube-dimension' xlink:from='loc_StatementTable' xlink:to='loc_PartnerTypeOfPartnersCapitalAccountAxis' xlink:type='arc' />
<link:definitionArc order='3.0' xlink:arcrole='http://xbrl.org/int/dim/arcrole/hypercube-dimension' xlink:from='loc_StatementTable' xlink:to='loc_PartnerCapitalComponentsAxis' xlink:type='arc' />
</link:definitionLink>
</link:linkbase>
