<?xml version='1.0' encoding='UTF-8'?>

<!--
(c) XBRL US, Inc. 2007-2010; Financial Accounting Foundation, Inc. 2010-2017.  All Rights Reserved.
Notice: Authorized Uses are Set Forth at http://xbrl.fasb.org/terms/TaxonomiesTermsConditions.html
  -->
<link:linkbase xmlns:link='http://www.xbrl.org/2003/linkbase' xmlns:xbrldt='http://xbrl.org/2005/xbrldt' xmlns:xlink='http://www.w3.org/1999/xlink' xmlns:xsi='http://www.w3.org/2001/XMLSchema-instance' xsi:schemaLocation='http://www.xbrl.org/2003/linkbase http://www.xbrl.org/2003/xbrl-linkbase-2003-12-31.xsd'>
<link:roleRef roleURI='http://fasb.org/us-gaap/role/statement/StatementOfCashFlowsDirect' xlink:href='../elts/us-roles-2017-01-31.xsd#scf-dir' xlink:type='simple' />
<link:presentationLink xlink:role='http://fasb.org/us-gaap/role/statement/StatementOfCashFlowsDirect' xlink:type='extended'>
<link:loc xlink:href='../elts/us-gaap-2017-01-31.xsd#us-gaap_InterestPaidAbstract' xlink:label='loc_InterestPaidAbstract' xlink:type='locator' />
<link:loc xlink:href='../elts/us-gaap-2017-01-31.xsd#us-gaap_InterestPaidNet' xlink:label='loc_InterestPaidNet' xlink:type='locator' />
<link:loc xlink:href='../elts/us-gaap-2017-01-31.xsd#us-gaap_InterestPaidCapitalized' xlink:label='loc_InterestPaidCapitalized' xlink:type='locator' />
<link:loc xlink:href='../elts/us-gaap-2017-01-31.xsd#us-gaap_InterestPaid' xlink:label='loc_InterestPaid' xlink:type='locator' />
<link:loc xlink:href='../elts/us-gaap-2017-01-31.xsd#us-gaap_NetCashProvidedByUsedInOperatingActivitiesAbstract' xlink:label='loc_NetCashProvidedByUsedInOperatingActivitiesAbstract' xlink:type='locator' />
<link:loc xlink:href='../elts/us-gaap-2017-01-31.xsd#us-gaap_NetCashProvidedByUsedInOperatingActivitiesContinuingOperationsAbstract' xlink:label='loc_NetCashProvidedByUsedInOperatingActivitiesContinuingOperationsAbstract' xlink:type='locator' />
<link:loc xlink:href='../elts/us-gaap-2017-01-31.xsd#us-gaap_CashProvidedByUsedInOperatingActivitiesDiscontinuedOperations' xlink:label='loc_CashProvidedByUsedInOperatingActivitiesDiscontinuedOperations' xlink:type='locator' />
<link:loc xlink:href='../elts/us-gaap-2017-01-31.xsd#us-gaap_NetCashProvidedByUsedInOperatingActivities' xlink:label='loc_NetCashProvidedByUsedInOperatingActivities' xlink:type='locator' />
<link:loc xlink:href='../elts/us-gaap-2017-01-31.xsd#us-gaap_ProceedsFromOperatingActivitiesAbstract' xlink:label='loc_ProceedsFromOperatingActivitiesAbstract' xlink:type='locator' />
<link:loc xlink:href='../elts/us-gaap-2017-01-31.xsd#us-gaap_PaymentsForOperatingActivitiesAbstract' xlink:label='loc_PaymentsForOperatingActivitiesAbstract' xlink:type='locator' />
<link:loc xlink:href='../elts/us-gaap-2017-01-31.xsd#us-gaap_NetCashProvidedByUsedInOperatingActivitiesContinuingOperations' xlink:label='loc_NetCashProvidedByUsedInOperatingActivitiesContinuingOperations' xlink:type='locator' />
<link:loc xlink:href='../elts/us-gaap-2017-01-31.xsd#us-gaap_OperatingCashFlowsDirectMethodAbstract' xlink:label='loc_OperatingCashFlowsDirectMethodAbstract' xlink:type='locator' />
<link:loc xlink:href='../elts/us-gaap-2017-01-31.xsd#us-gaap_StatementTable' xlink:label='loc_StatementTable' xlink:type='locator' />
<link:loc xlink:href='../elts/us-gaap-2017-01-31.xsd#us-gaap_PaymentsToSuppliersAndEmployeesAbstract' xlink:label='loc_PaymentsToSuppliersAndEmployeesAbstract' xlink:type='locator' />
<link:loc xlink:href='../elts/us-gaap-2017-01-31.xsd#us-gaap_PaymentsForDeposits' xlink:label='loc_PaymentsForDeposits' xlink:type='locator' />
<link:loc xlink:href='../elts/us-gaap-2017-01-31.xsd#us-gaap_PaymentsForRent' xlink:label='loc_PaymentsForRent' xlink:type='locator' />
<link:loc xlink:href='../elts/us-gaap-2017-01-31.xsd#us-gaap_IncomeTaxesPaid' xlink:label='loc_IncomeTaxesPaid' xlink:type='locator' />
<link:loc xlink:href='../elts/us-gaap-2017-01-31.xsd#us-gaap_ExcessTaxBenefitFromShareBasedCompensationOperatingActivities' xlink:label='loc_ExcessTaxBenefitFromShareBasedCompensationOperatingActivities' xlink:type='locator' />
<link:loc xlink:href='../elts/us-gaap-2017-01-31.xsd#us-gaap_PaymentsForOtherTaxes' xlink:label='loc_PaymentsForOtherTaxes' xlink:type='locator' />
<link:loc xlink:href='../elts/us-gaap-2017-01-31.xsd#us-gaap_PaymentsForFees' xlink:label='loc_PaymentsForFees' xlink:type='locator' />
<link:loc xlink:href='../elts/us-gaap-2017-01-31.xsd#us-gaap_PaymentsForCommissions' xlink:label='loc_PaymentsForCommissions' xlink:type='locator' />
<link:loc xlink:href='../elts/us-gaap-2017-01-31.xsd#us-gaap_PaymentsForBrokerageFees' xlink:label='loc_PaymentsForBrokerageFees' xlink:type='locator' />
<link:loc xlink:href='../elts/us-gaap-2017-01-31.xsd#us-gaap_PaymentsForRoyalties' xlink:label='loc_PaymentsForRoyalties' xlink:type='locator' />
<link:loc xlink:href='../elts/us-gaap-2017-01-31.xsd#us-gaap_PaymentsForLegalSettlements' xlink:label='loc_PaymentsForLegalSettlements' xlink:type='locator' />
<link:loc xlink:href='../elts/us-gaap-2017-01-31.xsd#us-gaap_PaymentsForEnvironmentalLiabilities' xlink:label='loc_PaymentsForEnvironmentalLiabilities' xlink:type='locator' />
<link:loc xlink:href='../elts/us-gaap-2017-01-31.xsd#us-gaap_PaymentsForReinsurance' xlink:label='loc_PaymentsForReinsurance' xlink:type='locator' />
<link:loc xlink:href='../elts/us-gaap-2017-01-31.xsd#us-gaap_PaymentsForLossesAndLossAdjustmentExpense' xlink:label='loc_PaymentsForLossesAndLossAdjustmentExpense' xlink:type='locator' />
<link:loc xlink:href='../elts/us-gaap-2017-01-31.xsd#us-gaap_PaymentsForUnderwritingExpense' xlink:label='loc_PaymentsForUnderwritingExpense' xlink:type='locator' />
<link:loc xlink:href='../elts/us-gaap-2017-01-31.xsd#us-gaap_PaymentsForMergerRelatedCosts' xlink:label='loc_PaymentsForMergerRelatedCosts' xlink:type='locator' />
<link:loc xlink:href='../elts/us-gaap-2017-01-31.xsd#us-gaap_PaymentsForRestructuring' xlink:label='loc_PaymentsForRestructuring' xlink:type='locator' />
<link:loc xlink:href='../elts/us-gaap-2017-01-31.xsd#us-gaap_PaymentsForOriginationOfMortgageLoansHeldForSale' xlink:label='loc_PaymentsForOriginationOfMortgageLoansHeldForSale' xlink:type='locator' />
<link:loc xlink:href='../elts/us-gaap-2017-01-31.xsd#us-gaap_PaymentsToPurchaseMortgageLoansHeldForSale' xlink:label='loc_PaymentsToPurchaseMortgageLoansHeldForSale' xlink:type='locator' />
<link:loc xlink:href='../elts/us-gaap-2017-01-31.xsd#us-gaap_PaymentsForPurchaseOfSecuritiesOperatingActivities' xlink:label='loc_PaymentsForPurchaseOfSecuritiesOperatingActivities' xlink:type='locator' />
<link:loc xlink:href='../elts/us-gaap-2017-01-31.xsd#us-gaap_PaymentsForPurchaseOfOtherAssets1' xlink:label='loc_PaymentsForPurchaseOfOtherAssets1' xlink:type='locator' />
<link:loc xlink:href='../elts/us-gaap-2017-01-31.xsd#us-gaap_PaymentsForDepositsWithOtherInstitutions' xlink:label='loc_PaymentsForDepositsWithOtherInstitutions' xlink:type='locator' />
<link:loc xlink:href='../elts/us-gaap-2017-01-31.xsd#us-gaap_PaymentsForTimeDeposits' xlink:label='loc_PaymentsForTimeDeposits' xlink:type='locator' />
<link:loc xlink:href='../elts/us-gaap-2017-01-31.xsd#us-gaap_PaymentsForLoans' xlink:label='loc_PaymentsForLoans' xlink:type='locator' />
<link:loc xlink:href='../elts/us-gaap-2017-01-31.xsd#us-gaap_PensionAndOtherPostretirementBenefitContributionsAbstract' xlink:label='loc_PensionAndOtherPostretirementBenefitContributionsAbstract' xlink:type='locator' />
<link:loc xlink:href='../elts/us-gaap-2017-01-31.xsd#us-gaap_PaymentsForPostemploymentBenefits' xlink:label='loc_PaymentsForPostemploymentBenefits' xlink:type='locator' />
<link:loc xlink:href='../elts/us-gaap-2017-01-31.xsd#us-gaap_AssetRetirementObligationCashPaidToSettle' xlink:label='loc_AssetRetirementObligationCashPaidToSettle' xlink:type='locator' />
<link:loc xlink:href='../elts/us-gaap-2017-01-31.xsd#us-gaap_PaymentForContingentConsiderationLiabilityOperatingActivities' xlink:label='loc_PaymentForContingentConsiderationLiabilityOperatingActivities' xlink:type='locator' />
<link:loc xlink:href='../elts/us-gaap-2017-01-31.xsd#us-gaap_PaymentToAcquireLifeInsurancePolicyOperatingActivities' xlink:label='loc_PaymentToAcquireLifeInsurancePolicyOperatingActivities' xlink:type='locator' />
<link:loc xlink:href='../elts/us-gaap-2017-01-31.xsd#us-gaap_PaymentsForOtherOperatingActivities' xlink:label='loc_PaymentsForOtherOperatingActivities' xlink:type='locator' />
<link:loc xlink:href='../elts/us-gaap-2017-01-31.xsd#us-gaap_PaymentsForOperatingActivities' xlink:label='loc_PaymentsForOperatingActivities' xlink:type='locator' />
<link:loc xlink:href='../elts/us-gaap-2017-01-31.xsd#us-gaap_PensionContributions' xlink:label='loc_PensionContributions' xlink:type='locator' />
<link:loc xlink:href='../elts/us-gaap-2017-01-31.xsd#us-gaap_OtherPostretirementBenefitsPayments' xlink:label='loc_OtherPostretirementBenefitsPayments' xlink:type='locator' />
<link:loc xlink:href='../elts/us-gaap-2017-01-31.xsd#us-gaap_PensionAndOtherPostretirementBenefitContributions' xlink:label='loc_PensionAndOtherPostretirementBenefitContributions' xlink:type='locator' />
<link:loc xlink:href='../elts/us-gaap-2017-01-31.xsd#us-gaap_PaymentsToSuppliers' xlink:label='loc_PaymentsToSuppliers' xlink:type='locator' />
<link:loc xlink:href='../elts/us-gaap-2017-01-31.xsd#us-gaap_PaymentsToEmployees' xlink:label='loc_PaymentsToEmployees' xlink:type='locator' />
<link:loc xlink:href='../elts/us-gaap-2017-01-31.xsd#us-gaap_PaymentsToSuppliersAndEmployees' xlink:label='loc_PaymentsToSuppliersAndEmployees' xlink:type='locator' />
<link:loc xlink:href='../elts/us-gaap-2017-01-31.xsd#us-gaap_ProceedsFromInterestAndDividendsReceivedAbstract' xlink:label='loc_ProceedsFromInterestAndDividendsReceivedAbstract' xlink:type='locator' />
<link:loc xlink:href='../elts/us-gaap-2017-01-31.xsd#us-gaap_ProceedsFromInterestReceived' xlink:label='loc_ProceedsFromInterestReceived' xlink:type='locator' />
<link:loc xlink:href='../elts/us-gaap-2017-01-31.xsd#us-gaap_ProceedsFromDividendsReceived' xlink:label='loc_ProceedsFromDividendsReceived' xlink:type='locator' />
<link:loc xlink:href='../elts/us-gaap-2017-01-31.xsd#us-gaap_ProceedsFromInterestAndDividendsReceived' xlink:label='loc_ProceedsFromInterestAndDividendsReceived' xlink:type='locator' />
<link:loc xlink:href='../elts/us-gaap-2017-01-31.xsd#us-gaap_ProceedsFromCustomers' xlink:label='loc_ProceedsFromCustomers' xlink:type='locator' />
<link:loc xlink:href='../elts/us-gaap-2017-01-31.xsd#us-gaap_ProceedsFromCustomersForProgressPayments' xlink:label='loc_ProceedsFromCustomersForProgressPayments' xlink:type='locator' />
<link:loc xlink:href='../elts/us-gaap-2017-01-31.xsd#us-gaap_ProceedsFromDepositsFromCustomers' xlink:label='loc_ProceedsFromDepositsFromCustomers' xlink:type='locator' />
<link:loc xlink:href='../elts/us-gaap-2017-01-31.xsd#us-gaap_ProceedsFromFeesReceived' xlink:label='loc_ProceedsFromFeesReceived' xlink:type='locator' />
<link:loc xlink:href='../elts/us-gaap-2017-01-31.xsd#us-gaap_ProceedsFromLicenseFeesReceived' xlink:label='loc_ProceedsFromLicenseFeesReceived' xlink:type='locator' />
<link:loc xlink:href='../elts/us-gaap-2017-01-31.xsd#us-gaap_ProceedsFromIncomeTaxRefunds' xlink:label='loc_ProceedsFromIncomeTaxRefunds' xlink:type='locator' />
<link:loc xlink:href='../elts/us-gaap-2017-01-31.xsd#us-gaap_ProceedsFromCommissionsReceived' xlink:label='loc_ProceedsFromCommissionsReceived' xlink:type='locator' />
<link:loc xlink:href='../elts/us-gaap-2017-01-31.xsd#us-gaap_ProceedsFromRoyaltiesReceived' xlink:label='loc_ProceedsFromRoyaltiesReceived' xlink:type='locator' />
<link:loc xlink:href='../elts/us-gaap-2017-01-31.xsd#us-gaap_ProceedsFromRentsReceived' xlink:label='loc_ProceedsFromRentsReceived' xlink:type='locator' />
<link:loc xlink:href='../elts/us-gaap-2017-01-31.xsd#us-gaap_ProceedsFromFinancingRevenueReceivedUnderLeases' xlink:label='loc_ProceedsFromFinancingRevenueReceivedUnderLeases' xlink:type='locator' />
<link:loc xlink:href='../elts/us-gaap-2017-01-31.xsd#us-gaap_ProceedsFromRefundsFromSuppliersOfMaterial' xlink:label='loc_ProceedsFromRefundsFromSuppliersOfMaterial' xlink:type='locator' />
<link:loc xlink:href='../elts/us-gaap-2017-01-31.xsd#us-gaap_ProceedsFromInsuranceSettlementOperatingActivities' xlink:label='loc_ProceedsFromInsuranceSettlementOperatingActivities' xlink:type='locator' />
<link:loc xlink:href='../elts/us-gaap-2017-01-31.xsd#us-gaap_ProceedsFromLegalSettlements' xlink:label='loc_ProceedsFromLegalSettlements' xlink:type='locator' />
<link:loc xlink:href='../elts/us-gaap-2017-01-31.xsd#us-gaap_ProceedsFromInsurancePremiumsCollected' xlink:label='loc_ProceedsFromInsurancePremiumsCollected' xlink:type='locator' />
<link:loc xlink:href='../elts/us-gaap-2017-01-31.xsd#us-gaap_ProceedsFromSaleOfRealEstate' xlink:label='loc_ProceedsFromSaleOfRealEstate' xlink:type='locator' />
<link:loc xlink:href='../elts/us-gaap-2017-01-31.xsd#us-gaap_ProceedsFromSaleOfSecuritiesOperatingActivities' xlink:label='loc_ProceedsFromSaleOfSecuritiesOperatingActivities' xlink:type='locator' />
<link:loc xlink:href='../elts/us-gaap-2017-01-31.xsd#us-gaap_ProceedsFromMaturitiesPrepaymentsAndCallsOfSecuritiesOperatingActivities' xlink:label='loc_ProceedsFromMaturitiesPrepaymentsAndCallsOfSecuritiesOperatingActivities' xlink:type='locator' />
<link:loc xlink:href='../elts/us-gaap-2017-01-31.xsd#us-gaap_ProceedsFromSaleOfOtherAssets1' xlink:label='loc_ProceedsFromSaleOfOtherAssets1' xlink:type='locator' />
<link:loc xlink:href='../elts/us-gaap-2017-01-31.xsd#us-gaap_ProceedsFromGrantors' xlink:label='loc_ProceedsFromGrantors' xlink:type='locator' />
<link:loc xlink:href='../elts/us-gaap-2017-01-31.xsd#us-gaap_ProceedsFromCollaborators' xlink:label='loc_ProceedsFromCollaborators' xlink:type='locator' />
<link:loc xlink:href='../elts/us-gaap-2017-01-31.xsd#us-gaap_ProceedsFromTimeDepositsAccepted' xlink:label='loc_ProceedsFromTimeDepositsAccepted' xlink:type='locator' />
<link:loc xlink:href='../elts/us-gaap-2017-01-31.xsd#us-gaap_ProceedsFromLoans' xlink:label='loc_ProceedsFromLoans' xlink:type='locator' />
<link:loc xlink:href='../elts/us-gaap-2017-01-31.xsd#us-gaap_ProceedsFromDepositsWithOtherInstitutions' xlink:label='loc_ProceedsFromDepositsWithOtherInstitutions' xlink:type='locator' />
<link:loc xlink:href='../elts/us-gaap-2017-01-31.xsd#us-gaap_ProceedsFromSaleOfMortgageLoansHeldForSale' xlink:label='loc_ProceedsFromSaleOfMortgageLoansHeldForSale' xlink:type='locator' />
<link:loc xlink:href='../elts/us-gaap-2017-01-31.xsd#us-gaap_ProceedsFromCollectionOfMortgageLoansHeldForSale' xlink:label='loc_ProceedsFromCollectionOfMortgageLoansHeldForSale' xlink:type='locator' />
<link:loc xlink:href='../elts/us-gaap-2017-01-31.xsd#us-gaap_ProceedsFromSaleOfTrustAssetsToPayExpenses' xlink:label='loc_ProceedsFromSaleOfTrustAssetsToPayExpenses' xlink:type='locator' />
<link:loc xlink:href='../elts/us-gaap-2017-01-31.xsd#us-gaap_ProceedsFromOtherOperatingActivities' xlink:label='loc_ProceedsFromOtherOperatingActivities' xlink:type='locator' />
<link:loc xlink:href='../elts/us-gaap-2017-01-31.xsd#us-gaap_ProceedsFromOperatingActivities' xlink:label='loc_ProceedsFromOperatingActivities' xlink:type='locator' />
<link:loc xlink:href='../elts/us-gaap-2017-01-31.xsd#us-gaap_StatementScenarioAxis' xlink:label='loc_StatementScenarioAxis' xlink:type='locator' />
<link:loc xlink:href='../elts/us-gaap-2017-01-31.xsd#us-gaap_ScenarioUnspecifiedDomain' xlink:label='loc_ScenarioUnspecifiedDomain' xlink:type='locator' />
<link:loc xlink:href='../elts/us-gaap-2017-01-31.xsd#us-gaap_ScenarioPreviouslyReportedMember' xlink:label='loc_ScenarioPreviouslyReportedMember' xlink:type='locator' />
<link:loc xlink:href='../elts/us-gaap-2017-01-31.xsd#us-gaap_RestatementAdjustmentMember' xlink:label='loc_RestatementAdjustmentMember' xlink:type='locator' />
<link:loc xlink:href='../elts/us-gaap-2017-01-31.xsd#us-gaap_StatementLineItems' xlink:label='loc_StatementLineItems' xlink:type='locator' />
<link:presentationArc order='10' xlink:arcrole='http://www.xbrl.org/2003/arcrole/parent-child' xlink:from='loc_InterestPaidAbstract' xlink:to='loc_InterestPaidNet' xlink:type='arc' />
<link:presentationArc order='20' xlink:arcrole='http://www.xbrl.org/2003/arcrole/parent-child' xlink:from='loc_InterestPaidAbstract' xlink:to='loc_InterestPaidCapitalized' xlink:type='arc' />
<link:presentationArc order='30' preferredLabel='http://www.xbrl.org/2003/role/totalLabel' xlink:arcrole='http://www.xbrl.org/2003/arcrole/parent-child' xlink:from='loc_InterestPaidAbstract' xlink:to='loc_InterestPaid' xlink:type='arc' />
<link:presentationArc order='10' xlink:arcrole='http://www.xbrl.org/2003/arcrole/parent-child' xlink:from='loc_NetCashProvidedByUsedInOperatingActivitiesAbstract' xlink:to='loc_NetCashProvidedByUsedInOperatingActivitiesContinuingOperationsAbstract' xlink:type='arc' />
<link:presentationArc order='20' xlink:arcrole='http://www.xbrl.org/2003/arcrole/parent-child' xlink:from='loc_NetCashProvidedByUsedInOperatingActivitiesAbstract' xlink:to='loc_CashProvidedByUsedInOperatingActivitiesDiscontinuedOperations' xlink:type='arc' />
<link:presentationArc order='30' preferredLabel='http://www.xbrl.org/2003/role/totalLabel' xlink:arcrole='http://www.xbrl.org/2003/arcrole/parent-child' xlink:from='loc_NetCashProvidedByUsedInOperatingActivitiesAbstract' xlink:to='loc_NetCashProvidedByUsedInOperatingActivities' xlink:type='arc' />
<link:presentationArc order='10' xlink:arcrole='http://www.xbrl.org/2003/arcrole/parent-child' xlink:from='loc_NetCashProvidedByUsedInOperatingActivitiesContinuingOperationsAbstract' xlink:to='loc_ProceedsFromOperatingActivitiesAbstract' xlink:type='arc' />
<link:presentationArc order='20' xlink:arcrole='http://www.xbrl.org/2003/arcrole/parent-child' xlink:from='loc_NetCashProvidedByUsedInOperatingActivitiesContinuingOperationsAbstract' xlink:to='loc_PaymentsForOperatingActivitiesAbstract' xlink:type='arc' />
<link:presentationArc order='30' preferredLabel='http://www.xbrl.org/2003/role/totalLabel' xlink:arcrole='http://www.xbrl.org/2003/arcrole/parent-child' xlink:from='loc_NetCashProvidedByUsedInOperatingActivitiesContinuingOperationsAbstract' xlink:to='loc_NetCashProvidedByUsedInOperatingActivitiesContinuingOperations' xlink:type='arc' />
<link:presentationArc order='10' xlink:arcrole='http://www.xbrl.org/2003/arcrole/parent-child' xlink:from='loc_OperatingCashFlowsDirectMethodAbstract' xlink:to='loc_StatementTable' xlink:type='arc' />
<link:presentationArc order='10' xlink:arcrole='http://www.xbrl.org/2003/arcrole/parent-child' xlink:from='loc_PaymentsForOperatingActivitiesAbstract' xlink:to='loc_PaymentsToSuppliersAndEmployeesAbstract' xlink:type='arc' />
<link:presentationArc order='20' xlink:arcrole='http://www.xbrl.org/2003/arcrole/parent-child' xlink:from='loc_PaymentsForOperatingActivitiesAbstract' xlink:to='loc_PaymentsForDeposits' xlink:type='arc' />
<link:presentationArc order='30' xlink:arcrole='http://www.xbrl.org/2003/arcrole/parent-child' xlink:from='loc_PaymentsForOperatingActivitiesAbstract' xlink:to='loc_PaymentsForRent' xlink:type='arc' />
<link:presentationArc order='40' xlink:arcrole='http://www.xbrl.org/2003/arcrole/parent-child' xlink:from='loc_PaymentsForOperatingActivitiesAbstract' xlink:to='loc_InterestPaidAbstract' xlink:type='arc' />
<link:presentationArc order='50' use='optional' xlink:arcrole='http://www.xbrl.org/2003/arcrole/parent-child' xlink:from='loc_PaymentsForOperatingActivitiesAbstract' xlink:to='loc_IncomeTaxesPaid' xlink:type='arc' />
<link:presentationArc order='60' xlink:arcrole='http://www.xbrl.org/2003/arcrole/parent-child' xlink:from='loc_PaymentsForOperatingActivitiesAbstract' xlink:to='loc_ExcessTaxBenefitFromShareBasedCompensationOperatingActivities' xlink:type='arc' />
<link:presentationArc order='70' xlink:arcrole='http://www.xbrl.org/2003/arcrole/parent-child' xlink:from='loc_PaymentsForOperatingActivitiesAbstract' xlink:to='loc_PaymentsForOtherTaxes' xlink:type='arc' />
<link:presentationArc order='80' xlink:arcrole='http://www.xbrl.org/2003/arcrole/parent-child' xlink:from='loc_PaymentsForOperatingActivitiesAbstract' xlink:to='loc_PaymentsForFees' xlink:type='arc' />
<link:presentationArc order='90' xlink:arcrole='http://www.xbrl.org/2003/arcrole/parent-child' xlink:from='loc_PaymentsForOperatingActivitiesAbstract' xlink:to='loc_PaymentsForCommissions' xlink:type='arc' />
<link:presentationArc order='100' xlink:arcrole='http://www.xbrl.org/2003/arcrole/parent-child' xlink:from='loc_PaymentsForOperatingActivitiesAbstract' xlink:to='loc_PaymentsForBrokerageFees' xlink:type='arc' />
<link:presentationArc order='110' xlink:arcrole='http://www.xbrl.org/2003/arcrole/parent-child' xlink:from='loc_PaymentsForOperatingActivitiesAbstract' xlink:to='loc_PaymentsForRoyalties' xlink:type='arc' />
<link:presentationArc order='120' xlink:arcrole='http://www.xbrl.org/2003/arcrole/parent-child' xlink:from='loc_PaymentsForOperatingActivitiesAbstract' xlink:to='loc_PaymentsForLegalSettlements' xlink:type='arc' />
<link:presentationArc order='130' xlink:arcrole='http://www.xbrl.org/2003/arcrole/parent-child' xlink:from='loc_PaymentsForOperatingActivitiesAbstract' xlink:to='loc_PaymentsForEnvironmentalLiabilities' xlink:type='arc' />
<link:presentationArc order='140' xlink:arcrole='http://www.xbrl.org/2003/arcrole/parent-child' xlink:from='loc_PaymentsForOperatingActivitiesAbstract' xlink:to='loc_PaymentsForReinsurance' xlink:type='arc' />
<link:presentationArc order='150' xlink:arcrole='http://www.xbrl.org/2003/arcrole/parent-child' xlink:from='loc_PaymentsForOperatingActivitiesAbstract' xlink:to='loc_PaymentsForLossesAndLossAdjustmentExpense' xlink:type='arc' />
<link:presentationArc order='160' xlink:arcrole='http://www.xbrl.org/2003/arcrole/parent-child' xlink:from='loc_PaymentsForOperatingActivitiesAbstract' xlink:to='loc_PaymentsForUnderwritingExpense' xlink:type='arc' />
<link:presentationArc order='170' xlink:arcrole='http://www.xbrl.org/2003/arcrole/parent-child' xlink:from='loc_PaymentsForOperatingActivitiesAbstract' xlink:to='loc_PaymentsForMergerRelatedCosts' xlink:type='arc' />
<link:presentationArc order='180' xlink:arcrole='http://www.xbrl.org/2003/arcrole/parent-child' xlink:from='loc_PaymentsForOperatingActivitiesAbstract' xlink:to='loc_PaymentsForRestructuring' xlink:type='arc' />
<link:presentationArc order='190' xlink:arcrole='http://www.xbrl.org/2003/arcrole/parent-child' xlink:from='loc_PaymentsForOperatingActivitiesAbstract' xlink:to='loc_PaymentsForOriginationOfMortgageLoansHeldForSale' xlink:type='arc' />
<link:presentationArc order='200' xlink:arcrole='http://www.xbrl.org/2003/arcrole/parent-child' xlink:from='loc_PaymentsForOperatingActivitiesAbstract' xlink:to='loc_PaymentsToPurchaseMortgageLoansHeldForSale' xlink:type='arc' />
<link:presentationArc order='210' xlink:arcrole='http://www.xbrl.org/2003/arcrole/parent-child' xlink:from='loc_PaymentsForOperatingActivitiesAbstract' xlink:to='loc_PaymentsForPurchaseOfSecuritiesOperatingActivities' xlink:type='arc' />
<link:presentationArc order='220' xlink:arcrole='http://www.xbrl.org/2003/arcrole/parent-child' xlink:from='loc_PaymentsForOperatingActivitiesAbstract' xlink:to='loc_PaymentsForPurchaseOfOtherAssets1' xlink:type='arc' />
<link:presentationArc order='230' xlink:arcrole='http://www.xbrl.org/2003/arcrole/parent-child' xlink:from='loc_PaymentsForOperatingActivitiesAbstract' xlink:to='loc_PaymentsForDepositsWithOtherInstitutions' xlink:type='arc' />
<link:presentationArc order='240' xlink:arcrole='http://www.xbrl.org/2003/arcrole/parent-child' xlink:from='loc_PaymentsForOperatingActivitiesAbstract' xlink:to='loc_PaymentsForTimeDeposits' xlink:type='arc' />
<link:presentationArc order='250' xlink:arcrole='http://www.xbrl.org/2003/arcrole/parent-child' xlink:from='loc_PaymentsForOperatingActivitiesAbstract' xlink:to='loc_PaymentsForLoans' xlink:type='arc' />
<link:presentationArc order='260' xlink:arcrole='http://www.xbrl.org/2003/arcrole/parent-child' xlink:from='loc_PaymentsForOperatingActivitiesAbstract' xlink:to='loc_PensionAndOtherPostretirementBenefitContributionsAbstract' xlink:type='arc' />
<link:presentationArc order='270' xlink:arcrole='http://www.xbrl.org/2003/arcrole/parent-child' xlink:from='loc_PaymentsForOperatingActivitiesAbstract' xlink:to='loc_PaymentsForPostemploymentBenefits' xlink:type='arc' />
<link:presentationArc order='280' xlink:arcrole='http://www.xbrl.org/2003/arcrole/parent-child' xlink:from='loc_PaymentsForOperatingActivitiesAbstract' xlink:to='loc_AssetRetirementObligationCashPaidToSettle' xlink:type='arc' />
<link:presentationArc order='290' xlink:arcrole='http://www.xbrl.org/2003/arcrole/parent-child' xlink:from='loc_PaymentsForOperatingActivitiesAbstract' xlink:to='loc_PaymentForContingentConsiderationLiabilityOperatingActivities' xlink:type='arc' />
<link:presentationArc order='300' xlink:arcrole='http://www.xbrl.org/2003/arcrole/parent-child' xlink:from='loc_PaymentsForOperatingActivitiesAbstract' xlink:to='loc_PaymentToAcquireLifeInsurancePolicyOperatingActivities' xlink:type='arc' />
<link:presentationArc order='310' xlink:arcrole='http://www.xbrl.org/2003/arcrole/parent-child' xlink:from='loc_PaymentsForOperatingActivitiesAbstract' xlink:to='loc_PaymentsForOtherOperatingActivities' xlink:type='arc' />
<link:presentationArc order='320' preferredLabel='http://www.xbrl.org/2003/role/totalLabel' xlink:arcrole='http://www.xbrl.org/2003/arcrole/parent-child' xlink:from='loc_PaymentsForOperatingActivitiesAbstract' xlink:to='loc_PaymentsForOperatingActivities' xlink:type='arc' />
<link:presentationArc order='10' xlink:arcrole='http://www.xbrl.org/2003/arcrole/parent-child' xlink:from='loc_PensionAndOtherPostretirementBenefitContributionsAbstract' xlink:to='loc_PensionContributions' xlink:type='arc' />
<link:presentationArc order='20' xlink:arcrole='http://www.xbrl.org/2003/arcrole/parent-child' xlink:from='loc_PensionAndOtherPostretirementBenefitContributionsAbstract' xlink:to='loc_OtherPostretirementBenefitsPayments' xlink:type='arc' />
<link:presentationArc order='30' preferredLabel='http://www.xbrl.org/2003/role/totalLabel' xlink:arcrole='http://www.xbrl.org/2003/arcrole/parent-child' xlink:from='loc_PensionAndOtherPostretirementBenefitContributionsAbstract' xlink:to='loc_PensionAndOtherPostretirementBenefitContributions' xlink:type='arc' />
<link:presentationArc order='10' xlink:arcrole='http://www.xbrl.org/2003/arcrole/parent-child' xlink:from='loc_PaymentsToSuppliersAndEmployeesAbstract' xlink:to='loc_PaymentsToSuppliers' xlink:type='arc' />
<link:presentationArc order='20' xlink:arcrole='http://www.xbrl.org/2003/arcrole/parent-child' xlink:from='loc_PaymentsToSuppliersAndEmployeesAbstract' xlink:to='loc_PaymentsToEmployees' xlink:type='arc' />
<link:presentationArc order='30' preferredLabel='http://www.xbrl.org/2003/role/totalLabel' xlink:arcrole='http://www.xbrl.org/2003/arcrole/parent-child' xlink:from='loc_PaymentsToSuppliersAndEmployeesAbstract' xlink:to='loc_PaymentsToSuppliersAndEmployees' xlink:type='arc' />
<link:presentationArc order='10' xlink:arcrole='http://www.xbrl.org/2003/arcrole/parent-child' xlink:from='loc_ProceedsFromInterestAndDividendsReceivedAbstract' xlink:to='loc_ProceedsFromInterestReceived' xlink:type='arc' />
<link:presentationArc order='20' xlink:arcrole='http://www.xbrl.org/2003/arcrole/parent-child' xlink:from='loc_ProceedsFromInterestAndDividendsReceivedAbstract' xlink:to='loc_ProceedsFromDividendsReceived' xlink:type='arc' />
<link:presentationArc order='30' preferredLabel='http://www.xbrl.org/2003/role/totalLabel' xlink:arcrole='http://www.xbrl.org/2003/arcrole/parent-child' xlink:from='loc_ProceedsFromInterestAndDividendsReceivedAbstract' xlink:to='loc_ProceedsFromInterestAndDividendsReceived' xlink:type='arc' />
<link:presentationArc order='10' use='optional' xlink:arcrole='http://www.xbrl.org/2003/arcrole/parent-child' xlink:from='loc_ProceedsFromOperatingActivitiesAbstract' xlink:to='loc_ProceedsFromCustomers' xlink:type='arc' />
<link:presentationArc order='20' use='optional' xlink:arcrole='http://www.xbrl.org/2003/arcrole/parent-child' xlink:from='loc_ProceedsFromOperatingActivitiesAbstract' xlink:to='loc_ProceedsFromCustomersForProgressPayments' xlink:type='arc' />
<link:presentationArc order='30' xlink:arcrole='http://www.xbrl.org/2003/arcrole/parent-child' xlink:from='loc_ProceedsFromOperatingActivitiesAbstract' xlink:to='loc_ProceedsFromDepositsFromCustomers' xlink:type='arc' />
<link:presentationArc order='40' xlink:arcrole='http://www.xbrl.org/2003/arcrole/parent-child' xlink:from='loc_ProceedsFromOperatingActivitiesAbstract' xlink:to='loc_ProceedsFromFeesReceived' xlink:type='arc' />
<link:presentationArc order='50' xlink:arcrole='http://www.xbrl.org/2003/arcrole/parent-child' xlink:from='loc_ProceedsFromOperatingActivitiesAbstract' xlink:to='loc_ProceedsFromLicenseFeesReceived' xlink:type='arc' />
<link:presentationArc order='60' xlink:arcrole='http://www.xbrl.org/2003/arcrole/parent-child' xlink:from='loc_ProceedsFromOperatingActivitiesAbstract' xlink:to='loc_ProceedsFromInterestAndDividendsReceivedAbstract' xlink:type='arc' />
<link:presentationArc order='70' use='optional' xlink:arcrole='http://www.xbrl.org/2003/arcrole/parent-child' xlink:from='loc_ProceedsFromOperatingActivitiesAbstract' xlink:to='loc_ProceedsFromIncomeTaxRefunds' xlink:type='arc' />
<link:presentationArc order='80' use='optional' xlink:arcrole='http://www.xbrl.org/2003/arcrole/parent-child' xlink:from='loc_ProceedsFromOperatingActivitiesAbstract' xlink:to='loc_ProceedsFromCommissionsReceived' xlink:type='arc' />
<link:presentationArc order='90' use='optional' xlink:arcrole='http://www.xbrl.org/2003/arcrole/parent-child' xlink:from='loc_ProceedsFromOperatingActivitiesAbstract' xlink:to='loc_ProceedsFromRoyaltiesReceived' xlink:type='arc' />
<link:presentationArc order='100' use='optional' xlink:arcrole='http://www.xbrl.org/2003/arcrole/parent-child' xlink:from='loc_ProceedsFromOperatingActivitiesAbstract' xlink:to='loc_ProceedsFromRentsReceived' xlink:type='arc' />
<link:presentationArc order='110' use='optional' xlink:arcrole='http://www.xbrl.org/2003/arcrole/parent-child' xlink:from='loc_ProceedsFromOperatingActivitiesAbstract' xlink:to='loc_ProceedsFromFinancingRevenueReceivedUnderLeases' xlink:type='arc' />
<link:presentationArc order='120' xlink:arcrole='http://www.xbrl.org/2003/arcrole/parent-child' xlink:from='loc_ProceedsFromOperatingActivitiesAbstract' xlink:to='loc_ProceedsFromRefundsFromSuppliersOfMaterial' xlink:type='arc' />
<link:presentationArc order='130' xlink:arcrole='http://www.xbrl.org/2003/arcrole/parent-child' xlink:from='loc_ProceedsFromOperatingActivitiesAbstract' xlink:to='loc_ProceedsFromInsuranceSettlementOperatingActivities' xlink:type='arc' />
<link:presentationArc order='140' xlink:arcrole='http://www.xbrl.org/2003/arcrole/parent-child' xlink:from='loc_ProceedsFromOperatingActivitiesAbstract' xlink:to='loc_ProceedsFromLegalSettlements' xlink:type='arc' />
<link:presentationArc order='150' xlink:arcrole='http://www.xbrl.org/2003/arcrole/parent-child' xlink:from='loc_ProceedsFromOperatingActivitiesAbstract' xlink:to='loc_ProceedsFromInsurancePremiumsCollected' xlink:type='arc' />
<link:presentationArc order='160' xlink:arcrole='http://www.xbrl.org/2003/arcrole/parent-child' xlink:from='loc_ProceedsFromOperatingActivitiesAbstract' xlink:to='loc_ProceedsFromSaleOfRealEstate' xlink:type='arc' />
<link:presentationArc order='170' xlink:arcrole='http://www.xbrl.org/2003/arcrole/parent-child' xlink:from='loc_ProceedsFromOperatingActivitiesAbstract' xlink:to='loc_ProceedsFromSaleOfSecuritiesOperatingActivities' xlink:type='arc' />
<link:presentationArc order='180' xlink:arcrole='http://www.xbrl.org/2003/arcrole/parent-child' xlink:from='loc_ProceedsFromOperatingActivitiesAbstract' xlink:to='loc_ProceedsFromMaturitiesPrepaymentsAndCallsOfSecuritiesOperatingActivities' xlink:type='arc' />
<link:presentationArc order='190' xlink:arcrole='http://www.xbrl.org/2003/arcrole/parent-child' xlink:from='loc_ProceedsFromOperatingActivitiesAbstract' xlink:to='loc_ProceedsFromSaleOfOtherAssets1' xlink:type='arc' />
<link:presentationArc order='200' use='optional' xlink:arcrole='http://www.xbrl.org/2003/arcrole/parent-child' xlink:from='loc_ProceedsFromOperatingActivitiesAbstract' xlink:to='loc_ProceedsFromGrantors' xlink:type='arc' />
<link:presentationArc order='210' use='optional' xlink:arcrole='http://www.xbrl.org/2003/arcrole/parent-child' xlink:from='loc_ProceedsFromOperatingActivitiesAbstract' xlink:to='loc_ProceedsFromCollaborators' xlink:type='arc' />
<link:presentationArc order='220' xlink:arcrole='http://www.xbrl.org/2003/arcrole/parent-child' xlink:from='loc_ProceedsFromOperatingActivitiesAbstract' xlink:to='loc_ProceedsFromTimeDepositsAccepted' xlink:type='arc' />
<link:presentationArc order='230' xlink:arcrole='http://www.xbrl.org/2003/arcrole/parent-child' xlink:from='loc_ProceedsFromOperatingActivitiesAbstract' xlink:to='loc_ProceedsFromLoans' xlink:type='arc' />
<link:presentationArc order='240' xlink:arcrole='http://www.xbrl.org/2003/arcrole/parent-child' xlink:from='loc_ProceedsFromOperatingActivitiesAbstract' xlink:to='loc_ProceedsFromDepositsWithOtherInstitutions' xlink:type='arc' />
<link:presentationArc order='250' xlink:arcrole='http://www.xbrl.org/2003/arcrole/parent-child' xlink:from='loc_ProceedsFromOperatingActivitiesAbstract' xlink:to='loc_ProceedsFromSaleOfMortgageLoansHeldForSale' xlink:type='arc' />
<link:presentationArc order='260' xlink:arcrole='http://www.xbrl.org/2003/arcrole/parent-child' xlink:from='loc_ProceedsFromOperatingActivitiesAbstract' xlink:to='loc_ProceedsFromCollectionOfMortgageLoansHeldForSale' xlink:type='arc' />
<link:presentationArc order='270' xlink:arcrole='http://www.xbrl.org/2003/arcrole/parent-child' xlink:from='loc_ProceedsFromOperatingActivitiesAbstract' xlink:to='loc_ProceedsFromSaleOfTrustAssetsToPayExpenses' xlink:type='arc' />
<link:presentationArc order='280' xlink:arcrole='http://www.xbrl.org/2003/arcrole/parent-child' xlink:from='loc_ProceedsFromOperatingActivitiesAbstract' xlink:to='loc_ProceedsFromOtherOperatingActivities' xlink:type='arc' />
<link:presentationArc order='290' preferredLabel='http://www.xbrl.org/2003/role/totalLabel' xlink:arcrole='http://www.xbrl.org/2003/arcrole/parent-child' xlink:from='loc_ProceedsFromOperatingActivitiesAbstract' xlink:to='loc_ProceedsFromOperatingActivities' xlink:type='arc' />
<link:presentationArc order='10' xlink:arcrole='http://www.xbrl.org/2003/arcrole/parent-child' xlink:from='loc_StatementScenarioAxis' xlink:to='loc_ScenarioUnspecifiedDomain' xlink:type='arc' />
<link:presentationArc order='10' xlink:arcrole='http://www.xbrl.org/2003/arcrole/parent-child' xlink:from='loc_ScenarioUnspecifiedDomain' xlink:to='loc_ScenarioPreviouslyReportedMember' xlink:type='arc' />
<link:presentationArc order='20' xlink:arcrole='http://www.xbrl.org/2003/arcrole/parent-child' xlink:from='loc_ScenarioUnspecifiedDomain' xlink:to='loc_RestatementAdjustmentMember' xlink:type='arc' />
<link:presentationArc order='10' xlink:arcrole='http://www.xbrl.org/2003/arcrole/parent-child' xlink:from='loc_StatementLineItems' xlink:to='loc_NetCashProvidedByUsedInOperatingActivitiesAbstract' xlink:type='arc' />
<link:presentationArc order='10' xlink:arcrole='http://www.xbrl.org/2003/arcrole/parent-child' xlink:from='loc_StatementTable' xlink:to='loc_StatementScenarioAxis' xlink:type='arc' />
<link:presentationArc order='20' xlink:arcrole='http://www.xbrl.org/2003/arcrole/parent-child' xlink:from='loc_StatementTable' xlink:to='loc_StatementLineItems' xlink:type='arc' />
</link:presentationLink>
</link:linkbase>
