<?xml version='1.0' encoding='UTF-8'?>

<!--
(c) XBRL US, Inc. 2007-2010; Financial Accounting Foundation, Inc. 2010-2017.  All Rights Reserved.
Notice: Authorized Uses are Set Forth at http://xbrl.fasb.org/terms/TaxonomiesTermsConditions.html
  -->
<link:linkbase xmlns:link='http://www.xbrl.org/2003/linkbase' xmlns:xbrldt='http://xbrl.org/2005/xbrldt' xmlns:xlink='http://www.w3.org/1999/xlink' xmlns:xsi='http://www.w3.org/2001/XMLSchema-instance' xsi:schemaLocation='http://www.xbrl.org/2003/linkbase http://www.xbrl.org/2003/xbrl-linkbase-2003-12-31.xsd'>
<link:roleRef roleURI='http://fasb.org/us-gaap/role/statement/StatementOfOtherComprehensiveIncomeAlternative' xlink:href='../elts/us-roles-2017-01-31.xsd#soc2' xlink:type='simple' />
<link:presentationLink xlink:role='http://fasb.org/us-gaap/role/statement/StatementOfOtherComprehensiveIncomeAlternative' xlink:type='extended'>
<link:loc xlink:href='../elts/us-gaap-2017-01-31.xsd#us-gaap_OtherThanTemporaryImpairmentLossInvestmentsPortionInOtherComprehensiveLossNetOfTaxAttributableToParentHeldToMaturitySecuritiesAbstract' xlink:label='loc_OtherThanTemporaryImpairmentLossInvestmentsPortionInOtherComprehensiveLossNetOfTaxAttributableToParentHeldToMaturitySecuritiesAbstract' xlink:type='locator' />
<link:loc xlink:href='../elts/us-gaap-2017-01-31.xsd#us-gaap_OtherThanTemporaryImpairmentLossesInvestmentsPortionInOtherComprehensiveIncomeLossNetOfTaxIncludingPortionAttributableToNoncontrollingInterestHeldtomaturitySecurities' xlink:label='loc_OtherThanTemporaryImpairmentLossesInvestmentsPortionInOtherComprehensiveIncomeLossNetOfTaxIncludingPortionAttributableToNoncontrollingInterestHeldtomaturitySecurities' xlink:type='locator' />
<link:loc xlink:href='../elts/us-gaap-2017-01-31.xsd#us-gaap_OtherThanTemporaryImpairmentLossesInvestmentsPortionInOtherComprehensiveIncomeLossNetOfTaxPortionAttributableToNoncontrollingInterestHeldtomaturitySecurities' xlink:label='loc_OtherThanTemporaryImpairmentLossesInvestmentsPortionInOtherComprehensiveIncomeLossNetOfTaxPortionAttributableToNoncontrollingInterestHeldtomaturitySecurities' xlink:type='locator' />
<link:loc xlink:href='../elts/us-gaap-2017-01-31.xsd#us-gaap_OtherThanTemporaryImpairmentLossesInvestmentsPortionInOtherComprehensiveIncomeLossNetOfTaxPortionAttributableToParentHeldtomaturitySecurities' xlink:label='loc_OtherThanTemporaryImpairmentLossesInvestmentsPortionInOtherComprehensiveIncomeLossNetOfTaxPortionAttributableToParentHeldtomaturitySecurities' xlink:type='locator' />
<link:loc xlink:href='../elts/us-gaap-2017-01-31.xsd#us-gaap_OtherThanTemporaryImpairmentLossInvestmentsPortionInOtherComprehensiveLossTaxAttributableToParentHeldToMaturitySecuritiesAbstract' xlink:label='loc_OtherThanTemporaryImpairmentLossInvestmentsPortionInOtherComprehensiveLossTaxAttributableToParentHeldToMaturitySecuritiesAbstract' xlink:type='locator' />
<link:loc xlink:href='../elts/us-gaap-2017-01-31.xsd#us-gaap_OtherThanTemporaryImpairmentLossesInvestmentsPortionInOtherComprehensiveIncomeLossTaxIncludingPortionAttributableToNoncontrollingInterestHeldtomaturitySecurities' xlink:label='loc_OtherThanTemporaryImpairmentLossesInvestmentsPortionInOtherComprehensiveIncomeLossTaxIncludingPortionAttributableToNoncontrollingInterestHeldtomaturitySecurities' xlink:type='locator' />
<link:loc xlink:href='../elts/us-gaap-2017-01-31.xsd#us-gaap_OtherThanTemporaryImpairmentLossesInvestmentsPortionInOtherComprehensiveIncomeLossTaxPortionAttributableToNoncontrollingInterestHeldtomaturitySecurities' xlink:label='loc_OtherThanTemporaryImpairmentLossesInvestmentsPortionInOtherComprehensiveIncomeLossTaxPortionAttributableToNoncontrollingInterestHeldtomaturitySecurities' xlink:type='locator' />
<link:loc xlink:href='../elts/us-gaap-2017-01-31.xsd#us-gaap_OtherThanTemporaryImpairmentLossesInvestmentsPortionInOtherComprehensiveIncomeLossTaxPortionAttributableToParentHeldtomaturitySecurities' xlink:label='loc_OtherThanTemporaryImpairmentLossesInvestmentsPortionInOtherComprehensiveIncomeLossTaxPortionAttributableToParentHeldtomaturitySecurities' xlink:type='locator' />
<link:loc xlink:href='../elts/us-gaap-2017-01-31.xsd#us-gaap_OtherThanTemporaryImpairmentLossInvestmentsPortionInOtherComprehensiveLossBeforeTaxAttributableToParentHeldToMaturitySecuritiesAbstract' xlink:label='loc_OtherThanTemporaryImpairmentLossInvestmentsPortionInOtherComprehensiveLossBeforeTaxAttributableToParentHeldToMaturitySecuritiesAbstract' xlink:type='locator' />
<link:loc xlink:href='../elts/us-gaap-2017-01-31.xsd#us-gaap_OtherThanTemporaryImpairmentLossesInvestmentsPortionInOtherComprehensiveIncomeLossBeforeTaxIncludingPortionAttributableToNoncontrollingInterestHeldtomaturitySecurities' xlink:label='loc_OtherThanTemporaryImpairmentLossesInvestmentsPortionInOtherComprehensiveIncomeLossBeforeTaxIncludingPortionAttributableToNoncontrollingInterestHeldtomaturitySecurities' xlink:type='locator' />
<link:loc xlink:href='../elts/us-gaap-2017-01-31.xsd#us-gaap_OtherThanTemporaryImpairmentLossesInvestmentsPortionInOtherComprehensiveIncomeLossBeforeTaxPortionAttributableToNoncontrollingInterestHeldtomaturitySecurities' xlink:label='loc_OtherThanTemporaryImpairmentLossesInvestmentsPortionInOtherComprehensiveIncomeLossBeforeTaxPortionAttributableToNoncontrollingInterestHeldtomaturitySecurities' xlink:type='locator' />
<link:loc xlink:href='../elts/us-gaap-2017-01-31.xsd#us-gaap_OtherThanTemporaryImpairmentLossesInvestmentsPortionInOtherComprehensiveIncomeLossBeforeTaxPortionAttributableToParentHeldtomaturitySecurities' xlink:label='loc_OtherThanTemporaryImpairmentLossesInvestmentsPortionInOtherComprehensiveIncomeLossBeforeTaxPortionAttributableToParentHeldtomaturitySecurities' xlink:type='locator' />
<link:loc xlink:href='../elts/us-gaap-2017-01-31.xsd#us-gaap_OtherThanTemporaryImpairmentLossesInvestmentsPortionInOtherComprehensiveIncomeLossNetOfTaxIncludingPortionAttributableToNoncontrollingInterestAbstract' xlink:label='loc_OtherThanTemporaryImpairmentLossesInvestmentsPortionInOtherComprehensiveIncomeLossNetOfTaxIncludingPortionAttributableToNoncontrollingInterestAbstract' xlink:type='locator' />
<link:loc xlink:href='../elts/us-gaap-2017-01-31.xsd#us-gaap_OtherThanTemporaryImpairmentLossesInvestmentsPortionInOtherComprehensiveIncomeLossNetOfTaxIncludingPortionAttributableToNoncontrollingInterestAvailableforsaleSecurities' xlink:label='loc_OtherThanTemporaryImpairmentLossesInvestmentsPortionInOtherComprehensiveIncomeLossNetOfTaxIncludingPortionAttributableToNoncontrollingInterestAvailableforsaleSecurities' xlink:type='locator' />
<link:loc xlink:href='../elts/us-gaap-2017-01-31.xsd#us-gaap_OtherThanTemporaryImpairmentLossesInvestmentsPortionInOtherComprehensiveIncomeLossNetOfTaxIncludingPortionAttributableToNoncontrollingInterest' xlink:label='loc_OtherThanTemporaryImpairmentLossesInvestmentsPortionInOtherComprehensiveIncomeLossNetOfTaxIncludingPortionAttributableToNoncontrollingInterest' xlink:type='locator' />
<link:loc xlink:href='../elts/us-gaap-2017-01-31.xsd#us-gaap_OtherThanTemporaryImpairmentLossesInvestmentsPortionInOtherComprehensiveIncomeLossNetOfTaxPortionAttributableToNoncontrollingInterestAbstract' xlink:label='loc_OtherThanTemporaryImpairmentLossesInvestmentsPortionInOtherComprehensiveIncomeLossNetOfTaxPortionAttributableToNoncontrollingInterestAbstract' xlink:type='locator' />
<link:loc xlink:href='../elts/us-gaap-2017-01-31.xsd#us-gaap_OtherThanTemporaryImpairmentLossesInvestmentsPortionInOtherComprehensiveIncomeLossNetOfTaxPortionAttributableToNoncontrollingInterestAvailableforsaleSecurities' xlink:label='loc_OtherThanTemporaryImpairmentLossesInvestmentsPortionInOtherComprehensiveIncomeLossNetOfTaxPortionAttributableToNoncontrollingInterestAvailableforsaleSecurities' xlink:type='locator' />
<link:loc xlink:href='../elts/us-gaap-2017-01-31.xsd#us-gaap_OtherThanTemporaryImpairmentLossesInvestmentsPortionInOtherComprehensiveIncomeLossNetOfTaxPortionAttributableToNoncontrollingInterest' xlink:label='loc_OtherThanTemporaryImpairmentLossesInvestmentsPortionInOtherComprehensiveIncomeLossNetOfTaxPortionAttributableToNoncontrollingInterest' xlink:type='locator' />
<link:loc xlink:href='../elts/us-gaap-2017-01-31.xsd#us-gaap_OtherThanTemporaryImpairmentLossesInvestmentsPortionInOtherComprehensiveIncomeLossNetOfTaxPortionAttributableToParentAbstract' xlink:label='loc_OtherThanTemporaryImpairmentLossesInvestmentsPortionInOtherComprehensiveIncomeLossNetOfTaxPortionAttributableToParentAbstract' xlink:type='locator' />
<link:loc xlink:href='../elts/us-gaap-2017-01-31.xsd#us-gaap_OtherThanTemporaryImpairmentLossesInvestmentsPortionInOtherComprehensiveIncomeLossNetOfTaxPortionAttributableToParentAvailableforsaleSecurities' xlink:label='loc_OtherThanTemporaryImpairmentLossesInvestmentsPortionInOtherComprehensiveIncomeLossNetOfTaxPortionAttributableToParentAvailableforsaleSecurities' xlink:type='locator' />
<link:loc xlink:href='../elts/us-gaap-2017-01-31.xsd#us-gaap_OtherThanTemporaryImpairmentLossesInvestmentsPortionInOtherComprehensiveIncomeLossNetOfTaxPortionAttributableToParent' xlink:label='loc_OtherThanTemporaryImpairmentLossesInvestmentsPortionInOtherComprehensiveIncomeLossNetOfTaxPortionAttributableToParent' xlink:type='locator' />
<link:loc xlink:href='../elts/us-gaap-2017-01-31.xsd#us-gaap_OtherThanTemporaryImpairmentLossesInvestmentsPortionInOtherComprehensiveIncomeLossTaxPortionAttributableToNoncontrollingInterestAbstract' xlink:label='loc_OtherThanTemporaryImpairmentLossesInvestmentsPortionInOtherComprehensiveIncomeLossTaxPortionAttributableToNoncontrollingInterestAbstract' xlink:type='locator' />
<link:loc xlink:href='../elts/us-gaap-2017-01-31.xsd#us-gaap_OtherThanTemporaryImpairmentLossesInvestmentsPortionInOtherComprehensiveIncomeLossTaxPortionAttributableToNoncontrollingInterestAvailableforsaleSecurities' xlink:label='loc_OtherThanTemporaryImpairmentLossesInvestmentsPortionInOtherComprehensiveIncomeLossTaxPortionAttributableToNoncontrollingInterestAvailableforsaleSecurities' xlink:type='locator' />
<link:loc xlink:href='../elts/us-gaap-2017-01-31.xsd#us-gaap_OtherThanTemporaryImpairmentLossesInvestmentsPortionInOtherComprehensiveIncomeLossTaxPortionAttributableToNoncontrollingInterest' xlink:label='loc_OtherThanTemporaryImpairmentLossesInvestmentsPortionInOtherComprehensiveIncomeLossTaxPortionAttributableToNoncontrollingInterest' xlink:type='locator' />
<link:loc xlink:href='../elts/us-gaap-2017-01-31.xsd#us-gaap_OtherThanTemporaryImpairmentLossesInvestmentsPortionInOtherComprehensiveIncomeLossTaxPortionAttributableToParentAbstract' xlink:label='loc_OtherThanTemporaryImpairmentLossesInvestmentsPortionInOtherComprehensiveIncomeLossTaxPortionAttributableToParentAbstract' xlink:type='locator' />
<link:loc xlink:href='../elts/us-gaap-2017-01-31.xsd#us-gaap_OtherThanTemporaryImpairmentLossesInvestmentsPortionInOtherComprehensiveIncomeLossTaxPortionAttributableToParentAvailableforsaleSecurities' xlink:label='loc_OtherThanTemporaryImpairmentLossesInvestmentsPortionInOtherComprehensiveIncomeLossTaxPortionAttributableToParentAvailableforsaleSecurities' xlink:type='locator' />
<link:loc xlink:href='../elts/us-gaap-2017-01-31.xsd#us-gaap_OtherThanTemporaryImpairmentLossesInvestmentsPortionInOtherComprehensiveIncomeLossTaxPortionAttributableToParent' xlink:label='loc_OtherThanTemporaryImpairmentLossesInvestmentsPortionInOtherComprehensiveIncomeLossTaxPortionAttributableToParent' xlink:type='locator' />
<link:loc xlink:href='../elts/us-gaap-2017-01-31.xsd#us-gaap_OtherThanTemporaryImpairmentLossesInvestmentsPortionInOtherComprehensiveIncomeLossBeforeTaxPortionAttributableToNoncontrollingInterestAbstract' xlink:label='loc_OtherThanTemporaryImpairmentLossesInvestmentsPortionInOtherComprehensiveIncomeLossBeforeTaxPortionAttributableToNoncontrollingInterestAbstract' xlink:type='locator' />
<link:loc xlink:href='../elts/us-gaap-2017-01-31.xsd#us-gaap_OtherThanTemporaryImpairmentLossesInvestmentsPortionInOtherComprehensiveIncomeLossBeforeTaxPortionAttributableToNoncontrollingInterestAvailableforsaleSecurities' xlink:label='loc_OtherThanTemporaryImpairmentLossesInvestmentsPortionInOtherComprehensiveIncomeLossBeforeTaxPortionAttributableToNoncontrollingInterestAvailableforsaleSecurities' xlink:type='locator' />
<link:loc xlink:href='../elts/us-gaap-2017-01-31.xsd#us-gaap_OtherThanTemporaryImpairmentLossesInvestmentsPortionInOtherComprehensiveIncomeLossBeforeTaxPortionAttributableToNoncontrollingInterest' xlink:label='loc_OtherThanTemporaryImpairmentLossesInvestmentsPortionInOtherComprehensiveIncomeLossBeforeTaxPortionAttributableToNoncontrollingInterest' xlink:type='locator' />
<link:loc xlink:href='../elts/us-gaap-2017-01-31.xsd#us-gaap_OtherThanTemporaryImpairmentLossesInvestmentsPortionInOtherComprehensiveIncomeLossBeforeTaxPortionAttributableToParentAbstract' xlink:label='loc_OtherThanTemporaryImpairmentLossesInvestmentsPortionInOtherComprehensiveIncomeLossBeforeTaxPortionAttributableToParentAbstract' xlink:type='locator' />
<link:loc xlink:href='../elts/us-gaap-2017-01-31.xsd#us-gaap_OtherThanTemporaryImpairmentLossesInvestmentsPortionInOtherComprehensiveIncomeLossBeforeTaxPortionAttributableToParentAvailableforsaleSecurities' xlink:label='loc_OtherThanTemporaryImpairmentLossesInvestmentsPortionInOtherComprehensiveIncomeLossBeforeTaxPortionAttributableToParentAvailableforsaleSecurities' xlink:type='locator' />
<link:loc xlink:href='../elts/us-gaap-2017-01-31.xsd#us-gaap_OtherThanTemporaryImpairmentLossesInvestmentsPortionInOtherComprehensiveIncomeLossBeforeTaxPortionAttributableToParent' xlink:label='loc_OtherThanTemporaryImpairmentLossesInvestmentsPortionInOtherComprehensiveIncomeLossBeforeTaxPortionAttributableToParent' xlink:type='locator' />
<link:loc xlink:href='../elts/us-gaap-2017-01-31.xsd#us-gaap_StatementOfOtherComprehensiveIncomeAbstract' xlink:label='loc_StatementOfOtherComprehensiveIncomeAbstract' xlink:type='locator' />
<link:presentationArc order='10' xlink:arcrole='http://www.xbrl.org/2003/arcrole/parent-child' xlink:from='loc_OtherThanTemporaryImpairmentLossInvestmentsPortionInOtherComprehensiveLossNetOfTaxAttributableToParentHeldToMaturitySecuritiesAbstract' xlink:to='loc_OtherThanTemporaryImpairmentLossesInvestmentsPortionInOtherComprehensiveIncomeLossNetOfTaxIncludingPortionAttributableToNoncontrollingInterestHeldtomaturitySecurities' xlink:type='arc' />
<link:presentationArc order='20' xlink:arcrole='http://www.xbrl.org/2003/arcrole/parent-child' xlink:from='loc_OtherThanTemporaryImpairmentLossInvestmentsPortionInOtherComprehensiveLossNetOfTaxAttributableToParentHeldToMaturitySecuritiesAbstract' xlink:to='loc_OtherThanTemporaryImpairmentLossesInvestmentsPortionInOtherComprehensiveIncomeLossNetOfTaxPortionAttributableToNoncontrollingInterestHeldtomaturitySecurities' xlink:type='arc' />
<link:presentationArc order='30' preferredLabel='http://www.xbrl.org/2003/role/totalLabel' xlink:arcrole='http://www.xbrl.org/2003/arcrole/parent-child' xlink:from='loc_OtherThanTemporaryImpairmentLossInvestmentsPortionInOtherComprehensiveLossNetOfTaxAttributableToParentHeldToMaturitySecuritiesAbstract' xlink:to='loc_OtherThanTemporaryImpairmentLossesInvestmentsPortionInOtherComprehensiveIncomeLossNetOfTaxPortionAttributableToParentHeldtomaturitySecurities' xlink:type='arc' />
<link:presentationArc order='10' xlink:arcrole='http://www.xbrl.org/2003/arcrole/parent-child' xlink:from='loc_OtherThanTemporaryImpairmentLossInvestmentsPortionInOtherComprehensiveLossTaxAttributableToParentHeldToMaturitySecuritiesAbstract' xlink:to='loc_OtherThanTemporaryImpairmentLossesInvestmentsPortionInOtherComprehensiveIncomeLossTaxIncludingPortionAttributableToNoncontrollingInterestHeldtomaturitySecurities' xlink:type='arc' />
<link:presentationArc order='20' xlink:arcrole='http://www.xbrl.org/2003/arcrole/parent-child' xlink:from='loc_OtherThanTemporaryImpairmentLossInvestmentsPortionInOtherComprehensiveLossTaxAttributableToParentHeldToMaturitySecuritiesAbstract' xlink:to='loc_OtherThanTemporaryImpairmentLossesInvestmentsPortionInOtherComprehensiveIncomeLossTaxPortionAttributableToNoncontrollingInterestHeldtomaturitySecurities' xlink:type='arc' />
<link:presentationArc order='30' preferredLabel='http://www.xbrl.org/2003/role/totalLabel' xlink:arcrole='http://www.xbrl.org/2003/arcrole/parent-child' xlink:from='loc_OtherThanTemporaryImpairmentLossInvestmentsPortionInOtherComprehensiveLossTaxAttributableToParentHeldToMaturitySecuritiesAbstract' xlink:to='loc_OtherThanTemporaryImpairmentLossesInvestmentsPortionInOtherComprehensiveIncomeLossTaxPortionAttributableToParentHeldtomaturitySecurities' xlink:type='arc' />
<link:presentationArc order='10' xlink:arcrole='http://www.xbrl.org/2003/arcrole/parent-child' xlink:from='loc_OtherThanTemporaryImpairmentLossInvestmentsPortionInOtherComprehensiveLossBeforeTaxAttributableToParentHeldToMaturitySecuritiesAbstract' xlink:to='loc_OtherThanTemporaryImpairmentLossesInvestmentsPortionInOtherComprehensiveIncomeLossBeforeTaxIncludingPortionAttributableToNoncontrollingInterestHeldtomaturitySecurities' xlink:type='arc' />
<link:presentationArc order='20' xlink:arcrole='http://www.xbrl.org/2003/arcrole/parent-child' xlink:from='loc_OtherThanTemporaryImpairmentLossInvestmentsPortionInOtherComprehensiveLossBeforeTaxAttributableToParentHeldToMaturitySecuritiesAbstract' xlink:to='loc_OtherThanTemporaryImpairmentLossesInvestmentsPortionInOtherComprehensiveIncomeLossBeforeTaxPortionAttributableToNoncontrollingInterestHeldtomaturitySecurities' xlink:type='arc' />
<link:presentationArc order='30' preferredLabel='http://www.xbrl.org/2003/role/totalLabel' xlink:arcrole='http://www.xbrl.org/2003/arcrole/parent-child' xlink:from='loc_OtherThanTemporaryImpairmentLossInvestmentsPortionInOtherComprehensiveLossBeforeTaxAttributableToParentHeldToMaturitySecuritiesAbstract' xlink:to='loc_OtherThanTemporaryImpairmentLossesInvestmentsPortionInOtherComprehensiveIncomeLossBeforeTaxPortionAttributableToParentHeldtomaturitySecurities' xlink:type='arc' />
<link:presentationArc order='10' xlink:arcrole='http://www.xbrl.org/2003/arcrole/parent-child' xlink:from='loc_OtherThanTemporaryImpairmentLossesInvestmentsPortionInOtherComprehensiveIncomeLossNetOfTaxIncludingPortionAttributableToNoncontrollingInterestAbstract' xlink:to='loc_OtherThanTemporaryImpairmentLossesInvestmentsPortionInOtherComprehensiveIncomeLossNetOfTaxIncludingPortionAttributableToNoncontrollingInterestAvailableforsaleSecurities' xlink:type='arc' />
<link:presentationArc order='20' xlink:arcrole='http://www.xbrl.org/2003/arcrole/parent-child' xlink:from='loc_OtherThanTemporaryImpairmentLossesInvestmentsPortionInOtherComprehensiveIncomeLossNetOfTaxIncludingPortionAttributableToNoncontrollingInterestAbstract' xlink:to='loc_OtherThanTemporaryImpairmentLossesInvestmentsPortionInOtherComprehensiveIncomeLossNetOfTaxIncludingPortionAttributableToNoncontrollingInterestHeldtomaturitySecurities' xlink:type='arc' />
<link:presentationArc order='30' preferredLabel='http://www.xbrl.org/2003/role/totalLabel' xlink:arcrole='http://www.xbrl.org/2003/arcrole/parent-child' xlink:from='loc_OtherThanTemporaryImpairmentLossesInvestmentsPortionInOtherComprehensiveIncomeLossNetOfTaxIncludingPortionAttributableToNoncontrollingInterestAbstract' xlink:to='loc_OtherThanTemporaryImpairmentLossesInvestmentsPortionInOtherComprehensiveIncomeLossNetOfTaxIncludingPortionAttributableToNoncontrollingInterest' xlink:type='arc' />
<link:presentationArc order='10' xlink:arcrole='http://www.xbrl.org/2003/arcrole/parent-child' xlink:from='loc_OtherThanTemporaryImpairmentLossesInvestmentsPortionInOtherComprehensiveIncomeLossNetOfTaxPortionAttributableToNoncontrollingInterestAbstract' xlink:to='loc_OtherThanTemporaryImpairmentLossesInvestmentsPortionInOtherComprehensiveIncomeLossNetOfTaxPortionAttributableToNoncontrollingInterestAvailableforsaleSecurities' xlink:type='arc' />
<link:presentationArc order='20' xlink:arcrole='http://www.xbrl.org/2003/arcrole/parent-child' xlink:from='loc_OtherThanTemporaryImpairmentLossesInvestmentsPortionInOtherComprehensiveIncomeLossNetOfTaxPortionAttributableToNoncontrollingInterestAbstract' xlink:to='loc_OtherThanTemporaryImpairmentLossesInvestmentsPortionInOtherComprehensiveIncomeLossNetOfTaxPortionAttributableToNoncontrollingInterestHeldtomaturitySecurities' xlink:type='arc' />
<link:presentationArc order='30' preferredLabel='http://www.xbrl.org/2003/role/totalLabel' xlink:arcrole='http://www.xbrl.org/2003/arcrole/parent-child' xlink:from='loc_OtherThanTemporaryImpairmentLossesInvestmentsPortionInOtherComprehensiveIncomeLossNetOfTaxPortionAttributableToNoncontrollingInterestAbstract' xlink:to='loc_OtherThanTemporaryImpairmentLossesInvestmentsPortionInOtherComprehensiveIncomeLossNetOfTaxPortionAttributableToNoncontrollingInterest' xlink:type='arc' />
<link:presentationArc order='10' xlink:arcrole='http://www.xbrl.org/2003/arcrole/parent-child' xlink:from='loc_OtherThanTemporaryImpairmentLossesInvestmentsPortionInOtherComprehensiveIncomeLossNetOfTaxPortionAttributableToParentAbstract' xlink:to='loc_OtherThanTemporaryImpairmentLossesInvestmentsPortionInOtherComprehensiveIncomeLossNetOfTaxPortionAttributableToParentAvailableforsaleSecurities' xlink:type='arc' />
<link:presentationArc order='20' xlink:arcrole='http://www.xbrl.org/2003/arcrole/parent-child' xlink:from='loc_OtherThanTemporaryImpairmentLossesInvestmentsPortionInOtherComprehensiveIncomeLossNetOfTaxPortionAttributableToParentAbstract' xlink:to='loc_OtherThanTemporaryImpairmentLossesInvestmentsPortionInOtherComprehensiveIncomeLossNetOfTaxPortionAttributableToParentHeldtomaturitySecurities' xlink:type='arc' />
<link:presentationArc order='30' preferredLabel='http://www.xbrl.org/2003/role/totalLabel' xlink:arcrole='http://www.xbrl.org/2003/arcrole/parent-child' xlink:from='loc_OtherThanTemporaryImpairmentLossesInvestmentsPortionInOtherComprehensiveIncomeLossNetOfTaxPortionAttributableToParentAbstract' xlink:to='loc_OtherThanTemporaryImpairmentLossesInvestmentsPortionInOtherComprehensiveIncomeLossNetOfTaxPortionAttributableToParent' xlink:type='arc' />
<link:presentationArc order='10' xlink:arcrole='http://www.xbrl.org/2003/arcrole/parent-child' xlink:from='loc_OtherThanTemporaryImpairmentLossesInvestmentsPortionInOtherComprehensiveIncomeLossTaxPortionAttributableToNoncontrollingInterestAbstract' xlink:to='loc_OtherThanTemporaryImpairmentLossesInvestmentsPortionInOtherComprehensiveIncomeLossTaxPortionAttributableToNoncontrollingInterestAvailableforsaleSecurities' xlink:type='arc' />
<link:presentationArc order='20' xlink:arcrole='http://www.xbrl.org/2003/arcrole/parent-child' xlink:from='loc_OtherThanTemporaryImpairmentLossesInvestmentsPortionInOtherComprehensiveIncomeLossTaxPortionAttributableToNoncontrollingInterestAbstract' xlink:to='loc_OtherThanTemporaryImpairmentLossesInvestmentsPortionInOtherComprehensiveIncomeLossTaxPortionAttributableToNoncontrollingInterestHeldtomaturitySecurities' xlink:type='arc' />
<link:presentationArc order='30' preferredLabel='http://www.xbrl.org/2003/role/totalLabel' xlink:arcrole='http://www.xbrl.org/2003/arcrole/parent-child' xlink:from='loc_OtherThanTemporaryImpairmentLossesInvestmentsPortionInOtherComprehensiveIncomeLossTaxPortionAttributableToNoncontrollingInterestAbstract' xlink:to='loc_OtherThanTemporaryImpairmentLossesInvestmentsPortionInOtherComprehensiveIncomeLossTaxPortionAttributableToNoncontrollingInterest' xlink:type='arc' />
<link:presentationArc order='10' xlink:arcrole='http://www.xbrl.org/2003/arcrole/parent-child' xlink:from='loc_OtherThanTemporaryImpairmentLossesInvestmentsPortionInOtherComprehensiveIncomeLossTaxPortionAttributableToParentAbstract' xlink:to='loc_OtherThanTemporaryImpairmentLossesInvestmentsPortionInOtherComprehensiveIncomeLossTaxPortionAttributableToParentAvailableforsaleSecurities' xlink:type='arc' />
<link:presentationArc order='20' xlink:arcrole='http://www.xbrl.org/2003/arcrole/parent-child' xlink:from='loc_OtherThanTemporaryImpairmentLossesInvestmentsPortionInOtherComprehensiveIncomeLossTaxPortionAttributableToParentAbstract' xlink:to='loc_OtherThanTemporaryImpairmentLossesInvestmentsPortionInOtherComprehensiveIncomeLossTaxPortionAttributableToParentHeldtomaturitySecurities' xlink:type='arc' />
<link:presentationArc order='30' preferredLabel='http://www.xbrl.org/2003/role/totalLabel' xlink:arcrole='http://www.xbrl.org/2003/arcrole/parent-child' xlink:from='loc_OtherThanTemporaryImpairmentLossesInvestmentsPortionInOtherComprehensiveIncomeLossTaxPortionAttributableToParentAbstract' xlink:to='loc_OtherThanTemporaryImpairmentLossesInvestmentsPortionInOtherComprehensiveIncomeLossTaxPortionAttributableToParent' xlink:type='arc' />
<link:presentationArc order='10' xlink:arcrole='http://www.xbrl.org/2003/arcrole/parent-child' xlink:from='loc_OtherThanTemporaryImpairmentLossesInvestmentsPortionInOtherComprehensiveIncomeLossBeforeTaxPortionAttributableToNoncontrollingInterestAbstract' xlink:to='loc_OtherThanTemporaryImpairmentLossesInvestmentsPortionInOtherComprehensiveIncomeLossBeforeTaxPortionAttributableToNoncontrollingInterestAvailableforsaleSecurities' xlink:type='arc' />
<link:presentationArc order='20' xlink:arcrole='http://www.xbrl.org/2003/arcrole/parent-child' xlink:from='loc_OtherThanTemporaryImpairmentLossesInvestmentsPortionInOtherComprehensiveIncomeLossBeforeTaxPortionAttributableToNoncontrollingInterestAbstract' xlink:to='loc_OtherThanTemporaryImpairmentLossesInvestmentsPortionInOtherComprehensiveIncomeLossBeforeTaxPortionAttributableToNoncontrollingInterestHeldtomaturitySecurities' xlink:type='arc' />
<link:presentationArc order='30' preferredLabel='http://www.xbrl.org/2003/role/totalLabel' xlink:arcrole='http://www.xbrl.org/2003/arcrole/parent-child' xlink:from='loc_OtherThanTemporaryImpairmentLossesInvestmentsPortionInOtherComprehensiveIncomeLossBeforeTaxPortionAttributableToNoncontrollingInterestAbstract' xlink:to='loc_OtherThanTemporaryImpairmentLossesInvestmentsPortionInOtherComprehensiveIncomeLossBeforeTaxPortionAttributableToNoncontrollingInterest' xlink:type='arc' />
<link:presentationArc order='10' xlink:arcrole='http://www.xbrl.org/2003/arcrole/parent-child' xlink:from='loc_OtherThanTemporaryImpairmentLossesInvestmentsPortionInOtherComprehensiveIncomeLossBeforeTaxPortionAttributableToParentAbstract' xlink:to='loc_OtherThanTemporaryImpairmentLossesInvestmentsPortionInOtherComprehensiveIncomeLossBeforeTaxPortionAttributableToParentAvailableforsaleSecurities' xlink:type='arc' />
<link:presentationArc order='20' xlink:arcrole='http://www.xbrl.org/2003/arcrole/parent-child' xlink:from='loc_OtherThanTemporaryImpairmentLossesInvestmentsPortionInOtherComprehensiveIncomeLossBeforeTaxPortionAttributableToParentAbstract' xlink:to='loc_OtherThanTemporaryImpairmentLossesInvestmentsPortionInOtherComprehensiveIncomeLossBeforeTaxPortionAttributableToParentHeldtomaturitySecurities' xlink:type='arc' />
<link:presentationArc order='30' preferredLabel='http://www.xbrl.org/2003/role/totalLabel' xlink:arcrole='http://www.xbrl.org/2003/arcrole/parent-child' xlink:from='loc_OtherThanTemporaryImpairmentLossesInvestmentsPortionInOtherComprehensiveIncomeLossBeforeTaxPortionAttributableToParentAbstract' xlink:to='loc_OtherThanTemporaryImpairmentLossesInvestmentsPortionInOtherComprehensiveIncomeLossBeforeTaxPortionAttributableToParent' xlink:type='arc' />
<link:presentationArc order='10' xlink:arcrole='http://www.xbrl.org/2003/arcrole/parent-child' xlink:from='loc_StatementOfOtherComprehensiveIncomeAbstract' xlink:to='loc_OtherThanTemporaryImpairmentLossInvestmentsPortionInOtherComprehensiveLossBeforeTaxAttributableToParentHeldToMaturitySecuritiesAbstract' xlink:type='arc' />
<link:presentationArc order='20' xlink:arcrole='http://www.xbrl.org/2003/arcrole/parent-child' xlink:from='loc_StatementOfOtherComprehensiveIncomeAbstract' xlink:to='loc_OtherThanTemporaryImpairmentLossInvestmentsPortionInOtherComprehensiveLossNetOfTaxAttributableToParentHeldToMaturitySecuritiesAbstract' xlink:type='arc' />
<link:presentationArc order='30' xlink:arcrole='http://www.xbrl.org/2003/arcrole/parent-child' xlink:from='loc_StatementOfOtherComprehensiveIncomeAbstract' xlink:to='loc_OtherThanTemporaryImpairmentLossInvestmentsPortionInOtherComprehensiveLossTaxAttributableToParentHeldToMaturitySecuritiesAbstract' xlink:type='arc' />
<link:presentationArc order='40' xlink:arcrole='http://www.xbrl.org/2003/arcrole/parent-child' xlink:from='loc_StatementOfOtherComprehensiveIncomeAbstract' xlink:to='loc_OtherThanTemporaryImpairmentLossesInvestmentsPortionInOtherComprehensiveIncomeLossBeforeTaxPortionAttributableToNoncontrollingInterestAbstract' xlink:type='arc' />
<link:presentationArc order='50' xlink:arcrole='http://www.xbrl.org/2003/arcrole/parent-child' xlink:from='loc_StatementOfOtherComprehensiveIncomeAbstract' xlink:to='loc_OtherThanTemporaryImpairmentLossesInvestmentsPortionInOtherComprehensiveIncomeLossBeforeTaxPortionAttributableToParentAbstract' xlink:type='arc' />
<link:presentationArc order='60' xlink:arcrole='http://www.xbrl.org/2003/arcrole/parent-child' xlink:from='loc_StatementOfOtherComprehensiveIncomeAbstract' xlink:to='loc_OtherThanTemporaryImpairmentLossesInvestmentsPortionInOtherComprehensiveIncomeLossNetOfTaxIncludingPortionAttributableToNoncontrollingInterestAbstract' xlink:type='arc' />
<link:presentationArc order='70' xlink:arcrole='http://www.xbrl.org/2003/arcrole/parent-child' xlink:from='loc_StatementOfOtherComprehensiveIncomeAbstract' xlink:to='loc_OtherThanTemporaryImpairmentLossesInvestmentsPortionInOtherComprehensiveIncomeLossNetOfTaxPortionAttributableToNoncontrollingInterestAbstract' xlink:type='arc' />
<link:presentationArc order='80' xlink:arcrole='http://www.xbrl.org/2003/arcrole/parent-child' xlink:from='loc_StatementOfOtherComprehensiveIncomeAbstract' xlink:to='loc_OtherThanTemporaryImpairmentLossesInvestmentsPortionInOtherComprehensiveIncomeLossNetOfTaxPortionAttributableToParentAbstract' xlink:type='arc' />
<link:presentationArc order='90' xlink:arcrole='http://www.xbrl.org/2003/arcrole/parent-child' xlink:from='loc_StatementOfOtherComprehensiveIncomeAbstract' xlink:to='loc_OtherThanTemporaryImpairmentLossesInvestmentsPortionInOtherComprehensiveIncomeLossTaxPortionAttributableToNoncontrollingInterestAbstract' xlink:type='arc' />
<link:presentationArc order='100' xlink:arcrole='http://www.xbrl.org/2003/arcrole/parent-child' xlink:from='loc_StatementOfOtherComprehensiveIncomeAbstract' xlink:to='loc_OtherThanTemporaryImpairmentLossesInvestmentsPortionInOtherComprehensiveIncomeLossTaxPortionAttributableToParentAbstract' xlink:type='arc' />
</link:presentationLink>
</link:linkbase>
