<?xml version='1.0' encoding='UTF-8'?>

<!--
(c) 2010-2020 Financial Accounting Foundation; (c) 2007-2010 XBRL US, Inc.  All Rights Reserved.
Notice: Authorized Uses are Set Forth at http://xbrl.fasb.org/terms/SRT_TermsConditions.html
  -->
<link:linkbase xmlns:link='http://www.xbrl.org/2003/linkbase' xmlns:xbrldt='http://xbrl.org/2005/xbrldt' xmlns:xlink='http://www.w3.org/1999/xlink' xmlns:xsi='http://www.w3.org/2001/XMLSchema-instance' xsi:schemaLocation='http://www.xbrl.org/2003/linkbase http://www.xbrl.org/2003/xbrl-linkbase-2003-12-31.xsd'>
<link:roleRef roleURI='http://fasb.org/srt/role/disclosure/SECScheduleArticle12-28RealEstateAndAccumulatedDepreciation' xlink:href='../elts/srt-roles-2020-01-31.xsd#srt-sec-re' xlink:type='simple' />
<link:presentationLink xlink:role='http://fasb.org/srt/role/disclosure/SECScheduleArticle12-28RealEstateAndAccumulatedDepreciation' xlink:type='extended'>
<link:loc xlink:href='../elts/srt-2020-01-31.xsd#srt_StatementGeographicalAxis' xlink:label='loc_StatementGeographicalAxis' xlink:type='locator' />
<link:loc xlink:href='../elts/srt-2020-01-31.xsd#srt_SegmentGeographicalDomain' xlink:label='loc_SegmentGeographicalDomain' xlink:type='locator' />
<link:loc xlink:href='../elts/srt-2020-01-31.xsd#srt_RealEstateAndAccumulatedDepreciationDescriptionOfPropertyAxis' xlink:label='loc_RealEstateAndAccumulatedDepreciationDescriptionOfPropertyAxis' xlink:type='locator' />
<link:loc xlink:href='../elts/srt-2020-01-31.xsd#srt_RealEstateAndAccumulatedDepreciationNameOfPropertyDomain' xlink:label='loc_RealEstateAndAccumulatedDepreciationNameOfPropertyDomain' xlink:type='locator' />
<link:loc xlink:href='../elts/srt-2020-01-31.xsd#srt_MortgageLoansOnRealEstateNamePropertyTypeDomain' xlink:label='loc_MortgageLoansOnRealEstateNamePropertyTypeDomain' xlink:type='locator' />
<link:loc xlink:href='../elts/srt-2020-01-31.xsd#srt_ApartmentBuildingMember' xlink:label='loc_ApartmentBuildingMember' xlink:type='locator' />
<link:loc xlink:href='../elts/srt-2020-01-31.xsd#srt_RetailSiteMember' xlink:label='loc_RetailSiteMember' xlink:type='locator' />
<link:loc xlink:href='../elts/srt-2020-01-31.xsd#srt_WarehouseMember' xlink:label='loc_WarehouseMember' xlink:type='locator' />
<link:loc xlink:href='../elts/srt-2020-01-31.xsd#srt_IndustrialPropertyMember' xlink:label='loc_IndustrialPropertyMember' xlink:type='locator' />
<link:loc xlink:href='../elts/srt-2020-01-31.xsd#srt_OfficeBuildingMember' xlink:label='loc_OfficeBuildingMember' xlink:type='locator' />
<link:loc xlink:href='../elts/srt-2020-01-31.xsd#srt_HotelMember' xlink:label='loc_HotelMember' xlink:type='locator' />
<link:loc xlink:href='../elts/srt-2020-01-31.xsd#srt_OtherPropertyMember' xlink:label='loc_OtherPropertyMember' xlink:type='locator' />
<link:loc xlink:href='../elts/srt-2020-01-31.xsd#srt_MultifamilyMember' xlink:label='loc_MultifamilyMember' xlink:type='locator' />
<link:loc xlink:href='../elts/srt-2020-01-31.xsd#srt_SingleFamilyMember' xlink:label='loc_SingleFamilyMember' xlink:type='locator' />
<link:loc xlink:href='../elts/srt-2020-01-31.xsd#srt_MortgageLoansOnRealEstateDescriptionTypeOfPropertyAxis' xlink:label='loc_MortgageLoansOnRealEstateDescriptionTypeOfPropertyAxis' xlink:type='locator' />
<link:loc xlink:href='../elts/srt-2020-01-31.xsd#srt_RealEstateAndAccumulatedDepreciationDisclosureAbstract' xlink:label='loc_RealEstateAndAccumulatedDepreciationDisclosureAbstract' xlink:type='locator' />
<link:loc xlink:href='../elts/srt-2020-01-31.xsd#srt_RealEstateAndAccumulatedDepreciationDisclosureTextBlock' xlink:label='loc_RealEstateAndAccumulatedDepreciationDisclosureTextBlock' xlink:type='locator' />
<link:loc xlink:href='../elts/srt-2020-01-31.xsd#srt_RealEstateAndAccumulatedDepreciationOtherRequiredDisclosuresAbstract' xlink:label='loc_RealEstateAndAccumulatedDepreciationOtherRequiredDisclosuresAbstract' xlink:type='locator' />
<link:loc xlink:href='../elts/srt-2020-01-31.xsd#srt_RealEstateAndAccumulatedDepreciationByPropertyTable' xlink:label='loc_RealEstateAndAccumulatedDepreciationByPropertyTable' xlink:type='locator' />
<link:loc xlink:href='../elts/srt-2020-01-31.xsd#srt_RealEstateAndAccumulatedDepreciationLineItems' xlink:label='loc_RealEstateAndAccumulatedDepreciationLineItems' xlink:type='locator' />
<link:loc xlink:href='../elts/srt-2020-01-31.xsd#srt_RealEstateAndAccumulatedDepreciationAmountOfEncumbrances' xlink:label='loc_RealEstateAndAccumulatedDepreciationAmountOfEncumbrances' xlink:type='locator' />
<link:loc xlink:href='../elts/srt-2020-01-31.xsd#srt_RealEstateAndAccumulatedDepreciationDateOfConstruction1' xlink:label='loc_RealEstateAndAccumulatedDepreciationDateOfConstruction1' xlink:type='locator' />
<link:loc xlink:href='../elts/srt-2020-01-31.xsd#srt_RealEstateAndAccumulatedDepreciationDateAcquired1' xlink:label='loc_RealEstateAndAccumulatedDepreciationDateAcquired1' xlink:type='locator' />
<link:loc xlink:href='../elts/srt-2020-01-31.xsd#srt_SECScheduleIIIRealEstateNumberOfUnits' xlink:label='loc_SECScheduleIIIRealEstateNumberOfUnits' xlink:type='locator' />
<link:loc xlink:href='../elts/srt-2020-01-31.xsd#srt_RealEstateWriteDownOrReserveLineItems' xlink:label='loc_RealEstateWriteDownOrReserveLineItems' xlink:type='locator' />
<link:loc xlink:href='../elts/srt-2020-01-31.xsd#srt_RealEstateWriteDownOrReserveBasis' xlink:label='loc_RealEstateWriteDownOrReserveBasis' xlink:type='locator' />
<link:loc xlink:href='../elts/srt-2020-01-31.xsd#srt_RealEstateWriteDownOrReserveTable' xlink:label='loc_RealEstateWriteDownOrReserveTable' xlink:type='locator' />
<link:loc xlink:href='../elts/srt-2020-01-31.xsd#srt_RealEstateFederalIncomeTaxBasis' xlink:label='loc_RealEstateFederalIncomeTaxBasis' xlink:type='locator' />
<link:loc xlink:href='../elts/srt-2020-01-31.xsd#srt_RealEstateOtherDisclosures' xlink:label='loc_RealEstateOtherDisclosures' xlink:type='locator' />
<link:loc xlink:href='../elts/srt-2020-01-31.xsd#srt_SECScheduleIIIRealEstateTransactionsWithAffiliatesDisclosure' xlink:label='loc_SECScheduleIIIRealEstateTransactionsWithAffiliatesDisclosure' xlink:type='locator' />
<link:presentationArc order='10' xlink:arcrole='http://www.xbrl.org/2003/arcrole/parent-child' xlink:from='loc_StatementGeographicalAxis' xlink:to='loc_SegmentGeographicalDomain' xlink:type='arc' />
<link:presentationArc order='10' xlink:arcrole='http://www.xbrl.org/2003/arcrole/parent-child' xlink:from='loc_RealEstateAndAccumulatedDepreciationDescriptionOfPropertyAxis' xlink:to='loc_RealEstateAndAccumulatedDepreciationNameOfPropertyDomain' xlink:type='arc' />
<link:presentationArc order='10' xlink:arcrole='http://www.xbrl.org/2003/arcrole/parent-child' xlink:from='loc_MortgageLoansOnRealEstateNamePropertyTypeDomain' xlink:to='loc_ApartmentBuildingMember' xlink:type='arc' />
<link:presentationArc order='20' xlink:arcrole='http://www.xbrl.org/2003/arcrole/parent-child' xlink:from='loc_MortgageLoansOnRealEstateNamePropertyTypeDomain' xlink:to='loc_RetailSiteMember' xlink:type='arc' />
<link:presentationArc order='30' xlink:arcrole='http://www.xbrl.org/2003/arcrole/parent-child' xlink:from='loc_MortgageLoansOnRealEstateNamePropertyTypeDomain' xlink:to='loc_WarehouseMember' xlink:type='arc' />
<link:presentationArc order='40' xlink:arcrole='http://www.xbrl.org/2003/arcrole/parent-child' xlink:from='loc_MortgageLoansOnRealEstateNamePropertyTypeDomain' xlink:to='loc_IndustrialPropertyMember' xlink:type='arc' />
<link:presentationArc order='50' xlink:arcrole='http://www.xbrl.org/2003/arcrole/parent-child' xlink:from='loc_MortgageLoansOnRealEstateNamePropertyTypeDomain' xlink:to='loc_OfficeBuildingMember' xlink:type='arc' />
<link:presentationArc order='60' xlink:arcrole='http://www.xbrl.org/2003/arcrole/parent-child' xlink:from='loc_MortgageLoansOnRealEstateNamePropertyTypeDomain' xlink:to='loc_HotelMember' xlink:type='arc' />
<link:presentationArc order='70' xlink:arcrole='http://www.xbrl.org/2003/arcrole/parent-child' xlink:from='loc_MortgageLoansOnRealEstateNamePropertyTypeDomain' xlink:to='loc_OtherPropertyMember' xlink:type='arc' />
<link:presentationArc order='80' xlink:arcrole='http://www.xbrl.org/2003/arcrole/parent-child' xlink:from='loc_MortgageLoansOnRealEstateNamePropertyTypeDomain' xlink:to='loc_MultifamilyMember' xlink:type='arc' />
<link:presentationArc order='90' xlink:arcrole='http://www.xbrl.org/2003/arcrole/parent-child' xlink:from='loc_MortgageLoansOnRealEstateNamePropertyTypeDomain' xlink:to='loc_SingleFamilyMember' xlink:type='arc' />
<link:presentationArc order='10' xlink:arcrole='http://www.xbrl.org/2003/arcrole/parent-child' xlink:from='loc_MortgageLoansOnRealEstateDescriptionTypeOfPropertyAxis' xlink:to='loc_MortgageLoansOnRealEstateNamePropertyTypeDomain' xlink:type='arc' />
<link:presentationArc order='10' xlink:arcrole='http://www.xbrl.org/2003/arcrole/parent-child' xlink:from='loc_RealEstateAndAccumulatedDepreciationDisclosureAbstract' xlink:to='loc_RealEstateAndAccumulatedDepreciationDisclosureTextBlock' xlink:type='arc' />
<link:presentationArc order='10' xlink:arcrole='http://www.xbrl.org/2003/arcrole/parent-child' xlink:from='loc_RealEstateAndAccumulatedDepreciationDisclosureTextBlock' xlink:to='loc_RealEstateAndAccumulatedDepreciationOtherRequiredDisclosuresAbstract' xlink:type='arc' />
<link:presentationArc order='20' xlink:arcrole='http://www.xbrl.org/2003/arcrole/parent-child' xlink:from='loc_RealEstateAndAccumulatedDepreciationDisclosureTextBlock' xlink:to='loc_RealEstateAndAccumulatedDepreciationByPropertyTable' xlink:type='arc' />
<link:presentationArc order='10' xlink:arcrole='http://www.xbrl.org/2003/arcrole/parent-child' xlink:from='loc_RealEstateAndAccumulatedDepreciationLineItems' xlink:to='loc_RealEstateAndAccumulatedDepreciationAmountOfEncumbrances' xlink:type='arc' />
<link:presentationArc order='20' xlink:arcrole='http://www.xbrl.org/2003/arcrole/parent-child' xlink:from='loc_RealEstateAndAccumulatedDepreciationLineItems' xlink:to='loc_RealEstateAndAccumulatedDepreciationDateOfConstruction1' xlink:type='arc' />
<link:presentationArc order='30' xlink:arcrole='http://www.xbrl.org/2003/arcrole/parent-child' xlink:from='loc_RealEstateAndAccumulatedDepreciationLineItems' xlink:to='loc_RealEstateAndAccumulatedDepreciationDateAcquired1' xlink:type='arc' />
<link:presentationArc order='40' xlink:arcrole='http://www.xbrl.org/2003/arcrole/parent-child' xlink:from='loc_RealEstateAndAccumulatedDepreciationLineItems' xlink:to='loc_SECScheduleIIIRealEstateNumberOfUnits' xlink:type='arc' />
<link:presentationArc order='10' xlink:arcrole='http://www.xbrl.org/2003/arcrole/parent-child' xlink:from='loc_RealEstateAndAccumulatedDepreciationByPropertyTable' xlink:to='loc_RealEstateAndAccumulatedDepreciationDescriptionOfPropertyAxis' xlink:type='arc' />
<link:presentationArc order='20' xlink:arcrole='http://www.xbrl.org/2003/arcrole/parent-child' xlink:from='loc_RealEstateAndAccumulatedDepreciationByPropertyTable' xlink:to='loc_StatementGeographicalAxis' xlink:type='arc' />
<link:presentationArc order='30' xlink:arcrole='http://www.xbrl.org/2003/arcrole/parent-child' xlink:from='loc_RealEstateAndAccumulatedDepreciationByPropertyTable' xlink:to='loc_MortgageLoansOnRealEstateDescriptionTypeOfPropertyAxis' xlink:type='arc' />
<link:presentationArc order='40' xlink:arcrole='http://www.xbrl.org/2003/arcrole/parent-child' xlink:from='loc_RealEstateAndAccumulatedDepreciationByPropertyTable' xlink:to='loc_RealEstateAndAccumulatedDepreciationLineItems' xlink:type='arc' />
<link:presentationArc order='10' xlink:arcrole='http://www.xbrl.org/2003/arcrole/parent-child' xlink:from='loc_RealEstateWriteDownOrReserveLineItems' xlink:to='loc_RealEstateWriteDownOrReserveBasis' xlink:type='arc' />
<link:presentationArc order='10' xlink:arcrole='http://www.xbrl.org/2003/arcrole/parent-child' xlink:from='loc_RealEstateWriteDownOrReserveTable' xlink:to='loc_RealEstateAndAccumulatedDepreciationDescriptionOfPropertyAxis' xlink:type='arc' />
<link:presentationArc order='20' xlink:arcrole='http://www.xbrl.org/2003/arcrole/parent-child' xlink:from='loc_RealEstateWriteDownOrReserveTable' xlink:to='loc_RealEstateWriteDownOrReserveLineItems' xlink:type='arc' />
<link:presentationArc order='10' xlink:arcrole='http://www.xbrl.org/2003/arcrole/parent-child' xlink:from='loc_RealEstateAndAccumulatedDepreciationOtherRequiredDisclosuresAbstract' xlink:to='loc_RealEstateFederalIncomeTaxBasis' xlink:type='arc' />
<link:presentationArc order='20' xlink:arcrole='http://www.xbrl.org/2003/arcrole/parent-child' xlink:from='loc_RealEstateAndAccumulatedDepreciationOtherRequiredDisclosuresAbstract' xlink:to='loc_RealEstateOtherDisclosures' xlink:type='arc' />
<link:presentationArc order='30' xlink:arcrole='http://www.xbrl.org/2003/arcrole/parent-child' xlink:from='loc_RealEstateAndAccumulatedDepreciationOtherRequiredDisclosuresAbstract' xlink:to='loc_SECScheduleIIIRealEstateTransactionsWithAffiliatesDisclosure' xlink:type='arc' />
<link:presentationArc order='40' xlink:arcrole='http://www.xbrl.org/2003/arcrole/parent-child' xlink:from='loc_RealEstateAndAccumulatedDepreciationOtherRequiredDisclosuresAbstract' xlink:to='loc_RealEstateWriteDownOrReserveTable' xlink:type='arc' />
</link:presentationLink>
</link:linkbase>
