<?xml version='1.0' encoding='UTF-8'?>

<!--
(c) XBRL US, Inc. 2007-2010; Financial Accounting Foundation, Inc. 2010-2012.  All Rights Reserved.
Notice: Authorized Uses are Set Forth at http://xbrl.fasb.org/terms/TaxonomiesTermsConditions.html
  -->
<link:linkbase xmlns:link='http://www.xbrl.org/2003/linkbase' xmlns:xbrldt='http://xbrl.org/2005/xbrldt' xmlns:xlink='http://www.w3.org/1999/xlink' xmlns:xsi='http://www.w3.org/2001/XMLSchema-instance' xsi:schemaLocation='http://www.xbrl.org/2003/linkbase http://www.xbrl.org/2003/xbrl-linkbase-2003-12-31.xsd'>
<link:roleRef roleURI='http://fasb.org/us-gaap/role/disclosure/EarningsPerShare' xlink:href='../elts/us-roles-2012-01-31.xsd#eps' xlink:type='simple' />
<link:presentationLink xlink:role='http://fasb.org/us-gaap/role/disclosure/EarningsPerShare' xlink:type='extended'>
<link:loc xlink:href='../elts/us-gaap-2012-01-31.xsd#us-gaap_EarningsPerShareAbstract' xlink:label='loc_EarningsPerShareAbstract' xlink:type='locator' />
<link:loc xlink:href='../elts/us-gaap-2012-01-31.xsd#us-gaap_EarningsPerShareTextBlock' xlink:label='loc_EarningsPerShareTextBlock' xlink:type='locator' />
<link:loc xlink:href='../elts/us-gaap-2012-01-31.xsd#us-gaap_ScheduleOfEarningsPerShareBasicByCommonClassTextBlock' xlink:label='loc_ScheduleOfEarningsPerShareBasicByCommonClassTextBlock' xlink:type='locator' />
<link:loc xlink:href='../elts/us-gaap-2012-01-31.xsd#us-gaap_ScheduleOfEarningsPerShareBasicByCommonClassTable' xlink:label='loc_ScheduleOfEarningsPerShareBasicByCommonClassTable' xlink:type='locator' />
<link:loc xlink:href='../elts/us-gaap-2012-01-31.xsd#us-gaap_StatementClassOfStockAxis' xlink:label='loc_StatementClassOfStockAxis' xlink:type='locator' />
<link:loc xlink:href='../elts/us-gaap-2012-01-31.xsd#us-gaap_ClassOfStockDomain' xlink:label='loc_ClassOfStockDomain' xlink:type='locator' />
<link:loc xlink:href='../elts/us-gaap-2012-01-31.xsd#us-gaap_CommonClassAMember' xlink:label='loc_CommonClassAMember' xlink:type='locator' />
<link:loc xlink:href='../elts/us-gaap-2012-01-31.xsd#us-gaap_CommonClassBMember' xlink:label='loc_CommonClassBMember' xlink:type='locator' />
<link:loc xlink:href='../elts/us-gaap-2012-01-31.xsd#us-gaap_CommonClassCMember' xlink:label='loc_CommonClassCMember' xlink:type='locator' />
<link:loc xlink:href='../elts/us-gaap-2012-01-31.xsd#us-gaap_NonvotingCommonStockMember' xlink:label='loc_NonvotingCommonStockMember' xlink:type='locator' />
<link:loc xlink:href='../elts/us-gaap-2012-01-31.xsd#us-gaap_ConvertibleCommonStockMember' xlink:label='loc_ConvertibleCommonStockMember' xlink:type='locator' />
<link:loc xlink:href='../elts/us-gaap-2012-01-31.xsd#us-gaap_CumulativePreferredStockMember' xlink:label='loc_CumulativePreferredStockMember' xlink:type='locator' />
<link:loc xlink:href='../elts/us-gaap-2012-01-31.xsd#us-gaap_NoncumulativePreferredStockMember' xlink:label='loc_NoncumulativePreferredStockMember' xlink:type='locator' />
<link:loc xlink:href='../elts/us-gaap-2012-01-31.xsd#us-gaap_RedeemablePreferredStockMember' xlink:label='loc_RedeemablePreferredStockMember' xlink:type='locator' />
<link:loc xlink:href='../elts/us-gaap-2012-01-31.xsd#us-gaap_NonredeemablePreferredStockMember' xlink:label='loc_NonredeemablePreferredStockMember' xlink:type='locator' />
<link:loc xlink:href='../elts/us-gaap-2012-01-31.xsd#us-gaap_ConvertiblePreferredStockMember' xlink:label='loc_ConvertiblePreferredStockMember' xlink:type='locator' />
<link:loc xlink:href='../elts/us-gaap-2012-01-31.xsd#us-gaap_NonredeemableConvertiblePreferredStockMember' xlink:label='loc_NonredeemableConvertiblePreferredStockMember' xlink:type='locator' />
<link:loc xlink:href='../elts/us-gaap-2012-01-31.xsd#us-gaap_RedeemableConvertiblePreferredStockMember' xlink:label='loc_RedeemableConvertiblePreferredStockMember' xlink:type='locator' />
<link:loc xlink:href='../elts/us-gaap-2012-01-31.xsd#us-gaap_ContingentConvertiblePreferredStockMember' xlink:label='loc_ContingentConvertiblePreferredStockMember' xlink:type='locator' />
<link:loc xlink:href='../elts/us-gaap-2012-01-31.xsd#us-gaap_PreferredClassAMember' xlink:label='loc_PreferredClassAMember' xlink:type='locator' />
<link:loc xlink:href='../elts/us-gaap-2012-01-31.xsd#us-gaap_PreferredClassBMember' xlink:label='loc_PreferredClassBMember' xlink:type='locator' />
<link:loc xlink:href='../elts/us-gaap-2012-01-31.xsd#us-gaap_SeriesAPreferredStockMember' xlink:label='loc_SeriesAPreferredStockMember' xlink:type='locator' />
<link:loc xlink:href='../elts/us-gaap-2012-01-31.xsd#us-gaap_SeriesBPreferredStockMember' xlink:label='loc_SeriesBPreferredStockMember' xlink:type='locator' />
<link:loc xlink:href='../elts/us-gaap-2012-01-31.xsd#us-gaap_SeriesCPreferredStockMember' xlink:label='loc_SeriesCPreferredStockMember' xlink:type='locator' />
<link:loc xlink:href='../elts/us-gaap-2012-01-31.xsd#us-gaap_SeriesDPreferredStockMember' xlink:label='loc_SeriesDPreferredStockMember' xlink:type='locator' />
<link:loc xlink:href='../elts/us-gaap-2012-01-31.xsd#us-gaap_SeriesEPreferredStockMember' xlink:label='loc_SeriesEPreferredStockMember' xlink:type='locator' />
<link:loc xlink:href='../elts/us-gaap-2012-01-31.xsd#us-gaap_SeriesFPreferredStockMember' xlink:label='loc_SeriesFPreferredStockMember' xlink:type='locator' />
<link:loc xlink:href='../elts/us-gaap-2012-01-31.xsd#us-gaap_SeriesGPreferredStockMember' xlink:label='loc_SeriesGPreferredStockMember' xlink:type='locator' />
<link:loc xlink:href='../elts/us-gaap-2012-01-31.xsd#us-gaap_SeriesHPreferredStockMember' xlink:label='loc_SeriesHPreferredStockMember' xlink:type='locator' />
<link:loc xlink:href='../elts/us-gaap-2012-01-31.xsd#us-gaap_EarningsPerShareBasicLineItems' xlink:label='loc_EarningsPerShareBasicLineItems' xlink:type='locator' />
<link:loc xlink:href='../elts/us-gaap-2012-01-31.xsd#us-gaap_EarningsPerShareBasicAbstract' xlink:label='loc_EarningsPerShareBasicAbstract' xlink:type='locator' />
<link:loc xlink:href='../elts/us-gaap-2012-01-31.xsd#us-gaap_IncomeLossBeforeExtraordinaryItemsAndCumulativeEffectOfChangeInAccountingPrinciplePerBasicShareAbstract' xlink:label='loc_IncomeLossBeforeExtraordinaryItemsAndCumulativeEffectOfChangeInAccountingPrinciplePerBasicShareAbstract' xlink:type='locator' />
<link:loc xlink:href='../elts/us-gaap-2012-01-31.xsd#us-gaap_IncomeLossFromContinuingOperationsPerBasicShare' xlink:label='loc_IncomeLossFromContinuingOperationsPerBasicShare' xlink:type='locator' />
<link:loc xlink:href='../elts/us-gaap-2012-01-31.xsd#us-gaap_IncomeLossFromDiscontinuedOperationsNetOfTaxPerBasicShare' xlink:label='loc_IncomeLossFromDiscontinuedOperationsNetOfTaxPerBasicShare' xlink:type='locator' />
<link:loc xlink:href='../elts/us-gaap-2012-01-31.xsd#us-gaap_IncomeLossBeforeExtraordinaryItemsAndCumulativeEffectOfChangeInAccountingPrinciplePerBasicShare' xlink:label='loc_IncomeLossBeforeExtraordinaryItemsAndCumulativeEffectOfChangeInAccountingPrinciplePerBasicShare' xlink:type='locator' />
<link:loc xlink:href='../elts/us-gaap-2012-01-31.xsd#us-gaap_IncomeLossFromExtraordinaryItemsNetOfTaxPerBasicShareAbstract' xlink:label='loc_IncomeLossFromExtraordinaryItemsNetOfTaxPerBasicShareAbstract' xlink:type='locator' />
<link:loc xlink:href='../elts/us-gaap-2012-01-31.xsd#us-gaap_IncomeLossFromExtraordinaryItemsBeforeTaxPerBasicShare' xlink:label='loc_IncomeLossFromExtraordinaryItemsBeforeTaxPerBasicShare' xlink:type='locator' />
<link:loc xlink:href='../elts/us-gaap-2012-01-31.xsd#us-gaap_IncomeLossFromExtraordinaryItemsTaxEffectPerBasicShare' xlink:label='loc_IncomeLossFromExtraordinaryItemsTaxEffectPerBasicShare' xlink:type='locator' />
<link:loc xlink:href='../elts/us-gaap-2012-01-31.xsd#us-gaap_IncomeLossFromExtraordinaryItemsNetOfTaxPerBasicShare' xlink:label='loc_IncomeLossFromExtraordinaryItemsNetOfTaxPerBasicShare' xlink:type='locator' />
<link:loc xlink:href='../elts/us-gaap-2012-01-31.xsd#us-gaap_EarningsPerShareBasic' xlink:label='loc_EarningsPerShareBasic' xlink:type='locator' />
<link:loc xlink:href='../elts/us-gaap-2012-01-31.xsd#us-gaap_EarningsPerShareBasicTwoClassMethodAbstract' xlink:label='loc_EarningsPerShareBasicTwoClassMethodAbstract' xlink:type='locator' />
<link:loc xlink:href='../elts/us-gaap-2012-01-31.xsd#us-gaap_UndistributedEarningsAbstract' xlink:label='loc_UndistributedEarningsAbstract' xlink:type='locator' />
<link:loc xlink:href='../elts/us-gaap-2012-01-31.xsd#us-gaap_NetIncomeLossAbstract' xlink:label='loc_NetIncomeLossAbstract' xlink:type='locator' />
<link:loc xlink:href='../elts/us-gaap-2012-01-31.xsd#us-gaap_IncomeLossFromContinuingOperations' xlink:label='loc_IncomeLossFromContinuingOperations' xlink:type='locator' />
<link:loc xlink:href='../elts/us-gaap-2012-01-31.xsd#us-gaap_IncomeLossFromDiscontinuedOperationsNetOfTaxAttributableToReportingEntity' xlink:label='loc_IncomeLossFromDiscontinuedOperationsNetOfTaxAttributableToReportingEntity' xlink:type='locator' />
<link:loc xlink:href='../elts/us-gaap-2012-01-31.xsd#us-gaap_ExtraordinaryItemGainOrLossNetOfTaxAttributableToReportingEntity' xlink:label='loc_ExtraordinaryItemGainOrLossNetOfTaxAttributableToReportingEntity' xlink:type='locator' />
<link:loc xlink:href='../elts/us-gaap-2012-01-31.xsd#us-gaap_NetIncomeLoss' xlink:label='loc_NetIncomeLoss' xlink:type='locator' />
<link:loc xlink:href='../elts/us-gaap-2012-01-31.xsd#us-gaap_DistributedEarningsAbstract' xlink:label='loc_DistributedEarningsAbstract' xlink:type='locator' />
<link:loc xlink:href='../elts/us-gaap-2012-01-31.xsd#us-gaap_Dividends' xlink:label='loc_Dividends' xlink:type='locator' />
<link:loc xlink:href='../elts/us-gaap-2012-01-31.xsd#us-gaap_DividendsAndInterestPaid' xlink:label='loc_DividendsAndInterestPaid' xlink:type='locator' />
<link:loc xlink:href='../elts/us-gaap-2012-01-31.xsd#us-gaap_DistributedEarnings' xlink:label='loc_DistributedEarnings' xlink:type='locator' />
<link:loc xlink:href='../elts/us-gaap-2012-01-31.xsd#us-gaap_UndistributedEarnings' xlink:label='loc_UndistributedEarnings' xlink:type='locator' />
<link:loc xlink:href='../elts/us-gaap-2012-01-31.xsd#us-gaap_EarningsPerShareBasicDistributed' xlink:label='loc_EarningsPerShareBasicDistributed' xlink:type='locator' />
<link:loc xlink:href='../elts/us-gaap-2012-01-31.xsd#us-gaap_EarningsPerShareBasicUndistributed' xlink:label='loc_EarningsPerShareBasicUndistributed' xlink:type='locator' />
<link:loc xlink:href='../elts/us-gaap-2012-01-31.xsd#us-gaap_EarningsPerShareNonrecurringCommonControlIntraEntityTransactionsDescriptionPerBasicShareAbstract' xlink:label='loc_EarningsPerShareNonrecurringCommonControlIntraEntityTransactionsDescriptionPerBasicShareAbstract' xlink:type='locator' />
<link:loc xlink:href='../elts/us-gaap-2012-01-31.xsd#us-gaap_EarningsPerShareNonrecurringCommonControlIntraEntityTransactionsDescription' xlink:label='loc_EarningsPerShareNonrecurringCommonControlIntraEntityTransactionsDescription' xlink:type='locator' />
<link:loc xlink:href='../elts/us-gaap-2012-01-31.xsd#us-gaap_EarningsPerShareNonrecurringCommonControlIntraEntityTransactionsPerBasicShareEffect' xlink:label='loc_EarningsPerShareNonrecurringCommonControlIntraEntityTransactionsPerBasicShareEffect' xlink:type='locator' />
<link:loc xlink:href='../elts/us-gaap-2012-01-31.xsd#us-gaap_ParticipatingSecuritiesDistributedAndUndistributedEarningsAbstract' xlink:label='loc_ParticipatingSecuritiesDistributedAndUndistributedEarningsAbstract' xlink:type='locator' />
<link:loc xlink:href='../elts/us-gaap-2012-01-31.xsd#us-gaap_UndistributedEarningsAllocatedToParticipatingSecurities' xlink:label='loc_UndistributedEarningsAllocatedToParticipatingSecurities' xlink:type='locator' />
<link:loc xlink:href='../elts/us-gaap-2012-01-31.xsd#us-gaap_PreferredStockDividendsAndOtherAdjustments' xlink:label='loc_PreferredStockDividendsAndOtherAdjustments' xlink:type='locator' />
<link:loc xlink:href='../elts/us-gaap-2012-01-31.xsd#us-gaap_ParticipatingSecuritiesDistributedAndUndistributedEarnings' xlink:label='loc_ParticipatingSecuritiesDistributedAndUndistributedEarnings' xlink:type='locator' />
<link:loc xlink:href='../elts/us-gaap-2012-01-31.xsd#us-gaap_ScheduleOfEarningsPerShareDilutedByCommonClassTextBlock' xlink:label='loc_ScheduleOfEarningsPerShareDilutedByCommonClassTextBlock' xlink:type='locator' />
<link:loc xlink:href='../elts/us-gaap-2012-01-31.xsd#us-gaap_ScheduleOfEarningsPerShareDilutedByCommonClassTable' xlink:label='loc_ScheduleOfEarningsPerShareDilutedByCommonClassTable' xlink:type='locator' />
<link:loc xlink:href='../elts/us-gaap-2012-01-31.xsd#us-gaap_EarningsPerShareDilutedLineItems' xlink:label='loc_EarningsPerShareDilutedLineItems' xlink:type='locator' />
<link:loc xlink:href='../elts/us-gaap-2012-01-31.xsd#us-gaap_EarningsPerShareDilutedAbstract' xlink:label='loc_EarningsPerShareDilutedAbstract' xlink:type='locator' />
<link:loc xlink:href='../elts/us-gaap-2012-01-31.xsd#us-gaap_IncomeLossBeforeExtraordinaryItemsAndCumulativeEffectOfChangeInAccountingPrinciplePerDilutedShareAbstract' xlink:label='loc_IncomeLossBeforeExtraordinaryItemsAndCumulativeEffectOfChangeInAccountingPrinciplePerDilutedShareAbstract' xlink:type='locator' />
<link:loc xlink:href='../elts/us-gaap-2012-01-31.xsd#us-gaap_IncomeLossFromContinuingOperationsPerDilutedShare' xlink:label='loc_IncomeLossFromContinuingOperationsPerDilutedShare' xlink:type='locator' />
<link:loc xlink:href='../elts/us-gaap-2012-01-31.xsd#us-gaap_IncomeLossFromDiscontinuedOperationsNetOfTaxPerDilutedShare' xlink:label='loc_IncomeLossFromDiscontinuedOperationsNetOfTaxPerDilutedShare' xlink:type='locator' />
<link:loc xlink:href='../elts/us-gaap-2012-01-31.xsd#us-gaap_IncomeLossBeforeExtraordinaryItemsAndCumulativeEffectOfChangeInAccountingPrinciplePerDilutedShare' xlink:label='loc_IncomeLossBeforeExtraordinaryItemsAndCumulativeEffectOfChangeInAccountingPrinciplePerDilutedShare' xlink:type='locator' />
<link:loc xlink:href='../elts/us-gaap-2012-01-31.xsd#us-gaap_IncomeLossFromExtraordinaryItemsNetOfTaxPerDilutedShareAbstract' xlink:label='loc_IncomeLossFromExtraordinaryItemsNetOfTaxPerDilutedShareAbstract' xlink:type='locator' />
<link:loc xlink:href='../elts/us-gaap-2012-01-31.xsd#us-gaap_IncomeLossFromExtraordinaryItemsBeforeTaxPerDilutedShare' xlink:label='loc_IncomeLossFromExtraordinaryItemsBeforeTaxPerDilutedShare' xlink:type='locator' />
<link:loc xlink:href='../elts/us-gaap-2012-01-31.xsd#us-gaap_IncomeLossFromExtraordinaryItemsTaxEffectPerDilutedShare' xlink:label='loc_IncomeLossFromExtraordinaryItemsTaxEffectPerDilutedShare' xlink:type='locator' />
<link:loc xlink:href='../elts/us-gaap-2012-01-31.xsd#us-gaap_IncomeLossFromExtraordinaryItemsNetOfTaxPerDilutedShare' xlink:label='loc_IncomeLossFromExtraordinaryItemsNetOfTaxPerDilutedShare' xlink:type='locator' />
<link:loc xlink:href='../elts/us-gaap-2012-01-31.xsd#us-gaap_EarningsPerShareDiluted' xlink:label='loc_EarningsPerShareDiluted' xlink:type='locator' />
<link:loc xlink:href='../elts/us-gaap-2012-01-31.xsd#us-gaap_EarningsPerShareDilutedTwoClassMethodAbstract' xlink:label='loc_EarningsPerShareDilutedTwoClassMethodAbstract' xlink:type='locator' />
<link:loc xlink:href='../elts/us-gaap-2012-01-31.xsd#us-gaap_UndistributedEarningsDilutedAbstract' xlink:label='loc_UndistributedEarningsDilutedAbstract' xlink:type='locator' />
<link:loc xlink:href='../elts/us-gaap-2012-01-31.xsd#us-gaap_NetIncomeLossAttributableToParentDilutedAbstract' xlink:label='loc_NetIncomeLossAttributableToParentDilutedAbstract' xlink:type='locator' />
<link:loc xlink:href='../elts/us-gaap-2012-01-31.xsd#us-gaap_InterestOnConvertibleDebtNetOfTax' xlink:label='loc_InterestOnConvertibleDebtNetOfTax' xlink:type='locator' />
<link:loc xlink:href='../elts/us-gaap-2012-01-31.xsd#us-gaap_ConvertiblePreferredDividendsNetOfTax' xlink:label='loc_ConvertiblePreferredDividendsNetOfTax' xlink:type='locator' />
<link:loc xlink:href='../elts/us-gaap-2012-01-31.xsd#us-gaap_DilutiveSecuritiesAbstract' xlink:label='loc_DilutiveSecuritiesAbstract' xlink:type='locator' />
<link:loc xlink:href='../elts/us-gaap-2012-01-31.xsd#us-gaap_AmountOfDilutiveSecuritiesStockOptionsAndRestrictiveStockUnits' xlink:label='loc_AmountOfDilutiveSecuritiesStockOptionsAndRestrictiveStockUnits' xlink:type='locator' />
<link:loc xlink:href='../elts/us-gaap-2012-01-31.xsd#us-gaap_AmountOfDilutiveSecuritiesESOPConvertiblePreferredStock' xlink:label='loc_AmountOfDilutiveSecuritiesESOPConvertiblePreferredStock' xlink:type='locator' />
<link:loc xlink:href='../elts/us-gaap-2012-01-31.xsd#us-gaap_DilutiveSecuritiesEffectOnBasicEarningsPerShareOther' xlink:label='loc_DilutiveSecuritiesEffectOnBasicEarningsPerShareOther' xlink:type='locator' />
<link:loc xlink:href='../elts/us-gaap-2012-01-31.xsd#us-gaap_DilutiveSecurities' xlink:label='loc_DilutiveSecurities' xlink:type='locator' />
<link:loc xlink:href='../elts/us-gaap-2012-01-31.xsd#us-gaap_NetIncomeLossAttributableToParentDiluted' xlink:label='loc_NetIncomeLossAttributableToParentDiluted' xlink:type='locator' />
<link:loc xlink:href='../elts/us-gaap-2012-01-31.xsd#us-gaap_UndistributedEarningsDiluted' xlink:label='loc_UndistributedEarningsDiluted' xlink:type='locator' />
<link:loc xlink:href='../elts/us-gaap-2012-01-31.xsd#us-gaap_EarningsPerShareDilutedDistributed' xlink:label='loc_EarningsPerShareDilutedDistributed' xlink:type='locator' />
<link:loc xlink:href='../elts/us-gaap-2012-01-31.xsd#us-gaap_EarningsPerShareDilutedUndistributed' xlink:label='loc_EarningsPerShareDilutedUndistributed' xlink:type='locator' />
<link:loc xlink:href='../elts/us-gaap-2012-01-31.xsd#us-gaap_EarningsPerShareNonrecurringCommonControlIntraEntityTransactionsPerDilutedShareAbstract' xlink:label='loc_EarningsPerShareNonrecurringCommonControlIntraEntityTransactionsPerDilutedShareAbstract' xlink:type='locator' />
<link:loc xlink:href='../elts/us-gaap-2012-01-31.xsd#us-gaap_EarningsPerShareNonrecurringCommonControlIntraEntityTransactionsPerDilutedShareEffect' xlink:label='loc_EarningsPerShareNonrecurringCommonControlIntraEntityTransactionsPerDilutedShareEffect' xlink:type='locator' />
<link:loc xlink:href='../elts/us-gaap-2012-01-31.xsd#us-gaap_ScheduleOfAntidilutiveSecuritiesExcludedFromComputationOfEarningsPerShareTextBlock' xlink:label='loc_ScheduleOfAntidilutiveSecuritiesExcludedFromComputationOfEarningsPerShareTextBlock' xlink:type='locator' />
<link:loc xlink:href='../elts/us-gaap-2012-01-31.xsd#us-gaap_ScheduleOfAntidilutiveSecuritiesExcludedFromComputationOfEarningsPerShareTable' xlink:label='loc_ScheduleOfAntidilutiveSecuritiesExcludedFromComputationOfEarningsPerShareTable' xlink:type='locator' />
<link:loc xlink:href='../elts/us-gaap-2012-01-31.xsd#us-gaap_AntidilutiveSecuritiesExcludedFromComputationOfEarningsPerShareByAntidilutiveSecuritiesAxis' xlink:label='loc_AntidilutiveSecuritiesExcludedFromComputationOfEarningsPerShareByAntidilutiveSecuritiesAxis' xlink:type='locator' />
<link:loc xlink:href='../elts/us-gaap-2012-01-31.xsd#us-gaap_AntidilutiveSecuritiesNameDomain' xlink:label='loc_AntidilutiveSecuritiesNameDomain' xlink:type='locator' />
<link:loc xlink:href='../elts/us-gaap-2012-01-31.xsd#us-gaap_StockCompensationPlanMember' xlink:label='loc_StockCompensationPlanMember' xlink:type='locator' />
<link:loc xlink:href='../elts/us-gaap-2012-01-31.xsd#us-gaap_ConvertibleDebtSecuritiesMember' xlink:label='loc_ConvertibleDebtSecuritiesMember' xlink:type='locator' />
<link:loc xlink:href='../elts/us-gaap-2012-01-31.xsd#us-gaap_StockOptionsMember' xlink:label='loc_StockOptionsMember' xlink:type='locator' />
<link:loc xlink:href='../elts/us-gaap-2012-01-31.xsd#us-gaap_WarrantMember' xlink:label='loc_WarrantMember' xlink:type='locator' />
<link:loc xlink:href='../elts/us-gaap-2012-01-31.xsd#us-gaap_OutstandingStockAwardsMember' xlink:label='loc_OutstandingStockAwardsMember' xlink:type='locator' />
<link:loc xlink:href='../elts/us-gaap-2012-01-31.xsd#us-gaap_RestrictedStockMember' xlink:label='loc_RestrictedStockMember' xlink:type='locator' />
<link:loc xlink:href='../elts/us-gaap-2012-01-31.xsd#us-gaap_ContingentlyIssuableSharesMember' xlink:label='loc_ContingentlyIssuableSharesMember' xlink:type='locator' />
<link:loc xlink:href='../elts/us-gaap-2012-01-31.xsd#us-gaap_EquityUnitPurchaseAgreementsMember' xlink:label='loc_EquityUnitPurchaseAgreementsMember' xlink:type='locator' />
<link:loc xlink:href='../elts/us-gaap-2012-01-31.xsd#us-gaap_EquityForwardAgreementsMember' xlink:label='loc_EquityForwardAgreementsMember' xlink:type='locator' />
<link:loc xlink:href='../elts/us-gaap-2012-01-31.xsd#us-gaap_AntidilutiveSecuritiesExcludedFromComputationOfEarningsPerShareLineItems' xlink:label='loc_AntidilutiveSecuritiesExcludedFromComputationOfEarningsPerShareLineItems' xlink:type='locator' />
<link:loc xlink:href='../elts/us-gaap-2012-01-31.xsd#us-gaap_AntidilutiveSecuritiesExcludedFromComputationOfEarningsPerShareAmount' xlink:label='loc_AntidilutiveSecuritiesExcludedFromComputationOfEarningsPerShareAmount' xlink:type='locator' />
<link:loc xlink:href='../elts/us-gaap-2012-01-31.xsd#us-gaap_EarningsPerShareReconciliationAbstract' xlink:label='loc_EarningsPerShareReconciliationAbstract' xlink:type='locator' />
<link:loc xlink:href='../elts/us-gaap-2012-01-31.xsd#us-gaap_EarningsPerShareReconciliationDisclosure' xlink:label='loc_EarningsPerShareReconciliationDisclosure' xlink:type='locator' />
<link:loc xlink:href='../elts/us-gaap-2012-01-31.xsd#us-gaap_NetIncomeLossAvailableToCommonStockholdersDilutedAbstract' xlink:label='loc_NetIncomeLossAvailableToCommonStockholdersDilutedAbstract' xlink:type='locator' />
<link:loc xlink:href='../elts/us-gaap-2012-01-31.xsd#us-gaap_NetIncomeLossAvailableToCommonStockholdersBasicAbstract' xlink:label='loc_NetIncomeLossAvailableToCommonStockholdersBasicAbstract' xlink:type='locator' />
<link:loc xlink:href='../elts/us-gaap-2012-01-31.xsd#us-gaap_PreferredStockDividendsAndOtherAdjustmentsAbstract' xlink:label='loc_PreferredStockDividendsAndOtherAdjustmentsAbstract' xlink:type='locator' />
<link:loc xlink:href='../elts/us-gaap-2012-01-31.xsd#us-gaap_PreferredStockDividendsIncomeStatementImpact' xlink:label='loc_PreferredStockDividendsIncomeStatementImpact' xlink:type='locator' />
<link:loc xlink:href='../elts/us-gaap-2012-01-31.xsd#us-gaap_RedeemablePreferredStockDividends' xlink:label='loc_RedeemablePreferredStockDividends' xlink:type='locator' />
<link:loc xlink:href='../elts/us-gaap-2012-01-31.xsd#us-gaap_ConvertiblePreferredStockConvertedToOtherSecurities' xlink:label='loc_ConvertiblePreferredStockConvertedToOtherSecurities' xlink:type='locator' />
<link:loc xlink:href='../elts/us-gaap-2012-01-31.xsd#us-gaap_PreferredStockRedemptionPremium' xlink:label='loc_PreferredStockRedemptionPremium' xlink:type='locator' />
<link:loc xlink:href='../elts/us-gaap-2012-01-31.xsd#us-gaap_PreferredStockRedemptionDiscount' xlink:label='loc_PreferredStockRedemptionDiscount' xlink:type='locator' />
<link:loc xlink:href='../elts/us-gaap-2012-01-31.xsd#us-gaap_PreferredStockConversionsInducements' xlink:label='loc_PreferredStockConversionsInducements' xlink:type='locator' />
<link:loc xlink:href='../elts/us-gaap-2012-01-31.xsd#us-gaap_TemporaryEquityDividendsAdjustment' xlink:label='loc_TemporaryEquityDividendsAdjustment' xlink:type='locator' />
<link:loc xlink:href='../elts/us-gaap-2012-01-31.xsd#us-gaap_TemporaryEquityAccretionToRedemptionValueAdjustment' xlink:label='loc_TemporaryEquityAccretionToRedemptionValueAdjustment' xlink:type='locator' />
<link:loc xlink:href='../elts/us-gaap-2012-01-31.xsd#us-gaap_GeneralPartnerDistributions' xlink:label='loc_GeneralPartnerDistributions' xlink:type='locator' />
<link:loc xlink:href='../elts/us-gaap-2012-01-31.xsd#us-gaap_OtherPreferredStockDividendsAndAdjustments' xlink:label='loc_OtherPreferredStockDividendsAndAdjustments' xlink:type='locator' />
<link:loc xlink:href='../elts/us-gaap-2012-01-31.xsd#us-gaap_NetIncomeLossAvailableToCommonStockholdersBasic' xlink:label='loc_NetIncomeLossAvailableToCommonStockholdersBasic' xlink:type='locator' />
<link:loc xlink:href='../elts/us-gaap-2012-01-31.xsd#us-gaap_NetIncomeLossAvailableToCommonStockholdersDiluted' xlink:label='loc_NetIncomeLossAvailableToCommonStockholdersDiluted' xlink:type='locator' />
<link:loc xlink:href='../elts/us-gaap-2012-01-31.xsd#us-gaap_EarningsPerShareProFormaAbstract' xlink:label='loc_EarningsPerShareProFormaAbstract' xlink:type='locator' />
<link:loc xlink:href='../elts/us-gaap-2012-01-31.xsd#us-gaap_WeightedAverageNumberBasicSharesOutstandingAdjustmentProForma' xlink:label='loc_WeightedAverageNumberBasicSharesOutstandingAdjustmentProForma' xlink:type='locator' />
<link:loc xlink:href='../elts/us-gaap-2012-01-31.xsd#us-gaap_BasicEarningsPerShareProForma' xlink:label='loc_BasicEarningsPerShareProForma' xlink:type='locator' />
<link:loc xlink:href='../elts/us-gaap-2012-01-31.xsd#us-gaap_WeightedAverageBasicSharesOutstandingProForma' xlink:label='loc_WeightedAverageBasicSharesOutstandingProForma' xlink:type='locator' />
<link:loc xlink:href='../elts/us-gaap-2012-01-31.xsd#us-gaap_BasicEarningsPerShareAdjustmentProForma' xlink:label='loc_BasicEarningsPerShareAdjustmentProForma' xlink:type='locator' />
<link:loc xlink:href='../elts/us-gaap-2012-01-31.xsd#us-gaap_DilutedEarningsPerShareProForma' xlink:label='loc_DilutedEarningsPerShareProForma' xlink:type='locator' />
<link:loc xlink:href='../elts/us-gaap-2012-01-31.xsd#us-gaap_ProFormaWeightedAverageSharesOutstandingDiluted' xlink:label='loc_ProFormaWeightedAverageSharesOutstandingDiluted' xlink:type='locator' />
<link:loc xlink:href='../elts/us-gaap-2012-01-31.xsd#us-gaap_EarningsPerShareDilutedProFormaAdjustment' xlink:label='loc_EarningsPerShareDilutedProFormaAdjustment' xlink:type='locator' />
<link:loc xlink:href='../elts/us-gaap-2012-01-31.xsd#us-gaap_ImpactOfRestatementOnEarningsPerShareAbstract' xlink:label='loc_ImpactOfRestatementOnEarningsPerShareAbstract' xlink:type='locator' />
<link:loc xlink:href='../elts/us-gaap-2012-01-31.xsd#us-gaap_ImpactOfRestatementOnEarningsPerShareBasic' xlink:label='loc_ImpactOfRestatementOnEarningsPerShareBasic' xlink:type='locator' />
<link:loc xlink:href='../elts/us-gaap-2012-01-31.xsd#us-gaap_ImpactOfRestatementOnEarningsPerShareDiluted' xlink:label='loc_ImpactOfRestatementOnEarningsPerShareDiluted' xlink:type='locator' />
<link:loc xlink:href='../elts/us-gaap-2012-01-31.xsd#us-gaap_WeightedAverageNumberOfSharesOutstandingDilutedDisclosureItemsAbstract' xlink:label='loc_WeightedAverageNumberOfSharesOutstandingDilutedDisclosureItemsAbstract' xlink:type='locator' />
<link:loc xlink:href='../elts/us-gaap-2012-01-31.xsd#us-gaap_WeightedAverageNumberOfSharesOutstandingAbstract' xlink:label='loc_WeightedAverageNumberOfSharesOutstandingAbstract' xlink:type='locator' />
<link:loc xlink:href='../elts/us-gaap-2012-01-31.xsd#us-gaap_WeightedAverageNumberOfSharesOutstandingBasicAbstract' xlink:label='loc_WeightedAverageNumberOfSharesOutstandingBasicAbstract' xlink:type='locator' />
<link:loc xlink:href='../elts/us-gaap-2012-01-31.xsd#us-gaap_WeightedAverageNumberOfSharesIssuedBasic' xlink:label='loc_WeightedAverageNumberOfSharesIssuedBasic' xlink:type='locator' />
<link:loc xlink:href='../elts/us-gaap-2012-01-31.xsd#us-gaap_WeightedAverageNumberOfSharesContingentlyIssuable' xlink:label='loc_WeightedAverageNumberOfSharesContingentlyIssuable' xlink:type='locator' />
<link:loc xlink:href='../elts/us-gaap-2012-01-31.xsd#us-gaap_WeightedAverageNumberOfSharesTreasuryStock' xlink:label='loc_WeightedAverageNumberOfSharesTreasuryStock' xlink:type='locator' />
<link:loc xlink:href='../elts/us-gaap-2012-01-31.xsd#us-gaap_WeightedAverageNumberOfSharesCommonStockSubjectToRepurchaseOrCancellation' xlink:label='loc_WeightedAverageNumberOfSharesCommonStockSubjectToRepurchaseOrCancellation' xlink:type='locator' />
<link:loc xlink:href='../elts/us-gaap-2012-01-31.xsd#us-gaap_WeightedAverageNumberOfSharesRestrictedStock' xlink:label='loc_WeightedAverageNumberOfSharesRestrictedStock' xlink:type='locator' />
<link:loc xlink:href='../elts/us-gaap-2012-01-31.xsd#us-gaap_WeightedAverageNumberOfSharesEmployeeStockOwnershipPlanSharesNotCommittedToBeReleased' xlink:label='loc_WeightedAverageNumberOfSharesEmployeeStockOwnershipPlanSharesNotCommittedToBeReleased' xlink:type='locator' />
<link:loc xlink:href='../elts/us-gaap-2012-01-31.xsd#us-gaap_WeightedAverageNumberOfSharesOutstandingBasic' xlink:label='loc_WeightedAverageNumberOfSharesOutstandingBasic' xlink:type='locator' />
<link:loc xlink:href='../elts/us-gaap-2012-01-31.xsd#us-gaap_WeightedAverageNumberDilutedSharesOutstandingAdjustmentAbstract' xlink:label='loc_WeightedAverageNumberDilutedSharesOutstandingAdjustmentAbstract' xlink:type='locator' />
<link:loc xlink:href='../elts/us-gaap-2012-01-31.xsd#us-gaap_IncrementalCommonSharesAttributableToShareBasedPaymentArrangements' xlink:label='loc_IncrementalCommonSharesAttributableToShareBasedPaymentArrangements' xlink:type='locator' />
<link:loc xlink:href='../elts/us-gaap-2012-01-31.xsd#us-gaap_IncrementalCommonSharesAttributableToConversionOfDebtSecurities' xlink:label='loc_IncrementalCommonSharesAttributableToConversionOfDebtSecurities' xlink:type='locator' />
<link:loc xlink:href='../elts/us-gaap-2012-01-31.xsd#us-gaap_IncrementalCommonSharesAttributableToConversionOfPreferredStock' xlink:label='loc_IncrementalCommonSharesAttributableToConversionOfPreferredStock' xlink:type='locator' />
<link:loc xlink:href='../elts/us-gaap-2012-01-31.xsd#us-gaap_IncrementalCommonSharesAttributableToCallOptionsAndWarrants' xlink:label='loc_IncrementalCommonSharesAttributableToCallOptionsAndWarrants' xlink:type='locator' />
<link:loc xlink:href='../elts/us-gaap-2012-01-31.xsd#us-gaap_IncrementalCommonSharesAttributableToAcceleratedShareRepurchaseAgreements' xlink:label='loc_IncrementalCommonSharesAttributableToAcceleratedShareRepurchaseAgreements' xlink:type='locator' />
<link:loc xlink:href='../elts/us-gaap-2012-01-31.xsd#us-gaap_IncrementalCommonSharesAttributableToContingentlyIssuableShares' xlink:label='loc_IncrementalCommonSharesAttributableToContingentlyIssuableShares' xlink:type='locator' />
<link:loc xlink:href='../elts/us-gaap-2012-01-31.xsd#us-gaap_IncrementalCommonSharesAttributableToEquityUnitPurchaseAgreements' xlink:label='loc_IncrementalCommonSharesAttributableToEquityUnitPurchaseAgreements' xlink:type='locator' />
<link:loc xlink:href='../elts/us-gaap-2012-01-31.xsd#us-gaap_IncrementalCommonSharesAttributableToWrittenPutOptions' xlink:label='loc_IncrementalCommonSharesAttributableToWrittenPutOptions' xlink:type='locator' />
<link:loc xlink:href='../elts/us-gaap-2012-01-31.xsd#us-gaap_IncrementalCommonSharesAttributableToEquityForwardAgreements' xlink:label='loc_IncrementalCommonSharesAttributableToEquityForwardAgreements' xlink:type='locator' />
<link:loc xlink:href='../elts/us-gaap-2012-01-31.xsd#us-gaap_IncrementalCommonSharesAttributableToNonvestedSharesWithForfeitableDividends' xlink:label='loc_IncrementalCommonSharesAttributableToNonvestedSharesWithForfeitableDividends' xlink:type='locator' />
<link:loc xlink:href='../elts/us-gaap-2012-01-31.xsd#us-gaap_WeightedAverageNumberDilutedSharesOutstandingAdjustment' xlink:label='loc_WeightedAverageNumberDilutedSharesOutstandingAdjustment' xlink:type='locator' />
<link:loc xlink:href='../elts/us-gaap-2012-01-31.xsd#us-gaap_WeightedAverageNumberOfDilutedSharesOutstanding' xlink:label='loc_WeightedAverageNumberOfDilutedSharesOutstanding' xlink:type='locator' />
<link:loc xlink:href='../elts/us-gaap-2012-01-31.xsd#us-gaap_IncrementalCommonSharesAttributableToParticipatingNonvestedSharesWithNonForfeitableDividendRights' xlink:label='loc_IncrementalCommonSharesAttributableToParticipatingNonvestedSharesWithNonForfeitableDividendRights' xlink:type='locator' />
<link:loc xlink:href='../elts/us-gaap-2012-01-31.xsd#us-gaap_TableTextBlockSupplementAbstract' xlink:label='loc_TableTextBlockSupplementAbstract' xlink:type='locator' />
<link:loc xlink:href='../elts/us-gaap-2012-01-31.xsd#us-gaap_ScheduleOfCalculationOfNumeratorAndDenominatorInEarningsPerShareTableTextBlock' xlink:label='loc_ScheduleOfCalculationOfNumeratorAndDenominatorInEarningsPerShareTableTextBlock' xlink:type='locator' />
<link:loc xlink:href='../elts/us-gaap-2012-01-31.xsd#us-gaap_ScheduleOfEarningsPerShareReconciliationTableTextBlock' xlink:label='loc_ScheduleOfEarningsPerShareReconciliationTableTextBlock' xlink:type='locator' />
<link:loc xlink:href='../elts/us-gaap-2012-01-31.xsd#us-gaap_ScheduleOfWeightedAverageNumberOfSharesTableTextBlock' xlink:label='loc_ScheduleOfWeightedAverageNumberOfSharesTableTextBlock' xlink:type='locator' />
<link:loc xlink:href='../elts/us-gaap-2012-01-31.xsd#us-gaap_ScheduleOfEarningsPerShareBasicAndDilutedTableTextBlock' xlink:label='loc_ScheduleOfEarningsPerShareBasicAndDilutedTableTextBlock' xlink:type='locator' />
<link:presentationArc order='10' xlink:arcrole='http://www.xbrl.org/2003/arcrole/parent-child' xlink:from='loc_EarningsPerShareAbstract' xlink:to='loc_EarningsPerShareTextBlock' xlink:type='arc' />
<link:presentationArc order='10' xlink:arcrole='http://www.xbrl.org/2003/arcrole/parent-child' xlink:from='loc_EarningsPerShareTextBlock' xlink:to='loc_ScheduleOfEarningsPerShareBasicByCommonClassTextBlock' xlink:type='arc' />
<link:presentationArc order='10' xlink:arcrole='http://www.xbrl.org/2003/arcrole/parent-child' xlink:from='loc_ScheduleOfEarningsPerShareBasicByCommonClassTextBlock' xlink:to='loc_ScheduleOfEarningsPerShareBasicByCommonClassTable' xlink:type='arc' />
<link:presentationArc order='10' xlink:arcrole='http://www.xbrl.org/2003/arcrole/parent-child' xlink:from='loc_ScheduleOfEarningsPerShareBasicByCommonClassTable' xlink:to='loc_StatementClassOfStockAxis' xlink:type='arc' />
<link:presentationArc order='10' xlink:arcrole='http://www.xbrl.org/2003/arcrole/parent-child' xlink:from='loc_StatementClassOfStockAxis' xlink:to='loc_ClassOfStockDomain' xlink:type='arc' />
<link:presentationArc order='10' xlink:arcrole='http://www.xbrl.org/2003/arcrole/parent-child' xlink:from='loc_ClassOfStockDomain' xlink:to='loc_CommonClassAMember' xlink:type='arc' />
<link:presentationArc order='20' xlink:arcrole='http://www.xbrl.org/2003/arcrole/parent-child' xlink:from='loc_ClassOfStockDomain' xlink:to='loc_CommonClassBMember' xlink:type='arc' />
<link:presentationArc order='30' xlink:arcrole='http://www.xbrl.org/2003/arcrole/parent-child' xlink:from='loc_ClassOfStockDomain' xlink:to='loc_CommonClassCMember' xlink:type='arc' />
<link:presentationArc order='40' xlink:arcrole='http://www.xbrl.org/2003/arcrole/parent-child' xlink:from='loc_ClassOfStockDomain' xlink:to='loc_NonvotingCommonStockMember' xlink:type='arc' />
<link:presentationArc order='50' xlink:arcrole='http://www.xbrl.org/2003/arcrole/parent-child' xlink:from='loc_ClassOfStockDomain' xlink:to='loc_ConvertibleCommonStockMember' xlink:type='arc' />
<link:presentationArc order='60' xlink:arcrole='http://www.xbrl.org/2003/arcrole/parent-child' xlink:from='loc_ClassOfStockDomain' xlink:to='loc_CumulativePreferredStockMember' xlink:type='arc' />
<link:presentationArc order='70' xlink:arcrole='http://www.xbrl.org/2003/arcrole/parent-child' xlink:from='loc_ClassOfStockDomain' xlink:to='loc_NoncumulativePreferredStockMember' xlink:type='arc' />
<link:presentationArc order='80' xlink:arcrole='http://www.xbrl.org/2003/arcrole/parent-child' xlink:from='loc_ClassOfStockDomain' xlink:to='loc_RedeemablePreferredStockMember' xlink:type='arc' />
<link:presentationArc order='90' xlink:arcrole='http://www.xbrl.org/2003/arcrole/parent-child' xlink:from='loc_ClassOfStockDomain' xlink:to='loc_NonredeemablePreferredStockMember' xlink:type='arc' />
<link:presentationArc order='100' xlink:arcrole='http://www.xbrl.org/2003/arcrole/parent-child' xlink:from='loc_ClassOfStockDomain' xlink:to='loc_ConvertiblePreferredStockMember' xlink:type='arc' />
<link:presentationArc order='10' xlink:arcrole='http://www.xbrl.org/2003/arcrole/parent-child' xlink:from='loc_ConvertiblePreferredStockMember' xlink:to='loc_NonredeemableConvertiblePreferredStockMember' xlink:type='arc' />
<link:presentationArc order='20' xlink:arcrole='http://www.xbrl.org/2003/arcrole/parent-child' xlink:from='loc_ConvertiblePreferredStockMember' xlink:to='loc_RedeemableConvertiblePreferredStockMember' xlink:type='arc' />
<link:presentationArc order='30' xlink:arcrole='http://www.xbrl.org/2003/arcrole/parent-child' xlink:from='loc_ConvertiblePreferredStockMember' xlink:to='loc_ContingentConvertiblePreferredStockMember' xlink:type='arc' />
<link:presentationArc order='110' xlink:arcrole='http://www.xbrl.org/2003/arcrole/parent-child' xlink:from='loc_ClassOfStockDomain' xlink:to='loc_PreferredClassAMember' xlink:type='arc' />
<link:presentationArc order='120' xlink:arcrole='http://www.xbrl.org/2003/arcrole/parent-child' xlink:from='loc_ClassOfStockDomain' xlink:to='loc_PreferredClassBMember' xlink:type='arc' />
<link:presentationArc order='130' xlink:arcrole='http://www.xbrl.org/2003/arcrole/parent-child' xlink:from='loc_ClassOfStockDomain' xlink:to='loc_SeriesAPreferredStockMember' xlink:type='arc' />
<link:presentationArc order='140' xlink:arcrole='http://www.xbrl.org/2003/arcrole/parent-child' xlink:from='loc_ClassOfStockDomain' xlink:to='loc_SeriesBPreferredStockMember' xlink:type='arc' />
<link:presentationArc order='150' xlink:arcrole='http://www.xbrl.org/2003/arcrole/parent-child' xlink:from='loc_ClassOfStockDomain' xlink:to='loc_SeriesCPreferredStockMember' xlink:type='arc' />
<link:presentationArc order='160' xlink:arcrole='http://www.xbrl.org/2003/arcrole/parent-child' xlink:from='loc_ClassOfStockDomain' xlink:to='loc_SeriesDPreferredStockMember' xlink:type='arc' />
<link:presentationArc order='170' xlink:arcrole='http://www.xbrl.org/2003/arcrole/parent-child' xlink:from='loc_ClassOfStockDomain' xlink:to='loc_SeriesEPreferredStockMember' xlink:type='arc' />
<link:presentationArc order='180' xlink:arcrole='http://www.xbrl.org/2003/arcrole/parent-child' xlink:from='loc_ClassOfStockDomain' xlink:to='loc_SeriesFPreferredStockMember' xlink:type='arc' />
<link:presentationArc order='190' xlink:arcrole='http://www.xbrl.org/2003/arcrole/parent-child' xlink:from='loc_ClassOfStockDomain' xlink:to='loc_SeriesGPreferredStockMember' xlink:type='arc' />
<link:presentationArc order='200' xlink:arcrole='http://www.xbrl.org/2003/arcrole/parent-child' xlink:from='loc_ClassOfStockDomain' xlink:to='loc_SeriesHPreferredStockMember' xlink:type='arc' />
<link:presentationArc order='20' xlink:arcrole='http://www.xbrl.org/2003/arcrole/parent-child' xlink:from='loc_ScheduleOfEarningsPerShareBasicByCommonClassTable' xlink:to='loc_EarningsPerShareBasicLineItems' xlink:type='arc' />
<link:presentationArc order='10' xlink:arcrole='http://www.xbrl.org/2003/arcrole/parent-child' xlink:from='loc_EarningsPerShareBasicLineItems' xlink:to='loc_EarningsPerShareBasicAbstract' xlink:type='arc' />
<link:presentationArc order='10' xlink:arcrole='http://www.xbrl.org/2003/arcrole/parent-child' xlink:from='loc_EarningsPerShareBasicAbstract' xlink:to='loc_IncomeLossBeforeExtraordinaryItemsAndCumulativeEffectOfChangeInAccountingPrinciplePerBasicShareAbstract' xlink:type='arc' />
<link:presentationArc order='10' xlink:arcrole='http://www.xbrl.org/2003/arcrole/parent-child' xlink:from='loc_IncomeLossBeforeExtraordinaryItemsAndCumulativeEffectOfChangeInAccountingPrinciplePerBasicShareAbstract' xlink:to='loc_IncomeLossFromContinuingOperationsPerBasicShare' xlink:type='arc' />
<link:presentationArc order='20' xlink:arcrole='http://www.xbrl.org/2003/arcrole/parent-child' xlink:from='loc_IncomeLossBeforeExtraordinaryItemsAndCumulativeEffectOfChangeInAccountingPrinciplePerBasicShareAbstract' xlink:to='loc_IncomeLossFromDiscontinuedOperationsNetOfTaxPerBasicShare' xlink:type='arc' />
<link:presentationArc order='30' preferredLabel='http://www.xbrl.org/2003/role/totalLabel' xlink:arcrole='http://www.xbrl.org/2003/arcrole/parent-child' xlink:from='loc_IncomeLossBeforeExtraordinaryItemsAndCumulativeEffectOfChangeInAccountingPrinciplePerBasicShareAbstract' xlink:to='loc_IncomeLossBeforeExtraordinaryItemsAndCumulativeEffectOfChangeInAccountingPrinciplePerBasicShare' xlink:type='arc' />
<link:presentationArc order='20' xlink:arcrole='http://www.xbrl.org/2003/arcrole/parent-child' xlink:from='loc_EarningsPerShareBasicAbstract' xlink:to='loc_IncomeLossFromExtraordinaryItemsNetOfTaxPerBasicShareAbstract' xlink:type='arc' />
<link:presentationArc order='10' xlink:arcrole='http://www.xbrl.org/2003/arcrole/parent-child' xlink:from='loc_IncomeLossFromExtraordinaryItemsNetOfTaxPerBasicShareAbstract' xlink:to='loc_IncomeLossFromExtraordinaryItemsBeforeTaxPerBasicShare' xlink:type='arc' />
<link:presentationArc order='20' xlink:arcrole='http://www.xbrl.org/2003/arcrole/parent-child' xlink:from='loc_IncomeLossFromExtraordinaryItemsNetOfTaxPerBasicShareAbstract' xlink:to='loc_IncomeLossFromExtraordinaryItemsTaxEffectPerBasicShare' xlink:type='arc' />
<link:presentationArc order='30' preferredLabel='http://www.xbrl.org/2003/role/totalLabel' xlink:arcrole='http://www.xbrl.org/2003/arcrole/parent-child' xlink:from='loc_IncomeLossFromExtraordinaryItemsNetOfTaxPerBasicShareAbstract' xlink:to='loc_IncomeLossFromExtraordinaryItemsNetOfTaxPerBasicShare' xlink:type='arc' />
<link:presentationArc order='30' preferredLabel='http://www.xbrl.org/2003/role/totalLabel' xlink:arcrole='http://www.xbrl.org/2003/arcrole/parent-child' xlink:from='loc_EarningsPerShareBasicAbstract' xlink:to='loc_EarningsPerShareBasic' xlink:type='arc' />
<link:presentationArc order='20' xlink:arcrole='http://www.xbrl.org/2003/arcrole/parent-child' xlink:from='loc_EarningsPerShareBasicLineItems' xlink:to='loc_EarningsPerShareBasicTwoClassMethodAbstract' xlink:type='arc' />
<link:presentationArc order='10' xlink:arcrole='http://www.xbrl.org/2003/arcrole/parent-child' xlink:from='loc_EarningsPerShareBasicTwoClassMethodAbstract' xlink:to='loc_UndistributedEarningsAbstract' xlink:type='arc' />
<link:presentationArc order='10' xlink:arcrole='http://www.xbrl.org/2003/arcrole/parent-child' xlink:from='loc_UndistributedEarningsAbstract' xlink:to='loc_NetIncomeLossAbstract' xlink:type='arc' />
<link:presentationArc order='10' xlink:arcrole='http://www.xbrl.org/2003/arcrole/parent-child' xlink:from='loc_NetIncomeLossAbstract' xlink:to='loc_IncomeLossFromContinuingOperations' xlink:type='arc' />
<link:presentationArc order='20' xlink:arcrole='http://www.xbrl.org/2003/arcrole/parent-child' xlink:from='loc_NetIncomeLossAbstract' xlink:to='loc_IncomeLossFromDiscontinuedOperationsNetOfTaxAttributableToReportingEntity' xlink:type='arc' />
<link:presentationArc order='30' xlink:arcrole='http://www.xbrl.org/2003/arcrole/parent-child' xlink:from='loc_NetIncomeLossAbstract' xlink:to='loc_ExtraordinaryItemGainOrLossNetOfTaxAttributableToReportingEntity' xlink:type='arc' />
<link:presentationArc order='40' preferredLabel='http://www.xbrl.org/2003/role/totalLabel' xlink:arcrole='http://www.xbrl.org/2003/arcrole/parent-child' xlink:from='loc_NetIncomeLossAbstract' xlink:to='loc_NetIncomeLoss' xlink:type='arc' />
<link:presentationArc order='20' xlink:arcrole='http://www.xbrl.org/2003/arcrole/parent-child' xlink:from='loc_UndistributedEarningsAbstract' xlink:to='loc_DistributedEarningsAbstract' xlink:type='arc' />
<link:presentationArc order='10' xlink:arcrole='http://www.xbrl.org/2003/arcrole/parent-child' xlink:from='loc_DistributedEarningsAbstract' xlink:to='loc_Dividends' xlink:type='arc' />
<link:presentationArc order='20' xlink:arcrole='http://www.xbrl.org/2003/arcrole/parent-child' xlink:from='loc_DistributedEarningsAbstract' xlink:to='loc_DividendsAndInterestPaid' xlink:type='arc' />
<link:presentationArc order='30' preferredLabel='http://www.xbrl.org/2003/role/totalLabel' xlink:arcrole='http://www.xbrl.org/2003/arcrole/parent-child' xlink:from='loc_DistributedEarningsAbstract' xlink:to='loc_DistributedEarnings' xlink:type='arc' />
<link:presentationArc order='30' preferredLabel='http://www.xbrl.org/2003/role/totalLabel' xlink:arcrole='http://www.xbrl.org/2003/arcrole/parent-child' xlink:from='loc_UndistributedEarningsAbstract' xlink:to='loc_UndistributedEarnings' xlink:type='arc' />
<link:presentationArc order='20' xlink:arcrole='http://www.xbrl.org/2003/arcrole/parent-child' xlink:from='loc_EarningsPerShareBasicTwoClassMethodAbstract' xlink:to='loc_EarningsPerShareBasicDistributed' xlink:type='arc' />
<link:presentationArc order='30' xlink:arcrole='http://www.xbrl.org/2003/arcrole/parent-child' xlink:from='loc_EarningsPerShareBasicTwoClassMethodAbstract' xlink:to='loc_EarningsPerShareBasicUndistributed' xlink:type='arc' />
<link:presentationArc order='30' xlink:arcrole='http://www.xbrl.org/2003/arcrole/parent-child' xlink:from='loc_EarningsPerShareBasicLineItems' xlink:to='loc_EarningsPerShareNonrecurringCommonControlIntraEntityTransactionsDescriptionPerBasicShareAbstract' xlink:type='arc' />
<link:presentationArc order='10' xlink:arcrole='http://www.xbrl.org/2003/arcrole/parent-child' xlink:from='loc_EarningsPerShareNonrecurringCommonControlIntraEntityTransactionsDescriptionPerBasicShareAbstract' xlink:to='loc_EarningsPerShareNonrecurringCommonControlIntraEntityTransactionsDescription' xlink:type='arc' />
<link:presentationArc order='20' xlink:arcrole='http://www.xbrl.org/2003/arcrole/parent-child' xlink:from='loc_EarningsPerShareNonrecurringCommonControlIntraEntityTransactionsDescriptionPerBasicShareAbstract' xlink:to='loc_EarningsPerShareNonrecurringCommonControlIntraEntityTransactionsPerBasicShareEffect' xlink:type='arc' />
<link:presentationArc order='40' xlink:arcrole='http://www.xbrl.org/2003/arcrole/parent-child' xlink:from='loc_EarningsPerShareBasicLineItems' xlink:to='loc_ParticipatingSecuritiesDistributedAndUndistributedEarningsAbstract' xlink:type='arc' />
<link:presentationArc order='10' xlink:arcrole='http://www.xbrl.org/2003/arcrole/parent-child' xlink:from='loc_ParticipatingSecuritiesDistributedAndUndistributedEarningsAbstract' xlink:to='loc_UndistributedEarningsAllocatedToParticipatingSecurities' xlink:type='arc' />
<link:presentationArc order='20' xlink:arcrole='http://www.xbrl.org/2003/arcrole/parent-child' xlink:from='loc_ParticipatingSecuritiesDistributedAndUndistributedEarningsAbstract' xlink:to='loc_PreferredStockDividendsAndOtherAdjustments' xlink:type='arc' />
<link:presentationArc order='30' preferredLabel='http://www.xbrl.org/2003/role/totalLabel' xlink:arcrole='http://www.xbrl.org/2003/arcrole/parent-child' xlink:from='loc_ParticipatingSecuritiesDistributedAndUndistributedEarningsAbstract' xlink:to='loc_ParticipatingSecuritiesDistributedAndUndistributedEarnings' xlink:type='arc' />
<link:presentationArc order='20' xlink:arcrole='http://www.xbrl.org/2003/arcrole/parent-child' xlink:from='loc_EarningsPerShareTextBlock' xlink:to='loc_ScheduleOfEarningsPerShareDilutedByCommonClassTextBlock' xlink:type='arc' />
<link:presentationArc order='10' xlink:arcrole='http://www.xbrl.org/2003/arcrole/parent-child' xlink:from='loc_ScheduleOfEarningsPerShareDilutedByCommonClassTextBlock' xlink:to='loc_ScheduleOfEarningsPerShareDilutedByCommonClassTable' xlink:type='arc' />
<link:presentationArc order='10' xlink:arcrole='http://www.xbrl.org/2003/arcrole/parent-child' xlink:from='loc_ScheduleOfEarningsPerShareDilutedByCommonClassTable' xlink:to='loc_StatementClassOfStockAxis' xlink:type='arc' />
<link:presentationArc order='20' xlink:arcrole='http://www.xbrl.org/2003/arcrole/parent-child' xlink:from='loc_ScheduleOfEarningsPerShareDilutedByCommonClassTable' xlink:to='loc_EarningsPerShareDilutedLineItems' xlink:type='arc' />
<link:presentationArc order='10' xlink:arcrole='http://www.xbrl.org/2003/arcrole/parent-child' xlink:from='loc_EarningsPerShareDilutedLineItems' xlink:to='loc_EarningsPerShareDilutedAbstract' xlink:type='arc' />
<link:presentationArc order='10' xlink:arcrole='http://www.xbrl.org/2003/arcrole/parent-child' xlink:from='loc_EarningsPerShareDilutedAbstract' xlink:to='loc_IncomeLossBeforeExtraordinaryItemsAndCumulativeEffectOfChangeInAccountingPrinciplePerDilutedShareAbstract' xlink:type='arc' />
<link:presentationArc order='10' xlink:arcrole='http://www.xbrl.org/2003/arcrole/parent-child' xlink:from='loc_IncomeLossBeforeExtraordinaryItemsAndCumulativeEffectOfChangeInAccountingPrinciplePerDilutedShareAbstract' xlink:to='loc_IncomeLossFromContinuingOperationsPerDilutedShare' xlink:type='arc' />
<link:presentationArc order='20' xlink:arcrole='http://www.xbrl.org/2003/arcrole/parent-child' xlink:from='loc_IncomeLossBeforeExtraordinaryItemsAndCumulativeEffectOfChangeInAccountingPrinciplePerDilutedShareAbstract' xlink:to='loc_IncomeLossFromDiscontinuedOperationsNetOfTaxPerDilutedShare' xlink:type='arc' />
<link:presentationArc order='30' preferredLabel='http://www.xbrl.org/2003/role/totalLabel' xlink:arcrole='http://www.xbrl.org/2003/arcrole/parent-child' xlink:from='loc_IncomeLossBeforeExtraordinaryItemsAndCumulativeEffectOfChangeInAccountingPrinciplePerDilutedShareAbstract' xlink:to='loc_IncomeLossBeforeExtraordinaryItemsAndCumulativeEffectOfChangeInAccountingPrinciplePerDilutedShare' xlink:type='arc' />
<link:presentationArc order='20' xlink:arcrole='http://www.xbrl.org/2003/arcrole/parent-child' xlink:from='loc_EarningsPerShareDilutedAbstract' xlink:to='loc_IncomeLossFromExtraordinaryItemsNetOfTaxPerDilutedShareAbstract' xlink:type='arc' />
<link:presentationArc order='10' xlink:arcrole='http://www.xbrl.org/2003/arcrole/parent-child' xlink:from='loc_IncomeLossFromExtraordinaryItemsNetOfTaxPerDilutedShareAbstract' xlink:to='loc_IncomeLossFromExtraordinaryItemsBeforeTaxPerDilutedShare' xlink:type='arc' />
<link:presentationArc order='20' xlink:arcrole='http://www.xbrl.org/2003/arcrole/parent-child' xlink:from='loc_IncomeLossFromExtraordinaryItemsNetOfTaxPerDilutedShareAbstract' xlink:to='loc_IncomeLossFromExtraordinaryItemsTaxEffectPerDilutedShare' xlink:type='arc' />
<link:presentationArc order='30' preferredLabel='http://www.xbrl.org/2003/role/totalLabel' xlink:arcrole='http://www.xbrl.org/2003/arcrole/parent-child' xlink:from='loc_IncomeLossFromExtraordinaryItemsNetOfTaxPerDilutedShareAbstract' xlink:to='loc_IncomeLossFromExtraordinaryItemsNetOfTaxPerDilutedShare' xlink:type='arc' />
<link:presentationArc order='30' preferredLabel='http://www.xbrl.org/2003/role/totalLabel' xlink:arcrole='http://www.xbrl.org/2003/arcrole/parent-child' xlink:from='loc_EarningsPerShareDilutedAbstract' xlink:to='loc_EarningsPerShareDiluted' xlink:type='arc' />
<link:presentationArc order='20' xlink:arcrole='http://www.xbrl.org/2003/arcrole/parent-child' xlink:from='loc_EarningsPerShareDilutedLineItems' xlink:to='loc_EarningsPerShareDilutedTwoClassMethodAbstract' xlink:type='arc' />
<link:presentationArc order='10' xlink:arcrole='http://www.xbrl.org/2003/arcrole/parent-child' xlink:from='loc_EarningsPerShareDilutedTwoClassMethodAbstract' xlink:to='loc_UndistributedEarningsDilutedAbstract' xlink:type='arc' />
<link:presentationArc order='10' xlink:arcrole='http://www.xbrl.org/2003/arcrole/parent-child' xlink:from='loc_UndistributedEarningsDilutedAbstract' xlink:to='loc_NetIncomeLossAttributableToParentDilutedAbstract' xlink:type='arc' />
<link:presentationArc order='10' xlink:arcrole='http://www.xbrl.org/2003/arcrole/parent-child' xlink:from='loc_NetIncomeLossAttributableToParentDilutedAbstract' xlink:to='loc_NetIncomeLossAbstract' xlink:type='arc' />
<link:presentationArc order='20' xlink:arcrole='http://www.xbrl.org/2003/arcrole/parent-child' xlink:from='loc_NetIncomeLossAttributableToParentDilutedAbstract' xlink:to='loc_InterestOnConvertibleDebtNetOfTax' xlink:type='arc' />
<link:presentationArc order='30' xlink:arcrole='http://www.xbrl.org/2003/arcrole/parent-child' xlink:from='loc_NetIncomeLossAttributableToParentDilutedAbstract' xlink:to='loc_ConvertiblePreferredDividendsNetOfTax' xlink:type='arc' />
<link:presentationArc order='40' xlink:arcrole='http://www.xbrl.org/2003/arcrole/parent-child' xlink:from='loc_NetIncomeLossAttributableToParentDilutedAbstract' xlink:to='loc_DilutiveSecuritiesAbstract' xlink:type='arc' />
<link:presentationArc order='10' xlink:arcrole='http://www.xbrl.org/2003/arcrole/parent-child' xlink:from='loc_DilutiveSecuritiesAbstract' xlink:to='loc_AmountOfDilutiveSecuritiesStockOptionsAndRestrictiveStockUnits' xlink:type='arc' />
<link:presentationArc order='20' xlink:arcrole='http://www.xbrl.org/2003/arcrole/parent-child' xlink:from='loc_DilutiveSecuritiesAbstract' xlink:to='loc_AmountOfDilutiveSecuritiesESOPConvertiblePreferredStock' xlink:type='arc' />
<link:presentationArc order='30' xlink:arcrole='http://www.xbrl.org/2003/arcrole/parent-child' xlink:from='loc_DilutiveSecuritiesAbstract' xlink:to='loc_DilutiveSecuritiesEffectOnBasicEarningsPerShareOther' xlink:type='arc' />
<link:presentationArc order='40' preferredLabel='http://www.xbrl.org/2003/role/totalLabel' xlink:arcrole='http://www.xbrl.org/2003/arcrole/parent-child' xlink:from='loc_DilutiveSecuritiesAbstract' xlink:to='loc_DilutiveSecurities' xlink:type='arc' />
<link:presentationArc order='50' preferredLabel='http://www.xbrl.org/2003/role/totalLabel' xlink:arcrole='http://www.xbrl.org/2003/arcrole/parent-child' xlink:from='loc_NetIncomeLossAttributableToParentDilutedAbstract' xlink:to='loc_NetIncomeLossAttributableToParentDiluted' xlink:type='arc' />
<link:presentationArc order='20' xlink:arcrole='http://www.xbrl.org/2003/arcrole/parent-child' xlink:from='loc_UndistributedEarningsDilutedAbstract' xlink:to='loc_DistributedEarningsAbstract' xlink:type='arc' />
<link:presentationArc order='30' preferredLabel='http://www.xbrl.org/2003/role/totalLabel' xlink:arcrole='http://www.xbrl.org/2003/arcrole/parent-child' xlink:from='loc_UndistributedEarningsDilutedAbstract' xlink:to='loc_UndistributedEarningsDiluted' xlink:type='arc' />
<link:presentationArc order='20' xlink:arcrole='http://www.xbrl.org/2003/arcrole/parent-child' xlink:from='loc_EarningsPerShareDilutedTwoClassMethodAbstract' xlink:to='loc_EarningsPerShareDilutedDistributed' xlink:type='arc' />
<link:presentationArc order='30' xlink:arcrole='http://www.xbrl.org/2003/arcrole/parent-child' xlink:from='loc_EarningsPerShareDilutedTwoClassMethodAbstract' xlink:to='loc_EarningsPerShareDilutedUndistributed' xlink:type='arc' />
<link:presentationArc order='30' xlink:arcrole='http://www.xbrl.org/2003/arcrole/parent-child' xlink:from='loc_EarningsPerShareDilutedLineItems' xlink:to='loc_EarningsPerShareNonrecurringCommonControlIntraEntityTransactionsPerDilutedShareAbstract' xlink:type='arc' />
<link:presentationArc order='10' xlink:arcrole='http://www.xbrl.org/2003/arcrole/parent-child' xlink:from='loc_EarningsPerShareNonrecurringCommonControlIntraEntityTransactionsPerDilutedShareAbstract' xlink:to='loc_EarningsPerShareNonrecurringCommonControlIntraEntityTransactionsDescription' xlink:type='arc' />
<link:presentationArc order='20' xlink:arcrole='http://www.xbrl.org/2003/arcrole/parent-child' xlink:from='loc_EarningsPerShareNonrecurringCommonControlIntraEntityTransactionsPerDilutedShareAbstract' xlink:to='loc_EarningsPerShareNonrecurringCommonControlIntraEntityTransactionsPerDilutedShareEffect' xlink:type='arc' />
<link:presentationArc order='20' xlink:arcrole='http://www.xbrl.org/2003/arcrole/parent-child' xlink:from='loc_EarningsPerShareAbstract' xlink:to='loc_ScheduleOfAntidilutiveSecuritiesExcludedFromComputationOfEarningsPerShareTextBlock' xlink:type='arc' />
<link:presentationArc order='10' xlink:arcrole='http://www.xbrl.org/2003/arcrole/parent-child' xlink:from='loc_ScheduleOfAntidilutiveSecuritiesExcludedFromComputationOfEarningsPerShareTextBlock' xlink:to='loc_ScheduleOfAntidilutiveSecuritiesExcludedFromComputationOfEarningsPerShareTable' xlink:type='arc' />
<link:presentationArc order='10' xlink:arcrole='http://www.xbrl.org/2003/arcrole/parent-child' xlink:from='loc_ScheduleOfAntidilutiveSecuritiesExcludedFromComputationOfEarningsPerShareTable' xlink:to='loc_AntidilutiveSecuritiesExcludedFromComputationOfEarningsPerShareByAntidilutiveSecuritiesAxis' xlink:type='arc' />
<link:presentationArc order='10' xlink:arcrole='http://www.xbrl.org/2003/arcrole/parent-child' xlink:from='loc_AntidilutiveSecuritiesExcludedFromComputationOfEarningsPerShareByAntidilutiveSecuritiesAxis' xlink:to='loc_AntidilutiveSecuritiesNameDomain' xlink:type='arc' />
<link:presentationArc order='10' xlink:arcrole='http://www.xbrl.org/2003/arcrole/parent-child' xlink:from='loc_AntidilutiveSecuritiesNameDomain' xlink:to='loc_StockCompensationPlanMember' xlink:type='arc' />
<link:presentationArc order='20' xlink:arcrole='http://www.xbrl.org/2003/arcrole/parent-child' xlink:from='loc_AntidilutiveSecuritiesNameDomain' xlink:to='loc_ConvertibleDebtSecuritiesMember' xlink:type='arc' />
<link:presentationArc order='30' xlink:arcrole='http://www.xbrl.org/2003/arcrole/parent-child' xlink:from='loc_AntidilutiveSecuritiesNameDomain' xlink:to='loc_StockOptionsMember' xlink:type='arc' />
<link:presentationArc order='40' xlink:arcrole='http://www.xbrl.org/2003/arcrole/parent-child' xlink:from='loc_AntidilutiveSecuritiesNameDomain' xlink:to='loc_WarrantMember' xlink:type='arc' />
<link:presentationArc order='50' xlink:arcrole='http://www.xbrl.org/2003/arcrole/parent-child' xlink:from='loc_AntidilutiveSecuritiesNameDomain' xlink:to='loc_OutstandingStockAwardsMember' xlink:type='arc' />
<link:presentationArc order='60' xlink:arcrole='http://www.xbrl.org/2003/arcrole/parent-child' xlink:from='loc_AntidilutiveSecuritiesNameDomain' xlink:to='loc_RestrictedStockMember' xlink:type='arc' />
<link:presentationArc order='70' xlink:arcrole='http://www.xbrl.org/2003/arcrole/parent-child' xlink:from='loc_AntidilutiveSecuritiesNameDomain' xlink:to='loc_ContingentlyIssuableSharesMember' xlink:type='arc' />
<link:presentationArc order='80' xlink:arcrole='http://www.xbrl.org/2003/arcrole/parent-child' xlink:from='loc_AntidilutiveSecuritiesNameDomain' xlink:to='loc_EquityUnitPurchaseAgreementsMember' xlink:type='arc' />
<link:presentationArc order='90' xlink:arcrole='http://www.xbrl.org/2003/arcrole/parent-child' xlink:from='loc_AntidilutiveSecuritiesNameDomain' xlink:to='loc_EquityForwardAgreementsMember' xlink:type='arc' />
<link:presentationArc order='20' xlink:arcrole='http://www.xbrl.org/2003/arcrole/parent-child' xlink:from='loc_ScheduleOfAntidilutiveSecuritiesExcludedFromComputationOfEarningsPerShareTable' xlink:to='loc_AntidilutiveSecuritiesExcludedFromComputationOfEarningsPerShareLineItems' xlink:type='arc' />
<link:presentationArc order='10' xlink:arcrole='http://www.xbrl.org/2003/arcrole/parent-child' xlink:from='loc_AntidilutiveSecuritiesExcludedFromComputationOfEarningsPerShareLineItems' xlink:to='loc_AntidilutiveSecuritiesExcludedFromComputationOfEarningsPerShareAmount' xlink:type='arc' />
<link:presentationArc order='30' xlink:arcrole='http://www.xbrl.org/2003/arcrole/parent-child' xlink:from='loc_EarningsPerShareAbstract' xlink:to='loc_EarningsPerShareReconciliationAbstract' xlink:type='arc' />
<link:presentationArc order='10' xlink:arcrole='http://www.xbrl.org/2003/arcrole/parent-child' xlink:from='loc_EarningsPerShareReconciliationAbstract' xlink:to='loc_EarningsPerShareReconciliationDisclosure' xlink:type='arc' />
<link:presentationArc order='20' xlink:arcrole='http://www.xbrl.org/2003/arcrole/parent-child' xlink:from='loc_EarningsPerShareReconciliationAbstract' xlink:to='loc_NetIncomeLossAvailableToCommonStockholdersDilutedAbstract' xlink:type='arc' />
<link:presentationArc order='10' xlink:arcrole='http://www.xbrl.org/2003/arcrole/parent-child' xlink:from='loc_NetIncomeLossAvailableToCommonStockholdersDilutedAbstract' xlink:to='loc_NetIncomeLossAvailableToCommonStockholdersBasicAbstract' xlink:type='arc' />
<link:presentationArc order='10' xlink:arcrole='http://www.xbrl.org/2003/arcrole/parent-child' xlink:from='loc_NetIncomeLossAvailableToCommonStockholdersBasicAbstract' xlink:to='loc_NetIncomeLossAbstract' xlink:type='arc' />
<link:presentationArc order='20' xlink:arcrole='http://www.xbrl.org/2003/arcrole/parent-child' xlink:from='loc_NetIncomeLossAvailableToCommonStockholdersBasicAbstract' xlink:to='loc_PreferredStockDividendsAndOtherAdjustmentsAbstract' xlink:type='arc' />
<link:presentationArc order='10' xlink:arcrole='http://www.xbrl.org/2003/arcrole/parent-child' xlink:from='loc_PreferredStockDividendsAndOtherAdjustmentsAbstract' xlink:to='loc_PreferredStockDividendsIncomeStatementImpact' xlink:type='arc' />
<link:presentationArc order='20' xlink:arcrole='http://www.xbrl.org/2003/arcrole/parent-child' xlink:from='loc_PreferredStockDividendsAndOtherAdjustmentsAbstract' xlink:to='loc_RedeemablePreferredStockDividends' xlink:type='arc' />
<link:presentationArc order='30' xlink:arcrole='http://www.xbrl.org/2003/arcrole/parent-child' xlink:from='loc_PreferredStockDividendsAndOtherAdjustmentsAbstract' xlink:to='loc_ConvertiblePreferredStockConvertedToOtherSecurities' xlink:type='arc' />
<link:presentationArc order='40' xlink:arcrole='http://www.xbrl.org/2003/arcrole/parent-child' xlink:from='loc_PreferredStockDividendsAndOtherAdjustmentsAbstract' xlink:to='loc_PreferredStockRedemptionPremium' xlink:type='arc' />
<link:presentationArc order='50' xlink:arcrole='http://www.xbrl.org/2003/arcrole/parent-child' xlink:from='loc_PreferredStockDividendsAndOtherAdjustmentsAbstract' xlink:to='loc_PreferredStockRedemptionDiscount' xlink:type='arc' />
<link:presentationArc order='60' xlink:arcrole='http://www.xbrl.org/2003/arcrole/parent-child' xlink:from='loc_PreferredStockDividendsAndOtherAdjustmentsAbstract' xlink:to='loc_PreferredStockConversionsInducements' xlink:type='arc' />
<link:presentationArc order='70' xlink:arcrole='http://www.xbrl.org/2003/arcrole/parent-child' xlink:from='loc_PreferredStockDividendsAndOtherAdjustmentsAbstract' xlink:to='loc_TemporaryEquityDividendsAdjustment' xlink:type='arc' />
<link:presentationArc order='80' xlink:arcrole='http://www.xbrl.org/2003/arcrole/parent-child' xlink:from='loc_PreferredStockDividendsAndOtherAdjustmentsAbstract' xlink:to='loc_TemporaryEquityAccretionToRedemptionValueAdjustment' xlink:type='arc' />
<link:presentationArc order='90' xlink:arcrole='http://www.xbrl.org/2003/arcrole/parent-child' xlink:from='loc_PreferredStockDividendsAndOtherAdjustmentsAbstract' xlink:to='loc_GeneralPartnerDistributions' xlink:type='arc' />
<link:presentationArc order='100' xlink:arcrole='http://www.xbrl.org/2003/arcrole/parent-child' xlink:from='loc_PreferredStockDividendsAndOtherAdjustmentsAbstract' xlink:to='loc_OtherPreferredStockDividendsAndAdjustments' xlink:type='arc' />
<link:presentationArc order='110' preferredLabel='http://www.xbrl.org/2003/role/totalLabel' xlink:arcrole='http://www.xbrl.org/2003/arcrole/parent-child' xlink:from='loc_PreferredStockDividendsAndOtherAdjustmentsAbstract' xlink:to='loc_PreferredStockDividendsAndOtherAdjustments' xlink:type='arc' />
<link:presentationArc order='30' preferredLabel='http://www.xbrl.org/2003/role/totalLabel' xlink:arcrole='http://www.xbrl.org/2003/arcrole/parent-child' xlink:from='loc_NetIncomeLossAvailableToCommonStockholdersBasicAbstract' xlink:to='loc_NetIncomeLossAvailableToCommonStockholdersBasic' xlink:type='arc' />
<link:presentationArc order='20' xlink:arcrole='http://www.xbrl.org/2003/arcrole/parent-child' xlink:from='loc_NetIncomeLossAvailableToCommonStockholdersDilutedAbstract' xlink:to='loc_InterestOnConvertibleDebtNetOfTax' xlink:type='arc' />
<link:presentationArc order='30' xlink:arcrole='http://www.xbrl.org/2003/arcrole/parent-child' xlink:from='loc_NetIncomeLossAvailableToCommonStockholdersDilutedAbstract' xlink:to='loc_ConvertiblePreferredDividendsNetOfTax' xlink:type='arc' />
<link:presentationArc order='40' xlink:arcrole='http://www.xbrl.org/2003/arcrole/parent-child' xlink:from='loc_NetIncomeLossAvailableToCommonStockholdersDilutedAbstract' xlink:to='loc_DilutiveSecuritiesAbstract' xlink:type='arc' />
<link:presentationArc order='50' preferredLabel='http://www.xbrl.org/2003/role/totalLabel' xlink:arcrole='http://www.xbrl.org/2003/arcrole/parent-child' xlink:from='loc_NetIncomeLossAvailableToCommonStockholdersDilutedAbstract' xlink:to='loc_NetIncomeLossAvailableToCommonStockholdersDiluted' xlink:type='arc' />
<link:presentationArc order='40' xlink:arcrole='http://www.xbrl.org/2003/arcrole/parent-child' xlink:from='loc_EarningsPerShareAbstract' xlink:to='loc_EarningsPerShareProFormaAbstract' xlink:type='arc' />
<link:presentationArc order='10' xlink:arcrole='http://www.xbrl.org/2003/arcrole/parent-child' xlink:from='loc_EarningsPerShareProFormaAbstract' xlink:to='loc_WeightedAverageNumberBasicSharesOutstandingAdjustmentProForma' xlink:type='arc' />
<link:presentationArc order='20' xlink:arcrole='http://www.xbrl.org/2003/arcrole/parent-child' xlink:from='loc_EarningsPerShareProFormaAbstract' xlink:to='loc_BasicEarningsPerShareProForma' xlink:type='arc' />
<link:presentationArc order='30' xlink:arcrole='http://www.xbrl.org/2003/arcrole/parent-child' xlink:from='loc_EarningsPerShareProFormaAbstract' xlink:to='loc_WeightedAverageBasicSharesOutstandingProForma' xlink:type='arc' />
<link:presentationArc order='40' xlink:arcrole='http://www.xbrl.org/2003/arcrole/parent-child' xlink:from='loc_EarningsPerShareProFormaAbstract' xlink:to='loc_BasicEarningsPerShareAdjustmentProForma' xlink:type='arc' />
<link:presentationArc order='50' xlink:arcrole='http://www.xbrl.org/2003/arcrole/parent-child' xlink:from='loc_EarningsPerShareProFormaAbstract' xlink:to='loc_DilutedEarningsPerShareProForma' xlink:type='arc' />
<link:presentationArc order='60' xlink:arcrole='http://www.xbrl.org/2003/arcrole/parent-child' xlink:from='loc_EarningsPerShareProFormaAbstract' xlink:to='loc_ProFormaWeightedAverageSharesOutstandingDiluted' xlink:type='arc' />
<link:presentationArc order='70' xlink:arcrole='http://www.xbrl.org/2003/arcrole/parent-child' xlink:from='loc_EarningsPerShareProFormaAbstract' xlink:to='loc_EarningsPerShareDilutedProFormaAdjustment' xlink:type='arc' />
<link:presentationArc order='50' xlink:arcrole='http://www.xbrl.org/2003/arcrole/parent-child' xlink:from='loc_EarningsPerShareAbstract' xlink:to='loc_ImpactOfRestatementOnEarningsPerShareAbstract' xlink:type='arc' />
<link:presentationArc order='10' xlink:arcrole='http://www.xbrl.org/2003/arcrole/parent-child' xlink:from='loc_ImpactOfRestatementOnEarningsPerShareAbstract' xlink:to='loc_ImpactOfRestatementOnEarningsPerShareBasic' xlink:type='arc' />
<link:presentationArc order='20' xlink:arcrole='http://www.xbrl.org/2003/arcrole/parent-child' xlink:from='loc_ImpactOfRestatementOnEarningsPerShareAbstract' xlink:to='loc_ImpactOfRestatementOnEarningsPerShareDiluted' xlink:type='arc' />
<link:presentationArc order='60' xlink:arcrole='http://www.xbrl.org/2003/arcrole/parent-child' xlink:from='loc_EarningsPerShareAbstract' xlink:to='loc_WeightedAverageNumberOfSharesOutstandingDilutedDisclosureItemsAbstract' xlink:type='arc' />
<link:presentationArc order='10' xlink:arcrole='http://www.xbrl.org/2003/arcrole/parent-child' xlink:from='loc_WeightedAverageNumberOfSharesOutstandingDilutedDisclosureItemsAbstract' xlink:to='loc_WeightedAverageNumberOfSharesOutstandingAbstract' xlink:type='arc' />
<link:presentationArc order='10' xlink:arcrole='http://www.xbrl.org/2003/arcrole/parent-child' xlink:from='loc_WeightedAverageNumberOfSharesOutstandingAbstract' xlink:to='loc_WeightedAverageNumberOfSharesOutstandingBasicAbstract' xlink:type='arc' />
<link:presentationArc order='10' xlink:arcrole='http://www.xbrl.org/2003/arcrole/parent-child' xlink:from='loc_WeightedAverageNumberOfSharesOutstandingBasicAbstract' xlink:to='loc_WeightedAverageNumberOfSharesIssuedBasic' xlink:type='arc' />
<link:presentationArc order='20' xlink:arcrole='http://www.xbrl.org/2003/arcrole/parent-child' xlink:from='loc_WeightedAverageNumberOfSharesOutstandingBasicAbstract' xlink:to='loc_WeightedAverageNumberOfSharesContingentlyIssuable' xlink:type='arc' />
<link:presentationArc order='30' xlink:arcrole='http://www.xbrl.org/2003/arcrole/parent-child' xlink:from='loc_WeightedAverageNumberOfSharesOutstandingBasicAbstract' xlink:to='loc_WeightedAverageNumberOfSharesTreasuryStock' xlink:type='arc' />
<link:presentationArc order='40' xlink:arcrole='http://www.xbrl.org/2003/arcrole/parent-child' xlink:from='loc_WeightedAverageNumberOfSharesOutstandingBasicAbstract' xlink:to='loc_WeightedAverageNumberOfSharesCommonStockSubjectToRepurchaseOrCancellation' xlink:type='arc' />
<link:presentationArc order='50' xlink:arcrole='http://www.xbrl.org/2003/arcrole/parent-child' xlink:from='loc_WeightedAverageNumberOfSharesOutstandingBasicAbstract' xlink:to='loc_WeightedAverageNumberOfSharesRestrictedStock' xlink:type='arc' />
<link:presentationArc order='60' xlink:arcrole='http://www.xbrl.org/2003/arcrole/parent-child' xlink:from='loc_WeightedAverageNumberOfSharesOutstandingBasicAbstract' xlink:to='loc_WeightedAverageNumberOfSharesEmployeeStockOwnershipPlanSharesNotCommittedToBeReleased' xlink:type='arc' />
<link:presentationArc order='70' preferredLabel='http://www.xbrl.org/2003/role/totalLabel' xlink:arcrole='http://www.xbrl.org/2003/arcrole/parent-child' xlink:from='loc_WeightedAverageNumberOfSharesOutstandingBasicAbstract' xlink:to='loc_WeightedAverageNumberOfSharesOutstandingBasic' xlink:type='arc' />
<link:presentationArc order='20' xlink:arcrole='http://www.xbrl.org/2003/arcrole/parent-child' xlink:from='loc_WeightedAverageNumberOfSharesOutstandingAbstract' xlink:to='loc_WeightedAverageNumberDilutedSharesOutstandingAdjustmentAbstract' xlink:type='arc' />
<link:presentationArc order='10' xlink:arcrole='http://www.xbrl.org/2003/arcrole/parent-child' xlink:from='loc_WeightedAverageNumberDilutedSharesOutstandingAdjustmentAbstract' xlink:to='loc_IncrementalCommonSharesAttributableToShareBasedPaymentArrangements' xlink:type='arc' />
<link:presentationArc order='20' xlink:arcrole='http://www.xbrl.org/2003/arcrole/parent-child' xlink:from='loc_WeightedAverageNumberDilutedSharesOutstandingAdjustmentAbstract' xlink:to='loc_IncrementalCommonSharesAttributableToConversionOfDebtSecurities' xlink:type='arc' />
<link:presentationArc order='30' xlink:arcrole='http://www.xbrl.org/2003/arcrole/parent-child' xlink:from='loc_WeightedAverageNumberDilutedSharesOutstandingAdjustmentAbstract' xlink:to='loc_IncrementalCommonSharesAttributableToConversionOfPreferredStock' xlink:type='arc' />
<link:presentationArc order='40' xlink:arcrole='http://www.xbrl.org/2003/arcrole/parent-child' xlink:from='loc_WeightedAverageNumberDilutedSharesOutstandingAdjustmentAbstract' xlink:to='loc_IncrementalCommonSharesAttributableToCallOptionsAndWarrants' xlink:type='arc' />
<link:presentationArc order='50' xlink:arcrole='http://www.xbrl.org/2003/arcrole/parent-child' xlink:from='loc_WeightedAverageNumberDilutedSharesOutstandingAdjustmentAbstract' xlink:to='loc_IncrementalCommonSharesAttributableToAcceleratedShareRepurchaseAgreements' xlink:type='arc' />
<link:presentationArc order='60' xlink:arcrole='http://www.xbrl.org/2003/arcrole/parent-child' xlink:from='loc_WeightedAverageNumberDilutedSharesOutstandingAdjustmentAbstract' xlink:to='loc_IncrementalCommonSharesAttributableToContingentlyIssuableShares' xlink:type='arc' />
<link:presentationArc order='70' xlink:arcrole='http://www.xbrl.org/2003/arcrole/parent-child' xlink:from='loc_WeightedAverageNumberDilutedSharesOutstandingAdjustmentAbstract' xlink:to='loc_IncrementalCommonSharesAttributableToEquityUnitPurchaseAgreements' xlink:type='arc' />
<link:presentationArc order='80' xlink:arcrole='http://www.xbrl.org/2003/arcrole/parent-child' xlink:from='loc_WeightedAverageNumberDilutedSharesOutstandingAdjustmentAbstract' xlink:to='loc_IncrementalCommonSharesAttributableToWrittenPutOptions' xlink:type='arc' />
<link:presentationArc order='90' xlink:arcrole='http://www.xbrl.org/2003/arcrole/parent-child' xlink:from='loc_WeightedAverageNumberDilutedSharesOutstandingAdjustmentAbstract' xlink:to='loc_IncrementalCommonSharesAttributableToEquityForwardAgreements' xlink:type='arc' />
<link:presentationArc order='100' xlink:arcrole='http://www.xbrl.org/2003/arcrole/parent-child' xlink:from='loc_WeightedAverageNumberDilutedSharesOutstandingAdjustmentAbstract' xlink:to='loc_IncrementalCommonSharesAttributableToNonvestedSharesWithForfeitableDividends' xlink:type='arc' />
<link:presentationArc order='110' preferredLabel='http://www.xbrl.org/2003/role/totalLabel' xlink:arcrole='http://www.xbrl.org/2003/arcrole/parent-child' xlink:from='loc_WeightedAverageNumberDilutedSharesOutstandingAdjustmentAbstract' xlink:to='loc_WeightedAverageNumberDilutedSharesOutstandingAdjustment' xlink:type='arc' />
<link:presentationArc order='30' preferredLabel='http://www.xbrl.org/2003/role/totalLabel' xlink:arcrole='http://www.xbrl.org/2003/arcrole/parent-child' xlink:from='loc_WeightedAverageNumberOfSharesOutstandingAbstract' xlink:to='loc_WeightedAverageNumberOfDilutedSharesOutstanding' xlink:type='arc' />
<link:presentationArc order='20' xlink:arcrole='http://www.xbrl.org/2003/arcrole/parent-child' xlink:from='loc_WeightedAverageNumberOfSharesOutstandingDilutedDisclosureItemsAbstract' xlink:to='loc_IncrementalCommonSharesAttributableToParticipatingNonvestedSharesWithNonForfeitableDividendRights' xlink:type='arc' />
<link:presentationArc order='70' xlink:arcrole='http://www.xbrl.org/2003/arcrole/parent-child' xlink:from='loc_EarningsPerShareAbstract' xlink:to='loc_TableTextBlockSupplementAbstract' xlink:type='arc' />
<link:presentationArc order='10' xlink:arcrole='http://www.xbrl.org/2003/arcrole/parent-child' xlink:from='loc_TableTextBlockSupplementAbstract' xlink:to='loc_ScheduleOfCalculationOfNumeratorAndDenominatorInEarningsPerShareTableTextBlock' xlink:type='arc' />
<link:presentationArc order='20' xlink:arcrole='http://www.xbrl.org/2003/arcrole/parent-child' xlink:from='loc_TableTextBlockSupplementAbstract' xlink:to='loc_ScheduleOfEarningsPerShareReconciliationTableTextBlock' xlink:type='arc' />
<link:presentationArc order='30' xlink:arcrole='http://www.xbrl.org/2003/arcrole/parent-child' xlink:from='loc_TableTextBlockSupplementAbstract' xlink:to='loc_ScheduleOfWeightedAverageNumberOfSharesTableTextBlock' xlink:type='arc' />
<link:presentationArc order='40' xlink:arcrole='http://www.xbrl.org/2003/arcrole/parent-child' xlink:from='loc_TableTextBlockSupplementAbstract' xlink:to='loc_ScheduleOfEarningsPerShareBasicAndDilutedTableTextBlock' xlink:type='arc' />
</link:presentationLink>
</link:linkbase>
