<?xml version='1.0' encoding='UTF-8'?>

<!--
(c) XBRL US, Inc. 2007-2010; Financial Accounting Foundation, Inc. 2010-2012.  All Rights Reserved.
Notice: Authorized Uses are Set Forth at http://xbrl.fasb.org/terms/TaxonomiesTermsConditions.html
  -->
<link:linkbase xmlns:link='http://www.xbrl.org/2003/linkbase' xmlns:xbrldt='http://xbrl.org/2005/xbrldt' xmlns:xlink='http://www.w3.org/1999/xlink' xmlns:xsi='http://www.w3.org/2001/XMLSchema-instance' xsi:schemaLocation='http://www.xbrl.org/2003/linkbase http://www.xbrl.org/2003/xbrl-linkbase-2003-12-31.xsd'>
<link:roleRef roleURI='http://fasb.org/us-gaap/role/disclosure/RelatedPartyDisclosures' xlink:href='../elts/us-roles-2012-01-31.xsd#rpd' xlink:type='simple' />
<link:calculationLink xlink:role='http://fasb.org/us-gaap/role/disclosure/RelatedPartyDisclosures' xlink:type='extended'>
<link:loc xlink:href='../elts/us-gaap-2012-01-31.xsd#us-gaap_RelatedPartyTransactionDueFromToRelatedParty' xlink:label='loc_RelatedPartyTransactionDueFromToRelatedParty' xlink:type='locator' />
<link:loc xlink:href='../elts/us-gaap-2012-01-31.xsd#us-gaap_DueFromRelatedParties' xlink:label='loc_DueFromRelatedParties' xlink:type='locator' />
<link:loc xlink:href='../elts/us-gaap-2012-01-31.xsd#us-gaap_AccountsReceivableRelatedParties' xlink:label='loc_AccountsReceivableRelatedParties' xlink:type='locator' />
<link:loc xlink:href='../elts/us-gaap-2012-01-31.xsd#us-gaap_NotesReceivableRelatedParties' xlink:label='loc_NotesReceivableRelatedParties' xlink:type='locator' />
<link:loc xlink:href='../elts/us-gaap-2012-01-31.xsd#us-gaap_LoansAndLeasesReceivableRelatedParties' xlink:label='loc_LoansAndLeasesReceivableRelatedParties' xlink:type='locator' />
<link:loc xlink:href='../elts/us-gaap-2012-01-31.xsd#us-gaap_DueFromEmployees' xlink:label='loc_DueFromEmployees' xlink:type='locator' />
<link:loc xlink:href='../elts/us-gaap-2012-01-31.xsd#us-gaap_DueFromOfficersOrStockholders' xlink:label='loc_DueFromOfficersOrStockholders' xlink:type='locator' />
<link:loc xlink:href='../elts/us-gaap-2012-01-31.xsd#us-gaap_DueFromJointVentures' xlink:label='loc_DueFromJointVentures' xlink:type='locator' />
<link:loc xlink:href='../elts/us-gaap-2012-01-31.xsd#us-gaap_DueFromAffiliates' xlink:label='loc_DueFromAffiliates' xlink:type='locator' />
<link:loc xlink:href='../elts/us-gaap-2012-01-31.xsd#us-gaap_DueFromOtherRelatedParties' xlink:label='loc_DueFromOtherRelatedParties' xlink:type='locator' />
<link:loc xlink:href='../elts/us-gaap-2012-01-31.xsd#us-gaap_DueToRelatedPartiesCurrentAndNoncurrent' xlink:label='loc_DueToRelatedPartiesCurrentAndNoncurrent' xlink:type='locator' />
<link:loc xlink:href='../elts/us-gaap-2012-01-31.xsd#us-gaap_AccountsPayableRelatedPartiesCurrentAndNoncurrent' xlink:label='loc_AccountsPayableRelatedPartiesCurrentAndNoncurrent' xlink:type='locator' />
<link:loc xlink:href='../elts/us-gaap-2012-01-31.xsd#us-gaap_NotesPayableRelatedPartiesCurrentAndNoncurrent' xlink:label='loc_NotesPayableRelatedPartiesCurrentAndNoncurrent' xlink:type='locator' />
<link:loc xlink:href='../elts/us-gaap-2012-01-31.xsd#us-gaap_DueToEmployeesCurrentAndNoncurrent' xlink:label='loc_DueToEmployeesCurrentAndNoncurrent' xlink:type='locator' />
<link:loc xlink:href='../elts/us-gaap-2012-01-31.xsd#us-gaap_DueToOfficersOrStockholdersCurrentAndNoncurrent' xlink:label='loc_DueToOfficersOrStockholdersCurrentAndNoncurrent' xlink:type='locator' />
<link:loc xlink:href='../elts/us-gaap-2012-01-31.xsd#us-gaap_DueToAffiliateCurrentAndNoncurrent' xlink:label='loc_DueToAffiliateCurrentAndNoncurrent' xlink:type='locator' />
<link:loc xlink:href='../elts/us-gaap-2012-01-31.xsd#us-gaap_DueToOtherRelatedPartiesCurrentAndNoncurrent' xlink:label='loc_DueToOtherRelatedPartiesCurrentAndNoncurrent' xlink:type='locator' />
<link:loc xlink:href='../elts/us-gaap-2012-01-31.xsd#us-gaap_RelatedPartyTransactionDueFromToRelatedPartyCurrent' xlink:label='loc_RelatedPartyTransactionDueFromToRelatedPartyCurrent' xlink:type='locator' />
<link:loc xlink:href='../elts/us-gaap-2012-01-31.xsd#us-gaap_DueFromRelatedPartiesCurrent' xlink:label='loc_DueFromRelatedPartiesCurrent' xlink:type='locator' />
<link:loc xlink:href='../elts/us-gaap-2012-01-31.xsd#us-gaap_AccountsReceivableRelatedPartiesCurrent' xlink:label='loc_AccountsReceivableRelatedPartiesCurrent' xlink:type='locator' />
<link:loc xlink:href='../elts/us-gaap-2012-01-31.xsd#us-gaap_NotesReceivableRelatedPartiesCurrent' xlink:label='loc_NotesReceivableRelatedPartiesCurrent' xlink:type='locator' />
<link:loc xlink:href='../elts/us-gaap-2012-01-31.xsd#us-gaap_DueFromEmployeesCurrent' xlink:label='loc_DueFromEmployeesCurrent' xlink:type='locator' />
<link:loc xlink:href='../elts/us-gaap-2012-01-31.xsd#us-gaap_DueFromOfficersOrStockholdersCurrent' xlink:label='loc_DueFromOfficersOrStockholdersCurrent' xlink:type='locator' />
<link:loc xlink:href='../elts/us-gaap-2012-01-31.xsd#us-gaap_DueFromAffiliateCurrent' xlink:label='loc_DueFromAffiliateCurrent' xlink:type='locator' />
<link:loc xlink:href='../elts/us-gaap-2012-01-31.xsd#us-gaap_DueFromJointVenturesCurrent' xlink:label='loc_DueFromJointVenturesCurrent' xlink:type='locator' />
<link:loc xlink:href='../elts/us-gaap-2012-01-31.xsd#us-gaap_DueFromOtherRelatedPartiesCurrent' xlink:label='loc_DueFromOtherRelatedPartiesCurrent' xlink:type='locator' />
<link:loc xlink:href='../elts/us-gaap-2012-01-31.xsd#us-gaap_DueToRelatedPartiesCurrent' xlink:label='loc_DueToRelatedPartiesCurrent' xlink:type='locator' />
<link:loc xlink:href='../elts/us-gaap-2012-01-31.xsd#us-gaap_AccountsPayableRelatedPartiesCurrent' xlink:label='loc_AccountsPayableRelatedPartiesCurrent' xlink:type='locator' />
<link:loc xlink:href='../elts/us-gaap-2012-01-31.xsd#us-gaap_NotesPayableRelatedPartiesClassifiedCurrent' xlink:label='loc_NotesPayableRelatedPartiesClassifiedCurrent' xlink:type='locator' />
<link:loc xlink:href='../elts/us-gaap-2012-01-31.xsd#us-gaap_DueToEmployeesCurrent' xlink:label='loc_DueToEmployeesCurrent' xlink:type='locator' />
<link:loc xlink:href='../elts/us-gaap-2012-01-31.xsd#us-gaap_DueToOfficersOrStockholdersCurrent' xlink:label='loc_DueToOfficersOrStockholdersCurrent' xlink:type='locator' />
<link:loc xlink:href='../elts/us-gaap-2012-01-31.xsd#us-gaap_DueToAffiliateCurrent' xlink:label='loc_DueToAffiliateCurrent' xlink:type='locator' />
<link:loc xlink:href='../elts/us-gaap-2012-01-31.xsd#us-gaap_DueToOtherRelatedPartiesClassifiedCurrent' xlink:label='loc_DueToOtherRelatedPartiesClassifiedCurrent' xlink:type='locator' />
<link:loc xlink:href='../elts/us-gaap-2012-01-31.xsd#us-gaap_RelatedPartyTransactionDueFromToRelatedPartyNoncurrent' xlink:label='loc_RelatedPartyTransactionDueFromToRelatedPartyNoncurrent' xlink:type='locator' />
<link:loc xlink:href='../elts/us-gaap-2012-01-31.xsd#us-gaap_DueFromRelatedPartiesNoncurrent' xlink:label='loc_DueFromRelatedPartiesNoncurrent' xlink:type='locator' />
<link:loc xlink:href='../elts/us-gaap-2012-01-31.xsd#us-gaap_AccountsReceivableRelatedPartiesNoncurrent' xlink:label='loc_AccountsReceivableRelatedPartiesNoncurrent' xlink:type='locator' />
<link:loc xlink:href='../elts/us-gaap-2012-01-31.xsd#us-gaap_NotesReceivableRelatedPartiesNoncurrent' xlink:label='loc_NotesReceivableRelatedPartiesNoncurrent' xlink:type='locator' />
<link:loc xlink:href='../elts/us-gaap-2012-01-31.xsd#us-gaap_DueFromEmployeesNoncurrent' xlink:label='loc_DueFromEmployeesNoncurrent' xlink:type='locator' />
<link:loc xlink:href='../elts/us-gaap-2012-01-31.xsd#us-gaap_DueFromOfficersOrStockholdersNoncurrent' xlink:label='loc_DueFromOfficersOrStockholdersNoncurrent' xlink:type='locator' />
<link:loc xlink:href='../elts/us-gaap-2012-01-31.xsd#us-gaap_DueFromJointVenturesNoncurrent' xlink:label='loc_DueFromJointVenturesNoncurrent' xlink:type='locator' />
<link:loc xlink:href='../elts/us-gaap-2012-01-31.xsd#us-gaap_DueFromAffiliateNoncurrent' xlink:label='loc_DueFromAffiliateNoncurrent' xlink:type='locator' />
<link:loc xlink:href='../elts/us-gaap-2012-01-31.xsd#us-gaap_DueFromOtherRelatedPartiesNoncurrent' xlink:label='loc_DueFromOtherRelatedPartiesNoncurrent' xlink:type='locator' />
<link:loc xlink:href='../elts/us-gaap-2012-01-31.xsd#us-gaap_DueToRelatedPartiesNoncurrent' xlink:label='loc_DueToRelatedPartiesNoncurrent' xlink:type='locator' />
<link:loc xlink:href='../elts/us-gaap-2012-01-31.xsd#us-gaap_AccountsPayableRelatedPartiesNoncurrent' xlink:label='loc_AccountsPayableRelatedPartiesNoncurrent' xlink:type='locator' />
<link:loc xlink:href='../elts/us-gaap-2012-01-31.xsd#us-gaap_NotesPayableRelatedPartiesNoncurrent' xlink:label='loc_NotesPayableRelatedPartiesNoncurrent' xlink:type='locator' />
<link:loc xlink:href='../elts/us-gaap-2012-01-31.xsd#us-gaap_DueToEmployeesNoncurrent' xlink:label='loc_DueToEmployeesNoncurrent' xlink:type='locator' />
<link:loc xlink:href='../elts/us-gaap-2012-01-31.xsd#us-gaap_DueToOfficersOrStockholdersNoncurrent' xlink:label='loc_DueToOfficersOrStockholdersNoncurrent' xlink:type='locator' />
<link:loc xlink:href='../elts/us-gaap-2012-01-31.xsd#us-gaap_DueToAffiliateNoncurrent' xlink:label='loc_DueToAffiliateNoncurrent' xlink:type='locator' />
<link:loc xlink:href='../elts/us-gaap-2012-01-31.xsd#us-gaap_DueToOtherRelatedPartiesNoncurrent' xlink:label='loc_DueToOtherRelatedPartiesNoncurrent' xlink:type='locator' />
<link:calculationArc order='10' weight='1.0' xlink:arcrole='http://www.xbrl.org/2003/arcrole/summation-item' xlink:from='loc_RelatedPartyTransactionDueFromToRelatedParty' xlink:to='loc_DueFromRelatedParties' xlink:type='arc' />
<link:calculationArc order='10' weight='1.0' xlink:arcrole='http://www.xbrl.org/2003/arcrole/summation-item' xlink:from='loc_DueFromRelatedParties' xlink:to='loc_AccountsReceivableRelatedParties' xlink:type='arc' />
<link:calculationArc order='20' weight='1.0' xlink:arcrole='http://www.xbrl.org/2003/arcrole/summation-item' xlink:from='loc_DueFromRelatedParties' xlink:to='loc_NotesReceivableRelatedParties' xlink:type='arc' />
<link:calculationArc order='30' weight='1.0' xlink:arcrole='http://www.xbrl.org/2003/arcrole/summation-item' xlink:from='loc_DueFromRelatedParties' xlink:to='loc_LoansAndLeasesReceivableRelatedParties' xlink:type='arc' />
<link:calculationArc order='40' weight='1.0' xlink:arcrole='http://www.xbrl.org/2003/arcrole/summation-item' xlink:from='loc_DueFromRelatedParties' xlink:to='loc_DueFromEmployees' xlink:type='arc' />
<link:calculationArc order='50' weight='1.0' xlink:arcrole='http://www.xbrl.org/2003/arcrole/summation-item' xlink:from='loc_DueFromRelatedParties' xlink:to='loc_DueFromOfficersOrStockholders' xlink:type='arc' />
<link:calculationArc order='60' weight='1.0' xlink:arcrole='http://www.xbrl.org/2003/arcrole/summation-item' xlink:from='loc_DueFromRelatedParties' xlink:to='loc_DueFromJointVentures' xlink:type='arc' />
<link:calculationArc order='70' weight='1.0' xlink:arcrole='http://www.xbrl.org/2003/arcrole/summation-item' xlink:from='loc_DueFromRelatedParties' xlink:to='loc_DueFromAffiliates' xlink:type='arc' />
<link:calculationArc order='80' weight='1.0' xlink:arcrole='http://www.xbrl.org/2003/arcrole/summation-item' xlink:from='loc_DueFromRelatedParties' xlink:to='loc_DueFromOtherRelatedParties' xlink:type='arc' />
<link:calculationArc order='20' weight='-1.0' xlink:arcrole='http://www.xbrl.org/2003/arcrole/summation-item' xlink:from='loc_RelatedPartyTransactionDueFromToRelatedParty' xlink:to='loc_DueToRelatedPartiesCurrentAndNoncurrent' xlink:type='arc' />
<link:calculationArc order='10' weight='1.0' xlink:arcrole='http://www.xbrl.org/2003/arcrole/summation-item' xlink:from='loc_DueToRelatedPartiesCurrentAndNoncurrent' xlink:to='loc_AccountsPayableRelatedPartiesCurrentAndNoncurrent' xlink:type='arc' />
<link:calculationArc order='20' weight='1.0' xlink:arcrole='http://www.xbrl.org/2003/arcrole/summation-item' xlink:from='loc_DueToRelatedPartiesCurrentAndNoncurrent' xlink:to='loc_NotesPayableRelatedPartiesCurrentAndNoncurrent' xlink:type='arc' />
<link:calculationArc order='30' weight='1.0' xlink:arcrole='http://www.xbrl.org/2003/arcrole/summation-item' xlink:from='loc_DueToRelatedPartiesCurrentAndNoncurrent' xlink:to='loc_DueToEmployeesCurrentAndNoncurrent' xlink:type='arc' />
<link:calculationArc order='40' weight='1.0' xlink:arcrole='http://www.xbrl.org/2003/arcrole/summation-item' xlink:from='loc_DueToRelatedPartiesCurrentAndNoncurrent' xlink:to='loc_DueToOfficersOrStockholdersCurrentAndNoncurrent' xlink:type='arc' />
<link:calculationArc order='50' weight='1.0' xlink:arcrole='http://www.xbrl.org/2003/arcrole/summation-item' xlink:from='loc_DueToRelatedPartiesCurrentAndNoncurrent' xlink:to='loc_DueToAffiliateCurrentAndNoncurrent' xlink:type='arc' />
<link:calculationArc order='60' weight='1.0' xlink:arcrole='http://www.xbrl.org/2003/arcrole/summation-item' xlink:from='loc_DueToRelatedPartiesCurrentAndNoncurrent' xlink:to='loc_DueToOtherRelatedPartiesCurrentAndNoncurrent' xlink:type='arc' />
<link:calculationArc order='10' weight='1.0' xlink:arcrole='http://www.xbrl.org/2003/arcrole/summation-item' xlink:from='loc_RelatedPartyTransactionDueFromToRelatedPartyCurrent' xlink:to='loc_DueFromRelatedPartiesCurrent' xlink:type='arc' />
<link:calculationArc order='10' weight='1.0' xlink:arcrole='http://www.xbrl.org/2003/arcrole/summation-item' xlink:from='loc_DueFromRelatedPartiesCurrent' xlink:to='loc_AccountsReceivableRelatedPartiesCurrent' xlink:type='arc' />
<link:calculationArc order='20' weight='1.0' xlink:arcrole='http://www.xbrl.org/2003/arcrole/summation-item' xlink:from='loc_DueFromRelatedPartiesCurrent' xlink:to='loc_NotesReceivableRelatedPartiesCurrent' xlink:type='arc' />
<link:calculationArc order='30' weight='1.0' xlink:arcrole='http://www.xbrl.org/2003/arcrole/summation-item' xlink:from='loc_DueFromRelatedPartiesCurrent' xlink:to='loc_DueFromEmployeesCurrent' xlink:type='arc' />
<link:calculationArc order='40' weight='1.0' xlink:arcrole='http://www.xbrl.org/2003/arcrole/summation-item' xlink:from='loc_DueFromRelatedPartiesCurrent' xlink:to='loc_DueFromOfficersOrStockholdersCurrent' xlink:type='arc' />
<link:calculationArc order='50' weight='1.0' xlink:arcrole='http://www.xbrl.org/2003/arcrole/summation-item' xlink:from='loc_DueFromRelatedPartiesCurrent' xlink:to='loc_DueFromAffiliateCurrent' xlink:type='arc' />
<link:calculationArc order='60' weight='1.0' xlink:arcrole='http://www.xbrl.org/2003/arcrole/summation-item' xlink:from='loc_DueFromRelatedPartiesCurrent' xlink:to='loc_DueFromJointVenturesCurrent' xlink:type='arc' />
<link:calculationArc order='70' weight='1.0' xlink:arcrole='http://www.xbrl.org/2003/arcrole/summation-item' xlink:from='loc_DueFromRelatedPartiesCurrent' xlink:to='loc_DueFromOtherRelatedPartiesCurrent' xlink:type='arc' />
<link:calculationArc order='20' weight='-1.0' xlink:arcrole='http://www.xbrl.org/2003/arcrole/summation-item' xlink:from='loc_RelatedPartyTransactionDueFromToRelatedPartyCurrent' xlink:to='loc_DueToRelatedPartiesCurrent' xlink:type='arc' />
<link:calculationArc order='10' weight='1.0' xlink:arcrole='http://www.xbrl.org/2003/arcrole/summation-item' xlink:from='loc_DueToRelatedPartiesCurrent' xlink:to='loc_AccountsPayableRelatedPartiesCurrent' xlink:type='arc' />
<link:calculationArc order='20' weight='1.0' xlink:arcrole='http://www.xbrl.org/2003/arcrole/summation-item' xlink:from='loc_DueToRelatedPartiesCurrent' xlink:to='loc_NotesPayableRelatedPartiesClassifiedCurrent' xlink:type='arc' />
<link:calculationArc order='30' weight='1.0' xlink:arcrole='http://www.xbrl.org/2003/arcrole/summation-item' xlink:from='loc_DueToRelatedPartiesCurrent' xlink:to='loc_DueToEmployeesCurrent' xlink:type='arc' />
<link:calculationArc order='40' weight='1.0' xlink:arcrole='http://www.xbrl.org/2003/arcrole/summation-item' xlink:from='loc_DueToRelatedPartiesCurrent' xlink:to='loc_DueToOfficersOrStockholdersCurrent' xlink:type='arc' />
<link:calculationArc order='50' weight='1.0' xlink:arcrole='http://www.xbrl.org/2003/arcrole/summation-item' xlink:from='loc_DueToRelatedPartiesCurrent' xlink:to='loc_DueToAffiliateCurrent' xlink:type='arc' />
<link:calculationArc order='60' weight='1.0' xlink:arcrole='http://www.xbrl.org/2003/arcrole/summation-item' xlink:from='loc_DueToRelatedPartiesCurrent' xlink:to='loc_DueToOtherRelatedPartiesClassifiedCurrent' xlink:type='arc' />
<link:calculationArc order='10' weight='1.0' xlink:arcrole='http://www.xbrl.org/2003/arcrole/summation-item' xlink:from='loc_RelatedPartyTransactionDueFromToRelatedPartyNoncurrent' xlink:to='loc_DueFromRelatedPartiesNoncurrent' xlink:type='arc' />
<link:calculationArc order='10' weight='1.0' xlink:arcrole='http://www.xbrl.org/2003/arcrole/summation-item' xlink:from='loc_DueFromRelatedPartiesNoncurrent' xlink:to='loc_AccountsReceivableRelatedPartiesNoncurrent' xlink:type='arc' />
<link:calculationArc order='20' weight='1.0' xlink:arcrole='http://www.xbrl.org/2003/arcrole/summation-item' xlink:from='loc_DueFromRelatedPartiesNoncurrent' xlink:to='loc_NotesReceivableRelatedPartiesNoncurrent' xlink:type='arc' />
<link:calculationArc order='30' weight='1.0' xlink:arcrole='http://www.xbrl.org/2003/arcrole/summation-item' xlink:from='loc_DueFromRelatedPartiesNoncurrent' xlink:to='loc_DueFromEmployeesNoncurrent' xlink:type='arc' />
<link:calculationArc order='40' weight='1.0' xlink:arcrole='http://www.xbrl.org/2003/arcrole/summation-item' xlink:from='loc_DueFromRelatedPartiesNoncurrent' xlink:to='loc_DueFromOfficersOrStockholdersNoncurrent' xlink:type='arc' />
<link:calculationArc order='50' weight='1.0' xlink:arcrole='http://www.xbrl.org/2003/arcrole/summation-item' xlink:from='loc_DueFromRelatedPartiesNoncurrent' xlink:to='loc_DueFromJointVenturesNoncurrent' xlink:type='arc' />
<link:calculationArc order='60' weight='1.0' xlink:arcrole='http://www.xbrl.org/2003/arcrole/summation-item' xlink:from='loc_DueFromRelatedPartiesNoncurrent' xlink:to='loc_DueFromAffiliateNoncurrent' xlink:type='arc' />
<link:calculationArc order='70' weight='1.0' xlink:arcrole='http://www.xbrl.org/2003/arcrole/summation-item' xlink:from='loc_DueFromRelatedPartiesNoncurrent' xlink:to='loc_DueFromOtherRelatedPartiesNoncurrent' xlink:type='arc' />
<link:calculationArc order='20' weight='-1.0' xlink:arcrole='http://www.xbrl.org/2003/arcrole/summation-item' xlink:from='loc_RelatedPartyTransactionDueFromToRelatedPartyNoncurrent' xlink:to='loc_DueToRelatedPartiesNoncurrent' xlink:type='arc' />
<link:calculationArc order='10' weight='1.0' xlink:arcrole='http://www.xbrl.org/2003/arcrole/summation-item' xlink:from='loc_DueToRelatedPartiesNoncurrent' xlink:to='loc_AccountsPayableRelatedPartiesNoncurrent' xlink:type='arc' />
<link:calculationArc order='20' weight='1.0' xlink:arcrole='http://www.xbrl.org/2003/arcrole/summation-item' xlink:from='loc_DueToRelatedPartiesNoncurrent' xlink:to='loc_NotesPayableRelatedPartiesNoncurrent' xlink:type='arc' />
<link:calculationArc order='30' weight='1.0' xlink:arcrole='http://www.xbrl.org/2003/arcrole/summation-item' xlink:from='loc_DueToRelatedPartiesNoncurrent' xlink:to='loc_DueToEmployeesNoncurrent' xlink:type='arc' />
<link:calculationArc order='40' weight='1.0' xlink:arcrole='http://www.xbrl.org/2003/arcrole/summation-item' xlink:from='loc_DueToRelatedPartiesNoncurrent' xlink:to='loc_DueToOfficersOrStockholdersNoncurrent' xlink:type='arc' />
<link:calculationArc order='50' weight='1.0' xlink:arcrole='http://www.xbrl.org/2003/arcrole/summation-item' xlink:from='loc_DueToRelatedPartiesNoncurrent' xlink:to='loc_DueToAffiliateNoncurrent' xlink:type='arc' />
<link:calculationArc order='60' weight='1.0' xlink:arcrole='http://www.xbrl.org/2003/arcrole/summation-item' xlink:from='loc_DueToRelatedPartiesNoncurrent' xlink:to='loc_DueToOtherRelatedPartiesNoncurrent' xlink:type='arc' />
</link:calculationLink>
</link:linkbase>
