<?xml version='1.0' encoding='UTF-8'?>

<!--
(c) XBRL US, Inc. 2007-2010; Financial Accounting Foundation, Inc. 2010-2012.  All Rights Reserved.
Notice: Authorized Uses are Set Forth at http://xbrl.fasb.org/terms/TaxonomiesTermsConditions.html
  -->
<link:linkbase xmlns:link='http://www.xbrl.org/2003/linkbase' xmlns:xbrldt='http://xbrl.org/2005/xbrldt' xmlns:xlink='http://www.w3.org/1999/xlink' xmlns:xsi='http://www.w3.org/2001/XMLSchema-instance' xsi:schemaLocation='http://www.xbrl.org/2003/linkbase http://www.xbrl.org/2003/xbrl-linkbase-2003-12-31.xsd'>
<link:roleRef roleURI='http://fasb.org/us-gaap/role/disclosure/SECScheduleArticle12-04CondensedFinancialInformationScheduleOfCondensedFinancialStatementsTable' xlink:href='../elts/us-roles-2012-01-31.xsd#SECScheduleArticle12-04CondensedFinancialInformationScheduleOfCondensedFinancialStatementsTable' xlink:type='simple' />
<link:arcroleRef arcroleURI='http://xbrl.org/int/dim/arcrole/all' xlink:href='http://www.xbrl.org/2005/xbrldt-2005.xsd#all' xlink:type='simple' />
<link:arcroleRef arcroleURI='http://xbrl.org/int/dim/arcrole/dimension-default' xlink:href='http://www.xbrl.org/2005/xbrldt-2005.xsd#dimension-default' xlink:type='simple' />
<link:arcroleRef arcroleURI='http://xbrl.org/int/dim/arcrole/dimension-domain' xlink:href='http://www.xbrl.org/2005/xbrldt-2005.xsd#dimension-domain' xlink:type='simple' />
<link:arcroleRef arcroleURI='http://xbrl.org/int/dim/arcrole/domain-member' xlink:href='http://www.xbrl.org/2005/xbrldt-2005.xsd#domain-member' xlink:type='simple' />
<link:arcroleRef arcroleURI='http://xbrl.org/int/dim/arcrole/hypercube-dimension' xlink:href='http://www.xbrl.org/2005/xbrldt-2005.xsd#hypercube-dimension' xlink:type='simple' />
<link:definitionLink xlink:role='http://fasb.org/us-gaap/role/disclosure/SECScheduleArticle12-04CondensedFinancialInformationScheduleOfCondensedFinancialStatementsTable' xlink:type='extended'>
<link:loc xlink:href='../elts/us-gaap-2012-01-31.xsd#us-gaap_CondensedFinancialStatementsCaptionsLineItems' xlink:label='loc_CondensedFinancialStatementsCaptionsLineItems' xlink:type='locator' />
<link:loc xlink:href='../elts/us-gaap-2012-01-31.xsd#us-gaap_ScheduleOfCondensedFinancialStatementsTable' xlink:label='loc_ScheduleOfCondensedFinancialStatementsTable' xlink:type='locator' />
<link:definitionArc order='1.0' xbrldt:closed='true' xbrldt:contextElement='segment' xlink:arcrole='http://xbrl.org/int/dim/arcrole/all' xlink:from='loc_CondensedFinancialStatementsCaptionsLineItems' xlink:to='loc_ScheduleOfCondensedFinancialStatementsTable' xlink:type='arc' />
</link:definitionLink>
<link:definitionLink xlink:role='http://fasb.org/us-gaap/role/disclosure/SECScheduleArticle12-04CondensedFinancialInformationScheduleOfCondensedFinancialStatementsTable' xlink:type='extended'>
<link:loc xlink:href='http://xbrl.sec.gov/dei/2012/dei-2012-01-31.xsd#dei_LegalEntityAxis' xlink:label='loc_LegalEntityAxis' xlink:type='locator' />
<link:loc xlink:href='http://xbrl.sec.gov/dei/2012/dei-2012-01-31.xsd#dei_EntityDomain' xlink:label='loc_EntityDomain' xlink:type='locator' />
<link:definitionArc order='1.0' xlink:arcrole='http://xbrl.org/int/dim/arcrole/dimension-default' xlink:from='loc_LegalEntityAxis' xlink:to='loc_EntityDomain' xlink:type='arc' />
</link:definitionLink>
<link:definitionLink xlink:role='http://fasb.org/us-gaap/role/disclosure/SECScheduleArticle12-04CondensedFinancialInformationScheduleOfCondensedFinancialStatementsTable' xlink:type='extended'>
<link:loc xlink:href='http://xbrl.sec.gov/dei/2012/dei-2012-01-31.xsd#dei_LegalEntityAxis' xlink:label='loc_LegalEntityAxis' xlink:type='locator' />
<link:loc xlink:href='http://xbrl.sec.gov/dei/2012/dei-2012-01-31.xsd#dei_EntityDomain' xlink:label='loc_EntityDomain' xlink:type='locator' />
<link:definitionArc order='1.0' xlink:arcrole='http://xbrl.org/int/dim/arcrole/dimension-domain' xlink:from='loc_LegalEntityAxis' xlink:to='loc_EntityDomain' xlink:type='arc' />
</link:definitionLink>
<link:definitionLink xlink:role='http://fasb.org/us-gaap/role/disclosure/SECScheduleArticle12-04CondensedFinancialInformationScheduleOfCondensedFinancialStatementsTable' xlink:type='extended'>
<link:loc xlink:href='http://xbrl.sec.gov/dei/2012/dei-2012-01-31.xsd#dei_EntityDomain' xlink:label='loc_EntityDomain' xlink:type='locator' />
<link:loc xlink:href='../elts/us-gaap-2012-01-31.xsd#us-gaap_ParentCompanyMember' xlink:label='loc_ParentCompanyMember' xlink:type='locator' />
<link:loc xlink:href='../elts/us-gaap-2012-01-31.xsd#us-gaap_SubsidiariesMember' xlink:label='loc_SubsidiariesMember' xlink:type='locator' />
<link:loc xlink:href='../elts/us-gaap-2012-01-31.xsd#us-gaap_GuarantorSubsidiariesMember' xlink:label='loc_GuarantorSubsidiariesMember' xlink:type='locator' />
<link:loc xlink:href='../elts/us-gaap-2012-01-31.xsd#us-gaap_ConsolidationEliminationsMember' xlink:label='loc_ConsolidationEliminationsMember' xlink:type='locator' />
<link:definitionArc order='1.0' xlink:arcrole='http://xbrl.org/int/dim/arcrole/domain-member' xlink:from='loc_EntityDomain' xlink:to='loc_ParentCompanyMember' xlink:type='arc' />
<link:definitionArc order='2.0' xlink:arcrole='http://xbrl.org/int/dim/arcrole/domain-member' xlink:from='loc_EntityDomain' xlink:to='loc_SubsidiariesMember' xlink:type='arc' />
<link:definitionArc order='3.0' xlink:arcrole='http://xbrl.org/int/dim/arcrole/domain-member' xlink:from='loc_SubsidiariesMember' xlink:to='loc_GuarantorSubsidiariesMember' xlink:type='arc' />
<link:definitionArc order='4.0' xlink:arcrole='http://xbrl.org/int/dim/arcrole/domain-member' xlink:from='loc_EntityDomain' xlink:to='loc_ConsolidationEliminationsMember' xlink:type='arc' />
</link:definitionLink>
<link:definitionLink xlink:role='http://fasb.org/us-gaap/role/disclosure/SECScheduleArticle12-04CondensedFinancialInformationScheduleOfCondensedFinancialStatementsTable' xlink:type='extended'>
<link:loc xlink:href='../elts/us-gaap-2012-01-31.xsd#us-gaap_ScheduleOfCondensedFinancialStatementsTable' xlink:label='loc_ScheduleOfCondensedFinancialStatementsTable' xlink:type='locator' />
<link:loc xlink:href='http://xbrl.sec.gov/dei/2012/dei-2012-01-31.xsd#dei_LegalEntityAxis' xlink:label='loc_LegalEntityAxis' xlink:type='locator' />
<link:definitionArc order='1.0' xlink:arcrole='http://xbrl.org/int/dim/arcrole/hypercube-dimension' xlink:from='loc_ScheduleOfCondensedFinancialStatementsTable' xlink:to='loc_LegalEntityAxis' xlink:type='arc' />
</link:definitionLink>
</link:linkbase>
