<?xml version='1.0' encoding='UTF-8'?>

<!--
(c) XBRL US, Inc. 2007-2010; Financial Accounting Foundation, Inc. 2010-2012.  All Rights Reserved.
Notice: Authorized Uses are Set Forth at http://xbrl.fasb.org/terms/TaxonomiesTermsConditions.html
  -->
<link:linkbase xmlns:link='http://www.xbrl.org/2003/linkbase' xmlns:xbrldt='http://xbrl.org/2005/xbrldt' xmlns:xlink='http://www.w3.org/1999/xlink' xmlns:xsi='http://www.w3.org/2001/XMLSchema-instance' xsi:schemaLocation='http://www.xbrl.org/2003/linkbase http://www.xbrl.org/2003/xbrl-linkbase-2003-12-31.xsd'>
<link:roleRef roleURI='http://fasb.org/us-gaap/role/disclosure/HealthCareOrganizationsCalc1' xlink:href='../elts/us-roles-2012-01-31.xsd#hco1' xlink:type='simple' />
<link:calculationLink xlink:role='http://fasb.org/us-gaap/role/disclosure/HealthCareOrganizationsCalc1' xlink:type='extended'>
<link:loc xlink:href='../elts/us-gaap-2012-01-31.xsd#us-gaap_HealthCareOrganizationRevenueNetOfPatientServiceRevenueProvisions' xlink:label='loc_HealthCareOrganizationRevenueNetOfPatientServiceRevenueProvisions' xlink:type='locator' />
<link:loc xlink:href='../elts/us-gaap-2012-01-31.xsd#us-gaap_HealthCareOrganizationPremiumRevenue' xlink:label='loc_HealthCareOrganizationPremiumRevenue' xlink:type='locator' />
<link:loc xlink:href='../elts/us-gaap-2012-01-31.xsd#us-gaap_HealthCareOrganizationCapitationRevenue' xlink:label='loc_HealthCareOrganizationCapitationRevenue' xlink:type='locator' />
<link:loc xlink:href='../elts/us-gaap-2012-01-31.xsd#us-gaap_HealthCareOrganizationResidentServiceRevenue' xlink:label='loc_HealthCareOrganizationResidentServiceRevenue' xlink:type='locator' />
<link:loc xlink:href='../elts/us-gaap-2012-01-31.xsd#us-gaap_HealthCareOrganizationOtherRevenue' xlink:label='loc_HealthCareOrganizationOtherRevenue' xlink:type='locator' />
<link:loc xlink:href='../elts/us-gaap-2012-01-31.xsd#us-gaap_HealthCareOrganizationPatientServiceRevenueLessProvisionForBadDebts' xlink:label='loc_HealthCareOrganizationPatientServiceRevenueLessProvisionForBadDebts' xlink:type='locator' />
<link:loc xlink:href='../elts/us-gaap-2012-01-31.xsd#us-gaap_HealthCareOrganizationPatientServiceRevenueProvisionforBadDebts' xlink:label='loc_HealthCareOrganizationPatientServiceRevenueProvisionforBadDebts' xlink:type='locator' />
<link:loc xlink:href='../elts/us-gaap-2012-01-31.xsd#us-gaap_HealthCareOrganizationPatientServiceRevenue' xlink:label='loc_HealthCareOrganizationPatientServiceRevenue' xlink:type='locator' />
<link:calculationArc order='10' weight='1.0' xlink:arcrole='http://www.xbrl.org/2003/arcrole/summation-item' xlink:from='loc_HealthCareOrganizationRevenueNetOfPatientServiceRevenueProvisions' xlink:to='loc_HealthCareOrganizationPremiumRevenue' xlink:type='arc' />
<link:calculationArc order='20' weight='1.0' xlink:arcrole='http://www.xbrl.org/2003/arcrole/summation-item' xlink:from='loc_HealthCareOrganizationRevenueNetOfPatientServiceRevenueProvisions' xlink:to='loc_HealthCareOrganizationCapitationRevenue' xlink:type='arc' />
<link:calculationArc order='30' weight='1.0' xlink:arcrole='http://www.xbrl.org/2003/arcrole/summation-item' xlink:from='loc_HealthCareOrganizationRevenueNetOfPatientServiceRevenueProvisions' xlink:to='loc_HealthCareOrganizationResidentServiceRevenue' xlink:type='arc' />
<link:calculationArc order='40' weight='1.0' xlink:arcrole='http://www.xbrl.org/2003/arcrole/summation-item' xlink:from='loc_HealthCareOrganizationRevenueNetOfPatientServiceRevenueProvisions' xlink:to='loc_HealthCareOrganizationOtherRevenue' xlink:type='arc' />
<link:calculationArc order='50' weight='1.0' xlink:arcrole='http://www.xbrl.org/2003/arcrole/summation-item' xlink:from='loc_HealthCareOrganizationRevenueNetOfPatientServiceRevenueProvisions' xlink:to='loc_HealthCareOrganizationPatientServiceRevenueLessProvisionForBadDebts' xlink:type='arc' />
<link:calculationArc order='10' weight='-1.0' xlink:arcrole='http://www.xbrl.org/2003/arcrole/summation-item' xlink:from='loc_HealthCareOrganizationPatientServiceRevenueLessProvisionForBadDebts' xlink:to='loc_HealthCareOrganizationPatientServiceRevenueProvisionforBadDebts' xlink:type='arc' />
<link:calculationArc order='20' weight='1.0' xlink:arcrole='http://www.xbrl.org/2003/arcrole/summation-item' xlink:from='loc_HealthCareOrganizationPatientServiceRevenueLessProvisionForBadDebts' xlink:to='loc_HealthCareOrganizationPatientServiceRevenue' xlink:type='arc' />
</link:calculationLink>
</link:linkbase>
