<?xml version='1.0' encoding='UTF-8'?>

<!--
(c) XBRL US, Inc. 2007-2010; Financial Accounting Foundation, Inc. 2010-2012.  All Rights Reserved.
Notice: Authorized Uses are Set Forth at http://xbrl.fasb.org/terms/TaxonomiesTermsConditions.html
  -->
<link:linkbase xmlns:link='http://www.xbrl.org/2003/linkbase' xmlns:xbrldt='http://xbrl.org/2005/xbrldt' xmlns:xlink='http://www.w3.org/1999/xlink' xmlns:xsi='http://www.w3.org/2001/XMLSchema-instance' xsi:schemaLocation='http://www.xbrl.org/2003/linkbase http://www.xbrl.org/2003/xbrl-linkbase-2003-12-31.xsd'>
<link:roleRef roleURI='http://fasb.org/us-gaap/role/disclosure/IncomeTaxesCalc2' xlink:href='../elts/us-roles-2012-01-31.xsd#inctax2' xlink:type='simple' />
<link:calculationLink xlink:role='http://fasb.org/us-gaap/role/disclosure/IncomeTaxesCalc2' xlink:type='extended'>
<link:loc xlink:href='../elts/us-gaap-2012-01-31.xsd#us-gaap_DeferredTaxAssetsLiabilitiesNet' xlink:label='loc_DeferredTaxAssetsLiabilitiesNet' xlink:type='locator' />
<link:loc xlink:href='../elts/us-gaap-2012-01-31.xsd#us-gaap_DeferredTaxAssetsLiabilitiesNetCurrent' xlink:label='loc_DeferredTaxAssetsLiabilitiesNetCurrent' xlink:type='locator' />
<link:loc xlink:href='../elts/us-gaap-2012-01-31.xsd#us-gaap_DeferredTaxAssetsLiabilitiesNetNoncurrent' xlink:label='loc_DeferredTaxAssetsLiabilitiesNetNoncurrent' xlink:type='locator' />
<link:loc xlink:href='../elts/us-gaap-2012-01-31.xsd#us-gaap_DeferredTaxAssetsNet' xlink:label='loc_DeferredTaxAssetsNet' xlink:type='locator' />
<link:loc xlink:href='../elts/us-gaap-2012-01-31.xsd#us-gaap_DeferredTaxAssetsNetCurrent' xlink:label='loc_DeferredTaxAssetsNetCurrent' xlink:type='locator' />
<link:loc xlink:href='../elts/us-gaap-2012-01-31.xsd#us-gaap_DeferredTaxAssetsGrossCurrent' xlink:label='loc_DeferredTaxAssetsGrossCurrent' xlink:type='locator' />
<link:loc xlink:href='../elts/us-gaap-2012-01-31.xsd#us-gaap_DeferredTaxAssetsValuationAllowanceCurrent' xlink:label='loc_DeferredTaxAssetsValuationAllowanceCurrent' xlink:type='locator' />
<link:loc xlink:href='../elts/us-gaap-2012-01-31.xsd#us-gaap_DeferredTaxAssetsNetNoncurrent' xlink:label='loc_DeferredTaxAssetsNetNoncurrent' xlink:type='locator' />
<link:loc xlink:href='../elts/us-gaap-2012-01-31.xsd#us-gaap_DeferredTaxAssetsGrossNoncurrent' xlink:label='loc_DeferredTaxAssetsGrossNoncurrent' xlink:type='locator' />
<link:loc xlink:href='../elts/us-gaap-2012-01-31.xsd#us-gaap_DeferredTaxAssetsValuationAllowanceNoncurrent' xlink:label='loc_DeferredTaxAssetsValuationAllowanceNoncurrent' xlink:type='locator' />
<link:loc xlink:href='../elts/us-gaap-2012-01-31.xsd#us-gaap_DeferredIncomeTaxLiabilities' xlink:label='loc_DeferredIncomeTaxLiabilities' xlink:type='locator' />
<link:loc xlink:href='../elts/us-gaap-2012-01-31.xsd#us-gaap_DeferredTaxLiabilitiesGrossCurrent' xlink:label='loc_DeferredTaxLiabilitiesGrossCurrent' xlink:type='locator' />
<link:loc xlink:href='../elts/us-gaap-2012-01-31.xsd#us-gaap_DeferredTaxLiabilitiesGrossNoncurrent' xlink:label='loc_DeferredTaxLiabilitiesGrossNoncurrent' xlink:type='locator' />
<link:loc xlink:href='../elts/us-gaap-2012-01-31.xsd#us-gaap_DeferredTaxLiabilities' xlink:label='loc_DeferredTaxLiabilities' xlink:type='locator' />
<link:loc xlink:href='../elts/us-gaap-2012-01-31.xsd#us-gaap_DeferredTaxLiabilitiesCurrent' xlink:label='loc_DeferredTaxLiabilitiesCurrent' xlink:type='locator' />
<link:loc xlink:href='../elts/us-gaap-2012-01-31.xsd#us-gaap_DeferredTaxLiabilitiesNoncurrent' xlink:label='loc_DeferredTaxLiabilitiesNoncurrent' xlink:type='locator' />
<link:loc xlink:href='../elts/us-gaap-2012-01-31.xsd#us-gaap_IncomeTaxExpenseBenefitContinuingOperations' xlink:label='loc_IncomeTaxExpenseBenefitContinuingOperations' xlink:type='locator' />
<link:loc xlink:href='../elts/us-gaap-2012-01-31.xsd#us-gaap_CurrentIncomeTaxExpenseBenefit' xlink:label='loc_CurrentIncomeTaxExpenseBenefit' xlink:type='locator' />
<link:loc xlink:href='../elts/us-gaap-2012-01-31.xsd#us-gaap_CurrentFederalTaxExpenseBenefit' xlink:label='loc_CurrentFederalTaxExpenseBenefit' xlink:type='locator' />
<link:loc xlink:href='../elts/us-gaap-2012-01-31.xsd#us-gaap_CurrentForeignTaxExpenseBenefit' xlink:label='loc_CurrentForeignTaxExpenseBenefit' xlink:type='locator' />
<link:loc xlink:href='../elts/us-gaap-2012-01-31.xsd#us-gaap_CurrentStateAndLocalTaxExpenseBenefit' xlink:label='loc_CurrentStateAndLocalTaxExpenseBenefit' xlink:type='locator' />
<link:loc xlink:href='../elts/us-gaap-2012-01-31.xsd#us-gaap_DeferredIncomeTaxExpenseBenefit' xlink:label='loc_DeferredIncomeTaxExpenseBenefit' xlink:type='locator' />
<link:loc xlink:href='../elts/us-gaap-2012-01-31.xsd#us-gaap_DeferredFederalIncomeTaxExpenseBenefit' xlink:label='loc_DeferredFederalIncomeTaxExpenseBenefit' xlink:type='locator' />
<link:loc xlink:href='../elts/us-gaap-2012-01-31.xsd#us-gaap_DeferredForeignIncomeTaxExpenseBenefit' xlink:label='loc_DeferredForeignIncomeTaxExpenseBenefit' xlink:type='locator' />
<link:loc xlink:href='../elts/us-gaap-2012-01-31.xsd#us-gaap_DeferredStateAndLocalIncomeTaxExpenseBenefit' xlink:label='loc_DeferredStateAndLocalIncomeTaxExpenseBenefit' xlink:type='locator' />
<link:loc xlink:href='../elts/us-gaap-2012-01-31.xsd#us-gaap_IncomeTaxExpenseBenefitContinuingOperationsGovernmentGrants' xlink:label='loc_IncomeTaxExpenseBenefitContinuingOperationsGovernmentGrants' xlink:type='locator' />
<link:loc xlink:href='../elts/us-gaap-2012-01-31.xsd#us-gaap_IncomeTaxExpenseBenefitContinuingOperationsAdjustmentOfDeferredTaxAssetLiability' xlink:label='loc_IncomeTaxExpenseBenefitContinuingOperationsAdjustmentOfDeferredTaxAssetLiability' xlink:type='locator' />
<link:loc xlink:href='../elts/us-gaap-2012-01-31.xsd#us-gaap_OtherTaxExpenseBenefit' xlink:label='loc_OtherTaxExpenseBenefit' xlink:type='locator' />
<link:loc xlink:href='../elts/us-gaap-2012-01-31.xsd#us-gaap_DeferredOtherTaxExpenseBenefit' xlink:label='loc_DeferredOtherTaxExpenseBenefit' xlink:type='locator' />
<link:calculationArc order='10' weight='1.0' xlink:arcrole='http://www.xbrl.org/2003/arcrole/summation-item' xlink:from='loc_DeferredTaxAssetsLiabilitiesNet' xlink:to='loc_DeferredTaxAssetsLiabilitiesNetCurrent' xlink:type='arc' />
<link:calculationArc order='20' weight='1.0' xlink:arcrole='http://www.xbrl.org/2003/arcrole/summation-item' xlink:from='loc_DeferredTaxAssetsLiabilitiesNet' xlink:to='loc_DeferredTaxAssetsLiabilitiesNetNoncurrent' xlink:type='arc' />
<link:calculationArc order='10' weight='1.0' xlink:arcrole='http://www.xbrl.org/2003/arcrole/summation-item' xlink:from='loc_DeferredTaxAssetsNet' xlink:to='loc_DeferredTaxAssetsNetCurrent' xlink:type='arc' />
<link:calculationArc order='10' weight='1.0' xlink:arcrole='http://www.xbrl.org/2003/arcrole/summation-item' xlink:from='loc_DeferredTaxAssetsNetCurrent' xlink:to='loc_DeferredTaxAssetsGrossCurrent' xlink:type='arc' />
<link:calculationArc order='20' weight='-1.0' xlink:arcrole='http://www.xbrl.org/2003/arcrole/summation-item' xlink:from='loc_DeferredTaxAssetsNetCurrent' xlink:to='loc_DeferredTaxAssetsValuationAllowanceCurrent' xlink:type='arc' />
<link:calculationArc order='20' weight='1.0' xlink:arcrole='http://www.xbrl.org/2003/arcrole/summation-item' xlink:from='loc_DeferredTaxAssetsNet' xlink:to='loc_DeferredTaxAssetsNetNoncurrent' xlink:type='arc' />
<link:calculationArc order='10' weight='1.0' xlink:arcrole='http://www.xbrl.org/2003/arcrole/summation-item' xlink:from='loc_DeferredTaxAssetsNetNoncurrent' xlink:to='loc_DeferredTaxAssetsGrossNoncurrent' xlink:type='arc' />
<link:calculationArc order='20' weight='-1.0' xlink:arcrole='http://www.xbrl.org/2003/arcrole/summation-item' xlink:from='loc_DeferredTaxAssetsNetNoncurrent' xlink:to='loc_DeferredTaxAssetsValuationAllowanceNoncurrent' xlink:type='arc' />
<link:calculationArc order='10' weight='1.0' xlink:arcrole='http://www.xbrl.org/2003/arcrole/summation-item' xlink:from='loc_DeferredIncomeTaxLiabilities' xlink:to='loc_DeferredTaxLiabilitiesGrossCurrent' xlink:type='arc' />
<link:calculationArc order='20' weight='1.0' xlink:arcrole='http://www.xbrl.org/2003/arcrole/summation-item' xlink:from='loc_DeferredIncomeTaxLiabilities' xlink:to='loc_DeferredTaxLiabilitiesGrossNoncurrent' xlink:type='arc' />
<link:calculationArc order='10' weight='1.0' xlink:arcrole='http://www.xbrl.org/2003/arcrole/summation-item' xlink:from='loc_DeferredTaxLiabilities' xlink:to='loc_DeferredTaxLiabilitiesCurrent' xlink:type='arc' />
<link:calculationArc order='20' weight='1.0' xlink:arcrole='http://www.xbrl.org/2003/arcrole/summation-item' xlink:from='loc_DeferredTaxLiabilities' xlink:to='loc_DeferredTaxLiabilitiesNoncurrent' xlink:type='arc' />
<link:calculationArc order='10' weight='1.0' xlink:arcrole='http://www.xbrl.org/2003/arcrole/summation-item' xlink:from='loc_IncomeTaxExpenseBenefitContinuingOperations' xlink:to='loc_CurrentIncomeTaxExpenseBenefit' xlink:type='arc' />
<link:calculationArc order='10' weight='1.0' xlink:arcrole='http://www.xbrl.org/2003/arcrole/summation-item' xlink:from='loc_CurrentIncomeTaxExpenseBenefit' xlink:to='loc_CurrentFederalTaxExpenseBenefit' xlink:type='arc' />
<link:calculationArc order='20' weight='1.0' xlink:arcrole='http://www.xbrl.org/2003/arcrole/summation-item' xlink:from='loc_CurrentIncomeTaxExpenseBenefit' xlink:to='loc_CurrentForeignTaxExpenseBenefit' xlink:type='arc' />
<link:calculationArc order='30' weight='1.0' xlink:arcrole='http://www.xbrl.org/2003/arcrole/summation-item' xlink:from='loc_CurrentIncomeTaxExpenseBenefit' xlink:to='loc_CurrentStateAndLocalTaxExpenseBenefit' xlink:type='arc' />
<link:calculationArc order='20' weight='1.0' xlink:arcrole='http://www.xbrl.org/2003/arcrole/summation-item' xlink:from='loc_IncomeTaxExpenseBenefitContinuingOperations' xlink:to='loc_DeferredIncomeTaxExpenseBenefit' xlink:type='arc' />
<link:calculationArc order='10' weight='1.0' xlink:arcrole='http://www.xbrl.org/2003/arcrole/summation-item' xlink:from='loc_DeferredIncomeTaxExpenseBenefit' xlink:to='loc_DeferredFederalIncomeTaxExpenseBenefit' xlink:type='arc' />
<link:calculationArc order='20' weight='1.0' xlink:arcrole='http://www.xbrl.org/2003/arcrole/summation-item' xlink:from='loc_DeferredIncomeTaxExpenseBenefit' xlink:to='loc_DeferredForeignIncomeTaxExpenseBenefit' xlink:type='arc' />
<link:calculationArc order='30' weight='1.0' xlink:arcrole='http://www.xbrl.org/2003/arcrole/summation-item' xlink:from='loc_DeferredIncomeTaxExpenseBenefit' xlink:to='loc_DeferredStateAndLocalIncomeTaxExpenseBenefit' xlink:type='arc' />
<link:calculationArc order='30' weight='-1.0' xlink:arcrole='http://www.xbrl.org/2003/arcrole/summation-item' xlink:from='loc_IncomeTaxExpenseBenefitContinuingOperations' xlink:to='loc_IncomeTaxExpenseBenefitContinuingOperationsGovernmentGrants' xlink:type='arc' />
<link:calculationArc order='40' weight='1.0' xlink:arcrole='http://www.xbrl.org/2003/arcrole/summation-item' xlink:from='loc_IncomeTaxExpenseBenefitContinuingOperations' xlink:to='loc_IncomeTaxExpenseBenefitContinuingOperationsAdjustmentOfDeferredTaxAssetLiability' xlink:type='arc' />
<link:calculationArc order='50' weight='1.0' xlink:arcrole='http://www.xbrl.org/2003/arcrole/summation-item' xlink:from='loc_IncomeTaxExpenseBenefitContinuingOperations' xlink:to='loc_OtherTaxExpenseBenefit' xlink:type='arc' />
<link:calculationArc order='60' weight='1.0' xlink:arcrole='http://www.xbrl.org/2003/arcrole/summation-item' xlink:from='loc_IncomeTaxExpenseBenefitContinuingOperations' xlink:to='loc_DeferredOtherTaxExpenseBenefit' xlink:type='arc' />
</link:calculationLink>
</link:linkbase>
