<?xml version='1.0' encoding='UTF-8'?>

<!--
(c) XBRL US, Inc. 2007-2010; Financial Accounting Foundation, Inc. 2010-2012.  All Rights Reserved.
Notice: Authorized Uses are Set Forth at http://xbrl.fasb.org/terms/TaxonomiesTermsConditions.html
  -->
<link:linkbase xmlns:link='http://www.xbrl.org/2003/linkbase' xmlns:xbrldt='http://xbrl.org/2005/xbrldt' xmlns:xlink='http://www.w3.org/1999/xlink' xmlns:xsi='http://www.w3.org/2001/XMLSchema-instance' xsi:schemaLocation='http://www.xbrl.org/2003/linkbase http://www.xbrl.org/2003/xbrl-linkbase-2003-12-31.xsd'>
<link:roleRef roleURI='http://fasb.org/us-gaap/role/disclosure/RealEstate' xlink:href='../elts/us-roles-2012-01-31.xsd#re' xlink:type='simple' />
<link:calculationLink xlink:role='http://fasb.org/us-gaap/role/disclosure/RealEstate' xlink:type='extended'>
<link:loc xlink:href='../elts/us-gaap-2012-01-31.xsd#us-gaap_GroundLeasesNet' xlink:label='loc_GroundLeasesNet' xlink:type='locator' />
<link:loc xlink:href='../elts/us-gaap-2012-01-31.xsd#us-gaap_GroundLeasesAccumulatedAmortization' xlink:label='loc_GroundLeasesAccumulatedAmortization' xlink:type='locator' />
<link:loc xlink:href='../elts/us-gaap-2012-01-31.xsd#us-gaap_GroundLeasesGross' xlink:label='loc_GroundLeasesGross' xlink:type='locator' />
<link:loc xlink:href='../elts/us-gaap-2012-01-31.xsd#us-gaap_InventoryOperativeBuilders' xlink:label='loc_InventoryOperativeBuilders' xlink:type='locator' />
<link:loc xlink:href='../elts/us-gaap-2012-01-31.xsd#us-gaap_InventoryHomesUnderConstruction' xlink:label='loc_InventoryHomesUnderConstruction' xlink:type='locator' />
<link:loc xlink:href='../elts/us-gaap-2012-01-31.xsd#us-gaap_InventoryFinishedHomes' xlink:label='loc_InventoryFinishedHomes' xlink:type='locator' />
<link:loc xlink:href='../elts/us-gaap-2012-01-31.xsd#us-gaap_InventoryRealEstateLandAndLandDevelopmentCosts' xlink:label='loc_InventoryRealEstateLandAndLandDevelopmentCosts' xlink:type='locator' />
<link:loc xlink:href='../elts/us-gaap-2012-01-31.xsd#us-gaap_InventoryLandHeldForDevelopmentAndSale' xlink:label='loc_InventoryLandHeldForDevelopmentAndSale' xlink:type='locator' />
<link:loc xlink:href='../elts/us-gaap-2012-01-31.xsd#us-gaap_InventoryBuildingsAndImprovements' xlink:label='loc_InventoryBuildingsAndImprovements' xlink:type='locator' />
<link:loc xlink:href='../elts/us-gaap-2012-01-31.xsd#us-gaap_RealEstateInventoryCapitalizedInterestCosts' xlink:label='loc_RealEstateInventoryCapitalizedInterestCosts' xlink:type='locator' />
<link:loc xlink:href='../elts/us-gaap-2012-01-31.xsd#us-gaap_LandUnderPurchaseOptionsRecorded' xlink:label='loc_LandUnderPurchaseOptionsRecorded' xlink:type='locator' />
<link:loc xlink:href='../elts/us-gaap-2012-01-31.xsd#us-gaap_RealEstateInventoryConstructionMaterials' xlink:label='loc_RealEstateInventoryConstructionMaterials' xlink:type='locator' />
<link:loc xlink:href='../elts/us-gaap-2012-01-31.xsd#us-gaap_InventoryLandHeldForSale' xlink:label='loc_InventoryLandHeldForSale' xlink:type='locator' />
<link:loc xlink:href='../elts/us-gaap-2012-01-31.xsd#us-gaap_InventoryOperativeBuildersOther' xlink:label='loc_InventoryOperativeBuildersOther' xlink:type='locator' />
<link:loc xlink:href='../elts/us-gaap-2012-01-31.xsd#us-gaap_OtherRealEstate' xlink:label='loc_OtherRealEstate' xlink:type='locator' />
<link:loc xlink:href='../elts/us-gaap-2012-01-31.xsd#us-gaap_OtherRealEstateCovered' xlink:label='loc_OtherRealEstateCovered' xlink:type='locator' />
<link:loc xlink:href='../elts/us-gaap-2012-01-31.xsd#us-gaap_OtherRealEstateNonCovered' xlink:label='loc_OtherRealEstateNonCovered' xlink:type='locator' />
<link:loc xlink:href='../elts/us-gaap-2012-01-31.xsd#us-gaap_OtherRealEstateCoveredPeriodIncreaseDecrease' xlink:label='loc_OtherRealEstateCoveredPeriodIncreaseDecrease' xlink:type='locator' />
<link:loc xlink:href='../elts/us-gaap-2012-01-31.xsd#us-gaap_OtherRealEstateCoveredAdditions' xlink:label='loc_OtherRealEstateCoveredAdditions' xlink:type='locator' />
<link:loc xlink:href='../elts/us-gaap-2012-01-31.xsd#us-gaap_OtherRealEstateCoveredImprovements' xlink:label='loc_OtherRealEstateCoveredImprovements' xlink:type='locator' />
<link:loc xlink:href='../elts/us-gaap-2012-01-31.xsd#us-gaap_OtherRealEstateCoveredDisposals' xlink:label='loc_OtherRealEstateCoveredDisposals' xlink:type='locator' />
<link:loc xlink:href='../elts/us-gaap-2012-01-31.xsd#us-gaap_OtherRealEstateCoveredValuationAdjustments' xlink:label='loc_OtherRealEstateCoveredValuationAdjustments' xlink:type='locator' />
<link:loc xlink:href='../elts/us-gaap-2012-01-31.xsd#us-gaap_OtherRealEstateNonCoveredPeriodIncreaseDecrease' xlink:label='loc_OtherRealEstateNonCoveredPeriodIncreaseDecrease' xlink:type='locator' />
<link:loc xlink:href='../elts/us-gaap-2012-01-31.xsd#us-gaap_OtherRealEstateNonCoveredAdditions' xlink:label='loc_OtherRealEstateNonCoveredAdditions' xlink:type='locator' />
<link:loc xlink:href='../elts/us-gaap-2012-01-31.xsd#us-gaap_OtherRealEstateNonCoveredImprovements' xlink:label='loc_OtherRealEstateNonCoveredImprovements' xlink:type='locator' />
<link:loc xlink:href='../elts/us-gaap-2012-01-31.xsd#us-gaap_OtherRealEstateNonCoveredDisposals' xlink:label='loc_OtherRealEstateNonCoveredDisposals' xlink:type='locator' />
<link:loc xlink:href='../elts/us-gaap-2012-01-31.xsd#us-gaap_OtherRealEstateNonCoveredValuationAdjustments' xlink:label='loc_OtherRealEstateNonCoveredValuationAdjustments' xlink:type='locator' />
<link:loc xlink:href='../elts/us-gaap-2012-01-31.xsd#us-gaap_OtherRealEstatePeriodIncreaseDecrease' xlink:label='loc_OtherRealEstatePeriodIncreaseDecrease' xlink:type='locator' />
<link:loc xlink:href='../elts/us-gaap-2012-01-31.xsd#us-gaap_OtherRealEstateAdditions' xlink:label='loc_OtherRealEstateAdditions' xlink:type='locator' />
<link:loc xlink:href='../elts/us-gaap-2012-01-31.xsd#us-gaap_OtherRealEstateImprovements' xlink:label='loc_OtherRealEstateImprovements' xlink:type='locator' />
<link:loc xlink:href='../elts/us-gaap-2012-01-31.xsd#us-gaap_OtherRealEstateDisposals' xlink:label='loc_OtherRealEstateDisposals' xlink:type='locator' />
<link:loc xlink:href='../elts/us-gaap-2012-01-31.xsd#us-gaap_OtherRealEstateValuationAdjustments' xlink:label='loc_OtherRealEstateValuationAdjustments' xlink:type='locator' />
<link:loc xlink:href='../elts/us-gaap-2012-01-31.xsd#us-gaap_RealEstateInventoryCapitalizedInterestCostsPeriodIncreaseDecrease' xlink:label='loc_RealEstateInventoryCapitalizedInterestCostsPeriodIncreaseDecrease' xlink:type='locator' />
<link:loc xlink:href='../elts/us-gaap-2012-01-31.xsd#us-gaap_RealEstateInventoryCapitalizedInterestCostsIncurred' xlink:label='loc_RealEstateInventoryCapitalizedInterestCostsIncurred' xlink:type='locator' />
<link:loc xlink:href='../elts/us-gaap-2012-01-31.xsd#us-gaap_RealEstateInventoryCapitalizedInterestCostsInAcquiredInventory' xlink:label='loc_RealEstateInventoryCapitalizedInterestCostsInAcquiredInventory' xlink:type='locator' />
<link:loc xlink:href='../elts/us-gaap-2012-01-31.xsd#us-gaap_RealEstateInventoryCapitalizedInterestCostsCostOfSales' xlink:label='loc_RealEstateInventoryCapitalizedInterestCostsCostOfSales' xlink:type='locator' />
<link:loc xlink:href='../elts/us-gaap-2012-01-31.xsd#us-gaap_RealEstateInvestments' xlink:label='loc_RealEstateInvestments' xlink:type='locator' />
<link:loc xlink:href='../elts/us-gaap-2012-01-31.xsd#us-gaap_RealEstateInvestmentPropertyNet' xlink:label='loc_RealEstateInvestmentPropertyNet' xlink:type='locator' />
<link:loc xlink:href='../elts/us-gaap-2012-01-31.xsd#us-gaap_RealEstateInvestmentPropertyAtCost' xlink:label='loc_RealEstateInvestmentPropertyAtCost' xlink:type='locator' />
<link:loc xlink:href='../elts/us-gaap-2012-01-31.xsd#us-gaap_LandAvailableForSale' xlink:label='loc_LandAvailableForSale' xlink:type='locator' />
<link:loc xlink:href='../elts/us-gaap-2012-01-31.xsd#us-gaap_TenantImprovements' xlink:label='loc_TenantImprovements' xlink:type='locator' />
<link:loc xlink:href='../elts/us-gaap-2012-01-31.xsd#us-gaap_FixturesAndEquipmentGross' xlink:label='loc_FixturesAndEquipmentGross' xlink:type='locator' />
<link:loc xlink:href='../elts/us-gaap-2012-01-31.xsd#us-gaap_RealEstateHeldforsale' xlink:label='loc_RealEstateHeldforsale' xlink:type='locator' />
<link:loc xlink:href='../elts/us-gaap-2012-01-31.xsd#us-gaap_LandAndLandImprovements' xlink:label='loc_LandAndLandImprovements' xlink:type='locator' />
<link:loc xlink:href='../elts/us-gaap-2012-01-31.xsd#us-gaap_Land' xlink:label='loc_Land' xlink:type='locator' />
<link:loc xlink:href='../elts/us-gaap-2012-01-31.xsd#us-gaap_LandImprovements' xlink:label='loc_LandImprovements' xlink:type='locator' />
<link:loc xlink:href='../elts/us-gaap-2012-01-31.xsd#us-gaap_LandAvailableForDevelopment' xlink:label='loc_LandAvailableForDevelopment' xlink:type='locator' />
<link:loc xlink:href='../elts/us-gaap-2012-01-31.xsd#us-gaap_InvestmentBuildingAndBuildingImprovements' xlink:label='loc_InvestmentBuildingAndBuildingImprovements' xlink:type='locator' />
<link:loc xlink:href='../elts/us-gaap-2012-01-31.xsd#us-gaap_DevelopmentInProcess' xlink:label='loc_DevelopmentInProcess' xlink:type='locator' />
<link:loc xlink:href='../elts/us-gaap-2012-01-31.xsd#us-gaap_RealEstateAcquiredThroughForeclosure' xlink:label='loc_RealEstateAcquiredThroughForeclosure' xlink:type='locator' />
<link:loc xlink:href='../elts/us-gaap-2012-01-31.xsd#us-gaap_RentalProperties' xlink:label='loc_RentalProperties' xlink:type='locator' />
<link:loc xlink:href='../elts/us-gaap-2012-01-31.xsd#us-gaap_RealEstateInvestmentsOther' xlink:label='loc_RealEstateInvestmentsOther' xlink:type='locator' />
<link:loc xlink:href='../elts/us-gaap-2012-01-31.xsd#us-gaap_RealEstateInvestmentPropertyAccumulatedDepreciation' xlink:label='loc_RealEstateInvestmentPropertyAccumulatedDepreciation' xlink:type='locator' />
<link:loc xlink:href='../elts/us-gaap-2012-01-31.xsd#us-gaap_RealEstateInvestmentsJointVentures' xlink:label='loc_RealEstateInvestmentsJointVentures' xlink:type='locator' />
<link:loc xlink:href='../elts/us-gaap-2012-01-31.xsd#us-gaap_RealEstateInvestmentsUnconsolidatedRealEstateAndOtherJointVentures' xlink:label='loc_RealEstateInvestmentsUnconsolidatedRealEstateAndOtherJointVentures' xlink:type='locator' />
<link:loc xlink:href='../elts/us-gaap-2012-01-31.xsd#us-gaap_RealEstateOwnedValuationAllowancePeriodIncreaseDecrease' xlink:label='loc_RealEstateOwnedValuationAllowancePeriodIncreaseDecrease' xlink:type='locator' />
<link:loc xlink:href='../elts/us-gaap-2012-01-31.xsd#us-gaap_RealEstateOwnedValuationAllowanceProvision' xlink:label='loc_RealEstateOwnedValuationAllowanceProvision' xlink:type='locator' />
<link:loc xlink:href='../elts/us-gaap-2012-01-31.xsd#us-gaap_RealEstateOwnedValuationAllowanceAmountsApplied' xlink:label='loc_RealEstateOwnedValuationAllowanceAmountsApplied' xlink:type='locator' />
<link:loc xlink:href='../elts/us-gaap-2012-01-31.xsd#us-gaap_ForeclosedAssets' xlink:label='loc_ForeclosedAssets' xlink:type='locator' />
<link:loc xlink:href='../elts/us-gaap-2012-01-31.xsd#us-gaap_OtherForeclosedAssets' xlink:label='loc_OtherForeclosedAssets' xlink:type='locator' />
<link:loc xlink:href='../elts/us-gaap-2012-01-31.xsd#us-gaap_RetailLandSalesEstimatedCostOfMajorImprovements' xlink:label='loc_RetailLandSalesEstimatedCostOfMajorImprovements' xlink:type='locator' />
<link:loc xlink:href='../elts/us-gaap-2012-01-31.xsd#us-gaap_RetailLandSalesEstimatedCostOfMajorImprovementsFirstYear' xlink:label='loc_RetailLandSalesEstimatedCostOfMajorImprovementsFirstYear' xlink:type='locator' />
<link:loc xlink:href='../elts/us-gaap-2012-01-31.xsd#us-gaap_RetailLandSalesEstimatedCostOfMajorImprovementsSecondYear' xlink:label='loc_RetailLandSalesEstimatedCostOfMajorImprovementsSecondYear' xlink:type='locator' />
<link:loc xlink:href='../elts/us-gaap-2012-01-31.xsd#us-gaap_RetailLandSalesEstimatedCostOfMajorImprovementsThirdYear' xlink:label='loc_RetailLandSalesEstimatedCostOfMajorImprovementsThirdYear' xlink:type='locator' />
<link:loc xlink:href='../elts/us-gaap-2012-01-31.xsd#us-gaap_RetailLandSalesEstimatedCostOfMajorImprovementsFourthYear' xlink:label='loc_RetailLandSalesEstimatedCostOfMajorImprovementsFourthYear' xlink:type='locator' />
<link:loc xlink:href='../elts/us-gaap-2012-01-31.xsd#us-gaap_RetailLandSalesEstimatedCostOfMajorImprovementsFifthYear' xlink:label='loc_RetailLandSalesEstimatedCostOfMajorImprovementsFifthYear' xlink:type='locator' />
<link:loc xlink:href='../elts/us-gaap-2012-01-31.xsd#us-gaap_RetailLandSalesInstallmentMethodGrossProfitDeferred' xlink:label='loc_RetailLandSalesInstallmentMethodGrossProfitDeferred' xlink:type='locator' />
<link:loc xlink:href='../elts/us-gaap-2012-01-31.xsd#us-gaap_RetailLandSalesInstallmentMethodSalesValue' xlink:label='loc_RetailLandSalesInstallmentMethodSalesValue' xlink:type='locator' />
<link:loc xlink:href='../elts/us-gaap-2012-01-31.xsd#us-gaap_RetailLandSalesInstallmentMethodTotalCostOfSale' xlink:label='loc_RetailLandSalesInstallmentMethodTotalCostOfSale' xlink:type='locator' />
<link:loc xlink:href='../elts/us-gaap-2012-01-31.xsd#us-gaap_TimeSharingTransactionsAllowanceForUncollectibleAccountsOnReceivablesSoldWithRecoursePeriodIncreaseDecrease' xlink:label='loc_TimeSharingTransactionsAllowanceForUncollectibleAccountsOnReceivablesSoldWithRecoursePeriodIncreaseDecrease' xlink:type='locator' />
<link:loc xlink:href='../elts/us-gaap-2012-01-31.xsd#us-gaap_TimeSharingTransactionsAdditionsToAllowanceForCurrentPeriodSalesOnReceivablesSoldWithRecourse' xlink:label='loc_TimeSharingTransactionsAdditionsToAllowanceForCurrentPeriodSalesOnReceivablesSoldWithRecourse' xlink:type='locator' />
<link:loc xlink:href='../elts/us-gaap-2012-01-31.xsd#us-gaap_TimeSharingTransactionsDirectWriteOffsChargedAgainstAllowanceOnReceivablesSoldWithRecourse' xlink:label='loc_TimeSharingTransactionsDirectWriteOffsChargedAgainstAllowanceOnReceivablesSoldWithRecourse' xlink:type='locator' />
<link:loc xlink:href='../elts/us-gaap-2012-01-31.xsd#us-gaap_TimeSharingTransactionsChangesInEstimateAssociatedWithPriorPeriodSalesOnReceivablesSoldWithRecourse' xlink:label='loc_TimeSharingTransactionsChangesInEstimateAssociatedWithPriorPeriodSalesOnReceivablesSoldWithRecourse' xlink:type='locator' />
<link:loc xlink:href='../elts/us-gaap-2012-01-31.xsd#us-gaap_TimeSharingTransactionsMaturitiesOfNotesReceivableNet' xlink:label='loc_TimeSharingTransactionsMaturitiesOfNotesReceivableNet' xlink:type='locator' />
<link:loc xlink:href='../elts/us-gaap-2012-01-31.xsd#us-gaap_TimeSharingTransactionsAggregateMaturitiesOfNotesReceivableGross' xlink:label='loc_TimeSharingTransactionsAggregateMaturitiesOfNotesReceivableGross' xlink:type='locator' />
<link:loc xlink:href='../elts/us-gaap-2012-01-31.xsd#us-gaap_TimeSharingTransactionsMaturitiesOfNotesReceivableYearOne' xlink:label='loc_TimeSharingTransactionsMaturitiesOfNotesReceivableYearOne' xlink:type='locator' />
<link:loc xlink:href='../elts/us-gaap-2012-01-31.xsd#us-gaap_TimeSharingTransactionsMaturitiesOfNotesReceivableYearTwo' xlink:label='loc_TimeSharingTransactionsMaturitiesOfNotesReceivableYearTwo' xlink:type='locator' />
<link:loc xlink:href='../elts/us-gaap-2012-01-31.xsd#us-gaap_TimeSharingTransactionsMaturitiesOfNotesReceivableYearThree' xlink:label='loc_TimeSharingTransactionsMaturitiesOfNotesReceivableYearThree' xlink:type='locator' />
<link:loc xlink:href='../elts/us-gaap-2012-01-31.xsd#us-gaap_TimeSharingTransactionsMaturitiesOfNotesReceivableYearFour' xlink:label='loc_TimeSharingTransactionsMaturitiesOfNotesReceivableYearFour' xlink:type='locator' />
<link:loc xlink:href='../elts/us-gaap-2012-01-31.xsd#us-gaap_TimeSharingTransactionsMaturitiesOfNotesReceivableYearFive' xlink:label='loc_TimeSharingTransactionsMaturitiesOfNotesReceivableYearFive' xlink:type='locator' />
<link:loc xlink:href='../elts/us-gaap-2012-01-31.xsd#us-gaap_TimeSharingTransactionsMaturitiesOfNotesReceivableFutureYears' xlink:label='loc_TimeSharingTransactionsMaturitiesOfNotesReceivableFutureYears' xlink:type='locator' />
<link:loc xlink:href='../elts/us-gaap-2012-01-31.xsd#us-gaap_TimeSharingTransactionsAllowanceForUncollectibleAccounts' xlink:label='loc_TimeSharingTransactionsAllowanceForUncollectibleAccounts' xlink:type='locator' />
<link:loc xlink:href='../elts/us-gaap-2012-01-31.xsd#us-gaap_TimeSharingTransactionsDeferredProfit' xlink:label='loc_TimeSharingTransactionsDeferredProfit' xlink:type='locator' />
<link:loc xlink:href='../elts/us-gaap-2012-01-31.xsd#us-gaap_TimeSharingTransactionsPeriodIncreaseDecrease' xlink:label='loc_TimeSharingTransactionsPeriodIncreaseDecrease' xlink:type='locator' />
<link:loc xlink:href='../elts/us-gaap-2012-01-31.xsd#us-gaap_TimeSharingTransactionsAdditionsToAllowanceForCurrentPeriodSales' xlink:label='loc_TimeSharingTransactionsAdditionsToAllowanceForCurrentPeriodSales' xlink:type='locator' />
<link:loc xlink:href='../elts/us-gaap-2012-01-31.xsd#us-gaap_TimeSharingTransactionsDirectWriteOffsChargedAgainstAllowance' xlink:label='loc_TimeSharingTransactionsDirectWriteOffsChargedAgainstAllowance' xlink:type='locator' />
<link:loc xlink:href='../elts/us-gaap-2012-01-31.xsd#us-gaap_TimeSharingTransactionsChangesInEstimateAssociatedWithPriorPeriodSales' xlink:label='loc_TimeSharingTransactionsChangesInEstimateAssociatedWithPriorPeriodSales' xlink:type='locator' />
<link:calculationArc order='10' weight='-1.0' xlink:arcrole='http://www.xbrl.org/2003/arcrole/summation-item' xlink:from='loc_GroundLeasesNet' xlink:to='loc_GroundLeasesAccumulatedAmortization' xlink:type='arc' />
<link:calculationArc order='20' weight='1.0' xlink:arcrole='http://www.xbrl.org/2003/arcrole/summation-item' xlink:from='loc_GroundLeasesNet' xlink:to='loc_GroundLeasesGross' xlink:type='arc' />
<link:calculationArc order='10' weight='1.0' xlink:arcrole='http://www.xbrl.org/2003/arcrole/summation-item' xlink:from='loc_InventoryOperativeBuilders' xlink:to='loc_InventoryHomesUnderConstruction' xlink:type='arc' />
<link:calculationArc order='20' weight='1.0' xlink:arcrole='http://www.xbrl.org/2003/arcrole/summation-item' xlink:from='loc_InventoryOperativeBuilders' xlink:to='loc_InventoryFinishedHomes' xlink:type='arc' />
<link:calculationArc order='30' weight='1.0' xlink:arcrole='http://www.xbrl.org/2003/arcrole/summation-item' xlink:from='loc_InventoryOperativeBuilders' xlink:to='loc_InventoryRealEstateLandAndLandDevelopmentCosts' xlink:type='arc' />
<link:calculationArc order='40' weight='1.0' xlink:arcrole='http://www.xbrl.org/2003/arcrole/summation-item' xlink:from='loc_InventoryOperativeBuilders' xlink:to='loc_InventoryLandHeldForDevelopmentAndSale' xlink:type='arc' />
<link:calculationArc order='50' weight='1.0' xlink:arcrole='http://www.xbrl.org/2003/arcrole/summation-item' xlink:from='loc_InventoryOperativeBuilders' xlink:to='loc_InventoryBuildingsAndImprovements' xlink:type='arc' />
<link:calculationArc order='60' weight='1.0' xlink:arcrole='http://www.xbrl.org/2003/arcrole/summation-item' xlink:from='loc_InventoryOperativeBuilders' xlink:to='loc_RealEstateInventoryCapitalizedInterestCosts' xlink:type='arc' />
<link:calculationArc order='70' weight='1.0' xlink:arcrole='http://www.xbrl.org/2003/arcrole/summation-item' xlink:from='loc_InventoryOperativeBuilders' xlink:to='loc_LandUnderPurchaseOptionsRecorded' xlink:type='arc' />
<link:calculationArc order='80' weight='1.0' xlink:arcrole='http://www.xbrl.org/2003/arcrole/summation-item' xlink:from='loc_InventoryOperativeBuilders' xlink:to='loc_RealEstateInventoryConstructionMaterials' xlink:type='arc' />
<link:calculationArc order='90' weight='1.0' xlink:arcrole='http://www.xbrl.org/2003/arcrole/summation-item' xlink:from='loc_InventoryOperativeBuilders' xlink:to='loc_InventoryLandHeldForSale' xlink:type='arc' />
<link:calculationArc order='100' weight='1.0' xlink:arcrole='http://www.xbrl.org/2003/arcrole/summation-item' xlink:from='loc_InventoryOperativeBuilders' xlink:to='loc_InventoryOperativeBuildersOther' xlink:type='arc' />
<link:calculationArc order='10' weight='1.0' xlink:arcrole='http://www.xbrl.org/2003/arcrole/summation-item' xlink:from='loc_OtherRealEstate' xlink:to='loc_OtherRealEstateCovered' xlink:type='arc' />
<link:calculationArc order='20' weight='1.0' xlink:arcrole='http://www.xbrl.org/2003/arcrole/summation-item' xlink:from='loc_OtherRealEstate' xlink:to='loc_OtherRealEstateNonCovered' xlink:type='arc' />
<link:calculationArc order='10' weight='1.0' xlink:arcrole='http://www.xbrl.org/2003/arcrole/summation-item' xlink:from='loc_OtherRealEstateCoveredPeriodIncreaseDecrease' xlink:to='loc_OtherRealEstateCoveredAdditions' xlink:type='arc' />
<link:calculationArc order='20' weight='1.0' xlink:arcrole='http://www.xbrl.org/2003/arcrole/summation-item' xlink:from='loc_OtherRealEstateCoveredPeriodIncreaseDecrease' xlink:to='loc_OtherRealEstateCoveredImprovements' xlink:type='arc' />
<link:calculationArc order='30' weight='-1.0' xlink:arcrole='http://www.xbrl.org/2003/arcrole/summation-item' xlink:from='loc_OtherRealEstateCoveredPeriodIncreaseDecrease' xlink:to='loc_OtherRealEstateCoveredDisposals' xlink:type='arc' />
<link:calculationArc order='40' weight='-1.0' xlink:arcrole='http://www.xbrl.org/2003/arcrole/summation-item' xlink:from='loc_OtherRealEstateCoveredPeriodIncreaseDecrease' xlink:to='loc_OtherRealEstateCoveredValuationAdjustments' xlink:type='arc' />
<link:calculationArc order='10' weight='1.0' xlink:arcrole='http://www.xbrl.org/2003/arcrole/summation-item' xlink:from='loc_OtherRealEstateNonCoveredPeriodIncreaseDecrease' xlink:to='loc_OtherRealEstateNonCoveredAdditions' xlink:type='arc' />
<link:calculationArc order='20' weight='1.0' xlink:arcrole='http://www.xbrl.org/2003/arcrole/summation-item' xlink:from='loc_OtherRealEstateNonCoveredPeriodIncreaseDecrease' xlink:to='loc_OtherRealEstateNonCoveredImprovements' xlink:type='arc' />
<link:calculationArc order='30' weight='-1.0' xlink:arcrole='http://www.xbrl.org/2003/arcrole/summation-item' xlink:from='loc_OtherRealEstateNonCoveredPeriodIncreaseDecrease' xlink:to='loc_OtherRealEstateNonCoveredDisposals' xlink:type='arc' />
<link:calculationArc order='40' weight='-1.0' xlink:arcrole='http://www.xbrl.org/2003/arcrole/summation-item' xlink:from='loc_OtherRealEstateNonCoveredPeriodIncreaseDecrease' xlink:to='loc_OtherRealEstateNonCoveredValuationAdjustments' xlink:type='arc' />
<link:calculationArc order='10' weight='1.0' xlink:arcrole='http://www.xbrl.org/2003/arcrole/summation-item' xlink:from='loc_OtherRealEstatePeriodIncreaseDecrease' xlink:to='loc_OtherRealEstateAdditions' xlink:type='arc' />
<link:calculationArc order='20' weight='1.0' xlink:arcrole='http://www.xbrl.org/2003/arcrole/summation-item' xlink:from='loc_OtherRealEstatePeriodIncreaseDecrease' xlink:to='loc_OtherRealEstateImprovements' xlink:type='arc' />
<link:calculationArc order='30' weight='-1.0' xlink:arcrole='http://www.xbrl.org/2003/arcrole/summation-item' xlink:from='loc_OtherRealEstatePeriodIncreaseDecrease' xlink:to='loc_OtherRealEstateDisposals' xlink:type='arc' />
<link:calculationArc order='40' weight='-1.0' xlink:arcrole='http://www.xbrl.org/2003/arcrole/summation-item' xlink:from='loc_OtherRealEstatePeriodIncreaseDecrease' xlink:to='loc_OtherRealEstateValuationAdjustments' xlink:type='arc' />
<link:calculationArc order='10' weight='1.0' xlink:arcrole='http://www.xbrl.org/2003/arcrole/summation-item' xlink:from='loc_RealEstateInventoryCapitalizedInterestCostsPeriodIncreaseDecrease' xlink:to='loc_RealEstateInventoryCapitalizedInterestCostsIncurred' xlink:type='arc' />
<link:calculationArc order='20' weight='1.0' xlink:arcrole='http://www.xbrl.org/2003/arcrole/summation-item' xlink:from='loc_RealEstateInventoryCapitalizedInterestCostsPeriodIncreaseDecrease' xlink:to='loc_RealEstateInventoryCapitalizedInterestCostsInAcquiredInventory' xlink:type='arc' />
<link:calculationArc order='30' weight='-1.0' xlink:arcrole='http://www.xbrl.org/2003/arcrole/summation-item' xlink:from='loc_RealEstateInventoryCapitalizedInterestCostsPeriodIncreaseDecrease' xlink:to='loc_RealEstateInventoryCapitalizedInterestCostsCostOfSales' xlink:type='arc' />
<link:calculationArc order='10' weight='1.0' xlink:arcrole='http://www.xbrl.org/2003/arcrole/summation-item' xlink:from='loc_RealEstateInvestments' xlink:to='loc_RealEstateInvestmentPropertyNet' xlink:type='arc' />
<link:calculationArc order='10' weight='1.0' xlink:arcrole='http://www.xbrl.org/2003/arcrole/summation-item' xlink:from='loc_RealEstateInvestmentPropertyNet' xlink:to='loc_RealEstateInvestmentPropertyAtCost' xlink:type='arc' />
<link:calculationArc order='10' weight='1.0' xlink:arcrole='http://www.xbrl.org/2003/arcrole/summation-item' xlink:from='loc_RealEstateInvestmentPropertyAtCost' xlink:to='loc_LandAvailableForSale' xlink:type='arc' />
<link:calculationArc order='20' weight='1.0' xlink:arcrole='http://www.xbrl.org/2003/arcrole/summation-item' xlink:from='loc_RealEstateInvestmentPropertyAtCost' xlink:to='loc_TenantImprovements' xlink:type='arc' />
<link:calculationArc order='30' weight='1.0' xlink:arcrole='http://www.xbrl.org/2003/arcrole/summation-item' xlink:from='loc_RealEstateInvestmentPropertyAtCost' xlink:to='loc_FixturesAndEquipmentGross' xlink:type='arc' />
<link:calculationArc order='40' weight='1.0' xlink:arcrole='http://www.xbrl.org/2003/arcrole/summation-item' xlink:from='loc_RealEstateInvestmentPropertyAtCost' xlink:to='loc_RealEstateHeldforsale' xlink:type='arc' />
<link:calculationArc order='50' weight='1.0' xlink:arcrole='http://www.xbrl.org/2003/arcrole/summation-item' xlink:from='loc_RealEstateInvestmentPropertyAtCost' xlink:to='loc_LandAndLandImprovements' xlink:type='arc' />
<link:calculationArc order='10' weight='1.0' xlink:arcrole='http://www.xbrl.org/2003/arcrole/summation-item' xlink:from='loc_LandAndLandImprovements' xlink:to='loc_Land' xlink:type='arc' />
<link:calculationArc order='20' weight='1.0' xlink:arcrole='http://www.xbrl.org/2003/arcrole/summation-item' xlink:from='loc_LandAndLandImprovements' xlink:to='loc_LandImprovements' xlink:type='arc' />
<link:calculationArc order='60' weight='1.0' xlink:arcrole='http://www.xbrl.org/2003/arcrole/summation-item' xlink:from='loc_RealEstateInvestmentPropertyAtCost' xlink:to='loc_LandAvailableForDevelopment' xlink:type='arc' />
<link:calculationArc order='70' weight='1.0' xlink:arcrole='http://www.xbrl.org/2003/arcrole/summation-item' xlink:from='loc_RealEstateInvestmentPropertyAtCost' xlink:to='loc_InvestmentBuildingAndBuildingImprovements' xlink:type='arc' />
<link:calculationArc order='80' weight='1.0' xlink:arcrole='http://www.xbrl.org/2003/arcrole/summation-item' xlink:from='loc_RealEstateInvestmentPropertyAtCost' xlink:to='loc_DevelopmentInProcess' xlink:type='arc' />
<link:calculationArc order='90' weight='1.0' xlink:arcrole='http://www.xbrl.org/2003/arcrole/summation-item' xlink:from='loc_RealEstateInvestmentPropertyAtCost' xlink:to='loc_RealEstateAcquiredThroughForeclosure' xlink:type='arc' />
<link:calculationArc order='100' weight='1.0' xlink:arcrole='http://www.xbrl.org/2003/arcrole/summation-item' xlink:from='loc_RealEstateInvestmentPropertyAtCost' xlink:to='loc_RentalProperties' xlink:type='arc' />
<link:calculationArc order='110' weight='1.0' xlink:arcrole='http://www.xbrl.org/2003/arcrole/summation-item' xlink:from='loc_RealEstateInvestmentPropertyAtCost' xlink:to='loc_RealEstateInvestmentsOther' xlink:type='arc' />
<link:calculationArc order='20' weight='-1.0' xlink:arcrole='http://www.xbrl.org/2003/arcrole/summation-item' xlink:from='loc_RealEstateInvestmentPropertyNet' xlink:to='loc_RealEstateInvestmentPropertyAccumulatedDepreciation' xlink:type='arc' />
<link:calculationArc order='20' weight='1.0' xlink:arcrole='http://www.xbrl.org/2003/arcrole/summation-item' xlink:from='loc_RealEstateInvestments' xlink:to='loc_RealEstateInvestmentsJointVentures' xlink:type='arc' />
<link:calculationArc order='30' weight='1.0' xlink:arcrole='http://www.xbrl.org/2003/arcrole/summation-item' xlink:from='loc_RealEstateInvestments' xlink:to='loc_RealEstateInvestmentsUnconsolidatedRealEstateAndOtherJointVentures' xlink:type='arc' />
<link:calculationArc order='10' weight='1.0' xlink:arcrole='http://www.xbrl.org/2003/arcrole/summation-item' xlink:from='loc_RealEstateOwnedValuationAllowancePeriodIncreaseDecrease' xlink:to='loc_RealEstateOwnedValuationAllowanceProvision' xlink:type='arc' />
<link:calculationArc order='20' weight='-1.0' xlink:arcrole='http://www.xbrl.org/2003/arcrole/summation-item' xlink:from='loc_RealEstateOwnedValuationAllowancePeriodIncreaseDecrease' xlink:to='loc_RealEstateOwnedValuationAllowanceAmountsApplied' xlink:type='arc' />
<link:calculationArc order='10' weight='1.0' xlink:arcrole='http://www.xbrl.org/2003/arcrole/summation-item' xlink:from='loc_ForeclosedAssets' xlink:to='loc_RealEstateAcquiredThroughForeclosure' xlink:type='arc' />
<link:calculationArc order='20' weight='1.0' xlink:arcrole='http://www.xbrl.org/2003/arcrole/summation-item' xlink:from='loc_ForeclosedAssets' xlink:to='loc_OtherForeclosedAssets' xlink:type='arc' />
<link:calculationArc order='10' use='optional' weight='1.0' xlink:arcrole='http://www.xbrl.org/2003/arcrole/summation-item' xlink:from='loc_RetailLandSalesEstimatedCostOfMajorImprovements' xlink:to='loc_RetailLandSalesEstimatedCostOfMajorImprovementsFirstYear' xlink:type='arc' />
<link:calculationArc order='20' use='optional' weight='1.0' xlink:arcrole='http://www.xbrl.org/2003/arcrole/summation-item' xlink:from='loc_RetailLandSalesEstimatedCostOfMajorImprovements' xlink:to='loc_RetailLandSalesEstimatedCostOfMajorImprovementsSecondYear' xlink:type='arc' />
<link:calculationArc order='30' use='optional' weight='1.0' xlink:arcrole='http://www.xbrl.org/2003/arcrole/summation-item' xlink:from='loc_RetailLandSalesEstimatedCostOfMajorImprovements' xlink:to='loc_RetailLandSalesEstimatedCostOfMajorImprovementsThirdYear' xlink:type='arc' />
<link:calculationArc order='40' use='optional' weight='1.0' xlink:arcrole='http://www.xbrl.org/2003/arcrole/summation-item' xlink:from='loc_RetailLandSalesEstimatedCostOfMajorImprovements' xlink:to='loc_RetailLandSalesEstimatedCostOfMajorImprovementsFourthYear' xlink:type='arc' />
<link:calculationArc order='50' use='optional' weight='1.0' xlink:arcrole='http://www.xbrl.org/2003/arcrole/summation-item' xlink:from='loc_RetailLandSalesEstimatedCostOfMajorImprovements' xlink:to='loc_RetailLandSalesEstimatedCostOfMajorImprovementsFifthYear' xlink:type='arc' />
<link:calculationArc order='10' weight='1.0' xlink:arcrole='http://www.xbrl.org/2003/arcrole/summation-item' xlink:from='loc_RetailLandSalesInstallmentMethodGrossProfitDeferred' xlink:to='loc_RetailLandSalesInstallmentMethodSalesValue' xlink:type='arc' />
<link:calculationArc order='20' weight='-1.0' xlink:arcrole='http://www.xbrl.org/2003/arcrole/summation-item' xlink:from='loc_RetailLandSalesInstallmentMethodGrossProfitDeferred' xlink:to='loc_RetailLandSalesInstallmentMethodTotalCostOfSale' xlink:type='arc' />
<link:calculationArc order='10' weight='1.0' xlink:arcrole='http://www.xbrl.org/2003/arcrole/summation-item' xlink:from='loc_TimeSharingTransactionsAllowanceForUncollectibleAccountsOnReceivablesSoldWithRecoursePeriodIncreaseDecrease' xlink:to='loc_TimeSharingTransactionsAdditionsToAllowanceForCurrentPeriodSalesOnReceivablesSoldWithRecourse' xlink:type='arc' />
<link:calculationArc order='20' weight='-1.0' xlink:arcrole='http://www.xbrl.org/2003/arcrole/summation-item' xlink:from='loc_TimeSharingTransactionsAllowanceForUncollectibleAccountsOnReceivablesSoldWithRecoursePeriodIncreaseDecrease' xlink:to='loc_TimeSharingTransactionsDirectWriteOffsChargedAgainstAllowanceOnReceivablesSoldWithRecourse' xlink:type='arc' />
<link:calculationArc order='30' weight='1.0' xlink:arcrole='http://www.xbrl.org/2003/arcrole/summation-item' xlink:from='loc_TimeSharingTransactionsAllowanceForUncollectibleAccountsOnReceivablesSoldWithRecoursePeriodIncreaseDecrease' xlink:to='loc_TimeSharingTransactionsChangesInEstimateAssociatedWithPriorPeriodSalesOnReceivablesSoldWithRecourse' xlink:type='arc' />
<link:calculationArc order='10' weight='1.0' xlink:arcrole='http://www.xbrl.org/2003/arcrole/summation-item' xlink:from='loc_TimeSharingTransactionsMaturitiesOfNotesReceivableNet' xlink:to='loc_TimeSharingTransactionsAggregateMaturitiesOfNotesReceivableGross' xlink:type='arc' />
<link:calculationArc order='10' weight='1.0' xlink:arcrole='http://www.xbrl.org/2003/arcrole/summation-item' xlink:from='loc_TimeSharingTransactionsAggregateMaturitiesOfNotesReceivableGross' xlink:to='loc_TimeSharingTransactionsMaturitiesOfNotesReceivableYearOne' xlink:type='arc' />
<link:calculationArc order='20' weight='1.0' xlink:arcrole='http://www.xbrl.org/2003/arcrole/summation-item' xlink:from='loc_TimeSharingTransactionsAggregateMaturitiesOfNotesReceivableGross' xlink:to='loc_TimeSharingTransactionsMaturitiesOfNotesReceivableYearTwo' xlink:type='arc' />
<link:calculationArc order='30' weight='1.0' xlink:arcrole='http://www.xbrl.org/2003/arcrole/summation-item' xlink:from='loc_TimeSharingTransactionsAggregateMaturitiesOfNotesReceivableGross' xlink:to='loc_TimeSharingTransactionsMaturitiesOfNotesReceivableYearThree' xlink:type='arc' />
<link:calculationArc order='40' weight='1.0' xlink:arcrole='http://www.xbrl.org/2003/arcrole/summation-item' xlink:from='loc_TimeSharingTransactionsAggregateMaturitiesOfNotesReceivableGross' xlink:to='loc_TimeSharingTransactionsMaturitiesOfNotesReceivableYearFour' xlink:type='arc' />
<link:calculationArc order='50' weight='1.0' xlink:arcrole='http://www.xbrl.org/2003/arcrole/summation-item' xlink:from='loc_TimeSharingTransactionsAggregateMaturitiesOfNotesReceivableGross' xlink:to='loc_TimeSharingTransactionsMaturitiesOfNotesReceivableYearFive' xlink:type='arc' />
<link:calculationArc order='60' weight='1.0' xlink:arcrole='http://www.xbrl.org/2003/arcrole/summation-item' xlink:from='loc_TimeSharingTransactionsAggregateMaturitiesOfNotesReceivableGross' xlink:to='loc_TimeSharingTransactionsMaturitiesOfNotesReceivableFutureYears' xlink:type='arc' />
<link:calculationArc order='20' weight='-1.0' xlink:arcrole='http://www.xbrl.org/2003/arcrole/summation-item' xlink:from='loc_TimeSharingTransactionsMaturitiesOfNotesReceivableNet' xlink:to='loc_TimeSharingTransactionsAllowanceForUncollectibleAccounts' xlink:type='arc' />
<link:calculationArc order='30' weight='-1.0' xlink:arcrole='http://www.xbrl.org/2003/arcrole/summation-item' xlink:from='loc_TimeSharingTransactionsMaturitiesOfNotesReceivableNet' xlink:to='loc_TimeSharingTransactionsDeferredProfit' xlink:type='arc' />
<link:calculationArc order='10' weight='1.0' xlink:arcrole='http://www.xbrl.org/2003/arcrole/summation-item' xlink:from='loc_TimeSharingTransactionsPeriodIncreaseDecrease' xlink:to='loc_TimeSharingTransactionsAdditionsToAllowanceForCurrentPeriodSales' xlink:type='arc' />
<link:calculationArc order='20' weight='-1.0' xlink:arcrole='http://www.xbrl.org/2003/arcrole/summation-item' xlink:from='loc_TimeSharingTransactionsPeriodIncreaseDecrease' xlink:to='loc_TimeSharingTransactionsDirectWriteOffsChargedAgainstAllowance' xlink:type='arc' />
<link:calculationArc order='30' weight='1.0' xlink:arcrole='http://www.xbrl.org/2003/arcrole/summation-item' xlink:from='loc_TimeSharingTransactionsPeriodIncreaseDecrease' xlink:to='loc_TimeSharingTransactionsChangesInEstimateAssociatedWithPriorPeriodSales' xlink:type='arc' />
</link:calculationLink>
</link:linkbase>
