<?xml version='1.0' encoding='UTF-8'?>

<!--
(c) XBRL US, Inc. 2007-2010; Financial Accounting Foundation, Inc. 2010-2012.  All Rights Reserved.
Notice: Authorized Uses are Set Forth at http://xbrl.fasb.org/terms/TaxonomiesTermsConditions.html
  -->
<link:linkbase xmlns:link='http://www.xbrl.org/2003/linkbase' xmlns:xbrldt='http://xbrl.org/2005/xbrldt' xmlns:xlink='http://www.w3.org/1999/xlink' xmlns:xsi='http://www.w3.org/2001/XMLSchema-instance' xsi:schemaLocation='http://www.xbrl.org/2003/linkbase http://www.xbrl.org/2003/xbrl-linkbase-2003-12-31.xsd'>
<link:roleRef roleURI='http://fasb.org/us-gaap/role/disclosure/DerivativeInstrumentsAndHedgingActivitiesCalc1' xlink:href='../elts/us-roles-2012-01-31.xsd#diha1' xlink:type='simple' />
<link:calculationLink xlink:role='http://fasb.org/us-gaap/role/disclosure/DerivativeInstrumentsAndHedgingActivitiesCalc1' xlink:type='extended'>
<link:loc xlink:href='http://xbrl.sec.gov/invest/2012/invest-2012-01-31.xsd#invest_DerivativeNotionalAmount' xlink:label='loc_DerivativeNotionalAmount' xlink:type='locator' />
<link:loc xlink:href='../elts/us-gaap-2012-01-31.xsd#us-gaap_DerivativeAssetNotionalAmount' xlink:label='loc_DerivativeAssetNotionalAmount' xlink:type='locator' />
<link:loc xlink:href='../elts/us-gaap-2012-01-31.xsd#us-gaap_DerivativeLiabilityNotionalAmount' xlink:label='loc_DerivativeLiabilityNotionalAmount' xlink:type='locator' />
<link:calculationArc order='10' weight='1.0' xlink:arcrole='http://www.xbrl.org/2003/arcrole/summation-item' xlink:from='loc_DerivativeNotionalAmount' xlink:to='loc_DerivativeAssetNotionalAmount' xlink:type='arc' />
<link:calculationArc order='20' weight='1.0' xlink:arcrole='http://www.xbrl.org/2003/arcrole/summation-item' xlink:from='loc_DerivativeNotionalAmount' xlink:to='loc_DerivativeLiabilityNotionalAmount' xlink:type='arc' />
</link:calculationLink>
</link:linkbase>
