<?xml version='1.0' encoding='UTF-8'?>

<!--
(c) XBRL US, Inc. 2007-2010; Financial Accounting Foundation, Inc. 2010-2012.  All Rights Reserved.
Notice: Authorized Uses are Set Forth at http://xbrl.fasb.org/terms/TaxonomiesTermsConditions.html
  -->
<link:linkbase xmlns:link='http://www.xbrl.org/2003/linkbase' xmlns:xbrldt='http://xbrl.org/2005/xbrldt' xmlns:xlink='http://www.w3.org/1999/xlink' xmlns:xsi='http://www.w3.org/2001/XMLSchema-instance' xsi:schemaLocation='http://www.xbrl.org/2003/linkbase http://www.xbrl.org/2003/xbrl-linkbase-2003-12-31.xsd'>
<link:roleRef roleURI='http://fasb.org/us-gaap/role/disclosure/SECScheduleArticle12-17Reinsurance' xlink:href='../elts/us-roles-2012-01-31.xsd#sec-reins' xlink:type='simple' />
<link:presentationLink xlink:role='http://fasb.org/us-gaap/role/disclosure/SECScheduleArticle12-17Reinsurance' xlink:type='extended'>
<link:loc xlink:href='../elts/us-gaap-2012-01-31.xsd#us-gaap_SupplementalScheduleOfReinsurancePremiumsForInsuranceCompaniesAbstract' xlink:label='loc_SupplementalScheduleOfReinsurancePremiumsForInsuranceCompaniesAbstract' xlink:type='locator' />
<link:loc xlink:href='../elts/us-gaap-2012-01-31.xsd#us-gaap_SupplementalScheduleOfReinsurancePremiumsForInsuranceCompaniesTextBlock' xlink:label='loc_SupplementalScheduleOfReinsurancePremiumsForInsuranceCompaniesTextBlock' xlink:type='locator' />
<link:loc xlink:href='../elts/us-gaap-2012-01-31.xsd#us-gaap_ReinsurancePremiumsForInsuranceCompaniesByProductSegmentTable' xlink:label='loc_ReinsurancePremiumsForInsuranceCompaniesByProductSegmentTable' xlink:type='locator' />
<link:loc xlink:href='../elts/us-gaap-2012-01-31.xsd#us-gaap_ReinsurancePremiumsForInsuranceCompaniesByProductSegmentAxis' xlink:label='loc_ReinsurancePremiumsForInsuranceCompaniesByProductSegmentAxis' xlink:type='locator' />
<link:loc xlink:href='../elts/us-gaap-2012-01-31.xsd#us-gaap_ReinsurancePremiumsForInsuranceCompaniesByProductSegmentDomain' xlink:label='loc_ReinsurancePremiumsForInsuranceCompaniesByProductSegmentDomain' xlink:type='locator' />
<link:loc xlink:href='../elts/us-gaap-2012-01-31.xsd#us-gaap_LifeInsuranceInForceMember' xlink:label='loc_LifeInsuranceInForceMember' xlink:type='locator' />
<link:loc xlink:href='../elts/us-gaap-2012-01-31.xsd#us-gaap_LifeInsuranceSegmentMember' xlink:label='loc_LifeInsuranceSegmentMember' xlink:type='locator' />
<link:loc xlink:href='../elts/us-gaap-2012-01-31.xsd#us-gaap_InvestmentsSegmentMember' xlink:label='loc_InvestmentsSegmentMember' xlink:type='locator' />
<link:loc xlink:href='../elts/us-gaap-2012-01-31.xsd#us-gaap_AccidentAndHealthInsuranceSegmentMember' xlink:label='loc_AccidentAndHealthInsuranceSegmentMember' xlink:type='locator' />
<link:loc xlink:href='../elts/us-gaap-2012-01-31.xsd#us-gaap_FinancialGuaranteeInsuranceSegmentMember' xlink:label='loc_FinancialGuaranteeInsuranceSegmentMember' xlink:type='locator' />
<link:loc xlink:href='../elts/us-gaap-2012-01-31.xsd#us-gaap_PropertyLiabilityAndCasualtyInsuranceSegmentMember' xlink:label='loc_PropertyLiabilityAndCasualtyInsuranceSegmentMember' xlink:type='locator' />
<link:loc xlink:href='../elts/us-gaap-2012-01-31.xsd#us-gaap_SuretySegmentMember' xlink:label='loc_SuretySegmentMember' xlink:type='locator' />
<link:loc xlink:href='../elts/us-gaap-2012-01-31.xsd#us-gaap_TitleInsuranceSegmentMember' xlink:label='loc_TitleInsuranceSegmentMember' xlink:type='locator' />
<link:loc xlink:href='../elts/us-gaap-2012-01-31.xsd#us-gaap_ReinsurancePremiumsForInsuranceCompaniesByProductSegmentLineItems' xlink:label='loc_ReinsurancePremiumsForInsuranceCompaniesByProductSegmentLineItems' xlink:type='locator' />
<link:loc xlink:href='../elts/us-gaap-2012-01-31.xsd#us-gaap_ReinsurancePremiumsForInsuranceCompaniesByProductSegmentNetAmountAbstract' xlink:label='loc_ReinsurancePremiumsForInsuranceCompaniesByProductSegmentNetAmountAbstract' xlink:type='locator' />
<link:loc xlink:href='../elts/us-gaap-2012-01-31.xsd#us-gaap_ReinsurancePremiumsForInsuranceCompaniesByProductSegmentGrossAmount' xlink:label='loc_ReinsurancePremiumsForInsuranceCompaniesByProductSegmentGrossAmount' xlink:type='locator' />
<link:loc xlink:href='../elts/us-gaap-2012-01-31.xsd#us-gaap_ReinsurancePremiumsForInsuranceCompaniesByProductSegmentAmountCededToOtherCompanies' xlink:label='loc_ReinsurancePremiumsForInsuranceCompaniesByProductSegmentAmountCededToOtherCompanies' xlink:type='locator' />
<link:loc xlink:href='../elts/us-gaap-2012-01-31.xsd#us-gaap_ReinsurancePremiumsForInsuranceCompaniesByProductSegmentAmountAssumedFromOtherCompanies' xlink:label='loc_ReinsurancePremiumsForInsuranceCompaniesByProductSegmentAmountAssumedFromOtherCompanies' xlink:type='locator' />
<link:loc xlink:href='../elts/us-gaap-2012-01-31.xsd#us-gaap_ReinsurancePremiumsForInsuranceCompaniesByProductSegmentNetAmount' xlink:label='loc_ReinsurancePremiumsForInsuranceCompaniesByProductSegmentNetAmount' xlink:type='locator' />
<link:loc xlink:href='../elts/us-gaap-2012-01-31.xsd#us-gaap_ReinsurancePremiumsForInsuranceCompaniesByProductSegmentPercentageOfAmountAssumedToNet' xlink:label='loc_ReinsurancePremiumsForInsuranceCompaniesByProductSegmentPercentageOfAmountAssumedToNet' xlink:type='locator' />
<link:presentationArc order='10' use='optional' xlink:arcrole='http://www.xbrl.org/2003/arcrole/parent-child' xlink:from='loc_SupplementalScheduleOfReinsurancePremiumsForInsuranceCompaniesAbstract' xlink:to='loc_SupplementalScheduleOfReinsurancePremiumsForInsuranceCompaniesTextBlock' xlink:type='arc' />
<link:presentationArc order='10' xlink:arcrole='http://www.xbrl.org/2003/arcrole/parent-child' xlink:from='loc_SupplementalScheduleOfReinsurancePremiumsForInsuranceCompaniesTextBlock' xlink:to='loc_ReinsurancePremiumsForInsuranceCompaniesByProductSegmentTable' xlink:type='arc' />
<link:presentationArc order='10' use='optional' xlink:arcrole='http://www.xbrl.org/2003/arcrole/parent-child' xlink:from='loc_ReinsurancePremiumsForInsuranceCompaniesByProductSegmentTable' xlink:to='loc_ReinsurancePremiumsForInsuranceCompaniesByProductSegmentAxis' xlink:type='arc' />
<link:presentationArc order='10' use='optional' xlink:arcrole='http://www.xbrl.org/2003/arcrole/parent-child' xlink:from='loc_ReinsurancePremiumsForInsuranceCompaniesByProductSegmentAxis' xlink:to='loc_ReinsurancePremiumsForInsuranceCompaniesByProductSegmentDomain' xlink:type='arc' />
<link:presentationArc order='10' xlink:arcrole='http://www.xbrl.org/2003/arcrole/parent-child' xlink:from='loc_ReinsurancePremiumsForInsuranceCompaniesByProductSegmentDomain' xlink:to='loc_LifeInsuranceInForceMember' xlink:type='arc' />
<link:presentationArc order='20' xlink:arcrole='http://www.xbrl.org/2003/arcrole/parent-child' xlink:from='loc_ReinsurancePremiumsForInsuranceCompaniesByProductSegmentDomain' xlink:to='loc_LifeInsuranceSegmentMember' xlink:type='arc' />
<link:presentationArc order='30' xlink:arcrole='http://www.xbrl.org/2003/arcrole/parent-child' xlink:from='loc_ReinsurancePremiumsForInsuranceCompaniesByProductSegmentDomain' xlink:to='loc_InvestmentsSegmentMember' xlink:type='arc' />
<link:presentationArc order='40' xlink:arcrole='http://www.xbrl.org/2003/arcrole/parent-child' xlink:from='loc_ReinsurancePremiumsForInsuranceCompaniesByProductSegmentDomain' xlink:to='loc_AccidentAndHealthInsuranceSegmentMember' xlink:type='arc' />
<link:presentationArc order='50' xlink:arcrole='http://www.xbrl.org/2003/arcrole/parent-child' xlink:from='loc_ReinsurancePremiumsForInsuranceCompaniesByProductSegmentDomain' xlink:to='loc_FinancialGuaranteeInsuranceSegmentMember' xlink:type='arc' />
<link:presentationArc order='60' xlink:arcrole='http://www.xbrl.org/2003/arcrole/parent-child' xlink:from='loc_ReinsurancePremiumsForInsuranceCompaniesByProductSegmentDomain' xlink:to='loc_PropertyLiabilityAndCasualtyInsuranceSegmentMember' xlink:type='arc' />
<link:presentationArc order='70' xlink:arcrole='http://www.xbrl.org/2003/arcrole/parent-child' xlink:from='loc_ReinsurancePremiumsForInsuranceCompaniesByProductSegmentDomain' xlink:to='loc_SuretySegmentMember' xlink:type='arc' />
<link:presentationArc order='80' xlink:arcrole='http://www.xbrl.org/2003/arcrole/parent-child' xlink:from='loc_ReinsurancePremiumsForInsuranceCompaniesByProductSegmentDomain' xlink:to='loc_TitleInsuranceSegmentMember' xlink:type='arc' />
<link:presentationArc order='20' use='optional' xlink:arcrole='http://www.xbrl.org/2003/arcrole/parent-child' xlink:from='loc_ReinsurancePremiumsForInsuranceCompaniesByProductSegmentTable' xlink:to='loc_ReinsurancePremiumsForInsuranceCompaniesByProductSegmentLineItems' xlink:type='arc' />
<link:presentationArc order='10' xlink:arcrole='http://www.xbrl.org/2003/arcrole/parent-child' xlink:from='loc_ReinsurancePremiumsForInsuranceCompaniesByProductSegmentLineItems' xlink:to='loc_ReinsurancePremiumsForInsuranceCompaniesByProductSegmentNetAmountAbstract' xlink:type='arc' />
<link:presentationArc order='10' xlink:arcrole='http://www.xbrl.org/2003/arcrole/parent-child' xlink:from='loc_ReinsurancePremiumsForInsuranceCompaniesByProductSegmentNetAmountAbstract' xlink:to='loc_ReinsurancePremiumsForInsuranceCompaniesByProductSegmentGrossAmount' xlink:type='arc' />
<link:presentationArc order='20' xlink:arcrole='http://www.xbrl.org/2003/arcrole/parent-child' xlink:from='loc_ReinsurancePremiumsForInsuranceCompaniesByProductSegmentNetAmountAbstract' xlink:to='loc_ReinsurancePremiumsForInsuranceCompaniesByProductSegmentAmountCededToOtherCompanies' xlink:type='arc' />
<link:presentationArc order='30' xlink:arcrole='http://www.xbrl.org/2003/arcrole/parent-child' xlink:from='loc_ReinsurancePremiumsForInsuranceCompaniesByProductSegmentNetAmountAbstract' xlink:to='loc_ReinsurancePremiumsForInsuranceCompaniesByProductSegmentAmountAssumedFromOtherCompanies' xlink:type='arc' />
<link:presentationArc order='40' preferredLabel='http://www.xbrl.org/2003/role/totalLabel' xlink:arcrole='http://www.xbrl.org/2003/arcrole/parent-child' xlink:from='loc_ReinsurancePremiumsForInsuranceCompaniesByProductSegmentNetAmountAbstract' xlink:to='loc_ReinsurancePremiumsForInsuranceCompaniesByProductSegmentNetAmount' xlink:type='arc' />
<link:presentationArc order='20' xlink:arcrole='http://www.xbrl.org/2003/arcrole/parent-child' xlink:from='loc_ReinsurancePremiumsForInsuranceCompaniesByProductSegmentLineItems' xlink:to='loc_ReinsurancePremiumsForInsuranceCompaniesByProductSegmentPercentageOfAmountAssumedToNet' xlink:type='arc' />
</link:presentationLink>
</link:linkbase>
