<?xml version='1.0' encoding='UTF-8'?>

<!--
(c) XBRL US, Inc. 2007-2010; Financial Accounting Foundation, Inc. 2010-2012.  All Rights Reserved.
Notice: Authorized Uses are Set Forth at http://xbrl.fasb.org/terms/TaxonomiesTermsConditions.html
  -->
<link:linkbase xmlns:link='http://www.xbrl.org/2003/linkbase' xmlns:xbrldt='http://xbrl.org/2005/xbrldt' xmlns:xlink='http://www.w3.org/1999/xlink' xmlns:xsi='http://www.w3.org/2001/XMLSchema-instance' xsi:schemaLocation='http://www.xbrl.org/2003/linkbase http://www.xbrl.org/2003/xbrl-linkbase-2003-12-31.xsd'>
<link:roleRef roleURI='http://fasb.org/us-gaap/role/disclosure/SubsequentEvents' xlink:href='../elts/us-roles-2012-01-31.xsd#se' xlink:type='simple' />
<link:presentationLink xlink:role='http://fasb.org/us-gaap/role/disclosure/SubsequentEvents' xlink:type='extended'>
<link:loc xlink:href='../elts/us-gaap-2012-01-31.xsd#us-gaap_SubsequentEventsAbstract' xlink:label='loc_SubsequentEventsAbstract' xlink:type='locator' />
<link:loc xlink:href='../elts/us-gaap-2012-01-31.xsd#us-gaap_SubsequentEventsTextBlock' xlink:label='loc_SubsequentEventsTextBlock' xlink:type='locator' />
<link:loc xlink:href='../elts/us-gaap-2012-01-31.xsd#us-gaap_ScheduleOfSubsequentEventsTextBlock' xlink:label='loc_ScheduleOfSubsequentEventsTextBlock' xlink:type='locator' />
<link:loc xlink:href='../elts/us-gaap-2012-01-31.xsd#us-gaap_SubsequentEventTable' xlink:label='loc_SubsequentEventTable' xlink:type='locator' />
<link:loc xlink:href='../elts/us-gaap-2012-01-31.xsd#us-gaap_SubsequentEventTypeAxis' xlink:label='loc_SubsequentEventTypeAxis' xlink:type='locator' />
<link:loc xlink:href='../elts/us-gaap-2012-01-31.xsd#us-gaap_SubsequentEventTypeDomain' xlink:label='loc_SubsequentEventTypeDomain' xlink:type='locator' />
<link:loc xlink:href='../elts/us-gaap-2012-01-31.xsd#us-gaap_SubsequentEventMember' xlink:label='loc_SubsequentEventMember' xlink:type='locator' />
<link:loc xlink:href='../elts/us-gaap-2012-01-31.xsd#us-gaap_ProFormaMember' xlink:label='loc_ProFormaMember' xlink:type='locator' />
<link:loc xlink:href='../elts/us-gaap-2012-01-31.xsd#us-gaap_FinancingAxis' xlink:label='loc_FinancingAxis' xlink:type='locator' />
<link:loc xlink:href='../elts/us-gaap-2012-01-31.xsd#us-gaap_FinancingDomain' xlink:label='loc_FinancingDomain' xlink:type='locator' />
<link:loc xlink:href='../elts/us-gaap-2012-01-31.xsd#us-gaap_RepaymentOfDebtMember' xlink:label='loc_RepaymentOfDebtMember' xlink:type='locator' />
<link:loc xlink:href='../elts/us-gaap-2012-01-31.xsd#us-gaap_SettlementOfDebtMember' xlink:label='loc_SettlementOfDebtMember' xlink:type='locator' />
<link:loc xlink:href='../elts/us-gaap-2012-01-31.xsd#us-gaap_RefinancingOfDebtMember' xlink:label='loc_RefinancingOfDebtMember' xlink:type='locator' />
<link:loc xlink:href='../elts/us-gaap-2012-01-31.xsd#us-gaap_IssuanceOfDebtMember' xlink:label='loc_IssuanceOfDebtMember' xlink:type='locator' />
<link:loc xlink:href='../elts/us-gaap-2012-01-31.xsd#us-gaap_IssuanceOfEquityMember' xlink:label='loc_IssuanceOfEquityMember' xlink:type='locator' />
<link:loc xlink:href='../elts/us-gaap-2012-01-31.xsd#us-gaap_RepurchaseOfEquityMember' xlink:label='loc_RepurchaseOfEquityMember' xlink:type='locator' />
<link:loc xlink:href='../elts/us-gaap-2012-01-31.xsd#us-gaap_DividendsAxis' xlink:label='loc_DividendsAxis' xlink:type='locator' />
<link:loc xlink:href='../elts/us-gaap-2012-01-31.xsd#us-gaap_DividendsDomain' xlink:label='loc_DividendsDomain' xlink:type='locator' />
<link:loc xlink:href='../elts/us-gaap-2012-01-31.xsd#us-gaap_DividendDeclaredMember' xlink:label='loc_DividendDeclaredMember' xlink:type='locator' />
<link:loc xlink:href='../elts/us-gaap-2012-01-31.xsd#us-gaap_DividendPaidMember' xlink:label='loc_DividendPaidMember' xlink:type='locator' />
<link:loc xlink:href='../elts/us-gaap-2012-01-31.xsd#us-gaap_BusinessAcquisitionAxis' xlink:label='loc_BusinessAcquisitionAxis' xlink:type='locator' />
<link:loc xlink:href='../elts/us-gaap-2012-01-31.xsd#us-gaap_BusinessAcquisitionAcquireeDomain' xlink:label='loc_BusinessAcquisitionAcquireeDomain' xlink:type='locator' />
<link:loc xlink:href='../elts/us-gaap-2012-01-31.xsd#us-gaap_SeriesOfIndividuallyImmaterialBusinessAcquisitionsMember' xlink:label='loc_SeriesOfIndividuallyImmaterialBusinessAcquisitionsMember' xlink:type='locator' />
<link:loc xlink:href='../elts/us-gaap-2012-01-31.xsd#us-gaap_SaleAxis' xlink:label='loc_SaleAxis' xlink:type='locator' />
<link:loc xlink:href='../elts/us-gaap-2012-01-31.xsd#us-gaap_SaleDomain' xlink:label='loc_SaleDomain' xlink:type='locator' />
<link:loc xlink:href='../elts/us-gaap-2012-01-31.xsd#us-gaap_ExtraordinaryItemAxis' xlink:label='loc_ExtraordinaryItemAxis' xlink:type='locator' />
<link:loc xlink:href='../elts/us-gaap-2012-01-31.xsd#us-gaap_ExtraordinaryItemDomain' xlink:label='loc_ExtraordinaryItemDomain' xlink:type='locator' />
<link:loc xlink:href='../elts/us-gaap-2012-01-31.xsd#us-gaap_GainOnPurchaseOfBusinessMember' xlink:label='loc_GainOnPurchaseOfBusinessMember' xlink:type='locator' />
<link:loc xlink:href='../elts/us-gaap-2012-01-31.xsd#us-gaap_NaturalDisastersAndOtherCasualtyEventsMember' xlink:label='loc_NaturalDisastersAndOtherCasualtyEventsMember' xlink:type='locator' />
<link:loc xlink:href='../elts/us-gaap-2012-01-31.xsd#us-gaap_BankruptcyOfPartyAxis' xlink:label='loc_BankruptcyOfPartyAxis' xlink:type='locator' />
<link:loc xlink:href='../elts/us-gaap-2012-01-31.xsd#us-gaap_BankruptcyDomain' xlink:label='loc_BankruptcyDomain' xlink:type='locator' />
<link:loc xlink:href='../elts/us-gaap-2012-01-31.xsd#us-gaap_LossOnReceivablesAxis' xlink:label='loc_LossOnReceivablesAxis' xlink:type='locator' />
<link:loc xlink:href='../elts/us-gaap-2012-01-31.xsd#us-gaap_LossOnReceivablesDomain' xlink:label='loc_LossOnReceivablesDomain' xlink:type='locator' />
<link:loc xlink:href='../elts/us-gaap-2012-01-31.xsd#us-gaap_ProductRecallAxis' xlink:label='loc_ProductRecallAxis' xlink:type='locator' />
<link:loc xlink:href='../elts/us-gaap-2012-01-31.xsd#us-gaap_ProductRecallDomain' xlink:label='loc_ProductRecallDomain' xlink:type='locator' />
<link:loc xlink:href='../elts/us-gaap-2012-01-31.xsd#us-gaap_LitigationStatusAxis' xlink:label='loc_LitigationStatusAxis' xlink:type='locator' />
<link:loc xlink:href='../elts/us-gaap-2012-01-31.xsd#us-gaap_LitigationStatusDomain' xlink:label='loc_LitigationStatusDomain' xlink:type='locator' />
<link:loc xlink:href='../elts/us-gaap-2012-01-31.xsd#us-gaap_PendingLitigationMember' xlink:label='loc_PendingLitigationMember' xlink:type='locator' />
<link:loc xlink:href='../elts/us-gaap-2012-01-31.xsd#us-gaap_ThreatenedLitigationMember' xlink:label='loc_ThreatenedLitigationMember' xlink:type='locator' />
<link:loc xlink:href='../elts/us-gaap-2012-01-31.xsd#us-gaap_LitigationCaseAxis' xlink:label='loc_LitigationCaseAxis' xlink:type='locator' />
<link:loc xlink:href='../elts/us-gaap-2012-01-31.xsd#us-gaap_LitigationCaseTypeDomain' xlink:label='loc_LitigationCaseTypeDomain' xlink:type='locator' />
<link:loc xlink:href='../elts/us-gaap-2012-01-31.xsd#us-gaap_NewContractAxis' xlink:label='loc_NewContractAxis' xlink:type='locator' />
<link:loc xlink:href='../elts/us-gaap-2012-01-31.xsd#us-gaap_NewContractDomain' xlink:label='loc_NewContractDomain' xlink:type='locator' />
<link:loc xlink:href='../elts/us-gaap-2012-01-31.xsd#us-gaap_ExecutiveCompensationContractsMember' xlink:label='loc_ExecutiveCompensationContractsMember' xlink:type='locator' />
<link:loc xlink:href='../elts/us-gaap-2012-01-31.xsd#us-gaap_BoardMemberCompensationContractsMember' xlink:label='loc_BoardMemberCompensationContractsMember' xlink:type='locator' />
<link:loc xlink:href='../elts/us-gaap-2012-01-31.xsd#us-gaap_CancellationOfContractAxis' xlink:label='loc_CancellationOfContractAxis' xlink:type='locator' />
<link:loc xlink:href='../elts/us-gaap-2012-01-31.xsd#us-gaap_CancellationOfContractDomain' xlink:label='loc_CancellationOfContractDomain' xlink:type='locator' />
<link:loc xlink:href='../elts/us-gaap-2012-01-31.xsd#us-gaap_ImpairmentInValueOfAssetAxis' xlink:label='loc_ImpairmentInValueOfAssetAxis' xlink:type='locator' />
<link:loc xlink:href='../elts/us-gaap-2012-01-31.xsd#us-gaap_ImpairmentInValueOfAssetDomain' xlink:label='loc_ImpairmentInValueOfAssetDomain' xlink:type='locator' />
<link:loc xlink:href='../elts/us-gaap-2012-01-31.xsd#us-gaap_ExpropriationOfAssetsAxis' xlink:label='loc_ExpropriationOfAssetsAxis' xlink:type='locator' />
<link:loc xlink:href='../elts/us-gaap-2012-01-31.xsd#us-gaap_ExpropriationOfAssetsDomain' xlink:label='loc_ExpropriationOfAssetsDomain' xlink:type='locator' />
<link:loc xlink:href='../elts/us-gaap-2012-01-31.xsd#us-gaap_IncomeStatementBalanceSheetAndAdditionalDisclosuresByDisposalGroupsIncludingDiscontinuedOperationsAxis' xlink:label='loc_IncomeStatementBalanceSheetAndAdditionalDisclosuresByDisposalGroupsIncludingDiscontinuedOperationsAxis' xlink:type='locator' />
<link:loc xlink:href='../elts/us-gaap-2012-01-31.xsd#us-gaap_DisposalGroupsIncludingDiscontinuedOperationsNameDomain' xlink:label='loc_DisposalGroupsIncludingDiscontinuedOperationsNameDomain' xlink:type='locator' />
<link:loc xlink:href='../elts/us-gaap-2012-01-31.xsd#us-gaap_ChangeInTaxStatusAxis' xlink:label='loc_ChangeInTaxStatusAxis' xlink:type='locator' />
<link:loc xlink:href='../elts/us-gaap-2012-01-31.xsd#us-gaap_ChangeInTaxStatusDomain' xlink:label='loc_ChangeInTaxStatusDomain' xlink:type='locator' />
<link:loc xlink:href='../elts/us-gaap-2012-01-31.xsd#us-gaap_SubsequentEventLineItems' xlink:label='loc_SubsequentEventLineItems' xlink:type='locator' />
<link:loc xlink:href='../elts/us-gaap-2012-01-31.xsd#us-gaap_SubsequentEventDateThroughWhichEvaluated' xlink:label='loc_SubsequentEventDateThroughWhichEvaluated' xlink:type='locator' />
<link:loc xlink:href='../elts/us-gaap-2012-01-31.xsd#us-gaap_SubsequentEventDateEvaluationEnded1' xlink:label='loc_SubsequentEventDateEvaluationEnded1' xlink:type='locator' />
<link:loc xlink:href='../elts/us-gaap-2012-01-31.xsd#us-gaap_SubsequentEventDateFinancialStatementsIssued1' xlink:label='loc_SubsequentEventDateFinancialStatementsIssued1' xlink:type='locator' />
<link:loc xlink:href='../elts/us-gaap-2012-01-31.xsd#us-gaap_SubsequentEventDateFinancialStatementsAvailableForIssuance' xlink:label='loc_SubsequentEventDateFinancialStatementsAvailableForIssuance' xlink:type='locator' />
<link:loc xlink:href='../elts/us-gaap-2012-01-31.xsd#us-gaap_SubsequentEventsDate' xlink:label='loc_SubsequentEventsDate' xlink:type='locator' />
<link:loc xlink:href='../elts/us-gaap-2012-01-31.xsd#us-gaap_SubsequentEventDescription' xlink:label='loc_SubsequentEventDescription' xlink:type='locator' />
<link:loc xlink:href='../elts/us-gaap-2012-01-31.xsd#us-gaap_SubsequentEventAmount' xlink:label='loc_SubsequentEventAmount' xlink:type='locator' />
<link:loc xlink:href='../elts/us-gaap-2012-01-31.xsd#us-gaap_SubsequentEventAmountLowerRange' xlink:label='loc_SubsequentEventAmountLowerRange' xlink:type='locator' />
<link:loc xlink:href='../elts/us-gaap-2012-01-31.xsd#us-gaap_SubsequentEventAmountHigherRange' xlink:label='loc_SubsequentEventAmountHigherRange' xlink:type='locator' />
<link:loc xlink:href='../elts/us-gaap-2012-01-31.xsd#us-gaap_SubsequentEventAmountInestimable' xlink:label='loc_SubsequentEventAmountInestimable' xlink:type='locator' />
<link:loc xlink:href='../elts/us-gaap-2012-01-31.xsd#us-gaap_SubsequentEventEffectOfChangeInTaxStatus' xlink:label='loc_SubsequentEventEffectOfChangeInTaxStatus' xlink:type='locator' />
<link:loc xlink:href='../elts/us-gaap-2012-01-31.xsd#us-gaap_SubsequentEventTermOfContract' xlink:label='loc_SubsequentEventTermOfContract' xlink:type='locator' />
<link:loc xlink:href='../elts/us-gaap-2012-01-31.xsd#us-gaap_SubsequentEventProFormaBusinessCombinations' xlink:label='loc_SubsequentEventProFormaBusinessCombinations' xlink:type='locator' />
<link:loc xlink:href='../elts/us-gaap-2012-01-31.xsd#us-gaap_SubsequentEventDateEvaluatedDescription' xlink:label='loc_SubsequentEventDateEvaluatedDescription' xlink:type='locator' />
<link:loc xlink:href='../elts/us-gaap-2012-01-31.xsd#us-gaap_SubsequentEventRevisedFinancialStatementsDateEvaluated' xlink:label='loc_SubsequentEventRevisedFinancialStatementsDateEvaluated' xlink:type='locator' />
<link:loc xlink:href='../elts/us-gaap-2012-01-31.xsd#us-gaap_SubsequentEventRevisedFinancialStatementsDateEvaluatedDescription' xlink:label='loc_SubsequentEventRevisedFinancialStatementsDateEvaluatedDescription' xlink:type='locator' />
<link:loc xlink:href='../elts/us-gaap-2012-01-31.xsd#us-gaap_DisclosureTextBlockSupplementAbstract' xlink:label='loc_DisclosureTextBlockSupplementAbstract' xlink:type='locator' />
<link:presentationArc order='10' xlink:arcrole='http://www.xbrl.org/2003/arcrole/parent-child' xlink:from='loc_SubsequentEventsAbstract' xlink:to='loc_SubsequentEventsTextBlock' xlink:type='arc' />
<link:presentationArc order='10' xlink:arcrole='http://www.xbrl.org/2003/arcrole/parent-child' xlink:from='loc_SubsequentEventsTextBlock' xlink:to='loc_ScheduleOfSubsequentEventsTextBlock' xlink:type='arc' />
<link:presentationArc order='10' use='optional' xlink:arcrole='http://www.xbrl.org/2003/arcrole/parent-child' xlink:from='loc_ScheduleOfSubsequentEventsTextBlock' xlink:to='loc_SubsequentEventTable' xlink:type='arc' />
<link:presentationArc order='10' use='optional' xlink:arcrole='http://www.xbrl.org/2003/arcrole/parent-child' xlink:from='loc_SubsequentEventTable' xlink:to='loc_SubsequentEventTypeAxis' xlink:type='arc' />
<link:presentationArc order='10' use='optional' xlink:arcrole='http://www.xbrl.org/2003/arcrole/parent-child' xlink:from='loc_SubsequentEventTypeAxis' xlink:to='loc_SubsequentEventTypeDomain' xlink:type='arc' />
<link:presentationArc order='10' xlink:arcrole='http://www.xbrl.org/2003/arcrole/parent-child' xlink:from='loc_SubsequentEventTypeDomain' xlink:to='loc_SubsequentEventMember' xlink:type='arc' />
<link:presentationArc order='20' xlink:arcrole='http://www.xbrl.org/2003/arcrole/parent-child' xlink:from='loc_SubsequentEventTypeDomain' xlink:to='loc_ProFormaMember' xlink:type='arc' />
<link:presentationArc order='20' xlink:arcrole='http://www.xbrl.org/2003/arcrole/parent-child' xlink:from='loc_SubsequentEventTable' xlink:to='loc_FinancingAxis' xlink:type='arc' />
<link:presentationArc order='10' xlink:arcrole='http://www.xbrl.org/2003/arcrole/parent-child' xlink:from='loc_FinancingAxis' xlink:to='loc_FinancingDomain' xlink:type='arc' />
<link:presentationArc order='10' xlink:arcrole='http://www.xbrl.org/2003/arcrole/parent-child' xlink:from='loc_FinancingDomain' xlink:to='loc_RepaymentOfDebtMember' xlink:type='arc' />
<link:presentationArc order='20' xlink:arcrole='http://www.xbrl.org/2003/arcrole/parent-child' xlink:from='loc_FinancingDomain' xlink:to='loc_SettlementOfDebtMember' xlink:type='arc' />
<link:presentationArc order='30' xlink:arcrole='http://www.xbrl.org/2003/arcrole/parent-child' xlink:from='loc_FinancingDomain' xlink:to='loc_RefinancingOfDebtMember' xlink:type='arc' />
<link:presentationArc order='40' xlink:arcrole='http://www.xbrl.org/2003/arcrole/parent-child' xlink:from='loc_FinancingDomain' xlink:to='loc_IssuanceOfDebtMember' xlink:type='arc' />
<link:presentationArc order='50' xlink:arcrole='http://www.xbrl.org/2003/arcrole/parent-child' xlink:from='loc_FinancingDomain' xlink:to='loc_IssuanceOfEquityMember' xlink:type='arc' />
<link:presentationArc order='60' xlink:arcrole='http://www.xbrl.org/2003/arcrole/parent-child' xlink:from='loc_FinancingDomain' xlink:to='loc_RepurchaseOfEquityMember' xlink:type='arc' />
<link:presentationArc order='30' xlink:arcrole='http://www.xbrl.org/2003/arcrole/parent-child' xlink:from='loc_SubsequentEventTable' xlink:to='loc_DividendsAxis' xlink:type='arc' />
<link:presentationArc order='10' xlink:arcrole='http://www.xbrl.org/2003/arcrole/parent-child' xlink:from='loc_DividendsAxis' xlink:to='loc_DividendsDomain' xlink:type='arc' />
<link:presentationArc order='10' xlink:arcrole='http://www.xbrl.org/2003/arcrole/parent-child' xlink:from='loc_DividendsDomain' xlink:to='loc_DividendDeclaredMember' xlink:type='arc' />
<link:presentationArc order='20' xlink:arcrole='http://www.xbrl.org/2003/arcrole/parent-child' xlink:from='loc_DividendsDomain' xlink:to='loc_DividendPaidMember' xlink:type='arc' />
<link:presentationArc order='40' xlink:arcrole='http://www.xbrl.org/2003/arcrole/parent-child' xlink:from='loc_SubsequentEventTable' xlink:to='loc_BusinessAcquisitionAxis' xlink:type='arc' />
<link:presentationArc order='10' xlink:arcrole='http://www.xbrl.org/2003/arcrole/parent-child' xlink:from='loc_BusinessAcquisitionAxis' xlink:to='loc_BusinessAcquisitionAcquireeDomain' xlink:type='arc' />
<link:presentationArc order='10' xlink:arcrole='http://www.xbrl.org/2003/arcrole/parent-child' xlink:from='loc_BusinessAcquisitionAcquireeDomain' xlink:to='loc_SeriesOfIndividuallyImmaterialBusinessAcquisitionsMember' xlink:type='arc' />
<link:presentationArc order='50' xlink:arcrole='http://www.xbrl.org/2003/arcrole/parent-child' xlink:from='loc_SubsequentEventTable' xlink:to='loc_SaleAxis' xlink:type='arc' />
<link:presentationArc order='10' xlink:arcrole='http://www.xbrl.org/2003/arcrole/parent-child' xlink:from='loc_SaleAxis' xlink:to='loc_SaleDomain' xlink:type='arc' />
<link:presentationArc order='60' xlink:arcrole='http://www.xbrl.org/2003/arcrole/parent-child' xlink:from='loc_SubsequentEventTable' xlink:to='loc_ExtraordinaryItemAxis' xlink:type='arc' />
<link:presentationArc order='10' xlink:arcrole='http://www.xbrl.org/2003/arcrole/parent-child' xlink:from='loc_ExtraordinaryItemAxis' xlink:to='loc_ExtraordinaryItemDomain' xlink:type='arc' />
<link:presentationArc order='10' xlink:arcrole='http://www.xbrl.org/2003/arcrole/parent-child' xlink:from='loc_ExtraordinaryItemDomain' xlink:to='loc_GainOnPurchaseOfBusinessMember' xlink:type='arc' />
<link:presentationArc order='20' xlink:arcrole='http://www.xbrl.org/2003/arcrole/parent-child' xlink:from='loc_ExtraordinaryItemDomain' xlink:to='loc_NaturalDisastersAndOtherCasualtyEventsMember' xlink:type='arc' />
<link:presentationArc order='70' xlink:arcrole='http://www.xbrl.org/2003/arcrole/parent-child' xlink:from='loc_SubsequentEventTable' xlink:to='loc_BankruptcyOfPartyAxis' xlink:type='arc' />
<link:presentationArc order='10' xlink:arcrole='http://www.xbrl.org/2003/arcrole/parent-child' xlink:from='loc_BankruptcyOfPartyAxis' xlink:to='loc_BankruptcyDomain' xlink:type='arc' />
<link:presentationArc order='80' xlink:arcrole='http://www.xbrl.org/2003/arcrole/parent-child' xlink:from='loc_SubsequentEventTable' xlink:to='loc_LossOnReceivablesAxis' xlink:type='arc' />
<link:presentationArc order='10' xlink:arcrole='http://www.xbrl.org/2003/arcrole/parent-child' xlink:from='loc_LossOnReceivablesAxis' xlink:to='loc_LossOnReceivablesDomain' xlink:type='arc' />
<link:presentationArc order='90' xlink:arcrole='http://www.xbrl.org/2003/arcrole/parent-child' xlink:from='loc_SubsequentEventTable' xlink:to='loc_ProductRecallAxis' xlink:type='arc' />
<link:presentationArc order='10' xlink:arcrole='http://www.xbrl.org/2003/arcrole/parent-child' xlink:from='loc_ProductRecallAxis' xlink:to='loc_ProductRecallDomain' xlink:type='arc' />
<link:presentationArc order='100' xlink:arcrole='http://www.xbrl.org/2003/arcrole/parent-child' xlink:from='loc_SubsequentEventTable' xlink:to='loc_LitigationStatusAxis' xlink:type='arc' />
<link:presentationArc order='10' xlink:arcrole='http://www.xbrl.org/2003/arcrole/parent-child' xlink:from='loc_LitigationStatusAxis' xlink:to='loc_LitigationStatusDomain' xlink:type='arc' />
<link:presentationArc order='10' xlink:arcrole='http://www.xbrl.org/2003/arcrole/parent-child' xlink:from='loc_LitigationStatusDomain' xlink:to='loc_PendingLitigationMember' xlink:type='arc' />
<link:presentationArc order='20' xlink:arcrole='http://www.xbrl.org/2003/arcrole/parent-child' xlink:from='loc_LitigationStatusDomain' xlink:to='loc_ThreatenedLitigationMember' xlink:type='arc' />
<link:presentationArc order='110' xlink:arcrole='http://www.xbrl.org/2003/arcrole/parent-child' xlink:from='loc_SubsequentEventTable' xlink:to='loc_LitigationCaseAxis' xlink:type='arc' />
<link:presentationArc order='10' xlink:arcrole='http://www.xbrl.org/2003/arcrole/parent-child' xlink:from='loc_LitigationCaseAxis' xlink:to='loc_LitigationCaseTypeDomain' xlink:type='arc' />
<link:presentationArc order='120' xlink:arcrole='http://www.xbrl.org/2003/arcrole/parent-child' xlink:from='loc_SubsequentEventTable' xlink:to='loc_NewContractAxis' xlink:type='arc' />
<link:presentationArc order='10' xlink:arcrole='http://www.xbrl.org/2003/arcrole/parent-child' xlink:from='loc_NewContractAxis' xlink:to='loc_NewContractDomain' xlink:type='arc' />
<link:presentationArc order='10' xlink:arcrole='http://www.xbrl.org/2003/arcrole/parent-child' xlink:from='loc_NewContractDomain' xlink:to='loc_ExecutiveCompensationContractsMember' xlink:type='arc' />
<link:presentationArc order='20' xlink:arcrole='http://www.xbrl.org/2003/arcrole/parent-child' xlink:from='loc_NewContractDomain' xlink:to='loc_BoardMemberCompensationContractsMember' xlink:type='arc' />
<link:presentationArc order='130' xlink:arcrole='http://www.xbrl.org/2003/arcrole/parent-child' xlink:from='loc_SubsequentEventTable' xlink:to='loc_CancellationOfContractAxis' xlink:type='arc' />
<link:presentationArc order='10' xlink:arcrole='http://www.xbrl.org/2003/arcrole/parent-child' xlink:from='loc_CancellationOfContractAxis' xlink:to='loc_CancellationOfContractDomain' xlink:type='arc' />
<link:presentationArc order='140' xlink:arcrole='http://www.xbrl.org/2003/arcrole/parent-child' xlink:from='loc_SubsequentEventTable' xlink:to='loc_ImpairmentInValueOfAssetAxis' xlink:type='arc' />
<link:presentationArc order='10' xlink:arcrole='http://www.xbrl.org/2003/arcrole/parent-child' xlink:from='loc_ImpairmentInValueOfAssetAxis' xlink:to='loc_ImpairmentInValueOfAssetDomain' xlink:type='arc' />
<link:presentationArc order='150' xlink:arcrole='http://www.xbrl.org/2003/arcrole/parent-child' xlink:from='loc_SubsequentEventTable' xlink:to='loc_ExpropriationOfAssetsAxis' xlink:type='arc' />
<link:presentationArc order='10' xlink:arcrole='http://www.xbrl.org/2003/arcrole/parent-child' xlink:from='loc_ExpropriationOfAssetsAxis' xlink:to='loc_ExpropriationOfAssetsDomain' xlink:type='arc' />
<link:presentationArc order='160' xlink:arcrole='http://www.xbrl.org/2003/arcrole/parent-child' xlink:from='loc_SubsequentEventTable' xlink:to='loc_IncomeStatementBalanceSheetAndAdditionalDisclosuresByDisposalGroupsIncludingDiscontinuedOperationsAxis' xlink:type='arc' />
<link:presentationArc order='10' xlink:arcrole='http://www.xbrl.org/2003/arcrole/parent-child' xlink:from='loc_IncomeStatementBalanceSheetAndAdditionalDisclosuresByDisposalGroupsIncludingDiscontinuedOperationsAxis' xlink:to='loc_DisposalGroupsIncludingDiscontinuedOperationsNameDomain' xlink:type='arc' />
<link:presentationArc order='170' xlink:arcrole='http://www.xbrl.org/2003/arcrole/parent-child' xlink:from='loc_SubsequentEventTable' xlink:to='loc_ChangeInTaxStatusAxis' xlink:type='arc' />
<link:presentationArc order='10' xlink:arcrole='http://www.xbrl.org/2003/arcrole/parent-child' xlink:from='loc_ChangeInTaxStatusAxis' xlink:to='loc_ChangeInTaxStatusDomain' xlink:type='arc' />
<link:presentationArc order='180' use='optional' xlink:arcrole='http://www.xbrl.org/2003/arcrole/parent-child' xlink:from='loc_SubsequentEventTable' xlink:to='loc_SubsequentEventLineItems' xlink:type='arc' />
<link:presentationArc order='10' xlink:arcrole='http://www.xbrl.org/2003/arcrole/parent-child' xlink:from='loc_SubsequentEventLineItems' xlink:to='loc_SubsequentEventDateThroughWhichEvaluated' xlink:type='arc' />
<link:presentationArc order='10' xlink:arcrole='http://www.xbrl.org/2003/arcrole/parent-child' xlink:from='loc_SubsequentEventDateThroughWhichEvaluated' xlink:to='loc_SubsequentEventDateEvaluationEnded1' xlink:type='arc' />
<link:presentationArc order='20' xlink:arcrole='http://www.xbrl.org/2003/arcrole/parent-child' xlink:from='loc_SubsequentEventDateThroughWhichEvaluated' xlink:to='loc_SubsequentEventDateFinancialStatementsIssued1' xlink:type='arc' />
<link:presentationArc order='30' xlink:arcrole='http://www.xbrl.org/2003/arcrole/parent-child' xlink:from='loc_SubsequentEventDateThroughWhichEvaluated' xlink:to='loc_SubsequentEventDateFinancialStatementsAvailableForIssuance' xlink:type='arc' />
<link:presentationArc order='20' xlink:arcrole='http://www.xbrl.org/2003/arcrole/parent-child' xlink:from='loc_SubsequentEventLineItems' xlink:to='loc_SubsequentEventsDate' xlink:type='arc' />
<link:presentationArc order='30' use='optional' xlink:arcrole='http://www.xbrl.org/2003/arcrole/parent-child' xlink:from='loc_SubsequentEventLineItems' xlink:to='loc_SubsequentEventDescription' xlink:type='arc' />
<link:presentationArc order='40' use='optional' xlink:arcrole='http://www.xbrl.org/2003/arcrole/parent-child' xlink:from='loc_SubsequentEventLineItems' xlink:to='loc_SubsequentEventAmount' xlink:type='arc' />
<link:presentationArc order='50' xlink:arcrole='http://www.xbrl.org/2003/arcrole/parent-child' xlink:from='loc_SubsequentEventLineItems' xlink:to='loc_SubsequentEventAmountLowerRange' xlink:type='arc' />
<link:presentationArc order='60' xlink:arcrole='http://www.xbrl.org/2003/arcrole/parent-child' xlink:from='loc_SubsequentEventLineItems' xlink:to='loc_SubsequentEventAmountHigherRange' xlink:type='arc' />
<link:presentationArc order='70' xlink:arcrole='http://www.xbrl.org/2003/arcrole/parent-child' xlink:from='loc_SubsequentEventLineItems' xlink:to='loc_SubsequentEventAmountInestimable' xlink:type='arc' />
<link:presentationArc order='80' xlink:arcrole='http://www.xbrl.org/2003/arcrole/parent-child' xlink:from='loc_SubsequentEventLineItems' xlink:to='loc_SubsequentEventEffectOfChangeInTaxStatus' xlink:type='arc' />
<link:presentationArc order='90' xlink:arcrole='http://www.xbrl.org/2003/arcrole/parent-child' xlink:from='loc_SubsequentEventLineItems' xlink:to='loc_SubsequentEventTermOfContract' xlink:type='arc' />
<link:presentationArc order='20' xlink:arcrole='http://www.xbrl.org/2003/arcrole/parent-child' xlink:from='loc_ScheduleOfSubsequentEventsTextBlock' xlink:to='loc_SubsequentEventProFormaBusinessCombinations' xlink:type='arc' />
<link:presentationArc order='30' xlink:arcrole='http://www.xbrl.org/2003/arcrole/parent-child' xlink:from='loc_ScheduleOfSubsequentEventsTextBlock' xlink:to='loc_SubsequentEventDateEvaluatedDescription' xlink:type='arc' />
<link:presentationArc order='40' xlink:arcrole='http://www.xbrl.org/2003/arcrole/parent-child' xlink:from='loc_ScheduleOfSubsequentEventsTextBlock' xlink:to='loc_SubsequentEventRevisedFinancialStatementsDateEvaluated' xlink:type='arc' />
<link:presentationArc order='50' xlink:arcrole='http://www.xbrl.org/2003/arcrole/parent-child' xlink:from='loc_ScheduleOfSubsequentEventsTextBlock' xlink:to='loc_SubsequentEventRevisedFinancialStatementsDateEvaluatedDescription' xlink:type='arc' />
<link:presentationArc order='20' xlink:arcrole='http://www.xbrl.org/2003/arcrole/parent-child' xlink:from='loc_SubsequentEventsAbstract' xlink:to='loc_DisclosureTextBlockSupplementAbstract' xlink:type='arc' />
<link:presentationArc order='10' xlink:arcrole='http://www.xbrl.org/2003/arcrole/parent-child' xlink:from='loc_DisclosureTextBlockSupplementAbstract' xlink:to='loc_SubsequentEventProFormaBusinessCombinations' xlink:type='arc' />
</link:presentationLink>
</link:linkbase>
