<?xml version='1.0' encoding='UTF-8'?>

<!--
(c) XBRL US, Inc. 2007-2010; Financial Accounting Foundation, Inc. 2010-2012.  All Rights Reserved.
Notice: Authorized Uses are Set Forth at http://xbrl.fasb.org/terms/TaxonomiesTermsConditions.html
  -->
<link:linkbase xmlns:link='http://www.xbrl.org/2003/linkbase' xmlns:xbrldt='http://xbrl.org/2005/xbrldt' xmlns:xlink='http://www.w3.org/1999/xlink' xmlns:xsi='http://www.w3.org/2001/XMLSchema-instance' xsi:schemaLocation='http://www.xbrl.org/2003/linkbase http://www.xbrl.org/2003/xbrl-linkbase-2003-12-31.xsd'>
<link:roleRef roleURI='http://fasb.org/us-gaap/role/disclosure/FinancialServicesInsuranceCalc2' xlink:href='../elts/us-roles-2012-01-31.xsd#fs-ins2' xlink:type='simple' />
<link:calculationLink xlink:role='http://fasb.org/us-gaap/role/disclosure/FinancialServicesInsuranceCalc2' xlink:type='extended'>
<link:loc xlink:href='../elts/us-gaap-2012-01-31.xsd#us-gaap_AssumedPremiumsWritten' xlink:label='loc_AssumedPremiumsWritten' xlink:type='locator' />
<link:loc xlink:href='../elts/us-gaap-2012-01-31.xsd#us-gaap_AssumedPremiumsWrittenLife' xlink:label='loc_AssumedPremiumsWrittenLife' xlink:type='locator' />
<link:loc xlink:href='../elts/us-gaap-2012-01-31.xsd#us-gaap_AssumedPremiumsWrittenPropertyAndCasualty' xlink:label='loc_AssumedPremiumsWrittenPropertyAndCasualty' xlink:type='locator' />
<link:loc xlink:href='../elts/us-gaap-2012-01-31.xsd#us-gaap_AssumedPremiumsWrittenAccidentAndHealth' xlink:label='loc_AssumedPremiumsWrittenAccidentAndHealth' xlink:type='locator' />
<link:loc xlink:href='../elts/us-gaap-2012-01-31.xsd#us-gaap_AssumedPremiumsWrittenFinancialGuaranteeInsuranceContracts' xlink:label='loc_AssumedPremiumsWrittenFinancialGuaranteeInsuranceContracts' xlink:type='locator' />
<link:loc xlink:href='../elts/us-gaap-2012-01-31.xsd#us-gaap_AssumedPremiumsWrittenOtherInsurance' xlink:label='loc_AssumedPremiumsWrittenOtherInsurance' xlink:type='locator' />
<link:loc xlink:href='../elts/us-gaap-2012-01-31.xsd#us-gaap_CededPremiumsWritten' xlink:label='loc_CededPremiumsWritten' xlink:type='locator' />
<link:loc xlink:href='../elts/us-gaap-2012-01-31.xsd#us-gaap_CededPremiumsWrittenLife' xlink:label='loc_CededPremiumsWrittenLife' xlink:type='locator' />
<link:loc xlink:href='../elts/us-gaap-2012-01-31.xsd#us-gaap_CededPremiumsWrittenPropertyAndCasualty' xlink:label='loc_CededPremiumsWrittenPropertyAndCasualty' xlink:type='locator' />
<link:loc xlink:href='../elts/us-gaap-2012-01-31.xsd#us-gaap_CededPremiumsWrittenAccidentAndHealth' xlink:label='loc_CededPremiumsWrittenAccidentAndHealth' xlink:type='locator' />
<link:loc xlink:href='../elts/us-gaap-2012-01-31.xsd#us-gaap_CededPremiumsWrittenFinancialGuaranteeInsuranceContracts' xlink:label='loc_CededPremiumsWrittenFinancialGuaranteeInsuranceContracts' xlink:type='locator' />
<link:loc xlink:href='../elts/us-gaap-2012-01-31.xsd#us-gaap_CededPremiumsWrittenOtherInsurance' xlink:label='loc_CededPremiumsWrittenOtherInsurance' xlink:type='locator' />
<link:loc xlink:href='../elts/us-gaap-2012-01-31.xsd#us-gaap_DirectPremiumsWritten' xlink:label='loc_DirectPremiumsWritten' xlink:type='locator' />
<link:loc xlink:href='../elts/us-gaap-2012-01-31.xsd#us-gaap_DirectPremiumsWrittenLife' xlink:label='loc_DirectPremiumsWrittenLife' xlink:type='locator' />
<link:loc xlink:href='../elts/us-gaap-2012-01-31.xsd#us-gaap_DirectPremiumsWrittenPropertyAndCasualty' xlink:label='loc_DirectPremiumsWrittenPropertyAndCasualty' xlink:type='locator' />
<link:loc xlink:href='../elts/us-gaap-2012-01-31.xsd#us-gaap_DirectPremiumsWrittenAccidentAndHealth' xlink:label='loc_DirectPremiumsWrittenAccidentAndHealth' xlink:type='locator' />
<link:loc xlink:href='../elts/us-gaap-2012-01-31.xsd#us-gaap_DirectPremiumsWrittenFinancialGuaranteeInsuranceContracts' xlink:label='loc_DirectPremiumsWrittenFinancialGuaranteeInsuranceContracts' xlink:type='locator' />
<link:loc xlink:href='../elts/us-gaap-2012-01-31.xsd#us-gaap_DirectPremiumsWrittenOtherInsurance' xlink:label='loc_DirectPremiumsWrittenOtherInsurance' xlink:type='locator' />
<link:loc xlink:href='../elts/us-gaap-2012-01-31.xsd#us-gaap_FinancialGuaranteeInsuranceContractsFutureExpectedPremiumRevenueToBeRecognized' xlink:label='loc_FinancialGuaranteeInsuranceContractsFutureExpectedPremiumRevenueToBeRecognized' xlink:type='locator' />
<link:loc xlink:href='../elts/us-gaap-2012-01-31.xsd#us-gaap_FinancialGuaranteeInsuranceContractsFutureExpectedPremiumRevenueToBeRecognizedRollingYearTwo' xlink:label='loc_FinancialGuaranteeInsuranceContractsFutureExpectedPremiumRevenueToBeRecognizedRollingYearTwo' xlink:type='locator' />
<link:loc xlink:href='../elts/us-gaap-2012-01-31.xsd#us-gaap_FinancialGuaranteeInsuranceContractsFutureExpectedPremiumRevenueToBeRecognizedRollingYearThree' xlink:label='loc_FinancialGuaranteeInsuranceContractsFutureExpectedPremiumRevenueToBeRecognizedRollingYearThree' xlink:type='locator' />
<link:loc xlink:href='../elts/us-gaap-2012-01-31.xsd#us-gaap_FinancialGuaranteeInsuranceContractsFutureExpectedPremiumRevenueToBeRecognizedRollingYearFour' xlink:label='loc_FinancialGuaranteeInsuranceContractsFutureExpectedPremiumRevenueToBeRecognizedRollingYearFour' xlink:type='locator' />
<link:loc xlink:href='../elts/us-gaap-2012-01-31.xsd#us-gaap_FinancialGuaranteeInsuranceContractsFutureExpectedPremiumRevenueToBeRecognizedRollingYearFive' xlink:label='loc_FinancialGuaranteeInsuranceContractsFutureExpectedPremiumRevenueToBeRecognizedRollingYearFive' xlink:type='locator' />
<link:loc xlink:href='../elts/us-gaap-2012-01-31.xsd#us-gaap_FinancialGuaranteeInsuranceContractsFutureExpectedPremiumRevenueToBeRecognizedRollingYearSixThroughTen' xlink:label='loc_FinancialGuaranteeInsuranceContractsFutureExpectedPremiumRevenueToBeRecognizedRollingYearSixThroughTen' xlink:type='locator' />
<link:loc xlink:href='../elts/us-gaap-2012-01-31.xsd#us-gaap_FinancialGuaranteeInsuranceContractsFutureExpectedPremiumRevenueToBeRecognizedRollingYear11Through15' xlink:label='loc_FinancialGuaranteeInsuranceContractsFutureExpectedPremiumRevenueToBeRecognizedRollingYear11Through15' xlink:type='locator' />
<link:loc xlink:href='../elts/us-gaap-2012-01-31.xsd#us-gaap_FinancialGuaranteeInsuranceContractsFutureExpectedPremiumRevenueToBeRecognizedRollingYear16Through20' xlink:label='loc_FinancialGuaranteeInsuranceContractsFutureExpectedPremiumRevenueToBeRecognizedRollingYear16Through20' xlink:type='locator' />
<link:loc xlink:href='../elts/us-gaap-2012-01-31.xsd#us-gaap_FinancialGuaranteeInsuranceContractsFutureExpectedPremiumRevenueToBeRecognizedRollingYear21Through25' xlink:label='loc_FinancialGuaranteeInsuranceContractsFutureExpectedPremiumRevenueToBeRecognizedRollingYear21Through25' xlink:type='locator' />
<link:loc xlink:href='../elts/us-gaap-2012-01-31.xsd#us-gaap_FinancialGuaranteeInsuranceContractsFutureExpectedPremiumRevenueToBeRecognizedRollingYear26Through30' xlink:label='loc_FinancialGuaranteeInsuranceContractsFutureExpectedPremiumRevenueToBeRecognizedRollingYear26Through30' xlink:type='locator' />
<link:loc xlink:href='../elts/us-gaap-2012-01-31.xsd#us-gaap_FinancialGuaranteeInsuranceContractsFutureExpectedPremiumRevenueToBeRecognizedRollingYear31Through35' xlink:label='loc_FinancialGuaranteeInsuranceContractsFutureExpectedPremiumRevenueToBeRecognizedRollingYear31Through35' xlink:type='locator' />
<link:loc xlink:href='../elts/us-gaap-2012-01-31.xsd#us-gaap_FinancialGuaranteeInsuranceContractsFutureExpectedPremiumRevenueToBeRecognizedRollingYear36Through40' xlink:label='loc_FinancialGuaranteeInsuranceContractsFutureExpectedPremiumRevenueToBeRecognizedRollingYear36Through40' xlink:type='locator' />
<link:loc xlink:href='../elts/us-gaap-2012-01-31.xsd#us-gaap_FinancialGuaranteeInsuranceContractsFutureExpectedPremiumRevenueToBeRecognizedNextRollingTwelveMonths' xlink:label='loc_FinancialGuaranteeInsuranceContractsFutureExpectedPremiumRevenueToBeRecognizedNextRollingTwelveMonths' xlink:type='locator' />
<link:loc xlink:href='../elts/us-gaap-2012-01-31.xsd#us-gaap_FinancialGuaranteeInsuranceContractsFutureExpectedPremiumRevenueToBeRecognizedNextRollingQuarter' xlink:label='loc_FinancialGuaranteeInsuranceContractsFutureExpectedPremiumRevenueToBeRecognizedNextRollingQuarter' xlink:type='locator' />
<link:loc xlink:href='../elts/us-gaap-2012-01-31.xsd#us-gaap_FinancialGuaranteeInsuranceContractsFutureExpectedPremiumRevenueToBeRecognizedSecondRollingQuarter' xlink:label='loc_FinancialGuaranteeInsuranceContractsFutureExpectedPremiumRevenueToBeRecognizedSecondRollingQuarter' xlink:type='locator' />
<link:loc xlink:href='../elts/us-gaap-2012-01-31.xsd#us-gaap_FinancialGuaranteeInsuranceContractsFutureExpectedPremiumRevenueToBeRecognizedThirdRollingQuarter' xlink:label='loc_FinancialGuaranteeInsuranceContractsFutureExpectedPremiumRevenueToBeRecognizedThirdRollingQuarter' xlink:type='locator' />
<link:loc xlink:href='../elts/us-gaap-2012-01-31.xsd#us-gaap_FinancialGuaranteeInsuranceContractsFutureExpectedPremiumRevenueToBeRecognizedFourthRollingQuarter' xlink:label='loc_FinancialGuaranteeInsuranceContractsFutureExpectedPremiumRevenueToBeRecognizedFourthRollingQuarter' xlink:type='locator' />
<link:loc xlink:href='../elts/us-gaap-2012-01-31.xsd#us-gaap_FinancialGuaranteeInsuranceContractsPremiumReceivablePremiumExpectedToBeCollected' xlink:label='loc_FinancialGuaranteeInsuranceContractsPremiumReceivablePremiumExpectedToBeCollected' xlink:type='locator' />
<link:loc xlink:href='../elts/us-gaap-2012-01-31.xsd#us-gaap_FinancialGuaranteeInsuranceContractsPremiumReceivablePremiumExpectedToBeCollectedRollingYearTwo' xlink:label='loc_FinancialGuaranteeInsuranceContractsPremiumReceivablePremiumExpectedToBeCollectedRollingYearTwo' xlink:type='locator' />
<link:loc xlink:href='../elts/us-gaap-2012-01-31.xsd#us-gaap_FinancialGuaranteeInsuranceContractsPremiumReceivablePremiumExpectedToBeCollectedRollingYearThree' xlink:label='loc_FinancialGuaranteeInsuranceContractsPremiumReceivablePremiumExpectedToBeCollectedRollingYearThree' xlink:type='locator' />
<link:loc xlink:href='../elts/us-gaap-2012-01-31.xsd#us-gaap_FinancialGuaranteeInsuranceContractsPremiumReceivablePremiumExpectedToBeCollectedRollingYearFour' xlink:label='loc_FinancialGuaranteeInsuranceContractsPremiumReceivablePremiumExpectedToBeCollectedRollingYearFour' xlink:type='locator' />
<link:loc xlink:href='../elts/us-gaap-2012-01-31.xsd#us-gaap_FinancialGuaranteeInsuranceContractsPremiumReceivablePremiumExpectedToBeCollectedRollingYearFive' xlink:label='loc_FinancialGuaranteeInsuranceContractsPremiumReceivablePremiumExpectedToBeCollectedRollingYearFive' xlink:type='locator' />
<link:loc xlink:href='../elts/us-gaap-2012-01-31.xsd#us-gaap_FinancialGuaranteeInsuranceContractsPremiumReceivablePremiumExpectedToBeCollectedRollingYearSixThroughTen' xlink:label='loc_FinancialGuaranteeInsuranceContractsPremiumReceivablePremiumExpectedToBeCollectedRollingYearSixThroughTen' xlink:type='locator' />
<link:loc xlink:href='../elts/us-gaap-2012-01-31.xsd#us-gaap_FinancialGuaranteeInsuranceContractsPremiumReceivablePremiumExpectedToBeCollectedRollingYear11Through15' xlink:label='loc_FinancialGuaranteeInsuranceContractsPremiumReceivablePremiumExpectedToBeCollectedRollingYear11Through15' xlink:type='locator' />
<link:loc xlink:href='../elts/us-gaap-2012-01-31.xsd#us-gaap_FinancialGuaranteeInsuranceContractsPremiumReceivablePremiumExpectedToBeCollectedRollingYear16Through20' xlink:label='loc_FinancialGuaranteeInsuranceContractsPremiumReceivablePremiumExpectedToBeCollectedRollingYear16Through20' xlink:type='locator' />
<link:loc xlink:href='../elts/us-gaap-2012-01-31.xsd#us-gaap_FinancialGuaranteeInsuranceContractsPremiumReceivablePremiumExpectedToBeCollectedRollingYear21Through25' xlink:label='loc_FinancialGuaranteeInsuranceContractsPremiumReceivablePremiumExpectedToBeCollectedRollingYear21Through25' xlink:type='locator' />
<link:loc xlink:href='../elts/us-gaap-2012-01-31.xsd#us-gaap_FinancialGuaranteeInsuranceContractsPremiumReceivablePremiumExpectedToBeCollectedRollingYear26Through30' xlink:label='loc_FinancialGuaranteeInsuranceContractsPremiumReceivablePremiumExpectedToBeCollectedRollingYear26Through30' xlink:type='locator' />
<link:loc xlink:href='../elts/us-gaap-2012-01-31.xsd#us-gaap_FinancialGuaranteeInsuranceContractsPremiumReceivablePremiumExpectedToBeCollectedRollingYear31Through35' xlink:label='loc_FinancialGuaranteeInsuranceContractsPremiumReceivablePremiumExpectedToBeCollectedRollingYear31Through35' xlink:type='locator' />
<link:loc xlink:href='../elts/us-gaap-2012-01-31.xsd#us-gaap_FinancialGuaranteeInsuranceContractsPremiumReceivablePremiumExpectedToBeCollectedRollingYear36Through40' xlink:label='loc_FinancialGuaranteeInsuranceContractsPremiumReceivablePremiumExpectedToBeCollectedRollingYear36Through40' xlink:type='locator' />
<link:loc xlink:href='../elts/us-gaap-2012-01-31.xsd#us-gaap_FinancialGuaranteeInsuranceContractsPremiumReceivablePremiumExpectedToBeCollectedNextRollingTwelveMonths' xlink:label='loc_FinancialGuaranteeInsuranceContractsPremiumReceivablePremiumExpectedToBeCollectedNextRollingTwelveMonths' xlink:type='locator' />
<link:loc xlink:href='../elts/us-gaap-2012-01-31.xsd#us-gaap_FinancialGuaranteeInsuranceContractsPremiumReceivablePremiumExpectedToBeCollectedNextRollingQuarter' xlink:label='loc_FinancialGuaranteeInsuranceContractsPremiumReceivablePremiumExpectedToBeCollectedNextRollingQuarter' xlink:type='locator' />
<link:loc xlink:href='../elts/us-gaap-2012-01-31.xsd#us-gaap_FinancialGuaranteeInsuranceContractsPremiumReceivablePremiumExpectedToBeCollectedSecondRollingQuarter' xlink:label='loc_FinancialGuaranteeInsuranceContractsPremiumReceivablePremiumExpectedToBeCollectedSecondRollingQuarter' xlink:type='locator' />
<link:loc xlink:href='../elts/us-gaap-2012-01-31.xsd#us-gaap_FinancialGuaranteeInsuranceContractsPremiumReceivablePremiumExpectedToBeCollectedThirdRollingQuarter' xlink:label='loc_FinancialGuaranteeInsuranceContractsPremiumReceivablePremiumExpectedToBeCollectedThirdRollingQuarter' xlink:type='locator' />
<link:loc xlink:href='../elts/us-gaap-2012-01-31.xsd#us-gaap_FinancialGuaranteeInsuranceContractsPremiumReceivablePremiumExpectedToBeCollectedFourthRollingQuarter' xlink:label='loc_FinancialGuaranteeInsuranceContractsPremiumReceivablePremiumExpectedToBeCollectedFourthRollingQuarter' xlink:type='locator' />
<link:loc xlink:href='../elts/us-gaap-2012-01-31.xsd#us-gaap_PremiumsEarnedNet' xlink:label='loc_PremiumsEarnedNet' xlink:type='locator' />
<link:loc xlink:href='../elts/us-gaap-2012-01-31.xsd#us-gaap_PremiumsEarnedNetLife' xlink:label='loc_PremiumsEarnedNetLife' xlink:type='locator' />
<link:loc xlink:href='../elts/us-gaap-2012-01-31.xsd#us-gaap_PremiumsEarnedNetPropertyAndCasualty' xlink:label='loc_PremiumsEarnedNetPropertyAndCasualty' xlink:type='locator' />
<link:loc xlink:href='../elts/us-gaap-2012-01-31.xsd#us-gaap_PremiumsEarnedNetAccidentAndHealth' xlink:label='loc_PremiumsEarnedNetAccidentAndHealth' xlink:type='locator' />
<link:loc xlink:href='../elts/us-gaap-2012-01-31.xsd#us-gaap_PremiumsEarnedNetFinancialGuaranteeInsuranceContracts' xlink:label='loc_PremiumsEarnedNetFinancialGuaranteeInsuranceContracts' xlink:type='locator' />
<link:loc xlink:href='../elts/us-gaap-2012-01-31.xsd#us-gaap_OtherPremiumRevenueNet' xlink:label='loc_OtherPremiumRevenueNet' xlink:type='locator' />
<link:loc xlink:href='../elts/us-gaap-2012-01-31.xsd#us-gaap_PremiumsWrittenNet' xlink:label='loc_PremiumsWrittenNet' xlink:type='locator' />
<link:loc xlink:href='../elts/us-gaap-2012-01-31.xsd#us-gaap_PremiumsWrittenNetLife' xlink:label='loc_PremiumsWrittenNetLife' xlink:type='locator' />
<link:loc xlink:href='../elts/us-gaap-2012-01-31.xsd#us-gaap_PremiumsWrittenNetPropertyAndCasualty' xlink:label='loc_PremiumsWrittenNetPropertyAndCasualty' xlink:type='locator' />
<link:loc xlink:href='../elts/us-gaap-2012-01-31.xsd#us-gaap_PremiumsWrittenNetAccidentAndHealth' xlink:label='loc_PremiumsWrittenNetAccidentAndHealth' xlink:type='locator' />
<link:loc xlink:href='../elts/us-gaap-2012-01-31.xsd#us-gaap_PremiumsWrittenNetFinancialGuaranteeInsuranceContracts' xlink:label='loc_PremiumsWrittenNetFinancialGuaranteeInsuranceContracts' xlink:type='locator' />
<link:loc xlink:href='../elts/us-gaap-2012-01-31.xsd#us-gaap_PremiumsWrittenNetOtherInsurance' xlink:label='loc_PremiumsWrittenNetOtherInsurance' xlink:type='locator' />
<link:calculationArc order='10' use='optional' weight='1.0' xlink:arcrole='http://www.xbrl.org/2003/arcrole/summation-item' xlink:from='loc_AssumedPremiumsWritten' xlink:to='loc_AssumedPremiumsWrittenLife' xlink:type='arc' />
<link:calculationArc order='20' use='optional' weight='1.0' xlink:arcrole='http://www.xbrl.org/2003/arcrole/summation-item' xlink:from='loc_AssumedPremiumsWritten' xlink:to='loc_AssumedPremiumsWrittenPropertyAndCasualty' xlink:type='arc' />
<link:calculationArc order='30' use='optional' weight='1.0' xlink:arcrole='http://www.xbrl.org/2003/arcrole/summation-item' xlink:from='loc_AssumedPremiumsWritten' xlink:to='loc_AssumedPremiumsWrittenAccidentAndHealth' xlink:type='arc' />
<link:calculationArc order='40' weight='1.0' xlink:arcrole='http://www.xbrl.org/2003/arcrole/summation-item' xlink:from='loc_AssumedPremiumsWritten' xlink:to='loc_AssumedPremiumsWrittenFinancialGuaranteeInsuranceContracts' xlink:type='arc' />
<link:calculationArc order='50' use='optional' weight='1.0' xlink:arcrole='http://www.xbrl.org/2003/arcrole/summation-item' xlink:from='loc_AssumedPremiumsWritten' xlink:to='loc_AssumedPremiumsWrittenOtherInsurance' xlink:type='arc' />
<link:calculationArc order='10' use='optional' weight='1.0' xlink:arcrole='http://www.xbrl.org/2003/arcrole/summation-item' xlink:from='loc_CededPremiumsWritten' xlink:to='loc_CededPremiumsWrittenLife' xlink:type='arc' />
<link:calculationArc order='20' use='optional' weight='1.0' xlink:arcrole='http://www.xbrl.org/2003/arcrole/summation-item' xlink:from='loc_CededPremiumsWritten' xlink:to='loc_CededPremiumsWrittenPropertyAndCasualty' xlink:type='arc' />
<link:calculationArc order='30' use='optional' weight='1.0' xlink:arcrole='http://www.xbrl.org/2003/arcrole/summation-item' xlink:from='loc_CededPremiumsWritten' xlink:to='loc_CededPremiumsWrittenAccidentAndHealth' xlink:type='arc' />
<link:calculationArc order='40' weight='1.0' xlink:arcrole='http://www.xbrl.org/2003/arcrole/summation-item' xlink:from='loc_CededPremiumsWritten' xlink:to='loc_CededPremiumsWrittenFinancialGuaranteeInsuranceContracts' xlink:type='arc' />
<link:calculationArc order='50' use='optional' weight='1.0' xlink:arcrole='http://www.xbrl.org/2003/arcrole/summation-item' xlink:from='loc_CededPremiumsWritten' xlink:to='loc_CededPremiumsWrittenOtherInsurance' xlink:type='arc' />
<link:calculationArc order='10' use='optional' weight='1.0' xlink:arcrole='http://www.xbrl.org/2003/arcrole/summation-item' xlink:from='loc_DirectPremiumsWritten' xlink:to='loc_DirectPremiumsWrittenLife' xlink:type='arc' />
<link:calculationArc order='20' use='optional' weight='1.0' xlink:arcrole='http://www.xbrl.org/2003/arcrole/summation-item' xlink:from='loc_DirectPremiumsWritten' xlink:to='loc_DirectPremiumsWrittenPropertyAndCasualty' xlink:type='arc' />
<link:calculationArc order='30' use='optional' weight='1.0' xlink:arcrole='http://www.xbrl.org/2003/arcrole/summation-item' xlink:from='loc_DirectPremiumsWritten' xlink:to='loc_DirectPremiumsWrittenAccidentAndHealth' xlink:type='arc' />
<link:calculationArc order='40' weight='1.0' xlink:arcrole='http://www.xbrl.org/2003/arcrole/summation-item' xlink:from='loc_DirectPremiumsWritten' xlink:to='loc_DirectPremiumsWrittenFinancialGuaranteeInsuranceContracts' xlink:type='arc' />
<link:calculationArc order='50' use='optional' weight='1.0' xlink:arcrole='http://www.xbrl.org/2003/arcrole/summation-item' xlink:from='loc_DirectPremiumsWritten' xlink:to='loc_DirectPremiumsWrittenOtherInsurance' xlink:type='arc' />
<link:calculationArc order='10' weight='1.0' xlink:arcrole='http://www.xbrl.org/2003/arcrole/summation-item' xlink:from='loc_FinancialGuaranteeInsuranceContractsFutureExpectedPremiumRevenueToBeRecognized' xlink:to='loc_FinancialGuaranteeInsuranceContractsFutureExpectedPremiumRevenueToBeRecognizedRollingYearTwo' xlink:type='arc' />
<link:calculationArc order='20' weight='1.0' xlink:arcrole='http://www.xbrl.org/2003/arcrole/summation-item' xlink:from='loc_FinancialGuaranteeInsuranceContractsFutureExpectedPremiumRevenueToBeRecognized' xlink:to='loc_FinancialGuaranteeInsuranceContractsFutureExpectedPremiumRevenueToBeRecognizedRollingYearThree' xlink:type='arc' />
<link:calculationArc order='30' weight='1.0' xlink:arcrole='http://www.xbrl.org/2003/arcrole/summation-item' xlink:from='loc_FinancialGuaranteeInsuranceContractsFutureExpectedPremiumRevenueToBeRecognized' xlink:to='loc_FinancialGuaranteeInsuranceContractsFutureExpectedPremiumRevenueToBeRecognizedRollingYearFour' xlink:type='arc' />
<link:calculationArc order='40' weight='1.0' xlink:arcrole='http://www.xbrl.org/2003/arcrole/summation-item' xlink:from='loc_FinancialGuaranteeInsuranceContractsFutureExpectedPremiumRevenueToBeRecognized' xlink:to='loc_FinancialGuaranteeInsuranceContractsFutureExpectedPremiumRevenueToBeRecognizedRollingYearFive' xlink:type='arc' />
<link:calculationArc order='50' weight='1.0' xlink:arcrole='http://www.xbrl.org/2003/arcrole/summation-item' xlink:from='loc_FinancialGuaranteeInsuranceContractsFutureExpectedPremiumRevenueToBeRecognized' xlink:to='loc_FinancialGuaranteeInsuranceContractsFutureExpectedPremiumRevenueToBeRecognizedRollingYearSixThroughTen' xlink:type='arc' />
<link:calculationArc order='60' weight='1.0' xlink:arcrole='http://www.xbrl.org/2003/arcrole/summation-item' xlink:from='loc_FinancialGuaranteeInsuranceContractsFutureExpectedPremiumRevenueToBeRecognized' xlink:to='loc_FinancialGuaranteeInsuranceContractsFutureExpectedPremiumRevenueToBeRecognizedRollingYear11Through15' xlink:type='arc' />
<link:calculationArc order='70' weight='1.0' xlink:arcrole='http://www.xbrl.org/2003/arcrole/summation-item' xlink:from='loc_FinancialGuaranteeInsuranceContractsFutureExpectedPremiumRevenueToBeRecognized' xlink:to='loc_FinancialGuaranteeInsuranceContractsFutureExpectedPremiumRevenueToBeRecognizedRollingYear16Through20' xlink:type='arc' />
<link:calculationArc order='80' weight='1.0' xlink:arcrole='http://www.xbrl.org/2003/arcrole/summation-item' xlink:from='loc_FinancialGuaranteeInsuranceContractsFutureExpectedPremiumRevenueToBeRecognized' xlink:to='loc_FinancialGuaranteeInsuranceContractsFutureExpectedPremiumRevenueToBeRecognizedRollingYear21Through25' xlink:type='arc' />
<link:calculationArc order='90' weight='1.0' xlink:arcrole='http://www.xbrl.org/2003/arcrole/summation-item' xlink:from='loc_FinancialGuaranteeInsuranceContractsFutureExpectedPremiumRevenueToBeRecognized' xlink:to='loc_FinancialGuaranteeInsuranceContractsFutureExpectedPremiumRevenueToBeRecognizedRollingYear26Through30' xlink:type='arc' />
<link:calculationArc order='100' weight='1.0' xlink:arcrole='http://www.xbrl.org/2003/arcrole/summation-item' xlink:from='loc_FinancialGuaranteeInsuranceContractsFutureExpectedPremiumRevenueToBeRecognized' xlink:to='loc_FinancialGuaranteeInsuranceContractsFutureExpectedPremiumRevenueToBeRecognizedRollingYear31Through35' xlink:type='arc' />
<link:calculationArc order='110' weight='1.0' xlink:arcrole='http://www.xbrl.org/2003/arcrole/summation-item' xlink:from='loc_FinancialGuaranteeInsuranceContractsFutureExpectedPremiumRevenueToBeRecognized' xlink:to='loc_FinancialGuaranteeInsuranceContractsFutureExpectedPremiumRevenueToBeRecognizedRollingYear36Through40' xlink:type='arc' />
<link:calculationArc order='120' weight='1.0' xlink:arcrole='http://www.xbrl.org/2003/arcrole/summation-item' xlink:from='loc_FinancialGuaranteeInsuranceContractsFutureExpectedPremiumRevenueToBeRecognized' xlink:to='loc_FinancialGuaranteeInsuranceContractsFutureExpectedPremiumRevenueToBeRecognizedNextRollingTwelveMonths' xlink:type='arc' />
<link:calculationArc order='10' weight='1.0' xlink:arcrole='http://www.xbrl.org/2003/arcrole/summation-item' xlink:from='loc_FinancialGuaranteeInsuranceContractsFutureExpectedPremiumRevenueToBeRecognizedNextRollingTwelveMonths' xlink:to='loc_FinancialGuaranteeInsuranceContractsFutureExpectedPremiumRevenueToBeRecognizedNextRollingQuarter' xlink:type='arc' />
<link:calculationArc order='20' weight='1.0' xlink:arcrole='http://www.xbrl.org/2003/arcrole/summation-item' xlink:from='loc_FinancialGuaranteeInsuranceContractsFutureExpectedPremiumRevenueToBeRecognizedNextRollingTwelveMonths' xlink:to='loc_FinancialGuaranteeInsuranceContractsFutureExpectedPremiumRevenueToBeRecognizedSecondRollingQuarter' xlink:type='arc' />
<link:calculationArc order='30' weight='1.0' xlink:arcrole='http://www.xbrl.org/2003/arcrole/summation-item' xlink:from='loc_FinancialGuaranteeInsuranceContractsFutureExpectedPremiumRevenueToBeRecognizedNextRollingTwelveMonths' xlink:to='loc_FinancialGuaranteeInsuranceContractsFutureExpectedPremiumRevenueToBeRecognizedThirdRollingQuarter' xlink:type='arc' />
<link:calculationArc order='40' weight='1.0' xlink:arcrole='http://www.xbrl.org/2003/arcrole/summation-item' xlink:from='loc_FinancialGuaranteeInsuranceContractsFutureExpectedPremiumRevenueToBeRecognizedNextRollingTwelveMonths' xlink:to='loc_FinancialGuaranteeInsuranceContractsFutureExpectedPremiumRevenueToBeRecognizedFourthRollingQuarter' xlink:type='arc' />
<link:calculationArc order='10' weight='1.0' xlink:arcrole='http://www.xbrl.org/2003/arcrole/summation-item' xlink:from='loc_FinancialGuaranteeInsuranceContractsPremiumReceivablePremiumExpectedToBeCollected' xlink:to='loc_FinancialGuaranteeInsuranceContractsPremiumReceivablePremiumExpectedToBeCollectedRollingYearTwo' xlink:type='arc' />
<link:calculationArc order='20' weight='1.0' xlink:arcrole='http://www.xbrl.org/2003/arcrole/summation-item' xlink:from='loc_FinancialGuaranteeInsuranceContractsPremiumReceivablePremiumExpectedToBeCollected' xlink:to='loc_FinancialGuaranteeInsuranceContractsPremiumReceivablePremiumExpectedToBeCollectedRollingYearThree' xlink:type='arc' />
<link:calculationArc order='30' weight='1.0' xlink:arcrole='http://www.xbrl.org/2003/arcrole/summation-item' xlink:from='loc_FinancialGuaranteeInsuranceContractsPremiumReceivablePremiumExpectedToBeCollected' xlink:to='loc_FinancialGuaranteeInsuranceContractsPremiumReceivablePremiumExpectedToBeCollectedRollingYearFour' xlink:type='arc' />
<link:calculationArc order='40' weight='1.0' xlink:arcrole='http://www.xbrl.org/2003/arcrole/summation-item' xlink:from='loc_FinancialGuaranteeInsuranceContractsPremiumReceivablePremiumExpectedToBeCollected' xlink:to='loc_FinancialGuaranteeInsuranceContractsPremiumReceivablePremiumExpectedToBeCollectedRollingYearFive' xlink:type='arc' />
<link:calculationArc order='50' weight='1.0' xlink:arcrole='http://www.xbrl.org/2003/arcrole/summation-item' xlink:from='loc_FinancialGuaranteeInsuranceContractsPremiumReceivablePremiumExpectedToBeCollected' xlink:to='loc_FinancialGuaranteeInsuranceContractsPremiumReceivablePremiumExpectedToBeCollectedRollingYearSixThroughTen' xlink:type='arc' />
<link:calculationArc order='60' weight='1.0' xlink:arcrole='http://www.xbrl.org/2003/arcrole/summation-item' xlink:from='loc_FinancialGuaranteeInsuranceContractsPremiumReceivablePremiumExpectedToBeCollected' xlink:to='loc_FinancialGuaranteeInsuranceContractsPremiumReceivablePremiumExpectedToBeCollectedRollingYear11Through15' xlink:type='arc' />
<link:calculationArc order='70' weight='1.0' xlink:arcrole='http://www.xbrl.org/2003/arcrole/summation-item' xlink:from='loc_FinancialGuaranteeInsuranceContractsPremiumReceivablePremiumExpectedToBeCollected' xlink:to='loc_FinancialGuaranteeInsuranceContractsPremiumReceivablePremiumExpectedToBeCollectedRollingYear16Through20' xlink:type='arc' />
<link:calculationArc order='80' weight='1.0' xlink:arcrole='http://www.xbrl.org/2003/arcrole/summation-item' xlink:from='loc_FinancialGuaranteeInsuranceContractsPremiumReceivablePremiumExpectedToBeCollected' xlink:to='loc_FinancialGuaranteeInsuranceContractsPremiumReceivablePremiumExpectedToBeCollectedRollingYear21Through25' xlink:type='arc' />
<link:calculationArc order='90' weight='1.0' xlink:arcrole='http://www.xbrl.org/2003/arcrole/summation-item' xlink:from='loc_FinancialGuaranteeInsuranceContractsPremiumReceivablePremiumExpectedToBeCollected' xlink:to='loc_FinancialGuaranteeInsuranceContractsPremiumReceivablePremiumExpectedToBeCollectedRollingYear26Through30' xlink:type='arc' />
<link:calculationArc order='100' weight='1.0' xlink:arcrole='http://www.xbrl.org/2003/arcrole/summation-item' xlink:from='loc_FinancialGuaranteeInsuranceContractsPremiumReceivablePremiumExpectedToBeCollected' xlink:to='loc_FinancialGuaranteeInsuranceContractsPremiumReceivablePremiumExpectedToBeCollectedRollingYear31Through35' xlink:type='arc' />
<link:calculationArc order='110' weight='1.0' xlink:arcrole='http://www.xbrl.org/2003/arcrole/summation-item' xlink:from='loc_FinancialGuaranteeInsuranceContractsPremiumReceivablePremiumExpectedToBeCollected' xlink:to='loc_FinancialGuaranteeInsuranceContractsPremiumReceivablePremiumExpectedToBeCollectedRollingYear36Through40' xlink:type='arc' />
<link:calculationArc order='120' weight='1.0' xlink:arcrole='http://www.xbrl.org/2003/arcrole/summation-item' xlink:from='loc_FinancialGuaranteeInsuranceContractsPremiumReceivablePremiumExpectedToBeCollected' xlink:to='loc_FinancialGuaranteeInsuranceContractsPremiumReceivablePremiumExpectedToBeCollectedNextRollingTwelveMonths' xlink:type='arc' />
<link:calculationArc order='10' weight='1.0' xlink:arcrole='http://www.xbrl.org/2003/arcrole/summation-item' xlink:from='loc_FinancialGuaranteeInsuranceContractsPremiumReceivablePremiumExpectedToBeCollectedNextRollingTwelveMonths' xlink:to='loc_FinancialGuaranteeInsuranceContractsPremiumReceivablePremiumExpectedToBeCollectedNextRollingQuarter' xlink:type='arc' />
<link:calculationArc order='20' weight='1.0' xlink:arcrole='http://www.xbrl.org/2003/arcrole/summation-item' xlink:from='loc_FinancialGuaranteeInsuranceContractsPremiumReceivablePremiumExpectedToBeCollectedNextRollingTwelveMonths' xlink:to='loc_FinancialGuaranteeInsuranceContractsPremiumReceivablePremiumExpectedToBeCollectedSecondRollingQuarter' xlink:type='arc' />
<link:calculationArc order='30' weight='1.0' xlink:arcrole='http://www.xbrl.org/2003/arcrole/summation-item' xlink:from='loc_FinancialGuaranteeInsuranceContractsPremiumReceivablePremiumExpectedToBeCollectedNextRollingTwelveMonths' xlink:to='loc_FinancialGuaranteeInsuranceContractsPremiumReceivablePremiumExpectedToBeCollectedThirdRollingQuarter' xlink:type='arc' />
<link:calculationArc order='40' weight='1.0' xlink:arcrole='http://www.xbrl.org/2003/arcrole/summation-item' xlink:from='loc_FinancialGuaranteeInsuranceContractsPremiumReceivablePremiumExpectedToBeCollectedNextRollingTwelveMonths' xlink:to='loc_FinancialGuaranteeInsuranceContractsPremiumReceivablePremiumExpectedToBeCollectedFourthRollingQuarter' xlink:type='arc' />
<link:calculationArc order='10' use='optional' weight='1.0' xlink:arcrole='http://www.xbrl.org/2003/arcrole/summation-item' xlink:from='loc_PremiumsEarnedNet' xlink:to='loc_PremiumsEarnedNetLife' xlink:type='arc' />
<link:calculationArc order='20' use='optional' weight='1.0' xlink:arcrole='http://www.xbrl.org/2003/arcrole/summation-item' xlink:from='loc_PremiumsEarnedNet' xlink:to='loc_PremiumsEarnedNetPropertyAndCasualty' xlink:type='arc' />
<link:calculationArc order='30' use='optional' weight='1.0' xlink:arcrole='http://www.xbrl.org/2003/arcrole/summation-item' xlink:from='loc_PremiumsEarnedNet' xlink:to='loc_PremiumsEarnedNetAccidentAndHealth' xlink:type='arc' />
<link:calculationArc order='40' weight='1.0' xlink:arcrole='http://www.xbrl.org/2003/arcrole/summation-item' xlink:from='loc_PremiumsEarnedNet' xlink:to='loc_PremiumsEarnedNetFinancialGuaranteeInsuranceContracts' xlink:type='arc' />
<link:calculationArc order='50' use='optional' weight='1.0' xlink:arcrole='http://www.xbrl.org/2003/arcrole/summation-item' xlink:from='loc_PremiumsEarnedNet' xlink:to='loc_OtherPremiumRevenueNet' xlink:type='arc' />
<link:calculationArc order='10' use='optional' weight='1.0' xlink:arcrole='http://www.xbrl.org/2003/arcrole/summation-item' xlink:from='loc_PremiumsWrittenNet' xlink:to='loc_PremiumsWrittenNetLife' xlink:type='arc' />
<link:calculationArc order='20' use='optional' weight='1.0' xlink:arcrole='http://www.xbrl.org/2003/arcrole/summation-item' xlink:from='loc_PremiumsWrittenNet' xlink:to='loc_PremiumsWrittenNetPropertyAndCasualty' xlink:type='arc' />
<link:calculationArc order='30' use='optional' weight='1.0' xlink:arcrole='http://www.xbrl.org/2003/arcrole/summation-item' xlink:from='loc_PremiumsWrittenNet' xlink:to='loc_PremiumsWrittenNetAccidentAndHealth' xlink:type='arc' />
<link:calculationArc order='40' weight='1.0' xlink:arcrole='http://www.xbrl.org/2003/arcrole/summation-item' xlink:from='loc_PremiumsWrittenNet' xlink:to='loc_PremiumsWrittenNetFinancialGuaranteeInsuranceContracts' xlink:type='arc' />
<link:calculationArc order='50' use='optional' weight='1.0' xlink:arcrole='http://www.xbrl.org/2003/arcrole/summation-item' xlink:from='loc_PremiumsWrittenNet' xlink:to='loc_PremiumsWrittenNetOtherInsurance' xlink:type='arc' />
</link:calculationLink>
</link:linkbase>
