<?xml version='1.0' encoding='UTF-8'?>

<!--
(c) XBRL US, Inc. 2007-2010; Financial Accounting Foundation, Inc. 2010-2012.  All Rights Reserved.
Notice: Authorized Uses are Set Forth at http://xbrl.fasb.org/terms/TaxonomiesTermsConditions.html
  -->
<link:linkbase xmlns:link='http://www.xbrl.org/2003/linkbase' xmlns:xbrldt='http://xbrl.org/2005/xbrldt' xmlns:xlink='http://www.w3.org/1999/xlink' xmlns:xsi='http://www.w3.org/2001/XMLSchema-instance' xsi:schemaLocation='http://www.xbrl.org/2003/linkbase http://www.xbrl.org/2003/xbrl-linkbase-2003-12-31.xsd'>
<link:roleRef roleURI='http://fasb.org/us-gaap/role/disclosure/TemporaryEquity' xlink:href='../elts/us-roles-2012-01-31.xsd#te' xlink:type='simple' />
<link:presentationLink xlink:role='http://fasb.org/us-gaap/role/disclosure/TemporaryEquity' xlink:type='extended'>
<link:loc xlink:href='../elts/us-gaap-2012-01-31.xsd#us-gaap_TemporaryEquityDisclosureAbstract' xlink:label='loc_TemporaryEquityDisclosureAbstract' xlink:type='locator' />
<link:loc xlink:href='../elts/us-gaap-2012-01-31.xsd#us-gaap_RedeemableNoncontrollingInterestTableTextBlock' xlink:label='loc_RedeemableNoncontrollingInterestTableTextBlock' xlink:type='locator' />
<link:loc xlink:href='../elts/us-gaap-2012-01-31.xsd#us-gaap_RedeemableNoncontrollingInterestByLegalEntityTable' xlink:label='loc_RedeemableNoncontrollingInterestByLegalEntityTable' xlink:type='locator' />
<link:loc xlink:href='http://xbrl.sec.gov/dei/2012/dei-2012-01-31.xsd#dei_LegalEntityAxis' xlink:label='loc_LegalEntityAxis' xlink:type='locator' />
<link:loc xlink:href='http://xbrl.sec.gov/dei/2012/dei-2012-01-31.xsd#dei_EntityDomain' xlink:label='loc_EntityDomain' xlink:type='locator' />
<link:loc xlink:href='../elts/us-gaap-2012-01-31.xsd#us-gaap_SubsidiariesMember' xlink:label='loc_SubsidiariesMember' xlink:type='locator' />
<link:loc xlink:href='../elts/us-gaap-2012-01-31.xsd#us-gaap_RedeemableNoncontrollingInterestLineItems' xlink:label='loc_RedeemableNoncontrollingInterestLineItems' xlink:type='locator' />
<link:loc xlink:href='../elts/us-gaap-2012-01-31.xsd#us-gaap_RedeemableNoncontrollingInterestEquityFairValueAbstract' xlink:label='loc_RedeemableNoncontrollingInterestEquityFairValueAbstract' xlink:type='locator' />
<link:loc xlink:href='../elts/us-gaap-2012-01-31.xsd#us-gaap_RedeemableNoncontrollingInterestEquityRangeOfEstimatedFairValueAbstract' xlink:label='loc_RedeemableNoncontrollingInterestEquityRangeOfEstimatedFairValueAbstract' xlink:type='locator' />
<link:loc xlink:href='../elts/us-gaap-2012-01-31.xsd#us-gaap_RedeemableNoncontrollingInterestEquityRangeOfEstimatedFairValueHigh' xlink:label='loc_RedeemableNoncontrollingInterestEquityRangeOfEstimatedFairValueHigh' xlink:type='locator' />
<link:loc xlink:href='../elts/us-gaap-2012-01-31.xsd#us-gaap_RedeemableNoncontrollingInterestEquityRangeOfEstimatedFairValueLow' xlink:label='loc_RedeemableNoncontrollingInterestEquityRangeOfEstimatedFairValueLow' xlink:type='locator' />
<link:loc xlink:href='../elts/us-gaap-2012-01-31.xsd#us-gaap_RedeemableNoncontrollingInterestEquityCommonFairValue' xlink:label='loc_RedeemableNoncontrollingInterestEquityCommonFairValue' xlink:type='locator' />
<link:loc xlink:href='../elts/us-gaap-2012-01-31.xsd#us-gaap_RedeemableNoncontrollingInterestEquityPreferredFairValue' xlink:label='loc_RedeemableNoncontrollingInterestEquityPreferredFairValue' xlink:type='locator' />
<link:loc xlink:href='../elts/us-gaap-2012-01-31.xsd#us-gaap_RedeemableNoncontrollingInterestEquityOtherFairValue' xlink:label='loc_RedeemableNoncontrollingInterestEquityOtherFairValue' xlink:type='locator' />
<link:loc xlink:href='../elts/us-gaap-2012-01-31.xsd#us-gaap_RedeemableNoncontrollingInterestEquityFairValue' xlink:label='loc_RedeemableNoncontrollingInterestEquityFairValue' xlink:type='locator' />
<link:loc xlink:href='../elts/us-gaap-2012-01-31.xsd#us-gaap_RedeemableNoncontrollingInterestEquityCarryingAmountAbstract' xlink:label='loc_RedeemableNoncontrollingInterestEquityCarryingAmountAbstract' xlink:type='locator' />
<link:loc xlink:href='../elts/us-gaap-2012-01-31.xsd#us-gaap_RedeemableNoncontrollingInterestEquityCommonCarryingAmount' xlink:label='loc_RedeemableNoncontrollingInterestEquityCommonCarryingAmount' xlink:type='locator' />
<link:loc xlink:href='../elts/us-gaap-2012-01-31.xsd#us-gaap_RedeemableNoncontrollingInterestEquityPreferredCarryingAmount' xlink:label='loc_RedeemableNoncontrollingInterestEquityPreferredCarryingAmount' xlink:type='locator' />
<link:loc xlink:href='../elts/us-gaap-2012-01-31.xsd#us-gaap_RedeemableNoncontrollingInterestEquityOtherCarryingAmount' xlink:label='loc_RedeemableNoncontrollingInterestEquityOtherCarryingAmount' xlink:type='locator' />
<link:loc xlink:href='../elts/us-gaap-2012-01-31.xsd#us-gaap_RedeemableNoncontrollingInterestEquityCarryingAmount' xlink:label='loc_RedeemableNoncontrollingInterestEquityCarryingAmount' xlink:type='locator' />
<link:loc xlink:href='../elts/us-gaap-2012-01-31.xsd#us-gaap_MinorityInterestDescription' xlink:label='loc_MinorityInterestDescription' xlink:type='locator' />
<link:loc xlink:href='../elts/us-gaap-2012-01-31.xsd#us-gaap_MinorityInterestOwnershipPercentageByNoncontrollingOwners' xlink:label='loc_MinorityInterestOwnershipPercentageByNoncontrollingOwners' xlink:type='locator' />
<link:loc xlink:href='../elts/us-gaap-2012-01-31.xsd#us-gaap_MinorityInterestChangeInRedemptionValue' xlink:label='loc_MinorityInterestChangeInRedemptionValue' xlink:type='locator' />
<link:loc xlink:href='../elts/us-gaap-2012-01-31.xsd#us-gaap_MinorityInterestDecreaseFromRedemptions' xlink:label='loc_MinorityInterestDecreaseFromRedemptions' xlink:type='locator' />
<link:loc xlink:href='../elts/us-gaap-2012-01-31.xsd#us-gaap_PaymentsForRepurchaseOfRedeemableNoncontrollingInterest' xlink:label='loc_PaymentsForRepurchaseOfRedeemableNoncontrollingInterest' xlink:type='locator' />
<link:loc xlink:href='../elts/us-gaap-2012-01-31.xsd#us-gaap_MinorityInterestExplanationOfIncreaseDecrease' xlink:label='loc_MinorityInterestExplanationOfIncreaseDecrease' xlink:type='locator' />
<link:loc xlink:href='../elts/us-gaap-2012-01-31.xsd#us-gaap_TemporaryEquityTableTextBlock' xlink:label='loc_TemporaryEquityTableTextBlock' xlink:type='locator' />
<link:loc xlink:href='../elts/us-gaap-2012-01-31.xsd#us-gaap_TemporaryEquityByClassOfStockTable' xlink:label='loc_TemporaryEquityByClassOfStockTable' xlink:type='locator' />
<link:loc xlink:href='../elts/us-gaap-2012-01-31.xsd#us-gaap_StatementClassOfStockAxis' xlink:label='loc_StatementClassOfStockAxis' xlink:type='locator' />
<link:loc xlink:href='../elts/us-gaap-2012-01-31.xsd#us-gaap_ClassOfStockDomain' xlink:label='loc_ClassOfStockDomain' xlink:type='locator' />
<link:loc xlink:href='../elts/us-gaap-2012-01-31.xsd#us-gaap_TemporaryEquityLineItems' xlink:label='loc_TemporaryEquityLineItems' xlink:type='locator' />
<link:loc xlink:href='../elts/us-gaap-2012-01-31.xsd#us-gaap_TemporaryEquityCarryingAmountIncludingPortionAttributableToNoncontrollingInterestsAbstract' xlink:label='loc_TemporaryEquityCarryingAmountIncludingPortionAttributableToNoncontrollingInterestsAbstract' xlink:type='locator' />
<link:loc xlink:href='../elts/us-gaap-2012-01-31.xsd#us-gaap_TemporaryEquityCarryingAmountAttributableToNoncontrollingInterest' xlink:label='loc_TemporaryEquityCarryingAmountAttributableToNoncontrollingInterest' xlink:type='locator' />
<link:loc xlink:href='../elts/us-gaap-2012-01-31.xsd#us-gaap_TemporaryEquityCarryingAmountAttributableToParent' xlink:label='loc_TemporaryEquityCarryingAmountAttributableToParent' xlink:type='locator' />
<link:loc xlink:href='../elts/us-gaap-2012-01-31.xsd#us-gaap_TemporaryEquityCarryingAmountIncludingPortionAttributableToNoncontrollingInterests' xlink:label='loc_TemporaryEquityCarryingAmountIncludingPortionAttributableToNoncontrollingInterests' xlink:type='locator' />
<link:loc xlink:href='../elts/us-gaap-2012-01-31.xsd#us-gaap_TemporaryEquityValueExcludingAdditionalPaidInCapital' xlink:label='loc_TemporaryEquityValueExcludingAdditionalPaidInCapital' xlink:type='locator' />
<link:loc xlink:href='../elts/us-gaap-2012-01-31.xsd#us-gaap_TemporaryEquityDescription' xlink:label='loc_TemporaryEquityDescription' xlink:type='locator' />
<link:loc xlink:href='../elts/us-gaap-2012-01-31.xsd#us-gaap_TemporaryEquityParOrStatedValuePerShare' xlink:label='loc_TemporaryEquityParOrStatedValuePerShare' xlink:type='locator' />
<link:loc xlink:href='../elts/us-gaap-2012-01-31.xsd#us-gaap_TemporaryEquitySharesAuthorized' xlink:label='loc_TemporaryEquitySharesAuthorized' xlink:type='locator' />
<link:loc xlink:href='../elts/us-gaap-2012-01-31.xsd#us-gaap_TemporaryEquitySharesIssued' xlink:label='loc_TemporaryEquitySharesIssued' xlink:type='locator' />
<link:loc xlink:href='../elts/us-gaap-2012-01-31.xsd#us-gaap_TemporaryEquitySharesOutstanding' xlink:label='loc_TemporaryEquitySharesOutstanding' xlink:type='locator' />
<link:loc xlink:href='../elts/us-gaap-2012-01-31.xsd#us-gaap_TemporaryEquityRedemptionValue' xlink:label='loc_TemporaryEquityRedemptionValue' xlink:type='locator' />
<link:loc xlink:href='../elts/us-gaap-2012-01-31.xsd#us-gaap_TemporaryEquityRedemptionPricePerShare' xlink:label='loc_TemporaryEquityRedemptionPricePerShare' xlink:type='locator' />
<link:loc xlink:href='../elts/us-gaap-2012-01-31.xsd#us-gaap_TemporaryEquityAccountingTreatment' xlink:label='loc_TemporaryEquityAccountingTreatment' xlink:type='locator' />
<link:loc xlink:href='../elts/us-gaap-2012-01-31.xsd#us-gaap_TemporaryEquityAggregateAmountOfRedemptionRequirement' xlink:label='loc_TemporaryEquityAggregateAmountOfRedemptionRequirement' xlink:type='locator' />
<link:loc xlink:href='../elts/us-gaap-2012-01-31.xsd#us-gaap_TemporaryEquityContractTerms' xlink:label='loc_TemporaryEquityContractTerms' xlink:type='locator' />
<link:loc xlink:href='../elts/us-gaap-2012-01-31.xsd#us-gaap_TemporaryEquityShareSubscriptions' xlink:label='loc_TemporaryEquityShareSubscriptions' xlink:type='locator' />
<link:loc xlink:href='../elts/us-gaap-2012-01-31.xsd#us-gaap_TemporaryEquitySharesSubscribedButUnissued' xlink:label='loc_TemporaryEquitySharesSubscribedButUnissued' xlink:type='locator' />
<link:loc xlink:href='../elts/us-gaap-2012-01-31.xsd#us-gaap_TemporaryEquitySharesSubscribedButUnissuedSubscriptionsReceivable' xlink:label='loc_TemporaryEquitySharesSubscribedButUnissuedSubscriptionsReceivable' xlink:type='locator' />
<link:loc xlink:href='../elts/us-gaap-2012-01-31.xsd#us-gaap_TemporaryEquityLiquidationPreferencePerShare' xlink:label='loc_TemporaryEquityLiquidationPreferencePerShare' xlink:type='locator' />
<link:loc xlink:href='../elts/us-gaap-2012-01-31.xsd#us-gaap_TemporaryEquityLiquidationPreference' xlink:label='loc_TemporaryEquityLiquidationPreference' xlink:type='locator' />
<link:loc xlink:href='../elts/us-gaap-2012-01-31.xsd#us-gaap_IncreaseDecreaseInTemporaryEquityRollForward' xlink:label='loc_IncreaseDecreaseInTemporaryEquityRollForward' xlink:type='locator' />
<link:loc xlink:href='../elts/us-gaap-2012-01-31.xsd#us-gaap_TemporaryEquityNetIncome' xlink:label='loc_TemporaryEquityNetIncome' xlink:type='locator' />
<link:loc xlink:href='../elts/us-gaap-2012-01-31.xsd#us-gaap_TemporaryEquityForeignCurrencyTranslationAdjustments' xlink:label='loc_TemporaryEquityForeignCurrencyTranslationAdjustments' xlink:type='locator' />
<link:loc xlink:href='../elts/us-gaap-2012-01-31.xsd#us-gaap_TemporaryEquityStockIssuedDuringPeriodValueNewIssues' xlink:label='loc_TemporaryEquityStockIssuedDuringPeriodValueNewIssues' xlink:type='locator' />
<link:loc xlink:href='../elts/us-gaap-2012-01-31.xsd#us-gaap_TemporaryEquityAccretionOfDividends' xlink:label='loc_TemporaryEquityAccretionOfDividends' xlink:type='locator' />
<link:loc xlink:href='../elts/us-gaap-2012-01-31.xsd#us-gaap_TemporaryEquityAccretionOfInterest' xlink:label='loc_TemporaryEquityAccretionOfInterest' xlink:type='locator' />
<link:loc xlink:href='../elts/us-gaap-2012-01-31.xsd#us-gaap_TemporaryEquityAccretionToRedemptionValue' xlink:label='loc_TemporaryEquityAccretionToRedemptionValue' xlink:type='locator' />
<link:loc xlink:href='../elts/us-gaap-2012-01-31.xsd#us-gaap_ReclassificationsOfTemporaryToPermanentEquity' xlink:label='loc_ReclassificationsOfTemporaryToPermanentEquity' xlink:type='locator' />
<link:loc xlink:href='../elts/us-gaap-2012-01-31.xsd#us-gaap_TemporaryEquityInterestInSubsidiaryEarnings' xlink:label='loc_TemporaryEquityInterestInSubsidiaryEarnings' xlink:type='locator' />
<link:loc xlink:href='../elts/us-gaap-2012-01-31.xsd#us-gaap_TemporaryEquityEliminationAsPartofReorganization' xlink:label='loc_TemporaryEquityEliminationAsPartofReorganization' xlink:type='locator' />
<link:loc xlink:href='../elts/us-gaap-2012-01-31.xsd#us-gaap_TemporaryEquityOtherChanges' xlink:label='loc_TemporaryEquityOtherChanges' xlink:type='locator' />
<link:loc xlink:href='../elts/us-gaap-2012-01-31.xsd#us-gaap_TemporaryEquityIssuePeriodIncreaseOrDecrease' xlink:label='loc_TemporaryEquityIssuePeriodIncreaseOrDecrease' xlink:type='locator' />
<link:loc xlink:href='../elts/us-gaap-2012-01-31.xsd#us-gaap_TemporaryEquityCarryingAmountIncludingPortionAttributableToNoncontrollingInterests' xlink:label='loc_TemporaryEquityCarryingAmountIncludingPortionAttributableToNoncontrollingInterests_1' xlink:type='locator' />
<link:presentationArc order='10' xlink:arcrole='http://www.xbrl.org/2003/arcrole/parent-child' xlink:from='loc_TemporaryEquityDisclosureAbstract' xlink:to='loc_RedeemableNoncontrollingInterestTableTextBlock' xlink:type='arc' />
<link:presentationArc order='10' xlink:arcrole='http://www.xbrl.org/2003/arcrole/parent-child' xlink:from='loc_RedeemableNoncontrollingInterestTableTextBlock' xlink:to='loc_RedeemableNoncontrollingInterestByLegalEntityTable' xlink:type='arc' />
<link:presentationArc order='10' xlink:arcrole='http://www.xbrl.org/2003/arcrole/parent-child' xlink:from='loc_RedeemableNoncontrollingInterestByLegalEntityTable' xlink:to='loc_LegalEntityAxis' xlink:type='arc' />
<link:presentationArc order='10' xlink:arcrole='http://www.xbrl.org/2003/arcrole/parent-child' xlink:from='loc_LegalEntityAxis' xlink:to='loc_EntityDomain' xlink:type='arc' />
<link:presentationArc order='10' xlink:arcrole='http://www.xbrl.org/2003/arcrole/parent-child' xlink:from='loc_EntityDomain' xlink:to='loc_SubsidiariesMember' xlink:type='arc' />
<link:presentationArc order='20' xlink:arcrole='http://www.xbrl.org/2003/arcrole/parent-child' xlink:from='loc_RedeemableNoncontrollingInterestByLegalEntityTable' xlink:to='loc_RedeemableNoncontrollingInterestLineItems' xlink:type='arc' />
<link:presentationArc order='10' xlink:arcrole='http://www.xbrl.org/2003/arcrole/parent-child' xlink:from='loc_RedeemableNoncontrollingInterestLineItems' xlink:to='loc_RedeemableNoncontrollingInterestEquityFairValueAbstract' xlink:type='arc' />
<link:presentationArc order='10' xlink:arcrole='http://www.xbrl.org/2003/arcrole/parent-child' xlink:from='loc_RedeemableNoncontrollingInterestEquityFairValueAbstract' xlink:to='loc_RedeemableNoncontrollingInterestEquityRangeOfEstimatedFairValueAbstract' xlink:type='arc' />
<link:presentationArc order='10' xlink:arcrole='http://www.xbrl.org/2003/arcrole/parent-child' xlink:from='loc_RedeemableNoncontrollingInterestEquityRangeOfEstimatedFairValueAbstract' xlink:to='loc_RedeemableNoncontrollingInterestEquityRangeOfEstimatedFairValueHigh' xlink:type='arc' />
<link:presentationArc order='20' xlink:arcrole='http://www.xbrl.org/2003/arcrole/parent-child' xlink:from='loc_RedeemableNoncontrollingInterestEquityRangeOfEstimatedFairValueAbstract' xlink:to='loc_RedeemableNoncontrollingInterestEquityRangeOfEstimatedFairValueLow' xlink:type='arc' />
<link:presentationArc order='20' xlink:arcrole='http://www.xbrl.org/2003/arcrole/parent-child' xlink:from='loc_RedeemableNoncontrollingInterestEquityFairValueAbstract' xlink:to='loc_RedeemableNoncontrollingInterestEquityCommonFairValue' xlink:type='arc' />
<link:presentationArc order='30' xlink:arcrole='http://www.xbrl.org/2003/arcrole/parent-child' xlink:from='loc_RedeemableNoncontrollingInterestEquityFairValueAbstract' xlink:to='loc_RedeemableNoncontrollingInterestEquityPreferredFairValue' xlink:type='arc' />
<link:presentationArc order='40' xlink:arcrole='http://www.xbrl.org/2003/arcrole/parent-child' xlink:from='loc_RedeemableNoncontrollingInterestEquityFairValueAbstract' xlink:to='loc_RedeemableNoncontrollingInterestEquityOtherFairValue' xlink:type='arc' />
<link:presentationArc order='50' preferredLabel='http://www.xbrl.org/2003/role/totalLabel' xlink:arcrole='http://www.xbrl.org/2003/arcrole/parent-child' xlink:from='loc_RedeemableNoncontrollingInterestEquityFairValueAbstract' xlink:to='loc_RedeemableNoncontrollingInterestEquityFairValue' xlink:type='arc' />
<link:presentationArc order='20' xlink:arcrole='http://www.xbrl.org/2003/arcrole/parent-child' xlink:from='loc_RedeemableNoncontrollingInterestLineItems' xlink:to='loc_RedeemableNoncontrollingInterestEquityCarryingAmountAbstract' xlink:type='arc' />
<link:presentationArc order='10' xlink:arcrole='http://www.xbrl.org/2003/arcrole/parent-child' xlink:from='loc_RedeemableNoncontrollingInterestEquityCarryingAmountAbstract' xlink:to='loc_RedeemableNoncontrollingInterestEquityCommonCarryingAmount' xlink:type='arc' />
<link:presentationArc order='20' xlink:arcrole='http://www.xbrl.org/2003/arcrole/parent-child' xlink:from='loc_RedeemableNoncontrollingInterestEquityCarryingAmountAbstract' xlink:to='loc_RedeemableNoncontrollingInterestEquityPreferredCarryingAmount' xlink:type='arc' />
<link:presentationArc order='30' xlink:arcrole='http://www.xbrl.org/2003/arcrole/parent-child' xlink:from='loc_RedeemableNoncontrollingInterestEquityCarryingAmountAbstract' xlink:to='loc_RedeemableNoncontrollingInterestEquityOtherCarryingAmount' xlink:type='arc' />
<link:presentationArc order='40' preferredLabel='http://www.xbrl.org/2003/role/totalLabel' xlink:arcrole='http://www.xbrl.org/2003/arcrole/parent-child' xlink:from='loc_RedeemableNoncontrollingInterestEquityCarryingAmountAbstract' xlink:to='loc_RedeemableNoncontrollingInterestEquityCarryingAmount' xlink:type='arc' />
<link:presentationArc order='30' xlink:arcrole='http://www.xbrl.org/2003/arcrole/parent-child' xlink:from='loc_RedeemableNoncontrollingInterestLineItems' xlink:to='loc_MinorityInterestDescription' xlink:type='arc' />
<link:presentationArc order='40' xlink:arcrole='http://www.xbrl.org/2003/arcrole/parent-child' xlink:from='loc_RedeemableNoncontrollingInterestLineItems' xlink:to='loc_MinorityInterestOwnershipPercentageByNoncontrollingOwners' xlink:type='arc' />
<link:presentationArc order='50' xlink:arcrole='http://www.xbrl.org/2003/arcrole/parent-child' xlink:from='loc_RedeemableNoncontrollingInterestLineItems' xlink:to='loc_MinorityInterestChangeInRedemptionValue' xlink:type='arc' />
<link:presentationArc order='60' xlink:arcrole='http://www.xbrl.org/2003/arcrole/parent-child' xlink:from='loc_RedeemableNoncontrollingInterestLineItems' xlink:to='loc_MinorityInterestDecreaseFromRedemptions' xlink:type='arc' />
<link:presentationArc order='70' xlink:arcrole='http://www.xbrl.org/2003/arcrole/parent-child' xlink:from='loc_RedeemableNoncontrollingInterestLineItems' xlink:to='loc_PaymentsForRepurchaseOfRedeemableNoncontrollingInterest' xlink:type='arc' />
<link:presentationArc order='80' xlink:arcrole='http://www.xbrl.org/2003/arcrole/parent-child' xlink:from='loc_RedeemableNoncontrollingInterestLineItems' xlink:to='loc_MinorityInterestExplanationOfIncreaseDecrease' xlink:type='arc' />
<link:presentationArc order='20' xlink:arcrole='http://www.xbrl.org/2003/arcrole/parent-child' xlink:from='loc_TemporaryEquityDisclosureAbstract' xlink:to='loc_TemporaryEquityTableTextBlock' xlink:type='arc' />
<link:presentationArc order='10' xlink:arcrole='http://www.xbrl.org/2003/arcrole/parent-child' xlink:from='loc_TemporaryEquityTableTextBlock' xlink:to='loc_TemporaryEquityByClassOfStockTable' xlink:type='arc' />
<link:presentationArc order='10' xlink:arcrole='http://www.xbrl.org/2003/arcrole/parent-child' xlink:from='loc_TemporaryEquityByClassOfStockTable' xlink:to='loc_StatementClassOfStockAxis' xlink:type='arc' />
<link:presentationArc order='10' xlink:arcrole='http://www.xbrl.org/2003/arcrole/parent-child' xlink:from='loc_StatementClassOfStockAxis' xlink:to='loc_ClassOfStockDomain' xlink:type='arc' />
<link:presentationArc order='20' xlink:arcrole='http://www.xbrl.org/2003/arcrole/parent-child' xlink:from='loc_TemporaryEquityByClassOfStockTable' xlink:to='loc_TemporaryEquityLineItems' xlink:type='arc' />
<link:presentationArc order='10' xlink:arcrole='http://www.xbrl.org/2003/arcrole/parent-child' xlink:from='loc_TemporaryEquityLineItems' xlink:to='loc_TemporaryEquityCarryingAmountIncludingPortionAttributableToNoncontrollingInterestsAbstract' xlink:type='arc' />
<link:presentationArc order='10' xlink:arcrole='http://www.xbrl.org/2003/arcrole/parent-child' xlink:from='loc_TemporaryEquityCarryingAmountIncludingPortionAttributableToNoncontrollingInterestsAbstract' xlink:to='loc_TemporaryEquityCarryingAmountAttributableToNoncontrollingInterest' xlink:type='arc' />
<link:presentationArc order='20' xlink:arcrole='http://www.xbrl.org/2003/arcrole/parent-child' xlink:from='loc_TemporaryEquityCarryingAmountIncludingPortionAttributableToNoncontrollingInterestsAbstract' xlink:to='loc_TemporaryEquityCarryingAmountAttributableToParent' xlink:type='arc' />
<link:presentationArc order='30' preferredLabel='http://www.xbrl.org/2003/role/totalLabel' xlink:arcrole='http://www.xbrl.org/2003/arcrole/parent-child' xlink:from='loc_TemporaryEquityCarryingAmountIncludingPortionAttributableToNoncontrollingInterestsAbstract' xlink:to='loc_TemporaryEquityCarryingAmountIncludingPortionAttributableToNoncontrollingInterests' xlink:type='arc' />
<link:presentationArc order='20' xlink:arcrole='http://www.xbrl.org/2003/arcrole/parent-child' xlink:from='loc_TemporaryEquityLineItems' xlink:to='loc_TemporaryEquityValueExcludingAdditionalPaidInCapital' xlink:type='arc' />
<link:presentationArc order='30' xlink:arcrole='http://www.xbrl.org/2003/arcrole/parent-child' xlink:from='loc_TemporaryEquityLineItems' xlink:to='loc_TemporaryEquityDescription' xlink:type='arc' />
<link:presentationArc order='40' xlink:arcrole='http://www.xbrl.org/2003/arcrole/parent-child' xlink:from='loc_TemporaryEquityLineItems' xlink:to='loc_TemporaryEquityParOrStatedValuePerShare' xlink:type='arc' />
<link:presentationArc order='50' xlink:arcrole='http://www.xbrl.org/2003/arcrole/parent-child' xlink:from='loc_TemporaryEquityLineItems' xlink:to='loc_TemporaryEquitySharesAuthorized' xlink:type='arc' />
<link:presentationArc order='60' xlink:arcrole='http://www.xbrl.org/2003/arcrole/parent-child' xlink:from='loc_TemporaryEquityLineItems' xlink:to='loc_TemporaryEquitySharesIssued' xlink:type='arc' />
<link:presentationArc order='70' xlink:arcrole='http://www.xbrl.org/2003/arcrole/parent-child' xlink:from='loc_TemporaryEquityLineItems' xlink:to='loc_TemporaryEquitySharesOutstanding' xlink:type='arc' />
<link:presentationArc order='80' xlink:arcrole='http://www.xbrl.org/2003/arcrole/parent-child' xlink:from='loc_TemporaryEquityLineItems' xlink:to='loc_TemporaryEquityRedemptionValue' xlink:type='arc' />
<link:presentationArc order='90' xlink:arcrole='http://www.xbrl.org/2003/arcrole/parent-child' xlink:from='loc_TemporaryEquityLineItems' xlink:to='loc_TemporaryEquityRedemptionPricePerShare' xlink:type='arc' />
<link:presentationArc order='100' xlink:arcrole='http://www.xbrl.org/2003/arcrole/parent-child' xlink:from='loc_TemporaryEquityLineItems' xlink:to='loc_TemporaryEquityAccountingTreatment' xlink:type='arc' />
<link:presentationArc order='110' xlink:arcrole='http://www.xbrl.org/2003/arcrole/parent-child' xlink:from='loc_TemporaryEquityLineItems' xlink:to='loc_TemporaryEquityAggregateAmountOfRedemptionRequirement' xlink:type='arc' />
<link:presentationArc order='120' xlink:arcrole='http://www.xbrl.org/2003/arcrole/parent-child' xlink:from='loc_TemporaryEquityLineItems' xlink:to='loc_TemporaryEquityContractTerms' xlink:type='arc' />
<link:presentationArc order='130' xlink:arcrole='http://www.xbrl.org/2003/arcrole/parent-child' xlink:from='loc_TemporaryEquityLineItems' xlink:to='loc_TemporaryEquityShareSubscriptions' xlink:type='arc' />
<link:presentationArc order='140' xlink:arcrole='http://www.xbrl.org/2003/arcrole/parent-child' xlink:from='loc_TemporaryEquityLineItems' xlink:to='loc_TemporaryEquitySharesSubscribedButUnissued' xlink:type='arc' />
<link:presentationArc order='150' xlink:arcrole='http://www.xbrl.org/2003/arcrole/parent-child' xlink:from='loc_TemporaryEquityLineItems' xlink:to='loc_TemporaryEquitySharesSubscribedButUnissuedSubscriptionsReceivable' xlink:type='arc' />
<link:presentationArc order='160' xlink:arcrole='http://www.xbrl.org/2003/arcrole/parent-child' xlink:from='loc_TemporaryEquityLineItems' xlink:to='loc_TemporaryEquityLiquidationPreferencePerShare' xlink:type='arc' />
<link:presentationArc order='170' xlink:arcrole='http://www.xbrl.org/2003/arcrole/parent-child' xlink:from='loc_TemporaryEquityLineItems' xlink:to='loc_TemporaryEquityLiquidationPreference' xlink:type='arc' />
<link:presentationArc order='180' xlink:arcrole='http://www.xbrl.org/2003/arcrole/parent-child' xlink:from='loc_TemporaryEquityLineItems' xlink:to='loc_IncreaseDecreaseInTemporaryEquityRollForward' xlink:type='arc' />
<link:presentationArc order='10' preferredLabel='http://www.xbrl.org/2003/role/periodStartLabel' xlink:arcrole='http://www.xbrl.org/2003/arcrole/parent-child' xlink:from='loc_IncreaseDecreaseInTemporaryEquityRollForward' xlink:to='loc_TemporaryEquityCarryingAmountIncludingPortionAttributableToNoncontrollingInterests' xlink:type='arc' />
<link:presentationArc order='20' xlink:arcrole='http://www.xbrl.org/2003/arcrole/parent-child' xlink:from='loc_IncreaseDecreaseInTemporaryEquityRollForward' xlink:to='loc_TemporaryEquityNetIncome' xlink:type='arc' />
<link:presentationArc order='30' xlink:arcrole='http://www.xbrl.org/2003/arcrole/parent-child' xlink:from='loc_IncreaseDecreaseInTemporaryEquityRollForward' xlink:to='loc_TemporaryEquityForeignCurrencyTranslationAdjustments' xlink:type='arc' />
<link:presentationArc order='40' xlink:arcrole='http://www.xbrl.org/2003/arcrole/parent-child' xlink:from='loc_IncreaseDecreaseInTemporaryEquityRollForward' xlink:to='loc_TemporaryEquityStockIssuedDuringPeriodValueNewIssues' xlink:type='arc' />
<link:presentationArc order='50' xlink:arcrole='http://www.xbrl.org/2003/arcrole/parent-child' xlink:from='loc_IncreaseDecreaseInTemporaryEquityRollForward' xlink:to='loc_TemporaryEquityAccretionOfDividends' xlink:type='arc' />
<link:presentationArc order='60' xlink:arcrole='http://www.xbrl.org/2003/arcrole/parent-child' xlink:from='loc_IncreaseDecreaseInTemporaryEquityRollForward' xlink:to='loc_TemporaryEquityAccretionOfInterest' xlink:type='arc' />
<link:presentationArc order='70' xlink:arcrole='http://www.xbrl.org/2003/arcrole/parent-child' xlink:from='loc_IncreaseDecreaseInTemporaryEquityRollForward' xlink:to='loc_TemporaryEquityAccretionToRedemptionValue' xlink:type='arc' />
<link:presentationArc order='80' xlink:arcrole='http://www.xbrl.org/2003/arcrole/parent-child' xlink:from='loc_IncreaseDecreaseInTemporaryEquityRollForward' xlink:to='loc_ReclassificationsOfTemporaryToPermanentEquity' xlink:type='arc' />
<link:presentationArc order='90' xlink:arcrole='http://www.xbrl.org/2003/arcrole/parent-child' xlink:from='loc_IncreaseDecreaseInTemporaryEquityRollForward' xlink:to='loc_TemporaryEquityInterestInSubsidiaryEarnings' xlink:type='arc' />
<link:presentationArc order='100' xlink:arcrole='http://www.xbrl.org/2003/arcrole/parent-child' xlink:from='loc_IncreaseDecreaseInTemporaryEquityRollForward' xlink:to='loc_TemporaryEquityEliminationAsPartofReorganization' xlink:type='arc' />
<link:presentationArc order='110' xlink:arcrole='http://www.xbrl.org/2003/arcrole/parent-child' xlink:from='loc_IncreaseDecreaseInTemporaryEquityRollForward' xlink:to='loc_TemporaryEquityOtherChanges' xlink:type='arc' />
<link:presentationArc order='120' preferredLabel='http://www.xbrl.org/2003/role/totalLabel' xlink:arcrole='http://www.xbrl.org/2003/arcrole/parent-child' xlink:from='loc_IncreaseDecreaseInTemporaryEquityRollForward' xlink:to='loc_TemporaryEquityIssuePeriodIncreaseOrDecrease' xlink:type='arc' />
<link:presentationArc order='130' preferredLabel='http://www.xbrl.org/2003/role/periodEndLabel' xlink:arcrole='http://www.xbrl.org/2003/arcrole/parent-child' xlink:from='loc_IncreaseDecreaseInTemporaryEquityRollForward' xlink:to='loc_TemporaryEquityCarryingAmountIncludingPortionAttributableToNoncontrollingInterests_1' xlink:type='arc' />
</link:presentationLink>
</link:linkbase>
