<?xml version='1.0' encoding='UTF-8'?>

<!--
(c) XBRL US, Inc. 2007-2010; Financial Accounting Foundation, Inc. 2010-2012.  All Rights Reserved.
Notice: Authorized Uses are Set Forth at http://xbrl.fasb.org/terms/TaxonomiesTermsConditions.html
  -->
<link:linkbase xmlns:link='http://www.xbrl.org/2003/linkbase' xmlns:xbrldt='http://xbrl.org/2005/xbrldt' xmlns:xlink='http://www.w3.org/1999/xlink' xmlns:xsi='http://www.w3.org/2001/XMLSchema-instance' xsi:schemaLocation='http://www.xbrl.org/2003/linkbase http://www.xbrl.org/2003/xbrl-linkbase-2003-12-31.xsd'>
<link:roleRef roleURI='http://fasb.org/us-gaap/role/disclosure/FinancialServicesBankingAndThriftInterest' xlink:href='../elts/us-roles-2012-01-31.xsd#fs-interest' xlink:type='simple' />
<link:calculationLink xlink:role='http://fasb.org/us-gaap/role/disclosure/FinancialServicesBankingAndThriftInterest' xlink:type='extended'>
<link:loc xlink:href='../elts/us-gaap-2012-01-31.xsd#us-gaap_InterestIncomeExpenseAfterProvisionForLoanLoss' xlink:label='loc_InterestIncomeExpenseAfterProvisionForLoanLoss' xlink:type='locator' />
<link:loc xlink:href='../elts/us-gaap-2012-01-31.xsd#us-gaap_InterestIncomeExpenseNet' xlink:label='loc_InterestIncomeExpenseNet' xlink:type='locator' />
<link:loc xlink:href='../elts/us-gaap-2012-01-31.xsd#us-gaap_InterestAndDividendIncomeOperating' xlink:label='loc_InterestAndDividendIncomeOperating' xlink:type='locator' />
<link:loc xlink:href='../elts/us-gaap-2012-01-31.xsd#us-gaap_InterestAndFeeIncomeLoansAndLeases' xlink:label='loc_InterestAndFeeIncomeLoansAndLeases' xlink:type='locator' />
<link:loc xlink:href='../elts/us-gaap-2012-01-31.xsd#us-gaap_InterestAndFeeIncomeLoansAndLeasesHeldForSale' xlink:label='loc_InterestAndFeeIncomeLoansAndLeasesHeldForSale' xlink:type='locator' />
<link:loc xlink:href='../elts/us-gaap-2012-01-31.xsd#us-gaap_InterestAndFeeIncomeNonmortgageLoansAndLeasesHeldForSale' xlink:label='loc_InterestAndFeeIncomeNonmortgageLoansAndLeasesHeldForSale' xlink:type='locator' />
<link:loc xlink:href='../elts/us-gaap-2012-01-31.xsd#us-gaap_InterestAndFeeIncomeLoansHeldForSaleMortgages' xlink:label='loc_InterestAndFeeIncomeLoansHeldForSaleMortgages' xlink:type='locator' />
<link:loc xlink:href='../elts/us-gaap-2012-01-31.xsd#us-gaap_InterestAndFeeIncomeOtherLoansHeldForSale' xlink:label='loc_InterestAndFeeIncomeOtherLoansHeldForSale' xlink:type='locator' />
<link:loc xlink:href='../elts/us-gaap-2012-01-31.xsd#us-gaap_InterestAndFeeIncomeLoansAndLeasesHeldInPortfolio' xlink:label='loc_InterestAndFeeIncomeLoansAndLeasesHeldInPortfolio' xlink:type='locator' />
<link:loc xlink:href='../elts/us-gaap-2012-01-31.xsd#us-gaap_InterestAndFeeIncomeLoansCommercial' xlink:label='loc_InterestAndFeeIncomeLoansCommercial' xlink:type='locator' />
<link:loc xlink:href='../elts/us-gaap-2012-01-31.xsd#us-gaap_InterestAndFeeIncomeLoansCommercialIndustrialAndAgriculturalLoans' xlink:label='loc_InterestAndFeeIncomeLoansCommercialIndustrialAndAgriculturalLoans' xlink:type='locator' />
<link:loc xlink:href='../elts/us-gaap-2012-01-31.xsd#us-gaap_InterestAndFeeIncomeLoansCommercialAndResidentialRealEstate' xlink:label='loc_InterestAndFeeIncomeLoansCommercialAndResidentialRealEstate' xlink:type='locator' />
<link:loc xlink:href='../elts/us-gaap-2012-01-31.xsd#us-gaap_InterestAndFeeIncomeLoansCommercialRealEstate' xlink:label='loc_InterestAndFeeIncomeLoansCommercialRealEstate' xlink:type='locator' />
<link:loc xlink:href='../elts/us-gaap-2012-01-31.xsd#us-gaap_InterestAndFeeIncomeLoansRealEstateConstruction' xlink:label='loc_InterestAndFeeIncomeLoansRealEstateConstruction' xlink:type='locator' />
<link:loc xlink:href='../elts/us-gaap-2012-01-31.xsd#us-gaap_InterestAndFeeIncomeLoansTradeFinancing' xlink:label='loc_InterestAndFeeIncomeLoansTradeFinancing' xlink:type='locator' />
<link:loc xlink:href='../elts/us-gaap-2012-01-31.xsd#us-gaap_InterestAndFeeIncomeLoansLeaseFinancing' xlink:label='loc_InterestAndFeeIncomeLoansLeaseFinancing' xlink:type='locator' />
<link:loc xlink:href='../elts/us-gaap-2012-01-31.xsd#us-gaap_InterestAndFeeIncomeLoansConsumer' xlink:label='loc_InterestAndFeeIncomeLoansConsumer' xlink:type='locator' />
<link:loc xlink:href='../elts/us-gaap-2012-01-31.xsd#us-gaap_InterestAndFeeIncomeLoansConsumerRealEstate' xlink:label='loc_InterestAndFeeIncomeLoansConsumerRealEstate' xlink:type='locator' />
<link:loc xlink:href='../elts/us-gaap-2012-01-31.xsd#us-gaap_InterestAndFeeIncomeLoansConsumerHomeEquity' xlink:label='loc_InterestAndFeeIncomeLoansConsumerHomeEquity' xlink:type='locator' />
<link:loc xlink:href='../elts/us-gaap-2012-01-31.xsd#us-gaap_InterestAndFeeIncomeLoansConsumerInstallmentCreditCard' xlink:label='loc_InterestAndFeeIncomeLoansConsumerInstallmentCreditCard' xlink:type='locator' />
<link:loc xlink:href='../elts/us-gaap-2012-01-31.xsd#us-gaap_InterestAndFeeIncomeLoansConsumerInstallmentAutomobilesMarineAndOtherVehicles' xlink:label='loc_InterestAndFeeIncomeLoansConsumerInstallmentAutomobilesMarineAndOtherVehicles' xlink:type='locator' />
<link:loc xlink:href='../elts/us-gaap-2012-01-31.xsd#us-gaap_InterestAndFeeIncomeLoansOtherConsumer' xlink:label='loc_InterestAndFeeIncomeLoansOtherConsumer' xlink:type='locator' />
<link:loc xlink:href='../elts/us-gaap-2012-01-31.xsd#us-gaap_AmortizationOfDeferredLoanOriginationFeesNet' xlink:label='loc_AmortizationOfDeferredLoanOriginationFeesNet' xlink:type='locator' />
<link:loc xlink:href='../elts/us-gaap-2012-01-31.xsd#us-gaap_InterestAndFeeIncomeLoansForeign' xlink:label='loc_InterestAndFeeIncomeLoansForeign' xlink:type='locator' />
<link:loc xlink:href='../elts/us-gaap-2012-01-31.xsd#us-gaap_InterestAndFeeIncomeOtherLoans' xlink:label='loc_InterestAndFeeIncomeOtherLoans' xlink:type='locator' />
<link:loc xlink:href='../elts/us-gaap-2012-01-31.xsd#us-gaap_InterestAndDividendIncomeSecurities' xlink:label='loc_InterestAndDividendIncomeSecurities' xlink:type='locator' />
<link:loc xlink:href='../elts/us-gaap-2012-01-31.xsd#us-gaap_InterestAndDividendIncomeSecuritiesTradingOrMeasuredAtFairValue' xlink:label='loc_InterestAndDividendIncomeSecuritiesTradingOrMeasuredAtFairValue' xlink:type='locator' />
<link:loc xlink:href='../elts/us-gaap-2012-01-31.xsd#us-gaap_InterestAndDividendIncomeSecuritiesAvailableForSale' xlink:label='loc_InterestAndDividendIncomeSecuritiesAvailableForSale' xlink:type='locator' />
<link:loc xlink:href='../elts/us-gaap-2012-01-31.xsd#us-gaap_InterestAndDividendIncomeSecuritiesHeldToMaturity' xlink:label='loc_InterestAndDividendIncomeSecuritiesHeldToMaturity' xlink:type='locator' />
<link:loc xlink:href='../elts/us-gaap-2012-01-31.xsd#us-gaap_InterestAndDividendIncomeSecuritiesOther' xlink:label='loc_InterestAndDividendIncomeSecuritiesOther' xlink:type='locator' />
<link:loc xlink:href='../elts/us-gaap-2012-01-31.xsd#us-gaap_InterestIncomeFederalFundsSoldAndSecuritiesPurchasedUnderAgreementsToResell' xlink:label='loc_InterestIncomeFederalFundsSoldAndSecuritiesPurchasedUnderAgreementsToResell' xlink:type='locator' />
<link:loc xlink:href='../elts/us-gaap-2012-01-31.xsd#us-gaap_InterestIncomeFederalFundsSold' xlink:label='loc_InterestIncomeFederalFundsSold' xlink:type='locator' />
<link:loc xlink:href='../elts/us-gaap-2012-01-31.xsd#us-gaap_InterestIncomeSecuritiesPurchasedUnderAgreementsToResell' xlink:label='loc_InterestIncomeSecuritiesPurchasedUnderAgreementsToResell' xlink:type='locator' />
<link:loc xlink:href='../elts/us-gaap-2012-01-31.xsd#us-gaap_InterestIncomeAndFeesBankersAcceptancesCertificatesOfDepositAndCommercialPaper' xlink:label='loc_InterestIncomeAndFeesBankersAcceptancesCertificatesOfDepositAndCommercialPaper' xlink:type='locator' />
<link:loc xlink:href='../elts/us-gaap-2012-01-31.xsd#us-gaap_InterestIncomeDepositsWithFinancialInstitutions' xlink:label='loc_InterestIncomeDepositsWithFinancialInstitutions' xlink:type='locator' />
<link:loc xlink:href='../elts/us-gaap-2012-01-31.xsd#us-gaap_InterestIncomeDomesticDeposits' xlink:label='loc_InterestIncomeDomesticDeposits' xlink:type='locator' />
<link:loc xlink:href='../elts/us-gaap-2012-01-31.xsd#us-gaap_InterestIncomeMoneyMarketDeposits' xlink:label='loc_InterestIncomeMoneyMarketDeposits' xlink:type='locator' />
<link:loc xlink:href='../elts/us-gaap-2012-01-31.xsd#us-gaap_InterestIncomeOtherDomesticDeposits' xlink:label='loc_InterestIncomeOtherDomesticDeposits' xlink:type='locator' />
<link:loc xlink:href='../elts/us-gaap-2012-01-31.xsd#us-gaap_InterestIncomeForeignDeposits' xlink:label='loc_InterestIncomeForeignDeposits' xlink:type='locator' />
<link:loc xlink:href='../elts/us-gaap-2012-01-31.xsd#us-gaap_InterestIncomePurchasedReceivables' xlink:label='loc_InterestIncomePurchasedReceivables' xlink:type='locator' />
<link:loc xlink:href='../elts/us-gaap-2012-01-31.xsd#us-gaap_OtherInterestAndDividendIncome' xlink:label='loc_OtherInterestAndDividendIncome' xlink:type='locator' />
<link:loc xlink:href='../elts/us-gaap-2012-01-31.xsd#us-gaap_InterestExpense' xlink:label='loc_InterestExpense' xlink:type='locator' />
<link:loc xlink:href='../elts/us-gaap-2012-01-31.xsd#us-gaap_InterestExpenseDeposits' xlink:label='loc_InterestExpenseDeposits' xlink:type='locator' />
<link:loc xlink:href='../elts/us-gaap-2012-01-31.xsd#us-gaap_InterestExpenseForeignDeposits' xlink:label='loc_InterestExpenseForeignDeposits' xlink:type='locator' />
<link:loc xlink:href='../elts/us-gaap-2012-01-31.xsd#us-gaap_InterestExpenseDomesticDeposits' xlink:label='loc_InterestExpenseDomesticDeposits' xlink:type='locator' />
<link:loc xlink:href='../elts/us-gaap-2012-01-31.xsd#us-gaap_InterestExpenseNOWAccountsMoneyMarketAccountsAndSavingsDeposits' xlink:label='loc_InterestExpenseNOWAccountsMoneyMarketAccountsAndSavingsDeposits' xlink:type='locator' />
<link:loc xlink:href='../elts/us-gaap-2012-01-31.xsd#us-gaap_InterestExpenseNegotiableOrderOfWithdrawalNOWDeposits' xlink:label='loc_InterestExpenseNegotiableOrderOfWithdrawalNOWDeposits' xlink:type='locator' />
<link:loc xlink:href='../elts/us-gaap-2012-01-31.xsd#us-gaap_InterestExpenseMoneyMarketDeposits' xlink:label='loc_InterestExpenseMoneyMarketDeposits' xlink:type='locator' />
<link:loc xlink:href='../elts/us-gaap-2012-01-31.xsd#us-gaap_InterestExpenseSavingsDeposits' xlink:label='loc_InterestExpenseSavingsDeposits' xlink:type='locator' />
<link:loc xlink:href='../elts/us-gaap-2012-01-31.xsd#us-gaap_InterestExpenseDemandDepositAccounts' xlink:label='loc_InterestExpenseDemandDepositAccounts' xlink:type='locator' />
<link:loc xlink:href='../elts/us-gaap-2012-01-31.xsd#us-gaap_InterestExpenseTimeDeposits' xlink:label='loc_InterestExpenseTimeDeposits' xlink:type='locator' />
<link:loc xlink:href='../elts/us-gaap-2012-01-31.xsd#us-gaap_InterestExpenseTimeDepositsLessThan100000' xlink:label='loc_InterestExpenseTimeDepositsLessThan100000' xlink:type='locator' />
<link:loc xlink:href='../elts/us-gaap-2012-01-31.xsd#us-gaap_InterestExpenseTimeDeposits100000OrMore' xlink:label='loc_InterestExpenseTimeDeposits100000OrMore' xlink:type='locator' />
<link:loc xlink:href='../elts/us-gaap-2012-01-31.xsd#us-gaap_InterestExpenseOtherDomesticDeposits' xlink:label='loc_InterestExpenseOtherDomesticDeposits' xlink:type='locator' />
<link:loc xlink:href='../elts/us-gaap-2012-01-31.xsd#us-gaap_InterestExpenseTradingLiabilities' xlink:label='loc_InterestExpenseTradingLiabilities' xlink:type='locator' />
<link:loc xlink:href='../elts/us-gaap-2012-01-31.xsd#us-gaap_InterestExpenseBorrowings' xlink:label='loc_InterestExpenseBorrowings' xlink:type='locator' />
<link:loc xlink:href='../elts/us-gaap-2012-01-31.xsd#us-gaap_InterestExpenseShortTermBorrowings' xlink:label='loc_InterestExpenseShortTermBorrowings' xlink:type='locator' />
<link:loc xlink:href='../elts/us-gaap-2012-01-31.xsd#us-gaap_InterestExpenseShortTermBorrowingsExcludingFederalFundsAndSecuritiesSoldUnderAgreementsToRepurchase' xlink:label='loc_InterestExpenseShortTermBorrowingsExcludingFederalFundsAndSecuritiesSoldUnderAgreementsToRepurchase' xlink:type='locator' />
<link:loc xlink:href='../elts/us-gaap-2012-01-31.xsd#us-gaap_InterestExpenseFederalHomeLoanBankAndFederalReserveBankAdvancesShortTerm' xlink:label='loc_InterestExpenseFederalHomeLoanBankAndFederalReserveBankAdvancesShortTerm' xlink:type='locator' />
<link:loc xlink:href='../elts/us-gaap-2012-01-31.xsd#us-gaap_InterestExpenseCommercialPaper' xlink:label='loc_InterestExpenseCommercialPaper' xlink:type='locator' />
<link:loc xlink:href='../elts/us-gaap-2012-01-31.xsd#us-gaap_InterestExpenseOtherShortTermBorrowings' xlink:label='loc_InterestExpenseOtherShortTermBorrowings' xlink:type='locator' />
<link:loc xlink:href='../elts/us-gaap-2012-01-31.xsd#us-gaap_InterestExpenseFederalFundsPurchasedAndSecuritiesSoldUnderAgreementsToRepurchase' xlink:label='loc_InterestExpenseFederalFundsPurchasedAndSecuritiesSoldUnderAgreementsToRepurchase' xlink:type='locator' />
<link:loc xlink:href='../elts/us-gaap-2012-01-31.xsd#us-gaap_InterestExpenseFederalFundsPurchased' xlink:label='loc_InterestExpenseFederalFundsPurchased' xlink:type='locator' />
<link:loc xlink:href='../elts/us-gaap-2012-01-31.xsd#us-gaap_InterestExpenseSecuritiesSoldUnderAgreementsToRepurchase' xlink:label='loc_InterestExpenseSecuritiesSoldUnderAgreementsToRepurchase' xlink:type='locator' />
<link:loc xlink:href='../elts/us-gaap-2012-01-31.xsd#us-gaap_InterestExpenseLongTermDebtAndCapitalSecurities' xlink:label='loc_InterestExpenseLongTermDebtAndCapitalSecurities' xlink:type='locator' />
<link:loc xlink:href='../elts/us-gaap-2012-01-31.xsd#us-gaap_InterestExpenseLongTermDebt' xlink:label='loc_InterestExpenseLongTermDebt' xlink:type='locator' />
<link:loc xlink:href='../elts/us-gaap-2012-01-31.xsd#us-gaap_InterestExpenseSubordinatedNotesAndDebentures' xlink:label='loc_InterestExpenseSubordinatedNotesAndDebentures' xlink:type='locator' />
<link:loc xlink:href='../elts/us-gaap-2012-01-31.xsd#us-gaap_InterestExpenseJuniorSubordinatedDebentures' xlink:label='loc_InterestExpenseJuniorSubordinatedDebentures' xlink:type='locator' />
<link:loc xlink:href='../elts/us-gaap-2012-01-31.xsd#us-gaap_InterestExpenseMediumTermNotes' xlink:label='loc_InterestExpenseMediumTermNotes' xlink:type='locator' />
<link:loc xlink:href='../elts/us-gaap-2012-01-31.xsd#us-gaap_InterestExpenseFederalHomeLoanBankAndFederalReserveBankAdvancesLongTerm' xlink:label='loc_InterestExpenseFederalHomeLoanBankAndFederalReserveBankAdvancesLongTerm' xlink:type='locator' />
<link:loc xlink:href='../elts/us-gaap-2012-01-31.xsd#us-gaap_InterestExpenseOtherLongTermDebt' xlink:label='loc_InterestExpenseOtherLongTermDebt' xlink:type='locator' />
<link:loc xlink:href='../elts/us-gaap-2012-01-31.xsd#us-gaap_InterestExpenseCapitalSecurities' xlink:label='loc_InterestExpenseCapitalSecurities' xlink:type='locator' />
<link:loc xlink:href='../elts/us-gaap-2012-01-31.xsd#us-gaap_InterestExpenseBeneficialInterestsIssuedByConsolidatedVariableInterestEntities' xlink:label='loc_InterestExpenseBeneficialInterestsIssuedByConsolidatedVariableInterestEntities' xlink:type='locator' />
<link:loc xlink:href='../elts/us-gaap-2012-01-31.xsd#us-gaap_InterestExpenseTrustPreferredSecurities' xlink:label='loc_InterestExpenseTrustPreferredSecurities' xlink:type='locator' />
<link:loc xlink:href='../elts/us-gaap-2012-01-31.xsd#us-gaap_InterestExpenseOther' xlink:label='loc_InterestExpenseOther' xlink:type='locator' />
<link:loc xlink:href='../elts/us-gaap-2012-01-31.xsd#us-gaap_ProvisionForLoanLeaseAndOtherLosses' xlink:label='loc_ProvisionForLoanLeaseAndOtherLosses' xlink:type='locator' />
<link:loc xlink:href='../elts/us-gaap-2012-01-31.xsd#us-gaap_ProvisionForLoanAndLeaseLosses' xlink:label='loc_ProvisionForLoanAndLeaseLosses' xlink:type='locator' />
<link:loc xlink:href='../elts/us-gaap-2012-01-31.xsd#us-gaap_ProvisionForLoanLossesExpensed' xlink:label='loc_ProvisionForLoanLossesExpensed' xlink:type='locator' />
<link:loc xlink:href='../elts/us-gaap-2012-01-31.xsd#us-gaap_ProvisionForLeaseLosses' xlink:label='loc_ProvisionForLeaseLosses' xlink:type='locator' />
<link:loc xlink:href='../elts/us-gaap-2012-01-31.xsd#us-gaap_ProvisionForOtherCreditLosses' xlink:label='loc_ProvisionForOtherCreditLosses' xlink:type='locator' />
<link:loc xlink:href='../elts/us-gaap-2012-01-31.xsd#us-gaap_ProvisionForOtherLosses' xlink:label='loc_ProvisionForOtherLosses' xlink:type='locator' />
<link:calculationArc order='10' weight='1.0' xlink:arcrole='http://www.xbrl.org/2003/arcrole/summation-item' xlink:from='loc_InterestIncomeExpenseAfterProvisionForLoanLoss' xlink:to='loc_InterestIncomeExpenseNet' xlink:type='arc' />
<link:calculationArc order='10' weight='1.0' xlink:arcrole='http://www.xbrl.org/2003/arcrole/summation-item' xlink:from='loc_InterestIncomeExpenseNet' xlink:to='loc_InterestAndDividendIncomeOperating' xlink:type='arc' />
<link:calculationArc order='10' weight='1.0' xlink:arcrole='http://www.xbrl.org/2003/arcrole/summation-item' xlink:from='loc_InterestAndDividendIncomeOperating' xlink:to='loc_InterestAndFeeIncomeLoansAndLeases' xlink:type='arc' />
<link:calculationArc order='10' weight='1.0' xlink:arcrole='http://www.xbrl.org/2003/arcrole/summation-item' xlink:from='loc_InterestAndFeeIncomeLoansAndLeases' xlink:to='loc_InterestAndFeeIncomeLoansAndLeasesHeldForSale' xlink:type='arc' />
<link:calculationArc order='10' weight='1.0' xlink:arcrole='http://www.xbrl.org/2003/arcrole/summation-item' xlink:from='loc_InterestAndFeeIncomeLoansAndLeasesHeldForSale' xlink:to='loc_InterestAndFeeIncomeNonmortgageLoansAndLeasesHeldForSale' xlink:type='arc' />
<link:calculationArc order='20' weight='1.0' xlink:arcrole='http://www.xbrl.org/2003/arcrole/summation-item' xlink:from='loc_InterestAndFeeIncomeLoansAndLeasesHeldForSale' xlink:to='loc_InterestAndFeeIncomeLoansHeldForSaleMortgages' xlink:type='arc' />
<link:calculationArc order='30' weight='1.0' xlink:arcrole='http://www.xbrl.org/2003/arcrole/summation-item' xlink:from='loc_InterestAndFeeIncomeLoansAndLeasesHeldForSale' xlink:to='loc_InterestAndFeeIncomeOtherLoansHeldForSale' xlink:type='arc' />
<link:calculationArc order='20' weight='1.0' xlink:arcrole='http://www.xbrl.org/2003/arcrole/summation-item' xlink:from='loc_InterestAndFeeIncomeLoansAndLeases' xlink:to='loc_InterestAndFeeIncomeLoansAndLeasesHeldInPortfolio' xlink:type='arc' />
<link:calculationArc order='10' weight='1.0' xlink:arcrole='http://www.xbrl.org/2003/arcrole/summation-item' xlink:from='loc_InterestAndFeeIncomeLoansAndLeasesHeldInPortfolio' xlink:to='loc_InterestAndFeeIncomeLoansCommercial' xlink:type='arc' />
<link:calculationArc order='10' weight='1.0' xlink:arcrole='http://www.xbrl.org/2003/arcrole/summation-item' xlink:from='loc_InterestAndFeeIncomeLoansCommercial' xlink:to='loc_InterestAndFeeIncomeLoansCommercialIndustrialAndAgriculturalLoans' xlink:type='arc' />
<link:calculationArc order='20' weight='1.0' xlink:arcrole='http://www.xbrl.org/2003/arcrole/summation-item' xlink:from='loc_InterestAndFeeIncomeLoansCommercial' xlink:to='loc_InterestAndFeeIncomeLoansCommercialAndResidentialRealEstate' xlink:type='arc' />
<link:calculationArc order='30' weight='1.0' xlink:arcrole='http://www.xbrl.org/2003/arcrole/summation-item' xlink:from='loc_InterestAndFeeIncomeLoansCommercial' xlink:to='loc_InterestAndFeeIncomeLoansCommercialRealEstate' xlink:type='arc' />
<link:calculationArc order='40' weight='1.0' xlink:arcrole='http://www.xbrl.org/2003/arcrole/summation-item' xlink:from='loc_InterestAndFeeIncomeLoansCommercial' xlink:to='loc_InterestAndFeeIncomeLoansRealEstateConstruction' xlink:type='arc' />
<link:calculationArc order='50' weight='1.0' xlink:arcrole='http://www.xbrl.org/2003/arcrole/summation-item' xlink:from='loc_InterestAndFeeIncomeLoansCommercial' xlink:to='loc_InterestAndFeeIncomeLoansTradeFinancing' xlink:type='arc' />
<link:calculationArc order='60' weight='1.0' xlink:arcrole='http://www.xbrl.org/2003/arcrole/summation-item' xlink:from='loc_InterestAndFeeIncomeLoansCommercial' xlink:to='loc_InterestAndFeeIncomeLoansLeaseFinancing' xlink:type='arc' />
<link:calculationArc order='20' weight='1.0' xlink:arcrole='http://www.xbrl.org/2003/arcrole/summation-item' xlink:from='loc_InterestAndFeeIncomeLoansAndLeasesHeldInPortfolio' xlink:to='loc_InterestAndFeeIncomeLoansConsumer' xlink:type='arc' />
<link:calculationArc order='10' weight='1.0' xlink:arcrole='http://www.xbrl.org/2003/arcrole/summation-item' xlink:from='loc_InterestAndFeeIncomeLoansConsumer' xlink:to='loc_InterestAndFeeIncomeLoansConsumerRealEstate' xlink:type='arc' />
<link:calculationArc order='20' weight='1.0' xlink:arcrole='http://www.xbrl.org/2003/arcrole/summation-item' xlink:from='loc_InterestAndFeeIncomeLoansConsumer' xlink:to='loc_InterestAndFeeIncomeLoansConsumerHomeEquity' xlink:type='arc' />
<link:calculationArc order='30' weight='1.0' xlink:arcrole='http://www.xbrl.org/2003/arcrole/summation-item' xlink:from='loc_InterestAndFeeIncomeLoansConsumer' xlink:to='loc_InterestAndFeeIncomeLoansConsumerInstallmentCreditCard' xlink:type='arc' />
<link:calculationArc order='40' weight='1.0' xlink:arcrole='http://www.xbrl.org/2003/arcrole/summation-item' xlink:from='loc_InterestAndFeeIncomeLoansConsumer' xlink:to='loc_InterestAndFeeIncomeLoansConsumerInstallmentAutomobilesMarineAndOtherVehicles' xlink:type='arc' />
<link:calculationArc order='50' weight='1.0' xlink:arcrole='http://www.xbrl.org/2003/arcrole/summation-item' xlink:from='loc_InterestAndFeeIncomeLoansConsumer' xlink:to='loc_InterestAndFeeIncomeLoansOtherConsumer' xlink:type='arc' />
<link:calculationArc order='30' weight='1.0' xlink:arcrole='http://www.xbrl.org/2003/arcrole/summation-item' xlink:from='loc_InterestAndFeeIncomeLoansAndLeasesHeldInPortfolio' xlink:to='loc_AmortizationOfDeferredLoanOriginationFeesNet' xlink:type='arc' />
<link:calculationArc order='40' weight='1.0' xlink:arcrole='http://www.xbrl.org/2003/arcrole/summation-item' xlink:from='loc_InterestAndFeeIncomeLoansAndLeasesHeldInPortfolio' xlink:to='loc_InterestAndFeeIncomeLoansForeign' xlink:type='arc' />
<link:calculationArc order='50' weight='1.0' xlink:arcrole='http://www.xbrl.org/2003/arcrole/summation-item' xlink:from='loc_InterestAndFeeIncomeLoansAndLeasesHeldInPortfolio' xlink:to='loc_InterestAndFeeIncomeOtherLoans' xlink:type='arc' />
<link:calculationArc order='20' weight='1.0' xlink:arcrole='http://www.xbrl.org/2003/arcrole/summation-item' xlink:from='loc_InterestAndDividendIncomeOperating' xlink:to='loc_InterestAndDividendIncomeSecurities' xlink:type='arc' />
<link:calculationArc order='10' weight='1.0' xlink:arcrole='http://www.xbrl.org/2003/arcrole/summation-item' xlink:from='loc_InterestAndDividendIncomeSecurities' xlink:to='loc_InterestAndDividendIncomeSecuritiesTradingOrMeasuredAtFairValue' xlink:type='arc' />
<link:calculationArc order='20' weight='1.0' xlink:arcrole='http://www.xbrl.org/2003/arcrole/summation-item' xlink:from='loc_InterestAndDividendIncomeSecurities' xlink:to='loc_InterestAndDividendIncomeSecuritiesAvailableForSale' xlink:type='arc' />
<link:calculationArc order='30' weight='1.0' xlink:arcrole='http://www.xbrl.org/2003/arcrole/summation-item' xlink:from='loc_InterestAndDividendIncomeSecurities' xlink:to='loc_InterestAndDividendIncomeSecuritiesHeldToMaturity' xlink:type='arc' />
<link:calculationArc order='40' weight='1.0' xlink:arcrole='http://www.xbrl.org/2003/arcrole/summation-item' xlink:from='loc_InterestAndDividendIncomeSecurities' xlink:to='loc_InterestAndDividendIncomeSecuritiesOther' xlink:type='arc' />
<link:calculationArc order='30' weight='1.0' xlink:arcrole='http://www.xbrl.org/2003/arcrole/summation-item' xlink:from='loc_InterestAndDividendIncomeOperating' xlink:to='loc_InterestIncomeFederalFundsSoldAndSecuritiesPurchasedUnderAgreementsToResell' xlink:type='arc' />
<link:calculationArc order='10' weight='1.0' xlink:arcrole='http://www.xbrl.org/2003/arcrole/summation-item' xlink:from='loc_InterestIncomeFederalFundsSoldAndSecuritiesPurchasedUnderAgreementsToResell' xlink:to='loc_InterestIncomeFederalFundsSold' xlink:type='arc' />
<link:calculationArc order='20' weight='1.0' xlink:arcrole='http://www.xbrl.org/2003/arcrole/summation-item' xlink:from='loc_InterestIncomeFederalFundsSoldAndSecuritiesPurchasedUnderAgreementsToResell' xlink:to='loc_InterestIncomeSecuritiesPurchasedUnderAgreementsToResell' xlink:type='arc' />
<link:calculationArc order='40' weight='1.0' xlink:arcrole='http://www.xbrl.org/2003/arcrole/summation-item' xlink:from='loc_InterestAndDividendIncomeOperating' xlink:to='loc_InterestIncomeAndFeesBankersAcceptancesCertificatesOfDepositAndCommercialPaper' xlink:type='arc' />
<link:calculationArc order='50' weight='1.0' xlink:arcrole='http://www.xbrl.org/2003/arcrole/summation-item' xlink:from='loc_InterestAndDividendIncomeOperating' xlink:to='loc_InterestIncomeDepositsWithFinancialInstitutions' xlink:type='arc' />
<link:calculationArc order='10' weight='1.0' xlink:arcrole='http://www.xbrl.org/2003/arcrole/summation-item' xlink:from='loc_InterestIncomeDepositsWithFinancialInstitutions' xlink:to='loc_InterestIncomeDomesticDeposits' xlink:type='arc' />
<link:calculationArc order='10' weight='1.0' xlink:arcrole='http://www.xbrl.org/2003/arcrole/summation-item' xlink:from='loc_InterestIncomeDomesticDeposits' xlink:to='loc_InterestIncomeMoneyMarketDeposits' xlink:type='arc' />
<link:calculationArc order='20' weight='1.0' xlink:arcrole='http://www.xbrl.org/2003/arcrole/summation-item' xlink:from='loc_InterestIncomeDomesticDeposits' xlink:to='loc_InterestIncomeOtherDomesticDeposits' xlink:type='arc' />
<link:calculationArc order='20' weight='1.0' xlink:arcrole='http://www.xbrl.org/2003/arcrole/summation-item' xlink:from='loc_InterestIncomeDepositsWithFinancialInstitutions' xlink:to='loc_InterestIncomeForeignDeposits' xlink:type='arc' />
<link:calculationArc order='60' weight='1.0' xlink:arcrole='http://www.xbrl.org/2003/arcrole/summation-item' xlink:from='loc_InterestAndDividendIncomeOperating' xlink:to='loc_InterestIncomePurchasedReceivables' xlink:type='arc' />
<link:calculationArc order='70' weight='1.0' xlink:arcrole='http://www.xbrl.org/2003/arcrole/summation-item' xlink:from='loc_InterestAndDividendIncomeOperating' xlink:to='loc_OtherInterestAndDividendIncome' xlink:type='arc' />
<link:calculationArc order='20' weight='-1.0' xlink:arcrole='http://www.xbrl.org/2003/arcrole/summation-item' xlink:from='loc_InterestIncomeExpenseNet' xlink:to='loc_InterestExpense' xlink:type='arc' />
<link:calculationArc order='10' weight='1.0' xlink:arcrole='http://www.xbrl.org/2003/arcrole/summation-item' xlink:from='loc_InterestExpense' xlink:to='loc_InterestExpenseDeposits' xlink:type='arc' />
<link:calculationArc order='10' weight='1.0' xlink:arcrole='http://www.xbrl.org/2003/arcrole/summation-item' xlink:from='loc_InterestExpenseDeposits' xlink:to='loc_InterestExpenseForeignDeposits' xlink:type='arc' />
<link:calculationArc order='20' weight='1.0' xlink:arcrole='http://www.xbrl.org/2003/arcrole/summation-item' xlink:from='loc_InterestExpenseDeposits' xlink:to='loc_InterestExpenseDomesticDeposits' xlink:type='arc' />
<link:calculationArc order='10' weight='1.0' xlink:arcrole='http://www.xbrl.org/2003/arcrole/summation-item' xlink:from='loc_InterestExpenseDomesticDeposits' xlink:to='loc_InterestExpenseNOWAccountsMoneyMarketAccountsAndSavingsDeposits' xlink:type='arc' />
<link:calculationArc order='10' weight='1.0' xlink:arcrole='http://www.xbrl.org/2003/arcrole/summation-item' xlink:from='loc_InterestExpenseNOWAccountsMoneyMarketAccountsAndSavingsDeposits' xlink:to='loc_InterestExpenseNegotiableOrderOfWithdrawalNOWDeposits' xlink:type='arc' />
<link:calculationArc order='20' weight='1.0' xlink:arcrole='http://www.xbrl.org/2003/arcrole/summation-item' xlink:from='loc_InterestExpenseNOWAccountsMoneyMarketAccountsAndSavingsDeposits' xlink:to='loc_InterestExpenseMoneyMarketDeposits' xlink:type='arc' />
<link:calculationArc order='30' weight='1.0' xlink:arcrole='http://www.xbrl.org/2003/arcrole/summation-item' xlink:from='loc_InterestExpenseNOWAccountsMoneyMarketAccountsAndSavingsDeposits' xlink:to='loc_InterestExpenseSavingsDeposits' xlink:type='arc' />
<link:calculationArc order='20' weight='1.0' xlink:arcrole='http://www.xbrl.org/2003/arcrole/summation-item' xlink:from='loc_InterestExpenseDomesticDeposits' xlink:to='loc_InterestExpenseDemandDepositAccounts' xlink:type='arc' />
<link:calculationArc order='30' weight='1.0' xlink:arcrole='http://www.xbrl.org/2003/arcrole/summation-item' xlink:from='loc_InterestExpenseDomesticDeposits' xlink:to='loc_InterestExpenseTimeDeposits' xlink:type='arc' />
<link:calculationArc order='10' weight='1.0' xlink:arcrole='http://www.xbrl.org/2003/arcrole/summation-item' xlink:from='loc_InterestExpenseTimeDeposits' xlink:to='loc_InterestExpenseTimeDepositsLessThan100000' xlink:type='arc' />
<link:calculationArc order='20' weight='1.0' xlink:arcrole='http://www.xbrl.org/2003/arcrole/summation-item' xlink:from='loc_InterestExpenseTimeDeposits' xlink:to='loc_InterestExpenseTimeDeposits100000OrMore' xlink:type='arc' />
<link:calculationArc order='40' weight='1.0' xlink:arcrole='http://www.xbrl.org/2003/arcrole/summation-item' xlink:from='loc_InterestExpenseDomesticDeposits' xlink:to='loc_InterestExpenseOtherDomesticDeposits' xlink:type='arc' />
<link:calculationArc order='20' weight='1.0' xlink:arcrole='http://www.xbrl.org/2003/arcrole/summation-item' xlink:from='loc_InterestExpense' xlink:to='loc_InterestExpenseTradingLiabilities' xlink:type='arc' />
<link:calculationArc order='30' weight='1.0' xlink:arcrole='http://www.xbrl.org/2003/arcrole/summation-item' xlink:from='loc_InterestExpense' xlink:to='loc_InterestExpenseBorrowings' xlink:type='arc' />
<link:calculationArc order='10' weight='1.0' xlink:arcrole='http://www.xbrl.org/2003/arcrole/summation-item' xlink:from='loc_InterestExpenseBorrowings' xlink:to='loc_InterestExpenseShortTermBorrowings' xlink:type='arc' />
<link:calculationArc order='10' weight='1.0' xlink:arcrole='http://www.xbrl.org/2003/arcrole/summation-item' xlink:from='loc_InterestExpenseShortTermBorrowings' xlink:to='loc_InterestExpenseShortTermBorrowingsExcludingFederalFundsAndSecuritiesSoldUnderAgreementsToRepurchase' xlink:type='arc' />
<link:calculationArc order='10' weight='1.0' xlink:arcrole='http://www.xbrl.org/2003/arcrole/summation-item' xlink:from='loc_InterestExpenseShortTermBorrowingsExcludingFederalFundsAndSecuritiesSoldUnderAgreementsToRepurchase' xlink:to='loc_InterestExpenseFederalHomeLoanBankAndFederalReserveBankAdvancesShortTerm' xlink:type='arc' />
<link:calculationArc order='20' weight='1.0' xlink:arcrole='http://www.xbrl.org/2003/arcrole/summation-item' xlink:from='loc_InterestExpenseShortTermBorrowingsExcludingFederalFundsAndSecuritiesSoldUnderAgreementsToRepurchase' xlink:to='loc_InterestExpenseCommercialPaper' xlink:type='arc' />
<link:calculationArc order='30' weight='1.0' xlink:arcrole='http://www.xbrl.org/2003/arcrole/summation-item' xlink:from='loc_InterestExpenseShortTermBorrowingsExcludingFederalFundsAndSecuritiesSoldUnderAgreementsToRepurchase' xlink:to='loc_InterestExpenseOtherShortTermBorrowings' xlink:type='arc' />
<link:calculationArc order='20' weight='1.0' xlink:arcrole='http://www.xbrl.org/2003/arcrole/summation-item' xlink:from='loc_InterestExpenseShortTermBorrowings' xlink:to='loc_InterestExpenseFederalFundsPurchasedAndSecuritiesSoldUnderAgreementsToRepurchase' xlink:type='arc' />
<link:calculationArc order='10' weight='1.0' xlink:arcrole='http://www.xbrl.org/2003/arcrole/summation-item' xlink:from='loc_InterestExpenseFederalFundsPurchasedAndSecuritiesSoldUnderAgreementsToRepurchase' xlink:to='loc_InterestExpenseFederalFundsPurchased' xlink:type='arc' />
<link:calculationArc order='20' weight='1.0' xlink:arcrole='http://www.xbrl.org/2003/arcrole/summation-item' xlink:from='loc_InterestExpenseFederalFundsPurchasedAndSecuritiesSoldUnderAgreementsToRepurchase' xlink:to='loc_InterestExpenseSecuritiesSoldUnderAgreementsToRepurchase' xlink:type='arc' />
<link:calculationArc order='20' weight='1.0' xlink:arcrole='http://www.xbrl.org/2003/arcrole/summation-item' xlink:from='loc_InterestExpenseBorrowings' xlink:to='loc_InterestExpenseLongTermDebtAndCapitalSecurities' xlink:type='arc' />
<link:calculationArc order='10' weight='1.0' xlink:arcrole='http://www.xbrl.org/2003/arcrole/summation-item' xlink:from='loc_InterestExpenseLongTermDebtAndCapitalSecurities' xlink:to='loc_InterestExpenseLongTermDebt' xlink:type='arc' />
<link:calculationArc order='10' weight='1.0' xlink:arcrole='http://www.xbrl.org/2003/arcrole/summation-item' xlink:from='loc_InterestExpenseLongTermDebt' xlink:to='loc_InterestExpenseSubordinatedNotesAndDebentures' xlink:type='arc' />
<link:calculationArc order='20' weight='1.0' xlink:arcrole='http://www.xbrl.org/2003/arcrole/summation-item' xlink:from='loc_InterestExpenseLongTermDebt' xlink:to='loc_InterestExpenseJuniorSubordinatedDebentures' xlink:type='arc' />
<link:calculationArc order='30' weight='1.0' xlink:arcrole='http://www.xbrl.org/2003/arcrole/summation-item' xlink:from='loc_InterestExpenseLongTermDebt' xlink:to='loc_InterestExpenseMediumTermNotes' xlink:type='arc' />
<link:calculationArc order='40' weight='1.0' xlink:arcrole='http://www.xbrl.org/2003/arcrole/summation-item' xlink:from='loc_InterestExpenseLongTermDebt' xlink:to='loc_InterestExpenseFederalHomeLoanBankAndFederalReserveBankAdvancesLongTerm' xlink:type='arc' />
<link:calculationArc order='50' weight='1.0' xlink:arcrole='http://www.xbrl.org/2003/arcrole/summation-item' xlink:from='loc_InterestExpenseLongTermDebt' xlink:to='loc_InterestExpenseOtherLongTermDebt' xlink:type='arc' />
<link:calculationArc order='20' weight='1.0' xlink:arcrole='http://www.xbrl.org/2003/arcrole/summation-item' xlink:from='loc_InterestExpenseLongTermDebtAndCapitalSecurities' xlink:to='loc_InterestExpenseCapitalSecurities' xlink:type='arc' />
<link:calculationArc order='40' weight='1.0' xlink:arcrole='http://www.xbrl.org/2003/arcrole/summation-item' xlink:from='loc_InterestExpense' xlink:to='loc_InterestExpenseBeneficialInterestsIssuedByConsolidatedVariableInterestEntities' xlink:type='arc' />
<link:calculationArc order='50' weight='1.0' xlink:arcrole='http://www.xbrl.org/2003/arcrole/summation-item' xlink:from='loc_InterestExpense' xlink:to='loc_InterestExpenseTrustPreferredSecurities' xlink:type='arc' />
<link:calculationArc order='60' weight='1.0' xlink:arcrole='http://www.xbrl.org/2003/arcrole/summation-item' xlink:from='loc_InterestExpense' xlink:to='loc_InterestExpenseOther' xlink:type='arc' />
<link:calculationArc order='20' weight='-1.0' xlink:arcrole='http://www.xbrl.org/2003/arcrole/summation-item' xlink:from='loc_InterestIncomeExpenseAfterProvisionForLoanLoss' xlink:to='loc_ProvisionForLoanLeaseAndOtherLosses' xlink:type='arc' />
<link:calculationArc order='10' weight='1.0' xlink:arcrole='http://www.xbrl.org/2003/arcrole/summation-item' xlink:from='loc_ProvisionForLoanLeaseAndOtherLosses' xlink:to='loc_ProvisionForLoanAndLeaseLosses' xlink:type='arc' />
<link:calculationArc order='10' weight='1.0' xlink:arcrole='http://www.xbrl.org/2003/arcrole/summation-item' xlink:from='loc_ProvisionForLoanAndLeaseLosses' xlink:to='loc_ProvisionForLoanLossesExpensed' xlink:type='arc' />
<link:calculationArc order='20' weight='1.0' xlink:arcrole='http://www.xbrl.org/2003/arcrole/summation-item' xlink:from='loc_ProvisionForLoanAndLeaseLosses' xlink:to='loc_ProvisionForLeaseLosses' xlink:type='arc' />
<link:calculationArc order='20' weight='1.0' xlink:arcrole='http://www.xbrl.org/2003/arcrole/summation-item' xlink:from='loc_ProvisionForLoanLeaseAndOtherLosses' xlink:to='loc_ProvisionForOtherCreditLosses' xlink:type='arc' />
<link:calculationArc order='30' weight='1.0' xlink:arcrole='http://www.xbrl.org/2003/arcrole/summation-item' xlink:from='loc_ProvisionForLoanLeaseAndOtherLosses' xlink:to='loc_ProvisionForOtherLosses' xlink:type='arc' />
</link:calculationLink>
</link:linkbase>
