<?xml version='1.0' encoding='UTF-8'?>

<!--
(c) XBRL US, Inc. 2007-2010; Financial Accounting Foundation, Inc. 2010-2012.  All Rights Reserved.
Notice: Authorized Uses are Set Forth at http://xbrl.fasb.org/terms/TaxonomiesTermsConditions.html
  -->
<link:linkbase xmlns:link='http://www.xbrl.org/2003/linkbase' xmlns:xbrldt='http://xbrl.org/2005/xbrldt' xmlns:xlink='http://www.w3.org/1999/xlink' xmlns:xsi='http://www.w3.org/2001/XMLSchema-instance' xsi:schemaLocation='http://www.xbrl.org/2003/linkbase http://www.xbrl.org/2003/xbrl-linkbase-2003-12-31.xsd'>
<link:roleRef roleURI='http://fasb.org/us-gaap/role/disclosure/PropertyPlantAndEquipmentScheduleOfSignificantAcquisitionsAndDisposalsTable' xlink:href='../elts/us-roles-2012-01-31.xsd#PropertyPlantAndEquipmentScheduleOfSignificantAcquisitionsAndDisposalsTable' xlink:type='simple' />
<link:arcroleRef arcroleURI='http://xbrl.org/int/dim/arcrole/all' xlink:href='http://www.xbrl.org/2005/xbrldt-2005.xsd#all' xlink:type='simple' />
<link:arcroleRef arcroleURI='http://xbrl.org/int/dim/arcrole/dimension-default' xlink:href='http://www.xbrl.org/2005/xbrldt-2005.xsd#dimension-default' xlink:type='simple' />
<link:arcroleRef arcroleURI='http://xbrl.org/int/dim/arcrole/dimension-domain' xlink:href='http://www.xbrl.org/2005/xbrldt-2005.xsd#dimension-domain' xlink:type='simple' />
<link:arcroleRef arcroleURI='http://xbrl.org/int/dim/arcrole/domain-member' xlink:href='http://www.xbrl.org/2005/xbrldt-2005.xsd#domain-member' xlink:type='simple' />
<link:arcroleRef arcroleURI='http://xbrl.org/int/dim/arcrole/hypercube-dimension' xlink:href='http://www.xbrl.org/2005/xbrldt-2005.xsd#hypercube-dimension' xlink:type='simple' />
<link:roleRef roleURI='http://fasb.org/us-gaap/role/disclosure/PropertyPlantAndEquipmentScheduleOfPropertyPlantAndEquipmentTable' xlink:href='../elts/us-roles-2012-01-31.xsd#PropertyPlantAndEquipmentScheduleOfPropertyPlantAndEquipmentTable' xlink:type='simple' />
<link:roleRef roleURI='http://fasb.org/us-gaap/role/disclosure/PropertyPlantAndEquipmentScheduleOfLongLivedAssetsToBeAbandonedTable' xlink:href='../elts/us-roles-2012-01-31.xsd#PropertyPlantAndEquipmentScheduleOfLongLivedAssetsToBeAbandonedTable' xlink:type='simple' />
<link:roleRef roleURI='http://fasb.org/us-gaap/role/disclosure/PropertyPlantAndEquipmentScheduleOfLongLivedAssetsHeldForSaleTable' xlink:href='../elts/us-roles-2012-01-31.xsd#PropertyPlantAndEquipmentScheduleOfLongLivedAssetsHeldForSaleTable' xlink:type='simple' />
<link:roleRef roleURI='http://fasb.org/us-gaap/role/disclosure/PropertyPlantAndEquipmentScheduleOfImpairedLongLivedAssetsHeldAndUsedTable' xlink:href='../elts/us-roles-2012-01-31.xsd#PropertyPlantAndEquipmentScheduleOfImpairedLongLivedAssetsHeldAndUsedTable' xlink:type='simple' />
<link:roleRef roleURI='http://fasb.org/us-gaap/role/disclosure/PropertyPlantAndEquipmentScheduleOfAssetsDisposedOfByMethodOtherThanSaleInPeriodOfDispositionTable' xlink:href='../elts/us-roles-2012-01-31.xsd#PropertyPlantAndEquipmentScheduleOfAssetsDisposedOfByMethodOtherThanSaleInPeriodOfDispositionTable' xlink:type='simple' />
<link:roleRef roleURI='http://fasb.org/us-gaap/role/disclosure/PropertyPlantAndEquipmentImpairedAssetsToBeDisposedOfByMethodOtherThanSaleTable' xlink:href='../elts/us-roles-2012-01-31.xsd#PropertyPlantAndEquipmentImpairedAssetsToBeDisposedOfByMethodOtherThanSaleTable' xlink:type='simple' />
<link:definitionLink xlink:role='http://fasb.org/us-gaap/role/disclosure/PropertyPlantAndEquipmentImpairedAssetsToBeDisposedOfByMethodOtherThanSaleTable' xlink:type='extended'>
<link:loc xlink:href='../elts/us-gaap-2012-01-31.xsd#us-gaap_ImpairedAssetsToBeDisposedOfByMethodOtherThanSaleLineItems' xlink:label='loc_ImpairedAssetsToBeDisposedOfByMethodOtherThanSaleLineItems' xlink:type='locator' />
<link:loc xlink:href='../elts/us-gaap-2012-01-31.xsd#us-gaap_ImpairedAssetsToBeDisposedOfByMethodOtherThanSaleTable' xlink:label='loc_ImpairedAssetsToBeDisposedOfByMethodOtherThanSaleTable' xlink:type='locator' />
<link:definitionArc order='1.0' xbrldt:closed='true' xbrldt:contextElement='segment' xlink:arcrole='http://xbrl.org/int/dim/arcrole/all' xlink:from='loc_ImpairedAssetsToBeDisposedOfByMethodOtherThanSaleLineItems' xlink:to='loc_ImpairedAssetsToBeDisposedOfByMethodOtherThanSaleTable' xlink:type='arc' />
</link:definitionLink>
<link:definitionLink xlink:role='http://fasb.org/us-gaap/role/disclosure/PropertyPlantAndEquipmentImpairedAssetsToBeDisposedOfByMethodOtherThanSaleTable' xlink:type='extended'>
<link:loc xlink:href='../elts/us-gaap-2012-01-31.xsd#us-gaap_ImpairedAssetsToBeDisposedOfByMethodOtherThanSaleByTypeAxis' xlink:label='loc_ImpairedAssetsToBeDisposedOfByMethodOtherThanSaleByTypeAxis' xlink:type='locator' />
<link:loc xlink:href='../elts/us-gaap-2012-01-31.xsd#us-gaap_ImpairedAssetsToBeDisposedOfByMethodOtherThanSaleAssetNameDomain' xlink:label='loc_ImpairedAssetsToBeDisposedOfByMethodOtherThanSaleAssetNameDomain' xlink:type='locator' />
<link:definitionArc order='1.0' xlink:arcrole='http://xbrl.org/int/dim/arcrole/dimension-default' xlink:from='loc_ImpairedAssetsToBeDisposedOfByMethodOtherThanSaleByTypeAxis' xlink:to='loc_ImpairedAssetsToBeDisposedOfByMethodOtherThanSaleAssetNameDomain' xlink:type='arc' />
</link:definitionLink>
<link:definitionLink xlink:role='http://fasb.org/us-gaap/role/disclosure/PropertyPlantAndEquipmentImpairedAssetsToBeDisposedOfByMethodOtherThanSaleTable' xlink:type='extended'>
<link:loc xlink:href='../elts/us-gaap-2012-01-31.xsd#us-gaap_ImpairedAssetsToBeDisposedOfByMethodOtherThanSaleByTypeAxis' xlink:label='loc_ImpairedAssetsToBeDisposedOfByMethodOtherThanSaleByTypeAxis' xlink:type='locator' />
<link:loc xlink:href='../elts/us-gaap-2012-01-31.xsd#us-gaap_ImpairedAssetsToBeDisposedOfByMethodOtherThanSaleAssetNameDomain' xlink:label='loc_ImpairedAssetsToBeDisposedOfByMethodOtherThanSaleAssetNameDomain' xlink:type='locator' />
<link:definitionArc order='1.0' xlink:arcrole='http://xbrl.org/int/dim/arcrole/dimension-domain' xlink:from='loc_ImpairedAssetsToBeDisposedOfByMethodOtherThanSaleByTypeAxis' xlink:to='loc_ImpairedAssetsToBeDisposedOfByMethodOtherThanSaleAssetNameDomain' xlink:type='arc' />
</link:definitionLink>
<link:definitionLink xlink:role='http://fasb.org/us-gaap/role/disclosure/PropertyPlantAndEquipmentImpairedAssetsToBeDisposedOfByMethodOtherThanSaleTable' xlink:type='extended'>
<link:loc xlink:href='../elts/us-gaap-2012-01-31.xsd#us-gaap_ImpairedAssetsToBeDisposedOfByMethodOtherThanSaleLineItems' xlink:label='loc_ImpairedAssetsToBeDisposedOfByMethodOtherThanSaleLineItems' xlink:type='locator' />
<link:loc xlink:href='../elts/us-gaap-2012-01-31.xsd#us-gaap_ImpairedAssetsToBeDisposedOfByMethodOtherThanSaleCarryingValueOfAsset' xlink:label='loc_ImpairedAssetsToBeDisposedOfByMethodOtherThanSaleCarryingValueOfAsset' xlink:type='locator' />
<link:loc xlink:href='../elts/us-gaap-2012-01-31.xsd#us-gaap_ImpairedAssetsToBeDisposedOfByMethodOtherThanSaleFactsAndCircumstancesLeadingToImpairment' xlink:label='loc_ImpairedAssetsToBeDisposedOfByMethodOtherThanSaleFactsAndCircumstancesLeadingToImpairment' xlink:type='locator' />
<link:loc xlink:href='../elts/us-gaap-2012-01-31.xsd#us-gaap_ImpairedAssetsToBeDisposedOfByMethodOtherThanSaleAmountOfImpairmentLoss' xlink:label='loc_ImpairedAssetsToBeDisposedOfByMethodOtherThanSaleAmountOfImpairmentLoss' xlink:type='locator' />
<link:loc xlink:href='../elts/us-gaap-2012-01-31.xsd#us-gaap_ImpairedAssetsToBeDisposedOfByMethodOtherThanSaleIncomeStatementClassification' xlink:label='loc_ImpairedAssetsToBeDisposedOfByMethodOtherThanSaleIncomeStatementClassification' xlink:type='locator' />
<link:loc xlink:href='../elts/us-gaap-2012-01-31.xsd#us-gaap_ImpairedAssetsToBeDisposedOfByMethodOtherThanSaleMethodForDeterminingFairValue' xlink:label='loc_ImpairedAssetsToBeDisposedOfByMethodOtherThanSaleMethodForDeterminingFairValue' xlink:type='locator' />
<link:loc xlink:href='../elts/us-gaap-2012-01-31.xsd#us-gaap_ImpairedAssetsToBeDisposedOfByMethodOtherThanSaleSegmentClassification' xlink:label='loc_ImpairedAssetsToBeDisposedOfByMethodOtherThanSaleSegmentClassification' xlink:type='locator' />
<link:definitionArc order='1.0' xlink:arcrole='http://xbrl.org/int/dim/arcrole/domain-member' xlink:from='loc_ImpairedAssetsToBeDisposedOfByMethodOtherThanSaleLineItems' xlink:to='loc_ImpairedAssetsToBeDisposedOfByMethodOtherThanSaleCarryingValueOfAsset' xlink:type='arc' />
<link:definitionArc order='2.0' xlink:arcrole='http://xbrl.org/int/dim/arcrole/domain-member' xlink:from='loc_ImpairedAssetsToBeDisposedOfByMethodOtherThanSaleLineItems' xlink:to='loc_ImpairedAssetsToBeDisposedOfByMethodOtherThanSaleFactsAndCircumstancesLeadingToImpairment' xlink:type='arc' />
<link:definitionArc order='3.0' xlink:arcrole='http://xbrl.org/int/dim/arcrole/domain-member' xlink:from='loc_ImpairedAssetsToBeDisposedOfByMethodOtherThanSaleLineItems' xlink:to='loc_ImpairedAssetsToBeDisposedOfByMethodOtherThanSaleAmountOfImpairmentLoss' xlink:type='arc' />
<link:definitionArc order='4.0' xlink:arcrole='http://xbrl.org/int/dim/arcrole/domain-member' xlink:from='loc_ImpairedAssetsToBeDisposedOfByMethodOtherThanSaleLineItems' xlink:to='loc_ImpairedAssetsToBeDisposedOfByMethodOtherThanSaleIncomeStatementClassification' xlink:type='arc' />
<link:definitionArc order='5.0' xlink:arcrole='http://xbrl.org/int/dim/arcrole/domain-member' xlink:from='loc_ImpairedAssetsToBeDisposedOfByMethodOtherThanSaleLineItems' xlink:to='loc_ImpairedAssetsToBeDisposedOfByMethodOtherThanSaleMethodForDeterminingFairValue' xlink:type='arc' />
<link:definitionArc order='6.0' xlink:arcrole='http://xbrl.org/int/dim/arcrole/domain-member' xlink:from='loc_ImpairedAssetsToBeDisposedOfByMethodOtherThanSaleLineItems' xlink:to='loc_ImpairedAssetsToBeDisposedOfByMethodOtherThanSaleSegmentClassification' xlink:type='arc' />
</link:definitionLink>
<link:definitionLink xlink:role='http://fasb.org/us-gaap/role/disclosure/PropertyPlantAndEquipmentImpairedAssetsToBeDisposedOfByMethodOtherThanSaleTable' xlink:type='extended'>
<link:loc xlink:href='../elts/us-gaap-2012-01-31.xsd#us-gaap_ImpairedAssetsToBeDisposedOfByMethodOtherThanSaleTable' xlink:label='loc_ImpairedAssetsToBeDisposedOfByMethodOtherThanSaleTable' xlink:type='locator' />
<link:loc xlink:href='../elts/us-gaap-2012-01-31.xsd#us-gaap_ImpairedAssetsToBeDisposedOfByMethodOtherThanSaleByTypeAxis' xlink:label='loc_ImpairedAssetsToBeDisposedOfByMethodOtherThanSaleByTypeAxis' xlink:type='locator' />
<link:definitionArc order='1.0' xlink:arcrole='http://xbrl.org/int/dim/arcrole/hypercube-dimension' xlink:from='loc_ImpairedAssetsToBeDisposedOfByMethodOtherThanSaleTable' xlink:to='loc_ImpairedAssetsToBeDisposedOfByMethodOtherThanSaleByTypeAxis' xlink:type='arc' />
</link:definitionLink>
<link:definitionLink xlink:role='http://fasb.org/us-gaap/role/disclosure/PropertyPlantAndEquipmentScheduleOfAssetsDisposedOfByMethodOtherThanSaleInPeriodOfDispositionTable' xlink:type='extended'>
<link:loc xlink:href='../elts/us-gaap-2012-01-31.xsd#us-gaap_AssetsDisposedOfByMethodOtherThanSaleInPeriodOfDispositionLineItems' xlink:label='loc_AssetsDisposedOfByMethodOtherThanSaleInPeriodOfDispositionLineItems' xlink:type='locator' />
<link:loc xlink:href='../elts/us-gaap-2012-01-31.xsd#us-gaap_ScheduleOfAssetsDisposedOfByMethodOtherThanSaleInPeriodOfDispositionTable' xlink:label='loc_ScheduleOfAssetsDisposedOfByMethodOtherThanSaleInPeriodOfDispositionTable' xlink:type='locator' />
<link:definitionArc order='1.0' xbrldt:closed='true' xbrldt:contextElement='segment' xlink:arcrole='http://xbrl.org/int/dim/arcrole/all' xlink:from='loc_AssetsDisposedOfByMethodOtherThanSaleInPeriodOfDispositionLineItems' xlink:to='loc_ScheduleOfAssetsDisposedOfByMethodOtherThanSaleInPeriodOfDispositionTable' xlink:type='arc' />
</link:definitionLink>
<link:definitionLink xlink:role='http://fasb.org/us-gaap/role/disclosure/PropertyPlantAndEquipmentScheduleOfAssetsDisposedOfByMethodOtherThanSaleInPeriodOfDispositionTable' xlink:type='extended'>
<link:loc xlink:href='../elts/us-gaap-2012-01-31.xsd#us-gaap_AssetsDisposedOfByMethodOtherThanSaleInPeriodOfDispositionByAssetAxis' xlink:label='loc_AssetsDisposedOfByMethodOtherThanSaleInPeriodOfDispositionByAssetAxis' xlink:type='locator' />
<link:loc xlink:href='../elts/us-gaap-2012-01-31.xsd#us-gaap_AssetsDisposedOfByMethodOtherThanSaleInPeriodOfDispositionAssetNameDomain' xlink:label='loc_AssetsDisposedOfByMethodOtherThanSaleInPeriodOfDispositionAssetNameDomain' xlink:type='locator' />
<link:definitionArc order='1.0' xlink:arcrole='http://xbrl.org/int/dim/arcrole/dimension-default' xlink:from='loc_AssetsDisposedOfByMethodOtherThanSaleInPeriodOfDispositionByAssetAxis' xlink:to='loc_AssetsDisposedOfByMethodOtherThanSaleInPeriodOfDispositionAssetNameDomain' xlink:type='arc' />
</link:definitionLink>
<link:definitionLink xlink:role='http://fasb.org/us-gaap/role/disclosure/PropertyPlantAndEquipmentScheduleOfAssetsDisposedOfByMethodOtherThanSaleInPeriodOfDispositionTable' xlink:type='extended'>
<link:loc xlink:href='../elts/us-gaap-2012-01-31.xsd#us-gaap_AssetsDisposedOfByMethodOtherThanSaleInPeriodOfDispositionByAssetAxis' xlink:label='loc_AssetsDisposedOfByMethodOtherThanSaleInPeriodOfDispositionByAssetAxis' xlink:type='locator' />
<link:loc xlink:href='../elts/us-gaap-2012-01-31.xsd#us-gaap_AssetsDisposedOfByMethodOtherThanSaleInPeriodOfDispositionAssetNameDomain' xlink:label='loc_AssetsDisposedOfByMethodOtherThanSaleInPeriodOfDispositionAssetNameDomain' xlink:type='locator' />
<link:definitionArc order='1.0' xlink:arcrole='http://xbrl.org/int/dim/arcrole/dimension-domain' xlink:from='loc_AssetsDisposedOfByMethodOtherThanSaleInPeriodOfDispositionByAssetAxis' xlink:to='loc_AssetsDisposedOfByMethodOtherThanSaleInPeriodOfDispositionAssetNameDomain' xlink:type='arc' />
</link:definitionLink>
<link:definitionLink xlink:role='http://fasb.org/us-gaap/role/disclosure/PropertyPlantAndEquipmentScheduleOfAssetsDisposedOfByMethodOtherThanSaleInPeriodOfDispositionTable' xlink:type='extended'>
<link:loc xlink:href='../elts/us-gaap-2012-01-31.xsd#us-gaap_AssetsDisposedOfByMethodOtherThanSaleInPeriodOfDispositionLineItems' xlink:label='loc_AssetsDisposedOfByMethodOtherThanSaleInPeriodOfDispositionLineItems' xlink:type='locator' />
<link:loc xlink:href='../elts/us-gaap-2012-01-31.xsd#us-gaap_AssetsDisposedOfByMethodOtherThanSaleInPeriodOfDispositionGainLossOnDisposition1' xlink:label='loc_AssetsDisposedOfByMethodOtherThanSaleInPeriodOfDispositionGainLossOnDisposition1' xlink:type='locator' />
<link:loc xlink:href='../elts/us-gaap-2012-01-31.xsd#us-gaap_AssetsDisposedOfByMethodOtherThanSaleInPeriodOfDispositionIncomeStatementClassificationOfGainLossOnDisposal' xlink:label='loc_AssetsDisposedOfByMethodOtherThanSaleInPeriodOfDispositionIncomeStatementClassificationOfGainLossOnDisposal' xlink:type='locator' />
<link:loc xlink:href='../elts/us-gaap-2012-01-31.xsd#us-gaap_AssetsDisposedOfByMethodOtherThanSaleInPeriodOfDispositionMethodOfDisposal' xlink:label='loc_AssetsDisposedOfByMethodOtherThanSaleInPeriodOfDispositionMethodOfDisposal' xlink:type='locator' />
<link:loc xlink:href='../elts/us-gaap-2012-01-31.xsd#us-gaap_AssetsDisposedOfByMethodOtherThanSaleInPeriodOfDispositionSegmentClassification' xlink:label='loc_AssetsDisposedOfByMethodOtherThanSaleInPeriodOfDispositionSegmentClassification' xlink:type='locator' />
<link:definitionArc order='1.0' xlink:arcrole='http://xbrl.org/int/dim/arcrole/domain-member' xlink:from='loc_AssetsDisposedOfByMethodOtherThanSaleInPeriodOfDispositionLineItems' xlink:to='loc_AssetsDisposedOfByMethodOtherThanSaleInPeriodOfDispositionGainLossOnDisposition1' xlink:type='arc' />
<link:definitionArc order='2.0' xlink:arcrole='http://xbrl.org/int/dim/arcrole/domain-member' xlink:from='loc_AssetsDisposedOfByMethodOtherThanSaleInPeriodOfDispositionLineItems' xlink:to='loc_AssetsDisposedOfByMethodOtherThanSaleInPeriodOfDispositionIncomeStatementClassificationOfGainLossOnDisposal' xlink:type='arc' />
<link:definitionArc order='3.0' xlink:arcrole='http://xbrl.org/int/dim/arcrole/domain-member' xlink:from='loc_AssetsDisposedOfByMethodOtherThanSaleInPeriodOfDispositionLineItems' xlink:to='loc_AssetsDisposedOfByMethodOtherThanSaleInPeriodOfDispositionMethodOfDisposal' xlink:type='arc' />
<link:definitionArc order='4.0' xlink:arcrole='http://xbrl.org/int/dim/arcrole/domain-member' xlink:from='loc_AssetsDisposedOfByMethodOtherThanSaleInPeriodOfDispositionLineItems' xlink:to='loc_AssetsDisposedOfByMethodOtherThanSaleInPeriodOfDispositionSegmentClassification' xlink:type='arc' />
</link:definitionLink>
<link:definitionLink xlink:role='http://fasb.org/us-gaap/role/disclosure/PropertyPlantAndEquipmentScheduleOfAssetsDisposedOfByMethodOtherThanSaleInPeriodOfDispositionTable' xlink:type='extended'>
<link:loc xlink:href='../elts/us-gaap-2012-01-31.xsd#us-gaap_ScheduleOfAssetsDisposedOfByMethodOtherThanSaleInPeriodOfDispositionTable' xlink:label='loc_ScheduleOfAssetsDisposedOfByMethodOtherThanSaleInPeriodOfDispositionTable' xlink:type='locator' />
<link:loc xlink:href='../elts/us-gaap-2012-01-31.xsd#us-gaap_AssetsDisposedOfByMethodOtherThanSaleInPeriodOfDispositionByAssetAxis' xlink:label='loc_AssetsDisposedOfByMethodOtherThanSaleInPeriodOfDispositionByAssetAxis' xlink:type='locator' />
<link:definitionArc order='1.0' xlink:arcrole='http://xbrl.org/int/dim/arcrole/hypercube-dimension' xlink:from='loc_ScheduleOfAssetsDisposedOfByMethodOtherThanSaleInPeriodOfDispositionTable' xlink:to='loc_AssetsDisposedOfByMethodOtherThanSaleInPeriodOfDispositionByAssetAxis' xlink:type='arc' />
</link:definitionLink>
<link:definitionLink xlink:role='http://fasb.org/us-gaap/role/disclosure/PropertyPlantAndEquipmentScheduleOfImpairedLongLivedAssetsHeldAndUsedTable' xlink:type='extended'>
<link:loc xlink:href='../elts/us-gaap-2012-01-31.xsd#us-gaap_ImpairedLongLivedAssetsHeldAndUsedLineItems' xlink:label='loc_ImpairedLongLivedAssetsHeldAndUsedLineItems' xlink:type='locator' />
<link:loc xlink:href='../elts/us-gaap-2012-01-31.xsd#us-gaap_ScheduleOfImpairedLongLivedAssetsHeldAndUsedTable' xlink:label='loc_ScheduleOfImpairedLongLivedAssetsHeldAndUsedTable' xlink:type='locator' />
<link:definitionArc order='1.0' xbrldt:closed='true' xbrldt:contextElement='segment' xlink:arcrole='http://xbrl.org/int/dim/arcrole/all' xlink:from='loc_ImpairedLongLivedAssetsHeldAndUsedLineItems' xlink:to='loc_ScheduleOfImpairedLongLivedAssetsHeldAndUsedTable' xlink:type='arc' />
</link:definitionLink>
<link:definitionLink xlink:role='http://fasb.org/us-gaap/role/disclosure/PropertyPlantAndEquipmentScheduleOfImpairedLongLivedAssetsHeldAndUsedTable' xlink:type='extended'>
<link:loc xlink:href='../elts/us-gaap-2012-01-31.xsd#us-gaap_ImpairedLongLivedAssetsHeldAndUsedByTypeAxis' xlink:label='loc_ImpairedLongLivedAssetsHeldAndUsedByTypeAxis' xlink:type='locator' />
<link:loc xlink:href='../elts/us-gaap-2012-01-31.xsd#us-gaap_ImpairedLongLivedAssetsHeldAndUsedAssetNameDomain' xlink:label='loc_ImpairedLongLivedAssetsHeldAndUsedAssetNameDomain' xlink:type='locator' />
<link:definitionArc order='1.0' xlink:arcrole='http://xbrl.org/int/dim/arcrole/dimension-default' xlink:from='loc_ImpairedLongLivedAssetsHeldAndUsedByTypeAxis' xlink:to='loc_ImpairedLongLivedAssetsHeldAndUsedAssetNameDomain' xlink:type='arc' />
</link:definitionLink>
<link:definitionLink xlink:role='http://fasb.org/us-gaap/role/disclosure/PropertyPlantAndEquipmentScheduleOfImpairedLongLivedAssetsHeldAndUsedTable' xlink:type='extended'>
<link:loc xlink:href='../elts/us-gaap-2012-01-31.xsd#us-gaap_ImpairedLongLivedAssetsHeldAndUsedByTypeAxis' xlink:label='loc_ImpairedLongLivedAssetsHeldAndUsedByTypeAxis' xlink:type='locator' />
<link:loc xlink:href='../elts/us-gaap-2012-01-31.xsd#us-gaap_ImpairedLongLivedAssetsHeldAndUsedAssetNameDomain' xlink:label='loc_ImpairedLongLivedAssetsHeldAndUsedAssetNameDomain' xlink:type='locator' />
<link:definitionArc order='1.0' xlink:arcrole='http://xbrl.org/int/dim/arcrole/dimension-domain' xlink:from='loc_ImpairedLongLivedAssetsHeldAndUsedByTypeAxis' xlink:to='loc_ImpairedLongLivedAssetsHeldAndUsedAssetNameDomain' xlink:type='arc' />
</link:definitionLink>
<link:definitionLink xlink:role='http://fasb.org/us-gaap/role/disclosure/PropertyPlantAndEquipmentScheduleOfImpairedLongLivedAssetsHeldAndUsedTable' xlink:type='extended'>
<link:loc xlink:href='../elts/us-gaap-2012-01-31.xsd#us-gaap_ImpairedLongLivedAssetsHeldAndUsedLineItems' xlink:label='loc_ImpairedLongLivedAssetsHeldAndUsedLineItems' xlink:type='locator' />
<link:loc xlink:href='../elts/us-gaap-2012-01-31.xsd#us-gaap_ImpairedLongLivedAssetsHeldAndUsedAssetDescription' xlink:label='loc_ImpairedLongLivedAssetsHeldAndUsedAssetDescription' xlink:type='locator' />
<link:loc xlink:href='../elts/us-gaap-2012-01-31.xsd#us-gaap_ImpairedLongLivedAssetsHeldAndUsedFactsAndCircumstancesLeadingToImpairment' xlink:label='loc_ImpairedLongLivedAssetsHeldAndUsedFactsAndCircumstancesLeadingToImpairment' xlink:type='locator' />
<link:loc xlink:href='../elts/us-gaap-2012-01-31.xsd#us-gaap_ImpairmentOfLongLivedAssetsHeldForUse' xlink:label='loc_ImpairmentOfLongLivedAssetsHeldForUse' xlink:type='locator' />
<link:loc xlink:href='../elts/us-gaap-2012-01-31.xsd#us-gaap_ImpairedLongLivedAssetsHeldAndUsedIncomeStatementClassification' xlink:label='loc_ImpairedLongLivedAssetsHeldAndUsedIncomeStatementClassification' xlink:type='locator' />
<link:loc xlink:href='../elts/us-gaap-2012-01-31.xsd#us-gaap_ImpairedLongLivedAssetsHeldAndUsedMethodForDeterminingFairValue' xlink:label='loc_ImpairedLongLivedAssetsHeldAndUsedMethodForDeterminingFairValue' xlink:type='locator' />
<link:loc xlink:href='../elts/us-gaap-2012-01-31.xsd#us-gaap_ImpairedLongLivedAssetsHeldAndUsedSegmentClassification' xlink:label='loc_ImpairedLongLivedAssetsHeldAndUsedSegmentClassification' xlink:type='locator' />
<link:definitionArc order='1.0' xlink:arcrole='http://xbrl.org/int/dim/arcrole/domain-member' xlink:from='loc_ImpairedLongLivedAssetsHeldAndUsedLineItems' xlink:to='loc_ImpairedLongLivedAssetsHeldAndUsedAssetDescription' xlink:type='arc' />
<link:definitionArc order='2.0' xlink:arcrole='http://xbrl.org/int/dim/arcrole/domain-member' xlink:from='loc_ImpairedLongLivedAssetsHeldAndUsedLineItems' xlink:to='loc_ImpairedLongLivedAssetsHeldAndUsedFactsAndCircumstancesLeadingToImpairment' xlink:type='arc' />
<link:definitionArc order='3.0' xlink:arcrole='http://xbrl.org/int/dim/arcrole/domain-member' xlink:from='loc_ImpairedLongLivedAssetsHeldAndUsedLineItems' xlink:to='loc_ImpairmentOfLongLivedAssetsHeldForUse' xlink:type='arc' />
<link:definitionArc order='4.0' xlink:arcrole='http://xbrl.org/int/dim/arcrole/domain-member' xlink:from='loc_ImpairedLongLivedAssetsHeldAndUsedLineItems' xlink:to='loc_ImpairedLongLivedAssetsHeldAndUsedIncomeStatementClassification' xlink:type='arc' />
<link:definitionArc order='5.0' xlink:arcrole='http://xbrl.org/int/dim/arcrole/domain-member' xlink:from='loc_ImpairedLongLivedAssetsHeldAndUsedLineItems' xlink:to='loc_ImpairedLongLivedAssetsHeldAndUsedMethodForDeterminingFairValue' xlink:type='arc' />
<link:definitionArc order='6.0' xlink:arcrole='http://xbrl.org/int/dim/arcrole/domain-member' xlink:from='loc_ImpairedLongLivedAssetsHeldAndUsedLineItems' xlink:to='loc_ImpairedLongLivedAssetsHeldAndUsedSegmentClassification' xlink:type='arc' />
</link:definitionLink>
<link:definitionLink xlink:role='http://fasb.org/us-gaap/role/disclosure/PropertyPlantAndEquipmentScheduleOfImpairedLongLivedAssetsHeldAndUsedTable' xlink:type='extended'>
<link:loc xlink:href='../elts/us-gaap-2012-01-31.xsd#us-gaap_ScheduleOfImpairedLongLivedAssetsHeldAndUsedTable' xlink:label='loc_ScheduleOfImpairedLongLivedAssetsHeldAndUsedTable' xlink:type='locator' />
<link:loc xlink:href='../elts/us-gaap-2012-01-31.xsd#us-gaap_ImpairedLongLivedAssetsHeldAndUsedByTypeAxis' xlink:label='loc_ImpairedLongLivedAssetsHeldAndUsedByTypeAxis' xlink:type='locator' />
<link:definitionArc order='1.0' xlink:arcrole='http://xbrl.org/int/dim/arcrole/hypercube-dimension' xlink:from='loc_ScheduleOfImpairedLongLivedAssetsHeldAndUsedTable' xlink:to='loc_ImpairedLongLivedAssetsHeldAndUsedByTypeAxis' xlink:type='arc' />
</link:definitionLink>
<link:definitionLink xlink:role='http://fasb.org/us-gaap/role/disclosure/PropertyPlantAndEquipmentScheduleOfLongLivedAssetsHeldForSaleTable' xlink:type='extended'>
<link:loc xlink:href='../elts/us-gaap-2012-01-31.xsd#us-gaap_LongLivedAssetsHeldForSaleLineItems' xlink:label='loc_LongLivedAssetsHeldForSaleLineItems' xlink:type='locator' />
<link:loc xlink:href='../elts/us-gaap-2012-01-31.xsd#us-gaap_ScheduleOfLongLivedAssetsHeldForSaleTable' xlink:label='loc_ScheduleOfLongLivedAssetsHeldForSaleTable' xlink:type='locator' />
<link:definitionArc order='1.0' xbrldt:closed='true' xbrldt:contextElement='segment' xlink:arcrole='http://xbrl.org/int/dim/arcrole/all' xlink:from='loc_LongLivedAssetsHeldForSaleLineItems' xlink:to='loc_ScheduleOfLongLivedAssetsHeldForSaleTable' xlink:type='arc' />
</link:definitionLink>
<link:definitionLink xlink:role='http://fasb.org/us-gaap/role/disclosure/PropertyPlantAndEquipmentScheduleOfLongLivedAssetsHeldForSaleTable' xlink:type='extended'>
<link:loc xlink:href='../elts/us-gaap-2012-01-31.xsd#us-gaap_LongLivedAssetsHeldForSaleByAssetTypeAxis' xlink:label='loc_LongLivedAssetsHeldForSaleByAssetTypeAxis' xlink:type='locator' />
<link:loc xlink:href='../elts/us-gaap-2012-01-31.xsd#us-gaap_LongLivedAssetsHeldForSaleNameDomain' xlink:label='loc_LongLivedAssetsHeldForSaleNameDomain' xlink:type='locator' />
<link:definitionArc order='1.0' xlink:arcrole='http://xbrl.org/int/dim/arcrole/dimension-default' xlink:from='loc_LongLivedAssetsHeldForSaleByAssetTypeAxis' xlink:to='loc_LongLivedAssetsHeldForSaleNameDomain' xlink:type='arc' />
</link:definitionLink>
<link:definitionLink xlink:role='http://fasb.org/us-gaap/role/disclosure/PropertyPlantAndEquipmentScheduleOfLongLivedAssetsHeldForSaleTable' xlink:type='extended'>
<link:loc xlink:href='../elts/us-gaap-2012-01-31.xsd#us-gaap_LongLivedAssetsHeldForSaleByAssetTypeAxis' xlink:label='loc_LongLivedAssetsHeldForSaleByAssetTypeAxis' xlink:type='locator' />
<link:loc xlink:href='../elts/us-gaap-2012-01-31.xsd#us-gaap_LongLivedAssetsHeldForSaleNameDomain' xlink:label='loc_LongLivedAssetsHeldForSaleNameDomain' xlink:type='locator' />
<link:definitionArc order='1.0' xlink:arcrole='http://xbrl.org/int/dim/arcrole/dimension-domain' xlink:from='loc_LongLivedAssetsHeldForSaleByAssetTypeAxis' xlink:to='loc_LongLivedAssetsHeldForSaleNameDomain' xlink:type='arc' />
</link:definitionLink>
<link:definitionLink xlink:role='http://fasb.org/us-gaap/role/disclosure/PropertyPlantAndEquipmentScheduleOfLongLivedAssetsHeldForSaleTable' xlink:type='extended'>
<link:loc xlink:href='../elts/us-gaap-2012-01-31.xsd#us-gaap_LongLivedAssetsHeldForSaleLineItems' xlink:label='loc_LongLivedAssetsHeldForSaleLineItems' xlink:type='locator' />
<link:loc xlink:href='../elts/us-gaap-2012-01-31.xsd#us-gaap_LongLivedAssetsHeldForSaleDescription' xlink:label='loc_LongLivedAssetsHeldForSaleDescription' xlink:type='locator' />
<link:loc xlink:href='../elts/us-gaap-2012-01-31.xsd#us-gaap_AssetsHeldForSaleLongLived' xlink:label='loc_AssetsHeldForSaleLongLived' xlink:type='locator' />
<link:loc xlink:href='../elts/us-gaap-2012-01-31.xsd#us-gaap_LongLivedAssetsHeldForSaleImpairmentCharge' xlink:label='loc_LongLivedAssetsHeldForSaleImpairmentCharge' xlink:type='locator' />
<link:loc xlink:href='../elts/us-gaap-2012-01-31.xsd#us-gaap_LongLivedAssetsHeldForSaleProceedsFromSale' xlink:label='loc_LongLivedAssetsHeldForSaleProceedsFromSale' xlink:type='locator' />
<link:loc xlink:href='../elts/us-gaap-2012-01-31.xsd#us-gaap_LongLivedAssetsHeldForSaleGainLossOnSale' xlink:label='loc_LongLivedAssetsHeldForSaleGainLossOnSale' xlink:type='locator' />
<link:definitionArc order='1.0' xlink:arcrole='http://xbrl.org/int/dim/arcrole/domain-member' xlink:from='loc_LongLivedAssetsHeldForSaleLineItems' xlink:to='loc_LongLivedAssetsHeldForSaleDescription' xlink:type='arc' />
<link:definitionArc order='2.0' xlink:arcrole='http://xbrl.org/int/dim/arcrole/domain-member' xlink:from='loc_LongLivedAssetsHeldForSaleLineItems' xlink:to='loc_AssetsHeldForSaleLongLived' xlink:type='arc' />
<link:definitionArc order='3.0' xlink:arcrole='http://xbrl.org/int/dim/arcrole/domain-member' xlink:from='loc_LongLivedAssetsHeldForSaleLineItems' xlink:to='loc_LongLivedAssetsHeldForSaleImpairmentCharge' xlink:type='arc' />
<link:definitionArc order='4.0' xlink:arcrole='http://xbrl.org/int/dim/arcrole/domain-member' xlink:from='loc_LongLivedAssetsHeldForSaleLineItems' xlink:to='loc_LongLivedAssetsHeldForSaleProceedsFromSale' xlink:type='arc' />
<link:definitionArc order='5.0' xlink:arcrole='http://xbrl.org/int/dim/arcrole/domain-member' xlink:from='loc_LongLivedAssetsHeldForSaleLineItems' xlink:to='loc_LongLivedAssetsHeldForSaleGainLossOnSale' xlink:type='arc' />
</link:definitionLink>
<link:definitionLink xlink:role='http://fasb.org/us-gaap/role/disclosure/PropertyPlantAndEquipmentScheduleOfLongLivedAssetsHeldForSaleTable' xlink:type='extended'>
<link:loc xlink:href='../elts/us-gaap-2012-01-31.xsd#us-gaap_ScheduleOfLongLivedAssetsHeldForSaleTable' xlink:label='loc_ScheduleOfLongLivedAssetsHeldForSaleTable' xlink:type='locator' />
<link:loc xlink:href='../elts/us-gaap-2012-01-31.xsd#us-gaap_LongLivedAssetsHeldForSaleByAssetTypeAxis' xlink:label='loc_LongLivedAssetsHeldForSaleByAssetTypeAxis' xlink:type='locator' />
<link:definitionArc order='1.0' xlink:arcrole='http://xbrl.org/int/dim/arcrole/hypercube-dimension' xlink:from='loc_ScheduleOfLongLivedAssetsHeldForSaleTable' xlink:to='loc_LongLivedAssetsHeldForSaleByAssetTypeAxis' xlink:type='arc' />
</link:definitionLink>
<link:definitionLink xlink:role='http://fasb.org/us-gaap/role/disclosure/PropertyPlantAndEquipmentScheduleOfLongLivedAssetsToBeAbandonedTable' xlink:type='extended'>
<link:loc xlink:href='../elts/us-gaap-2012-01-31.xsd#us-gaap_LongLivedAssetsToBeAbandonedLineItems' xlink:label='loc_LongLivedAssetsToBeAbandonedLineItems' xlink:type='locator' />
<link:loc xlink:href='../elts/us-gaap-2012-01-31.xsd#us-gaap_ScheduleOfLongLivedAssetsToBeAbandonedTable' xlink:label='loc_ScheduleOfLongLivedAssetsToBeAbandonedTable' xlink:type='locator' />
<link:definitionArc order='1.0' xbrldt:closed='true' xbrldt:contextElement='segment' xlink:arcrole='http://xbrl.org/int/dim/arcrole/all' xlink:from='loc_LongLivedAssetsToBeAbandonedLineItems' xlink:to='loc_ScheduleOfLongLivedAssetsToBeAbandonedTable' xlink:type='arc' />
</link:definitionLink>
<link:definitionLink xlink:role='http://fasb.org/us-gaap/role/disclosure/PropertyPlantAndEquipmentScheduleOfLongLivedAssetsToBeAbandonedTable' xlink:type='extended'>
<link:loc xlink:href='../elts/us-gaap-2012-01-31.xsd#us-gaap_LongLivedAssetsToBeAbandonedByAssetAxis' xlink:label='loc_LongLivedAssetsToBeAbandonedByAssetAxis' xlink:type='locator' />
<link:loc xlink:href='../elts/us-gaap-2012-01-31.xsd#us-gaap_LongLivedAssetsToBeAbandonedAssetNameDomain' xlink:label='loc_LongLivedAssetsToBeAbandonedAssetNameDomain' xlink:type='locator' />
<link:definitionArc order='1.0' xlink:arcrole='http://xbrl.org/int/dim/arcrole/dimension-default' xlink:from='loc_LongLivedAssetsToBeAbandonedByAssetAxis' xlink:to='loc_LongLivedAssetsToBeAbandonedAssetNameDomain' xlink:type='arc' />
</link:definitionLink>
<link:definitionLink xlink:role='http://fasb.org/us-gaap/role/disclosure/PropertyPlantAndEquipmentScheduleOfLongLivedAssetsToBeAbandonedTable' xlink:type='extended'>
<link:loc xlink:href='../elts/us-gaap-2012-01-31.xsd#us-gaap_LongLivedAssetsToBeAbandonedByAssetAxis' xlink:label='loc_LongLivedAssetsToBeAbandonedByAssetAxis' xlink:type='locator' />
<link:loc xlink:href='../elts/us-gaap-2012-01-31.xsd#us-gaap_LongLivedAssetsToBeAbandonedAssetNameDomain' xlink:label='loc_LongLivedAssetsToBeAbandonedAssetNameDomain' xlink:type='locator' />
<link:definitionArc order='1.0' xlink:arcrole='http://xbrl.org/int/dim/arcrole/dimension-domain' xlink:from='loc_LongLivedAssetsToBeAbandonedByAssetAxis' xlink:to='loc_LongLivedAssetsToBeAbandonedAssetNameDomain' xlink:type='arc' />
</link:definitionLink>
<link:definitionLink xlink:role='http://fasb.org/us-gaap/role/disclosure/PropertyPlantAndEquipmentScheduleOfLongLivedAssetsToBeAbandonedTable' xlink:type='extended'>
<link:loc xlink:href='../elts/us-gaap-2012-01-31.xsd#us-gaap_LongLivedAssetsToBeAbandonedLineItems' xlink:label='loc_LongLivedAssetsToBeAbandonedLineItems' xlink:type='locator' />
<link:loc xlink:href='../elts/us-gaap-2012-01-31.xsd#us-gaap_LongLivedAssetsToBeAbandonedCircumstancesLeadingToPlannedAbandonment' xlink:label='loc_LongLivedAssetsToBeAbandonedCircumstancesLeadingToPlannedAbandonment' xlink:type='locator' />
<link:loc xlink:href='../elts/us-gaap-2012-01-31.xsd#us-gaap_LongLivedAssetsToBeAbandonedCarryingValueOfAsset' xlink:label='loc_LongLivedAssetsToBeAbandonedCarryingValueOfAsset' xlink:type='locator' />
<link:loc xlink:href='../elts/us-gaap-2012-01-31.xsd#us-gaap_LongLivedAssetsToBeAbandonedTimingOfExpectedDisposition' xlink:label='loc_LongLivedAssetsToBeAbandonedTimingOfExpectedDisposition' xlink:type='locator' />
<link:definitionArc order='1.0' xlink:arcrole='http://xbrl.org/int/dim/arcrole/domain-member' xlink:from='loc_LongLivedAssetsToBeAbandonedLineItems' xlink:to='loc_LongLivedAssetsToBeAbandonedCircumstancesLeadingToPlannedAbandonment' xlink:type='arc' />
<link:definitionArc order='2.0' xlink:arcrole='http://xbrl.org/int/dim/arcrole/domain-member' xlink:from='loc_LongLivedAssetsToBeAbandonedLineItems' xlink:to='loc_LongLivedAssetsToBeAbandonedCarryingValueOfAsset' xlink:type='arc' />
<link:definitionArc order='3.0' xlink:arcrole='http://xbrl.org/int/dim/arcrole/domain-member' xlink:from='loc_LongLivedAssetsToBeAbandonedLineItems' xlink:to='loc_LongLivedAssetsToBeAbandonedTimingOfExpectedDisposition' xlink:type='arc' />
</link:definitionLink>
<link:definitionLink xlink:role='http://fasb.org/us-gaap/role/disclosure/PropertyPlantAndEquipmentScheduleOfLongLivedAssetsToBeAbandonedTable' xlink:type='extended'>
<link:loc xlink:href='../elts/us-gaap-2012-01-31.xsd#us-gaap_ScheduleOfLongLivedAssetsToBeAbandonedTable' xlink:label='loc_ScheduleOfLongLivedAssetsToBeAbandonedTable' xlink:type='locator' />
<link:loc xlink:href='../elts/us-gaap-2012-01-31.xsd#us-gaap_LongLivedAssetsToBeAbandonedByAssetAxis' xlink:label='loc_LongLivedAssetsToBeAbandonedByAssetAxis' xlink:type='locator' />
<link:definitionArc order='1.0' xlink:arcrole='http://xbrl.org/int/dim/arcrole/hypercube-dimension' xlink:from='loc_ScheduleOfLongLivedAssetsToBeAbandonedTable' xlink:to='loc_LongLivedAssetsToBeAbandonedByAssetAxis' xlink:type='arc' />
</link:definitionLink>
<link:definitionLink xlink:role='http://fasb.org/us-gaap/role/disclosure/PropertyPlantAndEquipmentScheduleOfPropertyPlantAndEquipmentTable' xlink:type='extended'>
<link:loc xlink:href='../elts/us-gaap-2012-01-31.xsd#us-gaap_PropertyPlantAndEquipmentLineItems' xlink:label='loc_PropertyPlantAndEquipmentLineItems' xlink:type='locator' />
<link:loc xlink:href='../elts/us-gaap-2012-01-31.xsd#us-gaap_ScheduleOfPropertyPlantAndEquipmentTable' xlink:label='loc_ScheduleOfPropertyPlantAndEquipmentTable' xlink:type='locator' />
<link:definitionArc order='1.0' xbrldt:closed='true' xbrldt:contextElement='segment' xlink:arcrole='http://xbrl.org/int/dim/arcrole/all' xlink:from='loc_PropertyPlantAndEquipmentLineItems' xlink:to='loc_ScheduleOfPropertyPlantAndEquipmentTable' xlink:type='arc' />
</link:definitionLink>
<link:definitionLink xlink:role='http://fasb.org/us-gaap/role/disclosure/PropertyPlantAndEquipmentScheduleOfPropertyPlantAndEquipmentTable' xlink:type='extended'>
<link:loc xlink:href='../elts/us-gaap-2012-01-31.xsd#us-gaap_PropertyPlantAndEquipmentByTypeAxis' xlink:label='loc_PropertyPlantAndEquipmentByTypeAxis' xlink:type='locator' />
<link:loc xlink:href='../elts/us-gaap-2012-01-31.xsd#us-gaap_PropertyPlantAndEquipmentTypeDomain' xlink:label='loc_PropertyPlantAndEquipmentTypeDomain' xlink:type='locator' />
<link:loc xlink:href='../elts/us-gaap-2012-01-31.xsd#us-gaap_RangeAxis' xlink:label='loc_RangeAxis' xlink:type='locator' />
<link:loc xlink:href='../elts/us-gaap-2012-01-31.xsd#us-gaap_RangeMember' xlink:label='loc_RangeMember' xlink:type='locator' />
<link:definitionArc order='1.0' xlink:arcrole='http://xbrl.org/int/dim/arcrole/dimension-default' xlink:from='loc_PropertyPlantAndEquipmentByTypeAxis' xlink:to='loc_PropertyPlantAndEquipmentTypeDomain' xlink:type='arc' />
<link:definitionArc order='2.0' xlink:arcrole='http://xbrl.org/int/dim/arcrole/dimension-default' xlink:from='loc_RangeAxis' xlink:to='loc_RangeMember' xlink:type='arc' />
</link:definitionLink>
<link:definitionLink xlink:role='http://fasb.org/us-gaap/role/disclosure/PropertyPlantAndEquipmentScheduleOfPropertyPlantAndEquipmentTable' xlink:type='extended'>
<link:loc xlink:href='../elts/us-gaap-2012-01-31.xsd#us-gaap_PropertyPlantAndEquipmentByTypeAxis' xlink:label='loc_PropertyPlantAndEquipmentByTypeAxis' xlink:type='locator' />
<link:loc xlink:href='../elts/us-gaap-2012-01-31.xsd#us-gaap_PropertyPlantAndEquipmentTypeDomain' xlink:label='loc_PropertyPlantAndEquipmentTypeDomain' xlink:type='locator' />
<link:loc xlink:href='../elts/us-gaap-2012-01-31.xsd#us-gaap_RangeAxis' xlink:label='loc_RangeAxis' xlink:type='locator' />
<link:loc xlink:href='../elts/us-gaap-2012-01-31.xsd#us-gaap_RangeMember' xlink:label='loc_RangeMember' xlink:type='locator' />
<link:definitionArc order='1.0' xlink:arcrole='http://xbrl.org/int/dim/arcrole/dimension-domain' xlink:from='loc_PropertyPlantAndEquipmentByTypeAxis' xlink:to='loc_PropertyPlantAndEquipmentTypeDomain' xlink:type='arc' />
<link:definitionArc order='2.0' xlink:arcrole='http://xbrl.org/int/dim/arcrole/dimension-domain' xlink:from='loc_RangeAxis' xlink:to='loc_RangeMember' xlink:type='arc' />
</link:definitionLink>
<link:definitionLink xlink:role='http://fasb.org/us-gaap/role/disclosure/PropertyPlantAndEquipmentScheduleOfPropertyPlantAndEquipmentTable' xlink:type='extended'>
<link:loc xlink:href='../elts/us-gaap-2012-01-31.xsd#us-gaap_PropertyPlantAndEquipmentTypeDomain' xlink:label='loc_PropertyPlantAndEquipmentTypeDomain' xlink:type='locator' />
<link:loc xlink:href='../elts/us-gaap-2012-01-31.xsd#us-gaap_LandAndBuildingMember' xlink:label='loc_LandAndBuildingMember' xlink:type='locator' />
<link:loc xlink:href='../elts/us-gaap-2012-01-31.xsd#us-gaap_LandMember' xlink:label='loc_LandMember' xlink:type='locator' />
<link:loc xlink:href='../elts/us-gaap-2012-01-31.xsd#us-gaap_LandImprovementsMember' xlink:label='loc_LandImprovementsMember' xlink:type='locator' />
<link:loc xlink:href='../elts/us-gaap-2012-01-31.xsd#us-gaap_LeaseholdImprovementsMember' xlink:label='loc_LeaseholdImprovementsMember' xlink:type='locator' />
<link:loc xlink:href='../elts/us-gaap-2012-01-31.xsd#us-gaap_BuildingMember' xlink:label='loc_BuildingMember' xlink:type='locator' />
<link:loc xlink:href='../elts/us-gaap-2012-01-31.xsd#us-gaap_BuildingImprovementsMember' xlink:label='loc_BuildingImprovementsMember' xlink:type='locator' />
<link:loc xlink:href='../elts/us-gaap-2012-01-31.xsd#us-gaap_ManufacturingFacilityMember' xlink:label='loc_ManufacturingFacilityMember' xlink:type='locator' />
<link:loc xlink:href='../elts/us-gaap-2012-01-31.xsd#us-gaap_LandAndLandImprovementsMember' xlink:label='loc_LandAndLandImprovementsMember' xlink:type='locator' />
<link:loc xlink:href='../elts/us-gaap-2012-01-31.xsd#us-gaap_LeaseholdsAndLeaseholdImprovementsMember' xlink:label='loc_LeaseholdsAndLeaseholdImprovementsMember' xlink:type='locator' />
<link:loc xlink:href='../elts/us-gaap-2012-01-31.xsd#us-gaap_BuildingAndBuildingImprovementsMember' xlink:label='loc_BuildingAndBuildingImprovementsMember' xlink:type='locator' />
<link:loc xlink:href='../elts/us-gaap-2012-01-31.xsd#us-gaap_LandBuildingsAndImprovementsMember' xlink:label='loc_LandBuildingsAndImprovementsMember' xlink:type='locator' />
<link:loc xlink:href='../elts/us-gaap-2012-01-31.xsd#us-gaap_MachineryAndEquipmentMember' xlink:label='loc_MachineryAndEquipmentMember' xlink:type='locator' />
<link:loc xlink:href='../elts/us-gaap-2012-01-31.xsd#us-gaap_ToolsDiesAndMoldsMember' xlink:label='loc_ToolsDiesAndMoldsMember' xlink:type='locator' />
<link:loc xlink:href='../elts/us-gaap-2012-01-31.xsd#us-gaap_TechnologyEquipmentMember' xlink:label='loc_TechnologyEquipmentMember' xlink:type='locator' />
<link:loc xlink:href='../elts/us-gaap-2012-01-31.xsd#us-gaap_ComputerEquipmentMember' xlink:label='loc_ComputerEquipmentMember' xlink:type='locator' />
<link:loc xlink:href='../elts/us-gaap-2012-01-31.xsd#us-gaap_OfficeEquipmentMember' xlink:label='loc_OfficeEquipmentMember' xlink:type='locator' />
<link:loc xlink:href='../elts/us-gaap-2012-01-31.xsd#us-gaap_EquipmentMember' xlink:label='loc_EquipmentMember' xlink:type='locator' />
<link:loc xlink:href='../elts/us-gaap-2012-01-31.xsd#us-gaap_OtherMachineryAndEquipmentMember' xlink:label='loc_OtherMachineryAndEquipmentMember' xlink:type='locator' />
<link:loc xlink:href='../elts/us-gaap-2012-01-31.xsd#us-gaap_TransportationEquipmentMember' xlink:label='loc_TransportationEquipmentMember' xlink:type='locator' />
<link:loc xlink:href='../elts/us-gaap-2012-01-31.xsd#us-gaap_AirTransportationEquipmentMember' xlink:label='loc_AirTransportationEquipmentMember' xlink:type='locator' />
<link:loc xlink:href='../elts/us-gaap-2012-01-31.xsd#us-gaap_FlightEquipmentMember' xlink:label='loc_FlightEquipmentMember' xlink:type='locator' />
<link:loc xlink:href='../elts/us-gaap-2012-01-31.xsd#us-gaap_MaritimeEquipmentMember' xlink:label='loc_MaritimeEquipmentMember' xlink:type='locator' />
<link:loc xlink:href='../elts/us-gaap-2012-01-31.xsd#us-gaap_ContainersMember' xlink:label='loc_ContainersMember' xlink:type='locator' />
<link:loc xlink:href='../elts/us-gaap-2012-01-31.xsd#us-gaap_RailroadTransportationEquipmentMember' xlink:label='loc_RailroadTransportationEquipmentMember' xlink:type='locator' />
<link:loc xlink:href='../elts/us-gaap-2012-01-31.xsd#us-gaap_VehiclesMember' xlink:label='loc_VehiclesMember' xlink:type='locator' />
<link:loc xlink:href='../elts/us-gaap-2012-01-31.xsd#us-gaap_TrucksMember' xlink:label='loc_TrucksMember' xlink:type='locator' />
<link:loc xlink:href='../elts/us-gaap-2012-01-31.xsd#us-gaap_AutomobilesMember' xlink:label='loc_AutomobilesMember' xlink:type='locator' />
<link:loc xlink:href='../elts/us-gaap-2012-01-31.xsd#us-gaap_OtherTransportationEquipmentMember' xlink:label='loc_OtherTransportationEquipmentMember' xlink:type='locator' />
<link:loc xlink:href='../elts/us-gaap-2012-01-31.xsd#us-gaap_EnergyEquipmentMember' xlink:label='loc_EnergyEquipmentMember' xlink:type='locator' />
<link:loc xlink:href='../elts/us-gaap-2012-01-31.xsd#us-gaap_PipelinesMember' xlink:label='loc_PipelinesMember' xlink:type='locator' />
<link:loc xlink:href='../elts/us-gaap-2012-01-31.xsd#us-gaap_RefiningEquipmentMember' xlink:label='loc_RefiningEquipmentMember' xlink:type='locator' />
<link:loc xlink:href='../elts/us-gaap-2012-01-31.xsd#us-gaap_UpstreamEquipmentMember' xlink:label='loc_UpstreamEquipmentMember' xlink:type='locator' />
<link:loc xlink:href='../elts/us-gaap-2012-01-31.xsd#us-gaap_DownstreamEquipmentMember' xlink:label='loc_DownstreamEquipmentMember' xlink:type='locator' />
<link:loc xlink:href='../elts/us-gaap-2012-01-31.xsd#us-gaap_GasTransmissionEquipmentMember' xlink:label='loc_GasTransmissionEquipmentMember' xlink:type='locator' />
<link:loc xlink:href='../elts/us-gaap-2012-01-31.xsd#us-gaap_GasDistributionEquipmentMember' xlink:label='loc_GasDistributionEquipmentMember' xlink:type='locator' />
<link:loc xlink:href='../elts/us-gaap-2012-01-31.xsd#us-gaap_ElectricTransmissionAndDistributionMember' xlink:label='loc_ElectricTransmissionAndDistributionMember' xlink:type='locator' />
<link:loc xlink:href='../elts/us-gaap-2012-01-31.xsd#us-gaap_ElectricGenerationEquipmentMember' xlink:label='loc_ElectricGenerationEquipmentMember' xlink:type='locator' />
<link:loc xlink:href='../elts/us-gaap-2012-01-31.xsd#us-gaap_NuclearFuelMember' xlink:label='loc_NuclearFuelMember' xlink:type='locator' />
<link:loc xlink:href='../elts/us-gaap-2012-01-31.xsd#us-gaap_GasGatheringAndProcessingEquipmentMember' xlink:label='loc_GasGatheringAndProcessingEquipmentMember' xlink:type='locator' />
<link:loc xlink:href='../elts/us-gaap-2012-01-31.xsd#us-gaap_MiningPropertiesAndMineralRightsMember' xlink:label='loc_MiningPropertiesAndMineralRightsMember' xlink:type='locator' />
<link:loc xlink:href='../elts/us-gaap-2012-01-31.xsd#us-gaap_MineDevelopmentMember' xlink:label='loc_MineDevelopmentMember' xlink:type='locator' />
<link:loc xlink:href='../elts/us-gaap-2012-01-31.xsd#us-gaap_OilAndGasPropertiesMember' xlink:label='loc_OilAndGasPropertiesMember' xlink:type='locator' />
<link:loc xlink:href='../elts/us-gaap-2012-01-31.xsd#us-gaap_DrillingRightsMember' xlink:label='loc_DrillingRightsMember' xlink:type='locator' />
<link:loc xlink:href='../elts/us-gaap-2012-01-31.xsd#us-gaap_WellsAndRelatedEquipmentAndFacilitiesMember' xlink:label='loc_WellsAndRelatedEquipmentAndFacilitiesMember' xlink:type='locator' />
<link:loc xlink:href='../elts/us-gaap-2012-01-31.xsd#us-gaap_MarineServicesEquipmentMember' xlink:label='loc_MarineServicesEquipmentMember' xlink:type='locator' />
<link:loc xlink:href='../elts/us-gaap-2012-01-31.xsd#us-gaap_ExplorationAndProductionEquipmentMember' xlink:label='loc_ExplorationAndProductionEquipmentMember' xlink:type='locator' />
<link:loc xlink:href='../elts/us-gaap-2012-01-31.xsd#us-gaap_OtherEnergyEquipmentMember' xlink:label='loc_OtherEnergyEquipmentMember' xlink:type='locator' />
<link:loc xlink:href='../elts/us-gaap-2012-01-31.xsd#us-gaap_GasTransmissionAndDistributionEquipmentMember' xlink:label='loc_GasTransmissionAndDistributionEquipmentMember' xlink:type='locator' />
<link:loc xlink:href='../elts/us-gaap-2012-01-31.xsd#us-gaap_ElectricGenerationTransmissionAndDistributionEquipmentMember' xlink:label='loc_ElectricGenerationTransmissionAndDistributionEquipmentMember' xlink:type='locator' />
<link:loc xlink:href='../elts/us-gaap-2012-01-31.xsd#us-gaap_PropertyPlantAndEquipmentOtherTypesMember' xlink:label='loc_PropertyPlantAndEquipmentOtherTypesMember' xlink:type='locator' />
<link:loc xlink:href='../elts/us-gaap-2012-01-31.xsd#us-gaap_EquipmentLeasedToOtherPartyMember' xlink:label='loc_EquipmentLeasedToOtherPartyMember' xlink:type='locator' />
<link:loc xlink:href='../elts/us-gaap-2012-01-31.xsd#us-gaap_ProductiveLandMember' xlink:label='loc_ProductiveLandMember' xlink:type='locator' />
<link:loc xlink:href='../elts/us-gaap-2012-01-31.xsd#us-gaap_FurnitureAndFixturesMember' xlink:label='loc_FurnitureAndFixturesMember' xlink:type='locator' />
<link:loc xlink:href='../elts/us-gaap-2012-01-31.xsd#us-gaap_TimberPropertiesMember' xlink:label='loc_TimberPropertiesMember' xlink:type='locator' />
<link:loc xlink:href='../elts/us-gaap-2012-01-31.xsd#us-gaap_LandfillMember' xlink:label='loc_LandfillMember' xlink:type='locator' />
<link:loc xlink:href='../elts/us-gaap-2012-01-31.xsd#us-gaap_SoftwareMember' xlink:label='loc_SoftwareMember' xlink:type='locator' />
<link:loc xlink:href='../elts/us-gaap-2012-01-31.xsd#us-gaap_SoftwareDevelopmentMember' xlink:label='loc_SoftwareDevelopmentMember' xlink:type='locator' />
<link:loc xlink:href='../elts/us-gaap-2012-01-31.xsd#us-gaap_RetailSiteMember' xlink:label='loc_RetailSiteMember' xlink:type='locator' />
<link:loc xlink:href='../elts/us-gaap-2012-01-31.xsd#us-gaap_AssetsHeldUnderCapitalLeasesMember' xlink:label='loc_AssetsHeldUnderCapitalLeasesMember' xlink:type='locator' />
<link:loc xlink:href='../elts/us-gaap-2012-01-31.xsd#us-gaap_AssetsLeasedToOthersMember' xlink:label='loc_AssetsLeasedToOthersMember' xlink:type='locator' />
<link:loc xlink:href='../elts/us-gaap-2012-01-31.xsd#us-gaap_AssetUnderConstructionMember' xlink:label='loc_AssetUnderConstructionMember' xlink:type='locator' />
<link:loc xlink:href='../elts/us-gaap-2012-01-31.xsd#us-gaap_ConstructionInProgressMember' xlink:label='loc_ConstructionInProgressMember' xlink:type='locator' />
<link:loc xlink:href='../elts/us-gaap-2012-01-31.xsd#us-gaap_CapitalizedInterestCostsMember' xlink:label='loc_CapitalizedInterestCostsMember' xlink:type='locator' />
<link:loc xlink:href='../elts/us-gaap-2012-01-31.xsd#us-gaap_BreedingAndProductionAnimalsMember' xlink:label='loc_BreedingAndProductionAnimalsMember' xlink:type='locator' />
<link:loc xlink:href='../elts/us-gaap-2012-01-31.xsd#us-gaap_RemediationPropertyForSaleAbandonmentOrDisposalMember' xlink:label='loc_RemediationPropertyForSaleAbandonmentOrDisposalMember' xlink:type='locator' />
<link:loc xlink:href='../elts/us-gaap-2012-01-31.xsd#us-gaap_OtherCapitalizedPropertyPlantAndEquipmentMember' xlink:label='loc_OtherCapitalizedPropertyPlantAndEquipmentMember' xlink:type='locator' />
<link:loc xlink:href='../elts/us-gaap-2012-01-31.xsd#us-gaap_SoftwareAndSoftwareDevelopmentCostsMember' xlink:label='loc_SoftwareAndSoftwareDevelopmentCostsMember' xlink:type='locator' />
<link:loc xlink:href='../elts/us-gaap-2012-01-31.xsd#us-gaap_RangeMember' xlink:label='loc_RangeMember' xlink:type='locator' />
<link:loc xlink:href='../elts/us-gaap-2012-01-31.xsd#us-gaap_MaximumMember' xlink:label='loc_MaximumMember' xlink:type='locator' />
<link:loc xlink:href='../elts/us-gaap-2012-01-31.xsd#us-gaap_MinimumMember' xlink:label='loc_MinimumMember' xlink:type='locator' />
<link:loc xlink:href='../elts/us-gaap-2012-01-31.xsd#us-gaap_PropertyPlantAndEquipmentLineItems' xlink:label='loc_PropertyPlantAndEquipmentLineItems' xlink:type='locator' />
<link:loc xlink:href='../elts/us-gaap-2012-01-31.xsd#us-gaap_PropertyPlantAndEquipmentUsefulLife' xlink:label='loc_PropertyPlantAndEquipmentUsefulLife' xlink:type='locator' />
<link:loc xlink:href='../elts/us-gaap-2012-01-31.xsd#us-gaap_PropertyPlantAndEquipmentSalvageValue' xlink:label='loc_PropertyPlantAndEquipmentSalvageValue' xlink:type='locator' />
<link:loc xlink:href='../elts/us-gaap-2012-01-31.xsd#us-gaap_PropertyPlantAndEquipmentSalvageValuePercentage' xlink:label='loc_PropertyPlantAndEquipmentSalvageValuePercentage' xlink:type='locator' />
<link:loc xlink:href='../elts/us-gaap-2012-01-31.xsd#us-gaap_MovementInPropertyPlantAndEquipmentRollForward' xlink:label='loc_MovementInPropertyPlantAndEquipmentRollForward' xlink:type='locator' />
<link:loc xlink:href='../elts/us-gaap-2012-01-31.xsd#us-gaap_PropertyPlantAndEquipmentGross' xlink:label='loc_PropertyPlantAndEquipmentGross' xlink:type='locator' />
<link:loc xlink:href='../elts/us-gaap-2012-01-31.xsd#us-gaap_PropertyPlantAndEquipmentAdditions' xlink:label='loc_PropertyPlantAndEquipmentAdditions' xlink:type='locator' />
<link:loc xlink:href='../elts/us-gaap-2012-01-31.xsd#us-gaap_PropertyPlantAndEquipmentDisposals' xlink:label='loc_PropertyPlantAndEquipmentDisposals' xlink:type='locator' />
<link:loc xlink:href='../elts/us-gaap-2012-01-31.xsd#us-gaap_PropertyPlantAndEquipmentTransfersAndChanges' xlink:label='loc_PropertyPlantAndEquipmentTransfersAndChanges' xlink:type='locator' />
<link:loc xlink:href='../elts/us-gaap-2012-01-31.xsd#us-gaap_PropertyPlantAndEquipmentGrossPeriodIncreaseDecrease' xlink:label='loc_PropertyPlantAndEquipmentGrossPeriodIncreaseDecrease' xlink:type='locator' />
<link:loc xlink:href='../elts/us-gaap-2012-01-31.xsd#us-gaap_MovementInAccumulatedDepreciationDepletionAndAmortizationPropertyPlantAndEquipmentRollForward' xlink:label='loc_MovementInAccumulatedDepreciationDepletionAndAmortizationPropertyPlantAndEquipmentRollForward' xlink:type='locator' />
<link:loc xlink:href='../elts/us-gaap-2012-01-31.xsd#us-gaap_AccumulatedDepreciationDepletionAndAmortizationPropertyPlantAndEquipment' xlink:label='loc_AccumulatedDepreciationDepletionAndAmortizationPropertyPlantAndEquipment' xlink:type='locator' />
<link:loc xlink:href='../elts/us-gaap-2012-01-31.xsd#us-gaap_DepreciationAndAmortizationAbstract' xlink:label='loc_DepreciationAndAmortizationAbstract' xlink:type='locator' />
<link:loc xlink:href='../elts/us-gaap-2012-01-31.xsd#us-gaap_Depreciation' xlink:label='loc_Depreciation' xlink:type='locator' />
<link:loc xlink:href='../elts/us-gaap-2012-01-31.xsd#us-gaap_AdjustmentForAmortization' xlink:label='loc_AdjustmentForAmortization' xlink:type='locator' />
<link:loc xlink:href='../elts/us-gaap-2012-01-31.xsd#us-gaap_OtherDepreciationAndAmortization' xlink:label='loc_OtherDepreciationAndAmortization' xlink:type='locator' />
<link:loc xlink:href='../elts/us-gaap-2012-01-31.xsd#us-gaap_Depletion' xlink:label='loc_Depletion' xlink:type='locator' />
<link:loc xlink:href='../elts/us-gaap-2012-01-31.xsd#us-gaap_DepreciationDepletionAndAmortization' xlink:label='loc_DepreciationDepletionAndAmortization' xlink:type='locator' />
<link:loc xlink:href='../elts/us-gaap-2012-01-31.xsd#us-gaap_AccumulatedDepreciationDepletionAndAmortizationReclassificationsOfPropertyPlantAndEquipment' xlink:label='loc_AccumulatedDepreciationDepletionAndAmortizationReclassificationsOfPropertyPlantAndEquipment' xlink:type='locator' />
<link:loc xlink:href='../elts/us-gaap-2012-01-31.xsd#us-gaap_AccumulatedDepreciationDepletionAndAmortizationSaleOfPropertyPlantAndEquipment' xlink:label='loc_AccumulatedDepreciationDepletionAndAmortizationSaleOfPropertyPlantAndEquipment' xlink:type='locator' />
<link:loc xlink:href='../elts/us-gaap-2012-01-31.xsd#us-gaap_AccumulatedDepreciationDepletionAndAmortizationWritedownOfPropertyPlantAndEquipment' xlink:label='loc_AccumulatedDepreciationDepletionAndAmortizationWritedownOfPropertyPlantAndEquipment' xlink:type='locator' />
<link:loc xlink:href='../elts/us-gaap-2012-01-31.xsd#us-gaap_AccumulatedDepreciationDepletionAndAmortizationPropertyPlantAndEquipmentPeriodIncreaseDecrease' xlink:label='loc_AccumulatedDepreciationDepletionAndAmortizationPropertyPlantAndEquipmentPeriodIncreaseDecrease' xlink:type='locator' />
<link:loc xlink:href='../elts/us-gaap-2012-01-31.xsd#us-gaap_PropertyPlantAndEquipmentNetByTypeAbstract' xlink:label='loc_PropertyPlantAndEquipmentNetByTypeAbstract' xlink:type='locator' />
<link:loc xlink:href='../elts/us-gaap-2012-01-31.xsd#us-gaap_PropertyPlantAndEquipmentNet' xlink:label='loc_PropertyPlantAndEquipmentNet' xlink:type='locator' />
<link:loc xlink:href='../elts/us-gaap-2012-01-31.xsd#us-gaap_PropertyPlantAndEquipmentNetIncludingAndExcludingCapitalLeasedAssetAbstract' xlink:label='loc_PropertyPlantAndEquipmentNetIncludingAndExcludingCapitalLeasedAssetAbstract' xlink:type='locator' />
<link:loc xlink:href='../elts/us-gaap-2012-01-31.xsd#us-gaap_PropertyPlantAndEquipmentNetExcludingCapitalLeasedAssetsAbstract' xlink:label='loc_PropertyPlantAndEquipmentNetExcludingCapitalLeasedAssetsAbstract' xlink:type='locator' />
<link:loc xlink:href='../elts/us-gaap-2012-01-31.xsd#us-gaap_PropertyPlantAndEquipmentGrossExcludingCapitalLeasedAssets' xlink:label='loc_PropertyPlantAndEquipmentGrossExcludingCapitalLeasedAssets' xlink:type='locator' />
<link:loc xlink:href='../elts/us-gaap-2012-01-31.xsd#us-gaap_AccumulatedDepreciationDepletionAndAmortizationPropertyPlantAndEquipmentExcludingCapitalLeasedAssets' xlink:label='loc_AccumulatedDepreciationDepletionAndAmortizationPropertyPlantAndEquipmentExcludingCapitalLeasedAssets' xlink:type='locator' />
<link:loc xlink:href='../elts/us-gaap-2012-01-31.xsd#us-gaap_PropertyPlantAndEquipmentNetExcludingCapitalLeasedAssets' xlink:label='loc_PropertyPlantAndEquipmentNetExcludingCapitalLeasedAssets' xlink:type='locator' />
<link:loc xlink:href='../elts/us-gaap-2012-01-31.xsd#us-gaap_CapitalLeasesBalanceSheetAssetsByMajorClassNetLesseeBalanceSheetAbstract' xlink:label='loc_CapitalLeasesBalanceSheetAssetsByMajorClassNetLesseeBalanceSheetAbstract' xlink:type='locator' />
<link:loc xlink:href='../elts/us-gaap-2012-01-31.xsd#us-gaap_CapitalLeasedAssetsGross' xlink:label='loc_CapitalLeasedAssetsGross' xlink:type='locator' />
<link:loc xlink:href='../elts/us-gaap-2012-01-31.xsd#us-gaap_CapitalLeasesLesseeBalanceSheetAssetsByMajorClassAccumulatedDeprecation' xlink:label='loc_CapitalLeasesLesseeBalanceSheetAssetsByMajorClassAccumulatedDeprecation' xlink:type='locator' />
<link:loc xlink:href='../elts/us-gaap-2012-01-31.xsd#us-gaap_CapitalLeasesBalanceSheetAssetsByMajorClassNet' xlink:label='loc_CapitalLeasesBalanceSheetAssetsByMajorClassNet' xlink:type='locator' />
<link:definitionArc order='1.0' xlink:arcrole='http://xbrl.org/int/dim/arcrole/domain-member' xlink:from='loc_PropertyPlantAndEquipmentTypeDomain' xlink:to='loc_LandAndBuildingMember' xlink:type='arc' />
<link:definitionArc order='2.0' xlink:arcrole='http://xbrl.org/int/dim/arcrole/domain-member' xlink:from='loc_LandAndBuildingMember' xlink:to='loc_LandMember' xlink:type='arc' />
<link:definitionArc order='3.0' xlink:arcrole='http://xbrl.org/int/dim/arcrole/domain-member' xlink:from='loc_LandAndBuildingMember' xlink:to='loc_LandImprovementsMember' xlink:type='arc' />
<link:definitionArc order='4.0' xlink:arcrole='http://xbrl.org/int/dim/arcrole/domain-member' xlink:from='loc_LandAndBuildingMember' xlink:to='loc_LeaseholdImprovementsMember' xlink:type='arc' />
<link:definitionArc order='5.0' xlink:arcrole='http://xbrl.org/int/dim/arcrole/domain-member' xlink:from='loc_LandAndBuildingMember' xlink:to='loc_BuildingMember' xlink:type='arc' />
<link:definitionArc order='6.0' xlink:arcrole='http://xbrl.org/int/dim/arcrole/domain-member' xlink:from='loc_LandAndBuildingMember' xlink:to='loc_BuildingImprovementsMember' xlink:type='arc' />
<link:definitionArc order='7.0' xlink:arcrole='http://xbrl.org/int/dim/arcrole/domain-member' xlink:from='loc_LandAndBuildingMember' xlink:to='loc_ManufacturingFacilityMember' xlink:type='arc' />
<link:definitionArc order='8.0' xlink:arcrole='http://xbrl.org/int/dim/arcrole/domain-member' xlink:from='loc_LandAndBuildingMember' xlink:to='loc_LandAndLandImprovementsMember' xlink:type='arc' />
<link:definitionArc order='9.0' xlink:arcrole='http://xbrl.org/int/dim/arcrole/domain-member' xlink:from='loc_LandAndBuildingMember' xlink:to='loc_LeaseholdsAndLeaseholdImprovementsMember' xlink:type='arc' />
<link:definitionArc order='10.0' xlink:arcrole='http://xbrl.org/int/dim/arcrole/domain-member' xlink:from='loc_LandAndBuildingMember' xlink:to='loc_BuildingAndBuildingImprovementsMember' xlink:type='arc' />
<link:definitionArc order='11.0' xlink:arcrole='http://xbrl.org/int/dim/arcrole/domain-member' xlink:from='loc_LandAndBuildingMember' xlink:to='loc_LandBuildingsAndImprovementsMember' xlink:type='arc' />
<link:definitionArc order='12.0' xlink:arcrole='http://xbrl.org/int/dim/arcrole/domain-member' xlink:from='loc_PropertyPlantAndEquipmentTypeDomain' xlink:to='loc_MachineryAndEquipmentMember' xlink:type='arc' />
<link:definitionArc order='13.0' xlink:arcrole='http://xbrl.org/int/dim/arcrole/domain-member' xlink:from='loc_MachineryAndEquipmentMember' xlink:to='loc_ToolsDiesAndMoldsMember' xlink:type='arc' />
<link:definitionArc order='14.0' xlink:arcrole='http://xbrl.org/int/dim/arcrole/domain-member' xlink:from='loc_MachineryAndEquipmentMember' xlink:to='loc_TechnologyEquipmentMember' xlink:type='arc' />
<link:definitionArc order='15.0' xlink:arcrole='http://xbrl.org/int/dim/arcrole/domain-member' xlink:from='loc_MachineryAndEquipmentMember' xlink:to='loc_ComputerEquipmentMember' xlink:type='arc' />
<link:definitionArc order='16.0' xlink:arcrole='http://xbrl.org/int/dim/arcrole/domain-member' xlink:from='loc_MachineryAndEquipmentMember' xlink:to='loc_OfficeEquipmentMember' xlink:type='arc' />
<link:definitionArc order='17.0' xlink:arcrole='http://xbrl.org/int/dim/arcrole/domain-member' xlink:from='loc_MachineryAndEquipmentMember' xlink:to='loc_EquipmentMember' xlink:type='arc' />
<link:definitionArc order='18.0' xlink:arcrole='http://xbrl.org/int/dim/arcrole/domain-member' xlink:from='loc_MachineryAndEquipmentMember' xlink:to='loc_OtherMachineryAndEquipmentMember' xlink:type='arc' />
<link:definitionArc order='19.0' xlink:arcrole='http://xbrl.org/int/dim/arcrole/domain-member' xlink:from='loc_MachineryAndEquipmentMember' xlink:to='loc_TransportationEquipmentMember' xlink:type='arc' />
<link:definitionArc order='20.0' xlink:arcrole='http://xbrl.org/int/dim/arcrole/domain-member' xlink:from='loc_TransportationEquipmentMember' xlink:to='loc_AirTransportationEquipmentMember' xlink:type='arc' />
<link:definitionArc order='21.0' xlink:arcrole='http://xbrl.org/int/dim/arcrole/domain-member' xlink:from='loc_TransportationEquipmentMember' xlink:to='loc_FlightEquipmentMember' xlink:type='arc' />
<link:definitionArc order='22.0' xlink:arcrole='http://xbrl.org/int/dim/arcrole/domain-member' xlink:from='loc_TransportationEquipmentMember' xlink:to='loc_MaritimeEquipmentMember' xlink:type='arc' />
<link:definitionArc order='23.0' xlink:arcrole='http://xbrl.org/int/dim/arcrole/domain-member' xlink:from='loc_TransportationEquipmentMember' xlink:to='loc_ContainersMember' xlink:type='arc' />
<link:definitionArc order='24.0' xlink:arcrole='http://xbrl.org/int/dim/arcrole/domain-member' xlink:from='loc_TransportationEquipmentMember' xlink:to='loc_RailroadTransportationEquipmentMember' xlink:type='arc' />
<link:definitionArc order='25.0' xlink:arcrole='http://xbrl.org/int/dim/arcrole/domain-member' xlink:from='loc_TransportationEquipmentMember' xlink:to='loc_VehiclesMember' xlink:type='arc' />
<link:definitionArc order='26.0' xlink:arcrole='http://xbrl.org/int/dim/arcrole/domain-member' xlink:from='loc_VehiclesMember' xlink:to='loc_TrucksMember' xlink:type='arc' />
<link:definitionArc order='27.0' xlink:arcrole='http://xbrl.org/int/dim/arcrole/domain-member' xlink:from='loc_VehiclesMember' xlink:to='loc_AutomobilesMember' xlink:type='arc' />
<link:definitionArc order='28.0' xlink:arcrole='http://xbrl.org/int/dim/arcrole/domain-member' xlink:from='loc_TransportationEquipmentMember' xlink:to='loc_OtherTransportationEquipmentMember' xlink:type='arc' />
<link:definitionArc order='29.0' xlink:arcrole='http://xbrl.org/int/dim/arcrole/domain-member' xlink:from='loc_MachineryAndEquipmentMember' xlink:to='loc_EnergyEquipmentMember' xlink:type='arc' />
<link:definitionArc order='30.0' xlink:arcrole='http://xbrl.org/int/dim/arcrole/domain-member' xlink:from='loc_EnergyEquipmentMember' xlink:to='loc_PipelinesMember' xlink:type='arc' />
<link:definitionArc order='31.0' xlink:arcrole='http://xbrl.org/int/dim/arcrole/domain-member' xlink:from='loc_EnergyEquipmentMember' xlink:to='loc_RefiningEquipmentMember' xlink:type='arc' />
<link:definitionArc order='32.0' xlink:arcrole='http://xbrl.org/int/dim/arcrole/domain-member' xlink:from='loc_EnergyEquipmentMember' xlink:to='loc_UpstreamEquipmentMember' xlink:type='arc' />
<link:definitionArc order='33.0' xlink:arcrole='http://xbrl.org/int/dim/arcrole/domain-member' xlink:from='loc_EnergyEquipmentMember' xlink:to='loc_DownstreamEquipmentMember' xlink:type='arc' />
<link:definitionArc order='34.0' xlink:arcrole='http://xbrl.org/int/dim/arcrole/domain-member' xlink:from='loc_EnergyEquipmentMember' xlink:to='loc_GasTransmissionEquipmentMember' xlink:type='arc' />
<link:definitionArc order='35.0' xlink:arcrole='http://xbrl.org/int/dim/arcrole/domain-member' xlink:from='loc_EnergyEquipmentMember' xlink:to='loc_GasDistributionEquipmentMember' xlink:type='arc' />
<link:definitionArc order='36.0' xlink:arcrole='http://xbrl.org/int/dim/arcrole/domain-member' xlink:from='loc_EnergyEquipmentMember' xlink:to='loc_ElectricTransmissionAndDistributionMember' xlink:type='arc' />
<link:definitionArc order='37.0' xlink:arcrole='http://xbrl.org/int/dim/arcrole/domain-member' xlink:from='loc_EnergyEquipmentMember' xlink:to='loc_ElectricGenerationEquipmentMember' xlink:type='arc' />
<link:definitionArc order='38.0' xlink:arcrole='http://xbrl.org/int/dim/arcrole/domain-member' xlink:from='loc_EnergyEquipmentMember' xlink:to='loc_NuclearFuelMember' xlink:type='arc' />
<link:definitionArc order='39.0' xlink:arcrole='http://xbrl.org/int/dim/arcrole/domain-member' xlink:from='loc_EnergyEquipmentMember' xlink:to='loc_GasGatheringAndProcessingEquipmentMember' xlink:type='arc' />
<link:definitionArc order='40.0' xlink:arcrole='http://xbrl.org/int/dim/arcrole/domain-member' xlink:from='loc_EnergyEquipmentMember' xlink:to='loc_MiningPropertiesAndMineralRightsMember' xlink:type='arc' />
<link:definitionArc order='41.0' xlink:arcrole='http://xbrl.org/int/dim/arcrole/domain-member' xlink:from='loc_EnergyEquipmentMember' xlink:to='loc_MineDevelopmentMember' xlink:type='arc' />
<link:definitionArc order='42.0' xlink:arcrole='http://xbrl.org/int/dim/arcrole/domain-member' xlink:from='loc_EnergyEquipmentMember' xlink:to='loc_OilAndGasPropertiesMember' xlink:type='arc' />
<link:definitionArc order='43.0' xlink:arcrole='http://xbrl.org/int/dim/arcrole/domain-member' xlink:from='loc_EnergyEquipmentMember' xlink:to='loc_DrillingRightsMember' xlink:type='arc' />
<link:definitionArc order='44.0' xlink:arcrole='http://xbrl.org/int/dim/arcrole/domain-member' xlink:from='loc_EnergyEquipmentMember' xlink:to='loc_WellsAndRelatedEquipmentAndFacilitiesMember' xlink:type='arc' />
<link:definitionArc order='45.0' xlink:arcrole='http://xbrl.org/int/dim/arcrole/domain-member' xlink:from='loc_EnergyEquipmentMember' xlink:to='loc_MarineServicesEquipmentMember' xlink:type='arc' />
<link:definitionArc order='46.0' xlink:arcrole='http://xbrl.org/int/dim/arcrole/domain-member' xlink:from='loc_EnergyEquipmentMember' xlink:to='loc_ExplorationAndProductionEquipmentMember' xlink:type='arc' />
<link:definitionArc order='47.0' xlink:arcrole='http://xbrl.org/int/dim/arcrole/domain-member' xlink:from='loc_EnergyEquipmentMember' xlink:to='loc_OtherEnergyEquipmentMember' xlink:type='arc' />
<link:definitionArc order='48.0' xlink:arcrole='http://xbrl.org/int/dim/arcrole/domain-member' xlink:from='loc_EnergyEquipmentMember' xlink:to='loc_GasTransmissionAndDistributionEquipmentMember' xlink:type='arc' />
<link:definitionArc order='49.0' xlink:arcrole='http://xbrl.org/int/dim/arcrole/domain-member' xlink:from='loc_EnergyEquipmentMember' xlink:to='loc_ElectricGenerationTransmissionAndDistributionEquipmentMember' xlink:type='arc' />
<link:definitionArc order='50.0' xlink:arcrole='http://xbrl.org/int/dim/arcrole/domain-member' xlink:from='loc_PropertyPlantAndEquipmentTypeDomain' xlink:to='loc_PropertyPlantAndEquipmentOtherTypesMember' xlink:type='arc' />
<link:definitionArc order='51.0' xlink:arcrole='http://xbrl.org/int/dim/arcrole/domain-member' xlink:from='loc_PropertyPlantAndEquipmentOtherTypesMember' xlink:to='loc_EquipmentLeasedToOtherPartyMember' xlink:type='arc' />
<link:definitionArc order='52.0' xlink:arcrole='http://xbrl.org/int/dim/arcrole/domain-member' xlink:from='loc_PropertyPlantAndEquipmentOtherTypesMember' xlink:to='loc_ProductiveLandMember' xlink:type='arc' />
<link:definitionArc order='53.0' xlink:arcrole='http://xbrl.org/int/dim/arcrole/domain-member' xlink:from='loc_PropertyPlantAndEquipmentOtherTypesMember' xlink:to='loc_FurnitureAndFixturesMember' xlink:type='arc' />
<link:definitionArc order='54.0' xlink:arcrole='http://xbrl.org/int/dim/arcrole/domain-member' xlink:from='loc_PropertyPlantAndEquipmentOtherTypesMember' xlink:to='loc_TimberPropertiesMember' xlink:type='arc' />
<link:definitionArc order='55.0' xlink:arcrole='http://xbrl.org/int/dim/arcrole/domain-member' xlink:from='loc_PropertyPlantAndEquipmentOtherTypesMember' xlink:to='loc_LandfillMember' xlink:type='arc' />
<link:definitionArc order='56.0' xlink:arcrole='http://xbrl.org/int/dim/arcrole/domain-member' xlink:from='loc_PropertyPlantAndEquipmentOtherTypesMember' xlink:to='loc_SoftwareMember' xlink:type='arc' />
<link:definitionArc order='57.0' xlink:arcrole='http://xbrl.org/int/dim/arcrole/domain-member' xlink:from='loc_PropertyPlantAndEquipmentOtherTypesMember' xlink:to='loc_SoftwareDevelopmentMember' xlink:type='arc' />
<link:definitionArc order='58.0' xlink:arcrole='http://xbrl.org/int/dim/arcrole/domain-member' xlink:from='loc_PropertyPlantAndEquipmentOtherTypesMember' xlink:to='loc_RetailSiteMember' xlink:type='arc' />
<link:definitionArc order='59.0' xlink:arcrole='http://xbrl.org/int/dim/arcrole/domain-member' xlink:from='loc_PropertyPlantAndEquipmentOtherTypesMember' xlink:to='loc_AssetsHeldUnderCapitalLeasesMember' xlink:type='arc' />
<link:definitionArc order='60.0' xlink:arcrole='http://xbrl.org/int/dim/arcrole/domain-member' xlink:from='loc_PropertyPlantAndEquipmentOtherTypesMember' xlink:to='loc_AssetsLeasedToOthersMember' xlink:type='arc' />
<link:definitionArc order='61.0' xlink:arcrole='http://xbrl.org/int/dim/arcrole/domain-member' xlink:from='loc_PropertyPlantAndEquipmentOtherTypesMember' xlink:to='loc_AssetUnderConstructionMember' xlink:type='arc' />
<link:definitionArc order='62.0' xlink:arcrole='http://xbrl.org/int/dim/arcrole/domain-member' xlink:from='loc_PropertyPlantAndEquipmentOtherTypesMember' xlink:to='loc_ConstructionInProgressMember' xlink:type='arc' />
<link:definitionArc order='63.0' xlink:arcrole='http://xbrl.org/int/dim/arcrole/domain-member' xlink:from='loc_PropertyPlantAndEquipmentOtherTypesMember' xlink:to='loc_CapitalizedInterestCostsMember' xlink:type='arc' />
<link:definitionArc order='64.0' xlink:arcrole='http://xbrl.org/int/dim/arcrole/domain-member' xlink:from='loc_PropertyPlantAndEquipmentOtherTypesMember' xlink:to='loc_BreedingAndProductionAnimalsMember' xlink:type='arc' />
<link:definitionArc order='65.0' xlink:arcrole='http://xbrl.org/int/dim/arcrole/domain-member' xlink:from='loc_PropertyPlantAndEquipmentOtherTypesMember' xlink:to='loc_RemediationPropertyForSaleAbandonmentOrDisposalMember' xlink:type='arc' />
<link:definitionArc order='66.0' xlink:arcrole='http://xbrl.org/int/dim/arcrole/domain-member' xlink:from='loc_PropertyPlantAndEquipmentOtherTypesMember' xlink:to='loc_OtherCapitalizedPropertyPlantAndEquipmentMember' xlink:type='arc' />
<link:definitionArc order='67.0' xlink:arcrole='http://xbrl.org/int/dim/arcrole/domain-member' xlink:from='loc_PropertyPlantAndEquipmentOtherTypesMember' xlink:to='loc_SoftwareAndSoftwareDevelopmentCostsMember' xlink:type='arc' />
<link:definitionArc order='68.0' xlink:arcrole='http://xbrl.org/int/dim/arcrole/domain-member' xlink:from='loc_RangeMember' xlink:to='loc_MaximumMember' xlink:type='arc' />
<link:definitionArc order='69.0' xlink:arcrole='http://xbrl.org/int/dim/arcrole/domain-member' xlink:from='loc_RangeMember' xlink:to='loc_MinimumMember' xlink:type='arc' />
<link:definitionArc order='1.0' xlink:arcrole='http://xbrl.org/int/dim/arcrole/domain-member' xlink:from='loc_PropertyPlantAndEquipmentLineItems' xlink:to='loc_PropertyPlantAndEquipmentUsefulLife' xlink:type='arc' />
<link:definitionArc order='2.0' xlink:arcrole='http://xbrl.org/int/dim/arcrole/domain-member' xlink:from='loc_PropertyPlantAndEquipmentLineItems' xlink:to='loc_PropertyPlantAndEquipmentSalvageValue' xlink:type='arc' />
<link:definitionArc order='3.0' xlink:arcrole='http://xbrl.org/int/dim/arcrole/domain-member' xlink:from='loc_PropertyPlantAndEquipmentSalvageValue' xlink:to='loc_PropertyPlantAndEquipmentSalvageValuePercentage' xlink:type='arc' />
<link:definitionArc order='4.0' xlink:arcrole='http://xbrl.org/int/dim/arcrole/domain-member' xlink:from='loc_PropertyPlantAndEquipmentLineItems' xlink:to='loc_MovementInPropertyPlantAndEquipmentRollForward' xlink:type='arc' />
<link:definitionArc order='5.0' xlink:arcrole='http://xbrl.org/int/dim/arcrole/domain-member' xlink:from='loc_MovementInPropertyPlantAndEquipmentRollForward' xlink:to='loc_PropertyPlantAndEquipmentGross' xlink:type='arc' />
<link:definitionArc order='6.0' xlink:arcrole='http://xbrl.org/int/dim/arcrole/domain-member' xlink:from='loc_MovementInPropertyPlantAndEquipmentRollForward' xlink:to='loc_PropertyPlantAndEquipmentAdditions' xlink:type='arc' />
<link:definitionArc order='7.0' xlink:arcrole='http://xbrl.org/int/dim/arcrole/domain-member' xlink:from='loc_MovementInPropertyPlantAndEquipmentRollForward' xlink:to='loc_PropertyPlantAndEquipmentDisposals' xlink:type='arc' />
<link:definitionArc order='8.0' xlink:arcrole='http://xbrl.org/int/dim/arcrole/domain-member' xlink:from='loc_MovementInPropertyPlantAndEquipmentRollForward' xlink:to='loc_PropertyPlantAndEquipmentTransfersAndChanges' xlink:type='arc' />
<link:definitionArc order='9.0' xlink:arcrole='http://xbrl.org/int/dim/arcrole/domain-member' xlink:from='loc_MovementInPropertyPlantAndEquipmentRollForward' xlink:to='loc_PropertyPlantAndEquipmentGrossPeriodIncreaseDecrease' xlink:type='arc' />
<link:definitionArc order='11.0' xlink:arcrole='http://xbrl.org/int/dim/arcrole/domain-member' xlink:from='loc_PropertyPlantAndEquipmentLineItems' xlink:to='loc_MovementInAccumulatedDepreciationDepletionAndAmortizationPropertyPlantAndEquipmentRollForward' xlink:type='arc' />
<link:definitionArc order='12.0' xlink:arcrole='http://xbrl.org/int/dim/arcrole/domain-member' xlink:from='loc_MovementInAccumulatedDepreciationDepletionAndAmortizationPropertyPlantAndEquipmentRollForward' xlink:to='loc_AccumulatedDepreciationDepletionAndAmortizationPropertyPlantAndEquipment' xlink:type='arc' />
<link:definitionArc order='13.0' xlink:arcrole='http://xbrl.org/int/dim/arcrole/domain-member' xlink:from='loc_MovementInAccumulatedDepreciationDepletionAndAmortizationPropertyPlantAndEquipmentRollForward' xlink:to='loc_DepreciationAndAmortizationAbstract' xlink:type='arc' />
<link:definitionArc order='14.0' xlink:arcrole='http://xbrl.org/int/dim/arcrole/domain-member' xlink:from='loc_DepreciationAndAmortizationAbstract' xlink:to='loc_Depreciation' xlink:type='arc' />
<link:definitionArc order='15.0' xlink:arcrole='http://xbrl.org/int/dim/arcrole/domain-member' xlink:from='loc_DepreciationAndAmortizationAbstract' xlink:to='loc_AdjustmentForAmortization' xlink:type='arc' />
<link:definitionArc order='16.0' xlink:arcrole='http://xbrl.org/int/dim/arcrole/domain-member' xlink:from='loc_DepreciationAndAmortizationAbstract' xlink:to='loc_OtherDepreciationAndAmortization' xlink:type='arc' />
<link:definitionArc order='17.0' xlink:arcrole='http://xbrl.org/int/dim/arcrole/domain-member' xlink:from='loc_DepreciationAndAmortizationAbstract' xlink:to='loc_Depletion' xlink:type='arc' />
<link:definitionArc order='18.0' xlink:arcrole='http://xbrl.org/int/dim/arcrole/domain-member' xlink:from='loc_DepreciationAndAmortizationAbstract' xlink:to='loc_DepreciationDepletionAndAmortization' xlink:type='arc' />
<link:definitionArc order='19.0' xlink:arcrole='http://xbrl.org/int/dim/arcrole/domain-member' xlink:from='loc_MovementInAccumulatedDepreciationDepletionAndAmortizationPropertyPlantAndEquipmentRollForward' xlink:to='loc_AccumulatedDepreciationDepletionAndAmortizationReclassificationsOfPropertyPlantAndEquipment' xlink:type='arc' />
<link:definitionArc order='20.0' xlink:arcrole='http://xbrl.org/int/dim/arcrole/domain-member' xlink:from='loc_MovementInAccumulatedDepreciationDepletionAndAmortizationPropertyPlantAndEquipmentRollForward' xlink:to='loc_AccumulatedDepreciationDepletionAndAmortizationSaleOfPropertyPlantAndEquipment' xlink:type='arc' />
<link:definitionArc order='21.0' xlink:arcrole='http://xbrl.org/int/dim/arcrole/domain-member' xlink:from='loc_MovementInAccumulatedDepreciationDepletionAndAmortizationPropertyPlantAndEquipmentRollForward' xlink:to='loc_AccumulatedDepreciationDepletionAndAmortizationWritedownOfPropertyPlantAndEquipment' xlink:type='arc' />
<link:definitionArc order='22.0' xlink:arcrole='http://xbrl.org/int/dim/arcrole/domain-member' xlink:from='loc_MovementInAccumulatedDepreciationDepletionAndAmortizationPropertyPlantAndEquipmentRollForward' xlink:to='loc_AccumulatedDepreciationDepletionAndAmortizationPropertyPlantAndEquipmentPeriodIncreaseDecrease' xlink:type='arc' />
<link:definitionArc order='24.0' xlink:arcrole='http://xbrl.org/int/dim/arcrole/domain-member' xlink:from='loc_PropertyPlantAndEquipmentLineItems' xlink:to='loc_PropertyPlantAndEquipmentNetByTypeAbstract' xlink:type='arc' />
<link:definitionArc order='25.0' xlink:arcrole='http://xbrl.org/int/dim/arcrole/domain-member' xlink:from='loc_PropertyPlantAndEquipmentNetByTypeAbstract' xlink:to='loc_PropertyPlantAndEquipmentGross' xlink:type='arc' />
<link:definitionArc order='26.0' xlink:arcrole='http://xbrl.org/int/dim/arcrole/domain-member' xlink:from='loc_PropertyPlantAndEquipmentNetByTypeAbstract' xlink:to='loc_AccumulatedDepreciationDepletionAndAmortizationPropertyPlantAndEquipment' xlink:type='arc' />
<link:definitionArc order='27.0' xlink:arcrole='http://xbrl.org/int/dim/arcrole/domain-member' xlink:from='loc_PropertyPlantAndEquipmentNetByTypeAbstract' xlink:to='loc_PropertyPlantAndEquipmentNet' xlink:type='arc' />
<link:definitionArc order='28.0' xlink:arcrole='http://xbrl.org/int/dim/arcrole/domain-member' xlink:from='loc_PropertyPlantAndEquipmentLineItems' xlink:to='loc_PropertyPlantAndEquipmentNetIncludingAndExcludingCapitalLeasedAssetAbstract' xlink:type='arc' />
<link:definitionArc order='29.0' xlink:arcrole='http://xbrl.org/int/dim/arcrole/domain-member' xlink:from='loc_PropertyPlantAndEquipmentNetIncludingAndExcludingCapitalLeasedAssetAbstract' xlink:to='loc_PropertyPlantAndEquipmentNetExcludingCapitalLeasedAssetsAbstract' xlink:type='arc' />
<link:definitionArc order='30.0' xlink:arcrole='http://xbrl.org/int/dim/arcrole/domain-member' xlink:from='loc_PropertyPlantAndEquipmentNetExcludingCapitalLeasedAssetsAbstract' xlink:to='loc_PropertyPlantAndEquipmentGrossExcludingCapitalLeasedAssets' xlink:type='arc' />
<link:definitionArc order='31.0' xlink:arcrole='http://xbrl.org/int/dim/arcrole/domain-member' xlink:from='loc_PropertyPlantAndEquipmentNetExcludingCapitalLeasedAssetsAbstract' xlink:to='loc_AccumulatedDepreciationDepletionAndAmortizationPropertyPlantAndEquipmentExcludingCapitalLeasedAssets' xlink:type='arc' />
<link:definitionArc order='32.0' xlink:arcrole='http://xbrl.org/int/dim/arcrole/domain-member' xlink:from='loc_PropertyPlantAndEquipmentNetExcludingCapitalLeasedAssetsAbstract' xlink:to='loc_PropertyPlantAndEquipmentNetExcludingCapitalLeasedAssets' xlink:type='arc' />
<link:definitionArc order='33.0' xlink:arcrole='http://xbrl.org/int/dim/arcrole/domain-member' xlink:from='loc_PropertyPlantAndEquipmentNetIncludingAndExcludingCapitalLeasedAssetAbstract' xlink:to='loc_CapitalLeasesBalanceSheetAssetsByMajorClassNetLesseeBalanceSheetAbstract' xlink:type='arc' />
<link:definitionArc order='34.0' xlink:arcrole='http://xbrl.org/int/dim/arcrole/domain-member' xlink:from='loc_CapitalLeasesBalanceSheetAssetsByMajorClassNetLesseeBalanceSheetAbstract' xlink:to='loc_CapitalLeasedAssetsGross' xlink:type='arc' />
<link:definitionArc order='35.0' xlink:arcrole='http://xbrl.org/int/dim/arcrole/domain-member' xlink:from='loc_CapitalLeasesBalanceSheetAssetsByMajorClassNetLesseeBalanceSheetAbstract' xlink:to='loc_CapitalLeasesLesseeBalanceSheetAssetsByMajorClassAccumulatedDeprecation' xlink:type='arc' />
<link:definitionArc order='36.0' xlink:arcrole='http://xbrl.org/int/dim/arcrole/domain-member' xlink:from='loc_CapitalLeasesBalanceSheetAssetsByMajorClassNetLesseeBalanceSheetAbstract' xlink:to='loc_CapitalLeasesBalanceSheetAssetsByMajorClassNet' xlink:type='arc' />
<link:definitionArc order='37.0' xlink:arcrole='http://xbrl.org/int/dim/arcrole/domain-member' xlink:from='loc_PropertyPlantAndEquipmentNetIncludingAndExcludingCapitalLeasedAssetAbstract' xlink:to='loc_PropertyPlantAndEquipmentNet' xlink:type='arc' />
</link:definitionLink>
<link:definitionLink xlink:role='http://fasb.org/us-gaap/role/disclosure/PropertyPlantAndEquipmentScheduleOfPropertyPlantAndEquipmentTable' xlink:type='extended'>
<link:loc xlink:href='../elts/us-gaap-2012-01-31.xsd#us-gaap_ScheduleOfPropertyPlantAndEquipmentTable' xlink:label='loc_ScheduleOfPropertyPlantAndEquipmentTable' xlink:type='locator' />
<link:loc xlink:href='../elts/us-gaap-2012-01-31.xsd#us-gaap_PropertyPlantAndEquipmentByTypeAxis' xlink:label='loc_PropertyPlantAndEquipmentByTypeAxis' xlink:type='locator' />
<link:loc xlink:href='../elts/us-gaap-2012-01-31.xsd#us-gaap_RangeAxis' xlink:label='loc_RangeAxis' xlink:type='locator' />
<link:definitionArc order='1.0' xlink:arcrole='http://xbrl.org/int/dim/arcrole/hypercube-dimension' xlink:from='loc_ScheduleOfPropertyPlantAndEquipmentTable' xlink:to='loc_PropertyPlantAndEquipmentByTypeAxis' xlink:type='arc' />
<link:definitionArc order='2.0' xlink:arcrole='http://xbrl.org/int/dim/arcrole/hypercube-dimension' xlink:from='loc_ScheduleOfPropertyPlantAndEquipmentTable' xlink:to='loc_RangeAxis' xlink:type='arc' />
</link:definitionLink>
<link:definitionLink xlink:role='http://fasb.org/us-gaap/role/disclosure/PropertyPlantAndEquipmentScheduleOfSignificantAcquisitionsAndDisposalsTable' xlink:type='extended'>
<link:loc xlink:href='../elts/us-gaap-2012-01-31.xsd#us-gaap_SignificantAcquisitionsAndDisposalsLineItems' xlink:label='loc_SignificantAcquisitionsAndDisposalsLineItems' xlink:type='locator' />
<link:loc xlink:href='../elts/us-gaap-2012-01-31.xsd#us-gaap_ScheduleOfSignificantAcquisitionsAndDisposalsTable' xlink:label='loc_ScheduleOfSignificantAcquisitionsAndDisposalsTable' xlink:type='locator' />
<link:definitionArc order='1.0' xbrldt:closed='true' xbrldt:contextElement='segment' xlink:arcrole='http://xbrl.org/int/dim/arcrole/all' xlink:from='loc_SignificantAcquisitionsAndDisposalsLineItems' xlink:to='loc_ScheduleOfSignificantAcquisitionsAndDisposalsTable' xlink:type='arc' />
</link:definitionLink>
<link:definitionLink xlink:role='http://fasb.org/us-gaap/role/disclosure/PropertyPlantAndEquipmentScheduleOfSignificantAcquisitionsAndDisposalsTable' xlink:type='extended'>
<link:loc xlink:href='../elts/us-gaap-2012-01-31.xsd#us-gaap_SignificantAcquisitionsAndDisposalsByTransactionAxis' xlink:label='loc_SignificantAcquisitionsAndDisposalsByTransactionAxis' xlink:type='locator' />
<link:loc xlink:href='../elts/us-gaap-2012-01-31.xsd#us-gaap_SignificantAcquisitionsAndDisposalsTransactionDomain' xlink:label='loc_SignificantAcquisitionsAndDisposalsTransactionDomain' xlink:type='locator' />
<link:definitionArc order='1.0' xlink:arcrole='http://xbrl.org/int/dim/arcrole/dimension-default' xlink:from='loc_SignificantAcquisitionsAndDisposalsByTransactionAxis' xlink:to='loc_SignificantAcquisitionsAndDisposalsTransactionDomain' xlink:type='arc' />
</link:definitionLink>
<link:definitionLink xlink:role='http://fasb.org/us-gaap/role/disclosure/PropertyPlantAndEquipmentScheduleOfSignificantAcquisitionsAndDisposalsTable' xlink:type='extended'>
<link:loc xlink:href='../elts/us-gaap-2012-01-31.xsd#us-gaap_SignificantAcquisitionsAndDisposalsByTransactionAxis' xlink:label='loc_SignificantAcquisitionsAndDisposalsByTransactionAxis' xlink:type='locator' />
<link:loc xlink:href='../elts/us-gaap-2012-01-31.xsd#us-gaap_SignificantAcquisitionsAndDisposalsTransactionDomain' xlink:label='loc_SignificantAcquisitionsAndDisposalsTransactionDomain' xlink:type='locator' />
<link:definitionArc order='1.0' xlink:arcrole='http://xbrl.org/int/dim/arcrole/dimension-domain' xlink:from='loc_SignificantAcquisitionsAndDisposalsByTransactionAxis' xlink:to='loc_SignificantAcquisitionsAndDisposalsTransactionDomain' xlink:type='arc' />
</link:definitionLink>
<link:definitionLink xlink:role='http://fasb.org/us-gaap/role/disclosure/PropertyPlantAndEquipmentScheduleOfSignificantAcquisitionsAndDisposalsTable' xlink:type='extended'>
<link:loc xlink:href='../elts/us-gaap-2012-01-31.xsd#us-gaap_SignificantAcquisitionsAndDisposalsLineItems' xlink:label='loc_SignificantAcquisitionsAndDisposalsLineItems' xlink:type='locator' />
<link:loc xlink:href='../elts/us-gaap-2012-01-31.xsd#us-gaap_SignificantAcquisitionsAndDisposalsType' xlink:label='loc_SignificantAcquisitionsAndDisposalsType' xlink:type='locator' />
<link:loc xlink:href='../elts/us-gaap-2012-01-31.xsd#us-gaap_SignificantAcquisitionsAndDisposalsDescription' xlink:label='loc_SignificantAcquisitionsAndDisposalsDescription' xlink:type='locator' />
<link:loc xlink:href='../elts/us-gaap-2012-01-31.xsd#us-gaap_SignificantAcquisitionsAndDisposalsTerms' xlink:label='loc_SignificantAcquisitionsAndDisposalsTerms' xlink:type='locator' />
<link:loc xlink:href='../elts/us-gaap-2012-01-31.xsd#us-gaap_SignificantAcquisitionsAndDisposalsAcquisitionCostsOrSaleProceeds' xlink:label='loc_SignificantAcquisitionsAndDisposalsAcquisitionCostsOrSaleProceeds' xlink:type='locator' />
<link:loc xlink:href='../elts/us-gaap-2012-01-31.xsd#us-gaap_SignificantAcquisitionsAndDisposalsGainLossOnSaleOrDisposalPretax' xlink:label='loc_SignificantAcquisitionsAndDisposalsGainLossOnSaleOrDisposalPretax' xlink:type='locator' />
<link:loc xlink:href='../elts/us-gaap-2012-01-31.xsd#us-gaap_SignificantAcquisitionsAndDisposalsGainLossOnSaleOrDisposalNetOfTax' xlink:label='loc_SignificantAcquisitionsAndDisposalsGainLossOnSaleOrDisposalNetOfTax' xlink:type='locator' />
<link:loc xlink:href='../elts/us-gaap-2012-01-31.xsd#us-gaap_SignificantAcquisitionsAndDisposalsDateOfTransactionForAcquisitionsOrDisposals' xlink:label='loc_SignificantAcquisitionsAndDisposalsDateOfTransactionForAcquisitionsOrDisposals' xlink:type='locator' />
<link:loc xlink:href='../elts/us-gaap-2012-01-31.xsd#us-gaap_SignificantAcquisitionsAndDisposalsRestrictionOnAmountOfProceedsFromDonatedPropertyPlantAndEquipment' xlink:label='loc_SignificantAcquisitionsAndDisposalsRestrictionOnAmountOfProceedsFromDonatedPropertyPlantAndEquipment' xlink:type='locator' />
<link:definitionArc order='1.0' xlink:arcrole='http://xbrl.org/int/dim/arcrole/domain-member' xlink:from='loc_SignificantAcquisitionsAndDisposalsLineItems' xlink:to='loc_SignificantAcquisitionsAndDisposalsType' xlink:type='arc' />
<link:definitionArc order='2.0' xlink:arcrole='http://xbrl.org/int/dim/arcrole/domain-member' xlink:from='loc_SignificantAcquisitionsAndDisposalsLineItems' xlink:to='loc_SignificantAcquisitionsAndDisposalsDescription' xlink:type='arc' />
<link:definitionArc order='3.0' xlink:arcrole='http://xbrl.org/int/dim/arcrole/domain-member' xlink:from='loc_SignificantAcquisitionsAndDisposalsLineItems' xlink:to='loc_SignificantAcquisitionsAndDisposalsTerms' xlink:type='arc' />
<link:definitionArc order='4.0' xlink:arcrole='http://xbrl.org/int/dim/arcrole/domain-member' xlink:from='loc_SignificantAcquisitionsAndDisposalsLineItems' xlink:to='loc_SignificantAcquisitionsAndDisposalsAcquisitionCostsOrSaleProceeds' xlink:type='arc' />
<link:definitionArc order='5.0' xlink:arcrole='http://xbrl.org/int/dim/arcrole/domain-member' xlink:from='loc_SignificantAcquisitionsAndDisposalsLineItems' xlink:to='loc_SignificantAcquisitionsAndDisposalsGainLossOnSaleOrDisposalPretax' xlink:type='arc' />
<link:definitionArc order='6.0' xlink:arcrole='http://xbrl.org/int/dim/arcrole/domain-member' xlink:from='loc_SignificantAcquisitionsAndDisposalsLineItems' xlink:to='loc_SignificantAcquisitionsAndDisposalsGainLossOnSaleOrDisposalNetOfTax' xlink:type='arc' />
<link:definitionArc order='7.0' xlink:arcrole='http://xbrl.org/int/dim/arcrole/domain-member' xlink:from='loc_SignificantAcquisitionsAndDisposalsLineItems' xlink:to='loc_SignificantAcquisitionsAndDisposalsDateOfTransactionForAcquisitionsOrDisposals' xlink:type='arc' />
<link:definitionArc order='8.0' xlink:arcrole='http://xbrl.org/int/dim/arcrole/domain-member' xlink:from='loc_SignificantAcquisitionsAndDisposalsLineItems' xlink:to='loc_SignificantAcquisitionsAndDisposalsRestrictionOnAmountOfProceedsFromDonatedPropertyPlantAndEquipment' xlink:type='arc' />
</link:definitionLink>
<link:definitionLink xlink:role='http://fasb.org/us-gaap/role/disclosure/PropertyPlantAndEquipmentScheduleOfSignificantAcquisitionsAndDisposalsTable' xlink:type='extended'>
<link:loc xlink:href='../elts/us-gaap-2012-01-31.xsd#us-gaap_ScheduleOfSignificantAcquisitionsAndDisposalsTable' xlink:label='loc_ScheduleOfSignificantAcquisitionsAndDisposalsTable' xlink:type='locator' />
<link:loc xlink:href='../elts/us-gaap-2012-01-31.xsd#us-gaap_SignificantAcquisitionsAndDisposalsByTransactionAxis' xlink:label='loc_SignificantAcquisitionsAndDisposalsByTransactionAxis' xlink:type='locator' />
<link:definitionArc order='1.0' xlink:arcrole='http://xbrl.org/int/dim/arcrole/hypercube-dimension' xlink:from='loc_ScheduleOfSignificantAcquisitionsAndDisposalsTable' xlink:to='loc_SignificantAcquisitionsAndDisposalsByTransactionAxis' xlink:type='arc' />
</link:definitionLink>
</link:linkbase>
