<?xml version='1.0' encoding='UTF-8'?>

<!--
(c) XBRL US, Inc. 2007-2010; Financial Accounting Foundation, Inc. 2010-2012.  All Rights Reserved.
Notice: Authorized Uses are Set Forth at http://xbrl.fasb.org/terms/TaxonomiesTermsConditions.html
  -->
<link:linkbase xmlns:link='http://www.xbrl.org/2003/linkbase' xmlns:xbrldt='http://xbrl.org/2005/xbrldt' xmlns:xlink='http://www.w3.org/1999/xlink' xmlns:xsi='http://www.w3.org/2001/XMLSchema-instance' xsi:schemaLocation='http://www.xbrl.org/2003/linkbase http://www.xbrl.org/2003/xbrl-linkbase-2003-12-31.xsd'>
<link:roleRef roleURI='http://fasb.org/us-gaap/role/disclosure/SegmentReporting' xlink:href='../elts/us-roles-2012-01-31.xsd#sr' xlink:type='simple' />
<link:presentationLink xlink:role='http://fasb.org/us-gaap/role/disclosure/SegmentReporting' xlink:type='extended'>
<link:loc xlink:href='../elts/us-gaap-2012-01-31.xsd#us-gaap_SegmentReportingAbstract' xlink:label='loc_SegmentReportingAbstract' xlink:type='locator' />
<link:loc xlink:href='../elts/us-gaap-2012-01-31.xsd#us-gaap_SegmentReportingDisclosureTextBlock' xlink:label='loc_SegmentReportingDisclosureTextBlock' xlink:type='locator' />
<link:loc xlink:href='../elts/us-gaap-2012-01-31.xsd#us-gaap_SegmentReportingDisclosureOfEntitysReportableSegmentsAbstract' xlink:label='loc_SegmentReportingDisclosureOfEntitysReportableSegmentsAbstract' xlink:type='locator' />
<link:loc xlink:href='../elts/us-gaap-2012-01-31.xsd#us-gaap_FactorsUsedToIdentifyEntitysReportableSegments' xlink:label='loc_FactorsUsedToIdentifyEntitysReportableSegments' xlink:type='locator' />
<link:loc xlink:href='../elts/us-gaap-2012-01-31.xsd#us-gaap_DescriptionOfTypesOfProductsAndServicesFromWhichEachReportableSegmentDerivesItsRevenues' xlink:label='loc_DescriptionOfTypesOfProductsAndServicesFromWhichEachReportableSegmentDerivesItsRevenues' xlink:type='locator' />
<link:loc xlink:href='../elts/us-gaap-2012-01-31.xsd#us-gaap_DescriptionOfEffectOnPreviouslyReportedSegmentInformationForChangeInCompositionOfReportableSegments' xlink:label='loc_DescriptionOfEffectOnPreviouslyReportedSegmentInformationForChangeInCompositionOfReportableSegments' xlink:type='locator' />
<link:loc xlink:href='../elts/us-gaap-2012-01-31.xsd#us-gaap_SegmentReportingDescriptionOfAllOtherSegments' xlink:label='loc_SegmentReportingDescriptionOfAllOtherSegments' xlink:type='locator' />
<link:loc xlink:href='../elts/us-gaap-2012-01-31.xsd#us-gaap_SegmentReportingMeasurementDisclosuresAbstract' xlink:label='loc_SegmentReportingMeasurementDisclosuresAbstract' xlink:type='locator' />
<link:loc xlink:href='../elts/us-gaap-2012-01-31.xsd#us-gaap_DescriptionOfBasisOfAccountingForTransactionsBetweenReportableSegments' xlink:label='loc_DescriptionOfBasisOfAccountingForTransactionsBetweenReportableSegments' xlink:type='locator' />
<link:loc xlink:href='../elts/us-gaap-2012-01-31.xsd#us-gaap_DescriptionOfNatureOfDifferencesBetweenMeasurementsOfReportableSegmentsProfitsOrLossesAndEntitysProfitOrLossBeforeIncomeTaxExpenseOrIncomeAndDiscontinuedOperations' xlink:label='loc_DescriptionOfNatureOfDifferencesBetweenMeasurementsOfReportableSegmentsProfitsOrLossesAndEntitysProfitOrLossBeforeIncomeTaxExpenseOrIncomeAndDiscontinuedOperations' xlink:type='locator' />
<link:loc xlink:href='../elts/us-gaap-2012-01-31.xsd#us-gaap_DescriptionOfNatureOfDifferencesBetweenMeasurementsOfReportableSegmentsAssetsAndEntitysAssets' xlink:label='loc_DescriptionOfNatureOfDifferencesBetweenMeasurementsOfReportableSegmentsAssetsAndEntitysAssets' xlink:type='locator' />
<link:loc xlink:href='../elts/us-gaap-2012-01-31.xsd#us-gaap_DescriptionOfNatureOfChangesFromPriorPeriodsInMeasurementMethodsUsedToDetermineReportedSegmentProfitOrLossAndEffectOfThoseChangesOnMeasureOfSegmentProfitOrLoss' xlink:label='loc_DescriptionOfNatureOfChangesFromPriorPeriodsInMeasurementMethodsUsedToDetermineReportedSegmentProfitOrLossAndEffectOfThoseChangesOnMeasureOfSegmentProfitOrLoss' xlink:type='locator' />
<link:loc xlink:href='../elts/us-gaap-2012-01-31.xsd#us-gaap_DescriptionOfNatureAndEffectOfAnyAsymmetricalAllocationsToReportableSegments' xlink:label='loc_DescriptionOfNatureAndEffectOfAnyAsymmetricalAllocationsToReportableSegments' xlink:type='locator' />
<link:loc xlink:href='../elts/us-gaap-2012-01-31.xsd#us-gaap_SegmentReportingDisclosureOfMajorCustomers' xlink:label='loc_SegmentReportingDisclosureOfMajorCustomers' xlink:type='locator' />
<link:loc xlink:href='../elts/us-gaap-2012-01-31.xsd#us-gaap_SegmentReportingDisclosureOfOtherInformationAboutEntitysReportableSegmentsAbstract' xlink:label='loc_SegmentReportingDisclosureOfOtherInformationAboutEntitysReportableSegmentsAbstract' xlink:type='locator' />
<link:loc xlink:href='../elts/us-gaap-2012-01-31.xsd#us-gaap_BasisForAttributingRevenuesFromExternalCustomersToIndividualCountries' xlink:label='loc_BasisForAttributingRevenuesFromExternalCustomersToIndividualCountries' xlink:type='locator' />
<link:loc xlink:href='../elts/us-gaap-2012-01-31.xsd#us-gaap_ExplanationOfInterestRevenueReportedNetOfInterestExpense' xlink:label='loc_ExplanationOfInterestRevenueReportedNetOfInterestExpense' xlink:type='locator' />
<link:loc xlink:href='../elts/us-gaap-2012-01-31.xsd#us-gaap_ExplanationOfNecessaryInformationNotAvailableAndDevelopmentCostExcessive' xlink:label='loc_ExplanationOfNecessaryInformationNotAvailableAndDevelopmentCostExcessive' xlink:type='locator' />
<link:loc xlink:href='../elts/us-gaap-2012-01-31.xsd#us-gaap_AdditionalInformationAboutEntitysReportableSegments' xlink:label='loc_AdditionalInformationAboutEntitysReportableSegments' xlink:type='locator' />
<link:loc xlink:href='../elts/us-gaap-2012-01-31.xsd#us-gaap_NumberOfOperatingSegments' xlink:label='loc_NumberOfOperatingSegments' xlink:type='locator' />
<link:loc xlink:href='../elts/us-gaap-2012-01-31.xsd#us-gaap_NumberOfReportableSegments' xlink:label='loc_NumberOfReportableSegments' xlink:type='locator' />
<link:loc xlink:href='../elts/us-gaap-2012-01-31.xsd#us-gaap_ScheduleOfSegmentReportingInformationBySegmentTextBlock' xlink:label='loc_ScheduleOfSegmentReportingInformationBySegmentTextBlock' xlink:type='locator' />
<link:loc xlink:href='../elts/us-gaap-2012-01-31.xsd#us-gaap_ScheduleOfSegmentReportingInformationBySegmentTable' xlink:label='loc_ScheduleOfSegmentReportingInformationBySegmentTable' xlink:type='locator' />
<link:loc xlink:href='../elts/us-gaap-2012-01-31.xsd#us-gaap_StatementBusinessSegmentsAxis' xlink:label='loc_StatementBusinessSegmentsAxis' xlink:type='locator' />
<link:loc xlink:href='../elts/us-gaap-2012-01-31.xsd#us-gaap_SegmentDomain' xlink:label='loc_SegmentDomain' xlink:type='locator' />
<link:loc xlink:href='../elts/us-gaap-2012-01-31.xsd#us-gaap_OperatingSegmentsMember' xlink:label='loc_OperatingSegmentsMember' xlink:type='locator' />
<link:loc xlink:href='../elts/us-gaap-2012-01-31.xsd#us-gaap_ReportableSegmentsMember' xlink:label='loc_ReportableSegmentsMember' xlink:type='locator' />
<link:loc xlink:href='../elts/us-gaap-2012-01-31.xsd#us-gaap_AllOtherSegmentsMember' xlink:label='loc_AllOtherSegmentsMember' xlink:type='locator' />
<link:loc xlink:href='../elts/us-gaap-2012-01-31.xsd#us-gaap_CorporateMember' xlink:label='loc_CorporateMember' xlink:type='locator' />
<link:loc xlink:href='../elts/us-gaap-2012-01-31.xsd#us-gaap_CorporateAndOtherMember' xlink:label='loc_CorporateAndOtherMember' xlink:type='locator' />
<link:loc xlink:href='../elts/us-gaap-2012-01-31.xsd#us-gaap_MaterialReconcilingItemsMember' xlink:label='loc_MaterialReconcilingItemsMember' xlink:type='locator' />
<link:loc xlink:href='../elts/us-gaap-2012-01-31.xsd#us-gaap_UnallocatedAmountToSegmentMember' xlink:label='loc_UnallocatedAmountToSegmentMember' xlink:type='locator' />
<link:loc xlink:href='../elts/us-gaap-2012-01-31.xsd#us-gaap_IntersegmentEliminationMember' xlink:label='loc_IntersegmentEliminationMember' xlink:type='locator' />
<link:loc xlink:href='../elts/us-gaap-2012-01-31.xsd#us-gaap_SegmentReportingInformationLineItems' xlink:label='loc_SegmentReportingInformationLineItems' xlink:type='locator' />
<link:loc xlink:href='../elts/us-gaap-2012-01-31.xsd#us-gaap_SegmentReportingInformationProfitLossAbstract' xlink:label='loc_SegmentReportingInformationProfitLossAbstract' xlink:type='locator' />
<link:loc xlink:href='../elts/us-gaap-2012-01-31.xsd#us-gaap_SegmentReportingInformationIncomeLossBeforeIncomeTaxesAbstract' xlink:label='loc_SegmentReportingInformationIncomeLossBeforeIncomeTaxesAbstract' xlink:type='locator' />
<link:loc xlink:href='../elts/us-gaap-2012-01-31.xsd#us-gaap_SegmentReportingInformationOperatingIncomeLossAbstract' xlink:label='loc_SegmentReportingInformationOperatingIncomeLossAbstract' xlink:type='locator' />
<link:loc xlink:href='../elts/us-gaap-2012-01-31.xsd#us-gaap_SegmentReportingInformationRevenueAbstract' xlink:label='loc_SegmentReportingInformationRevenueAbstract' xlink:type='locator' />
<link:loc xlink:href='../elts/us-gaap-2012-01-31.xsd#us-gaap_Revenues' xlink:label='loc_Revenues' xlink:type='locator' />
<link:loc xlink:href='../elts/us-gaap-2012-01-31.xsd#us-gaap_RevenuesFromTransactionsWithOtherOperatingSegmentsOfSameEntity' xlink:label='loc_RevenuesFromTransactionsWithOtherOperatingSegmentsOfSameEntity' xlink:type='locator' />
<link:loc xlink:href='../elts/us-gaap-2012-01-31.xsd#us-gaap_InterestRevenueOrExpenseNetAbstract' xlink:label='loc_InterestRevenueOrExpenseNetAbstract' xlink:type='locator' />
<link:loc xlink:href='../elts/us-gaap-2012-01-31.xsd#us-gaap_InvestmentIncomeInterest' xlink:label='loc_InvestmentIncomeInterest' xlink:type='locator' />
<link:loc xlink:href='../elts/us-gaap-2012-01-31.xsd#us-gaap_InterestExpense' xlink:label='loc_InterestExpense' xlink:type='locator' />
<link:loc xlink:href='../elts/us-gaap-2012-01-31.xsd#us-gaap_InterestRevenueExpenseNet' xlink:label='loc_InterestRevenueExpenseNet' xlink:type='locator' />
<link:loc xlink:href='../elts/us-gaap-2012-01-31.xsd#us-gaap_SegmentReportingInformationRevenue' xlink:label='loc_SegmentReportingInformationRevenue' xlink:type='locator' />
<link:loc xlink:href='../elts/us-gaap-2012-01-31.xsd#us-gaap_DepreciationAndAmortizationAbstract' xlink:label='loc_DepreciationAndAmortizationAbstract' xlink:type='locator' />
<link:loc xlink:href='../elts/us-gaap-2012-01-31.xsd#us-gaap_Depreciation' xlink:label='loc_Depreciation' xlink:type='locator' />
<link:loc xlink:href='../elts/us-gaap-2012-01-31.xsd#us-gaap_Depletion' xlink:label='loc_Depletion' xlink:type='locator' />
<link:loc xlink:href='../elts/us-gaap-2012-01-31.xsd#us-gaap_AdjustmentForAmortization' xlink:label='loc_AdjustmentForAmortization' xlink:type='locator' />
<link:loc xlink:href='../elts/us-gaap-2012-01-31.xsd#us-gaap_OtherDepreciationAndAmortization' xlink:label='loc_OtherDepreciationAndAmortization' xlink:type='locator' />
<link:loc xlink:href='../elts/us-gaap-2012-01-31.xsd#us-gaap_DepreciationDepletionAndAmortization' xlink:label='loc_DepreciationDepletionAndAmortization' xlink:type='locator' />
<link:loc xlink:href='../elts/us-gaap-2012-01-31.xsd#us-gaap_OperatingIncomeLoss' xlink:label='loc_OperatingIncomeLoss' xlink:type='locator' />
<link:loc xlink:href='../elts/us-gaap-2012-01-31.xsd#us-gaap_OtherNonrecurringIncomeExpense' xlink:label='loc_OtherNonrecurringIncomeExpense' xlink:type='locator' />
<link:loc xlink:href='../elts/us-gaap-2012-01-31.xsd#us-gaap_IncomeLossFromEquityMethodInvestments' xlink:label='loc_IncomeLossFromEquityMethodInvestments' xlink:type='locator' />
<link:loc xlink:href='../elts/us-gaap-2012-01-31.xsd#us-gaap_IncomeLossFromContinuingOperationsBeforeIncomeTaxesExtraordinaryItemsNoncontrollingInterest' xlink:label='loc_IncomeLossFromContinuingOperationsBeforeIncomeTaxesExtraordinaryItemsNoncontrollingInterest' xlink:type='locator' />
<link:loc xlink:href='../elts/us-gaap-2012-01-31.xsd#us-gaap_IncomeTaxExpenseBenefit' xlink:label='loc_IncomeTaxExpenseBenefit' xlink:type='locator' />
<link:loc xlink:href='../elts/us-gaap-2012-01-31.xsd#us-gaap_ExtraordinaryItemsGross' xlink:label='loc_ExtraordinaryItemsGross' xlink:type='locator' />
<link:loc xlink:href='../elts/us-gaap-2012-01-31.xsd#us-gaap_ProfitLoss' xlink:label='loc_ProfitLoss' xlink:type='locator' />
<link:loc xlink:href='../elts/us-gaap-2012-01-31.xsd#us-gaap_SegmentReportingInformationAdditionalElementsForBankPresentationAbstract' xlink:label='loc_SegmentReportingInformationAdditionalElementsForBankPresentationAbstract' xlink:type='locator' />
<link:loc xlink:href='../elts/us-gaap-2012-01-31.xsd#us-gaap_ProvisionForLoanLeaseAndOtherLosses' xlink:label='loc_ProvisionForLoanLeaseAndOtherLosses' xlink:type='locator' />
<link:loc xlink:href='../elts/us-gaap-2012-01-31.xsd#us-gaap_NoninterestIncome' xlink:label='loc_NoninterestIncome' xlink:type='locator' />
<link:loc xlink:href='../elts/us-gaap-2012-01-31.xsd#us-gaap_NoninterestExpense' xlink:label='loc_NoninterestExpense' xlink:type='locator' />
<link:loc xlink:href='../elts/us-gaap-2012-01-31.xsd#us-gaap_SegmentReportingInformationUnallocatedExpenseInNoninterestExpense' xlink:label='loc_SegmentReportingInformationUnallocatedExpenseInNoninterestExpense' xlink:type='locator' />
<link:loc xlink:href='../elts/us-gaap-2012-01-31.xsd#us-gaap_OtherNoninterestExpense' xlink:label='loc_OtherNoninterestExpense' xlink:type='locator' />
<link:loc xlink:href='../elts/us-gaap-2012-01-31.xsd#us-gaap_SegmentReportingInformationAverageAssets' xlink:label='loc_SegmentReportingInformationAverageAssets' xlink:type='locator' />
<link:loc xlink:href='../elts/us-gaap-2012-01-31.xsd#us-gaap_OtherMaterialNoncashItems' xlink:label='loc_OtherMaterialNoncashItems' xlink:type='locator' />
<link:loc xlink:href='../elts/us-gaap-2012-01-31.xsd#us-gaap_AdditionsToNoncurrentAssets' xlink:label='loc_AdditionsToNoncurrentAssets' xlink:type='locator' />
<link:loc xlink:href='../elts/us-gaap-2012-01-31.xsd#us-gaap_SegmentReportingInformationNetAssets' xlink:label='loc_SegmentReportingInformationNetAssets' xlink:type='locator' />
<link:loc xlink:href='../elts/us-gaap-2012-01-31.xsd#us-gaap_Assets' xlink:label='loc_Assets' xlink:type='locator' />
<link:loc xlink:href='../elts/us-gaap-2012-01-31.xsd#us-gaap_SegmentReportingInformationAdditionalInformationAbstract' xlink:label='loc_SegmentReportingInformationAdditionalInformationAbstract' xlink:type='locator' />
<link:loc xlink:href='../elts/us-gaap-2012-01-31.xsd#us-gaap_AccountsReceivableNet' xlink:label='loc_AccountsReceivableNet' xlink:type='locator' />
<link:loc xlink:href='../elts/us-gaap-2012-01-31.xsd#us-gaap_SegmentReportingInformationInventoryNet' xlink:label='loc_SegmentReportingInformationInventoryNet' xlink:type='locator' />
<link:loc xlink:href='../elts/us-gaap-2012-01-31.xsd#us-gaap_EquityMethodInvestments' xlink:label='loc_EquityMethodInvestments' xlink:type='locator' />
<link:loc xlink:href='../elts/us-gaap-2012-01-31.xsd#us-gaap_SegmentReportingInformationInvestments' xlink:label='loc_SegmentReportingInformationInvestments' xlink:type='locator' />
<link:loc xlink:href='../elts/us-gaap-2012-01-31.xsd#us-gaap_PropertyPlantAndEquipmentNet' xlink:label='loc_PropertyPlantAndEquipmentNet' xlink:type='locator' />
<link:loc xlink:href='../elts/us-gaap-2012-01-31.xsd#us-gaap_Goodwill' xlink:label='loc_Goodwill' xlink:type='locator' />
<link:loc xlink:href='../elts/us-gaap-2012-01-31.xsd#us-gaap_IntangibleAssetsNetExcludingGoodwill' xlink:label='loc_IntangibleAssetsNetExcludingGoodwill' xlink:type='locator' />
<link:loc xlink:href='../elts/us-gaap-2012-01-31.xsd#us-gaap_OtherAssets' xlink:label='loc_OtherAssets' xlink:type='locator' />
<link:loc xlink:href='../elts/us-gaap-2012-01-31.xsd#us-gaap_AccountsPayableAndAccruedLiabilitiesCurrentAndNoncurrent' xlink:label='loc_AccountsPayableAndAccruedLiabilitiesCurrentAndNoncurrent' xlink:type='locator' />
<link:loc xlink:href='../elts/us-gaap-2012-01-31.xsd#us-gaap_DebtAndCapitalLeaseObligations' xlink:label='loc_DebtAndCapitalLeaseObligations' xlink:type='locator' />
<link:loc xlink:href='../elts/us-gaap-2012-01-31.xsd#us-gaap_OtherLiabilities' xlink:label='loc_OtherLiabilities' xlink:type='locator' />
<link:loc xlink:href='../elts/us-gaap-2012-01-31.xsd#us-gaap_ReconciliationFromSegmentTotalsToConsolidatedAbstract' xlink:label='loc_ReconciliationFromSegmentTotalsToConsolidatedAbstract' xlink:type='locator' />
<link:loc xlink:href='../elts/us-gaap-2012-01-31.xsd#us-gaap_ReconciliationOfOperatingProfitLossFromSegmentsToConsolidatedAbstract' xlink:label='loc_ReconciliationOfOperatingProfitLossFromSegmentsToConsolidatedAbstract' xlink:type='locator' />
<link:loc xlink:href='../elts/us-gaap-2012-01-31.xsd#us-gaap_ReconciliationOfOperatingProfitLossFromSegmentsToConsolidated' xlink:label='loc_ReconciliationOfOperatingProfitLossFromSegmentsToConsolidated' xlink:type='locator' />
<link:loc xlink:href='../elts/us-gaap-2012-01-31.xsd#us-gaap_ReconciliationOfOperatingProfitLossFromSegmentsToConsolidatedTextBlock' xlink:label='loc_ReconciliationOfOperatingProfitLossFromSegmentsToConsolidatedTextBlock' xlink:type='locator' />
<link:loc xlink:href='../elts/us-gaap-2012-01-31.xsd#us-gaap_ReconciliationOfOperatingProfitLossFromSegmentsToConsolidatedTable' xlink:label='loc_ReconciliationOfOperatingProfitLossFromSegmentsToConsolidatedTable' xlink:type='locator' />
<link:loc xlink:href='../elts/us-gaap-2012-01-31.xsd#us-gaap_SegmentReportingReconcilingItemForOperatingProfitLossFromSegmentToConsolidatedLineItems' xlink:label='loc_SegmentReportingReconcilingItemForOperatingProfitLossFromSegmentToConsolidatedLineItems' xlink:type='locator' />
<link:loc xlink:href='../elts/us-gaap-2012-01-31.xsd#us-gaap_ReconciliationOfRevenueFromSegmentsToConsolidatedTextBlock' xlink:label='loc_ReconciliationOfRevenueFromSegmentsToConsolidatedTextBlock' xlink:type='locator' />
<link:loc xlink:href='../elts/us-gaap-2012-01-31.xsd#us-gaap_ReconciliationOfRevenueFromSegmentsToConsolidatedTable' xlink:label='loc_ReconciliationOfRevenueFromSegmentsToConsolidatedTable' xlink:type='locator' />
<link:loc xlink:href='../elts/us-gaap-2012-01-31.xsd#us-gaap_SegmentReportingRevenueReconcilingItemLineItems' xlink:label='loc_SegmentReportingRevenueReconcilingItemLineItems' xlink:type='locator' />
<link:loc xlink:href='../elts/us-gaap-2012-01-31.xsd#us-gaap_ReconciliationOfAssetsFromSegmentToConsolidatedTextBlock' xlink:label='loc_ReconciliationOfAssetsFromSegmentToConsolidatedTextBlock' xlink:type='locator' />
<link:loc xlink:href='../elts/us-gaap-2012-01-31.xsd#us-gaap_ReconciliationOfAssetsFromSegmentToConsolidatedTable' xlink:label='loc_ReconciliationOfAssetsFromSegmentToConsolidatedTable' xlink:type='locator' />
<link:loc xlink:href='../elts/us-gaap-2012-01-31.xsd#us-gaap_SegmentReportingAssetReconcilingItemLineItems' xlink:label='loc_SegmentReportingAssetReconcilingItemLineItems' xlink:type='locator' />
<link:loc xlink:href='../elts/us-gaap-2012-01-31.xsd#us-gaap_ReconciliationOfOtherSignificantReconcilingItemsFromSegmentsToConsolidatedTextBlock' xlink:label='loc_ReconciliationOfOtherSignificantReconcilingItemsFromSegmentsToConsolidatedTextBlock' xlink:type='locator' />
<link:loc xlink:href='../elts/us-gaap-2012-01-31.xsd#us-gaap_ReconciliationOfOtherSignificantReconcilingItemsFromSegmentsToConsolidatedTable' xlink:label='loc_ReconciliationOfOtherSignificantReconcilingItemsFromSegmentsToConsolidatedTable' xlink:type='locator' />
<link:loc xlink:href='../elts/us-gaap-2012-01-31.xsd#us-gaap_SegmentReportingOtherSignificantReconcilingItemLineItems' xlink:label='loc_SegmentReportingOtherSignificantReconcilingItemLineItems' xlink:type='locator' />
<link:loc xlink:href='../elts/us-gaap-2012-01-31.xsd#us-gaap_SegmentReportingOtherSignificantReconcilingItemConsolidatedAbstract' xlink:label='loc_SegmentReportingOtherSignificantReconcilingItemConsolidatedAbstract' xlink:type='locator' />
<link:loc xlink:href='../elts/us-gaap-2012-01-31.xsd#us-gaap_ScheduleOfEntityWideInformationRevenueFromExternalCustomersByProductsAndServicesTextBlock' xlink:label='loc_ScheduleOfEntityWideInformationRevenueFromExternalCustomersByProductsAndServicesTextBlock' xlink:type='locator' />
<link:loc xlink:href='../elts/us-gaap-2012-01-31.xsd#us-gaap_ScheduleOfEntityWideInformationRevenueFromExternalCustomersByProductsAndServicesTable' xlink:label='loc_ScheduleOfEntityWideInformationRevenueFromExternalCustomersByProductsAndServicesTable' xlink:type='locator' />
<link:loc xlink:href='../elts/us-gaap-2012-01-31.xsd#us-gaap_ProductOrServiceAxis' xlink:label='loc_ProductOrServiceAxis' xlink:type='locator' />
<link:loc xlink:href='../elts/us-gaap-2012-01-31.xsd#us-gaap_ProductsAndServicesDomain' xlink:label='loc_ProductsAndServicesDomain' xlink:type='locator' />
<link:loc xlink:href='../elts/us-gaap-2012-01-31.xsd#us-gaap_EntityWideInformationRevenueFromExternalCustomerLineItems' xlink:label='loc_EntityWideInformationRevenueFromExternalCustomerLineItems' xlink:type='locator' />
<link:loc xlink:href='../elts/us-gaap-2012-01-31.xsd#us-gaap_RevenuesFromExternalCustomers' xlink:label='loc_RevenuesFromExternalCustomers' xlink:type='locator' />
<link:loc xlink:href='../elts/us-gaap-2012-01-31.xsd#us-gaap_SegmentsGeographicalAreasAbstract' xlink:label='loc_SegmentsGeographicalAreasAbstract' xlink:type='locator' />
<link:loc xlink:href='../elts/us-gaap-2012-01-31.xsd#us-gaap_GeographicAreasRevenuesFromExternalCustomersAbstract' xlink:label='loc_GeographicAreasRevenuesFromExternalCustomersAbstract' xlink:type='locator' />
<link:loc xlink:href='../elts/us-gaap-2012-01-31.xsd#us-gaap_EntityWideDisclosureOnGeographicAreasDescriptionOfRevenueFromExternalCustomers' xlink:label='loc_EntityWideDisclosureOnGeographicAreasDescriptionOfRevenueFromExternalCustomers' xlink:type='locator' />
<link:loc xlink:href='../elts/us-gaap-2012-01-31.xsd#us-gaap_EntityWideDisclosureOnGeographicAreasRevenueFromExternalCustomersAttributedToEntitysCountryOfDomicile' xlink:label='loc_EntityWideDisclosureOnGeographicAreasRevenueFromExternalCustomersAttributedToEntitysCountryOfDomicile' xlink:type='locator' />
<link:loc xlink:href='../elts/us-gaap-2012-01-31.xsd#us-gaap_EntityWideDisclosureOnGeographicAreasRevenueFromExternalCustomersAttributedToForeignCountries' xlink:label='loc_EntityWideDisclosureOnGeographicAreasRevenueFromExternalCustomersAttributedToForeignCountries' xlink:type='locator' />
<link:loc xlink:href='../elts/us-gaap-2012-01-31.xsd#us-gaap_GeographicAreasLongLivedAssetsAbstract' xlink:label='loc_GeographicAreasLongLivedAssetsAbstract' xlink:type='locator' />
<link:loc xlink:href='../elts/us-gaap-2012-01-31.xsd#us-gaap_EntityWideDisclosureOnGeographicAreasLongLivedAssets' xlink:label='loc_EntityWideDisclosureOnGeographicAreasLongLivedAssets' xlink:type='locator' />
<link:loc xlink:href='../elts/us-gaap-2012-01-31.xsd#us-gaap_EntityWideDisclosureOnGeographicAreasLongLivedAssetsInEntitysCountryOfDomicile' xlink:label='loc_EntityWideDisclosureOnGeographicAreasLongLivedAssetsInEntitysCountryOfDomicile' xlink:type='locator' />
<link:loc xlink:href='../elts/us-gaap-2012-01-31.xsd#us-gaap_EntityWideDisclosureOnGeographicAreasLongLivedAssetsInForeignCountries' xlink:label='loc_EntityWideDisclosureOnGeographicAreasLongLivedAssetsInForeignCountries' xlink:type='locator' />
<link:loc xlink:href='../elts/us-gaap-2012-01-31.xsd#us-gaap_ScheduleOfRevenueFromExternalCustomersAttributedToForeignCountriesByGeographicAreaTextBlock' xlink:label='loc_ScheduleOfRevenueFromExternalCustomersAttributedToForeignCountriesByGeographicAreaTextBlock' xlink:type='locator' />
<link:loc xlink:href='../elts/us-gaap-2012-01-31.xsd#us-gaap_ScheduleOfRevenuesFromExternalCustomersAndLongLivedAssetsByGeographicalAreasTableTextBlock' xlink:label='loc_ScheduleOfRevenuesFromExternalCustomersAndLongLivedAssetsByGeographicalAreasTableTextBlock' xlink:type='locator' />
<link:loc xlink:href='../elts/us-gaap-2012-01-31.xsd#us-gaap_ScheduleOfRevenuesFromExternalCustomersAndLongLivedAssetsTable' xlink:label='loc_ScheduleOfRevenuesFromExternalCustomersAndLongLivedAssetsTable' xlink:type='locator' />
<link:loc xlink:href='../elts/us-gaap-2012-01-31.xsd#us-gaap_StatementGeographicalAxis' xlink:label='loc_StatementGeographicalAxis' xlink:type='locator' />
<link:loc xlink:href='../elts/us-gaap-2012-01-31.xsd#us-gaap_SegmentGeographicalDomain' xlink:label='loc_SegmentGeographicalDomain' xlink:type='locator' />
<link:loc xlink:href='../elts/us-gaap-2012-01-31.xsd#us-gaap_SegmentGeographicalGroupsOfCountriesGroupOneMember' xlink:label='loc_SegmentGeographicalGroupsOfCountriesGroupOneMember' xlink:type='locator' />
<link:loc xlink:href='../elts/us-gaap-2012-01-31.xsd#us-gaap_SegmentGeographicalGroupsOfCountriesGroupTwoMember' xlink:label='loc_SegmentGeographicalGroupsOfCountriesGroupTwoMember' xlink:type='locator' />
<link:loc xlink:href='../elts/us-gaap-2012-01-31.xsd#us-gaap_RevenuesFromExternalCustomersAndLongLivedAssetsLineItems' xlink:label='loc_RevenuesFromExternalCustomersAndLongLivedAssetsLineItems' xlink:type='locator' />
<link:loc xlink:href='../elts/us-gaap-2012-01-31.xsd#us-gaap_NoncurrentAssets' xlink:label='loc_NoncurrentAssets' xlink:type='locator' />
<link:loc xlink:href='../elts/us-gaap-2012-01-31.xsd#us-gaap_ScheduleOfEntityWideDisclosureOnGeographicAreasLongLivedAssetsInIndividualForeignCountriesByCountryTextBlock' xlink:label='loc_ScheduleOfEntityWideDisclosureOnGeographicAreasLongLivedAssetsInIndividualForeignCountriesByCountryTextBlock' xlink:type='locator' />
<link:loc xlink:href='../elts/us-gaap-2012-01-31.xsd#us-gaap_ScheduleOfRevenueByMajorCustomersByReportingSegmentsTableTextBlock' xlink:label='loc_ScheduleOfRevenueByMajorCustomersByReportingSegmentsTableTextBlock' xlink:type='locator' />
<link:loc xlink:href='../elts/us-gaap-2012-01-31.xsd#us-gaap_ScheduleOfEntityWideRevenueByMajorCustomersByReportingSegmentsTable' xlink:label='loc_ScheduleOfEntityWideRevenueByMajorCustomersByReportingSegmentsTable' xlink:type='locator' />
<link:loc xlink:href='../elts/us-gaap-2012-01-31.xsd#us-gaap_MajorCustomersAxis' xlink:label='loc_MajorCustomersAxis' xlink:type='locator' />
<link:loc xlink:href='../elts/us-gaap-2012-01-31.xsd#us-gaap_NameOfMajorCustomerDomain' xlink:label='loc_NameOfMajorCustomerDomain' xlink:type='locator' />
<link:loc xlink:href='../elts/us-gaap-2012-01-31.xsd#us-gaap_EntityWideRevenueMajorCustomerLineItems' xlink:label='loc_EntityWideRevenueMajorCustomerLineItems' xlink:type='locator' />
<link:loc xlink:href='../elts/us-gaap-2012-01-31.xsd#us-gaap_EntityWideRevenueMajorCustomerAmount' xlink:label='loc_EntityWideRevenueMajorCustomerAmount' xlink:type='locator' />
<link:loc xlink:href='../elts/us-gaap-2012-01-31.xsd#us-gaap_EntityWideRevenueMajorCustomerPercentage' xlink:label='loc_EntityWideRevenueMajorCustomerPercentage' xlink:type='locator' />
<link:presentationArc order='10' xlink:arcrole='http://www.xbrl.org/2003/arcrole/parent-child' xlink:from='loc_SegmentReportingAbstract' xlink:to='loc_SegmentReportingDisclosureTextBlock' xlink:type='arc' />
<link:presentationArc order='10' xlink:arcrole='http://www.xbrl.org/2003/arcrole/parent-child' xlink:from='loc_SegmentReportingDisclosureTextBlock' xlink:to='loc_SegmentReportingDisclosureOfEntitysReportableSegmentsAbstract' xlink:type='arc' />
<link:presentationArc order='10' xlink:arcrole='http://www.xbrl.org/2003/arcrole/parent-child' xlink:from='loc_SegmentReportingDisclosureOfEntitysReportableSegmentsAbstract' xlink:to='loc_FactorsUsedToIdentifyEntitysReportableSegments' xlink:type='arc' />
<link:presentationArc order='20' xlink:arcrole='http://www.xbrl.org/2003/arcrole/parent-child' xlink:from='loc_SegmentReportingDisclosureOfEntitysReportableSegmentsAbstract' xlink:to='loc_DescriptionOfTypesOfProductsAndServicesFromWhichEachReportableSegmentDerivesItsRevenues' xlink:type='arc' />
<link:presentationArc order='30' xlink:arcrole='http://www.xbrl.org/2003/arcrole/parent-child' xlink:from='loc_SegmentReportingDisclosureOfEntitysReportableSegmentsAbstract' xlink:to='loc_DescriptionOfEffectOnPreviouslyReportedSegmentInformationForChangeInCompositionOfReportableSegments' xlink:type='arc' />
<link:presentationArc order='40' xlink:arcrole='http://www.xbrl.org/2003/arcrole/parent-child' xlink:from='loc_SegmentReportingDisclosureOfEntitysReportableSegmentsAbstract' xlink:to='loc_SegmentReportingDescriptionOfAllOtherSegments' xlink:type='arc' />
<link:presentationArc order='50' xlink:arcrole='http://www.xbrl.org/2003/arcrole/parent-child' xlink:from='loc_SegmentReportingDisclosureOfEntitysReportableSegmentsAbstract' xlink:to='loc_SegmentReportingMeasurementDisclosuresAbstract' xlink:type='arc' />
<link:presentationArc order='10' xlink:arcrole='http://www.xbrl.org/2003/arcrole/parent-child' xlink:from='loc_SegmentReportingMeasurementDisclosuresAbstract' xlink:to='loc_DescriptionOfBasisOfAccountingForTransactionsBetweenReportableSegments' xlink:type='arc' />
<link:presentationArc order='20' xlink:arcrole='http://www.xbrl.org/2003/arcrole/parent-child' xlink:from='loc_SegmentReportingMeasurementDisclosuresAbstract' xlink:to='loc_DescriptionOfNatureOfDifferencesBetweenMeasurementsOfReportableSegmentsProfitsOrLossesAndEntitysProfitOrLossBeforeIncomeTaxExpenseOrIncomeAndDiscontinuedOperations' xlink:type='arc' />
<link:presentationArc order='30' xlink:arcrole='http://www.xbrl.org/2003/arcrole/parent-child' xlink:from='loc_SegmentReportingMeasurementDisclosuresAbstract' xlink:to='loc_DescriptionOfNatureOfDifferencesBetweenMeasurementsOfReportableSegmentsAssetsAndEntitysAssets' xlink:type='arc' />
<link:presentationArc order='40' xlink:arcrole='http://www.xbrl.org/2003/arcrole/parent-child' xlink:from='loc_SegmentReportingMeasurementDisclosuresAbstract' xlink:to='loc_DescriptionOfNatureOfChangesFromPriorPeriodsInMeasurementMethodsUsedToDetermineReportedSegmentProfitOrLossAndEffectOfThoseChangesOnMeasureOfSegmentProfitOrLoss' xlink:type='arc' />
<link:presentationArc order='50' xlink:arcrole='http://www.xbrl.org/2003/arcrole/parent-child' xlink:from='loc_SegmentReportingMeasurementDisclosuresAbstract' xlink:to='loc_DescriptionOfNatureAndEffectOfAnyAsymmetricalAllocationsToReportableSegments' xlink:type='arc' />
<link:presentationArc order='60' xlink:arcrole='http://www.xbrl.org/2003/arcrole/parent-child' xlink:from='loc_SegmentReportingDisclosureOfEntitysReportableSegmentsAbstract' xlink:to='loc_SegmentReportingDisclosureOfMajorCustomers' xlink:type='arc' />
<link:presentationArc order='70' xlink:arcrole='http://www.xbrl.org/2003/arcrole/parent-child' xlink:from='loc_SegmentReportingDisclosureOfEntitysReportableSegmentsAbstract' xlink:to='loc_SegmentReportingDisclosureOfOtherInformationAboutEntitysReportableSegmentsAbstract' xlink:type='arc' />
<link:presentationArc order='10' xlink:arcrole='http://www.xbrl.org/2003/arcrole/parent-child' xlink:from='loc_SegmentReportingDisclosureOfOtherInformationAboutEntitysReportableSegmentsAbstract' xlink:to='loc_BasisForAttributingRevenuesFromExternalCustomersToIndividualCountries' xlink:type='arc' />
<link:presentationArc order='20' xlink:arcrole='http://www.xbrl.org/2003/arcrole/parent-child' xlink:from='loc_SegmentReportingDisclosureOfOtherInformationAboutEntitysReportableSegmentsAbstract' xlink:to='loc_ExplanationOfInterestRevenueReportedNetOfInterestExpense' xlink:type='arc' />
<link:presentationArc order='30' xlink:arcrole='http://www.xbrl.org/2003/arcrole/parent-child' xlink:from='loc_SegmentReportingDisclosureOfOtherInformationAboutEntitysReportableSegmentsAbstract' xlink:to='loc_ExplanationOfNecessaryInformationNotAvailableAndDevelopmentCostExcessive' xlink:type='arc' />
<link:presentationArc order='40' xlink:arcrole='http://www.xbrl.org/2003/arcrole/parent-child' xlink:from='loc_SegmentReportingDisclosureOfOtherInformationAboutEntitysReportableSegmentsAbstract' xlink:to='loc_AdditionalInformationAboutEntitysReportableSegments' xlink:type='arc' />
<link:presentationArc order='80' xlink:arcrole='http://www.xbrl.org/2003/arcrole/parent-child' xlink:from='loc_SegmentReportingDisclosureOfEntitysReportableSegmentsAbstract' xlink:to='loc_NumberOfOperatingSegments' xlink:type='arc' />
<link:presentationArc order='90' xlink:arcrole='http://www.xbrl.org/2003/arcrole/parent-child' xlink:from='loc_SegmentReportingDisclosureOfEntitysReportableSegmentsAbstract' xlink:to='loc_NumberOfReportableSegments' xlink:type='arc' />
<link:presentationArc order='20' xlink:arcrole='http://www.xbrl.org/2003/arcrole/parent-child' xlink:from='loc_SegmentReportingDisclosureTextBlock' xlink:to='loc_ScheduleOfSegmentReportingInformationBySegmentTextBlock' xlink:type='arc' />
<link:presentationArc order='10' xlink:arcrole='http://www.xbrl.org/2003/arcrole/parent-child' xlink:from='loc_ScheduleOfSegmentReportingInformationBySegmentTextBlock' xlink:to='loc_ScheduleOfSegmentReportingInformationBySegmentTable' xlink:type='arc' />
<link:presentationArc order='10' xlink:arcrole='http://www.xbrl.org/2003/arcrole/parent-child' xlink:from='loc_ScheduleOfSegmentReportingInformationBySegmentTable' xlink:to='loc_StatementBusinessSegmentsAxis' xlink:type='arc' />
<link:presentationArc order='10' xlink:arcrole='http://www.xbrl.org/2003/arcrole/parent-child' xlink:from='loc_StatementBusinessSegmentsAxis' xlink:to='loc_SegmentDomain' xlink:type='arc' />
<link:presentationArc order='10' xlink:arcrole='http://www.xbrl.org/2003/arcrole/parent-child' xlink:from='loc_SegmentDomain' xlink:to='loc_OperatingSegmentsMember' xlink:type='arc' />
<link:presentationArc order='10' xlink:arcrole='http://www.xbrl.org/2003/arcrole/parent-child' xlink:from='loc_OperatingSegmentsMember' xlink:to='loc_ReportableSegmentsMember' xlink:type='arc' />
<link:presentationArc order='20' xlink:arcrole='http://www.xbrl.org/2003/arcrole/parent-child' xlink:from='loc_OperatingSegmentsMember' xlink:to='loc_AllOtherSegmentsMember' xlink:type='arc' />
<link:presentationArc order='20' xlink:arcrole='http://www.xbrl.org/2003/arcrole/parent-child' xlink:from='loc_SegmentDomain' xlink:to='loc_CorporateMember' xlink:type='arc' />
<link:presentationArc order='30' xlink:arcrole='http://www.xbrl.org/2003/arcrole/parent-child' xlink:from='loc_SegmentDomain' xlink:to='loc_CorporateAndOtherMember' xlink:type='arc' />
<link:presentationArc order='40' xlink:arcrole='http://www.xbrl.org/2003/arcrole/parent-child' xlink:from='loc_SegmentDomain' xlink:to='loc_MaterialReconcilingItemsMember' xlink:type='arc' />
<link:presentationArc order='10' xlink:arcrole='http://www.xbrl.org/2003/arcrole/parent-child' xlink:from='loc_MaterialReconcilingItemsMember' xlink:to='loc_UnallocatedAmountToSegmentMember' xlink:type='arc' />
<link:presentationArc order='20' xlink:arcrole='http://www.xbrl.org/2003/arcrole/parent-child' xlink:from='loc_MaterialReconcilingItemsMember' xlink:to='loc_IntersegmentEliminationMember' xlink:type='arc' />
<link:presentationArc order='20' use='optional' xlink:arcrole='http://www.xbrl.org/2003/arcrole/parent-child' xlink:from='loc_ScheduleOfSegmentReportingInformationBySegmentTable' xlink:to='loc_SegmentReportingInformationLineItems' xlink:type='arc' />
<link:presentationArc order='10' xlink:arcrole='http://www.xbrl.org/2003/arcrole/parent-child' xlink:from='loc_SegmentReportingInformationLineItems' xlink:to='loc_SegmentReportingInformationProfitLossAbstract' xlink:type='arc' />
<link:presentationArc order='10' xlink:arcrole='http://www.xbrl.org/2003/arcrole/parent-child' xlink:from='loc_SegmentReportingInformationProfitLossAbstract' xlink:to='loc_SegmentReportingInformationIncomeLossBeforeIncomeTaxesAbstract' xlink:type='arc' />
<link:presentationArc order='10' xlink:arcrole='http://www.xbrl.org/2003/arcrole/parent-child' xlink:from='loc_SegmentReportingInformationIncomeLossBeforeIncomeTaxesAbstract' xlink:to='loc_SegmentReportingInformationOperatingIncomeLossAbstract' xlink:type='arc' />
<link:presentationArc order='10' xlink:arcrole='http://www.xbrl.org/2003/arcrole/parent-child' xlink:from='loc_SegmentReportingInformationOperatingIncomeLossAbstract' xlink:to='loc_SegmentReportingInformationRevenueAbstract' xlink:type='arc' />
<link:presentationArc order='10' xlink:arcrole='http://www.xbrl.org/2003/arcrole/parent-child' xlink:from='loc_SegmentReportingInformationRevenueAbstract' xlink:to='loc_Revenues' xlink:type='arc' />
<link:presentationArc order='20' xlink:arcrole='http://www.xbrl.org/2003/arcrole/parent-child' xlink:from='loc_SegmentReportingInformationRevenueAbstract' xlink:to='loc_RevenuesFromTransactionsWithOtherOperatingSegmentsOfSameEntity' xlink:type='arc' />
<link:presentationArc order='30' xlink:arcrole='http://www.xbrl.org/2003/arcrole/parent-child' xlink:from='loc_SegmentReportingInformationRevenueAbstract' xlink:to='loc_InterestRevenueOrExpenseNetAbstract' xlink:type='arc' />
<link:presentationArc order='10' xlink:arcrole='http://www.xbrl.org/2003/arcrole/parent-child' xlink:from='loc_InterestRevenueOrExpenseNetAbstract' xlink:to='loc_InvestmentIncomeInterest' xlink:type='arc' />
<link:presentationArc order='20' xlink:arcrole='http://www.xbrl.org/2003/arcrole/parent-child' xlink:from='loc_InterestRevenueOrExpenseNetAbstract' xlink:to='loc_InterestExpense' xlink:type='arc' />
<link:presentationArc order='30' preferredLabel='http://www.xbrl.org/2003/role/totalLabel' xlink:arcrole='http://www.xbrl.org/2003/arcrole/parent-child' xlink:from='loc_InterestRevenueOrExpenseNetAbstract' xlink:to='loc_InterestRevenueExpenseNet' xlink:type='arc' />
<link:presentationArc order='40' preferredLabel='http://www.xbrl.org/2003/role/totalLabel' use='optional' xlink:arcrole='http://www.xbrl.org/2003/arcrole/parent-child' xlink:from='loc_SegmentReportingInformationRevenueAbstract' xlink:to='loc_SegmentReportingInformationRevenue' xlink:type='arc' />
<link:presentationArc order='20' xlink:arcrole='http://www.xbrl.org/2003/arcrole/parent-child' xlink:from='loc_SegmentReportingInformationOperatingIncomeLossAbstract' xlink:to='loc_DepreciationAndAmortizationAbstract' xlink:type='arc' />
<link:presentationArc order='10' xlink:arcrole='http://www.xbrl.org/2003/arcrole/parent-child' xlink:from='loc_DepreciationAndAmortizationAbstract' xlink:to='loc_Depreciation' xlink:type='arc' />
<link:presentationArc order='20' xlink:arcrole='http://www.xbrl.org/2003/arcrole/parent-child' xlink:from='loc_DepreciationAndAmortizationAbstract' xlink:to='loc_Depletion' xlink:type='arc' />
<link:presentationArc order='30' xlink:arcrole='http://www.xbrl.org/2003/arcrole/parent-child' xlink:from='loc_DepreciationAndAmortizationAbstract' xlink:to='loc_AdjustmentForAmortization' xlink:type='arc' />
<link:presentationArc order='40' xlink:arcrole='http://www.xbrl.org/2003/arcrole/parent-child' xlink:from='loc_DepreciationAndAmortizationAbstract' xlink:to='loc_OtherDepreciationAndAmortization' xlink:type='arc' />
<link:presentationArc order='50' preferredLabel='http://www.xbrl.org/2003/role/totalLabel' xlink:arcrole='http://www.xbrl.org/2003/arcrole/parent-child' xlink:from='loc_DepreciationAndAmortizationAbstract' xlink:to='loc_DepreciationDepletionAndAmortization' xlink:type='arc' />
<link:presentationArc order='30' xlink:arcrole='http://www.xbrl.org/2003/arcrole/parent-child' xlink:from='loc_SegmentReportingInformationOperatingIncomeLossAbstract' xlink:to='loc_OperatingIncomeLoss' xlink:type='arc' />
<link:presentationArc order='20' xlink:arcrole='http://www.xbrl.org/2003/arcrole/parent-child' xlink:from='loc_SegmentReportingInformationIncomeLossBeforeIncomeTaxesAbstract' xlink:to='loc_OtherNonrecurringIncomeExpense' xlink:type='arc' />
<link:presentationArc order='30' xlink:arcrole='http://www.xbrl.org/2003/arcrole/parent-child' xlink:from='loc_SegmentReportingInformationIncomeLossBeforeIncomeTaxesAbstract' xlink:to='loc_IncomeLossFromEquityMethodInvestments' xlink:type='arc' />
<link:presentationArc order='40' xlink:arcrole='http://www.xbrl.org/2003/arcrole/parent-child' xlink:from='loc_SegmentReportingInformationIncomeLossBeforeIncomeTaxesAbstract' xlink:to='loc_IncomeLossFromContinuingOperationsBeforeIncomeTaxesExtraordinaryItemsNoncontrollingInterest' xlink:type='arc' />
<link:presentationArc order='20' xlink:arcrole='http://www.xbrl.org/2003/arcrole/parent-child' xlink:from='loc_SegmentReportingInformationProfitLossAbstract' xlink:to='loc_IncomeTaxExpenseBenefit' xlink:type='arc' />
<link:presentationArc order='30' xlink:arcrole='http://www.xbrl.org/2003/arcrole/parent-child' xlink:from='loc_SegmentReportingInformationProfitLossAbstract' xlink:to='loc_ExtraordinaryItemsGross' xlink:type='arc' />
<link:presentationArc order='40' xlink:arcrole='http://www.xbrl.org/2003/arcrole/parent-child' xlink:from='loc_SegmentReportingInformationProfitLossAbstract' xlink:to='loc_ProfitLoss' xlink:type='arc' />
<link:presentationArc order='20' xlink:arcrole='http://www.xbrl.org/2003/arcrole/parent-child' xlink:from='loc_SegmentReportingInformationLineItems' xlink:to='loc_SegmentReportingInformationAdditionalElementsForBankPresentationAbstract' xlink:type='arc' />
<link:presentationArc order='10' xlink:arcrole='http://www.xbrl.org/2003/arcrole/parent-child' xlink:from='loc_SegmentReportingInformationAdditionalElementsForBankPresentationAbstract' xlink:to='loc_ProvisionForLoanLeaseAndOtherLosses' xlink:type='arc' />
<link:presentationArc order='20' xlink:arcrole='http://www.xbrl.org/2003/arcrole/parent-child' xlink:from='loc_SegmentReportingInformationAdditionalElementsForBankPresentationAbstract' xlink:to='loc_NoninterestIncome' xlink:type='arc' />
<link:presentationArc order='30' xlink:arcrole='http://www.xbrl.org/2003/arcrole/parent-child' xlink:from='loc_SegmentReportingInformationAdditionalElementsForBankPresentationAbstract' xlink:to='loc_NoninterestExpense' xlink:type='arc' />
<link:presentationArc order='40' xlink:arcrole='http://www.xbrl.org/2003/arcrole/parent-child' xlink:from='loc_SegmentReportingInformationAdditionalElementsForBankPresentationAbstract' xlink:to='loc_SegmentReportingInformationUnallocatedExpenseInNoninterestExpense' xlink:type='arc' />
<link:presentationArc order='50' xlink:arcrole='http://www.xbrl.org/2003/arcrole/parent-child' xlink:from='loc_SegmentReportingInformationAdditionalElementsForBankPresentationAbstract' xlink:to='loc_OtherNoninterestExpense' xlink:type='arc' />
<link:presentationArc order='60' xlink:arcrole='http://www.xbrl.org/2003/arcrole/parent-child' xlink:from='loc_SegmentReportingInformationAdditionalElementsForBankPresentationAbstract' xlink:to='loc_SegmentReportingInformationAverageAssets' xlink:type='arc' />
<link:presentationArc order='30' xlink:arcrole='http://www.xbrl.org/2003/arcrole/parent-child' xlink:from='loc_SegmentReportingInformationLineItems' xlink:to='loc_OtherMaterialNoncashItems' xlink:type='arc' />
<link:presentationArc order='40' xlink:arcrole='http://www.xbrl.org/2003/arcrole/parent-child' xlink:from='loc_SegmentReportingInformationLineItems' xlink:to='loc_AdditionsToNoncurrentAssets' xlink:type='arc' />
<link:presentationArc order='50' xlink:arcrole='http://www.xbrl.org/2003/arcrole/parent-child' xlink:from='loc_SegmentReportingInformationLineItems' xlink:to='loc_SegmentReportingInformationNetAssets' xlink:type='arc' />
<link:presentationArc order='60' xlink:arcrole='http://www.xbrl.org/2003/arcrole/parent-child' xlink:from='loc_SegmentReportingInformationLineItems' xlink:to='loc_Assets' xlink:type='arc' />
<link:presentationArc order='70' xlink:arcrole='http://www.xbrl.org/2003/arcrole/parent-child' xlink:from='loc_SegmentReportingInformationLineItems' xlink:to='loc_SegmentReportingInformationAdditionalInformationAbstract' xlink:type='arc' />
<link:presentationArc order='10' xlink:arcrole='http://www.xbrl.org/2003/arcrole/parent-child' xlink:from='loc_SegmentReportingInformationAdditionalInformationAbstract' xlink:to='loc_AccountsReceivableNet' xlink:type='arc' />
<link:presentationArc order='20' xlink:arcrole='http://www.xbrl.org/2003/arcrole/parent-child' xlink:from='loc_SegmentReportingInformationAdditionalInformationAbstract' xlink:to='loc_SegmentReportingInformationInventoryNet' xlink:type='arc' />
<link:presentationArc order='30' xlink:arcrole='http://www.xbrl.org/2003/arcrole/parent-child' xlink:from='loc_SegmentReportingInformationAdditionalInformationAbstract' xlink:to='loc_EquityMethodInvestments' xlink:type='arc' />
<link:presentationArc order='40' xlink:arcrole='http://www.xbrl.org/2003/arcrole/parent-child' xlink:from='loc_SegmentReportingInformationAdditionalInformationAbstract' xlink:to='loc_SegmentReportingInformationInvestments' xlink:type='arc' />
<link:presentationArc order='50' xlink:arcrole='http://www.xbrl.org/2003/arcrole/parent-child' xlink:from='loc_SegmentReportingInformationAdditionalInformationAbstract' xlink:to='loc_PropertyPlantAndEquipmentNet' xlink:type='arc' />
<link:presentationArc order='60' xlink:arcrole='http://www.xbrl.org/2003/arcrole/parent-child' xlink:from='loc_SegmentReportingInformationAdditionalInformationAbstract' xlink:to='loc_Goodwill' xlink:type='arc' />
<link:presentationArc order='70' xlink:arcrole='http://www.xbrl.org/2003/arcrole/parent-child' xlink:from='loc_SegmentReportingInformationAdditionalInformationAbstract' xlink:to='loc_IntangibleAssetsNetExcludingGoodwill' xlink:type='arc' />
<link:presentationArc order='80' xlink:arcrole='http://www.xbrl.org/2003/arcrole/parent-child' xlink:from='loc_SegmentReportingInformationAdditionalInformationAbstract' xlink:to='loc_OtherAssets' xlink:type='arc' />
<link:presentationArc order='90' xlink:arcrole='http://www.xbrl.org/2003/arcrole/parent-child' xlink:from='loc_SegmentReportingInformationAdditionalInformationAbstract' xlink:to='loc_AccountsPayableAndAccruedLiabilitiesCurrentAndNoncurrent' xlink:type='arc' />
<link:presentationArc order='100' xlink:arcrole='http://www.xbrl.org/2003/arcrole/parent-child' xlink:from='loc_SegmentReportingInformationAdditionalInformationAbstract' xlink:to='loc_DebtAndCapitalLeaseObligations' xlink:type='arc' />
<link:presentationArc order='110' xlink:arcrole='http://www.xbrl.org/2003/arcrole/parent-child' xlink:from='loc_SegmentReportingInformationAdditionalInformationAbstract' xlink:to='loc_OtherLiabilities' xlink:type='arc' />
<link:presentationArc order='30' xlink:arcrole='http://www.xbrl.org/2003/arcrole/parent-child' xlink:from='loc_SegmentReportingDisclosureTextBlock' xlink:to='loc_ReconciliationFromSegmentTotalsToConsolidatedAbstract' xlink:type='arc' />
<link:presentationArc order='10' xlink:arcrole='http://www.xbrl.org/2003/arcrole/parent-child' xlink:from='loc_ReconciliationFromSegmentTotalsToConsolidatedAbstract' xlink:to='loc_ReconciliationOfOperatingProfitLossFromSegmentsToConsolidatedAbstract' xlink:type='arc' />
<link:presentationArc order='10' use='optional' xlink:arcrole='http://www.xbrl.org/2003/arcrole/parent-child' xlink:from='loc_ReconciliationOfOperatingProfitLossFromSegmentsToConsolidatedAbstract' xlink:to='loc_ReconciliationOfOperatingProfitLossFromSegmentsToConsolidated' xlink:type='arc' />
<link:presentationArc order='20' use='optional' xlink:arcrole='http://www.xbrl.org/2003/arcrole/parent-child' xlink:from='loc_ReconciliationOfOperatingProfitLossFromSegmentsToConsolidatedAbstract' xlink:to='loc_ReconciliationOfOperatingProfitLossFromSegmentsToConsolidatedTextBlock' xlink:type='arc' />
<link:presentationArc order='10' xlink:arcrole='http://www.xbrl.org/2003/arcrole/parent-child' xlink:from='loc_ReconciliationOfOperatingProfitLossFromSegmentsToConsolidatedTextBlock' xlink:to='loc_ReconciliationOfOperatingProfitLossFromSegmentsToConsolidatedTable' xlink:type='arc' />
<link:presentationArc order='10' xlink:arcrole='http://www.xbrl.org/2003/arcrole/parent-child' xlink:from='loc_ReconciliationOfOperatingProfitLossFromSegmentsToConsolidatedTable' xlink:to='loc_StatementBusinessSegmentsAxis' xlink:type='arc' />
<link:presentationArc order='20' use='optional' xlink:arcrole='http://www.xbrl.org/2003/arcrole/parent-child' xlink:from='loc_ReconciliationOfOperatingProfitLossFromSegmentsToConsolidatedTable' xlink:to='loc_SegmentReportingReconcilingItemForOperatingProfitLossFromSegmentToConsolidatedLineItems' xlink:type='arc' />
<link:presentationArc order='10' xlink:arcrole='http://www.xbrl.org/2003/arcrole/parent-child' xlink:from='loc_SegmentReportingReconcilingItemForOperatingProfitLossFromSegmentToConsolidatedLineItems' xlink:to='loc_IncomeLossFromContinuingOperationsBeforeIncomeTaxesExtraordinaryItemsNoncontrollingInterest' xlink:type='arc' />
<link:presentationArc order='20' xlink:arcrole='http://www.xbrl.org/2003/arcrole/parent-child' xlink:from='loc_ReconciliationFromSegmentTotalsToConsolidatedAbstract' xlink:to='loc_ReconciliationOfRevenueFromSegmentsToConsolidatedTextBlock' xlink:type='arc' />
<link:presentationArc order='10' xlink:arcrole='http://www.xbrl.org/2003/arcrole/parent-child' xlink:from='loc_ReconciliationOfRevenueFromSegmentsToConsolidatedTextBlock' xlink:to='loc_ReconciliationOfRevenueFromSegmentsToConsolidatedTable' xlink:type='arc' />
<link:presentationArc order='10' xlink:arcrole='http://www.xbrl.org/2003/arcrole/parent-child' xlink:from='loc_ReconciliationOfRevenueFromSegmentsToConsolidatedTable' xlink:to='loc_StatementBusinessSegmentsAxis' xlink:type='arc' />
<link:presentationArc order='20' use='optional' xlink:arcrole='http://www.xbrl.org/2003/arcrole/parent-child' xlink:from='loc_ReconciliationOfRevenueFromSegmentsToConsolidatedTable' xlink:to='loc_SegmentReportingRevenueReconcilingItemLineItems' xlink:type='arc' />
<link:presentationArc order='10' xlink:arcrole='http://www.xbrl.org/2003/arcrole/parent-child' xlink:from='loc_SegmentReportingRevenueReconcilingItemLineItems' xlink:to='loc_Revenues' xlink:type='arc' />
<link:presentationArc order='30' xlink:arcrole='http://www.xbrl.org/2003/arcrole/parent-child' xlink:from='loc_ReconciliationFromSegmentTotalsToConsolidatedAbstract' xlink:to='loc_ReconciliationOfAssetsFromSegmentToConsolidatedTextBlock' xlink:type='arc' />
<link:presentationArc order='10' xlink:arcrole='http://www.xbrl.org/2003/arcrole/parent-child' xlink:from='loc_ReconciliationOfAssetsFromSegmentToConsolidatedTextBlock' xlink:to='loc_ReconciliationOfAssetsFromSegmentToConsolidatedTable' xlink:type='arc' />
<link:presentationArc order='10' xlink:arcrole='http://www.xbrl.org/2003/arcrole/parent-child' xlink:from='loc_ReconciliationOfAssetsFromSegmentToConsolidatedTable' xlink:to='loc_StatementBusinessSegmentsAxis' xlink:type='arc' />
<link:presentationArc order='20' use='optional' xlink:arcrole='http://www.xbrl.org/2003/arcrole/parent-child' xlink:from='loc_ReconciliationOfAssetsFromSegmentToConsolidatedTable' xlink:to='loc_SegmentReportingAssetReconcilingItemLineItems' xlink:type='arc' />
<link:presentationArc order='10' xlink:arcrole='http://www.xbrl.org/2003/arcrole/parent-child' xlink:from='loc_SegmentReportingAssetReconcilingItemLineItems' xlink:to='loc_Assets' xlink:type='arc' />
<link:presentationArc order='40' xlink:arcrole='http://www.xbrl.org/2003/arcrole/parent-child' xlink:from='loc_ReconciliationFromSegmentTotalsToConsolidatedAbstract' xlink:to='loc_ReconciliationOfOtherSignificantReconcilingItemsFromSegmentsToConsolidatedTextBlock' xlink:type='arc' />
<link:presentationArc order='10' xlink:arcrole='http://www.xbrl.org/2003/arcrole/parent-child' xlink:from='loc_ReconciliationOfOtherSignificantReconcilingItemsFromSegmentsToConsolidatedTextBlock' xlink:to='loc_ReconciliationOfOtherSignificantReconcilingItemsFromSegmentsToConsolidatedTable' xlink:type='arc' />
<link:presentationArc order='10' xlink:arcrole='http://www.xbrl.org/2003/arcrole/parent-child' xlink:from='loc_ReconciliationOfOtherSignificantReconcilingItemsFromSegmentsToConsolidatedTable' xlink:to='loc_StatementBusinessSegmentsAxis' xlink:type='arc' />
<link:presentationArc order='20' use='optional' xlink:arcrole='http://www.xbrl.org/2003/arcrole/parent-child' xlink:from='loc_ReconciliationOfOtherSignificantReconcilingItemsFromSegmentsToConsolidatedTable' xlink:to='loc_SegmentReportingOtherSignificantReconcilingItemLineItems' xlink:type='arc' />
<link:presentationArc order='10' xlink:arcrole='http://www.xbrl.org/2003/arcrole/parent-child' xlink:from='loc_SegmentReportingOtherSignificantReconcilingItemLineItems' xlink:to='loc_SegmentReportingOtherSignificantReconcilingItemConsolidatedAbstract' xlink:type='arc' />
<link:presentationArc order='10' xlink:arcrole='http://www.xbrl.org/2003/arcrole/parent-child' xlink:from='loc_SegmentReportingOtherSignificantReconcilingItemConsolidatedAbstract' xlink:to='loc_AccountsReceivableNet' xlink:type='arc' />
<link:presentationArc order='20' xlink:arcrole='http://www.xbrl.org/2003/arcrole/parent-child' xlink:from='loc_SegmentReportingOtherSignificantReconcilingItemConsolidatedAbstract' xlink:to='loc_SegmentReportingInformationInventoryNet' xlink:type='arc' />
<link:presentationArc order='30' xlink:arcrole='http://www.xbrl.org/2003/arcrole/parent-child' xlink:from='loc_SegmentReportingOtherSignificantReconcilingItemConsolidatedAbstract' xlink:to='loc_EquityMethodInvestments' xlink:type='arc' />
<link:presentationArc order='40' xlink:arcrole='http://www.xbrl.org/2003/arcrole/parent-child' xlink:from='loc_SegmentReportingOtherSignificantReconcilingItemConsolidatedAbstract' xlink:to='loc_SegmentReportingInformationInvestments' xlink:type='arc' />
<link:presentationArc order='50' xlink:arcrole='http://www.xbrl.org/2003/arcrole/parent-child' xlink:from='loc_SegmentReportingOtherSignificantReconcilingItemConsolidatedAbstract' xlink:to='loc_PropertyPlantAndEquipmentNet' xlink:type='arc' />
<link:presentationArc order='60' xlink:arcrole='http://www.xbrl.org/2003/arcrole/parent-child' xlink:from='loc_SegmentReportingOtherSignificantReconcilingItemConsolidatedAbstract' xlink:to='loc_Goodwill' xlink:type='arc' />
<link:presentationArc order='70' xlink:arcrole='http://www.xbrl.org/2003/arcrole/parent-child' xlink:from='loc_SegmentReportingOtherSignificantReconcilingItemConsolidatedAbstract' xlink:to='loc_OtherAssets' xlink:type='arc' />
<link:presentationArc order='80' xlink:arcrole='http://www.xbrl.org/2003/arcrole/parent-child' xlink:from='loc_SegmentReportingOtherSignificantReconcilingItemConsolidatedAbstract' xlink:to='loc_AccountsPayableAndAccruedLiabilitiesCurrentAndNoncurrent' xlink:type='arc' />
<link:presentationArc order='90' xlink:arcrole='http://www.xbrl.org/2003/arcrole/parent-child' xlink:from='loc_SegmentReportingOtherSignificantReconcilingItemConsolidatedAbstract' xlink:to='loc_DebtAndCapitalLeaseObligations' xlink:type='arc' />
<link:presentationArc order='100' xlink:arcrole='http://www.xbrl.org/2003/arcrole/parent-child' xlink:from='loc_SegmentReportingOtherSignificantReconcilingItemConsolidatedAbstract' xlink:to='loc_OtherLiabilities' xlink:type='arc' />
<link:presentationArc order='50' xlink:arcrole='http://www.xbrl.org/2003/arcrole/parent-child' xlink:from='loc_ReconciliationFromSegmentTotalsToConsolidatedAbstract' xlink:to='loc_ScheduleOfEntityWideInformationRevenueFromExternalCustomersByProductsAndServicesTextBlock' xlink:type='arc' />
<link:presentationArc order='10' use='optional' xlink:arcrole='http://www.xbrl.org/2003/arcrole/parent-child' xlink:from='loc_ScheduleOfEntityWideInformationRevenueFromExternalCustomersByProductsAndServicesTextBlock' xlink:to='loc_ScheduleOfEntityWideInformationRevenueFromExternalCustomersByProductsAndServicesTable' xlink:type='arc' />
<link:presentationArc order='10' xlink:arcrole='http://www.xbrl.org/2003/arcrole/parent-child' xlink:from='loc_ScheduleOfEntityWideInformationRevenueFromExternalCustomersByProductsAndServicesTable' xlink:to='loc_ProductOrServiceAxis' xlink:type='arc' />
<link:presentationArc order='10' xlink:arcrole='http://www.xbrl.org/2003/arcrole/parent-child' xlink:from='loc_ProductOrServiceAxis' xlink:to='loc_ProductsAndServicesDomain' xlink:type='arc' />
<link:presentationArc order='20' use='optional' xlink:arcrole='http://www.xbrl.org/2003/arcrole/parent-child' xlink:from='loc_ScheduleOfEntityWideInformationRevenueFromExternalCustomersByProductsAndServicesTable' xlink:to='loc_EntityWideInformationRevenueFromExternalCustomerLineItems' xlink:type='arc' />
<link:presentationArc order='10' xlink:arcrole='http://www.xbrl.org/2003/arcrole/parent-child' xlink:from='loc_EntityWideInformationRevenueFromExternalCustomerLineItems' xlink:to='loc_RevenuesFromExternalCustomers' xlink:type='arc' />
<link:presentationArc order='40' xlink:arcrole='http://www.xbrl.org/2003/arcrole/parent-child' xlink:from='loc_SegmentReportingDisclosureTextBlock' xlink:to='loc_SegmentsGeographicalAreasAbstract' xlink:type='arc' />
<link:presentationArc order='10' xlink:arcrole='http://www.xbrl.org/2003/arcrole/parent-child' xlink:from='loc_SegmentsGeographicalAreasAbstract' xlink:to='loc_GeographicAreasRevenuesFromExternalCustomersAbstract' xlink:type='arc' />
<link:presentationArc order='10' xlink:arcrole='http://www.xbrl.org/2003/arcrole/parent-child' xlink:from='loc_GeographicAreasRevenuesFromExternalCustomersAbstract' xlink:to='loc_EntityWideDisclosureOnGeographicAreasDescriptionOfRevenueFromExternalCustomers' xlink:type='arc' />
<link:presentationArc order='20' xlink:arcrole='http://www.xbrl.org/2003/arcrole/parent-child' xlink:from='loc_GeographicAreasRevenuesFromExternalCustomersAbstract' xlink:to='loc_EntityWideDisclosureOnGeographicAreasRevenueFromExternalCustomersAttributedToEntitysCountryOfDomicile' xlink:type='arc' />
<link:presentationArc order='30' xlink:arcrole='http://www.xbrl.org/2003/arcrole/parent-child' xlink:from='loc_GeographicAreasRevenuesFromExternalCustomersAbstract' xlink:to='loc_EntityWideDisclosureOnGeographicAreasRevenueFromExternalCustomersAttributedToForeignCountries' xlink:type='arc' />
<link:presentationArc order='20' xlink:arcrole='http://www.xbrl.org/2003/arcrole/parent-child' xlink:from='loc_SegmentsGeographicalAreasAbstract' xlink:to='loc_GeographicAreasLongLivedAssetsAbstract' xlink:type='arc' />
<link:presentationArc order='10' xlink:arcrole='http://www.xbrl.org/2003/arcrole/parent-child' xlink:from='loc_GeographicAreasLongLivedAssetsAbstract' xlink:to='loc_EntityWideDisclosureOnGeographicAreasLongLivedAssets' xlink:type='arc' />
<link:presentationArc order='20' xlink:arcrole='http://www.xbrl.org/2003/arcrole/parent-child' xlink:from='loc_GeographicAreasLongLivedAssetsAbstract' xlink:to='loc_EntityWideDisclosureOnGeographicAreasLongLivedAssetsInEntitysCountryOfDomicile' xlink:type='arc' />
<link:presentationArc order='30' xlink:arcrole='http://www.xbrl.org/2003/arcrole/parent-child' xlink:from='loc_GeographicAreasLongLivedAssetsAbstract' xlink:to='loc_EntityWideDisclosureOnGeographicAreasLongLivedAssetsInForeignCountries' xlink:type='arc' />
<link:presentationArc order='30' xlink:arcrole='http://www.xbrl.org/2003/arcrole/parent-child' xlink:from='loc_SegmentsGeographicalAreasAbstract' xlink:to='loc_ScheduleOfRevenueFromExternalCustomersAttributedToForeignCountriesByGeographicAreaTextBlock' xlink:type='arc' />
<link:presentationArc order='40' xlink:arcrole='http://www.xbrl.org/2003/arcrole/parent-child' xlink:from='loc_SegmentsGeographicalAreasAbstract' xlink:to='loc_ScheduleOfRevenuesFromExternalCustomersAndLongLivedAssetsByGeographicalAreasTableTextBlock' xlink:type='arc' />
<link:presentationArc order='10' xlink:arcrole='http://www.xbrl.org/2003/arcrole/parent-child' xlink:from='loc_ScheduleOfRevenuesFromExternalCustomersAndLongLivedAssetsByGeographicalAreasTableTextBlock' xlink:to='loc_ScheduleOfRevenuesFromExternalCustomersAndLongLivedAssetsTable' xlink:type='arc' />
<link:presentationArc order='10' xlink:arcrole='http://www.xbrl.org/2003/arcrole/parent-child' xlink:from='loc_ScheduleOfRevenuesFromExternalCustomersAndLongLivedAssetsTable' xlink:to='loc_StatementGeographicalAxis' xlink:type='arc' />
<link:presentationArc order='10' xlink:arcrole='http://www.xbrl.org/2003/arcrole/parent-child' xlink:from='loc_StatementGeographicalAxis' xlink:to='loc_SegmentGeographicalDomain' xlink:type='arc' />
<link:presentationArc order='10' xlink:arcrole='http://www.xbrl.org/2003/arcrole/parent-child' xlink:from='loc_SegmentGeographicalDomain' xlink:to='loc_SegmentGeographicalGroupsOfCountriesGroupOneMember' xlink:type='arc' />
<link:presentationArc order='20' xlink:arcrole='http://www.xbrl.org/2003/arcrole/parent-child' xlink:from='loc_SegmentGeographicalDomain' xlink:to='loc_SegmentGeographicalGroupsOfCountriesGroupTwoMember' xlink:type='arc' />
<link:presentationArc order='30' xlink:arcrole='http://www.xbrl.org/2003/arcrole/parent-child' xlink:from='loc_SegmentGeographicalDomain' xlink:to='loc_IntersegmentEliminationMember' xlink:type='arc' />
<link:presentationArc order='20' xlink:arcrole='http://www.xbrl.org/2003/arcrole/parent-child' xlink:from='loc_ScheduleOfRevenuesFromExternalCustomersAndLongLivedAssetsTable' xlink:to='loc_RevenuesFromExternalCustomersAndLongLivedAssetsLineItems' xlink:type='arc' />
<link:presentationArc order='10' xlink:arcrole='http://www.xbrl.org/2003/arcrole/parent-child' xlink:from='loc_RevenuesFromExternalCustomersAndLongLivedAssetsLineItems' xlink:to='loc_Revenues' xlink:type='arc' />
<link:presentationArc order='20' xlink:arcrole='http://www.xbrl.org/2003/arcrole/parent-child' xlink:from='loc_RevenuesFromExternalCustomersAndLongLivedAssetsLineItems' xlink:to='loc_NoncurrentAssets' xlink:type='arc' />
<link:presentationArc order='50' xlink:arcrole='http://www.xbrl.org/2003/arcrole/parent-child' xlink:from='loc_SegmentsGeographicalAreasAbstract' xlink:to='loc_ScheduleOfEntityWideDisclosureOnGeographicAreasLongLivedAssetsInIndividualForeignCountriesByCountryTextBlock' xlink:type='arc' />
<link:presentationArc order='50' xlink:arcrole='http://www.xbrl.org/2003/arcrole/parent-child' xlink:from='loc_SegmentReportingDisclosureTextBlock' xlink:to='loc_ScheduleOfRevenueByMajorCustomersByReportingSegmentsTableTextBlock' xlink:type='arc' />
<link:presentationArc order='10' xlink:arcrole='http://www.xbrl.org/2003/arcrole/parent-child' xlink:from='loc_ScheduleOfRevenueByMajorCustomersByReportingSegmentsTableTextBlock' xlink:to='loc_ScheduleOfEntityWideRevenueByMajorCustomersByReportingSegmentsTable' xlink:type='arc' />
<link:presentationArc order='10' xlink:arcrole='http://www.xbrl.org/2003/arcrole/parent-child' xlink:from='loc_ScheduleOfEntityWideRevenueByMajorCustomersByReportingSegmentsTable' xlink:to='loc_StatementBusinessSegmentsAxis' xlink:type='arc' />
<link:presentationArc order='20' xlink:arcrole='http://www.xbrl.org/2003/arcrole/parent-child' xlink:from='loc_ScheduleOfEntityWideRevenueByMajorCustomersByReportingSegmentsTable' xlink:to='loc_MajorCustomersAxis' xlink:type='arc' />
<link:presentationArc order='10' xlink:arcrole='http://www.xbrl.org/2003/arcrole/parent-child' xlink:from='loc_MajorCustomersAxis' xlink:to='loc_NameOfMajorCustomerDomain' xlink:type='arc' />
<link:presentationArc order='30' xlink:arcrole='http://www.xbrl.org/2003/arcrole/parent-child' xlink:from='loc_ScheduleOfEntityWideRevenueByMajorCustomersByReportingSegmentsTable' xlink:to='loc_EntityWideRevenueMajorCustomerLineItems' xlink:type='arc' />
<link:presentationArc order='10' use='optional' xlink:arcrole='http://www.xbrl.org/2003/arcrole/parent-child' xlink:from='loc_EntityWideRevenueMajorCustomerLineItems' xlink:to='loc_EntityWideRevenueMajorCustomerAmount' xlink:type='arc' />
<link:presentationArc order='20' xlink:arcrole='http://www.xbrl.org/2003/arcrole/parent-child' xlink:from='loc_EntityWideRevenueMajorCustomerLineItems' xlink:to='loc_EntityWideRevenueMajorCustomerPercentage' xlink:type='arc' />
</link:presentationLink>
</link:linkbase>
