<?xml version='1.0' encoding='UTF-8'?>

<!--
(c) XBRL US, Inc. 2007-2010; Financial Accounting Foundation, Inc. 2010-2012.  All Rights Reserved.
Notice: Authorized Uses are Set Forth at http://xbrl.fasb.org/terms/TaxonomiesTermsConditions.html
  -->
<link:linkbase xmlns:link='http://www.xbrl.org/2003/linkbase' xmlns:xbrldt='http://xbrl.org/2005/xbrldt' xmlns:xlink='http://www.w3.org/1999/xlink' xmlns:xsi='http://www.w3.org/2001/XMLSchema-instance' xsi:schemaLocation='http://www.xbrl.org/2003/linkbase http://www.xbrl.org/2003/xbrl-linkbase-2003-12-31.xsd'>
<link:roleRef roleURI='http://fasb.org/us-gaap/role/disclosure/Leases' xlink:href='../elts/us-roles-2012-01-31.xsd#lea' xlink:type='simple' />
<link:calculationLink xlink:role='http://fasb.org/us-gaap/role/disclosure/Leases' xlink:type='extended'>
<link:loc xlink:href='../elts/us-gaap-2012-01-31.xsd#us-gaap_CapitalLeaseObligations' xlink:label='loc_CapitalLeaseObligations' xlink:type='locator' />
<link:loc xlink:href='../elts/us-gaap-2012-01-31.xsd#us-gaap_CapitalLeaseObligationsCurrent' xlink:label='loc_CapitalLeaseObligationsCurrent' xlink:type='locator' />
<link:loc xlink:href='../elts/us-gaap-2012-01-31.xsd#us-gaap_CapitalLeaseObligationsNoncurrent' xlink:label='loc_CapitalLeaseObligationsNoncurrent' xlink:type='locator' />
<link:loc xlink:href='../elts/us-gaap-2012-01-31.xsd#us-gaap_CapitalLeasesBalanceSheetAssetsByMajorClassNet' xlink:label='loc_CapitalLeasesBalanceSheetAssetsByMajorClassNet' xlink:type='locator' />
<link:loc xlink:href='../elts/us-gaap-2012-01-31.xsd#us-gaap_CapitalLeasedAssetsGross' xlink:label='loc_CapitalLeasedAssetsGross' xlink:type='locator' />
<link:loc xlink:href='../elts/us-gaap-2012-01-31.xsd#us-gaap_CapitalLeasesLesseeBalanceSheetAssetsByMajorClassAccumulatedDeprecation' xlink:label='loc_CapitalLeasesLesseeBalanceSheetAssetsByMajorClassAccumulatedDeprecation' xlink:type='locator' />
<link:loc xlink:href='../elts/us-gaap-2012-01-31.xsd#us-gaap_CapitalLeasesFutureMinimumPaymentsReceivable' xlink:label='loc_CapitalLeasesFutureMinimumPaymentsReceivable' xlink:type='locator' />
<link:loc xlink:href='../elts/us-gaap-2012-01-31.xsd#us-gaap_CapitalLeasesFutureMinimumPaymentsReceivableCurrent' xlink:label='loc_CapitalLeasesFutureMinimumPaymentsReceivableCurrent' xlink:type='locator' />
<link:loc xlink:href='../elts/us-gaap-2012-01-31.xsd#us-gaap_CapitalLeasesFutureMinimumPaymentsReceivableInTwoYears' xlink:label='loc_CapitalLeasesFutureMinimumPaymentsReceivableInTwoYears' xlink:type='locator' />
<link:loc xlink:href='../elts/us-gaap-2012-01-31.xsd#us-gaap_CapitalLeasesFutureMinimumPaymentsReceivableInThreeYears' xlink:label='loc_CapitalLeasesFutureMinimumPaymentsReceivableInThreeYears' xlink:type='locator' />
<link:loc xlink:href='../elts/us-gaap-2012-01-31.xsd#us-gaap_CapitalLeasesFutureMinimumPaymentsReceivableInFourYears' xlink:label='loc_CapitalLeasesFutureMinimumPaymentsReceivableInFourYears' xlink:type='locator' />
<link:loc xlink:href='../elts/us-gaap-2012-01-31.xsd#us-gaap_CapitalLeasesFutureMinimumPaymentsReceivableInFiveYears' xlink:label='loc_CapitalLeasesFutureMinimumPaymentsReceivableInFiveYears' xlink:type='locator' />
<link:loc xlink:href='../elts/us-gaap-2012-01-31.xsd#us-gaap_CapitalLeasesFutureMinimumPaymentsReceivableDueThereafter' xlink:label='loc_CapitalLeasesFutureMinimumPaymentsReceivableDueThereafter' xlink:type='locator' />
<link:loc xlink:href='../elts/us-gaap-2012-01-31.xsd#us-gaap_CapitalLeasesFutureMinimumPaymentsPresentValueOfNetMinimumPayments' xlink:label='loc_CapitalLeasesFutureMinimumPaymentsPresentValueOfNetMinimumPayments' xlink:type='locator' />
<link:loc xlink:href='../elts/us-gaap-2012-01-31.xsd#us-gaap_CapitalLeasesFutureMinimumPaymentsNetMinimumPayments1' xlink:label='loc_CapitalLeasesFutureMinimumPaymentsNetMinimumPayments1' xlink:type='locator' />
<link:loc xlink:href='../elts/us-gaap-2012-01-31.xsd#us-gaap_CapitalLeasesFutureMinimumPaymentsDue' xlink:label='loc_CapitalLeasesFutureMinimumPaymentsDue' xlink:type='locator' />
<link:loc xlink:href='../elts/us-gaap-2012-01-31.xsd#us-gaap_CapitalLeasesFutureMinimumPaymentsDueCurrent' xlink:label='loc_CapitalLeasesFutureMinimumPaymentsDueCurrent' xlink:type='locator' />
<link:loc xlink:href='../elts/us-gaap-2012-01-31.xsd#us-gaap_CapitalLeasesFutureMinimumPaymentsDueInTwoAndThreeYears' xlink:label='loc_CapitalLeasesFutureMinimumPaymentsDueInTwoAndThreeYears' xlink:type='locator' />
<link:loc xlink:href='../elts/us-gaap-2012-01-31.xsd#us-gaap_CapitalLeasesFutureMinimumPaymentsDueInTwoYears' xlink:label='loc_CapitalLeasesFutureMinimumPaymentsDueInTwoYears' xlink:type='locator' />
<link:loc xlink:href='../elts/us-gaap-2012-01-31.xsd#us-gaap_CapitalLeasesFutureMinimumPaymentsDueInThreeYears' xlink:label='loc_CapitalLeasesFutureMinimumPaymentsDueInThreeYears' xlink:type='locator' />
<link:loc xlink:href='../elts/us-gaap-2012-01-31.xsd#us-gaap_CapitalLeasesFutureMinimumPaymentsDueInFourAndFiveYears' xlink:label='loc_CapitalLeasesFutureMinimumPaymentsDueInFourAndFiveYears' xlink:type='locator' />
<link:loc xlink:href='../elts/us-gaap-2012-01-31.xsd#us-gaap_CapitalLeasesFutureMinimumPaymentsDueInFourYears' xlink:label='loc_CapitalLeasesFutureMinimumPaymentsDueInFourYears' xlink:type='locator' />
<link:loc xlink:href='../elts/us-gaap-2012-01-31.xsd#us-gaap_CapitalLeasesFutureMinimumPaymentsDueInFiveYears' xlink:label='loc_CapitalLeasesFutureMinimumPaymentsDueInFiveYears' xlink:type='locator' />
<link:loc xlink:href='../elts/us-gaap-2012-01-31.xsd#us-gaap_CapitalLeasesFutureMinimumPaymentsDueThereafter' xlink:label='loc_CapitalLeasesFutureMinimumPaymentsDueThereafter' xlink:type='locator' />
<link:loc xlink:href='../elts/us-gaap-2012-01-31.xsd#us-gaap_CapitalLeasesFutureMinimumPaymentsExecutoryCosts' xlink:label='loc_CapitalLeasesFutureMinimumPaymentsExecutoryCosts' xlink:type='locator' />
<link:loc xlink:href='../elts/us-gaap-2012-01-31.xsd#us-gaap_CapitalLeasesFutureMinimumPaymentsInterestIncludedInPayments' xlink:label='loc_CapitalLeasesFutureMinimumPaymentsInterestIncludedInPayments' xlink:type='locator' />
<link:loc xlink:href='../elts/us-gaap-2012-01-31.xsd#us-gaap_CapitalLeasesIncomeStatementLeaseRevenue' xlink:label='loc_CapitalLeasesIncomeStatementLeaseRevenue' xlink:type='locator' />
<link:loc xlink:href='../elts/us-gaap-2012-01-31.xsd#us-gaap_CapitalLeasesIncomeStatementSalesTypeLeaseRevenue' xlink:label='loc_CapitalLeasesIncomeStatementSalesTypeLeaseRevenue' xlink:type='locator' />
<link:loc xlink:href='../elts/us-gaap-2012-01-31.xsd#us-gaap_CapitalLeasesIncomeStatementDirectFinancingLeaseRevenue' xlink:label='loc_CapitalLeasesIncomeStatementDirectFinancingLeaseRevenue' xlink:type='locator' />
<link:loc xlink:href='../elts/us-gaap-2012-01-31.xsd#us-gaap_CapitalLeasesNetInvestmentInDirectFinancingAndSalesTypeLeases' xlink:label='loc_CapitalLeasesNetInvestmentInDirectFinancingAndSalesTypeLeases' xlink:type='locator' />
<link:loc xlink:href='../elts/us-gaap-2012-01-31.xsd#us-gaap_CapitalLeasesNetInvestmentInDirectFinancingLeases' xlink:label='loc_CapitalLeasesNetInvestmentInDirectFinancingLeases' xlink:type='locator' />
<link:loc xlink:href='../elts/us-gaap-2012-01-31.xsd#us-gaap_CapitalLeasesNetInvestmentInDirectFinancingLeasesMinimumPaymentsToBeReceived' xlink:label='loc_CapitalLeasesNetInvestmentInDirectFinancingLeasesMinimumPaymentsToBeReceived' xlink:type='locator' />
<link:loc xlink:href='../elts/us-gaap-2012-01-31.xsd#us-gaap_CapitalLeasesNetInvestmentInDirectFinancingLeasesExecutoryCosts' xlink:label='loc_CapitalLeasesNetInvestmentInDirectFinancingLeasesExecutoryCosts' xlink:type='locator' />
<link:loc xlink:href='../elts/us-gaap-2012-01-31.xsd#us-gaap_CapitalLeasesNetInvestmentInDirectFinancingLeasesAllowanceForUncollectibleMinimumLeasePayments' xlink:label='loc_CapitalLeasesNetInvestmentInDirectFinancingLeasesAllowanceForUncollectibleMinimumLeasePayments' xlink:type='locator' />
<link:loc xlink:href='../elts/us-gaap-2012-01-31.xsd#us-gaap_CapitalLeasesNetInvestmentInDirectFinancingLeasesUnguaranteedResidualValuesOfLeasedProperty' xlink:label='loc_CapitalLeasesNetInvestmentInDirectFinancingLeasesUnguaranteedResidualValuesOfLeasedProperty' xlink:type='locator' />
<link:loc xlink:href='../elts/us-gaap-2012-01-31.xsd#us-gaap_CapitalLeasesNetInvestmentInDirectFinancingLeasesInitialDirectCosts' xlink:label='loc_CapitalLeasesNetInvestmentInDirectFinancingLeasesInitialDirectCosts' xlink:type='locator' />
<link:loc xlink:href='../elts/us-gaap-2012-01-31.xsd#us-gaap_CapitalLeasesNetInvestmentInDirectFinancingLeasesAccumulatedAmortization' xlink:label='loc_CapitalLeasesNetInvestmentInDirectFinancingLeasesAccumulatedAmortization' xlink:type='locator' />
<link:loc xlink:href='../elts/us-gaap-2012-01-31.xsd#us-gaap_CapitalLeasesNetInvestmentInDirectFinancingLeasesDeferredIncome' xlink:label='loc_CapitalLeasesNetInvestmentInDirectFinancingLeasesDeferredIncome' xlink:type='locator' />
<link:loc xlink:href='../elts/us-gaap-2012-01-31.xsd#us-gaap_CapitalLeasesNetInvestmentInSalesTypeLeases' xlink:label='loc_CapitalLeasesNetInvestmentInSalesTypeLeases' xlink:type='locator' />
<link:loc xlink:href='../elts/us-gaap-2012-01-31.xsd#us-gaap_CapitalLeasesNetInvestmentInSalesTypeLeasesMinimumPaymentsToBeReceived' xlink:label='loc_CapitalLeasesNetInvestmentInSalesTypeLeasesMinimumPaymentsToBeReceived' xlink:type='locator' />
<link:loc xlink:href='../elts/us-gaap-2012-01-31.xsd#us-gaap_CapitalLeasesNetInvestmentInSalesTypeLeasesExecutoryCosts' xlink:label='loc_CapitalLeasesNetInvestmentInSalesTypeLeasesExecutoryCosts' xlink:type='locator' />
<link:loc xlink:href='../elts/us-gaap-2012-01-31.xsd#us-gaap_CapitalLeasesNetInvestmentInSalesTypeLeasesAllowanceForUncollectibleMinimumLeasePayments' xlink:label='loc_CapitalLeasesNetInvestmentInSalesTypeLeasesAllowanceForUncollectibleMinimumLeasePayments' xlink:type='locator' />
<link:loc xlink:href='../elts/us-gaap-2012-01-31.xsd#us-gaap_CapitalLeasesNetInvestmentInSalesTypeLeasesUnguaranteedResidualValuesOfLeasedProperty' xlink:label='loc_CapitalLeasesNetInvestmentInSalesTypeLeasesUnguaranteedResidualValuesOfLeasedProperty' xlink:type='locator' />
<link:loc xlink:href='../elts/us-gaap-2012-01-31.xsd#us-gaap_CapitalLeasesNetInvestmentInSalesTypeLeasesDeferredIncome' xlink:label='loc_CapitalLeasesNetInvestmentInSalesTypeLeasesDeferredIncome' xlink:type='locator' />
<link:loc xlink:href='../elts/us-gaap-2012-01-31.xsd#us-gaap_FutureMinimumSubleaseRentalsSaleLeasebackTransactions' xlink:label='loc_FutureMinimumSubleaseRentalsSaleLeasebackTransactions' xlink:type='locator' />
<link:loc xlink:href='../elts/us-gaap-2012-01-31.xsd#us-gaap_FutureMinimumSubleaseRentalsSaleLeasebackTransactionsWithinOneYear' xlink:label='loc_FutureMinimumSubleaseRentalsSaleLeasebackTransactionsWithinOneYear' xlink:type='locator' />
<link:loc xlink:href='../elts/us-gaap-2012-01-31.xsd#us-gaap_FutureMinimumSubleaseRentalsSaleLeasebackTransactionsWithinTwoYears' xlink:label='loc_FutureMinimumSubleaseRentalsSaleLeasebackTransactionsWithinTwoYears' xlink:type='locator' />
<link:loc xlink:href='../elts/us-gaap-2012-01-31.xsd#us-gaap_FutureMinimumSubleaseRentalsSaleLeasebackTransactionsWithinThreeYears' xlink:label='loc_FutureMinimumSubleaseRentalsSaleLeasebackTransactionsWithinThreeYears' xlink:type='locator' />
<link:loc xlink:href='../elts/us-gaap-2012-01-31.xsd#us-gaap_FutureMinimumSubleaseRentalsSaleLeasebackTransactionsWithinFourYears' xlink:label='loc_FutureMinimumSubleaseRentalsSaleLeasebackTransactionsWithinFourYears' xlink:type='locator' />
<link:loc xlink:href='../elts/us-gaap-2012-01-31.xsd#us-gaap_FutureMinimumSubleaseRentalsSaleLeasebackTransactionsWithinFiveYears' xlink:label='loc_FutureMinimumSubleaseRentalsSaleLeasebackTransactionsWithinFiveYears' xlink:type='locator' />
<link:loc xlink:href='../elts/us-gaap-2012-01-31.xsd#us-gaap_FutureMinimumSubleaseRentalsSaleLeasebackTransactionsThereafter' xlink:label='loc_FutureMinimumSubleaseRentalsSaleLeasebackTransactionsThereafter' xlink:type='locator' />
<link:loc xlink:href='../elts/us-gaap-2012-01-31.xsd#us-gaap_LeveragedLeasesBalanceSheetInvestmentInLeveragedLeasesNet' xlink:label='loc_LeveragedLeasesBalanceSheetInvestmentInLeveragedLeasesNet' xlink:type='locator' />
<link:loc xlink:href='../elts/us-gaap-2012-01-31.xsd#us-gaap_LeveragedLeasesBalanceSheetInvestmentInLeveragedLeases' xlink:label='loc_LeveragedLeasesBalanceSheetInvestmentInLeveragedLeases' xlink:type='locator' />
<link:loc xlink:href='../elts/us-gaap-2012-01-31.xsd#us-gaap_LeveragedLeasesBalanceSheetDeferredTaxesArisingFromLeveragedLeases' xlink:label='loc_LeveragedLeasesBalanceSheetDeferredTaxesArisingFromLeveragedLeases' xlink:type='locator' />
<link:loc xlink:href='../elts/us-gaap-2012-01-31.xsd#us-gaap_LeveragedLeasesIncomeStatementNetIncomeFromLeveragedLeases' xlink:label='loc_LeveragedLeasesIncomeStatementNetIncomeFromLeveragedLeases' xlink:type='locator' />
<link:loc xlink:href='../elts/us-gaap-2012-01-31.xsd#us-gaap_LeveragedLeasesIncomeStatementIncomeFromLeveragedLeases' xlink:label='loc_LeveragedLeasesIncomeStatementIncomeFromLeveragedLeases' xlink:type='locator' />
<link:loc xlink:href='../elts/us-gaap-2012-01-31.xsd#us-gaap_LeveragedLeasesIncomeStatementIncomeTaxExpenseOnLeveragedLeases' xlink:label='loc_LeveragedLeasesIncomeStatementIncomeTaxExpenseOnLeveragedLeases' xlink:type='locator' />
<link:loc xlink:href='../elts/us-gaap-2012-01-31.xsd#us-gaap_LeveragedLeasesIncomeStatementInvestmentTaxCreditRecognizedOnLeveragedLeases' xlink:label='loc_LeveragedLeasesIncomeStatementInvestmentTaxCreditRecognizedOnLeveragedLeases' xlink:type='locator' />
<link:loc xlink:href='../elts/us-gaap-2012-01-31.xsd#us-gaap_LeveragedLeasesNetInvestmentInLeveragedLeasesDisclosureInvestmentInLeveragedLeasesNet' xlink:label='loc_LeveragedLeasesNetInvestmentInLeveragedLeasesDisclosureInvestmentInLeveragedLeasesNet' xlink:type='locator' />
<link:loc xlink:href='../elts/us-gaap-2012-01-31.xsd#us-gaap_LeveragedLeasesNetInvestmentInLeveragedLeasesDisclosureInvestmentTaxCreditReceivable' xlink:label='loc_LeveragedLeasesNetInvestmentInLeveragedLeasesDisclosureInvestmentTaxCreditReceivable' xlink:type='locator' />
<link:loc xlink:href='../elts/us-gaap-2012-01-31.xsd#us-gaap_LeveragedLeasesNetInvestmentInLeveragedLeasesDisclosureResidualValueOfLeasedAssets' xlink:label='loc_LeveragedLeasesNetInvestmentInLeveragedLeasesDisclosureResidualValueOfLeasedAssets' xlink:type='locator' />
<link:loc xlink:href='../elts/us-gaap-2012-01-31.xsd#us-gaap_LeveragedLeasesNetInvestmentInLeveragedLeasesDisclosureDeferredIncome' xlink:label='loc_LeveragedLeasesNetInvestmentInLeveragedLeasesDisclosureDeferredIncome' xlink:type='locator' />
<link:loc xlink:href='../elts/us-gaap-2012-01-31.xsd#us-gaap_LeveragedLeasesNetInvestmentInLeveragedLeasesDisclosureDeferredTaxesArisingFromLeveragedLeases' xlink:label='loc_LeveragedLeasesNetInvestmentInLeveragedLeasesDisclosureDeferredTaxesArisingFromLeveragedLeases' xlink:type='locator' />
<link:loc xlink:href='../elts/us-gaap-2012-01-31.xsd#us-gaap_LeveragedLeasesNetInvestmentInLeveragedLeasesDisclosureRentalReceivablesNet' xlink:label='loc_LeveragedLeasesNetInvestmentInLeveragedLeasesDisclosureRentalReceivablesNet' xlink:type='locator' />
<link:loc xlink:href='../elts/us-gaap-2012-01-31.xsd#us-gaap_LeveragedLeasesNetInvestmentInLeveragedLeasesDisclosureRentalReceivablesGross' xlink:label='loc_LeveragedLeasesNetInvestmentInLeveragedLeasesDisclosureRentalReceivablesGross' xlink:type='locator' />
<link:loc xlink:href='../elts/us-gaap-2012-01-31.xsd#us-gaap_LeveragedLeasesNetInvestmentInLeveragedLeasesDisclosureNonrecourseDebtService' xlink:label='loc_LeveragedLeasesNetInvestmentInLeveragedLeasesDisclosureNonrecourseDebtService' xlink:type='locator' />
<link:loc xlink:href='../elts/us-gaap-2012-01-31.xsd#us-gaap_NetInvestmentInDirectFinancingAndSalesTypeLeases' xlink:label='loc_NetInvestmentInDirectFinancingAndSalesTypeLeases' xlink:type='locator' />
<link:loc xlink:href='../elts/us-gaap-2012-01-31.xsd#us-gaap_CapitalLeasesLessorBalanceSheetNetInvestmentInDirectFinancingAndSalesTypeLeasesCurrent' xlink:label='loc_CapitalLeasesLessorBalanceSheetNetInvestmentInDirectFinancingAndSalesTypeLeasesCurrent' xlink:type='locator' />
<link:loc xlink:href='../elts/us-gaap-2012-01-31.xsd#us-gaap_CapitalLeasesLessorBalanceSheetNetInvestmentInDirectFinancingLeasesCurrent' xlink:label='loc_CapitalLeasesLessorBalanceSheetNetInvestmentInDirectFinancingLeasesCurrent' xlink:type='locator' />
<link:loc xlink:href='../elts/us-gaap-2012-01-31.xsd#us-gaap_CapitalLeasesLessorBalanceSheetNetInvestmentInSalesTypeLeasesCurrent' xlink:label='loc_CapitalLeasesLessorBalanceSheetNetInvestmentInSalesTypeLeasesCurrent' xlink:type='locator' />
<link:loc xlink:href='../elts/us-gaap-2012-01-31.xsd#us-gaap_CapitalLeasesLessorBalanceSheetNetInvestmentInDirectFinancingAndSalesTypeLeasesNoncurrent' xlink:label='loc_CapitalLeasesLessorBalanceSheetNetInvestmentInDirectFinancingAndSalesTypeLeasesNoncurrent' xlink:type='locator' />
<link:loc xlink:href='../elts/us-gaap-2012-01-31.xsd#us-gaap_CapitalLeasesLessorBalanceSheetNetInvestmentInDirectFinancingLeasesNoncurrent' xlink:label='loc_CapitalLeasesLessorBalanceSheetNetInvestmentInDirectFinancingLeasesNoncurrent' xlink:type='locator' />
<link:loc xlink:href='../elts/us-gaap-2012-01-31.xsd#us-gaap_CapitalLeasesLessorBalanceSheetNetInvestmentInSalesTypeLeasesNoncurrent' xlink:label='loc_CapitalLeasesLessorBalanceSheetNetInvestmentInSalesTypeLeasesNoncurrent' xlink:type='locator' />
<link:loc xlink:href='../elts/us-gaap-2012-01-31.xsd#us-gaap_OperatingLeasesFutureMinimumPaymentsDue' xlink:label='loc_OperatingLeasesFutureMinimumPaymentsDue' xlink:type='locator' />
<link:loc xlink:href='../elts/us-gaap-2012-01-31.xsd#us-gaap_OperatingLeasesFutureMinimumPaymentsDueCurrent' xlink:label='loc_OperatingLeasesFutureMinimumPaymentsDueCurrent' xlink:type='locator' />
<link:loc xlink:href='../elts/us-gaap-2012-01-31.xsd#us-gaap_OperatingLeasesFutureMinimumPaymentsDueInTwoAndThreeYears' xlink:label='loc_OperatingLeasesFutureMinimumPaymentsDueInTwoAndThreeYears' xlink:type='locator' />
<link:loc xlink:href='../elts/us-gaap-2012-01-31.xsd#us-gaap_OperatingLeasesFutureMinimumPaymentsDueInTwoYears' xlink:label='loc_OperatingLeasesFutureMinimumPaymentsDueInTwoYears' xlink:type='locator' />
<link:loc xlink:href='../elts/us-gaap-2012-01-31.xsd#us-gaap_OperatingLeasesFutureMinimumPaymentsDueInThreeYears' xlink:label='loc_OperatingLeasesFutureMinimumPaymentsDueInThreeYears' xlink:type='locator' />
<link:loc xlink:href='../elts/us-gaap-2012-01-31.xsd#us-gaap_OperatingLeasesFutureMinimumPaymentsDueInFourAndFiveYears' xlink:label='loc_OperatingLeasesFutureMinimumPaymentsDueInFourAndFiveYears' xlink:type='locator' />
<link:loc xlink:href='../elts/us-gaap-2012-01-31.xsd#us-gaap_OperatingLeasesFutureMinimumPaymentsDueInFourYears' xlink:label='loc_OperatingLeasesFutureMinimumPaymentsDueInFourYears' xlink:type='locator' />
<link:loc xlink:href='../elts/us-gaap-2012-01-31.xsd#us-gaap_OperatingLeasesFutureMinimumPaymentsDueInFiveYears' xlink:label='loc_OperatingLeasesFutureMinimumPaymentsDueInFiveYears' xlink:type='locator' />
<link:loc xlink:href='../elts/us-gaap-2012-01-31.xsd#us-gaap_OperatingLeasesFutureMinimumPaymentsDueThereafter' xlink:label='loc_OperatingLeasesFutureMinimumPaymentsDueThereafter' xlink:type='locator' />
<link:loc xlink:href='../elts/us-gaap-2012-01-31.xsd#us-gaap_OperatingLeasesFutureMinimumPaymentsReceivable' xlink:label='loc_OperatingLeasesFutureMinimumPaymentsReceivable' xlink:type='locator' />
<link:loc xlink:href='../elts/us-gaap-2012-01-31.xsd#us-gaap_OperatingLeasesFutureMinimumPaymentsReceivableCurrent' xlink:label='loc_OperatingLeasesFutureMinimumPaymentsReceivableCurrent' xlink:type='locator' />
<link:loc xlink:href='../elts/us-gaap-2012-01-31.xsd#us-gaap_OperatingLeasesFutureMinimumPaymentsReceivableInTwoYears' xlink:label='loc_OperatingLeasesFutureMinimumPaymentsReceivableInTwoYears' xlink:type='locator' />
<link:loc xlink:href='../elts/us-gaap-2012-01-31.xsd#us-gaap_OperatingLeasesFutureMinimumPaymentsReceivableInThreeYears' xlink:label='loc_OperatingLeasesFutureMinimumPaymentsReceivableInThreeYears' xlink:type='locator' />
<link:loc xlink:href='../elts/us-gaap-2012-01-31.xsd#us-gaap_OperatingLeasesFutureMinimumPaymentsReceivableInFourYears' xlink:label='loc_OperatingLeasesFutureMinimumPaymentsReceivableInFourYears' xlink:type='locator' />
<link:loc xlink:href='../elts/us-gaap-2012-01-31.xsd#us-gaap_OperatingLeasesFutureMinimumPaymentsReceivableInFiveYears' xlink:label='loc_OperatingLeasesFutureMinimumPaymentsReceivableInFiveYears' xlink:type='locator' />
<link:loc xlink:href='../elts/us-gaap-2012-01-31.xsd#us-gaap_OperatingLeasesFutureMinimumPaymentsReceivableThereafter' xlink:label='loc_OperatingLeasesFutureMinimumPaymentsReceivableThereafter' xlink:type='locator' />
<link:loc xlink:href='../elts/us-gaap-2012-01-31.xsd#us-gaap_OperatingLeasesIncomeStatementLeaseRevenue' xlink:label='loc_OperatingLeasesIncomeStatementLeaseRevenue' xlink:type='locator' />
<link:loc xlink:href='../elts/us-gaap-2012-01-31.xsd#us-gaap_OperatingLeasesIncomeStatementMinimumLeaseRevenue' xlink:label='loc_OperatingLeasesIncomeStatementMinimumLeaseRevenue' xlink:type='locator' />
<link:loc xlink:href='../elts/us-gaap-2012-01-31.xsd#us-gaap_OperatingLeasesIncomeStatementContingentRevenue' xlink:label='loc_OperatingLeasesIncomeStatementContingentRevenue' xlink:type='locator' />
<link:loc xlink:href='../elts/us-gaap-2012-01-31.xsd#us-gaap_PercentageRent' xlink:label='loc_PercentageRent' xlink:type='locator' />
<link:loc xlink:href='../elts/us-gaap-2012-01-31.xsd#us-gaap_OperatingLeasesIncomeStatementSubleaseRevenue' xlink:label='loc_OperatingLeasesIncomeStatementSubleaseRevenue' xlink:type='locator' />
<link:loc xlink:href='../elts/us-gaap-2012-01-31.xsd#us-gaap_OperatingLeasesRentExpenseNet' xlink:label='loc_OperatingLeasesRentExpenseNet' xlink:type='locator' />
<link:loc xlink:href='../elts/us-gaap-2012-01-31.xsd#us-gaap_OperatingLeasesRentExpenseMinimumRentals' xlink:label='loc_OperatingLeasesRentExpenseMinimumRentals' xlink:type='locator' />
<link:loc xlink:href='../elts/us-gaap-2012-01-31.xsd#us-gaap_OperatingLeasesRentExpenseContingentRentals' xlink:label='loc_OperatingLeasesRentExpenseContingentRentals' xlink:type='locator' />
<link:loc xlink:href='../elts/us-gaap-2012-01-31.xsd#us-gaap_OperatingLeasesRentExpenseSubleaseRentals1' xlink:label='loc_OperatingLeasesRentExpenseSubleaseRentals1' xlink:type='locator' />
<link:loc xlink:href='../elts/us-gaap-2012-01-31.xsd#us-gaap_PresentValueOfFutureMinimumLeasePaymentsSaleLeasebackTransactions' xlink:label='loc_PresentValueOfFutureMinimumLeasePaymentsSaleLeasebackTransactions' xlink:type='locator' />
<link:loc xlink:href='../elts/us-gaap-2012-01-31.xsd#us-gaap_MinimumLeasePaymentsSaleLeasebackTransactions' xlink:label='loc_MinimumLeasePaymentsSaleLeasebackTransactions' xlink:type='locator' />
<link:loc xlink:href='../elts/us-gaap-2012-01-31.xsd#us-gaap_MinimumLeasePaymentsSaleLeasebackTransactionsWithinOneYear' xlink:label='loc_MinimumLeasePaymentsSaleLeasebackTransactionsWithinOneYear' xlink:type='locator' />
<link:loc xlink:href='../elts/us-gaap-2012-01-31.xsd#us-gaap_MinimumLeasePaymentsSaleLeasebackTransactionsWithinTwoYears' xlink:label='loc_MinimumLeasePaymentsSaleLeasebackTransactionsWithinTwoYears' xlink:type='locator' />
<link:loc xlink:href='../elts/us-gaap-2012-01-31.xsd#us-gaap_MinimumLeasePaymentsSaleLeasebackTransactionsWithinThreeYears' xlink:label='loc_MinimumLeasePaymentsSaleLeasebackTransactionsWithinThreeYears' xlink:type='locator' />
<link:loc xlink:href='../elts/us-gaap-2012-01-31.xsd#us-gaap_MinimumLeasePaymentsSaleLeasebackTransactionsWithinFourYears' xlink:label='loc_MinimumLeasePaymentsSaleLeasebackTransactionsWithinFourYears' xlink:type='locator' />
<link:loc xlink:href='../elts/us-gaap-2012-01-31.xsd#us-gaap_MinimumLeasePaymentsSaleLeasebackTransactionsWithinFiveYears' xlink:label='loc_MinimumLeasePaymentsSaleLeasebackTransactionsWithinFiveYears' xlink:type='locator' />
<link:loc xlink:href='../elts/us-gaap-2012-01-31.xsd#us-gaap_MinimumLeasePaymentsSaleLeasebackTransactionsThereafter' xlink:label='loc_MinimumLeasePaymentsSaleLeasebackTransactionsThereafter' xlink:type='locator' />
<link:loc xlink:href='../elts/us-gaap-2012-01-31.xsd#us-gaap_InterestPortionOfMinimumLeasePaymentsSaleLeasebackTransactions' xlink:label='loc_InterestPortionOfMinimumLeasePaymentsSaleLeasebackTransactions' xlink:type='locator' />
<link:loc xlink:href='../elts/us-gaap-2012-01-31.xsd#us-gaap_PropertySubjectToOrAvailableForOperatingLeaseNet' xlink:label='loc_PropertySubjectToOrAvailableForOperatingLeaseNet' xlink:type='locator' />
<link:loc xlink:href='../elts/us-gaap-2012-01-31.xsd#us-gaap_PropertySubjectToOrAvailableForOperatingLeaseGross' xlink:label='loc_PropertySubjectToOrAvailableForOperatingLeaseGross' xlink:type='locator' />
<link:loc xlink:href='../elts/us-gaap-2012-01-31.xsd#us-gaap_PropertySubjectToOrAvailableForOperatingLeaseAccumulatedDepreciation' xlink:label='loc_PropertySubjectToOrAvailableForOperatingLeaseAccumulatedDepreciation' xlink:type='locator' />
<link:loc xlink:href='../elts/us-gaap-2012-01-31.xsd#us-gaap_SaleLeasebackTransactionDeferredGainGross' xlink:label='loc_SaleLeasebackTransactionDeferredGainGross' xlink:type='locator' />
<link:loc xlink:href='../elts/us-gaap-2012-01-31.xsd#us-gaap_SaleLeasebackTransactionDeferredGainNet' xlink:label='loc_SaleLeasebackTransactionDeferredGainNet' xlink:type='locator' />
<link:loc xlink:href='../elts/us-gaap-2012-01-31.xsd#us-gaap_SaleLeasebackTransactionCumulativeGainRecognized1' xlink:label='loc_SaleLeasebackTransactionCumulativeGainRecognized1' xlink:type='locator' />
<link:loc xlink:href='../elts/us-gaap-2012-01-31.xsd#us-gaap_SaleLeasebackTransactionNetBookValue' xlink:label='loc_SaleLeasebackTransactionNetBookValue' xlink:type='locator' />
<link:loc xlink:href='../elts/us-gaap-2012-01-31.xsd#us-gaap_SaleLeasebackTransactionHistoricalCost' xlink:label='loc_SaleLeasebackTransactionHistoricalCost' xlink:type='locator' />
<link:loc xlink:href='../elts/us-gaap-2012-01-31.xsd#us-gaap_SaleLeasebackTransactionAccumulatedDepreciation' xlink:label='loc_SaleLeasebackTransactionAccumulatedDepreciation' xlink:type='locator' />
<link:calculationArc order='10' weight='1.0' xlink:arcrole='http://www.xbrl.org/2003/arcrole/summation-item' xlink:from='loc_CapitalLeaseObligations' xlink:to='loc_CapitalLeaseObligationsCurrent' xlink:type='arc' />
<link:calculationArc order='20' weight='1.0' xlink:arcrole='http://www.xbrl.org/2003/arcrole/summation-item' xlink:from='loc_CapitalLeaseObligations' xlink:to='loc_CapitalLeaseObligationsNoncurrent' xlink:type='arc' />
<link:calculationArc order='10' weight='1.0' xlink:arcrole='http://www.xbrl.org/2003/arcrole/summation-item' xlink:from='loc_CapitalLeasesBalanceSheetAssetsByMajorClassNet' xlink:to='loc_CapitalLeasedAssetsGross' xlink:type='arc' />
<link:calculationArc order='20' weight='-1.0' xlink:arcrole='http://www.xbrl.org/2003/arcrole/summation-item' xlink:from='loc_CapitalLeasesBalanceSheetAssetsByMajorClassNet' xlink:to='loc_CapitalLeasesLesseeBalanceSheetAssetsByMajorClassAccumulatedDeprecation' xlink:type='arc' />
<link:calculationArc order='10' weight='1.0' xlink:arcrole='http://www.xbrl.org/2003/arcrole/summation-item' xlink:from='loc_CapitalLeasesFutureMinimumPaymentsReceivable' xlink:to='loc_CapitalLeasesFutureMinimumPaymentsReceivableCurrent' xlink:type='arc' />
<link:calculationArc order='20' weight='1.0' xlink:arcrole='http://www.xbrl.org/2003/arcrole/summation-item' xlink:from='loc_CapitalLeasesFutureMinimumPaymentsReceivable' xlink:to='loc_CapitalLeasesFutureMinimumPaymentsReceivableInTwoYears' xlink:type='arc' />
<link:calculationArc order='30' weight='1.0' xlink:arcrole='http://www.xbrl.org/2003/arcrole/summation-item' xlink:from='loc_CapitalLeasesFutureMinimumPaymentsReceivable' xlink:to='loc_CapitalLeasesFutureMinimumPaymentsReceivableInThreeYears' xlink:type='arc' />
<link:calculationArc order='40' weight='1.0' xlink:arcrole='http://www.xbrl.org/2003/arcrole/summation-item' xlink:from='loc_CapitalLeasesFutureMinimumPaymentsReceivable' xlink:to='loc_CapitalLeasesFutureMinimumPaymentsReceivableInFourYears' xlink:type='arc' />
<link:calculationArc order='50' weight='1.0' xlink:arcrole='http://www.xbrl.org/2003/arcrole/summation-item' xlink:from='loc_CapitalLeasesFutureMinimumPaymentsReceivable' xlink:to='loc_CapitalLeasesFutureMinimumPaymentsReceivableInFiveYears' xlink:type='arc' />
<link:calculationArc order='60' weight='1.0' xlink:arcrole='http://www.xbrl.org/2003/arcrole/summation-item' xlink:from='loc_CapitalLeasesFutureMinimumPaymentsReceivable' xlink:to='loc_CapitalLeasesFutureMinimumPaymentsReceivableDueThereafter' xlink:type='arc' />
<link:calculationArc order='10' weight='1.0' xlink:arcrole='http://www.xbrl.org/2003/arcrole/summation-item' xlink:from='loc_CapitalLeasesFutureMinimumPaymentsPresentValueOfNetMinimumPayments' xlink:to='loc_CapitalLeasesFutureMinimumPaymentsNetMinimumPayments1' xlink:type='arc' />
<link:calculationArc order='10' weight='1.0' xlink:arcrole='http://www.xbrl.org/2003/arcrole/summation-item' xlink:from='loc_CapitalLeasesFutureMinimumPaymentsNetMinimumPayments1' xlink:to='loc_CapitalLeasesFutureMinimumPaymentsDue' xlink:type='arc' />
<link:calculationArc order='10' weight='1.0' xlink:arcrole='http://www.xbrl.org/2003/arcrole/summation-item' xlink:from='loc_CapitalLeasesFutureMinimumPaymentsDue' xlink:to='loc_CapitalLeasesFutureMinimumPaymentsDueCurrent' xlink:type='arc' />
<link:calculationArc order='20' weight='1.0' xlink:arcrole='http://www.xbrl.org/2003/arcrole/summation-item' xlink:from='loc_CapitalLeasesFutureMinimumPaymentsDue' xlink:to='loc_CapitalLeasesFutureMinimumPaymentsDueInTwoAndThreeYears' xlink:type='arc' />
<link:calculationArc order='10' weight='1.0' xlink:arcrole='http://www.xbrl.org/2003/arcrole/summation-item' xlink:from='loc_CapitalLeasesFutureMinimumPaymentsDueInTwoAndThreeYears' xlink:to='loc_CapitalLeasesFutureMinimumPaymentsDueInTwoYears' xlink:type='arc' />
<link:calculationArc order='20' weight='1.0' xlink:arcrole='http://www.xbrl.org/2003/arcrole/summation-item' xlink:from='loc_CapitalLeasesFutureMinimumPaymentsDueInTwoAndThreeYears' xlink:to='loc_CapitalLeasesFutureMinimumPaymentsDueInThreeYears' xlink:type='arc' />
<link:calculationArc order='30' weight='1.0' xlink:arcrole='http://www.xbrl.org/2003/arcrole/summation-item' xlink:from='loc_CapitalLeasesFutureMinimumPaymentsDue' xlink:to='loc_CapitalLeasesFutureMinimumPaymentsDueInFourAndFiveYears' xlink:type='arc' />
<link:calculationArc order='10' weight='1.0' xlink:arcrole='http://www.xbrl.org/2003/arcrole/summation-item' xlink:from='loc_CapitalLeasesFutureMinimumPaymentsDueInFourAndFiveYears' xlink:to='loc_CapitalLeasesFutureMinimumPaymentsDueInFourYears' xlink:type='arc' />
<link:calculationArc order='20' weight='1.0' xlink:arcrole='http://www.xbrl.org/2003/arcrole/summation-item' xlink:from='loc_CapitalLeasesFutureMinimumPaymentsDueInFourAndFiveYears' xlink:to='loc_CapitalLeasesFutureMinimumPaymentsDueInFiveYears' xlink:type='arc' />
<link:calculationArc order='40' weight='1.0' xlink:arcrole='http://www.xbrl.org/2003/arcrole/summation-item' xlink:from='loc_CapitalLeasesFutureMinimumPaymentsDue' xlink:to='loc_CapitalLeasesFutureMinimumPaymentsDueThereafter' xlink:type='arc' />
<link:calculationArc order='20' weight='-1.0' xlink:arcrole='http://www.xbrl.org/2003/arcrole/summation-item' xlink:from='loc_CapitalLeasesFutureMinimumPaymentsNetMinimumPayments1' xlink:to='loc_CapitalLeasesFutureMinimumPaymentsExecutoryCosts' xlink:type='arc' />
<link:calculationArc order='20' weight='-1.0' xlink:arcrole='http://www.xbrl.org/2003/arcrole/summation-item' xlink:from='loc_CapitalLeasesFutureMinimumPaymentsPresentValueOfNetMinimumPayments' xlink:to='loc_CapitalLeasesFutureMinimumPaymentsInterestIncludedInPayments' xlink:type='arc' />
<link:calculationArc order='10' weight='1.0' xlink:arcrole='http://www.xbrl.org/2003/arcrole/summation-item' xlink:from='loc_CapitalLeasesIncomeStatementLeaseRevenue' xlink:to='loc_CapitalLeasesIncomeStatementSalesTypeLeaseRevenue' xlink:type='arc' />
<link:calculationArc order='20' weight='1.0' xlink:arcrole='http://www.xbrl.org/2003/arcrole/summation-item' xlink:from='loc_CapitalLeasesIncomeStatementLeaseRevenue' xlink:to='loc_CapitalLeasesIncomeStatementDirectFinancingLeaseRevenue' xlink:type='arc' />
<link:calculationArc order='10' weight='1.0' xlink:arcrole='http://www.xbrl.org/2003/arcrole/summation-item' xlink:from='loc_CapitalLeasesNetInvestmentInDirectFinancingAndSalesTypeLeases' xlink:to='loc_CapitalLeasesNetInvestmentInDirectFinancingLeases' xlink:type='arc' />
<link:calculationArc order='10' weight='1.0' xlink:arcrole='http://www.xbrl.org/2003/arcrole/summation-item' xlink:from='loc_CapitalLeasesNetInvestmentInDirectFinancingLeases' xlink:to='loc_CapitalLeasesNetInvestmentInDirectFinancingLeasesMinimumPaymentsToBeReceived' xlink:type='arc' />
<link:calculationArc order='20' weight='-1.0' xlink:arcrole='http://www.xbrl.org/2003/arcrole/summation-item' xlink:from='loc_CapitalLeasesNetInvestmentInDirectFinancingLeases' xlink:to='loc_CapitalLeasesNetInvestmentInDirectFinancingLeasesExecutoryCosts' xlink:type='arc' />
<link:calculationArc order='30' weight='-1.0' xlink:arcrole='http://www.xbrl.org/2003/arcrole/summation-item' xlink:from='loc_CapitalLeasesNetInvestmentInDirectFinancingLeases' xlink:to='loc_CapitalLeasesNetInvestmentInDirectFinancingLeasesAllowanceForUncollectibleMinimumLeasePayments' xlink:type='arc' />
<link:calculationArc order='40' weight='1.0' xlink:arcrole='http://www.xbrl.org/2003/arcrole/summation-item' xlink:from='loc_CapitalLeasesNetInvestmentInDirectFinancingLeases' xlink:to='loc_CapitalLeasesNetInvestmentInDirectFinancingLeasesUnguaranteedResidualValuesOfLeasedProperty' xlink:type='arc' />
<link:calculationArc order='50' weight='1.0' xlink:arcrole='http://www.xbrl.org/2003/arcrole/summation-item' xlink:from='loc_CapitalLeasesNetInvestmentInDirectFinancingLeases' xlink:to='loc_CapitalLeasesNetInvestmentInDirectFinancingLeasesInitialDirectCosts' xlink:type='arc' />
<link:calculationArc order='60' weight='1.0' xlink:arcrole='http://www.xbrl.org/2003/arcrole/summation-item' xlink:from='loc_CapitalLeasesNetInvestmentInDirectFinancingLeases' xlink:to='loc_CapitalLeasesNetInvestmentInDirectFinancingLeasesAccumulatedAmortization' xlink:type='arc' />
<link:calculationArc order='70' weight='-1.0' xlink:arcrole='http://www.xbrl.org/2003/arcrole/summation-item' xlink:from='loc_CapitalLeasesNetInvestmentInDirectFinancingLeases' xlink:to='loc_CapitalLeasesNetInvestmentInDirectFinancingLeasesDeferredIncome' xlink:type='arc' />
<link:calculationArc order='20' weight='1.0' xlink:arcrole='http://www.xbrl.org/2003/arcrole/summation-item' xlink:from='loc_CapitalLeasesNetInvestmentInDirectFinancingAndSalesTypeLeases' xlink:to='loc_CapitalLeasesNetInvestmentInSalesTypeLeases' xlink:type='arc' />
<link:calculationArc order='10' weight='1.0' xlink:arcrole='http://www.xbrl.org/2003/arcrole/summation-item' xlink:from='loc_CapitalLeasesNetInvestmentInSalesTypeLeases' xlink:to='loc_CapitalLeasesNetInvestmentInSalesTypeLeasesMinimumPaymentsToBeReceived' xlink:type='arc' />
<link:calculationArc order='20' weight='-1.0' xlink:arcrole='http://www.xbrl.org/2003/arcrole/summation-item' xlink:from='loc_CapitalLeasesNetInvestmentInSalesTypeLeases' xlink:to='loc_CapitalLeasesNetInvestmentInSalesTypeLeasesExecutoryCosts' xlink:type='arc' />
<link:calculationArc order='30' weight='-1.0' xlink:arcrole='http://www.xbrl.org/2003/arcrole/summation-item' xlink:from='loc_CapitalLeasesNetInvestmentInSalesTypeLeases' xlink:to='loc_CapitalLeasesNetInvestmentInSalesTypeLeasesAllowanceForUncollectibleMinimumLeasePayments' xlink:type='arc' />
<link:calculationArc order='40' weight='1.0' xlink:arcrole='http://www.xbrl.org/2003/arcrole/summation-item' xlink:from='loc_CapitalLeasesNetInvestmentInSalesTypeLeases' xlink:to='loc_CapitalLeasesNetInvestmentInSalesTypeLeasesUnguaranteedResidualValuesOfLeasedProperty' xlink:type='arc' />
<link:calculationArc order='50' weight='-1.0' xlink:arcrole='http://www.xbrl.org/2003/arcrole/summation-item' xlink:from='loc_CapitalLeasesNetInvestmentInSalesTypeLeases' xlink:to='loc_CapitalLeasesNetInvestmentInSalesTypeLeasesDeferredIncome' xlink:type='arc' />
<link:calculationArc order='10' weight='1.0' xlink:arcrole='http://www.xbrl.org/2003/arcrole/summation-item' xlink:from='loc_FutureMinimumSubleaseRentalsSaleLeasebackTransactions' xlink:to='loc_FutureMinimumSubleaseRentalsSaleLeasebackTransactionsWithinOneYear' xlink:type='arc' />
<link:calculationArc order='20' weight='1.0' xlink:arcrole='http://www.xbrl.org/2003/arcrole/summation-item' xlink:from='loc_FutureMinimumSubleaseRentalsSaleLeasebackTransactions' xlink:to='loc_FutureMinimumSubleaseRentalsSaleLeasebackTransactionsWithinTwoYears' xlink:type='arc' />
<link:calculationArc order='30' weight='1.0' xlink:arcrole='http://www.xbrl.org/2003/arcrole/summation-item' xlink:from='loc_FutureMinimumSubleaseRentalsSaleLeasebackTransactions' xlink:to='loc_FutureMinimumSubleaseRentalsSaleLeasebackTransactionsWithinThreeYears' xlink:type='arc' />
<link:calculationArc order='40' weight='1.0' xlink:arcrole='http://www.xbrl.org/2003/arcrole/summation-item' xlink:from='loc_FutureMinimumSubleaseRentalsSaleLeasebackTransactions' xlink:to='loc_FutureMinimumSubleaseRentalsSaleLeasebackTransactionsWithinFourYears' xlink:type='arc' />
<link:calculationArc order='50' weight='1.0' xlink:arcrole='http://www.xbrl.org/2003/arcrole/summation-item' xlink:from='loc_FutureMinimumSubleaseRentalsSaleLeasebackTransactions' xlink:to='loc_FutureMinimumSubleaseRentalsSaleLeasebackTransactionsWithinFiveYears' xlink:type='arc' />
<link:calculationArc order='60' weight='1.0' xlink:arcrole='http://www.xbrl.org/2003/arcrole/summation-item' xlink:from='loc_FutureMinimumSubleaseRentalsSaleLeasebackTransactions' xlink:to='loc_FutureMinimumSubleaseRentalsSaleLeasebackTransactionsThereafter' xlink:type='arc' />
<link:calculationArc order='10' weight='1.0' xlink:arcrole='http://www.xbrl.org/2003/arcrole/summation-item' xlink:from='loc_LeveragedLeasesBalanceSheetInvestmentInLeveragedLeasesNet' xlink:to='loc_LeveragedLeasesBalanceSheetInvestmentInLeveragedLeases' xlink:type='arc' />
<link:calculationArc order='20' weight='-1.0' xlink:arcrole='http://www.xbrl.org/2003/arcrole/summation-item' xlink:from='loc_LeveragedLeasesBalanceSheetInvestmentInLeveragedLeasesNet' xlink:to='loc_LeveragedLeasesBalanceSheetDeferredTaxesArisingFromLeveragedLeases' xlink:type='arc' />
<link:calculationArc order='10' weight='1.0' xlink:arcrole='http://www.xbrl.org/2003/arcrole/summation-item' xlink:from='loc_LeveragedLeasesIncomeStatementNetIncomeFromLeveragedLeases' xlink:to='loc_LeveragedLeasesIncomeStatementIncomeFromLeveragedLeases' xlink:type='arc' />
<link:calculationArc order='20' weight='-1.0' xlink:arcrole='http://www.xbrl.org/2003/arcrole/summation-item' xlink:from='loc_LeveragedLeasesIncomeStatementNetIncomeFromLeveragedLeases' xlink:to='loc_LeveragedLeasesIncomeStatementIncomeTaxExpenseOnLeveragedLeases' xlink:type='arc' />
<link:calculationArc order='30' weight='1.0' xlink:arcrole='http://www.xbrl.org/2003/arcrole/summation-item' xlink:from='loc_LeveragedLeasesIncomeStatementNetIncomeFromLeveragedLeases' xlink:to='loc_LeveragedLeasesIncomeStatementInvestmentTaxCreditRecognizedOnLeveragedLeases' xlink:type='arc' />
<link:calculationArc order='10' weight='1.0' xlink:arcrole='http://www.xbrl.org/2003/arcrole/summation-item' xlink:from='loc_LeveragedLeasesNetInvestmentInLeveragedLeasesDisclosureInvestmentInLeveragedLeasesNet' xlink:to='loc_LeveragedLeasesNetInvestmentInLeveragedLeasesDisclosureInvestmentTaxCreditReceivable' xlink:type='arc' />
<link:calculationArc order='20' weight='1.0' xlink:arcrole='http://www.xbrl.org/2003/arcrole/summation-item' xlink:from='loc_LeveragedLeasesNetInvestmentInLeveragedLeasesDisclosureInvestmentInLeveragedLeasesNet' xlink:to='loc_LeveragedLeasesNetInvestmentInLeveragedLeasesDisclosureResidualValueOfLeasedAssets' xlink:type='arc' />
<link:calculationArc order='30' weight='-1.0' xlink:arcrole='http://www.xbrl.org/2003/arcrole/summation-item' xlink:from='loc_LeveragedLeasesNetInvestmentInLeveragedLeasesDisclosureInvestmentInLeveragedLeasesNet' xlink:to='loc_LeveragedLeasesNetInvestmentInLeveragedLeasesDisclosureDeferredIncome' xlink:type='arc' />
<link:calculationArc order='40' weight='-1.0' xlink:arcrole='http://www.xbrl.org/2003/arcrole/summation-item' xlink:from='loc_LeveragedLeasesNetInvestmentInLeveragedLeasesDisclosureInvestmentInLeveragedLeasesNet' xlink:to='loc_LeveragedLeasesNetInvestmentInLeveragedLeasesDisclosureDeferredTaxesArisingFromLeveragedLeases' xlink:type='arc' />
<link:calculationArc order='50' weight='1.0' xlink:arcrole='http://www.xbrl.org/2003/arcrole/summation-item' xlink:from='loc_LeveragedLeasesNetInvestmentInLeveragedLeasesDisclosureInvestmentInLeveragedLeasesNet' xlink:to='loc_LeveragedLeasesNetInvestmentInLeveragedLeasesDisclosureRentalReceivablesNet' xlink:type='arc' />
<link:calculationArc order='10' weight='1.0' xlink:arcrole='http://www.xbrl.org/2003/arcrole/summation-item' xlink:from='loc_LeveragedLeasesNetInvestmentInLeveragedLeasesDisclosureRentalReceivablesNet' xlink:to='loc_LeveragedLeasesNetInvestmentInLeveragedLeasesDisclosureRentalReceivablesGross' xlink:type='arc' />
<link:calculationArc order='20' weight='-1.0' xlink:arcrole='http://www.xbrl.org/2003/arcrole/summation-item' xlink:from='loc_LeveragedLeasesNetInvestmentInLeveragedLeasesDisclosureRentalReceivablesNet' xlink:to='loc_LeveragedLeasesNetInvestmentInLeveragedLeasesDisclosureNonrecourseDebtService' xlink:type='arc' />
<link:calculationArc order='10' weight='1.0' xlink:arcrole='http://www.xbrl.org/2003/arcrole/summation-item' xlink:from='loc_NetInvestmentInDirectFinancingAndSalesTypeLeases' xlink:to='loc_CapitalLeasesLessorBalanceSheetNetInvestmentInDirectFinancingAndSalesTypeLeasesCurrent' xlink:type='arc' />
<link:calculationArc order='10' weight='1.0' xlink:arcrole='http://www.xbrl.org/2003/arcrole/summation-item' xlink:from='loc_CapitalLeasesLessorBalanceSheetNetInvestmentInDirectFinancingAndSalesTypeLeasesCurrent' xlink:to='loc_CapitalLeasesLessorBalanceSheetNetInvestmentInDirectFinancingLeasesCurrent' xlink:type='arc' />
<link:calculationArc order='20' weight='1.0' xlink:arcrole='http://www.xbrl.org/2003/arcrole/summation-item' xlink:from='loc_CapitalLeasesLessorBalanceSheetNetInvestmentInDirectFinancingAndSalesTypeLeasesCurrent' xlink:to='loc_CapitalLeasesLessorBalanceSheetNetInvestmentInSalesTypeLeasesCurrent' xlink:type='arc' />
<link:calculationArc order='20' weight='1.0' xlink:arcrole='http://www.xbrl.org/2003/arcrole/summation-item' xlink:from='loc_NetInvestmentInDirectFinancingAndSalesTypeLeases' xlink:to='loc_CapitalLeasesLessorBalanceSheetNetInvestmentInDirectFinancingAndSalesTypeLeasesNoncurrent' xlink:type='arc' />
<link:calculationArc order='10' weight='1.0' xlink:arcrole='http://www.xbrl.org/2003/arcrole/summation-item' xlink:from='loc_CapitalLeasesLessorBalanceSheetNetInvestmentInDirectFinancingAndSalesTypeLeasesNoncurrent' xlink:to='loc_CapitalLeasesLessorBalanceSheetNetInvestmentInDirectFinancingLeasesNoncurrent' xlink:type='arc' />
<link:calculationArc order='20' weight='1.0' xlink:arcrole='http://www.xbrl.org/2003/arcrole/summation-item' xlink:from='loc_CapitalLeasesLessorBalanceSheetNetInvestmentInDirectFinancingAndSalesTypeLeasesNoncurrent' xlink:to='loc_CapitalLeasesLessorBalanceSheetNetInvestmentInSalesTypeLeasesNoncurrent' xlink:type='arc' />
<link:calculationArc order='10' weight='1.0' xlink:arcrole='http://www.xbrl.org/2003/arcrole/summation-item' xlink:from='loc_OperatingLeasesFutureMinimumPaymentsDue' xlink:to='loc_OperatingLeasesFutureMinimumPaymentsDueCurrent' xlink:type='arc' />
<link:calculationArc order='20' weight='1.0' xlink:arcrole='http://www.xbrl.org/2003/arcrole/summation-item' xlink:from='loc_OperatingLeasesFutureMinimumPaymentsDue' xlink:to='loc_OperatingLeasesFutureMinimumPaymentsDueInTwoAndThreeYears' xlink:type='arc' />
<link:calculationArc order='10' weight='1.0' xlink:arcrole='http://www.xbrl.org/2003/arcrole/summation-item' xlink:from='loc_OperatingLeasesFutureMinimumPaymentsDueInTwoAndThreeYears' xlink:to='loc_OperatingLeasesFutureMinimumPaymentsDueInTwoYears' xlink:type='arc' />
<link:calculationArc order='20' weight='1.0' xlink:arcrole='http://www.xbrl.org/2003/arcrole/summation-item' xlink:from='loc_OperatingLeasesFutureMinimumPaymentsDueInTwoAndThreeYears' xlink:to='loc_OperatingLeasesFutureMinimumPaymentsDueInThreeYears' xlink:type='arc' />
<link:calculationArc order='30' weight='1.0' xlink:arcrole='http://www.xbrl.org/2003/arcrole/summation-item' xlink:from='loc_OperatingLeasesFutureMinimumPaymentsDue' xlink:to='loc_OperatingLeasesFutureMinimumPaymentsDueInFourAndFiveYears' xlink:type='arc' />
<link:calculationArc order='10' weight='1.0' xlink:arcrole='http://www.xbrl.org/2003/arcrole/summation-item' xlink:from='loc_OperatingLeasesFutureMinimumPaymentsDueInFourAndFiveYears' xlink:to='loc_OperatingLeasesFutureMinimumPaymentsDueInFourYears' xlink:type='arc' />
<link:calculationArc order='20' weight='1.0' xlink:arcrole='http://www.xbrl.org/2003/arcrole/summation-item' xlink:from='loc_OperatingLeasesFutureMinimumPaymentsDueInFourAndFiveYears' xlink:to='loc_OperatingLeasesFutureMinimumPaymentsDueInFiveYears' xlink:type='arc' />
<link:calculationArc order='40' weight='1.0' xlink:arcrole='http://www.xbrl.org/2003/arcrole/summation-item' xlink:from='loc_OperatingLeasesFutureMinimumPaymentsDue' xlink:to='loc_OperatingLeasesFutureMinimumPaymentsDueThereafter' xlink:type='arc' />
<link:calculationArc order='10' weight='1.0' xlink:arcrole='http://www.xbrl.org/2003/arcrole/summation-item' xlink:from='loc_OperatingLeasesFutureMinimumPaymentsReceivable' xlink:to='loc_OperatingLeasesFutureMinimumPaymentsReceivableCurrent' xlink:type='arc' />
<link:calculationArc order='20' weight='1.0' xlink:arcrole='http://www.xbrl.org/2003/arcrole/summation-item' xlink:from='loc_OperatingLeasesFutureMinimumPaymentsReceivable' xlink:to='loc_OperatingLeasesFutureMinimumPaymentsReceivableInTwoYears' xlink:type='arc' />
<link:calculationArc order='30' weight='1.0' xlink:arcrole='http://www.xbrl.org/2003/arcrole/summation-item' xlink:from='loc_OperatingLeasesFutureMinimumPaymentsReceivable' xlink:to='loc_OperatingLeasesFutureMinimumPaymentsReceivableInThreeYears' xlink:type='arc' />
<link:calculationArc order='40' weight='1.0' xlink:arcrole='http://www.xbrl.org/2003/arcrole/summation-item' xlink:from='loc_OperatingLeasesFutureMinimumPaymentsReceivable' xlink:to='loc_OperatingLeasesFutureMinimumPaymentsReceivableInFourYears' xlink:type='arc' />
<link:calculationArc order='50' weight='1.0' xlink:arcrole='http://www.xbrl.org/2003/arcrole/summation-item' xlink:from='loc_OperatingLeasesFutureMinimumPaymentsReceivable' xlink:to='loc_OperatingLeasesFutureMinimumPaymentsReceivableInFiveYears' xlink:type='arc' />
<link:calculationArc order='60' weight='1.0' xlink:arcrole='http://www.xbrl.org/2003/arcrole/summation-item' xlink:from='loc_OperatingLeasesFutureMinimumPaymentsReceivable' xlink:to='loc_OperatingLeasesFutureMinimumPaymentsReceivableThereafter' xlink:type='arc' />
<link:calculationArc order='10' weight='1.0' xlink:arcrole='http://www.xbrl.org/2003/arcrole/summation-item' xlink:from='loc_OperatingLeasesIncomeStatementLeaseRevenue' xlink:to='loc_OperatingLeasesIncomeStatementMinimumLeaseRevenue' xlink:type='arc' />
<link:calculationArc order='20' weight='1.0' xlink:arcrole='http://www.xbrl.org/2003/arcrole/summation-item' xlink:from='loc_OperatingLeasesIncomeStatementLeaseRevenue' xlink:to='loc_OperatingLeasesIncomeStatementContingentRevenue' xlink:type='arc' />
<link:calculationArc order='30' weight='1.0' xlink:arcrole='http://www.xbrl.org/2003/arcrole/summation-item' xlink:from='loc_OperatingLeasesIncomeStatementLeaseRevenue' xlink:to='loc_PercentageRent' xlink:type='arc' />
<link:calculationArc order='40' weight='1.0' xlink:arcrole='http://www.xbrl.org/2003/arcrole/summation-item' xlink:from='loc_OperatingLeasesIncomeStatementLeaseRevenue' xlink:to='loc_OperatingLeasesIncomeStatementSubleaseRevenue' xlink:type='arc' />
<link:calculationArc order='10' weight='1.0' xlink:arcrole='http://www.xbrl.org/2003/arcrole/summation-item' xlink:from='loc_OperatingLeasesRentExpenseNet' xlink:to='loc_OperatingLeasesRentExpenseMinimumRentals' xlink:type='arc' />
<link:calculationArc order='20' weight='1.0' xlink:arcrole='http://www.xbrl.org/2003/arcrole/summation-item' xlink:from='loc_OperatingLeasesRentExpenseNet' xlink:to='loc_OperatingLeasesRentExpenseContingentRentals' xlink:type='arc' />
<link:calculationArc order='30' weight='-1.0' xlink:arcrole='http://www.xbrl.org/2003/arcrole/summation-item' xlink:from='loc_OperatingLeasesRentExpenseNet' xlink:to='loc_OperatingLeasesRentExpenseSubleaseRentals1' xlink:type='arc' />
<link:calculationArc order='10' weight='1.0' xlink:arcrole='http://www.xbrl.org/2003/arcrole/summation-item' xlink:from='loc_PresentValueOfFutureMinimumLeasePaymentsSaleLeasebackTransactions' xlink:to='loc_MinimumLeasePaymentsSaleLeasebackTransactions' xlink:type='arc' />
<link:calculationArc order='10' weight='1.0' xlink:arcrole='http://www.xbrl.org/2003/arcrole/summation-item' xlink:from='loc_MinimumLeasePaymentsSaleLeasebackTransactions' xlink:to='loc_MinimumLeasePaymentsSaleLeasebackTransactionsWithinOneYear' xlink:type='arc' />
<link:calculationArc order='20' weight='1.0' xlink:arcrole='http://www.xbrl.org/2003/arcrole/summation-item' xlink:from='loc_MinimumLeasePaymentsSaleLeasebackTransactions' xlink:to='loc_MinimumLeasePaymentsSaleLeasebackTransactionsWithinTwoYears' xlink:type='arc' />
<link:calculationArc order='30' weight='1.0' xlink:arcrole='http://www.xbrl.org/2003/arcrole/summation-item' xlink:from='loc_MinimumLeasePaymentsSaleLeasebackTransactions' xlink:to='loc_MinimumLeasePaymentsSaleLeasebackTransactionsWithinThreeYears' xlink:type='arc' />
<link:calculationArc order='40' weight='1.0' xlink:arcrole='http://www.xbrl.org/2003/arcrole/summation-item' xlink:from='loc_MinimumLeasePaymentsSaleLeasebackTransactions' xlink:to='loc_MinimumLeasePaymentsSaleLeasebackTransactionsWithinFourYears' xlink:type='arc' />
<link:calculationArc order='50' weight='1.0' xlink:arcrole='http://www.xbrl.org/2003/arcrole/summation-item' xlink:from='loc_MinimumLeasePaymentsSaleLeasebackTransactions' xlink:to='loc_MinimumLeasePaymentsSaleLeasebackTransactionsWithinFiveYears' xlink:type='arc' />
<link:calculationArc order='60' weight='1.0' xlink:arcrole='http://www.xbrl.org/2003/arcrole/summation-item' xlink:from='loc_MinimumLeasePaymentsSaleLeasebackTransactions' xlink:to='loc_MinimumLeasePaymentsSaleLeasebackTransactionsThereafter' xlink:type='arc' />
<link:calculationArc order='20' weight='-1.0' xlink:arcrole='http://www.xbrl.org/2003/arcrole/summation-item' xlink:from='loc_PresentValueOfFutureMinimumLeasePaymentsSaleLeasebackTransactions' xlink:to='loc_InterestPortionOfMinimumLeasePaymentsSaleLeasebackTransactions' xlink:type='arc' />
<link:calculationArc order='10' weight='1.0' xlink:arcrole='http://www.xbrl.org/2003/arcrole/summation-item' xlink:from='loc_PropertySubjectToOrAvailableForOperatingLeaseNet' xlink:to='loc_PropertySubjectToOrAvailableForOperatingLeaseGross' xlink:type='arc' />
<link:calculationArc order='20' weight='-1.0' xlink:arcrole='http://www.xbrl.org/2003/arcrole/summation-item' xlink:from='loc_PropertySubjectToOrAvailableForOperatingLeaseNet' xlink:to='loc_PropertySubjectToOrAvailableForOperatingLeaseAccumulatedDepreciation' xlink:type='arc' />
<link:calculationArc order='10' weight='1.0' xlink:arcrole='http://www.xbrl.org/2003/arcrole/summation-item' xlink:from='loc_SaleLeasebackTransactionDeferredGainGross' xlink:to='loc_SaleLeasebackTransactionDeferredGainNet' xlink:type='arc' />
<link:calculationArc order='20' weight='1.0' xlink:arcrole='http://www.xbrl.org/2003/arcrole/summation-item' xlink:from='loc_SaleLeasebackTransactionDeferredGainGross' xlink:to='loc_SaleLeasebackTransactionCumulativeGainRecognized1' xlink:type='arc' />
<link:calculationArc order='10' weight='1.0' xlink:arcrole='http://www.xbrl.org/2003/arcrole/summation-item' xlink:from='loc_SaleLeasebackTransactionNetBookValue' xlink:to='loc_SaleLeasebackTransactionHistoricalCost' xlink:type='arc' />
<link:calculationArc order='20' weight='-1.0' xlink:arcrole='http://www.xbrl.org/2003/arcrole/summation-item' xlink:from='loc_SaleLeasebackTransactionNetBookValue' xlink:to='loc_SaleLeasebackTransactionAccumulatedDepreciation' xlink:type='arc' />
</link:calculationLink>
</link:linkbase>
