<?xml version='1.0' encoding='UTF-8'?>

<!--
(c) XBRL US, Inc. 2007-2010; Financial Accounting Foundation, Inc. 2010-2012.  All Rights Reserved.
Notice: Authorized Uses are Set Forth at http://xbrl.fasb.org/terms/TaxonomiesTermsConditions.html
  -->
<link:linkbase xmlns:link='http://www.xbrl.org/2003/linkbase' xmlns:xbrldt='http://xbrl.org/2005/xbrldt' xmlns:xlink='http://www.w3.org/1999/xlink' xmlns:xsi='http://www.w3.org/2001/XMLSchema-instance' xsi:schemaLocation='http://www.xbrl.org/2003/linkbase http://www.xbrl.org/2003/xbrl-linkbase-2003-12-31.xsd'>
<link:roleRef roleURI='http://fasb.org/us-gaap/role/disclosure/InvestmentsEquityMethodAndJointVentures' xlink:href='../elts/us-roles-2012-01-31.xsd#emjv' xlink:type='simple' />
<link:calculationLink xlink:role='http://fasb.org/us-gaap/role/disclosure/InvestmentsEquityMethodAndJointVentures' xlink:type='extended'>
<link:loc xlink:href='../elts/us-gaap-2012-01-31.xsd#us-gaap_AvailableForSaleSecuritiesAmortizedCost' xlink:label='loc_AvailableForSaleSecuritiesAmortizedCost' xlink:type='locator' />
<link:loc xlink:href='../elts/us-gaap-2012-01-31.xsd#us-gaap_AvailableForSaleDebtSecuritiesAmortizedCostBasis' xlink:label='loc_AvailableForSaleDebtSecuritiesAmortizedCostBasis' xlink:type='locator' />
<link:loc xlink:href='../elts/us-gaap-2012-01-31.xsd#us-gaap_AvailableForSaleEquitySecuritiesAmortizedCostBasis' xlink:label='loc_AvailableForSaleEquitySecuritiesAmortizedCostBasis' xlink:type='locator' />
<link:loc xlink:href='../elts/us-gaap-2012-01-31.xsd#us-gaap_EquityMethodInvestmentDifferenceBetweenCarryingAmountAndUnderlyingEquity' xlink:label='loc_EquityMethodInvestmentDifferenceBetweenCarryingAmountAndUnderlyingEquity' xlink:type='locator' />
<link:loc xlink:href='../elts/us-gaap-2012-01-31.xsd#us-gaap_EquityMethodInvestments' xlink:label='loc_EquityMethodInvestments' xlink:type='locator' />
<link:loc xlink:href='../elts/us-gaap-2012-01-31.xsd#us-gaap_EquityMethodInvestmentUnderlyingEquityInNetAssets' xlink:label='loc_EquityMethodInvestmentUnderlyingEquityInNetAssets' xlink:type='locator' />
<link:loc xlink:href='../elts/us-gaap-2012-01-31.xsd#us-gaap_EquityMethodInvestmentRealizedGainLossOnDisposal' xlink:label='loc_EquityMethodInvestmentRealizedGainLossOnDisposal' xlink:type='locator' />
<link:loc xlink:href='../elts/us-gaap-2012-01-31.xsd#us-gaap_EquityMethodInvestmentNetSalesProceeds' xlink:label='loc_EquityMethodInvestmentNetSalesProceeds' xlink:type='locator' />
<link:loc xlink:href='../elts/us-gaap-2012-01-31.xsd#us-gaap_EquityMethodInvestmentSoldCarryingAmount' xlink:label='loc_EquityMethodInvestmentSoldCarryingAmount' xlink:type='locator' />
<link:loc xlink:href='../elts/us-gaap-2012-01-31.xsd#us-gaap_EquityMethodInvestmentSummarizedFinancialInformationAssets' xlink:label='loc_EquityMethodInvestmentSummarizedFinancialInformationAssets' xlink:type='locator' />
<link:loc xlink:href='../elts/us-gaap-2012-01-31.xsd#us-gaap_EquityMethodInvestmentSummarizedFinancialInformationCurrentAssets' xlink:label='loc_EquityMethodInvestmentSummarizedFinancialInformationCurrentAssets' xlink:type='locator' />
<link:loc xlink:href='../elts/us-gaap-2012-01-31.xsd#us-gaap_EquityMethodInvestmentSummarizedFinancialInformationNoncurrentAssets' xlink:label='loc_EquityMethodInvestmentSummarizedFinancialInformationNoncurrentAssets' xlink:type='locator' />
<link:loc xlink:href='../elts/us-gaap-2012-01-31.xsd#us-gaap_EquityMethodInvestmentSummarizedFinancialInformationGrossProfitLoss' xlink:label='loc_EquityMethodInvestmentSummarizedFinancialInformationGrossProfitLoss' xlink:type='locator' />
<link:loc xlink:href='../elts/us-gaap-2012-01-31.xsd#us-gaap_EquityMethodInvestmentSummarizedFinancialInformationRevenue' xlink:label='loc_EquityMethodInvestmentSummarizedFinancialInformationRevenue' xlink:type='locator' />
<link:loc xlink:href='../elts/us-gaap-2012-01-31.xsd#us-gaap_EquityMethodInvestmentSummarizedFinancialInformationCostOfSales' xlink:label='loc_EquityMethodInvestmentSummarizedFinancialInformationCostOfSales' xlink:type='locator' />
<link:loc xlink:href='../elts/us-gaap-2012-01-31.xsd#us-gaap_EquityMethodInvestmentSummarizedFinancialInformationLiabilitiesAndEquity' xlink:label='loc_EquityMethodInvestmentSummarizedFinancialInformationLiabilitiesAndEquity' xlink:type='locator' />
<link:loc xlink:href='../elts/us-gaap-2012-01-31.xsd#us-gaap_EquityMethodInvestmentSummarizedFinancialInformationLiabilities' xlink:label='loc_EquityMethodInvestmentSummarizedFinancialInformationLiabilities' xlink:type='locator' />
<link:loc xlink:href='../elts/us-gaap-2012-01-31.xsd#us-gaap_EquityMethodInvestmentSummarizedFinancialInformationCurrentLiabilities' xlink:label='loc_EquityMethodInvestmentSummarizedFinancialInformationCurrentLiabilities' xlink:type='locator' />
<link:loc xlink:href='../elts/us-gaap-2012-01-31.xsd#us-gaap_EquityMethodInvestmentSummarizedFinancialInformationNoncurrentLiabilities' xlink:label='loc_EquityMethodInvestmentSummarizedFinancialInformationNoncurrentLiabilities' xlink:type='locator' />
<link:loc xlink:href='../elts/us-gaap-2012-01-31.xsd#us-gaap_EquityMethodInvestmentSummarizedFinancialInformationRedeemablePreferredStock' xlink:label='loc_EquityMethodInvestmentSummarizedFinancialInformationRedeemablePreferredStock' xlink:type='locator' />
<link:loc xlink:href='../elts/us-gaap-2012-01-31.xsd#us-gaap_EquityMethodInvestmentSummarizedFinancialInformationEquity' xlink:label='loc_EquityMethodInvestmentSummarizedFinancialInformationEquity' xlink:type='locator' />
<link:loc xlink:href='../elts/us-gaap-2012-01-31.xsd#us-gaap_EquityMethodInvestmentSummarizedFinancialInformationEquityOrCapital' xlink:label='loc_EquityMethodInvestmentSummarizedFinancialInformationEquityOrCapital' xlink:type='locator' />
<link:loc xlink:href='../elts/us-gaap-2012-01-31.xsd#us-gaap_EquityMethodInvestmentSummarizedFinancialInformationMinorityInterest' xlink:label='loc_EquityMethodInvestmentSummarizedFinancialInformationMinorityInterest' xlink:type='locator' />
<link:loc xlink:href='../elts/us-gaap-2012-01-31.xsd#us-gaap_LifeSettlementContractsInvestmentMethodNumberOfContracts' xlink:label='loc_LifeSettlementContractsInvestmentMethodNumberOfContracts' xlink:type='locator' />
<link:loc xlink:href='../elts/us-gaap-2012-01-31.xsd#us-gaap_LifeSettlementContractsInvestmentMethodNumberOfContractsMaturingInNextTwelveMonths' xlink:label='loc_LifeSettlementContractsInvestmentMethodNumberOfContractsMaturingInNextTwelveMonths' xlink:type='locator' />
<link:loc xlink:href='../elts/us-gaap-2012-01-31.xsd#us-gaap_LifeSettlementContractsInvestmentMethodNumberOfContractsMaturingInYearTwo' xlink:label='loc_LifeSettlementContractsInvestmentMethodNumberOfContractsMaturingInYearTwo' xlink:type='locator' />
<link:loc xlink:href='../elts/us-gaap-2012-01-31.xsd#us-gaap_LifeSettlementContractsInvestmentMethodNumberOfContractsMaturingInYearThree' xlink:label='loc_LifeSettlementContractsInvestmentMethodNumberOfContractsMaturingInYearThree' xlink:type='locator' />
<link:loc xlink:href='../elts/us-gaap-2012-01-31.xsd#us-gaap_LifeSettlementContractsInvestmentMethodNumberOfContractsMaturingInYearFour' xlink:label='loc_LifeSettlementContractsInvestmentMethodNumberOfContractsMaturingInYearFour' xlink:type='locator' />
<link:loc xlink:href='../elts/us-gaap-2012-01-31.xsd#us-gaap_LifeSettlementContractsInvestmentMethodNumberOfContractsMaturingInYearFive' xlink:label='loc_LifeSettlementContractsInvestmentMethodNumberOfContractsMaturingInYearFive' xlink:type='locator' />
<link:loc xlink:href='../elts/us-gaap-2012-01-31.xsd#us-gaap_LifeSettlementContractsInvestmentMethodNumberOfContractsMaturingAfterYearFive' xlink:label='loc_LifeSettlementContractsInvestmentMethodNumberOfContractsMaturingAfterYearFive' xlink:type='locator' />
<link:calculationArc order='10' weight='1.0' xlink:arcrole='http://www.xbrl.org/2003/arcrole/summation-item' xlink:from='loc_AvailableForSaleSecuritiesAmortizedCost' xlink:to='loc_AvailableForSaleDebtSecuritiesAmortizedCostBasis' xlink:type='arc' />
<link:calculationArc order='20' weight='1.0' xlink:arcrole='http://www.xbrl.org/2003/arcrole/summation-item' xlink:from='loc_AvailableForSaleSecuritiesAmortizedCost' xlink:to='loc_AvailableForSaleEquitySecuritiesAmortizedCostBasis' xlink:type='arc' />
<link:calculationArc order='10' weight='1.0' xlink:arcrole='http://www.xbrl.org/2003/arcrole/summation-item' xlink:from='loc_EquityMethodInvestmentDifferenceBetweenCarryingAmountAndUnderlyingEquity' xlink:to='loc_EquityMethodInvestments' xlink:type='arc' />
<link:calculationArc order='20' weight='-1.0' xlink:arcrole='http://www.xbrl.org/2003/arcrole/summation-item' xlink:from='loc_EquityMethodInvestmentDifferenceBetweenCarryingAmountAndUnderlyingEquity' xlink:to='loc_EquityMethodInvestmentUnderlyingEquityInNetAssets' xlink:type='arc' />
<link:calculationArc order='10' weight='1.0' xlink:arcrole='http://www.xbrl.org/2003/arcrole/summation-item' xlink:from='loc_EquityMethodInvestmentRealizedGainLossOnDisposal' xlink:to='loc_EquityMethodInvestmentNetSalesProceeds' xlink:type='arc' />
<link:calculationArc order='20' weight='-1.0' xlink:arcrole='http://www.xbrl.org/2003/arcrole/summation-item' xlink:from='loc_EquityMethodInvestmentRealizedGainLossOnDisposal' xlink:to='loc_EquityMethodInvestmentSoldCarryingAmount' xlink:type='arc' />
<link:calculationArc order='10' weight='1.0' xlink:arcrole='http://www.xbrl.org/2003/arcrole/summation-item' xlink:from='loc_EquityMethodInvestmentSummarizedFinancialInformationAssets' xlink:to='loc_EquityMethodInvestmentSummarizedFinancialInformationCurrentAssets' xlink:type='arc' />
<link:calculationArc order='20' weight='1.0' xlink:arcrole='http://www.xbrl.org/2003/arcrole/summation-item' xlink:from='loc_EquityMethodInvestmentSummarizedFinancialInformationAssets' xlink:to='loc_EquityMethodInvestmentSummarizedFinancialInformationNoncurrentAssets' xlink:type='arc' />
<link:calculationArc order='10' weight='1.0' xlink:arcrole='http://www.xbrl.org/2003/arcrole/summation-item' xlink:from='loc_EquityMethodInvestmentSummarizedFinancialInformationGrossProfitLoss' xlink:to='loc_EquityMethodInvestmentSummarizedFinancialInformationRevenue' xlink:type='arc' />
<link:calculationArc order='20' weight='-1.0' xlink:arcrole='http://www.xbrl.org/2003/arcrole/summation-item' xlink:from='loc_EquityMethodInvestmentSummarizedFinancialInformationGrossProfitLoss' xlink:to='loc_EquityMethodInvestmentSummarizedFinancialInformationCostOfSales' xlink:type='arc' />
<link:calculationArc order='10' weight='1.0' xlink:arcrole='http://www.xbrl.org/2003/arcrole/summation-item' xlink:from='loc_EquityMethodInvestmentSummarizedFinancialInformationLiabilitiesAndEquity' xlink:to='loc_EquityMethodInvestmentSummarizedFinancialInformationLiabilities' xlink:type='arc' />
<link:calculationArc order='10' weight='1.0' xlink:arcrole='http://www.xbrl.org/2003/arcrole/summation-item' xlink:from='loc_EquityMethodInvestmentSummarizedFinancialInformationLiabilities' xlink:to='loc_EquityMethodInvestmentSummarizedFinancialInformationCurrentLiabilities' xlink:type='arc' />
<link:calculationArc order='20' weight='1.0' xlink:arcrole='http://www.xbrl.org/2003/arcrole/summation-item' xlink:from='loc_EquityMethodInvestmentSummarizedFinancialInformationLiabilities' xlink:to='loc_EquityMethodInvestmentSummarizedFinancialInformationNoncurrentLiabilities' xlink:type='arc' />
<link:calculationArc order='30' weight='1.0' xlink:arcrole='http://www.xbrl.org/2003/arcrole/summation-item' xlink:from='loc_EquityMethodInvestmentSummarizedFinancialInformationLiabilities' xlink:to='loc_EquityMethodInvestmentSummarizedFinancialInformationRedeemablePreferredStock' xlink:type='arc' />
<link:calculationArc order='20' weight='1.0' xlink:arcrole='http://www.xbrl.org/2003/arcrole/summation-item' xlink:from='loc_EquityMethodInvestmentSummarizedFinancialInformationLiabilitiesAndEquity' xlink:to='loc_EquityMethodInvestmentSummarizedFinancialInformationEquity' xlink:type='arc' />
<link:calculationArc order='10' weight='1.0' xlink:arcrole='http://www.xbrl.org/2003/arcrole/summation-item' xlink:from='loc_EquityMethodInvestmentSummarizedFinancialInformationEquity' xlink:to='loc_EquityMethodInvestmentSummarizedFinancialInformationEquityOrCapital' xlink:type='arc' />
<link:calculationArc order='20' weight='1.0' xlink:arcrole='http://www.xbrl.org/2003/arcrole/summation-item' xlink:from='loc_EquityMethodInvestmentSummarizedFinancialInformationEquity' xlink:to='loc_EquityMethodInvestmentSummarizedFinancialInformationMinorityInterest' xlink:type='arc' />
<link:calculationArc order='10' weight='1.0' xlink:arcrole='http://www.xbrl.org/2003/arcrole/summation-item' xlink:from='loc_LifeSettlementContractsInvestmentMethodNumberOfContracts' xlink:to='loc_LifeSettlementContractsInvestmentMethodNumberOfContractsMaturingInNextTwelveMonths' xlink:type='arc' />
<link:calculationArc order='20' weight='1.0' xlink:arcrole='http://www.xbrl.org/2003/arcrole/summation-item' xlink:from='loc_LifeSettlementContractsInvestmentMethodNumberOfContracts' xlink:to='loc_LifeSettlementContractsInvestmentMethodNumberOfContractsMaturingInYearTwo' xlink:type='arc' />
<link:calculationArc order='30' weight='1.0' xlink:arcrole='http://www.xbrl.org/2003/arcrole/summation-item' xlink:from='loc_LifeSettlementContractsInvestmentMethodNumberOfContracts' xlink:to='loc_LifeSettlementContractsInvestmentMethodNumberOfContractsMaturingInYearThree' xlink:type='arc' />
<link:calculationArc order='40' weight='1.0' xlink:arcrole='http://www.xbrl.org/2003/arcrole/summation-item' xlink:from='loc_LifeSettlementContractsInvestmentMethodNumberOfContracts' xlink:to='loc_LifeSettlementContractsInvestmentMethodNumberOfContractsMaturingInYearFour' xlink:type='arc' />
<link:calculationArc order='50' weight='1.0' xlink:arcrole='http://www.xbrl.org/2003/arcrole/summation-item' xlink:from='loc_LifeSettlementContractsInvestmentMethodNumberOfContracts' xlink:to='loc_LifeSettlementContractsInvestmentMethodNumberOfContractsMaturingInYearFive' xlink:type='arc' />
<link:calculationArc order='60' weight='1.0' xlink:arcrole='http://www.xbrl.org/2003/arcrole/summation-item' xlink:from='loc_LifeSettlementContractsInvestmentMethodNumberOfContracts' xlink:to='loc_LifeSettlementContractsInvestmentMethodNumberOfContractsMaturingAfterYearFive' xlink:type='arc' />
</link:calculationLink>
</link:linkbase>
