<?xml version='1.0' encoding='UTF-8'?>

<!--
(c) XBRL US, Inc. 2007-2010; Financial Accounting Foundation, Inc. 2010-2012.  All Rights Reserved.
Notice: Authorized Uses are Set Forth at http://xbrl.fasb.org/terms/TaxonomiesTermsConditions.html
  -->
<link:linkbase xmlns:link='http://www.xbrl.org/2003/linkbase' xmlns:xbrldt='http://xbrl.org/2005/xbrldt' xmlns:xlink='http://www.w3.org/1999/xlink' xmlns:xsi='http://www.w3.org/2001/XMLSchema-instance' xsi:schemaLocation='http://www.xbrl.org/2003/linkbase http://www.xbrl.org/2003/xbrl-linkbase-2003-12-31.xsd'>
<link:roleRef roleURI='http://fasb.org/us-gaap/role/disclosure/SECScheduleArticle12-09ValuationAndQualifyingAccounts' xlink:href='../elts/us-roles-2012-01-31.xsd#sec-vq' xlink:type='simple' />
<link:calculationLink xlink:role='http://fasb.org/us-gaap/role/disclosure/SECScheduleArticle12-09ValuationAndQualifyingAccounts' xlink:type='extended'>
<link:loc xlink:href='../elts/us-gaap-2012-01-31.xsd#us-gaap_ValuationAllowancesAndReservesPeriodIncreaseDecrease' xlink:label='loc_ValuationAllowancesAndReservesPeriodIncreaseDecrease' xlink:type='locator' />
<link:loc xlink:href='../elts/us-gaap-2012-01-31.xsd#us-gaap_ValuationAllowancesAndReservesReservesOfBusinessesAcquired' xlink:label='loc_ValuationAllowancesAndReservesReservesOfBusinessesAcquired' xlink:type='locator' />
<link:loc xlink:href='../elts/us-gaap-2012-01-31.xsd#us-gaap_ValuationAllowancesAndReservesChargedToCostAndExpense' xlink:label='loc_ValuationAllowancesAndReservesChargedToCostAndExpense' xlink:type='locator' />
<link:loc xlink:href='../elts/us-gaap-2012-01-31.xsd#us-gaap_ValuationAllowancesAndReservesChargedToOtherAccounts' xlink:label='loc_ValuationAllowancesAndReservesChargedToOtherAccounts' xlink:type='locator' />
<link:loc xlink:href='../elts/us-gaap-2012-01-31.xsd#us-gaap_ValuationAllowancesAndReservesDeductions' xlink:label='loc_ValuationAllowancesAndReservesDeductions' xlink:type='locator' />
<link:loc xlink:href='../elts/us-gaap-2012-01-31.xsd#us-gaap_ValuationAllowancesAndReservesRecoveries' xlink:label='loc_ValuationAllowancesAndReservesRecoveries' xlink:type='locator' />
<link:loc xlink:href='../elts/us-gaap-2012-01-31.xsd#us-gaap_ValuationAllowancesAndReservesAdjustments' xlink:label='loc_ValuationAllowancesAndReservesAdjustments' xlink:type='locator' />
<link:calculationArc order='10' weight='1.0' xlink:arcrole='http://www.xbrl.org/2003/arcrole/summation-item' xlink:from='loc_ValuationAllowancesAndReservesPeriodIncreaseDecrease' xlink:to='loc_ValuationAllowancesAndReservesReservesOfBusinessesAcquired' xlink:type='arc' />
<link:calculationArc order='20' weight='1.0' xlink:arcrole='http://www.xbrl.org/2003/arcrole/summation-item' xlink:from='loc_ValuationAllowancesAndReservesPeriodIncreaseDecrease' xlink:to='loc_ValuationAllowancesAndReservesChargedToCostAndExpense' xlink:type='arc' />
<link:calculationArc order='30' weight='1.0' xlink:arcrole='http://www.xbrl.org/2003/arcrole/summation-item' xlink:from='loc_ValuationAllowancesAndReservesPeriodIncreaseDecrease' xlink:to='loc_ValuationAllowancesAndReservesChargedToOtherAccounts' xlink:type='arc' />
<link:calculationArc order='40' weight='-1.0' xlink:arcrole='http://www.xbrl.org/2003/arcrole/summation-item' xlink:from='loc_ValuationAllowancesAndReservesPeriodIncreaseDecrease' xlink:to='loc_ValuationAllowancesAndReservesDeductions' xlink:type='arc' />
<link:calculationArc order='50' weight='1.0' xlink:arcrole='http://www.xbrl.org/2003/arcrole/summation-item' xlink:from='loc_ValuationAllowancesAndReservesPeriodIncreaseDecrease' xlink:to='loc_ValuationAllowancesAndReservesRecoveries' xlink:type='arc' />
<link:calculationArc order='60' weight='1.0' xlink:arcrole='http://www.xbrl.org/2003/arcrole/summation-item' xlink:from='loc_ValuationAllowancesAndReservesPeriodIncreaseDecrease' xlink:to='loc_ValuationAllowancesAndReservesAdjustments' xlink:type='arc' />
</link:calculationLink>
</link:linkbase>
