<?xml version='1.0' encoding='UTF-8'?>

<!--
(c) XBRL US, Inc. 2007-2010; Financial Accounting Foundation, Inc. 2010-2012.  All Rights Reserved.
Notice: Authorized Uses are Set Forth at http://xbrl.fasb.org/terms/TaxonomiesTermsConditions.html
  -->
<link:linkbase xmlns:link='http://www.xbrl.org/2003/linkbase' xmlns:xbrldt='http://xbrl.org/2005/xbrldt' xmlns:xlink='http://www.w3.org/1999/xlink' xmlns:xsi='http://www.w3.org/2001/XMLSchema-instance' xsi:schemaLocation='http://www.xbrl.org/2003/linkbase http://www.xbrl.org/2003/xbrl-linkbase-2003-12-31.xsd'>
<link:roleRef roleURI='http://fasb.org/us-gaap/role/disclosure/SegmentReportingScheduleOfSegmentReportingInformationBySegmentTable' xlink:href='../elts/us-roles-2012-01-31.xsd#SegmentReportingScheduleOfSegmentReportingInformationBySegmentTable' xlink:type='simple' />
<link:arcroleRef arcroleURI='http://xbrl.org/int/dim/arcrole/all' xlink:href='http://www.xbrl.org/2005/xbrldt-2005.xsd#all' xlink:type='simple' />
<link:arcroleRef arcroleURI='http://xbrl.org/int/dim/arcrole/dimension-default' xlink:href='http://www.xbrl.org/2005/xbrldt-2005.xsd#dimension-default' xlink:type='simple' />
<link:arcroleRef arcroleURI='http://xbrl.org/int/dim/arcrole/dimension-domain' xlink:href='http://www.xbrl.org/2005/xbrldt-2005.xsd#dimension-domain' xlink:type='simple' />
<link:arcroleRef arcroleURI='http://xbrl.org/int/dim/arcrole/domain-member' xlink:href='http://www.xbrl.org/2005/xbrldt-2005.xsd#domain-member' xlink:type='simple' />
<link:arcroleRef arcroleURI='http://xbrl.org/int/dim/arcrole/hypercube-dimension' xlink:href='http://www.xbrl.org/2005/xbrldt-2005.xsd#hypercube-dimension' xlink:type='simple' />
<link:roleRef roleURI='http://fasb.org/us-gaap/role/disclosure/SegmentReportingScheduleOfRevenuesFromExternalCustomersAndLongLivedAssetsTable' xlink:href='../elts/us-roles-2012-01-31.xsd#SegmentReportingScheduleOfRevenuesFromExternalCustomersAndLongLivedAssetsTable' xlink:type='simple' />
<link:roleRef roleURI='http://fasb.org/us-gaap/role/disclosure/SegmentReportingScheduleOfEntityWideRevenueByMajorCustomersByReportingSegmentsTable' xlink:href='../elts/us-roles-2012-01-31.xsd#SegmentReportingScheduleOfEntityWideRevenueByMajorCustomersByReportingSegmentsTable' xlink:type='simple' />
<link:roleRef roleURI='http://fasb.org/us-gaap/role/disclosure/SegmentReportingScheduleOfEntityWideInformationRevenueFromExternalCustomersByProductsAndServicesTable' xlink:href='../elts/us-roles-2012-01-31.xsd#SegmentReportingScheduleOfEntityWideInformationRevenueFromExternalCustomersByProductsAndServicesTable' xlink:type='simple' />
<link:roleRef roleURI='http://fasb.org/us-gaap/role/disclosure/SegmentReportingReconciliationOfRevenueFromSegmentsToConsolidatedTable' xlink:href='../elts/us-roles-2012-01-31.xsd#SegmentReportingReconciliationOfRevenueFromSegmentsToConsolidatedTable' xlink:type='simple' />
<link:roleRef roleURI='http://fasb.org/us-gaap/role/disclosure/SegmentReportingReconciliationOfOtherSignificantReconcilingItemsFromSegmentsToConsolidatedTable' xlink:href='../elts/us-roles-2012-01-31.xsd#SegmentReportingReconciliationOfOtherSignificantReconcilingItemsFromSegmentsToConsolidatedTable' xlink:type='simple' />
<link:roleRef roleURI='http://fasb.org/us-gaap/role/disclosure/SegmentReportingReconciliationOfOperatingProfitLossFromSegmentsToConsolidatedTable' xlink:href='../elts/us-roles-2012-01-31.xsd#SegmentReportingReconciliationOfOperatingProfitLossFromSegmentsToConsolidatedTable' xlink:type='simple' />
<link:roleRef roleURI='http://fasb.org/us-gaap/role/disclosure/SegmentReportingReconciliationOfAssetsFromSegmentToConsolidatedTable' xlink:href='../elts/us-roles-2012-01-31.xsd#SegmentReportingReconciliationOfAssetsFromSegmentToConsolidatedTable' xlink:type='simple' />
<link:definitionLink xlink:role='http://fasb.org/us-gaap/role/disclosure/SegmentReportingReconciliationOfAssetsFromSegmentToConsolidatedTable' xlink:type='extended'>
<link:loc xlink:href='../elts/us-gaap-2012-01-31.xsd#us-gaap_SegmentReportingAssetReconcilingItemLineItems' xlink:label='loc_SegmentReportingAssetReconcilingItemLineItems' xlink:type='locator' />
<link:loc xlink:href='../elts/us-gaap-2012-01-31.xsd#us-gaap_ReconciliationOfAssetsFromSegmentToConsolidatedTable' xlink:label='loc_ReconciliationOfAssetsFromSegmentToConsolidatedTable' xlink:type='locator' />
<link:definitionArc order='1.0' xbrldt:closed='true' xbrldt:contextElement='segment' xlink:arcrole='http://xbrl.org/int/dim/arcrole/all' xlink:from='loc_SegmentReportingAssetReconcilingItemLineItems' xlink:to='loc_ReconciliationOfAssetsFromSegmentToConsolidatedTable' xlink:type='arc' />
</link:definitionLink>
<link:definitionLink xlink:role='http://fasb.org/us-gaap/role/disclosure/SegmentReportingReconciliationOfAssetsFromSegmentToConsolidatedTable' xlink:type='extended'>
<link:loc xlink:href='../elts/us-gaap-2012-01-31.xsd#us-gaap_StatementBusinessSegmentsAxis' xlink:label='loc_StatementBusinessSegmentsAxis' xlink:type='locator' />
<link:loc xlink:href='../elts/us-gaap-2012-01-31.xsd#us-gaap_SegmentDomain' xlink:label='loc_SegmentDomain' xlink:type='locator' />
<link:definitionArc order='1.0' xlink:arcrole='http://xbrl.org/int/dim/arcrole/dimension-default' xlink:from='loc_StatementBusinessSegmentsAxis' xlink:to='loc_SegmentDomain' xlink:type='arc' />
</link:definitionLink>
<link:definitionLink xlink:role='http://fasb.org/us-gaap/role/disclosure/SegmentReportingReconciliationOfAssetsFromSegmentToConsolidatedTable' xlink:type='extended'>
<link:loc xlink:href='../elts/us-gaap-2012-01-31.xsd#us-gaap_StatementBusinessSegmentsAxis' xlink:label='loc_StatementBusinessSegmentsAxis' xlink:type='locator' />
<link:loc xlink:href='../elts/us-gaap-2012-01-31.xsd#us-gaap_SegmentDomain' xlink:label='loc_SegmentDomain' xlink:type='locator' />
<link:definitionArc order='1.0' xlink:arcrole='http://xbrl.org/int/dim/arcrole/dimension-domain' xlink:from='loc_StatementBusinessSegmentsAxis' xlink:to='loc_SegmentDomain' xlink:type='arc' />
</link:definitionLink>
<link:definitionLink xlink:role='http://fasb.org/us-gaap/role/disclosure/SegmentReportingReconciliationOfAssetsFromSegmentToConsolidatedTable' xlink:type='extended'>
<link:loc xlink:href='../elts/us-gaap-2012-01-31.xsd#us-gaap_SegmentDomain' xlink:label='loc_SegmentDomain' xlink:type='locator' />
<link:loc xlink:href='../elts/us-gaap-2012-01-31.xsd#us-gaap_OperatingSegmentsMember' xlink:label='loc_OperatingSegmentsMember' xlink:type='locator' />
<link:loc xlink:href='../elts/us-gaap-2012-01-31.xsd#us-gaap_ReportableSegmentsMember' xlink:label='loc_ReportableSegmentsMember' xlink:type='locator' />
<link:loc xlink:href='../elts/us-gaap-2012-01-31.xsd#us-gaap_AllOtherSegmentsMember' xlink:label='loc_AllOtherSegmentsMember' xlink:type='locator' />
<link:loc xlink:href='../elts/us-gaap-2012-01-31.xsd#us-gaap_CorporateMember' xlink:label='loc_CorporateMember' xlink:type='locator' />
<link:loc xlink:href='../elts/us-gaap-2012-01-31.xsd#us-gaap_CorporateAndOtherMember' xlink:label='loc_CorporateAndOtherMember' xlink:type='locator' />
<link:loc xlink:href='../elts/us-gaap-2012-01-31.xsd#us-gaap_MaterialReconcilingItemsMember' xlink:label='loc_MaterialReconcilingItemsMember' xlink:type='locator' />
<link:loc xlink:href='../elts/us-gaap-2012-01-31.xsd#us-gaap_UnallocatedAmountToSegmentMember' xlink:label='loc_UnallocatedAmountToSegmentMember' xlink:type='locator' />
<link:loc xlink:href='../elts/us-gaap-2012-01-31.xsd#us-gaap_IntersegmentEliminationMember' xlink:label='loc_IntersegmentEliminationMember' xlink:type='locator' />
<link:loc xlink:href='../elts/us-gaap-2012-01-31.xsd#us-gaap_SegmentReportingAssetReconcilingItemLineItems' xlink:label='loc_SegmentReportingAssetReconcilingItemLineItems' xlink:type='locator' />
<link:loc xlink:href='../elts/us-gaap-2012-01-31.xsd#us-gaap_Assets' xlink:label='loc_Assets' xlink:type='locator' />
<link:definitionArc order='1.0' xlink:arcrole='http://xbrl.org/int/dim/arcrole/domain-member' xlink:from='loc_SegmentDomain' xlink:to='loc_OperatingSegmentsMember' xlink:type='arc' />
<link:definitionArc order='2.0' xlink:arcrole='http://xbrl.org/int/dim/arcrole/domain-member' xlink:from='loc_OperatingSegmentsMember' xlink:to='loc_ReportableSegmentsMember' xlink:type='arc' />
<link:definitionArc order='3.0' xlink:arcrole='http://xbrl.org/int/dim/arcrole/domain-member' xlink:from='loc_OperatingSegmentsMember' xlink:to='loc_AllOtherSegmentsMember' xlink:type='arc' />
<link:definitionArc order='4.0' xlink:arcrole='http://xbrl.org/int/dim/arcrole/domain-member' xlink:from='loc_SegmentDomain' xlink:to='loc_CorporateMember' xlink:type='arc' />
<link:definitionArc order='5.0' xlink:arcrole='http://xbrl.org/int/dim/arcrole/domain-member' xlink:from='loc_SegmentDomain' xlink:to='loc_CorporateAndOtherMember' xlink:type='arc' />
<link:definitionArc order='6.0' xlink:arcrole='http://xbrl.org/int/dim/arcrole/domain-member' xlink:from='loc_SegmentDomain' xlink:to='loc_MaterialReconcilingItemsMember' xlink:type='arc' />
<link:definitionArc order='7.0' xlink:arcrole='http://xbrl.org/int/dim/arcrole/domain-member' xlink:from='loc_MaterialReconcilingItemsMember' xlink:to='loc_UnallocatedAmountToSegmentMember' xlink:type='arc' />
<link:definitionArc order='8.0' xlink:arcrole='http://xbrl.org/int/dim/arcrole/domain-member' xlink:from='loc_MaterialReconcilingItemsMember' xlink:to='loc_IntersegmentEliminationMember' xlink:type='arc' />
<link:definitionArc order='1.0' xlink:arcrole='http://xbrl.org/int/dim/arcrole/domain-member' xlink:from='loc_SegmentReportingAssetReconcilingItemLineItems' xlink:to='loc_Assets' xlink:type='arc' />
</link:definitionLink>
<link:definitionLink xlink:role='http://fasb.org/us-gaap/role/disclosure/SegmentReportingReconciliationOfAssetsFromSegmentToConsolidatedTable' xlink:type='extended'>
<link:loc xlink:href='../elts/us-gaap-2012-01-31.xsd#us-gaap_ReconciliationOfAssetsFromSegmentToConsolidatedTable' xlink:label='loc_ReconciliationOfAssetsFromSegmentToConsolidatedTable' xlink:type='locator' />
<link:loc xlink:href='../elts/us-gaap-2012-01-31.xsd#us-gaap_StatementBusinessSegmentsAxis' xlink:label='loc_StatementBusinessSegmentsAxis' xlink:type='locator' />
<link:definitionArc order='1.0' xlink:arcrole='http://xbrl.org/int/dim/arcrole/hypercube-dimension' xlink:from='loc_ReconciliationOfAssetsFromSegmentToConsolidatedTable' xlink:to='loc_StatementBusinessSegmentsAxis' xlink:type='arc' />
</link:definitionLink>
<link:definitionLink xlink:role='http://fasb.org/us-gaap/role/disclosure/SegmentReportingReconciliationOfOperatingProfitLossFromSegmentsToConsolidatedTable' xlink:type='extended'>
<link:loc xlink:href='../elts/us-gaap-2012-01-31.xsd#us-gaap_SegmentReportingReconcilingItemForOperatingProfitLossFromSegmentToConsolidatedLineItems' xlink:label='loc_SegmentReportingReconcilingItemForOperatingProfitLossFromSegmentToConsolidatedLineItems' xlink:type='locator' />
<link:loc xlink:href='../elts/us-gaap-2012-01-31.xsd#us-gaap_ReconciliationOfOperatingProfitLossFromSegmentsToConsolidatedTable' xlink:label='loc_ReconciliationOfOperatingProfitLossFromSegmentsToConsolidatedTable' xlink:type='locator' />
<link:definitionArc order='1.0' xbrldt:closed='true' xbrldt:contextElement='segment' xlink:arcrole='http://xbrl.org/int/dim/arcrole/all' xlink:from='loc_SegmentReportingReconcilingItemForOperatingProfitLossFromSegmentToConsolidatedLineItems' xlink:to='loc_ReconciliationOfOperatingProfitLossFromSegmentsToConsolidatedTable' xlink:type='arc' />
</link:definitionLink>
<link:definitionLink xlink:role='http://fasb.org/us-gaap/role/disclosure/SegmentReportingReconciliationOfOperatingProfitLossFromSegmentsToConsolidatedTable' xlink:type='extended'>
<link:loc xlink:href='../elts/us-gaap-2012-01-31.xsd#us-gaap_StatementBusinessSegmentsAxis' xlink:label='loc_StatementBusinessSegmentsAxis' xlink:type='locator' />
<link:loc xlink:href='../elts/us-gaap-2012-01-31.xsd#us-gaap_SegmentDomain' xlink:label='loc_SegmentDomain' xlink:type='locator' />
<link:definitionArc order='1.0' xlink:arcrole='http://xbrl.org/int/dim/arcrole/dimension-default' xlink:from='loc_StatementBusinessSegmentsAxis' xlink:to='loc_SegmentDomain' xlink:type='arc' />
</link:definitionLink>
<link:definitionLink xlink:role='http://fasb.org/us-gaap/role/disclosure/SegmentReportingReconciliationOfOperatingProfitLossFromSegmentsToConsolidatedTable' xlink:type='extended'>
<link:loc xlink:href='../elts/us-gaap-2012-01-31.xsd#us-gaap_StatementBusinessSegmentsAxis' xlink:label='loc_StatementBusinessSegmentsAxis' xlink:type='locator' />
<link:loc xlink:href='../elts/us-gaap-2012-01-31.xsd#us-gaap_SegmentDomain' xlink:label='loc_SegmentDomain' xlink:type='locator' />
<link:definitionArc order='1.0' xlink:arcrole='http://xbrl.org/int/dim/arcrole/dimension-domain' xlink:from='loc_StatementBusinessSegmentsAxis' xlink:to='loc_SegmentDomain' xlink:type='arc' />
</link:definitionLink>
<link:definitionLink xlink:role='http://fasb.org/us-gaap/role/disclosure/SegmentReportingReconciliationOfOperatingProfitLossFromSegmentsToConsolidatedTable' xlink:type='extended'>
<link:loc xlink:href='../elts/us-gaap-2012-01-31.xsd#us-gaap_SegmentDomain' xlink:label='loc_SegmentDomain' xlink:type='locator' />
<link:loc xlink:href='../elts/us-gaap-2012-01-31.xsd#us-gaap_OperatingSegmentsMember' xlink:label='loc_OperatingSegmentsMember' xlink:type='locator' />
<link:loc xlink:href='../elts/us-gaap-2012-01-31.xsd#us-gaap_ReportableSegmentsMember' xlink:label='loc_ReportableSegmentsMember' xlink:type='locator' />
<link:loc xlink:href='../elts/us-gaap-2012-01-31.xsd#us-gaap_AllOtherSegmentsMember' xlink:label='loc_AllOtherSegmentsMember' xlink:type='locator' />
<link:loc xlink:href='../elts/us-gaap-2012-01-31.xsd#us-gaap_CorporateMember' xlink:label='loc_CorporateMember' xlink:type='locator' />
<link:loc xlink:href='../elts/us-gaap-2012-01-31.xsd#us-gaap_CorporateAndOtherMember' xlink:label='loc_CorporateAndOtherMember' xlink:type='locator' />
<link:loc xlink:href='../elts/us-gaap-2012-01-31.xsd#us-gaap_MaterialReconcilingItemsMember' xlink:label='loc_MaterialReconcilingItemsMember' xlink:type='locator' />
<link:loc xlink:href='../elts/us-gaap-2012-01-31.xsd#us-gaap_UnallocatedAmountToSegmentMember' xlink:label='loc_UnallocatedAmountToSegmentMember' xlink:type='locator' />
<link:loc xlink:href='../elts/us-gaap-2012-01-31.xsd#us-gaap_IntersegmentEliminationMember' xlink:label='loc_IntersegmentEliminationMember' xlink:type='locator' />
<link:loc xlink:href='../elts/us-gaap-2012-01-31.xsd#us-gaap_SegmentReportingReconcilingItemForOperatingProfitLossFromSegmentToConsolidatedLineItems' xlink:label='loc_SegmentReportingReconcilingItemForOperatingProfitLossFromSegmentToConsolidatedLineItems' xlink:type='locator' />
<link:loc xlink:href='../elts/us-gaap-2012-01-31.xsd#us-gaap_IncomeLossFromContinuingOperationsBeforeIncomeTaxesExtraordinaryItemsNoncontrollingInterest' xlink:label='loc_IncomeLossFromContinuingOperationsBeforeIncomeTaxesExtraordinaryItemsNoncontrollingInterest' xlink:type='locator' />
<link:definitionArc order='1.0' xlink:arcrole='http://xbrl.org/int/dim/arcrole/domain-member' xlink:from='loc_SegmentDomain' xlink:to='loc_OperatingSegmentsMember' xlink:type='arc' />
<link:definitionArc order='2.0' xlink:arcrole='http://xbrl.org/int/dim/arcrole/domain-member' xlink:from='loc_OperatingSegmentsMember' xlink:to='loc_ReportableSegmentsMember' xlink:type='arc' />
<link:definitionArc order='3.0' xlink:arcrole='http://xbrl.org/int/dim/arcrole/domain-member' xlink:from='loc_OperatingSegmentsMember' xlink:to='loc_AllOtherSegmentsMember' xlink:type='arc' />
<link:definitionArc order='4.0' xlink:arcrole='http://xbrl.org/int/dim/arcrole/domain-member' xlink:from='loc_SegmentDomain' xlink:to='loc_CorporateMember' xlink:type='arc' />
<link:definitionArc order='5.0' xlink:arcrole='http://xbrl.org/int/dim/arcrole/domain-member' xlink:from='loc_SegmentDomain' xlink:to='loc_CorporateAndOtherMember' xlink:type='arc' />
<link:definitionArc order='6.0' xlink:arcrole='http://xbrl.org/int/dim/arcrole/domain-member' xlink:from='loc_SegmentDomain' xlink:to='loc_MaterialReconcilingItemsMember' xlink:type='arc' />
<link:definitionArc order='7.0' xlink:arcrole='http://xbrl.org/int/dim/arcrole/domain-member' xlink:from='loc_MaterialReconcilingItemsMember' xlink:to='loc_UnallocatedAmountToSegmentMember' xlink:type='arc' />
<link:definitionArc order='8.0' xlink:arcrole='http://xbrl.org/int/dim/arcrole/domain-member' xlink:from='loc_MaterialReconcilingItemsMember' xlink:to='loc_IntersegmentEliminationMember' xlink:type='arc' />
<link:definitionArc order='1.0' xlink:arcrole='http://xbrl.org/int/dim/arcrole/domain-member' xlink:from='loc_SegmentReportingReconcilingItemForOperatingProfitLossFromSegmentToConsolidatedLineItems' xlink:to='loc_IncomeLossFromContinuingOperationsBeforeIncomeTaxesExtraordinaryItemsNoncontrollingInterest' xlink:type='arc' />
</link:definitionLink>
<link:definitionLink xlink:role='http://fasb.org/us-gaap/role/disclosure/SegmentReportingReconciliationOfOperatingProfitLossFromSegmentsToConsolidatedTable' xlink:type='extended'>
<link:loc xlink:href='../elts/us-gaap-2012-01-31.xsd#us-gaap_ReconciliationOfOperatingProfitLossFromSegmentsToConsolidatedTable' xlink:label='loc_ReconciliationOfOperatingProfitLossFromSegmentsToConsolidatedTable' xlink:type='locator' />
<link:loc xlink:href='../elts/us-gaap-2012-01-31.xsd#us-gaap_StatementBusinessSegmentsAxis' xlink:label='loc_StatementBusinessSegmentsAxis' xlink:type='locator' />
<link:definitionArc order='1.0' xlink:arcrole='http://xbrl.org/int/dim/arcrole/hypercube-dimension' xlink:from='loc_ReconciliationOfOperatingProfitLossFromSegmentsToConsolidatedTable' xlink:to='loc_StatementBusinessSegmentsAxis' xlink:type='arc' />
</link:definitionLink>
<link:definitionLink xlink:role='http://fasb.org/us-gaap/role/disclosure/SegmentReportingReconciliationOfOtherSignificantReconcilingItemsFromSegmentsToConsolidatedTable' xlink:type='extended'>
<link:loc xlink:href='../elts/us-gaap-2012-01-31.xsd#us-gaap_SegmentReportingOtherSignificantReconcilingItemLineItems' xlink:label='loc_SegmentReportingOtherSignificantReconcilingItemLineItems' xlink:type='locator' />
<link:loc xlink:href='../elts/us-gaap-2012-01-31.xsd#us-gaap_ReconciliationOfOtherSignificantReconcilingItemsFromSegmentsToConsolidatedTable' xlink:label='loc_ReconciliationOfOtherSignificantReconcilingItemsFromSegmentsToConsolidatedTable' xlink:type='locator' />
<link:definitionArc order='1.0' xbrldt:closed='true' xbrldt:contextElement='segment' xlink:arcrole='http://xbrl.org/int/dim/arcrole/all' xlink:from='loc_SegmentReportingOtherSignificantReconcilingItemLineItems' xlink:to='loc_ReconciliationOfOtherSignificantReconcilingItemsFromSegmentsToConsolidatedTable' xlink:type='arc' />
</link:definitionLink>
<link:definitionLink xlink:role='http://fasb.org/us-gaap/role/disclosure/SegmentReportingReconciliationOfOtherSignificantReconcilingItemsFromSegmentsToConsolidatedTable' xlink:type='extended'>
<link:loc xlink:href='../elts/us-gaap-2012-01-31.xsd#us-gaap_StatementBusinessSegmentsAxis' xlink:label='loc_StatementBusinessSegmentsAxis' xlink:type='locator' />
<link:loc xlink:href='../elts/us-gaap-2012-01-31.xsd#us-gaap_SegmentDomain' xlink:label='loc_SegmentDomain' xlink:type='locator' />
<link:definitionArc order='1.0' xlink:arcrole='http://xbrl.org/int/dim/arcrole/dimension-default' xlink:from='loc_StatementBusinessSegmentsAxis' xlink:to='loc_SegmentDomain' xlink:type='arc' />
</link:definitionLink>
<link:definitionLink xlink:role='http://fasb.org/us-gaap/role/disclosure/SegmentReportingReconciliationOfOtherSignificantReconcilingItemsFromSegmentsToConsolidatedTable' xlink:type='extended'>
<link:loc xlink:href='../elts/us-gaap-2012-01-31.xsd#us-gaap_StatementBusinessSegmentsAxis' xlink:label='loc_StatementBusinessSegmentsAxis' xlink:type='locator' />
<link:loc xlink:href='../elts/us-gaap-2012-01-31.xsd#us-gaap_SegmentDomain' xlink:label='loc_SegmentDomain' xlink:type='locator' />
<link:definitionArc order='1.0' xlink:arcrole='http://xbrl.org/int/dim/arcrole/dimension-domain' xlink:from='loc_StatementBusinessSegmentsAxis' xlink:to='loc_SegmentDomain' xlink:type='arc' />
</link:definitionLink>
<link:definitionLink xlink:role='http://fasb.org/us-gaap/role/disclosure/SegmentReportingReconciliationOfOtherSignificantReconcilingItemsFromSegmentsToConsolidatedTable' xlink:type='extended'>
<link:loc xlink:href='../elts/us-gaap-2012-01-31.xsd#us-gaap_SegmentDomain' xlink:label='loc_SegmentDomain' xlink:type='locator' />
<link:loc xlink:href='../elts/us-gaap-2012-01-31.xsd#us-gaap_OperatingSegmentsMember' xlink:label='loc_OperatingSegmentsMember' xlink:type='locator' />
<link:loc xlink:href='../elts/us-gaap-2012-01-31.xsd#us-gaap_ReportableSegmentsMember' xlink:label='loc_ReportableSegmentsMember' xlink:type='locator' />
<link:loc xlink:href='../elts/us-gaap-2012-01-31.xsd#us-gaap_AllOtherSegmentsMember' xlink:label='loc_AllOtherSegmentsMember' xlink:type='locator' />
<link:loc xlink:href='../elts/us-gaap-2012-01-31.xsd#us-gaap_CorporateMember' xlink:label='loc_CorporateMember' xlink:type='locator' />
<link:loc xlink:href='../elts/us-gaap-2012-01-31.xsd#us-gaap_CorporateAndOtherMember' xlink:label='loc_CorporateAndOtherMember' xlink:type='locator' />
<link:loc xlink:href='../elts/us-gaap-2012-01-31.xsd#us-gaap_MaterialReconcilingItemsMember' xlink:label='loc_MaterialReconcilingItemsMember' xlink:type='locator' />
<link:loc xlink:href='../elts/us-gaap-2012-01-31.xsd#us-gaap_UnallocatedAmountToSegmentMember' xlink:label='loc_UnallocatedAmountToSegmentMember' xlink:type='locator' />
<link:loc xlink:href='../elts/us-gaap-2012-01-31.xsd#us-gaap_IntersegmentEliminationMember' xlink:label='loc_IntersegmentEliminationMember' xlink:type='locator' />
<link:loc xlink:href='../elts/us-gaap-2012-01-31.xsd#us-gaap_SegmentReportingOtherSignificantReconcilingItemLineItems' xlink:label='loc_SegmentReportingOtherSignificantReconcilingItemLineItems' xlink:type='locator' />
<link:loc xlink:href='../elts/us-gaap-2012-01-31.xsd#us-gaap_SegmentReportingOtherSignificantReconcilingItemConsolidatedAbstract' xlink:label='loc_SegmentReportingOtherSignificantReconcilingItemConsolidatedAbstract' xlink:type='locator' />
<link:loc xlink:href='../elts/us-gaap-2012-01-31.xsd#us-gaap_AccountsReceivableNet' xlink:label='loc_AccountsReceivableNet' xlink:type='locator' />
<link:loc xlink:href='../elts/us-gaap-2012-01-31.xsd#us-gaap_SegmentReportingInformationInventoryNet' xlink:label='loc_SegmentReportingInformationInventoryNet' xlink:type='locator' />
<link:loc xlink:href='../elts/us-gaap-2012-01-31.xsd#us-gaap_EquityMethodInvestments' xlink:label='loc_EquityMethodInvestments' xlink:type='locator' />
<link:loc xlink:href='../elts/us-gaap-2012-01-31.xsd#us-gaap_SegmentReportingInformationInvestments' xlink:label='loc_SegmentReportingInformationInvestments' xlink:type='locator' />
<link:loc xlink:href='../elts/us-gaap-2012-01-31.xsd#us-gaap_PropertyPlantAndEquipmentNet' xlink:label='loc_PropertyPlantAndEquipmentNet' xlink:type='locator' />
<link:loc xlink:href='../elts/us-gaap-2012-01-31.xsd#us-gaap_Goodwill' xlink:label='loc_Goodwill' xlink:type='locator' />
<link:loc xlink:href='../elts/us-gaap-2012-01-31.xsd#us-gaap_OtherAssets' xlink:label='loc_OtherAssets' xlink:type='locator' />
<link:loc xlink:href='../elts/us-gaap-2012-01-31.xsd#us-gaap_AccountsPayableAndAccruedLiabilitiesCurrentAndNoncurrent' xlink:label='loc_AccountsPayableAndAccruedLiabilitiesCurrentAndNoncurrent' xlink:type='locator' />
<link:loc xlink:href='../elts/us-gaap-2012-01-31.xsd#us-gaap_DebtAndCapitalLeaseObligations' xlink:label='loc_DebtAndCapitalLeaseObligations' xlink:type='locator' />
<link:loc xlink:href='../elts/us-gaap-2012-01-31.xsd#us-gaap_OtherLiabilities' xlink:label='loc_OtherLiabilities' xlink:type='locator' />
<link:definitionArc order='1.0' xlink:arcrole='http://xbrl.org/int/dim/arcrole/domain-member' xlink:from='loc_SegmentDomain' xlink:to='loc_OperatingSegmentsMember' xlink:type='arc' />
<link:definitionArc order='2.0' xlink:arcrole='http://xbrl.org/int/dim/arcrole/domain-member' xlink:from='loc_OperatingSegmentsMember' xlink:to='loc_ReportableSegmentsMember' xlink:type='arc' />
<link:definitionArc order='3.0' xlink:arcrole='http://xbrl.org/int/dim/arcrole/domain-member' xlink:from='loc_OperatingSegmentsMember' xlink:to='loc_AllOtherSegmentsMember' xlink:type='arc' />
<link:definitionArc order='4.0' xlink:arcrole='http://xbrl.org/int/dim/arcrole/domain-member' xlink:from='loc_SegmentDomain' xlink:to='loc_CorporateMember' xlink:type='arc' />
<link:definitionArc order='5.0' xlink:arcrole='http://xbrl.org/int/dim/arcrole/domain-member' xlink:from='loc_SegmentDomain' xlink:to='loc_CorporateAndOtherMember' xlink:type='arc' />
<link:definitionArc order='6.0' xlink:arcrole='http://xbrl.org/int/dim/arcrole/domain-member' xlink:from='loc_SegmentDomain' xlink:to='loc_MaterialReconcilingItemsMember' xlink:type='arc' />
<link:definitionArc order='7.0' xlink:arcrole='http://xbrl.org/int/dim/arcrole/domain-member' xlink:from='loc_MaterialReconcilingItemsMember' xlink:to='loc_UnallocatedAmountToSegmentMember' xlink:type='arc' />
<link:definitionArc order='8.0' xlink:arcrole='http://xbrl.org/int/dim/arcrole/domain-member' xlink:from='loc_MaterialReconcilingItemsMember' xlink:to='loc_IntersegmentEliminationMember' xlink:type='arc' />
<link:definitionArc order='1.0' xlink:arcrole='http://xbrl.org/int/dim/arcrole/domain-member' xlink:from='loc_SegmentReportingOtherSignificantReconcilingItemLineItems' xlink:to='loc_SegmentReportingOtherSignificantReconcilingItemConsolidatedAbstract' xlink:type='arc' />
<link:definitionArc order='2.0' xlink:arcrole='http://xbrl.org/int/dim/arcrole/domain-member' xlink:from='loc_SegmentReportingOtherSignificantReconcilingItemConsolidatedAbstract' xlink:to='loc_AccountsReceivableNet' xlink:type='arc' />
<link:definitionArc order='3.0' xlink:arcrole='http://xbrl.org/int/dim/arcrole/domain-member' xlink:from='loc_SegmentReportingOtherSignificantReconcilingItemConsolidatedAbstract' xlink:to='loc_SegmentReportingInformationInventoryNet' xlink:type='arc' />
<link:definitionArc order='4.0' xlink:arcrole='http://xbrl.org/int/dim/arcrole/domain-member' xlink:from='loc_SegmentReportingOtherSignificantReconcilingItemConsolidatedAbstract' xlink:to='loc_EquityMethodInvestments' xlink:type='arc' />
<link:definitionArc order='5.0' xlink:arcrole='http://xbrl.org/int/dim/arcrole/domain-member' xlink:from='loc_SegmentReportingOtherSignificantReconcilingItemConsolidatedAbstract' xlink:to='loc_SegmentReportingInformationInvestments' xlink:type='arc' />
<link:definitionArc order='6.0' xlink:arcrole='http://xbrl.org/int/dim/arcrole/domain-member' xlink:from='loc_SegmentReportingOtherSignificantReconcilingItemConsolidatedAbstract' xlink:to='loc_PropertyPlantAndEquipmentNet' xlink:type='arc' />
<link:definitionArc order='7.0' xlink:arcrole='http://xbrl.org/int/dim/arcrole/domain-member' xlink:from='loc_SegmentReportingOtherSignificantReconcilingItemConsolidatedAbstract' xlink:to='loc_Goodwill' xlink:type='arc' />
<link:definitionArc order='8.0' xlink:arcrole='http://xbrl.org/int/dim/arcrole/domain-member' xlink:from='loc_SegmentReportingOtherSignificantReconcilingItemConsolidatedAbstract' xlink:to='loc_OtherAssets' xlink:type='arc' />
<link:definitionArc order='9.0' xlink:arcrole='http://xbrl.org/int/dim/arcrole/domain-member' xlink:from='loc_SegmentReportingOtherSignificantReconcilingItemConsolidatedAbstract' xlink:to='loc_AccountsPayableAndAccruedLiabilitiesCurrentAndNoncurrent' xlink:type='arc' />
<link:definitionArc order='10.0' xlink:arcrole='http://xbrl.org/int/dim/arcrole/domain-member' xlink:from='loc_SegmentReportingOtherSignificantReconcilingItemConsolidatedAbstract' xlink:to='loc_DebtAndCapitalLeaseObligations' xlink:type='arc' />
<link:definitionArc order='11.0' xlink:arcrole='http://xbrl.org/int/dim/arcrole/domain-member' xlink:from='loc_SegmentReportingOtherSignificantReconcilingItemConsolidatedAbstract' xlink:to='loc_OtherLiabilities' xlink:type='arc' />
</link:definitionLink>
<link:definitionLink xlink:role='http://fasb.org/us-gaap/role/disclosure/SegmentReportingReconciliationOfOtherSignificantReconcilingItemsFromSegmentsToConsolidatedTable' xlink:type='extended'>
<link:loc xlink:href='../elts/us-gaap-2012-01-31.xsd#us-gaap_ReconciliationOfOtherSignificantReconcilingItemsFromSegmentsToConsolidatedTable' xlink:label='loc_ReconciliationOfOtherSignificantReconcilingItemsFromSegmentsToConsolidatedTable' xlink:type='locator' />
<link:loc xlink:href='../elts/us-gaap-2012-01-31.xsd#us-gaap_StatementBusinessSegmentsAxis' xlink:label='loc_StatementBusinessSegmentsAxis' xlink:type='locator' />
<link:definitionArc order='1.0' xlink:arcrole='http://xbrl.org/int/dim/arcrole/hypercube-dimension' xlink:from='loc_ReconciliationOfOtherSignificantReconcilingItemsFromSegmentsToConsolidatedTable' xlink:to='loc_StatementBusinessSegmentsAxis' xlink:type='arc' />
</link:definitionLink>
<link:definitionLink xlink:role='http://fasb.org/us-gaap/role/disclosure/SegmentReportingReconciliationOfRevenueFromSegmentsToConsolidatedTable' xlink:type='extended'>
<link:loc xlink:href='../elts/us-gaap-2012-01-31.xsd#us-gaap_SegmentReportingRevenueReconcilingItemLineItems' xlink:label='loc_SegmentReportingRevenueReconcilingItemLineItems' xlink:type='locator' />
<link:loc xlink:href='../elts/us-gaap-2012-01-31.xsd#us-gaap_ReconciliationOfRevenueFromSegmentsToConsolidatedTable' xlink:label='loc_ReconciliationOfRevenueFromSegmentsToConsolidatedTable' xlink:type='locator' />
<link:definitionArc order='1.0' xbrldt:closed='true' xbrldt:contextElement='segment' xlink:arcrole='http://xbrl.org/int/dim/arcrole/all' xlink:from='loc_SegmentReportingRevenueReconcilingItemLineItems' xlink:to='loc_ReconciliationOfRevenueFromSegmentsToConsolidatedTable' xlink:type='arc' />
</link:definitionLink>
<link:definitionLink xlink:role='http://fasb.org/us-gaap/role/disclosure/SegmentReportingReconciliationOfRevenueFromSegmentsToConsolidatedTable' xlink:type='extended'>
<link:loc xlink:href='../elts/us-gaap-2012-01-31.xsd#us-gaap_StatementBusinessSegmentsAxis' xlink:label='loc_StatementBusinessSegmentsAxis' xlink:type='locator' />
<link:loc xlink:href='../elts/us-gaap-2012-01-31.xsd#us-gaap_SegmentDomain' xlink:label='loc_SegmentDomain' xlink:type='locator' />
<link:definitionArc order='1.0' xlink:arcrole='http://xbrl.org/int/dim/arcrole/dimension-default' xlink:from='loc_StatementBusinessSegmentsAxis' xlink:to='loc_SegmentDomain' xlink:type='arc' />
</link:definitionLink>
<link:definitionLink xlink:role='http://fasb.org/us-gaap/role/disclosure/SegmentReportingReconciliationOfRevenueFromSegmentsToConsolidatedTable' xlink:type='extended'>
<link:loc xlink:href='../elts/us-gaap-2012-01-31.xsd#us-gaap_StatementBusinessSegmentsAxis' xlink:label='loc_StatementBusinessSegmentsAxis' xlink:type='locator' />
<link:loc xlink:href='../elts/us-gaap-2012-01-31.xsd#us-gaap_SegmentDomain' xlink:label='loc_SegmentDomain' xlink:type='locator' />
<link:definitionArc order='1.0' xlink:arcrole='http://xbrl.org/int/dim/arcrole/dimension-domain' xlink:from='loc_StatementBusinessSegmentsAxis' xlink:to='loc_SegmentDomain' xlink:type='arc' />
</link:definitionLink>
<link:definitionLink xlink:role='http://fasb.org/us-gaap/role/disclosure/SegmentReportingReconciliationOfRevenueFromSegmentsToConsolidatedTable' xlink:type='extended'>
<link:loc xlink:href='../elts/us-gaap-2012-01-31.xsd#us-gaap_SegmentDomain' xlink:label='loc_SegmentDomain' xlink:type='locator' />
<link:loc xlink:href='../elts/us-gaap-2012-01-31.xsd#us-gaap_OperatingSegmentsMember' xlink:label='loc_OperatingSegmentsMember' xlink:type='locator' />
<link:loc xlink:href='../elts/us-gaap-2012-01-31.xsd#us-gaap_ReportableSegmentsMember' xlink:label='loc_ReportableSegmentsMember' xlink:type='locator' />
<link:loc xlink:href='../elts/us-gaap-2012-01-31.xsd#us-gaap_AllOtherSegmentsMember' xlink:label='loc_AllOtherSegmentsMember' xlink:type='locator' />
<link:loc xlink:href='../elts/us-gaap-2012-01-31.xsd#us-gaap_CorporateMember' xlink:label='loc_CorporateMember' xlink:type='locator' />
<link:loc xlink:href='../elts/us-gaap-2012-01-31.xsd#us-gaap_CorporateAndOtherMember' xlink:label='loc_CorporateAndOtherMember' xlink:type='locator' />
<link:loc xlink:href='../elts/us-gaap-2012-01-31.xsd#us-gaap_MaterialReconcilingItemsMember' xlink:label='loc_MaterialReconcilingItemsMember' xlink:type='locator' />
<link:loc xlink:href='../elts/us-gaap-2012-01-31.xsd#us-gaap_UnallocatedAmountToSegmentMember' xlink:label='loc_UnallocatedAmountToSegmentMember' xlink:type='locator' />
<link:loc xlink:href='../elts/us-gaap-2012-01-31.xsd#us-gaap_IntersegmentEliminationMember' xlink:label='loc_IntersegmentEliminationMember' xlink:type='locator' />
<link:loc xlink:href='../elts/us-gaap-2012-01-31.xsd#us-gaap_SegmentReportingRevenueReconcilingItemLineItems' xlink:label='loc_SegmentReportingRevenueReconcilingItemLineItems' xlink:type='locator' />
<link:loc xlink:href='../elts/us-gaap-2012-01-31.xsd#us-gaap_Revenues' xlink:label='loc_Revenues' xlink:type='locator' />
<link:definitionArc order='1.0' xlink:arcrole='http://xbrl.org/int/dim/arcrole/domain-member' xlink:from='loc_SegmentDomain' xlink:to='loc_OperatingSegmentsMember' xlink:type='arc' />
<link:definitionArc order='2.0' xlink:arcrole='http://xbrl.org/int/dim/arcrole/domain-member' xlink:from='loc_OperatingSegmentsMember' xlink:to='loc_ReportableSegmentsMember' xlink:type='arc' />
<link:definitionArc order='3.0' xlink:arcrole='http://xbrl.org/int/dim/arcrole/domain-member' xlink:from='loc_OperatingSegmentsMember' xlink:to='loc_AllOtherSegmentsMember' xlink:type='arc' />
<link:definitionArc order='4.0' xlink:arcrole='http://xbrl.org/int/dim/arcrole/domain-member' xlink:from='loc_SegmentDomain' xlink:to='loc_CorporateMember' xlink:type='arc' />
<link:definitionArc order='5.0' xlink:arcrole='http://xbrl.org/int/dim/arcrole/domain-member' xlink:from='loc_SegmentDomain' xlink:to='loc_CorporateAndOtherMember' xlink:type='arc' />
<link:definitionArc order='6.0' xlink:arcrole='http://xbrl.org/int/dim/arcrole/domain-member' xlink:from='loc_SegmentDomain' xlink:to='loc_MaterialReconcilingItemsMember' xlink:type='arc' />
<link:definitionArc order='7.0' xlink:arcrole='http://xbrl.org/int/dim/arcrole/domain-member' xlink:from='loc_MaterialReconcilingItemsMember' xlink:to='loc_UnallocatedAmountToSegmentMember' xlink:type='arc' />
<link:definitionArc order='8.0' xlink:arcrole='http://xbrl.org/int/dim/arcrole/domain-member' xlink:from='loc_MaterialReconcilingItemsMember' xlink:to='loc_IntersegmentEliminationMember' xlink:type='arc' />
<link:definitionArc order='1.0' xlink:arcrole='http://xbrl.org/int/dim/arcrole/domain-member' xlink:from='loc_SegmentReportingRevenueReconcilingItemLineItems' xlink:to='loc_Revenues' xlink:type='arc' />
</link:definitionLink>
<link:definitionLink xlink:role='http://fasb.org/us-gaap/role/disclosure/SegmentReportingReconciliationOfRevenueFromSegmentsToConsolidatedTable' xlink:type='extended'>
<link:loc xlink:href='../elts/us-gaap-2012-01-31.xsd#us-gaap_ReconciliationOfRevenueFromSegmentsToConsolidatedTable' xlink:label='loc_ReconciliationOfRevenueFromSegmentsToConsolidatedTable' xlink:type='locator' />
<link:loc xlink:href='../elts/us-gaap-2012-01-31.xsd#us-gaap_StatementBusinessSegmentsAxis' xlink:label='loc_StatementBusinessSegmentsAxis' xlink:type='locator' />
<link:definitionArc order='1.0' xlink:arcrole='http://xbrl.org/int/dim/arcrole/hypercube-dimension' xlink:from='loc_ReconciliationOfRevenueFromSegmentsToConsolidatedTable' xlink:to='loc_StatementBusinessSegmentsAxis' xlink:type='arc' />
</link:definitionLink>
<link:definitionLink xlink:role='http://fasb.org/us-gaap/role/disclosure/SegmentReportingScheduleOfEntityWideInformationRevenueFromExternalCustomersByProductsAndServicesTable' xlink:type='extended'>
<link:loc xlink:href='../elts/us-gaap-2012-01-31.xsd#us-gaap_EntityWideInformationRevenueFromExternalCustomerLineItems' xlink:label='loc_EntityWideInformationRevenueFromExternalCustomerLineItems' xlink:type='locator' />
<link:loc xlink:href='../elts/us-gaap-2012-01-31.xsd#us-gaap_ScheduleOfEntityWideInformationRevenueFromExternalCustomersByProductsAndServicesTable' xlink:label='loc_ScheduleOfEntityWideInformationRevenueFromExternalCustomersByProductsAndServicesTable' xlink:type='locator' />
<link:definitionArc order='1.0' xbrldt:closed='true' xbrldt:contextElement='segment' xlink:arcrole='http://xbrl.org/int/dim/arcrole/all' xlink:from='loc_EntityWideInformationRevenueFromExternalCustomerLineItems' xlink:to='loc_ScheduleOfEntityWideInformationRevenueFromExternalCustomersByProductsAndServicesTable' xlink:type='arc' />
</link:definitionLink>
<link:definitionLink xlink:role='http://fasb.org/us-gaap/role/disclosure/SegmentReportingScheduleOfEntityWideInformationRevenueFromExternalCustomersByProductsAndServicesTable' xlink:type='extended'>
<link:loc xlink:href='../elts/us-gaap-2012-01-31.xsd#us-gaap_ProductOrServiceAxis' xlink:label='loc_ProductOrServiceAxis' xlink:type='locator' />
<link:loc xlink:href='../elts/us-gaap-2012-01-31.xsd#us-gaap_ProductsAndServicesDomain' xlink:label='loc_ProductsAndServicesDomain' xlink:type='locator' />
<link:definitionArc order='1.0' xlink:arcrole='http://xbrl.org/int/dim/arcrole/dimension-default' xlink:from='loc_ProductOrServiceAxis' xlink:to='loc_ProductsAndServicesDomain' xlink:type='arc' />
</link:definitionLink>
<link:definitionLink xlink:role='http://fasb.org/us-gaap/role/disclosure/SegmentReportingScheduleOfEntityWideInformationRevenueFromExternalCustomersByProductsAndServicesTable' xlink:type='extended'>
<link:loc xlink:href='../elts/us-gaap-2012-01-31.xsd#us-gaap_ProductOrServiceAxis' xlink:label='loc_ProductOrServiceAxis' xlink:type='locator' />
<link:loc xlink:href='../elts/us-gaap-2012-01-31.xsd#us-gaap_ProductsAndServicesDomain' xlink:label='loc_ProductsAndServicesDomain' xlink:type='locator' />
<link:definitionArc order='1.0' xlink:arcrole='http://xbrl.org/int/dim/arcrole/dimension-domain' xlink:from='loc_ProductOrServiceAxis' xlink:to='loc_ProductsAndServicesDomain' xlink:type='arc' />
</link:definitionLink>
<link:definitionLink xlink:role='http://fasb.org/us-gaap/role/disclosure/SegmentReportingScheduleOfEntityWideInformationRevenueFromExternalCustomersByProductsAndServicesTable' xlink:type='extended'>
<link:loc xlink:href='../elts/us-gaap-2012-01-31.xsd#us-gaap_EntityWideInformationRevenueFromExternalCustomerLineItems' xlink:label='loc_EntityWideInformationRevenueFromExternalCustomerLineItems' xlink:type='locator' />
<link:loc xlink:href='../elts/us-gaap-2012-01-31.xsd#us-gaap_RevenuesFromExternalCustomers' xlink:label='loc_RevenuesFromExternalCustomers' xlink:type='locator' />
<link:definitionArc order='1.0' xlink:arcrole='http://xbrl.org/int/dim/arcrole/domain-member' xlink:from='loc_EntityWideInformationRevenueFromExternalCustomerLineItems' xlink:to='loc_RevenuesFromExternalCustomers' xlink:type='arc' />
</link:definitionLink>
<link:definitionLink xlink:role='http://fasb.org/us-gaap/role/disclosure/SegmentReportingScheduleOfEntityWideInformationRevenueFromExternalCustomersByProductsAndServicesTable' xlink:type='extended'>
<link:loc xlink:href='../elts/us-gaap-2012-01-31.xsd#us-gaap_ScheduleOfEntityWideInformationRevenueFromExternalCustomersByProductsAndServicesTable' xlink:label='loc_ScheduleOfEntityWideInformationRevenueFromExternalCustomersByProductsAndServicesTable' xlink:type='locator' />
<link:loc xlink:href='../elts/us-gaap-2012-01-31.xsd#us-gaap_ProductOrServiceAxis' xlink:label='loc_ProductOrServiceAxis' xlink:type='locator' />
<link:definitionArc order='1.0' xlink:arcrole='http://xbrl.org/int/dim/arcrole/hypercube-dimension' xlink:from='loc_ScheduleOfEntityWideInformationRevenueFromExternalCustomersByProductsAndServicesTable' xlink:to='loc_ProductOrServiceAxis' xlink:type='arc' />
</link:definitionLink>
<link:definitionLink xlink:role='http://fasb.org/us-gaap/role/disclosure/SegmentReportingScheduleOfEntityWideRevenueByMajorCustomersByReportingSegmentsTable' xlink:type='extended'>
<link:loc xlink:href='../elts/us-gaap-2012-01-31.xsd#us-gaap_EntityWideRevenueMajorCustomerLineItems' xlink:label='loc_EntityWideRevenueMajorCustomerLineItems' xlink:type='locator' />
<link:loc xlink:href='../elts/us-gaap-2012-01-31.xsd#us-gaap_ScheduleOfEntityWideRevenueByMajorCustomersByReportingSegmentsTable' xlink:label='loc_ScheduleOfEntityWideRevenueByMajorCustomersByReportingSegmentsTable' xlink:type='locator' />
<link:definitionArc order='1.0' xbrldt:closed='true' xbrldt:contextElement='segment' xlink:arcrole='http://xbrl.org/int/dim/arcrole/all' xlink:from='loc_EntityWideRevenueMajorCustomerLineItems' xlink:to='loc_ScheduleOfEntityWideRevenueByMajorCustomersByReportingSegmentsTable' xlink:type='arc' />
</link:definitionLink>
<link:definitionLink xlink:role='http://fasb.org/us-gaap/role/disclosure/SegmentReportingScheduleOfEntityWideRevenueByMajorCustomersByReportingSegmentsTable' xlink:type='extended'>
<link:loc xlink:href='../elts/us-gaap-2012-01-31.xsd#us-gaap_StatementBusinessSegmentsAxis' xlink:label='loc_StatementBusinessSegmentsAxis' xlink:type='locator' />
<link:loc xlink:href='../elts/us-gaap-2012-01-31.xsd#us-gaap_SegmentDomain' xlink:label='loc_SegmentDomain' xlink:type='locator' />
<link:loc xlink:href='../elts/us-gaap-2012-01-31.xsd#us-gaap_MajorCustomersAxis' xlink:label='loc_MajorCustomersAxis' xlink:type='locator' />
<link:loc xlink:href='../elts/us-gaap-2012-01-31.xsd#us-gaap_NameOfMajorCustomerDomain' xlink:label='loc_NameOfMajorCustomerDomain' xlink:type='locator' />
<link:definitionArc order='1.0' xlink:arcrole='http://xbrl.org/int/dim/arcrole/dimension-default' xlink:from='loc_StatementBusinessSegmentsAxis' xlink:to='loc_SegmentDomain' xlink:type='arc' />
<link:definitionArc order='2.0' xlink:arcrole='http://xbrl.org/int/dim/arcrole/dimension-default' xlink:from='loc_MajorCustomersAxis' xlink:to='loc_NameOfMajorCustomerDomain' xlink:type='arc' />
</link:definitionLink>
<link:definitionLink xlink:role='http://fasb.org/us-gaap/role/disclosure/SegmentReportingScheduleOfEntityWideRevenueByMajorCustomersByReportingSegmentsTable' xlink:type='extended'>
<link:loc xlink:href='../elts/us-gaap-2012-01-31.xsd#us-gaap_StatementBusinessSegmentsAxis' xlink:label='loc_StatementBusinessSegmentsAxis' xlink:type='locator' />
<link:loc xlink:href='../elts/us-gaap-2012-01-31.xsd#us-gaap_SegmentDomain' xlink:label='loc_SegmentDomain' xlink:type='locator' />
<link:loc xlink:href='../elts/us-gaap-2012-01-31.xsd#us-gaap_MajorCustomersAxis' xlink:label='loc_MajorCustomersAxis' xlink:type='locator' />
<link:loc xlink:href='../elts/us-gaap-2012-01-31.xsd#us-gaap_NameOfMajorCustomerDomain' xlink:label='loc_NameOfMajorCustomerDomain' xlink:type='locator' />
<link:definitionArc order='1.0' xlink:arcrole='http://xbrl.org/int/dim/arcrole/dimension-domain' xlink:from='loc_StatementBusinessSegmentsAxis' xlink:to='loc_SegmentDomain' xlink:type='arc' />
<link:definitionArc order='2.0' xlink:arcrole='http://xbrl.org/int/dim/arcrole/dimension-domain' xlink:from='loc_MajorCustomersAxis' xlink:to='loc_NameOfMajorCustomerDomain' xlink:type='arc' />
</link:definitionLink>
<link:definitionLink xlink:role='http://fasb.org/us-gaap/role/disclosure/SegmentReportingScheduleOfEntityWideRevenueByMajorCustomersByReportingSegmentsTable' xlink:type='extended'>
<link:loc xlink:href='../elts/us-gaap-2012-01-31.xsd#us-gaap_SegmentDomain' xlink:label='loc_SegmentDomain' xlink:type='locator' />
<link:loc xlink:href='../elts/us-gaap-2012-01-31.xsd#us-gaap_OperatingSegmentsMember' xlink:label='loc_OperatingSegmentsMember' xlink:type='locator' />
<link:loc xlink:href='../elts/us-gaap-2012-01-31.xsd#us-gaap_ReportableSegmentsMember' xlink:label='loc_ReportableSegmentsMember' xlink:type='locator' />
<link:loc xlink:href='../elts/us-gaap-2012-01-31.xsd#us-gaap_AllOtherSegmentsMember' xlink:label='loc_AllOtherSegmentsMember' xlink:type='locator' />
<link:loc xlink:href='../elts/us-gaap-2012-01-31.xsd#us-gaap_CorporateMember' xlink:label='loc_CorporateMember' xlink:type='locator' />
<link:loc xlink:href='../elts/us-gaap-2012-01-31.xsd#us-gaap_CorporateAndOtherMember' xlink:label='loc_CorporateAndOtherMember' xlink:type='locator' />
<link:loc xlink:href='../elts/us-gaap-2012-01-31.xsd#us-gaap_MaterialReconcilingItemsMember' xlink:label='loc_MaterialReconcilingItemsMember' xlink:type='locator' />
<link:loc xlink:href='../elts/us-gaap-2012-01-31.xsd#us-gaap_UnallocatedAmountToSegmentMember' xlink:label='loc_UnallocatedAmountToSegmentMember' xlink:type='locator' />
<link:loc xlink:href='../elts/us-gaap-2012-01-31.xsd#us-gaap_IntersegmentEliminationMember' xlink:label='loc_IntersegmentEliminationMember' xlink:type='locator' />
<link:loc xlink:href='../elts/us-gaap-2012-01-31.xsd#us-gaap_EntityWideRevenueMajorCustomerLineItems' xlink:label='loc_EntityWideRevenueMajorCustomerLineItems' xlink:type='locator' />
<link:loc xlink:href='../elts/us-gaap-2012-01-31.xsd#us-gaap_EntityWideRevenueMajorCustomerAmount' xlink:label='loc_EntityWideRevenueMajorCustomerAmount' xlink:type='locator' />
<link:loc xlink:href='../elts/us-gaap-2012-01-31.xsd#us-gaap_EntityWideRevenueMajorCustomerPercentage' xlink:label='loc_EntityWideRevenueMajorCustomerPercentage' xlink:type='locator' />
<link:definitionArc order='1.0' xlink:arcrole='http://xbrl.org/int/dim/arcrole/domain-member' xlink:from='loc_SegmentDomain' xlink:to='loc_OperatingSegmentsMember' xlink:type='arc' />
<link:definitionArc order='2.0' xlink:arcrole='http://xbrl.org/int/dim/arcrole/domain-member' xlink:from='loc_OperatingSegmentsMember' xlink:to='loc_ReportableSegmentsMember' xlink:type='arc' />
<link:definitionArc order='3.0' xlink:arcrole='http://xbrl.org/int/dim/arcrole/domain-member' xlink:from='loc_OperatingSegmentsMember' xlink:to='loc_AllOtherSegmentsMember' xlink:type='arc' />
<link:definitionArc order='4.0' xlink:arcrole='http://xbrl.org/int/dim/arcrole/domain-member' xlink:from='loc_SegmentDomain' xlink:to='loc_CorporateMember' xlink:type='arc' />
<link:definitionArc order='5.0' xlink:arcrole='http://xbrl.org/int/dim/arcrole/domain-member' xlink:from='loc_SegmentDomain' xlink:to='loc_CorporateAndOtherMember' xlink:type='arc' />
<link:definitionArc order='6.0' xlink:arcrole='http://xbrl.org/int/dim/arcrole/domain-member' xlink:from='loc_SegmentDomain' xlink:to='loc_MaterialReconcilingItemsMember' xlink:type='arc' />
<link:definitionArc order='7.0' xlink:arcrole='http://xbrl.org/int/dim/arcrole/domain-member' xlink:from='loc_MaterialReconcilingItemsMember' xlink:to='loc_UnallocatedAmountToSegmentMember' xlink:type='arc' />
<link:definitionArc order='8.0' xlink:arcrole='http://xbrl.org/int/dim/arcrole/domain-member' xlink:from='loc_MaterialReconcilingItemsMember' xlink:to='loc_IntersegmentEliminationMember' xlink:type='arc' />
<link:definitionArc order='1.0' xlink:arcrole='http://xbrl.org/int/dim/arcrole/domain-member' xlink:from='loc_EntityWideRevenueMajorCustomerLineItems' xlink:to='loc_EntityWideRevenueMajorCustomerAmount' xlink:type='arc' />
<link:definitionArc order='2.0' xlink:arcrole='http://xbrl.org/int/dim/arcrole/domain-member' xlink:from='loc_EntityWideRevenueMajorCustomerLineItems' xlink:to='loc_EntityWideRevenueMajorCustomerPercentage' xlink:type='arc' />
</link:definitionLink>
<link:definitionLink xlink:role='http://fasb.org/us-gaap/role/disclosure/SegmentReportingScheduleOfEntityWideRevenueByMajorCustomersByReportingSegmentsTable' xlink:type='extended'>
<link:loc xlink:href='../elts/us-gaap-2012-01-31.xsd#us-gaap_ScheduleOfEntityWideRevenueByMajorCustomersByReportingSegmentsTable' xlink:label='loc_ScheduleOfEntityWideRevenueByMajorCustomersByReportingSegmentsTable' xlink:type='locator' />
<link:loc xlink:href='../elts/us-gaap-2012-01-31.xsd#us-gaap_StatementBusinessSegmentsAxis' xlink:label='loc_StatementBusinessSegmentsAxis' xlink:type='locator' />
<link:loc xlink:href='../elts/us-gaap-2012-01-31.xsd#us-gaap_MajorCustomersAxis' xlink:label='loc_MajorCustomersAxis' xlink:type='locator' />
<link:definitionArc order='1.0' xlink:arcrole='http://xbrl.org/int/dim/arcrole/hypercube-dimension' xlink:from='loc_ScheduleOfEntityWideRevenueByMajorCustomersByReportingSegmentsTable' xlink:to='loc_StatementBusinessSegmentsAxis' xlink:type='arc' />
<link:definitionArc order='2.0' xlink:arcrole='http://xbrl.org/int/dim/arcrole/hypercube-dimension' xlink:from='loc_ScheduleOfEntityWideRevenueByMajorCustomersByReportingSegmentsTable' xlink:to='loc_MajorCustomersAxis' xlink:type='arc' />
</link:definitionLink>
<link:definitionLink xlink:role='http://fasb.org/us-gaap/role/disclosure/SegmentReportingScheduleOfRevenuesFromExternalCustomersAndLongLivedAssetsTable' xlink:type='extended'>
<link:loc xlink:href='../elts/us-gaap-2012-01-31.xsd#us-gaap_RevenuesFromExternalCustomersAndLongLivedAssetsLineItems' xlink:label='loc_RevenuesFromExternalCustomersAndLongLivedAssetsLineItems' xlink:type='locator' />
<link:loc xlink:href='../elts/us-gaap-2012-01-31.xsd#us-gaap_ScheduleOfRevenuesFromExternalCustomersAndLongLivedAssetsTable' xlink:label='loc_ScheduleOfRevenuesFromExternalCustomersAndLongLivedAssetsTable' xlink:type='locator' />
<link:definitionArc order='1.0' xbrldt:closed='true' xbrldt:contextElement='segment' xlink:arcrole='http://xbrl.org/int/dim/arcrole/all' xlink:from='loc_RevenuesFromExternalCustomersAndLongLivedAssetsLineItems' xlink:to='loc_ScheduleOfRevenuesFromExternalCustomersAndLongLivedAssetsTable' xlink:type='arc' />
</link:definitionLink>
<link:definitionLink xlink:role='http://fasb.org/us-gaap/role/disclosure/SegmentReportingScheduleOfRevenuesFromExternalCustomersAndLongLivedAssetsTable' xlink:type='extended'>
<link:loc xlink:href='../elts/us-gaap-2012-01-31.xsd#us-gaap_StatementGeographicalAxis' xlink:label='loc_StatementGeographicalAxis' xlink:type='locator' />
<link:loc xlink:href='../elts/us-gaap-2012-01-31.xsd#us-gaap_SegmentGeographicalDomain' xlink:label='loc_SegmentGeographicalDomain' xlink:type='locator' />
<link:definitionArc order='1.0' xlink:arcrole='http://xbrl.org/int/dim/arcrole/dimension-default' xlink:from='loc_StatementGeographicalAxis' xlink:to='loc_SegmentGeographicalDomain' xlink:type='arc' />
</link:definitionLink>
<link:definitionLink xlink:role='http://fasb.org/us-gaap/role/disclosure/SegmentReportingScheduleOfRevenuesFromExternalCustomersAndLongLivedAssetsTable' xlink:type='extended'>
<link:loc xlink:href='../elts/us-gaap-2012-01-31.xsd#us-gaap_StatementGeographicalAxis' xlink:label='loc_StatementGeographicalAxis' xlink:type='locator' />
<link:loc xlink:href='../elts/us-gaap-2012-01-31.xsd#us-gaap_SegmentGeographicalDomain' xlink:label='loc_SegmentGeographicalDomain' xlink:type='locator' />
<link:definitionArc order='1.0' xlink:arcrole='http://xbrl.org/int/dim/arcrole/dimension-domain' xlink:from='loc_StatementGeographicalAxis' xlink:to='loc_SegmentGeographicalDomain' xlink:type='arc' />
</link:definitionLink>
<link:definitionLink xlink:role='http://fasb.org/us-gaap/role/disclosure/SegmentReportingScheduleOfRevenuesFromExternalCustomersAndLongLivedAssetsTable' xlink:type='extended'>
<link:loc xlink:href='../elts/us-gaap-2012-01-31.xsd#us-gaap_SegmentGeographicalDomain' xlink:label='loc_SegmentGeographicalDomain' xlink:type='locator' />
<link:loc xlink:href='../elts/us-gaap-2012-01-31.xsd#us-gaap_SegmentGeographicalGroupsOfCountriesGroupOneMember' xlink:label='loc_SegmentGeographicalGroupsOfCountriesGroupOneMember' xlink:type='locator' />
<link:loc xlink:href='../elts/us-gaap-2012-01-31.xsd#us-gaap_SegmentGeographicalGroupsOfCountriesGroupTwoMember' xlink:label='loc_SegmentGeographicalGroupsOfCountriesGroupTwoMember' xlink:type='locator' />
<link:loc xlink:href='../elts/us-gaap-2012-01-31.xsd#us-gaap_IntersegmentEliminationMember' xlink:label='loc_IntersegmentEliminationMember' xlink:type='locator' />
<link:loc xlink:href='../elts/us-gaap-2012-01-31.xsd#us-gaap_RevenuesFromExternalCustomersAndLongLivedAssetsLineItems' xlink:label='loc_RevenuesFromExternalCustomersAndLongLivedAssetsLineItems' xlink:type='locator' />
<link:loc xlink:href='../elts/us-gaap-2012-01-31.xsd#us-gaap_Revenues' xlink:label='loc_Revenues' xlink:type='locator' />
<link:loc xlink:href='../elts/us-gaap-2012-01-31.xsd#us-gaap_NoncurrentAssets' xlink:label='loc_NoncurrentAssets' xlink:type='locator' />
<link:definitionArc order='1.0' xlink:arcrole='http://xbrl.org/int/dim/arcrole/domain-member' xlink:from='loc_SegmentGeographicalDomain' xlink:to='loc_SegmentGeographicalGroupsOfCountriesGroupOneMember' xlink:type='arc' />
<link:definitionArc order='2.0' xlink:arcrole='http://xbrl.org/int/dim/arcrole/domain-member' xlink:from='loc_SegmentGeographicalDomain' xlink:to='loc_SegmentGeographicalGroupsOfCountriesGroupTwoMember' xlink:type='arc' />
<link:definitionArc order='3.0' xlink:arcrole='http://xbrl.org/int/dim/arcrole/domain-member' xlink:from='loc_SegmentGeographicalDomain' xlink:to='loc_IntersegmentEliminationMember' xlink:type='arc' />
<link:definitionArc order='1.0' xlink:arcrole='http://xbrl.org/int/dim/arcrole/domain-member' xlink:from='loc_RevenuesFromExternalCustomersAndLongLivedAssetsLineItems' xlink:to='loc_Revenues' xlink:type='arc' />
<link:definitionArc order='2.0' xlink:arcrole='http://xbrl.org/int/dim/arcrole/domain-member' xlink:from='loc_RevenuesFromExternalCustomersAndLongLivedAssetsLineItems' xlink:to='loc_NoncurrentAssets' xlink:type='arc' />
</link:definitionLink>
<link:definitionLink xlink:role='http://fasb.org/us-gaap/role/disclosure/SegmentReportingScheduleOfRevenuesFromExternalCustomersAndLongLivedAssetsTable' xlink:type='extended'>
<link:loc xlink:href='../elts/us-gaap-2012-01-31.xsd#us-gaap_ScheduleOfRevenuesFromExternalCustomersAndLongLivedAssetsTable' xlink:label='loc_ScheduleOfRevenuesFromExternalCustomersAndLongLivedAssetsTable' xlink:type='locator' />
<link:loc xlink:href='../elts/us-gaap-2012-01-31.xsd#us-gaap_StatementGeographicalAxis' xlink:label='loc_StatementGeographicalAxis' xlink:type='locator' />
<link:definitionArc order='1.0' xlink:arcrole='http://xbrl.org/int/dim/arcrole/hypercube-dimension' xlink:from='loc_ScheduleOfRevenuesFromExternalCustomersAndLongLivedAssetsTable' xlink:to='loc_StatementGeographicalAxis' xlink:type='arc' />
</link:definitionLink>
<link:definitionLink xlink:role='http://fasb.org/us-gaap/role/disclosure/SegmentReportingScheduleOfSegmentReportingInformationBySegmentTable' xlink:type='extended'>
<link:loc xlink:href='../elts/us-gaap-2012-01-31.xsd#us-gaap_SegmentReportingInformationLineItems' xlink:label='loc_SegmentReportingInformationLineItems' xlink:type='locator' />
<link:loc xlink:href='../elts/us-gaap-2012-01-31.xsd#us-gaap_ScheduleOfSegmentReportingInformationBySegmentTable' xlink:label='loc_ScheduleOfSegmentReportingInformationBySegmentTable' xlink:type='locator' />
<link:definitionArc order='1.0' xbrldt:closed='true' xbrldt:contextElement='segment' xlink:arcrole='http://xbrl.org/int/dim/arcrole/all' xlink:from='loc_SegmentReportingInformationLineItems' xlink:to='loc_ScheduleOfSegmentReportingInformationBySegmentTable' xlink:type='arc' />
</link:definitionLink>
<link:definitionLink xlink:role='http://fasb.org/us-gaap/role/disclosure/SegmentReportingScheduleOfSegmentReportingInformationBySegmentTable' xlink:type='extended'>
<link:loc xlink:href='../elts/us-gaap-2012-01-31.xsd#us-gaap_StatementBusinessSegmentsAxis' xlink:label='loc_StatementBusinessSegmentsAxis' xlink:type='locator' />
<link:loc xlink:href='../elts/us-gaap-2012-01-31.xsd#us-gaap_SegmentDomain' xlink:label='loc_SegmentDomain' xlink:type='locator' />
<link:definitionArc order='1.0' xlink:arcrole='http://xbrl.org/int/dim/arcrole/dimension-default' xlink:from='loc_StatementBusinessSegmentsAxis' xlink:to='loc_SegmentDomain' xlink:type='arc' />
</link:definitionLink>
<link:definitionLink xlink:role='http://fasb.org/us-gaap/role/disclosure/SegmentReportingScheduleOfSegmentReportingInformationBySegmentTable' xlink:type='extended'>
<link:loc xlink:href='../elts/us-gaap-2012-01-31.xsd#us-gaap_StatementBusinessSegmentsAxis' xlink:label='loc_StatementBusinessSegmentsAxis' xlink:type='locator' />
<link:loc xlink:href='../elts/us-gaap-2012-01-31.xsd#us-gaap_SegmentDomain' xlink:label='loc_SegmentDomain' xlink:type='locator' />
<link:definitionArc order='1.0' xlink:arcrole='http://xbrl.org/int/dim/arcrole/dimension-domain' xlink:from='loc_StatementBusinessSegmentsAxis' xlink:to='loc_SegmentDomain' xlink:type='arc' />
</link:definitionLink>
<link:definitionLink xlink:role='http://fasb.org/us-gaap/role/disclosure/SegmentReportingScheduleOfSegmentReportingInformationBySegmentTable' xlink:type='extended'>
<link:loc xlink:href='../elts/us-gaap-2012-01-31.xsd#us-gaap_SegmentDomain' xlink:label='loc_SegmentDomain' xlink:type='locator' />
<link:loc xlink:href='../elts/us-gaap-2012-01-31.xsd#us-gaap_OperatingSegmentsMember' xlink:label='loc_OperatingSegmentsMember' xlink:type='locator' />
<link:loc xlink:href='../elts/us-gaap-2012-01-31.xsd#us-gaap_ReportableSegmentsMember' xlink:label='loc_ReportableSegmentsMember' xlink:type='locator' />
<link:loc xlink:href='../elts/us-gaap-2012-01-31.xsd#us-gaap_AllOtherSegmentsMember' xlink:label='loc_AllOtherSegmentsMember' xlink:type='locator' />
<link:loc xlink:href='../elts/us-gaap-2012-01-31.xsd#us-gaap_CorporateMember' xlink:label='loc_CorporateMember' xlink:type='locator' />
<link:loc xlink:href='../elts/us-gaap-2012-01-31.xsd#us-gaap_CorporateAndOtherMember' xlink:label='loc_CorporateAndOtherMember' xlink:type='locator' />
<link:loc xlink:href='../elts/us-gaap-2012-01-31.xsd#us-gaap_MaterialReconcilingItemsMember' xlink:label='loc_MaterialReconcilingItemsMember' xlink:type='locator' />
<link:loc xlink:href='../elts/us-gaap-2012-01-31.xsd#us-gaap_UnallocatedAmountToSegmentMember' xlink:label='loc_UnallocatedAmountToSegmentMember' xlink:type='locator' />
<link:loc xlink:href='../elts/us-gaap-2012-01-31.xsd#us-gaap_IntersegmentEliminationMember' xlink:label='loc_IntersegmentEliminationMember' xlink:type='locator' />
<link:loc xlink:href='../elts/us-gaap-2012-01-31.xsd#us-gaap_SegmentReportingInformationLineItems' xlink:label='loc_SegmentReportingInformationLineItems' xlink:type='locator' />
<link:loc xlink:href='../elts/us-gaap-2012-01-31.xsd#us-gaap_SegmentReportingInformationProfitLossAbstract' xlink:label='loc_SegmentReportingInformationProfitLossAbstract' xlink:type='locator' />
<link:loc xlink:href='../elts/us-gaap-2012-01-31.xsd#us-gaap_SegmentReportingInformationIncomeLossBeforeIncomeTaxesAbstract' xlink:label='loc_SegmentReportingInformationIncomeLossBeforeIncomeTaxesAbstract' xlink:type='locator' />
<link:loc xlink:href='../elts/us-gaap-2012-01-31.xsd#us-gaap_SegmentReportingInformationOperatingIncomeLossAbstract' xlink:label='loc_SegmentReportingInformationOperatingIncomeLossAbstract' xlink:type='locator' />
<link:loc xlink:href='../elts/us-gaap-2012-01-31.xsd#us-gaap_SegmentReportingInformationRevenueAbstract' xlink:label='loc_SegmentReportingInformationRevenueAbstract' xlink:type='locator' />
<link:loc xlink:href='../elts/us-gaap-2012-01-31.xsd#us-gaap_Revenues' xlink:label='loc_Revenues' xlink:type='locator' />
<link:loc xlink:href='../elts/us-gaap-2012-01-31.xsd#us-gaap_RevenuesFromTransactionsWithOtherOperatingSegmentsOfSameEntity' xlink:label='loc_RevenuesFromTransactionsWithOtherOperatingSegmentsOfSameEntity' xlink:type='locator' />
<link:loc xlink:href='../elts/us-gaap-2012-01-31.xsd#us-gaap_InterestRevenueOrExpenseNetAbstract' xlink:label='loc_InterestRevenueOrExpenseNetAbstract' xlink:type='locator' />
<link:loc xlink:href='../elts/us-gaap-2012-01-31.xsd#us-gaap_InvestmentIncomeInterest' xlink:label='loc_InvestmentIncomeInterest' xlink:type='locator' />
<link:loc xlink:href='../elts/us-gaap-2012-01-31.xsd#us-gaap_InterestExpense' xlink:label='loc_InterestExpense' xlink:type='locator' />
<link:loc xlink:href='../elts/us-gaap-2012-01-31.xsd#us-gaap_InterestRevenueExpenseNet' xlink:label='loc_InterestRevenueExpenseNet' xlink:type='locator' />
<link:loc xlink:href='../elts/us-gaap-2012-01-31.xsd#us-gaap_SegmentReportingInformationRevenue' xlink:label='loc_SegmentReportingInformationRevenue' xlink:type='locator' />
<link:loc xlink:href='../elts/us-gaap-2012-01-31.xsd#us-gaap_DepreciationAndAmortizationAbstract' xlink:label='loc_DepreciationAndAmortizationAbstract' xlink:type='locator' />
<link:loc xlink:href='../elts/us-gaap-2012-01-31.xsd#us-gaap_Depreciation' xlink:label='loc_Depreciation' xlink:type='locator' />
<link:loc xlink:href='../elts/us-gaap-2012-01-31.xsd#us-gaap_Depletion' xlink:label='loc_Depletion' xlink:type='locator' />
<link:loc xlink:href='../elts/us-gaap-2012-01-31.xsd#us-gaap_AdjustmentForAmortization' xlink:label='loc_AdjustmentForAmortization' xlink:type='locator' />
<link:loc xlink:href='../elts/us-gaap-2012-01-31.xsd#us-gaap_OtherDepreciationAndAmortization' xlink:label='loc_OtherDepreciationAndAmortization' xlink:type='locator' />
<link:loc xlink:href='../elts/us-gaap-2012-01-31.xsd#us-gaap_DepreciationDepletionAndAmortization' xlink:label='loc_DepreciationDepletionAndAmortization' xlink:type='locator' />
<link:loc xlink:href='../elts/us-gaap-2012-01-31.xsd#us-gaap_OperatingIncomeLoss' xlink:label='loc_OperatingIncomeLoss' xlink:type='locator' />
<link:loc xlink:href='../elts/us-gaap-2012-01-31.xsd#us-gaap_OtherNonrecurringIncomeExpense' xlink:label='loc_OtherNonrecurringIncomeExpense' xlink:type='locator' />
<link:loc xlink:href='../elts/us-gaap-2012-01-31.xsd#us-gaap_IncomeLossFromEquityMethodInvestments' xlink:label='loc_IncomeLossFromEquityMethodInvestments' xlink:type='locator' />
<link:loc xlink:href='../elts/us-gaap-2012-01-31.xsd#us-gaap_IncomeLossFromContinuingOperationsBeforeIncomeTaxesExtraordinaryItemsNoncontrollingInterest' xlink:label='loc_IncomeLossFromContinuingOperationsBeforeIncomeTaxesExtraordinaryItemsNoncontrollingInterest' xlink:type='locator' />
<link:loc xlink:href='../elts/us-gaap-2012-01-31.xsd#us-gaap_IncomeTaxExpenseBenefit' xlink:label='loc_IncomeTaxExpenseBenefit' xlink:type='locator' />
<link:loc xlink:href='../elts/us-gaap-2012-01-31.xsd#us-gaap_ExtraordinaryItemsGross' xlink:label='loc_ExtraordinaryItemsGross' xlink:type='locator' />
<link:loc xlink:href='../elts/us-gaap-2012-01-31.xsd#us-gaap_ProfitLoss' xlink:label='loc_ProfitLoss' xlink:type='locator' />
<link:loc xlink:href='../elts/us-gaap-2012-01-31.xsd#us-gaap_SegmentReportingInformationAdditionalElementsForBankPresentationAbstract' xlink:label='loc_SegmentReportingInformationAdditionalElementsForBankPresentationAbstract' xlink:type='locator' />
<link:loc xlink:href='../elts/us-gaap-2012-01-31.xsd#us-gaap_ProvisionForLoanLeaseAndOtherLosses' xlink:label='loc_ProvisionForLoanLeaseAndOtherLosses' xlink:type='locator' />
<link:loc xlink:href='../elts/us-gaap-2012-01-31.xsd#us-gaap_NoninterestIncome' xlink:label='loc_NoninterestIncome' xlink:type='locator' />
<link:loc xlink:href='../elts/us-gaap-2012-01-31.xsd#us-gaap_NoninterestExpense' xlink:label='loc_NoninterestExpense' xlink:type='locator' />
<link:loc xlink:href='../elts/us-gaap-2012-01-31.xsd#us-gaap_SegmentReportingInformationUnallocatedExpenseInNoninterestExpense' xlink:label='loc_SegmentReportingInformationUnallocatedExpenseInNoninterestExpense' xlink:type='locator' />
<link:loc xlink:href='../elts/us-gaap-2012-01-31.xsd#us-gaap_OtherNoninterestExpense' xlink:label='loc_OtherNoninterestExpense' xlink:type='locator' />
<link:loc xlink:href='../elts/us-gaap-2012-01-31.xsd#us-gaap_SegmentReportingInformationAverageAssets' xlink:label='loc_SegmentReportingInformationAverageAssets' xlink:type='locator' />
<link:loc xlink:href='../elts/us-gaap-2012-01-31.xsd#us-gaap_OtherMaterialNoncashItems' xlink:label='loc_OtherMaterialNoncashItems' xlink:type='locator' />
<link:loc xlink:href='../elts/us-gaap-2012-01-31.xsd#us-gaap_AdditionsToNoncurrentAssets' xlink:label='loc_AdditionsToNoncurrentAssets' xlink:type='locator' />
<link:loc xlink:href='../elts/us-gaap-2012-01-31.xsd#us-gaap_SegmentReportingInformationNetAssets' xlink:label='loc_SegmentReportingInformationNetAssets' xlink:type='locator' />
<link:loc xlink:href='../elts/us-gaap-2012-01-31.xsd#us-gaap_Assets' xlink:label='loc_Assets' xlink:type='locator' />
<link:loc xlink:href='../elts/us-gaap-2012-01-31.xsd#us-gaap_SegmentReportingInformationAdditionalInformationAbstract' xlink:label='loc_SegmentReportingInformationAdditionalInformationAbstract' xlink:type='locator' />
<link:loc xlink:href='../elts/us-gaap-2012-01-31.xsd#us-gaap_AccountsReceivableNet' xlink:label='loc_AccountsReceivableNet' xlink:type='locator' />
<link:loc xlink:href='../elts/us-gaap-2012-01-31.xsd#us-gaap_SegmentReportingInformationInventoryNet' xlink:label='loc_SegmentReportingInformationInventoryNet' xlink:type='locator' />
<link:loc xlink:href='../elts/us-gaap-2012-01-31.xsd#us-gaap_EquityMethodInvestments' xlink:label='loc_EquityMethodInvestments' xlink:type='locator' />
<link:loc xlink:href='../elts/us-gaap-2012-01-31.xsd#us-gaap_SegmentReportingInformationInvestments' xlink:label='loc_SegmentReportingInformationInvestments' xlink:type='locator' />
<link:loc xlink:href='../elts/us-gaap-2012-01-31.xsd#us-gaap_PropertyPlantAndEquipmentNet' xlink:label='loc_PropertyPlantAndEquipmentNet' xlink:type='locator' />
<link:loc xlink:href='../elts/us-gaap-2012-01-31.xsd#us-gaap_Goodwill' xlink:label='loc_Goodwill' xlink:type='locator' />
<link:loc xlink:href='../elts/us-gaap-2012-01-31.xsd#us-gaap_IntangibleAssetsNetExcludingGoodwill' xlink:label='loc_IntangibleAssetsNetExcludingGoodwill' xlink:type='locator' />
<link:loc xlink:href='../elts/us-gaap-2012-01-31.xsd#us-gaap_OtherAssets' xlink:label='loc_OtherAssets' xlink:type='locator' />
<link:loc xlink:href='../elts/us-gaap-2012-01-31.xsd#us-gaap_AccountsPayableAndAccruedLiabilitiesCurrentAndNoncurrent' xlink:label='loc_AccountsPayableAndAccruedLiabilitiesCurrentAndNoncurrent' xlink:type='locator' />
<link:loc xlink:href='../elts/us-gaap-2012-01-31.xsd#us-gaap_DebtAndCapitalLeaseObligations' xlink:label='loc_DebtAndCapitalLeaseObligations' xlink:type='locator' />
<link:loc xlink:href='../elts/us-gaap-2012-01-31.xsd#us-gaap_OtherLiabilities' xlink:label='loc_OtherLiabilities' xlink:type='locator' />
<link:definitionArc order='1.0' xlink:arcrole='http://xbrl.org/int/dim/arcrole/domain-member' xlink:from='loc_SegmentDomain' xlink:to='loc_OperatingSegmentsMember' xlink:type='arc' />
<link:definitionArc order='2.0' xlink:arcrole='http://xbrl.org/int/dim/arcrole/domain-member' xlink:from='loc_OperatingSegmentsMember' xlink:to='loc_ReportableSegmentsMember' xlink:type='arc' />
<link:definitionArc order='3.0' xlink:arcrole='http://xbrl.org/int/dim/arcrole/domain-member' xlink:from='loc_OperatingSegmentsMember' xlink:to='loc_AllOtherSegmentsMember' xlink:type='arc' />
<link:definitionArc order='4.0' xlink:arcrole='http://xbrl.org/int/dim/arcrole/domain-member' xlink:from='loc_SegmentDomain' xlink:to='loc_CorporateMember' xlink:type='arc' />
<link:definitionArc order='5.0' xlink:arcrole='http://xbrl.org/int/dim/arcrole/domain-member' xlink:from='loc_SegmentDomain' xlink:to='loc_CorporateAndOtherMember' xlink:type='arc' />
<link:definitionArc order='6.0' xlink:arcrole='http://xbrl.org/int/dim/arcrole/domain-member' xlink:from='loc_SegmentDomain' xlink:to='loc_MaterialReconcilingItemsMember' xlink:type='arc' />
<link:definitionArc order='7.0' xlink:arcrole='http://xbrl.org/int/dim/arcrole/domain-member' xlink:from='loc_MaterialReconcilingItemsMember' xlink:to='loc_UnallocatedAmountToSegmentMember' xlink:type='arc' />
<link:definitionArc order='8.0' xlink:arcrole='http://xbrl.org/int/dim/arcrole/domain-member' xlink:from='loc_MaterialReconcilingItemsMember' xlink:to='loc_IntersegmentEliminationMember' xlink:type='arc' />
<link:definitionArc order='1.0' xlink:arcrole='http://xbrl.org/int/dim/arcrole/domain-member' xlink:from='loc_SegmentReportingInformationLineItems' xlink:to='loc_SegmentReportingInformationProfitLossAbstract' xlink:type='arc' />
<link:definitionArc order='2.0' xlink:arcrole='http://xbrl.org/int/dim/arcrole/domain-member' xlink:from='loc_SegmentReportingInformationProfitLossAbstract' xlink:to='loc_SegmentReportingInformationIncomeLossBeforeIncomeTaxesAbstract' xlink:type='arc' />
<link:definitionArc order='3.0' xlink:arcrole='http://xbrl.org/int/dim/arcrole/domain-member' xlink:from='loc_SegmentReportingInformationIncomeLossBeforeIncomeTaxesAbstract' xlink:to='loc_SegmentReportingInformationOperatingIncomeLossAbstract' xlink:type='arc' />
<link:definitionArc order='4.0' xlink:arcrole='http://xbrl.org/int/dim/arcrole/domain-member' xlink:from='loc_SegmentReportingInformationOperatingIncomeLossAbstract' xlink:to='loc_SegmentReportingInformationRevenueAbstract' xlink:type='arc' />
<link:definitionArc order='5.0' xlink:arcrole='http://xbrl.org/int/dim/arcrole/domain-member' xlink:from='loc_SegmentReportingInformationRevenueAbstract' xlink:to='loc_Revenues' xlink:type='arc' />
<link:definitionArc order='6.0' xlink:arcrole='http://xbrl.org/int/dim/arcrole/domain-member' xlink:from='loc_SegmentReportingInformationRevenueAbstract' xlink:to='loc_RevenuesFromTransactionsWithOtherOperatingSegmentsOfSameEntity' xlink:type='arc' />
<link:definitionArc order='7.0' xlink:arcrole='http://xbrl.org/int/dim/arcrole/domain-member' xlink:from='loc_SegmentReportingInformationRevenueAbstract' xlink:to='loc_InterestRevenueOrExpenseNetAbstract' xlink:type='arc' />
<link:definitionArc order='8.0' xlink:arcrole='http://xbrl.org/int/dim/arcrole/domain-member' xlink:from='loc_InterestRevenueOrExpenseNetAbstract' xlink:to='loc_InvestmentIncomeInterest' xlink:type='arc' />
<link:definitionArc order='9.0' xlink:arcrole='http://xbrl.org/int/dim/arcrole/domain-member' xlink:from='loc_InterestRevenueOrExpenseNetAbstract' xlink:to='loc_InterestExpense' xlink:type='arc' />
<link:definitionArc order='10.0' xlink:arcrole='http://xbrl.org/int/dim/arcrole/domain-member' xlink:from='loc_InterestRevenueOrExpenseNetAbstract' xlink:to='loc_InterestRevenueExpenseNet' xlink:type='arc' />
<link:definitionArc order='11.0' xlink:arcrole='http://xbrl.org/int/dim/arcrole/domain-member' xlink:from='loc_SegmentReportingInformationRevenueAbstract' xlink:to='loc_SegmentReportingInformationRevenue' xlink:type='arc' />
<link:definitionArc order='12.0' xlink:arcrole='http://xbrl.org/int/dim/arcrole/domain-member' xlink:from='loc_SegmentReportingInformationOperatingIncomeLossAbstract' xlink:to='loc_DepreciationAndAmortizationAbstract' xlink:type='arc' />
<link:definitionArc order='13.0' xlink:arcrole='http://xbrl.org/int/dim/arcrole/domain-member' xlink:from='loc_DepreciationAndAmortizationAbstract' xlink:to='loc_Depreciation' xlink:type='arc' />
<link:definitionArc order='14.0' xlink:arcrole='http://xbrl.org/int/dim/arcrole/domain-member' xlink:from='loc_DepreciationAndAmortizationAbstract' xlink:to='loc_Depletion' xlink:type='arc' />
<link:definitionArc order='15.0' xlink:arcrole='http://xbrl.org/int/dim/arcrole/domain-member' xlink:from='loc_DepreciationAndAmortizationAbstract' xlink:to='loc_AdjustmentForAmortization' xlink:type='arc' />
<link:definitionArc order='16.0' xlink:arcrole='http://xbrl.org/int/dim/arcrole/domain-member' xlink:from='loc_DepreciationAndAmortizationAbstract' xlink:to='loc_OtherDepreciationAndAmortization' xlink:type='arc' />
<link:definitionArc order='17.0' xlink:arcrole='http://xbrl.org/int/dim/arcrole/domain-member' xlink:from='loc_DepreciationAndAmortizationAbstract' xlink:to='loc_DepreciationDepletionAndAmortization' xlink:type='arc' />
<link:definitionArc order='18.0' xlink:arcrole='http://xbrl.org/int/dim/arcrole/domain-member' xlink:from='loc_SegmentReportingInformationOperatingIncomeLossAbstract' xlink:to='loc_OperatingIncomeLoss' xlink:type='arc' />
<link:definitionArc order='19.0' xlink:arcrole='http://xbrl.org/int/dim/arcrole/domain-member' xlink:from='loc_SegmentReportingInformationIncomeLossBeforeIncomeTaxesAbstract' xlink:to='loc_OtherNonrecurringIncomeExpense' xlink:type='arc' />
<link:definitionArc order='20.0' xlink:arcrole='http://xbrl.org/int/dim/arcrole/domain-member' xlink:from='loc_SegmentReportingInformationIncomeLossBeforeIncomeTaxesAbstract' xlink:to='loc_IncomeLossFromEquityMethodInvestments' xlink:type='arc' />
<link:definitionArc order='21.0' xlink:arcrole='http://xbrl.org/int/dim/arcrole/domain-member' xlink:from='loc_SegmentReportingInformationIncomeLossBeforeIncomeTaxesAbstract' xlink:to='loc_IncomeLossFromContinuingOperationsBeforeIncomeTaxesExtraordinaryItemsNoncontrollingInterest' xlink:type='arc' />
<link:definitionArc order='22.0' xlink:arcrole='http://xbrl.org/int/dim/arcrole/domain-member' xlink:from='loc_SegmentReportingInformationProfitLossAbstract' xlink:to='loc_IncomeTaxExpenseBenefit' xlink:type='arc' />
<link:definitionArc order='23.0' xlink:arcrole='http://xbrl.org/int/dim/arcrole/domain-member' xlink:from='loc_SegmentReportingInformationProfitLossAbstract' xlink:to='loc_ExtraordinaryItemsGross' xlink:type='arc' />
<link:definitionArc order='24.0' xlink:arcrole='http://xbrl.org/int/dim/arcrole/domain-member' xlink:from='loc_SegmentReportingInformationProfitLossAbstract' xlink:to='loc_ProfitLoss' xlink:type='arc' />
<link:definitionArc order='25.0' xlink:arcrole='http://xbrl.org/int/dim/arcrole/domain-member' xlink:from='loc_SegmentReportingInformationLineItems' xlink:to='loc_SegmentReportingInformationAdditionalElementsForBankPresentationAbstract' xlink:type='arc' />
<link:definitionArc order='26.0' xlink:arcrole='http://xbrl.org/int/dim/arcrole/domain-member' xlink:from='loc_SegmentReportingInformationAdditionalElementsForBankPresentationAbstract' xlink:to='loc_ProvisionForLoanLeaseAndOtherLosses' xlink:type='arc' />
<link:definitionArc order='27.0' xlink:arcrole='http://xbrl.org/int/dim/arcrole/domain-member' xlink:from='loc_SegmentReportingInformationAdditionalElementsForBankPresentationAbstract' xlink:to='loc_NoninterestIncome' xlink:type='arc' />
<link:definitionArc order='28.0' xlink:arcrole='http://xbrl.org/int/dim/arcrole/domain-member' xlink:from='loc_SegmentReportingInformationAdditionalElementsForBankPresentationAbstract' xlink:to='loc_NoninterestExpense' xlink:type='arc' />
<link:definitionArc order='29.0' xlink:arcrole='http://xbrl.org/int/dim/arcrole/domain-member' xlink:from='loc_SegmentReportingInformationAdditionalElementsForBankPresentationAbstract' xlink:to='loc_SegmentReportingInformationUnallocatedExpenseInNoninterestExpense' xlink:type='arc' />
<link:definitionArc order='30.0' xlink:arcrole='http://xbrl.org/int/dim/arcrole/domain-member' xlink:from='loc_SegmentReportingInformationAdditionalElementsForBankPresentationAbstract' xlink:to='loc_OtherNoninterestExpense' xlink:type='arc' />
<link:definitionArc order='31.0' xlink:arcrole='http://xbrl.org/int/dim/arcrole/domain-member' xlink:from='loc_SegmentReportingInformationAdditionalElementsForBankPresentationAbstract' xlink:to='loc_SegmentReportingInformationAverageAssets' xlink:type='arc' />
<link:definitionArc order='32.0' xlink:arcrole='http://xbrl.org/int/dim/arcrole/domain-member' xlink:from='loc_SegmentReportingInformationLineItems' xlink:to='loc_OtherMaterialNoncashItems' xlink:type='arc' />
<link:definitionArc order='33.0' xlink:arcrole='http://xbrl.org/int/dim/arcrole/domain-member' xlink:from='loc_SegmentReportingInformationLineItems' xlink:to='loc_AdditionsToNoncurrentAssets' xlink:type='arc' />
<link:definitionArc order='34.0' xlink:arcrole='http://xbrl.org/int/dim/arcrole/domain-member' xlink:from='loc_SegmentReportingInformationLineItems' xlink:to='loc_SegmentReportingInformationNetAssets' xlink:type='arc' />
<link:definitionArc order='35.0' xlink:arcrole='http://xbrl.org/int/dim/arcrole/domain-member' xlink:from='loc_SegmentReportingInformationLineItems' xlink:to='loc_Assets' xlink:type='arc' />
<link:definitionArc order='36.0' xlink:arcrole='http://xbrl.org/int/dim/arcrole/domain-member' xlink:from='loc_SegmentReportingInformationLineItems' xlink:to='loc_SegmentReportingInformationAdditionalInformationAbstract' xlink:type='arc' />
<link:definitionArc order='37.0' xlink:arcrole='http://xbrl.org/int/dim/arcrole/domain-member' xlink:from='loc_SegmentReportingInformationAdditionalInformationAbstract' xlink:to='loc_AccountsReceivableNet' xlink:type='arc' />
<link:definitionArc order='38.0' xlink:arcrole='http://xbrl.org/int/dim/arcrole/domain-member' xlink:from='loc_SegmentReportingInformationAdditionalInformationAbstract' xlink:to='loc_SegmentReportingInformationInventoryNet' xlink:type='arc' />
<link:definitionArc order='39.0' xlink:arcrole='http://xbrl.org/int/dim/arcrole/domain-member' xlink:from='loc_SegmentReportingInformationAdditionalInformationAbstract' xlink:to='loc_EquityMethodInvestments' xlink:type='arc' />
<link:definitionArc order='40.0' xlink:arcrole='http://xbrl.org/int/dim/arcrole/domain-member' xlink:from='loc_SegmentReportingInformationAdditionalInformationAbstract' xlink:to='loc_SegmentReportingInformationInvestments' xlink:type='arc' />
<link:definitionArc order='41.0' xlink:arcrole='http://xbrl.org/int/dim/arcrole/domain-member' xlink:from='loc_SegmentReportingInformationAdditionalInformationAbstract' xlink:to='loc_PropertyPlantAndEquipmentNet' xlink:type='arc' />
<link:definitionArc order='42.0' xlink:arcrole='http://xbrl.org/int/dim/arcrole/domain-member' xlink:from='loc_SegmentReportingInformationAdditionalInformationAbstract' xlink:to='loc_Goodwill' xlink:type='arc' />
<link:definitionArc order='43.0' xlink:arcrole='http://xbrl.org/int/dim/arcrole/domain-member' xlink:from='loc_SegmentReportingInformationAdditionalInformationAbstract' xlink:to='loc_IntangibleAssetsNetExcludingGoodwill' xlink:type='arc' />
<link:definitionArc order='44.0' xlink:arcrole='http://xbrl.org/int/dim/arcrole/domain-member' xlink:from='loc_SegmentReportingInformationAdditionalInformationAbstract' xlink:to='loc_OtherAssets' xlink:type='arc' />
<link:definitionArc order='45.0' xlink:arcrole='http://xbrl.org/int/dim/arcrole/domain-member' xlink:from='loc_SegmentReportingInformationAdditionalInformationAbstract' xlink:to='loc_AccountsPayableAndAccruedLiabilitiesCurrentAndNoncurrent' xlink:type='arc' />
<link:definitionArc order='46.0' xlink:arcrole='http://xbrl.org/int/dim/arcrole/domain-member' xlink:from='loc_SegmentReportingInformationAdditionalInformationAbstract' xlink:to='loc_DebtAndCapitalLeaseObligations' xlink:type='arc' />
<link:definitionArc order='47.0' xlink:arcrole='http://xbrl.org/int/dim/arcrole/domain-member' xlink:from='loc_SegmentReportingInformationAdditionalInformationAbstract' xlink:to='loc_OtherLiabilities' xlink:type='arc' />
</link:definitionLink>
<link:definitionLink xlink:role='http://fasb.org/us-gaap/role/disclosure/SegmentReportingScheduleOfSegmentReportingInformationBySegmentTable' xlink:type='extended'>
<link:loc xlink:href='../elts/us-gaap-2012-01-31.xsd#us-gaap_ScheduleOfSegmentReportingInformationBySegmentTable' xlink:label='loc_ScheduleOfSegmentReportingInformationBySegmentTable' xlink:type='locator' />
<link:loc xlink:href='../elts/us-gaap-2012-01-31.xsd#us-gaap_StatementBusinessSegmentsAxis' xlink:label='loc_StatementBusinessSegmentsAxis' xlink:type='locator' />
<link:definitionArc order='1.0' xlink:arcrole='http://xbrl.org/int/dim/arcrole/hypercube-dimension' xlink:from='loc_ScheduleOfSegmentReportingInformationBySegmentTable' xlink:to='loc_StatementBusinessSegmentsAxis' xlink:type='arc' />
</link:definitionLink>
</link:linkbase>
