<?xml version='1.0' encoding='UTF-8'?>

<!--
(c) XBRL US, Inc. 2007-2010; Financial Accounting Foundation, Inc. 2010-2012.  All Rights Reserved.
Notice: Authorized Uses are Set Forth at http://xbrl.fasb.org/terms/TaxonomiesTermsConditions.html
  -->
<link:linkbase xmlns:link='http://www.xbrl.org/2003/linkbase' xmlns:xbrldt='http://xbrl.org/2005/xbrldt' xmlns:xlink='http://www.w3.org/1999/xlink' xmlns:xsi='http://www.w3.org/2001/XMLSchema-instance' xsi:schemaLocation='http://www.xbrl.org/2003/linkbase http://www.xbrl.org/2003/xbrl-linkbase-2003-12-31.xsd'>
<link:roleRef roleURI='http://fasb.org/us-gaap/role/disclosure/IntangibleAssetsGoodwillAndOther' xlink:href='../elts/us-roles-2012-01-31.xsd#iago' xlink:type='simple' />
<link:presentationLink xlink:role='http://fasb.org/us-gaap/role/disclosure/IntangibleAssetsGoodwillAndOther' xlink:type='extended'>
<link:loc xlink:href='../elts/us-gaap-2012-01-31.xsd#us-gaap_GoodwillAndIntangibleAssetsDisclosureAbstract' xlink:label='loc_GoodwillAndIntangibleAssetsDisclosureAbstract' xlink:type='locator' />
<link:loc xlink:href='../elts/us-gaap-2012-01-31.xsd#us-gaap_GoodwillAndIntangibleAssetsDisclosureTextBlock' xlink:label='loc_GoodwillAndIntangibleAssetsDisclosureTextBlock' xlink:type='locator' />
<link:loc xlink:href='../elts/us-gaap-2012-01-31.xsd#us-gaap_IntangibleAssetsDisclosureTextBlock' xlink:label='loc_IntangibleAssetsDisclosureTextBlock' xlink:type='locator' />
<link:loc xlink:href='../elts/us-gaap-2012-01-31.xsd#us-gaap_AmortizationOfIntangibleAssets' xlink:label='loc_AmortizationOfIntangibleAssets' xlink:type='locator' />
<link:loc xlink:href='../elts/us-gaap-2012-01-31.xsd#us-gaap_IntangibleAssetsExplanationOfSignificantAdditions' xlink:label='loc_IntangibleAssetsExplanationOfSignificantAdditions' xlink:type='locator' />
<link:loc xlink:href='../elts/us-gaap-2012-01-31.xsd#us-gaap_IntangibleAssetsExplanationOfSignificantDeletions' xlink:label='loc_IntangibleAssetsExplanationOfSignificantDeletions' xlink:type='locator' />
<link:loc xlink:href='../elts/us-gaap-2012-01-31.xsd#us-gaap_ScheduleOfIndefiniteLivedIntangibleAssetsTableTextBlock' xlink:label='loc_ScheduleOfIndefiniteLivedIntangibleAssetsTableTextBlock' xlink:type='locator' />
<link:loc xlink:href='../elts/us-gaap-2012-01-31.xsd#us-gaap_ScheduleOfIndefiniteLivedIntangibleAssetsTable' xlink:label='loc_ScheduleOfIndefiniteLivedIntangibleAssetsTable' xlink:type='locator' />
<link:loc xlink:href='../elts/us-gaap-2012-01-31.xsd#us-gaap_IndefiniteLivedIntangibleAssetsByMajorClassAxis' xlink:label='loc_IndefiniteLivedIntangibleAssetsByMajorClassAxis' xlink:type='locator' />
<link:loc xlink:href='../elts/us-gaap-2012-01-31.xsd#us-gaap_IndefiniteLivedIntangibleAssetsMajorClassNameDomain' xlink:label='loc_IndefiniteLivedIntangibleAssetsMajorClassNameDomain' xlink:type='locator' />
<link:loc xlink:href='../elts/us-gaap-2012-01-31.xsd#us-gaap_ContractualRightsMember' xlink:label='loc_ContractualRightsMember' xlink:type='locator' />
<link:loc xlink:href='../elts/us-gaap-2012-01-31.xsd#us-gaap_FranchiseRightsMember' xlink:label='loc_FranchiseRightsMember' xlink:type='locator' />
<link:loc xlink:href='../elts/us-gaap-2012-01-31.xsd#us-gaap_LicensingAgreementsMember' xlink:label='loc_LicensingAgreementsMember' xlink:type='locator' />
<link:loc xlink:href='../elts/us-gaap-2012-01-31.xsd#us-gaap_OtherIntangibleAssetsMember' xlink:label='loc_OtherIntangibleAssetsMember' xlink:type='locator' />
<link:loc xlink:href='../elts/us-gaap-2012-01-31.xsd#us-gaap_TrademarksMember' xlink:label='loc_TrademarksMember' xlink:type='locator' />
<link:loc xlink:href='../elts/us-gaap-2012-01-31.xsd#us-gaap_TradeDressMember' xlink:label='loc_TradeDressMember' xlink:type='locator' />
<link:loc xlink:href='../elts/us-gaap-2012-01-31.xsd#us-gaap_TradeNamesMember' xlink:label='loc_TradeNamesMember' xlink:type='locator' />
<link:loc xlink:href='../elts/us-gaap-2012-01-31.xsd#us-gaap_TradeSecretsMember' xlink:label='loc_TradeSecretsMember' xlink:type='locator' />
<link:loc xlink:href='../elts/us-gaap-2012-01-31.xsd#us-gaap_UnclassifiedIndefinitelivedIntangibleAssetsMember' xlink:label='loc_UnclassifiedIndefinitelivedIntangibleAssetsMember' xlink:type='locator' />
<link:loc xlink:href='../elts/us-gaap-2012-01-31.xsd#us-gaap_StatementBusinessSegmentsAxis' xlink:label='loc_StatementBusinessSegmentsAxis' xlink:type='locator' />
<link:loc xlink:href='../elts/us-gaap-2012-01-31.xsd#us-gaap_SegmentDomain' xlink:label='loc_SegmentDomain' xlink:type='locator' />
<link:loc xlink:href='../elts/us-gaap-2012-01-31.xsd#us-gaap_IntersegmentEliminationMember' xlink:label='loc_IntersegmentEliminationMember' xlink:type='locator' />
<link:loc xlink:href='../elts/us-gaap-2012-01-31.xsd#us-gaap_CorporateMember' xlink:label='loc_CorporateMember' xlink:type='locator' />
<link:loc xlink:href='../elts/us-gaap-2012-01-31.xsd#us-gaap_CorporateAndOtherMember' xlink:label='loc_CorporateAndOtherMember' xlink:type='locator' />
<link:loc xlink:href='../elts/us-gaap-2012-01-31.xsd#us-gaap_IndefiniteLivedIntangibleAssetsByMajorClassLineItems' xlink:label='loc_IndefiniteLivedIntangibleAssetsByMajorClassLineItems' xlink:type='locator' />
<link:loc xlink:href='../elts/us-gaap-2012-01-31.xsd#us-gaap_IndefiniteLivedIntangibleAssetsRollForward' xlink:label='loc_IndefiniteLivedIntangibleAssetsRollForward' xlink:type='locator' />
<link:loc xlink:href='../elts/us-gaap-2012-01-31.xsd#us-gaap_IndefiniteLivedIntangibleAssetsExcludingGoodwill' xlink:label='loc_IndefiniteLivedIntangibleAssetsExcludingGoodwill' xlink:type='locator' />
<link:loc xlink:href='../elts/us-gaap-2012-01-31.xsd#us-gaap_IndefiniteLivedIntangibleAssetsAcquiredDuringPeriod' xlink:label='loc_IndefiniteLivedIntangibleAssetsAcquiredDuringPeriod' xlink:type='locator' />
<link:loc xlink:href='../elts/us-gaap-2012-01-31.xsd#us-gaap_IndefiniteLivedIntangibleAssetsImpairmentLosses' xlink:label='loc_IndefiniteLivedIntangibleAssetsImpairmentLosses' xlink:type='locator' />
<link:loc xlink:href='../elts/us-gaap-2012-01-31.xsd#us-gaap_IndefiniteLivedIntangibleAssetsWrittenOffRelatedToSaleOfBusinessUnit' xlink:label='loc_IndefiniteLivedIntangibleAssetsWrittenOffRelatedToSaleOfBusinessUnit' xlink:type='locator' />
<link:loc xlink:href='../elts/us-gaap-2012-01-31.xsd#us-gaap_IndefiniteLivedIntangibleAssetsTranslationAndPurchaseAccountingAdjustmentsAbstract' xlink:label='loc_IndefiniteLivedIntangibleAssetsTranslationAndPurchaseAccountingAdjustmentsAbstract' xlink:type='locator' />
<link:loc xlink:href='../elts/us-gaap-2012-01-31.xsd#us-gaap_IndefiniteLivedIntangibleAssetsTranslationAdjustments' xlink:label='loc_IndefiniteLivedIntangibleAssetsTranslationAdjustments' xlink:type='locator' />
<link:loc xlink:href='../elts/us-gaap-2012-01-31.xsd#us-gaap_IndefiniteLivedIntangibleAssetsPurchaseAccountingAdjustments' xlink:label='loc_IndefiniteLivedIntangibleAssetsPurchaseAccountingAdjustments' xlink:type='locator' />
<link:loc xlink:href='../elts/us-gaap-2012-01-31.xsd#us-gaap_IndefiniteLivedIntangibleAssetsTranslationAndPurchaseAccountingAdjustments' xlink:label='loc_IndefiniteLivedIntangibleAssetsTranslationAndPurchaseAccountingAdjustments' xlink:type='locator' />
<link:loc xlink:href='../elts/us-gaap-2012-01-31.xsd#us-gaap_IndefiniteLivedIntangibleAssetsPeriodIncreaseDecrease' xlink:label='loc_IndefiniteLivedIntangibleAssetsPeriodIncreaseDecrease' xlink:type='locator' />
<link:loc xlink:href='../elts/us-gaap-2012-01-31.xsd#us-gaap_IndefiniteLivedIntangibleAssetsExcludingGoodwill' xlink:label='loc_IndefiniteLivedIntangibleAssetsExcludingGoodwill_1' xlink:type='locator' />
<link:loc xlink:href='../elts/us-gaap-2012-01-31.xsd#us-gaap_ImpairedIntangibleAssetsLineItems' xlink:label='loc_ImpairedIntangibleAssetsLineItems' xlink:type='locator' />
<link:loc xlink:href='../elts/us-gaap-2012-01-31.xsd#us-gaap_ImpairedIntangibleAssetDescription' xlink:label='loc_ImpairedIntangibleAssetDescription' xlink:type='locator' />
<link:loc xlink:href='../elts/us-gaap-2012-01-31.xsd#us-gaap_ImpairedIntangibleAssetFactsAndCircumstancesLeadingToImpairment' xlink:label='loc_ImpairedIntangibleAssetFactsAndCircumstancesLeadingToImpairment' xlink:type='locator' />
<link:loc xlink:href='../elts/us-gaap-2012-01-31.xsd#us-gaap_ImpairedIntangibleAssetMethodForFairValueDetermination' xlink:label='loc_ImpairedIntangibleAssetMethodForFairValueDetermination' xlink:type='locator' />
<link:loc xlink:href='../elts/us-gaap-2012-01-31.xsd#us-gaap_ImpairedIntangibleAssetIncomeStatementClassification' xlink:label='loc_ImpairedIntangibleAssetIncomeStatementClassification' xlink:type='locator' />
<link:loc xlink:href='../elts/us-gaap-2012-01-31.xsd#us-gaap_ImpairedIntangibleAssetSegmentClassification' xlink:label='loc_ImpairedIntangibleAssetSegmentClassification' xlink:type='locator' />
<link:loc xlink:href='../elts/us-gaap-2012-01-31.xsd#us-gaap_ScheduleOfFiniteLivedIntangibleAssetsTableTextBlock' xlink:label='loc_ScheduleOfFiniteLivedIntangibleAssetsTableTextBlock' xlink:type='locator' />
<link:loc xlink:href='../elts/us-gaap-2012-01-31.xsd#us-gaap_ScheduleOfFiniteLivedIntangibleAssetsTable' xlink:label='loc_ScheduleOfFiniteLivedIntangibleAssetsTable' xlink:type='locator' />
<link:loc xlink:href='../elts/us-gaap-2012-01-31.xsd#us-gaap_FiniteLivedIntangibleAssetsByMajorClassAxis' xlink:label='loc_FiniteLivedIntangibleAssetsByMajorClassAxis' xlink:type='locator' />
<link:loc xlink:href='../elts/us-gaap-2012-01-31.xsd#us-gaap_FiniteLivedIntangibleAssetsMajorClassNameDomain' xlink:label='loc_FiniteLivedIntangibleAssetsMajorClassNameDomain' xlink:type='locator' />
<link:loc xlink:href='../elts/us-gaap-2012-01-31.xsd#us-gaap_ArtisticRelatedIntangibleAssetsMember' xlink:label='loc_ArtisticRelatedIntangibleAssetsMember' xlink:type='locator' />
<link:loc xlink:href='../elts/us-gaap-2012-01-31.xsd#us-gaap_CertificationMarksMember' xlink:label='loc_CertificationMarksMember' xlink:type='locator' />
<link:loc xlink:href='../elts/us-gaap-2012-01-31.xsd#us-gaap_CoalSupplyAgreementsMember' xlink:label='loc_CoalSupplyAgreementsMember' xlink:type='locator' />
<link:loc xlink:href='../elts/us-gaap-2012-01-31.xsd#us-gaap_CollectiveMarksMember' xlink:label='loc_CollectiveMarksMember' xlink:type='locator' />
<link:loc xlink:href='../elts/us-gaap-2012-01-31.xsd#us-gaap_ComputerSoftwareIntangibleAssetMember' xlink:label='loc_ComputerSoftwareIntangibleAssetMember' xlink:type='locator' />
<link:loc xlink:href='../elts/us-gaap-2012-01-31.xsd#us-gaap_ConstructionPermitsMember' xlink:label='loc_ConstructionPermitsMember' xlink:type='locator' />
<link:loc xlink:href='../elts/us-gaap-2012-01-31.xsd#us-gaap_CopyrightsMember' xlink:label='loc_CopyrightsMember' xlink:type='locator' />
<link:loc xlink:href='../elts/us-gaap-2012-01-31.xsd#us-gaap_CoreDepositsMember' xlink:label='loc_CoreDepositsMember' xlink:type='locator' />
<link:loc xlink:href='../elts/us-gaap-2012-01-31.xsd#us-gaap_CustomerContractsMember' xlink:label='loc_CustomerContractsMember' xlink:type='locator' />
<link:loc xlink:href='../elts/us-gaap-2012-01-31.xsd#us-gaap_CustomerListsMember' xlink:label='loc_CustomerListsMember' xlink:type='locator' />
<link:loc xlink:href='../elts/us-gaap-2012-01-31.xsd#us-gaap_CustomerRelationshipsMember' xlink:label='loc_CustomerRelationshipsMember' xlink:type='locator' />
<link:loc xlink:href='../elts/us-gaap-2012-01-31.xsd#us-gaap_DatabasesMember' xlink:label='loc_DatabasesMember' xlink:type='locator' />
<link:loc xlink:href='../elts/us-gaap-2012-01-31.xsd#us-gaap_DevelopedTechnologyRightsMember' xlink:label='loc_DevelopedTechnologyRightsMember' xlink:type='locator' />
<link:loc xlink:href='../elts/us-gaap-2012-01-31.xsd#us-gaap_DistributionRightsMember' xlink:label='loc_DistributionRightsMember' xlink:type='locator' />
<link:loc xlink:href='../elts/us-gaap-2012-01-31.xsd#us-gaap_EmploymentContractsMember' xlink:label='loc_EmploymentContractsMember' xlink:type='locator' />
<link:loc xlink:href='../elts/us-gaap-2012-01-31.xsd#us-gaap_InsuranceContractsAcquiredInBusinessCombinationMember' xlink:label='loc_InsuranceContractsAcquiredInBusinessCombinationMember' xlink:type='locator' />
<link:loc xlink:href='../elts/us-gaap-2012-01-31.xsd#us-gaap_InternetDomainNamesMember' xlink:label='loc_InternetDomainNamesMember' xlink:type='locator' />
<link:loc xlink:href='../elts/us-gaap-2012-01-31.xsd#us-gaap_LeasesAcquiredInPlaceMember' xlink:label='loc_LeasesAcquiredInPlaceMember' xlink:type='locator' />
<link:loc xlink:href='../elts/us-gaap-2012-01-31.xsd#us-gaap_LeasesAcquiredInPlaceMarketAdjustmentMember' xlink:label='loc_LeasesAcquiredInPlaceMarketAdjustmentMember' xlink:type='locator' />
<link:loc xlink:href='../elts/us-gaap-2012-01-31.xsd#us-gaap_BelowMarketLeasesMember' xlink:label='loc_BelowMarketLeasesMember' xlink:type='locator' />
<link:loc xlink:href='../elts/us-gaap-2012-01-31.xsd#us-gaap_AboveMarketLeasesMember' xlink:label='loc_AboveMarketLeasesMember' xlink:type='locator' />
<link:loc xlink:href='../elts/us-gaap-2012-01-31.xsd#us-gaap_LeaseAgreementsMember' xlink:label='loc_LeaseAgreementsMember' xlink:type='locator' />
<link:loc xlink:href='../elts/us-gaap-2012-01-31.xsd#us-gaap_MediaContentMember' xlink:label='loc_MediaContentMember' xlink:type='locator' />
<link:loc xlink:href='../elts/us-gaap-2012-01-31.xsd#us-gaap_NoncompeteAgreementsMember' xlink:label='loc_NoncompeteAgreementsMember' xlink:type='locator' />
<link:loc xlink:href='../elts/us-gaap-2012-01-31.xsd#us-gaap_OffMarketFavorableLeaseMember' xlink:label='loc_OffMarketFavorableLeaseMember' xlink:type='locator' />
<link:loc xlink:href='../elts/us-gaap-2012-01-31.xsd#us-gaap_OperatingAndBroadcastRightsMember' xlink:label='loc_OperatingAndBroadcastRightsMember' xlink:type='locator' />
<link:loc xlink:href='../elts/us-gaap-2012-01-31.xsd#us-gaap_OrderOrProductionBacklogMember' xlink:label='loc_OrderOrProductionBacklogMember' xlink:type='locator' />
<link:loc xlink:href='../elts/us-gaap-2012-01-31.xsd#us-gaap_PatentedTechnologyMember' xlink:label='loc_PatentedTechnologyMember' xlink:type='locator' />
<link:loc xlink:href='../elts/us-gaap-2012-01-31.xsd#us-gaap_PatentsMember' xlink:label='loc_PatentsMember' xlink:type='locator' />
<link:loc xlink:href='../elts/us-gaap-2012-01-31.xsd#us-gaap_RoyaltyAgreementsMember' xlink:label='loc_RoyaltyAgreementsMember' xlink:type='locator' />
<link:loc xlink:href='../elts/us-gaap-2012-01-31.xsd#us-gaap_ServiceAgreementsMember' xlink:label='loc_ServiceAgreementsMember' xlink:type='locator' />
<link:loc xlink:href='../elts/us-gaap-2012-01-31.xsd#us-gaap_ServiceMarksMember' xlink:label='loc_ServiceMarksMember' xlink:type='locator' />
<link:loc xlink:href='../elts/us-gaap-2012-01-31.xsd#us-gaap_ServicingContractsMember' xlink:label='loc_ServicingContractsMember' xlink:type='locator' />
<link:loc xlink:href='../elts/us-gaap-2012-01-31.xsd#us-gaap_StandstillAgreementsMember' xlink:label='loc_StandstillAgreementsMember' xlink:type='locator' />
<link:loc xlink:href='../elts/us-gaap-2012-01-31.xsd#us-gaap_TransmissionServiceAgreementMember' xlink:label='loc_TransmissionServiceAgreementMember' xlink:type='locator' />
<link:loc xlink:href='../elts/us-gaap-2012-01-31.xsd#us-gaap_UnpatentedTechnologyMember' xlink:label='loc_UnpatentedTechnologyMember' xlink:type='locator' />
<link:loc xlink:href='../elts/us-gaap-2012-01-31.xsd#us-gaap_UseRightsMember' xlink:label='loc_UseRightsMember' xlink:type='locator' />
<link:loc xlink:href='../elts/us-gaap-2012-01-31.xsd#us-gaap_AcquiredFilmLibrariesMember' xlink:label='loc_AcquiredFilmLibrariesMember' xlink:type='locator' />
<link:loc xlink:href='../elts/us-gaap-2012-01-31.xsd#us-gaap_RangeAxis' xlink:label='loc_RangeAxis' xlink:type='locator' />
<link:loc xlink:href='../elts/us-gaap-2012-01-31.xsd#us-gaap_RangeMember' xlink:label='loc_RangeMember' xlink:type='locator' />
<link:loc xlink:href='../elts/us-gaap-2012-01-31.xsd#us-gaap_MaximumMember' xlink:label='loc_MaximumMember' xlink:type='locator' />
<link:loc xlink:href='../elts/us-gaap-2012-01-31.xsd#us-gaap_MinimumMember' xlink:label='loc_MinimumMember' xlink:type='locator' />
<link:loc xlink:href='../elts/us-gaap-2012-01-31.xsd#us-gaap_FiniteLivedIntangibleAssetsLineItems' xlink:label='loc_FiniteLivedIntangibleAssetsLineItems' xlink:type='locator' />
<link:loc xlink:href='../elts/us-gaap-2012-01-31.xsd#us-gaap_FiniteLivedIntangibleAssetsRollForward' xlink:label='loc_FiniteLivedIntangibleAssetsRollForward' xlink:type='locator' />
<link:loc xlink:href='../elts/us-gaap-2012-01-31.xsd#us-gaap_FiniteLivedIntangibleAssetsNet' xlink:label='loc_FiniteLivedIntangibleAssetsNet' xlink:type='locator' />
<link:loc xlink:href='../elts/us-gaap-2012-01-31.xsd#us-gaap_FiniteLivedIntangibleAssetsAcquired' xlink:label='loc_FiniteLivedIntangibleAssetsAcquired' xlink:type='locator' />
<link:loc xlink:href='../elts/us-gaap-2012-01-31.xsd#us-gaap_ImpairmentOfIntangibleAssetsFinitelived' xlink:label='loc_ImpairmentOfIntangibleAssetsFinitelived' xlink:type='locator' />
<link:loc xlink:href='../elts/us-gaap-2012-01-31.xsd#us-gaap_FiniteLivedIntangibleAssetsTranslationAndPurchaseAccountingAdjustmentsAbstract' xlink:label='loc_FiniteLivedIntangibleAssetsTranslationAndPurchaseAccountingAdjustmentsAbstract' xlink:type='locator' />
<link:loc xlink:href='../elts/us-gaap-2012-01-31.xsd#us-gaap_FiniteLivedIntangibleAssetsTranslationAdjustments' xlink:label='loc_FiniteLivedIntangibleAssetsTranslationAdjustments' xlink:type='locator' />
<link:loc xlink:href='../elts/us-gaap-2012-01-31.xsd#us-gaap_FiniteLivedIntangibleAssetsPurchaseAccountingAdjustments' xlink:label='loc_FiniteLivedIntangibleAssetsPurchaseAccountingAdjustments' xlink:type='locator' />
<link:loc xlink:href='../elts/us-gaap-2012-01-31.xsd#us-gaap_FiniteLivedIntangibleAssetsTranslationAndPurchaseAccountingAdjustments' xlink:label='loc_FiniteLivedIntangibleAssetsTranslationAndPurchaseAccountingAdjustments' xlink:type='locator' />
<link:loc xlink:href='../elts/us-gaap-2012-01-31.xsd#us-gaap_FiniteLivedIntangibleAssetsPeriodIncreaseDecrease' xlink:label='loc_FiniteLivedIntangibleAssetsPeriodIncreaseDecrease' xlink:type='locator' />
<link:loc xlink:href='../elts/us-gaap-2012-01-31.xsd#us-gaap_FiniteLivedIntangibleAssetsNet' xlink:label='loc_FiniteLivedIntangibleAssetsNet_1' xlink:type='locator' />
<link:loc xlink:href='../elts/us-gaap-2012-01-31.xsd#us-gaap_FiniteLivedIntangibleAssetUsefulLife' xlink:label='loc_FiniteLivedIntangibleAssetUsefulLife' xlink:type='locator' />
<link:loc xlink:href='../elts/us-gaap-2012-01-31.xsd#us-gaap_FiniteLivedIntangibleAssetsAmortizationMethod' xlink:label='loc_FiniteLivedIntangibleAssetsAmortizationMethod' xlink:type='locator' />
<link:loc xlink:href='../elts/us-gaap-2012-01-31.xsd#us-gaap_FiniteLivedIntangibleAssetsCostIncurredToRenewOrExtend' xlink:label='loc_FiniteLivedIntangibleAssetsCostIncurredToRenewOrExtend' xlink:type='locator' />
<link:loc xlink:href='../elts/us-gaap-2012-01-31.xsd#us-gaap_FiniteLivedIntangibleAssetWeightedAveragePeriodBeforeNextRenewalOrExtension' xlink:label='loc_FiniteLivedIntangibleAssetWeightedAveragePeriodBeforeNextRenewalOrExtension' xlink:type='locator' />
<link:loc xlink:href='../elts/us-gaap-2012-01-31.xsd#us-gaap_FiniteLivedIntangibleAssetsIntentOrAbilityToRenewOrExtendArrangement' xlink:label='loc_FiniteLivedIntangibleAssetsIntentOrAbilityToRenewOrExtendArrangement' xlink:type='locator' />
<link:loc xlink:href='../elts/us-gaap-2012-01-31.xsd#us-gaap_FiniteLivedIntangibleAssetsRemainingAmortizationPeriod' xlink:label='loc_FiniteLivedIntangibleAssetsRemainingAmortizationPeriod' xlink:type='locator' />
<link:loc xlink:href='../elts/us-gaap-2012-01-31.xsd#us-gaap_ScheduleOfAcquiredFiniteLivedIntangibleAssetsByMajorClassTextBlock' xlink:label='loc_ScheduleOfAcquiredFiniteLivedIntangibleAssetsByMajorClassTextBlock' xlink:type='locator' />
<link:loc xlink:href='../elts/us-gaap-2012-01-31.xsd#us-gaap_ScheduleOfAcquiredFiniteLivedIntangibleAssetByMajorClassTable' xlink:label='loc_ScheduleOfAcquiredFiniteLivedIntangibleAssetByMajorClassTable' xlink:type='locator' />
<link:loc xlink:href='../elts/us-gaap-2012-01-31.xsd#us-gaap_AcquiredFiniteLivedIntangibleAssetsLineItems' xlink:label='loc_AcquiredFiniteLivedIntangibleAssetsLineItems' xlink:type='locator' />
<link:loc xlink:href='../elts/us-gaap-2012-01-31.xsd#us-gaap_AcquiredFiniteLivedIntangibleAssetAmount' xlink:label='loc_AcquiredFiniteLivedIntangibleAssetAmount' xlink:type='locator' />
<link:loc xlink:href='../elts/us-gaap-2012-01-31.xsd#us-gaap_AcquiredFiniteLivedIntangibleAssetResidualValue' xlink:label='loc_AcquiredFiniteLivedIntangibleAssetResidualValue' xlink:type='locator' />
<link:loc xlink:href='../elts/us-gaap-2012-01-31.xsd#us-gaap_AcquiredFiniteLivedIntangibleAssetsWeightedAverageUsefulLife' xlink:label='loc_AcquiredFiniteLivedIntangibleAssetsWeightedAverageUsefulLife' xlink:type='locator' />
<link:loc xlink:href='../elts/us-gaap-2012-01-31.xsd#us-gaap_AcquiredFiniteLivedIntangibleAssetWeightedAveragePeriodBeforeRenewalOrExtension' xlink:label='loc_AcquiredFiniteLivedIntangibleAssetWeightedAveragePeriodBeforeRenewalOrExtension' xlink:type='locator' />
<link:loc xlink:href='../elts/us-gaap-2012-01-31.xsd#us-gaap_ScheduleOfAcquiredIndefiniteLivedIntangibleAssetsByMajorClassTextBlock' xlink:label='loc_ScheduleOfAcquiredIndefiniteLivedIntangibleAssetsByMajorClassTextBlock' xlink:type='locator' />
<link:loc xlink:href='../elts/us-gaap-2012-01-31.xsd#us-gaap_ScheduleOfAcquiredIndefiniteLivedIntangibleAssetsByMajorClassTable' xlink:label='loc_ScheduleOfAcquiredIndefiniteLivedIntangibleAssetsByMajorClassTable' xlink:type='locator' />
<link:loc xlink:href='../elts/us-gaap-2012-01-31.xsd#us-gaap_AcquiredIndefiniteLivedIntangibleAssetsLineItems' xlink:label='loc_AcquiredIndefiniteLivedIntangibleAssetsLineItems' xlink:type='locator' />
<link:loc xlink:href='../elts/us-gaap-2012-01-31.xsd#us-gaap_AcquiredIndefiniteLivedIntangibleAssetAmount' xlink:label='loc_AcquiredIndefiniteLivedIntangibleAssetAmount' xlink:type='locator' />
<link:loc xlink:href='../elts/us-gaap-2012-01-31.xsd#us-gaap_FiniteLivedIntangibleAssetsFutureAmortizationExpenseCurrentAndFiveSucceedingFiscalYearsAbstract' xlink:label='loc_FiniteLivedIntangibleAssetsFutureAmortizationExpenseCurrentAndFiveSucceedingFiscalYearsAbstract' xlink:type='locator' />
<link:loc xlink:href='../elts/us-gaap-2012-01-31.xsd#us-gaap_ScheduleofFiniteLivedIntangibleAssetsFutureAmortizationExpenseTableTextBlock' xlink:label='loc_ScheduleofFiniteLivedIntangibleAssetsFutureAmortizationExpenseTableTextBlock' xlink:type='locator' />
<link:loc xlink:href='../elts/us-gaap-2012-01-31.xsd#us-gaap_FiniteLivedIntangibleAssetsFutureAmortizationExpenseAbstract' xlink:label='loc_FiniteLivedIntangibleAssetsFutureAmortizationExpenseAbstract' xlink:type='locator' />
<link:loc xlink:href='../elts/us-gaap-2012-01-31.xsd#us-gaap_FiniteLivedIntangibleAssetsAmortizationExpenseNextTwelveMonths' xlink:label='loc_FiniteLivedIntangibleAssetsAmortizationExpenseNextTwelveMonths' xlink:type='locator' />
<link:loc xlink:href='../elts/us-gaap-2012-01-31.xsd#us-gaap_FiniteLivedIntangibleAssetsAmortizationExpenseYearTwo' xlink:label='loc_FiniteLivedIntangibleAssetsAmortizationExpenseYearTwo' xlink:type='locator' />
<link:loc xlink:href='../elts/us-gaap-2012-01-31.xsd#us-gaap_FiniteLivedIntangibleAssetsAmortizationExpenseYearThree' xlink:label='loc_FiniteLivedIntangibleAssetsAmortizationExpenseYearThree' xlink:type='locator' />
<link:loc xlink:href='../elts/us-gaap-2012-01-31.xsd#us-gaap_FiniteLivedIntangibleAssetsAmortizationExpenseYearFour' xlink:label='loc_FiniteLivedIntangibleAssetsAmortizationExpenseYearFour' xlink:type='locator' />
<link:loc xlink:href='../elts/us-gaap-2012-01-31.xsd#us-gaap_FiniteLivedIntangibleAssetsAmortizationExpenseYearFive' xlink:label='loc_FiniteLivedIntangibleAssetsAmortizationExpenseYearFive' xlink:type='locator' />
<link:loc xlink:href='../elts/us-gaap-2012-01-31.xsd#us-gaap_FiniteLivedIntangibleAssetsAmortizationExpenseAfterYearFive' xlink:label='loc_FiniteLivedIntangibleAssetsAmortizationExpenseAfterYearFive' xlink:type='locator' />
<link:loc xlink:href='../elts/us-gaap-2012-01-31.xsd#us-gaap_FiniteLivedIntangibleAssetsAmortizationExpenseRemainderOfFiscalYear' xlink:label='loc_FiniteLivedIntangibleAssetsAmortizationExpenseRemainderOfFiscalYear' xlink:type='locator' />
<link:loc xlink:href='../elts/us-gaap-2012-01-31.xsd#us-gaap_FiniteLivedIntangibleAssetsNetAmortizationExpenseRollingMaturityAbstract' xlink:label='loc_FiniteLivedIntangibleAssetsNetAmortizationExpenseRollingMaturityAbstract' xlink:type='locator' />
<link:loc xlink:href='../elts/us-gaap-2012-01-31.xsd#us-gaap_FiniteLivedIntangibleAssetsAmortizationExpenseNextRollingTwelveMonths' xlink:label='loc_FiniteLivedIntangibleAssetsAmortizationExpenseNextRollingTwelveMonths' xlink:type='locator' />
<link:loc xlink:href='../elts/us-gaap-2012-01-31.xsd#us-gaap_FiniteLivedIntangibleAssetsAmortizationExpenseRollingYearTwo' xlink:label='loc_FiniteLivedIntangibleAssetsAmortizationExpenseRollingYearTwo' xlink:type='locator' />
<link:loc xlink:href='../elts/us-gaap-2012-01-31.xsd#us-gaap_FiniteLivedIntangibleAssetsAmortizationExpenseRollingYearThree' xlink:label='loc_FiniteLivedIntangibleAssetsAmortizationExpenseRollingYearThree' xlink:type='locator' />
<link:loc xlink:href='../elts/us-gaap-2012-01-31.xsd#us-gaap_FiniteLivedIntangibleAssetsAmortizationExpenseRollingYearFour' xlink:label='loc_FiniteLivedIntangibleAssetsAmortizationExpenseRollingYearFour' xlink:type='locator' />
<link:loc xlink:href='../elts/us-gaap-2012-01-31.xsd#us-gaap_FiniteLivedIntangibleAssetsAmortizationExpenseRollingYearFive' xlink:label='loc_FiniteLivedIntangibleAssetsAmortizationExpenseRollingYearFive' xlink:type='locator' />
<link:loc xlink:href='../elts/us-gaap-2012-01-31.xsd#us-gaap_FiniteLivedIntangibleAssetsAmortizationExpenseRollingAfterYearFive' xlink:label='loc_FiniteLivedIntangibleAssetsAmortizationExpenseRollingAfterYearFive' xlink:type='locator' />
<link:loc xlink:href='../elts/us-gaap-2012-01-31.xsd#us-gaap_IntangibleAssetsNetExcludingGoodwillAbstract' xlink:label='loc_IntangibleAssetsNetExcludingGoodwillAbstract' xlink:type='locator' />
<link:loc xlink:href='../elts/us-gaap-2012-01-31.xsd#us-gaap_IndefiniteLivedIntangibleAssetsExcludingGoodwillAbstract' xlink:label='loc_IndefiniteLivedIntangibleAssetsExcludingGoodwillAbstract' xlink:type='locator' />
<link:loc xlink:href='../elts/us-gaap-2012-01-31.xsd#us-gaap_IndefiniteLivedContractualRights' xlink:label='loc_IndefiniteLivedContractualRights' xlink:type='locator' />
<link:loc xlink:href='../elts/us-gaap-2012-01-31.xsd#us-gaap_IndefiniteLivedFranchiseRights' xlink:label='loc_IndefiniteLivedFranchiseRights' xlink:type='locator' />
<link:loc xlink:href='../elts/us-gaap-2012-01-31.xsd#us-gaap_IndefiniteLivedLicenseAgreements' xlink:label='loc_IndefiniteLivedLicenseAgreements' xlink:type='locator' />
<link:loc xlink:href='../elts/us-gaap-2012-01-31.xsd#us-gaap_IndefiniteLivedTrademarks' xlink:label='loc_IndefiniteLivedTrademarks' xlink:type='locator' />
<link:loc xlink:href='../elts/us-gaap-2012-01-31.xsd#us-gaap_IndefiniteLivedTradeNames' xlink:label='loc_IndefiniteLivedTradeNames' xlink:type='locator' />
<link:loc xlink:href='../elts/us-gaap-2012-01-31.xsd#us-gaap_OtherIndefiniteLivedIntangibleAssets' xlink:label='loc_OtherIndefiniteLivedIntangibleAssets' xlink:type='locator' />
<link:loc xlink:href='../elts/us-gaap-2012-01-31.xsd#us-gaap_FiniteLivedIntangibleAssetsNetAbstract' xlink:label='loc_FiniteLivedIntangibleAssetsNetAbstract' xlink:type='locator' />
<link:loc xlink:href='../elts/us-gaap-2012-01-31.xsd#us-gaap_FiniteLivedIntangibleAssetsGrossAbstract' xlink:label='loc_FiniteLivedIntangibleAssetsGrossAbstract' xlink:type='locator' />
<link:loc xlink:href='../elts/us-gaap-2012-01-31.xsd#us-gaap_FiniteLivedComputerSoftwareGross' xlink:label='loc_FiniteLivedComputerSoftwareGross' xlink:type='locator' />
<link:loc xlink:href='../elts/us-gaap-2012-01-31.xsd#us-gaap_FiniteLivedContractualRightsGross' xlink:label='loc_FiniteLivedContractualRightsGross' xlink:type='locator' />
<link:loc xlink:href='../elts/us-gaap-2012-01-31.xsd#us-gaap_FiniteLivedCustomerListsGross' xlink:label='loc_FiniteLivedCustomerListsGross' xlink:type='locator' />
<link:loc xlink:href='../elts/us-gaap-2012-01-31.xsd#us-gaap_FiniteLivedCustomerRelationshipsGross' xlink:label='loc_FiniteLivedCustomerRelationshipsGross' xlink:type='locator' />
<link:loc xlink:href='../elts/us-gaap-2012-01-31.xsd#us-gaap_FiniteLivedLicenseAgreementsGross' xlink:label='loc_FiniteLivedLicenseAgreementsGross' xlink:type='locator' />
<link:loc xlink:href='../elts/us-gaap-2012-01-31.xsd#us-gaap_FiniteLivedNoncompeteAgreementsGross' xlink:label='loc_FiniteLivedNoncompeteAgreementsGross' xlink:type='locator' />
<link:loc xlink:href='../elts/us-gaap-2012-01-31.xsd#us-gaap_FiniteLivedIntangibleAssetOffMarketLeaseFavorableGross' xlink:label='loc_FiniteLivedIntangibleAssetOffMarketLeaseFavorableGross' xlink:type='locator' />
<link:loc xlink:href='../elts/us-gaap-2012-01-31.xsd#us-gaap_FiniteLivedPatentsGross' xlink:label='loc_FiniteLivedPatentsGross' xlink:type='locator' />
<link:loc xlink:href='../elts/us-gaap-2012-01-31.xsd#us-gaap_FiniteLivedTrademarksGross' xlink:label='loc_FiniteLivedTrademarksGross' xlink:type='locator' />
<link:loc xlink:href='../elts/us-gaap-2012-01-31.xsd#us-gaap_FiniteLivedTradeNamesGross' xlink:label='loc_FiniteLivedTradeNamesGross' xlink:type='locator' />
<link:loc xlink:href='../elts/us-gaap-2012-01-31.xsd#us-gaap_FiniteLivedIntangibleAssetAcquiredInPlaceLeases' xlink:label='loc_FiniteLivedIntangibleAssetAcquiredInPlaceLeases' xlink:type='locator' />
<link:loc xlink:href='../elts/us-gaap-2012-01-31.xsd#us-gaap_FiniteLivedCoreDepositsGross' xlink:label='loc_FiniteLivedCoreDepositsGross' xlink:type='locator' />
<link:loc xlink:href='../elts/us-gaap-2012-01-31.xsd#us-gaap_OtherFiniteLivedIntangibleAssetsGross' xlink:label='loc_OtherFiniteLivedIntangibleAssetsGross' xlink:type='locator' />
<link:loc xlink:href='../elts/us-gaap-2012-01-31.xsd#us-gaap_FiniteLivedIntangibleAssetsGross' xlink:label='loc_FiniteLivedIntangibleAssetsGross' xlink:type='locator' />
<link:loc xlink:href='../elts/us-gaap-2012-01-31.xsd#us-gaap_FiniteLivedIntangibleAssetsAccumulatedAmortization' xlink:label='loc_FiniteLivedIntangibleAssetsAccumulatedAmortization' xlink:type='locator' />
<link:loc xlink:href='../elts/us-gaap-2012-01-31.xsd#us-gaap_IntangibleAssetsNetExcludingGoodwill' xlink:label='loc_IntangibleAssetsNetExcludingGoodwill' xlink:type='locator' />
<link:loc xlink:href='../elts/us-gaap-2012-01-31.xsd#us-gaap_IntangibleAssetsNetIncludingGoodwillAbstract' xlink:label='loc_IntangibleAssetsNetIncludingGoodwillAbstract' xlink:type='locator' />
<link:loc xlink:href='../elts/us-gaap-2012-01-31.xsd#us-gaap_Goodwill' xlink:label='loc_Goodwill' xlink:type='locator' />
<link:loc xlink:href='../elts/us-gaap-2012-01-31.xsd#us-gaap_IntangibleAssetsNetIncludingGoodwill' xlink:label='loc_IntangibleAssetsNetIncludingGoodwill' xlink:type='locator' />
<link:loc xlink:href='../elts/us-gaap-2012-01-31.xsd#us-gaap_ImpairmentOfIntangibleAssetsExcludingGoodwillAbstract' xlink:label='loc_ImpairmentOfIntangibleAssetsExcludingGoodwillAbstract' xlink:type='locator' />
<link:loc xlink:href='../elts/us-gaap-2012-01-31.xsd#us-gaap_ImpairmentOfIntangibleAssetsIndefinitelivedExcludingGoodwill' xlink:label='loc_ImpairmentOfIntangibleAssetsIndefinitelivedExcludingGoodwill' xlink:type='locator' />
<link:loc xlink:href='../elts/us-gaap-2012-01-31.xsd#us-gaap_ImpairmentOfIntangibleAssetsExcludingGoodwill' xlink:label='loc_ImpairmentOfIntangibleAssetsExcludingGoodwill' xlink:type='locator' />
<link:loc xlink:href='../elts/us-gaap-2012-01-31.xsd#us-gaap_IntangibleAssetsCurrent' xlink:label='loc_IntangibleAssetsCurrent' xlink:type='locator' />
<link:loc xlink:href='../elts/us-gaap-2012-01-31.xsd#us-gaap_OtherIntangibleAssetsNet' xlink:label='loc_OtherIntangibleAssetsNet' xlink:type='locator' />
<link:loc xlink:href='../elts/us-gaap-2012-01-31.xsd#us-gaap_ScheduleOfGoodwillTextBlock' xlink:label='loc_ScheduleOfGoodwillTextBlock' xlink:type='locator' />
<link:loc xlink:href='../elts/us-gaap-2012-01-31.xsd#us-gaap_ScheduleOfGoodwillTable' xlink:label='loc_ScheduleOfGoodwillTable' xlink:type='locator' />
<link:loc xlink:href='../elts/us-gaap-2012-01-31.xsd#us-gaap_GoodwillLineItems' xlink:label='loc_GoodwillLineItems' xlink:type='locator' />
<link:loc xlink:href='../elts/us-gaap-2012-01-31.xsd#us-gaap_GoodwillRollForward' xlink:label='loc_GoodwillRollForward' xlink:type='locator' />
<link:loc xlink:href='../elts/us-gaap-2012-01-31.xsd#us-gaap_GoodwillAcquiredDuringPeriod' xlink:label='loc_GoodwillAcquiredDuringPeriod' xlink:type='locator' />
<link:loc xlink:href='../elts/us-gaap-2012-01-31.xsd#us-gaap_GoodwillImpairmentLoss' xlink:label='loc_GoodwillImpairmentLoss' xlink:type='locator' />
<link:loc xlink:href='../elts/us-gaap-2012-01-31.xsd#us-gaap_GoodwillSubsequentRecognitionOfDeferredTaxAsset' xlink:label='loc_GoodwillSubsequentRecognitionOfDeferredTaxAsset' xlink:type='locator' />
<link:loc xlink:href='../elts/us-gaap-2012-01-31.xsd#us-gaap_GoodwillOtherChanges' xlink:label='loc_GoodwillOtherChanges' xlink:type='locator' />
<link:loc xlink:href='../elts/us-gaap-2012-01-31.xsd#us-gaap_GoodwillWrittenOffRelatedToSaleOfBusinessUnit' xlink:label='loc_GoodwillWrittenOffRelatedToSaleOfBusinessUnit' xlink:type='locator' />
<link:loc xlink:href='../elts/us-gaap-2012-01-31.xsd#us-gaap_GoodwillTranslationAndPurchaseAccountingAdjustmentsAbstract' xlink:label='loc_GoodwillTranslationAndPurchaseAccountingAdjustmentsAbstract' xlink:type='locator' />
<link:loc xlink:href='../elts/us-gaap-2012-01-31.xsd#us-gaap_GoodwillTranslationAdjustments' xlink:label='loc_GoodwillTranslationAdjustments' xlink:type='locator' />
<link:loc xlink:href='../elts/us-gaap-2012-01-31.xsd#us-gaap_GoodwillPurchaseAccountingAdjustments' xlink:label='loc_GoodwillPurchaseAccountingAdjustments' xlink:type='locator' />
<link:loc xlink:href='../elts/us-gaap-2012-01-31.xsd#us-gaap_GoodwillTranslationAndPurchaseAccountingAdjustments' xlink:label='loc_GoodwillTranslationAndPurchaseAccountingAdjustments' xlink:type='locator' />
<link:loc xlink:href='../elts/us-gaap-2012-01-31.xsd#us-gaap_GoodwillAllocationAdjustment' xlink:label='loc_GoodwillAllocationAdjustment' xlink:type='locator' />
<link:loc xlink:href='../elts/us-gaap-2012-01-31.xsd#us-gaap_GoodwillPeriodIncreaseDecrease' xlink:label='loc_GoodwillPeriodIncreaseDecrease' xlink:type='locator' />
<link:loc xlink:href='../elts/us-gaap-2012-01-31.xsd#us-gaap_Goodwill' xlink:label='loc_Goodwill_1' xlink:type='locator' />
<link:loc xlink:href='../elts/us-gaap-2012-01-31.xsd#us-gaap_GoodwillImpairedAccumulatedImpairmentLossAbstract' xlink:label='loc_GoodwillImpairedAccumulatedImpairmentLossAbstract' xlink:type='locator' />
<link:loc xlink:href='../elts/us-gaap-2012-01-31.xsd#us-gaap_GoodwillGross' xlink:label='loc_GoodwillGross' xlink:type='locator' />
<link:loc xlink:href='../elts/us-gaap-2012-01-31.xsd#us-gaap_GoodwillImpairedAccumulatedImpairmentLoss' xlink:label='loc_GoodwillImpairedAccumulatedImpairmentLoss' xlink:type='locator' />
<link:loc xlink:href='../elts/us-gaap-2012-01-31.xsd#us-gaap_GoodwillImpairedAbstract' xlink:label='loc_GoodwillImpairedAbstract' xlink:type='locator' />
<link:loc xlink:href='../elts/us-gaap-2012-01-31.xsd#us-gaap_GoodwillImpairedFactsAndCircumstancesLeadingToImpairment' xlink:label='loc_GoodwillImpairedFactsAndCircumstancesLeadingToImpairment' xlink:type='locator' />
<link:loc xlink:href='../elts/us-gaap-2012-01-31.xsd#us-gaap_GoodwillImpairedMethodForFairValueDetermination' xlink:label='loc_GoodwillImpairedMethodForFairValueDetermination' xlink:type='locator' />
<link:loc xlink:href='../elts/us-gaap-2012-01-31.xsd#us-gaap_GoodwillImpairedIncomeStatementClassification' xlink:label='loc_GoodwillImpairedIncomeStatementClassification' xlink:type='locator' />
<link:loc xlink:href='../elts/us-gaap-2012-01-31.xsd#us-gaap_GoodwillImpairedChangeInEstimateDescription' xlink:label='loc_GoodwillImpairedChangeInEstimateDescription' xlink:type='locator' />
<link:loc xlink:href='../elts/us-gaap-2012-01-31.xsd#us-gaap_GoodwillImpairedReasonsForUseOfEstimate' xlink:label='loc_GoodwillImpairedReasonsForUseOfEstimate' xlink:type='locator' />
<link:loc xlink:href='../elts/us-gaap-2012-01-31.xsd#us-gaap_GoodwillImpairedAdjustmentToInitialEstimateAmount' xlink:label='loc_GoodwillImpairedAdjustmentToInitialEstimateAmount' xlink:type='locator' />
<link:loc xlink:href='../elts/us-gaap-2012-01-31.xsd#us-gaap_GoodwillNotAllocatedReason' xlink:label='loc_GoodwillNotAllocatedReason' xlink:type='locator' />
<link:loc xlink:href='../elts/us-gaap-2012-01-31.xsd#us-gaap_GoodwillNotAllocatedAmount' xlink:label='loc_GoodwillNotAllocatedAmount' xlink:type='locator' />
<link:loc xlink:href='../elts/us-gaap-2012-01-31.xsd#us-gaap_DisclosureOfChangeOfDateForAnnualGoodwillImpairmentTest' xlink:label='loc_DisclosureOfChangeOfDateForAnnualGoodwillImpairmentTest' xlink:type='locator' />
<link:loc xlink:href='../elts/us-gaap-2012-01-31.xsd#us-gaap_ReasonForChangeInDateOfAnnualGoodwillImpairmentTest' xlink:label='loc_ReasonForChangeInDateOfAnnualGoodwillImpairmentTest' xlink:type='locator' />
<link:loc xlink:href='../elts/us-gaap-2012-01-31.xsd#us-gaap_NewDateOfAnnualGoodwillImpairmentTest' xlink:label='loc_NewDateOfAnnualGoodwillImpairmentTest' xlink:type='locator' />
<link:loc xlink:href='../elts/us-gaap-2012-01-31.xsd#us-gaap_ScheduleOfResearchAndDevelopmentAssetsAcquiredOtherThanThroughBusinessCombinationTextBlock' xlink:label='loc_ScheduleOfResearchAndDevelopmentAssetsAcquiredOtherThanThroughBusinessCombinationTextBlock' xlink:type='locator' />
<link:loc xlink:href='../elts/us-gaap-2012-01-31.xsd#us-gaap_ScheduleOfResearchAndDevelopmentAssetsAcquiredOtherThanThroughBusinessCombinationTable' xlink:label='loc_ScheduleOfResearchAndDevelopmentAssetsAcquiredOtherThanThroughBusinessCombinationTable' xlink:type='locator' />
<link:loc xlink:href='../elts/us-gaap-2012-01-31.xsd#us-gaap_ResearchAndDevelopmentAssetsAcquiredOtherThanThroughBusinessCombinationByTransactionAxis' xlink:label='loc_ResearchAndDevelopmentAssetsAcquiredOtherThanThroughBusinessCombinationByTransactionAxis' xlink:type='locator' />
<link:loc xlink:href='../elts/us-gaap-2012-01-31.xsd#us-gaap_ResearchAndDevelopmentAssetTransactionDomain' xlink:label='loc_ResearchAndDevelopmentAssetTransactionDomain' xlink:type='locator' />
<link:loc xlink:href='../elts/us-gaap-2012-01-31.xsd#us-gaap_ResearchAndDevelopmentAssetsAcquiredOtherThanThroughBusinessCombinationLineItems' xlink:label='loc_ResearchAndDevelopmentAssetsAcquiredOtherThanThroughBusinessCombinationLineItems' xlink:type='locator' />
<link:loc xlink:href='../elts/us-gaap-2012-01-31.xsd#us-gaap_ResearchAndDevelopmentAssetAcquiredOtherThanThroughBusinessCombinationDescription' xlink:label='loc_ResearchAndDevelopmentAssetAcquiredOtherThanThroughBusinessCombinationDescription' xlink:type='locator' />
<link:loc xlink:href='../elts/us-gaap-2012-01-31.xsd#us-gaap_ResearchAndDevelopmentAssetAcquiredOtherThanThroughBusinessCombinationFairValueAcquired' xlink:label='loc_ResearchAndDevelopmentAssetAcquiredOtherThanThroughBusinessCombinationFairValueAcquired' xlink:type='locator' />
<link:loc xlink:href='../elts/us-gaap-2012-01-31.xsd#us-gaap_ResearchAndDevelopmentAssetAcquiredOtherThanThroughBusinessCombinationWrittenOff' xlink:label='loc_ResearchAndDevelopmentAssetAcquiredOtherThanThroughBusinessCombinationWrittenOff' xlink:type='locator' />
<link:loc xlink:href='../elts/us-gaap-2012-01-31.xsd#us-gaap_ResearchAndDevelopmentAssetAcquiredOtherThanThroughBusinessCombinationWrittenOffIncomeStatementCaption' xlink:label='loc_ResearchAndDevelopmentAssetAcquiredOtherThanThroughBusinessCombinationWrittenOffIncomeStatementCaption' xlink:type='locator' />
<link:loc xlink:href='../elts/us-gaap-2012-01-31.xsd#us-gaap_DisclosureTextBlockSupplementAbstract' xlink:label='loc_DisclosureTextBlockSupplementAbstract' xlink:type='locator' />
<link:loc xlink:href='../elts/us-gaap-2012-01-31.xsd#us-gaap_AssetImpairmentChargesTextBlock' xlink:label='loc_AssetImpairmentChargesTextBlock' xlink:type='locator' />
<link:loc xlink:href='../elts/us-gaap-2012-01-31.xsd#us-gaap_GoodwillDisclosureTextBlock' xlink:label='loc_GoodwillDisclosureTextBlock' xlink:type='locator' />
<link:loc xlink:href='../elts/us-gaap-2012-01-31.xsd#us-gaap_TableTextBlockSupplementAbstract' xlink:label='loc_TableTextBlockSupplementAbstract' xlink:type='locator' />
<link:loc xlink:href='../elts/us-gaap-2012-01-31.xsd#us-gaap_ScheduleOfExpectedAmortizationExpenseTableTextBlock' xlink:label='loc_ScheduleOfExpectedAmortizationExpenseTableTextBlock' xlink:type='locator' />
<link:loc xlink:href='../elts/us-gaap-2012-01-31.xsd#us-gaap_ScheduleOfIntangibleAssetsAndGoodwillTableTextBlock' xlink:label='loc_ScheduleOfIntangibleAssetsAndGoodwillTableTextBlock' xlink:type='locator' />
<link:loc xlink:href='../elts/us-gaap-2012-01-31.xsd#us-gaap_ScheduleOfImpairedIntangibleAssetsTextBlock' xlink:label='loc_ScheduleOfImpairedIntangibleAssetsTextBlock' xlink:type='locator' />
<link:presentationArc order='10' xlink:arcrole='http://www.xbrl.org/2003/arcrole/parent-child' xlink:from='loc_GoodwillAndIntangibleAssetsDisclosureAbstract' xlink:to='loc_GoodwillAndIntangibleAssetsDisclosureTextBlock' xlink:type='arc' />
<link:presentationArc order='10' xlink:arcrole='http://www.xbrl.org/2003/arcrole/parent-child' xlink:from='loc_GoodwillAndIntangibleAssetsDisclosureTextBlock' xlink:to='loc_IntangibleAssetsDisclosureTextBlock' xlink:type='arc' />
<link:presentationArc order='10' xlink:arcrole='http://www.xbrl.org/2003/arcrole/parent-child' xlink:from='loc_IntangibleAssetsDisclosureTextBlock' xlink:to='loc_AmortizationOfIntangibleAssets' xlink:type='arc' />
<link:presentationArc order='20' xlink:arcrole='http://www.xbrl.org/2003/arcrole/parent-child' xlink:from='loc_IntangibleAssetsDisclosureTextBlock' xlink:to='loc_IntangibleAssetsExplanationOfSignificantAdditions' xlink:type='arc' />
<link:presentationArc order='30' xlink:arcrole='http://www.xbrl.org/2003/arcrole/parent-child' xlink:from='loc_IntangibleAssetsDisclosureTextBlock' xlink:to='loc_IntangibleAssetsExplanationOfSignificantDeletions' xlink:type='arc' />
<link:presentationArc order='40' xlink:arcrole='http://www.xbrl.org/2003/arcrole/parent-child' xlink:from='loc_IntangibleAssetsDisclosureTextBlock' xlink:to='loc_ScheduleOfIndefiniteLivedIntangibleAssetsTableTextBlock' xlink:type='arc' />
<link:presentationArc order='10' xlink:arcrole='http://www.xbrl.org/2003/arcrole/parent-child' xlink:from='loc_ScheduleOfIndefiniteLivedIntangibleAssetsTableTextBlock' xlink:to='loc_ScheduleOfIndefiniteLivedIntangibleAssetsTable' xlink:type='arc' />
<link:presentationArc order='10' xlink:arcrole='http://www.xbrl.org/2003/arcrole/parent-child' xlink:from='loc_ScheduleOfIndefiniteLivedIntangibleAssetsTable' xlink:to='loc_IndefiniteLivedIntangibleAssetsByMajorClassAxis' xlink:type='arc' />
<link:presentationArc order='10' xlink:arcrole='http://www.xbrl.org/2003/arcrole/parent-child' xlink:from='loc_IndefiniteLivedIntangibleAssetsByMajorClassAxis' xlink:to='loc_IndefiniteLivedIntangibleAssetsMajorClassNameDomain' xlink:type='arc' />
<link:presentationArc order='10' xlink:arcrole='http://www.xbrl.org/2003/arcrole/parent-child' xlink:from='loc_IndefiniteLivedIntangibleAssetsMajorClassNameDomain' xlink:to='loc_ContractualRightsMember' xlink:type='arc' />
<link:presentationArc order='20' xlink:arcrole='http://www.xbrl.org/2003/arcrole/parent-child' xlink:from='loc_IndefiniteLivedIntangibleAssetsMajorClassNameDomain' xlink:to='loc_FranchiseRightsMember' xlink:type='arc' />
<link:presentationArc order='30' xlink:arcrole='http://www.xbrl.org/2003/arcrole/parent-child' xlink:from='loc_IndefiniteLivedIntangibleAssetsMajorClassNameDomain' xlink:to='loc_LicensingAgreementsMember' xlink:type='arc' />
<link:presentationArc order='40' xlink:arcrole='http://www.xbrl.org/2003/arcrole/parent-child' xlink:from='loc_IndefiniteLivedIntangibleAssetsMajorClassNameDomain' xlink:to='loc_OtherIntangibleAssetsMember' xlink:type='arc' />
<link:presentationArc order='50' xlink:arcrole='http://www.xbrl.org/2003/arcrole/parent-child' xlink:from='loc_IndefiniteLivedIntangibleAssetsMajorClassNameDomain' xlink:to='loc_TrademarksMember' xlink:type='arc' />
<link:presentationArc order='60' xlink:arcrole='http://www.xbrl.org/2003/arcrole/parent-child' xlink:from='loc_IndefiniteLivedIntangibleAssetsMajorClassNameDomain' xlink:to='loc_TradeDressMember' xlink:type='arc' />
<link:presentationArc order='70' xlink:arcrole='http://www.xbrl.org/2003/arcrole/parent-child' xlink:from='loc_IndefiniteLivedIntangibleAssetsMajorClassNameDomain' xlink:to='loc_TradeNamesMember' xlink:type='arc' />
<link:presentationArc order='80' xlink:arcrole='http://www.xbrl.org/2003/arcrole/parent-child' xlink:from='loc_IndefiniteLivedIntangibleAssetsMajorClassNameDomain' xlink:to='loc_TradeSecretsMember' xlink:type='arc' />
<link:presentationArc order='90' xlink:arcrole='http://www.xbrl.org/2003/arcrole/parent-child' xlink:from='loc_IndefiniteLivedIntangibleAssetsMajorClassNameDomain' xlink:to='loc_UnclassifiedIndefinitelivedIntangibleAssetsMember' xlink:type='arc' />
<link:presentationArc order='20' xlink:arcrole='http://www.xbrl.org/2003/arcrole/parent-child' xlink:from='loc_ScheduleOfIndefiniteLivedIntangibleAssetsTable' xlink:to='loc_StatementBusinessSegmentsAxis' xlink:type='arc' />
<link:presentationArc order='10' xlink:arcrole='http://www.xbrl.org/2003/arcrole/parent-child' xlink:from='loc_StatementBusinessSegmentsAxis' xlink:to='loc_SegmentDomain' xlink:type='arc' />
<link:presentationArc order='10' xlink:arcrole='http://www.xbrl.org/2003/arcrole/parent-child' xlink:from='loc_SegmentDomain' xlink:to='loc_IntersegmentEliminationMember' xlink:type='arc' />
<link:presentationArc order='20' xlink:arcrole='http://www.xbrl.org/2003/arcrole/parent-child' xlink:from='loc_SegmentDomain' xlink:to='loc_CorporateMember' xlink:type='arc' />
<link:presentationArc order='30' xlink:arcrole='http://www.xbrl.org/2003/arcrole/parent-child' xlink:from='loc_SegmentDomain' xlink:to='loc_CorporateAndOtherMember' xlink:type='arc' />
<link:presentationArc order='30' xlink:arcrole='http://www.xbrl.org/2003/arcrole/parent-child' xlink:from='loc_ScheduleOfIndefiniteLivedIntangibleAssetsTable' xlink:to='loc_IndefiniteLivedIntangibleAssetsByMajorClassLineItems' xlink:type='arc' />
<link:presentationArc order='10' xlink:arcrole='http://www.xbrl.org/2003/arcrole/parent-child' xlink:from='loc_IndefiniteLivedIntangibleAssetsByMajorClassLineItems' xlink:to='loc_IndefiniteLivedIntangibleAssetsRollForward' xlink:type='arc' />
<link:presentationArc order='10' preferredLabel='http://www.xbrl.org/2003/role/periodStartLabel' xlink:arcrole='http://www.xbrl.org/2003/arcrole/parent-child' xlink:from='loc_IndefiniteLivedIntangibleAssetsRollForward' xlink:to='loc_IndefiniteLivedIntangibleAssetsExcludingGoodwill' xlink:type='arc' />
<link:presentationArc order='20' xlink:arcrole='http://www.xbrl.org/2003/arcrole/parent-child' xlink:from='loc_IndefiniteLivedIntangibleAssetsRollForward' xlink:to='loc_IndefiniteLivedIntangibleAssetsAcquiredDuringPeriod' xlink:type='arc' />
<link:presentationArc order='30' xlink:arcrole='http://www.xbrl.org/2003/arcrole/parent-child' xlink:from='loc_IndefiniteLivedIntangibleAssetsRollForward' xlink:to='loc_IndefiniteLivedIntangibleAssetsImpairmentLosses' xlink:type='arc' />
<link:presentationArc order='40' xlink:arcrole='http://www.xbrl.org/2003/arcrole/parent-child' xlink:from='loc_IndefiniteLivedIntangibleAssetsRollForward' xlink:to='loc_IndefiniteLivedIntangibleAssetsWrittenOffRelatedToSaleOfBusinessUnit' xlink:type='arc' />
<link:presentationArc order='50' xlink:arcrole='http://www.xbrl.org/2003/arcrole/parent-child' xlink:from='loc_IndefiniteLivedIntangibleAssetsRollForward' xlink:to='loc_IndefiniteLivedIntangibleAssetsTranslationAndPurchaseAccountingAdjustmentsAbstract' xlink:type='arc' />
<link:presentationArc order='10' xlink:arcrole='http://www.xbrl.org/2003/arcrole/parent-child' xlink:from='loc_IndefiniteLivedIntangibleAssetsTranslationAndPurchaseAccountingAdjustmentsAbstract' xlink:to='loc_IndefiniteLivedIntangibleAssetsTranslationAdjustments' xlink:type='arc' />
<link:presentationArc order='20' xlink:arcrole='http://www.xbrl.org/2003/arcrole/parent-child' xlink:from='loc_IndefiniteLivedIntangibleAssetsTranslationAndPurchaseAccountingAdjustmentsAbstract' xlink:to='loc_IndefiniteLivedIntangibleAssetsPurchaseAccountingAdjustments' xlink:type='arc' />
<link:presentationArc order='30' preferredLabel='http://www.xbrl.org/2003/role/totalLabel' xlink:arcrole='http://www.xbrl.org/2003/arcrole/parent-child' xlink:from='loc_IndefiniteLivedIntangibleAssetsTranslationAndPurchaseAccountingAdjustmentsAbstract' xlink:to='loc_IndefiniteLivedIntangibleAssetsTranslationAndPurchaseAccountingAdjustments' xlink:type='arc' />
<link:presentationArc order='60' preferredLabel='http://www.xbrl.org/2003/role/totalLabel' xlink:arcrole='http://www.xbrl.org/2003/arcrole/parent-child' xlink:from='loc_IndefiniteLivedIntangibleAssetsRollForward' xlink:to='loc_IndefiniteLivedIntangibleAssetsPeriodIncreaseDecrease' xlink:type='arc' />
<link:presentationArc order='70' preferredLabel='http://www.xbrl.org/2003/role/periodEndLabel' xlink:arcrole='http://www.xbrl.org/2003/arcrole/parent-child' xlink:from='loc_IndefiniteLivedIntangibleAssetsRollForward' xlink:to='loc_IndefiniteLivedIntangibleAssetsExcludingGoodwill_1' xlink:type='arc' />
<link:presentationArc order='20' xlink:arcrole='http://www.xbrl.org/2003/arcrole/parent-child' xlink:from='loc_IndefiniteLivedIntangibleAssetsByMajorClassLineItems' xlink:to='loc_ImpairedIntangibleAssetsLineItems' xlink:type='arc' />
<link:presentationArc order='10' xlink:arcrole='http://www.xbrl.org/2003/arcrole/parent-child' xlink:from='loc_ImpairedIntangibleAssetsLineItems' xlink:to='loc_ImpairedIntangibleAssetDescription' xlink:type='arc' />
<link:presentationArc order='20' xlink:arcrole='http://www.xbrl.org/2003/arcrole/parent-child' xlink:from='loc_ImpairedIntangibleAssetsLineItems' xlink:to='loc_ImpairedIntangibleAssetFactsAndCircumstancesLeadingToImpairment' xlink:type='arc' />
<link:presentationArc order='30' xlink:arcrole='http://www.xbrl.org/2003/arcrole/parent-child' xlink:from='loc_ImpairedIntangibleAssetsLineItems' xlink:to='loc_ImpairedIntangibleAssetMethodForFairValueDetermination' xlink:type='arc' />
<link:presentationArc order='40' xlink:arcrole='http://www.xbrl.org/2003/arcrole/parent-child' xlink:from='loc_ImpairedIntangibleAssetsLineItems' xlink:to='loc_ImpairedIntangibleAssetIncomeStatementClassification' xlink:type='arc' />
<link:presentationArc order='50' xlink:arcrole='http://www.xbrl.org/2003/arcrole/parent-child' xlink:from='loc_ImpairedIntangibleAssetsLineItems' xlink:to='loc_ImpairedIntangibleAssetSegmentClassification' xlink:type='arc' />
<link:presentationArc order='50' xlink:arcrole='http://www.xbrl.org/2003/arcrole/parent-child' xlink:from='loc_IntangibleAssetsDisclosureTextBlock' xlink:to='loc_ScheduleOfFiniteLivedIntangibleAssetsTableTextBlock' xlink:type='arc' />
<link:presentationArc order='10' xlink:arcrole='http://www.xbrl.org/2003/arcrole/parent-child' xlink:from='loc_ScheduleOfFiniteLivedIntangibleAssetsTableTextBlock' xlink:to='loc_ScheduleOfFiniteLivedIntangibleAssetsTable' xlink:type='arc' />
<link:presentationArc order='10' xlink:arcrole='http://www.xbrl.org/2003/arcrole/parent-child' xlink:from='loc_ScheduleOfFiniteLivedIntangibleAssetsTable' xlink:to='loc_FiniteLivedIntangibleAssetsByMajorClassAxis' xlink:type='arc' />
<link:presentationArc order='10' use='optional' xlink:arcrole='http://www.xbrl.org/2003/arcrole/parent-child' xlink:from='loc_FiniteLivedIntangibleAssetsByMajorClassAxis' xlink:to='loc_FiniteLivedIntangibleAssetsMajorClassNameDomain' xlink:type='arc' />
<link:presentationArc order='10' xlink:arcrole='http://www.xbrl.org/2003/arcrole/parent-child' xlink:from='loc_FiniteLivedIntangibleAssetsMajorClassNameDomain' xlink:to='loc_ArtisticRelatedIntangibleAssetsMember' xlink:type='arc' />
<link:presentationArc order='20' xlink:arcrole='http://www.xbrl.org/2003/arcrole/parent-child' xlink:from='loc_FiniteLivedIntangibleAssetsMajorClassNameDomain' xlink:to='loc_CertificationMarksMember' xlink:type='arc' />
<link:presentationArc order='30' xlink:arcrole='http://www.xbrl.org/2003/arcrole/parent-child' xlink:from='loc_FiniteLivedIntangibleAssetsMajorClassNameDomain' xlink:to='loc_CoalSupplyAgreementsMember' xlink:type='arc' />
<link:presentationArc order='40' xlink:arcrole='http://www.xbrl.org/2003/arcrole/parent-child' xlink:from='loc_FiniteLivedIntangibleAssetsMajorClassNameDomain' xlink:to='loc_CollectiveMarksMember' xlink:type='arc' />
<link:presentationArc order='50' xlink:arcrole='http://www.xbrl.org/2003/arcrole/parent-child' xlink:from='loc_FiniteLivedIntangibleAssetsMajorClassNameDomain' xlink:to='loc_ComputerSoftwareIntangibleAssetMember' xlink:type='arc' />
<link:presentationArc order='60' xlink:arcrole='http://www.xbrl.org/2003/arcrole/parent-child' xlink:from='loc_FiniteLivedIntangibleAssetsMajorClassNameDomain' xlink:to='loc_ContractualRightsMember' xlink:type='arc' />
<link:presentationArc order='70' xlink:arcrole='http://www.xbrl.org/2003/arcrole/parent-child' xlink:from='loc_FiniteLivedIntangibleAssetsMajorClassNameDomain' xlink:to='loc_ConstructionPermitsMember' xlink:type='arc' />
<link:presentationArc order='80' xlink:arcrole='http://www.xbrl.org/2003/arcrole/parent-child' xlink:from='loc_FiniteLivedIntangibleAssetsMajorClassNameDomain' xlink:to='loc_CopyrightsMember' xlink:type='arc' />
<link:presentationArc order='90' xlink:arcrole='http://www.xbrl.org/2003/arcrole/parent-child' xlink:from='loc_FiniteLivedIntangibleAssetsMajorClassNameDomain' xlink:to='loc_CoreDepositsMember' xlink:type='arc' />
<link:presentationArc order='100' xlink:arcrole='http://www.xbrl.org/2003/arcrole/parent-child' xlink:from='loc_FiniteLivedIntangibleAssetsMajorClassNameDomain' xlink:to='loc_CustomerContractsMember' xlink:type='arc' />
<link:presentationArc order='110' xlink:arcrole='http://www.xbrl.org/2003/arcrole/parent-child' xlink:from='loc_FiniteLivedIntangibleAssetsMajorClassNameDomain' xlink:to='loc_CustomerListsMember' xlink:type='arc' />
<link:presentationArc order='120' xlink:arcrole='http://www.xbrl.org/2003/arcrole/parent-child' xlink:from='loc_FiniteLivedIntangibleAssetsMajorClassNameDomain' xlink:to='loc_CustomerRelationshipsMember' xlink:type='arc' />
<link:presentationArc order='130' xlink:arcrole='http://www.xbrl.org/2003/arcrole/parent-child' xlink:from='loc_FiniteLivedIntangibleAssetsMajorClassNameDomain' xlink:to='loc_DatabasesMember' xlink:type='arc' />
<link:presentationArc order='140' xlink:arcrole='http://www.xbrl.org/2003/arcrole/parent-child' xlink:from='loc_FiniteLivedIntangibleAssetsMajorClassNameDomain' xlink:to='loc_DevelopedTechnologyRightsMember' xlink:type='arc' />
<link:presentationArc order='150' xlink:arcrole='http://www.xbrl.org/2003/arcrole/parent-child' xlink:from='loc_FiniteLivedIntangibleAssetsMajorClassNameDomain' xlink:to='loc_DistributionRightsMember' xlink:type='arc' />
<link:presentationArc order='160' xlink:arcrole='http://www.xbrl.org/2003/arcrole/parent-child' xlink:from='loc_FiniteLivedIntangibleAssetsMajorClassNameDomain' xlink:to='loc_EmploymentContractsMember' xlink:type='arc' />
<link:presentationArc order='170' xlink:arcrole='http://www.xbrl.org/2003/arcrole/parent-child' xlink:from='loc_FiniteLivedIntangibleAssetsMajorClassNameDomain' xlink:to='loc_FranchiseRightsMember' xlink:type='arc' />
<link:presentationArc order='180' xlink:arcrole='http://www.xbrl.org/2003/arcrole/parent-child' xlink:from='loc_FiniteLivedIntangibleAssetsMajorClassNameDomain' xlink:to='loc_InsuranceContractsAcquiredInBusinessCombinationMember' xlink:type='arc' />
<link:presentationArc order='190' xlink:arcrole='http://www.xbrl.org/2003/arcrole/parent-child' xlink:from='loc_FiniteLivedIntangibleAssetsMajorClassNameDomain' xlink:to='loc_InternetDomainNamesMember' xlink:type='arc' />
<link:presentationArc order='200' xlink:arcrole='http://www.xbrl.org/2003/arcrole/parent-child' xlink:from='loc_FiniteLivedIntangibleAssetsMajorClassNameDomain' xlink:to='loc_LeasesAcquiredInPlaceMember' xlink:type='arc' />
<link:presentationArc order='210' xlink:arcrole='http://www.xbrl.org/2003/arcrole/parent-child' xlink:from='loc_FiniteLivedIntangibleAssetsMajorClassNameDomain' xlink:to='loc_LeasesAcquiredInPlaceMarketAdjustmentMember' xlink:type='arc' />
<link:presentationArc order='220' xlink:arcrole='http://www.xbrl.org/2003/arcrole/parent-child' xlink:from='loc_FiniteLivedIntangibleAssetsMajorClassNameDomain' xlink:to='loc_BelowMarketLeasesMember' xlink:type='arc' />
<link:presentationArc order='230' xlink:arcrole='http://www.xbrl.org/2003/arcrole/parent-child' xlink:from='loc_FiniteLivedIntangibleAssetsMajorClassNameDomain' xlink:to='loc_AboveMarketLeasesMember' xlink:type='arc' />
<link:presentationArc order='240' xlink:arcrole='http://www.xbrl.org/2003/arcrole/parent-child' xlink:from='loc_FiniteLivedIntangibleAssetsMajorClassNameDomain' xlink:to='loc_LeaseAgreementsMember' xlink:type='arc' />
<link:presentationArc order='250' xlink:arcrole='http://www.xbrl.org/2003/arcrole/parent-child' xlink:from='loc_FiniteLivedIntangibleAssetsMajorClassNameDomain' xlink:to='loc_LicensingAgreementsMember' xlink:type='arc' />
<link:presentationArc order='260' xlink:arcrole='http://www.xbrl.org/2003/arcrole/parent-child' xlink:from='loc_FiniteLivedIntangibleAssetsMajorClassNameDomain' xlink:to='loc_MediaContentMember' xlink:type='arc' />
<link:presentationArc order='270' xlink:arcrole='http://www.xbrl.org/2003/arcrole/parent-child' xlink:from='loc_FiniteLivedIntangibleAssetsMajorClassNameDomain' xlink:to='loc_NoncompeteAgreementsMember' xlink:type='arc' />
<link:presentationArc order='280' xlink:arcrole='http://www.xbrl.org/2003/arcrole/parent-child' xlink:from='loc_FiniteLivedIntangibleAssetsMajorClassNameDomain' xlink:to='loc_OffMarketFavorableLeaseMember' xlink:type='arc' />
<link:presentationArc order='290' xlink:arcrole='http://www.xbrl.org/2003/arcrole/parent-child' xlink:from='loc_FiniteLivedIntangibleAssetsMajorClassNameDomain' xlink:to='loc_OperatingAndBroadcastRightsMember' xlink:type='arc' />
<link:presentationArc order='300' xlink:arcrole='http://www.xbrl.org/2003/arcrole/parent-child' xlink:from='loc_FiniteLivedIntangibleAssetsMajorClassNameDomain' xlink:to='loc_OrderOrProductionBacklogMember' xlink:type='arc' />
<link:presentationArc order='310' xlink:arcrole='http://www.xbrl.org/2003/arcrole/parent-child' xlink:from='loc_FiniteLivedIntangibleAssetsMajorClassNameDomain' xlink:to='loc_OtherIntangibleAssetsMember' xlink:type='arc' />
<link:presentationArc order='320' xlink:arcrole='http://www.xbrl.org/2003/arcrole/parent-child' xlink:from='loc_FiniteLivedIntangibleAssetsMajorClassNameDomain' xlink:to='loc_PatentedTechnologyMember' xlink:type='arc' />
<link:presentationArc order='330' xlink:arcrole='http://www.xbrl.org/2003/arcrole/parent-child' xlink:from='loc_FiniteLivedIntangibleAssetsMajorClassNameDomain' xlink:to='loc_PatentsMember' xlink:type='arc' />
<link:presentationArc order='340' xlink:arcrole='http://www.xbrl.org/2003/arcrole/parent-child' xlink:from='loc_FiniteLivedIntangibleAssetsMajorClassNameDomain' xlink:to='loc_RoyaltyAgreementsMember' xlink:type='arc' />
<link:presentationArc order='350' xlink:arcrole='http://www.xbrl.org/2003/arcrole/parent-child' xlink:from='loc_FiniteLivedIntangibleAssetsMajorClassNameDomain' xlink:to='loc_ServiceAgreementsMember' xlink:type='arc' />
<link:presentationArc order='360' xlink:arcrole='http://www.xbrl.org/2003/arcrole/parent-child' xlink:from='loc_FiniteLivedIntangibleAssetsMajorClassNameDomain' xlink:to='loc_ServiceMarksMember' xlink:type='arc' />
<link:presentationArc order='370' xlink:arcrole='http://www.xbrl.org/2003/arcrole/parent-child' xlink:from='loc_FiniteLivedIntangibleAssetsMajorClassNameDomain' xlink:to='loc_ServicingContractsMember' xlink:type='arc' />
<link:presentationArc order='380' xlink:arcrole='http://www.xbrl.org/2003/arcrole/parent-child' xlink:from='loc_FiniteLivedIntangibleAssetsMajorClassNameDomain' xlink:to='loc_StandstillAgreementsMember' xlink:type='arc' />
<link:presentationArc order='390' xlink:arcrole='http://www.xbrl.org/2003/arcrole/parent-child' xlink:from='loc_FiniteLivedIntangibleAssetsMajorClassNameDomain' xlink:to='loc_TradeDressMember' xlink:type='arc' />
<link:presentationArc order='400' xlink:arcrole='http://www.xbrl.org/2003/arcrole/parent-child' xlink:from='loc_FiniteLivedIntangibleAssetsMajorClassNameDomain' xlink:to='loc_TradeNamesMember' xlink:type='arc' />
<link:presentationArc order='410' xlink:arcrole='http://www.xbrl.org/2003/arcrole/parent-child' xlink:from='loc_FiniteLivedIntangibleAssetsMajorClassNameDomain' xlink:to='loc_TradeSecretsMember' xlink:type='arc' />
<link:presentationArc order='420' xlink:arcrole='http://www.xbrl.org/2003/arcrole/parent-child' xlink:from='loc_FiniteLivedIntangibleAssetsMajorClassNameDomain' xlink:to='loc_TrademarksMember' xlink:type='arc' />
<link:presentationArc order='430' xlink:arcrole='http://www.xbrl.org/2003/arcrole/parent-child' xlink:from='loc_FiniteLivedIntangibleAssetsMajorClassNameDomain' xlink:to='loc_TransmissionServiceAgreementMember' xlink:type='arc' />
<link:presentationArc order='440' xlink:arcrole='http://www.xbrl.org/2003/arcrole/parent-child' xlink:from='loc_FiniteLivedIntangibleAssetsMajorClassNameDomain' xlink:to='loc_UnpatentedTechnologyMember' xlink:type='arc' />
<link:presentationArc order='450' xlink:arcrole='http://www.xbrl.org/2003/arcrole/parent-child' xlink:from='loc_FiniteLivedIntangibleAssetsMajorClassNameDomain' xlink:to='loc_UseRightsMember' xlink:type='arc' />
<link:presentationArc order='460' xlink:arcrole='http://www.xbrl.org/2003/arcrole/parent-child' xlink:from='loc_FiniteLivedIntangibleAssetsMajorClassNameDomain' xlink:to='loc_AcquiredFilmLibrariesMember' xlink:type='arc' />
<link:presentationArc order='20' xlink:arcrole='http://www.xbrl.org/2003/arcrole/parent-child' xlink:from='loc_ScheduleOfFiniteLivedIntangibleAssetsTable' xlink:to='loc_StatementBusinessSegmentsAxis' xlink:type='arc' />
<link:presentationArc order='30' xlink:arcrole='http://www.xbrl.org/2003/arcrole/parent-child' xlink:from='loc_ScheduleOfFiniteLivedIntangibleAssetsTable' xlink:to='loc_RangeAxis' xlink:type='arc' />
<link:presentationArc order='10' xlink:arcrole='http://www.xbrl.org/2003/arcrole/parent-child' xlink:from='loc_RangeAxis' xlink:to='loc_RangeMember' xlink:type='arc' />
<link:presentationArc order='10' xlink:arcrole='http://www.xbrl.org/2003/arcrole/parent-child' xlink:from='loc_RangeMember' xlink:to='loc_MaximumMember' xlink:type='arc' />
<link:presentationArc order='20' xlink:arcrole='http://www.xbrl.org/2003/arcrole/parent-child' xlink:from='loc_RangeMember' xlink:to='loc_MinimumMember' xlink:type='arc' />
<link:presentationArc order='40' xlink:arcrole='http://www.xbrl.org/2003/arcrole/parent-child' xlink:from='loc_ScheduleOfFiniteLivedIntangibleAssetsTable' xlink:to='loc_FiniteLivedIntangibleAssetsLineItems' xlink:type='arc' />
<link:presentationArc order='10' xlink:arcrole='http://www.xbrl.org/2003/arcrole/parent-child' xlink:from='loc_FiniteLivedIntangibleAssetsLineItems' xlink:to='loc_FiniteLivedIntangibleAssetsRollForward' xlink:type='arc' />
<link:presentationArc order='10' preferredLabel='http://www.xbrl.org/2003/role/periodStartLabel' xlink:arcrole='http://www.xbrl.org/2003/arcrole/parent-child' xlink:from='loc_FiniteLivedIntangibleAssetsRollForward' xlink:to='loc_FiniteLivedIntangibleAssetsNet' xlink:type='arc' />
<link:presentationArc order='20' xlink:arcrole='http://www.xbrl.org/2003/arcrole/parent-child' xlink:from='loc_FiniteLivedIntangibleAssetsRollForward' xlink:to='loc_FiniteLivedIntangibleAssetsAcquired' xlink:type='arc' />
<link:presentationArc order='30' xlink:arcrole='http://www.xbrl.org/2003/arcrole/parent-child' xlink:from='loc_FiniteLivedIntangibleAssetsRollForward' xlink:to='loc_AmortizationOfIntangibleAssets' xlink:type='arc' />
<link:presentationArc order='40' xlink:arcrole='http://www.xbrl.org/2003/arcrole/parent-child' xlink:from='loc_FiniteLivedIntangibleAssetsRollForward' xlink:to='loc_ImpairmentOfIntangibleAssetsFinitelived' xlink:type='arc' />
<link:presentationArc order='50' xlink:arcrole='http://www.xbrl.org/2003/arcrole/parent-child' xlink:from='loc_FiniteLivedIntangibleAssetsRollForward' xlink:to='loc_FiniteLivedIntangibleAssetsTranslationAndPurchaseAccountingAdjustmentsAbstract' xlink:type='arc' />
<link:presentationArc order='10' xlink:arcrole='http://www.xbrl.org/2003/arcrole/parent-child' xlink:from='loc_FiniteLivedIntangibleAssetsTranslationAndPurchaseAccountingAdjustmentsAbstract' xlink:to='loc_FiniteLivedIntangibleAssetsTranslationAdjustments' xlink:type='arc' />
<link:presentationArc order='20' xlink:arcrole='http://www.xbrl.org/2003/arcrole/parent-child' xlink:from='loc_FiniteLivedIntangibleAssetsTranslationAndPurchaseAccountingAdjustmentsAbstract' xlink:to='loc_FiniteLivedIntangibleAssetsPurchaseAccountingAdjustments' xlink:type='arc' />
<link:presentationArc order='30' preferredLabel='http://www.xbrl.org/2003/role/totalLabel' xlink:arcrole='http://www.xbrl.org/2003/arcrole/parent-child' xlink:from='loc_FiniteLivedIntangibleAssetsTranslationAndPurchaseAccountingAdjustmentsAbstract' xlink:to='loc_FiniteLivedIntangibleAssetsTranslationAndPurchaseAccountingAdjustments' xlink:type='arc' />
<link:presentationArc order='60' preferredLabel='http://www.xbrl.org/2003/role/totalLabel' xlink:arcrole='http://www.xbrl.org/2003/arcrole/parent-child' xlink:from='loc_FiniteLivedIntangibleAssetsRollForward' xlink:to='loc_FiniteLivedIntangibleAssetsPeriodIncreaseDecrease' xlink:type='arc' />
<link:presentationArc order='70' preferredLabel='http://www.xbrl.org/2003/role/periodEndLabel' xlink:arcrole='http://www.xbrl.org/2003/arcrole/parent-child' xlink:from='loc_FiniteLivedIntangibleAssetsRollForward' xlink:to='loc_FiniteLivedIntangibleAssetsNet_1' xlink:type='arc' />
<link:presentationArc order='20' xlink:arcrole='http://www.xbrl.org/2003/arcrole/parent-child' xlink:from='loc_FiniteLivedIntangibleAssetsLineItems' xlink:to='loc_ImpairedIntangibleAssetsLineItems' xlink:type='arc' />
<link:presentationArc order='30' xlink:arcrole='http://www.xbrl.org/2003/arcrole/parent-child' xlink:from='loc_FiniteLivedIntangibleAssetsLineItems' xlink:to='loc_FiniteLivedIntangibleAssetUsefulLife' xlink:type='arc' />
<link:presentationArc order='40' use='optional' xlink:arcrole='http://www.xbrl.org/2003/arcrole/parent-child' xlink:from='loc_FiniteLivedIntangibleAssetsLineItems' xlink:to='loc_FiniteLivedIntangibleAssetsAmortizationMethod' xlink:type='arc' />
<link:presentationArc order='50' xlink:arcrole='http://www.xbrl.org/2003/arcrole/parent-child' xlink:from='loc_FiniteLivedIntangibleAssetsLineItems' xlink:to='loc_FiniteLivedIntangibleAssetsCostIncurredToRenewOrExtend' xlink:type='arc' />
<link:presentationArc order='60' xlink:arcrole='http://www.xbrl.org/2003/arcrole/parent-child' xlink:from='loc_FiniteLivedIntangibleAssetsLineItems' xlink:to='loc_FiniteLivedIntangibleAssetWeightedAveragePeriodBeforeNextRenewalOrExtension' xlink:type='arc' />
<link:presentationArc order='70' xlink:arcrole='http://www.xbrl.org/2003/arcrole/parent-child' xlink:from='loc_FiniteLivedIntangibleAssetsLineItems' xlink:to='loc_FiniteLivedIntangibleAssetsIntentOrAbilityToRenewOrExtendArrangement' xlink:type='arc' />
<link:presentationArc order='80' xlink:arcrole='http://www.xbrl.org/2003/arcrole/parent-child' xlink:from='loc_FiniteLivedIntangibleAssetsLineItems' xlink:to='loc_FiniteLivedIntangibleAssetsRemainingAmortizationPeriod' xlink:type='arc' />
<link:presentationArc order='60' xlink:arcrole='http://www.xbrl.org/2003/arcrole/parent-child' xlink:from='loc_IntangibleAssetsDisclosureTextBlock' xlink:to='loc_ScheduleOfAcquiredFiniteLivedIntangibleAssetsByMajorClassTextBlock' xlink:type='arc' />
<link:presentationArc order='10' xlink:arcrole='http://www.xbrl.org/2003/arcrole/parent-child' xlink:from='loc_ScheduleOfAcquiredFiniteLivedIntangibleAssetsByMajorClassTextBlock' xlink:to='loc_ScheduleOfAcquiredFiniteLivedIntangibleAssetByMajorClassTable' xlink:type='arc' />
<link:presentationArc order='10' xlink:arcrole='http://www.xbrl.org/2003/arcrole/parent-child' xlink:from='loc_ScheduleOfAcquiredFiniteLivedIntangibleAssetByMajorClassTable' xlink:to='loc_FiniteLivedIntangibleAssetsByMajorClassAxis' xlink:type='arc' />
<link:presentationArc order='20' xlink:arcrole='http://www.xbrl.org/2003/arcrole/parent-child' xlink:from='loc_ScheduleOfAcquiredFiniteLivedIntangibleAssetByMajorClassTable' xlink:to='loc_AcquiredFiniteLivedIntangibleAssetsLineItems' xlink:type='arc' />
<link:presentationArc order='10' xlink:arcrole='http://www.xbrl.org/2003/arcrole/parent-child' xlink:from='loc_AcquiredFiniteLivedIntangibleAssetsLineItems' xlink:to='loc_AcquiredFiniteLivedIntangibleAssetAmount' xlink:type='arc' />
<link:presentationArc order='20' xlink:arcrole='http://www.xbrl.org/2003/arcrole/parent-child' xlink:from='loc_AcquiredFiniteLivedIntangibleAssetsLineItems' xlink:to='loc_AcquiredFiniteLivedIntangibleAssetResidualValue' xlink:type='arc' />
<link:presentationArc order='30' xlink:arcrole='http://www.xbrl.org/2003/arcrole/parent-child' xlink:from='loc_AcquiredFiniteLivedIntangibleAssetsLineItems' xlink:to='loc_AcquiredFiniteLivedIntangibleAssetsWeightedAverageUsefulLife' xlink:type='arc' />
<link:presentationArc order='40' xlink:arcrole='http://www.xbrl.org/2003/arcrole/parent-child' xlink:from='loc_AcquiredFiniteLivedIntangibleAssetsLineItems' xlink:to='loc_AcquiredFiniteLivedIntangibleAssetWeightedAveragePeriodBeforeRenewalOrExtension' xlink:type='arc' />
<link:presentationArc order='70' xlink:arcrole='http://www.xbrl.org/2003/arcrole/parent-child' xlink:from='loc_IntangibleAssetsDisclosureTextBlock' xlink:to='loc_ScheduleOfAcquiredIndefiniteLivedIntangibleAssetsByMajorClassTextBlock' xlink:type='arc' />
<link:presentationArc order='10' use='optional' xlink:arcrole='http://www.xbrl.org/2003/arcrole/parent-child' xlink:from='loc_ScheduleOfAcquiredIndefiniteLivedIntangibleAssetsByMajorClassTextBlock' xlink:to='loc_ScheduleOfAcquiredIndefiniteLivedIntangibleAssetsByMajorClassTable' xlink:type='arc' />
<link:presentationArc order='10' xlink:arcrole='http://www.xbrl.org/2003/arcrole/parent-child' xlink:from='loc_ScheduleOfAcquiredIndefiniteLivedIntangibleAssetsByMajorClassTable' xlink:to='loc_IndefiniteLivedIntangibleAssetsByMajorClassAxis' xlink:type='arc' />
<link:presentationArc order='20' use='optional' xlink:arcrole='http://www.xbrl.org/2003/arcrole/parent-child' xlink:from='loc_ScheduleOfAcquiredIndefiniteLivedIntangibleAssetsByMajorClassTable' xlink:to='loc_AcquiredIndefiniteLivedIntangibleAssetsLineItems' xlink:type='arc' />
<link:presentationArc order='10' use='optional' xlink:arcrole='http://www.xbrl.org/2003/arcrole/parent-child' xlink:from='loc_AcquiredIndefiniteLivedIntangibleAssetsLineItems' xlink:to='loc_AcquiredIndefiniteLivedIntangibleAssetAmount' xlink:type='arc' />
<link:presentationArc order='80' xlink:arcrole='http://www.xbrl.org/2003/arcrole/parent-child' xlink:from='loc_IntangibleAssetsDisclosureTextBlock' xlink:to='loc_FiniteLivedIntangibleAssetsFutureAmortizationExpenseCurrentAndFiveSucceedingFiscalYearsAbstract' xlink:type='arc' />
<link:presentationArc order='10' xlink:arcrole='http://www.xbrl.org/2003/arcrole/parent-child' xlink:from='loc_FiniteLivedIntangibleAssetsFutureAmortizationExpenseCurrentAndFiveSucceedingFiscalYearsAbstract' xlink:to='loc_ScheduleofFiniteLivedIntangibleAssetsFutureAmortizationExpenseTableTextBlock' xlink:type='arc' />
<link:presentationArc order='20' xlink:arcrole='http://www.xbrl.org/2003/arcrole/parent-child' xlink:from='loc_FiniteLivedIntangibleAssetsFutureAmortizationExpenseCurrentAndFiveSucceedingFiscalYearsAbstract' xlink:to='loc_FiniteLivedIntangibleAssetsFutureAmortizationExpenseAbstract' xlink:type='arc' />
<link:presentationArc order='10' xlink:arcrole='http://www.xbrl.org/2003/arcrole/parent-child' xlink:from='loc_FiniteLivedIntangibleAssetsFutureAmortizationExpenseAbstract' xlink:to='loc_FiniteLivedIntangibleAssetsAmortizationExpenseNextTwelveMonths' xlink:type='arc' />
<link:presentationArc order='20' xlink:arcrole='http://www.xbrl.org/2003/arcrole/parent-child' xlink:from='loc_FiniteLivedIntangibleAssetsFutureAmortizationExpenseAbstract' xlink:to='loc_FiniteLivedIntangibleAssetsAmortizationExpenseYearTwo' xlink:type='arc' />
<link:presentationArc order='30' xlink:arcrole='http://www.xbrl.org/2003/arcrole/parent-child' xlink:from='loc_FiniteLivedIntangibleAssetsFutureAmortizationExpenseAbstract' xlink:to='loc_FiniteLivedIntangibleAssetsAmortizationExpenseYearThree' xlink:type='arc' />
<link:presentationArc order='40' xlink:arcrole='http://www.xbrl.org/2003/arcrole/parent-child' xlink:from='loc_FiniteLivedIntangibleAssetsFutureAmortizationExpenseAbstract' xlink:to='loc_FiniteLivedIntangibleAssetsAmortizationExpenseYearFour' xlink:type='arc' />
<link:presentationArc order='50' xlink:arcrole='http://www.xbrl.org/2003/arcrole/parent-child' xlink:from='loc_FiniteLivedIntangibleAssetsFutureAmortizationExpenseAbstract' xlink:to='loc_FiniteLivedIntangibleAssetsAmortizationExpenseYearFive' xlink:type='arc' />
<link:presentationArc order='60' xlink:arcrole='http://www.xbrl.org/2003/arcrole/parent-child' xlink:from='loc_FiniteLivedIntangibleAssetsFutureAmortizationExpenseAbstract' xlink:to='loc_FiniteLivedIntangibleAssetsAmortizationExpenseAfterYearFive' xlink:type='arc' />
<link:presentationArc order='70' preferredLabel='http://www.xbrl.org/2003/role/totalLabel' xlink:arcrole='http://www.xbrl.org/2003/arcrole/parent-child' xlink:from='loc_FiniteLivedIntangibleAssetsFutureAmortizationExpenseAbstract' xlink:to='loc_FiniteLivedIntangibleAssetsNet' xlink:type='arc' />
<link:presentationArc order='30' xlink:arcrole='http://www.xbrl.org/2003/arcrole/parent-child' xlink:from='loc_FiniteLivedIntangibleAssetsFutureAmortizationExpenseCurrentAndFiveSucceedingFiscalYearsAbstract' xlink:to='loc_FiniteLivedIntangibleAssetsAmortizationExpenseRemainderOfFiscalYear' xlink:type='arc' />
<link:presentationArc order='40' xlink:arcrole='http://www.xbrl.org/2003/arcrole/parent-child' xlink:from='loc_FiniteLivedIntangibleAssetsFutureAmortizationExpenseCurrentAndFiveSucceedingFiscalYearsAbstract' xlink:to='loc_FiniteLivedIntangibleAssetsNetAmortizationExpenseRollingMaturityAbstract' xlink:type='arc' />
<link:presentationArc order='10' xlink:arcrole='http://www.xbrl.org/2003/arcrole/parent-child' xlink:from='loc_FiniteLivedIntangibleAssetsNetAmortizationExpenseRollingMaturityAbstract' xlink:to='loc_FiniteLivedIntangibleAssetsAmortizationExpenseNextRollingTwelveMonths' xlink:type='arc' />
<link:presentationArc order='20' xlink:arcrole='http://www.xbrl.org/2003/arcrole/parent-child' xlink:from='loc_FiniteLivedIntangibleAssetsNetAmortizationExpenseRollingMaturityAbstract' xlink:to='loc_FiniteLivedIntangibleAssetsAmortizationExpenseRollingYearTwo' xlink:type='arc' />
<link:presentationArc order='30' xlink:arcrole='http://www.xbrl.org/2003/arcrole/parent-child' xlink:from='loc_FiniteLivedIntangibleAssetsNetAmortizationExpenseRollingMaturityAbstract' xlink:to='loc_FiniteLivedIntangibleAssetsAmortizationExpenseRollingYearThree' xlink:type='arc' />
<link:presentationArc order='40' xlink:arcrole='http://www.xbrl.org/2003/arcrole/parent-child' xlink:from='loc_FiniteLivedIntangibleAssetsNetAmortizationExpenseRollingMaturityAbstract' xlink:to='loc_FiniteLivedIntangibleAssetsAmortizationExpenseRollingYearFour' xlink:type='arc' />
<link:presentationArc order='50' xlink:arcrole='http://www.xbrl.org/2003/arcrole/parent-child' xlink:from='loc_FiniteLivedIntangibleAssetsNetAmortizationExpenseRollingMaturityAbstract' xlink:to='loc_FiniteLivedIntangibleAssetsAmortizationExpenseRollingYearFive' xlink:type='arc' />
<link:presentationArc order='60' xlink:arcrole='http://www.xbrl.org/2003/arcrole/parent-child' xlink:from='loc_FiniteLivedIntangibleAssetsNetAmortizationExpenseRollingMaturityAbstract' xlink:to='loc_FiniteLivedIntangibleAssetsAmortizationExpenseRollingAfterYearFive' xlink:type='arc' />
<link:presentationArc order='70' preferredLabel='http://www.xbrl.org/2003/role/totalLabel' xlink:arcrole='http://www.xbrl.org/2003/arcrole/parent-child' xlink:from='loc_FiniteLivedIntangibleAssetsNetAmortizationExpenseRollingMaturityAbstract' xlink:to='loc_FiniteLivedIntangibleAssetsNet' xlink:type='arc' />
<link:presentationArc order='90' xlink:arcrole='http://www.xbrl.org/2003/arcrole/parent-child' xlink:from='loc_IntangibleAssetsDisclosureTextBlock' xlink:to='loc_IntangibleAssetsNetExcludingGoodwillAbstract' xlink:type='arc' />
<link:presentationArc order='10' xlink:arcrole='http://www.xbrl.org/2003/arcrole/parent-child' xlink:from='loc_IntangibleAssetsNetExcludingGoodwillAbstract' xlink:to='loc_IndefiniteLivedIntangibleAssetsExcludingGoodwillAbstract' xlink:type='arc' />
<link:presentationArc order='10' xlink:arcrole='http://www.xbrl.org/2003/arcrole/parent-child' xlink:from='loc_IndefiniteLivedIntangibleAssetsExcludingGoodwillAbstract' xlink:to='loc_IndefiniteLivedContractualRights' xlink:type='arc' />
<link:presentationArc order='20' xlink:arcrole='http://www.xbrl.org/2003/arcrole/parent-child' xlink:from='loc_IndefiniteLivedIntangibleAssetsExcludingGoodwillAbstract' xlink:to='loc_IndefiniteLivedFranchiseRights' xlink:type='arc' />
<link:presentationArc order='30' xlink:arcrole='http://www.xbrl.org/2003/arcrole/parent-child' xlink:from='loc_IndefiniteLivedIntangibleAssetsExcludingGoodwillAbstract' xlink:to='loc_IndefiniteLivedLicenseAgreements' xlink:type='arc' />
<link:presentationArc order='40' xlink:arcrole='http://www.xbrl.org/2003/arcrole/parent-child' xlink:from='loc_IndefiniteLivedIntangibleAssetsExcludingGoodwillAbstract' xlink:to='loc_IndefiniteLivedTrademarks' xlink:type='arc' />
<link:presentationArc order='50' xlink:arcrole='http://www.xbrl.org/2003/arcrole/parent-child' xlink:from='loc_IndefiniteLivedIntangibleAssetsExcludingGoodwillAbstract' xlink:to='loc_IndefiniteLivedTradeNames' xlink:type='arc' />
<link:presentationArc order='60' xlink:arcrole='http://www.xbrl.org/2003/arcrole/parent-child' xlink:from='loc_IndefiniteLivedIntangibleAssetsExcludingGoodwillAbstract' xlink:to='loc_OtherIndefiniteLivedIntangibleAssets' xlink:type='arc' />
<link:presentationArc order='70' preferredLabel='http://www.xbrl.org/2003/role/totalLabel' xlink:arcrole='http://www.xbrl.org/2003/arcrole/parent-child' xlink:from='loc_IndefiniteLivedIntangibleAssetsExcludingGoodwillAbstract' xlink:to='loc_IndefiniteLivedIntangibleAssetsExcludingGoodwill' xlink:type='arc' />
<link:presentationArc order='20' xlink:arcrole='http://www.xbrl.org/2003/arcrole/parent-child' xlink:from='loc_IntangibleAssetsNetExcludingGoodwillAbstract' xlink:to='loc_FiniteLivedIntangibleAssetsNetAbstract' xlink:type='arc' />
<link:presentationArc order='10' xlink:arcrole='http://www.xbrl.org/2003/arcrole/parent-child' xlink:from='loc_FiniteLivedIntangibleAssetsNetAbstract' xlink:to='loc_FiniteLivedIntangibleAssetsGrossAbstract' xlink:type='arc' />
<link:presentationArc order='10' xlink:arcrole='http://www.xbrl.org/2003/arcrole/parent-child' xlink:from='loc_FiniteLivedIntangibleAssetsGrossAbstract' xlink:to='loc_FiniteLivedComputerSoftwareGross' xlink:type='arc' />
<link:presentationArc order='20' xlink:arcrole='http://www.xbrl.org/2003/arcrole/parent-child' xlink:from='loc_FiniteLivedIntangibleAssetsGrossAbstract' xlink:to='loc_FiniteLivedContractualRightsGross' xlink:type='arc' />
<link:presentationArc order='30' xlink:arcrole='http://www.xbrl.org/2003/arcrole/parent-child' xlink:from='loc_FiniteLivedIntangibleAssetsGrossAbstract' xlink:to='loc_FiniteLivedCustomerListsGross' xlink:type='arc' />
<link:presentationArc order='40' xlink:arcrole='http://www.xbrl.org/2003/arcrole/parent-child' xlink:from='loc_FiniteLivedIntangibleAssetsGrossAbstract' xlink:to='loc_FiniteLivedCustomerRelationshipsGross' xlink:type='arc' />
<link:presentationArc order='50' xlink:arcrole='http://www.xbrl.org/2003/arcrole/parent-child' xlink:from='loc_FiniteLivedIntangibleAssetsGrossAbstract' xlink:to='loc_FiniteLivedLicenseAgreementsGross' xlink:type='arc' />
<link:presentationArc order='60' xlink:arcrole='http://www.xbrl.org/2003/arcrole/parent-child' xlink:from='loc_FiniteLivedIntangibleAssetsGrossAbstract' xlink:to='loc_FiniteLivedNoncompeteAgreementsGross' xlink:type='arc' />
<link:presentationArc order='70' xlink:arcrole='http://www.xbrl.org/2003/arcrole/parent-child' xlink:from='loc_FiniteLivedIntangibleAssetsGrossAbstract' xlink:to='loc_FiniteLivedIntangibleAssetOffMarketLeaseFavorableGross' xlink:type='arc' />
<link:presentationArc order='80' xlink:arcrole='http://www.xbrl.org/2003/arcrole/parent-child' xlink:from='loc_FiniteLivedIntangibleAssetsGrossAbstract' xlink:to='loc_FiniteLivedPatentsGross' xlink:type='arc' />
<link:presentationArc order='90' xlink:arcrole='http://www.xbrl.org/2003/arcrole/parent-child' xlink:from='loc_FiniteLivedIntangibleAssetsGrossAbstract' xlink:to='loc_FiniteLivedTrademarksGross' xlink:type='arc' />
<link:presentationArc order='100' xlink:arcrole='http://www.xbrl.org/2003/arcrole/parent-child' xlink:from='loc_FiniteLivedIntangibleAssetsGrossAbstract' xlink:to='loc_FiniteLivedTradeNamesGross' xlink:type='arc' />
<link:presentationArc order='110' xlink:arcrole='http://www.xbrl.org/2003/arcrole/parent-child' xlink:from='loc_FiniteLivedIntangibleAssetsGrossAbstract' xlink:to='loc_FiniteLivedIntangibleAssetAcquiredInPlaceLeases' xlink:type='arc' />
<link:presentationArc order='120' xlink:arcrole='http://www.xbrl.org/2003/arcrole/parent-child' xlink:from='loc_FiniteLivedIntangibleAssetsGrossAbstract' xlink:to='loc_FiniteLivedCoreDepositsGross' xlink:type='arc' />
<link:presentationArc order='130' xlink:arcrole='http://www.xbrl.org/2003/arcrole/parent-child' xlink:from='loc_FiniteLivedIntangibleAssetsGrossAbstract' xlink:to='loc_OtherFiniteLivedIntangibleAssetsGross' xlink:type='arc' />
<link:presentationArc order='140' preferredLabel='http://www.xbrl.org/2003/role/totalLabel' xlink:arcrole='http://www.xbrl.org/2003/arcrole/parent-child' xlink:from='loc_FiniteLivedIntangibleAssetsGrossAbstract' xlink:to='loc_FiniteLivedIntangibleAssetsGross' xlink:type='arc' />
<link:presentationArc order='20' xlink:arcrole='http://www.xbrl.org/2003/arcrole/parent-child' xlink:from='loc_FiniteLivedIntangibleAssetsNetAbstract' xlink:to='loc_FiniteLivedIntangibleAssetsAccumulatedAmortization' xlink:type='arc' />
<link:presentationArc order='30' preferredLabel='http://www.xbrl.org/2003/role/totalLabel' xlink:arcrole='http://www.xbrl.org/2003/arcrole/parent-child' xlink:from='loc_FiniteLivedIntangibleAssetsNetAbstract' xlink:to='loc_FiniteLivedIntangibleAssetsNet' xlink:type='arc' />
<link:presentationArc order='30' preferredLabel='http://www.xbrl.org/2003/role/totalLabel' xlink:arcrole='http://www.xbrl.org/2003/arcrole/parent-child' xlink:from='loc_IntangibleAssetsNetExcludingGoodwillAbstract' xlink:to='loc_IntangibleAssetsNetExcludingGoodwill' xlink:type='arc' />
<link:presentationArc order='100' xlink:arcrole='http://www.xbrl.org/2003/arcrole/parent-child' xlink:from='loc_IntangibleAssetsDisclosureTextBlock' xlink:to='loc_IntangibleAssetsNetIncludingGoodwillAbstract' xlink:type='arc' />
<link:presentationArc order='10' xlink:arcrole='http://www.xbrl.org/2003/arcrole/parent-child' xlink:from='loc_IntangibleAssetsNetIncludingGoodwillAbstract' xlink:to='loc_IndefiniteLivedIntangibleAssetsExcludingGoodwill' xlink:type='arc' />
<link:presentationArc order='20' xlink:arcrole='http://www.xbrl.org/2003/arcrole/parent-child' xlink:from='loc_IntangibleAssetsNetIncludingGoodwillAbstract' xlink:to='loc_FiniteLivedIntangibleAssetsNet' xlink:type='arc' />
<link:presentationArc order='30' xlink:arcrole='http://www.xbrl.org/2003/arcrole/parent-child' xlink:from='loc_IntangibleAssetsNetIncludingGoodwillAbstract' xlink:to='loc_Goodwill' xlink:type='arc' />
<link:presentationArc order='40' preferredLabel='http://www.xbrl.org/2003/role/totalLabel' xlink:arcrole='http://www.xbrl.org/2003/arcrole/parent-child' xlink:from='loc_IntangibleAssetsNetIncludingGoodwillAbstract' xlink:to='loc_IntangibleAssetsNetIncludingGoodwill' xlink:type='arc' />
<link:presentationArc order='110' xlink:arcrole='http://www.xbrl.org/2003/arcrole/parent-child' xlink:from='loc_IntangibleAssetsDisclosureTextBlock' xlink:to='loc_ImpairmentOfIntangibleAssetsExcludingGoodwillAbstract' xlink:type='arc' />
<link:presentationArc order='10' xlink:arcrole='http://www.xbrl.org/2003/arcrole/parent-child' xlink:from='loc_ImpairmentOfIntangibleAssetsExcludingGoodwillAbstract' xlink:to='loc_ImpairmentOfIntangibleAssetsFinitelived' xlink:type='arc' />
<link:presentationArc order='20' xlink:arcrole='http://www.xbrl.org/2003/arcrole/parent-child' xlink:from='loc_ImpairmentOfIntangibleAssetsExcludingGoodwillAbstract' xlink:to='loc_ImpairmentOfIntangibleAssetsIndefinitelivedExcludingGoodwill' xlink:type='arc' />
<link:presentationArc order='30' preferredLabel='http://www.xbrl.org/2003/role/totalLabel' xlink:arcrole='http://www.xbrl.org/2003/arcrole/parent-child' xlink:from='loc_ImpairmentOfIntangibleAssetsExcludingGoodwillAbstract' xlink:to='loc_ImpairmentOfIntangibleAssetsExcludingGoodwill' xlink:type='arc' />
<link:presentationArc order='120' xlink:arcrole='http://www.xbrl.org/2003/arcrole/parent-child' xlink:from='loc_IntangibleAssetsDisclosureTextBlock' xlink:to='loc_IntangibleAssetsCurrent' xlink:type='arc' />
<link:presentationArc order='130' xlink:arcrole='http://www.xbrl.org/2003/arcrole/parent-child' xlink:from='loc_IntangibleAssetsDisclosureTextBlock' xlink:to='loc_OtherIntangibleAssetsNet' xlink:type='arc' />
<link:presentationArc order='20' xlink:arcrole='http://www.xbrl.org/2003/arcrole/parent-child' xlink:from='loc_GoodwillAndIntangibleAssetsDisclosureTextBlock' xlink:to='loc_ScheduleOfGoodwillTextBlock' xlink:type='arc' />
<link:presentationArc order='10' xlink:arcrole='http://www.xbrl.org/2003/arcrole/parent-child' xlink:from='loc_ScheduleOfGoodwillTextBlock' xlink:to='loc_ScheduleOfGoodwillTable' xlink:type='arc' />
<link:presentationArc order='10' xlink:arcrole='http://www.xbrl.org/2003/arcrole/parent-child' xlink:from='loc_ScheduleOfGoodwillTable' xlink:to='loc_StatementBusinessSegmentsAxis' xlink:type='arc' />
<link:presentationArc order='20' xlink:arcrole='http://www.xbrl.org/2003/arcrole/parent-child' xlink:from='loc_ScheduleOfGoodwillTable' xlink:to='loc_GoodwillLineItems' xlink:type='arc' />
<link:presentationArc order='10' xlink:arcrole='http://www.xbrl.org/2003/arcrole/parent-child' xlink:from='loc_GoodwillLineItems' xlink:to='loc_GoodwillRollForward' xlink:type='arc' />
<link:presentationArc order='10' preferredLabel='http://www.xbrl.org/2003/role/periodStartLabel' xlink:arcrole='http://www.xbrl.org/2003/arcrole/parent-child' xlink:from='loc_GoodwillRollForward' xlink:to='loc_Goodwill' xlink:type='arc' />
<link:presentationArc order='20' xlink:arcrole='http://www.xbrl.org/2003/arcrole/parent-child' xlink:from='loc_GoodwillRollForward' xlink:to='loc_GoodwillAcquiredDuringPeriod' xlink:type='arc' />
<link:presentationArc order='30' xlink:arcrole='http://www.xbrl.org/2003/arcrole/parent-child' xlink:from='loc_GoodwillRollForward' xlink:to='loc_GoodwillImpairmentLoss' xlink:type='arc' />
<link:presentationArc order='40' xlink:arcrole='http://www.xbrl.org/2003/arcrole/parent-child' xlink:from='loc_GoodwillRollForward' xlink:to='loc_GoodwillSubsequentRecognitionOfDeferredTaxAsset' xlink:type='arc' />
<link:presentationArc order='50' xlink:arcrole='http://www.xbrl.org/2003/arcrole/parent-child' xlink:from='loc_GoodwillRollForward' xlink:to='loc_GoodwillOtherChanges' xlink:type='arc' />
<link:presentationArc order='60' xlink:arcrole='http://www.xbrl.org/2003/arcrole/parent-child' xlink:from='loc_GoodwillRollForward' xlink:to='loc_GoodwillWrittenOffRelatedToSaleOfBusinessUnit' xlink:type='arc' />
<link:presentationArc order='70' xlink:arcrole='http://www.xbrl.org/2003/arcrole/parent-child' xlink:from='loc_GoodwillRollForward' xlink:to='loc_GoodwillTranslationAndPurchaseAccountingAdjustmentsAbstract' xlink:type='arc' />
<link:presentationArc order='10' xlink:arcrole='http://www.xbrl.org/2003/arcrole/parent-child' xlink:from='loc_GoodwillTranslationAndPurchaseAccountingAdjustmentsAbstract' xlink:to='loc_GoodwillTranslationAdjustments' xlink:type='arc' />
<link:presentationArc order='20' xlink:arcrole='http://www.xbrl.org/2003/arcrole/parent-child' xlink:from='loc_GoodwillTranslationAndPurchaseAccountingAdjustmentsAbstract' xlink:to='loc_GoodwillPurchaseAccountingAdjustments' xlink:type='arc' />
<link:presentationArc order='30' preferredLabel='http://www.xbrl.org/2003/role/totalLabel' xlink:arcrole='http://www.xbrl.org/2003/arcrole/parent-child' xlink:from='loc_GoodwillTranslationAndPurchaseAccountingAdjustmentsAbstract' xlink:to='loc_GoodwillTranslationAndPurchaseAccountingAdjustments' xlink:type='arc' />
<link:presentationArc order='80' xlink:arcrole='http://www.xbrl.org/2003/arcrole/parent-child' xlink:from='loc_GoodwillRollForward' xlink:to='loc_GoodwillAllocationAdjustment' xlink:type='arc' />
<link:presentationArc order='90' preferredLabel='http://www.xbrl.org/2003/role/totalLabel' xlink:arcrole='http://www.xbrl.org/2003/arcrole/parent-child' xlink:from='loc_GoodwillRollForward' xlink:to='loc_GoodwillPeriodIncreaseDecrease' xlink:type='arc' />
<link:presentationArc order='100' preferredLabel='http://www.xbrl.org/2003/role/periodEndLabel' xlink:arcrole='http://www.xbrl.org/2003/arcrole/parent-child' xlink:from='loc_GoodwillRollForward' xlink:to='loc_Goodwill_1' xlink:type='arc' />
<link:presentationArc order='20' xlink:arcrole='http://www.xbrl.org/2003/arcrole/parent-child' xlink:from='loc_GoodwillLineItems' xlink:to='loc_GoodwillImpairedAccumulatedImpairmentLossAbstract' xlink:type='arc' />
<link:presentationArc order='10' xlink:arcrole='http://www.xbrl.org/2003/arcrole/parent-child' xlink:from='loc_GoodwillImpairedAccumulatedImpairmentLossAbstract' xlink:to='loc_GoodwillGross' xlink:type='arc' />
<link:presentationArc order='20' xlink:arcrole='http://www.xbrl.org/2003/arcrole/parent-child' xlink:from='loc_GoodwillImpairedAccumulatedImpairmentLossAbstract' xlink:to='loc_GoodwillImpairedAccumulatedImpairmentLoss' xlink:type='arc' />
<link:presentationArc order='30' preferredLabel='http://www.xbrl.org/2003/role/totalLabel' xlink:arcrole='http://www.xbrl.org/2003/arcrole/parent-child' xlink:from='loc_GoodwillImpairedAccumulatedImpairmentLossAbstract' xlink:to='loc_Goodwill' xlink:type='arc' />
<link:presentationArc order='30' xlink:arcrole='http://www.xbrl.org/2003/arcrole/parent-child' xlink:from='loc_GoodwillLineItems' xlink:to='loc_GoodwillImpairedAbstract' xlink:type='arc' />
<link:presentationArc order='10' xlink:arcrole='http://www.xbrl.org/2003/arcrole/parent-child' xlink:from='loc_GoodwillImpairedAbstract' xlink:to='loc_GoodwillImpairedFactsAndCircumstancesLeadingToImpairment' xlink:type='arc' />
<link:presentationArc order='20' xlink:arcrole='http://www.xbrl.org/2003/arcrole/parent-child' xlink:from='loc_GoodwillImpairedAbstract' xlink:to='loc_GoodwillImpairedMethodForFairValueDetermination' xlink:type='arc' />
<link:presentationArc order='30' xlink:arcrole='http://www.xbrl.org/2003/arcrole/parent-child' xlink:from='loc_GoodwillImpairedAbstract' xlink:to='loc_GoodwillImpairedIncomeStatementClassification' xlink:type='arc' />
<link:presentationArc order='40' xlink:arcrole='http://www.xbrl.org/2003/arcrole/parent-child' xlink:from='loc_GoodwillImpairedAbstract' xlink:to='loc_GoodwillImpairedChangeInEstimateDescription' xlink:type='arc' />
<link:presentationArc order='50' xlink:arcrole='http://www.xbrl.org/2003/arcrole/parent-child' xlink:from='loc_GoodwillImpairedAbstract' xlink:to='loc_GoodwillImpairedReasonsForUseOfEstimate' xlink:type='arc' />
<link:presentationArc order='60' xlink:arcrole='http://www.xbrl.org/2003/arcrole/parent-child' xlink:from='loc_GoodwillImpairedAbstract' xlink:to='loc_GoodwillImpairedAdjustmentToInitialEstimateAmount' xlink:type='arc' />
<link:presentationArc order='40' xlink:arcrole='http://www.xbrl.org/2003/arcrole/parent-child' xlink:from='loc_GoodwillLineItems' xlink:to='loc_GoodwillNotAllocatedReason' xlink:type='arc' />
<link:presentationArc order='50' xlink:arcrole='http://www.xbrl.org/2003/arcrole/parent-child' xlink:from='loc_GoodwillLineItems' xlink:to='loc_GoodwillNotAllocatedAmount' xlink:type='arc' />
<link:presentationArc order='20' xlink:arcrole='http://www.xbrl.org/2003/arcrole/parent-child' xlink:from='loc_ScheduleOfGoodwillTextBlock' xlink:to='loc_DisclosureOfChangeOfDateForAnnualGoodwillImpairmentTest' xlink:type='arc' />
<link:presentationArc order='10' xlink:arcrole='http://www.xbrl.org/2003/arcrole/parent-child' xlink:from='loc_DisclosureOfChangeOfDateForAnnualGoodwillImpairmentTest' xlink:to='loc_ReasonForChangeInDateOfAnnualGoodwillImpairmentTest' xlink:type='arc' />
<link:presentationArc order='20' xlink:arcrole='http://www.xbrl.org/2003/arcrole/parent-child' xlink:from='loc_DisclosureOfChangeOfDateForAnnualGoodwillImpairmentTest' xlink:to='loc_NewDateOfAnnualGoodwillImpairmentTest' xlink:type='arc' />
<link:presentationArc order='30' xlink:arcrole='http://www.xbrl.org/2003/arcrole/parent-child' xlink:from='loc_GoodwillAndIntangibleAssetsDisclosureTextBlock' xlink:to='loc_ScheduleOfResearchAndDevelopmentAssetsAcquiredOtherThanThroughBusinessCombinationTextBlock' xlink:type='arc' />
<link:presentationArc order='10' xlink:arcrole='http://www.xbrl.org/2003/arcrole/parent-child' xlink:from='loc_ScheduleOfResearchAndDevelopmentAssetsAcquiredOtherThanThroughBusinessCombinationTextBlock' xlink:to='loc_ScheduleOfResearchAndDevelopmentAssetsAcquiredOtherThanThroughBusinessCombinationTable' xlink:type='arc' />
<link:presentationArc order='10' xlink:arcrole='http://www.xbrl.org/2003/arcrole/parent-child' xlink:from='loc_ScheduleOfResearchAndDevelopmentAssetsAcquiredOtherThanThroughBusinessCombinationTable' xlink:to='loc_ResearchAndDevelopmentAssetsAcquiredOtherThanThroughBusinessCombinationByTransactionAxis' xlink:type='arc' />
<link:presentationArc order='10' xlink:arcrole='http://www.xbrl.org/2003/arcrole/parent-child' xlink:from='loc_ResearchAndDevelopmentAssetsAcquiredOtherThanThroughBusinessCombinationByTransactionAxis' xlink:to='loc_ResearchAndDevelopmentAssetTransactionDomain' xlink:type='arc' />
<link:presentationArc order='20' xlink:arcrole='http://www.xbrl.org/2003/arcrole/parent-child' xlink:from='loc_ScheduleOfResearchAndDevelopmentAssetsAcquiredOtherThanThroughBusinessCombinationTable' xlink:to='loc_ResearchAndDevelopmentAssetsAcquiredOtherThanThroughBusinessCombinationLineItems' xlink:type='arc' />
<link:presentationArc order='10' xlink:arcrole='http://www.xbrl.org/2003/arcrole/parent-child' xlink:from='loc_ResearchAndDevelopmentAssetsAcquiredOtherThanThroughBusinessCombinationLineItems' xlink:to='loc_ResearchAndDevelopmentAssetAcquiredOtherThanThroughBusinessCombinationDescription' xlink:type='arc' />
<link:presentationArc order='20' xlink:arcrole='http://www.xbrl.org/2003/arcrole/parent-child' xlink:from='loc_ResearchAndDevelopmentAssetsAcquiredOtherThanThroughBusinessCombinationLineItems' xlink:to='loc_ResearchAndDevelopmentAssetAcquiredOtherThanThroughBusinessCombinationFairValueAcquired' xlink:type='arc' />
<link:presentationArc order='30' xlink:arcrole='http://www.xbrl.org/2003/arcrole/parent-child' xlink:from='loc_ResearchAndDevelopmentAssetsAcquiredOtherThanThroughBusinessCombinationLineItems' xlink:to='loc_ResearchAndDevelopmentAssetAcquiredOtherThanThroughBusinessCombinationWrittenOff' xlink:type='arc' />
<link:presentationArc order='40' xlink:arcrole='http://www.xbrl.org/2003/arcrole/parent-child' xlink:from='loc_ResearchAndDevelopmentAssetsAcquiredOtherThanThroughBusinessCombinationLineItems' xlink:to='loc_ResearchAndDevelopmentAssetAcquiredOtherThanThroughBusinessCombinationWrittenOffIncomeStatementCaption' xlink:type='arc' />
<link:presentationArc order='20' xlink:arcrole='http://www.xbrl.org/2003/arcrole/parent-child' xlink:from='loc_GoodwillAndIntangibleAssetsDisclosureAbstract' xlink:to='loc_DisclosureTextBlockSupplementAbstract' xlink:type='arc' />
<link:presentationArc order='10' xlink:arcrole='http://www.xbrl.org/2003/arcrole/parent-child' xlink:from='loc_DisclosureTextBlockSupplementAbstract' xlink:to='loc_AssetImpairmentChargesTextBlock' xlink:type='arc' />
<link:presentationArc order='20' xlink:arcrole='http://www.xbrl.org/2003/arcrole/parent-child' xlink:from='loc_DisclosureTextBlockSupplementAbstract' xlink:to='loc_GoodwillDisclosureTextBlock' xlink:type='arc' />
<link:presentationArc order='30' xlink:arcrole='http://www.xbrl.org/2003/arcrole/parent-child' xlink:from='loc_GoodwillAndIntangibleAssetsDisclosureAbstract' xlink:to='loc_TableTextBlockSupplementAbstract' xlink:type='arc' />
<link:presentationArc order='10' xlink:arcrole='http://www.xbrl.org/2003/arcrole/parent-child' xlink:from='loc_TableTextBlockSupplementAbstract' xlink:to='loc_ScheduleOfExpectedAmortizationExpenseTableTextBlock' xlink:type='arc' />
<link:presentationArc order='20' xlink:arcrole='http://www.xbrl.org/2003/arcrole/parent-child' xlink:from='loc_TableTextBlockSupplementAbstract' xlink:to='loc_ScheduleOfIntangibleAssetsAndGoodwillTableTextBlock' xlink:type='arc' />
<link:presentationArc order='30' xlink:arcrole='http://www.xbrl.org/2003/arcrole/parent-child' xlink:from='loc_TableTextBlockSupplementAbstract' xlink:to='loc_ScheduleOfImpairedIntangibleAssetsTextBlock' xlink:type='arc' />
</link:presentationLink>
</link:linkbase>
