<?xml version='1.0' encoding='UTF-8'?>

<!--
(c) 2010-2019 Financial Accounting Foundation; (c) 2007-2010 XBRL US, Inc.  All Right Reserved.
Notice: Authorized Uses are Set Forth at http://xbrl.fasb.org/terms/SRT_TermsConditions.html
  -->
<link:linkbase xmlns:link='http://www.xbrl.org/2003/linkbase' xmlns:xbrldt='http://xbrl.org/2005/xbrldt' xmlns:xlink='http://www.w3.org/1999/xlink' xmlns:xsi='http://www.w3.org/2001/XMLSchema-instance' xsi:schemaLocation='http://www.xbrl.org/2003/linkbase http://www.xbrl.org/2003/xbrl-linkbase-2003-12-31.xsd'>
<link:roleRef roleURI='http://fasb.org/srt/role/disclosure/SECScheduleArticle12-09ValuationAndQualifyingAccounts' xlink:href='../elts/srt-roles-2019-01-31.xsd#srt-sec-vq' xlink:type='simple' />
<link:presentationLink xlink:role='http://fasb.org/srt/role/disclosure/SECScheduleArticle12-09ValuationAndQualifyingAccounts' xlink:type='extended'>
<link:loc xlink:href='../elts/srt-2019-01-31.xsd#srt_ValuationAndQualifyingAccountsDisclosureTable' xlink:label='loc_ValuationAndQualifyingAccountsDisclosureTable' xlink:type='locator' />
<link:loc xlink:href='../elts/srt-2019-01-31.xsd#srt_ValuationAndQualifyingAccountsDisclosureLineItems' xlink:label='loc_ValuationAndQualifyingAccountsDisclosureLineItems' xlink:type='locator' />
<link:loc xlink:href='../elts/srt-2019-01-31.xsd#srt_ValuationAndQualifyingAccountsAbstract' xlink:label='loc_ValuationAndQualifyingAccountsAbstract' xlink:type='locator' />
<link:loc xlink:href='../elts/srt-2019-01-31.xsd#srt_ScheduleOfValuationAndQualifyingAccountsDisclosureTextBlock' xlink:label='loc_ScheduleOfValuationAndQualifyingAccountsDisclosureTextBlock' xlink:type='locator' />
<link:presentationArc order='10' xlink:arcrole='http://www.xbrl.org/2003/arcrole/parent-child' xlink:from='loc_ValuationAndQualifyingAccountsDisclosureTable' xlink:to='loc_ValuationAndQualifyingAccountsDisclosureLineItems' xlink:type='arc' />
<link:presentationArc order='10' xlink:arcrole='http://www.xbrl.org/2003/arcrole/parent-child' xlink:from='loc_ValuationAndQualifyingAccountsAbstract' xlink:to='loc_ScheduleOfValuationAndQualifyingAccountsDisclosureTextBlock' xlink:type='arc' />
<link:presentationArc order='10' xlink:arcrole='http://www.xbrl.org/2003/arcrole/parent-child' xlink:from='loc_ScheduleOfValuationAndQualifyingAccountsDisclosureTextBlock' xlink:to='loc_ValuationAndQualifyingAccountsDisclosureTable' xlink:type='arc' />
</link:presentationLink>
</link:linkbase>
