<?xml version='1.0' encoding='UTF-8'?>

<!--
(c) XBRL US, Inc. 2007-2010; Financial Accounting Foundation, Inc. 2010-2013.  All Rights Reserved.
Notice: Authorized Uses are Set Forth at http://xbrl.fasb.org/terms/TaxonomiesTermsConditions.html
  -->
<link:linkbase xmlns:link='http://www.xbrl.org/2003/linkbase' xmlns:xbrldt='http://xbrl.org/2005/xbrldt' xmlns:xlink='http://www.w3.org/1999/xlink' xmlns:xsi='http://www.w3.org/2001/XMLSchema-instance' xsi:schemaLocation='http://www.xbrl.org/2003/linkbase http://www.xbrl.org/2003/xbrl-linkbase-2003-12-31.xsd'>
<link:roleRef roleURI='http://fasb.org/us-gaap/role/statement/StatementOfIncomeInsuranceBasedRevenue' xlink:href='../elts/us-roles-2013-01-31.xsd#soi-ins' xlink:type='simple' />
<link:calculationLink xlink:role='http://fasb.org/us-gaap/role/statement/StatementOfIncomeInsuranceBasedRevenue' xlink:type='extended'>
<link:loc xlink:href='../elts/us-gaap-2013-01-31.xsd#us-gaap_DiscontinuedOperationAmountOfAdjustmentToPriorPeriodGainLossOnDisposalNetOfTax' xlink:label='loc_DiscontinuedOperationAmountOfAdjustmentToPriorPeriodGainLossOnDisposalNetOfTax' xlink:type='locator' />
<link:loc xlink:href='../elts/us-gaap-2013-01-31.xsd#us-gaap_DiscontinuedOperationAmountOfAdjustmentToPriorPeriodGainLossOnDisposalBeforeIncomeTax' xlink:label='loc_DiscontinuedOperationAmountOfAdjustmentToPriorPeriodGainLossOnDisposalBeforeIncomeTax' xlink:type='locator' />
<link:loc xlink:href='../elts/us-gaap-2013-01-31.xsd#us-gaap_DiscontinuedOperationTaxEffectOfAdjustmentToPriorPeriodGainLossOnDisposal' xlink:label='loc_DiscontinuedOperationTaxEffectOfAdjustmentToPriorPeriodGainLossOnDisposal' xlink:type='locator' />
<link:loc xlink:href='../elts/us-gaap-2013-01-31.xsd#us-gaap_DiscontinuedOperationAmountOfOtherIncomeLossFromDispositionOfDiscontinuedOperationNetOfTax' xlink:label='loc_DiscontinuedOperationAmountOfOtherIncomeLossFromDispositionOfDiscontinuedOperationNetOfTax' xlink:type='locator' />
<link:loc xlink:href='../elts/us-gaap-2013-01-31.xsd#us-gaap_DiscontinuedOperationAmountOfOtherIncomeLossFromDispositionOfDiscontinuedOperationsBeforeIncomeTax' xlink:label='loc_DiscontinuedOperationAmountOfOtherIncomeLossFromDispositionOfDiscontinuedOperationsBeforeIncomeTax' xlink:type='locator' />
<link:loc xlink:href='../elts/us-gaap-2013-01-31.xsd#us-gaap_DiscontinuedOperationTaxEffectOfOtherIncomeLossFromDispositionOfDiscontinuedOperation' xlink:label='loc_DiscontinuedOperationTaxEffectOfOtherIncomeLossFromDispositionOfDiscontinuedOperation' xlink:type='locator' />
<link:loc xlink:href='../elts/us-gaap-2013-01-31.xsd#us-gaap_DiscontinuedOperationGainLossOnDisposalOfDiscontinuedOperationNetOfTax' xlink:label='loc_DiscontinuedOperationGainLossOnDisposalOfDiscontinuedOperationNetOfTax' xlink:type='locator' />
<link:loc xlink:href='../elts/us-gaap-2013-01-31.xsd#us-gaap_DiscontinuedOperationGainLossFromDisposalOfDiscontinuedOperationBeforeIncomeTax' xlink:label='loc_DiscontinuedOperationGainLossFromDisposalOfDiscontinuedOperationBeforeIncomeTax' xlink:type='locator' />
<link:loc xlink:href='../elts/us-gaap-2013-01-31.xsd#us-gaap_DiscontinuedOperationTaxEffectOfIncomeLossFromDisposalOfDiscontinuedOperation' xlink:label='loc_DiscontinuedOperationTaxEffectOfIncomeLossFromDisposalOfDiscontinuedOperation' xlink:type='locator' />
<link:loc xlink:href='../elts/us-gaap-2013-01-31.xsd#us-gaap_DiscontinuedOperationIncomeLossFromDiscontinuedOperationDuringPhaseOutPeriodNetOfTax' xlink:label='loc_DiscontinuedOperationIncomeLossFromDiscontinuedOperationDuringPhaseOutPeriodNetOfTax' xlink:type='locator' />
<link:loc xlink:href='../elts/us-gaap-2013-01-31.xsd#us-gaap_DiscontinuedOperationIncomeLossFromDiscontinuedOperationDuringPhaseOutPeriodBeforeIncomeTax' xlink:label='loc_DiscontinuedOperationIncomeLossFromDiscontinuedOperationDuringPhaseOutPeriodBeforeIncomeTax' xlink:type='locator' />
<link:loc xlink:href='../elts/us-gaap-2013-01-31.xsd#us-gaap_DiscontinuedOperationTaxEffectOfIncomeLossFromDiscontinuedOperationDuringPhaseOutPeriod' xlink:label='loc_DiscontinuedOperationTaxEffectOfIncomeLossFromDiscontinuedOperationDuringPhaseOutPeriod' xlink:type='locator' />
<link:loc xlink:href='../elts/us-gaap-2013-01-31.xsd#us-gaap_DiscontinuedOperationProvisionForLossGainOnDisposalNetOfTax' xlink:label='loc_DiscontinuedOperationProvisionForLossGainOnDisposalNetOfTax' xlink:type='locator' />
<link:loc xlink:href='../elts/us-gaap-2013-01-31.xsd#us-gaap_DiscontinuedOperationProvisionForLossGainOnDisposalBeforeIncomeTax' xlink:label='loc_DiscontinuedOperationProvisionForLossGainOnDisposalBeforeIncomeTax' xlink:type='locator' />
<link:loc xlink:href='../elts/us-gaap-2013-01-31.xsd#us-gaap_DiscontinuedOperationTaxExpenseBenefitFromProvisionForGainLossOnDisposal' xlink:label='loc_DiscontinuedOperationTaxExpenseBenefitFromProvisionForGainLossOnDisposal' xlink:type='locator' />
<link:loc xlink:href='../elts/us-gaap-2013-01-31.xsd#us-gaap_EarningsPerShareBasic' xlink:label='loc_EarningsPerShareBasic' xlink:type='locator' />
<link:loc xlink:href='../elts/us-gaap-2013-01-31.xsd#us-gaap_IncomeLossFromExtraordinaryItemsNetOfTaxPerBasicShare' xlink:label='loc_IncomeLossFromExtraordinaryItemsNetOfTaxPerBasicShare' xlink:type='locator' />
<link:loc xlink:href='../elts/us-gaap-2013-01-31.xsd#us-gaap_IncomeLossBeforeExtraordinaryItemsAndCumulativeEffectOfChangeInAccountingPrinciplePerBasicShare' xlink:label='loc_IncomeLossBeforeExtraordinaryItemsAndCumulativeEffectOfChangeInAccountingPrinciplePerBasicShare' xlink:type='locator' />
<link:loc xlink:href='../elts/us-gaap-2013-01-31.xsd#us-gaap_IncomeLossFromContinuingOperationsPerBasicShare' xlink:label='loc_IncomeLossFromContinuingOperationsPerBasicShare' xlink:type='locator' />
<link:loc xlink:href='../elts/us-gaap-2013-01-31.xsd#us-gaap_IncomeLossFromDiscontinuedOperationsNetOfTaxPerBasicShare' xlink:label='loc_IncomeLossFromDiscontinuedOperationsNetOfTaxPerBasicShare' xlink:type='locator' />
<link:loc xlink:href='../elts/us-gaap-2013-01-31.xsd#us-gaap_DiscontinuedOperationIncomeLossFromDiscontinuedOperationNetOfTaxPerBasicShare' xlink:label='loc_DiscontinuedOperationIncomeLossFromDiscontinuedOperationNetOfTaxPerBasicShare' xlink:type='locator' />
<link:loc xlink:href='../elts/us-gaap-2013-01-31.xsd#us-gaap_DiscontinuedOperationGainLossOnDisposalOfDiscontinuedOperationNetOfTaxPerBasicShare' xlink:label='loc_DiscontinuedOperationGainLossOnDisposalOfDiscontinuedOperationNetOfTaxPerBasicShare' xlink:type='locator' />
<link:loc xlink:href='../elts/us-gaap-2013-01-31.xsd#us-gaap_EarningsPerShareBasicAndDiluted' xlink:label='loc_EarningsPerShareBasicAndDiluted' xlink:type='locator' />
<link:loc xlink:href='../elts/us-gaap-2013-01-31.xsd#us-gaap_IncomeLossFromExtraordinaryItemsNetOfTaxPerBasicAndDilutedShare' xlink:label='loc_IncomeLossFromExtraordinaryItemsNetOfTaxPerBasicAndDilutedShare' xlink:type='locator' />
<link:loc xlink:href='../elts/us-gaap-2013-01-31.xsd#us-gaap_IncomeLossFromOperationsBeforeExtraordinaryItemsPerBasicAndDilutedShare' xlink:label='loc_IncomeLossFromOperationsBeforeExtraordinaryItemsPerBasicAndDilutedShare' xlink:type='locator' />
<link:loc xlink:href='../elts/us-gaap-2013-01-31.xsd#us-gaap_IncomeLossFromContinuingOperationsPerBasicAndDilutedShare' xlink:label='loc_IncomeLossFromContinuingOperationsPerBasicAndDilutedShare' xlink:type='locator' />
<link:loc xlink:href='../elts/us-gaap-2013-01-31.xsd#us-gaap_IncomeLossFromDiscontinuedOperationsNetOfTaxPerBasicAndDilutedShare' xlink:label='loc_IncomeLossFromDiscontinuedOperationsNetOfTaxPerBasicAndDilutedShare' xlink:type='locator' />
<link:loc xlink:href='../elts/us-gaap-2013-01-31.xsd#us-gaap_DiscontinuedOperationIncomeLossFromDiscontinuedOperationNetOfTaxPerBasicAndDilutedShare' xlink:label='loc_DiscontinuedOperationIncomeLossFromDiscontinuedOperationNetOfTaxPerBasicAndDilutedShare' xlink:type='locator' />
<link:loc xlink:href='../elts/us-gaap-2013-01-31.xsd#us-gaap_DiscontinuedOperationGainLossOnDisposalOfDiscontinuedOperationNetOfTaxPerBasicAndDilutedShare' xlink:label='loc_DiscontinuedOperationGainLossOnDisposalOfDiscontinuedOperationNetOfTaxPerBasicAndDilutedShare' xlink:type='locator' />
<link:loc xlink:href='../elts/us-gaap-2013-01-31.xsd#us-gaap_EarningsPerShareDiluted' xlink:label='loc_EarningsPerShareDiluted' xlink:type='locator' />
<link:loc xlink:href='../elts/us-gaap-2013-01-31.xsd#us-gaap_IncomeLossFromExtraordinaryItemsNetOfTaxPerDilutedShare' xlink:label='loc_IncomeLossFromExtraordinaryItemsNetOfTaxPerDilutedShare' xlink:type='locator' />
<link:loc xlink:href='../elts/us-gaap-2013-01-31.xsd#us-gaap_IncomeLossBeforeExtraordinaryItemsAndCumulativeEffectOfChangeInAccountingPrinciplePerDilutedShare' xlink:label='loc_IncomeLossBeforeExtraordinaryItemsAndCumulativeEffectOfChangeInAccountingPrinciplePerDilutedShare' xlink:type='locator' />
<link:loc xlink:href='../elts/us-gaap-2013-01-31.xsd#us-gaap_IncomeLossFromContinuingOperationsPerDilutedShare' xlink:label='loc_IncomeLossFromContinuingOperationsPerDilutedShare' xlink:type='locator' />
<link:loc xlink:href='../elts/us-gaap-2013-01-31.xsd#us-gaap_IncomeLossFromDiscontinuedOperationsNetOfTaxPerDilutedShare' xlink:label='loc_IncomeLossFromDiscontinuedOperationsNetOfTaxPerDilutedShare' xlink:type='locator' />
<link:loc xlink:href='../elts/us-gaap-2013-01-31.xsd#us-gaap_DiscontinuedOperationIncomeLossFromDiscontinuedOperationNetOfTaxPerDilutedShare' xlink:label='loc_DiscontinuedOperationIncomeLossFromDiscontinuedOperationNetOfTaxPerDilutedShare' xlink:type='locator' />
<link:loc xlink:href='../elts/us-gaap-2013-01-31.xsd#us-gaap_DiscontinuedOperationGainLossOnDisposalOfDiscontinuedOperationNetOfTaxPerDilutedShare' xlink:label='loc_DiscontinuedOperationGainLossOnDisposalOfDiscontinuedOperationNetOfTaxPerDilutedShare' xlink:type='locator' />
<link:loc xlink:href='../elts/us-gaap-2013-01-31.xsd#us-gaap_ExtraordinaryItemGainOrLossNetOfTaxAttributableToReportingEntity' xlink:label='loc_ExtraordinaryItemGainOrLossNetOfTaxAttributableToReportingEntity' xlink:type='locator' />
<link:loc xlink:href='../elts/us-gaap-2013-01-31.xsd#us-gaap_ExtraordinaryItemNetOfTax' xlink:label='loc_ExtraordinaryItemNetOfTax' xlink:type='locator' />
<link:loc xlink:href='../elts/us-gaap-2013-01-31.xsd#us-gaap_ExtraordinaryItemsGross' xlink:label='loc_ExtraordinaryItemsGross' xlink:type='locator' />
<link:loc xlink:href='../elts/us-gaap-2013-01-31.xsd#us-gaap_GainLossFromAdjustmentsToPriorPeriodExtraordinaryItems' xlink:label='loc_GainLossFromAdjustmentsToPriorPeriodExtraordinaryItems' xlink:type='locator' />
<link:loc xlink:href='../elts/us-gaap-2013-01-31.xsd#us-gaap_ExtraordinaryItemOfInvestee' xlink:label='loc_ExtraordinaryItemOfInvestee' xlink:type='locator' />
<link:loc xlink:href='../elts/us-gaap-2013-01-31.xsd#us-gaap_OtherExtraordinaryGainLoss' xlink:label='loc_OtherExtraordinaryGainLoss' xlink:type='locator' />
<link:loc xlink:href='../elts/us-gaap-2013-01-31.xsd#us-gaap_TaxEffectOfExtraordinaryItem' xlink:label='loc_TaxEffectOfExtraordinaryItem' xlink:type='locator' />
<link:loc xlink:href='../elts/us-gaap-2013-01-31.xsd#us-gaap_ExtraordinaryItemGainOrLossNetOfTaxAttributableToNoncontrollingInterest' xlink:label='loc_ExtraordinaryItemGainOrLossNetOfTaxAttributableToNoncontrollingInterest' xlink:type='locator' />
<link:loc xlink:href='../elts/us-gaap-2013-01-31.xsd#us-gaap_IncomeLossFromContinuingOperations' xlink:label='loc_IncomeLossFromContinuingOperations' xlink:type='locator' />
<link:loc xlink:href='../elts/us-gaap-2013-01-31.xsd#us-gaap_IncomeLossFromContinuingOperationsIncludingPortionAttributableToNoncontrollingInterest' xlink:label='loc_IncomeLossFromContinuingOperationsIncludingPortionAttributableToNoncontrollingInterest' xlink:type='locator' />
<link:loc xlink:href='../elts/us-gaap-2013-01-31.xsd#us-gaap_IncomeLossFromContinuingOperationsBeforeIncomeTaxesMinorityInterestAndIncomeLossFromEquityMethodInvestments' xlink:label='loc_IncomeLossFromContinuingOperationsBeforeIncomeTaxesMinorityInterestAndIncomeLossFromEquityMethodInvestments' xlink:type='locator' />
<link:loc xlink:href='../elts/us-gaap-2013-01-31.xsd#us-gaap_OperatingIncomeLoss' xlink:label='loc_OperatingIncomeLoss' xlink:type='locator' />
<link:loc xlink:href='../elts/us-gaap-2013-01-31.xsd#us-gaap_BenefitsLossesAndExpenses' xlink:label='loc_BenefitsLossesAndExpenses' xlink:type='locator' />
<link:loc xlink:href='../elts/us-gaap-2013-01-31.xsd#us-gaap_PolicyholderBenefitsAndClaimsIncurredNet' xlink:label='loc_PolicyholderBenefitsAndClaimsIncurredNet' xlink:type='locator' />
<link:loc xlink:href='../elts/us-gaap-2013-01-31.xsd#us-gaap_PolicyholderBenefitsAndClaimsIncurredGross' xlink:label='loc_PolicyholderBenefitsAndClaimsIncurredGross' xlink:type='locator' />
<link:loc xlink:href='../elts/us-gaap-2013-01-31.xsd#us-gaap_ReinsuranceCostsAndRecoveriesNet' xlink:label='loc_ReinsuranceCostsAndRecoveriesNet' xlink:type='locator' />
<link:loc xlink:href='../elts/us-gaap-2013-01-31.xsd#us-gaap_ReinsuranceEffectOnClaimsAndBenefitsIncurredAmountAssumed' xlink:label='loc_ReinsuranceEffectOnClaimsAndBenefitsIncurredAmountAssumed' xlink:type='locator' />
<link:loc xlink:href='../elts/us-gaap-2013-01-31.xsd#us-gaap_ReinsuranceEffectOnClaimsAndBenefitsIncurredAmountCeded' xlink:label='loc_ReinsuranceEffectOnClaimsAndBenefitsIncurredAmountCeded' xlink:type='locator' />
<link:loc xlink:href='../elts/us-gaap-2013-01-31.xsd#us-gaap_LiabilityForFuturePolicyBenefitsPeriodExpense' xlink:label='loc_LiabilityForFuturePolicyBenefitsPeriodExpense' xlink:type='locator' />
<link:loc xlink:href='../elts/us-gaap-2013-01-31.xsd#us-gaap_InterestCreditedToPolicyholdersAccountBalances' xlink:label='loc_InterestCreditedToPolicyholdersAccountBalances' xlink:type='locator' />
<link:loc xlink:href='../elts/us-gaap-2013-01-31.xsd#us-gaap_PolicyholderDividends' xlink:label='loc_PolicyholderDividends' xlink:type='locator' />
<link:loc xlink:href='../elts/us-gaap-2013-01-31.xsd#us-gaap_OperatingExpenses' xlink:label='loc_OperatingExpenses' xlink:type='locator' />
<link:loc xlink:href='../elts/us-gaap-2013-01-31.xsd#us-gaap_SellingGeneralAndAdministrativeExpense' xlink:label='loc_SellingGeneralAndAdministrativeExpense' xlink:type='locator' />
<link:loc xlink:href='../elts/us-gaap-2013-01-31.xsd#us-gaap_SellingAndMarketingExpense' xlink:label='loc_SellingAndMarketingExpense' xlink:type='locator' />
<link:loc xlink:href='../elts/us-gaap-2013-01-31.xsd#us-gaap_SellingExpense' xlink:label='loc_SellingExpense' xlink:type='locator' />
<link:loc xlink:href='../elts/us-gaap-2013-01-31.xsd#us-gaap_SalesCommissionsAndFees' xlink:label='loc_SalesCommissionsAndFees' xlink:type='locator' />
<link:loc xlink:href='../elts/us-gaap-2013-01-31.xsd#us-gaap_MarketingAndAdvertisingExpense' xlink:label='loc_MarketingAndAdvertisingExpense' xlink:type='locator' />
<link:loc xlink:href='../elts/us-gaap-2013-01-31.xsd#us-gaap_MarketingExpense' xlink:label='loc_MarketingExpense' xlink:type='locator' />
<link:loc xlink:href='../elts/us-gaap-2013-01-31.xsd#us-gaap_AdvertisingExpense' xlink:label='loc_AdvertisingExpense' xlink:type='locator' />
<link:loc xlink:href='../elts/us-gaap-2013-01-31.xsd#us-gaap_OtherSellingAndMarketingExpense' xlink:label='loc_OtherSellingAndMarketingExpense' xlink:type='locator' />
<link:loc xlink:href='../elts/us-gaap-2013-01-31.xsd#us-gaap_GeneralAndAdministrativeExpense' xlink:label='loc_GeneralAndAdministrativeExpense' xlink:type='locator' />
<link:loc xlink:href='../elts/us-gaap-2013-01-31.xsd#us-gaap_LaborAndRelatedExpense' xlink:label='loc_LaborAndRelatedExpense' xlink:type='locator' />
<link:loc xlink:href='../elts/us-gaap-2013-01-31.xsd#us-gaap_CommunicationsAndInformationTechnology' xlink:label='loc_CommunicationsAndInformationTechnology' xlink:type='locator' />
<link:loc xlink:href='../elts/us-gaap-2013-01-31.xsd#us-gaap_LeaseAndRentalExpense' xlink:label='loc_LeaseAndRentalExpense' xlink:type='locator' />
<link:loc xlink:href='../elts/us-gaap-2013-01-31.xsd#us-gaap_TaxesExcludingIncomeAndExciseTaxes' xlink:label='loc_TaxesExcludingIncomeAndExciseTaxes' xlink:type='locator' />
<link:loc xlink:href='../elts/us-gaap-2013-01-31.xsd#us-gaap_OtherGeneralAndAdministrativeExpense' xlink:label='loc_OtherGeneralAndAdministrativeExpense' xlink:type='locator' />
<link:loc xlink:href='../elts/us-gaap-2013-01-31.xsd#us-gaap_GeneralInsuranceExpense' xlink:label='loc_GeneralInsuranceExpense' xlink:type='locator' />
<link:loc xlink:href='../elts/us-gaap-2013-01-31.xsd#us-gaap_OtherSellingGeneralAndAdministrativeExpense' xlink:label='loc_OtherSellingGeneralAndAdministrativeExpense' xlink:type='locator' />
<link:loc xlink:href='../elts/us-gaap-2013-01-31.xsd#us-gaap_OtherUnderwritingExpense' xlink:label='loc_OtherUnderwritingExpense' xlink:type='locator' />
<link:loc xlink:href='../elts/us-gaap-2013-01-31.xsd#us-gaap_DemutualizationCostAndExpense' xlink:label='loc_DemutualizationCostAndExpense' xlink:type='locator' />
<link:loc xlink:href='../elts/us-gaap-2013-01-31.xsd#us-gaap_InsuranceCommissions' xlink:label='loc_InsuranceCommissions' xlink:type='locator' />
<link:loc xlink:href='../elts/us-gaap-2013-01-31.xsd#us-gaap_InterestExpense' xlink:label='loc_InterestExpense' xlink:type='locator' />
<link:loc xlink:href='../elts/us-gaap-2013-01-31.xsd#us-gaap_InterestExpenseDebt' xlink:label='loc_InterestExpenseDebt' xlink:type='locator' />
<link:loc xlink:href='../elts/us-gaap-2013-01-31.xsd#us-gaap_InterestExpenseCustomerDeposits' xlink:label='loc_InterestExpenseCustomerDeposits' xlink:type='locator' />
<link:loc xlink:href='../elts/us-gaap-2013-01-31.xsd#us-gaap_InterestExpenseOther' xlink:label='loc_InterestExpenseOther' xlink:type='locator' />
<link:loc xlink:href='../elts/us-gaap-2013-01-31.xsd#us-gaap_DebtRelatedCommitmentFeesAndDebtIssuanceCosts' xlink:label='loc_DebtRelatedCommitmentFeesAndDebtIssuanceCosts' xlink:type='locator' />
<link:loc xlink:href='../elts/us-gaap-2013-01-31.xsd#us-gaap_InterestExpenseLesseeAssetsUnderCapitalLease' xlink:label='loc_InterestExpenseLesseeAssetsUnderCapitalLease' xlink:type='locator' />
<link:loc xlink:href='../elts/us-gaap-2013-01-31.xsd#us-gaap_DepreciationAndAmortization' xlink:label='loc_DepreciationAndAmortization' xlink:type='locator' />
<link:loc xlink:href='../elts/us-gaap-2013-01-31.xsd#us-gaap_AmortizationOfDeferredCharges' xlink:label='loc_AmortizationOfDeferredCharges' xlink:type='locator' />
<link:loc xlink:href='../elts/us-gaap-2013-01-31.xsd#us-gaap_DeferredSalesInducementsAmortizationExpense' xlink:label='loc_DeferredSalesInducementsAmortizationExpense' xlink:type='locator' />
<link:loc xlink:href='../elts/us-gaap-2013-01-31.xsd#us-gaap_AmortizationOfCapitalizedValueOfBusinessAcquiredAsset' xlink:label='loc_AmortizationOfCapitalizedValueOfBusinessAcquiredAsset' xlink:type='locator' />
<link:loc xlink:href='../elts/us-gaap-2013-01-31.xsd#us-gaap_AmortizationOfIntangibleAssets' xlink:label='loc_AmortizationOfIntangibleAssets' xlink:type='locator' />
<link:loc xlink:href='../elts/us-gaap-2013-01-31.xsd#us-gaap_AmortizationOfFinancingCosts' xlink:label='loc_AmortizationOfFinancingCosts' xlink:type='locator' />
<link:loc xlink:href='../elts/us-gaap-2013-01-31.xsd#us-gaap_AmortizationOfMortgageServicingRightsMSRs' xlink:label='loc_AmortizationOfMortgageServicingRightsMSRs' xlink:type='locator' />
<link:loc xlink:href='../elts/us-gaap-2013-01-31.xsd#us-gaap_AmortizationOfAcquisitionCosts' xlink:label='loc_AmortizationOfAcquisitionCosts' xlink:type='locator' />
<link:loc xlink:href='../elts/us-gaap-2013-01-31.xsd#us-gaap_AmortizationOfDeferredLeasingFees' xlink:label='loc_AmortizationOfDeferredLeasingFees' xlink:type='locator' />
<link:loc xlink:href='../elts/us-gaap-2013-01-31.xsd#us-gaap_OtherAmortizationOfDeferredCharges' xlink:label='loc_OtherAmortizationOfDeferredCharges' xlink:type='locator' />
<link:loc xlink:href='../elts/us-gaap-2013-01-31.xsd#us-gaap_DepreciationNonproduction' xlink:label='loc_DepreciationNonproduction' xlink:type='locator' />
<link:loc xlink:href='../elts/us-gaap-2013-01-31.xsd#us-gaap_OtherDepreciationAndAmortization' xlink:label='loc_OtherDepreciationAndAmortization' xlink:type='locator' />
<link:loc xlink:href='../elts/us-gaap-2013-01-31.xsd#us-gaap_RecapitalizationCosts' xlink:label='loc_RecapitalizationCosts' xlink:type='locator' />
<link:loc xlink:href='../elts/us-gaap-2013-01-31.xsd#us-gaap_RestructuringSettlementAndImpairmentProvisions' xlink:label='loc_RestructuringSettlementAndImpairmentProvisions' xlink:type='locator' />
<link:loc xlink:href='../elts/us-gaap-2013-01-31.xsd#us-gaap_RestructuringCharges' xlink:label='loc_RestructuringCharges' xlink:type='locator' />
<link:loc xlink:href='../elts/us-gaap-2013-01-31.xsd#us-gaap_BusinessExitCosts1' xlink:label='loc_BusinessExitCosts1' xlink:type='locator' />
<link:loc xlink:href='../elts/us-gaap-2013-01-31.xsd#us-gaap_SeveranceCosts1' xlink:label='loc_SeveranceCosts1' xlink:type='locator' />
<link:loc xlink:href='../elts/us-gaap-2013-01-31.xsd#us-gaap_OtherRestructuringCosts' xlink:label='loc_OtherRestructuringCosts' xlink:type='locator' />
<link:loc xlink:href='../elts/us-gaap-2013-01-31.xsd#us-gaap_BusinessCombinationAcquisitionRelatedCosts' xlink:label='loc_BusinessCombinationAcquisitionRelatedCosts' xlink:type='locator' />
<link:loc xlink:href='../elts/us-gaap-2013-01-31.xsd#us-gaap_DefinedBenefitPlanRecognizedNetGainLossDueToSettlements1' xlink:label='loc_DefinedBenefitPlanRecognizedNetGainLossDueToSettlements1' xlink:type='locator' />
<link:loc xlink:href='../elts/us-gaap-2013-01-31.xsd#us-gaap_EnvironmentalRemediationExpense' xlink:label='loc_EnvironmentalRemediationExpense' xlink:type='locator' />
<link:loc xlink:href='../elts/us-gaap-2013-01-31.xsd#us-gaap_AssetImpairmentCharges' xlink:label='loc_AssetImpairmentCharges' xlink:type='locator' />
<link:loc xlink:href='../elts/us-gaap-2013-01-31.xsd#us-gaap_ImpairmentOfLongLivedAssetsToBeDisposedOf' xlink:label='loc_ImpairmentOfLongLivedAssetsToBeDisposedOf' xlink:type='locator' />
<link:loc xlink:href='../elts/us-gaap-2013-01-31.xsd#us-gaap_ImpairmentOfLongLivedAssetsHeldForUse' xlink:label='loc_ImpairmentOfLongLivedAssetsHeldForUse' xlink:type='locator' />
<link:loc xlink:href='../elts/us-gaap-2013-01-31.xsd#us-gaap_ImpairmentOfIntangibleAssetsIndefinitelivedExcludingGoodwill' xlink:label='loc_ImpairmentOfIntangibleAssetsIndefinitelivedExcludingGoodwill' xlink:type='locator' />
<link:loc xlink:href='../elts/us-gaap-2013-01-31.xsd#us-gaap_GoodwillImpairmentLoss' xlink:label='loc_GoodwillImpairmentLoss' xlink:type='locator' />
<link:loc xlink:href='../elts/us-gaap-2013-01-31.xsd#us-gaap_ImpairmentOfRealEstate' xlink:label='loc_ImpairmentOfRealEstate' xlink:type='locator' />
<link:loc xlink:href='../elts/us-gaap-2013-01-31.xsd#us-gaap_ImpairmentOfRetainedInterest' xlink:label='loc_ImpairmentOfRetainedInterest' xlink:type='locator' />
<link:loc xlink:href='../elts/us-gaap-2013-01-31.xsd#us-gaap_ImpairmentLossesRelatedToRealEstatePartnerships' xlink:label='loc_ImpairmentLossesRelatedToRealEstatePartnerships' xlink:type='locator' />
<link:loc xlink:href='../elts/us-gaap-2013-01-31.xsd#us-gaap_DisposalGroupNotDiscontinuedOperationLossGainOnWriteDown' xlink:label='loc_DisposalGroupNotDiscontinuedOperationLossGainOnWriteDown' xlink:type='locator' />
<link:loc xlink:href='../elts/us-gaap-2013-01-31.xsd#us-gaap_OtherAssetImpairmentCharges' xlink:label='loc_OtherAssetImpairmentCharges' xlink:type='locator' />
<link:loc xlink:href='../elts/us-gaap-2013-01-31.xsd#us-gaap_ImpairmentOfIntangibleAssetsFinitelived' xlink:label='loc_ImpairmentOfIntangibleAssetsFinitelived' xlink:type='locator' />
<link:loc xlink:href='../elts/us-gaap-2013-01-31.xsd#us-gaap_OtherThanTemporaryImpairmentLossesInvestmentsPortionRecognizedInEarningsNet' xlink:label='loc_OtherThanTemporaryImpairmentLossesInvestmentsPortionRecognizedInEarningsNet' xlink:type='locator' />
<link:loc xlink:href='../elts/us-gaap-2013-01-31.xsd#us-gaap_OtherNonrecurringIncomeExpense' xlink:label='loc_OtherNonrecurringIncomeExpense' xlink:type='locator' />
<link:loc xlink:href='../elts/us-gaap-2013-01-31.xsd#us-gaap_OtherNonrecurringIncome' xlink:label='loc_OtherNonrecurringIncome' xlink:type='locator' />
<link:loc xlink:href='../elts/us-gaap-2013-01-31.xsd#us-gaap_OtherNonrecurringExpense' xlink:label='loc_OtherNonrecurringExpense' xlink:type='locator' />
<link:loc xlink:href='../elts/us-gaap-2013-01-31.xsd#us-gaap_GainLossRelatedToLitigationSettlement' xlink:label='loc_GainLossRelatedToLitigationSettlement' xlink:type='locator' />
<link:loc xlink:href='../elts/us-gaap-2013-01-31.xsd#us-gaap_LegalFees' xlink:label='loc_LegalFees' xlink:type='locator' />
<link:loc xlink:href='../elts/us-gaap-2013-01-31.xsd#us-gaap_UnsolicitedTenderOfferCosts' xlink:label='loc_UnsolicitedTenderOfferCosts' xlink:type='locator' />
<link:loc xlink:href='../elts/us-gaap-2013-01-31.xsd#us-gaap_ProvisionForDoubtfulAccounts' xlink:label='loc_ProvisionForDoubtfulAccounts' xlink:type='locator' />
<link:loc xlink:href='../elts/us-gaap-2013-01-31.xsd#us-gaap_OtherCostAndExpenseOperating' xlink:label='loc_OtherCostAndExpenseOperating' xlink:type='locator' />
<link:loc xlink:href='../elts/us-gaap-2013-01-31.xsd#us-gaap_BusinessCombinationIntegrationRelatedCosts' xlink:label='loc_BusinessCombinationIntegrationRelatedCosts' xlink:type='locator' />
<link:loc xlink:href='../elts/us-gaap-2013-01-31.xsd#us-gaap_DeferredPolicyAcquisitionCostAmortizationExpense' xlink:label='loc_DeferredPolicyAcquisitionCostAmortizationExpense' xlink:type='locator' />
<link:loc xlink:href='../elts/us-gaap-2013-01-31.xsd#us-gaap_AmortizationOfValueOfBusinessAcquiredVOBA' xlink:label='loc_AmortizationOfValueOfBusinessAcquiredVOBA' xlink:type='locator' />
<link:loc xlink:href='../elts/us-gaap-2013-01-31.xsd#us-gaap_ContractAdministrationExpense' xlink:label='loc_ContractAdministrationExpense' xlink:type='locator' />
<link:loc xlink:href='../elts/us-gaap-2013-01-31.xsd#us-gaap_BenefitClaimsInExcessOfRelatedPolicyholderBalances' xlink:label='loc_BenefitClaimsInExcessOfRelatedPolicyholderBalances' xlink:type='locator' />
<link:loc xlink:href='../elts/us-gaap-2013-01-31.xsd#us-gaap_Revenues' xlink:label='loc_Revenues' xlink:type='locator' />
<link:loc xlink:href='../elts/us-gaap-2013-01-31.xsd#us-gaap_PremiumsEarnedNet' xlink:label='loc_PremiumsEarnedNet' xlink:type='locator' />
<link:loc xlink:href='../elts/us-gaap-2013-01-31.xsd#us-gaap_PremiumsEarnedNetPropertyAndCasualty' xlink:label='loc_PremiumsEarnedNetPropertyAndCasualty' xlink:type='locator' />
<link:loc xlink:href='../elts/us-gaap-2013-01-31.xsd#us-gaap_PremiumsEarnedNetLife' xlink:label='loc_PremiumsEarnedNetLife' xlink:type='locator' />
<link:loc xlink:href='../elts/us-gaap-2013-01-31.xsd#us-gaap_PremiumsEarnedNetAccidentAndHealth' xlink:label='loc_PremiumsEarnedNetAccidentAndHealth' xlink:type='locator' />
<link:loc xlink:href='../elts/us-gaap-2013-01-31.xsd#us-gaap_PremiumsEarnedNetFinancialGuaranteeInsuranceContracts' xlink:label='loc_PremiumsEarnedNetFinancialGuaranteeInsuranceContracts' xlink:type='locator' />
<link:loc xlink:href='../elts/us-gaap-2013-01-31.xsd#us-gaap_PremiumsEarnedNetOtherInsurance' xlink:label='loc_PremiumsEarnedNetOtherInsurance' xlink:type='locator' />
<link:loc xlink:href='../elts/us-gaap-2013-01-31.xsd#us-gaap_FeesAndCommissions' xlink:label='loc_FeesAndCommissions' xlink:type='locator' />
<link:loc xlink:href='../elts/us-gaap-2013-01-31.xsd#us-gaap_NetInvestmentIncome' xlink:label='loc_NetInvestmentIncome' xlink:type='locator' />
<link:loc xlink:href='../elts/us-gaap-2013-01-31.xsd#us-gaap_GrossInvestmentIncomeOperating' xlink:label='loc_GrossInvestmentIncomeOperating' xlink:type='locator' />
<link:loc xlink:href='../elts/us-gaap-2013-01-31.xsd#us-gaap_InvestmentIncomeInvestmentExpense' xlink:label='loc_InvestmentIncomeInvestmentExpense' xlink:type='locator' />
<link:loc xlink:href='../elts/us-gaap-2013-01-31.xsd#us-gaap_GainLossOnInvestmentsExcludingOtherThanTemporaryImpairments' xlink:label='loc_GainLossOnInvestmentsExcludingOtherThanTemporaryImpairments' xlink:type='locator' />
<link:loc xlink:href='../elts/us-gaap-2013-01-31.xsd#us-gaap_CostmethodInvestmentsRealizedGainLossExcludingOtherThanTemporaryImpairments' xlink:label='loc_CostmethodInvestmentsRealizedGainLossExcludingOtherThanTemporaryImpairments' xlink:type='locator' />
<link:loc xlink:href='../elts/us-gaap-2013-01-31.xsd#us-gaap_MarketableSecuritiesGainLossExcludingOtherThanTemporaryImpairments' xlink:label='loc_MarketableSecuritiesGainLossExcludingOtherThanTemporaryImpairments' xlink:type='locator' />
<link:loc xlink:href='../elts/us-gaap-2013-01-31.xsd#us-gaap_MarketableSecuritiesUnrealizedGainLossExcludingOtherThanTemporaryImpairments' xlink:label='loc_MarketableSecuritiesUnrealizedGainLossExcludingOtherThanTemporaryImpairments' xlink:type='locator' />
<link:loc xlink:href='../elts/us-gaap-2013-01-31.xsd#us-gaap_TradingSecuritiesUnrealizedHoldingGainLoss' xlink:label='loc_TradingSecuritiesUnrealizedHoldingGainLoss' xlink:type='locator' />
<link:loc xlink:href='../elts/us-gaap-2013-01-31.xsd#us-gaap_AvailableforsaleSecuritiesTransfersToTradingGainsLossesExcludingOtherThanTemporaryImpairments' xlink:label='loc_AvailableforsaleSecuritiesTransfersToTradingGainsLossesExcludingOtherThanTemporaryImpairments' xlink:type='locator' />
<link:loc xlink:href='../elts/us-gaap-2013-01-31.xsd#us-gaap_HeldtomaturitySecuritiesTransferredToTradingSecuritiesUnrealizedGainLossExcludingOtherThanTemporaryImpairments' xlink:label='loc_HeldtomaturitySecuritiesTransferredToTradingSecuritiesUnrealizedGainLossExcludingOtherThanTemporaryImpairments' xlink:type='locator' />
<link:loc xlink:href='../elts/us-gaap-2013-01-31.xsd#us-gaap_MarketableSecuritiesRealizedGainLossExcludingOtherThanTemporaryImpairments' xlink:label='loc_MarketableSecuritiesRealizedGainLossExcludingOtherThanTemporaryImpairments' xlink:type='locator' />
<link:loc xlink:href='../elts/us-gaap-2013-01-31.xsd#us-gaap_TradingSecuritiesRealizedGainLoss' xlink:label='loc_TradingSecuritiesRealizedGainLoss' xlink:type='locator' />
<link:loc xlink:href='../elts/us-gaap-2013-01-31.xsd#us-gaap_AvailableforsaleSecuritiesGrossRealizedGainLossExcludingOtherThanTemporaryImpairments' xlink:label='loc_AvailableforsaleSecuritiesGrossRealizedGainLossExcludingOtherThanTemporaryImpairments' xlink:type='locator' />
<link:loc xlink:href='../elts/us-gaap-2013-01-31.xsd#us-gaap_HeldtomaturitySecuritiesSoldSecurityRealizedGainLossExcludingOtherThanTemporaryImpairments' xlink:label='loc_HeldtomaturitySecuritiesSoldSecurityRealizedGainLossExcludingOtherThanTemporaryImpairments' xlink:type='locator' />
<link:loc xlink:href='../elts/us-gaap-2013-01-31.xsd#us-gaap_RealizedInvestmentGainsLosses' xlink:label='loc_RealizedInvestmentGainsLosses' xlink:type='locator' />
<link:loc xlink:href='../elts/us-gaap-2013-01-31.xsd#us-gaap_GainLossOnSecuritizationOfFinancialAssets' xlink:label='loc_GainLossOnSecuritizationOfFinancialAssets' xlink:type='locator' />
<link:loc xlink:href='../elts/us-gaap-2013-01-31.xsd#us-gaap_GainLossOnSaleOfSecuritiesNet' xlink:label='loc_GainLossOnSaleOfSecuritiesNet' xlink:type='locator' />
<link:loc xlink:href='../elts/us-gaap-2013-01-31.xsd#us-gaap_GainLossOnSalesOfLoansNet' xlink:label='loc_GainLossOnSalesOfLoansNet' xlink:type='locator' />
<link:loc xlink:href='../elts/us-gaap-2013-01-31.xsd#us-gaap_GainLossOnSaleOfCapitalLeasesNet' xlink:label='loc_GainLossOnSaleOfCapitalLeasesNet' xlink:type='locator' />
<link:loc xlink:href='../elts/us-gaap-2013-01-31.xsd#us-gaap_GainLossOnSaleOfLeasedAssetsNetOperatingLeases' xlink:label='loc_GainLossOnSaleOfLeasedAssetsNetOperatingLeases' xlink:type='locator' />
<link:loc xlink:href='../elts/us-gaap-2013-01-31.xsd#us-gaap_GainsLossesOnSalesOfInvestmentRealEstate' xlink:label='loc_GainsLossesOnSalesOfInvestmentRealEstate' xlink:type='locator' />
<link:loc xlink:href='../elts/us-gaap-2013-01-31.xsd#us-gaap_GainLossOnSaleOfOtherAssets' xlink:label='loc_GainLossOnSaleOfOtherAssets' xlink:type='locator' />
<link:loc xlink:href='../elts/us-gaap-2013-01-31.xsd#us-gaap_OtherIncome' xlink:label='loc_OtherIncome' xlink:type='locator' />
<link:loc xlink:href='../elts/us-gaap-2013-01-31.xsd#us-gaap_OtherNonoperatingIncomeExpense' xlink:label='loc_OtherNonoperatingIncomeExpense' xlink:type='locator' />
<link:loc xlink:href='../elts/us-gaap-2013-01-31.xsd#us-gaap_OtherNonoperatingIncome' xlink:label='loc_OtherNonoperatingIncome' xlink:type='locator' />
<link:loc xlink:href='../elts/us-gaap-2013-01-31.xsd#us-gaap_OtherNonoperatingExpense' xlink:label='loc_OtherNonoperatingExpense' xlink:type='locator' />
<link:loc xlink:href='../elts/us-gaap-2013-01-31.xsd#us-gaap_GainLossOnSaleOfStockInSubsidiaryOrEquityMethodInvestee' xlink:label='loc_GainLossOnSaleOfStockInSubsidiaryOrEquityMethodInvestee' xlink:type='locator' />
<link:loc xlink:href='../elts/us-gaap-2013-01-31.xsd#us-gaap_EquityMethodInvestmentRealizedGainLossOnDisposal' xlink:label='loc_EquityMethodInvestmentRealizedGainLossOnDisposal' xlink:type='locator' />
<link:loc xlink:href='../elts/us-gaap-2013-01-31.xsd#us-gaap_GainOrLossOnSaleOfStockInSubsidiary' xlink:label='loc_GainOrLossOnSaleOfStockInSubsidiary' xlink:type='locator' />
<link:loc xlink:href='../elts/us-gaap-2013-01-31.xsd#us-gaap_GainLossOnSaleOfPreviouslyUnissuedStockBySubsidiaryOrEquityInvesteeNonoperatingIncome' xlink:label='loc_GainLossOnSaleOfPreviouslyUnissuedStockBySubsidiaryOrEquityInvesteeNonoperatingIncome' xlink:type='locator' />
<link:loc xlink:href='../elts/us-gaap-2013-01-31.xsd#us-gaap_GainOrLossOnSaleOfPreviouslyUnissuedStockBySubsidiary' xlink:label='loc_GainOrLossOnSaleOfPreviouslyUnissuedStockBySubsidiary' xlink:type='locator' />
<link:loc xlink:href='../elts/us-gaap-2013-01-31.xsd#us-gaap_GainOrLossOnSaleOfPreviouslyUnissuedStockByEquityInvestee' xlink:label='loc_GainOrLossOnSaleOfPreviouslyUnissuedStockByEquityInvestee' xlink:type='locator' />
<link:loc xlink:href='../elts/us-gaap-2013-01-31.xsd#us-gaap_IncomeTaxExpenseBenefit' xlink:label='loc_IncomeTaxExpenseBenefit' xlink:type='locator' />
<link:loc xlink:href='../elts/us-gaap-2013-01-31.xsd#us-gaap_IncomeLossFromEquityMethodInvestments' xlink:label='loc_IncomeLossFromEquityMethodInvestments' xlink:type='locator' />
<link:loc xlink:href='../elts/us-gaap-2013-01-31.xsd#us-gaap_IncomeLossFromContinuingOperationsAttributableToNoncontrollingEntity' xlink:label='loc_IncomeLossFromContinuingOperationsAttributableToNoncontrollingEntity' xlink:type='locator' />
<link:loc xlink:href='../elts/us-gaap-2013-01-31.xsd#us-gaap_IncomeLossFromDiscontinuedOperationsNetOfTaxAttributableToReportingEntity' xlink:label='loc_IncomeLossFromDiscontinuedOperationsNetOfTaxAttributableToReportingEntity' xlink:type='locator' />
<link:loc xlink:href='../elts/us-gaap-2013-01-31.xsd#us-gaap_IncomeLossFromDiscontinuedOperationsNetOfTax' xlink:label='loc_IncomeLossFromDiscontinuedOperationsNetOfTax' xlink:type='locator' />
<link:loc xlink:href='../elts/us-gaap-2013-01-31.xsd#us-gaap_DiscontinuedOperationTaxEffectOfDiscontinuedOperation' xlink:label='loc_DiscontinuedOperationTaxEffectOfDiscontinuedOperation' xlink:type='locator' />
<link:loc xlink:href='../elts/us-gaap-2013-01-31.xsd#us-gaap_DiscontinuedOperationIncomeLossFromDiscontinuedOperationBeforeIncomeTax' xlink:label='loc_DiscontinuedOperationIncomeLossFromDiscontinuedOperationBeforeIncomeTax' xlink:type='locator' />
<link:loc xlink:href='../elts/us-gaap-2013-01-31.xsd#us-gaap_IncomeLossFromDiscontinuedOperationsNetOfTaxAttributableToNoncontrollingInterest' xlink:label='loc_IncomeLossFromDiscontinuedOperationsNetOfTaxAttributableToNoncontrollingInterest' xlink:type='locator' />
<link:loc xlink:href='../elts/us-gaap-2013-01-31.xsd#us-gaap_NetIncomeLossAvailableToCommonStockholdersBasic' xlink:label='loc_NetIncomeLossAvailableToCommonStockholdersBasic' xlink:type='locator' />
<link:loc xlink:href='../elts/us-gaap-2013-01-31.xsd#us-gaap_NetIncomeLoss' xlink:label='loc_NetIncomeLoss' xlink:type='locator' />
<link:loc xlink:href='../elts/us-gaap-2013-01-31.xsd#us-gaap_ProfitLoss' xlink:label='loc_ProfitLoss' xlink:type='locator' />
<link:loc xlink:href='../elts/us-gaap-2013-01-31.xsd#us-gaap_IncomeLossBeforeExtraordinaryItemsAndCumulativeEffectOfChangeInAccountingPrinciple' xlink:label='loc_IncomeLossBeforeExtraordinaryItemsAndCumulativeEffectOfChangeInAccountingPrinciple' xlink:type='locator' />
<link:loc xlink:href='../elts/us-gaap-2013-01-31.xsd#us-gaap_NetIncomeLossAttributableToNoncontrollingInterest' xlink:label='loc_NetIncomeLossAttributableToNoncontrollingInterest' xlink:type='locator' />
<link:loc xlink:href='../elts/us-gaap-2013-01-31.xsd#us-gaap_NetIncomeLossAttributableToNonredeemableNoncontrollingInterest' xlink:label='loc_NetIncomeLossAttributableToNonredeemableNoncontrollingInterest' xlink:type='locator' />
<link:loc xlink:href='../elts/us-gaap-2013-01-31.xsd#us-gaap_NoncontrollingInterestInNetIncomeLossJointVenturePartnersNonredeemable' xlink:label='loc_NoncontrollingInterestInNetIncomeLossJointVenturePartnersNonredeemable' xlink:type='locator' />
<link:loc xlink:href='../elts/us-gaap-2013-01-31.xsd#us-gaap_NoncontrollingInterestInNetIncomeLossLimitedPartnershipsNonredeemable' xlink:label='loc_NoncontrollingInterestInNetIncomeLossLimitedPartnershipsNonredeemable' xlink:type='locator' />
<link:loc xlink:href='../elts/us-gaap-2013-01-31.xsd#us-gaap_NoncontrollingInterestInNetIncomeLossOperatingPartnershipsNonredeemable' xlink:label='loc_NoncontrollingInterestInNetIncomeLossOperatingPartnershipsNonredeemable' xlink:type='locator' />
<link:loc xlink:href='../elts/us-gaap-2013-01-31.xsd#us-gaap_NoncontrollingInterestInNetIncomeLossOtherNoncontrollingInterestsNonredeemable' xlink:label='loc_NoncontrollingInterestInNetIncomeLossOtherNoncontrollingInterestsNonredeemable' xlink:type='locator' />
<link:loc xlink:href='../elts/us-gaap-2013-01-31.xsd#us-gaap_NoncontrollingInterestInNetIncomeLossPreferredUnitHoldersNonredeemable' xlink:label='loc_NoncontrollingInterestInNetIncomeLossPreferredUnitHoldersNonredeemable' xlink:type='locator' />
<link:loc xlink:href='../elts/us-gaap-2013-01-31.xsd#us-gaap_NetIncomeLossAttributableToRedeemableNoncontrollingInterest' xlink:label='loc_NetIncomeLossAttributableToRedeemableNoncontrollingInterest' xlink:type='locator' />
<link:loc xlink:href='../elts/us-gaap-2013-01-31.xsd#us-gaap_NoncontrollingInterestInNetIncomeLossJointVenturePartnersRedeemable' xlink:label='loc_NoncontrollingInterestInNetIncomeLossJointVenturePartnersRedeemable' xlink:type='locator' />
<link:loc xlink:href='../elts/us-gaap-2013-01-31.xsd#us-gaap_NoncontrollingInterestInNetIncomeLossLimitedPartnershipsRedeemable' xlink:label='loc_NoncontrollingInterestInNetIncomeLossLimitedPartnershipsRedeemable' xlink:type='locator' />
<link:loc xlink:href='../elts/us-gaap-2013-01-31.xsd#us-gaap_NoncontrollingInterestInNetIncomeLossOperatingPartnershipsRedeemable' xlink:label='loc_NoncontrollingInterestInNetIncomeLossOperatingPartnershipsRedeemable' xlink:type='locator' />
<link:loc xlink:href='../elts/us-gaap-2013-01-31.xsd#us-gaap_NoncontrollingInterestInNetIncomeLossOtherNoncontrollingInterestsRedeemable' xlink:label='loc_NoncontrollingInterestInNetIncomeLossOtherNoncontrollingInterestsRedeemable' xlink:type='locator' />
<link:loc xlink:href='../elts/us-gaap-2013-01-31.xsd#us-gaap_NoncontrollingInterestInNetIncomeLossPreferredUnitHoldersRedeemable' xlink:label='loc_NoncontrollingInterestInNetIncomeLossPreferredUnitHoldersRedeemable' xlink:type='locator' />
<link:loc xlink:href='../elts/us-gaap-2013-01-31.xsd#us-gaap_PreferredStockDividendsAndOtherAdjustments' xlink:label='loc_PreferredStockDividendsAndOtherAdjustments' xlink:type='locator' />
<link:loc xlink:href='../elts/us-gaap-2013-01-31.xsd#us-gaap_PreferredStockDividendsIncomeStatementImpact' xlink:label='loc_PreferredStockDividendsIncomeStatementImpact' xlink:type='locator' />
<link:loc xlink:href='../elts/us-gaap-2013-01-31.xsd#us-gaap_RedeemablePreferredStockDividends' xlink:label='loc_RedeemablePreferredStockDividends' xlink:type='locator' />
<link:loc xlink:href='../elts/us-gaap-2013-01-31.xsd#us-gaap_ConvertiblePreferredStockConvertedToOtherSecurities' xlink:label='loc_ConvertiblePreferredStockConvertedToOtherSecurities' xlink:type='locator' />
<link:loc xlink:href='../elts/us-gaap-2013-01-31.xsd#us-gaap_PreferredStockRedemptionPremium' xlink:label='loc_PreferredStockRedemptionPremium' xlink:type='locator' />
<link:loc xlink:href='../elts/us-gaap-2013-01-31.xsd#us-gaap_PreferredStockRedemptionDiscount' xlink:label='loc_PreferredStockRedemptionDiscount' xlink:type='locator' />
<link:loc xlink:href='../elts/us-gaap-2013-01-31.xsd#us-gaap_PreferredStockConversionsInducements' xlink:label='loc_PreferredStockConversionsInducements' xlink:type='locator' />
<link:loc xlink:href='../elts/us-gaap-2013-01-31.xsd#us-gaap_TemporaryEquityDividendsAdjustment' xlink:label='loc_TemporaryEquityDividendsAdjustment' xlink:type='locator' />
<link:loc xlink:href='../elts/us-gaap-2013-01-31.xsd#us-gaap_TemporaryEquityAccretionToRedemptionValueAdjustment' xlink:label='loc_TemporaryEquityAccretionToRedemptionValueAdjustment' xlink:type='locator' />
<link:loc xlink:href='../elts/us-gaap-2013-01-31.xsd#us-gaap_GeneralPartnerDistributions' xlink:label='loc_GeneralPartnerDistributions' xlink:type='locator' />
<link:loc xlink:href='../elts/us-gaap-2013-01-31.xsd#us-gaap_OtherPreferredStockDividendsAndAdjustments' xlink:label='loc_OtherPreferredStockDividendsAndAdjustments' xlink:type='locator' />
<link:calculationArc order='10' weight='1.0' xlink:arcrole='http://www.xbrl.org/2003/arcrole/summation-item' xlink:from='loc_DiscontinuedOperationAmountOfAdjustmentToPriorPeriodGainLossOnDisposalNetOfTax' xlink:to='loc_DiscontinuedOperationAmountOfAdjustmentToPriorPeriodGainLossOnDisposalBeforeIncomeTax' xlink:type='arc' />
<link:calculationArc order='20' weight='-1.0' xlink:arcrole='http://www.xbrl.org/2003/arcrole/summation-item' xlink:from='loc_DiscontinuedOperationAmountOfAdjustmentToPriorPeriodGainLossOnDisposalNetOfTax' xlink:to='loc_DiscontinuedOperationTaxEffectOfAdjustmentToPriorPeriodGainLossOnDisposal' xlink:type='arc' />
<link:calculationArc order='10' weight='1.0' xlink:arcrole='http://www.xbrl.org/2003/arcrole/summation-item' xlink:from='loc_DiscontinuedOperationAmountOfOtherIncomeLossFromDispositionOfDiscontinuedOperationNetOfTax' xlink:to='loc_DiscontinuedOperationAmountOfOtherIncomeLossFromDispositionOfDiscontinuedOperationsBeforeIncomeTax' xlink:type='arc' />
<link:calculationArc order='20' weight='-1.0' xlink:arcrole='http://www.xbrl.org/2003/arcrole/summation-item' xlink:from='loc_DiscontinuedOperationAmountOfOtherIncomeLossFromDispositionOfDiscontinuedOperationNetOfTax' xlink:to='loc_DiscontinuedOperationTaxEffectOfOtherIncomeLossFromDispositionOfDiscontinuedOperation' xlink:type='arc' />
<link:calculationArc order='10' weight='1.0' xlink:arcrole='http://www.xbrl.org/2003/arcrole/summation-item' xlink:from='loc_DiscontinuedOperationGainLossOnDisposalOfDiscontinuedOperationNetOfTax' xlink:to='loc_DiscontinuedOperationGainLossFromDisposalOfDiscontinuedOperationBeforeIncomeTax' xlink:type='arc' />
<link:calculationArc order='20' weight='-1.0' xlink:arcrole='http://www.xbrl.org/2003/arcrole/summation-item' xlink:from='loc_DiscontinuedOperationGainLossOnDisposalOfDiscontinuedOperationNetOfTax' xlink:to='loc_DiscontinuedOperationTaxEffectOfIncomeLossFromDisposalOfDiscontinuedOperation' xlink:type='arc' />
<link:calculationArc order='10' weight='1.0' xlink:arcrole='http://www.xbrl.org/2003/arcrole/summation-item' xlink:from='loc_DiscontinuedOperationIncomeLossFromDiscontinuedOperationDuringPhaseOutPeriodNetOfTax' xlink:to='loc_DiscontinuedOperationIncomeLossFromDiscontinuedOperationDuringPhaseOutPeriodBeforeIncomeTax' xlink:type='arc' />
<link:calculationArc order='20' weight='-1.0' xlink:arcrole='http://www.xbrl.org/2003/arcrole/summation-item' xlink:from='loc_DiscontinuedOperationIncomeLossFromDiscontinuedOperationDuringPhaseOutPeriodNetOfTax' xlink:to='loc_DiscontinuedOperationTaxEffectOfIncomeLossFromDiscontinuedOperationDuringPhaseOutPeriod' xlink:type='arc' />
<link:calculationArc order='10' weight='1.0' xlink:arcrole='http://www.xbrl.org/2003/arcrole/summation-item' xlink:from='loc_DiscontinuedOperationProvisionForLossGainOnDisposalNetOfTax' xlink:to='loc_DiscontinuedOperationProvisionForLossGainOnDisposalBeforeIncomeTax' xlink:type='arc' />
<link:calculationArc order='20' weight='-1.0' xlink:arcrole='http://www.xbrl.org/2003/arcrole/summation-item' xlink:from='loc_DiscontinuedOperationProvisionForLossGainOnDisposalNetOfTax' xlink:to='loc_DiscontinuedOperationTaxExpenseBenefitFromProvisionForGainLossOnDisposal' xlink:type='arc' />
<link:calculationArc order='10' weight='1.0' xlink:arcrole='http://www.xbrl.org/2003/arcrole/summation-item' xlink:from='loc_EarningsPerShareBasic' xlink:to='loc_IncomeLossFromExtraordinaryItemsNetOfTaxPerBasicShare' xlink:type='arc' />
<link:calculationArc order='20' weight='1.0' xlink:arcrole='http://www.xbrl.org/2003/arcrole/summation-item' xlink:from='loc_EarningsPerShareBasic' xlink:to='loc_IncomeLossBeforeExtraordinaryItemsAndCumulativeEffectOfChangeInAccountingPrinciplePerBasicShare' xlink:type='arc' />
<link:calculationArc order='10' weight='1.0' xlink:arcrole='http://www.xbrl.org/2003/arcrole/summation-item' xlink:from='loc_IncomeLossBeforeExtraordinaryItemsAndCumulativeEffectOfChangeInAccountingPrinciplePerBasicShare' xlink:to='loc_IncomeLossFromContinuingOperationsPerBasicShare' xlink:type='arc' />
<link:calculationArc order='20' weight='1.0' xlink:arcrole='http://www.xbrl.org/2003/arcrole/summation-item' xlink:from='loc_IncomeLossBeforeExtraordinaryItemsAndCumulativeEffectOfChangeInAccountingPrinciplePerBasicShare' xlink:to='loc_IncomeLossFromDiscontinuedOperationsNetOfTaxPerBasicShare' xlink:type='arc' />
<link:calculationArc order='10' weight='1.0' xlink:arcrole='http://www.xbrl.org/2003/arcrole/summation-item' xlink:from='loc_IncomeLossFromDiscontinuedOperationsNetOfTaxPerBasicShare' xlink:to='loc_DiscontinuedOperationIncomeLossFromDiscontinuedOperationNetOfTaxPerBasicShare' xlink:type='arc' />
<link:calculationArc order='20' weight='1.0' xlink:arcrole='http://www.xbrl.org/2003/arcrole/summation-item' xlink:from='loc_IncomeLossFromDiscontinuedOperationsNetOfTaxPerBasicShare' xlink:to='loc_DiscontinuedOperationGainLossOnDisposalOfDiscontinuedOperationNetOfTaxPerBasicShare' xlink:type='arc' />
<link:calculationArc order='10' weight='1.0' xlink:arcrole='http://www.xbrl.org/2003/arcrole/summation-item' xlink:from='loc_EarningsPerShareBasicAndDiluted' xlink:to='loc_IncomeLossFromExtraordinaryItemsNetOfTaxPerBasicAndDilutedShare' xlink:type='arc' />
<link:calculationArc order='20' weight='1.0' xlink:arcrole='http://www.xbrl.org/2003/arcrole/summation-item' xlink:from='loc_EarningsPerShareBasicAndDiluted' xlink:to='loc_IncomeLossFromOperationsBeforeExtraordinaryItemsPerBasicAndDilutedShare' xlink:type='arc' />
<link:calculationArc order='10' weight='1.0' xlink:arcrole='http://www.xbrl.org/2003/arcrole/summation-item' xlink:from='loc_IncomeLossFromOperationsBeforeExtraordinaryItemsPerBasicAndDilutedShare' xlink:to='loc_IncomeLossFromContinuingOperationsPerBasicAndDilutedShare' xlink:type='arc' />
<link:calculationArc order='20' weight='1.0' xlink:arcrole='http://www.xbrl.org/2003/arcrole/summation-item' xlink:from='loc_IncomeLossFromOperationsBeforeExtraordinaryItemsPerBasicAndDilutedShare' xlink:to='loc_IncomeLossFromDiscontinuedOperationsNetOfTaxPerBasicAndDilutedShare' xlink:type='arc' />
<link:calculationArc order='10' weight='1.0' xlink:arcrole='http://www.xbrl.org/2003/arcrole/summation-item' xlink:from='loc_IncomeLossFromDiscontinuedOperationsNetOfTaxPerBasicAndDilutedShare' xlink:to='loc_DiscontinuedOperationIncomeLossFromDiscontinuedOperationNetOfTaxPerBasicAndDilutedShare' xlink:type='arc' />
<link:calculationArc order='20' weight='1.0' xlink:arcrole='http://www.xbrl.org/2003/arcrole/summation-item' xlink:from='loc_IncomeLossFromDiscontinuedOperationsNetOfTaxPerBasicAndDilutedShare' xlink:to='loc_DiscontinuedOperationGainLossOnDisposalOfDiscontinuedOperationNetOfTaxPerBasicAndDilutedShare' xlink:type='arc' />
<link:calculationArc order='10' weight='1.0' xlink:arcrole='http://www.xbrl.org/2003/arcrole/summation-item' xlink:from='loc_EarningsPerShareDiluted' xlink:to='loc_IncomeLossFromExtraordinaryItemsNetOfTaxPerDilutedShare' xlink:type='arc' />
<link:calculationArc order='20' weight='1.0' xlink:arcrole='http://www.xbrl.org/2003/arcrole/summation-item' xlink:from='loc_EarningsPerShareDiluted' xlink:to='loc_IncomeLossBeforeExtraordinaryItemsAndCumulativeEffectOfChangeInAccountingPrinciplePerDilutedShare' xlink:type='arc' />
<link:calculationArc order='10' weight='1.0' xlink:arcrole='http://www.xbrl.org/2003/arcrole/summation-item' xlink:from='loc_IncomeLossBeforeExtraordinaryItemsAndCumulativeEffectOfChangeInAccountingPrinciplePerDilutedShare' xlink:to='loc_IncomeLossFromContinuingOperationsPerDilutedShare' xlink:type='arc' />
<link:calculationArc order='20' weight='1.0' xlink:arcrole='http://www.xbrl.org/2003/arcrole/summation-item' xlink:from='loc_IncomeLossBeforeExtraordinaryItemsAndCumulativeEffectOfChangeInAccountingPrinciplePerDilutedShare' xlink:to='loc_IncomeLossFromDiscontinuedOperationsNetOfTaxPerDilutedShare' xlink:type='arc' />
<link:calculationArc order='10' weight='1.0' xlink:arcrole='http://www.xbrl.org/2003/arcrole/summation-item' xlink:from='loc_IncomeLossFromDiscontinuedOperationsNetOfTaxPerDilutedShare' xlink:to='loc_DiscontinuedOperationIncomeLossFromDiscontinuedOperationNetOfTaxPerDilutedShare' xlink:type='arc' />
<link:calculationArc order='20' weight='1.0' xlink:arcrole='http://www.xbrl.org/2003/arcrole/summation-item' xlink:from='loc_IncomeLossFromDiscontinuedOperationsNetOfTaxPerDilutedShare' xlink:to='loc_DiscontinuedOperationGainLossOnDisposalOfDiscontinuedOperationNetOfTaxPerDilutedShare' xlink:type='arc' />
<link:calculationArc order='10' weight='1.0' xlink:arcrole='http://www.xbrl.org/2003/arcrole/summation-item' xlink:from='loc_ExtraordinaryItemGainOrLossNetOfTaxAttributableToReportingEntity' xlink:to='loc_ExtraordinaryItemNetOfTax' xlink:type='arc' />
<link:calculationArc order='10' weight='1.0' xlink:arcrole='http://www.xbrl.org/2003/arcrole/summation-item' xlink:from='loc_ExtraordinaryItemNetOfTax' xlink:to='loc_ExtraordinaryItemsGross' xlink:type='arc' />
<link:calculationArc order='10' weight='1.0' xlink:arcrole='http://www.xbrl.org/2003/arcrole/summation-item' xlink:from='loc_ExtraordinaryItemsGross' xlink:to='loc_GainLossFromAdjustmentsToPriorPeriodExtraordinaryItems' xlink:type='arc' />
<link:calculationArc order='20' weight='1.0' xlink:arcrole='http://www.xbrl.org/2003/arcrole/summation-item' xlink:from='loc_ExtraordinaryItemsGross' xlink:to='loc_ExtraordinaryItemOfInvestee' xlink:type='arc' />
<link:calculationArc order='30' weight='1.0' xlink:arcrole='http://www.xbrl.org/2003/arcrole/summation-item' xlink:from='loc_ExtraordinaryItemsGross' xlink:to='loc_OtherExtraordinaryGainLoss' xlink:type='arc' />
<link:calculationArc order='20' weight='-1.0' xlink:arcrole='http://www.xbrl.org/2003/arcrole/summation-item' xlink:from='loc_ExtraordinaryItemNetOfTax' xlink:to='loc_TaxEffectOfExtraordinaryItem' xlink:type='arc' />
<link:calculationArc order='20' weight='-1.0' xlink:arcrole='http://www.xbrl.org/2003/arcrole/summation-item' xlink:from='loc_ExtraordinaryItemGainOrLossNetOfTaxAttributableToReportingEntity' xlink:to='loc_ExtraordinaryItemGainOrLossNetOfTaxAttributableToNoncontrollingInterest' xlink:type='arc' />
<link:calculationArc order='10' weight='1.0' xlink:arcrole='http://www.xbrl.org/2003/arcrole/summation-item' xlink:from='loc_IncomeLossFromContinuingOperations' xlink:to='loc_IncomeLossFromContinuingOperationsIncludingPortionAttributableToNoncontrollingInterest' xlink:type='arc' />
<link:calculationArc order='10' weight='1.0' xlink:arcrole='http://www.xbrl.org/2003/arcrole/summation-item' xlink:from='loc_IncomeLossFromContinuingOperationsIncludingPortionAttributableToNoncontrollingInterest' xlink:to='loc_IncomeLossFromContinuingOperationsBeforeIncomeTaxesMinorityInterestAndIncomeLossFromEquityMethodInvestments' xlink:type='arc' />
<link:calculationArc order='10' weight='1.0' xlink:arcrole='http://www.xbrl.org/2003/arcrole/summation-item' xlink:from='loc_IncomeLossFromContinuingOperationsBeforeIncomeTaxesMinorityInterestAndIncomeLossFromEquityMethodInvestments' xlink:to='loc_OperatingIncomeLoss' xlink:type='arc' />
<link:calculationArc order='10' weight='-1.0' xlink:arcrole='http://www.xbrl.org/2003/arcrole/summation-item' xlink:from='loc_OperatingIncomeLoss' xlink:to='loc_BenefitsLossesAndExpenses' xlink:type='arc' />
<link:calculationArc order='10' weight='1.0' xlink:arcrole='http://www.xbrl.org/2003/arcrole/summation-item' xlink:from='loc_BenefitsLossesAndExpenses' xlink:to='loc_PolicyholderBenefitsAndClaimsIncurredNet' xlink:type='arc' />
<link:calculationArc order='10' use='optional' weight='1.0' xlink:arcrole='http://www.xbrl.org/2003/arcrole/summation-item' xlink:from='loc_PolicyholderBenefitsAndClaimsIncurredNet' xlink:to='loc_PolicyholderBenefitsAndClaimsIncurredGross' xlink:type='arc' />
<link:calculationArc order='20' use='optional' weight='-1.0' xlink:arcrole='http://www.xbrl.org/2003/arcrole/summation-item' xlink:from='loc_PolicyholderBenefitsAndClaimsIncurredNet' xlink:to='loc_ReinsuranceCostsAndRecoveriesNet' xlink:type='arc' />
<link:calculationArc order='10' weight='-1.0' xlink:arcrole='http://www.xbrl.org/2003/arcrole/summation-item' xlink:from='loc_ReinsuranceCostsAndRecoveriesNet' xlink:to='loc_ReinsuranceEffectOnClaimsAndBenefitsIncurredAmountAssumed' xlink:type='arc' />
<link:calculationArc order='20' weight='1.0' xlink:arcrole='http://www.xbrl.org/2003/arcrole/summation-item' xlink:from='loc_ReinsuranceCostsAndRecoveriesNet' xlink:to='loc_ReinsuranceEffectOnClaimsAndBenefitsIncurredAmountCeded' xlink:type='arc' />
<link:calculationArc order='20' weight='1.0' xlink:arcrole='http://www.xbrl.org/2003/arcrole/summation-item' xlink:from='loc_BenefitsLossesAndExpenses' xlink:to='loc_LiabilityForFuturePolicyBenefitsPeriodExpense' xlink:type='arc' />
<link:calculationArc order='30' weight='1.0' xlink:arcrole='http://www.xbrl.org/2003/arcrole/summation-item' xlink:from='loc_BenefitsLossesAndExpenses' xlink:to='loc_InterestCreditedToPolicyholdersAccountBalances' xlink:type='arc' />
<link:calculationArc order='40' weight='1.0' xlink:arcrole='http://www.xbrl.org/2003/arcrole/summation-item' xlink:from='loc_BenefitsLossesAndExpenses' xlink:to='loc_PolicyholderDividends' xlink:type='arc' />
<link:calculationArc order='50' weight='1.0' xlink:arcrole='http://www.xbrl.org/2003/arcrole/summation-item' xlink:from='loc_BenefitsLossesAndExpenses' xlink:to='loc_OperatingExpenses' xlink:type='arc' />
<link:calculationArc order='10' weight='1.0' xlink:arcrole='http://www.xbrl.org/2003/arcrole/summation-item' xlink:from='loc_OperatingExpenses' xlink:to='loc_SellingGeneralAndAdministrativeExpense' xlink:type='arc' />
<link:calculationArc order='10' use='optional' weight='1.0' xlink:arcrole='http://www.xbrl.org/2003/arcrole/summation-item' xlink:from='loc_SellingGeneralAndAdministrativeExpense' xlink:to='loc_SellingAndMarketingExpense' xlink:type='arc' />
<link:calculationArc order='10' use='optional' weight='1.0' xlink:arcrole='http://www.xbrl.org/2003/arcrole/summation-item' xlink:from='loc_SellingAndMarketingExpense' xlink:to='loc_SellingExpense' xlink:type='arc' />
<link:calculationArc order='20' use='optional' weight='1.0' xlink:arcrole='http://www.xbrl.org/2003/arcrole/summation-item' xlink:from='loc_SellingAndMarketingExpense' xlink:to='loc_SalesCommissionsAndFees' xlink:type='arc' />
<link:calculationArc order='30' use='optional' weight='1.0' xlink:arcrole='http://www.xbrl.org/2003/arcrole/summation-item' xlink:from='loc_SellingAndMarketingExpense' xlink:to='loc_MarketingAndAdvertisingExpense' xlink:type='arc' />
<link:calculationArc order='10' use='optional' weight='1.0' xlink:arcrole='http://www.xbrl.org/2003/arcrole/summation-item' xlink:from='loc_MarketingAndAdvertisingExpense' xlink:to='loc_MarketingExpense' xlink:type='arc' />
<link:calculationArc order='20' use='optional' weight='1.0' xlink:arcrole='http://www.xbrl.org/2003/arcrole/summation-item' xlink:from='loc_MarketingAndAdvertisingExpense' xlink:to='loc_AdvertisingExpense' xlink:type='arc' />
<link:calculationArc order='40' use='optional' weight='1.0' xlink:arcrole='http://www.xbrl.org/2003/arcrole/summation-item' xlink:from='loc_SellingAndMarketingExpense' xlink:to='loc_OtherSellingAndMarketingExpense' xlink:type='arc' />
<link:calculationArc order='20' use='optional' weight='1.0' xlink:arcrole='http://www.xbrl.org/2003/arcrole/summation-item' xlink:from='loc_SellingGeneralAndAdministrativeExpense' xlink:to='loc_GeneralAndAdministrativeExpense' xlink:type='arc' />
<link:calculationArc order='10' use='optional' weight='1.0' xlink:arcrole='http://www.xbrl.org/2003/arcrole/summation-item' xlink:from='loc_GeneralAndAdministrativeExpense' xlink:to='loc_LaborAndRelatedExpense' xlink:type='arc' />
<link:calculationArc order='20' use='optional' weight='1.0' xlink:arcrole='http://www.xbrl.org/2003/arcrole/summation-item' xlink:from='loc_GeneralAndAdministrativeExpense' xlink:to='loc_CommunicationsAndInformationTechnology' xlink:type='arc' />
<link:calculationArc order='30' use='optional' weight='1.0' xlink:arcrole='http://www.xbrl.org/2003/arcrole/summation-item' xlink:from='loc_GeneralAndAdministrativeExpense' xlink:to='loc_LeaseAndRentalExpense' xlink:type='arc' />
<link:calculationArc order='40' weight='1.0' xlink:arcrole='http://www.xbrl.org/2003/arcrole/summation-item' xlink:from='loc_GeneralAndAdministrativeExpense' xlink:to='loc_TaxesExcludingIncomeAndExciseTaxes' xlink:type='arc' />
<link:calculationArc order='50' weight='1.0' xlink:arcrole='http://www.xbrl.org/2003/arcrole/summation-item' xlink:from='loc_GeneralAndAdministrativeExpense' xlink:to='loc_OtherGeneralAndAdministrativeExpense' xlink:type='arc' />
<link:calculationArc order='60' weight='1.0' xlink:arcrole='http://www.xbrl.org/2003/arcrole/summation-item' xlink:from='loc_GeneralAndAdministrativeExpense' xlink:to='loc_GeneralInsuranceExpense' xlink:type='arc' />
<link:calculationArc order='30' use='optional' weight='1.0' xlink:arcrole='http://www.xbrl.org/2003/arcrole/summation-item' xlink:from='loc_SellingGeneralAndAdministrativeExpense' xlink:to='loc_OtherSellingGeneralAndAdministrativeExpense' xlink:type='arc' />
<link:calculationArc order='20' weight='1.0' xlink:arcrole='http://www.xbrl.org/2003/arcrole/summation-item' xlink:from='loc_OperatingExpenses' xlink:to='loc_OtherUnderwritingExpense' xlink:type='arc' />
<link:calculationArc order='30' weight='1.0' xlink:arcrole='http://www.xbrl.org/2003/arcrole/summation-item' xlink:from='loc_OperatingExpenses' xlink:to='loc_DemutualizationCostAndExpense' xlink:type='arc' />
<link:calculationArc order='40' weight='1.0' xlink:arcrole='http://www.xbrl.org/2003/arcrole/summation-item' xlink:from='loc_OperatingExpenses' xlink:to='loc_InsuranceCommissions' xlink:type='arc' />
<link:calculationArc order='50' weight='1.0' xlink:arcrole='http://www.xbrl.org/2003/arcrole/summation-item' xlink:from='loc_OperatingExpenses' xlink:to='loc_InterestExpense' xlink:type='arc' />
<link:calculationArc order='10' use='optional' weight='1.0' xlink:arcrole='http://www.xbrl.org/2003/arcrole/summation-item' xlink:from='loc_InterestExpense' xlink:to='loc_InterestExpenseDebt' xlink:type='arc' />
<link:calculationArc order='20' use='optional' weight='1.0' xlink:arcrole='http://www.xbrl.org/2003/arcrole/summation-item' xlink:from='loc_InterestExpense' xlink:to='loc_InterestExpenseCustomerDeposits' xlink:type='arc' />
<link:calculationArc order='30' weight='1.0' xlink:arcrole='http://www.xbrl.org/2003/arcrole/summation-item' xlink:from='loc_InterestExpense' xlink:to='loc_InterestExpenseOther' xlink:type='arc' />
<link:calculationArc order='40' weight='1.0' xlink:arcrole='http://www.xbrl.org/2003/arcrole/summation-item' xlink:from='loc_InterestExpense' xlink:to='loc_DebtRelatedCommitmentFeesAndDebtIssuanceCosts' xlink:type='arc' />
<link:calculationArc order='50' weight='1.0' xlink:arcrole='http://www.xbrl.org/2003/arcrole/summation-item' xlink:from='loc_InterestExpense' xlink:to='loc_InterestExpenseLesseeAssetsUnderCapitalLease' xlink:type='arc' />
<link:calculationArc order='60' weight='1.0' xlink:arcrole='http://www.xbrl.org/2003/arcrole/summation-item' xlink:from='loc_OperatingExpenses' xlink:to='loc_DepreciationAndAmortization' xlink:type='arc' />
<link:calculationArc order='10' use='optional' weight='1.0' xlink:arcrole='http://www.xbrl.org/2003/arcrole/summation-item' xlink:from='loc_DepreciationAndAmortization' xlink:to='loc_AmortizationOfDeferredCharges' xlink:type='arc' />
<link:calculationArc order='10' weight='1.0' xlink:arcrole='http://www.xbrl.org/2003/arcrole/summation-item' xlink:from='loc_AmortizationOfDeferredCharges' xlink:to='loc_DeferredSalesInducementsAmortizationExpense' xlink:type='arc' />
<link:calculationArc order='20' weight='1.0' xlink:arcrole='http://www.xbrl.org/2003/arcrole/summation-item' xlink:from='loc_AmortizationOfDeferredCharges' xlink:to='loc_AmortizationOfCapitalizedValueOfBusinessAcquiredAsset' xlink:type='arc' />
<link:calculationArc order='30' weight='1.0' xlink:arcrole='http://www.xbrl.org/2003/arcrole/summation-item' xlink:from='loc_AmortizationOfDeferredCharges' xlink:to='loc_AmortizationOfIntangibleAssets' xlink:type='arc' />
<link:calculationArc order='40' weight='1.0' xlink:arcrole='http://www.xbrl.org/2003/arcrole/summation-item' xlink:from='loc_AmortizationOfDeferredCharges' xlink:to='loc_AmortizationOfFinancingCosts' xlink:type='arc' />
<link:calculationArc order='50' weight='1.0' xlink:arcrole='http://www.xbrl.org/2003/arcrole/summation-item' xlink:from='loc_AmortizationOfDeferredCharges' xlink:to='loc_AmortizationOfMortgageServicingRightsMSRs' xlink:type='arc' />
<link:calculationArc order='60' weight='1.0' xlink:arcrole='http://www.xbrl.org/2003/arcrole/summation-item' xlink:from='loc_AmortizationOfDeferredCharges' xlink:to='loc_AmortizationOfAcquisitionCosts' xlink:type='arc' />
<link:calculationArc order='70' weight='1.0' xlink:arcrole='http://www.xbrl.org/2003/arcrole/summation-item' xlink:from='loc_AmortizationOfDeferredCharges' xlink:to='loc_AmortizationOfDeferredLeasingFees' xlink:type='arc' />
<link:calculationArc order='80' weight='1.0' xlink:arcrole='http://www.xbrl.org/2003/arcrole/summation-item' xlink:from='loc_AmortizationOfDeferredCharges' xlink:to='loc_OtherAmortizationOfDeferredCharges' xlink:type='arc' />
<link:calculationArc order='20' weight='1.0' xlink:arcrole='http://www.xbrl.org/2003/arcrole/summation-item' xlink:from='loc_DepreciationAndAmortization' xlink:to='loc_DepreciationNonproduction' xlink:type='arc' />
<link:calculationArc order='30' use='optional' weight='1.0' xlink:arcrole='http://www.xbrl.org/2003/arcrole/summation-item' xlink:from='loc_DepreciationAndAmortization' xlink:to='loc_OtherDepreciationAndAmortization' xlink:type='arc' />
<link:calculationArc order='70' weight='1.0' xlink:arcrole='http://www.xbrl.org/2003/arcrole/summation-item' xlink:from='loc_OperatingExpenses' xlink:to='loc_RecapitalizationCosts' xlink:type='arc' />
<link:calculationArc order='80' weight='1.0' xlink:arcrole='http://www.xbrl.org/2003/arcrole/summation-item' xlink:from='loc_OperatingExpenses' xlink:to='loc_RestructuringSettlementAndImpairmentProvisions' xlink:type='arc' />
<link:calculationArc order='10' weight='1.0' xlink:arcrole='http://www.xbrl.org/2003/arcrole/summation-item' xlink:from='loc_RestructuringSettlementAndImpairmentProvisions' xlink:to='loc_RestructuringCharges' xlink:type='arc' />
<link:calculationArc order='10' weight='1.0' xlink:arcrole='http://www.xbrl.org/2003/arcrole/summation-item' xlink:from='loc_RestructuringCharges' xlink:to='loc_BusinessExitCosts1' xlink:type='arc' />
<link:calculationArc order='20' weight='1.0' xlink:arcrole='http://www.xbrl.org/2003/arcrole/summation-item' xlink:from='loc_RestructuringCharges' xlink:to='loc_SeveranceCosts1' xlink:type='arc' />
<link:calculationArc order='30' weight='1.0' xlink:arcrole='http://www.xbrl.org/2003/arcrole/summation-item' xlink:from='loc_RestructuringCharges' xlink:to='loc_OtherRestructuringCosts' xlink:type='arc' />
<link:calculationArc order='20' weight='1.0' xlink:arcrole='http://www.xbrl.org/2003/arcrole/summation-item' xlink:from='loc_RestructuringSettlementAndImpairmentProvisions' xlink:to='loc_BusinessCombinationAcquisitionRelatedCosts' xlink:type='arc' />
<link:calculationArc order='30' weight='-1.0' xlink:arcrole='http://www.xbrl.org/2003/arcrole/summation-item' xlink:from='loc_RestructuringSettlementAndImpairmentProvisions' xlink:to='loc_DefinedBenefitPlanRecognizedNetGainLossDueToSettlements1' xlink:type='arc' />
<link:calculationArc order='40' use='optional' weight='1.0' xlink:arcrole='http://www.xbrl.org/2003/arcrole/summation-item' xlink:from='loc_RestructuringSettlementAndImpairmentProvisions' xlink:to='loc_EnvironmentalRemediationExpense' xlink:type='arc' />
<link:calculationArc order='50' weight='1.0' xlink:arcrole='http://www.xbrl.org/2003/arcrole/summation-item' xlink:from='loc_RestructuringSettlementAndImpairmentProvisions' xlink:to='loc_AssetImpairmentCharges' xlink:type='arc' />
<link:calculationArc order='10' use='optional' weight='1.0' xlink:arcrole='http://www.xbrl.org/2003/arcrole/summation-item' xlink:from='loc_AssetImpairmentCharges' xlink:to='loc_ImpairmentOfLongLivedAssetsToBeDisposedOf' xlink:type='arc' />
<link:calculationArc order='20' weight='1.0' xlink:arcrole='http://www.xbrl.org/2003/arcrole/summation-item' xlink:from='loc_AssetImpairmentCharges' xlink:to='loc_ImpairmentOfLongLivedAssetsHeldForUse' xlink:type='arc' />
<link:calculationArc order='30' weight='1.0' xlink:arcrole='http://www.xbrl.org/2003/arcrole/summation-item' xlink:from='loc_AssetImpairmentCharges' xlink:to='loc_ImpairmentOfIntangibleAssetsIndefinitelivedExcludingGoodwill' xlink:type='arc' />
<link:calculationArc order='40' weight='1.0' xlink:arcrole='http://www.xbrl.org/2003/arcrole/summation-item' xlink:from='loc_AssetImpairmentCharges' xlink:to='loc_GoodwillImpairmentLoss' xlink:type='arc' />
<link:calculationArc order='50' weight='1.0' xlink:arcrole='http://www.xbrl.org/2003/arcrole/summation-item' xlink:from='loc_AssetImpairmentCharges' xlink:to='loc_ImpairmentOfRealEstate' xlink:type='arc' />
<link:calculationArc order='60' weight='1.0' xlink:arcrole='http://www.xbrl.org/2003/arcrole/summation-item' xlink:from='loc_AssetImpairmentCharges' xlink:to='loc_ImpairmentOfRetainedInterest' xlink:type='arc' />
<link:calculationArc order='70' weight='1.0' xlink:arcrole='http://www.xbrl.org/2003/arcrole/summation-item' xlink:from='loc_AssetImpairmentCharges' xlink:to='loc_ImpairmentLossesRelatedToRealEstatePartnerships' xlink:type='arc' />
<link:calculationArc order='80' weight='1.0' xlink:arcrole='http://www.xbrl.org/2003/arcrole/summation-item' xlink:from='loc_AssetImpairmentCharges' xlink:to='loc_DisposalGroupNotDiscontinuedOperationLossGainOnWriteDown' xlink:type='arc' />
<link:calculationArc order='90' weight='1.0' xlink:arcrole='http://www.xbrl.org/2003/arcrole/summation-item' xlink:from='loc_AssetImpairmentCharges' xlink:to='loc_OtherAssetImpairmentCharges' xlink:type='arc' />
<link:calculationArc order='100' weight='1.0' xlink:arcrole='http://www.xbrl.org/2003/arcrole/summation-item' xlink:from='loc_AssetImpairmentCharges' xlink:to='loc_ImpairmentOfIntangibleAssetsFinitelived' xlink:type='arc' />
<link:calculationArc order='60' weight='1.0' xlink:arcrole='http://www.xbrl.org/2003/arcrole/summation-item' xlink:from='loc_RestructuringSettlementAndImpairmentProvisions' xlink:to='loc_OtherThanTemporaryImpairmentLossesInvestmentsPortionRecognizedInEarningsNet' xlink:type='arc' />
<link:calculationArc order='70' weight='1.0' xlink:arcrole='http://www.xbrl.org/2003/arcrole/summation-item' xlink:from='loc_RestructuringSettlementAndImpairmentProvisions' xlink:to='loc_OtherNonrecurringIncomeExpense' xlink:type='arc' />
<link:calculationArc order='10' weight='-1.0' xlink:arcrole='http://www.xbrl.org/2003/arcrole/summation-item' xlink:from='loc_OtherNonrecurringIncomeExpense' xlink:to='loc_OtherNonrecurringIncome' xlink:type='arc' />
<link:calculationArc order='20' weight='1.0' xlink:arcrole='http://www.xbrl.org/2003/arcrole/summation-item' xlink:from='loc_OtherNonrecurringIncomeExpense' xlink:to='loc_OtherNonrecurringExpense' xlink:type='arc' />
<link:calculationArc order='80' weight='-1.0' xlink:arcrole='http://www.xbrl.org/2003/arcrole/summation-item' xlink:from='loc_RestructuringSettlementAndImpairmentProvisions' xlink:to='loc_GainLossRelatedToLitigationSettlement' xlink:type='arc' />
<link:calculationArc order='90' weight='1.0' xlink:arcrole='http://www.xbrl.org/2003/arcrole/summation-item' xlink:from='loc_OperatingExpenses' xlink:to='loc_LegalFees' xlink:type='arc' />
<link:calculationArc order='100' weight='1.0' xlink:arcrole='http://www.xbrl.org/2003/arcrole/summation-item' xlink:from='loc_OperatingExpenses' xlink:to='loc_UnsolicitedTenderOfferCosts' xlink:type='arc' />
<link:calculationArc order='110' weight='1.0' xlink:arcrole='http://www.xbrl.org/2003/arcrole/summation-item' xlink:from='loc_OperatingExpenses' xlink:to='loc_ProvisionForDoubtfulAccounts' xlink:type='arc' />
<link:calculationArc order='120' weight='1.0' xlink:arcrole='http://www.xbrl.org/2003/arcrole/summation-item' xlink:from='loc_OperatingExpenses' xlink:to='loc_OtherCostAndExpenseOperating' xlink:type='arc' />
<link:calculationArc order='130' weight='1.0' xlink:arcrole='http://www.xbrl.org/2003/arcrole/summation-item' xlink:from='loc_OperatingExpenses' xlink:to='loc_BusinessCombinationIntegrationRelatedCosts' xlink:type='arc' />
<link:calculationArc order='60' weight='1.0' xlink:arcrole='http://www.xbrl.org/2003/arcrole/summation-item' xlink:from='loc_BenefitsLossesAndExpenses' xlink:to='loc_DeferredPolicyAcquisitionCostAmortizationExpense' xlink:type='arc' />
<link:calculationArc order='70' weight='1.0' xlink:arcrole='http://www.xbrl.org/2003/arcrole/summation-item' xlink:from='loc_BenefitsLossesAndExpenses' xlink:to='loc_AmortizationOfValueOfBusinessAcquiredVOBA' xlink:type='arc' />
<link:calculationArc order='80' weight='1.0' xlink:arcrole='http://www.xbrl.org/2003/arcrole/summation-item' xlink:from='loc_BenefitsLossesAndExpenses' xlink:to='loc_ContractAdministrationExpense' xlink:type='arc' />
<link:calculationArc order='90' weight='1.0' xlink:arcrole='http://www.xbrl.org/2003/arcrole/summation-item' xlink:from='loc_BenefitsLossesAndExpenses' xlink:to='loc_BenefitClaimsInExcessOfRelatedPolicyholderBalances' xlink:type='arc' />
<link:calculationArc order='20' weight='1.0' xlink:arcrole='http://www.xbrl.org/2003/arcrole/summation-item' xlink:from='loc_OperatingIncomeLoss' xlink:to='loc_Revenues' xlink:type='arc' />
<link:calculationArc order='10' use='optional' weight='1.0' xlink:arcrole='http://www.xbrl.org/2003/arcrole/summation-item' xlink:from='loc_Revenues' xlink:to='loc_PremiumsEarnedNet' xlink:type='arc' />
<link:calculationArc order='10' weight='1.0' xlink:arcrole='http://www.xbrl.org/2003/arcrole/summation-item' xlink:from='loc_PremiumsEarnedNet' xlink:to='loc_PremiumsEarnedNetPropertyAndCasualty' xlink:type='arc' />
<link:calculationArc order='20' weight='1.0' xlink:arcrole='http://www.xbrl.org/2003/arcrole/summation-item' xlink:from='loc_PremiumsEarnedNet' xlink:to='loc_PremiumsEarnedNetLife' xlink:type='arc' />
<link:calculationArc order='30' weight='1.0' xlink:arcrole='http://www.xbrl.org/2003/arcrole/summation-item' xlink:from='loc_PremiumsEarnedNet' xlink:to='loc_PremiumsEarnedNetAccidentAndHealth' xlink:type='arc' />
<link:calculationArc order='40' weight='1.0' xlink:arcrole='http://www.xbrl.org/2003/arcrole/summation-item' xlink:from='loc_PremiumsEarnedNet' xlink:to='loc_PremiumsEarnedNetFinancialGuaranteeInsuranceContracts' xlink:type='arc' />
<link:calculationArc order='50' weight='1.0' xlink:arcrole='http://www.xbrl.org/2003/arcrole/summation-item' xlink:from='loc_PremiumsEarnedNet' xlink:to='loc_PremiumsEarnedNetOtherInsurance' xlink:type='arc' />
<link:calculationArc order='20' use='optional' weight='1.0' xlink:arcrole='http://www.xbrl.org/2003/arcrole/summation-item' xlink:from='loc_Revenues' xlink:to='loc_FeesAndCommissions' xlink:type='arc' />
<link:calculationArc order='30' use='optional' weight='1.0' xlink:arcrole='http://www.xbrl.org/2003/arcrole/summation-item' xlink:from='loc_Revenues' xlink:to='loc_NetInvestmentIncome' xlink:type='arc' />
<link:calculationArc order='10' weight='1.0' xlink:arcrole='http://www.xbrl.org/2003/arcrole/summation-item' xlink:from='loc_NetInvestmentIncome' xlink:to='loc_GrossInvestmentIncomeOperating' xlink:type='arc' />
<link:calculationArc order='20' weight='-1.0' xlink:arcrole='http://www.xbrl.org/2003/arcrole/summation-item' xlink:from='loc_NetInvestmentIncome' xlink:to='loc_InvestmentIncomeInvestmentExpense' xlink:type='arc' />
<link:calculationArc order='40' weight='1.0' xlink:arcrole='http://www.xbrl.org/2003/arcrole/summation-item' xlink:from='loc_Revenues' xlink:to='loc_GainLossOnInvestmentsExcludingOtherThanTemporaryImpairments' xlink:type='arc' />
<link:calculationArc order='10' weight='1.0' xlink:arcrole='http://www.xbrl.org/2003/arcrole/summation-item' xlink:from='loc_GainLossOnInvestmentsExcludingOtherThanTemporaryImpairments' xlink:to='loc_CostmethodInvestmentsRealizedGainLossExcludingOtherThanTemporaryImpairments' xlink:type='arc' />
<link:calculationArc order='20' weight='1.0' xlink:arcrole='http://www.xbrl.org/2003/arcrole/summation-item' xlink:from='loc_GainLossOnInvestmentsExcludingOtherThanTemporaryImpairments' xlink:to='loc_MarketableSecuritiesGainLossExcludingOtherThanTemporaryImpairments' xlink:type='arc' />
<link:calculationArc order='10' weight='1.0' xlink:arcrole='http://www.xbrl.org/2003/arcrole/summation-item' xlink:from='loc_MarketableSecuritiesGainLossExcludingOtherThanTemporaryImpairments' xlink:to='loc_MarketableSecuritiesUnrealizedGainLossExcludingOtherThanTemporaryImpairments' xlink:type='arc' />
<link:calculationArc order='10' weight='1.0' xlink:arcrole='http://www.xbrl.org/2003/arcrole/summation-item' xlink:from='loc_MarketableSecuritiesUnrealizedGainLossExcludingOtherThanTemporaryImpairments' xlink:to='loc_TradingSecuritiesUnrealizedHoldingGainLoss' xlink:type='arc' />
<link:calculationArc order='20' weight='1.0' xlink:arcrole='http://www.xbrl.org/2003/arcrole/summation-item' xlink:from='loc_MarketableSecuritiesUnrealizedGainLossExcludingOtherThanTemporaryImpairments' xlink:to='loc_AvailableforsaleSecuritiesTransfersToTradingGainsLossesExcludingOtherThanTemporaryImpairments' xlink:type='arc' />
<link:calculationArc order='30' weight='1.0' xlink:arcrole='http://www.xbrl.org/2003/arcrole/summation-item' xlink:from='loc_MarketableSecuritiesUnrealizedGainLossExcludingOtherThanTemporaryImpairments' xlink:to='loc_HeldtomaturitySecuritiesTransferredToTradingSecuritiesUnrealizedGainLossExcludingOtherThanTemporaryImpairments' xlink:type='arc' />
<link:calculationArc order='20' weight='1.0' xlink:arcrole='http://www.xbrl.org/2003/arcrole/summation-item' xlink:from='loc_MarketableSecuritiesGainLossExcludingOtherThanTemporaryImpairments' xlink:to='loc_MarketableSecuritiesRealizedGainLossExcludingOtherThanTemporaryImpairments' xlink:type='arc' />
<link:calculationArc order='10' weight='1.0' xlink:arcrole='http://www.xbrl.org/2003/arcrole/summation-item' xlink:from='loc_MarketableSecuritiesRealizedGainLossExcludingOtherThanTemporaryImpairments' xlink:to='loc_TradingSecuritiesRealizedGainLoss' xlink:type='arc' />
<link:calculationArc order='20' weight='1.0' xlink:arcrole='http://www.xbrl.org/2003/arcrole/summation-item' xlink:from='loc_MarketableSecuritiesRealizedGainLossExcludingOtherThanTemporaryImpairments' xlink:to='loc_AvailableforsaleSecuritiesGrossRealizedGainLossExcludingOtherThanTemporaryImpairments' xlink:type='arc' />
<link:calculationArc order='30' weight='1.0' xlink:arcrole='http://www.xbrl.org/2003/arcrole/summation-item' xlink:from='loc_MarketableSecuritiesRealizedGainLossExcludingOtherThanTemporaryImpairments' xlink:to='loc_HeldtomaturitySecuritiesSoldSecurityRealizedGainLossExcludingOtherThanTemporaryImpairments' xlink:type='arc' />
<link:calculationArc order='50' weight='1.0' xlink:arcrole='http://www.xbrl.org/2003/arcrole/summation-item' xlink:from='loc_Revenues' xlink:to='loc_RealizedInvestmentGainsLosses' xlink:type='arc' />
<link:calculationArc order='10' weight='1.0' xlink:arcrole='http://www.xbrl.org/2003/arcrole/summation-item' xlink:from='loc_RealizedInvestmentGainsLosses' xlink:to='loc_GainLossOnSecuritizationOfFinancialAssets' xlink:type='arc' />
<link:calculationArc order='20' weight='1.0' xlink:arcrole='http://www.xbrl.org/2003/arcrole/summation-item' xlink:from='loc_RealizedInvestmentGainsLosses' xlink:to='loc_GainLossOnSaleOfSecuritiesNet' xlink:type='arc' />
<link:calculationArc order='30' weight='1.0' xlink:arcrole='http://www.xbrl.org/2003/arcrole/summation-item' xlink:from='loc_RealizedInvestmentGainsLosses' xlink:to='loc_GainLossOnSalesOfLoansNet' xlink:type='arc' />
<link:calculationArc order='40' weight='1.0' xlink:arcrole='http://www.xbrl.org/2003/arcrole/summation-item' xlink:from='loc_RealizedInvestmentGainsLosses' xlink:to='loc_GainLossOnSaleOfCapitalLeasesNet' xlink:type='arc' />
<link:calculationArc order='50' weight='1.0' xlink:arcrole='http://www.xbrl.org/2003/arcrole/summation-item' xlink:from='loc_RealizedInvestmentGainsLosses' xlink:to='loc_GainLossOnSaleOfLeasedAssetsNetOperatingLeases' xlink:type='arc' />
<link:calculationArc order='60' weight='1.0' xlink:arcrole='http://www.xbrl.org/2003/arcrole/summation-item' xlink:from='loc_RealizedInvestmentGainsLosses' xlink:to='loc_GainsLossesOnSalesOfInvestmentRealEstate' xlink:type='arc' />
<link:calculationArc order='70' weight='1.0' xlink:arcrole='http://www.xbrl.org/2003/arcrole/summation-item' xlink:from='loc_RealizedInvestmentGainsLosses' xlink:to='loc_GainLossOnSaleOfOtherAssets' xlink:type='arc' />
<link:calculationArc order='60' weight='1.0' xlink:arcrole='http://www.xbrl.org/2003/arcrole/summation-item' xlink:from='loc_Revenues' xlink:to='loc_OtherIncome' xlink:type='arc' />
<link:calculationArc order='20' weight='1.0' xlink:arcrole='http://www.xbrl.org/2003/arcrole/summation-item' xlink:from='loc_IncomeLossFromContinuingOperationsBeforeIncomeTaxesMinorityInterestAndIncomeLossFromEquityMethodInvestments' xlink:to='loc_OtherNonoperatingIncomeExpense' xlink:type='arc' />
<link:calculationArc order='10' weight='1.0' xlink:arcrole='http://www.xbrl.org/2003/arcrole/summation-item' xlink:from='loc_OtherNonoperatingIncomeExpense' xlink:to='loc_OtherNonoperatingIncome' xlink:type='arc' />
<link:calculationArc order='20' weight='-1.0' xlink:arcrole='http://www.xbrl.org/2003/arcrole/summation-item' xlink:from='loc_OtherNonoperatingIncomeExpense' xlink:to='loc_OtherNonoperatingExpense' xlink:type='arc' />
<link:calculationArc order='20' weight='1.0' xlink:arcrole='http://www.xbrl.org/2003/arcrole/summation-item' xlink:from='loc_IncomeLossFromContinuingOperationsIncludingPortionAttributableToNoncontrollingInterest' xlink:to='loc_GainLossOnSaleOfStockInSubsidiaryOrEquityMethodInvestee' xlink:type='arc' />
<link:calculationArc order='10' weight='1.0' xlink:arcrole='http://www.xbrl.org/2003/arcrole/summation-item' xlink:from='loc_GainLossOnSaleOfStockInSubsidiaryOrEquityMethodInvestee' xlink:to='loc_EquityMethodInvestmentRealizedGainLossOnDisposal' xlink:type='arc' />
<link:calculationArc order='20' weight='1.0' xlink:arcrole='http://www.xbrl.org/2003/arcrole/summation-item' xlink:from='loc_GainLossOnSaleOfStockInSubsidiaryOrEquityMethodInvestee' xlink:to='loc_GainOrLossOnSaleOfStockInSubsidiary' xlink:type='arc' />
<link:calculationArc order='30' weight='1.0' xlink:arcrole='http://www.xbrl.org/2003/arcrole/summation-item' xlink:from='loc_IncomeLossFromContinuingOperationsIncludingPortionAttributableToNoncontrollingInterest' xlink:to='loc_GainLossOnSaleOfPreviouslyUnissuedStockBySubsidiaryOrEquityInvesteeNonoperatingIncome' xlink:type='arc' />
<link:calculationArc order='10' weight='1.0' xlink:arcrole='http://www.xbrl.org/2003/arcrole/summation-item' xlink:from='loc_GainLossOnSaleOfPreviouslyUnissuedStockBySubsidiaryOrEquityInvesteeNonoperatingIncome' xlink:to='loc_GainOrLossOnSaleOfPreviouslyUnissuedStockBySubsidiary' xlink:type='arc' />
<link:calculationArc order='20' weight='1.0' xlink:arcrole='http://www.xbrl.org/2003/arcrole/summation-item' xlink:from='loc_GainLossOnSaleOfPreviouslyUnissuedStockBySubsidiaryOrEquityInvesteeNonoperatingIncome' xlink:to='loc_GainOrLossOnSaleOfPreviouslyUnissuedStockByEquityInvestee' xlink:type='arc' />
<link:calculationArc order='40' weight='-1.0' xlink:arcrole='http://www.xbrl.org/2003/arcrole/summation-item' xlink:from='loc_IncomeLossFromContinuingOperationsIncludingPortionAttributableToNoncontrollingInterest' xlink:to='loc_IncomeTaxExpenseBenefit' xlink:type='arc' />
<link:calculationArc order='50' weight='1.0' xlink:arcrole='http://www.xbrl.org/2003/arcrole/summation-item' xlink:from='loc_IncomeLossFromContinuingOperationsIncludingPortionAttributableToNoncontrollingInterest' xlink:to='loc_IncomeLossFromEquityMethodInvestments' xlink:type='arc' />
<link:calculationArc order='20' weight='-1.0' xlink:arcrole='http://www.xbrl.org/2003/arcrole/summation-item' xlink:from='loc_IncomeLossFromContinuingOperations' xlink:to='loc_IncomeLossFromContinuingOperationsAttributableToNoncontrollingEntity' xlink:type='arc' />
<link:calculationArc order='10' weight='1.0' xlink:arcrole='http://www.xbrl.org/2003/arcrole/summation-item' xlink:from='loc_IncomeLossFromDiscontinuedOperationsNetOfTaxAttributableToReportingEntity' xlink:to='loc_IncomeLossFromDiscontinuedOperationsNetOfTax' xlink:type='arc' />
<link:calculationArc order='10' weight='-1.0' xlink:arcrole='http://www.xbrl.org/2003/arcrole/summation-item' xlink:from='loc_IncomeLossFromDiscontinuedOperationsNetOfTax' xlink:to='loc_DiscontinuedOperationTaxEffectOfDiscontinuedOperation' xlink:type='arc' />
<link:calculationArc order='20' weight='1.0' xlink:arcrole='http://www.xbrl.org/2003/arcrole/summation-item' xlink:from='loc_IncomeLossFromDiscontinuedOperationsNetOfTax' xlink:to='loc_DiscontinuedOperationIncomeLossFromDiscontinuedOperationBeforeIncomeTax' xlink:type='arc' />
<link:calculationArc order='20' weight='-1.0' xlink:arcrole='http://www.xbrl.org/2003/arcrole/summation-item' xlink:from='loc_IncomeLossFromDiscontinuedOperationsNetOfTaxAttributableToReportingEntity' xlink:to='loc_IncomeLossFromDiscontinuedOperationsNetOfTaxAttributableToNoncontrollingInterest' xlink:type='arc' />
<link:calculationArc order='10' use='optional' weight='1.0' xlink:arcrole='http://www.xbrl.org/2003/arcrole/summation-item' xlink:from='loc_NetIncomeLossAvailableToCommonStockholdersBasic' xlink:to='loc_NetIncomeLoss' xlink:type='arc' />
<link:calculationArc order='10' weight='1.0' xlink:arcrole='http://www.xbrl.org/2003/arcrole/summation-item' xlink:from='loc_NetIncomeLoss' xlink:to='loc_ProfitLoss' xlink:type='arc' />
<link:calculationArc order='10' weight='1.0' xlink:arcrole='http://www.xbrl.org/2003/arcrole/summation-item' xlink:from='loc_ProfitLoss' xlink:to='loc_ExtraordinaryItemNetOfTax' xlink:type='arc' />
<link:calculationArc order='20' weight='1.0' xlink:arcrole='http://www.xbrl.org/2003/arcrole/summation-item' xlink:from='loc_ProfitLoss' xlink:to='loc_IncomeLossBeforeExtraordinaryItemsAndCumulativeEffectOfChangeInAccountingPrinciple' xlink:type='arc' />
<link:calculationArc order='10' weight='1.0' xlink:arcrole='http://www.xbrl.org/2003/arcrole/summation-item' xlink:from='loc_IncomeLossBeforeExtraordinaryItemsAndCumulativeEffectOfChangeInAccountingPrinciple' xlink:to='loc_IncomeLossFromContinuingOperationsIncludingPortionAttributableToNoncontrollingInterest' xlink:type='arc' />
<link:calculationArc order='20' weight='1.0' xlink:arcrole='http://www.xbrl.org/2003/arcrole/summation-item' xlink:from='loc_IncomeLossBeforeExtraordinaryItemsAndCumulativeEffectOfChangeInAccountingPrinciple' xlink:to='loc_IncomeLossFromDiscontinuedOperationsNetOfTax' xlink:type='arc' />
<link:calculationArc order='20' weight='-1.0' xlink:arcrole='http://www.xbrl.org/2003/arcrole/summation-item' xlink:from='loc_NetIncomeLoss' xlink:to='loc_NetIncomeLossAttributableToNoncontrollingInterest' xlink:type='arc' />
<link:calculationArc order='10' weight='1.0' xlink:arcrole='http://www.xbrl.org/2003/arcrole/summation-item' xlink:from='loc_NetIncomeLossAttributableToNoncontrollingInterest' xlink:to='loc_NetIncomeLossAttributableToNonredeemableNoncontrollingInterest' xlink:type='arc' />
<link:calculationArc order='10' weight='1.0' xlink:arcrole='http://www.xbrl.org/2003/arcrole/summation-item' xlink:from='loc_NetIncomeLossAttributableToNonredeemableNoncontrollingInterest' xlink:to='loc_NoncontrollingInterestInNetIncomeLossJointVenturePartnersNonredeemable' xlink:type='arc' />
<link:calculationArc order='20' weight='1.0' xlink:arcrole='http://www.xbrl.org/2003/arcrole/summation-item' xlink:from='loc_NetIncomeLossAttributableToNonredeemableNoncontrollingInterest' xlink:to='loc_NoncontrollingInterestInNetIncomeLossLimitedPartnershipsNonredeemable' xlink:type='arc' />
<link:calculationArc order='30' weight='1.0' xlink:arcrole='http://www.xbrl.org/2003/arcrole/summation-item' xlink:from='loc_NetIncomeLossAttributableToNonredeemableNoncontrollingInterest' xlink:to='loc_NoncontrollingInterestInNetIncomeLossOperatingPartnershipsNonredeemable' xlink:type='arc' />
<link:calculationArc order='40' weight='1.0' xlink:arcrole='http://www.xbrl.org/2003/arcrole/summation-item' xlink:from='loc_NetIncomeLossAttributableToNonredeemableNoncontrollingInterest' xlink:to='loc_NoncontrollingInterestInNetIncomeLossOtherNoncontrollingInterestsNonredeemable' xlink:type='arc' />
<link:calculationArc order='50' weight='1.0' xlink:arcrole='http://www.xbrl.org/2003/arcrole/summation-item' xlink:from='loc_NetIncomeLossAttributableToNonredeemableNoncontrollingInterest' xlink:to='loc_NoncontrollingInterestInNetIncomeLossPreferredUnitHoldersNonredeemable' xlink:type='arc' />
<link:calculationArc order='20' weight='1.0' xlink:arcrole='http://www.xbrl.org/2003/arcrole/summation-item' xlink:from='loc_NetIncomeLossAttributableToNoncontrollingInterest' xlink:to='loc_NetIncomeLossAttributableToRedeemableNoncontrollingInterest' xlink:type='arc' />
<link:calculationArc order='10' weight='1.0' xlink:arcrole='http://www.xbrl.org/2003/arcrole/summation-item' xlink:from='loc_NetIncomeLossAttributableToRedeemableNoncontrollingInterest' xlink:to='loc_NoncontrollingInterestInNetIncomeLossJointVenturePartnersRedeemable' xlink:type='arc' />
<link:calculationArc order='20' weight='1.0' xlink:arcrole='http://www.xbrl.org/2003/arcrole/summation-item' xlink:from='loc_NetIncomeLossAttributableToRedeemableNoncontrollingInterest' xlink:to='loc_NoncontrollingInterestInNetIncomeLossLimitedPartnershipsRedeemable' xlink:type='arc' />
<link:calculationArc order='30' weight='1.0' xlink:arcrole='http://www.xbrl.org/2003/arcrole/summation-item' xlink:from='loc_NetIncomeLossAttributableToRedeemableNoncontrollingInterest' xlink:to='loc_NoncontrollingInterestInNetIncomeLossOperatingPartnershipsRedeemable' xlink:type='arc' />
<link:calculationArc order='40' weight='1.0' xlink:arcrole='http://www.xbrl.org/2003/arcrole/summation-item' xlink:from='loc_NetIncomeLossAttributableToRedeemableNoncontrollingInterest' xlink:to='loc_NoncontrollingInterestInNetIncomeLossOtherNoncontrollingInterestsRedeemable' xlink:type='arc' />
<link:calculationArc order='50' weight='1.0' xlink:arcrole='http://www.xbrl.org/2003/arcrole/summation-item' xlink:from='loc_NetIncomeLossAttributableToRedeemableNoncontrollingInterest' xlink:to='loc_NoncontrollingInterestInNetIncomeLossPreferredUnitHoldersRedeemable' xlink:type='arc' />
<link:calculationArc order='20' weight='-1.0' xlink:arcrole='http://www.xbrl.org/2003/arcrole/summation-item' xlink:from='loc_NetIncomeLossAvailableToCommonStockholdersBasic' xlink:to='loc_PreferredStockDividendsAndOtherAdjustments' xlink:type='arc' />
<link:calculationArc order='10' weight='1.0' xlink:arcrole='http://www.xbrl.org/2003/arcrole/summation-item' xlink:from='loc_PreferredStockDividendsAndOtherAdjustments' xlink:to='loc_PreferredStockDividendsIncomeStatementImpact' xlink:type='arc' />
<link:calculationArc order='20' use='optional' weight='1.0' xlink:arcrole='http://www.xbrl.org/2003/arcrole/summation-item' xlink:from='loc_PreferredStockDividendsAndOtherAdjustments' xlink:to='loc_RedeemablePreferredStockDividends' xlink:type='arc' />
<link:calculationArc order='30' use='optional' weight='1.0' xlink:arcrole='http://www.xbrl.org/2003/arcrole/summation-item' xlink:from='loc_PreferredStockDividendsAndOtherAdjustments' xlink:to='loc_ConvertiblePreferredStockConvertedToOtherSecurities' xlink:type='arc' />
<link:calculationArc order='40' weight='1.0' xlink:arcrole='http://www.xbrl.org/2003/arcrole/summation-item' xlink:from='loc_PreferredStockDividendsAndOtherAdjustments' xlink:to='loc_PreferredStockRedemptionPremium' xlink:type='arc' />
<link:calculationArc order='50' weight='-1.0' xlink:arcrole='http://www.xbrl.org/2003/arcrole/summation-item' xlink:from='loc_PreferredStockDividendsAndOtherAdjustments' xlink:to='loc_PreferredStockRedemptionDiscount' xlink:type='arc' />
<link:calculationArc order='60' weight='1.0' xlink:arcrole='http://www.xbrl.org/2003/arcrole/summation-item' xlink:from='loc_PreferredStockDividendsAndOtherAdjustments' xlink:to='loc_PreferredStockConversionsInducements' xlink:type='arc' />
<link:calculationArc order='70' weight='1.0' xlink:arcrole='http://www.xbrl.org/2003/arcrole/summation-item' xlink:from='loc_PreferredStockDividendsAndOtherAdjustments' xlink:to='loc_TemporaryEquityDividendsAdjustment' xlink:type='arc' />
<link:calculationArc order='80' weight='1.0' xlink:arcrole='http://www.xbrl.org/2003/arcrole/summation-item' xlink:from='loc_PreferredStockDividendsAndOtherAdjustments' xlink:to='loc_TemporaryEquityAccretionToRedemptionValueAdjustment' xlink:type='arc' />
<link:calculationArc order='90' weight='1.0' xlink:arcrole='http://www.xbrl.org/2003/arcrole/summation-item' xlink:from='loc_PreferredStockDividendsAndOtherAdjustments' xlink:to='loc_GeneralPartnerDistributions' xlink:type='arc' />
<link:calculationArc order='100' weight='1.0' xlink:arcrole='http://www.xbrl.org/2003/arcrole/summation-item' xlink:from='loc_PreferredStockDividendsAndOtherAdjustments' xlink:to='loc_OtherPreferredStockDividendsAndAdjustments' xlink:type='arc' />
</link:calculationLink>
</link:linkbase>
