<?xml version='1.0' encoding='UTF-8'?>

<!--
(c) XBRL US, Inc. 2007-2010; Financial Accounting Foundation, Inc. 2010-2013.  All Rights Reserved.
Notice: Authorized Uses are Set Forth at http://xbrl.fasb.org/terms/TaxonomiesTermsConditions.html
  -->
<link:linkbase xmlns:link='http://www.xbrl.org/2003/linkbase' xmlns:xbrldt='http://xbrl.org/2005/xbrldt' xmlns:xlink='http://www.w3.org/1999/xlink' xmlns:xsi='http://www.w3.org/2001/XMLSchema-instance' xsi:schemaLocation='http://www.xbrl.org/2003/linkbase http://www.xbrl.org/2003/xbrl-linkbase-2003-12-31.xsd'>
<link:roleRef roleURI='http://fasb.org/us-gaap/role/statement/StatementOfCashFlowsIndirectSecuritiesBasedOperationsFourthAlternate' xlink:href='../elts/us-roles-2013-01-31.xsd#scf-sbo4' xlink:type='simple' />
<link:calculationLink xlink:role='http://fasb.org/us-gaap/role/statement/StatementOfCashFlowsIndirectSecuritiesBasedOperationsFourthAlternate' xlink:type='extended'>
<link:loc xlink:href='../elts/us-gaap-2013-01-31.xsd#us-gaap_PaymentsForProceedsFromInvestments' xlink:label='loc_PaymentsForProceedsFromInvestments' xlink:type='locator' />
<link:loc xlink:href='../elts/us-gaap-2013-01-31.xsd#us-gaap_PaymentsForProceedsFromLoansReceivable' xlink:label='loc_PaymentsForProceedsFromLoansReceivable' xlink:type='locator' />
<link:loc xlink:href='../elts/us-gaap-2013-01-31.xsd#us-gaap_PaymentsToAcquireLoansReceivable' xlink:label='loc_PaymentsToAcquireLoansReceivable' xlink:type='locator' />
<link:loc xlink:href='../elts/us-gaap-2013-01-31.xsd#us-gaap_ProceedsFromSaleOfLoansReceivable' xlink:label='loc_ProceedsFromSaleOfLoansReceivable' xlink:type='locator' />
<link:loc xlink:href='../elts/us-gaap-2013-01-31.xsd#us-gaap_ProceedsFromCollectionOfLoansReceivable' xlink:label='loc_ProceedsFromCollectionOfLoansReceivable' xlink:type='locator' />
<link:calculationArc order='10' weight='1.0' xlink:arcrole='http://www.xbrl.org/2003/arcrole/summation-item' xlink:from='loc_PaymentsForProceedsFromInvestments' xlink:to='loc_PaymentsForProceedsFromLoansReceivable' xlink:type='arc' />
<link:calculationArc order='10' weight='1.0' xlink:arcrole='http://www.xbrl.org/2003/arcrole/summation-item' xlink:from='loc_PaymentsForProceedsFromLoansReceivable' xlink:to='loc_PaymentsToAcquireLoansReceivable' xlink:type='arc' />
<link:calculationArc order='20' weight='-1.0' xlink:arcrole='http://www.xbrl.org/2003/arcrole/summation-item' xlink:from='loc_PaymentsForProceedsFromLoansReceivable' xlink:to='loc_ProceedsFromSaleOfLoansReceivable' xlink:type='arc' />
<link:calculationArc order='30' weight='-1.0' xlink:arcrole='http://www.xbrl.org/2003/arcrole/summation-item' xlink:from='loc_PaymentsForProceedsFromLoansReceivable' xlink:to='loc_ProceedsFromCollectionOfLoansReceivable' xlink:type='arc' />
</link:calculationLink>
</link:linkbase>
