<?xml version='1.0' encoding='UTF-8'?>

<!--
(c) XBRL US, Inc. 2007-2010; Financial Accounting Foundation, Inc. 2010-2013.  All Rights Reserved.
Notice: Authorized Uses are Set Forth at http://xbrl.fasb.org/terms/TaxonomiesTermsConditions.html
  -->
<link:linkbase xmlns:link='http://www.xbrl.org/2003/linkbase' xmlns:xbrldt='http://xbrl.org/2005/xbrldt' xmlns:xlink='http://www.w3.org/1999/xlink' xmlns:xsi='http://www.w3.org/2001/XMLSchema-instance' xsi:schemaLocation='http://www.xbrl.org/2003/linkbase http://www.xbrl.org/2003/xbrl-linkbase-2003-12-31.xsd'>
<link:roleRef roleURI='http://fasb.org/us-gaap/role/statement/StatementOfFinancialPositionClassifiedFirstAlternative' xlink:href='../elts/us-roles-2013-01-31.xsd#sfp-cls1' xlink:type='simple' />
<link:calculationLink xlink:role='http://fasb.org/us-gaap/role/statement/StatementOfFinancialPositionClassifiedFirstAlternative' xlink:type='extended'>
<link:loc xlink:href='../elts/us-gaap-2013-01-31.xsd#us-gaap_LimitedLiabilityCompanyLlcMembersEquityIncludingPortionAttributableToNoncontrollingInterest' xlink:label='loc_LimitedLiabilityCompanyLlcMembersEquityIncludingPortionAttributableToNoncontrollingInterest' xlink:type='locator' />
<link:loc xlink:href='../elts/us-gaap-2013-01-31.xsd#us-gaap_MembersEquityAttributableToNoncontrollingInterest' xlink:label='loc_MembersEquityAttributableToNoncontrollingInterest' xlink:type='locator' />
<link:loc xlink:href='../elts/us-gaap-2013-01-31.xsd#us-gaap_MembersEquity' xlink:label='loc_MembersEquity' xlink:type='locator' />
<link:loc xlink:href='../elts/us-gaap-2013-01-31.xsd#us-gaap_MembersCapital' xlink:label='loc_MembersCapital' xlink:type='locator' />
<link:loc xlink:href='../elts/us-gaap-2013-01-31.xsd#us-gaap_NotesReceivableByOwnerToLimitedLiabilityCompanyLLC' xlink:label='loc_NotesReceivableByOwnerToLimitedLiabilityCompanyLLC' xlink:type='locator' />
<link:loc xlink:href='../elts/us-gaap-2013-01-31.xsd#us-gaap_RetainedEarningsAccumulatedDeficit' xlink:label='loc_RetainedEarningsAccumulatedDeficit' xlink:type='locator' />
<link:loc xlink:href='../elts/us-gaap-2013-01-31.xsd#us-gaap_AccumulatedOtherComprehensiveIncomeLossNetOfTax' xlink:label='loc_AccumulatedOtherComprehensiveIncomeLossNetOfTax' xlink:type='locator' />
<link:loc xlink:href='../elts/us-gaap-2013-01-31.xsd#us-gaap_MarketableSecuritiesCurrent' xlink:label='loc_MarketableSecuritiesCurrent' xlink:type='locator' />
<link:loc xlink:href='../elts/us-gaap-2013-01-31.xsd#us-gaap_MarketableSecuritiesEquitySecuritiesCurrent' xlink:label='loc_MarketableSecuritiesEquitySecuritiesCurrent' xlink:type='locator' />
<link:loc xlink:href='../elts/us-gaap-2013-01-31.xsd#us-gaap_TradingSecuritiesEquityCurrent' xlink:label='loc_TradingSecuritiesEquityCurrent' xlink:type='locator' />
<link:loc xlink:href='../elts/us-gaap-2013-01-31.xsd#us-gaap_AvailableForSaleSecuritiesEquitySecuritiesCurrent' xlink:label='loc_AvailableForSaleSecuritiesEquitySecuritiesCurrent' xlink:type='locator' />
<link:loc xlink:href='../elts/us-gaap-2013-01-31.xsd#us-gaap_MarketableSecuritiesFixedMaturitiesCurrent' xlink:label='loc_MarketableSecuritiesFixedMaturitiesCurrent' xlink:type='locator' />
<link:loc xlink:href='../elts/us-gaap-2013-01-31.xsd#us-gaap_HeldToMaturitySecuritiesCurrent' xlink:label='loc_HeldToMaturitySecuritiesCurrent' xlink:type='locator' />
<link:loc xlink:href='../elts/us-gaap-2013-01-31.xsd#us-gaap_TradingSecuritiesDebt' xlink:label='loc_TradingSecuritiesDebt' xlink:type='locator' />
<link:loc xlink:href='../elts/us-gaap-2013-01-31.xsd#us-gaap_AvailableForSaleSecuritiesDebtSecuritiesCurrent' xlink:label='loc_AvailableForSaleSecuritiesDebtSecuritiesCurrent' xlink:type='locator' />
<link:loc xlink:href='../elts/us-gaap-2013-01-31.xsd#us-gaap_OtherMarketableSecuritiesCurrent' xlink:label='loc_OtherMarketableSecuritiesCurrent' xlink:type='locator' />
<link:loc xlink:href='../elts/us-gaap-2013-01-31.xsd#us-gaap_PartnersCapitalIncludingPortionAttributableToNoncontrollingInterest' xlink:label='loc_PartnersCapitalIncludingPortionAttributableToNoncontrollingInterest' xlink:type='locator' />
<link:loc xlink:href='../elts/us-gaap-2013-01-31.xsd#us-gaap_PartnersCapital' xlink:label='loc_PartnersCapital' xlink:type='locator' />
<link:loc xlink:href='../elts/us-gaap-2013-01-31.xsd#us-gaap_GeneralPartnersCapitalAccount' xlink:label='loc_GeneralPartnersCapitalAccount' xlink:type='locator' />
<link:loc xlink:href='../elts/us-gaap-2013-01-31.xsd#us-gaap_LimitedPartnersCapitalAccount' xlink:label='loc_LimitedPartnersCapitalAccount' xlink:type='locator' />
<link:loc xlink:href='../elts/us-gaap-2013-01-31.xsd#us-gaap_PreferredUnitsPreferredPartnersCapitalAccounts' xlink:label='loc_PreferredUnitsPreferredPartnersCapitalAccounts' xlink:type='locator' />
<link:loc xlink:href='../elts/us-gaap-2013-01-31.xsd#us-gaap_PartnersCapitalDeferredCompensation' xlink:label='loc_PartnersCapitalDeferredCompensation' xlink:type='locator' />
<link:loc xlink:href='../elts/us-gaap-2013-01-31.xsd#us-gaap_PartnersCapitalDeferredCompensationOnRestrictedUnit' xlink:label='loc_PartnersCapitalDeferredCompensationOnRestrictedUnit' xlink:type='locator' />
<link:loc xlink:href='../elts/us-gaap-2013-01-31.xsd#us-gaap_PartnersCapitalOtherDeferredCompensation' xlink:label='loc_PartnersCapitalOtherDeferredCompensation' xlink:type='locator' />
<link:loc xlink:href='../elts/us-gaap-2013-01-31.xsd#us-gaap_OtherPartnersCapital' xlink:label='loc_OtherPartnersCapital' xlink:type='locator' />
<link:loc xlink:href='../elts/us-gaap-2013-01-31.xsd#us-gaap_PartnersCapitalAllocatedForIncomeTaxAndOtherWithdrawals' xlink:label='loc_PartnersCapitalAllocatedForIncomeTaxAndOtherWithdrawals' xlink:type='locator' />
<link:loc xlink:href='../elts/us-gaap-2013-01-31.xsd#us-gaap_OtherOwnershipInterestsCapitalAccount' xlink:label='loc_OtherOwnershipInterestsCapitalAccount' xlink:type='locator' />
<link:loc xlink:href='../elts/us-gaap-2013-01-31.xsd#us-gaap_OfferingCostsPartnershipInterests' xlink:label='loc_OfferingCostsPartnershipInterests' xlink:type='locator' />
<link:loc xlink:href='../elts/us-gaap-2013-01-31.xsd#us-gaap_PartnersCapitalAttributableToNoncontrollingInterest' xlink:label='loc_PartnersCapitalAttributableToNoncontrollingInterest' xlink:type='locator' />
<link:calculationArc order='10' weight='1.0' xlink:arcrole='http://www.xbrl.org/2003/arcrole/summation-item' xlink:from='loc_LimitedLiabilityCompanyLlcMembersEquityIncludingPortionAttributableToNoncontrollingInterest' xlink:to='loc_MembersEquityAttributableToNoncontrollingInterest' xlink:type='arc' />
<link:calculationArc order='20' weight='1.0' xlink:arcrole='http://www.xbrl.org/2003/arcrole/summation-item' xlink:from='loc_LimitedLiabilityCompanyLlcMembersEquityIncludingPortionAttributableToNoncontrollingInterest' xlink:to='loc_MembersEquity' xlink:type='arc' />
<link:calculationArc order='10' weight='1.0' xlink:arcrole='http://www.xbrl.org/2003/arcrole/summation-item' xlink:from='loc_MembersEquity' xlink:to='loc_MembersCapital' xlink:type='arc' />
<link:calculationArc order='20' weight='-1.0' xlink:arcrole='http://www.xbrl.org/2003/arcrole/summation-item' xlink:from='loc_MembersEquity' xlink:to='loc_NotesReceivableByOwnerToLimitedLiabilityCompanyLLC' xlink:type='arc' />
<link:calculationArc order='30' weight='1.0' xlink:arcrole='http://www.xbrl.org/2003/arcrole/summation-item' xlink:from='loc_MembersEquity' xlink:to='loc_RetainedEarningsAccumulatedDeficit' xlink:type='arc' />
<link:calculationArc order='40' weight='1.0' xlink:arcrole='http://www.xbrl.org/2003/arcrole/summation-item' xlink:from='loc_MembersEquity' xlink:to='loc_AccumulatedOtherComprehensiveIncomeLossNetOfTax' xlink:type='arc' />
<link:calculationArc order='10' weight='1.0' xlink:arcrole='http://www.xbrl.org/2003/arcrole/summation-item' xlink:from='loc_MarketableSecuritiesCurrent' xlink:to='loc_MarketableSecuritiesEquitySecuritiesCurrent' xlink:type='arc' />
<link:calculationArc order='10' weight='1.0' xlink:arcrole='http://www.xbrl.org/2003/arcrole/summation-item' xlink:from='loc_MarketableSecuritiesEquitySecuritiesCurrent' xlink:to='loc_TradingSecuritiesEquityCurrent' xlink:type='arc' />
<link:calculationArc order='20' weight='1.0' xlink:arcrole='http://www.xbrl.org/2003/arcrole/summation-item' xlink:from='loc_MarketableSecuritiesEquitySecuritiesCurrent' xlink:to='loc_AvailableForSaleSecuritiesEquitySecuritiesCurrent' xlink:type='arc' />
<link:calculationArc order='20' weight='1.0' xlink:arcrole='http://www.xbrl.org/2003/arcrole/summation-item' xlink:from='loc_MarketableSecuritiesCurrent' xlink:to='loc_MarketableSecuritiesFixedMaturitiesCurrent' xlink:type='arc' />
<link:calculationArc order='10' weight='1.0' xlink:arcrole='http://www.xbrl.org/2003/arcrole/summation-item' xlink:from='loc_MarketableSecuritiesFixedMaturitiesCurrent' xlink:to='loc_HeldToMaturitySecuritiesCurrent' xlink:type='arc' />
<link:calculationArc order='20' weight='1.0' xlink:arcrole='http://www.xbrl.org/2003/arcrole/summation-item' xlink:from='loc_MarketableSecuritiesFixedMaturitiesCurrent' xlink:to='loc_TradingSecuritiesDebt' xlink:type='arc' />
<link:calculationArc order='30' weight='1.0' xlink:arcrole='http://www.xbrl.org/2003/arcrole/summation-item' xlink:from='loc_MarketableSecuritiesFixedMaturitiesCurrent' xlink:to='loc_AvailableForSaleSecuritiesDebtSecuritiesCurrent' xlink:type='arc' />
<link:calculationArc order='30' weight='1.0' xlink:arcrole='http://www.xbrl.org/2003/arcrole/summation-item' xlink:from='loc_MarketableSecuritiesCurrent' xlink:to='loc_OtherMarketableSecuritiesCurrent' xlink:type='arc' />
<link:calculationArc order='10' weight='1.0' xlink:arcrole='http://www.xbrl.org/2003/arcrole/summation-item' xlink:from='loc_PartnersCapitalIncludingPortionAttributableToNoncontrollingInterest' xlink:to='loc_PartnersCapital' xlink:type='arc' />
<link:calculationArc order='10' weight='1.0' xlink:arcrole='http://www.xbrl.org/2003/arcrole/summation-item' xlink:from='loc_PartnersCapital' xlink:to='loc_GeneralPartnersCapitalAccount' xlink:type='arc' />
<link:calculationArc order='20' weight='1.0' xlink:arcrole='http://www.xbrl.org/2003/arcrole/summation-item' xlink:from='loc_PartnersCapital' xlink:to='loc_LimitedPartnersCapitalAccount' xlink:type='arc' />
<link:calculationArc order='30' weight='1.0' xlink:arcrole='http://www.xbrl.org/2003/arcrole/summation-item' xlink:from='loc_PartnersCapital' xlink:to='loc_PreferredUnitsPreferredPartnersCapitalAccounts' xlink:type='arc' />
<link:calculationArc order='40' weight='-1.0' xlink:arcrole='http://www.xbrl.org/2003/arcrole/summation-item' xlink:from='loc_PartnersCapital' xlink:to='loc_PartnersCapitalDeferredCompensation' xlink:type='arc' />
<link:calculationArc order='10' weight='1.0' xlink:arcrole='http://www.xbrl.org/2003/arcrole/summation-item' xlink:from='loc_PartnersCapitalDeferredCompensation' xlink:to='loc_PartnersCapitalDeferredCompensationOnRestrictedUnit' xlink:type='arc' />
<link:calculationArc order='20' weight='1.0' xlink:arcrole='http://www.xbrl.org/2003/arcrole/summation-item' xlink:from='loc_PartnersCapitalDeferredCompensation' xlink:to='loc_PartnersCapitalOtherDeferredCompensation' xlink:type='arc' />
<link:calculationArc order='50' weight='1.0' xlink:arcrole='http://www.xbrl.org/2003/arcrole/summation-item' xlink:from='loc_PartnersCapital' xlink:to='loc_OtherPartnersCapital' xlink:type='arc' />
<link:calculationArc order='60' weight='1.0' xlink:arcrole='http://www.xbrl.org/2003/arcrole/summation-item' xlink:from='loc_PartnersCapital' xlink:to='loc_PartnersCapitalAllocatedForIncomeTaxAndOtherWithdrawals' xlink:type='arc' />
<link:calculationArc order='70' weight='1.0' xlink:arcrole='http://www.xbrl.org/2003/arcrole/summation-item' xlink:from='loc_PartnersCapital' xlink:to='loc_OtherOwnershipInterestsCapitalAccount' xlink:type='arc' />
<link:calculationArc order='80' weight='1.0' xlink:arcrole='http://www.xbrl.org/2003/arcrole/summation-item' xlink:from='loc_PartnersCapital' xlink:to='loc_AccumulatedOtherComprehensiveIncomeLossNetOfTax' xlink:type='arc' />
<link:calculationArc order='90' weight='1.0' xlink:arcrole='http://www.xbrl.org/2003/arcrole/summation-item' xlink:from='loc_PartnersCapital' xlink:to='loc_RetainedEarningsAccumulatedDeficit' xlink:type='arc' />
<link:calculationArc order='100' weight='-1.0' xlink:arcrole='http://www.xbrl.org/2003/arcrole/summation-item' xlink:from='loc_PartnersCapital' xlink:to='loc_OfferingCostsPartnershipInterests' xlink:type='arc' />
<link:calculationArc order='20' weight='1.0' xlink:arcrole='http://www.xbrl.org/2003/arcrole/summation-item' xlink:from='loc_PartnersCapitalIncludingPortionAttributableToNoncontrollingInterest' xlink:to='loc_PartnersCapitalAttributableToNoncontrollingInterest' xlink:type='arc' />
</link:calculationLink>
</link:linkbase>
