<?xml version='1.0' encoding='UTF-8'?>

<!--
(c) XBRL US, Inc. 2007-2010; Financial Accounting Foundation, Inc. 2010-2013.  All Rights Reserved.
Notice: Authorized Uses are Set Forth at http://xbrl.fasb.org/terms/TaxonomiesTermsConditions.html
  -->
<link:linkbase xmlns:link='http://www.xbrl.org/2003/linkbase' xmlns:xbrldt='http://xbrl.org/2005/xbrldt' xmlns:xlink='http://www.w3.org/1999/xlink' xmlns:xsi='http://www.w3.org/2001/XMLSchema-instance' xsi:schemaLocation='http://www.xbrl.org/2003/linkbase http://www.xbrl.org/2003/xbrl-linkbase-2003-12-31.xsd'>
<link:roleRef roleURI='http://fasb.org/us-gaap/role/statement/StatementOfCashFlowsIndirectDepositBasedOperationsFourthAlternate' xlink:href='../elts/us-roles-2013-01-31.xsd#scf-dbo4' xlink:type='simple' />
<link:calculationLink xlink:role='http://fasb.org/us-gaap/role/statement/StatementOfCashFlowsIndirectDepositBasedOperationsFourthAlternate' xlink:type='extended'>
<link:loc xlink:href='../elts/us-gaap-2013-01-31.xsd#us-gaap_IncreaseDecreaseInDeposits' xlink:label='loc_IncreaseDecreaseInDeposits' xlink:type='locator' />
<link:loc xlink:href='../elts/us-gaap-2013-01-31.xsd#us-gaap_NetChangeInterestAndNoninterestBearingDepositsDomestic' xlink:label='loc_NetChangeInterestAndNoninterestBearingDepositsDomestic' xlink:type='locator' />
<link:loc xlink:href='../elts/us-gaap-2013-01-31.xsd#us-gaap_NetChangeInterestBearingDepositsDomestic' xlink:label='loc_NetChangeInterestBearingDepositsDomestic' xlink:type='locator' />
<link:loc xlink:href='../elts/us-gaap-2013-01-31.xsd#us-gaap_NetChangeNoninterestBearingDepositsDomestic' xlink:label='loc_NetChangeNoninterestBearingDepositsDomestic' xlink:type='locator' />
<link:loc xlink:href='../elts/us-gaap-2013-01-31.xsd#us-gaap_NetChangeInterestAndNoninterestBearingDepositsForeign' xlink:label='loc_NetChangeInterestAndNoninterestBearingDepositsForeign' xlink:type='locator' />
<link:loc xlink:href='../elts/us-gaap-2013-01-31.xsd#us-gaap_NetChangeInterestBearingDepositsForeign' xlink:label='loc_NetChangeInterestBearingDepositsForeign' xlink:type='locator' />
<link:loc xlink:href='../elts/us-gaap-2013-01-31.xsd#us-gaap_NetChangeNoninterestBearingDepositsForeign' xlink:label='loc_NetChangeNoninterestBearingDepositsForeign' xlink:type='locator' />
<link:calculationArc order='10' weight='1.0' xlink:arcrole='http://www.xbrl.org/2003/arcrole/summation-item' xlink:from='loc_IncreaseDecreaseInDeposits' xlink:to='loc_NetChangeInterestAndNoninterestBearingDepositsDomestic' xlink:type='arc' />
<link:calculationArc order='10' weight='1.0' xlink:arcrole='http://www.xbrl.org/2003/arcrole/summation-item' xlink:from='loc_NetChangeInterestAndNoninterestBearingDepositsDomestic' xlink:to='loc_NetChangeInterestBearingDepositsDomestic' xlink:type='arc' />
<link:calculationArc order='20' weight='1.0' xlink:arcrole='http://www.xbrl.org/2003/arcrole/summation-item' xlink:from='loc_NetChangeInterestAndNoninterestBearingDepositsDomestic' xlink:to='loc_NetChangeNoninterestBearingDepositsDomestic' xlink:type='arc' />
<link:calculationArc order='20' weight='1.0' xlink:arcrole='http://www.xbrl.org/2003/arcrole/summation-item' xlink:from='loc_IncreaseDecreaseInDeposits' xlink:to='loc_NetChangeInterestAndNoninterestBearingDepositsForeign' xlink:type='arc' />
<link:calculationArc order='10' weight='1.0' xlink:arcrole='http://www.xbrl.org/2003/arcrole/summation-item' xlink:from='loc_NetChangeInterestAndNoninterestBearingDepositsForeign' xlink:to='loc_NetChangeInterestBearingDepositsForeign' xlink:type='arc' />
<link:calculationArc order='20' weight='1.0' xlink:arcrole='http://www.xbrl.org/2003/arcrole/summation-item' xlink:from='loc_NetChangeInterestAndNoninterestBearingDepositsForeign' xlink:to='loc_NetChangeNoninterestBearingDepositsForeign' xlink:type='arc' />
</link:calculationLink>
</link:linkbase>
