<?xml version='1.0' encoding='UTF-8'?>

<!--
(c) XBRL US, Inc. 2007-2010; Financial Accounting Foundation, Inc. 2010-2014.  All Rights Reserved.
Notice: Authorized Uses are Set Forth at http://xbrl.fasb.org/terms/TaxonomiesTermsConditions.html
  -->
<link:linkbase xmlns:link='http://www.xbrl.org/2003/linkbase' xmlns:xbrldt='http://xbrl.org/2005/xbrldt' xmlns:xlink='http://www.w3.org/1999/xlink' xmlns:xsi='http://www.w3.org/2001/XMLSchema-instance' xsi:schemaLocation='http://www.xbrl.org/2003/linkbase http://www.xbrl.org/2003/xbrl-linkbase-2003-12-31.xsd'>
<link:roleRef roleURI='http://fasb.org/us-gaap/role/statement/StatementOfIncomeAlternateAggregations' xlink:href='../elts/us-roles-2014-01-31.xsd#soi-indira' xlink:type='simple' />
<link:presentationLink xlink:role='http://fasb.org/us-gaap/role/statement/StatementOfIncomeAlternateAggregations' xlink:type='extended'>
<link:loc xlink:href='../elts/us-gaap-2014-01-31.xsd#us-gaap_GoodwillAndIntangibleAssetImpairmentAbstract' xlink:label='loc_GoodwillAndIntangibleAssetImpairmentAbstract' xlink:type='locator' />
<link:loc xlink:href='../elts/us-gaap-2014-01-31.xsd#us-gaap_GoodwillImpairmentLoss' xlink:label='loc_GoodwillImpairmentLoss' xlink:type='locator' />
<link:loc xlink:href='../elts/us-gaap-2014-01-31.xsd#us-gaap_ImpairmentOfIntangibleAssetsIndefinitelivedExcludingGoodwill' xlink:label='loc_ImpairmentOfIntangibleAssetsIndefinitelivedExcludingGoodwill' xlink:type='locator' />
<link:loc xlink:href='../elts/us-gaap-2014-01-31.xsd#us-gaap_GoodwillAndIntangibleAssetImpairment' xlink:label='loc_GoodwillAndIntangibleAssetImpairment' xlink:type='locator' />
<link:loc xlink:href='../elts/us-gaap-2014-01-31.xsd#us-gaap_InterestExpenseAbstract' xlink:label='loc_InterestExpenseAbstract' xlink:type='locator' />
<link:loc xlink:href='../elts/us-gaap-2014-01-31.xsd#us-gaap_InterestCostsIncurred' xlink:label='loc_InterestCostsIncurred' xlink:type='locator' />
<link:loc xlink:href='../elts/us-gaap-2014-01-31.xsd#us-gaap_InterestCostsCapitalizedAdjustment' xlink:label='loc_InterestCostsCapitalizedAdjustment' xlink:type='locator' />
<link:loc xlink:href='../elts/us-gaap-2014-01-31.xsd#us-gaap_InterestExpense' xlink:label='loc_InterestExpense' xlink:type='locator' />
<link:loc xlink:href='../elts/us-gaap-2014-01-31.xsd#us-gaap_SupplementalIncomeStatementElementsAbstract' xlink:label='loc_SupplementalIncomeStatementElementsAbstract' xlink:type='locator' />
<link:loc xlink:href='../elts/us-gaap-2014-01-31.xsd#us-gaap_CostsAndExpensesRelatedParty' xlink:label='loc_CostsAndExpensesRelatedParty' xlink:type='locator' />
<link:loc xlink:href='../elts/us-gaap-2014-01-31.xsd#us-gaap_CostOfDomesticRegulatedGasRevenue' xlink:label='loc_CostOfDomesticRegulatedGasRevenue' xlink:type='locator' />
<link:loc xlink:href='../elts/us-gaap-2014-01-31.xsd#us-gaap_CostOfGoodsSoldExcludingDepreciationDepletionAndAmortization' xlink:label='loc_CostOfGoodsSoldExcludingDepreciationDepletionAndAmortization' xlink:type='locator' />
<link:loc xlink:href='../elts/us-gaap-2014-01-31.xsd#us-gaap_CostOfMerchandiseSalesBuyingAndOccupancyCosts' xlink:label='loc_CostOfMerchandiseSalesBuyingAndOccupancyCosts' xlink:type='locator' />
<link:loc xlink:href='../elts/us-gaap-2014-01-31.xsd#us-gaap_CostOfServicesExcludingDepreciationDepletionAndAmortization' xlink:label='loc_CostOfServicesExcludingDepreciationDepletionAndAmortization' xlink:type='locator' />
<link:loc xlink:href='../elts/us-gaap-2014-01-31.xsd#us-gaap_CostOfServicesOilAndGas' xlink:label='loc_CostOfServicesOilAndGas' xlink:type='locator' />
<link:loc xlink:href='../elts/us-gaap-2014-01-31.xsd#us-gaap_FeesAndCommissionsMortgageBankingAndServicing' xlink:label='loc_FeesAndCommissionsMortgageBankingAndServicing' xlink:type='locator' />
<link:loc xlink:href='../elts/us-gaap-2014-01-31.xsd#us-gaap_GainLossOnSalesOfAssetsAndAssetImpairmentCharges' xlink:label='loc_GainLossOnSalesOfAssetsAndAssetImpairmentCharges' xlink:type='locator' />
<link:loc xlink:href='../elts/us-gaap-2014-01-31.xsd#us-gaap_NoninterestExpenseDistributionAndServicingFees' xlink:label='loc_NoninterestExpenseDistributionAndServicingFees' xlink:type='locator' />
<link:loc xlink:href='../elts/us-gaap-2014-01-31.xsd#us-gaap_UtilitiesOperatingExpenseMaintenanceOperationsAndOtherCostsAndExpenses' xlink:label='loc_UtilitiesOperatingExpenseMaintenanceOperationsAndOtherCostsAndExpenses' xlink:type='locator' />
<link:loc xlink:href='../elts/us-gaap-2014-01-31.xsd#us-gaap_OtherOperatingIncomeExpenseNet' xlink:label='loc_OtherOperatingIncomeExpenseNet' xlink:type='locator' />
<link:loc xlink:href='../elts/us-gaap-2014-01-31.xsd#us-gaap_LeasingCommissionsExpense' xlink:label='loc_LeasingCommissionsExpense' xlink:type='locator' />
<link:loc xlink:href='../elts/us-gaap-2014-01-31.xsd#us-gaap_InterestIncomeOther' xlink:label='loc_InterestIncomeOther' xlink:type='locator' />
<link:presentationArc order='10' xlink:arcrole='http://www.xbrl.org/2003/arcrole/parent-child' xlink:from='loc_GoodwillAndIntangibleAssetImpairmentAbstract' xlink:to='loc_GoodwillImpairmentLoss' xlink:type='arc' />
<link:presentationArc order='20' xlink:arcrole='http://www.xbrl.org/2003/arcrole/parent-child' xlink:from='loc_GoodwillAndIntangibleAssetImpairmentAbstract' xlink:to='loc_ImpairmentOfIntangibleAssetsIndefinitelivedExcludingGoodwill' xlink:type='arc' />
<link:presentationArc order='30' preferredLabel='http://www.xbrl.org/2003/role/totalLabel' xlink:arcrole='http://www.xbrl.org/2003/arcrole/parent-child' xlink:from='loc_GoodwillAndIntangibleAssetImpairmentAbstract' xlink:to='loc_GoodwillAndIntangibleAssetImpairment' xlink:type='arc' />
<link:presentationArc order='10' xlink:arcrole='http://www.xbrl.org/2003/arcrole/parent-child' xlink:from='loc_InterestExpenseAbstract' xlink:to='loc_InterestCostsIncurred' xlink:type='arc' />
<link:presentationArc order='20' xlink:arcrole='http://www.xbrl.org/2003/arcrole/parent-child' xlink:from='loc_InterestExpenseAbstract' xlink:to='loc_InterestCostsCapitalizedAdjustment' xlink:type='arc' />
<link:presentationArc order='30' preferredLabel='http://www.xbrl.org/2003/role/totalLabel' xlink:arcrole='http://www.xbrl.org/2003/arcrole/parent-child' xlink:from='loc_InterestExpenseAbstract' xlink:to='loc_InterestExpense' xlink:type='arc' />
<link:presentationArc order='10' xlink:arcrole='http://www.xbrl.org/2003/arcrole/parent-child' xlink:from='loc_SupplementalIncomeStatementElementsAbstract' xlink:to='loc_CostsAndExpensesRelatedParty' xlink:type='arc' />
<link:presentationArc order='20' xlink:arcrole='http://www.xbrl.org/2003/arcrole/parent-child' xlink:from='loc_SupplementalIncomeStatementElementsAbstract' xlink:to='loc_CostOfDomesticRegulatedGasRevenue' xlink:type='arc' />
<link:presentationArc order='30' xlink:arcrole='http://www.xbrl.org/2003/arcrole/parent-child' xlink:from='loc_SupplementalIncomeStatementElementsAbstract' xlink:to='loc_CostOfGoodsSoldExcludingDepreciationDepletionAndAmortization' xlink:type='arc' />
<link:presentationArc order='40' xlink:arcrole='http://www.xbrl.org/2003/arcrole/parent-child' xlink:from='loc_SupplementalIncomeStatementElementsAbstract' xlink:to='loc_CostOfMerchandiseSalesBuyingAndOccupancyCosts' xlink:type='arc' />
<link:presentationArc order='50' xlink:arcrole='http://www.xbrl.org/2003/arcrole/parent-child' xlink:from='loc_SupplementalIncomeStatementElementsAbstract' xlink:to='loc_CostOfServicesExcludingDepreciationDepletionAndAmortization' xlink:type='arc' />
<link:presentationArc order='60' xlink:arcrole='http://www.xbrl.org/2003/arcrole/parent-child' xlink:from='loc_SupplementalIncomeStatementElementsAbstract' xlink:to='loc_CostOfServicesOilAndGas' xlink:type='arc' />
<link:presentationArc order='70' xlink:arcrole='http://www.xbrl.org/2003/arcrole/parent-child' xlink:from='loc_SupplementalIncomeStatementElementsAbstract' xlink:to='loc_FeesAndCommissionsMortgageBankingAndServicing' xlink:type='arc' />
<link:presentationArc order='80' xlink:arcrole='http://www.xbrl.org/2003/arcrole/parent-child' xlink:from='loc_SupplementalIncomeStatementElementsAbstract' xlink:to='loc_GainLossOnSalesOfAssetsAndAssetImpairmentCharges' xlink:type='arc' />
<link:presentationArc order='90' xlink:arcrole='http://www.xbrl.org/2003/arcrole/parent-child' xlink:from='loc_SupplementalIncomeStatementElementsAbstract' xlink:to='loc_NoninterestExpenseDistributionAndServicingFees' xlink:type='arc' />
<link:presentationArc order='100' xlink:arcrole='http://www.xbrl.org/2003/arcrole/parent-child' xlink:from='loc_SupplementalIncomeStatementElementsAbstract' xlink:to='loc_UtilitiesOperatingExpenseMaintenanceOperationsAndOtherCostsAndExpenses' xlink:type='arc' />
<link:presentationArc order='110' xlink:arcrole='http://www.xbrl.org/2003/arcrole/parent-child' xlink:from='loc_SupplementalIncomeStatementElementsAbstract' xlink:to='loc_GoodwillAndIntangibleAssetImpairmentAbstract' xlink:type='arc' />
<link:presentationArc order='120' xlink:arcrole='http://www.xbrl.org/2003/arcrole/parent-child' xlink:from='loc_SupplementalIncomeStatementElementsAbstract' xlink:to='loc_InterestExpenseAbstract' xlink:type='arc' />
<link:presentationArc order='130' xlink:arcrole='http://www.xbrl.org/2003/arcrole/parent-child' xlink:from='loc_SupplementalIncomeStatementElementsAbstract' xlink:to='loc_OtherOperatingIncomeExpenseNet' xlink:type='arc' />
<link:presentationArc order='140' xlink:arcrole='http://www.xbrl.org/2003/arcrole/parent-child' xlink:from='loc_SupplementalIncomeStatementElementsAbstract' xlink:to='loc_LeasingCommissionsExpense' xlink:type='arc' />
<link:presentationArc order='150' xlink:arcrole='http://www.xbrl.org/2003/arcrole/parent-child' xlink:from='loc_SupplementalIncomeStatementElementsAbstract' xlink:to='loc_InterestIncomeOther' xlink:type='arc' />
</link:presentationLink>
</link:linkbase>
