<?xml version='1.0' encoding='UTF-8'?>

<!--
(c) XBRL US, Inc. 2007-2010; Financial Accounting Foundation, Inc. 2010-2014.  All Rights Reserved.
Notice: Authorized Uses are Set Forth at http://xbrl.fasb.org/terms/TaxonomiesTermsConditions.html
  -->
<link:linkbase xmlns:link='http://www.xbrl.org/2003/linkbase' xmlns:xbrldt='http://xbrl.org/2005/xbrldt' xmlns:xlink='http://www.w3.org/1999/xlink' xmlns:xsi='http://www.w3.org/2001/XMLSchema-instance' xsi:schemaLocation='http://www.xbrl.org/2003/linkbase http://www.xbrl.org/2003/xbrl-linkbase-2003-12-31.xsd'>
<link:roleRef roleURI='http://fasb.org/us-gaap/role/statement/StatementOfShareholdersEquityAndOtherComprehensiveIncome' xlink:href='../elts/us-roles-2014-01-31.xsd#sheci' xlink:type='simple' />
<link:calculationLink xlink:role='http://fasb.org/us-gaap/role/statement/StatementOfShareholdersEquityAndOtherComprehensiveIncome' xlink:type='extended'>
<link:loc xlink:href='../elts/us-gaap-2014-01-31.xsd#us-gaap_RestrictedStockAwardForfeitures' xlink:label='loc_RestrictedStockAwardForfeitures' xlink:type='locator' />
<link:loc xlink:href='../elts/us-gaap-2014-01-31.xsd#us-gaap_StockIssuedDuringPeriodValueRestrictedStockAwardForfeitures' xlink:label='loc_StockIssuedDuringPeriodValueRestrictedStockAwardForfeitures' xlink:type='locator' />
<link:loc xlink:href='../elts/us-gaap-2014-01-31.xsd#us-gaap_RestrictedStockAwardForfeituresDividends' xlink:label='loc_RestrictedStockAwardForfeituresDividends' xlink:type='locator' />
<link:loc xlink:href='../elts/us-gaap-2014-01-31.xsd#us-gaap_StockDividendsShares' xlink:label='loc_StockDividendsShares' xlink:type='locator' />
<link:loc xlink:href='../elts/us-gaap-2014-01-31.xsd#us-gaap_CommonStockDividendsShares' xlink:label='loc_CommonStockDividendsShares' xlink:type='locator' />
<link:loc xlink:href='../elts/us-gaap-2014-01-31.xsd#us-gaap_PreferredStockDividendsShares' xlink:label='loc_PreferredStockDividendsShares' xlink:type='locator' />
<link:loc xlink:href='../elts/us-gaap-2014-01-31.xsd#us-gaap_StockIssuedDuringPeriodSharesPeriodIncreaseDecrease' xlink:label='loc_StockIssuedDuringPeriodSharesPeriodIncreaseDecrease' xlink:type='locator' />
<link:loc xlink:href='../elts/us-gaap-2014-01-31.xsd#us-gaap_StockIssuedDuringPeriodSharesNewIssues' xlink:label='loc_StockIssuedDuringPeriodSharesNewIssues' xlink:type='locator' />
<link:loc xlink:href='../elts/us-gaap-2014-01-31.xsd#us-gaap_StockIssuedDuringPeriodSharesIssuedForServices' xlink:label='loc_StockIssuedDuringPeriodSharesIssuedForServices' xlink:type='locator' />
<link:loc xlink:href='../elts/us-gaap-2014-01-31.xsd#us-gaap_StockIssuedDuringPeriodSharesShareBasedCompensation' xlink:label='loc_StockIssuedDuringPeriodSharesShareBasedCompensation' xlink:type='locator' />
<link:loc xlink:href='../elts/us-gaap-2014-01-31.xsd#us-gaap_StockIssuedDuringPeriodSharesShareBasedCompensationGross' xlink:label='loc_StockIssuedDuringPeriodSharesShareBasedCompensationGross' xlink:type='locator' />
<link:loc xlink:href='../elts/us-gaap-2014-01-31.xsd#us-gaap_StockIssuedDuringPeriodSharesShareBasedCompensationForfeited' xlink:label='loc_StockIssuedDuringPeriodSharesShareBasedCompensationForfeited' xlink:type='locator' />
<link:loc xlink:href='../elts/us-gaap-2014-01-31.xsd#us-gaap_StockIssuedDuringPeriodSharesEmployeeStockPurchasePlans' xlink:label='loc_StockIssuedDuringPeriodSharesEmployeeStockPurchasePlans' xlink:type='locator' />
<link:loc xlink:href='../elts/us-gaap-2014-01-31.xsd#us-gaap_StockIssuedDuringPeriodSharesEmployeeStockOwnershipPlan' xlink:label='loc_StockIssuedDuringPeriodSharesEmployeeStockOwnershipPlan' xlink:type='locator' />
<link:loc xlink:href='../elts/us-gaap-2014-01-31.xsd#us-gaap_StockIssuedDuringPeriodSharesRestrictedStockAwardNetOfForfeitures' xlink:label='loc_StockIssuedDuringPeriodSharesRestrictedStockAwardNetOfForfeitures' xlink:type='locator' />
<link:loc xlink:href='../elts/us-gaap-2014-01-31.xsd#us-gaap_StockIssuedDuringPeriodSharesRestrictedStockAwardGross' xlink:label='loc_StockIssuedDuringPeriodSharesRestrictedStockAwardGross' xlink:type='locator' />
<link:loc xlink:href='../elts/us-gaap-2014-01-31.xsd#us-gaap_StockIssuedDuringPeriodSharesRestrictedStockAwardForfeited' xlink:label='loc_StockIssuedDuringPeriodSharesRestrictedStockAwardForfeited' xlink:type='locator' />
<link:loc xlink:href='../elts/us-gaap-2014-01-31.xsd#us-gaap_ShareBasedCompensationArrangementByShareBasedPaymentAwardOptionsGrantsInPeriod' xlink:label='loc_ShareBasedCompensationArrangementByShareBasedPaymentAwardOptionsGrantsInPeriod' xlink:type='locator' />
<link:loc xlink:href='../elts/us-gaap-2014-01-31.xsd#us-gaap_ShareBasedCompensationArrangementByShareBasedPaymentAwardOptionsGrantsInPeriodGross' xlink:label='loc_ShareBasedCompensationArrangementByShareBasedPaymentAwardOptionsGrantsInPeriodGross' xlink:type='locator' />
<link:loc xlink:href='../elts/us-gaap-2014-01-31.xsd#us-gaap_ShareBasedCompensationArrangementByShareBasedPaymentAwardOptionsForfeituresInPeriod' xlink:label='loc_ShareBasedCompensationArrangementByShareBasedPaymentAwardOptionsForfeituresInPeriod' xlink:type='locator' />
<link:loc xlink:href='../elts/us-gaap-2014-01-31.xsd#us-gaap_StockIssuedDuringPeriodSharesAcquisitions' xlink:label='loc_StockIssuedDuringPeriodSharesAcquisitions' xlink:type='locator' />
<link:loc xlink:href='../elts/us-gaap-2014-01-31.xsd#us-gaap_StockIssuedDuringPeriodSharesStockOptionsExercised' xlink:label='loc_StockIssuedDuringPeriodSharesStockOptionsExercised' xlink:type='locator' />
<link:loc xlink:href='../elts/us-gaap-2014-01-31.xsd#us-gaap_StockIssuedDuringPeriodSharesConversionOfConvertibleSecurities' xlink:label='loc_StockIssuedDuringPeriodSharesConversionOfConvertibleSecurities' xlink:type='locator' />
<link:loc xlink:href='../elts/us-gaap-2014-01-31.xsd#us-gaap_StockIssuedDuringPeriodSharesConversionOfUnits' xlink:label='loc_StockIssuedDuringPeriodSharesConversionOfUnits' xlink:type='locator' />
<link:loc xlink:href='../elts/us-gaap-2014-01-31.xsd#us-gaap_StockIssuedDuringPeriodSharesDividendReinvestmentPlan' xlink:label='loc_StockIssuedDuringPeriodSharesDividendReinvestmentPlan' xlink:type='locator' />
<link:loc xlink:href='../elts/us-gaap-2014-01-31.xsd#us-gaap_StockIssuedDuringPeriodSharesPurchaseOfAssets' xlink:label='loc_StockIssuedDuringPeriodSharesPurchaseOfAssets' xlink:type='locator' />
<link:loc xlink:href='../elts/us-gaap-2014-01-31.xsd#us-gaap_StockIssuedDuringPeriodSharesOther' xlink:label='loc_StockIssuedDuringPeriodSharesOther' xlink:type='locator' />
<link:loc xlink:href='../elts/us-gaap-2014-01-31.xsd#us-gaap_StockIssuedDuringPeriodSharesTreasuryStockReissued' xlink:label='loc_StockIssuedDuringPeriodSharesTreasuryStockReissued' xlink:type='locator' />
<link:loc xlink:href='../elts/us-gaap-2014-01-31.xsd#us-gaap_StockIssuedDuringPeriodSharesStockSplits' xlink:label='loc_StockIssuedDuringPeriodSharesStockSplits' xlink:type='locator' />
<link:loc xlink:href='../elts/us-gaap-2014-01-31.xsd#us-gaap_StockIssuedDuringPeriodSharesReverseStockSplits' xlink:label='loc_StockIssuedDuringPeriodSharesReverseStockSplits' xlink:type='locator' />
<link:loc xlink:href='../elts/us-gaap-2014-01-31.xsd#us-gaap_StockRepurchasedAndRetiredDuringPeriodShares' xlink:label='loc_StockRepurchasedAndRetiredDuringPeriodShares' xlink:type='locator' />
<link:loc xlink:href='../elts/us-gaap-2014-01-31.xsd#us-gaap_StockRepurchasedDuringPeriodShares' xlink:label='loc_StockRepurchasedDuringPeriodShares' xlink:type='locator' />
<link:loc xlink:href='../elts/us-gaap-2014-01-31.xsd#us-gaap_StockRedeemedOrCalledDuringPeriodShares' xlink:label='loc_StockRedeemedOrCalledDuringPeriodShares' xlink:type='locator' />
<link:loc xlink:href='../elts/us-gaap-2014-01-31.xsd#us-gaap_TreasuryStockSharesAcquired' xlink:label='loc_TreasuryStockSharesAcquired' xlink:type='locator' />
<link:loc xlink:href='../elts/us-gaap-2014-01-31.xsd#us-gaap_StockholdersEquityOtherShares' xlink:label='loc_StockholdersEquityOtherShares' xlink:type='locator' />
<link:loc xlink:href='../elts/us-gaap-2014-01-31.xsd#us-gaap_StockIssuedDuringPeriodSharesEmployeeBenefitPlan' xlink:label='loc_StockIssuedDuringPeriodSharesEmployeeBenefitPlan' xlink:type='locator' />
<link:loc xlink:href='../elts/us-gaap-2014-01-31.xsd#us-gaap_StockholdersEquityPeriodIncreaseDecrease' xlink:label='loc_StockholdersEquityPeriodIncreaseDecrease' xlink:type='locator' />
<link:loc xlink:href='../elts/us-gaap-2014-01-31.xsd#us-gaap_CumulativeEffectOfProspectiveApplicationOfNewAccountingPrinciple' xlink:label='loc_CumulativeEffectOfProspectiveApplicationOfNewAccountingPrinciple' xlink:type='locator' />
<link:loc xlink:href='../elts/us-gaap-2014-01-31.xsd#us-gaap_AdjustmentsToAdditionalPaidInCapitalStockIssuedIssuanceCosts' xlink:label='loc_AdjustmentsToAdditionalPaidInCapitalStockIssuedIssuanceCosts' xlink:type='locator' />
<link:loc xlink:href='../elts/us-gaap-2014-01-31.xsd#us-gaap_AdjustmentsToAdditionalPaidInCapitalSharebasedCompensationRequisiteServicePeriodRecognitionValue' xlink:label='loc_AdjustmentsToAdditionalPaidInCapitalSharebasedCompensationRequisiteServicePeriodRecognitionValue' xlink:type='locator' />
<link:loc xlink:href='../elts/us-gaap-2014-01-31.xsd#us-gaap_AdjustmentsToAdditionalPaidInCapitalShareBasedCompensationStockOptionsRequisiteServicePeriodRecognition' xlink:label='loc_AdjustmentsToAdditionalPaidInCapitalShareBasedCompensationStockOptionsRequisiteServicePeriodRecognition' xlink:type='locator' />
<link:loc xlink:href='../elts/us-gaap-2014-01-31.xsd#us-gaap_AdjustmentsToAdditionalPaidInCapitalShareBasedCompensationEmployeeStockPurchaseProgramRequisiteServicePeriodRecognition' xlink:label='loc_AdjustmentsToAdditionalPaidInCapitalShareBasedCompensationEmployeeStockPurchaseProgramRequisiteServicePeriodRecognition' xlink:type='locator' />
<link:loc xlink:href='../elts/us-gaap-2014-01-31.xsd#us-gaap_AdjustmentsToAdditionalPaidInCapitalShareBasedCompensationRestrictedStockUnitsRequisiteServicePeriodRecognition' xlink:label='loc_AdjustmentsToAdditionalPaidInCapitalShareBasedCompensationRestrictedStockUnitsRequisiteServicePeriodRecognition' xlink:type='locator' />
<link:loc xlink:href='../elts/us-gaap-2014-01-31.xsd#us-gaap_AdjustmentsToAdditionalPaidInCapitalSharebasedCompensationOtherLongtermIncentivePlansRequisiteServicePeriodRecognition' xlink:label='loc_AdjustmentsToAdditionalPaidInCapitalSharebasedCompensationOtherLongtermIncentivePlansRequisiteServicePeriodRecognition' xlink:type='locator' />
<link:loc xlink:href='../elts/us-gaap-2014-01-31.xsd#us-gaap_AdjustmentsToAdditionalPaidInCapitalTerminationOfSCorporationElection' xlink:label='loc_AdjustmentsToAdditionalPaidInCapitalTerminationOfSCorporationElection' xlink:type='locator' />
<link:loc xlink:href='../elts/us-gaap-2014-01-31.xsd#us-gaap_AdjustmentsToAdditionalPaidInCapitalMarkToMarket' xlink:label='loc_AdjustmentsToAdditionalPaidInCapitalMarkToMarket' xlink:type='locator' />
<link:loc xlink:href='../elts/us-gaap-2014-01-31.xsd#us-gaap_AdjustmentsToAdditionalPaidInCapitalConvertibleDebtWithConversionFeature' xlink:label='loc_AdjustmentsToAdditionalPaidInCapitalConvertibleDebtWithConversionFeature' xlink:type='locator' />
<link:loc xlink:href='../elts/us-gaap-2014-01-31.xsd#us-gaap_AdjustmentsToAdditionalPaidInCapitalDividendsInExcessOfRetainedEarnings' xlink:label='loc_AdjustmentsToAdditionalPaidInCapitalDividendsInExcessOfRetainedEarnings' xlink:type='locator' />
<link:loc xlink:href='../elts/us-gaap-2014-01-31.xsd#us-gaap_AdjustmentsToAdditionalPaidInCapitalStockSplit' xlink:label='loc_AdjustmentsToAdditionalPaidInCapitalStockSplit' xlink:type='locator' />
<link:loc xlink:href='../elts/us-gaap-2014-01-31.xsd#us-gaap_AdjustmentsToAdditionalPaidInCapitalWarrantIssued' xlink:label='loc_AdjustmentsToAdditionalPaidInCapitalWarrantIssued' xlink:type='locator' />
<link:loc xlink:href='../elts/us-gaap-2014-01-31.xsd#us-gaap_AdjustmentsToAdditionalPaidInCapitalIncreaseInCarryingAmountOfRedeemablePreferredStock' xlink:label='loc_AdjustmentsToAdditionalPaidInCapitalIncreaseInCarryingAmountOfRedeemablePreferredStock' xlink:type='locator' />
<link:loc xlink:href='../elts/us-gaap-2014-01-31.xsd#us-gaap_AdjustmentsToAdditionalPaidInCapitalStockIssuedOwnshareLendingArrangementIssuanceCosts' xlink:label='loc_AdjustmentsToAdditionalPaidInCapitalStockIssuedOwnshareLendingArrangementIssuanceCosts' xlink:type='locator' />
<link:loc xlink:href='../elts/us-gaap-2014-01-31.xsd#us-gaap_AdjustmentsToAdditionalPaidInCapitalCounterpartyDefaultPeriodOfDefaultEffectOnEquity' xlink:label='loc_AdjustmentsToAdditionalPaidInCapitalCounterpartyDefaultPeriodOfDefaultEffectOnEquity' xlink:type='locator' />
<link:loc xlink:href='../elts/us-gaap-2014-01-31.xsd#us-gaap_AdjustmentsToAdditionalPaidInCapitalCounterpartyDefaultSubsequentPeriodChangesEffectOnEquity' xlink:label='loc_AdjustmentsToAdditionalPaidInCapitalCounterpartyDefaultSubsequentPeriodChangesEffectOnEquity' xlink:type='locator' />
<link:loc xlink:href='../elts/us-gaap-2014-01-31.xsd#us-gaap_AdjustmentsToAdditionalPaidInCapitalOther' xlink:label='loc_AdjustmentsToAdditionalPaidInCapitalOther' xlink:type='locator' />
<link:loc xlink:href='../elts/us-gaap-2014-01-31.xsd#us-gaap_ReclassificationsOfTemporaryToPermanentEquity' xlink:label='loc_ReclassificationsOfTemporaryToPermanentEquity' xlink:type='locator' />
<link:loc xlink:href='../elts/us-gaap-2014-01-31.xsd#us-gaap_Dividends' xlink:label='loc_Dividends' xlink:type='locator' />
<link:loc xlink:href='../elts/us-gaap-2014-01-31.xsd#us-gaap_DividendsCommonStock' xlink:label='loc_DividendsCommonStock' xlink:type='locator' />
<link:loc xlink:href='../elts/us-gaap-2014-01-31.xsd#us-gaap_DividendsCommonStockCash' xlink:label='loc_DividendsCommonStockCash' xlink:type='locator' />
<link:loc xlink:href='../elts/us-gaap-2014-01-31.xsd#us-gaap_DividendsCommonStockStock' xlink:label='loc_DividendsCommonStockStock' xlink:type='locator' />
<link:loc xlink:href='../elts/us-gaap-2014-01-31.xsd#us-gaap_DividendsCommonStockPaidinkind' xlink:label='loc_DividendsCommonStockPaidinkind' xlink:type='locator' />
<link:loc xlink:href='../elts/us-gaap-2014-01-31.xsd#us-gaap_DividendsPreferredStock' xlink:label='loc_DividendsPreferredStock' xlink:type='locator' />
<link:loc xlink:href='../elts/us-gaap-2014-01-31.xsd#us-gaap_DividendsPreferredStockCash' xlink:label='loc_DividendsPreferredStockCash' xlink:type='locator' />
<link:loc xlink:href='../elts/us-gaap-2014-01-31.xsd#us-gaap_DividendsPreferredStockStock' xlink:label='loc_DividendsPreferredStockStock' xlink:type='locator' />
<link:loc xlink:href='../elts/us-gaap-2014-01-31.xsd#us-gaap_DividendsPreferredStockPaidinkind' xlink:label='loc_DividendsPreferredStockPaidinkind' xlink:type='locator' />
<link:loc xlink:href='../elts/us-gaap-2014-01-31.xsd#us-gaap_DividendsShareBasedCompensation' xlink:label='loc_DividendsShareBasedCompensation' xlink:type='locator' />
<link:loc xlink:href='../elts/us-gaap-2014-01-31.xsd#us-gaap_DividendsShareBasedCompensationCash' xlink:label='loc_DividendsShareBasedCompensationCash' xlink:type='locator' />
<link:loc xlink:href='../elts/us-gaap-2014-01-31.xsd#us-gaap_DividendsSharebasedCompensationStock' xlink:label='loc_DividendsSharebasedCompensationStock' xlink:type='locator' />
<link:loc xlink:href='../elts/us-gaap-2014-01-31.xsd#us-gaap_DividendsSharebasedCompensationPaidInKind' xlink:label='loc_DividendsSharebasedCompensationPaidInKind' xlink:type='locator' />
<link:loc xlink:href='../elts/us-gaap-2014-01-31.xsd#us-gaap_PreferredStockRedemptionPremium' xlink:label='loc_PreferredStockRedemptionPremium' xlink:type='locator' />
<link:loc xlink:href='../elts/us-gaap-2014-01-31.xsd#us-gaap_PreferredStockRedemptionDiscount' xlink:label='loc_PreferredStockRedemptionDiscount' xlink:type='locator' />
<link:loc xlink:href='../elts/us-gaap-2014-01-31.xsd#us-gaap_PreferredStockAccretionOfRedemptionDiscount' xlink:label='loc_PreferredStockAccretionOfRedemptionDiscount' xlink:type='locator' />
<link:loc xlink:href='../elts/us-gaap-2014-01-31.xsd#us-gaap_IncreaseInCarryingAmountOfRedeemablePreferredStock' xlink:label='loc_IncreaseInCarryingAmountOfRedeemablePreferredStock' xlink:type='locator' />
<link:loc xlink:href='../elts/us-gaap-2014-01-31.xsd#us-gaap_AmortizationOfESOPAward' xlink:label='loc_AmortizationOfESOPAward' xlink:type='locator' />
<link:loc xlink:href='../elts/us-gaap-2014-01-31.xsd#us-gaap_StockIssuedDuringPeriodValueNewIssues' xlink:label='loc_StockIssuedDuringPeriodValueNewIssues' xlink:type='locator' />
<link:loc xlink:href='../elts/us-gaap-2014-01-31.xsd#us-gaap_StockIssuedDuringPeriodValueIssuedForServices' xlink:label='loc_StockIssuedDuringPeriodValueIssuedForServices' xlink:type='locator' />
<link:loc xlink:href='../elts/us-gaap-2014-01-31.xsd#us-gaap_StockIssuedDuringPeriodValueShareBasedCompensation' xlink:label='loc_StockIssuedDuringPeriodValueShareBasedCompensation' xlink:type='locator' />
<link:loc xlink:href='../elts/us-gaap-2014-01-31.xsd#us-gaap_StockIssuedDuringPeriodValueShareBasedCompensationGross' xlink:label='loc_StockIssuedDuringPeriodValueShareBasedCompensationGross' xlink:type='locator' />
<link:loc xlink:href='../elts/us-gaap-2014-01-31.xsd#us-gaap_StockIssuedDuringPeriodValueShareBasedCompensationForfeited' xlink:label='loc_StockIssuedDuringPeriodValueShareBasedCompensationForfeited' xlink:type='locator' />
<link:loc xlink:href='../elts/us-gaap-2014-01-31.xsd#us-gaap_StockGrantedDuringPeriodValueSharebasedCompensation' xlink:label='loc_StockGrantedDuringPeriodValueSharebasedCompensation' xlink:type='locator' />
<link:loc xlink:href='../elts/us-gaap-2014-01-31.xsd#us-gaap_StockGrantedDuringPeriodValueSharebasedCompensationGross' xlink:label='loc_StockGrantedDuringPeriodValueSharebasedCompensationGross' xlink:type='locator' />
<link:loc xlink:href='../elts/us-gaap-2014-01-31.xsd#us-gaap_StockGrantedDuringPeriodValueSharebasedCompensationForfeited' xlink:label='loc_StockGrantedDuringPeriodValueSharebasedCompensationForfeited' xlink:type='locator' />
<link:loc xlink:href='../elts/us-gaap-2014-01-31.xsd#us-gaap_StockIssuedDuringPeriodValueEmployeeStockPurchasePlan' xlink:label='loc_StockIssuedDuringPeriodValueEmployeeStockPurchasePlan' xlink:type='locator' />
<link:loc xlink:href='../elts/us-gaap-2014-01-31.xsd#us-gaap_StockIssuedDuringPeriodValueEmployeeBenefitPlan' xlink:label='loc_StockIssuedDuringPeriodValueEmployeeBenefitPlan' xlink:type='locator' />
<link:loc xlink:href='../elts/us-gaap-2014-01-31.xsd#us-gaap_StockIssuedDuringPeriodValueEmployeeStockOwnershipPlan' xlink:label='loc_StockIssuedDuringPeriodValueEmployeeStockOwnershipPlan' xlink:type='locator' />
<link:loc xlink:href='../elts/us-gaap-2014-01-31.xsd#us-gaap_StockIssuedDuringPeriodValueRestrictedStockAwardNetOfForfeitures' xlink:label='loc_StockIssuedDuringPeriodValueRestrictedStockAwardNetOfForfeitures' xlink:type='locator' />
<link:loc xlink:href='../elts/us-gaap-2014-01-31.xsd#us-gaap_StockIssuedDuringPeriodValueRestrictedStockAwardGross' xlink:label='loc_StockIssuedDuringPeriodValueRestrictedStockAwardGross' xlink:type='locator' />
<link:loc xlink:href='../elts/us-gaap-2014-01-31.xsd#us-gaap_StockIssuedDuringPeriodValueAcquisitions' xlink:label='loc_StockIssuedDuringPeriodValueAcquisitions' xlink:type='locator' />
<link:loc xlink:href='../elts/us-gaap-2014-01-31.xsd#us-gaap_StockIssuedDuringPeriodValueStockOptionsExercised' xlink:label='loc_StockIssuedDuringPeriodValueStockOptionsExercised' xlink:type='locator' />
<link:loc xlink:href='../elts/us-gaap-2014-01-31.xsd#us-gaap_StockIssuedDuringPeriodValueConversionOfUnits' xlink:label='loc_StockIssuedDuringPeriodValueConversionOfUnits' xlink:type='locator' />
<link:loc xlink:href='../elts/us-gaap-2014-01-31.xsd#us-gaap_StockIssuedDuringPeriodValueStockDividend' xlink:label='loc_StockIssuedDuringPeriodValueStockDividend' xlink:type='locator' />
<link:loc xlink:href='../elts/us-gaap-2014-01-31.xsd#us-gaap_StockIssuedDuringPeriodValueDividendReinvestmentPlan' xlink:label='loc_StockIssuedDuringPeriodValueDividendReinvestmentPlan' xlink:type='locator' />
<link:loc xlink:href='../elts/us-gaap-2014-01-31.xsd#us-gaap_StockIssuedDuringPeriodValuePurchaseOfAssets' xlink:label='loc_StockIssuedDuringPeriodValuePurchaseOfAssets' xlink:type='locator' />
<link:loc xlink:href='../elts/us-gaap-2014-01-31.xsd#us-gaap_StockIssuedDuringPeriodValueOther' xlink:label='loc_StockIssuedDuringPeriodValueOther' xlink:type='locator' />
<link:loc xlink:href='../elts/us-gaap-2014-01-31.xsd#us-gaap_StockRepurchasedAndRetiredDuringPeriodValue' xlink:label='loc_StockRepurchasedAndRetiredDuringPeriodValue' xlink:type='locator' />
<link:loc xlink:href='../elts/us-gaap-2014-01-31.xsd#us-gaap_StockRepurchasedDuringPeriodValue' xlink:label='loc_StockRepurchasedDuringPeriodValue' xlink:type='locator' />
<link:loc xlink:href='../elts/us-gaap-2014-01-31.xsd#us-gaap_TreasuryStockValueAcquiredParValueMethod' xlink:label='loc_TreasuryStockValueAcquiredParValueMethod' xlink:type='locator' />
<link:loc xlink:href='../elts/us-gaap-2014-01-31.xsd#us-gaap_TreasuryStockValueAcquiredCostMethod' xlink:label='loc_TreasuryStockValueAcquiredCostMethod' xlink:type='locator' />
<link:loc xlink:href='../elts/us-gaap-2014-01-31.xsd#us-gaap_TreasuryStockReissuedAtLowerThanRepurchasePrice' xlink:label='loc_TreasuryStockReissuedAtLowerThanRepurchasePrice' xlink:type='locator' />
<link:loc xlink:href='../elts/us-gaap-2014-01-31.xsd#us-gaap_TreasuryStockRetiredParValueMethodAmount' xlink:label='loc_TreasuryStockRetiredParValueMethodAmount' xlink:type='locator' />
<link:loc xlink:href='../elts/us-gaap-2014-01-31.xsd#us-gaap_TreasuryStockRetiredCostMethodAmount' xlink:label='loc_TreasuryStockRetiredCostMethodAmount' xlink:type='locator' />
<link:loc xlink:href='../elts/us-gaap-2014-01-31.xsd#us-gaap_StockIssuedDuringPeriodValueTreasuryStockReissued' xlink:label='loc_StockIssuedDuringPeriodValueTreasuryStockReissued' xlink:type='locator' />
<link:loc xlink:href='../elts/us-gaap-2014-01-31.xsd#us-gaap_StockRedeemedOrCalledDuringPeriodValue' xlink:label='loc_StockRedeemedOrCalledDuringPeriodValue' xlink:type='locator' />
<link:loc xlink:href='../elts/us-gaap-2014-01-31.xsd#us-gaap_StockholdersEquityOther' xlink:label='loc_StockholdersEquityOther' xlink:type='locator' />
<link:loc xlink:href='../elts/us-gaap-2014-01-31.xsd#us-gaap_AcceleratedShareRepurchaseProgramAdjustment' xlink:label='loc_AcceleratedShareRepurchaseProgramAdjustment' xlink:type='locator' />
<link:loc xlink:href='../elts/us-gaap-2014-01-31.xsd#us-gaap_AdjustmentToAdditionalPaidInCapitalIncomeTaxEffectFromShareBasedCompensationNet' xlink:label='loc_AdjustmentToAdditionalPaidInCapitalIncomeTaxEffectFromShareBasedCompensationNet' xlink:type='locator' />
<link:loc xlink:href='../elts/us-gaap-2014-01-31.xsd#us-gaap_AdjustmentsToAdditionalPaidInCapitalTaxEffectFromShareBasedCompensation' xlink:label='loc_AdjustmentsToAdditionalPaidInCapitalTaxEffectFromShareBasedCompensation' xlink:type='locator' />
<link:loc xlink:href='../elts/us-gaap-2014-01-31.xsd#us-gaap_AdjustmentsToAdditionalPaidInCapitalIncomeTaxDeficiencyFromShareBasedCompensation' xlink:label='loc_AdjustmentsToAdditionalPaidInCapitalIncomeTaxDeficiencyFromShareBasedCompensation' xlink:type='locator' />
<link:loc xlink:href='../elts/us-gaap-2014-01-31.xsd#us-gaap_StockIssuedDuringPeriodValueConversionOfConvertibleSecuritiesNetOfAdjustments' xlink:label='loc_StockIssuedDuringPeriodValueConversionOfConvertibleSecuritiesNetOfAdjustments' xlink:type='locator' />
<link:loc xlink:href='../elts/us-gaap-2014-01-31.xsd#us-gaap_StockIssuedDuringPeriodValueConversionOfConvertibleSecurities' xlink:label='loc_StockIssuedDuringPeriodValueConversionOfConvertibleSecurities' xlink:type='locator' />
<link:loc xlink:href='../elts/us-gaap-2014-01-31.xsd#us-gaap_AdjustmentsToAdditionalPaidInCapitalEquityComponentOfConvertibleDebt' xlink:label='loc_AdjustmentsToAdditionalPaidInCapitalEquityComponentOfConvertibleDebt' xlink:type='locator' />
<link:loc xlink:href='../elts/us-gaap-2014-01-31.xsd#us-gaap_AdjustmentsToAdditionalPaidInCapitalEquityComponentOfConvertibleDebtSubsequentAdjustments' xlink:label='loc_AdjustmentsToAdditionalPaidInCapitalEquityComponentOfConvertibleDebtSubsequentAdjustments' xlink:type='locator' />
<link:loc xlink:href='../elts/us-gaap-2014-01-31.xsd#us-gaap_StockholdersEquityChangeInReportingEntity' xlink:label='loc_StockholdersEquityChangeInReportingEntity' xlink:type='locator' />
<link:loc xlink:href='../elts/us-gaap-2014-01-31.xsd#us-gaap_StockholdersEquityNoteSpinoffTransaction' xlink:label='loc_StockholdersEquityNoteSpinoffTransaction' xlink:type='locator' />
<link:loc xlink:href='../elts/us-gaap-2014-01-31.xsd#us-gaap_ProfitLoss' xlink:label='loc_ProfitLoss' xlink:type='locator' />
<link:loc xlink:href='../elts/us-gaap-2014-01-31.xsd#us-gaap_OtherComprehensiveIncomeLossNetOfTax' xlink:label='loc_OtherComprehensiveIncomeLossNetOfTax' xlink:type='locator' />
<link:loc xlink:href='../elts/us-gaap-2014-01-31.xsd#us-gaap_OtherComprehensiveIncomeLossBeforeReclassificationsNetOfTax' xlink:label='loc_OtherComprehensiveIncomeLossBeforeReclassificationsNetOfTax' xlink:type='locator' />
<link:loc xlink:href='../elts/us-gaap-2014-01-31.xsd#us-gaap_ReclassificationFromAccumulatedOtherComprehensiveIncomeCurrentPeriodNetOfTax' xlink:label='loc_ReclassificationFromAccumulatedOtherComprehensiveIncomeCurrentPeriodNetOfTax' xlink:type='locator' />
<link:loc xlink:href='../elts/us-gaap-2014-01-31.xsd#us-gaap_TemporaryEquityIssuePeriodIncreaseOrDecrease' xlink:label='loc_TemporaryEquityIssuePeriodIncreaseOrDecrease' xlink:type='locator' />
<link:loc xlink:href='../elts/us-gaap-2014-01-31.xsd#us-gaap_TemporaryEquityStockIssuedDuringPeriodValueNewIssues' xlink:label='loc_TemporaryEquityStockIssuedDuringPeriodValueNewIssues' xlink:type='locator' />
<link:loc xlink:href='../elts/us-gaap-2014-01-31.xsd#us-gaap_TemporaryEquityAccretionOfDividends' xlink:label='loc_TemporaryEquityAccretionOfDividends' xlink:type='locator' />
<link:loc xlink:href='../elts/us-gaap-2014-01-31.xsd#us-gaap_TemporaryEquityAccretionToRedemptionValue' xlink:label='loc_TemporaryEquityAccretionToRedemptionValue' xlink:type='locator' />
<link:loc xlink:href='../elts/us-gaap-2014-01-31.xsd#us-gaap_TemporaryEquityNetIncome' xlink:label='loc_TemporaryEquityNetIncome' xlink:type='locator' />
<link:loc xlink:href='../elts/us-gaap-2014-01-31.xsd#us-gaap_TemporaryEquityForeignCurrencyTranslationAdjustments' xlink:label='loc_TemporaryEquityForeignCurrencyTranslationAdjustments' xlink:type='locator' />
<link:loc xlink:href='../elts/us-gaap-2014-01-31.xsd#us-gaap_TemporaryEquityAccretionOfInterest' xlink:label='loc_TemporaryEquityAccretionOfInterest' xlink:type='locator' />
<link:loc xlink:href='../elts/us-gaap-2014-01-31.xsd#us-gaap_TemporaryEquityInterestInSubsidiaryEarnings' xlink:label='loc_TemporaryEquityInterestInSubsidiaryEarnings' xlink:type='locator' />
<link:loc xlink:href='../elts/us-gaap-2014-01-31.xsd#us-gaap_TemporaryEquityEliminationAsPartofReorganization' xlink:label='loc_TemporaryEquityEliminationAsPartofReorganization' xlink:type='locator' />
<link:loc xlink:href='../elts/us-gaap-2014-01-31.xsd#us-gaap_TemporaryEquityOtherChanges' xlink:label='loc_TemporaryEquityOtherChanges' xlink:type='locator' />
<link:calculationArc order='10' weight='1.0' xlink:arcrole='http://www.xbrl.org/2003/arcrole/summation-item' xlink:from='loc_RestrictedStockAwardForfeitures' xlink:to='loc_StockIssuedDuringPeriodValueRestrictedStockAwardForfeitures' xlink:type='arc' />
<link:calculationArc order='20' weight='1.0' xlink:arcrole='http://www.xbrl.org/2003/arcrole/summation-item' xlink:from='loc_RestrictedStockAwardForfeitures' xlink:to='loc_RestrictedStockAwardForfeituresDividends' xlink:type='arc' />
<link:calculationArc order='10' weight='1.0' xlink:arcrole='http://www.xbrl.org/2003/arcrole/summation-item' xlink:from='loc_StockDividendsShares' xlink:to='loc_CommonStockDividendsShares' xlink:type='arc' />
<link:calculationArc order='20' weight='1.0' xlink:arcrole='http://www.xbrl.org/2003/arcrole/summation-item' xlink:from='loc_StockDividendsShares' xlink:to='loc_PreferredStockDividendsShares' xlink:type='arc' />
<link:calculationArc order='10' weight='1.0' xlink:arcrole='http://www.xbrl.org/2003/arcrole/summation-item' xlink:from='loc_StockIssuedDuringPeriodSharesPeriodIncreaseDecrease' xlink:to='loc_StockIssuedDuringPeriodSharesNewIssues' xlink:type='arc' />
<link:calculationArc order='20' weight='1.0' xlink:arcrole='http://www.xbrl.org/2003/arcrole/summation-item' xlink:from='loc_StockIssuedDuringPeriodSharesPeriodIncreaseDecrease' xlink:to='loc_StockIssuedDuringPeriodSharesIssuedForServices' xlink:type='arc' />
<link:calculationArc order='30' weight='1.0' xlink:arcrole='http://www.xbrl.org/2003/arcrole/summation-item' xlink:from='loc_StockIssuedDuringPeriodSharesPeriodIncreaseDecrease' xlink:to='loc_StockIssuedDuringPeriodSharesShareBasedCompensation' xlink:type='arc' />
<link:calculationArc order='10' weight='1.0' xlink:arcrole='http://www.xbrl.org/2003/arcrole/summation-item' xlink:from='loc_StockIssuedDuringPeriodSharesShareBasedCompensation' xlink:to='loc_StockIssuedDuringPeriodSharesShareBasedCompensationGross' xlink:type='arc' />
<link:calculationArc order='20' weight='1.0' xlink:arcrole='http://www.xbrl.org/2003/arcrole/summation-item' xlink:from='loc_StockIssuedDuringPeriodSharesShareBasedCompensation' xlink:to='loc_StockIssuedDuringPeriodSharesShareBasedCompensationForfeited' xlink:type='arc' />
<link:calculationArc order='40' weight='1.0' xlink:arcrole='http://www.xbrl.org/2003/arcrole/summation-item' xlink:from='loc_StockIssuedDuringPeriodSharesPeriodIncreaseDecrease' xlink:to='loc_StockIssuedDuringPeriodSharesEmployeeStockPurchasePlans' xlink:type='arc' />
<link:calculationArc order='50' weight='1.0' xlink:arcrole='http://www.xbrl.org/2003/arcrole/summation-item' xlink:from='loc_StockIssuedDuringPeriodSharesPeriodIncreaseDecrease' xlink:to='loc_StockIssuedDuringPeriodSharesEmployeeStockOwnershipPlan' xlink:type='arc' />
<link:calculationArc order='60' weight='1.0' xlink:arcrole='http://www.xbrl.org/2003/arcrole/summation-item' xlink:from='loc_StockIssuedDuringPeriodSharesPeriodIncreaseDecrease' xlink:to='loc_StockIssuedDuringPeriodSharesRestrictedStockAwardNetOfForfeitures' xlink:type='arc' />
<link:calculationArc order='10' weight='1.0' xlink:arcrole='http://www.xbrl.org/2003/arcrole/summation-item' xlink:from='loc_StockIssuedDuringPeriodSharesRestrictedStockAwardNetOfForfeitures' xlink:to='loc_StockIssuedDuringPeriodSharesRestrictedStockAwardGross' xlink:type='arc' />
<link:calculationArc order='20' weight='-1.0' xlink:arcrole='http://www.xbrl.org/2003/arcrole/summation-item' xlink:from='loc_StockIssuedDuringPeriodSharesRestrictedStockAwardNetOfForfeitures' xlink:to='loc_StockIssuedDuringPeriodSharesRestrictedStockAwardForfeited' xlink:type='arc' />
<link:calculationArc order='70' weight='1.0' xlink:arcrole='http://www.xbrl.org/2003/arcrole/summation-item' xlink:from='loc_StockIssuedDuringPeriodSharesPeriodIncreaseDecrease' xlink:to='loc_ShareBasedCompensationArrangementByShareBasedPaymentAwardOptionsGrantsInPeriod' xlink:type='arc' />
<link:calculationArc order='10' weight='1.0' xlink:arcrole='http://www.xbrl.org/2003/arcrole/summation-item' xlink:from='loc_ShareBasedCompensationArrangementByShareBasedPaymentAwardOptionsGrantsInPeriod' xlink:to='loc_ShareBasedCompensationArrangementByShareBasedPaymentAwardOptionsGrantsInPeriodGross' xlink:type='arc' />
<link:calculationArc order='20' weight='-1.0' xlink:arcrole='http://www.xbrl.org/2003/arcrole/summation-item' xlink:from='loc_ShareBasedCompensationArrangementByShareBasedPaymentAwardOptionsGrantsInPeriod' xlink:to='loc_ShareBasedCompensationArrangementByShareBasedPaymentAwardOptionsForfeituresInPeriod' xlink:type='arc' />
<link:calculationArc order='80' weight='1.0' xlink:arcrole='http://www.xbrl.org/2003/arcrole/summation-item' xlink:from='loc_StockIssuedDuringPeriodSharesPeriodIncreaseDecrease' xlink:to='loc_StockIssuedDuringPeriodSharesAcquisitions' xlink:type='arc' />
<link:calculationArc order='90' weight='1.0' xlink:arcrole='http://www.xbrl.org/2003/arcrole/summation-item' xlink:from='loc_StockIssuedDuringPeriodSharesPeriodIncreaseDecrease' xlink:to='loc_StockIssuedDuringPeriodSharesStockOptionsExercised' xlink:type='arc' />
<link:calculationArc order='100' weight='1.0' xlink:arcrole='http://www.xbrl.org/2003/arcrole/summation-item' xlink:from='loc_StockIssuedDuringPeriodSharesPeriodIncreaseDecrease' xlink:to='loc_StockIssuedDuringPeriodSharesConversionOfConvertibleSecurities' xlink:type='arc' />
<link:calculationArc order='110' weight='1.0' xlink:arcrole='http://www.xbrl.org/2003/arcrole/summation-item' xlink:from='loc_StockIssuedDuringPeriodSharesPeriodIncreaseDecrease' xlink:to='loc_StockIssuedDuringPeriodSharesConversionOfUnits' xlink:type='arc' />
<link:calculationArc order='120' weight='1.0' xlink:arcrole='http://www.xbrl.org/2003/arcrole/summation-item' xlink:from='loc_StockIssuedDuringPeriodSharesPeriodIncreaseDecrease' xlink:to='loc_StockIssuedDuringPeriodSharesDividendReinvestmentPlan' xlink:type='arc' />
<link:calculationArc order='130' weight='1.0' xlink:arcrole='http://www.xbrl.org/2003/arcrole/summation-item' xlink:from='loc_StockIssuedDuringPeriodSharesPeriodIncreaseDecrease' xlink:to='loc_StockIssuedDuringPeriodSharesPurchaseOfAssets' xlink:type='arc' />
<link:calculationArc order='140' weight='1.0' xlink:arcrole='http://www.xbrl.org/2003/arcrole/summation-item' xlink:from='loc_StockIssuedDuringPeriodSharesPeriodIncreaseDecrease' xlink:to='loc_StockIssuedDuringPeriodSharesOther' xlink:type='arc' />
<link:calculationArc order='150' weight='1.0' xlink:arcrole='http://www.xbrl.org/2003/arcrole/summation-item' xlink:from='loc_StockIssuedDuringPeriodSharesPeriodIncreaseDecrease' xlink:to='loc_StockIssuedDuringPeriodSharesTreasuryStockReissued' xlink:type='arc' />
<link:calculationArc order='160' weight='1.0' xlink:arcrole='http://www.xbrl.org/2003/arcrole/summation-item' xlink:from='loc_StockIssuedDuringPeriodSharesPeriodIncreaseDecrease' xlink:to='loc_StockIssuedDuringPeriodSharesStockSplits' xlink:type='arc' />
<link:calculationArc order='170' weight='-1.0' xlink:arcrole='http://www.xbrl.org/2003/arcrole/summation-item' xlink:from='loc_StockIssuedDuringPeriodSharesPeriodIncreaseDecrease' xlink:to='loc_StockIssuedDuringPeriodSharesReverseStockSplits' xlink:type='arc' />
<link:calculationArc order='180' weight='-1.0' xlink:arcrole='http://www.xbrl.org/2003/arcrole/summation-item' xlink:from='loc_StockIssuedDuringPeriodSharesPeriodIncreaseDecrease' xlink:to='loc_StockRepurchasedAndRetiredDuringPeriodShares' xlink:type='arc' />
<link:calculationArc order='190' weight='-1.0' xlink:arcrole='http://www.xbrl.org/2003/arcrole/summation-item' xlink:from='loc_StockIssuedDuringPeriodSharesPeriodIncreaseDecrease' xlink:to='loc_StockRepurchasedDuringPeriodShares' xlink:type='arc' />
<link:calculationArc order='200' weight='-1.0' xlink:arcrole='http://www.xbrl.org/2003/arcrole/summation-item' xlink:from='loc_StockIssuedDuringPeriodSharesPeriodIncreaseDecrease' xlink:to='loc_StockRedeemedOrCalledDuringPeriodShares' xlink:type='arc' />
<link:calculationArc order='210' weight='1.0' xlink:arcrole='http://www.xbrl.org/2003/arcrole/summation-item' xlink:from='loc_StockIssuedDuringPeriodSharesPeriodIncreaseDecrease' xlink:to='loc_TreasuryStockSharesAcquired' xlink:type='arc' />
<link:calculationArc order='220' weight='1.0' xlink:arcrole='http://www.xbrl.org/2003/arcrole/summation-item' xlink:from='loc_StockIssuedDuringPeriodSharesPeriodIncreaseDecrease' xlink:to='loc_StockholdersEquityOtherShares' xlink:type='arc' />
<link:calculationArc order='230' weight='1.0' xlink:arcrole='http://www.xbrl.org/2003/arcrole/summation-item' xlink:from='loc_StockIssuedDuringPeriodSharesPeriodIncreaseDecrease' xlink:to='loc_StockIssuedDuringPeriodSharesEmployeeBenefitPlan' xlink:type='arc' />
<link:calculationArc order='10' weight='1.0' xlink:arcrole='http://www.xbrl.org/2003/arcrole/summation-item' xlink:from='loc_StockholdersEquityPeriodIncreaseDecrease' xlink:to='loc_CumulativeEffectOfProspectiveApplicationOfNewAccountingPrinciple' xlink:type='arc' />
<link:calculationArc order='20' weight='-1.0' xlink:arcrole='http://www.xbrl.org/2003/arcrole/summation-item' xlink:from='loc_StockholdersEquityPeriodIncreaseDecrease' xlink:to='loc_AdjustmentsToAdditionalPaidInCapitalStockIssuedIssuanceCosts' xlink:type='arc' />
<link:calculationArc order='30' weight='1.0' xlink:arcrole='http://www.xbrl.org/2003/arcrole/summation-item' xlink:from='loc_StockholdersEquityPeriodIncreaseDecrease' xlink:to='loc_AdjustmentsToAdditionalPaidInCapitalSharebasedCompensationRequisiteServicePeriodRecognitionValue' xlink:type='arc' />
<link:calculationArc order='10' weight='1.0' xlink:arcrole='http://www.xbrl.org/2003/arcrole/summation-item' xlink:from='loc_AdjustmentsToAdditionalPaidInCapitalSharebasedCompensationRequisiteServicePeriodRecognitionValue' xlink:to='loc_AdjustmentsToAdditionalPaidInCapitalShareBasedCompensationStockOptionsRequisiteServicePeriodRecognition' xlink:type='arc' />
<link:calculationArc order='20' weight='1.0' xlink:arcrole='http://www.xbrl.org/2003/arcrole/summation-item' xlink:from='loc_AdjustmentsToAdditionalPaidInCapitalSharebasedCompensationRequisiteServicePeriodRecognitionValue' xlink:to='loc_AdjustmentsToAdditionalPaidInCapitalShareBasedCompensationEmployeeStockPurchaseProgramRequisiteServicePeriodRecognition' xlink:type='arc' />
<link:calculationArc order='30' weight='1.0' xlink:arcrole='http://www.xbrl.org/2003/arcrole/summation-item' xlink:from='loc_AdjustmentsToAdditionalPaidInCapitalSharebasedCompensationRequisiteServicePeriodRecognitionValue' xlink:to='loc_AdjustmentsToAdditionalPaidInCapitalShareBasedCompensationRestrictedStockUnitsRequisiteServicePeriodRecognition' xlink:type='arc' />
<link:calculationArc order='40' weight='1.0' xlink:arcrole='http://www.xbrl.org/2003/arcrole/summation-item' xlink:from='loc_AdjustmentsToAdditionalPaidInCapitalSharebasedCompensationRequisiteServicePeriodRecognitionValue' xlink:to='loc_AdjustmentsToAdditionalPaidInCapitalSharebasedCompensationOtherLongtermIncentivePlansRequisiteServicePeriodRecognition' xlink:type='arc' />
<link:calculationArc order='40' weight='1.0' xlink:arcrole='http://www.xbrl.org/2003/arcrole/summation-item' xlink:from='loc_StockholdersEquityPeriodIncreaseDecrease' xlink:to='loc_AdjustmentsToAdditionalPaidInCapitalTerminationOfSCorporationElection' xlink:type='arc' />
<link:calculationArc order='50' weight='1.0' xlink:arcrole='http://www.xbrl.org/2003/arcrole/summation-item' xlink:from='loc_StockholdersEquityPeriodIncreaseDecrease' xlink:to='loc_AdjustmentsToAdditionalPaidInCapitalMarkToMarket' xlink:type='arc' />
<link:calculationArc order='60' weight='1.0' xlink:arcrole='http://www.xbrl.org/2003/arcrole/summation-item' xlink:from='loc_StockholdersEquityPeriodIncreaseDecrease' xlink:to='loc_AdjustmentsToAdditionalPaidInCapitalConvertibleDebtWithConversionFeature' xlink:type='arc' />
<link:calculationArc order='70' weight='-1.0' xlink:arcrole='http://www.xbrl.org/2003/arcrole/summation-item' xlink:from='loc_StockholdersEquityPeriodIncreaseDecrease' xlink:to='loc_AdjustmentsToAdditionalPaidInCapitalDividendsInExcessOfRetainedEarnings' xlink:type='arc' />
<link:calculationArc order='80' weight='-1.0' xlink:arcrole='http://www.xbrl.org/2003/arcrole/summation-item' xlink:from='loc_StockholdersEquityPeriodIncreaseDecrease' xlink:to='loc_AdjustmentsToAdditionalPaidInCapitalStockSplit' xlink:type='arc' />
<link:calculationArc order='90' weight='1.0' xlink:arcrole='http://www.xbrl.org/2003/arcrole/summation-item' xlink:from='loc_StockholdersEquityPeriodIncreaseDecrease' xlink:to='loc_AdjustmentsToAdditionalPaidInCapitalWarrantIssued' xlink:type='arc' />
<link:calculationArc order='100' weight='-1.0' xlink:arcrole='http://www.xbrl.org/2003/arcrole/summation-item' xlink:from='loc_StockholdersEquityPeriodIncreaseDecrease' xlink:to='loc_AdjustmentsToAdditionalPaidInCapitalIncreaseInCarryingAmountOfRedeemablePreferredStock' xlink:type='arc' />
<link:calculationArc order='110' weight='1.0' xlink:arcrole='http://www.xbrl.org/2003/arcrole/summation-item' xlink:from='loc_StockholdersEquityPeriodIncreaseDecrease' xlink:to='loc_AdjustmentsToAdditionalPaidInCapitalStockIssuedOwnshareLendingArrangementIssuanceCosts' xlink:type='arc' />
<link:calculationArc order='120' weight='1.0' xlink:arcrole='http://www.xbrl.org/2003/arcrole/summation-item' xlink:from='loc_StockholdersEquityPeriodIncreaseDecrease' xlink:to='loc_AdjustmentsToAdditionalPaidInCapitalCounterpartyDefaultPeriodOfDefaultEffectOnEquity' xlink:type='arc' />
<link:calculationArc order='130' weight='1.0' xlink:arcrole='http://www.xbrl.org/2003/arcrole/summation-item' xlink:from='loc_StockholdersEquityPeriodIncreaseDecrease' xlink:to='loc_AdjustmentsToAdditionalPaidInCapitalCounterpartyDefaultSubsequentPeriodChangesEffectOnEquity' xlink:type='arc' />
<link:calculationArc order='140' weight='1.0' xlink:arcrole='http://www.xbrl.org/2003/arcrole/summation-item' xlink:from='loc_StockholdersEquityPeriodIncreaseDecrease' xlink:to='loc_AdjustmentsToAdditionalPaidInCapitalOther' xlink:type='arc' />
<link:calculationArc order='150' weight='1.0' xlink:arcrole='http://www.xbrl.org/2003/arcrole/summation-item' xlink:from='loc_StockholdersEquityPeriodIncreaseDecrease' xlink:to='loc_ReclassificationsOfTemporaryToPermanentEquity' xlink:type='arc' />
<link:calculationArc order='160' weight='-1.0' xlink:arcrole='http://www.xbrl.org/2003/arcrole/summation-item' xlink:from='loc_StockholdersEquityPeriodIncreaseDecrease' xlink:to='loc_Dividends' xlink:type='arc' />
<link:calculationArc order='10' weight='1.0' xlink:arcrole='http://www.xbrl.org/2003/arcrole/summation-item' xlink:from='loc_Dividends' xlink:to='loc_DividendsCommonStock' xlink:type='arc' />
<link:calculationArc order='10' weight='1.0' xlink:arcrole='http://www.xbrl.org/2003/arcrole/summation-item' xlink:from='loc_DividendsCommonStock' xlink:to='loc_DividendsCommonStockCash' xlink:type='arc' />
<link:calculationArc order='20' weight='1.0' xlink:arcrole='http://www.xbrl.org/2003/arcrole/summation-item' xlink:from='loc_DividendsCommonStock' xlink:to='loc_DividendsCommonStockStock' xlink:type='arc' />
<link:calculationArc order='30' weight='1.0' xlink:arcrole='http://www.xbrl.org/2003/arcrole/summation-item' xlink:from='loc_DividendsCommonStock' xlink:to='loc_DividendsCommonStockPaidinkind' xlink:type='arc' />
<link:calculationArc order='20' weight='1.0' xlink:arcrole='http://www.xbrl.org/2003/arcrole/summation-item' xlink:from='loc_Dividends' xlink:to='loc_DividendsPreferredStock' xlink:type='arc' />
<link:calculationArc order='10' weight='1.0' xlink:arcrole='http://www.xbrl.org/2003/arcrole/summation-item' xlink:from='loc_DividendsPreferredStock' xlink:to='loc_DividendsPreferredStockCash' xlink:type='arc' />
<link:calculationArc order='20' weight='1.0' xlink:arcrole='http://www.xbrl.org/2003/arcrole/summation-item' xlink:from='loc_DividendsPreferredStock' xlink:to='loc_DividendsPreferredStockStock' xlink:type='arc' />
<link:calculationArc order='30' weight='1.0' xlink:arcrole='http://www.xbrl.org/2003/arcrole/summation-item' xlink:from='loc_DividendsPreferredStock' xlink:to='loc_DividendsPreferredStockPaidinkind' xlink:type='arc' />
<link:calculationArc order='30' weight='1.0' xlink:arcrole='http://www.xbrl.org/2003/arcrole/summation-item' xlink:from='loc_Dividends' xlink:to='loc_DividendsShareBasedCompensation' xlink:type='arc' />
<link:calculationArc order='10' weight='1.0' xlink:arcrole='http://www.xbrl.org/2003/arcrole/summation-item' xlink:from='loc_DividendsShareBasedCompensation' xlink:to='loc_DividendsShareBasedCompensationCash' xlink:type='arc' />
<link:calculationArc order='20' weight='1.0' xlink:arcrole='http://www.xbrl.org/2003/arcrole/summation-item' xlink:from='loc_DividendsShareBasedCompensation' xlink:to='loc_DividendsSharebasedCompensationStock' xlink:type='arc' />
<link:calculationArc order='30' weight='1.0' xlink:arcrole='http://www.xbrl.org/2003/arcrole/summation-item' xlink:from='loc_DividendsShareBasedCompensation' xlink:to='loc_DividendsSharebasedCompensationPaidInKind' xlink:type='arc' />
<link:calculationArc order='170' weight='-1.0' xlink:arcrole='http://www.xbrl.org/2003/arcrole/summation-item' xlink:from='loc_StockholdersEquityPeriodIncreaseDecrease' xlink:to='loc_PreferredStockRedemptionPremium' xlink:type='arc' />
<link:calculationArc order='180' weight='1.0' xlink:arcrole='http://www.xbrl.org/2003/arcrole/summation-item' xlink:from='loc_StockholdersEquityPeriodIncreaseDecrease' xlink:to='loc_PreferredStockRedemptionDiscount' xlink:type='arc' />
<link:calculationArc order='190' weight='-1.0' xlink:arcrole='http://www.xbrl.org/2003/arcrole/summation-item' xlink:from='loc_StockholdersEquityPeriodIncreaseDecrease' xlink:to='loc_PreferredStockAccretionOfRedemptionDiscount' xlink:type='arc' />
<link:calculationArc order='200' weight='-1.0' xlink:arcrole='http://www.xbrl.org/2003/arcrole/summation-item' xlink:from='loc_StockholdersEquityPeriodIncreaseDecrease' xlink:to='loc_IncreaseInCarryingAmountOfRedeemablePreferredStock' xlink:type='arc' />
<link:calculationArc order='210' weight='1.0' xlink:arcrole='http://www.xbrl.org/2003/arcrole/summation-item' xlink:from='loc_StockholdersEquityPeriodIncreaseDecrease' xlink:to='loc_AmortizationOfESOPAward' xlink:type='arc' />
<link:calculationArc order='220' weight='1.0' xlink:arcrole='http://www.xbrl.org/2003/arcrole/summation-item' xlink:from='loc_StockholdersEquityPeriodIncreaseDecrease' xlink:to='loc_StockIssuedDuringPeriodValueNewIssues' xlink:type='arc' />
<link:calculationArc order='230' weight='1.0' xlink:arcrole='http://www.xbrl.org/2003/arcrole/summation-item' xlink:from='loc_StockholdersEquityPeriodIncreaseDecrease' xlink:to='loc_StockIssuedDuringPeriodValueIssuedForServices' xlink:type='arc' />
<link:calculationArc order='240' weight='1.0' xlink:arcrole='http://www.xbrl.org/2003/arcrole/summation-item' xlink:from='loc_StockholdersEquityPeriodIncreaseDecrease' xlink:to='loc_StockIssuedDuringPeriodValueShareBasedCompensation' xlink:type='arc' />
<link:calculationArc order='10' weight='1.0' xlink:arcrole='http://www.xbrl.org/2003/arcrole/summation-item' xlink:from='loc_StockIssuedDuringPeriodValueShareBasedCompensation' xlink:to='loc_StockIssuedDuringPeriodValueShareBasedCompensationGross' xlink:type='arc' />
<link:calculationArc order='20' weight='-1.0' xlink:arcrole='http://www.xbrl.org/2003/arcrole/summation-item' xlink:from='loc_StockIssuedDuringPeriodValueShareBasedCompensation' xlink:to='loc_StockIssuedDuringPeriodValueShareBasedCompensationForfeited' xlink:type='arc' />
<link:calculationArc order='250' weight='1.0' xlink:arcrole='http://www.xbrl.org/2003/arcrole/summation-item' xlink:from='loc_StockholdersEquityPeriodIncreaseDecrease' xlink:to='loc_StockGrantedDuringPeriodValueSharebasedCompensation' xlink:type='arc' />
<link:calculationArc order='10' weight='1.0' xlink:arcrole='http://www.xbrl.org/2003/arcrole/summation-item' xlink:from='loc_StockGrantedDuringPeriodValueSharebasedCompensation' xlink:to='loc_StockGrantedDuringPeriodValueSharebasedCompensationGross' xlink:type='arc' />
<link:calculationArc order='20' weight='-1.0' xlink:arcrole='http://www.xbrl.org/2003/arcrole/summation-item' xlink:from='loc_StockGrantedDuringPeriodValueSharebasedCompensation' xlink:to='loc_StockGrantedDuringPeriodValueSharebasedCompensationForfeited' xlink:type='arc' />
<link:calculationArc order='260' weight='1.0' xlink:arcrole='http://www.xbrl.org/2003/arcrole/summation-item' xlink:from='loc_StockholdersEquityPeriodIncreaseDecrease' xlink:to='loc_StockIssuedDuringPeriodValueEmployeeStockPurchasePlan' xlink:type='arc' />
<link:calculationArc order='270' weight='1.0' xlink:arcrole='http://www.xbrl.org/2003/arcrole/summation-item' xlink:from='loc_StockholdersEquityPeriodIncreaseDecrease' xlink:to='loc_StockIssuedDuringPeriodValueEmployeeBenefitPlan' xlink:type='arc' />
<link:calculationArc order='280' weight='1.0' xlink:arcrole='http://www.xbrl.org/2003/arcrole/summation-item' xlink:from='loc_StockholdersEquityPeriodIncreaseDecrease' xlink:to='loc_StockIssuedDuringPeriodValueEmployeeStockOwnershipPlan' xlink:type='arc' />
<link:calculationArc order='290' weight='1.0' xlink:arcrole='http://www.xbrl.org/2003/arcrole/summation-item' xlink:from='loc_StockholdersEquityPeriodIncreaseDecrease' xlink:to='loc_StockIssuedDuringPeriodValueRestrictedStockAwardNetOfForfeitures' xlink:type='arc' />
<link:calculationArc order='10' weight='1.0' xlink:arcrole='http://www.xbrl.org/2003/arcrole/summation-item' xlink:from='loc_StockIssuedDuringPeriodValueRestrictedStockAwardNetOfForfeitures' xlink:to='loc_StockIssuedDuringPeriodValueRestrictedStockAwardGross' xlink:type='arc' />
<link:calculationArc order='20' weight='-1.0' xlink:arcrole='http://www.xbrl.org/2003/arcrole/summation-item' xlink:from='loc_StockIssuedDuringPeriodValueRestrictedStockAwardNetOfForfeitures' xlink:to='loc_StockIssuedDuringPeriodValueRestrictedStockAwardForfeitures' xlink:type='arc' />
<link:calculationArc order='300' weight='1.0' xlink:arcrole='http://www.xbrl.org/2003/arcrole/summation-item' xlink:from='loc_StockholdersEquityPeriodIncreaseDecrease' xlink:to='loc_StockIssuedDuringPeriodValueAcquisitions' xlink:type='arc' />
<link:calculationArc order='310' weight='1.0' xlink:arcrole='http://www.xbrl.org/2003/arcrole/summation-item' xlink:from='loc_StockholdersEquityPeriodIncreaseDecrease' xlink:to='loc_StockIssuedDuringPeriodValueStockOptionsExercised' xlink:type='arc' />
<link:calculationArc order='320' weight='1.0' xlink:arcrole='http://www.xbrl.org/2003/arcrole/summation-item' xlink:from='loc_StockholdersEquityPeriodIncreaseDecrease' xlink:to='loc_StockIssuedDuringPeriodValueConversionOfUnits' xlink:type='arc' />
<link:calculationArc order='330' weight='1.0' xlink:arcrole='http://www.xbrl.org/2003/arcrole/summation-item' xlink:from='loc_StockholdersEquityPeriodIncreaseDecrease' xlink:to='loc_StockIssuedDuringPeriodValueStockDividend' xlink:type='arc' />
<link:calculationArc order='340' weight='1.0' xlink:arcrole='http://www.xbrl.org/2003/arcrole/summation-item' xlink:from='loc_StockholdersEquityPeriodIncreaseDecrease' xlink:to='loc_StockIssuedDuringPeriodValueDividendReinvestmentPlan' xlink:type='arc' />
<link:calculationArc order='350' weight='1.0' xlink:arcrole='http://www.xbrl.org/2003/arcrole/summation-item' xlink:from='loc_StockholdersEquityPeriodIncreaseDecrease' xlink:to='loc_StockIssuedDuringPeriodValuePurchaseOfAssets' xlink:type='arc' />
<link:calculationArc order='360' weight='1.0' xlink:arcrole='http://www.xbrl.org/2003/arcrole/summation-item' xlink:from='loc_StockholdersEquityPeriodIncreaseDecrease' xlink:to='loc_StockIssuedDuringPeriodValueOther' xlink:type='arc' />
<link:calculationArc order='370' weight='-1.0' xlink:arcrole='http://www.xbrl.org/2003/arcrole/summation-item' xlink:from='loc_StockholdersEquityPeriodIncreaseDecrease' xlink:to='loc_StockRepurchasedAndRetiredDuringPeriodValue' xlink:type='arc' />
<link:calculationArc order='380' weight='-1.0' xlink:arcrole='http://www.xbrl.org/2003/arcrole/summation-item' xlink:from='loc_StockholdersEquityPeriodIncreaseDecrease' xlink:to='loc_StockRepurchasedDuringPeriodValue' xlink:type='arc' />
<link:calculationArc order='390' weight='-1.0' xlink:arcrole='http://www.xbrl.org/2003/arcrole/summation-item' xlink:from='loc_StockholdersEquityPeriodIncreaseDecrease' xlink:to='loc_TreasuryStockValueAcquiredParValueMethod' xlink:type='arc' />
<link:calculationArc order='400' weight='-1.0' xlink:arcrole='http://www.xbrl.org/2003/arcrole/summation-item' xlink:from='loc_StockholdersEquityPeriodIncreaseDecrease' xlink:to='loc_TreasuryStockValueAcquiredCostMethod' xlink:type='arc' />
<link:calculationArc order='410' weight='-1.0' xlink:arcrole='http://www.xbrl.org/2003/arcrole/summation-item' xlink:from='loc_StockholdersEquityPeriodIncreaseDecrease' xlink:to='loc_TreasuryStockReissuedAtLowerThanRepurchasePrice' xlink:type='arc' />
<link:calculationArc order='420' weight='-1.0' xlink:arcrole='http://www.xbrl.org/2003/arcrole/summation-item' xlink:from='loc_StockholdersEquityPeriodIncreaseDecrease' xlink:to='loc_TreasuryStockRetiredParValueMethodAmount' xlink:type='arc' />
<link:calculationArc order='430' weight='-1.0' xlink:arcrole='http://www.xbrl.org/2003/arcrole/summation-item' xlink:from='loc_StockholdersEquityPeriodIncreaseDecrease' xlink:to='loc_TreasuryStockRetiredCostMethodAmount' xlink:type='arc' />
<link:calculationArc order='440' weight='1.0' xlink:arcrole='http://www.xbrl.org/2003/arcrole/summation-item' xlink:from='loc_StockholdersEquityPeriodIncreaseDecrease' xlink:to='loc_StockIssuedDuringPeriodValueTreasuryStockReissued' xlink:type='arc' />
<link:calculationArc order='450' weight='-1.0' xlink:arcrole='http://www.xbrl.org/2003/arcrole/summation-item' xlink:from='loc_StockholdersEquityPeriodIncreaseDecrease' xlink:to='loc_StockRedeemedOrCalledDuringPeriodValue' xlink:type='arc' />
<link:calculationArc order='460' weight='-1.0' xlink:arcrole='http://www.xbrl.org/2003/arcrole/summation-item' xlink:from='loc_StockholdersEquityPeriodIncreaseDecrease' xlink:to='loc_StockholdersEquityOther' xlink:type='arc' />
<link:calculationArc order='470' weight='1.0' xlink:arcrole='http://www.xbrl.org/2003/arcrole/summation-item' xlink:from='loc_StockholdersEquityPeriodIncreaseDecrease' xlink:to='loc_AcceleratedShareRepurchaseProgramAdjustment' xlink:type='arc' />
<link:calculationArc order='480' weight='1.0' xlink:arcrole='http://www.xbrl.org/2003/arcrole/summation-item' xlink:from='loc_StockholdersEquityPeriodIncreaseDecrease' xlink:to='loc_AdjustmentToAdditionalPaidInCapitalIncomeTaxEffectFromShareBasedCompensationNet' xlink:type='arc' />
<link:calculationArc order='10' weight='1.0' xlink:arcrole='http://www.xbrl.org/2003/arcrole/summation-item' xlink:from='loc_AdjustmentToAdditionalPaidInCapitalIncomeTaxEffectFromShareBasedCompensationNet' xlink:to='loc_AdjustmentsToAdditionalPaidInCapitalTaxEffectFromShareBasedCompensation' xlink:type='arc' />
<link:calculationArc order='20' weight='-1.0' xlink:arcrole='http://www.xbrl.org/2003/arcrole/summation-item' xlink:from='loc_AdjustmentToAdditionalPaidInCapitalIncomeTaxEffectFromShareBasedCompensationNet' xlink:to='loc_AdjustmentsToAdditionalPaidInCapitalIncomeTaxDeficiencyFromShareBasedCompensation' xlink:type='arc' />
<link:calculationArc order='490' weight='1.0' xlink:arcrole='http://www.xbrl.org/2003/arcrole/summation-item' xlink:from='loc_StockholdersEquityPeriodIncreaseDecrease' xlink:to='loc_StockIssuedDuringPeriodValueConversionOfConvertibleSecuritiesNetOfAdjustments' xlink:type='arc' />
<link:calculationArc order='10' weight='1.0' xlink:arcrole='http://www.xbrl.org/2003/arcrole/summation-item' xlink:from='loc_StockIssuedDuringPeriodValueConversionOfConvertibleSecuritiesNetOfAdjustments' xlink:to='loc_StockIssuedDuringPeriodValueConversionOfConvertibleSecurities' xlink:type='arc' />
<link:calculationArc order='20' weight='1.0' xlink:arcrole='http://www.xbrl.org/2003/arcrole/summation-item' xlink:from='loc_StockIssuedDuringPeriodValueConversionOfConvertibleSecuritiesNetOfAdjustments' xlink:to='loc_AdjustmentsToAdditionalPaidInCapitalEquityComponentOfConvertibleDebt' xlink:type='arc' />
<link:calculationArc order='30' weight='-1.0' xlink:arcrole='http://www.xbrl.org/2003/arcrole/summation-item' xlink:from='loc_StockIssuedDuringPeriodValueConversionOfConvertibleSecuritiesNetOfAdjustments' xlink:to='loc_AdjustmentsToAdditionalPaidInCapitalEquityComponentOfConvertibleDebtSubsequentAdjustments' xlink:type='arc' />
<link:calculationArc order='500' weight='1.0' xlink:arcrole='http://www.xbrl.org/2003/arcrole/summation-item' xlink:from='loc_StockholdersEquityPeriodIncreaseDecrease' xlink:to='loc_StockholdersEquityChangeInReportingEntity' xlink:type='arc' />
<link:calculationArc order='510' weight='1.0' xlink:arcrole='http://www.xbrl.org/2003/arcrole/summation-item' xlink:from='loc_StockholdersEquityPeriodIncreaseDecrease' xlink:to='loc_StockholdersEquityNoteSpinoffTransaction' xlink:type='arc' />
<link:calculationArc order='520' weight='1.0' xlink:arcrole='http://www.xbrl.org/2003/arcrole/summation-item' xlink:from='loc_StockholdersEquityPeriodIncreaseDecrease' xlink:to='loc_ProfitLoss' xlink:type='arc' />
<link:calculationArc order='530' weight='1.0' xlink:arcrole='http://www.xbrl.org/2003/arcrole/summation-item' xlink:from='loc_StockholdersEquityPeriodIncreaseDecrease' xlink:to='loc_OtherComprehensiveIncomeLossNetOfTax' xlink:type='arc' />
<link:calculationArc order='10' weight='1.0' xlink:arcrole='http://www.xbrl.org/2003/arcrole/summation-item' xlink:from='loc_OtherComprehensiveIncomeLossNetOfTax' xlink:to='loc_OtherComprehensiveIncomeLossBeforeReclassificationsNetOfTax' xlink:type='arc' />
<link:calculationArc order='20' weight='-1.0' xlink:arcrole='http://www.xbrl.org/2003/arcrole/summation-item' xlink:from='loc_OtherComprehensiveIncomeLossNetOfTax' xlink:to='loc_ReclassificationFromAccumulatedOtherComprehensiveIncomeCurrentPeriodNetOfTax' xlink:type='arc' />
<link:calculationArc order='10' weight='-1.0' xlink:arcrole='http://www.xbrl.org/2003/arcrole/summation-item' xlink:from='loc_TemporaryEquityIssuePeriodIncreaseOrDecrease' xlink:to='loc_ReclassificationsOfTemporaryToPermanentEquity' xlink:type='arc' />
<link:calculationArc order='20' weight='1.0' xlink:arcrole='http://www.xbrl.org/2003/arcrole/summation-item' xlink:from='loc_TemporaryEquityIssuePeriodIncreaseOrDecrease' xlink:to='loc_TemporaryEquityStockIssuedDuringPeriodValueNewIssues' xlink:type='arc' />
<link:calculationArc order='30' weight='1.0' xlink:arcrole='http://www.xbrl.org/2003/arcrole/summation-item' xlink:from='loc_TemporaryEquityIssuePeriodIncreaseOrDecrease' xlink:to='loc_TemporaryEquityAccretionOfDividends' xlink:type='arc' />
<link:calculationArc order='40' weight='1.0' xlink:arcrole='http://www.xbrl.org/2003/arcrole/summation-item' xlink:from='loc_TemporaryEquityIssuePeriodIncreaseOrDecrease' xlink:to='loc_TemporaryEquityAccretionToRedemptionValue' xlink:type='arc' />
<link:calculationArc order='50' weight='1.0' xlink:arcrole='http://www.xbrl.org/2003/arcrole/summation-item' xlink:from='loc_TemporaryEquityIssuePeriodIncreaseOrDecrease' xlink:to='loc_TemporaryEquityNetIncome' xlink:type='arc' />
<link:calculationArc order='60' weight='1.0' xlink:arcrole='http://www.xbrl.org/2003/arcrole/summation-item' xlink:from='loc_TemporaryEquityIssuePeriodIncreaseOrDecrease' xlink:to='loc_TemporaryEquityForeignCurrencyTranslationAdjustments' xlink:type='arc' />
<link:calculationArc order='70' weight='1.0' xlink:arcrole='http://www.xbrl.org/2003/arcrole/summation-item' xlink:from='loc_TemporaryEquityIssuePeriodIncreaseOrDecrease' xlink:to='loc_TemporaryEquityAccretionOfInterest' xlink:type='arc' />
<link:calculationArc order='80' weight='1.0' xlink:arcrole='http://www.xbrl.org/2003/arcrole/summation-item' xlink:from='loc_TemporaryEquityIssuePeriodIncreaseOrDecrease' xlink:to='loc_TemporaryEquityInterestInSubsidiaryEarnings' xlink:type='arc' />
<link:calculationArc order='90' weight='-1.0' xlink:arcrole='http://www.xbrl.org/2003/arcrole/summation-item' xlink:from='loc_TemporaryEquityIssuePeriodIncreaseOrDecrease' xlink:to='loc_TemporaryEquityEliminationAsPartofReorganization' xlink:type='arc' />
<link:calculationArc order='100' weight='1.0' xlink:arcrole='http://www.xbrl.org/2003/arcrole/summation-item' xlink:from='loc_TemporaryEquityIssuePeriodIncreaseOrDecrease' xlink:to='loc_TemporaryEquityOtherChanges' xlink:type='arc' />
</link:calculationLink>
</link:linkbase>
