<?xml version="1.0" encoding="UTF-8" standalone="no"?>

<!--Copyright (C) 2007-2009 XBRL US, Inc. All Rights Reserved.
Notice: Authorized Uses are Set Forth at http://xbrl.us/legal2009
  -->
<linkbase xmlns='http://www.xbrl.org/2003/linkbase' xmlns:link='http://www.xbrl.org/2003/linkbase' xmlns:xlink='http://www.w3.org/1999/xlink' xmlns:xsi='http://www.w3.org/2001/XMLSchema-instance' xsi:schemaLocation='http://www.xbrl.org/2003/linkbase http://www.xbrl.org/2003/xbrl-linkbase-2003-12-31.xsd'>
<link:roleRef roleURI='http://xbrl.us/us-gaap/role/document/Country' xlink:href='../elts/us-roles-2009-01-31.xsd#country' xlink:type='simple' />
<link:presentationLink xlink:role='http://xbrl.us/us-gaap/role/document/Country' xlink:type='extended'>
<link:loc xlink:href='country-2009-01-31.xsd#country_AllCountriesDomain' xlink:label='loc_AllCountriesDomain' xlink:type='locator' />
<link:loc xlink:href='country-2009-01-31.xsd#country_AF' xlink:label='loc_AF' xlink:type='locator' />
<link:loc xlink:href='country-2009-01-31.xsd#country_AL' xlink:label='loc_AL' xlink:type='locator' />
<link:loc xlink:href='country-2009-01-31.xsd#country_DZ' xlink:label='loc_DZ' xlink:type='locator' />
<link:loc xlink:href='country-2009-01-31.xsd#country_AS' xlink:label='loc_AS' xlink:type='locator' />
<link:loc xlink:href='country-2009-01-31.xsd#country_AD' xlink:label='loc_AD' xlink:type='locator' />
<link:loc xlink:href='country-2009-01-31.xsd#country_AO' xlink:label='loc_AO' xlink:type='locator' />
<link:loc xlink:href='country-2009-01-31.xsd#country_AI' xlink:label='loc_AI' xlink:type='locator' />
<link:loc xlink:href='country-2009-01-31.xsd#country_AQ' xlink:label='loc_AQ' xlink:type='locator' />
<link:loc xlink:href='country-2009-01-31.xsd#country_AG' xlink:label='loc_AG' xlink:type='locator' />
<link:loc xlink:href='country-2009-01-31.xsd#country_AR' xlink:label='loc_AR' xlink:type='locator' />
<link:loc xlink:href='country-2009-01-31.xsd#country_AM' xlink:label='loc_AM' xlink:type='locator' />
<link:loc xlink:href='country-2009-01-31.xsd#country_AW' xlink:label='loc_AW' xlink:type='locator' />
<link:loc xlink:href='country-2009-01-31.xsd#country_AU' xlink:label='loc_AU' xlink:type='locator' />
<link:loc xlink:href='country-2009-01-31.xsd#country_AT' xlink:label='loc_AT' xlink:type='locator' />
<link:loc xlink:href='country-2009-01-31.xsd#country_AZ' xlink:label='loc_AZ' xlink:type='locator' />
<link:loc xlink:href='country-2009-01-31.xsd#country_BS' xlink:label='loc_BS' xlink:type='locator' />
<link:loc xlink:href='country-2009-01-31.xsd#country_BH' xlink:label='loc_BH' xlink:type='locator' />
<link:loc xlink:href='country-2009-01-31.xsd#country_BD' xlink:label='loc_BD' xlink:type='locator' />
<link:loc xlink:href='country-2009-01-31.xsd#country_BB' xlink:label='loc_BB' xlink:type='locator' />
<link:loc xlink:href='country-2009-01-31.xsd#country_BY' xlink:label='loc_BY' xlink:type='locator' />
<link:loc xlink:href='country-2009-01-31.xsd#country_BE' xlink:label='loc_BE' xlink:type='locator' />
<link:loc xlink:href='country-2009-01-31.xsd#country_BZ' xlink:label='loc_BZ' xlink:type='locator' />
<link:loc xlink:href='country-2009-01-31.xsd#country_BJ' xlink:label='loc_BJ' xlink:type='locator' />
<link:loc xlink:href='country-2009-01-31.xsd#country_BM' xlink:label='loc_BM' xlink:type='locator' />
<link:loc xlink:href='country-2009-01-31.xsd#country_BT' xlink:label='loc_BT' xlink:type='locator' />
<link:loc xlink:href='country-2009-01-31.xsd#country_BO' xlink:label='loc_BO' xlink:type='locator' />
<link:loc xlink:href='country-2009-01-31.xsd#country_BA' xlink:label='loc_BA' xlink:type='locator' />
<link:loc xlink:href='country-2009-01-31.xsd#country_BW' xlink:label='loc_BW' xlink:type='locator' />
<link:loc xlink:href='country-2009-01-31.xsd#country_BV' xlink:label='loc_BV' xlink:type='locator' />
<link:loc xlink:href='country-2009-01-31.xsd#country_BR' xlink:label='loc_BR' xlink:type='locator' />
<link:loc xlink:href='country-2009-01-31.xsd#country_IO' xlink:label='loc_IO' xlink:type='locator' />
<link:loc xlink:href='country-2009-01-31.xsd#country_BN' xlink:label='loc_BN' xlink:type='locator' />
<link:loc xlink:href='country-2009-01-31.xsd#country_BG' xlink:label='loc_BG' xlink:type='locator' />
<link:loc xlink:href='country-2009-01-31.xsd#country_BF' xlink:label='loc_BF' xlink:type='locator' />
<link:loc xlink:href='country-2009-01-31.xsd#country_BI' xlink:label='loc_BI' xlink:type='locator' />
<link:loc xlink:href='country-2009-01-31.xsd#country_KH' xlink:label='loc_KH' xlink:type='locator' />
<link:loc xlink:href='country-2009-01-31.xsd#country_CM' xlink:label='loc_CM' xlink:type='locator' />
<link:loc xlink:href='country-2009-01-31.xsd#country_CA' xlink:label='loc_CA' xlink:type='locator' />
<link:loc xlink:href='country-2009-01-31.xsd#country_CV' xlink:label='loc_CV' xlink:type='locator' />
<link:loc xlink:href='country-2009-01-31.xsd#country_KY' xlink:label='loc_KY' xlink:type='locator' />
<link:loc xlink:href='country-2009-01-31.xsd#country_CF' xlink:label='loc_CF' xlink:type='locator' />
<link:loc xlink:href='country-2009-01-31.xsd#country_TD' xlink:label='loc_TD' xlink:type='locator' />
<link:loc xlink:href='country-2009-01-31.xsd#country_CL' xlink:label='loc_CL' xlink:type='locator' />
<link:loc xlink:href='country-2009-01-31.xsd#country_CN' xlink:label='loc_CN' xlink:type='locator' />
<link:loc xlink:href='country-2009-01-31.xsd#country_CX' xlink:label='loc_CX' xlink:type='locator' />
<link:loc xlink:href='country-2009-01-31.xsd#country_CC' xlink:label='loc_CC' xlink:type='locator' />
<link:loc xlink:href='country-2009-01-31.xsd#country_CO' xlink:label='loc_CO' xlink:type='locator' />
<link:loc xlink:href='country-2009-01-31.xsd#country_KM' xlink:label='loc_KM' xlink:type='locator' />
<link:loc xlink:href='country-2009-01-31.xsd#country_CG' xlink:label='loc_CG' xlink:type='locator' />
<link:loc xlink:href='country-2009-01-31.xsd#country_CD' xlink:label='loc_CD' xlink:type='locator' />
<link:loc xlink:href='country-2009-01-31.xsd#country_CK' xlink:label='loc_CK' xlink:type='locator' />
<link:loc xlink:href='country-2009-01-31.xsd#country_CR' xlink:label='loc_CR' xlink:type='locator' />
<link:loc xlink:href='country-2009-01-31.xsd#country_CI' xlink:label='loc_CI' xlink:type='locator' />
<link:loc xlink:href='country-2009-01-31.xsd#country_HR' xlink:label='loc_HR' xlink:type='locator' />
<link:loc xlink:href='country-2009-01-31.xsd#country_CU' xlink:label='loc_CU' xlink:type='locator' />
<link:loc xlink:href='country-2009-01-31.xsd#country_CY' xlink:label='loc_CY' xlink:type='locator' />
<link:loc xlink:href='country-2009-01-31.xsd#country_CZ' xlink:label='loc_CZ' xlink:type='locator' />
<link:loc xlink:href='country-2009-01-31.xsd#country_DK' xlink:label='loc_DK' xlink:type='locator' />
<link:loc xlink:href='country-2009-01-31.xsd#country_DJ' xlink:label='loc_DJ' xlink:type='locator' />
<link:loc xlink:href='country-2009-01-31.xsd#country_DM' xlink:label='loc_DM' xlink:type='locator' />
<link:loc xlink:href='country-2009-01-31.xsd#country_DO' xlink:label='loc_DO' xlink:type='locator' />
<link:loc xlink:href='country-2009-01-31.xsd#country_TP' xlink:label='loc_TP' xlink:type='locator' />
<link:loc xlink:href='country-2009-01-31.xsd#country_EC' xlink:label='loc_EC' xlink:type='locator' />
<link:loc xlink:href='country-2009-01-31.xsd#country_EG' xlink:label='loc_EG' xlink:type='locator' />
<link:loc xlink:href='country-2009-01-31.xsd#country_SV' xlink:label='loc_SV' xlink:type='locator' />
<link:loc xlink:href='country-2009-01-31.xsd#country_GQ' xlink:label='loc_GQ' xlink:type='locator' />
<link:loc xlink:href='country-2009-01-31.xsd#country_ER' xlink:label='loc_ER' xlink:type='locator' />
<link:loc xlink:href='country-2009-01-31.xsd#country_EE' xlink:label='loc_EE' xlink:type='locator' />
<link:loc xlink:href='country-2009-01-31.xsd#country_ET' xlink:label='loc_ET' xlink:type='locator' />
<link:loc xlink:href='country-2009-01-31.xsd#country_FK' xlink:label='loc_FK' xlink:type='locator' />
<link:loc xlink:href='country-2009-01-31.xsd#country_FO' xlink:label='loc_FO' xlink:type='locator' />
<link:loc xlink:href='country-2009-01-31.xsd#country_FJ' xlink:label='loc_FJ' xlink:type='locator' />
<link:loc xlink:href='country-2009-01-31.xsd#country_FI' xlink:label='loc_FI' xlink:type='locator' />
<link:loc xlink:href='country-2009-01-31.xsd#country_FR' xlink:label='loc_FR' xlink:type='locator' />
<link:loc xlink:href='country-2009-01-31.xsd#country_GF' xlink:label='loc_GF' xlink:type='locator' />
<link:loc xlink:href='country-2009-01-31.xsd#country_PF' xlink:label='loc_PF' xlink:type='locator' />
<link:loc xlink:href='country-2009-01-31.xsd#country_TF' xlink:label='loc_TF' xlink:type='locator' />
<link:loc xlink:href='country-2009-01-31.xsd#country_GA' xlink:label='loc_GA' xlink:type='locator' />
<link:loc xlink:href='country-2009-01-31.xsd#country_GM' xlink:label='loc_GM' xlink:type='locator' />
<link:loc xlink:href='country-2009-01-31.xsd#country_GE' xlink:label='loc_GE' xlink:type='locator' />
<link:loc xlink:href='country-2009-01-31.xsd#country_DE' xlink:label='loc_DE' xlink:type='locator' />
<link:loc xlink:href='country-2009-01-31.xsd#country_GH' xlink:label='loc_GH' xlink:type='locator' />
<link:loc xlink:href='country-2009-01-31.xsd#country_GI' xlink:label='loc_GI' xlink:type='locator' />
<link:loc xlink:href='country-2009-01-31.xsd#country_GR' xlink:label='loc_GR' xlink:type='locator' />
<link:loc xlink:href='country-2009-01-31.xsd#country_GL' xlink:label='loc_GL' xlink:type='locator' />
<link:loc xlink:href='country-2009-01-31.xsd#country_GD' xlink:label='loc_GD' xlink:type='locator' />
<link:loc xlink:href='country-2009-01-31.xsd#country_GP' xlink:label='loc_GP' xlink:type='locator' />
<link:loc xlink:href='country-2009-01-31.xsd#country_GU' xlink:label='loc_GU' xlink:type='locator' />
<link:loc xlink:href='country-2009-01-31.xsd#country_GT' xlink:label='loc_GT' xlink:type='locator' />
<link:loc xlink:href='country-2009-01-31.xsd#country_GN' xlink:label='loc_GN' xlink:type='locator' />
<link:loc xlink:href='country-2009-01-31.xsd#country_GW' xlink:label='loc_GW' xlink:type='locator' />
<link:loc xlink:href='country-2009-01-31.xsd#country_GY' xlink:label='loc_GY' xlink:type='locator' />
<link:loc xlink:href='country-2009-01-31.xsd#country_HT' xlink:label='loc_HT' xlink:type='locator' />
<link:loc xlink:href='country-2009-01-31.xsd#country_HM' xlink:label='loc_HM' xlink:type='locator' />
<link:loc xlink:href='country-2009-01-31.xsd#country_VA' xlink:label='loc_VA' xlink:type='locator' />
<link:loc xlink:href='country-2009-01-31.xsd#country_HN' xlink:label='loc_HN' xlink:type='locator' />
<link:loc xlink:href='country-2009-01-31.xsd#country_HK' xlink:label='loc_HK' xlink:type='locator' />
<link:loc xlink:href='country-2009-01-31.xsd#country_HU' xlink:label='loc_HU' xlink:type='locator' />
<link:loc xlink:href='country-2009-01-31.xsd#country_IS' xlink:label='loc_IS' xlink:type='locator' />
<link:loc xlink:href='country-2009-01-31.xsd#country_IN' xlink:label='loc_IN' xlink:type='locator' />
<link:loc xlink:href='country-2009-01-31.xsd#country_ID' xlink:label='loc_ID' xlink:type='locator' />
<link:loc xlink:href='country-2009-01-31.xsd#country_IR' xlink:label='loc_IR' xlink:type='locator' />
<link:loc xlink:href='country-2009-01-31.xsd#country_IQ' xlink:label='loc_IQ' xlink:type='locator' />
<link:loc xlink:href='country-2009-01-31.xsd#country_IE' xlink:label='loc_IE' xlink:type='locator' />
<link:loc xlink:href='country-2009-01-31.xsd#country_IL' xlink:label='loc_IL' xlink:type='locator' />
<link:loc xlink:href='country-2009-01-31.xsd#country_IT' xlink:label='loc_IT' xlink:type='locator' />
<link:loc xlink:href='country-2009-01-31.xsd#country_JM' xlink:label='loc_JM' xlink:type='locator' />
<link:loc xlink:href='country-2009-01-31.xsd#country_JP' xlink:label='loc_JP' xlink:type='locator' />
<link:loc xlink:href='country-2009-01-31.xsd#country_JO' xlink:label='loc_JO' xlink:type='locator' />
<link:loc xlink:href='country-2009-01-31.xsd#country_KZ' xlink:label='loc_KZ' xlink:type='locator' />
<link:loc xlink:href='country-2009-01-31.xsd#country_KE' xlink:label='loc_KE' xlink:type='locator' />
<link:loc xlink:href='country-2009-01-31.xsd#country_KI' xlink:label='loc_KI' xlink:type='locator' />
<link:loc xlink:href='country-2009-01-31.xsd#country_KP' xlink:label='loc_KP' xlink:type='locator' />
<link:loc xlink:href='country-2009-01-31.xsd#country_KR' xlink:label='loc_KR' xlink:type='locator' />
<link:loc xlink:href='country-2009-01-31.xsd#country_KW' xlink:label='loc_KW' xlink:type='locator' />
<link:loc xlink:href='country-2009-01-31.xsd#country_KG' xlink:label='loc_KG' xlink:type='locator' />
<link:loc xlink:href='country-2009-01-31.xsd#country_LA' xlink:label='loc_LA' xlink:type='locator' />
<link:loc xlink:href='country-2009-01-31.xsd#country_LV' xlink:label='loc_LV' xlink:type='locator' />
<link:loc xlink:href='country-2009-01-31.xsd#country_LB' xlink:label='loc_LB' xlink:type='locator' />
<link:loc xlink:href='country-2009-01-31.xsd#country_LS' xlink:label='loc_LS' xlink:type='locator' />
<link:loc xlink:href='country-2009-01-31.xsd#country_LR' xlink:label='loc_LR' xlink:type='locator' />
<link:loc xlink:href='country-2009-01-31.xsd#country_LY' xlink:label='loc_LY' xlink:type='locator' />
<link:loc xlink:href='country-2009-01-31.xsd#country_LI' xlink:label='loc_LI' xlink:type='locator' />
<link:loc xlink:href='country-2009-01-31.xsd#country_LT' xlink:label='loc_LT' xlink:type='locator' />
<link:loc xlink:href='country-2009-01-31.xsd#country_LU' xlink:label='loc_LU' xlink:type='locator' />
<link:loc xlink:href='country-2009-01-31.xsd#country_MO' xlink:label='loc_MO' xlink:type='locator' />
<link:loc xlink:href='country-2009-01-31.xsd#country_MK' xlink:label='loc_MK' xlink:type='locator' />
<link:loc xlink:href='country-2009-01-31.xsd#country_MG' xlink:label='loc_MG' xlink:type='locator' />
<link:loc xlink:href='country-2009-01-31.xsd#country_MW' xlink:label='loc_MW' xlink:type='locator' />
<link:loc xlink:href='country-2009-01-31.xsd#country_MY' xlink:label='loc_MY' xlink:type='locator' />
<link:loc xlink:href='country-2009-01-31.xsd#country_MV' xlink:label='loc_MV' xlink:type='locator' />
<link:loc xlink:href='country-2009-01-31.xsd#country_ML' xlink:label='loc_ML' xlink:type='locator' />
<link:loc xlink:href='country-2009-01-31.xsd#country_MT' xlink:label='loc_MT' xlink:type='locator' />
<link:loc xlink:href='country-2009-01-31.xsd#country_MH' xlink:label='loc_MH' xlink:type='locator' />
<link:loc xlink:href='country-2009-01-31.xsd#country_MQ' xlink:label='loc_MQ' xlink:type='locator' />
<link:loc xlink:href='country-2009-01-31.xsd#country_MR' xlink:label='loc_MR' xlink:type='locator' />
<link:loc xlink:href='country-2009-01-31.xsd#country_MU' xlink:label='loc_MU' xlink:type='locator' />
<link:loc xlink:href='country-2009-01-31.xsd#country_YT' xlink:label='loc_YT' xlink:type='locator' />
<link:loc xlink:href='country-2009-01-31.xsd#country_MX' xlink:label='loc_MX' xlink:type='locator' />
<link:loc xlink:href='country-2009-01-31.xsd#country_FM' xlink:label='loc_FM' xlink:type='locator' />
<link:loc xlink:href='country-2009-01-31.xsd#country_MD' xlink:label='loc_MD' xlink:type='locator' />
<link:loc xlink:href='country-2009-01-31.xsd#country_MC' xlink:label='loc_MC' xlink:type='locator' />
<link:loc xlink:href='country-2009-01-31.xsd#country_ME' xlink:label='loc_ME' xlink:type='locator' />
<link:loc xlink:href='country-2009-01-31.xsd#country_MN' xlink:label='loc_MN' xlink:type='locator' />
<link:loc xlink:href='country-2009-01-31.xsd#country_MS' xlink:label='loc_MS' xlink:type='locator' />
<link:loc xlink:href='country-2009-01-31.xsd#country_MA' xlink:label='loc_MA' xlink:type='locator' />
<link:loc xlink:href='country-2009-01-31.xsd#country_MZ' xlink:label='loc_MZ' xlink:type='locator' />
<link:loc xlink:href='country-2009-01-31.xsd#country_MM' xlink:label='loc_MM' xlink:type='locator' />
<link:loc xlink:href='country-2009-01-31.xsd#country_NA' xlink:label='loc_NA' xlink:type='locator' />
<link:loc xlink:href='country-2009-01-31.xsd#country_NR' xlink:label='loc_NR' xlink:type='locator' />
<link:loc xlink:href='country-2009-01-31.xsd#country_NP' xlink:label='loc_NP' xlink:type='locator' />
<link:loc xlink:href='country-2009-01-31.xsd#country_NL' xlink:label='loc_NL' xlink:type='locator' />
<link:loc xlink:href='country-2009-01-31.xsd#country_AN' xlink:label='loc_AN' xlink:type='locator' />
<link:loc xlink:href='country-2009-01-31.xsd#country_NC' xlink:label='loc_NC' xlink:type='locator' />
<link:loc xlink:href='country-2009-01-31.xsd#country_NZ' xlink:label='loc_NZ' xlink:type='locator' />
<link:loc xlink:href='country-2009-01-31.xsd#country_NI' xlink:label='loc_NI' xlink:type='locator' />
<link:loc xlink:href='country-2009-01-31.xsd#country_NE' xlink:label='loc_NE' xlink:type='locator' />
<link:loc xlink:href='country-2009-01-31.xsd#country_NG' xlink:label='loc_NG' xlink:type='locator' />
<link:loc xlink:href='country-2009-01-31.xsd#country_NU' xlink:label='loc_NU' xlink:type='locator' />
<link:loc xlink:href='country-2009-01-31.xsd#country_NF' xlink:label='loc_NF' xlink:type='locator' />
<link:loc xlink:href='country-2009-01-31.xsd#country_MP' xlink:label='loc_MP' xlink:type='locator' />
<link:loc xlink:href='country-2009-01-31.xsd#country_NO' xlink:label='loc_NO' xlink:type='locator' />
<link:loc xlink:href='country-2009-01-31.xsd#country_OM' xlink:label='loc_OM' xlink:type='locator' />
<link:loc xlink:href='country-2009-01-31.xsd#country_PK' xlink:label='loc_PK' xlink:type='locator' />
<link:loc xlink:href='country-2009-01-31.xsd#country_PW' xlink:label='loc_PW' xlink:type='locator' />
<link:loc xlink:href='country-2009-01-31.xsd#country_PS' xlink:label='loc_PS' xlink:type='locator' />
<link:loc xlink:href='country-2009-01-31.xsd#country_PA' xlink:label='loc_PA' xlink:type='locator' />
<link:loc xlink:href='country-2009-01-31.xsd#country_PG' xlink:label='loc_PG' xlink:type='locator' />
<link:loc xlink:href='country-2009-01-31.xsd#country_PY' xlink:label='loc_PY' xlink:type='locator' />
<link:loc xlink:href='country-2009-01-31.xsd#country_PE' xlink:label='loc_PE' xlink:type='locator' />
<link:loc xlink:href='country-2009-01-31.xsd#country_PH' xlink:label='loc_PH' xlink:type='locator' />
<link:loc xlink:href='country-2009-01-31.xsd#country_PN' xlink:label='loc_PN' xlink:type='locator' />
<link:loc xlink:href='country-2009-01-31.xsd#country_PL' xlink:label='loc_PL' xlink:type='locator' />
<link:loc xlink:href='country-2009-01-31.xsd#country_PT' xlink:label='loc_PT' xlink:type='locator' />
<link:loc xlink:href='country-2009-01-31.xsd#country_PR' xlink:label='loc_PR' xlink:type='locator' />
<link:loc xlink:href='country-2009-01-31.xsd#country_QA' xlink:label='loc_QA' xlink:type='locator' />
<link:loc xlink:href='country-2009-01-31.xsd#country_RE' xlink:label='loc_RE' xlink:type='locator' />
<link:loc xlink:href='country-2009-01-31.xsd#country_RO' xlink:label='loc_RO' xlink:type='locator' />
<link:loc xlink:href='country-2009-01-31.xsd#country_RU' xlink:label='loc_RU' xlink:type='locator' />
<link:loc xlink:href='country-2009-01-31.xsd#country_RW' xlink:label='loc_RW' xlink:type='locator' />
<link:loc xlink:href='country-2009-01-31.xsd#country_SH' xlink:label='loc_SH' xlink:type='locator' />
<link:loc xlink:href='country-2009-01-31.xsd#country_KN' xlink:label='loc_KN' xlink:type='locator' />
<link:loc xlink:href='country-2009-01-31.xsd#country_LC' xlink:label='loc_LC' xlink:type='locator' />
<link:loc xlink:href='country-2009-01-31.xsd#country_PM' xlink:label='loc_PM' xlink:type='locator' />
<link:loc xlink:href='country-2009-01-31.xsd#country_VC' xlink:label='loc_VC' xlink:type='locator' />
<link:loc xlink:href='country-2009-01-31.xsd#country_WS' xlink:label='loc_WS' xlink:type='locator' />
<link:loc xlink:href='country-2009-01-31.xsd#country_SM' xlink:label='loc_SM' xlink:type='locator' />
<link:loc xlink:href='country-2009-01-31.xsd#country_ST' xlink:label='loc_ST' xlink:type='locator' />
<link:loc xlink:href='country-2009-01-31.xsd#country_SA' xlink:label='loc_SA' xlink:type='locator' />
<link:loc xlink:href='country-2009-01-31.xsd#country_SN' xlink:label='loc_SN' xlink:type='locator' />
<link:loc xlink:href='country-2009-01-31.xsd#country_SC' xlink:label='loc_SC' xlink:type='locator' />
<link:loc xlink:href='country-2009-01-31.xsd#country_SL' xlink:label='loc_SL' xlink:type='locator' />
<link:loc xlink:href='country-2009-01-31.xsd#country_SG' xlink:label='loc_SG' xlink:type='locator' />
<link:loc xlink:href='country-2009-01-31.xsd#country_SK' xlink:label='loc_SK' xlink:type='locator' />
<link:loc xlink:href='country-2009-01-31.xsd#country_SI' xlink:label='loc_SI' xlink:type='locator' />
<link:loc xlink:href='country-2009-01-31.xsd#country_SB' xlink:label='loc_SB' xlink:type='locator' />
<link:loc xlink:href='country-2009-01-31.xsd#country_SO' xlink:label='loc_SO' xlink:type='locator' />
<link:loc xlink:href='country-2009-01-31.xsd#country_ZA' xlink:label='loc_ZA' xlink:type='locator' />
<link:loc xlink:href='country-2009-01-31.xsd#country_GS' xlink:label='loc_GS' xlink:type='locator' />
<link:loc xlink:href='country-2009-01-31.xsd#country_ES' xlink:label='loc_ES' xlink:type='locator' />
<link:loc xlink:href='country-2009-01-31.xsd#country_LK' xlink:label='loc_LK' xlink:type='locator' />
<link:loc xlink:href='country-2009-01-31.xsd#country_SD' xlink:label='loc_SD' xlink:type='locator' />
<link:loc xlink:href='country-2009-01-31.xsd#country_SR' xlink:label='loc_SR' xlink:type='locator' />
<link:loc xlink:href='country-2009-01-31.xsd#country_SJ' xlink:label='loc_SJ' xlink:type='locator' />
<link:loc xlink:href='country-2009-01-31.xsd#country_SZ' xlink:label='loc_SZ' xlink:type='locator' />
<link:loc xlink:href='country-2009-01-31.xsd#country_SE' xlink:label='loc_SE' xlink:type='locator' />
<link:loc xlink:href='country-2009-01-31.xsd#country_CH' xlink:label='loc_CH' xlink:type='locator' />
<link:loc xlink:href='country-2009-01-31.xsd#country_SY' xlink:label='loc_SY' xlink:type='locator' />
<link:loc xlink:href='country-2009-01-31.xsd#country_TW' xlink:label='loc_TW' xlink:type='locator' />
<link:loc xlink:href='country-2009-01-31.xsd#country_TJ' xlink:label='loc_TJ' xlink:type='locator' />
<link:loc xlink:href='country-2009-01-31.xsd#country_TZ' xlink:label='loc_TZ' xlink:type='locator' />
<link:loc xlink:href='country-2009-01-31.xsd#country_TH' xlink:label='loc_TH' xlink:type='locator' />
<link:loc xlink:href='country-2009-01-31.xsd#country_TG' xlink:label='loc_TG' xlink:type='locator' />
<link:loc xlink:href='country-2009-01-31.xsd#country_TK' xlink:label='loc_TK' xlink:type='locator' />
<link:loc xlink:href='country-2009-01-31.xsd#country_TO' xlink:label='loc_TO' xlink:type='locator' />
<link:loc xlink:href='country-2009-01-31.xsd#country_TT' xlink:label='loc_TT' xlink:type='locator' />
<link:loc xlink:href='country-2009-01-31.xsd#country_TN' xlink:label='loc_TN' xlink:type='locator' />
<link:loc xlink:href='country-2009-01-31.xsd#country_TR' xlink:label='loc_TR' xlink:type='locator' />
<link:loc xlink:href='country-2009-01-31.xsd#country_TM' xlink:label='loc_TM' xlink:type='locator' />
<link:loc xlink:href='country-2009-01-31.xsd#country_TC' xlink:label='loc_TC' xlink:type='locator' />
<link:loc xlink:href='country-2009-01-31.xsd#country_TV' xlink:label='loc_TV' xlink:type='locator' />
<link:loc xlink:href='country-2009-01-31.xsd#country_UG' xlink:label='loc_UG' xlink:type='locator' />
<link:loc xlink:href='country-2009-01-31.xsd#country_UA' xlink:label='loc_UA' xlink:type='locator' />
<link:loc xlink:href='country-2009-01-31.xsd#country_AE' xlink:label='loc_AE' xlink:type='locator' />
<link:loc xlink:href='country-2009-01-31.xsd#country_GB' xlink:label='loc_GB' xlink:type='locator' />
<link:loc xlink:href='country-2009-01-31.xsd#country_UM' xlink:label='loc_UM' xlink:type='locator' />
<link:loc xlink:href='country-2009-01-31.xsd#country_US' xlink:label='loc_US' xlink:type='locator' />
<link:loc xlink:href='country-2009-01-31.xsd#country_UY' xlink:label='loc_UY' xlink:type='locator' />
<link:loc xlink:href='country-2009-01-31.xsd#country_UZ' xlink:label='loc_UZ' xlink:type='locator' />
<link:loc xlink:href='country-2009-01-31.xsd#country_VU' xlink:label='loc_VU' xlink:type='locator' />
<link:loc xlink:href='country-2009-01-31.xsd#country_VE' xlink:label='loc_VE' xlink:type='locator' />
<link:loc xlink:href='country-2009-01-31.xsd#country_VN' xlink:label='loc_VN' xlink:type='locator' />
<link:loc xlink:href='country-2009-01-31.xsd#country_VG' xlink:label='loc_VG' xlink:type='locator' />
<link:loc xlink:href='country-2009-01-31.xsd#country_VI' xlink:label='loc_VI' xlink:type='locator' />
<link:loc xlink:href='country-2009-01-31.xsd#country_WF' xlink:label='loc_WF' xlink:type='locator' />
<link:loc xlink:href='country-2009-01-31.xsd#country_EH' xlink:label='loc_EH' xlink:type='locator' />
<link:loc xlink:href='country-2009-01-31.xsd#country_YE' xlink:label='loc_YE' xlink:type='locator' />
<link:loc xlink:href='country-2009-01-31.xsd#country_YU' xlink:label='loc_YU' xlink:type='locator' />
<link:loc xlink:href='country-2009-01-31.xsd#country_ZM' xlink:label='loc_ZM' xlink:type='locator' />
<link:loc xlink:href='country-2009-01-31.xsd#country_ZW' xlink:label='loc_ZW' xlink:type='locator' />
<link:loc xlink:href='country-2009-01-31.xsd#country_XX' xlink:label='loc_XX' xlink:type='locator' />
<link:loc xlink:href='country-2009-01-31.xsd#country_PQ' xlink:label='loc_PQ' xlink:type='locator' />
<link:loc xlink:href='country-2009-01-31.xsd#country_EQ' xlink:label='loc_EQ' xlink:type='locator' />
<link:loc xlink:href='country-2009-01-31.xsd#country_GZ' xlink:label='loc_GZ' xlink:type='locator' />
<link:loc xlink:href='country-2009-01-31.xsd#country_WB' xlink:label='loc_WB' xlink:type='locator' />
<link:loc xlink:href='country-2009-01-31.xsd#country_GC' xlink:label='loc_GC' xlink:type='locator' />
<link:loc xlink:href='country-2009-01-31.xsd#country_IY' xlink:label='loc_IY' xlink:type='locator' />
<link:loc xlink:href='country-2009-01-31.xsd#country_IW' xlink:label='loc_IW' xlink:type='locator' />
<link:loc xlink:href='country-2009-01-31.xsd#country_IU' xlink:label='loc_IU' xlink:type='locator' />
<link:loc xlink:href='country-2009-01-31.xsd#country_JQ' xlink:label='loc_JQ' xlink:type='locator' />
<link:loc xlink:href='country-2009-01-31.xsd#country_TQ' xlink:label='loc_TQ' xlink:type='locator' />
<link:loc xlink:href='country-2009-01-31.xsd#country_RH' xlink:label='loc_RH' xlink:type='locator' />
<link:loc xlink:href='country-2009-01-31.xsd#country_UR' xlink:label='loc_UR' xlink:type='locator' />
<link:loc xlink:href='country-2009-01-31.xsd#country_WQ' xlink:label='loc_WQ' xlink:type='locator' />
<link:presentationArc order='1.0' xlink:arcrole='http://www.xbrl.org/2003/arcrole/parent-child' xlink:from='loc_AllCountriesDomain' xlink:to='loc_AF' xlink:type='arc' />
<link:presentationArc order='2.0' xlink:arcrole='http://www.xbrl.org/2003/arcrole/parent-child' xlink:from='loc_AllCountriesDomain' xlink:to='loc_AL' xlink:type='arc' />
<link:presentationArc order='3.0' xlink:arcrole='http://www.xbrl.org/2003/arcrole/parent-child' xlink:from='loc_AllCountriesDomain' xlink:to='loc_DZ' xlink:type='arc' />
<link:presentationArc order='4.0' xlink:arcrole='http://www.xbrl.org/2003/arcrole/parent-child' xlink:from='loc_AllCountriesDomain' xlink:to='loc_AS' xlink:type='arc' />
<link:presentationArc order='5.0' xlink:arcrole='http://www.xbrl.org/2003/arcrole/parent-child' xlink:from='loc_AllCountriesDomain' xlink:to='loc_AD' xlink:type='arc' />
<link:presentationArc order='6.0' xlink:arcrole='http://www.xbrl.org/2003/arcrole/parent-child' xlink:from='loc_AllCountriesDomain' xlink:to='loc_AO' xlink:type='arc' />
<link:presentationArc order='7.0' xlink:arcrole='http://www.xbrl.org/2003/arcrole/parent-child' xlink:from='loc_AllCountriesDomain' xlink:to='loc_AI' xlink:type='arc' />
<link:presentationArc order='8.0' xlink:arcrole='http://www.xbrl.org/2003/arcrole/parent-child' xlink:from='loc_AllCountriesDomain' xlink:to='loc_AQ' xlink:type='arc' />
<link:presentationArc order='9.0' xlink:arcrole='http://www.xbrl.org/2003/arcrole/parent-child' xlink:from='loc_AllCountriesDomain' xlink:to='loc_AG' xlink:type='arc' />
<link:presentationArc order='10.0' xlink:arcrole='http://www.xbrl.org/2003/arcrole/parent-child' xlink:from='loc_AllCountriesDomain' xlink:to='loc_AR' xlink:type='arc' />
<link:presentationArc order='11.0' xlink:arcrole='http://www.xbrl.org/2003/arcrole/parent-child' xlink:from='loc_AllCountriesDomain' xlink:to='loc_AM' xlink:type='arc' />
<link:presentationArc order='12.0' xlink:arcrole='http://www.xbrl.org/2003/arcrole/parent-child' xlink:from='loc_AllCountriesDomain' xlink:to='loc_AW' xlink:type='arc' />
<link:presentationArc order='13.0' xlink:arcrole='http://www.xbrl.org/2003/arcrole/parent-child' xlink:from='loc_AllCountriesDomain' xlink:to='loc_AU' xlink:type='arc' />
<link:presentationArc order='14.0' xlink:arcrole='http://www.xbrl.org/2003/arcrole/parent-child' xlink:from='loc_AllCountriesDomain' xlink:to='loc_AT' xlink:type='arc' />
<link:presentationArc order='15.0' xlink:arcrole='http://www.xbrl.org/2003/arcrole/parent-child' xlink:from='loc_AllCountriesDomain' xlink:to='loc_AZ' xlink:type='arc' />
<link:presentationArc order='16.0' xlink:arcrole='http://www.xbrl.org/2003/arcrole/parent-child' xlink:from='loc_AllCountriesDomain' xlink:to='loc_BS' xlink:type='arc' />
<link:presentationArc order='17.0' xlink:arcrole='http://www.xbrl.org/2003/arcrole/parent-child' xlink:from='loc_AllCountriesDomain' xlink:to='loc_BH' xlink:type='arc' />
<link:presentationArc order='18.0' xlink:arcrole='http://www.xbrl.org/2003/arcrole/parent-child' xlink:from='loc_AllCountriesDomain' xlink:to='loc_BD' xlink:type='arc' />
<link:presentationArc order='19.0' xlink:arcrole='http://www.xbrl.org/2003/arcrole/parent-child' xlink:from='loc_AllCountriesDomain' xlink:to='loc_BB' xlink:type='arc' />
<link:presentationArc order='20.0' xlink:arcrole='http://www.xbrl.org/2003/arcrole/parent-child' xlink:from='loc_AllCountriesDomain' xlink:to='loc_BY' xlink:type='arc' />
<link:presentationArc order='21.0' xlink:arcrole='http://www.xbrl.org/2003/arcrole/parent-child' xlink:from='loc_AllCountriesDomain' xlink:to='loc_BE' xlink:type='arc' />
<link:presentationArc order='22.0' xlink:arcrole='http://www.xbrl.org/2003/arcrole/parent-child' xlink:from='loc_AllCountriesDomain' xlink:to='loc_BZ' xlink:type='arc' />
<link:presentationArc order='23.0' xlink:arcrole='http://www.xbrl.org/2003/arcrole/parent-child' xlink:from='loc_AllCountriesDomain' xlink:to='loc_BJ' xlink:type='arc' />
<link:presentationArc order='24.0' xlink:arcrole='http://www.xbrl.org/2003/arcrole/parent-child' xlink:from='loc_AllCountriesDomain' xlink:to='loc_BM' xlink:type='arc' />
<link:presentationArc order='25.0' xlink:arcrole='http://www.xbrl.org/2003/arcrole/parent-child' xlink:from='loc_AllCountriesDomain' xlink:to='loc_BT' xlink:type='arc' />
<link:presentationArc order='26.0' xlink:arcrole='http://www.xbrl.org/2003/arcrole/parent-child' xlink:from='loc_AllCountriesDomain' xlink:to='loc_BO' xlink:type='arc' />
<link:presentationArc order='27.0' xlink:arcrole='http://www.xbrl.org/2003/arcrole/parent-child' xlink:from='loc_AllCountriesDomain' xlink:to='loc_BA' xlink:type='arc' />
<link:presentationArc order='28.0' xlink:arcrole='http://www.xbrl.org/2003/arcrole/parent-child' xlink:from='loc_AllCountriesDomain' xlink:to='loc_BW' xlink:type='arc' />
<link:presentationArc order='29.0' xlink:arcrole='http://www.xbrl.org/2003/arcrole/parent-child' xlink:from='loc_AllCountriesDomain' xlink:to='loc_BV' xlink:type='arc' />
<link:presentationArc order='30.0' xlink:arcrole='http://www.xbrl.org/2003/arcrole/parent-child' xlink:from='loc_AllCountriesDomain' xlink:to='loc_BR' xlink:type='arc' />
<link:presentationArc order='31.0' xlink:arcrole='http://www.xbrl.org/2003/arcrole/parent-child' xlink:from='loc_AllCountriesDomain' xlink:to='loc_IO' xlink:type='arc' />
<link:presentationArc order='32.0' xlink:arcrole='http://www.xbrl.org/2003/arcrole/parent-child' xlink:from='loc_AllCountriesDomain' xlink:to='loc_BN' xlink:type='arc' />
<link:presentationArc order='33.0' xlink:arcrole='http://www.xbrl.org/2003/arcrole/parent-child' xlink:from='loc_AllCountriesDomain' xlink:to='loc_BG' xlink:type='arc' />
<link:presentationArc order='34.0' xlink:arcrole='http://www.xbrl.org/2003/arcrole/parent-child' xlink:from='loc_AllCountriesDomain' xlink:to='loc_BF' xlink:type='arc' />
<link:presentationArc order='35.0' xlink:arcrole='http://www.xbrl.org/2003/arcrole/parent-child' xlink:from='loc_AllCountriesDomain' xlink:to='loc_BI' xlink:type='arc' />
<link:presentationArc order='36.0' xlink:arcrole='http://www.xbrl.org/2003/arcrole/parent-child' xlink:from='loc_AllCountriesDomain' xlink:to='loc_KH' xlink:type='arc' />
<link:presentationArc order='37.0' xlink:arcrole='http://www.xbrl.org/2003/arcrole/parent-child' xlink:from='loc_AllCountriesDomain' xlink:to='loc_CM' xlink:type='arc' />
<link:presentationArc order='38.0' xlink:arcrole='http://www.xbrl.org/2003/arcrole/parent-child' xlink:from='loc_AllCountriesDomain' xlink:to='loc_CA' xlink:type='arc' />
<link:presentationArc order='39.0' xlink:arcrole='http://www.xbrl.org/2003/arcrole/parent-child' xlink:from='loc_AllCountriesDomain' xlink:to='loc_CV' xlink:type='arc' />
<link:presentationArc order='40.0' xlink:arcrole='http://www.xbrl.org/2003/arcrole/parent-child' xlink:from='loc_AllCountriesDomain' xlink:to='loc_KY' xlink:type='arc' />
<link:presentationArc order='41.0' xlink:arcrole='http://www.xbrl.org/2003/arcrole/parent-child' xlink:from='loc_AllCountriesDomain' xlink:to='loc_CF' xlink:type='arc' />
<link:presentationArc order='42.0' xlink:arcrole='http://www.xbrl.org/2003/arcrole/parent-child' xlink:from='loc_AllCountriesDomain' xlink:to='loc_TD' xlink:type='arc' />
<link:presentationArc order='43.0' xlink:arcrole='http://www.xbrl.org/2003/arcrole/parent-child' xlink:from='loc_AllCountriesDomain' xlink:to='loc_CL' xlink:type='arc' />
<link:presentationArc order='44.0' xlink:arcrole='http://www.xbrl.org/2003/arcrole/parent-child' xlink:from='loc_AllCountriesDomain' xlink:to='loc_CN' xlink:type='arc' />
<link:presentationArc order='45.0' xlink:arcrole='http://www.xbrl.org/2003/arcrole/parent-child' xlink:from='loc_AllCountriesDomain' xlink:to='loc_CX' xlink:type='arc' />
<link:presentationArc order='46.0' xlink:arcrole='http://www.xbrl.org/2003/arcrole/parent-child' xlink:from='loc_AllCountriesDomain' xlink:to='loc_CC' xlink:type='arc' />
<link:presentationArc order='47.0' xlink:arcrole='http://www.xbrl.org/2003/arcrole/parent-child' xlink:from='loc_AllCountriesDomain' xlink:to='loc_CO' xlink:type='arc' />
<link:presentationArc order='48.0' xlink:arcrole='http://www.xbrl.org/2003/arcrole/parent-child' xlink:from='loc_AllCountriesDomain' xlink:to='loc_KM' xlink:type='arc' />
<link:presentationArc order='49.0' xlink:arcrole='http://www.xbrl.org/2003/arcrole/parent-child' xlink:from='loc_AllCountriesDomain' xlink:to='loc_CG' xlink:type='arc' />
<link:presentationArc order='50.0' xlink:arcrole='http://www.xbrl.org/2003/arcrole/parent-child' xlink:from='loc_AllCountriesDomain' xlink:to='loc_CD' xlink:type='arc' />
<link:presentationArc order='51.0' xlink:arcrole='http://www.xbrl.org/2003/arcrole/parent-child' xlink:from='loc_AllCountriesDomain' xlink:to='loc_CK' xlink:type='arc' />
<link:presentationArc order='52.0' xlink:arcrole='http://www.xbrl.org/2003/arcrole/parent-child' xlink:from='loc_AllCountriesDomain' xlink:to='loc_CR' xlink:type='arc' />
<link:presentationArc order='53.0' xlink:arcrole='http://www.xbrl.org/2003/arcrole/parent-child' xlink:from='loc_AllCountriesDomain' xlink:to='loc_CI' xlink:type='arc' />
<link:presentationArc order='54.0' xlink:arcrole='http://www.xbrl.org/2003/arcrole/parent-child' xlink:from='loc_AllCountriesDomain' xlink:to='loc_HR' xlink:type='arc' />
<link:presentationArc order='55.0' xlink:arcrole='http://www.xbrl.org/2003/arcrole/parent-child' xlink:from='loc_AllCountriesDomain' xlink:to='loc_CU' xlink:type='arc' />
<link:presentationArc order='56.0' xlink:arcrole='http://www.xbrl.org/2003/arcrole/parent-child' xlink:from='loc_AllCountriesDomain' xlink:to='loc_CY' xlink:type='arc' />
<link:presentationArc order='57.0' xlink:arcrole='http://www.xbrl.org/2003/arcrole/parent-child' xlink:from='loc_AllCountriesDomain' xlink:to='loc_CZ' xlink:type='arc' />
<link:presentationArc order='58.0' xlink:arcrole='http://www.xbrl.org/2003/arcrole/parent-child' xlink:from='loc_AllCountriesDomain' xlink:to='loc_DK' xlink:type='arc' />
<link:presentationArc order='59.0' xlink:arcrole='http://www.xbrl.org/2003/arcrole/parent-child' xlink:from='loc_AllCountriesDomain' xlink:to='loc_DJ' xlink:type='arc' />
<link:presentationArc order='60.0' xlink:arcrole='http://www.xbrl.org/2003/arcrole/parent-child' xlink:from='loc_AllCountriesDomain' xlink:to='loc_DM' xlink:type='arc' />
<link:presentationArc order='61.0' xlink:arcrole='http://www.xbrl.org/2003/arcrole/parent-child' xlink:from='loc_AllCountriesDomain' xlink:to='loc_DO' xlink:type='arc' />
<link:presentationArc order='62.0' xlink:arcrole='http://www.xbrl.org/2003/arcrole/parent-child' xlink:from='loc_AllCountriesDomain' xlink:to='loc_TP' xlink:type='arc' />
<link:presentationArc order='63.0' xlink:arcrole='http://www.xbrl.org/2003/arcrole/parent-child' xlink:from='loc_AllCountriesDomain' xlink:to='loc_EC' xlink:type='arc' />
<link:presentationArc order='64.0' xlink:arcrole='http://www.xbrl.org/2003/arcrole/parent-child' xlink:from='loc_AllCountriesDomain' xlink:to='loc_EG' xlink:type='arc' />
<link:presentationArc order='65.0' xlink:arcrole='http://www.xbrl.org/2003/arcrole/parent-child' xlink:from='loc_AllCountriesDomain' xlink:to='loc_SV' xlink:type='arc' />
<link:presentationArc order='66.0' xlink:arcrole='http://www.xbrl.org/2003/arcrole/parent-child' xlink:from='loc_AllCountriesDomain' xlink:to='loc_GQ' xlink:type='arc' />
<link:presentationArc order='67.0' xlink:arcrole='http://www.xbrl.org/2003/arcrole/parent-child' xlink:from='loc_AllCountriesDomain' xlink:to='loc_ER' xlink:type='arc' />
<link:presentationArc order='68.0' xlink:arcrole='http://www.xbrl.org/2003/arcrole/parent-child' xlink:from='loc_AllCountriesDomain' xlink:to='loc_EE' xlink:type='arc' />
<link:presentationArc order='69.0' xlink:arcrole='http://www.xbrl.org/2003/arcrole/parent-child' xlink:from='loc_AllCountriesDomain' xlink:to='loc_ET' xlink:type='arc' />
<link:presentationArc order='70.0' xlink:arcrole='http://www.xbrl.org/2003/arcrole/parent-child' xlink:from='loc_AllCountriesDomain' xlink:to='loc_FK' xlink:type='arc' />
<link:presentationArc order='71.0' xlink:arcrole='http://www.xbrl.org/2003/arcrole/parent-child' xlink:from='loc_AllCountriesDomain' xlink:to='loc_FO' xlink:type='arc' />
<link:presentationArc order='72.0' xlink:arcrole='http://www.xbrl.org/2003/arcrole/parent-child' xlink:from='loc_AllCountriesDomain' xlink:to='loc_FJ' xlink:type='arc' />
<link:presentationArc order='73.0' xlink:arcrole='http://www.xbrl.org/2003/arcrole/parent-child' xlink:from='loc_AllCountriesDomain' xlink:to='loc_FI' xlink:type='arc' />
<link:presentationArc order='74.0' xlink:arcrole='http://www.xbrl.org/2003/arcrole/parent-child' xlink:from='loc_AllCountriesDomain' xlink:to='loc_FR' xlink:type='arc' />
<link:presentationArc order='75.0' xlink:arcrole='http://www.xbrl.org/2003/arcrole/parent-child' xlink:from='loc_AllCountriesDomain' xlink:to='loc_GF' xlink:type='arc' />
<link:presentationArc order='76.0' xlink:arcrole='http://www.xbrl.org/2003/arcrole/parent-child' xlink:from='loc_AllCountriesDomain' xlink:to='loc_PF' xlink:type='arc' />
<link:presentationArc order='77.0' xlink:arcrole='http://www.xbrl.org/2003/arcrole/parent-child' xlink:from='loc_AllCountriesDomain' xlink:to='loc_TF' xlink:type='arc' />
<link:presentationArc order='78.0' xlink:arcrole='http://www.xbrl.org/2003/arcrole/parent-child' xlink:from='loc_AllCountriesDomain' xlink:to='loc_GA' xlink:type='arc' />
<link:presentationArc order='79.0' xlink:arcrole='http://www.xbrl.org/2003/arcrole/parent-child' xlink:from='loc_AllCountriesDomain' xlink:to='loc_GM' xlink:type='arc' />
<link:presentationArc order='80.0' xlink:arcrole='http://www.xbrl.org/2003/arcrole/parent-child' xlink:from='loc_AllCountriesDomain' xlink:to='loc_GE' xlink:type='arc' />
<link:presentationArc order='81.0' xlink:arcrole='http://www.xbrl.org/2003/arcrole/parent-child' xlink:from='loc_AllCountriesDomain' xlink:to='loc_DE' xlink:type='arc' />
<link:presentationArc order='82.0' xlink:arcrole='http://www.xbrl.org/2003/arcrole/parent-child' xlink:from='loc_AllCountriesDomain' xlink:to='loc_GH' xlink:type='arc' />
<link:presentationArc order='83.0' xlink:arcrole='http://www.xbrl.org/2003/arcrole/parent-child' xlink:from='loc_AllCountriesDomain' xlink:to='loc_GI' xlink:type='arc' />
<link:presentationArc order='84.0' xlink:arcrole='http://www.xbrl.org/2003/arcrole/parent-child' xlink:from='loc_AllCountriesDomain' xlink:to='loc_GR' xlink:type='arc' />
<link:presentationArc order='85.0' xlink:arcrole='http://www.xbrl.org/2003/arcrole/parent-child' xlink:from='loc_AllCountriesDomain' xlink:to='loc_GL' xlink:type='arc' />
<link:presentationArc order='86.0' xlink:arcrole='http://www.xbrl.org/2003/arcrole/parent-child' xlink:from='loc_AllCountriesDomain' xlink:to='loc_GD' xlink:type='arc' />
<link:presentationArc order='87.0' xlink:arcrole='http://www.xbrl.org/2003/arcrole/parent-child' xlink:from='loc_AllCountriesDomain' xlink:to='loc_GP' xlink:type='arc' />
<link:presentationArc order='88.0' xlink:arcrole='http://www.xbrl.org/2003/arcrole/parent-child' xlink:from='loc_AllCountriesDomain' xlink:to='loc_GU' xlink:type='arc' />
<link:presentationArc order='89.0' xlink:arcrole='http://www.xbrl.org/2003/arcrole/parent-child' xlink:from='loc_AllCountriesDomain' xlink:to='loc_GT' xlink:type='arc' />
<link:presentationArc order='90.0' xlink:arcrole='http://www.xbrl.org/2003/arcrole/parent-child' xlink:from='loc_AllCountriesDomain' xlink:to='loc_GN' xlink:type='arc' />
<link:presentationArc order='91.0' xlink:arcrole='http://www.xbrl.org/2003/arcrole/parent-child' xlink:from='loc_AllCountriesDomain' xlink:to='loc_GW' xlink:type='arc' />
<link:presentationArc order='92.0' xlink:arcrole='http://www.xbrl.org/2003/arcrole/parent-child' xlink:from='loc_AllCountriesDomain' xlink:to='loc_GY' xlink:type='arc' />
<link:presentationArc order='93.0' xlink:arcrole='http://www.xbrl.org/2003/arcrole/parent-child' xlink:from='loc_AllCountriesDomain' xlink:to='loc_HT' xlink:type='arc' />
<link:presentationArc order='94.0' xlink:arcrole='http://www.xbrl.org/2003/arcrole/parent-child' xlink:from='loc_AllCountriesDomain' xlink:to='loc_HM' xlink:type='arc' />
<link:presentationArc order='95.0' xlink:arcrole='http://www.xbrl.org/2003/arcrole/parent-child' xlink:from='loc_AllCountriesDomain' xlink:to='loc_VA' xlink:type='arc' />
<link:presentationArc order='96.0' xlink:arcrole='http://www.xbrl.org/2003/arcrole/parent-child' xlink:from='loc_AllCountriesDomain' xlink:to='loc_HN' xlink:type='arc' />
<link:presentationArc order='97.0' xlink:arcrole='http://www.xbrl.org/2003/arcrole/parent-child' xlink:from='loc_AllCountriesDomain' xlink:to='loc_HK' xlink:type='arc' />
<link:presentationArc order='98.0' xlink:arcrole='http://www.xbrl.org/2003/arcrole/parent-child' xlink:from='loc_AllCountriesDomain' xlink:to='loc_HU' xlink:type='arc' />
<link:presentationArc order='99.0' xlink:arcrole='http://www.xbrl.org/2003/arcrole/parent-child' xlink:from='loc_AllCountriesDomain' xlink:to='loc_IS' xlink:type='arc' />
<link:presentationArc order='100.0' xlink:arcrole='http://www.xbrl.org/2003/arcrole/parent-child' xlink:from='loc_AllCountriesDomain' xlink:to='loc_IN' xlink:type='arc' />
<link:presentationArc order='101.0' xlink:arcrole='http://www.xbrl.org/2003/arcrole/parent-child' xlink:from='loc_AllCountriesDomain' xlink:to='loc_ID' xlink:type='arc' />
<link:presentationArc order='102.0' xlink:arcrole='http://www.xbrl.org/2003/arcrole/parent-child' xlink:from='loc_AllCountriesDomain' xlink:to='loc_IR' xlink:type='arc' />
<link:presentationArc order='103.0' xlink:arcrole='http://www.xbrl.org/2003/arcrole/parent-child' xlink:from='loc_AllCountriesDomain' xlink:to='loc_IQ' xlink:type='arc' />
<link:presentationArc order='104.0' xlink:arcrole='http://www.xbrl.org/2003/arcrole/parent-child' xlink:from='loc_AllCountriesDomain' xlink:to='loc_IE' xlink:type='arc' />
<link:presentationArc order='105.0' xlink:arcrole='http://www.xbrl.org/2003/arcrole/parent-child' xlink:from='loc_AllCountriesDomain' xlink:to='loc_IL' xlink:type='arc' />
<link:presentationArc order='106.0' xlink:arcrole='http://www.xbrl.org/2003/arcrole/parent-child' xlink:from='loc_AllCountriesDomain' xlink:to='loc_IT' xlink:type='arc' />
<link:presentationArc order='107.0' xlink:arcrole='http://www.xbrl.org/2003/arcrole/parent-child' xlink:from='loc_AllCountriesDomain' xlink:to='loc_JM' xlink:type='arc' />
<link:presentationArc order='108.0' xlink:arcrole='http://www.xbrl.org/2003/arcrole/parent-child' xlink:from='loc_AllCountriesDomain' xlink:to='loc_JP' xlink:type='arc' />
<link:presentationArc order='109.0' xlink:arcrole='http://www.xbrl.org/2003/arcrole/parent-child' xlink:from='loc_AllCountriesDomain' xlink:to='loc_JO' xlink:type='arc' />
<link:presentationArc order='110.0' xlink:arcrole='http://www.xbrl.org/2003/arcrole/parent-child' xlink:from='loc_AllCountriesDomain' xlink:to='loc_KZ' xlink:type='arc' />
<link:presentationArc order='111.0' xlink:arcrole='http://www.xbrl.org/2003/arcrole/parent-child' xlink:from='loc_AllCountriesDomain' xlink:to='loc_KE' xlink:type='arc' />
<link:presentationArc order='112.0' xlink:arcrole='http://www.xbrl.org/2003/arcrole/parent-child' xlink:from='loc_AllCountriesDomain' xlink:to='loc_KI' xlink:type='arc' />
<link:presentationArc order='113.0' xlink:arcrole='http://www.xbrl.org/2003/arcrole/parent-child' xlink:from='loc_AllCountriesDomain' xlink:to='loc_KP' xlink:type='arc' />
<link:presentationArc order='114.0' xlink:arcrole='http://www.xbrl.org/2003/arcrole/parent-child' xlink:from='loc_AllCountriesDomain' xlink:to='loc_KR' xlink:type='arc' />
<link:presentationArc order='115.0' xlink:arcrole='http://www.xbrl.org/2003/arcrole/parent-child' xlink:from='loc_AllCountriesDomain' xlink:to='loc_KW' xlink:type='arc' />
<link:presentationArc order='116.0' xlink:arcrole='http://www.xbrl.org/2003/arcrole/parent-child' xlink:from='loc_AllCountriesDomain' xlink:to='loc_KG' xlink:type='arc' />
<link:presentationArc order='117.0' xlink:arcrole='http://www.xbrl.org/2003/arcrole/parent-child' xlink:from='loc_AllCountriesDomain' xlink:to='loc_LA' xlink:type='arc' />
<link:presentationArc order='118.0' xlink:arcrole='http://www.xbrl.org/2003/arcrole/parent-child' xlink:from='loc_AllCountriesDomain' xlink:to='loc_LV' xlink:type='arc' />
<link:presentationArc order='119.0' xlink:arcrole='http://www.xbrl.org/2003/arcrole/parent-child' xlink:from='loc_AllCountriesDomain' xlink:to='loc_LB' xlink:type='arc' />
<link:presentationArc order='120.0' xlink:arcrole='http://www.xbrl.org/2003/arcrole/parent-child' xlink:from='loc_AllCountriesDomain' xlink:to='loc_LS' xlink:type='arc' />
<link:presentationArc order='121.0' xlink:arcrole='http://www.xbrl.org/2003/arcrole/parent-child' xlink:from='loc_AllCountriesDomain' xlink:to='loc_LR' xlink:type='arc' />
<link:presentationArc order='122.0' xlink:arcrole='http://www.xbrl.org/2003/arcrole/parent-child' xlink:from='loc_AllCountriesDomain' xlink:to='loc_LY' xlink:type='arc' />
<link:presentationArc order='123.0' xlink:arcrole='http://www.xbrl.org/2003/arcrole/parent-child' xlink:from='loc_AllCountriesDomain' xlink:to='loc_LI' xlink:type='arc' />
<link:presentationArc order='124.0' xlink:arcrole='http://www.xbrl.org/2003/arcrole/parent-child' xlink:from='loc_AllCountriesDomain' xlink:to='loc_LT' xlink:type='arc' />
<link:presentationArc order='125.0' xlink:arcrole='http://www.xbrl.org/2003/arcrole/parent-child' xlink:from='loc_AllCountriesDomain' xlink:to='loc_LU' xlink:type='arc' />
<link:presentationArc order='126.0' xlink:arcrole='http://www.xbrl.org/2003/arcrole/parent-child' xlink:from='loc_AllCountriesDomain' xlink:to='loc_MO' xlink:type='arc' />
<link:presentationArc order='127.0' xlink:arcrole='http://www.xbrl.org/2003/arcrole/parent-child' xlink:from='loc_AllCountriesDomain' xlink:to='loc_MK' xlink:type='arc' />
<link:presentationArc order='128.0' xlink:arcrole='http://www.xbrl.org/2003/arcrole/parent-child' xlink:from='loc_AllCountriesDomain' xlink:to='loc_MG' xlink:type='arc' />
<link:presentationArc order='129.0' xlink:arcrole='http://www.xbrl.org/2003/arcrole/parent-child' xlink:from='loc_AllCountriesDomain' xlink:to='loc_MW' xlink:type='arc' />
<link:presentationArc order='130.0' xlink:arcrole='http://www.xbrl.org/2003/arcrole/parent-child' xlink:from='loc_AllCountriesDomain' xlink:to='loc_MY' xlink:type='arc' />
<link:presentationArc order='131.0' xlink:arcrole='http://www.xbrl.org/2003/arcrole/parent-child' xlink:from='loc_AllCountriesDomain' xlink:to='loc_MV' xlink:type='arc' />
<link:presentationArc order='132.0' xlink:arcrole='http://www.xbrl.org/2003/arcrole/parent-child' xlink:from='loc_AllCountriesDomain' xlink:to='loc_ML' xlink:type='arc' />
<link:presentationArc order='133.0' xlink:arcrole='http://www.xbrl.org/2003/arcrole/parent-child' xlink:from='loc_AllCountriesDomain' xlink:to='loc_MT' xlink:type='arc' />
<link:presentationArc order='134.0' xlink:arcrole='http://www.xbrl.org/2003/arcrole/parent-child' xlink:from='loc_AllCountriesDomain' xlink:to='loc_MH' xlink:type='arc' />
<link:presentationArc order='135.0' xlink:arcrole='http://www.xbrl.org/2003/arcrole/parent-child' xlink:from='loc_AllCountriesDomain' xlink:to='loc_MQ' xlink:type='arc' />
<link:presentationArc order='136.0' xlink:arcrole='http://www.xbrl.org/2003/arcrole/parent-child' xlink:from='loc_AllCountriesDomain' xlink:to='loc_MR' xlink:type='arc' />
<link:presentationArc order='137.0' xlink:arcrole='http://www.xbrl.org/2003/arcrole/parent-child' xlink:from='loc_AllCountriesDomain' xlink:to='loc_MU' xlink:type='arc' />
<link:presentationArc order='138.0' xlink:arcrole='http://www.xbrl.org/2003/arcrole/parent-child' xlink:from='loc_AllCountriesDomain' xlink:to='loc_YT' xlink:type='arc' />
<link:presentationArc order='139.0' xlink:arcrole='http://www.xbrl.org/2003/arcrole/parent-child' xlink:from='loc_AllCountriesDomain' xlink:to='loc_MX' xlink:type='arc' />
<link:presentationArc order='140.0' xlink:arcrole='http://www.xbrl.org/2003/arcrole/parent-child' xlink:from='loc_AllCountriesDomain' xlink:to='loc_FM' xlink:type='arc' />
<link:presentationArc order='141.0' xlink:arcrole='http://www.xbrl.org/2003/arcrole/parent-child' xlink:from='loc_AllCountriesDomain' xlink:to='loc_MD' xlink:type='arc' />
<link:presentationArc order='142.0' xlink:arcrole='http://www.xbrl.org/2003/arcrole/parent-child' xlink:from='loc_AllCountriesDomain' xlink:to='loc_MC' xlink:type='arc' />
<link:presentationArc order='143.0' xlink:arcrole='http://www.xbrl.org/2003/arcrole/parent-child' xlink:from='loc_AllCountriesDomain' xlink:to='loc_ME' xlink:type='arc' />
<link:presentationArc order='144.0' xlink:arcrole='http://www.xbrl.org/2003/arcrole/parent-child' xlink:from='loc_AllCountriesDomain' xlink:to='loc_MN' xlink:type='arc' />
<link:presentationArc order='145.0' xlink:arcrole='http://www.xbrl.org/2003/arcrole/parent-child' xlink:from='loc_AllCountriesDomain' xlink:to='loc_MS' xlink:type='arc' />
<link:presentationArc order='146.0' xlink:arcrole='http://www.xbrl.org/2003/arcrole/parent-child' xlink:from='loc_AllCountriesDomain' xlink:to='loc_MA' xlink:type='arc' />
<link:presentationArc order='147.0' xlink:arcrole='http://www.xbrl.org/2003/arcrole/parent-child' xlink:from='loc_AllCountriesDomain' xlink:to='loc_MZ' xlink:type='arc' />
<link:presentationArc order='148.0' xlink:arcrole='http://www.xbrl.org/2003/arcrole/parent-child' xlink:from='loc_AllCountriesDomain' xlink:to='loc_MM' xlink:type='arc' />
<link:presentationArc order='149.0' xlink:arcrole='http://www.xbrl.org/2003/arcrole/parent-child' xlink:from='loc_AllCountriesDomain' xlink:to='loc_NA' xlink:type='arc' />
<link:presentationArc order='150.0' xlink:arcrole='http://www.xbrl.org/2003/arcrole/parent-child' xlink:from='loc_AllCountriesDomain' xlink:to='loc_NR' xlink:type='arc' />
<link:presentationArc order='151.0' xlink:arcrole='http://www.xbrl.org/2003/arcrole/parent-child' xlink:from='loc_AllCountriesDomain' xlink:to='loc_NP' xlink:type='arc' />
<link:presentationArc order='152.0' xlink:arcrole='http://www.xbrl.org/2003/arcrole/parent-child' xlink:from='loc_AllCountriesDomain' xlink:to='loc_NL' xlink:type='arc' />
<link:presentationArc order='153.0' xlink:arcrole='http://www.xbrl.org/2003/arcrole/parent-child' xlink:from='loc_AllCountriesDomain' xlink:to='loc_AN' xlink:type='arc' />
<link:presentationArc order='154.0' xlink:arcrole='http://www.xbrl.org/2003/arcrole/parent-child' xlink:from='loc_AllCountriesDomain' xlink:to='loc_NC' xlink:type='arc' />
<link:presentationArc order='155.0' xlink:arcrole='http://www.xbrl.org/2003/arcrole/parent-child' xlink:from='loc_AllCountriesDomain' xlink:to='loc_NZ' xlink:type='arc' />
<link:presentationArc order='156.0' xlink:arcrole='http://www.xbrl.org/2003/arcrole/parent-child' xlink:from='loc_AllCountriesDomain' xlink:to='loc_NI' xlink:type='arc' />
<link:presentationArc order='157.0' xlink:arcrole='http://www.xbrl.org/2003/arcrole/parent-child' xlink:from='loc_AllCountriesDomain' xlink:to='loc_NE' xlink:type='arc' />
<link:presentationArc order='158.0' xlink:arcrole='http://www.xbrl.org/2003/arcrole/parent-child' xlink:from='loc_AllCountriesDomain' xlink:to='loc_NG' xlink:type='arc' />
<link:presentationArc order='159.0' xlink:arcrole='http://www.xbrl.org/2003/arcrole/parent-child' xlink:from='loc_AllCountriesDomain' xlink:to='loc_NU' xlink:type='arc' />
<link:presentationArc order='160.0' xlink:arcrole='http://www.xbrl.org/2003/arcrole/parent-child' xlink:from='loc_AllCountriesDomain' xlink:to='loc_NF' xlink:type='arc' />
<link:presentationArc order='161.0' xlink:arcrole='http://www.xbrl.org/2003/arcrole/parent-child' xlink:from='loc_AllCountriesDomain' xlink:to='loc_MP' xlink:type='arc' />
<link:presentationArc order='162.0' xlink:arcrole='http://www.xbrl.org/2003/arcrole/parent-child' xlink:from='loc_AllCountriesDomain' xlink:to='loc_NO' xlink:type='arc' />
<link:presentationArc order='163.0' xlink:arcrole='http://www.xbrl.org/2003/arcrole/parent-child' xlink:from='loc_AllCountriesDomain' xlink:to='loc_OM' xlink:type='arc' />
<link:presentationArc order='164.0' xlink:arcrole='http://www.xbrl.org/2003/arcrole/parent-child' xlink:from='loc_AllCountriesDomain' xlink:to='loc_PK' xlink:type='arc' />
<link:presentationArc order='165.0' xlink:arcrole='http://www.xbrl.org/2003/arcrole/parent-child' xlink:from='loc_AllCountriesDomain' xlink:to='loc_PW' xlink:type='arc' />
<link:presentationArc order='166.0' xlink:arcrole='http://www.xbrl.org/2003/arcrole/parent-child' xlink:from='loc_AllCountriesDomain' xlink:to='loc_PS' xlink:type='arc' />
<link:presentationArc order='167.0' xlink:arcrole='http://www.xbrl.org/2003/arcrole/parent-child' xlink:from='loc_AllCountriesDomain' xlink:to='loc_PA' xlink:type='arc' />
<link:presentationArc order='168.0' xlink:arcrole='http://www.xbrl.org/2003/arcrole/parent-child' xlink:from='loc_AllCountriesDomain' xlink:to='loc_PG' xlink:type='arc' />
<link:presentationArc order='169.0' xlink:arcrole='http://www.xbrl.org/2003/arcrole/parent-child' xlink:from='loc_AllCountriesDomain' xlink:to='loc_PY' xlink:type='arc' />
<link:presentationArc order='170.0' xlink:arcrole='http://www.xbrl.org/2003/arcrole/parent-child' xlink:from='loc_AllCountriesDomain' xlink:to='loc_PE' xlink:type='arc' />
<link:presentationArc order='171.0' xlink:arcrole='http://www.xbrl.org/2003/arcrole/parent-child' xlink:from='loc_AllCountriesDomain' xlink:to='loc_PH' xlink:type='arc' />
<link:presentationArc order='172.0' xlink:arcrole='http://www.xbrl.org/2003/arcrole/parent-child' xlink:from='loc_AllCountriesDomain' xlink:to='loc_PN' xlink:type='arc' />
<link:presentationArc order='173.0' xlink:arcrole='http://www.xbrl.org/2003/arcrole/parent-child' xlink:from='loc_AllCountriesDomain' xlink:to='loc_PL' xlink:type='arc' />
<link:presentationArc order='174.0' xlink:arcrole='http://www.xbrl.org/2003/arcrole/parent-child' xlink:from='loc_AllCountriesDomain' xlink:to='loc_PT' xlink:type='arc' />
<link:presentationArc order='175.0' xlink:arcrole='http://www.xbrl.org/2003/arcrole/parent-child' xlink:from='loc_AllCountriesDomain' xlink:to='loc_PR' xlink:type='arc' />
<link:presentationArc order='176.0' xlink:arcrole='http://www.xbrl.org/2003/arcrole/parent-child' xlink:from='loc_AllCountriesDomain' xlink:to='loc_QA' xlink:type='arc' />
<link:presentationArc order='177.0' xlink:arcrole='http://www.xbrl.org/2003/arcrole/parent-child' xlink:from='loc_AllCountriesDomain' xlink:to='loc_RE' xlink:type='arc' />
<link:presentationArc order='178.0' xlink:arcrole='http://www.xbrl.org/2003/arcrole/parent-child' xlink:from='loc_AllCountriesDomain' xlink:to='loc_RO' xlink:type='arc' />
<link:presentationArc order='179.0' xlink:arcrole='http://www.xbrl.org/2003/arcrole/parent-child' xlink:from='loc_AllCountriesDomain' xlink:to='loc_RU' xlink:type='arc' />
<link:presentationArc order='180.0' xlink:arcrole='http://www.xbrl.org/2003/arcrole/parent-child' xlink:from='loc_AllCountriesDomain' xlink:to='loc_RW' xlink:type='arc' />
<link:presentationArc order='181.0' xlink:arcrole='http://www.xbrl.org/2003/arcrole/parent-child' xlink:from='loc_AllCountriesDomain' xlink:to='loc_SH' xlink:type='arc' />
<link:presentationArc order='182.0' xlink:arcrole='http://www.xbrl.org/2003/arcrole/parent-child' xlink:from='loc_AllCountriesDomain' xlink:to='loc_KN' xlink:type='arc' />
<link:presentationArc order='183.0' xlink:arcrole='http://www.xbrl.org/2003/arcrole/parent-child' xlink:from='loc_AllCountriesDomain' xlink:to='loc_LC' xlink:type='arc' />
<link:presentationArc order='184.0' xlink:arcrole='http://www.xbrl.org/2003/arcrole/parent-child' xlink:from='loc_AllCountriesDomain' xlink:to='loc_PM' xlink:type='arc' />
<link:presentationArc order='185.0' xlink:arcrole='http://www.xbrl.org/2003/arcrole/parent-child' xlink:from='loc_AllCountriesDomain' xlink:to='loc_VC' xlink:type='arc' />
<link:presentationArc order='186.0' xlink:arcrole='http://www.xbrl.org/2003/arcrole/parent-child' xlink:from='loc_AllCountriesDomain' xlink:to='loc_WS' xlink:type='arc' />
<link:presentationArc order='187.0' xlink:arcrole='http://www.xbrl.org/2003/arcrole/parent-child' xlink:from='loc_AllCountriesDomain' xlink:to='loc_SM' xlink:type='arc' />
<link:presentationArc order='188.0' xlink:arcrole='http://www.xbrl.org/2003/arcrole/parent-child' xlink:from='loc_AllCountriesDomain' xlink:to='loc_ST' xlink:type='arc' />
<link:presentationArc order='189.0' xlink:arcrole='http://www.xbrl.org/2003/arcrole/parent-child' xlink:from='loc_AllCountriesDomain' xlink:to='loc_SA' xlink:type='arc' />
<link:presentationArc order='190.0' xlink:arcrole='http://www.xbrl.org/2003/arcrole/parent-child' xlink:from='loc_AllCountriesDomain' xlink:to='loc_SN' xlink:type='arc' />
<link:presentationArc order='191.0' xlink:arcrole='http://www.xbrl.org/2003/arcrole/parent-child' xlink:from='loc_AllCountriesDomain' xlink:to='loc_SC' xlink:type='arc' />
<link:presentationArc order='192.0' xlink:arcrole='http://www.xbrl.org/2003/arcrole/parent-child' xlink:from='loc_AllCountriesDomain' xlink:to='loc_SL' xlink:type='arc' />
<link:presentationArc order='193.0' xlink:arcrole='http://www.xbrl.org/2003/arcrole/parent-child' xlink:from='loc_AllCountriesDomain' xlink:to='loc_SG' xlink:type='arc' />
<link:presentationArc order='194.0' xlink:arcrole='http://www.xbrl.org/2003/arcrole/parent-child' xlink:from='loc_AllCountriesDomain' xlink:to='loc_SK' xlink:type='arc' />
<link:presentationArc order='195.0' xlink:arcrole='http://www.xbrl.org/2003/arcrole/parent-child' xlink:from='loc_AllCountriesDomain' xlink:to='loc_SI' xlink:type='arc' />
<link:presentationArc order='196.0' xlink:arcrole='http://www.xbrl.org/2003/arcrole/parent-child' xlink:from='loc_AllCountriesDomain' xlink:to='loc_SB' xlink:type='arc' />
<link:presentationArc order='197.0' xlink:arcrole='http://www.xbrl.org/2003/arcrole/parent-child' xlink:from='loc_AllCountriesDomain' xlink:to='loc_SO' xlink:type='arc' />
<link:presentationArc order='198.0' xlink:arcrole='http://www.xbrl.org/2003/arcrole/parent-child' xlink:from='loc_AllCountriesDomain' xlink:to='loc_ZA' xlink:type='arc' />
<link:presentationArc order='199.0' xlink:arcrole='http://www.xbrl.org/2003/arcrole/parent-child' xlink:from='loc_AllCountriesDomain' xlink:to='loc_GS' xlink:type='arc' />
<link:presentationArc order='200.0' xlink:arcrole='http://www.xbrl.org/2003/arcrole/parent-child' xlink:from='loc_AllCountriesDomain' xlink:to='loc_ES' xlink:type='arc' />
<link:presentationArc order='201.0' xlink:arcrole='http://www.xbrl.org/2003/arcrole/parent-child' xlink:from='loc_AllCountriesDomain' xlink:to='loc_LK' xlink:type='arc' />
<link:presentationArc order='202.0' xlink:arcrole='http://www.xbrl.org/2003/arcrole/parent-child' xlink:from='loc_AllCountriesDomain' xlink:to='loc_SD' xlink:type='arc' />
<link:presentationArc order='203.0' xlink:arcrole='http://www.xbrl.org/2003/arcrole/parent-child' xlink:from='loc_AllCountriesDomain' xlink:to='loc_SR' xlink:type='arc' />
<link:presentationArc order='204.0' xlink:arcrole='http://www.xbrl.org/2003/arcrole/parent-child' xlink:from='loc_AllCountriesDomain' xlink:to='loc_SJ' xlink:type='arc' />
<link:presentationArc order='205.0' xlink:arcrole='http://www.xbrl.org/2003/arcrole/parent-child' xlink:from='loc_AllCountriesDomain' xlink:to='loc_SZ' xlink:type='arc' />
<link:presentationArc order='206.0' xlink:arcrole='http://www.xbrl.org/2003/arcrole/parent-child' xlink:from='loc_AllCountriesDomain' xlink:to='loc_SE' xlink:type='arc' />
<link:presentationArc order='207.0' xlink:arcrole='http://www.xbrl.org/2003/arcrole/parent-child' xlink:from='loc_AllCountriesDomain' xlink:to='loc_CH' xlink:type='arc' />
<link:presentationArc order='208.0' xlink:arcrole='http://www.xbrl.org/2003/arcrole/parent-child' xlink:from='loc_AllCountriesDomain' xlink:to='loc_SY' xlink:type='arc' />
<link:presentationArc order='209.0' xlink:arcrole='http://www.xbrl.org/2003/arcrole/parent-child' xlink:from='loc_AllCountriesDomain' xlink:to='loc_TW' xlink:type='arc' />
<link:presentationArc order='210.0' xlink:arcrole='http://www.xbrl.org/2003/arcrole/parent-child' xlink:from='loc_AllCountriesDomain' xlink:to='loc_TJ' xlink:type='arc' />
<link:presentationArc order='211.0' xlink:arcrole='http://www.xbrl.org/2003/arcrole/parent-child' xlink:from='loc_AllCountriesDomain' xlink:to='loc_TZ' xlink:type='arc' />
<link:presentationArc order='212.0' xlink:arcrole='http://www.xbrl.org/2003/arcrole/parent-child' xlink:from='loc_AllCountriesDomain' xlink:to='loc_TH' xlink:type='arc' />
<link:presentationArc order='213.0' xlink:arcrole='http://www.xbrl.org/2003/arcrole/parent-child' xlink:from='loc_AllCountriesDomain' xlink:to='loc_TG' xlink:type='arc' />
<link:presentationArc order='214.0' xlink:arcrole='http://www.xbrl.org/2003/arcrole/parent-child' xlink:from='loc_AllCountriesDomain' xlink:to='loc_TK' xlink:type='arc' />
<link:presentationArc order='215.0' xlink:arcrole='http://www.xbrl.org/2003/arcrole/parent-child' xlink:from='loc_AllCountriesDomain' xlink:to='loc_TO' xlink:type='arc' />
<link:presentationArc order='216.0' xlink:arcrole='http://www.xbrl.org/2003/arcrole/parent-child' xlink:from='loc_AllCountriesDomain' xlink:to='loc_TT' xlink:type='arc' />
<link:presentationArc order='217.0' xlink:arcrole='http://www.xbrl.org/2003/arcrole/parent-child' xlink:from='loc_AllCountriesDomain' xlink:to='loc_TN' xlink:type='arc' />
<link:presentationArc order='218.0' xlink:arcrole='http://www.xbrl.org/2003/arcrole/parent-child' xlink:from='loc_AllCountriesDomain' xlink:to='loc_TR' xlink:type='arc' />
<link:presentationArc order='219.0' xlink:arcrole='http://www.xbrl.org/2003/arcrole/parent-child' xlink:from='loc_AllCountriesDomain' xlink:to='loc_TM' xlink:type='arc' />
<link:presentationArc order='220.0' xlink:arcrole='http://www.xbrl.org/2003/arcrole/parent-child' xlink:from='loc_AllCountriesDomain' xlink:to='loc_TC' xlink:type='arc' />
<link:presentationArc order='221.0' xlink:arcrole='http://www.xbrl.org/2003/arcrole/parent-child' xlink:from='loc_AllCountriesDomain' xlink:to='loc_TV' xlink:type='arc' />
<link:presentationArc order='222.0' xlink:arcrole='http://www.xbrl.org/2003/arcrole/parent-child' xlink:from='loc_AllCountriesDomain' xlink:to='loc_UG' xlink:type='arc' />
<link:presentationArc order='223.0' xlink:arcrole='http://www.xbrl.org/2003/arcrole/parent-child' xlink:from='loc_AllCountriesDomain' xlink:to='loc_UA' xlink:type='arc' />
<link:presentationArc order='224.0' xlink:arcrole='http://www.xbrl.org/2003/arcrole/parent-child' xlink:from='loc_AllCountriesDomain' xlink:to='loc_AE' xlink:type='arc' />
<link:presentationArc order='225.0' xlink:arcrole='http://www.xbrl.org/2003/arcrole/parent-child' xlink:from='loc_AllCountriesDomain' xlink:to='loc_GB' xlink:type='arc' />
<link:presentationArc order='226.0' xlink:arcrole='http://www.xbrl.org/2003/arcrole/parent-child' xlink:from='loc_AllCountriesDomain' xlink:to='loc_UM' xlink:type='arc' />
<link:presentationArc order='227.0' xlink:arcrole='http://www.xbrl.org/2003/arcrole/parent-child' xlink:from='loc_AllCountriesDomain' xlink:to='loc_US' xlink:type='arc' />
<link:presentationArc order='228.0' xlink:arcrole='http://www.xbrl.org/2003/arcrole/parent-child' xlink:from='loc_AllCountriesDomain' xlink:to='loc_UY' xlink:type='arc' />
<link:presentationArc order='229.0' xlink:arcrole='http://www.xbrl.org/2003/arcrole/parent-child' xlink:from='loc_AllCountriesDomain' xlink:to='loc_UZ' xlink:type='arc' />
<link:presentationArc order='230.0' xlink:arcrole='http://www.xbrl.org/2003/arcrole/parent-child' xlink:from='loc_AllCountriesDomain' xlink:to='loc_VU' xlink:type='arc' />
<link:presentationArc order='231.0' xlink:arcrole='http://www.xbrl.org/2003/arcrole/parent-child' xlink:from='loc_AllCountriesDomain' xlink:to='loc_VE' xlink:type='arc' />
<link:presentationArc order='232.0' xlink:arcrole='http://www.xbrl.org/2003/arcrole/parent-child' xlink:from='loc_AllCountriesDomain' xlink:to='loc_VN' xlink:type='arc' />
<link:presentationArc order='233.0' xlink:arcrole='http://www.xbrl.org/2003/arcrole/parent-child' xlink:from='loc_AllCountriesDomain' xlink:to='loc_VG' xlink:type='arc' />
<link:presentationArc order='234.0' xlink:arcrole='http://www.xbrl.org/2003/arcrole/parent-child' xlink:from='loc_AllCountriesDomain' xlink:to='loc_VI' xlink:type='arc' />
<link:presentationArc order='235.0' xlink:arcrole='http://www.xbrl.org/2003/arcrole/parent-child' xlink:from='loc_AllCountriesDomain' xlink:to='loc_WF' xlink:type='arc' />
<link:presentationArc order='236.0' xlink:arcrole='http://www.xbrl.org/2003/arcrole/parent-child' xlink:from='loc_AllCountriesDomain' xlink:to='loc_EH' xlink:type='arc' />
<link:presentationArc order='237.0' xlink:arcrole='http://www.xbrl.org/2003/arcrole/parent-child' xlink:from='loc_AllCountriesDomain' xlink:to='loc_YE' xlink:type='arc' />
<link:presentationArc order='238.0' xlink:arcrole='http://www.xbrl.org/2003/arcrole/parent-child' xlink:from='loc_AllCountriesDomain' xlink:to='loc_YU' xlink:type='arc' />
<link:presentationArc order='239.0' xlink:arcrole='http://www.xbrl.org/2003/arcrole/parent-child' xlink:from='loc_AllCountriesDomain' xlink:to='loc_ZM' xlink:type='arc' />
<link:presentationArc order='240.0' xlink:arcrole='http://www.xbrl.org/2003/arcrole/parent-child' xlink:from='loc_AllCountriesDomain' xlink:to='loc_ZW' xlink:type='arc' />
<link:presentationArc order='241.0' xlink:arcrole='http://www.xbrl.org/2003/arcrole/parent-child' xlink:from='loc_AllCountriesDomain' xlink:to='loc_XX' xlink:type='arc' />
<link:presentationArc order='242.0' xlink:arcrole='http://www.xbrl.org/2003/arcrole/parent-child' xlink:from='loc_AllCountriesDomain' xlink:to='loc_PQ' xlink:type='arc' />
<link:presentationArc order='243.0' xlink:arcrole='http://www.xbrl.org/2003/arcrole/parent-child' xlink:from='loc_AllCountriesDomain' xlink:to='loc_EQ' xlink:type='arc' />
<link:presentationArc order='244.0' xlink:arcrole='http://www.xbrl.org/2003/arcrole/parent-child' xlink:from='loc_AllCountriesDomain' xlink:to='loc_GZ' xlink:type='arc' />
<link:presentationArc order='245.0' xlink:arcrole='http://www.xbrl.org/2003/arcrole/parent-child' xlink:from='loc_AllCountriesDomain' xlink:to='loc_WB' xlink:type='arc' />
<link:presentationArc order='246.0' xlink:arcrole='http://www.xbrl.org/2003/arcrole/parent-child' xlink:from='loc_AllCountriesDomain' xlink:to='loc_GC' xlink:type='arc' />
<link:presentationArc order='247.0' xlink:arcrole='http://www.xbrl.org/2003/arcrole/parent-child' xlink:from='loc_AllCountriesDomain' xlink:to='loc_IY' xlink:type='arc' />
<link:presentationArc order='248.0' xlink:arcrole='http://www.xbrl.org/2003/arcrole/parent-child' xlink:from='loc_AllCountriesDomain' xlink:to='loc_IW' xlink:type='arc' />
<link:presentationArc order='249.0' xlink:arcrole='http://www.xbrl.org/2003/arcrole/parent-child' xlink:from='loc_AllCountriesDomain' xlink:to='loc_IU' xlink:type='arc' />
<link:presentationArc order='250.0' xlink:arcrole='http://www.xbrl.org/2003/arcrole/parent-child' xlink:from='loc_AllCountriesDomain' xlink:to='loc_JQ' xlink:type='arc' />
<link:presentationArc order='251.0' xlink:arcrole='http://www.xbrl.org/2003/arcrole/parent-child' xlink:from='loc_AllCountriesDomain' xlink:to='loc_TQ' xlink:type='arc' />
<link:presentationArc order='252.0' xlink:arcrole='http://www.xbrl.org/2003/arcrole/parent-child' xlink:from='loc_AllCountriesDomain' xlink:to='loc_RH' xlink:type='arc' />
<link:presentationArc order='253.0' xlink:arcrole='http://www.xbrl.org/2003/arcrole/parent-child' xlink:from='loc_AllCountriesDomain' xlink:to='loc_UR' xlink:type='arc' />
<link:presentationArc order='254.0' xlink:arcrole='http://www.xbrl.org/2003/arcrole/parent-child' xlink:from='loc_AllCountriesDomain' xlink:to='loc_WQ' xlink:type='arc' />
</link:presentationLink>
</linkbase>
