<?xml version="1.0" encoding="UTF-8" standalone="no"?>

<!--Copyright (C) 2007-2009 XBRL US, Inc. All Rights Reserved.
Notice: Authorized Uses are Set Forth at http://xbrl.us/legal2009
  -->
<link:linkbase xmlns:link='http://www.xbrl.org/2003/linkbase' xmlns:xsi='http://www.w3.org/2001/XMLSchema-instance' xsi:schemaLocation='http://www.xbrl.org/2003/linkbase http://www.xbrl.org/2003/xbrl-linkbase-2003-12-31.xsd'>
<link:labelLink xlink:role='http://www.xbrl.org/2003/role/link' xlink:type='extended' xmlns:xlink='http://www.w3.org/1999/xlink'>
<link:loc xlink:href='invest-2009-01-31.xsd#invest_DerivativeCounterparty' xlink:label='loc_DerivativeCounterparty' xlink:type='locator' />
<link:label id='lab_DerivativeCounterparty_documentation_en-US' xlink:label='lab_DerivativeCounterparty' xlink:role='http://www.xbrl.org/2003/role/documentation' xlink:type='resource' xml:lang='en-US'>Identification of the name or type of counterparty to the foreign currency derivative instrument.</link:label>
<link:labelArc order='1.0' xlink:arcrole='http://www.xbrl.org/2003/arcrole/concept-label' xlink:from='loc_DerivativeCounterparty' xlink:to='lab_DerivativeCounterparty' xlink:type='arc' />
<link:loc xlink:href='invest-2009-01-31.xsd#invest_DerivativeNonmonetaryNotionalAmount' xlink:label='loc_DerivativeNonmonetaryNotionalAmount' xlink:type='locator' />
<link:label id='lab_DerivativeNonmonetaryNotionalAmount_documentation_en-US' xlink:label='lab_DerivativeNonmonetaryNotionalAmount' xlink:role='http://www.xbrl.org/2003/role/documentation' xlink:type='resource' xml:lang='en-US'>Aggregate notional amount of derivative expressed in nonmonetary units. For example the number of barrels specified in a fuel oil forward purchase contract.</link:label>
<link:labelArc order='1.0' xlink:arcrole='http://www.xbrl.org/2003/arcrole/concept-label' xlink:from='loc_DerivativeNonmonetaryNotionalAmount' xlink:to='lab_DerivativeNonmonetaryNotionalAmount' xlink:type='arc' />
<link:loc xlink:href='invest-2009-01-31.xsd#invest_DerivativeNotionalAmount' xlink:label='loc_DerivativeNotionalAmount' xlink:type='locator' />
<link:label id='lab_DerivativeNotionalAmount_documentation_en-US' xlink:label='lab_DerivativeNotionalAmount' xlink:role='http://www.xbrl.org/2003/role/documentation' xlink:type='resource' xml:lang='en-US'>Total monetary amount specified by the derivative(s). Expressed as an absolute value.</link:label>
<link:labelArc order='1.0' xlink:arcrole='http://www.xbrl.org/2003/arcrole/concept-label' xlink:from='loc_DerivativeNotionalAmount' xlink:to='lab_DerivativeNotionalAmount' xlink:type='arc' />
<link:loc xlink:href='invest-2009-01-31.xsd#invest_DerivativeTypeOfInterestRatePaidOnSwap' xlink:label='loc_DerivativeTypeOfInterestRatePaidOnSwap' xlink:type='locator' />
<link:label id='lab_DerivativeTypeOfInterestRatePaidOnSwap_documentation_en-US' xlink:label='lab_DerivativeTypeOfInterestRatePaidOnSwap' xlink:role='http://www.xbrl.org/2003/role/documentation' xlink:type='resource' xml:lang='en-US'>When the instrument or group of instruments presented is a swap, refers to whether the entity pays a variable interest rate or pays a fixed interest rate on the swap.</link:label>
<link:labelArc order='1.0' xlink:arcrole='http://www.xbrl.org/2003/arcrole/concept-label' xlink:from='loc_DerivativeTypeOfInterestRatePaidOnSwap' xlink:to='lab_DerivativeTypeOfInterestRatePaidOnSwap' xlink:type='arc' />
<link:loc xlink:href='invest-2009-01-31.xsd#invest_InvestmentLineItems' xlink:label='loc_InvestmentLineItems' xlink:type='locator' />
<link:label id='lab_InvestmentLineItems_documentation_en-US' xlink:label='lab_InvestmentLineItems' xlink:role='http://www.xbrl.org/2003/role/documentation' xlink:type='resource' xml:lang='en-US'>Line items represent financial concepts included in a table. These concepts are used to disclose reportable information associated with domain members defined in one or many axes to the table.</link:label>
<link:labelArc order='1.0' xlink:arcrole='http://www.xbrl.org/2003/arcrole/concept-label' xlink:from='loc_InvestmentLineItems' xlink:to='lab_InvestmentLineItems' xlink:type='arc' />
<link:loc xlink:href='invest-2009-01-31.xsd#invest_InvestmentInterestRateType' xlink:label='loc_InvestmentInterestRateType' xlink:type='locator' />
<link:label id='lab_InvestmentInterestRateType_documentation_en-US' xlink:label='lab_InvestmentInterestRateType' xlink:role='http://www.xbrl.org/2003/role/documentation' xlink:type='resource' xml:lang='en-US'>Description of the interest rate as being fixed, variable, stepped, etc.</link:label>
<link:labelArc order='1.0' xlink:arcrole='http://www.xbrl.org/2003/arcrole/concept-label' xlink:from='loc_InvestmentInterestRateType' xlink:to='lab_InvestmentInterestRateType' xlink:type='arc' />
<link:loc xlink:href='invest-2009-01-31.xsd#invest_InvestmentInterestRateRangeAbstract' xlink:label='loc_InvestmentInterestRateRangeAbstract' xlink:type='locator' />
<link:label id='lab_InvestmentInterestRateRangeAbstract_documentation_en-US' xlink:label='lab_InvestmentInterestRateRangeAbstract' xlink:role='http://www.xbrl.org/2003/role/documentation' xlink:type='resource' xml:lang='en-US'>When short term debt instruments are aggregated on the Schedule of Investments, the interest rate range of the underlying Investments is reported.</link:label>
<link:labelArc order='1.0' xlink:arcrole='http://www.xbrl.org/2003/arcrole/concept-label' xlink:from='loc_InvestmentInterestRateRangeAbstract' xlink:to='lab_InvestmentInterestRateRangeAbstract' xlink:type='arc' />
<link:loc xlink:href='invest-2009-01-31.xsd#invest_InvestmentInterestRateRangeStart' xlink:label='loc_InvestmentInterestRateRangeStart' xlink:type='locator' />
<link:label id='lab_InvestmentInterestRateRangeStart_documentation_en-US' xlink:label='lab_InvestmentInterestRateRangeStart' xlink:role='http://www.xbrl.org/2003/role/documentation' xlink:type='resource' xml:lang='en-US'>The lowest interest rate in the aggregated short-tem debt instruments.</link:label>
<link:labelArc order='1.0' xlink:arcrole='http://www.xbrl.org/2003/arcrole/concept-label' xlink:from='loc_InvestmentInterestRateRangeStart' xlink:to='lab_InvestmentInterestRateRangeStart' xlink:type='arc' />
<link:loc xlink:href='invest-2009-01-31.xsd#invest_InvestmentInterestRateRangeEnd' xlink:label='loc_InvestmentInterestRateRangeEnd' xlink:type='locator' />
<link:label id='lab_InvestmentInterestRateRangeEnd_documentation_en-US' xlink:label='lab_InvestmentInterestRateRangeEnd' xlink:role='http://www.xbrl.org/2003/role/documentation' xlink:type='resource' xml:lang='en-US'>The highest interest rate in the aggregated short-tem debt instruments.</link:label>
<link:labelArc order='1.0' xlink:arcrole='http://www.xbrl.org/2003/arcrole/concept-label' xlink:from='loc_InvestmentInterestRateRangeEnd' xlink:to='lab_InvestmentInterestRateRangeEnd' xlink:type='arc' />
<link:loc xlink:href='invest-2009-01-31.xsd#invest_InvestmentRepurchaseAgreementAbstract' xlink:label='loc_InvestmentRepurchaseAgreementAbstract' xlink:type='locator' />
<link:label id='lab_InvestmentRepurchaseAgreementAbstract_documentation_en-US' xlink:label='lab_InvestmentRepurchaseAgreementAbstract' xlink:role='http://www.xbrl.org/2003/role/documentation' xlink:type='resource' xml:lang='en-US'>These line items relate specifically to repurchase agreements.</link:label>
<link:labelArc order='1.0' xlink:arcrole='http://www.xbrl.org/2003/arcrole/concept-label' xlink:from='loc_InvestmentRepurchaseAgreementAbstract' xlink:to='lab_InvestmentRepurchaseAgreementAbstract' xlink:type='arc' />
<link:loc xlink:href='invest-2009-01-31.xsd#invest_InvestmentRepurchaseAgreementNameOfParty' xlink:label='loc_InvestmentRepurchaseAgreementNameOfParty' xlink:type='locator' />
<link:label id='lab_InvestmentRepurchaseAgreementNameOfParty_documentation_en-US' xlink:label='lab_InvestmentRepurchaseAgreementNameOfParty' xlink:role='http://www.xbrl.org/2003/role/documentation' xlink:type='resource' xml:lang='en-US'>Name of the party or parties to the agreement.</link:label>
<link:labelArc order='1.0' xlink:arcrole='http://www.xbrl.org/2003/arcrole/concept-label' xlink:from='loc_InvestmentRepurchaseAgreementNameOfParty' xlink:to='lab_InvestmentRepurchaseAgreementNameOfParty' xlink:type='arc' />
<link:loc xlink:href='invest-2009-01-31.xsd#invest_InvestmentRepurchaseAgreementDateOfAgreement' xlink:label='loc_InvestmentRepurchaseAgreementDateOfAgreement' xlink:type='locator' />
<link:label id='lab_InvestmentRepurchaseAgreementDateOfAgreement_documentation_en-US' xlink:label='lab_InvestmentRepurchaseAgreementDateOfAgreement' xlink:role='http://www.xbrl.org/2003/role/documentation' xlink:type='resource' xml:lang='en-US'>Date the repurchase agreement was made.</link:label>
<link:labelArc order='1.0' xlink:arcrole='http://www.xbrl.org/2003/arcrole/concept-label' xlink:from='loc_InvestmentRepurchaseAgreementDateOfAgreement' xlink:to='lab_InvestmentRepurchaseAgreementDateOfAgreement' xlink:type='arc' />
<link:loc xlink:href='invest-2009-01-31.xsd#invest_InvestmentRepurchaseAgreementRepurchaseDate' xlink:label='loc_InvestmentRepurchaseAgreementRepurchaseDate' xlink:type='locator' />
<link:label id='lab_InvestmentRepurchaseAgreementRepurchaseDate_documentation_en-US' xlink:label='lab_InvestmentRepurchaseAgreementRepurchaseDate' xlink:role='http://www.xbrl.org/2003/role/documentation' xlink:type='resource' xml:lang='en-US'>The date the repurchase will be made.</link:label>
<link:labelArc order='1.0' xlink:arcrole='http://www.xbrl.org/2003/arcrole/concept-label' xlink:from='loc_InvestmentRepurchaseAgreementRepurchaseDate' xlink:to='lab_InvestmentRepurchaseAgreementRepurchaseDate' xlink:type='arc' />
<link:loc xlink:href='invest-2009-01-31.xsd#invest_CUSIPMember' xlink:label='loc_CUSIPMember' xlink:type='locator' />
<link:label id='lab_CUSIPMember_documentation_en-US' xlink:label='lab_CUSIPMember' xlink:role='http://www.xbrl.org/2003/role/documentation' xlink:type='resource' xml:lang='en-US'>Designates the investment identifier as a CUSIP identifier.</link:label>
<link:labelArc order='1.0' xlink:arcrole='http://www.xbrl.org/2003/arcrole/concept-label' xlink:from='loc_CUSIPMember' xlink:to='lab_CUSIPMember' xlink:type='arc' />
<link:loc xlink:href='invest-2009-01-31.xsd#invest_SEDOLMember' xlink:label='loc_SEDOLMember' xlink:type='locator' />
<link:label id='lab_SEDOLMember_documentation_en-US' xlink:label='lab_SEDOLMember' xlink:role='http://www.xbrl.org/2003/role/documentation' xlink:type='resource' xml:lang='en-US'>Designates the investment identifier as a SEDOL identifier.</link:label>
<link:labelArc order='1.0' xlink:arcrole='http://www.xbrl.org/2003/arcrole/concept-label' xlink:from='loc_SEDOLMember' xlink:to='lab_SEDOLMember' xlink:type='arc' />
<link:loc xlink:href='invest-2009-01-31.xsd#invest_InternalIdentifierSchemeMember' xlink:label='loc_InternalIdentifierSchemeMember' xlink:type='locator' />
<link:label id='lab_InternalIdentifierSchemeMember_documentation_en-US' xlink:label='lab_InternalIdentifierSchemeMember' xlink:role='http://www.xbrl.org/2003/role/documentation' xlink:type='resource' xml:lang='en-US'>This Investment identifier scheme is used when the investment does not have an identifier in an existing scheme. This scheme indicates that a filer's internal proprietary investment identifier scheme is used for the associated investment identifier. Identifiers in this scheme may not be consistent between filings, even for the same filer. This scheme should not be used for a non proprietary scheme. If a non-proprietary scheme is used, a new member should be created in the domain identifying the scheme.</link:label>
<link:labelArc order='1.0' xlink:arcrole='http://www.xbrl.org/2003/arcrole/concept-label' xlink:from='loc_InternalIdentifierSchemeMember' xlink:to='lab_InternalIdentifierSchemeMember' xlink:type='arc' />
<link:loc xlink:href='invest-2009-01-31.xsd#invest_InvestmentTextBlock' xlink:label='loc_InvestmentTextBlock' xlink:type='locator' />
<link:label id='lab_InvestmentTextBlock_documentation_en-US' xlink:label='lab_InvestmentTextBlock' xlink:role='http://www.xbrl.org/2003/role/documentation' xlink:type='resource' xml:lang='en-US'>Container for the investment tables. "Investment [Table]" contains a list of investments and associated metadata. "Investment Identifier [Table]" contains for each investment a list of identifiers for the investments.</link:label>
<link:labelArc order='1.0' xlink:arcrole='http://www.xbrl.org/2003/arcrole/concept-label' xlink:from='loc_InvestmentTextBlock' xlink:to='lab_InvestmentTextBlock' xlink:type='arc' />
<link:loc xlink:href='invest-2009-01-31.xsd#invest_InvestmentIdentifierTable' xlink:label='loc_InvestmentIdentifierTable' xlink:type='locator' />
<link:label id='lab_InvestmentIdentifierTable_documentation_en-US' xlink:label='lab_InvestmentIdentifierTable' xlink:role='http://www.xbrl.org/2003/role/documentation' xlink:type='resource' xml:lang='en-US'>This table lists the identifiers for the investments. An investment may have more than one identifier. Each identifier is from an identifier scheme.</link:label>
<link:labelArc order='1.0' xlink:arcrole='http://www.xbrl.org/2003/arcrole/concept-label' xlink:from='loc_InvestmentIdentifierTable' xlink:to='lab_InvestmentIdentifierTable' xlink:type='arc' />
<link:loc xlink:href='invest-2009-01-31.xsd#invest_InvestmentAxis' xlink:label='loc_InvestmentAxis' xlink:type='locator' />
<link:label id='lab_InvestmentAxis_documentation_en-US' xlink:label='lab_InvestmentAxis' xlink:role='http://www.xbrl.org/2003/role/documentation' xlink:type='resource' xml:lang='en-US'>Listing of investments which includes securities as well as other than security investments.</link:label>
<link:labelArc order='1.0' xlink:arcrole='http://www.xbrl.org/2003/arcrole/concept-label' xlink:from='loc_InvestmentAxis' xlink:to='lab_InvestmentAxis' xlink:type='arc' />
<link:loc xlink:href='invest-2009-01-31.xsd#invest_InvestmentDomain' xlink:label='loc_InvestmentDomain' xlink:type='locator' />
<link:label id='lab_InvestmentDomain_documentation_en-US' xlink:label='lab_InvestmentDomain' xlink:role='http://www.xbrl.org/2003/role/documentation' xlink:type='resource' xml:lang='en-US'>Listing of investments which includes securities as well as other than security investments.</link:label>
<link:labelArc order='1.0' xlink:arcrole='http://www.xbrl.org/2003/arcrole/concept-label' xlink:from='loc_InvestmentDomain' xlink:to='lab_InvestmentDomain' xlink:type='arc' />
<link:loc xlink:href='invest-2009-01-31.xsd#invest_InvestmentIdentifierLineItems' xlink:label='loc_InvestmentIdentifierLineItems' xlink:type='locator' />
<link:label id='lab_InvestmentIdentifierLineItems_documentation_en-US' xlink:label='lab_InvestmentIdentifierLineItems' xlink:role='http://www.xbrl.org/2003/role/documentation' xlink:type='resource' xml:lang='en-US'>Line items represent financial concepts included in a table. These concepts are used to disclose reportable information associated with domain members defined in one or many axes to the table.</link:label>
<link:labelArc order='1.0' xlink:arcrole='http://www.xbrl.org/2003/arcrole/concept-label' xlink:from='loc_InvestmentIdentifierLineItems' xlink:to='lab_InvestmentIdentifierLineItems' xlink:type='arc' />
<link:loc xlink:href='invest-2009-01-31.xsd#invest_InvestmentIdentifierSchemeDomain' xlink:label='loc_InvestmentIdentifierSchemeDomain' xlink:type='locator' />
<link:label id='lab_InvestmentIdentifierSchemeDomain_documentation_en-US' xlink:label='lab_InvestmentIdentifierSchemeDomain' xlink:role='http://www.xbrl.org/2003/role/documentation' xlink:type='resource' xml:lang='en-US'>Lists the schemes that are used to identify investments. If a non-proprietary scheme not already listed is used, a new member should be created for that identifier scheme. If an internal scheme is used, the "Internal Identifier Scheme [Member]" should be used.</link:label>
<link:labelArc order='1.0' xlink:arcrole='http://www.xbrl.org/2003/arcrole/concept-label' xlink:from='loc_InvestmentIdentifierSchemeDomain' xlink:to='lab_InvestmentIdentifierSchemeDomain' xlink:type='arc' />
<link:loc xlink:href='invest-2009-01-31.xsd#invest_InvestmentIdentifier' xlink:label='loc_InvestmentIdentifier' xlink:type='locator' />
<link:label id='lab_InvestmentIdentifier_documentation_en-US' xlink:label='lab_InvestmentIdentifier' xlink:role='http://www.xbrl.org/2003/role/documentation' xlink:type='resource' xml:lang='en-US'>The identifier for an investment. The identifier must be valid for the scheme designated in the "Investment Identifier Scheme [Axis]".</link:label>
<link:labelArc order='1.0' xlink:arcrole='http://www.xbrl.org/2003/arcrole/concept-label' xlink:from='loc_InvestmentIdentifier' xlink:to='lab_InvestmentIdentifier' xlink:type='arc' />
<link:loc xlink:href='invest-2009-01-31.xsd#invest_InvestmentIdentifierSchemeAxis' xlink:label='loc_InvestmentIdentifierSchemeAxis' xlink:type='locator' />
<link:label id='lab_InvestmentIdentifierSchemeAxis_documentation_en-US' xlink:label='lab_InvestmentIdentifierSchemeAxis' xlink:role='http://www.xbrl.org/2003/role/documentation' xlink:type='resource' xml:lang='en-US'>The set of investment identifier schemes that can be used for an investment.</link:label>
<link:labelArc order='1.0' xlink:arcrole='http://www.xbrl.org/2003/arcrole/concept-label' xlink:from='loc_InvestmentIdentifierSchemeAxis' xlink:to='lab_InvestmentIdentifierSchemeAxis' xlink:type='arc' />
<link:loc xlink:href='invest-2009-01-31.xsd#invest_InvestmentNonIncomeProducingFlag' xlink:label='loc_InvestmentNonIncomeProducingFlag' xlink:type='locator' />
<link:label id='lab_InvestmentNonIncomeProducingFlag_documentation_en-US' xlink:label='lab_InvestmentNonIncomeProducingFlag' xlink:role='http://www.xbrl.org/2003/role/documentation' xlink:type='resource' xml:lang='en-US'>Indicates if the investment is non-income producing. Evidences of indebtedness and preferred shares may be deemed to be income producing if, on the respective last interest payment date or date for the declaration of dividends prior to the date of the related balance sheet, there was only a partial payment of interest or a declaration of only a partial amount of the dividends payable; in such case, however, each such issue shall be indicated by an appropriate symbol referring to a note to the effect that, on the last interest or dividend date, only partial interest was paid or partial dividends declared. If, on such respective last interest or dividend date, no interest was paid or no cash or in kind dividends declared, the issue shall not be deemed to be income producing. Common shares shall not be deemed to be income producing unless, during the last year preceding the date of the related balance sheet, there was at least one dividend paid upon such common shares.</link:label>
<link:labelArc order='1.0' xlink:arcrole='http://www.xbrl.org/2003/arcrole/concept-label' xlink:from='loc_InvestmentNonIncomeProducingFlag' xlink:to='lab_InvestmentNonIncomeProducingFlag' xlink:type='arc' />
<link:loc xlink:href='invest-2009-01-31.xsd#invest_InvestmentRepurchaseAgreementAmountToBeReceived' xlink:label='loc_InvestmentRepurchaseAgreementAmountToBeReceived' xlink:type='locator' />
<link:label id='lab_InvestmentRepurchaseAgreementAmountToBeReceived_documentation_en-US' xlink:label='lab_InvestmentRepurchaseAgreementAmountToBeReceived' xlink:role='http://www.xbrl.org/2003/role/documentation' xlink:type='resource' xml:lang='en-US'>Amount to be received on the repurchase date.</link:label>
<link:labelArc order='1.0' xlink:arcrole='http://www.xbrl.org/2003/arcrole/concept-label' xlink:from='loc_InvestmentRepurchaseAgreementAmountToBeReceived' xlink:to='lab_InvestmentRepurchaseAgreementAmountToBeReceived' xlink:type='arc' />
<link:loc xlink:href='invest-2009-01-31.xsd#invest_InvestmentRepurchaseAgreementDescriptionOfInvestmentsSubjectToAgreement' xlink:label='loc_InvestmentRepurchaseAgreementDescriptionOfInvestmentsSubjectToAgreement' xlink:type='locator' />
<link:label id='lab_InvestmentRepurchaseAgreementDescriptionOfInvestmentsSubjectToAgreement_documentation_en-US' xlink:label='lab_InvestmentRepurchaseAgreementDescriptionOfInvestmentsSubjectToAgreement' xlink:role='http://www.xbrl.org/2003/role/documentation' xlink:type='resource' xml:lang='en-US'>Description of the investments involved in the repurchase agreement. If the involved investments are also identified in the investment table, the "Investment, Underlying Investment Identifier" may be used.</link:label>
<link:labelArc order='1.0' xlink:arcrole='http://www.xbrl.org/2003/arcrole/concept-label' xlink:from='loc_InvestmentRepurchaseAgreementDescriptionOfInvestmentsSubjectToAgreement' xlink:to='lab_InvestmentRepurchaseAgreementDescriptionOfInvestmentsSubjectToAgreement' xlink:type='arc' />
<link:loc xlink:href='invest-2009-01-31.xsd#invest_InvestmentIssuer' xlink:label='loc_InvestmentIssuer' xlink:type='locator' />
<link:label id='lab_InvestmentIssuer_documentation_en-US' xlink:label='lab_InvestmentIssuer' xlink:role='http://www.xbrl.org/2003/role/documentation' xlink:type='resource' xml:lang='en-US'>Name of the issuer.</link:label>
<link:labelArc order='1.0' xlink:arcrole='http://www.xbrl.org/2003/arcrole/concept-label' xlink:from='loc_InvestmentIssuer' xlink:to='lab_InvestmentIssuer' xlink:type='arc' />
<link:loc xlink:href='invest-2009-01-31.xsd#invest_InvestmentTitle' xlink:label='loc_InvestmentTitle' xlink:type='locator' />
<link:label id='lab_InvestmentTitle_documentation_en-US' xlink:label='lab_InvestmentTitle' xlink:role='http://www.xbrl.org/2003/role/documentation' xlink:type='resource' xml:lang='en-US'>Title of the issue. This may include a brief description of the investment.</link:label>
<link:labelArc order='1.0' xlink:arcrole='http://www.xbrl.org/2003/arcrole/concept-label' xlink:from='loc_InvestmentTitle' xlink:to='lab_InvestmentTitle' xlink:type='arc' />
<link:loc xlink:href='invest-2009-01-31.xsd#invest_InvestmentAdditionalInformation' xlink:label='loc_InvestmentAdditionalInformation' xlink:type='locator' />
<link:label id='lab_InvestmentAdditionalInformation_documentation_en-US' xlink:label='lab_InvestmentAdditionalInformation' xlink:role='http://www.xbrl.org/2003/role/documentation' xlink:type='resource' xml:lang='en-US'>Additional narrative about the investment, including any notes that are not captured by other line items.</link:label>
<link:labelArc order='1.0' xlink:arcrole='http://www.xbrl.org/2003/arcrole/concept-label' xlink:from='loc_InvestmentAdditionalInformation' xlink:to='lab_InvestmentAdditionalInformation' xlink:type='arc' />
<link:loc xlink:href='invest-2009-01-31.xsd#invest_InvestmentOptionsAbstract' xlink:label='loc_InvestmentOptionsAbstract' xlink:type='locator' />
<link:label id='lab_InvestmentOptionsAbstract_documentation_en-US' xlink:label='lab_InvestmentOptionsAbstract' xlink:role='http://www.xbrl.org/2003/role/documentation' xlink:type='resource' xml:lang='en-US'>Information specific to options investments.</link:label>
<link:labelArc order='1.0' xlink:arcrole='http://www.xbrl.org/2003/arcrole/concept-label' xlink:from='loc_InvestmentOptionsAbstract' xlink:to='lab_InvestmentOptionsAbstract' xlink:type='arc' />
<link:loc xlink:href='invest-2009-01-31.xsd#invest_InvestmentOptionsExpirationDate' xlink:label='loc_InvestmentOptionsExpirationDate' xlink:type='locator' />
<link:label id='lab_InvestmentOptionsExpirationDate_documentation_en-US' xlink:label='lab_InvestmentOptionsExpirationDate' xlink:role='http://www.xbrl.org/2003/role/documentation' xlink:type='resource' xml:lang='en-US'>Expiration date of the option.</link:label>
<link:labelArc order='1.0' xlink:arcrole='http://www.xbrl.org/2003/arcrole/concept-label' xlink:from='loc_InvestmentOptionsExpirationDate' xlink:to='lab_InvestmentOptionsExpirationDate' xlink:type='arc' />
<link:loc xlink:href='invest-2009-01-31.xsd#invest_InvestmentOptionsExercisePrice' xlink:label='loc_InvestmentOptionsExercisePrice' xlink:type='locator' />
<link:label id='lab_InvestmentOptionsExercisePrice_documentation_en-US' xlink:label='lab_InvestmentOptionsExercisePrice' xlink:role='http://www.xbrl.org/2003/role/documentation' xlink:type='resource' xml:lang='en-US'>Exercise price of the option.</link:label>
<link:labelArc order='1.0' xlink:arcrole='http://www.xbrl.org/2003/arcrole/concept-label' xlink:from='loc_InvestmentOptionsExercisePrice' xlink:to='lab_InvestmentOptionsExercisePrice' xlink:type='arc' />
<link:loc xlink:href='invest-2009-01-31.xsd#invest_InvestmentSupplementalFlagsAbstract' xlink:label='loc_InvestmentSupplementalFlagsAbstract' xlink:type='locator' />
<link:label id='lab_InvestmentSupplementalFlagsAbstract_documentation_en-US' xlink:label='lab_InvestmentSupplementalFlagsAbstract' xlink:role='http://www.xbrl.org/2003/role/documentation' xlink:type='resource' xml:lang='en-US'>A container for additional flags for the investment.</link:label>
<link:labelArc order='1.0' xlink:arcrole='http://www.xbrl.org/2003/arcrole/concept-label' xlink:from='loc_InvestmentSupplementalFlagsAbstract' xlink:to='lab_InvestmentSupplementalFlagsAbstract' xlink:type='arc' />
<link:loc xlink:href='invest-2009-01-31.xsd#invest_InvestmentRestrictedCashFlag' xlink:label='loc_InvestmentRestrictedCashFlag' xlink:type='locator' />
<link:label id='lab_InvestmentRestrictedCashFlag_documentation_en-US' xlink:label='lab_InvestmentRestrictedCashFlag' xlink:role='http://www.xbrl.org/2003/role/documentation' xlink:type='resource' xml:lang='en-US'>Indicates the investment is restricted cash.</link:label>
<link:labelArc order='1.0' xlink:arcrole='http://www.xbrl.org/2003/arcrole/concept-label' xlink:from='loc_InvestmentRestrictedCashFlag' xlink:to='lab_InvestmentRestrictedCashFlag' xlink:type='arc' />
<link:loc xlink:href='invest-2009-01-31.xsd#invest_InvestmentDefaultedSecurityFlag' xlink:label='loc_InvestmentDefaultedSecurityFlag' xlink:type='locator' />
<link:label id='lab_InvestmentDefaultedSecurityFlag_documentation_en-US' xlink:label='lab_InvestmentDefaultedSecurityFlag' xlink:role='http://www.xbrl.org/2003/role/documentation' xlink:type='resource' xml:lang='en-US'>Indicates that the issuer of the investment has defaulted on the investment.</link:label>
<link:labelArc order='1.0' xlink:arcrole='http://www.xbrl.org/2003/arcrole/concept-label' xlink:from='loc_InvestmentDefaultedSecurityFlag' xlink:to='lab_InvestmentDefaultedSecurityFlag' xlink:type='arc' />
<link:loc xlink:href='invest-2009-01-31.xsd#invest_InvestmentADRFlag' xlink:label='loc_InvestmentADRFlag' xlink:type='locator' />
<link:label id='lab_InvestmentADRFlag_documentation_en-US' xlink:label='lab_InvestmentADRFlag' xlink:role='http://www.xbrl.org/2003/role/documentation' xlink:type='resource' xml:lang='en-US'>Indicates that the investment is an American Depository Receipt for foreign securities.</link:label>
<link:labelArc order='1.0' xlink:arcrole='http://www.xbrl.org/2003/arcrole/concept-label' xlink:from='loc_InvestmentADRFlag' xlink:to='lab_InvestmentADRFlag' xlink:type='arc' />
<link:loc xlink:href='invest-2009-01-31.xsd#invest_InvestmentWhenIssuedFlag' xlink:label='loc_InvestmentWhenIssuedFlag' xlink:type='locator' />
<link:label id='lab_InvestmentWhenIssuedFlag_documentation_en-US' xlink:label='lab_InvestmentWhenIssuedFlag' xlink:role='http://www.xbrl.org/2003/role/documentation' xlink:type='resource' xml:lang='en-US'>Indicates the investment acquired "when issued" (short for "when, as and if issued").</link:label>
<link:labelArc order='1.0' xlink:arcrole='http://www.xbrl.org/2003/arcrole/concept-label' xlink:from='loc_InvestmentWhenIssuedFlag' xlink:to='lab_InvestmentWhenIssuedFlag' xlink:type='arc' />
<link:loc xlink:href='invest-2009-01-31.xsd#invest_InvestmentInterestOnlyFlag' xlink:label='loc_InvestmentInterestOnlyFlag' xlink:type='locator' />
<link:label id='lab_InvestmentInterestOnlyFlag_documentation_en-US' xlink:label='lab_InvestmentInterestOnlyFlag' xlink:role='http://www.xbrl.org/2003/role/documentation' xlink:type='resource' xml:lang='en-US'>Indicates the investment represents the interest only portion of another security.</link:label>
<link:labelArc order='1.0' xlink:arcrole='http://www.xbrl.org/2003/arcrole/concept-label' xlink:from='loc_InvestmentInterestOnlyFlag' xlink:to='lab_InvestmentInterestOnlyFlag' xlink:type='arc' />
<link:loc xlink:href='invest-2009-01-31.xsd#invest_InvestmentPrincipalOnlyFlag' xlink:label='loc_InvestmentPrincipalOnlyFlag' xlink:type='locator' />
<link:label id='lab_InvestmentPrincipalOnlyFlag_documentation_en-US' xlink:label='lab_InvestmentPrincipalOnlyFlag' xlink:role='http://www.xbrl.org/2003/role/documentation' xlink:type='resource' xml:lang='en-US'>Indicates the investment is the principal portion of another security.</link:label>
<link:labelArc order='1.0' xlink:arcrole='http://www.xbrl.org/2003/arcrole/concept-label' xlink:from='loc_InvestmentPrincipalOnlyFlag' xlink:to='lab_InvestmentPrincipalOnlyFlag' xlink:type='arc' />
<link:loc xlink:href='invest-2009-01-31.xsd#invest_InvestmentMaturityDate' xlink:label='loc_InvestmentMaturityDate' xlink:type='locator' />
<link:label id='lab_InvestmentMaturityDate_documentation_en-US' xlink:label='lab_InvestmentMaturityDate' xlink:role='http://www.xbrl.org/2003/role/documentation' xlink:type='resource' xml:lang='en-US'>The maturity date of the investment.</link:label>
<link:labelArc order='1.0' xlink:arcrole='http://www.xbrl.org/2003/arcrole/concept-label' xlink:from='loc_InvestmentMaturityDate' xlink:to='lab_InvestmentMaturityDate' xlink:type='arc' />
<link:loc xlink:href='invest-2009-01-31.xsd#invest_InvestmentMaturityDateRangeStart' xlink:label='loc_InvestmentMaturityDateRangeStart' xlink:type='locator' />
<link:label id='lab_InvestmentMaturityDateRangeStart_documentation_en-US' xlink:label='lab_InvestmentMaturityDateRangeStart' xlink:role='http://www.xbrl.org/2003/role/documentation' xlink:type='resource' xml:lang='en-US'>The earliest maturity date when short-tem debt instruments are aggregated on the Schedule of Investments.</link:label>
<link:labelArc order='1.0' xlink:arcrole='http://www.xbrl.org/2003/arcrole/concept-label' xlink:from='loc_InvestmentMaturityDateRangeStart' xlink:to='lab_InvestmentMaturityDateRangeStart' xlink:type='arc' />
<link:loc xlink:href='invest-2009-01-31.xsd#invest_InvestmentMaturityDateRangeEnd' xlink:label='loc_InvestmentMaturityDateRangeEnd' xlink:type='locator' />
<link:label id='lab_InvestmentMaturityDateRangeEnd_documentation_en-US' xlink:label='lab_InvestmentMaturityDateRangeEnd' xlink:role='http://www.xbrl.org/2003/role/documentation' xlink:type='resource' xml:lang='en-US'>The latest maturity date when short-tem debt instruments are aggregated on the Schedule of Investments.</link:label>
<link:labelArc order='1.0' xlink:arcrole='http://www.xbrl.org/2003/arcrole/concept-label' xlink:from='loc_InvestmentMaturityDateRangeEnd' xlink:to='lab_InvestmentMaturityDateRangeEnd' xlink:type='arc' />
<link:loc xlink:href='invest-2009-01-31.xsd#invest_InvestmentStepupBondInterestRateIsForFutureDateFlag' xlink:label='loc_InvestmentStepupBondInterestRateIsForFutureDateFlag' xlink:type='locator' />
<link:label id='lab_InvestmentStepupBondInterestRateIsForFutureDateFlag_documentation_en-US' xlink:label='lab_InvestmentStepupBondInterestRateIsForFutureDateFlag' xlink:role='http://www.xbrl.org/2003/role/documentation' xlink:type='resource' xml:lang='en-US'>Denotes a step-up bond that converts to the noted fixed rate at a designated future date.</link:label>
<link:labelArc order='1.0' xlink:arcrole='http://www.xbrl.org/2003/arcrole/concept-label' xlink:from='loc_InvestmentStepupBondInterestRateIsForFutureDateFlag' xlink:to='lab_InvestmentStepupBondInterestRateIsForFutureDateFlag' xlink:type='arc' />
<link:loc xlink:href='invest-2009-01-31.xsd#invest_InvestmentInterestRateIsCurrentRateForVariableRateInvestmentFlag' xlink:label='loc_InvestmentInterestRateIsCurrentRateForVariableRateInvestmentFlag' xlink:type='locator' />
<link:label id='lab_InvestmentInterestRateIsCurrentRateForVariableRateInvestmentFlag_documentation_en-US' xlink:label='lab_InvestmentInterestRateIsCurrentRateForVariableRateInvestmentFlag' xlink:role='http://www.xbrl.org/2003/role/documentation' xlink:type='resource' xml:lang='en-US'>Indicates that the interest rate in the "Investment, Interest Rate" concept is the current interest rate as of the date of the report.</link:label>
<link:labelArc order='1.0' xlink:arcrole='http://www.xbrl.org/2003/arcrole/concept-label' xlink:from='loc_InvestmentInterestRateIsCurrentRateForVariableRateInvestmentFlag' xlink:to='lab_InvestmentInterestRateIsCurrentRateForVariableRateInvestmentFlag' xlink:type='arc' />
<link:loc xlink:href='invest-2009-01-31.xsd#invest_InvestmentInterestRateIsDiscountRateAtPurchaseFlag' xlink:label='loc_InvestmentInterestRateIsDiscountRateAtPurchaseFlag' xlink:type='locator' />
<link:label id='lab_InvestmentInterestRateIsDiscountRateAtPurchaseFlag_documentation_en-US' xlink:label='lab_InvestmentInterestRateIsDiscountRateAtPurchaseFlag' xlink:role='http://www.xbrl.org/2003/role/documentation' xlink:type='resource' xml:lang='en-US'>Indicates that the interest rate in the "Investment, Interest Rate" concept is the discount rate at the time of the purchase.</link:label>
<link:labelArc order='1.0' xlink:arcrole='http://www.xbrl.org/2003/arcrole/concept-label' xlink:from='loc_InvestmentInterestRateIsDiscountRateAtPurchaseFlag' xlink:to='lab_InvestmentInterestRateIsDiscountRateAtPurchaseFlag' xlink:type='arc' />
<link:loc xlink:href='invest-2009-01-31.xsd#invest_InvestmentUnderlyingInvestmentIdentifier' xlink:label='loc_InvestmentUnderlyingInvestmentIdentifier' xlink:type='locator' />
<link:label id='lab_InvestmentUnderlyingInvestmentIdentifier_documentation_en-US' xlink:label='lab_InvestmentUnderlyingInvestmentIdentifier' xlink:role='http://www.xbrl.org/2003/role/documentation' xlink:type='resource' xml:lang='en-US'>For investments that are based on an underlying investment (i.e. futures, options, repurchase agreements) the primary identifier for the underlying investment. This should only be included if the underlying security is also listed in the investment table.</link:label>
<link:labelArc order='1.0' xlink:arcrole='http://www.xbrl.org/2003/arcrole/concept-label' xlink:from='loc_InvestmentUnderlyingInvestmentIdentifier' xlink:to='lab_InvestmentUnderlyingInvestmentIdentifier' xlink:type='arc' />
<link:loc xlink:href='invest-2009-01-31.xsd#invest_InvestmentInterestRateReflectsCurrentYieldFlag' xlink:label='loc_InvestmentInterestRateReflectsCurrentYieldFlag' xlink:type='locator' />
<link:label id='lab_InvestmentInterestRateReflectsCurrentYieldFlag_documentation_en-US' xlink:label='lab_InvestmentInterestRateReflectsCurrentYieldFlag' xlink:role='http://www.xbrl.org/2003/role/documentation' xlink:type='resource' xml:lang='en-US'>Indicates that the interest rate in the "Investment, Interest Rate" concept is the current yield of the investment as of the date of the report.</link:label>
<link:labelArc order='1.0' xlink:arcrole='http://www.xbrl.org/2003/arcrole/concept-label' xlink:from='loc_InvestmentInterestRateReflectsCurrentYieldFlag' xlink:to='lab_InvestmentInterestRateReflectsCurrentYieldFlag' xlink:type='arc' />
<link:loc xlink:href='invest-2009-01-31.xsd#invest_InvestmentMaturityDateRangeAbstract' xlink:label='loc_InvestmentMaturityDateRangeAbstract' xlink:type='locator' />
<link:label id='lab_InvestmentMaturityDateRangeAbstract_documentation_en-US' xlink:label='lab_InvestmentMaturityDateRangeAbstract' xlink:role='http://www.xbrl.org/2003/role/documentation' xlink:type='resource' xml:lang='en-US'>When short term debt instruments are aggregated on the Schedule of Investments, the maturity date range of the underlying Investments is reported.</link:label>
<link:labelArc order='1.0' xlink:arcrole='http://www.xbrl.org/2003/arcrole/concept-label' xlink:from='loc_InvestmentMaturityDateRangeAbstract' xlink:to='lab_InvestmentMaturityDateRangeAbstract' xlink:type='arc' />
<link:loc xlink:href='invest-2009-01-31.xsd#invest_InvestmentInterestRate' xlink:label='loc_InvestmentInterestRate' xlink:type='locator' />
<link:label id='lab_InvestmentInterestRate_documentation_en-US' xlink:label='lab_InvestmentInterestRate' xlink:role='http://www.xbrl.org/2003/role/documentation' xlink:type='resource' xml:lang='en-US'>The interest rate for investments that have an interest rate. For fixed rate investments, this indicates the fixed interest rate. If the investment has a variable interest rate, the rate stated here may be the rate that is currently relevant. In this case the "Investment, Interest Rate is Current Rate for Variable Rate Investment Flag", "Investment, Interest Rate is Discount Rate at Purchase Flag", "Investment, Interest Rate Reflects Current Yield Flag" should be used. If one of these flags are not appropriate to explain the interest rate that is indicated, then a new flag should be added or an explanation should be included in "Investment, Additional Information".</link:label>
<link:labelArc order='1.0' xlink:arcrole='http://www.xbrl.org/2003/arcrole/concept-label' xlink:from='loc_InvestmentInterestRate' xlink:to='lab_InvestmentInterestRate' xlink:type='arc' />
<link:loc xlink:href='invest-2009-01-31.xsd#invest_InvestmentTable' xlink:label='loc_InvestmentTable' xlink:type='locator' />
<link:label id='lab_InvestmentTable_documentation_en-US' xlink:label='lab_InvestmentTable' xlink:role='http://www.xbrl.org/2003/role/documentation' xlink:type='resource' xml:lang='en-US'>This table lists the investments. The line items identify information about the investment.</link:label>
<link:labelArc order='1.0' xlink:arcrole='http://www.xbrl.org/2003/arcrole/concept-label' xlink:from='loc_InvestmentTable' xlink:to='lab_InvestmentTable' xlink:type='arc' />
<link:loc xlink:href='invest-2009-01-31.xsd#invest_InvestmentForeignCurrencyContractCurrency' xlink:label='loc_InvestmentForeignCurrencyContractCurrency' xlink:type='locator' />
<link:label id='lab_InvestmentForeignCurrencyContractCurrency_documentation_en-US' xlink:label='lab_InvestmentForeignCurrencyContractCurrency' xlink:role='http://www.xbrl.org/2003/role/documentation' xlink:type='resource' xml:lang='en-US'>This element represents the country of origin and name of the national currency of the foreign currency contract (forward, option).</link:label>
<link:labelArc order='1.0' xlink:arcrole='http://www.xbrl.org/2003/arcrole/concept-label' xlink:from='loc_InvestmentForeignCurrencyContractCurrency' xlink:to='lab_InvestmentForeignCurrencyContractCurrency' xlink:type='arc' />
<link:loc xlink:href='invest-2009-01-31.xsd#invest_InvestmentForeignCurrencyContractTransactionTypeFlag' xlink:label='loc_InvestmentForeignCurrencyContractTransactionTypeFlag' xlink:type='locator' />
<link:label id='lab_InvestmentForeignCurrencyContractTransactionTypeFlag_documentation_en-US' xlink:label='lab_InvestmentForeignCurrencyContractTransactionTypeFlag' xlink:role='http://www.xbrl.org/2003/role/documentation' xlink:type='resource' xml:lang='en-US'>This element represents the entity's designation of its position on the foreign currency contract being described. This flag can only have the values of "Buy" or "Sell".</link:label>
<link:labelArc order='1.0' xlink:arcrole='http://www.xbrl.org/2003/arcrole/concept-label' xlink:from='loc_InvestmentForeignCurrencyContractTransactionTypeFlag' xlink:to='lab_InvestmentForeignCurrencyContractTransactionTypeFlag' xlink:type='arc' />
<link:loc xlink:href='invest-2009-01-31.xsd#invest_InvestmentCFICode' xlink:label='loc_InvestmentCFICode' xlink:type='locator' />
<link:label id='lab_InvestmentCFICode_documentation_en-US' xlink:label='lab_InvestmentCFICode' xlink:role='http://www.xbrl.org/2003/role/documentation' xlink:type='resource' xml:lang='en-US'>CFI code (Classification of Financial Instruments) of the investment.</link:label>
<link:labelArc order='1.0' xlink:arcrole='http://www.xbrl.org/2003/arcrole/concept-label' xlink:from='loc_InvestmentCFICode' xlink:to='lab_InvestmentCFICode' xlink:type='arc' />
<link:loc xlink:href='invest-2009-01-31.xsd#invest_InvestmentForeignCurrencyContractForeignCurrencyAmount' xlink:label='loc_InvestmentForeignCurrencyContractForeignCurrencyAmount' xlink:type='locator' />
<link:label id='lab_InvestmentForeignCurrencyContractForeignCurrencyAmount_documentation_en-US' xlink:label='lab_InvestmentForeignCurrencyContractForeignCurrencyAmount' xlink:role='http://www.xbrl.org/2003/role/documentation' xlink:type='resource' xml:lang='en-US'>This element represents the amount of foreign currency that the entity has contractually agreed, or for which it has the option, to buy or sell with respect to the contract being described.</link:label>
<link:labelArc order='1.0' xlink:arcrole='http://www.xbrl.org/2003/arcrole/concept-label' xlink:from='loc_InvestmentForeignCurrencyContractForeignCurrencyAmount' xlink:to='lab_InvestmentForeignCurrencyContractForeignCurrencyAmount' xlink:type='arc' />
<link:loc xlink:href='invest-2009-01-31.xsd#invest_InvestmentForeignCurrencyContractReportingCurrencyAmountAtDateOfOrigin' xlink:label='loc_InvestmentForeignCurrencyContractReportingCurrencyAmountAtDateOfOrigin' xlink:type='locator' />
<link:label id='lab_InvestmentForeignCurrencyContractReportingCurrencyAmountAtDateOfOrigin_documentation_en-US' xlink:label='lab_InvestmentForeignCurrencyContractReportingCurrencyAmountAtDateOfOrigin' xlink:role='http://www.xbrl.org/2003/role/documentation' xlink:type='resource' xml:lang='en-US'>This element represents the reporting currency amount (for example, US dollars) conversion, as of the date of origin, of the foreign currency amount that the entity is obligated or for which it has the option to buy or sell with respect to the contract being described.</link:label>
<link:labelArc order='1.0' xlink:arcrole='http://www.xbrl.org/2003/arcrole/concept-label' xlink:from='loc_InvestmentForeignCurrencyContractReportingCurrencyAmountAtDateOfOrigin' xlink:to='lab_InvestmentForeignCurrencyContractReportingCurrencyAmountAtDateOfOrigin' xlink:type='arc' />
<link:loc xlink:href='invest-2009-01-31.xsd#invest_DUNSMember' xlink:label='loc_DUNSMember' xlink:type='locator' />
<link:label id='lab_DUNSMember_documentation_en-US' xlink:label='lab_DUNSMember' xlink:role='http://www.xbrl.org/2003/role/documentation' xlink:type='resource' xml:lang='en-US'>Designates the investment identifier as a DUNS identifier.</link:label>
<link:labelArc order='1.0' xlink:arcrole='http://www.xbrl.org/2003/arcrole/concept-label' xlink:from='loc_DUNSMember' xlink:to='lab_DUNSMember' xlink:type='arc' />
</link:labelLink>
</link:linkbase>
