<linkbase xmlns='http://www.xbrl.org/2003/linkbase' xmlns:link='http://www.xbrl.org/2003/linkbase' xmlns:ref='http://www.xbrl.org/2006/ref' xmlns:xlink='http://www.w3.org/1999/xlink' xmlns:xsi='http://www.w3.org/2001/XMLSchema-instance' xsi:schemaLocation='http://www.xbrl.org/2003/linkbase http://www.xbrl.org/2003/xbrl-linkbase-2003-12-31.xsd http://www.xbrl.org/2006/ref http://www.xbrl.org/2006/ref-2006-02-27.xsd'>
<referenceLink xlink:role='http://www.xbrl.org/2003/role/link' xlink:type='extended'>
<loc xlink:href='seccert-2009-01-31.xsd#seccert_AbleToAttest' xlink:label='seccert_AbleToAttest' xlink:type='locator' />
<reference xlink:label='ref_0' xlink:role='http://www.xbrl.org/2003/role/presentationRef' xlink:type='resource'>
<ref:Publisher>SEC</ref:Publisher>
<ref:Name>Regulation 13A</ref:Name>
<ref:Number>240</ref:Number>
<ref:Section>13a</ref:Section>
<ref:Subsection>14</ref:Subsection>
</reference>
<referenceArc order='1.0' xlink:arcrole='http://www.xbrl.org/2003/arcrole/concept-reference' xlink:from='seccert_AbleToAttest' xlink:to='ref_0' xlink:type='arc' />
<reference xlink:label='ref_1' xlink:role='http://www.xbrl.org/2003/role/presentationRef' xlink:type='resource'>
<ref:Publisher>SEC</ref:Publisher>
<ref:Name>Regulation 15D</ref:Name>
<ref:Number>240</ref:Number>
<ref:Section>15d</ref:Section>
<ref:Subsection>16</ref:Subsection>
</reference>
<referenceArc order='1.0' xlink:arcrole='http://www.xbrl.org/2003/arcrole/concept-reference' xlink:from='seccert_AbleToAttest' xlink:to='ref_1' xlink:type='arc' />
<loc xlink:href='seccert-2009-01-31.xsd#seccert_AttestationOfNoUntrueStatementOrOmittedMaterialFact' xlink:label='seccert_AttestationOfNoUntrueStatementOrOmittedMaterialFact' xlink:type='locator' />
<referenceArc order='1.0' xlink:arcrole='http://www.xbrl.org/2003/arcrole/concept-reference' xlink:from='seccert_AttestationOfNoUntrueStatementOrOmittedMaterialFact' xlink:to='ref_0' xlink:type='arc' />
<referenceArc order='1.0' xlink:arcrole='http://www.xbrl.org/2003/arcrole/concept-reference' xlink:from='seccert_AttestationOfNoUntrueStatementOrOmittedMaterialFact' xlink:to='ref_1' xlink:type='arc' />
<loc xlink:href='seccert-2009-01-31.xsd#seccert_AttestationOfNoUntrueStatementOrOmittedMaterialFactAttestationOfNoOmittedMaterialFact' xlink:label='seccert_AttestationOfNoUntrueStatementOrOmittedMaterialFactAttestationOfNoOmittedMaterialFact' xlink:type='locator' />
<referenceArc order='1.0' xlink:arcrole='http://www.xbrl.org/2003/arcrole/concept-reference' xlink:from='seccert_AttestationOfNoUntrueStatementOrOmittedMaterialFactAttestationOfNoOmittedMaterialFact' xlink:to='ref_0' xlink:type='arc' />
<referenceArc order='1.0' xlink:arcrole='http://www.xbrl.org/2003/arcrole/concept-reference' xlink:from='seccert_AttestationOfNoUntrueStatementOrOmittedMaterialFactAttestationOfNoOmittedMaterialFact' xlink:to='ref_1' xlink:type='arc' />
<loc xlink:href='seccert-2009-01-31.xsd#seccert_AttestationOfNoUntrueStatementOrOmittedMaterialFactAttestationOfNoUntrueStatement' xlink:label='seccert_AttestationOfNoUntrueStatementOrOmittedMaterialFactAttestationOfNoUntrueStatement' xlink:type='locator' />
<referenceArc order='1.0' xlink:arcrole='http://www.xbrl.org/2003/arcrole/concept-reference' xlink:from='seccert_AttestationOfNoUntrueStatementOrOmittedMaterialFactAttestationOfNoUntrueStatement' xlink:to='ref_0' xlink:type='arc' />
<referenceArc order='1.0' xlink:arcrole='http://www.xbrl.org/2003/arcrole/concept-reference' xlink:from='seccert_AttestationOfNoUntrueStatementOrOmittedMaterialFactAttestationOfNoUntrueStatement' xlink:to='ref_1' xlink:type='arc' />
<loc xlink:href='seccert-2009-01-31.xsd#seccert_AttestationThatReportFairlyPresentsInAllMaterialRespectsFinancialConditionAndResultsOfOperations' xlink:label='seccert_AttestationThatReportFairlyPresentsInAllMaterialRespectsFinancialConditionAndResultsOfOperations' xlink:type='locator' />
<referenceArc order='1.0' xlink:arcrole='http://www.xbrl.org/2003/arcrole/concept-reference' xlink:from='seccert_AttestationThatReportFairlyPresentsInAllMaterialRespectsFinancialConditionAndResultsOfOperations' xlink:to='ref_0' xlink:type='arc' />
<reference xlink:label='ref_2' xlink:role='http://www.xbrl.org/2003/role/presentationRef' xlink:type='resource'>
<ref:Publisher>SEC</ref:Publisher>
<ref:Name>Regulation 15D</ref:Name>
<ref:Number>240</ref:Number>
<ref:Section>15d</ref:Section>
<ref:Subsection>17</ref:Subsection>
</reference>
<referenceArc order='1.0' xlink:arcrole='http://www.xbrl.org/2003/arcrole/concept-reference' xlink:from='seccert_AttestationThatReportFairlyPresentsInAllMaterialRespectsFinancialConditionAndResultsOfOperations' xlink:to='ref_2' xlink:type='arc' />
<loc xlink:href='seccert-2009-01-31.xsd#seccert_CertificationOfDisclosureControlsAndProcedures' xlink:label='seccert_CertificationOfDisclosureControlsAndProcedures' xlink:type='locator' />
<referenceArc order='1.0' xlink:arcrole='http://www.xbrl.org/2003/arcrole/concept-reference' xlink:from='seccert_CertificationOfDisclosureControlsAndProcedures' xlink:to='ref_0' xlink:type='arc' />
<reference xlink:label='ref_3' xlink:role='http://www.xbrl.org/2003/role/presentationRef' xlink:type='resource'>
<ref:Publisher>SEC</ref:Publisher>
<ref:Name>Regulation 15D</ref:Name>
<ref:Number>240</ref:Number>
<ref:Section>15d</ref:Section>
<ref:Subsection>18</ref:Subsection>
</reference>
<referenceArc order='1.0' xlink:arcrole='http://www.xbrl.org/2003/arcrole/concept-reference' xlink:from='seccert_CertificationOfDisclosureControlsAndProcedures' xlink:to='ref_3' xlink:type='arc' />
<loc xlink:href='seccert-2009-01-31.xsd#seccert_CertificationOfDisclosureControlsAndProceduresDesignOfDisclosureControlsAndProceduresInformsOfficerOfMaterialInformation' xlink:label='seccert_CertificationOfDisclosureControlsAndProceduresDesignOfDisclosureControlsAndProceduresInformsOfficerOfMaterialInformation' xlink:type='locator' />
<referenceArc order='1.0' xlink:arcrole='http://www.xbrl.org/2003/arcrole/concept-reference' xlink:from='seccert_CertificationOfDisclosureControlsAndProceduresDesignOfDisclosureControlsAndProceduresInformsOfficerOfMaterialInformation' xlink:to='ref_0' xlink:type='arc' />
<reference xlink:label='ref_4' xlink:role='http://www.xbrl.org/2003/role/presentationRef' xlink:type='resource'>
<ref:Publisher>SEC</ref:Publisher>
<ref:Name>Regulation 15D</ref:Name>
<ref:Number>240</ref:Number>
<ref:Section>15d</ref:Section>
<ref:Subsection>20</ref:Subsection>
</reference>
<referenceArc order='1.0' xlink:arcrole='http://www.xbrl.org/2003/arcrole/concept-reference' xlink:from='seccert_CertificationOfDisclosureControlsAndProceduresDesignOfDisclosureControlsAndProceduresInformsOfficerOfMaterialInformation' xlink:to='ref_4' xlink:type='arc' />
<loc xlink:href='seccert-2009-01-31.xsd#seccert_CertificationOfDisclosureToAuditorsAndAuditCommittee' xlink:label='seccert_CertificationOfDisclosureToAuditorsAndAuditCommittee' xlink:type='locator' />
<referenceArc order='1.0' xlink:arcrole='http://www.xbrl.org/2003/arcrole/concept-reference' xlink:from='seccert_CertificationOfDisclosureToAuditorsAndAuditCommittee' xlink:to='ref_0' xlink:type='arc' />
<reference xlink:label='ref_5' xlink:role='http://www.xbrl.org/2003/role/presentationRef' xlink:type='resource'>
<ref:Publisher>SEC</ref:Publisher>
<ref:Name>Regulation 15D</ref:Name>
<ref:Number>240</ref:Number>
<ref:Section>15d</ref:Section>
<ref:Subsection>13</ref:Subsection>
</reference>
<referenceArc order='1.0' xlink:arcrole='http://www.xbrl.org/2003/arcrole/concept-reference' xlink:from='seccert_CertificationOfDisclosureToAuditorsAndAuditCommittee' xlink:to='ref_5' xlink:type='arc' />
<loc xlink:href='seccert-2009-01-31.xsd#seccert_CertificationOfDisclosures' xlink:label='seccert_CertificationOfDisclosures' xlink:type='locator' />
<referenceArc order='1.0' xlink:arcrole='http://www.xbrl.org/2003/arcrole/concept-reference' xlink:from='seccert_CertificationOfDisclosures' xlink:to='ref_0' xlink:type='arc' />
<referenceArc order='1.0' xlink:arcrole='http://www.xbrl.org/2003/arcrole/concept-reference' xlink:from='seccert_CertificationOfDisclosures' xlink:to='ref_1' xlink:type='arc' />
<loc xlink:href='seccert-2009-01-31.xsd#seccert_EvaluationOfDisclosureControlsAndProceduresEffectiveness' xlink:label='seccert_EvaluationOfDisclosureControlsAndProceduresEffectiveness' xlink:type='locator' />
<referenceArc order='1.0' xlink:arcrole='http://www.xbrl.org/2003/arcrole/concept-reference' xlink:from='seccert_EvaluationOfDisclosureControlsAndProceduresEffectiveness' xlink:to='ref_0' xlink:type='arc' />
<reference xlink:label='ref_6' xlink:role='http://www.xbrl.org/2003/role/presentationRef' xlink:type='resource'>
<ref:Publisher>SEC</ref:Publisher>
<ref:Name>Regulation 15D</ref:Name>
<ref:Number>240</ref:Number>
<ref:Section>15d</ref:Section>
<ref:Subsection>21</ref:Subsection>
</reference>
<referenceArc order='1.0' xlink:arcrole='http://www.xbrl.org/2003/arcrole/concept-reference' xlink:from='seccert_EvaluationOfDisclosureControlsAndProceduresEffectiveness' xlink:to='ref_6' xlink:type='arc' />
<loc xlink:href='seccert-2009-01-31.xsd#seccert_FraudMatters' xlink:label='seccert_FraudMatters' xlink:type='locator' />
<referenceArc order='1.0' xlink:arcrole='http://www.xbrl.org/2003/arcrole/concept-reference' xlink:from='seccert_FraudMatters' xlink:to='ref_0' xlink:type='arc' />
<reference xlink:label='ref_7' xlink:role='http://www.xbrl.org/2003/role/presentationRef' xlink:type='resource'>
<ref:Publisher>SEC</ref:Publisher>
<ref:Name>Regulation 15D</ref:Name>
<ref:Number>240</ref:Number>
<ref:Section>15d</ref:Section>
<ref:Subsection>15</ref:Subsection>
</reference>
<referenceArc order='1.0' xlink:arcrole='http://www.xbrl.org/2003/arcrole/concept-reference' xlink:from='seccert_FraudMatters' xlink:to='ref_7' xlink:type='arc' />
<loc xlink:href='seccert-2009-01-31.xsd#seccert_NotaryPublic' xlink:label='seccert_NotaryPublic' xlink:type='locator' />
<referenceArc order='1.0' xlink:arcrole='http://www.xbrl.org/2003/arcrole/concept-reference' xlink:from='seccert_NotaryPublic' xlink:to='ref_0' xlink:type='arc' />
<referenceArc order='1.0' xlink:arcrole='http://www.xbrl.org/2003/arcrole/concept-reference' xlink:from='seccert_NotaryPublic' xlink:to='ref_1' xlink:type='arc' />
<loc xlink:href='seccert-2009-01-31.xsd#seccert_OfficersCertificationOfFinancialStatements' xlink:label='seccert_OfficersCertificationOfFinancialStatements' xlink:type='locator' />
<referenceArc order='1.0' xlink:arcrole='http://www.xbrl.org/2003/arcrole/concept-reference' xlink:from='seccert_OfficersCertificationOfFinancialStatements' xlink:to='ref_0' xlink:type='arc' />
<reference xlink:label='ref_8' xlink:role='http://www.xbrl.org/2003/role/presentationRef' xlink:type='resource'>
<ref:Publisher>SEC</ref:Publisher>
<ref:Name>Regulation 15D</ref:Name>
<ref:Number>240</ref:Number>
<ref:Section>15d</ref:Section>
<ref:Subsection>14</ref:Subsection>
</reference>
<referenceArc order='1.0' xlink:arcrole='http://www.xbrl.org/2003/arcrole/concept-reference' xlink:from='seccert_OfficersCertificationOfFinancialStatements' xlink:to='ref_8' xlink:type='arc' />
<loc xlink:href='seccert-2009-01-31.xsd#seccert_PresentedConclusionsOnEffectivenessOfDisclosureControlsAndProceduresInReport' xlink:label='seccert_PresentedConclusionsOnEffectivenessOfDisclosureControlsAndProceduresInReport' xlink:type='locator' />
<referenceArc order='1.0' xlink:arcrole='http://www.xbrl.org/2003/arcrole/concept-reference' xlink:from='seccert_PresentedConclusionsOnEffectivenessOfDisclosureControlsAndProceduresInReport' xlink:to='ref_0' xlink:type='arc' />
<reference xlink:label='ref_9' xlink:role='http://www.xbrl.org/2003/role/presentationRef' xlink:type='resource'>
<ref:Publisher>SEC</ref:Publisher>
<ref:Name>Regulation 15D</ref:Name>
<ref:Number>240</ref:Number>
<ref:Section>15d</ref:Section>
<ref:Subsection>22</ref:Subsection>
</reference>
<referenceArc order='1.0' xlink:arcrole='http://www.xbrl.org/2003/arcrole/concept-reference' xlink:from='seccert_PresentedConclusionsOnEffectivenessOfDisclosureControlsAndProceduresInReport' xlink:to='ref_9' xlink:type='arc' />
<loc xlink:href='seccert-2009-01-31.xsd#seccert_PrincipalOfficerConfirmationOfReview' xlink:label='seccert_PrincipalOfficerConfirmationOfReview' xlink:type='locator' />
<referenceArc order='1.0' xlink:arcrole='http://www.xbrl.org/2003/arcrole/concept-reference' xlink:from='seccert_PrincipalOfficerConfirmationOfReview' xlink:to='ref_0' xlink:type='arc' />
<referenceArc order='1.0' xlink:arcrole='http://www.xbrl.org/2003/arcrole/concept-reference' xlink:from='seccert_PrincipalOfficerConfirmationOfReview' xlink:to='ref_1' xlink:type='arc' />
<loc xlink:href='seccert-2009-01-31.xsd#seccert_PrincipalOfficerDateOfCertification' xlink:label='seccert_PrincipalOfficerDateOfCertification' xlink:type='locator' />
<referenceArc order='1.0' xlink:arcrole='http://www.xbrl.org/2003/arcrole/concept-reference' xlink:from='seccert_PrincipalOfficerDateOfCertification' xlink:to='ref_0' xlink:type='arc' />
<referenceArc order='1.0' xlink:arcrole='http://www.xbrl.org/2003/arcrole/concept-reference' xlink:from='seccert_PrincipalOfficerDateOfCertification' xlink:to='ref_8' xlink:type='arc' />
<loc xlink:href='seccert-2009-01-31.xsd#seccert_PrincipalOfficersPrincipalOfficerAxis' xlink:label='seccert_PrincipalOfficersPrincipalOfficerAxis' xlink:type='locator' />
<referenceArc order='1.0' xlink:arcrole='http://www.xbrl.org/2003/arcrole/concept-reference' xlink:from='seccert_PrincipalOfficersPrincipalOfficerAxis' xlink:to='ref_0' xlink:type='arc' />
<loc xlink:href='seccert-2009-01-31.xsd#seccert_PrincipalOfficersTable' xlink:label='seccert_PrincipalOfficersTable' xlink:type='locator' />
<referenceArc order='1.0' xlink:arcrole='http://www.xbrl.org/2003/arcrole/concept-reference' xlink:from='seccert_PrincipalOfficersTable' xlink:to='ref_0' xlink:type='arc' />
<referenceArc order='1.0' xlink:arcrole='http://www.xbrl.org/2003/arcrole/concept-reference' xlink:from='seccert_PrincipalOfficersTable' xlink:to='ref_1' xlink:type='arc' />
<loc xlink:href='seccert-2009-01-31.xsd#seccert_ResponsibilityOfDisclosureControlsAndProcedures' xlink:label='seccert_ResponsibilityOfDisclosureControlsAndProcedures' xlink:type='locator' />
<referenceArc order='1.0' xlink:arcrole='http://www.xbrl.org/2003/arcrole/concept-reference' xlink:from='seccert_ResponsibilityOfDisclosureControlsAndProcedures' xlink:to='ref_0' xlink:type='arc' />
<reference xlink:label='ref_10' xlink:role='http://www.xbrl.org/2003/role/presentationRef' xlink:type='resource'>
<ref:Publisher>SEC</ref:Publisher>
<ref:Name>Regulation 15D</ref:Name>
<ref:Number>240</ref:Number>
<ref:Section>15d</ref:Section>
<ref:Subsection>19</ref:Subsection>
</reference>
<referenceArc order='1.0' xlink:arcrole='http://www.xbrl.org/2003/arcrole/concept-reference' xlink:from='seccert_ResponsibilityOfDisclosureControlsAndProcedures' xlink:to='ref_10' xlink:type='arc' />
<loc xlink:href='seccert-2009-01-31.xsd#seccert_ScheduleOfPrincipalOfficersTextBlock' xlink:label='seccert_ScheduleOfPrincipalOfficersTextBlock' xlink:type='locator' />
<referenceArc order='1.0' xlink:arcrole='http://www.xbrl.org/2003/arcrole/concept-reference' xlink:from='seccert_ScheduleOfPrincipalOfficersTextBlock' xlink:to='ref_0' xlink:type='arc' />
<loc xlink:href='seccert-2009-01-31.xsd#seccert_SignificantDeficienciesInInternalControls' xlink:label='seccert_SignificantDeficienciesInInternalControls' xlink:type='locator' />
<referenceArc order='1.0' xlink:arcrole='http://www.xbrl.org/2003/arcrole/concept-reference' xlink:from='seccert_SignificantDeficienciesInInternalControls' xlink:to='ref_0' xlink:type='arc' />
<referenceArc order='1.0' xlink:arcrole='http://www.xbrl.org/2003/arcrole/concept-reference' xlink:from='seccert_SignificantDeficienciesInInternalControls' xlink:to='ref_8' xlink:type='arc' />
<loc xlink:href='seccert-2009-01-31.xsd#seccert_SubsequentSignificantChangesOrOtherFactorsAffectingInternalControlReportFairlyPresents' xlink:label='seccert_SubsequentSignificantChangesOrOtherFactorsAffectingInternalControlReportFairlyPresents' xlink:type='locator' />
<referenceArc order='1.0' xlink:arcrole='http://www.xbrl.org/2003/arcrole/concept-reference' xlink:from='seccert_SubsequentSignificantChangesOrOtherFactorsAffectingInternalControlReportFairlyPresents' xlink:to='ref_0' xlink:type='arc' />
<referenceArc order='1.0' xlink:arcrole='http://www.xbrl.org/2003/arcrole/concept-reference' xlink:from='seccert_SubsequentSignificantChangesOrOtherFactorsAffectingInternalControlReportFairlyPresents' xlink:to='ref_1' xlink:type='arc' />
<loc xlink:href='seccert-2009-01-31.xsd#seccert_SubsequentSignificantChangesOrOtherFactorsAffectingInternalControlUnableToAttest' xlink:label='seccert_SubsequentSignificantChangesOrOtherFactorsAffectingInternalControlUnableToAttest' xlink:type='locator' />
<referenceArc order='1.0' xlink:arcrole='http://www.xbrl.org/2003/arcrole/concept-reference' xlink:from='seccert_SubsequentSignificantChangesOrOtherFactorsAffectingInternalControlUnableToAttest' xlink:to='ref_0' xlink:type='arc' />
<referenceArc order='1.0' xlink:arcrole='http://www.xbrl.org/2003/arcrole/concept-reference' xlink:from='seccert_SubsequentSignificantChangesOrOtherFactorsAffectingInternalControlUnableToAttest' xlink:to='ref_1' xlink:type='arc' />
<loc xlink:href='seccert-2009-01-31.xsd#seccert_TitleOfCertificationReport' xlink:label='seccert_TitleOfCertificationReport' xlink:type='locator' />
<referenceArc order='1.0' xlink:arcrole='http://www.xbrl.org/2003/arcrole/concept-reference' xlink:from='seccert_TitleOfCertificationReport' xlink:to='ref_0' xlink:type='arc' />
<referenceArc order='1.0' xlink:arcrole='http://www.xbrl.org/2003/arcrole/concept-reference' xlink:from='seccert_TitleOfCertificationReport' xlink:to='ref_7' xlink:type='arc' />
<loc xlink:href='seccert-2009-01-31.xsd#seccert_UnableToAttest' xlink:label='seccert_UnableToAttest' xlink:type='locator' />
<referenceArc order='1.0' xlink:arcrole='http://www.xbrl.org/2003/arcrole/concept-reference' xlink:from='seccert_UnableToAttest' xlink:to='ref_0' xlink:type='arc' />
<referenceArc order='1.0' xlink:arcrole='http://www.xbrl.org/2003/arcrole/concept-reference' xlink:from='seccert_UnableToAttest' xlink:to='ref_1' xlink:type='arc' />
<loc xlink:href='seccert-2009-01-31.xsd#seccert_UnableToAttestThatNoUntrueStatementsOrOmittedMaterialFactsExist' xlink:label='seccert_UnableToAttestThatNoUntrueStatementsOrOmittedMaterialFactsExist' xlink:type='locator' />
<referenceArc order='1.0' xlink:arcrole='http://www.xbrl.org/2003/arcrole/concept-reference' xlink:from='seccert_UnableToAttestThatNoUntrueStatementsOrOmittedMaterialFactsExist' xlink:to='ref_0' xlink:type='arc' />
<referenceArc order='1.0' xlink:arcrole='http://www.xbrl.org/2003/arcrole/concept-reference' xlink:from='seccert_UnableToAttestThatNoUntrueStatementsOrOmittedMaterialFactsExist' xlink:to='ref_1' xlink:type='arc' />
<loc xlink:href='seccert-2009-01-31.xsd#seccert_UnableToAttestThatReportFairlyPresentsInAllMaterialRespectsFinancialConditionAndResultsOfOperations' xlink:label='seccert_UnableToAttestThatReportFairlyPresentsInAllMaterialRespectsFinancialConditionAndResultsOfOperations' xlink:type='locator' />
<referenceArc order='1.0' xlink:arcrole='http://www.xbrl.org/2003/arcrole/concept-reference' xlink:from='seccert_UnableToAttestThatReportFairlyPresentsInAllMaterialRespectsFinancialConditionAndResultsOfOperations' xlink:to='ref_0' xlink:type='arc' />
<referenceArc order='1.0' xlink:arcrole='http://www.xbrl.org/2003/arcrole/concept-reference' xlink:from='seccert_UnableToAttestThatReportFairlyPresentsInAllMaterialRespectsFinancialConditionAndResultsOfOperations' xlink:to='ref_1' xlink:type='arc' />
</referenceLink>
</linkbase>
