<?xml version="1.0" encoding="UTF-8" standalone="no"?>

<!--Copyright (C) 2007-2009 XBRL US, Inc. All Rights Reserved.
Notice: Authorized Uses are Set Forth at http://xbrl.us/legal2009
  -->
<link:linkbase xmlns:link='http://www.xbrl.org/2003/linkbase' xmlns:xsi='http://www.w3.org/2001/XMLSchema-instance' xsi:schemaLocation='http://www.xbrl.org/2003/linkbase http://www.xbrl.org/2003/xbrl-linkbase-2003-12-31.xsd'>
<link:labelLink xlink:role='http://www.xbrl.org/2003/role/link' xlink:type='extended' xmlns:xlink='http://www.w3.org/1999/xlink'>
<link:loc xlink:href='seccert-2009-01-31.xsd#seccert_AbleToAttest' xlink:label='loc_AbleToAttest' xlink:type='locator' />
<link:label id='lab_AbleToAttest_label_en-US' xlink:label='lab_AbleToAttest' xlink:role='http://www.xbrl.org/2003/role/label' xlink:type='resource' xml:lang='en-US'>Able to Attest</link:label>
<link:labelArc order='1.0' xlink:arcrole='http://www.xbrl.org/2003/arcrole/concept-label' xlink:from='loc_AbleToAttest' xlink:to='lab_AbleToAttest' xlink:type='arc' />
<link:loc xlink:href='seccert-2009-01-31.xsd#seccert_AnnualFinancialStatementsNotCompleted' xlink:label='loc_AnnualFinancialStatementsNotCompleted' xlink:type='locator' />
<link:label id='lab_AnnualFinancialStatementsNotCompleted_label_en-US' xlink:label='lab_AnnualFinancialStatementsNotCompleted' xlink:role='http://www.xbrl.org/2003/role/label' xlink:type='resource' xml:lang='en-US'>Annual Financial Statements Not Completed</link:label>
<link:labelArc order='1.0' xlink:arcrole='http://www.xbrl.org/2003/arcrole/concept-label' xlink:from='loc_AnnualFinancialStatementsNotCompleted' xlink:to='lab_AnnualFinancialStatementsNotCompleted' xlink:type='arc' />
<link:loc xlink:href='seccert-2009-01-31.xsd#seccert_AnnualFinancialStatementsToBeRestated' xlink:label='loc_AnnualFinancialStatementsToBeRestated' xlink:type='locator' />
<link:label id='lab_AnnualFinancialStatementsToBeRestated_label_en-US' xlink:label='lab_AnnualFinancialStatementsToBeRestated' xlink:role='http://www.xbrl.org/2003/role/label' xlink:type='resource' xml:lang='en-US'>Annual Financial Statements to be Restated</link:label>
<link:labelArc order='1.0' xlink:arcrole='http://www.xbrl.org/2003/arcrole/concept-label' xlink:from='loc_AnnualFinancialStatementsToBeRestated' xlink:to='lab_AnnualFinancialStatementsToBeRestated' xlink:type='arc' />
<link:loc xlink:href='seccert-2009-01-31.xsd#seccert_AttestationOfNoUntrueStatementOrOmittedMaterialFactAttestationOfNoOmittedMaterialFact' xlink:label='loc_AttestationOfNoUntrueStatementOrOmittedMaterialFactAttestationOfNoOmittedMaterialFact' xlink:type='locator' />
<link:label id='lab_AttestationOfNoUntrueStatementOrOmittedMaterialFactAttestationOfNoOmittedMaterialFact_label_en-US' xlink:label='lab_AttestationOfNoUntrueStatementOrOmittedMaterialFactAttestationOfNoOmittedMaterialFact' xlink:role='http://www.xbrl.org/2003/role/label' xlink:type='resource' xml:lang='en-US'>Attestation of No Untrue Statement or Omitted Material Fact, Attestation of No Omitted Material Fact</link:label>
<link:labelArc order='1.0' xlink:arcrole='http://www.xbrl.org/2003/arcrole/concept-label' xlink:from='loc_AttestationOfNoUntrueStatementOrOmittedMaterialFactAttestationOfNoOmittedMaterialFact' xlink:to='lab_AttestationOfNoUntrueStatementOrOmittedMaterialFactAttestationOfNoOmittedMaterialFact' xlink:type='arc' />
<link:loc xlink:href='seccert-2009-01-31.xsd#seccert_AttestationOfNoUntrueStatementOrOmittedMaterialFact' xlink:label='loc_AttestationOfNoUntrueStatementOrOmittedMaterialFact' xlink:type='locator' />
<link:label id='lab_AttestationOfNoUntrueStatementOrOmittedMaterialFact_label_en-US' xlink:label='lab_AttestationOfNoUntrueStatementOrOmittedMaterialFact' xlink:role='http://www.xbrl.org/2003/role/label' xlink:type='resource' xml:lang='en-US'>Attestation of No Untrue Statement or Omitted Material Fact</link:label>
<link:labelArc order='1.0' xlink:arcrole='http://www.xbrl.org/2003/arcrole/concept-label' xlink:from='loc_AttestationOfNoUntrueStatementOrOmittedMaterialFact' xlink:to='lab_AttestationOfNoUntrueStatementOrOmittedMaterialFact' xlink:type='arc' />
<link:loc xlink:href='seccert-2009-01-31.xsd#seccert_AttestationOfNoUntrueStatementOrOmittedMaterialFactAttestationOfNoUntrueStatement' xlink:label='loc_AttestationOfNoUntrueStatementOrOmittedMaterialFactAttestationOfNoUntrueStatement' xlink:type='locator' />
<link:label id='lab_AttestationOfNoUntrueStatementOrOmittedMaterialFactAttestationOfNoUntrueStatement_label_en-US' xlink:label='lab_AttestationOfNoUntrueStatementOrOmittedMaterialFactAttestationOfNoUntrueStatement' xlink:role='http://www.xbrl.org/2003/role/label' xlink:type='resource' xml:lang='en-US'>Attestation of No Untrue Statement or Omitted Material Fact, Attestation of No Untrue Statement</link:label>
<link:labelArc order='1.0' xlink:arcrole='http://www.xbrl.org/2003/arcrole/concept-label' xlink:from='loc_AttestationOfNoUntrueStatementOrOmittedMaterialFactAttestationOfNoUntrueStatement' xlink:to='lab_AttestationOfNoUntrueStatementOrOmittedMaterialFactAttestationOfNoUntrueStatement' xlink:type='arc' />
<link:loc xlink:href='seccert-2009-01-31.xsd#seccert_AttestationThatReportFairlyPresentsInAllMaterialRespectsFinancialConditionAndResultsOfOperations' xlink:label='loc_AttestationThatReportFairlyPresentsInAllMaterialRespectsFinancialConditionAndResultsOfOperations' xlink:type='locator' />
<link:label id='lab_AttestationThatReportFairlyPresentsInAllMaterialRespectsFinancialConditionAndResultsOfOperations_label_en-US' xlink:label='lab_AttestationThatReportFairlyPresentsInAllMaterialRespectsFinancialConditionAndResultsOfOperations' xlink:role='http://www.xbrl.org/2003/role/label' xlink:type='resource' xml:lang='en-US'>Attestation that Report Fairly Presents in All Material Respects Financial Condition and Results of Operations</link:label>
<link:labelArc order='1.0' xlink:arcrole='http://www.xbrl.org/2003/arcrole/concept-label' xlink:from='loc_AttestationThatReportFairlyPresentsInAllMaterialRespectsFinancialConditionAndResultsOfOperations' xlink:to='lab_AttestationThatReportFairlyPresentsInAllMaterialRespectsFinancialConditionAndResultsOfOperations' xlink:type='arc' />
<link:loc xlink:href='seccert-2009-01-31.xsd#seccert_CertificationOfDisclosureToAuditorsAndAuditCommittee' xlink:label='loc_CertificationOfDisclosureToAuditorsAndAuditCommittee' xlink:type='locator' />
<link:label id='lab_CertificationOfDisclosureToAuditorsAndAuditCommittee_label_en-US' xlink:label='lab_CertificationOfDisclosureToAuditorsAndAuditCommittee' xlink:role='http://www.xbrl.org/2003/role/label' xlink:type='resource' xml:lang='en-US'>Certification of Disclosure to Auditors and Audit Committee</link:label>
<link:labelArc order='1.0' xlink:arcrole='http://www.xbrl.org/2003/arcrole/concept-label' xlink:from='loc_CertificationOfDisclosureToAuditorsAndAuditCommittee' xlink:to='lab_CertificationOfDisclosureToAuditorsAndAuditCommittee' xlink:type='arc' />
<link:loc xlink:href='seccert-2009-01-31.xsd#seccert_CertificationOfDisclosureControlsAndProcedures' xlink:label='loc_CertificationOfDisclosureControlsAndProcedures' xlink:type='locator' />
<link:label id='lab_CertificationOfDisclosureControlsAndProcedures_label_en-US' xlink:label='lab_CertificationOfDisclosureControlsAndProcedures' xlink:role='http://www.xbrl.org/2003/role/label' xlink:type='resource' xml:lang='en-US'>Certification of Disclosure Controls and Procedures</link:label>
<link:labelArc order='1.0' xlink:arcrole='http://www.xbrl.org/2003/arcrole/concept-label' xlink:from='loc_CertificationOfDisclosureControlsAndProcedures' xlink:to='lab_CertificationOfDisclosureControlsAndProcedures' xlink:type='arc' />
<link:loc xlink:href='seccert-2009-01-31.xsd#seccert_NotaryPublicCommissionExpires' xlink:label='loc_NotaryPublicCommissionExpires' xlink:type='locator' />
<link:label id='lab_NotaryPublicCommissionExpires_label_en-US' xlink:label='lab_NotaryPublicCommissionExpires' xlink:role='http://www.xbrl.org/2003/role/label' xlink:type='resource' xml:lang='en-US'>Notary Public Commission Expires</link:label>
<link:labelArc order='1.0' xlink:arcrole='http://www.xbrl.org/2003/arcrole/concept-label' xlink:from='loc_NotaryPublicCommissionExpires' xlink:to='lab_NotaryPublicCommissionExpires' xlink:type='arc' />
<link:loc xlink:href='seccert-2009-01-31.xsd#seccert_PrincipalOfficerConfirmationOfReview' xlink:label='loc_PrincipalOfficerConfirmationOfReview' xlink:type='locator' />
<link:label id='lab_PrincipalOfficerConfirmationOfReview_label_en-US' xlink:label='lab_PrincipalOfficerConfirmationOfReview' xlink:role='http://www.xbrl.org/2003/role/label' xlink:type='resource' xml:lang='en-US'>Principal Officer, Confirmation of Review</link:label>
<link:labelArc order='1.0' xlink:arcrole='http://www.xbrl.org/2003/arcrole/concept-label' xlink:from='loc_PrincipalOfficerConfirmationOfReview' xlink:to='lab_PrincipalOfficerConfirmationOfReview' xlink:type='arc' />
<link:loc xlink:href='seccert-2009-01-31.xsd#seccert_PrincipalOfficerDateOfCertification' xlink:label='loc_PrincipalOfficerDateOfCertification' xlink:type='locator' />
<link:label id='lab_PrincipalOfficerDateOfCertification_label_en-US' xlink:label='lab_PrincipalOfficerDateOfCertification' xlink:role='http://www.xbrl.org/2003/role/label' xlink:type='resource' xml:lang='en-US'>Principal Officer, Date of Certification</link:label>
<link:labelArc order='1.0' xlink:arcrole='http://www.xbrl.org/2003/arcrole/concept-label' xlink:from='loc_PrincipalOfficerDateOfCertification' xlink:to='lab_PrincipalOfficerDateOfCertification' xlink:type='arc' />
<link:loc xlink:href='seccert-2009-01-31.xsd#seccert_CertificationOfDisclosureControlsAndProceduresDesignOfDisclosureControlsAndProceduresInformsOfficerOfMaterialInformation' xlink:label='loc_CertificationOfDisclosureControlsAndProceduresDesignOfDisclosureControlsAndProceduresInformsOfficerOfMaterialInformation' xlink:type='locator' />
<link:label id='lab_CertificationOfDisclosureControlsAndProceduresDesignOfDisclosureControlsAndProceduresInformsOfficerOfMaterialInformation_label_en-US' xlink:label='lab_CertificationOfDisclosureControlsAndProceduresDesignOfDisclosureControlsAndProceduresInformsOfficerOfMaterialInformation' xlink:role='http://www.xbrl.org/2003/role/label' xlink:type='resource' xml:lang='en-US'>Certification of Disclosure Controls and Procedures, Design of Disclosure Controls and Procedures Informs Officer of Material Information</link:label>
<link:labelArc order='1.0' xlink:arcrole='http://www.xbrl.org/2003/arcrole/concept-label' xlink:from='loc_CertificationOfDisclosureControlsAndProceduresDesignOfDisclosureControlsAndProceduresInformsOfficerOfMaterialInformation' xlink:to='lab_CertificationOfDisclosureControlsAndProceduresDesignOfDisclosureControlsAndProceduresInformsOfficerOfMaterialInformation' xlink:type='arc' />
<link:loc xlink:href='seccert-2009-01-31.xsd#seccert_EvaluationOfDisclosureControlsAndProceduresEffectiveness' xlink:label='loc_EvaluationOfDisclosureControlsAndProceduresEffectiveness' xlink:type='locator' />
<link:label id='lab_EvaluationOfDisclosureControlsAndProceduresEffectiveness_label_en-US' xlink:label='lab_EvaluationOfDisclosureControlsAndProceduresEffectiveness' xlink:role='http://www.xbrl.org/2003/role/label' xlink:type='resource' xml:lang='en-US'>Evaluation of Disclosure Controls and Procedures Effectiveness</link:label>
<link:labelArc order='1.0' xlink:arcrole='http://www.xbrl.org/2003/arcrole/concept-label' xlink:from='loc_EvaluationOfDisclosureControlsAndProceduresEffectiveness' xlink:to='lab_EvaluationOfDisclosureControlsAndProceduresEffectiveness' xlink:type='arc' />
<link:loc xlink:href='seccert-2009-01-31.xsd#seccert_FraudMatters' xlink:label='loc_FraudMatters' xlink:type='locator' />
<link:label id='lab_FraudMatters_label_en-US' xlink:label='lab_FraudMatters' xlink:role='http://www.xbrl.org/2003/role/label' xlink:type='resource' xml:lang='en-US'>Fraud Matters</link:label>
<link:labelArc order='1.0' xlink:arcrole='http://www.xbrl.org/2003/arcrole/concept-label' xlink:from='loc_FraudMatters' xlink:to='lab_FraudMatters' xlink:type='arc' />
<link:loc xlink:href='seccert-2009-01-31.xsd#seccert_NotaryPublicName' xlink:label='loc_NotaryPublicName' xlink:type='locator' />
<link:label id='lab_NotaryPublicName_label_en-US' xlink:label='lab_NotaryPublicName' xlink:role='http://www.xbrl.org/2003/role/label' xlink:type='resource' xml:lang='en-US'>Notary Public Name</link:label>
<link:labelArc order='1.0' xlink:arcrole='http://www.xbrl.org/2003/arcrole/concept-label' xlink:from='loc_NotaryPublicName' xlink:to='lab_NotaryPublicName' xlink:type='arc' />
<link:loc xlink:href='seccert-2009-01-31.xsd#seccert_NotaryPublic' xlink:label='loc_NotaryPublic' xlink:type='locator' />
<link:label id='lab_NotaryPublic_label_en-US' xlink:label='lab_NotaryPublic' xlink:role='http://www.xbrl.org/2003/role/label' xlink:type='resource' xml:lang='en-US'>Notary Public</link:label>
<link:labelArc order='1.0' xlink:arcrole='http://www.xbrl.org/2003/arcrole/concept-label' xlink:from='loc_NotaryPublic' xlink:to='lab_NotaryPublic' xlink:type='arc' />
<link:loc xlink:href='seccert-2009-01-31.xsd#seccert_OfficersCertificationOfFinancialStatements' xlink:label='loc_OfficersCertificationOfFinancialStatements' xlink:type='locator' />
<link:label id='lab_OfficersCertificationOfFinancialStatements_label_en-US' xlink:label='lab_OfficersCertificationOfFinancialStatements' xlink:role='http://www.xbrl.org/2003/role/label' xlink:type='resource' xml:lang='en-US'>Officers Certification of Financial Statements</link:label>
<link:labelArc order='1.0' xlink:arcrole='http://www.xbrl.org/2003/arcrole/concept-label' xlink:from='loc_OfficersCertificationOfFinancialStatements' xlink:to='lab_OfficersCertificationOfFinancialStatements' xlink:type='arc' />
<link:loc xlink:href='seccert-2009-01-31.xsd#seccert_AccountingChangesUnableToAttest' xlink:label='loc_AccountingChangesUnableToAttest' xlink:type='locator' />
<link:label id='lab_AccountingChangesUnableToAttest_label_en-US' xlink:label='lab_AccountingChangesUnableToAttest' xlink:role='http://www.xbrl.org/2003/role/label' xlink:type='resource' xml:lang='en-US'>Accounting Changes, Unable to Attest</link:label>
<link:labelArc order='1.0' xlink:arcrole='http://www.xbrl.org/2003/arcrole/concept-label' xlink:from='loc_AccountingChangesUnableToAttest' xlink:to='lab_AccountingChangesUnableToAttest' xlink:type='arc' />
<link:loc xlink:href='seccert-2009-01-31.xsd#seccert_EntityFilesUnderBankruptcyCodeUnableToAttest' xlink:label='loc_EntityFilesUnderBankruptcyCodeUnableToAttest' xlink:type='locator' />
<link:label id='lab_EntityFilesUnderBankruptcyCodeUnableToAttest_label_en-US' xlink:label='lab_EntityFilesUnderBankruptcyCodeUnableToAttest' xlink:role='http://www.xbrl.org/2003/role/label' xlink:type='resource' xml:lang='en-US'>Entity Files under Bankruptcy Code, Unable to Attest</link:label>
<link:labelArc order='1.0' xlink:arcrole='http://www.xbrl.org/2003/arcrole/concept-label' xlink:from='loc_EntityFilesUnderBankruptcyCodeUnableToAttest' xlink:to='lab_EntityFilesUnderBankruptcyCodeUnableToAttest' xlink:type='arc' />
<link:loc xlink:href='seccert-2009-01-31.xsd#seccert_FormerManagementProvidedUnreliableInformationUnableToAttest' xlink:label='loc_FormerManagementProvidedUnreliableInformationUnableToAttest' xlink:type='locator' />
<link:label id='lab_FormerManagementProvidedUnreliableInformationUnableToAttest_label_en-US' xlink:label='lab_FormerManagementProvidedUnreliableInformationUnableToAttest' xlink:role='http://www.xbrl.org/2003/role/label' xlink:type='resource' xml:lang='en-US'>Former Management Provided Unreliable Information, Unable to Attest</link:label>
<link:labelArc order='1.0' xlink:arcrole='http://www.xbrl.org/2003/arcrole/concept-label' xlink:from='loc_FormerManagementProvidedUnreliableInformationUnableToAttest' xlink:to='lab_FormerManagementProvidedUnreliableInformationUnableToAttest' xlink:type='arc' />
<link:loc xlink:href='seccert-2009-01-31.xsd#seccert_IndependentAuditNotCompletedUnableToAttest' xlink:label='loc_IndependentAuditNotCompletedUnableToAttest' xlink:type='locator' />
<link:label id='lab_IndependentAuditNotCompletedUnableToAttest_label_en-US' xlink:label='lab_IndependentAuditNotCompletedUnableToAttest' xlink:role='http://www.xbrl.org/2003/role/label' xlink:type='resource' xml:lang='en-US'>Independent Audit Not Completed, Unable to Attest</link:label>
<link:labelArc order='1.0' xlink:arcrole='http://www.xbrl.org/2003/arcrole/concept-label' xlink:from='loc_IndependentAuditNotCompletedUnableToAttest' xlink:to='lab_IndependentAuditNotCompletedUnableToAttest' xlink:type='arc' />
<link:loc xlink:href='seccert-2009-01-31.xsd#seccert_IndependentQuarterlyReviewHasNotBeenCompletedUnableToAttest' xlink:label='loc_IndependentQuarterlyReviewHasNotBeenCompletedUnableToAttest' xlink:type='locator' />
<link:label id='lab_IndependentQuarterlyReviewHasNotBeenCompletedUnableToAttest_label_en-US' xlink:label='lab_IndependentQuarterlyReviewHasNotBeenCompletedUnableToAttest' xlink:role='http://www.xbrl.org/2003/role/label' xlink:type='resource' xml:lang='en-US'>Independent Quarterly Review has Not Been Completed, Unable to Attest</link:label>
<link:labelArc order='1.0' xlink:arcrole='http://www.xbrl.org/2003/arcrole/concept-label' xlink:from='loc_IndependentQuarterlyReviewHasNotBeenCompletedUnableToAttest' xlink:to='lab_IndependentQuarterlyReviewHasNotBeenCompletedUnableToAttest' xlink:type='arc' />
<link:loc xlink:href='seccert-2009-01-31.xsd#seccert_InternalReviewOfDisclosureControlsAndProceduresNotCompletedUnableToAttest' xlink:label='loc_InternalReviewOfDisclosureControlsAndProceduresNotCompletedUnableToAttest' xlink:type='locator' />
<link:label id='lab_InternalReviewOfDisclosureControlsAndProceduresNotCompletedUnableToAttest_label_en-US' xlink:label='lab_InternalReviewOfDisclosureControlsAndProceduresNotCompletedUnableToAttest' xlink:role='http://www.xbrl.org/2003/role/label' xlink:type='resource' xml:lang='en-US'>Internal Review of Disclosure Controls and Procedures Not Completed, Unable to Attest</link:label>
<link:labelArc order='1.0' xlink:arcrole='http://www.xbrl.org/2003/arcrole/concept-label' xlink:from='loc_InternalReviewOfDisclosureControlsAndProceduresNotCompletedUnableToAttest' xlink:to='lab_InternalReviewOfDisclosureControlsAndProceduresNotCompletedUnableToAttest' xlink:type='arc' />
<link:loc xlink:href='seccert-2009-01-31.xsd#seccert_InternalReviewOfFinancialStatementsAndAccountingPoliciesNotCompletedUnableToAttest' xlink:label='loc_InternalReviewOfFinancialStatementsAndAccountingPoliciesNotCompletedUnableToAttest' xlink:type='locator' />
<link:label id='lab_InternalReviewOfFinancialStatementsAndAccountingPoliciesNotCompletedUnableToAttest_label_en-US' xlink:label='lab_InternalReviewOfFinancialStatementsAndAccountingPoliciesNotCompletedUnableToAttest' xlink:role='http://www.xbrl.org/2003/role/label' xlink:type='resource' xml:lang='en-US'>Internal Review of Financial Statements and Accounting Policies Not Completed, Unable to Attest</link:label>
<link:labelArc order='1.0' xlink:arcrole='http://www.xbrl.org/2003/arcrole/concept-label' xlink:from='loc_InternalReviewOfFinancialStatementsAndAccountingPoliciesNotCompletedUnableToAttest' xlink:to='lab_InternalReviewOfFinancialStatementsAndAccountingPoliciesNotCompletedUnableToAttest' xlink:type='arc' />
<link:loc xlink:href='seccert-2009-01-31.xsd#seccert_InternalReviewOfInternalControlsNotCompletedUnableToAttest' xlink:label='loc_InternalReviewOfInternalControlsNotCompletedUnableToAttest' xlink:type='locator' />
<link:label id='lab_InternalReviewOfInternalControlsNotCompletedUnableToAttest_label_en-US' xlink:label='lab_InternalReviewOfInternalControlsNotCompletedUnableToAttest' xlink:role='http://www.xbrl.org/2003/role/label' xlink:type='resource' xml:lang='en-US'>Internal Review of Internal Controls Not Completed, Unable to Attest</link:label>
<link:labelArc order='1.0' xlink:arcrole='http://www.xbrl.org/2003/arcrole/concept-label' xlink:from='loc_InternalReviewOfInternalControlsNotCompletedUnableToAttest' xlink:to='lab_InternalReviewOfInternalControlsNotCompletedUnableToAttest' xlink:type='arc' />
<link:loc xlink:href='seccert-2009-01-31.xsd#seccert_OtherFactsAndCircumstancesUnableToAttest' xlink:label='loc_OtherFactsAndCircumstancesUnableToAttest' xlink:type='locator' />
<link:label id='lab_OtherFactsAndCircumstancesUnableToAttest_label_en-US' xlink:label='lab_OtherFactsAndCircumstancesUnableToAttest' xlink:role='http://www.xbrl.org/2003/role/label' xlink:type='resource' xml:lang='en-US'>Other Facts and Circumstances, Unable to Attest</link:label>
<link:labelArc order='1.0' xlink:arcrole='http://www.xbrl.org/2003/arcrole/concept-label' xlink:from='loc_OtherFactsAndCircumstancesUnableToAttest' xlink:to='lab_OtherFactsAndCircumstancesUnableToAttest' xlink:type='arc' />
<link:loc xlink:href='seccert-2009-01-31.xsd#seccert_SecuritiesExchangeCommissionInvestigationUnableToAttest' xlink:label='loc_SecuritiesExchangeCommissionInvestigationUnableToAttest' xlink:type='locator' />
<link:label id='lab_SecuritiesExchangeCommissionInvestigationUnableToAttest_label_en-US' xlink:label='lab_SecuritiesExchangeCommissionInvestigationUnableToAttest' xlink:role='http://www.xbrl.org/2003/role/label' xlink:type='resource' xml:lang='en-US'>Securities Exchange Commission Investigation, Unable to Attest</link:label>
<link:labelArc order='1.0' xlink:arcrole='http://www.xbrl.org/2003/arcrole/concept-label' xlink:from='loc_SecuritiesExchangeCommissionInvestigationUnableToAttest' xlink:to='lab_SecuritiesExchangeCommissionInvestigationUnableToAttest' xlink:type='arc' />
<link:loc xlink:href='seccert-2009-01-31.xsd#seccert_SpecialCommitteeInvestigationUnableToAttest' xlink:label='loc_SpecialCommitteeInvestigationUnableToAttest' xlink:type='locator' />
<link:label id='lab_SpecialCommitteeInvestigationUnableToAttest_label_en-US' xlink:label='lab_SpecialCommitteeInvestigationUnableToAttest' xlink:role='http://www.xbrl.org/2003/role/label' xlink:type='resource' xml:lang='en-US'>Special Committee Investigation, Unable to Attest</link:label>
<link:labelArc order='1.0' xlink:arcrole='http://www.xbrl.org/2003/arcrole/concept-label' xlink:from='loc_SpecialCommitteeInvestigationUnableToAttest' xlink:to='lab_SpecialCommitteeInvestigationUnableToAttest' xlink:type='arc' />
<link:loc xlink:href='seccert-2009-01-31.xsd#seccert_SubsequentSignificantChangesOrOtherFactorsAffectingInternalControlUnableToAttest' xlink:label='loc_SubsequentSignificantChangesOrOtherFactorsAffectingInternalControlUnableToAttest' xlink:type='locator' />
<link:label id='lab_SubsequentSignificantChangesOrOtherFactorsAffectingInternalControlUnableToAttest_label_en-US' xlink:label='lab_SubsequentSignificantChangesOrOtherFactorsAffectingInternalControlUnableToAttest' xlink:role='http://www.xbrl.org/2003/role/label' xlink:type='resource' xml:lang='en-US'>Subsequent Significant Changes or Other Factors Affecting Internal Control, Unable to Attest</link:label>
<link:labelArc order='1.0' xlink:arcrole='http://www.xbrl.org/2003/arcrole/concept-label' xlink:from='loc_SubsequentSignificantChangesOrOtherFactorsAffectingInternalControlUnableToAttest' xlink:to='lab_SubsequentSignificantChangesOrOtherFactorsAffectingInternalControlUnableToAttest' xlink:type='arc' />
<link:loc xlink:href='seccert-2009-01-31.xsd#seccert_PresentedConclusionsOnEffectivenessOfDisclosureControlsAndProceduresInReport' xlink:label='loc_PresentedConclusionsOnEffectivenessOfDisclosureControlsAndProceduresInReport' xlink:type='locator' />
<link:label id='lab_PresentedConclusionsOnEffectivenessOfDisclosureControlsAndProceduresInReport_label_en-US' xlink:label='lab_PresentedConclusionsOnEffectivenessOfDisclosureControlsAndProceduresInReport' xlink:role='http://www.xbrl.org/2003/role/label' xlink:type='resource' xml:lang='en-US'>Presented Conclusions on Effectiveness of Disclosure Controls and Procedures in Report</link:label>
<link:labelArc order='1.0' xlink:arcrole='http://www.xbrl.org/2003/arcrole/concept-label' xlink:from='loc_PresentedConclusionsOnEffectivenessOfDisclosureControlsAndProceduresInReport' xlink:to='lab_PresentedConclusionsOnEffectivenessOfDisclosureControlsAndProceduresInReport' xlink:type='arc' />
<link:loc xlink:href='seccert-2009-01-31.xsd#seccert_PrincipalOfficerDomain' xlink:label='loc_PrincipalOfficerDomain' xlink:type='locator' />
<link:label id='lab_PrincipalOfficerDomain_label_en-US' xlink:label='lab_PrincipalOfficerDomain' xlink:role='http://www.xbrl.org/2003/role/label' xlink:type='resource' xml:lang='en-US'>Principal Officer [Domain]</link:label>
<link:labelArc order='1.0' xlink:arcrole='http://www.xbrl.org/2003/arcrole/concept-label' xlink:from='loc_PrincipalOfficerDomain' xlink:to='lab_PrincipalOfficerDomain' xlink:type='arc' />
<link:loc xlink:href='seccert-2009-01-31.xsd#seccert_PrincipalOfficerName' xlink:label='loc_PrincipalOfficerName' xlink:type='locator' />
<link:label id='lab_PrincipalOfficerName_label_en-US' xlink:label='lab_PrincipalOfficerName' xlink:role='http://www.xbrl.org/2003/role/label' xlink:type='resource' xml:lang='en-US'>Principal Officer, Name</link:label>
<link:labelArc order='1.0' xlink:arcrole='http://www.xbrl.org/2003/arcrole/concept-label' xlink:from='loc_PrincipalOfficerName' xlink:to='lab_PrincipalOfficerName' xlink:type='arc' />
<link:loc xlink:href='seccert-2009-01-31.xsd#seccert_PrincipalOfficerSignature' xlink:label='loc_PrincipalOfficerSignature' xlink:type='locator' />
<link:label id='lab_PrincipalOfficerSignature_label_en-US' xlink:label='lab_PrincipalOfficerSignature' xlink:role='http://www.xbrl.org/2003/role/label' xlink:type='resource' xml:lang='en-US'>Principal Officer, Signature</link:label>
<link:labelArc order='1.0' xlink:arcrole='http://www.xbrl.org/2003/arcrole/concept-label' xlink:from='loc_PrincipalOfficerSignature' xlink:to='lab_PrincipalOfficerSignature' xlink:type='arc' />
<link:loc xlink:href='seccert-2009-01-31.xsd#seccert_ScheduleOfPrincipalOfficersTextBlock' xlink:label='loc_ScheduleOfPrincipalOfficersTextBlock' xlink:type='locator' />
<link:label id='lab_ScheduleOfPrincipalOfficersTextBlock_label_en-US' xlink:label='lab_ScheduleOfPrincipalOfficersTextBlock' xlink:role='http://www.xbrl.org/2003/role/label' xlink:type='resource' xml:lang='en-US'>Schedule of Principal Officers [Text Block]</link:label>
<link:labelArc order='1.0' xlink:arcrole='http://www.xbrl.org/2003/arcrole/concept-label' xlink:from='loc_ScheduleOfPrincipalOfficersTextBlock' xlink:to='lab_ScheduleOfPrincipalOfficersTextBlock' xlink:type='arc' />
<link:loc xlink:href='seccert-2009-01-31.xsd#seccert_PrincipalOfficerTitleOrPosition' xlink:label='loc_PrincipalOfficerTitleOrPosition' xlink:type='locator' />
<link:label id='lab_PrincipalOfficerTitleOrPosition_label_en-US' xlink:label='lab_PrincipalOfficerTitleOrPosition' xlink:role='http://www.xbrl.org/2003/role/label' xlink:type='resource' xml:lang='en-US'>Principal Officer, Title or Position</link:label>
<link:labelArc order='1.0' xlink:arcrole='http://www.xbrl.org/2003/arcrole/concept-label' xlink:from='loc_PrincipalOfficerTitleOrPosition' xlink:to='lab_PrincipalOfficerTitleOrPosition' xlink:type='arc' />
<link:loc xlink:href='seccert-2009-01-31.xsd#seccert_AccountingChangesReportFairlyPresents' xlink:label='loc_AccountingChangesReportFairlyPresents' xlink:type='locator' />
<link:label id='lab_AccountingChangesReportFairlyPresents_label_en-US' xlink:label='lab_AccountingChangesReportFairlyPresents' xlink:role='http://www.xbrl.org/2003/role/label' xlink:type='resource' xml:lang='en-US'>Accounting Changes, Report Fairly Presents</link:label>
<link:labelArc order='1.0' xlink:arcrole='http://www.xbrl.org/2003/arcrole/concept-label' xlink:from='loc_AccountingChangesReportFairlyPresents' xlink:to='lab_AccountingChangesReportFairlyPresents' xlink:type='arc' />
<link:loc xlink:href='seccert-2009-01-31.xsd#seccert_EntityFilesUnderBankruptcyCodeReportFairlyPresents' xlink:label='loc_EntityFilesUnderBankruptcyCodeReportFairlyPresents' xlink:type='locator' />
<link:label id='lab_EntityFilesUnderBankruptcyCodeReportFairlyPresents_label_en-US' xlink:label='lab_EntityFilesUnderBankruptcyCodeReportFairlyPresents' xlink:role='http://www.xbrl.org/2003/role/label' xlink:type='resource' xml:lang='en-US'>Entity Files under Bankruptcy Code, Report Fairly Presents</link:label>
<link:labelArc order='1.0' xlink:arcrole='http://www.xbrl.org/2003/arcrole/concept-label' xlink:from='loc_EntityFilesUnderBankruptcyCodeReportFairlyPresents' xlink:to='lab_EntityFilesUnderBankruptcyCodeReportFairlyPresents' xlink:type='arc' />
<link:loc xlink:href='seccert-2009-01-31.xsd#seccert_FormerManagementProvidedUnreliableInformationReportFairlyPresents' xlink:label='loc_FormerManagementProvidedUnreliableInformationReportFairlyPresents' xlink:type='locator' />
<link:label id='lab_FormerManagementProvidedUnreliableInformationReportFairlyPresents_label_en-US' xlink:label='lab_FormerManagementProvidedUnreliableInformationReportFairlyPresents' xlink:role='http://www.xbrl.org/2003/role/label' xlink:type='resource' xml:lang='en-US'>Former Management Provided Unreliable Information, Report Fairly Presents</link:label>
<link:labelArc order='1.0' xlink:arcrole='http://www.xbrl.org/2003/arcrole/concept-label' xlink:from='loc_FormerManagementProvidedUnreliableInformationReportFairlyPresents' xlink:to='lab_FormerManagementProvidedUnreliableInformationReportFairlyPresents' xlink:type='arc' />
<link:loc xlink:href='seccert-2009-01-31.xsd#seccert_IndependentAuditNotCompletedReportFairlyPresents' xlink:label='loc_IndependentAuditNotCompletedReportFairlyPresents' xlink:type='locator' />
<link:label id='lab_IndependentAuditNotCompletedReportFairlyPresents_label_en-US' xlink:label='lab_IndependentAuditNotCompletedReportFairlyPresents' xlink:role='http://www.xbrl.org/2003/role/label' xlink:type='resource' xml:lang='en-US'>Independent Audit Not Completed, Report Fairly Presents</link:label>
<link:labelArc order='1.0' xlink:arcrole='http://www.xbrl.org/2003/arcrole/concept-label' xlink:from='loc_IndependentAuditNotCompletedReportFairlyPresents' xlink:to='lab_IndependentAuditNotCompletedReportFairlyPresents' xlink:type='arc' />
<link:loc xlink:href='seccert-2009-01-31.xsd#seccert_IndependentQuarterlyReviewHasNotBeenCompletedReportFairlyPresents' xlink:label='loc_IndependentQuarterlyReviewHasNotBeenCompletedReportFairlyPresents' xlink:type='locator' />
<link:label id='lab_IndependentQuarterlyReviewHasNotBeenCompletedReportFairlyPresents_label_en-US' xlink:label='lab_IndependentQuarterlyReviewHasNotBeenCompletedReportFairlyPresents' xlink:role='http://www.xbrl.org/2003/role/label' xlink:type='resource' xml:lang='en-US'>Independent Quarterly Review has Not Been Completed, Report Fairly Presents</link:label>
<link:labelArc order='1.0' xlink:arcrole='http://www.xbrl.org/2003/arcrole/concept-label' xlink:from='loc_IndependentQuarterlyReviewHasNotBeenCompletedReportFairlyPresents' xlink:to='lab_IndependentQuarterlyReviewHasNotBeenCompletedReportFairlyPresents' xlink:type='arc' />
<link:loc xlink:href='seccert-2009-01-31.xsd#seccert_InternalReviewOfDisclosureControlsAndProceduresNotCompletedReportFairlyPresents' xlink:label='loc_InternalReviewOfDisclosureControlsAndProceduresNotCompletedReportFairlyPresents' xlink:type='locator' />
<link:label id='lab_InternalReviewOfDisclosureControlsAndProceduresNotCompletedReportFairlyPresents_label_en-US' xlink:label='lab_InternalReviewOfDisclosureControlsAndProceduresNotCompletedReportFairlyPresents' xlink:role='http://www.xbrl.org/2003/role/label' xlink:type='resource' xml:lang='en-US'>Internal Review of Disclosure Controls and Procedures Not Completed, Report Fairly Presents</link:label>
<link:labelArc order='1.0' xlink:arcrole='http://www.xbrl.org/2003/arcrole/concept-label' xlink:from='loc_InternalReviewOfDisclosureControlsAndProceduresNotCompletedReportFairlyPresents' xlink:to='lab_InternalReviewOfDisclosureControlsAndProceduresNotCompletedReportFairlyPresents' xlink:type='arc' />
<link:loc xlink:href='seccert-2009-01-31.xsd#seccert_InternalReviewOfFinancialStatementsAndAccountingPoliciesNotCompletedReportFairlyPresents' xlink:label='loc_InternalReviewOfFinancialStatementsAndAccountingPoliciesNotCompletedReportFairlyPresents' xlink:type='locator' />
<link:label id='lab_InternalReviewOfFinancialStatementsAndAccountingPoliciesNotCompletedReportFairlyPresents_label_en-US' xlink:label='lab_InternalReviewOfFinancialStatementsAndAccountingPoliciesNotCompletedReportFairlyPresents' xlink:role='http://www.xbrl.org/2003/role/label' xlink:type='resource' xml:lang='en-US'>Internal Review of Financial Statements and Accounting Policies Not Completed, Report Fairly Presents</link:label>
<link:labelArc order='1.0' xlink:arcrole='http://www.xbrl.org/2003/arcrole/concept-label' xlink:from='loc_InternalReviewOfFinancialStatementsAndAccountingPoliciesNotCompletedReportFairlyPresents' xlink:to='lab_InternalReviewOfFinancialStatementsAndAccountingPoliciesNotCompletedReportFairlyPresents' xlink:type='arc' />
<link:loc xlink:href='seccert-2009-01-31.xsd#seccert_InternalReviewOfInternalControlsNotCompletedReportFairlyPresents' xlink:label='loc_InternalReviewOfInternalControlsNotCompletedReportFairlyPresents' xlink:type='locator' />
<link:label id='lab_InternalReviewOfInternalControlsNotCompletedReportFairlyPresents_label_en-US' xlink:label='lab_InternalReviewOfInternalControlsNotCompletedReportFairlyPresents' xlink:role='http://www.xbrl.org/2003/role/label' xlink:type='resource' xml:lang='en-US'>Internal Review of Internal Controls Not Completed, Report Fairly Presents</link:label>
<link:labelArc order='1.0' xlink:arcrole='http://www.xbrl.org/2003/arcrole/concept-label' xlink:from='loc_InternalReviewOfInternalControlsNotCompletedReportFairlyPresents' xlink:to='lab_InternalReviewOfInternalControlsNotCompletedReportFairlyPresents' xlink:type='arc' />
<link:loc xlink:href='seccert-2009-01-31.xsd#seccert_OtherFactsAndCircumstancesReportFairlyPresents' xlink:label='loc_OtherFactsAndCircumstancesReportFairlyPresents' xlink:type='locator' />
<link:label id='lab_OtherFactsAndCircumstancesReportFairlyPresents_label_en-US' xlink:label='lab_OtherFactsAndCircumstancesReportFairlyPresents' xlink:role='http://www.xbrl.org/2003/role/label' xlink:type='resource' xml:lang='en-US'>Other Facts and Circumstances, Report Fairly Presents</link:label>
<link:labelArc order='1.0' xlink:arcrole='http://www.xbrl.org/2003/arcrole/concept-label' xlink:from='loc_OtherFactsAndCircumstancesReportFairlyPresents' xlink:to='lab_OtherFactsAndCircumstancesReportFairlyPresents' xlink:type='arc' />
<link:loc xlink:href='seccert-2009-01-31.xsd#seccert_SecuritiesExchangeCommissionInvestigationReportFairlyPresents' xlink:label='loc_SecuritiesExchangeCommissionInvestigationReportFairlyPresents' xlink:type='locator' />
<link:label id='lab_SecuritiesExchangeCommissionInvestigationReportFairlyPresents_label_en-US' xlink:label='lab_SecuritiesExchangeCommissionInvestigationReportFairlyPresents' xlink:role='http://www.xbrl.org/2003/role/label' xlink:type='resource' xml:lang='en-US'>Securities Exchange Commission Investigation, Report Fairly Presents</link:label>
<link:labelArc order='1.0' xlink:arcrole='http://www.xbrl.org/2003/arcrole/concept-label' xlink:from='loc_SecuritiesExchangeCommissionInvestigationReportFairlyPresents' xlink:to='lab_SecuritiesExchangeCommissionInvestigationReportFairlyPresents' xlink:type='arc' />
<link:loc xlink:href='seccert-2009-01-31.xsd#seccert_SpecialCommitteeInvestigationReportFairlyPresents' xlink:label='loc_SpecialCommitteeInvestigationReportFairlyPresents' xlink:type='locator' />
<link:label id='lab_SpecialCommitteeInvestigationReportFairlyPresents_label_en-US' xlink:label='lab_SpecialCommitteeInvestigationReportFairlyPresents' xlink:role='http://www.xbrl.org/2003/role/label' xlink:type='resource' xml:lang='en-US'>Special Committee Investigation, Report Fairly Presents</link:label>
<link:labelArc order='1.0' xlink:arcrole='http://www.xbrl.org/2003/arcrole/concept-label' xlink:from='loc_SpecialCommitteeInvestigationReportFairlyPresents' xlink:to='lab_SpecialCommitteeInvestigationReportFairlyPresents' xlink:type='arc' />
<link:loc xlink:href='seccert-2009-01-31.xsd#seccert_SubsequentSignificantChangesOrOtherFactorsAffectingInternalControlReportFairlyPresents' xlink:label='loc_SubsequentSignificantChangesOrOtherFactorsAffectingInternalControlReportFairlyPresents' xlink:type='locator' />
<link:label id='lab_SubsequentSignificantChangesOrOtherFactorsAffectingInternalControlReportFairlyPresents_label_en-US' xlink:label='lab_SubsequentSignificantChangesOrOtherFactorsAffectingInternalControlReportFairlyPresents' xlink:role='http://www.xbrl.org/2003/role/label' xlink:type='resource' xml:lang='en-US'>Subsequent Significant Changes or Other Factors Affecting Internal Control, Report Fairly Presents</link:label>
<link:labelArc order='1.0' xlink:arcrole='http://www.xbrl.org/2003/arcrole/concept-label' xlink:from='loc_SubsequentSignificantChangesOrOtherFactorsAffectingInternalControlReportFairlyPresents' xlink:to='lab_SubsequentSignificantChangesOrOtherFactorsAffectingInternalControlReportFairlyPresents' xlink:type='arc' />
<link:loc xlink:href='seccert-2009-01-31.xsd#seccert_ResponsibilityOfDisclosureControlsAndProcedures' xlink:label='loc_ResponsibilityOfDisclosureControlsAndProcedures' xlink:type='locator' />
<link:label id='lab_ResponsibilityOfDisclosureControlsAndProcedures_label_en-US' xlink:label='lab_ResponsibilityOfDisclosureControlsAndProcedures' xlink:role='http://www.xbrl.org/2003/role/label' xlink:type='resource' xml:lang='en-US'>Responsibility of Disclosure Controls and Procedures</link:label>
<link:labelArc order='1.0' xlink:arcrole='http://www.xbrl.org/2003/arcrole/concept-label' xlink:from='loc_ResponsibilityOfDisclosureControlsAndProcedures' xlink:to='lab_ResponsibilityOfDisclosureControlsAndProcedures' xlink:type='arc' />
<link:loc xlink:href='seccert-2009-01-31.xsd#seccert_SignificantDeficienciesInInternalControls' xlink:label='loc_SignificantDeficienciesInInternalControls' xlink:type='locator' />
<link:label id='lab_SignificantDeficienciesInInternalControls_label_en-US' xlink:label='lab_SignificantDeficienciesInInternalControls' xlink:role='http://www.xbrl.org/2003/role/label' xlink:type='resource' xml:lang='en-US'>Significant Deficiencies in Internal Controls</link:label>
<link:labelArc order='1.0' xlink:arcrole='http://www.xbrl.org/2003/arcrole/concept-label' xlink:from='loc_SignificantDeficienciesInInternalControls' xlink:to='lab_SignificantDeficienciesInInternalControls' xlink:type='arc' />
<link:loc xlink:href='seccert-2009-01-31.xsd#seccert_TitleOfCertificationReport' xlink:label='loc_TitleOfCertificationReport' xlink:type='locator' />
<link:label id='lab_TitleOfCertificationReport_label_en-US' xlink:label='lab_TitleOfCertificationReport' xlink:role='http://www.xbrl.org/2003/role/label' xlink:type='resource' xml:lang='en-US'>Title of Certification Report</link:label>
<link:labelArc order='1.0' xlink:arcrole='http://www.xbrl.org/2003/arcrole/concept-label' xlink:from='loc_TitleOfCertificationReport' xlink:to='lab_TitleOfCertificationReport' xlink:type='arc' />
<link:loc xlink:href='seccert-2009-01-31.xsd#seccert_UnableToAttestThatNoUntrueStatementsOrOmittedMaterialFactsExist' xlink:label='loc_UnableToAttestThatNoUntrueStatementsOrOmittedMaterialFactsExist' xlink:type='locator' />
<link:label id='lab_UnableToAttestThatNoUntrueStatementsOrOmittedMaterialFactsExist_label_en-US' xlink:label='lab_UnableToAttestThatNoUntrueStatementsOrOmittedMaterialFactsExist' xlink:role='http://www.xbrl.org/2003/role/label' xlink:type='resource' xml:lang='en-US'>Unable to Attest that No Untrue Statements or Omitted Material Facts Exist</link:label>
<link:labelArc order='1.0' xlink:arcrole='http://www.xbrl.org/2003/arcrole/concept-label' xlink:from='loc_UnableToAttestThatNoUntrueStatementsOrOmittedMaterialFactsExist' xlink:to='lab_UnableToAttestThatNoUntrueStatementsOrOmittedMaterialFactsExist' xlink:type='arc' />
<link:loc xlink:href='seccert-2009-01-31.xsd#seccert_UnableToAttestThatReportFairlyPresentsInAllMaterialRespectsFinancialConditionAndResultsOfOperations' xlink:label='loc_UnableToAttestThatReportFairlyPresentsInAllMaterialRespectsFinancialConditionAndResultsOfOperations' xlink:type='locator' />
<link:label id='lab_UnableToAttestThatReportFairlyPresentsInAllMaterialRespectsFinancialConditionAndResultsOfOperations_label_en-US' xlink:label='lab_UnableToAttestThatReportFairlyPresentsInAllMaterialRespectsFinancialConditionAndResultsOfOperations' xlink:role='http://www.xbrl.org/2003/role/label' xlink:type='resource' xml:lang='en-US'>Unable to Attest that Report Fairly Presents in All Material Respects Financial Condition and Results of Operations</link:label>
<link:labelArc order='1.0' xlink:arcrole='http://www.xbrl.org/2003/arcrole/concept-label' xlink:from='loc_UnableToAttestThatReportFairlyPresentsInAllMaterialRespectsFinancialConditionAndResultsOfOperations' xlink:to='lab_UnableToAttestThatReportFairlyPresentsInAllMaterialRespectsFinancialConditionAndResultsOfOperations' xlink:type='arc' />
<link:loc xlink:href='seccert-2009-01-31.xsd#seccert_UnableToAttest' xlink:label='loc_UnableToAttest' xlink:type='locator' />
<link:label id='lab_UnableToAttest_label_en-US' xlink:label='lab_UnableToAttest' xlink:role='http://www.xbrl.org/2003/role/label' xlink:type='resource' xml:lang='en-US'>Unable to Attest</link:label>
<link:labelArc order='1.0' xlink:arcrole='http://www.xbrl.org/2003/arcrole/concept-label' xlink:from='loc_UnableToAttest' xlink:to='lab_UnableToAttest' xlink:type='arc' />
<link:loc xlink:href='seccert-2009-01-31.xsd#seccert_CertificationOfDisclosures' xlink:label='loc_CertificationOfDisclosures' xlink:type='locator' />
<link:label id='lab_CertificationOfDisclosures_label_en-US' xlink:label='lab_CertificationOfDisclosures' xlink:role='http://www.xbrl.org/2003/role/label' xlink:type='resource' xml:lang='en-US'>Certification of Disclosures</link:label>
<link:labelArc order='1.0' xlink:arcrole='http://www.xbrl.org/2003/arcrole/concept-label' xlink:from='loc_CertificationOfDisclosures' xlink:to='lab_CertificationOfDisclosures' xlink:type='arc' />
<link:loc xlink:href='seccert-2009-01-31.xsd#seccert_PrincipalOfficersLineItems' xlink:label='loc_PrincipalOfficersLineItems' xlink:type='locator' />
<link:label id='lab_PrincipalOfficersLineItems_label_en-US' xlink:label='lab_PrincipalOfficersLineItems' xlink:role='http://www.xbrl.org/2003/role/label' xlink:type='resource' xml:lang='en-US'>Principal Officers [Line Items]</link:label>
<link:labelArc order='1.0' xlink:arcrole='http://www.xbrl.org/2003/arcrole/concept-label' xlink:from='loc_PrincipalOfficersLineItems' xlink:to='lab_PrincipalOfficersLineItems' xlink:type='arc' />
<link:loc xlink:href='seccert-2009-01-31.xsd#seccert_PrincipalOfficersPrincipalOfficerAxis' xlink:label='loc_PrincipalOfficersPrincipalOfficerAxis' xlink:type='locator' />
<link:label id='lab_PrincipalOfficersPrincipalOfficerAxis_label_en-US' xlink:label='lab_PrincipalOfficersPrincipalOfficerAxis' xlink:role='http://www.xbrl.org/2003/role/label' xlink:type='resource' xml:lang='en-US'>Principal Officers, Principal Officer [Axis]</link:label>
<link:labelArc order='1.0' xlink:arcrole='http://www.xbrl.org/2003/arcrole/concept-label' xlink:from='loc_PrincipalOfficersPrincipalOfficerAxis' xlink:to='lab_PrincipalOfficersPrincipalOfficerAxis' xlink:type='arc' />
<link:loc xlink:href='seccert-2009-01-31.xsd#seccert_PrincipalOfficersTable' xlink:label='loc_PrincipalOfficersTable' xlink:type='locator' />
<link:label id='lab_PrincipalOfficersTable_label_en-US' xlink:label='lab_PrincipalOfficersTable' xlink:role='http://www.xbrl.org/2003/role/label' xlink:type='resource' xml:lang='en-US'>Principal Officers [Table]</link:label>
<link:labelArc order='1.0' xlink:arcrole='http://www.xbrl.org/2003/arcrole/concept-label' xlink:from='loc_PrincipalOfficersTable' xlink:to='lab_PrincipalOfficersTable' xlink:type='arc' />
</link:labelLink>
</link:linkbase>
