<?xml version="1.0" encoding="UTF-8" standalone="no"?>

<!--Copyright (C) 2007-2009 XBRL US, Inc. All Rights Reserved.
Notice: Authorized Uses are Set Forth at http://xbrl.us/legal2009
  -->
<linkbase xmlns='http://www.xbrl.org/2003/linkbase' xmlns:link='http://www.xbrl.org/2003/linkbase' xmlns:xlink='http://www.w3.org/1999/xlink' xmlns:xsi='http://www.w3.org/2001/XMLSchema-instance' xsi:schemaLocation='http://www.xbrl.org/2003/linkbase http://www.xbrl.org/2003/xbrl-linkbase-2003-12-31.xsd'>
<link:roleRef roleURI='http://xbrl.us/us-gaap/role/document/StateOrProvince' xlink:href='../elts/us-roles-2009-01-31.xsd#stpr' xlink:type='simple' />
<link:presentationLink xlink:role='http://xbrl.us/us-gaap/role/document/StateOrProvince' xlink:type='extended'>
<link:loc xlink:href='stpr-2009-01-31.xsd#stpr_AllStatesAndProvincesDomain' xlink:label='loc_AllStatesAndProvincesDomain' xlink:type='locator' />
<link:loc xlink:href='stpr-2009-01-31.xsd#stpr_AL' xlink:label='loc_AL' xlink:type='locator' />
<link:loc xlink:href='stpr-2009-01-31.xsd#stpr_AK' xlink:label='loc_AK' xlink:type='locator' />
<link:loc xlink:href='stpr-2009-01-31.xsd#stpr_AZ' xlink:label='loc_AZ' xlink:type='locator' />
<link:loc xlink:href='stpr-2009-01-31.xsd#stpr_AR' xlink:label='loc_AR' xlink:type='locator' />
<link:loc xlink:href='stpr-2009-01-31.xsd#stpr_CA' xlink:label='loc_CA' xlink:type='locator' />
<link:loc xlink:href='stpr-2009-01-31.xsd#stpr_CO' xlink:label='loc_CO' xlink:type='locator' />
<link:loc xlink:href='stpr-2009-01-31.xsd#stpr_CT' xlink:label='loc_CT' xlink:type='locator' />
<link:loc xlink:href='stpr-2009-01-31.xsd#stpr_DE' xlink:label='loc_DE' xlink:type='locator' />
<link:loc xlink:href='stpr-2009-01-31.xsd#stpr_DC' xlink:label='loc_DC' xlink:type='locator' />
<link:loc xlink:href='stpr-2009-01-31.xsd#stpr_FL' xlink:label='loc_FL' xlink:type='locator' />
<link:loc xlink:href='stpr-2009-01-31.xsd#stpr_GA' xlink:label='loc_GA' xlink:type='locator' />
<link:loc xlink:href='stpr-2009-01-31.xsd#stpr_HI' xlink:label='loc_HI' xlink:type='locator' />
<link:loc xlink:href='stpr-2009-01-31.xsd#stpr_ID' xlink:label='loc_ID' xlink:type='locator' />
<link:loc xlink:href='stpr-2009-01-31.xsd#stpr_IL' xlink:label='loc_IL' xlink:type='locator' />
<link:loc xlink:href='stpr-2009-01-31.xsd#stpr_IN' xlink:label='loc_IN' xlink:type='locator' />
<link:loc xlink:href='stpr-2009-01-31.xsd#stpr_IA' xlink:label='loc_IA' xlink:type='locator' />
<link:loc xlink:href='stpr-2009-01-31.xsd#stpr_KS' xlink:label='loc_KS' xlink:type='locator' />
<link:loc xlink:href='stpr-2009-01-31.xsd#stpr_KY' xlink:label='loc_KY' xlink:type='locator' />
<link:loc xlink:href='stpr-2009-01-31.xsd#stpr_LA' xlink:label='loc_LA' xlink:type='locator' />
<link:loc xlink:href='stpr-2009-01-31.xsd#stpr_ME' xlink:label='loc_ME' xlink:type='locator' />
<link:loc xlink:href='stpr-2009-01-31.xsd#stpr_MD' xlink:label='loc_MD' xlink:type='locator' />
<link:loc xlink:href='stpr-2009-01-31.xsd#stpr_MA' xlink:label='loc_MA' xlink:type='locator' />
<link:loc xlink:href='stpr-2009-01-31.xsd#stpr_MI' xlink:label='loc_MI' xlink:type='locator' />
<link:loc xlink:href='stpr-2009-01-31.xsd#stpr_MN' xlink:label='loc_MN' xlink:type='locator' />
<link:loc xlink:href='stpr-2009-01-31.xsd#stpr_MS' xlink:label='loc_MS' xlink:type='locator' />
<link:loc xlink:href='stpr-2009-01-31.xsd#stpr_MO' xlink:label='loc_MO' xlink:type='locator' />
<link:loc xlink:href='stpr-2009-01-31.xsd#stpr_MT' xlink:label='loc_MT' xlink:type='locator' />
<link:loc xlink:href='stpr-2009-01-31.xsd#stpr_NE' xlink:label='loc_NE' xlink:type='locator' />
<link:loc xlink:href='stpr-2009-01-31.xsd#stpr_NV' xlink:label='loc_NV' xlink:type='locator' />
<link:loc xlink:href='stpr-2009-01-31.xsd#stpr_NH' xlink:label='loc_NH' xlink:type='locator' />
<link:loc xlink:href='stpr-2009-01-31.xsd#stpr_NJ' xlink:label='loc_NJ' xlink:type='locator' />
<link:loc xlink:href='stpr-2009-01-31.xsd#stpr_NM' xlink:label='loc_NM' xlink:type='locator' />
<link:loc xlink:href='stpr-2009-01-31.xsd#stpr_NY' xlink:label='loc_NY' xlink:type='locator' />
<link:loc xlink:href='stpr-2009-01-31.xsd#stpr_NC' xlink:label='loc_NC' xlink:type='locator' />
<link:loc xlink:href='stpr-2009-01-31.xsd#stpr_ND' xlink:label='loc_ND' xlink:type='locator' />
<link:loc xlink:href='stpr-2009-01-31.xsd#stpr_OH' xlink:label='loc_OH' xlink:type='locator' />
<link:loc xlink:href='stpr-2009-01-31.xsd#stpr_OK' xlink:label='loc_OK' xlink:type='locator' />
<link:loc xlink:href='stpr-2009-01-31.xsd#stpr_OR' xlink:label='loc_OR' xlink:type='locator' />
<link:loc xlink:href='stpr-2009-01-31.xsd#stpr_PA' xlink:label='loc_PA' xlink:type='locator' />
<link:loc xlink:href='stpr-2009-01-31.xsd#stpr_RI' xlink:label='loc_RI' xlink:type='locator' />
<link:loc xlink:href='stpr-2009-01-31.xsd#stpr_SC' xlink:label='loc_SC' xlink:type='locator' />
<link:loc xlink:href='stpr-2009-01-31.xsd#stpr_SD' xlink:label='loc_SD' xlink:type='locator' />
<link:loc xlink:href='stpr-2009-01-31.xsd#stpr_TN' xlink:label='loc_TN' xlink:type='locator' />
<link:loc xlink:href='stpr-2009-01-31.xsd#stpr_TX' xlink:label='loc_TX' xlink:type='locator' />
<link:loc xlink:href='stpr-2009-01-31.xsd#stpr_UT' xlink:label='loc_UT' xlink:type='locator' />
<link:loc xlink:href='stpr-2009-01-31.xsd#stpr_VT' xlink:label='loc_VT' xlink:type='locator' />
<link:loc xlink:href='stpr-2009-01-31.xsd#stpr_VA' xlink:label='loc_VA' xlink:type='locator' />
<link:loc xlink:href='stpr-2009-01-31.xsd#stpr_WA' xlink:label='loc_WA' xlink:type='locator' />
<link:loc xlink:href='stpr-2009-01-31.xsd#stpr_WV' xlink:label='loc_WV' xlink:type='locator' />
<link:loc xlink:href='stpr-2009-01-31.xsd#stpr_WI' xlink:label='loc_WI' xlink:type='locator' />
<link:loc xlink:href='stpr-2009-01-31.xsd#stpr_WY' xlink:label='loc_WY' xlink:type='locator' />
<link:loc xlink:href='stpr-2009-01-31.xsd#stpr_X1' xlink:label='loc_X1' xlink:type='locator' />
<link:loc xlink:href='stpr-2009-01-31.xsd#stpr_A0' xlink:label='loc_A0' xlink:type='locator' />
<link:loc xlink:href='stpr-2009-01-31.xsd#stpr_A1' xlink:label='loc_A1' xlink:type='locator' />
<link:loc xlink:href='stpr-2009-01-31.xsd#stpr_A2' xlink:label='loc_A2' xlink:type='locator' />
<link:loc xlink:href='stpr-2009-01-31.xsd#stpr_E6' xlink:label='loc_E6' xlink:type='locator' />
<link:loc xlink:href='stpr-2009-01-31.xsd#stpr_A3' xlink:label='loc_A3' xlink:type='locator' />
<link:loc xlink:href='stpr-2009-01-31.xsd#stpr_A4' xlink:label='loc_A4' xlink:type='locator' />
<link:loc xlink:href='stpr-2009-01-31.xsd#stpr_A5' xlink:label='loc_A5' xlink:type='locator' />
<link:loc xlink:href='stpr-2009-01-31.xsd#stpr_A6' xlink:label='loc_A6' xlink:type='locator' />
<link:loc xlink:href='stpr-2009-01-31.xsd#stpr_A7' xlink:label='loc_A7' xlink:type='locator' />
<link:loc xlink:href='stpr-2009-01-31.xsd#stpr_A8' xlink:label='loc_A8' xlink:type='locator' />
<link:loc xlink:href='stpr-2009-01-31.xsd#stpr_A9' xlink:label='loc_A9' xlink:type='locator' />
<link:loc xlink:href='stpr-2009-01-31.xsd#stpr_B0' xlink:label='loc_B0' xlink:type='locator' />
<link:presentationArc order='1.0' xlink:arcrole='http://www.xbrl.org/2003/arcrole/parent-child' xlink:from='loc_AllStatesAndProvincesDomain' xlink:to='loc_AL' xlink:type='arc' />
<link:presentationArc order='2.0' xlink:arcrole='http://www.xbrl.org/2003/arcrole/parent-child' xlink:from='loc_AllStatesAndProvincesDomain' xlink:to='loc_AK' xlink:type='arc' />
<link:presentationArc order='3.0' xlink:arcrole='http://www.xbrl.org/2003/arcrole/parent-child' xlink:from='loc_AllStatesAndProvincesDomain' xlink:to='loc_AZ' xlink:type='arc' />
<link:presentationArc order='4.0' xlink:arcrole='http://www.xbrl.org/2003/arcrole/parent-child' xlink:from='loc_AllStatesAndProvincesDomain' xlink:to='loc_AR' xlink:type='arc' />
<link:presentationArc order='5.0' xlink:arcrole='http://www.xbrl.org/2003/arcrole/parent-child' xlink:from='loc_AllStatesAndProvincesDomain' xlink:to='loc_CA' xlink:type='arc' />
<link:presentationArc order='6.0' xlink:arcrole='http://www.xbrl.org/2003/arcrole/parent-child' xlink:from='loc_AllStatesAndProvincesDomain' xlink:to='loc_CO' xlink:type='arc' />
<link:presentationArc order='7.0' xlink:arcrole='http://www.xbrl.org/2003/arcrole/parent-child' xlink:from='loc_AllStatesAndProvincesDomain' xlink:to='loc_CT' xlink:type='arc' />
<link:presentationArc order='8.0' xlink:arcrole='http://www.xbrl.org/2003/arcrole/parent-child' xlink:from='loc_AllStatesAndProvincesDomain' xlink:to='loc_DE' xlink:type='arc' />
<link:presentationArc order='9.0' xlink:arcrole='http://www.xbrl.org/2003/arcrole/parent-child' xlink:from='loc_AllStatesAndProvincesDomain' xlink:to='loc_DC' xlink:type='arc' />
<link:presentationArc order='10.0' xlink:arcrole='http://www.xbrl.org/2003/arcrole/parent-child' xlink:from='loc_AllStatesAndProvincesDomain' xlink:to='loc_FL' xlink:type='arc' />
<link:presentationArc order='11.0' xlink:arcrole='http://www.xbrl.org/2003/arcrole/parent-child' xlink:from='loc_AllStatesAndProvincesDomain' xlink:to='loc_GA' xlink:type='arc' />
<link:presentationArc order='12.0' xlink:arcrole='http://www.xbrl.org/2003/arcrole/parent-child' xlink:from='loc_AllStatesAndProvincesDomain' xlink:to='loc_HI' xlink:type='arc' />
<link:presentationArc order='13.0' xlink:arcrole='http://www.xbrl.org/2003/arcrole/parent-child' xlink:from='loc_AllStatesAndProvincesDomain' xlink:to='loc_ID' xlink:type='arc' />
<link:presentationArc order='14.0' xlink:arcrole='http://www.xbrl.org/2003/arcrole/parent-child' xlink:from='loc_AllStatesAndProvincesDomain' xlink:to='loc_IL' xlink:type='arc' />
<link:presentationArc order='15.0' xlink:arcrole='http://www.xbrl.org/2003/arcrole/parent-child' xlink:from='loc_AllStatesAndProvincesDomain' xlink:to='loc_IN' xlink:type='arc' />
<link:presentationArc order='16.0' xlink:arcrole='http://www.xbrl.org/2003/arcrole/parent-child' xlink:from='loc_AllStatesAndProvincesDomain' xlink:to='loc_IA' xlink:type='arc' />
<link:presentationArc order='17.0' xlink:arcrole='http://www.xbrl.org/2003/arcrole/parent-child' xlink:from='loc_AllStatesAndProvincesDomain' xlink:to='loc_KS' xlink:type='arc' />
<link:presentationArc order='18.0' xlink:arcrole='http://www.xbrl.org/2003/arcrole/parent-child' xlink:from='loc_AllStatesAndProvincesDomain' xlink:to='loc_KY' xlink:type='arc' />
<link:presentationArc order='19.0' xlink:arcrole='http://www.xbrl.org/2003/arcrole/parent-child' xlink:from='loc_AllStatesAndProvincesDomain' xlink:to='loc_LA' xlink:type='arc' />
<link:presentationArc order='20.0' xlink:arcrole='http://www.xbrl.org/2003/arcrole/parent-child' xlink:from='loc_AllStatesAndProvincesDomain' xlink:to='loc_ME' xlink:type='arc' />
<link:presentationArc order='21.0' xlink:arcrole='http://www.xbrl.org/2003/arcrole/parent-child' xlink:from='loc_AllStatesAndProvincesDomain' xlink:to='loc_MD' xlink:type='arc' />
<link:presentationArc order='22.0' xlink:arcrole='http://www.xbrl.org/2003/arcrole/parent-child' xlink:from='loc_AllStatesAndProvincesDomain' xlink:to='loc_MA' xlink:type='arc' />
<link:presentationArc order='23.0' xlink:arcrole='http://www.xbrl.org/2003/arcrole/parent-child' xlink:from='loc_AllStatesAndProvincesDomain' xlink:to='loc_MI' xlink:type='arc' />
<link:presentationArc order='24.0' xlink:arcrole='http://www.xbrl.org/2003/arcrole/parent-child' xlink:from='loc_AllStatesAndProvincesDomain' xlink:to='loc_MN' xlink:type='arc' />
<link:presentationArc order='25.0' xlink:arcrole='http://www.xbrl.org/2003/arcrole/parent-child' xlink:from='loc_AllStatesAndProvincesDomain' xlink:to='loc_MS' xlink:type='arc' />
<link:presentationArc order='26.0' xlink:arcrole='http://www.xbrl.org/2003/arcrole/parent-child' xlink:from='loc_AllStatesAndProvincesDomain' xlink:to='loc_MO' xlink:type='arc' />
<link:presentationArc order='27.0' xlink:arcrole='http://www.xbrl.org/2003/arcrole/parent-child' xlink:from='loc_AllStatesAndProvincesDomain' xlink:to='loc_MT' xlink:type='arc' />
<link:presentationArc order='28.0' xlink:arcrole='http://www.xbrl.org/2003/arcrole/parent-child' xlink:from='loc_AllStatesAndProvincesDomain' xlink:to='loc_NE' xlink:type='arc' />
<link:presentationArc order='29.0' xlink:arcrole='http://www.xbrl.org/2003/arcrole/parent-child' xlink:from='loc_AllStatesAndProvincesDomain' xlink:to='loc_NV' xlink:type='arc' />
<link:presentationArc order='30.0' xlink:arcrole='http://www.xbrl.org/2003/arcrole/parent-child' xlink:from='loc_AllStatesAndProvincesDomain' xlink:to='loc_NH' xlink:type='arc' />
<link:presentationArc order='31.0' xlink:arcrole='http://www.xbrl.org/2003/arcrole/parent-child' xlink:from='loc_AllStatesAndProvincesDomain' xlink:to='loc_NJ' xlink:type='arc' />
<link:presentationArc order='32.0' xlink:arcrole='http://www.xbrl.org/2003/arcrole/parent-child' xlink:from='loc_AllStatesAndProvincesDomain' xlink:to='loc_NM' xlink:type='arc' />
<link:presentationArc order='33.0' xlink:arcrole='http://www.xbrl.org/2003/arcrole/parent-child' xlink:from='loc_AllStatesAndProvincesDomain' xlink:to='loc_NY' xlink:type='arc' />
<link:presentationArc order='34.0' xlink:arcrole='http://www.xbrl.org/2003/arcrole/parent-child' xlink:from='loc_AllStatesAndProvincesDomain' xlink:to='loc_NC' xlink:type='arc' />
<link:presentationArc order='35.0' xlink:arcrole='http://www.xbrl.org/2003/arcrole/parent-child' xlink:from='loc_AllStatesAndProvincesDomain' xlink:to='loc_ND' xlink:type='arc' />
<link:presentationArc order='36.0' xlink:arcrole='http://www.xbrl.org/2003/arcrole/parent-child' xlink:from='loc_AllStatesAndProvincesDomain' xlink:to='loc_OH' xlink:type='arc' />
<link:presentationArc order='37.0' xlink:arcrole='http://www.xbrl.org/2003/arcrole/parent-child' xlink:from='loc_AllStatesAndProvincesDomain' xlink:to='loc_OK' xlink:type='arc' />
<link:presentationArc order='38.0' xlink:arcrole='http://www.xbrl.org/2003/arcrole/parent-child' xlink:from='loc_AllStatesAndProvincesDomain' xlink:to='loc_OR' xlink:type='arc' />
<link:presentationArc order='39.0' xlink:arcrole='http://www.xbrl.org/2003/arcrole/parent-child' xlink:from='loc_AllStatesAndProvincesDomain' xlink:to='loc_PA' xlink:type='arc' />
<link:presentationArc order='40.0' xlink:arcrole='http://www.xbrl.org/2003/arcrole/parent-child' xlink:from='loc_AllStatesAndProvincesDomain' xlink:to='loc_RI' xlink:type='arc' />
<link:presentationArc order='41.0' xlink:arcrole='http://www.xbrl.org/2003/arcrole/parent-child' xlink:from='loc_AllStatesAndProvincesDomain' xlink:to='loc_SC' xlink:type='arc' />
<link:presentationArc order='42.0' xlink:arcrole='http://www.xbrl.org/2003/arcrole/parent-child' xlink:from='loc_AllStatesAndProvincesDomain' xlink:to='loc_SD' xlink:type='arc' />
<link:presentationArc order='43.0' xlink:arcrole='http://www.xbrl.org/2003/arcrole/parent-child' xlink:from='loc_AllStatesAndProvincesDomain' xlink:to='loc_TN' xlink:type='arc' />
<link:presentationArc order='44.0' xlink:arcrole='http://www.xbrl.org/2003/arcrole/parent-child' xlink:from='loc_AllStatesAndProvincesDomain' xlink:to='loc_TX' xlink:type='arc' />
<link:presentationArc order='45.0' xlink:arcrole='http://www.xbrl.org/2003/arcrole/parent-child' xlink:from='loc_AllStatesAndProvincesDomain' xlink:to='loc_UT' xlink:type='arc' />
<link:presentationArc order='46.0' xlink:arcrole='http://www.xbrl.org/2003/arcrole/parent-child' xlink:from='loc_AllStatesAndProvincesDomain' xlink:to='loc_VT' xlink:type='arc' />
<link:presentationArc order='47.0' xlink:arcrole='http://www.xbrl.org/2003/arcrole/parent-child' xlink:from='loc_AllStatesAndProvincesDomain' xlink:to='loc_VA' xlink:type='arc' />
<link:presentationArc order='48.0' xlink:arcrole='http://www.xbrl.org/2003/arcrole/parent-child' xlink:from='loc_AllStatesAndProvincesDomain' xlink:to='loc_WA' xlink:type='arc' />
<link:presentationArc order='49.0' xlink:arcrole='http://www.xbrl.org/2003/arcrole/parent-child' xlink:from='loc_AllStatesAndProvincesDomain' xlink:to='loc_WV' xlink:type='arc' />
<link:presentationArc order='50.0' xlink:arcrole='http://www.xbrl.org/2003/arcrole/parent-child' xlink:from='loc_AllStatesAndProvincesDomain' xlink:to='loc_WI' xlink:type='arc' />
<link:presentationArc order='51.0' xlink:arcrole='http://www.xbrl.org/2003/arcrole/parent-child' xlink:from='loc_AllStatesAndProvincesDomain' xlink:to='loc_WY' xlink:type='arc' />
<link:presentationArc order='52.0' xlink:arcrole='http://www.xbrl.org/2003/arcrole/parent-child' xlink:from='loc_AllStatesAndProvincesDomain' xlink:to='loc_X1' xlink:type='arc' />
<link:presentationArc order='53.0' xlink:arcrole='http://www.xbrl.org/2003/arcrole/parent-child' xlink:from='loc_AllStatesAndProvincesDomain' xlink:to='loc_A0' xlink:type='arc' />
<link:presentationArc order='54.0' xlink:arcrole='http://www.xbrl.org/2003/arcrole/parent-child' xlink:from='loc_AllStatesAndProvincesDomain' xlink:to='loc_A1' xlink:type='arc' />
<link:presentationArc order='55.0' xlink:arcrole='http://www.xbrl.org/2003/arcrole/parent-child' xlink:from='loc_AllStatesAndProvincesDomain' xlink:to='loc_A2' xlink:type='arc' />
<link:presentationArc order='56.0' xlink:arcrole='http://www.xbrl.org/2003/arcrole/parent-child' xlink:from='loc_AllStatesAndProvincesDomain' xlink:to='loc_E6' xlink:type='arc' />
<link:presentationArc order='57.0' xlink:arcrole='http://www.xbrl.org/2003/arcrole/parent-child' xlink:from='loc_AllStatesAndProvincesDomain' xlink:to='loc_A3' xlink:type='arc' />
<link:presentationArc order='58.0' xlink:arcrole='http://www.xbrl.org/2003/arcrole/parent-child' xlink:from='loc_AllStatesAndProvincesDomain' xlink:to='loc_A4' xlink:type='arc' />
<link:presentationArc order='59.0' xlink:arcrole='http://www.xbrl.org/2003/arcrole/parent-child' xlink:from='loc_AllStatesAndProvincesDomain' xlink:to='loc_A5' xlink:type='arc' />
<link:presentationArc order='60.0' xlink:arcrole='http://www.xbrl.org/2003/arcrole/parent-child' xlink:from='loc_AllStatesAndProvincesDomain' xlink:to='loc_A6' xlink:type='arc' />
<link:presentationArc order='61.0' xlink:arcrole='http://www.xbrl.org/2003/arcrole/parent-child' xlink:from='loc_AllStatesAndProvincesDomain' xlink:to='loc_A7' xlink:type='arc' />
<link:presentationArc order='62.0' xlink:arcrole='http://www.xbrl.org/2003/arcrole/parent-child' xlink:from='loc_AllStatesAndProvincesDomain' xlink:to='loc_A8' xlink:type='arc' />
<link:presentationArc order='63.0' xlink:arcrole='http://www.xbrl.org/2003/arcrole/parent-child' xlink:from='loc_AllStatesAndProvincesDomain' xlink:to='loc_A9' xlink:type='arc' />
<link:presentationArc order='64.0' xlink:arcrole='http://www.xbrl.org/2003/arcrole/parent-child' xlink:from='loc_AllStatesAndProvincesDomain' xlink:to='loc_B0' xlink:type='arc' />
</link:presentationLink>
</linkbase>
