<?xml version="1.0" encoding="UTF-8" standalone="no"?>

<!--Copyright (C) 2007-2009 XBRL US, Inc. All Rights Reserved.
Notice: Authorized Uses are Set Forth at http://xbrl.us/legal2009
  -->
<link:linkbase xmlns:link='http://www.xbrl.org/2003/linkbase' xmlns:xbrldt='http://xbrl.org/2005/xbrldt' xmlns:xlink='http://www.w3.org/1999/xlink' xmlns:xsi='http://www.w3.org/2001/XMLSchema-instance' xsi:schemaLocation='http://www.xbrl.org/2003/linkbase http://www.xbrl.org/2003/xbrl-linkbase-2003-12-31.xsd'>
<link:roleRef roleURI='http://xbrl.us/us-gaap/role/document/DocumentInformation' xlink:href='../elts/us-roles-2009-01-31.xsd#di' xlink:type='simple' />
<link:arcroleRef arcroleURI='http://xbrl.org/int/dim/arcrole/all' xlink:href='http://www.xbrl.org/2005/xbrldt-2005.xsd#all' xlink:type='simple' />
<link:arcroleRef arcroleURI='http://xbrl.org/int/dim/arcrole/hypercube-dimension' xlink:href='http://www.xbrl.org/2005/xbrldt-2005.xsd#hypercube-dimension' xlink:type='simple' />
<link:arcroleRef arcroleURI='http://xbrl.org/int/dim/arcrole/dimension-domain' xlink:href='http://www.xbrl.org/2005/xbrldt-2005.xsd#dimension-domain' xlink:type='simple' />
<link:arcroleRef arcroleURI='http://xbrl.org/int/dim/arcrole/dimension-default' xlink:href='http://www.xbrl.org/2005/xbrldt-2005.xsd#dimension-default' xlink:type='simple' />
<link:arcroleRef arcroleURI='http://xbrl.org/int/dim/arcrole/domain-member' xlink:href='http://www.xbrl.org/2005/xbrldt-2005.xsd#domain-member' xlink:type='simple' />
<!--Definition relationships for table DocumentInformationTable in presentation http://xbrl.us/us-gaap/role/document/DocumentInformation-->
<link:definitionLink xlink:role='http://xbrl.us/us-gaap/role/document/DocumentInformation' xlink:type='extended'>
<link:loc xlink:href='dei-2009-01-31.xsd#dei_DocumentInformationTable' xlink:label='loc_DocumentInformationTable' xlink:type='locator' />
<link:loc xlink:href='dei-2009-01-31.xsd#dei_DocumentInformationLineItems' xlink:label='loc_DocumentInformationLineItems' xlink:type='locator' />
<link:definitionArc order='1.0' xbrldt:closed='true' xbrldt:contextElement='segment' xlink:arcrole='http://xbrl.org/int/dim/arcrole/all' xlink:from='loc_DocumentInformationLineItems' xlink:to='loc_DocumentInformationTable' xlink:type='arc' />
</link:definitionLink>
<link:definitionLink xlink:role='http://xbrl.us/us-gaap/role/document/DocumentInformation' xlink:type='extended'>
<link:loc xlink:href='dei-2009-01-31.xsd#dei_DocumentInformationTable' xlink:label='loc_DocumentInformationTable' xlink:type='locator' />
<link:loc xlink:href='dei-2009-01-31.xsd#dei_DocumentInformationDocumentAxis' xlink:label='loc_DocumentInformationDocumentAxis' xlink:type='locator' />
<link:definitionArc order='1.0' xlink:arcrole='http://xbrl.org/int/dim/arcrole/hypercube-dimension' xlink:from='loc_DocumentInformationTable' xlink:to='loc_DocumentInformationDocumentAxis' xlink:type='arc' />
</link:definitionLink>
<link:definitionLink xlink:role='http://xbrl.us/us-gaap/role/document/DocumentInformation' xlink:type='extended'>
<link:loc xlink:href='dei-2009-01-31.xsd#dei_DocumentInformationDocumentAxis' xlink:label='loc_DocumentInformationDocumentAxis' xlink:type='locator' />
<link:loc xlink:href='dei-2009-01-31.xsd#dei_DocumentDomain' xlink:label='loc_DocumentDomain' xlink:type='locator' />
<link:definitionArc order='1.0' xlink:arcrole='http://xbrl.org/int/dim/arcrole/dimension-domain' xlink:from='loc_DocumentInformationDocumentAxis' xlink:to='loc_DocumentDomain' xlink:type='arc' />
</link:definitionLink>
<link:definitionLink xlink:role='http://xbrl.us/us-gaap/role/document/DocumentInformation' xlink:type='extended'>
<link:loc xlink:href='dei-2009-01-31.xsd#dei_DocumentInformationDocumentAxis' xlink:label='loc_DocumentInformationDocumentAxis' xlink:type='locator' />
<link:loc xlink:href='dei-2009-01-31.xsd#dei_DocumentDomain' xlink:label='loc_DocumentDomain' xlink:type='locator' />
<link:definitionArc order='1.0' xlink:arcrole='http://xbrl.org/int/dim/arcrole/dimension-default' xlink:from='loc_DocumentInformationDocumentAxis' xlink:to='loc_DocumentDomain' xlink:type='arc' />
</link:definitionLink>
<link:definitionLink xlink:role='http://xbrl.us/us-gaap/role/document/DocumentInformation' xlink:type='extended'>
<link:loc xlink:href='dei-2009-01-31.xsd#dei_DocumentInformationLineItems' xlink:label='loc_DocumentInformationLineItems' xlink:type='locator' />
<link:loc xlink:href='dei-2009-01-31.xsd#dei_DocumentName' xlink:label='loc_DocumentName' xlink:type='locator' />
<link:loc xlink:href='dei-2009-01-31.xsd#dei_DocumentTitle' xlink:label='loc_DocumentTitle' xlink:type='locator' />
<link:loc xlink:href='dei-2009-01-31.xsd#dei_DocumentSubtitle' xlink:label='loc_DocumentSubtitle' xlink:type='locator' />
<link:loc xlink:href='dei-2009-01-31.xsd#dei_DocumentSynopsis' xlink:label='loc_DocumentSynopsis' xlink:type='locator' />
<link:loc xlink:href='dei-2009-01-31.xsd#dei_DocumentType' xlink:label='loc_DocumentType' xlink:type='locator' />
<link:loc xlink:href='dei-2009-01-31.xsd#dei_AmendmentFlag' xlink:label='loc_AmendmentFlag' xlink:type='locator' />
<link:loc xlink:href='dei-2009-01-31.xsd#dei_AmendmentDescription' xlink:label='loc_AmendmentDescription' xlink:type='locator' />
<link:loc xlink:href='dei-2009-01-31.xsd#dei_PreEffectiveAmendmentNumber' xlink:label='loc_PreEffectiveAmendmentNumber' xlink:type='locator' />
<link:loc xlink:href='dei-2009-01-31.xsd#dei_PostEffectiveAmendmentNumber' xlink:label='loc_PostEffectiveAmendmentNumber' xlink:type='locator' />
<link:loc xlink:href='dei-2009-01-31.xsd#dei_RegistrationStatementAmendmentNumber' xlink:label='loc_RegistrationStatementAmendmentNumber' xlink:type='locator' />
<link:loc xlink:href='dei-2009-01-31.xsd#dei_DocumentDescription' xlink:label='loc_DocumentDescription' xlink:type='locator' />
<link:loc xlink:href='dei-2009-01-31.xsd#dei_DocumentCreationDate' xlink:label='loc_DocumentCreationDate' xlink:type='locator' />
<link:loc xlink:href='dei-2009-01-31.xsd#dei_DocumentEffectiveDate' xlink:label='loc_DocumentEffectiveDate' xlink:type='locator' />
<link:loc xlink:href='dei-2009-01-31.xsd#dei_DocumentPeriodStartDate' xlink:label='loc_DocumentPeriodStartDate' xlink:type='locator' />
<link:loc xlink:href='dei-2009-01-31.xsd#dei_DocumentPeriodEndDate' xlink:label='loc_DocumentPeriodEndDate' xlink:type='locator' />
<link:loc xlink:href='dei-2009-01-31.xsd#dei_DocumentFiscalYearFocus' xlink:label='loc_DocumentFiscalYearFocus' xlink:type='locator' />
<link:loc xlink:href='dei-2009-01-31.xsd#dei_DocumentFiscalPeriodFocus' xlink:label='loc_DocumentFiscalPeriodFocus' xlink:type='locator' />
<link:loc xlink:href='dei-2009-01-31.xsd#dei_DocumentVersion' xlink:label='loc_DocumentVersion' xlink:type='locator' />
<link:loc xlink:href='dei-2009-01-31.xsd#dei_DocumentCopyrightInformation' xlink:label='loc_DocumentCopyrightInformation' xlink:type='locator' />
<link:loc xlink:href='dei-2009-01-31.xsd#dei_ContainedFileInformationFileName' xlink:label='loc_ContainedFileInformationFileName' xlink:type='locator' />
<link:loc xlink:href='dei-2009-01-31.xsd#dei_ContainedFileInformationFileDescription' xlink:label='loc_ContainedFileInformationFileDescription' xlink:type='locator' />
<link:loc xlink:href='dei-2009-01-31.xsd#dei_ContainedFileInformationFileType' xlink:label='loc_ContainedFileInformationFileType' xlink:type='locator' />
<link:loc xlink:href='dei-2009-01-31.xsd#dei_ContainedFileInformationFileNumber' xlink:label='loc_ContainedFileInformationFileNumber' xlink:type='locator' />
<link:definitionArc order='1.0' xlink:arcrole='http://xbrl.org/int/dim/arcrole/domain-member' xlink:from='loc_DocumentInformationLineItems' xlink:to='loc_DocumentName' xlink:type='arc' />
<link:definitionArc order='2.0' xlink:arcrole='http://xbrl.org/int/dim/arcrole/domain-member' xlink:from='loc_DocumentInformationLineItems' xlink:to='loc_DocumentTitle' xlink:type='arc' />
<link:definitionArc order='3.0' xlink:arcrole='http://xbrl.org/int/dim/arcrole/domain-member' xlink:from='loc_DocumentInformationLineItems' xlink:to='loc_DocumentSubtitle' xlink:type='arc' />
<link:definitionArc order='4.0' xlink:arcrole='http://xbrl.org/int/dim/arcrole/domain-member' xlink:from='loc_DocumentInformationLineItems' xlink:to='loc_DocumentSynopsis' xlink:type='arc' />
<link:definitionArc order='5.0' xlink:arcrole='http://xbrl.org/int/dim/arcrole/domain-member' xlink:from='loc_DocumentInformationLineItems' xlink:to='loc_DocumentType' xlink:type='arc' />
<link:definitionArc order='6.0' xlink:arcrole='http://xbrl.org/int/dim/arcrole/domain-member' xlink:from='loc_DocumentInformationLineItems' xlink:to='loc_AmendmentFlag' xlink:type='arc' />
<link:definitionArc order='7.0' xlink:arcrole='http://xbrl.org/int/dim/arcrole/domain-member' xlink:from='loc_DocumentInformationLineItems' xlink:to='loc_AmendmentDescription' xlink:type='arc' />
<link:definitionArc order='8.0' xlink:arcrole='http://xbrl.org/int/dim/arcrole/domain-member' xlink:from='loc_DocumentInformationLineItems' xlink:to='loc_PreEffectiveAmendmentNumber' xlink:type='arc' />
<link:definitionArc order='9.0' xlink:arcrole='http://xbrl.org/int/dim/arcrole/domain-member' xlink:from='loc_DocumentInformationLineItems' xlink:to='loc_PostEffectiveAmendmentNumber' xlink:type='arc' />
<link:definitionArc order='10.0' xlink:arcrole='http://xbrl.org/int/dim/arcrole/domain-member' xlink:from='loc_DocumentInformationLineItems' xlink:to='loc_RegistrationStatementAmendmentNumber' xlink:type='arc' />
<link:definitionArc order='11.0' xlink:arcrole='http://xbrl.org/int/dim/arcrole/domain-member' xlink:from='loc_DocumentInformationLineItems' xlink:to='loc_DocumentDescription' xlink:type='arc' />
<link:definitionArc order='12.0' xlink:arcrole='http://xbrl.org/int/dim/arcrole/domain-member' xlink:from='loc_DocumentInformationLineItems' xlink:to='loc_DocumentCreationDate' xlink:type='arc' />
<link:definitionArc order='13.0' xlink:arcrole='http://xbrl.org/int/dim/arcrole/domain-member' xlink:from='loc_DocumentInformationLineItems' xlink:to='loc_DocumentEffectiveDate' xlink:type='arc' />
<link:definitionArc order='14.0' xlink:arcrole='http://xbrl.org/int/dim/arcrole/domain-member' xlink:from='loc_DocumentInformationLineItems' xlink:to='loc_DocumentPeriodStartDate' xlink:type='arc' />
<link:definitionArc order='15.0' xlink:arcrole='http://xbrl.org/int/dim/arcrole/domain-member' xlink:from='loc_DocumentInformationLineItems' xlink:to='loc_DocumentPeriodEndDate' xlink:type='arc' />
<link:definitionArc order='16.0' xlink:arcrole='http://xbrl.org/int/dim/arcrole/domain-member' xlink:from='loc_DocumentInformationLineItems' xlink:to='loc_DocumentFiscalYearFocus' xlink:type='arc' />
<link:definitionArc order='17.0' xlink:arcrole='http://xbrl.org/int/dim/arcrole/domain-member' xlink:from='loc_DocumentInformationLineItems' xlink:to='loc_DocumentFiscalPeriodFocus' xlink:type='arc' />
<link:definitionArc order='18.0' xlink:arcrole='http://xbrl.org/int/dim/arcrole/domain-member' xlink:from='loc_DocumentInformationLineItems' xlink:to='loc_DocumentVersion' xlink:type='arc' />
<link:definitionArc order='19.0' xlink:arcrole='http://xbrl.org/int/dim/arcrole/domain-member' xlink:from='loc_DocumentInformationLineItems' xlink:to='loc_DocumentCopyrightInformation' xlink:type='arc' />
<link:definitionArc order='20.0' xlink:arcrole='http://xbrl.org/int/dim/arcrole/domain-member' xlink:from='loc_DocumentInformationLineItems' xlink:to='loc_ContainedFileInformationFileName' xlink:type='arc' />
<link:definitionArc order='21.0' xlink:arcrole='http://xbrl.org/int/dim/arcrole/domain-member' xlink:from='loc_DocumentInformationLineItems' xlink:to='loc_ContainedFileInformationFileDescription' xlink:type='arc' />
<link:definitionArc order='22.0' xlink:arcrole='http://xbrl.org/int/dim/arcrole/domain-member' xlink:from='loc_DocumentInformationLineItems' xlink:to='loc_ContainedFileInformationFileType' xlink:type='arc' />
<link:definitionArc order='23.0' xlink:arcrole='http://xbrl.org/int/dim/arcrole/domain-member' xlink:from='loc_DocumentInformationLineItems' xlink:to='loc_ContainedFileInformationFileNumber' xlink:type='arc' />
</link:definitionLink>
</link:linkbase>
