<?xml version="1.0" encoding="UTF-8" standalone="no"?>

<!--Copyright (C) 2007-2009 XBRL US, Inc. All Rights Reserved.
Notice: Authorized Uses are Set Forth at http://xbrl.us/legal2009
  -->
<link:linkbase xmlns:link='http://www.xbrl.org/2003/linkbase' xmlns:xbrldt='http://xbrl.org/2005/xbrldt' xmlns:xlink='http://www.w3.org/1999/xlink' xmlns:xsi='http://www.w3.org/2001/XMLSchema-instance' xsi:schemaLocation='http://www.xbrl.org/2003/linkbase http://www.xbrl.org/2003/xbrl-linkbase-2003-12-31.xsd'>
<link:roleRef roleURI='http://xbrl.us/us-gaap/role/document/ManagementReportOfficersTable' xlink:href='../elts/us-roles-2009-01-31.xsd#ManagementReportOfficersTable' xlink:type='simple' />
<link:arcroleRef arcroleURI='http://xbrl.org/int/dim/arcrole/all' xlink:href='http://www.xbrl.org/2005/xbrldt-2005.xsd#all' xlink:type='simple' />
<link:arcroleRef arcroleURI='http://xbrl.org/int/dim/arcrole/hypercube-dimension' xlink:href='http://www.xbrl.org/2005/xbrldt-2005.xsd#hypercube-dimension' xlink:type='simple' />
<link:arcroleRef arcroleURI='http://xbrl.org/int/dim/arcrole/dimension-domain' xlink:href='http://www.xbrl.org/2005/xbrldt-2005.xsd#dimension-domain' xlink:type='simple' />
<link:arcroleRef arcroleURI='http://xbrl.org/int/dim/arcrole/dimension-default' xlink:href='http://www.xbrl.org/2005/xbrldt-2005.xsd#dimension-default' xlink:type='simple' />
<link:arcroleRef arcroleURI='http://xbrl.org/int/dim/arcrole/domain-member' xlink:href='http://www.xbrl.org/2005/xbrldt-2005.xsd#domain-member' xlink:type='simple' />
<!--Definition relationships for table OfficersTable in presentation http://xbrl.us/us-gaap/role/document/ManagementReport-->
<link:definitionLink xlink:role='http://xbrl.us/us-gaap/role/document/ManagementReportOfficersTable' xlink:type='extended'>
<link:loc xlink:href='mr-2009-01-31.xsd#mr_OfficersTable' xlink:label='loc_OfficersTable' xlink:type='locator' />
<link:loc xlink:href='mr-2009-01-31.xsd#mr_OfficersLineItems' xlink:label='loc_OfficersLineItems' xlink:type='locator' />
<link:definitionArc order='1.0' xbrldt:closed='true' xbrldt:contextElement='segment' xlink:arcrole='http://xbrl.org/int/dim/arcrole/all' xlink:from='loc_OfficersLineItems' xlink:to='loc_OfficersTable' xlink:type='arc' />
</link:definitionLink>
<link:definitionLink xlink:role='http://xbrl.us/us-gaap/role/document/ManagementReportOfficersTable' xlink:type='extended'>
<link:loc xlink:href='mr-2009-01-31.xsd#mr_OfficersTable' xlink:label='loc_OfficersTable' xlink:type='locator' />
<link:loc xlink:href='mr-2009-01-31.xsd#mr_OfficersOfficerAxis' xlink:label='loc_OfficersOfficerAxis' xlink:type='locator' />
<link:definitionArc order='1.0' xlink:arcrole='http://xbrl.org/int/dim/arcrole/hypercube-dimension' xlink:from='loc_OfficersTable' xlink:to='loc_OfficersOfficerAxis' xlink:type='arc' />
</link:definitionLink>
<link:definitionLink xlink:role='http://xbrl.us/us-gaap/role/document/ManagementReportOfficersTable' xlink:type='extended'>
<link:loc xlink:href='mr-2009-01-31.xsd#mr_OfficersOfficerAxis' xlink:label='loc_OfficersOfficerAxis' xlink:type='locator' />
<link:loc xlink:href='mr-2009-01-31.xsd#mr_OfficerDomain' xlink:label='loc_OfficerDomain' xlink:type='locator' />
<link:definitionArc order='1.0' xlink:arcrole='http://xbrl.org/int/dim/arcrole/dimension-domain' xlink:from='loc_OfficersOfficerAxis' xlink:to='loc_OfficerDomain' xlink:type='arc' />
</link:definitionLink>
<link:definitionLink xlink:role='http://xbrl.us/us-gaap/role/document/ManagementReportOfficersTable' xlink:type='extended'>
<link:loc xlink:href='mr-2009-01-31.xsd#mr_OfficersOfficerAxis' xlink:label='loc_OfficersOfficerAxis' xlink:type='locator' />
<link:loc xlink:href='mr-2009-01-31.xsd#mr_OfficerDomain' xlink:label='loc_OfficerDomain' xlink:type='locator' />
<link:definitionArc order='1.0' xlink:arcrole='http://xbrl.org/int/dim/arcrole/dimension-default' xlink:from='loc_OfficersOfficerAxis' xlink:to='loc_OfficerDomain' xlink:type='arc' />
</link:definitionLink>
<link:definitionLink xlink:role='http://xbrl.us/us-gaap/role/document/ManagementReportOfficersTable' xlink:type='extended'>
<link:loc xlink:href='mr-2009-01-31.xsd#mr_OfficersLineItems' xlink:label='loc_OfficersLineItems' xlink:type='locator' />
<link:loc xlink:href='mr-2009-01-31.xsd#mr_OfficerName' xlink:label='loc_OfficerName' xlink:type='locator' />
<link:loc xlink:href='mr-2009-01-31.xsd#mr_OfficerTitleOrPosition' xlink:label='loc_OfficerTitleOrPosition' xlink:type='locator' />
<link:loc xlink:href='mr-2009-01-31.xsd#mr_OfficerSignature' xlink:label='loc_OfficerSignature' xlink:type='locator' />
<link:definitionArc order='1.0' xlink:arcrole='http://xbrl.org/int/dim/arcrole/domain-member' xlink:from='loc_OfficersLineItems' xlink:to='loc_OfficerName' xlink:type='arc' />
<link:definitionArc order='2.0' xlink:arcrole='http://xbrl.org/int/dim/arcrole/domain-member' xlink:from='loc_OfficersLineItems' xlink:to='loc_OfficerTitleOrPosition' xlink:type='arc' />
<link:definitionArc order='3.0' xlink:arcrole='http://xbrl.org/int/dim/arcrole/domain-member' xlink:from='loc_OfficersLineItems' xlink:to='loc_OfficerSignature' xlink:type='arc' />
</link:definitionLink>
</link:linkbase>
