<?xml version="1.0" encoding="UTF-8" standalone="no"?>

<!--Copyright (C) 2007-2009 XBRL US, Inc. All Rights Reserved.
Notice: Authorized Uses are Set Forth at http://xbrl.us/legal2009
  -->
<link:linkbase xmlns:link='http://www.xbrl.org/2003/linkbase' xmlns:xlink='http://www.w3.org/1999/xlink' xmlns:xsi='http://www.w3.org/2001/XMLSchema-instance' xsi:schemaLocation='http://www.xbrl.org/2003/linkbase http://www.xbrl.org/2003/xbrl-linkbase-2003-12-31.xsd'>
<link:roleRef roleURI='http://xbrl.us/us-gaap/role/deprecated/exch' xlink:href='../elts/us-roles-2009-01-31.xsd#dep-exch' xlink:type='simple' />
<link:arcroleRef arcroleURI='http://xbrl.us/us-gaap/arcrole/dep-concept-deprecatedConcept' xlink:href='../elts/us-arcroles-2009-01-31.xsd#dep-concept-deprecatedConcept' xlink:type='simple' />
<definitionLink xlink:role='http://xbrl.us/us-gaap/role/deprecated/exch' xlink:type='extended' xmlns='http://www.xbrl.org/2003/linkbase'>
<link:loc xlink:href='../non-gaap/exch-2009-01-31.xsd#exch_ICAH' xlink:label='loc_ICAH' xlink:type='locator' />
<link:loc xlink:href='../non-gaap/exch-2009-01-31.xsd#exch_ICAT' xlink:label='loc_ICAT' xlink:type='locator' />
<link:loc xlink:href='../non-gaap/exch-2009-01-31.xsd#exch_MTAA' xlink:label='loc_MTAA' xlink:type='locator' />
<link:loc xlink:href='../non-gaap/exch-2009-01-31.xsd#exch_MTAX' xlink:label='loc_MTAX' xlink:type='locator' />
<link:loc xlink:href='../non-gaap/exch-2009-01-31.xsd#exch_XBCV' xlink:label='loc_XBCV' xlink:type='locator' />
<link:loc xlink:href='../non-gaap/exch-2009-01-31.xsd#exch_XHON' xlink:label='loc_XHON' xlink:type='locator' />
<link:loc xlink:href='../non-gaap/exch-2009-01-31.xsd#exch_XKLS' xlink:label='loc_XKLS' xlink:type='locator' />
<link:loc xlink:href='../non-gaap/exch-2009-01-31.xsd#exch_XLOF' xlink:label='loc_XLOF' xlink:type='locator' />
<link:loc xlink:href='../non-gaap/exch-2009-01-31.xsd#exch_ICUS' xlink:label='loc_ICUS' xlink:type='locator' />
<link:loc xlink:href='../non-gaap/exch-2009-01-31.xsd#exch_XNYF' xlink:label='loc_XNYF' xlink:type='locator' />
<link:loc xlink:href='../non-gaap/exch-2009-01-31.xsd#exch_TPCD' xlink:label='loc_TPCD' xlink:type='locator' />
<link:loc xlink:href='../non-gaap/exch-2009-01-31.xsd#exch_PCDS' xlink:label='loc_PCDS' xlink:type='locator' />
<link:loc xlink:href='../non-gaap/exch-2009-01-31.xsd#exch_XEQT' xlink:label='loc_XEQT' xlink:type='locator' />
<link:loc xlink:href='../non-gaap/exch-2009-01-31.xsd#exch_XEAS' xlink:label='loc_XEAS' xlink:type='locator' />
<link:loc xlink:href='../non-gaap/exch-2009-01-31.xsd#exch_XIDX' xlink:label='loc_XIDX' xlink:type='locator' />
<link:loc xlink:href='../non-gaap/exch-2009-01-31.xsd#exch_XSUR' xlink:label='loc_XSUR' xlink:type='locator' />
<link:loc xlink:href='../non-gaap/exch-2009-01-31.xsd#exch_XJKT' xlink:label='loc_XJKT' xlink:type='locator' />
<definitionArc order='10' xlink:arcrole='http://xbrl.us/us-gaap/arcrole/dep-concept-deprecatedConcept' xlink:from='loc_ICAH' xlink:to='loc_ICAT' xlink:type='arc' />
<definitionArc order='10' xlink:arcrole='http://xbrl.us/us-gaap/arcrole/dep-concept-deprecatedConcept' xlink:from='loc_MTAA' xlink:to='loc_MTAX' xlink:type='arc' />
<definitionArc order='10' xlink:arcrole='http://xbrl.us/us-gaap/arcrole/dep-concept-deprecatedConcept' xlink:from='loc_XBCV' xlink:to='loc_XHON' xlink:type='arc' />
<definitionArc order='10' xlink:arcrole='http://xbrl.us/us-gaap/arcrole/dep-concept-deprecatedConcept' xlink:from='loc_XKLS' xlink:to='loc_XLOF' xlink:type='arc' />
<definitionArc order='10' xlink:arcrole='http://xbrl.us/us-gaap/arcrole/dep-concept-deprecatedConcept' xlink:from='loc_ICUS' xlink:to='loc_XNYF' xlink:type='arc' />
<definitionArc order='10' xlink:arcrole='http://xbrl.us/us-gaap/arcrole/dep-concept-deprecatedConcept' xlink:from='loc_TPCD' xlink:to='loc_PCDS' xlink:type='arc' />
<definitionArc order='10' xlink:arcrole='http://xbrl.us/us-gaap/arcrole/dep-concept-deprecatedConcept' xlink:from='loc_XEQT' xlink:to='loc_XEAS' xlink:type='arc' />
<definitionArc order='10' xlink:arcrole='http://xbrl.us/us-gaap/arcrole/dep-concept-deprecatedConcept' xlink:from='loc_XIDX' xlink:to='loc_XSUR' xlink:type='arc' />
<definitionArc order='20' xlink:arcrole='http://xbrl.us/us-gaap/arcrole/dep-concept-deprecatedConcept' xlink:from='loc_XIDX' xlink:to='loc_XJKT' xlink:type='arc' />
</definitionLink>
</link:linkbase>
