<?xml version="1.0" encoding="UTF-8" standalone="no"?>

<!--Copyright (C) 2007-2009 XBRL US, Inc. All Rights Reserved.
Notice: Authorized Uses are Set Forth at http://xbrl.us/legal2009
  -->
<link:linkbase xmlns:link='http://www.xbrl.org/2003/linkbase' xmlns:xbrldt='http://xbrl.org/2005/xbrldt' xmlns:xlink='http://www.w3.org/1999/xlink' xmlns:xsi='http://www.w3.org/2001/XMLSchema-instance' xsi:schemaLocation='http://www.xbrl.org/2003/linkbase http://www.xbrl.org/2003/xbrl-linkbase-2003-12-31.xsd'>
<link:roleRef roleURI='http://xbrl.us/us-gaap/role/document/EntityInformationEntitiesTable' xlink:href='../elts/us-roles-2009-01-31.xsd#EntityInformationEntitiesTable' xlink:type='simple' />
<link:roleRef roleURI='http://xbrl.us/us-gaap/role/document/EntityInformationEntityAddressesTable' xlink:href='../elts/us-roles-2009-01-31.xsd#EntityInformationEntityAddressesTable' xlink:type='simple' />
<link:roleRef roleURI='http://xbrl.us/us-gaap/role/document/EntityInformationEntityContactPersonnelTable' xlink:href='../elts/us-roles-2009-01-31.xsd#EntityInformationEntityContactPersonnelTable' xlink:type='simple' />
<link:roleRef roleURI='http://xbrl.us/us-gaap/role/document/EntityInformationEntityListingsTable' xlink:href='../elts/us-roles-2009-01-31.xsd#EntityInformationEntityListingsTable' xlink:type='simple' />
<link:roleRef roleURI='http://xbrl.us/us-gaap/role/document/EntityInformationEntityPhoneFaxNumbersTable' xlink:href='../elts/us-roles-2009-01-31.xsd#EntityInformationEntityPhoneFaxNumbersTable' xlink:type='simple' />
<link:roleRef roleURI='http://xbrl.us/us-gaap/role/document/EntityInformationEntitySectorIndustryClassificationsTable' xlink:href='../elts/us-roles-2009-01-31.xsd#EntityInformationEntitySectorIndustryClassificationsTable' xlink:type='simple' />
<link:roleRef roleURI='http://xbrl.us/us-gaap/role/document/EntityInformationEntityNorthAmericanIndustryClassificationsTable' xlink:href='../elts/us-roles-2009-01-31.xsd#EntityInformationEntityNorthAmericanIndustryClassificationsTable' xlink:type='simple' />
<link:roleRef roleURI='http://xbrl.us/us-gaap/role/document/EntityInformationEntityLocationTable' xlink:href='../elts/us-roles-2009-01-31.xsd#EntityInformationEntityLocationTable' xlink:type='simple' />
<link:arcroleRef arcroleURI='http://xbrl.org/int/dim/arcrole/all' xlink:href='http://www.xbrl.org/2005/xbrldt-2005.xsd#all' xlink:type='simple' />
<link:arcroleRef arcroleURI='http://xbrl.org/int/dim/arcrole/hypercube-dimension' xlink:href='http://www.xbrl.org/2005/xbrldt-2005.xsd#hypercube-dimension' xlink:type='simple' />
<link:arcroleRef arcroleURI='http://xbrl.org/int/dim/arcrole/dimension-domain' xlink:href='http://www.xbrl.org/2005/xbrldt-2005.xsd#dimension-domain' xlink:type='simple' />
<link:arcroleRef arcroleURI='http://xbrl.org/int/dim/arcrole/dimension-default' xlink:href='http://www.xbrl.org/2005/xbrldt-2005.xsd#dimension-default' xlink:type='simple' />
<link:arcroleRef arcroleURI='http://xbrl.org/int/dim/arcrole/domain-member' xlink:href='http://www.xbrl.org/2005/xbrldt-2005.xsd#domain-member' xlink:type='simple' />
<!--Definition relationships for table EntitiesTable in presentation http://xbrl.us/us-gaap/role/document/EntityInformation-->
<link:definitionLink xlink:role='http://xbrl.us/us-gaap/role/document/EntityInformationEntitiesTable' xlink:type='extended'>
<link:loc xlink:href='dei-2009-01-31.xsd#dei_EntitiesTable' xlink:label='loc_EntitiesTable' xlink:type='locator' />
<link:loc xlink:href='dei-2009-01-31.xsd#dei_EntityInformationLineItems' xlink:label='loc_EntityInformationLineItems' xlink:type='locator' />
<link:definitionArc order='1.0' xbrldt:closed='true' xbrldt:contextElement='segment' xlink:arcrole='http://xbrl.org/int/dim/arcrole/all' xlink:from='loc_EntityInformationLineItems' xlink:to='loc_EntitiesTable' xlink:type='arc' />
</link:definitionLink>
<link:definitionLink xlink:role='http://xbrl.us/us-gaap/role/document/EntityInformationEntitiesTable' xlink:type='extended'>
<link:loc xlink:href='dei-2009-01-31.xsd#dei_EntitiesTable' xlink:label='loc_EntitiesTable' xlink:type='locator' />
<link:loc xlink:href='dei-2009-01-31.xsd#dei_LegalEntityAxis' xlink:label='loc_LegalEntityAxis' xlink:type='locator' />
<link:definitionArc order='1.0' xlink:arcrole='http://xbrl.org/int/dim/arcrole/hypercube-dimension' xlink:from='loc_EntitiesTable' xlink:to='loc_LegalEntityAxis' xlink:type='arc' />
</link:definitionLink>
<link:definitionLink xlink:role='http://xbrl.us/us-gaap/role/document/EntityInformationEntitiesTable' xlink:type='extended'>
<link:loc xlink:href='dei-2009-01-31.xsd#dei_LegalEntityAxis' xlink:label='loc_LegalEntityAxis' xlink:type='locator' />
<link:loc xlink:href='dei-2009-01-31.xsd#dei_EntityDomain' xlink:label='loc_EntityDomain' xlink:type='locator' />
<link:definitionArc order='1.0' xlink:arcrole='http://xbrl.org/int/dim/arcrole/dimension-domain' xlink:from='loc_LegalEntityAxis' xlink:to='loc_EntityDomain' xlink:type='arc' />
</link:definitionLink>
<link:definitionLink xlink:role='http://xbrl.us/us-gaap/role/document/EntityInformationEntitiesTable' xlink:type='extended'>
<link:loc xlink:href='dei-2009-01-31.xsd#dei_LegalEntityAxis' xlink:label='loc_LegalEntityAxis' xlink:type='locator' />
<link:loc xlink:href='dei-2009-01-31.xsd#dei_EntityDomain' xlink:label='loc_EntityDomain' xlink:type='locator' />
<link:definitionArc order='1.0' xlink:arcrole='http://xbrl.org/int/dim/arcrole/dimension-default' xlink:from='loc_LegalEntityAxis' xlink:to='loc_EntityDomain' xlink:type='arc' />
</link:definitionLink>
<link:definitionLink xlink:role='http://xbrl.us/us-gaap/role/document/EntityInformationEntitiesTable' xlink:type='extended'>
<link:loc xlink:href='dei-2009-01-31.xsd#dei_EntityInformationLineItems' xlink:label='loc_EntityInformationLineItems' xlink:type='locator' />
<link:loc xlink:href='dei-2009-01-31.xsd#dei_EntityRegistrantName' xlink:label='loc_EntityRegistrantName' xlink:type='locator' />
<link:loc xlink:href='dei-2009-01-31.xsd#dei_EntityCentralIndexKey' xlink:label='loc_EntityCentralIndexKey' xlink:type='locator' />
<link:loc xlink:href='dei-2009-01-31.xsd#dei_EntityTaxIdentificationNumber' xlink:label='loc_EntityTaxIdentificationNumber' xlink:type='locator' />
<link:loc xlink:href='dei-2009-01-31.xsd#dei_EntityDataUniversalNumberingSystemNumber' xlink:label='loc_EntityDataUniversalNumberingSystemNumber' xlink:type='locator' />
<link:loc xlink:href='dei-2009-01-31.xsd#dei_EntityOtherIdentificationType' xlink:label='loc_EntityOtherIdentificationType' xlink:type='locator' />
<link:loc xlink:href='dei-2009-01-31.xsd#dei_EntityOtherIdentificationValue' xlink:label='loc_EntityOtherIdentificationValue' xlink:type='locator' />
<link:loc xlink:href='dei-2009-01-31.xsd#dei_EntityInformationFormerLegalOrRegisteredName' xlink:label='loc_EntityInformationFormerLegalOrRegisteredName' xlink:type='locator' />
<link:loc xlink:href='dei-2009-01-31.xsd#dei_EntityInformationDateToChangeFormerLegalOrRegisteredName' xlink:label='loc_EntityInformationDateToChangeFormerLegalOrRegisteredName' xlink:type='locator' />
<link:loc xlink:href='dei-2009-01-31.xsd#dei_EntityLegalForm' xlink:label='loc_EntityLegalForm' xlink:type='locator' />
<link:loc xlink:href='dei-2009-01-31.xsd#dei_EntityHomeCountryISOCode' xlink:label='loc_EntityHomeCountryISOCode' xlink:type='locator' />
<link:loc xlink:href='dei-2009-01-31.xsd#dei_ParentEntityLegalName' xlink:label='loc_ParentEntityLegalName' xlink:type='locator' />
<link:loc xlink:href='dei-2009-01-31.xsd#dei_EntityAccountingStandard' xlink:label='loc_EntityAccountingStandard' xlink:type='locator' />
<link:loc xlink:href='dei-2009-01-31.xsd#dei_EntityReportingCurrencyISOCode' xlink:label='loc_EntityReportingCurrencyISOCode' xlink:type='locator' />
<link:loc xlink:href='dei-2009-01-31.xsd#dei_EntityIncorporationStateCountryName' xlink:label='loc_EntityIncorporationStateCountryName' xlink:type='locator' />
<link:loc xlink:href='dei-2009-01-31.xsd#dei_EntityIncorporationDateOfIncorporation' xlink:label='loc_EntityIncorporationDateOfIncorporation' xlink:type='locator' />
<link:loc xlink:href='dei-2009-01-31.xsd#dei_ApproximateDateOfCommencementOfProposedSaleToThePublic' xlink:label='loc_ApproximateDateOfCommencementOfProposedSaleToThePublic' xlink:type='locator' />
<link:loc xlink:href='dei-2009-01-31.xsd#dei_EntityNumberOfEmployees' xlink:label='loc_EntityNumberOfEmployees' xlink:type='locator' />
<link:loc xlink:href='dei-2009-01-31.xsd#dei_CurrentFiscalYearEndDate' xlink:label='loc_CurrentFiscalYearEndDate' xlink:type='locator' />
<link:loc xlink:href='dei-2009-01-31.xsd#dei_FormerFiscalYearEndDate' xlink:label='loc_FormerFiscalYearEndDate' xlink:type='locator' />
<link:loc xlink:href='dei-2009-01-31.xsd#dei_EntityWellKnownSeasonedIssuer' xlink:label='loc_EntityWellKnownSeasonedIssuer' xlink:type='locator' />
<link:loc xlink:href='dei-2009-01-31.xsd#dei_EntityVoluntaryFilers' xlink:label='loc_EntityVoluntaryFilers' xlink:type='locator' />
<link:loc xlink:href='dei-2009-01-31.xsd#dei_EntityCurrentReportingStatus' xlink:label='loc_EntityCurrentReportingStatus' xlink:type='locator' />
<link:loc xlink:href='dei-2009-01-31.xsd#dei_EntityFilerCategory' xlink:label='loc_EntityFilerCategory' xlink:type='locator' />
<link:loc xlink:href='dei-2009-01-31.xsd#dei_EntityPublicFloat' xlink:label='loc_EntityPublicFloat' xlink:type='locator' />
<link:definitionArc order='1.0' xlink:arcrole='http://xbrl.org/int/dim/arcrole/domain-member' xlink:from='loc_EntityInformationLineItems' xlink:to='loc_EntityRegistrantName' xlink:type='arc' />
<link:definitionArc order='2.0' xlink:arcrole='http://xbrl.org/int/dim/arcrole/domain-member' xlink:from='loc_EntityInformationLineItems' xlink:to='loc_EntityCentralIndexKey' xlink:type='arc' />
<link:definitionArc order='3.0' xlink:arcrole='http://xbrl.org/int/dim/arcrole/domain-member' xlink:from='loc_EntityInformationLineItems' xlink:to='loc_EntityTaxIdentificationNumber' xlink:type='arc' />
<link:definitionArc order='4.0' xlink:arcrole='http://xbrl.org/int/dim/arcrole/domain-member' xlink:from='loc_EntityInformationLineItems' xlink:to='loc_EntityDataUniversalNumberingSystemNumber' xlink:type='arc' />
<link:definitionArc order='5.0' xlink:arcrole='http://xbrl.org/int/dim/arcrole/domain-member' xlink:from='loc_EntityInformationLineItems' xlink:to='loc_EntityOtherIdentificationType' xlink:type='arc' />
<link:definitionArc order='6.0' xlink:arcrole='http://xbrl.org/int/dim/arcrole/domain-member' xlink:from='loc_EntityInformationLineItems' xlink:to='loc_EntityOtherIdentificationValue' xlink:type='arc' />
<link:definitionArc order='7.0' xlink:arcrole='http://xbrl.org/int/dim/arcrole/domain-member' xlink:from='loc_EntityInformationLineItems' xlink:to='loc_EntityInformationFormerLegalOrRegisteredName' xlink:type='arc' />
<link:definitionArc order='8.0' xlink:arcrole='http://xbrl.org/int/dim/arcrole/domain-member' xlink:from='loc_EntityInformationLineItems' xlink:to='loc_EntityInformationDateToChangeFormerLegalOrRegisteredName' xlink:type='arc' />
<link:definitionArc order='9.0' xlink:arcrole='http://xbrl.org/int/dim/arcrole/domain-member' xlink:from='loc_EntityInformationLineItems' xlink:to='loc_EntityLegalForm' xlink:type='arc' />
<link:definitionArc order='10.0' xlink:arcrole='http://xbrl.org/int/dim/arcrole/domain-member' xlink:from='loc_EntityInformationLineItems' xlink:to='loc_EntityHomeCountryISOCode' xlink:type='arc' />
<link:definitionArc order='11.0' xlink:arcrole='http://xbrl.org/int/dim/arcrole/domain-member' xlink:from='loc_EntityInformationLineItems' xlink:to='loc_ParentEntityLegalName' xlink:type='arc' />
<link:definitionArc order='12.0' xlink:arcrole='http://xbrl.org/int/dim/arcrole/domain-member' xlink:from='loc_EntityInformationLineItems' xlink:to='loc_EntityAccountingStandard' xlink:type='arc' />
<link:definitionArc order='13.0' xlink:arcrole='http://xbrl.org/int/dim/arcrole/domain-member' xlink:from='loc_EntityInformationLineItems' xlink:to='loc_EntityReportingCurrencyISOCode' xlink:type='arc' />
<link:definitionArc order='14.0' xlink:arcrole='http://xbrl.org/int/dim/arcrole/domain-member' xlink:from='loc_EntityInformationLineItems' xlink:to='loc_EntityIncorporationStateCountryName' xlink:type='arc' />
<link:definitionArc order='15.0' xlink:arcrole='http://xbrl.org/int/dim/arcrole/domain-member' xlink:from='loc_EntityInformationLineItems' xlink:to='loc_EntityIncorporationDateOfIncorporation' xlink:type='arc' />
<link:definitionArc order='16.0' xlink:arcrole='http://xbrl.org/int/dim/arcrole/domain-member' xlink:from='loc_EntityInformationLineItems' xlink:to='loc_ApproximateDateOfCommencementOfProposedSaleToThePublic' xlink:type='arc' />
<link:definitionArc order='17.0' xlink:arcrole='http://xbrl.org/int/dim/arcrole/domain-member' xlink:from='loc_EntityInformationLineItems' xlink:to='loc_EntityNumberOfEmployees' xlink:type='arc' />
<link:definitionArc order='18.0' xlink:arcrole='http://xbrl.org/int/dim/arcrole/domain-member' xlink:from='loc_EntityInformationLineItems' xlink:to='loc_CurrentFiscalYearEndDate' xlink:type='arc' />
<link:definitionArc order='19.0' xlink:arcrole='http://xbrl.org/int/dim/arcrole/domain-member' xlink:from='loc_EntityInformationLineItems' xlink:to='loc_FormerFiscalYearEndDate' xlink:type='arc' />
<link:definitionArc order='20.0' xlink:arcrole='http://xbrl.org/int/dim/arcrole/domain-member' xlink:from='loc_EntityInformationLineItems' xlink:to='loc_EntityWellKnownSeasonedIssuer' xlink:type='arc' />
<link:definitionArc order='21.0' xlink:arcrole='http://xbrl.org/int/dim/arcrole/domain-member' xlink:from='loc_EntityInformationLineItems' xlink:to='loc_EntityVoluntaryFilers' xlink:type='arc' />
<link:definitionArc order='22.0' xlink:arcrole='http://xbrl.org/int/dim/arcrole/domain-member' xlink:from='loc_EntityInformationLineItems' xlink:to='loc_EntityCurrentReportingStatus' xlink:type='arc' />
<link:definitionArc order='23.0' xlink:arcrole='http://xbrl.org/int/dim/arcrole/domain-member' xlink:from='loc_EntityInformationLineItems' xlink:to='loc_EntityFilerCategory' xlink:type='arc' />
<link:definitionArc order='24.0' xlink:arcrole='http://xbrl.org/int/dim/arcrole/domain-member' xlink:from='loc_EntityInformationLineItems' xlink:to='loc_EntityPublicFloat' xlink:type='arc' />
</link:definitionLink>
<!--Definition relationships for table EntitySectorIndustryClassificationsTable in presentation http://xbrl.us/us-gaap/role/document/EntityInformation-->
<link:definitionLink xlink:role='http://xbrl.us/us-gaap/role/document/EntityInformationEntitySectorIndustryClassificationsTable' xlink:type='extended'>
<link:loc xlink:href='dei-2009-01-31.xsd#dei_EntitySectorIndustryClassificationsTable' xlink:label='loc_EntitySectorIndustryClassificationsTable' xlink:type='locator' />
<link:loc xlink:href='dei-2009-01-31.xsd#dei_EntitySectorIndustryClassificationsLineItems' xlink:label='loc_EntitySectorIndustryClassificationsLineItems' xlink:type='locator' />
<link:definitionArc order='1.0' xbrldt:closed='true' xbrldt:contextElement='segment' xlink:arcrole='http://xbrl.org/int/dim/arcrole/all' xlink:from='loc_EntitySectorIndustryClassificationsLineItems' xlink:to='loc_EntitySectorIndustryClassificationsTable' xlink:type='arc' />
</link:definitionLink>
<link:definitionLink xlink:role='http://xbrl.us/us-gaap/role/document/EntityInformationEntitySectorIndustryClassificationsTable' xlink:type='extended'>
<link:loc xlink:href='dei-2009-01-31.xsd#dei_EntitySectorIndustryClassificationsTable' xlink:label='loc_EntitySectorIndustryClassificationsTable' xlink:type='locator' />
<link:loc xlink:href='dei-2009-01-31.xsd#dei_LegalEntityAxis' xlink:label='loc_LegalEntityAxis' xlink:type='locator' />
<link:loc xlink:href='dei-2009-01-31.xsd#dei_EntitySectorIndustryClassificationsSectorAxis' xlink:label='loc_EntitySectorIndustryClassificationsSectorAxis' xlink:type='locator' />
<link:definitionArc order='1.0' xlink:arcrole='http://xbrl.org/int/dim/arcrole/hypercube-dimension' xlink:from='loc_EntitySectorIndustryClassificationsTable' xlink:to='loc_LegalEntityAxis' xlink:type='arc' />
<link:definitionArc order='2.0' xlink:arcrole='http://xbrl.org/int/dim/arcrole/hypercube-dimension' xlink:from='loc_EntitySectorIndustryClassificationsTable' xlink:to='loc_EntitySectorIndustryClassificationsSectorAxis' xlink:type='arc' />
</link:definitionLink>
<link:definitionLink xlink:role='http://xbrl.us/us-gaap/role/document/EntityInformationEntitySectorIndustryClassificationsTable' xlink:type='extended'>
<link:loc xlink:href='dei-2009-01-31.xsd#dei_LegalEntityAxis' xlink:label='loc_LegalEntityAxis' xlink:type='locator' />
<link:loc xlink:href='dei-2009-01-31.xsd#dei_EntityDomain' xlink:label='loc_EntityDomain' xlink:type='locator' />
<link:loc xlink:href='dei-2009-01-31.xsd#dei_EntitySectorIndustryClassificationsSectorAxis' xlink:label='loc_EntitySectorIndustryClassificationsSectorAxis' xlink:type='locator' />
<link:loc xlink:href='dei-2009-01-31.xsd#dei_SectorDomain' xlink:label='loc_SectorDomain' xlink:type='locator' />
<link:definitionArc order='1.0' xlink:arcrole='http://xbrl.org/int/dim/arcrole/dimension-domain' xlink:from='loc_LegalEntityAxis' xlink:to='loc_EntityDomain' xlink:type='arc' />
<link:definitionArc order='2.0' xlink:arcrole='http://xbrl.org/int/dim/arcrole/dimension-domain' xlink:from='loc_EntitySectorIndustryClassificationsSectorAxis' xlink:to='loc_SectorDomain' xlink:type='arc' />
</link:definitionLink>
<link:definitionLink xlink:role='http://xbrl.us/us-gaap/role/document/EntityInformationEntitySectorIndustryClassificationsTable' xlink:type='extended'>
<link:loc xlink:href='dei-2009-01-31.xsd#dei_LegalEntityAxis' xlink:label='loc_LegalEntityAxis' xlink:type='locator' />
<link:loc xlink:href='dei-2009-01-31.xsd#dei_EntityDomain' xlink:label='loc_EntityDomain' xlink:type='locator' />
<link:loc xlink:href='dei-2009-01-31.xsd#dei_EntitySectorIndustryClassificationsSectorAxis' xlink:label='loc_EntitySectorIndustryClassificationsSectorAxis' xlink:type='locator' />
<link:loc xlink:href='dei-2009-01-31.xsd#dei_SectorDomain' xlink:label='loc_SectorDomain' xlink:type='locator' />
<link:definitionArc order='1.0' xlink:arcrole='http://xbrl.org/int/dim/arcrole/dimension-default' xlink:from='loc_LegalEntityAxis' xlink:to='loc_EntityDomain' xlink:type='arc' />
<link:definitionArc order='2.0' xlink:arcrole='http://xbrl.org/int/dim/arcrole/dimension-default' xlink:from='loc_EntitySectorIndustryClassificationsSectorAxis' xlink:to='loc_SectorDomain' xlink:type='arc' />
</link:definitionLink>
<link:definitionLink xlink:role='http://xbrl.us/us-gaap/role/document/EntityInformationEntitySectorIndustryClassificationsTable' xlink:type='extended'>
<link:loc xlink:href='dei-2009-01-31.xsd#dei_EntitySectorIndustryClassificationsLineItems' xlink:label='loc_EntitySectorIndustryClassificationsLineItems' xlink:type='locator' />
<link:loc xlink:href='dei-2009-01-31.xsd#dei_EntitySectorIndustryClassificationPrimary' xlink:label='loc_EntitySectorIndustryClassificationPrimary' xlink:type='locator' />
<link:definitionArc order='1.0' xlink:arcrole='http://xbrl.org/int/dim/arcrole/domain-member' xlink:from='loc_EntitySectorIndustryClassificationsLineItems' xlink:to='loc_EntitySectorIndustryClassificationPrimary' xlink:type='arc' />
</link:definitionLink>
<!--Definition relationships for table EntityNorthAmericanIndustryClassificationsTable in presentation http://xbrl.us/us-gaap/role/document/EntityInformation-->
<link:definitionLink xlink:role='http://xbrl.us/us-gaap/role/document/EntityInformationEntityNorthAmericanIndustryClassificationsTable' xlink:type='extended'>
<link:loc xlink:href='dei-2009-01-31.xsd#dei_EntityNorthAmericanIndustryClassificationsTable' xlink:label='loc_EntityNorthAmericanIndustryClassificationsTable' xlink:type='locator' />
<link:loc xlink:href='dei-2009-01-31.xsd#dei_EntityNorthAmericanIndustryClassificationsLineItems' xlink:label='loc_EntityNorthAmericanIndustryClassificationsLineItems' xlink:type='locator' />
<link:definitionArc order='1.0' xbrldt:closed='true' xbrldt:contextElement='segment' xlink:arcrole='http://xbrl.org/int/dim/arcrole/all' xlink:from='loc_EntityNorthAmericanIndustryClassificationsLineItems' xlink:to='loc_EntityNorthAmericanIndustryClassificationsTable' xlink:type='arc' />
</link:definitionLink>
<link:definitionLink xlink:role='http://xbrl.us/us-gaap/role/document/EntityInformationEntityNorthAmericanIndustryClassificationsTable' xlink:type='extended'>
<link:loc xlink:href='dei-2009-01-31.xsd#dei_EntityNorthAmericanIndustryClassificationsTable' xlink:label='loc_EntityNorthAmericanIndustryClassificationsTable' xlink:type='locator' />
<link:loc xlink:href='dei-2009-01-31.xsd#dei_LegalEntityAxis' xlink:label='loc_LegalEntityAxis' xlink:type='locator' />
<link:loc xlink:href='dei-2009-01-31.xsd#dei_EntityNorthAmericanIndustryClassificationsIndustryAxis' xlink:label='loc_EntityNorthAmericanIndustryClassificationsIndustryAxis' xlink:type='locator' />
<link:definitionArc order='1.0' xlink:arcrole='http://xbrl.org/int/dim/arcrole/hypercube-dimension' xlink:from='loc_EntityNorthAmericanIndustryClassificationsTable' xlink:to='loc_LegalEntityAxis' xlink:type='arc' />
<link:definitionArc order='2.0' xlink:arcrole='http://xbrl.org/int/dim/arcrole/hypercube-dimension' xlink:from='loc_EntityNorthAmericanIndustryClassificationsTable' xlink:to='loc_EntityNorthAmericanIndustryClassificationsIndustryAxis' xlink:type='arc' />
</link:definitionLink>
<link:definitionLink xlink:role='http://xbrl.us/us-gaap/role/document/EntityInformationEntityNorthAmericanIndustryClassificationsTable' xlink:type='extended'>
<link:loc xlink:href='dei-2009-01-31.xsd#dei_LegalEntityAxis' xlink:label='loc_LegalEntityAxis' xlink:type='locator' />
<link:loc xlink:href='dei-2009-01-31.xsd#dei_EntityDomain' xlink:label='loc_EntityDomain' xlink:type='locator' />
<link:loc xlink:href='dei-2009-01-31.xsd#dei_EntityNorthAmericanIndustryClassificationsIndustryAxis' xlink:label='loc_EntityNorthAmericanIndustryClassificationsIndustryAxis' xlink:type='locator' />
<link:loc xlink:href='dei-2009-01-31.xsd#dei_NAICSDomain' xlink:label='loc_NAICSDomain' xlink:type='locator' />
<link:definitionArc order='1.0' xlink:arcrole='http://xbrl.org/int/dim/arcrole/dimension-domain' xlink:from='loc_LegalEntityAxis' xlink:to='loc_EntityDomain' xlink:type='arc' />
<link:definitionArc order='2.0' xlink:arcrole='http://xbrl.org/int/dim/arcrole/dimension-domain' xlink:from='loc_EntityNorthAmericanIndustryClassificationsIndustryAxis' xlink:to='loc_NAICSDomain' xlink:type='arc' />
</link:definitionLink>
<link:definitionLink xlink:role='http://xbrl.us/us-gaap/role/document/EntityInformationEntityNorthAmericanIndustryClassificationsTable' xlink:type='extended'>
<link:loc xlink:href='dei-2009-01-31.xsd#dei_LegalEntityAxis' xlink:label='loc_LegalEntityAxis' xlink:type='locator' />
<link:loc xlink:href='dei-2009-01-31.xsd#dei_EntityDomain' xlink:label='loc_EntityDomain' xlink:type='locator' />
<link:loc xlink:href='dei-2009-01-31.xsd#dei_EntityNorthAmericanIndustryClassificationsIndustryAxis' xlink:label='loc_EntityNorthAmericanIndustryClassificationsIndustryAxis' xlink:type='locator' />
<link:loc xlink:href='dei-2009-01-31.xsd#dei_NAICSDomain' xlink:label='loc_NAICSDomain' xlink:type='locator' />
<link:definitionArc order='1.0' xlink:arcrole='http://xbrl.org/int/dim/arcrole/dimension-default' xlink:from='loc_LegalEntityAxis' xlink:to='loc_EntityDomain' xlink:type='arc' />
<link:definitionArc order='2.0' xlink:arcrole='http://xbrl.org/int/dim/arcrole/dimension-default' xlink:from='loc_EntityNorthAmericanIndustryClassificationsIndustryAxis' xlink:to='loc_NAICSDomain' xlink:type='arc' />
</link:definitionLink>
<link:definitionLink xlink:role='http://xbrl.us/us-gaap/role/document/EntityInformationEntityNorthAmericanIndustryClassificationsTable' xlink:type='extended'>
<link:loc xlink:href='dei-2009-01-31.xsd#dei_EntityNorthAmericanIndustryClassificationsLineItems' xlink:label='loc_EntityNorthAmericanIndustryClassificationsLineItems' xlink:type='locator' />
<link:loc xlink:href='dei-2009-01-31.xsd#dei_EntityNorthAmericanIndustryClassificationPrimary' xlink:label='loc_EntityNorthAmericanIndustryClassificationPrimary' xlink:type='locator' />
<link:definitionArc order='1.0' xlink:arcrole='http://xbrl.org/int/dim/arcrole/domain-member' xlink:from='loc_EntityNorthAmericanIndustryClassificationsLineItems' xlink:to='loc_EntityNorthAmericanIndustryClassificationPrimary' xlink:type='arc' />
</link:definitionLink>
<!--Definition relationships for table EntityContactPersonnelTable in presentation http://xbrl.us/us-gaap/role/document/EntityInformation-->
<link:definitionLink xlink:role='http://xbrl.us/us-gaap/role/document/EntityInformationEntityContactPersonnelTable' xlink:type='extended'>
<link:loc xlink:href='dei-2009-01-31.xsd#dei_EntityContactPersonnelTable' xlink:label='loc_EntityContactPersonnelTable' xlink:type='locator' />
<link:loc xlink:href='dei-2009-01-31.xsd#dei_EntityContactPersonnelLineItems' xlink:label='loc_EntityContactPersonnelLineItems' xlink:type='locator' />
<link:definitionArc order='1.0' xbrldt:closed='true' xbrldt:contextElement='segment' xlink:arcrole='http://xbrl.org/int/dim/arcrole/all' xlink:from='loc_EntityContactPersonnelLineItems' xlink:to='loc_EntityContactPersonnelTable' xlink:type='arc' />
</link:definitionLink>
<link:definitionLink xlink:role='http://xbrl.us/us-gaap/role/document/EntityInformationEntityContactPersonnelTable' xlink:type='extended'>
<link:loc xlink:href='dei-2009-01-31.xsd#dei_EntityContactPersonnelTable' xlink:label='loc_EntityContactPersonnelTable' xlink:type='locator' />
<link:loc xlink:href='dei-2009-01-31.xsd#dei_LegalEntityAxis' xlink:label='loc_LegalEntityAxis' xlink:type='locator' />
<link:loc xlink:href='dei-2009-01-31.xsd#dei_EntityContactPersonnelContactPersonTypeAxis' xlink:label='loc_EntityContactPersonnelContactPersonTypeAxis' xlink:type='locator' />
<link:definitionArc order='1.0' xlink:arcrole='http://xbrl.org/int/dim/arcrole/hypercube-dimension' xlink:from='loc_EntityContactPersonnelTable' xlink:to='loc_LegalEntityAxis' xlink:type='arc' />
<link:definitionArc order='2.0' xlink:arcrole='http://xbrl.org/int/dim/arcrole/hypercube-dimension' xlink:from='loc_EntityContactPersonnelTable' xlink:to='loc_EntityContactPersonnelContactPersonTypeAxis' xlink:type='arc' />
</link:definitionLink>
<link:definitionLink xlink:role='http://xbrl.us/us-gaap/role/document/EntityInformationEntityContactPersonnelTable' xlink:type='extended'>
<link:loc xlink:href='dei-2009-01-31.xsd#dei_LegalEntityAxis' xlink:label='loc_LegalEntityAxis' xlink:type='locator' />
<link:loc xlink:href='dei-2009-01-31.xsd#dei_EntityDomain' xlink:label='loc_EntityDomain' xlink:type='locator' />
<link:loc xlink:href='dei-2009-01-31.xsd#dei_EntityContactPersonnelContactPersonTypeAxis' xlink:label='loc_EntityContactPersonnelContactPersonTypeAxis' xlink:type='locator' />
<link:loc xlink:href='dei-2009-01-31.xsd#dei_ContactPersonTypeDomain' xlink:label='loc_ContactPersonTypeDomain' xlink:type='locator' />
<link:definitionArc order='1.0' xlink:arcrole='http://xbrl.org/int/dim/arcrole/dimension-domain' xlink:from='loc_LegalEntityAxis' xlink:to='loc_EntityDomain' xlink:type='arc' />
<link:definitionArc order='2.0' xlink:arcrole='http://xbrl.org/int/dim/arcrole/dimension-domain' xlink:from='loc_EntityContactPersonnelContactPersonTypeAxis' xlink:to='loc_ContactPersonTypeDomain' xlink:type='arc' />
</link:definitionLink>
<link:definitionLink xlink:role='http://xbrl.us/us-gaap/role/document/EntityInformationEntityContactPersonnelTable' xlink:type='extended'>
<link:loc xlink:href='dei-2009-01-31.xsd#dei_LegalEntityAxis' xlink:label='loc_LegalEntityAxis' xlink:type='locator' />
<link:loc xlink:href='dei-2009-01-31.xsd#dei_EntityDomain' xlink:label='loc_EntityDomain' xlink:type='locator' />
<link:loc xlink:href='dei-2009-01-31.xsd#dei_EntityContactPersonnelContactPersonTypeAxis' xlink:label='loc_EntityContactPersonnelContactPersonTypeAxis' xlink:type='locator' />
<link:loc xlink:href='dei-2009-01-31.xsd#dei_ContactPersonTypeDomain' xlink:label='loc_ContactPersonTypeDomain' xlink:type='locator' />
<link:definitionArc order='1.0' xlink:arcrole='http://xbrl.org/int/dim/arcrole/dimension-default' xlink:from='loc_LegalEntityAxis' xlink:to='loc_EntityDomain' xlink:type='arc' />
<link:definitionArc order='2.0' xlink:arcrole='http://xbrl.org/int/dim/arcrole/dimension-default' xlink:from='loc_EntityContactPersonnelContactPersonTypeAxis' xlink:to='loc_ContactPersonTypeDomain' xlink:type='arc' />
</link:definitionLink>
<link:definitionLink xlink:role='http://xbrl.us/us-gaap/role/document/EntityInformationEntityContactPersonnelTable' xlink:type='extended'>
<link:loc xlink:href='dei-2009-01-31.xsd#dei_EntityContactPersonnelLineItems' xlink:label='loc_EntityContactPersonnelLineItems' xlink:type='locator' />
<link:loc xlink:href='dei-2009-01-31.xsd#dei_ContactPersonnelName' xlink:label='loc_ContactPersonnelName' xlink:type='locator' />
<link:loc xlink:href='dei-2009-01-31.xsd#dei_ContactPersonnelEmailAddress' xlink:label='loc_ContactPersonnelEmailAddress' xlink:type='locator' />
<link:loc xlink:href='dei-2009-01-31.xsd#dei_ContactPersonnelUniformResourceLocatorURL' xlink:label='loc_ContactPersonnelUniformResourceLocatorURL' xlink:type='locator' />
<link:definitionArc order='1.0' xlink:arcrole='http://xbrl.org/int/dim/arcrole/domain-member' xlink:from='loc_EntityContactPersonnelLineItems' xlink:to='loc_ContactPersonnelName' xlink:type='arc' />
<link:definitionArc order='2.0' xlink:arcrole='http://xbrl.org/int/dim/arcrole/domain-member' xlink:from='loc_EntityContactPersonnelLineItems' xlink:to='loc_ContactPersonnelEmailAddress' xlink:type='arc' />
<link:definitionArc order='3.0' xlink:arcrole='http://xbrl.org/int/dim/arcrole/domain-member' xlink:from='loc_EntityContactPersonnelLineItems' xlink:to='loc_ContactPersonnelUniformResourceLocatorURL' xlink:type='arc' />
</link:definitionLink>
<link:definitionLink xlink:role='http://xbrl.us/us-gaap/role/document/EntityInformationEntityContactPersonnelTable' xlink:type='extended'>
<link:loc xlink:href='dei-2009-01-31.xsd#dei_ContactPersonTypeDomain' xlink:label='loc_ContactPersonTypeDomain' xlink:type='locator' />
<link:loc xlink:href='dei-2009-01-31.xsd#dei_DocumentContactMember' xlink:label='loc_DocumentContactMember' xlink:type='locator' />
<link:loc xlink:href='dei-2009-01-31.xsd#dei_LegalContactMember' xlink:label='loc_LegalContactMember' xlink:type='locator' />
<link:loc xlink:href='dei-2009-01-31.xsd#dei_BusinessContactMember' xlink:label='loc_BusinessContactMember' xlink:type='locator' />
<link:loc xlink:href='dei-2009-01-31.xsd#dei_AccountingContactMember' xlink:label='loc_AccountingContactMember' xlink:type='locator' />
<link:loc xlink:href='dei-2009-01-31.xsd#dei_InvestorRelationsContactMember' xlink:label='loc_InvestorRelationsContactMember' xlink:type='locator' />
<link:loc xlink:href='dei-2009-01-31.xsd#dei_HumanResourcesContactMember' xlink:label='loc_HumanResourcesContactMember' xlink:type='locator' />
<link:definitionArc order='1.0' xlink:arcrole='http://xbrl.org/int/dim/arcrole/domain-member' xlink:from='loc_ContactPersonTypeDomain' xlink:to='loc_DocumentContactMember' xlink:type='arc' />
<link:definitionArc order='2.0' xlink:arcrole='http://xbrl.org/int/dim/arcrole/domain-member' xlink:from='loc_ContactPersonTypeDomain' xlink:to='loc_LegalContactMember' xlink:type='arc' />
<link:definitionArc order='3.0' xlink:arcrole='http://xbrl.org/int/dim/arcrole/domain-member' xlink:from='loc_ContactPersonTypeDomain' xlink:to='loc_BusinessContactMember' xlink:type='arc' />
<link:definitionArc order='4.0' xlink:arcrole='http://xbrl.org/int/dim/arcrole/domain-member' xlink:from='loc_ContactPersonTypeDomain' xlink:to='loc_AccountingContactMember' xlink:type='arc' />
<link:definitionArc order='5.0' xlink:arcrole='http://xbrl.org/int/dim/arcrole/domain-member' xlink:from='loc_ContactPersonTypeDomain' xlink:to='loc_InvestorRelationsContactMember' xlink:type='arc' />
<link:definitionArc order='6.0' xlink:arcrole='http://xbrl.org/int/dim/arcrole/domain-member' xlink:from='loc_ContactPersonTypeDomain' xlink:to='loc_HumanResourcesContactMember' xlink:type='arc' />
</link:definitionLink>
<!--Definition relationships for table EntityAddressesTable in presentation http://xbrl.us/us-gaap/role/document/EntityInformation-->
<link:definitionLink xlink:role='http://xbrl.us/us-gaap/role/document/EntityInformationEntityAddressesTable' xlink:type='extended'>
<link:loc xlink:href='dei-2009-01-31.xsd#dei_EntityAddressesTable' xlink:label='loc_EntityAddressesTable' xlink:type='locator' />
<link:loc xlink:href='dei-2009-01-31.xsd#dei_EntityAddressesLineItems' xlink:label='loc_EntityAddressesLineItems' xlink:type='locator' />
<link:definitionArc order='1.0' xbrldt:closed='true' xbrldt:contextElement='segment' xlink:arcrole='http://xbrl.org/int/dim/arcrole/all' xlink:from='loc_EntityAddressesLineItems' xlink:to='loc_EntityAddressesTable' xlink:type='arc' />
</link:definitionLink>
<link:definitionLink xlink:role='http://xbrl.us/us-gaap/role/document/EntityInformationEntityAddressesTable' xlink:type='extended'>
<link:loc xlink:href='dei-2009-01-31.xsd#dei_EntityAddressesTable' xlink:label='loc_EntityAddressesTable' xlink:type='locator' />
<link:loc xlink:href='dei-2009-01-31.xsd#dei_LegalEntityAxis' xlink:label='loc_LegalEntityAxis' xlink:type='locator' />
<link:loc xlink:href='dei-2009-01-31.xsd#dei_EntityAddressesAddressTypeAxis' xlink:label='loc_EntityAddressesAddressTypeAxis' xlink:type='locator' />
<link:definitionArc order='1.0' xlink:arcrole='http://xbrl.org/int/dim/arcrole/hypercube-dimension' xlink:from='loc_EntityAddressesTable' xlink:to='loc_LegalEntityAxis' xlink:type='arc' />
<link:definitionArc order='2.0' xlink:arcrole='http://xbrl.org/int/dim/arcrole/hypercube-dimension' xlink:from='loc_EntityAddressesTable' xlink:to='loc_EntityAddressesAddressTypeAxis' xlink:type='arc' />
</link:definitionLink>
<link:definitionLink xlink:role='http://xbrl.us/us-gaap/role/document/EntityInformationEntityAddressesTable' xlink:type='extended'>
<link:loc xlink:href='dei-2009-01-31.xsd#dei_LegalEntityAxis' xlink:label='loc_LegalEntityAxis' xlink:type='locator' />
<link:loc xlink:href='dei-2009-01-31.xsd#dei_EntityDomain' xlink:label='loc_EntityDomain' xlink:type='locator' />
<link:loc xlink:href='dei-2009-01-31.xsd#dei_EntityAddressesAddressTypeAxis' xlink:label='loc_EntityAddressesAddressTypeAxis' xlink:type='locator' />
<link:loc xlink:href='dei-2009-01-31.xsd#dei_AddressTypeDomain' xlink:label='loc_AddressTypeDomain' xlink:type='locator' />
<link:definitionArc order='1.0' xlink:arcrole='http://xbrl.org/int/dim/arcrole/dimension-domain' xlink:from='loc_LegalEntityAxis' xlink:to='loc_EntityDomain' xlink:type='arc' />
<link:definitionArc order='2.0' xlink:arcrole='http://xbrl.org/int/dim/arcrole/dimension-domain' xlink:from='loc_EntityAddressesAddressTypeAxis' xlink:to='loc_AddressTypeDomain' xlink:type='arc' />
</link:definitionLink>
<link:definitionLink xlink:role='http://xbrl.us/us-gaap/role/document/EntityInformationEntityAddressesTable' xlink:type='extended'>
<link:loc xlink:href='dei-2009-01-31.xsd#dei_LegalEntityAxis' xlink:label='loc_LegalEntityAxis' xlink:type='locator' />
<link:loc xlink:href='dei-2009-01-31.xsd#dei_EntityDomain' xlink:label='loc_EntityDomain' xlink:type='locator' />
<link:loc xlink:href='dei-2009-01-31.xsd#dei_EntityAddressesAddressTypeAxis' xlink:label='loc_EntityAddressesAddressTypeAxis' xlink:type='locator' />
<link:loc xlink:href='dei-2009-01-31.xsd#dei_AddressTypeDomain' xlink:label='loc_AddressTypeDomain' xlink:type='locator' />
<link:definitionArc order='1.0' xlink:arcrole='http://xbrl.org/int/dim/arcrole/dimension-default' xlink:from='loc_LegalEntityAxis' xlink:to='loc_EntityDomain' xlink:type='arc' />
<link:definitionArc order='2.0' xlink:arcrole='http://xbrl.org/int/dim/arcrole/dimension-default' xlink:from='loc_EntityAddressesAddressTypeAxis' xlink:to='loc_AddressTypeDomain' xlink:type='arc' />
</link:definitionLink>
<link:definitionLink xlink:role='http://xbrl.us/us-gaap/role/document/EntityInformationEntityAddressesTable' xlink:type='extended'>
<link:loc xlink:href='dei-2009-01-31.xsd#dei_EntityAddressesLineItems' xlink:label='loc_EntityAddressesLineItems' xlink:type='locator' />
<link:loc xlink:href='dei-2009-01-31.xsd#dei_EntityAddressAddressDescription' xlink:label='loc_EntityAddressAddressDescription' xlink:type='locator' />
<link:loc xlink:href='dei-2009-01-31.xsd#dei_EntityAddressAddressLine1' xlink:label='loc_EntityAddressAddressLine1' xlink:type='locator' />
<link:loc xlink:href='dei-2009-01-31.xsd#dei_EntityAddressAddressLine2' xlink:label='loc_EntityAddressAddressLine2' xlink:type='locator' />
<link:loc xlink:href='dei-2009-01-31.xsd#dei_EntityAddressAddressLine3' xlink:label='loc_EntityAddressAddressLine3' xlink:type='locator' />
<link:loc xlink:href='dei-2009-01-31.xsd#dei_EntityAddressCityOrTown' xlink:label='loc_EntityAddressCityOrTown' xlink:type='locator' />
<link:loc xlink:href='dei-2009-01-31.xsd#dei_EntityAddressStateOrProvince' xlink:label='loc_EntityAddressStateOrProvince' xlink:type='locator' />
<link:loc xlink:href='dei-2009-01-31.xsd#dei_EntityAddressRegion' xlink:label='loc_EntityAddressRegion' xlink:type='locator' />
<link:loc xlink:href='dei-2009-01-31.xsd#dei_EntityAddressCountry' xlink:label='loc_EntityAddressCountry' xlink:type='locator' />
<link:loc xlink:href='dei-2009-01-31.xsd#dei_EntityAddressPostalZipCode' xlink:label='loc_EntityAddressPostalZipCode' xlink:type='locator' />
<link:definitionArc order='1.0' xlink:arcrole='http://xbrl.org/int/dim/arcrole/domain-member' xlink:from='loc_EntityAddressesLineItems' xlink:to='loc_EntityAddressAddressDescription' xlink:type='arc' />
<link:definitionArc order='2.0' xlink:arcrole='http://xbrl.org/int/dim/arcrole/domain-member' xlink:from='loc_EntityAddressesLineItems' xlink:to='loc_EntityAddressAddressLine1' xlink:type='arc' />
<link:definitionArc order='3.0' xlink:arcrole='http://xbrl.org/int/dim/arcrole/domain-member' xlink:from='loc_EntityAddressesLineItems' xlink:to='loc_EntityAddressAddressLine2' xlink:type='arc' />
<link:definitionArc order='4.0' xlink:arcrole='http://xbrl.org/int/dim/arcrole/domain-member' xlink:from='loc_EntityAddressesLineItems' xlink:to='loc_EntityAddressAddressLine3' xlink:type='arc' />
<link:definitionArc order='5.0' xlink:arcrole='http://xbrl.org/int/dim/arcrole/domain-member' xlink:from='loc_EntityAddressesLineItems' xlink:to='loc_EntityAddressCityOrTown' xlink:type='arc' />
<link:definitionArc order='6.0' xlink:arcrole='http://xbrl.org/int/dim/arcrole/domain-member' xlink:from='loc_EntityAddressesLineItems' xlink:to='loc_EntityAddressStateOrProvince' xlink:type='arc' />
<link:definitionArc order='7.0' xlink:arcrole='http://xbrl.org/int/dim/arcrole/domain-member' xlink:from='loc_EntityAddressesLineItems' xlink:to='loc_EntityAddressRegion' xlink:type='arc' />
<link:definitionArc order='8.0' xlink:arcrole='http://xbrl.org/int/dim/arcrole/domain-member' xlink:from='loc_EntityAddressesLineItems' xlink:to='loc_EntityAddressCountry' xlink:type='arc' />
<link:definitionArc order='9.0' xlink:arcrole='http://xbrl.org/int/dim/arcrole/domain-member' xlink:from='loc_EntityAddressesLineItems' xlink:to='loc_EntityAddressPostalZipCode' xlink:type='arc' />
</link:definitionLink>
<link:definitionLink xlink:role='http://xbrl.us/us-gaap/role/document/EntityInformationEntityAddressesTable' xlink:type='extended'>
<link:loc xlink:href='dei-2009-01-31.xsd#dei_AddressTypeDomain' xlink:label='loc_AddressTypeDomain' xlink:type='locator' />
<link:loc xlink:href='dei-2009-01-31.xsd#dei_MailingAddressMember' xlink:label='loc_MailingAddressMember' xlink:type='locator' />
<link:loc xlink:href='dei-2009-01-31.xsd#dei_PrincipalAddressMember' xlink:label='loc_PrincipalAddressMember' xlink:type='locator' />
<link:loc xlink:href='dei-2009-01-31.xsd#dei_OtherAddressMember' xlink:label='loc_OtherAddressMember' xlink:type='locator' />
<link:loc xlink:href='dei-2009-01-31.xsd#dei_LegalAddressMember' xlink:label='loc_LegalAddressMember' xlink:type='locator' />
<link:loc xlink:href='dei-2009-01-31.xsd#dei_AccountingAddressMember' xlink:label='loc_AccountingAddressMember' xlink:type='locator' />
<link:loc xlink:href='dei-2009-01-31.xsd#dei_ContactAddressMember' xlink:label='loc_ContactAddressMember' xlink:type='locator' />
<link:definitionArc order='1.0' xlink:arcrole='http://xbrl.org/int/dim/arcrole/domain-member' xlink:from='loc_AddressTypeDomain' xlink:to='loc_MailingAddressMember' xlink:type='arc' />
<link:definitionArc order='2.0' xlink:arcrole='http://xbrl.org/int/dim/arcrole/domain-member' xlink:from='loc_AddressTypeDomain' xlink:to='loc_PrincipalAddressMember' xlink:type='arc' />
<link:definitionArc order='3.0' xlink:arcrole='http://xbrl.org/int/dim/arcrole/domain-member' xlink:from='loc_AddressTypeDomain' xlink:to='loc_OtherAddressMember' xlink:type='arc' />
<link:definitionArc order='4.0' xlink:arcrole='http://xbrl.org/int/dim/arcrole/domain-member' xlink:from='loc_AddressTypeDomain' xlink:to='loc_LegalAddressMember' xlink:type='arc' />
<link:definitionArc order='5.0' xlink:arcrole='http://xbrl.org/int/dim/arcrole/domain-member' xlink:from='loc_AddressTypeDomain' xlink:to='loc_AccountingAddressMember' xlink:type='arc' />
<link:definitionArc order='6.0' xlink:arcrole='http://xbrl.org/int/dim/arcrole/domain-member' xlink:from='loc_AddressTypeDomain' xlink:to='loc_ContactAddressMember' xlink:type='arc' />
</link:definitionLink>
<!--Definition relationships for table EntityPhoneFaxNumbersTable in presentation http://xbrl.us/us-gaap/role/document/EntityInformation-->
<link:definitionLink xlink:role='http://xbrl.us/us-gaap/role/document/EntityInformationEntityPhoneFaxNumbersTable' xlink:type='extended'>
<link:loc xlink:href='dei-2009-01-31.xsd#dei_EntityPhoneFaxNumbersTable' xlink:label='loc_EntityPhoneFaxNumbersTable' xlink:type='locator' />
<link:loc xlink:href='dei-2009-01-31.xsd#dei_EntityPhoneFaxNumbersLineItems' xlink:label='loc_EntityPhoneFaxNumbersLineItems' xlink:type='locator' />
<link:definitionArc order='1.0' xbrldt:closed='true' xbrldt:contextElement='segment' xlink:arcrole='http://xbrl.org/int/dim/arcrole/all' xlink:from='loc_EntityPhoneFaxNumbersLineItems' xlink:to='loc_EntityPhoneFaxNumbersTable' xlink:type='arc' />
</link:definitionLink>
<link:definitionLink xlink:role='http://xbrl.us/us-gaap/role/document/EntityInformationEntityPhoneFaxNumbersTable' xlink:type='extended'>
<link:loc xlink:href='dei-2009-01-31.xsd#dei_EntityPhoneFaxNumbersTable' xlink:label='loc_EntityPhoneFaxNumbersTable' xlink:type='locator' />
<link:loc xlink:href='dei-2009-01-31.xsd#dei_LegalEntityAxis' xlink:label='loc_LegalEntityAxis' xlink:type='locator' />
<link:loc xlink:href='dei-2009-01-31.xsd#dei_EntityPhoneFaxNumbersPhoneFaxNumberTypeAxis' xlink:label='loc_EntityPhoneFaxNumbersPhoneFaxNumberTypeAxis' xlink:type='locator' />
<link:definitionArc order='1.0' xlink:arcrole='http://xbrl.org/int/dim/arcrole/hypercube-dimension' xlink:from='loc_EntityPhoneFaxNumbersTable' xlink:to='loc_LegalEntityAxis' xlink:type='arc' />
<link:definitionArc order='2.0' xlink:arcrole='http://xbrl.org/int/dim/arcrole/hypercube-dimension' xlink:from='loc_EntityPhoneFaxNumbersTable' xlink:to='loc_EntityPhoneFaxNumbersPhoneFaxNumberTypeAxis' xlink:type='arc' />
</link:definitionLink>
<link:definitionLink xlink:role='http://xbrl.us/us-gaap/role/document/EntityInformationEntityPhoneFaxNumbersTable' xlink:type='extended'>
<link:loc xlink:href='dei-2009-01-31.xsd#dei_LegalEntityAxis' xlink:label='loc_LegalEntityAxis' xlink:type='locator' />
<link:loc xlink:href='dei-2009-01-31.xsd#dei_EntityDomain' xlink:label='loc_EntityDomain' xlink:type='locator' />
<link:loc xlink:href='dei-2009-01-31.xsd#dei_EntityPhoneFaxNumbersPhoneFaxNumberTypeAxis' xlink:label='loc_EntityPhoneFaxNumbersPhoneFaxNumberTypeAxis' xlink:type='locator' />
<link:loc xlink:href='dei-2009-01-31.xsd#dei_PhoneFaxNumberTypeDomain' xlink:label='loc_PhoneFaxNumberTypeDomain' xlink:type='locator' />
<link:definitionArc order='1.0' xlink:arcrole='http://xbrl.org/int/dim/arcrole/dimension-domain' xlink:from='loc_LegalEntityAxis' xlink:to='loc_EntityDomain' xlink:type='arc' />
<link:definitionArc order='2.0' xlink:arcrole='http://xbrl.org/int/dim/arcrole/dimension-domain' xlink:from='loc_EntityPhoneFaxNumbersPhoneFaxNumberTypeAxis' xlink:to='loc_PhoneFaxNumberTypeDomain' xlink:type='arc' />
</link:definitionLink>
<link:definitionLink xlink:role='http://xbrl.us/us-gaap/role/document/EntityInformationEntityPhoneFaxNumbersTable' xlink:type='extended'>
<link:loc xlink:href='dei-2009-01-31.xsd#dei_LegalEntityAxis' xlink:label='loc_LegalEntityAxis' xlink:type='locator' />
<link:loc xlink:href='dei-2009-01-31.xsd#dei_EntityDomain' xlink:label='loc_EntityDomain' xlink:type='locator' />
<link:loc xlink:href='dei-2009-01-31.xsd#dei_EntityPhoneFaxNumbersPhoneFaxNumberTypeAxis' xlink:label='loc_EntityPhoneFaxNumbersPhoneFaxNumberTypeAxis' xlink:type='locator' />
<link:loc xlink:href='dei-2009-01-31.xsd#dei_PhoneFaxNumberTypeDomain' xlink:label='loc_PhoneFaxNumberTypeDomain' xlink:type='locator' />
<link:definitionArc order='1.0' xlink:arcrole='http://xbrl.org/int/dim/arcrole/dimension-default' xlink:from='loc_LegalEntityAxis' xlink:to='loc_EntityDomain' xlink:type='arc' />
<link:definitionArc order='2.0' xlink:arcrole='http://xbrl.org/int/dim/arcrole/dimension-default' xlink:from='loc_EntityPhoneFaxNumbersPhoneFaxNumberTypeAxis' xlink:to='loc_PhoneFaxNumberTypeDomain' xlink:type='arc' />
</link:definitionLink>
<link:definitionLink xlink:role='http://xbrl.us/us-gaap/role/document/EntityInformationEntityPhoneFaxNumbersTable' xlink:type='extended'>
<link:loc xlink:href='dei-2009-01-31.xsd#dei_EntityPhoneFaxNumbersLineItems' xlink:label='loc_EntityPhoneFaxNumbersLineItems' xlink:type='locator' />
<link:loc xlink:href='dei-2009-01-31.xsd#dei_PhoneFaxNumberDescription' xlink:label='loc_PhoneFaxNumberDescription' xlink:type='locator' />
<link:loc xlink:href='dei-2009-01-31.xsd#dei_CountryRegion' xlink:label='loc_CountryRegion' xlink:type='locator' />
<link:loc xlink:href='dei-2009-01-31.xsd#dei_CityAreaCode' xlink:label='loc_CityAreaCode' xlink:type='locator' />
<link:loc xlink:href='dei-2009-01-31.xsd#dei_LocalPhoneNumber' xlink:label='loc_LocalPhoneNumber' xlink:type='locator' />
<link:loc xlink:href='dei-2009-01-31.xsd#dei_Extension' xlink:label='loc_Extension' xlink:type='locator' />
<link:definitionArc order='1.0' xlink:arcrole='http://xbrl.org/int/dim/arcrole/domain-member' xlink:from='loc_EntityPhoneFaxNumbersLineItems' xlink:to='loc_PhoneFaxNumberDescription' xlink:type='arc' />
<link:definitionArc order='2.0' xlink:arcrole='http://xbrl.org/int/dim/arcrole/domain-member' xlink:from='loc_EntityPhoneFaxNumbersLineItems' xlink:to='loc_CountryRegion' xlink:type='arc' />
<link:definitionArc order='3.0' xlink:arcrole='http://xbrl.org/int/dim/arcrole/domain-member' xlink:from='loc_EntityPhoneFaxNumbersLineItems' xlink:to='loc_CityAreaCode' xlink:type='arc' />
<link:definitionArc order='4.0' xlink:arcrole='http://xbrl.org/int/dim/arcrole/domain-member' xlink:from='loc_EntityPhoneFaxNumbersLineItems' xlink:to='loc_LocalPhoneNumber' xlink:type='arc' />
<link:definitionArc order='5.0' xlink:arcrole='http://xbrl.org/int/dim/arcrole/domain-member' xlink:from='loc_EntityPhoneFaxNumbersLineItems' xlink:to='loc_Extension' xlink:type='arc' />
</link:definitionLink>
<link:definitionLink xlink:role='http://xbrl.us/us-gaap/role/document/EntityInformationEntityPhoneFaxNumbersTable' xlink:type='extended'>
<link:loc xlink:href='dei-2009-01-31.xsd#dei_PhoneFaxNumberTypeDomain' xlink:label='loc_PhoneFaxNumberTypeDomain' xlink:type='locator' />
<link:loc xlink:href='dei-2009-01-31.xsd#dei_InvestorRelationsPhoneMember' xlink:label='loc_InvestorRelationsPhoneMember' xlink:type='locator' />
<link:loc xlink:href='dei-2009-01-31.xsd#dei_InvestorRelationsFaxMember' xlink:label='loc_InvestorRelationsFaxMember' xlink:type='locator' />
<link:loc xlink:href='dei-2009-01-31.xsd#dei_GeneralPhoneMember' xlink:label='loc_GeneralPhoneMember' xlink:type='locator' />
<link:loc xlink:href='dei-2009-01-31.xsd#dei_GeneralFaxMember' xlink:label='loc_GeneralFaxMember' xlink:type='locator' />
<link:loc xlink:href='dei-2009-01-31.xsd#dei_LegalPhoneMember' xlink:label='loc_LegalPhoneMember' xlink:type='locator' />
<link:loc xlink:href='dei-2009-01-31.xsd#dei_LegalFaxMember' xlink:label='loc_LegalFaxMember' xlink:type='locator' />
<link:loc xlink:href='dei-2009-01-31.xsd#dei_AccountingPhoneMember' xlink:label='loc_AccountingPhoneMember' xlink:type='locator' />
<link:loc xlink:href='dei-2009-01-31.xsd#dei_AccountingFaxMember' xlink:label='loc_AccountingFaxMember' xlink:type='locator' />
<link:loc xlink:href='dei-2009-01-31.xsd#dei_ContactPhoneMember' xlink:label='loc_ContactPhoneMember' xlink:type='locator' />
<link:loc xlink:href='dei-2009-01-31.xsd#dei_ContactFaxMember' xlink:label='loc_ContactFaxMember' xlink:type='locator' />
<link:definitionArc order='1.0' xlink:arcrole='http://xbrl.org/int/dim/arcrole/domain-member' xlink:from='loc_PhoneFaxNumberTypeDomain' xlink:to='loc_InvestorRelationsPhoneMember' xlink:type='arc' />
<link:definitionArc order='2.0' xlink:arcrole='http://xbrl.org/int/dim/arcrole/domain-member' xlink:from='loc_PhoneFaxNumberTypeDomain' xlink:to='loc_InvestorRelationsFaxMember' xlink:type='arc' />
<link:definitionArc order='3.0' xlink:arcrole='http://xbrl.org/int/dim/arcrole/domain-member' xlink:from='loc_PhoneFaxNumberTypeDomain' xlink:to='loc_GeneralPhoneMember' xlink:type='arc' />
<link:definitionArc order='4.0' xlink:arcrole='http://xbrl.org/int/dim/arcrole/domain-member' xlink:from='loc_PhoneFaxNumberTypeDomain' xlink:to='loc_GeneralFaxMember' xlink:type='arc' />
<link:definitionArc order='5.0' xlink:arcrole='http://xbrl.org/int/dim/arcrole/domain-member' xlink:from='loc_PhoneFaxNumberTypeDomain' xlink:to='loc_LegalPhoneMember' xlink:type='arc' />
<link:definitionArc order='6.0' xlink:arcrole='http://xbrl.org/int/dim/arcrole/domain-member' xlink:from='loc_PhoneFaxNumberTypeDomain' xlink:to='loc_LegalFaxMember' xlink:type='arc' />
<link:definitionArc order='7.0' xlink:arcrole='http://xbrl.org/int/dim/arcrole/domain-member' xlink:from='loc_PhoneFaxNumberTypeDomain' xlink:to='loc_AccountingPhoneMember' xlink:type='arc' />
<link:definitionArc order='8.0' xlink:arcrole='http://xbrl.org/int/dim/arcrole/domain-member' xlink:from='loc_PhoneFaxNumberTypeDomain' xlink:to='loc_AccountingFaxMember' xlink:type='arc' />
<link:definitionArc order='9.0' xlink:arcrole='http://xbrl.org/int/dim/arcrole/domain-member' xlink:from='loc_PhoneFaxNumberTypeDomain' xlink:to='loc_ContactPhoneMember' xlink:type='arc' />
<link:definitionArc order='10.0' xlink:arcrole='http://xbrl.org/int/dim/arcrole/domain-member' xlink:from='loc_PhoneFaxNumberTypeDomain' xlink:to='loc_ContactFaxMember' xlink:type='arc' />
</link:definitionLink>
<!--Definition relationships for table EntityListingsTable in presentation http://xbrl.us/us-gaap/role/document/EntityInformation-->
<link:definitionLink xlink:role='http://xbrl.us/us-gaap/role/document/EntityInformationEntityListingsTable' xlink:type='extended'>
<link:loc xlink:href='dei-2009-01-31.xsd#dei_EntityListingsTable' xlink:label='loc_EntityListingsTable' xlink:type='locator' />
<link:loc xlink:href='dei-2009-01-31.xsd#dei_EntityListingsLineItems' xlink:label='loc_EntityListingsLineItems' xlink:type='locator' />
<link:definitionArc order='1.0' xbrldt:closed='true' xbrldt:contextElement='segment' xlink:arcrole='http://xbrl.org/int/dim/arcrole/all' xlink:from='loc_EntityListingsLineItems' xlink:to='loc_EntityListingsTable' xlink:type='arc' />
</link:definitionLink>
<link:definitionLink xlink:role='http://xbrl.us/us-gaap/role/document/EntityInformationEntityListingsTable' xlink:type='extended'>
<link:loc xlink:href='dei-2009-01-31.xsd#dei_EntityListingsTable' xlink:label='loc_EntityListingsTable' xlink:type='locator' />
<link:loc xlink:href='dei-2009-01-31.xsd#dei_LegalEntityAxis' xlink:label='loc_LegalEntityAxis' xlink:type='locator' />
<link:loc xlink:href='dei-2009-01-31.xsd#dei_EntityListingsInstrumentAxis' xlink:label='loc_EntityListingsInstrumentAxis' xlink:type='locator' />
<link:loc xlink:href='dei-2009-01-31.xsd#dei_EntityListingsExchangeAxis' xlink:label='loc_EntityListingsExchangeAxis' xlink:type='locator' />
<link:definitionArc order='1.0' xlink:arcrole='http://xbrl.org/int/dim/arcrole/hypercube-dimension' xlink:from='loc_EntityListingsTable' xlink:to='loc_LegalEntityAxis' xlink:type='arc' />
<link:definitionArc order='2.0' xlink:arcrole='http://xbrl.org/int/dim/arcrole/hypercube-dimension' xlink:from='loc_EntityListingsTable' xlink:to='loc_EntityListingsInstrumentAxis' xlink:type='arc' />
<link:definitionArc order='3.0' xlink:arcrole='http://xbrl.org/int/dim/arcrole/hypercube-dimension' xlink:from='loc_EntityListingsTable' xlink:to='loc_EntityListingsExchangeAxis' xlink:type='arc' />
</link:definitionLink>
<link:definitionLink xlink:role='http://xbrl.us/us-gaap/role/document/EntityInformationEntityListingsTable' xlink:type='extended'>
<link:loc xlink:href='dei-2009-01-31.xsd#dei_LegalEntityAxis' xlink:label='loc_LegalEntityAxis' xlink:type='locator' />
<link:loc xlink:href='dei-2009-01-31.xsd#dei_EntityDomain' xlink:label='loc_EntityDomain' xlink:type='locator' />
<link:loc xlink:href='dei-2009-01-31.xsd#dei_EntityListingsInstrumentAxis' xlink:label='loc_EntityListingsInstrumentAxis' xlink:type='locator' />
<link:loc xlink:href='dei-2009-01-31.xsd#dei_InstrumentDomain' xlink:label='loc_InstrumentDomain' xlink:type='locator' />
<link:loc xlink:href='dei-2009-01-31.xsd#dei_EntityListingsExchangeAxis' xlink:label='loc_EntityListingsExchangeAxis' xlink:type='locator' />
<link:loc xlink:href='dei-2009-01-31.xsd#dei_ExchangeDomain' xlink:label='loc_ExchangeDomain' xlink:type='locator' />
<link:definitionArc order='1.0' xlink:arcrole='http://xbrl.org/int/dim/arcrole/dimension-domain' xlink:from='loc_LegalEntityAxis' xlink:to='loc_EntityDomain' xlink:type='arc' />
<link:definitionArc order='2.0' xlink:arcrole='http://xbrl.org/int/dim/arcrole/dimension-domain' xlink:from='loc_EntityListingsInstrumentAxis' xlink:to='loc_InstrumentDomain' xlink:type='arc' />
<link:definitionArc order='3.0' xlink:arcrole='http://xbrl.org/int/dim/arcrole/dimension-domain' xlink:from='loc_EntityListingsExchangeAxis' xlink:to='loc_ExchangeDomain' xlink:type='arc' />
</link:definitionLink>
<link:definitionLink xlink:role='http://xbrl.us/us-gaap/role/document/EntityInformationEntityListingsTable' xlink:type='extended'>
<link:loc xlink:href='dei-2009-01-31.xsd#dei_LegalEntityAxis' xlink:label='loc_LegalEntityAxis' xlink:type='locator' />
<link:loc xlink:href='dei-2009-01-31.xsd#dei_EntityDomain' xlink:label='loc_EntityDomain' xlink:type='locator' />
<link:loc xlink:href='dei-2009-01-31.xsd#dei_EntityListingsInstrumentAxis' xlink:label='loc_EntityListingsInstrumentAxis' xlink:type='locator' />
<link:loc xlink:href='dei-2009-01-31.xsd#dei_InstrumentDomain' xlink:label='loc_InstrumentDomain' xlink:type='locator' />
<link:loc xlink:href='dei-2009-01-31.xsd#dei_EntityListingsExchangeAxis' xlink:label='loc_EntityListingsExchangeAxis' xlink:type='locator' />
<link:loc xlink:href='dei-2009-01-31.xsd#dei_ExchangeDomain' xlink:label='loc_ExchangeDomain' xlink:type='locator' />
<link:definitionArc order='1.0' xlink:arcrole='http://xbrl.org/int/dim/arcrole/dimension-default' xlink:from='loc_LegalEntityAxis' xlink:to='loc_EntityDomain' xlink:type='arc' />
<link:definitionArc order='2.0' xlink:arcrole='http://xbrl.org/int/dim/arcrole/dimension-default' xlink:from='loc_EntityListingsInstrumentAxis' xlink:to='loc_InstrumentDomain' xlink:type='arc' />
<link:definitionArc order='3.0' xlink:arcrole='http://xbrl.org/int/dim/arcrole/dimension-default' xlink:from='loc_EntityListingsExchangeAxis' xlink:to='loc_ExchangeDomain' xlink:type='arc' />
</link:definitionLink>
<link:definitionLink xlink:role='http://xbrl.us/us-gaap/role/document/EntityInformationEntityListingsTable' xlink:type='extended'>
<link:loc xlink:href='dei-2009-01-31.xsd#dei_EntityListingsLineItems' xlink:label='loc_EntityListingsLineItems' xlink:type='locator' />
<link:loc xlink:href='dei-2009-01-31.xsd#dei_TradingSymbol' xlink:label='loc_TradingSymbol' xlink:type='locator' />
<link:loc xlink:href='dei-2009-01-31.xsd#dei_EntityListingPrimary' xlink:label='loc_EntityListingPrimary' xlink:type='locator' />
<link:loc xlink:href='dei-2009-01-31.xsd#dei_EntityListingForeign' xlink:label='loc_EntityListingForeign' xlink:type='locator' />
<link:loc xlink:href='dei-2009-01-31.xsd#dei_EntityListingDepositoryReceiptRatio' xlink:label='loc_EntityListingDepositoryReceiptRatio' xlink:type='locator' />
<link:loc xlink:href='dei-2009-01-31.xsd#dei_EntityListingDescription' xlink:label='loc_EntityListingDescription' xlink:type='locator' />
<link:loc xlink:href='dei-2009-01-31.xsd#dei_EntityListingSecurityTradingCurrency' xlink:label='loc_EntityListingSecurityTradingCurrency' xlink:type='locator' />
<link:loc xlink:href='dei-2009-01-31.xsd#dei_EntityListingParValuePerShare' xlink:label='loc_EntityListingParValuePerShare' xlink:type='locator' />
<link:loc xlink:href='dei-2009-01-31.xsd#dei_EntityCommonStockSharesOutstanding' xlink:label='loc_EntityCommonStockSharesOutstanding' xlink:type='locator' />
<link:definitionArc order='1.0' xlink:arcrole='http://xbrl.org/int/dim/arcrole/domain-member' xlink:from='loc_EntityListingsLineItems' xlink:to='loc_TradingSymbol' xlink:type='arc' />
<link:definitionArc order='2.0' xlink:arcrole='http://xbrl.org/int/dim/arcrole/domain-member' xlink:from='loc_EntityListingsLineItems' xlink:to='loc_EntityListingPrimary' xlink:type='arc' />
<link:definitionArc order='3.0' xlink:arcrole='http://xbrl.org/int/dim/arcrole/domain-member' xlink:from='loc_EntityListingsLineItems' xlink:to='loc_EntityListingForeign' xlink:type='arc' />
<link:definitionArc order='4.0' xlink:arcrole='http://xbrl.org/int/dim/arcrole/domain-member' xlink:from='loc_EntityListingsLineItems' xlink:to='loc_EntityListingDepositoryReceiptRatio' xlink:type='arc' />
<link:definitionArc order='5.0' xlink:arcrole='http://xbrl.org/int/dim/arcrole/domain-member' xlink:from='loc_EntityListingsLineItems' xlink:to='loc_EntityListingDescription' xlink:type='arc' />
<link:definitionArc order='6.0' xlink:arcrole='http://xbrl.org/int/dim/arcrole/domain-member' xlink:from='loc_EntityListingsLineItems' xlink:to='loc_EntityListingSecurityTradingCurrency' xlink:type='arc' />
<link:definitionArc order='7.0' xlink:arcrole='http://xbrl.org/int/dim/arcrole/domain-member' xlink:from='loc_EntityListingsLineItems' xlink:to='loc_EntityListingParValuePerShare' xlink:type='arc' />
<link:definitionArc order='8.0' xlink:arcrole='http://xbrl.org/int/dim/arcrole/domain-member' xlink:from='loc_EntityListingsLineItems' xlink:to='loc_EntityCommonStockSharesOutstanding' xlink:type='arc' />
</link:definitionLink>
<!--Definition relationships for table EntityLocationTable in presentation http://xbrl.us/us-gaap/role/document/EntityInformation-->
<link:definitionLink xlink:role='http://xbrl.us/us-gaap/role/document/EntityInformationEntityLocationTable' xlink:type='extended'>
<link:loc xlink:href='dei-2009-01-31.xsd#dei_EntityLocationTable' xlink:label='loc_EntityLocationTable' xlink:type='locator' />
<link:loc xlink:href='dei-2009-01-31.xsd#dei_EntityLocationLineItems' xlink:label='loc_EntityLocationLineItems' xlink:type='locator' />
<link:definitionArc order='1.0' xbrldt:closed='true' xbrldt:contextElement='segment' xlink:arcrole='http://xbrl.org/int/dim/arcrole/all' xlink:from='loc_EntityLocationLineItems' xlink:to='loc_EntityLocationTable' xlink:type='arc' />
</link:definitionLink>
<link:definitionLink xlink:role='http://xbrl.us/us-gaap/role/document/EntityInformationEntityLocationTable' xlink:type='extended'>
<link:loc xlink:href='dei-2009-01-31.xsd#dei_EntityLocationTable' xlink:label='loc_EntityLocationTable' xlink:type='locator' />
<link:loc xlink:href='dei-2009-01-31.xsd#dei_LegalEntityAxis' xlink:label='loc_LegalEntityAxis' xlink:type='locator' />
<link:loc xlink:href='dei-2009-01-31.xsd#dei_EntityByLocationAxis' xlink:label='loc_EntityByLocationAxis' xlink:type='locator' />
<link:definitionArc order='1.0' xlink:arcrole='http://xbrl.org/int/dim/arcrole/hypercube-dimension' xlink:from='loc_EntityLocationTable' xlink:to='loc_LegalEntityAxis' xlink:type='arc' />
<link:definitionArc order='2.0' xlink:arcrole='http://xbrl.org/int/dim/arcrole/hypercube-dimension' xlink:from='loc_EntityLocationTable' xlink:to='loc_EntityByLocationAxis' xlink:type='arc' />
</link:definitionLink>
<link:definitionLink xlink:role='http://xbrl.us/us-gaap/role/document/EntityInformationEntityLocationTable' xlink:type='extended'>
<link:loc xlink:href='dei-2009-01-31.xsd#dei_LegalEntityAxis' xlink:label='loc_LegalEntityAxis' xlink:type='locator' />
<link:loc xlink:href='dei-2009-01-31.xsd#dei_EntityDomain' xlink:label='loc_EntityDomain' xlink:type='locator' />
<link:loc xlink:href='dei-2009-01-31.xsd#dei_EntityByLocationAxis' xlink:label='loc_EntityByLocationAxis' xlink:type='locator' />
<link:loc xlink:href='dei-2009-01-31.xsd#dei_LocationDomain' xlink:label='loc_LocationDomain' xlink:type='locator' />
<link:definitionArc order='1.0' xlink:arcrole='http://xbrl.org/int/dim/arcrole/dimension-domain' xlink:from='loc_LegalEntityAxis' xlink:to='loc_EntityDomain' xlink:type='arc' />
<link:definitionArc order='2.0' xlink:arcrole='http://xbrl.org/int/dim/arcrole/dimension-domain' xlink:from='loc_EntityByLocationAxis' xlink:to='loc_LocationDomain' xlink:type='arc' />
</link:definitionLink>
<link:definitionLink xlink:role='http://xbrl.us/us-gaap/role/document/EntityInformationEntityLocationTable' xlink:type='extended'>
<link:loc xlink:href='dei-2009-01-31.xsd#dei_LegalEntityAxis' xlink:label='loc_LegalEntityAxis' xlink:type='locator' />
<link:loc xlink:href='dei-2009-01-31.xsd#dei_EntityDomain' xlink:label='loc_EntityDomain' xlink:type='locator' />
<link:loc xlink:href='dei-2009-01-31.xsd#dei_EntityByLocationAxis' xlink:label='loc_EntityByLocationAxis' xlink:type='locator' />
<link:loc xlink:href='dei-2009-01-31.xsd#dei_LocationDomain' xlink:label='loc_LocationDomain' xlink:type='locator' />
<link:definitionArc order='1.0' xlink:arcrole='http://xbrl.org/int/dim/arcrole/dimension-default' xlink:from='loc_LegalEntityAxis' xlink:to='loc_EntityDomain' xlink:type='arc' />
<link:definitionArc order='2.0' xlink:arcrole='http://xbrl.org/int/dim/arcrole/dimension-default' xlink:from='loc_EntityByLocationAxis' xlink:to='loc_LocationDomain' xlink:type='arc' />
</link:definitionLink>
<link:definitionLink xlink:role='http://xbrl.us/us-gaap/role/document/EntityInformationEntityLocationTable' xlink:type='extended'>
<link:loc xlink:href='dei-2009-01-31.xsd#dei_EntityLocationLineItems' xlink:label='loc_EntityLocationLineItems' xlink:type='locator' />
<link:loc xlink:href='dei-2009-01-31.xsd#dei_EntityLocationPrimary' xlink:label='loc_EntityLocationPrimary' xlink:type='locator' />
<link:definitionArc order='1.0' xlink:arcrole='http://xbrl.org/int/dim/arcrole/domain-member' xlink:from='loc_EntityLocationLineItems' xlink:to='loc_EntityLocationPrimary' xlink:type='arc' />
</link:definitionLink>
</link:linkbase>
