<?xml version='1.0' encoding='UTF-8'?>

<!--
(c) 2010-2019 Financial Accounting Foundation; (c) 2007-2010 XBRL US, Inc.  All Right Reserved.
Notice: Authorized Uses are Set Forth at http://xbrl.fasb.org/terms/SRT_TermsConditions.html
  -->
<link:linkbase xmlns:link='http://www.xbrl.org/2003/linkbase' xmlns:xbrldt='http://xbrl.org/2005/xbrldt' xmlns:xlink='http://www.w3.org/1999/xlink' xmlns:xsi='http://www.w3.org/2001/XMLSchema-instance' xsi:schemaLocation='http://www.xbrl.org/2003/linkbase http://www.xbrl.org/2003/xbrl-linkbase-2003-12-31.xsd'>
<link:roleRef roleURI='http://fasb.org/srt/role/srt-eedm/ExtensibleEnumerationLists' xlink:href='../elts/srt-roles-2019-01-31.xsd#eedm1' xlink:type='simple' />
<link:arcroleRef arcroleURI='http://xbrl.org/int/dim/arcrole/domain-member' xlink:href='http://www.xbrl.org/2005/xbrldt-2005.xsd#domain-member' xlink:type='simple' />
<link:definitionLink xlink:role='http://fasb.org/srt/role/srt-eedm/ExtensibleEnumerationLists' xlink:type='extended'>
<link:loc xlink:href='../elts/srt-2019-01-31.xsd#srt_SegmentGeographicalDomain' xlink:label='loc_SegmentGeographicalDomain' xlink:type='locator' />
<link:loc xlink:href='https://xbrl.sec.gov/country/2017/country-2017-01-31.xsd#country_CA' xlink:label='loc_CA' xlink:type='locator' />
<link:loc xlink:href='https://xbrl.sec.gov/country/2017/country-2017-01-31.xsd#country_GB' xlink:label='loc_GB' xlink:type='locator' />
<link:loc xlink:href='https://xbrl.sec.gov/country/2017/country-2017-01-31.xsd#country_US' xlink:label='loc_US' xlink:type='locator' />
<link:definitionArc order='10' xlink:arcrole='http://xbrl.org/int/dim/arcrole/domain-member' xlink:from='loc_SegmentGeographicalDomain' xlink:to='loc_CA' xlink:type='arc' />
<link:definitionArc order='20' xlink:arcrole='http://xbrl.org/int/dim/arcrole/domain-member' xlink:from='loc_SegmentGeographicalDomain' xlink:to='loc_GB' xlink:type='arc' />
<link:definitionArc order='30' xlink:arcrole='http://xbrl.org/int/dim/arcrole/domain-member' xlink:from='loc_SegmentGeographicalDomain' xlink:to='loc_US' xlink:type='arc' />
</link:definitionLink>
</link:linkbase>
