<?xml version='1.0' encoding='UTF-8'?>

<!--
(c) 2010-2024 Financial Accounting Foundation; (c) 2007-2010 XBRL US, Inc.  All Rights Reserved.
Notice: Authorized Uses are Set Forth at https://xbrl.fasb.org/terms/SRT_TermsConditions.html
  -->
<link:linkbase xmlns:link='http://www.xbrl.org/2003/linkbase' xmlns:xlink='http://www.w3.org/1999/xlink' xmlns:xsi='http://www.w3.org/2001/XMLSchema-instance' xsi:schemaLocation='http://www.xbrl.org/2003/linkbase http://www.xbrl.org/2003/xbrl-linkbase-2003-12-31.xsd'>
  <link:roleRef roleURI='http://fasb.org/srt/role/disclosure/SECScheduleArticle12-04CondensedFinancialInformation' xlink:href='../elts/srt-roles-2024.xsd#srt-sec-cndfir' xlink:type='simple' />
  <link:presentationLink xlink:role='http://fasb.org/srt/role/disclosure/SECScheduleArticle12-04CondensedFinancialInformation' xlink:type='extended'>
    <link:loc xlink:href='../elts/srt-2024.xsd#srt_CondensedFinancialInformationOfParentCompanyOnlyDisclosureAbstract' xlink:label='loc_CondensedFinancialInformationOfParentCompanyOnlyDisclosureAbstract' xlink:type='locator' />
    <link:loc xlink:href='../elts/srt-2024.xsd#srt_CondensedFinancialStatementsTextBlock' xlink:label='loc_CondensedFinancialStatementsTextBlock' xlink:type='locator' />
    <link:loc xlink:href='../elts/srt-2024.xsd#srt_ScheduleOfCondensedFinancialStatementsTableTextBlock' xlink:label='loc_ScheduleOfCondensedFinancialStatementsTableTextBlock' xlink:type='locator' />
    <link:loc xlink:href='../elts/srt-2024.xsd#srt_ScheduleOfCondensedFinancialStatementsTable' xlink:label='loc_ScheduleOfCondensedFinancialStatementsTable' xlink:type='locator' />
    <link:loc xlink:href='https://xbrl.sec.gov/dei/2024/dei-2024.xsd#dei_LegalEntityAxis' xlink:label='loc_LegalEntityAxis' xlink:type='locator' />
    <link:loc xlink:href='https://xbrl.sec.gov/dei/2024/dei-2024.xsd#dei_EntityDomain' xlink:label='loc_EntityDomain' xlink:type='locator' />
    <link:loc xlink:href='../elts/srt-2024.xsd#srt_ConsolidatedEntitiesAxis' xlink:label='loc_ConsolidatedEntitiesAxis' xlink:type='locator' />
    <link:loc xlink:href='../elts/srt-2024.xsd#srt_ConsolidatedEntitiesDomain' xlink:label='loc_ConsolidatedEntitiesDomain' xlink:type='locator' />
    <link:loc xlink:href='../elts/srt-2024.xsd#srt_ParentCompanyMember' xlink:label='loc_ParentCompanyMember' xlink:type='locator' />
    <link:loc xlink:href='../elts/srt-2024.xsd#srt_SubsidiariesMember' xlink:label='loc_SubsidiariesMember' xlink:type='locator' />
    <link:loc xlink:href='../elts/srt-2024.xsd#srt_GuarantorSubsidiariesMember' xlink:label='loc_GuarantorSubsidiariesMember' xlink:type='locator' />
    <link:loc xlink:href='../elts/srt-2024.xsd#srt_NonGuarantorSubsidiariesMember' xlink:label='loc_NonGuarantorSubsidiariesMember' xlink:type='locator' />
    <link:loc xlink:href='../elts/srt-2024.xsd#srt_SubsidiaryIssuerMember' xlink:label='loc_SubsidiaryIssuerMember' xlink:type='locator' />
    <link:loc xlink:href='../elts/srt-2024.xsd#srt_ConsolidationItemsAxis' xlink:label='loc_ConsolidationItemsAxis' xlink:type='locator' />
    <link:loc xlink:href='../elts/srt-2024.xsd#srt_ConsolidationItemsDomain' xlink:label='loc_ConsolidationItemsDomain' xlink:type='locator' />
    <link:loc xlink:href='../elts/srt-2024.xsd#srt_ReportableGeographicalComponentsMember' xlink:label='loc_ReportableGeographicalComponentsMember' xlink:type='locator' />
    <link:loc xlink:href='../elts/srt-2024.xsd#srt_GeographyEliminationsMember' xlink:label='loc_GeographyEliminationsMember' xlink:type='locator' />
    <link:loc xlink:href='../elts/srt-2024.xsd#srt_ReportableLegalEntitiesMember' xlink:label='loc_ReportableLegalEntitiesMember' xlink:type='locator' />
    <link:loc xlink:href='../elts/srt-2024.xsd#srt_ConsolidationEliminationsMember' xlink:label='loc_ConsolidationEliminationsMember' xlink:type='locator' />
    <link:loc xlink:href='../elts/srt-2024.xsd#srt_CondensedFinancialStatementsCaptionsLineItems' xlink:label='loc_CondensedFinancialStatementsCaptionsLineItems' xlink:type='locator' />
    <link:loc xlink:href='../elts/srt-2024.xsd#srt_ScheduleOfCondensedBalanceSheetTableTextBlock' xlink:label='loc_ScheduleOfCondensedBalanceSheetTableTextBlock' xlink:type='locator' />
    <link:loc xlink:href='../elts/srt-2024.xsd#srt_CondensedBalanceSheetStatementTable' xlink:label='loc_CondensedBalanceSheetStatementTable' xlink:type='locator' />
    <link:loc xlink:href='../elts/srt-2024.xsd#srt_CondensedBalanceSheetStatementsCaptionsLineItems' xlink:label='loc_CondensedBalanceSheetStatementsCaptionsLineItems' xlink:type='locator' />
    <link:loc xlink:href='../elts/srt-2024.xsd#srt_ScheduleOfCondensedIncomeStatementTableTextBlock' xlink:label='loc_ScheduleOfCondensedIncomeStatementTableTextBlock' xlink:type='locator' />
    <link:loc xlink:href='../elts/srt-2024.xsd#srt_CondensedIncomeStatementTable' xlink:label='loc_CondensedIncomeStatementTable' xlink:type='locator' />
    <link:loc xlink:href='../elts/srt-2024.xsd#srt_CondensedIncomeStatementsCaptionsLineItems' xlink:label='loc_CondensedIncomeStatementsCaptionsLineItems' xlink:type='locator' />
    <link:loc xlink:href='../elts/srt-2024.xsd#srt_CondensedStatementOfComprehensiveIncomeTableTextBlock' xlink:label='loc_CondensedStatementOfComprehensiveIncomeTableTextBlock' xlink:type='locator' />
    <link:loc xlink:href='../elts/srt-2024.xsd#srt_CondensedStatementOfComprehensiveIncomeTable' xlink:label='loc_CondensedStatementOfComprehensiveIncomeTable' xlink:type='locator' />
    <link:loc xlink:href='../elts/srt-2024.xsd#srt_CondensedStatementOfIncomeCaptionsLineItems' xlink:label='loc_CondensedStatementOfIncomeCaptionsLineItems' xlink:type='locator' />
    <link:loc xlink:href='../elts/srt-2024.xsd#srt_ScheduleOfCondensedCashFlowStatementTableTextBlock' xlink:label='loc_ScheduleOfCondensedCashFlowStatementTableTextBlock' xlink:type='locator' />
    <link:loc xlink:href='../elts/srt-2024.xsd#srt_CondensedCashFlowStatementTable' xlink:label='loc_CondensedCashFlowStatementTable' xlink:type='locator' />
    <link:loc xlink:href='../elts/srt-2024.xsd#srt_CondensedCashFlowStatementsCaptionsLineItems' xlink:label='loc_CondensedCashFlowStatementsCaptionsLineItems' xlink:type='locator' />
    <link:loc xlink:href='../elts/srt-2024.xsd#srt_DescriptionOfMaterialContingenciesOfParentCompany' xlink:label='loc_DescriptionOfMaterialContingenciesOfParentCompany' xlink:type='locator' />
    <link:loc xlink:href='../elts/srt-2024.xsd#srt_DescriptionOfSignificantProvisionsOfLongTermObligationsOfParentCompany' xlink:label='loc_DescriptionOfSignificantProvisionsOfLongTermObligationsOfParentCompany' xlink:type='locator' />
    <link:loc xlink:href='../elts/srt-2024.xsd#srt_DescriptionOfMandatoryDividendOrRedemptionProvisionsOfRedeemableStockOfParentCompany' xlink:label='loc_DescriptionOfMandatoryDividendOrRedemptionProvisionsOfRedeemableStockOfParentCompany' xlink:type='locator' />
    <link:loc xlink:href='../elts/srt-2024.xsd#srt_DescriptionOfGuaranteesGivenByParentCompany' xlink:label='loc_DescriptionOfGuaranteesGivenByParentCompany' xlink:type='locator' />
    <link:loc xlink:href='../elts/srt-2024.xsd#srt_ContractualObligationFiscalYearMaturityScheduleTableTextBlock' xlink:label='loc_ContractualObligationFiscalYearMaturityScheduleTableTextBlock' xlink:type='locator' />
    <link:presentationArc order='10' xlink:arcrole='http://www.xbrl.org/2003/arcrole/parent-child' xlink:from='loc_CondensedFinancialInformationOfParentCompanyOnlyDisclosureAbstract' xlink:to='loc_CondensedFinancialStatementsTextBlock' xlink:type='arc' />
    <link:presentationArc order='10' xlink:arcrole='http://www.xbrl.org/2003/arcrole/parent-child' xlink:from='loc_CondensedFinancialStatementsTextBlock' xlink:to='loc_ScheduleOfCondensedFinancialStatementsTableTextBlock' xlink:type='arc' />
    <link:presentationArc order='10' xlink:arcrole='http://www.xbrl.org/2003/arcrole/parent-child' xlink:from='loc_ScheduleOfCondensedFinancialStatementsTableTextBlock' xlink:to='loc_ScheduleOfCondensedFinancialStatementsTable' xlink:type='arc' />
    <link:presentationArc order='10' xlink:arcrole='http://www.xbrl.org/2003/arcrole/parent-child' xlink:from='loc_ScheduleOfCondensedFinancialStatementsTable' xlink:to='loc_LegalEntityAxis' xlink:type='arc' />
    <link:presentationArc order='10' xlink:arcrole='http://www.xbrl.org/2003/arcrole/parent-child' xlink:from='loc_LegalEntityAxis' xlink:to='loc_EntityDomain' xlink:type='arc' />
    <link:presentationArc order='20' xlink:arcrole='http://www.xbrl.org/2003/arcrole/parent-child' xlink:from='loc_ScheduleOfCondensedFinancialStatementsTable' xlink:to='loc_ConsolidatedEntitiesAxis' xlink:type='arc' />
    <link:presentationArc order='10' xlink:arcrole='http://www.xbrl.org/2003/arcrole/parent-child' xlink:from='loc_ConsolidatedEntitiesAxis' xlink:to='loc_ConsolidatedEntitiesDomain' xlink:type='arc' />
    <link:presentationArc order='10' xlink:arcrole='http://www.xbrl.org/2003/arcrole/parent-child' xlink:from='loc_ConsolidatedEntitiesDomain' xlink:to='loc_ParentCompanyMember' xlink:type='arc' />
    <link:presentationArc order='20' xlink:arcrole='http://www.xbrl.org/2003/arcrole/parent-child' xlink:from='loc_ConsolidatedEntitiesDomain' xlink:to='loc_SubsidiariesMember' xlink:type='arc' />
    <link:presentationArc order='10' xlink:arcrole='http://www.xbrl.org/2003/arcrole/parent-child' xlink:from='loc_SubsidiariesMember' xlink:to='loc_GuarantorSubsidiariesMember' xlink:type='arc' />
    <link:presentationArc order='20' xlink:arcrole='http://www.xbrl.org/2003/arcrole/parent-child' xlink:from='loc_SubsidiariesMember' xlink:to='loc_NonGuarantorSubsidiariesMember' xlink:type='arc' />
    <link:presentationArc order='30' xlink:arcrole='http://www.xbrl.org/2003/arcrole/parent-child' xlink:from='loc_SubsidiariesMember' xlink:to='loc_SubsidiaryIssuerMember' xlink:type='arc' />
    <link:presentationArc order='30' xlink:arcrole='http://www.xbrl.org/2003/arcrole/parent-child' xlink:from='loc_ScheduleOfCondensedFinancialStatementsTable' xlink:to='loc_ConsolidationItemsAxis' xlink:type='arc' />
    <link:presentationArc order='10' xlink:arcrole='http://www.xbrl.org/2003/arcrole/parent-child' xlink:from='loc_ConsolidationItemsAxis' xlink:to='loc_ConsolidationItemsDomain' xlink:type='arc' />
    <link:presentationArc order='10' xlink:arcrole='http://www.xbrl.org/2003/arcrole/parent-child' xlink:from='loc_ConsolidationItemsDomain' xlink:to='loc_ReportableGeographicalComponentsMember' xlink:type='arc' />
    <link:presentationArc order='20' xlink:arcrole='http://www.xbrl.org/2003/arcrole/parent-child' xlink:from='loc_ConsolidationItemsDomain' xlink:to='loc_GeographyEliminationsMember' xlink:type='arc' />
    <link:presentationArc order='30' xlink:arcrole='http://www.xbrl.org/2003/arcrole/parent-child' xlink:from='loc_ConsolidationItemsDomain' xlink:to='loc_ReportableLegalEntitiesMember' xlink:type='arc' />
    <link:presentationArc order='40' xlink:arcrole='http://www.xbrl.org/2003/arcrole/parent-child' xlink:from='loc_ConsolidationItemsDomain' xlink:to='loc_ConsolidationEliminationsMember' xlink:type='arc' />
    <link:presentationArc order='40' xlink:arcrole='http://www.xbrl.org/2003/arcrole/parent-child' xlink:from='loc_ScheduleOfCondensedFinancialStatementsTable' xlink:to='loc_CondensedFinancialStatementsCaptionsLineItems' xlink:type='arc' />
    <link:presentationArc order='20' xlink:arcrole='http://www.xbrl.org/2003/arcrole/parent-child' xlink:from='loc_CondensedFinancialStatementsTextBlock' xlink:to='loc_ScheduleOfCondensedBalanceSheetTableTextBlock' xlink:type='arc' />
    <link:presentationArc order='10' xlink:arcrole='http://www.xbrl.org/2003/arcrole/parent-child' xlink:from='loc_ScheduleOfCondensedBalanceSheetTableTextBlock' xlink:to='loc_CondensedBalanceSheetStatementTable' xlink:type='arc' />
    <link:presentationArc order='10' xlink:arcrole='http://www.xbrl.org/2003/arcrole/parent-child' xlink:from='loc_CondensedBalanceSheetStatementTable' xlink:to='loc_LegalEntityAxis' xlink:type='arc' />
    <link:presentationArc order='20' xlink:arcrole='http://www.xbrl.org/2003/arcrole/parent-child' xlink:from='loc_CondensedBalanceSheetStatementTable' xlink:to='loc_ConsolidatedEntitiesAxis' xlink:type='arc' />
    <link:presentationArc order='30' xlink:arcrole='http://www.xbrl.org/2003/arcrole/parent-child' xlink:from='loc_CondensedBalanceSheetStatementTable' xlink:to='loc_ConsolidationItemsAxis' xlink:type='arc' />
    <link:presentationArc order='40' xlink:arcrole='http://www.xbrl.org/2003/arcrole/parent-child' xlink:from='loc_CondensedBalanceSheetStatementTable' xlink:to='loc_CondensedBalanceSheetStatementsCaptionsLineItems' xlink:type='arc' />
    <link:presentationArc order='30' xlink:arcrole='http://www.xbrl.org/2003/arcrole/parent-child' xlink:from='loc_CondensedFinancialStatementsTextBlock' xlink:to='loc_ScheduleOfCondensedIncomeStatementTableTextBlock' xlink:type='arc' />
    <link:presentationArc order='10' xlink:arcrole='http://www.xbrl.org/2003/arcrole/parent-child' xlink:from='loc_ScheduleOfCondensedIncomeStatementTableTextBlock' xlink:to='loc_CondensedIncomeStatementTable' xlink:type='arc' />
    <link:presentationArc order='10' xlink:arcrole='http://www.xbrl.org/2003/arcrole/parent-child' xlink:from='loc_CondensedIncomeStatementTable' xlink:to='loc_LegalEntityAxis' xlink:type='arc' />
    <link:presentationArc order='20' xlink:arcrole='http://www.xbrl.org/2003/arcrole/parent-child' xlink:from='loc_CondensedIncomeStatementTable' xlink:to='loc_ConsolidatedEntitiesAxis' xlink:type='arc' />
    <link:presentationArc order='30' xlink:arcrole='http://www.xbrl.org/2003/arcrole/parent-child' xlink:from='loc_CondensedIncomeStatementTable' xlink:to='loc_ConsolidationItemsAxis' xlink:type='arc' />
    <link:presentationArc order='40' xlink:arcrole='http://www.xbrl.org/2003/arcrole/parent-child' xlink:from='loc_CondensedIncomeStatementTable' xlink:to='loc_CondensedIncomeStatementsCaptionsLineItems' xlink:type='arc' />
    <link:presentationArc order='40' xlink:arcrole='http://www.xbrl.org/2003/arcrole/parent-child' xlink:from='loc_CondensedFinancialStatementsTextBlock' xlink:to='loc_CondensedStatementOfComprehensiveIncomeTableTextBlock' xlink:type='arc' />
    <link:presentationArc order='10' xlink:arcrole='http://www.xbrl.org/2003/arcrole/parent-child' xlink:from='loc_CondensedStatementOfComprehensiveIncomeTableTextBlock' xlink:to='loc_CondensedStatementOfComprehensiveIncomeTable' xlink:type='arc' />
    <link:presentationArc order='10' xlink:arcrole='http://www.xbrl.org/2003/arcrole/parent-child' xlink:from='loc_CondensedStatementOfComprehensiveIncomeTable' xlink:to='loc_LegalEntityAxis' xlink:type='arc' />
    <link:presentationArc order='20' xlink:arcrole='http://www.xbrl.org/2003/arcrole/parent-child' xlink:from='loc_CondensedStatementOfComprehensiveIncomeTable' xlink:to='loc_ConsolidatedEntitiesAxis' xlink:type='arc' />
    <link:presentationArc order='30' xlink:arcrole='http://www.xbrl.org/2003/arcrole/parent-child' xlink:from='loc_CondensedStatementOfComprehensiveIncomeTable' xlink:to='loc_ConsolidationItemsAxis' xlink:type='arc' />
    <link:presentationArc order='40' xlink:arcrole='http://www.xbrl.org/2003/arcrole/parent-child' xlink:from='loc_CondensedStatementOfComprehensiveIncomeTable' xlink:to='loc_CondensedStatementOfIncomeCaptionsLineItems' xlink:type='arc' />
    <link:presentationArc order='50' xlink:arcrole='http://www.xbrl.org/2003/arcrole/parent-child' xlink:from='loc_CondensedFinancialStatementsTextBlock' xlink:to='loc_ScheduleOfCondensedCashFlowStatementTableTextBlock' xlink:type='arc' />
    <link:presentationArc order='10' xlink:arcrole='http://www.xbrl.org/2003/arcrole/parent-child' xlink:from='loc_ScheduleOfCondensedCashFlowStatementTableTextBlock' xlink:to='loc_CondensedCashFlowStatementTable' xlink:type='arc' />
    <link:presentationArc order='10' xlink:arcrole='http://www.xbrl.org/2003/arcrole/parent-child' xlink:from='loc_CondensedCashFlowStatementTable' xlink:to='loc_LegalEntityAxis' xlink:type='arc' />
    <link:presentationArc order='20' xlink:arcrole='http://www.xbrl.org/2003/arcrole/parent-child' xlink:from='loc_CondensedCashFlowStatementTable' xlink:to='loc_ConsolidatedEntitiesAxis' xlink:type='arc' />
    <link:presentationArc order='30' xlink:arcrole='http://www.xbrl.org/2003/arcrole/parent-child' xlink:from='loc_CondensedCashFlowStatementTable' xlink:to='loc_ConsolidationItemsAxis' xlink:type='arc' />
    <link:presentationArc order='40' xlink:arcrole='http://www.xbrl.org/2003/arcrole/parent-child' xlink:from='loc_CondensedCashFlowStatementTable' xlink:to='loc_CondensedCashFlowStatementsCaptionsLineItems' xlink:type='arc' />
    <link:presentationArc order='60' xlink:arcrole='http://www.xbrl.org/2003/arcrole/parent-child' xlink:from='loc_CondensedFinancialStatementsTextBlock' xlink:to='loc_DescriptionOfMaterialContingenciesOfParentCompany' xlink:type='arc' />
    <link:presentationArc order='70' xlink:arcrole='http://www.xbrl.org/2003/arcrole/parent-child' xlink:from='loc_CondensedFinancialStatementsTextBlock' xlink:to='loc_DescriptionOfSignificantProvisionsOfLongTermObligationsOfParentCompany' xlink:type='arc' />
    <link:presentationArc order='80' xlink:arcrole='http://www.xbrl.org/2003/arcrole/parent-child' xlink:from='loc_CondensedFinancialStatementsTextBlock' xlink:to='loc_DescriptionOfMandatoryDividendOrRedemptionProvisionsOfRedeemableStockOfParentCompany' xlink:type='arc' />
    <link:presentationArc order='90' xlink:arcrole='http://www.xbrl.org/2003/arcrole/parent-child' xlink:from='loc_CondensedFinancialStatementsTextBlock' xlink:to='loc_DescriptionOfGuaranteesGivenByParentCompany' xlink:type='arc' />
    <link:presentationArc order='20' xlink:arcrole='http://www.xbrl.org/2003/arcrole/parent-child' xlink:from='loc_CondensedFinancialInformationOfParentCompanyOnlyDisclosureAbstract' xlink:to='loc_ContractualObligationFiscalYearMaturityScheduleTableTextBlock' xlink:type='arc' />
  </link:presentationLink>
</link:linkbase>
