<?xml version='1.0' encoding='UTF-8'?>

<!--
(c) 2010-2024 Financial Accounting Foundation; (c) 2007-2010 XBRL US, Inc.  All Rights Reserved.
Notice: Authorized Uses are Set Forth at https://xbrl.fasb.org/terms/SRT_TermsConditions.html
  -->
<link:linkbase xmlns:link='http://www.xbrl.org/2003/linkbase' xmlns:xlink='http://www.w3.org/1999/xlink' xmlns:xsi='http://www.w3.org/2001/XMLSchema-instance' xsi:schemaLocation='http://www.xbrl.org/2003/linkbase http://www.xbrl.org/2003/xbrl-linkbase-2003-12-31.xsd'>
  <link:roleRef roleURI='http://fasb.org/srt/role/disclosure/SECScheduleArticle12-18SupplementalInformationForProperty-CasualtyInsuranceUnderwriters' xlink:href='../elts/srt-roles-2024.xsd#srt-sec-suppc' xlink:type='simple' />
  <link:presentationLink xlink:role='http://fasb.org/srt/role/disclosure/SECScheduleArticle12-18SupplementalInformationForProperty-CasualtyInsuranceUnderwriters' xlink:type='extended'>
    <link:loc xlink:href='../elts/srt-2024.xsd#srt_SupplementalInformationForPropertyCasualtyInsuranceUnderwritersAbstract' xlink:label='loc_SupplementalInformationForPropertyCasualtyInsuranceUnderwritersAbstract' xlink:type='locator' />
    <link:loc xlink:href='../elts/srt-2024.xsd#srt_ScheduleOfSupplementalInformationForPropertyCasualtyInsuranceUnderwritersTextBlock' xlink:label='loc_ScheduleOfSupplementalInformationForPropertyCasualtyInsuranceUnderwritersTextBlock' xlink:type='locator' />
    <link:loc xlink:href='../elts/srt-2024.xsd#srt_SupplementalInformationForPropertyCasualtyInsuranceUnderwritersTable' xlink:label='loc_SupplementalInformationForPropertyCasualtyInsuranceUnderwritersTable' xlink:type='locator' />
    <link:loc xlink:href='../elts/srt-2024.xsd#srt_SupplementalInformationForPropertyCasualtyInsuranceUnderwritersByAffiliationWithRegistrantAxis' xlink:label='loc_SupplementalInformationForPropertyCasualtyInsuranceUnderwritersByAffiliationWithRegistrantAxis' xlink:type='locator' />
    <link:loc xlink:href='../elts/srt-2024.xsd#srt_PropertyCasualtyInsuranceUnderwritersAffiliationWithRegistrantDomain' xlink:label='loc_PropertyCasualtyInsuranceUnderwritersAffiliationWithRegistrantDomain' xlink:type='locator' />
    <link:loc xlink:href='../elts/srt-2024.xsd#srt_ConsolidatedPropertyAndCasualtyInsuranceEntityMember' xlink:label='loc_ConsolidatedPropertyAndCasualtyInsuranceEntityMember' xlink:type='locator' />
    <link:loc xlink:href='../elts/srt-2024.xsd#srt_UnconsolidatedPropertyAndCasualtyInsuranceEntityMember' xlink:label='loc_UnconsolidatedPropertyAndCasualtyInsuranceEntityMember' xlink:type='locator' />
    <link:loc xlink:href='../elts/srt-2024.xsd#srt_EquityInvestmentInPropertyAndCasualtyInsuranceInvesteeMember' xlink:label='loc_EquityInvestmentInPropertyAndCasualtyInsuranceInvesteeMember' xlink:type='locator' />
    <link:loc xlink:href='../elts/srt-2024.xsd#srt_RangeAxis' xlink:label='loc_RangeAxis' xlink:type='locator' />
    <link:loc xlink:href='../elts/srt-2024.xsd#srt_RangeMember' xlink:label='loc_RangeMember' xlink:type='locator' />
    <link:loc xlink:href='../elts/srt-2024.xsd#srt_MaximumMember' xlink:label='loc_MaximumMember' xlink:type='locator' />
    <link:loc xlink:href='../elts/srt-2024.xsd#srt_MinimumMember' xlink:label='loc_MinimumMember' xlink:type='locator' />
    <link:loc xlink:href='../elts/srt-2024.xsd#srt_SupplementalInformationForPropertyCasualtyInsuranceUnderwritersLineItems' xlink:label='loc_SupplementalInformationForPropertyCasualtyInsuranceUnderwritersLineItems' xlink:type='locator' />
    <link:loc xlink:href='../elts/srt-2024.xsd#srt_SecSchedule1218SupplementalInformationPropertyCasualtyInsuranceUnderwritersAffiliatedRegistrantNameExtensibleEnumeration' xlink:label='loc_SecSchedule1218SupplementalInformationPropertyCasualtyInsuranceUnderwritersAffiliatedRegistrantNameExtensibleEnumeration' xlink:type='locator' />
    <link:loc xlink:href='../elts/srt-2024.xsd#srt_SecSchedule1218SupplementalInformationPropertyCasualtyInsuranceUnderwritersAffiliatedRegistrantOmittedInformation' xlink:label='loc_SecSchedule1218SupplementalInformationPropertyCasualtyInsuranceUnderwritersAffiliatedRegistrantOmittedInformation' xlink:type='locator' />
    <link:loc xlink:href='../elts/srt-2024.xsd#srt_SecSchedule1218SupplementalInformationPropertyCasualtyInsuranceUnderwritersAffiliatedRegistrantSeparateFiling' xlink:label='loc_SecSchedule1218SupplementalInformationPropertyCasualtyInsuranceUnderwritersAffiliatedRegistrantSeparateFiling' xlink:type='locator' />
    <link:presentationArc order='10' xlink:arcrole='http://www.xbrl.org/2003/arcrole/parent-child' xlink:from='loc_SupplementalInformationForPropertyCasualtyInsuranceUnderwritersAbstract' xlink:to='loc_ScheduleOfSupplementalInformationForPropertyCasualtyInsuranceUnderwritersTextBlock' xlink:type='arc' />
    <link:presentationArc order='10' xlink:arcrole='http://www.xbrl.org/2003/arcrole/parent-child' xlink:from='loc_ScheduleOfSupplementalInformationForPropertyCasualtyInsuranceUnderwritersTextBlock' xlink:to='loc_SupplementalInformationForPropertyCasualtyInsuranceUnderwritersTable' xlink:type='arc' />
    <link:presentationArc order='10' xlink:arcrole='http://www.xbrl.org/2003/arcrole/parent-child' xlink:from='loc_SupplementalInformationForPropertyCasualtyInsuranceUnderwritersTable' xlink:to='loc_SupplementalInformationForPropertyCasualtyInsuranceUnderwritersByAffiliationWithRegistrantAxis' xlink:type='arc' />
    <link:presentationArc order='10' xlink:arcrole='http://www.xbrl.org/2003/arcrole/parent-child' xlink:from='loc_SupplementalInformationForPropertyCasualtyInsuranceUnderwritersByAffiliationWithRegistrantAxis' xlink:to='loc_PropertyCasualtyInsuranceUnderwritersAffiliationWithRegistrantDomain' xlink:type='arc' />
    <link:presentationArc order='10' xlink:arcrole='http://www.xbrl.org/2003/arcrole/parent-child' xlink:from='loc_PropertyCasualtyInsuranceUnderwritersAffiliationWithRegistrantDomain' xlink:to='loc_ConsolidatedPropertyAndCasualtyInsuranceEntityMember' xlink:type='arc' />
    <link:presentationArc order='20' xlink:arcrole='http://www.xbrl.org/2003/arcrole/parent-child' xlink:from='loc_PropertyCasualtyInsuranceUnderwritersAffiliationWithRegistrantDomain' xlink:to='loc_UnconsolidatedPropertyAndCasualtyInsuranceEntityMember' xlink:type='arc' />
    <link:presentationArc order='30' xlink:arcrole='http://www.xbrl.org/2003/arcrole/parent-child' xlink:from='loc_PropertyCasualtyInsuranceUnderwritersAffiliationWithRegistrantDomain' xlink:to='loc_EquityInvestmentInPropertyAndCasualtyInsuranceInvesteeMember' xlink:type='arc' />
    <link:presentationArc order='20' xlink:arcrole='http://www.xbrl.org/2003/arcrole/parent-child' xlink:from='loc_SupplementalInformationForPropertyCasualtyInsuranceUnderwritersTable' xlink:to='loc_RangeAxis' xlink:type='arc' />
    <link:presentationArc order='10' xlink:arcrole='http://www.xbrl.org/2003/arcrole/parent-child' xlink:from='loc_RangeAxis' xlink:to='loc_RangeMember' xlink:type='arc' />
    <link:presentationArc order='10' xlink:arcrole='http://www.xbrl.org/2003/arcrole/parent-child' xlink:from='loc_RangeMember' xlink:to='loc_MaximumMember' xlink:type='arc' />
    <link:presentationArc order='20' xlink:arcrole='http://www.xbrl.org/2003/arcrole/parent-child' xlink:from='loc_RangeMember' xlink:to='loc_MinimumMember' xlink:type='arc' />
    <link:presentationArc order='30' xlink:arcrole='http://www.xbrl.org/2003/arcrole/parent-child' xlink:from='loc_SupplementalInformationForPropertyCasualtyInsuranceUnderwritersTable' xlink:to='loc_SupplementalInformationForPropertyCasualtyInsuranceUnderwritersLineItems' xlink:type='arc' />
    <link:presentationArc order='10' xlink:arcrole='http://www.xbrl.org/2003/arcrole/parent-child' xlink:from='loc_SupplementalInformationForPropertyCasualtyInsuranceUnderwritersLineItems' xlink:to='loc_SecSchedule1218SupplementalInformationPropertyCasualtyInsuranceUnderwritersAffiliatedRegistrantNameExtensibleEnumeration' xlink:type='arc' />
    <link:presentationArc order='20' xlink:arcrole='http://www.xbrl.org/2003/arcrole/parent-child' xlink:from='loc_SupplementalInformationForPropertyCasualtyInsuranceUnderwritersLineItems' xlink:to='loc_SecSchedule1218SupplementalInformationPropertyCasualtyInsuranceUnderwritersAffiliatedRegistrantOmittedInformation' xlink:type='arc' />
    <link:presentationArc order='30' xlink:arcrole='http://www.xbrl.org/2003/arcrole/parent-child' xlink:from='loc_SupplementalInformationForPropertyCasualtyInsuranceUnderwritersLineItems' xlink:to='loc_SecSchedule1218SupplementalInformationPropertyCasualtyInsuranceUnderwritersAffiliatedRegistrantSeparateFiling' xlink:type='arc' />
  </link:presentationLink>
</link:linkbase>
