<?xml version='1.0' encoding='UTF-8'?>

<!--
(c) 2010-2024 Financial Accounting Foundation; (c) 2007-2010 XBRL US, Inc.  All Rights Reserved.
Notice: Authorized Uses are Set Forth at https://xbrl.fasb.org/terms/SRT_TermsConditions.html
  -->
<link:linkbase xmlns:link='http://www.xbrl.org/2003/linkbase' xmlns:xlink='http://www.w3.org/1999/xlink' xmlns:xsi='http://www.w3.org/2001/XMLSchema-instance' xsi:schemaLocation='http://www.xbrl.org/2003/linkbase http://www.xbrl.org/2003/xbrl-linkbase-2003-12-31.xsd'>
  <link:roleRef roleURI='http://fasb.org/srt/role/disclosure/ExtractiveIndustries' xlink:href='../elts/srt-roles-2024.xsd#srt-ei' xlink:type='simple' />
  <link:presentationLink xlink:role='http://fasb.org/srt/role/disclosure/ExtractiveIndustries' xlink:type='extended'>
    <link:loc xlink:href='../elts/srt-2024.xsd#srt_ExtractiveIndustriesAbstract' xlink:label='loc_ExtractiveIndustriesAbstract' xlink:type='locator' />
    <link:loc xlink:href='../elts/srt-2024.xsd#srt_ScheduleOfProvedDevelopedAndUndevelopedOilAndGasReserveQuantitiesTextBlock' xlink:label='loc_ScheduleOfProvedDevelopedAndUndevelopedOilAndGasReserveQuantitiesTextBlock' xlink:type='locator' />
    <link:loc xlink:href='../elts/srt-2024.xsd#srt_ProvedDevelopedAndUndevelopedOilAndGasReserveQuantitiesTable' xlink:label='loc_ProvedDevelopedAndUndevelopedOilAndGasReserveQuantitiesTable' xlink:type='locator' />
    <link:loc xlink:href='../elts/srt-2024.xsd#srt_ReserveQuantitiesByTypeOfReserveAxis' xlink:label='loc_ReserveQuantitiesByTypeOfReserveAxis' xlink:type='locator' />
    <link:loc xlink:href='../elts/srt-2024.xsd#srt_TypeOfReserveDomain' xlink:label='loc_TypeOfReserveDomain' xlink:type='locator' />
    <link:loc xlink:href='../elts/srt-2024.xsd#srt_CrudeOilAndNGLPerBarrelMember' xlink:label='loc_CrudeOilAndNGLPerBarrelMember' xlink:type='locator' />
    <link:loc xlink:href='../elts/srt-2024.xsd#srt_OilReservesMember' xlink:label='loc_OilReservesMember' xlink:type='locator' />
    <link:loc xlink:href='../elts/srt-2024.xsd#srt_NaturalGasReservesMember' xlink:label='loc_NaturalGasReservesMember' xlink:type='locator' />
    <link:loc xlink:href='../elts/srt-2024.xsd#srt_NaturalGasLiquidsReservesMember' xlink:label='loc_NaturalGasLiquidsReservesMember' xlink:type='locator' />
    <link:loc xlink:href='../elts/srt-2024.xsd#srt_NaturalGasPerThousandCubicFeetMember' xlink:label='loc_NaturalGasPerThousandCubicFeetMember' xlink:type='locator' />
    <link:loc xlink:href='../elts/srt-2024.xsd#srt_SyntheticOilMember' xlink:label='loc_SyntheticOilMember' xlink:type='locator' />
    <link:loc xlink:href='../elts/srt-2024.xsd#srt_SyntheticGasMember' xlink:label='loc_SyntheticGasMember' xlink:type='locator' />
    <link:loc xlink:href='../elts/srt-2024.xsd#srt_OtherNonrenewableNaturalResourcesMember' xlink:label='loc_OtherNonrenewableNaturalResourcesMember' xlink:type='locator' />
    <link:loc xlink:href='../elts/srt-2024.xsd#srt_StatementGeographicalAxis' xlink:label='loc_StatementGeographicalAxis' xlink:type='locator' />
    <link:loc xlink:href='../elts/srt-2024.xsd#srt_SegmentGeographicalDomain' xlink:label='loc_SegmentGeographicalDomain' xlink:type='locator' />
    <link:loc xlink:href='../elts/srt-2024.xsd#srt_ReserveQuantitiesLineItems' xlink:label='loc_ReserveQuantitiesLineItems' xlink:type='locator' />
    <link:loc xlink:href='../elts/srt-2024.xsd#srt_IncreaseDecreaseInProvedDevelopedAndUndevelopedReservesRollForward' xlink:label='loc_IncreaseDecreaseInProvedDevelopedAndUndevelopedReservesRollForward' xlink:type='locator' />
    <link:loc xlink:href='../elts/srt-2024.xsd#srt_ProvedDevelopedAndUndevelopedReservesNet' xlink:label='loc_ProvedDevelopedAndUndevelopedReservesNet_1' xlink:type='locator' />
    <link:loc xlink:href='../elts/srt-2024.xsd#srt_ProvedDevelopedAndUndevelopedReservesNet' xlink:label='loc_ProvedDevelopedAndUndevelopedReservesNet' xlink:type='locator' />
    <link:loc xlink:href='../elts/srt-2024.xsd#srt_ProvedDevelopedAndUndevelopedReservesRevisionsOfPreviousEstimatesIncreaseDecrease' xlink:label='loc_ProvedDevelopedAndUndevelopedReservesRevisionsOfPreviousEstimatesIncreaseDecrease' xlink:type='locator' />
    <link:loc xlink:href='../elts/srt-2024.xsd#srt_ProvedDevelopedAndUndevelopedReservesImprovedRecovery' xlink:label='loc_ProvedDevelopedAndUndevelopedReservesImprovedRecovery' xlink:type='locator' />
    <link:loc xlink:href='../elts/srt-2024.xsd#srt_ProvedDevelopedAndUndevelopedReservesPurchasesOfMineralsInPlace' xlink:label='loc_ProvedDevelopedAndUndevelopedReservesPurchasesOfMineralsInPlace' xlink:type='locator' />
    <link:loc xlink:href='../elts/srt-2024.xsd#srt_ProvedDevelopedAndUndevelopedReservesExtensionsDiscoveriesAndAdditions' xlink:label='loc_ProvedDevelopedAndUndevelopedReservesExtensionsDiscoveriesAndAdditions' xlink:type='locator' />
    <link:loc xlink:href='../elts/srt-2024.xsd#srt_ProvedDevelopedAndUndevelopedReservesProduction' xlink:label='loc_ProvedDevelopedAndUndevelopedReservesProduction' xlink:type='locator' />
    <link:loc xlink:href='../elts/srt-2024.xsd#srt_ProvedDevelopedAndUndevelopedReservesSalesOfMineralsInPlace' xlink:label='loc_ProvedDevelopedAndUndevelopedReservesSalesOfMineralsInPlace' xlink:type='locator' />
    <link:loc xlink:href='../elts/srt-2024.xsd#srt_ProvedDevelopedAndUndevelopedReservesNetPeriodIncreaseDecrease' xlink:label='loc_ProvedDevelopedAndUndevelopedReservesNetPeriodIncreaseDecrease' xlink:type='locator' />
    <link:loc xlink:href='../elts/srt-2024.xsd#srt_ProvedDevelopedAndUndevelopedReserveEnergyRollForward' xlink:label='loc_ProvedDevelopedAndUndevelopedReserveEnergyRollForward' xlink:type='locator' />
    <link:loc xlink:href='../elts/srt-2024.xsd#srt_ProvedDevelopedAndUndevelopedReserveNetEnergy' xlink:label='loc_ProvedDevelopedAndUndevelopedReserveNetEnergy_1' xlink:type='locator' />
    <link:loc xlink:href='../elts/srt-2024.xsd#srt_ProvedDevelopedAndUndevelopedReserveNetEnergy' xlink:label='loc_ProvedDevelopedAndUndevelopedReserveNetEnergy' xlink:type='locator' />
    <link:loc xlink:href='../elts/srt-2024.xsd#srt_ProvedDevelopedAndUndevelopedReserveRevisionOfPreviousEstimateEnergy' xlink:label='loc_ProvedDevelopedAndUndevelopedReserveRevisionOfPreviousEstimateEnergy' xlink:type='locator' />
    <link:loc xlink:href='../elts/srt-2024.xsd#srt_ProvedDevelopedAndUndevelopedReserveImprovedRecoveryEnergy' xlink:label='loc_ProvedDevelopedAndUndevelopedReserveImprovedRecoveryEnergy' xlink:type='locator' />
    <link:loc xlink:href='../elts/srt-2024.xsd#srt_ProvedDevelopedAndUndevelopedReservePurchaseOfMineralInPlaceEnergy' xlink:label='loc_ProvedDevelopedAndUndevelopedReservePurchaseOfMineralInPlaceEnergy' xlink:type='locator' />
    <link:loc xlink:href='../elts/srt-2024.xsd#srt_ProvedDevelopedAndUndevelopedReserveExtensionAndDiscoveryEnergy' xlink:label='loc_ProvedDevelopedAndUndevelopedReserveExtensionAndDiscoveryEnergy' xlink:type='locator' />
    <link:loc xlink:href='../elts/srt-2024.xsd#srt_ProvedDevelopedAndUndevelopedReserveProductionEnergy' xlink:label='loc_ProvedDevelopedAndUndevelopedReserveProductionEnergy' xlink:type='locator' />
    <link:loc xlink:href='../elts/srt-2024.xsd#srt_ProvedDevelopedAndUndevelopedReservesSaleOfMineralInPlaceEnergy' xlink:label='loc_ProvedDevelopedAndUndevelopedReservesSaleOfMineralInPlaceEnergy' xlink:type='locator' />
    <link:loc xlink:href='../elts/srt-2024.xsd#srt_ProvedDevelopedAndUndevelopedReserveNetEnergyPeriodIncreaseDecrease' xlink:label='loc_ProvedDevelopedAndUndevelopedReserveNetEnergyPeriodIncreaseDecrease' xlink:type='locator' />
    <link:loc xlink:href='../elts/srt-2024.xsd#srt_ProvedDevelopedReservesVolume' xlink:label='loc_ProvedDevelopedReservesVolume' xlink:type='locator' />
    <link:loc xlink:href='../elts/srt-2024.xsd#srt_ProvedDevelopedReservesBOE1' xlink:label='loc_ProvedDevelopedReservesBOE1' xlink:type='locator' />
    <link:loc xlink:href='../elts/srt-2024.xsd#srt_ProvedUndevelopedReserveVolume' xlink:label='loc_ProvedUndevelopedReserveVolume' xlink:type='locator' />
    <link:loc xlink:href='../elts/srt-2024.xsd#srt_ProvedUndevelopedReserveBOE1' xlink:label='loc_ProvedUndevelopedReserveBOE1' xlink:type='locator' />
    <link:loc xlink:href='../elts/srt-2024.xsd#srt_SignificantChangesInReserves' xlink:label='loc_SignificantChangesInReserves' xlink:type='locator' />
    <link:loc xlink:href='../elts/srt-2024.xsd#srt_ProvedReserveQuantityLocationInHomeCountry' xlink:label='loc_ProvedReserveQuantityLocationInHomeCountry' xlink:type='locator' />
    <link:loc xlink:href='../elts/srt-2024.xsd#srt_LongTermSupplyAgreementsWithGovernmentsOrAuthoritiesAbstract' xlink:label='loc_LongTermSupplyAgreementsWithGovernmentsOrAuthoritiesAbstract' xlink:type='locator' />
    <link:loc xlink:href='../elts/srt-2024.xsd#srt_ProvedOilAndGasReserveQuantitiesApplicableToLongTermSupplyAgreementsWithGovernmentsOrAuthorities' xlink:label='loc_ProvedOilAndGasReserveQuantitiesApplicableToLongTermSupplyAgreementsWithGovernmentsOrAuthorities' xlink:type='locator' />
    <link:loc xlink:href='../elts/srt-2024.xsd#srt_OilAndGasQuantitiesReceivedUnderLongTermSupplyAgreementsWithGovernmentsOrAuthorities' xlink:label='loc_OilAndGasQuantitiesReceivedUnderLongTermSupplyAgreementsWithGovernmentsOrAuthorities' xlink:type='locator' />
    <link:loc xlink:href='../elts/srt-2024.xsd#srt_ReserveQuantityAttributableToConsolidatedSubsidiaryNoncontrollingInterestVolume' xlink:label='loc_ReserveQuantityAttributableToConsolidatedSubsidiaryNoncontrollingInterestVolume' xlink:type='locator' />
    <link:loc xlink:href='../elts/srt-2024.xsd#srt_ReserveQuantityAttributableToConsolidatedSubsidiaryNoncontrollingInterest' xlink:label='loc_ReserveQuantityAttributableToConsolidatedSubsidiaryNoncontrollingInterest' xlink:type='locator' />
    <link:loc xlink:href='../elts/srt-2024.xsd#srt_ReservesShareOfEquityMethodInvesteesNetProvedOilAndGasReserves' xlink:label='loc_ReservesShareOfEquityMethodInvesteesNetProvedOilAndGasReserves' xlink:type='locator' />
    <link:loc xlink:href='../elts/srt-2024.xsd#srt_StandardizedMeasureOfDiscountedFutureCashFlowsRelatingToProvedReservesDisclosureTextBlock' xlink:label='loc_StandardizedMeasureOfDiscountedFutureCashFlowsRelatingToProvedReservesDisclosureTextBlock' xlink:type='locator' />
    <link:loc xlink:href='../elts/srt-2024.xsd#srt_DiscountedFutureNetCashFlowsRelatingToProvedOilAndGasReservesTable' xlink:label='loc_DiscountedFutureNetCashFlowsRelatingToProvedOilAndGasReservesTable' xlink:type='locator' />
    <link:loc xlink:href='../elts/srt-2024.xsd#srt_DiscountedFutureNetCashFlowsRelatingToProvedOilAndGasReservesLineItems' xlink:label='loc_DiscountedFutureNetCashFlowsRelatingToProvedOilAndGasReservesLineItems' xlink:type='locator' />
    <link:loc xlink:href='../elts/srt-2024.xsd#srt_DiscountedFutureNetCashFlowsRelatingToProvedOilAndGasReservesStandardizedMeasureAbstract' xlink:label='loc_DiscountedFutureNetCashFlowsRelatingToProvedOilAndGasReservesStandardizedMeasureAbstract' xlink:type='locator' />
    <link:loc xlink:href='../elts/srt-2024.xsd#srt_DiscountedFutureNetCashFlowsRelatingToProvedOilAndGasReservesFutureNetCashFlowsAbstract' xlink:label='loc_DiscountedFutureNetCashFlowsRelatingToProvedOilAndGasReservesFutureNetCashFlowsAbstract' xlink:type='locator' />
    <link:loc xlink:href='../elts/srt-2024.xsd#srt_FutureNetCashFlowsRelatingToProvedOilAndGasReservesCashInflows' xlink:label='loc_FutureNetCashFlowsRelatingToProvedOilAndGasReservesCashInflows' xlink:type='locator' />
    <link:loc xlink:href='../elts/srt-2024.xsd#srt_FutureNetCashFlowsRelatingToProvedOilAndGasReservesDevelopmentCosts' xlink:label='loc_FutureNetCashFlowsRelatingToProvedOilAndGasReservesDevelopmentCosts' xlink:type='locator' />
    <link:loc xlink:href='../elts/srt-2024.xsd#srt_FutureNetCashFlowsRelatingToProvedOilAndGasReservesProductionCosts' xlink:label='loc_FutureNetCashFlowsRelatingToProvedOilAndGasReservesProductionCosts' xlink:type='locator' />
    <link:loc xlink:href='../elts/srt-2024.xsd#srt_FutureNetCashFlowsRelatingToProvedOilAndGasReservesIncomeTaxExpense' xlink:label='loc_FutureNetCashFlowsRelatingToProvedOilAndGasReservesIncomeTaxExpense' xlink:type='locator' />
    <link:loc xlink:href='../elts/srt-2024.xsd#srt_FutureNetCashFlowsRelatingToProvedOilAndGasReservesNetCashFlows' xlink:label='loc_FutureNetCashFlowsRelatingToProvedOilAndGasReservesNetCashFlows' xlink:type='locator' />
    <link:loc xlink:href='../elts/srt-2024.xsd#srt_FutureNetCashFlowsRelatingToProvedOilAndGasReservesTenPercentAnnualDiscountForEstimatedTimingOfCashFlows' xlink:label='loc_FutureNetCashFlowsRelatingToProvedOilAndGasReservesTenPercentAnnualDiscountForEstimatedTimingOfCashFlows' xlink:type='locator' />
    <link:loc xlink:href='../elts/srt-2024.xsd#srt_StandardizedMeasureOfDiscountedFutureNetCashFlowsRelatingToProvedOilAndGasReserves' xlink:label='loc_StandardizedMeasureOfDiscountedFutureNetCashFlowsRelatingToProvedOilAndGasReserves_1' xlink:type='locator' />
    <link:loc xlink:href='../elts/srt-2024.xsd#srt_StandardizedMeasureOfDiscountedFutureNetCashFlowsRelatingToProvedOilAndGasReserves' xlink:label='loc_StandardizedMeasureOfDiscountedFutureNetCashFlowsRelatingToProvedOilAndGasReserves' xlink:type='locator' />
    <link:loc xlink:href='../elts/srt-2024.xsd#srt_SignificantEconomicInterestInStandardizedMeasureOfDiscountedFutureNetCashFlowsAttributableToConsolidatedSubsidiaryIesWithSignificantMinorityInterests' xlink:label='loc_SignificantEconomicInterestInStandardizedMeasureOfDiscountedFutureNetCashFlowsAttributableToConsolidatedSubsidiaryIesWithSignificantMinorityInterests' xlink:type='locator' />
    <link:loc xlink:href='../elts/srt-2024.xsd#srt_ScheduleOfChangesInStandardizedMeasureOfDiscountedFutureNetCashFlowsTableTextBlock' xlink:label='loc_ScheduleOfChangesInStandardizedMeasureOfDiscountedFutureNetCashFlowsTableTextBlock' xlink:type='locator' />
    <link:loc xlink:href='../elts/srt-2024.xsd#srt_PrincipalSourcesOfChangeInStandardizedMeasureOfDiscountedFutureNetCashFlowRelatingToProvedOilAndGasReservesAbstract' xlink:label='loc_PrincipalSourcesOfChangeInStandardizedMeasureOfDiscountedFutureNetCashFlowRelatingToProvedOilAndGasReservesAbstract' xlink:type='locator' />
    <link:loc xlink:href='../elts/srt-2024.xsd#srt_IncreaseDecreaseInStandardizedMeasureOfDiscountedFutureNetCashFlowRelatingToProvedOilAndGasReservesRollForward' xlink:label='loc_IncreaseDecreaseInStandardizedMeasureOfDiscountedFutureNetCashFlowRelatingToProvedOilAndGasReservesRollForward' xlink:type='locator' />
    <link:loc xlink:href='../elts/srt-2024.xsd#srt_NetIncreaseDecreaseInSalesAndTransferPricesAndProductionCosts' xlink:label='loc_NetIncreaseDecreaseInSalesAndTransferPricesAndProductionCosts' xlink:type='locator' />
    <link:loc xlink:href='../elts/srt-2024.xsd#srt_IncreaseDecreaseInEstimatedFutureDevelopmentCosts' xlink:label='loc_IncreaseDecreaseInEstimatedFutureDevelopmentCosts' xlink:type='locator' />
    <link:loc xlink:href='../elts/srt-2024.xsd#srt_SalesAndTransfersOfOilAndGasProducedNetOfProductionCosts' xlink:label='loc_SalesAndTransfersOfOilAndGasProducedNetOfProductionCosts' xlink:type='locator' />
    <link:loc xlink:href='../elts/srt-2024.xsd#srt_ExtensionsDiscoveriesAdditionsAndImprovedRecoveryLessRelatedCosts' xlink:label='loc_ExtensionsDiscoveriesAdditionsAndImprovedRecoveryLessRelatedCosts' xlink:type='locator' />
    <link:loc xlink:href='../elts/srt-2024.xsd#srt_IncreaseDueToPurchasesOfMineralsInPlace' xlink:label='loc_IncreaseDueToPurchasesOfMineralsInPlace' xlink:type='locator' />
    <link:loc xlink:href='../elts/srt-2024.xsd#srt_DecreaseDueToSalesOfMineralsInPlace' xlink:label='loc_DecreaseDueToSalesOfMineralsInPlace' xlink:type='locator' />
    <link:loc xlink:href='../elts/srt-2024.xsd#srt_PreviouslyEstimatedDevelopmentCostsIncurred' xlink:label='loc_PreviouslyEstimatedDevelopmentCostsIncurred' xlink:type='locator' />
    <link:loc xlink:href='../elts/srt-2024.xsd#srt_RevisionsOfPreviousQuantityEstimates' xlink:label='loc_RevisionsOfPreviousQuantityEstimates' xlink:type='locator' />
    <link:loc xlink:href='../elts/srt-2024.xsd#srt_StandardizedMeasureOfDiscountedFutureNetCashFlowRelatingToProvedOilAndGasReservesAccretionOfDiscount' xlink:label='loc_StandardizedMeasureOfDiscountedFutureNetCashFlowRelatingToProvedOilAndGasReservesAccretionOfDiscount' xlink:type='locator' />
    <link:loc xlink:href='../elts/srt-2024.xsd#srt_IncreaseDecreaseInFutureIncomeTaxExpenseEstimatesOnFutureCashFlowsRelatedToProvedOilAndGasReserves' xlink:label='loc_IncreaseDecreaseInFutureIncomeTaxExpenseEstimatesOnFutureCashFlowsRelatedToProvedOilAndGasReserves' xlink:type='locator' />
    <link:loc xlink:href='../elts/srt-2024.xsd#srt_StandardizedMeasureOfDiscountedFutureNetCashFlowOfProvedOilAndGasReservesOther' xlink:label='loc_StandardizedMeasureOfDiscountedFutureNetCashFlowOfProvedOilAndGasReservesOther' xlink:type='locator' />
    <link:loc xlink:href='../elts/srt-2024.xsd#srt_StandardizedMeasureOfDiscountedFutureNetCashFlowOfProvedOilAndGasReservesPeriodIncreaseDecrease' xlink:label='loc_StandardizedMeasureOfDiscountedFutureNetCashFlowOfProvedOilAndGasReservesPeriodIncreaseDecrease' xlink:type='locator' />
    <link:loc xlink:href='../elts/srt-2024.xsd#srt_AdditionalInformationNecessaryToPreventDisclosureOfDiscountsFutureNetCashFlowsFromBeingMisleading' xlink:label='loc_AdditionalInformationNecessaryToPreventDisclosureOfDiscountsFutureNetCashFlowsFromBeingMisleading' xlink:type='locator' />
    <link:loc xlink:href='../elts/srt-2024.xsd#srt_OilAndGasNetProductionAverageSalesPriceAndAverageProductionCostsDisclosureTextBlock' xlink:label='loc_OilAndGasNetProductionAverageSalesPriceAndAverageProductionCostsDisclosureTextBlock' xlink:type='locator' />
    <link:loc xlink:href='../elts/srt-2024.xsd#srt_AverageSalesPriceAndProductionCostsPerUnitOfProductionTable' xlink:label='loc_AverageSalesPriceAndProductionCostsPerUnitOfProductionTable' xlink:type='locator' />
    <link:loc xlink:href='../elts/srt-2024.xsd#srt_ConsolidatedOilAndGasProductionAbstract' xlink:label='loc_ConsolidatedOilAndGasProductionAbstract' xlink:type='locator' />
    <link:loc xlink:href='../elts/srt-2024.xsd#srt_ProductionBarrelsOfOilEquivalents1' xlink:label='loc_ProductionBarrelsOfOilEquivalents1' xlink:type='locator' />
    <link:loc xlink:href='../elts/srt-2024.xsd#srt_ConsolidatedOilAndGasProductionCostsPerUnitOfProduction' xlink:label='loc_ConsolidatedOilAndGasProductionCostsPerUnitOfProduction' xlink:type='locator' />
    <link:loc xlink:href='../elts/srt-2024.xsd#srt_AverageSalesPrices' xlink:label='loc_AverageSalesPrices' xlink:type='locator' />
    <link:loc xlink:href='../elts/srt-2024.xsd#srt_ScheduleOfExploratoryWellsDrilledTextBlock' xlink:label='loc_ScheduleOfExploratoryWellsDrilledTextBlock' xlink:type='locator' />
    <link:loc xlink:href='../elts/srt-2024.xsd#srt_ExploratoryWellsDrilledTable' xlink:label='loc_ExploratoryWellsDrilledTable' xlink:type='locator' />
    <link:loc xlink:href='../elts/srt-2024.xsd#srt_ExploratoryWellsDrilledLineItems' xlink:label='loc_ExploratoryWellsDrilledLineItems' xlink:type='locator' />
    <link:loc xlink:href='../elts/srt-2024.xsd#srt_ExploratoryWellsDrilledNetProductive' xlink:label='loc_ExploratoryWellsDrilledNetProductive' xlink:type='locator' />
    <link:loc xlink:href='../elts/srt-2024.xsd#srt_ExploratoryWellsDrilledNetNonproductive' xlink:label='loc_ExploratoryWellsDrilledNetNonproductive' xlink:type='locator' />
    <link:loc xlink:href='../elts/srt-2024.xsd#srt_ScheduleOfDevelopmentWellsDrilledTextBlock' xlink:label='loc_ScheduleOfDevelopmentWellsDrilledTextBlock' xlink:type='locator' />
    <link:loc xlink:href='../elts/srt-2024.xsd#srt_DevelopmentWellsDrilledTable' xlink:label='loc_DevelopmentWellsDrilledTable' xlink:type='locator' />
    <link:loc xlink:href='../elts/srt-2024.xsd#srt_DevelopmentWellsDrilledLineItems' xlink:label='loc_DevelopmentWellsDrilledLineItems' xlink:type='locator' />
    <link:loc xlink:href='../elts/srt-2024.xsd#srt_DevelopmentWellsDrilledNetProductive' xlink:label='loc_DevelopmentWellsDrilledNetProductive' xlink:type='locator' />
    <link:loc xlink:href='../elts/srt-2024.xsd#srt_DevelopmentWellsDrilledNetNonproductive' xlink:label='loc_DevelopmentWellsDrilledNetNonproductive' xlink:type='locator' />
    <link:loc xlink:href='../elts/srt-2024.xsd#srt_ScheduleOfOilAndGasInProcessActivitiesTextBlock' xlink:label='loc_ScheduleOfOilAndGasInProcessActivitiesTextBlock' xlink:type='locator' />
    <link:loc xlink:href='../elts/srt-2024.xsd#srt_OilAndGasInProcessActivitiesTable' xlink:label='loc_OilAndGasInProcessActivitiesTable' xlink:type='locator' />
    <link:loc xlink:href='../elts/srt-2024.xsd#srt_OilAndGasInProcessActivitiesLineItems' xlink:label='loc_OilAndGasInProcessActivitiesLineItems' xlink:type='locator' />
    <link:loc xlink:href='../elts/srt-2024.xsd#srt_WellsInProcessOfDrilling' xlink:label='loc_WellsInProcessOfDrilling' xlink:type='locator' />
    <link:loc xlink:href='../elts/srt-2024.xsd#srt_WellsTemporarilySuspended' xlink:label='loc_WellsTemporarilySuspended' xlink:type='locator' />
    <link:loc xlink:href='../elts/srt-2024.xsd#srt_OilAndGasDeliveryCommitmentsAndContractsDisclosureTextBlock' xlink:label='loc_OilAndGasDeliveryCommitmentsAndContractsDisclosureTextBlock' xlink:type='locator' />
    <link:loc xlink:href='../elts/srt-2024.xsd#srt_OilAndGasDeliveryCommitmentsAndContractsTable' xlink:label='loc_OilAndGasDeliveryCommitmentsAndContractsTable' xlink:type='locator' />
    <link:loc xlink:href='../elts/srt-2024.xsd#srt_OilAndGasDeliveryCommitmentsAndContractsLineItems' xlink:label='loc_OilAndGasDeliveryCommitmentsAndContractsLineItems' xlink:type='locator' />
    <link:loc xlink:href='../elts/srt-2024.xsd#srt_OilAndGasDeliveryCommitmentsAndContractsAvailableAmountsToBeReceived' xlink:label='loc_OilAndGasDeliveryCommitmentsAndContractsAvailableAmountsToBeReceived' xlink:type='locator' />
    <link:loc xlink:href='../elts/srt-2024.xsd#srt_OilAndGasDeliveryCommitmentsAndContractsSignificantSuppliesDedicatedOrContractedToEntity' xlink:label='loc_OilAndGasDeliveryCommitmentsAndContractsSignificantSuppliesDedicatedOrContractedToEntity' xlink:type='locator' />
    <link:loc xlink:href='../elts/srt-2024.xsd#srt_OilAndGasDeliveryCommitmentsAndContractsRemainingContractualVolume' xlink:label='loc_OilAndGasDeliveryCommitmentsAndContractsRemainingContractualVolume' xlink:type='locator' />
    <link:loc xlink:href='../elts/srt-2024.xsd#srt_ScheduleOfProductiveWellsTextBlock' xlink:label='loc_ScheduleOfProductiveWellsTextBlock' xlink:type='locator' />
    <link:loc xlink:href='../elts/srt-2024.xsd#srt_ProductiveWellsTable' xlink:label='loc_ProductiveWellsTable' xlink:type='locator' />
    <link:loc xlink:href='../elts/srt-2024.xsd#srt_ProductiveWellsLineItems' xlink:label='loc_ProductiveWellsLineItems' xlink:type='locator' />
    <link:loc xlink:href='../elts/srt-2024.xsd#srt_ProductiveOilWellsNumberOfWellsGross' xlink:label='loc_ProductiveOilWellsNumberOfWellsGross' xlink:type='locator' />
    <link:loc xlink:href='../elts/srt-2024.xsd#srt_ProductiveOilWellsNumberOfWellsNet' xlink:label='loc_ProductiveOilWellsNumberOfWellsNet' xlink:type='locator' />
    <link:loc xlink:href='../elts/srt-2024.xsd#srt_ProductiveGasWellsNumberOfWellsGross' xlink:label='loc_ProductiveGasWellsNumberOfWellsGross' xlink:type='locator' />
    <link:loc xlink:href='../elts/srt-2024.xsd#srt_ProductiveGasWellsNumberOfWellsNet' xlink:label='loc_ProductiveGasWellsNumberOfWellsNet' xlink:type='locator' />
    <link:loc xlink:href='../elts/srt-2024.xsd#srt_ProductiveOilWellsNumberOfWellsWithMultipleCompletionsGross' xlink:label='loc_ProductiveOilWellsNumberOfWellsWithMultipleCompletionsGross' xlink:type='locator' />
    <link:loc xlink:href='../elts/srt-2024.xsd#srt_ProductiveOilWellsNumberOfWellsWithMultipleCompletionsNet' xlink:label='loc_ProductiveOilWellsNumberOfWellsWithMultipleCompletionsNet' xlink:type='locator' />
    <link:loc xlink:href='../elts/srt-2024.xsd#srt_ScheduleOfGasAndOilAcreageTextBlock' xlink:label='loc_ScheduleOfGasAndOilAcreageTextBlock' xlink:type='locator' />
    <link:loc xlink:href='../elts/srt-2024.xsd#srt_GasAndOilAcreageTable' xlink:label='loc_GasAndOilAcreageTable' xlink:type='locator' />
    <link:loc xlink:href='../elts/srt-2024.xsd#srt_GasAndOilAcreageLineItems' xlink:label='loc_GasAndOilAcreageLineItems' xlink:type='locator' />
    <link:loc xlink:href='../elts/srt-2024.xsd#srt_GasAndOilAreaDevelopedGross' xlink:label='loc_GasAndOilAreaDevelopedGross' xlink:type='locator' />
    <link:loc xlink:href='../elts/srt-2024.xsd#srt_GasAndOilAreaDevelopedNet' xlink:label='loc_GasAndOilAreaDevelopedNet' xlink:type='locator' />
    <link:loc xlink:href='../elts/srt-2024.xsd#srt_GasAndOilAreaUndevelopedGross' xlink:label='loc_GasAndOilAreaUndevelopedGross' xlink:type='locator' />
    <link:loc xlink:href='../elts/srt-2024.xsd#srt_GasAndOilAreaUndevelopedNet' xlink:label='loc_GasAndOilAreaUndevelopedNet' xlink:type='locator' />
    <link:loc xlink:href='../elts/srt-2024.xsd#srt_MinimumRemainingTermsOfLeasesAndConcessionsOnUndevelopedAcreage1' xlink:label='loc_MinimumRemainingTermsOfLeasesAndConcessionsOnUndevelopedAcreage1' xlink:type='locator' />
    <link:presentationArc order='10' xlink:arcrole='http://www.xbrl.org/2003/arcrole/parent-child' xlink:from='loc_ExtractiveIndustriesAbstract' xlink:to='loc_ScheduleOfProvedDevelopedAndUndevelopedOilAndGasReserveQuantitiesTextBlock' xlink:type='arc' />
    <link:presentationArc order='10' xlink:arcrole='http://www.xbrl.org/2003/arcrole/parent-child' xlink:from='loc_ScheduleOfProvedDevelopedAndUndevelopedOilAndGasReserveQuantitiesTextBlock' xlink:to='loc_ProvedDevelopedAndUndevelopedOilAndGasReserveQuantitiesTable' xlink:type='arc' />
    <link:presentationArc order='10' xlink:arcrole='http://www.xbrl.org/2003/arcrole/parent-child' xlink:from='loc_ProvedDevelopedAndUndevelopedOilAndGasReserveQuantitiesTable' xlink:to='loc_ReserveQuantitiesByTypeOfReserveAxis' xlink:type='arc' />
    <link:presentationArc order='10' xlink:arcrole='http://www.xbrl.org/2003/arcrole/parent-child' xlink:from='loc_ReserveQuantitiesByTypeOfReserveAxis' xlink:to='loc_TypeOfReserveDomain' xlink:type='arc' />
    <link:presentationArc order='10' xlink:arcrole='http://www.xbrl.org/2003/arcrole/parent-child' xlink:from='loc_TypeOfReserveDomain' xlink:to='loc_CrudeOilAndNGLPerBarrelMember' xlink:type='arc' />
    <link:presentationArc order='20' xlink:arcrole='http://www.xbrl.org/2003/arcrole/parent-child' xlink:from='loc_TypeOfReserveDomain' xlink:to='loc_OilReservesMember' xlink:type='arc' />
    <link:presentationArc order='30' xlink:arcrole='http://www.xbrl.org/2003/arcrole/parent-child' xlink:from='loc_TypeOfReserveDomain' xlink:to='loc_NaturalGasReservesMember' xlink:type='arc' />
    <link:presentationArc order='40' xlink:arcrole='http://www.xbrl.org/2003/arcrole/parent-child' xlink:from='loc_TypeOfReserveDomain' xlink:to='loc_NaturalGasLiquidsReservesMember' xlink:type='arc' />
    <link:presentationArc order='50' xlink:arcrole='http://www.xbrl.org/2003/arcrole/parent-child' xlink:from='loc_TypeOfReserveDomain' xlink:to='loc_NaturalGasPerThousandCubicFeetMember' xlink:type='arc' />
    <link:presentationArc order='60' xlink:arcrole='http://www.xbrl.org/2003/arcrole/parent-child' xlink:from='loc_TypeOfReserveDomain' xlink:to='loc_SyntheticOilMember' xlink:type='arc' />
    <link:presentationArc order='70' xlink:arcrole='http://www.xbrl.org/2003/arcrole/parent-child' xlink:from='loc_TypeOfReserveDomain' xlink:to='loc_SyntheticGasMember' xlink:type='arc' />
    <link:presentationArc order='80' xlink:arcrole='http://www.xbrl.org/2003/arcrole/parent-child' xlink:from='loc_TypeOfReserveDomain' xlink:to='loc_OtherNonrenewableNaturalResourcesMember' xlink:type='arc' />
    <link:presentationArc order='20' xlink:arcrole='http://www.xbrl.org/2003/arcrole/parent-child' xlink:from='loc_ProvedDevelopedAndUndevelopedOilAndGasReserveQuantitiesTable' xlink:to='loc_StatementGeographicalAxis' xlink:type='arc' />
    <link:presentationArc order='10' xlink:arcrole='http://www.xbrl.org/2003/arcrole/parent-child' xlink:from='loc_StatementGeographicalAxis' xlink:to='loc_SegmentGeographicalDomain' xlink:type='arc' />
    <link:presentationArc order='30' xlink:arcrole='http://www.xbrl.org/2003/arcrole/parent-child' xlink:from='loc_ProvedDevelopedAndUndevelopedOilAndGasReserveQuantitiesTable' xlink:to='loc_ReserveQuantitiesLineItems' xlink:type='arc' />
    <link:presentationArc order='10' xlink:arcrole='http://www.xbrl.org/2003/arcrole/parent-child' xlink:from='loc_ReserveQuantitiesLineItems' xlink:to='loc_IncreaseDecreaseInProvedDevelopedAndUndevelopedReservesRollForward' xlink:type='arc' />
    <link:presentationArc order='10' preferredLabel='http://www.xbrl.org/2003/role/periodStartLabel' xlink:arcrole='http://www.xbrl.org/2003/arcrole/parent-child' xlink:from='loc_IncreaseDecreaseInProvedDevelopedAndUndevelopedReservesRollForward' xlink:to='loc_ProvedDevelopedAndUndevelopedReservesNet' xlink:type='arc' />
    <link:presentationArc order='20' xlink:arcrole='http://www.xbrl.org/2003/arcrole/parent-child' xlink:from='loc_IncreaseDecreaseInProvedDevelopedAndUndevelopedReservesRollForward' xlink:to='loc_ProvedDevelopedAndUndevelopedReservesRevisionsOfPreviousEstimatesIncreaseDecrease' xlink:type='arc' />
    <link:presentationArc order='30' xlink:arcrole='http://www.xbrl.org/2003/arcrole/parent-child' xlink:from='loc_IncreaseDecreaseInProvedDevelopedAndUndevelopedReservesRollForward' xlink:to='loc_ProvedDevelopedAndUndevelopedReservesImprovedRecovery' xlink:type='arc' />
    <link:presentationArc order='40' xlink:arcrole='http://www.xbrl.org/2003/arcrole/parent-child' xlink:from='loc_IncreaseDecreaseInProvedDevelopedAndUndevelopedReservesRollForward' xlink:to='loc_ProvedDevelopedAndUndevelopedReservesPurchasesOfMineralsInPlace' xlink:type='arc' />
    <link:presentationArc order='50' xlink:arcrole='http://www.xbrl.org/2003/arcrole/parent-child' xlink:from='loc_IncreaseDecreaseInProvedDevelopedAndUndevelopedReservesRollForward' xlink:to='loc_ProvedDevelopedAndUndevelopedReservesExtensionsDiscoveriesAndAdditions' xlink:type='arc' />
    <link:presentationArc order='60' xlink:arcrole='http://www.xbrl.org/2003/arcrole/parent-child' xlink:from='loc_IncreaseDecreaseInProvedDevelopedAndUndevelopedReservesRollForward' xlink:to='loc_ProvedDevelopedAndUndevelopedReservesProduction' xlink:type='arc' />
    <link:presentationArc order='70' xlink:arcrole='http://www.xbrl.org/2003/arcrole/parent-child' xlink:from='loc_IncreaseDecreaseInProvedDevelopedAndUndevelopedReservesRollForward' xlink:to='loc_ProvedDevelopedAndUndevelopedReservesSalesOfMineralsInPlace' xlink:type='arc' />
    <link:presentationArc order='80' preferredLabel='http://www.xbrl.org/2003/role/totalLabel' xlink:arcrole='http://www.xbrl.org/2003/arcrole/parent-child' xlink:from='loc_IncreaseDecreaseInProvedDevelopedAndUndevelopedReservesRollForward' xlink:to='loc_ProvedDevelopedAndUndevelopedReservesNetPeriodIncreaseDecrease' xlink:type='arc' />
    <link:presentationArc order='90' preferredLabel='http://www.xbrl.org/2003/role/periodEndLabel' xlink:arcrole='http://www.xbrl.org/2003/arcrole/parent-child' xlink:from='loc_IncreaseDecreaseInProvedDevelopedAndUndevelopedReservesRollForward' xlink:to='loc_ProvedDevelopedAndUndevelopedReservesNet_1' xlink:type='arc' />
    <link:presentationArc order='20' xlink:arcrole='http://www.xbrl.org/2003/arcrole/parent-child' xlink:from='loc_ReserveQuantitiesLineItems' xlink:to='loc_ProvedDevelopedAndUndevelopedReserveEnergyRollForward' xlink:type='arc' />
    <link:presentationArc order='10' preferredLabel='http://www.xbrl.org/2003/role/periodStartLabel' xlink:arcrole='http://www.xbrl.org/2003/arcrole/parent-child' xlink:from='loc_ProvedDevelopedAndUndevelopedReserveEnergyRollForward' xlink:to='loc_ProvedDevelopedAndUndevelopedReserveNetEnergy' xlink:type='arc' />
    <link:presentationArc order='20' xlink:arcrole='http://www.xbrl.org/2003/arcrole/parent-child' xlink:from='loc_ProvedDevelopedAndUndevelopedReserveEnergyRollForward' xlink:to='loc_ProvedDevelopedAndUndevelopedReserveRevisionOfPreviousEstimateEnergy' xlink:type='arc' />
    <link:presentationArc order='30' xlink:arcrole='http://www.xbrl.org/2003/arcrole/parent-child' xlink:from='loc_ProvedDevelopedAndUndevelopedReserveEnergyRollForward' xlink:to='loc_ProvedDevelopedAndUndevelopedReserveImprovedRecoveryEnergy' xlink:type='arc' />
    <link:presentationArc order='40' xlink:arcrole='http://www.xbrl.org/2003/arcrole/parent-child' xlink:from='loc_ProvedDevelopedAndUndevelopedReserveEnergyRollForward' xlink:to='loc_ProvedDevelopedAndUndevelopedReservePurchaseOfMineralInPlaceEnergy' xlink:type='arc' />
    <link:presentationArc order='50' xlink:arcrole='http://www.xbrl.org/2003/arcrole/parent-child' xlink:from='loc_ProvedDevelopedAndUndevelopedReserveEnergyRollForward' xlink:to='loc_ProvedDevelopedAndUndevelopedReserveExtensionAndDiscoveryEnergy' xlink:type='arc' />
    <link:presentationArc order='60' xlink:arcrole='http://www.xbrl.org/2003/arcrole/parent-child' xlink:from='loc_ProvedDevelopedAndUndevelopedReserveEnergyRollForward' xlink:to='loc_ProvedDevelopedAndUndevelopedReserveProductionEnergy' xlink:type='arc' />
    <link:presentationArc order='70' xlink:arcrole='http://www.xbrl.org/2003/arcrole/parent-child' xlink:from='loc_ProvedDevelopedAndUndevelopedReserveEnergyRollForward' xlink:to='loc_ProvedDevelopedAndUndevelopedReservesSaleOfMineralInPlaceEnergy' xlink:type='arc' />
    <link:presentationArc order='80' preferredLabel='http://www.xbrl.org/2003/role/totalLabel' xlink:arcrole='http://www.xbrl.org/2003/arcrole/parent-child' xlink:from='loc_ProvedDevelopedAndUndevelopedReserveEnergyRollForward' xlink:to='loc_ProvedDevelopedAndUndevelopedReserveNetEnergyPeriodIncreaseDecrease' xlink:type='arc' />
    <link:presentationArc order='90' preferredLabel='http://www.xbrl.org/2003/role/periodEndLabel' xlink:arcrole='http://www.xbrl.org/2003/arcrole/parent-child' xlink:from='loc_ProvedDevelopedAndUndevelopedReserveEnergyRollForward' xlink:to='loc_ProvedDevelopedAndUndevelopedReserveNetEnergy_1' xlink:type='arc' />
    <link:presentationArc order='30' xlink:arcrole='http://www.xbrl.org/2003/arcrole/parent-child' xlink:from='loc_ReserveQuantitiesLineItems' xlink:to='loc_ProvedDevelopedReservesVolume' xlink:type='arc' />
    <link:presentationArc order='40' xlink:arcrole='http://www.xbrl.org/2003/arcrole/parent-child' xlink:from='loc_ReserveQuantitiesLineItems' xlink:to='loc_ProvedDevelopedReservesBOE1' xlink:type='arc' />
    <link:presentationArc order='50' xlink:arcrole='http://www.xbrl.org/2003/arcrole/parent-child' xlink:from='loc_ReserveQuantitiesLineItems' xlink:to='loc_ProvedUndevelopedReserveVolume' xlink:type='arc' />
    <link:presentationArc order='60' xlink:arcrole='http://www.xbrl.org/2003/arcrole/parent-child' xlink:from='loc_ReserveQuantitiesLineItems' xlink:to='loc_ProvedUndevelopedReserveBOE1' xlink:type='arc' />
    <link:presentationArc order='70' xlink:arcrole='http://www.xbrl.org/2003/arcrole/parent-child' xlink:from='loc_ReserveQuantitiesLineItems' xlink:to='loc_SignificantChangesInReserves' xlink:type='arc' />
    <link:presentationArc order='80' xlink:arcrole='http://www.xbrl.org/2003/arcrole/parent-child' xlink:from='loc_ReserveQuantitiesLineItems' xlink:to='loc_ProvedReserveQuantityLocationInHomeCountry' xlink:type='arc' />
    <link:presentationArc order='90' xlink:arcrole='http://www.xbrl.org/2003/arcrole/parent-child' xlink:from='loc_ReserveQuantitiesLineItems' xlink:to='loc_LongTermSupplyAgreementsWithGovernmentsOrAuthoritiesAbstract' xlink:type='arc' />
    <link:presentationArc order='10' xlink:arcrole='http://www.xbrl.org/2003/arcrole/parent-child' xlink:from='loc_LongTermSupplyAgreementsWithGovernmentsOrAuthoritiesAbstract' xlink:to='loc_ProvedOilAndGasReserveQuantitiesApplicableToLongTermSupplyAgreementsWithGovernmentsOrAuthorities' xlink:type='arc' />
    <link:presentationArc order='20' xlink:arcrole='http://www.xbrl.org/2003/arcrole/parent-child' xlink:from='loc_LongTermSupplyAgreementsWithGovernmentsOrAuthoritiesAbstract' xlink:to='loc_OilAndGasQuantitiesReceivedUnderLongTermSupplyAgreementsWithGovernmentsOrAuthorities' xlink:type='arc' />
    <link:presentationArc order='100' xlink:arcrole='http://www.xbrl.org/2003/arcrole/parent-child' xlink:from='loc_ReserveQuantitiesLineItems' xlink:to='loc_ReserveQuantityAttributableToConsolidatedSubsidiaryNoncontrollingInterestVolume' xlink:type='arc' />
    <link:presentationArc order='110' xlink:arcrole='http://www.xbrl.org/2003/arcrole/parent-child' xlink:from='loc_ReserveQuantitiesLineItems' xlink:to='loc_ReserveQuantityAttributableToConsolidatedSubsidiaryNoncontrollingInterest' xlink:type='arc' />
    <link:presentationArc order='120' xlink:arcrole='http://www.xbrl.org/2003/arcrole/parent-child' xlink:from='loc_ReserveQuantitiesLineItems' xlink:to='loc_ReservesShareOfEquityMethodInvesteesNetProvedOilAndGasReserves' xlink:type='arc' />
    <link:presentationArc order='20' xlink:arcrole='http://www.xbrl.org/2003/arcrole/parent-child' xlink:from='loc_ExtractiveIndustriesAbstract' xlink:to='loc_StandardizedMeasureOfDiscountedFutureCashFlowsRelatingToProvedReservesDisclosureTextBlock' xlink:type='arc' />
    <link:presentationArc order='10' xlink:arcrole='http://www.xbrl.org/2003/arcrole/parent-child' xlink:from='loc_StandardizedMeasureOfDiscountedFutureCashFlowsRelatingToProvedReservesDisclosureTextBlock' xlink:to='loc_DiscountedFutureNetCashFlowsRelatingToProvedOilAndGasReservesTable' xlink:type='arc' />
    <link:presentationArc order='10' xlink:arcrole='http://www.xbrl.org/2003/arcrole/parent-child' xlink:from='loc_DiscountedFutureNetCashFlowsRelatingToProvedOilAndGasReservesTable' xlink:to='loc_StatementGeographicalAxis' xlink:type='arc' />
    <link:presentationArc order='20' xlink:arcrole='http://www.xbrl.org/2003/arcrole/parent-child' xlink:from='loc_DiscountedFutureNetCashFlowsRelatingToProvedOilAndGasReservesTable' xlink:to='loc_DiscountedFutureNetCashFlowsRelatingToProvedOilAndGasReservesLineItems' xlink:type='arc' />
    <link:presentationArc order='10' xlink:arcrole='http://www.xbrl.org/2003/arcrole/parent-child' xlink:from='loc_DiscountedFutureNetCashFlowsRelatingToProvedOilAndGasReservesLineItems' xlink:to='loc_DiscountedFutureNetCashFlowsRelatingToProvedOilAndGasReservesStandardizedMeasureAbstract' xlink:type='arc' />
    <link:presentationArc order='10' xlink:arcrole='http://www.xbrl.org/2003/arcrole/parent-child' xlink:from='loc_DiscountedFutureNetCashFlowsRelatingToProvedOilAndGasReservesStandardizedMeasureAbstract' xlink:to='loc_DiscountedFutureNetCashFlowsRelatingToProvedOilAndGasReservesFutureNetCashFlowsAbstract' xlink:type='arc' />
    <link:presentationArc order='10' xlink:arcrole='http://www.xbrl.org/2003/arcrole/parent-child' xlink:from='loc_DiscountedFutureNetCashFlowsRelatingToProvedOilAndGasReservesFutureNetCashFlowsAbstract' xlink:to='loc_FutureNetCashFlowsRelatingToProvedOilAndGasReservesCashInflows' xlink:type='arc' />
    <link:presentationArc order='20' xlink:arcrole='http://www.xbrl.org/2003/arcrole/parent-child' xlink:from='loc_DiscountedFutureNetCashFlowsRelatingToProvedOilAndGasReservesFutureNetCashFlowsAbstract' xlink:to='loc_FutureNetCashFlowsRelatingToProvedOilAndGasReservesDevelopmentCosts' xlink:type='arc' />
    <link:presentationArc order='30' xlink:arcrole='http://www.xbrl.org/2003/arcrole/parent-child' xlink:from='loc_DiscountedFutureNetCashFlowsRelatingToProvedOilAndGasReservesFutureNetCashFlowsAbstract' xlink:to='loc_FutureNetCashFlowsRelatingToProvedOilAndGasReservesProductionCosts' xlink:type='arc' />
    <link:presentationArc order='40' xlink:arcrole='http://www.xbrl.org/2003/arcrole/parent-child' xlink:from='loc_DiscountedFutureNetCashFlowsRelatingToProvedOilAndGasReservesFutureNetCashFlowsAbstract' xlink:to='loc_FutureNetCashFlowsRelatingToProvedOilAndGasReservesIncomeTaxExpense' xlink:type='arc' />
    <link:presentationArc order='50' preferredLabel='http://www.xbrl.org/2003/role/totalLabel' xlink:arcrole='http://www.xbrl.org/2003/arcrole/parent-child' xlink:from='loc_DiscountedFutureNetCashFlowsRelatingToProvedOilAndGasReservesFutureNetCashFlowsAbstract' xlink:to='loc_FutureNetCashFlowsRelatingToProvedOilAndGasReservesNetCashFlows' xlink:type='arc' />
    <link:presentationArc order='20' xlink:arcrole='http://www.xbrl.org/2003/arcrole/parent-child' xlink:from='loc_DiscountedFutureNetCashFlowsRelatingToProvedOilAndGasReservesStandardizedMeasureAbstract' xlink:to='loc_FutureNetCashFlowsRelatingToProvedOilAndGasReservesTenPercentAnnualDiscountForEstimatedTimingOfCashFlows' xlink:type='arc' />
    <link:presentationArc order='30' preferredLabel='http://www.xbrl.org/2003/role/totalLabel' xlink:arcrole='http://www.xbrl.org/2003/arcrole/parent-child' xlink:from='loc_DiscountedFutureNetCashFlowsRelatingToProvedOilAndGasReservesStandardizedMeasureAbstract' xlink:to='loc_StandardizedMeasureOfDiscountedFutureNetCashFlowsRelatingToProvedOilAndGasReserves' xlink:type='arc' />
    <link:presentationArc order='20' xlink:arcrole='http://www.xbrl.org/2003/arcrole/parent-child' xlink:from='loc_DiscountedFutureNetCashFlowsRelatingToProvedOilAndGasReservesLineItems' xlink:to='loc_SignificantEconomicInterestInStandardizedMeasureOfDiscountedFutureNetCashFlowsAttributableToConsolidatedSubsidiaryIesWithSignificantMinorityInterests' xlink:type='arc' />
    <link:presentationArc order='30' xlink:arcrole='http://www.xbrl.org/2003/arcrole/parent-child' xlink:from='loc_ExtractiveIndustriesAbstract' xlink:to='loc_ScheduleOfChangesInStandardizedMeasureOfDiscountedFutureNetCashFlowsTableTextBlock' xlink:type='arc' />
    <link:presentationArc order='10' xlink:arcrole='http://www.xbrl.org/2003/arcrole/parent-child' xlink:from='loc_ScheduleOfChangesInStandardizedMeasureOfDiscountedFutureNetCashFlowsTableTextBlock' xlink:to='loc_PrincipalSourcesOfChangeInStandardizedMeasureOfDiscountedFutureNetCashFlowRelatingToProvedOilAndGasReservesAbstract' xlink:type='arc' />
    <link:presentationArc order='10' xlink:arcrole='http://www.xbrl.org/2003/arcrole/parent-child' xlink:from='loc_PrincipalSourcesOfChangeInStandardizedMeasureOfDiscountedFutureNetCashFlowRelatingToProvedOilAndGasReservesAbstract' xlink:to='loc_IncreaseDecreaseInStandardizedMeasureOfDiscountedFutureNetCashFlowRelatingToProvedOilAndGasReservesRollForward' xlink:type='arc' />
    <link:presentationArc order='10' preferredLabel='http://www.xbrl.org/2003/role/periodStartLabel' xlink:arcrole='http://www.xbrl.org/2003/arcrole/parent-child' xlink:from='loc_IncreaseDecreaseInStandardizedMeasureOfDiscountedFutureNetCashFlowRelatingToProvedOilAndGasReservesRollForward' xlink:to='loc_StandardizedMeasureOfDiscountedFutureNetCashFlowsRelatingToProvedOilAndGasReserves' xlink:type='arc' />
    <link:presentationArc order='20' xlink:arcrole='http://www.xbrl.org/2003/arcrole/parent-child' xlink:from='loc_IncreaseDecreaseInStandardizedMeasureOfDiscountedFutureNetCashFlowRelatingToProvedOilAndGasReservesRollForward' xlink:to='loc_NetIncreaseDecreaseInSalesAndTransferPricesAndProductionCosts' xlink:type='arc' />
    <link:presentationArc order='30' xlink:arcrole='http://www.xbrl.org/2003/arcrole/parent-child' xlink:from='loc_IncreaseDecreaseInStandardizedMeasureOfDiscountedFutureNetCashFlowRelatingToProvedOilAndGasReservesRollForward' xlink:to='loc_IncreaseDecreaseInEstimatedFutureDevelopmentCosts' xlink:type='arc' />
    <link:presentationArc order='40' xlink:arcrole='http://www.xbrl.org/2003/arcrole/parent-child' xlink:from='loc_IncreaseDecreaseInStandardizedMeasureOfDiscountedFutureNetCashFlowRelatingToProvedOilAndGasReservesRollForward' xlink:to='loc_SalesAndTransfersOfOilAndGasProducedNetOfProductionCosts' xlink:type='arc' />
    <link:presentationArc order='50' xlink:arcrole='http://www.xbrl.org/2003/arcrole/parent-child' xlink:from='loc_IncreaseDecreaseInStandardizedMeasureOfDiscountedFutureNetCashFlowRelatingToProvedOilAndGasReservesRollForward' xlink:to='loc_ExtensionsDiscoveriesAdditionsAndImprovedRecoveryLessRelatedCosts' xlink:type='arc' />
    <link:presentationArc order='60' xlink:arcrole='http://www.xbrl.org/2003/arcrole/parent-child' xlink:from='loc_IncreaseDecreaseInStandardizedMeasureOfDiscountedFutureNetCashFlowRelatingToProvedOilAndGasReservesRollForward' xlink:to='loc_IncreaseDueToPurchasesOfMineralsInPlace' xlink:type='arc' />
    <link:presentationArc order='70' xlink:arcrole='http://www.xbrl.org/2003/arcrole/parent-child' xlink:from='loc_IncreaseDecreaseInStandardizedMeasureOfDiscountedFutureNetCashFlowRelatingToProvedOilAndGasReservesRollForward' xlink:to='loc_DecreaseDueToSalesOfMineralsInPlace' xlink:type='arc' />
    <link:presentationArc order='80' xlink:arcrole='http://www.xbrl.org/2003/arcrole/parent-child' xlink:from='loc_IncreaseDecreaseInStandardizedMeasureOfDiscountedFutureNetCashFlowRelatingToProvedOilAndGasReservesRollForward' xlink:to='loc_PreviouslyEstimatedDevelopmentCostsIncurred' xlink:type='arc' />
    <link:presentationArc order='90' xlink:arcrole='http://www.xbrl.org/2003/arcrole/parent-child' xlink:from='loc_IncreaseDecreaseInStandardizedMeasureOfDiscountedFutureNetCashFlowRelatingToProvedOilAndGasReservesRollForward' xlink:to='loc_RevisionsOfPreviousQuantityEstimates' xlink:type='arc' />
    <link:presentationArc order='100' xlink:arcrole='http://www.xbrl.org/2003/arcrole/parent-child' xlink:from='loc_IncreaseDecreaseInStandardizedMeasureOfDiscountedFutureNetCashFlowRelatingToProvedOilAndGasReservesRollForward' xlink:to='loc_StandardizedMeasureOfDiscountedFutureNetCashFlowRelatingToProvedOilAndGasReservesAccretionOfDiscount' xlink:type='arc' />
    <link:presentationArc order='110' xlink:arcrole='http://www.xbrl.org/2003/arcrole/parent-child' xlink:from='loc_IncreaseDecreaseInStandardizedMeasureOfDiscountedFutureNetCashFlowRelatingToProvedOilAndGasReservesRollForward' xlink:to='loc_IncreaseDecreaseInFutureIncomeTaxExpenseEstimatesOnFutureCashFlowsRelatedToProvedOilAndGasReserves' xlink:type='arc' />
    <link:presentationArc order='120' xlink:arcrole='http://www.xbrl.org/2003/arcrole/parent-child' xlink:from='loc_IncreaseDecreaseInStandardizedMeasureOfDiscountedFutureNetCashFlowRelatingToProvedOilAndGasReservesRollForward' xlink:to='loc_StandardizedMeasureOfDiscountedFutureNetCashFlowOfProvedOilAndGasReservesOther' xlink:type='arc' />
    <link:presentationArc order='130' preferredLabel='http://www.xbrl.org/2003/role/totalLabel' xlink:arcrole='http://www.xbrl.org/2003/arcrole/parent-child' xlink:from='loc_IncreaseDecreaseInStandardizedMeasureOfDiscountedFutureNetCashFlowRelatingToProvedOilAndGasReservesRollForward' xlink:to='loc_StandardizedMeasureOfDiscountedFutureNetCashFlowOfProvedOilAndGasReservesPeriodIncreaseDecrease' xlink:type='arc' />
    <link:presentationArc order='140' preferredLabel='http://www.xbrl.org/2003/role/periodEndLabel' xlink:arcrole='http://www.xbrl.org/2003/arcrole/parent-child' xlink:from='loc_IncreaseDecreaseInStandardizedMeasureOfDiscountedFutureNetCashFlowRelatingToProvedOilAndGasReservesRollForward' xlink:to='loc_StandardizedMeasureOfDiscountedFutureNetCashFlowsRelatingToProvedOilAndGasReserves_1' xlink:type='arc' />
    <link:presentationArc order='20' xlink:arcrole='http://www.xbrl.org/2003/arcrole/parent-child' xlink:from='loc_PrincipalSourcesOfChangeInStandardizedMeasureOfDiscountedFutureNetCashFlowRelatingToProvedOilAndGasReservesAbstract' xlink:to='loc_AdditionalInformationNecessaryToPreventDisclosureOfDiscountsFutureNetCashFlowsFromBeingMisleading' xlink:type='arc' />
    <link:presentationArc order='40' xlink:arcrole='http://www.xbrl.org/2003/arcrole/parent-child' xlink:from='loc_ExtractiveIndustriesAbstract' xlink:to='loc_OilAndGasNetProductionAverageSalesPriceAndAverageProductionCostsDisclosureTextBlock' xlink:type='arc' />
    <link:presentationArc order='10' xlink:arcrole='http://www.xbrl.org/2003/arcrole/parent-child' xlink:from='loc_OilAndGasNetProductionAverageSalesPriceAndAverageProductionCostsDisclosureTextBlock' xlink:to='loc_AverageSalesPriceAndProductionCostsPerUnitOfProductionTable' xlink:type='arc' />
    <link:presentationArc order='10' xlink:arcrole='http://www.xbrl.org/2003/arcrole/parent-child' xlink:from='loc_AverageSalesPriceAndProductionCostsPerUnitOfProductionTable' xlink:to='loc_ReserveQuantitiesByTypeOfReserveAxis' xlink:type='arc' />
    <link:presentationArc order='20' xlink:arcrole='http://www.xbrl.org/2003/arcrole/parent-child' xlink:from='loc_AverageSalesPriceAndProductionCostsPerUnitOfProductionTable' xlink:to='loc_StatementGeographicalAxis' xlink:type='arc' />
    <link:presentationArc order='30' xlink:arcrole='http://www.xbrl.org/2003/arcrole/parent-child' xlink:from='loc_AverageSalesPriceAndProductionCostsPerUnitOfProductionTable' xlink:to='loc_ConsolidatedOilAndGasProductionAbstract' xlink:type='arc' />
    <link:presentationArc order='10' xlink:arcrole='http://www.xbrl.org/2003/arcrole/parent-child' xlink:from='loc_ConsolidatedOilAndGasProductionAbstract' xlink:to='loc_ProductionBarrelsOfOilEquivalents1' xlink:type='arc' />
    <link:presentationArc order='20' xlink:arcrole='http://www.xbrl.org/2003/arcrole/parent-child' xlink:from='loc_ConsolidatedOilAndGasProductionAbstract' xlink:to='loc_ConsolidatedOilAndGasProductionCostsPerUnitOfProduction' xlink:type='arc' />
    <link:presentationArc order='30' xlink:arcrole='http://www.xbrl.org/2003/arcrole/parent-child' xlink:from='loc_ConsolidatedOilAndGasProductionAbstract' xlink:to='loc_AverageSalesPrices' xlink:type='arc' />
    <link:presentationArc order='50' xlink:arcrole='http://www.xbrl.org/2003/arcrole/parent-child' xlink:from='loc_ExtractiveIndustriesAbstract' xlink:to='loc_ScheduleOfExploratoryWellsDrilledTextBlock' xlink:type='arc' />
    <link:presentationArc order='10' xlink:arcrole='http://www.xbrl.org/2003/arcrole/parent-child' xlink:from='loc_ScheduleOfExploratoryWellsDrilledTextBlock' xlink:to='loc_ExploratoryWellsDrilledTable' xlink:type='arc' />
    <link:presentationArc order='10' xlink:arcrole='http://www.xbrl.org/2003/arcrole/parent-child' xlink:from='loc_ExploratoryWellsDrilledTable' xlink:to='loc_StatementGeographicalAxis' xlink:type='arc' />
    <link:presentationArc order='20' xlink:arcrole='http://www.xbrl.org/2003/arcrole/parent-child' xlink:from='loc_ExploratoryWellsDrilledTable' xlink:to='loc_ExploratoryWellsDrilledLineItems' xlink:type='arc' />
    <link:presentationArc order='10' xlink:arcrole='http://www.xbrl.org/2003/arcrole/parent-child' xlink:from='loc_ExploratoryWellsDrilledLineItems' xlink:to='loc_ExploratoryWellsDrilledNetProductive' xlink:type='arc' />
    <link:presentationArc order='20' xlink:arcrole='http://www.xbrl.org/2003/arcrole/parent-child' xlink:from='loc_ExploratoryWellsDrilledLineItems' xlink:to='loc_ExploratoryWellsDrilledNetNonproductive' xlink:type='arc' />
    <link:presentationArc order='60' xlink:arcrole='http://www.xbrl.org/2003/arcrole/parent-child' xlink:from='loc_ExtractiveIndustriesAbstract' xlink:to='loc_ScheduleOfDevelopmentWellsDrilledTextBlock' xlink:type='arc' />
    <link:presentationArc order='10' xlink:arcrole='http://www.xbrl.org/2003/arcrole/parent-child' xlink:from='loc_ScheduleOfDevelopmentWellsDrilledTextBlock' xlink:to='loc_DevelopmentWellsDrilledTable' xlink:type='arc' />
    <link:presentationArc order='10' xlink:arcrole='http://www.xbrl.org/2003/arcrole/parent-child' xlink:from='loc_DevelopmentWellsDrilledTable' xlink:to='loc_StatementGeographicalAxis' xlink:type='arc' />
    <link:presentationArc order='20' xlink:arcrole='http://www.xbrl.org/2003/arcrole/parent-child' xlink:from='loc_DevelopmentWellsDrilledTable' xlink:to='loc_DevelopmentWellsDrilledLineItems' xlink:type='arc' />
    <link:presentationArc order='10' xlink:arcrole='http://www.xbrl.org/2003/arcrole/parent-child' xlink:from='loc_DevelopmentWellsDrilledLineItems' xlink:to='loc_DevelopmentWellsDrilledNetProductive' xlink:type='arc' />
    <link:presentationArc order='20' xlink:arcrole='http://www.xbrl.org/2003/arcrole/parent-child' xlink:from='loc_DevelopmentWellsDrilledLineItems' xlink:to='loc_DevelopmentWellsDrilledNetNonproductive' xlink:type='arc' />
    <link:presentationArc order='70' xlink:arcrole='http://www.xbrl.org/2003/arcrole/parent-child' xlink:from='loc_ExtractiveIndustriesAbstract' xlink:to='loc_ScheduleOfOilAndGasInProcessActivitiesTextBlock' xlink:type='arc' />
    <link:presentationArc order='10' xlink:arcrole='http://www.xbrl.org/2003/arcrole/parent-child' xlink:from='loc_ScheduleOfOilAndGasInProcessActivitiesTextBlock' xlink:to='loc_OilAndGasInProcessActivitiesTable' xlink:type='arc' />
    <link:presentationArc order='10' xlink:arcrole='http://www.xbrl.org/2003/arcrole/parent-child' xlink:from='loc_OilAndGasInProcessActivitiesTable' xlink:to='loc_StatementGeographicalAxis' xlink:type='arc' />
    <link:presentationArc order='20' xlink:arcrole='http://www.xbrl.org/2003/arcrole/parent-child' xlink:from='loc_OilAndGasInProcessActivitiesTable' xlink:to='loc_OilAndGasInProcessActivitiesLineItems' xlink:type='arc' />
    <link:presentationArc order='10' xlink:arcrole='http://www.xbrl.org/2003/arcrole/parent-child' xlink:from='loc_OilAndGasInProcessActivitiesLineItems' xlink:to='loc_WellsInProcessOfDrilling' xlink:type='arc' />
    <link:presentationArc order='20' xlink:arcrole='http://www.xbrl.org/2003/arcrole/parent-child' xlink:from='loc_OilAndGasInProcessActivitiesLineItems' xlink:to='loc_WellsTemporarilySuspended' xlink:type='arc' />
    <link:presentationArc order='80' xlink:arcrole='http://www.xbrl.org/2003/arcrole/parent-child' xlink:from='loc_ExtractiveIndustriesAbstract' xlink:to='loc_OilAndGasDeliveryCommitmentsAndContractsDisclosureTextBlock' xlink:type='arc' />
    <link:presentationArc order='10' xlink:arcrole='http://www.xbrl.org/2003/arcrole/parent-child' xlink:from='loc_OilAndGasDeliveryCommitmentsAndContractsDisclosureTextBlock' xlink:to='loc_OilAndGasDeliveryCommitmentsAndContractsTable' xlink:type='arc' />
    <link:presentationArc order='10' xlink:arcrole='http://www.xbrl.org/2003/arcrole/parent-child' xlink:from='loc_OilAndGasDeliveryCommitmentsAndContractsTable' xlink:to='loc_OilAndGasDeliveryCommitmentsAndContractsLineItems' xlink:type='arc' />
    <link:presentationArc order='10' xlink:arcrole='http://www.xbrl.org/2003/arcrole/parent-child' xlink:from='loc_OilAndGasDeliveryCommitmentsAndContractsLineItems' xlink:to='loc_OilAndGasDeliveryCommitmentsAndContractsAvailableAmountsToBeReceived' xlink:type='arc' />
    <link:presentationArc order='20' xlink:arcrole='http://www.xbrl.org/2003/arcrole/parent-child' xlink:from='loc_OilAndGasDeliveryCommitmentsAndContractsLineItems' xlink:to='loc_OilAndGasDeliveryCommitmentsAndContractsSignificantSuppliesDedicatedOrContractedToEntity' xlink:type='arc' />
    <link:presentationArc order='30' xlink:arcrole='http://www.xbrl.org/2003/arcrole/parent-child' xlink:from='loc_OilAndGasDeliveryCommitmentsAndContractsLineItems' xlink:to='loc_OilAndGasDeliveryCommitmentsAndContractsRemainingContractualVolume' xlink:type='arc' />
    <link:presentationArc order='90' xlink:arcrole='http://www.xbrl.org/2003/arcrole/parent-child' xlink:from='loc_ExtractiveIndustriesAbstract' xlink:to='loc_ScheduleOfProductiveWellsTextBlock' xlink:type='arc' />
    <link:presentationArc order='10' xlink:arcrole='http://www.xbrl.org/2003/arcrole/parent-child' xlink:from='loc_ScheduleOfProductiveWellsTextBlock' xlink:to='loc_ProductiveWellsTable' xlink:type='arc' />
    <link:presentationArc order='10' xlink:arcrole='http://www.xbrl.org/2003/arcrole/parent-child' xlink:from='loc_ProductiveWellsTable' xlink:to='loc_StatementGeographicalAxis' xlink:type='arc' />
    <link:presentationArc order='20' xlink:arcrole='http://www.xbrl.org/2003/arcrole/parent-child' xlink:from='loc_ProductiveWellsTable' xlink:to='loc_ProductiveWellsLineItems' xlink:type='arc' />
    <link:presentationArc order='10' xlink:arcrole='http://www.xbrl.org/2003/arcrole/parent-child' xlink:from='loc_ProductiveWellsLineItems' xlink:to='loc_ProductiveOilWellsNumberOfWellsGross' xlink:type='arc' />
    <link:presentationArc order='20' xlink:arcrole='http://www.xbrl.org/2003/arcrole/parent-child' xlink:from='loc_ProductiveWellsLineItems' xlink:to='loc_ProductiveOilWellsNumberOfWellsNet' xlink:type='arc' />
    <link:presentationArc order='30' xlink:arcrole='http://www.xbrl.org/2003/arcrole/parent-child' xlink:from='loc_ProductiveWellsLineItems' xlink:to='loc_ProductiveGasWellsNumberOfWellsGross' xlink:type='arc' />
    <link:presentationArc order='40' xlink:arcrole='http://www.xbrl.org/2003/arcrole/parent-child' xlink:from='loc_ProductiveWellsLineItems' xlink:to='loc_ProductiveGasWellsNumberOfWellsNet' xlink:type='arc' />
    <link:presentationArc order='50' xlink:arcrole='http://www.xbrl.org/2003/arcrole/parent-child' xlink:from='loc_ProductiveWellsLineItems' xlink:to='loc_ProductiveOilWellsNumberOfWellsWithMultipleCompletionsGross' xlink:type='arc' />
    <link:presentationArc order='60' xlink:arcrole='http://www.xbrl.org/2003/arcrole/parent-child' xlink:from='loc_ProductiveWellsLineItems' xlink:to='loc_ProductiveOilWellsNumberOfWellsWithMultipleCompletionsNet' xlink:type='arc' />
    <link:presentationArc order='100' xlink:arcrole='http://www.xbrl.org/2003/arcrole/parent-child' xlink:from='loc_ExtractiveIndustriesAbstract' xlink:to='loc_ScheduleOfGasAndOilAcreageTextBlock' xlink:type='arc' />
    <link:presentationArc order='10' xlink:arcrole='http://www.xbrl.org/2003/arcrole/parent-child' xlink:from='loc_ScheduleOfGasAndOilAcreageTextBlock' xlink:to='loc_GasAndOilAcreageTable' xlink:type='arc' />
    <link:presentationArc order='10' xlink:arcrole='http://www.xbrl.org/2003/arcrole/parent-child' xlink:from='loc_GasAndOilAcreageTable' xlink:to='loc_StatementGeographicalAxis' xlink:type='arc' />
    <link:presentationArc order='20' xlink:arcrole='http://www.xbrl.org/2003/arcrole/parent-child' xlink:from='loc_GasAndOilAcreageTable' xlink:to='loc_GasAndOilAcreageLineItems' xlink:type='arc' />
    <link:presentationArc order='10' xlink:arcrole='http://www.xbrl.org/2003/arcrole/parent-child' xlink:from='loc_GasAndOilAcreageLineItems' xlink:to='loc_GasAndOilAreaDevelopedGross' xlink:type='arc' />
    <link:presentationArc order='20' xlink:arcrole='http://www.xbrl.org/2003/arcrole/parent-child' xlink:from='loc_GasAndOilAcreageLineItems' xlink:to='loc_GasAndOilAreaDevelopedNet' xlink:type='arc' />
    <link:presentationArc order='30' xlink:arcrole='http://www.xbrl.org/2003/arcrole/parent-child' xlink:from='loc_GasAndOilAcreageLineItems' xlink:to='loc_GasAndOilAreaUndevelopedGross' xlink:type='arc' />
    <link:presentationArc order='40' xlink:arcrole='http://www.xbrl.org/2003/arcrole/parent-child' xlink:from='loc_GasAndOilAcreageLineItems' xlink:to='loc_GasAndOilAreaUndevelopedNet' xlink:type='arc' />
    <link:presentationArc order='20' xlink:arcrole='http://www.xbrl.org/2003/arcrole/parent-child' xlink:from='loc_ScheduleOfGasAndOilAcreageTextBlock' xlink:to='loc_MinimumRemainingTermsOfLeasesAndConcessionsOnUndevelopedAcreage1' xlink:type='arc' />
  </link:presentationLink>
</link:linkbase>
