<?xml version="1.0" encoding="US-ASCII"?>
<link:linkbase xmlns:xsi="http://www.w3.org/2001/XMLSchema-instance" xsi:schemaLocation="http://www.xbrl.org/2003/linkbase http://www.xbrl.org/2003/xbrl-linkbase-2003-12-31.xsd" xmlns:link="http://www.xbrl.org/2003/linkbase" xmlns:xlink="http://www.w3.org/1999/xlink">
<link:labelLink xlink:type="extended" xlink:role="http://www.xbrl.org/2003/role/link">
<link:loc xlink:type="locator" xlink:href="invest-2011-01-31.xsd#invest_DerivativeCounterparty" xlink:label="loc_DerivativeCounterparty"/>
<link:loc xlink:type="locator" xlink:href="invest-2011-01-31.xsd#invest_DerivativeNonmonetaryNotionalAmount" xlink:label="loc_DerivativeNonmonetaryNotionalAmount"/>
<link:loc xlink:type="locator" xlink:href="invest-2011-01-31.xsd#invest_DerivativeNotionalAmount" xlink:label="loc_DerivativeNotionalAmount"/>
<link:loc xlink:type="locator" xlink:href="invest-2011-01-31.xsd#invest_DerivativeTypeOfInterestRatePaidOnSwap" xlink:label="loc_DerivativeTypeOfInterestRatePaidOnSwap"/>
<link:loc xlink:type="locator" xlink:href="invest-2011-01-31.xsd#invest_InvestmentLineItems" xlink:label="loc_InvestmentLineItems"/>
<link:loc xlink:type="locator" xlink:href="invest-2011-01-31.xsd#invest_InvestmentInterestRateType" xlink:label="loc_InvestmentInterestRateType"/>
<link:loc xlink:type="locator" xlink:href="invest-2011-01-31.xsd#invest_InvestmentInterestRateRangeAbstract" xlink:label="loc_InvestmentInterestRateRangeAbstract"/>
<link:loc xlink:type="locator" xlink:href="invest-2011-01-31.xsd#invest_InvestmentInterestRateRangeStart" xlink:label="loc_InvestmentInterestRateRangeStart"/>
<link:loc xlink:type="locator" xlink:href="invest-2011-01-31.xsd#invest_InvestmentInterestRateRangeEnd" xlink:label="loc_InvestmentInterestRateRangeEnd"/>
<link:loc xlink:type="locator" xlink:href="invest-2011-01-31.xsd#invest_InvestmentRepurchaseAgreementAbstract" xlink:label="loc_InvestmentRepurchaseAgreementAbstract"/>
<link:loc xlink:type="locator" xlink:href="invest-2011-01-31.xsd#invest_InvestmentRepurchaseAgreementNameOfParty" xlink:label="loc_InvestmentRepurchaseAgreementNameOfParty"/>
<link:loc xlink:type="locator" xlink:href="invest-2011-01-31.xsd#invest_InvestmentRepurchaseAgreementDateOfAgreement" xlink:label="loc_InvestmentRepurchaseAgreementDateOfAgreement"/>
<link:loc xlink:type="locator" xlink:href="invest-2011-01-31.xsd#invest_InvestmentRepurchaseAgreementRepurchaseDate" xlink:label="loc_InvestmentRepurchaseAgreementRepurchaseDate"/>
<link:loc xlink:type="locator" xlink:href="invest-2011-01-31.xsd#invest_CUSIPMember" xlink:label="loc_CUSIPMember"/>
<link:loc xlink:type="locator" xlink:href="invest-2011-01-31.xsd#invest_SEDOLMember" xlink:label="loc_SEDOLMember"/>
<link:loc xlink:type="locator" xlink:href="invest-2011-01-31.xsd#invest_InternalIdentifierSchemeMember" xlink:label="loc_InternalIdentifierSchemeMember"/>
<link:loc xlink:type="locator" xlink:href="invest-2011-01-31.xsd#invest_InvestmentTextBlock" xlink:label="loc_InvestmentTextBlock"/>
<link:loc xlink:type="locator" xlink:href="invest-2011-01-31.xsd#invest_InvestmentIdentifierTable" xlink:label="loc_InvestmentIdentifierTable"/>
<link:loc xlink:type="locator" xlink:href="invest-2011-01-31.xsd#invest_InvestmentAxis" xlink:label="loc_InvestmentAxis"/>
<link:loc xlink:type="locator" xlink:href="invest-2011-01-31.xsd#invest_InvestmentDomain" xlink:label="loc_InvestmentDomain"/>
<link:loc xlink:type="locator" xlink:href="invest-2011-01-31.xsd#invest_InvestmentIdentifierLineItems" xlink:label="loc_InvestmentIdentifierLineItems"/>
<link:loc xlink:type="locator" xlink:href="invest-2011-01-31.xsd#invest_InvestmentIdentifierSchemeDomain" xlink:label="loc_InvestmentIdentifierSchemeDomain"/>
<link:loc xlink:type="locator" xlink:href="invest-2011-01-31.xsd#invest_InvestmentIdentifier" xlink:label="loc_InvestmentIdentifier"/>
<link:loc xlink:type="locator" xlink:href="invest-2011-01-31.xsd#invest_InvestmentIdentifierSchemeAxis" xlink:label="loc_InvestmentIdentifierSchemeAxis"/>
<link:loc xlink:type="locator" xlink:href="invest-2011-01-31.xsd#invest_InvestmentNonIncomeProducingFlag" xlink:label="loc_InvestmentNonIncomeProducingFlag"/>
<link:loc xlink:type="locator" xlink:href="invest-2011-01-31.xsd#invest_InvestmentRepurchaseAgreementAmountToBeReceived" xlink:label="loc_InvestmentRepurchaseAgreementAmountToBeReceived"/>
<link:loc xlink:type="locator" xlink:href="invest-2011-01-31.xsd#invest_InvestmentRepurchaseAgreementDescriptionOfInvestmentsSubjectToAgreement" xlink:label="loc_InvestmentRepurchaseAgreementDescriptionOfInvestmentsSubjectToAgreement"/>
<link:loc xlink:type="locator" xlink:href="invest-2011-01-31.xsd#invest_InvestmentIssuer" xlink:label="loc_InvestmentIssuer"/>
<link:loc xlink:type="locator" xlink:href="invest-2011-01-31.xsd#invest_InvestmentTitle" xlink:label="loc_InvestmentTitle"/>
<link:loc xlink:type="locator" xlink:href="invest-2011-01-31.xsd#invest_InvestmentAdditionalInformation" xlink:label="loc_InvestmentAdditionalInformation"/>
<link:loc xlink:type="locator" xlink:href="invest-2011-01-31.xsd#invest_InvestmentOptionsAbstract" xlink:label="loc_InvestmentOptionsAbstract"/>
<link:loc xlink:type="locator" xlink:href="invest-2011-01-31.xsd#invest_InvestmentOptionsExpirationDate" xlink:label="loc_InvestmentOptionsExpirationDate"/>
<link:loc xlink:type="locator" xlink:href="invest-2011-01-31.xsd#invest_InvestmentOptionsExercisePrice" xlink:label="loc_InvestmentOptionsExercisePrice"/>
<link:loc xlink:type="locator" xlink:href="invest-2011-01-31.xsd#invest_InvestmentSupplementalFlagsAbstract" xlink:label="loc_InvestmentSupplementalFlagsAbstract"/>
<link:loc xlink:type="locator" xlink:href="invest-2011-01-31.xsd#invest_InvestmentRestrictedCashFlag" xlink:label="loc_InvestmentRestrictedCashFlag"/>
<link:loc xlink:type="locator" xlink:href="invest-2011-01-31.xsd#invest_InvestmentDefaultedSecurityFlag" xlink:label="loc_InvestmentDefaultedSecurityFlag"/>
<link:loc xlink:type="locator" xlink:href="invest-2011-01-31.xsd#invest_InvestmentADRFlag" xlink:label="loc_InvestmentADRFlag"/>
<link:loc xlink:type="locator" xlink:href="invest-2011-01-31.xsd#invest_InvestmentWhenIssuedFlag" xlink:label="loc_InvestmentWhenIssuedFlag"/>
<link:loc xlink:type="locator" xlink:href="invest-2011-01-31.xsd#invest_InvestmentInterestOnlyFlag" xlink:label="loc_InvestmentInterestOnlyFlag"/>
<link:loc xlink:type="locator" xlink:href="invest-2011-01-31.xsd#invest_InvestmentPrincipalOnlyFlag" xlink:label="loc_InvestmentPrincipalOnlyFlag"/>
<link:loc xlink:type="locator" xlink:href="invest-2011-01-31.xsd#invest_InvestmentStepupBondInterestRateIsForFutureDateFlag" xlink:label="loc_InvestmentStepupBondInterestRateIsForFutureDateFlag"/>
<link:loc xlink:type="locator" xlink:href="invest-2011-01-31.xsd#invest_InvestmentInterestRateIsCurrentRateForVariableRateInvestmentFlag" xlink:label="loc_InvestmentInterestRateIsCurrentRateForVariableRateInvestmentFlag"/>
<link:loc xlink:type="locator" xlink:href="invest-2011-01-31.xsd#invest_InvestmentInterestRateIsDiscountRateAtPurchaseFlag" xlink:label="loc_InvestmentInterestRateIsDiscountRateAtPurchaseFlag"/>
<link:loc xlink:type="locator" xlink:href="invest-2011-01-31.xsd#invest_InvestmentUnderlyingInvestmentIdentifier" xlink:label="loc_InvestmentUnderlyingInvestmentIdentifier"/>
<link:loc xlink:type="locator" xlink:href="invest-2011-01-31.xsd#invest_InvestmentInterestRateReflectsCurrentYieldFlag" xlink:label="loc_InvestmentInterestRateReflectsCurrentYieldFlag"/>
<link:loc xlink:type="locator" xlink:href="invest-2011-01-31.xsd#invest_InvestmentMaturityDateRangeAbstract" xlink:label="loc_InvestmentMaturityDateRangeAbstract"/>
<link:loc xlink:type="locator" xlink:href="invest-2011-01-31.xsd#invest_InvestmentInterestRate" xlink:label="loc_InvestmentInterestRate"/>
<link:loc xlink:type="locator" xlink:href="invest-2011-01-31.xsd#invest_InvestmentTable" xlink:label="loc_InvestmentTable"/>
<link:loc xlink:type="locator" xlink:href="invest-2011-01-31.xsd#invest_InvestmentForeignCurrencyContractCurrency" xlink:label="loc_InvestmentForeignCurrencyContractCurrency"/>
<link:loc xlink:type="locator" xlink:href="invest-2011-01-31.xsd#invest_InvestmentForeignCurrencyContractTransactionTypeFlag" xlink:label="loc_InvestmentForeignCurrencyContractTransactionTypeFlag"/>
<link:loc xlink:type="locator" xlink:href="invest-2011-01-31.xsd#invest_InvestmentCFICode" xlink:label="loc_InvestmentCFICode"/>
<link:loc xlink:type="locator" xlink:href="invest-2011-01-31.xsd#invest_InvestmentForeignCurrencyContractForeignCurrencyAmount" xlink:label="loc_InvestmentForeignCurrencyContractForeignCurrencyAmount"/>
<link:loc xlink:type="locator" xlink:href="invest-2011-01-31.xsd#invest_InvestmentForeignCurrencyContractReportingCurrencyAmountAtDateOfOrigin" xlink:label="loc_InvestmentForeignCurrencyContractReportingCurrencyAmountAtDateOfOrigin"/>
<link:loc xlink:type="locator" xlink:href="invest-2011-01-31.xsd#invest_DUNSMember" xlink:label="loc_DUNSMember"/>
<link:loc xlink:type="locator" xlink:href="invest-2011-01-31.xsd#invest_InvestmentIssuerAxis" xlink:label="InvestmentIssuerAxis"/>
<link:loc xlink:type="locator" xlink:href="invest-2011-01-31.xsd#invest_InvestmentIssuerDomain" xlink:label="InvestmentIssuerDomain"/>
<link:loc xlink:type="locator" xlink:href="invest-2011-01-31.xsd#invest_InvestmentGDRFlag" xlink:label="loc_InvestmentGDRFlag"/>
<link:loc xlink:type="locator" xlink:href="invest-2011-01-31.xsd#invest_InvestmentTableTextBlock" xlink:label="InvestmentTableTextBlock"/>
<link:loc xlink:type="locator" xlink:href="invest-2011-01-31.xsd#invest_InvestmentEmbeddedTableTextBlock" xlink:label="InvestmentEmbeddedTableTextBlock"/>
<link:loc xlink:type="locator" xlink:href="invest-2011-01-31.xsd#invest_InvestmentGeographicRegionAxis" xlink:label="InvestmentGeographicRegionAxis"/>
<link:loc xlink:type="locator" xlink:href="invest-2011-01-31.xsd#invest_InvestmentGeographicRegionDomain" xlink:label="InvestmentGeographicRegionDomain"/>
<link:loc xlink:type="locator" xlink:href="invest-2011-01-31.xsd#invest_InvestmentSectorAxis" xlink:label="InvestmentSectorAxis"/>
<link:loc xlink:type="locator" xlink:href="invest-2011-01-31.xsd#invest_InvestmentSectorDomain" xlink:label="InvestmentSectorDomain"/>
<link:loc xlink:type="locator" xlink:href="invest-2011-01-31.xsd#invest_InvestmentHoldingAxis" xlink:label="InvestmentHoldingAxis"/>
<link:loc xlink:type="locator" xlink:href="invest-2011-01-31.xsd#invest_InvestmentHoldingDomain" xlink:label="InvestmentHoldingDomain"/>
<link:loc xlink:type="locator" xlink:href="invest-2011-01-31.xsd#invest_InvestmentContractCurrency" xlink:label="InvestmentContractCurrency"/>
<link:loc xlink:type="locator" xlink:href="invest-2011-01-31.xsd#invest_ISINMember" xlink:label="ISINMember"/>
<link:loc xlink:type="locator" xlink:href="invest-2011-01-31.xsd#invest_InvestmentContractCountry" xlink:label="InvestmentContractCountry"/>
<link:loc xlink:type="locator" xlink:href="invest-2011-01-31.xsd#invest_InvestmentWarrantsExpirationDate" xlink:label="InvestmentWarrantsExpirationDate"/>
<link:loc xlink:type="locator" xlink:href="invest-2011-01-31.xsd#invest_InvestmentContractSettlementDate" xlink:label="InvestmentContractSettlementDate"/>
<link:loc xlink:type="locator" xlink:href="invest-2011-01-31.xsd#invest_InvestmentContractSettlementDateRangeStart" xlink:label="InvestmentContractSettlementDateRangeStart"/>
<link:loc xlink:type="locator" xlink:href="invest-2011-01-31.xsd#invest_InvestmentContractSettlementDateRangeEnd" xlink:label="InvestmentContractSettlementDateRangeEnd"/>
<link:loc xlink:type="locator" xlink:href="invest-2011-01-31.xsd#invest_CreditRatingSourceAxis" xlink:label="CreditRatingSourceAxis"/>
<link:loc xlink:type="locator" xlink:href="invest-2011-01-31.xsd#invest_CreditRatingSourceDomain" xlink:label="CreditRatingSourceDomain"/>
<link:loc xlink:type="locator" xlink:href="invest-2011-01-31.xsd#invest_InvestmentTableLegendTextBlock" xlink:label="InvestmentTableLegendTextBlock"/>
<link:loc xlink:type="locator" xlink:href="invest-2011-01-31.xsd#invest_InvestmentWarrantsExpirationDateRangeStart" xlink:label="InvestmentWarrantsExpirationDateRangeStart"/>
<link:loc xlink:type="locator" xlink:href="invest-2011-01-31.xsd#invest_InvestmentWarrantsExpirationDateRangeEnd" xlink:label="InvestmentWarrantsExpirationDateRangeEnd"/>
<link:loc xlink:type="locator" xlink:href="invest-2011-01-31.xsd#invest_InvestmentWarrantsExercisePrice" xlink:label="InvestmentWarrantsExercisePrice"/>
<link:loc xlink:type="locator" xlink:href="invest-2011-01-31.xsd#invest_InvestmentMaturityDate1" xlink:label="InvestmentMaturityDate1"/>
<link:loc xlink:type="locator" xlink:href="invest-2011-01-31.xsd#invest_InvestmentMaturityDateRangeStart1" xlink:label="InvestmentMaturityDateRangeStart1"/>
<link:loc xlink:type="locator" xlink:href="invest-2011-01-31.xsd#invest_InvestmentMaturityDateRangeEnd1" xlink:label="InvestmentMaturityDateRangeEnd1"/>
<link:loc xlink:type="locator" xlink:href="invest-2011-01-31.xsd#invest_InvestmentForeignCurrencyContractAmountPurchased" xlink:label="InvestmentForeignCurrencyContractAmountPurchased"/>
<link:loc xlink:type="locator" xlink:href="invest-2011-01-31.xsd#invest_InvestmentForeignCurrencyContractAmountSold" xlink:label="InvestmentForeignCurrencyContractAmountSold"/>
<link:loc xlink:type="locator" xlink:href="invest-2011-01-31.xsd#invest_InvestmentContractCounterpartyAxis" xlink:label="InvestmentContractCounterpartyAxis"/>
<link:loc xlink:type="locator" xlink:href="invest-2011-01-31.xsd#invest_InvestmentContractCounterpartyDomain" xlink:label="InvestmentContractCounterpartyDomain"/>
<link:loc xlink:type="locator" xlink:href="invest-2011-01-31.xsd#invest_InvestmentSecuritiesSeriesAxis" xlink:label="InvestmentSecuritiesSeriesAxis"/>
<link:loc xlink:type="locator" xlink:href="invest-2011-01-31.xsd#invest_InvestmentSecuritiesSeriesDomain" xlink:label="InvestmentSecuritiesSeriesDomain"/>
<link:loc xlink:type="locator" xlink:href="invest-2011-01-31.xsd#invest_InvestmentSecuritiesClassAxis" xlink:label="InvestmentSecuritiesClassAxis"/>
<link:loc xlink:type="locator" xlink:href="invest-2011-01-31.xsd#invest_InvestmentSecuritiesClassDomain" xlink:label="InvestmentSecuritiesClassDomain"/>
<link:loc xlink:type="locator" xlink:href="invest-2011-01-31.xsd#invest_InvestmentContractWeight" xlink:label="InvestmentContractWeight"/>
<link:loc xlink:type="locator" xlink:href="invest-2011-01-31.xsd#invest_InvestmentContractVolume" xlink:label="InvestmentContractVolume"/>
<link:label xlink:type="resource" xlink:label="lab_DerivativeCounterparty" xlink:role="http://www.xbrl.org/2003/role/documentation" xml:lang="en-US" id="lab_DerivativeCounterparty_documentation_en-US">Identification of the name or type of counterparty to the derivative instrument.</link:label>
<link:label xlink:type="resource" xlink:label="lab_DerivativeNonmonetaryNotionalAmount" xlink:role="http://www.xbrl.org/2003/role/documentation" xml:lang="en-US" id="lab_DerivativeNonmonetaryNotionalAmount_documentation_en-US">Aggregate notional amount of derivative expressed in nonmonetary units. For example, the number of barrels specified in a fuel oil forward purchase contract.</link:label>
<link:label xlink:type="resource" xlink:label="lab_DerivativeNotionalAmount" xlink:role="http://www.xbrl.org/2003/role/documentation" xml:lang="en-US" id="lab_DerivativeNotionalAmount_documentation_en-US">Monetary amount specified by the derivative(s). Expressed as an absolute value.</link:label>
<link:label xlink:type="resource" xlink:label="lab_DerivativeTypeOfInterestRatePaidOnSwap" xlink:role="http://www.xbrl.org/2003/role/documentation" xml:lang="en-US" id="lab_DerivativeTypeOfInterestRatePaidOnSwap_documentation_en-US">When the derivative or group of derivatives presented is a swap, the type of interest rate (fixed, variable, stepped, etc.) paid on the swap.</link:label>
<link:label xlink:type="resource" xlink:label="lab_InvestmentLineItems" xlink:role="http://www.xbrl.org/2003/role/documentation" xml:lang="en-US" id="lab_InvestmentLineItems_documentation_en-US">Line items represent reporting concepts included in a table. These concepts are used to disclose reportable information associated with domain members defined in one or many axes to the table.</link:label>
<link:label xlink:type="resource" xlink:label="lab_InvestmentInterestRateType" xlink:role="http://www.xbrl.org/2003/role/documentation" xml:lang="en-US" id="lab_InvestmentInterestRateType_documentation_en-US">Description of the interest rate as being fixed, variable, stepped, etc.</link:label>
<link:label xlink:type="resource" xlink:label="lab_InvestmentInterestRateRangeAbstract" xlink:role="http://www.xbrl.org/2003/role/documentation" xml:lang="en-US" id="lab_InvestmentInterestRateRangeAbstract_documentation_en-US">The interest rate range for debt instruments reported on the Schedule of Investments.</link:label>
<link:label xlink:type="resource" xlink:label="lab_InvestmentInterestRateRangeStart" xlink:role="http://www.xbrl.org/2003/role/documentation" xml:lang="en-US" id="lab_InvestmentInterestRateRangeStart_documentation_en-US">The lowest interest rate in the aggregated short-tem debt instruments.</link:label>
<link:label xlink:type="resource" xlink:label="lab_InvestmentInterestRateRangeEnd" xlink:role="http://www.xbrl.org/2003/role/documentation" xml:lang="en-US" id="lab_InvestmentInterestRateRangeEnd_documentation_en-US">The highest interest rate in the aggregated short-tem debt instruments.</link:label>
<link:label xlink:type="resource" xlink:label="lab_InvestmentRepurchaseAgreementAbstract" xlink:role="http://www.xbrl.org/2003/role/documentation" xml:lang="en-US" id="lab_InvestmentRepurchaseAgreementAbstract_documentation_en-US">Line items related specifically to repurchase agreements.</link:label>
<link:label xlink:type="resource" xlink:label="lab_InvestmentRepurchaseAgreementNameOfParty" xlink:role="http://www.xbrl.org/2003/role/documentation" xml:lang="en-US" id="lab_InvestmentRepurchaseAgreementNameOfParty_documentation_en-US">Name of the party or parties to the agreement.</link:label>
<link:label xlink:type="resource" xlink:label="lab_InvestmentRepurchaseAgreementDateOfAgreement" xlink:role="http://www.xbrl.org/2003/role/documentation" xml:lang="en-US" id="lab_InvestmentRepurchaseAgreementDateOfAgreement_documentation_en-US">Date the repurchase agreement was made.</link:label>
<link:label xlink:type="resource" xlink:label="lab_InvestmentRepurchaseAgreementRepurchaseDate" xlink:role="http://www.xbrl.org/2003/role/documentation" xml:lang="en-US" id="lab_InvestmentRepurchaseAgreementRepurchaseDate_documentation_en-US">Date the repurchase will be made.</link:label>
<link:label xlink:type="resource" xlink:label="lab_CUSIPMember" xlink:role="http://www.xbrl.org/2003/role/documentation" xml:lang="en-US" id="lab_CUSIPMember_documentation_en-US">Designates the investment identifier as a CUSIP identifier.</link:label>
<link:label xlink:type="resource" xlink:label="lab_SEDOLMember" xlink:role="http://www.xbrl.org/2003/role/documentation" xml:lang="en-US" id="lab_SEDOLMember_documentation_en-US">Designates the investment identifier as a SEDOL identifier.</link:label>
<link:label xlink:type="resource" xlink:label="lab_InternalIdentifierSchemeMember" xlink:role="http://www.xbrl.org/2003/role/documentation" xml:lang="en-US" id="lab_InternalIdentifierSchemeMember_documentation_en-US">This Investment identifier scheme is used when the investment does not have an identifier in an existing scheme. This scheme indicates that a filer's internal proprietary investment identifier scheme is used for the associated investment identifier. Identifiers in this scheme may not be consistent between filings, even for the same filer. This scheme should not be used for a non proprietary scheme. If a non-proprietary scheme is used, a new member should be created in the domain identifying the scheme.</link:label>
<link:label xlink:type="resource" xlink:label="lab_InvestmentTextBlock" xlink:role="http://www.xbrl.org/2003/role/documentation" xml:lang="en-US" id="lab_InvestmentTextBlock_documentation_en-US">The entire disclosure for investments, including all tables.</link:label>
<link:label xlink:type="resource" xlink:label="lab_InvestmentIdentifierTable" xlink:role="http://www.xbrl.org/2003/role/documentation" xml:lang="en-US" id="lab_InvestmentIdentifierTable_documentation_en-US">This table lists the identifiers for the investments. An investment may have more than one identifier. Each identifier is from an identifier scheme.</link:label>
<link:label xlink:type="resource" xlink:label="lab_InvestmentAxis" xlink:role="http://www.xbrl.org/2003/role/documentation" xml:lang="en-US" id="lab_InvestmentAxis_documentation_en-US">A categorization of investments (securities, debt instruments, other instruments).</link:label>
<link:label xlink:type="resource" xlink:label="lab_InvestmentDomain" xlink:role="http://www.xbrl.org/2003/role/documentation" xml:lang="en-US" id="lab_InvestmentDomain_documentation_en-US">A categorization of investments (securities, debt instruments, other instruments).</link:label>
<link:label xlink:type="resource" xlink:label="lab_InvestmentIdentifierLineItems" xlink:role="http://www.xbrl.org/2003/role/documentation" xml:lang="en-US" id="lab_InvestmentIdentifierLineItems_documentation_en-US">Line items represent reporting concepts included in a table. These concepts are used to disclose reportable information associated with domain members defined in one or many axes to the table.</link:label>
<link:label xlink:type="resource" xlink:label="lab_InvestmentIdentifierSchemeDomain" xlink:role="http://www.xbrl.org/2003/role/documentation" xml:lang="en-US" id="lab_InvestmentIdentifierSchemeDomain_documentation_en-US">Lists the schemes that are used to identify investments. If a non-proprietary scheme not already listed is used, a new member should be created for that identifier scheme. If an internal scheme is used, the "Internal Identifier Scheme [Member]" should be used.</link:label>
<link:label xlink:type="resource" xlink:label="lab_InvestmentIdentifier" xlink:role="http://www.xbrl.org/2003/role/documentation" xml:lang="en-US" id="lab_InvestmentIdentifier_documentation_en-US">The identifier for an investment. The identifier must be valid for the scheme with which it is associated.</link:label>
<link:label xlink:type="resource" xlink:label="lab_InvestmentIdentifierSchemeAxis" xlink:role="http://www.xbrl.org/2003/role/documentation" xml:lang="en-US" id="lab_InvestmentIdentifierSchemeAxis_documentation_en-US">The set of investment identifier schemes that can be used for an investment.</link:label>
<link:label xlink:type="resource" xlink:label="lab_InvestmentNonIncomeProducingFlag" xlink:role="http://www.xbrl.org/2003/role/documentation" xml:lang="en-US" id="lab_InvestmentNonIncomeProducingFlag_documentation_en-US">Indicates if the investment is non-income producing. Evidences of indebtedness and preferred shares may be deemed to be income producing if, on the respective last interest payment date or date for the declaration of dividends prior to the date of the related balance sheet, there was only a partial payment of interest or a declaration of only a partial amount of the dividends payable; in such case, however, each such issue shall be indicated by an appropriate symbol referring to a note to the effect that, on the last interest or dividend date, only partial interest was paid or partial dividends declared. If, on such respective last interest or dividend date, no interest was paid or no cash or in kind dividends declared, the issue shall not be deemed to be income producing. Common shares shall not be deemed to be income producing unless, during the last year preceding the date of the related balance sheet, there was at least one dividend paid upon such common shares.</link:label>
<link:label xlink:type="resource" xlink:label="lab_InvestmentRepurchaseAgreementAmountToBeReceived" xlink:role="http://www.xbrl.org/2003/role/documentation" xml:lang="en-US" id="lab_InvestmentRepurchaseAgreementAmountToBeReceived_documentation_en-US">Amount to be received on the repurchase date.</link:label>
<link:label xlink:type="resource" xlink:label="lab_InvestmentRepurchaseAgreementDescriptionOfInvestmentsSubjectToAgreement" xlink:role="http://www.xbrl.org/2003/role/documentation" xml:lang="en-US" id="lab_InvestmentRepurchaseAgreementDescriptionOfInvestmentsSubjectToAgreement_documentation_en-US">Description of the investments involved in the repurchase agreement.</link:label>
<link:label xlink:type="resource" xlink:label="lab_InvestmentIssuer" xlink:role="http://www.xbrl.org/2003/role/documentation" xml:lang="en-US" id="lab_InvestmentIssuer_documentation_en-US">Name of the issuer (Deprecated 2011-01-31)</link:label>
<link:label xlink:type="resource" xlink:label="lab_InvestmentTitle" xlink:role="http://www.xbrl.org/2003/role/documentation" xml:lang="en-US" id="lab_InvestmentTitle_documentation_en-US">Title of the investment. This may include a brief description of the investment.</link:label>
<link:label xlink:type="resource" xlink:label="lab_InvestmentAdditionalInformation" xlink:role="http://www.xbrl.org/2003/role/documentation" xml:lang="en-US" id="lab_InvestmentAdditionalInformation_documentation_en-US">Additional narrative disclosure about the investment, including any descriptions that are not captured by other line items.</link:label>
<link:label xlink:type="resource" xlink:label="lab_InvestmentOptionsAbstract" xlink:role="http://www.xbrl.org/2003/role/documentation" xml:lang="en-US" id="lab_InvestmentOptionsAbstract_documentation_en-US">Information specific to options investments.</link:label>
<link:label xlink:type="resource" xlink:label="lab_InvestmentOptionsExpirationDate" xlink:role="http://www.xbrl.org/2003/role/documentation" xml:lang="en-US" id="lab_InvestmentOptionsExpirationDate_documentation_en-US">Expiration date of the option.</link:label>
<link:label xlink:type="resource" xlink:label="lab_InvestmentOptionsExercisePrice" xlink:role="http://www.xbrl.org/2003/role/documentation" xml:lang="en-US" id="lab_InvestmentOptionsExercisePrice_documentation_en-US">Exercise price of the option.</link:label>
<link:label xlink:type="resource" xlink:label="lab_InvestmentSupplementalFlagsAbstract" xlink:role="http://www.xbrl.org/2003/role/documentation" xml:lang="en-US" id="lab_InvestmentSupplementalFlagsAbstract_documentation_en-US">A container for additional flags for the investment.</link:label>
<link:label xlink:type="resource" xlink:label="lab_InvestmentRestrictedCashFlag" xlink:role="http://www.xbrl.org/2003/role/documentation" xml:lang="en-US" id="lab_InvestmentRestrictedCashFlag_documentation_en-US">Indicates the investment is restricted cash.</link:label>
<link:label xlink:type="resource" xlink:label="lab_InvestmentDefaultedSecurityFlag" xlink:role="http://www.xbrl.org/2003/role/documentation" xml:lang="en-US" id="lab_InvestmentDefaultedSecurityFlag_documentation_en-US">Indicates the issuer of the investment has defaulted on the investment.</link:label>
<link:label xlink:type="resource" xlink:label="lab_InvestmentADRFlag" xlink:role="http://www.xbrl.org/2003/role/documentation" xml:lang="en-US" id="lab_InvestmentADRFlag_documentation_en-US">Indicates the investment is an American Depository Receipt for foreign securities.</link:label>
<link:label xlink:type="resource" xlink:label="lab_InvestmentWhenIssuedFlag" xlink:role="http://www.xbrl.org/2003/role/documentation" xml:lang="en-US" id="lab_InvestmentWhenIssuedFlag_documentation_en-US">Indicates the investment acquired "when issued" (short for "when, as and if issued").</link:label>
<link:label xlink:type="resource" xlink:label="lab_InvestmentInterestOnlyFlag" xlink:role="http://www.xbrl.org/2003/role/documentation" xml:lang="en-US" id="lab_InvestmentInterestOnlyFlag_documentation_en-US">Indicates the investment represents the interest only portion of another security.</link:label>
<link:label xlink:type="resource" xlink:label="lab_InvestmentPrincipalOnlyFlag" xlink:role="http://www.xbrl.org/2003/role/documentation" xml:lang="en-US" id="lab_InvestmentPrincipalOnlyFlag_documentation_en-US">Indicates the investment is the principal portion of another security.</link:label>
<link:label xlink:type="resource" xlink:label="lab_InvestmentStepupBondInterestRateIsForFutureDateFlag" xlink:role="http://www.xbrl.org/2003/role/documentation" xml:lang="en-US" id="lab_InvestmentStepupBondInterestRateIsForFutureDateFlag_documentation_en-US">Indicates the investment is a step-up bond that converts to the noted fixed rate at a designated future date.</link:label>
<link:label xlink:type="resource" xlink:label="lab_InvestmentInterestRateIsCurrentRateForVariableRateInvestmentFlag" xlink:role="http://www.xbrl.org/2003/role/documentation" xml:lang="en-US" id="lab_InvestmentInterestRateIsCurrentRateForVariableRateInvestmentFlag_documentation_en-US">Indicates whether interest rate is the current interest rate as of the date of the report.</link:label>
<link:label xlink:type="resource" xlink:label="lab_InvestmentInterestRateIsDiscountRateAtPurchaseFlag" xlink:role="http://www.xbrl.org/2003/role/documentation" xml:lang="en-US" id="lab_InvestmentInterestRateIsDiscountRateAtPurchaseFlag_documentation_en-US">Indicates whether the interest rate is the discount rate at the time of the purchase.</link:label>
<link:label xlink:type="resource" xlink:label="lab_InvestmentUnderlyingInvestmentIdentifier" xlink:role="http://www.xbrl.org/2003/role/documentation" xml:lang="en-US" id="lab_InvestmentUnderlyingInvestmentIdentifier_documentation_en-US">For investments that are based on other investments (i.e. futures, options, repurchase agreements) the primary identifier for the underlying investment. This should only be included if the underlying security is also listed in the investment table.</link:label>
<link:label xlink:type="resource" xlink:label="lab_InvestmentInterestRateReflectsCurrentYieldFlag" xlink:role="http://www.xbrl.org/2003/role/documentation" xml:lang="en-US" id="lab_InvestmentInterestRateReflectsCurrentYieldFlag_documentation_en-US">Indicates the interest rate in the "Investment, Interest Rate" concept is the current yield of the investment as of the date of the report.</link:label>
<link:label xlink:type="resource" xlink:label="lab_InvestmentMaturityDateRangeAbstract" xlink:role="http://www.xbrl.org/2003/role/documentation" xml:lang="en-US" id="lab_InvestmentMaturityDateRangeAbstract_documentation_en-US">The maturity date range of the underlying investments reported on the Schedule of Investments.</link:label>
<link:label xlink:type="resource" xlink:label="lab_InvestmentInterestRate" xlink:role="http://www.xbrl.org/2003/role/documentation" xml:lang="en-US" id="lab_InvestmentInterestRate_documentation_en-US">The interest rate for investments that have an interest rate. For fixed rate investments, this indicates the fixed interest rate. If the investment has a variable interest rate, the rate stated here may be the rate that is currently relevant. In this case the "Investment, Interest Rate is Current Rate for Variable Rate Investment Flag", "Investment, Interest Rate is Discount Rate at Purchase Flag", "Investment, Interest Rate Reflects Current Yield Flag" should be used. If one of these flags are not appropriate to explain the interest rate that is indicated, then a new flag should be added or an explanation should be included in "Investment, Additional Information".</link:label>
<link:label xlink:type="resource" xlink:label="lab_InvestmentTable" xlink:role="http://www.xbrl.org/2003/role/documentation" xml:lang="en-US" id="lab_InvestmentTable_documentation_en-US">This table lists the investments. The line items identify information about the investment.</link:label>
<link:label xlink:type="resource" xlink:label="lab_InvestmentForeignCurrencyContractCurrency" xlink:role="http://www.xbrl.org/2003/role/documentation" xml:lang="en-US" id="lab_InvestmentForeignCurrencyContractCurrency_documentation_en-US">The country of origin and name of the national currency of the foreign currency contract (forward, option).</link:label>
<link:label xlink:type="resource" xlink:label="lab_InvestmentForeignCurrencyContractTransactionTypeFlag" xlink:role="http://www.xbrl.org/2003/role/documentation" xml:lang="en-US" id="lab_InvestmentForeignCurrencyContractTransactionTypeFlag_documentation_en-US">The entity's designation of its position on the foreign currency contract being described. This flag can only have the values of "Buy" or "Sell".</link:label>
<link:label xlink:type="resource" xlink:label="lab_InvestmentCFICode" xlink:role="http://www.xbrl.org/2003/role/documentation" xml:lang="en-US" id="lab_InvestmentCFICode_documentation_en-US">CFI code (Classification of Financial Instruments) of the investment.</link:label>
<link:label xlink:type="resource" xlink:label="lab_InvestmentForeignCurrencyContractForeignCurrencyAmount" xlink:role="http://www.xbrl.org/2003/role/documentation" xml:lang="en-US" id="lab_InvestmentForeignCurrencyContractForeignCurrencyAmount_documentation_en-US">The amount of foreign currency that the entity has contractually agreed, or for which it has the option, to buy or sell with respect to the contract being described.</link:label>
<link:label xlink:type="resource" xlink:label="lab_InvestmentForeignCurrencyContractReportingCurrencyAmountAtDateOfOrigin" xlink:role="http://www.xbrl.org/2003/role/documentation" xml:lang="en-US" id="lab_InvestmentForeignCurrencyContractReportingCurrencyAmountAtDateOfOrigin_documentation_en-US">The reporting currency amount (for example, US dollars) conversion, as of the date of origin, of the foreign currency amount that the entity is obligated or for which it has the option to buy or sell with respect to the contract being described.</link:label>
<link:label xlink:type="resource" xlink:label="lab_DUNSMember" xlink:role="http://www.xbrl.org/2003/role/documentation" xml:lang="en-US" id="lab_DUNSMember_documentation_en-US">Designates the investment identifier as a DUNS identifier.</link:label>
<link:label xlink:type="resource" xlink:label="label_InvestmentIssuerAxis" xlink:role="http://www.xbrl.org/2003/role/documentation" xml:lang="en-US" id="label_InvestmentIssuerAxis">For an investments table in which investments are categorized by issuer (company, investee) this axis contains the members of that categorization.</link:label>
<link:label xlink:type="resource" xlink:label="label_InvestmentIssuerDomain" xlink:role="http://www.xbrl.org/2003/role/documentation" xml:lang="en-US" id="label_InvestmentIssuerDomain">For an investments table in which investments are categorized by issuer (company, investee) this domain represents all members of that categorization.</link:label>
<link:label xlink:type="resource" xlink:label="lab_InvestmentGDRFlag" xlink:role="http://www.xbrl.org/2003/role/documentation" xml:lang="en-US" id="label_InvestmentGDRFlag">Indicates the investment is an Global Depository Receipt for securities.</link:label>
<link:label xlink:type="resource" xlink:label="label_InvestmentTableTextBlock" xlink:role="http://www.xbrl.org/2003/role/documentation" xml:lang="en-US" id="label_InvestmentTableTextBlock">A table of investments, shown as a text block.</link:label>
<link:label xlink:type="resource" xlink:label="label_InvestmentEmbeddedTableTextBlock" xlink:role="http://www.xbrl.org/2003/role/documentation" xml:lang="en-US" id="label_InvestmentEmbeddedTableTextBlock">Embedded layout commands for an Investment Table, for the SEC rendering engine.</link:label>
<link:label xlink:type="resource" xlink:label="label_InvestmentGeographicRegionAxis" xlink:role="http://www.xbrl.org/2003/role/documentation" xml:lang="en-US" id="label_InvestmentGeographicRegionAxis">For an investments table in which investments are categorized by geographic region (continent, region, country, state or province) this axis contains the members of that categorization.</link:label>
<link:label xlink:type="resource" xlink:label="label_InvestmentGeographicRegionDomain" xlink:role="http://www.xbrl.org/2003/role/documentation" xml:lang="en-US" id="label_InvestmentGeographicRegionDomain">For an investments table in which investments are categorized by geographic region (continent, region, country, state or province) this domain represents the collection of all members of the axis.</link:label>
<link:label xlink:type="resource" xlink:label="label_InvestmentSectorAxis" xlink:role="http://www.xbrl.org/2003/role/documentation" xml:lang="en-US" id="label_InvestmentSectorAxis">For an investments table in which investments are categorized by sector (industry, market, customer tier, etc.) this axis contains the members of that categorization.</link:label>
<link:label xlink:type="resource" xlink:label="label_InvestmentSectorDomain" xlink:role="http://www.xbrl.org/2003/role/documentation" xml:lang="en-US" id="label_InvestmentSectorDomain">For an investments table in which investments are categorized by sector (industry, market, customer tier, etc.) this domain represents all members of that categorization.</link:label>
<link:label xlink:type="resource" xlink:label="label_InvestmentHoldingAxis" xlink:role="http://www.xbrl.org/2003/role/documentation" xml:lang="en-US" id="label_InvestmentHoldingAxis">For an investments table in which there is more than one holding of the same investment instrument, this axis contains the members of that categorization.</link:label>
<link:label xlink:type="resource" xlink:label="label_InvestmentHoldingDomain" xlink:role="http://www.xbrl.org/2003/role/documentation" xml:lang="en-US" id="label_InvestmentHoldingDomain">For an investments table in which investments are categorized by issuer (company, investee) this axis contains the members of that categorization.</link:label>
<link:label xlink:type="resource" xlink:label="label_InvestmentContractCurrency" xlink:role="http://www.xbrl.org/2003/role/documentation" xml:lang="en-US" id="label_InvestmentContractCurrency">The ISO 3-letter code for the currency in which a contract to buy or sell is denominated.</link:label>
<link:label xlink:type="resource" xlink:label="label_ISINMember" xlink:role="http://www.xbrl.org/2003/role/documentation" xml:lang="en-US" id="label_ISINMember">Designates the investment identifier as an ISIN identifier.</link:label>
<link:label xlink:type="resource" xlink:label="label_InvestmentContractCountry" xlink:role="http://www.xbrl.org/2003/role/documentation" xml:lang="en-US" id="label_InvestmentContractCountry">The ISO 2-letter code for the country of a contract to buy or sell.</link:label>
<link:label xlink:type="resource" xlink:label="label_InvestmentWarrantsExpirationDate" xlink:role="http://www.xbrl.org/2003/role/documentation" xml:lang="en-US" id="label_InvestmentWarrantsExpirationDate">Expiration date of warrants held.</link:label>
<link:label xlink:type="resource" xlink:label="label_InvestmentContractSettlementDate" xlink:role="http://www.xbrl.org/2003/role/documentation" xml:lang="en-US" id="label_InvestmentContractSettlementDate">The settlement date of an investment contract.</link:label>
<link:label xlink:type="resource" xlink:label="label_InvestmentContractSettlementDateRangeStart" xlink:role="http://www.xbrl.org/2003/role/documentation" xml:lang="en-US" id="label_InvestmentContractSettlementDateRangeStart">When an investment contract or contracts have a range of settlement dates, the earliest settlement date.</link:label>
<link:label xlink:type="resource" xlink:label="label_InvestmentContractSettlementDateRangeEnd" xlink:role="http://www.xbrl.org/2003/role/documentation" xml:lang="en-US" id="label_InvestmentContractSettlementDateRangeEnd">When an investment contract or contracts have a range of settlement dates, the latest settlement date.</link:label>
<link:label xlink:type="resource" xlink:label="label_CreditRatingSourceAxis" xlink:role="http://www.xbrl.org/2003/role/documentation" xml:lang="en-US" id="label_CreditRatingSourceAxis">For an investments table in which investments contain ratings from more than one credit rating organization, this axis contains the credit rating organization.</link:label>
<link:label xlink:type="resource" xlink:label="label_CreditRatingSourceDomain" xlink:role="http://www.xbrl.org/2003/role/documentation" xml:lang="en-US" id="label_CreditRatingSourceDomain">For an investments table in which investments contain ratings from more than one credit rating organization, this domain contains members that are the credit rating organizations.</link:label>
<link:label xlink:type="resource" xlink:label="label_InvestmentTableLegendTextBlock" xlink:role="http://www.xbrl.org/2003/role/documentation" xml:lang="en-US" id="label_InvestmentTableLegendTextBlock">Legend for a schedule of investments. A legend may include material such as a list of abbreviations or acronyms used.</link:label>
<link:label xlink:type="resource" xlink:label="label_InvestmentWarrantsExpirationDateRangeStart" xlink:role="http://www.xbrl.org/2003/role/documentation" xml:lang="en-US" id="label_InvestmentWarrantsExpirationDateRangeStart">The earliest date of expiration of warrants held.</link:label>
<link:label xlink:type="resource" xlink:label="label_InvestmentWarrantsExpirationDateRangeEnd" xlink:role="http://www.xbrl.org/2003/role/documentation" xml:lang="en-US" id="label_InvestmentWarrantsExpirationDateRangeEnd">The latest date of expiration of warrants held.</link:label>
<link:label xlink:type="resource" xlink:label="label_InvestmentWarrantsExercisePrice" xlink:role="http://www.xbrl.org/2003/role/documentation" xml:lang="en-US" id="label_InvestmentWarrantsExercisePrice">Exercise price of the warrants.</link:label>
<link:label xlink:type="resource" xlink:label="label_InvestmentMaturityDate1" xlink:role="http://www.xbrl.org/2003/role/documentation" xml:lang="en-US" id="label_InvestmentMaturityDate1">The maturity date of the investment.</link:label>
<link:label xlink:type="resource" xlink:label="label_InvestmentMaturityDateRangeStart1" xlink:role="http://www.xbrl.org/2003/role/documentation" xml:lang="en-US" id="label_InvestmentMaturityDateRangeStart1">The earliest maturity date when short-tem debt instruments are reported on the Schedule of Investments.</link:label>
<link:label xlink:type="resource" xlink:label="label_InvestmentMaturityDateRangeEnd1" xlink:role="http://www.xbrl.org/2003/role/documentation" xml:lang="en-US" id="label_InvestmentMaturityDateRangeEnd1">The latest maturity date when short-tem debt instruments are reported on the Schedule of Investments.</link:label>
<link:label xlink:type="resource" xlink:label="label_InvestmentForeignCurrencyContractAmountPurchased" xlink:role="http://www.xbrl.org/2003/role/documentation" xml:lang="en-US" id="label_InvestmentForeignCurrencyContractAmountPurchased">The amount of a currency that the reporting entity is obligated to purchase at settlement.</link:label>
<link:label xlink:type="resource" xlink:label="label_InvestmentForeignCurrencyContractAmountSold" xlink:role="http://www.xbrl.org/2003/role/documentation" xml:lang="en-US" id="label_InvestmentForeignCurrencyContractAmountSold">The amount of a currency that the reporting entity is obligated to sell at settlement.</link:label>
<link:label xlink:type="resource" xlink:label="label_InvestmentContractCounterpartyAxis" xlink:role="http://www.xbrl.org/2003/role/documentation" xml:lang="en-US" id="label_InvestmentContractCounterpartyAxis">For an investments table in which investment contracts are categorized by counterparty, this is the axis of all such counterparties.</link:label>
<link:label xlink:type="resource" xlink:label="label_InvestmentContractCounterpartyDomain" xlink:role="http://www.xbrl.org/2003/role/documentation" xml:lang="en-US" id="label_InvestmentContractCounterpartyDomain">For an investments table in which investment contracts are categorized by counterparty, this domain contains members representing those counterparties.</link:label>
<link:label xlink:type="resource" xlink:label="label_InvestmentSecuritiesSeriesAxis" xlink:role="http://www.xbrl.org/2003/role/documentation" xml:lang="en-US" id="label_InvestmentSecuritiesSeriesAxis">A categorization of investments (securities, debt instruments, other instruments) according to the security series.</link:label>
<link:label xlink:type="resource" xlink:label="label_InvestmentSecuritiesSeriesDomain" xlink:role="http://www.xbrl.org/2003/role/documentation" xml:lang="en-US" id="label_InvestmentSecuritiesSeriesDomain">A categorization of investments (securities, debt instruments, other instruments) according to the security series.</link:label>
<link:label xlink:type="resource" xlink:label="label_InvestmentSecuritiesClassAxis" xlink:role="http://www.xbrl.org/2003/role/documentation" xml:lang="en-US" id="label_InvestmentSecuritiesClassAxis">A categorization of investments (securities, debt instruments, other instruments) according to the security class.</link:label>
<link:label xlink:type="resource" xlink:label="label_InvestmentSecuritiesClassDomain" xlink:role="http://www.xbrl.org/2003/role/documentation" xml:lang="en-US" id="label_InvestmentSecuritiesClassDomain">A categorization of investments (securities, debt instruments, other instruments) according to the security class.</link:label>
<link:label xlink:type="resource" xlink:label="label_InvestmentContractWeight" xlink:role="http://www.xbrl.org/2003/role/documentation" xml:lang="en-US" id="label_InvestmentContractWeight">The weight of a commodity or material specified in an investment contract. For this element, weight may be specified using either units of weight (such as pounds) or units of mass (such as kilograms) since in commercial practice, the term 'weight' tends to be interchangeable with 'mass'.</link:label>
<link:label xlink:type="resource" xlink:label="label_InvestmentContractVolume" xlink:role="http://www.xbrl.org/2003/role/documentation" xml:lang="en-US" id="label_InvestmentContractVolume">The volume of a commodity or material specified in an investment contract.</link:label>
<link:labelArc xlink:type="arc" xlink:arcrole="http://www.xbrl.org/2003/arcrole/concept-label" xlink:from="loc_DerivativeCounterparty" xlink:to="lab_DerivativeCounterparty" order="1.0"/>
<link:labelArc xlink:type="arc" xlink:arcrole="http://www.xbrl.org/2003/arcrole/concept-label" xlink:from="loc_DerivativeNonmonetaryNotionalAmount" xlink:to="lab_DerivativeNonmonetaryNotionalAmount" order="1.0"/>
<link:labelArc xlink:type="arc" xlink:arcrole="http://www.xbrl.org/2003/arcrole/concept-label" xlink:from="loc_DerivativeNotionalAmount" xlink:to="lab_DerivativeNotionalAmount" order="1.0"/>
<link:labelArc xlink:type="arc" xlink:arcrole="http://www.xbrl.org/2003/arcrole/concept-label" xlink:from="loc_DerivativeTypeOfInterestRatePaidOnSwap" xlink:to="lab_DerivativeTypeOfInterestRatePaidOnSwap" order="1.0"/>
<link:labelArc xlink:type="arc" xlink:arcrole="http://www.xbrl.org/2003/arcrole/concept-label" xlink:from="loc_InvestmentLineItems" xlink:to="lab_InvestmentLineItems" order="1.0"/>
<link:labelArc xlink:type="arc" xlink:arcrole="http://www.xbrl.org/2003/arcrole/concept-label" xlink:from="loc_InvestmentInterestRateType" xlink:to="lab_InvestmentInterestRateType" order="1.0"/>
<link:labelArc xlink:type="arc" xlink:arcrole="http://www.xbrl.org/2003/arcrole/concept-label" xlink:from="loc_InvestmentInterestRateRangeAbstract" xlink:to="lab_InvestmentInterestRateRangeAbstract" order="1.0"/>
<link:labelArc xlink:type="arc" xlink:arcrole="http://www.xbrl.org/2003/arcrole/concept-label" xlink:from="loc_InvestmentInterestRateRangeStart" xlink:to="lab_InvestmentInterestRateRangeStart" order="1.0"/>
<link:labelArc xlink:type="arc" xlink:arcrole="http://www.xbrl.org/2003/arcrole/concept-label" xlink:from="loc_InvestmentInterestRateRangeEnd" xlink:to="lab_InvestmentInterestRateRangeEnd" order="1.0"/>
<link:labelArc xlink:type="arc" xlink:arcrole="http://www.xbrl.org/2003/arcrole/concept-label" xlink:from="loc_InvestmentRepurchaseAgreementAbstract" xlink:to="lab_InvestmentRepurchaseAgreementAbstract" order="1.0"/>
<link:labelArc xlink:type="arc" xlink:arcrole="http://www.xbrl.org/2003/arcrole/concept-label" xlink:from="loc_InvestmentRepurchaseAgreementNameOfParty" xlink:to="lab_InvestmentRepurchaseAgreementNameOfParty" order="1.0"/>
<link:labelArc xlink:type="arc" xlink:arcrole="http://www.xbrl.org/2003/arcrole/concept-label" xlink:from="loc_InvestmentRepurchaseAgreementDateOfAgreement" xlink:to="lab_InvestmentRepurchaseAgreementDateOfAgreement" order="1.0"/>
<link:labelArc xlink:type="arc" xlink:arcrole="http://www.xbrl.org/2003/arcrole/concept-label" xlink:from="loc_InvestmentRepurchaseAgreementRepurchaseDate" xlink:to="lab_InvestmentRepurchaseAgreementRepurchaseDate" order="1.0"/>
<link:labelArc xlink:type="arc" xlink:arcrole="http://www.xbrl.org/2003/arcrole/concept-label" xlink:from="loc_CUSIPMember" xlink:to="lab_CUSIPMember" order="1.0"/>
<link:labelArc xlink:type="arc" xlink:arcrole="http://www.xbrl.org/2003/arcrole/concept-label" xlink:from="loc_SEDOLMember" xlink:to="lab_SEDOLMember" order="1.0"/>
<link:labelArc xlink:type="arc" xlink:arcrole="http://www.xbrl.org/2003/arcrole/concept-label" xlink:from="loc_InternalIdentifierSchemeMember" xlink:to="lab_InternalIdentifierSchemeMember" order="1.0"/>
<link:labelArc xlink:type="arc" xlink:arcrole="http://www.xbrl.org/2003/arcrole/concept-label" xlink:from="loc_InvestmentTextBlock" xlink:to="lab_InvestmentTextBlock" order="1.0"/>
<link:labelArc xlink:type="arc" xlink:arcrole="http://www.xbrl.org/2003/arcrole/concept-label" xlink:from="loc_InvestmentIdentifierTable" xlink:to="lab_InvestmentIdentifierTable" order="1.0"/>
<link:labelArc xlink:type="arc" xlink:arcrole="http://www.xbrl.org/2003/arcrole/concept-label" xlink:from="loc_InvestmentAxis" xlink:to="lab_InvestmentAxis" order="1.0"/>
<link:labelArc xlink:type="arc" xlink:arcrole="http://www.xbrl.org/2003/arcrole/concept-label" xlink:from="loc_InvestmentDomain" xlink:to="lab_InvestmentDomain" order="1.0"/>
<link:labelArc xlink:type="arc" xlink:arcrole="http://www.xbrl.org/2003/arcrole/concept-label" xlink:from="loc_InvestmentIdentifierLineItems" xlink:to="lab_InvestmentIdentifierLineItems" order="1.0"/>
<link:labelArc xlink:type="arc" xlink:arcrole="http://www.xbrl.org/2003/arcrole/concept-label" xlink:from="loc_InvestmentIdentifierSchemeDomain" xlink:to="lab_InvestmentIdentifierSchemeDomain" order="1.0"/>
<link:labelArc xlink:type="arc" xlink:arcrole="http://www.xbrl.org/2003/arcrole/concept-label" xlink:from="loc_InvestmentIdentifier" xlink:to="lab_InvestmentIdentifier" order="1.0"/>
<link:labelArc xlink:type="arc" xlink:arcrole="http://www.xbrl.org/2003/arcrole/concept-label" xlink:from="loc_InvestmentIdentifierSchemeAxis" xlink:to="lab_InvestmentIdentifierSchemeAxis" order="1.0"/>
<link:labelArc xlink:type="arc" xlink:arcrole="http://www.xbrl.org/2003/arcrole/concept-label" xlink:from="loc_InvestmentNonIncomeProducingFlag" xlink:to="lab_InvestmentNonIncomeProducingFlag" order="1.0"/>
<link:labelArc xlink:type="arc" xlink:arcrole="http://www.xbrl.org/2003/arcrole/concept-label" xlink:from="loc_InvestmentRepurchaseAgreementAmountToBeReceived" xlink:to="lab_InvestmentRepurchaseAgreementAmountToBeReceived" order="1.0"/>
<link:labelArc xlink:type="arc" xlink:arcrole="http://www.xbrl.org/2003/arcrole/concept-label" xlink:from="loc_InvestmentRepurchaseAgreementDescriptionOfInvestmentsSubjectToAgreement" xlink:to="lab_InvestmentRepurchaseAgreementDescriptionOfInvestmentsSubjectToAgreement" order="1.0"/>
<link:labelArc xlink:type="arc" xlink:arcrole="http://www.xbrl.org/2003/arcrole/concept-label" xlink:from="loc_InvestmentIssuer" xlink:to="lab_InvestmentIssuer" order="1.0"/>
<link:labelArc xlink:type="arc" xlink:arcrole="http://www.xbrl.org/2003/arcrole/concept-label" xlink:from="loc_InvestmentTitle" xlink:to="lab_InvestmentTitle" order="1.0"/>
<link:labelArc xlink:type="arc" xlink:arcrole="http://www.xbrl.org/2003/arcrole/concept-label" xlink:from="loc_InvestmentAdditionalInformation" xlink:to="lab_InvestmentAdditionalInformation" order="1.0"/>
<link:labelArc xlink:type="arc" xlink:arcrole="http://www.xbrl.org/2003/arcrole/concept-label" xlink:from="loc_InvestmentOptionsAbstract" xlink:to="lab_InvestmentOptionsAbstract" order="1.0"/>
<link:labelArc xlink:type="arc" xlink:arcrole="http://www.xbrl.org/2003/arcrole/concept-label" xlink:from="loc_InvestmentOptionsExpirationDate" xlink:to="lab_InvestmentOptionsExpirationDate" order="1.0"/>
<link:labelArc xlink:type="arc" xlink:arcrole="http://www.xbrl.org/2003/arcrole/concept-label" xlink:from="loc_InvestmentOptionsExercisePrice" xlink:to="lab_InvestmentOptionsExercisePrice" order="1.0"/>
<link:labelArc xlink:type="arc" xlink:arcrole="http://www.xbrl.org/2003/arcrole/concept-label" xlink:from="loc_InvestmentSupplementalFlagsAbstract" xlink:to="lab_InvestmentSupplementalFlagsAbstract" order="1.0"/>
<link:labelArc xlink:type="arc" xlink:arcrole="http://www.xbrl.org/2003/arcrole/concept-label" xlink:from="loc_InvestmentRestrictedCashFlag" xlink:to="lab_InvestmentRestrictedCashFlag" order="1.0"/>
<link:labelArc xlink:type="arc" xlink:arcrole="http://www.xbrl.org/2003/arcrole/concept-label" xlink:from="loc_InvestmentDefaultedSecurityFlag" xlink:to="lab_InvestmentDefaultedSecurityFlag" order="1.0"/>
<link:labelArc xlink:type="arc" xlink:arcrole="http://www.xbrl.org/2003/arcrole/concept-label" xlink:from="loc_InvestmentADRFlag" xlink:to="lab_InvestmentADRFlag" order="1.0"/>
<link:labelArc xlink:type="arc" xlink:arcrole="http://www.xbrl.org/2003/arcrole/concept-label" xlink:from="loc_InvestmentWhenIssuedFlag" xlink:to="lab_InvestmentWhenIssuedFlag" order="1.0"/>
<link:labelArc xlink:type="arc" xlink:arcrole="http://www.xbrl.org/2003/arcrole/concept-label" xlink:from="loc_InvestmentInterestOnlyFlag" xlink:to="lab_InvestmentInterestOnlyFlag" order="1.0"/>
<link:labelArc xlink:type="arc" xlink:arcrole="http://www.xbrl.org/2003/arcrole/concept-label" xlink:from="loc_InvestmentPrincipalOnlyFlag" xlink:to="lab_InvestmentPrincipalOnlyFlag" order="1.0"/>
<link:labelArc xlink:type="arc" xlink:arcrole="http://www.xbrl.org/2003/arcrole/concept-label" xlink:from="loc_InvestmentStepupBondInterestRateIsForFutureDateFlag" xlink:to="lab_InvestmentStepupBondInterestRateIsForFutureDateFlag" order="1.0"/>
<link:labelArc xlink:type="arc" xlink:arcrole="http://www.xbrl.org/2003/arcrole/concept-label" xlink:from="loc_InvestmentInterestRateIsCurrentRateForVariableRateInvestmentFlag" xlink:to="lab_InvestmentInterestRateIsCurrentRateForVariableRateInvestmentFlag" order="1.0"/>
<link:labelArc xlink:type="arc" xlink:arcrole="http://www.xbrl.org/2003/arcrole/concept-label" xlink:from="loc_InvestmentInterestRateIsDiscountRateAtPurchaseFlag" xlink:to="lab_InvestmentInterestRateIsDiscountRateAtPurchaseFlag" order="1.0"/>
<link:labelArc xlink:type="arc" xlink:arcrole="http://www.xbrl.org/2003/arcrole/concept-label" xlink:from="loc_InvestmentUnderlyingInvestmentIdentifier" xlink:to="lab_InvestmentUnderlyingInvestmentIdentifier" order="1.0"/>
<link:labelArc xlink:type="arc" xlink:arcrole="http://www.xbrl.org/2003/arcrole/concept-label" xlink:from="loc_InvestmentInterestRateReflectsCurrentYieldFlag" xlink:to="lab_InvestmentInterestRateReflectsCurrentYieldFlag" order="1.0"/>
<link:labelArc xlink:type="arc" xlink:arcrole="http://www.xbrl.org/2003/arcrole/concept-label" xlink:from="loc_InvestmentMaturityDateRangeAbstract" xlink:to="lab_InvestmentMaturityDateRangeAbstract" order="1.0"/>
<link:labelArc xlink:type="arc" xlink:arcrole="http://www.xbrl.org/2003/arcrole/concept-label" xlink:from="loc_InvestmentInterestRate" xlink:to="lab_InvestmentInterestRate" order="1.0"/>
<link:labelArc xlink:type="arc" xlink:arcrole="http://www.xbrl.org/2003/arcrole/concept-label" xlink:from="loc_InvestmentTable" xlink:to="lab_InvestmentTable" order="1.0"/>
<link:labelArc xlink:type="arc" xlink:arcrole="http://www.xbrl.org/2003/arcrole/concept-label" xlink:from="loc_InvestmentForeignCurrencyContractCurrency" xlink:to="lab_InvestmentForeignCurrencyContractCurrency" order="1.0"/>
<link:labelArc xlink:type="arc" xlink:arcrole="http://www.xbrl.org/2003/arcrole/concept-label" xlink:from="loc_InvestmentForeignCurrencyContractTransactionTypeFlag" xlink:to="lab_InvestmentForeignCurrencyContractTransactionTypeFlag" order="1.0"/>
<link:labelArc xlink:type="arc" xlink:arcrole="http://www.xbrl.org/2003/arcrole/concept-label" xlink:from="loc_InvestmentCFICode" xlink:to="lab_InvestmentCFICode" order="1.0"/>
<link:labelArc xlink:type="arc" xlink:arcrole="http://www.xbrl.org/2003/arcrole/concept-label" xlink:from="loc_InvestmentForeignCurrencyContractForeignCurrencyAmount" xlink:to="lab_InvestmentForeignCurrencyContractForeignCurrencyAmount" order="1.0"/>
<link:labelArc xlink:type="arc" xlink:arcrole="http://www.xbrl.org/2003/arcrole/concept-label" xlink:from="loc_InvestmentForeignCurrencyContractReportingCurrencyAmountAtDateOfOrigin" xlink:to="lab_InvestmentForeignCurrencyContractReportingCurrencyAmountAtDateOfOrigin" order="1.0"/>
<link:labelArc xlink:type="arc" xlink:arcrole="http://www.xbrl.org/2003/arcrole/concept-label" xlink:from="loc_DUNSMember" xlink:to="lab_DUNSMember" order="1.0"/>
<link:labelArc xlink:type="arc" xlink:arcrole="http://www.xbrl.org/2003/arcrole/concept-label" xlink:from="InvestmentIssuerAxis" xlink:to="label_InvestmentIssuerAxis"/>
<link:labelArc xlink:type="arc" xlink:arcrole="http://www.xbrl.org/2003/arcrole/concept-label" xlink:from="InvestmentIssuerDomain" xlink:to="label_InvestmentIssuerDomain"/>
<link:labelArc xlink:type="arc" xlink:arcrole="http://www.xbrl.org/2003/arcrole/concept-label" xlink:from="loc_InvestmentGDRFlag" xlink:to="lab_InvestmentGDRFlag"/>
<link:labelArc xlink:type="arc" xlink:arcrole="http://www.xbrl.org/2003/arcrole/concept-label" xlink:from="InvestmentTableTextBlock" xlink:to="label_InvestmentTableTextBlock"/>
<link:labelArc xlink:type="arc" xlink:arcrole="http://www.xbrl.org/2003/arcrole/concept-label" xlink:from="InvestmentEmbeddedTableTextBlock" xlink:to="label_InvestmentEmbeddedTableTextBlock"/>
<link:labelArc xlink:type="arc" xlink:arcrole="http://www.xbrl.org/2003/arcrole/concept-label" xlink:from="InvestmentGeographicRegionAxis" xlink:to="label_InvestmentGeographicRegionAxis"/>
<link:labelArc xlink:type="arc" xlink:arcrole="http://www.xbrl.org/2003/arcrole/concept-label" xlink:from="InvestmentGeographicRegionDomain" xlink:to="label_InvestmentGeographicRegionDomain"/>
<link:labelArc xlink:type="arc" xlink:arcrole="http://www.xbrl.org/2003/arcrole/concept-label" xlink:from="InvestmentSectorAxis" xlink:to="label_InvestmentSectorAxis"/>
<link:labelArc xlink:type="arc" xlink:arcrole="http://www.xbrl.org/2003/arcrole/concept-label" xlink:from="InvestmentSectorDomain" xlink:to="label_InvestmentSectorDomain"/>
<link:labelArc xlink:type="arc" xlink:arcrole="http://www.xbrl.org/2003/arcrole/concept-label" xlink:from="InvestmentHoldingAxis" xlink:to="label_InvestmentHoldingAxis"/>
<link:labelArc xlink:type="arc" xlink:arcrole="http://www.xbrl.org/2003/arcrole/concept-label" xlink:from="InvestmentHoldingDomain" xlink:to="label_InvestmentHoldingDomain"/>
<link:labelArc xlink:type="arc" xlink:arcrole="http://www.xbrl.org/2003/arcrole/concept-label" xlink:from="InvestmentContractCurrency" xlink:to="label_InvestmentContractCurrency"/>
<link:labelArc xlink:type="arc" xlink:arcrole="http://www.xbrl.org/2003/arcrole/concept-label" xlink:from="ISINMember" xlink:to="label_ISINMember"/>
<link:labelArc xlink:type="arc" xlink:arcrole="http://www.xbrl.org/2003/arcrole/concept-label" xlink:from="InvestmentContractCountry" xlink:to="label_InvestmentContractCountry"/>
<link:labelArc xlink:type="arc" xlink:arcrole="http://www.xbrl.org/2003/arcrole/concept-label" xlink:from="InvestmentWarrantsExpirationDate" xlink:to="label_InvestmentWarrantsExpirationDate"/>
<link:labelArc xlink:type="arc" xlink:arcrole="http://www.xbrl.org/2003/arcrole/concept-label" xlink:from="InvestmentContractSettlementDate" xlink:to="label_InvestmentContractSettlementDate"/>
<link:labelArc xlink:type="arc" xlink:arcrole="http://www.xbrl.org/2003/arcrole/concept-label" xlink:from="InvestmentContractSettlementDateRangeStart" xlink:to="label_InvestmentContractSettlementDateRangeStart"/>
<link:labelArc xlink:type="arc" xlink:arcrole="http://www.xbrl.org/2003/arcrole/concept-label" xlink:from="InvestmentContractSettlementDateRangeEnd" xlink:to="label_InvestmentContractSettlementDateRangeEnd"/>
<link:labelArc xlink:type="arc" xlink:arcrole="http://www.xbrl.org/2003/arcrole/concept-label" xlink:from="CreditRatingSourceAxis" xlink:to="label_CreditRatingSourceAxis"/>
<link:labelArc xlink:type="arc" xlink:arcrole="http://www.xbrl.org/2003/arcrole/concept-label" xlink:from="CreditRatingSourceDomain" xlink:to="label_CreditRatingSourceDomain"/>
<link:labelArc xlink:type="arc" xlink:arcrole="http://www.xbrl.org/2003/arcrole/concept-label" xlink:from="InvestmentTableLegendTextBlock" xlink:to="label_InvestmentTableLegendTextBlock"/>
<link:labelArc xlink:type="arc" xlink:arcrole="http://www.xbrl.org/2003/arcrole/concept-label" xlink:from="InvestmentWarrantsExpirationDateRangeStart" xlink:to="label_InvestmentWarrantsExpirationDateRangeStart"/>
<link:labelArc xlink:type="arc" xlink:arcrole="http://www.xbrl.org/2003/arcrole/concept-label" xlink:from="InvestmentWarrantsExpirationDateRangeEnd" xlink:to="label_InvestmentWarrantsExpirationDateRangeEnd"/>
<link:labelArc xlink:type="arc" xlink:arcrole="http://www.xbrl.org/2003/arcrole/concept-label" xlink:from="InvestmentWarrantsExercisePrice" xlink:to="label_InvestmentWarrantsExercisePrice"/>
<link:labelArc xlink:type="arc" xlink:arcrole="http://www.xbrl.org/2003/arcrole/concept-label" xlink:from="InvestmentMaturityDate1" xlink:to="label_InvestmentMaturityDate1"/>
<link:labelArc xlink:type="arc" xlink:arcrole="http://www.xbrl.org/2003/arcrole/concept-label" xlink:from="InvestmentMaturityDateRangeStart1" xlink:to="label_InvestmentMaturityDateRangeStart1"/>
<link:labelArc xlink:type="arc" xlink:arcrole="http://www.xbrl.org/2003/arcrole/concept-label" xlink:from="InvestmentMaturityDateRangeEnd1" xlink:to="label_InvestmentMaturityDateRangeEnd1"/>
<link:labelArc xlink:type="arc" xlink:arcrole="http://www.xbrl.org/2003/arcrole/concept-label" xlink:from="InvestmentForeignCurrencyContractAmountPurchased" xlink:to="label_InvestmentForeignCurrencyContractAmountPurchased"/>
<link:labelArc xlink:type="arc" xlink:arcrole="http://www.xbrl.org/2003/arcrole/concept-label" xlink:from="InvestmentForeignCurrencyContractAmountSold" xlink:to="label_InvestmentForeignCurrencyContractAmountSold"/>
<link:labelArc xlink:type="arc" xlink:arcrole="http://www.xbrl.org/2003/arcrole/concept-label" xlink:from="InvestmentContractCounterpartyAxis" xlink:to="label_InvestmentContractCounterpartyAxis"/>
<link:labelArc xlink:type="arc" xlink:arcrole="http://www.xbrl.org/2003/arcrole/concept-label" xlink:from="InvestmentContractCounterpartyDomain" xlink:to="label_InvestmentContractCounterpartyDomain"/>
<link:labelArc xlink:type="arc" xlink:arcrole="http://www.xbrl.org/2003/arcrole/concept-label" xlink:from="InvestmentSecuritiesSeriesAxis" xlink:to="label_InvestmentSecuritiesSeriesAxis"/>
<link:labelArc xlink:type="arc" xlink:arcrole="http://www.xbrl.org/2003/arcrole/concept-label" xlink:from="InvestmentSecuritiesSeriesDomain" xlink:to="label_InvestmentSecuritiesSeriesDomain"/>
<link:labelArc xlink:type="arc" xlink:arcrole="http://www.xbrl.org/2003/arcrole/concept-label" xlink:from="InvestmentSecuritiesClassAxis" xlink:to="label_InvestmentSecuritiesClassAxis"/>
<link:labelArc xlink:type="arc" xlink:arcrole="http://www.xbrl.org/2003/arcrole/concept-label" xlink:from="InvestmentSecuritiesClassDomain" xlink:to="label_InvestmentSecuritiesClassDomain"/>
<link:labelArc xlink:type="arc" xlink:arcrole="http://www.xbrl.org/2003/arcrole/concept-label" xlink:from="InvestmentContractWeight" xlink:to="label_InvestmentContractWeight"/>
<link:labelArc xlink:type="arc" xlink:arcrole="http://www.xbrl.org/2003/arcrole/concept-label" xlink:from="InvestmentContractVolume" xlink:to="label_InvestmentContractVolume"/>
</link:labelLink>
</link:linkbase>
