<?xml version="1.0" encoding="US-ASCII"?>
<link:linkbase xmlns:xsi="http://www.w3.org/2001/XMLSchema-instance" xsi:schemaLocation="http://www.xbrl.org/2003/linkbase http://www.xbrl.org/2003/xbrl-linkbase-2003-12-31.xsd" xmlns:link="http://www.xbrl.org/2003/linkbase" xmlns:xlink="http://www.w3.org/1999/xlink" xmlns:xbrli="http://www.xbrl.org/2003/instance">
<link:roleRef roleURI="http://xbrl.sec.gov/role/document/InvestDeprecatedConcepts" xlink:type="simple" xlink:href="invest-2011-01-31.xsd#investDeprecatedConcepts"/>
<link:presentationLink xlink:type="extended" xlink:role="http://xbrl.sec.gov/role/document/InvestDeprecatedConcepts">
<link:loc xlink:type="locator" xlink:href="invest-2011-01-31.xsd#invest_DeprecatedItemsAbstract" xlink:label="DeprecatedItemsAbstract"/>
<link:loc xlink:type="locator" xlink:href="invest-2011-01-31.xsd#invest_InvestmentIssuer" xlink:label="InvestmentIssuer"/>
<link:loc xlink:type="locator" xlink:href="invest-2011-01-31.xsd#invest_InvestmentMaturityDate" xlink:label="InvestmentMaturityDate"/>
<link:loc xlink:type="locator" xlink:href="invest-2011-01-31.xsd#invest_InvestmentMaturityDateRangeStart" xlink:label="InvestmentMaturityDateRangeStart"/>
<link:loc xlink:type="locator" xlink:href="invest-2011-01-31.xsd#invest_InvestmentMaturityDateRangeEnd" xlink:label="InvestmentMaturityDateRangeEnd"/>
<link:presentationArc xlink:type="arc" xlink:arcrole="http://www.xbrl.org/2003/arcrole/parent-child" xlink:from="DeprecatedItemsAbstract" xlink:to="InvestmentIssuer" order="1.0"/>
<link:presentationArc xlink:type="arc" xlink:arcrole="http://www.xbrl.org/2003/arcrole/parent-child" xlink:from="DeprecatedItemsAbstract" xlink:to="InvestmentMaturityDate" order="2.0"/>
<link:presentationArc xlink:type="arc" xlink:arcrole="http://www.xbrl.org/2003/arcrole/parent-child" xlink:from="DeprecatedItemsAbstract" xlink:to="InvestmentMaturityDateRangeStart" order="3.0"/>
<link:presentationArc xlink:type="arc" xlink:arcrole="http://www.xbrl.org/2003/arcrole/parent-child" xlink:from="DeprecatedItemsAbstract" xlink:to="InvestmentMaturityDateRangeEnd" order="4.0"/>
</link:presentationLink>
</link:linkbase>
