<?xml version='1.0' encoding='UTF-8'?>

<!--
(c) XBRL US, Inc. 2007-2010; Financial Accounting Foundation, Inc. 2010-2015.  All Rights Reserved.
Notice: Authorized Uses are Set Forth at http://xbrl.fasb.org/terms/TaxonomiesTermsConditions.html
  -->
<link:linkbase xmlns:link='http://www.xbrl.org/2003/linkbase' xmlns:xbrldt='http://xbrl.org/2005/xbrldt' xmlns:xlink='http://www.w3.org/1999/xlink' xmlns:xsi='http://www.w3.org/2001/XMLSchema-instance' xsi:schemaLocation='http://www.xbrl.org/2003/linkbase http://www.xbrl.org/2003/xbrl-linkbase-2003-12-31.xsd'>
<link:roleRef roleURI='http://fasb.org/us-gaap/role/statement/StatementOfIncomeDiscontinuedOperationsAlternate' xlink:href='../elts/us-roles-2015-01-31.xsd#soi1' xlink:type='simple' />
<link:calculationLink xlink:role='http://fasb.org/us-gaap/role/statement/StatementOfIncomeDiscontinuedOperationsAlternate' xlink:type='extended'>
<link:loc xlink:href='../elts/us-gaap-2015-01-31.xsd#us-gaap_CostsAndExpenses' xlink:label='loc_CostsAndExpenses' xlink:type='locator' />
<link:loc xlink:href='../elts/us-gaap-2015-01-31.xsd#us-gaap_CostOfRevenue' xlink:label='loc_CostOfRevenue' xlink:type='locator' />
<link:loc xlink:href='../elts/us-gaap-2015-01-31.xsd#us-gaap_OperatingExpenses' xlink:label='loc_OperatingExpenses' xlink:type='locator' />
<link:loc xlink:href='../elts/us-gaap-2015-01-31.xsd#us-gaap_DiscontinuedOperationIncomeLossFromDiscontinuedOperationDuringPhaseOutPeriodBeforeIncomeTaxAttributableToParent' xlink:label='loc_DiscontinuedOperationIncomeLossFromDiscontinuedOperationDuringPhaseOutPeriodBeforeIncomeTaxAttributableToParent' xlink:type='locator' />
<link:loc xlink:href='../elts/us-gaap-2015-01-31.xsd#us-gaap_DiscontinuedOperationIncomeLossFromDiscontinuedOperationDuringPhaseOutPeriodBeforeIncomeTax' xlink:label='loc_DiscontinuedOperationIncomeLossFromDiscontinuedOperationDuringPhaseOutPeriodBeforeIncomeTax' xlink:type='locator' />
<link:loc xlink:href='../elts/us-gaap-2015-01-31.xsd#us-gaap_DiscontinuedOperationIncomeLossFromDiscontinuedOperationDuringPhaseOutPeriodBeforeIncomeTaxAttributableToNoncontrollingInterest' xlink:label='loc_DiscontinuedOperationIncomeLossFromDiscontinuedOperationDuringPhaseOutPeriodBeforeIncomeTaxAttributableToNoncontrollingInterest' xlink:type='locator' />
<link:loc xlink:href='../elts/us-gaap-2015-01-31.xsd#us-gaap_IncomeLossAttributableToParent' xlink:label='loc_IncomeLossAttributableToParent' xlink:type='locator' />
<link:loc xlink:href='../elts/us-gaap-2015-01-31.xsd#us-gaap_IncomeLossIncludingPortionAttributableToNoncontrollingInterest' xlink:label='loc_IncomeLossIncludingPortionAttributableToNoncontrollingInterest' xlink:type='locator' />
<link:loc xlink:href='../elts/us-gaap-2015-01-31.xsd#us-gaap_IncomeLossFromContinuingOperationsBeforeIncomeTaxesExtraordinaryItemsNoncontrollingInterest' xlink:label='loc_IncomeLossFromContinuingOperationsBeforeIncomeTaxesExtraordinaryItemsNoncontrollingInterest' xlink:type='locator' />
<link:loc xlink:href='../elts/us-gaap-2015-01-31.xsd#us-gaap_DiscontinuedOperationIncomeLossFromDiscontinuedOperationBeforeIncomeTax' xlink:label='loc_DiscontinuedOperationIncomeLossFromDiscontinuedOperationBeforeIncomeTax' xlink:type='locator' />
<link:loc xlink:href='../elts/us-gaap-2015-01-31.xsd#us-gaap_ExtraordinaryItemsGross' xlink:label='loc_ExtraordinaryItemsGross' xlink:type='locator' />
<link:loc xlink:href='../elts/us-gaap-2015-01-31.xsd#us-gaap_IncomeLossAttributableToNoncontrollingInterest' xlink:label='loc_IncomeLossAttributableToNoncontrollingInterest' xlink:type='locator' />
<link:loc xlink:href='../elts/us-gaap-2015-01-31.xsd#us-gaap_IncomeLossFromContinuingOperations' xlink:label='loc_IncomeLossFromContinuingOperations' xlink:type='locator' />
<link:loc xlink:href='../elts/us-gaap-2015-01-31.xsd#us-gaap_IncomeLossFromContinuingOperationsIncludingPortionAttributableToNoncontrollingInterest' xlink:label='loc_IncomeLossFromContinuingOperationsIncludingPortionAttributableToNoncontrollingInterest' xlink:type='locator' />
<link:loc xlink:href='../elts/us-gaap-2015-01-31.xsd#us-gaap_IncomeLossFromContinuingOperationsAttributableToNoncontrollingEntity' xlink:label='loc_IncomeLossFromContinuingOperationsAttributableToNoncontrollingEntity' xlink:type='locator' />
<link:loc xlink:href='../elts/us-gaap-2015-01-31.xsd#us-gaap_IncomeLossFromDiscontinuedOperationsNetOfTaxAttributableToReportingEntity' xlink:label='loc_IncomeLossFromDiscontinuedOperationsNetOfTaxAttributableToReportingEntity' xlink:type='locator' />
<link:loc xlink:href='../elts/us-gaap-2015-01-31.xsd#us-gaap_IncomeLossFromDiscontinuedOperationsNetOfTax' xlink:label='loc_IncomeLossFromDiscontinuedOperationsNetOfTax' xlink:type='locator' />
<link:loc xlink:href='../elts/us-gaap-2015-01-31.xsd#us-gaap_DiscontinuedOperationAmountOfAdjustmentToPriorPeriodGainLossOnDisposalNetOfTax' xlink:label='loc_DiscontinuedOperationAmountOfAdjustmentToPriorPeriodGainLossOnDisposalNetOfTax' xlink:type='locator' />
<link:loc xlink:href='../elts/us-gaap-2015-01-31.xsd#us-gaap_DiscontinuedOperationAmountOfAdjustmentToPriorPeriodGainLossOnDisposalBeforeIncomeTax' xlink:label='loc_DiscontinuedOperationAmountOfAdjustmentToPriorPeriodGainLossOnDisposalBeforeIncomeTax' xlink:type='locator' />
<link:loc xlink:href='../elts/us-gaap-2015-01-31.xsd#us-gaap_DiscontinuedOperationTaxEffectOfAdjustmentToPriorPeriodGainLossOnDisposal' xlink:label='loc_DiscontinuedOperationTaxEffectOfAdjustmentToPriorPeriodGainLossOnDisposal' xlink:type='locator' />
<link:loc xlink:href='../elts/us-gaap-2015-01-31.xsd#us-gaap_DiscontinuedOperationGainLossOnDisposalOfDiscontinuedOperationNetOfTax' xlink:label='loc_DiscontinuedOperationGainLossOnDisposalOfDiscontinuedOperationNetOfTax' xlink:type='locator' />
<link:loc xlink:href='../elts/us-gaap-2015-01-31.xsd#us-gaap_DiscontinuedOperationGainLossFromDisposalOfDiscontinuedOperationBeforeIncomeTax' xlink:label='loc_DiscontinuedOperationGainLossFromDisposalOfDiscontinuedOperationBeforeIncomeTax' xlink:type='locator' />
<link:loc xlink:href='../elts/us-gaap-2015-01-31.xsd#us-gaap_DiscontinuedOperationTaxEffectOfIncomeLossFromDisposalOfDiscontinuedOperation' xlink:label='loc_DiscontinuedOperationTaxEffectOfIncomeLossFromDisposalOfDiscontinuedOperation' xlink:type='locator' />
<link:loc xlink:href='../elts/us-gaap-2015-01-31.xsd#us-gaap_DiscontinuedOperationIncomeLossFromDiscontinuedOperationDuringPhaseOutPeriodNetOfTax' xlink:label='loc_DiscontinuedOperationIncomeLossFromDiscontinuedOperationDuringPhaseOutPeriodNetOfTax' xlink:type='locator' />
<link:loc xlink:href='../elts/us-gaap-2015-01-31.xsd#us-gaap_DiscontinuedOperationTaxEffectOfIncomeLossFromDiscontinuedOperationDuringPhaseOutPeriod' xlink:label='loc_DiscontinuedOperationTaxEffectOfIncomeLossFromDiscontinuedOperationDuringPhaseOutPeriod' xlink:type='locator' />
<link:loc xlink:href='../elts/us-gaap-2015-01-31.xsd#us-gaap_DiscontinuedOperationProvisionForLossGainOnDisposalNetOfTax' xlink:label='loc_DiscontinuedOperationProvisionForLossGainOnDisposalNetOfTax' xlink:type='locator' />
<link:loc xlink:href='../elts/us-gaap-2015-01-31.xsd#us-gaap_DiscontinuedOperationProvisionForLossGainOnDisposalBeforeIncomeTax' xlink:label='loc_DiscontinuedOperationProvisionForLossGainOnDisposalBeforeIncomeTax' xlink:type='locator' />
<link:loc xlink:href='../elts/us-gaap-2015-01-31.xsd#us-gaap_DiscontinuedOperationTaxExpenseBenefitFromProvisionForGainLossOnDisposal' xlink:label='loc_DiscontinuedOperationTaxExpenseBenefitFromProvisionForGainLossOnDisposal' xlink:type='locator' />
<link:loc xlink:href='../elts/us-gaap-2015-01-31.xsd#us-gaap_IncomeLossFromDiscontinuedOperationsNetOfTaxAttributableToNoncontrollingInterest' xlink:label='loc_IncomeLossFromDiscontinuedOperationsNetOfTaxAttributableToNoncontrollingInterest' xlink:type='locator' />
<link:loc xlink:href='../elts/us-gaap-2015-01-31.xsd#us-gaap_IncomeLossFromIndividuallySignificantComponentDisposedOfOrHeldForSaleExcludingDiscontinuedOperationsAttributableToParentBeforeIncomeTax' xlink:label='loc_IncomeLossFromIndividuallySignificantComponentDisposedOfOrHeldForSaleExcludingDiscontinuedOperationsAttributableToParentBeforeIncomeTax' xlink:type='locator' />
<link:loc xlink:href='../elts/us-gaap-2015-01-31.xsd#us-gaap_IncomeLossFromIndividuallySignificantComponentDisposedOfOrHeldForSaleExcludingDiscontinuedOperationsBeforeIncomeTax' xlink:label='loc_IncomeLossFromIndividuallySignificantComponentDisposedOfOrHeldForSaleExcludingDiscontinuedOperationsBeforeIncomeTax' xlink:type='locator' />
<link:loc xlink:href='../elts/us-gaap-2015-01-31.xsd#us-gaap_IncomeLossFromIndividuallySignificantComponentDisposedOfOrHeldForSaleExcludingDiscontinuedOperationsAttributableToNoncontrollingInterestBeforeIncomeTax' xlink:label='loc_IncomeLossFromIndividuallySignificantComponentDisposedOfOrHeldForSaleExcludingDiscontinuedOperationsAttributableToNoncontrollingInterestBeforeIncomeTax' xlink:type='locator' />
<link:loc xlink:href='../elts/us-gaap-2015-01-31.xsd#us-gaap_InterestRevenueExpenseNet' xlink:label='loc_InterestRevenueExpenseNet' xlink:type='locator' />
<link:loc xlink:href='../elts/us-gaap-2015-01-31.xsd#us-gaap_InvestmentIncomeInterest' xlink:label='loc_InvestmentIncomeInterest' xlink:type='locator' />
<link:loc xlink:href='../elts/us-gaap-2015-01-31.xsd#us-gaap_InterestExpense' xlink:label='loc_InterestExpense' xlink:type='locator' />
<link:loc xlink:href='../elts/us-gaap-2015-01-31.xsd#us-gaap_InterestAndDividendIncomeSecurities' xlink:label='loc_InterestAndDividendIncomeSecurities' xlink:type='locator' />
<link:loc xlink:href='../elts/us-gaap-2015-01-31.xsd#us-gaap_InterestAndDividendIncomeSecuritiesTradingOrMeasuredAtFairValue' xlink:label='loc_InterestAndDividendIncomeSecuritiesTradingOrMeasuredAtFairValue' xlink:type='locator' />
<link:loc xlink:href='../elts/us-gaap-2015-01-31.xsd#us-gaap_InterestAndDividendIncomeSecuritiesAvailableForSale' xlink:label='loc_InterestAndDividendIncomeSecuritiesAvailableForSale' xlink:type='locator' />
<link:loc xlink:href='../elts/us-gaap-2015-01-31.xsd#us-gaap_InterestAndDividendIncomeSecuritiesHeldToMaturity' xlink:label='loc_InterestAndDividendIncomeSecuritiesHeldToMaturity' xlink:type='locator' />
<link:loc xlink:href='../elts/us-gaap-2015-01-31.xsd#us-gaap_InterestAndDividendIncomeSecuritiesOther' xlink:label='loc_InterestAndDividendIncomeSecuritiesOther' xlink:type='locator' />
<link:loc xlink:href='../elts/us-gaap-2015-01-31.xsd#us-gaap_MarketableSecuritiesGainLoss' xlink:label='loc_MarketableSecuritiesGainLoss' xlink:type='locator' />
<link:loc xlink:href='../elts/us-gaap-2015-01-31.xsd#us-gaap_MarketableSecuritiesUnrealizedGainLoss' xlink:label='loc_MarketableSecuritiesUnrealizedGainLoss' xlink:type='locator' />
<link:loc xlink:href='../elts/us-gaap-2015-01-31.xsd#us-gaap_TradingSecuritiesUnrealizedHoldingGainLoss' xlink:label='loc_TradingSecuritiesUnrealizedHoldingGainLoss' xlink:type='locator' />
<link:loc xlink:href='../elts/us-gaap-2015-01-31.xsd#us-gaap_AvailableForSaleSecuritiesTransfersToTradingGainsLossesNet' xlink:label='loc_AvailableForSaleSecuritiesTransfersToTradingGainsLossesNet' xlink:type='locator' />
<link:loc xlink:href='../elts/us-gaap-2015-01-31.xsd#us-gaap_HeldToMaturitySecuritiesTransferredToTradingSecuritiesUnrealizedGainLoss' xlink:label='loc_HeldToMaturitySecuritiesTransferredToTradingSecuritiesUnrealizedGainLoss' xlink:type='locator' />
<link:loc xlink:href='../elts/us-gaap-2015-01-31.xsd#us-gaap_MarketableSecuritiesRealizedGainLoss' xlink:label='loc_MarketableSecuritiesRealizedGainLoss' xlink:type='locator' />
<link:loc xlink:href='../elts/us-gaap-2015-01-31.xsd#us-gaap_TradingSecuritiesRealizedGainLoss' xlink:label='loc_TradingSecuritiesRealizedGainLoss' xlink:type='locator' />
<link:loc xlink:href='../elts/us-gaap-2015-01-31.xsd#us-gaap_AvailableForSaleSecuritiesGrossRealizedGainLossNet' xlink:label='loc_AvailableForSaleSecuritiesGrossRealizedGainLossNet' xlink:type='locator' />
<link:loc xlink:href='../elts/us-gaap-2015-01-31.xsd#us-gaap_AvailableForSaleSecuritiesGrossRealizedGains' xlink:label='loc_AvailableForSaleSecuritiesGrossRealizedGains' xlink:type='locator' />
<link:loc xlink:href='../elts/us-gaap-2015-01-31.xsd#us-gaap_AvailableForSaleSecuritiesGrossRealizedLosses' xlink:label='loc_AvailableForSaleSecuritiesGrossRealizedLosses' xlink:type='locator' />
<link:loc xlink:href='../elts/us-gaap-2015-01-31.xsd#us-gaap_HeldToMaturitySecuritiesSoldSecurityRealizedGainLoss' xlink:label='loc_HeldToMaturitySecuritiesSoldSecurityRealizedGainLoss' xlink:type='locator' />
<link:loc xlink:href='../elts/us-gaap-2015-01-31.xsd#us-gaap_NetIncomeLossPerOutstandingLimitedPartnershipAndGeneralPartnershipUnitBasicAndDiluted' xlink:label='loc_NetIncomeLossPerOutstandingLimitedPartnershipAndGeneralPartnershipUnitBasicAndDiluted' xlink:type='locator' />
<link:loc xlink:href='../elts/us-gaap-2015-01-31.xsd#us-gaap_IncomeLossFromOperationsBeforeExtraordinaryItemsPerOutstandingLimitedPartnershipAndGeneralPartnershipUnitBasicAndDiluted' xlink:label='loc_IncomeLossFromOperationsBeforeExtraordinaryItemsPerOutstandingLimitedPartnershipAndGeneralPartnershipUnitBasicAndDiluted' xlink:type='locator' />
<link:loc xlink:href='../elts/us-gaap-2015-01-31.xsd#us-gaap_IncomeLossFromContinuingOperationsPerOutstandingLimitedPartnershipAndGeneralPartnershipUnitBasicAndDiluted' xlink:label='loc_IncomeLossFromContinuingOperationsPerOutstandingLimitedPartnershipAndGeneralPartnershipUnitBasicAndDiluted' xlink:type='locator' />
<link:loc xlink:href='../elts/us-gaap-2015-01-31.xsd#us-gaap_IncomeLossFromDiscontinuedOperationsNetOfTaxPerOutstandingLimitedPartnershipAndGeneralPartnershipUnitBasicAndDiluted' xlink:label='loc_IncomeLossFromDiscontinuedOperationsNetOfTaxPerOutstandingLimitedPartnershipAndGeneralPartnershipUnitBasicAndDiluted' xlink:type='locator' />
<link:loc xlink:href='../elts/us-gaap-2015-01-31.xsd#us-gaap_IncomeLossFromExtraordinaryItemsNetOfTaxPerOutstandingLimitedPartnershipAndGeneralPartnershipUnitBasicAndDiluted' xlink:label='loc_IncomeLossFromExtraordinaryItemsNetOfTaxPerOutstandingLimitedPartnershipAndGeneralPartnershipUnitBasicAndDiluted' xlink:type='locator' />
<link:loc xlink:href='../elts/us-gaap-2015-01-31.xsd#us-gaap_RevenuesNetOfInterestExpense' xlink:label='loc_RevenuesNetOfInterestExpense' xlink:type='locator' />
<link:loc xlink:href='../elts/us-gaap-2015-01-31.xsd#us-gaap_Revenues' xlink:label='loc_Revenues' xlink:type='locator' />
<link:calculationArc order='10' weight='1.0' xlink:arcrole='http://www.xbrl.org/2003/arcrole/summation-item' xlink:from='loc_CostsAndExpenses' xlink:to='loc_CostOfRevenue' xlink:type='arc' />
<link:calculationArc order='20' weight='1.0' xlink:arcrole='http://www.xbrl.org/2003/arcrole/summation-item' xlink:from='loc_CostsAndExpenses' xlink:to='loc_OperatingExpenses' xlink:type='arc' />
<link:calculationArc order='10' weight='1.0' xlink:arcrole='http://www.xbrl.org/2003/arcrole/summation-item' xlink:from='loc_DiscontinuedOperationIncomeLossFromDiscontinuedOperationDuringPhaseOutPeriodBeforeIncomeTaxAttributableToParent' xlink:to='loc_DiscontinuedOperationIncomeLossFromDiscontinuedOperationDuringPhaseOutPeriodBeforeIncomeTax' xlink:type='arc' />
<link:calculationArc order='20' weight='-1.0' xlink:arcrole='http://www.xbrl.org/2003/arcrole/summation-item' xlink:from='loc_DiscontinuedOperationIncomeLossFromDiscontinuedOperationDuringPhaseOutPeriodBeforeIncomeTaxAttributableToParent' xlink:to='loc_DiscontinuedOperationIncomeLossFromDiscontinuedOperationDuringPhaseOutPeriodBeforeIncomeTaxAttributableToNoncontrollingInterest' xlink:type='arc' />
<link:calculationArc order='10' weight='1.0' xlink:arcrole='http://www.xbrl.org/2003/arcrole/summation-item' xlink:from='loc_IncomeLossAttributableToParent' xlink:to='loc_IncomeLossIncludingPortionAttributableToNoncontrollingInterest' xlink:type='arc' />
<link:calculationArc order='10' weight='1.0' xlink:arcrole='http://www.xbrl.org/2003/arcrole/summation-item' xlink:from='loc_IncomeLossIncludingPortionAttributableToNoncontrollingInterest' xlink:to='loc_IncomeLossFromContinuingOperationsBeforeIncomeTaxesExtraordinaryItemsNoncontrollingInterest' xlink:type='arc' />
<link:calculationArc order='20' weight='1.0' xlink:arcrole='http://www.xbrl.org/2003/arcrole/summation-item' xlink:from='loc_IncomeLossIncludingPortionAttributableToNoncontrollingInterest' xlink:to='loc_DiscontinuedOperationIncomeLossFromDiscontinuedOperationBeforeIncomeTax' xlink:type='arc' />
<link:calculationArc order='30' weight='1.0' xlink:arcrole='http://www.xbrl.org/2003/arcrole/summation-item' xlink:from='loc_IncomeLossIncludingPortionAttributableToNoncontrollingInterest' xlink:to='loc_ExtraordinaryItemsGross' xlink:type='arc' />
<link:calculationArc order='20' weight='-1.0' xlink:arcrole='http://www.xbrl.org/2003/arcrole/summation-item' xlink:from='loc_IncomeLossAttributableToParent' xlink:to='loc_IncomeLossAttributableToNoncontrollingInterest' xlink:type='arc' />
<link:calculationArc order='10' weight='1.0' xlink:arcrole='http://www.xbrl.org/2003/arcrole/summation-item' xlink:from='loc_IncomeLossFromContinuingOperations' xlink:to='loc_IncomeLossFromContinuingOperationsIncludingPortionAttributableToNoncontrollingInterest' xlink:type='arc' />
<link:calculationArc order='20' weight='-1.0' xlink:arcrole='http://www.xbrl.org/2003/arcrole/summation-item' xlink:from='loc_IncomeLossFromContinuingOperations' xlink:to='loc_IncomeLossFromContinuingOperationsAttributableToNoncontrollingEntity' xlink:type='arc' />
<link:calculationArc order='10' weight='1.0' xlink:arcrole='http://www.xbrl.org/2003/arcrole/summation-item' xlink:from='loc_IncomeLossFromDiscontinuedOperationsNetOfTaxAttributableToReportingEntity' xlink:to='loc_IncomeLossFromDiscontinuedOperationsNetOfTax' xlink:type='arc' />
<link:calculationArc order='10' weight='1.0' xlink:arcrole='http://www.xbrl.org/2003/arcrole/summation-item' xlink:from='loc_IncomeLossFromDiscontinuedOperationsNetOfTax' xlink:to='loc_DiscontinuedOperationAmountOfAdjustmentToPriorPeriodGainLossOnDisposalNetOfTax' xlink:type='arc' />
<link:calculationArc order='10' weight='1.0' xlink:arcrole='http://www.xbrl.org/2003/arcrole/summation-item' xlink:from='loc_DiscontinuedOperationAmountOfAdjustmentToPriorPeriodGainLossOnDisposalNetOfTax' xlink:to='loc_DiscontinuedOperationAmountOfAdjustmentToPriorPeriodGainLossOnDisposalBeforeIncomeTax' xlink:type='arc' />
<link:calculationArc order='20' weight='-1.0' xlink:arcrole='http://www.xbrl.org/2003/arcrole/summation-item' xlink:from='loc_DiscontinuedOperationAmountOfAdjustmentToPriorPeriodGainLossOnDisposalNetOfTax' xlink:to='loc_DiscontinuedOperationTaxEffectOfAdjustmentToPriorPeriodGainLossOnDisposal' xlink:type='arc' />
<link:calculationArc order='20' weight='1.0' xlink:arcrole='http://www.xbrl.org/2003/arcrole/summation-item' xlink:from='loc_IncomeLossFromDiscontinuedOperationsNetOfTax' xlink:to='loc_DiscontinuedOperationGainLossOnDisposalOfDiscontinuedOperationNetOfTax' xlink:type='arc' />
<link:calculationArc order='10' weight='1.0' xlink:arcrole='http://www.xbrl.org/2003/arcrole/summation-item' xlink:from='loc_DiscontinuedOperationGainLossOnDisposalOfDiscontinuedOperationNetOfTax' xlink:to='loc_DiscontinuedOperationGainLossFromDisposalOfDiscontinuedOperationBeforeIncomeTax' xlink:type='arc' />
<link:calculationArc order='20' weight='-1.0' xlink:arcrole='http://www.xbrl.org/2003/arcrole/summation-item' xlink:from='loc_DiscontinuedOperationGainLossOnDisposalOfDiscontinuedOperationNetOfTax' xlink:to='loc_DiscontinuedOperationTaxEffectOfIncomeLossFromDisposalOfDiscontinuedOperation' xlink:type='arc' />
<link:calculationArc order='30' weight='1.0' xlink:arcrole='http://www.xbrl.org/2003/arcrole/summation-item' xlink:from='loc_IncomeLossFromDiscontinuedOperationsNetOfTax' xlink:to='loc_DiscontinuedOperationIncomeLossFromDiscontinuedOperationDuringPhaseOutPeriodNetOfTax' xlink:type='arc' />
<link:calculationArc order='10' weight='1.0' xlink:arcrole='http://www.xbrl.org/2003/arcrole/summation-item' xlink:from='loc_DiscontinuedOperationIncomeLossFromDiscontinuedOperationDuringPhaseOutPeriodNetOfTax' xlink:to='loc_DiscontinuedOperationIncomeLossFromDiscontinuedOperationDuringPhaseOutPeriodBeforeIncomeTax' xlink:type='arc' />
<link:calculationArc order='20' weight='-1.0' xlink:arcrole='http://www.xbrl.org/2003/arcrole/summation-item' xlink:from='loc_DiscontinuedOperationIncomeLossFromDiscontinuedOperationDuringPhaseOutPeriodNetOfTax' xlink:to='loc_DiscontinuedOperationTaxEffectOfIncomeLossFromDiscontinuedOperationDuringPhaseOutPeriod' xlink:type='arc' />
<link:calculationArc order='40' weight='-1.0' xlink:arcrole='http://www.xbrl.org/2003/arcrole/summation-item' xlink:from='loc_IncomeLossFromDiscontinuedOperationsNetOfTax' xlink:to='loc_DiscontinuedOperationProvisionForLossGainOnDisposalNetOfTax' xlink:type='arc' />
<link:calculationArc order='10' weight='1.0' xlink:arcrole='http://www.xbrl.org/2003/arcrole/summation-item' xlink:from='loc_DiscontinuedOperationProvisionForLossGainOnDisposalNetOfTax' xlink:to='loc_DiscontinuedOperationProvisionForLossGainOnDisposalBeforeIncomeTax' xlink:type='arc' />
<link:calculationArc order='20' weight='-1.0' xlink:arcrole='http://www.xbrl.org/2003/arcrole/summation-item' xlink:from='loc_DiscontinuedOperationProvisionForLossGainOnDisposalNetOfTax' xlink:to='loc_DiscontinuedOperationTaxExpenseBenefitFromProvisionForGainLossOnDisposal' xlink:type='arc' />
<link:calculationArc order='20' weight='-1.0' xlink:arcrole='http://www.xbrl.org/2003/arcrole/summation-item' xlink:from='loc_IncomeLossFromDiscontinuedOperationsNetOfTaxAttributableToReportingEntity' xlink:to='loc_IncomeLossFromDiscontinuedOperationsNetOfTaxAttributableToNoncontrollingInterest' xlink:type='arc' />
<link:calculationArc order='10' weight='1.0' xlink:arcrole='http://www.xbrl.org/2003/arcrole/summation-item' xlink:from='loc_IncomeLossFromIndividuallySignificantComponentDisposedOfOrHeldForSaleExcludingDiscontinuedOperationsAttributableToParentBeforeIncomeTax' xlink:to='loc_IncomeLossFromIndividuallySignificantComponentDisposedOfOrHeldForSaleExcludingDiscontinuedOperationsBeforeIncomeTax' xlink:type='arc' />
<link:calculationArc order='20' weight='-1.0' xlink:arcrole='http://www.xbrl.org/2003/arcrole/summation-item' xlink:from='loc_IncomeLossFromIndividuallySignificantComponentDisposedOfOrHeldForSaleExcludingDiscontinuedOperationsAttributableToParentBeforeIncomeTax' xlink:to='loc_IncomeLossFromIndividuallySignificantComponentDisposedOfOrHeldForSaleExcludingDiscontinuedOperationsAttributableToNoncontrollingInterestBeforeIncomeTax' xlink:type='arc' />
<link:calculationArc order='10' weight='1.0' xlink:arcrole='http://www.xbrl.org/2003/arcrole/summation-item' xlink:from='loc_InterestRevenueExpenseNet' xlink:to='loc_InvestmentIncomeInterest' xlink:type='arc' />
<link:calculationArc order='20' weight='-1.0' xlink:arcrole='http://www.xbrl.org/2003/arcrole/summation-item' xlink:from='loc_InterestRevenueExpenseNet' xlink:to='loc_InterestExpense' xlink:type='arc' />
<link:calculationArc order='10' weight='1.0' xlink:arcrole='http://www.xbrl.org/2003/arcrole/summation-item' xlink:from='loc_InterestAndDividendIncomeSecurities' xlink:to='loc_InterestAndDividendIncomeSecuritiesTradingOrMeasuredAtFairValue' xlink:type='arc' />
<link:calculationArc order='20' weight='1.0' xlink:arcrole='http://www.xbrl.org/2003/arcrole/summation-item' xlink:from='loc_InterestAndDividendIncomeSecurities' xlink:to='loc_InterestAndDividendIncomeSecuritiesAvailableForSale' xlink:type='arc' />
<link:calculationArc order='30' weight='1.0' xlink:arcrole='http://www.xbrl.org/2003/arcrole/summation-item' xlink:from='loc_InterestAndDividendIncomeSecurities' xlink:to='loc_InterestAndDividendIncomeSecuritiesHeldToMaturity' xlink:type='arc' />
<link:calculationArc order='40' weight='1.0' xlink:arcrole='http://www.xbrl.org/2003/arcrole/summation-item' xlink:from='loc_InterestAndDividendIncomeSecurities' xlink:to='loc_InterestAndDividendIncomeSecuritiesOther' xlink:type='arc' />
<link:calculationArc order='10' weight='1.0' xlink:arcrole='http://www.xbrl.org/2003/arcrole/summation-item' xlink:from='loc_MarketableSecuritiesGainLoss' xlink:to='loc_MarketableSecuritiesUnrealizedGainLoss' xlink:type='arc' />
<link:calculationArc order='10' weight='1.0' xlink:arcrole='http://www.xbrl.org/2003/arcrole/summation-item' xlink:from='loc_MarketableSecuritiesUnrealizedGainLoss' xlink:to='loc_TradingSecuritiesUnrealizedHoldingGainLoss' xlink:type='arc' />
<link:calculationArc order='20' weight='1.0' xlink:arcrole='http://www.xbrl.org/2003/arcrole/summation-item' xlink:from='loc_MarketableSecuritiesUnrealizedGainLoss' xlink:to='loc_AvailableForSaleSecuritiesTransfersToTradingGainsLossesNet' xlink:type='arc' />
<link:calculationArc order='30' weight='1.0' xlink:arcrole='http://www.xbrl.org/2003/arcrole/summation-item' xlink:from='loc_MarketableSecuritiesUnrealizedGainLoss' xlink:to='loc_HeldToMaturitySecuritiesTransferredToTradingSecuritiesUnrealizedGainLoss' xlink:type='arc' />
<link:calculationArc order='20' weight='1.0' xlink:arcrole='http://www.xbrl.org/2003/arcrole/summation-item' xlink:from='loc_MarketableSecuritiesGainLoss' xlink:to='loc_MarketableSecuritiesRealizedGainLoss' xlink:type='arc' />
<link:calculationArc order='10' weight='1.0' xlink:arcrole='http://www.xbrl.org/2003/arcrole/summation-item' xlink:from='loc_MarketableSecuritiesRealizedGainLoss' xlink:to='loc_TradingSecuritiesRealizedGainLoss' xlink:type='arc' />
<link:calculationArc order='20' weight='1.0' xlink:arcrole='http://www.xbrl.org/2003/arcrole/summation-item' xlink:from='loc_MarketableSecuritiesRealizedGainLoss' xlink:to='loc_AvailableForSaleSecuritiesGrossRealizedGainLossNet' xlink:type='arc' />
<link:calculationArc order='10' weight='1.0' xlink:arcrole='http://www.xbrl.org/2003/arcrole/summation-item' xlink:from='loc_AvailableForSaleSecuritiesGrossRealizedGainLossNet' xlink:to='loc_AvailableForSaleSecuritiesGrossRealizedGains' xlink:type='arc' />
<link:calculationArc order='20' weight='-1.0' xlink:arcrole='http://www.xbrl.org/2003/arcrole/summation-item' xlink:from='loc_AvailableForSaleSecuritiesGrossRealizedGainLossNet' xlink:to='loc_AvailableForSaleSecuritiesGrossRealizedLosses' xlink:type='arc' />
<link:calculationArc order='30' weight='1.0' xlink:arcrole='http://www.xbrl.org/2003/arcrole/summation-item' xlink:from='loc_MarketableSecuritiesRealizedGainLoss' xlink:to='loc_HeldToMaturitySecuritiesSoldSecurityRealizedGainLoss' xlink:type='arc' />
<link:calculationArc order='10' weight='1.0' xlink:arcrole='http://www.xbrl.org/2003/arcrole/summation-item' xlink:from='loc_NetIncomeLossPerOutstandingLimitedPartnershipAndGeneralPartnershipUnitBasicAndDiluted' xlink:to='loc_IncomeLossFromOperationsBeforeExtraordinaryItemsPerOutstandingLimitedPartnershipAndGeneralPartnershipUnitBasicAndDiluted' xlink:type='arc' />
<link:calculationArc order='10' weight='1.0' xlink:arcrole='http://www.xbrl.org/2003/arcrole/summation-item' xlink:from='loc_IncomeLossFromOperationsBeforeExtraordinaryItemsPerOutstandingLimitedPartnershipAndGeneralPartnershipUnitBasicAndDiluted' xlink:to='loc_IncomeLossFromContinuingOperationsPerOutstandingLimitedPartnershipAndGeneralPartnershipUnitBasicAndDiluted' xlink:type='arc' />
<link:calculationArc order='20' weight='1.0' xlink:arcrole='http://www.xbrl.org/2003/arcrole/summation-item' xlink:from='loc_IncomeLossFromOperationsBeforeExtraordinaryItemsPerOutstandingLimitedPartnershipAndGeneralPartnershipUnitBasicAndDiluted' xlink:to='loc_IncomeLossFromDiscontinuedOperationsNetOfTaxPerOutstandingLimitedPartnershipAndGeneralPartnershipUnitBasicAndDiluted' xlink:type='arc' />
<link:calculationArc order='20' weight='1.0' xlink:arcrole='http://www.xbrl.org/2003/arcrole/summation-item' xlink:from='loc_NetIncomeLossPerOutstandingLimitedPartnershipAndGeneralPartnershipUnitBasicAndDiluted' xlink:to='loc_IncomeLossFromExtraordinaryItemsNetOfTaxPerOutstandingLimitedPartnershipAndGeneralPartnershipUnitBasicAndDiluted' xlink:type='arc' />
<link:calculationArc order='10' weight='1.0' xlink:arcrole='http://www.xbrl.org/2003/arcrole/summation-item' xlink:from='loc_RevenuesNetOfInterestExpense' xlink:to='loc_Revenues' xlink:type='arc' />
<link:calculationArc order='20' weight='-1.0' xlink:arcrole='http://www.xbrl.org/2003/arcrole/summation-item' xlink:from='loc_RevenuesNetOfInterestExpense' xlink:to='loc_InterestExpense' xlink:type='arc' />
</link:calculationLink>
</link:linkbase>
