<?xml version='1.0' encoding='UTF-8'?>

<!--
(c) XBRL US, Inc. 2007-2010; Financial Accounting Foundation, Inc. 2010-2015.  All Rights Reserved.
Notice: Authorized Uses are Set Forth at http://xbrl.fasb.org/terms/TaxonomiesTermsConditions.html
  -->
<link:linkbase xmlns:link='http://www.xbrl.org/2003/linkbase' xmlns:xbrldt='http://xbrl.org/2005/xbrldt' xmlns:xlink='http://www.w3.org/1999/xlink' xmlns:xsi='http://www.w3.org/2001/XMLSchema-instance' xsi:schemaLocation='http://www.xbrl.org/2003/linkbase http://www.xbrl.org/2003/xbrl-linkbase-2003-12-31.xsd'>
<link:roleRef roleURI='http://fasb.org/us-gaap/role/statement/StatementOfCashFlowsIndirectAdditionalElements' xlink:href='../elts/us-roles-2015-01-31.xsd#scf-indira' xlink:type='simple' />
<link:presentationLink xlink:role='http://fasb.org/us-gaap/role/statement/StatementOfCashFlowsIndirectAdditionalElements' xlink:type='extended'>
<link:loc xlink:href='../elts/us-gaap-2015-01-31.xsd#us-gaap_AdditionalCashFlowElementsAbstract' xlink:label='loc_AdditionalCashFlowElementsAbstract' xlink:type='locator' />
<link:loc xlink:href='../elts/us-gaap-2015-01-31.xsd#us-gaap_AdditionalCashFlowElementsOperatingActivitiesAbstract' xlink:label='loc_AdditionalCashFlowElementsOperatingActivitiesAbstract' xlink:type='locator' />
<link:loc xlink:href='../elts/us-gaap-2015-01-31.xsd#us-gaap_AdditionalCashFlowElementsInvestingActivitiesAbstract' xlink:label='loc_AdditionalCashFlowElementsInvestingActivitiesAbstract' xlink:type='locator' />
<link:loc xlink:href='../elts/us-gaap-2015-01-31.xsd#us-gaap_AdditionalCashFlowElementsFinancingActivitiesAbstract' xlink:label='loc_AdditionalCashFlowElementsFinancingActivitiesAbstract' xlink:type='locator' />
<link:loc xlink:href='../elts/us-gaap-2015-01-31.xsd#us-gaap_AdditionalCashFlowElementsSummationsAbstract' xlink:label='loc_AdditionalCashFlowElementsSummationsAbstract' xlink:type='locator' />
<link:loc xlink:href='../elts/us-gaap-2015-01-31.xsd#us-gaap_AdditionalCashFlowElementsAndSupplementalCashFlowInformationAbstract' xlink:label='loc_AdditionalCashFlowElementsAndSupplementalCashFlowInformationAbstract' xlink:type='locator' />
<link:loc xlink:href='../elts/us-gaap-2015-01-31.xsd#us-gaap_SupplementalCashFlowInformationAbstract' xlink:label='loc_SupplementalCashFlowInformationAbstract' xlink:type='locator' />
<link:loc xlink:href='../elts/us-gaap-2015-01-31.xsd#us-gaap_NoncashInvestingAndFinancingItemsAbstract' xlink:label='loc_NoncashInvestingAndFinancingItemsAbstract' xlink:type='locator' />
<link:loc xlink:href='../elts/us-gaap-2015-01-31.xsd#us-gaap_ProceedsFromRepaymentsOfDebtAbstract' xlink:label='loc_ProceedsFromRepaymentsOfDebtAbstract' xlink:type='locator' />
<link:loc xlink:href='../elts/us-gaap-2015-01-31.xsd#us-gaap_ProceedsFromRepaymentsOfDebtAlternativeAbstract' xlink:label='loc_ProceedsFromRepaymentsOfDebtAlternativeAbstract' xlink:type='locator' />
<link:loc xlink:href='../elts/us-gaap-2015-01-31.xsd#us-gaap_ProceedsFromDebtNetOfIssuanceCosts' xlink:label='loc_ProceedsFromDebtNetOfIssuanceCosts' xlink:type='locator' />
<link:loc xlink:href='../elts/us-gaap-2015-01-31.xsd#us-gaap_IncreaseDecreaseInSecuritiesLendingPayable' xlink:label='loc_IncreaseDecreaseInSecuritiesLendingPayable' xlink:type='locator' />
<link:loc xlink:href='../elts/us-gaap-2015-01-31.xsd#us-gaap_ProceedsAndExcessTaxBenefitFromSharebasedCompensation' xlink:label='loc_ProceedsAndExcessTaxBenefitFromSharebasedCompensation' xlink:type='locator' />
<link:loc xlink:href='../elts/us-gaap-2015-01-31.xsd#us-gaap_ProceedsFromInvestingActivitiesAbstract' xlink:label='loc_ProceedsFromInvestingActivitiesAbstract' xlink:type='locator' />
<link:loc xlink:href='../elts/us-gaap-2015-01-31.xsd#us-gaap_PaymentsForInvestingActivitiesAbstract' xlink:label='loc_PaymentsForInvestingActivitiesAbstract' xlink:type='locator' />
<link:loc xlink:href='../elts/us-gaap-2015-01-31.xsd#us-gaap_CashAcquiredInExcessOfPaymentsToAcquireBusiness' xlink:label='loc_CashAcquiredInExcessOfPaymentsToAcquireBusiness' xlink:type='locator' />
<link:loc xlink:href='../elts/us-gaap-2015-01-31.xsd#us-gaap_PaymentsForProceedsFromPolicyLoans' xlink:label='loc_PaymentsForProceedsFromPolicyLoans' xlink:type='locator' />
<link:loc xlink:href='../elts/us-gaap-2015-01-31.xsd#us-gaap_IncreaseDecreaseInRestrictedCashAndInvestments' xlink:label='loc_IncreaseDecreaseInRestrictedCashAndInvestments' xlink:type='locator' />
<link:loc xlink:href='../elts/us-gaap-2015-01-31.xsd#us-gaap_IncreaseDecreaseInLeaseAcquisitionCosts' xlink:label='loc_IncreaseDecreaseInLeaseAcquisitionCosts' xlink:type='locator' />
<link:loc xlink:href='../elts/us-gaap-2015-01-31.xsd#us-gaap_IncreaseDecreaseInCollateralHeldUnderSecuritiesLending' xlink:label='loc_IncreaseDecreaseInCollateralHeldUnderSecuritiesLending' xlink:type='locator' />
<link:loc xlink:href='../elts/us-gaap-2015-01-31.xsd#us-gaap_PaymentsForProceedsFromInvestmentsAlternativeAbstract' xlink:label='loc_PaymentsForProceedsFromInvestmentsAlternativeAbstract' xlink:type='locator' />
<link:loc xlink:href='../elts/us-gaap-2015-01-31.xsd#us-gaap_ProceedsFromPaymentsForSecuritiesPurchasedUnderAgreementsToResellAbstract' xlink:label='loc_ProceedsFromPaymentsForSecuritiesPurchasedUnderAgreementsToResellAbstract' xlink:type='locator' />
<link:loc xlink:href='../elts/us-gaap-2015-01-31.xsd#us-gaap_AdjustmentsNoncashItemsToReconcileNetIncomeLossToCashProvidedByUsedInOperatingActivitiesAbstract' xlink:label='loc_AdjustmentsNoncashItemsToReconcileNetIncomeLossToCashProvidedByUsedInOperatingActivitiesAbstract' xlink:type='locator' />
<link:loc xlink:href='../elts/us-gaap-2015-01-31.xsd#us-gaap_IncreaseDecreaseInOperatingCapitalAbstract' xlink:label='loc_IncreaseDecreaseInOperatingCapitalAbstract' xlink:type='locator' />
<link:loc xlink:href='../elts/us-gaap-2015-01-31.xsd#us-gaap_CashPeriodIncreaseDecreaseExcludingExchangeRateEffectAbstract' xlink:label='loc_CashPeriodIncreaseDecreaseExcludingExchangeRateEffectAbstract' xlink:type='locator' />
<link:loc xlink:href='../elts/us-gaap-2015-01-31.xsd#us-gaap_EffectOfExchangeRateOnCashAbstract' xlink:label='loc_EffectOfExchangeRateOnCashAbstract' xlink:type='locator' />
<link:loc xlink:href='../elts/us-gaap-2015-01-31.xsd#us-gaap_CashPeriodIncreaseDecrease' xlink:label='loc_CashPeriodIncreaseDecrease' xlink:type='locator' />
<link:loc xlink:href='../elts/us-gaap-2015-01-31.xsd#us-gaap_CashIncludingDiscontinuedOperationsAbstract' xlink:label='loc_CashIncludingDiscontinuedOperationsAbstract' xlink:type='locator' />
<link:loc xlink:href='../elts/us-gaap-2015-01-31.xsd#us-gaap_GainLossOnSaleOfInvestmentsAbstract' xlink:label='loc_GainLossOnSaleOfInvestmentsAbstract' xlink:type='locator' />
<link:loc xlink:href='../elts/us-gaap-2015-01-31.xsd#us-gaap_ForeignCurrencyTransactionGainLossBeforeTaxAbstract' xlink:label='loc_ForeignCurrencyTransactionGainLossBeforeTaxAbstract' xlink:type='locator' />
<link:loc xlink:href='../elts/us-gaap-2015-01-31.xsd#us-gaap_GainLossOnSalesOfAssetsAndAssetImpairmentCharges' xlink:label='loc_GainLossOnSalesOfAssetsAndAssetImpairmentCharges' xlink:type='locator' />
<link:loc xlink:href='../elts/us-gaap-2015-01-31.xsd#us-gaap_AmortizationOfAboveAndBelowMarketLeases' xlink:label='loc_AmortizationOfAboveAndBelowMarketLeases' xlink:type='locator' />
<link:loc xlink:href='../elts/us-gaap-2015-01-31.xsd#us-gaap_DepreciationAndAmortizationDiscontinuedOperations' xlink:label='loc_DepreciationAndAmortizationDiscontinuedOperations' xlink:type='locator' />
<link:loc xlink:href='../elts/us-gaap-2015-01-31.xsd#us-gaap_GainLossOnDispositionOfRealEstateDiscontinuedOperations' xlink:label='loc_GainLossOnDispositionOfRealEstateDiscontinuedOperations' xlink:type='locator' />
<link:loc xlink:href='../elts/us-gaap-2015-01-31.xsd#us-gaap_OtherAdjustmentsToIncomeDiscontinuedOperations' xlink:label='loc_OtherAdjustmentsToIncomeDiscontinuedOperations' xlink:type='locator' />
<link:loc xlink:href='../elts/us-gaap-2015-01-31.xsd#us-gaap_Cash' xlink:label='loc_Cash' xlink:type='locator' />
<link:loc xlink:href='../elts/us-gaap-2015-01-31.xsd#us-gaap_DisposalGroupIncludingDiscontinuedOperationCash' xlink:label='loc_DisposalGroupIncludingDiscontinuedOperationCash' xlink:type='locator' />
<link:loc xlink:href='../elts/us-gaap-2015-01-31.xsd#us-gaap_CashIncludingDiscontinuedOperations' xlink:label='loc_CashIncludingDiscontinuedOperations' xlink:type='locator' />
<link:loc xlink:href='../elts/us-gaap-2015-01-31.xsd#us-gaap_NetCashProvidedByUsedInOperatingActivities' xlink:label='loc_NetCashProvidedByUsedInOperatingActivities' xlink:type='locator' />
<link:loc xlink:href='../elts/us-gaap-2015-01-31.xsd#us-gaap_NetCashProvidedByUsedInInvestingActivities' xlink:label='loc_NetCashProvidedByUsedInInvestingActivities' xlink:type='locator' />
<link:loc xlink:href='../elts/us-gaap-2015-01-31.xsd#us-gaap_NetCashProvidedByUsedInFinancingActivities' xlink:label='loc_NetCashProvidedByUsedInFinancingActivities' xlink:type='locator' />
<link:loc xlink:href='../elts/us-gaap-2015-01-31.xsd#us-gaap_CashPeriodIncreaseDecreaseExcludingExchangeRateEffect' xlink:label='loc_CashPeriodIncreaseDecreaseExcludingExchangeRateEffect' xlink:type='locator' />
<link:loc xlink:href='../elts/us-gaap-2015-01-31.xsd#us-gaap_EffectOfExchangeRateOnCashContinuingOperations' xlink:label='loc_EffectOfExchangeRateOnCashContinuingOperations' xlink:type='locator' />
<link:loc xlink:href='../elts/us-gaap-2015-01-31.xsd#us-gaap_EffectOfExchangeRateOnCashDiscontinuedOperations' xlink:label='loc_EffectOfExchangeRateOnCashDiscontinuedOperations' xlink:type='locator' />
<link:loc xlink:href='../elts/us-gaap-2015-01-31.xsd#us-gaap_EffectOfExchangeRateOnCash' xlink:label='loc_EffectOfExchangeRateOnCash' xlink:type='locator' />
<link:loc xlink:href='../elts/us-gaap-2015-01-31.xsd#us-gaap_ForeignCurrencyTransactionGainLossUnrealized' xlink:label='loc_ForeignCurrencyTransactionGainLossUnrealized' xlink:type='locator' />
<link:loc xlink:href='../elts/us-gaap-2015-01-31.xsd#us-gaap_ForeignCurrencyTransactionGainLossRealized' xlink:label='loc_ForeignCurrencyTransactionGainLossRealized' xlink:type='locator' />
<link:loc xlink:href='../elts/us-gaap-2015-01-31.xsd#us-gaap_ForeignCurrencyTransactionGainLossBeforeTax' xlink:label='loc_ForeignCurrencyTransactionGainLossBeforeTax' xlink:type='locator' />
<link:loc xlink:href='../elts/us-gaap-2015-01-31.xsd#us-gaap_GainOnSaleOfInvestments' xlink:label='loc_GainOnSaleOfInvestments' xlink:type='locator' />
<link:loc xlink:href='../elts/us-gaap-2015-01-31.xsd#us-gaap_LossOnSaleOfInvestments' xlink:label='loc_LossOnSaleOfInvestments' xlink:type='locator' />
<link:loc xlink:href='../elts/us-gaap-2015-01-31.xsd#us-gaap_GainLossOnSaleOfInvestments' xlink:label='loc_GainLossOnSaleOfInvestments' xlink:type='locator' />
<link:loc xlink:href='../elts/us-gaap-2015-01-31.xsd#us-gaap_IncomeTaxesPaidNetAbstract' xlink:label='loc_IncomeTaxesPaidNetAbstract' xlink:type='locator' />
<link:loc xlink:href='../elts/us-gaap-2015-01-31.xsd#us-gaap_IncomeTaxesPaid' xlink:label='loc_IncomeTaxesPaid' xlink:type='locator' />
<link:loc xlink:href='../elts/us-gaap-2015-01-31.xsd#us-gaap_ProceedsFromIncomeTaxRefunds' xlink:label='loc_ProceedsFromIncomeTaxRefunds' xlink:type='locator' />
<link:loc xlink:href='../elts/us-gaap-2015-01-31.xsd#us-gaap_IncomeTaxesPaidNet' xlink:label='loc_IncomeTaxesPaidNet' xlink:type='locator' />
<link:loc xlink:href='../elts/us-gaap-2015-01-31.xsd#us-gaap_IncreaseDecreaseInOperatingAssetsAbstract' xlink:label='loc_IncreaseDecreaseInOperatingAssetsAbstract' xlink:type='locator' />
<link:loc xlink:href='../elts/us-gaap-2015-01-31.xsd#us-gaap_IncreaseDecreaseInTradingSecuritiesAbstract' xlink:label='loc_IncreaseDecreaseInTradingSecuritiesAbstract' xlink:type='locator' />
<link:loc xlink:href='../elts/us-gaap-2015-01-31.xsd#us-gaap_IncreaseDecreaseInAccountsReceivableAndOtherOperatingAssets' xlink:label='loc_IncreaseDecreaseInAccountsReceivableAndOtherOperatingAssets' xlink:type='locator' />
<link:loc xlink:href='../elts/us-gaap-2015-01-31.xsd#us-gaap_IncreaseDecreaseInInventoriesAndOtherOperatingAssets' xlink:label='loc_IncreaseDecreaseInInventoriesAndOtherOperatingAssets' xlink:type='locator' />
<link:loc xlink:href='../elts/us-gaap-2015-01-31.xsd#us-gaap_IncreaseDecreaseInInventoryForLongTermContractsOrPrograms' xlink:label='loc_IncreaseDecreaseInInventoryForLongTermContractsOrPrograms' xlink:type='locator' />
<link:loc xlink:href='../elts/us-gaap-2015-01-31.xsd#us-gaap_IncreaseDecreaseInMaterialsAndSupplies' xlink:label='loc_IncreaseDecreaseInMaterialsAndSupplies' xlink:type='locator' />
<link:loc xlink:href='../elts/us-gaap-2015-01-31.xsd#us-gaap_IncreaseDecreaseInPrepaidTaxes' xlink:label='loc_IncreaseDecreaseInPrepaidTaxes' xlink:type='locator' />
<link:loc xlink:href='../elts/us-gaap-2015-01-31.xsd#us-gaap_IncreaseDecreaseInOtherCurrentAssets' xlink:label='loc_IncreaseDecreaseInOtherCurrentAssets' xlink:type='locator' />
<link:loc xlink:href='../elts/us-gaap-2015-01-31.xsd#us-gaap_IncreaseDecreaseInOtherNoncurrentAssets' xlink:label='loc_IncreaseDecreaseInOtherNoncurrentAssets' xlink:type='locator' />
<link:loc xlink:href='../elts/us-gaap-2015-01-31.xsd#us-gaap_IncreaseDecreaseInOperatingLiabilitiesAbstract' xlink:label='loc_IncreaseDecreaseInOperatingLiabilitiesAbstract' xlink:type='locator' />
<link:loc xlink:href='../elts/us-gaap-2015-01-31.xsd#us-gaap_IncreaseDecreaseInOtherCurrentAssetsAndLiabilitiesNet' xlink:label='loc_IncreaseDecreaseInOtherCurrentAssetsAndLiabilitiesNet' xlink:type='locator' />
<link:loc xlink:href='../elts/us-gaap-2015-01-31.xsd#us-gaap_IncreaseDecreaseInOtherNoncurrentAssetsAndLiabilitiesNet' xlink:label='loc_IncreaseDecreaseInOtherNoncurrentAssetsAndLiabilitiesNet' xlink:type='locator' />
<link:loc xlink:href='../elts/us-gaap-2015-01-31.xsd#us-gaap_IncreaseDecreaseInAccountsPayableAndOtherOperatingLiabilities' xlink:label='loc_IncreaseDecreaseInAccountsPayableAndOtherOperatingLiabilities' xlink:type='locator' />
<link:loc xlink:href='../elts/us-gaap-2015-01-31.xsd#us-gaap_IncreaseDecreaseInAccruedLiabilitiesAndOtherOperatingLiabilities' xlink:label='loc_IncreaseDecreaseInAccruedLiabilitiesAndOtherOperatingLiabilities' xlink:type='locator' />
<link:loc xlink:href='../elts/us-gaap-2015-01-31.xsd#us-gaap_IncreaseDecreaseInGiftCardLiability' xlink:label='loc_IncreaseDecreaseInGiftCardLiability' xlink:type='locator' />
<link:loc xlink:href='../elts/us-gaap-2015-01-31.xsd#us-gaap_IncreaseDecreaseInIncomeTaxes' xlink:label='loc_IncreaseDecreaseInIncomeTaxes' xlink:type='locator' />
<link:loc xlink:href='../elts/us-gaap-2015-01-31.xsd#us-gaap_IncreaseDecreaseInAccruedTaxesPayable' xlink:label='loc_IncreaseDecreaseInAccruedTaxesPayable' xlink:type='locator' />
<link:loc xlink:href='../elts/us-gaap-2015-01-31.xsd#us-gaap_IncreaseDecreaseInSelfInsuranceReserve' xlink:label='loc_IncreaseDecreaseInSelfInsuranceReserve' xlink:type='locator' />
<link:loc xlink:href='../elts/us-gaap-2015-01-31.xsd#us-gaap_IncreaseDecreaseInFuturePolicyBenefitReservesAndOtherInsuranceLiabilities' xlink:label='loc_IncreaseDecreaseInFuturePolicyBenefitReservesAndOtherInsuranceLiabilities' xlink:type='locator' />
<link:loc xlink:href='../elts/us-gaap-2015-01-31.xsd#us-gaap_IncreaseDecreaseInOptionPremiumContractsPayable' xlink:label='loc_IncreaseDecreaseInOptionPremiumContractsPayable' xlink:type='locator' />
<link:loc xlink:href='../elts/us-gaap-2015-01-31.xsd#us-gaap_IncreaseDecreaseInOtherCurrentLiabilities' xlink:label='loc_IncreaseDecreaseInOtherCurrentLiabilities' xlink:type='locator' />
<link:loc xlink:href='../elts/us-gaap-2015-01-31.xsd#us-gaap_IncreaseDecreaseInOtherNoncurrentLiabilities' xlink:label='loc_IncreaseDecreaseInOtherNoncurrentLiabilities' xlink:type='locator' />
<link:loc xlink:href='../elts/us-gaap-2015-01-31.xsd#us-gaap_ProceedsFromPaymentsForTradingSecurities' xlink:label='loc_ProceedsFromPaymentsForTradingSecurities' xlink:type='locator' />
<link:loc xlink:href='../elts/us-gaap-2015-01-31.xsd#us-gaap_NetRealizedOrUnrealizedGainLossOnTradingSecurities' xlink:label='loc_NetRealizedOrUnrealizedGainLossOnTradingSecurities' xlink:type='locator' />
<link:loc xlink:href='../elts/us-gaap-2015-01-31.xsd#us-gaap_IncreaseDecreaseInTradingSecurities' xlink:label='loc_IncreaseDecreaseInTradingSecurities' xlink:type='locator' />
<link:loc xlink:href='../elts/us-gaap-2015-01-31.xsd#us-gaap_InterestPaidAbstract' xlink:label='loc_InterestPaidAbstract' xlink:type='locator' />
<link:loc xlink:href='../elts/us-gaap-2015-01-31.xsd#us-gaap_InterestPaidNet' xlink:label='loc_InterestPaidNet' xlink:type='locator' />
<link:loc xlink:href='../elts/us-gaap-2015-01-31.xsd#us-gaap_InterestPaidCapitalized' xlink:label='loc_InterestPaidCapitalized' xlink:type='locator' />
<link:loc xlink:href='../elts/us-gaap-2015-01-31.xsd#us-gaap_InterestPaid' xlink:label='loc_InterestPaid' xlink:type='locator' />
<link:loc xlink:href='../elts/us-gaap-2015-01-31.xsd#us-gaap_NoncashInvestingAndFinancingActivitiesRelatedText' xlink:label='loc_NoncashInvestingAndFinancingActivitiesRelatedText' xlink:type='locator' />
<link:loc xlink:href='../elts/us-gaap-2015-01-31.xsd#us-gaap_FairValueOfAssetsAcquired' xlink:label='loc_FairValueOfAssetsAcquired' xlink:type='locator' />
<link:loc xlink:href='../elts/us-gaap-2015-01-31.xsd#us-gaap_DebtIssuanceCostsIncurredDuringNoncashOrPartialNoncashTransaction' xlink:label='loc_DebtIssuanceCostsIncurredDuringNoncashOrPartialNoncashTransaction' xlink:type='locator' />
<link:loc xlink:href='../elts/us-gaap-2015-01-31.xsd#us-gaap_SettlementOfAssetRetirementObligationsThroughNoncashPayments' xlink:label='loc_SettlementOfAssetRetirementObligationsThroughNoncashPayments' xlink:type='locator' />
<link:loc xlink:href='../elts/us-gaap-2015-01-31.xsd#us-gaap_SettlementOfAssetRetirementObligationsThroughNoncashPaymentsAmount' xlink:label='loc_SettlementOfAssetRetirementObligationsThroughNoncashPaymentsAmount' xlink:type='locator' />
<link:loc xlink:href='../elts/us-gaap-2015-01-31.xsd#us-gaap_CapitalLeaseObligationsIncurred' xlink:label='loc_CapitalLeaseObligationsIncurred' xlink:type='locator' />
<link:loc xlink:href='../elts/us-gaap-2015-01-31.xsd#us-gaap_TransferOfOtherRealEstate' xlink:label='loc_TransferOfOtherRealEstate' xlink:type='locator' />
<link:loc xlink:href='../elts/us-gaap-2015-01-31.xsd#us-gaap_TransferToOtherRealEstate' xlink:label='loc_TransferToOtherRealEstate' xlink:type='locator' />
<link:loc xlink:href='../elts/us-gaap-2015-01-31.xsd#us-gaap_TransferOfInvestments' xlink:label='loc_TransferOfInvestments' xlink:type='locator' />
<link:loc xlink:href='../elts/us-gaap-2015-01-31.xsd#us-gaap_TransferToInvestments' xlink:label='loc_TransferToInvestments' xlink:type='locator' />
<link:loc xlink:href='../elts/us-gaap-2015-01-31.xsd#us-gaap_TransferOfPortfolioLoansAndLeasesToHeldForSale1' xlink:label='loc_TransferOfPortfolioLoansAndLeasesToHeldForSale1' xlink:type='locator' />
<link:loc xlink:href='../elts/us-gaap-2015-01-31.xsd#us-gaap_TransferOfLoansHeldForSaleToPortfolioLoans1' xlink:label='loc_TransferOfLoansHeldForSaleToPortfolioLoans1' xlink:type='locator' />
<link:loc xlink:href='../elts/us-gaap-2015-01-31.xsd#us-gaap_NotesReduction' xlink:label='loc_NotesReduction' xlink:type='locator' />
<link:loc xlink:href='../elts/us-gaap-2015-01-31.xsd#us-gaap_NotesIssued1' xlink:label='loc_NotesIssued1' xlink:type='locator' />
<link:loc xlink:href='../elts/us-gaap-2015-01-31.xsd#us-gaap_StockIssued1' xlink:label='loc_StockIssued1' xlink:type='locator' />
<link:loc xlink:href='../elts/us-gaap-2015-01-31.xsd#us-gaap_LiabilitiesAssumed1' xlink:label='loc_LiabilitiesAssumed1' xlink:type='locator' />
<link:loc xlink:href='../elts/us-gaap-2015-01-31.xsd#us-gaap_LineOfCreditAssumed1' xlink:label='loc_LineOfCreditAssumed1' xlink:type='locator' />
<link:loc xlink:href='../elts/us-gaap-2015-01-31.xsd#us-gaap_LoansAssumed1' xlink:label='loc_LoansAssumed1' xlink:type='locator' />
<link:loc xlink:href='../elts/us-gaap-2015-01-31.xsd#us-gaap_NotesAssumed1' xlink:label='loc_NotesAssumed1' xlink:type='locator' />
<link:loc xlink:href='../elts/us-gaap-2015-01-31.xsd#us-gaap_SupplementalDeferredPurchasePrice' xlink:label='loc_SupplementalDeferredPurchasePrice' xlink:type='locator' />
<link:loc xlink:href='../elts/us-gaap-2015-01-31.xsd#us-gaap_EscrowDepositDisbursementsRelatedToPropertyAcquisition1' xlink:label='loc_EscrowDepositDisbursementsRelatedToPropertyAcquisition1' xlink:type='locator' />
<link:loc xlink:href='../elts/us-gaap-2015-01-31.xsd#us-gaap_EscrowDepositsRelatedToPropertySales' xlink:label='loc_EscrowDepositsRelatedToPropertySales' xlink:type='locator' />
<link:loc xlink:href='../elts/us-gaap-2015-01-31.xsd#us-gaap_MortgageLoanRelatedToPropertySales1' xlink:label='loc_MortgageLoanRelatedToPropertySales1' xlink:type='locator' />
<link:loc xlink:href='../elts/us-gaap-2015-01-31.xsd#us-gaap_TransferMortgagePayable' xlink:label='loc_TransferMortgagePayable' xlink:type='locator' />
<link:loc xlink:href='../elts/us-gaap-2015-01-31.xsd#us-gaap_ContributionOfProperty' xlink:label='loc_ContributionOfProperty' xlink:type='locator' />
<link:loc xlink:href='../elts/us-gaap-2015-01-31.xsd#us-gaap_CapitalExpendituresIncurredButNotYetPaid' xlink:label='loc_CapitalExpendituresIncurredButNotYetPaid' xlink:type='locator' />
<link:loc xlink:href='../elts/us-gaap-2015-01-31.xsd#us-gaap_ConstructionInProgressExpendituresIncurredButNotYetPaid' xlink:label='loc_ConstructionInProgressExpendituresIncurredButNotYetPaid' xlink:type='locator' />
<link:loc xlink:href='../elts/us-gaap-2015-01-31.xsd#us-gaap_PaymentsForProceedsFromShortTermInvestmentsAlternativeAbstract' xlink:label='loc_PaymentsForProceedsFromShortTermInvestmentsAlternativeAbstract' xlink:type='locator' />
<link:loc xlink:href='../elts/us-gaap-2015-01-31.xsd#us-gaap_PaymentsForProceedsFromLongtermInvestmentsAbstract' xlink:label='loc_PaymentsForProceedsFromLongtermInvestmentsAbstract' xlink:type='locator' />
<link:loc xlink:href='../elts/us-gaap-2015-01-31.xsd#us-gaap_PaymentsToAcquireLongtermInvestments' xlink:label='loc_PaymentsToAcquireLongtermInvestments' xlink:type='locator' />
<link:loc xlink:href='../elts/us-gaap-2015-01-31.xsd#us-gaap_ProceedsFromSaleMaturityAndCollectionOfLongtermInvestmentsAbstract' xlink:label='loc_ProceedsFromSaleMaturityAndCollectionOfLongtermInvestmentsAbstract' xlink:type='locator' />
<link:loc xlink:href='../elts/us-gaap-2015-01-31.xsd#us-gaap_PaymentsForProceedsFromLongtermInvestments' xlink:label='loc_PaymentsForProceedsFromLongtermInvestments' xlink:type='locator' />
<link:loc xlink:href='../elts/us-gaap-2015-01-31.xsd#us-gaap_PaymentsToAcquireShortTermInvestments' xlink:label='loc_PaymentsToAcquireShortTermInvestments' xlink:type='locator' />
<link:loc xlink:href='../elts/us-gaap-2015-01-31.xsd#us-gaap_ProceedsFromSaleMaturityAndCollectionOfShorttermInvestmentsAbstract' xlink:label='loc_ProceedsFromSaleMaturityAndCollectionOfShorttermInvestmentsAbstract' xlink:type='locator' />
<link:loc xlink:href='../elts/us-gaap-2015-01-31.xsd#us-gaap_PaymentsForProceedsFromShortTermInvestments' xlink:label='loc_PaymentsForProceedsFromShortTermInvestments' xlink:type='locator' />
<link:loc xlink:href='../elts/us-gaap-2015-01-31.xsd#us-gaap_PaymentsToAcquireTradingSecuritiesHeldforinvestment' xlink:label='loc_PaymentsToAcquireTradingSecuritiesHeldforinvestment' xlink:type='locator' />
<link:loc xlink:href='../elts/us-gaap-2015-01-31.xsd#us-gaap_PaymentsToAcquireRealEstateAndRealEstateJointVentures' xlink:label='loc_PaymentsToAcquireRealEstateAndRealEstateJointVentures' xlink:type='locator' />
<link:loc xlink:href='../elts/us-gaap-2015-01-31.xsd#us-gaap_PaymentsToAcquireBusinessTwoNetOfCashAcquired' xlink:label='loc_PaymentsToAcquireBusinessTwoNetOfCashAcquired' xlink:type='locator' />
<link:loc xlink:href='../elts/us-gaap-2015-01-31.xsd#us-gaap_PaymentsToAcquireBusinessThreeNetOfCashAcquired' xlink:label='loc_PaymentsToAcquireBusinessThreeNetOfCashAcquired' xlink:type='locator' />
<link:loc xlink:href='../elts/us-gaap-2015-01-31.xsd#us-gaap_PaymentsToAcquireAssetsInvestingActivities' xlink:label='loc_PaymentsToAcquireAssetsInvestingActivities' xlink:type='locator' />
<link:loc xlink:href='../elts/us-gaap-2015-01-31.xsd#us-gaap_PaymentsForLeasingCostsCommissionsAndTenantImprovementsAbstract' xlink:label='loc_PaymentsForLeasingCostsCommissionsAndTenantImprovementsAbstract' xlink:type='locator' />
<link:loc xlink:href='../elts/us-gaap-2015-01-31.xsd#us-gaap_PaymentsForLeasingCosts' xlink:label='loc_PaymentsForLeasingCosts' xlink:type='locator' />
<link:loc xlink:href='../elts/us-gaap-2015-01-31.xsd#us-gaap_PaymentsForTenantImprovements' xlink:label='loc_PaymentsForTenantImprovements' xlink:type='locator' />
<link:loc xlink:href='../elts/us-gaap-2015-01-31.xsd#us-gaap_PaymentsForLeaseCommissions' xlink:label='loc_PaymentsForLeaseCommissions' xlink:type='locator' />
<link:loc xlink:href='../elts/us-gaap-2015-01-31.xsd#us-gaap_PaymentsForLeasingCostsCommissionsAndTenantImprovements' xlink:label='loc_PaymentsForLeasingCostsCommissionsAndTenantImprovements' xlink:type='locator' />
<link:loc xlink:href='../elts/us-gaap-2015-01-31.xsd#us-gaap_ProceedsFromSecuritiesPurchasedUnderAgreementsToResell' xlink:label='loc_ProceedsFromSecuritiesPurchasedUnderAgreementsToResell' xlink:type='locator' />
<link:loc xlink:href='../elts/us-gaap-2015-01-31.xsd#us-gaap_PaymentsForSecuritiesPurchasedUnderAgreementsToResell' xlink:label='loc_PaymentsForSecuritiesPurchasedUnderAgreementsToResell' xlink:type='locator' />
<link:loc xlink:href='../elts/us-gaap-2015-01-31.xsd#us-gaap_ProceedsFromPaymentsForSecuritiesPurchasedUnderAgreementsToResell' xlink:label='loc_ProceedsFromPaymentsForSecuritiesPurchasedUnderAgreementsToResell' xlink:type='locator' />
<link:loc xlink:href='../elts/us-gaap-2015-01-31.xsd#us-gaap_ProceedsFromRepaymentsOfAccountsReceivableSecuritizationAbstract' xlink:label='loc_ProceedsFromRepaymentsOfAccountsReceivableSecuritizationAbstract' xlink:type='locator' />
<link:loc xlink:href='../elts/us-gaap-2015-01-31.xsd#us-gaap_ProceedsFromAccountsReceivableSecuritization' xlink:label='loc_ProceedsFromAccountsReceivableSecuritization' xlink:type='locator' />
<link:loc xlink:href='../elts/us-gaap-2015-01-31.xsd#us-gaap_RepaymentsOfAccountsReceivableSecuritization' xlink:label='loc_RepaymentsOfAccountsReceivableSecuritization' xlink:type='locator' />
<link:loc xlink:href='../elts/us-gaap-2015-01-31.xsd#us-gaap_ProceedsFromRepaymentsOfAccountsReceivableSecuritization' xlink:label='loc_ProceedsFromRepaymentsOfAccountsReceivableSecuritization' xlink:type='locator' />
<link:loc xlink:href='../elts/us-gaap-2015-01-31.xsd#us-gaap_ProceedsFromRepaymentsOfCommercialPaperAbstract' xlink:label='loc_ProceedsFromRepaymentsOfCommercialPaperAbstract' xlink:type='locator' />
<link:loc xlink:href='../elts/us-gaap-2015-01-31.xsd#us-gaap_ProceedsFromIssuanceOfCommercialPaper' xlink:label='loc_ProceedsFromIssuanceOfCommercialPaper' xlink:type='locator' />
<link:loc xlink:href='../elts/us-gaap-2015-01-31.xsd#us-gaap_RepaymentsOfCommercialPaper' xlink:label='loc_RepaymentsOfCommercialPaper' xlink:type='locator' />
<link:loc xlink:href='../elts/us-gaap-2015-01-31.xsd#us-gaap_ProceedsFromRepaymentsOfCommercialPaper' xlink:label='loc_ProceedsFromRepaymentsOfCommercialPaper' xlink:type='locator' />
<link:loc xlink:href='../elts/us-gaap-2015-01-31.xsd#us-gaap_IncreaseDecreaseInBookOverdrafts' xlink:label='loc_IncreaseDecreaseInBookOverdrafts' xlink:type='locator' />
<link:loc xlink:href='../elts/us-gaap-2015-01-31.xsd#us-gaap_ProceedsFromIssuanceOfDebt' xlink:label='loc_ProceedsFromIssuanceOfDebt' xlink:type='locator' />
<link:loc xlink:href='../elts/us-gaap-2015-01-31.xsd#us-gaap_RepaymentsOfLongtermLoansFromVendors' xlink:label='loc_RepaymentsOfLongtermLoansFromVendors' xlink:type='locator' />
<link:loc xlink:href='../elts/us-gaap-2015-01-31.xsd#us-gaap_RepaymentsOfDebt' xlink:label='loc_RepaymentsOfDebt' xlink:type='locator' />
<link:loc xlink:href='../elts/us-gaap-2015-01-31.xsd#us-gaap_RepaymentsOfDebtAndCapitalLeaseObligations' xlink:label='loc_RepaymentsOfDebtAndCapitalLeaseObligations' xlink:type='locator' />
<link:loc xlink:href='../elts/us-gaap-2015-01-31.xsd#us-gaap_ProceedsFromRepaymentsOfShortTermDebtMaturingInThreeMonthsOrLessAlternativeAbstract' xlink:label='loc_ProceedsFromRepaymentsOfShortTermDebtMaturingInThreeMonthsOrLessAlternativeAbstract' xlink:type='locator' />
<link:loc xlink:href='../elts/us-gaap-2015-01-31.xsd#us-gaap_ProceedsFromRepaymentsOfDebtMaturingInMoreThanThreeMonthsAbstract' xlink:label='loc_ProceedsFromRepaymentsOfDebtMaturingInMoreThanThreeMonthsAbstract' xlink:type='locator' />
<link:loc xlink:href='../elts/us-gaap-2015-01-31.xsd#us-gaap_ProceedsFromDebtMaturingInMoreThanThreeMonths' xlink:label='loc_ProceedsFromDebtMaturingInMoreThanThreeMonths' xlink:type='locator' />
<link:loc xlink:href='../elts/us-gaap-2015-01-31.xsd#us-gaap_RepaymentsOfDebtMaturingInMoreThanThreeMonths' xlink:label='loc_RepaymentsOfDebtMaturingInMoreThanThreeMonths' xlink:type='locator' />
<link:loc xlink:href='../elts/us-gaap-2015-01-31.xsd#us-gaap_ProceedsFromRepaymentsOfDebtMaturingInMoreThanThreeMonths' xlink:label='loc_ProceedsFromRepaymentsOfDebtMaturingInMoreThanThreeMonths' xlink:type='locator' />
<link:loc xlink:href='../elts/us-gaap-2015-01-31.xsd#us-gaap_ProceedsFromShortTermDebtMaturingInThreeMonthsOrLess' xlink:label='loc_ProceedsFromShortTermDebtMaturingInThreeMonthsOrLess' xlink:type='locator' />
<link:loc xlink:href='../elts/us-gaap-2015-01-31.xsd#us-gaap_RepaymentsOfShortTermDebtMaturingInThreeMonthsOrLess' xlink:label='loc_RepaymentsOfShortTermDebtMaturingInThreeMonthsOrLess' xlink:type='locator' />
<link:loc xlink:href='../elts/us-gaap-2015-01-31.xsd#us-gaap_ProceedsFromRepaymentsOfShortTermDebtMaturingInThreeMonthsOrLess' xlink:label='loc_ProceedsFromRepaymentsOfShortTermDebtMaturingInThreeMonthsOrLess' xlink:type='locator' />
<link:loc xlink:href='../elts/us-gaap-2015-01-31.xsd#us-gaap_ProceedsFromSaleAndMaturityOfTradingSecuritiesHeldforinvestmentAbstract' xlink:label='loc_ProceedsFromSaleAndMaturityOfTradingSecuritiesHeldforinvestmentAbstract' xlink:type='locator' />
<link:loc xlink:href='../elts/us-gaap-2015-01-31.xsd#us-gaap_ProceedsFromSaleAndCollectionOfFinanceReceivablesAbstract' xlink:label='loc_ProceedsFromSaleAndCollectionOfFinanceReceivablesAbstract' xlink:type='locator' />
<link:loc xlink:href='../elts/us-gaap-2015-01-31.xsd#us-gaap_ProceedsFromSalesOfAssetsInvestingActivities' xlink:label='loc_ProceedsFromSalesOfAssetsInvestingActivities' xlink:type='locator' />
<link:loc xlink:href='../elts/us-gaap-2015-01-31.xsd#us-gaap_ProceedsFromSalesOfBusinessAffiliateAndProductiveAssets' xlink:label='loc_ProceedsFromSalesOfBusinessAffiliateAndProductiveAssets' xlink:type='locator' />
<link:loc xlink:href='../elts/us-gaap-2015-01-31.xsd#us-gaap_ProceedsFromRealEstateAndRealEstateJointVentures' xlink:label='loc_ProceedsFromRealEstateAndRealEstateJointVentures' xlink:type='locator' />
<link:loc xlink:href='../elts/us-gaap-2015-01-31.xsd#us-gaap_ProceedsFromSaleOfFinanceReceivables' xlink:label='loc_ProceedsFromSaleOfFinanceReceivables' xlink:type='locator' />
<link:loc xlink:href='../elts/us-gaap-2015-01-31.xsd#us-gaap_ProceedsFromCollectionOfFinanceReceivables' xlink:label='loc_ProceedsFromCollectionOfFinanceReceivables' xlink:type='locator' />
<link:loc xlink:href='../elts/us-gaap-2015-01-31.xsd#us-gaap_ProceedsFromSaleAndCollectionOfFinanceReceivables' xlink:label='loc_ProceedsFromSaleAndCollectionOfFinanceReceivables' xlink:type='locator' />
<link:loc xlink:href='../elts/us-gaap-2015-01-31.xsd#us-gaap_ProceedsFromSaleOfTradingSecuritiesHeldforinvestment' xlink:label='loc_ProceedsFromSaleOfTradingSecuritiesHeldforinvestment' xlink:type='locator' />
<link:loc xlink:href='../elts/us-gaap-2015-01-31.xsd#us-gaap_ProceedsFromMaturitiesRepaymentsAndCallsOfTradingSecuritiesHeldforinvestment' xlink:label='loc_ProceedsFromMaturitiesRepaymentsAndCallsOfTradingSecuritiesHeldforinvestment' xlink:type='locator' />
<link:loc xlink:href='../elts/us-gaap-2015-01-31.xsd#us-gaap_ProceedsFromSaleAndMaturityOfTradingSecuritiesHeldforinvestment' xlink:label='loc_ProceedsFromSaleAndMaturityOfTradingSecuritiesHeldforinvestment' xlink:type='locator' />
<link:loc xlink:href='../elts/us-gaap-2015-01-31.xsd#us-gaap_ProceedsFromSaleOfLongtermInvestments' xlink:label='loc_ProceedsFromSaleOfLongtermInvestments' xlink:type='locator' />
<link:loc xlink:href='../elts/us-gaap-2015-01-31.xsd#us-gaap_ProceedsFromMaturitiesPrepaymentsAndCallsOfLongtermInvestments' xlink:label='loc_ProceedsFromMaturitiesPrepaymentsAndCallsOfLongtermInvestments' xlink:type='locator' />
<link:loc xlink:href='../elts/us-gaap-2015-01-31.xsd#us-gaap_ProceedsFromSaleMaturityAndCollectionOfLongtermInvestments' xlink:label='loc_ProceedsFromSaleMaturityAndCollectionOfLongtermInvestments' xlink:type='locator' />
<link:loc xlink:href='../elts/us-gaap-2015-01-31.xsd#us-gaap_ProceedsFromSaleOfShortTermInvestments' xlink:label='loc_ProceedsFromSaleOfShortTermInvestments' xlink:type='locator' />
<link:loc xlink:href='../elts/us-gaap-2015-01-31.xsd#us-gaap_ProceedsFromMaturitiesPrepaymentsAndCallsOfShorttermInvestments' xlink:label='loc_ProceedsFromMaturitiesPrepaymentsAndCallsOfShorttermInvestments' xlink:type='locator' />
<link:loc xlink:href='../elts/us-gaap-2015-01-31.xsd#us-gaap_ProceedsFromSaleMaturityAndCollectionOfShorttermInvestments' xlink:label='loc_ProceedsFromSaleMaturityAndCollectionOfShorttermInvestments' xlink:type='locator' />
<link:loc xlink:href='../elts/us-gaap-2015-01-31.xsd#us-gaap_SupplementalCashFlowInformationRelatedText' xlink:label='loc_SupplementalCashFlowInformationRelatedText' xlink:type='locator' />
<link:loc xlink:href='../elts/us-gaap-2015-01-31.xsd#us-gaap_IncomeTaxRefundsDiscontinuedOperations' xlink:label='loc_IncomeTaxRefundsDiscontinuedOperations' xlink:type='locator' />
<link:loc xlink:href='../elts/us-gaap-2015-01-31.xsd#us-gaap_InterestPaidDiscontinuedOperations' xlink:label='loc_InterestPaidDiscontinuedOperations' xlink:type='locator' />
<link:loc xlink:href='../elts/us-gaap-2015-01-31.xsd#us-gaap_ProceedsFromStockOptionsExercised' xlink:label='loc_ProceedsFromStockOptionsExercised' xlink:type='locator' />
<link:presentationArc order='10' xlink:arcrole='http://www.xbrl.org/2003/arcrole/parent-child' xlink:from='loc_AdditionalCashFlowElementsAbstract' xlink:to='loc_AdditionalCashFlowElementsOperatingActivitiesAbstract' xlink:type='arc' />
<link:presentationArc order='20' xlink:arcrole='http://www.xbrl.org/2003/arcrole/parent-child' xlink:from='loc_AdditionalCashFlowElementsAbstract' xlink:to='loc_AdditionalCashFlowElementsInvestingActivitiesAbstract' xlink:type='arc' />
<link:presentationArc order='30' xlink:arcrole='http://www.xbrl.org/2003/arcrole/parent-child' xlink:from='loc_AdditionalCashFlowElementsAbstract' xlink:to='loc_AdditionalCashFlowElementsFinancingActivitiesAbstract' xlink:type='arc' />
<link:presentationArc order='40' xlink:arcrole='http://www.xbrl.org/2003/arcrole/parent-child' xlink:from='loc_AdditionalCashFlowElementsAbstract' xlink:to='loc_AdditionalCashFlowElementsSummationsAbstract' xlink:type='arc' />
<link:presentationArc order='10' xlink:arcrole='http://www.xbrl.org/2003/arcrole/parent-child' xlink:from='loc_AdditionalCashFlowElementsAndSupplementalCashFlowInformationAbstract' xlink:to='loc_AdditionalCashFlowElementsAbstract' xlink:type='arc' />
<link:presentationArc order='20' xlink:arcrole='http://www.xbrl.org/2003/arcrole/parent-child' xlink:from='loc_AdditionalCashFlowElementsAndSupplementalCashFlowInformationAbstract' xlink:to='loc_SupplementalCashFlowInformationAbstract' xlink:type='arc' />
<link:presentationArc order='30' xlink:arcrole='http://www.xbrl.org/2003/arcrole/parent-child' xlink:from='loc_AdditionalCashFlowElementsAndSupplementalCashFlowInformationAbstract' xlink:to='loc_NoncashInvestingAndFinancingItemsAbstract' xlink:type='arc' />
<link:presentationArc order='10' xlink:arcrole='http://www.xbrl.org/2003/arcrole/parent-child' xlink:from='loc_AdditionalCashFlowElementsFinancingActivitiesAbstract' xlink:to='loc_ProceedsFromRepaymentsOfDebtAbstract' xlink:type='arc' />
<link:presentationArc order='20' xlink:arcrole='http://www.xbrl.org/2003/arcrole/parent-child' xlink:from='loc_AdditionalCashFlowElementsFinancingActivitiesAbstract' xlink:to='loc_ProceedsFromRepaymentsOfDebtAlternativeAbstract' xlink:type='arc' />
<link:presentationArc order='30' xlink:arcrole='http://www.xbrl.org/2003/arcrole/parent-child' xlink:from='loc_AdditionalCashFlowElementsFinancingActivitiesAbstract' xlink:to='loc_ProceedsFromDebtNetOfIssuanceCosts' xlink:type='arc' />
<link:presentationArc order='40' xlink:arcrole='http://www.xbrl.org/2003/arcrole/parent-child' xlink:from='loc_AdditionalCashFlowElementsFinancingActivitiesAbstract' xlink:to='loc_IncreaseDecreaseInSecuritiesLendingPayable' xlink:type='arc' />
<link:presentationArc order='50' xlink:arcrole='http://www.xbrl.org/2003/arcrole/parent-child' xlink:from='loc_AdditionalCashFlowElementsFinancingActivitiesAbstract' xlink:to='loc_ProceedsAndExcessTaxBenefitFromSharebasedCompensation' xlink:type='arc' />
<link:presentationArc order='10' xlink:arcrole='http://www.xbrl.org/2003/arcrole/parent-child' xlink:from='loc_AdditionalCashFlowElementsInvestingActivitiesAbstract' xlink:to='loc_ProceedsFromInvestingActivitiesAbstract' xlink:type='arc' />
<link:presentationArc order='20' xlink:arcrole='http://www.xbrl.org/2003/arcrole/parent-child' xlink:from='loc_AdditionalCashFlowElementsInvestingActivitiesAbstract' xlink:to='loc_PaymentsForInvestingActivitiesAbstract' xlink:type='arc' />
<link:presentationArc order='30' xlink:arcrole='http://www.xbrl.org/2003/arcrole/parent-child' xlink:from='loc_AdditionalCashFlowElementsInvestingActivitiesAbstract' xlink:to='loc_CashAcquiredInExcessOfPaymentsToAcquireBusiness' xlink:type='arc' />
<link:presentationArc order='40' xlink:arcrole='http://www.xbrl.org/2003/arcrole/parent-child' xlink:from='loc_AdditionalCashFlowElementsInvestingActivitiesAbstract' xlink:to='loc_PaymentsForProceedsFromPolicyLoans' xlink:type='arc' />
<link:presentationArc order='50' xlink:arcrole='http://www.xbrl.org/2003/arcrole/parent-child' xlink:from='loc_AdditionalCashFlowElementsInvestingActivitiesAbstract' xlink:to='loc_IncreaseDecreaseInRestrictedCashAndInvestments' xlink:type='arc' />
<link:presentationArc order='60' xlink:arcrole='http://www.xbrl.org/2003/arcrole/parent-child' xlink:from='loc_AdditionalCashFlowElementsInvestingActivitiesAbstract' xlink:to='loc_IncreaseDecreaseInLeaseAcquisitionCosts' xlink:type='arc' />
<link:presentationArc order='70' xlink:arcrole='http://www.xbrl.org/2003/arcrole/parent-child' xlink:from='loc_AdditionalCashFlowElementsInvestingActivitiesAbstract' xlink:to='loc_IncreaseDecreaseInCollateralHeldUnderSecuritiesLending' xlink:type='arc' />
<link:presentationArc order='80' xlink:arcrole='http://www.xbrl.org/2003/arcrole/parent-child' xlink:from='loc_AdditionalCashFlowElementsInvestingActivitiesAbstract' xlink:to='loc_PaymentsForProceedsFromInvestmentsAlternativeAbstract' xlink:type='arc' />
<link:presentationArc order='90' xlink:arcrole='http://www.xbrl.org/2003/arcrole/parent-child' xlink:from='loc_AdditionalCashFlowElementsInvestingActivitiesAbstract' xlink:to='loc_ProceedsFromPaymentsForSecuritiesPurchasedUnderAgreementsToResellAbstract' xlink:type='arc' />
<link:presentationArc order='10' xlink:arcrole='http://www.xbrl.org/2003/arcrole/parent-child' xlink:from='loc_AdditionalCashFlowElementsOperatingActivitiesAbstract' xlink:to='loc_AdjustmentsNoncashItemsToReconcileNetIncomeLossToCashProvidedByUsedInOperatingActivitiesAbstract' xlink:type='arc' />
<link:presentationArc order='20' xlink:arcrole='http://www.xbrl.org/2003/arcrole/parent-child' xlink:from='loc_AdditionalCashFlowElementsOperatingActivitiesAbstract' xlink:to='loc_IncreaseDecreaseInOperatingCapitalAbstract' xlink:type='arc' />
<link:presentationArc order='10' xlink:arcrole='http://www.xbrl.org/2003/arcrole/parent-child' xlink:from='loc_AdditionalCashFlowElementsSummationsAbstract' xlink:to='loc_CashPeriodIncreaseDecreaseExcludingExchangeRateEffectAbstract' xlink:type='arc' />
<link:presentationArc order='20' xlink:arcrole='http://www.xbrl.org/2003/arcrole/parent-child' xlink:from='loc_AdditionalCashFlowElementsSummationsAbstract' xlink:to='loc_EffectOfExchangeRateOnCashAbstract' xlink:type='arc' />
<link:presentationArc order='30' preferredLabel='http://www.xbrl.org/2003/role/totalLabel' xlink:arcrole='http://www.xbrl.org/2003/arcrole/parent-child' xlink:from='loc_AdditionalCashFlowElementsSummationsAbstract' xlink:to='loc_CashPeriodIncreaseDecrease' xlink:type='arc' />
<link:presentationArc order='40' xlink:arcrole='http://www.xbrl.org/2003/arcrole/parent-child' xlink:from='loc_AdditionalCashFlowElementsSummationsAbstract' xlink:to='loc_CashIncludingDiscontinuedOperationsAbstract' xlink:type='arc' />
<link:presentationArc order='10' xlink:arcrole='http://www.xbrl.org/2003/arcrole/parent-child' xlink:from='loc_AdjustmentsNoncashItemsToReconcileNetIncomeLossToCashProvidedByUsedInOperatingActivitiesAbstract' xlink:to='loc_GainLossOnSaleOfInvestmentsAbstract' xlink:type='arc' />
<link:presentationArc order='20' xlink:arcrole='http://www.xbrl.org/2003/arcrole/parent-child' xlink:from='loc_AdjustmentsNoncashItemsToReconcileNetIncomeLossToCashProvidedByUsedInOperatingActivitiesAbstract' xlink:to='loc_ForeignCurrencyTransactionGainLossBeforeTaxAbstract' xlink:type='arc' />
<link:presentationArc order='30' xlink:arcrole='http://www.xbrl.org/2003/arcrole/parent-child' xlink:from='loc_AdjustmentsNoncashItemsToReconcileNetIncomeLossToCashProvidedByUsedInOperatingActivitiesAbstract' xlink:to='loc_GainLossOnSalesOfAssetsAndAssetImpairmentCharges' xlink:type='arc' />
<link:presentationArc order='40' xlink:arcrole='http://www.xbrl.org/2003/arcrole/parent-child' xlink:from='loc_AdjustmentsNoncashItemsToReconcileNetIncomeLossToCashProvidedByUsedInOperatingActivitiesAbstract' xlink:to='loc_AmortizationOfAboveAndBelowMarketLeases' xlink:type='arc' />
<link:presentationArc order='50' xlink:arcrole='http://www.xbrl.org/2003/arcrole/parent-child' xlink:from='loc_AdjustmentsNoncashItemsToReconcileNetIncomeLossToCashProvidedByUsedInOperatingActivitiesAbstract' xlink:to='loc_DepreciationAndAmortizationDiscontinuedOperations' xlink:type='arc' />
<link:presentationArc order='60' xlink:arcrole='http://www.xbrl.org/2003/arcrole/parent-child' xlink:from='loc_AdjustmentsNoncashItemsToReconcileNetIncomeLossToCashProvidedByUsedInOperatingActivitiesAbstract' xlink:to='loc_GainLossOnDispositionOfRealEstateDiscontinuedOperations' xlink:type='arc' />
<link:presentationArc order='70' xlink:arcrole='http://www.xbrl.org/2003/arcrole/parent-child' xlink:from='loc_AdjustmentsNoncashItemsToReconcileNetIncomeLossToCashProvidedByUsedInOperatingActivitiesAbstract' xlink:to='loc_OtherAdjustmentsToIncomeDiscontinuedOperations' xlink:type='arc' />
<link:presentationArc order='10' xlink:arcrole='http://www.xbrl.org/2003/arcrole/parent-child' xlink:from='loc_CashIncludingDiscontinuedOperationsAbstract' xlink:to='loc_Cash' xlink:type='arc' />
<link:presentationArc order='20' xlink:arcrole='http://www.xbrl.org/2003/arcrole/parent-child' xlink:from='loc_CashIncludingDiscontinuedOperationsAbstract' xlink:to='loc_DisposalGroupIncludingDiscontinuedOperationCash' xlink:type='arc' />
<link:presentationArc order='30' preferredLabel='http://www.xbrl.org/2003/role/totalLabel' xlink:arcrole='http://www.xbrl.org/2003/arcrole/parent-child' xlink:from='loc_CashIncludingDiscontinuedOperationsAbstract' xlink:to='loc_CashIncludingDiscontinuedOperations' xlink:type='arc' />
<link:presentationArc order='10' xlink:arcrole='http://www.xbrl.org/2003/arcrole/parent-child' xlink:from='loc_CashPeriodIncreaseDecreaseExcludingExchangeRateEffectAbstract' xlink:to='loc_NetCashProvidedByUsedInOperatingActivities' xlink:type='arc' />
<link:presentationArc order='20' xlink:arcrole='http://www.xbrl.org/2003/arcrole/parent-child' xlink:from='loc_CashPeriodIncreaseDecreaseExcludingExchangeRateEffectAbstract' xlink:to='loc_NetCashProvidedByUsedInInvestingActivities' xlink:type='arc' />
<link:presentationArc order='30' xlink:arcrole='http://www.xbrl.org/2003/arcrole/parent-child' xlink:from='loc_CashPeriodIncreaseDecreaseExcludingExchangeRateEffectAbstract' xlink:to='loc_NetCashProvidedByUsedInFinancingActivities' xlink:type='arc' />
<link:presentationArc order='40' preferredLabel='http://www.xbrl.org/2003/role/totalLabel' xlink:arcrole='http://www.xbrl.org/2003/arcrole/parent-child' xlink:from='loc_CashPeriodIncreaseDecreaseExcludingExchangeRateEffectAbstract' xlink:to='loc_CashPeriodIncreaseDecreaseExcludingExchangeRateEffect' xlink:type='arc' />
<link:presentationArc order='10' xlink:arcrole='http://www.xbrl.org/2003/arcrole/parent-child' xlink:from='loc_EffectOfExchangeRateOnCashAbstract' xlink:to='loc_EffectOfExchangeRateOnCashContinuingOperations' xlink:type='arc' />
<link:presentationArc order='20' xlink:arcrole='http://www.xbrl.org/2003/arcrole/parent-child' xlink:from='loc_EffectOfExchangeRateOnCashAbstract' xlink:to='loc_EffectOfExchangeRateOnCashDiscontinuedOperations' xlink:type='arc' />
<link:presentationArc order='30' preferredLabel='http://www.xbrl.org/2003/role/totalLabel' xlink:arcrole='http://www.xbrl.org/2003/arcrole/parent-child' xlink:from='loc_EffectOfExchangeRateOnCashAbstract' xlink:to='loc_EffectOfExchangeRateOnCash' xlink:type='arc' />
<link:presentationArc order='10' xlink:arcrole='http://www.xbrl.org/2003/arcrole/parent-child' xlink:from='loc_ForeignCurrencyTransactionGainLossBeforeTaxAbstract' xlink:to='loc_ForeignCurrencyTransactionGainLossUnrealized' xlink:type='arc' />
<link:presentationArc order='20' xlink:arcrole='http://www.xbrl.org/2003/arcrole/parent-child' xlink:from='loc_ForeignCurrencyTransactionGainLossBeforeTaxAbstract' xlink:to='loc_ForeignCurrencyTransactionGainLossRealized' xlink:type='arc' />
<link:presentationArc order='30' preferredLabel='http://www.xbrl.org/2003/role/totalLabel' xlink:arcrole='http://www.xbrl.org/2003/arcrole/parent-child' xlink:from='loc_ForeignCurrencyTransactionGainLossBeforeTaxAbstract' xlink:to='loc_ForeignCurrencyTransactionGainLossBeforeTax' xlink:type='arc' />
<link:presentationArc order='10' xlink:arcrole='http://www.xbrl.org/2003/arcrole/parent-child' xlink:from='loc_GainLossOnSaleOfInvestmentsAbstract' xlink:to='loc_GainOnSaleOfInvestments' xlink:type='arc' />
<link:presentationArc order='20' xlink:arcrole='http://www.xbrl.org/2003/arcrole/parent-child' xlink:from='loc_GainLossOnSaleOfInvestmentsAbstract' xlink:to='loc_LossOnSaleOfInvestments' xlink:type='arc' />
<link:presentationArc order='30' preferredLabel='http://www.xbrl.org/2003/role/totalLabel' xlink:arcrole='http://www.xbrl.org/2003/arcrole/parent-child' xlink:from='loc_GainLossOnSaleOfInvestmentsAbstract' xlink:to='loc_GainLossOnSaleOfInvestments' xlink:type='arc' />
<link:presentationArc order='10' xlink:arcrole='http://www.xbrl.org/2003/arcrole/parent-child' xlink:from='loc_IncomeTaxesPaidNetAbstract' xlink:to='loc_IncomeTaxesPaid' xlink:type='arc' />
<link:presentationArc order='20' xlink:arcrole='http://www.xbrl.org/2003/arcrole/parent-child' xlink:from='loc_IncomeTaxesPaidNetAbstract' xlink:to='loc_ProceedsFromIncomeTaxRefunds' xlink:type='arc' />
<link:presentationArc order='30' preferredLabel='http://www.xbrl.org/2003/role/totalLabel' xlink:arcrole='http://www.xbrl.org/2003/arcrole/parent-child' xlink:from='loc_IncomeTaxesPaidNetAbstract' xlink:to='loc_IncomeTaxesPaidNet' xlink:type='arc' />
<link:presentationArc order='10' xlink:arcrole='http://www.xbrl.org/2003/arcrole/parent-child' xlink:from='loc_IncreaseDecreaseInOperatingAssetsAbstract' xlink:to='loc_IncreaseDecreaseInTradingSecuritiesAbstract' xlink:type='arc' />
<link:presentationArc order='20' xlink:arcrole='http://www.xbrl.org/2003/arcrole/parent-child' xlink:from='loc_IncreaseDecreaseInOperatingAssetsAbstract' xlink:to='loc_IncreaseDecreaseInAccountsReceivableAndOtherOperatingAssets' xlink:type='arc' />
<link:presentationArc order='30' xlink:arcrole='http://www.xbrl.org/2003/arcrole/parent-child' xlink:from='loc_IncreaseDecreaseInOperatingAssetsAbstract' xlink:to='loc_IncreaseDecreaseInInventoriesAndOtherOperatingAssets' xlink:type='arc' />
<link:presentationArc order='40' xlink:arcrole='http://www.xbrl.org/2003/arcrole/parent-child' xlink:from='loc_IncreaseDecreaseInOperatingAssetsAbstract' xlink:to='loc_IncreaseDecreaseInInventoryForLongTermContractsOrPrograms' xlink:type='arc' />
<link:presentationArc order='50' xlink:arcrole='http://www.xbrl.org/2003/arcrole/parent-child' xlink:from='loc_IncreaseDecreaseInOperatingAssetsAbstract' xlink:to='loc_IncreaseDecreaseInMaterialsAndSupplies' xlink:type='arc' />
<link:presentationArc order='60' xlink:arcrole='http://www.xbrl.org/2003/arcrole/parent-child' xlink:from='loc_IncreaseDecreaseInOperatingAssetsAbstract' xlink:to='loc_IncreaseDecreaseInPrepaidTaxes' xlink:type='arc' />
<link:presentationArc order='70' xlink:arcrole='http://www.xbrl.org/2003/arcrole/parent-child' xlink:from='loc_IncreaseDecreaseInOperatingAssetsAbstract' xlink:to='loc_IncreaseDecreaseInOtherCurrentAssets' xlink:type='arc' />
<link:presentationArc order='80' xlink:arcrole='http://www.xbrl.org/2003/arcrole/parent-child' xlink:from='loc_IncreaseDecreaseInOperatingAssetsAbstract' xlink:to='loc_IncreaseDecreaseInOtherNoncurrentAssets' xlink:type='arc' />
<link:presentationArc order='10' xlink:arcrole='http://www.xbrl.org/2003/arcrole/parent-child' xlink:from='loc_IncreaseDecreaseInOperatingCapitalAbstract' xlink:to='loc_IncreaseDecreaseInOperatingAssetsAbstract' xlink:type='arc' />
<link:presentationArc order='20' xlink:arcrole='http://www.xbrl.org/2003/arcrole/parent-child' xlink:from='loc_IncreaseDecreaseInOperatingCapitalAbstract' xlink:to='loc_IncreaseDecreaseInOperatingLiabilitiesAbstract' xlink:type='arc' />
<link:presentationArc order='30' xlink:arcrole='http://www.xbrl.org/2003/arcrole/parent-child' xlink:from='loc_IncreaseDecreaseInOperatingCapitalAbstract' xlink:to='loc_IncreaseDecreaseInOtherCurrentAssetsAndLiabilitiesNet' xlink:type='arc' />
<link:presentationArc order='40' xlink:arcrole='http://www.xbrl.org/2003/arcrole/parent-child' xlink:from='loc_IncreaseDecreaseInOperatingCapitalAbstract' xlink:to='loc_IncreaseDecreaseInOtherNoncurrentAssetsAndLiabilitiesNet' xlink:type='arc' />
<link:presentationArc order='10' xlink:arcrole='http://www.xbrl.org/2003/arcrole/parent-child' xlink:from='loc_IncreaseDecreaseInOperatingLiabilitiesAbstract' xlink:to='loc_IncreaseDecreaseInAccountsPayableAndOtherOperatingLiabilities' xlink:type='arc' />
<link:presentationArc order='20' xlink:arcrole='http://www.xbrl.org/2003/arcrole/parent-child' xlink:from='loc_IncreaseDecreaseInOperatingLiabilitiesAbstract' xlink:to='loc_IncreaseDecreaseInAccruedLiabilitiesAndOtherOperatingLiabilities' xlink:type='arc' />
<link:presentationArc order='30' xlink:arcrole='http://www.xbrl.org/2003/arcrole/parent-child' xlink:from='loc_IncreaseDecreaseInOperatingLiabilitiesAbstract' xlink:to='loc_IncreaseDecreaseInGiftCardLiability' xlink:type='arc' />
<link:presentationArc order='40' xlink:arcrole='http://www.xbrl.org/2003/arcrole/parent-child' xlink:from='loc_IncreaseDecreaseInOperatingLiabilitiesAbstract' xlink:to='loc_IncreaseDecreaseInIncomeTaxes' xlink:type='arc' />
<link:presentationArc order='50' xlink:arcrole='http://www.xbrl.org/2003/arcrole/parent-child' xlink:from='loc_IncreaseDecreaseInOperatingLiabilitiesAbstract' xlink:to='loc_IncreaseDecreaseInAccruedTaxesPayable' xlink:type='arc' />
<link:presentationArc order='60' xlink:arcrole='http://www.xbrl.org/2003/arcrole/parent-child' xlink:from='loc_IncreaseDecreaseInOperatingLiabilitiesAbstract' xlink:to='loc_IncreaseDecreaseInSelfInsuranceReserve' xlink:type='arc' />
<link:presentationArc order='70' xlink:arcrole='http://www.xbrl.org/2003/arcrole/parent-child' xlink:from='loc_IncreaseDecreaseInOperatingLiabilitiesAbstract' xlink:to='loc_IncreaseDecreaseInFuturePolicyBenefitReservesAndOtherInsuranceLiabilities' xlink:type='arc' />
<link:presentationArc order='80' xlink:arcrole='http://www.xbrl.org/2003/arcrole/parent-child' xlink:from='loc_IncreaseDecreaseInOperatingLiabilitiesAbstract' xlink:to='loc_IncreaseDecreaseInOptionPremiumContractsPayable' xlink:type='arc' />
<link:presentationArc order='90' xlink:arcrole='http://www.xbrl.org/2003/arcrole/parent-child' xlink:from='loc_IncreaseDecreaseInOperatingLiabilitiesAbstract' xlink:to='loc_IncreaseDecreaseInOtherCurrentLiabilities' xlink:type='arc' />
<link:presentationArc order='100' xlink:arcrole='http://www.xbrl.org/2003/arcrole/parent-child' xlink:from='loc_IncreaseDecreaseInOperatingLiabilitiesAbstract' xlink:to='loc_IncreaseDecreaseInOtherNoncurrentLiabilities' xlink:type='arc' />
<link:presentationArc order='10' xlink:arcrole='http://www.xbrl.org/2003/arcrole/parent-child' xlink:from='loc_IncreaseDecreaseInTradingSecuritiesAbstract' xlink:to='loc_ProceedsFromPaymentsForTradingSecurities' xlink:type='arc' />
<link:presentationArc order='20' xlink:arcrole='http://www.xbrl.org/2003/arcrole/parent-child' xlink:from='loc_IncreaseDecreaseInTradingSecuritiesAbstract' xlink:to='loc_NetRealizedOrUnrealizedGainLossOnTradingSecurities' xlink:type='arc' />
<link:presentationArc order='30' preferredLabel='http://www.xbrl.org/2003/role/totalLabel' xlink:arcrole='http://www.xbrl.org/2003/arcrole/parent-child' xlink:from='loc_IncreaseDecreaseInTradingSecuritiesAbstract' xlink:to='loc_IncreaseDecreaseInTradingSecurities' xlink:type='arc' />
<link:presentationArc order='10' xlink:arcrole='http://www.xbrl.org/2003/arcrole/parent-child' xlink:from='loc_InterestPaidAbstract' xlink:to='loc_InterestPaidNet' xlink:type='arc' />
<link:presentationArc order='20' xlink:arcrole='http://www.xbrl.org/2003/arcrole/parent-child' xlink:from='loc_InterestPaidAbstract' xlink:to='loc_InterestPaidCapitalized' xlink:type='arc' />
<link:presentationArc order='30' preferredLabel='http://www.xbrl.org/2003/role/totalLabel' xlink:arcrole='http://www.xbrl.org/2003/arcrole/parent-child' xlink:from='loc_InterestPaidAbstract' xlink:to='loc_InterestPaid' xlink:type='arc' />
<link:presentationArc order='10' xlink:arcrole='http://www.xbrl.org/2003/arcrole/parent-child' xlink:from='loc_NoncashInvestingAndFinancingItemsAbstract' xlink:to='loc_NoncashInvestingAndFinancingActivitiesRelatedText' xlink:type='arc' />
<link:presentationArc order='20' xlink:arcrole='http://www.xbrl.org/2003/arcrole/parent-child' xlink:from='loc_NoncashInvestingAndFinancingItemsAbstract' xlink:to='loc_FairValueOfAssetsAcquired' xlink:type='arc' />
<link:presentationArc order='30' xlink:arcrole='http://www.xbrl.org/2003/arcrole/parent-child' xlink:from='loc_NoncashInvestingAndFinancingItemsAbstract' xlink:to='loc_DebtIssuanceCostsIncurredDuringNoncashOrPartialNoncashTransaction' xlink:type='arc' />
<link:presentationArc order='40' xlink:arcrole='http://www.xbrl.org/2003/arcrole/parent-child' xlink:from='loc_NoncashInvestingAndFinancingItemsAbstract' xlink:to='loc_SettlementOfAssetRetirementObligationsThroughNoncashPayments' xlink:type='arc' />
<link:presentationArc order='50' xlink:arcrole='http://www.xbrl.org/2003/arcrole/parent-child' xlink:from='loc_NoncashInvestingAndFinancingItemsAbstract' xlink:to='loc_SettlementOfAssetRetirementObligationsThroughNoncashPaymentsAmount' xlink:type='arc' />
<link:presentationArc order='60' xlink:arcrole='http://www.xbrl.org/2003/arcrole/parent-child' xlink:from='loc_NoncashInvestingAndFinancingItemsAbstract' xlink:to='loc_CapitalLeaseObligationsIncurred' xlink:type='arc' />
<link:presentationArc order='70' xlink:arcrole='http://www.xbrl.org/2003/arcrole/parent-child' xlink:from='loc_NoncashInvestingAndFinancingItemsAbstract' xlink:to='loc_TransferOfOtherRealEstate' xlink:type='arc' />
<link:presentationArc order='80' xlink:arcrole='http://www.xbrl.org/2003/arcrole/parent-child' xlink:from='loc_NoncashInvestingAndFinancingItemsAbstract' xlink:to='loc_TransferToOtherRealEstate' xlink:type='arc' />
<link:presentationArc order='90' xlink:arcrole='http://www.xbrl.org/2003/arcrole/parent-child' xlink:from='loc_NoncashInvestingAndFinancingItemsAbstract' xlink:to='loc_TransferOfInvestments' xlink:type='arc' />
<link:presentationArc order='100' xlink:arcrole='http://www.xbrl.org/2003/arcrole/parent-child' xlink:from='loc_NoncashInvestingAndFinancingItemsAbstract' xlink:to='loc_TransferToInvestments' xlink:type='arc' />
<link:presentationArc order='110' xlink:arcrole='http://www.xbrl.org/2003/arcrole/parent-child' xlink:from='loc_NoncashInvestingAndFinancingItemsAbstract' xlink:to='loc_TransferOfPortfolioLoansAndLeasesToHeldForSale1' xlink:type='arc' />
<link:presentationArc order='120' xlink:arcrole='http://www.xbrl.org/2003/arcrole/parent-child' xlink:from='loc_NoncashInvestingAndFinancingItemsAbstract' xlink:to='loc_TransferOfLoansHeldForSaleToPortfolioLoans1' xlink:type='arc' />
<link:presentationArc order='130' xlink:arcrole='http://www.xbrl.org/2003/arcrole/parent-child' xlink:from='loc_NoncashInvestingAndFinancingItemsAbstract' xlink:to='loc_NotesReduction' xlink:type='arc' />
<link:presentationArc order='140' xlink:arcrole='http://www.xbrl.org/2003/arcrole/parent-child' xlink:from='loc_NoncashInvestingAndFinancingItemsAbstract' xlink:to='loc_NotesIssued1' xlink:type='arc' />
<link:presentationArc order='150' xlink:arcrole='http://www.xbrl.org/2003/arcrole/parent-child' xlink:from='loc_NoncashInvestingAndFinancingItemsAbstract' xlink:to='loc_StockIssued1' xlink:type='arc' />
<link:presentationArc order='160' xlink:arcrole='http://www.xbrl.org/2003/arcrole/parent-child' xlink:from='loc_NoncashInvestingAndFinancingItemsAbstract' xlink:to='loc_LiabilitiesAssumed1' xlink:type='arc' />
<link:presentationArc order='170' xlink:arcrole='http://www.xbrl.org/2003/arcrole/parent-child' xlink:from='loc_NoncashInvestingAndFinancingItemsAbstract' xlink:to='loc_LineOfCreditAssumed1' xlink:type='arc' />
<link:presentationArc order='180' xlink:arcrole='http://www.xbrl.org/2003/arcrole/parent-child' xlink:from='loc_NoncashInvestingAndFinancingItemsAbstract' xlink:to='loc_LoansAssumed1' xlink:type='arc' />
<link:presentationArc order='190' xlink:arcrole='http://www.xbrl.org/2003/arcrole/parent-child' xlink:from='loc_NoncashInvestingAndFinancingItemsAbstract' xlink:to='loc_NotesAssumed1' xlink:type='arc' />
<link:presentationArc order='200' xlink:arcrole='http://www.xbrl.org/2003/arcrole/parent-child' xlink:from='loc_NoncashInvestingAndFinancingItemsAbstract' xlink:to='loc_SupplementalDeferredPurchasePrice' xlink:type='arc' />
<link:presentationArc order='210' xlink:arcrole='http://www.xbrl.org/2003/arcrole/parent-child' xlink:from='loc_NoncashInvestingAndFinancingItemsAbstract' xlink:to='loc_EscrowDepositDisbursementsRelatedToPropertyAcquisition1' xlink:type='arc' />
<link:presentationArc order='220' xlink:arcrole='http://www.xbrl.org/2003/arcrole/parent-child' xlink:from='loc_NoncashInvestingAndFinancingItemsAbstract' xlink:to='loc_EscrowDepositsRelatedToPropertySales' xlink:type='arc' />
<link:presentationArc order='230' xlink:arcrole='http://www.xbrl.org/2003/arcrole/parent-child' xlink:from='loc_NoncashInvestingAndFinancingItemsAbstract' xlink:to='loc_MortgageLoanRelatedToPropertySales1' xlink:type='arc' />
<link:presentationArc order='240' xlink:arcrole='http://www.xbrl.org/2003/arcrole/parent-child' xlink:from='loc_NoncashInvestingAndFinancingItemsAbstract' xlink:to='loc_TransferMortgagePayable' xlink:type='arc' />
<link:presentationArc order='250' xlink:arcrole='http://www.xbrl.org/2003/arcrole/parent-child' xlink:from='loc_NoncashInvestingAndFinancingItemsAbstract' xlink:to='loc_ContributionOfProperty' xlink:type='arc' />
<link:presentationArc order='260' xlink:arcrole='http://www.xbrl.org/2003/arcrole/parent-child' xlink:from='loc_NoncashInvestingAndFinancingItemsAbstract' xlink:to='loc_CapitalExpendituresIncurredButNotYetPaid' xlink:type='arc' />
<link:presentationArc order='270' xlink:arcrole='http://www.xbrl.org/2003/arcrole/parent-child' xlink:from='loc_NoncashInvestingAndFinancingItemsAbstract' xlink:to='loc_ConstructionInProgressExpendituresIncurredButNotYetPaid' xlink:type='arc' />
<link:presentationArc order='10' xlink:arcrole='http://www.xbrl.org/2003/arcrole/parent-child' xlink:from='loc_PaymentsForProceedsFromInvestmentsAlternativeAbstract' xlink:to='loc_PaymentsForProceedsFromShortTermInvestmentsAlternativeAbstract' xlink:type='arc' />
<link:presentationArc order='20' xlink:arcrole='http://www.xbrl.org/2003/arcrole/parent-child' xlink:from='loc_PaymentsForProceedsFromInvestmentsAlternativeAbstract' xlink:to='loc_PaymentsForProceedsFromLongtermInvestmentsAbstract' xlink:type='arc' />
<link:presentationArc order='10' xlink:arcrole='http://www.xbrl.org/2003/arcrole/parent-child' xlink:from='loc_PaymentsForProceedsFromLongtermInvestmentsAbstract' xlink:to='loc_PaymentsToAcquireLongtermInvestments' xlink:type='arc' />
<link:presentationArc order='20' xlink:arcrole='http://www.xbrl.org/2003/arcrole/parent-child' xlink:from='loc_PaymentsForProceedsFromLongtermInvestmentsAbstract' xlink:to='loc_ProceedsFromSaleMaturityAndCollectionOfLongtermInvestmentsAbstract' xlink:type='arc' />
<link:presentationArc order='30' preferredLabel='http://www.xbrl.org/2003/role/totalLabel' xlink:arcrole='http://www.xbrl.org/2003/arcrole/parent-child' xlink:from='loc_PaymentsForProceedsFromLongtermInvestmentsAbstract' xlink:to='loc_PaymentsForProceedsFromLongtermInvestments' xlink:type='arc' />
<link:presentationArc order='10' xlink:arcrole='http://www.xbrl.org/2003/arcrole/parent-child' xlink:from='loc_PaymentsForProceedsFromShortTermInvestmentsAlternativeAbstract' xlink:to='loc_PaymentsToAcquireShortTermInvestments' xlink:type='arc' />
<link:presentationArc order='20' xlink:arcrole='http://www.xbrl.org/2003/arcrole/parent-child' xlink:from='loc_PaymentsForProceedsFromShortTermInvestmentsAlternativeAbstract' xlink:to='loc_ProceedsFromSaleMaturityAndCollectionOfShorttermInvestmentsAbstract' xlink:type='arc' />
<link:presentationArc order='30' preferredLabel='http://www.xbrl.org/2003/role/totalLabel' xlink:arcrole='http://www.xbrl.org/2003/arcrole/parent-child' xlink:from='loc_PaymentsForProceedsFromShortTermInvestmentsAlternativeAbstract' xlink:to='loc_PaymentsForProceedsFromShortTermInvestments' xlink:type='arc' />
<link:presentationArc order='10' xlink:arcrole='http://www.xbrl.org/2003/arcrole/parent-child' xlink:from='loc_PaymentsForInvestingActivitiesAbstract' xlink:to='loc_PaymentsToAcquireTradingSecuritiesHeldforinvestment' xlink:type='arc' />
<link:presentationArc order='20' xlink:arcrole='http://www.xbrl.org/2003/arcrole/parent-child' xlink:from='loc_PaymentsForInvestingActivitiesAbstract' xlink:to='loc_PaymentsToAcquireRealEstateAndRealEstateJointVentures' xlink:type='arc' />
<link:presentationArc order='30' xlink:arcrole='http://www.xbrl.org/2003/arcrole/parent-child' xlink:from='loc_PaymentsForInvestingActivitiesAbstract' xlink:to='loc_PaymentsToAcquireBusinessTwoNetOfCashAcquired' xlink:type='arc' />
<link:presentationArc order='40' xlink:arcrole='http://www.xbrl.org/2003/arcrole/parent-child' xlink:from='loc_PaymentsForInvestingActivitiesAbstract' xlink:to='loc_PaymentsToAcquireBusinessThreeNetOfCashAcquired' xlink:type='arc' />
<link:presentationArc order='50' xlink:arcrole='http://www.xbrl.org/2003/arcrole/parent-child' xlink:from='loc_PaymentsForInvestingActivitiesAbstract' xlink:to='loc_PaymentsToAcquireAssetsInvestingActivities' xlink:type='arc' />
<link:presentationArc order='60' xlink:arcrole='http://www.xbrl.org/2003/arcrole/parent-child' xlink:from='loc_PaymentsForInvestingActivitiesAbstract' xlink:to='loc_PaymentsForLeasingCostsCommissionsAndTenantImprovementsAbstract' xlink:type='arc' />
<link:presentationArc order='10' xlink:arcrole='http://www.xbrl.org/2003/arcrole/parent-child' xlink:from='loc_PaymentsForLeasingCostsCommissionsAndTenantImprovementsAbstract' xlink:to='loc_PaymentsForLeasingCosts' xlink:type='arc' />
<link:presentationArc order='20' xlink:arcrole='http://www.xbrl.org/2003/arcrole/parent-child' xlink:from='loc_PaymentsForLeasingCostsCommissionsAndTenantImprovementsAbstract' xlink:to='loc_PaymentsForTenantImprovements' xlink:type='arc' />
<link:presentationArc order='30' xlink:arcrole='http://www.xbrl.org/2003/arcrole/parent-child' xlink:from='loc_PaymentsForLeasingCostsCommissionsAndTenantImprovementsAbstract' xlink:to='loc_PaymentsForLeaseCommissions' xlink:type='arc' />
<link:presentationArc order='40' preferredLabel='http://www.xbrl.org/2003/role/totalLabel' xlink:arcrole='http://www.xbrl.org/2003/arcrole/parent-child' xlink:from='loc_PaymentsForLeasingCostsCommissionsAndTenantImprovementsAbstract' xlink:to='loc_PaymentsForLeasingCostsCommissionsAndTenantImprovements' xlink:type='arc' />
<link:presentationArc order='10' xlink:arcrole='http://www.xbrl.org/2003/arcrole/parent-child' xlink:from='loc_ProceedsFromPaymentsForSecuritiesPurchasedUnderAgreementsToResellAbstract' xlink:to='loc_ProceedsFromSecuritiesPurchasedUnderAgreementsToResell' xlink:type='arc' />
<link:presentationArc order='20' xlink:arcrole='http://www.xbrl.org/2003/arcrole/parent-child' xlink:from='loc_ProceedsFromPaymentsForSecuritiesPurchasedUnderAgreementsToResellAbstract' xlink:to='loc_PaymentsForSecuritiesPurchasedUnderAgreementsToResell' xlink:type='arc' />
<link:presentationArc order='30' preferredLabel='http://www.xbrl.org/2003/role/totalLabel' xlink:arcrole='http://www.xbrl.org/2003/arcrole/parent-child' xlink:from='loc_ProceedsFromPaymentsForSecuritiesPurchasedUnderAgreementsToResellAbstract' xlink:to='loc_ProceedsFromPaymentsForSecuritiesPurchasedUnderAgreementsToResell' xlink:type='arc' />
<link:presentationArc order='10' xlink:arcrole='http://www.xbrl.org/2003/arcrole/parent-child' xlink:from='loc_ProceedsFromRepaymentsOfAccountsReceivableSecuritizationAbstract' xlink:to='loc_ProceedsFromAccountsReceivableSecuritization' xlink:type='arc' />
<link:presentationArc order='20' xlink:arcrole='http://www.xbrl.org/2003/arcrole/parent-child' xlink:from='loc_ProceedsFromRepaymentsOfAccountsReceivableSecuritizationAbstract' xlink:to='loc_RepaymentsOfAccountsReceivableSecuritization' xlink:type='arc' />
<link:presentationArc order='30' preferredLabel='http://www.xbrl.org/2003/role/totalLabel' xlink:arcrole='http://www.xbrl.org/2003/arcrole/parent-child' xlink:from='loc_ProceedsFromRepaymentsOfAccountsReceivableSecuritizationAbstract' xlink:to='loc_ProceedsFromRepaymentsOfAccountsReceivableSecuritization' xlink:type='arc' />
<link:presentationArc order='10' xlink:arcrole='http://www.xbrl.org/2003/arcrole/parent-child' xlink:from='loc_ProceedsFromRepaymentsOfCommercialPaperAbstract' xlink:to='loc_ProceedsFromIssuanceOfCommercialPaper' xlink:type='arc' />
<link:presentationArc order='20' xlink:arcrole='http://www.xbrl.org/2003/arcrole/parent-child' xlink:from='loc_ProceedsFromRepaymentsOfCommercialPaperAbstract' xlink:to='loc_RepaymentsOfCommercialPaper' xlink:type='arc' />
<link:presentationArc order='30' preferredLabel='http://www.xbrl.org/2003/role/totalLabel' xlink:arcrole='http://www.xbrl.org/2003/arcrole/parent-child' xlink:from='loc_ProceedsFromRepaymentsOfCommercialPaperAbstract' xlink:to='loc_ProceedsFromRepaymentsOfCommercialPaper' xlink:type='arc' />
<link:presentationArc order='10' xlink:arcrole='http://www.xbrl.org/2003/arcrole/parent-child' xlink:from='loc_ProceedsFromRepaymentsOfDebtAbstract' xlink:to='loc_ProceedsFromRepaymentsOfCommercialPaperAbstract' xlink:type='arc' />
<link:presentationArc order='20' xlink:arcrole='http://www.xbrl.org/2003/arcrole/parent-child' xlink:from='loc_ProceedsFromRepaymentsOfDebtAbstract' xlink:to='loc_ProceedsFromRepaymentsOfAccountsReceivableSecuritizationAbstract' xlink:type='arc' />
<link:presentationArc order='30' xlink:arcrole='http://www.xbrl.org/2003/arcrole/parent-child' xlink:from='loc_ProceedsFromRepaymentsOfDebtAbstract' xlink:to='loc_IncreaseDecreaseInBookOverdrafts' xlink:type='arc' />
<link:presentationArc order='40' xlink:arcrole='http://www.xbrl.org/2003/arcrole/parent-child' xlink:from='loc_ProceedsFromRepaymentsOfDebtAbstract' xlink:to='loc_ProceedsFromIssuanceOfDebt' xlink:type='arc' />
<link:presentationArc order='50' xlink:arcrole='http://www.xbrl.org/2003/arcrole/parent-child' xlink:from='loc_ProceedsFromRepaymentsOfDebtAbstract' xlink:to='loc_RepaymentsOfLongtermLoansFromVendors' xlink:type='arc' />
<link:presentationArc order='60' xlink:arcrole='http://www.xbrl.org/2003/arcrole/parent-child' xlink:from='loc_ProceedsFromRepaymentsOfDebtAbstract' xlink:to='loc_RepaymentsOfDebt' xlink:type='arc' />
<link:presentationArc order='70' xlink:arcrole='http://www.xbrl.org/2003/arcrole/parent-child' xlink:from='loc_ProceedsFromRepaymentsOfDebtAbstract' xlink:to='loc_RepaymentsOfDebtAndCapitalLeaseObligations' xlink:type='arc' />
<link:presentationArc order='10' xlink:arcrole='http://www.xbrl.org/2003/arcrole/parent-child' xlink:from='loc_ProceedsFromRepaymentsOfDebtAlternativeAbstract' xlink:to='loc_ProceedsFromRepaymentsOfShortTermDebtMaturingInThreeMonthsOrLessAlternativeAbstract' xlink:type='arc' />
<link:presentationArc order='20' xlink:arcrole='http://www.xbrl.org/2003/arcrole/parent-child' xlink:from='loc_ProceedsFromRepaymentsOfDebtAlternativeAbstract' xlink:to='loc_ProceedsFromRepaymentsOfDebtMaturingInMoreThanThreeMonthsAbstract' xlink:type='arc' />
<link:presentationArc order='10' xlink:arcrole='http://www.xbrl.org/2003/arcrole/parent-child' xlink:from='loc_ProceedsFromRepaymentsOfDebtMaturingInMoreThanThreeMonthsAbstract' xlink:to='loc_ProceedsFromDebtMaturingInMoreThanThreeMonths' xlink:type='arc' />
<link:presentationArc order='20' xlink:arcrole='http://www.xbrl.org/2003/arcrole/parent-child' xlink:from='loc_ProceedsFromRepaymentsOfDebtMaturingInMoreThanThreeMonthsAbstract' xlink:to='loc_RepaymentsOfDebtMaturingInMoreThanThreeMonths' xlink:type='arc' />
<link:presentationArc order='30' preferredLabel='http://www.xbrl.org/2003/role/totalLabel' xlink:arcrole='http://www.xbrl.org/2003/arcrole/parent-child' xlink:from='loc_ProceedsFromRepaymentsOfDebtMaturingInMoreThanThreeMonthsAbstract' xlink:to='loc_ProceedsFromRepaymentsOfDebtMaturingInMoreThanThreeMonths' xlink:type='arc' />
<link:presentationArc order='10' xlink:arcrole='http://www.xbrl.org/2003/arcrole/parent-child' xlink:from='loc_ProceedsFromRepaymentsOfShortTermDebtMaturingInThreeMonthsOrLessAlternativeAbstract' xlink:to='loc_ProceedsFromShortTermDebtMaturingInThreeMonthsOrLess' xlink:type='arc' />
<link:presentationArc order='20' xlink:arcrole='http://www.xbrl.org/2003/arcrole/parent-child' xlink:from='loc_ProceedsFromRepaymentsOfShortTermDebtMaturingInThreeMonthsOrLessAlternativeAbstract' xlink:to='loc_RepaymentsOfShortTermDebtMaturingInThreeMonthsOrLess' xlink:type='arc' />
<link:presentationArc order='30' preferredLabel='http://www.xbrl.org/2003/role/totalLabel' xlink:arcrole='http://www.xbrl.org/2003/arcrole/parent-child' xlink:from='loc_ProceedsFromRepaymentsOfShortTermDebtMaturingInThreeMonthsOrLessAlternativeAbstract' xlink:to='loc_ProceedsFromRepaymentsOfShortTermDebtMaturingInThreeMonthsOrLess' xlink:type='arc' />
<link:presentationArc order='10' xlink:arcrole='http://www.xbrl.org/2003/arcrole/parent-child' xlink:from='loc_ProceedsFromInvestingActivitiesAbstract' xlink:to='loc_ProceedsFromSaleAndMaturityOfTradingSecuritiesHeldforinvestmentAbstract' xlink:type='arc' />
<link:presentationArc order='20' xlink:arcrole='http://www.xbrl.org/2003/arcrole/parent-child' xlink:from='loc_ProceedsFromInvestingActivitiesAbstract' xlink:to='loc_ProceedsFromSaleAndCollectionOfFinanceReceivablesAbstract' xlink:type='arc' />
<link:presentationArc order='30' xlink:arcrole='http://www.xbrl.org/2003/arcrole/parent-child' xlink:from='loc_ProceedsFromInvestingActivitiesAbstract' xlink:to='loc_ProceedsFromSalesOfAssetsInvestingActivities' xlink:type='arc' />
<link:presentationArc order='40' xlink:arcrole='http://www.xbrl.org/2003/arcrole/parent-child' xlink:from='loc_ProceedsFromInvestingActivitiesAbstract' xlink:to='loc_ProceedsFromSalesOfBusinessAffiliateAndProductiveAssets' xlink:type='arc' />
<link:presentationArc order='50' xlink:arcrole='http://www.xbrl.org/2003/arcrole/parent-child' xlink:from='loc_ProceedsFromInvestingActivitiesAbstract' xlink:to='loc_ProceedsFromRealEstateAndRealEstateJointVentures' xlink:type='arc' />
<link:presentationArc order='10' xlink:arcrole='http://www.xbrl.org/2003/arcrole/parent-child' xlink:from='loc_ProceedsFromSaleAndCollectionOfFinanceReceivablesAbstract' xlink:to='loc_ProceedsFromSaleOfFinanceReceivables' xlink:type='arc' />
<link:presentationArc order='20' xlink:arcrole='http://www.xbrl.org/2003/arcrole/parent-child' xlink:from='loc_ProceedsFromSaleAndCollectionOfFinanceReceivablesAbstract' xlink:to='loc_ProceedsFromCollectionOfFinanceReceivables' xlink:type='arc' />
<link:presentationArc order='30' preferredLabel='http://www.xbrl.org/2003/role/totalLabel' xlink:arcrole='http://www.xbrl.org/2003/arcrole/parent-child' xlink:from='loc_ProceedsFromSaleAndCollectionOfFinanceReceivablesAbstract' xlink:to='loc_ProceedsFromSaleAndCollectionOfFinanceReceivables' xlink:type='arc' />
<link:presentationArc order='10' xlink:arcrole='http://www.xbrl.org/2003/arcrole/parent-child' xlink:from='loc_ProceedsFromSaleAndMaturityOfTradingSecuritiesHeldforinvestmentAbstract' xlink:to='loc_ProceedsFromSaleOfTradingSecuritiesHeldforinvestment' xlink:type='arc' />
<link:presentationArc order='20' xlink:arcrole='http://www.xbrl.org/2003/arcrole/parent-child' xlink:from='loc_ProceedsFromSaleAndMaturityOfTradingSecuritiesHeldforinvestmentAbstract' xlink:to='loc_ProceedsFromMaturitiesRepaymentsAndCallsOfTradingSecuritiesHeldforinvestment' xlink:type='arc' />
<link:presentationArc order='30' preferredLabel='http://www.xbrl.org/2003/role/totalLabel' xlink:arcrole='http://www.xbrl.org/2003/arcrole/parent-child' xlink:from='loc_ProceedsFromSaleAndMaturityOfTradingSecuritiesHeldforinvestmentAbstract' xlink:to='loc_ProceedsFromSaleAndMaturityOfTradingSecuritiesHeldforinvestment' xlink:type='arc' />
<link:presentationArc order='10' xlink:arcrole='http://www.xbrl.org/2003/arcrole/parent-child' xlink:from='loc_ProceedsFromSaleMaturityAndCollectionOfLongtermInvestmentsAbstract' xlink:to='loc_ProceedsFromSaleOfLongtermInvestments' xlink:type='arc' />
<link:presentationArc order='20' xlink:arcrole='http://www.xbrl.org/2003/arcrole/parent-child' xlink:from='loc_ProceedsFromSaleMaturityAndCollectionOfLongtermInvestmentsAbstract' xlink:to='loc_ProceedsFromMaturitiesPrepaymentsAndCallsOfLongtermInvestments' xlink:type='arc' />
<link:presentationArc order='30' preferredLabel='http://www.xbrl.org/2003/role/totalLabel' xlink:arcrole='http://www.xbrl.org/2003/arcrole/parent-child' xlink:from='loc_ProceedsFromSaleMaturityAndCollectionOfLongtermInvestmentsAbstract' xlink:to='loc_ProceedsFromSaleMaturityAndCollectionOfLongtermInvestments' xlink:type='arc' />
<link:presentationArc order='10' xlink:arcrole='http://www.xbrl.org/2003/arcrole/parent-child' xlink:from='loc_ProceedsFromSaleMaturityAndCollectionOfShorttermInvestmentsAbstract' xlink:to='loc_ProceedsFromSaleOfShortTermInvestments' xlink:type='arc' />
<link:presentationArc order='20' xlink:arcrole='http://www.xbrl.org/2003/arcrole/parent-child' xlink:from='loc_ProceedsFromSaleMaturityAndCollectionOfShorttermInvestmentsAbstract' xlink:to='loc_ProceedsFromMaturitiesPrepaymentsAndCallsOfShorttermInvestments' xlink:type='arc' />
<link:presentationArc order='30' preferredLabel='http://www.xbrl.org/2003/role/totalLabel' xlink:arcrole='http://www.xbrl.org/2003/arcrole/parent-child' xlink:from='loc_ProceedsFromSaleMaturityAndCollectionOfShorttermInvestmentsAbstract' xlink:to='loc_ProceedsFromSaleMaturityAndCollectionOfShorttermInvestments' xlink:type='arc' />
<link:presentationArc order='10' xlink:arcrole='http://www.xbrl.org/2003/arcrole/parent-child' xlink:from='loc_SupplementalCashFlowInformationAbstract' xlink:to='loc_SupplementalCashFlowInformationRelatedText' xlink:type='arc' />
<link:presentationArc order='20' xlink:arcrole='http://www.xbrl.org/2003/arcrole/parent-child' xlink:from='loc_SupplementalCashFlowInformationAbstract' xlink:to='loc_InterestPaidAbstract' xlink:type='arc' />
<link:presentationArc order='30' xlink:arcrole='http://www.xbrl.org/2003/arcrole/parent-child' xlink:from='loc_SupplementalCashFlowInformationAbstract' xlink:to='loc_IncomeTaxesPaidNetAbstract' xlink:type='arc' />
<link:presentationArc order='40' xlink:arcrole='http://www.xbrl.org/2003/arcrole/parent-child' xlink:from='loc_SupplementalCashFlowInformationAbstract' xlink:to='loc_IncomeTaxRefundsDiscontinuedOperations' xlink:type='arc' />
<link:presentationArc order='50' xlink:arcrole='http://www.xbrl.org/2003/arcrole/parent-child' xlink:from='loc_SupplementalCashFlowInformationAbstract' xlink:to='loc_InterestPaidDiscontinuedOperations' xlink:type='arc' />
<link:presentationArc order='60' xlink:arcrole='http://www.xbrl.org/2003/arcrole/parent-child' xlink:from='loc_SupplementalCashFlowInformationAbstract' xlink:to='loc_ProceedsFromStockOptionsExercised' xlink:type='arc' />
</link:presentationLink>
</link:linkbase>
