<?xml version="1.0" encoding="UTF-8" standalone="no"?>

<!--Copyright (C) 2007-2009 XBRL US, Inc. All Rights Reserved.
Notice: Authorized Uses are Set Forth at http://xbrl.us/legal2009
  -->
<link:linkbase xmlns:link='http://www.xbrl.org/2003/linkbase' xmlns:xlink='http://www.w3.org/1999/xlink' xmlns:xsi='http://www.w3.org/2001/XMLSchema-instance' xsi:schemaLocation='http://www.xbrl.org/2003/linkbase http://www.xbrl.org/2003/xbrl-linkbase-2003-12-31.xsd'>
<link:roleRef roleURI='http://xbrl.us/us-gaap/role/disclosure/CashAndCashEquivalents' xlink:href='../elts/us-roles-2009-01-31.xsd#cce' xlink:type='simple' />
<presentationLink xlink:role='http://xbrl.us/us-gaap/role/disclosure/CashAndCashEquivalents' xlink:type='extended' xmlns='http://www.xbrl.org/2003/linkbase'>
<link:loc xlink:href='../elts/us-gaap-2009-01-31.xsd#us-gaap_CashAndCashEquivalentsDisclosureTextBlock' xlink:label='loc_CashAndCashEquivalentsDisclosureTextBlock' xlink:type='locator' />
<link:loc xlink:href='../elts/us-gaap-2009-01-31.xsd#us-gaap_CashAndCashEquivalentsAtCarryingValueAbstract' xlink:label='loc_CashAndCashEquivalentsAtCarryingValueAbstract' xlink:type='locator' />
<link:loc xlink:href='../elts/us-gaap-2009-01-31.xsd#us-gaap_CashAndDueFromBanksAbstract' xlink:label='loc_CashAndDueFromBanksAbstract' xlink:type='locator' />
<link:loc xlink:href='../elts/us-gaap-2009-01-31.xsd#us-gaap_Cash' xlink:label='loc_Cash' xlink:type='locator' />
<link:loc xlink:href='../elts/us-gaap-2009-01-31.xsd#us-gaap_DueFromBanks' xlink:label='loc_DueFromBanks' xlink:type='locator' />
<link:loc xlink:href='../elts/us-gaap-2009-01-31.xsd#us-gaap_CashAndDueFromBanks' xlink:label='loc_CashAndDueFromBanks' xlink:type='locator' />
<link:loc xlink:href='../elts/us-gaap-2009-01-31.xsd#us-gaap_InterestBearingDepositsInBanks' xlink:label='loc_InterestBearingDepositsInBanks' xlink:type='locator' />
<link:loc xlink:href='../elts/us-gaap-2009-01-31.xsd#us-gaap_CashEquivalentsAtCarryingValueAbstract' xlink:label='loc_CashEquivalentsAtCarryingValueAbstract' xlink:type='locator' />
<link:loc xlink:href='../elts/us-gaap-2009-01-31.xsd#us-gaap_AssetBackedSecuritiesAtCarryingValue' xlink:label='loc_AssetBackedSecuritiesAtCarryingValue' xlink:type='locator' />
<link:loc xlink:href='../elts/us-gaap-2009-01-31.xsd#us-gaap_CertificatesOfDepositAtCarryingValue' xlink:label='loc_CertificatesOfDepositAtCarryingValue' xlink:type='locator' />
<link:loc xlink:href='../elts/us-gaap-2009-01-31.xsd#us-gaap_CommercialPaperAtCarryingValue' xlink:label='loc_CommercialPaperAtCarryingValue' xlink:type='locator' />
<link:loc xlink:href='../elts/us-gaap-2009-01-31.xsd#us-gaap_CreditAndDebitCardReceivablesAtCarryingValue' xlink:label='loc_CreditAndDebitCardReceivablesAtCarryingValue' xlink:type='locator' />
<link:loc xlink:href='../elts/us-gaap-2009-01-31.xsd#us-gaap_MoneyMarketFundsAtCarryingValue' xlink:label='loc_MoneyMarketFundsAtCarryingValue' xlink:type='locator' />
<link:loc xlink:href='../elts/us-gaap-2009-01-31.xsd#us-gaap_MunicipalDebtSecuritiesAtCarryingValue' xlink:label='loc_MunicipalDebtSecuritiesAtCarryingValue' xlink:type='locator' />
<link:loc xlink:href='../elts/us-gaap-2009-01-31.xsd#us-gaap_TimeDepositsAtCarryingValue' xlink:label='loc_TimeDepositsAtCarryingValue' xlink:type='locator' />
<link:loc xlink:href='../elts/us-gaap-2009-01-31.xsd#us-gaap_USGovernmentSecuritiesAtCarryingValue' xlink:label='loc_USGovernmentSecuritiesAtCarryingValue' xlink:type='locator' />
<link:loc xlink:href='../elts/us-gaap-2009-01-31.xsd#us-gaap_USGovernmentAgenciesSecuritiesAtCarryingValue' xlink:label='loc_USGovernmentAgenciesSecuritiesAtCarryingValue' xlink:type='locator' />
<link:loc xlink:href='../elts/us-gaap-2009-01-31.xsd#us-gaap_OtherCashEquivalentsAtCarryingValue' xlink:label='loc_OtherCashEquivalentsAtCarryingValue' xlink:type='locator' />
<link:loc xlink:href='../elts/us-gaap-2009-01-31.xsd#us-gaap_CashEquivalentsAtCarryingValue' xlink:label='loc_CashEquivalentsAtCarryingValue' xlink:type='locator' />
<link:loc xlink:href='../elts/us-gaap-2009-01-31.xsd#us-gaap_CashAndCashEquivalentsAtCarryingValue' xlink:label='loc_CashAndCashEquivalentsAtCarryingValue' xlink:type='locator' />
<link:loc xlink:href='../elts/us-gaap-2009-01-31.xsd#us-gaap_AdditionalCashAndCashEquivalentRelatedText' xlink:label='loc_AdditionalCashAndCashEquivalentRelatedText' xlink:type='locator' />
<link:loc xlink:href='../elts/us-gaap-2009-01-31.xsd#us-gaap_ScheduleOfRestrictedCashAndCashEquivalentsTextBlock' xlink:label='loc_ScheduleOfRestrictedCashAndCashEquivalentsTextBlock' xlink:type='locator' />
<link:loc xlink:href='../elts/us-gaap-2009-01-31.xsd#us-gaap_ScheduleOfRestrictedCashAndCashEquivalentsTable' xlink:label='loc_ScheduleOfRestrictedCashAndCashEquivalentsTable' xlink:type='locator' />
<link:loc xlink:href='../elts/us-gaap-2009-01-31.xsd#us-gaap_RestrictedCashAndCashEquivalentsCashAndCashEquivalentsAxis' xlink:label='loc_RestrictedCashAndCashEquivalentsCashAndCashEquivalentsAxis' xlink:type='locator' />
<link:loc xlink:href='../elts/us-gaap-2009-01-31.xsd#us-gaap_CashAndCashEquivalentsDomain' xlink:label='loc_CashAndCashEquivalentsDomain' xlink:type='locator' />
<link:loc xlink:href='../elts/us-gaap-2009-01-31.xsd#us-gaap_CashMember' xlink:label='loc_CashMember' xlink:type='locator' />
<link:loc xlink:href='../elts/us-gaap-2009-01-31.xsd#us-gaap_DemandDepositsMember' xlink:label='loc_DemandDepositsMember' xlink:type='locator' />
<link:loc xlink:href='../elts/us-gaap-2009-01-31.xsd#us-gaap_CashEquivalentsMember' xlink:label='loc_CashEquivalentsMember' xlink:type='locator' />
<link:loc xlink:href='../elts/us-gaap-2009-01-31.xsd#us-gaap_BankTimeDepositsMember' xlink:label='loc_BankTimeDepositsMember' xlink:type='locator' />
<link:loc xlink:href='../elts/us-gaap-2009-01-31.xsd#us-gaap_CertificatesOfDepositMember' xlink:label='loc_CertificatesOfDepositMember' xlink:type='locator' />
<link:loc xlink:href='../elts/us-gaap-2009-01-31.xsd#us-gaap_CommercialPaperMember' xlink:label='loc_CommercialPaperMember' xlink:type='locator' />
<link:loc xlink:href='../elts/us-gaap-2009-01-31.xsd#us-gaap_InterestBearingDepositsMember' xlink:label='loc_InterestBearingDepositsMember' xlink:type='locator' />
<link:loc xlink:href='../elts/us-gaap-2009-01-31.xsd#us-gaap_MoneyMarketFundsMember' xlink:label='loc_MoneyMarketFundsMember' xlink:type='locator' />
<link:loc xlink:href='../elts/us-gaap-2009-01-31.xsd#us-gaap_USStatesAndPoliticalSubdivisionsMember' xlink:label='loc_USStatesAndPoliticalSubdivisionsMember' xlink:type='locator' />
<link:loc xlink:href='../elts/us-gaap-2009-01-31.xsd#us-gaap_USGovernmentCorporationsAndAgenciesSecuritiesMember' xlink:label='loc_USGovernmentCorporationsAndAgenciesSecuritiesMember' xlink:type='locator' />
<link:loc xlink:href='../elts/us-gaap-2009-01-31.xsd#us-gaap_USTreasurySecuritiesMember' xlink:label='loc_USTreasurySecuritiesMember' xlink:type='locator' />
<link:loc xlink:href='../elts/us-gaap-2009-01-31.xsd#us-gaap_RestrictedCashAndCashEquivalentsItemsLineItems' xlink:label='loc_RestrictedCashAndCashEquivalentsItemsLineItems' xlink:type='locator' />
<link:loc xlink:href='../elts/us-gaap-2009-01-31.xsd#us-gaap_RestrictedCashAndCashEquivalentItemDescription' xlink:label='loc_RestrictedCashAndCashEquivalentItemDescription' xlink:type='locator' />
<link:loc xlink:href='../elts/us-gaap-2009-01-31.xsd#us-gaap_RestrictedCashAndCashEquivalentsAtCarryingValue' xlink:label='loc_RestrictedCashAndCashEquivalentsAtCarryingValue' xlink:type='locator' />
<link:loc xlink:href='../elts/us-gaap-2009-01-31.xsd#us-gaap_RestrictedCashAndCashEquivalentsNoncurrent' xlink:label='loc_RestrictedCashAndCashEquivalentsNoncurrent' xlink:type='locator' />
<link:loc xlink:href='../elts/us-gaap-2009-01-31.xsd#us-gaap_RestrictedCashAndCashEquivalents' xlink:label='loc_RestrictedCashAndCashEquivalents' xlink:type='locator' />
<link:loc xlink:href='../elts/us-gaap-2009-01-31.xsd#us-gaap_RestrictedCashAndCashEquivalentItemPurpose' xlink:label='loc_RestrictedCashAndCashEquivalentItemPurpose' xlink:type='locator' />
<link:loc xlink:href='../elts/us-gaap-2009-01-31.xsd#us-gaap_RestrictedCashAndCashEquivalentItemAgreement' xlink:label='loc_RestrictedCashAndCashEquivalentItemAgreement' xlink:type='locator' />
<link:loc xlink:href='../elts/us-gaap-2009-01-31.xsd#us-gaap_ScheduleOfCompensatingBalancesTextBlock' xlink:label='loc_ScheduleOfCompensatingBalancesTextBlock' xlink:type='locator' />
<link:loc xlink:href='../elts/us-gaap-2009-01-31.xsd#us-gaap_ScheduleOfCompensatingBalancesTable' xlink:label='loc_ScheduleOfCompensatingBalancesTable' xlink:type='locator' />
<link:loc xlink:href='../elts/us-gaap-2009-01-31.xsd#us-gaap_CompensatingBalancesCashAndCashEquivalentsAxis' xlink:label='loc_CompensatingBalancesCashAndCashEquivalentsAxis' xlink:type='locator' />
<link:loc xlink:href='../elts/us-gaap-2009-01-31.xsd#us-gaap_CompensatingBalancesLineItems' xlink:label='loc_CompensatingBalancesLineItems' xlink:type='locator' />
<link:loc xlink:href='../elts/us-gaap-2009-01-31.xsd#us-gaap_CompensatingBalanceDescription' xlink:label='loc_CompensatingBalanceDescription' xlink:type='locator' />
<link:loc xlink:href='../elts/us-gaap-2009-01-31.xsd#us-gaap_CompensatingBalanceAmount' xlink:label='loc_CompensatingBalanceAmount' xlink:type='locator' />
<link:loc xlink:href='../elts/us-gaap-2009-01-31.xsd#us-gaap_CompensatingBalancePurpose' xlink:label='loc_CompensatingBalancePurpose' xlink:type='locator' />
<link:loc xlink:href='../elts/us-gaap-2009-01-31.xsd#us-gaap_CompensatingBalanceAgreement' xlink:label='loc_CompensatingBalanceAgreement' xlink:type='locator' />
<link:loc xlink:href='../elts/us-gaap-2009-01-31.xsd#us-gaap_CashInsuredAndUninsuredAbstract' xlink:label='loc_CashInsuredAndUninsuredAbstract' xlink:type='locator' />
<link:loc xlink:href='../elts/us-gaap-2009-01-31.xsd#us-gaap_CashFDICInsuredAmount' xlink:label='loc_CashFDICInsuredAmount' xlink:type='locator' />
<link:loc xlink:href='../elts/us-gaap-2009-01-31.xsd#us-gaap_CashUninsuredAmount' xlink:label='loc_CashUninsuredAmount' xlink:type='locator' />
<link:loc xlink:href='../elts/us-gaap-2009-01-31.xsd#us-gaap_CashUninsuredAmountCommentary' xlink:label='loc_CashUninsuredAmountCommentary' xlink:type='locator' />
<presentationArc order='10' use='optional' xlink:arcrole='http://www.xbrl.org/2003/arcrole/parent-child' xlink:from='loc_CashAndCashEquivalentsDisclosureTextBlock' xlink:to='loc_CashAndCashEquivalentsAtCarryingValueAbstract' xlink:type='arc' />
<presentationArc order='10' xlink:arcrole='http://www.xbrl.org/2003/arcrole/parent-child' xlink:from='loc_CashAndCashEquivalentsAtCarryingValueAbstract' xlink:to='loc_CashAndDueFromBanksAbstract' xlink:type='arc' />
<presentationArc order='10' xlink:arcrole='http://www.xbrl.org/2003/arcrole/parent-child' xlink:from='loc_CashAndDueFromBanksAbstract' xlink:to='loc_Cash' xlink:type='arc' />
<presentationArc order='20' xlink:arcrole='http://www.xbrl.org/2003/arcrole/parent-child' xlink:from='loc_CashAndDueFromBanksAbstract' xlink:to='loc_DueFromBanks' xlink:type='arc' />
<presentationArc order='30' preferredLabel='http://www.xbrl.org/2003/role/totalLabel' xlink:arcrole='http://www.xbrl.org/2003/arcrole/parent-child' xlink:from='loc_CashAndDueFromBanksAbstract' xlink:to='loc_CashAndDueFromBanks' xlink:type='arc' />
<presentationArc order='20' xlink:arcrole='http://www.xbrl.org/2003/arcrole/parent-child' xlink:from='loc_CashAndCashEquivalentsAtCarryingValueAbstract' xlink:to='loc_InterestBearingDepositsInBanks' xlink:type='arc' />
<presentationArc order='30' xlink:arcrole='http://www.xbrl.org/2003/arcrole/parent-child' xlink:from='loc_CashAndCashEquivalentsAtCarryingValueAbstract' xlink:to='loc_CashEquivalentsAtCarryingValueAbstract' xlink:type='arc' />
<presentationArc order='10' xlink:arcrole='http://www.xbrl.org/2003/arcrole/parent-child' xlink:from='loc_CashEquivalentsAtCarryingValueAbstract' xlink:to='loc_AssetBackedSecuritiesAtCarryingValue' xlink:type='arc' />
<presentationArc order='20' xlink:arcrole='http://www.xbrl.org/2003/arcrole/parent-child' xlink:from='loc_CashEquivalentsAtCarryingValueAbstract' xlink:to='loc_CertificatesOfDepositAtCarryingValue' xlink:type='arc' />
<presentationArc order='30' xlink:arcrole='http://www.xbrl.org/2003/arcrole/parent-child' xlink:from='loc_CashEquivalentsAtCarryingValueAbstract' xlink:to='loc_CommercialPaperAtCarryingValue' xlink:type='arc' />
<presentationArc order='40' xlink:arcrole='http://www.xbrl.org/2003/arcrole/parent-child' xlink:from='loc_CashEquivalentsAtCarryingValueAbstract' xlink:to='loc_CreditAndDebitCardReceivablesAtCarryingValue' xlink:type='arc' />
<presentationArc order='50' xlink:arcrole='http://www.xbrl.org/2003/arcrole/parent-child' xlink:from='loc_CashEquivalentsAtCarryingValueAbstract' xlink:to='loc_MoneyMarketFundsAtCarryingValue' xlink:type='arc' />
<presentationArc order='60' xlink:arcrole='http://www.xbrl.org/2003/arcrole/parent-child' xlink:from='loc_CashEquivalentsAtCarryingValueAbstract' xlink:to='loc_MunicipalDebtSecuritiesAtCarryingValue' xlink:type='arc' />
<presentationArc order='70' xlink:arcrole='http://www.xbrl.org/2003/arcrole/parent-child' xlink:from='loc_CashEquivalentsAtCarryingValueAbstract' xlink:to='loc_TimeDepositsAtCarryingValue' xlink:type='arc' />
<presentationArc order='80' xlink:arcrole='http://www.xbrl.org/2003/arcrole/parent-child' xlink:from='loc_CashEquivalentsAtCarryingValueAbstract' xlink:to='loc_USGovernmentSecuritiesAtCarryingValue' xlink:type='arc' />
<presentationArc order='90' xlink:arcrole='http://www.xbrl.org/2003/arcrole/parent-child' xlink:from='loc_CashEquivalentsAtCarryingValueAbstract' xlink:to='loc_USGovernmentAgenciesSecuritiesAtCarryingValue' xlink:type='arc' />
<presentationArc order='100' xlink:arcrole='http://www.xbrl.org/2003/arcrole/parent-child' xlink:from='loc_CashEquivalentsAtCarryingValueAbstract' xlink:to='loc_OtherCashEquivalentsAtCarryingValue' xlink:type='arc' />
<presentationArc order='110' preferredLabel='http://www.xbrl.org/2003/role/totalLabel' xlink:arcrole='http://www.xbrl.org/2003/arcrole/parent-child' xlink:from='loc_CashEquivalentsAtCarryingValueAbstract' xlink:to='loc_CashEquivalentsAtCarryingValue' xlink:type='arc' />
<presentationArc order='40' preferredLabel='http://www.xbrl.org/2003/role/totalLabel' xlink:arcrole='http://www.xbrl.org/2003/arcrole/parent-child' xlink:from='loc_CashAndCashEquivalentsAtCarryingValueAbstract' xlink:to='loc_CashAndCashEquivalentsAtCarryingValue' xlink:type='arc' />
<presentationArc order='20' xlink:arcrole='http://www.xbrl.org/2003/arcrole/parent-child' xlink:from='loc_CashAndCashEquivalentsDisclosureTextBlock' xlink:to='loc_AdditionalCashAndCashEquivalentRelatedText' xlink:type='arc' />
<presentationArc order='30' use='optional' xlink:arcrole='http://www.xbrl.org/2003/arcrole/parent-child' xlink:from='loc_CashAndCashEquivalentsDisclosureTextBlock' xlink:to='loc_ScheduleOfRestrictedCashAndCashEquivalentsTextBlock' xlink:type='arc' />
<presentationArc order='10' use='optional' xlink:arcrole='http://www.xbrl.org/2003/arcrole/parent-child' xlink:from='loc_ScheduleOfRestrictedCashAndCashEquivalentsTextBlock' xlink:to='loc_ScheduleOfRestrictedCashAndCashEquivalentsTable' xlink:type='arc' />
<presentationArc order='10' use='optional' xlink:arcrole='http://www.xbrl.org/2003/arcrole/parent-child' xlink:from='loc_ScheduleOfRestrictedCashAndCashEquivalentsTable' xlink:to='loc_RestrictedCashAndCashEquivalentsCashAndCashEquivalentsAxis' xlink:type='arc' />
<presentationArc order='10' xlink:arcrole='http://www.xbrl.org/2003/arcrole/parent-child' xlink:from='loc_RestrictedCashAndCashEquivalentsCashAndCashEquivalentsAxis' xlink:to='loc_CashAndCashEquivalentsDomain' xlink:type='arc' />
<presentationArc order='10' use='optional' xlink:arcrole='http://www.xbrl.org/2003/arcrole/parent-child' xlink:from='loc_CashAndCashEquivalentsDomain' xlink:to='loc_CashMember' xlink:type='arc' />
<presentationArc order='10' use='optional' xlink:arcrole='http://www.xbrl.org/2003/arcrole/parent-child' xlink:from='loc_CashMember' xlink:to='loc_DemandDepositsMember' xlink:type='arc' />
<presentationArc order='20' use='optional' xlink:arcrole='http://www.xbrl.org/2003/arcrole/parent-child' xlink:from='loc_CashAndCashEquivalentsDomain' xlink:to='loc_CashEquivalentsMember' xlink:type='arc' />
<presentationArc order='10' xlink:arcrole='http://www.xbrl.org/2003/arcrole/parent-child' xlink:from='loc_CashEquivalentsMember' xlink:to='loc_BankTimeDepositsMember' xlink:type='arc' />
<presentationArc order='10' xlink:arcrole='http://www.xbrl.org/2003/arcrole/parent-child' xlink:from='loc_BankTimeDepositsMember' xlink:to='loc_CertificatesOfDepositMember' xlink:type='arc' />
<presentationArc order='20' xlink:arcrole='http://www.xbrl.org/2003/arcrole/parent-child' xlink:from='loc_CashEquivalentsMember' xlink:to='loc_CommercialPaperMember' xlink:type='arc' />
<presentationArc order='30' xlink:arcrole='http://www.xbrl.org/2003/arcrole/parent-child' xlink:from='loc_CashEquivalentsMember' xlink:to='loc_InterestBearingDepositsMember' xlink:type='arc' />
<presentationArc order='40' xlink:arcrole='http://www.xbrl.org/2003/arcrole/parent-child' xlink:from='loc_CashEquivalentsMember' xlink:to='loc_MoneyMarketFundsMember' xlink:type='arc' />
<presentationArc order='50' xlink:arcrole='http://www.xbrl.org/2003/arcrole/parent-child' xlink:from='loc_CashEquivalentsMember' xlink:to='loc_USStatesAndPoliticalSubdivisionsMember' xlink:type='arc' />
<presentationArc order='60' xlink:arcrole='http://www.xbrl.org/2003/arcrole/parent-child' xlink:from='loc_CashEquivalentsMember' xlink:to='loc_USGovernmentCorporationsAndAgenciesSecuritiesMember' xlink:type='arc' />
<presentationArc order='70' xlink:arcrole='http://www.xbrl.org/2003/arcrole/parent-child' xlink:from='loc_CashEquivalentsMember' xlink:to='loc_USTreasurySecuritiesMember' xlink:type='arc' />
<presentationArc order='20' use='optional' xlink:arcrole='http://www.xbrl.org/2003/arcrole/parent-child' xlink:from='loc_ScheduleOfRestrictedCashAndCashEquivalentsTable' xlink:to='loc_RestrictedCashAndCashEquivalentsItemsLineItems' xlink:type='arc' />
<presentationArc order='10' use='optional' xlink:arcrole='http://www.xbrl.org/2003/arcrole/parent-child' xlink:from='loc_RestrictedCashAndCashEquivalentsItemsLineItems' xlink:to='loc_RestrictedCashAndCashEquivalentItemDescription' xlink:type='arc' />
<presentationArc order='20' xlink:arcrole='http://www.xbrl.org/2003/arcrole/parent-child' xlink:from='loc_RestrictedCashAndCashEquivalentsItemsLineItems' xlink:to='loc_RestrictedCashAndCashEquivalentsAtCarryingValue' xlink:type='arc' />
<presentationArc order='30' xlink:arcrole='http://www.xbrl.org/2003/arcrole/parent-child' xlink:from='loc_RestrictedCashAndCashEquivalentsItemsLineItems' xlink:to='loc_RestrictedCashAndCashEquivalentsNoncurrent' xlink:type='arc' />
<presentationArc order='40' xlink:arcrole='http://www.xbrl.org/2003/arcrole/parent-child' xlink:from='loc_RestrictedCashAndCashEquivalentsItemsLineItems' xlink:to='loc_RestrictedCashAndCashEquivalents' xlink:type='arc' />
<presentationArc order='50' xlink:arcrole='http://www.xbrl.org/2003/arcrole/parent-child' xlink:from='loc_RestrictedCashAndCashEquivalentsItemsLineItems' xlink:to='loc_RestrictedCashAndCashEquivalentItemPurpose' xlink:type='arc' />
<presentationArc order='60' xlink:arcrole='http://www.xbrl.org/2003/arcrole/parent-child' xlink:from='loc_RestrictedCashAndCashEquivalentsItemsLineItems' xlink:to='loc_RestrictedCashAndCashEquivalentItemAgreement' xlink:type='arc' />
<presentationArc order='40' use='optional' xlink:arcrole='http://www.xbrl.org/2003/arcrole/parent-child' xlink:from='loc_CashAndCashEquivalentsDisclosureTextBlock' xlink:to='loc_ScheduleOfCompensatingBalancesTextBlock' xlink:type='arc' />
<presentationArc order='10' use='optional' xlink:arcrole='http://www.xbrl.org/2003/arcrole/parent-child' xlink:from='loc_ScheduleOfCompensatingBalancesTextBlock' xlink:to='loc_ScheduleOfCompensatingBalancesTable' xlink:type='arc' />
<presentationArc order='10' use='optional' xlink:arcrole='http://www.xbrl.org/2003/arcrole/parent-child' xlink:from='loc_ScheduleOfCompensatingBalancesTable' xlink:to='loc_CompensatingBalancesCashAndCashEquivalentsAxis' xlink:type='arc' />
<presentationArc order='10' xlink:arcrole='http://www.xbrl.org/2003/arcrole/parent-child' xlink:from='loc_CompensatingBalancesCashAndCashEquivalentsAxis' xlink:to='loc_CashAndCashEquivalentsDomain' xlink:type='arc' />
<presentationArc order='20' use='optional' xlink:arcrole='http://www.xbrl.org/2003/arcrole/parent-child' xlink:from='loc_ScheduleOfCompensatingBalancesTable' xlink:to='loc_CompensatingBalancesLineItems' xlink:type='arc' />
<presentationArc order='10' use='optional' xlink:arcrole='http://www.xbrl.org/2003/arcrole/parent-child' xlink:from='loc_CompensatingBalancesLineItems' xlink:to='loc_CompensatingBalanceDescription' xlink:type='arc' />
<presentationArc order='20' use='optional' xlink:arcrole='http://www.xbrl.org/2003/arcrole/parent-child' xlink:from='loc_CompensatingBalancesLineItems' xlink:to='loc_CompensatingBalanceAmount' xlink:type='arc' />
<presentationArc order='30' use='optional' xlink:arcrole='http://www.xbrl.org/2003/arcrole/parent-child' xlink:from='loc_CompensatingBalancesLineItems' xlink:to='loc_CompensatingBalancePurpose' xlink:type='arc' />
<presentationArc order='40' use='optional' xlink:arcrole='http://www.xbrl.org/2003/arcrole/parent-child' xlink:from='loc_CompensatingBalancesLineItems' xlink:to='loc_CompensatingBalanceAgreement' xlink:type='arc' />
<presentationArc order='50' xlink:arcrole='http://www.xbrl.org/2003/arcrole/parent-child' xlink:from='loc_CashAndCashEquivalentsDisclosureTextBlock' xlink:to='loc_CashInsuredAndUninsuredAbstract' xlink:type='arc' />
<presentationArc order='10' xlink:arcrole='http://www.xbrl.org/2003/arcrole/parent-child' xlink:from='loc_CashInsuredAndUninsuredAbstract' xlink:to='loc_CashFDICInsuredAmount' xlink:type='arc' />
<presentationArc order='20' xlink:arcrole='http://www.xbrl.org/2003/arcrole/parent-child' xlink:from='loc_CashInsuredAndUninsuredAbstract' xlink:to='loc_CashUninsuredAmount' xlink:type='arc' />
<presentationArc order='10' xlink:arcrole='http://www.xbrl.org/2003/arcrole/parent-child' xlink:from='loc_CashUninsuredAmount' xlink:to='loc_CashUninsuredAmountCommentary' xlink:type='arc' />
</presentationLink>
</link:linkbase>
