<?xml version="1.0" encoding="UTF-8" standalone="no"?>

<!--Copyright (C) 2007-2009 XBRL US, Inc. All Rights Reserved.
Notice: Authorized Uses are Set Forth at http://xbrl.us/legal2009
  -->
<link:linkbase xmlns:link='http://www.xbrl.org/2003/linkbase' xmlns:xlink='http://www.w3.org/1999/xlink' xmlns:xsi='http://www.w3.org/2001/XMLSchema-instance' xsi:schemaLocation='http://www.xbrl.org/2003/linkbase http://www.xbrl.org/2003/xbrl-linkbase-2003-12-31.xsd'>
<link:roleRef roleURI='http://xbrl.us/us-gaap/role/disclosure/CompensationRelatedCostsGeneral' xlink:href='../elts/us-roles-2009-01-31.xsd#crcgen' xlink:type='simple' />
<calculationLink xlink:role='http://xbrl.us/us-gaap/role/disclosure/CompensationRelatedCostsGeneral' xlink:type='extended' xmlns='http://www.xbrl.org/2003/linkbase'>
<link:loc xlink:href='../elts/us-gaap-2009-01-31.xsd#us-gaap_CompensatedAbsencesLiability' xlink:label='loc_CompensatedAbsencesLiability' xlink:type='locator' />
<link:loc xlink:href='../elts/us-gaap-2009-01-31.xsd#us-gaap_CompensatedAbsencesLiabilityVacationAndHoliday' xlink:label='loc_CompensatedAbsencesLiabilityVacationAndHoliday' xlink:type='locator' />
<link:loc xlink:href='../elts/us-gaap-2009-01-31.xsd#us-gaap_CompensatedAbsencesLiabilitySabbaticalLeave' xlink:label='loc_CompensatedAbsencesLiabilitySabbaticalLeave' xlink:type='locator' />
<link:loc xlink:href='../elts/us-gaap-2009-01-31.xsd#us-gaap_DeferredCompensationLiabilityCurrent' xlink:label='loc_DeferredCompensationLiabilityCurrent' xlink:type='locator' />
<link:loc xlink:href='../elts/us-gaap-2009-01-31.xsd#us-gaap_DeferredCompensationCashBasedArrangementsLiabilityCurrent' xlink:label='loc_DeferredCompensationCashBasedArrangementsLiabilityCurrent' xlink:type='locator' />
<link:loc xlink:href='../elts/us-gaap-2009-01-31.xsd#us-gaap_DeferredCompensationShareBasedArrangementsLiabilityCurrent' xlink:label='loc_DeferredCompensationShareBasedArrangementsLiabilityCurrent' xlink:type='locator' />
<link:loc xlink:href='../elts/us-gaap-2009-01-31.xsd#us-gaap_OtherDeferredCompensationArrangementsLiabilityCurrent' xlink:label='loc_OtherDeferredCompensationArrangementsLiabilityCurrent' xlink:type='locator' />
<link:loc xlink:href='../elts/us-gaap-2009-01-31.xsd#us-gaap_LaborAndRelatedExpense' xlink:label='loc_LaborAndRelatedExpense' xlink:type='locator' />
<link:loc xlink:href='../elts/us-gaap-2009-01-31.xsd#us-gaap_SalariesAndWages' xlink:label='loc_SalariesAndWages' xlink:type='locator' />
<link:loc xlink:href='../elts/us-gaap-2009-01-31.xsd#us-gaap_OfficersCompensation' xlink:label='loc_OfficersCompensation' xlink:type='locator' />
<link:loc xlink:href='../elts/us-gaap-2009-01-31.xsd#us-gaap_AllocatedShareBasedCompensationExpense' xlink:label='loc_AllocatedShareBasedCompensationExpense' xlink:type='locator' />
<link:loc xlink:href='../elts/us-gaap-2009-01-31.xsd#us-gaap_PensionAndOtherPostretirementBenefitExpense' xlink:label='loc_PensionAndOtherPostretirementBenefitExpense' xlink:type='locator' />
<link:loc xlink:href='../elts/us-gaap-2009-01-31.xsd#us-gaap_OtherLaborRelatedExpenses' xlink:label='loc_OtherLaborRelatedExpenses' xlink:type='locator' />
<link:loc xlink:href='../elts/us-gaap-2009-01-31.xsd#us-gaap_DeferredCompensationLiabilityClassifiedNoncurrent' xlink:label='loc_DeferredCompensationLiabilityClassifiedNoncurrent' xlink:type='locator' />
<link:loc xlink:href='../elts/us-gaap-2009-01-31.xsd#us-gaap_DeferredCompensationSharebasedArrangementsLiabilityClassifiedNoncurrent' xlink:label='loc_DeferredCompensationSharebasedArrangementsLiabilityClassifiedNoncurrent' xlink:type='locator' />
<link:loc xlink:href='../elts/us-gaap-2009-01-31.xsd#us-gaap_DeferredCompensationCashbasedArrangementsLiabilityClassifiedNoncurrent' xlink:label='loc_DeferredCompensationCashbasedArrangementsLiabilityClassifiedNoncurrent' xlink:type='locator' />
<link:loc xlink:href='../elts/us-gaap-2009-01-31.xsd#us-gaap_OtherDeferredCompensationArrangementsLiabilityClassifiedNoncurrent' xlink:label='loc_OtherDeferredCompensationArrangementsLiabilityClassifiedNoncurrent' xlink:type='locator' />
<link:loc xlink:href='../elts/us-gaap-2009-01-31.xsd#us-gaap_DeferredCompensationLiabilityCurrentAndNoncurrent' xlink:label='loc_DeferredCompensationLiabilityCurrentAndNoncurrent' xlink:type='locator' />
<link:loc xlink:href='../elts/us-gaap-2009-01-31.xsd#us-gaap_DeferredCompensationSharebasedArrangementsLiabilityCurrentAndNoncurrent' xlink:label='loc_DeferredCompensationSharebasedArrangementsLiabilityCurrentAndNoncurrent' xlink:type='locator' />
<link:loc xlink:href='../elts/us-gaap-2009-01-31.xsd#us-gaap_DeferredCompensationCashbasedArrangementsLiabilityCurrentAndNoncurrent' xlink:label='loc_DeferredCompensationCashbasedArrangementsLiabilityCurrentAndNoncurrent' xlink:type='locator' />
<link:loc xlink:href='../elts/us-gaap-2009-01-31.xsd#us-gaap_OtherDeferredCompensationArrangementsLiabilityCurrentAndNoncurrent' xlink:label='loc_OtherDeferredCompensationArrangementsLiabilityCurrentAndNoncurrent' xlink:type='locator' />
<calculationArc order='10' use='optional' weight='1.0' xlink:arcrole='http://www.xbrl.org/2003/arcrole/summation-item' xlink:from='loc_CompensatedAbsencesLiability' xlink:to='loc_CompensatedAbsencesLiabilityVacationAndHoliday' xlink:type='arc' />
<calculationArc order='20' use='optional' weight='1.0' xlink:arcrole='http://www.xbrl.org/2003/arcrole/summation-item' xlink:from='loc_CompensatedAbsencesLiability' xlink:to='loc_CompensatedAbsencesLiabilitySabbaticalLeave' xlink:type='arc' />
<calculationArc order='10' weight='1.0' xlink:arcrole='http://www.xbrl.org/2003/arcrole/summation-item' xlink:from='loc_DeferredCompensationLiabilityCurrent' xlink:to='loc_DeferredCompensationCashBasedArrangementsLiabilityCurrent' xlink:type='arc' />
<calculationArc order='20' weight='1.0' xlink:arcrole='http://www.xbrl.org/2003/arcrole/summation-item' xlink:from='loc_DeferredCompensationLiabilityCurrent' xlink:to='loc_DeferredCompensationShareBasedArrangementsLiabilityCurrent' xlink:type='arc' />
<calculationArc order='30' weight='1.0' xlink:arcrole='http://www.xbrl.org/2003/arcrole/summation-item' xlink:from='loc_DeferredCompensationLiabilityCurrent' xlink:to='loc_OtherDeferredCompensationArrangementsLiabilityCurrent' xlink:type='arc' />
<calculationArc order='10' weight='1.0' xlink:arcrole='http://www.xbrl.org/2003/arcrole/summation-item' xlink:from='loc_LaborAndRelatedExpense' xlink:to='loc_SalariesAndWages' xlink:type='arc' />
<calculationArc order='20' weight='1.0' xlink:arcrole='http://www.xbrl.org/2003/arcrole/summation-item' xlink:from='loc_LaborAndRelatedExpense' xlink:to='loc_OfficersCompensation' xlink:type='arc' />
<calculationArc order='30' weight='1.0' xlink:arcrole='http://www.xbrl.org/2003/arcrole/summation-item' xlink:from='loc_LaborAndRelatedExpense' xlink:to='loc_AllocatedShareBasedCompensationExpense' xlink:type='arc' />
<calculationArc order='40' weight='1.0' xlink:arcrole='http://www.xbrl.org/2003/arcrole/summation-item' xlink:from='loc_LaborAndRelatedExpense' xlink:to='loc_PensionAndOtherPostretirementBenefitExpense' xlink:type='arc' />
<calculationArc order='50' weight='1.0' xlink:arcrole='http://www.xbrl.org/2003/arcrole/summation-item' xlink:from='loc_LaborAndRelatedExpense' xlink:to='loc_OtherLaborRelatedExpenses' xlink:type='arc' />
<calculationArc order='10' weight='1.0' xlink:arcrole='http://www.xbrl.org/2003/arcrole/summation-item' xlink:from='loc_DeferredCompensationLiabilityClassifiedNoncurrent' xlink:to='loc_DeferredCompensationSharebasedArrangementsLiabilityClassifiedNoncurrent' xlink:type='arc' />
<calculationArc order='20' weight='1.0' xlink:arcrole='http://www.xbrl.org/2003/arcrole/summation-item' xlink:from='loc_DeferredCompensationLiabilityClassifiedNoncurrent' xlink:to='loc_DeferredCompensationCashbasedArrangementsLiabilityClassifiedNoncurrent' xlink:type='arc' />
<calculationArc order='30' weight='1.0' xlink:arcrole='http://www.xbrl.org/2003/arcrole/summation-item' xlink:from='loc_DeferredCompensationLiabilityClassifiedNoncurrent' xlink:to='loc_OtherDeferredCompensationArrangementsLiabilityClassifiedNoncurrent' xlink:type='arc' />
<calculationArc order='10' weight='1.0' xlink:arcrole='http://www.xbrl.org/2003/arcrole/summation-item' xlink:from='loc_DeferredCompensationLiabilityCurrentAndNoncurrent' xlink:to='loc_DeferredCompensationSharebasedArrangementsLiabilityCurrentAndNoncurrent' xlink:type='arc' />
<calculationArc order='20' weight='1.0' xlink:arcrole='http://www.xbrl.org/2003/arcrole/summation-item' xlink:from='loc_DeferredCompensationLiabilityCurrentAndNoncurrent' xlink:to='loc_DeferredCompensationCashbasedArrangementsLiabilityCurrentAndNoncurrent' xlink:type='arc' />
<calculationArc order='30' weight='1.0' xlink:arcrole='http://www.xbrl.org/2003/arcrole/summation-item' xlink:from='loc_DeferredCompensationLiabilityCurrentAndNoncurrent' xlink:to='loc_OtherDeferredCompensationArrangementsLiabilityCurrentAndNoncurrent' xlink:type='arc' />
</calculationLink>
</link:linkbase>
