<?xml version="1.0" encoding="UTF-8" standalone="no"?>

<!--Copyright (C) 2007-2009 XBRL US, Inc. All Rights Reserved.
Notice: Authorized Uses are Set Forth at http://xbrl.us/legal2009
  -->
<link:linkbase xmlns:link='http://www.xbrl.org/2003/linkbase' xmlns:xlink='http://www.w3.org/1999/xlink' xmlns:xsi='http://www.w3.org/2001/XMLSchema-instance' xsi:schemaLocation='http://www.xbrl.org/2003/linkbase http://www.xbrl.org/2003/xbrl-linkbase-2003-12-31.xsd'>
<link:roleRef roleURI='http://xbrl.us/us-gaap/role/disclosure/CompensationRelatedCostsRetirementBenefits' xlink:href='../elts/us-roles-2009-01-31.xsd#crcrb' xlink:type='simple' />
<calculationLink xlink:role='http://xbrl.us/us-gaap/role/disclosure/CompensationRelatedCostsRetirementBenefits' xlink:type='extended' xmlns='http://www.xbrl.org/2003/linkbase'>
<link:loc xlink:href='../elts/us-gaap-2009-01-31.xsd#us-gaap_OtherComprehensiveIncomeDefinedBenefitPlansAdjustmentBeforeTaxPeriodIncreaseDecrease' xlink:label='loc_OtherComprehensiveIncomeDefinedBenefitPlansAdjustmentBeforeTaxPeriodIncreaseDecrease' xlink:type='locator' />
<link:loc xlink:href='../elts/us-gaap-2009-01-31.xsd#us-gaap_DefinedBenefitPlanAmountsRecognizedInOtherComprehensiveIncomeNetGainLossBeforeTax' xlink:label='loc_DefinedBenefitPlanAmountsRecognizedInOtherComprehensiveIncomeNetGainLossBeforeTax' xlink:type='locator' />
<link:loc xlink:href='../elts/us-gaap-2009-01-31.xsd#us-gaap_OtherComprehensiveIncomeDefinedBenefitPlansNetUnamortizedGainLossArisingDuringPeriodBeforeTax' xlink:label='loc_OtherComprehensiveIncomeDefinedBenefitPlansNetUnamortizedGainLossArisingDuringPeriodBeforeTax' xlink:type='locator' />
<link:loc xlink:href='../elts/us-gaap-2009-01-31.xsd#us-gaap_OtherComprehensiveIncomeReclassificationOfDefinedBenefitPlansNetGainLossRecognizedInNetPeriodicBenefitCostBeforeTax' xlink:label='loc_OtherComprehensiveIncomeReclassificationOfDefinedBenefitPlansNetGainLossRecognizedInNetPeriodicBenefitCostBeforeTax' xlink:type='locator' />
<link:loc xlink:href='../elts/us-gaap-2009-01-31.xsd#us-gaap_DefinedBenefitPlanAmountsRecognizedInOtherComprehensiveIncomeNetPriorServiceCostCreditBeforeTax' xlink:label='loc_DefinedBenefitPlanAmountsRecognizedInOtherComprehensiveIncomeNetPriorServiceCostCreditBeforeTax' xlink:type='locator' />
<link:loc xlink:href='../elts/us-gaap-2009-01-31.xsd#us-gaap_OtherComprehensiveIncomeDefinedBenefitPlanNetPriorServiceCostCreditArisingDuringPeriodBeforeTax' xlink:label='loc_OtherComprehensiveIncomeDefinedBenefitPlanNetPriorServiceCostCreditArisingDuringPeriodBeforeTax' xlink:type='locator' />
<link:loc xlink:href='../elts/us-gaap-2009-01-31.xsd#us-gaap_OtherComprehensiveIncomeAmortizationOfDefinedBenefitPlanNetPriorServiceCostCreditRecognizedInNetPeriodicBenefitCostBeforeTax' xlink:label='loc_OtherComprehensiveIncomeAmortizationOfDefinedBenefitPlanNetPriorServiceCostCreditRecognizedInNetPeriodicBenefitCostBeforeTax' xlink:type='locator' />
<link:loc xlink:href='../elts/us-gaap-2009-01-31.xsd#us-gaap_OtherComprehensiveIncomeFinalizationOfPensionAndNonPensionPostretirementPlanValuationBeforeTax' xlink:label='loc_OtherComprehensiveIncomeFinalizationOfPensionAndNonPensionPostretirementPlanValuationBeforeTax' xlink:type='locator' />
<link:loc xlink:href='../elts/us-gaap-2009-01-31.xsd#us-gaap_OtherComprehensiveIncomeReclassificationOfDefinedBenefitPlanNetTransitionAssetObligationRecognizedInNetPeriodicBenefitCostBeforeTax' xlink:label='loc_OtherComprehensiveIncomeReclassificationOfDefinedBenefitPlanNetTransitionAssetObligationRecognizedInNetPeriodicBenefitCostBeforeTax' xlink:type='locator' />
<link:loc xlink:href='../elts/us-gaap-2009-01-31.xsd#us-gaap_OtherComprehensiveIncomeMinimumPensionLiabilityNetAdjustmentBeforeTax' xlink:label='loc_OtherComprehensiveIncomeMinimumPensionLiabilityNetAdjustmentBeforeTax' xlink:type='locator' />
<link:loc xlink:href='../elts/us-gaap-2009-01-31.xsd#us-gaap_DefinedBenefitPlanAmountsRecognizedInBalanceSheet' xlink:label='loc_DefinedBenefitPlanAmountsRecognizedInBalanceSheet' xlink:type='locator' />
<link:loc xlink:href='../elts/us-gaap-2009-01-31.xsd#us-gaap_DefinedBenefitPlanAssetsForPlanBenefitsCurrentAndNoncurrent' xlink:label='loc_DefinedBenefitPlanAssetsForPlanBenefitsCurrentAndNoncurrent' xlink:type='locator' />
<link:loc xlink:href='../elts/us-gaap-2009-01-31.xsd#us-gaap_DefinedBenefitPlanCurrentAssets' xlink:label='loc_DefinedBenefitPlanCurrentAssets' xlink:type='locator' />
<link:loc xlink:href='../elts/us-gaap-2009-01-31.xsd#us-gaap_DefinedBenefitPlanAssetsForPlanBenefitsNoncurrent' xlink:label='loc_DefinedBenefitPlanAssetsForPlanBenefitsNoncurrent' xlink:type='locator' />
<link:loc xlink:href='../elts/us-gaap-2009-01-31.xsd#us-gaap_PensionAndOtherPostretirementDefinedBenefitPlansLiabilitiesCurrentAndNoncurrent' xlink:label='loc_PensionAndOtherPostretirementDefinedBenefitPlansLiabilitiesCurrentAndNoncurrent' xlink:type='locator' />
<link:loc xlink:href='../elts/us-gaap-2009-01-31.xsd#us-gaap_PensionAndOtherPostretirementDefinedBenefitPlansCurrentLiabilities' xlink:label='loc_PensionAndOtherPostretirementDefinedBenefitPlansCurrentLiabilities' xlink:type='locator' />
<link:loc xlink:href='../elts/us-gaap-2009-01-31.xsd#us-gaap_PensionAndOtherPostretirementDefinedBenefitPlansLiabilitiesNoncurrent' xlink:label='loc_PensionAndOtherPostretirementDefinedBenefitPlansLiabilitiesNoncurrent' xlink:type='locator' />
<link:loc xlink:href='../elts/us-gaap-2009-01-31.xsd#us-gaap_DefinedBenefitPlanBenefitObligationPeriodIncreaseDecrease' xlink:label='loc_DefinedBenefitPlanBenefitObligationPeriodIncreaseDecrease' xlink:type='locator' />
<link:loc xlink:href='../elts/us-gaap-2009-01-31.xsd#us-gaap_DefinedBenefitPlanServiceCost' xlink:label='loc_DefinedBenefitPlanServiceCost' xlink:type='locator' />
<link:loc xlink:href='../elts/us-gaap-2009-01-31.xsd#us-gaap_DefinedBenefitPlanInterestCost' xlink:label='loc_DefinedBenefitPlanInterestCost' xlink:type='locator' />
<link:loc xlink:href='../elts/us-gaap-2009-01-31.xsd#us-gaap_DefinedBenefitPlanContributionsByPlanParticipants' xlink:label='loc_DefinedBenefitPlanContributionsByPlanParticipants' xlink:type='locator' />
<link:loc xlink:href='../elts/us-gaap-2009-01-31.xsd#us-gaap_DefinedBenefitPlanActuarialNetGainsLosses' xlink:label='loc_DefinedBenefitPlanActuarialNetGainsLosses' xlink:type='locator' />
<link:loc xlink:href='../elts/us-gaap-2009-01-31.xsd#us-gaap_DefinedBenefitPlanForeignCurrencyExchangeRateChangesBenefitObligation' xlink:label='loc_DefinedBenefitPlanForeignCurrencyExchangeRateChangesBenefitObligation' xlink:type='locator' />
<link:loc xlink:href='../elts/us-gaap-2009-01-31.xsd#us-gaap_DefinedBenefitPlanBenefitsPaid' xlink:label='loc_DefinedBenefitPlanBenefitsPaid' xlink:type='locator' />
<link:loc xlink:href='../elts/us-gaap-2009-01-31.xsd#us-gaap_DefinedBenefitPlanGrossPrescriptionDrugSubsidyReceiptsReceived' xlink:label='loc_DefinedBenefitPlanGrossPrescriptionDrugSubsidyReceiptsReceived' xlink:type='locator' />
<link:loc xlink:href='../elts/us-gaap-2009-01-31.xsd#us-gaap_DefinedBenefitPlanPlanAmendments' xlink:label='loc_DefinedBenefitPlanPlanAmendments' xlink:type='locator' />
<link:loc xlink:href='../elts/us-gaap-2009-01-31.xsd#us-gaap_DefinedBenefitPlanBusinessCombinationsAndAcquisitionsBenefitObligation' xlink:label='loc_DefinedBenefitPlanBusinessCombinationsAndAcquisitionsBenefitObligation' xlink:type='locator' />
<link:loc xlink:href='../elts/us-gaap-2009-01-31.xsd#us-gaap_DefinedBenefitPlanDivestituresBenefitObligation' xlink:label='loc_DefinedBenefitPlanDivestituresBenefitObligation' xlink:type='locator' />
<link:loc xlink:href='../elts/us-gaap-2009-01-31.xsd#us-gaap_DefinedBenefitPlanCurtailments' xlink:label='loc_DefinedBenefitPlanCurtailments' xlink:type='locator' />
<link:loc xlink:href='../elts/us-gaap-2009-01-31.xsd#us-gaap_DefinedBenefitPlanSettlementsBenefitObligation' xlink:label='loc_DefinedBenefitPlanSettlementsBenefitObligation' xlink:type='locator' />
<link:loc xlink:href='../elts/us-gaap-2009-01-31.xsd#us-gaap_DefinedBenefitPlanSpecialTerminationBenefits' xlink:label='loc_DefinedBenefitPlanSpecialTerminationBenefits' xlink:type='locator' />
<link:loc xlink:href='../elts/us-gaap-2009-01-31.xsd#us-gaap_DefinedBenefitPlanFairValueOfPlanAssetsPeriodIncreaseDecrease' xlink:label='loc_DefinedBenefitPlanFairValueOfPlanAssetsPeriodIncreaseDecrease' xlink:type='locator' />
<link:loc xlink:href='../elts/us-gaap-2009-01-31.xsd#us-gaap_DefinedBenefitPlanActualReturnOnPlanAssets' xlink:label='loc_DefinedBenefitPlanActualReturnOnPlanAssets' xlink:type='locator' />
<link:loc xlink:href='../elts/us-gaap-2009-01-31.xsd#us-gaap_DefinedBenefitPlanActualReturnOnPlanAssetsStillHeld' xlink:label='loc_DefinedBenefitPlanActualReturnOnPlanAssetsStillHeld' xlink:type='locator' />
<link:loc xlink:href='../elts/us-gaap-2009-01-31.xsd#us-gaap_DefinedBenefitPlanActualReturnOnPlanAssetsSoldDuringPeriod' xlink:label='loc_DefinedBenefitPlanActualReturnOnPlanAssetsSoldDuringPeriod' xlink:type='locator' />
<link:loc xlink:href='../elts/us-gaap-2009-01-31.xsd#us-gaap_DefinedBenefitPlanForeignCurrencyExchangeRateChangesPlanAssets' xlink:label='loc_DefinedBenefitPlanForeignCurrencyExchangeRateChangesPlanAssets' xlink:type='locator' />
<link:loc xlink:href='../elts/us-gaap-2009-01-31.xsd#us-gaap_DefinedBenefitPlanContributionsByEmployer' xlink:label='loc_DefinedBenefitPlanContributionsByEmployer' xlink:type='locator' />
<link:loc xlink:href='../elts/us-gaap-2009-01-31.xsd#us-gaap_DefinedBenefitPlanPurchasesSalesAndSettlements' xlink:label='loc_DefinedBenefitPlanPurchasesSalesAndSettlements' xlink:type='locator' />
<link:loc xlink:href='../elts/us-gaap-2009-01-31.xsd#us-gaap_DefinedBenefitPlanBusinessCombinationsAndAcquisitionsPlanAssets' xlink:label='loc_DefinedBenefitPlanBusinessCombinationsAndAcquisitionsPlanAssets' xlink:type='locator' />
<link:loc xlink:href='../elts/us-gaap-2009-01-31.xsd#us-gaap_DefinedBenefitPlanDivestituresPlanAssets' xlink:label='loc_DefinedBenefitPlanDivestituresPlanAssets' xlink:type='locator' />
<link:loc xlink:href='../elts/us-gaap-2009-01-31.xsd#us-gaap_DefinedBenefitPlanSettlementsPlanAssets' xlink:label='loc_DefinedBenefitPlanSettlementsPlanAssets' xlink:type='locator' />
<link:loc xlink:href='../elts/us-gaap-2009-01-31.xsd#us-gaap_DefinedBenefitPlanTransfersBetweenMeasurementLevels' xlink:label='loc_DefinedBenefitPlanTransfersBetweenMeasurementLevels' xlink:type='locator' />
<link:loc xlink:href='../elts/us-gaap-2009-01-31.xsd#us-gaap_DefinedBenefitPlanBeforeAdoptionOfSFAS158RecognitionProvisionsNetAmountRecognized' xlink:label='loc_DefinedBenefitPlanBeforeAdoptionOfSFAS158RecognitionProvisionsNetAmountRecognized' xlink:type='locator' />
<link:loc xlink:href='../elts/us-gaap-2009-01-31.xsd#us-gaap_DefinedBenefitPlanFundedStatusOfPlan' xlink:label='loc_DefinedBenefitPlanFundedStatusOfPlan' xlink:type='locator' />
<link:loc xlink:href='../elts/us-gaap-2009-01-31.xsd#us-gaap_DefinedBenefitPlanBenefitObligation' xlink:label='loc_DefinedBenefitPlanBenefitObligation' xlink:type='locator' />
<link:loc xlink:href='../elts/us-gaap-2009-01-31.xsd#us-gaap_DefinedBenefitPlanFairValueOfPlanAssets' xlink:label='loc_DefinedBenefitPlanFairValueOfPlanAssets' xlink:type='locator' />
<link:loc xlink:href='../elts/us-gaap-2009-01-31.xsd#us-gaap_DefinedBenefitPlanBeforeAdoptionOfSFAS158RecognitionProvisionsNetTransitionObligationsAssetsNotYetRecognized' xlink:label='loc_DefinedBenefitPlanBeforeAdoptionOfSFAS158RecognitionProvisionsNetTransitionObligationsAssetsNotYetRecognized' xlink:type='locator' />
<link:loc xlink:href='../elts/us-gaap-2009-01-31.xsd#us-gaap_DefinedBenefitPlanBeforeAdoptionOfSFAS158RecognitionProvisionsNetPriorServiceCostsCreditsNotYetRecognized' xlink:label='loc_DefinedBenefitPlanBeforeAdoptionOfSFAS158RecognitionProvisionsNetPriorServiceCostsCreditsNotYetRecognized' xlink:type='locator' />
<link:loc xlink:href='../elts/us-gaap-2009-01-31.xsd#us-gaap_DefinedBenefitPlanBeforeAdoptionOfSFAS158RecognitionProvisionsNetGainsLossesNotYetRecognized' xlink:label='loc_DefinedBenefitPlanBeforeAdoptionOfSFAS158RecognitionProvisionsNetGainsLossesNotYetRecognized' xlink:type='locator' />
<link:loc xlink:href='../elts/us-gaap-2009-01-31.xsd#us-gaap_DefinedBenefitPlanBeforeAdoptionOfSFAS158RecognitionProvisionsMinimumPensionLiabilityAdjustment' xlink:label='loc_DefinedBenefitPlanBeforeAdoptionOfSFAS158RecognitionProvisionsMinimumPensionLiabilityAdjustment' xlink:type='locator' />
<link:loc xlink:href='../elts/us-gaap-2009-01-31.xsd#us-gaap_DefinedBenefitPlanNetPeriodicBenefitCost' xlink:label='loc_DefinedBenefitPlanNetPeriodicBenefitCost' xlink:type='locator' />
<link:loc xlink:href='../elts/us-gaap-2009-01-31.xsd#us-gaap_DefinedBenefitPlanExpectedReturnOnPlanAssets' xlink:label='loc_DefinedBenefitPlanExpectedReturnOnPlanAssets' xlink:type='locator' />
<link:loc xlink:href='../elts/us-gaap-2009-01-31.xsd#us-gaap_DefinedBenefitPlanRecognizedNetGainLossDueToSettlementsAndCurtailments' xlink:label='loc_DefinedBenefitPlanRecognizedNetGainLossDueToSettlementsAndCurtailments' xlink:type='locator' />
<link:loc xlink:href='../elts/us-gaap-2009-01-31.xsd#us-gaap_DefinedBenefitPlanRecognizedNetGainLossDueToSettlements' xlink:label='loc_DefinedBenefitPlanRecognizedNetGainLossDueToSettlements' xlink:type='locator' />
<link:loc xlink:href='../elts/us-gaap-2009-01-31.xsd#us-gaap_DefinedBenefitPlanRecognizedNetGainLossDueToCurtailments' xlink:label='loc_DefinedBenefitPlanRecognizedNetGainLossDueToCurtailments' xlink:type='locator' />
<link:loc xlink:href='../elts/us-gaap-2009-01-31.xsd#us-gaap_DefinedBenefitPlanAmortizationOfGainsLosses' xlink:label='loc_DefinedBenefitPlanAmortizationOfGainsLosses' xlink:type='locator' />
<link:loc xlink:href='../elts/us-gaap-2009-01-31.xsd#us-gaap_DefinedBenefitPlanAmortizationOfTransitionObligationsAssets' xlink:label='loc_DefinedBenefitPlanAmortizationOfTransitionObligationsAssets' xlink:type='locator' />
<link:loc xlink:href='../elts/us-gaap-2009-01-31.xsd#us-gaap_DefinedBenefitPlanAmortizationOfPriorServiceCostCredit' xlink:label='loc_DefinedBenefitPlanAmortizationOfPriorServiceCostCredit' xlink:type='locator' />
<link:loc xlink:href='../elts/us-gaap-2009-01-31.xsd#us-gaap_DefinedBenefitPlanAmountsThatWillBeAmortizedFromAccumulatedOtherComprehensiveIncomeLossInNextFiscalYear' xlink:label='loc_DefinedBenefitPlanAmountsThatWillBeAmortizedFromAccumulatedOtherComprehensiveIncomeLossInNextFiscalYear' xlink:type='locator' />
<link:loc xlink:href='../elts/us-gaap-2009-01-31.xsd#us-gaap_DefinedBenefitPlanAmortizationOfNetGainsLosses' xlink:label='loc_DefinedBenefitPlanAmortizationOfNetGainsLosses' xlink:type='locator' />
<link:loc xlink:href='../elts/us-gaap-2009-01-31.xsd#us-gaap_DefinedBenefitPlanAmortizationOfNetPriorServiceCostCredit' xlink:label='loc_DefinedBenefitPlanAmortizationOfNetPriorServiceCostCredit' xlink:type='locator' />
<link:loc xlink:href='../elts/us-gaap-2009-01-31.xsd#us-gaap_DefinedBenefitPlanAmortizationOfNetTransitionAssetObligation' xlink:label='loc_DefinedBenefitPlanAmortizationOfNetTransitionAssetObligation' xlink:type='locator' />
<link:loc xlink:href='../elts/us-gaap-2009-01-31.xsd#us-gaap_DefinedBenefitPlanAccumulatedOtherComprehensiveIncomeBeforeTax' xlink:label='loc_DefinedBenefitPlanAccumulatedOtherComprehensiveIncomeBeforeTax' xlink:type='locator' />
<link:loc xlink:href='../elts/us-gaap-2009-01-31.xsd#us-gaap_DefinedBenefitPlanAccumulatedOtherComprehensiveIncomeNetGainsLossesBeforeTax' xlink:label='loc_DefinedBenefitPlanAccumulatedOtherComprehensiveIncomeNetGainsLossesBeforeTax' xlink:type='locator' />
<link:loc xlink:href='../elts/us-gaap-2009-01-31.xsd#us-gaap_DefinedBenefitPlanAccumulatedOtherComprehensiveIncomeNetPriorServiceCostCreditBeforeTax' xlink:label='loc_DefinedBenefitPlanAccumulatedOtherComprehensiveIncomeNetPriorServiceCostCreditBeforeTax' xlink:type='locator' />
<link:loc xlink:href='../elts/us-gaap-2009-01-31.xsd#us-gaap_DefinedBenefitPlanAccumulatedOtherComprehensiveIncomeNetTransitionAssetsObligationsBeforeTax' xlink:label='loc_DefinedBenefitPlanAccumulatedOtherComprehensiveIncomeNetTransitionAssetsObligationsBeforeTax' xlink:type='locator' />
<link:loc xlink:href='../elts/us-gaap-2009-01-31.xsd#us-gaap_DefinedBenefitPlanAccumulatedOtherComprehensiveIncomeMinimumPensionLiabilityBeforeTax' xlink:label='loc_DefinedBenefitPlanAccumulatedOtherComprehensiveIncomeMinimumPensionLiabilityBeforeTax' xlink:type='locator' />
<link:loc xlink:href='../elts/us-gaap-2009-01-31.xsd#us-gaap_DefinedBenefitPlanWeightedAverageAssetAllocations' xlink:label='loc_DefinedBenefitPlanWeightedAverageAssetAllocations' xlink:type='locator' />
<link:loc xlink:href='../elts/us-gaap-2009-01-31.xsd#us-gaap_DefinedBenefitPlanDebtSecurities' xlink:label='loc_DefinedBenefitPlanDebtSecurities' xlink:type='locator' />
<link:loc xlink:href='../elts/us-gaap-2009-01-31.xsd#us-gaap_DefinedBenefitPlanEquitySecurities' xlink:label='loc_DefinedBenefitPlanEquitySecurities' xlink:type='locator' />
<link:loc xlink:href='../elts/us-gaap-2009-01-31.xsd#us-gaap_DefinedBenefitPlanOtherPlanAssets' xlink:label='loc_DefinedBenefitPlanOtherPlanAssets' xlink:type='locator' />
<link:loc xlink:href='../elts/us-gaap-2009-01-31.xsd#us-gaap_DefinedBenefitPlanRealEstate' xlink:label='loc_DefinedBenefitPlanRealEstate' xlink:type='locator' />
<link:loc xlink:href='../elts/us-gaap-2009-01-31.xsd#us-gaap_DefinedBenefitPlanBeforeAdoptionOfSFAS158RecognitionProvisionsAmountsRecognizedInBalanceSheet' xlink:label='loc_DefinedBenefitPlanBeforeAdoptionOfSFAS158RecognitionProvisionsAmountsRecognizedInBalanceSheet' xlink:type='locator' />
<link:loc xlink:href='../elts/us-gaap-2009-01-31.xsd#us-gaap_DefinedBenefitPlanBeforeAdoptionOfSFAS158RecognitionProvisionsPrepaidBenefitCost' xlink:label='loc_DefinedBenefitPlanBeforeAdoptionOfSFAS158RecognitionProvisionsPrepaidBenefitCost' xlink:type='locator' />
<link:loc xlink:href='../elts/us-gaap-2009-01-31.xsd#us-gaap_DefinedBenefitPlanBeforeAdoptionOfSFAS158RecognitionProvisionsAccruedBenefitLiability' xlink:label='loc_DefinedBenefitPlanBeforeAdoptionOfSFAS158RecognitionProvisionsAccruedBenefitLiability' xlink:type='locator' />
<link:loc xlink:href='../elts/us-gaap-2009-01-31.xsd#us-gaap_DefinedBenefitPlanBeforeAdoptionOfSFAS158RecognitionProvisionsIntangibleAsset' xlink:label='loc_DefinedBenefitPlanBeforeAdoptionOfSFAS158RecognitionProvisionsIntangibleAsset' xlink:type='locator' />
<link:loc xlink:href='../elts/us-gaap-2009-01-31.xsd#us-gaap_DefinedBenefitPlanBeforeAdoptionOfSFAS158RecognitionProvisionsAccumulatedOtherComprehensiveIncome' xlink:label='loc_DefinedBenefitPlanBeforeAdoptionOfSFAS158RecognitionProvisionsAccumulatedOtherComprehensiveIncome' xlink:type='locator' />
<calculationArc order='10' weight='1.0' xlink:arcrole='http://www.xbrl.org/2003/arcrole/summation-item' xlink:from='loc_OtherComprehensiveIncomeDefinedBenefitPlansAdjustmentBeforeTaxPeriodIncreaseDecrease' xlink:to='loc_DefinedBenefitPlanAmountsRecognizedInOtherComprehensiveIncomeNetGainLossBeforeTax' xlink:type='arc' />
<calculationArc order='10' weight='1.0' xlink:arcrole='http://www.xbrl.org/2003/arcrole/summation-item' xlink:from='loc_DefinedBenefitPlanAmountsRecognizedInOtherComprehensiveIncomeNetGainLossBeforeTax' xlink:to='loc_OtherComprehensiveIncomeDefinedBenefitPlansNetUnamortizedGainLossArisingDuringPeriodBeforeTax' xlink:type='arc' />
<calculationArc order='20' weight='-1.0' xlink:arcrole='http://www.xbrl.org/2003/arcrole/summation-item' xlink:from='loc_DefinedBenefitPlanAmountsRecognizedInOtherComprehensiveIncomeNetGainLossBeforeTax' xlink:to='loc_OtherComprehensiveIncomeReclassificationOfDefinedBenefitPlansNetGainLossRecognizedInNetPeriodicBenefitCostBeforeTax' xlink:type='arc' />
<calculationArc order='20' weight='1.0' xlink:arcrole='http://www.xbrl.org/2003/arcrole/summation-item' xlink:from='loc_OtherComprehensiveIncomeDefinedBenefitPlansAdjustmentBeforeTaxPeriodIncreaseDecrease' xlink:to='loc_DefinedBenefitPlanAmountsRecognizedInOtherComprehensiveIncomeNetPriorServiceCostCreditBeforeTax' xlink:type='arc' />
<calculationArc order='10' weight='1.0' xlink:arcrole='http://www.xbrl.org/2003/arcrole/summation-item' xlink:from='loc_DefinedBenefitPlanAmountsRecognizedInOtherComprehensiveIncomeNetPriorServiceCostCreditBeforeTax' xlink:to='loc_OtherComprehensiveIncomeDefinedBenefitPlanNetPriorServiceCostCreditArisingDuringPeriodBeforeTax' xlink:type='arc' />
<calculationArc order='20' weight='-1.0' xlink:arcrole='http://www.xbrl.org/2003/arcrole/summation-item' xlink:from='loc_DefinedBenefitPlanAmountsRecognizedInOtherComprehensiveIncomeNetPriorServiceCostCreditBeforeTax' xlink:to='loc_OtherComprehensiveIncomeAmortizationOfDefinedBenefitPlanNetPriorServiceCostCreditRecognizedInNetPeriodicBenefitCostBeforeTax' xlink:type='arc' />
<calculationArc order='30' weight='1.0' xlink:arcrole='http://www.xbrl.org/2003/arcrole/summation-item' xlink:from='loc_OtherComprehensiveIncomeDefinedBenefitPlansAdjustmentBeforeTaxPeriodIncreaseDecrease' xlink:to='loc_OtherComprehensiveIncomeFinalizationOfPensionAndNonPensionPostretirementPlanValuationBeforeTax' xlink:type='arc' />
<calculationArc order='40' weight='-1.0' xlink:arcrole='http://www.xbrl.org/2003/arcrole/summation-item' xlink:from='loc_OtherComprehensiveIncomeDefinedBenefitPlansAdjustmentBeforeTaxPeriodIncreaseDecrease' xlink:to='loc_OtherComprehensiveIncomeReclassificationOfDefinedBenefitPlanNetTransitionAssetObligationRecognizedInNetPeriodicBenefitCostBeforeTax' xlink:type='arc' />
<calculationArc order='50' weight='1.0' xlink:arcrole='http://www.xbrl.org/2003/arcrole/summation-item' xlink:from='loc_OtherComprehensiveIncomeDefinedBenefitPlansAdjustmentBeforeTaxPeriodIncreaseDecrease' xlink:to='loc_OtherComprehensiveIncomeMinimumPensionLiabilityNetAdjustmentBeforeTax' xlink:type='arc' />
<calculationArc order='10' weight='1.0' xlink:arcrole='http://www.xbrl.org/2003/arcrole/summation-item' xlink:from='loc_DefinedBenefitPlanAmountsRecognizedInBalanceSheet' xlink:to='loc_DefinedBenefitPlanAssetsForPlanBenefitsCurrentAndNoncurrent' xlink:type='arc' />
<calculationArc order='10' weight='1.0' xlink:arcrole='http://www.xbrl.org/2003/arcrole/summation-item' xlink:from='loc_DefinedBenefitPlanAssetsForPlanBenefitsCurrentAndNoncurrent' xlink:to='loc_DefinedBenefitPlanCurrentAssets' xlink:type='arc' />
<calculationArc order='20' weight='1.0' xlink:arcrole='http://www.xbrl.org/2003/arcrole/summation-item' xlink:from='loc_DefinedBenefitPlanAssetsForPlanBenefitsCurrentAndNoncurrent' xlink:to='loc_DefinedBenefitPlanAssetsForPlanBenefitsNoncurrent' xlink:type='arc' />
<calculationArc order='20' weight='-1.0' xlink:arcrole='http://www.xbrl.org/2003/arcrole/summation-item' xlink:from='loc_DefinedBenefitPlanAmountsRecognizedInBalanceSheet' xlink:to='loc_PensionAndOtherPostretirementDefinedBenefitPlansLiabilitiesCurrentAndNoncurrent' xlink:type='arc' />
<calculationArc order='10' weight='1.0' xlink:arcrole='http://www.xbrl.org/2003/arcrole/summation-item' xlink:from='loc_PensionAndOtherPostretirementDefinedBenefitPlansLiabilitiesCurrentAndNoncurrent' xlink:to='loc_PensionAndOtherPostretirementDefinedBenefitPlansCurrentLiabilities' xlink:type='arc' />
<calculationArc order='20' weight='1.0' xlink:arcrole='http://www.xbrl.org/2003/arcrole/summation-item' xlink:from='loc_PensionAndOtherPostretirementDefinedBenefitPlansLiabilitiesCurrentAndNoncurrent' xlink:to='loc_PensionAndOtherPostretirementDefinedBenefitPlansLiabilitiesNoncurrent' xlink:type='arc' />
<calculationArc order='10' weight='1.0' xlink:arcrole='http://www.xbrl.org/2003/arcrole/summation-item' xlink:from='loc_DefinedBenefitPlanBenefitObligationPeriodIncreaseDecrease' xlink:to='loc_DefinedBenefitPlanServiceCost' xlink:type='arc' />
<calculationArc order='20' weight='1.0' xlink:arcrole='http://www.xbrl.org/2003/arcrole/summation-item' xlink:from='loc_DefinedBenefitPlanBenefitObligationPeriodIncreaseDecrease' xlink:to='loc_DefinedBenefitPlanInterestCost' xlink:type='arc' />
<calculationArc order='30' use='optional' weight='1.0' xlink:arcrole='http://www.xbrl.org/2003/arcrole/summation-item' xlink:from='loc_DefinedBenefitPlanBenefitObligationPeriodIncreaseDecrease' xlink:to='loc_DefinedBenefitPlanContributionsByPlanParticipants' xlink:type='arc' />
<calculationArc order='40' use='optional' weight='-1.0' xlink:arcrole='http://www.xbrl.org/2003/arcrole/summation-item' xlink:from='loc_DefinedBenefitPlanBenefitObligationPeriodIncreaseDecrease' xlink:to='loc_DefinedBenefitPlanActuarialNetGainsLosses' xlink:type='arc' />
<calculationArc order='50' use='optional' weight='1.0' xlink:arcrole='http://www.xbrl.org/2003/arcrole/summation-item' xlink:from='loc_DefinedBenefitPlanBenefitObligationPeriodIncreaseDecrease' xlink:to='loc_DefinedBenefitPlanForeignCurrencyExchangeRateChangesBenefitObligation' xlink:type='arc' />
<calculationArc order='60' use='optional' weight='-1.0' xlink:arcrole='http://www.xbrl.org/2003/arcrole/summation-item' xlink:from='loc_DefinedBenefitPlanBenefitObligationPeriodIncreaseDecrease' xlink:to='loc_DefinedBenefitPlanBenefitsPaid' xlink:type='arc' />
<calculationArc order='70' weight='1.0' xlink:arcrole='http://www.xbrl.org/2003/arcrole/summation-item' xlink:from='loc_DefinedBenefitPlanBenefitObligationPeriodIncreaseDecrease' xlink:to='loc_DefinedBenefitPlanGrossPrescriptionDrugSubsidyReceiptsReceived' xlink:type='arc' />
<calculationArc order='80' use='optional' weight='1.0' xlink:arcrole='http://www.xbrl.org/2003/arcrole/summation-item' xlink:from='loc_DefinedBenefitPlanBenefitObligationPeriodIncreaseDecrease' xlink:to='loc_DefinedBenefitPlanPlanAmendments' xlink:type='arc' />
<calculationArc order='90' use='optional' weight='1.0' xlink:arcrole='http://www.xbrl.org/2003/arcrole/summation-item' xlink:from='loc_DefinedBenefitPlanBenefitObligationPeriodIncreaseDecrease' xlink:to='loc_DefinedBenefitPlanBusinessCombinationsAndAcquisitionsBenefitObligation' xlink:type='arc' />
<calculationArc order='100' use='optional' weight='-1.0' xlink:arcrole='http://www.xbrl.org/2003/arcrole/summation-item' xlink:from='loc_DefinedBenefitPlanBenefitObligationPeriodIncreaseDecrease' xlink:to='loc_DefinedBenefitPlanDivestituresBenefitObligation' xlink:type='arc' />
<calculationArc order='110' use='optional' weight='-1.0' xlink:arcrole='http://www.xbrl.org/2003/arcrole/summation-item' xlink:from='loc_DefinedBenefitPlanBenefitObligationPeriodIncreaseDecrease' xlink:to='loc_DefinedBenefitPlanCurtailments' xlink:type='arc' />
<calculationArc order='120' use='optional' weight='-1.0' xlink:arcrole='http://www.xbrl.org/2003/arcrole/summation-item' xlink:from='loc_DefinedBenefitPlanBenefitObligationPeriodIncreaseDecrease' xlink:to='loc_DefinedBenefitPlanSettlementsBenefitObligation' xlink:type='arc' />
<calculationArc order='130' use='optional' weight='1.0' xlink:arcrole='http://www.xbrl.org/2003/arcrole/summation-item' xlink:from='loc_DefinedBenefitPlanBenefitObligationPeriodIncreaseDecrease' xlink:to='loc_DefinedBenefitPlanSpecialTerminationBenefits' xlink:type='arc' />
<calculationArc order='10' use='optional' weight='1.0' xlink:arcrole='http://www.xbrl.org/2003/arcrole/summation-item' xlink:from='loc_DefinedBenefitPlanFairValueOfPlanAssetsPeriodIncreaseDecrease' xlink:to='loc_DefinedBenefitPlanActualReturnOnPlanAssets' xlink:type='arc' />
<calculationArc order='10' weight='1.0' xlink:arcrole='http://www.xbrl.org/2003/arcrole/summation-item' xlink:from='loc_DefinedBenefitPlanActualReturnOnPlanAssets' xlink:to='loc_DefinedBenefitPlanActualReturnOnPlanAssetsStillHeld' xlink:type='arc' />
<calculationArc order='20' weight='1.0' xlink:arcrole='http://www.xbrl.org/2003/arcrole/summation-item' xlink:from='loc_DefinedBenefitPlanActualReturnOnPlanAssets' xlink:to='loc_DefinedBenefitPlanActualReturnOnPlanAssetsSoldDuringPeriod' xlink:type='arc' />
<calculationArc order='20' use='optional' weight='1.0' xlink:arcrole='http://www.xbrl.org/2003/arcrole/summation-item' xlink:from='loc_DefinedBenefitPlanFairValueOfPlanAssetsPeriodIncreaseDecrease' xlink:to='loc_DefinedBenefitPlanForeignCurrencyExchangeRateChangesPlanAssets' xlink:type='arc' />
<calculationArc order='30' use='optional' weight='1.0' xlink:arcrole='http://www.xbrl.org/2003/arcrole/summation-item' xlink:from='loc_DefinedBenefitPlanFairValueOfPlanAssetsPeriodIncreaseDecrease' xlink:to='loc_DefinedBenefitPlanContributionsByEmployer' xlink:type='arc' />
<calculationArc order='40' use='optional' weight='-1.0' xlink:arcrole='http://www.xbrl.org/2003/arcrole/summation-item' xlink:from='loc_DefinedBenefitPlanFairValueOfPlanAssetsPeriodIncreaseDecrease' xlink:to='loc_DefinedBenefitPlanContributionsByPlanParticipants' xlink:type='arc' />
<calculationArc order='50' use='optional' weight='1.0' xlink:arcrole='http://www.xbrl.org/2003/arcrole/summation-item' xlink:from='loc_DefinedBenefitPlanFairValueOfPlanAssetsPeriodIncreaseDecrease' xlink:to='loc_DefinedBenefitPlanBenefitsPaid' xlink:type='arc' />
<calculationArc order='60' weight='1.0' xlink:arcrole='http://www.xbrl.org/2003/arcrole/summation-item' xlink:from='loc_DefinedBenefitPlanFairValueOfPlanAssetsPeriodIncreaseDecrease' xlink:to='loc_DefinedBenefitPlanPurchasesSalesAndSettlements' xlink:type='arc' />
<calculationArc order='10' weight='1.0' xlink:arcrole='http://www.xbrl.org/2003/arcrole/summation-item' xlink:from='loc_DefinedBenefitPlanPurchasesSalesAndSettlements' xlink:to='loc_DefinedBenefitPlanBusinessCombinationsAndAcquisitionsPlanAssets' xlink:type='arc' />
<calculationArc order='20' weight='-1.0' xlink:arcrole='http://www.xbrl.org/2003/arcrole/summation-item' xlink:from='loc_DefinedBenefitPlanPurchasesSalesAndSettlements' xlink:to='loc_DefinedBenefitPlanDivestituresPlanAssets' xlink:type='arc' />
<calculationArc order='30' weight='-1.0' xlink:arcrole='http://www.xbrl.org/2003/arcrole/summation-item' xlink:from='loc_DefinedBenefitPlanPurchasesSalesAndSettlements' xlink:to='loc_DefinedBenefitPlanSettlementsPlanAssets' xlink:type='arc' />
<calculationArc order='70' weight='1.0' xlink:arcrole='http://www.xbrl.org/2003/arcrole/summation-item' xlink:from='loc_DefinedBenefitPlanFairValueOfPlanAssetsPeriodIncreaseDecrease' xlink:to='loc_DefinedBenefitPlanTransfersBetweenMeasurementLevels' xlink:type='arc' />
<calculationArc order='10' use='optional' weight='1.0' xlink:arcrole='http://www.xbrl.org/2003/arcrole/summation-item' xlink:from='loc_DefinedBenefitPlanBeforeAdoptionOfSFAS158RecognitionProvisionsNetAmountRecognized' xlink:to='loc_DefinedBenefitPlanFundedStatusOfPlan' xlink:type='arc' />
<calculationArc order='10' weight='-1.0' xlink:arcrole='http://www.xbrl.org/2003/arcrole/summation-item' xlink:from='loc_DefinedBenefitPlanFundedStatusOfPlan' xlink:to='loc_DefinedBenefitPlanBenefitObligation' xlink:type='arc' />
<calculationArc order='20' weight='1.0' xlink:arcrole='http://www.xbrl.org/2003/arcrole/summation-item' xlink:from='loc_DefinedBenefitPlanFundedStatusOfPlan' xlink:to='loc_DefinedBenefitPlanFairValueOfPlanAssets' xlink:type='arc' />
<calculationArc order='20' use='optional' weight='-1.0' xlink:arcrole='http://www.xbrl.org/2003/arcrole/summation-item' xlink:from='loc_DefinedBenefitPlanBeforeAdoptionOfSFAS158RecognitionProvisionsNetAmountRecognized' xlink:to='loc_DefinedBenefitPlanBeforeAdoptionOfSFAS158RecognitionProvisionsNetTransitionObligationsAssetsNotYetRecognized' xlink:type='arc' />
<calculationArc order='30' use='optional' weight='-1.0' xlink:arcrole='http://www.xbrl.org/2003/arcrole/summation-item' xlink:from='loc_DefinedBenefitPlanBeforeAdoptionOfSFAS158RecognitionProvisionsNetAmountRecognized' xlink:to='loc_DefinedBenefitPlanBeforeAdoptionOfSFAS158RecognitionProvisionsNetPriorServiceCostsCreditsNotYetRecognized' xlink:type='arc' />
<calculationArc order='40' use='optional' weight='1.0' xlink:arcrole='http://www.xbrl.org/2003/arcrole/summation-item' xlink:from='loc_DefinedBenefitPlanBeforeAdoptionOfSFAS158RecognitionProvisionsNetAmountRecognized' xlink:to='loc_DefinedBenefitPlanBeforeAdoptionOfSFAS158RecognitionProvisionsNetGainsLossesNotYetRecognized' xlink:type='arc' />
<calculationArc order='50' use='optional' weight='-1.0' xlink:arcrole='http://www.xbrl.org/2003/arcrole/summation-item' xlink:from='loc_DefinedBenefitPlanBeforeAdoptionOfSFAS158RecognitionProvisionsNetAmountRecognized' xlink:to='loc_DefinedBenefitPlanBeforeAdoptionOfSFAS158RecognitionProvisionsMinimumPensionLiabilityAdjustment' xlink:type='arc' />
<calculationArc order='10' use='optional' weight='1.0' xlink:arcrole='http://www.xbrl.org/2003/arcrole/summation-item' xlink:from='loc_DefinedBenefitPlanNetPeriodicBenefitCost' xlink:to='loc_DefinedBenefitPlanServiceCost' xlink:type='arc' />
<calculationArc order='20' use='optional' weight='1.0' xlink:arcrole='http://www.xbrl.org/2003/arcrole/summation-item' xlink:from='loc_DefinedBenefitPlanNetPeriodicBenefitCost' xlink:to='loc_DefinedBenefitPlanInterestCost' xlink:type='arc' />
<calculationArc order='30' use='optional' weight='-1.0' xlink:arcrole='http://www.xbrl.org/2003/arcrole/summation-item' xlink:from='loc_DefinedBenefitPlanNetPeriodicBenefitCost' xlink:to='loc_DefinedBenefitPlanExpectedReturnOnPlanAssets' xlink:type='arc' />
<calculationArc order='40' weight='1.0' xlink:arcrole='http://www.xbrl.org/2003/arcrole/summation-item' xlink:from='loc_DefinedBenefitPlanNetPeriodicBenefitCost' xlink:to='loc_DefinedBenefitPlanRecognizedNetGainLossDueToSettlementsAndCurtailments' xlink:type='arc' />
<calculationArc order='10' weight='1.0' xlink:arcrole='http://www.xbrl.org/2003/arcrole/summation-item' xlink:from='loc_DefinedBenefitPlanRecognizedNetGainLossDueToSettlementsAndCurtailments' xlink:to='loc_DefinedBenefitPlanRecognizedNetGainLossDueToSettlements' xlink:type='arc' />
<calculationArc order='20' weight='-1.0' xlink:arcrole='http://www.xbrl.org/2003/arcrole/summation-item' xlink:from='loc_DefinedBenefitPlanRecognizedNetGainLossDueToSettlementsAndCurtailments' xlink:to='loc_DefinedBenefitPlanRecognizedNetGainLossDueToCurtailments' xlink:type='arc' />
<calculationArc order='50' use='optional' weight='-1.0' xlink:arcrole='http://www.xbrl.org/2003/arcrole/summation-item' xlink:from='loc_DefinedBenefitPlanNetPeriodicBenefitCost' xlink:to='loc_DefinedBenefitPlanAmortizationOfGainsLosses' xlink:type='arc' />
<calculationArc order='60' use='optional' weight='1.0' xlink:arcrole='http://www.xbrl.org/2003/arcrole/summation-item' xlink:from='loc_DefinedBenefitPlanNetPeriodicBenefitCost' xlink:to='loc_DefinedBenefitPlanAmortizationOfTransitionObligationsAssets' xlink:type='arc' />
<calculationArc order='70' use='optional' weight='1.0' xlink:arcrole='http://www.xbrl.org/2003/arcrole/summation-item' xlink:from='loc_DefinedBenefitPlanNetPeriodicBenefitCost' xlink:to='loc_DefinedBenefitPlanAmortizationOfPriorServiceCostCredit' xlink:type='arc' />
<calculationArc order='10' weight='-1.0' xlink:arcrole='http://www.xbrl.org/2003/arcrole/summation-item' xlink:from='loc_DefinedBenefitPlanAmountsThatWillBeAmortizedFromAccumulatedOtherComprehensiveIncomeLossInNextFiscalYear' xlink:to='loc_DefinedBenefitPlanAmortizationOfNetGainsLosses' xlink:type='arc' />
<calculationArc order='20' weight='1.0' xlink:arcrole='http://www.xbrl.org/2003/arcrole/summation-item' xlink:from='loc_DefinedBenefitPlanAmountsThatWillBeAmortizedFromAccumulatedOtherComprehensiveIncomeLossInNextFiscalYear' xlink:to='loc_DefinedBenefitPlanAmortizationOfNetPriorServiceCostCredit' xlink:type='arc' />
<calculationArc order='30' weight='-1.0' xlink:arcrole='http://www.xbrl.org/2003/arcrole/summation-item' xlink:from='loc_DefinedBenefitPlanAmountsThatWillBeAmortizedFromAccumulatedOtherComprehensiveIncomeLossInNextFiscalYear' xlink:to='loc_DefinedBenefitPlanAmortizationOfNetTransitionAssetObligation' xlink:type='arc' />
<calculationArc order='10' weight='-1.0' xlink:arcrole='http://www.xbrl.org/2003/arcrole/summation-item' xlink:from='loc_DefinedBenefitPlanAccumulatedOtherComprehensiveIncomeBeforeTax' xlink:to='loc_DefinedBenefitPlanAccumulatedOtherComprehensiveIncomeNetGainsLossesBeforeTax' xlink:type='arc' />
<calculationArc order='20' weight='1.0' xlink:arcrole='http://www.xbrl.org/2003/arcrole/summation-item' xlink:from='loc_DefinedBenefitPlanAccumulatedOtherComprehensiveIncomeBeforeTax' xlink:to='loc_DefinedBenefitPlanAccumulatedOtherComprehensiveIncomeNetPriorServiceCostCreditBeforeTax' xlink:type='arc' />
<calculationArc order='30' weight='-1.0' xlink:arcrole='http://www.xbrl.org/2003/arcrole/summation-item' xlink:from='loc_DefinedBenefitPlanAccumulatedOtherComprehensiveIncomeBeforeTax' xlink:to='loc_DefinedBenefitPlanAccumulatedOtherComprehensiveIncomeNetTransitionAssetsObligationsBeforeTax' xlink:type='arc' />
<calculationArc order='40' weight='1.0' xlink:arcrole='http://www.xbrl.org/2003/arcrole/summation-item' xlink:from='loc_DefinedBenefitPlanAccumulatedOtherComprehensiveIncomeBeforeTax' xlink:to='loc_DefinedBenefitPlanAccumulatedOtherComprehensiveIncomeMinimumPensionLiabilityBeforeTax' xlink:type='arc' />
<calculationArc order='10' weight='1.0' xlink:arcrole='http://www.xbrl.org/2003/arcrole/summation-item' xlink:from='loc_DefinedBenefitPlanWeightedAverageAssetAllocations' xlink:to='loc_DefinedBenefitPlanDebtSecurities' xlink:type='arc' />
<calculationArc order='20' weight='1.0' xlink:arcrole='http://www.xbrl.org/2003/arcrole/summation-item' xlink:from='loc_DefinedBenefitPlanWeightedAverageAssetAllocations' xlink:to='loc_DefinedBenefitPlanEquitySecurities' xlink:type='arc' />
<calculationArc order='30' weight='1.0' xlink:arcrole='http://www.xbrl.org/2003/arcrole/summation-item' xlink:from='loc_DefinedBenefitPlanWeightedAverageAssetAllocations' xlink:to='loc_DefinedBenefitPlanOtherPlanAssets' xlink:type='arc' />
<calculationArc order='40' weight='1.0' xlink:arcrole='http://www.xbrl.org/2003/arcrole/summation-item' xlink:from='loc_DefinedBenefitPlanWeightedAverageAssetAllocations' xlink:to='loc_DefinedBenefitPlanRealEstate' xlink:type='arc' />
<calculationArc order='10' weight='1.0' xlink:arcrole='http://www.xbrl.org/2003/arcrole/summation-item' xlink:from='loc_DefinedBenefitPlanBeforeAdoptionOfSFAS158RecognitionProvisionsAmountsRecognizedInBalanceSheet' xlink:to='loc_DefinedBenefitPlanBeforeAdoptionOfSFAS158RecognitionProvisionsPrepaidBenefitCost' xlink:type='arc' />
<calculationArc order='20' weight='-1.0' xlink:arcrole='http://www.xbrl.org/2003/arcrole/summation-item' xlink:from='loc_DefinedBenefitPlanBeforeAdoptionOfSFAS158RecognitionProvisionsAmountsRecognizedInBalanceSheet' xlink:to='loc_DefinedBenefitPlanBeforeAdoptionOfSFAS158RecognitionProvisionsAccruedBenefitLiability' xlink:type='arc' />
<calculationArc order='30' weight='1.0' xlink:arcrole='http://www.xbrl.org/2003/arcrole/summation-item' xlink:from='loc_DefinedBenefitPlanBeforeAdoptionOfSFAS158RecognitionProvisionsAmountsRecognizedInBalanceSheet' xlink:to='loc_DefinedBenefitPlanBeforeAdoptionOfSFAS158RecognitionProvisionsIntangibleAsset' xlink:type='arc' />
<calculationArc order='40' weight='1.0' xlink:arcrole='http://www.xbrl.org/2003/arcrole/summation-item' xlink:from='loc_DefinedBenefitPlanBeforeAdoptionOfSFAS158RecognitionProvisionsAmountsRecognizedInBalanceSheet' xlink:to='loc_DefinedBenefitPlanBeforeAdoptionOfSFAS158RecognitionProvisionsAccumulatedOtherComprehensiveIncome' xlink:type='arc' />
</calculationLink>
</link:linkbase>
