<?xml version="1.0" encoding="UTF-8" standalone="no"?>

<!--Copyright (C) 2007-2009 XBRL US, Inc. All Rights Reserved.
Notice: Authorized Uses are Set Forth at http://xbrl.us/legal2009
  -->
<link:linkbase xmlns:link='http://www.xbrl.org/2003/linkbase' xmlns:xlink='http://www.w3.org/1999/xlink' xmlns:xsi='http://www.w3.org/2001/XMLSchema-instance' xsi:schemaLocation='http://www.xbrl.org/2003/linkbase http://www.xbrl.org/2003/xbrl-linkbase-2003-12-31.xsd'>
<link:roleRef roleURI='http://xbrl.us/us-gaap/role/disclosure/InvestmentsEquityMethodAndJointVentures' xlink:href='../elts/us-roles-2009-01-31.xsd#emjv' xlink:type='simple' />
<calculationLink xlink:role='http://xbrl.us/us-gaap/role/disclosure/InvestmentsEquityMethodAndJointVentures' xlink:type='extended' xmlns='http://www.xbrl.org/2003/linkbase'>
<link:loc xlink:href='../elts/us-gaap-2009-01-31.xsd#us-gaap_EquityMethodInvestmentDifferenceBetweenCarryingAmountAndUnderlyingEquity' xlink:label='loc_EquityMethodInvestmentDifferenceBetweenCarryingAmountAndUnderlyingEquity' xlink:type='locator' />
<link:loc xlink:href='../elts/us-gaap-2009-01-31.xsd#us-gaap_EquityMethodInvestments' xlink:label='loc_EquityMethodInvestments' xlink:type='locator' />
<link:loc xlink:href='../elts/us-gaap-2009-01-31.xsd#us-gaap_EquityMethodInvestmentUnderlyingEquityInNetAssets' xlink:label='loc_EquityMethodInvestmentUnderlyingEquityInNetAssets' xlink:type='locator' />
<link:loc xlink:href='../elts/us-gaap-2009-01-31.xsd#us-gaap_EquityMethodInvestmentSummarizedFinancialInformationGrossProfitLoss' xlink:label='loc_EquityMethodInvestmentSummarizedFinancialInformationGrossProfitLoss' xlink:type='locator' />
<link:loc xlink:href='../elts/us-gaap-2009-01-31.xsd#us-gaap_EquityMethodInvestmentSummarizedFinancialInformationNetSalesOrGrossRevenue' xlink:label='loc_EquityMethodInvestmentSummarizedFinancialInformationNetSalesOrGrossRevenue' xlink:type='locator' />
<link:loc xlink:href='../elts/us-gaap-2009-01-31.xsd#us-gaap_EquityMethodInvestmentSummarizedFinancialInformationCostOfSalesOrRevenue' xlink:label='loc_EquityMethodInvestmentSummarizedFinancialInformationCostOfSalesOrRevenue' xlink:type='locator' />
<link:loc xlink:href='../elts/us-gaap-2009-01-31.xsd#us-gaap_EquityMethodInvestmentSummarizedFinancialInformationLiabilitiesAndEquity' xlink:label='loc_EquityMethodInvestmentSummarizedFinancialInformationLiabilitiesAndEquity' xlink:type='locator' />
<link:loc xlink:href='../elts/us-gaap-2009-01-31.xsd#us-gaap_EquityMethodInvestmentSummarizedFinancialInformationLiabilities' xlink:label='loc_EquityMethodInvestmentSummarizedFinancialInformationLiabilities' xlink:type='locator' />
<link:loc xlink:href='../elts/us-gaap-2009-01-31.xsd#us-gaap_EquityMethodInvestmentSummarizedFinancialInformationCurrentLiabilities' xlink:label='loc_EquityMethodInvestmentSummarizedFinancialInformationCurrentLiabilities' xlink:type='locator' />
<link:loc xlink:href='../elts/us-gaap-2009-01-31.xsd#us-gaap_EquityMethodInvestmentSummarizedFinancialInformationNoncurrentLiabilities' xlink:label='loc_EquityMethodInvestmentSummarizedFinancialInformationNoncurrentLiabilities' xlink:type='locator' />
<link:loc xlink:href='../elts/us-gaap-2009-01-31.xsd#us-gaap_EquityMethodInvestmentSummarizedFinancialInformationRedeemablePreferredStock' xlink:label='loc_EquityMethodInvestmentSummarizedFinancialInformationRedeemablePreferredStock' xlink:type='locator' />
<link:loc xlink:href='../elts/us-gaap-2009-01-31.xsd#us-gaap_EquityMethodInvestmentSummarizedFinancialInformationMinorityInterest' xlink:label='loc_EquityMethodInvestmentSummarizedFinancialInformationMinorityInterest' xlink:type='locator' />
<link:loc xlink:href='../elts/us-gaap-2009-01-31.xsd#us-gaap_EquityMethodInvestmentSummarizedFinancialInformationEquityOrCapital' xlink:label='loc_EquityMethodInvestmentSummarizedFinancialInformationEquityOrCapital' xlink:type='locator' />
<link:loc xlink:href='../elts/us-gaap-2009-01-31.xsd#us-gaap_EquityMethodInvestmentSummarizedFinancialInformationAssets' xlink:label='loc_EquityMethodInvestmentSummarizedFinancialInformationAssets' xlink:type='locator' />
<link:loc xlink:href='../elts/us-gaap-2009-01-31.xsd#us-gaap_EquityMethodInvestmentSummarizedFinancialInformationCurrentAssets' xlink:label='loc_EquityMethodInvestmentSummarizedFinancialInformationCurrentAssets' xlink:type='locator' />
<link:loc xlink:href='../elts/us-gaap-2009-01-31.xsd#us-gaap_EquityMethodInvestmentSummarizedFinancialInformationNoncurrentAssets' xlink:label='loc_EquityMethodInvestmentSummarizedFinancialInformationNoncurrentAssets' xlink:type='locator' />
<link:loc xlink:href='../elts/us-gaap-2009-01-31.xsd#us-gaap_EquityMethodInvestmentRealizedGainLossOnDisposal' xlink:label='loc_EquityMethodInvestmentRealizedGainLossOnDisposal' xlink:type='locator' />
<link:loc xlink:href='../elts/us-gaap-2009-01-31.xsd#us-gaap_EquityMethodInvestmentNetSalesProceeds' xlink:label='loc_EquityMethodInvestmentNetSalesProceeds' xlink:type='locator' />
<link:loc xlink:href='../elts/us-gaap-2009-01-31.xsd#us-gaap_EquityMethodInvestmentSoldCarryingAmount' xlink:label='loc_EquityMethodInvestmentSoldCarryingAmount' xlink:type='locator' />
<calculationArc order='10' weight='1.0' xlink:arcrole='http://www.xbrl.org/2003/arcrole/summation-item' xlink:from='loc_EquityMethodInvestmentDifferenceBetweenCarryingAmountAndUnderlyingEquity' xlink:to='loc_EquityMethodInvestments' xlink:type='arc' />
<calculationArc order='20' weight='-1.0' xlink:arcrole='http://www.xbrl.org/2003/arcrole/summation-item' xlink:from='loc_EquityMethodInvestmentDifferenceBetweenCarryingAmountAndUnderlyingEquity' xlink:to='loc_EquityMethodInvestmentUnderlyingEquityInNetAssets' xlink:type='arc' />
<calculationArc order='10' weight='1.0' xlink:arcrole='http://www.xbrl.org/2003/arcrole/summation-item' xlink:from='loc_EquityMethodInvestmentSummarizedFinancialInformationGrossProfitLoss' xlink:to='loc_EquityMethodInvestmentSummarizedFinancialInformationNetSalesOrGrossRevenue' xlink:type='arc' />
<calculationArc order='20' weight='-1.0' xlink:arcrole='http://www.xbrl.org/2003/arcrole/summation-item' xlink:from='loc_EquityMethodInvestmentSummarizedFinancialInformationGrossProfitLoss' xlink:to='loc_EquityMethodInvestmentSummarizedFinancialInformationCostOfSalesOrRevenue' xlink:type='arc' />
<calculationArc order='10' weight='1.0' xlink:arcrole='http://www.xbrl.org/2003/arcrole/summation-item' xlink:from='loc_EquityMethodInvestmentSummarizedFinancialInformationLiabilitiesAndEquity' xlink:to='loc_EquityMethodInvestmentSummarizedFinancialInformationLiabilities' xlink:type='arc' />
<calculationArc order='10' weight='1.0' xlink:arcrole='http://www.xbrl.org/2003/arcrole/summation-item' xlink:from='loc_EquityMethodInvestmentSummarizedFinancialInformationLiabilities' xlink:to='loc_EquityMethodInvestmentSummarizedFinancialInformationCurrentLiabilities' xlink:type='arc' />
<calculationArc order='20' weight='1.0' xlink:arcrole='http://www.xbrl.org/2003/arcrole/summation-item' xlink:from='loc_EquityMethodInvestmentSummarizedFinancialInformationLiabilities' xlink:to='loc_EquityMethodInvestmentSummarizedFinancialInformationNoncurrentLiabilities' xlink:type='arc' />
<calculationArc order='30' weight='1.0' xlink:arcrole='http://www.xbrl.org/2003/arcrole/summation-item' xlink:from='loc_EquityMethodInvestmentSummarizedFinancialInformationLiabilities' xlink:to='loc_EquityMethodInvestmentSummarizedFinancialInformationRedeemablePreferredStock' xlink:type='arc' />
<calculationArc order='40' weight='1.0' xlink:arcrole='http://www.xbrl.org/2003/arcrole/summation-item' xlink:from='loc_EquityMethodInvestmentSummarizedFinancialInformationLiabilities' xlink:to='loc_EquityMethodInvestmentSummarizedFinancialInformationMinorityInterest' xlink:type='arc' />
<calculationArc order='20' weight='1.0' xlink:arcrole='http://www.xbrl.org/2003/arcrole/summation-item' xlink:from='loc_EquityMethodInvestmentSummarizedFinancialInformationLiabilitiesAndEquity' xlink:to='loc_EquityMethodInvestmentSummarizedFinancialInformationEquityOrCapital' xlink:type='arc' />
<calculationArc order='10' weight='1.0' xlink:arcrole='http://www.xbrl.org/2003/arcrole/summation-item' xlink:from='loc_EquityMethodInvestmentSummarizedFinancialInformationAssets' xlink:to='loc_EquityMethodInvestmentSummarizedFinancialInformationCurrentAssets' xlink:type='arc' />
<calculationArc order='20' weight='1.0' xlink:arcrole='http://www.xbrl.org/2003/arcrole/summation-item' xlink:from='loc_EquityMethodInvestmentSummarizedFinancialInformationAssets' xlink:to='loc_EquityMethodInvestmentSummarizedFinancialInformationNoncurrentAssets' xlink:type='arc' />
<calculationArc order='10' weight='1.0' xlink:arcrole='http://www.xbrl.org/2003/arcrole/summation-item' xlink:from='loc_EquityMethodInvestmentRealizedGainLossOnDisposal' xlink:to='loc_EquityMethodInvestmentNetSalesProceeds' xlink:type='arc' />
<calculationArc order='20' weight='-1.0' xlink:arcrole='http://www.xbrl.org/2003/arcrole/summation-item' xlink:from='loc_EquityMethodInvestmentRealizedGainLossOnDisposal' xlink:to='loc_EquityMethodInvestmentSoldCarryingAmount' xlink:type='arc' />
</calculationLink>
</link:linkbase>
