<?xml version="1.0" encoding="UTF-8" standalone="no"?>

<!--Copyright (C) 2007-2009 XBRL US, Inc. All Rights Reserved.
Notice: Authorized Uses are Set Forth at http://xbrl.us/legal2009
  -->
<link:linkbase xmlns:link='http://www.xbrl.org/2003/linkbase' xmlns:xbrldt='http://xbrl.org/2005/xbrldt' xmlns:xlink='http://www.w3.org/1999/xlink' xmlns:xsi='http://www.w3.org/2001/XMLSchema-instance' xsi:schemaLocation='http://www.xbrl.org/2003/linkbase http://www.xbrl.org/2003/xbrl-linkbase-2003-12-31.xsd'>
<link:roleRef roleURI='http://xbrl.us/us-gaap/role/disclosure/OrganizationConsolidationAndPresentationOfFinancialStatementsScheduleOfSubsidiaryOfLimitedLiabilityCompanyOrLimitedPartnershipTable' xlink:href='../elts/us-roles-2009-01-31.xsd#OrganizationConsolidationAndPresentationOfFinancialStatementsScheduleOfSubsidiaryOfLimitedLiabilityCompanyOrLimitedPartnershipTable' xlink:type='simple' />
<link:roleRef roleURI='http://xbrl.us/us-gaap/role/disclosure/OrganizationConsolidationAndPresentationOfFinancialStatementsScheduleOfVariableInterestEntitiesTable' xlink:href='../elts/us-roles-2009-01-31.xsd#OrganizationConsolidationAndPresentationOfFinancialStatementsScheduleOfVariableInterestEntitiesTable' xlink:type='simple' />
<link:roleRef roleURI='http://xbrl.us/us-gaap/role/disclosure/OrganizationConsolidationAndPresentationOfFinancialStatementsConsolidationLessThanWhollyOwnedSubsidiaryParentOwnershipInterestEffectsOfChangesNetTable' xlink:href='../elts/us-roles-2009-01-31.xsd#OrganizationConsolidationAndPresentationOfFinancialStatementsConsolidationLessThanWhollyOwnedSubsidiaryParentOwnershipInterestEffectsOfChangesNetTable' xlink:type='simple' />
<link:roleRef roleURI='http://xbrl.us/us-gaap/role/disclosure/OrganizationConsolidationAndPresentationOfFinancialStatementsVariableInterestCarryingAmountOfLiabilitiesTable' xlink:href='../elts/us-roles-2009-01-31.xsd#OrganizationConsolidationAndPresentationOfFinancialStatementsVariableInterestCarryingAmountOfLiabilitiesTable' xlink:type='simple' />
<link:roleRef roleURI='http://xbrl.us/us-gaap/role/disclosure/OrganizationConsolidationAndPresentationOfFinancialStatementsScheduleOfQualifiedSpecialPurposeEntitiesTable' xlink:href='../elts/us-roles-2009-01-31.xsd#OrganizationConsolidationAndPresentationOfFinancialStatementsScheduleOfQualifiedSpecialPurposeEntitiesTable' xlink:type='simple' />
<link:arcroleRef arcroleURI='http://xbrl.org/int/dim/arcrole/all' xlink:href='http://www.xbrl.org/2005/xbrldt-2005.xsd#all' xlink:type='simple' />
<link:arcroleRef arcroleURI='http://xbrl.org/int/dim/arcrole/hypercube-dimension' xlink:href='http://www.xbrl.org/2005/xbrldt-2005.xsd#hypercube-dimension' xlink:type='simple' />
<link:arcroleRef arcroleURI='http://xbrl.org/int/dim/arcrole/dimension-domain' xlink:href='http://www.xbrl.org/2005/xbrldt-2005.xsd#dimension-domain' xlink:type='simple' />
<link:arcroleRef arcroleURI='http://xbrl.org/int/dim/arcrole/dimension-default' xlink:href='http://www.xbrl.org/2005/xbrldt-2005.xsd#dimension-default' xlink:type='simple' />
<link:arcroleRef arcroleURI='http://xbrl.org/int/dim/arcrole/domain-member' xlink:href='http://www.xbrl.org/2005/xbrldt-2005.xsd#domain-member' xlink:type='simple' />
<!--Definition relationships for table VariableInterestCarryingAmountOfLiabilitiesTable in presentation http://xbrl.us/us-gaap/role/disclosure/OrganizationConsolidationAndPresentationOfFinancialStatements-->
<link:definitionLink xlink:role='http://xbrl.us/us-gaap/role/disclosure/OrganizationConsolidationAndPresentationOfFinancialStatementsVariableInterestCarryingAmountOfLiabilitiesTable' xlink:type='extended'>
<link:loc xlink:href='../elts/us-gaap-2009-01-31.xsd#us-gaap_VariableInterestCarryingAmountOfLiabilitiesTable' xlink:label='loc_VariableInterestCarryingAmountOfLiabilitiesTable' xlink:type='locator' />
<link:loc xlink:href='../elts/us-gaap-2009-01-31.xsd#us-gaap_VariableInterestLineItems' xlink:label='loc_VariableInterestLineItems' xlink:type='locator' />
<link:definitionArc order='1.0' xbrldt:closed='true' xbrldt:contextElement='segment' xlink:arcrole='http://xbrl.org/int/dim/arcrole/all' xlink:from='loc_VariableInterestLineItems' xlink:to='loc_VariableInterestCarryingAmountOfLiabilitiesTable' xlink:type='arc' />
</link:definitionLink>
<link:definitionLink xlink:role='http://xbrl.us/us-gaap/role/disclosure/OrganizationConsolidationAndPresentationOfFinancialStatementsVariableInterestCarryingAmountOfLiabilitiesTable' xlink:type='extended'>
<link:loc xlink:href='../elts/us-gaap-2009-01-31.xsd#us-gaap_VariableInterestCarryingAmountOfLiabilitiesTable' xlink:label='loc_VariableInterestCarryingAmountOfLiabilitiesTable' xlink:type='locator' />
<link:loc xlink:href='../elts/us-gaap-2009-01-31.xsd#us-gaap_VariableInterestByInterestTypeAxis' xlink:label='loc_VariableInterestByInterestTypeAxis' xlink:type='locator' />
<link:definitionArc order='1.0' xlink:arcrole='http://xbrl.org/int/dim/arcrole/hypercube-dimension' xlink:from='loc_VariableInterestCarryingAmountOfLiabilitiesTable' xlink:to='loc_VariableInterestByInterestTypeAxis' xlink:type='arc' />
</link:definitionLink>
<link:definitionLink xlink:role='http://xbrl.us/us-gaap/role/disclosure/OrganizationConsolidationAndPresentationOfFinancialStatementsVariableInterestCarryingAmountOfLiabilitiesTable' xlink:type='extended'>
<link:loc xlink:href='../elts/us-gaap-2009-01-31.xsd#us-gaap_VariableInterestByInterestTypeAxis' xlink:label='loc_VariableInterestByInterestTypeAxis' xlink:type='locator' />
<link:loc xlink:href='../elts/us-gaap-2009-01-31.xsd#us-gaap_VariableInterestTypeDomain' xlink:label='loc_VariableInterestTypeDomain' xlink:type='locator' />
<link:definitionArc order='1.0' xlink:arcrole='http://xbrl.org/int/dim/arcrole/dimension-domain' xlink:from='loc_VariableInterestByInterestTypeAxis' xlink:to='loc_VariableInterestTypeDomain' xlink:type='arc' />
</link:definitionLink>
<link:definitionLink xlink:role='http://xbrl.us/us-gaap/role/disclosure/OrganizationConsolidationAndPresentationOfFinancialStatementsVariableInterestCarryingAmountOfLiabilitiesTable' xlink:type='extended'>
<link:loc xlink:href='../elts/us-gaap-2009-01-31.xsd#us-gaap_VariableInterestByInterestTypeAxis' xlink:label='loc_VariableInterestByInterestTypeAxis' xlink:type='locator' />
<link:loc xlink:href='../elts/us-gaap-2009-01-31.xsd#us-gaap_VariableInterestTypeDomain' xlink:label='loc_VariableInterestTypeDomain' xlink:type='locator' />
<link:definitionArc order='1.0' xlink:arcrole='http://xbrl.org/int/dim/arcrole/dimension-default' xlink:from='loc_VariableInterestByInterestTypeAxis' xlink:to='loc_VariableInterestTypeDomain' xlink:type='arc' />
</link:definitionLink>
<link:definitionLink xlink:role='http://xbrl.us/us-gaap/role/disclosure/OrganizationConsolidationAndPresentationOfFinancialStatementsVariableInterestCarryingAmountOfLiabilitiesTable' xlink:type='extended'>
<link:loc xlink:href='../elts/us-gaap-2009-01-31.xsd#us-gaap_VariableInterestLineItems' xlink:label='loc_VariableInterestLineItems' xlink:type='locator' />
<link:loc xlink:href='../elts/us-gaap-2009-01-31.xsd#us-gaap_VariableInterestDescription' xlink:label='loc_VariableInterestDescription' xlink:type='locator' />
<link:loc xlink:href='../elts/us-gaap-2009-01-31.xsd#us-gaap_DifferenceBetweenCarryingAmountAndMaximumExposureAbstract' xlink:label='loc_DifferenceBetweenCarryingAmountAndMaximumExposureAbstract' xlink:type='locator' />
<link:loc xlink:href='../elts/us-gaap-2009-01-31.xsd#us-gaap_VariableInterestCarryingAmountAbstract' xlink:label='loc_VariableInterestCarryingAmountAbstract' xlink:type='locator' />
<link:loc xlink:href='../elts/us-gaap-2009-01-31.xsd#us-gaap_VariableInterestCarryingAmountAssets' xlink:label='loc_VariableInterestCarryingAmountAssets' xlink:type='locator' />
<link:loc xlink:href='../elts/us-gaap-2009-01-31.xsd#us-gaap_VariableInterestCarryingAmountLiabilities' xlink:label='loc_VariableInterestCarryingAmountLiabilities' xlink:type='locator' />
<link:loc xlink:href='../elts/us-gaap-2009-01-31.xsd#us-gaap_VariableInterestCarryingAmount' xlink:label='loc_VariableInterestCarryingAmount' xlink:type='locator' />
<link:loc xlink:href='../elts/us-gaap-2009-01-31.xsd#us-gaap_VariableInterestMaximumExposureToLoss' xlink:label='loc_VariableInterestMaximumExposureToLoss' xlink:type='locator' />
<link:loc xlink:href='../elts/us-gaap-2009-01-31.xsd#us-gaap_VariableInterestDifferenceBetweenCarryingAmountAndMaximumExposure' xlink:label='loc_VariableInterestDifferenceBetweenCarryingAmountAndMaximumExposure' xlink:type='locator' />
<link:loc xlink:href='../elts/us-gaap-2009-01-31.xsd#us-gaap_ExplanationOfTheDifferenceQualitativeAndQuantitative' xlink:label='loc_ExplanationOfTheDifferenceQualitativeAndQuantitative' xlink:type='locator' />
<link:loc xlink:href='../elts/us-gaap-2009-01-31.xsd#us-gaap_HowTheMaximumExposureToLossIsDeterminedQualitative' xlink:label='loc_HowTheMaximumExposureToLossIsDeterminedQualitative' xlink:type='locator' />
<link:loc xlink:href='../elts/us-gaap-2009-01-31.xsd#us-gaap_HowTheMaximumExposureToLossIsDeterminedQuantitative' xlink:label='loc_HowTheMaximumExposureToLossIsDeterminedQuantitative' xlink:type='locator' />
<link:loc xlink:href='../elts/us-gaap-2009-01-31.xsd#us-gaap_SignificantSourcesOfTheExposureToLossQualitative' xlink:label='loc_SignificantSourcesOfTheExposureToLossQualitative' xlink:type='locator' />
<link:loc xlink:href='../elts/us-gaap-2009-01-31.xsd#us-gaap_SignificantSourcesOfTheExposureToLossQuantitative' xlink:label='loc_SignificantSourcesOfTheExposureToLossQuantitative' xlink:type='locator' />
<link:loc xlink:href='../elts/us-gaap-2009-01-31.xsd#us-gaap_MaximumExposureToLossCannotBeQuantified' xlink:label='loc_MaximumExposureToLossCannotBeQuantified' xlink:type='locator' />
<link:loc xlink:href='../elts/us-gaap-2009-01-31.xsd#us-gaap_LiquidityArrangementsGuaranteesAndOtherCommitmentsByThirdParties' xlink:label='loc_LiquidityArrangementsGuaranteesAndOtherCommitmentsByThirdParties' xlink:type='locator' />
<link:definitionArc order='1.0' xlink:arcrole='http://xbrl.org/int/dim/arcrole/domain-member' xlink:from='loc_VariableInterestLineItems' xlink:to='loc_VariableInterestDescription' xlink:type='arc' />
<link:definitionArc order='2.0' xlink:arcrole='http://xbrl.org/int/dim/arcrole/domain-member' xlink:from='loc_VariableInterestLineItems' xlink:to='loc_DifferenceBetweenCarryingAmountAndMaximumExposureAbstract' xlink:type='arc' />
<link:definitionArc order='3.0' xlink:arcrole='http://xbrl.org/int/dim/arcrole/domain-member' xlink:from='loc_DifferenceBetweenCarryingAmountAndMaximumExposureAbstract' xlink:to='loc_VariableInterestCarryingAmountAbstract' xlink:type='arc' />
<link:definitionArc order='4.0' xlink:arcrole='http://xbrl.org/int/dim/arcrole/domain-member' xlink:from='loc_VariableInterestCarryingAmountAbstract' xlink:to='loc_VariableInterestCarryingAmountAssets' xlink:type='arc' />
<link:definitionArc order='5.0' xlink:arcrole='http://xbrl.org/int/dim/arcrole/domain-member' xlink:from='loc_VariableInterestCarryingAmountAbstract' xlink:to='loc_VariableInterestCarryingAmountLiabilities' xlink:type='arc' />
<link:definitionArc order='6.0' xlink:arcrole='http://xbrl.org/int/dim/arcrole/domain-member' xlink:from='loc_VariableInterestCarryingAmountAbstract' xlink:to='loc_VariableInterestCarryingAmount' xlink:type='arc' />
<link:definitionArc order='7.0' xlink:arcrole='http://xbrl.org/int/dim/arcrole/domain-member' xlink:from='loc_DifferenceBetweenCarryingAmountAndMaximumExposureAbstract' xlink:to='loc_VariableInterestMaximumExposureToLoss' xlink:type='arc' />
<link:definitionArc order='8.0' xlink:arcrole='http://xbrl.org/int/dim/arcrole/domain-member' xlink:from='loc_DifferenceBetweenCarryingAmountAndMaximumExposureAbstract' xlink:to='loc_VariableInterestDifferenceBetweenCarryingAmountAndMaximumExposure' xlink:type='arc' />
<link:definitionArc order='9.0' xlink:arcrole='http://xbrl.org/int/dim/arcrole/domain-member' xlink:from='loc_VariableInterestDifferenceBetweenCarryingAmountAndMaximumExposure' xlink:to='loc_ExplanationOfTheDifferenceQualitativeAndQuantitative' xlink:type='arc' />
<link:definitionArc order='10.0' xlink:arcrole='http://xbrl.org/int/dim/arcrole/domain-member' xlink:from='loc_VariableInterestLineItems' xlink:to='loc_HowTheMaximumExposureToLossIsDeterminedQualitative' xlink:type='arc' />
<link:definitionArc order='11.0' xlink:arcrole='http://xbrl.org/int/dim/arcrole/domain-member' xlink:from='loc_VariableInterestLineItems' xlink:to='loc_HowTheMaximumExposureToLossIsDeterminedQuantitative' xlink:type='arc' />
<link:definitionArc order='12.0' xlink:arcrole='http://xbrl.org/int/dim/arcrole/domain-member' xlink:from='loc_VariableInterestLineItems' xlink:to='loc_SignificantSourcesOfTheExposureToLossQualitative' xlink:type='arc' />
<link:definitionArc order='13.0' xlink:arcrole='http://xbrl.org/int/dim/arcrole/domain-member' xlink:from='loc_VariableInterestLineItems' xlink:to='loc_SignificantSourcesOfTheExposureToLossQuantitative' xlink:type='arc' />
<link:definitionArc order='14.0' xlink:arcrole='http://xbrl.org/int/dim/arcrole/domain-member' xlink:from='loc_VariableInterestLineItems' xlink:to='loc_MaximumExposureToLossCannotBeQuantified' xlink:type='arc' />
<link:definitionArc order='15.0' xlink:arcrole='http://xbrl.org/int/dim/arcrole/domain-member' xlink:from='loc_VariableInterestLineItems' xlink:to='loc_LiquidityArrangementsGuaranteesAndOtherCommitmentsByThirdParties' xlink:type='arc' />
</link:definitionLink>
<link:definitionLink xlink:role='http://xbrl.us/us-gaap/role/disclosure/OrganizationConsolidationAndPresentationOfFinancialStatementsVariableInterestCarryingAmountOfLiabilitiesTable' xlink:type='extended'>
<link:loc xlink:href='../elts/us-gaap-2009-01-31.xsd#us-gaap_VariableInterestTypeDomain' xlink:label='loc_VariableInterestTypeDomain' xlink:type='locator' />
<link:loc xlink:href='../elts/us-gaap-2009-01-31.xsd#us-gaap_VariableInterestSponsorMember' xlink:label='loc_VariableInterestSponsorMember' xlink:type='locator' />
<link:loc xlink:href='../elts/us-gaap-2009-01-31.xsd#us-gaap_VariableInterestEnterpriseMember' xlink:label='loc_VariableInterestEnterpriseMember' xlink:type='locator' />
<link:definitionArc order='1.0' xlink:arcrole='http://xbrl.org/int/dim/arcrole/domain-member' xlink:from='loc_VariableInterestTypeDomain' xlink:to='loc_VariableInterestSponsorMember' xlink:type='arc' />
<link:definitionArc order='2.0' xlink:arcrole='http://xbrl.org/int/dim/arcrole/domain-member' xlink:from='loc_VariableInterestTypeDomain' xlink:to='loc_VariableInterestEnterpriseMember' xlink:type='arc' />
</link:definitionLink>
<!--Definition relationships for table ScheduleOfVariableInterestEntitiesTable in presentation http://xbrl.us/us-gaap/role/disclosure/OrganizationConsolidationAndPresentationOfFinancialStatements-->
<link:definitionLink xlink:role='http://xbrl.us/us-gaap/role/disclosure/OrganizationConsolidationAndPresentationOfFinancialStatementsScheduleOfVariableInterestEntitiesTable' xlink:type='extended'>
<link:loc xlink:href='../elts/us-gaap-2009-01-31.xsd#us-gaap_ScheduleOfVariableInterestEntitiesTable' xlink:label='loc_ScheduleOfVariableInterestEntitiesTable' xlink:type='locator' />
<link:loc xlink:href='../elts/us-gaap-2009-01-31.xsd#us-gaap_VariableInterestEntityLineItems' xlink:label='loc_VariableInterestEntityLineItems' xlink:type='locator' />
<link:definitionArc order='1.0' xbrldt:closed='true' xbrldt:contextElement='segment' xlink:arcrole='http://xbrl.org/int/dim/arcrole/all' xlink:from='loc_VariableInterestEntityLineItems' xlink:to='loc_ScheduleOfVariableInterestEntitiesTable' xlink:type='arc' />
</link:definitionLink>
<link:definitionLink xlink:role='http://xbrl.us/us-gaap/role/disclosure/OrganizationConsolidationAndPresentationOfFinancialStatementsScheduleOfVariableInterestEntitiesTable' xlink:type='extended'>
<link:loc xlink:href='../elts/us-gaap-2009-01-31.xsd#us-gaap_ScheduleOfVariableInterestEntitiesTable' xlink:label='loc_ScheduleOfVariableInterestEntitiesTable' xlink:type='locator' />
<link:loc xlink:href='../elts/us-gaap-2009-01-31.xsd#us-gaap_VariableInterestEntitiesByClassificationOfEntityAxis' xlink:label='loc_VariableInterestEntitiesByClassificationOfEntityAxis' xlink:type='locator' />
<link:definitionArc order='1.0' xlink:arcrole='http://xbrl.org/int/dim/arcrole/hypercube-dimension' xlink:from='loc_ScheduleOfVariableInterestEntitiesTable' xlink:to='loc_VariableInterestEntitiesByClassificationOfEntityAxis' xlink:type='arc' />
</link:definitionLink>
<link:definitionLink xlink:role='http://xbrl.us/us-gaap/role/disclosure/OrganizationConsolidationAndPresentationOfFinancialStatementsScheduleOfVariableInterestEntitiesTable' xlink:type='extended'>
<link:loc xlink:href='../elts/us-gaap-2009-01-31.xsd#us-gaap_VariableInterestEntitiesByClassificationOfEntityAxis' xlink:label='loc_VariableInterestEntitiesByClassificationOfEntityAxis' xlink:type='locator' />
<link:loc xlink:href='../elts/us-gaap-2009-01-31.xsd#us-gaap_ClassificationOfVariableInterestEntityDomain' xlink:label='loc_ClassificationOfVariableInterestEntityDomain' xlink:type='locator' />
<link:definitionArc order='1.0' xlink:arcrole='http://xbrl.org/int/dim/arcrole/dimension-domain' xlink:from='loc_VariableInterestEntitiesByClassificationOfEntityAxis' xlink:to='loc_ClassificationOfVariableInterestEntityDomain' xlink:type='arc' />
</link:definitionLink>
<link:definitionLink xlink:role='http://xbrl.us/us-gaap/role/disclosure/OrganizationConsolidationAndPresentationOfFinancialStatementsScheduleOfVariableInterestEntitiesTable' xlink:type='extended'>
<link:loc xlink:href='../elts/us-gaap-2009-01-31.xsd#us-gaap_VariableInterestEntitiesByClassificationOfEntityAxis' xlink:label='loc_VariableInterestEntitiesByClassificationOfEntityAxis' xlink:type='locator' />
<link:loc xlink:href='../elts/us-gaap-2009-01-31.xsd#us-gaap_ClassificationOfVariableInterestEntityDomain' xlink:label='loc_ClassificationOfVariableInterestEntityDomain' xlink:type='locator' />
<link:definitionArc order='1.0' xlink:arcrole='http://xbrl.org/int/dim/arcrole/dimension-default' xlink:from='loc_VariableInterestEntitiesByClassificationOfEntityAxis' xlink:to='loc_ClassificationOfVariableInterestEntityDomain' xlink:type='arc' />
</link:definitionLink>
<link:definitionLink xlink:role='http://xbrl.us/us-gaap/role/disclosure/OrganizationConsolidationAndPresentationOfFinancialStatementsScheduleOfVariableInterestEntitiesTable' xlink:type='extended'>
<link:loc xlink:href='../elts/us-gaap-2009-01-31.xsd#us-gaap_VariableInterestEntityLineItems' xlink:label='loc_VariableInterestEntityLineItems' xlink:type='locator' />
<link:loc xlink:href='../elts/us-gaap-2009-01-31.xsd#us-gaap_VariableInterestEntityDescriptionOfEntity' xlink:label='loc_VariableInterestEntityDescriptionOfEntity' xlink:type='locator' />
<link:loc xlink:href='../elts/us-gaap-2009-01-31.xsd#us-gaap_VariableInterestEntityClassificationDescription' xlink:label='loc_VariableInterestEntityClassificationDescription' xlink:type='locator' />
<link:loc xlink:href='../elts/us-gaap-2009-01-31.xsd#us-gaap_VariableInterestEntityTypeOfEntity' xlink:label='loc_VariableInterestEntityTypeOfEntity' xlink:type='locator' />
<link:loc xlink:href='../elts/us-gaap-2009-01-31.xsd#us-gaap_VariableInterestEntityIdentificationAsSpecialPurposeEntityOrQSPE' xlink:label='loc_VariableInterestEntityIdentificationAsSpecialPurposeEntityOrQSPE' xlink:type='locator' />
<link:loc xlink:href='../elts/us-gaap-2009-01-31.xsd#us-gaap_VariableInterestEntityOwnershipPercentage' xlink:label='loc_VariableInterestEntityOwnershipPercentage' xlink:type='locator' />
<link:loc xlink:href='../elts/us-gaap-2009-01-31.xsd#us-gaap_VariableInterestEntityVIEPurposeOfVIE' xlink:label='loc_VariableInterestEntityVIEPurposeOfVIE' xlink:type='locator' />
<link:loc xlink:href='../elts/us-gaap-2009-01-31.xsd#us-gaap_VariableInterestEntityVIESizeOfVIE' xlink:label='loc_VariableInterestEntityVIESizeOfVIE' xlink:type='locator' />
<link:loc xlink:href='../elts/us-gaap-2009-01-31.xsd#us-gaap_VariableInterestEntityVIEActivitiesOfVIE' xlink:label='loc_VariableInterestEntityVIEActivitiesOfVIE' xlink:type='locator' />
<link:loc xlink:href='../elts/us-gaap-2009-01-31.xsd#us-gaap_VariableInterestEntityCarryingAmountOfCollateralizedAssets' xlink:label='loc_VariableInterestEntityCarryingAmountOfCollateralizedAssets' xlink:type='locator' />
<link:loc xlink:href='../elts/us-gaap-2009-01-31.xsd#us-gaap_VariableInterestEntityCarryingAmountOfCollateralizedAssetsUnconsolidatedVIE' xlink:label='loc_VariableInterestEntityCarryingAmountOfCollateralizedAssetsUnconsolidatedVIE' xlink:type='locator' />
<link:loc xlink:href='../elts/us-gaap-2009-01-31.xsd#us-gaap_VariableInterestEntityCarryingAmountOfLiabilitiesConsolidatedVIE' xlink:label='loc_VariableInterestEntityCarryingAmountOfLiabilitiesConsolidatedVIE' xlink:type='locator' />
<link:loc xlink:href='../elts/us-gaap-2009-01-31.xsd#us-gaap_VariableInterestEntityCarryingAmountOfCollateralizedLiabilitiesUnconsolidatedVIE' xlink:label='loc_VariableInterestEntityCarryingAmountOfCollateralizedLiabilitiesUnconsolidatedVIE' xlink:type='locator' />
<link:loc xlink:href='../elts/us-gaap-2009-01-31.xsd#us-gaap_VariableInterestEntityClassificationOfCollateralizedAssets' xlink:label='loc_VariableInterestEntityClassificationOfCollateralizedAssets' xlink:type='locator' />
<link:loc xlink:href='../elts/us-gaap-2009-01-31.xsd#us-gaap_VariableInterestEntityClassificationOfCollateralizedAssetsUnconsolidatedVIE' xlink:label='loc_VariableInterestEntityClassificationOfCollateralizedAssetsUnconsolidatedVIE' xlink:type='locator' />
<link:loc xlink:href='../elts/us-gaap-2009-01-31.xsd#us-gaap_VariableInterestEntityClassificationOfLiabilitiesConsolidatedVIE' xlink:label='loc_VariableInterestEntityClassificationOfLiabilitiesConsolidatedVIE' xlink:type='locator' />
<link:loc xlink:href='../elts/us-gaap-2009-01-31.xsd#us-gaap_VariableInterestEntityClassificationOfCollateralizedLiabilitiesUnconsolidatedVIE' xlink:label='loc_VariableInterestEntityClassificationOfCollateralizedLiabilitiesUnconsolidatedVIE' xlink:type='locator' />
<link:loc xlink:href='../elts/us-gaap-2009-01-31.xsd#us-gaap_VariableInterestEntityExtentOfOrLackOfRecourse' xlink:label='loc_VariableInterestEntityExtentOfOrLackOfRecourse' xlink:type='locator' />
<link:loc xlink:href='../elts/us-gaap-2009-01-31.xsd#us-gaap_VariableInterestEntityNatureOfInvolvement' xlink:label='loc_VariableInterestEntityNatureOfInvolvement' xlink:type='locator' />
<link:loc xlink:href='../elts/us-gaap-2009-01-31.xsd#us-gaap_VariableInterestEntityNumberOfEntitiesWithUnavailabilityOfInformation' xlink:label='loc_VariableInterestEntityNumberOfEntitiesWithUnavailabilityOfInformation' xlink:type='locator' />
<link:loc xlink:href='../elts/us-gaap-2009-01-31.xsd#us-gaap_VariableInterestEntityReasonForUnavailabilityOfInformation' xlink:label='loc_VariableInterestEntityReasonForUnavailabilityOfInformation' xlink:type='locator' />
<link:loc xlink:href='../elts/us-gaap-2009-01-31.xsd#us-gaap_VariableInterestEntityWhenEntityInvolvementBegan' xlink:label='loc_VariableInterestEntityWhenEntityInvolvementBegan' xlink:type='locator' />
<link:loc xlink:href='../elts/us-gaap-2009-01-31.xsd#us-gaap_VariableInterestEntityEntityMaximumLossExposure' xlink:label='loc_VariableInterestEntityEntityMaximumLossExposure' xlink:type='locator' />
<link:loc xlink:href='../elts/us-gaap-2009-01-31.xsd#us-gaap_VariableInterestEntityActivityBetweenVIEAndEntity' xlink:label='loc_VariableInterestEntityActivityBetweenVIEAndEntity' xlink:type='locator' />
<link:loc xlink:href='../elts/us-gaap-2009-01-31.xsd#us-gaap_VariableInterestEntityMethodologyForDeterminingWhetherEnterpriseIsPrimaryBeneficiary' xlink:label='loc_VariableInterestEntityMethodologyForDeterminingWhetherEnterpriseIsPrimaryBeneficiary' xlink:type='locator' />
<link:loc xlink:href='../elts/us-gaap-2009-01-31.xsd#us-gaap_VariableInterestEntityConclusionToConsolidate' xlink:label='loc_VariableInterestEntityConclusionToConsolidate' xlink:type='locator' />
<link:loc xlink:href='../elts/us-gaap-2009-01-31.xsd#us-gaap_VariableInterestEntityFinancialOrOtherSupport' xlink:label='loc_VariableInterestEntityFinancialOrOtherSupport' xlink:type='locator' />
<link:loc xlink:href='../elts/us-gaap-2009-01-31.xsd#us-gaap_VariableInterestEntityQualitativeOrQuantitativeInformation' xlink:label='loc_VariableInterestEntityQualitativeOrQuantitativeInformation' xlink:type='locator' />
<link:loc xlink:href='../elts/us-gaap-2009-01-31.xsd#us-gaap_VariableInterestEntityCommitmentsByThirdParties' xlink:label='loc_VariableInterestEntityCommitmentsByThirdParties' xlink:type='locator' />
<link:loc xlink:href='../elts/us-gaap-2009-01-31.xsd#us-gaap_VariableInterestEntityTermsOfArrangements' xlink:label='loc_VariableInterestEntityTermsOfArrangements' xlink:type='locator' />
<link:definitionArc order='1.0' xlink:arcrole='http://xbrl.org/int/dim/arcrole/domain-member' xlink:from='loc_VariableInterestEntityLineItems' xlink:to='loc_VariableInterestEntityDescriptionOfEntity' xlink:type='arc' />
<link:definitionArc order='2.0' xlink:arcrole='http://xbrl.org/int/dim/arcrole/domain-member' xlink:from='loc_VariableInterestEntityLineItems' xlink:to='loc_VariableInterestEntityClassificationDescription' xlink:type='arc' />
<link:definitionArc order='3.0' xlink:arcrole='http://xbrl.org/int/dim/arcrole/domain-member' xlink:from='loc_VariableInterestEntityLineItems' xlink:to='loc_VariableInterestEntityTypeOfEntity' xlink:type='arc' />
<link:definitionArc order='4.0' xlink:arcrole='http://xbrl.org/int/dim/arcrole/domain-member' xlink:from='loc_VariableInterestEntityLineItems' xlink:to='loc_VariableInterestEntityIdentificationAsSpecialPurposeEntityOrQSPE' xlink:type='arc' />
<link:definitionArc order='5.0' xlink:arcrole='http://xbrl.org/int/dim/arcrole/domain-member' xlink:from='loc_VariableInterestEntityLineItems' xlink:to='loc_VariableInterestEntityOwnershipPercentage' xlink:type='arc' />
<link:definitionArc order='6.0' xlink:arcrole='http://xbrl.org/int/dim/arcrole/domain-member' xlink:from='loc_VariableInterestEntityLineItems' xlink:to='loc_VariableInterestEntityVIEPurposeOfVIE' xlink:type='arc' />
<link:definitionArc order='7.0' xlink:arcrole='http://xbrl.org/int/dim/arcrole/domain-member' xlink:from='loc_VariableInterestEntityLineItems' xlink:to='loc_VariableInterestEntityVIESizeOfVIE' xlink:type='arc' />
<link:definitionArc order='8.0' xlink:arcrole='http://xbrl.org/int/dim/arcrole/domain-member' xlink:from='loc_VariableInterestEntityLineItems' xlink:to='loc_VariableInterestEntityVIEActivitiesOfVIE' xlink:type='arc' />
<link:definitionArc order='9.0' xlink:arcrole='http://xbrl.org/int/dim/arcrole/domain-member' xlink:from='loc_VariableInterestEntityLineItems' xlink:to='loc_VariableInterestEntityCarryingAmountOfCollateralizedAssets' xlink:type='arc' />
<link:definitionArc order='10.0' xlink:arcrole='http://xbrl.org/int/dim/arcrole/domain-member' xlink:from='loc_VariableInterestEntityLineItems' xlink:to='loc_VariableInterestEntityCarryingAmountOfCollateralizedAssetsUnconsolidatedVIE' xlink:type='arc' />
<link:definitionArc order='11.0' xlink:arcrole='http://xbrl.org/int/dim/arcrole/domain-member' xlink:from='loc_VariableInterestEntityLineItems' xlink:to='loc_VariableInterestEntityCarryingAmountOfLiabilitiesConsolidatedVIE' xlink:type='arc' />
<link:definitionArc order='12.0' xlink:arcrole='http://xbrl.org/int/dim/arcrole/domain-member' xlink:from='loc_VariableInterestEntityLineItems' xlink:to='loc_VariableInterestEntityCarryingAmountOfCollateralizedLiabilitiesUnconsolidatedVIE' xlink:type='arc' />
<link:definitionArc order='13.0' xlink:arcrole='http://xbrl.org/int/dim/arcrole/domain-member' xlink:from='loc_VariableInterestEntityLineItems' xlink:to='loc_VariableInterestEntityClassificationOfCollateralizedAssets' xlink:type='arc' />
<link:definitionArc order='14.0' xlink:arcrole='http://xbrl.org/int/dim/arcrole/domain-member' xlink:from='loc_VariableInterestEntityLineItems' xlink:to='loc_VariableInterestEntityClassificationOfCollateralizedAssetsUnconsolidatedVIE' xlink:type='arc' />
<link:definitionArc order='15.0' xlink:arcrole='http://xbrl.org/int/dim/arcrole/domain-member' xlink:from='loc_VariableInterestEntityLineItems' xlink:to='loc_VariableInterestEntityClassificationOfLiabilitiesConsolidatedVIE' xlink:type='arc' />
<link:definitionArc order='16.0' xlink:arcrole='http://xbrl.org/int/dim/arcrole/domain-member' xlink:from='loc_VariableInterestEntityLineItems' xlink:to='loc_VariableInterestEntityClassificationOfCollateralizedLiabilitiesUnconsolidatedVIE' xlink:type='arc' />
<link:definitionArc order='17.0' xlink:arcrole='http://xbrl.org/int/dim/arcrole/domain-member' xlink:from='loc_VariableInterestEntityLineItems' xlink:to='loc_VariableInterestEntityExtentOfOrLackOfRecourse' xlink:type='arc' />
<link:definitionArc order='18.0' xlink:arcrole='http://xbrl.org/int/dim/arcrole/domain-member' xlink:from='loc_VariableInterestEntityLineItems' xlink:to='loc_VariableInterestEntityNatureOfInvolvement' xlink:type='arc' />
<link:definitionArc order='19.0' xlink:arcrole='http://xbrl.org/int/dim/arcrole/domain-member' xlink:from='loc_VariableInterestEntityLineItems' xlink:to='loc_VariableInterestEntityNumberOfEntitiesWithUnavailabilityOfInformation' xlink:type='arc' />
<link:definitionArc order='20.0' xlink:arcrole='http://xbrl.org/int/dim/arcrole/domain-member' xlink:from='loc_VariableInterestEntityLineItems' xlink:to='loc_VariableInterestEntityReasonForUnavailabilityOfInformation' xlink:type='arc' />
<link:definitionArc order='21.0' xlink:arcrole='http://xbrl.org/int/dim/arcrole/domain-member' xlink:from='loc_VariableInterestEntityLineItems' xlink:to='loc_VariableInterestEntityWhenEntityInvolvementBegan' xlink:type='arc' />
<link:definitionArc order='22.0' xlink:arcrole='http://xbrl.org/int/dim/arcrole/domain-member' xlink:from='loc_VariableInterestEntityLineItems' xlink:to='loc_VariableInterestEntityEntityMaximumLossExposure' xlink:type='arc' />
<link:definitionArc order='23.0' xlink:arcrole='http://xbrl.org/int/dim/arcrole/domain-member' xlink:from='loc_VariableInterestEntityLineItems' xlink:to='loc_VariableInterestEntityActivityBetweenVIEAndEntity' xlink:type='arc' />
<link:definitionArc order='24.0' xlink:arcrole='http://xbrl.org/int/dim/arcrole/domain-member' xlink:from='loc_VariableInterestEntityLineItems' xlink:to='loc_VariableInterestEntityMethodologyForDeterminingWhetherEnterpriseIsPrimaryBeneficiary' xlink:type='arc' />
<link:definitionArc order='25.0' xlink:arcrole='http://xbrl.org/int/dim/arcrole/domain-member' xlink:from='loc_VariableInterestEntityLineItems' xlink:to='loc_VariableInterestEntityConclusionToConsolidate' xlink:type='arc' />
<link:definitionArc order='26.0' xlink:arcrole='http://xbrl.org/int/dim/arcrole/domain-member' xlink:from='loc_VariableInterestEntityLineItems' xlink:to='loc_VariableInterestEntityFinancialOrOtherSupport' xlink:type='arc' />
<link:definitionArc order='27.0' xlink:arcrole='http://xbrl.org/int/dim/arcrole/domain-member' xlink:from='loc_VariableInterestEntityLineItems' xlink:to='loc_VariableInterestEntityQualitativeOrQuantitativeInformation' xlink:type='arc' />
<link:definitionArc order='28.0' xlink:arcrole='http://xbrl.org/int/dim/arcrole/domain-member' xlink:from='loc_VariableInterestEntityLineItems' xlink:to='loc_VariableInterestEntityCommitmentsByThirdParties' xlink:type='arc' />
<link:definitionArc order='29.0' xlink:arcrole='http://xbrl.org/int/dim/arcrole/domain-member' xlink:from='loc_VariableInterestEntityLineItems' xlink:to='loc_VariableInterestEntityTermsOfArrangements' xlink:type='arc' />
</link:definitionLink>
<link:definitionLink xlink:role='http://xbrl.us/us-gaap/role/disclosure/OrganizationConsolidationAndPresentationOfFinancialStatementsScheduleOfVariableInterestEntitiesTable' xlink:type='extended'>
<link:loc xlink:href='../elts/us-gaap-2009-01-31.xsd#us-gaap_ClassificationOfVariableInterestEntityDomain' xlink:label='loc_ClassificationOfVariableInterestEntityDomain' xlink:type='locator' />
<link:loc xlink:href='../elts/us-gaap-2009-01-31.xsd#us-gaap_VariableInterestEntityPrimaryBeneficiaryMember' xlink:label='loc_VariableInterestEntityPrimaryBeneficiaryMember' xlink:type='locator' />
<link:loc xlink:href='../elts/us-gaap-2009-01-31.xsd#us-gaap_VariableInterestEntityNotPrimaryBeneficiaryMember' xlink:label='loc_VariableInterestEntityNotPrimaryBeneficiaryMember' xlink:type='locator' />
<link:loc xlink:href='../elts/us-gaap-2009-01-31.xsd#us-gaap_VariableInterestEntityNotPrimaryBeneficiaryHoldsSignificantVariableInterestInVIEMember' xlink:label='loc_VariableInterestEntityNotPrimaryBeneficiaryHoldsSignificantVariableInterestInVIEMember' xlink:type='locator' />
<link:loc xlink:href='../elts/us-gaap-2009-01-31.xsd#us-gaap_VariableInterestEntitySponsorThatHoldsVariableInterestInVIEMember' xlink:label='loc_VariableInterestEntitySponsorThatHoldsVariableInterestInVIEMember' xlink:type='locator' />
<link:loc xlink:href='../elts/us-gaap-2009-01-31.xsd#us-gaap_VariableInterestEntityVIEOrPotentialVIEInformationUnavailabilityMember' xlink:label='loc_VariableInterestEntityVIEOrPotentialVIEInformationUnavailabilityMember' xlink:type='locator' />
<link:definitionArc order='1.0' xlink:arcrole='http://xbrl.org/int/dim/arcrole/domain-member' xlink:from='loc_ClassificationOfVariableInterestEntityDomain' xlink:to='loc_VariableInterestEntityPrimaryBeneficiaryMember' xlink:type='arc' />
<link:definitionArc order='2.0' xlink:arcrole='http://xbrl.org/int/dim/arcrole/domain-member' xlink:from='loc_ClassificationOfVariableInterestEntityDomain' xlink:to='loc_VariableInterestEntityNotPrimaryBeneficiaryMember' xlink:type='arc' />
<link:definitionArc order='3.0' xlink:arcrole='http://xbrl.org/int/dim/arcrole/domain-member' xlink:from='loc_ClassificationOfVariableInterestEntityDomain' xlink:to='loc_VariableInterestEntityNotPrimaryBeneficiaryHoldsSignificantVariableInterestInVIEMember' xlink:type='arc' />
<link:definitionArc order='4.0' xlink:arcrole='http://xbrl.org/int/dim/arcrole/domain-member' xlink:from='loc_ClassificationOfVariableInterestEntityDomain' xlink:to='loc_VariableInterestEntitySponsorThatHoldsVariableInterestInVIEMember' xlink:type='arc' />
<link:definitionArc order='5.0' xlink:arcrole='http://xbrl.org/int/dim/arcrole/domain-member' xlink:from='loc_ClassificationOfVariableInterestEntityDomain' xlink:to='loc_VariableInterestEntityVIEOrPotentialVIEInformationUnavailabilityMember' xlink:type='arc' />
</link:definitionLink>
<!--Definition relationships for table ScheduleOfQualifiedSpecialPurposeEntitiesTable in presentation http://xbrl.us/us-gaap/role/disclosure/OrganizationConsolidationAndPresentationOfFinancialStatements-->
<link:definitionLink xlink:role='http://xbrl.us/us-gaap/role/disclosure/OrganizationConsolidationAndPresentationOfFinancialStatementsScheduleOfQualifiedSpecialPurposeEntitiesTable' xlink:type='extended'>
<link:loc xlink:href='../elts/us-gaap-2009-01-31.xsd#us-gaap_ScheduleOfQualifiedSpecialPurposeEntitiesTable' xlink:label='loc_ScheduleOfQualifiedSpecialPurposeEntitiesTable' xlink:type='locator' />
<link:loc xlink:href='../elts/us-gaap-2009-01-31.xsd#us-gaap_QualifyingSpecialPurposeEntityLineItems' xlink:label='loc_QualifyingSpecialPurposeEntityLineItems' xlink:type='locator' />
<link:definitionArc order='1.0' xbrldt:closed='true' xbrldt:contextElement='segment' xlink:arcrole='http://xbrl.org/int/dim/arcrole/all' xlink:from='loc_QualifyingSpecialPurposeEntityLineItems' xlink:to='loc_ScheduleOfQualifiedSpecialPurposeEntitiesTable' xlink:type='arc' />
</link:definitionLink>
<link:definitionLink xlink:role='http://xbrl.us/us-gaap/role/disclosure/OrganizationConsolidationAndPresentationOfFinancialStatementsScheduleOfQualifiedSpecialPurposeEntitiesTable' xlink:type='extended'>
<link:loc xlink:href='../elts/us-gaap-2009-01-31.xsd#us-gaap_ScheduleOfQualifiedSpecialPurposeEntitiesTable' xlink:label='loc_ScheduleOfQualifiedSpecialPurposeEntitiesTable' xlink:type='locator' />
<link:loc xlink:href='../elts/us-gaap-2009-01-31.xsd#us-gaap_QualifyingSpecialPurposeEntityByClassificationAxis' xlink:label='loc_QualifyingSpecialPurposeEntityByClassificationAxis' xlink:type='locator' />
<link:definitionArc order='1.0' xlink:arcrole='http://xbrl.org/int/dim/arcrole/hypercube-dimension' xlink:from='loc_ScheduleOfQualifiedSpecialPurposeEntitiesTable' xlink:to='loc_QualifyingSpecialPurposeEntityByClassificationAxis' xlink:type='arc' />
</link:definitionLink>
<link:definitionLink xlink:role='http://xbrl.us/us-gaap/role/disclosure/OrganizationConsolidationAndPresentationOfFinancialStatementsScheduleOfQualifiedSpecialPurposeEntitiesTable' xlink:type='extended'>
<link:loc xlink:href='../elts/us-gaap-2009-01-31.xsd#us-gaap_QualifyingSpecialPurposeEntityByClassificationAxis' xlink:label='loc_QualifyingSpecialPurposeEntityByClassificationAxis' xlink:type='locator' />
<link:loc xlink:href='../elts/us-gaap-2009-01-31.xsd#us-gaap_QualifyingSpecialPurposeEntityClassificationDomain' xlink:label='loc_QualifyingSpecialPurposeEntityClassificationDomain' xlink:type='locator' />
<link:definitionArc order='1.0' xlink:arcrole='http://xbrl.org/int/dim/arcrole/dimension-domain' xlink:from='loc_QualifyingSpecialPurposeEntityByClassificationAxis' xlink:to='loc_QualifyingSpecialPurposeEntityClassificationDomain' xlink:type='arc' />
</link:definitionLink>
<link:definitionLink xlink:role='http://xbrl.us/us-gaap/role/disclosure/OrganizationConsolidationAndPresentationOfFinancialStatementsScheduleOfQualifiedSpecialPurposeEntitiesTable' xlink:type='extended'>
<link:loc xlink:href='../elts/us-gaap-2009-01-31.xsd#us-gaap_QualifyingSpecialPurposeEntityByClassificationAxis' xlink:label='loc_QualifyingSpecialPurposeEntityByClassificationAxis' xlink:type='locator' />
<link:loc xlink:href='../elts/us-gaap-2009-01-31.xsd#us-gaap_QualifyingSpecialPurposeEntityClassificationDomain' xlink:label='loc_QualifyingSpecialPurposeEntityClassificationDomain' xlink:type='locator' />
<link:definitionArc order='1.0' xlink:arcrole='http://xbrl.org/int/dim/arcrole/dimension-default' xlink:from='loc_QualifyingSpecialPurposeEntityByClassificationAxis' xlink:to='loc_QualifyingSpecialPurposeEntityClassificationDomain' xlink:type='arc' />
</link:definitionLink>
<link:definitionLink xlink:role='http://xbrl.us/us-gaap/role/disclosure/OrganizationConsolidationAndPresentationOfFinancialStatementsScheduleOfQualifiedSpecialPurposeEntitiesTable' xlink:type='extended'>
<link:loc xlink:href='../elts/us-gaap-2009-01-31.xsd#us-gaap_QualifyingSpecialPurposeEntityLineItems' xlink:label='loc_QualifyingSpecialPurposeEntityLineItems' xlink:type='locator' />
<link:loc xlink:href='../elts/us-gaap-2009-01-31.xsd#us-gaap_QualifyingSpecialPurposeEntityNatureAndExtentOfInvolvement' xlink:label='loc_QualifyingSpecialPurposeEntityNatureAndExtentOfInvolvement' xlink:type='locator' />
<link:loc xlink:href='../elts/us-gaap-2009-01-31.xsd#us-gaap_QualifyingSpecialPurposeEntityPurposeOfQSPE' xlink:label='loc_QualifyingSpecialPurposeEntityPurposeOfQSPE' xlink:type='locator' />
<link:loc xlink:href='../elts/us-gaap-2009-01-31.xsd#us-gaap_QualifyingSpecialPurposeEntitySizeOfQSPE' xlink:label='loc_QualifyingSpecialPurposeEntitySizeOfQSPE' xlink:type='locator' />
<link:loc xlink:href='../elts/us-gaap-2009-01-31.xsd#us-gaap_QualifyingSpecialPurposeEntityActivitiesOfQSPE' xlink:label='loc_QualifyingSpecialPurposeEntityActivitiesOfQSPE' xlink:type='locator' />
<link:loc xlink:href='../elts/us-gaap-2009-01-31.xsd#us-gaap_QualifyingSpecialPurposeEntityCarryingAmountOfCollateralizedAssets' xlink:label='loc_QualifyingSpecialPurposeEntityCarryingAmountOfCollateralizedAssets' xlink:type='locator' />
<link:loc xlink:href='../elts/us-gaap-2009-01-31.xsd#us-gaap_QualifyingSpecialPurposeEntityClassificationOfCollateralizedAssets' xlink:label='loc_QualifyingSpecialPurposeEntityClassificationOfCollateralizedAssets' xlink:type='locator' />
<link:loc xlink:href='../elts/us-gaap-2009-01-31.xsd#us-gaap_QualifyingSpecialPurposeEntityTermsOfArrangements' xlink:label='loc_QualifyingSpecialPurposeEntityTermsOfArrangements' xlink:type='locator' />
<link:loc xlink:href='../elts/us-gaap-2009-01-31.xsd#us-gaap_QualifyingSpecialPurposeEntityEntityMaximumLossExposure' xlink:label='loc_QualifyingSpecialPurposeEntityEntityMaximumLossExposure' xlink:type='locator' />
<link:loc xlink:href='../elts/us-gaap-2009-01-31.xsd#us-gaap_QualifyingSpecialPurposeEntityFinancialOrOtherSupport' xlink:label='loc_QualifyingSpecialPurposeEntityFinancialOrOtherSupport' xlink:type='locator' />
<link:definitionArc order='1.0' xlink:arcrole='http://xbrl.org/int/dim/arcrole/domain-member' xlink:from='loc_QualifyingSpecialPurposeEntityLineItems' xlink:to='loc_QualifyingSpecialPurposeEntityNatureAndExtentOfInvolvement' xlink:type='arc' />
<link:definitionArc order='2.0' xlink:arcrole='http://xbrl.org/int/dim/arcrole/domain-member' xlink:from='loc_QualifyingSpecialPurposeEntityLineItems' xlink:to='loc_QualifyingSpecialPurposeEntityPurposeOfQSPE' xlink:type='arc' />
<link:definitionArc order='3.0' xlink:arcrole='http://xbrl.org/int/dim/arcrole/domain-member' xlink:from='loc_QualifyingSpecialPurposeEntityLineItems' xlink:to='loc_QualifyingSpecialPurposeEntitySizeOfQSPE' xlink:type='arc' />
<link:definitionArc order='4.0' xlink:arcrole='http://xbrl.org/int/dim/arcrole/domain-member' xlink:from='loc_QualifyingSpecialPurposeEntityLineItems' xlink:to='loc_QualifyingSpecialPurposeEntityActivitiesOfQSPE' xlink:type='arc' />
<link:definitionArc order='5.0' xlink:arcrole='http://xbrl.org/int/dim/arcrole/domain-member' xlink:from='loc_QualifyingSpecialPurposeEntityLineItems' xlink:to='loc_QualifyingSpecialPurposeEntityCarryingAmountOfCollateralizedAssets' xlink:type='arc' />
<link:definitionArc order='6.0' xlink:arcrole='http://xbrl.org/int/dim/arcrole/domain-member' xlink:from='loc_QualifyingSpecialPurposeEntityLineItems' xlink:to='loc_QualifyingSpecialPurposeEntityClassificationOfCollateralizedAssets' xlink:type='arc' />
<link:definitionArc order='7.0' xlink:arcrole='http://xbrl.org/int/dim/arcrole/domain-member' xlink:from='loc_QualifyingSpecialPurposeEntityLineItems' xlink:to='loc_QualifyingSpecialPurposeEntityTermsOfArrangements' xlink:type='arc' />
<link:definitionArc order='8.0' xlink:arcrole='http://xbrl.org/int/dim/arcrole/domain-member' xlink:from='loc_QualifyingSpecialPurposeEntityLineItems' xlink:to='loc_QualifyingSpecialPurposeEntityEntityMaximumLossExposure' xlink:type='arc' />
<link:definitionArc order='9.0' xlink:arcrole='http://xbrl.org/int/dim/arcrole/domain-member' xlink:from='loc_QualifyingSpecialPurposeEntityLineItems' xlink:to='loc_QualifyingSpecialPurposeEntityFinancialOrOtherSupport' xlink:type='arc' />
</link:definitionLink>
<link:definitionLink xlink:role='http://xbrl.us/us-gaap/role/disclosure/OrganizationConsolidationAndPresentationOfFinancialStatementsScheduleOfQualifiedSpecialPurposeEntitiesTable' xlink:type='extended'>
<link:loc xlink:href='../elts/us-gaap-2009-01-31.xsd#us-gaap_QualifyingSpecialPurposeEntityClassificationDomain' xlink:label='loc_QualifyingSpecialPurposeEntityClassificationDomain' xlink:type='locator' />
<link:loc xlink:href='../elts/us-gaap-2009-01-31.xsd#us-gaap_NontransferorSponsorWithVariableInterestMember' xlink:label='loc_NontransferorSponsorWithVariableInterestMember' xlink:type='locator' />
<link:loc xlink:href='../elts/us-gaap-2009-01-31.xsd#us-gaap_NontransferorServicerWithSignificantVariableInterestMember' xlink:label='loc_NontransferorServicerWithSignificantVariableInterestMember' xlink:type='locator' />
<link:definitionArc order='1.0' xlink:arcrole='http://xbrl.org/int/dim/arcrole/domain-member' xlink:from='loc_QualifyingSpecialPurposeEntityClassificationDomain' xlink:to='loc_NontransferorSponsorWithVariableInterestMember' xlink:type='arc' />
<link:definitionArc order='2.0' xlink:arcrole='http://xbrl.org/int/dim/arcrole/domain-member' xlink:from='loc_QualifyingSpecialPurposeEntityClassificationDomain' xlink:to='loc_NontransferorServicerWithSignificantVariableInterestMember' xlink:type='arc' />
</link:definitionLink>
<!--Definition relationships for table ConsolidationLessThanWhollyOwnedSubsidiaryParentOwnershipInterestEffectsOfChangesNetTable in presentation http://xbrl.us/us-gaap/role/disclosure/OrganizationConsolidationAndPresentationOfFinancialStatements-->
<link:definitionLink xlink:role='http://xbrl.us/us-gaap/role/disclosure/OrganizationConsolidationAndPresentationOfFinancialStatementsConsolidationLessThanWhollyOwnedSubsidiaryParentOwnershipInterestEffectsOfChangesNetTable' xlink:type='extended'>
<link:loc xlink:href='../elts/us-gaap-2009-01-31.xsd#us-gaap_ConsolidationLessThanWhollyOwnedSubsidiaryParentOwnershipInterestEffectsOfChangesNetTable' xlink:label='loc_ConsolidationLessThanWhollyOwnedSubsidiaryParentOwnershipInterestEffectsOfChangesNetTable' xlink:type='locator' />
<link:loc xlink:href='../elts/us-gaap-2009-01-31.xsd#us-gaap_ConsolidationLessThanWhollyOwnedSubsidiaryParentOwnershipInterestEffectsOfChangesNetLineItems' xlink:label='loc_ConsolidationLessThanWhollyOwnedSubsidiaryParentOwnershipInterestEffectsOfChangesNetLineItems' xlink:type='locator' />
<link:definitionArc order='1.0' xbrldt:closed='true' xbrldt:contextElement='segment' xlink:arcrole='http://xbrl.org/int/dim/arcrole/all' xlink:from='loc_ConsolidationLessThanWhollyOwnedSubsidiaryParentOwnershipInterestEffectsOfChangesNetLineItems' xlink:to='loc_ConsolidationLessThanWhollyOwnedSubsidiaryParentOwnershipInterestEffectsOfChangesNetTable' xlink:type='arc' />
</link:definitionLink>
<link:definitionLink xlink:role='http://xbrl.us/us-gaap/role/disclosure/OrganizationConsolidationAndPresentationOfFinancialStatementsConsolidationLessThanWhollyOwnedSubsidiaryParentOwnershipInterestEffectsOfChangesNetTable' xlink:type='extended'>
<link:loc xlink:href='../elts/us-gaap-2009-01-31.xsd#us-gaap_ConsolidationLessThanWhollyOwnedSubsidiaryParentOwnershipInterestEffectsOfChangesNetTable' xlink:label='loc_ConsolidationLessThanWhollyOwnedSubsidiaryParentOwnershipInterestEffectsOfChangesNetTable' xlink:type='locator' />
<link:loc xlink:href='../non-gaap/dei-2009-01-31.xsd#dei_LegalEntityAxis' xlink:label='loc_LegalEntityAxis' xlink:type='locator' />
<link:definitionArc order='1.0' xlink:arcrole='http://xbrl.org/int/dim/arcrole/hypercube-dimension' xlink:from='loc_ConsolidationLessThanWhollyOwnedSubsidiaryParentOwnershipInterestEffectsOfChangesNetTable' xlink:to='loc_LegalEntityAxis' xlink:type='arc' />
</link:definitionLink>
<link:definitionLink xlink:role='http://xbrl.us/us-gaap/role/disclosure/OrganizationConsolidationAndPresentationOfFinancialStatementsConsolidationLessThanWhollyOwnedSubsidiaryParentOwnershipInterestEffectsOfChangesNetTable' xlink:type='extended'>
<link:loc xlink:href='../non-gaap/dei-2009-01-31.xsd#dei_LegalEntityAxis' xlink:label='loc_LegalEntityAxis' xlink:type='locator' />
<link:loc xlink:href='../non-gaap/dei-2009-01-31.xsd#dei_EntityDomain' xlink:label='loc_EntityDomain' xlink:type='locator' />
<link:definitionArc order='1.0' xlink:arcrole='http://xbrl.org/int/dim/arcrole/dimension-domain' xlink:from='loc_LegalEntityAxis' xlink:to='loc_EntityDomain' xlink:type='arc' />
</link:definitionLink>
<link:definitionLink xlink:role='http://xbrl.us/us-gaap/role/disclosure/OrganizationConsolidationAndPresentationOfFinancialStatementsConsolidationLessThanWhollyOwnedSubsidiaryParentOwnershipInterestEffectsOfChangesNetTable' xlink:type='extended'>
<link:loc xlink:href='../non-gaap/dei-2009-01-31.xsd#dei_LegalEntityAxis' xlink:label='loc_LegalEntityAxis' xlink:type='locator' />
<link:loc xlink:href='../non-gaap/dei-2009-01-31.xsd#dei_EntityDomain' xlink:label='loc_EntityDomain' xlink:type='locator' />
<link:definitionArc order='1.0' xlink:arcrole='http://xbrl.org/int/dim/arcrole/dimension-default' xlink:from='loc_LegalEntityAxis' xlink:to='loc_EntityDomain' xlink:type='arc' />
</link:definitionLink>
<link:definitionLink xlink:role='http://xbrl.us/us-gaap/role/disclosure/OrganizationConsolidationAndPresentationOfFinancialStatementsConsolidationLessThanWhollyOwnedSubsidiaryParentOwnershipInterestEffectsOfChangesNetTable' xlink:type='extended'>
<link:loc xlink:href='../elts/us-gaap-2009-01-31.xsd#us-gaap_ConsolidationLessThanWhollyOwnedSubsidiaryParentOwnershipInterestEffectsOfChangesNetLineItems' xlink:label='loc_ConsolidationLessThanWhollyOwnedSubsidiaryParentOwnershipInterestEffectsOfChangesNetLineItems' xlink:type='locator' />
<link:loc xlink:href='../elts/us-gaap-2009-01-31.xsd#us-gaap_ConsolidationLessThanWhollyOwnedSubsidiaryParentOwnershipInterestChangeDueToNetIncomeAttributableToParentAndEffectsOfChangesNetAbstract' xlink:label='loc_ConsolidationLessThanWhollyOwnedSubsidiaryParentOwnershipInterestChangeDueToNetIncomeAttributableToParentAndEffectsOfChangesNetAbstract' xlink:type='locator' />
<link:loc xlink:href='../elts/us-gaap-2009-01-31.xsd#us-gaap_NetIncomeLoss' xlink:label='loc_NetIncomeLoss' xlink:type='locator' />
<link:loc xlink:href='../elts/us-gaap-2009-01-31.xsd#us-gaap_ConsolidationLessThanWhollyOwnedSubsidiaryParentOwnershipInterestChangesNetAbstract' xlink:label='loc_ConsolidationLessThanWhollyOwnedSubsidiaryParentOwnershipInterestChangesNetAbstract' xlink:type='locator' />
<link:loc xlink:href='../elts/us-gaap-2009-01-31.xsd#us-gaap_ConsolidationLessThanWhollyOwnedSubsidiaryParentOwnershipInterestChangesSaleOfInterestByParent' xlink:label='loc_ConsolidationLessThanWhollyOwnedSubsidiaryParentOwnershipInterestChangesSaleOfInterestByParent' xlink:type='locator' />
<link:loc xlink:href='../elts/us-gaap-2009-01-31.xsd#us-gaap_ConsolidationLessThanWhollyOwnedSubsidiaryParentOwnershipInterestChangesIssuanceOfEquityBySubsidiaryToNoncontrollingInterests' xlink:label='loc_ConsolidationLessThanWhollyOwnedSubsidiaryParentOwnershipInterestChangesIssuanceOfEquityBySubsidiaryToNoncontrollingInterests' xlink:type='locator' />
<link:loc xlink:href='../elts/us-gaap-2009-01-31.xsd#us-gaap_ConsolidationLessThanWhollyOwnedSubsidiaryParentOwnershipInterestChangesPurchaseOfInterestByParent' xlink:label='loc_ConsolidationLessThanWhollyOwnedSubsidiaryParentOwnershipInterestChangesPurchaseOfInterestByParent' xlink:type='locator' />
<link:loc xlink:href='../elts/us-gaap-2009-01-31.xsd#us-gaap_ConsolidationLessThanWhollyOwnedSubsidiaryParentOwnershipInterestChangesRepurchaseOfSharesBySubsidiary' xlink:label='loc_ConsolidationLessThanWhollyOwnedSubsidiaryParentOwnershipInterestChangesRepurchaseOfSharesBySubsidiary' xlink:type='locator' />
<link:loc xlink:href='../elts/us-gaap-2009-01-31.xsd#us-gaap_ConsolidationLessThanWhollyOwnedSubsidiaryParentOwnershipInterestChangesAdditionalInterestIssuedToParent' xlink:label='loc_ConsolidationLessThanWhollyOwnedSubsidiaryParentOwnershipInterestChangesAdditionalInterestIssuedToParent' xlink:type='locator' />
<link:loc xlink:href='../elts/us-gaap-2009-01-31.xsd#us-gaap_ConsolidationLessThanWhollyOwnedSubsidiaryParentOwnershipInterestChangesNet' xlink:label='loc_ConsolidationLessThanWhollyOwnedSubsidiaryParentOwnershipInterestChangesNet' xlink:type='locator' />
<link:loc xlink:href='../elts/us-gaap-2009-01-31.xsd#us-gaap_ConsolidationLessThanWhollyOwnedSubsidiaryParentOwnershipInterestChangeDueToNetIncomeAttributableToParentAndEffectsOfChangesNet' xlink:label='loc_ConsolidationLessThanWhollyOwnedSubsidiaryParentOwnershipInterestChangeDueToNetIncomeAttributableToParentAndEffectsOfChangesNet' xlink:type='locator' />
<link:definitionArc order='1.0' xlink:arcrole='http://xbrl.org/int/dim/arcrole/domain-member' xlink:from='loc_ConsolidationLessThanWhollyOwnedSubsidiaryParentOwnershipInterestEffectsOfChangesNetLineItems' xlink:to='loc_ConsolidationLessThanWhollyOwnedSubsidiaryParentOwnershipInterestChangeDueToNetIncomeAttributableToParentAndEffectsOfChangesNetAbstract' xlink:type='arc' />
<link:definitionArc order='2.0' xlink:arcrole='http://xbrl.org/int/dim/arcrole/domain-member' xlink:from='loc_ConsolidationLessThanWhollyOwnedSubsidiaryParentOwnershipInterestChangeDueToNetIncomeAttributableToParentAndEffectsOfChangesNetAbstract' xlink:to='loc_NetIncomeLoss' xlink:type='arc' />
<link:definitionArc order='3.0' xlink:arcrole='http://xbrl.org/int/dim/arcrole/domain-member' xlink:from='loc_ConsolidationLessThanWhollyOwnedSubsidiaryParentOwnershipInterestChangeDueToNetIncomeAttributableToParentAndEffectsOfChangesNetAbstract' xlink:to='loc_ConsolidationLessThanWhollyOwnedSubsidiaryParentOwnershipInterestChangesNetAbstract' xlink:type='arc' />
<link:definitionArc order='4.0' xlink:arcrole='http://xbrl.org/int/dim/arcrole/domain-member' xlink:from='loc_ConsolidationLessThanWhollyOwnedSubsidiaryParentOwnershipInterestChangesNetAbstract' xlink:to='loc_ConsolidationLessThanWhollyOwnedSubsidiaryParentOwnershipInterestChangesSaleOfInterestByParent' xlink:type='arc' />
<link:definitionArc order='5.0' xlink:arcrole='http://xbrl.org/int/dim/arcrole/domain-member' xlink:from='loc_ConsolidationLessThanWhollyOwnedSubsidiaryParentOwnershipInterestChangesNetAbstract' xlink:to='loc_ConsolidationLessThanWhollyOwnedSubsidiaryParentOwnershipInterestChangesIssuanceOfEquityBySubsidiaryToNoncontrollingInterests' xlink:type='arc' />
<link:definitionArc order='6.0' xlink:arcrole='http://xbrl.org/int/dim/arcrole/domain-member' xlink:from='loc_ConsolidationLessThanWhollyOwnedSubsidiaryParentOwnershipInterestChangesNetAbstract' xlink:to='loc_ConsolidationLessThanWhollyOwnedSubsidiaryParentOwnershipInterestChangesPurchaseOfInterestByParent' xlink:type='arc' />
<link:definitionArc order='7.0' xlink:arcrole='http://xbrl.org/int/dim/arcrole/domain-member' xlink:from='loc_ConsolidationLessThanWhollyOwnedSubsidiaryParentOwnershipInterestChangesNetAbstract' xlink:to='loc_ConsolidationLessThanWhollyOwnedSubsidiaryParentOwnershipInterestChangesRepurchaseOfSharesBySubsidiary' xlink:type='arc' />
<link:definitionArc order='8.0' xlink:arcrole='http://xbrl.org/int/dim/arcrole/domain-member' xlink:from='loc_ConsolidationLessThanWhollyOwnedSubsidiaryParentOwnershipInterestChangesNetAbstract' xlink:to='loc_ConsolidationLessThanWhollyOwnedSubsidiaryParentOwnershipInterestChangesAdditionalInterestIssuedToParent' xlink:type='arc' />
<link:definitionArc order='9.0' xlink:arcrole='http://xbrl.org/int/dim/arcrole/domain-member' xlink:from='loc_ConsolidationLessThanWhollyOwnedSubsidiaryParentOwnershipInterestChangesNetAbstract' xlink:to='loc_ConsolidationLessThanWhollyOwnedSubsidiaryParentOwnershipInterestChangesNet' xlink:type='arc' />
<link:definitionArc order='10.0' xlink:arcrole='http://xbrl.org/int/dim/arcrole/domain-member' xlink:from='loc_ConsolidationLessThanWhollyOwnedSubsidiaryParentOwnershipInterestChangeDueToNetIncomeAttributableToParentAndEffectsOfChangesNetAbstract' xlink:to='loc_ConsolidationLessThanWhollyOwnedSubsidiaryParentOwnershipInterestChangeDueToNetIncomeAttributableToParentAndEffectsOfChangesNet' xlink:type='arc' />
</link:definitionLink>
<link:definitionLink xlink:role='http://xbrl.us/us-gaap/role/disclosure/OrganizationConsolidationAndPresentationOfFinancialStatementsConsolidationLessThanWhollyOwnedSubsidiaryParentOwnershipInterestEffectsOfChangesNetTable' xlink:type='extended'>
<link:loc xlink:href='../non-gaap/dei-2009-01-31.xsd#dei_EntityDomain' xlink:label='loc_EntityDomain' xlink:type='locator' />
<link:loc xlink:href='../elts/us-gaap-2009-01-31.xsd#us-gaap_SubsidiariesMember' xlink:label='loc_SubsidiariesMember' xlink:type='locator' />
<link:definitionArc order='1.0' xlink:arcrole='http://xbrl.org/int/dim/arcrole/domain-member' xlink:from='loc_EntityDomain' xlink:to='loc_SubsidiariesMember' xlink:type='arc' />
</link:definitionLink>
<!--Definition relationships for table ScheduleOfSubsidiaryOfLimitedLiabilityCompanyOrLimitedPartnershipTable in presentation http://xbrl.us/us-gaap/role/disclosure/OrganizationConsolidationAndPresentationOfFinancialStatements-->
<link:definitionLink xlink:role='http://xbrl.us/us-gaap/role/disclosure/OrganizationConsolidationAndPresentationOfFinancialStatementsScheduleOfSubsidiaryOfLimitedLiabilityCompanyOrLimitedPartnershipTable' xlink:type='extended'>
<link:loc xlink:href='../elts/us-gaap-2009-01-31.xsd#us-gaap_ScheduleOfSubsidiaryOfLimitedLiabilityCompanyOrLimitedPartnershipTable' xlink:label='loc_ScheduleOfSubsidiaryOfLimitedLiabilityCompanyOrLimitedPartnershipTable' xlink:type='locator' />
<link:loc xlink:href='../elts/us-gaap-2009-01-31.xsd#us-gaap_SubsidiaryOfLimitedLiabilityCompanyOrLimitedPartnershipLineItems' xlink:label='loc_SubsidiaryOfLimitedLiabilityCompanyOrLimitedPartnershipLineItems' xlink:type='locator' />
<link:definitionArc order='1.0' xbrldt:closed='true' xbrldt:contextElement='segment' xlink:arcrole='http://xbrl.org/int/dim/arcrole/all' xlink:from='loc_SubsidiaryOfLimitedLiabilityCompanyOrLimitedPartnershipLineItems' xlink:to='loc_ScheduleOfSubsidiaryOfLimitedLiabilityCompanyOrLimitedPartnershipTable' xlink:type='arc' />
</link:definitionLink>
<link:definitionLink xlink:role='http://xbrl.us/us-gaap/role/disclosure/OrganizationConsolidationAndPresentationOfFinancialStatementsScheduleOfSubsidiaryOfLimitedLiabilityCompanyOrLimitedPartnershipTable' xlink:type='extended'>
<link:loc xlink:href='../elts/us-gaap-2009-01-31.xsd#us-gaap_ScheduleOfSubsidiaryOfLimitedLiabilityCompanyOrLimitedPartnershipTable' xlink:label='loc_ScheduleOfSubsidiaryOfLimitedLiabilityCompanyOrLimitedPartnershipTable' xlink:type='locator' />
<link:loc xlink:href='../non-gaap/dei-2009-01-31.xsd#dei_LegalEntityAxis' xlink:label='loc_LegalEntityAxis' xlink:type='locator' />
<link:definitionArc order='1.0' xlink:arcrole='http://xbrl.org/int/dim/arcrole/hypercube-dimension' xlink:from='loc_ScheduleOfSubsidiaryOfLimitedLiabilityCompanyOrLimitedPartnershipTable' xlink:to='loc_LegalEntityAxis' xlink:type='arc' />
</link:definitionLink>
<link:definitionLink xlink:role='http://xbrl.us/us-gaap/role/disclosure/OrganizationConsolidationAndPresentationOfFinancialStatementsScheduleOfSubsidiaryOfLimitedLiabilityCompanyOrLimitedPartnershipTable' xlink:type='extended'>
<link:loc xlink:href='../non-gaap/dei-2009-01-31.xsd#dei_LegalEntityAxis' xlink:label='loc_LegalEntityAxis' xlink:type='locator' />
<link:loc xlink:href='../non-gaap/dei-2009-01-31.xsd#dei_EntityDomain' xlink:label='loc_EntityDomain' xlink:type='locator' />
<link:definitionArc order='1.0' xlink:arcrole='http://xbrl.org/int/dim/arcrole/dimension-domain' xlink:from='loc_LegalEntityAxis' xlink:to='loc_EntityDomain' xlink:type='arc' />
</link:definitionLink>
<link:definitionLink xlink:role='http://xbrl.us/us-gaap/role/disclosure/OrganizationConsolidationAndPresentationOfFinancialStatementsScheduleOfSubsidiaryOfLimitedLiabilityCompanyOrLimitedPartnershipTable' xlink:type='extended'>
<link:loc xlink:href='../non-gaap/dei-2009-01-31.xsd#dei_LegalEntityAxis' xlink:label='loc_LegalEntityAxis' xlink:type='locator' />
<link:loc xlink:href='../non-gaap/dei-2009-01-31.xsd#dei_EntityDomain' xlink:label='loc_EntityDomain' xlink:type='locator' />
<link:definitionArc order='1.0' xlink:arcrole='http://xbrl.org/int/dim/arcrole/dimension-default' xlink:from='loc_LegalEntityAxis' xlink:to='loc_EntityDomain' xlink:type='arc' />
</link:definitionLink>
<link:definitionLink xlink:role='http://xbrl.us/us-gaap/role/disclosure/OrganizationConsolidationAndPresentationOfFinancialStatementsScheduleOfSubsidiaryOfLimitedLiabilityCompanyOrLimitedPartnershipTable' xlink:type='extended'>
<link:loc xlink:href='../elts/us-gaap-2009-01-31.xsd#us-gaap_SubsidiaryOfLimitedLiabilityCompanyOrLimitedPartnershipLineItems' xlink:label='loc_SubsidiaryOfLimitedLiabilityCompanyOrLimitedPartnershipLineItems' xlink:type='locator' />
<link:loc xlink:href='../elts/us-gaap-2009-01-31.xsd#us-gaap_SubsidiaryOfLimitedLiabilityCompanyOrLimitedPartnershipType' xlink:label='loc_SubsidiaryOfLimitedLiabilityCompanyOrLimitedPartnershipType' xlink:type='locator' />
<link:loc xlink:href='../elts/us-gaap-2009-01-31.xsd#us-gaap_SubsidiaryOfLimitedLiabilityCompanyOrLimitedPartnershipDate' xlink:label='loc_SubsidiaryOfLimitedLiabilityCompanyOrLimitedPartnershipDate' xlink:type='locator' />
<link:loc xlink:href='../elts/us-gaap-2009-01-31.xsd#us-gaap_SubsidiaryOfLimitedLiabilityCompanyOrLimitedPartnershipState' xlink:label='loc_SubsidiaryOfLimitedLiabilityCompanyOrLimitedPartnershipState' xlink:type='locator' />
<link:loc xlink:href='../elts/us-gaap-2009-01-31.xsd#us-gaap_SubsidiaryOfLimitedLiabilityCompanyOrLimitedPartnershipOwnershipInterest' xlink:label='loc_SubsidiaryOfLimitedLiabilityCompanyOrLimitedPartnershipOwnershipInterest' xlink:type='locator' />
<link:loc xlink:href='../elts/us-gaap-2009-01-31.xsd#us-gaap_SubsidiaryOfLimitedLiabilityCompanyOrLimitedPartnershipBusinessPurpose' xlink:label='loc_SubsidiaryOfLimitedLiabilityCompanyOrLimitedPartnershipBusinessPurpose' xlink:type='locator' />
<link:loc xlink:href='../elts/us-gaap-2009-01-31.xsd#us-gaap_SubsidiaryOfLimitedLiabilityCompanyOrLimitedPartnershipManagingMemberOrGeneralPartner' xlink:label='loc_SubsidiaryOfLimitedLiabilityCompanyOrLimitedPartnershipManagingMemberOrGeneralPartner' xlink:type='locator' />
<link:definitionArc order='1.0' xlink:arcrole='http://xbrl.org/int/dim/arcrole/domain-member' xlink:from='loc_SubsidiaryOfLimitedLiabilityCompanyOrLimitedPartnershipLineItems' xlink:to='loc_SubsidiaryOfLimitedLiabilityCompanyOrLimitedPartnershipType' xlink:type='arc' />
<link:definitionArc order='2.0' xlink:arcrole='http://xbrl.org/int/dim/arcrole/domain-member' xlink:from='loc_SubsidiaryOfLimitedLiabilityCompanyOrLimitedPartnershipLineItems' xlink:to='loc_SubsidiaryOfLimitedLiabilityCompanyOrLimitedPartnershipDate' xlink:type='arc' />
<link:definitionArc order='3.0' xlink:arcrole='http://xbrl.org/int/dim/arcrole/domain-member' xlink:from='loc_SubsidiaryOfLimitedLiabilityCompanyOrLimitedPartnershipLineItems' xlink:to='loc_SubsidiaryOfLimitedLiabilityCompanyOrLimitedPartnershipState' xlink:type='arc' />
<link:definitionArc order='4.0' xlink:arcrole='http://xbrl.org/int/dim/arcrole/domain-member' xlink:from='loc_SubsidiaryOfLimitedLiabilityCompanyOrLimitedPartnershipLineItems' xlink:to='loc_SubsidiaryOfLimitedLiabilityCompanyOrLimitedPartnershipOwnershipInterest' xlink:type='arc' />
<link:definitionArc order='5.0' xlink:arcrole='http://xbrl.org/int/dim/arcrole/domain-member' xlink:from='loc_SubsidiaryOfLimitedLiabilityCompanyOrLimitedPartnershipLineItems' xlink:to='loc_SubsidiaryOfLimitedLiabilityCompanyOrLimitedPartnershipBusinessPurpose' xlink:type='arc' />
<link:definitionArc order='6.0' xlink:arcrole='http://xbrl.org/int/dim/arcrole/domain-member' xlink:from='loc_SubsidiaryOfLimitedLiabilityCompanyOrLimitedPartnershipLineItems' xlink:to='loc_SubsidiaryOfLimitedLiabilityCompanyOrLimitedPartnershipManagingMemberOrGeneralPartner' xlink:type='arc' />
</link:definitionLink>
<link:definitionLink xlink:role='http://xbrl.us/us-gaap/role/disclosure/OrganizationConsolidationAndPresentationOfFinancialStatementsScheduleOfSubsidiaryOfLimitedLiabilityCompanyOrLimitedPartnershipTable' xlink:type='extended'>
<link:loc xlink:href='../non-gaap/dei-2009-01-31.xsd#dei_EntityDomain' xlink:label='loc_EntityDomain' xlink:type='locator' />
<link:loc xlink:href='../elts/us-gaap-2009-01-31.xsd#us-gaap_SubsidiariesMember' xlink:label='loc_SubsidiariesMember' xlink:type='locator' />
<link:definitionArc order='1.0' xlink:arcrole='http://xbrl.org/int/dim/arcrole/domain-member' xlink:from='loc_EntityDomain' xlink:to='loc_SubsidiariesMember' xlink:type='arc' />
</link:definitionLink>
</link:linkbase>
