<?xml version="1.0" encoding="UTF-8" standalone="no"?>

<!--Copyright (C) 2007-2009 XBRL US, Inc. All Rights Reserved.
Notice: Authorized Uses are Set Forth at http://xbrl.us/legal2009
  -->
<link:linkbase xmlns:link='http://www.xbrl.org/2003/linkbase' xmlns:xlink='http://www.w3.org/1999/xlink' xmlns:xsi='http://www.w3.org/2001/XMLSchema-instance' xsi:schemaLocation='http://www.xbrl.org/2003/linkbase http://www.xbrl.org/2003/xbrl-linkbase-2003-12-31.xsd'>
<link:roleRef roleURI='http://xbrl.us/us-gaap/role/disclosure/EnvironmentalRemediationObligations' xlink:href='../elts/us-roles-2009-01-31.xsd#ero' xlink:type='simple' />
<presentationLink xlink:role='http://xbrl.us/us-gaap/role/disclosure/EnvironmentalRemediationObligations' xlink:type='extended' xmlns='http://www.xbrl.org/2003/linkbase'>
<link:loc xlink:href='../elts/us-gaap-2009-01-31.xsd#us-gaap_EnvironmentalLossContingencyDisclosureTextBlock' xlink:label='loc_EnvironmentalLossContingencyDisclosureTextBlock' xlink:type='locator' />
<link:loc xlink:href='../elts/us-gaap-2009-01-31.xsd#us-gaap_ApplicabilityImpactAndConclusionOfEnvironmentalLossContingenciesAbstract' xlink:label='loc_ApplicabilityImpactAndConclusionOfEnvironmentalLossContingenciesAbstract' xlink:type='locator' />
<link:loc xlink:href='../elts/us-gaap-2009-01-31.xsd#us-gaap_ApplicabilityAndImpactOfEnvironmentalLaws' xlink:label='loc_ApplicabilityAndImpactOfEnvironmentalLaws' xlink:type='locator' />
<link:loc xlink:href='../elts/us-gaap-2009-01-31.xsd#us-gaap_EnvironmentalApplicabilityImpactAndConclusionDisclosures' xlink:label='loc_EnvironmentalApplicabilityImpactAndConclusionDisclosures' xlink:type='locator' />
<link:loc xlink:href='../elts/us-gaap-2009-01-31.xsd#us-gaap_AccrualForEnvironmentalLossContingenciesDisclosureAbstract' xlink:label='loc_AccrualForEnvironmentalLossContingenciesDisclosureAbstract' xlink:type='locator' />
<link:loc xlink:href='../elts/us-gaap-2009-01-31.xsd#us-gaap_MovementInAccrualForEnvironmentalLossContingenciesDisclosures' xlink:label='loc_MovementInAccrualForEnvironmentalLossContingenciesDisclosures' xlink:type='locator' />
<link:loc xlink:href='../elts/us-gaap-2009-01-31.xsd#us-gaap_AccrualForEnvironmentalLossContingenciesMaterialChangesInAccrual' xlink:label='loc_AccrualForEnvironmentalLossContingenciesMaterialChangesInAccrual' xlink:type='locator' />
<link:loc xlink:href='../elts/us-gaap-2009-01-31.xsd#us-gaap_AccrualForEnvironmentalLossContingenciesRollForward' xlink:label='loc_AccrualForEnvironmentalLossContingenciesRollForward' xlink:type='locator' />
<link:loc xlink:href='../elts/us-gaap-2009-01-31.xsd#us-gaap_AccrualForEnvironmentalLossContingencies' xlink:label='loc_AccrualForEnvironmentalLossContingencies_1' xlink:type='locator' />
<link:loc xlink:href='../elts/us-gaap-2009-01-31.xsd#us-gaap_AccrualForEnvironmentalLossContingencies' xlink:label='loc_AccrualForEnvironmentalLossContingencies' xlink:type='locator' />
<link:loc xlink:href='../elts/us-gaap-2009-01-31.xsd#us-gaap_AccrualForEnvironmentalLossContingenciesProvisionForNewLosses' xlink:label='loc_AccrualForEnvironmentalLossContingenciesProvisionForNewLosses' xlink:type='locator' />
<link:loc xlink:href='../elts/us-gaap-2009-01-31.xsd#us-gaap_AccrualForEnvironmentalLossContingenciesPayments' xlink:label='loc_AccrualForEnvironmentalLossContingenciesPayments' xlink:type='locator' />
<link:loc xlink:href='../elts/us-gaap-2009-01-31.xsd#us-gaap_AccrualForEnvironmentalLossContingenciesIncreaseDecreaseForAcquisitionsAndDivestitures' xlink:label='loc_AccrualForEnvironmentalLossContingenciesIncreaseDecreaseForAcquisitionsAndDivestitures' xlink:type='locator' />
<link:loc xlink:href='../elts/us-gaap-2009-01-31.xsd#us-gaap_AccrualForEnvironmentalLossContingenciesIncreaseDecreaseForRevisionInEstimates' xlink:label='loc_AccrualForEnvironmentalLossContingenciesIncreaseDecreaseForRevisionInEstimates' xlink:type='locator' />
<link:loc xlink:href='../elts/us-gaap-2009-01-31.xsd#us-gaap_AccrualForEnvironmentalLossContingenciesIncreaseDecreaseForCurrencyTranslation' xlink:label='loc_AccrualForEnvironmentalLossContingenciesIncreaseDecreaseForCurrencyTranslation' xlink:type='locator' />
<link:loc xlink:href='../elts/us-gaap-2009-01-31.xsd#us-gaap_AccrualForEnvironmentalLossContingenciesPeriodIncreaseDecrease' xlink:label='loc_AccrualForEnvironmentalLossContingenciesPeriodIncreaseDecrease' xlink:type='locator' />
<link:loc xlink:href='../elts/us-gaap-2009-01-31.xsd#us-gaap_ComponentsOfEnvironmentalLossAccrualAbstract' xlink:label='loc_ComponentsOfEnvironmentalLossAccrualAbstract' xlink:type='locator' />
<link:loc xlink:href='../elts/us-gaap-2009-01-31.xsd#us-gaap_AccrualForEnvironmentalLossContingenciesMaterialComponents' xlink:label='loc_AccrualForEnvironmentalLossContingenciesMaterialComponents' xlink:type='locator' />
<link:loc xlink:href='../elts/us-gaap-2009-01-31.xsd#us-gaap_AccrualForEnvironmentalLossContingenciesSignificantAssumptions' xlink:label='loc_AccrualForEnvironmentalLossContingenciesSignificantAssumptions' xlink:type='locator' />
<link:loc xlink:href='../elts/us-gaap-2009-01-31.xsd#us-gaap_AccrualForEnvironmentalLossContingenciesComponentAmount' xlink:label='loc_AccrualForEnvironmentalLossContingenciesComponentAmount' xlink:type='locator' />
<link:loc xlink:href='../elts/us-gaap-2009-01-31.xsd#us-gaap_AccrualForEnvironmentalLossContingenciesBalanceSheetClassificationAbstract' xlink:label='loc_AccrualForEnvironmentalLossContingenciesBalanceSheetClassificationAbstract' xlink:type='locator' />
<link:loc xlink:href='../elts/us-gaap-2009-01-31.xsd#us-gaap_AccrualForEnvironmentalLossContingenciesAbstract' xlink:label='loc_AccrualForEnvironmentalLossContingenciesAbstract' xlink:type='locator' />
<link:loc xlink:href='../elts/us-gaap-2009-01-31.xsd#us-gaap_AccruedEnvironmentalLossContingenciesCurrent' xlink:label='loc_AccruedEnvironmentalLossContingenciesCurrent' xlink:type='locator' />
<link:loc xlink:href='../elts/us-gaap-2009-01-31.xsd#us-gaap_AccruedEnvironmentalLossContingenciesNoncurrent' xlink:label='loc_AccruedEnvironmentalLossContingenciesNoncurrent' xlink:type='locator' />
<link:loc xlink:href='../elts/us-gaap-2009-01-31.xsd#us-gaap_AccrualForEnvironmentalLossContingenciesCaption' xlink:label='loc_AccrualForEnvironmentalLossContingenciesCaption' xlink:type='locator' />
<link:loc xlink:href='../elts/us-gaap-2009-01-31.xsd#us-gaap_AccrualForEnvironmentalLossContingenciesReconciliationOfUndiscountedAmountToRecordedBalanceAbstract' xlink:label='loc_AccrualForEnvironmentalLossContingenciesReconciliationOfUndiscountedAmountToRecordedBalanceAbstract' xlink:type='locator' />
<link:loc xlink:href='../elts/us-gaap-2009-01-31.xsd#us-gaap_AccrualForEnvironmentalLossContingenciesNetAbstract' xlink:label='loc_AccrualForEnvironmentalLossContingenciesNetAbstract' xlink:type='locator' />
<link:loc xlink:href='../elts/us-gaap-2009-01-31.xsd#us-gaap_AccrualForEnvironmentalLossContingenciesGrossAbstract' xlink:label='loc_AccrualForEnvironmentalLossContingenciesGrossAbstract' xlink:type='locator' />
<link:loc xlink:href='../elts/us-gaap-2009-01-31.xsd#us-gaap_AccrualForEnvironmentalLossContingenciesUndiscountedDueWithinOneYear' xlink:label='loc_AccrualForEnvironmentalLossContingenciesUndiscountedDueWithinOneYear' xlink:type='locator' />
<link:loc xlink:href='../elts/us-gaap-2009-01-31.xsd#us-gaap_AccrualForEnvironmentalLossContingenciesUndiscountedDueInSecondYear' xlink:label='loc_AccrualForEnvironmentalLossContingenciesUndiscountedDueInSecondYear' xlink:type='locator' />
<link:loc xlink:href='../elts/us-gaap-2009-01-31.xsd#us-gaap_AccrualForEnvironmentalLossContingenciesUndiscountedDueInThirdYear' xlink:label='loc_AccrualForEnvironmentalLossContingenciesUndiscountedDueInThirdYear' xlink:type='locator' />
<link:loc xlink:href='../elts/us-gaap-2009-01-31.xsd#us-gaap_AccrualForEnvironmentalLossContingenciesUndiscountedDueInFourthYear' xlink:label='loc_AccrualForEnvironmentalLossContingenciesUndiscountedDueInFourthYear' xlink:type='locator' />
<link:loc xlink:href='../elts/us-gaap-2009-01-31.xsd#us-gaap_AccrualForEnvironmentalLossContingenciesUndiscountedDueInFifthYear' xlink:label='loc_AccrualForEnvironmentalLossContingenciesUndiscountedDueInFifthYear' xlink:type='locator' />
<link:loc xlink:href='../elts/us-gaap-2009-01-31.xsd#us-gaap_AccrualForEnvironmentalLossContingenciesUndiscountedDueAfterFifthYear' xlink:label='loc_AccrualForEnvironmentalLossContingenciesUndiscountedDueAfterFifthYear' xlink:type='locator' />
<link:loc xlink:href='../elts/us-gaap-2009-01-31.xsd#us-gaap_AccrualForEnvironmentalLossContingenciesGross' xlink:label='loc_AccrualForEnvironmentalLossContingenciesGross' xlink:type='locator' />
<link:loc xlink:href='../elts/us-gaap-2009-01-31.xsd#us-gaap_AccrualForEnvironmentalLossContingenciesDiscount' xlink:label='loc_AccrualForEnvironmentalLossContingenciesDiscount' xlink:type='locator' />
<link:loc xlink:href='../elts/us-gaap-2009-01-31.xsd#us-gaap_AccrualForEnvironmentalLossContingenciesDiscountRate' xlink:label='loc_AccrualForEnvironmentalLossContingenciesDiscountRate' xlink:type='locator' />
<link:loc xlink:href='../elts/us-gaap-2009-01-31.xsd#us-gaap_AccrualForEnvironmentalLossContingenciesNet' xlink:label='loc_AccrualForEnvironmentalLossContingenciesNet' xlink:type='locator' />
<link:loc xlink:href='../elts/us-gaap-2009-01-31.xsd#us-gaap_ScheduleOfEnvironmentalLossContingenciesBySiteTextBlock' xlink:label='loc_ScheduleOfEnvironmentalLossContingenciesBySiteTextBlock' xlink:type='locator' />
<link:loc xlink:href='../elts/us-gaap-2009-01-31.xsd#us-gaap_SiteContingencyTable' xlink:label='loc_SiteContingencyTable' xlink:type='locator' />
<link:loc xlink:href='../elts/us-gaap-2009-01-31.xsd#us-gaap_SiteContingencyByNatureAxis' xlink:label='loc_SiteContingencyByNatureAxis' xlink:type='locator' />
<link:loc xlink:href='../elts/us-gaap-2009-01-31.xsd#us-gaap_SiteContingencyNatureOfContingencyDomain' xlink:label='loc_SiteContingencyNatureOfContingencyDomain' xlink:type='locator' />
<link:loc xlink:href='../elts/us-gaap-2009-01-31.xsd#us-gaap_SiteContingencyLineItems' xlink:label='loc_SiteContingencyLineItems' xlink:type='locator' />
<link:loc xlink:href='../elts/us-gaap-2009-01-31.xsd#us-gaap_SiteContingencyNameOfSite' xlink:label='loc_SiteContingencyNameOfSite' xlink:type='locator' />
<link:loc xlink:href='../elts/us-gaap-2009-01-31.xsd#us-gaap_SiteContingencySoldStatus' xlink:label='loc_SiteContingencySoldStatus' xlink:type='locator' />
<link:loc xlink:href='../elts/us-gaap-2009-01-31.xsd#us-gaap_SiteContingencyManagementAssessmentProcess' xlink:label='loc_SiteContingencyManagementAssessmentProcess' xlink:type='locator' />
<link:loc xlink:href='../elts/us-gaap-2009-01-31.xsd#us-gaap_SiteContingencyAccrualAssumptions' xlink:label='loc_SiteContingencyAccrualAssumptions' xlink:type='locator' />
<link:loc xlink:href='../elts/us-gaap-2009-01-31.xsd#us-gaap_SiteContingencyCircumstancesImpactingPrecisionOfEstimate' xlink:label='loc_SiteContingencyCircumstancesImpactingPrecisionOfEstimate' xlink:type='locator' />
<link:loc xlink:href='../elts/us-gaap-2009-01-31.xsd#us-gaap_SiteContingencyFactorsChangingEstimate' xlink:label='loc_SiteContingencyFactorsChangingEstimate' xlink:type='locator' />
<link:loc xlink:href='../elts/us-gaap-2009-01-31.xsd#us-gaap_SiteContingencyLossInestimableExplanation' xlink:label='loc_SiteContingencyLossInestimableExplanation' xlink:type='locator' />
<link:loc xlink:href='../elts/us-gaap-2009-01-31.xsd#us-gaap_SiteContingencyAccrualUndiscountedAmount' xlink:label='loc_SiteContingencyAccrualUndiscountedAmount' xlink:type='locator' />
<link:loc xlink:href='../elts/us-gaap-2009-01-31.xsd#us-gaap_SiteContingencyAccrualDiscountRate' xlink:label='loc_SiteContingencyAccrualDiscountRate' xlink:type='locator' />
<link:loc xlink:href='../elts/us-gaap-2009-01-31.xsd#us-gaap_SiteContingencyAccrualDiscountAmount' xlink:label='loc_SiteContingencyAccrualDiscountAmount' xlink:type='locator' />
<link:loc xlink:href='../elts/us-gaap-2009-01-31.xsd#us-gaap_SiteContingencyAccrualPresentValue' xlink:label='loc_SiteContingencyAccrualPresentValue' xlink:type='locator' />
<link:loc xlink:href='../elts/us-gaap-2009-01-31.xsd#us-gaap_SiteContingencyAccrualCaption' xlink:label='loc_SiteContingencyAccrualCaption' xlink:type='locator' />
<link:loc xlink:href='../elts/us-gaap-2009-01-31.xsd#us-gaap_SiteContingencyIndicationAccrualMayChange' xlink:label='loc_SiteContingencyIndicationAccrualMayChange' xlink:type='locator' />
<link:loc xlink:href='../elts/us-gaap-2009-01-31.xsd#us-gaap_SiteContingencyLossExposureNotAccruedDescription' xlink:label='loc_SiteContingencyLossExposureNotAccruedDescription' xlink:type='locator' />
<link:loc xlink:href='../elts/us-gaap-2009-01-31.xsd#us-gaap_SiteContingencyLossExposureNotAccruedBestEstimate' xlink:label='loc_SiteContingencyLossExposureNotAccruedBestEstimate' xlink:type='locator' />
<link:loc xlink:href='../elts/us-gaap-2009-01-31.xsd#us-gaap_SiteContingencyLossExposureNotAccruedLowEstimate' xlink:label='loc_SiteContingencyLossExposureNotAccruedLowEstimate' xlink:type='locator' />
<link:loc xlink:href='../elts/us-gaap-2009-01-31.xsd#us-gaap_SiteContingencyLossExposureNotAccruedHighEstimate' xlink:label='loc_SiteContingencyLossExposureNotAccruedHighEstimate' xlink:type='locator' />
<link:loc xlink:href='../elts/us-gaap-2009-01-31.xsd#us-gaap_SiteContingencyLossExposureNotAccruedThirdPartyRecoveryCommentary' xlink:label='loc_SiteContingencyLossExposureNotAccruedThirdPartyRecoveryCommentary' xlink:type='locator' />
<link:loc xlink:href='../elts/us-gaap-2009-01-31.xsd#us-gaap_SiteContingencyLossExposureInExcessOfAccrualDescription' xlink:label='loc_SiteContingencyLossExposureInExcessOfAccrualDescription' xlink:type='locator' />
<link:loc xlink:href='../elts/us-gaap-2009-01-31.xsd#us-gaap_SiteContingencyLossExposureInExcessOfAccrualBestEstimate' xlink:label='loc_SiteContingencyLossExposureInExcessOfAccrualBestEstimate' xlink:type='locator' />
<link:loc xlink:href='../elts/us-gaap-2009-01-31.xsd#us-gaap_SiteContingencyLossExposureInExcessOfAccrualLowEstimate' xlink:label='loc_SiteContingencyLossExposureInExcessOfAccrualLowEstimate' xlink:type='locator' />
<link:loc xlink:href='../elts/us-gaap-2009-01-31.xsd#us-gaap_SiteContingencyLossExposureInExcessOfAccrualHighEstimate' xlink:label='loc_SiteContingencyLossExposureInExcessOfAccrualHighEstimate' xlink:type='locator' />
<link:loc xlink:href='../elts/us-gaap-2009-01-31.xsd#us-gaap_SiteContingencyUnassertedClaims' xlink:label='loc_SiteContingencyUnassertedClaims' xlink:type='locator' />
<link:loc xlink:href='../elts/us-gaap-2009-01-31.xsd#us-gaap_SiteContingencyUncertaintiesFromJointAndSeveralLiability' xlink:label='loc_SiteContingencyUncertaintiesFromJointAndSeveralLiability' xlink:type='locator' />
<link:loc xlink:href='../elts/us-gaap-2009-01-31.xsd#us-gaap_SiteContingencyUncertaintiesFromInsurance' xlink:label='loc_SiteContingencyUncertaintiesFromInsurance' xlink:type='locator' />
<link:loc xlink:href='../elts/us-gaap-2009-01-31.xsd#us-gaap_SiteContingencyTimeFrameOfDisbursements' xlink:label='loc_SiteContingencyTimeFrameOfDisbursements' xlink:type='locator' />
<link:loc xlink:href='../elts/us-gaap-2009-01-31.xsd#us-gaap_SiteContingencyTimeFrameForRecognizedProbableRecoveries' xlink:label='loc_SiteContingencyTimeFrameForRecognizedProbableRecoveries' xlink:type='locator' />
<link:loc xlink:href='../elts/us-gaap-2009-01-31.xsd#us-gaap_SiteContingencyNamesOfOtherPotentiallyResponsibleParties' xlink:label='loc_SiteContingencyNamesOfOtherPotentiallyResponsibleParties' xlink:type='locator' />
<link:loc xlink:href='../elts/us-gaap-2009-01-31.xsd#us-gaap_SiteContingencyNatureAndTermsOfCostSharingRelationships' xlink:label='loc_SiteContingencyNatureAndTermsOfCostSharingRelationships' xlink:type='locator' />
<link:loc xlink:href='../elts/us-gaap-2009-01-31.xsd#us-gaap_SiteContingencyStatusOfRegulatoryProceedings' xlink:label='loc_SiteContingencyStatusOfRegulatoryProceedings' xlink:type='locator' />
<link:loc xlink:href='../elts/us-gaap-2009-01-31.xsd#us-gaap_SiteContingencyEstimatedTimeFrameToResolveContingency' xlink:label='loc_SiteContingencyEstimatedTimeFrameToResolveContingency' xlink:type='locator' />
<link:loc xlink:href='../elts/us-gaap-2009-01-31.xsd#us-gaap_SiteContingencyEnvironmentalRemediationCostsRecognized' xlink:label='loc_SiteContingencyEnvironmentalRemediationCostsRecognized' xlink:type='locator' />
<link:loc xlink:href='../elts/us-gaap-2009-01-31.xsd#us-gaap_SiteContingencyRecoveryFromThirdPartyOfEnvironmentalRemediationCost' xlink:label='loc_SiteContingencyRecoveryFromThirdPartyOfEnvironmentalRemediationCost' xlink:type='locator' />
<link:loc xlink:href='../elts/us-gaap-2009-01-31.xsd#us-gaap_RecordedThirdPartyRecoveriesRelatedToEnvironmentalRemediationObligationsAbstract' xlink:label='loc_RecordedThirdPartyRecoveriesRelatedToEnvironmentalRemediationObligationsAbstract' xlink:type='locator' />
<link:loc xlink:href='../elts/us-gaap-2009-01-31.xsd#us-gaap_RecordedThirdPartyEnvironmentalRecoveriesDescription' xlink:label='loc_RecordedThirdPartyEnvironmentalRecoveriesDescription' xlink:type='locator' />
<link:loc xlink:href='../elts/us-gaap-2009-01-31.xsd#us-gaap_RecordedThirdPartyEnvironmentalRecoveriesReceivable' xlink:label='loc_RecordedThirdPartyEnvironmentalRecoveriesReceivable' xlink:type='locator' />
<link:loc xlink:href='../elts/us-gaap-2009-01-31.xsd#us-gaap_MaterialComponentsOfRecordedThirdPartyEnvironmentalRecoveriesAbstract' xlink:label='loc_MaterialComponentsOfRecordedThirdPartyEnvironmentalRecoveriesAbstract' xlink:type='locator' />
<link:loc xlink:href='../elts/us-gaap-2009-01-31.xsd#us-gaap_RecordedThirdPartyEnvironmentalRecoveriesComponents' xlink:label='loc_RecordedThirdPartyEnvironmentalRecoveriesComponents' xlink:type='locator' />
<link:loc xlink:href='../elts/us-gaap-2009-01-31.xsd#us-gaap_RecordedThirdPartyEnvironmentalRecoveriesAmount' xlink:label='loc_RecordedThirdPartyEnvironmentalRecoveriesAmount' xlink:type='locator' />
<link:loc xlink:href='../elts/us-gaap-2009-01-31.xsd#us-gaap_RecordedThirdPartyEnvironmentalRecoveriesBalanceSheetClassificationAbstract' xlink:label='loc_RecordedThirdPartyEnvironmentalRecoveriesBalanceSheetClassificationAbstract' xlink:type='locator' />
<link:loc xlink:href='../elts/us-gaap-2009-01-31.xsd#us-gaap_RecordedThirdPartyEnvironmentalRecoveriesCurrent' xlink:label='loc_RecordedThirdPartyEnvironmentalRecoveriesCurrent' xlink:type='locator' />
<link:loc xlink:href='../elts/us-gaap-2009-01-31.xsd#us-gaap_RecordedThirdPartyEnvironmentalRecoveriesNoncurrent' xlink:label='loc_RecordedThirdPartyEnvironmentalRecoveriesNoncurrent' xlink:type='locator' />
<link:loc xlink:href='../elts/us-gaap-2009-01-31.xsd#us-gaap_RecordedThirdPartyEnvironmentalRecoveriesCaption' xlink:label='loc_RecordedThirdPartyEnvironmentalRecoveriesCaption' xlink:type='locator' />
<link:loc xlink:href='../elts/us-gaap-2009-01-31.xsd#us-gaap_RecordedThirdPartyEnvironmentalRecoveriesReconciliationOfUndiscountedAmountToRecordedBalanceAbstract' xlink:label='loc_RecordedThirdPartyEnvironmentalRecoveriesReconciliationOfUndiscountedAmountToRecordedBalanceAbstract' xlink:type='locator' />
<link:loc xlink:href='../elts/us-gaap-2009-01-31.xsd#us-gaap_RecordedThirdPartyEnvironmentalRecoveriesNetAbstract' xlink:label='loc_RecordedThirdPartyEnvironmentalRecoveriesNetAbstract' xlink:type='locator' />
<link:loc xlink:href='../elts/us-gaap-2009-01-31.xsd#us-gaap_RecordedThirdPartyEnvironmentalRecoveriesUndiscounted' xlink:label='loc_RecordedThirdPartyEnvironmentalRecoveriesUndiscounted' xlink:type='locator' />
<link:loc xlink:href='../elts/us-gaap-2009-01-31.xsd#us-gaap_RecordedThirdPartyEnvironmentalRecoveriesDiscount' xlink:label='loc_RecordedThirdPartyEnvironmentalRecoveriesDiscount' xlink:type='locator' />
<link:loc xlink:href='../elts/us-gaap-2009-01-31.xsd#us-gaap_RecordedThirdPartyEnvironmentalRecoveriesNet' xlink:label='loc_RecordedThirdPartyEnvironmentalRecoveriesNet' xlink:type='locator' />
<link:loc xlink:href='../elts/us-gaap-2009-01-31.xsd#us-gaap_RecordedThirdPartyEnvironmentalRecoveriesDiscountRate' xlink:label='loc_RecordedThirdPartyEnvironmentalRecoveriesDiscountRate' xlink:type='locator' />
<link:loc xlink:href='../elts/us-gaap-2009-01-31.xsd#us-gaap_EnvironmentalPropertySaleDisposalOrAbandonmentCostsAbstract' xlink:label='loc_EnvironmentalPropertySaleDisposalOrAbandonmentCostsAbstract' xlink:type='locator' />
<link:loc xlink:href='../elts/us-gaap-2009-01-31.xsd#us-gaap_EnvironmentalCostsOfPropertyForSaleDisposalOrAbandonmentDisclosures' xlink:label='loc_EnvironmentalCostsOfPropertyForSaleDisposalOrAbandonmentDisclosures' xlink:type='locator' />
<link:loc xlink:href='../elts/us-gaap-2009-01-31.xsd#us-gaap_EnvironmentalCostsOfPropertyForSaleDisposalOrAbandonmentAnticipatedExitCosts' xlink:label='loc_EnvironmentalCostsOfPropertyForSaleDisposalOrAbandonmentAnticipatedExitCosts' xlink:type='locator' />
<link:loc xlink:href='../elts/us-gaap-2009-01-31.xsd#us-gaap_EnvironmentalCostsOfPropertyForSaleDisposalOrAbandonmentAccruedExitCosts' xlink:label='loc_EnvironmentalCostsOfPropertyForSaleDisposalOrAbandonmentAccruedExitCosts' xlink:type='locator' />
<link:loc xlink:href='../elts/us-gaap-2009-01-31.xsd#us-gaap_EnvironmentalCostsOfPropertyForSaleDisposalOrAbandonmentBalanceSheetCaption' xlink:label='loc_EnvironmentalCostsOfPropertyForSaleDisposalOrAbandonmentBalanceSheetCaption' xlink:type='locator' />
<link:loc xlink:href='../elts/us-gaap-2009-01-31.xsd#us-gaap_EnvironmentalExitCostsByCostTextBlock' xlink:label='loc_EnvironmentalExitCostsByCostTextBlock' xlink:type='locator' />
<link:loc xlink:href='../elts/us-gaap-2009-01-31.xsd#us-gaap_ScheduleOfEnvironmentalExitCostTable' xlink:label='loc_ScheduleOfEnvironmentalExitCostTable' xlink:type='locator' />
<link:loc xlink:href='../elts/us-gaap-2009-01-31.xsd#us-gaap_EnvironmentalExitCostByPropertyAxis' xlink:label='loc_EnvironmentalExitCostByPropertyAxis' xlink:type='locator' />
<link:loc xlink:href='../elts/us-gaap-2009-01-31.xsd#us-gaap_EnvironmentalExitCostsNameOfPropertyDomain' xlink:label='loc_EnvironmentalExitCostsNameOfPropertyDomain' xlink:type='locator' />
<link:loc xlink:href='../elts/us-gaap-2009-01-31.xsd#us-gaap_EnvironmentalExitCostLineItems' xlink:label='loc_EnvironmentalExitCostLineItems' xlink:type='locator' />
<link:loc xlink:href='../elts/us-gaap-2009-01-31.xsd#us-gaap_EnvironmentalExitCostsNatureOfCosts' xlink:label='loc_EnvironmentalExitCostsNatureOfCosts' xlink:type='locator' />
<link:loc xlink:href='../elts/us-gaap-2009-01-31.xsd#us-gaap_EnvironmentalExitCostsAnticipatedCost' xlink:label='loc_EnvironmentalExitCostsAnticipatedCost' xlink:type='locator' />
<link:loc xlink:href='../elts/us-gaap-2009-01-31.xsd#us-gaap_EnvironmentalExitCostsCostsAccruedToDate' xlink:label='loc_EnvironmentalExitCostsCostsAccruedToDate' xlink:type='locator' />
<link:loc xlink:href='../elts/us-gaap-2009-01-31.xsd#us-gaap_EnvironmentalExitCostsReasonablyPossibleAdditionalLosses' xlink:label='loc_EnvironmentalExitCostsReasonablyPossibleAdditionalLosses' xlink:type='locator' />
<link:loc xlink:href='../elts/us-gaap-2009-01-31.xsd#us-gaap_EnvironmentalExitCostsReasonablyPossibleAdditionalLossesBestEstimate' xlink:label='loc_EnvironmentalExitCostsReasonablyPossibleAdditionalLossesBestEstimate' xlink:type='locator' />
<link:loc xlink:href='../elts/us-gaap-2009-01-31.xsd#us-gaap_EnvironmentalExitCostsReasonablyPossibleAdditionalLossesLowEstimate' xlink:label='loc_EnvironmentalExitCostsReasonablyPossibleAdditionalLossesLowEstimate' xlink:type='locator' />
<link:loc xlink:href='../elts/us-gaap-2009-01-31.xsd#us-gaap_EnvironmentalExitCostsReasonablyPossibleAdditionalLossesHighEstimate' xlink:label='loc_EnvironmentalExitCostsReasonablyPossibleAdditionalLossesHighEstimate' xlink:type='locator' />
<link:loc xlink:href='../elts/us-gaap-2009-01-31.xsd#us-gaap_EnvironmentalExitCostsImpairmentAssessment' xlink:label='loc_EnvironmentalExitCostsImpairmentAssessment' xlink:type='locator' />
<link:loc xlink:href='../elts/us-gaap-2009-01-31.xsd#us-gaap_EnvironmentalExitCostsAssetsPreviouslyDisposedLiabilityForRemediation' xlink:label='loc_EnvironmentalExitCostsAssetsPreviouslyDisposedLiabilityForRemediation' xlink:type='locator' />
<link:loc xlink:href='../elts/us-gaap-2009-01-31.xsd#us-gaap_EnvironmentalRemediationCostsRecognizedAbstract' xlink:label='loc_EnvironmentalRemediationCostsRecognizedAbstract' xlink:type='locator' />
<link:loc xlink:href='../elts/us-gaap-2009-01-31.xsd#us-gaap_EnvironmentalRemediationCostsRecognizedDisclosure' xlink:label='loc_EnvironmentalRemediationCostsRecognizedDisclosure' xlink:type='locator' />
<link:loc xlink:href='../elts/us-gaap-2009-01-31.xsd#us-gaap_EnvironmentalCostRecognized' xlink:label='loc_EnvironmentalCostRecognized' xlink:type='locator' />
<link:loc xlink:href='../elts/us-gaap-2009-01-31.xsd#us-gaap_EnvironmentalRemediationExpense' xlink:label='loc_EnvironmentalRemediationExpense' xlink:type='locator' />
<link:loc xlink:href='../elts/us-gaap-2009-01-31.xsd#us-gaap_EnvironmentalCostRecognizedRecoveryCreditedToExpense' xlink:label='loc_EnvironmentalCostRecognizedRecoveryCreditedToExpense' xlink:type='locator' />
<link:loc xlink:href='../elts/us-gaap-2009-01-31.xsd#us-gaap_EnvironmentalCostRecognizedCapitalizedInPeriod' xlink:label='loc_EnvironmentalCostRecognizedCapitalizedInPeriod' xlink:type='locator' />
<link:loc xlink:href='../elts/us-gaap-2009-01-31.xsd#us-gaap_EnvironmentalCostRecognizedCaption' xlink:label='loc_EnvironmentalCostRecognizedCaption' xlink:type='locator' />
<presentationArc order='10' use='optional' xlink:arcrole='http://www.xbrl.org/2003/arcrole/parent-child' xlink:from='loc_EnvironmentalLossContingencyDisclosureTextBlock' xlink:to='loc_ApplicabilityImpactAndConclusionOfEnvironmentalLossContingenciesAbstract' xlink:type='arc' />
<presentationArc order='10' use='optional' xlink:arcrole='http://www.xbrl.org/2003/arcrole/parent-child' xlink:from='loc_ApplicabilityImpactAndConclusionOfEnvironmentalLossContingenciesAbstract' xlink:to='loc_ApplicabilityAndImpactOfEnvironmentalLaws' xlink:type='arc' />
<presentationArc order='20' use='optional' xlink:arcrole='http://www.xbrl.org/2003/arcrole/parent-child' xlink:from='loc_ApplicabilityImpactAndConclusionOfEnvironmentalLossContingenciesAbstract' xlink:to='loc_EnvironmentalApplicabilityImpactAndConclusionDisclosures' xlink:type='arc' />
<presentationArc order='20' use='optional' xlink:arcrole='http://www.xbrl.org/2003/arcrole/parent-child' xlink:from='loc_EnvironmentalLossContingencyDisclosureTextBlock' xlink:to='loc_AccrualForEnvironmentalLossContingenciesDisclosureAbstract' xlink:type='arc' />
<presentationArc order='10' use='optional' xlink:arcrole='http://www.xbrl.org/2003/arcrole/parent-child' xlink:from='loc_AccrualForEnvironmentalLossContingenciesDisclosureAbstract' xlink:to='loc_MovementInAccrualForEnvironmentalLossContingenciesDisclosures' xlink:type='arc' />
<presentationArc order='20' use='optional' xlink:arcrole='http://www.xbrl.org/2003/arcrole/parent-child' xlink:from='loc_AccrualForEnvironmentalLossContingenciesDisclosureAbstract' xlink:to='loc_AccrualForEnvironmentalLossContingenciesMaterialChangesInAccrual' xlink:type='arc' />
<presentationArc order='30' use='optional' xlink:arcrole='http://www.xbrl.org/2003/arcrole/parent-child' xlink:from='loc_AccrualForEnvironmentalLossContingenciesDisclosureAbstract' xlink:to='loc_AccrualForEnvironmentalLossContingenciesRollForward' xlink:type='arc' />
<presentationArc order='10' preferredLabel='http://www.xbrl.org/2003/role/periodStartLabel' use='optional' xlink:arcrole='http://www.xbrl.org/2003/arcrole/parent-child' xlink:from='loc_AccrualForEnvironmentalLossContingenciesRollForward' xlink:to='loc_AccrualForEnvironmentalLossContingencies' xlink:type='arc' />
<presentationArc order='20' use='optional' xlink:arcrole='http://www.xbrl.org/2003/arcrole/parent-child' xlink:from='loc_AccrualForEnvironmentalLossContingenciesRollForward' xlink:to='loc_AccrualForEnvironmentalLossContingenciesProvisionForNewLosses' xlink:type='arc' />
<presentationArc order='30' use='optional' xlink:arcrole='http://www.xbrl.org/2003/arcrole/parent-child' xlink:from='loc_AccrualForEnvironmentalLossContingenciesRollForward' xlink:to='loc_AccrualForEnvironmentalLossContingenciesPayments' xlink:type='arc' />
<presentationArc order='40' use='optional' xlink:arcrole='http://www.xbrl.org/2003/arcrole/parent-child' xlink:from='loc_AccrualForEnvironmentalLossContingenciesRollForward' xlink:to='loc_AccrualForEnvironmentalLossContingenciesIncreaseDecreaseForAcquisitionsAndDivestitures' xlink:type='arc' />
<presentationArc order='50' use='optional' xlink:arcrole='http://www.xbrl.org/2003/arcrole/parent-child' xlink:from='loc_AccrualForEnvironmentalLossContingenciesRollForward' xlink:to='loc_AccrualForEnvironmentalLossContingenciesIncreaseDecreaseForRevisionInEstimates' xlink:type='arc' />
<presentationArc order='60' use='optional' xlink:arcrole='http://www.xbrl.org/2003/arcrole/parent-child' xlink:from='loc_AccrualForEnvironmentalLossContingenciesRollForward' xlink:to='loc_AccrualForEnvironmentalLossContingenciesIncreaseDecreaseForCurrencyTranslation' xlink:type='arc' />
<presentationArc order='70' preferredLabel='http://www.xbrl.org/2003/role/totalLabel' xlink:arcrole='http://www.xbrl.org/2003/arcrole/parent-child' xlink:from='loc_AccrualForEnvironmentalLossContingenciesRollForward' xlink:to='loc_AccrualForEnvironmentalLossContingenciesPeriodIncreaseDecrease' xlink:type='arc' />
<presentationArc order='80' preferredLabel='http://www.xbrl.org/2003/role/periodEndLabel' use='optional' xlink:arcrole='http://www.xbrl.org/2003/arcrole/parent-child' xlink:from='loc_AccrualForEnvironmentalLossContingenciesRollForward' xlink:to='loc_AccrualForEnvironmentalLossContingencies_1' xlink:type='arc' />
<presentationArc order='40' xlink:arcrole='http://www.xbrl.org/2003/arcrole/parent-child' xlink:from='loc_AccrualForEnvironmentalLossContingenciesDisclosureAbstract' xlink:to='loc_ComponentsOfEnvironmentalLossAccrualAbstract' xlink:type='arc' />
<presentationArc order='10' xlink:arcrole='http://www.xbrl.org/2003/arcrole/parent-child' xlink:from='loc_ComponentsOfEnvironmentalLossAccrualAbstract' xlink:to='loc_AccrualForEnvironmentalLossContingenciesMaterialComponents' xlink:type='arc' />
<presentationArc order='20' xlink:arcrole='http://www.xbrl.org/2003/arcrole/parent-child' xlink:from='loc_ComponentsOfEnvironmentalLossAccrualAbstract' xlink:to='loc_AccrualForEnvironmentalLossContingenciesSignificantAssumptions' xlink:type='arc' />
<presentationArc order='30' xlink:arcrole='http://www.xbrl.org/2003/arcrole/parent-child' xlink:from='loc_ComponentsOfEnvironmentalLossAccrualAbstract' xlink:to='loc_AccrualForEnvironmentalLossContingenciesComponentAmount' xlink:type='arc' />
<presentationArc order='50' use='optional' xlink:arcrole='http://www.xbrl.org/2003/arcrole/parent-child' xlink:from='loc_AccrualForEnvironmentalLossContingenciesDisclosureAbstract' xlink:to='loc_AccrualForEnvironmentalLossContingenciesBalanceSheetClassificationAbstract' xlink:type='arc' />
<presentationArc order='10' xlink:arcrole='http://www.xbrl.org/2003/arcrole/parent-child' xlink:from='loc_AccrualForEnvironmentalLossContingenciesBalanceSheetClassificationAbstract' xlink:to='loc_AccrualForEnvironmentalLossContingenciesAbstract' xlink:type='arc' />
<presentationArc order='10' xlink:arcrole='http://www.xbrl.org/2003/arcrole/parent-child' xlink:from='loc_AccrualForEnvironmentalLossContingenciesAbstract' xlink:to='loc_AccruedEnvironmentalLossContingenciesCurrent' xlink:type='arc' />
<presentationArc order='20' xlink:arcrole='http://www.xbrl.org/2003/arcrole/parent-child' xlink:from='loc_AccrualForEnvironmentalLossContingenciesAbstract' xlink:to='loc_AccruedEnvironmentalLossContingenciesNoncurrent' xlink:type='arc' />
<presentationArc order='30' preferredLabel='http://www.xbrl.org/2003/role/totalLabel' xlink:arcrole='http://www.xbrl.org/2003/arcrole/parent-child' xlink:from='loc_AccrualForEnvironmentalLossContingenciesAbstract' xlink:to='loc_AccrualForEnvironmentalLossContingencies' xlink:type='arc' />
<presentationArc order='20' use='optional' xlink:arcrole='http://www.xbrl.org/2003/arcrole/parent-child' xlink:from='loc_AccrualForEnvironmentalLossContingenciesBalanceSheetClassificationAbstract' xlink:to='loc_AccrualForEnvironmentalLossContingenciesCaption' xlink:type='arc' />
<presentationArc order='60' use='optional' xlink:arcrole='http://www.xbrl.org/2003/arcrole/parent-child' xlink:from='loc_AccrualForEnvironmentalLossContingenciesDisclosureAbstract' xlink:to='loc_AccrualForEnvironmentalLossContingenciesReconciliationOfUndiscountedAmountToRecordedBalanceAbstract' xlink:type='arc' />
<presentationArc order='10' xlink:arcrole='http://www.xbrl.org/2003/arcrole/parent-child' xlink:from='loc_AccrualForEnvironmentalLossContingenciesReconciliationOfUndiscountedAmountToRecordedBalanceAbstract' xlink:to='loc_AccrualForEnvironmentalLossContingenciesNetAbstract' xlink:type='arc' />
<presentationArc order='10' xlink:arcrole='http://www.xbrl.org/2003/arcrole/parent-child' xlink:from='loc_AccrualForEnvironmentalLossContingenciesNetAbstract' xlink:to='loc_AccrualForEnvironmentalLossContingenciesGrossAbstract' xlink:type='arc' />
<presentationArc order='10' xlink:arcrole='http://www.xbrl.org/2003/arcrole/parent-child' xlink:from='loc_AccrualForEnvironmentalLossContingenciesGrossAbstract' xlink:to='loc_AccrualForEnvironmentalLossContingenciesUndiscountedDueWithinOneYear' xlink:type='arc' />
<presentationArc order='20' xlink:arcrole='http://www.xbrl.org/2003/arcrole/parent-child' xlink:from='loc_AccrualForEnvironmentalLossContingenciesGrossAbstract' xlink:to='loc_AccrualForEnvironmentalLossContingenciesUndiscountedDueInSecondYear' xlink:type='arc' />
<presentationArc order='30' xlink:arcrole='http://www.xbrl.org/2003/arcrole/parent-child' xlink:from='loc_AccrualForEnvironmentalLossContingenciesGrossAbstract' xlink:to='loc_AccrualForEnvironmentalLossContingenciesUndiscountedDueInThirdYear' xlink:type='arc' />
<presentationArc order='40' xlink:arcrole='http://www.xbrl.org/2003/arcrole/parent-child' xlink:from='loc_AccrualForEnvironmentalLossContingenciesGrossAbstract' xlink:to='loc_AccrualForEnvironmentalLossContingenciesUndiscountedDueInFourthYear' xlink:type='arc' />
<presentationArc order='50' xlink:arcrole='http://www.xbrl.org/2003/arcrole/parent-child' xlink:from='loc_AccrualForEnvironmentalLossContingenciesGrossAbstract' xlink:to='loc_AccrualForEnvironmentalLossContingenciesUndiscountedDueInFifthYear' xlink:type='arc' />
<presentationArc order='60' xlink:arcrole='http://www.xbrl.org/2003/arcrole/parent-child' xlink:from='loc_AccrualForEnvironmentalLossContingenciesGrossAbstract' xlink:to='loc_AccrualForEnvironmentalLossContingenciesUndiscountedDueAfterFifthYear' xlink:type='arc' />
<presentationArc order='70' preferredLabel='http://www.xbrl.org/2003/role/totalLabel' xlink:arcrole='http://www.xbrl.org/2003/arcrole/parent-child' xlink:from='loc_AccrualForEnvironmentalLossContingenciesGrossAbstract' xlink:to='loc_AccrualForEnvironmentalLossContingenciesGross' xlink:type='arc' />
<presentationArc order='20' xlink:arcrole='http://www.xbrl.org/2003/arcrole/parent-child' xlink:from='loc_AccrualForEnvironmentalLossContingenciesNetAbstract' xlink:to='loc_AccrualForEnvironmentalLossContingenciesDiscount' xlink:type='arc' />
<presentationArc order='10' xlink:arcrole='http://www.xbrl.org/2003/arcrole/parent-child' xlink:from='loc_AccrualForEnvironmentalLossContingenciesDiscount' xlink:to='loc_AccrualForEnvironmentalLossContingenciesDiscountRate' xlink:type='arc' />
<presentationArc order='30' preferredLabel='http://www.xbrl.org/2003/role/totalLabel' xlink:arcrole='http://www.xbrl.org/2003/arcrole/parent-child' xlink:from='loc_AccrualForEnvironmentalLossContingenciesNetAbstract' xlink:to='loc_AccrualForEnvironmentalLossContingenciesNet' xlink:type='arc' />
<presentationArc order='30' use='optional' xlink:arcrole='http://www.xbrl.org/2003/arcrole/parent-child' xlink:from='loc_EnvironmentalLossContingencyDisclosureTextBlock' xlink:to='loc_ScheduleOfEnvironmentalLossContingenciesBySiteTextBlock' xlink:type='arc' />
<presentationArc order='10' use='optional' xlink:arcrole='http://www.xbrl.org/2003/arcrole/parent-child' xlink:from='loc_ScheduleOfEnvironmentalLossContingenciesBySiteTextBlock' xlink:to='loc_SiteContingencyTable' xlink:type='arc' />
<presentationArc order='10' use='optional' xlink:arcrole='http://www.xbrl.org/2003/arcrole/parent-child' xlink:from='loc_SiteContingencyTable' xlink:to='loc_SiteContingencyByNatureAxis' xlink:type='arc' />
<presentationArc order='10' use='optional' xlink:arcrole='http://www.xbrl.org/2003/arcrole/parent-child' xlink:from='loc_SiteContingencyByNatureAxis' xlink:to='loc_SiteContingencyNatureOfContingencyDomain' xlink:type='arc' />
<presentationArc order='20' use='optional' xlink:arcrole='http://www.xbrl.org/2003/arcrole/parent-child' xlink:from='loc_SiteContingencyTable' xlink:to='loc_SiteContingencyLineItems' xlink:type='arc' />
<presentationArc order='10' use='optional' xlink:arcrole='http://www.xbrl.org/2003/arcrole/parent-child' xlink:from='loc_SiteContingencyLineItems' xlink:to='loc_SiteContingencyNameOfSite' xlink:type='arc' />
<presentationArc order='20' xlink:arcrole='http://www.xbrl.org/2003/arcrole/parent-child' xlink:from='loc_SiteContingencyLineItems' xlink:to='loc_SiteContingencySoldStatus' xlink:type='arc' />
<presentationArc order='30' xlink:arcrole='http://www.xbrl.org/2003/arcrole/parent-child' xlink:from='loc_SiteContingencyLineItems' xlink:to='loc_SiteContingencyManagementAssessmentProcess' xlink:type='arc' />
<presentationArc order='40' xlink:arcrole='http://www.xbrl.org/2003/arcrole/parent-child' xlink:from='loc_SiteContingencyLineItems' xlink:to='loc_SiteContingencyAccrualAssumptions' xlink:type='arc' />
<presentationArc order='50' xlink:arcrole='http://www.xbrl.org/2003/arcrole/parent-child' xlink:from='loc_SiteContingencyLineItems' xlink:to='loc_SiteContingencyCircumstancesImpactingPrecisionOfEstimate' xlink:type='arc' />
<presentationArc order='60' xlink:arcrole='http://www.xbrl.org/2003/arcrole/parent-child' xlink:from='loc_SiteContingencyLineItems' xlink:to='loc_SiteContingencyFactorsChangingEstimate' xlink:type='arc' />
<presentationArc order='70' xlink:arcrole='http://www.xbrl.org/2003/arcrole/parent-child' xlink:from='loc_SiteContingencyLineItems' xlink:to='loc_SiteContingencyLossInestimableExplanation' xlink:type='arc' />
<presentationArc order='80' xlink:arcrole='http://www.xbrl.org/2003/arcrole/parent-child' xlink:from='loc_SiteContingencyLineItems' xlink:to='loc_SiteContingencyAccrualUndiscountedAmount' xlink:type='arc' />
<presentationArc order='90' xlink:arcrole='http://www.xbrl.org/2003/arcrole/parent-child' xlink:from='loc_SiteContingencyLineItems' xlink:to='loc_SiteContingencyAccrualDiscountRate' xlink:type='arc' />
<presentationArc order='100' xlink:arcrole='http://www.xbrl.org/2003/arcrole/parent-child' xlink:from='loc_SiteContingencyLineItems' xlink:to='loc_SiteContingencyAccrualDiscountAmount' xlink:type='arc' />
<presentationArc order='110' xlink:arcrole='http://www.xbrl.org/2003/arcrole/parent-child' xlink:from='loc_SiteContingencyLineItems' xlink:to='loc_SiteContingencyAccrualPresentValue' xlink:type='arc' />
<presentationArc order='120' xlink:arcrole='http://www.xbrl.org/2003/arcrole/parent-child' xlink:from='loc_SiteContingencyLineItems' xlink:to='loc_SiteContingencyAccrualCaption' xlink:type='arc' />
<presentationArc order='130' xlink:arcrole='http://www.xbrl.org/2003/arcrole/parent-child' xlink:from='loc_SiteContingencyLineItems' xlink:to='loc_SiteContingencyIndicationAccrualMayChange' xlink:type='arc' />
<presentationArc order='140' xlink:arcrole='http://www.xbrl.org/2003/arcrole/parent-child' xlink:from='loc_SiteContingencyLineItems' xlink:to='loc_SiteContingencyLossExposureNotAccruedDescription' xlink:type='arc' />
<presentationArc order='10' use='optional' xlink:arcrole='http://www.xbrl.org/2003/arcrole/parent-child' xlink:from='loc_SiteContingencyLossExposureNotAccruedDescription' xlink:to='loc_SiteContingencyLossExposureNotAccruedBestEstimate' xlink:type='arc' />
<presentationArc order='20' use='optional' xlink:arcrole='http://www.xbrl.org/2003/arcrole/parent-child' xlink:from='loc_SiteContingencyLossExposureNotAccruedDescription' xlink:to='loc_SiteContingencyLossExposureNotAccruedLowEstimate' xlink:type='arc' />
<presentationArc order='30' use='optional' xlink:arcrole='http://www.xbrl.org/2003/arcrole/parent-child' xlink:from='loc_SiteContingencyLossExposureNotAccruedDescription' xlink:to='loc_SiteContingencyLossExposureNotAccruedHighEstimate' xlink:type='arc' />
<presentationArc order='150' xlink:arcrole='http://www.xbrl.org/2003/arcrole/parent-child' xlink:from='loc_SiteContingencyLineItems' xlink:to='loc_SiteContingencyLossExposureNotAccruedThirdPartyRecoveryCommentary' xlink:type='arc' />
<presentationArc order='160' xlink:arcrole='http://www.xbrl.org/2003/arcrole/parent-child' xlink:from='loc_SiteContingencyLineItems' xlink:to='loc_SiteContingencyLossExposureInExcessOfAccrualDescription' xlink:type='arc' />
<presentationArc order='10' use='optional' xlink:arcrole='http://www.xbrl.org/2003/arcrole/parent-child' xlink:from='loc_SiteContingencyLossExposureInExcessOfAccrualDescription' xlink:to='loc_SiteContingencyLossExposureInExcessOfAccrualBestEstimate' xlink:type='arc' />
<presentationArc order='20' use='optional' xlink:arcrole='http://www.xbrl.org/2003/arcrole/parent-child' xlink:from='loc_SiteContingencyLossExposureInExcessOfAccrualDescription' xlink:to='loc_SiteContingencyLossExposureInExcessOfAccrualLowEstimate' xlink:type='arc' />
<presentationArc order='30' use='optional' xlink:arcrole='http://www.xbrl.org/2003/arcrole/parent-child' xlink:from='loc_SiteContingencyLossExposureInExcessOfAccrualDescription' xlink:to='loc_SiteContingencyLossExposureInExcessOfAccrualHighEstimate' xlink:type='arc' />
<presentationArc order='170' xlink:arcrole='http://www.xbrl.org/2003/arcrole/parent-child' xlink:from='loc_SiteContingencyLineItems' xlink:to='loc_SiteContingencyUnassertedClaims' xlink:type='arc' />
<presentationArc order='180' xlink:arcrole='http://www.xbrl.org/2003/arcrole/parent-child' xlink:from='loc_SiteContingencyLineItems' xlink:to='loc_SiteContingencyUncertaintiesFromJointAndSeveralLiability' xlink:type='arc' />
<presentationArc order='190' xlink:arcrole='http://www.xbrl.org/2003/arcrole/parent-child' xlink:from='loc_SiteContingencyLineItems' xlink:to='loc_SiteContingencyUncertaintiesFromInsurance' xlink:type='arc' />
<presentationArc order='200' xlink:arcrole='http://www.xbrl.org/2003/arcrole/parent-child' xlink:from='loc_SiteContingencyLineItems' xlink:to='loc_SiteContingencyTimeFrameOfDisbursements' xlink:type='arc' />
<presentationArc order='210' xlink:arcrole='http://www.xbrl.org/2003/arcrole/parent-child' xlink:from='loc_SiteContingencyLineItems' xlink:to='loc_SiteContingencyTimeFrameForRecognizedProbableRecoveries' xlink:type='arc' />
<presentationArc order='220' xlink:arcrole='http://www.xbrl.org/2003/arcrole/parent-child' xlink:from='loc_SiteContingencyLineItems' xlink:to='loc_SiteContingencyNamesOfOtherPotentiallyResponsibleParties' xlink:type='arc' />
<presentationArc order='230' xlink:arcrole='http://www.xbrl.org/2003/arcrole/parent-child' xlink:from='loc_SiteContingencyLineItems' xlink:to='loc_SiteContingencyNatureAndTermsOfCostSharingRelationships' xlink:type='arc' />
<presentationArc order='240' xlink:arcrole='http://www.xbrl.org/2003/arcrole/parent-child' xlink:from='loc_SiteContingencyLineItems' xlink:to='loc_SiteContingencyStatusOfRegulatoryProceedings' xlink:type='arc' />
<presentationArc order='250' xlink:arcrole='http://www.xbrl.org/2003/arcrole/parent-child' xlink:from='loc_SiteContingencyLineItems' xlink:to='loc_SiteContingencyEstimatedTimeFrameToResolveContingency' xlink:type='arc' />
<presentationArc order='260' xlink:arcrole='http://www.xbrl.org/2003/arcrole/parent-child' xlink:from='loc_SiteContingencyLineItems' xlink:to='loc_SiteContingencyEnvironmentalRemediationCostsRecognized' xlink:type='arc' />
<presentationArc order='270' xlink:arcrole='http://www.xbrl.org/2003/arcrole/parent-child' xlink:from='loc_SiteContingencyLineItems' xlink:to='loc_SiteContingencyRecoveryFromThirdPartyOfEnvironmentalRemediationCost' xlink:type='arc' />
<presentationArc order='20' xlink:arcrole='http://www.xbrl.org/2003/arcrole/parent-child' xlink:from='loc_ScheduleOfEnvironmentalLossContingenciesBySiteTextBlock' xlink:to='loc_RecordedThirdPartyRecoveriesRelatedToEnvironmentalRemediationObligationsAbstract' xlink:type='arc' />
<presentationArc order='10' use='optional' xlink:arcrole='http://www.xbrl.org/2003/arcrole/parent-child' xlink:from='loc_RecordedThirdPartyRecoveriesRelatedToEnvironmentalRemediationObligationsAbstract' xlink:to='loc_RecordedThirdPartyEnvironmentalRecoveriesDescription' xlink:type='arc' />
<presentationArc order='20' use='optional' xlink:arcrole='http://www.xbrl.org/2003/arcrole/parent-child' xlink:from='loc_RecordedThirdPartyRecoveriesRelatedToEnvironmentalRemediationObligationsAbstract' xlink:to='loc_RecordedThirdPartyEnvironmentalRecoveriesReceivable' xlink:type='arc' />
<presentationArc order='30' use='optional' xlink:arcrole='http://www.xbrl.org/2003/arcrole/parent-child' xlink:from='loc_RecordedThirdPartyRecoveriesRelatedToEnvironmentalRemediationObligationsAbstract' xlink:to='loc_MaterialComponentsOfRecordedThirdPartyEnvironmentalRecoveriesAbstract' xlink:type='arc' />
<presentationArc order='10' use='optional' xlink:arcrole='http://www.xbrl.org/2003/arcrole/parent-child' xlink:from='loc_MaterialComponentsOfRecordedThirdPartyEnvironmentalRecoveriesAbstract' xlink:to='loc_RecordedThirdPartyEnvironmentalRecoveriesComponents' xlink:type='arc' />
<presentationArc order='20' use='optional' xlink:arcrole='http://www.xbrl.org/2003/arcrole/parent-child' xlink:from='loc_MaterialComponentsOfRecordedThirdPartyEnvironmentalRecoveriesAbstract' xlink:to='loc_RecordedThirdPartyEnvironmentalRecoveriesAmount' xlink:type='arc' />
<presentationArc order='40' use='optional' xlink:arcrole='http://www.xbrl.org/2003/arcrole/parent-child' xlink:from='loc_RecordedThirdPartyRecoveriesRelatedToEnvironmentalRemediationObligationsAbstract' xlink:to='loc_RecordedThirdPartyEnvironmentalRecoveriesBalanceSheetClassificationAbstract' xlink:type='arc' />
<presentationArc order='10' use='optional' xlink:arcrole='http://www.xbrl.org/2003/arcrole/parent-child' xlink:from='loc_RecordedThirdPartyEnvironmentalRecoveriesBalanceSheetClassificationAbstract' xlink:to='loc_RecordedThirdPartyEnvironmentalRecoveriesCurrent' xlink:type='arc' />
<presentationArc order='20' use='optional' xlink:arcrole='http://www.xbrl.org/2003/arcrole/parent-child' xlink:from='loc_RecordedThirdPartyEnvironmentalRecoveriesBalanceSheetClassificationAbstract' xlink:to='loc_RecordedThirdPartyEnvironmentalRecoveriesNoncurrent' xlink:type='arc' />
<presentationArc order='30' use='optional' xlink:arcrole='http://www.xbrl.org/2003/arcrole/parent-child' xlink:from='loc_RecordedThirdPartyEnvironmentalRecoveriesBalanceSheetClassificationAbstract' xlink:to='loc_RecordedThirdPartyEnvironmentalRecoveriesCaption' xlink:type='arc' />
<presentationArc order='50' use='optional' xlink:arcrole='http://www.xbrl.org/2003/arcrole/parent-child' xlink:from='loc_RecordedThirdPartyRecoveriesRelatedToEnvironmentalRemediationObligationsAbstract' xlink:to='loc_RecordedThirdPartyEnvironmentalRecoveriesReconciliationOfUndiscountedAmountToRecordedBalanceAbstract' xlink:type='arc' />
<presentationArc order='10' xlink:arcrole='http://www.xbrl.org/2003/arcrole/parent-child' xlink:from='loc_RecordedThirdPartyEnvironmentalRecoveriesReconciliationOfUndiscountedAmountToRecordedBalanceAbstract' xlink:to='loc_RecordedThirdPartyEnvironmentalRecoveriesNetAbstract' xlink:type='arc' />
<presentationArc order='10' use='optional' xlink:arcrole='http://www.xbrl.org/2003/arcrole/parent-child' xlink:from='loc_RecordedThirdPartyEnvironmentalRecoveriesNetAbstract' xlink:to='loc_RecordedThirdPartyEnvironmentalRecoveriesUndiscounted' xlink:type='arc' />
<presentationArc order='20' use='optional' xlink:arcrole='http://www.xbrl.org/2003/arcrole/parent-child' xlink:from='loc_RecordedThirdPartyEnvironmentalRecoveriesNetAbstract' xlink:to='loc_RecordedThirdPartyEnvironmentalRecoveriesDiscount' xlink:type='arc' />
<presentationArc order='30' preferredLabel='http://www.xbrl.org/2003/role/totalLabel' use='optional' xlink:arcrole='http://www.xbrl.org/2003/arcrole/parent-child' xlink:from='loc_RecordedThirdPartyEnvironmentalRecoveriesNetAbstract' xlink:to='loc_RecordedThirdPartyEnvironmentalRecoveriesNet' xlink:type='arc' />
<presentationArc order='20' xlink:arcrole='http://www.xbrl.org/2003/arcrole/parent-child' xlink:from='loc_RecordedThirdPartyEnvironmentalRecoveriesReconciliationOfUndiscountedAmountToRecordedBalanceAbstract' xlink:to='loc_RecordedThirdPartyEnvironmentalRecoveriesDiscountRate' xlink:type='arc' />
<presentationArc order='40' use='optional' xlink:arcrole='http://www.xbrl.org/2003/arcrole/parent-child' xlink:from='loc_EnvironmentalLossContingencyDisclosureTextBlock' xlink:to='loc_EnvironmentalPropertySaleDisposalOrAbandonmentCostsAbstract' xlink:type='arc' />
<presentationArc order='10' use='optional' xlink:arcrole='http://www.xbrl.org/2003/arcrole/parent-child' xlink:from='loc_EnvironmentalPropertySaleDisposalOrAbandonmentCostsAbstract' xlink:to='loc_EnvironmentalCostsOfPropertyForSaleDisposalOrAbandonmentDisclosures' xlink:type='arc' />
<presentationArc order='20' xlink:arcrole='http://www.xbrl.org/2003/arcrole/parent-child' xlink:from='loc_EnvironmentalPropertySaleDisposalOrAbandonmentCostsAbstract' xlink:to='loc_EnvironmentalCostsOfPropertyForSaleDisposalOrAbandonmentAnticipatedExitCosts' xlink:type='arc' />
<presentationArc order='30' xlink:arcrole='http://www.xbrl.org/2003/arcrole/parent-child' xlink:from='loc_EnvironmentalPropertySaleDisposalOrAbandonmentCostsAbstract' xlink:to='loc_EnvironmentalCostsOfPropertyForSaleDisposalOrAbandonmentAccruedExitCosts' xlink:type='arc' />
<presentationArc order='40' use='optional' xlink:arcrole='http://www.xbrl.org/2003/arcrole/parent-child' xlink:from='loc_EnvironmentalPropertySaleDisposalOrAbandonmentCostsAbstract' xlink:to='loc_EnvironmentalCostsOfPropertyForSaleDisposalOrAbandonmentBalanceSheetCaption' xlink:type='arc' />
<presentationArc order='50' use='optional' xlink:arcrole='http://www.xbrl.org/2003/arcrole/parent-child' xlink:from='loc_EnvironmentalPropertySaleDisposalOrAbandonmentCostsAbstract' xlink:to='loc_EnvironmentalExitCostsByCostTextBlock' xlink:type='arc' />
<presentationArc order='10' use='optional' xlink:arcrole='http://www.xbrl.org/2003/arcrole/parent-child' xlink:from='loc_EnvironmentalExitCostsByCostTextBlock' xlink:to='loc_ScheduleOfEnvironmentalExitCostTable' xlink:type='arc' />
<presentationArc order='10' use='optional' xlink:arcrole='http://www.xbrl.org/2003/arcrole/parent-child' xlink:from='loc_ScheduleOfEnvironmentalExitCostTable' xlink:to='loc_EnvironmentalExitCostByPropertyAxis' xlink:type='arc' />
<presentationArc order='10' use='optional' xlink:arcrole='http://www.xbrl.org/2003/arcrole/parent-child' xlink:from='loc_EnvironmentalExitCostByPropertyAxis' xlink:to='loc_EnvironmentalExitCostsNameOfPropertyDomain' xlink:type='arc' />
<presentationArc order='20' use='optional' xlink:arcrole='http://www.xbrl.org/2003/arcrole/parent-child' xlink:from='loc_ScheduleOfEnvironmentalExitCostTable' xlink:to='loc_EnvironmentalExitCostLineItems' xlink:type='arc' />
<presentationArc order='10' use='optional' xlink:arcrole='http://www.xbrl.org/2003/arcrole/parent-child' xlink:from='loc_EnvironmentalExitCostLineItems' xlink:to='loc_EnvironmentalExitCostsNatureOfCosts' xlink:type='arc' />
<presentationArc order='20' use='optional' xlink:arcrole='http://www.xbrl.org/2003/arcrole/parent-child' xlink:from='loc_EnvironmentalExitCostLineItems' xlink:to='loc_EnvironmentalExitCostsAnticipatedCost' xlink:type='arc' />
<presentationArc order='30' use='optional' xlink:arcrole='http://www.xbrl.org/2003/arcrole/parent-child' xlink:from='loc_EnvironmentalExitCostLineItems' xlink:to='loc_EnvironmentalExitCostsCostsAccruedToDate' xlink:type='arc' />
<presentationArc order='40' use='optional' xlink:arcrole='http://www.xbrl.org/2003/arcrole/parent-child' xlink:from='loc_EnvironmentalExitCostLineItems' xlink:to='loc_EnvironmentalExitCostsReasonablyPossibleAdditionalLosses' xlink:type='arc' />
<presentationArc order='50' use='optional' xlink:arcrole='http://www.xbrl.org/2003/arcrole/parent-child' xlink:from='loc_EnvironmentalExitCostLineItems' xlink:to='loc_EnvironmentalExitCostsReasonablyPossibleAdditionalLossesBestEstimate' xlink:type='arc' />
<presentationArc order='60' use='optional' xlink:arcrole='http://www.xbrl.org/2003/arcrole/parent-child' xlink:from='loc_EnvironmentalExitCostLineItems' xlink:to='loc_EnvironmentalExitCostsReasonablyPossibleAdditionalLossesLowEstimate' xlink:type='arc' />
<presentationArc order='70' use='optional' xlink:arcrole='http://www.xbrl.org/2003/arcrole/parent-child' xlink:from='loc_EnvironmentalExitCostLineItems' xlink:to='loc_EnvironmentalExitCostsReasonablyPossibleAdditionalLossesHighEstimate' xlink:type='arc' />
<presentationArc order='80' use='optional' xlink:arcrole='http://www.xbrl.org/2003/arcrole/parent-child' xlink:from='loc_EnvironmentalExitCostLineItems' xlink:to='loc_EnvironmentalExitCostsImpairmentAssessment' xlink:type='arc' />
<presentationArc order='90' use='optional' xlink:arcrole='http://www.xbrl.org/2003/arcrole/parent-child' xlink:from='loc_EnvironmentalExitCostLineItems' xlink:to='loc_EnvironmentalExitCostsAssetsPreviouslyDisposedLiabilityForRemediation' xlink:type='arc' />
<presentationArc order='50' use='optional' xlink:arcrole='http://www.xbrl.org/2003/arcrole/parent-child' xlink:from='loc_EnvironmentalLossContingencyDisclosureTextBlock' xlink:to='loc_EnvironmentalRemediationCostsRecognizedAbstract' xlink:type='arc' />
<presentationArc order='10' use='optional' xlink:arcrole='http://www.xbrl.org/2003/arcrole/parent-child' xlink:from='loc_EnvironmentalRemediationCostsRecognizedAbstract' xlink:to='loc_EnvironmentalRemediationCostsRecognizedDisclosure' xlink:type='arc' />
<presentationArc order='20' use='optional' xlink:arcrole='http://www.xbrl.org/2003/arcrole/parent-child' xlink:from='loc_EnvironmentalRemediationCostsRecognizedAbstract' xlink:to='loc_EnvironmentalCostRecognized' xlink:type='arc' />
<presentationArc order='10' xlink:arcrole='http://www.xbrl.org/2003/arcrole/parent-child' xlink:from='loc_EnvironmentalCostRecognized' xlink:to='loc_EnvironmentalRemediationExpense' xlink:type='arc' />
<presentationArc order='20' use='optional' xlink:arcrole='http://www.xbrl.org/2003/arcrole/parent-child' xlink:from='loc_EnvironmentalCostRecognized' xlink:to='loc_EnvironmentalCostRecognizedRecoveryCreditedToExpense' xlink:type='arc' />
<presentationArc order='30' use='optional' xlink:arcrole='http://www.xbrl.org/2003/arcrole/parent-child' xlink:from='loc_EnvironmentalCostRecognized' xlink:to='loc_EnvironmentalCostRecognizedCapitalizedInPeriod' xlink:type='arc' />
<presentationArc order='40' xlink:arcrole='http://www.xbrl.org/2003/arcrole/parent-child' xlink:from='loc_EnvironmentalCostRecognized' xlink:to='loc_EnvironmentalCostRecognizedCaption' xlink:type='arc' />
</presentationLink>
</link:linkbase>
