<?xml version="1.0" encoding="UTF-8" standalone="no"?>

<!--Copyright (C) 2007-2009 XBRL US, Inc. All Rights Reserved.
Notice: Authorized Uses are Set Forth at http://xbrl.us/legal2009
  -->
<link:linkbase xmlns:link='http://www.xbrl.org/2003/linkbase' xmlns:xlink='http://www.w3.org/1999/xlink' xmlns:xsi='http://www.w3.org/2001/XMLSchema-instance' xsi:schemaLocation='http://www.xbrl.org/2003/linkbase http://www.xbrl.org/2003/xbrl-linkbase-2003-12-31.xsd'>
<link:roleRef roleURI='http://xbrl.us/us-gaap/role/disclosure/FinancialServicesBankingAndThrift' xlink:href='../elts/us-roles-2009-01-31.xsd#fs-bt' xlink:type='simple' />
<calculationLink xlink:role='http://xbrl.us/us-gaap/role/disclosure/FinancialServicesBankingAndThrift' xlink:type='extended' xmlns='http://www.xbrl.org/2003/linkbase'>
<link:loc xlink:href='../elts/us-gaap-2009-01-31.xsd#us-gaap_AdvancesFromFederalHomeLoanBanks' xlink:label='loc_AdvancesFromFederalHomeLoanBanks' xlink:type='locator' />
<link:loc xlink:href='../elts/us-gaap-2009-01-31.xsd#us-gaap_FederalHomeLoanBankAdvancesShortTerm' xlink:label='loc_FederalHomeLoanBankAdvancesShortTerm' xlink:type='locator' />
<link:loc xlink:href='../elts/us-gaap-2009-01-31.xsd#us-gaap_FederalHomeLoanBankAdvancesLongTerm' xlink:label='loc_FederalHomeLoanBankAdvancesLongTerm' xlink:type='locator' />
<link:loc xlink:href='../elts/us-gaap-2009-01-31.xsd#us-gaap_CarryingValueOfFederalFundsPurchasedSecuritiesSoldUnderAgreementsToRepurchaseAndDepositsReceivedForSecuritiesLoaned' xlink:label='loc_CarryingValueOfFederalFundsPurchasedSecuritiesSoldUnderAgreementsToRepurchaseAndDepositsReceivedForSecuritiesLoaned' xlink:type='locator' />
<link:loc xlink:href='../elts/us-gaap-2009-01-31.xsd#us-gaap_FederalFundsPurchased' xlink:label='loc_FederalFundsPurchased' xlink:type='locator' />
<link:loc xlink:href='../elts/us-gaap-2009-01-31.xsd#us-gaap_CarryingValueOfSecuritiesSoldUnderRepurchaseAgreementsAndDepositsReceivedForSecuritiesLoaned' xlink:label='loc_CarryingValueOfSecuritiesSoldUnderRepurchaseAgreementsAndDepositsReceivedForSecuritiesLoaned' xlink:type='locator' />
<link:loc xlink:href='../elts/us-gaap-2009-01-31.xsd#us-gaap_SecuritiesSoldUnderAgreementsToRepurchase' xlink:label='loc_SecuritiesSoldUnderAgreementsToRepurchase' xlink:type='locator' />
<link:loc xlink:href='../elts/us-gaap-2009-01-31.xsd#us-gaap_DepositsReceivedForSecuritiesLoanedAtCarryingValue' xlink:label='loc_DepositsReceivedForSecuritiesLoanedAtCarryingValue' xlink:type='locator' />
<link:loc xlink:href='../elts/us-gaap-2009-01-31.xsd#us-gaap_CarryingValueOfFederalFundsSoldSecuritiesPurchasedUnderAgreementsToResellAndDepositsPaidForSecuritiesBorrowed' xlink:label='loc_CarryingValueOfFederalFundsSoldSecuritiesPurchasedUnderAgreementsToResellAndDepositsPaidForSecuritiesBorrowed' xlink:type='locator' />
<link:loc xlink:href='../elts/us-gaap-2009-01-31.xsd#us-gaap_CarryingValueOfSecuritiesPurchasedUnderAgreementsToResellAndDepositsPaidForSecuritiesBorrowed' xlink:label='loc_CarryingValueOfSecuritiesPurchasedUnderAgreementsToResellAndDepositsPaidForSecuritiesBorrowed' xlink:type='locator' />
<link:loc xlink:href='../elts/us-gaap-2009-01-31.xsd#us-gaap_DepositsPaidForSecuritiesBorrowedAtCarryingValue' xlink:label='loc_DepositsPaidForSecuritiesBorrowedAtCarryingValue' xlink:type='locator' />
<link:loc xlink:href='../elts/us-gaap-2009-01-31.xsd#us-gaap_SecuritiesPurchasedUnderAgreementsToResell' xlink:label='loc_SecuritiesPurchasedUnderAgreementsToResell' xlink:type='locator' />
<link:loc xlink:href='../elts/us-gaap-2009-01-31.xsd#us-gaap_FederalFundsSold' xlink:label='loc_FederalFundsSold' xlink:type='locator' />
<link:loc xlink:href='../elts/us-gaap-2009-01-31.xsd#us-gaap_CustomersLiabilityForAcceptancesNet' xlink:label='loc_CustomersLiabilityForAcceptancesNet' xlink:type='locator' />
<link:loc xlink:href='../elts/us-gaap-2009-01-31.xsd#us-gaap_CustomersLiabilityForAcceptancesGross' xlink:label='loc_CustomersLiabilityForAcceptancesGross' xlink:type='locator' />
<link:loc xlink:href='../elts/us-gaap-2009-01-31.xsd#us-gaap_AllowanceForUncollectibleCustomersLiabilityForAcceptances' xlink:label='loc_AllowanceForUncollectibleCustomersLiabilityForAcceptances' xlink:type='locator' />
<link:loc xlink:href='../elts/us-gaap-2009-01-31.xsd#us-gaap_Deposits' xlink:label='loc_Deposits' xlink:type='locator' />
<link:loc xlink:href='../elts/us-gaap-2009-01-31.xsd#us-gaap_InterestBearingDepositLiabilities' xlink:label='loc_InterestBearingDepositLiabilities' xlink:type='locator' />
<link:loc xlink:href='../elts/us-gaap-2009-01-31.xsd#us-gaap_InterestBearingDepositLiabilitiesDomestic' xlink:label='loc_InterestBearingDepositLiabilitiesDomestic' xlink:type='locator' />
<link:loc xlink:href='../elts/us-gaap-2009-01-31.xsd#us-gaap_InterestBearingDomesticDepositBrokered' xlink:label='loc_InterestBearingDomesticDepositBrokered' xlink:type='locator' />
<link:loc xlink:href='../elts/us-gaap-2009-01-31.xsd#us-gaap_InterestBearingDomesticDepositRetail' xlink:label='loc_InterestBearingDomesticDepositRetail' xlink:type='locator' />
<link:loc xlink:href='../elts/us-gaap-2009-01-31.xsd#us-gaap_InterestBearingDomesticDepositDemand' xlink:label='loc_InterestBearingDomesticDepositDemand' xlink:type='locator' />
<link:loc xlink:href='../elts/us-gaap-2009-01-31.xsd#us-gaap_InterestBearingDomesticDepositChecking' xlink:label='loc_InterestBearingDomesticDepositChecking' xlink:type='locator' />
<link:loc xlink:href='../elts/us-gaap-2009-01-31.xsd#us-gaap_InterestBearingDomesticDepositNegotiableOrderOfWithdrawalNOW' xlink:label='loc_InterestBearingDomesticDepositNegotiableOrderOfWithdrawalNOW' xlink:type='locator' />
<link:loc xlink:href='../elts/us-gaap-2009-01-31.xsd#us-gaap_InterestBearingDomesticDepositMoneyMarket' xlink:label='loc_InterestBearingDomesticDepositMoneyMarket' xlink:type='locator' />
<link:loc xlink:href='../elts/us-gaap-2009-01-31.xsd#us-gaap_InterestBearingDomesticDepositSavings' xlink:label='loc_InterestBearingDomesticDepositSavings' xlink:type='locator' />
<link:loc xlink:href='../elts/us-gaap-2009-01-31.xsd#us-gaap_InterestBearingDomesticDepositTimeDeposits' xlink:label='loc_InterestBearingDomesticDepositTimeDeposits' xlink:type='locator' />
<link:loc xlink:href='../elts/us-gaap-2009-01-31.xsd#us-gaap_InterestBearingDomesticDepositCertificatesOfDeposits' xlink:label='loc_InterestBearingDomesticDepositCertificatesOfDeposits' xlink:type='locator' />
<link:loc xlink:href='../elts/us-gaap-2009-01-31.xsd#us-gaap_InterestBearingDomesticDepositOtherTimeDeposit' xlink:label='loc_InterestBearingDomesticDepositOtherTimeDeposit' xlink:type='locator' />
<link:loc xlink:href='../elts/us-gaap-2009-01-31.xsd#us-gaap_InterestBearingDepositLiabilitiesForeign' xlink:label='loc_InterestBearingDepositLiabilitiesForeign' xlink:type='locator' />
<link:loc xlink:href='../elts/us-gaap-2009-01-31.xsd#us-gaap_InterestBearingForeignDepositBrokered' xlink:label='loc_InterestBearingForeignDepositBrokered' xlink:type='locator' />
<link:loc xlink:href='../elts/us-gaap-2009-01-31.xsd#us-gaap_InterestBearingForeignDepositRetail' xlink:label='loc_InterestBearingForeignDepositRetail' xlink:type='locator' />
<link:loc xlink:href='../elts/us-gaap-2009-01-31.xsd#us-gaap_InterestBearingForeignDepositDemand' xlink:label='loc_InterestBearingForeignDepositDemand' xlink:type='locator' />
<link:loc xlink:href='../elts/us-gaap-2009-01-31.xsd#us-gaap_InterestBearingForeignDepositChecking' xlink:label='loc_InterestBearingForeignDepositChecking' xlink:type='locator' />
<link:loc xlink:href='../elts/us-gaap-2009-01-31.xsd#us-gaap_InterestBearingForeignDepositNegotiableOrderOfWithdrawalNOW' xlink:label='loc_InterestBearingForeignDepositNegotiableOrderOfWithdrawalNOW' xlink:type='locator' />
<link:loc xlink:href='../elts/us-gaap-2009-01-31.xsd#us-gaap_InterestBearingForeignDepositMoneyMarket' xlink:label='loc_InterestBearingForeignDepositMoneyMarket' xlink:type='locator' />
<link:loc xlink:href='../elts/us-gaap-2009-01-31.xsd#us-gaap_InterestBearingForeignDepositSavings' xlink:label='loc_InterestBearingForeignDepositSavings' xlink:type='locator' />
<link:loc xlink:href='../elts/us-gaap-2009-01-31.xsd#us-gaap_InterestBearingForeignDepositTimeDeposits' xlink:label='loc_InterestBearingForeignDepositTimeDeposits' xlink:type='locator' />
<link:loc xlink:href='../elts/us-gaap-2009-01-31.xsd#us-gaap_InterestBearingForeignDepositCertificatesOfDeposits' xlink:label='loc_InterestBearingForeignDepositCertificatesOfDeposits' xlink:type='locator' />
<link:loc xlink:href='../elts/us-gaap-2009-01-31.xsd#us-gaap_InterestBearingForeignDepositOtherTimeDeposits' xlink:label='loc_InterestBearingForeignDepositOtherTimeDeposits' xlink:type='locator' />
<link:loc xlink:href='../elts/us-gaap-2009-01-31.xsd#us-gaap_NoninterestBearingDepositLiabilities' xlink:label='loc_NoninterestBearingDepositLiabilities' xlink:type='locator' />
<link:loc xlink:href='../elts/us-gaap-2009-01-31.xsd#us-gaap_NoninterestBearingDepositLiabilitiesDomestic' xlink:label='loc_NoninterestBearingDepositLiabilitiesDomestic' xlink:type='locator' />
<link:loc xlink:href='../elts/us-gaap-2009-01-31.xsd#us-gaap_NoninterestBearingDomesticDepositBrokered' xlink:label='loc_NoninterestBearingDomesticDepositBrokered' xlink:type='locator' />
<link:loc xlink:href='../elts/us-gaap-2009-01-31.xsd#us-gaap_NoninterestBearingDomesticDepositRetail' xlink:label='loc_NoninterestBearingDomesticDepositRetail' xlink:type='locator' />
<link:loc xlink:href='../elts/us-gaap-2009-01-31.xsd#us-gaap_NoninterestBearingDomesticDepositDemand' xlink:label='loc_NoninterestBearingDomesticDepositDemand' xlink:type='locator' />
<link:loc xlink:href='../elts/us-gaap-2009-01-31.xsd#us-gaap_NoninterestBearingDomesticDepositChecking' xlink:label='loc_NoninterestBearingDomesticDepositChecking' xlink:type='locator' />
<link:loc xlink:href='../elts/us-gaap-2009-01-31.xsd#us-gaap_NoninterestBearingDepositLiabilitiesForeign' xlink:label='loc_NoninterestBearingDepositLiabilitiesForeign' xlink:type='locator' />
<link:loc xlink:href='../elts/us-gaap-2009-01-31.xsd#us-gaap_NoninterestBearingForeignDepositBrokered' xlink:label='loc_NoninterestBearingForeignDepositBrokered' xlink:type='locator' />
<link:loc xlink:href='../elts/us-gaap-2009-01-31.xsd#us-gaap_NoninterestBearingForeignDepositRetail' xlink:label='loc_NoninterestBearingForeignDepositRetail' xlink:type='locator' />
<link:loc xlink:href='../elts/us-gaap-2009-01-31.xsd#us-gaap_NoninterestBearingForeignDepositDemand' xlink:label='loc_NoninterestBearingForeignDepositDemand' xlink:type='locator' />
<link:loc xlink:href='../elts/us-gaap-2009-01-31.xsd#us-gaap_NoninterestBearingForeignDepositChecking' xlink:label='loc_NoninterestBearingForeignDepositChecking' xlink:type='locator' />
<link:loc xlink:href='../elts/us-gaap-2009-01-31.xsd#us-gaap_FederalHomeLoanBankAdvancesMaturitiesSummary' xlink:label='loc_FederalHomeLoanBankAdvancesMaturitiesSummary' xlink:type='locator' />
<link:loc xlink:href='../elts/us-gaap-2009-01-31.xsd#us-gaap_FederalHomeLoanBankAdvancesMaturitiesSummaryDueWithinOneYearOfBalanceSheetDate' xlink:label='loc_FederalHomeLoanBankAdvancesMaturitiesSummaryDueWithinOneYearOfBalanceSheetDate' xlink:type='locator' />
<link:loc xlink:href='../elts/us-gaap-2009-01-31.xsd#us-gaap_FederalHomeLoanBankAdvancesMaturitiesSummaryDueFromOneToTwoYearsOfBalanceSheetDate' xlink:label='loc_FederalHomeLoanBankAdvancesMaturitiesSummaryDueFromOneToTwoYearsOfBalanceSheetDate' xlink:type='locator' />
<link:loc xlink:href='../elts/us-gaap-2009-01-31.xsd#us-gaap_FederalHomeLoanBankAdvancesMaturitiesSummaryDueFromTwoToThreeYearsOfBalanceSheetDate' xlink:label='loc_FederalHomeLoanBankAdvancesMaturitiesSummaryDueFromTwoToThreeYearsOfBalanceSheetDate' xlink:type='locator' />
<link:loc xlink:href='../elts/us-gaap-2009-01-31.xsd#us-gaap_FederalHomeLoanBankAdvancesMaturitiesSummaryDueFromThreeToFourYearsOfBalanceSheetDate' xlink:label='loc_FederalHomeLoanBankAdvancesMaturitiesSummaryDueFromThreeToFourYearsOfBalanceSheetDate' xlink:type='locator' />
<link:loc xlink:href='../elts/us-gaap-2009-01-31.xsd#us-gaap_FederalHomeLoanBankAdvancesMaturitiesSummaryDueFromFourToFiveYearsOfBalanceSheetDate' xlink:label='loc_FederalHomeLoanBankAdvancesMaturitiesSummaryDueFromFourToFiveYearsOfBalanceSheetDate' xlink:type='locator' />
<link:loc xlink:href='../elts/us-gaap-2009-01-31.xsd#us-gaap_FederalHomeLoanBankAdvancesMaturitiesSummaryDueAfterFiveYearsOfBalanceSheetDate' xlink:label='loc_FederalHomeLoanBankAdvancesMaturitiesSummaryDueAfterFiveYearsOfBalanceSheetDate' xlink:type='locator' />
<link:loc xlink:href='../elts/us-gaap-2009-01-31.xsd#us-gaap_FederalHomeLoanBankAdvancesMaturitiesSummaryByInterestRateType' xlink:label='loc_FederalHomeLoanBankAdvancesMaturitiesSummaryByInterestRateType' xlink:type='locator' />
<link:loc xlink:href='../elts/us-gaap-2009-01-31.xsd#us-gaap_FederalHomeLoanBankAdvancesMaturitiesSummaryByInterestRateTypeUnderOneYear' xlink:label='loc_FederalHomeLoanBankAdvancesMaturitiesSummaryByInterestRateTypeUnderOneYear' xlink:type='locator' />
<link:loc xlink:href='../elts/us-gaap-2009-01-31.xsd#us-gaap_FederalHomeLoanBankAdvancesMaturitiesSummaryByInterestRateTypeFixedRateUnderOneYear' xlink:label='loc_FederalHomeLoanBankAdvancesMaturitiesSummaryByInterestRateTypeFixedRateUnderOneYear' xlink:type='locator' />
<link:loc xlink:href='../elts/us-gaap-2009-01-31.xsd#us-gaap_FederalHomeLoanBankAdvancesMaturitiesSummaryByInterestRateTypeFloatingRateUnderOneYear' xlink:label='loc_FederalHomeLoanBankAdvancesMaturitiesSummaryByInterestRateTypeFloatingRateUnderOneYear' xlink:type='locator' />
<link:loc xlink:href='../elts/us-gaap-2009-01-31.xsd#us-gaap_FederalHomeLoanBankAdvancesMaturitiesSummaryByInterestRateTypeOneToFiveYears' xlink:label='loc_FederalHomeLoanBankAdvancesMaturitiesSummaryByInterestRateTypeOneToFiveYears' xlink:type='locator' />
<link:loc xlink:href='../elts/us-gaap-2009-01-31.xsd#us-gaap_FederalHomeLoanBankAdvancesMaturitiesSummaryByInterestRateTypeFixedRateOneToFiveYears' xlink:label='loc_FederalHomeLoanBankAdvancesMaturitiesSummaryByInterestRateTypeFixedRateOneToFiveYears' xlink:type='locator' />
<link:loc xlink:href='../elts/us-gaap-2009-01-31.xsd#us-gaap_FederalHomeLoanBankAdvancesMaturitiesSummaryByInterestRateTypeFloatingRateOneToFiveYears' xlink:label='loc_FederalHomeLoanBankAdvancesMaturitiesSummaryByInterestRateTypeFloatingRateOneToFiveYears' xlink:type='locator' />
<link:loc xlink:href='../elts/us-gaap-2009-01-31.xsd#us-gaap_FederalHomeLoanBankAdvancesMaturitiesSummaryByInterestRateTypeAfterFiveYears' xlink:label='loc_FederalHomeLoanBankAdvancesMaturitiesSummaryByInterestRateTypeAfterFiveYears' xlink:type='locator' />
<link:loc xlink:href='../elts/us-gaap-2009-01-31.xsd#us-gaap_FederalHomeLoanBankAdvancesMaturitiesSummaryByInterestRateTypeFixedRateAfterFiveYears' xlink:label='loc_FederalHomeLoanBankAdvancesMaturitiesSummaryByInterestRateTypeFixedRateAfterFiveYears' xlink:type='locator' />
<link:loc xlink:href='../elts/us-gaap-2009-01-31.xsd#us-gaap_FederalHomeLoanBankAdvancesMaturitiesSummaryByInterestRateTypeFloatingRateAfterFiveYears' xlink:label='loc_FederalHomeLoanBankAdvancesMaturitiesSummaryByInterestRateTypeFloatingRateAfterFiveYears' xlink:type='locator' />
<link:loc xlink:href='../elts/us-gaap-2009-01-31.xsd#us-gaap_RealEstatePartnershipInvestmentSubsidiariesNetIncomeLossBeforeTax' xlink:label='loc_RealEstatePartnershipInvestmentSubsidiariesNetIncomeLossBeforeTax' xlink:type='locator' />
<link:loc xlink:href='../elts/us-gaap-2009-01-31.xsd#us-gaap_MinorityInterestExpenseIncomeRealEstateInvestments' xlink:label='loc_MinorityInterestExpenseIncomeRealEstateInvestments' xlink:type='locator' />
<link:loc xlink:href='../elts/us-gaap-2009-01-31.xsd#us-gaap_NetInterestIncomeLossAfterProvisionForLoanLosses' xlink:label='loc_NetInterestIncomeLossAfterProvisionForLoanLosses' xlink:type='locator' />
<link:loc xlink:href='../elts/us-gaap-2009-01-31.xsd#us-gaap_RealEstateInvestmentPartnershipRevenue' xlink:label='loc_RealEstateInvestmentPartnershipRevenue' xlink:type='locator' />
<link:loc xlink:href='../elts/us-gaap-2009-01-31.xsd#us-gaap_RealEstateInvestmentPartnershipCostOfSales' xlink:label='loc_RealEstateInvestmentPartnershipCostOfSales' xlink:type='locator' />
<link:loc xlink:href='../elts/us-gaap-2009-01-31.xsd#us-gaap_OtherExpenseFromRealEstatePartnershipOperations' xlink:label='loc_OtherExpenseFromRealEstatePartnershipOperations' xlink:type='locator' />
<link:loc xlink:href='../elts/us-gaap-2009-01-31.xsd#us-gaap_MinorityInterestInNetIncomeLossJointVenturePartners' xlink:label='loc_MinorityInterestInNetIncomeLossJointVenturePartners' xlink:type='locator' />
<link:loc xlink:href='../elts/us-gaap-2009-01-31.xsd#us-gaap_OtherRevenueExpenseFromRealEstateOperations' xlink:label='loc_OtherRevenueExpenseFromRealEstateOperations' xlink:type='locator' />
<link:loc xlink:href='../elts/us-gaap-2009-01-31.xsd#us-gaap_InterestExpenseDomesticDepositLiabilities' xlink:label='loc_InterestExpenseDomesticDepositLiabilities' xlink:type='locator' />
<link:loc xlink:href='../elts/us-gaap-2009-01-31.xsd#us-gaap_InterestExpenseDomesticDepositLiabilitiesBrokered' xlink:label='loc_InterestExpenseDomesticDepositLiabilitiesBrokered' xlink:type='locator' />
<link:loc xlink:href='../elts/us-gaap-2009-01-31.xsd#us-gaap_InterestExpenseDomesticDepositLiabilitiesRetail' xlink:label='loc_InterestExpenseDomesticDepositLiabilitiesRetail' xlink:type='locator' />
<link:loc xlink:href='../elts/us-gaap-2009-01-31.xsd#us-gaap_InterestExpenseDomesticDepositLiabilitiesDemand' xlink:label='loc_InterestExpenseDomesticDepositLiabilitiesDemand' xlink:type='locator' />
<link:loc xlink:href='../elts/us-gaap-2009-01-31.xsd#us-gaap_InterestExpenseDomesticDepositLiabilitiesChecking' xlink:label='loc_InterestExpenseDomesticDepositLiabilitiesChecking' xlink:type='locator' />
<link:loc xlink:href='../elts/us-gaap-2009-01-31.xsd#us-gaap_InterestExpenseDomesticDepositLiabilitiesNoticeOfWithdrawal' xlink:label='loc_InterestExpenseDomesticDepositLiabilitiesNoticeOfWithdrawal' xlink:type='locator' />
<link:loc xlink:href='../elts/us-gaap-2009-01-31.xsd#us-gaap_InterestExpenseDomesticDepositLiabilitiesMoneyMarket' xlink:label='loc_InterestExpenseDomesticDepositLiabilitiesMoneyMarket' xlink:type='locator' />
<link:loc xlink:href='../elts/us-gaap-2009-01-31.xsd#us-gaap_InterestExpenseDomesticDepositLiabilitiesSavings' xlink:label='loc_InterestExpenseDomesticDepositLiabilitiesSavings' xlink:type='locator' />
<link:loc xlink:href='../elts/us-gaap-2009-01-31.xsd#us-gaap_InterestExpenseDomesticDepositLiabilitiesTimeDeposit' xlink:label='loc_InterestExpenseDomesticDepositLiabilitiesTimeDeposit' xlink:type='locator' />
<link:loc xlink:href='../elts/us-gaap-2009-01-31.xsd#us-gaap_InterestExpenseDomesticDepositLiabilitiesCertificatesOfDeposit' xlink:label='loc_InterestExpenseDomesticDepositLiabilitiesCertificatesOfDeposit' xlink:type='locator' />
<link:loc xlink:href='../elts/us-gaap-2009-01-31.xsd#us-gaap_InterestExpenseDomesticDepositLiabilitiesOtherTimeDeposit' xlink:label='loc_InterestExpenseDomesticDepositLiabilitiesOtherTimeDeposit' xlink:type='locator' />
<link:loc xlink:href='../elts/us-gaap-2009-01-31.xsd#us-gaap_InterestExpenseDomesticDepositLiabilitiesWithdrawalPenalties' xlink:label='loc_InterestExpenseDomesticDepositLiabilitiesWithdrawalPenalties' xlink:type='locator' />
<link:loc xlink:href='../elts/us-gaap-2009-01-31.xsd#us-gaap_InterestExpenseForeignDepositLiabilities' xlink:label='loc_InterestExpenseForeignDepositLiabilities' xlink:type='locator' />
<link:loc xlink:href='../elts/us-gaap-2009-01-31.xsd#us-gaap_InterestExpenseForeignDepositLiabilitiesBrokered' xlink:label='loc_InterestExpenseForeignDepositLiabilitiesBrokered' xlink:type='locator' />
<link:loc xlink:href='../elts/us-gaap-2009-01-31.xsd#us-gaap_InterestExpenseForeignDepositLiabilitiesRetail' xlink:label='loc_InterestExpenseForeignDepositLiabilitiesRetail' xlink:type='locator' />
<link:loc xlink:href='../elts/us-gaap-2009-01-31.xsd#us-gaap_InterestExpenseForeignDepositLiabilitiesDemand' xlink:label='loc_InterestExpenseForeignDepositLiabilitiesDemand' xlink:type='locator' />
<link:loc xlink:href='../elts/us-gaap-2009-01-31.xsd#us-gaap_InterestExpenseForeignDepositLiabilitiesChecking' xlink:label='loc_InterestExpenseForeignDepositLiabilitiesChecking' xlink:type='locator' />
<link:loc xlink:href='../elts/us-gaap-2009-01-31.xsd#us-gaap_InterestExpenseForeignDepositLiabilitiesNoticeOfWithdrawal' xlink:label='loc_InterestExpenseForeignDepositLiabilitiesNoticeOfWithdrawal' xlink:type='locator' />
<link:loc xlink:href='../elts/us-gaap-2009-01-31.xsd#us-gaap_InterestExpenseForeignDepositLiabilitiesMoneyMarket' xlink:label='loc_InterestExpenseForeignDepositLiabilitiesMoneyMarket' xlink:type='locator' />
<link:loc xlink:href='../elts/us-gaap-2009-01-31.xsd#us-gaap_InterestExpenseForeignDepositLiabilitiesSavings' xlink:label='loc_InterestExpenseForeignDepositLiabilitiesSavings' xlink:type='locator' />
<link:loc xlink:href='../elts/us-gaap-2009-01-31.xsd#us-gaap_InterestExpenseForeignDepositLiabilitiesTimeDeposits' xlink:label='loc_InterestExpenseForeignDepositLiabilitiesTimeDeposits' xlink:type='locator' />
<link:loc xlink:href='../elts/us-gaap-2009-01-31.xsd#us-gaap_InterestExpenseForeignDepositLiabilitiesCertificatesOfDeposit' xlink:label='loc_InterestExpenseForeignDepositLiabilitiesCertificatesOfDeposit' xlink:type='locator' />
<link:loc xlink:href='../elts/us-gaap-2009-01-31.xsd#us-gaap_InterestExpenseForeignDepositLiabilitiesOtherTimeDeposit' xlink:label='loc_InterestExpenseForeignDepositLiabilitiesOtherTimeDeposit' xlink:type='locator' />
<link:loc xlink:href='../elts/us-gaap-2009-01-31.xsd#us-gaap_InterestExpenseForeignDepositLiabilitiesWithdrawalPenalties' xlink:label='loc_InterestExpenseForeignDepositLiabilitiesWithdrawalPenalties' xlink:type='locator' />
<link:loc xlink:href='../elts/us-gaap-2009-01-31.xsd#us-gaap_RealEstateHeldForDevelopmentAndSaleNet' xlink:label='loc_RealEstateHeldForDevelopmentAndSaleNet' xlink:type='locator' />
<link:loc xlink:href='../elts/us-gaap-2009-01-31.xsd#us-gaap_RealEstateAssetsHeldForDevelopmentAndSale' xlink:label='loc_RealEstateAssetsHeldForDevelopmentAndSale' xlink:type='locator' />
<link:loc xlink:href='../elts/us-gaap-2009-01-31.xsd#us-gaap_RealEstateHeldForDevelopmentAndSale' xlink:label='loc_RealEstateHeldForDevelopmentAndSale' xlink:type='locator' />
<link:loc xlink:href='../elts/us-gaap-2009-01-31.xsd#us-gaap_AssetsOfWhollyOwnedRealEstateInvestmentSubsidiaries' xlink:label='loc_AssetsOfWhollyOwnedRealEstateInvestmentSubsidiaries' xlink:type='locator' />
<link:loc xlink:href='../elts/us-gaap-2009-01-31.xsd#us-gaap_RealEstateHeldForDevelopmentAndSaleSubsidiary' xlink:label='loc_RealEstateHeldForDevelopmentAndSaleSubsidiary' xlink:type='locator' />
<link:loc xlink:href='../elts/us-gaap-2009-01-31.xsd#us-gaap_RealEstateInvestmentSubsidiariesCashAndOtherAssets' xlink:label='loc_RealEstateInvestmentSubsidiariesCashAndOtherAssets' xlink:type='locator' />
<link:loc xlink:href='../elts/us-gaap-2009-01-31.xsd#us-gaap_RealEstateLiabilitiesAssociatedWithAssetsHeldForDevelopmentAndSale' xlink:label='loc_RealEstateLiabilitiesAssociatedWithAssetsHeldForDevelopmentAndSale' xlink:type='locator' />
<link:loc xlink:href='../elts/us-gaap-2009-01-31.xsd#us-gaap_RealEstateVariableInterestEntityBorrowings' xlink:label='loc_RealEstateVariableInterestEntityBorrowings' xlink:type='locator' />
<link:loc xlink:href='../elts/us-gaap-2009-01-31.xsd#us-gaap_RealEstateSubsidiaryLiabilities' xlink:label='loc_RealEstateSubsidiaryLiabilities' xlink:type='locator' />
<link:loc xlink:href='../elts/us-gaap-2009-01-31.xsd#us-gaap_MinorityInterestInJointVentures' xlink:label='loc_MinorityInterestInJointVentures' xlink:type='locator' />
<link:loc xlink:href='../elts/us-gaap-2009-01-31.xsd#us-gaap_SecuredDebt' xlink:label='loc_SecuredDebt' xlink:type='locator' />
<link:loc xlink:href='../elts/us-gaap-2009-01-31.xsd#us-gaap_SecuredDebtRepurchaseAgreements' xlink:label='loc_SecuredDebtRepurchaseAgreements' xlink:type='locator' />
<link:loc xlink:href='../elts/us-gaap-2009-01-31.xsd#us-gaap_SecuredDebtReverseRepurchaseAgreements' xlink:label='loc_SecuredDebtReverseRepurchaseAgreements' xlink:type='locator' />
<link:loc xlink:href='../elts/us-gaap-2009-01-31.xsd#us-gaap_SecuredDebtDollarRolls' xlink:label='loc_SecuredDebtDollarRolls' xlink:type='locator' />
<link:loc xlink:href='../elts/us-gaap-2009-01-31.xsd#us-gaap_SecuredDebtOther' xlink:label='loc_SecuredDebtOther' xlink:type='locator' />
<link:loc xlink:href='../elts/us-gaap-2009-01-31.xsd#us-gaap_TimeDeposits100000OrMore' xlink:label='loc_TimeDeposits100000OrMore' xlink:type='locator' />
<link:loc xlink:href='../elts/us-gaap-2009-01-31.xsd#us-gaap_ContractualMaturitiesTimeDeposits100000OrMoreThreeMonthsOrLess' xlink:label='loc_ContractualMaturitiesTimeDeposits100000OrMoreThreeMonthsOrLess' xlink:type='locator' />
<link:loc xlink:href='../elts/us-gaap-2009-01-31.xsd#us-gaap_ContractualMaturitiesTimeDeposits100000OrMoreThreeMonthsThroughSixMonths' xlink:label='loc_ContractualMaturitiesTimeDeposits100000OrMoreThreeMonthsThroughSixMonths' xlink:type='locator' />
<link:loc xlink:href='../elts/us-gaap-2009-01-31.xsd#us-gaap_ContractualMaturitiesTimeDeposits100000OrMoreSixMonthsThrough12Months' xlink:label='loc_ContractualMaturitiesTimeDeposits100000OrMoreSixMonthsThrough12Months' xlink:type='locator' />
<link:loc xlink:href='../elts/us-gaap-2009-01-31.xsd#us-gaap_ContractualMaturitiesTimeDeposits100000OrMoreAfter12Months' xlink:label='loc_ContractualMaturitiesTimeDeposits100000OrMoreAfter12Months' xlink:type='locator' />
<calculationArc order='10' weight='1.0' xlink:arcrole='http://www.xbrl.org/2003/arcrole/summation-item' xlink:from='loc_AdvancesFromFederalHomeLoanBanks' xlink:to='loc_FederalHomeLoanBankAdvancesShortTerm' xlink:type='arc' />
<calculationArc order='20' weight='1.0' xlink:arcrole='http://www.xbrl.org/2003/arcrole/summation-item' xlink:from='loc_AdvancesFromFederalHomeLoanBanks' xlink:to='loc_FederalHomeLoanBankAdvancesLongTerm' xlink:type='arc' />
<calculationArc order='10' weight='1.0' xlink:arcrole='http://www.xbrl.org/2003/arcrole/summation-item' xlink:from='loc_CarryingValueOfFederalFundsPurchasedSecuritiesSoldUnderAgreementsToRepurchaseAndDepositsReceivedForSecuritiesLoaned' xlink:to='loc_FederalFundsPurchased' xlink:type='arc' />
<calculationArc order='20' weight='1.0' xlink:arcrole='http://www.xbrl.org/2003/arcrole/summation-item' xlink:from='loc_CarryingValueOfFederalFundsPurchasedSecuritiesSoldUnderAgreementsToRepurchaseAndDepositsReceivedForSecuritiesLoaned' xlink:to='loc_CarryingValueOfSecuritiesSoldUnderRepurchaseAgreementsAndDepositsReceivedForSecuritiesLoaned' xlink:type='arc' />
<calculationArc order='10' weight='1.0' xlink:arcrole='http://www.xbrl.org/2003/arcrole/summation-item' xlink:from='loc_CarryingValueOfSecuritiesSoldUnderRepurchaseAgreementsAndDepositsReceivedForSecuritiesLoaned' xlink:to='loc_SecuritiesSoldUnderAgreementsToRepurchase' xlink:type='arc' />
<calculationArc order='20' weight='1.0' xlink:arcrole='http://www.xbrl.org/2003/arcrole/summation-item' xlink:from='loc_CarryingValueOfSecuritiesSoldUnderRepurchaseAgreementsAndDepositsReceivedForSecuritiesLoaned' xlink:to='loc_DepositsReceivedForSecuritiesLoanedAtCarryingValue' xlink:type='arc' />
<calculationArc order='10' weight='1.0' xlink:arcrole='http://www.xbrl.org/2003/arcrole/summation-item' xlink:from='loc_CarryingValueOfFederalFundsSoldSecuritiesPurchasedUnderAgreementsToResellAndDepositsPaidForSecuritiesBorrowed' xlink:to='loc_CarryingValueOfSecuritiesPurchasedUnderAgreementsToResellAndDepositsPaidForSecuritiesBorrowed' xlink:type='arc' />
<calculationArc order='10' weight='1.0' xlink:arcrole='http://www.xbrl.org/2003/arcrole/summation-item' xlink:from='loc_CarryingValueOfSecuritiesPurchasedUnderAgreementsToResellAndDepositsPaidForSecuritiesBorrowed' xlink:to='loc_DepositsPaidForSecuritiesBorrowedAtCarryingValue' xlink:type='arc' />
<calculationArc order='20' weight='1.0' xlink:arcrole='http://www.xbrl.org/2003/arcrole/summation-item' xlink:from='loc_CarryingValueOfSecuritiesPurchasedUnderAgreementsToResellAndDepositsPaidForSecuritiesBorrowed' xlink:to='loc_SecuritiesPurchasedUnderAgreementsToResell' xlink:type='arc' />
<calculationArc order='20' weight='1.0' xlink:arcrole='http://www.xbrl.org/2003/arcrole/summation-item' xlink:from='loc_CarryingValueOfFederalFundsSoldSecuritiesPurchasedUnderAgreementsToResellAndDepositsPaidForSecuritiesBorrowed' xlink:to='loc_FederalFundsSold' xlink:type='arc' />
<calculationArc order='10' use='optional' weight='1.0' xlink:arcrole='http://www.xbrl.org/2003/arcrole/summation-item' xlink:from='loc_CustomersLiabilityForAcceptancesNet' xlink:to='loc_CustomersLiabilityForAcceptancesGross' xlink:type='arc' />
<calculationArc order='20' use='optional' weight='-1.0' xlink:arcrole='http://www.xbrl.org/2003/arcrole/summation-item' xlink:from='loc_CustomersLiabilityForAcceptancesNet' xlink:to='loc_AllowanceForUncollectibleCustomersLiabilityForAcceptances' xlink:type='arc' />
<calculationArc order='10' weight='1.0' xlink:arcrole='http://www.xbrl.org/2003/arcrole/summation-item' xlink:from='loc_Deposits' xlink:to='loc_InterestBearingDepositLiabilities' xlink:type='arc' />
<calculationArc order='10' weight='1.0' xlink:arcrole='http://www.xbrl.org/2003/arcrole/summation-item' xlink:from='loc_InterestBearingDepositLiabilities' xlink:to='loc_InterestBearingDepositLiabilitiesDomestic' xlink:type='arc' />
<calculationArc order='10' weight='1.0' xlink:arcrole='http://www.xbrl.org/2003/arcrole/summation-item' xlink:from='loc_InterestBearingDepositLiabilitiesDomestic' xlink:to='loc_InterestBearingDomesticDepositBrokered' xlink:type='arc' />
<calculationArc order='20' weight='1.0' xlink:arcrole='http://www.xbrl.org/2003/arcrole/summation-item' xlink:from='loc_InterestBearingDepositLiabilitiesDomestic' xlink:to='loc_InterestBearingDomesticDepositRetail' xlink:type='arc' />
<calculationArc order='30' weight='1.0' xlink:arcrole='http://www.xbrl.org/2003/arcrole/summation-item' xlink:from='loc_InterestBearingDepositLiabilitiesDomestic' xlink:to='loc_InterestBearingDomesticDepositDemand' xlink:type='arc' />
<calculationArc order='40' weight='1.0' xlink:arcrole='http://www.xbrl.org/2003/arcrole/summation-item' xlink:from='loc_InterestBearingDepositLiabilitiesDomestic' xlink:to='loc_InterestBearingDomesticDepositChecking' xlink:type='arc' />
<calculationArc order='50' weight='1.0' xlink:arcrole='http://www.xbrl.org/2003/arcrole/summation-item' xlink:from='loc_InterestBearingDepositLiabilitiesDomestic' xlink:to='loc_InterestBearingDomesticDepositNegotiableOrderOfWithdrawalNOW' xlink:type='arc' />
<calculationArc order='60' weight='1.0' xlink:arcrole='http://www.xbrl.org/2003/arcrole/summation-item' xlink:from='loc_InterestBearingDepositLiabilitiesDomestic' xlink:to='loc_InterestBearingDomesticDepositMoneyMarket' xlink:type='arc' />
<calculationArc order='70' weight='1.0' xlink:arcrole='http://www.xbrl.org/2003/arcrole/summation-item' xlink:from='loc_InterestBearingDepositLiabilitiesDomestic' xlink:to='loc_InterestBearingDomesticDepositSavings' xlink:type='arc' />
<calculationArc order='80' weight='1.0' xlink:arcrole='http://www.xbrl.org/2003/arcrole/summation-item' xlink:from='loc_InterestBearingDepositLiabilitiesDomestic' xlink:to='loc_InterestBearingDomesticDepositTimeDeposits' xlink:type='arc' />
<calculationArc order='90' weight='1.0' xlink:arcrole='http://www.xbrl.org/2003/arcrole/summation-item' xlink:from='loc_InterestBearingDepositLiabilitiesDomestic' xlink:to='loc_InterestBearingDomesticDepositCertificatesOfDeposits' xlink:type='arc' />
<calculationArc order='100' weight='1.0' xlink:arcrole='http://www.xbrl.org/2003/arcrole/summation-item' xlink:from='loc_InterestBearingDepositLiabilitiesDomestic' xlink:to='loc_InterestBearingDomesticDepositOtherTimeDeposit' xlink:type='arc' />
<calculationArc order='20' weight='1.0' xlink:arcrole='http://www.xbrl.org/2003/arcrole/summation-item' xlink:from='loc_InterestBearingDepositLiabilities' xlink:to='loc_InterestBearingDepositLiabilitiesForeign' xlink:type='arc' />
<calculationArc order='10' weight='1.0' xlink:arcrole='http://www.xbrl.org/2003/arcrole/summation-item' xlink:from='loc_InterestBearingDepositLiabilitiesForeign' xlink:to='loc_InterestBearingForeignDepositBrokered' xlink:type='arc' />
<calculationArc order='20' weight='1.0' xlink:arcrole='http://www.xbrl.org/2003/arcrole/summation-item' xlink:from='loc_InterestBearingDepositLiabilitiesForeign' xlink:to='loc_InterestBearingForeignDepositRetail' xlink:type='arc' />
<calculationArc order='30' weight='1.0' xlink:arcrole='http://www.xbrl.org/2003/arcrole/summation-item' xlink:from='loc_InterestBearingDepositLiabilitiesForeign' xlink:to='loc_InterestBearingForeignDepositDemand' xlink:type='arc' />
<calculationArc order='40' weight='1.0' xlink:arcrole='http://www.xbrl.org/2003/arcrole/summation-item' xlink:from='loc_InterestBearingDepositLiabilitiesForeign' xlink:to='loc_InterestBearingForeignDepositChecking' xlink:type='arc' />
<calculationArc order='50' weight='1.0' xlink:arcrole='http://www.xbrl.org/2003/arcrole/summation-item' xlink:from='loc_InterestBearingDepositLiabilitiesForeign' xlink:to='loc_InterestBearingForeignDepositNegotiableOrderOfWithdrawalNOW' xlink:type='arc' />
<calculationArc order='60' weight='1.0' xlink:arcrole='http://www.xbrl.org/2003/arcrole/summation-item' xlink:from='loc_InterestBearingDepositLiabilitiesForeign' xlink:to='loc_InterestBearingForeignDepositMoneyMarket' xlink:type='arc' />
<calculationArc order='70' weight='1.0' xlink:arcrole='http://www.xbrl.org/2003/arcrole/summation-item' xlink:from='loc_InterestBearingDepositLiabilitiesForeign' xlink:to='loc_InterestBearingForeignDepositSavings' xlink:type='arc' />
<calculationArc order='80' weight='1.0' xlink:arcrole='http://www.xbrl.org/2003/arcrole/summation-item' xlink:from='loc_InterestBearingDepositLiabilitiesForeign' xlink:to='loc_InterestBearingForeignDepositTimeDeposits' xlink:type='arc' />
<calculationArc order='90' weight='1.0' xlink:arcrole='http://www.xbrl.org/2003/arcrole/summation-item' xlink:from='loc_InterestBearingDepositLiabilitiesForeign' xlink:to='loc_InterestBearingForeignDepositCertificatesOfDeposits' xlink:type='arc' />
<calculationArc order='100' weight='1.0' xlink:arcrole='http://www.xbrl.org/2003/arcrole/summation-item' xlink:from='loc_InterestBearingDepositLiabilitiesForeign' xlink:to='loc_InterestBearingForeignDepositOtherTimeDeposits' xlink:type='arc' />
<calculationArc order='20' use='optional' weight='1.0' xlink:arcrole='http://www.xbrl.org/2003/arcrole/summation-item' xlink:from='loc_Deposits' xlink:to='loc_NoninterestBearingDepositLiabilities' xlink:type='arc' />
<calculationArc order='10' weight='1.0' xlink:arcrole='http://www.xbrl.org/2003/arcrole/summation-item' xlink:from='loc_NoninterestBearingDepositLiabilities' xlink:to='loc_NoninterestBearingDepositLiabilitiesDomestic' xlink:type='arc' />
<calculationArc order='10' weight='1.0' xlink:arcrole='http://www.xbrl.org/2003/arcrole/summation-item' xlink:from='loc_NoninterestBearingDepositLiabilitiesDomestic' xlink:to='loc_NoninterestBearingDomesticDepositBrokered' xlink:type='arc' />
<calculationArc order='20' weight='1.0' xlink:arcrole='http://www.xbrl.org/2003/arcrole/summation-item' xlink:from='loc_NoninterestBearingDepositLiabilitiesDomestic' xlink:to='loc_NoninterestBearingDomesticDepositRetail' xlink:type='arc' />
<calculationArc order='30' weight='1.0' xlink:arcrole='http://www.xbrl.org/2003/arcrole/summation-item' xlink:from='loc_NoninterestBearingDepositLiabilitiesDomestic' xlink:to='loc_NoninterestBearingDomesticDepositDemand' xlink:type='arc' />
<calculationArc order='40' weight='1.0' xlink:arcrole='http://www.xbrl.org/2003/arcrole/summation-item' xlink:from='loc_NoninterestBearingDepositLiabilitiesDomestic' xlink:to='loc_NoninterestBearingDomesticDepositChecking' xlink:type='arc' />
<calculationArc order='20' weight='1.0' xlink:arcrole='http://www.xbrl.org/2003/arcrole/summation-item' xlink:from='loc_NoninterestBearingDepositLiabilities' xlink:to='loc_NoninterestBearingDepositLiabilitiesForeign' xlink:type='arc' />
<calculationArc order='10' weight='1.0' xlink:arcrole='http://www.xbrl.org/2003/arcrole/summation-item' xlink:from='loc_NoninterestBearingDepositLiabilitiesForeign' xlink:to='loc_NoninterestBearingForeignDepositBrokered' xlink:type='arc' />
<calculationArc order='20' weight='1.0' xlink:arcrole='http://www.xbrl.org/2003/arcrole/summation-item' xlink:from='loc_NoninterestBearingDepositLiabilitiesForeign' xlink:to='loc_NoninterestBearingForeignDepositRetail' xlink:type='arc' />
<calculationArc order='30' weight='1.0' xlink:arcrole='http://www.xbrl.org/2003/arcrole/summation-item' xlink:from='loc_NoninterestBearingDepositLiabilitiesForeign' xlink:to='loc_NoninterestBearingForeignDepositDemand' xlink:type='arc' />
<calculationArc order='40' weight='1.0' xlink:arcrole='http://www.xbrl.org/2003/arcrole/summation-item' xlink:from='loc_NoninterestBearingDepositLiabilitiesForeign' xlink:to='loc_NoninterestBearingForeignDepositChecking' xlink:type='arc' />
<calculationArc order='10' use='optional' weight='1.0' xlink:arcrole='http://www.xbrl.org/2003/arcrole/summation-item' xlink:from='loc_FederalHomeLoanBankAdvancesMaturitiesSummary' xlink:to='loc_FederalHomeLoanBankAdvancesMaturitiesSummaryDueWithinOneYearOfBalanceSheetDate' xlink:type='arc' />
<calculationArc order='20' use='optional' weight='1.0' xlink:arcrole='http://www.xbrl.org/2003/arcrole/summation-item' xlink:from='loc_FederalHomeLoanBankAdvancesMaturitiesSummary' xlink:to='loc_FederalHomeLoanBankAdvancesMaturitiesSummaryDueFromOneToTwoYearsOfBalanceSheetDate' xlink:type='arc' />
<calculationArc order='30' use='optional' weight='1.0' xlink:arcrole='http://www.xbrl.org/2003/arcrole/summation-item' xlink:from='loc_FederalHomeLoanBankAdvancesMaturitiesSummary' xlink:to='loc_FederalHomeLoanBankAdvancesMaturitiesSummaryDueFromTwoToThreeYearsOfBalanceSheetDate' xlink:type='arc' />
<calculationArc order='40' use='optional' weight='1.0' xlink:arcrole='http://www.xbrl.org/2003/arcrole/summation-item' xlink:from='loc_FederalHomeLoanBankAdvancesMaturitiesSummary' xlink:to='loc_FederalHomeLoanBankAdvancesMaturitiesSummaryDueFromThreeToFourYearsOfBalanceSheetDate' xlink:type='arc' />
<calculationArc order='50' use='optional' weight='1.0' xlink:arcrole='http://www.xbrl.org/2003/arcrole/summation-item' xlink:from='loc_FederalHomeLoanBankAdvancesMaturitiesSummary' xlink:to='loc_FederalHomeLoanBankAdvancesMaturitiesSummaryDueFromFourToFiveYearsOfBalanceSheetDate' xlink:type='arc' />
<calculationArc order='60' use='optional' weight='1.0' xlink:arcrole='http://www.xbrl.org/2003/arcrole/summation-item' xlink:from='loc_FederalHomeLoanBankAdvancesMaturitiesSummary' xlink:to='loc_FederalHomeLoanBankAdvancesMaturitiesSummaryDueAfterFiveYearsOfBalanceSheetDate' xlink:type='arc' />
<calculationArc order='10' use='optional' weight='1.0' xlink:arcrole='http://www.xbrl.org/2003/arcrole/summation-item' xlink:from='loc_FederalHomeLoanBankAdvancesMaturitiesSummaryByInterestRateType' xlink:to='loc_FederalHomeLoanBankAdvancesMaturitiesSummaryByInterestRateTypeUnderOneYear' xlink:type='arc' />
<calculationArc order='10' use='optional' weight='1.0' xlink:arcrole='http://www.xbrl.org/2003/arcrole/summation-item' xlink:from='loc_FederalHomeLoanBankAdvancesMaturitiesSummaryByInterestRateTypeUnderOneYear' xlink:to='loc_FederalHomeLoanBankAdvancesMaturitiesSummaryByInterestRateTypeFixedRateUnderOneYear' xlink:type='arc' />
<calculationArc order='20' use='optional' weight='1.0' xlink:arcrole='http://www.xbrl.org/2003/arcrole/summation-item' xlink:from='loc_FederalHomeLoanBankAdvancesMaturitiesSummaryByInterestRateTypeUnderOneYear' xlink:to='loc_FederalHomeLoanBankAdvancesMaturitiesSummaryByInterestRateTypeFloatingRateUnderOneYear' xlink:type='arc' />
<calculationArc order='20' use='optional' weight='1.0' xlink:arcrole='http://www.xbrl.org/2003/arcrole/summation-item' xlink:from='loc_FederalHomeLoanBankAdvancesMaturitiesSummaryByInterestRateType' xlink:to='loc_FederalHomeLoanBankAdvancesMaturitiesSummaryByInterestRateTypeOneToFiveYears' xlink:type='arc' />
<calculationArc order='10' use='optional' weight='1.0' xlink:arcrole='http://www.xbrl.org/2003/arcrole/summation-item' xlink:from='loc_FederalHomeLoanBankAdvancesMaturitiesSummaryByInterestRateTypeOneToFiveYears' xlink:to='loc_FederalHomeLoanBankAdvancesMaturitiesSummaryByInterestRateTypeFixedRateOneToFiveYears' xlink:type='arc' />
<calculationArc order='20' use='optional' weight='1.0' xlink:arcrole='http://www.xbrl.org/2003/arcrole/summation-item' xlink:from='loc_FederalHomeLoanBankAdvancesMaturitiesSummaryByInterestRateTypeOneToFiveYears' xlink:to='loc_FederalHomeLoanBankAdvancesMaturitiesSummaryByInterestRateTypeFloatingRateOneToFiveYears' xlink:type='arc' />
<calculationArc order='30' use='optional' weight='1.0' xlink:arcrole='http://www.xbrl.org/2003/arcrole/summation-item' xlink:from='loc_FederalHomeLoanBankAdvancesMaturitiesSummaryByInterestRateType' xlink:to='loc_FederalHomeLoanBankAdvancesMaturitiesSummaryByInterestRateTypeAfterFiveYears' xlink:type='arc' />
<calculationArc order='10' use='optional' weight='1.0' xlink:arcrole='http://www.xbrl.org/2003/arcrole/summation-item' xlink:from='loc_FederalHomeLoanBankAdvancesMaturitiesSummaryByInterestRateTypeAfterFiveYears' xlink:to='loc_FederalHomeLoanBankAdvancesMaturitiesSummaryByInterestRateTypeFixedRateAfterFiveYears' xlink:type='arc' />
<calculationArc order='20' use='optional' weight='1.0' xlink:arcrole='http://www.xbrl.org/2003/arcrole/summation-item' xlink:from='loc_FederalHomeLoanBankAdvancesMaturitiesSummaryByInterestRateTypeAfterFiveYears' xlink:to='loc_FederalHomeLoanBankAdvancesMaturitiesSummaryByInterestRateTypeFloatingRateAfterFiveYears' xlink:type='arc' />
<calculationArc order='10' weight='1.0' xlink:arcrole='http://www.xbrl.org/2003/arcrole/summation-item' xlink:from='loc_RealEstatePartnershipInvestmentSubsidiariesNetIncomeLossBeforeTax' xlink:to='loc_MinorityInterestExpenseIncomeRealEstateInvestments' xlink:type='arc' />
<calculationArc order='10' weight='1.0' xlink:arcrole='http://www.xbrl.org/2003/arcrole/summation-item' xlink:from='loc_MinorityInterestExpenseIncomeRealEstateInvestments' xlink:to='loc_NetInterestIncomeLossAfterProvisionForLoanLosses' xlink:type='arc' />
<calculationArc order='10' weight='1.0' xlink:arcrole='http://www.xbrl.org/2003/arcrole/summation-item' xlink:from='loc_NetInterestIncomeLossAfterProvisionForLoanLosses' xlink:to='loc_RealEstateInvestmentPartnershipRevenue' xlink:type='arc' />
<calculationArc order='20' weight='-1.0' xlink:arcrole='http://www.xbrl.org/2003/arcrole/summation-item' xlink:from='loc_NetInterestIncomeLossAfterProvisionForLoanLosses' xlink:to='loc_RealEstateInvestmentPartnershipCostOfSales' xlink:type='arc' />
<calculationArc order='30' weight='-1.0' xlink:arcrole='http://www.xbrl.org/2003/arcrole/summation-item' xlink:from='loc_NetInterestIncomeLossAfterProvisionForLoanLosses' xlink:to='loc_OtherExpenseFromRealEstatePartnershipOperations' xlink:type='arc' />
<calculationArc order='20' weight='-1.0' xlink:arcrole='http://www.xbrl.org/2003/arcrole/summation-item' xlink:from='loc_MinorityInterestExpenseIncomeRealEstateInvestments' xlink:to='loc_MinorityInterestInNetIncomeLossJointVenturePartners' xlink:type='arc' />
<calculationArc order='20' weight='1.0' xlink:arcrole='http://www.xbrl.org/2003/arcrole/summation-item' xlink:from='loc_RealEstatePartnershipInvestmentSubsidiariesNetIncomeLossBeforeTax' xlink:to='loc_OtherRevenueExpenseFromRealEstateOperations' xlink:type='arc' />
<calculationArc order='10' use='optional' weight='1.0' xlink:arcrole='http://www.xbrl.org/2003/arcrole/summation-item' xlink:from='loc_InterestExpenseDomesticDepositLiabilities' xlink:to='loc_InterestExpenseDomesticDepositLiabilitiesBrokered' xlink:type='arc' />
<calculationArc order='20' use='optional' weight='1.0' xlink:arcrole='http://www.xbrl.org/2003/arcrole/summation-item' xlink:from='loc_InterestExpenseDomesticDepositLiabilities' xlink:to='loc_InterestExpenseDomesticDepositLiabilitiesRetail' xlink:type='arc' />
<calculationArc order='30' use='optional' weight='1.0' xlink:arcrole='http://www.xbrl.org/2003/arcrole/summation-item' xlink:from='loc_InterestExpenseDomesticDepositLiabilities' xlink:to='loc_InterestExpenseDomesticDepositLiabilitiesDemand' xlink:type='arc' />
<calculationArc order='40' use='optional' weight='1.0' xlink:arcrole='http://www.xbrl.org/2003/arcrole/summation-item' xlink:from='loc_InterestExpenseDomesticDepositLiabilities' xlink:to='loc_InterestExpenseDomesticDepositLiabilitiesChecking' xlink:type='arc' />
<calculationArc order='50' use='optional' weight='1.0' xlink:arcrole='http://www.xbrl.org/2003/arcrole/summation-item' xlink:from='loc_InterestExpenseDomesticDepositLiabilities' xlink:to='loc_InterestExpenseDomesticDepositLiabilitiesNoticeOfWithdrawal' xlink:type='arc' />
<calculationArc order='60' use='optional' weight='1.0' xlink:arcrole='http://www.xbrl.org/2003/arcrole/summation-item' xlink:from='loc_InterestExpenseDomesticDepositLiabilities' xlink:to='loc_InterestExpenseDomesticDepositLiabilitiesMoneyMarket' xlink:type='arc' />
<calculationArc order='70' use='optional' weight='1.0' xlink:arcrole='http://www.xbrl.org/2003/arcrole/summation-item' xlink:from='loc_InterestExpenseDomesticDepositLiabilities' xlink:to='loc_InterestExpenseDomesticDepositLiabilitiesSavings' xlink:type='arc' />
<calculationArc order='80' use='optional' weight='1.0' xlink:arcrole='http://www.xbrl.org/2003/arcrole/summation-item' xlink:from='loc_InterestExpenseDomesticDepositLiabilities' xlink:to='loc_InterestExpenseDomesticDepositLiabilitiesTimeDeposit' xlink:type='arc' />
<calculationArc order='90' use='optional' weight='1.0' xlink:arcrole='http://www.xbrl.org/2003/arcrole/summation-item' xlink:from='loc_InterestExpenseDomesticDepositLiabilities' xlink:to='loc_InterestExpenseDomesticDepositLiabilitiesCertificatesOfDeposit' xlink:type='arc' />
<calculationArc order='100' use='optional' weight='1.0' xlink:arcrole='http://www.xbrl.org/2003/arcrole/summation-item' xlink:from='loc_InterestExpenseDomesticDepositLiabilities' xlink:to='loc_InterestExpenseDomesticDepositLiabilitiesOtherTimeDeposit' xlink:type='arc' />
<calculationArc order='110' weight='-1.0' xlink:arcrole='http://www.xbrl.org/2003/arcrole/summation-item' xlink:from='loc_InterestExpenseDomesticDepositLiabilities' xlink:to='loc_InterestExpenseDomesticDepositLiabilitiesWithdrawalPenalties' xlink:type='arc' />
<calculationArc order='10' use='optional' weight='1.0' xlink:arcrole='http://www.xbrl.org/2003/arcrole/summation-item' xlink:from='loc_InterestExpenseForeignDepositLiabilities' xlink:to='loc_InterestExpenseForeignDepositLiabilitiesBrokered' xlink:type='arc' />
<calculationArc order='20' use='optional' weight='1.0' xlink:arcrole='http://www.xbrl.org/2003/arcrole/summation-item' xlink:from='loc_InterestExpenseForeignDepositLiabilities' xlink:to='loc_InterestExpenseForeignDepositLiabilitiesRetail' xlink:type='arc' />
<calculationArc order='30' use='optional' weight='1.0' xlink:arcrole='http://www.xbrl.org/2003/arcrole/summation-item' xlink:from='loc_InterestExpenseForeignDepositLiabilities' xlink:to='loc_InterestExpenseForeignDepositLiabilitiesDemand' xlink:type='arc' />
<calculationArc order='40' use='optional' weight='1.0' xlink:arcrole='http://www.xbrl.org/2003/arcrole/summation-item' xlink:from='loc_InterestExpenseForeignDepositLiabilities' xlink:to='loc_InterestExpenseForeignDepositLiabilitiesChecking' xlink:type='arc' />
<calculationArc order='50' use='optional' weight='1.0' xlink:arcrole='http://www.xbrl.org/2003/arcrole/summation-item' xlink:from='loc_InterestExpenseForeignDepositLiabilities' xlink:to='loc_InterestExpenseForeignDepositLiabilitiesNoticeOfWithdrawal' xlink:type='arc' />
<calculationArc order='60' use='optional' weight='1.0' xlink:arcrole='http://www.xbrl.org/2003/arcrole/summation-item' xlink:from='loc_InterestExpenseForeignDepositLiabilities' xlink:to='loc_InterestExpenseForeignDepositLiabilitiesMoneyMarket' xlink:type='arc' />
<calculationArc order='70' use='optional' weight='1.0' xlink:arcrole='http://www.xbrl.org/2003/arcrole/summation-item' xlink:from='loc_InterestExpenseForeignDepositLiabilities' xlink:to='loc_InterestExpenseForeignDepositLiabilitiesSavings' xlink:type='arc' />
<calculationArc order='80' use='optional' weight='1.0' xlink:arcrole='http://www.xbrl.org/2003/arcrole/summation-item' xlink:from='loc_InterestExpenseForeignDepositLiabilities' xlink:to='loc_InterestExpenseForeignDepositLiabilitiesTimeDeposits' xlink:type='arc' />
<calculationArc order='90' use='optional' weight='1.0' xlink:arcrole='http://www.xbrl.org/2003/arcrole/summation-item' xlink:from='loc_InterestExpenseForeignDepositLiabilities' xlink:to='loc_InterestExpenseForeignDepositLiabilitiesCertificatesOfDeposit' xlink:type='arc' />
<calculationArc order='100' use='optional' weight='1.0' xlink:arcrole='http://www.xbrl.org/2003/arcrole/summation-item' xlink:from='loc_InterestExpenseForeignDepositLiabilities' xlink:to='loc_InterestExpenseForeignDepositLiabilitiesOtherTimeDeposit' xlink:type='arc' />
<calculationArc order='110' weight='-1.0' xlink:arcrole='http://www.xbrl.org/2003/arcrole/summation-item' xlink:from='loc_InterestExpenseForeignDepositLiabilities' xlink:to='loc_InterestExpenseForeignDepositLiabilitiesWithdrawalPenalties' xlink:type='arc' />
<calculationArc order='10' weight='1.0' xlink:arcrole='http://www.xbrl.org/2003/arcrole/summation-item' xlink:from='loc_RealEstateHeldForDevelopmentAndSaleNet' xlink:to='loc_RealEstateAssetsHeldForDevelopmentAndSale' xlink:type='arc' />
<calculationArc order='10' weight='1.0' xlink:arcrole='http://www.xbrl.org/2003/arcrole/summation-item' xlink:from='loc_RealEstateAssetsHeldForDevelopmentAndSale' xlink:to='loc_RealEstateHeldForDevelopmentAndSale' xlink:type='arc' />
<calculationArc order='10' weight='1.0' xlink:arcrole='http://www.xbrl.org/2003/arcrole/summation-item' xlink:from='loc_RealEstateHeldForDevelopmentAndSale' xlink:to='loc_AssetsOfWhollyOwnedRealEstateInvestmentSubsidiaries' xlink:type='arc' />
<calculationArc order='20' weight='1.0' xlink:arcrole='http://www.xbrl.org/2003/arcrole/summation-item' xlink:from='loc_RealEstateHeldForDevelopmentAndSale' xlink:to='loc_RealEstateHeldForDevelopmentAndSaleSubsidiary' xlink:type='arc' />
<calculationArc order='20' weight='1.0' xlink:arcrole='http://www.xbrl.org/2003/arcrole/summation-item' xlink:from='loc_RealEstateAssetsHeldForDevelopmentAndSale' xlink:to='loc_RealEstateInvestmentSubsidiariesCashAndOtherAssets' xlink:type='arc' />
<calculationArc order='20' weight='-1.0' xlink:arcrole='http://www.xbrl.org/2003/arcrole/summation-item' xlink:from='loc_RealEstateHeldForDevelopmentAndSaleNet' xlink:to='loc_RealEstateLiabilitiesAssociatedWithAssetsHeldForDevelopmentAndSale' xlink:type='arc' />
<calculationArc order='10' weight='1.0' xlink:arcrole='http://www.xbrl.org/2003/arcrole/summation-item' xlink:from='loc_RealEstateLiabilitiesAssociatedWithAssetsHeldForDevelopmentAndSale' xlink:to='loc_RealEstateVariableInterestEntityBorrowings' xlink:type='arc' />
<calculationArc order='20' weight='1.0' xlink:arcrole='http://www.xbrl.org/2003/arcrole/summation-item' xlink:from='loc_RealEstateLiabilitiesAssociatedWithAssetsHeldForDevelopmentAndSale' xlink:to='loc_RealEstateSubsidiaryLiabilities' xlink:type='arc' />
<calculationArc order='30' weight='-1.0' xlink:arcrole='http://www.xbrl.org/2003/arcrole/summation-item' xlink:from='loc_RealEstateHeldForDevelopmentAndSaleNet' xlink:to='loc_MinorityInterestInJointVentures' xlink:type='arc' />
<calculationArc order='10' weight='1.0' xlink:arcrole='http://www.xbrl.org/2003/arcrole/summation-item' xlink:from='loc_SecuredDebt' xlink:to='loc_SecuredDebtRepurchaseAgreements' xlink:type='arc' />
<calculationArc order='20' weight='1.0' xlink:arcrole='http://www.xbrl.org/2003/arcrole/summation-item' xlink:from='loc_SecuredDebt' xlink:to='loc_SecuredDebtReverseRepurchaseAgreements' xlink:type='arc' />
<calculationArc order='30' weight='1.0' xlink:arcrole='http://www.xbrl.org/2003/arcrole/summation-item' xlink:from='loc_SecuredDebt' xlink:to='loc_SecuredDebtDollarRolls' xlink:type='arc' />
<calculationArc order='40' weight='1.0' xlink:arcrole='http://www.xbrl.org/2003/arcrole/summation-item' xlink:from='loc_SecuredDebt' xlink:to='loc_SecuredDebtOther' xlink:type='arc' />
<calculationArc order='10' weight='1.0' xlink:arcrole='http://www.xbrl.org/2003/arcrole/summation-item' xlink:from='loc_TimeDeposits100000OrMore' xlink:to='loc_ContractualMaturitiesTimeDeposits100000OrMoreThreeMonthsOrLess' xlink:type='arc' />
<calculationArc order='20' weight='1.0' xlink:arcrole='http://www.xbrl.org/2003/arcrole/summation-item' xlink:from='loc_TimeDeposits100000OrMore' xlink:to='loc_ContractualMaturitiesTimeDeposits100000OrMoreThreeMonthsThroughSixMonths' xlink:type='arc' />
<calculationArc order='30' weight='1.0' xlink:arcrole='http://www.xbrl.org/2003/arcrole/summation-item' xlink:from='loc_TimeDeposits100000OrMore' xlink:to='loc_ContractualMaturitiesTimeDeposits100000OrMoreSixMonthsThrough12Months' xlink:type='arc' />
<calculationArc order='40' weight='1.0' xlink:arcrole='http://www.xbrl.org/2003/arcrole/summation-item' xlink:from='loc_TimeDeposits100000OrMore' xlink:to='loc_ContractualMaturitiesTimeDeposits100000OrMoreAfter12Months' xlink:type='arc' />
</calculationLink>
</link:linkbase>
