<?xml version="1.0" encoding="UTF-8" standalone="no"?>

<!--Copyright (C) 2007-2009 XBRL US, Inc. All Rights Reserved.
Notice: Authorized Uses are Set Forth at http://xbrl.us/legal2009
  -->
<link:linkbase xmlns:link='http://www.xbrl.org/2003/linkbase' xmlns:xlink='http://www.w3.org/1999/xlink' xmlns:xsi='http://www.w3.org/2001/XMLSchema-instance' xsi:schemaLocation='http://www.xbrl.org/2003/linkbase http://www.xbrl.org/2003/xbrl-linkbase-2003-12-31.xsd'>
<link:roleRef roleURI='http://xbrl.us/us-gaap/role/disclosure/RelatedPartyDisclosures' xlink:href='../elts/us-roles-2009-01-31.xsd#rpd' xlink:type='simple' />
<calculationLink xlink:role='http://xbrl.us/us-gaap/role/disclosure/RelatedPartyDisclosures' xlink:type='extended' xmlns='http://www.xbrl.org/2003/linkbase'>
<link:loc xlink:href='../elts/us-gaap-2009-01-31.xsd#us-gaap_RelatedPartyTransactionDueFromToRelatedPartyCurrent' xlink:label='loc_RelatedPartyTransactionDueFromToRelatedPartyCurrent' xlink:type='locator' />
<link:loc xlink:href='../elts/us-gaap-2009-01-31.xsd#us-gaap_DueFromRelatedPartiesCurrent' xlink:label='loc_DueFromRelatedPartiesCurrent' xlink:type='locator' />
<link:loc xlink:href='../elts/us-gaap-2009-01-31.xsd#us-gaap_DueToRelatedPartiesCurrent' xlink:label='loc_DueToRelatedPartiesCurrent' xlink:type='locator' />
<link:loc xlink:href='../elts/us-gaap-2009-01-31.xsd#us-gaap_RelatedPartyTransactionDueFromToRelatedPartyNoncurrent' xlink:label='loc_RelatedPartyTransactionDueFromToRelatedPartyNoncurrent' xlink:type='locator' />
<link:loc xlink:href='../elts/us-gaap-2009-01-31.xsd#us-gaap_DueFromRelatedPartiesNoncurrent' xlink:label='loc_DueFromRelatedPartiesNoncurrent' xlink:type='locator' />
<link:loc xlink:href='../elts/us-gaap-2009-01-31.xsd#us-gaap_DueToRelatedPartiesNoncurrent' xlink:label='loc_DueToRelatedPartiesNoncurrent' xlink:type='locator' />
<link:loc xlink:href='../elts/us-gaap-2009-01-31.xsd#us-gaap_RelatedPartyTransactionDueFromToRelatedParty' xlink:label='loc_RelatedPartyTransactionDueFromToRelatedParty' xlink:type='locator' />
<link:loc xlink:href='../elts/us-gaap-2009-01-31.xsd#us-gaap_DueFromRelatedParties' xlink:label='loc_DueFromRelatedParties' xlink:type='locator' />
<link:loc xlink:href='../elts/us-gaap-2009-01-31.xsd#us-gaap_DueToRelatedPartiesCurrentAndNoncurrent' xlink:label='loc_DueToRelatedPartiesCurrentAndNoncurrent' xlink:type='locator' />
<calculationArc order='10' weight='1.0' xlink:arcrole='http://www.xbrl.org/2003/arcrole/summation-item' xlink:from='loc_RelatedPartyTransactionDueFromToRelatedPartyCurrent' xlink:to='loc_DueFromRelatedPartiesCurrent' xlink:type='arc' />
<calculationArc order='20' weight='-1.0' xlink:arcrole='http://www.xbrl.org/2003/arcrole/summation-item' xlink:from='loc_RelatedPartyTransactionDueFromToRelatedPartyCurrent' xlink:to='loc_DueToRelatedPartiesCurrent' xlink:type='arc' />
<calculationArc order='10' weight='1.0' xlink:arcrole='http://www.xbrl.org/2003/arcrole/summation-item' xlink:from='loc_RelatedPartyTransactionDueFromToRelatedPartyNoncurrent' xlink:to='loc_DueFromRelatedPartiesNoncurrent' xlink:type='arc' />
<calculationArc order='20' weight='-1.0' xlink:arcrole='http://www.xbrl.org/2003/arcrole/summation-item' xlink:from='loc_RelatedPartyTransactionDueFromToRelatedPartyNoncurrent' xlink:to='loc_DueToRelatedPartiesNoncurrent' xlink:type='arc' />
<calculationArc order='10' weight='1.0' xlink:arcrole='http://www.xbrl.org/2003/arcrole/summation-item' xlink:from='loc_RelatedPartyTransactionDueFromToRelatedParty' xlink:to='loc_DueFromRelatedParties' xlink:type='arc' />
<calculationArc order='20' weight='-1.0' xlink:arcrole='http://www.xbrl.org/2003/arcrole/summation-item' xlink:from='loc_RelatedPartyTransactionDueFromToRelatedParty' xlink:to='loc_DueToRelatedPartiesCurrentAndNoncurrent' xlink:type='arc' />
</calculationLink>
</link:linkbase>
