<?xml version="1.0" encoding="UTF-8" standalone="no"?>

<!--Copyright (C) 2007-2009 XBRL US, Inc. All Rights Reserved.
Notice: Authorized Uses are Set Forth at http://xbrl.us/legal2009
  -->
<link:linkbase xmlns:link='http://www.xbrl.org/2003/linkbase' xmlns:xbrldt='http://xbrl.org/2005/xbrldt' xmlns:xlink='http://www.w3.org/1999/xlink' xmlns:xsi='http://www.w3.org/2001/XMLSchema-instance' xsi:schemaLocation='http://www.xbrl.org/2003/linkbase http://www.xbrl.org/2003/xbrl-linkbase-2003-12-31.xsd'>
<link:roleRef roleURI='http://xbrl.us/us-gaap/role/disclosure/EarningsPerShareScheduleOfEarningsPerShareDilutedByCommonClassTable' xlink:href='../elts/us-roles-2009-01-31.xsd#EarningsPerShareScheduleOfEarningsPerShareDilutedByCommonClassTable' xlink:type='simple' />
<link:roleRef roleURI='http://xbrl.us/us-gaap/role/disclosure/EarningsPerShareScheduleOfEarningsPerShareBasicByCommonClassTable' xlink:href='../elts/us-roles-2009-01-31.xsd#EarningsPerShareScheduleOfEarningsPerShareBasicByCommonClassTable' xlink:type='simple' />
<link:roleRef roleURI='http://xbrl.us/us-gaap/role/disclosure/EarningsPerShareScheduleOfAntidilutiveSecuritiesExcludedFromComputationOfEarningsPerShareTable' xlink:href='../elts/us-roles-2009-01-31.xsd#EarningsPerShareScheduleOfAntidilutiveSecuritiesExcludedFromComputationOfEarningsPerShareTable' xlink:type='simple' />
<link:arcroleRef arcroleURI='http://xbrl.org/int/dim/arcrole/all' xlink:href='http://www.xbrl.org/2005/xbrldt-2005.xsd#all' xlink:type='simple' />
<link:arcroleRef arcroleURI='http://xbrl.org/int/dim/arcrole/hypercube-dimension' xlink:href='http://www.xbrl.org/2005/xbrldt-2005.xsd#hypercube-dimension' xlink:type='simple' />
<link:arcroleRef arcroleURI='http://xbrl.org/int/dim/arcrole/dimension-domain' xlink:href='http://www.xbrl.org/2005/xbrldt-2005.xsd#dimension-domain' xlink:type='simple' />
<link:arcroleRef arcroleURI='http://xbrl.org/int/dim/arcrole/dimension-default' xlink:href='http://www.xbrl.org/2005/xbrldt-2005.xsd#dimension-default' xlink:type='simple' />
<link:arcroleRef arcroleURI='http://xbrl.org/int/dim/arcrole/domain-member' xlink:href='http://www.xbrl.org/2005/xbrldt-2005.xsd#domain-member' xlink:type='simple' />
<!--Definition relationships for table ScheduleOfEarningsPerShareBasicByCommonClassTable in presentation http://xbrl.us/us-gaap/role/disclosure/EarningsPerShare-->
<link:definitionLink xlink:role='http://xbrl.us/us-gaap/role/disclosure/EarningsPerShareScheduleOfEarningsPerShareBasicByCommonClassTable' xlink:type='extended'>
<link:loc xlink:href='../elts/us-gaap-2009-01-31.xsd#us-gaap_ScheduleOfEarningsPerShareBasicByCommonClassTable' xlink:label='loc_ScheduleOfEarningsPerShareBasicByCommonClassTable' xlink:type='locator' />
<link:loc xlink:href='../elts/us-gaap-2009-01-31.xsd#us-gaap_EarningsPerShareBasicLineItems' xlink:label='loc_EarningsPerShareBasicLineItems' xlink:type='locator' />
<link:definitionArc order='1.0' xbrldt:closed='true' xbrldt:contextElement='segment' xlink:arcrole='http://xbrl.org/int/dim/arcrole/all' xlink:from='loc_EarningsPerShareBasicLineItems' xlink:to='loc_ScheduleOfEarningsPerShareBasicByCommonClassTable' xlink:type='arc' />
</link:definitionLink>
<link:definitionLink xlink:role='http://xbrl.us/us-gaap/role/disclosure/EarningsPerShareScheduleOfEarningsPerShareBasicByCommonClassTable' xlink:type='extended'>
<link:loc xlink:href='../elts/us-gaap-2009-01-31.xsd#us-gaap_ScheduleOfEarningsPerShareBasicByCommonClassTable' xlink:label='loc_ScheduleOfEarningsPerShareBasicByCommonClassTable' xlink:type='locator' />
<link:loc xlink:href='../elts/us-gaap-2009-01-31.xsd#us-gaap_StatementClassOfStockAxis' xlink:label='loc_StatementClassOfStockAxis' xlink:type='locator' />
<link:definitionArc order='1.0' xlink:arcrole='http://xbrl.org/int/dim/arcrole/hypercube-dimension' xlink:from='loc_ScheduleOfEarningsPerShareBasicByCommonClassTable' xlink:to='loc_StatementClassOfStockAxis' xlink:type='arc' />
</link:definitionLink>
<link:definitionLink xlink:role='http://xbrl.us/us-gaap/role/disclosure/EarningsPerShareScheduleOfEarningsPerShareBasicByCommonClassTable' xlink:type='extended'>
<link:loc xlink:href='../elts/us-gaap-2009-01-31.xsd#us-gaap_StatementClassOfStockAxis' xlink:label='loc_StatementClassOfStockAxis' xlink:type='locator' />
<link:loc xlink:href='../elts/us-gaap-2009-01-31.xsd#us-gaap_ClassOfStockDomain' xlink:label='loc_ClassOfStockDomain' xlink:type='locator' />
<link:definitionArc order='1.0' xlink:arcrole='http://xbrl.org/int/dim/arcrole/dimension-domain' xlink:from='loc_StatementClassOfStockAxis' xlink:to='loc_ClassOfStockDomain' xlink:type='arc' />
</link:definitionLink>
<link:definitionLink xlink:role='http://xbrl.us/us-gaap/role/disclosure/EarningsPerShareScheduleOfEarningsPerShareBasicByCommonClassTable' xlink:type='extended'>
<link:loc xlink:href='../elts/us-gaap-2009-01-31.xsd#us-gaap_StatementClassOfStockAxis' xlink:label='loc_StatementClassOfStockAxis' xlink:type='locator' />
<link:loc xlink:href='../elts/us-gaap-2009-01-31.xsd#us-gaap_ClassOfStockDomain' xlink:label='loc_ClassOfStockDomain' xlink:type='locator' />
<link:definitionArc order='1.0' xlink:arcrole='http://xbrl.org/int/dim/arcrole/dimension-default' xlink:from='loc_StatementClassOfStockAxis' xlink:to='loc_ClassOfStockDomain' xlink:type='arc' />
</link:definitionLink>
<link:definitionLink xlink:role='http://xbrl.us/us-gaap/role/disclosure/EarningsPerShareScheduleOfEarningsPerShareBasicByCommonClassTable' xlink:type='extended'>
<link:loc xlink:href='../elts/us-gaap-2009-01-31.xsd#us-gaap_EarningsPerShareBasicLineItems' xlink:label='loc_EarningsPerShareBasicLineItems' xlink:type='locator' />
<link:loc xlink:href='../elts/us-gaap-2009-01-31.xsd#us-gaap_EarningsPerShareBasicAbstract' xlink:label='loc_EarningsPerShareBasicAbstract' xlink:type='locator' />
<link:loc xlink:href='../elts/us-gaap-2009-01-31.xsd#us-gaap_IncomeLossBeforeExtraordinaryItemsAndCumulativeEffectOfChangeInAccountingPrinciplePerBasicShareAbstract' xlink:label='loc_IncomeLossBeforeExtraordinaryItemsAndCumulativeEffectOfChangeInAccountingPrinciplePerBasicShareAbstract' xlink:type='locator' />
<link:loc xlink:href='../elts/us-gaap-2009-01-31.xsd#us-gaap_IncomeLossFromContinuingOperationsPerBasicShare' xlink:label='loc_IncomeLossFromContinuingOperationsPerBasicShare' xlink:type='locator' />
<link:loc xlink:href='../elts/us-gaap-2009-01-31.xsd#us-gaap_IncomeLossFromDiscontinuedOperationsNetOfTaxPerBasicShare' xlink:label='loc_IncomeLossFromDiscontinuedOperationsNetOfTaxPerBasicShare' xlink:type='locator' />
<link:loc xlink:href='../elts/us-gaap-2009-01-31.xsd#us-gaap_IncomeLossBeforeExtraordinaryItemsAndCumulativeEffectOfChangeInAccountingPrinciplePerBasicShare' xlink:label='loc_IncomeLossBeforeExtraordinaryItemsAndCumulativeEffectOfChangeInAccountingPrinciplePerBasicShare' xlink:type='locator' />
<link:loc xlink:href='../elts/us-gaap-2009-01-31.xsd#us-gaap_IncomeLossFromExtraordinaryItemsNetOfTaxPerBasicShareAbstract' xlink:label='loc_IncomeLossFromExtraordinaryItemsNetOfTaxPerBasicShareAbstract' xlink:type='locator' />
<link:loc xlink:href='../elts/us-gaap-2009-01-31.xsd#us-gaap_IncomeLossFromExtraordinaryItemsBeforeTaxPerBasicShare' xlink:label='loc_IncomeLossFromExtraordinaryItemsBeforeTaxPerBasicShare' xlink:type='locator' />
<link:loc xlink:href='../elts/us-gaap-2009-01-31.xsd#us-gaap_IncomeLossFromExtraordinaryItemsTaxEffectPerBasicShare' xlink:label='loc_IncomeLossFromExtraordinaryItemsTaxEffectPerBasicShare' xlink:type='locator' />
<link:loc xlink:href='../elts/us-gaap-2009-01-31.xsd#us-gaap_IncomeLossFromExtraordinaryItemsNetOfTaxPerBasicShare' xlink:label='loc_IncomeLossFromExtraordinaryItemsNetOfTaxPerBasicShare' xlink:type='locator' />
<link:loc xlink:href='../elts/us-gaap-2009-01-31.xsd#us-gaap_CumulativeEffectOfChangeInAccountingPrincipleNetOfTaxPerBasicShare' xlink:label='loc_CumulativeEffectOfChangeInAccountingPrincipleNetOfTaxPerBasicShare' xlink:type='locator' />
<link:loc xlink:href='../elts/us-gaap-2009-01-31.xsd#us-gaap_EarningsPerShareBasic' xlink:label='loc_EarningsPerShareBasic' xlink:type='locator' />
<link:definitionArc order='1.0' xlink:arcrole='http://xbrl.org/int/dim/arcrole/domain-member' xlink:from='loc_EarningsPerShareBasicLineItems' xlink:to='loc_EarningsPerShareBasicAbstract' xlink:type='arc' />
<link:definitionArc order='2.0' xlink:arcrole='http://xbrl.org/int/dim/arcrole/domain-member' xlink:from='loc_EarningsPerShareBasicAbstract' xlink:to='loc_IncomeLossBeforeExtraordinaryItemsAndCumulativeEffectOfChangeInAccountingPrinciplePerBasicShareAbstract' xlink:type='arc' />
<link:definitionArc order='3.0' xlink:arcrole='http://xbrl.org/int/dim/arcrole/domain-member' xlink:from='loc_IncomeLossBeforeExtraordinaryItemsAndCumulativeEffectOfChangeInAccountingPrinciplePerBasicShareAbstract' xlink:to='loc_IncomeLossFromContinuingOperationsPerBasicShare' xlink:type='arc' />
<link:definitionArc order='4.0' xlink:arcrole='http://xbrl.org/int/dim/arcrole/domain-member' xlink:from='loc_IncomeLossBeforeExtraordinaryItemsAndCumulativeEffectOfChangeInAccountingPrinciplePerBasicShareAbstract' xlink:to='loc_IncomeLossFromDiscontinuedOperationsNetOfTaxPerBasicShare' xlink:type='arc' />
<link:definitionArc order='5.0' xlink:arcrole='http://xbrl.org/int/dim/arcrole/domain-member' xlink:from='loc_IncomeLossBeforeExtraordinaryItemsAndCumulativeEffectOfChangeInAccountingPrinciplePerBasicShareAbstract' xlink:to='loc_IncomeLossBeforeExtraordinaryItemsAndCumulativeEffectOfChangeInAccountingPrinciplePerBasicShare' xlink:type='arc' />
<link:definitionArc order='6.0' xlink:arcrole='http://xbrl.org/int/dim/arcrole/domain-member' xlink:from='loc_EarningsPerShareBasicAbstract' xlink:to='loc_IncomeLossFromExtraordinaryItemsNetOfTaxPerBasicShareAbstract' xlink:type='arc' />
<link:definitionArc order='7.0' xlink:arcrole='http://xbrl.org/int/dim/arcrole/domain-member' xlink:from='loc_IncomeLossFromExtraordinaryItemsNetOfTaxPerBasicShareAbstract' xlink:to='loc_IncomeLossFromExtraordinaryItemsBeforeTaxPerBasicShare' xlink:type='arc' />
<link:definitionArc order='8.0' xlink:arcrole='http://xbrl.org/int/dim/arcrole/domain-member' xlink:from='loc_IncomeLossFromExtraordinaryItemsNetOfTaxPerBasicShareAbstract' xlink:to='loc_IncomeLossFromExtraordinaryItemsTaxEffectPerBasicShare' xlink:type='arc' />
<link:definitionArc order='9.0' xlink:arcrole='http://xbrl.org/int/dim/arcrole/domain-member' xlink:from='loc_IncomeLossFromExtraordinaryItemsNetOfTaxPerBasicShareAbstract' xlink:to='loc_IncomeLossFromExtraordinaryItemsNetOfTaxPerBasicShare' xlink:type='arc' />
<link:definitionArc order='10.0' xlink:arcrole='http://xbrl.org/int/dim/arcrole/domain-member' xlink:from='loc_EarningsPerShareBasicAbstract' xlink:to='loc_CumulativeEffectOfChangeInAccountingPrincipleNetOfTaxPerBasicShare' xlink:type='arc' />
<link:definitionArc order='11.0' xlink:arcrole='http://xbrl.org/int/dim/arcrole/domain-member' xlink:from='loc_EarningsPerShareBasicAbstract' xlink:to='loc_EarningsPerShareBasic' xlink:type='arc' />
</link:definitionLink>
<link:definitionLink xlink:role='http://xbrl.us/us-gaap/role/disclosure/EarningsPerShareScheduleOfEarningsPerShareBasicByCommonClassTable' xlink:type='extended'>
<link:loc xlink:href='../elts/us-gaap-2009-01-31.xsd#us-gaap_ClassOfStockDomain' xlink:label='loc_ClassOfStockDomain' xlink:type='locator' />
<link:loc xlink:href='../elts/us-gaap-2009-01-31.xsd#us-gaap_CommonStockMember' xlink:label='loc_CommonStockMember' xlink:type='locator' />
<link:loc xlink:href='../elts/us-gaap-2009-01-31.xsd#us-gaap_CommonClassAMember' xlink:label='loc_CommonClassAMember' xlink:type='locator' />
<link:loc xlink:href='../elts/us-gaap-2009-01-31.xsd#us-gaap_CommonClassBMember' xlink:label='loc_CommonClassBMember' xlink:type='locator' />
<link:loc xlink:href='../elts/us-gaap-2009-01-31.xsd#us-gaap_NonvotingCommonStockMember' xlink:label='loc_NonvotingCommonStockMember' xlink:type='locator' />
<link:loc xlink:href='../elts/us-gaap-2009-01-31.xsd#us-gaap_ConvertibleCommonStockMember' xlink:label='loc_ConvertibleCommonStockMember' xlink:type='locator' />
<link:definitionArc order='1.0' xlink:arcrole='http://xbrl.org/int/dim/arcrole/domain-member' xlink:from='loc_ClassOfStockDomain' xlink:to='loc_CommonStockMember' xlink:type='arc' />
<link:definitionArc order='2.0' xlink:arcrole='http://xbrl.org/int/dim/arcrole/domain-member' xlink:from='loc_CommonStockMember' xlink:to='loc_CommonClassAMember' xlink:type='arc' />
<link:definitionArc order='3.0' xlink:arcrole='http://xbrl.org/int/dim/arcrole/domain-member' xlink:from='loc_CommonStockMember' xlink:to='loc_CommonClassBMember' xlink:type='arc' />
<link:definitionArc order='4.0' xlink:arcrole='http://xbrl.org/int/dim/arcrole/domain-member' xlink:from='loc_CommonStockMember' xlink:to='loc_NonvotingCommonStockMember' xlink:type='arc' />
<link:definitionArc order='5.0' xlink:arcrole='http://xbrl.org/int/dim/arcrole/domain-member' xlink:from='loc_CommonStockMember' xlink:to='loc_ConvertibleCommonStockMember' xlink:type='arc' />
</link:definitionLink>
<!--Definition relationships for table ScheduleOfEarningsPerShareDilutedByCommonClassTable in presentation http://xbrl.us/us-gaap/role/disclosure/EarningsPerShare-->
<link:definitionLink xlink:role='http://xbrl.us/us-gaap/role/disclosure/EarningsPerShareScheduleOfEarningsPerShareDilutedByCommonClassTable' xlink:type='extended'>
<link:loc xlink:href='../elts/us-gaap-2009-01-31.xsd#us-gaap_ScheduleOfEarningsPerShareDilutedByCommonClassTable' xlink:label='loc_ScheduleOfEarningsPerShareDilutedByCommonClassTable' xlink:type='locator' />
<link:loc xlink:href='../elts/us-gaap-2009-01-31.xsd#us-gaap_EarningsPerShareDilutedLineItems' xlink:label='loc_EarningsPerShareDilutedLineItems' xlink:type='locator' />
<link:definitionArc order='1.0' xbrldt:closed='true' xbrldt:contextElement='segment' xlink:arcrole='http://xbrl.org/int/dim/arcrole/all' xlink:from='loc_EarningsPerShareDilutedLineItems' xlink:to='loc_ScheduleOfEarningsPerShareDilutedByCommonClassTable' xlink:type='arc' />
</link:definitionLink>
<link:definitionLink xlink:role='http://xbrl.us/us-gaap/role/disclosure/EarningsPerShareScheduleOfEarningsPerShareDilutedByCommonClassTable' xlink:type='extended'>
<link:loc xlink:href='../elts/us-gaap-2009-01-31.xsd#us-gaap_ScheduleOfEarningsPerShareDilutedByCommonClassTable' xlink:label='loc_ScheduleOfEarningsPerShareDilutedByCommonClassTable' xlink:type='locator' />
<link:loc xlink:href='../elts/us-gaap-2009-01-31.xsd#us-gaap_StatementClassOfStockAxis' xlink:label='loc_StatementClassOfStockAxis' xlink:type='locator' />
<link:definitionArc order='1.0' xlink:arcrole='http://xbrl.org/int/dim/arcrole/hypercube-dimension' xlink:from='loc_ScheduleOfEarningsPerShareDilutedByCommonClassTable' xlink:to='loc_StatementClassOfStockAxis' xlink:type='arc' />
</link:definitionLink>
<link:definitionLink xlink:role='http://xbrl.us/us-gaap/role/disclosure/EarningsPerShareScheduleOfEarningsPerShareDilutedByCommonClassTable' xlink:type='extended'>
<link:loc xlink:href='../elts/us-gaap-2009-01-31.xsd#us-gaap_StatementClassOfStockAxis' xlink:label='loc_StatementClassOfStockAxis' xlink:type='locator' />
<link:loc xlink:href='../elts/us-gaap-2009-01-31.xsd#us-gaap_ClassOfStockDomain' xlink:label='loc_ClassOfStockDomain' xlink:type='locator' />
<link:definitionArc order='1.0' xlink:arcrole='http://xbrl.org/int/dim/arcrole/dimension-domain' xlink:from='loc_StatementClassOfStockAxis' xlink:to='loc_ClassOfStockDomain' xlink:type='arc' />
</link:definitionLink>
<link:definitionLink xlink:role='http://xbrl.us/us-gaap/role/disclosure/EarningsPerShareScheduleOfEarningsPerShareDilutedByCommonClassTable' xlink:type='extended'>
<link:loc xlink:href='../elts/us-gaap-2009-01-31.xsd#us-gaap_StatementClassOfStockAxis' xlink:label='loc_StatementClassOfStockAxis' xlink:type='locator' />
<link:loc xlink:href='../elts/us-gaap-2009-01-31.xsd#us-gaap_ClassOfStockDomain' xlink:label='loc_ClassOfStockDomain' xlink:type='locator' />
<link:definitionArc order='1.0' xlink:arcrole='http://xbrl.org/int/dim/arcrole/dimension-default' xlink:from='loc_StatementClassOfStockAxis' xlink:to='loc_ClassOfStockDomain' xlink:type='arc' />
</link:definitionLink>
<link:definitionLink xlink:role='http://xbrl.us/us-gaap/role/disclosure/EarningsPerShareScheduleOfEarningsPerShareDilutedByCommonClassTable' xlink:type='extended'>
<link:loc xlink:href='../elts/us-gaap-2009-01-31.xsd#us-gaap_EarningsPerShareDilutedLineItems' xlink:label='loc_EarningsPerShareDilutedLineItems' xlink:type='locator' />
<link:loc xlink:href='../elts/us-gaap-2009-01-31.xsd#us-gaap_EarningsPerShareDilutedAbstract' xlink:label='loc_EarningsPerShareDilutedAbstract' xlink:type='locator' />
<link:loc xlink:href='../elts/us-gaap-2009-01-31.xsd#us-gaap_IncomeLossBeforeExtraordinaryItemsAndCumulativeEffectOfChangeInAccountingPrinciplePerDilutedShareAbstract' xlink:label='loc_IncomeLossBeforeExtraordinaryItemsAndCumulativeEffectOfChangeInAccountingPrinciplePerDilutedShareAbstract' xlink:type='locator' />
<link:loc xlink:href='../elts/us-gaap-2009-01-31.xsd#us-gaap_IncomeLossFromContinuingOperationsPerDilutedShare' xlink:label='loc_IncomeLossFromContinuingOperationsPerDilutedShare' xlink:type='locator' />
<link:loc xlink:href='../elts/us-gaap-2009-01-31.xsd#us-gaap_IncomeLossFromDiscontinuedOperationsNetOfTaxPerDilutedShare' xlink:label='loc_IncomeLossFromDiscontinuedOperationsNetOfTaxPerDilutedShare' xlink:type='locator' />
<link:loc xlink:href='../elts/us-gaap-2009-01-31.xsd#us-gaap_IncomeLossBeforeExtraordinaryItemsAndCumulativeEffectOfChangeInAccountingPrinciplePerDilutedShare' xlink:label='loc_IncomeLossBeforeExtraordinaryItemsAndCumulativeEffectOfChangeInAccountingPrinciplePerDilutedShare' xlink:type='locator' />
<link:loc xlink:href='../elts/us-gaap-2009-01-31.xsd#us-gaap_IncomeLossFromExtraordinaryItemsNetOfTaxPerDilutedShareAbstract' xlink:label='loc_IncomeLossFromExtraordinaryItemsNetOfTaxPerDilutedShareAbstract' xlink:type='locator' />
<link:loc xlink:href='../elts/us-gaap-2009-01-31.xsd#us-gaap_IncomeLossFromExtraordinaryItemsBeforeTaxPerDilutedShare' xlink:label='loc_IncomeLossFromExtraordinaryItemsBeforeTaxPerDilutedShare' xlink:type='locator' />
<link:loc xlink:href='../elts/us-gaap-2009-01-31.xsd#us-gaap_IncomeLossFromExtraordinaryItemsTaxEffectPerDilutedShare' xlink:label='loc_IncomeLossFromExtraordinaryItemsTaxEffectPerDilutedShare' xlink:type='locator' />
<link:loc xlink:href='../elts/us-gaap-2009-01-31.xsd#us-gaap_IncomeLossFromExtraordinaryItemsNetOfTaxPerDilutedShare' xlink:label='loc_IncomeLossFromExtraordinaryItemsNetOfTaxPerDilutedShare' xlink:type='locator' />
<link:loc xlink:href='../elts/us-gaap-2009-01-31.xsd#us-gaap_CumulativeEffectOfChangeInAccountingPrincipleNetOfTaxPerDilutedShare' xlink:label='loc_CumulativeEffectOfChangeInAccountingPrincipleNetOfTaxPerDilutedShare' xlink:type='locator' />
<link:loc xlink:href='../elts/us-gaap-2009-01-31.xsd#us-gaap_EarningsPerShareDiluted' xlink:label='loc_EarningsPerShareDiluted' xlink:type='locator' />
<link:definitionArc order='1.0' xlink:arcrole='http://xbrl.org/int/dim/arcrole/domain-member' xlink:from='loc_EarningsPerShareDilutedLineItems' xlink:to='loc_EarningsPerShareDilutedAbstract' xlink:type='arc' />
<link:definitionArc order='2.0' xlink:arcrole='http://xbrl.org/int/dim/arcrole/domain-member' xlink:from='loc_EarningsPerShareDilutedAbstract' xlink:to='loc_IncomeLossBeforeExtraordinaryItemsAndCumulativeEffectOfChangeInAccountingPrinciplePerDilutedShareAbstract' xlink:type='arc' />
<link:definitionArc order='3.0' xlink:arcrole='http://xbrl.org/int/dim/arcrole/domain-member' xlink:from='loc_IncomeLossBeforeExtraordinaryItemsAndCumulativeEffectOfChangeInAccountingPrinciplePerDilutedShareAbstract' xlink:to='loc_IncomeLossFromContinuingOperationsPerDilutedShare' xlink:type='arc' />
<link:definitionArc order='4.0' xlink:arcrole='http://xbrl.org/int/dim/arcrole/domain-member' xlink:from='loc_IncomeLossBeforeExtraordinaryItemsAndCumulativeEffectOfChangeInAccountingPrinciplePerDilutedShareAbstract' xlink:to='loc_IncomeLossFromDiscontinuedOperationsNetOfTaxPerDilutedShare' xlink:type='arc' />
<link:definitionArc order='5.0' xlink:arcrole='http://xbrl.org/int/dim/arcrole/domain-member' xlink:from='loc_IncomeLossBeforeExtraordinaryItemsAndCumulativeEffectOfChangeInAccountingPrinciplePerDilutedShareAbstract' xlink:to='loc_IncomeLossBeforeExtraordinaryItemsAndCumulativeEffectOfChangeInAccountingPrinciplePerDilutedShare' xlink:type='arc' />
<link:definitionArc order='6.0' xlink:arcrole='http://xbrl.org/int/dim/arcrole/domain-member' xlink:from='loc_EarningsPerShareDilutedAbstract' xlink:to='loc_IncomeLossFromExtraordinaryItemsNetOfTaxPerDilutedShareAbstract' xlink:type='arc' />
<link:definitionArc order='7.0' xlink:arcrole='http://xbrl.org/int/dim/arcrole/domain-member' xlink:from='loc_IncomeLossFromExtraordinaryItemsNetOfTaxPerDilutedShareAbstract' xlink:to='loc_IncomeLossFromExtraordinaryItemsBeforeTaxPerDilutedShare' xlink:type='arc' />
<link:definitionArc order='8.0' xlink:arcrole='http://xbrl.org/int/dim/arcrole/domain-member' xlink:from='loc_IncomeLossFromExtraordinaryItemsNetOfTaxPerDilutedShareAbstract' xlink:to='loc_IncomeLossFromExtraordinaryItemsTaxEffectPerDilutedShare' xlink:type='arc' />
<link:definitionArc order='9.0' xlink:arcrole='http://xbrl.org/int/dim/arcrole/domain-member' xlink:from='loc_IncomeLossFromExtraordinaryItemsNetOfTaxPerDilutedShareAbstract' xlink:to='loc_IncomeLossFromExtraordinaryItemsNetOfTaxPerDilutedShare' xlink:type='arc' />
<link:definitionArc order='10.0' xlink:arcrole='http://xbrl.org/int/dim/arcrole/domain-member' xlink:from='loc_EarningsPerShareDilutedAbstract' xlink:to='loc_CumulativeEffectOfChangeInAccountingPrincipleNetOfTaxPerDilutedShare' xlink:type='arc' />
<link:definitionArc order='11.0' xlink:arcrole='http://xbrl.org/int/dim/arcrole/domain-member' xlink:from='loc_EarningsPerShareDilutedAbstract' xlink:to='loc_EarningsPerShareDiluted' xlink:type='arc' />
</link:definitionLink>
<link:definitionLink xlink:role='http://xbrl.us/us-gaap/role/disclosure/EarningsPerShareScheduleOfEarningsPerShareDilutedByCommonClassTable' xlink:type='extended'>
<link:loc xlink:href='../elts/us-gaap-2009-01-31.xsd#us-gaap_ClassOfStockDomain' xlink:label='loc_ClassOfStockDomain' xlink:type='locator' />
<link:loc xlink:href='../elts/us-gaap-2009-01-31.xsd#us-gaap_CommonStockMember' xlink:label='loc_CommonStockMember' xlink:type='locator' />
<link:loc xlink:href='../elts/us-gaap-2009-01-31.xsd#us-gaap_CommonClassAMember' xlink:label='loc_CommonClassAMember' xlink:type='locator' />
<link:loc xlink:href='../elts/us-gaap-2009-01-31.xsd#us-gaap_CommonClassBMember' xlink:label='loc_CommonClassBMember' xlink:type='locator' />
<link:loc xlink:href='../elts/us-gaap-2009-01-31.xsd#us-gaap_NonvotingCommonStockMember' xlink:label='loc_NonvotingCommonStockMember' xlink:type='locator' />
<link:loc xlink:href='../elts/us-gaap-2009-01-31.xsd#us-gaap_ConvertibleCommonStockMember' xlink:label='loc_ConvertibleCommonStockMember' xlink:type='locator' />
<link:definitionArc order='1.0' xlink:arcrole='http://xbrl.org/int/dim/arcrole/domain-member' xlink:from='loc_ClassOfStockDomain' xlink:to='loc_CommonStockMember' xlink:type='arc' />
<link:definitionArc order='2.0' xlink:arcrole='http://xbrl.org/int/dim/arcrole/domain-member' xlink:from='loc_CommonStockMember' xlink:to='loc_CommonClassAMember' xlink:type='arc' />
<link:definitionArc order='3.0' xlink:arcrole='http://xbrl.org/int/dim/arcrole/domain-member' xlink:from='loc_CommonStockMember' xlink:to='loc_CommonClassBMember' xlink:type='arc' />
<link:definitionArc order='4.0' xlink:arcrole='http://xbrl.org/int/dim/arcrole/domain-member' xlink:from='loc_CommonStockMember' xlink:to='loc_NonvotingCommonStockMember' xlink:type='arc' />
<link:definitionArc order='5.0' xlink:arcrole='http://xbrl.org/int/dim/arcrole/domain-member' xlink:from='loc_CommonStockMember' xlink:to='loc_ConvertibleCommonStockMember' xlink:type='arc' />
</link:definitionLink>
<!--Definition relationships for table ScheduleOfAntidilutiveSecuritiesExcludedFromComputationOfEarningsPerShareTable in presentation http://xbrl.us/us-gaap/role/disclosure/EarningsPerShare-->
<link:definitionLink xlink:role='http://xbrl.us/us-gaap/role/disclosure/EarningsPerShareScheduleOfAntidilutiveSecuritiesExcludedFromComputationOfEarningsPerShareTable' xlink:type='extended'>
<link:loc xlink:href='../elts/us-gaap-2009-01-31.xsd#us-gaap_ScheduleOfAntidilutiveSecuritiesExcludedFromComputationOfEarningsPerShareTable' xlink:label='loc_ScheduleOfAntidilutiveSecuritiesExcludedFromComputationOfEarningsPerShareTable' xlink:type='locator' />
<link:loc xlink:href='../elts/us-gaap-2009-01-31.xsd#us-gaap_AntidilutiveSecuritiesExcludedFromComputationOfEarningsPerShareLineItems' xlink:label='loc_AntidilutiveSecuritiesExcludedFromComputationOfEarningsPerShareLineItems' xlink:type='locator' />
<link:definitionArc order='1.0' xbrldt:closed='true' xbrldt:contextElement='segment' xlink:arcrole='http://xbrl.org/int/dim/arcrole/all' xlink:from='loc_AntidilutiveSecuritiesExcludedFromComputationOfEarningsPerShareLineItems' xlink:to='loc_ScheduleOfAntidilutiveSecuritiesExcludedFromComputationOfEarningsPerShareTable' xlink:type='arc' />
</link:definitionLink>
<link:definitionLink xlink:role='http://xbrl.us/us-gaap/role/disclosure/EarningsPerShareScheduleOfAntidilutiveSecuritiesExcludedFromComputationOfEarningsPerShareTable' xlink:type='extended'>
<link:loc xlink:href='../elts/us-gaap-2009-01-31.xsd#us-gaap_ScheduleOfAntidilutiveSecuritiesExcludedFromComputationOfEarningsPerShareTable' xlink:label='loc_ScheduleOfAntidilutiveSecuritiesExcludedFromComputationOfEarningsPerShareTable' xlink:type='locator' />
<link:loc xlink:href='../elts/us-gaap-2009-01-31.xsd#us-gaap_AntidilutiveSecuritiesExcludedFromComputationOfEarningsPerShareByAntidilutiveSecuritiesAxis' xlink:label='loc_AntidilutiveSecuritiesExcludedFromComputationOfEarningsPerShareByAntidilutiveSecuritiesAxis' xlink:type='locator' />
<link:definitionArc order='1.0' xlink:arcrole='http://xbrl.org/int/dim/arcrole/hypercube-dimension' xlink:from='loc_ScheduleOfAntidilutiveSecuritiesExcludedFromComputationOfEarningsPerShareTable' xlink:to='loc_AntidilutiveSecuritiesExcludedFromComputationOfEarningsPerShareByAntidilutiveSecuritiesAxis' xlink:type='arc' />
</link:definitionLink>
<link:definitionLink xlink:role='http://xbrl.us/us-gaap/role/disclosure/EarningsPerShareScheduleOfAntidilutiveSecuritiesExcludedFromComputationOfEarningsPerShareTable' xlink:type='extended'>
<link:loc xlink:href='../elts/us-gaap-2009-01-31.xsd#us-gaap_AntidilutiveSecuritiesExcludedFromComputationOfEarningsPerShareByAntidilutiveSecuritiesAxis' xlink:label='loc_AntidilutiveSecuritiesExcludedFromComputationOfEarningsPerShareByAntidilutiveSecuritiesAxis' xlink:type='locator' />
<link:loc xlink:href='../elts/us-gaap-2009-01-31.xsd#us-gaap_AntidilutiveSecuritiesNameDomain' xlink:label='loc_AntidilutiveSecuritiesNameDomain' xlink:type='locator' />
<link:definitionArc order='1.0' xlink:arcrole='http://xbrl.org/int/dim/arcrole/dimension-domain' xlink:from='loc_AntidilutiveSecuritiesExcludedFromComputationOfEarningsPerShareByAntidilutiveSecuritiesAxis' xlink:to='loc_AntidilutiveSecuritiesNameDomain' xlink:type='arc' />
</link:definitionLink>
<link:definitionLink xlink:role='http://xbrl.us/us-gaap/role/disclosure/EarningsPerShareScheduleOfAntidilutiveSecuritiesExcludedFromComputationOfEarningsPerShareTable' xlink:type='extended'>
<link:loc xlink:href='../elts/us-gaap-2009-01-31.xsd#us-gaap_AntidilutiveSecuritiesExcludedFromComputationOfEarningsPerShareByAntidilutiveSecuritiesAxis' xlink:label='loc_AntidilutiveSecuritiesExcludedFromComputationOfEarningsPerShareByAntidilutiveSecuritiesAxis' xlink:type='locator' />
<link:loc xlink:href='../elts/us-gaap-2009-01-31.xsd#us-gaap_AntidilutiveSecuritiesNameDomain' xlink:label='loc_AntidilutiveSecuritiesNameDomain' xlink:type='locator' />
<link:definitionArc order='1.0' xlink:arcrole='http://xbrl.org/int/dim/arcrole/dimension-default' xlink:from='loc_AntidilutiveSecuritiesExcludedFromComputationOfEarningsPerShareByAntidilutiveSecuritiesAxis' xlink:to='loc_AntidilutiveSecuritiesNameDomain' xlink:type='arc' />
</link:definitionLink>
<link:definitionLink xlink:role='http://xbrl.us/us-gaap/role/disclosure/EarningsPerShareScheduleOfAntidilutiveSecuritiesExcludedFromComputationOfEarningsPerShareTable' xlink:type='extended'>
<link:loc xlink:href='../elts/us-gaap-2009-01-31.xsd#us-gaap_AntidilutiveSecuritiesExcludedFromComputationOfEarningsPerShareLineItems' xlink:label='loc_AntidilutiveSecuritiesExcludedFromComputationOfEarningsPerShareLineItems' xlink:type='locator' />
<link:loc xlink:href='../elts/us-gaap-2009-01-31.xsd#us-gaap_AntidilutiveSecuritiesExcludedFromComputationOfEarningsPerShareAmount' xlink:label='loc_AntidilutiveSecuritiesExcludedFromComputationOfEarningsPerShareAmount' xlink:type='locator' />
<link:definitionArc order='1.0' xlink:arcrole='http://xbrl.org/int/dim/arcrole/domain-member' xlink:from='loc_AntidilutiveSecuritiesExcludedFromComputationOfEarningsPerShareLineItems' xlink:to='loc_AntidilutiveSecuritiesExcludedFromComputationOfEarningsPerShareAmount' xlink:type='arc' />
</link:definitionLink>
<link:definitionLink xlink:role='http://xbrl.us/us-gaap/role/disclosure/EarningsPerShareScheduleOfAntidilutiveSecuritiesExcludedFromComputationOfEarningsPerShareTable' xlink:type='extended'>
<link:loc xlink:href='../elts/us-gaap-2009-01-31.xsd#us-gaap_AntidilutiveSecuritiesNameDomain' xlink:label='loc_AntidilutiveSecuritiesNameDomain' xlink:type='locator' />
<link:loc xlink:href='../elts/us-gaap-2009-01-31.xsd#us-gaap_StockCompensationPlanMember' xlink:label='loc_StockCompensationPlanMember' xlink:type='locator' />
<link:loc xlink:href='../elts/us-gaap-2009-01-31.xsd#us-gaap_ConvertibleDebtSecuritiesMember' xlink:label='loc_ConvertibleDebtSecuritiesMember' xlink:type='locator' />
<link:loc xlink:href='../elts/us-gaap-2009-01-31.xsd#us-gaap_StockOptionsMember' xlink:label='loc_StockOptionsMember' xlink:type='locator' />
<link:loc xlink:href='../elts/us-gaap-2009-01-31.xsd#us-gaap_WarrantsMember' xlink:label='loc_WarrantsMember' xlink:type='locator' />
<link:loc xlink:href='../elts/us-gaap-2009-01-31.xsd#us-gaap_OutstandingStockAwardsMember' xlink:label='loc_OutstandingStockAwardsMember' xlink:type='locator' />
<link:loc xlink:href='../elts/us-gaap-2009-01-31.xsd#us-gaap_RestrictedStockMember' xlink:label='loc_RestrictedStockMember' xlink:type='locator' />
<link:loc xlink:href='../elts/us-gaap-2009-01-31.xsd#us-gaap_ContingentlyIssuableSharesMember' xlink:label='loc_ContingentlyIssuableSharesMember' xlink:type='locator' />
<link:loc xlink:href='../elts/us-gaap-2009-01-31.xsd#us-gaap_EquityUnitPurchaseAgreementsMember' xlink:label='loc_EquityUnitPurchaseAgreementsMember' xlink:type='locator' />
<link:loc xlink:href='../elts/us-gaap-2009-01-31.xsd#us-gaap_EquityForwardAgreementsMember' xlink:label='loc_EquityForwardAgreementsMember' xlink:type='locator' />
<link:definitionArc order='1.0' xlink:arcrole='http://xbrl.org/int/dim/arcrole/domain-member' xlink:from='loc_AntidilutiveSecuritiesNameDomain' xlink:to='loc_StockCompensationPlanMember' xlink:type='arc' />
<link:definitionArc order='2.0' xlink:arcrole='http://xbrl.org/int/dim/arcrole/domain-member' xlink:from='loc_AntidilutiveSecuritiesNameDomain' xlink:to='loc_ConvertibleDebtSecuritiesMember' xlink:type='arc' />
<link:definitionArc order='3.0' xlink:arcrole='http://xbrl.org/int/dim/arcrole/domain-member' xlink:from='loc_AntidilutiveSecuritiesNameDomain' xlink:to='loc_StockOptionsMember' xlink:type='arc' />
<link:definitionArc order='4.0' xlink:arcrole='http://xbrl.org/int/dim/arcrole/domain-member' xlink:from='loc_AntidilutiveSecuritiesNameDomain' xlink:to='loc_WarrantsMember' xlink:type='arc' />
<link:definitionArc order='5.0' xlink:arcrole='http://xbrl.org/int/dim/arcrole/domain-member' xlink:from='loc_AntidilutiveSecuritiesNameDomain' xlink:to='loc_OutstandingStockAwardsMember' xlink:type='arc' />
<link:definitionArc order='6.0' xlink:arcrole='http://xbrl.org/int/dim/arcrole/domain-member' xlink:from='loc_AntidilutiveSecuritiesNameDomain' xlink:to='loc_RestrictedStockMember' xlink:type='arc' />
<link:definitionArc order='7.0' xlink:arcrole='http://xbrl.org/int/dim/arcrole/domain-member' xlink:from='loc_AntidilutiveSecuritiesNameDomain' xlink:to='loc_ContingentlyIssuableSharesMember' xlink:type='arc' />
<link:definitionArc order='8.0' xlink:arcrole='http://xbrl.org/int/dim/arcrole/domain-member' xlink:from='loc_AntidilutiveSecuritiesNameDomain' xlink:to='loc_EquityUnitPurchaseAgreementsMember' xlink:type='arc' />
<link:definitionArc order='9.0' xlink:arcrole='http://xbrl.org/int/dim/arcrole/domain-member' xlink:from='loc_AntidilutiveSecuritiesNameDomain' xlink:to='loc_EquityForwardAgreementsMember' xlink:type='arc' />
</link:definitionLink>
</link:linkbase>
