<?xml version="1.0" encoding="UTF-8" standalone="no"?>

<!--Copyright (C) 2007-2009 XBRL US, Inc. All Rights Reserved.
Notice: Authorized Uses are Set Forth at http://xbrl.us/legal2009
  -->
<link:linkbase xmlns:link='http://www.xbrl.org/2003/linkbase' xmlns:xlink='http://www.w3.org/1999/xlink' xmlns:xsi='http://www.w3.org/2001/XMLSchema-instance' xsi:schemaLocation='http://www.xbrl.org/2003/linkbase http://www.xbrl.org/2003/xbrl-linkbase-2003-12-31.xsd'>
<link:roleRef roleURI='http://xbrl.us/us-gaap/role/disclosure/CompensationRelatedCostsPostemploymentBenefits' xlink:href='../elts/us-roles-2009-01-31.xsd#crcpb' xlink:type='simple' />
<calculationLink xlink:role='http://xbrl.us/us-gaap/role/disclosure/CompensationRelatedCostsPostemploymentBenefits' xlink:type='extended' xmlns='http://www.xbrl.org/2003/linkbase'>
<link:loc xlink:href='../elts/us-gaap-2009-01-31.xsd#us-gaap_SupplementalUnemploymentBenefits' xlink:label='loc_SupplementalUnemploymentBenefits' xlink:type='locator' />
<link:loc xlink:href='../elts/us-gaap-2009-01-31.xsd#us-gaap_SupplementalUnemploymentBenefitsSalaryContinuation' xlink:label='loc_SupplementalUnemploymentBenefitsSalaryContinuation' xlink:type='locator' />
<link:loc xlink:href='../elts/us-gaap-2009-01-31.xsd#us-gaap_SupplementalUnemploymentBenefitsSeveranceBenefits' xlink:label='loc_SupplementalUnemploymentBenefitsSeveranceBenefits' xlink:type='locator' />
<link:loc xlink:href='../elts/us-gaap-2009-01-31.xsd#us-gaap_SupplementalUnemploymentBenefitsDisabilityRelatedBenefits' xlink:label='loc_SupplementalUnemploymentBenefitsDisabilityRelatedBenefits' xlink:type='locator' />
<link:loc xlink:href='../elts/us-gaap-2009-01-31.xsd#us-gaap_SupplementalUnemploymentBenefitsJobTrainingAndCounseling' xlink:label='loc_SupplementalUnemploymentBenefitsJobTrainingAndCounseling' xlink:type='locator' />
<link:loc xlink:href='../elts/us-gaap-2009-01-31.xsd#us-gaap_SupplementalUnemploymentBenefitsContinuationOfHealthCare' xlink:label='loc_SupplementalUnemploymentBenefitsContinuationOfHealthCare' xlink:type='locator' />
<link:loc xlink:href='../elts/us-gaap-2009-01-31.xsd#us-gaap_SupplementalUnemploymentBenefitsContinuationOfLifeInsurance' xlink:label='loc_SupplementalUnemploymentBenefitsContinuationOfLifeInsurance' xlink:type='locator' />
<link:loc xlink:href='../elts/us-gaap-2009-01-31.xsd#us-gaap_SupplementalUnemploymentBenefitsOtherPostemployment' xlink:label='loc_SupplementalUnemploymentBenefitsOtherPostemployment' xlink:type='locator' />
<calculationArc order='10' weight='1.0' xlink:arcrole='http://www.xbrl.org/2003/arcrole/summation-item' xlink:from='loc_SupplementalUnemploymentBenefits' xlink:to='loc_SupplementalUnemploymentBenefitsSalaryContinuation' xlink:type='arc' />
<calculationArc order='20' weight='1.0' xlink:arcrole='http://www.xbrl.org/2003/arcrole/summation-item' xlink:from='loc_SupplementalUnemploymentBenefits' xlink:to='loc_SupplementalUnemploymentBenefitsSeveranceBenefits' xlink:type='arc' />
<calculationArc order='30' weight='1.0' xlink:arcrole='http://www.xbrl.org/2003/arcrole/summation-item' xlink:from='loc_SupplementalUnemploymentBenefits' xlink:to='loc_SupplementalUnemploymentBenefitsDisabilityRelatedBenefits' xlink:type='arc' />
<calculationArc order='40' weight='1.0' xlink:arcrole='http://www.xbrl.org/2003/arcrole/summation-item' xlink:from='loc_SupplementalUnemploymentBenefits' xlink:to='loc_SupplementalUnemploymentBenefitsJobTrainingAndCounseling' xlink:type='arc' />
<calculationArc order='50' weight='1.0' xlink:arcrole='http://www.xbrl.org/2003/arcrole/summation-item' xlink:from='loc_SupplementalUnemploymentBenefits' xlink:to='loc_SupplementalUnemploymentBenefitsContinuationOfHealthCare' xlink:type='arc' />
<calculationArc order='60' weight='1.0' xlink:arcrole='http://www.xbrl.org/2003/arcrole/summation-item' xlink:from='loc_SupplementalUnemploymentBenefits' xlink:to='loc_SupplementalUnemploymentBenefitsContinuationOfLifeInsurance' xlink:type='arc' />
<calculationArc order='70' weight='1.0' xlink:arcrole='http://www.xbrl.org/2003/arcrole/summation-item' xlink:from='loc_SupplementalUnemploymentBenefits' xlink:to='loc_SupplementalUnemploymentBenefitsOtherPostemployment' xlink:type='arc' />
</calculationLink>
</link:linkbase>
