<?xml version="1.0" encoding="UTF-8" standalone="no"?>

<!--Copyright (C) 2007-2009 XBRL US, Inc. All Rights Reserved.
Notice: Authorized Uses are Set Forth at http://xbrl.us/legal2009
  -->
<link:linkbase xmlns:link='http://www.xbrl.org/2003/linkbase' xmlns:xlink='http://www.w3.org/1999/xlink' xmlns:xsi='http://www.w3.org/2001/XMLSchema-instance' xsi:schemaLocation='http://www.xbrl.org/2003/linkbase http://www.xbrl.org/2003/xbrl-linkbase-2003-12-31.xsd'>
<link:roleRef roleURI='http://xbrl.us/us-gaap/role/disclosure/PropertyPlantAndEquipment' xlink:href='../elts/us-roles-2009-01-31.xsd#ppe' xlink:type='simple' />
<presentationLink xlink:role='http://xbrl.us/us-gaap/role/disclosure/PropertyPlantAndEquipment' xlink:type='extended' xmlns='http://www.xbrl.org/2003/linkbase'>
<link:loc xlink:href='../elts/us-gaap-2009-01-31.xsd#us-gaap_PropertyPlantAndEquipmentDisclosureTextBlock' xlink:label='loc_PropertyPlantAndEquipmentDisclosureTextBlock' xlink:type='locator' />
<link:loc xlink:href='../elts/us-gaap-2009-01-31.xsd#us-gaap_PropertyPlantAndEquipmentAbstract' xlink:label='loc_PropertyPlantAndEquipmentAbstract' xlink:type='locator' />
<link:loc xlink:href='../elts/us-gaap-2009-01-31.xsd#us-gaap_PropertyPlantAndEquipmentTextBlock' xlink:label='loc_PropertyPlantAndEquipmentTextBlock' xlink:type='locator' />
<link:loc xlink:href='../elts/us-gaap-2009-01-31.xsd#us-gaap_ScheduleOfPropertyPlantAndEquipmentTable' xlink:label='loc_ScheduleOfPropertyPlantAndEquipmentTable' xlink:type='locator' />
<link:loc xlink:href='../elts/us-gaap-2009-01-31.xsd#us-gaap_PropertyPlantAndEquipmentByTypeAxis' xlink:label='loc_PropertyPlantAndEquipmentByTypeAxis' xlink:type='locator' />
<link:loc xlink:href='../elts/us-gaap-2009-01-31.xsd#us-gaap_PropertyPlantAndEquipmentTypeDomain' xlink:label='loc_PropertyPlantAndEquipmentTypeDomain' xlink:type='locator' />
<link:loc xlink:href='../elts/us-gaap-2009-01-31.xsd#us-gaap_LandAndBuildingMember' xlink:label='loc_LandAndBuildingMember' xlink:type='locator' />
<link:loc xlink:href='../elts/us-gaap-2009-01-31.xsd#us-gaap_LandMember' xlink:label='loc_LandMember' xlink:type='locator' />
<link:loc xlink:href='../elts/us-gaap-2009-01-31.xsd#us-gaap_LandImprovementsMember' xlink:label='loc_LandImprovementsMember' xlink:type='locator' />
<link:loc xlink:href='../elts/us-gaap-2009-01-31.xsd#us-gaap_LeaseholdImprovementsMember' xlink:label='loc_LeaseholdImprovementsMember' xlink:type='locator' />
<link:loc xlink:href='../elts/us-gaap-2009-01-31.xsd#us-gaap_BuildingMember' xlink:label='loc_BuildingMember' xlink:type='locator' />
<link:loc xlink:href='../elts/us-gaap-2009-01-31.xsd#us-gaap_BuildingImprovementsMember' xlink:label='loc_BuildingImprovementsMember' xlink:type='locator' />
<link:loc xlink:href='../elts/us-gaap-2009-01-31.xsd#us-gaap_ManufacturingFacilityMember' xlink:label='loc_ManufacturingFacilityMember' xlink:type='locator' />
<link:loc xlink:href='../elts/us-gaap-2009-01-31.xsd#us-gaap_LandAndLandImprovementsMember' xlink:label='loc_LandAndLandImprovementsMember' xlink:type='locator' />
<link:loc xlink:href='../elts/us-gaap-2009-01-31.xsd#us-gaap_LeaseholdsAndLeaseholdImprovementsMember' xlink:label='loc_LeaseholdsAndLeaseholdImprovementsMember' xlink:type='locator' />
<link:loc xlink:href='../elts/us-gaap-2009-01-31.xsd#us-gaap_BuildingAndBuildingImprovementsMember' xlink:label='loc_BuildingAndBuildingImprovementsMember' xlink:type='locator' />
<link:loc xlink:href='../elts/us-gaap-2009-01-31.xsd#us-gaap_LandBuildingsAndImprovementsMember' xlink:label='loc_LandBuildingsAndImprovementsMember' xlink:type='locator' />
<link:loc xlink:href='../elts/us-gaap-2009-01-31.xsd#us-gaap_MachineryAndEquipmentMember' xlink:label='loc_MachineryAndEquipmentMember' xlink:type='locator' />
<link:loc xlink:href='../elts/us-gaap-2009-01-31.xsd#us-gaap_ToolsDiesAndMoldsMember' xlink:label='loc_ToolsDiesAndMoldsMember' xlink:type='locator' />
<link:loc xlink:href='../elts/us-gaap-2009-01-31.xsd#us-gaap_TechnologyEquipmentMember' xlink:label='loc_TechnologyEquipmentMember' xlink:type='locator' />
<link:loc xlink:href='../elts/us-gaap-2009-01-31.xsd#us-gaap_ComputerEquipmentMember' xlink:label='loc_ComputerEquipmentMember' xlink:type='locator' />
<link:loc xlink:href='../elts/us-gaap-2009-01-31.xsd#us-gaap_OfficeEquipmentMember' xlink:label='loc_OfficeEquipmentMember' xlink:type='locator' />
<link:loc xlink:href='../elts/us-gaap-2009-01-31.xsd#us-gaap_EquipmentMember' xlink:label='loc_EquipmentMember' xlink:type='locator' />
<link:loc xlink:href='../elts/us-gaap-2009-01-31.xsd#us-gaap_OtherMachineryAndEquipmentMember' xlink:label='loc_OtherMachineryAndEquipmentMember' xlink:type='locator' />
<link:loc xlink:href='../elts/us-gaap-2009-01-31.xsd#us-gaap_TransportationEquipmentMember' xlink:label='loc_TransportationEquipmentMember' xlink:type='locator' />
<link:loc xlink:href='../elts/us-gaap-2009-01-31.xsd#us-gaap_AirTransportationEquipmentMember' xlink:label='loc_AirTransportationEquipmentMember' xlink:type='locator' />
<link:loc xlink:href='../elts/us-gaap-2009-01-31.xsd#us-gaap_FlightEquipmentMember' xlink:label='loc_FlightEquipmentMember' xlink:type='locator' />
<link:loc xlink:href='../elts/us-gaap-2009-01-31.xsd#us-gaap_MaritimeEquipmentMember' xlink:label='loc_MaritimeEquipmentMember' xlink:type='locator' />
<link:loc xlink:href='../elts/us-gaap-2009-01-31.xsd#us-gaap_ContainersMember' xlink:label='loc_ContainersMember' xlink:type='locator' />
<link:loc xlink:href='../elts/us-gaap-2009-01-31.xsd#us-gaap_RailroadTransportationEquipmentMember' xlink:label='loc_RailroadTransportationEquipmentMember' xlink:type='locator' />
<link:loc xlink:href='../elts/us-gaap-2009-01-31.xsd#us-gaap_VehiclesMember' xlink:label='loc_VehiclesMember' xlink:type='locator' />
<link:loc xlink:href='../elts/us-gaap-2009-01-31.xsd#us-gaap_TrucksMember' xlink:label='loc_TrucksMember' xlink:type='locator' />
<link:loc xlink:href='../elts/us-gaap-2009-01-31.xsd#us-gaap_AutomobilesMember' xlink:label='loc_AutomobilesMember' xlink:type='locator' />
<link:loc xlink:href='../elts/us-gaap-2009-01-31.xsd#us-gaap_OtherTransportationEquipmentMember' xlink:label='loc_OtherTransportationEquipmentMember' xlink:type='locator' />
<link:loc xlink:href='../elts/us-gaap-2009-01-31.xsd#us-gaap_EnergyEquipmentMember' xlink:label='loc_EnergyEquipmentMember' xlink:type='locator' />
<link:loc xlink:href='../elts/us-gaap-2009-01-31.xsd#us-gaap_PipelinesMember' xlink:label='loc_PipelinesMember' xlink:type='locator' />
<link:loc xlink:href='../elts/us-gaap-2009-01-31.xsd#us-gaap_RefiningEquipmentMember' xlink:label='loc_RefiningEquipmentMember' xlink:type='locator' />
<link:loc xlink:href='../elts/us-gaap-2009-01-31.xsd#us-gaap_UpstreamEquipmentMember' xlink:label='loc_UpstreamEquipmentMember' xlink:type='locator' />
<link:loc xlink:href='../elts/us-gaap-2009-01-31.xsd#us-gaap_DownstreamEquipmentMember' xlink:label='loc_DownstreamEquipmentMember' xlink:type='locator' />
<link:loc xlink:href='../elts/us-gaap-2009-01-31.xsd#us-gaap_GasTransmissionEquipmentMember' xlink:label='loc_GasTransmissionEquipmentMember' xlink:type='locator' />
<link:loc xlink:href='../elts/us-gaap-2009-01-31.xsd#us-gaap_GasDistributionEquipmentMember' xlink:label='loc_GasDistributionEquipmentMember' xlink:type='locator' />
<link:loc xlink:href='../elts/us-gaap-2009-01-31.xsd#us-gaap_ElectricTransmissionAndDistributionMember' xlink:label='loc_ElectricTransmissionAndDistributionMember' xlink:type='locator' />
<link:loc xlink:href='../elts/us-gaap-2009-01-31.xsd#us-gaap_ElectricGenerationEquipmentMember' xlink:label='loc_ElectricGenerationEquipmentMember' xlink:type='locator' />
<link:loc xlink:href='../elts/us-gaap-2009-01-31.xsd#us-gaap_NuclearFuelMember' xlink:label='loc_NuclearFuelMember' xlink:type='locator' />
<link:loc xlink:href='../elts/us-gaap-2009-01-31.xsd#us-gaap_GasGatheringAndProcessingEquipmentMember' xlink:label='loc_GasGatheringAndProcessingEquipmentMember' xlink:type='locator' />
<link:loc xlink:href='../elts/us-gaap-2009-01-31.xsd#us-gaap_MiningPropertiesAndMineralRightsMember' xlink:label='loc_MiningPropertiesAndMineralRightsMember' xlink:type='locator' />
<link:loc xlink:href='../elts/us-gaap-2009-01-31.xsd#us-gaap_MineDevelopmentMember' xlink:label='loc_MineDevelopmentMember' xlink:type='locator' />
<link:loc xlink:href='../elts/us-gaap-2009-01-31.xsd#us-gaap_OilAndGasPropertiesMember' xlink:label='loc_OilAndGasPropertiesMember' xlink:type='locator' />
<link:loc xlink:href='../elts/us-gaap-2009-01-31.xsd#us-gaap_DrillingRightsMember' xlink:label='loc_DrillingRightsMember' xlink:type='locator' />
<link:loc xlink:href='../elts/us-gaap-2009-01-31.xsd#us-gaap_MarineServicesEquipmentMember' xlink:label='loc_MarineServicesEquipmentMember' xlink:type='locator' />
<link:loc xlink:href='../elts/us-gaap-2009-01-31.xsd#us-gaap_ExplorationAndProductionEquipmentMember' xlink:label='loc_ExplorationAndProductionEquipmentMember' xlink:type='locator' />
<link:loc xlink:href='../elts/us-gaap-2009-01-31.xsd#us-gaap_OtherEnergyEquipmentMember' xlink:label='loc_OtherEnergyEquipmentMember' xlink:type='locator' />
<link:loc xlink:href='../elts/us-gaap-2009-01-31.xsd#us-gaap_GasTransmissionAndDistributionEquipmentMember' xlink:label='loc_GasTransmissionAndDistributionEquipmentMember' xlink:type='locator' />
<link:loc xlink:href='../elts/us-gaap-2009-01-31.xsd#us-gaap_ElectricGenerationTransmissionAndDistributionEquipmentMember' xlink:label='loc_ElectricGenerationTransmissionAndDistributionEquipmentMember' xlink:type='locator' />
<link:loc xlink:href='../elts/us-gaap-2009-01-31.xsd#us-gaap_PropertyPlantAndEquipmentOtherTypesMember' xlink:label='loc_PropertyPlantAndEquipmentOtherTypesMember' xlink:type='locator' />
<link:loc xlink:href='../elts/us-gaap-2009-01-31.xsd#us-gaap_EquipmentLeasedToOtherPartyMember' xlink:label='loc_EquipmentLeasedToOtherPartyMember' xlink:type='locator' />
<link:loc xlink:href='../elts/us-gaap-2009-01-31.xsd#us-gaap_ProductiveLandMember' xlink:label='loc_ProductiveLandMember' xlink:type='locator' />
<link:loc xlink:href='../elts/us-gaap-2009-01-31.xsd#us-gaap_FurnitureAndFixturesMember' xlink:label='loc_FurnitureAndFixturesMember' xlink:type='locator' />
<link:loc xlink:href='../elts/us-gaap-2009-01-31.xsd#us-gaap_TimberPropertiesMember' xlink:label='loc_TimberPropertiesMember' xlink:type='locator' />
<link:loc xlink:href='../elts/us-gaap-2009-01-31.xsd#us-gaap_LandfillMember' xlink:label='loc_LandfillMember' xlink:type='locator' />
<link:loc xlink:href='../elts/us-gaap-2009-01-31.xsd#us-gaap_SoftwareMember' xlink:label='loc_SoftwareMember' xlink:type='locator' />
<link:loc xlink:href='../elts/us-gaap-2009-01-31.xsd#us-gaap_SoftwareDevelopmentMember' xlink:label='loc_SoftwareDevelopmentMember' xlink:type='locator' />
<link:loc xlink:href='../elts/us-gaap-2009-01-31.xsd#us-gaap_RetailSiteMember' xlink:label='loc_RetailSiteMember' xlink:type='locator' />
<link:loc xlink:href='../elts/us-gaap-2009-01-31.xsd#us-gaap_AssetsHeldUnderCapitalLeasesMember' xlink:label='loc_AssetsHeldUnderCapitalLeasesMember' xlink:type='locator' />
<link:loc xlink:href='../elts/us-gaap-2009-01-31.xsd#us-gaap_AssetsLeasedToOthersMember' xlink:label='loc_AssetsLeasedToOthersMember' xlink:type='locator' />
<link:loc xlink:href='../elts/us-gaap-2009-01-31.xsd#us-gaap_AssetUnderConstructionMember' xlink:label='loc_AssetUnderConstructionMember' xlink:type='locator' />
<link:loc xlink:href='../elts/us-gaap-2009-01-31.xsd#us-gaap_ConstructionInProgressMember' xlink:label='loc_ConstructionInProgressMember' xlink:type='locator' />
<link:loc xlink:href='../elts/us-gaap-2009-01-31.xsd#us-gaap_CapitalizedInterestCostsMember' xlink:label='loc_CapitalizedInterestCostsMember' xlink:type='locator' />
<link:loc xlink:href='../elts/us-gaap-2009-01-31.xsd#us-gaap_BreedingAndProductionAnimalsMember' xlink:label='loc_BreedingAndProductionAnimalsMember' xlink:type='locator' />
<link:loc xlink:href='../elts/us-gaap-2009-01-31.xsd#us-gaap_RemediationPropertyForSaleAbandonmentOrDisposalMember' xlink:label='loc_RemediationPropertyForSaleAbandonmentOrDisposalMember' xlink:type='locator' />
<link:loc xlink:href='../elts/us-gaap-2009-01-31.xsd#us-gaap_OtherCapitalizedPropertyPlantAndEquipmentMember' xlink:label='loc_OtherCapitalizedPropertyPlantAndEquipmentMember' xlink:type='locator' />
<link:loc xlink:href='../elts/us-gaap-2009-01-31.xsd#us-gaap_SoftwareAndSoftwareDevelopmentCostsMember' xlink:label='loc_SoftwareAndSoftwareDevelopmentCostsMember' xlink:type='locator' />
<link:loc xlink:href='../elts/us-gaap-2009-01-31.xsd#us-gaap_PropertyPlantAndEquipmentLineItems' xlink:label='loc_PropertyPlantAndEquipmentLineItems' xlink:type='locator' />
<link:loc xlink:href='../elts/us-gaap-2009-01-31.xsd#us-gaap_PropertyPlantAndEquipmentUsefulLifeMinimum' xlink:label='loc_PropertyPlantAndEquipmentUsefulLifeMinimum' xlink:type='locator' />
<link:loc xlink:href='../elts/us-gaap-2009-01-31.xsd#us-gaap_PropertyPlantAndEquipmentUsefulLifeAverage' xlink:label='loc_PropertyPlantAndEquipmentUsefulLifeAverage' xlink:type='locator' />
<link:loc xlink:href='../elts/us-gaap-2009-01-31.xsd#us-gaap_PropertyPlantAndEquipmentUsefulLifeMaximum' xlink:label='loc_PropertyPlantAndEquipmentUsefulLifeMaximum' xlink:type='locator' />
<link:loc xlink:href='../elts/us-gaap-2009-01-31.xsd#us-gaap_MovementInPropertyPlantAndEquipmentRollForward' xlink:label='loc_MovementInPropertyPlantAndEquipmentRollForward' xlink:type='locator' />
<link:loc xlink:href='../elts/us-gaap-2009-01-31.xsd#us-gaap_PropertyPlantAndEquipmentGross' xlink:label='loc_PropertyPlantAndEquipmentGross_1' xlink:type='locator' />
<link:loc xlink:href='../elts/us-gaap-2009-01-31.xsd#us-gaap_PropertyPlantAndEquipmentGross' xlink:label='loc_PropertyPlantAndEquipmentGross' xlink:type='locator' />
<link:loc xlink:href='../elts/us-gaap-2009-01-31.xsd#us-gaap_PropertyPlantAndEquipmentAdditions' xlink:label='loc_PropertyPlantAndEquipmentAdditions' xlink:type='locator' />
<link:loc xlink:href='../elts/us-gaap-2009-01-31.xsd#us-gaap_PropertyPlantAndEquipmentDisposals' xlink:label='loc_PropertyPlantAndEquipmentDisposals' xlink:type='locator' />
<link:loc xlink:href='../elts/us-gaap-2009-01-31.xsd#us-gaap_PropertyPlantAndEquipmentTransfersAndChanges' xlink:label='loc_PropertyPlantAndEquipmentTransfersAndChanges' xlink:type='locator' />
<link:loc xlink:href='../elts/us-gaap-2009-01-31.xsd#us-gaap_PropertyPlantAndEquipmentGrossPeriodIncreaseDecrease' xlink:label='loc_PropertyPlantAndEquipmentGrossPeriodIncreaseDecrease' xlink:type='locator' />
<link:loc xlink:href='../elts/us-gaap-2009-01-31.xsd#us-gaap_MovementInAccumulatedDepreciationDepletionAndAmortizationPropertyPlantAndEquipmentRollForward' xlink:label='loc_MovementInAccumulatedDepreciationDepletionAndAmortizationPropertyPlantAndEquipmentRollForward' xlink:type='locator' />
<link:loc xlink:href='../elts/us-gaap-2009-01-31.xsd#us-gaap_AccumulatedDepreciationDepletionAndAmortizationPropertyPlantAndEquipment' xlink:label='loc_AccumulatedDepreciationDepletionAndAmortizationPropertyPlantAndEquipment_1' xlink:type='locator' />
<link:loc xlink:href='../elts/us-gaap-2009-01-31.xsd#us-gaap_AccumulatedDepreciationDepletionAndAmortizationPropertyPlantAndEquipment' xlink:label='loc_AccumulatedDepreciationDepletionAndAmortizationPropertyPlantAndEquipment' xlink:type='locator' />
<link:loc xlink:href='../elts/us-gaap-2009-01-31.xsd#us-gaap_AccumulatedDepreciationDepletionAndAmortizationExpensePropertyPlantAndEquipmentCurrentCharge' xlink:label='loc_AccumulatedDepreciationDepletionAndAmortizationExpensePropertyPlantAndEquipmentCurrentCharge' xlink:type='locator' />
<link:loc xlink:href='../elts/us-gaap-2009-01-31.xsd#us-gaap_AccumulatedDepreciationDepletionAndAmortizationPropertyPlantAndEquipmentPeriodIncreaseDecrease' xlink:label='loc_AccumulatedDepreciationDepletionAndAmortizationPropertyPlantAndEquipmentPeriodIncreaseDecrease' xlink:type='locator' />
<link:loc xlink:href='../elts/us-gaap-2009-01-31.xsd#us-gaap_PropertyPlantAndEquipmentNetByTypeAbstract' xlink:label='loc_PropertyPlantAndEquipmentNetByTypeAbstract' xlink:type='locator' />
<link:loc xlink:href='../elts/us-gaap-2009-01-31.xsd#us-gaap_PropertyPlantAndEquipmentNet' xlink:label='loc_PropertyPlantAndEquipmentNet' xlink:type='locator' />
<link:loc xlink:href='../elts/us-gaap-2009-01-31.xsd#us-gaap_PropertyPlantAndEquipmentScheduleOfSignificantAcquisitionsAndDisposalsAbstract' xlink:label='loc_PropertyPlantAndEquipmentScheduleOfSignificantAcquisitionsAndDisposalsAbstract' xlink:type='locator' />
<link:loc xlink:href='../elts/us-gaap-2009-01-31.xsd#us-gaap_PropertyPlantAndEquipmentScheduleOfSignificantAcquisitionsAndDisposalsTextBlock' xlink:label='loc_PropertyPlantAndEquipmentScheduleOfSignificantAcquisitionsAndDisposalsTextBlock' xlink:type='locator' />
<link:loc xlink:href='../elts/us-gaap-2009-01-31.xsd#us-gaap_ScheduleOfSignificantAcquisitionsAndDisposalsTable' xlink:label='loc_ScheduleOfSignificantAcquisitionsAndDisposalsTable' xlink:type='locator' />
<link:loc xlink:href='../elts/us-gaap-2009-01-31.xsd#us-gaap_SignificantAcquisitionsAndDisposalsByTransactionAxis' xlink:label='loc_SignificantAcquisitionsAndDisposalsByTransactionAxis' xlink:type='locator' />
<link:loc xlink:href='../elts/us-gaap-2009-01-31.xsd#us-gaap_SignificantAcquisitionsAndDisposalsTransactionDomain' xlink:label='loc_SignificantAcquisitionsAndDisposalsTransactionDomain' xlink:type='locator' />
<link:loc xlink:href='../elts/us-gaap-2009-01-31.xsd#us-gaap_SignificantAcquisitionsAndDisposalsLineItems' xlink:label='loc_SignificantAcquisitionsAndDisposalsLineItems' xlink:type='locator' />
<link:loc xlink:href='../elts/us-gaap-2009-01-31.xsd#us-gaap_SignificantAcquisitionsAndDisposalsType' xlink:label='loc_SignificantAcquisitionsAndDisposalsType' xlink:type='locator' />
<link:loc xlink:href='../elts/us-gaap-2009-01-31.xsd#us-gaap_SignificantAcquisitionsAndDisposalsDescription' xlink:label='loc_SignificantAcquisitionsAndDisposalsDescription' xlink:type='locator' />
<link:loc xlink:href='../elts/us-gaap-2009-01-31.xsd#us-gaap_SignificantAcquisitionsAndDisposalsTerms' xlink:label='loc_SignificantAcquisitionsAndDisposalsTerms' xlink:type='locator' />
<link:loc xlink:href='../elts/us-gaap-2009-01-31.xsd#us-gaap_SignificantAcquisitionsAndDisposalsAcquisitionCostsOrSaleProceeds' xlink:label='loc_SignificantAcquisitionsAndDisposalsAcquisitionCostsOrSaleProceeds' xlink:type='locator' />
<link:loc xlink:href='../elts/us-gaap-2009-01-31.xsd#us-gaap_SignificantAcquisitionsAndDisposalsGainLossOnSaleOrDisposalPretax' xlink:label='loc_SignificantAcquisitionsAndDisposalsGainLossOnSaleOrDisposalPretax' xlink:type='locator' />
<link:loc xlink:href='../elts/us-gaap-2009-01-31.xsd#us-gaap_SignificantAcquisitionsAndDisposalsGainLossOnSaleOrDisposalNetOfTax' xlink:label='loc_SignificantAcquisitionsAndDisposalsGainLossOnSaleOrDisposalNetOfTax' xlink:type='locator' />
<link:loc xlink:href='../elts/us-gaap-2009-01-31.xsd#us-gaap_SignificantAcquisitionsAndDisposalsDateOfTransactionForAcquisitionOrDisposal' xlink:label='loc_SignificantAcquisitionsAndDisposalsDateOfTransactionForAcquisitionOrDisposal' xlink:type='locator' />
<link:loc xlink:href='../elts/us-gaap-2009-01-31.xsd#us-gaap_SignificantAcquisitionsAndDisposalsRestrictionOnAmountOfProceedsFromDonatedPropertyPlantAndEquipment' xlink:label='loc_SignificantAcquisitionsAndDisposalsRestrictionOnAmountOfProceedsFromDonatedPropertyPlantAndEquipment' xlink:type='locator' />
<link:loc xlink:href='../elts/us-gaap-2009-01-31.xsd#us-gaap_PropertyPlantAndEquipmentIncomeStatementDisclosuresAbstract' xlink:label='loc_PropertyPlantAndEquipmentIncomeStatementDisclosuresAbstract' xlink:type='locator' />
<link:loc xlink:href='../elts/us-gaap-2009-01-31.xsd#us-gaap_PropertyPlantAndEquipmentIncomeStatementDisclosures' xlink:label='loc_PropertyPlantAndEquipmentIncomeStatementDisclosures' xlink:type='locator' />
<link:loc xlink:href='../elts/us-gaap-2009-01-31.xsd#us-gaap_CostOfGoodsAndServicesSoldDepreciationAndAmortizationAbstract' xlink:label='loc_CostOfGoodsAndServicesSoldDepreciationAndAmortizationAbstract' xlink:type='locator' />
<link:loc xlink:href='../elts/us-gaap-2009-01-31.xsd#us-gaap_CostOfGoodsAndServicesSoldDepreciation' xlink:label='loc_CostOfGoodsAndServicesSoldDepreciation' xlink:type='locator' />
<link:loc xlink:href='../elts/us-gaap-2009-01-31.xsd#us-gaap_CostOfGoodsAndServicesSoldAmortization' xlink:label='loc_CostOfGoodsAndServicesSoldAmortization' xlink:type='locator' />
<link:loc xlink:href='../elts/us-gaap-2009-01-31.xsd#us-gaap_CostOfGoodsAndServicesSoldDepreciationAndAmortization' xlink:label='loc_CostOfGoodsAndServicesSoldDepreciationAndAmortization' xlink:type='locator' />
<link:loc xlink:href='../elts/us-gaap-2009-01-31.xsd#us-gaap_GainLossOnDispositionOfAssetsAbstract' xlink:label='loc_GainLossOnDispositionOfAssetsAbstract' xlink:type='locator' />
<link:loc xlink:href='../elts/us-gaap-2009-01-31.xsd#us-gaap_GainLossOnSaleOfOilAndGasProperty' xlink:label='loc_GainLossOnSaleOfOilAndGasProperty' xlink:type='locator' />
<link:loc xlink:href='../elts/us-gaap-2009-01-31.xsd#us-gaap_GainLossOnDispositionOfProperty' xlink:label='loc_GainLossOnDispositionOfProperty' xlink:type='locator' />
<link:loc xlink:href='../elts/us-gaap-2009-01-31.xsd#us-gaap_GainLossOnSaleOfTimberProperty' xlink:label='loc_GainLossOnSaleOfTimberProperty' xlink:type='locator' />
<link:loc xlink:href='../elts/us-gaap-2009-01-31.xsd#us-gaap_GainLossOnDispositionOfOtherAssets' xlink:label='loc_GainLossOnDispositionOfOtherAssets' xlink:type='locator' />
<link:loc xlink:href='../elts/us-gaap-2009-01-31.xsd#us-gaap_GainLossOnDispositionOfAssets' xlink:label='loc_GainLossOnDispositionOfAssets' xlink:type='locator' />
<link:loc xlink:href='../elts/us-gaap-2009-01-31.xsd#us-gaap_GainLossOnSaleOfInterestInProjects' xlink:label='loc_GainLossOnSaleOfInterestInProjects' xlink:type='locator' />
<link:loc xlink:href='../elts/us-gaap-2009-01-31.xsd#us-gaap_GainLossOnCondemnation' xlink:label='loc_GainLossOnCondemnation' xlink:type='locator' />
<link:loc xlink:href='../elts/us-gaap-2009-01-31.xsd#us-gaap_PublicUtilitiesAllowanceForFundsUsedDuringConstructionAdditions' xlink:label='loc_PublicUtilitiesAllowanceForFundsUsedDuringConstructionAdditions' xlink:type='locator' />
<link:loc xlink:href='../elts/us-gaap-2009-01-31.xsd#us-gaap_PropertyPlantAndEquipmentPlannedMajorMaintenanceAbstract' xlink:label='loc_PropertyPlantAndEquipmentPlannedMajorMaintenanceAbstract' xlink:type='locator' />
<link:loc xlink:href='../elts/us-gaap-2009-01-31.xsd#us-gaap_PropertyPlantAndEquipmentPlannedMajorMaintenancePolicy' xlink:label='loc_PropertyPlantAndEquipmentPlannedMajorMaintenancePolicy' xlink:type='locator' />
<link:loc xlink:href='../elts/us-gaap-2009-01-31.xsd#us-gaap_PlannedMajorMaintenanceActivitiesDescriptionOfRetrospectiveApplicationOfFSPAUGAIR1' xlink:label='loc_PlannedMajorMaintenanceActivitiesDescriptionOfRetrospectiveApplicationOfFSPAUGAIR1' xlink:type='locator' />
<link:loc xlink:href='../elts/us-gaap-2009-01-31.xsd#us-gaap_PlannedMajorMaintenanceActivitiesEffectOfChangeOnIncomeFromContinuingOperations' xlink:label='loc_PlannedMajorMaintenanceActivitiesEffectOfChangeOnIncomeFromContinuingOperations' xlink:type='locator' />
<link:loc xlink:href='../elts/us-gaap-2009-01-31.xsd#us-gaap_PlannedMajorMaintenanceActivitiesEffectOfChangeOnNetIncome' xlink:label='loc_PlannedMajorMaintenanceActivitiesEffectOfChangeOnNetIncome' xlink:type='locator' />
<link:loc xlink:href='../elts/us-gaap-2009-01-31.xsd#us-gaap_PlannedMajorMaintenanceActivitiesEffectOfChangeOnOtherFinancialStatementLineItem' xlink:label='loc_PlannedMajorMaintenanceActivitiesEffectOfChangeOnOtherFinancialStatementLineItem' xlink:type='locator' />
<link:loc xlink:href='../elts/us-gaap-2009-01-31.xsd#us-gaap_PlannedMajorMaintenanceActivitiesEffectOfChangeOnPriorPeriodPerShareAmountsBasicEarningsPerShare' xlink:label='loc_PlannedMajorMaintenanceActivitiesEffectOfChangeOnPriorPeriodPerShareAmountsBasicEarningsPerShare' xlink:type='locator' />
<link:loc xlink:href='../elts/us-gaap-2009-01-31.xsd#us-gaap_PlannedMajorMaintenanceActivitiesEffectOfChangeOnPriorPeriodPerShareAmountsDilutedEarningsPerShare' xlink:label='loc_PlannedMajorMaintenanceActivitiesEffectOfChangeOnPriorPeriodPerShareAmountsDilutedEarningsPerShare' xlink:type='locator' />
<link:loc xlink:href='../elts/us-gaap-2009-01-31.xsd#us-gaap_PlannedMajorMaintenanceActivitiesCumulativeEffectOfChangeOnRetainedEarningsOrOtherComponentOfEquity' xlink:label='loc_PlannedMajorMaintenanceActivitiesCumulativeEffectOfChangeOnRetainedEarningsOrOtherComponentOfEquity' xlink:type='locator' />
<link:loc xlink:href='../elts/us-gaap-2009-01-31.xsd#us-gaap_PlannedMajorMaintenanceActivitiesCumulativeEffectOfChangeOnNetAssetsInStatementOfFinancialPosition' xlink:label='loc_PlannedMajorMaintenanceActivitiesCumulativeEffectOfChangeOnNetAssetsInStatementOfFinancialPosition' xlink:type='locator' />
<link:loc xlink:href='../elts/us-gaap-2009-01-31.xsd#us-gaap_PropertyPlantAndEquipmentImpairmentOrDisposalAbstract' xlink:label='loc_PropertyPlantAndEquipmentImpairmentOrDisposalAbstract' xlink:type='locator' />
<link:loc xlink:href='../elts/us-gaap-2009-01-31.xsd#us-gaap_PropertyPlantAndEquipmentImpairmentOrDisposalDisclosure' xlink:label='loc_PropertyPlantAndEquipmentImpairmentOrDisposalDisclosure' xlink:type='locator' />
<link:loc xlink:href='../elts/us-gaap-2009-01-31.xsd#us-gaap_ImpairmentOrDisposalOfTangibleAssetsDisclosureAbstract' xlink:label='loc_ImpairmentOrDisposalOfTangibleAssetsDisclosureAbstract' xlink:type='locator' />
<link:loc xlink:href='../elts/us-gaap-2009-01-31.xsd#us-gaap_ImpairmentOfLongLivedAssetsHeldAndUsedAbstract' xlink:label='loc_ImpairmentOfLongLivedAssetsHeldAndUsedAbstract' xlink:type='locator' />
<link:loc xlink:href='../elts/us-gaap-2009-01-31.xsd#us-gaap_DetailsOfImpairmentOfLongLivedAssetsHeldAndUsedByAssetTextBlock' xlink:label='loc_DetailsOfImpairmentOfLongLivedAssetsHeldAndUsedByAssetTextBlock' xlink:type='locator' />
<link:loc xlink:href='../elts/us-gaap-2009-01-31.xsd#us-gaap_ScheduleOfImpairedLongLivedAssetsHeldAndUsedTable' xlink:label='loc_ScheduleOfImpairedLongLivedAssetsHeldAndUsedTable' xlink:type='locator' />
<link:loc xlink:href='../elts/us-gaap-2009-01-31.xsd#us-gaap_ImpairedLongLivedAssetsHeldAndUsedByTypeAxis' xlink:label='loc_ImpairedLongLivedAssetsHeldAndUsedByTypeAxis' xlink:type='locator' />
<link:loc xlink:href='../elts/us-gaap-2009-01-31.xsd#us-gaap_ImpairedLongLivedAssetsHeldAndUsedAssetNameDomain' xlink:label='loc_ImpairedLongLivedAssetsHeldAndUsedAssetNameDomain' xlink:type='locator' />
<link:loc xlink:href='../elts/us-gaap-2009-01-31.xsd#us-gaap_ImpairedLongLivedAssetsHeldAndUsedLineItems' xlink:label='loc_ImpairedLongLivedAssetsHeldAndUsedLineItems' xlink:type='locator' />
<link:loc xlink:href='../elts/us-gaap-2009-01-31.xsd#us-gaap_ImpairedLongLivedAssetsHeldAndUsedAssetDescription' xlink:label='loc_ImpairedLongLivedAssetsHeldAndUsedAssetDescription' xlink:type='locator' />
<link:loc xlink:href='../elts/us-gaap-2009-01-31.xsd#us-gaap_ImpairedLongLivedAssetsHeldAndUsedFactsAndCircumstancesLeadingToImpairment' xlink:label='loc_ImpairedLongLivedAssetsHeldAndUsedFactsAndCircumstancesLeadingToImpairment' xlink:type='locator' />
<link:loc xlink:href='../elts/us-gaap-2009-01-31.xsd#us-gaap_ImpairmentOfLongLivedAssetsHeldForUse' xlink:label='loc_ImpairmentOfLongLivedAssetsHeldForUse' xlink:type='locator' />
<link:loc xlink:href='../elts/us-gaap-2009-01-31.xsd#us-gaap_ImpairedLongLivedAssetsHeldAndUsedIncomeStatementClassification' xlink:label='loc_ImpairedLongLivedAssetsHeldAndUsedIncomeStatementClassification' xlink:type='locator' />
<link:loc xlink:href='../elts/us-gaap-2009-01-31.xsd#us-gaap_ImpairedLongLivedAssetsHeldAndUsedMethodForDeterminingFairValue' xlink:label='loc_ImpairedLongLivedAssetsHeldAndUsedMethodForDeterminingFairValue' xlink:type='locator' />
<link:loc xlink:href='../elts/us-gaap-2009-01-31.xsd#us-gaap_ImpairedLongLivedAssetsHeldAndUsedSegmentClassification' xlink:label='loc_ImpairedLongLivedAssetsHeldAndUsedSegmentClassification' xlink:type='locator' />
<link:loc xlink:href='../elts/us-gaap-2009-01-31.xsd#us-gaap_ImpairedAssetsToBeDisposedOfByMethodOtherThanSaleAbstract' xlink:label='loc_ImpairedAssetsToBeDisposedOfByMethodOtherThanSaleAbstract' xlink:type='locator' />
<link:loc xlink:href='../elts/us-gaap-2009-01-31.xsd#us-gaap_ImpairedAssetsToBeDisposedOfByMethodOtherThanSaleTextBlock' xlink:label='loc_ImpairedAssetsToBeDisposedOfByMethodOtherThanSaleTextBlock' xlink:type='locator' />
<link:loc xlink:href='../elts/us-gaap-2009-01-31.xsd#us-gaap_ImpairedAssetsToBeDisposedOfByMethodOtherThanSaleTable' xlink:label='loc_ImpairedAssetsToBeDisposedOfByMethodOtherThanSaleTable' xlink:type='locator' />
<link:loc xlink:href='../elts/us-gaap-2009-01-31.xsd#us-gaap_ImpairedAssetsToBeDisposedOfByMethodOtherThanSaleByTypeAxis' xlink:label='loc_ImpairedAssetsToBeDisposedOfByMethodOtherThanSaleByTypeAxis' xlink:type='locator' />
<link:loc xlink:href='../elts/us-gaap-2009-01-31.xsd#us-gaap_ImpairedAssetsToBeDisposedOfByMethodOtherThanSaleAssetNameDomain' xlink:label='loc_ImpairedAssetsToBeDisposedOfByMethodOtherThanSaleAssetNameDomain' xlink:type='locator' />
<link:loc xlink:href='../elts/us-gaap-2009-01-31.xsd#us-gaap_ImpairedAssetsToBeDisposedOfByMethodOtherThanSaleLineItems' xlink:label='loc_ImpairedAssetsToBeDisposedOfByMethodOtherThanSaleLineItems' xlink:type='locator' />
<link:loc xlink:href='../elts/us-gaap-2009-01-31.xsd#us-gaap_ImpairedAssetsToBeDisposedOfByMethodOtherThanSaleCarryingValueOfAsset' xlink:label='loc_ImpairedAssetsToBeDisposedOfByMethodOtherThanSaleCarryingValueOfAsset' xlink:type='locator' />
<link:loc xlink:href='../elts/us-gaap-2009-01-31.xsd#us-gaap_ImpairedAssetsToBeDisposedOfByMethodOtherThanSaleFactsAndCircumstancesLeadingToImpairment' xlink:label='loc_ImpairedAssetsToBeDisposedOfByMethodOtherThanSaleFactsAndCircumstancesLeadingToImpairment' xlink:type='locator' />
<link:loc xlink:href='../elts/us-gaap-2009-01-31.xsd#us-gaap_ImpairedAssetsToBeDisposedOfByMethodOtherThanSaleAmountOfImpairmentLoss' xlink:label='loc_ImpairedAssetsToBeDisposedOfByMethodOtherThanSaleAmountOfImpairmentLoss' xlink:type='locator' />
<link:loc xlink:href='../elts/us-gaap-2009-01-31.xsd#us-gaap_ImpairedAssetsToBeDisposedOfByMethodOtherThanSaleIncomeStatementClassification' xlink:label='loc_ImpairedAssetsToBeDisposedOfByMethodOtherThanSaleIncomeStatementClassification' xlink:type='locator' />
<link:loc xlink:href='../elts/us-gaap-2009-01-31.xsd#us-gaap_ImpairedAssetsToBeDisposedOfByMethodOtherThanSaleMethodForDeterminingFairValue' xlink:label='loc_ImpairedAssetsToBeDisposedOfByMethodOtherThanSaleMethodForDeterminingFairValue' xlink:type='locator' />
<link:loc xlink:href='../elts/us-gaap-2009-01-31.xsd#us-gaap_ImpairedAssetsToBeDisposedOfByMethodOtherThanSaleSegmentClassification' xlink:label='loc_ImpairedAssetsToBeDisposedOfByMethodOtherThanSaleSegmentClassification' xlink:type='locator' />
<link:loc xlink:href='../elts/us-gaap-2009-01-31.xsd#us-gaap_LongLivedAssetsToBeAbandonedAbstract' xlink:label='loc_LongLivedAssetsToBeAbandonedAbstract' xlink:type='locator' />
<link:loc xlink:href='../elts/us-gaap-2009-01-31.xsd#us-gaap_DetailsOfLongLivedAssetsToBeAbandonedByAssetTextBlock' xlink:label='loc_DetailsOfLongLivedAssetsToBeAbandonedByAssetTextBlock' xlink:type='locator' />
<link:loc xlink:href='../elts/us-gaap-2009-01-31.xsd#us-gaap_ScheduleOfLongLivedAssetsToBeAbandonedTable' xlink:label='loc_ScheduleOfLongLivedAssetsToBeAbandonedTable' xlink:type='locator' />
<link:loc xlink:href='../elts/us-gaap-2009-01-31.xsd#us-gaap_LongLivedAssetsToBeAbandonedByAssetAxis' xlink:label='loc_LongLivedAssetsToBeAbandonedByAssetAxis' xlink:type='locator' />
<link:loc xlink:href='../elts/us-gaap-2009-01-31.xsd#us-gaap_LongLivedAssetsToBeAbandonedAssetNameDomain' xlink:label='loc_LongLivedAssetsToBeAbandonedAssetNameDomain' xlink:type='locator' />
<link:loc xlink:href='../elts/us-gaap-2009-01-31.xsd#us-gaap_LongLivedAssetsToBeAbandonedLineItems' xlink:label='loc_LongLivedAssetsToBeAbandonedLineItems' xlink:type='locator' />
<link:loc xlink:href='../elts/us-gaap-2009-01-31.xsd#us-gaap_LongLivedAssetsToBeAbandonedCircumstancesLeadingToPlannedAbandonment' xlink:label='loc_LongLivedAssetsToBeAbandonedCircumstancesLeadingToPlannedAbandonment' xlink:type='locator' />
<link:loc xlink:href='../elts/us-gaap-2009-01-31.xsd#us-gaap_LongLivedAssetsToBeAbandonedCarryingValueOfAsset' xlink:label='loc_LongLivedAssetsToBeAbandonedCarryingValueOfAsset' xlink:type='locator' />
<link:loc xlink:href='../elts/us-gaap-2009-01-31.xsd#us-gaap_LongLivedAssetsToBeAbandonedTimingOfExpectedDisposition' xlink:label='loc_LongLivedAssetsToBeAbandonedTimingOfExpectedDisposition' xlink:type='locator' />
<link:loc xlink:href='../elts/us-gaap-2009-01-31.xsd#us-gaap_AssetsDisposedOfByMethodOtherThanSaleInPeriodOfDispositionAbstract' xlink:label='loc_AssetsDisposedOfByMethodOtherThanSaleInPeriodOfDispositionAbstract' xlink:type='locator' />
<link:loc xlink:href='../elts/us-gaap-2009-01-31.xsd#us-gaap_AssetsDisposedOfByMethodOtherThanSaleInPeriodOfDispositionTextBlock' xlink:label='loc_AssetsDisposedOfByMethodOtherThanSaleInPeriodOfDispositionTextBlock' xlink:type='locator' />
<link:loc xlink:href='../elts/us-gaap-2009-01-31.xsd#us-gaap_ScheduleOfAssetsDisposedOfByMethodOtherThanSaleInPeriodOfDispositionTable' xlink:label='loc_ScheduleOfAssetsDisposedOfByMethodOtherThanSaleInPeriodOfDispositionTable' xlink:type='locator' />
<link:loc xlink:href='../elts/us-gaap-2009-01-31.xsd#us-gaap_AssetsDisposedOfByMethodOtherThanSaleInPeriodOfDispositionByAssetAxis' xlink:label='loc_AssetsDisposedOfByMethodOtherThanSaleInPeriodOfDispositionByAssetAxis' xlink:type='locator' />
<link:loc xlink:href='../elts/us-gaap-2009-01-31.xsd#us-gaap_AssetsDisposedOfByMethodOtherThanSaleInPeriodOfDispositionAssetNameDomain' xlink:label='loc_AssetsDisposedOfByMethodOtherThanSaleInPeriodOfDispositionAssetNameDomain' xlink:type='locator' />
<link:loc xlink:href='../elts/us-gaap-2009-01-31.xsd#us-gaap_AssetsDisposedOfByMethodOtherThanSaleInPeriodOfDispositionLineItems' xlink:label='loc_AssetsDisposedOfByMethodOtherThanSaleInPeriodOfDispositionLineItems' xlink:type='locator' />
<link:loc xlink:href='../elts/us-gaap-2009-01-31.xsd#us-gaap_AssetsDisposedOfByMethodOtherThanSaleInPeriodOfDispositionGainLossOnDisposition' xlink:label='loc_AssetsDisposedOfByMethodOtherThanSaleInPeriodOfDispositionGainLossOnDisposition' xlink:type='locator' />
<link:loc xlink:href='../elts/us-gaap-2009-01-31.xsd#us-gaap_AssetsDisposedOfByMethodOtherThanSaleInPeriodOfDispositionIncomeStatementClassificationOfGainLossOnDisposal' xlink:label='loc_AssetsDisposedOfByMethodOtherThanSaleInPeriodOfDispositionIncomeStatementClassificationOfGainLossOnDisposal' xlink:type='locator' />
<link:loc xlink:href='../elts/us-gaap-2009-01-31.xsd#us-gaap_AssetsDisposedOfByMethodOtherThanSaleInPeriodOfDispositionMethodOfDisposal' xlink:label='loc_AssetsDisposedOfByMethodOtherThanSaleInPeriodOfDispositionMethodOfDisposal' xlink:type='locator' />
<link:loc xlink:href='../elts/us-gaap-2009-01-31.xsd#us-gaap_AssetsDisposedOfByMethodOtherThanSaleInPeriodOfDispositionSegmentClassification' xlink:label='loc_AssetsDisposedOfByMethodOtherThanSaleInPeriodOfDispositionSegmentClassification' xlink:type='locator' />
<link:loc xlink:href='../elts/us-gaap-2009-01-31.xsd#us-gaap_ImpairmentOfTangibleAssetsOtherDescriptors' xlink:label='loc_ImpairmentOfTangibleAssetsOtherDescriptors' xlink:type='locator' />
<link:loc xlink:href='../elts/us-gaap-2009-01-31.xsd#us-gaap_RetirementOfTangibleAssetsOtherDescriptors' xlink:label='loc_RetirementOfTangibleAssetsOtherDescriptors' xlink:type='locator' />
<link:loc xlink:href='../elts/us-gaap-2009-01-31.xsd#us-gaap_TangibleAssetImpairmentChargesAbstract' xlink:label='loc_TangibleAssetImpairmentChargesAbstract' xlink:type='locator' />
<link:loc xlink:href='../elts/us-gaap-2009-01-31.xsd#us-gaap_ImpairmentOfLongLivedAssetsToBeDisposedOf' xlink:label='loc_ImpairmentOfLongLivedAssetsToBeDisposedOf' xlink:type='locator' />
<link:loc xlink:href='../elts/us-gaap-2009-01-31.xsd#us-gaap_ImpairmentOfRealEstate' xlink:label='loc_ImpairmentOfRealEstate' xlink:type='locator' />
<link:loc xlink:href='../elts/us-gaap-2009-01-31.xsd#us-gaap_ExplorationAbandonmentAndImpairmentExpense' xlink:label='loc_ExplorationAbandonmentAndImpairmentExpense' xlink:type='locator' />
<link:loc xlink:href='../elts/us-gaap-2009-01-31.xsd#us-gaap_ImpairmentOfOilAndGasProperties' xlink:label='loc_ImpairmentOfOilAndGasProperties' xlink:type='locator' />
<link:loc xlink:href='../elts/us-gaap-2009-01-31.xsd#us-gaap_ImpairmentLossesRelatedToRealEstatePartnerships' xlink:label='loc_ImpairmentLossesRelatedToRealEstatePartnerships' xlink:type='locator' />
<link:loc xlink:href='../elts/us-gaap-2009-01-31.xsd#us-gaap_DisposalGroupNotDiscontinuedOperationLossGainOnWriteDown' xlink:label='loc_DisposalGroupNotDiscontinuedOperationLossGainOnWriteDown' xlink:type='locator' />
<link:loc xlink:href='../elts/us-gaap-2009-01-31.xsd#us-gaap_OtherAssetImpairmentCharges' xlink:label='loc_OtherAssetImpairmentCharges' xlink:type='locator' />
<link:loc xlink:href='../elts/us-gaap-2009-01-31.xsd#us-gaap_TangibleAssetImpairmentCharges' xlink:label='loc_TangibleAssetImpairmentCharges' xlink:type='locator' />
<link:loc xlink:href='../elts/us-gaap-2009-01-31.xsd#us-gaap_PropertyPlantAndEquipmentAssetsHeldForSaleDisclosureAbstract' xlink:label='loc_PropertyPlantAndEquipmentAssetsHeldForSaleDisclosureAbstract' xlink:type='locator' />
<link:loc xlink:href='../elts/us-gaap-2009-01-31.xsd#us-gaap_DisclosureOfLongLivedAssetsHeldForSaleTextBlock' xlink:label='loc_DisclosureOfLongLivedAssetsHeldForSaleTextBlock' xlink:type='locator' />
<link:loc xlink:href='../elts/us-gaap-2009-01-31.xsd#us-gaap_ScheduleOfLongLivedAssetsHeldForSaleTable' xlink:label='loc_ScheduleOfLongLivedAssetsHeldForSaleTable' xlink:type='locator' />
<link:loc xlink:href='../elts/us-gaap-2009-01-31.xsd#us-gaap_LongLivedAssetsHeldForSaleByAssetTypeAxis' xlink:label='loc_LongLivedAssetsHeldForSaleByAssetTypeAxis' xlink:type='locator' />
<link:loc xlink:href='../elts/us-gaap-2009-01-31.xsd#us-gaap_LongLivedAssetsHeldForSaleNameDomain' xlink:label='loc_LongLivedAssetsHeldForSaleNameDomain' xlink:type='locator' />
<link:loc xlink:href='../elts/us-gaap-2009-01-31.xsd#us-gaap_LongLivedAssetsHeldForSaleLineItems' xlink:label='loc_LongLivedAssetsHeldForSaleLineItems' xlink:type='locator' />
<link:loc xlink:href='../elts/us-gaap-2009-01-31.xsd#us-gaap_LongLivedAssetsHeldForSaleDescription' xlink:label='loc_LongLivedAssetsHeldForSaleDescription' xlink:type='locator' />
<link:loc xlink:href='../elts/us-gaap-2009-01-31.xsd#us-gaap_AssetsHeldForSaleLongLived' xlink:label='loc_AssetsHeldForSaleLongLived' xlink:type='locator' />
<link:loc xlink:href='../elts/us-gaap-2009-01-31.xsd#us-gaap_LongLivedAssetsHeldForSaleImpairmentCharge' xlink:label='loc_LongLivedAssetsHeldForSaleImpairmentCharge' xlink:type='locator' />
<link:loc xlink:href='../elts/us-gaap-2009-01-31.xsd#us-gaap_LongLivedAssetsHeldForSaleProceedsFromSale' xlink:label='loc_LongLivedAssetsHeldForSaleProceedsFromSale' xlink:type='locator' />
<link:loc xlink:href='../elts/us-gaap-2009-01-31.xsd#us-gaap_LongLivedAssetsHeldForSaleGainLossOnSale' xlink:label='loc_LongLivedAssetsHeldForSaleGainLossOnSale' xlink:type='locator' />
<link:loc xlink:href='../elts/us-gaap-2009-01-31.xsd#us-gaap_ReasonForChangingPlanToSellAssetsHeldForSaleAbstract' xlink:label='loc_ReasonForChangingPlanToSellAssetsHeldForSaleAbstract' xlink:type='locator' />
<link:loc xlink:href='../elts/us-gaap-2009-01-31.xsd#us-gaap_ReasonForChangingPlanToSellAssetsHeldForSale' xlink:label='loc_ReasonForChangingPlanToSellAssetsHeldForSale' xlink:type='locator' />
<link:loc xlink:href='../elts/us-gaap-2009-01-31.xsd#us-gaap_DepreciationExpenseOnReclassifiedAssets' xlink:label='loc_DepreciationExpenseOnReclassifiedAssets' xlink:type='locator' />
<link:loc xlink:href='../elts/us-gaap-2009-01-31.xsd#us-gaap_ImpairmentChargeOnReclassifiedAssets' xlink:label='loc_ImpairmentChargeOnReclassifiedAssets' xlink:type='locator' />
<link:loc xlink:href='../elts/us-gaap-2009-01-31.xsd#us-gaap_PropertyPlantAndEquipmentAdditionalDisclosures' xlink:label='loc_PropertyPlantAndEquipmentAdditionalDisclosures' xlink:type='locator' />
<presentationArc order='10' xlink:arcrole='http://www.xbrl.org/2003/arcrole/parent-child' xlink:from='loc_PropertyPlantAndEquipmentDisclosureTextBlock' xlink:to='loc_PropertyPlantAndEquipmentAbstract' xlink:type='arc' />
<presentationArc order='10' xlink:arcrole='http://www.xbrl.org/2003/arcrole/parent-child' xlink:from='loc_PropertyPlantAndEquipmentAbstract' xlink:to='loc_PropertyPlantAndEquipmentTextBlock' xlink:type='arc' />
<presentationArc order='10' xlink:arcrole='http://www.xbrl.org/2003/arcrole/parent-child' xlink:from='loc_PropertyPlantAndEquipmentTextBlock' xlink:to='loc_ScheduleOfPropertyPlantAndEquipmentTable' xlink:type='arc' />
<presentationArc order='10' xlink:arcrole='http://www.xbrl.org/2003/arcrole/parent-child' xlink:from='loc_ScheduleOfPropertyPlantAndEquipmentTable' xlink:to='loc_PropertyPlantAndEquipmentByTypeAxis' xlink:type='arc' />
<presentationArc order='10' xlink:arcrole='http://www.xbrl.org/2003/arcrole/parent-child' xlink:from='loc_PropertyPlantAndEquipmentByTypeAxis' xlink:to='loc_PropertyPlantAndEquipmentTypeDomain' xlink:type='arc' />
<presentationArc order='10' xlink:arcrole='http://www.xbrl.org/2003/arcrole/parent-child' xlink:from='loc_PropertyPlantAndEquipmentTypeDomain' xlink:to='loc_LandAndBuildingMember' xlink:type='arc' />
<presentationArc order='10' xlink:arcrole='http://www.xbrl.org/2003/arcrole/parent-child' xlink:from='loc_LandAndBuildingMember' xlink:to='loc_LandMember' xlink:type='arc' />
<presentationArc order='20' xlink:arcrole='http://www.xbrl.org/2003/arcrole/parent-child' xlink:from='loc_LandAndBuildingMember' xlink:to='loc_LandImprovementsMember' xlink:type='arc' />
<presentationArc order='30' xlink:arcrole='http://www.xbrl.org/2003/arcrole/parent-child' xlink:from='loc_LandAndBuildingMember' xlink:to='loc_LeaseholdImprovementsMember' xlink:type='arc' />
<presentationArc order='40' xlink:arcrole='http://www.xbrl.org/2003/arcrole/parent-child' xlink:from='loc_LandAndBuildingMember' xlink:to='loc_BuildingMember' xlink:type='arc' />
<presentationArc order='50' xlink:arcrole='http://www.xbrl.org/2003/arcrole/parent-child' xlink:from='loc_LandAndBuildingMember' xlink:to='loc_BuildingImprovementsMember' xlink:type='arc' />
<presentationArc order='60' xlink:arcrole='http://www.xbrl.org/2003/arcrole/parent-child' xlink:from='loc_LandAndBuildingMember' xlink:to='loc_ManufacturingFacilityMember' xlink:type='arc' />
<presentationArc order='70' xlink:arcrole='http://www.xbrl.org/2003/arcrole/parent-child' xlink:from='loc_LandAndBuildingMember' xlink:to='loc_LandAndLandImprovementsMember' xlink:type='arc' />
<presentationArc order='80' xlink:arcrole='http://www.xbrl.org/2003/arcrole/parent-child' xlink:from='loc_LandAndBuildingMember' xlink:to='loc_LeaseholdsAndLeaseholdImprovementsMember' xlink:type='arc' />
<presentationArc order='90' xlink:arcrole='http://www.xbrl.org/2003/arcrole/parent-child' xlink:from='loc_LandAndBuildingMember' xlink:to='loc_BuildingAndBuildingImprovementsMember' xlink:type='arc' />
<presentationArc order='100' xlink:arcrole='http://www.xbrl.org/2003/arcrole/parent-child' xlink:from='loc_LandAndBuildingMember' xlink:to='loc_LandBuildingsAndImprovementsMember' xlink:type='arc' />
<presentationArc order='20' xlink:arcrole='http://www.xbrl.org/2003/arcrole/parent-child' xlink:from='loc_PropertyPlantAndEquipmentTypeDomain' xlink:to='loc_MachineryAndEquipmentMember' xlink:type='arc' />
<presentationArc order='10' xlink:arcrole='http://www.xbrl.org/2003/arcrole/parent-child' xlink:from='loc_MachineryAndEquipmentMember' xlink:to='loc_ToolsDiesAndMoldsMember' xlink:type='arc' />
<presentationArc order='20' xlink:arcrole='http://www.xbrl.org/2003/arcrole/parent-child' xlink:from='loc_MachineryAndEquipmentMember' xlink:to='loc_TechnologyEquipmentMember' xlink:type='arc' />
<presentationArc order='30' xlink:arcrole='http://www.xbrl.org/2003/arcrole/parent-child' xlink:from='loc_MachineryAndEquipmentMember' xlink:to='loc_ComputerEquipmentMember' xlink:type='arc' />
<presentationArc order='40' xlink:arcrole='http://www.xbrl.org/2003/arcrole/parent-child' xlink:from='loc_MachineryAndEquipmentMember' xlink:to='loc_OfficeEquipmentMember' xlink:type='arc' />
<presentationArc order='50' xlink:arcrole='http://www.xbrl.org/2003/arcrole/parent-child' xlink:from='loc_MachineryAndEquipmentMember' xlink:to='loc_EquipmentMember' xlink:type='arc' />
<presentationArc order='60' xlink:arcrole='http://www.xbrl.org/2003/arcrole/parent-child' xlink:from='loc_MachineryAndEquipmentMember' xlink:to='loc_OtherMachineryAndEquipmentMember' xlink:type='arc' />
<presentationArc order='70' xlink:arcrole='http://www.xbrl.org/2003/arcrole/parent-child' xlink:from='loc_MachineryAndEquipmentMember' xlink:to='loc_TransportationEquipmentMember' xlink:type='arc' />
<presentationArc order='10' xlink:arcrole='http://www.xbrl.org/2003/arcrole/parent-child' xlink:from='loc_TransportationEquipmentMember' xlink:to='loc_AirTransportationEquipmentMember' xlink:type='arc' />
<presentationArc order='20' xlink:arcrole='http://www.xbrl.org/2003/arcrole/parent-child' xlink:from='loc_TransportationEquipmentMember' xlink:to='loc_FlightEquipmentMember' xlink:type='arc' />
<presentationArc order='30' xlink:arcrole='http://www.xbrl.org/2003/arcrole/parent-child' xlink:from='loc_TransportationEquipmentMember' xlink:to='loc_MaritimeEquipmentMember' xlink:type='arc' />
<presentationArc order='40' xlink:arcrole='http://www.xbrl.org/2003/arcrole/parent-child' xlink:from='loc_TransportationEquipmentMember' xlink:to='loc_ContainersMember' xlink:type='arc' />
<presentationArc order='50' xlink:arcrole='http://www.xbrl.org/2003/arcrole/parent-child' xlink:from='loc_TransportationEquipmentMember' xlink:to='loc_RailroadTransportationEquipmentMember' xlink:type='arc' />
<presentationArc order='60' xlink:arcrole='http://www.xbrl.org/2003/arcrole/parent-child' xlink:from='loc_TransportationEquipmentMember' xlink:to='loc_VehiclesMember' xlink:type='arc' />
<presentationArc order='10' xlink:arcrole='http://www.xbrl.org/2003/arcrole/parent-child' xlink:from='loc_VehiclesMember' xlink:to='loc_TrucksMember' xlink:type='arc' />
<presentationArc order='20' xlink:arcrole='http://www.xbrl.org/2003/arcrole/parent-child' xlink:from='loc_VehiclesMember' xlink:to='loc_AutomobilesMember' xlink:type='arc' />
<presentationArc order='70' xlink:arcrole='http://www.xbrl.org/2003/arcrole/parent-child' xlink:from='loc_TransportationEquipmentMember' xlink:to='loc_OtherTransportationEquipmentMember' xlink:type='arc' />
<presentationArc order='80' xlink:arcrole='http://www.xbrl.org/2003/arcrole/parent-child' xlink:from='loc_MachineryAndEquipmentMember' xlink:to='loc_EnergyEquipmentMember' xlink:type='arc' />
<presentationArc order='10' xlink:arcrole='http://www.xbrl.org/2003/arcrole/parent-child' xlink:from='loc_EnergyEquipmentMember' xlink:to='loc_PipelinesMember' xlink:type='arc' />
<presentationArc order='20' xlink:arcrole='http://www.xbrl.org/2003/arcrole/parent-child' xlink:from='loc_EnergyEquipmentMember' xlink:to='loc_RefiningEquipmentMember' xlink:type='arc' />
<presentationArc order='30' xlink:arcrole='http://www.xbrl.org/2003/arcrole/parent-child' xlink:from='loc_EnergyEquipmentMember' xlink:to='loc_UpstreamEquipmentMember' xlink:type='arc' />
<presentationArc order='40' xlink:arcrole='http://www.xbrl.org/2003/arcrole/parent-child' xlink:from='loc_EnergyEquipmentMember' xlink:to='loc_DownstreamEquipmentMember' xlink:type='arc' />
<presentationArc order='50' xlink:arcrole='http://www.xbrl.org/2003/arcrole/parent-child' xlink:from='loc_EnergyEquipmentMember' xlink:to='loc_GasTransmissionEquipmentMember' xlink:type='arc' />
<presentationArc order='60' xlink:arcrole='http://www.xbrl.org/2003/arcrole/parent-child' xlink:from='loc_EnergyEquipmentMember' xlink:to='loc_GasDistributionEquipmentMember' xlink:type='arc' />
<presentationArc order='70' xlink:arcrole='http://www.xbrl.org/2003/arcrole/parent-child' xlink:from='loc_EnergyEquipmentMember' xlink:to='loc_ElectricTransmissionAndDistributionMember' xlink:type='arc' />
<presentationArc order='80' xlink:arcrole='http://www.xbrl.org/2003/arcrole/parent-child' xlink:from='loc_EnergyEquipmentMember' xlink:to='loc_ElectricGenerationEquipmentMember' xlink:type='arc' />
<presentationArc order='90' xlink:arcrole='http://www.xbrl.org/2003/arcrole/parent-child' xlink:from='loc_EnergyEquipmentMember' xlink:to='loc_NuclearFuelMember' xlink:type='arc' />
<presentationArc order='100' xlink:arcrole='http://www.xbrl.org/2003/arcrole/parent-child' xlink:from='loc_EnergyEquipmentMember' xlink:to='loc_GasGatheringAndProcessingEquipmentMember' xlink:type='arc' />
<presentationArc order='110' xlink:arcrole='http://www.xbrl.org/2003/arcrole/parent-child' xlink:from='loc_EnergyEquipmentMember' xlink:to='loc_MiningPropertiesAndMineralRightsMember' xlink:type='arc' />
<presentationArc order='120' xlink:arcrole='http://www.xbrl.org/2003/arcrole/parent-child' xlink:from='loc_EnergyEquipmentMember' xlink:to='loc_MineDevelopmentMember' xlink:type='arc' />
<presentationArc order='130' xlink:arcrole='http://www.xbrl.org/2003/arcrole/parent-child' xlink:from='loc_EnergyEquipmentMember' xlink:to='loc_OilAndGasPropertiesMember' xlink:type='arc' />
<presentationArc order='140' xlink:arcrole='http://www.xbrl.org/2003/arcrole/parent-child' xlink:from='loc_EnergyEquipmentMember' xlink:to='loc_DrillingRightsMember' xlink:type='arc' />
<presentationArc order='150' xlink:arcrole='http://www.xbrl.org/2003/arcrole/parent-child' xlink:from='loc_EnergyEquipmentMember' xlink:to='loc_MarineServicesEquipmentMember' xlink:type='arc' />
<presentationArc order='160' xlink:arcrole='http://www.xbrl.org/2003/arcrole/parent-child' xlink:from='loc_EnergyEquipmentMember' xlink:to='loc_ExplorationAndProductionEquipmentMember' xlink:type='arc' />
<presentationArc order='170' xlink:arcrole='http://www.xbrl.org/2003/arcrole/parent-child' xlink:from='loc_EnergyEquipmentMember' xlink:to='loc_OtherEnergyEquipmentMember' xlink:type='arc' />
<presentationArc order='180' xlink:arcrole='http://www.xbrl.org/2003/arcrole/parent-child' xlink:from='loc_EnergyEquipmentMember' xlink:to='loc_GasTransmissionAndDistributionEquipmentMember' xlink:type='arc' />
<presentationArc order='190' xlink:arcrole='http://www.xbrl.org/2003/arcrole/parent-child' xlink:from='loc_EnergyEquipmentMember' xlink:to='loc_ElectricGenerationTransmissionAndDistributionEquipmentMember' xlink:type='arc' />
<presentationArc order='30' xlink:arcrole='http://www.xbrl.org/2003/arcrole/parent-child' xlink:from='loc_PropertyPlantAndEquipmentTypeDomain' xlink:to='loc_PropertyPlantAndEquipmentOtherTypesMember' xlink:type='arc' />
<presentationArc order='10' xlink:arcrole='http://www.xbrl.org/2003/arcrole/parent-child' xlink:from='loc_PropertyPlantAndEquipmentOtherTypesMember' xlink:to='loc_EquipmentLeasedToOtherPartyMember' xlink:type='arc' />
<presentationArc order='20' xlink:arcrole='http://www.xbrl.org/2003/arcrole/parent-child' xlink:from='loc_PropertyPlantAndEquipmentOtherTypesMember' xlink:to='loc_ProductiveLandMember' xlink:type='arc' />
<presentationArc order='30' xlink:arcrole='http://www.xbrl.org/2003/arcrole/parent-child' xlink:from='loc_PropertyPlantAndEquipmentOtherTypesMember' xlink:to='loc_FurnitureAndFixturesMember' xlink:type='arc' />
<presentationArc order='40' xlink:arcrole='http://www.xbrl.org/2003/arcrole/parent-child' xlink:from='loc_PropertyPlantAndEquipmentOtherTypesMember' xlink:to='loc_TimberPropertiesMember' xlink:type='arc' />
<presentationArc order='50' xlink:arcrole='http://www.xbrl.org/2003/arcrole/parent-child' xlink:from='loc_PropertyPlantAndEquipmentOtherTypesMember' xlink:to='loc_LandfillMember' xlink:type='arc' />
<presentationArc order='60' xlink:arcrole='http://www.xbrl.org/2003/arcrole/parent-child' xlink:from='loc_PropertyPlantAndEquipmentOtherTypesMember' xlink:to='loc_SoftwareMember' xlink:type='arc' />
<presentationArc order='70' xlink:arcrole='http://www.xbrl.org/2003/arcrole/parent-child' xlink:from='loc_PropertyPlantAndEquipmentOtherTypesMember' xlink:to='loc_SoftwareDevelopmentMember' xlink:type='arc' />
<presentationArc order='80' xlink:arcrole='http://www.xbrl.org/2003/arcrole/parent-child' xlink:from='loc_PropertyPlantAndEquipmentOtherTypesMember' xlink:to='loc_RetailSiteMember' xlink:type='arc' />
<presentationArc order='90' xlink:arcrole='http://www.xbrl.org/2003/arcrole/parent-child' xlink:from='loc_PropertyPlantAndEquipmentOtherTypesMember' xlink:to='loc_AssetsHeldUnderCapitalLeasesMember' xlink:type='arc' />
<presentationArc order='100' xlink:arcrole='http://www.xbrl.org/2003/arcrole/parent-child' xlink:from='loc_PropertyPlantAndEquipmentOtherTypesMember' xlink:to='loc_AssetsLeasedToOthersMember' xlink:type='arc' />
<presentationArc order='110' xlink:arcrole='http://www.xbrl.org/2003/arcrole/parent-child' xlink:from='loc_PropertyPlantAndEquipmentOtherTypesMember' xlink:to='loc_AssetUnderConstructionMember' xlink:type='arc' />
<presentationArc order='120' xlink:arcrole='http://www.xbrl.org/2003/arcrole/parent-child' xlink:from='loc_PropertyPlantAndEquipmentOtherTypesMember' xlink:to='loc_ConstructionInProgressMember' xlink:type='arc' />
<presentationArc order='130' xlink:arcrole='http://www.xbrl.org/2003/arcrole/parent-child' xlink:from='loc_PropertyPlantAndEquipmentOtherTypesMember' xlink:to='loc_CapitalizedInterestCostsMember' xlink:type='arc' />
<presentationArc order='140' xlink:arcrole='http://www.xbrl.org/2003/arcrole/parent-child' xlink:from='loc_PropertyPlantAndEquipmentOtherTypesMember' xlink:to='loc_BreedingAndProductionAnimalsMember' xlink:type='arc' />
<presentationArc order='150' xlink:arcrole='http://www.xbrl.org/2003/arcrole/parent-child' xlink:from='loc_PropertyPlantAndEquipmentOtherTypesMember' xlink:to='loc_RemediationPropertyForSaleAbandonmentOrDisposalMember' xlink:type='arc' />
<presentationArc order='160' xlink:arcrole='http://www.xbrl.org/2003/arcrole/parent-child' xlink:from='loc_PropertyPlantAndEquipmentOtherTypesMember' xlink:to='loc_OtherCapitalizedPropertyPlantAndEquipmentMember' xlink:type='arc' />
<presentationArc order='170' xlink:arcrole='http://www.xbrl.org/2003/arcrole/parent-child' xlink:from='loc_PropertyPlantAndEquipmentOtherTypesMember' xlink:to='loc_SoftwareAndSoftwareDevelopmentCostsMember' xlink:type='arc' />
<presentationArc order='20' xlink:arcrole='http://www.xbrl.org/2003/arcrole/parent-child' xlink:from='loc_ScheduleOfPropertyPlantAndEquipmentTable' xlink:to='loc_PropertyPlantAndEquipmentLineItems' xlink:type='arc' />
<presentationArc order='10' xlink:arcrole='http://www.xbrl.org/2003/arcrole/parent-child' xlink:from='loc_PropertyPlantAndEquipmentLineItems' xlink:to='loc_PropertyPlantAndEquipmentUsefulLifeMinimum' xlink:type='arc' />
<presentationArc order='20' xlink:arcrole='http://www.xbrl.org/2003/arcrole/parent-child' xlink:from='loc_PropertyPlantAndEquipmentLineItems' xlink:to='loc_PropertyPlantAndEquipmentUsefulLifeAverage' xlink:type='arc' />
<presentationArc order='30' xlink:arcrole='http://www.xbrl.org/2003/arcrole/parent-child' xlink:from='loc_PropertyPlantAndEquipmentLineItems' xlink:to='loc_PropertyPlantAndEquipmentUsefulLifeMaximum' xlink:type='arc' />
<presentationArc order='40' xlink:arcrole='http://www.xbrl.org/2003/arcrole/parent-child' xlink:from='loc_PropertyPlantAndEquipmentLineItems' xlink:to='loc_MovementInPropertyPlantAndEquipmentRollForward' xlink:type='arc' />
<presentationArc order='10' preferredLabel='http://www.xbrl.org/2003/role/periodStartLabel' xlink:arcrole='http://www.xbrl.org/2003/arcrole/parent-child' xlink:from='loc_MovementInPropertyPlantAndEquipmentRollForward' xlink:to='loc_PropertyPlantAndEquipmentGross' xlink:type='arc' />
<presentationArc order='20' xlink:arcrole='http://www.xbrl.org/2003/arcrole/parent-child' xlink:from='loc_MovementInPropertyPlantAndEquipmentRollForward' xlink:to='loc_PropertyPlantAndEquipmentAdditions' xlink:type='arc' />
<presentationArc order='30' xlink:arcrole='http://www.xbrl.org/2003/arcrole/parent-child' xlink:from='loc_MovementInPropertyPlantAndEquipmentRollForward' xlink:to='loc_PropertyPlantAndEquipmentDisposals' xlink:type='arc' />
<presentationArc order='40' xlink:arcrole='http://www.xbrl.org/2003/arcrole/parent-child' xlink:from='loc_MovementInPropertyPlantAndEquipmentRollForward' xlink:to='loc_PropertyPlantAndEquipmentTransfersAndChanges' xlink:type='arc' />
<presentationArc order='50' preferredLabel='http://www.xbrl.org/2003/role/totalLabel' xlink:arcrole='http://www.xbrl.org/2003/arcrole/parent-child' xlink:from='loc_MovementInPropertyPlantAndEquipmentRollForward' xlink:to='loc_PropertyPlantAndEquipmentGrossPeriodIncreaseDecrease' xlink:type='arc' />
<presentationArc order='60' preferredLabel='http://www.xbrl.org/2003/role/periodEndLabel' xlink:arcrole='http://www.xbrl.org/2003/arcrole/parent-child' xlink:from='loc_MovementInPropertyPlantAndEquipmentRollForward' xlink:to='loc_PropertyPlantAndEquipmentGross_1' xlink:type='arc' />
<presentationArc order='50' xlink:arcrole='http://www.xbrl.org/2003/arcrole/parent-child' xlink:from='loc_PropertyPlantAndEquipmentLineItems' xlink:to='loc_MovementInAccumulatedDepreciationDepletionAndAmortizationPropertyPlantAndEquipmentRollForward' xlink:type='arc' />
<presentationArc order='10' preferredLabel='http://www.xbrl.org/2003/role/periodStartLabel' xlink:arcrole='http://www.xbrl.org/2003/arcrole/parent-child' xlink:from='loc_MovementInAccumulatedDepreciationDepletionAndAmortizationPropertyPlantAndEquipmentRollForward' xlink:to='loc_AccumulatedDepreciationDepletionAndAmortizationPropertyPlantAndEquipment' xlink:type='arc' />
<presentationArc order='20' xlink:arcrole='http://www.xbrl.org/2003/arcrole/parent-child' xlink:from='loc_MovementInAccumulatedDepreciationDepletionAndAmortizationPropertyPlantAndEquipmentRollForward' xlink:to='loc_AccumulatedDepreciationDepletionAndAmortizationExpensePropertyPlantAndEquipmentCurrentCharge' xlink:type='arc' />
<presentationArc order='30' preferredLabel='http://www.xbrl.org/2003/role/totalLabel' xlink:arcrole='http://www.xbrl.org/2003/arcrole/parent-child' xlink:from='loc_MovementInAccumulatedDepreciationDepletionAndAmortizationPropertyPlantAndEquipmentRollForward' xlink:to='loc_AccumulatedDepreciationDepletionAndAmortizationPropertyPlantAndEquipmentPeriodIncreaseDecrease' xlink:type='arc' />
<presentationArc order='40' preferredLabel='http://www.xbrl.org/2003/role/periodEndLabel' xlink:arcrole='http://www.xbrl.org/2003/arcrole/parent-child' xlink:from='loc_MovementInAccumulatedDepreciationDepletionAndAmortizationPropertyPlantAndEquipmentRollForward' xlink:to='loc_AccumulatedDepreciationDepletionAndAmortizationPropertyPlantAndEquipment_1' xlink:type='arc' />
<presentationArc order='60' xlink:arcrole='http://www.xbrl.org/2003/arcrole/parent-child' xlink:from='loc_PropertyPlantAndEquipmentLineItems' xlink:to='loc_PropertyPlantAndEquipmentNetByTypeAbstract' xlink:type='arc' />
<presentationArc order='10' xlink:arcrole='http://www.xbrl.org/2003/arcrole/parent-child' xlink:from='loc_PropertyPlantAndEquipmentNetByTypeAbstract' xlink:to='loc_PropertyPlantAndEquipmentGross' xlink:type='arc' />
<presentationArc order='20' xlink:arcrole='http://www.xbrl.org/2003/arcrole/parent-child' xlink:from='loc_PropertyPlantAndEquipmentNetByTypeAbstract' xlink:to='loc_AccumulatedDepreciationDepletionAndAmortizationPropertyPlantAndEquipment' xlink:type='arc' />
<presentationArc order='30' preferredLabel='http://www.xbrl.org/2003/role/totalLabel' xlink:arcrole='http://www.xbrl.org/2003/arcrole/parent-child' xlink:from='loc_PropertyPlantAndEquipmentNetByTypeAbstract' xlink:to='loc_PropertyPlantAndEquipmentNet' xlink:type='arc' />
<presentationArc order='20' xlink:arcrole='http://www.xbrl.org/2003/arcrole/parent-child' xlink:from='loc_PropertyPlantAndEquipmentDisclosureTextBlock' xlink:to='loc_PropertyPlantAndEquipmentScheduleOfSignificantAcquisitionsAndDisposalsAbstract' xlink:type='arc' />
<presentationArc order='10' xlink:arcrole='http://www.xbrl.org/2003/arcrole/parent-child' xlink:from='loc_PropertyPlantAndEquipmentScheduleOfSignificantAcquisitionsAndDisposalsAbstract' xlink:to='loc_PropertyPlantAndEquipmentScheduleOfSignificantAcquisitionsAndDisposalsTextBlock' xlink:type='arc' />
<presentationArc order='10' xlink:arcrole='http://www.xbrl.org/2003/arcrole/parent-child' xlink:from='loc_PropertyPlantAndEquipmentScheduleOfSignificantAcquisitionsAndDisposalsTextBlock' xlink:to='loc_ScheduleOfSignificantAcquisitionsAndDisposalsTable' xlink:type='arc' />
<presentationArc order='10' xlink:arcrole='http://www.xbrl.org/2003/arcrole/parent-child' xlink:from='loc_ScheduleOfSignificantAcquisitionsAndDisposalsTable' xlink:to='loc_SignificantAcquisitionsAndDisposalsByTransactionAxis' xlink:type='arc' />
<presentationArc order='10' xlink:arcrole='http://www.xbrl.org/2003/arcrole/parent-child' xlink:from='loc_SignificantAcquisitionsAndDisposalsByTransactionAxis' xlink:to='loc_SignificantAcquisitionsAndDisposalsTransactionDomain' xlink:type='arc' />
<presentationArc order='20' xlink:arcrole='http://www.xbrl.org/2003/arcrole/parent-child' xlink:from='loc_ScheduleOfSignificantAcquisitionsAndDisposalsTable' xlink:to='loc_SignificantAcquisitionsAndDisposalsLineItems' xlink:type='arc' />
<presentationArc order='10' xlink:arcrole='http://www.xbrl.org/2003/arcrole/parent-child' xlink:from='loc_SignificantAcquisitionsAndDisposalsLineItems' xlink:to='loc_SignificantAcquisitionsAndDisposalsType' xlink:type='arc' />
<presentationArc order='20' xlink:arcrole='http://www.xbrl.org/2003/arcrole/parent-child' xlink:from='loc_SignificantAcquisitionsAndDisposalsLineItems' xlink:to='loc_SignificantAcquisitionsAndDisposalsDescription' xlink:type='arc' />
<presentationArc order='30' xlink:arcrole='http://www.xbrl.org/2003/arcrole/parent-child' xlink:from='loc_SignificantAcquisitionsAndDisposalsLineItems' xlink:to='loc_SignificantAcquisitionsAndDisposalsTerms' xlink:type='arc' />
<presentationArc order='40' xlink:arcrole='http://www.xbrl.org/2003/arcrole/parent-child' xlink:from='loc_SignificantAcquisitionsAndDisposalsLineItems' xlink:to='loc_SignificantAcquisitionsAndDisposalsAcquisitionCostsOrSaleProceeds' xlink:type='arc' />
<presentationArc order='50' xlink:arcrole='http://www.xbrl.org/2003/arcrole/parent-child' xlink:from='loc_SignificantAcquisitionsAndDisposalsLineItems' xlink:to='loc_SignificantAcquisitionsAndDisposalsGainLossOnSaleOrDisposalPretax' xlink:type='arc' />
<presentationArc order='60' xlink:arcrole='http://www.xbrl.org/2003/arcrole/parent-child' xlink:from='loc_SignificantAcquisitionsAndDisposalsLineItems' xlink:to='loc_SignificantAcquisitionsAndDisposalsGainLossOnSaleOrDisposalNetOfTax' xlink:type='arc' />
<presentationArc order='70' xlink:arcrole='http://www.xbrl.org/2003/arcrole/parent-child' xlink:from='loc_SignificantAcquisitionsAndDisposalsLineItems' xlink:to='loc_SignificantAcquisitionsAndDisposalsDateOfTransactionForAcquisitionOrDisposal' xlink:type='arc' />
<presentationArc order='80' xlink:arcrole='http://www.xbrl.org/2003/arcrole/parent-child' xlink:from='loc_SignificantAcquisitionsAndDisposalsLineItems' xlink:to='loc_SignificantAcquisitionsAndDisposalsRestrictionOnAmountOfProceedsFromDonatedPropertyPlantAndEquipment' xlink:type='arc' />
<presentationArc order='30' xlink:arcrole='http://www.xbrl.org/2003/arcrole/parent-child' xlink:from='loc_PropertyPlantAndEquipmentDisclosureTextBlock' xlink:to='loc_PropertyPlantAndEquipmentIncomeStatementDisclosuresAbstract' xlink:type='arc' />
<presentationArc order='10' xlink:arcrole='http://www.xbrl.org/2003/arcrole/parent-child' xlink:from='loc_PropertyPlantAndEquipmentIncomeStatementDisclosuresAbstract' xlink:to='loc_PropertyPlantAndEquipmentIncomeStatementDisclosures' xlink:type='arc' />
<presentationArc order='10' xlink:arcrole='http://www.xbrl.org/2003/arcrole/parent-child' xlink:from='loc_PropertyPlantAndEquipmentIncomeStatementDisclosures' xlink:to='loc_CostOfGoodsAndServicesSoldDepreciationAndAmortizationAbstract' xlink:type='arc' />
<presentationArc order='10' xlink:arcrole='http://www.xbrl.org/2003/arcrole/parent-child' xlink:from='loc_CostOfGoodsAndServicesSoldDepreciationAndAmortizationAbstract' xlink:to='loc_CostOfGoodsAndServicesSoldDepreciation' xlink:type='arc' />
<presentationArc order='20' xlink:arcrole='http://www.xbrl.org/2003/arcrole/parent-child' xlink:from='loc_CostOfGoodsAndServicesSoldDepreciationAndAmortizationAbstract' xlink:to='loc_CostOfGoodsAndServicesSoldAmortization' xlink:type='arc' />
<presentationArc order='30' preferredLabel='http://www.xbrl.org/2003/role/totalLabel' xlink:arcrole='http://www.xbrl.org/2003/arcrole/parent-child' xlink:from='loc_CostOfGoodsAndServicesSoldDepreciationAndAmortizationAbstract' xlink:to='loc_CostOfGoodsAndServicesSoldDepreciationAndAmortization' xlink:type='arc' />
<presentationArc order='20' xlink:arcrole='http://www.xbrl.org/2003/arcrole/parent-child' xlink:from='loc_PropertyPlantAndEquipmentIncomeStatementDisclosures' xlink:to='loc_GainLossOnDispositionOfAssetsAbstract' xlink:type='arc' />
<presentationArc order='10' xlink:arcrole='http://www.xbrl.org/2003/arcrole/parent-child' xlink:from='loc_GainLossOnDispositionOfAssetsAbstract' xlink:to='loc_GainLossOnSaleOfOilAndGasProperty' xlink:type='arc' />
<presentationArc order='20' xlink:arcrole='http://www.xbrl.org/2003/arcrole/parent-child' xlink:from='loc_GainLossOnDispositionOfAssetsAbstract' xlink:to='loc_GainLossOnDispositionOfProperty' xlink:type='arc' />
<presentationArc order='30' xlink:arcrole='http://www.xbrl.org/2003/arcrole/parent-child' xlink:from='loc_GainLossOnDispositionOfAssetsAbstract' xlink:to='loc_GainLossOnSaleOfTimberProperty' xlink:type='arc' />
<presentationArc order='40' xlink:arcrole='http://www.xbrl.org/2003/arcrole/parent-child' xlink:from='loc_GainLossOnDispositionOfAssetsAbstract' xlink:to='loc_GainLossOnDispositionOfOtherAssets' xlink:type='arc' />
<presentationArc order='50' preferredLabel='http://www.xbrl.org/2003/role/totalLabel' xlink:arcrole='http://www.xbrl.org/2003/arcrole/parent-child' xlink:from='loc_GainLossOnDispositionOfAssetsAbstract' xlink:to='loc_GainLossOnDispositionOfAssets' xlink:type='arc' />
<presentationArc order='30' xlink:arcrole='http://www.xbrl.org/2003/arcrole/parent-child' xlink:from='loc_PropertyPlantAndEquipmentIncomeStatementDisclosures' xlink:to='loc_GainLossOnSaleOfInterestInProjects' xlink:type='arc' />
<presentationArc order='40' xlink:arcrole='http://www.xbrl.org/2003/arcrole/parent-child' xlink:from='loc_PropertyPlantAndEquipmentIncomeStatementDisclosures' xlink:to='loc_GainLossOnCondemnation' xlink:type='arc' />
<presentationArc order='50' xlink:arcrole='http://www.xbrl.org/2003/arcrole/parent-child' xlink:from='loc_PropertyPlantAndEquipmentIncomeStatementDisclosures' xlink:to='loc_PublicUtilitiesAllowanceForFundsUsedDuringConstructionAdditions' xlink:type='arc' />
<presentationArc order='40' xlink:arcrole='http://www.xbrl.org/2003/arcrole/parent-child' xlink:from='loc_PropertyPlantAndEquipmentDisclosureTextBlock' xlink:to='loc_PropertyPlantAndEquipmentPlannedMajorMaintenanceAbstract' xlink:type='arc' />
<presentationArc order='10' xlink:arcrole='http://www.xbrl.org/2003/arcrole/parent-child' xlink:from='loc_PropertyPlantAndEquipmentPlannedMajorMaintenanceAbstract' xlink:to='loc_PropertyPlantAndEquipmentPlannedMajorMaintenancePolicy' xlink:type='arc' />
<presentationArc order='20' xlink:arcrole='http://www.xbrl.org/2003/arcrole/parent-child' xlink:from='loc_PropertyPlantAndEquipmentPlannedMajorMaintenanceAbstract' xlink:to='loc_PlannedMajorMaintenanceActivitiesDescriptionOfRetrospectiveApplicationOfFSPAUGAIR1' xlink:type='arc' />
<presentationArc order='30' xlink:arcrole='http://www.xbrl.org/2003/arcrole/parent-child' xlink:from='loc_PropertyPlantAndEquipmentPlannedMajorMaintenanceAbstract' xlink:to='loc_PlannedMajorMaintenanceActivitiesEffectOfChangeOnIncomeFromContinuingOperations' xlink:type='arc' />
<presentationArc order='40' xlink:arcrole='http://www.xbrl.org/2003/arcrole/parent-child' xlink:from='loc_PropertyPlantAndEquipmentPlannedMajorMaintenanceAbstract' xlink:to='loc_PlannedMajorMaintenanceActivitiesEffectOfChangeOnNetIncome' xlink:type='arc' />
<presentationArc order='50' xlink:arcrole='http://www.xbrl.org/2003/arcrole/parent-child' xlink:from='loc_PropertyPlantAndEquipmentPlannedMajorMaintenanceAbstract' xlink:to='loc_PlannedMajorMaintenanceActivitiesEffectOfChangeOnOtherFinancialStatementLineItem' xlink:type='arc' />
<presentationArc order='60' xlink:arcrole='http://www.xbrl.org/2003/arcrole/parent-child' xlink:from='loc_PropertyPlantAndEquipmentPlannedMajorMaintenanceAbstract' xlink:to='loc_PlannedMajorMaintenanceActivitiesEffectOfChangeOnPriorPeriodPerShareAmountsBasicEarningsPerShare' xlink:type='arc' />
<presentationArc order='70' xlink:arcrole='http://www.xbrl.org/2003/arcrole/parent-child' xlink:from='loc_PropertyPlantAndEquipmentPlannedMajorMaintenanceAbstract' xlink:to='loc_PlannedMajorMaintenanceActivitiesEffectOfChangeOnPriorPeriodPerShareAmountsDilutedEarningsPerShare' xlink:type='arc' />
<presentationArc order='80' xlink:arcrole='http://www.xbrl.org/2003/arcrole/parent-child' xlink:from='loc_PropertyPlantAndEquipmentPlannedMajorMaintenanceAbstract' xlink:to='loc_PlannedMajorMaintenanceActivitiesCumulativeEffectOfChangeOnRetainedEarningsOrOtherComponentOfEquity' xlink:type='arc' />
<presentationArc order='90' xlink:arcrole='http://www.xbrl.org/2003/arcrole/parent-child' xlink:from='loc_PropertyPlantAndEquipmentPlannedMajorMaintenanceAbstract' xlink:to='loc_PlannedMajorMaintenanceActivitiesCumulativeEffectOfChangeOnNetAssetsInStatementOfFinancialPosition' xlink:type='arc' />
<presentationArc order='50' xlink:arcrole='http://www.xbrl.org/2003/arcrole/parent-child' xlink:from='loc_PropertyPlantAndEquipmentDisclosureTextBlock' xlink:to='loc_PropertyPlantAndEquipmentImpairmentOrDisposalAbstract' xlink:type='arc' />
<presentationArc order='10' xlink:arcrole='http://www.xbrl.org/2003/arcrole/parent-child' xlink:from='loc_PropertyPlantAndEquipmentImpairmentOrDisposalAbstract' xlink:to='loc_PropertyPlantAndEquipmentImpairmentOrDisposalDisclosure' xlink:type='arc' />
<presentationArc order='20' xlink:arcrole='http://www.xbrl.org/2003/arcrole/parent-child' xlink:from='loc_PropertyPlantAndEquipmentImpairmentOrDisposalAbstract' xlink:to='loc_ImpairmentOrDisposalOfTangibleAssetsDisclosureAbstract' xlink:type='arc' />
<presentationArc order='10' xlink:arcrole='http://www.xbrl.org/2003/arcrole/parent-child' xlink:from='loc_ImpairmentOrDisposalOfTangibleAssetsDisclosureAbstract' xlink:to='loc_ImpairmentOfLongLivedAssetsHeldAndUsedAbstract' xlink:type='arc' />
<presentationArc order='10' xlink:arcrole='http://www.xbrl.org/2003/arcrole/parent-child' xlink:from='loc_ImpairmentOfLongLivedAssetsHeldAndUsedAbstract' xlink:to='loc_DetailsOfImpairmentOfLongLivedAssetsHeldAndUsedByAssetTextBlock' xlink:type='arc' />
<presentationArc order='10' xlink:arcrole='http://www.xbrl.org/2003/arcrole/parent-child' xlink:from='loc_DetailsOfImpairmentOfLongLivedAssetsHeldAndUsedByAssetTextBlock' xlink:to='loc_ScheduleOfImpairedLongLivedAssetsHeldAndUsedTable' xlink:type='arc' />
<presentationArc order='10' xlink:arcrole='http://www.xbrl.org/2003/arcrole/parent-child' xlink:from='loc_ScheduleOfImpairedLongLivedAssetsHeldAndUsedTable' xlink:to='loc_ImpairedLongLivedAssetsHeldAndUsedByTypeAxis' xlink:type='arc' />
<presentationArc order='10' xlink:arcrole='http://www.xbrl.org/2003/arcrole/parent-child' xlink:from='loc_ImpairedLongLivedAssetsHeldAndUsedByTypeAxis' xlink:to='loc_ImpairedLongLivedAssetsHeldAndUsedAssetNameDomain' xlink:type='arc' />
<presentationArc order='20' xlink:arcrole='http://www.xbrl.org/2003/arcrole/parent-child' xlink:from='loc_ScheduleOfImpairedLongLivedAssetsHeldAndUsedTable' xlink:to='loc_ImpairedLongLivedAssetsHeldAndUsedLineItems' xlink:type='arc' />
<presentationArc order='10' xlink:arcrole='http://www.xbrl.org/2003/arcrole/parent-child' xlink:from='loc_ImpairedLongLivedAssetsHeldAndUsedLineItems' xlink:to='loc_ImpairedLongLivedAssetsHeldAndUsedAssetDescription' xlink:type='arc' />
<presentationArc order='20' xlink:arcrole='http://www.xbrl.org/2003/arcrole/parent-child' xlink:from='loc_ImpairedLongLivedAssetsHeldAndUsedLineItems' xlink:to='loc_ImpairedLongLivedAssetsHeldAndUsedFactsAndCircumstancesLeadingToImpairment' xlink:type='arc' />
<presentationArc order='30' xlink:arcrole='http://www.xbrl.org/2003/arcrole/parent-child' xlink:from='loc_ImpairedLongLivedAssetsHeldAndUsedLineItems' xlink:to='loc_ImpairmentOfLongLivedAssetsHeldForUse' xlink:type='arc' />
<presentationArc order='40' xlink:arcrole='http://www.xbrl.org/2003/arcrole/parent-child' xlink:from='loc_ImpairedLongLivedAssetsHeldAndUsedLineItems' xlink:to='loc_ImpairedLongLivedAssetsHeldAndUsedIncomeStatementClassification' xlink:type='arc' />
<presentationArc order='50' xlink:arcrole='http://www.xbrl.org/2003/arcrole/parent-child' xlink:from='loc_ImpairedLongLivedAssetsHeldAndUsedLineItems' xlink:to='loc_ImpairedLongLivedAssetsHeldAndUsedMethodForDeterminingFairValue' xlink:type='arc' />
<presentationArc order='60' xlink:arcrole='http://www.xbrl.org/2003/arcrole/parent-child' xlink:from='loc_ImpairedLongLivedAssetsHeldAndUsedLineItems' xlink:to='loc_ImpairedLongLivedAssetsHeldAndUsedSegmentClassification' xlink:type='arc' />
<presentationArc order='20' xlink:arcrole='http://www.xbrl.org/2003/arcrole/parent-child' xlink:from='loc_ImpairmentOrDisposalOfTangibleAssetsDisclosureAbstract' xlink:to='loc_ImpairedAssetsToBeDisposedOfByMethodOtherThanSaleAbstract' xlink:type='arc' />
<presentationArc order='10' xlink:arcrole='http://www.xbrl.org/2003/arcrole/parent-child' xlink:from='loc_ImpairedAssetsToBeDisposedOfByMethodOtherThanSaleAbstract' xlink:to='loc_ImpairedAssetsToBeDisposedOfByMethodOtherThanSaleTextBlock' xlink:type='arc' />
<presentationArc order='10' xlink:arcrole='http://www.xbrl.org/2003/arcrole/parent-child' xlink:from='loc_ImpairedAssetsToBeDisposedOfByMethodOtherThanSaleTextBlock' xlink:to='loc_ImpairedAssetsToBeDisposedOfByMethodOtherThanSaleTable' xlink:type='arc' />
<presentationArc order='10' xlink:arcrole='http://www.xbrl.org/2003/arcrole/parent-child' xlink:from='loc_ImpairedAssetsToBeDisposedOfByMethodOtherThanSaleTable' xlink:to='loc_ImpairedAssetsToBeDisposedOfByMethodOtherThanSaleByTypeAxis' xlink:type='arc' />
<presentationArc order='10' xlink:arcrole='http://www.xbrl.org/2003/arcrole/parent-child' xlink:from='loc_ImpairedAssetsToBeDisposedOfByMethodOtherThanSaleByTypeAxis' xlink:to='loc_ImpairedAssetsToBeDisposedOfByMethodOtherThanSaleAssetNameDomain' xlink:type='arc' />
<presentationArc order='20' xlink:arcrole='http://www.xbrl.org/2003/arcrole/parent-child' xlink:from='loc_ImpairedAssetsToBeDisposedOfByMethodOtherThanSaleTable' xlink:to='loc_ImpairedAssetsToBeDisposedOfByMethodOtherThanSaleLineItems' xlink:type='arc' />
<presentationArc order='10' xlink:arcrole='http://www.xbrl.org/2003/arcrole/parent-child' xlink:from='loc_ImpairedAssetsToBeDisposedOfByMethodOtherThanSaleLineItems' xlink:to='loc_ImpairedAssetsToBeDisposedOfByMethodOtherThanSaleCarryingValueOfAsset' xlink:type='arc' />
<presentationArc order='20' xlink:arcrole='http://www.xbrl.org/2003/arcrole/parent-child' xlink:from='loc_ImpairedAssetsToBeDisposedOfByMethodOtherThanSaleLineItems' xlink:to='loc_ImpairedAssetsToBeDisposedOfByMethodOtherThanSaleFactsAndCircumstancesLeadingToImpairment' xlink:type='arc' />
<presentationArc order='30' xlink:arcrole='http://www.xbrl.org/2003/arcrole/parent-child' xlink:from='loc_ImpairedAssetsToBeDisposedOfByMethodOtherThanSaleLineItems' xlink:to='loc_ImpairedAssetsToBeDisposedOfByMethodOtherThanSaleAmountOfImpairmentLoss' xlink:type='arc' />
<presentationArc order='40' xlink:arcrole='http://www.xbrl.org/2003/arcrole/parent-child' xlink:from='loc_ImpairedAssetsToBeDisposedOfByMethodOtherThanSaleLineItems' xlink:to='loc_ImpairedAssetsToBeDisposedOfByMethodOtherThanSaleIncomeStatementClassification' xlink:type='arc' />
<presentationArc order='50' xlink:arcrole='http://www.xbrl.org/2003/arcrole/parent-child' xlink:from='loc_ImpairedAssetsToBeDisposedOfByMethodOtherThanSaleLineItems' xlink:to='loc_ImpairedAssetsToBeDisposedOfByMethodOtherThanSaleMethodForDeterminingFairValue' xlink:type='arc' />
<presentationArc order='60' xlink:arcrole='http://www.xbrl.org/2003/arcrole/parent-child' xlink:from='loc_ImpairedAssetsToBeDisposedOfByMethodOtherThanSaleLineItems' xlink:to='loc_ImpairedAssetsToBeDisposedOfByMethodOtherThanSaleSegmentClassification' xlink:type='arc' />
<presentationArc order='30' xlink:arcrole='http://www.xbrl.org/2003/arcrole/parent-child' xlink:from='loc_ImpairmentOrDisposalOfTangibleAssetsDisclosureAbstract' xlink:to='loc_LongLivedAssetsToBeAbandonedAbstract' xlink:type='arc' />
<presentationArc order='10' xlink:arcrole='http://www.xbrl.org/2003/arcrole/parent-child' xlink:from='loc_LongLivedAssetsToBeAbandonedAbstract' xlink:to='loc_DetailsOfLongLivedAssetsToBeAbandonedByAssetTextBlock' xlink:type='arc' />
<presentationArc order='10' xlink:arcrole='http://www.xbrl.org/2003/arcrole/parent-child' xlink:from='loc_DetailsOfLongLivedAssetsToBeAbandonedByAssetTextBlock' xlink:to='loc_ScheduleOfLongLivedAssetsToBeAbandonedTable' xlink:type='arc' />
<presentationArc order='10' xlink:arcrole='http://www.xbrl.org/2003/arcrole/parent-child' xlink:from='loc_ScheduleOfLongLivedAssetsToBeAbandonedTable' xlink:to='loc_LongLivedAssetsToBeAbandonedByAssetAxis' xlink:type='arc' />
<presentationArc order='10' xlink:arcrole='http://www.xbrl.org/2003/arcrole/parent-child' xlink:from='loc_LongLivedAssetsToBeAbandonedByAssetAxis' xlink:to='loc_LongLivedAssetsToBeAbandonedAssetNameDomain' xlink:type='arc' />
<presentationArc order='20' xlink:arcrole='http://www.xbrl.org/2003/arcrole/parent-child' xlink:from='loc_ScheduleOfLongLivedAssetsToBeAbandonedTable' xlink:to='loc_LongLivedAssetsToBeAbandonedLineItems' xlink:type='arc' />
<presentationArc order='10' xlink:arcrole='http://www.xbrl.org/2003/arcrole/parent-child' xlink:from='loc_LongLivedAssetsToBeAbandonedLineItems' xlink:to='loc_LongLivedAssetsToBeAbandonedCircumstancesLeadingToPlannedAbandonment' xlink:type='arc' />
<presentationArc order='20' xlink:arcrole='http://www.xbrl.org/2003/arcrole/parent-child' xlink:from='loc_LongLivedAssetsToBeAbandonedLineItems' xlink:to='loc_LongLivedAssetsToBeAbandonedCarryingValueOfAsset' xlink:type='arc' />
<presentationArc order='30' xlink:arcrole='http://www.xbrl.org/2003/arcrole/parent-child' xlink:from='loc_LongLivedAssetsToBeAbandonedLineItems' xlink:to='loc_LongLivedAssetsToBeAbandonedTimingOfExpectedDisposition' xlink:type='arc' />
<presentationArc order='40' xlink:arcrole='http://www.xbrl.org/2003/arcrole/parent-child' xlink:from='loc_ImpairmentOrDisposalOfTangibleAssetsDisclosureAbstract' xlink:to='loc_AssetsDisposedOfByMethodOtherThanSaleInPeriodOfDispositionAbstract' xlink:type='arc' />
<presentationArc order='10' xlink:arcrole='http://www.xbrl.org/2003/arcrole/parent-child' xlink:from='loc_AssetsDisposedOfByMethodOtherThanSaleInPeriodOfDispositionAbstract' xlink:to='loc_AssetsDisposedOfByMethodOtherThanSaleInPeriodOfDispositionTextBlock' xlink:type='arc' />
<presentationArc order='10' xlink:arcrole='http://www.xbrl.org/2003/arcrole/parent-child' xlink:from='loc_AssetsDisposedOfByMethodOtherThanSaleInPeriodOfDispositionTextBlock' xlink:to='loc_ScheduleOfAssetsDisposedOfByMethodOtherThanSaleInPeriodOfDispositionTable' xlink:type='arc' />
<presentationArc order='10' xlink:arcrole='http://www.xbrl.org/2003/arcrole/parent-child' xlink:from='loc_ScheduleOfAssetsDisposedOfByMethodOtherThanSaleInPeriodOfDispositionTable' xlink:to='loc_AssetsDisposedOfByMethodOtherThanSaleInPeriodOfDispositionByAssetAxis' xlink:type='arc' />
<presentationArc order='10' xlink:arcrole='http://www.xbrl.org/2003/arcrole/parent-child' xlink:from='loc_AssetsDisposedOfByMethodOtherThanSaleInPeriodOfDispositionByAssetAxis' xlink:to='loc_AssetsDisposedOfByMethodOtherThanSaleInPeriodOfDispositionAssetNameDomain' xlink:type='arc' />
<presentationArc order='20' xlink:arcrole='http://www.xbrl.org/2003/arcrole/parent-child' xlink:from='loc_ScheduleOfAssetsDisposedOfByMethodOtherThanSaleInPeriodOfDispositionTable' xlink:to='loc_AssetsDisposedOfByMethodOtherThanSaleInPeriodOfDispositionLineItems' xlink:type='arc' />
<presentationArc order='10' xlink:arcrole='http://www.xbrl.org/2003/arcrole/parent-child' xlink:from='loc_AssetsDisposedOfByMethodOtherThanSaleInPeriodOfDispositionLineItems' xlink:to='loc_AssetsDisposedOfByMethodOtherThanSaleInPeriodOfDispositionGainLossOnDisposition' xlink:type='arc' />
<presentationArc order='20' xlink:arcrole='http://www.xbrl.org/2003/arcrole/parent-child' xlink:from='loc_AssetsDisposedOfByMethodOtherThanSaleInPeriodOfDispositionLineItems' xlink:to='loc_AssetsDisposedOfByMethodOtherThanSaleInPeriodOfDispositionIncomeStatementClassificationOfGainLossOnDisposal' xlink:type='arc' />
<presentationArc order='30' xlink:arcrole='http://www.xbrl.org/2003/arcrole/parent-child' xlink:from='loc_AssetsDisposedOfByMethodOtherThanSaleInPeriodOfDispositionLineItems' xlink:to='loc_AssetsDisposedOfByMethodOtherThanSaleInPeriodOfDispositionMethodOfDisposal' xlink:type='arc' />
<presentationArc order='40' xlink:arcrole='http://www.xbrl.org/2003/arcrole/parent-child' xlink:from='loc_AssetsDisposedOfByMethodOtherThanSaleInPeriodOfDispositionLineItems' xlink:to='loc_AssetsDisposedOfByMethodOtherThanSaleInPeriodOfDispositionSegmentClassification' xlink:type='arc' />
<presentationArc order='50' xlink:arcrole='http://www.xbrl.org/2003/arcrole/parent-child' xlink:from='loc_ImpairmentOrDisposalOfTangibleAssetsDisclosureAbstract' xlink:to='loc_ImpairmentOfTangibleAssetsOtherDescriptors' xlink:type='arc' />
<presentationArc order='60' xlink:arcrole='http://www.xbrl.org/2003/arcrole/parent-child' xlink:from='loc_ImpairmentOrDisposalOfTangibleAssetsDisclosureAbstract' xlink:to='loc_RetirementOfTangibleAssetsOtherDescriptors' xlink:type='arc' />
<presentationArc order='70' xlink:arcrole='http://www.xbrl.org/2003/arcrole/parent-child' xlink:from='loc_ImpairmentOrDisposalOfTangibleAssetsDisclosureAbstract' xlink:to='loc_TangibleAssetImpairmentChargesAbstract' xlink:type='arc' />
<presentationArc order='10' xlink:arcrole='http://www.xbrl.org/2003/arcrole/parent-child' xlink:from='loc_TangibleAssetImpairmentChargesAbstract' xlink:to='loc_ImpairmentOfLongLivedAssetsToBeDisposedOf' xlink:type='arc' />
<presentationArc order='20' xlink:arcrole='http://www.xbrl.org/2003/arcrole/parent-child' xlink:from='loc_TangibleAssetImpairmentChargesAbstract' xlink:to='loc_ImpairmentOfLongLivedAssetsHeldForUse' xlink:type='arc' />
<presentationArc order='30' xlink:arcrole='http://www.xbrl.org/2003/arcrole/parent-child' xlink:from='loc_TangibleAssetImpairmentChargesAbstract' xlink:to='loc_ImpairmentOfRealEstate' xlink:type='arc' />
<presentationArc order='40' xlink:arcrole='http://www.xbrl.org/2003/arcrole/parent-child' xlink:from='loc_TangibleAssetImpairmentChargesAbstract' xlink:to='loc_ExplorationAbandonmentAndImpairmentExpense' xlink:type='arc' />
<presentationArc order='50' xlink:arcrole='http://www.xbrl.org/2003/arcrole/parent-child' xlink:from='loc_TangibleAssetImpairmentChargesAbstract' xlink:to='loc_ImpairmentOfOilAndGasProperties' xlink:type='arc' />
<presentationArc order='60' xlink:arcrole='http://www.xbrl.org/2003/arcrole/parent-child' xlink:from='loc_TangibleAssetImpairmentChargesAbstract' xlink:to='loc_ImpairmentLossesRelatedToRealEstatePartnerships' xlink:type='arc' />
<presentationArc order='70' xlink:arcrole='http://www.xbrl.org/2003/arcrole/parent-child' xlink:from='loc_TangibleAssetImpairmentChargesAbstract' xlink:to='loc_DisposalGroupNotDiscontinuedOperationLossGainOnWriteDown' xlink:type='arc' />
<presentationArc order='80' xlink:arcrole='http://www.xbrl.org/2003/arcrole/parent-child' xlink:from='loc_TangibleAssetImpairmentChargesAbstract' xlink:to='loc_OtherAssetImpairmentCharges' xlink:type='arc' />
<presentationArc order='90' preferredLabel='http://www.xbrl.org/2003/role/totalLabel' xlink:arcrole='http://www.xbrl.org/2003/arcrole/parent-child' xlink:from='loc_TangibleAssetImpairmentChargesAbstract' xlink:to='loc_TangibleAssetImpairmentCharges' xlink:type='arc' />
<presentationArc order='60' xlink:arcrole='http://www.xbrl.org/2003/arcrole/parent-child' xlink:from='loc_PropertyPlantAndEquipmentDisclosureTextBlock' xlink:to='loc_PropertyPlantAndEquipmentAssetsHeldForSaleDisclosureAbstract' xlink:type='arc' />
<presentationArc order='10' xlink:arcrole='http://www.xbrl.org/2003/arcrole/parent-child' xlink:from='loc_PropertyPlantAndEquipmentAssetsHeldForSaleDisclosureAbstract' xlink:to='loc_DisclosureOfLongLivedAssetsHeldForSaleTextBlock' xlink:type='arc' />
<presentationArc order='10' xlink:arcrole='http://www.xbrl.org/2003/arcrole/parent-child' xlink:from='loc_DisclosureOfLongLivedAssetsHeldForSaleTextBlock' xlink:to='loc_ScheduleOfLongLivedAssetsHeldForSaleTable' xlink:type='arc' />
<presentationArc order='10' xlink:arcrole='http://www.xbrl.org/2003/arcrole/parent-child' xlink:from='loc_ScheduleOfLongLivedAssetsHeldForSaleTable' xlink:to='loc_LongLivedAssetsHeldForSaleByAssetTypeAxis' xlink:type='arc' />
<presentationArc order='10' xlink:arcrole='http://www.xbrl.org/2003/arcrole/parent-child' xlink:from='loc_LongLivedAssetsHeldForSaleByAssetTypeAxis' xlink:to='loc_LongLivedAssetsHeldForSaleNameDomain' xlink:type='arc' />
<presentationArc order='20' xlink:arcrole='http://www.xbrl.org/2003/arcrole/parent-child' xlink:from='loc_ScheduleOfLongLivedAssetsHeldForSaleTable' xlink:to='loc_LongLivedAssetsHeldForSaleLineItems' xlink:type='arc' />
<presentationArc order='10' xlink:arcrole='http://www.xbrl.org/2003/arcrole/parent-child' xlink:from='loc_LongLivedAssetsHeldForSaleLineItems' xlink:to='loc_LongLivedAssetsHeldForSaleDescription' xlink:type='arc' />
<presentationArc order='20' xlink:arcrole='http://www.xbrl.org/2003/arcrole/parent-child' xlink:from='loc_LongLivedAssetsHeldForSaleLineItems' xlink:to='loc_AssetsHeldForSaleLongLived' xlink:type='arc' />
<presentationArc order='30' xlink:arcrole='http://www.xbrl.org/2003/arcrole/parent-child' xlink:from='loc_LongLivedAssetsHeldForSaleLineItems' xlink:to='loc_LongLivedAssetsHeldForSaleImpairmentCharge' xlink:type='arc' />
<presentationArc order='40' xlink:arcrole='http://www.xbrl.org/2003/arcrole/parent-child' xlink:from='loc_LongLivedAssetsHeldForSaleLineItems' xlink:to='loc_LongLivedAssetsHeldForSaleProceedsFromSale' xlink:type='arc' />
<presentationArc order='50' xlink:arcrole='http://www.xbrl.org/2003/arcrole/parent-child' xlink:from='loc_LongLivedAssetsHeldForSaleLineItems' xlink:to='loc_LongLivedAssetsHeldForSaleGainLossOnSale' xlink:type='arc' />
<presentationArc order='20' use='optional' xlink:arcrole='http://www.xbrl.org/2003/arcrole/parent-child' xlink:from='loc_PropertyPlantAndEquipmentAssetsHeldForSaleDisclosureAbstract' xlink:to='loc_ReasonForChangingPlanToSellAssetsHeldForSaleAbstract' xlink:type='arc' />
<presentationArc order='10' use='optional' xlink:arcrole='http://www.xbrl.org/2003/arcrole/parent-child' xlink:from='loc_ReasonForChangingPlanToSellAssetsHeldForSaleAbstract' xlink:to='loc_ReasonForChangingPlanToSellAssetsHeldForSale' xlink:type='arc' />
<presentationArc order='20' xlink:arcrole='http://www.xbrl.org/2003/arcrole/parent-child' xlink:from='loc_ReasonForChangingPlanToSellAssetsHeldForSaleAbstract' xlink:to='loc_DepreciationExpenseOnReclassifiedAssets' xlink:type='arc' />
<presentationArc order='30' xlink:arcrole='http://www.xbrl.org/2003/arcrole/parent-child' xlink:from='loc_ReasonForChangingPlanToSellAssetsHeldForSaleAbstract' xlink:to='loc_ImpairmentChargeOnReclassifiedAssets' xlink:type='arc' />
<presentationArc order='70' xlink:arcrole='http://www.xbrl.org/2003/arcrole/parent-child' xlink:from='loc_PropertyPlantAndEquipmentDisclosureTextBlock' xlink:to='loc_PropertyPlantAndEquipmentAdditionalDisclosures' xlink:type='arc' />
</presentationLink>
</link:linkbase>
