<?xml version="1.0" encoding="UTF-8" standalone="no"?>

<!--Copyright (C) 2007-2009 XBRL US, Inc. All Rights Reserved.
Notice: Authorized Uses are Set Forth at http://xbrl.us/legal2009
  -->
<link:linkbase xmlns:link='http://www.xbrl.org/2003/linkbase' xmlns:xlink='http://www.w3.org/1999/xlink' xmlns:xsi='http://www.w3.org/2001/XMLSchema-instance' xsi:schemaLocation='http://www.xbrl.org/2003/linkbase http://www.xbrl.org/2003/xbrl-linkbase-2003-12-31.xsd'>
<link:roleRef roleURI='http://xbrl.us/us-gaap/role/disclosure/StatementOfCashFlowsSupplementalDisclosures' xlink:href='../elts/us-roles-2009-01-31.xsd#scfsup' xlink:type='simple' />
<presentationLink xlink:role='http://xbrl.us/us-gaap/role/disclosure/StatementOfCashFlowsSupplementalDisclosures' xlink:type='extended' xmlns='http://www.xbrl.org/2003/linkbase'>
<link:loc xlink:href='../elts/us-gaap-2009-01-31.xsd#us-gaap_CashFlowSupplementalDisclosuresTextBlock' xlink:label='loc_CashFlowSupplementalDisclosuresTextBlock' xlink:type='locator' />
<link:loc xlink:href='../elts/us-gaap-2009-01-31.xsd#us-gaap_SupplementalCashFlowInformationAbstract' xlink:label='loc_SupplementalCashFlowInformationAbstract' xlink:type='locator' />
<link:loc xlink:href='../elts/us-gaap-2009-01-31.xsd#us-gaap_SupplementalCashFlowInformationRelatedText' xlink:label='loc_SupplementalCashFlowInformationRelatedText' xlink:type='locator' />
<link:loc xlink:href='../elts/us-gaap-2009-01-31.xsd#us-gaap_InterestPaidNetAbstract' xlink:label='loc_InterestPaidNetAbstract' xlink:type='locator' />
<link:loc xlink:href='../elts/us-gaap-2009-01-31.xsd#us-gaap_InterestPaid' xlink:label='loc_InterestPaid' xlink:type='locator' />
<link:loc xlink:href='../elts/us-gaap-2009-01-31.xsd#us-gaap_CashPaidForCapitalizedInterest' xlink:label='loc_CashPaidForCapitalizedInterest' xlink:type='locator' />
<link:loc xlink:href='../elts/us-gaap-2009-01-31.xsd#us-gaap_InterestPaidNet' xlink:label='loc_InterestPaidNet' xlink:type='locator' />
<link:loc xlink:href='../elts/us-gaap-2009-01-31.xsd#us-gaap_IncomeTaxesPaidNetAbstract' xlink:label='loc_IncomeTaxesPaidNetAbstract' xlink:type='locator' />
<link:loc xlink:href='../elts/us-gaap-2009-01-31.xsd#us-gaap_IncomeTaxesPaid' xlink:label='loc_IncomeTaxesPaid' xlink:type='locator' />
<link:loc xlink:href='../elts/us-gaap-2009-01-31.xsd#us-gaap_ProceedsFromIncomeTaxRefunds' xlink:label='loc_ProceedsFromIncomeTaxRefunds' xlink:type='locator' />
<link:loc xlink:href='../elts/us-gaap-2009-01-31.xsd#us-gaap_IncomeTaxesPaidNet' xlink:label='loc_IncomeTaxesPaidNet' xlink:type='locator' />
<link:loc xlink:href='../elts/us-gaap-2009-01-31.xsd#us-gaap_IncomeTaxRefundsDiscontinuedOperations' xlink:label='loc_IncomeTaxRefundsDiscontinuedOperations' xlink:type='locator' />
<link:loc xlink:href='../elts/us-gaap-2009-01-31.xsd#us-gaap_InterestPaidDiscontinuedOperations' xlink:label='loc_InterestPaidDiscontinuedOperations' xlink:type='locator' />
<link:loc xlink:href='../elts/us-gaap-2009-01-31.xsd#us-gaap_ProceedsFromStockOptionsExercised' xlink:label='loc_ProceedsFromStockOptionsExercised' xlink:type='locator' />
<link:loc xlink:href='../elts/us-gaap-2009-01-31.xsd#us-gaap_TaxBenefitFromStockOptionsExercised' xlink:label='loc_TaxBenefitFromStockOptionsExercised' xlink:type='locator' />
<link:loc xlink:href='../elts/us-gaap-2009-01-31.xsd#us-gaap_ExcessTaxBenefitFromShareBasedCompensationFinancingActivities' xlink:label='loc_ExcessTaxBenefitFromShareBasedCompensationFinancingActivities' xlink:type='locator' />
<link:loc xlink:href='../elts/us-gaap-2009-01-31.xsd#us-gaap_CashFlowNoncashInvestingAndFinancingActivitiesDisclosureAbstract' xlink:label='loc_CashFlowNoncashInvestingAndFinancingActivitiesDisclosureAbstract' xlink:type='locator' />
<link:loc xlink:href='../elts/us-gaap-2009-01-31.xsd#us-gaap_NoncashInvestingAndFinancingActivitiesRelatedText' xlink:label='loc_NoncashInvestingAndFinancingActivitiesRelatedText' xlink:type='locator' />
<link:loc xlink:href='../elts/us-gaap-2009-01-31.xsd#us-gaap_ScheduleOfNoncashOrPartNoncashAcquisitionsTextBlock' xlink:label='loc_ScheduleOfNoncashOrPartNoncashAcquisitionsTextBlock' xlink:type='locator' />
<link:loc xlink:href='../elts/us-gaap-2009-01-31.xsd#us-gaap_NoncashOrPartNoncashAcquisitionsTable' xlink:label='loc_NoncashOrPartNoncashAcquisitionsTable' xlink:type='locator' />
<link:loc xlink:href='../elts/us-gaap-2009-01-31.xsd#us-gaap_NoncashOrPartNoncashAcquisitionsByUniqueDescriptionAxis' xlink:label='loc_NoncashOrPartNoncashAcquisitionsByUniqueDescriptionAxis' xlink:type='locator' />
<link:loc xlink:href='../elts/us-gaap-2009-01-31.xsd#us-gaap_NoncashOrPartNoncashAcquisitionNameDomain' xlink:label='loc_NoncashOrPartNoncashAcquisitionNameDomain' xlink:type='locator' />
<link:loc xlink:href='../elts/us-gaap-2009-01-31.xsd#us-gaap_NoncashOrPartNoncashAcquisitionsLineItems' xlink:label='loc_NoncashOrPartNoncashAcquisitionsLineItems' xlink:type='locator' />
<link:loc xlink:href='../elts/us-gaap-2009-01-31.xsd#us-gaap_NoncashOrPartNoncashAcquisitionDescription' xlink:label='loc_NoncashOrPartNoncashAcquisitionDescription' xlink:type='locator' />
<link:loc xlink:href='../elts/us-gaap-2009-01-31.xsd#us-gaap_NoncashOrPartNoncashAcquisitionInterestAcquired' xlink:label='loc_NoncashOrPartNoncashAcquisitionInterestAcquired' xlink:type='locator' />
<link:loc xlink:href='../elts/us-gaap-2009-01-31.xsd#us-gaap_NoncashOrPartNoncashAcquisitionNetNonmonetaryAssetsAcquiredLiabilitiesAssumedAbstract' xlink:label='loc_NoncashOrPartNoncashAcquisitionNetNonmonetaryAssetsAcquiredLiabilitiesAssumedAbstract' xlink:type='locator' />
<link:loc xlink:href='../elts/us-gaap-2009-01-31.xsd#us-gaap_NoncashOrPartNoncashAcquisitionValueOfAssetsAcquiredAbstract' xlink:label='loc_NoncashOrPartNoncashAcquisitionValueOfAssetsAcquiredAbstract' xlink:type='locator' />
<link:loc xlink:href='../elts/us-gaap-2009-01-31.xsd#us-gaap_NoncashOrPartNoncashAcquisitionAccountsReceivableAcquired' xlink:label='loc_NoncashOrPartNoncashAcquisitionAccountsReceivableAcquired' xlink:type='locator' />
<link:loc xlink:href='../elts/us-gaap-2009-01-31.xsd#us-gaap_NoncashOrPartNoncashAcquisitionInvestmentsAcquired' xlink:label='loc_NoncashOrPartNoncashAcquisitionInvestmentsAcquired' xlink:type='locator' />
<link:loc xlink:href='../elts/us-gaap-2009-01-31.xsd#us-gaap_NoncashOrPartNoncashAcquisitionInventoryAcquired' xlink:label='loc_NoncashOrPartNoncashAcquisitionInventoryAcquired' xlink:type='locator' />
<link:loc xlink:href='../elts/us-gaap-2009-01-31.xsd#us-gaap_NoncashOrPartNoncashAcquisitionFixedAssetsAcquired' xlink:label='loc_NoncashOrPartNoncashAcquisitionFixedAssetsAcquired' xlink:type='locator' />
<link:loc xlink:href='../elts/us-gaap-2009-01-31.xsd#us-gaap_NoncashOrPartNoncashAcquisitionIntangibleAssetsAcquired' xlink:label='loc_NoncashOrPartNoncashAcquisitionIntangibleAssetsAcquired' xlink:type='locator' />
<link:loc xlink:href='../elts/us-gaap-2009-01-31.xsd#us-gaap_NoncashOrPartNoncashAcquisitionOtherAssetsAcquired' xlink:label='loc_NoncashOrPartNoncashAcquisitionOtherAssetsAcquired' xlink:type='locator' />
<link:loc xlink:href='../elts/us-gaap-2009-01-31.xsd#us-gaap_NoncashOrPartNoncashAcquisitionValueOfAssetsAcquired' xlink:label='loc_NoncashOrPartNoncashAcquisitionValueOfAssetsAcquired' xlink:type='locator' />
<link:loc xlink:href='../elts/us-gaap-2009-01-31.xsd#us-gaap_NoncashOrPartNoncashAcquisitionValueOfLiabilitiesAssumedAbstract' xlink:label='loc_NoncashOrPartNoncashAcquisitionValueOfLiabilitiesAssumedAbstract' xlink:type='locator' />
<link:loc xlink:href='../elts/us-gaap-2009-01-31.xsd#us-gaap_NoncashOrPartNoncashAcquisitionPayablesAssumed' xlink:label='loc_NoncashOrPartNoncashAcquisitionPayablesAssumed' xlink:type='locator' />
<link:loc xlink:href='../elts/us-gaap-2009-01-31.xsd#us-gaap_NoncashOrPartNoncashAcquisitionEmployeeBenefitLiabilitiesAssumed' xlink:label='loc_NoncashOrPartNoncashAcquisitionEmployeeBenefitLiabilitiesAssumed' xlink:type='locator' />
<link:loc xlink:href='../elts/us-gaap-2009-01-31.xsd#us-gaap_NoncashOrPartNoncashAcquisitionDebtAssumed' xlink:label='loc_NoncashOrPartNoncashAcquisitionDebtAssumed' xlink:type='locator' />
<link:loc xlink:href='../elts/us-gaap-2009-01-31.xsd#us-gaap_NoncashOrPartNoncashAcquisitionOtherLiabilitiesAssumed' xlink:label='loc_NoncashOrPartNoncashAcquisitionOtherLiabilitiesAssumed' xlink:type='locator' />
<link:loc xlink:href='../elts/us-gaap-2009-01-31.xsd#us-gaap_NoncashOrPartNoncashAcquisitionValueOfLiabilitiesAssumed' xlink:label='loc_NoncashOrPartNoncashAcquisitionValueOfLiabilitiesAssumed' xlink:type='locator' />
<link:loc xlink:href='../elts/us-gaap-2009-01-31.xsd#us-gaap_NoncashOrPartNoncashAcquisitionNetNonmonetaryAssetsAcquiredLiabilitiesAssumed' xlink:label='loc_NoncashOrPartNoncashAcquisitionNetNonmonetaryAssetsAcquiredLiabilitiesAssumed' xlink:type='locator' />
<link:loc xlink:href='../elts/us-gaap-2009-01-31.xsd#us-gaap_NoncashOrPartNoncashAcquisitionNoncashFinancialOrEquityInstrumentConsiderationSharesIssued' xlink:label='loc_NoncashOrPartNoncashAcquisitionNoncashFinancialOrEquityInstrumentConsiderationSharesIssued' xlink:type='locator' />
<link:loc xlink:href='../elts/us-gaap-2009-01-31.xsd#us-gaap_NoncashOrPartNoncashAcquisitionNoncashFinancialOrEquityInstrumentConsiderationWarrantsIssued' xlink:label='loc_NoncashOrPartNoncashAcquisitionNoncashFinancialOrEquityInstrumentConsiderationWarrantsIssued' xlink:type='locator' />
<link:loc xlink:href='../elts/us-gaap-2009-01-31.xsd#us-gaap_NoncashOrPartNoncashAcquisitionNoncashFinancialOrEquityInstrumentConsiderationOptionsIssued' xlink:label='loc_NoncashOrPartNoncashAcquisitionNoncashFinancialOrEquityInstrumentConsiderationOptionsIssued' xlink:type='locator' />
<link:loc xlink:href='../elts/us-gaap-2009-01-31.xsd#us-gaap_NoncashOrPartNoncashAcquisitionNoncashFinancialOrEquityInstrumentConsiderationDueDateYear' xlink:label='loc_NoncashOrPartNoncashAcquisitionNoncashFinancialOrEquityInstrumentConsiderationDueDateYear' xlink:type='locator' />
<link:loc xlink:href='../elts/us-gaap-2009-01-31.xsd#us-gaap_NoncashOrPartNoncashAcquisitionNoncashFinancialOrEquityInstrumentConsiderationDueDateMonthAndYear' xlink:label='loc_NoncashOrPartNoncashAcquisitionNoncashFinancialOrEquityInstrumentConsiderationDueDateMonthAndYear' xlink:type='locator' />
<link:loc xlink:href='../elts/us-gaap-2009-01-31.xsd#us-gaap_NoncashOrPartNoncashAcquisitionNoncashFinancialOrEquityInstrumentConsiderationDueDateDayMonthAndYear' xlink:label='loc_NoncashOrPartNoncashAcquisitionNoncashFinancialOrEquityInstrumentConsiderationDueDateDayMonthAndYear' xlink:type='locator' />
<link:loc xlink:href='../elts/us-gaap-2009-01-31.xsd#us-gaap_NoncashOrPartNoncashAcquisitionNoncashFinancialOrEquityInstrumentConsiderationRate' xlink:label='loc_NoncashOrPartNoncashAcquisitionNoncashFinancialOrEquityInstrumentConsiderationRate' xlink:type='locator' />
<link:loc xlink:href='../elts/us-gaap-2009-01-31.xsd#us-gaap_ScheduleOfNoncashOrPartNoncashDivestituresTextBlock' xlink:label='loc_ScheduleOfNoncashOrPartNoncashDivestituresTextBlock' xlink:type='locator' />
<link:loc xlink:href='../elts/us-gaap-2009-01-31.xsd#us-gaap_NoncashOrPartNoncashDivestituresTable' xlink:label='loc_NoncashOrPartNoncashDivestituresTable' xlink:type='locator' />
<link:loc xlink:href='../elts/us-gaap-2009-01-31.xsd#us-gaap_NoncashOrPartNoncashDivestituresByUniqueNameAxis' xlink:label='loc_NoncashOrPartNoncashDivestituresByUniqueNameAxis' xlink:type='locator' />
<link:loc xlink:href='../elts/us-gaap-2009-01-31.xsd#us-gaap_NoncashOrPartNoncashDivestitureNameDomain' xlink:label='loc_NoncashOrPartNoncashDivestitureNameDomain' xlink:type='locator' />
<link:loc xlink:href='../elts/us-gaap-2009-01-31.xsd#us-gaap_NoncashOrPartNoncashDivestituresLineItems' xlink:label='loc_NoncashOrPartNoncashDivestituresLineItems' xlink:type='locator' />
<link:loc xlink:href='../elts/us-gaap-2009-01-31.xsd#us-gaap_NoncashOrPartNoncashDivestitureDescription' xlink:label='loc_NoncashOrPartNoncashDivestitureDescription' xlink:type='locator' />
<link:loc xlink:href='../elts/us-gaap-2009-01-31.xsd#us-gaap_NoncashOrPartNoncashDivestitureAmountOfConsiderationReceived' xlink:label='loc_NoncashOrPartNoncashDivestitureAmountOfConsiderationReceived' xlink:type='locator' />
<link:loc xlink:href='../elts/us-gaap-2009-01-31.xsd#us-gaap_NoncashOrPartNoncashDivestitureTypeOfConsiderationReceived' xlink:label='loc_NoncashOrPartNoncashDivestitureTypeOfConsiderationReceived' xlink:type='locator' />
<link:loc xlink:href='../elts/us-gaap-2009-01-31.xsd#us-gaap_ScheduleOfConversionsOfStockTextBlock' xlink:label='loc_ScheduleOfConversionsOfStockTextBlock' xlink:type='locator' />
<link:loc xlink:href='../elts/us-gaap-2009-01-31.xsd#us-gaap_ConversionOfStockTable' xlink:label='loc_ConversionOfStockTable' xlink:type='locator' />
<link:loc xlink:href='../elts/us-gaap-2009-01-31.xsd#us-gaap_ConversionOfStockByUniqueDescriptionAxis' xlink:label='loc_ConversionOfStockByUniqueDescriptionAxis' xlink:type='locator' />
<link:loc xlink:href='../elts/us-gaap-2009-01-31.xsd#us-gaap_ConversionOfStockNameDomain' xlink:label='loc_ConversionOfStockNameDomain' xlink:type='locator' />
<link:loc xlink:href='../elts/us-gaap-2009-01-31.xsd#us-gaap_ConversionOfStockLineItems' xlink:label='loc_ConversionOfStockLineItems' xlink:type='locator' />
<link:loc xlink:href='../elts/us-gaap-2009-01-31.xsd#us-gaap_ConversionOfStockDescription' xlink:label='loc_ConversionOfStockDescription' xlink:type='locator' />
<link:loc xlink:href='../elts/us-gaap-2009-01-31.xsd#us-gaap_ConversionOfStockTypeOfStockConverted' xlink:label='loc_ConversionOfStockTypeOfStockConverted' xlink:type='locator' />
<link:loc xlink:href='../elts/us-gaap-2009-01-31.xsd#us-gaap_ConversionOfStockSharesConverted' xlink:label='loc_ConversionOfStockSharesConverted' xlink:type='locator' />
<link:loc xlink:href='../elts/us-gaap-2009-01-31.xsd#us-gaap_ConversionOfStockAmountConverted' xlink:label='loc_ConversionOfStockAmountConverted' xlink:type='locator' />
<link:loc xlink:href='../elts/us-gaap-2009-01-31.xsd#us-gaap_ConversionOfStockNewIssuance' xlink:label='loc_ConversionOfStockNewIssuance' xlink:type='locator' />
<link:loc xlink:href='../elts/us-gaap-2009-01-31.xsd#us-gaap_ConversionOfStockSharesIssued' xlink:label='loc_ConversionOfStockSharesIssued' xlink:type='locator' />
<link:loc xlink:href='../elts/us-gaap-2009-01-31.xsd#us-gaap_ConversionOfStockAmountIssued' xlink:label='loc_ConversionOfStockAmountIssued' xlink:type='locator' />
<link:loc xlink:href='../elts/us-gaap-2009-01-31.xsd#us-gaap_ScheduleOfDividendsPayableTextBlock' xlink:label='loc_ScheduleOfDividendsPayableTextBlock' xlink:type='locator' />
<link:loc xlink:href='../elts/us-gaap-2009-01-31.xsd#us-gaap_DividendsPayableTable' xlink:label='loc_DividendsPayableTable' xlink:type='locator' />
<link:loc xlink:href='../elts/us-gaap-2009-01-31.xsd#us-gaap_DividendsPayableByClassOfStockAxis' xlink:label='loc_DividendsPayableByClassOfStockAxis' xlink:type='locator' />
<link:loc xlink:href='../elts/us-gaap-2009-01-31.xsd#us-gaap_ClassOfStockDomain' xlink:label='loc_ClassOfStockDomain' xlink:type='locator' />
<link:loc xlink:href='../elts/us-gaap-2009-01-31.xsd#us-gaap_CommonStockMember' xlink:label='loc_CommonStockMember' xlink:type='locator' />
<link:loc xlink:href='../elts/us-gaap-2009-01-31.xsd#us-gaap_NonvotingCommonStockMember' xlink:label='loc_NonvotingCommonStockMember' xlink:type='locator' />
<link:loc xlink:href='../elts/us-gaap-2009-01-31.xsd#us-gaap_ConvertibleCommonStockMember' xlink:label='loc_ConvertibleCommonStockMember' xlink:type='locator' />
<link:loc xlink:href='../elts/us-gaap-2009-01-31.xsd#us-gaap_CommonClassAMember' xlink:label='loc_CommonClassAMember' xlink:type='locator' />
<link:loc xlink:href='../elts/us-gaap-2009-01-31.xsd#us-gaap_CommonClassBMember' xlink:label='loc_CommonClassBMember' xlink:type='locator' />
<link:loc xlink:href='../elts/us-gaap-2009-01-31.xsd#us-gaap_PreferredStockMember' xlink:label='loc_PreferredStockMember' xlink:type='locator' />
<link:loc xlink:href='../elts/us-gaap-2009-01-31.xsd#us-gaap_CumulativePreferredStockMember' xlink:label='loc_CumulativePreferredStockMember' xlink:type='locator' />
<link:loc xlink:href='../elts/us-gaap-2009-01-31.xsd#us-gaap_NoncumulativePreferredStockMember' xlink:label='loc_NoncumulativePreferredStockMember' xlink:type='locator' />
<link:loc xlink:href='../elts/us-gaap-2009-01-31.xsd#us-gaap_RedeemablePreferredStockMember' xlink:label='loc_RedeemablePreferredStockMember' xlink:type='locator' />
<link:loc xlink:href='../elts/us-gaap-2009-01-31.xsd#us-gaap_NonredeemablePreferredStockMember' xlink:label='loc_NonredeemablePreferredStockMember' xlink:type='locator' />
<link:loc xlink:href='../elts/us-gaap-2009-01-31.xsd#us-gaap_ConvertiblePreferredStockMember' xlink:label='loc_ConvertiblePreferredStockMember' xlink:type='locator' />
<link:loc xlink:href='../elts/us-gaap-2009-01-31.xsd#us-gaap_NonredeemableConvertiblePreferredStockMember' xlink:label='loc_NonredeemableConvertiblePreferredStockMember' xlink:type='locator' />
<link:loc xlink:href='../elts/us-gaap-2009-01-31.xsd#us-gaap_RedeemableConvertiblePreferredStockMember' xlink:label='loc_RedeemableConvertiblePreferredStockMember' xlink:type='locator' />
<link:loc xlink:href='../elts/us-gaap-2009-01-31.xsd#us-gaap_PreferredClassAMember' xlink:label='loc_PreferredClassAMember' xlink:type='locator' />
<link:loc xlink:href='../elts/us-gaap-2009-01-31.xsd#us-gaap_PreferredClassBMember' xlink:label='loc_PreferredClassBMember' xlink:type='locator' />
<link:loc xlink:href='../elts/us-gaap-2009-01-31.xsd#us-gaap_SeriesAPreferredStockMember' xlink:label='loc_SeriesAPreferredStockMember' xlink:type='locator' />
<link:loc xlink:href='../elts/us-gaap-2009-01-31.xsd#us-gaap_SeriesBPreferredStockMember' xlink:label='loc_SeriesBPreferredStockMember' xlink:type='locator' />
<link:loc xlink:href='../elts/us-gaap-2009-01-31.xsd#us-gaap_SeriesCPreferredStockMember' xlink:label='loc_SeriesCPreferredStockMember' xlink:type='locator' />
<link:loc xlink:href='../elts/us-gaap-2009-01-31.xsd#us-gaap_SeriesDPreferredStockMember' xlink:label='loc_SeriesDPreferredStockMember' xlink:type='locator' />
<link:loc xlink:href='../elts/us-gaap-2009-01-31.xsd#us-gaap_SeriesEPreferredStockMember' xlink:label='loc_SeriesEPreferredStockMember' xlink:type='locator' />
<link:loc xlink:href='../elts/us-gaap-2009-01-31.xsd#us-gaap_SeriesFPreferredStockMember' xlink:label='loc_SeriesFPreferredStockMember' xlink:type='locator' />
<link:loc xlink:href='../elts/us-gaap-2009-01-31.xsd#us-gaap_SeriesGPreferredStockMember' xlink:label='loc_SeriesGPreferredStockMember' xlink:type='locator' />
<link:loc xlink:href='../elts/us-gaap-2009-01-31.xsd#us-gaap_SeriesHPreferredStockMember' xlink:label='loc_SeriesHPreferredStockMember' xlink:type='locator' />
<link:loc xlink:href='../elts/us-gaap-2009-01-31.xsd#us-gaap_DividendsPayableLineItems' xlink:label='loc_DividendsPayableLineItems' xlink:type='locator' />
<link:loc xlink:href='../elts/us-gaap-2009-01-31.xsd#us-gaap_DividendsPayableNature' xlink:label='loc_DividendsPayableNature' xlink:type='locator' />
<link:loc xlink:href='../elts/us-gaap-2009-01-31.xsd#us-gaap_DividendsPayableAmount' xlink:label='loc_DividendsPayableAmount' xlink:type='locator' />
<link:loc xlink:href='../elts/us-gaap-2009-01-31.xsd#us-gaap_DividendsPayableAmountPerShare' xlink:label='loc_DividendsPayableAmountPerShare' xlink:type='locator' />
<link:loc xlink:href='../elts/us-gaap-2009-01-31.xsd#us-gaap_DividendsPayableDateDeclaredYear' xlink:label='loc_DividendsPayableDateDeclaredYear' xlink:type='locator' />
<link:loc xlink:href='../elts/us-gaap-2009-01-31.xsd#us-gaap_DividendsPayableDateDeclaredMonthAndYear' xlink:label='loc_DividendsPayableDateDeclaredMonthAndYear' xlink:type='locator' />
<link:loc xlink:href='../elts/us-gaap-2009-01-31.xsd#us-gaap_DividendsPayableDateDeclaredDayMonthAndYear' xlink:label='loc_DividendsPayableDateDeclaredDayMonthAndYear' xlink:type='locator' />
<link:loc xlink:href='../elts/us-gaap-2009-01-31.xsd#us-gaap_DividendsPayableDateOfRecordDayMonthAndYear' xlink:label='loc_DividendsPayableDateOfRecordDayMonthAndYear' xlink:type='locator' />
<link:loc xlink:href='../elts/us-gaap-2009-01-31.xsd#us-gaap_DividendsPayableDateToBePaidYear' xlink:label='loc_DividendsPayableDateToBePaidYear' xlink:type='locator' />
<link:loc xlink:href='../elts/us-gaap-2009-01-31.xsd#us-gaap_DividendsPayableDateToBePaidMonthAndYear' xlink:label='loc_DividendsPayableDateToBePaidMonthAndYear' xlink:type='locator' />
<link:loc xlink:href='../elts/us-gaap-2009-01-31.xsd#us-gaap_DividendsPayableDateToBePaidDayMonthAndYear' xlink:label='loc_DividendsPayableDateToBePaidDayMonthAndYear' xlink:type='locator' />
<link:loc xlink:href='../elts/us-gaap-2009-01-31.xsd#us-gaap_ScheduleOfOtherSignificantNoncashTransactionsTextBlock' xlink:label='loc_ScheduleOfOtherSignificantNoncashTransactionsTextBlock' xlink:type='locator' />
<link:loc xlink:href='../elts/us-gaap-2009-01-31.xsd#us-gaap_OtherSignificantNoncashTransactionsTable' xlink:label='loc_OtherSignificantNoncashTransactionsTable' xlink:type='locator' />
<link:loc xlink:href='../elts/us-gaap-2009-01-31.xsd#us-gaap_OtherSignificantNoncashTransactionsByUniqueDescriptionAxis' xlink:label='loc_OtherSignificantNoncashTransactionsByUniqueDescriptionAxis' xlink:type='locator' />
<link:loc xlink:href='../elts/us-gaap-2009-01-31.xsd#us-gaap_OtherSignificantNoncashTransactionNameDomain' xlink:label='loc_OtherSignificantNoncashTransactionNameDomain' xlink:type='locator' />
<link:loc xlink:href='../elts/us-gaap-2009-01-31.xsd#us-gaap_OtherSignificantNoncashTransactionsLineItems' xlink:label='loc_OtherSignificantNoncashTransactionsLineItems' xlink:type='locator' />
<link:loc xlink:href='../elts/us-gaap-2009-01-31.xsd#us-gaap_OtherSignificantNoncashTransactionDescription' xlink:label='loc_OtherSignificantNoncashTransactionDescription' xlink:type='locator' />
<link:loc xlink:href='../elts/us-gaap-2009-01-31.xsd#us-gaap_OtherSignificantNoncashTransactionConsiderationReceived' xlink:label='loc_OtherSignificantNoncashTransactionConsiderationReceived' xlink:type='locator' />
<link:loc xlink:href='../elts/us-gaap-2009-01-31.xsd#us-gaap_OtherSignificantNoncashTransactionValueOfConsiderationReceived' xlink:label='loc_OtherSignificantNoncashTransactionValueOfConsiderationReceived' xlink:type='locator' />
<link:loc xlink:href='../elts/us-gaap-2009-01-31.xsd#us-gaap_OtherSignificantNoncashTransactionConsiderationGiven' xlink:label='loc_OtherSignificantNoncashTransactionConsiderationGiven' xlink:type='locator' />
<link:loc xlink:href='../elts/us-gaap-2009-01-31.xsd#us-gaap_OtherSignificantNoncashTransactionValueOfConsiderationGiven' xlink:label='loc_OtherSignificantNoncashTransactionValueOfConsiderationGiven' xlink:type='locator' />
<link:loc xlink:href='../elts/us-gaap-2009-01-31.xsd#us-gaap_ScheduleOfDebtConversionsTextBlock' xlink:label='loc_ScheduleOfDebtConversionsTextBlock' xlink:type='locator' />
<link:loc xlink:href='../elts/us-gaap-2009-01-31.xsd#us-gaap_DebtConversionTable' xlink:label='loc_DebtConversionTable' xlink:type='locator' />
<link:loc xlink:href='../elts/us-gaap-2009-01-31.xsd#us-gaap_DebtConversionByUniqueDescriptionAxis' xlink:label='loc_DebtConversionByUniqueDescriptionAxis' xlink:type='locator' />
<link:loc xlink:href='../elts/us-gaap-2009-01-31.xsd#us-gaap_DebtConversionNameDomain' xlink:label='loc_DebtConversionNameDomain' xlink:type='locator' />
<link:loc xlink:href='../elts/us-gaap-2009-01-31.xsd#us-gaap_DebtConversionLineItems' xlink:label='loc_DebtConversionLineItems' xlink:type='locator' />
<link:loc xlink:href='../elts/us-gaap-2009-01-31.xsd#us-gaap_DebtConversionDescription' xlink:label='loc_DebtConversionDescription' xlink:type='locator' />
<link:loc xlink:href='../elts/us-gaap-2009-01-31.xsd#us-gaap_DebtConversionOriginalDebtTypeOfDebt' xlink:label='loc_DebtConversionOriginalDebtTypeOfDebt' xlink:type='locator' />
<link:loc xlink:href='../elts/us-gaap-2009-01-31.xsd#us-gaap_DebtConversionOriginalDebtAmount' xlink:label='loc_DebtConversionOriginalDebtAmount' xlink:type='locator' />
<link:loc xlink:href='../elts/us-gaap-2009-01-31.xsd#us-gaap_DebtConversionOriginalDebtDueDateOfDebtYear' xlink:label='loc_DebtConversionOriginalDebtDueDateOfDebtYear' xlink:type='locator' />
<link:loc xlink:href='../elts/us-gaap-2009-01-31.xsd#us-gaap_DebtConversionOriginalDebtDueDateOfDebtMonthAndYear' xlink:label='loc_DebtConversionOriginalDebtDueDateOfDebtMonthAndYear' xlink:type='locator' />
<link:loc xlink:href='../elts/us-gaap-2009-01-31.xsd#us-gaap_DebtConversionOriginalDebtDueDateOfDebtDayMonthAndYear' xlink:label='loc_DebtConversionOriginalDebtDueDateOfDebtDayMonthAndYear' xlink:type='locator' />
<link:loc xlink:href='../elts/us-gaap-2009-01-31.xsd#us-gaap_DebtConversionOriginalDebtIssuanceDateOfDebtYear' xlink:label='loc_DebtConversionOriginalDebtIssuanceDateOfDebtYear' xlink:type='locator' />
<link:loc xlink:href='../elts/us-gaap-2009-01-31.xsd#us-gaap_DebtConversionOriginalDebtIssuanceDateOfDebtMonthAndYear' xlink:label='loc_DebtConversionOriginalDebtIssuanceDateOfDebtMonthAndYear' xlink:type='locator' />
<link:loc xlink:href='../elts/us-gaap-2009-01-31.xsd#us-gaap_DebtConversionOriginalDebtIssuanceDateOfDebtDayMonthAndYear' xlink:label='loc_DebtConversionOriginalDebtIssuanceDateOfDebtDayMonthAndYear' xlink:type='locator' />
<link:loc xlink:href='../elts/us-gaap-2009-01-31.xsd#us-gaap_DebtConversionOriginalDebtInterestRateOfDebt' xlink:label='loc_DebtConversionOriginalDebtInterestRateOfDebt' xlink:type='locator' />
<link:loc xlink:href='../elts/us-gaap-2009-01-31.xsd#us-gaap_DebtConversionConvertedInstrumentType' xlink:label='loc_DebtConversionConvertedInstrumentType' xlink:type='locator' />
<link:loc xlink:href='../elts/us-gaap-2009-01-31.xsd#us-gaap_DebtConversionConvertedInstrumentAmount' xlink:label='loc_DebtConversionConvertedInstrumentAmount' xlink:type='locator' />
<link:loc xlink:href='../elts/us-gaap-2009-01-31.xsd#us-gaap_DebtConversionConvertedInstrumentSharesIssued' xlink:label='loc_DebtConversionConvertedInstrumentSharesIssued' xlink:type='locator' />
<link:loc xlink:href='../elts/us-gaap-2009-01-31.xsd#us-gaap_DebtConversionConvertedInstrumentWarrantsOrOptionsIssued' xlink:label='loc_DebtConversionConvertedInstrumentWarrantsOrOptionsIssued' xlink:type='locator' />
<link:loc xlink:href='../elts/us-gaap-2009-01-31.xsd#us-gaap_DebtConversionConvertedInstrumentExpirationOrDueDateYear' xlink:label='loc_DebtConversionConvertedInstrumentExpirationOrDueDateYear' xlink:type='locator' />
<link:loc xlink:href='../elts/us-gaap-2009-01-31.xsd#us-gaap_DebtConversionConvertedInstrumentExpirationOrDueDateMonthAndYear' xlink:label='loc_DebtConversionConvertedInstrumentExpirationOrDueDateMonthAndYear' xlink:type='locator' />
<link:loc xlink:href='../elts/us-gaap-2009-01-31.xsd#us-gaap_DebtConversionConvertedInstrumentExpirationOrDueDateDayMonthAndYear' xlink:label='loc_DebtConversionConvertedInstrumentExpirationOrDueDateDayMonthAndYear' xlink:type='locator' />
<link:loc xlink:href='../elts/us-gaap-2009-01-31.xsd#us-gaap_DebtConversionConvertedInstrumentIssuanceDateYear' xlink:label='loc_DebtConversionConvertedInstrumentIssuanceDateYear' xlink:type='locator' />
<link:loc xlink:href='../elts/us-gaap-2009-01-31.xsd#us-gaap_DebtConversionConvertedInstrumentIssuanceDateMonthAndYear' xlink:label='loc_DebtConversionConvertedInstrumentIssuanceDateMonthAndYear' xlink:type='locator' />
<link:loc xlink:href='../elts/us-gaap-2009-01-31.xsd#us-gaap_DebtConversionConvertedInstrumentIssuanceDateDayMonthAndYear' xlink:label='loc_DebtConversionConvertedInstrumentIssuanceDateDayMonthAndYear' xlink:type='locator' />
<link:loc xlink:href='../elts/us-gaap-2009-01-31.xsd#us-gaap_DebtConversionConvertedInstrumentRate' xlink:label='loc_DebtConversionConvertedInstrumentRate' xlink:type='locator' />
<link:loc xlink:href='../elts/us-gaap-2009-01-31.xsd#us-gaap_OtherNoncashInvestingAndFinancingItemsAbstract' xlink:label='loc_OtherNoncashInvestingAndFinancingItemsAbstract' xlink:type='locator' />
<link:loc xlink:href='../elts/us-gaap-2009-01-31.xsd#us-gaap_FairValueOfAssetsAcquired' xlink:label='loc_FairValueOfAssetsAcquired' xlink:type='locator' />
<link:loc xlink:href='../elts/us-gaap-2009-01-31.xsd#us-gaap_DebtIssuanceCostsIncurredDuringNoncashOrPartialNoncashTransaction' xlink:label='loc_DebtIssuanceCostsIncurredDuringNoncashOrPartialNoncashTransaction' xlink:type='locator' />
<link:loc xlink:href='../elts/us-gaap-2009-01-31.xsd#us-gaap_SettlementOfAssetRetirementObligationsThroughNoncashPayments' xlink:label='loc_SettlementOfAssetRetirementObligationsThroughNoncashPayments' xlink:type='locator' />
<link:loc xlink:href='../elts/us-gaap-2009-01-31.xsd#us-gaap_CapitalLeaseObligationsIncurred' xlink:label='loc_CapitalLeaseObligationsIncurred' xlink:type='locator' />
<link:loc xlink:href='../elts/us-gaap-2009-01-31.xsd#us-gaap_TransferOtherRealEstate' xlink:label='loc_TransferOtherRealEstate' xlink:type='locator' />
<link:loc xlink:href='../elts/us-gaap-2009-01-31.xsd#us-gaap_TransferInvestments' xlink:label='loc_TransferInvestments' xlink:type='locator' />
<link:loc xlink:href='../elts/us-gaap-2009-01-31.xsd#us-gaap_TransferOfPortfolioLoansAndLeasesToHeldForSale' xlink:label='loc_TransferOfPortfolioLoansAndLeasesToHeldForSale' xlink:type='locator' />
<link:loc xlink:href='../elts/us-gaap-2009-01-31.xsd#us-gaap_TransferOfLoansHeldForSaleToPortfolioLoans' xlink:label='loc_TransferOfLoansHeldForSaleToPortfolioLoans' xlink:type='locator' />
<link:loc xlink:href='../elts/us-gaap-2009-01-31.xsd#us-gaap_NotesReduction' xlink:label='loc_NotesReduction' xlink:type='locator' />
<link:loc xlink:href='../elts/us-gaap-2009-01-31.xsd#us-gaap_NotesIssued' xlink:label='loc_NotesIssued' xlink:type='locator' />
<link:loc xlink:href='../elts/us-gaap-2009-01-31.xsd#us-gaap_StockIssued' xlink:label='loc_StockIssued' xlink:type='locator' />
<link:loc xlink:href='../elts/us-gaap-2009-01-31.xsd#us-gaap_LiabilitiesAssumed' xlink:label='loc_LiabilitiesAssumed' xlink:type='locator' />
<link:loc xlink:href='../elts/us-gaap-2009-01-31.xsd#us-gaap_LineOfCreditAssumed' xlink:label='loc_LineOfCreditAssumed' xlink:type='locator' />
<link:loc xlink:href='../elts/us-gaap-2009-01-31.xsd#us-gaap_LoansAssumed' xlink:label='loc_LoansAssumed' xlink:type='locator' />
<link:loc xlink:href='../elts/us-gaap-2009-01-31.xsd#us-gaap_NotesAssumed' xlink:label='loc_NotesAssumed' xlink:type='locator' />
<link:loc xlink:href='../elts/us-gaap-2009-01-31.xsd#us-gaap_SupplementalDeferredPurchasePrice' xlink:label='loc_SupplementalDeferredPurchasePrice' xlink:type='locator' />
<link:loc xlink:href='../elts/us-gaap-2009-01-31.xsd#us-gaap_EscrowDepositDisbursementsRelatedToPropertyAcquisition' xlink:label='loc_EscrowDepositDisbursementsRelatedToPropertyAcquisition' xlink:type='locator' />
<link:loc xlink:href='../elts/us-gaap-2009-01-31.xsd#us-gaap_EscrowDepositsRelatedToPropertySales' xlink:label='loc_EscrowDepositsRelatedToPropertySales' xlink:type='locator' />
<link:loc xlink:href='../elts/us-gaap-2009-01-31.xsd#us-gaap_MortgageLoanRelatedToPropertySales' xlink:label='loc_MortgageLoanRelatedToPropertySales' xlink:type='locator' />
<link:loc xlink:href='../elts/us-gaap-2009-01-31.xsd#us-gaap_TransferMortgagePayable' xlink:label='loc_TransferMortgagePayable' xlink:type='locator' />
<link:loc xlink:href='../elts/us-gaap-2009-01-31.xsd#us-gaap_ContributionOfProperty' xlink:label='loc_ContributionOfProperty' xlink:type='locator' />
<link:loc xlink:href='../elts/us-gaap-2009-01-31.xsd#us-gaap_CapitalExpendituresIncurredButNotYetPaid' xlink:label='loc_CapitalExpendituresIncurredButNotYetPaid' xlink:type='locator' />
<link:loc xlink:href='../elts/us-gaap-2009-01-31.xsd#us-gaap_ConstructionInProgressExpendituresIncurredButNotYetPaid' xlink:label='loc_ConstructionInProgressExpendituresIncurredButNotYetPaid' xlink:type='locator' />
<presentationArc order='10' xlink:arcrole='http://www.xbrl.org/2003/arcrole/parent-child' xlink:from='loc_CashFlowSupplementalDisclosuresTextBlock' xlink:to='loc_SupplementalCashFlowInformationAbstract' xlink:type='arc' />
<presentationArc order='10' use='optional' xlink:arcrole='http://www.xbrl.org/2003/arcrole/parent-child' xlink:from='loc_SupplementalCashFlowInformationAbstract' xlink:to='loc_SupplementalCashFlowInformationRelatedText' xlink:type='arc' />
<presentationArc order='20' xlink:arcrole='http://www.xbrl.org/2003/arcrole/parent-child' xlink:from='loc_SupplementalCashFlowInformationAbstract' xlink:to='loc_InterestPaidNetAbstract' xlink:type='arc' />
<presentationArc order='10' use='optional' xlink:arcrole='http://www.xbrl.org/2003/arcrole/parent-child' xlink:from='loc_InterestPaidNetAbstract' xlink:to='loc_InterestPaid' xlink:type='arc' />
<presentationArc order='20' use='optional' xlink:arcrole='http://www.xbrl.org/2003/arcrole/parent-child' xlink:from='loc_InterestPaidNetAbstract' xlink:to='loc_CashPaidForCapitalizedInterest' xlink:type='arc' />
<presentationArc order='30' preferredLabel='http://www.xbrl.org/2003/role/totalLabel' xlink:arcrole='http://www.xbrl.org/2003/arcrole/parent-child' xlink:from='loc_InterestPaidNetAbstract' xlink:to='loc_InterestPaidNet' xlink:type='arc' />
<presentationArc order='30' xlink:arcrole='http://www.xbrl.org/2003/arcrole/parent-child' xlink:from='loc_SupplementalCashFlowInformationAbstract' xlink:to='loc_IncomeTaxesPaidNetAbstract' xlink:type='arc' />
<presentationArc order='10' use='optional' xlink:arcrole='http://www.xbrl.org/2003/arcrole/parent-child' xlink:from='loc_IncomeTaxesPaidNetAbstract' xlink:to='loc_IncomeTaxesPaid' xlink:type='arc' />
<presentationArc order='20' use='optional' xlink:arcrole='http://www.xbrl.org/2003/arcrole/parent-child' xlink:from='loc_IncomeTaxesPaidNetAbstract' xlink:to='loc_ProceedsFromIncomeTaxRefunds' xlink:type='arc' />
<presentationArc order='30' preferredLabel='http://www.xbrl.org/2003/role/totalLabel' xlink:arcrole='http://www.xbrl.org/2003/arcrole/parent-child' xlink:from='loc_IncomeTaxesPaidNetAbstract' xlink:to='loc_IncomeTaxesPaidNet' xlink:type='arc' />
<presentationArc order='40' xlink:arcrole='http://www.xbrl.org/2003/arcrole/parent-child' xlink:from='loc_SupplementalCashFlowInformationAbstract' xlink:to='loc_IncomeTaxRefundsDiscontinuedOperations' xlink:type='arc' />
<presentationArc order='50' xlink:arcrole='http://www.xbrl.org/2003/arcrole/parent-child' xlink:from='loc_SupplementalCashFlowInformationAbstract' xlink:to='loc_InterestPaidDiscontinuedOperations' xlink:type='arc' />
<presentationArc order='60' xlink:arcrole='http://www.xbrl.org/2003/arcrole/parent-child' xlink:from='loc_SupplementalCashFlowInformationAbstract' xlink:to='loc_ProceedsFromStockOptionsExercised' xlink:type='arc' />
<presentationArc order='70' xlink:arcrole='http://www.xbrl.org/2003/arcrole/parent-child' xlink:from='loc_SupplementalCashFlowInformationAbstract' xlink:to='loc_TaxBenefitFromStockOptionsExercised' xlink:type='arc' />
<presentationArc order='80' xlink:arcrole='http://www.xbrl.org/2003/arcrole/parent-child' xlink:from='loc_SupplementalCashFlowInformationAbstract' xlink:to='loc_ExcessTaxBenefitFromShareBasedCompensationFinancingActivities' xlink:type='arc' />
<presentationArc order='20' xlink:arcrole='http://www.xbrl.org/2003/arcrole/parent-child' xlink:from='loc_CashFlowSupplementalDisclosuresTextBlock' xlink:to='loc_CashFlowNoncashInvestingAndFinancingActivitiesDisclosureAbstract' xlink:type='arc' />
<presentationArc order='10' xlink:arcrole='http://www.xbrl.org/2003/arcrole/parent-child' xlink:from='loc_CashFlowNoncashInvestingAndFinancingActivitiesDisclosureAbstract' xlink:to='loc_NoncashInvestingAndFinancingActivitiesRelatedText' xlink:type='arc' />
<presentationArc order='20' xlink:arcrole='http://www.xbrl.org/2003/arcrole/parent-child' xlink:from='loc_CashFlowNoncashInvestingAndFinancingActivitiesDisclosureAbstract' xlink:to='loc_ScheduleOfNoncashOrPartNoncashAcquisitionsTextBlock' xlink:type='arc' />
<presentationArc order='10' use='optional' xlink:arcrole='http://www.xbrl.org/2003/arcrole/parent-child' xlink:from='loc_ScheduleOfNoncashOrPartNoncashAcquisitionsTextBlock' xlink:to='loc_NoncashOrPartNoncashAcquisitionsTable' xlink:type='arc' />
<presentationArc order='10' use='optional' xlink:arcrole='http://www.xbrl.org/2003/arcrole/parent-child' xlink:from='loc_NoncashOrPartNoncashAcquisitionsTable' xlink:to='loc_NoncashOrPartNoncashAcquisitionsByUniqueDescriptionAxis' xlink:type='arc' />
<presentationArc order='10' xlink:arcrole='http://www.xbrl.org/2003/arcrole/parent-child' xlink:from='loc_NoncashOrPartNoncashAcquisitionsByUniqueDescriptionAxis' xlink:to='loc_NoncashOrPartNoncashAcquisitionNameDomain' xlink:type='arc' />
<presentationArc order='20' use='optional' xlink:arcrole='http://www.xbrl.org/2003/arcrole/parent-child' xlink:from='loc_NoncashOrPartNoncashAcquisitionsTable' xlink:to='loc_NoncashOrPartNoncashAcquisitionsLineItems' xlink:type='arc' />
<presentationArc order='10' xlink:arcrole='http://www.xbrl.org/2003/arcrole/parent-child' xlink:from='loc_NoncashOrPartNoncashAcquisitionsLineItems' xlink:to='loc_NoncashOrPartNoncashAcquisitionDescription' xlink:type='arc' />
<presentationArc order='20' use='optional' xlink:arcrole='http://www.xbrl.org/2003/arcrole/parent-child' xlink:from='loc_NoncashOrPartNoncashAcquisitionsLineItems' xlink:to='loc_NoncashOrPartNoncashAcquisitionInterestAcquired' xlink:type='arc' />
<presentationArc order='30' xlink:arcrole='http://www.xbrl.org/2003/arcrole/parent-child' xlink:from='loc_NoncashOrPartNoncashAcquisitionsLineItems' xlink:to='loc_NoncashOrPartNoncashAcquisitionNetNonmonetaryAssetsAcquiredLiabilitiesAssumedAbstract' xlink:type='arc' />
<presentationArc order='10' xlink:arcrole='http://www.xbrl.org/2003/arcrole/parent-child' xlink:from='loc_NoncashOrPartNoncashAcquisitionNetNonmonetaryAssetsAcquiredLiabilitiesAssumedAbstract' xlink:to='loc_NoncashOrPartNoncashAcquisitionValueOfAssetsAcquiredAbstract' xlink:type='arc' />
<presentationArc order='10' xlink:arcrole='http://www.xbrl.org/2003/arcrole/parent-child' xlink:from='loc_NoncashOrPartNoncashAcquisitionValueOfAssetsAcquiredAbstract' xlink:to='loc_NoncashOrPartNoncashAcquisitionAccountsReceivableAcquired' xlink:type='arc' />
<presentationArc order='20' xlink:arcrole='http://www.xbrl.org/2003/arcrole/parent-child' xlink:from='loc_NoncashOrPartNoncashAcquisitionValueOfAssetsAcquiredAbstract' xlink:to='loc_NoncashOrPartNoncashAcquisitionInvestmentsAcquired' xlink:type='arc' />
<presentationArc order='30' xlink:arcrole='http://www.xbrl.org/2003/arcrole/parent-child' xlink:from='loc_NoncashOrPartNoncashAcquisitionValueOfAssetsAcquiredAbstract' xlink:to='loc_NoncashOrPartNoncashAcquisitionInventoryAcquired' xlink:type='arc' />
<presentationArc order='40' xlink:arcrole='http://www.xbrl.org/2003/arcrole/parent-child' xlink:from='loc_NoncashOrPartNoncashAcquisitionValueOfAssetsAcquiredAbstract' xlink:to='loc_NoncashOrPartNoncashAcquisitionFixedAssetsAcquired' xlink:type='arc' />
<presentationArc order='50' xlink:arcrole='http://www.xbrl.org/2003/arcrole/parent-child' xlink:from='loc_NoncashOrPartNoncashAcquisitionValueOfAssetsAcquiredAbstract' xlink:to='loc_NoncashOrPartNoncashAcquisitionIntangibleAssetsAcquired' xlink:type='arc' />
<presentationArc order='60' xlink:arcrole='http://www.xbrl.org/2003/arcrole/parent-child' xlink:from='loc_NoncashOrPartNoncashAcquisitionValueOfAssetsAcquiredAbstract' xlink:to='loc_NoncashOrPartNoncashAcquisitionOtherAssetsAcquired' xlink:type='arc' />
<presentationArc order='70' preferredLabel='http://www.xbrl.org/2003/role/totalLabel' xlink:arcrole='http://www.xbrl.org/2003/arcrole/parent-child' xlink:from='loc_NoncashOrPartNoncashAcquisitionValueOfAssetsAcquiredAbstract' xlink:to='loc_NoncashOrPartNoncashAcquisitionValueOfAssetsAcquired' xlink:type='arc' />
<presentationArc order='20' xlink:arcrole='http://www.xbrl.org/2003/arcrole/parent-child' xlink:from='loc_NoncashOrPartNoncashAcquisitionNetNonmonetaryAssetsAcquiredLiabilitiesAssumedAbstract' xlink:to='loc_NoncashOrPartNoncashAcquisitionValueOfLiabilitiesAssumedAbstract' xlink:type='arc' />
<presentationArc order='10' xlink:arcrole='http://www.xbrl.org/2003/arcrole/parent-child' xlink:from='loc_NoncashOrPartNoncashAcquisitionValueOfLiabilitiesAssumedAbstract' xlink:to='loc_NoncashOrPartNoncashAcquisitionPayablesAssumed' xlink:type='arc' />
<presentationArc order='20' xlink:arcrole='http://www.xbrl.org/2003/arcrole/parent-child' xlink:from='loc_NoncashOrPartNoncashAcquisitionValueOfLiabilitiesAssumedAbstract' xlink:to='loc_NoncashOrPartNoncashAcquisitionEmployeeBenefitLiabilitiesAssumed' xlink:type='arc' />
<presentationArc order='30' xlink:arcrole='http://www.xbrl.org/2003/arcrole/parent-child' xlink:from='loc_NoncashOrPartNoncashAcquisitionValueOfLiabilitiesAssumedAbstract' xlink:to='loc_NoncashOrPartNoncashAcquisitionDebtAssumed' xlink:type='arc' />
<presentationArc order='40' xlink:arcrole='http://www.xbrl.org/2003/arcrole/parent-child' xlink:from='loc_NoncashOrPartNoncashAcquisitionValueOfLiabilitiesAssumedAbstract' xlink:to='loc_NoncashOrPartNoncashAcquisitionOtherLiabilitiesAssumed' xlink:type='arc' />
<presentationArc order='50' preferredLabel='http://www.xbrl.org/2003/role/totalLabel' xlink:arcrole='http://www.xbrl.org/2003/arcrole/parent-child' xlink:from='loc_NoncashOrPartNoncashAcquisitionValueOfLiabilitiesAssumedAbstract' xlink:to='loc_NoncashOrPartNoncashAcquisitionValueOfLiabilitiesAssumed' xlink:type='arc' />
<presentationArc order='30' preferredLabel='http://www.xbrl.org/2003/role/totalLabel' xlink:arcrole='http://www.xbrl.org/2003/arcrole/parent-child' xlink:from='loc_NoncashOrPartNoncashAcquisitionNetNonmonetaryAssetsAcquiredLiabilitiesAssumedAbstract' xlink:to='loc_NoncashOrPartNoncashAcquisitionNetNonmonetaryAssetsAcquiredLiabilitiesAssumed' xlink:type='arc' />
<presentationArc order='40' xlink:arcrole='http://www.xbrl.org/2003/arcrole/parent-child' xlink:from='loc_NoncashOrPartNoncashAcquisitionsLineItems' xlink:to='loc_NoncashOrPartNoncashAcquisitionNoncashFinancialOrEquityInstrumentConsiderationSharesIssued' xlink:type='arc' />
<presentationArc order='50' xlink:arcrole='http://www.xbrl.org/2003/arcrole/parent-child' xlink:from='loc_NoncashOrPartNoncashAcquisitionsLineItems' xlink:to='loc_NoncashOrPartNoncashAcquisitionNoncashFinancialOrEquityInstrumentConsiderationWarrantsIssued' xlink:type='arc' />
<presentationArc order='60' xlink:arcrole='http://www.xbrl.org/2003/arcrole/parent-child' xlink:from='loc_NoncashOrPartNoncashAcquisitionsLineItems' xlink:to='loc_NoncashOrPartNoncashAcquisitionNoncashFinancialOrEquityInstrumentConsiderationOptionsIssued' xlink:type='arc' />
<presentationArc order='70' xlink:arcrole='http://www.xbrl.org/2003/arcrole/parent-child' xlink:from='loc_NoncashOrPartNoncashAcquisitionsLineItems' xlink:to='loc_NoncashOrPartNoncashAcquisitionNoncashFinancialOrEquityInstrumentConsiderationDueDateYear' xlink:type='arc' />
<presentationArc order='80' xlink:arcrole='http://www.xbrl.org/2003/arcrole/parent-child' xlink:from='loc_NoncashOrPartNoncashAcquisitionsLineItems' xlink:to='loc_NoncashOrPartNoncashAcquisitionNoncashFinancialOrEquityInstrumentConsiderationDueDateMonthAndYear' xlink:type='arc' />
<presentationArc order='90' xlink:arcrole='http://www.xbrl.org/2003/arcrole/parent-child' xlink:from='loc_NoncashOrPartNoncashAcquisitionsLineItems' xlink:to='loc_NoncashOrPartNoncashAcquisitionNoncashFinancialOrEquityInstrumentConsiderationDueDateDayMonthAndYear' xlink:type='arc' />
<presentationArc order='100' xlink:arcrole='http://www.xbrl.org/2003/arcrole/parent-child' xlink:from='loc_NoncashOrPartNoncashAcquisitionsLineItems' xlink:to='loc_NoncashOrPartNoncashAcquisitionNoncashFinancialOrEquityInstrumentConsiderationRate' xlink:type='arc' />
<presentationArc order='30' xlink:arcrole='http://www.xbrl.org/2003/arcrole/parent-child' xlink:from='loc_CashFlowNoncashInvestingAndFinancingActivitiesDisclosureAbstract' xlink:to='loc_ScheduleOfNoncashOrPartNoncashDivestituresTextBlock' xlink:type='arc' />
<presentationArc order='10' use='optional' xlink:arcrole='http://www.xbrl.org/2003/arcrole/parent-child' xlink:from='loc_ScheduleOfNoncashOrPartNoncashDivestituresTextBlock' xlink:to='loc_NoncashOrPartNoncashDivestituresTable' xlink:type='arc' />
<presentationArc order='10' use='optional' xlink:arcrole='http://www.xbrl.org/2003/arcrole/parent-child' xlink:from='loc_NoncashOrPartNoncashDivestituresTable' xlink:to='loc_NoncashOrPartNoncashDivestituresByUniqueNameAxis' xlink:type='arc' />
<presentationArc order='10' xlink:arcrole='http://www.xbrl.org/2003/arcrole/parent-child' xlink:from='loc_NoncashOrPartNoncashDivestituresByUniqueNameAxis' xlink:to='loc_NoncashOrPartNoncashDivestitureNameDomain' xlink:type='arc' />
<presentationArc order='20' use='optional' xlink:arcrole='http://www.xbrl.org/2003/arcrole/parent-child' xlink:from='loc_NoncashOrPartNoncashDivestituresTable' xlink:to='loc_NoncashOrPartNoncashDivestituresLineItems' xlink:type='arc' />
<presentationArc order='10' xlink:arcrole='http://www.xbrl.org/2003/arcrole/parent-child' xlink:from='loc_NoncashOrPartNoncashDivestituresLineItems' xlink:to='loc_NoncashOrPartNoncashDivestitureDescription' xlink:type='arc' />
<presentationArc order='20' use='optional' xlink:arcrole='http://www.xbrl.org/2003/arcrole/parent-child' xlink:from='loc_NoncashOrPartNoncashDivestituresLineItems' xlink:to='loc_NoncashOrPartNoncashDivestitureAmountOfConsiderationReceived' xlink:type='arc' />
<presentationArc order='30' xlink:arcrole='http://www.xbrl.org/2003/arcrole/parent-child' xlink:from='loc_NoncashOrPartNoncashDivestituresLineItems' xlink:to='loc_NoncashOrPartNoncashDivestitureTypeOfConsiderationReceived' xlink:type='arc' />
<presentationArc order='40' xlink:arcrole='http://www.xbrl.org/2003/arcrole/parent-child' xlink:from='loc_CashFlowNoncashInvestingAndFinancingActivitiesDisclosureAbstract' xlink:to='loc_ScheduleOfConversionsOfStockTextBlock' xlink:type='arc' />
<presentationArc order='10' use='optional' xlink:arcrole='http://www.xbrl.org/2003/arcrole/parent-child' xlink:from='loc_ScheduleOfConversionsOfStockTextBlock' xlink:to='loc_ConversionOfStockTable' xlink:type='arc' />
<presentationArc order='10' use='optional' xlink:arcrole='http://www.xbrl.org/2003/arcrole/parent-child' xlink:from='loc_ConversionOfStockTable' xlink:to='loc_ConversionOfStockByUniqueDescriptionAxis' xlink:type='arc' />
<presentationArc order='10' use='optional' xlink:arcrole='http://www.xbrl.org/2003/arcrole/parent-child' xlink:from='loc_ConversionOfStockByUniqueDescriptionAxis' xlink:to='loc_ConversionOfStockNameDomain' xlink:type='arc' />
<presentationArc order='20' use='optional' xlink:arcrole='http://www.xbrl.org/2003/arcrole/parent-child' xlink:from='loc_ConversionOfStockTable' xlink:to='loc_ConversionOfStockLineItems' xlink:type='arc' />
<presentationArc order='10' xlink:arcrole='http://www.xbrl.org/2003/arcrole/parent-child' xlink:from='loc_ConversionOfStockLineItems' xlink:to='loc_ConversionOfStockDescription' xlink:type='arc' />
<presentationArc order='20' use='optional' xlink:arcrole='http://www.xbrl.org/2003/arcrole/parent-child' xlink:from='loc_ConversionOfStockLineItems' xlink:to='loc_ConversionOfStockTypeOfStockConverted' xlink:type='arc' />
<presentationArc order='30' use='optional' xlink:arcrole='http://www.xbrl.org/2003/arcrole/parent-child' xlink:from='loc_ConversionOfStockLineItems' xlink:to='loc_ConversionOfStockSharesConverted' xlink:type='arc' />
<presentationArc order='40' use='optional' xlink:arcrole='http://www.xbrl.org/2003/arcrole/parent-child' xlink:from='loc_ConversionOfStockLineItems' xlink:to='loc_ConversionOfStockAmountConverted' xlink:type='arc' />
<presentationArc order='50' use='optional' xlink:arcrole='http://www.xbrl.org/2003/arcrole/parent-child' xlink:from='loc_ConversionOfStockLineItems' xlink:to='loc_ConversionOfStockNewIssuance' xlink:type='arc' />
<presentationArc order='60' use='optional' xlink:arcrole='http://www.xbrl.org/2003/arcrole/parent-child' xlink:from='loc_ConversionOfStockLineItems' xlink:to='loc_ConversionOfStockSharesIssued' xlink:type='arc' />
<presentationArc order='70' use='optional' xlink:arcrole='http://www.xbrl.org/2003/arcrole/parent-child' xlink:from='loc_ConversionOfStockLineItems' xlink:to='loc_ConversionOfStockAmountIssued' xlink:type='arc' />
<presentationArc order='50' xlink:arcrole='http://www.xbrl.org/2003/arcrole/parent-child' xlink:from='loc_CashFlowNoncashInvestingAndFinancingActivitiesDisclosureAbstract' xlink:to='loc_ScheduleOfDividendsPayableTextBlock' xlink:type='arc' />
<presentationArc order='10' use='optional' xlink:arcrole='http://www.xbrl.org/2003/arcrole/parent-child' xlink:from='loc_ScheduleOfDividendsPayableTextBlock' xlink:to='loc_DividendsPayableTable' xlink:type='arc' />
<presentationArc order='10' use='optional' xlink:arcrole='http://www.xbrl.org/2003/arcrole/parent-child' xlink:from='loc_DividendsPayableTable' xlink:to='loc_DividendsPayableByClassOfStockAxis' xlink:type='arc' />
<presentationArc order='10' xlink:arcrole='http://www.xbrl.org/2003/arcrole/parent-child' xlink:from='loc_DividendsPayableByClassOfStockAxis' xlink:to='loc_ClassOfStockDomain' xlink:type='arc' />
<presentationArc order='10' xlink:arcrole='http://www.xbrl.org/2003/arcrole/parent-child' xlink:from='loc_ClassOfStockDomain' xlink:to='loc_CommonStockMember' xlink:type='arc' />
<presentationArc order='10' xlink:arcrole='http://www.xbrl.org/2003/arcrole/parent-child' xlink:from='loc_CommonStockMember' xlink:to='loc_NonvotingCommonStockMember' xlink:type='arc' />
<presentationArc order='20' xlink:arcrole='http://www.xbrl.org/2003/arcrole/parent-child' xlink:from='loc_CommonStockMember' xlink:to='loc_ConvertibleCommonStockMember' xlink:type='arc' />
<presentationArc order='30' xlink:arcrole='http://www.xbrl.org/2003/arcrole/parent-child' xlink:from='loc_CommonStockMember' xlink:to='loc_CommonClassAMember' xlink:type='arc' />
<presentationArc order='40' xlink:arcrole='http://www.xbrl.org/2003/arcrole/parent-child' xlink:from='loc_CommonStockMember' xlink:to='loc_CommonClassBMember' xlink:type='arc' />
<presentationArc order='20' xlink:arcrole='http://www.xbrl.org/2003/arcrole/parent-child' xlink:from='loc_ClassOfStockDomain' xlink:to='loc_PreferredStockMember' xlink:type='arc' />
<presentationArc order='10' xlink:arcrole='http://www.xbrl.org/2003/arcrole/parent-child' xlink:from='loc_PreferredStockMember' xlink:to='loc_CumulativePreferredStockMember' xlink:type='arc' />
<presentationArc order='20' xlink:arcrole='http://www.xbrl.org/2003/arcrole/parent-child' xlink:from='loc_PreferredStockMember' xlink:to='loc_NoncumulativePreferredStockMember' xlink:type='arc' />
<presentationArc order='30' xlink:arcrole='http://www.xbrl.org/2003/arcrole/parent-child' xlink:from='loc_PreferredStockMember' xlink:to='loc_RedeemablePreferredStockMember' xlink:type='arc' />
<presentationArc order='40' xlink:arcrole='http://www.xbrl.org/2003/arcrole/parent-child' xlink:from='loc_PreferredStockMember' xlink:to='loc_NonredeemablePreferredStockMember' xlink:type='arc' />
<presentationArc order='50' xlink:arcrole='http://www.xbrl.org/2003/arcrole/parent-child' xlink:from='loc_PreferredStockMember' xlink:to='loc_ConvertiblePreferredStockMember' xlink:type='arc' />
<presentationArc order='10' xlink:arcrole='http://www.xbrl.org/2003/arcrole/parent-child' xlink:from='loc_ConvertiblePreferredStockMember' xlink:to='loc_NonredeemableConvertiblePreferredStockMember' xlink:type='arc' />
<presentationArc order='20' xlink:arcrole='http://www.xbrl.org/2003/arcrole/parent-child' xlink:from='loc_ConvertiblePreferredStockMember' xlink:to='loc_RedeemableConvertiblePreferredStockMember' xlink:type='arc' />
<presentationArc order='60' xlink:arcrole='http://www.xbrl.org/2003/arcrole/parent-child' xlink:from='loc_PreferredStockMember' xlink:to='loc_PreferredClassAMember' xlink:type='arc' />
<presentationArc order='70' xlink:arcrole='http://www.xbrl.org/2003/arcrole/parent-child' xlink:from='loc_PreferredStockMember' xlink:to='loc_PreferredClassBMember' xlink:type='arc' />
<presentationArc order='80' xlink:arcrole='http://www.xbrl.org/2003/arcrole/parent-child' xlink:from='loc_PreferredStockMember' xlink:to='loc_SeriesAPreferredStockMember' xlink:type='arc' />
<presentationArc order='90' xlink:arcrole='http://www.xbrl.org/2003/arcrole/parent-child' xlink:from='loc_PreferredStockMember' xlink:to='loc_SeriesBPreferredStockMember' xlink:type='arc' />
<presentationArc order='100' xlink:arcrole='http://www.xbrl.org/2003/arcrole/parent-child' xlink:from='loc_PreferredStockMember' xlink:to='loc_SeriesCPreferredStockMember' xlink:type='arc' />
<presentationArc order='110' xlink:arcrole='http://www.xbrl.org/2003/arcrole/parent-child' xlink:from='loc_PreferredStockMember' xlink:to='loc_SeriesDPreferredStockMember' xlink:type='arc' />
<presentationArc order='120' xlink:arcrole='http://www.xbrl.org/2003/arcrole/parent-child' xlink:from='loc_PreferredStockMember' xlink:to='loc_SeriesEPreferredStockMember' xlink:type='arc' />
<presentationArc order='130' xlink:arcrole='http://www.xbrl.org/2003/arcrole/parent-child' xlink:from='loc_PreferredStockMember' xlink:to='loc_SeriesFPreferredStockMember' xlink:type='arc' />
<presentationArc order='140' xlink:arcrole='http://www.xbrl.org/2003/arcrole/parent-child' xlink:from='loc_PreferredStockMember' xlink:to='loc_SeriesGPreferredStockMember' xlink:type='arc' />
<presentationArc order='150' xlink:arcrole='http://www.xbrl.org/2003/arcrole/parent-child' xlink:from='loc_PreferredStockMember' xlink:to='loc_SeriesHPreferredStockMember' xlink:type='arc' />
<presentationArc order='20' use='optional' xlink:arcrole='http://www.xbrl.org/2003/arcrole/parent-child' xlink:from='loc_DividendsPayableTable' xlink:to='loc_DividendsPayableLineItems' xlink:type='arc' />
<presentationArc order='10' xlink:arcrole='http://www.xbrl.org/2003/arcrole/parent-child' xlink:from='loc_DividendsPayableLineItems' xlink:to='loc_DividendsPayableNature' xlink:type='arc' />
<presentationArc order='20' xlink:arcrole='http://www.xbrl.org/2003/arcrole/parent-child' xlink:from='loc_DividendsPayableLineItems' xlink:to='loc_DividendsPayableAmount' xlink:type='arc' />
<presentationArc order='30' xlink:arcrole='http://www.xbrl.org/2003/arcrole/parent-child' xlink:from='loc_DividendsPayableLineItems' xlink:to='loc_DividendsPayableAmountPerShare' xlink:type='arc' />
<presentationArc order='40' xlink:arcrole='http://www.xbrl.org/2003/arcrole/parent-child' xlink:from='loc_DividendsPayableLineItems' xlink:to='loc_DividendsPayableDateDeclaredYear' xlink:type='arc' />
<presentationArc order='50' xlink:arcrole='http://www.xbrl.org/2003/arcrole/parent-child' xlink:from='loc_DividendsPayableLineItems' xlink:to='loc_DividendsPayableDateDeclaredMonthAndYear' xlink:type='arc' />
<presentationArc order='60' xlink:arcrole='http://www.xbrl.org/2003/arcrole/parent-child' xlink:from='loc_DividendsPayableLineItems' xlink:to='loc_DividendsPayableDateDeclaredDayMonthAndYear' xlink:type='arc' />
<presentationArc order='70' xlink:arcrole='http://www.xbrl.org/2003/arcrole/parent-child' xlink:from='loc_DividendsPayableLineItems' xlink:to='loc_DividendsPayableDateOfRecordDayMonthAndYear' xlink:type='arc' />
<presentationArc order='80' xlink:arcrole='http://www.xbrl.org/2003/arcrole/parent-child' xlink:from='loc_DividendsPayableLineItems' xlink:to='loc_DividendsPayableDateToBePaidYear' xlink:type='arc' />
<presentationArc order='90' xlink:arcrole='http://www.xbrl.org/2003/arcrole/parent-child' xlink:from='loc_DividendsPayableLineItems' xlink:to='loc_DividendsPayableDateToBePaidMonthAndYear' xlink:type='arc' />
<presentationArc order='100' xlink:arcrole='http://www.xbrl.org/2003/arcrole/parent-child' xlink:from='loc_DividendsPayableLineItems' xlink:to='loc_DividendsPayableDateToBePaidDayMonthAndYear' xlink:type='arc' />
<presentationArc order='60' xlink:arcrole='http://www.xbrl.org/2003/arcrole/parent-child' xlink:from='loc_CashFlowNoncashInvestingAndFinancingActivitiesDisclosureAbstract' xlink:to='loc_ScheduleOfOtherSignificantNoncashTransactionsTextBlock' xlink:type='arc' />
<presentationArc order='10' use='optional' xlink:arcrole='http://www.xbrl.org/2003/arcrole/parent-child' xlink:from='loc_ScheduleOfOtherSignificantNoncashTransactionsTextBlock' xlink:to='loc_OtherSignificantNoncashTransactionsTable' xlink:type='arc' />
<presentationArc order='10' use='optional' xlink:arcrole='http://www.xbrl.org/2003/arcrole/parent-child' xlink:from='loc_OtherSignificantNoncashTransactionsTable' xlink:to='loc_OtherSignificantNoncashTransactionsByUniqueDescriptionAxis' xlink:type='arc' />
<presentationArc order='10' use='optional' xlink:arcrole='http://www.xbrl.org/2003/arcrole/parent-child' xlink:from='loc_OtherSignificantNoncashTransactionsByUniqueDescriptionAxis' xlink:to='loc_OtherSignificantNoncashTransactionNameDomain' xlink:type='arc' />
<presentationArc order='20' use='optional' xlink:arcrole='http://www.xbrl.org/2003/arcrole/parent-child' xlink:from='loc_OtherSignificantNoncashTransactionsTable' xlink:to='loc_OtherSignificantNoncashTransactionsLineItems' xlink:type='arc' />
<presentationArc order='10' xlink:arcrole='http://www.xbrl.org/2003/arcrole/parent-child' xlink:from='loc_OtherSignificantNoncashTransactionsLineItems' xlink:to='loc_OtherSignificantNoncashTransactionDescription' xlink:type='arc' />
<presentationArc order='20' use='optional' xlink:arcrole='http://www.xbrl.org/2003/arcrole/parent-child' xlink:from='loc_OtherSignificantNoncashTransactionsLineItems' xlink:to='loc_OtherSignificantNoncashTransactionConsiderationReceived' xlink:type='arc' />
<presentationArc order='30' use='optional' xlink:arcrole='http://www.xbrl.org/2003/arcrole/parent-child' xlink:from='loc_OtherSignificantNoncashTransactionsLineItems' xlink:to='loc_OtherSignificantNoncashTransactionValueOfConsiderationReceived' xlink:type='arc' />
<presentationArc order='40' use='optional' xlink:arcrole='http://www.xbrl.org/2003/arcrole/parent-child' xlink:from='loc_OtherSignificantNoncashTransactionsLineItems' xlink:to='loc_OtherSignificantNoncashTransactionConsiderationGiven' xlink:type='arc' />
<presentationArc order='50' use='optional' xlink:arcrole='http://www.xbrl.org/2003/arcrole/parent-child' xlink:from='loc_OtherSignificantNoncashTransactionsLineItems' xlink:to='loc_OtherSignificantNoncashTransactionValueOfConsiderationGiven' xlink:type='arc' />
<presentationArc order='70' xlink:arcrole='http://www.xbrl.org/2003/arcrole/parent-child' xlink:from='loc_CashFlowNoncashInvestingAndFinancingActivitiesDisclosureAbstract' xlink:to='loc_ScheduleOfDebtConversionsTextBlock' xlink:type='arc' />
<presentationArc order='10' use='optional' xlink:arcrole='http://www.xbrl.org/2003/arcrole/parent-child' xlink:from='loc_ScheduleOfDebtConversionsTextBlock' xlink:to='loc_DebtConversionTable' xlink:type='arc' />
<presentationArc order='10' use='optional' xlink:arcrole='http://www.xbrl.org/2003/arcrole/parent-child' xlink:from='loc_DebtConversionTable' xlink:to='loc_DebtConversionByUniqueDescriptionAxis' xlink:type='arc' />
<presentationArc order='10' use='optional' xlink:arcrole='http://www.xbrl.org/2003/arcrole/parent-child' xlink:from='loc_DebtConversionByUniqueDescriptionAxis' xlink:to='loc_DebtConversionNameDomain' xlink:type='arc' />
<presentationArc order='20' use='optional' xlink:arcrole='http://www.xbrl.org/2003/arcrole/parent-child' xlink:from='loc_DebtConversionTable' xlink:to='loc_DebtConversionLineItems' xlink:type='arc' />
<presentationArc order='10' xlink:arcrole='http://www.xbrl.org/2003/arcrole/parent-child' xlink:from='loc_DebtConversionLineItems' xlink:to='loc_DebtConversionDescription' xlink:type='arc' />
<presentationArc order='20' use='optional' xlink:arcrole='http://www.xbrl.org/2003/arcrole/parent-child' xlink:from='loc_DebtConversionLineItems' xlink:to='loc_DebtConversionOriginalDebtTypeOfDebt' xlink:type='arc' />
<presentationArc order='30' use='optional' xlink:arcrole='http://www.xbrl.org/2003/arcrole/parent-child' xlink:from='loc_DebtConversionLineItems' xlink:to='loc_DebtConversionOriginalDebtAmount' xlink:type='arc' />
<presentationArc order='40' use='optional' xlink:arcrole='http://www.xbrl.org/2003/arcrole/parent-child' xlink:from='loc_DebtConversionLineItems' xlink:to='loc_DebtConversionOriginalDebtDueDateOfDebtYear' xlink:type='arc' />
<presentationArc order='50' use='optional' xlink:arcrole='http://www.xbrl.org/2003/arcrole/parent-child' xlink:from='loc_DebtConversionLineItems' xlink:to='loc_DebtConversionOriginalDebtDueDateOfDebtMonthAndYear' xlink:type='arc' />
<presentationArc order='60' use='optional' xlink:arcrole='http://www.xbrl.org/2003/arcrole/parent-child' xlink:from='loc_DebtConversionLineItems' xlink:to='loc_DebtConversionOriginalDebtDueDateOfDebtDayMonthAndYear' xlink:type='arc' />
<presentationArc order='70' use='optional' xlink:arcrole='http://www.xbrl.org/2003/arcrole/parent-child' xlink:from='loc_DebtConversionLineItems' xlink:to='loc_DebtConversionOriginalDebtIssuanceDateOfDebtYear' xlink:type='arc' />
<presentationArc order='80' use='optional' xlink:arcrole='http://www.xbrl.org/2003/arcrole/parent-child' xlink:from='loc_DebtConversionLineItems' xlink:to='loc_DebtConversionOriginalDebtIssuanceDateOfDebtMonthAndYear' xlink:type='arc' />
<presentationArc order='90' use='optional' xlink:arcrole='http://www.xbrl.org/2003/arcrole/parent-child' xlink:from='loc_DebtConversionLineItems' xlink:to='loc_DebtConversionOriginalDebtIssuanceDateOfDebtDayMonthAndYear' xlink:type='arc' />
<presentationArc order='100' use='optional' xlink:arcrole='http://www.xbrl.org/2003/arcrole/parent-child' xlink:from='loc_DebtConversionLineItems' xlink:to='loc_DebtConversionOriginalDebtInterestRateOfDebt' xlink:type='arc' />
<presentationArc order='110' use='optional' xlink:arcrole='http://www.xbrl.org/2003/arcrole/parent-child' xlink:from='loc_DebtConversionLineItems' xlink:to='loc_DebtConversionConvertedInstrumentType' xlink:type='arc' />
<presentationArc order='120' use='optional' xlink:arcrole='http://www.xbrl.org/2003/arcrole/parent-child' xlink:from='loc_DebtConversionLineItems' xlink:to='loc_DebtConversionConvertedInstrumentAmount' xlink:type='arc' />
<presentationArc order='130' use='optional' xlink:arcrole='http://www.xbrl.org/2003/arcrole/parent-child' xlink:from='loc_DebtConversionLineItems' xlink:to='loc_DebtConversionConvertedInstrumentSharesIssued' xlink:type='arc' />
<presentationArc order='140' use='optional' xlink:arcrole='http://www.xbrl.org/2003/arcrole/parent-child' xlink:from='loc_DebtConversionLineItems' xlink:to='loc_DebtConversionConvertedInstrumentWarrantsOrOptionsIssued' xlink:type='arc' />
<presentationArc order='150' use='optional' xlink:arcrole='http://www.xbrl.org/2003/arcrole/parent-child' xlink:from='loc_DebtConversionLineItems' xlink:to='loc_DebtConversionConvertedInstrumentExpirationOrDueDateYear' xlink:type='arc' />
<presentationArc order='160' use='optional' xlink:arcrole='http://www.xbrl.org/2003/arcrole/parent-child' xlink:from='loc_DebtConversionLineItems' xlink:to='loc_DebtConversionConvertedInstrumentExpirationOrDueDateMonthAndYear' xlink:type='arc' />
<presentationArc order='170' use='optional' xlink:arcrole='http://www.xbrl.org/2003/arcrole/parent-child' xlink:from='loc_DebtConversionLineItems' xlink:to='loc_DebtConversionConvertedInstrumentExpirationOrDueDateDayMonthAndYear' xlink:type='arc' />
<presentationArc order='180' use='optional' xlink:arcrole='http://www.xbrl.org/2003/arcrole/parent-child' xlink:from='loc_DebtConversionLineItems' xlink:to='loc_DebtConversionConvertedInstrumentIssuanceDateYear' xlink:type='arc' />
<presentationArc order='190' use='optional' xlink:arcrole='http://www.xbrl.org/2003/arcrole/parent-child' xlink:from='loc_DebtConversionLineItems' xlink:to='loc_DebtConversionConvertedInstrumentIssuanceDateMonthAndYear' xlink:type='arc' />
<presentationArc order='200' use='optional' xlink:arcrole='http://www.xbrl.org/2003/arcrole/parent-child' xlink:from='loc_DebtConversionLineItems' xlink:to='loc_DebtConversionConvertedInstrumentIssuanceDateDayMonthAndYear' xlink:type='arc' />
<presentationArc order='210' use='optional' xlink:arcrole='http://www.xbrl.org/2003/arcrole/parent-child' xlink:from='loc_DebtConversionLineItems' xlink:to='loc_DebtConversionConvertedInstrumentRate' xlink:type='arc' />
<presentationArc order='80' xlink:arcrole='http://www.xbrl.org/2003/arcrole/parent-child' xlink:from='loc_CashFlowNoncashInvestingAndFinancingActivitiesDisclosureAbstract' xlink:to='loc_OtherNoncashInvestingAndFinancingItemsAbstract' xlink:type='arc' />
<presentationArc order='10' xlink:arcrole='http://www.xbrl.org/2003/arcrole/parent-child' xlink:from='loc_OtherNoncashInvestingAndFinancingItemsAbstract' xlink:to='loc_FairValueOfAssetsAcquired' xlink:type='arc' />
<presentationArc order='20' xlink:arcrole='http://www.xbrl.org/2003/arcrole/parent-child' xlink:from='loc_OtherNoncashInvestingAndFinancingItemsAbstract' xlink:to='loc_DebtIssuanceCostsIncurredDuringNoncashOrPartialNoncashTransaction' xlink:type='arc' />
<presentationArc order='30' xlink:arcrole='http://www.xbrl.org/2003/arcrole/parent-child' xlink:from='loc_OtherNoncashInvestingAndFinancingItemsAbstract' xlink:to='loc_SettlementOfAssetRetirementObligationsThroughNoncashPayments' xlink:type='arc' />
<presentationArc order='40' xlink:arcrole='http://www.xbrl.org/2003/arcrole/parent-child' xlink:from='loc_OtherNoncashInvestingAndFinancingItemsAbstract' xlink:to='loc_CapitalLeaseObligationsIncurred' xlink:type='arc' />
<presentationArc order='50' use='optional' xlink:arcrole='http://www.xbrl.org/2003/arcrole/parent-child' xlink:from='loc_OtherNoncashInvestingAndFinancingItemsAbstract' xlink:to='loc_TransferOtherRealEstate' xlink:type='arc' />
<presentationArc order='60' use='optional' xlink:arcrole='http://www.xbrl.org/2003/arcrole/parent-child' xlink:from='loc_OtherNoncashInvestingAndFinancingItemsAbstract' xlink:to='loc_TransferInvestments' xlink:type='arc' />
<presentationArc order='70' xlink:arcrole='http://www.xbrl.org/2003/arcrole/parent-child' xlink:from='loc_OtherNoncashInvestingAndFinancingItemsAbstract' xlink:to='loc_TransferOfPortfolioLoansAndLeasesToHeldForSale' xlink:type='arc' />
<presentationArc order='80' xlink:arcrole='http://www.xbrl.org/2003/arcrole/parent-child' xlink:from='loc_OtherNoncashInvestingAndFinancingItemsAbstract' xlink:to='loc_TransferOfLoansHeldForSaleToPortfolioLoans' xlink:type='arc' />
<presentationArc order='90' xlink:arcrole='http://www.xbrl.org/2003/arcrole/parent-child' xlink:from='loc_OtherNoncashInvestingAndFinancingItemsAbstract' xlink:to='loc_NotesReduction' xlink:type='arc' />
<presentationArc order='100' xlink:arcrole='http://www.xbrl.org/2003/arcrole/parent-child' xlink:from='loc_OtherNoncashInvestingAndFinancingItemsAbstract' xlink:to='loc_NotesIssued' xlink:type='arc' />
<presentationArc order='110' xlink:arcrole='http://www.xbrl.org/2003/arcrole/parent-child' xlink:from='loc_OtherNoncashInvestingAndFinancingItemsAbstract' xlink:to='loc_StockIssued' xlink:type='arc' />
<presentationArc order='120' xlink:arcrole='http://www.xbrl.org/2003/arcrole/parent-child' xlink:from='loc_OtherNoncashInvestingAndFinancingItemsAbstract' xlink:to='loc_LiabilitiesAssumed' xlink:type='arc' />
<presentationArc order='130' xlink:arcrole='http://www.xbrl.org/2003/arcrole/parent-child' xlink:from='loc_OtherNoncashInvestingAndFinancingItemsAbstract' xlink:to='loc_LineOfCreditAssumed' xlink:type='arc' />
<presentationArc order='140' xlink:arcrole='http://www.xbrl.org/2003/arcrole/parent-child' xlink:from='loc_OtherNoncashInvestingAndFinancingItemsAbstract' xlink:to='loc_LoansAssumed' xlink:type='arc' />
<presentationArc order='150' xlink:arcrole='http://www.xbrl.org/2003/arcrole/parent-child' xlink:from='loc_OtherNoncashInvestingAndFinancingItemsAbstract' xlink:to='loc_NotesAssumed' xlink:type='arc' />
<presentationArc order='160' xlink:arcrole='http://www.xbrl.org/2003/arcrole/parent-child' xlink:from='loc_OtherNoncashInvestingAndFinancingItemsAbstract' xlink:to='loc_SupplementalDeferredPurchasePrice' xlink:type='arc' />
<presentationArc order='170' xlink:arcrole='http://www.xbrl.org/2003/arcrole/parent-child' xlink:from='loc_OtherNoncashInvestingAndFinancingItemsAbstract' xlink:to='loc_EscrowDepositDisbursementsRelatedToPropertyAcquisition' xlink:type='arc' />
<presentationArc order='180' xlink:arcrole='http://www.xbrl.org/2003/arcrole/parent-child' xlink:from='loc_OtherNoncashInvestingAndFinancingItemsAbstract' xlink:to='loc_EscrowDepositsRelatedToPropertySales' xlink:type='arc' />
<presentationArc order='190' xlink:arcrole='http://www.xbrl.org/2003/arcrole/parent-child' xlink:from='loc_OtherNoncashInvestingAndFinancingItemsAbstract' xlink:to='loc_MortgageLoanRelatedToPropertySales' xlink:type='arc' />
<presentationArc order='200' xlink:arcrole='http://www.xbrl.org/2003/arcrole/parent-child' xlink:from='loc_OtherNoncashInvestingAndFinancingItemsAbstract' xlink:to='loc_TransferMortgagePayable' xlink:type='arc' />
<presentationArc order='210' xlink:arcrole='http://www.xbrl.org/2003/arcrole/parent-child' xlink:from='loc_OtherNoncashInvestingAndFinancingItemsAbstract' xlink:to='loc_ContributionOfProperty' xlink:type='arc' />
<presentationArc order='220' xlink:arcrole='http://www.xbrl.org/2003/arcrole/parent-child' xlink:from='loc_OtherNoncashInvestingAndFinancingItemsAbstract' xlink:to='loc_CapitalExpendituresIncurredButNotYetPaid' xlink:type='arc' />
<presentationArc order='230' xlink:arcrole='http://www.xbrl.org/2003/arcrole/parent-child' xlink:from='loc_OtherNoncashInvestingAndFinancingItemsAbstract' xlink:to='loc_ConstructionInProgressExpendituresIncurredButNotYetPaid' xlink:type='arc' />
</presentationLink>
</link:linkbase>
