<?xml version="1.0" encoding="UTF-8" standalone="no"?>

<!--Copyright (C) 2007-2009 XBRL US, Inc. All Rights Reserved.
Notice: Authorized Uses are Set Forth at http://xbrl.us/legal2009
  -->
<link:linkbase xmlns:link='http://www.xbrl.org/2003/linkbase' xmlns:xlink='http://www.w3.org/1999/xlink' xmlns:xsi='http://www.w3.org/2001/XMLSchema-instance' xsi:schemaLocation='http://www.xbrl.org/2003/linkbase http://www.xbrl.org/2003/xbrl-linkbase-2003-12-31.xsd'>
<link:roleRef roleURI='http://xbrl.us/us-gaap/role/disclosure/InvestmentsDebtAndEquitySecuritiesAlternative' xlink:href='../elts/us-roles-2009-01-31.xsd#idesa' xlink:type='simple' />
<calculationLink xlink:role='http://xbrl.us/us-gaap/role/disclosure/InvestmentsDebtAndEquitySecuritiesAlternative' xlink:type='extended' xmlns='http://www.xbrl.org/2003/linkbase'>
<link:loc xlink:href='../elts/us-gaap-2009-01-31.xsd#us-gaap_NetRealizedOrUnrealizedGainLossOnTradingSecurities' xlink:label='loc_NetRealizedOrUnrealizedGainLossOnTradingSecurities' xlink:type='locator' />
<link:loc xlink:href='../elts/us-gaap-2009-01-31.xsd#us-gaap_TradingSecuritiesRealizedGainLoss' xlink:label='loc_TradingSecuritiesRealizedGainLoss' xlink:type='locator' />
<link:loc xlink:href='../elts/us-gaap-2009-01-31.xsd#us-gaap_TradingSecuritiesUnrealizedHoldingGainLoss' xlink:label='loc_TradingSecuritiesUnrealizedHoldingGainLoss' xlink:type='locator' />
<calculationArc order='10' weight='1.0' xlink:arcrole='http://www.xbrl.org/2003/arcrole/summation-item' xlink:from='loc_NetRealizedOrUnrealizedGainLossOnTradingSecurities' xlink:to='loc_TradingSecuritiesRealizedGainLoss' xlink:type='arc' />
<calculationArc order='20' weight='1.0' xlink:arcrole='http://www.xbrl.org/2003/arcrole/summation-item' xlink:from='loc_NetRealizedOrUnrealizedGainLossOnTradingSecurities' xlink:to='loc_TradingSecuritiesUnrealizedHoldingGainLoss' xlink:type='arc' />
</calculationLink>
</link:linkbase>
