<?xml version="1.0" encoding="UTF-8" standalone="no"?>

<!--Copyright (C) 2007-2009 XBRL US, Inc. All Rights Reserved.
Notice: Authorized Uses are Set Forth at http://xbrl.us/legal2009
  -->
<link:linkbase xmlns:link='http://www.xbrl.org/2003/linkbase' xmlns:xbrldt='http://xbrl.org/2005/xbrldt' xmlns:xlink='http://www.w3.org/1999/xlink' xmlns:xsi='http://www.w3.org/2001/XMLSchema-instance' xsi:schemaLocation='http://www.xbrl.org/2003/linkbase http://www.xbrl.org/2003/xbrl-linkbase-2003-12-31.xsd'>
<link:roleRef roleURI='http://xbrl.us/us-gaap/role/disclosure/ExitOrDisposalCostObligationsScheduleOfRestructuringAndRelatedCostsTable' xlink:href='../elts/us-roles-2009-01-31.xsd#ExitOrDisposalCostObligationsScheduleOfRestructuringAndRelatedCostsTable' xlink:type='simple' />
<link:roleRef roleURI='http://xbrl.us/us-gaap/role/disclosure/ExitOrDisposalCostObligationsScheduleOfEffectsOnFutureEarningsAndCashFlowsResultingFromExitPlanTable' xlink:href='../elts/us-roles-2009-01-31.xsd#ExitOrDisposalCostObligationsScheduleOfEffectsOnFutureEarningsAndCashFlowsResultingFromExitPlanTable' xlink:type='simple' />
<link:roleRef roleURI='http://xbrl.us/us-gaap/role/disclosure/ExitOrDisposalCostObligationsScheduleOfRestructuringReserveByTypeOfRestructuringTable' xlink:href='../elts/us-roles-2009-01-31.xsd#ExitOrDisposalCostObligationsScheduleOfRestructuringReserveByTypeOfRestructuringTable' xlink:type='simple' />
<link:arcroleRef arcroleURI='http://xbrl.org/int/dim/arcrole/all' xlink:href='http://www.xbrl.org/2005/xbrldt-2005.xsd#all' xlink:type='simple' />
<link:arcroleRef arcroleURI='http://xbrl.org/int/dim/arcrole/hypercube-dimension' xlink:href='http://www.xbrl.org/2005/xbrldt-2005.xsd#hypercube-dimension' xlink:type='simple' />
<link:arcroleRef arcroleURI='http://xbrl.org/int/dim/arcrole/dimension-domain' xlink:href='http://www.xbrl.org/2005/xbrldt-2005.xsd#dimension-domain' xlink:type='simple' />
<link:arcroleRef arcroleURI='http://xbrl.org/int/dim/arcrole/dimension-default' xlink:href='http://www.xbrl.org/2005/xbrldt-2005.xsd#dimension-default' xlink:type='simple' />
<link:arcroleRef arcroleURI='http://xbrl.org/int/dim/arcrole/domain-member' xlink:href='http://www.xbrl.org/2005/xbrldt-2005.xsd#domain-member' xlink:type='simple' />
<!--Definition relationships for table ScheduleOfRestructuringAndRelatedCostsTable in presentation http://xbrl.us/us-gaap/role/disclosure/ExitOrDisposalCostObligations-->
<link:definitionLink xlink:role='http://xbrl.us/us-gaap/role/disclosure/ExitOrDisposalCostObligationsScheduleOfRestructuringAndRelatedCostsTable' xlink:type='extended'>
<link:loc xlink:href='../elts/us-gaap-2009-01-31.xsd#us-gaap_ScheduleOfRestructuringAndRelatedCostsTable' xlink:label='loc_ScheduleOfRestructuringAndRelatedCostsTable' xlink:type='locator' />
<link:loc xlink:href='../elts/us-gaap-2009-01-31.xsd#us-gaap_RestructuringAndRelatedCostLineItems' xlink:label='loc_RestructuringAndRelatedCostLineItems' xlink:type='locator' />
<link:definitionArc order='1.0' xbrldt:closed='true' xbrldt:contextElement='segment' xlink:arcrole='http://xbrl.org/int/dim/arcrole/all' xlink:from='loc_RestructuringAndRelatedCostLineItems' xlink:to='loc_ScheduleOfRestructuringAndRelatedCostsTable' xlink:type='arc' />
</link:definitionLink>
<link:definitionLink xlink:role='http://xbrl.us/us-gaap/role/disclosure/ExitOrDisposalCostObligationsScheduleOfRestructuringAndRelatedCostsTable' xlink:type='extended'>
<link:loc xlink:href='../elts/us-gaap-2009-01-31.xsd#us-gaap_ScheduleOfRestructuringAndRelatedCostsTable' xlink:label='loc_ScheduleOfRestructuringAndRelatedCostsTable' xlink:type='locator' />
<link:loc xlink:href='../elts/us-gaap-2009-01-31.xsd#us-gaap_RestructuringAndRelatedCostByTypeOfRestructuringAxis' xlink:label='loc_RestructuringAndRelatedCostByTypeOfRestructuringAxis' xlink:type='locator' />
<link:definitionArc order='1.0' xlink:arcrole='http://xbrl.org/int/dim/arcrole/hypercube-dimension' xlink:from='loc_ScheduleOfRestructuringAndRelatedCostsTable' xlink:to='loc_RestructuringAndRelatedCostByTypeOfRestructuringAxis' xlink:type='arc' />
</link:definitionLink>
<link:definitionLink xlink:role='http://xbrl.us/us-gaap/role/disclosure/ExitOrDisposalCostObligationsScheduleOfRestructuringAndRelatedCostsTable' xlink:type='extended'>
<link:loc xlink:href='../elts/us-gaap-2009-01-31.xsd#us-gaap_RestructuringAndRelatedCostByTypeOfRestructuringAxis' xlink:label='loc_RestructuringAndRelatedCostByTypeOfRestructuringAxis' xlink:type='locator' />
<link:loc xlink:href='../elts/us-gaap-2009-01-31.xsd#us-gaap_TypeOfRestructuringDomain' xlink:label='loc_TypeOfRestructuringDomain' xlink:type='locator' />
<link:definitionArc order='1.0' xlink:arcrole='http://xbrl.org/int/dim/arcrole/dimension-domain' xlink:from='loc_RestructuringAndRelatedCostByTypeOfRestructuringAxis' xlink:to='loc_TypeOfRestructuringDomain' xlink:type='arc' />
</link:definitionLink>
<link:definitionLink xlink:role='http://xbrl.us/us-gaap/role/disclosure/ExitOrDisposalCostObligationsScheduleOfRestructuringAndRelatedCostsTable' xlink:type='extended'>
<link:loc xlink:href='../elts/us-gaap-2009-01-31.xsd#us-gaap_RestructuringAndRelatedCostByTypeOfRestructuringAxis' xlink:label='loc_RestructuringAndRelatedCostByTypeOfRestructuringAxis' xlink:type='locator' />
<link:loc xlink:href='../elts/us-gaap-2009-01-31.xsd#us-gaap_TypeOfRestructuringDomain' xlink:label='loc_TypeOfRestructuringDomain' xlink:type='locator' />
<link:definitionArc order='1.0' xlink:arcrole='http://xbrl.org/int/dim/arcrole/dimension-default' xlink:from='loc_RestructuringAndRelatedCostByTypeOfRestructuringAxis' xlink:to='loc_TypeOfRestructuringDomain' xlink:type='arc' />
</link:definitionLink>
<link:definitionLink xlink:role='http://xbrl.us/us-gaap/role/disclosure/ExitOrDisposalCostObligationsScheduleOfRestructuringAndRelatedCostsTable' xlink:type='extended'>
<link:loc xlink:href='../elts/us-gaap-2009-01-31.xsd#us-gaap_RestructuringAndRelatedCostLineItems' xlink:label='loc_RestructuringAndRelatedCostLineItems' xlink:type='locator' />
<link:loc xlink:href='../elts/us-gaap-2009-01-31.xsd#us-gaap_RestructuringAndRelatedCostDescription' xlink:label='loc_RestructuringAndRelatedCostDescription' xlink:type='locator' />
<link:loc xlink:href='../elts/us-gaap-2009-01-31.xsd#us-gaap_RestructuringAndRelatedCostExpectedCost' xlink:label='loc_RestructuringAndRelatedCostExpectedCost' xlink:type='locator' />
<link:loc xlink:href='../elts/us-gaap-2009-01-31.xsd#us-gaap_RestructuringAndRelatedCostIncurredCost' xlink:label='loc_RestructuringAndRelatedCostIncurredCost' xlink:type='locator' />
<link:loc xlink:href='../elts/us-gaap-2009-01-31.xsd#us-gaap_RestructuringAndRelatedCostCostIncurredToDate' xlink:label='loc_RestructuringAndRelatedCostCostIncurredToDate' xlink:type='locator' />
<link:loc xlink:href='../elts/us-gaap-2009-01-31.xsd#us-gaap_RestructuringAndRelatedCostCaptionThatIncludesRestructuringCharges' xlink:label='loc_RestructuringAndRelatedCostCaptionThatIncludesRestructuringCharges' xlink:type='locator' />
<link:definitionArc order='1.0' xlink:arcrole='http://xbrl.org/int/dim/arcrole/domain-member' xlink:from='loc_RestructuringAndRelatedCostLineItems' xlink:to='loc_RestructuringAndRelatedCostDescription' xlink:type='arc' />
<link:definitionArc order='2.0' xlink:arcrole='http://xbrl.org/int/dim/arcrole/domain-member' xlink:from='loc_RestructuringAndRelatedCostLineItems' xlink:to='loc_RestructuringAndRelatedCostExpectedCost' xlink:type='arc' />
<link:definitionArc order='3.0' xlink:arcrole='http://xbrl.org/int/dim/arcrole/domain-member' xlink:from='loc_RestructuringAndRelatedCostLineItems' xlink:to='loc_RestructuringAndRelatedCostIncurredCost' xlink:type='arc' />
<link:definitionArc order='4.0' xlink:arcrole='http://xbrl.org/int/dim/arcrole/domain-member' xlink:from='loc_RestructuringAndRelatedCostLineItems' xlink:to='loc_RestructuringAndRelatedCostCostIncurredToDate' xlink:type='arc' />
<link:definitionArc order='5.0' xlink:arcrole='http://xbrl.org/int/dim/arcrole/domain-member' xlink:from='loc_RestructuringAndRelatedCostLineItems' xlink:to='loc_RestructuringAndRelatedCostCaptionThatIncludesRestructuringCharges' xlink:type='arc' />
</link:definitionLink>
<link:definitionLink xlink:role='http://xbrl.us/us-gaap/role/disclosure/ExitOrDisposalCostObligationsScheduleOfRestructuringAndRelatedCostsTable' xlink:type='extended'>
<link:loc xlink:href='../elts/us-gaap-2009-01-31.xsd#us-gaap_TypeOfRestructuringDomain' xlink:label='loc_TypeOfRestructuringDomain' xlink:type='locator' />
<link:loc xlink:href='../elts/us-gaap-2009-01-31.xsd#us-gaap_FacilityClosingMember' xlink:label='loc_FacilityClosingMember' xlink:type='locator' />
<link:loc xlink:href='../elts/us-gaap-2009-01-31.xsd#us-gaap_EmployeeSeveranceMember' xlink:label='loc_EmployeeSeveranceMember' xlink:type='locator' />
<link:loc xlink:href='../elts/us-gaap-2009-01-31.xsd#us-gaap_OneTimeTerminationBenefitsMember' xlink:label='loc_OneTimeTerminationBenefitsMember' xlink:type='locator' />
<link:loc xlink:href='../elts/us-gaap-2009-01-31.xsd#us-gaap_SpecialTerminationBenefitsMember' xlink:label='loc_SpecialTerminationBenefitsMember' xlink:type='locator' />
<link:loc xlink:href='../elts/us-gaap-2009-01-31.xsd#us-gaap_EmployeeRelocationMember' xlink:label='loc_EmployeeRelocationMember' xlink:type='locator' />
<link:loc xlink:href='../elts/us-gaap-2009-01-31.xsd#us-gaap_ContractTerminationMember' xlink:label='loc_ContractTerminationMember' xlink:type='locator' />
<link:definitionArc order='1.0' xlink:arcrole='http://xbrl.org/int/dim/arcrole/domain-member' xlink:from='loc_TypeOfRestructuringDomain' xlink:to='loc_FacilityClosingMember' xlink:type='arc' />
<link:definitionArc order='2.0' xlink:arcrole='http://xbrl.org/int/dim/arcrole/domain-member' xlink:from='loc_TypeOfRestructuringDomain' xlink:to='loc_EmployeeSeveranceMember' xlink:type='arc' />
<link:definitionArc order='3.0' xlink:arcrole='http://xbrl.org/int/dim/arcrole/domain-member' xlink:from='loc_TypeOfRestructuringDomain' xlink:to='loc_OneTimeTerminationBenefitsMember' xlink:type='arc' />
<link:definitionArc order='4.0' xlink:arcrole='http://xbrl.org/int/dim/arcrole/domain-member' xlink:from='loc_TypeOfRestructuringDomain' xlink:to='loc_SpecialTerminationBenefitsMember' xlink:type='arc' />
<link:definitionArc order='5.0' xlink:arcrole='http://xbrl.org/int/dim/arcrole/domain-member' xlink:from='loc_TypeOfRestructuringDomain' xlink:to='loc_EmployeeRelocationMember' xlink:type='arc' />
<link:definitionArc order='6.0' xlink:arcrole='http://xbrl.org/int/dim/arcrole/domain-member' xlink:from='loc_TypeOfRestructuringDomain' xlink:to='loc_ContractTerminationMember' xlink:type='arc' />
</link:definitionLink>
<!--Definition relationships for table ScheduleOfEffectsOnFutureEarningsAndCashFlowsResultingFromExitPlanTable in presentation http://xbrl.us/us-gaap/role/disclosure/ExitOrDisposalCostObligations-->
<link:definitionLink xlink:role='http://xbrl.us/us-gaap/role/disclosure/ExitOrDisposalCostObligationsScheduleOfEffectsOnFutureEarningsAndCashFlowsResultingFromExitPlanTable' xlink:type='extended'>
<link:loc xlink:href='../elts/us-gaap-2009-01-31.xsd#us-gaap_ScheduleOfEffectsOnFutureEarningsAndCashFlowsResultingFromExitPlanTable' xlink:label='loc_ScheduleOfEffectsOnFutureEarningsAndCashFlowsResultingFromExitPlanTable' xlink:type='locator' />
<link:loc xlink:href='../elts/us-gaap-2009-01-31.xsd#us-gaap_EffectsOnFutureEarningsAndCashFlowsResultingFromExitPlanLineItems' xlink:label='loc_EffectsOnFutureEarningsAndCashFlowsResultingFromExitPlanLineItems' xlink:type='locator' />
<link:definitionArc order='1.0' xbrldt:closed='true' xbrldt:contextElement='segment' xlink:arcrole='http://xbrl.org/int/dim/arcrole/all' xlink:from='loc_EffectsOnFutureEarningsAndCashFlowsResultingFromExitPlanLineItems' xlink:to='loc_ScheduleOfEffectsOnFutureEarningsAndCashFlowsResultingFromExitPlanTable' xlink:type='arc' />
</link:definitionLink>
<link:definitionLink xlink:role='http://xbrl.us/us-gaap/role/disclosure/ExitOrDisposalCostObligationsScheduleOfEffectsOnFutureEarningsAndCashFlowsResultingFromExitPlanTable' xlink:type='extended'>
<link:loc xlink:href='../elts/us-gaap-2009-01-31.xsd#us-gaap_ScheduleOfEffectsOnFutureEarningsAndCashFlowsResultingFromExitPlanTable' xlink:label='loc_ScheduleOfEffectsOnFutureEarningsAndCashFlowsResultingFromExitPlanTable' xlink:type='locator' />
<link:loc xlink:href='../elts/us-gaap-2009-01-31.xsd#us-gaap_EffectsOnFutureEarningsAndCashFlowsResultingFromExitPlanAxis' xlink:label='loc_EffectsOnFutureEarningsAndCashFlowsResultingFromExitPlanAxis' xlink:type='locator' />
<link:definitionArc order='1.0' xlink:arcrole='http://xbrl.org/int/dim/arcrole/hypercube-dimension' xlink:from='loc_ScheduleOfEffectsOnFutureEarningsAndCashFlowsResultingFromExitPlanTable' xlink:to='loc_EffectsOnFutureEarningsAndCashFlowsResultingFromExitPlanAxis' xlink:type='arc' />
</link:definitionLink>
<link:definitionLink xlink:role='http://xbrl.us/us-gaap/role/disclosure/ExitOrDisposalCostObligationsScheduleOfEffectsOnFutureEarningsAndCashFlowsResultingFromExitPlanTable' xlink:type='extended'>
<link:loc xlink:href='../elts/us-gaap-2009-01-31.xsd#us-gaap_EffectsOnFutureEarningsAndCashFlowsResultingFromExitPlanAxis' xlink:label='loc_EffectsOnFutureEarningsAndCashFlowsResultingFromExitPlanAxis' xlink:type='locator' />
<link:loc xlink:href='../elts/us-gaap-2009-01-31.xsd#us-gaap_EffectsOnFutureEarningsAndCashFlowsByTypeOfEffectDomain' xlink:label='loc_EffectsOnFutureEarningsAndCashFlowsByTypeOfEffectDomain' xlink:type='locator' />
<link:definitionArc order='1.0' xlink:arcrole='http://xbrl.org/int/dim/arcrole/dimension-domain' xlink:from='loc_EffectsOnFutureEarningsAndCashFlowsResultingFromExitPlanAxis' xlink:to='loc_EffectsOnFutureEarningsAndCashFlowsByTypeOfEffectDomain' xlink:type='arc' />
</link:definitionLink>
<link:definitionLink xlink:role='http://xbrl.us/us-gaap/role/disclosure/ExitOrDisposalCostObligationsScheduleOfEffectsOnFutureEarningsAndCashFlowsResultingFromExitPlanTable' xlink:type='extended'>
<link:loc xlink:href='../elts/us-gaap-2009-01-31.xsd#us-gaap_EffectsOnFutureEarningsAndCashFlowsResultingFromExitPlanAxis' xlink:label='loc_EffectsOnFutureEarningsAndCashFlowsResultingFromExitPlanAxis' xlink:type='locator' />
<link:loc xlink:href='../elts/us-gaap-2009-01-31.xsd#us-gaap_EffectsOnFutureEarningsAndCashFlowsByTypeOfEffectDomain' xlink:label='loc_EffectsOnFutureEarningsAndCashFlowsByTypeOfEffectDomain' xlink:type='locator' />
<link:definitionArc order='1.0' xlink:arcrole='http://xbrl.org/int/dim/arcrole/dimension-default' xlink:from='loc_EffectsOnFutureEarningsAndCashFlowsResultingFromExitPlanAxis' xlink:to='loc_EffectsOnFutureEarningsAndCashFlowsByTypeOfEffectDomain' xlink:type='arc' />
</link:definitionLink>
<link:definitionLink xlink:role='http://xbrl.us/us-gaap/role/disclosure/ExitOrDisposalCostObligationsScheduleOfEffectsOnFutureEarningsAndCashFlowsResultingFromExitPlanTable' xlink:type='extended'>
<link:loc xlink:href='../elts/us-gaap-2009-01-31.xsd#us-gaap_EffectsOnFutureEarningsAndCashFlowsResultingFromExitPlanLineItems' xlink:label='loc_EffectsOnFutureEarningsAndCashFlowsResultingFromExitPlanLineItems' xlink:type='locator' />
<link:loc xlink:href='../elts/us-gaap-2009-01-31.xsd#us-gaap_EffectOnFutureEarningsAndCashFlowsAmount' xlink:label='loc_EffectOnFutureEarningsAndCashFlowsAmount' xlink:type='locator' />
<link:loc xlink:href='../elts/us-gaap-2009-01-31.xsd#us-gaap_InitialPeriodInWhichEffectsAreExpectedToBeRealized' xlink:label='loc_InitialPeriodInWhichEffectsAreExpectedToBeRealized' xlink:type='locator' />
<link:loc xlink:href='../elts/us-gaap-2009-01-31.xsd#us-gaap_EffectOnFutureEarningsAndCashFlowsOffsetAmount' xlink:label='loc_EffectOnFutureEarningsAndCashFlowsOffsetAmount' xlink:type='locator' />
<link:loc xlink:href='../elts/us-gaap-2009-01-31.xsd#us-gaap_EffectOnFutureEarningsAndCashFlowsOffsetDescription' xlink:label='loc_EffectOnFutureEarningsAndCashFlowsOffsetDescription' xlink:type='locator' />
<link:loc xlink:href='../elts/us-gaap-2009-01-31.xsd#us-gaap_EffectOnFutureEarningsAndCashFlowsIncomeStatementLineItemImpacted' xlink:label='loc_EffectOnFutureEarningsAndCashFlowsIncomeStatementLineItemImpacted' xlink:type='locator' />
<link:definitionArc order='1.0' xlink:arcrole='http://xbrl.org/int/dim/arcrole/domain-member' xlink:from='loc_EffectsOnFutureEarningsAndCashFlowsResultingFromExitPlanLineItems' xlink:to='loc_EffectOnFutureEarningsAndCashFlowsAmount' xlink:type='arc' />
<link:definitionArc order='2.0' xlink:arcrole='http://xbrl.org/int/dim/arcrole/domain-member' xlink:from='loc_EffectsOnFutureEarningsAndCashFlowsResultingFromExitPlanLineItems' xlink:to='loc_InitialPeriodInWhichEffectsAreExpectedToBeRealized' xlink:type='arc' />
<link:definitionArc order='3.0' xlink:arcrole='http://xbrl.org/int/dim/arcrole/domain-member' xlink:from='loc_EffectsOnFutureEarningsAndCashFlowsResultingFromExitPlanLineItems' xlink:to='loc_EffectOnFutureEarningsAndCashFlowsOffsetAmount' xlink:type='arc' />
<link:definitionArc order='4.0' xlink:arcrole='http://xbrl.org/int/dim/arcrole/domain-member' xlink:from='loc_EffectsOnFutureEarningsAndCashFlowsResultingFromExitPlanLineItems' xlink:to='loc_EffectOnFutureEarningsAndCashFlowsOffsetDescription' xlink:type='arc' />
<link:definitionArc order='5.0' xlink:arcrole='http://xbrl.org/int/dim/arcrole/domain-member' xlink:from='loc_EffectsOnFutureEarningsAndCashFlowsResultingFromExitPlanLineItems' xlink:to='loc_EffectOnFutureEarningsAndCashFlowsIncomeStatementLineItemImpacted' xlink:type='arc' />
</link:definitionLink>
<link:definitionLink xlink:role='http://xbrl.us/us-gaap/role/disclosure/ExitOrDisposalCostObligationsScheduleOfEffectsOnFutureEarningsAndCashFlowsResultingFromExitPlanTable' xlink:type='extended'>
<link:loc xlink:href='../elts/us-gaap-2009-01-31.xsd#us-gaap_EffectsOnFutureEarningsAndCashFlowsByTypeOfEffectDomain' xlink:label='loc_EffectsOnFutureEarningsAndCashFlowsByTypeOfEffectDomain' xlink:type='locator' />
<link:loc xlink:href='../elts/us-gaap-2009-01-31.xsd#us-gaap_ReducedDepreciationMember' xlink:label='loc_ReducedDepreciationMember' xlink:type='locator' />
<link:loc xlink:href='../elts/us-gaap-2009-01-31.xsd#us-gaap_ReducedEmployeeExpensesMember' xlink:label='loc_ReducedEmployeeExpensesMember' xlink:type='locator' />
<link:definitionArc order='1.0' xlink:arcrole='http://xbrl.org/int/dim/arcrole/domain-member' xlink:from='loc_EffectsOnFutureEarningsAndCashFlowsByTypeOfEffectDomain' xlink:to='loc_ReducedDepreciationMember' xlink:type='arc' />
<link:definitionArc order='2.0' xlink:arcrole='http://xbrl.org/int/dim/arcrole/domain-member' xlink:from='loc_EffectsOnFutureEarningsAndCashFlowsByTypeOfEffectDomain' xlink:to='loc_ReducedEmployeeExpensesMember' xlink:type='arc' />
</link:definitionLink>
<!--Definition relationships for table ScheduleOfRestructuringReserveByTypeOfRestructuringTable in presentation http://xbrl.us/us-gaap/role/disclosure/ExitOrDisposalCostObligations-->
<link:definitionLink xlink:role='http://xbrl.us/us-gaap/role/disclosure/ExitOrDisposalCostObligationsScheduleOfRestructuringReserveByTypeOfRestructuringTable' xlink:type='extended'>
<link:loc xlink:href='../elts/us-gaap-2009-01-31.xsd#us-gaap_ScheduleOfRestructuringReserveByTypeOfRestructuringTable' xlink:label='loc_ScheduleOfRestructuringReserveByTypeOfRestructuringTable' xlink:type='locator' />
<link:loc xlink:href='../elts/us-gaap-2009-01-31.xsd#us-gaap_RestructuringReserveLineItems' xlink:label='loc_RestructuringReserveLineItems' xlink:type='locator' />
<link:definitionArc order='1.0' xbrldt:closed='true' xbrldt:contextElement='segment' xlink:arcrole='http://xbrl.org/int/dim/arcrole/all' xlink:from='loc_RestructuringReserveLineItems' xlink:to='loc_ScheduleOfRestructuringReserveByTypeOfRestructuringTable' xlink:type='arc' />
</link:definitionLink>
<link:definitionLink xlink:role='http://xbrl.us/us-gaap/role/disclosure/ExitOrDisposalCostObligationsScheduleOfRestructuringReserveByTypeOfRestructuringTable' xlink:type='extended'>
<link:loc xlink:href='../elts/us-gaap-2009-01-31.xsd#us-gaap_ScheduleOfRestructuringReserveByTypeOfRestructuringTable' xlink:label='loc_ScheduleOfRestructuringReserveByTypeOfRestructuringTable' xlink:type='locator' />
<link:loc xlink:href='../elts/us-gaap-2009-01-31.xsd#us-gaap_RestructuringReserveByTypeOfRestructuringAxis' xlink:label='loc_RestructuringReserveByTypeOfRestructuringAxis' xlink:type='locator' />
<link:definitionArc order='1.0' xlink:arcrole='http://xbrl.org/int/dim/arcrole/hypercube-dimension' xlink:from='loc_ScheduleOfRestructuringReserveByTypeOfRestructuringTable' xlink:to='loc_RestructuringReserveByTypeOfRestructuringAxis' xlink:type='arc' />
</link:definitionLink>
<link:definitionLink xlink:role='http://xbrl.us/us-gaap/role/disclosure/ExitOrDisposalCostObligationsScheduleOfRestructuringReserveByTypeOfRestructuringTable' xlink:type='extended'>
<link:loc xlink:href='../elts/us-gaap-2009-01-31.xsd#us-gaap_RestructuringReserveByTypeOfRestructuringAxis' xlink:label='loc_RestructuringReserveByTypeOfRestructuringAxis' xlink:type='locator' />
<link:loc xlink:href='../elts/us-gaap-2009-01-31.xsd#us-gaap_TypeOfRestructuringDomain' xlink:label='loc_TypeOfRestructuringDomain' xlink:type='locator' />
<link:definitionArc order='1.0' xlink:arcrole='http://xbrl.org/int/dim/arcrole/dimension-domain' xlink:from='loc_RestructuringReserveByTypeOfRestructuringAxis' xlink:to='loc_TypeOfRestructuringDomain' xlink:type='arc' />
</link:definitionLink>
<link:definitionLink xlink:role='http://xbrl.us/us-gaap/role/disclosure/ExitOrDisposalCostObligationsScheduleOfRestructuringReserveByTypeOfRestructuringTable' xlink:type='extended'>
<link:loc xlink:href='../elts/us-gaap-2009-01-31.xsd#us-gaap_RestructuringReserveByTypeOfRestructuringAxis' xlink:label='loc_RestructuringReserveByTypeOfRestructuringAxis' xlink:type='locator' />
<link:loc xlink:href='../elts/us-gaap-2009-01-31.xsd#us-gaap_TypeOfRestructuringDomain' xlink:label='loc_TypeOfRestructuringDomain' xlink:type='locator' />
<link:definitionArc order='1.0' xlink:arcrole='http://xbrl.org/int/dim/arcrole/dimension-default' xlink:from='loc_RestructuringReserveByTypeOfRestructuringAxis' xlink:to='loc_TypeOfRestructuringDomain' xlink:type='arc' />
</link:definitionLink>
<link:definitionLink xlink:role='http://xbrl.us/us-gaap/role/disclosure/ExitOrDisposalCostObligationsScheduleOfRestructuringReserveByTypeOfRestructuringTable' xlink:type='extended'>
<link:loc xlink:href='../elts/us-gaap-2009-01-31.xsd#us-gaap_RestructuringReserveLineItems' xlink:label='loc_RestructuringReserveLineItems' xlink:type='locator' />
<link:loc xlink:href='../elts/us-gaap-2009-01-31.xsd#us-gaap_RestructuringReserveRollForward' xlink:label='loc_RestructuringReserveRollForward' xlink:type='locator' />
<link:loc xlink:href='../elts/us-gaap-2009-01-31.xsd#us-gaap_RestructuringReserve' xlink:label='loc_RestructuringReserve' xlink:type='locator' />
<link:loc xlink:href='../elts/us-gaap-2009-01-31.xsd#us-gaap_RestructuringReservePeriodExpense' xlink:label='loc_RestructuringReservePeriodExpense' xlink:type='locator' />
<link:loc xlink:href='../elts/us-gaap-2009-01-31.xsd#us-gaap_RestructuringReserveSettledWithoutCash' xlink:label='loc_RestructuringReserveSettledWithoutCash' xlink:type='locator' />
<link:loc xlink:href='../elts/us-gaap-2009-01-31.xsd#us-gaap_RestructuringReserveSettledWithCash' xlink:label='loc_RestructuringReserveSettledWithCash' xlink:type='locator' />
<link:loc xlink:href='../elts/us-gaap-2009-01-31.xsd#us-gaap_RestructuringReserveTranslationAdjustment' xlink:label='loc_RestructuringReserveTranslationAdjustment' xlink:type='locator' />
<link:loc xlink:href='../elts/us-gaap-2009-01-31.xsd#us-gaap_RestructuringReserveAccrualAdjustment' xlink:label='loc_RestructuringReserveAccrualAdjustment' xlink:type='locator' />
<link:loc xlink:href='../elts/us-gaap-2009-01-31.xsd#us-gaap_RestructuringReservePeriodIncreaseDecrease' xlink:label='loc_RestructuringReservePeriodIncreaseDecrease' xlink:type='locator' />
<link:loc xlink:href='../elts/us-gaap-2009-01-31.xsd#us-gaap_RestructuringReserveAdjustmentDescription' xlink:label='loc_RestructuringReserveAdjustmentDescription' xlink:type='locator' />
<link:definitionArc order='1.0' xlink:arcrole='http://xbrl.org/int/dim/arcrole/domain-member' xlink:from='loc_RestructuringReserveLineItems' xlink:to='loc_RestructuringReserveRollForward' xlink:type='arc' />
<link:definitionArc order='2.0' xlink:arcrole='http://xbrl.org/int/dim/arcrole/domain-member' xlink:from='loc_RestructuringReserveRollForward' xlink:to='loc_RestructuringReserve' xlink:type='arc' />
<link:definitionArc order='3.0' xlink:arcrole='http://xbrl.org/int/dim/arcrole/domain-member' xlink:from='loc_RestructuringReserveRollForward' xlink:to='loc_RestructuringReservePeriodExpense' xlink:type='arc' />
<link:definitionArc order='4.0' xlink:arcrole='http://xbrl.org/int/dim/arcrole/domain-member' xlink:from='loc_RestructuringReserveRollForward' xlink:to='loc_RestructuringReserveSettledWithoutCash' xlink:type='arc' />
<link:definitionArc order='5.0' xlink:arcrole='http://xbrl.org/int/dim/arcrole/domain-member' xlink:from='loc_RestructuringReserveRollForward' xlink:to='loc_RestructuringReserveSettledWithCash' xlink:type='arc' />
<link:definitionArc order='6.0' xlink:arcrole='http://xbrl.org/int/dim/arcrole/domain-member' xlink:from='loc_RestructuringReserveRollForward' xlink:to='loc_RestructuringReserveTranslationAdjustment' xlink:type='arc' />
<link:definitionArc order='7.0' xlink:arcrole='http://xbrl.org/int/dim/arcrole/domain-member' xlink:from='loc_RestructuringReserveRollForward' xlink:to='loc_RestructuringReserveAccrualAdjustment' xlink:type='arc' />
<link:definitionArc order='8.0' xlink:arcrole='http://xbrl.org/int/dim/arcrole/domain-member' xlink:from='loc_RestructuringReserveRollForward' xlink:to='loc_RestructuringReservePeriodIncreaseDecrease' xlink:type='arc' />
<link:definitionArc order='10.0' xlink:arcrole='http://xbrl.org/int/dim/arcrole/domain-member' xlink:from='loc_RestructuringReserveLineItems' xlink:to='loc_RestructuringReserveAdjustmentDescription' xlink:type='arc' />
</link:definitionLink>
<link:definitionLink xlink:role='http://xbrl.us/us-gaap/role/disclosure/ExitOrDisposalCostObligationsScheduleOfRestructuringReserveByTypeOfRestructuringTable' xlink:type='extended'>
<link:loc xlink:href='../elts/us-gaap-2009-01-31.xsd#us-gaap_TypeOfRestructuringDomain' xlink:label='loc_TypeOfRestructuringDomain' xlink:type='locator' />
<link:loc xlink:href='../elts/us-gaap-2009-01-31.xsd#us-gaap_FacilityClosingMember' xlink:label='loc_FacilityClosingMember' xlink:type='locator' />
<link:loc xlink:href='../elts/us-gaap-2009-01-31.xsd#us-gaap_EmployeeSeveranceMember' xlink:label='loc_EmployeeSeveranceMember' xlink:type='locator' />
<link:loc xlink:href='../elts/us-gaap-2009-01-31.xsd#us-gaap_OneTimeTerminationBenefitsMember' xlink:label='loc_OneTimeTerminationBenefitsMember' xlink:type='locator' />
<link:loc xlink:href='../elts/us-gaap-2009-01-31.xsd#us-gaap_SpecialTerminationBenefitsMember' xlink:label='loc_SpecialTerminationBenefitsMember' xlink:type='locator' />
<link:loc xlink:href='../elts/us-gaap-2009-01-31.xsd#us-gaap_EmployeeRelocationMember' xlink:label='loc_EmployeeRelocationMember' xlink:type='locator' />
<link:loc xlink:href='../elts/us-gaap-2009-01-31.xsd#us-gaap_ContractTerminationMember' xlink:label='loc_ContractTerminationMember' xlink:type='locator' />
<link:definitionArc order='1.0' xlink:arcrole='http://xbrl.org/int/dim/arcrole/domain-member' xlink:from='loc_TypeOfRestructuringDomain' xlink:to='loc_FacilityClosingMember' xlink:type='arc' />
<link:definitionArc order='2.0' xlink:arcrole='http://xbrl.org/int/dim/arcrole/domain-member' xlink:from='loc_TypeOfRestructuringDomain' xlink:to='loc_EmployeeSeveranceMember' xlink:type='arc' />
<link:definitionArc order='3.0' xlink:arcrole='http://xbrl.org/int/dim/arcrole/domain-member' xlink:from='loc_TypeOfRestructuringDomain' xlink:to='loc_OneTimeTerminationBenefitsMember' xlink:type='arc' />
<link:definitionArc order='4.0' xlink:arcrole='http://xbrl.org/int/dim/arcrole/domain-member' xlink:from='loc_TypeOfRestructuringDomain' xlink:to='loc_SpecialTerminationBenefitsMember' xlink:type='arc' />
<link:definitionArc order='5.0' xlink:arcrole='http://xbrl.org/int/dim/arcrole/domain-member' xlink:from='loc_TypeOfRestructuringDomain' xlink:to='loc_EmployeeRelocationMember' xlink:type='arc' />
<link:definitionArc order='6.0' xlink:arcrole='http://xbrl.org/int/dim/arcrole/domain-member' xlink:from='loc_TypeOfRestructuringDomain' xlink:to='loc_ContractTerminationMember' xlink:type='arc' />
</link:definitionLink>
</link:linkbase>
