<?xml version='1.0' encoding='UTF-8'?>

<!--
(c) XBRL US, Inc. 2007-2010; Financial Accounting Foundation, Inc. 2010-2015.  All Rights Reserved.
Notice: Authorized Uses are Set Forth at http://xbrl.fasb.org/terms/TaxonomiesTermsConditions.html
  -->
<link:linkbase xmlns:link='http://www.xbrl.org/2003/linkbase' xmlns:xbrldt='http://xbrl.org/2005/xbrldt' xmlns:xlink='http://www.w3.org/1999/xlink' xmlns:xsi='http://www.w3.org/2001/XMLSchema-instance' xsi:schemaLocation='http://www.xbrl.org/2003/linkbase http://www.xbrl.org/2003/xbrl-linkbase-2003-12-31.xsd'>
<link:roleRef roleURI='http://fasb.org/us-gaap/role/disclosure/CompensationRelatedCostsPostemploymentBenefits' xlink:href='../elts/us-roles-2015-01-31.xsd#crcpb' xlink:type='simple' />
<link:presentationLink xlink:role='http://fasb.org/us-gaap/role/disclosure/CompensationRelatedCostsPostemploymentBenefits' xlink:type='extended'>
<link:loc xlink:href='../elts/us-gaap-2015-01-31.xsd#us-gaap_DisclosureTextBlockSupplementAbstract' xlink:label='loc_DisclosureTextBlockSupplementAbstract' xlink:type='locator' />
<link:loc xlink:href='../elts/us-gaap-2015-01-31.xsd#us-gaap_CompensationAndEmployeeBenefitPlansTextBlock' xlink:label='loc_CompensationAndEmployeeBenefitPlansTextBlock' xlink:type='locator' />
<link:loc xlink:href='../elts/us-gaap-2015-01-31.xsd#us-gaap_CompensationAndEmployeeBenefitPlansOtherThanShareBasedCompensationTextBlock' xlink:label='loc_CompensationAndEmployeeBenefitPlansOtherThanShareBasedCompensationTextBlock' xlink:type='locator' />
<link:loc xlink:href='../elts/us-gaap-2015-01-31.xsd#us-gaap_PostemploymentBenefitsLiabilityAbstract' xlink:label='loc_PostemploymentBenefitsLiabilityAbstract' xlink:type='locator' />
<link:loc xlink:href='../elts/us-gaap-2015-01-31.xsd#us-gaap_PostemploymentBenefitsLiabilityCurrent' xlink:label='loc_PostemploymentBenefitsLiabilityCurrent' xlink:type='locator' />
<link:loc xlink:href='../elts/us-gaap-2015-01-31.xsd#us-gaap_PostemploymentBenefitsLiabilityNoncurrent' xlink:label='loc_PostemploymentBenefitsLiabilityNoncurrent' xlink:type='locator' />
<link:loc xlink:href='../elts/us-gaap-2015-01-31.xsd#us-gaap_PostemploymentBenefitsLiabilityCurrentAndNoncurrent' xlink:label='loc_PostemploymentBenefitsLiabilityCurrentAndNoncurrent' xlink:type='locator' />
<link:loc xlink:href='../elts/us-gaap-2015-01-31.xsd#us-gaap_PostemploymentBenefitsAbstract' xlink:label='loc_PostemploymentBenefitsAbstract' xlink:type='locator' />
<link:loc xlink:href='../elts/us-gaap-2015-01-31.xsd#us-gaap_PostemploymentBenefitsDisclosureTextBlock' xlink:label='loc_PostemploymentBenefitsDisclosureTextBlock' xlink:type='locator' />
<link:loc xlink:href='../elts/us-gaap-2015-01-31.xsd#us-gaap_DescriptionOfPostemploymentBenefits' xlink:label='loc_DescriptionOfPostemploymentBenefits' xlink:type='locator' />
<link:loc xlink:href='../elts/us-gaap-2015-01-31.xsd#us-gaap_SupplementalUnemploymentBenefitsAbstract' xlink:label='loc_SupplementalUnemploymentBenefitsAbstract' xlink:type='locator' />
<link:loc xlink:href='../elts/us-gaap-2015-01-31.xsd#us-gaap_PostemploymentBenefitsPeriodExpense' xlink:label='loc_PostemploymentBenefitsPeriodExpense' xlink:type='locator' />
<link:loc xlink:href='../elts/us-gaap-2015-01-31.xsd#us-gaap_PostemploymentLiabilityNotAccrued' xlink:label='loc_PostemploymentLiabilityNotAccrued' xlink:type='locator' />
<link:loc xlink:href='../elts/us-gaap-2015-01-31.xsd#us-gaap_SupplementalUnemploymentBenefitsSalaryContinuation' xlink:label='loc_SupplementalUnemploymentBenefitsSalaryContinuation' xlink:type='locator' />
<link:loc xlink:href='../elts/us-gaap-2015-01-31.xsd#us-gaap_SupplementalUnemploymentBenefitsSeveranceBenefits' xlink:label='loc_SupplementalUnemploymentBenefitsSeveranceBenefits' xlink:type='locator' />
<link:loc xlink:href='../elts/us-gaap-2015-01-31.xsd#us-gaap_SupplementalUnemploymentBenefitsDisabilityRelatedBenefits' xlink:label='loc_SupplementalUnemploymentBenefitsDisabilityRelatedBenefits' xlink:type='locator' />
<link:loc xlink:href='../elts/us-gaap-2015-01-31.xsd#us-gaap_SupplementalUnemploymentBenefitsJobTrainingAndCounseling' xlink:label='loc_SupplementalUnemploymentBenefitsJobTrainingAndCounseling' xlink:type='locator' />
<link:loc xlink:href='../elts/us-gaap-2015-01-31.xsd#us-gaap_SupplementalUnemploymentBenefitsContinuationOfHealthCare' xlink:label='loc_SupplementalUnemploymentBenefitsContinuationOfHealthCare' xlink:type='locator' />
<link:loc xlink:href='../elts/us-gaap-2015-01-31.xsd#us-gaap_SupplementalUnemploymentBenefitsContinuationOfLifeInsurance' xlink:label='loc_SupplementalUnemploymentBenefitsContinuationOfLifeInsurance' xlink:type='locator' />
<link:loc xlink:href='../elts/us-gaap-2015-01-31.xsd#us-gaap_SupplementalUnemploymentBenefitsOtherPostemployment' xlink:label='loc_SupplementalUnemploymentBenefitsOtherPostemployment' xlink:type='locator' />
<link:loc xlink:href='../elts/us-gaap-2015-01-31.xsd#us-gaap_SupplementalUnemploymentBenefits' xlink:label='loc_SupplementalUnemploymentBenefits' xlink:type='locator' />
<link:presentationArc order='10' xlink:arcrole='http://www.xbrl.org/2003/arcrole/parent-child' xlink:from='loc_DisclosureTextBlockSupplementAbstract' xlink:to='loc_CompensationAndEmployeeBenefitPlansTextBlock' xlink:type='arc' />
<link:presentationArc order='20' xlink:arcrole='http://www.xbrl.org/2003/arcrole/parent-child' xlink:from='loc_DisclosureTextBlockSupplementAbstract' xlink:to='loc_CompensationAndEmployeeBenefitPlansOtherThanShareBasedCompensationTextBlock' xlink:type='arc' />
<link:presentationArc order='10' xlink:arcrole='http://www.xbrl.org/2003/arcrole/parent-child' xlink:from='loc_PostemploymentBenefitsLiabilityAbstract' xlink:to='loc_PostemploymentBenefitsLiabilityCurrent' xlink:type='arc' />
<link:presentationArc order='20' xlink:arcrole='http://www.xbrl.org/2003/arcrole/parent-child' xlink:from='loc_PostemploymentBenefitsLiabilityAbstract' xlink:to='loc_PostemploymentBenefitsLiabilityNoncurrent' xlink:type='arc' />
<link:presentationArc order='30' preferredLabel='http://www.xbrl.org/2003/role/totalLabel' xlink:arcrole='http://www.xbrl.org/2003/arcrole/parent-child' xlink:from='loc_PostemploymentBenefitsLiabilityAbstract' xlink:to='loc_PostemploymentBenefitsLiabilityCurrentAndNoncurrent' xlink:type='arc' />
<link:presentationArc order='10' xlink:arcrole='http://www.xbrl.org/2003/arcrole/parent-child' xlink:from='loc_PostemploymentBenefitsAbstract' xlink:to='loc_PostemploymentBenefitsDisclosureTextBlock' xlink:type='arc' />
<link:presentationArc order='10' use='optional' xlink:arcrole='http://www.xbrl.org/2003/arcrole/parent-child' xlink:from='loc_PostemploymentBenefitsDisclosureTextBlock' xlink:to='loc_DescriptionOfPostemploymentBenefits' xlink:type='arc' />
<link:presentationArc order='20' xlink:arcrole='http://www.xbrl.org/2003/arcrole/parent-child' xlink:from='loc_PostemploymentBenefitsDisclosureTextBlock' xlink:to='loc_SupplementalUnemploymentBenefitsAbstract' xlink:type='arc' />
<link:presentationArc order='30' xlink:arcrole='http://www.xbrl.org/2003/arcrole/parent-child' xlink:from='loc_PostemploymentBenefitsDisclosureTextBlock' xlink:to='loc_PostemploymentBenefitsLiabilityAbstract' xlink:type='arc' />
<link:presentationArc order='40' xlink:arcrole='http://www.xbrl.org/2003/arcrole/parent-child' xlink:from='loc_PostemploymentBenefitsDisclosureTextBlock' xlink:to='loc_PostemploymentBenefitsPeriodExpense' xlink:type='arc' />
<link:presentationArc order='50' xlink:arcrole='http://www.xbrl.org/2003/arcrole/parent-child' xlink:from='loc_PostemploymentBenefitsDisclosureTextBlock' xlink:to='loc_PostemploymentLiabilityNotAccrued' xlink:type='arc' />
<link:presentationArc order='20' xlink:arcrole='http://www.xbrl.org/2003/arcrole/parent-child' xlink:from='loc_PostemploymentBenefitsAbstract' xlink:to='loc_DisclosureTextBlockSupplementAbstract' xlink:type='arc' />
<link:presentationArc order='10' xlink:arcrole='http://www.xbrl.org/2003/arcrole/parent-child' xlink:from='loc_SupplementalUnemploymentBenefitsAbstract' xlink:to='loc_SupplementalUnemploymentBenefitsSalaryContinuation' xlink:type='arc' />
<link:presentationArc order='20' xlink:arcrole='http://www.xbrl.org/2003/arcrole/parent-child' xlink:from='loc_SupplementalUnemploymentBenefitsAbstract' xlink:to='loc_SupplementalUnemploymentBenefitsSeveranceBenefits' xlink:type='arc' />
<link:presentationArc order='30' xlink:arcrole='http://www.xbrl.org/2003/arcrole/parent-child' xlink:from='loc_SupplementalUnemploymentBenefitsAbstract' xlink:to='loc_SupplementalUnemploymentBenefitsDisabilityRelatedBenefits' xlink:type='arc' />
<link:presentationArc order='40' xlink:arcrole='http://www.xbrl.org/2003/arcrole/parent-child' xlink:from='loc_SupplementalUnemploymentBenefitsAbstract' xlink:to='loc_SupplementalUnemploymentBenefitsJobTrainingAndCounseling' xlink:type='arc' />
<link:presentationArc order='50' xlink:arcrole='http://www.xbrl.org/2003/arcrole/parent-child' xlink:from='loc_SupplementalUnemploymentBenefitsAbstract' xlink:to='loc_SupplementalUnemploymentBenefitsContinuationOfHealthCare' xlink:type='arc' />
<link:presentationArc order='60' xlink:arcrole='http://www.xbrl.org/2003/arcrole/parent-child' xlink:from='loc_SupplementalUnemploymentBenefitsAbstract' xlink:to='loc_SupplementalUnemploymentBenefitsContinuationOfLifeInsurance' xlink:type='arc' />
<link:presentationArc order='70' xlink:arcrole='http://www.xbrl.org/2003/arcrole/parent-child' xlink:from='loc_SupplementalUnemploymentBenefitsAbstract' xlink:to='loc_SupplementalUnemploymentBenefitsOtherPostemployment' xlink:type='arc' />
<link:presentationArc order='80' preferredLabel='http://www.xbrl.org/2003/role/totalLabel' xlink:arcrole='http://www.xbrl.org/2003/arcrole/parent-child' xlink:from='loc_SupplementalUnemploymentBenefitsAbstract' xlink:to='loc_SupplementalUnemploymentBenefits' xlink:type='arc' />
</link:presentationLink>
</link:linkbase>
