<?xml version='1.0' encoding='UTF-8'?>

<!--
(c) XBRL US, Inc. 2007-2010; Financial Accounting Foundation, Inc. 2010-2015.  All Rights Reserved.
Notice: Authorized Uses are Set Forth at http://xbrl.fasb.org/terms/TaxonomiesTermsConditions.html
  -->
<link:linkbase xmlns:link='http://www.xbrl.org/2003/linkbase' xmlns:xbrldt='http://xbrl.org/2005/xbrldt' xmlns:xlink='http://www.w3.org/1999/xlink' xmlns:xsi='http://www.w3.org/2001/XMLSchema-instance' xsi:schemaLocation='http://www.xbrl.org/2003/linkbase http://www.xbrl.org/2003/xbrl-linkbase-2003-12-31.xsd'>
<link:roleRef roleURI='http://fasb.org/us-gaap/role/disclosure/CompensationRelatedCostsRetirementBenefits' xlink:href='../elts/us-roles-2015-01-31.xsd#crcrb' xlink:type='simple' />
<link:calculationLink xlink:role='http://fasb.org/us-gaap/role/disclosure/CompensationRelatedCostsRetirementBenefits' xlink:type='extended'>
<link:loc xlink:href='../elts/us-gaap-2015-01-31.xsd#us-gaap_DefinedBenefitPlanChangeInFairValueOfPlanAssetsLevel3ReconciliationPeriodIncreaseDecrease' xlink:label='loc_DefinedBenefitPlanChangeInFairValueOfPlanAssetsLevel3ReconciliationPeriodIncreaseDecrease' xlink:type='locator' />
<link:loc xlink:href='../elts/us-gaap-2015-01-31.xsd#us-gaap_DefinedBenefitPlanActualReturnOnPlanAssets' xlink:label='loc_DefinedBenefitPlanActualReturnOnPlanAssets' xlink:type='locator' />
<link:loc xlink:href='../elts/us-gaap-2015-01-31.xsd#us-gaap_DefinedBenefitPlanActualReturnOnPlanAssetsStillHeld' xlink:label='loc_DefinedBenefitPlanActualReturnOnPlanAssetsStillHeld' xlink:type='locator' />
<link:loc xlink:href='../elts/us-gaap-2015-01-31.xsd#us-gaap_DefinedBenefitPlanActualReturnOnPlanAssetsSoldDuringPeriod' xlink:label='loc_DefinedBenefitPlanActualReturnOnPlanAssetsSoldDuringPeriod' xlink:type='locator' />
<link:loc xlink:href='../elts/us-gaap-2015-01-31.xsd#us-gaap_DefinedBenefitPlanTransfersBetweenMeasurementLevels' xlink:label='loc_DefinedBenefitPlanTransfersBetweenMeasurementLevels' xlink:type='locator' />
<link:loc xlink:href='../elts/us-gaap-2015-01-31.xsd#us-gaap_DefinedBenefitPlanPurchasesSalesAndSettlements' xlink:label='loc_DefinedBenefitPlanPurchasesSalesAndSettlements' xlink:type='locator' />
<link:loc xlink:href='../elts/us-gaap-2015-01-31.xsd#us-gaap_DefinedBenefitPlanAmountToBeAmortizedFromAccumulatedOtherComprehensiveIncomeLossNextFiscalYear' xlink:label='loc_DefinedBenefitPlanAmountToBeAmortizedFromAccumulatedOtherComprehensiveIncomeLossNextFiscalYear' xlink:type='locator' />
<link:loc xlink:href='../elts/us-gaap-2015-01-31.xsd#us-gaap_DefinedBenefitPlanAmortizationOfNetTransitionAssetObligation' xlink:label='loc_DefinedBenefitPlanAmortizationOfNetTransitionAssetObligation' xlink:type='locator' />
<link:loc xlink:href='../elts/us-gaap-2015-01-31.xsd#us-gaap_DefinedBenefitPlanFutureAmortizationOfGainLoss' xlink:label='loc_DefinedBenefitPlanFutureAmortizationOfGainLoss' xlink:type='locator' />
<link:loc xlink:href='../elts/us-gaap-2015-01-31.xsd#us-gaap_DefinedBenefitPlanFutureAmortizationOfPriorServiceCostCredit' xlink:label='loc_DefinedBenefitPlanFutureAmortizationOfPriorServiceCostCredit' xlink:type='locator' />
<link:loc xlink:href='../elts/us-gaap-2015-01-31.xsd#us-gaap_DefinedBenefitPlanBenefitObligationPeriodIncreaseDecrease' xlink:label='loc_DefinedBenefitPlanBenefitObligationPeriodIncreaseDecrease' xlink:type='locator' />
<link:loc xlink:href='../elts/us-gaap-2015-01-31.xsd#us-gaap_DefinedBenefitPlanServiceCost' xlink:label='loc_DefinedBenefitPlanServiceCost' xlink:type='locator' />
<link:loc xlink:href='../elts/us-gaap-2015-01-31.xsd#us-gaap_DefinedBenefitPlanInterestCost' xlink:label='loc_DefinedBenefitPlanInterestCost' xlink:type='locator' />
<link:loc xlink:href='../elts/us-gaap-2015-01-31.xsd#us-gaap_DefinedBenefitPlanContributionsByPlanParticipants' xlink:label='loc_DefinedBenefitPlanContributionsByPlanParticipants' xlink:type='locator' />
<link:loc xlink:href='../elts/us-gaap-2015-01-31.xsd#us-gaap_DefinedBenefitPlanActuarialGainLoss' xlink:label='loc_DefinedBenefitPlanActuarialGainLoss' xlink:type='locator' />
<link:loc xlink:href='../elts/us-gaap-2015-01-31.xsd#us-gaap_DefinedBenefitPlanForeignCurrencyExchangeRateChangesBenefitObligation' xlink:label='loc_DefinedBenefitPlanForeignCurrencyExchangeRateChangesBenefitObligation' xlink:type='locator' />
<link:loc xlink:href='../elts/us-gaap-2015-01-31.xsd#us-gaap_DefinedBenefitPlanBenefitsPaid' xlink:label='loc_DefinedBenefitPlanBenefitsPaid' xlink:type='locator' />
<link:loc xlink:href='../elts/us-gaap-2015-01-31.xsd#us-gaap_DefinedBenefitPlanGrossPrescriptionDrugSubsidyReceiptsReceived' xlink:label='loc_DefinedBenefitPlanGrossPrescriptionDrugSubsidyReceiptsReceived' xlink:type='locator' />
<link:loc xlink:href='../elts/us-gaap-2015-01-31.xsd#us-gaap_DefinedBenefitPlanPlanAmendments' xlink:label='loc_DefinedBenefitPlanPlanAmendments' xlink:type='locator' />
<link:loc xlink:href='../elts/us-gaap-2015-01-31.xsd#us-gaap_DefinedBenefitPlanBusinessCombinationsAndAcquisitionsBenefitObligation' xlink:label='loc_DefinedBenefitPlanBusinessCombinationsAndAcquisitionsBenefitObligation' xlink:type='locator' />
<link:loc xlink:href='../elts/us-gaap-2015-01-31.xsd#us-gaap_DefinedBenefitPlanDivestituresBenefitObligation' xlink:label='loc_DefinedBenefitPlanDivestituresBenefitObligation' xlink:type='locator' />
<link:loc xlink:href='../elts/us-gaap-2015-01-31.xsd#us-gaap_DefinedBenefitPlanCurtailments' xlink:label='loc_DefinedBenefitPlanCurtailments' xlink:type='locator' />
<link:loc xlink:href='../elts/us-gaap-2015-01-31.xsd#us-gaap_DefinedBenefitPlanSettlementsBenefitObligation' xlink:label='loc_DefinedBenefitPlanSettlementsBenefitObligation' xlink:type='locator' />
<link:loc xlink:href='../elts/us-gaap-2015-01-31.xsd#us-gaap_DefinedBenefitPlanSpecialTerminationBenefits' xlink:label='loc_DefinedBenefitPlanSpecialTerminationBenefits' xlink:type='locator' />
<link:loc xlink:href='../elts/us-gaap-2015-01-31.xsd#us-gaap_DefinedBenefitPlanOtherChanges' xlink:label='loc_DefinedBenefitPlanOtherChanges' xlink:type='locator' />
<link:loc xlink:href='../elts/us-gaap-2015-01-31.xsd#us-gaap_DefinedBenefitPlanExpectedContributionsInCurrentFiscalYear' xlink:label='loc_DefinedBenefitPlanExpectedContributionsInCurrentFiscalYear' xlink:type='locator' />
<link:loc xlink:href='../elts/us-gaap-2015-01-31.xsd#us-gaap_DefinedBenefitPlansEstimatedFutureEmployerContributionsInCurrentFiscalYear' xlink:label='loc_DefinedBenefitPlansEstimatedFutureEmployerContributionsInCurrentFiscalYear' xlink:type='locator' />
<link:loc xlink:href='../elts/us-gaap-2015-01-31.xsd#us-gaap_DefinedBenefitPlanContributionsByEmployer' xlink:label='loc_DefinedBenefitPlanContributionsByEmployer' xlink:type='locator' />
<link:loc xlink:href='../elts/us-gaap-2015-01-31.xsd#us-gaap_DefinedBenefitPlanFairValueOfPlanAssetsPeriodIncreaseDecrease' xlink:label='loc_DefinedBenefitPlanFairValueOfPlanAssetsPeriodIncreaseDecrease' xlink:type='locator' />
<link:loc xlink:href='../elts/us-gaap-2015-01-31.xsd#us-gaap_DefinedBenefitPlanBusinessCombinationsAndAcquisitionsPlanAssets' xlink:label='loc_DefinedBenefitPlanBusinessCombinationsAndAcquisitionsPlanAssets' xlink:type='locator' />
<link:loc xlink:href='../elts/us-gaap-2015-01-31.xsd#us-gaap_DefinedBenefitPlanDivestituresPlanAssets' xlink:label='loc_DefinedBenefitPlanDivestituresPlanAssets' xlink:type='locator' />
<link:loc xlink:href='../elts/us-gaap-2015-01-31.xsd#us-gaap_DefinedBenefitPlanSettlementsPlanAssets' xlink:label='loc_DefinedBenefitPlanSettlementsPlanAssets' xlink:type='locator' />
<link:loc xlink:href='../elts/us-gaap-2015-01-31.xsd#us-gaap_DefinedBenefitPlanForeignCurrencyExchangeRateChangesPlanAssets' xlink:label='loc_DefinedBenefitPlanForeignCurrencyExchangeRateChangesPlanAssets' xlink:type='locator' />
<link:loc xlink:href='../elts/us-gaap-2015-01-31.xsd#us-gaap_DefinedBenefitPlanAdministrationExpenses' xlink:label='loc_DefinedBenefitPlanAdministrationExpenses' xlink:type='locator' />
<link:loc xlink:href='../elts/us-gaap-2015-01-31.xsd#us-gaap_DefinedBenefitPlanAssetsTransferredToFromPlan' xlink:label='loc_DefinedBenefitPlanAssetsTransferredToFromPlan' xlink:type='locator' />
<link:loc xlink:href='../elts/us-gaap-2015-01-31.xsd#us-gaap_DefinedBenefitPlanFundedStatusOfPlan' xlink:label='loc_DefinedBenefitPlanFundedStatusOfPlan' xlink:type='locator' />
<link:loc xlink:href='../elts/us-gaap-2015-01-31.xsd#us-gaap_DefinedBenefitPlanBenefitObligation' xlink:label='loc_DefinedBenefitPlanBenefitObligation' xlink:type='locator' />
<link:loc xlink:href='../elts/us-gaap-2015-01-31.xsd#us-gaap_DefinedBenefitPlanFairValueOfPlanAssets' xlink:label='loc_DefinedBenefitPlanFairValueOfPlanAssets' xlink:type='locator' />
<link:loc xlink:href='../elts/us-gaap-2015-01-31.xsd#us-gaap_DefinedBenefitPlanAccumulatedOtherComprehensiveIncomeBeforeTax' xlink:label='loc_DefinedBenefitPlanAccumulatedOtherComprehensiveIncomeBeforeTax' xlink:type='locator' />
<link:loc xlink:href='../elts/us-gaap-2015-01-31.xsd#us-gaap_DefinedBenefitPlanAccumulatedOtherComprehensiveIncomeNetGainsLossesBeforeTax' xlink:label='loc_DefinedBenefitPlanAccumulatedOtherComprehensiveIncomeNetGainsLossesBeforeTax' xlink:type='locator' />
<link:loc xlink:href='../elts/us-gaap-2015-01-31.xsd#us-gaap_DefinedBenefitPlanAccumulatedOtherComprehensiveIncomeNetPriorServiceCostCreditBeforeTax' xlink:label='loc_DefinedBenefitPlanAccumulatedOtherComprehensiveIncomeNetPriorServiceCostCreditBeforeTax' xlink:type='locator' />
<link:loc xlink:href='../elts/us-gaap-2015-01-31.xsd#us-gaap_DefinedBenefitPlanAccumulatedOtherComprehensiveIncomeNetTransitionAssetsObligationsBeforeTax' xlink:label='loc_DefinedBenefitPlanAccumulatedOtherComprehensiveIncomeNetTransitionAssetsObligationsBeforeTax' xlink:type='locator' />
<link:loc xlink:href='../elts/us-gaap-2015-01-31.xsd#us-gaap_DefinedBenefitPlanAccumulatedOtherComprehensiveIncomeMinimumPensionLiabilityBeforeTax' xlink:label='loc_DefinedBenefitPlanAccumulatedOtherComprehensiveIncomeMinimumPensionLiabilityBeforeTax' xlink:type='locator' />
<link:calculationArc order='10' weight='1.0' xlink:arcrole='http://www.xbrl.org/2003/arcrole/summation-item' xlink:from='loc_DefinedBenefitPlanChangeInFairValueOfPlanAssetsLevel3ReconciliationPeriodIncreaseDecrease' xlink:to='loc_DefinedBenefitPlanActualReturnOnPlanAssets' xlink:type='arc' />
<link:calculationArc order='10' weight='1.0' xlink:arcrole='http://www.xbrl.org/2003/arcrole/summation-item' xlink:from='loc_DefinedBenefitPlanActualReturnOnPlanAssets' xlink:to='loc_DefinedBenefitPlanActualReturnOnPlanAssetsStillHeld' xlink:type='arc' />
<link:calculationArc order='20' weight='1.0' xlink:arcrole='http://www.xbrl.org/2003/arcrole/summation-item' xlink:from='loc_DefinedBenefitPlanActualReturnOnPlanAssets' xlink:to='loc_DefinedBenefitPlanActualReturnOnPlanAssetsSoldDuringPeriod' xlink:type='arc' />
<link:calculationArc order='20' weight='1.0' xlink:arcrole='http://www.xbrl.org/2003/arcrole/summation-item' xlink:from='loc_DefinedBenefitPlanChangeInFairValueOfPlanAssetsLevel3ReconciliationPeriodIncreaseDecrease' xlink:to='loc_DefinedBenefitPlanTransfersBetweenMeasurementLevels' xlink:type='arc' />
<link:calculationArc order='30' weight='1.0' xlink:arcrole='http://www.xbrl.org/2003/arcrole/summation-item' xlink:from='loc_DefinedBenefitPlanChangeInFairValueOfPlanAssetsLevel3ReconciliationPeriodIncreaseDecrease' xlink:to='loc_DefinedBenefitPlanPurchasesSalesAndSettlements' xlink:type='arc' />
<link:calculationArc order='10' weight='1.0' xlink:arcrole='http://www.xbrl.org/2003/arcrole/summation-item' xlink:from='loc_DefinedBenefitPlanAmountToBeAmortizedFromAccumulatedOtherComprehensiveIncomeLossNextFiscalYear' xlink:to='loc_DefinedBenefitPlanAmortizationOfNetTransitionAssetObligation' xlink:type='arc' />
<link:calculationArc order='20' weight='-1.0' xlink:arcrole='http://www.xbrl.org/2003/arcrole/summation-item' xlink:from='loc_DefinedBenefitPlanAmountToBeAmortizedFromAccumulatedOtherComprehensiveIncomeLossNextFiscalYear' xlink:to='loc_DefinedBenefitPlanFutureAmortizationOfGainLoss' xlink:type='arc' />
<link:calculationArc order='30' weight='1.0' xlink:arcrole='http://www.xbrl.org/2003/arcrole/summation-item' xlink:from='loc_DefinedBenefitPlanAmountToBeAmortizedFromAccumulatedOtherComprehensiveIncomeLossNextFiscalYear' xlink:to='loc_DefinedBenefitPlanFutureAmortizationOfPriorServiceCostCredit' xlink:type='arc' />
<link:calculationArc order='10' weight='1.0' xlink:arcrole='http://www.xbrl.org/2003/arcrole/summation-item' xlink:from='loc_DefinedBenefitPlanBenefitObligationPeriodIncreaseDecrease' xlink:to='loc_DefinedBenefitPlanServiceCost' xlink:type='arc' />
<link:calculationArc order='20' weight='1.0' xlink:arcrole='http://www.xbrl.org/2003/arcrole/summation-item' xlink:from='loc_DefinedBenefitPlanBenefitObligationPeriodIncreaseDecrease' xlink:to='loc_DefinedBenefitPlanInterestCost' xlink:type='arc' />
<link:calculationArc order='30' weight='1.0' xlink:arcrole='http://www.xbrl.org/2003/arcrole/summation-item' xlink:from='loc_DefinedBenefitPlanBenefitObligationPeriodIncreaseDecrease' xlink:to='loc_DefinedBenefitPlanContributionsByPlanParticipants' xlink:type='arc' />
<link:calculationArc order='40' weight='-1.0' xlink:arcrole='http://www.xbrl.org/2003/arcrole/summation-item' xlink:from='loc_DefinedBenefitPlanBenefitObligationPeriodIncreaseDecrease' xlink:to='loc_DefinedBenefitPlanActuarialGainLoss' xlink:type='arc' />
<link:calculationArc order='50' weight='-1.0' xlink:arcrole='http://www.xbrl.org/2003/arcrole/summation-item' xlink:from='loc_DefinedBenefitPlanBenefitObligationPeriodIncreaseDecrease' xlink:to='loc_DefinedBenefitPlanForeignCurrencyExchangeRateChangesBenefitObligation' xlink:type='arc' />
<link:calculationArc order='60' weight='-1.0' xlink:arcrole='http://www.xbrl.org/2003/arcrole/summation-item' xlink:from='loc_DefinedBenefitPlanBenefitObligationPeriodIncreaseDecrease' xlink:to='loc_DefinedBenefitPlanBenefitsPaid' xlink:type='arc' />
<link:calculationArc order='70' weight='1.0' xlink:arcrole='http://www.xbrl.org/2003/arcrole/summation-item' xlink:from='loc_DefinedBenefitPlanBenefitObligationPeriodIncreaseDecrease' xlink:to='loc_DefinedBenefitPlanGrossPrescriptionDrugSubsidyReceiptsReceived' xlink:type='arc' />
<link:calculationArc order='80' weight='1.0' xlink:arcrole='http://www.xbrl.org/2003/arcrole/summation-item' xlink:from='loc_DefinedBenefitPlanBenefitObligationPeriodIncreaseDecrease' xlink:to='loc_DefinedBenefitPlanPlanAmendments' xlink:type='arc' />
<link:calculationArc order='90' weight='1.0' xlink:arcrole='http://www.xbrl.org/2003/arcrole/summation-item' xlink:from='loc_DefinedBenefitPlanBenefitObligationPeriodIncreaseDecrease' xlink:to='loc_DefinedBenefitPlanBusinessCombinationsAndAcquisitionsBenefitObligation' xlink:type='arc' />
<link:calculationArc order='100' weight='-1.0' xlink:arcrole='http://www.xbrl.org/2003/arcrole/summation-item' xlink:from='loc_DefinedBenefitPlanBenefitObligationPeriodIncreaseDecrease' xlink:to='loc_DefinedBenefitPlanDivestituresBenefitObligation' xlink:type='arc' />
<link:calculationArc order='110' weight='-1.0' xlink:arcrole='http://www.xbrl.org/2003/arcrole/summation-item' xlink:from='loc_DefinedBenefitPlanBenefitObligationPeriodIncreaseDecrease' xlink:to='loc_DefinedBenefitPlanCurtailments' xlink:type='arc' />
<link:calculationArc order='120' weight='-1.0' xlink:arcrole='http://www.xbrl.org/2003/arcrole/summation-item' xlink:from='loc_DefinedBenefitPlanBenefitObligationPeriodIncreaseDecrease' xlink:to='loc_DefinedBenefitPlanSettlementsBenefitObligation' xlink:type='arc' />
<link:calculationArc order='130' weight='1.0' xlink:arcrole='http://www.xbrl.org/2003/arcrole/summation-item' xlink:from='loc_DefinedBenefitPlanBenefitObligationPeriodIncreaseDecrease' xlink:to='loc_DefinedBenefitPlanSpecialTerminationBenefits' xlink:type='arc' />
<link:calculationArc order='140' weight='1.0' xlink:arcrole='http://www.xbrl.org/2003/arcrole/summation-item' xlink:from='loc_DefinedBenefitPlanBenefitObligationPeriodIncreaseDecrease' xlink:to='loc_DefinedBenefitPlanOtherChanges' xlink:type='arc' />
<link:calculationArc order='10' weight='1.0' xlink:arcrole='http://www.xbrl.org/2003/arcrole/summation-item' xlink:from='loc_DefinedBenefitPlanExpectedContributionsInCurrentFiscalYear' xlink:to='loc_DefinedBenefitPlansEstimatedFutureEmployerContributionsInCurrentFiscalYear' xlink:type='arc' />
<link:calculationArc order='20' weight='1.0' xlink:arcrole='http://www.xbrl.org/2003/arcrole/summation-item' xlink:from='loc_DefinedBenefitPlanExpectedContributionsInCurrentFiscalYear' xlink:to='loc_DefinedBenefitPlanContributionsByEmployer' xlink:type='arc' />
<link:calculationArc order='10' weight='1.0' xlink:arcrole='http://www.xbrl.org/2003/arcrole/summation-item' xlink:from='loc_DefinedBenefitPlanFairValueOfPlanAssetsPeriodIncreaseDecrease' xlink:to='loc_DefinedBenefitPlanActualReturnOnPlanAssets' xlink:type='arc' />
<link:calculationArc order='20' weight='1.0' xlink:arcrole='http://www.xbrl.org/2003/arcrole/summation-item' xlink:from='loc_DefinedBenefitPlanFairValueOfPlanAssetsPeriodIncreaseDecrease' xlink:to='loc_DefinedBenefitPlanContributionsByEmployer' xlink:type='arc' />
<link:calculationArc order='30' weight='1.0' xlink:arcrole='http://www.xbrl.org/2003/arcrole/summation-item' xlink:from='loc_DefinedBenefitPlanFairValueOfPlanAssetsPeriodIncreaseDecrease' xlink:to='loc_DefinedBenefitPlanContributionsByPlanParticipants' xlink:type='arc' />
<link:calculationArc order='40' weight='-1.0' xlink:arcrole='http://www.xbrl.org/2003/arcrole/summation-item' xlink:from='loc_DefinedBenefitPlanFairValueOfPlanAssetsPeriodIncreaseDecrease' xlink:to='loc_DefinedBenefitPlanBenefitsPaid' xlink:type='arc' />
<link:calculationArc order='50' weight='1.0' xlink:arcrole='http://www.xbrl.org/2003/arcrole/summation-item' xlink:from='loc_DefinedBenefitPlanFairValueOfPlanAssetsPeriodIncreaseDecrease' xlink:to='loc_DefinedBenefitPlanBusinessCombinationsAndAcquisitionsPlanAssets' xlink:type='arc' />
<link:calculationArc order='60' weight='-1.0' xlink:arcrole='http://www.xbrl.org/2003/arcrole/summation-item' xlink:from='loc_DefinedBenefitPlanFairValueOfPlanAssetsPeriodIncreaseDecrease' xlink:to='loc_DefinedBenefitPlanDivestituresPlanAssets' xlink:type='arc' />
<link:calculationArc order='70' weight='-1.0' xlink:arcrole='http://www.xbrl.org/2003/arcrole/summation-item' xlink:from='loc_DefinedBenefitPlanFairValueOfPlanAssetsPeriodIncreaseDecrease' xlink:to='loc_DefinedBenefitPlanSettlementsPlanAssets' xlink:type='arc' />
<link:calculationArc order='80' weight='1.0' xlink:arcrole='http://www.xbrl.org/2003/arcrole/summation-item' xlink:from='loc_DefinedBenefitPlanFairValueOfPlanAssetsPeriodIncreaseDecrease' xlink:to='loc_DefinedBenefitPlanForeignCurrencyExchangeRateChangesPlanAssets' xlink:type='arc' />
<link:calculationArc order='90' weight='-1.0' xlink:arcrole='http://www.xbrl.org/2003/arcrole/summation-item' xlink:from='loc_DefinedBenefitPlanFairValueOfPlanAssetsPeriodIncreaseDecrease' xlink:to='loc_DefinedBenefitPlanAdministrationExpenses' xlink:type='arc' />
<link:calculationArc order='100' weight='1.0' xlink:arcrole='http://www.xbrl.org/2003/arcrole/summation-item' xlink:from='loc_DefinedBenefitPlanFairValueOfPlanAssetsPeriodIncreaseDecrease' xlink:to='loc_DefinedBenefitPlanAssetsTransferredToFromPlan' xlink:type='arc' />
<link:calculationArc order='10' weight='-1.0' xlink:arcrole='http://www.xbrl.org/2003/arcrole/summation-item' xlink:from='loc_DefinedBenefitPlanFundedStatusOfPlan' xlink:to='loc_DefinedBenefitPlanBenefitObligation' xlink:type='arc' />
<link:calculationArc order='20' weight='1.0' xlink:arcrole='http://www.xbrl.org/2003/arcrole/summation-item' xlink:from='loc_DefinedBenefitPlanFundedStatusOfPlan' xlink:to='loc_DefinedBenefitPlanFairValueOfPlanAssets' xlink:type='arc' />
<link:calculationArc order='10' weight='-1.0' xlink:arcrole='http://www.xbrl.org/2003/arcrole/summation-item' xlink:from='loc_DefinedBenefitPlanAccumulatedOtherComprehensiveIncomeBeforeTax' xlink:to='loc_DefinedBenefitPlanAccumulatedOtherComprehensiveIncomeNetGainsLossesBeforeTax' xlink:type='arc' />
<link:calculationArc order='20' weight='1.0' xlink:arcrole='http://www.xbrl.org/2003/arcrole/summation-item' xlink:from='loc_DefinedBenefitPlanAccumulatedOtherComprehensiveIncomeBeforeTax' xlink:to='loc_DefinedBenefitPlanAccumulatedOtherComprehensiveIncomeNetPriorServiceCostCreditBeforeTax' xlink:type='arc' />
<link:calculationArc order='30' weight='-1.0' xlink:arcrole='http://www.xbrl.org/2003/arcrole/summation-item' xlink:from='loc_DefinedBenefitPlanAccumulatedOtherComprehensiveIncomeBeforeTax' xlink:to='loc_DefinedBenefitPlanAccumulatedOtherComprehensiveIncomeNetTransitionAssetsObligationsBeforeTax' xlink:type='arc' />
<link:calculationArc order='40' weight='1.0' xlink:arcrole='http://www.xbrl.org/2003/arcrole/summation-item' xlink:from='loc_DefinedBenefitPlanAccumulatedOtherComprehensiveIncomeBeforeTax' xlink:to='loc_DefinedBenefitPlanAccumulatedOtherComprehensiveIncomeMinimumPensionLiabilityBeforeTax' xlink:type='arc' />
</link:calculationLink>
</link:linkbase>
