<?xml version='1.0' encoding='UTF-8'?>

<!--
(c) XBRL US, Inc. 2007-2010; Financial Accounting Foundation, Inc. 2010-2015.  All Rights Reserved.
Notice: Authorized Uses are Set Forth at http://xbrl.fasb.org/terms/TaxonomiesTermsConditions.html
  -->
<link:linkbase xmlns:link='http://www.xbrl.org/2003/linkbase' xmlns:xbrldt='http://xbrl.org/2005/xbrldt' xmlns:xlink='http://www.w3.org/1999/xlink' xmlns:xsi='http://www.w3.org/2001/XMLSchema-instance' xsi:schemaLocation='http://www.xbrl.org/2003/linkbase http://www.xbrl.org/2003/xbrl-linkbase-2003-12-31.xsd'>
<link:roleRef roleURI='http://fasb.org/us-gaap/role/disclosure/SECScheduleArticle12-09ValuationAndQualifyingAccounts' xlink:href='../elts/us-roles-2015-01-31.xsd#sec-vq' xlink:type='simple' />
<link:presentationLink xlink:role='http://fasb.org/us-gaap/role/disclosure/SECScheduleArticle12-09ValuationAndQualifyingAccounts' xlink:type='extended'>
<link:loc xlink:href='../elts/us-gaap-2015-01-31.xsd#us-gaap_AllowanceForDoubtfulAccountsMember' xlink:label='loc_AllowanceForDoubtfulAccountsMember' xlink:type='locator' />
<link:loc xlink:href='../elts/us-gaap-2015-01-31.xsd#us-gaap_AllowanceForDoubtfulAccountsContinuingOperationsMember' xlink:label='loc_AllowanceForDoubtfulAccountsContinuingOperationsMember' xlink:type='locator' />
<link:loc xlink:href='../elts/us-gaap-2015-01-31.xsd#us-gaap_AllowanceForDoubtfulAccountsDiscontinuedOperationsMember' xlink:label='loc_AllowanceForDoubtfulAccountsDiscontinuedOperationsMember' xlink:type='locator' />
<link:loc xlink:href='../elts/us-gaap-2015-01-31.xsd#us-gaap_AllowanceForDoubtfulAccountsCurrentMember' xlink:label='loc_AllowanceForDoubtfulAccountsCurrentMember' xlink:type='locator' />
<link:loc xlink:href='../elts/us-gaap-2015-01-31.xsd#us-gaap_AllowanceForDoubtfulAccountsNoncurrentMember' xlink:label='loc_AllowanceForDoubtfulAccountsNoncurrentMember' xlink:type='locator' />
<link:loc xlink:href='../elts/us-gaap-2015-01-31.xsd#us-gaap_MovementInValuationAllowancesAndReservesRollForward' xlink:label='loc_MovementInValuationAllowancesAndReservesRollForward' xlink:type='locator' />
<link:loc xlink:href='../elts/us-gaap-2015-01-31.xsd#us-gaap_ValuationAllowancesAndReservesBalance' xlink:label='loc_ValuationAllowancesAndReservesBalance' xlink:type='locator' />
<link:loc xlink:href='../elts/us-gaap-2015-01-31.xsd#us-gaap_ValuationAllowancesAndReservesReservesOfBusinessesAcquired' xlink:label='loc_ValuationAllowancesAndReservesReservesOfBusinessesAcquired' xlink:type='locator' />
<link:loc xlink:href='../elts/us-gaap-2015-01-31.xsd#us-gaap_ValuationAllowancesAndReservesChargedToCostAndExpense' xlink:label='loc_ValuationAllowancesAndReservesChargedToCostAndExpense' xlink:type='locator' />
<link:loc xlink:href='../elts/us-gaap-2015-01-31.xsd#us-gaap_ValuationAllowancesAndReservesChargedToOtherAccounts' xlink:label='loc_ValuationAllowancesAndReservesChargedToOtherAccounts' xlink:type='locator' />
<link:loc xlink:href='../elts/us-gaap-2015-01-31.xsd#us-gaap_ValuationAllowancesAndReservesDeductions' xlink:label='loc_ValuationAllowancesAndReservesDeductions' xlink:type='locator' />
<link:loc xlink:href='../elts/us-gaap-2015-01-31.xsd#us-gaap_ValuationAllowancesAndReservesRecoveries' xlink:label='loc_ValuationAllowancesAndReservesRecoveries' xlink:type='locator' />
<link:loc xlink:href='../elts/us-gaap-2015-01-31.xsd#us-gaap_ValuationAllowancesAndReservesAdjustments' xlink:label='loc_ValuationAllowancesAndReservesAdjustments' xlink:type='locator' />
<link:loc xlink:href='../elts/us-gaap-2015-01-31.xsd#us-gaap_ValuationAllowancesAndReservesPeriodIncreaseDecrease' xlink:label='loc_ValuationAllowancesAndReservesPeriodIncreaseDecrease' xlink:type='locator' />
<link:loc xlink:href='../elts/us-gaap-2015-01-31.xsd#us-gaap_ValuationAllowancesAndReservesBalance' xlink:label='loc_ValuationAllowancesAndReservesBalance_1' xlink:type='locator' />
<link:loc xlink:href='../elts/us-gaap-2015-01-31.xsd#us-gaap_ValuationAllowanceOfDeferredTaxAssetsMember' xlink:label='loc_ValuationAllowanceOfDeferredTaxAssetsMember' xlink:type='locator' />
<link:loc xlink:href='../elts/us-gaap-2015-01-31.xsd#us-gaap_ValuationAllowanceOperatingLossCarryforwardsMember' xlink:label='loc_ValuationAllowanceOperatingLossCarryforwardsMember' xlink:type='locator' />
<link:loc xlink:href='../elts/us-gaap-2015-01-31.xsd#us-gaap_ValuationAllowanceOtherTaxCarryforwardMember' xlink:label='loc_ValuationAllowanceOtherTaxCarryforwardMember' xlink:type='locator' />
<link:loc xlink:href='../elts/us-gaap-2015-01-31.xsd#us-gaap_ValuationAllowanceTaxCreditCarryforwardMember' xlink:label='loc_ValuationAllowanceTaxCreditCarryforwardMember' xlink:type='locator' />
<link:loc xlink:href='../elts/us-gaap-2015-01-31.xsd#us-gaap_ValuationAllowancesAndReservesTypeAxis' xlink:label='loc_ValuationAllowancesAndReservesTypeAxis' xlink:type='locator' />
<link:loc xlink:href='../elts/us-gaap-2015-01-31.xsd#us-gaap_ValuationAllowancesAndReservesDomain' xlink:label='loc_ValuationAllowancesAndReservesDomain' xlink:type='locator' />
<link:loc xlink:href='../elts/us-gaap-2015-01-31.xsd#us-gaap_AllowanceForTradeReceivablesMember' xlink:label='loc_AllowanceForTradeReceivablesMember' xlink:type='locator' />
<link:loc xlink:href='../elts/us-gaap-2015-01-31.xsd#us-gaap_AllowanceForNotesReceivableMember' xlink:label='loc_AllowanceForNotesReceivableMember' xlink:type='locator' />
<link:loc xlink:href='../elts/us-gaap-2015-01-31.xsd#us-gaap_AllowanceForLossesOnFinanceReceivablesMember' xlink:label='loc_AllowanceForLossesOnFinanceReceivablesMember' xlink:type='locator' />
<link:loc xlink:href='../elts/us-gaap-2015-01-31.xsd#us-gaap_AllowanceForFranchiseReceivablesMember' xlink:label='loc_AllowanceForFranchiseReceivablesMember' xlink:type='locator' />
<link:loc xlink:href='../elts/us-gaap-2015-01-31.xsd#us-gaap_AllowanceForFranchiseNotesReceivableMember' xlink:label='loc_AllowanceForFranchiseNotesReceivableMember' xlink:type='locator' />
<link:loc xlink:href='../elts/us-gaap-2015-01-31.xsd#us-gaap_AllowanceForReceivableFromInsuranceProviderMember' xlink:label='loc_AllowanceForReceivableFromInsuranceProviderMember' xlink:type='locator' />
<link:loc xlink:href='../elts/us-gaap-2015-01-31.xsd#us-gaap_AllowanceForSalesReturnsMember' xlink:label='loc_AllowanceForSalesReturnsMember' xlink:type='locator' />
<link:loc xlink:href='../elts/us-gaap-2015-01-31.xsd#us-gaap_AllowanceForPromotionsMember' xlink:label='loc_AllowanceForPromotionsMember' xlink:type='locator' />
<link:loc xlink:href='../elts/us-gaap-2015-01-31.xsd#us-gaap_AllowanceForUncollectiblePremiumsReceivableMember' xlink:label='loc_AllowanceForUncollectiblePremiumsReceivableMember' xlink:type='locator' />
<link:loc xlink:href='../elts/us-gaap-2015-01-31.xsd#us-gaap_AllowanceForLoanAndLeaseLossesMember' xlink:label='loc_AllowanceForLoanAndLeaseLossesMember' xlink:type='locator' />
<link:loc xlink:href='../elts/us-gaap-2015-01-31.xsd#us-gaap_AllowanceForReinsuranceRecoverableMember' xlink:label='loc_AllowanceForReinsuranceRecoverableMember' xlink:type='locator' />
<link:loc xlink:href='../elts/us-gaap-2015-01-31.xsd#us-gaap_AllowanceForUncollectibleAgencyLoansMember' xlink:label='loc_AllowanceForUncollectibleAgencyLoansMember' xlink:type='locator' />
<link:loc xlink:href='../elts/us-gaap-2015-01-31.xsd#us-gaap_AllowanceForUncollectibleDeductiblesMember' xlink:label='loc_AllowanceForUncollectibleDeductiblesMember' xlink:type='locator' />
<link:loc xlink:href='../elts/us-gaap-2015-01-31.xsd#us-gaap_AllowanceForUncollectibleAccountsTimeSharingTransactionsMember' xlink:label='loc_AllowanceForUncollectibleAccountsTimeSharingTransactionsMember' xlink:type='locator' />
<link:loc xlink:href='../elts/us-gaap-2015-01-31.xsd#us-gaap_AllowanceForUncollectibleAccountsTimeSharingReceivablesSoldWithRecourseMember' xlink:label='loc_AllowanceForUncollectibleAccountsTimeSharingReceivablesSoldWithRecourseMember' xlink:type='locator' />
<link:loc xlink:href='../elts/us-gaap-2015-01-31.xsd#us-gaap_AllowanceForLoansAndLeasesReceivableMember' xlink:label='loc_AllowanceForLoansAndLeasesReceivableMember' xlink:type='locator' />
<link:loc xlink:href='../elts/us-gaap-2015-01-31.xsd#us-gaap_AllowanceForLoanAndLeaseLossesRealEstateMember' xlink:label='loc_AllowanceForLoanAndLeaseLossesRealEstateMember' xlink:type='locator' />
<link:loc xlink:href='../elts/us-gaap-2015-01-31.xsd#us-gaap_AllowanceForUncollectibleCustomersLiabilityForAcceptancesMember' xlink:label='loc_AllowanceForUncollectibleCustomersLiabilityForAcceptancesMember' xlink:type='locator' />
<link:loc xlink:href='../elts/us-gaap-2015-01-31.xsd#us-gaap_ValuationAllowanceRealEstateOwnedMember' xlink:label='loc_ValuationAllowanceRealEstateOwnedMember' xlink:type='locator' />
<link:loc xlink:href='../elts/us-gaap-2015-01-31.xsd#us-gaap_ValuationAllowanceForImpairmentOfRecognizedServicingAssetsMember' xlink:label='loc_ValuationAllowanceForImpairmentOfRecognizedServicingAssetsMember' xlink:type='locator' />
<link:loc xlink:href='../elts/us-gaap-2015-01-31.xsd#us-gaap_ReserveForEarnOutReceivableMember' xlink:label='loc_ReserveForEarnOutReceivableMember' xlink:type='locator' />
<link:loc xlink:href='../elts/us-gaap-2015-01-31.xsd#us-gaap_ReserveForCashDiscountMember' xlink:label='loc_ReserveForCashDiscountMember' xlink:type='locator' />
<link:loc xlink:href='../elts/us-gaap-2015-01-31.xsd#us-gaap_ReserveForCustomerDeductionsMember' xlink:label='loc_ReserveForCustomerDeductionsMember' xlink:type='locator' />
<link:loc xlink:href='../elts/us-gaap-2015-01-31.xsd#us-gaap_ReserveForEnvironmentalCostsMember' xlink:label='loc_ReserveForEnvironmentalCostsMember' xlink:type='locator' />
<link:loc xlink:href='../elts/us-gaap-2015-01-31.xsd#us-gaap_ReserveForOffBalanceSheetActivitiesMember' xlink:label='loc_ReserveForOffBalanceSheetActivitiesMember' xlink:type='locator' />
<link:loc xlink:href='../elts/us-gaap-2015-01-31.xsd#us-gaap_LegalReserveMember' xlink:label='loc_LegalReserveMember' xlink:type='locator' />
<link:loc xlink:href='../elts/us-gaap-2015-01-31.xsd#us-gaap_InventoryValuationReserveMember' xlink:label='loc_InventoryValuationReserveMember' xlink:type='locator' />
<link:loc xlink:href='../elts/us-gaap-2015-01-31.xsd#us-gaap_ReserveForImpairmentOfIntangibleAssetsMember' xlink:label='loc_ReserveForImpairmentOfIntangibleAssetsMember' xlink:type='locator' />
<link:loc xlink:href='../elts/us-gaap-2015-01-31.xsd#us-gaap_WarrantyReservesMember' xlink:label='loc_WarrantyReservesMember' xlink:type='locator' />
<link:loc xlink:href='../elts/us-gaap-2015-01-31.xsd#us-gaap_BusinessRestructuringReservesMember' xlink:label='loc_BusinessRestructuringReservesMember' xlink:type='locator' />
<link:loc xlink:href='../elts/us-gaap-2015-01-31.xsd#us-gaap_ValuationAndQualifyingAccountsDisclosureLineItems' xlink:label='loc_ValuationAndQualifyingAccountsDisclosureLineItems' xlink:type='locator' />
<link:loc xlink:href='../elts/us-gaap-2015-01-31.xsd#us-gaap_ValuationAndQualifyingAccountsDisclosureTable' xlink:label='loc_ValuationAndQualifyingAccountsDisclosureTable' xlink:type='locator' />
<link:loc xlink:href='../elts/us-gaap-2015-01-31.xsd#us-gaap_ValuationAndQualifyingAccountsAbstract' xlink:label='loc_ValuationAndQualifyingAccountsAbstract' xlink:type='locator' />
<link:loc xlink:href='../elts/us-gaap-2015-01-31.xsd#us-gaap_ScheduleOfValuationAndQualifyingAccountsDisclosureTextBlock' xlink:label='loc_ScheduleOfValuationAndQualifyingAccountsDisclosureTextBlock' xlink:type='locator' />
<link:presentationArc order='10' use='optional' xlink:arcrole='http://www.xbrl.org/2003/arcrole/parent-child' xlink:from='loc_AllowanceForDoubtfulAccountsMember' xlink:to='loc_AllowanceForDoubtfulAccountsContinuingOperationsMember' xlink:type='arc' />
<link:presentationArc order='20' use='optional' xlink:arcrole='http://www.xbrl.org/2003/arcrole/parent-child' xlink:from='loc_AllowanceForDoubtfulAccountsMember' xlink:to='loc_AllowanceForDoubtfulAccountsDiscontinuedOperationsMember' xlink:type='arc' />
<link:presentationArc order='30' use='optional' xlink:arcrole='http://www.xbrl.org/2003/arcrole/parent-child' xlink:from='loc_AllowanceForDoubtfulAccountsMember' xlink:to='loc_AllowanceForDoubtfulAccountsCurrentMember' xlink:type='arc' />
<link:presentationArc order='40' use='optional' xlink:arcrole='http://www.xbrl.org/2003/arcrole/parent-child' xlink:from='loc_AllowanceForDoubtfulAccountsMember' xlink:to='loc_AllowanceForDoubtfulAccountsNoncurrentMember' xlink:type='arc' />
<link:presentationArc order='10' preferredLabel='http://www.xbrl.org/2003/role/periodStartLabel' xlink:arcrole='http://www.xbrl.org/2003/arcrole/parent-child' xlink:from='loc_MovementInValuationAllowancesAndReservesRollForward' xlink:to='loc_ValuationAllowancesAndReservesBalance' xlink:type='arc' />
<link:presentationArc order='20' xlink:arcrole='http://www.xbrl.org/2003/arcrole/parent-child' xlink:from='loc_MovementInValuationAllowancesAndReservesRollForward' xlink:to='loc_ValuationAllowancesAndReservesReservesOfBusinessesAcquired' xlink:type='arc' />
<link:presentationArc order='30' xlink:arcrole='http://www.xbrl.org/2003/arcrole/parent-child' xlink:from='loc_MovementInValuationAllowancesAndReservesRollForward' xlink:to='loc_ValuationAllowancesAndReservesChargedToCostAndExpense' xlink:type='arc' />
<link:presentationArc order='40' xlink:arcrole='http://www.xbrl.org/2003/arcrole/parent-child' xlink:from='loc_MovementInValuationAllowancesAndReservesRollForward' xlink:to='loc_ValuationAllowancesAndReservesChargedToOtherAccounts' xlink:type='arc' />
<link:presentationArc order='50' xlink:arcrole='http://www.xbrl.org/2003/arcrole/parent-child' xlink:from='loc_MovementInValuationAllowancesAndReservesRollForward' xlink:to='loc_ValuationAllowancesAndReservesDeductions' xlink:type='arc' />
<link:presentationArc order='60' xlink:arcrole='http://www.xbrl.org/2003/arcrole/parent-child' xlink:from='loc_MovementInValuationAllowancesAndReservesRollForward' xlink:to='loc_ValuationAllowancesAndReservesRecoveries' xlink:type='arc' />
<link:presentationArc order='70' xlink:arcrole='http://www.xbrl.org/2003/arcrole/parent-child' xlink:from='loc_MovementInValuationAllowancesAndReservesRollForward' xlink:to='loc_ValuationAllowancesAndReservesAdjustments' xlink:type='arc' />
<link:presentationArc order='80' preferredLabel='http://www.xbrl.org/2003/role/totalLabel' xlink:arcrole='http://www.xbrl.org/2003/arcrole/parent-child' xlink:from='loc_MovementInValuationAllowancesAndReservesRollForward' xlink:to='loc_ValuationAllowancesAndReservesPeriodIncreaseDecrease' xlink:type='arc' />
<link:presentationArc order='90' preferredLabel='http://www.xbrl.org/2003/role/periodEndLabel' xlink:arcrole='http://www.xbrl.org/2003/arcrole/parent-child' xlink:from='loc_MovementInValuationAllowancesAndReservesRollForward' xlink:to='loc_ValuationAllowancesAndReservesBalance_1' xlink:type='arc' />
<link:presentationArc order='10' xlink:arcrole='http://www.xbrl.org/2003/arcrole/parent-child' xlink:from='loc_ValuationAllowanceOfDeferredTaxAssetsMember' xlink:to='loc_ValuationAllowanceOperatingLossCarryforwardsMember' xlink:type='arc' />
<link:presentationArc order='20' xlink:arcrole='http://www.xbrl.org/2003/arcrole/parent-child' xlink:from='loc_ValuationAllowanceOfDeferredTaxAssetsMember' xlink:to='loc_ValuationAllowanceOtherTaxCarryforwardMember' xlink:type='arc' />
<link:presentationArc order='30' xlink:arcrole='http://www.xbrl.org/2003/arcrole/parent-child' xlink:from='loc_ValuationAllowanceOfDeferredTaxAssetsMember' xlink:to='loc_ValuationAllowanceTaxCreditCarryforwardMember' xlink:type='arc' />
<link:presentationArc order='10' use='optional' xlink:arcrole='http://www.xbrl.org/2003/arcrole/parent-child' xlink:from='loc_ValuationAllowancesAndReservesTypeAxis' xlink:to='loc_ValuationAllowancesAndReservesDomain' xlink:type='arc' />
<link:presentationArc order='10' use='optional' xlink:arcrole='http://www.xbrl.org/2003/arcrole/parent-child' xlink:from='loc_ValuationAllowancesAndReservesDomain' xlink:to='loc_AllowanceForDoubtfulAccountsMember' xlink:type='arc' />
<link:presentationArc order='20' use='optional' xlink:arcrole='http://www.xbrl.org/2003/arcrole/parent-child' xlink:from='loc_ValuationAllowancesAndReservesDomain' xlink:to='loc_AllowanceForTradeReceivablesMember' xlink:type='arc' />
<link:presentationArc order='30' use='optional' xlink:arcrole='http://www.xbrl.org/2003/arcrole/parent-child' xlink:from='loc_ValuationAllowancesAndReservesDomain' xlink:to='loc_AllowanceForNotesReceivableMember' xlink:type='arc' />
<link:presentationArc order='40' use='optional' xlink:arcrole='http://www.xbrl.org/2003/arcrole/parent-child' xlink:from='loc_ValuationAllowancesAndReservesDomain' xlink:to='loc_AllowanceForLossesOnFinanceReceivablesMember' xlink:type='arc' />
<link:presentationArc order='50' use='optional' xlink:arcrole='http://www.xbrl.org/2003/arcrole/parent-child' xlink:from='loc_ValuationAllowancesAndReservesDomain' xlink:to='loc_AllowanceForFranchiseReceivablesMember' xlink:type='arc' />
<link:presentationArc order='60' use='optional' xlink:arcrole='http://www.xbrl.org/2003/arcrole/parent-child' xlink:from='loc_ValuationAllowancesAndReservesDomain' xlink:to='loc_AllowanceForFranchiseNotesReceivableMember' xlink:type='arc' />
<link:presentationArc order='70' use='optional' xlink:arcrole='http://www.xbrl.org/2003/arcrole/parent-child' xlink:from='loc_ValuationAllowancesAndReservesDomain' xlink:to='loc_AllowanceForReceivableFromInsuranceProviderMember' xlink:type='arc' />
<link:presentationArc order='80' use='optional' xlink:arcrole='http://www.xbrl.org/2003/arcrole/parent-child' xlink:from='loc_ValuationAllowancesAndReservesDomain' xlink:to='loc_AllowanceForSalesReturnsMember' xlink:type='arc' />
<link:presentationArc order='90' use='optional' xlink:arcrole='http://www.xbrl.org/2003/arcrole/parent-child' xlink:from='loc_ValuationAllowancesAndReservesDomain' xlink:to='loc_AllowanceForPromotionsMember' xlink:type='arc' />
<link:presentationArc order='100' use='optional' xlink:arcrole='http://www.xbrl.org/2003/arcrole/parent-child' xlink:from='loc_ValuationAllowancesAndReservesDomain' xlink:to='loc_AllowanceForUncollectiblePremiumsReceivableMember' xlink:type='arc' />
<link:presentationArc order='110' use='optional' xlink:arcrole='http://www.xbrl.org/2003/arcrole/parent-child' xlink:from='loc_ValuationAllowancesAndReservesDomain' xlink:to='loc_AllowanceForLoanAndLeaseLossesMember' xlink:type='arc' />
<link:presentationArc order='120' use='optional' xlink:arcrole='http://www.xbrl.org/2003/arcrole/parent-child' xlink:from='loc_ValuationAllowancesAndReservesDomain' xlink:to='loc_AllowanceForReinsuranceRecoverableMember' xlink:type='arc' />
<link:presentationArc order='130' use='optional' xlink:arcrole='http://www.xbrl.org/2003/arcrole/parent-child' xlink:from='loc_ValuationAllowancesAndReservesDomain' xlink:to='loc_AllowanceForUncollectibleAgencyLoansMember' xlink:type='arc' />
<link:presentationArc order='140' use='optional' xlink:arcrole='http://www.xbrl.org/2003/arcrole/parent-child' xlink:from='loc_ValuationAllowancesAndReservesDomain' xlink:to='loc_AllowanceForUncollectibleDeductiblesMember' xlink:type='arc' />
<link:presentationArc order='150' xlink:arcrole='http://www.xbrl.org/2003/arcrole/parent-child' xlink:from='loc_ValuationAllowancesAndReservesDomain' xlink:to='loc_AllowanceForUncollectibleAccountsTimeSharingTransactionsMember' xlink:type='arc' />
<link:presentationArc order='160' xlink:arcrole='http://www.xbrl.org/2003/arcrole/parent-child' xlink:from='loc_ValuationAllowancesAndReservesDomain' xlink:to='loc_AllowanceForUncollectibleAccountsTimeSharingReceivablesSoldWithRecourseMember' xlink:type='arc' />
<link:presentationArc order='170' xlink:arcrole='http://www.xbrl.org/2003/arcrole/parent-child' xlink:from='loc_ValuationAllowancesAndReservesDomain' xlink:to='loc_AllowanceForLoansAndLeasesReceivableMember' xlink:type='arc' />
<link:presentationArc order='180' xlink:arcrole='http://www.xbrl.org/2003/arcrole/parent-child' xlink:from='loc_ValuationAllowancesAndReservesDomain' xlink:to='loc_AllowanceForLoanAndLeaseLossesRealEstateMember' xlink:type='arc' />
<link:presentationArc order='190' xlink:arcrole='http://www.xbrl.org/2003/arcrole/parent-child' xlink:from='loc_ValuationAllowancesAndReservesDomain' xlink:to='loc_AllowanceForUncollectibleCustomersLiabilityForAcceptancesMember' xlink:type='arc' />
<link:presentationArc order='200' xlink:arcrole='http://www.xbrl.org/2003/arcrole/parent-child' xlink:from='loc_ValuationAllowancesAndReservesDomain' xlink:to='loc_ValuationAllowanceRealEstateOwnedMember' xlink:type='arc' />
<link:presentationArc order='210' use='optional' xlink:arcrole='http://www.xbrl.org/2003/arcrole/parent-child' xlink:from='loc_ValuationAllowancesAndReservesDomain' xlink:to='loc_ValuationAllowanceOfDeferredTaxAssetsMember' xlink:type='arc' />
<link:presentationArc order='220' xlink:arcrole='http://www.xbrl.org/2003/arcrole/parent-child' xlink:from='loc_ValuationAllowancesAndReservesDomain' xlink:to='loc_ValuationAllowanceForImpairmentOfRecognizedServicingAssetsMember' xlink:type='arc' />
<link:presentationArc order='230' use='optional' xlink:arcrole='http://www.xbrl.org/2003/arcrole/parent-child' xlink:from='loc_ValuationAllowancesAndReservesDomain' xlink:to='loc_ReserveForEarnOutReceivableMember' xlink:type='arc' />
<link:presentationArc order='240' use='optional' xlink:arcrole='http://www.xbrl.org/2003/arcrole/parent-child' xlink:from='loc_ValuationAllowancesAndReservesDomain' xlink:to='loc_ReserveForCashDiscountMember' xlink:type='arc' />
<link:presentationArc order='250' use='optional' xlink:arcrole='http://www.xbrl.org/2003/arcrole/parent-child' xlink:from='loc_ValuationAllowancesAndReservesDomain' xlink:to='loc_ReserveForCustomerDeductionsMember' xlink:type='arc' />
<link:presentationArc order='260' xlink:arcrole='http://www.xbrl.org/2003/arcrole/parent-child' xlink:from='loc_ValuationAllowancesAndReservesDomain' xlink:to='loc_ReserveForEnvironmentalCostsMember' xlink:type='arc' />
<link:presentationArc order='270' xlink:arcrole='http://www.xbrl.org/2003/arcrole/parent-child' xlink:from='loc_ValuationAllowancesAndReservesDomain' xlink:to='loc_ReserveForOffBalanceSheetActivitiesMember' xlink:type='arc' />
<link:presentationArc order='280' xlink:arcrole='http://www.xbrl.org/2003/arcrole/parent-child' xlink:from='loc_ValuationAllowancesAndReservesDomain' xlink:to='loc_LegalReserveMember' xlink:type='arc' />
<link:presentationArc order='290' use='optional' xlink:arcrole='http://www.xbrl.org/2003/arcrole/parent-child' xlink:from='loc_ValuationAllowancesAndReservesDomain' xlink:to='loc_InventoryValuationReserveMember' xlink:type='arc' />
<link:presentationArc order='300' use='optional' xlink:arcrole='http://www.xbrl.org/2003/arcrole/parent-child' xlink:from='loc_ValuationAllowancesAndReservesDomain' xlink:to='loc_ReserveForImpairmentOfIntangibleAssetsMember' xlink:type='arc' />
<link:presentationArc order='310' use='optional' xlink:arcrole='http://www.xbrl.org/2003/arcrole/parent-child' xlink:from='loc_ValuationAllowancesAndReservesDomain' xlink:to='loc_WarrantyReservesMember' xlink:type='arc' />
<link:presentationArc order='320' use='optional' xlink:arcrole='http://www.xbrl.org/2003/arcrole/parent-child' xlink:from='loc_ValuationAllowancesAndReservesDomain' xlink:to='loc_BusinessRestructuringReservesMember' xlink:type='arc' />
<link:presentationArc order='10' xlink:arcrole='http://www.xbrl.org/2003/arcrole/parent-child' xlink:from='loc_ValuationAndQualifyingAccountsDisclosureLineItems' xlink:to='loc_MovementInValuationAllowancesAndReservesRollForward' xlink:type='arc' />
<link:presentationArc order='10' use='optional' xlink:arcrole='http://www.xbrl.org/2003/arcrole/parent-child' xlink:from='loc_ValuationAndQualifyingAccountsDisclosureTable' xlink:to='loc_ValuationAllowancesAndReservesTypeAxis' xlink:type='arc' />
<link:presentationArc order='20' use='optional' xlink:arcrole='http://www.xbrl.org/2003/arcrole/parent-child' xlink:from='loc_ValuationAndQualifyingAccountsDisclosureTable' xlink:to='loc_ValuationAndQualifyingAccountsDisclosureLineItems' xlink:type='arc' />
<link:presentationArc order='10' xlink:arcrole='http://www.xbrl.org/2003/arcrole/parent-child' xlink:from='loc_ValuationAndQualifyingAccountsAbstract' xlink:to='loc_ScheduleOfValuationAndQualifyingAccountsDisclosureTextBlock' xlink:type='arc' />
<link:presentationArc order='10' xlink:arcrole='http://www.xbrl.org/2003/arcrole/parent-child' xlink:from='loc_ScheduleOfValuationAndQualifyingAccountsDisclosureTextBlock' xlink:to='loc_ValuationAndQualifyingAccountsDisclosureTable' xlink:type='arc' />
</link:presentationLink>
</link:linkbase>
