<?xml version='1.0' encoding='UTF-8'?>

<!--
(c) XBRL US, Inc. 2007-2010; Financial Accounting Foundation, Inc. 2010-2015.  All Rights Reserved.
Notice: Authorized Uses are Set Forth at http://xbrl.fasb.org/terms/TaxonomiesTermsConditions.html
  -->
<link:linkbase xmlns:link='http://www.xbrl.org/2003/linkbase' xmlns:xbrldt='http://xbrl.org/2005/xbrldt' xmlns:xlink='http://www.w3.org/1999/xlink' xmlns:xsi='http://www.w3.org/2001/XMLSchema-instance' xsi:schemaLocation='http://www.xbrl.org/2003/linkbase http://www.xbrl.org/2003/xbrl-linkbase-2003-12-31.xsd'>
<link:roleRef roleURI='http://fasb.org/us-gaap/role/disclosure/PropertyPlantAndEquipment' xlink:href='../elts/us-roles-2015-01-31.xsd#ppe' xlink:type='simple' />
<link:presentationLink xlink:role='http://fasb.org/us-gaap/role/disclosure/PropertyPlantAndEquipment' xlink:type='extended'>
<link:loc xlink:href='../elts/us-gaap-2015-01-31.xsd#us-gaap_CapitalLeasesBalanceSheetAssetsByMajorClassNetLesseeBalanceSheetAbstract' xlink:label='loc_CapitalLeasesBalanceSheetAssetsByMajorClassNetLesseeBalanceSheetAbstract' xlink:type='locator' />
<link:loc xlink:href='../elts/us-gaap-2015-01-31.xsd#us-gaap_CapitalLeasedAssetsGross' xlink:label='loc_CapitalLeasedAssetsGross' xlink:type='locator' />
<link:loc xlink:href='../elts/us-gaap-2015-01-31.xsd#us-gaap_CapitalLeasesLesseeBalanceSheetAssetsByMajorClassAccumulatedDeprecation' xlink:label='loc_CapitalLeasesLesseeBalanceSheetAssetsByMajorClassAccumulatedDeprecation' xlink:type='locator' />
<link:loc xlink:href='../elts/us-gaap-2015-01-31.xsd#us-gaap_CapitalLeasesBalanceSheetAssetsByMajorClassNet' xlink:label='loc_CapitalLeasesBalanceSheetAssetsByMajorClassNet' xlink:type='locator' />
<link:loc xlink:href='../elts/us-gaap-2015-01-31.xsd#us-gaap_CostOfGoodsAndServicesSoldDepreciationAndAmortizationAbstract' xlink:label='loc_CostOfGoodsAndServicesSoldDepreciationAndAmortizationAbstract' xlink:type='locator' />
<link:loc xlink:href='../elts/us-gaap-2015-01-31.xsd#us-gaap_CostOfGoodsAndServicesSoldDepreciation' xlink:label='loc_CostOfGoodsAndServicesSoldDepreciation' xlink:type='locator' />
<link:loc xlink:href='../elts/us-gaap-2015-01-31.xsd#us-gaap_CostOfGoodsAndServicesSoldAmortization' xlink:label='loc_CostOfGoodsAndServicesSoldAmortization' xlink:type='locator' />
<link:loc xlink:href='../elts/us-gaap-2015-01-31.xsd#us-gaap_CostOfGoodsAndServicesSoldDepreciationAndAmortization' xlink:label='loc_CostOfGoodsAndServicesSoldDepreciationAndAmortization' xlink:type='locator' />
<link:loc xlink:href='../elts/us-gaap-2015-01-31.xsd#us-gaap_DepreciationAndAmortizationAbstract' xlink:label='loc_DepreciationAndAmortizationAbstract' xlink:type='locator' />
<link:loc xlink:href='../elts/us-gaap-2015-01-31.xsd#us-gaap_Depreciation' xlink:label='loc_Depreciation' xlink:type='locator' />
<link:loc xlink:href='../elts/us-gaap-2015-01-31.xsd#us-gaap_AdjustmentForAmortization' xlink:label='loc_AdjustmentForAmortization' xlink:type='locator' />
<link:loc xlink:href='../elts/us-gaap-2015-01-31.xsd#us-gaap_OtherDepreciationAndAmortization' xlink:label='loc_OtherDepreciationAndAmortization' xlink:type='locator' />
<link:loc xlink:href='../elts/us-gaap-2015-01-31.xsd#us-gaap_Depletion' xlink:label='loc_Depletion' xlink:type='locator' />
<link:loc xlink:href='../elts/us-gaap-2015-01-31.xsd#us-gaap_DepreciationDepletionAndAmortization' xlink:label='loc_DepreciationDepletionAndAmortization' xlink:type='locator' />
<link:loc xlink:href='../elts/us-gaap-2015-01-31.xsd#us-gaap_EnergyEquipmentMember' xlink:label='loc_EnergyEquipmentMember' xlink:type='locator' />
<link:loc xlink:href='../elts/us-gaap-2015-01-31.xsd#us-gaap_PipelinesMember' xlink:label='loc_PipelinesMember' xlink:type='locator' />
<link:loc xlink:href='../elts/us-gaap-2015-01-31.xsd#us-gaap_RefiningEquipmentMember' xlink:label='loc_RefiningEquipmentMember' xlink:type='locator' />
<link:loc xlink:href='../elts/us-gaap-2015-01-31.xsd#us-gaap_UpstreamEquipmentMember' xlink:label='loc_UpstreamEquipmentMember' xlink:type='locator' />
<link:loc xlink:href='../elts/us-gaap-2015-01-31.xsd#us-gaap_DownstreamEquipmentMember' xlink:label='loc_DownstreamEquipmentMember' xlink:type='locator' />
<link:loc xlink:href='../elts/us-gaap-2015-01-31.xsd#us-gaap_GasTransmissionEquipmentMember' xlink:label='loc_GasTransmissionEquipmentMember' xlink:type='locator' />
<link:loc xlink:href='../elts/us-gaap-2015-01-31.xsd#us-gaap_GasDistributionEquipmentMember' xlink:label='loc_GasDistributionEquipmentMember' xlink:type='locator' />
<link:loc xlink:href='../elts/us-gaap-2015-01-31.xsd#us-gaap_ElectricTransmissionAndDistributionMember' xlink:label='loc_ElectricTransmissionAndDistributionMember' xlink:type='locator' />
<link:loc xlink:href='../elts/us-gaap-2015-01-31.xsd#us-gaap_ElectricGenerationEquipmentMember' xlink:label='loc_ElectricGenerationEquipmentMember' xlink:type='locator' />
<link:loc xlink:href='../elts/us-gaap-2015-01-31.xsd#us-gaap_NuclearFuelMember' xlink:label='loc_NuclearFuelMember' xlink:type='locator' />
<link:loc xlink:href='../elts/us-gaap-2015-01-31.xsd#us-gaap_GasGatheringAndProcessingEquipmentMember' xlink:label='loc_GasGatheringAndProcessingEquipmentMember' xlink:type='locator' />
<link:loc xlink:href='../elts/us-gaap-2015-01-31.xsd#us-gaap_MiningPropertiesAndMineralRightsMember' xlink:label='loc_MiningPropertiesAndMineralRightsMember' xlink:type='locator' />
<link:loc xlink:href='../elts/us-gaap-2015-01-31.xsd#us-gaap_MineDevelopmentMember' xlink:label='loc_MineDevelopmentMember' xlink:type='locator' />
<link:loc xlink:href='../elts/us-gaap-2015-01-31.xsd#us-gaap_OilAndGasPropertiesMember' xlink:label='loc_OilAndGasPropertiesMember' xlink:type='locator' />
<link:loc xlink:href='../elts/us-gaap-2015-01-31.xsd#us-gaap_DrillingRightsMember' xlink:label='loc_DrillingRightsMember' xlink:type='locator' />
<link:loc xlink:href='../elts/us-gaap-2015-01-31.xsd#us-gaap_WellsAndRelatedEquipmentAndFacilitiesMember' xlink:label='loc_WellsAndRelatedEquipmentAndFacilitiesMember' xlink:type='locator' />
<link:loc xlink:href='../elts/us-gaap-2015-01-31.xsd#us-gaap_MarineServicesEquipmentMember' xlink:label='loc_MarineServicesEquipmentMember' xlink:type='locator' />
<link:loc xlink:href='../elts/us-gaap-2015-01-31.xsd#us-gaap_ExplorationAndProductionEquipmentMember' xlink:label='loc_ExplorationAndProductionEquipmentMember' xlink:type='locator' />
<link:loc xlink:href='../elts/us-gaap-2015-01-31.xsd#us-gaap_OtherEnergyEquipmentMember' xlink:label='loc_OtherEnergyEquipmentMember' xlink:type='locator' />
<link:loc xlink:href='../elts/us-gaap-2015-01-31.xsd#us-gaap_GasTransmissionAndDistributionEquipmentMember' xlink:label='loc_GasTransmissionAndDistributionEquipmentMember' xlink:type='locator' />
<link:loc xlink:href='../elts/us-gaap-2015-01-31.xsd#us-gaap_ElectricGenerationTransmissionAndDistributionEquipmentMember' xlink:label='loc_ElectricGenerationTransmissionAndDistributionEquipmentMember' xlink:type='locator' />
<link:loc xlink:href='../elts/us-gaap-2015-01-31.xsd#us-gaap_GainLossOnSaleOfOilAndGasPropertyAbstract' xlink:label='loc_GainLossOnSaleOfOilAndGasPropertyAbstract' xlink:type='locator' />
<link:loc xlink:href='../elts/us-gaap-2015-01-31.xsd#us-gaap_GainLossOnSaleOfProvedProperty' xlink:label='loc_GainLossOnSaleOfProvedProperty' xlink:type='locator' />
<link:loc xlink:href='../elts/us-gaap-2015-01-31.xsd#us-gaap_GainLossOnSaleOfUnprovedProperty' xlink:label='loc_GainLossOnSaleOfUnprovedProperty' xlink:type='locator' />
<link:loc xlink:href='../elts/us-gaap-2015-01-31.xsd#us-gaap_GainLossOnSaleOfOilAndGasProperty' xlink:label='loc_GainLossOnSaleOfOilAndGasProperty' xlink:type='locator' />
<link:loc xlink:href='../elts/us-gaap-2015-01-31.xsd#us-gaap_GainLossOnSaleOfPropertyPlantEquipmentAbstract' xlink:label='loc_GainLossOnSaleOfPropertyPlantEquipmentAbstract' xlink:type='locator' />
<link:loc xlink:href='../elts/us-gaap-2015-01-31.xsd#us-gaap_GainLossOnSaleOfPropertyAbstract' xlink:label='loc_GainLossOnSaleOfPropertyAbstract' xlink:type='locator' />
<link:loc xlink:href='../elts/us-gaap-2015-01-31.xsd#us-gaap_GainLossOnDispositionOfAssets' xlink:label='loc_GainLossOnDispositionOfAssets' xlink:type='locator' />
<link:loc xlink:href='../elts/us-gaap-2015-01-31.xsd#us-gaap_GainLossOnSaleOfPropertyPlantEquipment' xlink:label='loc_GainLossOnSaleOfPropertyPlantEquipment' xlink:type='locator' />
<link:loc xlink:href='../elts/us-gaap-2015-01-31.xsd#us-gaap_GainLossOnSaleOfTimberProperty' xlink:label='loc_GainLossOnSaleOfTimberProperty' xlink:type='locator' />
<link:loc xlink:href='../elts/us-gaap-2015-01-31.xsd#us-gaap_GainLossOnSaleOfProperty' xlink:label='loc_GainLossOnSaleOfProperty' xlink:type='locator' />
<link:loc xlink:href='../elts/us-gaap-2015-01-31.xsd#us-gaap_ImpairedAssetsToBeDisposedOfByMethodOtherThanSaleLineItems' xlink:label='loc_ImpairedAssetsToBeDisposedOfByMethodOtherThanSaleLineItems' xlink:type='locator' />
<link:loc xlink:href='../elts/us-gaap-2015-01-31.xsd#us-gaap_ImpairedAssetsToBeDisposedOfByMethodOtherThanSaleCarryingValueOfAsset' xlink:label='loc_ImpairedAssetsToBeDisposedOfByMethodOtherThanSaleCarryingValueOfAsset' xlink:type='locator' />
<link:loc xlink:href='../elts/us-gaap-2015-01-31.xsd#us-gaap_ImpairedAssetsToBeDisposedOfByMethodOtherThanSaleFactsAndCircumstancesLeadingToImpairment' xlink:label='loc_ImpairedAssetsToBeDisposedOfByMethodOtherThanSaleFactsAndCircumstancesLeadingToImpairment' xlink:type='locator' />
<link:loc xlink:href='../elts/us-gaap-2015-01-31.xsd#us-gaap_ImpairedAssetsToBeDisposedOfByMethodOtherThanSaleAmountOfImpairmentLoss' xlink:label='loc_ImpairedAssetsToBeDisposedOfByMethodOtherThanSaleAmountOfImpairmentLoss' xlink:type='locator' />
<link:loc xlink:href='../elts/us-gaap-2015-01-31.xsd#us-gaap_ImpairedAssetsToBeDisposedOfByMethodOtherThanSaleMethodForDeterminingFairValue' xlink:label='loc_ImpairedAssetsToBeDisposedOfByMethodOtherThanSaleMethodForDeterminingFairValue' xlink:type='locator' />
<link:loc xlink:href='../elts/us-gaap-2015-01-31.xsd#us-gaap_ImpairedAssetsToBeDisposedOfByMethodOtherThanSaleSegmentClassification' xlink:label='loc_ImpairedAssetsToBeDisposedOfByMethodOtherThanSaleSegmentClassification' xlink:type='locator' />
<link:loc xlink:href='../elts/us-gaap-2015-01-31.xsd#us-gaap_ImpairedAssetsToBeDisposedOfByMethodOtherThanSaleTable' xlink:label='loc_ImpairedAssetsToBeDisposedOfByMethodOtherThanSaleTable' xlink:type='locator' />
<link:loc xlink:href='../elts/us-gaap-2015-01-31.xsd#us-gaap_ImpairedAssetsToBeDisposedOfByMethodOtherThanSaleByTypeAxis' xlink:label='loc_ImpairedAssetsToBeDisposedOfByMethodOtherThanSaleByTypeAxis' xlink:type='locator' />
<link:loc xlink:href='../elts/us-gaap-2015-01-31.xsd#us-gaap_IncomeStatementLocationAxis' xlink:label='loc_IncomeStatementLocationAxis' xlink:type='locator' />
<link:loc xlink:href='../elts/us-gaap-2015-01-31.xsd#us-gaap_ImpairedAssetsToBeDisposedOfByMethodOtherThanSaleAssetNameDomain' xlink:label='loc_ImpairedAssetsToBeDisposedOfByMethodOtherThanSaleAssetNameDomain' xlink:type='locator' />
<link:loc xlink:href='../elts/us-gaap-2015-01-31.xsd#us-gaap_ImpairedLongLivedAssetsHeldAndUsedLineItems' xlink:label='loc_ImpairedLongLivedAssetsHeldAndUsedLineItems' xlink:type='locator' />
<link:loc xlink:href='../elts/us-gaap-2015-01-31.xsd#us-gaap_ImpairedLongLivedAssetsHeldAndUsedAssetDescription' xlink:label='loc_ImpairedLongLivedAssetsHeldAndUsedAssetDescription' xlink:type='locator' />
<link:loc xlink:href='../elts/us-gaap-2015-01-31.xsd#us-gaap_ImpairedLongLivedAssetsHeldAndUsedFactsAndCircumstancesLeadingToImpairment' xlink:label='loc_ImpairedLongLivedAssetsHeldAndUsedFactsAndCircumstancesLeadingToImpairment' xlink:type='locator' />
<link:loc xlink:href='../elts/us-gaap-2015-01-31.xsd#us-gaap_ImpairmentOfLongLivedAssetsHeldForUse' xlink:label='loc_ImpairmentOfLongLivedAssetsHeldForUse' xlink:type='locator' />
<link:loc xlink:href='../elts/us-gaap-2015-01-31.xsd#us-gaap_ImpairedLongLivedAssetsHeldAndUsedIncomeStatementClassification' xlink:label='loc_ImpairedLongLivedAssetsHeldAndUsedIncomeStatementClassification' xlink:type='locator' />
<link:loc xlink:href='../elts/us-gaap-2015-01-31.xsd#us-gaap_ImpairedLongLivedAssetsHeldAndUsedMethodForDeterminingFairValue' xlink:label='loc_ImpairedLongLivedAssetsHeldAndUsedMethodForDeterminingFairValue' xlink:type='locator' />
<link:loc xlink:href='../elts/us-gaap-2015-01-31.xsd#us-gaap_ImpairedLongLivedAssetsHeldAndUsedByTypeAxis' xlink:label='loc_ImpairedLongLivedAssetsHeldAndUsedByTypeAxis' xlink:type='locator' />
<link:loc xlink:href='../elts/us-gaap-2015-01-31.xsd#us-gaap_ImpairedLongLivedAssetsHeldAndUsedAssetNameDomain' xlink:label='loc_ImpairedLongLivedAssetsHeldAndUsedAssetNameDomain' xlink:type='locator' />
<link:loc xlink:href='../elts/us-gaap-2015-01-31.xsd#us-gaap_ImpairmentOrDisposalOfTangibleAssetsDisclosureAbstract' xlink:label='loc_ImpairmentOrDisposalOfTangibleAssetsDisclosureAbstract' xlink:type='locator' />
<link:loc xlink:href='../elts/us-gaap-2015-01-31.xsd#us-gaap_DetailsOfImpairmentOfLongLivedAssetsHeldAndUsedByAssetTextBlock' xlink:label='loc_DetailsOfImpairmentOfLongLivedAssetsHeldAndUsedByAssetTextBlock' xlink:type='locator' />
<link:loc xlink:href='../elts/us-gaap-2015-01-31.xsd#us-gaap_ScheduleOfImpairedLongLivedAssetsHeldAndUsedTable' xlink:label='loc_ScheduleOfImpairedLongLivedAssetsHeldAndUsedTable' xlink:type='locator' />
<link:loc xlink:href='../elts/us-gaap-2015-01-31.xsd#us-gaap_ImpairedAssetsToBeDisposedOfByMethodOtherThanSaleTextBlock' xlink:label='loc_ImpairedAssetsToBeDisposedOfByMethodOtherThanSaleTextBlock' xlink:type='locator' />
<link:loc xlink:href='../elts/us-gaap-2015-01-31.xsd#us-gaap_ImpairmentOfTangibleAssetsOtherDescriptors' xlink:label='loc_ImpairmentOfTangibleAssetsOtherDescriptors' xlink:type='locator' />
<link:loc xlink:href='../elts/us-gaap-2015-01-31.xsd#us-gaap_AssetsDisposedOfByMethodOtherThanSaleInPeriodOfDispositionGainLossOnDisposition1' xlink:label='loc_AssetsDisposedOfByMethodOtherThanSaleInPeriodOfDispositionGainLossOnDisposition1' xlink:type='locator' />
<link:loc xlink:href='../elts/us-gaap-2015-01-31.xsd#us-gaap_TangibleAssetImpairmentChargesAbstract' xlink:label='loc_TangibleAssetImpairmentChargesAbstract' xlink:type='locator' />
<link:loc xlink:href='../elts/us-gaap-2015-01-31.xsd#us-gaap_IncomeStatementLocationDomain' xlink:label='loc_IncomeStatementLocationDomain' xlink:type='locator' />
<link:loc xlink:href='../elts/us-gaap-2015-01-31.xsd#us-gaap_SalesMember' xlink:label='loc_SalesMember' xlink:type='locator' />
<link:loc xlink:href='../elts/us-gaap-2015-01-31.xsd#us-gaap_TradingRevenueMember' xlink:label='loc_TradingRevenueMember' xlink:type='locator' />
<link:loc xlink:href='../elts/us-gaap-2015-01-31.xsd#us-gaap_CostOfSalesMember' xlink:label='loc_CostOfSalesMember' xlink:type='locator' />
<link:loc xlink:href='../elts/us-gaap-2015-01-31.xsd#us-gaap_PrincipalOrProprietaryTransactionsMember' xlink:label='loc_PrincipalOrProprietaryTransactionsMember' xlink:type='locator' />
<link:loc xlink:href='../elts/us-gaap-2015-01-31.xsd#us-gaap_AssetManagementIncomeMember' xlink:label='loc_AssetManagementIncomeMember' xlink:type='locator' />
<link:loc xlink:href='../elts/us-gaap-2015-01-31.xsd#us-gaap_OtherIncomeMember' xlink:label='loc_OtherIncomeMember' xlink:type='locator' />
<link:loc xlink:href='../elts/us-gaap-2015-01-31.xsd#us-gaap_InterestIncomeMember' xlink:label='loc_InterestIncomeMember' xlink:type='locator' />
<link:loc xlink:href='../elts/us-gaap-2015-01-31.xsd#us-gaap_InvestmentIncomeMember' xlink:label='loc_InvestmentIncomeMember' xlink:type='locator' />
<link:loc xlink:href='../elts/us-gaap-2015-01-31.xsd#us-gaap_OperatingIncomeLossMember' xlink:label='loc_OperatingIncomeLossMember' xlink:type='locator' />
<link:loc xlink:href='../elts/us-gaap-2015-01-31.xsd#us-gaap_OtherOperatingIncomeExpenseMember' xlink:label='loc_OtherOperatingIncomeExpenseMember' xlink:type='locator' />
<link:loc xlink:href='../elts/us-gaap-2015-01-31.xsd#us-gaap_InterestExpenseMember' xlink:label='loc_InterestExpenseMember' xlink:type='locator' />
<link:loc xlink:href='../elts/us-gaap-2015-01-31.xsd#us-gaap_OperatingExpenseMember' xlink:label='loc_OperatingExpenseMember' xlink:type='locator' />
<link:loc xlink:href='../elts/us-gaap-2015-01-31.xsd#us-gaap_OtherExpenseMember' xlink:label='loc_OtherExpenseMember' xlink:type='locator' />
<link:loc xlink:href='../elts/us-gaap-2015-01-31.xsd#us-gaap_GainLossOnDerivativeInstrumentsMember' xlink:label='loc_GainLossOnDerivativeInstrumentsMember' xlink:type='locator' />
<link:loc xlink:href='../elts/us-gaap-2015-01-31.xsd#us-gaap_GainLossOnInvestmentsMember1' xlink:label='loc_GainLossOnInvestmentsMember1' xlink:type='locator' />
<link:loc xlink:href='../elts/us-gaap-2015-01-31.xsd#us-gaap_InvestmentIncomeExpenseMember' xlink:label='loc_InvestmentIncomeExpenseMember' xlink:type='locator' />
<link:loc xlink:href='../elts/us-gaap-2015-01-31.xsd#us-gaap_NonoperatingIncomeExpenseMember' xlink:label='loc_NonoperatingIncomeExpenseMember' xlink:type='locator' />
<link:loc xlink:href='../elts/us-gaap-2015-01-31.xsd#us-gaap_OtherNonoperatingIncomeExpenseMember' xlink:label='loc_OtherNonoperatingIncomeExpenseMember' xlink:type='locator' />
<link:loc xlink:href='../elts/us-gaap-2015-01-31.xsd#us-gaap_ForeignCurrencyGainLossMember' xlink:label='loc_ForeignCurrencyGainLossMember' xlink:type='locator' />
<link:loc xlink:href='../elts/us-gaap-2015-01-31.xsd#us-gaap_SaleOfSubsidiaryGainLossMember' xlink:label='loc_SaleOfSubsidiaryGainLossMember' xlink:type='locator' />
<link:loc xlink:href='../elts/us-gaap-2015-01-31.xsd#us-gaap_SellingGeneralAndAdministrativeExpensesMember' xlink:label='loc_SellingGeneralAndAdministrativeExpensesMember' xlink:type='locator' />
<link:loc xlink:href='../elts/us-gaap-2015-01-31.xsd#us-gaap_LandAndBuildingMember' xlink:label='loc_LandAndBuildingMember' xlink:type='locator' />
<link:loc xlink:href='../elts/us-gaap-2015-01-31.xsd#us-gaap_LandMember' xlink:label='loc_LandMember' xlink:type='locator' />
<link:loc xlink:href='../elts/us-gaap-2015-01-31.xsd#us-gaap_LandImprovementsMember' xlink:label='loc_LandImprovementsMember' xlink:type='locator' />
<link:loc xlink:href='../elts/us-gaap-2015-01-31.xsd#us-gaap_LeaseholdImprovementsMember' xlink:label='loc_LeaseholdImprovementsMember' xlink:type='locator' />
<link:loc xlink:href='../elts/us-gaap-2015-01-31.xsd#us-gaap_BuildingMember' xlink:label='loc_BuildingMember' xlink:type='locator' />
<link:loc xlink:href='../elts/us-gaap-2015-01-31.xsd#us-gaap_BuildingImprovementsMember' xlink:label='loc_BuildingImprovementsMember' xlink:type='locator' />
<link:loc xlink:href='../elts/us-gaap-2015-01-31.xsd#us-gaap_ManufacturingFacilityMember' xlink:label='loc_ManufacturingFacilityMember' xlink:type='locator' />
<link:loc xlink:href='../elts/us-gaap-2015-01-31.xsd#us-gaap_LandAndLandImprovementsMember' xlink:label='loc_LandAndLandImprovementsMember' xlink:type='locator' />
<link:loc xlink:href='../elts/us-gaap-2015-01-31.xsd#us-gaap_LeaseholdsAndLeaseholdImprovementsMember' xlink:label='loc_LeaseholdsAndLeaseholdImprovementsMember' xlink:type='locator' />
<link:loc xlink:href='../elts/us-gaap-2015-01-31.xsd#us-gaap_BuildingAndBuildingImprovementsMember' xlink:label='loc_BuildingAndBuildingImprovementsMember' xlink:type='locator' />
<link:loc xlink:href='../elts/us-gaap-2015-01-31.xsd#us-gaap_LandBuildingsAndImprovementsMember' xlink:label='loc_LandBuildingsAndImprovementsMember' xlink:type='locator' />
<link:loc xlink:href='../elts/us-gaap-2015-01-31.xsd#us-gaap_LongLivedAssetsHeldForSaleLineItems' xlink:label='loc_LongLivedAssetsHeldForSaleLineItems' xlink:type='locator' />
<link:loc xlink:href='../elts/us-gaap-2015-01-31.xsd#us-gaap_ImpairmentOfLongLivedAssetsToBeDisposedOf' xlink:label='loc_ImpairmentOfLongLivedAssetsToBeDisposedOf' xlink:type='locator' />
<link:loc xlink:href='../elts/us-gaap-2015-01-31.xsd#us-gaap_LongLivedAssetsHeldForSaleDescription' xlink:label='loc_LongLivedAssetsHeldForSaleDescription' xlink:type='locator' />
<link:loc xlink:href='../elts/us-gaap-2015-01-31.xsd#us-gaap_ProceedsFromSaleOfPropertyPlantAndEquipment' xlink:label='loc_ProceedsFromSaleOfPropertyPlantAndEquipment' xlink:type='locator' />
<link:loc xlink:href='../elts/us-gaap-2015-01-31.xsd#us-gaap_LongLivedAssetsHeldForSaleByAssetTypeAxis' xlink:label='loc_LongLivedAssetsHeldForSaleByAssetTypeAxis' xlink:type='locator' />
<link:loc xlink:href='../elts/us-gaap-2015-01-31.xsd#us-gaap_LongLivedAssetsHeldForSaleNameDomain' xlink:label='loc_LongLivedAssetsHeldForSaleNameDomain' xlink:type='locator' />
<link:loc xlink:href='../elts/us-gaap-2015-01-31.xsd#us-gaap_MachineryAndEquipmentMember' xlink:label='loc_MachineryAndEquipmentMember' xlink:type='locator' />
<link:loc xlink:href='../elts/us-gaap-2015-01-31.xsd#us-gaap_ToolsDiesAndMoldsMember' xlink:label='loc_ToolsDiesAndMoldsMember' xlink:type='locator' />
<link:loc xlink:href='../elts/us-gaap-2015-01-31.xsd#us-gaap_TechnologyEquipmentMember' xlink:label='loc_TechnologyEquipmentMember' xlink:type='locator' />
<link:loc xlink:href='../elts/us-gaap-2015-01-31.xsd#us-gaap_ComputerEquipmentMember' xlink:label='loc_ComputerEquipmentMember' xlink:type='locator' />
<link:loc xlink:href='../elts/us-gaap-2015-01-31.xsd#us-gaap_OfficeEquipmentMember' xlink:label='loc_OfficeEquipmentMember' xlink:type='locator' />
<link:loc xlink:href='../elts/us-gaap-2015-01-31.xsd#us-gaap_EquipmentMember' xlink:label='loc_EquipmentMember' xlink:type='locator' />
<link:loc xlink:href='../elts/us-gaap-2015-01-31.xsd#us-gaap_OtherMachineryAndEquipmentMember' xlink:label='loc_OtherMachineryAndEquipmentMember' xlink:type='locator' />
<link:loc xlink:href='../elts/us-gaap-2015-01-31.xsd#us-gaap_TransportationEquipmentMember' xlink:label='loc_TransportationEquipmentMember' xlink:type='locator' />
<link:loc xlink:href='../elts/us-gaap-2015-01-31.xsd#us-gaap_MovementInAccumulatedDepreciationDepletionAndAmortizationPropertyPlantAndEquipmentRollForward' xlink:label='loc_MovementInAccumulatedDepreciationDepletionAndAmortizationPropertyPlantAndEquipmentRollForward' xlink:type='locator' />
<link:loc xlink:href='../elts/us-gaap-2015-01-31.xsd#us-gaap_AccumulatedDepreciationDepletionAndAmortizationPropertyPlantAndEquipment' xlink:label='loc_AccumulatedDepreciationDepletionAndAmortizationPropertyPlantAndEquipment' xlink:type='locator' />
<link:loc xlink:href='../elts/us-gaap-2015-01-31.xsd#us-gaap_AccumulatedDepreciationDepletionAndAmortizationReclassificationsFromPropertyPlantAndEquipment1' xlink:label='loc_AccumulatedDepreciationDepletionAndAmortizationReclassificationsFromPropertyPlantAndEquipment1' xlink:type='locator' />
<link:loc xlink:href='../elts/us-gaap-2015-01-31.xsd#us-gaap_AccumulatedDepreciationDepletionAndAmortizationSaleOfPropertyPlantAndEquipment1' xlink:label='loc_AccumulatedDepreciationDepletionAndAmortizationSaleOfPropertyPlantAndEquipment1' xlink:type='locator' />
<link:loc xlink:href='../elts/us-gaap-2015-01-31.xsd#us-gaap_AccumulatedDepreciationDepletionAndAmortizationPropertyPlantAndEquipmentPeriodIncreaseDecrease' xlink:label='loc_AccumulatedDepreciationDepletionAndAmortizationPropertyPlantAndEquipmentPeriodIncreaseDecrease' xlink:type='locator' />
<link:loc xlink:href='../elts/us-gaap-2015-01-31.xsd#us-gaap_AccumulatedDepreciationDepletionAndAmortizationPropertyPlantAndEquipment' xlink:label='loc_AccumulatedDepreciationDepletionAndAmortizationPropertyPlantAndEquipment_1' xlink:type='locator' />
<link:loc xlink:href='../elts/us-gaap-2015-01-31.xsd#us-gaap_MovementInPropertyPlantAndEquipmentRollForward' xlink:label='loc_MovementInPropertyPlantAndEquipmentRollForward' xlink:type='locator' />
<link:loc xlink:href='../elts/us-gaap-2015-01-31.xsd#us-gaap_PropertyPlantAndEquipmentGross' xlink:label='loc_PropertyPlantAndEquipmentGross' xlink:type='locator' />
<link:loc xlink:href='../elts/us-gaap-2015-01-31.xsd#us-gaap_PropertyPlantAndEquipmentAdditions' xlink:label='loc_PropertyPlantAndEquipmentAdditions' xlink:type='locator' />
<link:loc xlink:href='../elts/us-gaap-2015-01-31.xsd#us-gaap_PropertyPlantAndEquipmentDisposals' xlink:label='loc_PropertyPlantAndEquipmentDisposals' xlink:type='locator' />
<link:loc xlink:href='../elts/us-gaap-2015-01-31.xsd#us-gaap_PropertyPlantAndEquipmentTransfersAndChanges' xlink:label='loc_PropertyPlantAndEquipmentTransfersAndChanges' xlink:type='locator' />
<link:loc xlink:href='../elts/us-gaap-2015-01-31.xsd#us-gaap_PropertyPlantAndEquipmentGrossPeriodIncreaseDecrease' xlink:label='loc_PropertyPlantAndEquipmentGrossPeriodIncreaseDecrease' xlink:type='locator' />
<link:loc xlink:href='../elts/us-gaap-2015-01-31.xsd#us-gaap_PropertyPlantAndEquipmentGross' xlink:label='loc_PropertyPlantAndEquipmentGross_1' xlink:type='locator' />
<link:loc xlink:href='../elts/us-gaap-2015-01-31.xsd#us-gaap_PropertyPlantAndEquipmentIncomeStatementDisclosuresAbstract' xlink:label='loc_PropertyPlantAndEquipmentIncomeStatementDisclosuresAbstract' xlink:type='locator' />
<link:loc xlink:href='../elts/us-gaap-2015-01-31.xsd#us-gaap_PropertyPlantAndEquipmentIncomeStatementDisclosures' xlink:label='loc_PropertyPlantAndEquipmentIncomeStatementDisclosures' xlink:type='locator' />
<link:loc xlink:href='../elts/us-gaap-2015-01-31.xsd#us-gaap_GainLossOnSaleOfInterestInProjects' xlink:label='loc_GainLossOnSaleOfInterestInProjects' xlink:type='locator' />
<link:loc xlink:href='../elts/us-gaap-2015-01-31.xsd#us-gaap_GainLossOnCondemnation' xlink:label='loc_GainLossOnCondemnation' xlink:type='locator' />
<link:loc xlink:href='../elts/us-gaap-2015-01-31.xsd#us-gaap_PublicUtilitiesAllowanceForFundsUsedDuringConstructionAdditions' xlink:label='loc_PublicUtilitiesAllowanceForFundsUsedDuringConstructionAdditions' xlink:type='locator' />
<link:loc xlink:href='../elts/us-gaap-2015-01-31.xsd#us-gaap_PropertyPlantAndEquipmentAssetsHeldForSaleDisclosureAbstract' xlink:label='loc_PropertyPlantAndEquipmentAssetsHeldForSaleDisclosureAbstract' xlink:type='locator' />
<link:loc xlink:href='../elts/us-gaap-2015-01-31.xsd#us-gaap_DisclosureOfLongLivedAssetsHeldForSaleTextBlock' xlink:label='loc_DisclosureOfLongLivedAssetsHeldForSaleTextBlock' xlink:type='locator' />
<link:loc xlink:href='../elts/us-gaap-2015-01-31.xsd#us-gaap_ScheduleOfLongLivedAssetsHeldForSaleTable' xlink:label='loc_ScheduleOfLongLivedAssetsHeldForSaleTable' xlink:type='locator' />
<link:loc xlink:href='../elts/us-gaap-2015-01-31.xsd#us-gaap_ReasonForChangingPlanToSellAssetsHeldForSaleAbstract' xlink:label='loc_ReasonForChangingPlanToSellAssetsHeldForSaleAbstract' xlink:type='locator' />
<link:loc xlink:href='../elts/us-gaap-2015-01-31.xsd#us-gaap_PropertyPlantAndEquipmentImpairmentOrDisposalAbstract' xlink:label='loc_PropertyPlantAndEquipmentImpairmentOrDisposalAbstract' xlink:type='locator' />
<link:loc xlink:href='../elts/us-gaap-2015-01-31.xsd#us-gaap_PropertyPlantAndEquipmentImpairmentOrDisposalDisclosure' xlink:label='loc_PropertyPlantAndEquipmentImpairmentOrDisposalDisclosure' xlink:type='locator' />
<link:loc xlink:href='../elts/us-gaap-2015-01-31.xsd#us-gaap_PropertyPlantAndEquipmentAbstract' xlink:label='loc_PropertyPlantAndEquipmentAbstract' xlink:type='locator' />
<link:loc xlink:href='../elts/us-gaap-2015-01-31.xsd#us-gaap_PropertyPlantAndEquipmentDisclosureTextBlock' xlink:label='loc_PropertyPlantAndEquipmentDisclosureTextBlock' xlink:type='locator' />
<link:loc xlink:href='../elts/us-gaap-2015-01-31.xsd#us-gaap_PropertyPlantAndEquipmentTextBlock' xlink:label='loc_PropertyPlantAndEquipmentTextBlock' xlink:type='locator' />
<link:loc xlink:href='../elts/us-gaap-2015-01-31.xsd#us-gaap_ScheduleOfPropertyPlantAndEquipmentTable' xlink:label='loc_ScheduleOfPropertyPlantAndEquipmentTable' xlink:type='locator' />
<link:loc xlink:href='../elts/us-gaap-2015-01-31.xsd#us-gaap_PropertyPlantAndEquipmentAdditionalDisclosures' xlink:label='loc_PropertyPlantAndEquipmentAdditionalDisclosures' xlink:type='locator' />
<link:loc xlink:href='../elts/us-gaap-2015-01-31.xsd#us-gaap_PropertyPlantAndEquipmentAndIntangibleAssetsTextBlock' xlink:label='loc_PropertyPlantAndEquipmentAndIntangibleAssetsTextBlock' xlink:type='locator' />
<link:loc xlink:href='../elts/us-gaap-2015-01-31.xsd#us-gaap_PropertyPlantAndEquipmentTypeDomain' xlink:label='loc_PropertyPlantAndEquipmentTypeDomain' xlink:type='locator' />
<link:loc xlink:href='../elts/us-gaap-2015-01-31.xsd#us-gaap_PropertyPlantAndEquipmentOtherTypesMember' xlink:label='loc_PropertyPlantAndEquipmentOtherTypesMember' xlink:type='locator' />
<link:loc xlink:href='../elts/us-gaap-2015-01-31.xsd#us-gaap_PropertyPlantAndEquipmentLineItems' xlink:label='loc_PropertyPlantAndEquipmentLineItems' xlink:type='locator' />
<link:loc xlink:href='../elts/us-gaap-2015-01-31.xsd#us-gaap_PropertyPlantAndEquipmentUsefulLife' xlink:label='loc_PropertyPlantAndEquipmentUsefulLife' xlink:type='locator' />
<link:loc xlink:href='../elts/us-gaap-2015-01-31.xsd#us-gaap_PropertyPlantAndEquipmentSalvageValue' xlink:label='loc_PropertyPlantAndEquipmentSalvageValue' xlink:type='locator' />
<link:loc xlink:href='../elts/us-gaap-2015-01-31.xsd#us-gaap_PropertyPlantAndEquipmentSalvageValuePercentage' xlink:label='loc_PropertyPlantAndEquipmentSalvageValuePercentage' xlink:type='locator' />
<link:loc xlink:href='../elts/us-gaap-2015-01-31.xsd#us-gaap_PropertyPlantAndEquipmentNetByTypeAbstract' xlink:label='loc_PropertyPlantAndEquipmentNetByTypeAbstract' xlink:type='locator' />
<link:loc xlink:href='../elts/us-gaap-2015-01-31.xsd#us-gaap_PropertyPlantAndEquipmentNetIncludingAndExcludingCapitalLeasedAssetAbstract' xlink:label='loc_PropertyPlantAndEquipmentNetIncludingAndExcludingCapitalLeasedAssetAbstract' xlink:type='locator' />
<link:loc xlink:href='../elts/us-gaap-2015-01-31.xsd#us-gaap_PropertyPlantAndEquipmentNetExcludingCapitalLeasedAssetsAbstract' xlink:label='loc_PropertyPlantAndEquipmentNetExcludingCapitalLeasedAssetsAbstract' xlink:type='locator' />
<link:loc xlink:href='../elts/us-gaap-2015-01-31.xsd#us-gaap_PropertyPlantAndEquipmentGrossExcludingCapitalLeasedAssets' xlink:label='loc_PropertyPlantAndEquipmentGrossExcludingCapitalLeasedAssets' xlink:type='locator' />
<link:loc xlink:href='../elts/us-gaap-2015-01-31.xsd#us-gaap_AccumulatedDepreciationDepletionAndAmortizationPropertyPlantAndEquipmentExcludingCapitalLeasedAssets' xlink:label='loc_AccumulatedDepreciationDepletionAndAmortizationPropertyPlantAndEquipmentExcludingCapitalLeasedAssets' xlink:type='locator' />
<link:loc xlink:href='../elts/us-gaap-2015-01-31.xsd#us-gaap_PropertyPlantAndEquipmentNetExcludingCapitalLeasedAssets' xlink:label='loc_PropertyPlantAndEquipmentNetExcludingCapitalLeasedAssets' xlink:type='locator' />
<link:loc xlink:href='../elts/us-gaap-2015-01-31.xsd#us-gaap_PropertyPlantAndEquipmentNet' xlink:label='loc_PropertyPlantAndEquipmentNet' xlink:type='locator' />
<link:loc xlink:href='../elts/us-gaap-2015-01-31.xsd#us-gaap_EquipmentLeasedToOtherPartyMember' xlink:label='loc_EquipmentLeasedToOtherPartyMember' xlink:type='locator' />
<link:loc xlink:href='../elts/us-gaap-2015-01-31.xsd#us-gaap_ProductiveLandMember' xlink:label='loc_ProductiveLandMember' xlink:type='locator' />
<link:loc xlink:href='../elts/us-gaap-2015-01-31.xsd#us-gaap_FurnitureAndFixturesMember' xlink:label='loc_FurnitureAndFixturesMember' xlink:type='locator' />
<link:loc xlink:href='../elts/us-gaap-2015-01-31.xsd#us-gaap_TimberPropertiesMember' xlink:label='loc_TimberPropertiesMember' xlink:type='locator' />
<link:loc xlink:href='../elts/us-gaap-2015-01-31.xsd#us-gaap_LandfillMember' xlink:label='loc_LandfillMember' xlink:type='locator' />
<link:loc xlink:href='../elts/us-gaap-2015-01-31.xsd#us-gaap_SoftwareDevelopmentMember' xlink:label='loc_SoftwareDevelopmentMember' xlink:type='locator' />
<link:loc xlink:href='../elts/us-gaap-2015-01-31.xsd#us-gaap_RetailSiteMember' xlink:label='loc_RetailSiteMember' xlink:type='locator' />
<link:loc xlink:href='../elts/us-gaap-2015-01-31.xsd#us-gaap_AssetsHeldUnderCapitalLeasesMember' xlink:label='loc_AssetsHeldUnderCapitalLeasesMember' xlink:type='locator' />
<link:loc xlink:href='../elts/us-gaap-2015-01-31.xsd#us-gaap_AssetsLeasedToOthersMember' xlink:label='loc_AssetsLeasedToOthersMember' xlink:type='locator' />
<link:loc xlink:href='../elts/us-gaap-2015-01-31.xsd#us-gaap_AssetUnderConstructionMember' xlink:label='loc_AssetUnderConstructionMember' xlink:type='locator' />
<link:loc xlink:href='../elts/us-gaap-2015-01-31.xsd#us-gaap_ConstructionInProgressMember' xlink:label='loc_ConstructionInProgressMember' xlink:type='locator' />
<link:loc xlink:href='../elts/us-gaap-2015-01-31.xsd#us-gaap_BreedingAndProductionAnimalsMember' xlink:label='loc_BreedingAndProductionAnimalsMember' xlink:type='locator' />
<link:loc xlink:href='../elts/us-gaap-2015-01-31.xsd#us-gaap_RemediationPropertyForSaleAbandonmentOrDisposalMember' xlink:label='loc_RemediationPropertyForSaleAbandonmentOrDisposalMember' xlink:type='locator' />
<link:loc xlink:href='../elts/us-gaap-2015-01-31.xsd#us-gaap_OtherCapitalizedPropertyPlantAndEquipmentMember' xlink:label='loc_OtherCapitalizedPropertyPlantAndEquipmentMember' xlink:type='locator' />
<link:loc xlink:href='../elts/us-gaap-2015-01-31.xsd#us-gaap_SoftwareAndSoftwareDevelopmentCostsMember' xlink:label='loc_SoftwareAndSoftwareDevelopmentCostsMember' xlink:type='locator' />
<link:loc xlink:href='../elts/us-gaap-2015-01-31.xsd#us-gaap_PropertyPlantAndEquipmentByTypeAxis' xlink:label='loc_PropertyPlantAndEquipmentByTypeAxis' xlink:type='locator' />
<link:loc xlink:href='../elts/us-gaap-2015-01-31.xsd#us-gaap_RangeAxis' xlink:label='loc_RangeAxis' xlink:type='locator' />
<link:loc xlink:href='../elts/us-gaap-2015-01-31.xsd#us-gaap_RangeMember' xlink:label='loc_RangeMember' xlink:type='locator' />
<link:loc xlink:href='../elts/us-gaap-2015-01-31.xsd#us-gaap_MaximumMember' xlink:label='loc_MaximumMember' xlink:type='locator' />
<link:loc xlink:href='../elts/us-gaap-2015-01-31.xsd#us-gaap_MinimumMember' xlink:label='loc_MinimumMember' xlink:type='locator' />
<link:loc xlink:href='../elts/us-gaap-2015-01-31.xsd#us-gaap_ReasonForChangingPlanToSellAssetsHeldForSale' xlink:label='loc_ReasonForChangingPlanToSellAssetsHeldForSale' xlink:type='locator' />
<link:loc xlink:href='../elts/us-gaap-2015-01-31.xsd#us-gaap_DepreciationExpenseOnReclassifiedAssets' xlink:label='loc_DepreciationExpenseOnReclassifiedAssets' xlink:type='locator' />
<link:loc xlink:href='../elts/us-gaap-2015-01-31.xsd#us-gaap_ImpairmentChargeOnReclassifiedAssets' xlink:label='loc_ImpairmentChargeOnReclassifiedAssets' xlink:type='locator' />
<link:loc xlink:href='../elts/us-gaap-2015-01-31.xsd#us-gaap_StatementBusinessSegmentsAxis' xlink:label='loc_StatementBusinessSegmentsAxis' xlink:type='locator' />
<link:loc xlink:href='../elts/us-gaap-2015-01-31.xsd#us-gaap_SubsegmentsAxis' xlink:label='loc_SubsegmentsAxis' xlink:type='locator' />
<link:loc xlink:href='../elts/us-gaap-2015-01-31.xsd#us-gaap_SegmentDomain' xlink:label='loc_SegmentDomain' xlink:type='locator' />
<link:loc xlink:href='../elts/us-gaap-2015-01-31.xsd#us-gaap_AllOtherSegmentsMember' xlink:label='loc_AllOtherSegmentsMember' xlink:type='locator' />
<link:loc xlink:href='../elts/us-gaap-2015-01-31.xsd#us-gaap_CorporateMember' xlink:label='loc_CorporateMember' xlink:type='locator' />
<link:loc xlink:href='../elts/us-gaap-2015-01-31.xsd#us-gaap_CorporateAndOtherMember' xlink:label='loc_CorporateAndOtherMember' xlink:type='locator' />
<link:loc xlink:href='../elts/us-gaap-2015-01-31.xsd#us-gaap_SellingAndMarketingExpenseMember' xlink:label='loc_SellingAndMarketingExpenseMember' xlink:type='locator' />
<link:loc xlink:href='../elts/us-gaap-2015-01-31.xsd#us-gaap_GeneralAndAdministrativeExpenseMember' xlink:label='loc_GeneralAndAdministrativeExpenseMember' xlink:type='locator' />
<link:loc xlink:href='../elts/us-gaap-2015-01-31.xsd#us-gaap_SubsegmentsDomain' xlink:label='loc_SubsegmentsDomain' xlink:type='locator' />
<link:loc xlink:href='../elts/us-gaap-2015-01-31.xsd#us-gaap_ImpairmentOfRealEstate' xlink:label='loc_ImpairmentOfRealEstate' xlink:type='locator' />
<link:loc xlink:href='../elts/us-gaap-2015-01-31.xsd#us-gaap_ExplorationAbandonmentAndImpairmentExpense' xlink:label='loc_ExplorationAbandonmentAndImpairmentExpense' xlink:type='locator' />
<link:loc xlink:href='../elts/us-gaap-2015-01-31.xsd#us-gaap_ImpairmentOfOilAndGasProperties' xlink:label='loc_ImpairmentOfOilAndGasProperties' xlink:type='locator' />
<link:loc xlink:href='../elts/us-gaap-2015-01-31.xsd#us-gaap_ImpairmentLossesRelatedToRealEstatePartnerships' xlink:label='loc_ImpairmentLossesRelatedToRealEstatePartnerships' xlink:type='locator' />
<link:loc xlink:href='../elts/us-gaap-2015-01-31.xsd#us-gaap_DisposalGroupNotDiscontinuedOperationLossGainOnWriteDown' xlink:label='loc_DisposalGroupNotDiscontinuedOperationLossGainOnWriteDown' xlink:type='locator' />
<link:loc xlink:href='../elts/us-gaap-2015-01-31.xsd#us-gaap_TangibleAssetImpairmentCharges' xlink:label='loc_TangibleAssetImpairmentCharges' xlink:type='locator' />
<link:loc xlink:href='../elts/us-gaap-2015-01-31.xsd#us-gaap_AirTransportationEquipmentMember' xlink:label='loc_AirTransportationEquipmentMember' xlink:type='locator' />
<link:loc xlink:href='../elts/us-gaap-2015-01-31.xsd#us-gaap_FlightEquipmentMember' xlink:label='loc_FlightEquipmentMember' xlink:type='locator' />
<link:loc xlink:href='../elts/us-gaap-2015-01-31.xsd#us-gaap_MaritimeEquipmentMember' xlink:label='loc_MaritimeEquipmentMember' xlink:type='locator' />
<link:loc xlink:href='../elts/us-gaap-2015-01-31.xsd#us-gaap_ContainersMember' xlink:label='loc_ContainersMember' xlink:type='locator' />
<link:loc xlink:href='../elts/us-gaap-2015-01-31.xsd#us-gaap_RailroadTransportationEquipmentMember' xlink:label='loc_RailroadTransportationEquipmentMember' xlink:type='locator' />
<link:loc xlink:href='../elts/us-gaap-2015-01-31.xsd#us-gaap_VehiclesMember' xlink:label='loc_VehiclesMember' xlink:type='locator' />
<link:loc xlink:href='../elts/us-gaap-2015-01-31.xsd#us-gaap_OtherTransportationEquipmentMember' xlink:label='loc_OtherTransportationEquipmentMember' xlink:type='locator' />
<link:loc xlink:href='../elts/us-gaap-2015-01-31.xsd#us-gaap_TrucksMember' xlink:label='loc_TrucksMember' xlink:type='locator' />
<link:loc xlink:href='../elts/us-gaap-2015-01-31.xsd#us-gaap_AutomobilesMember' xlink:label='loc_AutomobilesMember' xlink:type='locator' />
<link:presentationArc order='10' xlink:arcrole='http://www.xbrl.org/2003/arcrole/parent-child' xlink:from='loc_CapitalLeasesBalanceSheetAssetsByMajorClassNetLesseeBalanceSheetAbstract' xlink:to='loc_CapitalLeasedAssetsGross' xlink:type='arc' />
<link:presentationArc order='20' xlink:arcrole='http://www.xbrl.org/2003/arcrole/parent-child' xlink:from='loc_CapitalLeasesBalanceSheetAssetsByMajorClassNetLesseeBalanceSheetAbstract' xlink:to='loc_CapitalLeasesLesseeBalanceSheetAssetsByMajorClassAccumulatedDeprecation' xlink:type='arc' />
<link:presentationArc order='30' preferredLabel='http://www.xbrl.org/2003/role/totalLabel' xlink:arcrole='http://www.xbrl.org/2003/arcrole/parent-child' xlink:from='loc_CapitalLeasesBalanceSheetAssetsByMajorClassNetLesseeBalanceSheetAbstract' xlink:to='loc_CapitalLeasesBalanceSheetAssetsByMajorClassNet' xlink:type='arc' />
<link:presentationArc order='10' xlink:arcrole='http://www.xbrl.org/2003/arcrole/parent-child' xlink:from='loc_CostOfGoodsAndServicesSoldDepreciationAndAmortizationAbstract' xlink:to='loc_CostOfGoodsAndServicesSoldDepreciation' xlink:type='arc' />
<link:presentationArc order='20' xlink:arcrole='http://www.xbrl.org/2003/arcrole/parent-child' xlink:from='loc_CostOfGoodsAndServicesSoldDepreciationAndAmortizationAbstract' xlink:to='loc_CostOfGoodsAndServicesSoldAmortization' xlink:type='arc' />
<link:presentationArc order='30' preferredLabel='http://www.xbrl.org/2003/role/totalLabel' xlink:arcrole='http://www.xbrl.org/2003/arcrole/parent-child' xlink:from='loc_CostOfGoodsAndServicesSoldDepreciationAndAmortizationAbstract' xlink:to='loc_CostOfGoodsAndServicesSoldDepreciationAndAmortization' xlink:type='arc' />
<link:presentationArc order='10' xlink:arcrole='http://www.xbrl.org/2003/arcrole/parent-child' xlink:from='loc_DepreciationAndAmortizationAbstract' xlink:to='loc_Depreciation' xlink:type='arc' />
<link:presentationArc order='20' xlink:arcrole='http://www.xbrl.org/2003/arcrole/parent-child' xlink:from='loc_DepreciationAndAmortizationAbstract' xlink:to='loc_AdjustmentForAmortization' xlink:type='arc' />
<link:presentationArc order='30' xlink:arcrole='http://www.xbrl.org/2003/arcrole/parent-child' xlink:from='loc_DepreciationAndAmortizationAbstract' xlink:to='loc_OtherDepreciationAndAmortization' xlink:type='arc' />
<link:presentationArc order='40' xlink:arcrole='http://www.xbrl.org/2003/arcrole/parent-child' xlink:from='loc_DepreciationAndAmortizationAbstract' xlink:to='loc_Depletion' xlink:type='arc' />
<link:presentationArc order='50' preferredLabel='http://www.xbrl.org/2003/role/totalLabel' xlink:arcrole='http://www.xbrl.org/2003/arcrole/parent-child' xlink:from='loc_DepreciationAndAmortizationAbstract' xlink:to='loc_DepreciationDepletionAndAmortization' xlink:type='arc' />
<link:presentationArc order='10' xlink:arcrole='http://www.xbrl.org/2003/arcrole/parent-child' xlink:from='loc_EnergyEquipmentMember' xlink:to='loc_PipelinesMember' xlink:type='arc' />
<link:presentationArc order='20' xlink:arcrole='http://www.xbrl.org/2003/arcrole/parent-child' xlink:from='loc_EnergyEquipmentMember' xlink:to='loc_RefiningEquipmentMember' xlink:type='arc' />
<link:presentationArc order='30' xlink:arcrole='http://www.xbrl.org/2003/arcrole/parent-child' xlink:from='loc_EnergyEquipmentMember' xlink:to='loc_UpstreamEquipmentMember' xlink:type='arc' />
<link:presentationArc order='40' xlink:arcrole='http://www.xbrl.org/2003/arcrole/parent-child' xlink:from='loc_EnergyEquipmentMember' xlink:to='loc_DownstreamEquipmentMember' xlink:type='arc' />
<link:presentationArc order='50' xlink:arcrole='http://www.xbrl.org/2003/arcrole/parent-child' xlink:from='loc_EnergyEquipmentMember' xlink:to='loc_GasTransmissionEquipmentMember' xlink:type='arc' />
<link:presentationArc order='60' xlink:arcrole='http://www.xbrl.org/2003/arcrole/parent-child' xlink:from='loc_EnergyEquipmentMember' xlink:to='loc_GasDistributionEquipmentMember' xlink:type='arc' />
<link:presentationArc order='70' xlink:arcrole='http://www.xbrl.org/2003/arcrole/parent-child' xlink:from='loc_EnergyEquipmentMember' xlink:to='loc_ElectricTransmissionAndDistributionMember' xlink:type='arc' />
<link:presentationArc order='80' xlink:arcrole='http://www.xbrl.org/2003/arcrole/parent-child' xlink:from='loc_EnergyEquipmentMember' xlink:to='loc_ElectricGenerationEquipmentMember' xlink:type='arc' />
<link:presentationArc order='90' xlink:arcrole='http://www.xbrl.org/2003/arcrole/parent-child' xlink:from='loc_EnergyEquipmentMember' xlink:to='loc_NuclearFuelMember' xlink:type='arc' />
<link:presentationArc order='100' xlink:arcrole='http://www.xbrl.org/2003/arcrole/parent-child' xlink:from='loc_EnergyEquipmentMember' xlink:to='loc_GasGatheringAndProcessingEquipmentMember' xlink:type='arc' />
<link:presentationArc order='110' xlink:arcrole='http://www.xbrl.org/2003/arcrole/parent-child' xlink:from='loc_EnergyEquipmentMember' xlink:to='loc_MiningPropertiesAndMineralRightsMember' xlink:type='arc' />
<link:presentationArc order='120' xlink:arcrole='http://www.xbrl.org/2003/arcrole/parent-child' xlink:from='loc_EnergyEquipmentMember' xlink:to='loc_MineDevelopmentMember' xlink:type='arc' />
<link:presentationArc order='130' xlink:arcrole='http://www.xbrl.org/2003/arcrole/parent-child' xlink:from='loc_EnergyEquipmentMember' xlink:to='loc_OilAndGasPropertiesMember' xlink:type='arc' />
<link:presentationArc order='140' xlink:arcrole='http://www.xbrl.org/2003/arcrole/parent-child' xlink:from='loc_EnergyEquipmentMember' xlink:to='loc_DrillingRightsMember' xlink:type='arc' />
<link:presentationArc order='150' xlink:arcrole='http://www.xbrl.org/2003/arcrole/parent-child' xlink:from='loc_EnergyEquipmentMember' xlink:to='loc_WellsAndRelatedEquipmentAndFacilitiesMember' xlink:type='arc' />
<link:presentationArc order='160' xlink:arcrole='http://www.xbrl.org/2003/arcrole/parent-child' xlink:from='loc_EnergyEquipmentMember' xlink:to='loc_MarineServicesEquipmentMember' xlink:type='arc' />
<link:presentationArc order='170' xlink:arcrole='http://www.xbrl.org/2003/arcrole/parent-child' xlink:from='loc_EnergyEquipmentMember' xlink:to='loc_ExplorationAndProductionEquipmentMember' xlink:type='arc' />
<link:presentationArc order='180' xlink:arcrole='http://www.xbrl.org/2003/arcrole/parent-child' xlink:from='loc_EnergyEquipmentMember' xlink:to='loc_OtherEnergyEquipmentMember' xlink:type='arc' />
<link:presentationArc order='190' xlink:arcrole='http://www.xbrl.org/2003/arcrole/parent-child' xlink:from='loc_EnergyEquipmentMember' xlink:to='loc_GasTransmissionAndDistributionEquipmentMember' xlink:type='arc' />
<link:presentationArc order='200' xlink:arcrole='http://www.xbrl.org/2003/arcrole/parent-child' xlink:from='loc_EnergyEquipmentMember' xlink:to='loc_ElectricGenerationTransmissionAndDistributionEquipmentMember' xlink:type='arc' />
<link:presentationArc order='10' xlink:arcrole='http://www.xbrl.org/2003/arcrole/parent-child' xlink:from='loc_GainLossOnSaleOfOilAndGasPropertyAbstract' xlink:to='loc_GainLossOnSaleOfProvedProperty' xlink:type='arc' />
<link:presentationArc order='20' xlink:arcrole='http://www.xbrl.org/2003/arcrole/parent-child' xlink:from='loc_GainLossOnSaleOfOilAndGasPropertyAbstract' xlink:to='loc_GainLossOnSaleOfUnprovedProperty' xlink:type='arc' />
<link:presentationArc order='30' preferredLabel='http://www.xbrl.org/2003/role/totalLabel' xlink:arcrole='http://www.xbrl.org/2003/arcrole/parent-child' xlink:from='loc_GainLossOnSaleOfOilAndGasPropertyAbstract' xlink:to='loc_GainLossOnSaleOfOilAndGasProperty' xlink:type='arc' />
<link:presentationArc order='10' xlink:arcrole='http://www.xbrl.org/2003/arcrole/parent-child' xlink:from='loc_GainLossOnSaleOfPropertyPlantEquipmentAbstract' xlink:to='loc_GainLossOnSaleOfPropertyAbstract' xlink:type='arc' />
<link:presentationArc order='20' xlink:arcrole='http://www.xbrl.org/2003/arcrole/parent-child' xlink:from='loc_GainLossOnSaleOfPropertyPlantEquipmentAbstract' xlink:to='loc_GainLossOnDispositionOfAssets' xlink:type='arc' />
<link:presentationArc order='30' preferredLabel='http://www.xbrl.org/2003/role/totalLabel' xlink:arcrole='http://www.xbrl.org/2003/arcrole/parent-child' xlink:from='loc_GainLossOnSaleOfPropertyPlantEquipmentAbstract' xlink:to='loc_GainLossOnSaleOfPropertyPlantEquipment' xlink:type='arc' />
<link:presentationArc order='10' xlink:arcrole='http://www.xbrl.org/2003/arcrole/parent-child' xlink:from='loc_GainLossOnSaleOfPropertyAbstract' xlink:to='loc_GainLossOnSaleOfOilAndGasPropertyAbstract' xlink:type='arc' />
<link:presentationArc order='20' xlink:arcrole='http://www.xbrl.org/2003/arcrole/parent-child' xlink:from='loc_GainLossOnSaleOfPropertyAbstract' xlink:to='loc_GainLossOnSaleOfTimberProperty' xlink:type='arc' />
<link:presentationArc order='30' preferredLabel='http://www.xbrl.org/2003/role/totalLabel' xlink:arcrole='http://www.xbrl.org/2003/arcrole/parent-child' xlink:from='loc_GainLossOnSaleOfPropertyAbstract' xlink:to='loc_GainLossOnSaleOfProperty' xlink:type='arc' />
<link:presentationArc order='10' xlink:arcrole='http://www.xbrl.org/2003/arcrole/parent-child' xlink:from='loc_ImpairedAssetsToBeDisposedOfByMethodOtherThanSaleLineItems' xlink:to='loc_ImpairedAssetsToBeDisposedOfByMethodOtherThanSaleCarryingValueOfAsset' xlink:type='arc' />
<link:presentationArc order='20' xlink:arcrole='http://www.xbrl.org/2003/arcrole/parent-child' xlink:from='loc_ImpairedAssetsToBeDisposedOfByMethodOtherThanSaleLineItems' xlink:to='loc_ImpairedAssetsToBeDisposedOfByMethodOtherThanSaleFactsAndCircumstancesLeadingToImpairment' xlink:type='arc' />
<link:presentationArc order='30' xlink:arcrole='http://www.xbrl.org/2003/arcrole/parent-child' xlink:from='loc_ImpairedAssetsToBeDisposedOfByMethodOtherThanSaleLineItems' xlink:to='loc_ImpairedAssetsToBeDisposedOfByMethodOtherThanSaleAmountOfImpairmentLoss' xlink:type='arc' />
<link:presentationArc order='40' xlink:arcrole='http://www.xbrl.org/2003/arcrole/parent-child' xlink:from='loc_ImpairedAssetsToBeDisposedOfByMethodOtherThanSaleLineItems' xlink:to='loc_ImpairedAssetsToBeDisposedOfByMethodOtherThanSaleMethodForDeterminingFairValue' xlink:type='arc' />
<link:presentationArc order='50' xlink:arcrole='http://www.xbrl.org/2003/arcrole/parent-child' xlink:from='loc_ImpairedAssetsToBeDisposedOfByMethodOtherThanSaleLineItems' xlink:to='loc_ImpairedAssetsToBeDisposedOfByMethodOtherThanSaleSegmentClassification' xlink:type='arc' />
<link:presentationArc order='10' xlink:arcrole='http://www.xbrl.org/2003/arcrole/parent-child' xlink:from='loc_ImpairedAssetsToBeDisposedOfByMethodOtherThanSaleTable' xlink:to='loc_ImpairedAssetsToBeDisposedOfByMethodOtherThanSaleByTypeAxis' xlink:type='arc' />
<link:presentationArc order='20' xlink:arcrole='http://www.xbrl.org/2003/arcrole/parent-child' xlink:from='loc_ImpairedAssetsToBeDisposedOfByMethodOtherThanSaleTable' xlink:to='loc_IncomeStatementLocationAxis' xlink:type='arc' />
<link:presentationArc order='30' xlink:arcrole='http://www.xbrl.org/2003/arcrole/parent-child' xlink:from='loc_ImpairedAssetsToBeDisposedOfByMethodOtherThanSaleTable' xlink:to='loc_ImpairedAssetsToBeDisposedOfByMethodOtherThanSaleLineItems' xlink:type='arc' />
<link:presentationArc order='10' xlink:arcrole='http://www.xbrl.org/2003/arcrole/parent-child' xlink:from='loc_ImpairedAssetsToBeDisposedOfByMethodOtherThanSaleByTypeAxis' xlink:to='loc_ImpairedAssetsToBeDisposedOfByMethodOtherThanSaleAssetNameDomain' xlink:type='arc' />
<link:presentationArc order='10' xlink:arcrole='http://www.xbrl.org/2003/arcrole/parent-child' xlink:from='loc_ImpairedLongLivedAssetsHeldAndUsedLineItems' xlink:to='loc_ImpairedLongLivedAssetsHeldAndUsedAssetDescription' xlink:type='arc' />
<link:presentationArc order='20' xlink:arcrole='http://www.xbrl.org/2003/arcrole/parent-child' xlink:from='loc_ImpairedLongLivedAssetsHeldAndUsedLineItems' xlink:to='loc_ImpairedLongLivedAssetsHeldAndUsedFactsAndCircumstancesLeadingToImpairment' xlink:type='arc' />
<link:presentationArc order='30' xlink:arcrole='http://www.xbrl.org/2003/arcrole/parent-child' xlink:from='loc_ImpairedLongLivedAssetsHeldAndUsedLineItems' xlink:to='loc_ImpairmentOfLongLivedAssetsHeldForUse' xlink:type='arc' />
<link:presentationArc order='40' xlink:arcrole='http://www.xbrl.org/2003/arcrole/parent-child' xlink:from='loc_ImpairedLongLivedAssetsHeldAndUsedLineItems' xlink:to='loc_ImpairedLongLivedAssetsHeldAndUsedIncomeStatementClassification' xlink:type='arc' />
<link:presentationArc order='50' xlink:arcrole='http://www.xbrl.org/2003/arcrole/parent-child' xlink:from='loc_ImpairedLongLivedAssetsHeldAndUsedLineItems' xlink:to='loc_ImpairedLongLivedAssetsHeldAndUsedMethodForDeterminingFairValue' xlink:type='arc' />
<link:presentationArc order='10' xlink:arcrole='http://www.xbrl.org/2003/arcrole/parent-child' xlink:from='loc_ImpairedLongLivedAssetsHeldAndUsedByTypeAxis' xlink:to='loc_ImpairedLongLivedAssetsHeldAndUsedAssetNameDomain' xlink:type='arc' />
<link:presentationArc order='10' xlink:arcrole='http://www.xbrl.org/2003/arcrole/parent-child' xlink:from='loc_ImpairmentOrDisposalOfTangibleAssetsDisclosureAbstract' xlink:to='loc_DetailsOfImpairmentOfLongLivedAssetsHeldAndUsedByAssetTextBlock' xlink:type='arc' />
<link:presentationArc order='10' xlink:arcrole='http://www.xbrl.org/2003/arcrole/parent-child' xlink:from='loc_DetailsOfImpairmentOfLongLivedAssetsHeldAndUsedByAssetTextBlock' xlink:to='loc_ScheduleOfImpairedLongLivedAssetsHeldAndUsedTable' xlink:type='arc' />
<link:presentationArc order='20' xlink:arcrole='http://www.xbrl.org/2003/arcrole/parent-child' xlink:from='loc_ImpairmentOrDisposalOfTangibleAssetsDisclosureAbstract' xlink:to='loc_ImpairedAssetsToBeDisposedOfByMethodOtherThanSaleTextBlock' xlink:type='arc' />
<link:presentationArc order='10' xlink:arcrole='http://www.xbrl.org/2003/arcrole/parent-child' xlink:from='loc_ImpairedAssetsToBeDisposedOfByMethodOtherThanSaleTextBlock' xlink:to='loc_ImpairedAssetsToBeDisposedOfByMethodOtherThanSaleTable' xlink:type='arc' />
<link:presentationArc order='30' xlink:arcrole='http://www.xbrl.org/2003/arcrole/parent-child' xlink:from='loc_ImpairmentOrDisposalOfTangibleAssetsDisclosureAbstract' xlink:to='loc_ImpairmentOfTangibleAssetsOtherDescriptors' xlink:type='arc' />
<link:presentationArc order='40' xlink:arcrole='http://www.xbrl.org/2003/arcrole/parent-child' xlink:from='loc_ImpairmentOrDisposalOfTangibleAssetsDisclosureAbstract' xlink:to='loc_AssetsDisposedOfByMethodOtherThanSaleInPeriodOfDispositionGainLossOnDisposition1' xlink:type='arc' />
<link:presentationArc order='50' xlink:arcrole='http://www.xbrl.org/2003/arcrole/parent-child' xlink:from='loc_ImpairmentOrDisposalOfTangibleAssetsDisclosureAbstract' xlink:to='loc_TangibleAssetImpairmentChargesAbstract' xlink:type='arc' />
<link:presentationArc order='10' xlink:arcrole='http://www.xbrl.org/2003/arcrole/parent-child' xlink:from='loc_IncomeStatementLocationAxis' xlink:to='loc_IncomeStatementLocationDomain' xlink:type='arc' />
<link:presentationArc order='10' xlink:arcrole='http://www.xbrl.org/2003/arcrole/parent-child' xlink:from='loc_IncomeStatementLocationDomain' xlink:to='loc_SalesMember' xlink:type='arc' />
<link:presentationArc order='20' xlink:arcrole='http://www.xbrl.org/2003/arcrole/parent-child' xlink:from='loc_IncomeStatementLocationDomain' xlink:to='loc_TradingRevenueMember' xlink:type='arc' />
<link:presentationArc order='30' xlink:arcrole='http://www.xbrl.org/2003/arcrole/parent-child' xlink:from='loc_IncomeStatementLocationDomain' xlink:to='loc_CostOfSalesMember' xlink:type='arc' />
<link:presentationArc order='40' xlink:arcrole='http://www.xbrl.org/2003/arcrole/parent-child' xlink:from='loc_IncomeStatementLocationDomain' xlink:to='loc_PrincipalOrProprietaryTransactionsMember' xlink:type='arc' />
<link:presentationArc order='50' xlink:arcrole='http://www.xbrl.org/2003/arcrole/parent-child' xlink:from='loc_IncomeStatementLocationDomain' xlink:to='loc_AssetManagementIncomeMember' xlink:type='arc' />
<link:presentationArc order='60' xlink:arcrole='http://www.xbrl.org/2003/arcrole/parent-child' xlink:from='loc_IncomeStatementLocationDomain' xlink:to='loc_OtherIncomeMember' xlink:type='arc' />
<link:presentationArc order='70' xlink:arcrole='http://www.xbrl.org/2003/arcrole/parent-child' xlink:from='loc_IncomeStatementLocationDomain' xlink:to='loc_InterestIncomeMember' xlink:type='arc' />
<link:presentationArc order='80' xlink:arcrole='http://www.xbrl.org/2003/arcrole/parent-child' xlink:from='loc_IncomeStatementLocationDomain' xlink:to='loc_InvestmentIncomeMember' xlink:type='arc' />
<link:presentationArc order='90' xlink:arcrole='http://www.xbrl.org/2003/arcrole/parent-child' xlink:from='loc_IncomeStatementLocationDomain' xlink:to='loc_OperatingIncomeLossMember' xlink:type='arc' />
<link:presentationArc order='100' xlink:arcrole='http://www.xbrl.org/2003/arcrole/parent-child' xlink:from='loc_IncomeStatementLocationDomain' xlink:to='loc_OtherOperatingIncomeExpenseMember' xlink:type='arc' />
<link:presentationArc order='110' xlink:arcrole='http://www.xbrl.org/2003/arcrole/parent-child' xlink:from='loc_IncomeStatementLocationDomain' xlink:to='loc_InterestExpenseMember' xlink:type='arc' />
<link:presentationArc order='120' xlink:arcrole='http://www.xbrl.org/2003/arcrole/parent-child' xlink:from='loc_IncomeStatementLocationDomain' xlink:to='loc_OperatingExpenseMember' xlink:type='arc' />
<link:presentationArc order='130' xlink:arcrole='http://www.xbrl.org/2003/arcrole/parent-child' xlink:from='loc_IncomeStatementLocationDomain' xlink:to='loc_OtherExpenseMember' xlink:type='arc' />
<link:presentationArc order='140' xlink:arcrole='http://www.xbrl.org/2003/arcrole/parent-child' xlink:from='loc_IncomeStatementLocationDomain' xlink:to='loc_GainLossOnDerivativeInstrumentsMember' xlink:type='arc' />
<link:presentationArc order='150' xlink:arcrole='http://www.xbrl.org/2003/arcrole/parent-child' xlink:from='loc_IncomeStatementLocationDomain' xlink:to='loc_GainLossOnInvestmentsMember1' xlink:type='arc' />
<link:presentationArc order='160' xlink:arcrole='http://www.xbrl.org/2003/arcrole/parent-child' xlink:from='loc_IncomeStatementLocationDomain' xlink:to='loc_InvestmentIncomeExpenseMember' xlink:type='arc' />
<link:presentationArc order='170' xlink:arcrole='http://www.xbrl.org/2003/arcrole/parent-child' xlink:from='loc_IncomeStatementLocationDomain' xlink:to='loc_NonoperatingIncomeExpenseMember' xlink:type='arc' />
<link:presentationArc order='180' xlink:arcrole='http://www.xbrl.org/2003/arcrole/parent-child' xlink:from='loc_IncomeStatementLocationDomain' xlink:to='loc_OtherNonoperatingIncomeExpenseMember' xlink:type='arc' />
<link:presentationArc order='190' xlink:arcrole='http://www.xbrl.org/2003/arcrole/parent-child' xlink:from='loc_IncomeStatementLocationDomain' xlink:to='loc_ForeignCurrencyGainLossMember' xlink:type='arc' />
<link:presentationArc order='200' xlink:arcrole='http://www.xbrl.org/2003/arcrole/parent-child' xlink:from='loc_IncomeStatementLocationDomain' xlink:to='loc_SaleOfSubsidiaryGainLossMember' xlink:type='arc' />
<link:presentationArc order='210' xlink:arcrole='http://www.xbrl.org/2003/arcrole/parent-child' xlink:from='loc_IncomeStatementLocationDomain' xlink:to='loc_SellingGeneralAndAdministrativeExpensesMember' xlink:type='arc' />
<link:presentationArc order='10' xlink:arcrole='http://www.xbrl.org/2003/arcrole/parent-child' xlink:from='loc_LandAndBuildingMember' xlink:to='loc_LandMember' xlink:type='arc' />
<link:presentationArc order='20' xlink:arcrole='http://www.xbrl.org/2003/arcrole/parent-child' xlink:from='loc_LandAndBuildingMember' xlink:to='loc_LandImprovementsMember' xlink:type='arc' />
<link:presentationArc order='30' xlink:arcrole='http://www.xbrl.org/2003/arcrole/parent-child' xlink:from='loc_LandAndBuildingMember' xlink:to='loc_LeaseholdImprovementsMember' xlink:type='arc' />
<link:presentationArc order='40' xlink:arcrole='http://www.xbrl.org/2003/arcrole/parent-child' xlink:from='loc_LandAndBuildingMember' xlink:to='loc_BuildingMember' xlink:type='arc' />
<link:presentationArc order='50' xlink:arcrole='http://www.xbrl.org/2003/arcrole/parent-child' xlink:from='loc_LandAndBuildingMember' xlink:to='loc_BuildingImprovementsMember' xlink:type='arc' />
<link:presentationArc order='60' xlink:arcrole='http://www.xbrl.org/2003/arcrole/parent-child' xlink:from='loc_LandAndBuildingMember' xlink:to='loc_ManufacturingFacilityMember' xlink:type='arc' />
<link:presentationArc order='70' xlink:arcrole='http://www.xbrl.org/2003/arcrole/parent-child' xlink:from='loc_LandAndBuildingMember' xlink:to='loc_LandAndLandImprovementsMember' xlink:type='arc' />
<link:presentationArc order='80' xlink:arcrole='http://www.xbrl.org/2003/arcrole/parent-child' xlink:from='loc_LandAndBuildingMember' xlink:to='loc_LeaseholdsAndLeaseholdImprovementsMember' xlink:type='arc' />
<link:presentationArc order='90' xlink:arcrole='http://www.xbrl.org/2003/arcrole/parent-child' xlink:from='loc_LandAndBuildingMember' xlink:to='loc_BuildingAndBuildingImprovementsMember' xlink:type='arc' />
<link:presentationArc order='100' xlink:arcrole='http://www.xbrl.org/2003/arcrole/parent-child' xlink:from='loc_LandAndBuildingMember' xlink:to='loc_LandBuildingsAndImprovementsMember' xlink:type='arc' />
<link:presentationArc order='10' xlink:arcrole='http://www.xbrl.org/2003/arcrole/parent-child' xlink:from='loc_LongLivedAssetsHeldForSaleLineItems' xlink:to='loc_GainLossOnSaleOfPropertyPlantEquipment' xlink:type='arc' />
<link:presentationArc order='20' xlink:arcrole='http://www.xbrl.org/2003/arcrole/parent-child' xlink:from='loc_LongLivedAssetsHeldForSaleLineItems' xlink:to='loc_ImpairmentOfLongLivedAssetsToBeDisposedOf' xlink:type='arc' />
<link:presentationArc order='30' xlink:arcrole='http://www.xbrl.org/2003/arcrole/parent-child' xlink:from='loc_LongLivedAssetsHeldForSaleLineItems' xlink:to='loc_LongLivedAssetsHeldForSaleDescription' xlink:type='arc' />
<link:presentationArc order='40' xlink:arcrole='http://www.xbrl.org/2003/arcrole/parent-child' xlink:from='loc_LongLivedAssetsHeldForSaleLineItems' xlink:to='loc_ProceedsFromSaleOfPropertyPlantAndEquipment' xlink:type='arc' />
<link:presentationArc order='10' xlink:arcrole='http://www.xbrl.org/2003/arcrole/parent-child' xlink:from='loc_LongLivedAssetsHeldForSaleByAssetTypeAxis' xlink:to='loc_LongLivedAssetsHeldForSaleNameDomain' xlink:type='arc' />
<link:presentationArc order='10' xlink:arcrole='http://www.xbrl.org/2003/arcrole/parent-child' xlink:from='loc_MachineryAndEquipmentMember' xlink:to='loc_ToolsDiesAndMoldsMember' xlink:type='arc' />
<link:presentationArc order='20' xlink:arcrole='http://www.xbrl.org/2003/arcrole/parent-child' xlink:from='loc_MachineryAndEquipmentMember' xlink:to='loc_TechnologyEquipmentMember' xlink:type='arc' />
<link:presentationArc order='30' xlink:arcrole='http://www.xbrl.org/2003/arcrole/parent-child' xlink:from='loc_MachineryAndEquipmentMember' xlink:to='loc_ComputerEquipmentMember' xlink:type='arc' />
<link:presentationArc order='40' xlink:arcrole='http://www.xbrl.org/2003/arcrole/parent-child' xlink:from='loc_MachineryAndEquipmentMember' xlink:to='loc_OfficeEquipmentMember' xlink:type='arc' />
<link:presentationArc order='50' xlink:arcrole='http://www.xbrl.org/2003/arcrole/parent-child' xlink:from='loc_MachineryAndEquipmentMember' xlink:to='loc_EquipmentMember' xlink:type='arc' />
<link:presentationArc order='60' xlink:arcrole='http://www.xbrl.org/2003/arcrole/parent-child' xlink:from='loc_MachineryAndEquipmentMember' xlink:to='loc_OtherMachineryAndEquipmentMember' xlink:type='arc' />
<link:presentationArc order='70' xlink:arcrole='http://www.xbrl.org/2003/arcrole/parent-child' xlink:from='loc_MachineryAndEquipmentMember' xlink:to='loc_TransportationEquipmentMember' xlink:type='arc' />
<link:presentationArc order='80' xlink:arcrole='http://www.xbrl.org/2003/arcrole/parent-child' xlink:from='loc_MachineryAndEquipmentMember' xlink:to='loc_EnergyEquipmentMember' xlink:type='arc' />
<link:presentationArc order='10' preferredLabel='http://www.xbrl.org/2003/role/periodStartLabel' xlink:arcrole='http://www.xbrl.org/2003/arcrole/parent-child' xlink:from='loc_MovementInAccumulatedDepreciationDepletionAndAmortizationPropertyPlantAndEquipmentRollForward' xlink:to='loc_AccumulatedDepreciationDepletionAndAmortizationPropertyPlantAndEquipment' xlink:type='arc' />
<link:presentationArc order='20' xlink:arcrole='http://www.xbrl.org/2003/arcrole/parent-child' xlink:from='loc_MovementInAccumulatedDepreciationDepletionAndAmortizationPropertyPlantAndEquipmentRollForward' xlink:to='loc_DepreciationAndAmortizationAbstract' xlink:type='arc' />
<link:presentationArc order='30' xlink:arcrole='http://www.xbrl.org/2003/arcrole/parent-child' xlink:from='loc_MovementInAccumulatedDepreciationDepletionAndAmortizationPropertyPlantAndEquipmentRollForward' xlink:to='loc_AccumulatedDepreciationDepletionAndAmortizationReclassificationsFromPropertyPlantAndEquipment1' xlink:type='arc' />
<link:presentationArc order='40' xlink:arcrole='http://www.xbrl.org/2003/arcrole/parent-child' xlink:from='loc_MovementInAccumulatedDepreciationDepletionAndAmortizationPropertyPlantAndEquipmentRollForward' xlink:to='loc_AccumulatedDepreciationDepletionAndAmortizationSaleOfPropertyPlantAndEquipment1' xlink:type='arc' />
<link:presentationArc order='50' preferredLabel='http://www.xbrl.org/2003/role/totalLabel' xlink:arcrole='http://www.xbrl.org/2003/arcrole/parent-child' xlink:from='loc_MovementInAccumulatedDepreciationDepletionAndAmortizationPropertyPlantAndEquipmentRollForward' xlink:to='loc_AccumulatedDepreciationDepletionAndAmortizationPropertyPlantAndEquipmentPeriodIncreaseDecrease' xlink:type='arc' />
<link:presentationArc order='60' preferredLabel='http://www.xbrl.org/2003/role/periodEndLabel' xlink:arcrole='http://www.xbrl.org/2003/arcrole/parent-child' xlink:from='loc_MovementInAccumulatedDepreciationDepletionAndAmortizationPropertyPlantAndEquipmentRollForward' xlink:to='loc_AccumulatedDepreciationDepletionAndAmortizationPropertyPlantAndEquipment_1' xlink:type='arc' />
<link:presentationArc order='10' preferredLabel='http://www.xbrl.org/2003/role/periodStartLabel' xlink:arcrole='http://www.xbrl.org/2003/arcrole/parent-child' xlink:from='loc_MovementInPropertyPlantAndEquipmentRollForward' xlink:to='loc_PropertyPlantAndEquipmentGross' xlink:type='arc' />
<link:presentationArc order='20' xlink:arcrole='http://www.xbrl.org/2003/arcrole/parent-child' xlink:from='loc_MovementInPropertyPlantAndEquipmentRollForward' xlink:to='loc_PropertyPlantAndEquipmentAdditions' xlink:type='arc' />
<link:presentationArc order='30' xlink:arcrole='http://www.xbrl.org/2003/arcrole/parent-child' xlink:from='loc_MovementInPropertyPlantAndEquipmentRollForward' xlink:to='loc_PropertyPlantAndEquipmentDisposals' xlink:type='arc' />
<link:presentationArc order='40' xlink:arcrole='http://www.xbrl.org/2003/arcrole/parent-child' xlink:from='loc_MovementInPropertyPlantAndEquipmentRollForward' xlink:to='loc_PropertyPlantAndEquipmentTransfersAndChanges' xlink:type='arc' />
<link:presentationArc order='50' preferredLabel='http://www.xbrl.org/2003/role/totalLabel' xlink:arcrole='http://www.xbrl.org/2003/arcrole/parent-child' xlink:from='loc_MovementInPropertyPlantAndEquipmentRollForward' xlink:to='loc_PropertyPlantAndEquipmentGrossPeriodIncreaseDecrease' xlink:type='arc' />
<link:presentationArc order='60' preferredLabel='http://www.xbrl.org/2003/role/periodEndLabel' xlink:arcrole='http://www.xbrl.org/2003/arcrole/parent-child' xlink:from='loc_MovementInPropertyPlantAndEquipmentRollForward' xlink:to='loc_PropertyPlantAndEquipmentGross_1' xlink:type='arc' />
<link:presentationArc order='10' xlink:arcrole='http://www.xbrl.org/2003/arcrole/parent-child' xlink:from='loc_PropertyPlantAndEquipmentIncomeStatementDisclosuresAbstract' xlink:to='loc_PropertyPlantAndEquipmentIncomeStatementDisclosures' xlink:type='arc' />
<link:presentationArc order='20' xlink:arcrole='http://www.xbrl.org/2003/arcrole/parent-child' xlink:from='loc_PropertyPlantAndEquipmentIncomeStatementDisclosuresAbstract' xlink:to='loc_CostOfGoodsAndServicesSoldDepreciationAndAmortizationAbstract' xlink:type='arc' />
<link:presentationArc order='30' xlink:arcrole='http://www.xbrl.org/2003/arcrole/parent-child' xlink:from='loc_PropertyPlantAndEquipmentIncomeStatementDisclosuresAbstract' xlink:to='loc_GainLossOnSaleOfPropertyPlantEquipmentAbstract' xlink:type='arc' />
<link:presentationArc order='40' xlink:arcrole='http://www.xbrl.org/2003/arcrole/parent-child' xlink:from='loc_PropertyPlantAndEquipmentIncomeStatementDisclosuresAbstract' xlink:to='loc_GainLossOnSaleOfInterestInProjects' xlink:type='arc' />
<link:presentationArc order='50' xlink:arcrole='http://www.xbrl.org/2003/arcrole/parent-child' xlink:from='loc_PropertyPlantAndEquipmentIncomeStatementDisclosuresAbstract' xlink:to='loc_GainLossOnCondemnation' xlink:type='arc' />
<link:presentationArc order='60' xlink:arcrole='http://www.xbrl.org/2003/arcrole/parent-child' xlink:from='loc_PropertyPlantAndEquipmentIncomeStatementDisclosuresAbstract' xlink:to='loc_PublicUtilitiesAllowanceForFundsUsedDuringConstructionAdditions' xlink:type='arc' />
<link:presentationArc order='10' xlink:arcrole='http://www.xbrl.org/2003/arcrole/parent-child' xlink:from='loc_PropertyPlantAndEquipmentAssetsHeldForSaleDisclosureAbstract' xlink:to='loc_DisclosureOfLongLivedAssetsHeldForSaleTextBlock' xlink:type='arc' />
<link:presentationArc order='10' xlink:arcrole='http://www.xbrl.org/2003/arcrole/parent-child' xlink:from='loc_DisclosureOfLongLivedAssetsHeldForSaleTextBlock' xlink:to='loc_ScheduleOfLongLivedAssetsHeldForSaleTable' xlink:type='arc' />
<link:presentationArc order='20' use='optional' xlink:arcrole='http://www.xbrl.org/2003/arcrole/parent-child' xlink:from='loc_PropertyPlantAndEquipmentAssetsHeldForSaleDisclosureAbstract' xlink:to='loc_ReasonForChangingPlanToSellAssetsHeldForSaleAbstract' xlink:type='arc' />
<link:presentationArc order='10' xlink:arcrole='http://www.xbrl.org/2003/arcrole/parent-child' xlink:from='loc_PropertyPlantAndEquipmentImpairmentOrDisposalAbstract' xlink:to='loc_PropertyPlantAndEquipmentImpairmentOrDisposalDisclosure' xlink:type='arc' />
<link:presentationArc order='20' xlink:arcrole='http://www.xbrl.org/2003/arcrole/parent-child' xlink:from='loc_PropertyPlantAndEquipmentImpairmentOrDisposalAbstract' xlink:to='loc_ImpairmentOrDisposalOfTangibleAssetsDisclosureAbstract' xlink:type='arc' />
<link:presentationArc order='10' xlink:arcrole='http://www.xbrl.org/2003/arcrole/parent-child' xlink:from='loc_PropertyPlantAndEquipmentAbstract' xlink:to='loc_PropertyPlantAndEquipmentDisclosureTextBlock' xlink:type='arc' />
<link:presentationArc order='10' xlink:arcrole='http://www.xbrl.org/2003/arcrole/parent-child' xlink:from='loc_PropertyPlantAndEquipmentDisclosureTextBlock' xlink:to='loc_PropertyPlantAndEquipmentTextBlock' xlink:type='arc' />
<link:presentationArc order='10' xlink:arcrole='http://www.xbrl.org/2003/arcrole/parent-child' xlink:from='loc_PropertyPlantAndEquipmentTextBlock' xlink:to='loc_ScheduleOfPropertyPlantAndEquipmentTable' xlink:type='arc' />
<link:presentationArc order='20' xlink:arcrole='http://www.xbrl.org/2003/arcrole/parent-child' xlink:from='loc_PropertyPlantAndEquipmentDisclosureTextBlock' xlink:to='loc_PropertyPlantAndEquipmentIncomeStatementDisclosuresAbstract' xlink:type='arc' />
<link:presentationArc order='30' xlink:arcrole='http://www.xbrl.org/2003/arcrole/parent-child' xlink:from='loc_PropertyPlantAndEquipmentDisclosureTextBlock' xlink:to='loc_PropertyPlantAndEquipmentImpairmentOrDisposalAbstract' xlink:type='arc' />
<link:presentationArc order='40' xlink:arcrole='http://www.xbrl.org/2003/arcrole/parent-child' xlink:from='loc_PropertyPlantAndEquipmentDisclosureTextBlock' xlink:to='loc_PropertyPlantAndEquipmentAssetsHeldForSaleDisclosureAbstract' xlink:type='arc' />
<link:presentationArc order='50' xlink:arcrole='http://www.xbrl.org/2003/arcrole/parent-child' xlink:from='loc_PropertyPlantAndEquipmentDisclosureTextBlock' xlink:to='loc_PropertyPlantAndEquipmentAdditionalDisclosures' xlink:type='arc' />
<link:presentationArc order='20' xlink:arcrole='http://www.xbrl.org/2003/arcrole/parent-child' xlink:from='loc_PropertyPlantAndEquipmentAbstract' xlink:to='loc_PropertyPlantAndEquipmentAndIntangibleAssetsTextBlock' xlink:type='arc' />
<link:presentationArc order='10' xlink:arcrole='http://www.xbrl.org/2003/arcrole/parent-child' xlink:from='loc_PropertyPlantAndEquipmentTypeDomain' xlink:to='loc_LandAndBuildingMember' xlink:type='arc' />
<link:presentationArc order='20' xlink:arcrole='http://www.xbrl.org/2003/arcrole/parent-child' xlink:from='loc_PropertyPlantAndEquipmentTypeDomain' xlink:to='loc_MachineryAndEquipmentMember' xlink:type='arc' />
<link:presentationArc order='30' xlink:arcrole='http://www.xbrl.org/2003/arcrole/parent-child' xlink:from='loc_PropertyPlantAndEquipmentTypeDomain' xlink:to='loc_PropertyPlantAndEquipmentOtherTypesMember' xlink:type='arc' />
<link:presentationArc order='10' xlink:arcrole='http://www.xbrl.org/2003/arcrole/parent-child' xlink:from='loc_PropertyPlantAndEquipmentLineItems' xlink:to='loc_PropertyPlantAndEquipmentUsefulLife' xlink:type='arc' />
<link:presentationArc order='20' xlink:arcrole='http://www.xbrl.org/2003/arcrole/parent-child' xlink:from='loc_PropertyPlantAndEquipmentLineItems' xlink:to='loc_PropertyPlantAndEquipmentSalvageValue' xlink:type='arc' />
<link:presentationArc order='10' xlink:arcrole='http://www.xbrl.org/2003/arcrole/parent-child' xlink:from='loc_PropertyPlantAndEquipmentSalvageValue' xlink:to='loc_PropertyPlantAndEquipmentSalvageValuePercentage' xlink:type='arc' />
<link:presentationArc order='30' xlink:arcrole='http://www.xbrl.org/2003/arcrole/parent-child' xlink:from='loc_PropertyPlantAndEquipmentLineItems' xlink:to='loc_MovementInPropertyPlantAndEquipmentRollForward' xlink:type='arc' />
<link:presentationArc order='40' xlink:arcrole='http://www.xbrl.org/2003/arcrole/parent-child' xlink:from='loc_PropertyPlantAndEquipmentLineItems' xlink:to='loc_MovementInAccumulatedDepreciationDepletionAndAmortizationPropertyPlantAndEquipmentRollForward' xlink:type='arc' />
<link:presentationArc order='50' xlink:arcrole='http://www.xbrl.org/2003/arcrole/parent-child' xlink:from='loc_PropertyPlantAndEquipmentLineItems' xlink:to='loc_PropertyPlantAndEquipmentNetByTypeAbstract' xlink:type='arc' />
<link:presentationArc order='60' xlink:arcrole='http://www.xbrl.org/2003/arcrole/parent-child' xlink:from='loc_PropertyPlantAndEquipmentLineItems' xlink:to='loc_PropertyPlantAndEquipmentNetIncludingAndExcludingCapitalLeasedAssetAbstract' xlink:type='arc' />
<link:presentationArc order='10' xlink:arcrole='http://www.xbrl.org/2003/arcrole/parent-child' xlink:from='loc_PropertyPlantAndEquipmentNetExcludingCapitalLeasedAssetsAbstract' xlink:to='loc_PropertyPlantAndEquipmentGrossExcludingCapitalLeasedAssets' xlink:type='arc' />
<link:presentationArc order='20' xlink:arcrole='http://www.xbrl.org/2003/arcrole/parent-child' xlink:from='loc_PropertyPlantAndEquipmentNetExcludingCapitalLeasedAssetsAbstract' xlink:to='loc_AccumulatedDepreciationDepletionAndAmortizationPropertyPlantAndEquipmentExcludingCapitalLeasedAssets' xlink:type='arc' />
<link:presentationArc order='30' preferredLabel='http://www.xbrl.org/2003/role/totalLabel' xlink:arcrole='http://www.xbrl.org/2003/arcrole/parent-child' xlink:from='loc_PropertyPlantAndEquipmentNetExcludingCapitalLeasedAssetsAbstract' xlink:to='loc_PropertyPlantAndEquipmentNetExcludingCapitalLeasedAssets' xlink:type='arc' />
<link:presentationArc order='10' xlink:arcrole='http://www.xbrl.org/2003/arcrole/parent-child' xlink:from='loc_PropertyPlantAndEquipmentNetIncludingAndExcludingCapitalLeasedAssetAbstract' xlink:to='loc_PropertyPlantAndEquipmentNetExcludingCapitalLeasedAssetsAbstract' xlink:type='arc' />
<link:presentationArc order='20' xlink:arcrole='http://www.xbrl.org/2003/arcrole/parent-child' xlink:from='loc_PropertyPlantAndEquipmentNetIncludingAndExcludingCapitalLeasedAssetAbstract' xlink:to='loc_CapitalLeasesBalanceSheetAssetsByMajorClassNetLesseeBalanceSheetAbstract' xlink:type='arc' />
<link:presentationArc order='30' preferredLabel='http://www.xbrl.org/2003/role/totalLabel' xlink:arcrole='http://www.xbrl.org/2003/arcrole/parent-child' xlink:from='loc_PropertyPlantAndEquipmentNetIncludingAndExcludingCapitalLeasedAssetAbstract' xlink:to='loc_PropertyPlantAndEquipmentNet' xlink:type='arc' />
<link:presentationArc order='10' xlink:arcrole='http://www.xbrl.org/2003/arcrole/parent-child' xlink:from='loc_PropertyPlantAndEquipmentNetByTypeAbstract' xlink:to='loc_PropertyPlantAndEquipmentGross' xlink:type='arc' />
<link:presentationArc order='20' xlink:arcrole='http://www.xbrl.org/2003/arcrole/parent-child' xlink:from='loc_PropertyPlantAndEquipmentNetByTypeAbstract' xlink:to='loc_AccumulatedDepreciationDepletionAndAmortizationPropertyPlantAndEquipment' xlink:type='arc' />
<link:presentationArc order='30' preferredLabel='http://www.xbrl.org/2003/role/totalLabel' xlink:arcrole='http://www.xbrl.org/2003/arcrole/parent-child' xlink:from='loc_PropertyPlantAndEquipmentNetByTypeAbstract' xlink:to='loc_PropertyPlantAndEquipmentNet' xlink:type='arc' />
<link:presentationArc order='10' xlink:arcrole='http://www.xbrl.org/2003/arcrole/parent-child' xlink:from='loc_PropertyPlantAndEquipmentOtherTypesMember' xlink:to='loc_EquipmentLeasedToOtherPartyMember' xlink:type='arc' />
<link:presentationArc order='20' xlink:arcrole='http://www.xbrl.org/2003/arcrole/parent-child' xlink:from='loc_PropertyPlantAndEquipmentOtherTypesMember' xlink:to='loc_ProductiveLandMember' xlink:type='arc' />
<link:presentationArc order='30' xlink:arcrole='http://www.xbrl.org/2003/arcrole/parent-child' xlink:from='loc_PropertyPlantAndEquipmentOtherTypesMember' xlink:to='loc_FurnitureAndFixturesMember' xlink:type='arc' />
<link:presentationArc order='40' xlink:arcrole='http://www.xbrl.org/2003/arcrole/parent-child' xlink:from='loc_PropertyPlantAndEquipmentOtherTypesMember' xlink:to='loc_TimberPropertiesMember' xlink:type='arc' />
<link:presentationArc order='50' xlink:arcrole='http://www.xbrl.org/2003/arcrole/parent-child' xlink:from='loc_PropertyPlantAndEquipmentOtherTypesMember' xlink:to='loc_LandfillMember' xlink:type='arc' />
<link:presentationArc order='60' xlink:arcrole='http://www.xbrl.org/2003/arcrole/parent-child' xlink:from='loc_PropertyPlantAndEquipmentOtherTypesMember' xlink:to='loc_SoftwareDevelopmentMember' xlink:type='arc' />
<link:presentationArc order='70' xlink:arcrole='http://www.xbrl.org/2003/arcrole/parent-child' xlink:from='loc_PropertyPlantAndEquipmentOtherTypesMember' xlink:to='loc_RetailSiteMember' xlink:type='arc' />
<link:presentationArc order='80' xlink:arcrole='http://www.xbrl.org/2003/arcrole/parent-child' xlink:from='loc_PropertyPlantAndEquipmentOtherTypesMember' xlink:to='loc_AssetsHeldUnderCapitalLeasesMember' xlink:type='arc' />
<link:presentationArc order='90' xlink:arcrole='http://www.xbrl.org/2003/arcrole/parent-child' xlink:from='loc_PropertyPlantAndEquipmentOtherTypesMember' xlink:to='loc_AssetsLeasedToOthersMember' xlink:type='arc' />
<link:presentationArc order='100' xlink:arcrole='http://www.xbrl.org/2003/arcrole/parent-child' xlink:from='loc_PropertyPlantAndEquipmentOtherTypesMember' xlink:to='loc_AssetUnderConstructionMember' xlink:type='arc' />
<link:presentationArc order='110' xlink:arcrole='http://www.xbrl.org/2003/arcrole/parent-child' xlink:from='loc_PropertyPlantAndEquipmentOtherTypesMember' xlink:to='loc_ConstructionInProgressMember' xlink:type='arc' />
<link:presentationArc order='120' xlink:arcrole='http://www.xbrl.org/2003/arcrole/parent-child' xlink:from='loc_PropertyPlantAndEquipmentOtherTypesMember' xlink:to='loc_BreedingAndProductionAnimalsMember' xlink:type='arc' />
<link:presentationArc order='130' xlink:arcrole='http://www.xbrl.org/2003/arcrole/parent-child' xlink:from='loc_PropertyPlantAndEquipmentOtherTypesMember' xlink:to='loc_RemediationPropertyForSaleAbandonmentOrDisposalMember' xlink:type='arc' />
<link:presentationArc order='140' xlink:arcrole='http://www.xbrl.org/2003/arcrole/parent-child' xlink:from='loc_PropertyPlantAndEquipmentOtherTypesMember' xlink:to='loc_OtherCapitalizedPropertyPlantAndEquipmentMember' xlink:type='arc' />
<link:presentationArc order='150' xlink:arcrole='http://www.xbrl.org/2003/arcrole/parent-child' xlink:from='loc_PropertyPlantAndEquipmentOtherTypesMember' xlink:to='loc_SoftwareAndSoftwareDevelopmentCostsMember' xlink:type='arc' />
<link:presentationArc order='10' xlink:arcrole='http://www.xbrl.org/2003/arcrole/parent-child' xlink:from='loc_PropertyPlantAndEquipmentByTypeAxis' xlink:to='loc_PropertyPlantAndEquipmentTypeDomain' xlink:type='arc' />
<link:presentationArc order='10' xlink:arcrole='http://www.xbrl.org/2003/arcrole/parent-child' xlink:from='loc_RangeAxis' xlink:to='loc_RangeMember' xlink:type='arc' />
<link:presentationArc order='10' xlink:arcrole='http://www.xbrl.org/2003/arcrole/parent-child' xlink:from='loc_RangeMember' xlink:to='loc_MaximumMember' xlink:type='arc' />
<link:presentationArc order='20' xlink:arcrole='http://www.xbrl.org/2003/arcrole/parent-child' xlink:from='loc_RangeMember' xlink:to='loc_MinimumMember' xlink:type='arc' />
<link:presentationArc order='10' use='optional' xlink:arcrole='http://www.xbrl.org/2003/arcrole/parent-child' xlink:from='loc_ReasonForChangingPlanToSellAssetsHeldForSaleAbstract' xlink:to='loc_ReasonForChangingPlanToSellAssetsHeldForSale' xlink:type='arc' />
<link:presentationArc order='20' xlink:arcrole='http://www.xbrl.org/2003/arcrole/parent-child' xlink:from='loc_ReasonForChangingPlanToSellAssetsHeldForSaleAbstract' xlink:to='loc_DepreciationExpenseOnReclassifiedAssets' xlink:type='arc' />
<link:presentationArc order='30' xlink:arcrole='http://www.xbrl.org/2003/arcrole/parent-child' xlink:from='loc_ReasonForChangingPlanToSellAssetsHeldForSaleAbstract' xlink:to='loc_ImpairmentChargeOnReclassifiedAssets' xlink:type='arc' />
<link:presentationArc order='10' xlink:arcrole='http://www.xbrl.org/2003/arcrole/parent-child' xlink:from='loc_ScheduleOfImpairedLongLivedAssetsHeldAndUsedTable' xlink:to='loc_ImpairedLongLivedAssetsHeldAndUsedByTypeAxis' xlink:type='arc' />
<link:presentationArc order='20' xlink:arcrole='http://www.xbrl.org/2003/arcrole/parent-child' xlink:from='loc_ScheduleOfImpairedLongLivedAssetsHeldAndUsedTable' xlink:to='loc_StatementBusinessSegmentsAxis' xlink:type='arc' />
<link:presentationArc order='30' xlink:arcrole='http://www.xbrl.org/2003/arcrole/parent-child' xlink:from='loc_ScheduleOfImpairedLongLivedAssetsHeldAndUsedTable' xlink:to='loc_SubsegmentsAxis' xlink:type='arc' />
<link:presentationArc order='40' xlink:arcrole='http://www.xbrl.org/2003/arcrole/parent-child' xlink:from='loc_ScheduleOfImpairedLongLivedAssetsHeldAndUsedTable' xlink:to='loc_ImpairedLongLivedAssetsHeldAndUsedLineItems' xlink:type='arc' />
<link:presentationArc order='10' xlink:arcrole='http://www.xbrl.org/2003/arcrole/parent-child' xlink:from='loc_ScheduleOfLongLivedAssetsHeldForSaleTable' xlink:to='loc_LongLivedAssetsHeldForSaleByAssetTypeAxis' xlink:type='arc' />
<link:presentationArc order='20' xlink:arcrole='http://www.xbrl.org/2003/arcrole/parent-child' xlink:from='loc_ScheduleOfLongLivedAssetsHeldForSaleTable' xlink:to='loc_LongLivedAssetsHeldForSaleLineItems' xlink:type='arc' />
<link:presentationArc order='10' xlink:arcrole='http://www.xbrl.org/2003/arcrole/parent-child' xlink:from='loc_ScheduleOfPropertyPlantAndEquipmentTable' xlink:to='loc_PropertyPlantAndEquipmentByTypeAxis' xlink:type='arc' />
<link:presentationArc order='20' xlink:arcrole='http://www.xbrl.org/2003/arcrole/parent-child' xlink:from='loc_ScheduleOfPropertyPlantAndEquipmentTable' xlink:to='loc_RangeAxis' xlink:type='arc' />
<link:presentationArc order='30' xlink:arcrole='http://www.xbrl.org/2003/arcrole/parent-child' xlink:from='loc_ScheduleOfPropertyPlantAndEquipmentTable' xlink:to='loc_PropertyPlantAndEquipmentLineItems' xlink:type='arc' />
<link:presentationArc order='10' xlink:arcrole='http://www.xbrl.org/2003/arcrole/parent-child' xlink:from='loc_StatementBusinessSegmentsAxis' xlink:to='loc_SegmentDomain' xlink:type='arc' />
<link:presentationArc order='10' xlink:arcrole='http://www.xbrl.org/2003/arcrole/parent-child' xlink:from='loc_SegmentDomain' xlink:to='loc_AllOtherSegmentsMember' xlink:type='arc' />
<link:presentationArc order='20' xlink:arcrole='http://www.xbrl.org/2003/arcrole/parent-child' xlink:from='loc_SegmentDomain' xlink:to='loc_CorporateMember' xlink:type='arc' />
<link:presentationArc order='30' xlink:arcrole='http://www.xbrl.org/2003/arcrole/parent-child' xlink:from='loc_SegmentDomain' xlink:to='loc_CorporateAndOtherMember' xlink:type='arc' />
<link:presentationArc order='10' xlink:arcrole='http://www.xbrl.org/2003/arcrole/parent-child' xlink:from='loc_SellingGeneralAndAdministrativeExpensesMember' xlink:to='loc_SellingAndMarketingExpenseMember' xlink:type='arc' />
<link:presentationArc order='20' xlink:arcrole='http://www.xbrl.org/2003/arcrole/parent-child' xlink:from='loc_SellingGeneralAndAdministrativeExpensesMember' xlink:to='loc_GeneralAndAdministrativeExpenseMember' xlink:type='arc' />
<link:presentationArc order='10' xlink:arcrole='http://www.xbrl.org/2003/arcrole/parent-child' xlink:from='loc_SubsegmentsAxis' xlink:to='loc_SubsegmentsDomain' xlink:type='arc' />
<link:presentationArc order='10' xlink:arcrole='http://www.xbrl.org/2003/arcrole/parent-child' xlink:from='loc_TangibleAssetImpairmentChargesAbstract' xlink:to='loc_ImpairmentOfLongLivedAssetsToBeDisposedOf' xlink:type='arc' />
<link:presentationArc order='20' xlink:arcrole='http://www.xbrl.org/2003/arcrole/parent-child' xlink:from='loc_TangibleAssetImpairmentChargesAbstract' xlink:to='loc_ImpairmentOfLongLivedAssetsHeldForUse' xlink:type='arc' />
<link:presentationArc order='30' xlink:arcrole='http://www.xbrl.org/2003/arcrole/parent-child' xlink:from='loc_TangibleAssetImpairmentChargesAbstract' xlink:to='loc_ImpairmentOfRealEstate' xlink:type='arc' />
<link:presentationArc order='40' xlink:arcrole='http://www.xbrl.org/2003/arcrole/parent-child' xlink:from='loc_TangibleAssetImpairmentChargesAbstract' xlink:to='loc_ExplorationAbandonmentAndImpairmentExpense' xlink:type='arc' />
<link:presentationArc order='50' xlink:arcrole='http://www.xbrl.org/2003/arcrole/parent-child' xlink:from='loc_TangibleAssetImpairmentChargesAbstract' xlink:to='loc_ImpairmentOfOilAndGasProperties' xlink:type='arc' />
<link:presentationArc order='60' xlink:arcrole='http://www.xbrl.org/2003/arcrole/parent-child' xlink:from='loc_TangibleAssetImpairmentChargesAbstract' xlink:to='loc_ImpairmentLossesRelatedToRealEstatePartnerships' xlink:type='arc' />
<link:presentationArc order='70' xlink:arcrole='http://www.xbrl.org/2003/arcrole/parent-child' xlink:from='loc_TangibleAssetImpairmentChargesAbstract' xlink:to='loc_DisposalGroupNotDiscontinuedOperationLossGainOnWriteDown' xlink:type='arc' />
<link:presentationArc order='80' preferredLabel='http://www.xbrl.org/2003/role/totalLabel' xlink:arcrole='http://www.xbrl.org/2003/arcrole/parent-child' xlink:from='loc_TangibleAssetImpairmentChargesAbstract' xlink:to='loc_TangibleAssetImpairmentCharges' xlink:type='arc' />
<link:presentationArc order='10' xlink:arcrole='http://www.xbrl.org/2003/arcrole/parent-child' xlink:from='loc_TransportationEquipmentMember' xlink:to='loc_AirTransportationEquipmentMember' xlink:type='arc' />
<link:presentationArc order='20' xlink:arcrole='http://www.xbrl.org/2003/arcrole/parent-child' xlink:from='loc_TransportationEquipmentMember' xlink:to='loc_FlightEquipmentMember' xlink:type='arc' />
<link:presentationArc order='30' xlink:arcrole='http://www.xbrl.org/2003/arcrole/parent-child' xlink:from='loc_TransportationEquipmentMember' xlink:to='loc_MaritimeEquipmentMember' xlink:type='arc' />
<link:presentationArc order='40' xlink:arcrole='http://www.xbrl.org/2003/arcrole/parent-child' xlink:from='loc_TransportationEquipmentMember' xlink:to='loc_ContainersMember' xlink:type='arc' />
<link:presentationArc order='50' xlink:arcrole='http://www.xbrl.org/2003/arcrole/parent-child' xlink:from='loc_TransportationEquipmentMember' xlink:to='loc_RailroadTransportationEquipmentMember' xlink:type='arc' />
<link:presentationArc order='60' xlink:arcrole='http://www.xbrl.org/2003/arcrole/parent-child' xlink:from='loc_TransportationEquipmentMember' xlink:to='loc_VehiclesMember' xlink:type='arc' />
<link:presentationArc order='70' xlink:arcrole='http://www.xbrl.org/2003/arcrole/parent-child' xlink:from='loc_TransportationEquipmentMember' xlink:to='loc_OtherTransportationEquipmentMember' xlink:type='arc' />
<link:presentationArc order='10' xlink:arcrole='http://www.xbrl.org/2003/arcrole/parent-child' xlink:from='loc_VehiclesMember' xlink:to='loc_TrucksMember' xlink:type='arc' />
<link:presentationArc order='20' xlink:arcrole='http://www.xbrl.org/2003/arcrole/parent-child' xlink:from='loc_VehiclesMember' xlink:to='loc_AutomobilesMember' xlink:type='arc' />
</link:presentationLink>
</link:linkbase>
