<?xml version='1.0' encoding='UTF-8'?>

<!--
(c) XBRL US, Inc. 2007-2010; Financial Accounting Foundation, Inc. 2010-2015.  All Rights Reserved.
Notice: Authorized Uses are Set Forth at http://xbrl.fasb.org/terms/TaxonomiesTermsConditions.html
  -->
<link:linkbase xmlns:link='http://www.xbrl.org/2003/linkbase' xmlns:xbrldt='http://xbrl.org/2005/xbrldt' xmlns:xlink='http://www.w3.org/1999/xlink' xmlns:xsi='http://www.w3.org/2001/XMLSchema-instance' xsi:schemaLocation='http://www.xbrl.org/2003/linkbase http://www.xbrl.org/2003/xbrl-linkbase-2003-12-31.xsd'>
<link:roleRef roleURI='http://fasb.org/us-gaap/role/disclosure/FinancialServicesBankingAndThrift' xlink:href='../elts/us-roles-2015-01-31.xsd#fs-bt' xlink:type='simple' />
<link:calculationLink xlink:role='http://fasb.org/us-gaap/role/disclosure/FinancialServicesBankingAndThrift' xlink:type='extended'>
<link:loc xlink:href='../elts/us-gaap-2015-01-31.xsd#us-gaap_AdvancesFromFederalHomeLoanBanks' xlink:label='loc_AdvancesFromFederalHomeLoanBanks' xlink:type='locator' />
<link:loc xlink:href='../elts/us-gaap-2015-01-31.xsd#us-gaap_FederalHomeLoanBankAdvancesLongTerm' xlink:label='loc_FederalHomeLoanBankAdvancesLongTerm' xlink:type='locator' />
<link:loc xlink:href='../elts/us-gaap-2015-01-31.xsd#us-gaap_FederalHomeLoanBankAdvancesMaturitiesSummaryByInterestRateTypeOneToFiveYears' xlink:label='loc_FederalHomeLoanBankAdvancesMaturitiesSummaryByInterestRateTypeOneToFiveYears' xlink:type='locator' />
<link:loc xlink:href='../elts/us-gaap-2015-01-31.xsd#us-gaap_FederalHomeLoanBankAdvancesMaturitiesSummaryByInterestRateTypeFixedRateOneToFiveYears' xlink:label='loc_FederalHomeLoanBankAdvancesMaturitiesSummaryByInterestRateTypeFixedRateOneToFiveYears' xlink:type='locator' />
<link:loc xlink:href='../elts/us-gaap-2015-01-31.xsd#us-gaap_FederalHomeLoanBankAdvancesMaturitiesSummaryByInterestRateTypeFloatingRateOneToFiveYears' xlink:label='loc_FederalHomeLoanBankAdvancesMaturitiesSummaryByInterestRateTypeFloatingRateOneToFiveYears' xlink:type='locator' />
<link:loc xlink:href='../elts/us-gaap-2015-01-31.xsd#us-gaap_FederalHomeLoanBankAdvancesMaturitiesSummaryDueAfterFiveYearsOfBalanceSheetDate' xlink:label='loc_FederalHomeLoanBankAdvancesMaturitiesSummaryDueAfterFiveYearsOfBalanceSheetDate' xlink:type='locator' />
<link:loc xlink:href='../elts/us-gaap-2015-01-31.xsd#us-gaap_FederalHomeLoanBankAdvancesMaturitiesSummaryByInterestRateTypeFixedRateAfterFiveYears' xlink:label='loc_FederalHomeLoanBankAdvancesMaturitiesSummaryByInterestRateTypeFixedRateAfterFiveYears' xlink:type='locator' />
<link:loc xlink:href='../elts/us-gaap-2015-01-31.xsd#us-gaap_FederalHomeLoanBankAdvancesMaturitiesSummaryByInterestRateTypeFloatingRateAfterFiveYears' xlink:label='loc_FederalHomeLoanBankAdvancesMaturitiesSummaryByInterestRateTypeFloatingRateAfterFiveYears' xlink:type='locator' />
<link:loc xlink:href='../elts/us-gaap-2015-01-31.xsd#us-gaap_FederalHomeLoanBankAdvancesMaturitiesSummaryDueWithinOneYearOfBalanceSheetDate' xlink:label='loc_FederalHomeLoanBankAdvancesMaturitiesSummaryDueWithinOneYearOfBalanceSheetDate' xlink:type='locator' />
<link:loc xlink:href='../elts/us-gaap-2015-01-31.xsd#us-gaap_FederalHomeLoanBankAdvancesMaturitiesSummaryByInterestRateTypeFixedRateUnderOneYear' xlink:label='loc_FederalHomeLoanBankAdvancesMaturitiesSummaryByInterestRateTypeFixedRateUnderOneYear' xlink:type='locator' />
<link:loc xlink:href='../elts/us-gaap-2015-01-31.xsd#us-gaap_FederalHomeLoanBankAdvancesMaturitiesSummaryByInterestRateTypeFloatingRateUnderOneYear' xlink:label='loc_FederalHomeLoanBankAdvancesMaturitiesSummaryByInterestRateTypeFloatingRateUnderOneYear' xlink:type='locator' />
<link:loc xlink:href='../elts/us-gaap-2015-01-31.xsd#us-gaap_CarryingValueOfFederalFundsPurchasedSecuritiesSoldUnderAgreementsToRepurchaseAndDepositsReceivedForSecuritiesLoaned' xlink:label='loc_CarryingValueOfFederalFundsPurchasedSecuritiesSoldUnderAgreementsToRepurchaseAndDepositsReceivedForSecuritiesLoaned' xlink:type='locator' />
<link:loc xlink:href='../elts/us-gaap-2015-01-31.xsd#us-gaap_FederalFundsPurchased' xlink:label='loc_FederalFundsPurchased' xlink:type='locator' />
<link:loc xlink:href='../elts/us-gaap-2015-01-31.xsd#us-gaap_CarryingValueOfSecuritiesSoldUnderRepurchaseAgreementsAndDepositsReceivedForSecuritiesLoaned' xlink:label='loc_CarryingValueOfSecuritiesSoldUnderRepurchaseAgreementsAndDepositsReceivedForSecuritiesLoaned' xlink:type='locator' />
<link:loc xlink:href='../elts/us-gaap-2015-01-31.xsd#us-gaap_SecuritiesSoldUnderAgreementsToRepurchase' xlink:label='loc_SecuritiesSoldUnderAgreementsToRepurchase' xlink:type='locator' />
<link:loc xlink:href='../elts/us-gaap-2015-01-31.xsd#us-gaap_DepositsReceivedForSecuritiesLoanedAtCarryingValue' xlink:label='loc_DepositsReceivedForSecuritiesLoanedAtCarryingValue' xlink:type='locator' />
<link:loc xlink:href='../elts/us-gaap-2015-01-31.xsd#us-gaap_CarryingValueOfFederalFundsSoldSecuritiesPurchasedUnderAgreementsToResellAndDepositsPaidForSecuritiesBorrowed' xlink:label='loc_CarryingValueOfFederalFundsSoldSecuritiesPurchasedUnderAgreementsToResellAndDepositsPaidForSecuritiesBorrowed' xlink:type='locator' />
<link:loc xlink:href='../elts/us-gaap-2015-01-31.xsd#us-gaap_CarryingValueOfSecuritiesPurchasedUnderAgreementsToResellAndDepositsPaidForSecuritiesBorrowed' xlink:label='loc_CarryingValueOfSecuritiesPurchasedUnderAgreementsToResellAndDepositsPaidForSecuritiesBorrowed' xlink:type='locator' />
<link:loc xlink:href='../elts/us-gaap-2015-01-31.xsd#us-gaap_DepositsPaidForSecuritiesBorrowedAtCarryingValue' xlink:label='loc_DepositsPaidForSecuritiesBorrowedAtCarryingValue' xlink:type='locator' />
<link:loc xlink:href='../elts/us-gaap-2015-01-31.xsd#us-gaap_SecuritiesPurchasedUnderAgreementsToResell' xlink:label='loc_SecuritiesPurchasedUnderAgreementsToResell' xlink:type='locator' />
<link:loc xlink:href='../elts/us-gaap-2015-01-31.xsd#us-gaap_FederalFundsSold' xlink:label='loc_FederalFundsSold' xlink:type='locator' />
<link:loc xlink:href='../elts/us-gaap-2015-01-31.xsd#us-gaap_FDICIndemnificationAssetPeriodIncreaseDecrease' xlink:label='loc_FDICIndemnificationAssetPeriodIncreaseDecrease' xlink:type='locator' />
<link:loc xlink:href='../elts/us-gaap-2015-01-31.xsd#us-gaap_FDICIndemnificationAssetAcquisitions' xlink:label='loc_FDICIndemnificationAssetAcquisitions' xlink:type='locator' />
<link:loc xlink:href='../elts/us-gaap-2015-01-31.xsd#us-gaap_FDICIndemnificationAssetAdditionalEstimatedLosses' xlink:label='loc_FDICIndemnificationAssetAdditionalEstimatedLosses' xlink:type='locator' />
<link:loc xlink:href='../elts/us-gaap-2015-01-31.xsd#us-gaap_FDICIndemnificationAssetCashPaymentsReceived' xlink:label='loc_FDICIndemnificationAssetCashPaymentsReceived' xlink:type='locator' />
<link:loc xlink:href='../elts/us-gaap-2015-01-31.xsd#us-gaap_FDICIndemnificationAssetAccretionOfDiscount' xlink:label='loc_FDICIndemnificationAssetAccretionOfDiscount' xlink:type='locator' />
<link:loc xlink:href='../elts/us-gaap-2015-01-31.xsd#us-gaap_FDICIndemnificationAssetNetWriteOffs' xlink:label='loc_FDICIndemnificationAssetNetWriteOffs' xlink:type='locator' />
<link:loc xlink:href='../elts/us-gaap-2015-01-31.xsd#us-gaap_FDICIndemnificationAssetDisposals' xlink:label='loc_FDICIndemnificationAssetDisposals' xlink:type='locator' />
<link:loc xlink:href='../elts/us-gaap-2015-01-31.xsd#us-gaap_InterestExpenseDomesticDepositLiabilities' xlink:label='loc_InterestExpenseDomesticDepositLiabilities' xlink:type='locator' />
<link:loc xlink:href='../elts/us-gaap-2015-01-31.xsd#us-gaap_InterestExpenseDomesticDepositLiabilitiesBrokered' xlink:label='loc_InterestExpenseDomesticDepositLiabilitiesBrokered' xlink:type='locator' />
<link:loc xlink:href='../elts/us-gaap-2015-01-31.xsd#us-gaap_InterestExpenseDomesticDepositLiabilitiesRetail' xlink:label='loc_InterestExpenseDomesticDepositLiabilitiesRetail' xlink:type='locator' />
<link:loc xlink:href='../elts/us-gaap-2015-01-31.xsd#us-gaap_InterestExpenseDomesticDepositLiabilitiesDemand' xlink:label='loc_InterestExpenseDomesticDepositLiabilitiesDemand' xlink:type='locator' />
<link:loc xlink:href='../elts/us-gaap-2015-01-31.xsd#us-gaap_InterestExpenseDomesticDepositLiabilitiesChecking' xlink:label='loc_InterestExpenseDomesticDepositLiabilitiesChecking' xlink:type='locator' />
<link:loc xlink:href='../elts/us-gaap-2015-01-31.xsd#us-gaap_InterestExpenseDomesticDepositLiabilitiesNoticeOfWithdrawal' xlink:label='loc_InterestExpenseDomesticDepositLiabilitiesNoticeOfWithdrawal' xlink:type='locator' />
<link:loc xlink:href='../elts/us-gaap-2015-01-31.xsd#us-gaap_InterestExpenseDomesticDepositLiabilitiesMoneyMarket' xlink:label='loc_InterestExpenseDomesticDepositLiabilitiesMoneyMarket' xlink:type='locator' />
<link:loc xlink:href='../elts/us-gaap-2015-01-31.xsd#us-gaap_InterestExpenseDomesticDepositLiabilitiesSavings' xlink:label='loc_InterestExpenseDomesticDepositLiabilitiesSavings' xlink:type='locator' />
<link:loc xlink:href='../elts/us-gaap-2015-01-31.xsd#us-gaap_InterestExpenseDomesticDepositLiabilitiesTimeDeposit' xlink:label='loc_InterestExpenseDomesticDepositLiabilitiesTimeDeposit' xlink:type='locator' />
<link:loc xlink:href='../elts/us-gaap-2015-01-31.xsd#us-gaap_InterestExpenseDomesticDepositLiabilitiesCertificatesOfDeposit' xlink:label='loc_InterestExpenseDomesticDepositLiabilitiesCertificatesOfDeposit' xlink:type='locator' />
<link:loc xlink:href='../elts/us-gaap-2015-01-31.xsd#us-gaap_InterestExpenseDomesticDepositLiabilitiesOtherTimeDeposit' xlink:label='loc_InterestExpenseDomesticDepositLiabilitiesOtherTimeDeposit' xlink:type='locator' />
<link:loc xlink:href='../elts/us-gaap-2015-01-31.xsd#us-gaap_InterestExpenseDomesticDepositLiabilitiesWithdrawalPenalties' xlink:label='loc_InterestExpenseDomesticDepositLiabilitiesWithdrawalPenalties' xlink:type='locator' />
<link:loc xlink:href='../elts/us-gaap-2015-01-31.xsd#us-gaap_InterestExpenseForeignDepositLiabilities' xlink:label='loc_InterestExpenseForeignDepositLiabilities' xlink:type='locator' />
<link:loc xlink:href='../elts/us-gaap-2015-01-31.xsd#us-gaap_InterestExpenseForeignDepositLiabilitiesBrokered' xlink:label='loc_InterestExpenseForeignDepositLiabilitiesBrokered' xlink:type='locator' />
<link:loc xlink:href='../elts/us-gaap-2015-01-31.xsd#us-gaap_InterestExpenseForeignDepositLiabilitiesRetail' xlink:label='loc_InterestExpenseForeignDepositLiabilitiesRetail' xlink:type='locator' />
<link:loc xlink:href='../elts/us-gaap-2015-01-31.xsd#us-gaap_InterestExpenseForeignDepositLiabilitiesDemand' xlink:label='loc_InterestExpenseForeignDepositLiabilitiesDemand' xlink:type='locator' />
<link:loc xlink:href='../elts/us-gaap-2015-01-31.xsd#us-gaap_InterestExpenseForeignDepositLiabilitiesChecking' xlink:label='loc_InterestExpenseForeignDepositLiabilitiesChecking' xlink:type='locator' />
<link:loc xlink:href='../elts/us-gaap-2015-01-31.xsd#us-gaap_InterestExpenseForeignDepositLiabilitiesNoticeOfWithdrawal' xlink:label='loc_InterestExpenseForeignDepositLiabilitiesNoticeOfWithdrawal' xlink:type='locator' />
<link:loc xlink:href='../elts/us-gaap-2015-01-31.xsd#us-gaap_InterestExpenseForeignDepositLiabilitiesMoneyMarket' xlink:label='loc_InterestExpenseForeignDepositLiabilitiesMoneyMarket' xlink:type='locator' />
<link:loc xlink:href='../elts/us-gaap-2015-01-31.xsd#us-gaap_InterestExpenseForeignDepositLiabilitiesSavings' xlink:label='loc_InterestExpenseForeignDepositLiabilitiesSavings' xlink:type='locator' />
<link:loc xlink:href='../elts/us-gaap-2015-01-31.xsd#us-gaap_InterestExpenseForeignDepositLiabilitiesTimeDeposits' xlink:label='loc_InterestExpenseForeignDepositLiabilitiesTimeDeposits' xlink:type='locator' />
<link:loc xlink:href='../elts/us-gaap-2015-01-31.xsd#us-gaap_InterestExpenseForeignDepositLiabilitiesCertificatesOfDeposit' xlink:label='loc_InterestExpenseForeignDepositLiabilitiesCertificatesOfDeposit' xlink:type='locator' />
<link:loc xlink:href='../elts/us-gaap-2015-01-31.xsd#us-gaap_InterestExpenseForeignDepositLiabilitiesOtherTimeDeposit' xlink:label='loc_InterestExpenseForeignDepositLiabilitiesOtherTimeDeposit' xlink:type='locator' />
<link:loc xlink:href='../elts/us-gaap-2015-01-31.xsd#us-gaap_InterestExpenseForeignDepositLiabilitiesWithdrawalPenalties' xlink:label='loc_InterestExpenseForeignDepositLiabilitiesWithdrawalPenalties' xlink:type='locator' />
<link:loc xlink:href='../elts/us-gaap-2015-01-31.xsd#us-gaap_OtherRealEstateCoveredPeriodIncreaseDecrease' xlink:label='loc_OtherRealEstateCoveredPeriodIncreaseDecrease' xlink:type='locator' />
<link:loc xlink:href='../elts/us-gaap-2015-01-31.xsd#us-gaap_OtherRealEstateCoveredAdditions' xlink:label='loc_OtherRealEstateCoveredAdditions' xlink:type='locator' />
<link:loc xlink:href='../elts/us-gaap-2015-01-31.xsd#us-gaap_OtherRealEstateCoveredImprovements' xlink:label='loc_OtherRealEstateCoveredImprovements' xlink:type='locator' />
<link:loc xlink:href='../elts/us-gaap-2015-01-31.xsd#us-gaap_OtherRealEstateCoveredDisposals' xlink:label='loc_OtherRealEstateCoveredDisposals' xlink:type='locator' />
<link:loc xlink:href='../elts/us-gaap-2015-01-31.xsd#us-gaap_OtherRealEstateCoveredValuationAdjustments' xlink:label='loc_OtherRealEstateCoveredValuationAdjustments' xlink:type='locator' />
<link:loc xlink:href='../elts/us-gaap-2015-01-31.xsd#us-gaap_OtherRealEstateNonCoveredPeriodIncreaseDecrease' xlink:label='loc_OtherRealEstateNonCoveredPeriodIncreaseDecrease' xlink:type='locator' />
<link:loc xlink:href='../elts/us-gaap-2015-01-31.xsd#us-gaap_OtherRealEstateNonCoveredAdditions' xlink:label='loc_OtherRealEstateNonCoveredAdditions' xlink:type='locator' />
<link:loc xlink:href='../elts/us-gaap-2015-01-31.xsd#us-gaap_OtherRealEstateNonCoveredImprovements' xlink:label='loc_OtherRealEstateNonCoveredImprovements' xlink:type='locator' />
<link:loc xlink:href='../elts/us-gaap-2015-01-31.xsd#us-gaap_OtherRealEstateNonCoveredDisposals' xlink:label='loc_OtherRealEstateNonCoveredDisposals' xlink:type='locator' />
<link:loc xlink:href='../elts/us-gaap-2015-01-31.xsd#us-gaap_OtherRealEstateNonCoveredValuationAdjustments' xlink:label='loc_OtherRealEstateNonCoveredValuationAdjustments' xlink:type='locator' />
<link:loc xlink:href='../elts/us-gaap-2015-01-31.xsd#us-gaap_OtherRealEstatePeriodIncreaseDecrease' xlink:label='loc_OtherRealEstatePeriodIncreaseDecrease' xlink:type='locator' />
<link:loc xlink:href='../elts/us-gaap-2015-01-31.xsd#us-gaap_OtherRealEstateAdditions' xlink:label='loc_OtherRealEstateAdditions' xlink:type='locator' />
<link:loc xlink:href='../elts/us-gaap-2015-01-31.xsd#us-gaap_OtherRealEstateImprovements' xlink:label='loc_OtherRealEstateImprovements' xlink:type='locator' />
<link:loc xlink:href='../elts/us-gaap-2015-01-31.xsd#us-gaap_OtherRealEstateDisposals' xlink:label='loc_OtherRealEstateDisposals' xlink:type='locator' />
<link:loc xlink:href='../elts/us-gaap-2015-01-31.xsd#us-gaap_OtherRealEstateValuationAdjustments' xlink:label='loc_OtherRealEstateValuationAdjustments' xlink:type='locator' />
<link:loc xlink:href='../elts/us-gaap-2015-01-31.xsd#us-gaap_RealEstateOwnedValuationAllowancePeriodIncreaseDecrease' xlink:label='loc_RealEstateOwnedValuationAllowancePeriodIncreaseDecrease' xlink:type='locator' />
<link:loc xlink:href='../elts/us-gaap-2015-01-31.xsd#us-gaap_RealEstateOwnedValuationAllowanceProvision1' xlink:label='loc_RealEstateOwnedValuationAllowanceProvision1' xlink:type='locator' />
<link:loc xlink:href='../elts/us-gaap-2015-01-31.xsd#us-gaap_RealEstateOwnedValuationAllowanceValuationIncrease' xlink:label='loc_RealEstateOwnedValuationAllowanceValuationIncrease' xlink:type='locator' />
<link:loc xlink:href='../elts/us-gaap-2015-01-31.xsd#us-gaap_RealEstateOwnedValuationAllowanceAmountsApplied' xlink:label='loc_RealEstateOwnedValuationAllowanceAmountsApplied' xlink:type='locator' />
<link:loc xlink:href='../elts/us-gaap-2015-01-31.xsd#us-gaap_RealEstatePartnershipInvestmentSubsidiariesNetIncomeLossBeforeTax' xlink:label='loc_RealEstatePartnershipInvestmentSubsidiariesNetIncomeLossBeforeTax' xlink:type='locator' />
<link:loc xlink:href='../elts/us-gaap-2015-01-31.xsd#us-gaap_NetIncomeLossFromRealEstateInvestmentPartnershipAttributableToParent' xlink:label='loc_NetIncomeLossFromRealEstateInvestmentPartnershipAttributableToParent' xlink:type='locator' />
<link:loc xlink:href='../elts/us-gaap-2015-01-31.xsd#us-gaap_NetIncomeLossFromRealEstateInvestmentPartnership' xlink:label='loc_NetIncomeLossFromRealEstateInvestmentPartnership' xlink:type='locator' />
<link:loc xlink:href='../elts/us-gaap-2015-01-31.xsd#us-gaap_RealEstateInvestmentPartnershipRevenue' xlink:label='loc_RealEstateInvestmentPartnershipRevenue' xlink:type='locator' />
<link:loc xlink:href='../elts/us-gaap-2015-01-31.xsd#us-gaap_RealEstateInvestmentPartnershipCostOfSales' xlink:label='loc_RealEstateInvestmentPartnershipCostOfSales' xlink:type='locator' />
<link:loc xlink:href='../elts/us-gaap-2015-01-31.xsd#us-gaap_OtherExpenseFromRealEstatePartnershipOperations' xlink:label='loc_OtherExpenseFromRealEstatePartnershipOperations' xlink:type='locator' />
<link:loc xlink:href='../elts/us-gaap-2015-01-31.xsd#us-gaap_NetIncomeLossFromRealEstateInvestmentPartnershipAttributableToNoncontrollingInterest' xlink:label='loc_NetIncomeLossFromRealEstateInvestmentPartnershipAttributableToNoncontrollingInterest' xlink:type='locator' />
<link:loc xlink:href='../elts/us-gaap-2015-01-31.xsd#us-gaap_OtherRevenueExpenseFromRealEstateOperations' xlink:label='loc_OtherRevenueExpenseFromRealEstateOperations' xlink:type='locator' />
<link:loc xlink:href='../elts/us-gaap-2015-01-31.xsd#us-gaap_SecuredDebt' xlink:label='loc_SecuredDebt' xlink:type='locator' />
<link:loc xlink:href='../elts/us-gaap-2015-01-31.xsd#us-gaap_SecuredDebtRepurchaseAgreements' xlink:label='loc_SecuredDebtRepurchaseAgreements' xlink:type='locator' />
<link:loc xlink:href='../elts/us-gaap-2015-01-31.xsd#us-gaap_SecuredDebtDollarRolls' xlink:label='loc_SecuredDebtDollarRolls' xlink:type='locator' />
<link:loc xlink:href='../elts/us-gaap-2015-01-31.xsd#us-gaap_SecuredDebtOther' xlink:label='loc_SecuredDebtOther' xlink:type='locator' />
<link:loc xlink:href='../elts/us-gaap-2015-01-31.xsd#us-gaap_TimeDeposits100000OrMore' xlink:label='loc_TimeDeposits100000OrMore' xlink:type='locator' />
<link:loc xlink:href='../elts/us-gaap-2015-01-31.xsd#us-gaap_ContractualMaturitiesTimeDeposits100000OrMoreThreeMonthsOrLess' xlink:label='loc_ContractualMaturitiesTimeDeposits100000OrMoreThreeMonthsOrLess' xlink:type='locator' />
<link:loc xlink:href='../elts/us-gaap-2015-01-31.xsd#us-gaap_ContractualMaturitiesTimeDeposits100000OrMoreThreeMonthsThroughSixMonths' xlink:label='loc_ContractualMaturitiesTimeDeposits100000OrMoreThreeMonthsThroughSixMonths' xlink:type='locator' />
<link:loc xlink:href='../elts/us-gaap-2015-01-31.xsd#us-gaap_ContractualMaturitiesTimeDeposits100000OrMoreSixMonthsThrough12Months' xlink:label='loc_ContractualMaturitiesTimeDeposits100000OrMoreSixMonthsThrough12Months' xlink:type='locator' />
<link:loc xlink:href='../elts/us-gaap-2015-01-31.xsd#us-gaap_ContractualMaturitiesTimeDeposits100000OrMoreAfter12Months' xlink:label='loc_ContractualMaturitiesTimeDeposits100000OrMoreAfter12Months' xlink:type='locator' />
<link:calculationArc order='10' weight='1.0' xlink:arcrole='http://www.xbrl.org/2003/arcrole/summation-item' xlink:from='loc_AdvancesFromFederalHomeLoanBanks' xlink:to='loc_FederalHomeLoanBankAdvancesLongTerm' xlink:type='arc' />
<link:calculationArc order='10' weight='1.0' xlink:arcrole='http://www.xbrl.org/2003/arcrole/summation-item' xlink:from='loc_FederalHomeLoanBankAdvancesLongTerm' xlink:to='loc_FederalHomeLoanBankAdvancesMaturitiesSummaryByInterestRateTypeOneToFiveYears' xlink:type='arc' />
<link:calculationArc order='10' weight='1.0' xlink:arcrole='http://www.xbrl.org/2003/arcrole/summation-item' xlink:from='loc_FederalHomeLoanBankAdvancesMaturitiesSummaryByInterestRateTypeOneToFiveYears' xlink:to='loc_FederalHomeLoanBankAdvancesMaturitiesSummaryByInterestRateTypeFixedRateOneToFiveYears' xlink:type='arc' />
<link:calculationArc order='20' weight='1.0' xlink:arcrole='http://www.xbrl.org/2003/arcrole/summation-item' xlink:from='loc_FederalHomeLoanBankAdvancesMaturitiesSummaryByInterestRateTypeOneToFiveYears' xlink:to='loc_FederalHomeLoanBankAdvancesMaturitiesSummaryByInterestRateTypeFloatingRateOneToFiveYears' xlink:type='arc' />
<link:calculationArc order='20' weight='1.0' xlink:arcrole='http://www.xbrl.org/2003/arcrole/summation-item' xlink:from='loc_FederalHomeLoanBankAdvancesLongTerm' xlink:to='loc_FederalHomeLoanBankAdvancesMaturitiesSummaryDueAfterFiveYearsOfBalanceSheetDate' xlink:type='arc' />
<link:calculationArc order='10' weight='1.0' xlink:arcrole='http://www.xbrl.org/2003/arcrole/summation-item' xlink:from='loc_FederalHomeLoanBankAdvancesMaturitiesSummaryDueAfterFiveYearsOfBalanceSheetDate' xlink:to='loc_FederalHomeLoanBankAdvancesMaturitiesSummaryByInterestRateTypeFixedRateAfterFiveYears' xlink:type='arc' />
<link:calculationArc order='20' weight='1.0' xlink:arcrole='http://www.xbrl.org/2003/arcrole/summation-item' xlink:from='loc_FederalHomeLoanBankAdvancesMaturitiesSummaryDueAfterFiveYearsOfBalanceSheetDate' xlink:to='loc_FederalHomeLoanBankAdvancesMaturitiesSummaryByInterestRateTypeFloatingRateAfterFiveYears' xlink:type='arc' />
<link:calculationArc order='20' weight='1.0' xlink:arcrole='http://www.xbrl.org/2003/arcrole/summation-item' xlink:from='loc_AdvancesFromFederalHomeLoanBanks' xlink:to='loc_FederalHomeLoanBankAdvancesMaturitiesSummaryDueWithinOneYearOfBalanceSheetDate' xlink:type='arc' />
<link:calculationArc order='10' weight='1.0' xlink:arcrole='http://www.xbrl.org/2003/arcrole/summation-item' xlink:from='loc_FederalHomeLoanBankAdvancesMaturitiesSummaryDueWithinOneYearOfBalanceSheetDate' xlink:to='loc_FederalHomeLoanBankAdvancesMaturitiesSummaryByInterestRateTypeFixedRateUnderOneYear' xlink:type='arc' />
<link:calculationArc order='20' weight='1.0' xlink:arcrole='http://www.xbrl.org/2003/arcrole/summation-item' xlink:from='loc_FederalHomeLoanBankAdvancesMaturitiesSummaryDueWithinOneYearOfBalanceSheetDate' xlink:to='loc_FederalHomeLoanBankAdvancesMaturitiesSummaryByInterestRateTypeFloatingRateUnderOneYear' xlink:type='arc' />
<link:calculationArc order='10' weight='1.0' xlink:arcrole='http://www.xbrl.org/2003/arcrole/summation-item' xlink:from='loc_CarryingValueOfFederalFundsPurchasedSecuritiesSoldUnderAgreementsToRepurchaseAndDepositsReceivedForSecuritiesLoaned' xlink:to='loc_FederalFundsPurchased' xlink:type='arc' />
<link:calculationArc order='20' weight='1.0' xlink:arcrole='http://www.xbrl.org/2003/arcrole/summation-item' xlink:from='loc_CarryingValueOfFederalFundsPurchasedSecuritiesSoldUnderAgreementsToRepurchaseAndDepositsReceivedForSecuritiesLoaned' xlink:to='loc_CarryingValueOfSecuritiesSoldUnderRepurchaseAgreementsAndDepositsReceivedForSecuritiesLoaned' xlink:type='arc' />
<link:calculationArc order='10' weight='1.0' xlink:arcrole='http://www.xbrl.org/2003/arcrole/summation-item' xlink:from='loc_CarryingValueOfSecuritiesSoldUnderRepurchaseAgreementsAndDepositsReceivedForSecuritiesLoaned' xlink:to='loc_SecuritiesSoldUnderAgreementsToRepurchase' xlink:type='arc' />
<link:calculationArc order='20' weight='1.0' xlink:arcrole='http://www.xbrl.org/2003/arcrole/summation-item' xlink:from='loc_CarryingValueOfSecuritiesSoldUnderRepurchaseAgreementsAndDepositsReceivedForSecuritiesLoaned' xlink:to='loc_DepositsReceivedForSecuritiesLoanedAtCarryingValue' xlink:type='arc' />
<link:calculationArc order='10' weight='1.0' xlink:arcrole='http://www.xbrl.org/2003/arcrole/summation-item' xlink:from='loc_CarryingValueOfFederalFundsSoldSecuritiesPurchasedUnderAgreementsToResellAndDepositsPaidForSecuritiesBorrowed' xlink:to='loc_CarryingValueOfSecuritiesPurchasedUnderAgreementsToResellAndDepositsPaidForSecuritiesBorrowed' xlink:type='arc' />
<link:calculationArc order='10' weight='1.0' xlink:arcrole='http://www.xbrl.org/2003/arcrole/summation-item' xlink:from='loc_CarryingValueOfSecuritiesPurchasedUnderAgreementsToResellAndDepositsPaidForSecuritiesBorrowed' xlink:to='loc_DepositsPaidForSecuritiesBorrowedAtCarryingValue' xlink:type='arc' />
<link:calculationArc order='20' weight='1.0' xlink:arcrole='http://www.xbrl.org/2003/arcrole/summation-item' xlink:from='loc_CarryingValueOfSecuritiesPurchasedUnderAgreementsToResellAndDepositsPaidForSecuritiesBorrowed' xlink:to='loc_SecuritiesPurchasedUnderAgreementsToResell' xlink:type='arc' />
<link:calculationArc order='20' weight='1.0' xlink:arcrole='http://www.xbrl.org/2003/arcrole/summation-item' xlink:from='loc_CarryingValueOfFederalFundsSoldSecuritiesPurchasedUnderAgreementsToResellAndDepositsPaidForSecuritiesBorrowed' xlink:to='loc_FederalFundsSold' xlink:type='arc' />
<link:calculationArc order='10' weight='1.0' xlink:arcrole='http://www.xbrl.org/2003/arcrole/summation-item' xlink:from='loc_FDICIndemnificationAssetPeriodIncreaseDecrease' xlink:to='loc_FDICIndemnificationAssetAcquisitions' xlink:type='arc' />
<link:calculationArc order='20' weight='1.0' xlink:arcrole='http://www.xbrl.org/2003/arcrole/summation-item' xlink:from='loc_FDICIndemnificationAssetPeriodIncreaseDecrease' xlink:to='loc_FDICIndemnificationAssetAdditionalEstimatedLosses' xlink:type='arc' />
<link:calculationArc order='30' weight='-1.0' xlink:arcrole='http://www.xbrl.org/2003/arcrole/summation-item' xlink:from='loc_FDICIndemnificationAssetPeriodIncreaseDecrease' xlink:to='loc_FDICIndemnificationAssetCashPaymentsReceived' xlink:type='arc' />
<link:calculationArc order='40' weight='1.0' xlink:arcrole='http://www.xbrl.org/2003/arcrole/summation-item' xlink:from='loc_FDICIndemnificationAssetPeriodIncreaseDecrease' xlink:to='loc_FDICIndemnificationAssetAccretionOfDiscount' xlink:type='arc' />
<link:calculationArc order='50' weight='-1.0' xlink:arcrole='http://www.xbrl.org/2003/arcrole/summation-item' xlink:from='loc_FDICIndemnificationAssetPeriodIncreaseDecrease' xlink:to='loc_FDICIndemnificationAssetNetWriteOffs' xlink:type='arc' />
<link:calculationArc order='60' weight='-1.0' xlink:arcrole='http://www.xbrl.org/2003/arcrole/summation-item' xlink:from='loc_FDICIndemnificationAssetPeriodIncreaseDecrease' xlink:to='loc_FDICIndemnificationAssetDisposals' xlink:type='arc' />
<link:calculationArc order='10' weight='1.0' xlink:arcrole='http://www.xbrl.org/2003/arcrole/summation-item' xlink:from='loc_InterestExpenseDomesticDepositLiabilities' xlink:to='loc_InterestExpenseDomesticDepositLiabilitiesBrokered' xlink:type='arc' />
<link:calculationArc order='20' weight='1.0' xlink:arcrole='http://www.xbrl.org/2003/arcrole/summation-item' xlink:from='loc_InterestExpenseDomesticDepositLiabilities' xlink:to='loc_InterestExpenseDomesticDepositLiabilitiesRetail' xlink:type='arc' />
<link:calculationArc order='30' weight='1.0' xlink:arcrole='http://www.xbrl.org/2003/arcrole/summation-item' xlink:from='loc_InterestExpenseDomesticDepositLiabilities' xlink:to='loc_InterestExpenseDomesticDepositLiabilitiesDemand' xlink:type='arc' />
<link:calculationArc order='40' weight='1.0' xlink:arcrole='http://www.xbrl.org/2003/arcrole/summation-item' xlink:from='loc_InterestExpenseDomesticDepositLiabilities' xlink:to='loc_InterestExpenseDomesticDepositLiabilitiesChecking' xlink:type='arc' />
<link:calculationArc order='50' weight='1.0' xlink:arcrole='http://www.xbrl.org/2003/arcrole/summation-item' xlink:from='loc_InterestExpenseDomesticDepositLiabilities' xlink:to='loc_InterestExpenseDomesticDepositLiabilitiesNoticeOfWithdrawal' xlink:type='arc' />
<link:calculationArc order='60' weight='1.0' xlink:arcrole='http://www.xbrl.org/2003/arcrole/summation-item' xlink:from='loc_InterestExpenseDomesticDepositLiabilities' xlink:to='loc_InterestExpenseDomesticDepositLiabilitiesMoneyMarket' xlink:type='arc' />
<link:calculationArc order='70' weight='1.0' xlink:arcrole='http://www.xbrl.org/2003/arcrole/summation-item' xlink:from='loc_InterestExpenseDomesticDepositLiabilities' xlink:to='loc_InterestExpenseDomesticDepositLiabilitiesSavings' xlink:type='arc' />
<link:calculationArc order='80' weight='1.0' xlink:arcrole='http://www.xbrl.org/2003/arcrole/summation-item' xlink:from='loc_InterestExpenseDomesticDepositLiabilities' xlink:to='loc_InterestExpenseDomesticDepositLiabilitiesTimeDeposit' xlink:type='arc' />
<link:calculationArc order='90' weight='1.0' xlink:arcrole='http://www.xbrl.org/2003/arcrole/summation-item' xlink:from='loc_InterestExpenseDomesticDepositLiabilities' xlink:to='loc_InterestExpenseDomesticDepositLiabilitiesCertificatesOfDeposit' xlink:type='arc' />
<link:calculationArc order='100' weight='1.0' xlink:arcrole='http://www.xbrl.org/2003/arcrole/summation-item' xlink:from='loc_InterestExpenseDomesticDepositLiabilities' xlink:to='loc_InterestExpenseDomesticDepositLiabilitiesOtherTimeDeposit' xlink:type='arc' />
<link:calculationArc order='110' weight='-1.0' xlink:arcrole='http://www.xbrl.org/2003/arcrole/summation-item' xlink:from='loc_InterestExpenseDomesticDepositLiabilities' xlink:to='loc_InterestExpenseDomesticDepositLiabilitiesWithdrawalPenalties' xlink:type='arc' />
<link:calculationArc order='10' weight='1.0' xlink:arcrole='http://www.xbrl.org/2003/arcrole/summation-item' xlink:from='loc_InterestExpenseForeignDepositLiabilities' xlink:to='loc_InterestExpenseForeignDepositLiabilitiesBrokered' xlink:type='arc' />
<link:calculationArc order='20' weight='1.0' xlink:arcrole='http://www.xbrl.org/2003/arcrole/summation-item' xlink:from='loc_InterestExpenseForeignDepositLiabilities' xlink:to='loc_InterestExpenseForeignDepositLiabilitiesRetail' xlink:type='arc' />
<link:calculationArc order='30' weight='1.0' xlink:arcrole='http://www.xbrl.org/2003/arcrole/summation-item' xlink:from='loc_InterestExpenseForeignDepositLiabilities' xlink:to='loc_InterestExpenseForeignDepositLiabilitiesDemand' xlink:type='arc' />
<link:calculationArc order='40' weight='1.0' xlink:arcrole='http://www.xbrl.org/2003/arcrole/summation-item' xlink:from='loc_InterestExpenseForeignDepositLiabilities' xlink:to='loc_InterestExpenseForeignDepositLiabilitiesChecking' xlink:type='arc' />
<link:calculationArc order='50' weight='1.0' xlink:arcrole='http://www.xbrl.org/2003/arcrole/summation-item' xlink:from='loc_InterestExpenseForeignDepositLiabilities' xlink:to='loc_InterestExpenseForeignDepositLiabilitiesNoticeOfWithdrawal' xlink:type='arc' />
<link:calculationArc order='60' weight='1.0' xlink:arcrole='http://www.xbrl.org/2003/arcrole/summation-item' xlink:from='loc_InterestExpenseForeignDepositLiabilities' xlink:to='loc_InterestExpenseForeignDepositLiabilitiesMoneyMarket' xlink:type='arc' />
<link:calculationArc order='70' weight='1.0' xlink:arcrole='http://www.xbrl.org/2003/arcrole/summation-item' xlink:from='loc_InterestExpenseForeignDepositLiabilities' xlink:to='loc_InterestExpenseForeignDepositLiabilitiesSavings' xlink:type='arc' />
<link:calculationArc order='80' weight='1.0' xlink:arcrole='http://www.xbrl.org/2003/arcrole/summation-item' xlink:from='loc_InterestExpenseForeignDepositLiabilities' xlink:to='loc_InterestExpenseForeignDepositLiabilitiesTimeDeposits' xlink:type='arc' />
<link:calculationArc order='90' weight='1.0' xlink:arcrole='http://www.xbrl.org/2003/arcrole/summation-item' xlink:from='loc_InterestExpenseForeignDepositLiabilities' xlink:to='loc_InterestExpenseForeignDepositLiabilitiesCertificatesOfDeposit' xlink:type='arc' />
<link:calculationArc order='100' weight='1.0' xlink:arcrole='http://www.xbrl.org/2003/arcrole/summation-item' xlink:from='loc_InterestExpenseForeignDepositLiabilities' xlink:to='loc_InterestExpenseForeignDepositLiabilitiesOtherTimeDeposit' xlink:type='arc' />
<link:calculationArc order='110' weight='-1.0' xlink:arcrole='http://www.xbrl.org/2003/arcrole/summation-item' xlink:from='loc_InterestExpenseForeignDepositLiabilities' xlink:to='loc_InterestExpenseForeignDepositLiabilitiesWithdrawalPenalties' xlink:type='arc' />
<link:calculationArc order='10' weight='1.0' xlink:arcrole='http://www.xbrl.org/2003/arcrole/summation-item' xlink:from='loc_OtherRealEstateCoveredPeriodIncreaseDecrease' xlink:to='loc_OtherRealEstateCoveredAdditions' xlink:type='arc' />
<link:calculationArc order='20' weight='1.0' xlink:arcrole='http://www.xbrl.org/2003/arcrole/summation-item' xlink:from='loc_OtherRealEstateCoveredPeriodIncreaseDecrease' xlink:to='loc_OtherRealEstateCoveredImprovements' xlink:type='arc' />
<link:calculationArc order='30' weight='-1.0' xlink:arcrole='http://www.xbrl.org/2003/arcrole/summation-item' xlink:from='loc_OtherRealEstateCoveredPeriodIncreaseDecrease' xlink:to='loc_OtherRealEstateCoveredDisposals' xlink:type='arc' />
<link:calculationArc order='40' weight='-1.0' xlink:arcrole='http://www.xbrl.org/2003/arcrole/summation-item' xlink:from='loc_OtherRealEstateCoveredPeriodIncreaseDecrease' xlink:to='loc_OtherRealEstateCoveredValuationAdjustments' xlink:type='arc' />
<link:calculationArc order='10' weight='1.0' xlink:arcrole='http://www.xbrl.org/2003/arcrole/summation-item' xlink:from='loc_OtherRealEstateNonCoveredPeriodIncreaseDecrease' xlink:to='loc_OtherRealEstateNonCoveredAdditions' xlink:type='arc' />
<link:calculationArc order='20' weight='1.0' xlink:arcrole='http://www.xbrl.org/2003/arcrole/summation-item' xlink:from='loc_OtherRealEstateNonCoveredPeriodIncreaseDecrease' xlink:to='loc_OtherRealEstateNonCoveredImprovements' xlink:type='arc' />
<link:calculationArc order='30' weight='-1.0' xlink:arcrole='http://www.xbrl.org/2003/arcrole/summation-item' xlink:from='loc_OtherRealEstateNonCoveredPeriodIncreaseDecrease' xlink:to='loc_OtherRealEstateNonCoveredDisposals' xlink:type='arc' />
<link:calculationArc order='40' weight='-1.0' xlink:arcrole='http://www.xbrl.org/2003/arcrole/summation-item' xlink:from='loc_OtherRealEstateNonCoveredPeriodIncreaseDecrease' xlink:to='loc_OtherRealEstateNonCoveredValuationAdjustments' xlink:type='arc' />
<link:calculationArc order='10' weight='1.0' xlink:arcrole='http://www.xbrl.org/2003/arcrole/summation-item' xlink:from='loc_OtherRealEstatePeriodIncreaseDecrease' xlink:to='loc_OtherRealEstateAdditions' xlink:type='arc' />
<link:calculationArc order='20' weight='1.0' xlink:arcrole='http://www.xbrl.org/2003/arcrole/summation-item' xlink:from='loc_OtherRealEstatePeriodIncreaseDecrease' xlink:to='loc_OtherRealEstateImprovements' xlink:type='arc' />
<link:calculationArc order='30' weight='-1.0' xlink:arcrole='http://www.xbrl.org/2003/arcrole/summation-item' xlink:from='loc_OtherRealEstatePeriodIncreaseDecrease' xlink:to='loc_OtherRealEstateDisposals' xlink:type='arc' />
<link:calculationArc order='40' weight='-1.0' xlink:arcrole='http://www.xbrl.org/2003/arcrole/summation-item' xlink:from='loc_OtherRealEstatePeriodIncreaseDecrease' xlink:to='loc_OtherRealEstateValuationAdjustments' xlink:type='arc' />
<link:calculationArc order='10' weight='1.0' xlink:arcrole='http://www.xbrl.org/2003/arcrole/summation-item' xlink:from='loc_RealEstateOwnedValuationAllowancePeriodIncreaseDecrease' xlink:to='loc_RealEstateOwnedValuationAllowanceProvision1' xlink:type='arc' />
<link:calculationArc order='20' weight='-1.0' xlink:arcrole='http://www.xbrl.org/2003/arcrole/summation-item' xlink:from='loc_RealEstateOwnedValuationAllowancePeriodIncreaseDecrease' xlink:to='loc_RealEstateOwnedValuationAllowanceValuationIncrease' xlink:type='arc' />
<link:calculationArc order='30' weight='-1.0' xlink:arcrole='http://www.xbrl.org/2003/arcrole/summation-item' xlink:from='loc_RealEstateOwnedValuationAllowancePeriodIncreaseDecrease' xlink:to='loc_RealEstateOwnedValuationAllowanceAmountsApplied' xlink:type='arc' />
<link:calculationArc order='10' weight='1.0' xlink:arcrole='http://www.xbrl.org/2003/arcrole/summation-item' xlink:from='loc_RealEstatePartnershipInvestmentSubsidiariesNetIncomeLossBeforeTax' xlink:to='loc_NetIncomeLossFromRealEstateInvestmentPartnershipAttributableToParent' xlink:type='arc' />
<link:calculationArc order='10' weight='1.0' xlink:arcrole='http://www.xbrl.org/2003/arcrole/summation-item' xlink:from='loc_NetIncomeLossFromRealEstateInvestmentPartnershipAttributableToParent' xlink:to='loc_NetIncomeLossFromRealEstateInvestmentPartnership' xlink:type='arc' />
<link:calculationArc order='10' weight='1.0' xlink:arcrole='http://www.xbrl.org/2003/arcrole/summation-item' xlink:from='loc_NetIncomeLossFromRealEstateInvestmentPartnership' xlink:to='loc_RealEstateInvestmentPartnershipRevenue' xlink:type='arc' />
<link:calculationArc order='20' weight='-1.0' xlink:arcrole='http://www.xbrl.org/2003/arcrole/summation-item' xlink:from='loc_NetIncomeLossFromRealEstateInvestmentPartnership' xlink:to='loc_RealEstateInvestmentPartnershipCostOfSales' xlink:type='arc' />
<link:calculationArc order='30' weight='-1.0' xlink:arcrole='http://www.xbrl.org/2003/arcrole/summation-item' xlink:from='loc_NetIncomeLossFromRealEstateInvestmentPartnership' xlink:to='loc_OtherExpenseFromRealEstatePartnershipOperations' xlink:type='arc' />
<link:calculationArc order='20' weight='-1.0' xlink:arcrole='http://www.xbrl.org/2003/arcrole/summation-item' xlink:from='loc_NetIncomeLossFromRealEstateInvestmentPartnershipAttributableToParent' xlink:to='loc_NetIncomeLossFromRealEstateInvestmentPartnershipAttributableToNoncontrollingInterest' xlink:type='arc' />
<link:calculationArc order='20' weight='1.0' xlink:arcrole='http://www.xbrl.org/2003/arcrole/summation-item' xlink:from='loc_RealEstatePartnershipInvestmentSubsidiariesNetIncomeLossBeforeTax' xlink:to='loc_OtherRevenueExpenseFromRealEstateOperations' xlink:type='arc' />
<link:calculationArc order='10' weight='1.0' xlink:arcrole='http://www.xbrl.org/2003/arcrole/summation-item' xlink:from='loc_SecuredDebt' xlink:to='loc_SecuredDebtRepurchaseAgreements' xlink:type='arc' />
<link:calculationArc order='20' weight='1.0' xlink:arcrole='http://www.xbrl.org/2003/arcrole/summation-item' xlink:from='loc_SecuredDebt' xlink:to='loc_SecuredDebtDollarRolls' xlink:type='arc' />
<link:calculationArc order='30' weight='1.0' xlink:arcrole='http://www.xbrl.org/2003/arcrole/summation-item' xlink:from='loc_SecuredDebt' xlink:to='loc_SecuredDebtOther' xlink:type='arc' />
<link:calculationArc order='10' weight='1.0' xlink:arcrole='http://www.xbrl.org/2003/arcrole/summation-item' xlink:from='loc_TimeDeposits100000OrMore' xlink:to='loc_ContractualMaturitiesTimeDeposits100000OrMoreThreeMonthsOrLess' xlink:type='arc' />
<link:calculationArc order='20' weight='1.0' xlink:arcrole='http://www.xbrl.org/2003/arcrole/summation-item' xlink:from='loc_TimeDeposits100000OrMore' xlink:to='loc_ContractualMaturitiesTimeDeposits100000OrMoreThreeMonthsThroughSixMonths' xlink:type='arc' />
<link:calculationArc order='30' weight='1.0' xlink:arcrole='http://www.xbrl.org/2003/arcrole/summation-item' xlink:from='loc_TimeDeposits100000OrMore' xlink:to='loc_ContractualMaturitiesTimeDeposits100000OrMoreSixMonthsThrough12Months' xlink:type='arc' />
<link:calculationArc order='40' weight='1.0' xlink:arcrole='http://www.xbrl.org/2003/arcrole/summation-item' xlink:from='loc_TimeDeposits100000OrMore' xlink:to='loc_ContractualMaturitiesTimeDeposits100000OrMoreAfter12Months' xlink:type='arc' />
</link:calculationLink>
</link:linkbase>
