<?xml version="1.0" encoding="UTF-8"?><!--
(c) 2010-2018 Financial Accounting Foundation; (c) 2007-2010 XBRL US, Inc.  All Right Reserved.
Notice: Authorized Uses are Set Forth at http://xbrl.fasb.org/terms/SRT_TermsConditions.html
  --><link:linkbase xmlns:link="http://www.xbrl.org/2003/linkbase" xmlns:xbrldt="http://xbrl.org/2005/xbrldt" xmlns:xlink="http://www.w3.org/1999/xlink" xmlns:xsi="http://www.w3.org/2001/XMLSchema-instance" xsi:schemaLocation="http://www.xbrl.org/2003/linkbase http://www.xbrl.org/2003/xbrl-linkbase-2003-12-31.xsd">
<link:roleRef roleURI="http://fasb.org/srt/role/disclosure/SECScheduleArticle12-15SummaryOfInvestments-OtherThanInvestmentsInRelatedParties" xlink:type="simple" xlink:href="../elts/srt-roles-2018-01-31.xsd#srt-sec-sum"/>
<link:presentationLink xlink:role="http://fasb.org/srt/role/disclosure/SECScheduleArticle12-15SummaryOfInvestments-OtherThanInvestmentsInRelatedParties" xlink:type="extended">
<link:loc xlink:label="loc_SummaryOfInvestmentsOtherThanInvestmentsInRelatedPartiesAbstract" xlink:type="locator" xlink:href="../elts/srt-2018-01-31.xsd#srt_SummaryOfInvestmentsOtherThanInvestmentsInRelatedPartiesAbstract"/>
<link:loc xlink:label="loc_SummaryOfInvestmentsOtherThanInvestmentsInRelatedPartiesTextBlock" xlink:type="locator" xlink:href="../elts/srt-2018-01-31.xsd#srt_SummaryOfInvestmentsOtherThanInvestmentsInRelatedPartiesTextBlock"/>
<link:loc xlink:label="loc_SummaryOfInvestmentsOtherThanInvestmentsInRelatedPartiesTable" xlink:type="locator" xlink:href="../elts/srt-2018-01-31.xsd#srt_SummaryOfInvestmentsOtherThanInvestmentsInRelatedPartiesTable"/>
<link:loc xlink:label="loc_SummaryOfInvestmentsOtherThanInvestmentsInRelatedPartiesReportableDataLineItems" xlink:type="locator" xlink:href="../elts/srt-2018-01-31.xsd#srt_SummaryOfInvestmentsOtherThanInvestmentsInRelatedPartiesReportableDataLineItems"/>
<link:loc xlink:label="loc_SummaryOfInvestmentsOtherThanInvestmentsInRelatedPartiesCarryingAmountExplanation" xlink:type="locator" xlink:href="../elts/srt-2018-01-31.xsd#srt_SummaryOfInvestmentsOtherThanInvestmentsInRelatedPartiesCarryingAmountExplanation"/>
<link:presentationArc order="10" xlink:arcrole="http://www.xbrl.org/2003/arcrole/parent-child" xlink:from="loc_SummaryOfInvestmentsOtherThanInvestmentsInRelatedPartiesAbstract" xlink:to="loc_SummaryOfInvestmentsOtherThanInvestmentsInRelatedPartiesTextBlock" xlink:type="arc"/>
<link:presentationArc order="10" xlink:arcrole="http://www.xbrl.org/2003/arcrole/parent-child" xlink:from="loc_SummaryOfInvestmentsOtherThanInvestmentsInRelatedPartiesTextBlock" xlink:to="loc_SummaryOfInvestmentsOtherThanInvestmentsInRelatedPartiesTable" xlink:type="arc"/>
<link:presentationArc order="10" xlink:arcrole="http://www.xbrl.org/2003/arcrole/parent-child" xlink:from="loc_SummaryOfInvestmentsOtherThanInvestmentsInRelatedPartiesTable" xlink:to="loc_SummaryOfInvestmentsOtherThanInvestmentsInRelatedPartiesReportableDataLineItems" xlink:type="arc"/>
<link:presentationArc order="40" xlink:arcrole="http://www.xbrl.org/2003/arcrole/parent-child" xlink:from="loc_SummaryOfInvestmentsOtherThanInvestmentsInRelatedPartiesReportableDataLineItems" xlink:to="loc_SummaryOfInvestmentsOtherThanInvestmentsInRelatedPartiesCarryingAmountExplanation" xlink:type="arc"/>
</link:presentationLink>
</link:linkbase>