<?xml version="1.0" encoding="UTF-8" standalone="no"?>

<!--Copyright (C) 2007-2009 XBRL US, Inc. All Rights Reserved.
Notice: Authorized Uses are Set Forth at http://xbrl.us/legal2009
  -->
<link:linkbase xmlns:link='http://www.xbrl.org/2003/linkbase' xmlns:xlink='http://www.w3.org/1999/xlink' xmlns:xsi='http://www.w3.org/2001/XMLSchema-instance' xsi:schemaLocation='http://www.xbrl.org/2003/linkbase http://www.xbrl.org/2003/xbrl-linkbase-2003-12-31.xsd'>
<link:roleRef roleURI='http://xbrl.us/us-gaap/role/statement/StatementOfIncomeSecuritiesBasedIncome' xlink:href='../elts/us-roles-2009-01-31.xsd#soi-sbi' xlink:type='simple' />
<calculationLink xlink:role='http://xbrl.us/us-gaap/role/statement/StatementOfIncomeSecuritiesBasedIncome' xlink:type='extended' xmlns='http://www.xbrl.org/2003/linkbase'>
<link:loc xlink:href='../elts/us-gaap-2009-01-31.xsd#us-gaap_EarningsPerShareBasic' xlink:label='loc_EarningsPerShareBasic' xlink:type='locator' />
<link:loc xlink:href='../elts/us-gaap-2009-01-31.xsd#us-gaap_CumulativeEffectOfChangeInAccountingPrincipleNetOfTaxPerBasicShare' xlink:label='loc_CumulativeEffectOfChangeInAccountingPrincipleNetOfTaxPerBasicShare' xlink:type='locator' />
<link:loc xlink:href='../elts/us-gaap-2009-01-31.xsd#us-gaap_IncomeLossBeforeCumulativeEffectOfChangeInAccountingPrinciplePerBasicShare' xlink:label='loc_IncomeLossBeforeCumulativeEffectOfChangeInAccountingPrinciplePerBasicShare' xlink:type='locator' />
<link:loc xlink:href='../elts/us-gaap-2009-01-31.xsd#us-gaap_IncomeLossFromExtraordinaryItemsNetOfTaxPerBasicShare' xlink:label='loc_IncomeLossFromExtraordinaryItemsNetOfTaxPerBasicShare' xlink:type='locator' />
<link:loc xlink:href='../elts/us-gaap-2009-01-31.xsd#us-gaap_IncomeLossBeforeExtraordinaryItemsAndCumulativeEffectOfChangeInAccountingPrinciplePerBasicShare' xlink:label='loc_IncomeLossBeforeExtraordinaryItemsAndCumulativeEffectOfChangeInAccountingPrinciplePerBasicShare' xlink:type='locator' />
<link:loc xlink:href='../elts/us-gaap-2009-01-31.xsd#us-gaap_IncomeLossFromContinuingOperationsPerBasicShare' xlink:label='loc_IncomeLossFromContinuingOperationsPerBasicShare' xlink:type='locator' />
<link:loc xlink:href='../elts/us-gaap-2009-01-31.xsd#us-gaap_IncomeLossFromDiscontinuedOperationsNetOfTaxPerBasicShare' xlink:label='loc_IncomeLossFromDiscontinuedOperationsNetOfTaxPerBasicShare' xlink:type='locator' />
<link:loc xlink:href='../elts/us-gaap-2009-01-31.xsd#us-gaap_EarningsPerShareDiluted' xlink:label='loc_EarningsPerShareDiluted' xlink:type='locator' />
<link:loc xlink:href='../elts/us-gaap-2009-01-31.xsd#us-gaap_CumulativeEffectOfChangeInAccountingPrincipleNetOfTaxPerDilutedShare' xlink:label='loc_CumulativeEffectOfChangeInAccountingPrincipleNetOfTaxPerDilutedShare' xlink:type='locator' />
<link:loc xlink:href='../elts/us-gaap-2009-01-31.xsd#us-gaap_IncomeLossBeforeCumulativeEffectOfChangeInAccountingPrinciplePerDilutedShare' xlink:label='loc_IncomeLossBeforeCumulativeEffectOfChangeInAccountingPrinciplePerDilutedShare' xlink:type='locator' />
<link:loc xlink:href='../elts/us-gaap-2009-01-31.xsd#us-gaap_IncomeLossFromExtraordinaryItemsNetOfTaxPerDilutedShare' xlink:label='loc_IncomeLossFromExtraordinaryItemsNetOfTaxPerDilutedShare' xlink:type='locator' />
<link:loc xlink:href='../elts/us-gaap-2009-01-31.xsd#us-gaap_IncomeLossBeforeExtraordinaryItemsAndCumulativeEffectOfChangeInAccountingPrinciplePerDilutedShare' xlink:label='loc_IncomeLossBeforeExtraordinaryItemsAndCumulativeEffectOfChangeInAccountingPrinciplePerDilutedShare' xlink:type='locator' />
<link:loc xlink:href='../elts/us-gaap-2009-01-31.xsd#us-gaap_IncomeLossFromContinuingOperationsPerDilutedShare' xlink:label='loc_IncomeLossFromContinuingOperationsPerDilutedShare' xlink:type='locator' />
<link:loc xlink:href='../elts/us-gaap-2009-01-31.xsd#us-gaap_IncomeLossFromDiscontinuedOperationsNetOfTaxPerDilutedShare' xlink:label='loc_IncomeLossFromDiscontinuedOperationsNetOfTaxPerDilutedShare' xlink:type='locator' />
<link:loc xlink:href='../elts/us-gaap-2009-01-31.xsd#us-gaap_DiscontinuedOperationAmountOfAdjustmentToPriorPeriodGainLossOnDisposalNetOfTax' xlink:label='loc_DiscontinuedOperationAmountOfAdjustmentToPriorPeriodGainLossOnDisposalNetOfTax' xlink:type='locator' />
<link:loc xlink:href='../elts/us-gaap-2009-01-31.xsd#us-gaap_DiscontinuedOperationAmountOfAdjustmentToPriorPeriodGainLossOnDisposalBeforeIncomeTax' xlink:label='loc_DiscontinuedOperationAmountOfAdjustmentToPriorPeriodGainLossOnDisposalBeforeIncomeTax' xlink:type='locator' />
<link:loc xlink:href='../elts/us-gaap-2009-01-31.xsd#us-gaap_DiscontinuedOperationTaxEffectOfAdjustmentToPriorPeriodGainLossOnDisposal' xlink:label='loc_DiscontinuedOperationTaxEffectOfAdjustmentToPriorPeriodGainLossOnDisposal' xlink:type='locator' />
<link:loc xlink:href='../elts/us-gaap-2009-01-31.xsd#us-gaap_DiscontinuedOperationAmountOfOtherIncomeLossFromDispositionOfDiscontinuedOperationNetOfTax' xlink:label='loc_DiscontinuedOperationAmountOfOtherIncomeLossFromDispositionOfDiscontinuedOperationNetOfTax' xlink:type='locator' />
<link:loc xlink:href='../elts/us-gaap-2009-01-31.xsd#us-gaap_DiscontinuedOperationAmountOfOtherIncomeLossFromDispositionOfDiscontinuedOperationsBeforeIncomeTax' xlink:label='loc_DiscontinuedOperationAmountOfOtherIncomeLossFromDispositionOfDiscontinuedOperationsBeforeIncomeTax' xlink:type='locator' />
<link:loc xlink:href='../elts/us-gaap-2009-01-31.xsd#us-gaap_DiscontinuedOperationTaxEffectOfOtherIncomeLossFromDispositionOfDiscontinuedOperation' xlink:label='loc_DiscontinuedOperationTaxEffectOfOtherIncomeLossFromDispositionOfDiscontinuedOperation' xlink:type='locator' />
<link:loc xlink:href='../elts/us-gaap-2009-01-31.xsd#us-gaap_DiscontinuedOperationGainLossOnDisposalOfDiscontinuedOperationNetOfTax' xlink:label='loc_DiscontinuedOperationGainLossOnDisposalOfDiscontinuedOperationNetOfTax' xlink:type='locator' />
<link:loc xlink:href='../elts/us-gaap-2009-01-31.xsd#us-gaap_DiscontinuedOperationGainLossFromDisposalOfDiscontinuedOperationBeforeIncomeTax' xlink:label='loc_DiscontinuedOperationGainLossFromDisposalOfDiscontinuedOperationBeforeIncomeTax' xlink:type='locator' />
<link:loc xlink:href='../elts/us-gaap-2009-01-31.xsd#us-gaap_DiscontinuedOperationTaxEffectOfIncomeLossFromDisposalOfDiscontinuedOperation' xlink:label='loc_DiscontinuedOperationTaxEffectOfIncomeLossFromDisposalOfDiscontinuedOperation' xlink:type='locator' />
<link:loc xlink:href='../elts/us-gaap-2009-01-31.xsd#us-gaap_DiscontinuedOperationIncomeLossFromDiscontinuedOperationDuringPhaseOutPeriodNetOfTax' xlink:label='loc_DiscontinuedOperationIncomeLossFromDiscontinuedOperationDuringPhaseOutPeriodNetOfTax' xlink:type='locator' />
<link:loc xlink:href='../elts/us-gaap-2009-01-31.xsd#us-gaap_DiscontinuedOperationIncomeLossFromDiscontinuedOperationDuringPhaseOutPeriodBeforeIncomeTax' xlink:label='loc_DiscontinuedOperationIncomeLossFromDiscontinuedOperationDuringPhaseOutPeriodBeforeIncomeTax' xlink:type='locator' />
<link:loc xlink:href='../elts/us-gaap-2009-01-31.xsd#us-gaap_DiscontinuedOperationTaxEffectOfIncomeLossFromDiscontinuedOperationDuringPhaseOutPeriod' xlink:label='loc_DiscontinuedOperationTaxEffectOfIncomeLossFromDiscontinuedOperationDuringPhaseOutPeriod' xlink:type='locator' />
<link:loc xlink:href='../elts/us-gaap-2009-01-31.xsd#us-gaap_DiscontinuedOperationProvisionForLossGainOnDisposalNetOfTax' xlink:label='loc_DiscontinuedOperationProvisionForLossGainOnDisposalNetOfTax' xlink:type='locator' />
<link:loc xlink:href='../elts/us-gaap-2009-01-31.xsd#us-gaap_DiscontinuedOperationProvisionForLossGainOnDisposalBeforeIncomeTax' xlink:label='loc_DiscontinuedOperationProvisionForLossGainOnDisposalBeforeIncomeTax' xlink:type='locator' />
<link:loc xlink:href='../elts/us-gaap-2009-01-31.xsd#us-gaap_DiscontinuedOperationTaxExpenseBenefitFromProvisionForGainLossOnDisposal' xlink:label='loc_DiscontinuedOperationTaxExpenseBenefitFromProvisionForGainLossOnDisposal' xlink:type='locator' />
<link:loc xlink:href='../elts/us-gaap-2009-01-31.xsd#us-gaap_IncomeLossFromContinuingOperations' xlink:label='loc_IncomeLossFromContinuingOperations' xlink:type='locator' />
<link:loc xlink:href='../elts/us-gaap-2009-01-31.xsd#us-gaap_IncomeLossFromContinuingOperationsIncludingPortionAttributableToNoncontrollingInterest' xlink:label='loc_IncomeLossFromContinuingOperationsIncludingPortionAttributableToNoncontrollingInterest' xlink:type='locator' />
<link:loc xlink:href='../elts/us-gaap-2009-01-31.xsd#us-gaap_IncomeLossFromContinuingOperationsBeforeIncomeTaxesMinorityInterestAndIncomeLossFromEquityMethodInvestments' xlink:label='loc_IncomeLossFromContinuingOperationsBeforeIncomeTaxesMinorityInterestAndIncomeLossFromEquityMethodInvestments' xlink:type='locator' />
<link:loc xlink:href='../elts/us-gaap-2009-01-31.xsd#us-gaap_RevenuesNetOfInterestExpense' xlink:label='loc_RevenuesNetOfInterestExpense' xlink:type='locator' />
<link:loc xlink:href='../elts/us-gaap-2009-01-31.xsd#us-gaap_Revenues' xlink:label='loc_Revenues' xlink:type='locator' />
<link:loc xlink:href='../elts/us-gaap-2009-01-31.xsd#us-gaap_InterestAndDividendIncomeOperating' xlink:label='loc_InterestAndDividendIncomeOperating' xlink:type='locator' />
<link:loc xlink:href='../elts/us-gaap-2009-01-31.xsd#us-gaap_InterestIncomeOperating' xlink:label='loc_InterestIncomeOperating' xlink:type='locator' />
<link:loc xlink:href='../elts/us-gaap-2009-01-31.xsd#us-gaap_DividendIncomeOperating' xlink:label='loc_DividendIncomeOperating' xlink:type='locator' />
<link:loc xlink:href='../elts/us-gaap-2009-01-31.xsd#us-gaap_RevenuesExcludingInterestAndDividends' xlink:label='loc_RevenuesExcludingInterestAndDividends' xlink:type='locator' />
<link:loc xlink:href='../elts/us-gaap-2009-01-31.xsd#us-gaap_BrokerageCommissionsRevenue' xlink:label='loc_BrokerageCommissionsRevenue' xlink:type='locator' />
<link:loc xlink:href='../elts/us-gaap-2009-01-31.xsd#us-gaap_InvestmentBankingRevenue' xlink:label='loc_InvestmentBankingRevenue' xlink:type='locator' />
<link:loc xlink:href='../elts/us-gaap-2009-01-31.xsd#us-gaap_UnderwritingIncomeLoss' xlink:label='loc_UnderwritingIncomeLoss' xlink:type='locator' />
<link:loc xlink:href='../elts/us-gaap-2009-01-31.xsd#us-gaap_PrincipalTransactionsRevenue' xlink:label='loc_PrincipalTransactionsRevenue' xlink:type='locator' />
<link:loc xlink:href='../elts/us-gaap-2009-01-31.xsd#us-gaap_TradingGainsLosses' xlink:label='loc_TradingGainsLosses' xlink:type='locator' />
<link:loc xlink:href='../elts/us-gaap-2009-01-31.xsd#us-gaap_PrincipalInvestmentGainsLosses' xlink:label='loc_PrincipalInvestmentGainsLosses' xlink:type='locator' />
<link:loc xlink:href='../elts/us-gaap-2009-01-31.xsd#us-gaap_FeesAndCommissions' xlink:label='loc_FeesAndCommissions' xlink:type='locator' />
<link:loc xlink:href='../elts/us-gaap-2009-01-31.xsd#us-gaap_FeesAndCommissionsTransferAgent' xlink:label='loc_FeesAndCommissionsTransferAgent' xlink:type='locator' />
<link:loc xlink:href='../elts/us-gaap-2009-01-31.xsd#us-gaap_FeesAndCommissionsCorrespondentClearing' xlink:label='loc_FeesAndCommissionsCorrespondentClearing' xlink:type='locator' />
<link:loc xlink:href='../elts/us-gaap-2009-01-31.xsd#us-gaap_FeesAndCommissionsFiduciaryAndTrustActivities' xlink:label='loc_FeesAndCommissionsFiduciaryAndTrustActivities' xlink:type='locator' />
<link:loc xlink:href='../elts/us-gaap-2009-01-31.xsd#us-gaap_InsuranceCommissionsAndFees' xlink:label='loc_InsuranceCommissionsAndFees' xlink:type='locator' />
<link:loc xlink:href='../elts/us-gaap-2009-01-31.xsd#us-gaap_AssetManagementFees' xlink:label='loc_AssetManagementFees' xlink:type='locator' />
<link:loc xlink:href='../elts/us-gaap-2009-01-31.xsd#us-gaap_PerformanceFees' xlink:label='loc_PerformanceFees' xlink:type='locator' />
<link:loc xlink:href='../elts/us-gaap-2009-01-31.xsd#us-gaap_InvestmentAdvisoryFees' xlink:label='loc_InvestmentAdvisoryFees' xlink:type='locator' />
<link:loc xlink:href='../elts/us-gaap-2009-01-31.xsd#us-gaap_BankingFeesAndCommissions' xlink:label='loc_BankingFeesAndCommissions' xlink:type='locator' />
<link:loc xlink:href='../elts/us-gaap-2009-01-31.xsd#us-gaap_FeesAndCommissionsDepositorAccounts' xlink:label='loc_FeesAndCommissionsDepositorAccounts' xlink:type='locator' />
<link:loc xlink:href='../elts/us-gaap-2009-01-31.xsd#us-gaap_FeesAndCommissionsMortgageBanking' xlink:label='loc_FeesAndCommissionsMortgageBanking' xlink:type='locator' />
<link:loc xlink:href='../elts/us-gaap-2009-01-31.xsd#us-gaap_GuarantyFeeIncome' xlink:label='loc_GuarantyFeeIncome' xlink:type='locator' />
<link:loc xlink:href='../elts/us-gaap-2009-01-31.xsd#us-gaap_ServicingFeesNet' xlink:label='loc_ServicingFeesNet' xlink:type='locator' />
<link:loc xlink:href='../elts/us-gaap-2009-01-31.xsd#us-gaap_FeesAndCommissionsCreditCards' xlink:label='loc_FeesAndCommissionsCreditCards' xlink:type='locator' />
<link:loc xlink:href='../elts/us-gaap-2009-01-31.xsd#us-gaap_FeesAndCommissionsOther' xlink:label='loc_FeesAndCommissionsOther' xlink:type='locator' />
<link:loc xlink:href='../elts/us-gaap-2009-01-31.xsd#us-gaap_InsuranceServicesRevenue' xlink:label='loc_InsuranceServicesRevenue' xlink:type='locator' />
<link:loc xlink:href='../elts/us-gaap-2009-01-31.xsd#us-gaap_InterestExpense' xlink:label='loc_InterestExpense' xlink:type='locator' />
<link:loc xlink:href='../elts/us-gaap-2009-01-31.xsd#us-gaap_OperatingExpenses' xlink:label='loc_OperatingExpenses' xlink:type='locator' />
<link:loc xlink:href='../elts/us-gaap-2009-01-31.xsd#us-gaap_LaborAndRelatedExpense' xlink:label='loc_LaborAndRelatedExpense' xlink:type='locator' />
<link:loc xlink:href='../elts/us-gaap-2009-01-31.xsd#us-gaap_SalariesAndWages' xlink:label='loc_SalariesAndWages' xlink:type='locator' />
<link:loc xlink:href='../elts/us-gaap-2009-01-31.xsd#us-gaap_OfficersCompensation' xlink:label='loc_OfficersCompensation' xlink:type='locator' />
<link:loc xlink:href='../elts/us-gaap-2009-01-31.xsd#us-gaap_PensionAndOtherPostretirementBenefitExpense' xlink:label='loc_PensionAndOtherPostretirementBenefitExpense' xlink:type='locator' />
<link:loc xlink:href='../elts/us-gaap-2009-01-31.xsd#us-gaap_OtherLaborRelatedExpenses' xlink:label='loc_OtherLaborRelatedExpenses' xlink:type='locator' />
<link:loc xlink:href='../elts/us-gaap-2009-01-31.xsd#us-gaap_AllocatedShareBasedCompensationExpense' xlink:label='loc_AllocatedShareBasedCompensationExpense' xlink:type='locator' />
<link:loc xlink:href='../elts/us-gaap-2009-01-31.xsd#us-gaap_FloorBrokerageExchangeAndClearanceFees' xlink:label='loc_FloorBrokerageExchangeAndClearanceFees' xlink:type='locator' />
<link:loc xlink:href='../elts/us-gaap-2009-01-31.xsd#us-gaap_FloorBrokerage' xlink:label='loc_FloorBrokerage' xlink:type='locator' />
<link:loc xlink:href='../elts/us-gaap-2009-01-31.xsd#us-gaap_ExchangeFees' xlink:label='loc_ExchangeFees' xlink:type='locator' />
<link:loc xlink:href='../elts/us-gaap-2009-01-31.xsd#us-gaap_OrderFlowFees' xlink:label='loc_OrderFlowFees' xlink:type='locator' />
<link:loc xlink:href='../elts/us-gaap-2009-01-31.xsd#us-gaap_ClearanceFees' xlink:label='loc_ClearanceFees' xlink:type='locator' />
<link:loc xlink:href='../elts/us-gaap-2009-01-31.xsd#us-gaap_ProfessionalFees' xlink:label='loc_ProfessionalFees' xlink:type='locator' />
<link:loc xlink:href='../elts/us-gaap-2009-01-31.xsd#us-gaap_CommunicationsInformationTechnologyAndOccupancy' xlink:label='loc_CommunicationsInformationTechnologyAndOccupancy' xlink:type='locator' />
<link:loc xlink:href='../elts/us-gaap-2009-01-31.xsd#us-gaap_CommunicationsAndInformationTechnology' xlink:label='loc_CommunicationsAndInformationTechnology' xlink:type='locator' />
<link:loc xlink:href='../elts/us-gaap-2009-01-31.xsd#us-gaap_Communication' xlink:label='loc_Communication' xlink:type='locator' />
<link:loc xlink:href='../elts/us-gaap-2009-01-31.xsd#us-gaap_InformationTechnologyAndDataProcessing' xlink:label='loc_InformationTechnologyAndDataProcessing' xlink:type='locator' />
<link:loc xlink:href='../elts/us-gaap-2009-01-31.xsd#us-gaap_OccupancyNet' xlink:label='loc_OccupancyNet' xlink:type='locator' />
<link:loc xlink:href='../elts/us-gaap-2009-01-31.xsd#us-gaap_MarketingAndAdvertisingExpense' xlink:label='loc_MarketingAndAdvertisingExpense' xlink:type='locator' />
<link:loc xlink:href='../elts/us-gaap-2009-01-31.xsd#us-gaap_MarketingExpense' xlink:label='loc_MarketingExpense' xlink:type='locator' />
<link:loc xlink:href='../elts/us-gaap-2009-01-31.xsd#us-gaap_AdvertisingExpense' xlink:label='loc_AdvertisingExpense' xlink:type='locator' />
<link:loc xlink:href='../elts/us-gaap-2009-01-31.xsd#us-gaap_DepreciationAndAmortization' xlink:label='loc_DepreciationAndAmortization' xlink:type='locator' />
<link:loc xlink:href='../elts/us-gaap-2009-01-31.xsd#us-gaap_DepreciationNonproduction' xlink:label='loc_DepreciationNonproduction' xlink:type='locator' />
<link:loc xlink:href='../elts/us-gaap-2009-01-31.xsd#us-gaap_AmortizationOfDeferredCharges' xlink:label='loc_AmortizationOfDeferredCharges' xlink:type='locator' />
<link:loc xlink:href='../elts/us-gaap-2009-01-31.xsd#us-gaap_AmortizationOfIntangibleAssets' xlink:label='loc_AmortizationOfIntangibleAssets' xlink:type='locator' />
<link:loc xlink:href='../elts/us-gaap-2009-01-31.xsd#us-gaap_AmortizationOfMortgageServicingRightsMSRs' xlink:label='loc_AmortizationOfMortgageServicingRightsMSRs' xlink:type='locator' />
<link:loc xlink:href='../elts/us-gaap-2009-01-31.xsd#us-gaap_AmortizationOfAcquisitionCosts' xlink:label='loc_AmortizationOfAcquisitionCosts' xlink:type='locator' />
<link:loc xlink:href='../elts/us-gaap-2009-01-31.xsd#us-gaap_AmortizationOfDeferredSalesCommissions' xlink:label='loc_AmortizationOfDeferredSalesCommissions' xlink:type='locator' />
<link:loc xlink:href='../elts/us-gaap-2009-01-31.xsd#us-gaap_AmortizationOfFinancingCosts' xlink:label='loc_AmortizationOfFinancingCosts' xlink:type='locator' />
<link:loc xlink:href='../elts/us-gaap-2009-01-31.xsd#us-gaap_AmortizationOfDeferredLeasingFees' xlink:label='loc_AmortizationOfDeferredLeasingFees' xlink:type='locator' />
<link:loc xlink:href='../elts/us-gaap-2009-01-31.xsd#us-gaap_OtherAmortizationOfDeferredCharges' xlink:label='loc_OtherAmortizationOfDeferredCharges' xlink:type='locator' />
<link:loc xlink:href='../elts/us-gaap-2009-01-31.xsd#us-gaap_OtherDepreciationAndAmortization' xlink:label='loc_OtherDepreciationAndAmortization' xlink:type='locator' />
<link:loc xlink:href='../elts/us-gaap-2009-01-31.xsd#us-gaap_SuppliesAndPostageExpense' xlink:label='loc_SuppliesAndPostageExpense' xlink:type='locator' />
<link:loc xlink:href='../elts/us-gaap-2009-01-31.xsd#us-gaap_SuppliesExpense' xlink:label='loc_SuppliesExpense' xlink:type='locator' />
<link:loc xlink:href='../elts/us-gaap-2009-01-31.xsd#us-gaap_PostageExpense' xlink:label='loc_PostageExpense' xlink:type='locator' />
<link:loc xlink:href='../elts/us-gaap-2009-01-31.xsd#us-gaap_RestructuringSettlementAndImpairmentProvisions' xlink:label='loc_RestructuringSettlementAndImpairmentProvisions' xlink:type='locator' />
<link:loc xlink:href='../elts/us-gaap-2009-01-31.xsd#us-gaap_RestructuringCharges' xlink:label='loc_RestructuringCharges' xlink:type='locator' />
<link:loc xlink:href='../elts/us-gaap-2009-01-31.xsd#us-gaap_BusinessExitCosts' xlink:label='loc_BusinessExitCosts' xlink:type='locator' />
<link:loc xlink:href='../elts/us-gaap-2009-01-31.xsd#us-gaap_RecapitalizationCosts' xlink:label='loc_RecapitalizationCosts' xlink:type='locator' />
<link:loc xlink:href='../elts/us-gaap-2009-01-31.xsd#us-gaap_SeveranceCosts' xlink:label='loc_SeveranceCosts' xlink:type='locator' />
<link:loc xlink:href='../elts/us-gaap-2009-01-31.xsd#us-gaap_OtherRestructuringCosts' xlink:label='loc_OtherRestructuringCosts' xlink:type='locator' />
<link:loc xlink:href='../elts/us-gaap-2009-01-31.xsd#us-gaap_BusinessCombinationAcquisitionRelatedCosts' xlink:label='loc_BusinessCombinationAcquisitionRelatedCosts' xlink:type='locator' />
<link:loc xlink:href='../elts/us-gaap-2009-01-31.xsd#us-gaap_MergerAndAcquisitionCosts' xlink:label='loc_MergerAndAcquisitionCosts' xlink:type='locator' />
<link:loc xlink:href='../elts/us-gaap-2009-01-31.xsd#us-gaap_DefinedBenefitPlanRecognizedNetGainLossDueToSettlements' xlink:label='loc_DefinedBenefitPlanRecognizedNetGainLossDueToSettlements' xlink:type='locator' />
<link:loc xlink:href='../elts/us-gaap-2009-01-31.xsd#us-gaap_GainOnBusinessInterruptionInsuranceRecovery' xlink:label='loc_GainOnBusinessInterruptionInsuranceRecovery' xlink:type='locator' />
<link:loc xlink:href='../elts/us-gaap-2009-01-31.xsd#us-gaap_DisposalGroupNotDiscontinuedOperationLossGainOnWriteDown' xlink:label='loc_DisposalGroupNotDiscontinuedOperationLossGainOnWriteDown' xlink:type='locator' />
<link:loc xlink:href='../elts/us-gaap-2009-01-31.xsd#us-gaap_EnvironmentalRemediationExpense' xlink:label='loc_EnvironmentalRemediationExpense' xlink:type='locator' />
<link:loc xlink:href='../elts/us-gaap-2009-01-31.xsd#us-gaap_AssetImpairmentCharges' xlink:label='loc_AssetImpairmentCharges' xlink:type='locator' />
<link:loc xlink:href='../elts/us-gaap-2009-01-31.xsd#us-gaap_GainLossRelatedToLitigationSettlement' xlink:label='loc_GainLossRelatedToLitigationSettlement' xlink:type='locator' />
<link:loc xlink:href='../elts/us-gaap-2009-01-31.xsd#us-gaap_OtherNonrecurringIncomeExpense' xlink:label='loc_OtherNonrecurringIncomeExpense' xlink:type='locator' />
<link:loc xlink:href='../elts/us-gaap-2009-01-31.xsd#us-gaap_OtherNonrecurringIncome' xlink:label='loc_OtherNonrecurringIncome' xlink:type='locator' />
<link:loc xlink:href='../elts/us-gaap-2009-01-31.xsd#us-gaap_OtherNonrecurringExpense' xlink:label='loc_OtherNonrecurringExpense' xlink:type='locator' />
<link:loc xlink:href='../elts/us-gaap-2009-01-31.xsd#us-gaap_OtherExpenses' xlink:label='loc_OtherExpenses' xlink:type='locator' />
<link:loc xlink:href='../elts/us-gaap-2009-01-31.xsd#us-gaap_RoyaltyExpense' xlink:label='loc_RoyaltyExpense' xlink:type='locator' />
<link:loc xlink:href='../elts/us-gaap-2009-01-31.xsd#us-gaap_PreOpeningCosts' xlink:label='loc_PreOpeningCosts' xlink:type='locator' />
<link:loc xlink:href='../elts/us-gaap-2009-01-31.xsd#us-gaap_LegalFees' xlink:label='loc_LegalFees' xlink:type='locator' />
<link:loc xlink:href='../elts/us-gaap-2009-01-31.xsd#us-gaap_AssetRetirementObligationAccretionExpense' xlink:label='loc_AssetRetirementObligationAccretionExpense' xlink:type='locator' />
<link:loc xlink:href='../elts/us-gaap-2009-01-31.xsd#us-gaap_GainsLossesOnRecourseDebt' xlink:label='loc_GainsLossesOnRecourseDebt' xlink:type='locator' />
<link:loc xlink:href='../elts/us-gaap-2009-01-31.xsd#us-gaap_GainLossOnDispositionOfAssets' xlink:label='loc_GainLossOnDispositionOfAssets' xlink:type='locator' />
<link:loc xlink:href='../elts/us-gaap-2009-01-31.xsd#us-gaap_InducedConversionOfConvertibleDebtExpense' xlink:label='loc_InducedConversionOfConvertibleDebtExpense' xlink:type='locator' />
<link:loc xlink:href='../elts/us-gaap-2009-01-31.xsd#us-gaap_GeneralAndAdministrativeExpense' xlink:label='loc_GeneralAndAdministrativeExpense' xlink:type='locator' />
<link:loc xlink:href='../elts/us-gaap-2009-01-31.xsd#us-gaap_BusinessDevelopment' xlink:label='loc_BusinessDevelopment' xlink:type='locator' />
<link:loc xlink:href='../elts/us-gaap-2009-01-31.xsd#us-gaap_GeneralInsuranceExpense' xlink:label='loc_GeneralInsuranceExpense' xlink:type='locator' />
<link:loc xlink:href='../elts/us-gaap-2009-01-31.xsd#us-gaap_TravelAndEntertainmentExpense' xlink:label='loc_TravelAndEntertainmentExpense' xlink:type='locator' />
<link:loc xlink:href='../elts/us-gaap-2009-01-31.xsd#us-gaap_TaxesExcludingIncomeAndExciseTaxes' xlink:label='loc_TaxesExcludingIncomeAndExciseTaxes' xlink:type='locator' />
<link:loc xlink:href='../elts/us-gaap-2009-01-31.xsd#us-gaap_OtherGeneralAndAdministrativeExpense' xlink:label='loc_OtherGeneralAndAdministrativeExpense' xlink:type='locator' />
<link:loc xlink:href='../elts/us-gaap-2009-01-31.xsd#us-gaap_GainsLossesOnSalesOfAssets' xlink:label='loc_GainsLossesOnSalesOfAssets' xlink:type='locator' />
<link:loc xlink:href='../elts/us-gaap-2009-01-31.xsd#us-gaap_GainLossOnSecuritizationOfFinancialAssets' xlink:label='loc_GainLossOnSecuritizationOfFinancialAssets' xlink:type='locator' />
<link:loc xlink:href='../elts/us-gaap-2009-01-31.xsd#us-gaap_GainLossOnSalesOfLoansNet' xlink:label='loc_GainLossOnSalesOfLoansNet' xlink:type='locator' />
<link:loc xlink:href='../elts/us-gaap-2009-01-31.xsd#us-gaap_GainLossOnSalesOfMortgageBackedSecuritiesMBS' xlink:label='loc_GainLossOnSalesOfMortgageBackedSecuritiesMBS' xlink:type='locator' />
<link:loc xlink:href='../elts/us-gaap-2009-01-31.xsd#us-gaap_GainLossOnSaleOfCapitalLeasesNet' xlink:label='loc_GainLossOnSaleOfCapitalLeasesNet' xlink:type='locator' />
<link:loc xlink:href='../elts/us-gaap-2009-01-31.xsd#us-gaap_GainLossOnSaleOfLeasedAssetsNetOperatingLeases' xlink:label='loc_GainLossOnSaleOfLeasedAssetsNetOperatingLeases' xlink:type='locator' />
<link:loc xlink:href='../elts/us-gaap-2009-01-31.xsd#us-gaap_GainsLossesOnSalesOfCreditCardPortfolio' xlink:label='loc_GainsLossesOnSalesOfCreditCardPortfolio' xlink:type='locator' />
<link:loc xlink:href='../elts/us-gaap-2009-01-31.xsd#us-gaap_GainsLossesOnSalesOfOtherRealEstate' xlink:label='loc_GainsLossesOnSalesOfOtherRealEstate' xlink:type='locator' />
<link:loc xlink:href='../elts/us-gaap-2009-01-31.xsd#us-gaap_GainLossOnSaleOfStockInSubsidiaryOrEquityMethodInvestee' xlink:label='loc_GainLossOnSaleOfStockInSubsidiaryOrEquityMethodInvestee' xlink:type='locator' />
<link:loc xlink:href='../elts/us-gaap-2009-01-31.xsd#us-gaap_GainLossOnDispositionOfProperty' xlink:label='loc_GainLossOnDispositionOfProperty' xlink:type='locator' />
<link:loc xlink:href='../elts/us-gaap-2009-01-31.xsd#us-gaap_GainsLossesOnSalesOfOtherAssets' xlink:label='loc_GainsLossesOnSalesOfOtherAssets' xlink:type='locator' />
<link:loc xlink:href='../elts/us-gaap-2009-01-31.xsd#us-gaap_GainsLossesOnExtinguishmentOfDebt' xlink:label='loc_GainsLossesOnExtinguishmentOfDebt' xlink:type='locator' />
<link:loc xlink:href='../elts/us-gaap-2009-01-31.xsd#us-gaap_GainsLossesOnExtinguishmentOfDebtBeforeWriteOffOfDeferredDebtIssuanceCost' xlink:label='loc_GainsLossesOnExtinguishmentOfDebtBeforeWriteOffOfDeferredDebtIssuanceCost' xlink:type='locator' />
<link:loc xlink:href='../elts/us-gaap-2009-01-31.xsd#us-gaap_WriteOffOfDeferredDebtIssuanceCost' xlink:label='loc_WriteOffOfDeferredDebtIssuanceCost' xlink:type='locator' />
<link:loc xlink:href='../elts/us-gaap-2009-01-31.xsd#us-gaap_GainLossOnDerivativeInstrumentsNetPretax' xlink:label='loc_GainLossOnDerivativeInstrumentsNetPretax' xlink:type='locator' />
<link:loc xlink:href='../elts/us-gaap-2009-01-31.xsd#us-gaap_GainLossFromPriceRiskManagementActivity' xlink:label='loc_GainLossFromPriceRiskManagementActivity' xlink:type='locator' />
<link:loc xlink:href='../elts/us-gaap-2009-01-31.xsd#us-gaap_GainLossOnOilAndGasHedgingActivity' xlink:label='loc_GainLossOnOilAndGasHedgingActivity' xlink:type='locator' />
<link:loc xlink:href='../elts/us-gaap-2009-01-31.xsd#us-gaap_GainLossOnDerivativeInstrumentsHeldForTradingPurposesNet' xlink:label='loc_GainLossOnDerivativeInstrumentsHeldForTradingPurposesNet' xlink:type='locator' />
<link:loc xlink:href='../elts/us-gaap-2009-01-31.xsd#us-gaap_IncreaseDecreaseInFairValueOfUnhedgedDerivativeInstruments' xlink:label='loc_IncreaseDecreaseInFairValueOfUnhedgedDerivativeInstruments' xlink:type='locator' />
<link:loc xlink:href='../elts/us-gaap-2009-01-31.xsd#us-gaap_NonoperatingGainsLosses' xlink:label='loc_NonoperatingGainsLosses' xlink:type='locator' />
<link:loc xlink:href='../elts/us-gaap-2009-01-31.xsd#us-gaap_DisposalGroupNotDiscontinuedOperationGainLossOnDisposal' xlink:label='loc_DisposalGroupNotDiscontinuedOperationGainLossOnDisposal' xlink:type='locator' />
<link:loc xlink:href='../elts/us-gaap-2009-01-31.xsd#us-gaap_GainLossOnSaleOfPreviouslyUnissuedStockBySubsidiaryOrEquityInvesteeNonoperatingIncome' xlink:label='loc_GainLossOnSaleOfPreviouslyUnissuedStockBySubsidiaryOrEquityInvesteeNonoperatingIncome' xlink:type='locator' />
<link:loc xlink:href='../elts/us-gaap-2009-01-31.xsd#us-gaap_OtherNonoperatingGainsLosses' xlink:label='loc_OtherNonoperatingGainsLosses' xlink:type='locator' />
<link:loc xlink:href='../elts/us-gaap-2009-01-31.xsd#us-gaap_IncomeTaxExpenseBenefit' xlink:label='loc_IncomeTaxExpenseBenefit' xlink:type='locator' />
<link:loc xlink:href='../elts/us-gaap-2009-01-31.xsd#us-gaap_CurrentIncomeTaxExpenseBenefit' xlink:label='loc_CurrentIncomeTaxExpenseBenefit' xlink:type='locator' />
<link:loc xlink:href='../elts/us-gaap-2009-01-31.xsd#us-gaap_CurrentFederalTaxExpenseBenefit' xlink:label='loc_CurrentFederalTaxExpenseBenefit' xlink:type='locator' />
<link:loc xlink:href='../elts/us-gaap-2009-01-31.xsd#us-gaap_CurrentStateAndLocalTaxExpenseBenefit' xlink:label='loc_CurrentStateAndLocalTaxExpenseBenefit' xlink:type='locator' />
<link:loc xlink:href='../elts/us-gaap-2009-01-31.xsd#us-gaap_CurrentForeignTaxExpenseBenefit' xlink:label='loc_CurrentForeignTaxExpenseBenefit' xlink:type='locator' />
<link:loc xlink:href='../elts/us-gaap-2009-01-31.xsd#us-gaap_DeferredIncomeTaxExpenseBenefit' xlink:label='loc_DeferredIncomeTaxExpenseBenefit' xlink:type='locator' />
<link:loc xlink:href='../elts/us-gaap-2009-01-31.xsd#us-gaap_DeferredFederalIncomeTaxExpenseBenefit' xlink:label='loc_DeferredFederalIncomeTaxExpenseBenefit' xlink:type='locator' />
<link:loc xlink:href='../elts/us-gaap-2009-01-31.xsd#us-gaap_DeferredStateAndLocalIncomeTaxExpenseBenefit' xlink:label='loc_DeferredStateAndLocalIncomeTaxExpenseBenefit' xlink:type='locator' />
<link:loc xlink:href='../elts/us-gaap-2009-01-31.xsd#us-gaap_DeferredForeignIncomeTaxExpenseBenefit' xlink:label='loc_DeferredForeignIncomeTaxExpenseBenefit' xlink:type='locator' />
<link:loc xlink:href='../elts/us-gaap-2009-01-31.xsd#us-gaap_OtherTaxExpenseBenefit' xlink:label='loc_OtherTaxExpenseBenefit' xlink:type='locator' />
<link:loc xlink:href='../elts/us-gaap-2009-01-31.xsd#us-gaap_DeferredOtherTaxExpenseBenefit' xlink:label='loc_DeferredOtherTaxExpenseBenefit' xlink:type='locator' />
<link:loc xlink:href='../elts/us-gaap-2009-01-31.xsd#us-gaap_TaxAdjustmentsSettlementsAndUnusualProvisions' xlink:label='loc_TaxAdjustmentsSettlementsAndUnusualProvisions' xlink:type='locator' />
<link:loc xlink:href='../elts/us-gaap-2009-01-31.xsd#us-gaap_IncomeLossFromEquityMethodInvestments' xlink:label='loc_IncomeLossFromEquityMethodInvestments' xlink:type='locator' />
<link:loc xlink:href='../elts/us-gaap-2009-01-31.xsd#us-gaap_IncomeLossFromContinuingOperationsAttributableToNoncontrollingEntity' xlink:label='loc_IncomeLossFromContinuingOperationsAttributableToNoncontrollingEntity' xlink:type='locator' />
<link:loc xlink:href='../elts/us-gaap-2009-01-31.xsd#us-gaap_NetIncomeLossAvailableToCommonStockholdersBasic' xlink:label='loc_NetIncomeLossAvailableToCommonStockholdersBasic' xlink:type='locator' />
<link:loc xlink:href='../elts/us-gaap-2009-01-31.xsd#us-gaap_NetIncomeLoss' xlink:label='loc_NetIncomeLoss' xlink:type='locator' />
<link:loc xlink:href='../elts/us-gaap-2009-01-31.xsd#us-gaap_ProfitLoss' xlink:label='loc_ProfitLoss' xlink:type='locator' />
<link:loc xlink:href='../elts/us-gaap-2009-01-31.xsd#us-gaap_CumulativeEffectOfChangeInAccountingPrinciplePresentedOnIncomeStatementNetOfTax' xlink:label='loc_CumulativeEffectOfChangeInAccountingPrinciplePresentedOnIncomeStatementNetOfTax' xlink:type='locator' />
<link:loc xlink:href='../elts/us-gaap-2009-01-31.xsd#us-gaap_CumulativeEffectOfChangeInAccountingPrinciplePresentedOnIncomeStatementBeforeTax' xlink:label='loc_CumulativeEffectOfChangeInAccountingPrinciplePresentedOnIncomeStatementBeforeTax' xlink:type='locator' />
<link:loc xlink:href='../elts/us-gaap-2009-01-31.xsd#us-gaap_CumulativeEffectOfChangeInAccountingPrinciplePresentedOnIncomeStatementTax' xlink:label='loc_CumulativeEffectOfChangeInAccountingPrinciplePresentedOnIncomeStatementTax' xlink:type='locator' />
<link:loc xlink:href='../elts/us-gaap-2009-01-31.xsd#us-gaap_IncomeLossBeforeCumulativeEffectOfChangeInAccountingPrinciple' xlink:label='loc_IncomeLossBeforeCumulativeEffectOfChangeInAccountingPrinciple' xlink:type='locator' />
<link:loc xlink:href='../elts/us-gaap-2009-01-31.xsd#us-gaap_ExtraordinaryItemNetOfTax' xlink:label='loc_ExtraordinaryItemNetOfTax' xlink:type='locator' />
<link:loc xlink:href='../elts/us-gaap-2009-01-31.xsd#us-gaap_ExtraordinaryItemsGross' xlink:label='loc_ExtraordinaryItemsGross' xlink:type='locator' />
<link:loc xlink:href='../elts/us-gaap-2009-01-31.xsd#us-gaap_GainOnPurchaseOfBusiness' xlink:label='loc_GainOnPurchaseOfBusiness' xlink:type='locator' />
<link:loc xlink:href='../elts/us-gaap-2009-01-31.xsd#us-gaap_GainLossFromAdjustmentsToPriorPeriodExtraordinaryItems' xlink:label='loc_GainLossFromAdjustmentsToPriorPeriodExtraordinaryItems' xlink:type='locator' />
<link:loc xlink:href='../elts/us-gaap-2009-01-31.xsd#us-gaap_ExtraordinaryItemOfInvestee' xlink:label='loc_ExtraordinaryItemOfInvestee' xlink:type='locator' />
<link:loc xlink:href='../elts/us-gaap-2009-01-31.xsd#us-gaap_OtherExtraordinaryGainLoss' xlink:label='loc_OtherExtraordinaryGainLoss' xlink:type='locator' />
<link:loc xlink:href='../elts/us-gaap-2009-01-31.xsd#us-gaap_TaxEffectOfExtraordinaryItem' xlink:label='loc_TaxEffectOfExtraordinaryItem' xlink:type='locator' />
<link:loc xlink:href='../elts/us-gaap-2009-01-31.xsd#us-gaap_IncomeLossBeforeExtraordinaryItemsAndCumulativeEffectOfChangeInAccountingPrinciple' xlink:label='loc_IncomeLossBeforeExtraordinaryItemsAndCumulativeEffectOfChangeInAccountingPrinciple' xlink:type='locator' />
<link:loc xlink:href='../elts/us-gaap-2009-01-31.xsd#us-gaap_IncomeLossFromDiscontinuedOperationsNetOfTax' xlink:label='loc_IncomeLossFromDiscontinuedOperationsNetOfTax' xlink:type='locator' />
<link:loc xlink:href='../elts/us-gaap-2009-01-31.xsd#us-gaap_DiscontinuedOperationIncomeLossFromDiscontinuedOperationBeforeIncomeTax' xlink:label='loc_DiscontinuedOperationIncomeLossFromDiscontinuedOperationBeforeIncomeTax' xlink:type='locator' />
<link:loc xlink:href='../elts/us-gaap-2009-01-31.xsd#us-gaap_DiscontinuedOperationTaxEffectOfDiscontinuedOperation' xlink:label='loc_DiscontinuedOperationTaxEffectOfDiscontinuedOperation' xlink:type='locator' />
<link:loc xlink:href='../elts/us-gaap-2009-01-31.xsd#us-gaap_NetIncomeLossAttributableToNoncontrollingInterest' xlink:label='loc_NetIncomeLossAttributableToNoncontrollingInterest' xlink:type='locator' />
<link:loc xlink:href='../elts/us-gaap-2009-01-31.xsd#us-gaap_MinorityInterestInNetIncomeLossPreferredUnitHolders' xlink:label='loc_MinorityInterestInNetIncomeLossPreferredUnitHolders' xlink:type='locator' />
<link:loc xlink:href='../elts/us-gaap-2009-01-31.xsd#us-gaap_MinorityInterestInNetIncomeLossLimitedPartnerships' xlink:label='loc_MinorityInterestInNetIncomeLossLimitedPartnerships' xlink:type='locator' />
<link:loc xlink:href='../elts/us-gaap-2009-01-31.xsd#us-gaap_MinorityInterestInNetIncomeLossJointVenturePartners' xlink:label='loc_MinorityInterestInNetIncomeLossJointVenturePartners' xlink:type='locator' />
<link:loc xlink:href='../elts/us-gaap-2009-01-31.xsd#us-gaap_MinorityInterestInNetIncomeLossOperatingPartnerships' xlink:label='loc_MinorityInterestInNetIncomeLossOperatingPartnerships' xlink:type='locator' />
<link:loc xlink:href='../elts/us-gaap-2009-01-31.xsd#us-gaap_MinorityInterestInNetIncomeLossOtherMinorityInterests' xlink:label='loc_MinorityInterestInNetIncomeLossOtherMinorityInterests' xlink:type='locator' />
<link:loc xlink:href='../elts/us-gaap-2009-01-31.xsd#us-gaap_PreferredStockDividendsAndOtherAdjustments' xlink:label='loc_PreferredStockDividendsAndOtherAdjustments' xlink:type='locator' />
<link:loc xlink:href='../elts/us-gaap-2009-01-31.xsd#us-gaap_PreferredStockDividends' xlink:label='loc_PreferredStockDividends' xlink:type='locator' />
<link:loc xlink:href='../elts/us-gaap-2009-01-31.xsd#us-gaap_RedeemablePreferredStockDividends' xlink:label='loc_RedeemablePreferredStockDividends' xlink:type='locator' />
<link:loc xlink:href='../elts/us-gaap-2009-01-31.xsd#us-gaap_ConvertiblePreferredStockConvertedToOtherSecurities' xlink:label='loc_ConvertiblePreferredStockConvertedToOtherSecurities' xlink:type='locator' />
<link:loc xlink:href='../elts/us-gaap-2009-01-31.xsd#us-gaap_PreferredStockRedemptionPremium' xlink:label='loc_PreferredStockRedemptionPremium' xlink:type='locator' />
<link:loc xlink:href='../elts/us-gaap-2009-01-31.xsd#us-gaap_PreferredStockConversionsInducements' xlink:label='loc_PreferredStockConversionsInducements' xlink:type='locator' />
<link:loc xlink:href='../elts/us-gaap-2009-01-31.xsd#us-gaap_RedeemablePreferredStockIncreaseDecreaseInCarryingAmount' xlink:label='loc_RedeemablePreferredStockIncreaseDecreaseInCarryingAmount' xlink:type='locator' />
<link:loc xlink:href='../elts/us-gaap-2009-01-31.xsd#us-gaap_GeneralPartnerDistributions' xlink:label='loc_GeneralPartnerDistributions' xlink:type='locator' />
<link:loc xlink:href='../elts/us-gaap-2009-01-31.xsd#us-gaap_OtherPreferredStockDividendsAndAdjustments' xlink:label='loc_OtherPreferredStockDividendsAndAdjustments' xlink:type='locator' />
<link:loc xlink:href='../elts/us-gaap-2009-01-31.xsd#us-gaap_NetIncomeLossPerOutstandingGeneralPartnershipUnit' xlink:label='loc_NetIncomeLossPerOutstandingGeneralPartnershipUnit' xlink:type='locator' />
<link:loc xlink:href='../elts/us-gaap-2009-01-31.xsd#us-gaap_IncomeLossFromExtraordinaryItemsNetOfTaxPerOutstandingGeneralPartnershipUnit' xlink:label='loc_IncomeLossFromExtraordinaryItemsNetOfTaxPerOutstandingGeneralPartnershipUnit' xlink:type='locator' />
<link:loc xlink:href='../elts/us-gaap-2009-01-31.xsd#us-gaap_CumulativeEffectOfChangeInAccountingPrincipleNetOfTaxPerOutstandingGeneralPartnershipUnit' xlink:label='loc_CumulativeEffectOfChangeInAccountingPrincipleNetOfTaxPerOutstandingGeneralPartnershipUnit' xlink:type='locator' />
<link:loc xlink:href='../elts/us-gaap-2009-01-31.xsd#us-gaap_IncomeLossBeforeExtraordinaryItemsAndCumulativeEffectOfChangeInAccountingPrinciplePerOutstandingGeneralPartnershipUnit' xlink:label='loc_IncomeLossBeforeExtraordinaryItemsAndCumulativeEffectOfChangeInAccountingPrinciplePerOutstandingGeneralPartnershipUnit' xlink:type='locator' />
<link:loc xlink:href='../elts/us-gaap-2009-01-31.xsd#us-gaap_IncomeLossFromContinuingOperationsPerOutstandingGeneralPartnershipUnit' xlink:label='loc_IncomeLossFromContinuingOperationsPerOutstandingGeneralPartnershipUnit' xlink:type='locator' />
<link:loc xlink:href='../elts/us-gaap-2009-01-31.xsd#us-gaap_IncomeLossFromDiscontinuedOperationsNetOfTaxPerOutstandingGeneralPartnershipUnit' xlink:label='loc_IncomeLossFromDiscontinuedOperationsNetOfTaxPerOutstandingGeneralPartnershipUnit' xlink:type='locator' />
<link:loc xlink:href='../elts/us-gaap-2009-01-31.xsd#us-gaap_IncomeLossFromDiscontinuedOperationsNetOfTaxAttributableToReportingEntity' xlink:label='loc_IncomeLossFromDiscontinuedOperationsNetOfTaxAttributableToReportingEntity' xlink:type='locator' />
<link:loc xlink:href='../elts/us-gaap-2009-01-31.xsd#us-gaap_IncomeLossFromDiscontinuedOperationsNetOfTaxAttributableToNoncontrollingInterest' xlink:label='loc_IncomeLossFromDiscontinuedOperationsNetOfTaxAttributableToNoncontrollingInterest' xlink:type='locator' />
<link:loc xlink:href='../elts/us-gaap-2009-01-31.xsd#us-gaap_ExtraordinaryItemGainOrLossNetOfTaxAttributableToReportingEntity' xlink:label='loc_ExtraordinaryItemGainOrLossNetOfTaxAttributableToReportingEntity' xlink:type='locator' />
<link:loc xlink:href='../elts/us-gaap-2009-01-31.xsd#us-gaap_ExtraordinaryItemGainOrLossNetOfTaxAttributableToNoncontrollingInterest' xlink:label='loc_ExtraordinaryItemGainOrLossNetOfTaxAttributableToNoncontrollingInterest' xlink:type='locator' />
<link:loc xlink:href='../elts/us-gaap-2009-01-31.xsd#us-gaap_CumulativeEffectOfChangeInAccountingPrinciplePresentedOnIncomeStatementNetOfTaxAttributableToReportingEntity' xlink:label='loc_CumulativeEffectOfChangeInAccountingPrinciplePresentedOnIncomeStatementNetOfTaxAttributableToReportingEntity' xlink:type='locator' />
<link:loc xlink:href='../elts/us-gaap-2009-01-31.xsd#us-gaap_CumulativeEffectOfChangeInAccountingPrinciplePresentedOnIncomeStatementNetOfTaxAttributableToNoncontrollingInterest' xlink:label='loc_CumulativeEffectOfChangeInAccountingPrinciplePresentedOnIncomeStatementNetOfTaxAttributableToNoncontrollingInterest' xlink:type='locator' />
<link:loc xlink:href='../elts/us-gaap-2009-01-31.xsd#us-gaap_NetIncomeLossPerOutstandingLimitedPartnershipUnitDiluted' xlink:label='loc_NetIncomeLossPerOutstandingLimitedPartnershipUnitDiluted' xlink:type='locator' />
<link:loc xlink:href='../elts/us-gaap-2009-01-31.xsd#us-gaap_CumulativeEffectOfChangeInAccountingPrincipleNetOfTaxPerOutstandingLimitedPartnershipUnitDiluted' xlink:label='loc_CumulativeEffectOfChangeInAccountingPrincipleNetOfTaxPerOutstandingLimitedPartnershipUnitDiluted' xlink:type='locator' />
<link:loc xlink:href='../elts/us-gaap-2009-01-31.xsd#us-gaap_IncomeLossBeforeCumulativeEffectOfChangeInAccountingPrinciplePerOutstandingLimitedPartnershipUnitDiluted' xlink:label='loc_IncomeLossBeforeCumulativeEffectOfChangeInAccountingPrinciplePerOutstandingLimitedPartnershipUnitDiluted' xlink:type='locator' />
<link:loc xlink:href='../elts/us-gaap-2009-01-31.xsd#us-gaap_IncomeLossFromExtraordinaryItemsNetOfTaxPerOutstandingLimitedPartnershipUnitDiluted' xlink:label='loc_IncomeLossFromExtraordinaryItemsNetOfTaxPerOutstandingLimitedPartnershipUnitDiluted' xlink:type='locator' />
<link:loc xlink:href='../elts/us-gaap-2009-01-31.xsd#us-gaap_IncomeLossBeforeExtraordinaryItemsAndCumulativeEffectOfChangeInAccountingPrinciplePerOutstandingLimitedPartnershipUnitDiluted' xlink:label='loc_IncomeLossBeforeExtraordinaryItemsAndCumulativeEffectOfChangeInAccountingPrinciplePerOutstandingLimitedPartnershipUnitDiluted' xlink:type='locator' />
<link:loc xlink:href='../elts/us-gaap-2009-01-31.xsd#us-gaap_IncomeLossFromContinuingOperationsPerOutstandingLimitedPartnershipUnitDiluted' xlink:label='loc_IncomeLossFromContinuingOperationsPerOutstandingLimitedPartnershipUnitDiluted' xlink:type='locator' />
<link:loc xlink:href='../elts/us-gaap-2009-01-31.xsd#us-gaap_IncomeLossFromDiscontinuedOperationsNetOfTaxPerOutstandingLimitedPartnershipUnitDiluted' xlink:label='loc_IncomeLossFromDiscontinuedOperationsNetOfTaxPerOutstandingLimitedPartnershipUnitDiluted' xlink:type='locator' />
<calculationArc order='10' weight='1.0' xlink:arcrole='http://www.xbrl.org/2003/arcrole/summation-item' xlink:from='loc_EarningsPerShareBasic' xlink:to='loc_CumulativeEffectOfChangeInAccountingPrincipleNetOfTaxPerBasicShare' xlink:type='arc' />
<calculationArc order='20' weight='1.0' xlink:arcrole='http://www.xbrl.org/2003/arcrole/summation-item' xlink:from='loc_EarningsPerShareBasic' xlink:to='loc_IncomeLossBeforeCumulativeEffectOfChangeInAccountingPrinciplePerBasicShare' xlink:type='arc' />
<calculationArc order='10' weight='1.0' xlink:arcrole='http://www.xbrl.org/2003/arcrole/summation-item' xlink:from='loc_IncomeLossBeforeCumulativeEffectOfChangeInAccountingPrinciplePerBasicShare' xlink:to='loc_IncomeLossFromExtraordinaryItemsNetOfTaxPerBasicShare' xlink:type='arc' />
<calculationArc order='20' weight='1.0' xlink:arcrole='http://www.xbrl.org/2003/arcrole/summation-item' xlink:from='loc_IncomeLossBeforeCumulativeEffectOfChangeInAccountingPrinciplePerBasicShare' xlink:to='loc_IncomeLossBeforeExtraordinaryItemsAndCumulativeEffectOfChangeInAccountingPrinciplePerBasicShare' xlink:type='arc' />
<calculationArc order='10' weight='1.0' xlink:arcrole='http://www.xbrl.org/2003/arcrole/summation-item' xlink:from='loc_IncomeLossBeforeExtraordinaryItemsAndCumulativeEffectOfChangeInAccountingPrinciplePerBasicShare' xlink:to='loc_IncomeLossFromContinuingOperationsPerBasicShare' xlink:type='arc' />
<calculationArc order='20' weight='1.0' xlink:arcrole='http://www.xbrl.org/2003/arcrole/summation-item' xlink:from='loc_IncomeLossBeforeExtraordinaryItemsAndCumulativeEffectOfChangeInAccountingPrinciplePerBasicShare' xlink:to='loc_IncomeLossFromDiscontinuedOperationsNetOfTaxPerBasicShare' xlink:type='arc' />
<calculationArc order='10' weight='1.0' xlink:arcrole='http://www.xbrl.org/2003/arcrole/summation-item' xlink:from='loc_EarningsPerShareDiluted' xlink:to='loc_CumulativeEffectOfChangeInAccountingPrincipleNetOfTaxPerDilutedShare' xlink:type='arc' />
<calculationArc order='20' weight='1.0' xlink:arcrole='http://www.xbrl.org/2003/arcrole/summation-item' xlink:from='loc_EarningsPerShareDiluted' xlink:to='loc_IncomeLossBeforeCumulativeEffectOfChangeInAccountingPrinciplePerDilutedShare' xlink:type='arc' />
<calculationArc order='10' weight='1.0' xlink:arcrole='http://www.xbrl.org/2003/arcrole/summation-item' xlink:from='loc_IncomeLossBeforeCumulativeEffectOfChangeInAccountingPrinciplePerDilutedShare' xlink:to='loc_IncomeLossFromExtraordinaryItemsNetOfTaxPerDilutedShare' xlink:type='arc' />
<calculationArc order='20' weight='1.0' xlink:arcrole='http://www.xbrl.org/2003/arcrole/summation-item' xlink:from='loc_IncomeLossBeforeCumulativeEffectOfChangeInAccountingPrinciplePerDilutedShare' xlink:to='loc_IncomeLossBeforeExtraordinaryItemsAndCumulativeEffectOfChangeInAccountingPrinciplePerDilutedShare' xlink:type='arc' />
<calculationArc order='10' weight='1.0' xlink:arcrole='http://www.xbrl.org/2003/arcrole/summation-item' xlink:from='loc_IncomeLossBeforeExtraordinaryItemsAndCumulativeEffectOfChangeInAccountingPrinciplePerDilutedShare' xlink:to='loc_IncomeLossFromContinuingOperationsPerDilutedShare' xlink:type='arc' />
<calculationArc order='20' weight='1.0' xlink:arcrole='http://www.xbrl.org/2003/arcrole/summation-item' xlink:from='loc_IncomeLossBeforeExtraordinaryItemsAndCumulativeEffectOfChangeInAccountingPrinciplePerDilutedShare' xlink:to='loc_IncomeLossFromDiscontinuedOperationsNetOfTaxPerDilutedShare' xlink:type='arc' />
<calculationArc order='10' weight='1.0' xlink:arcrole='http://www.xbrl.org/2003/arcrole/summation-item' xlink:from='loc_DiscontinuedOperationAmountOfAdjustmentToPriorPeriodGainLossOnDisposalNetOfTax' xlink:to='loc_DiscontinuedOperationAmountOfAdjustmentToPriorPeriodGainLossOnDisposalBeforeIncomeTax' xlink:type='arc' />
<calculationArc order='20' weight='-1.0' xlink:arcrole='http://www.xbrl.org/2003/arcrole/summation-item' xlink:from='loc_DiscontinuedOperationAmountOfAdjustmentToPriorPeriodGainLossOnDisposalNetOfTax' xlink:to='loc_DiscontinuedOperationTaxEffectOfAdjustmentToPriorPeriodGainLossOnDisposal' xlink:type='arc' />
<calculationArc order='10' weight='1.0' xlink:arcrole='http://www.xbrl.org/2003/arcrole/summation-item' xlink:from='loc_DiscontinuedOperationAmountOfOtherIncomeLossFromDispositionOfDiscontinuedOperationNetOfTax' xlink:to='loc_DiscontinuedOperationAmountOfOtherIncomeLossFromDispositionOfDiscontinuedOperationsBeforeIncomeTax' xlink:type='arc' />
<calculationArc order='20' weight='-1.0' xlink:arcrole='http://www.xbrl.org/2003/arcrole/summation-item' xlink:from='loc_DiscontinuedOperationAmountOfOtherIncomeLossFromDispositionOfDiscontinuedOperationNetOfTax' xlink:to='loc_DiscontinuedOperationTaxEffectOfOtherIncomeLossFromDispositionOfDiscontinuedOperation' xlink:type='arc' />
<calculationArc order='10' weight='1.0' xlink:arcrole='http://www.xbrl.org/2003/arcrole/summation-item' xlink:from='loc_DiscontinuedOperationGainLossOnDisposalOfDiscontinuedOperationNetOfTax' xlink:to='loc_DiscontinuedOperationGainLossFromDisposalOfDiscontinuedOperationBeforeIncomeTax' xlink:type='arc' />
<calculationArc order='20' weight='-1.0' xlink:arcrole='http://www.xbrl.org/2003/arcrole/summation-item' xlink:from='loc_DiscontinuedOperationGainLossOnDisposalOfDiscontinuedOperationNetOfTax' xlink:to='loc_DiscontinuedOperationTaxEffectOfIncomeLossFromDisposalOfDiscontinuedOperation' xlink:type='arc' />
<calculationArc order='10' weight='1.0' xlink:arcrole='http://www.xbrl.org/2003/arcrole/summation-item' xlink:from='loc_DiscontinuedOperationIncomeLossFromDiscontinuedOperationDuringPhaseOutPeriodNetOfTax' xlink:to='loc_DiscontinuedOperationIncomeLossFromDiscontinuedOperationDuringPhaseOutPeriodBeforeIncomeTax' xlink:type='arc' />
<calculationArc order='20' weight='-1.0' xlink:arcrole='http://www.xbrl.org/2003/arcrole/summation-item' xlink:from='loc_DiscontinuedOperationIncomeLossFromDiscontinuedOperationDuringPhaseOutPeriodNetOfTax' xlink:to='loc_DiscontinuedOperationTaxEffectOfIncomeLossFromDiscontinuedOperationDuringPhaseOutPeriod' xlink:type='arc' />
<calculationArc order='10' weight='1.0' xlink:arcrole='http://www.xbrl.org/2003/arcrole/summation-item' xlink:from='loc_DiscontinuedOperationProvisionForLossGainOnDisposalNetOfTax' xlink:to='loc_DiscontinuedOperationProvisionForLossGainOnDisposalBeforeIncomeTax' xlink:type='arc' />
<calculationArc order='20' weight='-1.0' xlink:arcrole='http://www.xbrl.org/2003/arcrole/summation-item' xlink:from='loc_DiscontinuedOperationProvisionForLossGainOnDisposalNetOfTax' xlink:to='loc_DiscontinuedOperationTaxExpenseBenefitFromProvisionForGainLossOnDisposal' xlink:type='arc' />
<calculationArc order='10' weight='1.0' xlink:arcrole='http://www.xbrl.org/2003/arcrole/summation-item' xlink:from='loc_IncomeLossFromContinuingOperations' xlink:to='loc_IncomeLossFromContinuingOperationsIncludingPortionAttributableToNoncontrollingInterest' xlink:type='arc' />
<calculationArc order='10' weight='1.0' xlink:arcrole='http://www.xbrl.org/2003/arcrole/summation-item' xlink:from='loc_IncomeLossFromContinuingOperationsIncludingPortionAttributableToNoncontrollingInterest' xlink:to='loc_IncomeLossFromContinuingOperationsBeforeIncomeTaxesMinorityInterestAndIncomeLossFromEquityMethodInvestments' xlink:type='arc' />
<calculationArc order='10' weight='1.0' xlink:arcrole='http://www.xbrl.org/2003/arcrole/summation-item' xlink:from='loc_IncomeLossFromContinuingOperationsBeforeIncomeTaxesMinorityInterestAndIncomeLossFromEquityMethodInvestments' xlink:to='loc_RevenuesNetOfInterestExpense' xlink:type='arc' />
<calculationArc order='10' weight='1.0' xlink:arcrole='http://www.xbrl.org/2003/arcrole/summation-item' xlink:from='loc_RevenuesNetOfInterestExpense' xlink:to='loc_Revenues' xlink:type='arc' />
<calculationArc order='10' weight='1.0' xlink:arcrole='http://www.xbrl.org/2003/arcrole/summation-item' xlink:from='loc_Revenues' xlink:to='loc_InterestAndDividendIncomeOperating' xlink:type='arc' />
<calculationArc order='10' weight='1.0' xlink:arcrole='http://www.xbrl.org/2003/arcrole/summation-item' xlink:from='loc_InterestAndDividendIncomeOperating' xlink:to='loc_InterestIncomeOperating' xlink:type='arc' />
<calculationArc order='20' weight='1.0' xlink:arcrole='http://www.xbrl.org/2003/arcrole/summation-item' xlink:from='loc_InterestAndDividendIncomeOperating' xlink:to='loc_DividendIncomeOperating' xlink:type='arc' />
<calculationArc order='20' weight='1.0' xlink:arcrole='http://www.xbrl.org/2003/arcrole/summation-item' xlink:from='loc_Revenues' xlink:to='loc_RevenuesExcludingInterestAndDividends' xlink:type='arc' />
<calculationArc order='10' weight='1.0' xlink:arcrole='http://www.xbrl.org/2003/arcrole/summation-item' xlink:from='loc_RevenuesExcludingInterestAndDividends' xlink:to='loc_BrokerageCommissionsRevenue' xlink:type='arc' />
<calculationArc order='20' weight='1.0' xlink:arcrole='http://www.xbrl.org/2003/arcrole/summation-item' xlink:from='loc_RevenuesExcludingInterestAndDividends' xlink:to='loc_InvestmentBankingRevenue' xlink:type='arc' />
<calculationArc order='30' weight='1.0' xlink:arcrole='http://www.xbrl.org/2003/arcrole/summation-item' xlink:from='loc_RevenuesExcludingInterestAndDividends' xlink:to='loc_UnderwritingIncomeLoss' xlink:type='arc' />
<calculationArc order='40' weight='1.0' xlink:arcrole='http://www.xbrl.org/2003/arcrole/summation-item' xlink:from='loc_RevenuesExcludingInterestAndDividends' xlink:to='loc_PrincipalTransactionsRevenue' xlink:type='arc' />
<calculationArc order='10' weight='1.0' xlink:arcrole='http://www.xbrl.org/2003/arcrole/summation-item' xlink:from='loc_PrincipalTransactionsRevenue' xlink:to='loc_TradingGainsLosses' xlink:type='arc' />
<calculationArc order='20' weight='1.0' xlink:arcrole='http://www.xbrl.org/2003/arcrole/summation-item' xlink:from='loc_PrincipalTransactionsRevenue' xlink:to='loc_PrincipalInvestmentGainsLosses' xlink:type='arc' />
<calculationArc order='50' weight='1.0' xlink:arcrole='http://www.xbrl.org/2003/arcrole/summation-item' xlink:from='loc_RevenuesExcludingInterestAndDividends' xlink:to='loc_FeesAndCommissions' xlink:type='arc' />
<calculationArc order='10' weight='1.0' xlink:arcrole='http://www.xbrl.org/2003/arcrole/summation-item' xlink:from='loc_FeesAndCommissions' xlink:to='loc_FeesAndCommissionsTransferAgent' xlink:type='arc' />
<calculationArc order='20' weight='1.0' xlink:arcrole='http://www.xbrl.org/2003/arcrole/summation-item' xlink:from='loc_FeesAndCommissions' xlink:to='loc_FeesAndCommissionsCorrespondentClearing' xlink:type='arc' />
<calculationArc order='30' weight='1.0' xlink:arcrole='http://www.xbrl.org/2003/arcrole/summation-item' xlink:from='loc_FeesAndCommissions' xlink:to='loc_FeesAndCommissionsFiduciaryAndTrustActivities' xlink:type='arc' />
<calculationArc order='40' weight='1.0' xlink:arcrole='http://www.xbrl.org/2003/arcrole/summation-item' xlink:from='loc_FeesAndCommissions' xlink:to='loc_InsuranceCommissionsAndFees' xlink:type='arc' />
<calculationArc order='50' weight='1.0' xlink:arcrole='http://www.xbrl.org/2003/arcrole/summation-item' xlink:from='loc_FeesAndCommissions' xlink:to='loc_AssetManagementFees' xlink:type='arc' />
<calculationArc order='10' weight='1.0' xlink:arcrole='http://www.xbrl.org/2003/arcrole/summation-item' xlink:from='loc_AssetManagementFees' xlink:to='loc_PerformanceFees' xlink:type='arc' />
<calculationArc order='20' weight='1.0' xlink:arcrole='http://www.xbrl.org/2003/arcrole/summation-item' xlink:from='loc_AssetManagementFees' xlink:to='loc_InvestmentAdvisoryFees' xlink:type='arc' />
<calculationArc order='60' weight='1.0' xlink:arcrole='http://www.xbrl.org/2003/arcrole/summation-item' xlink:from='loc_FeesAndCommissions' xlink:to='loc_BankingFeesAndCommissions' xlink:type='arc' />
<calculationArc order='10' weight='1.0' xlink:arcrole='http://www.xbrl.org/2003/arcrole/summation-item' xlink:from='loc_BankingFeesAndCommissions' xlink:to='loc_FeesAndCommissionsDepositorAccounts' xlink:type='arc' />
<calculationArc order='20' weight='1.0' xlink:arcrole='http://www.xbrl.org/2003/arcrole/summation-item' xlink:from='loc_BankingFeesAndCommissions' xlink:to='loc_FeesAndCommissionsMortgageBanking' xlink:type='arc' />
<calculationArc order='30' weight='1.0' xlink:arcrole='http://www.xbrl.org/2003/arcrole/summation-item' xlink:from='loc_BankingFeesAndCommissions' xlink:to='loc_GuarantyFeeIncome' xlink:type='arc' />
<calculationArc order='40' weight='1.0' xlink:arcrole='http://www.xbrl.org/2003/arcrole/summation-item' xlink:from='loc_BankingFeesAndCommissions' xlink:to='loc_ServicingFeesNet' xlink:type='arc' />
<calculationArc order='50' weight='1.0' xlink:arcrole='http://www.xbrl.org/2003/arcrole/summation-item' xlink:from='loc_BankingFeesAndCommissions' xlink:to='loc_FeesAndCommissionsCreditCards' xlink:type='arc' />
<calculationArc order='70' weight='1.0' xlink:arcrole='http://www.xbrl.org/2003/arcrole/summation-item' xlink:from='loc_FeesAndCommissions' xlink:to='loc_FeesAndCommissionsOther' xlink:type='arc' />
<calculationArc order='60' weight='1.0' xlink:arcrole='http://www.xbrl.org/2003/arcrole/summation-item' xlink:from='loc_RevenuesExcludingInterestAndDividends' xlink:to='loc_InsuranceServicesRevenue' xlink:type='arc' />
<calculationArc order='20' weight='-1.0' xlink:arcrole='http://www.xbrl.org/2003/arcrole/summation-item' xlink:from='loc_RevenuesNetOfInterestExpense' xlink:to='loc_InterestExpense' xlink:type='arc' />
<calculationArc order='20' weight='-1.0' xlink:arcrole='http://www.xbrl.org/2003/arcrole/summation-item' xlink:from='loc_IncomeLossFromContinuingOperationsBeforeIncomeTaxesMinorityInterestAndIncomeLossFromEquityMethodInvestments' xlink:to='loc_OperatingExpenses' xlink:type='arc' />
<calculationArc order='10' weight='1.0' xlink:arcrole='http://www.xbrl.org/2003/arcrole/summation-item' xlink:from='loc_OperatingExpenses' xlink:to='loc_LaborAndRelatedExpense' xlink:type='arc' />
<calculationArc order='10' use='optional' weight='1.0' xlink:arcrole='http://www.xbrl.org/2003/arcrole/summation-item' xlink:from='loc_LaborAndRelatedExpense' xlink:to='loc_SalariesAndWages' xlink:type='arc' />
<calculationArc order='20' use='optional' weight='1.0' xlink:arcrole='http://www.xbrl.org/2003/arcrole/summation-item' xlink:from='loc_LaborAndRelatedExpense' xlink:to='loc_OfficersCompensation' xlink:type='arc' />
<calculationArc order='30' weight='1.0' xlink:arcrole='http://www.xbrl.org/2003/arcrole/summation-item' xlink:from='loc_LaborAndRelatedExpense' xlink:to='loc_PensionAndOtherPostretirementBenefitExpense' xlink:type='arc' />
<calculationArc order='40' weight='1.0' xlink:arcrole='http://www.xbrl.org/2003/arcrole/summation-item' xlink:from='loc_LaborAndRelatedExpense' xlink:to='loc_OtherLaborRelatedExpenses' xlink:type='arc' />
<calculationArc order='50' weight='1.0' xlink:arcrole='http://www.xbrl.org/2003/arcrole/summation-item' xlink:from='loc_LaborAndRelatedExpense' xlink:to='loc_AllocatedShareBasedCompensationExpense' xlink:type='arc' />
<calculationArc order='20' weight='1.0' xlink:arcrole='http://www.xbrl.org/2003/arcrole/summation-item' xlink:from='loc_OperatingExpenses' xlink:to='loc_FloorBrokerageExchangeAndClearanceFees' xlink:type='arc' />
<calculationArc order='10' use='optional' weight='1.0' xlink:arcrole='http://www.xbrl.org/2003/arcrole/summation-item' xlink:from='loc_FloorBrokerageExchangeAndClearanceFees' xlink:to='loc_FloorBrokerage' xlink:type='arc' />
<calculationArc order='20' use='optional' weight='1.0' xlink:arcrole='http://www.xbrl.org/2003/arcrole/summation-item' xlink:from='loc_FloorBrokerageExchangeAndClearanceFees' xlink:to='loc_ExchangeFees' xlink:type='arc' />
<calculationArc order='30' use='optional' weight='1.0' xlink:arcrole='http://www.xbrl.org/2003/arcrole/summation-item' xlink:from='loc_FloorBrokerageExchangeAndClearanceFees' xlink:to='loc_OrderFlowFees' xlink:type='arc' />
<calculationArc order='40' weight='1.0' xlink:arcrole='http://www.xbrl.org/2003/arcrole/summation-item' xlink:from='loc_FloorBrokerageExchangeAndClearanceFees' xlink:to='loc_ClearanceFees' xlink:type='arc' />
<calculationArc order='30' weight='1.0' xlink:arcrole='http://www.xbrl.org/2003/arcrole/summation-item' xlink:from='loc_OperatingExpenses' xlink:to='loc_ProfessionalFees' xlink:type='arc' />
<calculationArc order='40' weight='1.0' xlink:arcrole='http://www.xbrl.org/2003/arcrole/summation-item' xlink:from='loc_OperatingExpenses' xlink:to='loc_CommunicationsInformationTechnologyAndOccupancy' xlink:type='arc' />
<calculationArc order='10' use='optional' weight='1.0' xlink:arcrole='http://www.xbrl.org/2003/arcrole/summation-item' xlink:from='loc_CommunicationsInformationTechnologyAndOccupancy' xlink:to='loc_CommunicationsAndInformationTechnology' xlink:type='arc' />
<calculationArc order='10' weight='1.0' xlink:arcrole='http://www.xbrl.org/2003/arcrole/summation-item' xlink:from='loc_CommunicationsAndInformationTechnology' xlink:to='loc_Communication' xlink:type='arc' />
<calculationArc order='20' weight='1.0' xlink:arcrole='http://www.xbrl.org/2003/arcrole/summation-item' xlink:from='loc_CommunicationsAndInformationTechnology' xlink:to='loc_InformationTechnologyAndDataProcessing' xlink:type='arc' />
<calculationArc order='20' use='optional' weight='1.0' xlink:arcrole='http://www.xbrl.org/2003/arcrole/summation-item' xlink:from='loc_CommunicationsInformationTechnologyAndOccupancy' xlink:to='loc_OccupancyNet' xlink:type='arc' />
<calculationArc order='50' weight='1.0' xlink:arcrole='http://www.xbrl.org/2003/arcrole/summation-item' xlink:from='loc_OperatingExpenses' xlink:to='loc_MarketingAndAdvertisingExpense' xlink:type='arc' />
<calculationArc order='10' weight='1.0' xlink:arcrole='http://www.xbrl.org/2003/arcrole/summation-item' xlink:from='loc_MarketingAndAdvertisingExpense' xlink:to='loc_MarketingExpense' xlink:type='arc' />
<calculationArc order='20' weight='1.0' xlink:arcrole='http://www.xbrl.org/2003/arcrole/summation-item' xlink:from='loc_MarketingAndAdvertisingExpense' xlink:to='loc_AdvertisingExpense' xlink:type='arc' />
<calculationArc order='60' weight='1.0' xlink:arcrole='http://www.xbrl.org/2003/arcrole/summation-item' xlink:from='loc_OperatingExpenses' xlink:to='loc_DepreciationAndAmortization' xlink:type='arc' />
<calculationArc order='10' weight='1.0' xlink:arcrole='http://www.xbrl.org/2003/arcrole/summation-item' xlink:from='loc_DepreciationAndAmortization' xlink:to='loc_DepreciationNonproduction' xlink:type='arc' />
<calculationArc order='20' weight='1.0' xlink:arcrole='http://www.xbrl.org/2003/arcrole/summation-item' xlink:from='loc_DepreciationAndAmortization' xlink:to='loc_AmortizationOfDeferredCharges' xlink:type='arc' />
<calculationArc order='10' weight='1.0' xlink:arcrole='http://www.xbrl.org/2003/arcrole/summation-item' xlink:from='loc_AmortizationOfDeferredCharges' xlink:to='loc_AmortizationOfIntangibleAssets' xlink:type='arc' />
<calculationArc order='20' weight='1.0' xlink:arcrole='http://www.xbrl.org/2003/arcrole/summation-item' xlink:from='loc_AmortizationOfDeferredCharges' xlink:to='loc_AmortizationOfMortgageServicingRightsMSRs' xlink:type='arc' />
<calculationArc order='30' weight='1.0' xlink:arcrole='http://www.xbrl.org/2003/arcrole/summation-item' xlink:from='loc_AmortizationOfDeferredCharges' xlink:to='loc_AmortizationOfAcquisitionCosts' xlink:type='arc' />
<calculationArc order='40' weight='1.0' xlink:arcrole='http://www.xbrl.org/2003/arcrole/summation-item' xlink:from='loc_AmortizationOfDeferredCharges' xlink:to='loc_AmortizationOfDeferredSalesCommissions' xlink:type='arc' />
<calculationArc order='50' weight='1.0' xlink:arcrole='http://www.xbrl.org/2003/arcrole/summation-item' xlink:from='loc_AmortizationOfDeferredCharges' xlink:to='loc_AmortizationOfFinancingCosts' xlink:type='arc' />
<calculationArc order='60' weight='1.0' xlink:arcrole='http://www.xbrl.org/2003/arcrole/summation-item' xlink:from='loc_AmortizationOfDeferredCharges' xlink:to='loc_AmortizationOfDeferredLeasingFees' xlink:type='arc' />
<calculationArc order='70' weight='1.0' xlink:arcrole='http://www.xbrl.org/2003/arcrole/summation-item' xlink:from='loc_AmortizationOfDeferredCharges' xlink:to='loc_OtherAmortizationOfDeferredCharges' xlink:type='arc' />
<calculationArc order='30' weight='1.0' xlink:arcrole='http://www.xbrl.org/2003/arcrole/summation-item' xlink:from='loc_DepreciationAndAmortization' xlink:to='loc_OtherDepreciationAndAmortization' xlink:type='arc' />
<calculationArc order='70' weight='1.0' xlink:arcrole='http://www.xbrl.org/2003/arcrole/summation-item' xlink:from='loc_OperatingExpenses' xlink:to='loc_SuppliesAndPostageExpense' xlink:type='arc' />
<calculationArc order='10' use='optional' weight='1.0' xlink:arcrole='http://www.xbrl.org/2003/arcrole/summation-item' xlink:from='loc_SuppliesAndPostageExpense' xlink:to='loc_SuppliesExpense' xlink:type='arc' />
<calculationArc order='20' use='optional' weight='1.0' xlink:arcrole='http://www.xbrl.org/2003/arcrole/summation-item' xlink:from='loc_SuppliesAndPostageExpense' xlink:to='loc_PostageExpense' xlink:type='arc' />
<calculationArc order='80' weight='1.0' xlink:arcrole='http://www.xbrl.org/2003/arcrole/summation-item' xlink:from='loc_OperatingExpenses' xlink:to='loc_RestructuringSettlementAndImpairmentProvisions' xlink:type='arc' />
<calculationArc order='10' use='optional' weight='1.0' xlink:arcrole='http://www.xbrl.org/2003/arcrole/summation-item' xlink:from='loc_RestructuringSettlementAndImpairmentProvisions' xlink:to='loc_RestructuringCharges' xlink:type='arc' />
<calculationArc order='10' use='optional' weight='1.0' xlink:arcrole='http://www.xbrl.org/2003/arcrole/summation-item' xlink:from='loc_RestructuringCharges' xlink:to='loc_BusinessExitCosts' xlink:type='arc' />
<calculationArc order='20' use='optional' weight='1.0' xlink:arcrole='http://www.xbrl.org/2003/arcrole/summation-item' xlink:from='loc_RestructuringCharges' xlink:to='loc_RecapitalizationCosts' xlink:type='arc' />
<calculationArc order='30' use='optional' weight='1.0' xlink:arcrole='http://www.xbrl.org/2003/arcrole/summation-item' xlink:from='loc_RestructuringCharges' xlink:to='loc_SeveranceCosts' xlink:type='arc' />
<calculationArc order='40' use='optional' weight='1.0' xlink:arcrole='http://www.xbrl.org/2003/arcrole/summation-item' xlink:from='loc_RestructuringCharges' xlink:to='loc_OtherRestructuringCosts' xlink:type='arc' />
<calculationArc order='20' weight='1.0' xlink:arcrole='http://www.xbrl.org/2003/arcrole/summation-item' xlink:from='loc_RestructuringSettlementAndImpairmentProvisions' xlink:to='loc_BusinessCombinationAcquisitionRelatedCosts' xlink:type='arc' />
<calculationArc order='30' weight='1.0' xlink:arcrole='http://www.xbrl.org/2003/arcrole/summation-item' xlink:from='loc_RestructuringSettlementAndImpairmentProvisions' xlink:to='loc_MergerAndAcquisitionCosts' xlink:type='arc' />
<calculationArc order='40' weight='1.0' xlink:arcrole='http://www.xbrl.org/2003/arcrole/summation-item' xlink:from='loc_RestructuringSettlementAndImpairmentProvisions' xlink:to='loc_DefinedBenefitPlanRecognizedNetGainLossDueToSettlements' xlink:type='arc' />
<calculationArc order='50' weight='-1.0' xlink:arcrole='http://www.xbrl.org/2003/arcrole/summation-item' xlink:from='loc_RestructuringSettlementAndImpairmentProvisions' xlink:to='loc_GainOnBusinessInterruptionInsuranceRecovery' xlink:type='arc' />
<calculationArc order='60' weight='1.0' xlink:arcrole='http://www.xbrl.org/2003/arcrole/summation-item' xlink:from='loc_RestructuringSettlementAndImpairmentProvisions' xlink:to='loc_DisposalGroupNotDiscontinuedOperationLossGainOnWriteDown' xlink:type='arc' />
<calculationArc order='70' weight='1.0' xlink:arcrole='http://www.xbrl.org/2003/arcrole/summation-item' xlink:from='loc_RestructuringSettlementAndImpairmentProvisions' xlink:to='loc_EnvironmentalRemediationExpense' xlink:type='arc' />
<calculationArc order='80' weight='1.0' xlink:arcrole='http://www.xbrl.org/2003/arcrole/summation-item' xlink:from='loc_RestructuringSettlementAndImpairmentProvisions' xlink:to='loc_AssetImpairmentCharges' xlink:type='arc' />
<calculationArc order='90' weight='-1.0' xlink:arcrole='http://www.xbrl.org/2003/arcrole/summation-item' xlink:from='loc_RestructuringSettlementAndImpairmentProvisions' xlink:to='loc_GainLossRelatedToLitigationSettlement' xlink:type='arc' />
<calculationArc order='90' weight='1.0' xlink:arcrole='http://www.xbrl.org/2003/arcrole/summation-item' xlink:from='loc_OperatingExpenses' xlink:to='loc_OtherNonrecurringIncomeExpense' xlink:type='arc' />
<calculationArc order='10' weight='-1.0' xlink:arcrole='http://www.xbrl.org/2003/arcrole/summation-item' xlink:from='loc_OtherNonrecurringIncomeExpense' xlink:to='loc_OtherNonrecurringIncome' xlink:type='arc' />
<calculationArc order='20' weight='1.0' xlink:arcrole='http://www.xbrl.org/2003/arcrole/summation-item' xlink:from='loc_OtherNonrecurringIncomeExpense' xlink:to='loc_OtherNonrecurringExpense' xlink:type='arc' />
<calculationArc order='100' weight='1.0' xlink:arcrole='http://www.xbrl.org/2003/arcrole/summation-item' xlink:from='loc_OperatingExpenses' xlink:to='loc_OtherExpenses' xlink:type='arc' />
<calculationArc order='10' weight='1.0' xlink:arcrole='http://www.xbrl.org/2003/arcrole/summation-item' xlink:from='loc_OtherExpenses' xlink:to='loc_RoyaltyExpense' xlink:type='arc' />
<calculationArc order='20' weight='1.0' xlink:arcrole='http://www.xbrl.org/2003/arcrole/summation-item' xlink:from='loc_OtherExpenses' xlink:to='loc_PreOpeningCosts' xlink:type='arc' />
<calculationArc order='30' weight='1.0' xlink:arcrole='http://www.xbrl.org/2003/arcrole/summation-item' xlink:from='loc_OtherExpenses' xlink:to='loc_LegalFees' xlink:type='arc' />
<calculationArc order='40' weight='1.0' xlink:arcrole='http://www.xbrl.org/2003/arcrole/summation-item' xlink:from='loc_OtherExpenses' xlink:to='loc_AssetRetirementObligationAccretionExpense' xlink:type='arc' />
<calculationArc order='50' weight='-1.0' xlink:arcrole='http://www.xbrl.org/2003/arcrole/summation-item' xlink:from='loc_OtherExpenses' xlink:to='loc_GainsLossesOnRecourseDebt' xlink:type='arc' />
<calculationArc order='60' weight='-1.0' xlink:arcrole='http://www.xbrl.org/2003/arcrole/summation-item' xlink:from='loc_OtherExpenses' xlink:to='loc_GainLossOnDispositionOfAssets' xlink:type='arc' />
<calculationArc order='70' weight='1.0' xlink:arcrole='http://www.xbrl.org/2003/arcrole/summation-item' xlink:from='loc_OtherExpenses' xlink:to='loc_InducedConversionOfConvertibleDebtExpense' xlink:type='arc' />
<calculationArc order='80' weight='1.0' xlink:arcrole='http://www.xbrl.org/2003/arcrole/summation-item' xlink:from='loc_OtherExpenses' xlink:to='loc_GeneralAndAdministrativeExpense' xlink:type='arc' />
<calculationArc order='10' weight='1.0' xlink:arcrole='http://www.xbrl.org/2003/arcrole/summation-item' xlink:from='loc_GeneralAndAdministrativeExpense' xlink:to='loc_BusinessDevelopment' xlink:type='arc' />
<calculationArc order='20' weight='1.0' xlink:arcrole='http://www.xbrl.org/2003/arcrole/summation-item' xlink:from='loc_GeneralAndAdministrativeExpense' xlink:to='loc_GeneralInsuranceExpense' xlink:type='arc' />
<calculationArc order='30' weight='1.0' xlink:arcrole='http://www.xbrl.org/2003/arcrole/summation-item' xlink:from='loc_GeneralAndAdministrativeExpense' xlink:to='loc_TravelAndEntertainmentExpense' xlink:type='arc' />
<calculationArc order='40' weight='1.0' xlink:arcrole='http://www.xbrl.org/2003/arcrole/summation-item' xlink:from='loc_GeneralAndAdministrativeExpense' xlink:to='loc_TaxesExcludingIncomeAndExciseTaxes' xlink:type='arc' />
<calculationArc order='50' weight='1.0' xlink:arcrole='http://www.xbrl.org/2003/arcrole/summation-item' xlink:from='loc_GeneralAndAdministrativeExpense' xlink:to='loc_OtherGeneralAndAdministrativeExpense' xlink:type='arc' />
<calculationArc order='110' weight='-1.0' xlink:arcrole='http://www.xbrl.org/2003/arcrole/summation-item' xlink:from='loc_OperatingExpenses' xlink:to='loc_GainsLossesOnSalesOfAssets' xlink:type='arc' />
<calculationArc order='10' weight='1.0' xlink:arcrole='http://www.xbrl.org/2003/arcrole/summation-item' xlink:from='loc_GainsLossesOnSalesOfAssets' xlink:to='loc_GainLossOnSecuritizationOfFinancialAssets' xlink:type='arc' />
<calculationArc order='20' weight='1.0' xlink:arcrole='http://www.xbrl.org/2003/arcrole/summation-item' xlink:from='loc_GainsLossesOnSalesOfAssets' xlink:to='loc_GainLossOnSalesOfLoansNet' xlink:type='arc' />
<calculationArc order='30' weight='1.0' xlink:arcrole='http://www.xbrl.org/2003/arcrole/summation-item' xlink:from='loc_GainsLossesOnSalesOfAssets' xlink:to='loc_GainLossOnSalesOfMortgageBackedSecuritiesMBS' xlink:type='arc' />
<calculationArc order='40' weight='1.0' xlink:arcrole='http://www.xbrl.org/2003/arcrole/summation-item' xlink:from='loc_GainsLossesOnSalesOfAssets' xlink:to='loc_GainLossOnSaleOfCapitalLeasesNet' xlink:type='arc' />
<calculationArc order='50' weight='1.0' xlink:arcrole='http://www.xbrl.org/2003/arcrole/summation-item' xlink:from='loc_GainsLossesOnSalesOfAssets' xlink:to='loc_GainLossOnSaleOfLeasedAssetsNetOperatingLeases' xlink:type='arc' />
<calculationArc order='60' weight='1.0' xlink:arcrole='http://www.xbrl.org/2003/arcrole/summation-item' xlink:from='loc_GainsLossesOnSalesOfAssets' xlink:to='loc_GainsLossesOnSalesOfCreditCardPortfolio' xlink:type='arc' />
<calculationArc order='70' weight='1.0' xlink:arcrole='http://www.xbrl.org/2003/arcrole/summation-item' xlink:from='loc_GainsLossesOnSalesOfAssets' xlink:to='loc_GainsLossesOnSalesOfOtherRealEstate' xlink:type='arc' />
<calculationArc order='80' weight='1.0' xlink:arcrole='http://www.xbrl.org/2003/arcrole/summation-item' xlink:from='loc_GainsLossesOnSalesOfAssets' xlink:to='loc_GainLossOnSaleOfStockInSubsidiaryOrEquityMethodInvestee' xlink:type='arc' />
<calculationArc order='90' weight='1.0' xlink:arcrole='http://www.xbrl.org/2003/arcrole/summation-item' xlink:from='loc_GainsLossesOnSalesOfAssets' xlink:to='loc_GainLossOnDispositionOfProperty' xlink:type='arc' />
<calculationArc order='100' weight='1.0' xlink:arcrole='http://www.xbrl.org/2003/arcrole/summation-item' xlink:from='loc_GainsLossesOnSalesOfAssets' xlink:to='loc_GainsLossesOnSalesOfOtherAssets' xlink:type='arc' />
<calculationArc order='120' weight='-1.0' xlink:arcrole='http://www.xbrl.org/2003/arcrole/summation-item' xlink:from='loc_OperatingExpenses' xlink:to='loc_GainsLossesOnExtinguishmentOfDebt' xlink:type='arc' />
<calculationArc order='10' use='optional' weight='1.0' xlink:arcrole='http://www.xbrl.org/2003/arcrole/summation-item' xlink:from='loc_GainsLossesOnExtinguishmentOfDebt' xlink:to='loc_GainsLossesOnExtinguishmentOfDebtBeforeWriteOffOfDeferredDebtIssuanceCost' xlink:type='arc' />
<calculationArc order='20' use='optional' weight='-1.0' xlink:arcrole='http://www.xbrl.org/2003/arcrole/summation-item' xlink:from='loc_GainsLossesOnExtinguishmentOfDebt' xlink:to='loc_WriteOffOfDeferredDebtIssuanceCost' xlink:type='arc' />
<calculationArc order='130' weight='-1.0' xlink:arcrole='http://www.xbrl.org/2003/arcrole/summation-item' xlink:from='loc_OperatingExpenses' xlink:to='loc_GainLossOnDerivativeInstrumentsNetPretax' xlink:type='arc' />
<calculationArc order='10' weight='1.0' xlink:arcrole='http://www.xbrl.org/2003/arcrole/summation-item' xlink:from='loc_GainLossOnDerivativeInstrumentsNetPretax' xlink:to='loc_GainLossFromPriceRiskManagementActivity' xlink:type='arc' />
<calculationArc order='20' weight='1.0' xlink:arcrole='http://www.xbrl.org/2003/arcrole/summation-item' xlink:from='loc_GainLossOnDerivativeInstrumentsNetPretax' xlink:to='loc_GainLossOnOilAndGasHedgingActivity' xlink:type='arc' />
<calculationArc order='30' weight='1.0' xlink:arcrole='http://www.xbrl.org/2003/arcrole/summation-item' xlink:from='loc_GainLossOnDerivativeInstrumentsNetPretax' xlink:to='loc_GainLossOnDerivativeInstrumentsHeldForTradingPurposesNet' xlink:type='arc' />
<calculationArc order='40' weight='1.0' xlink:arcrole='http://www.xbrl.org/2003/arcrole/summation-item' xlink:from='loc_GainLossOnDerivativeInstrumentsNetPretax' xlink:to='loc_IncreaseDecreaseInFairValueOfUnhedgedDerivativeInstruments' xlink:type='arc' />
<calculationArc order='30' weight='1.0' xlink:arcrole='http://www.xbrl.org/2003/arcrole/summation-item' xlink:from='loc_IncomeLossFromContinuingOperationsBeforeIncomeTaxesMinorityInterestAndIncomeLossFromEquityMethodInvestments' xlink:to='loc_NonoperatingGainsLosses' xlink:type='arc' />
<calculationArc order='10' weight='1.0' xlink:arcrole='http://www.xbrl.org/2003/arcrole/summation-item' xlink:from='loc_NonoperatingGainsLosses' xlink:to='loc_DisposalGroupNotDiscontinuedOperationGainLossOnDisposal' xlink:type='arc' />
<calculationArc order='20' weight='1.0' xlink:arcrole='http://www.xbrl.org/2003/arcrole/summation-item' xlink:from='loc_NonoperatingGainsLosses' xlink:to='loc_GainLossOnSaleOfPreviouslyUnissuedStockBySubsidiaryOrEquityInvesteeNonoperatingIncome' xlink:type='arc' />
<calculationArc order='30' weight='1.0' xlink:arcrole='http://www.xbrl.org/2003/arcrole/summation-item' xlink:from='loc_NonoperatingGainsLosses' xlink:to='loc_OtherNonoperatingGainsLosses' xlink:type='arc' />
<calculationArc order='20' weight='-1.0' xlink:arcrole='http://www.xbrl.org/2003/arcrole/summation-item' xlink:from='loc_IncomeLossFromContinuingOperationsIncludingPortionAttributableToNoncontrollingInterest' xlink:to='loc_IncomeTaxExpenseBenefit' xlink:type='arc' />
<calculationArc order='10' weight='1.0' xlink:arcrole='http://www.xbrl.org/2003/arcrole/summation-item' xlink:from='loc_IncomeTaxExpenseBenefit' xlink:to='loc_CurrentIncomeTaxExpenseBenefit' xlink:type='arc' />
<calculationArc order='10' use='optional' weight='1.0' xlink:arcrole='http://www.xbrl.org/2003/arcrole/summation-item' xlink:from='loc_CurrentIncomeTaxExpenseBenefit' xlink:to='loc_CurrentFederalTaxExpenseBenefit' xlink:type='arc' />
<calculationArc order='20' use='optional' weight='1.0' xlink:arcrole='http://www.xbrl.org/2003/arcrole/summation-item' xlink:from='loc_CurrentIncomeTaxExpenseBenefit' xlink:to='loc_CurrentStateAndLocalTaxExpenseBenefit' xlink:type='arc' />
<calculationArc order='30' use='optional' weight='1.0' xlink:arcrole='http://www.xbrl.org/2003/arcrole/summation-item' xlink:from='loc_CurrentIncomeTaxExpenseBenefit' xlink:to='loc_CurrentForeignTaxExpenseBenefit' xlink:type='arc' />
<calculationArc order='20' weight='1.0' xlink:arcrole='http://www.xbrl.org/2003/arcrole/summation-item' xlink:from='loc_IncomeTaxExpenseBenefit' xlink:to='loc_DeferredIncomeTaxExpenseBenefit' xlink:type='arc' />
<calculationArc order='10' use='optional' weight='1.0' xlink:arcrole='http://www.xbrl.org/2003/arcrole/summation-item' xlink:from='loc_DeferredIncomeTaxExpenseBenefit' xlink:to='loc_DeferredFederalIncomeTaxExpenseBenefit' xlink:type='arc' />
<calculationArc order='20' use='optional' weight='1.0' xlink:arcrole='http://www.xbrl.org/2003/arcrole/summation-item' xlink:from='loc_DeferredIncomeTaxExpenseBenefit' xlink:to='loc_DeferredStateAndLocalIncomeTaxExpenseBenefit' xlink:type='arc' />
<calculationArc order='30' use='optional' weight='1.0' xlink:arcrole='http://www.xbrl.org/2003/arcrole/summation-item' xlink:from='loc_DeferredIncomeTaxExpenseBenefit' xlink:to='loc_DeferredForeignIncomeTaxExpenseBenefit' xlink:type='arc' />
<calculationArc order='30' weight='1.0' xlink:arcrole='http://www.xbrl.org/2003/arcrole/summation-item' xlink:from='loc_IncomeTaxExpenseBenefit' xlink:to='loc_OtherTaxExpenseBenefit' xlink:type='arc' />
<calculationArc order='40' weight='1.0' xlink:arcrole='http://www.xbrl.org/2003/arcrole/summation-item' xlink:from='loc_IncomeTaxExpenseBenefit' xlink:to='loc_DeferredOtherTaxExpenseBenefit' xlink:type='arc' />
<calculationArc order='50' weight='1.0' xlink:arcrole='http://www.xbrl.org/2003/arcrole/summation-item' xlink:from='loc_IncomeTaxExpenseBenefit' xlink:to='loc_TaxAdjustmentsSettlementsAndUnusualProvisions' xlink:type='arc' />
<calculationArc order='30' weight='1.0' xlink:arcrole='http://www.xbrl.org/2003/arcrole/summation-item' xlink:from='loc_IncomeLossFromContinuingOperationsIncludingPortionAttributableToNoncontrollingInterest' xlink:to='loc_IncomeLossFromEquityMethodInvestments' xlink:type='arc' />
<calculationArc order='20' weight='-1.0' xlink:arcrole='http://www.xbrl.org/2003/arcrole/summation-item' xlink:from='loc_IncomeLossFromContinuingOperations' xlink:to='loc_IncomeLossFromContinuingOperationsAttributableToNoncontrollingEntity' xlink:type='arc' />
<calculationArc order='10' weight='1.0' xlink:arcrole='http://www.xbrl.org/2003/arcrole/summation-item' xlink:from='loc_NetIncomeLossAvailableToCommonStockholdersBasic' xlink:to='loc_NetIncomeLoss' xlink:type='arc' />
<calculationArc order='10' weight='1.0' xlink:arcrole='http://www.xbrl.org/2003/arcrole/summation-item' xlink:from='loc_NetIncomeLoss' xlink:to='loc_ProfitLoss' xlink:type='arc' />
<calculationArc order='10' weight='1.0' xlink:arcrole='http://www.xbrl.org/2003/arcrole/summation-item' xlink:from='loc_ProfitLoss' xlink:to='loc_CumulativeEffectOfChangeInAccountingPrinciplePresentedOnIncomeStatementNetOfTax' xlink:type='arc' />
<calculationArc order='10' weight='1.0' xlink:arcrole='http://www.xbrl.org/2003/arcrole/summation-item' xlink:from='loc_CumulativeEffectOfChangeInAccountingPrinciplePresentedOnIncomeStatementNetOfTax' xlink:to='loc_CumulativeEffectOfChangeInAccountingPrinciplePresentedOnIncomeStatementBeforeTax' xlink:type='arc' />
<calculationArc order='20' weight='-1.0' xlink:arcrole='http://www.xbrl.org/2003/arcrole/summation-item' xlink:from='loc_CumulativeEffectOfChangeInAccountingPrinciplePresentedOnIncomeStatementNetOfTax' xlink:to='loc_CumulativeEffectOfChangeInAccountingPrinciplePresentedOnIncomeStatementTax' xlink:type='arc' />
<calculationArc order='20' weight='1.0' xlink:arcrole='http://www.xbrl.org/2003/arcrole/summation-item' xlink:from='loc_ProfitLoss' xlink:to='loc_IncomeLossBeforeCumulativeEffectOfChangeInAccountingPrinciple' xlink:type='arc' />
<calculationArc order='10' weight='1.0' xlink:arcrole='http://www.xbrl.org/2003/arcrole/summation-item' xlink:from='loc_IncomeLossBeforeCumulativeEffectOfChangeInAccountingPrinciple' xlink:to='loc_ExtraordinaryItemNetOfTax' xlink:type='arc' />
<calculationArc order='10' weight='1.0' xlink:arcrole='http://www.xbrl.org/2003/arcrole/summation-item' xlink:from='loc_ExtraordinaryItemNetOfTax' xlink:to='loc_ExtraordinaryItemsGross' xlink:type='arc' />
<calculationArc order='10' weight='1.0' xlink:arcrole='http://www.xbrl.org/2003/arcrole/summation-item' xlink:from='loc_ExtraordinaryItemsGross' xlink:to='loc_GainOnPurchaseOfBusiness' xlink:type='arc' />
<calculationArc order='20' use='optional' weight='1.0' xlink:arcrole='http://www.xbrl.org/2003/arcrole/summation-item' xlink:from='loc_ExtraordinaryItemsGross' xlink:to='loc_GainLossFromAdjustmentsToPriorPeriodExtraordinaryItems' xlink:type='arc' />
<calculationArc order='30' weight='1.0' xlink:arcrole='http://www.xbrl.org/2003/arcrole/summation-item' xlink:from='loc_ExtraordinaryItemsGross' xlink:to='loc_ExtraordinaryItemOfInvestee' xlink:type='arc' />
<calculationArc order='40' weight='1.0' xlink:arcrole='http://www.xbrl.org/2003/arcrole/summation-item' xlink:from='loc_ExtraordinaryItemsGross' xlink:to='loc_OtherExtraordinaryGainLoss' xlink:type='arc' />
<calculationArc order='20' weight='-1.0' xlink:arcrole='http://www.xbrl.org/2003/arcrole/summation-item' xlink:from='loc_ExtraordinaryItemNetOfTax' xlink:to='loc_TaxEffectOfExtraordinaryItem' xlink:type='arc' />
<calculationArc order='20' weight='1.0' xlink:arcrole='http://www.xbrl.org/2003/arcrole/summation-item' xlink:from='loc_IncomeLossBeforeCumulativeEffectOfChangeInAccountingPrinciple' xlink:to='loc_IncomeLossBeforeExtraordinaryItemsAndCumulativeEffectOfChangeInAccountingPrinciple' xlink:type='arc' />
<calculationArc order='10' weight='1.0' xlink:arcrole='http://www.xbrl.org/2003/arcrole/summation-item' xlink:from='loc_IncomeLossBeforeExtraordinaryItemsAndCumulativeEffectOfChangeInAccountingPrinciple' xlink:to='loc_IncomeLossFromContinuingOperationsIncludingPortionAttributableToNoncontrollingInterest' xlink:type='arc' />
<calculationArc order='20' weight='1.0' xlink:arcrole='http://www.xbrl.org/2003/arcrole/summation-item' xlink:from='loc_IncomeLossBeforeExtraordinaryItemsAndCumulativeEffectOfChangeInAccountingPrinciple' xlink:to='loc_IncomeLossFromDiscontinuedOperationsNetOfTax' xlink:type='arc' />
<calculationArc order='10' weight='1.0' xlink:arcrole='http://www.xbrl.org/2003/arcrole/summation-item' xlink:from='loc_IncomeLossFromDiscontinuedOperationsNetOfTax' xlink:to='loc_DiscontinuedOperationIncomeLossFromDiscontinuedOperationBeforeIncomeTax' xlink:type='arc' />
<calculationArc order='20' weight='-1.0' xlink:arcrole='http://www.xbrl.org/2003/arcrole/summation-item' xlink:from='loc_IncomeLossFromDiscontinuedOperationsNetOfTax' xlink:to='loc_DiscontinuedOperationTaxEffectOfDiscontinuedOperation' xlink:type='arc' />
<calculationArc order='20' weight='-1.0' xlink:arcrole='http://www.xbrl.org/2003/arcrole/summation-item' xlink:from='loc_NetIncomeLoss' xlink:to='loc_NetIncomeLossAttributableToNoncontrollingInterest' xlink:type='arc' />
<calculationArc order='10' weight='1.0' xlink:arcrole='http://www.xbrl.org/2003/arcrole/summation-item' xlink:from='loc_NetIncomeLossAttributableToNoncontrollingInterest' xlink:to='loc_MinorityInterestInNetIncomeLossPreferredUnitHolders' xlink:type='arc' />
<calculationArc order='20' weight='1.0' xlink:arcrole='http://www.xbrl.org/2003/arcrole/summation-item' xlink:from='loc_NetIncomeLossAttributableToNoncontrollingInterest' xlink:to='loc_MinorityInterestInNetIncomeLossLimitedPartnerships' xlink:type='arc' />
<calculationArc order='30' weight='1.0' xlink:arcrole='http://www.xbrl.org/2003/arcrole/summation-item' xlink:from='loc_NetIncomeLossAttributableToNoncontrollingInterest' xlink:to='loc_MinorityInterestInNetIncomeLossJointVenturePartners' xlink:type='arc' />
<calculationArc order='40' weight='1.0' xlink:arcrole='http://www.xbrl.org/2003/arcrole/summation-item' xlink:from='loc_NetIncomeLossAttributableToNoncontrollingInterest' xlink:to='loc_MinorityInterestInNetIncomeLossOperatingPartnerships' xlink:type='arc' />
<calculationArc order='50' weight='1.0' xlink:arcrole='http://www.xbrl.org/2003/arcrole/summation-item' xlink:from='loc_NetIncomeLossAttributableToNoncontrollingInterest' xlink:to='loc_MinorityInterestInNetIncomeLossOtherMinorityInterests' xlink:type='arc' />
<calculationArc order='20' weight='-1.0' xlink:arcrole='http://www.xbrl.org/2003/arcrole/summation-item' xlink:from='loc_NetIncomeLossAvailableToCommonStockholdersBasic' xlink:to='loc_PreferredStockDividendsAndOtherAdjustments' xlink:type='arc' />
<calculationArc order='10' use='optional' weight='1.0' xlink:arcrole='http://www.xbrl.org/2003/arcrole/summation-item' xlink:from='loc_PreferredStockDividendsAndOtherAdjustments' xlink:to='loc_PreferredStockDividends' xlink:type='arc' />
<calculationArc order='20' use='optional' weight='1.0' xlink:arcrole='http://www.xbrl.org/2003/arcrole/summation-item' xlink:from='loc_PreferredStockDividendsAndOtherAdjustments' xlink:to='loc_RedeemablePreferredStockDividends' xlink:type='arc' />
<calculationArc order='30' use='optional' weight='1.0' xlink:arcrole='http://www.xbrl.org/2003/arcrole/summation-item' xlink:from='loc_PreferredStockDividendsAndOtherAdjustments' xlink:to='loc_ConvertiblePreferredStockConvertedToOtherSecurities' xlink:type='arc' />
<calculationArc order='40' weight='1.0' xlink:arcrole='http://www.xbrl.org/2003/arcrole/summation-item' xlink:from='loc_PreferredStockDividendsAndOtherAdjustments' xlink:to='loc_PreferredStockRedemptionPremium' xlink:type='arc' />
<calculationArc order='50' weight='1.0' xlink:arcrole='http://www.xbrl.org/2003/arcrole/summation-item' xlink:from='loc_PreferredStockDividendsAndOtherAdjustments' xlink:to='loc_PreferredStockConversionsInducements' xlink:type='arc' />
<calculationArc order='60' weight='1.0' xlink:arcrole='http://www.xbrl.org/2003/arcrole/summation-item' xlink:from='loc_PreferredStockDividendsAndOtherAdjustments' xlink:to='loc_RedeemablePreferredStockIncreaseDecreaseInCarryingAmount' xlink:type='arc' />
<calculationArc order='70' weight='1.0' xlink:arcrole='http://www.xbrl.org/2003/arcrole/summation-item' xlink:from='loc_PreferredStockDividendsAndOtherAdjustments' xlink:to='loc_GeneralPartnerDistributions' xlink:type='arc' />
<calculationArc order='80' weight='1.0' xlink:arcrole='http://www.xbrl.org/2003/arcrole/summation-item' xlink:from='loc_PreferredStockDividendsAndOtherAdjustments' xlink:to='loc_OtherPreferredStockDividendsAndAdjustments' xlink:type='arc' />
<calculationArc order='10' weight='1.0' xlink:arcrole='http://www.xbrl.org/2003/arcrole/summation-item' xlink:from='loc_NetIncomeLossPerOutstandingGeneralPartnershipUnit' xlink:to='loc_IncomeLossFromExtraordinaryItemsNetOfTaxPerOutstandingGeneralPartnershipUnit' xlink:type='arc' />
<calculationArc order='20' weight='1.0' xlink:arcrole='http://www.xbrl.org/2003/arcrole/summation-item' xlink:from='loc_NetIncomeLossPerOutstandingGeneralPartnershipUnit' xlink:to='loc_CumulativeEffectOfChangeInAccountingPrincipleNetOfTaxPerOutstandingGeneralPartnershipUnit' xlink:type='arc' />
<calculationArc order='30' weight='1.0' xlink:arcrole='http://www.xbrl.org/2003/arcrole/summation-item' xlink:from='loc_NetIncomeLossPerOutstandingGeneralPartnershipUnit' xlink:to='loc_IncomeLossBeforeExtraordinaryItemsAndCumulativeEffectOfChangeInAccountingPrinciplePerOutstandingGeneralPartnershipUnit' xlink:type='arc' />
<calculationArc order='10' weight='1.0' xlink:arcrole='http://www.xbrl.org/2003/arcrole/summation-item' xlink:from='loc_IncomeLossBeforeExtraordinaryItemsAndCumulativeEffectOfChangeInAccountingPrinciplePerOutstandingGeneralPartnershipUnit' xlink:to='loc_IncomeLossFromContinuingOperationsPerOutstandingGeneralPartnershipUnit' xlink:type='arc' />
<calculationArc order='20' weight='1.0' xlink:arcrole='http://www.xbrl.org/2003/arcrole/summation-item' xlink:from='loc_IncomeLossBeforeExtraordinaryItemsAndCumulativeEffectOfChangeInAccountingPrinciplePerOutstandingGeneralPartnershipUnit' xlink:to='loc_IncomeLossFromDiscontinuedOperationsNetOfTaxPerOutstandingGeneralPartnershipUnit' xlink:type='arc' />
<calculationArc order='10' weight='1.0' xlink:arcrole='http://www.xbrl.org/2003/arcrole/summation-item' xlink:from='loc_IncomeLossFromDiscontinuedOperationsNetOfTaxAttributableToReportingEntity' xlink:to='loc_IncomeLossFromDiscontinuedOperationsNetOfTax' xlink:type='arc' />
<calculationArc order='20' weight='-1.0' xlink:arcrole='http://www.xbrl.org/2003/arcrole/summation-item' xlink:from='loc_IncomeLossFromDiscontinuedOperationsNetOfTaxAttributableToReportingEntity' xlink:to='loc_IncomeLossFromDiscontinuedOperationsNetOfTaxAttributableToNoncontrollingInterest' xlink:type='arc' />
<calculationArc order='10' weight='1.0' xlink:arcrole='http://www.xbrl.org/2003/arcrole/summation-item' xlink:from='loc_ExtraordinaryItemGainOrLossNetOfTaxAttributableToReportingEntity' xlink:to='loc_ExtraordinaryItemNetOfTax' xlink:type='arc' />
<calculationArc order='20' weight='-1.0' xlink:arcrole='http://www.xbrl.org/2003/arcrole/summation-item' xlink:from='loc_ExtraordinaryItemGainOrLossNetOfTaxAttributableToReportingEntity' xlink:to='loc_ExtraordinaryItemGainOrLossNetOfTaxAttributableToNoncontrollingInterest' xlink:type='arc' />
<calculationArc order='10' weight='1.0' xlink:arcrole='http://www.xbrl.org/2003/arcrole/summation-item' xlink:from='loc_CumulativeEffectOfChangeInAccountingPrinciplePresentedOnIncomeStatementNetOfTaxAttributableToReportingEntity' xlink:to='loc_CumulativeEffectOfChangeInAccountingPrinciplePresentedOnIncomeStatementNetOfTax' xlink:type='arc' />
<calculationArc order='20' weight='-1.0' xlink:arcrole='http://www.xbrl.org/2003/arcrole/summation-item' xlink:from='loc_CumulativeEffectOfChangeInAccountingPrinciplePresentedOnIncomeStatementNetOfTaxAttributableToReportingEntity' xlink:to='loc_CumulativeEffectOfChangeInAccountingPrinciplePresentedOnIncomeStatementNetOfTaxAttributableToNoncontrollingInterest' xlink:type='arc' />
<calculationArc order='10' weight='1.0' xlink:arcrole='http://www.xbrl.org/2003/arcrole/summation-item' xlink:from='loc_NetIncomeLossPerOutstandingLimitedPartnershipUnitDiluted' xlink:to='loc_CumulativeEffectOfChangeInAccountingPrincipleNetOfTaxPerOutstandingLimitedPartnershipUnitDiluted' xlink:type='arc' />
<calculationArc order='20' weight='1.0' xlink:arcrole='http://www.xbrl.org/2003/arcrole/summation-item' xlink:from='loc_NetIncomeLossPerOutstandingLimitedPartnershipUnitDiluted' xlink:to='loc_IncomeLossBeforeCumulativeEffectOfChangeInAccountingPrinciplePerOutstandingLimitedPartnershipUnitDiluted' xlink:type='arc' />
<calculationArc order='10' weight='1.0' xlink:arcrole='http://www.xbrl.org/2003/arcrole/summation-item' xlink:from='loc_IncomeLossBeforeCumulativeEffectOfChangeInAccountingPrinciplePerOutstandingLimitedPartnershipUnitDiluted' xlink:to='loc_IncomeLossFromExtraordinaryItemsNetOfTaxPerOutstandingLimitedPartnershipUnitDiluted' xlink:type='arc' />
<calculationArc order='20' weight='1.0' xlink:arcrole='http://www.xbrl.org/2003/arcrole/summation-item' xlink:from='loc_IncomeLossBeforeCumulativeEffectOfChangeInAccountingPrinciplePerOutstandingLimitedPartnershipUnitDiluted' xlink:to='loc_IncomeLossBeforeExtraordinaryItemsAndCumulativeEffectOfChangeInAccountingPrinciplePerOutstandingLimitedPartnershipUnitDiluted' xlink:type='arc' />
<calculationArc order='10' weight='1.0' xlink:arcrole='http://www.xbrl.org/2003/arcrole/summation-item' xlink:from='loc_IncomeLossBeforeExtraordinaryItemsAndCumulativeEffectOfChangeInAccountingPrinciplePerOutstandingLimitedPartnershipUnitDiluted' xlink:to='loc_IncomeLossFromContinuingOperationsPerOutstandingLimitedPartnershipUnitDiluted' xlink:type='arc' />
<calculationArc order='20' weight='1.0' xlink:arcrole='http://www.xbrl.org/2003/arcrole/summation-item' xlink:from='loc_IncomeLossBeforeExtraordinaryItemsAndCumulativeEffectOfChangeInAccountingPrinciplePerOutstandingLimitedPartnershipUnitDiluted' xlink:to='loc_IncomeLossFromDiscontinuedOperationsNetOfTaxPerOutstandingLimitedPartnershipUnitDiluted' xlink:type='arc' />
</calculationLink>
</link:linkbase>
