<?xml version="1.0" encoding="UTF-8" standalone="no"?>

<!--Copyright (C) 2007-2009 XBRL US, Inc. All Rights Reserved.
Notice: Authorized Uses are Set Forth at http://xbrl.us/legal2009
  -->
<link:linkbase xmlns:link='http://www.xbrl.org/2003/linkbase' xmlns:xlink='http://www.w3.org/1999/xlink' xmlns:xsi='http://www.w3.org/2001/XMLSchema-instance' xsi:schemaLocation='http://www.xbrl.org/2003/linkbase http://www.xbrl.org/2003/xbrl-linkbase-2003-12-31.xsd'>
<link:roleRef roleURI='http://xbrl.us/us-gaap/role/statement/StatementOfOtherComprehensiveIncomeFirstAlternate' xlink:href='../elts/us-roles-2009-01-31.xsd#soc1' xlink:type='simple' />
<calculationLink xlink:role='http://xbrl.us/us-gaap/role/statement/StatementOfOtherComprehensiveIncomeFirstAlternate' xlink:type='extended' xmlns='http://www.xbrl.org/2003/linkbase'>
<link:loc xlink:href='../elts/us-gaap-2009-01-31.xsd#us-gaap_ComprehensiveIncomeNetOfTax' xlink:label='loc_ComprehensiveIncomeNetOfTax' xlink:type='locator' />
<link:loc xlink:href='../elts/us-gaap-2009-01-31.xsd#us-gaap_ComprehensiveIncomeNetOfTaxIncludingPortionAttributableToNoncontrollingInterest' xlink:label='loc_ComprehensiveIncomeNetOfTaxIncludingPortionAttributableToNoncontrollingInterest' xlink:type='locator' />
<link:loc xlink:href='../elts/us-gaap-2009-01-31.xsd#us-gaap_OtherComprehensiveIncomeLossNetOfTaxPeriodIncreaseDecrease' xlink:label='loc_OtherComprehensiveIncomeLossNetOfTaxPeriodIncreaseDecrease' xlink:type='locator' />
<link:loc xlink:href='../elts/us-gaap-2009-01-31.xsd#us-gaap_OtherComprehensiveIncomeLossBeforeTaxPeriodIncreaseDecrease' xlink:label='loc_OtherComprehensiveIncomeLossBeforeTaxPeriodIncreaseDecrease' xlink:type='locator' />
<link:loc xlink:href='../elts/us-gaap-2009-01-31.xsd#us-gaap_OtherComprehensiveIncomeForeignCurrencyTransactionAndTranslationAdjustmentBeforeTaxPeriodIncreaseDecrease' xlink:label='loc_OtherComprehensiveIncomeForeignCurrencyTransactionAndTranslationAdjustmentBeforeTaxPeriodIncreaseDecrease' xlink:type='locator' />
<link:loc xlink:href='../elts/us-gaap-2009-01-31.xsd#us-gaap_OtherComprehensiveIncomeDefinedBenefitPlansAdjustmentBeforeTaxPeriodIncreaseDecrease' xlink:label='loc_OtherComprehensiveIncomeDefinedBenefitPlansAdjustmentBeforeTaxPeriodIncreaseDecrease' xlink:type='locator' />
<link:loc xlink:href='../elts/us-gaap-2009-01-31.xsd#us-gaap_OtherComprehensiveIncomeAvailableForSaleSecuritiesAdjustmentBeforeTaxPeriodIncreaseDecrease' xlink:label='loc_OtherComprehensiveIncomeAvailableForSaleSecuritiesAdjustmentBeforeTaxPeriodIncreaseDecrease' xlink:type='locator' />
<link:loc xlink:href='../elts/us-gaap-2009-01-31.xsd#us-gaap_OtherComprehensiveIncomeDerivativesQualifyingAsHedgesBeforeTaxPeriodIncreaseDecrease' xlink:label='loc_OtherComprehensiveIncomeDerivativesQualifyingAsHedgesBeforeTaxPeriodIncreaseDecrease' xlink:type='locator' />
<link:loc xlink:href='../elts/us-gaap-2009-01-31.xsd#us-gaap_OtherComprehensiveIncomeLossTax' xlink:label='loc_OtherComprehensiveIncomeLossTax' xlink:type='locator' />
<link:loc xlink:href='../elts/us-gaap-2009-01-31.xsd#us-gaap_OtherComprehensiveIncomeForeignCurrencyTranslationAdjustmentTax' xlink:label='loc_OtherComprehensiveIncomeForeignCurrencyTranslationAdjustmentTax' xlink:type='locator' />
<link:loc xlink:href='../elts/us-gaap-2009-01-31.xsd#us-gaap_OtherComprehensiveIncomeDefinedBenefitPlansTax' xlink:label='loc_OtherComprehensiveIncomeDefinedBenefitPlansTax' xlink:type='locator' />
<link:loc xlink:href='../elts/us-gaap-2009-01-31.xsd#us-gaap_OtherComprehensiveIncomeAvailableForSaleSecuritiesTax' xlink:label='loc_OtherComprehensiveIncomeAvailableForSaleSecuritiesTax' xlink:type='locator' />
<link:loc xlink:href='../elts/us-gaap-2009-01-31.xsd#us-gaap_OtherComprehensiveIncomeDerivativesQualifyingAsHedgesTaxEffectPeriodIncreaseDecrease' xlink:label='loc_OtherComprehensiveIncomeDerivativesQualifyingAsHedgesTaxEffectPeriodIncreaseDecrease' xlink:type='locator' />
<link:loc xlink:href='../elts/us-gaap-2009-01-31.xsd#us-gaap_ProfitLoss' xlink:label='loc_ProfitLoss' xlink:type='locator' />
<link:loc xlink:href='../elts/us-gaap-2009-01-31.xsd#us-gaap_IncomeLossFromDiscontinuedOperationsNetOfTax' xlink:label='loc_IncomeLossFromDiscontinuedOperationsNetOfTax' xlink:type='locator' />
<link:loc xlink:href='../elts/us-gaap-2009-01-31.xsd#us-gaap_ExtraordinaryItemNetOfTax' xlink:label='loc_ExtraordinaryItemNetOfTax' xlink:type='locator' />
<link:loc xlink:href='../elts/us-gaap-2009-01-31.xsd#us-gaap_CumulativeEffectOfChangeInAccountingPrinciplePresentedOnIncomeStatementNetOfTax' xlink:label='loc_CumulativeEffectOfChangeInAccountingPrinciplePresentedOnIncomeStatementNetOfTax' xlink:type='locator' />
<link:loc xlink:href='../elts/us-gaap-2009-01-31.xsd#us-gaap_IncomeLossFromContinuingOperationsIncludingPortionAttributableToNoncontrollingInterest' xlink:label='loc_IncomeLossFromContinuingOperationsIncludingPortionAttributableToNoncontrollingInterest' xlink:type='locator' />
<link:loc xlink:href='../elts/us-gaap-2009-01-31.xsd#us-gaap_ComprehensiveIncomeNetOfTaxAttributableToNoncontrollingInterest' xlink:label='loc_ComprehensiveIncomeNetOfTaxAttributableToNoncontrollingInterest' xlink:type='locator' />
<link:loc xlink:href='../elts/us-gaap-2009-01-31.xsd#us-gaap_NetIncomeLossAttributableToNoncontrollingInterest' xlink:label='loc_NetIncomeLossAttributableToNoncontrollingInterest' xlink:type='locator' />
<link:loc xlink:href='../elts/us-gaap-2009-01-31.xsd#us-gaap_MinorityInterestInNetIncomeLossLimitedPartnerships' xlink:label='loc_MinorityInterestInNetIncomeLossLimitedPartnerships' xlink:type='locator' />
<link:loc xlink:href='../elts/us-gaap-2009-01-31.xsd#us-gaap_MinorityInterestInNetIncomeLossOperatingPartnerships' xlink:label='loc_MinorityInterestInNetIncomeLossOperatingPartnerships' xlink:type='locator' />
<link:loc xlink:href='../elts/us-gaap-2009-01-31.xsd#us-gaap_MinorityInterestInNetIncomeLossPreferredUnitHolders' xlink:label='loc_MinorityInterestInNetIncomeLossPreferredUnitHolders' xlink:type='locator' />
<link:loc xlink:href='../elts/us-gaap-2009-01-31.xsd#us-gaap_MinorityInterestInNetIncomeLossJointVenturePartners' xlink:label='loc_MinorityInterestInNetIncomeLossJointVenturePartners' xlink:type='locator' />
<link:loc xlink:href='../elts/us-gaap-2009-01-31.xsd#us-gaap_MinorityInterestInNetIncomeLossOtherMinorityInterests' xlink:label='loc_MinorityInterestInNetIncomeLossOtherMinorityInterests' xlink:type='locator' />
<link:loc xlink:href='../elts/us-gaap-2009-01-31.xsd#us-gaap_OtherComprehensiveIncomeLossNetOfTaxPortionAttributableToNoncontrollingInterest' xlink:label='loc_OtherComprehensiveIncomeLossNetOfTaxPortionAttributableToNoncontrollingInterest' xlink:type='locator' />
<link:loc xlink:href='../elts/us-gaap-2009-01-31.xsd#us-gaap_OtherComprehensiveIncomeLossBeforeTaxPortionAttributableToNoncontrollingInterest' xlink:label='loc_OtherComprehensiveIncomeLossBeforeTaxPortionAttributableToNoncontrollingInterest' xlink:type='locator' />
<link:loc xlink:href='../elts/us-gaap-2009-01-31.xsd#us-gaap_OtherComprehensiveIncomeForeignCurrencyTransactionAndTranslationAdjustmentBeforeTaxPortionAttributableToNoncontrollingInterest' xlink:label='loc_OtherComprehensiveIncomeForeignCurrencyTransactionAndTranslationAdjustmentBeforeTaxPortionAttributableToNoncontrollingInterest' xlink:type='locator' />
<link:loc xlink:href='../elts/us-gaap-2009-01-31.xsd#us-gaap_OtherComprehensiveIncomeDefinedBenefitPlansAdjustmentBeforeTaxPortionAttributableToNoncontrollingInterest' xlink:label='loc_OtherComprehensiveIncomeDefinedBenefitPlansAdjustmentBeforeTaxPortionAttributableToNoncontrollingInterest' xlink:type='locator' />
<link:loc xlink:href='../elts/us-gaap-2009-01-31.xsd#us-gaap_OtherComprehensiveIncomeAvailableforsaleSecuritiesAdjustmentBeforeTaxPortionAttributableToNoncontrollingInterest' xlink:label='loc_OtherComprehensiveIncomeAvailableforsaleSecuritiesAdjustmentBeforeTaxPortionAttributableToNoncontrollingInterest' xlink:type='locator' />
<link:loc xlink:href='../elts/us-gaap-2009-01-31.xsd#us-gaap_OtherComprehensiveIncomeDerivativesQualifyingAsHedgesBeforeTaxPortionAttributableToNoncontrollingInterest' xlink:label='loc_OtherComprehensiveIncomeDerivativesQualifyingAsHedgesBeforeTaxPortionAttributableToNoncontrollingInterest' xlink:type='locator' />
<link:loc xlink:href='../elts/us-gaap-2009-01-31.xsd#us-gaap_OtherComprehensiveIncomeLossTaxPortionAttributableToNoncontrollingInterest' xlink:label='loc_OtherComprehensiveIncomeLossTaxPortionAttributableToNoncontrollingInterest' xlink:type='locator' />
<link:loc xlink:href='../elts/us-gaap-2009-01-31.xsd#us-gaap_OtherComprehensiveIncomeForeignCurrencyTranslationAdjustmentTaxPortionAttributableToNoncontrollingInterest' xlink:label='loc_OtherComprehensiveIncomeForeignCurrencyTranslationAdjustmentTaxPortionAttributableToNoncontrollingInterest' xlink:type='locator' />
<link:loc xlink:href='../elts/us-gaap-2009-01-31.xsd#us-gaap_OtherComprehensiveIncomeDefinedBenefitPlansTaxPortionAttributableToNoncontrollingInterest' xlink:label='loc_OtherComprehensiveIncomeDefinedBenefitPlansTaxPortionAttributableToNoncontrollingInterest' xlink:type='locator' />
<link:loc xlink:href='../elts/us-gaap-2009-01-31.xsd#us-gaap_OtherComprehensiveIncomeAvailableforsaleSecuritiesTaxPortionAttributableToNoncontrollingInterest' xlink:label='loc_OtherComprehensiveIncomeAvailableforsaleSecuritiesTaxPortionAttributableToNoncontrollingInterest' xlink:type='locator' />
<link:loc xlink:href='../elts/us-gaap-2009-01-31.xsd#us-gaap_OtherComprehensiveIncomeDerivativesQualifyingAsHedgesTaxPortionAttributableToNoncontrollingInterest' xlink:label='loc_OtherComprehensiveIncomeDerivativesQualifyingAsHedgesTaxPortionAttributableToNoncontrollingInterest' xlink:type='locator' />
<calculationArc order='10' weight='1.0' xlink:arcrole='http://www.xbrl.org/2003/arcrole/summation-item' xlink:from='loc_ComprehensiveIncomeNetOfTax' xlink:to='loc_ComprehensiveIncomeNetOfTaxIncludingPortionAttributableToNoncontrollingInterest' xlink:type='arc' />
<calculationArc order='10' weight='1.0' xlink:arcrole='http://www.xbrl.org/2003/arcrole/summation-item' xlink:from='loc_ComprehensiveIncomeNetOfTaxIncludingPortionAttributableToNoncontrollingInterest' xlink:to='loc_OtherComprehensiveIncomeLossNetOfTaxPeriodIncreaseDecrease' xlink:type='arc' />
<calculationArc order='10' weight='1.0' xlink:arcrole='http://www.xbrl.org/2003/arcrole/summation-item' xlink:from='loc_OtherComprehensiveIncomeLossNetOfTaxPeriodIncreaseDecrease' xlink:to='loc_OtherComprehensiveIncomeLossBeforeTaxPeriodIncreaseDecrease' xlink:type='arc' />
<calculationArc order='10' weight='1.0' xlink:arcrole='http://www.xbrl.org/2003/arcrole/summation-item' xlink:from='loc_OtherComprehensiveIncomeLossBeforeTaxPeriodIncreaseDecrease' xlink:to='loc_OtherComprehensiveIncomeForeignCurrencyTransactionAndTranslationAdjustmentBeforeTaxPeriodIncreaseDecrease' xlink:type='arc' />
<calculationArc order='20' weight='-1.0' xlink:arcrole='http://www.xbrl.org/2003/arcrole/summation-item' xlink:from='loc_OtherComprehensiveIncomeLossBeforeTaxPeriodIncreaseDecrease' xlink:to='loc_OtherComprehensiveIncomeDefinedBenefitPlansAdjustmentBeforeTaxPeriodIncreaseDecrease' xlink:type='arc' />
<calculationArc order='30' weight='1.0' xlink:arcrole='http://www.xbrl.org/2003/arcrole/summation-item' xlink:from='loc_OtherComprehensiveIncomeLossBeforeTaxPeriodIncreaseDecrease' xlink:to='loc_OtherComprehensiveIncomeAvailableForSaleSecuritiesAdjustmentBeforeTaxPeriodIncreaseDecrease' xlink:type='arc' />
<calculationArc order='40' weight='1.0' xlink:arcrole='http://www.xbrl.org/2003/arcrole/summation-item' xlink:from='loc_OtherComprehensiveIncomeLossBeforeTaxPeriodIncreaseDecrease' xlink:to='loc_OtherComprehensiveIncomeDerivativesQualifyingAsHedgesBeforeTaxPeriodIncreaseDecrease' xlink:type='arc' />
<calculationArc order='20' weight='-1.0' xlink:arcrole='http://www.xbrl.org/2003/arcrole/summation-item' xlink:from='loc_OtherComprehensiveIncomeLossNetOfTaxPeriodIncreaseDecrease' xlink:to='loc_OtherComprehensiveIncomeLossTax' xlink:type='arc' />
<calculationArc order='10' weight='1.0' xlink:arcrole='http://www.xbrl.org/2003/arcrole/summation-item' xlink:from='loc_OtherComprehensiveIncomeLossTax' xlink:to='loc_OtherComprehensiveIncomeForeignCurrencyTranslationAdjustmentTax' xlink:type='arc' />
<calculationArc order='20' weight='-1.0' xlink:arcrole='http://www.xbrl.org/2003/arcrole/summation-item' xlink:from='loc_OtherComprehensiveIncomeLossTax' xlink:to='loc_OtherComprehensiveIncomeDefinedBenefitPlansTax' xlink:type='arc' />
<calculationArc order='30' weight='1.0' xlink:arcrole='http://www.xbrl.org/2003/arcrole/summation-item' xlink:from='loc_OtherComprehensiveIncomeLossTax' xlink:to='loc_OtherComprehensiveIncomeAvailableForSaleSecuritiesTax' xlink:type='arc' />
<calculationArc order='40' weight='1.0' xlink:arcrole='http://www.xbrl.org/2003/arcrole/summation-item' xlink:from='loc_OtherComprehensiveIncomeLossTax' xlink:to='loc_OtherComprehensiveIncomeDerivativesQualifyingAsHedgesTaxEffectPeriodIncreaseDecrease' xlink:type='arc' />
<calculationArc order='20' weight='1.0' xlink:arcrole='http://www.xbrl.org/2003/arcrole/summation-item' xlink:from='loc_ComprehensiveIncomeNetOfTaxIncludingPortionAttributableToNoncontrollingInterest' xlink:to='loc_ProfitLoss' xlink:type='arc' />
<calculationArc order='10' weight='1.0' xlink:arcrole='http://www.xbrl.org/2003/arcrole/summation-item' xlink:from='loc_ProfitLoss' xlink:to='loc_IncomeLossFromDiscontinuedOperationsNetOfTax' xlink:type='arc' />
<calculationArc order='20' weight='1.0' xlink:arcrole='http://www.xbrl.org/2003/arcrole/summation-item' xlink:from='loc_ProfitLoss' xlink:to='loc_ExtraordinaryItemNetOfTax' xlink:type='arc' />
<calculationArc order='30' weight='1.0' xlink:arcrole='http://www.xbrl.org/2003/arcrole/summation-item' xlink:from='loc_ProfitLoss' xlink:to='loc_CumulativeEffectOfChangeInAccountingPrinciplePresentedOnIncomeStatementNetOfTax' xlink:type='arc' />
<calculationArc order='40' weight='1.0' xlink:arcrole='http://www.xbrl.org/2003/arcrole/summation-item' xlink:from='loc_ProfitLoss' xlink:to='loc_IncomeLossFromContinuingOperationsIncludingPortionAttributableToNoncontrollingInterest' xlink:type='arc' />
<calculationArc order='20' weight='-1.0' xlink:arcrole='http://www.xbrl.org/2003/arcrole/summation-item' xlink:from='loc_ComprehensiveIncomeNetOfTax' xlink:to='loc_ComprehensiveIncomeNetOfTaxAttributableToNoncontrollingInterest' xlink:type='arc' />
<calculationArc order='10' weight='1.0' xlink:arcrole='http://www.xbrl.org/2003/arcrole/summation-item' xlink:from='loc_ComprehensiveIncomeNetOfTaxAttributableToNoncontrollingInterest' xlink:to='loc_NetIncomeLossAttributableToNoncontrollingInterest' xlink:type='arc' />
<calculationArc order='10' weight='1.0' xlink:arcrole='http://www.xbrl.org/2003/arcrole/summation-item' xlink:from='loc_NetIncomeLossAttributableToNoncontrollingInterest' xlink:to='loc_MinorityInterestInNetIncomeLossLimitedPartnerships' xlink:type='arc' />
<calculationArc order='20' weight='1.0' xlink:arcrole='http://www.xbrl.org/2003/arcrole/summation-item' xlink:from='loc_NetIncomeLossAttributableToNoncontrollingInterest' xlink:to='loc_MinorityInterestInNetIncomeLossOperatingPartnerships' xlink:type='arc' />
<calculationArc order='30' weight='1.0' xlink:arcrole='http://www.xbrl.org/2003/arcrole/summation-item' xlink:from='loc_NetIncomeLossAttributableToNoncontrollingInterest' xlink:to='loc_MinorityInterestInNetIncomeLossPreferredUnitHolders' xlink:type='arc' />
<calculationArc order='40' weight='1.0' xlink:arcrole='http://www.xbrl.org/2003/arcrole/summation-item' xlink:from='loc_NetIncomeLossAttributableToNoncontrollingInterest' xlink:to='loc_MinorityInterestInNetIncomeLossJointVenturePartners' xlink:type='arc' />
<calculationArc order='50' weight='1.0' xlink:arcrole='http://www.xbrl.org/2003/arcrole/summation-item' xlink:from='loc_NetIncomeLossAttributableToNoncontrollingInterest' xlink:to='loc_MinorityInterestInNetIncomeLossOtherMinorityInterests' xlink:type='arc' />
<calculationArc order='20' weight='1.0' xlink:arcrole='http://www.xbrl.org/2003/arcrole/summation-item' xlink:from='loc_ComprehensiveIncomeNetOfTaxAttributableToNoncontrollingInterest' xlink:to='loc_OtherComprehensiveIncomeLossNetOfTaxPortionAttributableToNoncontrollingInterest' xlink:type='arc' />
<calculationArc order='10' weight='1.0' xlink:arcrole='http://www.xbrl.org/2003/arcrole/summation-item' xlink:from='loc_OtherComprehensiveIncomeLossNetOfTaxPortionAttributableToNoncontrollingInterest' xlink:to='loc_OtherComprehensiveIncomeLossBeforeTaxPortionAttributableToNoncontrollingInterest' xlink:type='arc' />
<calculationArc order='10' weight='1.0' xlink:arcrole='http://www.xbrl.org/2003/arcrole/summation-item' xlink:from='loc_OtherComprehensiveIncomeLossBeforeTaxPortionAttributableToNoncontrollingInterest' xlink:to='loc_OtherComprehensiveIncomeForeignCurrencyTransactionAndTranslationAdjustmentBeforeTaxPortionAttributableToNoncontrollingInterest' xlink:type='arc' />
<calculationArc order='20' weight='-1.0' xlink:arcrole='http://www.xbrl.org/2003/arcrole/summation-item' xlink:from='loc_OtherComprehensiveIncomeLossBeforeTaxPortionAttributableToNoncontrollingInterest' xlink:to='loc_OtherComprehensiveIncomeDefinedBenefitPlansAdjustmentBeforeTaxPortionAttributableToNoncontrollingInterest' xlink:type='arc' />
<calculationArc order='30' weight='1.0' xlink:arcrole='http://www.xbrl.org/2003/arcrole/summation-item' xlink:from='loc_OtherComprehensiveIncomeLossBeforeTaxPortionAttributableToNoncontrollingInterest' xlink:to='loc_OtherComprehensiveIncomeAvailableforsaleSecuritiesAdjustmentBeforeTaxPortionAttributableToNoncontrollingInterest' xlink:type='arc' />
<calculationArc order='40' weight='1.0' xlink:arcrole='http://www.xbrl.org/2003/arcrole/summation-item' xlink:from='loc_OtherComprehensiveIncomeLossBeforeTaxPortionAttributableToNoncontrollingInterest' xlink:to='loc_OtherComprehensiveIncomeDerivativesQualifyingAsHedgesBeforeTaxPortionAttributableToNoncontrollingInterest' xlink:type='arc' />
<calculationArc order='20' weight='-1.0' xlink:arcrole='http://www.xbrl.org/2003/arcrole/summation-item' xlink:from='loc_OtherComprehensiveIncomeLossNetOfTaxPortionAttributableToNoncontrollingInterest' xlink:to='loc_OtherComprehensiveIncomeLossTaxPortionAttributableToNoncontrollingInterest' xlink:type='arc' />
<calculationArc order='10' weight='1.0' xlink:arcrole='http://www.xbrl.org/2003/arcrole/summation-item' xlink:from='loc_OtherComprehensiveIncomeLossTaxPortionAttributableToNoncontrollingInterest' xlink:to='loc_OtherComprehensiveIncomeForeignCurrencyTranslationAdjustmentTaxPortionAttributableToNoncontrollingInterest' xlink:type='arc' />
<calculationArc order='20' weight='-1.0' xlink:arcrole='http://www.xbrl.org/2003/arcrole/summation-item' xlink:from='loc_OtherComprehensiveIncomeLossTaxPortionAttributableToNoncontrollingInterest' xlink:to='loc_OtherComprehensiveIncomeDefinedBenefitPlansTaxPortionAttributableToNoncontrollingInterest' xlink:type='arc' />
<calculationArc order='30' weight='1.0' xlink:arcrole='http://www.xbrl.org/2003/arcrole/summation-item' xlink:from='loc_OtherComprehensiveIncomeLossTaxPortionAttributableToNoncontrollingInterest' xlink:to='loc_OtherComprehensiveIncomeAvailableforsaleSecuritiesTaxPortionAttributableToNoncontrollingInterest' xlink:type='arc' />
<calculationArc order='40' weight='1.0' xlink:arcrole='http://www.xbrl.org/2003/arcrole/summation-item' xlink:from='loc_OtherComprehensiveIncomeLossTaxPortionAttributableToNoncontrollingInterest' xlink:to='loc_OtherComprehensiveIncomeDerivativesQualifyingAsHedgesTaxPortionAttributableToNoncontrollingInterest' xlink:type='arc' />
</calculationLink>
</link:linkbase>
