<?xml version="1.0" encoding="UTF-8" standalone="no"?>

<!--Copyright (C) 2007-2009 XBRL US, Inc. All Rights Reserved.
Notice: Authorized Uses are Set Forth at http://xbrl.us/legal2009
  -->
<link:linkbase xmlns:link='http://www.xbrl.org/2003/linkbase' xmlns:xlink='http://www.w3.org/1999/xlink' xmlns:xsi='http://www.w3.org/2001/XMLSchema-instance' xsi:schemaLocation='http://www.xbrl.org/2003/linkbase http://www.xbrl.org/2003/xbrl-linkbase-2003-12-31.xsd'>
<link:roleRef roleURI='http://xbrl.us/us-gaap/role/statement/StatementOfCashFlowsIndirectInvestmentBasedOperationsFifthAlternate' xlink:href='../elts/us-roles-2009-01-31.xsd#scf-inv5' xlink:type='simple' />
<calculationLink xlink:role='http://xbrl.us/us-gaap/role/statement/StatementOfCashFlowsIndirectInvestmentBasedOperationsFifthAlternate' xlink:type='extended' xmlns='http://www.xbrl.org/2003/linkbase'>
<link:loc xlink:href='../elts/us-gaap-2009-01-31.xsd#us-gaap_CashAndCashEquivalentsPeriodIncreaseDecrease' xlink:label='loc_CashAndCashEquivalentsPeriodIncreaseDecrease' xlink:type='locator' />
<link:loc xlink:href='../elts/us-gaap-2009-01-31.xsd#us-gaap_NetCashProvidedByUsedInOperatingActivitiesContinuingOperations' xlink:label='loc_NetCashProvidedByUsedInOperatingActivitiesContinuingOperations' xlink:type='locator' />
<link:loc xlink:href='../elts/us-gaap-2009-01-31.xsd#us-gaap_ProfitLoss' xlink:label='loc_ProfitLoss' xlink:type='locator' />
<link:loc xlink:href='../elts/us-gaap-2009-01-31.xsd#us-gaap_CumulativeEffectOfChangeInAccountingPrinciplePresentedOnIncomeStatementNetOfTax' xlink:label='loc_CumulativeEffectOfChangeInAccountingPrinciplePresentedOnIncomeStatementNetOfTax' xlink:type='locator' />
<link:loc xlink:href='../elts/us-gaap-2009-01-31.xsd#us-gaap_ExtraordinaryItemNetOfTax' xlink:label='loc_ExtraordinaryItemNetOfTax' xlink:type='locator' />
<link:loc xlink:href='../elts/us-gaap-2009-01-31.xsd#us-gaap_IncomeLossFromDiscontinuedOperationsNetOfTax' xlink:label='loc_IncomeLossFromDiscontinuedOperationsNetOfTax' xlink:type='locator' />
<link:loc xlink:href='../elts/us-gaap-2009-01-31.xsd#us-gaap_AdjustmentsToReconcileNetIncomeLossToCashProvidedByUsedInOperatingActivities' xlink:label='loc_AdjustmentsToReconcileNetIncomeLossToCashProvidedByUsedInOperatingActivities' xlink:type='locator' />
<link:loc xlink:href='../elts/us-gaap-2009-01-31.xsd#us-gaap_AdjustmentsNoncashItemsToReconcileNetIncomeLossToCashProvidedByUsedInOperatingActivities' xlink:label='loc_AdjustmentsNoncashItemsToReconcileNetIncomeLossToCashProvidedByUsedInOperatingActivities' xlink:type='locator' />
<link:loc xlink:href='../elts/us-gaap-2009-01-31.xsd#us-gaap_DepreciationAmortizationAndAccretionNet' xlink:label='loc_DepreciationAmortizationAndAccretionNet' xlink:type='locator' />
<link:loc xlink:href='../elts/us-gaap-2009-01-31.xsd#us-gaap_RecognitionOfDeferredRevenue' xlink:label='loc_RecognitionOfDeferredRevenue' xlink:type='locator' />
<link:loc xlink:href='../elts/us-gaap-2009-01-31.xsd#us-gaap_AmortizationOfFinancingCostsAndDiscounts' xlink:label='loc_AmortizationOfFinancingCostsAndDiscounts' xlink:type='locator' />
<link:loc xlink:href='../elts/us-gaap-2009-01-31.xsd#us-gaap_ProvisionForDoubtfulAccounts' xlink:label='loc_ProvisionForDoubtfulAccounts' xlink:type='locator' />
<link:loc xlink:href='../elts/us-gaap-2009-01-31.xsd#us-gaap_ProvisionForLoanLeaseAndOtherLosses' xlink:label='loc_ProvisionForLoanLeaseAndOtherLosses' xlink:type='locator' />
<link:loc xlink:href='../elts/us-gaap-2009-01-31.xsd#us-gaap_InterestCreditedToPolicyOwnerAccounts' xlink:label='loc_InterestCreditedToPolicyOwnerAccounts' xlink:type='locator' />
<link:loc xlink:href='../elts/us-gaap-2009-01-31.xsd#us-gaap_NoncashCommissionAndClosingCosts' xlink:label='loc_NoncashCommissionAndClosingCosts' xlink:type='locator' />
<link:loc xlink:href='../elts/us-gaap-2009-01-31.xsd#us-gaap_EmployeeBenefitsAndShareBasedCompensation' xlink:label='loc_EmployeeBenefitsAndShareBasedCompensation' xlink:type='locator' />
<link:loc xlink:href='../elts/us-gaap-2009-01-31.xsd#us-gaap_RestructuringCostsAndAssetImpairmentCharges' xlink:label='loc_RestructuringCostsAndAssetImpairmentCharges' xlink:type='locator' />
<link:loc xlink:href='../elts/us-gaap-2009-01-31.xsd#us-gaap_EnvironmentalExpenseAndLiabilities' xlink:label='loc_EnvironmentalExpenseAndLiabilities' xlink:type='locator' />
<link:loc xlink:href='../elts/us-gaap-2009-01-31.xsd#us-gaap_NoncashProjectAbandonmentCosts' xlink:label='loc_NoncashProjectAbandonmentCosts' xlink:type='locator' />
<link:loc xlink:href='../elts/us-gaap-2009-01-31.xsd#us-gaap_DisposalGroupNotDiscontinuedOperationGainLossOnDisposal' xlink:label='loc_DisposalGroupNotDiscontinuedOperationGainLossOnDisposal' xlink:type='locator' />
<link:loc xlink:href='../elts/us-gaap-2009-01-31.xsd#us-gaap_GainLossOnSaleOfPropertyPlantEquipment' xlink:label='loc_GainLossOnSaleOfPropertyPlantEquipment' xlink:type='locator' />
<link:loc xlink:href='../elts/us-gaap-2009-01-31.xsd#us-gaap_GainLossOnDispositionOfIntangibleAssets' xlink:label='loc_GainLossOnDispositionOfIntangibleAssets' xlink:type='locator' />
<link:loc xlink:href='../elts/us-gaap-2009-01-31.xsd#us-gaap_GainLossOnSaleOfOtherAssets' xlink:label='loc_GainLossOnSaleOfOtherAssets' xlink:type='locator' />
<link:loc xlink:href='../elts/us-gaap-2009-01-31.xsd#us-gaap_ForeignCurrencyTransactionGainLossUnrealized' xlink:label='loc_ForeignCurrencyTransactionGainLossUnrealized' xlink:type='locator' />
<link:loc xlink:href='../elts/us-gaap-2009-01-31.xsd#us-gaap_GainLossOnSaleOfMortgageLoans' xlink:label='loc_GainLossOnSaleOfMortgageLoans' xlink:type='locator' />
<link:loc xlink:href='../elts/us-gaap-2009-01-31.xsd#us-gaap_GainLossOnInvestments' xlink:label='loc_GainLossOnInvestments' xlink:type='locator' />
<link:loc xlink:href='../elts/us-gaap-2009-01-31.xsd#us-gaap_IncomeLossFromEquityMethodInvestmentsNetOfDividendsOrDistributions' xlink:label='loc_IncomeLossFromEquityMethodInvestmentsNetOfDividendsOrDistributions' xlink:type='locator' />
<link:loc xlink:href='../elts/us-gaap-2009-01-31.xsd#us-gaap_GainLossOnSaleOfPreviouslyUnissuedStockBySubsidiaryOrEquityInvesteeNonoperatingIncome' xlink:label='loc_GainLossOnSaleOfPreviouslyUnissuedStockBySubsidiaryOrEquityInvesteeNonoperatingIncome' xlink:type='locator' />
<link:loc xlink:href='../elts/us-gaap-2009-01-31.xsd#us-gaap_DeferredIncomeTaxesAndTaxCredits' xlink:label='loc_DeferredIncomeTaxesAndTaxCredits' xlink:type='locator' />
<link:loc xlink:href='../elts/us-gaap-2009-01-31.xsd#us-gaap_ExcessTaxBenefitFromShareBasedCompensationOperatingActivities' xlink:label='loc_ExcessTaxBenefitFromShareBasedCompensationOperatingActivities' xlink:type='locator' />
<link:loc xlink:href='../elts/us-gaap-2009-01-31.xsd#us-gaap_IssuanceOfStockAndWarrantsForServicesOrClaims' xlink:label='loc_IssuanceOfStockAndWarrantsForServicesOrClaims' xlink:type='locator' />
<link:loc xlink:href='../elts/us-gaap-2009-01-31.xsd#us-gaap_AdjustmentOfWarrantsGrantedForServices' xlink:label='loc_AdjustmentOfWarrantsGrantedForServices' xlink:type='locator' />
<link:loc xlink:href='../elts/us-gaap-2009-01-31.xsd#us-gaap_MortgageServicingRightsMSRImpairmentRecovery' xlink:label='loc_MortgageServicingRightsMSRImpairmentRecovery' xlink:type='locator' />
<link:loc xlink:href='../elts/us-gaap-2009-01-31.xsd#us-gaap_OtherNoncashExpense' xlink:label='loc_OtherNoncashExpense' xlink:type='locator' />
<link:loc xlink:href='../elts/us-gaap-2009-01-31.xsd#us-gaap_OtherNoncashIncome' xlink:label='loc_OtherNoncashIncome' xlink:type='locator' />
<link:loc xlink:href='../elts/us-gaap-2009-01-31.xsd#us-gaap_AdjustmentsNoncashItemsToReconcileNetIncomeLossToCashProvidedByUsedInOperatingActivitiesOther' xlink:label='loc_AdjustmentsNoncashItemsToReconcileNetIncomeLossToCashProvidedByUsedInOperatingActivitiesOther' xlink:type='locator' />
<link:loc xlink:href='../elts/us-gaap-2009-01-31.xsd#us-gaap_IncreaseDecreaseInOperatingCapital' xlink:label='loc_IncreaseDecreaseInOperatingCapital' xlink:type='locator' />
<link:loc xlink:href='../elts/us-gaap-2009-01-31.xsd#us-gaap_IncreaseDecreaseInOperatingAssets' xlink:label='loc_IncreaseDecreaseInOperatingAssets' xlink:type='locator' />
<link:loc xlink:href='../elts/us-gaap-2009-01-31.xsd#us-gaap_IncreaseDecreaseInOperatingLiabilities' xlink:label='loc_IncreaseDecreaseInOperatingLiabilities' xlink:type='locator' />
<link:loc xlink:href='../elts/us-gaap-2009-01-31.xsd#us-gaap_IncreaseDecreaseInBrokerDealerRelatedReceivablesPayablesNet' xlink:label='loc_IncreaseDecreaseInBrokerDealerRelatedReceivablesPayablesNet' xlink:type='locator' />
<link:loc xlink:href='../elts/us-gaap-2009-01-31.xsd#us-gaap_IncreaseDecreaseInOtherOperatingCapitalNet' xlink:label='loc_IncreaseDecreaseInOtherOperatingCapitalNet' xlink:type='locator' />
<link:loc xlink:href='../elts/us-gaap-2009-01-31.xsd#us-gaap_NetCashProvidedByUsedInInvestingActivitiesContinuingOperations' xlink:label='loc_NetCashProvidedByUsedInInvestingActivitiesContinuingOperations' xlink:type='locator' />
<link:loc xlink:href='../elts/us-gaap-2009-01-31.xsd#us-gaap_ProceedsFromPaymentsForFederalFundsSoldAndSecuritiesPurchasedUnderAgreementsToResellNet' xlink:label='loc_ProceedsFromPaymentsForFederalFundsSoldAndSecuritiesPurchasedUnderAgreementsToResellNet' xlink:type='locator' />
<link:loc xlink:href='../elts/us-gaap-2009-01-31.xsd#us-gaap_PaymentsForProceedsFromProductiveAssets' xlink:label='loc_PaymentsForProceedsFromProductiveAssets' xlink:type='locator' />
<link:loc xlink:href='../elts/us-gaap-2009-01-31.xsd#us-gaap_PaymentsForProceedsFromInvestments' xlink:label='loc_PaymentsForProceedsFromInvestments' xlink:type='locator' />
<link:loc xlink:href='../elts/us-gaap-2009-01-31.xsd#us-gaap_PaymentsForProceedsFromBusinessesAndInterestInAffiliates' xlink:label='loc_PaymentsForProceedsFromBusinessesAndInterestInAffiliates' xlink:type='locator' />
<link:loc xlink:href='../elts/us-gaap-2009-01-31.xsd#us-gaap_PaymentsForProceedsFromTenantAllowance' xlink:label='loc_PaymentsForProceedsFromTenantAllowance' xlink:type='locator' />
<link:loc xlink:href='../elts/us-gaap-2009-01-31.xsd#us-gaap_PaymentsForProceedsFromDelayedTaxExemptExchange' xlink:label='loc_PaymentsForProceedsFromDelayedTaxExemptExchange' xlink:type='locator' />
<link:loc xlink:href='../elts/us-gaap-2009-01-31.xsd#us-gaap_IncreaseDecreaseInRestrictedCash' xlink:label='loc_IncreaseDecreaseInRestrictedCash' xlink:type='locator' />
<link:loc xlink:href='../elts/us-gaap-2009-01-31.xsd#us-gaap_PaymentsForProceedsFromMortgageDeposits' xlink:label='loc_PaymentsForProceedsFromMortgageDeposits' xlink:type='locator' />
<link:loc xlink:href='../elts/us-gaap-2009-01-31.xsd#us-gaap_PaymentsForProceedsFromDepositsOnRealEstateAcquisitions' xlink:label='loc_PaymentsForProceedsFromDepositsOnRealEstateAcquisitions' xlink:type='locator' />
<link:loc xlink:href='../elts/us-gaap-2009-01-31.xsd#us-gaap_PaymentsForProceedsFromOtherDeposits' xlink:label='loc_PaymentsForProceedsFromOtherDeposits' xlink:type='locator' />
<link:loc xlink:href='../elts/us-gaap-2009-01-31.xsd#us-gaap_PaymentsForProceedsFromLimitedPartnership' xlink:label='loc_PaymentsForProceedsFromLimitedPartnership' xlink:type='locator' />
<link:loc xlink:href='../elts/us-gaap-2009-01-31.xsd#us-gaap_IncreaseDecreaseOfRestrictedInvestments' xlink:label='loc_IncreaseDecreaseOfRestrictedInvestments' xlink:type='locator' />
<link:loc xlink:href='../elts/us-gaap-2009-01-31.xsd#us-gaap_PaymentsForProceedsFromDerivatives' xlink:label='loc_PaymentsForProceedsFromDerivatives' xlink:type='locator' />
<link:loc xlink:href='../elts/us-gaap-2009-01-31.xsd#us-gaap_PaymentsForProceedsFromHedgeInvestingActivities' xlink:label='loc_PaymentsForProceedsFromHedgeInvestingActivities' xlink:type='locator' />
<link:loc xlink:href='../elts/us-gaap-2009-01-31.xsd#us-gaap_PaymentsForProceedsFromLifeInsurancePolicies' xlink:label='loc_PaymentsForProceedsFromLifeInsurancePolicies' xlink:type='locator' />
<link:loc xlink:href='../elts/us-gaap-2009-01-31.xsd#us-gaap_IncreaseDecreaseInDeferredChargesInvesting' xlink:label='loc_IncreaseDecreaseInDeferredChargesInvesting' xlink:type='locator' />
<link:loc xlink:href='../elts/us-gaap-2009-01-31.xsd#us-gaap_IncreaseDecreaseInLeaseAcquisitionCosts' xlink:label='loc_IncreaseDecreaseInLeaseAcquisitionCosts' xlink:type='locator' />
<link:loc xlink:href='../elts/us-gaap-2009-01-31.xsd#us-gaap_PaymentsToAcquireManagementContractRights' xlink:label='loc_PaymentsToAcquireManagementContractRights' xlink:type='locator' />
<link:loc xlink:href='../elts/us-gaap-2009-01-31.xsd#us-gaap_PaymentsForProceedsFromOtherInvestingActivities' xlink:label='loc_PaymentsForProceedsFromOtherInvestingActivities' xlink:type='locator' />
<link:loc xlink:href='../elts/us-gaap-2009-01-31.xsd#us-gaap_NetCashProvidedByUsedInFinancingActivitiesContinuingOperations' xlink:label='loc_NetCashProvidedByUsedInFinancingActivitiesContinuingOperations' xlink:type='locator' />
<link:loc xlink:href='../elts/us-gaap-2009-01-31.xsd#us-gaap_ProceedsFromRepaymentsOfDebt' xlink:label='loc_ProceedsFromRepaymentsOfDebt' xlink:type='locator' />
<link:loc xlink:href='../elts/us-gaap-2009-01-31.xsd#us-gaap_OriginationOfNotesReceivableFromRelatedParties' xlink:label='loc_OriginationOfNotesReceivableFromRelatedParties' xlink:type='locator' />
<link:loc xlink:href='../elts/us-gaap-2009-01-31.xsd#us-gaap_RepaymentOfNotesReceivableFromRelatedParties' xlink:label='loc_RepaymentOfNotesReceivableFromRelatedParties' xlink:type='locator' />
<link:loc xlink:href='../elts/us-gaap-2009-01-31.xsd#us-gaap_OriginationOfLoansToEmployeeStockOwnershipPlans' xlink:label='loc_OriginationOfLoansToEmployeeStockOwnershipPlans' xlink:type='locator' />
<link:loc xlink:href='../elts/us-gaap-2009-01-31.xsd#us-gaap_ProceedsFromRepaymentOfLoansByEmployeeStockOwnershipPlans' xlink:label='loc_ProceedsFromRepaymentOfLoansByEmployeeStockOwnershipPlans' xlink:type='locator' />
<link:loc xlink:href='../elts/us-gaap-2009-01-31.xsd#us-gaap_ProceedsFromRepaymentOfLoansToPurchaseCommonStock' xlink:label='loc_ProceedsFromRepaymentOfLoansToPurchaseCommonStock' xlink:type='locator' />
<link:loc xlink:href='../elts/us-gaap-2009-01-31.xsd#us-gaap_OriginationOfLoanToPurchaseCommonStock' xlink:label='loc_OriginationOfLoanToPurchaseCommonStock' xlink:type='locator' />
<link:loc xlink:href='../elts/us-gaap-2009-01-31.xsd#us-gaap_PaymentsOfFinancingCosts' xlink:label='loc_PaymentsOfFinancingCosts' xlink:type='locator' />
<link:loc xlink:href='../elts/us-gaap-2009-01-31.xsd#us-gaap_PaymentsOfDebtRestructuringCosts' xlink:label='loc_PaymentsOfDebtRestructuringCosts' xlink:type='locator' />
<link:loc xlink:href='../elts/us-gaap-2009-01-31.xsd#us-gaap_PaymentsOfStockIssuanceCosts' xlink:label='loc_PaymentsOfStockIssuanceCosts' xlink:type='locator' />
<link:loc xlink:href='../elts/us-gaap-2009-01-31.xsd#us-gaap_PaymentsForProceedsFromHedgeFinancingActivities' xlink:label='loc_PaymentsForProceedsFromHedgeFinancingActivities' xlink:type='locator' />
<link:loc xlink:href='../elts/us-gaap-2009-01-31.xsd#us-gaap_ProceedsFromPaymentsToMinorityShareholders' xlink:label='loc_ProceedsFromPaymentsToMinorityShareholders' xlink:type='locator' />
<link:loc xlink:href='../elts/us-gaap-2009-01-31.xsd#us-gaap_ProceedsFromRepurchaseOfTrustPreferredSecurities' xlink:label='loc_ProceedsFromRepurchaseOfTrustPreferredSecurities' xlink:type='locator' />
<link:loc xlink:href='../elts/us-gaap-2009-01-31.xsd#us-gaap_ProceedsFromRepurchaseOfRedeemablePreferredStock' xlink:label='loc_ProceedsFromRepurchaseOfRedeemablePreferredStock' xlink:type='locator' />
<link:loc xlink:href='../elts/us-gaap-2009-01-31.xsd#us-gaap_ProceedsFromRepurchaseOfEquity' xlink:label='loc_ProceedsFromRepurchaseOfEquity' xlink:type='locator' />
<link:loc xlink:href='../elts/us-gaap-2009-01-31.xsd#us-gaap_ExcessTaxBenefitFromShareBasedCompensationFinancingActivities' xlink:label='loc_ExcessTaxBenefitFromShareBasedCompensationFinancingActivities' xlink:type='locator' />
<link:loc xlink:href='../elts/us-gaap-2009-01-31.xsd#us-gaap_PaymentsOfDividends' xlink:label='loc_PaymentsOfDividends' xlink:type='locator' />
<link:loc xlink:href='../elts/us-gaap-2009-01-31.xsd#us-gaap_PaymentsOfDistributionsToAffiliates' xlink:label='loc_PaymentsOfDistributionsToAffiliates' xlink:type='locator' />
<link:loc xlink:href='../elts/us-gaap-2009-01-31.xsd#us-gaap_ProceedsFromContributionsFromAffiliates' xlink:label='loc_ProceedsFromContributionsFromAffiliates' xlink:type='locator' />
<link:loc xlink:href='../elts/us-gaap-2009-01-31.xsd#us-gaap_PaymentsOfMergerRelatedCostsFinancingActivities' xlink:label='loc_PaymentsOfMergerRelatedCostsFinancingActivities' xlink:type='locator' />
<link:loc xlink:href='../elts/us-gaap-2009-01-31.xsd#us-gaap_ProceedsFromPaymentsForOtherFinancingActivities' xlink:label='loc_ProceedsFromPaymentsForOtherFinancingActivities' xlink:type='locator' />
<link:loc xlink:href='../elts/us-gaap-2009-01-31.xsd#us-gaap_NetCashProvidedByUsedInDiscontinuedOperations' xlink:label='loc_NetCashProvidedByUsedInDiscontinuedOperations' xlink:type='locator' />
<link:loc xlink:href='../elts/us-gaap-2009-01-31.xsd#us-gaap_CashProvidedByUsedInOperatingActivitiesDiscontinuedOperations' xlink:label='loc_CashProvidedByUsedInOperatingActivitiesDiscontinuedOperations' xlink:type='locator' />
<link:loc xlink:href='../elts/us-gaap-2009-01-31.xsd#us-gaap_CashProvidedByUsedInInvestingActivitiesDiscontinuedOperations' xlink:label='loc_CashProvidedByUsedInInvestingActivitiesDiscontinuedOperations' xlink:type='locator' />
<link:loc xlink:href='../elts/us-gaap-2009-01-31.xsd#us-gaap_CashProvidedByUsedInFinancingActivitiesDiscontinuedOperations' xlink:label='loc_CashProvidedByUsedInFinancingActivitiesDiscontinuedOperations' xlink:type='locator' />
<link:loc xlink:href='../elts/us-gaap-2009-01-31.xsd#us-gaap_EffectOfExchangeRateOnCashAndCashEquivalents' xlink:label='loc_EffectOfExchangeRateOnCashAndCashEquivalents' xlink:type='locator' />
<link:loc xlink:href='../elts/us-gaap-2009-01-31.xsd#us-gaap_EffectOfExchangeRateOnCashAndCashEquivalentsContinuingOperations' xlink:label='loc_EffectOfExchangeRateOnCashAndCashEquivalentsContinuingOperations' xlink:type='locator' />
<link:loc xlink:href='../elts/us-gaap-2009-01-31.xsd#us-gaap_EffectOfExchangeRateOnCashAndCashEquivalentsDiscontinuedOperations' xlink:label='loc_EffectOfExchangeRateOnCashAndCashEquivalentsDiscontinuedOperations' xlink:type='locator' />
<calculationArc order='10' weight='1.0' xlink:arcrole='http://www.xbrl.org/2003/arcrole/summation-item' xlink:from='loc_CashAndCashEquivalentsPeriodIncreaseDecrease' xlink:to='loc_NetCashProvidedByUsedInOperatingActivitiesContinuingOperations' xlink:type='arc' />
<calculationArc order='10' weight='1.0' xlink:arcrole='http://www.xbrl.org/2003/arcrole/summation-item' xlink:from='loc_NetCashProvidedByUsedInOperatingActivitiesContinuingOperations' xlink:to='loc_ProfitLoss' xlink:type='arc' />
<calculationArc order='20' weight='-1.0' xlink:arcrole='http://www.xbrl.org/2003/arcrole/summation-item' xlink:from='loc_NetCashProvidedByUsedInOperatingActivitiesContinuingOperations' xlink:to='loc_CumulativeEffectOfChangeInAccountingPrinciplePresentedOnIncomeStatementNetOfTax' xlink:type='arc' />
<calculationArc order='30' weight='-1.0' xlink:arcrole='http://www.xbrl.org/2003/arcrole/summation-item' xlink:from='loc_NetCashProvidedByUsedInOperatingActivitiesContinuingOperations' xlink:to='loc_ExtraordinaryItemNetOfTax' xlink:type='arc' />
<calculationArc order='40' weight='-1.0' xlink:arcrole='http://www.xbrl.org/2003/arcrole/summation-item' xlink:from='loc_NetCashProvidedByUsedInOperatingActivitiesContinuingOperations' xlink:to='loc_IncomeLossFromDiscontinuedOperationsNetOfTax' xlink:type='arc' />
<calculationArc order='50' weight='1.0' xlink:arcrole='http://www.xbrl.org/2003/arcrole/summation-item' xlink:from='loc_NetCashProvidedByUsedInOperatingActivitiesContinuingOperations' xlink:to='loc_AdjustmentsToReconcileNetIncomeLossToCashProvidedByUsedInOperatingActivities' xlink:type='arc' />
<calculationArc order='10' weight='1.0' xlink:arcrole='http://www.xbrl.org/2003/arcrole/summation-item' xlink:from='loc_AdjustmentsToReconcileNetIncomeLossToCashProvidedByUsedInOperatingActivities' xlink:to='loc_AdjustmentsNoncashItemsToReconcileNetIncomeLossToCashProvidedByUsedInOperatingActivities' xlink:type='arc' />
<calculationArc order='10' weight='1.0' xlink:arcrole='http://www.xbrl.org/2003/arcrole/summation-item' xlink:from='loc_AdjustmentsNoncashItemsToReconcileNetIncomeLossToCashProvidedByUsedInOperatingActivities' xlink:to='loc_DepreciationAmortizationAndAccretionNet' xlink:type='arc' />
<calculationArc order='20' weight='-1.0' xlink:arcrole='http://www.xbrl.org/2003/arcrole/summation-item' xlink:from='loc_AdjustmentsNoncashItemsToReconcileNetIncomeLossToCashProvidedByUsedInOperatingActivities' xlink:to='loc_RecognitionOfDeferredRevenue' xlink:type='arc' />
<calculationArc order='30' weight='1.0' xlink:arcrole='http://www.xbrl.org/2003/arcrole/summation-item' xlink:from='loc_AdjustmentsNoncashItemsToReconcileNetIncomeLossToCashProvidedByUsedInOperatingActivities' xlink:to='loc_AmortizationOfFinancingCostsAndDiscounts' xlink:type='arc' />
<calculationArc order='40' weight='1.0' xlink:arcrole='http://www.xbrl.org/2003/arcrole/summation-item' xlink:from='loc_AdjustmentsNoncashItemsToReconcileNetIncomeLossToCashProvidedByUsedInOperatingActivities' xlink:to='loc_ProvisionForDoubtfulAccounts' xlink:type='arc' />
<calculationArc order='50' weight='1.0' xlink:arcrole='http://www.xbrl.org/2003/arcrole/summation-item' xlink:from='loc_AdjustmentsNoncashItemsToReconcileNetIncomeLossToCashProvidedByUsedInOperatingActivities' xlink:to='loc_ProvisionForLoanLeaseAndOtherLosses' xlink:type='arc' />
<calculationArc order='60' weight='-1.0' xlink:arcrole='http://www.xbrl.org/2003/arcrole/summation-item' xlink:from='loc_AdjustmentsNoncashItemsToReconcileNetIncomeLossToCashProvidedByUsedInOperatingActivities' xlink:to='loc_InterestCreditedToPolicyOwnerAccounts' xlink:type='arc' />
<calculationArc order='70' weight='1.0' xlink:arcrole='http://www.xbrl.org/2003/arcrole/summation-item' xlink:from='loc_AdjustmentsNoncashItemsToReconcileNetIncomeLossToCashProvidedByUsedInOperatingActivities' xlink:to='loc_NoncashCommissionAndClosingCosts' xlink:type='arc' />
<calculationArc order='80' weight='1.0' xlink:arcrole='http://www.xbrl.org/2003/arcrole/summation-item' xlink:from='loc_AdjustmentsNoncashItemsToReconcileNetIncomeLossToCashProvidedByUsedInOperatingActivities' xlink:to='loc_EmployeeBenefitsAndShareBasedCompensation' xlink:type='arc' />
<calculationArc order='90' weight='1.0' xlink:arcrole='http://www.xbrl.org/2003/arcrole/summation-item' xlink:from='loc_AdjustmentsNoncashItemsToReconcileNetIncomeLossToCashProvidedByUsedInOperatingActivities' xlink:to='loc_RestructuringCostsAndAssetImpairmentCharges' xlink:type='arc' />
<calculationArc order='100' weight='1.0' xlink:arcrole='http://www.xbrl.org/2003/arcrole/summation-item' xlink:from='loc_AdjustmentsNoncashItemsToReconcileNetIncomeLossToCashProvidedByUsedInOperatingActivities' xlink:to='loc_EnvironmentalExpenseAndLiabilities' xlink:type='arc' />
<calculationArc order='110' weight='1.0' xlink:arcrole='http://www.xbrl.org/2003/arcrole/summation-item' xlink:from='loc_AdjustmentsNoncashItemsToReconcileNetIncomeLossToCashProvidedByUsedInOperatingActivities' xlink:to='loc_NoncashProjectAbandonmentCosts' xlink:type='arc' />
<calculationArc order='120' weight='-1.0' xlink:arcrole='http://www.xbrl.org/2003/arcrole/summation-item' xlink:from='loc_AdjustmentsNoncashItemsToReconcileNetIncomeLossToCashProvidedByUsedInOperatingActivities' xlink:to='loc_DisposalGroupNotDiscontinuedOperationGainLossOnDisposal' xlink:type='arc' />
<calculationArc order='130' weight='-1.0' xlink:arcrole='http://www.xbrl.org/2003/arcrole/summation-item' xlink:from='loc_AdjustmentsNoncashItemsToReconcileNetIncomeLossToCashProvidedByUsedInOperatingActivities' xlink:to='loc_GainLossOnSaleOfPropertyPlantEquipment' xlink:type='arc' />
<calculationArc order='140' weight='-1.0' xlink:arcrole='http://www.xbrl.org/2003/arcrole/summation-item' xlink:from='loc_AdjustmentsNoncashItemsToReconcileNetIncomeLossToCashProvidedByUsedInOperatingActivities' xlink:to='loc_GainLossOnDispositionOfIntangibleAssets' xlink:type='arc' />
<calculationArc order='150' weight='-1.0' xlink:arcrole='http://www.xbrl.org/2003/arcrole/summation-item' xlink:from='loc_AdjustmentsNoncashItemsToReconcileNetIncomeLossToCashProvidedByUsedInOperatingActivities' xlink:to='loc_GainLossOnSaleOfOtherAssets' xlink:type='arc' />
<calculationArc order='160' weight='-1.0' xlink:arcrole='http://www.xbrl.org/2003/arcrole/summation-item' xlink:from='loc_AdjustmentsNoncashItemsToReconcileNetIncomeLossToCashProvidedByUsedInOperatingActivities' xlink:to='loc_ForeignCurrencyTransactionGainLossUnrealized' xlink:type='arc' />
<calculationArc order='170' weight='-1.0' xlink:arcrole='http://www.xbrl.org/2003/arcrole/summation-item' xlink:from='loc_AdjustmentsNoncashItemsToReconcileNetIncomeLossToCashProvidedByUsedInOperatingActivities' xlink:to='loc_GainLossOnSaleOfMortgageLoans' xlink:type='arc' />
<calculationArc order='180' weight='-1.0' xlink:arcrole='http://www.xbrl.org/2003/arcrole/summation-item' xlink:from='loc_AdjustmentsNoncashItemsToReconcileNetIncomeLossToCashProvidedByUsedInOperatingActivities' xlink:to='loc_GainLossOnInvestments' xlink:type='arc' />
<calculationArc order='190' weight='-1.0' xlink:arcrole='http://www.xbrl.org/2003/arcrole/summation-item' xlink:from='loc_AdjustmentsNoncashItemsToReconcileNetIncomeLossToCashProvidedByUsedInOperatingActivities' xlink:to='loc_IncomeLossFromEquityMethodInvestmentsNetOfDividendsOrDistributions' xlink:type='arc' />
<calculationArc order='200' weight='-1.0' xlink:arcrole='http://www.xbrl.org/2003/arcrole/summation-item' xlink:from='loc_AdjustmentsNoncashItemsToReconcileNetIncomeLossToCashProvidedByUsedInOperatingActivities' xlink:to='loc_GainLossOnSaleOfPreviouslyUnissuedStockBySubsidiaryOrEquityInvesteeNonoperatingIncome' xlink:type='arc' />
<calculationArc order='210' weight='1.0' xlink:arcrole='http://www.xbrl.org/2003/arcrole/summation-item' xlink:from='loc_AdjustmentsNoncashItemsToReconcileNetIncomeLossToCashProvidedByUsedInOperatingActivities' xlink:to='loc_DeferredIncomeTaxesAndTaxCredits' xlink:type='arc' />
<calculationArc order='220' weight='-1.0' xlink:arcrole='http://www.xbrl.org/2003/arcrole/summation-item' xlink:from='loc_AdjustmentsNoncashItemsToReconcileNetIncomeLossToCashProvidedByUsedInOperatingActivities' xlink:to='loc_ExcessTaxBenefitFromShareBasedCompensationOperatingActivities' xlink:type='arc' />
<calculationArc order='230' weight='1.0' xlink:arcrole='http://www.xbrl.org/2003/arcrole/summation-item' xlink:from='loc_AdjustmentsNoncashItemsToReconcileNetIncomeLossToCashProvidedByUsedInOperatingActivities' xlink:to='loc_IssuanceOfStockAndWarrantsForServicesOrClaims' xlink:type='arc' />
<calculationArc order='240' weight='1.0' xlink:arcrole='http://www.xbrl.org/2003/arcrole/summation-item' xlink:from='loc_AdjustmentsNoncashItemsToReconcileNetIncomeLossToCashProvidedByUsedInOperatingActivities' xlink:to='loc_AdjustmentOfWarrantsGrantedForServices' xlink:type='arc' />
<calculationArc order='250' weight='1.0' xlink:arcrole='http://www.xbrl.org/2003/arcrole/summation-item' xlink:from='loc_AdjustmentsNoncashItemsToReconcileNetIncomeLossToCashProvidedByUsedInOperatingActivities' xlink:to='loc_MortgageServicingRightsMSRImpairmentRecovery' xlink:type='arc' />
<calculationArc order='260' weight='1.0' xlink:arcrole='http://www.xbrl.org/2003/arcrole/summation-item' xlink:from='loc_AdjustmentsNoncashItemsToReconcileNetIncomeLossToCashProvidedByUsedInOperatingActivities' xlink:to='loc_OtherNoncashExpense' xlink:type='arc' />
<calculationArc order='270' weight='-1.0' xlink:arcrole='http://www.xbrl.org/2003/arcrole/summation-item' xlink:from='loc_AdjustmentsNoncashItemsToReconcileNetIncomeLossToCashProvidedByUsedInOperatingActivities' xlink:to='loc_OtherNoncashIncome' xlink:type='arc' />
<calculationArc order='280' weight='1.0' xlink:arcrole='http://www.xbrl.org/2003/arcrole/summation-item' xlink:from='loc_AdjustmentsNoncashItemsToReconcileNetIncomeLossToCashProvidedByUsedInOperatingActivities' xlink:to='loc_AdjustmentsNoncashItemsToReconcileNetIncomeLossToCashProvidedByUsedInOperatingActivitiesOther' xlink:type='arc' />
<calculationArc order='20' weight='-1.0' xlink:arcrole='http://www.xbrl.org/2003/arcrole/summation-item' xlink:from='loc_AdjustmentsToReconcileNetIncomeLossToCashProvidedByUsedInOperatingActivities' xlink:to='loc_IncreaseDecreaseInOperatingCapital' xlink:type='arc' />
<calculationArc order='10' weight='1.0' xlink:arcrole='http://www.xbrl.org/2003/arcrole/summation-item' xlink:from='loc_IncreaseDecreaseInOperatingCapital' xlink:to='loc_IncreaseDecreaseInOperatingAssets' xlink:type='arc' />
<calculationArc order='20' weight='-1.0' xlink:arcrole='http://www.xbrl.org/2003/arcrole/summation-item' xlink:from='loc_IncreaseDecreaseInOperatingCapital' xlink:to='loc_IncreaseDecreaseInOperatingLiabilities' xlink:type='arc' />
<calculationArc order='30' weight='1.0' xlink:arcrole='http://www.xbrl.org/2003/arcrole/summation-item' xlink:from='loc_IncreaseDecreaseInOperatingCapital' xlink:to='loc_IncreaseDecreaseInBrokerDealerRelatedReceivablesPayablesNet' xlink:type='arc' />
<calculationArc order='40' weight='1.0' xlink:arcrole='http://www.xbrl.org/2003/arcrole/summation-item' xlink:from='loc_IncreaseDecreaseInOperatingCapital' xlink:to='loc_IncreaseDecreaseInOtherOperatingCapitalNet' xlink:type='arc' />
<calculationArc order='20' weight='1.0' xlink:arcrole='http://www.xbrl.org/2003/arcrole/summation-item' xlink:from='loc_CashAndCashEquivalentsPeriodIncreaseDecrease' xlink:to='loc_NetCashProvidedByUsedInInvestingActivitiesContinuingOperations' xlink:type='arc' />
<calculationArc order='10' weight='1.0' xlink:arcrole='http://www.xbrl.org/2003/arcrole/summation-item' xlink:from='loc_NetCashProvidedByUsedInInvestingActivitiesContinuingOperations' xlink:to='loc_ProceedsFromPaymentsForFederalFundsSoldAndSecuritiesPurchasedUnderAgreementsToResellNet' xlink:type='arc' />
<calculationArc order='20' weight='-1.0' xlink:arcrole='http://www.xbrl.org/2003/arcrole/summation-item' xlink:from='loc_NetCashProvidedByUsedInInvestingActivitiesContinuingOperations' xlink:to='loc_PaymentsForProceedsFromProductiveAssets' xlink:type='arc' />
<calculationArc order='30' weight='-1.0' xlink:arcrole='http://www.xbrl.org/2003/arcrole/summation-item' xlink:from='loc_NetCashProvidedByUsedInInvestingActivitiesContinuingOperations' xlink:to='loc_PaymentsForProceedsFromInvestments' xlink:type='arc' />
<calculationArc order='40' weight='-1.0' xlink:arcrole='http://www.xbrl.org/2003/arcrole/summation-item' xlink:from='loc_NetCashProvidedByUsedInInvestingActivitiesContinuingOperations' xlink:to='loc_PaymentsForProceedsFromBusinessesAndInterestInAffiliates' xlink:type='arc' />
<calculationArc order='50' weight='-1.0' xlink:arcrole='http://www.xbrl.org/2003/arcrole/summation-item' xlink:from='loc_NetCashProvidedByUsedInInvestingActivitiesContinuingOperations' xlink:to='loc_PaymentsForProceedsFromTenantAllowance' xlink:type='arc' />
<calculationArc order='60' weight='-1.0' xlink:arcrole='http://www.xbrl.org/2003/arcrole/summation-item' xlink:from='loc_NetCashProvidedByUsedInInvestingActivitiesContinuingOperations' xlink:to='loc_PaymentsForProceedsFromDelayedTaxExemptExchange' xlink:type='arc' />
<calculationArc order='70' weight='-1.0' xlink:arcrole='http://www.xbrl.org/2003/arcrole/summation-item' xlink:from='loc_NetCashProvidedByUsedInInvestingActivitiesContinuingOperations' xlink:to='loc_IncreaseDecreaseInRestrictedCash' xlink:type='arc' />
<calculationArc order='80' weight='-1.0' xlink:arcrole='http://www.xbrl.org/2003/arcrole/summation-item' xlink:from='loc_NetCashProvidedByUsedInInvestingActivitiesContinuingOperations' xlink:to='loc_PaymentsForProceedsFromMortgageDeposits' xlink:type='arc' />
<calculationArc order='90' weight='-1.0' xlink:arcrole='http://www.xbrl.org/2003/arcrole/summation-item' xlink:from='loc_NetCashProvidedByUsedInInvestingActivitiesContinuingOperations' xlink:to='loc_PaymentsForProceedsFromDepositsOnRealEstateAcquisitions' xlink:type='arc' />
<calculationArc order='100' weight='-1.0' xlink:arcrole='http://www.xbrl.org/2003/arcrole/summation-item' xlink:from='loc_NetCashProvidedByUsedInInvestingActivitiesContinuingOperations' xlink:to='loc_PaymentsForProceedsFromOtherDeposits' xlink:type='arc' />
<calculationArc order='110' weight='-1.0' xlink:arcrole='http://www.xbrl.org/2003/arcrole/summation-item' xlink:from='loc_NetCashProvidedByUsedInInvestingActivitiesContinuingOperations' xlink:to='loc_PaymentsForProceedsFromLimitedPartnership' xlink:type='arc' />
<calculationArc order='120' weight='-1.0' xlink:arcrole='http://www.xbrl.org/2003/arcrole/summation-item' xlink:from='loc_NetCashProvidedByUsedInInvestingActivitiesContinuingOperations' xlink:to='loc_IncreaseDecreaseOfRestrictedInvestments' xlink:type='arc' />
<calculationArc order='130' weight='-1.0' xlink:arcrole='http://www.xbrl.org/2003/arcrole/summation-item' xlink:from='loc_NetCashProvidedByUsedInInvestingActivitiesContinuingOperations' xlink:to='loc_PaymentsForProceedsFromDerivatives' xlink:type='arc' />
<calculationArc order='140' weight='-1.0' xlink:arcrole='http://www.xbrl.org/2003/arcrole/summation-item' xlink:from='loc_NetCashProvidedByUsedInInvestingActivitiesContinuingOperations' xlink:to='loc_PaymentsForProceedsFromHedgeInvestingActivities' xlink:type='arc' />
<calculationArc order='150' weight='-1.0' xlink:arcrole='http://www.xbrl.org/2003/arcrole/summation-item' xlink:from='loc_NetCashProvidedByUsedInInvestingActivitiesContinuingOperations' xlink:to='loc_PaymentsForProceedsFromLifeInsurancePolicies' xlink:type='arc' />
<calculationArc order='160' weight='-1.0' xlink:arcrole='http://www.xbrl.org/2003/arcrole/summation-item' xlink:from='loc_NetCashProvidedByUsedInInvestingActivitiesContinuingOperations' xlink:to='loc_IncreaseDecreaseInDeferredChargesInvesting' xlink:type='arc' />
<calculationArc order='170' weight='-1.0' xlink:arcrole='http://www.xbrl.org/2003/arcrole/summation-item' xlink:from='loc_NetCashProvidedByUsedInInvestingActivitiesContinuingOperations' xlink:to='loc_IncreaseDecreaseInLeaseAcquisitionCosts' xlink:type='arc' />
<calculationArc order='180' weight='-1.0' xlink:arcrole='http://www.xbrl.org/2003/arcrole/summation-item' xlink:from='loc_NetCashProvidedByUsedInInvestingActivitiesContinuingOperations' xlink:to='loc_PaymentsToAcquireManagementContractRights' xlink:type='arc' />
<calculationArc order='190' weight='-1.0' xlink:arcrole='http://www.xbrl.org/2003/arcrole/summation-item' xlink:from='loc_NetCashProvidedByUsedInInvestingActivitiesContinuingOperations' xlink:to='loc_PaymentsForProceedsFromOtherInvestingActivities' xlink:type='arc' />
<calculationArc order='30' weight='1.0' xlink:arcrole='http://www.xbrl.org/2003/arcrole/summation-item' xlink:from='loc_CashAndCashEquivalentsPeriodIncreaseDecrease' xlink:to='loc_NetCashProvidedByUsedInFinancingActivitiesContinuingOperations' xlink:type='arc' />
<calculationArc order='10' weight='1.0' xlink:arcrole='http://www.xbrl.org/2003/arcrole/summation-item' xlink:from='loc_NetCashProvidedByUsedInFinancingActivitiesContinuingOperations' xlink:to='loc_ProceedsFromRepaymentsOfDebt' xlink:type='arc' />
<calculationArc order='20' weight='-1.0' xlink:arcrole='http://www.xbrl.org/2003/arcrole/summation-item' xlink:from='loc_NetCashProvidedByUsedInFinancingActivitiesContinuingOperations' xlink:to='loc_OriginationOfNotesReceivableFromRelatedParties' xlink:type='arc' />
<calculationArc order='30' weight='1.0' xlink:arcrole='http://www.xbrl.org/2003/arcrole/summation-item' xlink:from='loc_NetCashProvidedByUsedInFinancingActivitiesContinuingOperations' xlink:to='loc_RepaymentOfNotesReceivableFromRelatedParties' xlink:type='arc' />
<calculationArc order='40' weight='-1.0' xlink:arcrole='http://www.xbrl.org/2003/arcrole/summation-item' xlink:from='loc_NetCashProvidedByUsedInFinancingActivitiesContinuingOperations' xlink:to='loc_OriginationOfLoansToEmployeeStockOwnershipPlans' xlink:type='arc' />
<calculationArc order='50' weight='1.0' xlink:arcrole='http://www.xbrl.org/2003/arcrole/summation-item' xlink:from='loc_NetCashProvidedByUsedInFinancingActivitiesContinuingOperations' xlink:to='loc_ProceedsFromRepaymentOfLoansByEmployeeStockOwnershipPlans' xlink:type='arc' />
<calculationArc order='60' weight='1.0' xlink:arcrole='http://www.xbrl.org/2003/arcrole/summation-item' xlink:from='loc_NetCashProvidedByUsedInFinancingActivitiesContinuingOperations' xlink:to='loc_ProceedsFromRepaymentOfLoansToPurchaseCommonStock' xlink:type='arc' />
<calculationArc order='70' weight='-1.0' xlink:arcrole='http://www.xbrl.org/2003/arcrole/summation-item' xlink:from='loc_NetCashProvidedByUsedInFinancingActivitiesContinuingOperations' xlink:to='loc_OriginationOfLoanToPurchaseCommonStock' xlink:type='arc' />
<calculationArc order='80' weight='-1.0' xlink:arcrole='http://www.xbrl.org/2003/arcrole/summation-item' xlink:from='loc_NetCashProvidedByUsedInFinancingActivitiesContinuingOperations' xlink:to='loc_PaymentsOfFinancingCosts' xlink:type='arc' />
<calculationArc order='90' weight='-1.0' xlink:arcrole='http://www.xbrl.org/2003/arcrole/summation-item' xlink:from='loc_NetCashProvidedByUsedInFinancingActivitiesContinuingOperations' xlink:to='loc_PaymentsOfDebtRestructuringCosts' xlink:type='arc' />
<calculationArc order='100' weight='-1.0' xlink:arcrole='http://www.xbrl.org/2003/arcrole/summation-item' xlink:from='loc_NetCashProvidedByUsedInFinancingActivitiesContinuingOperations' xlink:to='loc_PaymentsOfStockIssuanceCosts' xlink:type='arc' />
<calculationArc order='110' weight='-1.0' xlink:arcrole='http://www.xbrl.org/2003/arcrole/summation-item' xlink:from='loc_NetCashProvidedByUsedInFinancingActivitiesContinuingOperations' xlink:to='loc_PaymentsForProceedsFromHedgeFinancingActivities' xlink:type='arc' />
<calculationArc order='120' weight='1.0' xlink:arcrole='http://www.xbrl.org/2003/arcrole/summation-item' xlink:from='loc_NetCashProvidedByUsedInFinancingActivitiesContinuingOperations' xlink:to='loc_ProceedsFromPaymentsToMinorityShareholders' xlink:type='arc' />
<calculationArc order='130' weight='1.0' xlink:arcrole='http://www.xbrl.org/2003/arcrole/summation-item' xlink:from='loc_NetCashProvidedByUsedInFinancingActivitiesContinuingOperations' xlink:to='loc_ProceedsFromRepurchaseOfTrustPreferredSecurities' xlink:type='arc' />
<calculationArc order='140' weight='1.0' xlink:arcrole='http://www.xbrl.org/2003/arcrole/summation-item' xlink:from='loc_NetCashProvidedByUsedInFinancingActivitiesContinuingOperations' xlink:to='loc_ProceedsFromRepurchaseOfRedeemablePreferredStock' xlink:type='arc' />
<calculationArc order='150' weight='1.0' xlink:arcrole='http://www.xbrl.org/2003/arcrole/summation-item' xlink:from='loc_NetCashProvidedByUsedInFinancingActivitiesContinuingOperations' xlink:to='loc_ProceedsFromRepurchaseOfEquity' xlink:type='arc' />
<calculationArc order='160' weight='1.0' xlink:arcrole='http://www.xbrl.org/2003/arcrole/summation-item' xlink:from='loc_NetCashProvidedByUsedInFinancingActivitiesContinuingOperations' xlink:to='loc_ExcessTaxBenefitFromShareBasedCompensationFinancingActivities' xlink:type='arc' />
<calculationArc order='170' weight='-1.0' xlink:arcrole='http://www.xbrl.org/2003/arcrole/summation-item' xlink:from='loc_NetCashProvidedByUsedInFinancingActivitiesContinuingOperations' xlink:to='loc_PaymentsOfDividends' xlink:type='arc' />
<calculationArc order='180' weight='-1.0' xlink:arcrole='http://www.xbrl.org/2003/arcrole/summation-item' xlink:from='loc_NetCashProvidedByUsedInFinancingActivitiesContinuingOperations' xlink:to='loc_PaymentsOfDistributionsToAffiliates' xlink:type='arc' />
<calculationArc order='190' weight='1.0' xlink:arcrole='http://www.xbrl.org/2003/arcrole/summation-item' xlink:from='loc_NetCashProvidedByUsedInFinancingActivitiesContinuingOperations' xlink:to='loc_ProceedsFromContributionsFromAffiliates' xlink:type='arc' />
<calculationArc order='200' weight='-1.0' xlink:arcrole='http://www.xbrl.org/2003/arcrole/summation-item' xlink:from='loc_NetCashProvidedByUsedInFinancingActivitiesContinuingOperations' xlink:to='loc_PaymentsOfMergerRelatedCostsFinancingActivities' xlink:type='arc' />
<calculationArc order='210' weight='1.0' xlink:arcrole='http://www.xbrl.org/2003/arcrole/summation-item' xlink:from='loc_NetCashProvidedByUsedInFinancingActivitiesContinuingOperations' xlink:to='loc_ProceedsFromPaymentsForOtherFinancingActivities' xlink:type='arc' />
<calculationArc order='40' weight='1.0' xlink:arcrole='http://www.xbrl.org/2003/arcrole/summation-item' xlink:from='loc_CashAndCashEquivalentsPeriodIncreaseDecrease' xlink:to='loc_NetCashProvidedByUsedInDiscontinuedOperations' xlink:type='arc' />
<calculationArc order='10' weight='1.0' xlink:arcrole='http://www.xbrl.org/2003/arcrole/summation-item' xlink:from='loc_NetCashProvidedByUsedInDiscontinuedOperations' xlink:to='loc_CashProvidedByUsedInOperatingActivitiesDiscontinuedOperations' xlink:type='arc' />
<calculationArc order='20' weight='1.0' xlink:arcrole='http://www.xbrl.org/2003/arcrole/summation-item' xlink:from='loc_NetCashProvidedByUsedInDiscontinuedOperations' xlink:to='loc_CashProvidedByUsedInInvestingActivitiesDiscontinuedOperations' xlink:type='arc' />
<calculationArc order='30' weight='1.0' xlink:arcrole='http://www.xbrl.org/2003/arcrole/summation-item' xlink:from='loc_NetCashProvidedByUsedInDiscontinuedOperations' xlink:to='loc_CashProvidedByUsedInFinancingActivitiesDiscontinuedOperations' xlink:type='arc' />
<calculationArc order='50' weight='1.0' xlink:arcrole='http://www.xbrl.org/2003/arcrole/summation-item' xlink:from='loc_CashAndCashEquivalentsPeriodIncreaseDecrease' xlink:to='loc_EffectOfExchangeRateOnCashAndCashEquivalents' xlink:type='arc' />
<calculationArc order='10' weight='1.0' xlink:arcrole='http://www.xbrl.org/2003/arcrole/summation-item' xlink:from='loc_EffectOfExchangeRateOnCashAndCashEquivalents' xlink:to='loc_EffectOfExchangeRateOnCashAndCashEquivalentsContinuingOperations' xlink:type='arc' />
<calculationArc order='20' weight='1.0' xlink:arcrole='http://www.xbrl.org/2003/arcrole/summation-item' xlink:from='loc_EffectOfExchangeRateOnCashAndCashEquivalents' xlink:to='loc_EffectOfExchangeRateOnCashAndCashEquivalentsDiscontinuedOperations' xlink:type='arc' />
</calculationLink>
</link:linkbase>
