<?xml version="1.0" encoding="UTF-8" standalone="no"?>

<!--Copyright (C) 2007-2009 XBRL US, Inc. All Rights Reserved.
Notice: Authorized Uses are Set Forth at http://xbrl.us/legal2009
  -->
<link:linkbase xmlns:link='http://www.xbrl.org/2003/linkbase' xmlns:xlink='http://www.w3.org/1999/xlink' xmlns:xsi='http://www.w3.org/2001/XMLSchema-instance' xsi:schemaLocation='http://www.xbrl.org/2003/linkbase http://www.xbrl.org/2003/xbrl-linkbase-2003-12-31.xsd'>
<link:roleRef roleURI='http://xbrl.us/us-gaap/role/statement/StatementOfIncomeInsuranceBasedRevenueBreakdownByBusiness' xlink:href='../elts/us-roles-2009-01-31.xsd#soi-ins3' xlink:type='simple' />
<calculationLink xlink:role='http://xbrl.us/us-gaap/role/statement/StatementOfIncomeInsuranceBasedRevenueBreakdownByBusiness' xlink:type='extended' xmlns='http://www.xbrl.org/2003/linkbase'>
<link:loc xlink:href='../elts/us-gaap-2009-01-31.xsd#us-gaap_PolicyholderBenefitsAndClaimsIncurredNet' xlink:label='loc_PolicyholderBenefitsAndClaimsIncurredNet' xlink:type='locator' />
<link:loc xlink:href='../elts/us-gaap-2009-01-31.xsd#us-gaap_IncurredClaimsPropertyCasualtyAndLiability' xlink:label='loc_IncurredClaimsPropertyCasualtyAndLiability' xlink:type='locator' />
<link:loc xlink:href='../elts/us-gaap-2009-01-31.xsd#us-gaap_IncurredClaimsFinancialGuaranteeInsuranceContracts' xlink:label='loc_IncurredClaimsFinancialGuaranteeInsuranceContracts' xlink:type='locator' />
<link:loc xlink:href='../elts/us-gaap-2009-01-31.xsd#us-gaap_PolicyholderBenefitsAndClaimsIncurredLifeAndAnnuity' xlink:label='loc_PolicyholderBenefitsAndClaimsIncurredLifeAndAnnuity' xlink:type='locator' />
<link:loc xlink:href='../elts/us-gaap-2009-01-31.xsd#us-gaap_PolicyholderBenefitsAndClaimsIncurredHealthCare' xlink:label='loc_PolicyholderBenefitsAndClaimsIncurredHealthCare' xlink:type='locator' />
<link:loc xlink:href='../elts/us-gaap-2009-01-31.xsd#us-gaap_PolicyholderBenefitsAndClaimsIncurredOther' xlink:label='loc_PolicyholderBenefitsAndClaimsIncurredOther' xlink:type='locator' />
<link:loc xlink:href='../elts/us-gaap-2009-01-31.xsd#us-gaap_PremiumsEarnedNet' xlink:label='loc_PremiumsEarnedNet' xlink:type='locator' />
<link:loc xlink:href='../elts/us-gaap-2009-01-31.xsd#us-gaap_PremiumsEarnedNetPropertyAndCasualty' xlink:label='loc_PremiumsEarnedNetPropertyAndCasualty' xlink:type='locator' />
<link:loc xlink:href='../elts/us-gaap-2009-01-31.xsd#us-gaap_PremiumsEarnedNetLife' xlink:label='loc_PremiumsEarnedNetLife' xlink:type='locator' />
<link:loc xlink:href='../elts/us-gaap-2009-01-31.xsd#us-gaap_PremiumsEarnedNetAccidentAndHealth' xlink:label='loc_PremiumsEarnedNetAccidentAndHealth' xlink:type='locator' />
<link:loc xlink:href='../elts/us-gaap-2009-01-31.xsd#us-gaap_PremiumsEarnedNetFinancialGuaranteeInsuranceContracts' xlink:label='loc_PremiumsEarnedNetFinancialGuaranteeInsuranceContracts' xlink:type='locator' />
<link:loc xlink:href='../elts/us-gaap-2009-01-31.xsd#us-gaap_OtherPremiumRevenueNet' xlink:label='loc_OtherPremiumRevenueNet' xlink:type='locator' />
<calculationArc order='10' use='optional' weight='1.0' xlink:arcrole='http://www.xbrl.org/2003/arcrole/summation-item' xlink:from='loc_PolicyholderBenefitsAndClaimsIncurredNet' xlink:to='loc_IncurredClaimsPropertyCasualtyAndLiability' xlink:type='arc' />
<calculationArc order='20' weight='1.0' xlink:arcrole='http://www.xbrl.org/2003/arcrole/summation-item' xlink:from='loc_PolicyholderBenefitsAndClaimsIncurredNet' xlink:to='loc_IncurredClaimsFinancialGuaranteeInsuranceContracts' xlink:type='arc' />
<calculationArc order='30' use='optional' weight='1.0' xlink:arcrole='http://www.xbrl.org/2003/arcrole/summation-item' xlink:from='loc_PolicyholderBenefitsAndClaimsIncurredNet' xlink:to='loc_PolicyholderBenefitsAndClaimsIncurredLifeAndAnnuity' xlink:type='arc' />
<calculationArc order='40' use='optional' weight='1.0' xlink:arcrole='http://www.xbrl.org/2003/arcrole/summation-item' xlink:from='loc_PolicyholderBenefitsAndClaimsIncurredNet' xlink:to='loc_PolicyholderBenefitsAndClaimsIncurredHealthCare' xlink:type='arc' />
<calculationArc order='50' use='optional' weight='1.0' xlink:arcrole='http://www.xbrl.org/2003/arcrole/summation-item' xlink:from='loc_PolicyholderBenefitsAndClaimsIncurredNet' xlink:to='loc_PolicyholderBenefitsAndClaimsIncurredOther' xlink:type='arc' />
<calculationArc order='10' use='optional' weight='1.0' xlink:arcrole='http://www.xbrl.org/2003/arcrole/summation-item' xlink:from='loc_PremiumsEarnedNet' xlink:to='loc_PremiumsEarnedNetPropertyAndCasualty' xlink:type='arc' />
<calculationArc order='20' use='optional' weight='1.0' xlink:arcrole='http://www.xbrl.org/2003/arcrole/summation-item' xlink:from='loc_PremiumsEarnedNet' xlink:to='loc_PremiumsEarnedNetLife' xlink:type='arc' />
<calculationArc order='30' use='optional' weight='1.0' xlink:arcrole='http://www.xbrl.org/2003/arcrole/summation-item' xlink:from='loc_PremiumsEarnedNet' xlink:to='loc_PremiumsEarnedNetAccidentAndHealth' xlink:type='arc' />
<calculationArc order='40' weight='1.0' xlink:arcrole='http://www.xbrl.org/2003/arcrole/summation-item' xlink:from='loc_PremiumsEarnedNet' xlink:to='loc_PremiumsEarnedNetFinancialGuaranteeInsuranceContracts' xlink:type='arc' />
<calculationArc order='50' use='optional' weight='1.0' xlink:arcrole='http://www.xbrl.org/2003/arcrole/summation-item' xlink:from='loc_PremiumsEarnedNet' xlink:to='loc_OtherPremiumRevenueNet' xlink:type='arc' />
</calculationLink>
</link:linkbase>
