<?xml version="1.0" encoding="UTF-8" standalone="no"?>

<!--
(c) XBRL US, Inc. 2007-2010; Financial Accounting Foundation, Inc. 2010-2011.  All Rights Reserved.
Notice: Authorized Uses are Set Forth at http://xbrl.fasb.org/terms/TaxonomiesTermsConditions.html
  -->
<link:linkbase xmlns:link='http://www.xbrl.org/2003/linkbase' xmlns:xlink='http://www.w3.org/1999/xlink' xmlns:xsi='http://www.w3.org/2001/XMLSchema-instance' xsi:schemaLocation='http://www.xbrl.org/2003/linkbase http://www.xbrl.org/2003/xbrl-linkbase-2003-12-31.xsd'>
<link:roleRef roleURI='http://fasb.org/us-gaap/role/statement/StatementOfCashFlowsDirectFirstAlternate' xlink:href='../elts/us-roles-2011-01-31.xsd#scf-dir1' xlink:type='simple' />
<calculationLink xlink:role='http://fasb.org/us-gaap/role/statement/StatementOfCashFlowsDirectFirstAlternate' xlink:type='extended' xmlns='http://www.xbrl.org/2003/linkbase'>
<link:loc xlink:href='../elts/us-gaap-2011-01-31.xsd#us-gaap_NetCashProvidedByUsedInOperatingActivitiesContinuingOperations' xlink:label='loc_NetCashProvidedByUsedInOperatingActivitiesContinuingOperations' xlink:type='locator' />
<link:loc xlink:href='../elts/us-gaap-2011-01-31.xsd#us-gaap_ProceedsFromOperatingActivities' xlink:label='loc_ProceedsFromOperatingActivities' xlink:type='locator' />
<link:loc xlink:href='../elts/us-gaap-2011-01-31.xsd#us-gaap_ProceedsFromCustomers' xlink:label='loc_ProceedsFromCustomers' xlink:type='locator' />
<link:loc xlink:href='../elts/us-gaap-2011-01-31.xsd#us-gaap_ProceedsFromCustomersForProgressPayments' xlink:label='loc_ProceedsFromCustomersForProgressPayments' xlink:type='locator' />
<link:loc xlink:href='../elts/us-gaap-2011-01-31.xsd#us-gaap_ProceedsFromDepositsFromCustomers' xlink:label='loc_ProceedsFromDepositsFromCustomers' xlink:type='locator' />
<link:loc xlink:href='../elts/us-gaap-2011-01-31.xsd#us-gaap_ProceedsFromFeesReceived' xlink:label='loc_ProceedsFromFeesReceived' xlink:type='locator' />
<link:loc xlink:href='../elts/us-gaap-2011-01-31.xsd#us-gaap_ProceedsFromLicenseFeesReceived' xlink:label='loc_ProceedsFromLicenseFeesReceived' xlink:type='locator' />
<link:loc xlink:href='../elts/us-gaap-2011-01-31.xsd#us-gaap_ProceedsFromInterestAndDividendsReceived' xlink:label='loc_ProceedsFromInterestAndDividendsReceived' xlink:type='locator' />
<link:loc xlink:href='../elts/us-gaap-2011-01-31.xsd#us-gaap_ProceedsFromInterestReceived' xlink:label='loc_ProceedsFromInterestReceived' xlink:type='locator' />
<link:loc xlink:href='../elts/us-gaap-2011-01-31.xsd#us-gaap_ProceedsFromDividendsReceived' xlink:label='loc_ProceedsFromDividendsReceived' xlink:type='locator' />
<link:loc xlink:href='../elts/us-gaap-2011-01-31.xsd#us-gaap_ProceedsFromIncomeTaxRefunds' xlink:label='loc_ProceedsFromIncomeTaxRefunds' xlink:type='locator' />
<link:loc xlink:href='../elts/us-gaap-2011-01-31.xsd#us-gaap_ProceedsFromCommissionsReceived' xlink:label='loc_ProceedsFromCommissionsReceived' xlink:type='locator' />
<link:loc xlink:href='../elts/us-gaap-2011-01-31.xsd#us-gaap_ProceedsFromRoyaltiesReceived' xlink:label='loc_ProceedsFromRoyaltiesReceived' xlink:type='locator' />
<link:loc xlink:href='../elts/us-gaap-2011-01-31.xsd#us-gaap_ProceedsFromRentsReceived' xlink:label='loc_ProceedsFromRentsReceived' xlink:type='locator' />
<link:loc xlink:href='../elts/us-gaap-2011-01-31.xsd#us-gaap_ProceedsFromFinancingRevenueReceivedUnderLeases' xlink:label='loc_ProceedsFromFinancingRevenueReceivedUnderLeases' xlink:type='locator' />
<link:loc xlink:href='../elts/us-gaap-2011-01-31.xsd#us-gaap_ProceedsFromRefundsFromSuppliersOfMaterial' xlink:label='loc_ProceedsFromRefundsFromSuppliersOfMaterial' xlink:type='locator' />
<link:loc xlink:href='../elts/us-gaap-2011-01-31.xsd#us-gaap_ProceedsFromInsuranceSettlementOperatingActivities' xlink:label='loc_ProceedsFromInsuranceSettlementOperatingActivities' xlink:type='locator' />
<link:loc xlink:href='../elts/us-gaap-2011-01-31.xsd#us-gaap_ProceedsFromLegalSettlements' xlink:label='loc_ProceedsFromLegalSettlements' xlink:type='locator' />
<link:loc xlink:href='../elts/us-gaap-2011-01-31.xsd#us-gaap_ProceedsFromInsurancePremiumsCollected' xlink:label='loc_ProceedsFromInsurancePremiumsCollected' xlink:type='locator' />
<link:loc xlink:href='../elts/us-gaap-2011-01-31.xsd#us-gaap_ProceedsFromSaleOfRealEstate' xlink:label='loc_ProceedsFromSaleOfRealEstate' xlink:type='locator' />
<link:loc xlink:href='../elts/us-gaap-2011-01-31.xsd#us-gaap_ProceedsFromSaleOfSecuritiesOperatingActivities' xlink:label='loc_ProceedsFromSaleOfSecuritiesOperatingActivities' xlink:type='locator' />
<link:loc xlink:href='../elts/us-gaap-2011-01-31.xsd#us-gaap_ProceedsFromMaturitiesPrepaymentsAndCallsOfSecuritiesOperatingActivities' xlink:label='loc_ProceedsFromMaturitiesPrepaymentsAndCallsOfSecuritiesOperatingActivities' xlink:type='locator' />
<link:loc xlink:href='../elts/us-gaap-2011-01-31.xsd#us-gaap_ProceedsFromSaleOfOtherAssets' xlink:label='loc_ProceedsFromSaleOfOtherAssets' xlink:type='locator' />
<link:loc xlink:href='../elts/us-gaap-2011-01-31.xsd#us-gaap_ProceedsFromGrantors' xlink:label='loc_ProceedsFromGrantors' xlink:type='locator' />
<link:loc xlink:href='../elts/us-gaap-2011-01-31.xsd#us-gaap_ProceedsFromCollaborators' xlink:label='loc_ProceedsFromCollaborators' xlink:type='locator' />
<link:loc xlink:href='../elts/us-gaap-2011-01-31.xsd#us-gaap_ProceedsFromTimeDepositsAccepted' xlink:label='loc_ProceedsFromTimeDepositsAccepted' xlink:type='locator' />
<link:loc xlink:href='../elts/us-gaap-2011-01-31.xsd#us-gaap_ProceedsFromLoans' xlink:label='loc_ProceedsFromLoans' xlink:type='locator' />
<link:loc xlink:href='../elts/us-gaap-2011-01-31.xsd#us-gaap_ProceedsFromDepositsWithOtherInstitutions' xlink:label='loc_ProceedsFromDepositsWithOtherInstitutions' xlink:type='locator' />
<link:loc xlink:href='../elts/us-gaap-2011-01-31.xsd#us-gaap_ProceedsFromSaleOfMortgageLoansHeldForSale' xlink:label='loc_ProceedsFromSaleOfMortgageLoansHeldForSale' xlink:type='locator' />
<link:loc xlink:href='../elts/us-gaap-2011-01-31.xsd#us-gaap_ProceedsFromCollectionOfMortgageLoansHeldForSale' xlink:label='loc_ProceedsFromCollectionOfMortgageLoansHeldForSale' xlink:type='locator' />
<link:loc xlink:href='../elts/us-gaap-2011-01-31.xsd#us-gaap_ProceedsFromDemandSideManagementProgram' xlink:label='loc_ProceedsFromDemandSideManagementProgram' xlink:type='locator' />
<link:loc xlink:href='../elts/us-gaap-2011-01-31.xsd#us-gaap_ProceedsFromOtherOperatingActivities' xlink:label='loc_ProceedsFromOtherOperatingActivities' xlink:type='locator' />
<link:loc xlink:href='../elts/us-gaap-2011-01-31.xsd#us-gaap_PaymentsForOperatingActivities' xlink:label='loc_PaymentsForOperatingActivities' xlink:type='locator' />
<link:loc xlink:href='../elts/us-gaap-2011-01-31.xsd#us-gaap_PaymentsToSuppliersAndEmployees' xlink:label='loc_PaymentsToSuppliersAndEmployees' xlink:type='locator' />
<link:loc xlink:href='../elts/us-gaap-2011-01-31.xsd#us-gaap_PaymentsToSuppliers' xlink:label='loc_PaymentsToSuppliers' xlink:type='locator' />
<link:loc xlink:href='../elts/us-gaap-2011-01-31.xsd#us-gaap_PaymentsToEmployees' xlink:label='loc_PaymentsToEmployees' xlink:type='locator' />
<link:loc xlink:href='../elts/us-gaap-2011-01-31.xsd#us-gaap_PaymentsForDeposits' xlink:label='loc_PaymentsForDeposits' xlink:type='locator' />
<link:loc xlink:href='../elts/us-gaap-2011-01-31.xsd#us-gaap_PaymentsForRent' xlink:label='loc_PaymentsForRent' xlink:type='locator' />
<link:loc xlink:href='../elts/us-gaap-2011-01-31.xsd#us-gaap_InterestPaid' xlink:label='loc_InterestPaid' xlink:type='locator' />
<link:loc xlink:href='../elts/us-gaap-2011-01-31.xsd#us-gaap_InterestPaidNet' xlink:label='loc_InterestPaidNet' xlink:type='locator' />
<link:loc xlink:href='../elts/us-gaap-2011-01-31.xsd#us-gaap_InterestPaidCapitalized' xlink:label='loc_InterestPaidCapitalized' xlink:type='locator' />
<link:loc xlink:href='../elts/us-gaap-2011-01-31.xsd#us-gaap_IncomeTaxesPaid' xlink:label='loc_IncomeTaxesPaid' xlink:type='locator' />
<link:loc xlink:href='../elts/us-gaap-2011-01-31.xsd#us-gaap_PaymentsForOtherTaxes' xlink:label='loc_PaymentsForOtherTaxes' xlink:type='locator' />
<link:loc xlink:href='../elts/us-gaap-2011-01-31.xsd#us-gaap_PaymentsForFees' xlink:label='loc_PaymentsForFees' xlink:type='locator' />
<link:loc xlink:href='../elts/us-gaap-2011-01-31.xsd#us-gaap_PaymentsForCommissions' xlink:label='loc_PaymentsForCommissions' xlink:type='locator' />
<link:loc xlink:href='../elts/us-gaap-2011-01-31.xsd#us-gaap_PaymentsForBrokerageFees' xlink:label='loc_PaymentsForBrokerageFees' xlink:type='locator' />
<link:loc xlink:href='../elts/us-gaap-2011-01-31.xsd#us-gaap_PaymentsForRoyalties' xlink:label='loc_PaymentsForRoyalties' xlink:type='locator' />
<link:loc xlink:href='../elts/us-gaap-2011-01-31.xsd#us-gaap_PaymentsForLegalSettlements' xlink:label='loc_PaymentsForLegalSettlements' xlink:type='locator' />
<link:loc xlink:href='../elts/us-gaap-2011-01-31.xsd#us-gaap_PaymentsForEnvironmentalLiabilities' xlink:label='loc_PaymentsForEnvironmentalLiabilities' xlink:type='locator' />
<link:loc xlink:href='../elts/us-gaap-2011-01-31.xsd#us-gaap_PaymentsForReinsurance' xlink:label='loc_PaymentsForReinsurance' xlink:type='locator' />
<link:loc xlink:href='../elts/us-gaap-2011-01-31.xsd#us-gaap_PaymentsForLossesAndLossAdjustmentExpense' xlink:label='loc_PaymentsForLossesAndLossAdjustmentExpense' xlink:type='locator' />
<link:loc xlink:href='../elts/us-gaap-2011-01-31.xsd#us-gaap_PaymentsForUnderwritingExpense' xlink:label='loc_PaymentsForUnderwritingExpense' xlink:type='locator' />
<link:loc xlink:href='../elts/us-gaap-2011-01-31.xsd#us-gaap_PaymentsForMergerRelatedCosts' xlink:label='loc_PaymentsForMergerRelatedCosts' xlink:type='locator' />
<link:loc xlink:href='../elts/us-gaap-2011-01-31.xsd#us-gaap_PaymentsForRestructuring' xlink:label='loc_PaymentsForRestructuring' xlink:type='locator' />
<link:loc xlink:href='../elts/us-gaap-2011-01-31.xsd#us-gaap_PaymentsForOriginationOfMortgageLoansHeldForSale' xlink:label='loc_PaymentsForOriginationOfMortgageLoansHeldForSale' xlink:type='locator' />
<link:loc xlink:href='../elts/us-gaap-2011-01-31.xsd#us-gaap_PaymentsToPurchaseMortgageLoansHeldForSale' xlink:label='loc_PaymentsToPurchaseMortgageLoansHeldForSale' xlink:type='locator' />
<link:loc xlink:href='../elts/us-gaap-2011-01-31.xsd#us-gaap_PaymentsForPurchaseOfSecuritiesOperatingActivities' xlink:label='loc_PaymentsForPurchaseOfSecuritiesOperatingActivities' xlink:type='locator' />
<link:loc xlink:href='../elts/us-gaap-2011-01-31.xsd#us-gaap_PaymentsForPurchaseOfOtherAssets' xlink:label='loc_PaymentsForPurchaseOfOtherAssets' xlink:type='locator' />
<link:loc xlink:href='../elts/us-gaap-2011-01-31.xsd#us-gaap_PaymentsForDepositsWithOtherInstitutions' xlink:label='loc_PaymentsForDepositsWithOtherInstitutions' xlink:type='locator' />
<link:loc xlink:href='../elts/us-gaap-2011-01-31.xsd#us-gaap_PaymentsForTimeDeposits' xlink:label='loc_PaymentsForTimeDeposits' xlink:type='locator' />
<link:loc xlink:href='../elts/us-gaap-2011-01-31.xsd#us-gaap_PaymentsForLoans' xlink:label='loc_PaymentsForLoans' xlink:type='locator' />
<link:loc xlink:href='../elts/us-gaap-2011-01-31.xsd#us-gaap_PensionContributions' xlink:label='loc_PensionContributions' xlink:type='locator' />
<link:loc xlink:href='../elts/us-gaap-2011-01-31.xsd#us-gaap_OtherPostretirementBenefitsPayments' xlink:label='loc_OtherPostretirementBenefitsPayments' xlink:type='locator' />
<link:loc xlink:href='../elts/us-gaap-2011-01-31.xsd#us-gaap_PaymentsForPostemploymentBenefits' xlink:label='loc_PaymentsForPostemploymentBenefits' xlink:type='locator' />
<link:loc xlink:href='../elts/us-gaap-2011-01-31.xsd#us-gaap_AssetRetirementObligationCashPaidToSettle' xlink:label='loc_AssetRetirementObligationCashPaidToSettle' xlink:type='locator' />
<link:loc xlink:href='../elts/us-gaap-2011-01-31.xsd#us-gaap_PaymentsForDemandSideManagementProgram' xlink:label='loc_PaymentsForDemandSideManagementProgram' xlink:type='locator' />
<link:loc xlink:href='../elts/us-gaap-2011-01-31.xsd#us-gaap_PaymentsForOtherOperatingActivities' xlink:label='loc_PaymentsForOtherOperatingActivities' xlink:type='locator' />
<calculationArc order='10' weight='1.0' xlink:arcrole='http://www.xbrl.org/2003/arcrole/summation-item' xlink:from='loc_NetCashProvidedByUsedInOperatingActivitiesContinuingOperations' xlink:to='loc_ProceedsFromOperatingActivities' xlink:type='arc' />
<calculationArc order='10' weight='1.0' xlink:arcrole='http://www.xbrl.org/2003/arcrole/summation-item' xlink:from='loc_ProceedsFromOperatingActivities' xlink:to='loc_ProceedsFromCustomers' xlink:type='arc' />
<calculationArc order='20' weight='1.0' xlink:arcrole='http://www.xbrl.org/2003/arcrole/summation-item' xlink:from='loc_ProceedsFromOperatingActivities' xlink:to='loc_ProceedsFromCustomersForProgressPayments' xlink:type='arc' />
<calculationArc order='30' weight='1.0' xlink:arcrole='http://www.xbrl.org/2003/arcrole/summation-item' xlink:from='loc_ProceedsFromOperatingActivities' xlink:to='loc_ProceedsFromDepositsFromCustomers' xlink:type='arc' />
<calculationArc order='40' weight='1.0' xlink:arcrole='http://www.xbrl.org/2003/arcrole/summation-item' xlink:from='loc_ProceedsFromOperatingActivities' xlink:to='loc_ProceedsFromFeesReceived' xlink:type='arc' />
<calculationArc order='50' weight='1.0' xlink:arcrole='http://www.xbrl.org/2003/arcrole/summation-item' xlink:from='loc_ProceedsFromOperatingActivities' xlink:to='loc_ProceedsFromLicenseFeesReceived' xlink:type='arc' />
<calculationArc order='60' weight='1.0' xlink:arcrole='http://www.xbrl.org/2003/arcrole/summation-item' xlink:from='loc_ProceedsFromOperatingActivities' xlink:to='loc_ProceedsFromInterestAndDividendsReceived' xlink:type='arc' />
<calculationArc order='10' weight='1.0' xlink:arcrole='http://www.xbrl.org/2003/arcrole/summation-item' xlink:from='loc_ProceedsFromInterestAndDividendsReceived' xlink:to='loc_ProceedsFromInterestReceived' xlink:type='arc' />
<calculationArc order='20' weight='1.0' xlink:arcrole='http://www.xbrl.org/2003/arcrole/summation-item' xlink:from='loc_ProceedsFromInterestAndDividendsReceived' xlink:to='loc_ProceedsFromDividendsReceived' xlink:type='arc' />
<calculationArc order='70' weight='1.0' xlink:arcrole='http://www.xbrl.org/2003/arcrole/summation-item' xlink:from='loc_ProceedsFromOperatingActivities' xlink:to='loc_ProceedsFromIncomeTaxRefunds' xlink:type='arc' />
<calculationArc order='80' weight='1.0' xlink:arcrole='http://www.xbrl.org/2003/arcrole/summation-item' xlink:from='loc_ProceedsFromOperatingActivities' xlink:to='loc_ProceedsFromCommissionsReceived' xlink:type='arc' />
<calculationArc order='90' weight='1.0' xlink:arcrole='http://www.xbrl.org/2003/arcrole/summation-item' xlink:from='loc_ProceedsFromOperatingActivities' xlink:to='loc_ProceedsFromRoyaltiesReceived' xlink:type='arc' />
<calculationArc order='100' weight='1.0' xlink:arcrole='http://www.xbrl.org/2003/arcrole/summation-item' xlink:from='loc_ProceedsFromOperatingActivities' xlink:to='loc_ProceedsFromRentsReceived' xlink:type='arc' />
<calculationArc order='110' weight='1.0' xlink:arcrole='http://www.xbrl.org/2003/arcrole/summation-item' xlink:from='loc_ProceedsFromOperatingActivities' xlink:to='loc_ProceedsFromFinancingRevenueReceivedUnderLeases' xlink:type='arc' />
<calculationArc order='120' weight='1.0' xlink:arcrole='http://www.xbrl.org/2003/arcrole/summation-item' xlink:from='loc_ProceedsFromOperatingActivities' xlink:to='loc_ProceedsFromRefundsFromSuppliersOfMaterial' xlink:type='arc' />
<calculationArc order='130' weight='1.0' xlink:arcrole='http://www.xbrl.org/2003/arcrole/summation-item' xlink:from='loc_ProceedsFromOperatingActivities' xlink:to='loc_ProceedsFromInsuranceSettlementOperatingActivities' xlink:type='arc' />
<calculationArc order='140' weight='1.0' xlink:arcrole='http://www.xbrl.org/2003/arcrole/summation-item' xlink:from='loc_ProceedsFromOperatingActivities' xlink:to='loc_ProceedsFromLegalSettlements' xlink:type='arc' />
<calculationArc order='150' weight='1.0' xlink:arcrole='http://www.xbrl.org/2003/arcrole/summation-item' xlink:from='loc_ProceedsFromOperatingActivities' xlink:to='loc_ProceedsFromInsurancePremiumsCollected' xlink:type='arc' />
<calculationArc order='160' weight='1.0' xlink:arcrole='http://www.xbrl.org/2003/arcrole/summation-item' xlink:from='loc_ProceedsFromOperatingActivities' xlink:to='loc_ProceedsFromSaleOfRealEstate' xlink:type='arc' />
<calculationArc order='170' weight='1.0' xlink:arcrole='http://www.xbrl.org/2003/arcrole/summation-item' xlink:from='loc_ProceedsFromOperatingActivities' xlink:to='loc_ProceedsFromSaleOfSecuritiesOperatingActivities' xlink:type='arc' />
<calculationArc order='180' weight='1.0' xlink:arcrole='http://www.xbrl.org/2003/arcrole/summation-item' xlink:from='loc_ProceedsFromOperatingActivities' xlink:to='loc_ProceedsFromMaturitiesPrepaymentsAndCallsOfSecuritiesOperatingActivities' xlink:type='arc' />
<calculationArc order='190' weight='1.0' xlink:arcrole='http://www.xbrl.org/2003/arcrole/summation-item' xlink:from='loc_ProceedsFromOperatingActivities' xlink:to='loc_ProceedsFromSaleOfOtherAssets' xlink:type='arc' />
<calculationArc order='200' weight='1.0' xlink:arcrole='http://www.xbrl.org/2003/arcrole/summation-item' xlink:from='loc_ProceedsFromOperatingActivities' xlink:to='loc_ProceedsFromGrantors' xlink:type='arc' />
<calculationArc order='210' weight='1.0' xlink:arcrole='http://www.xbrl.org/2003/arcrole/summation-item' xlink:from='loc_ProceedsFromOperatingActivities' xlink:to='loc_ProceedsFromCollaborators' xlink:type='arc' />
<calculationArc order='220' weight='1.0' xlink:arcrole='http://www.xbrl.org/2003/arcrole/summation-item' xlink:from='loc_ProceedsFromOperatingActivities' xlink:to='loc_ProceedsFromTimeDepositsAccepted' xlink:type='arc' />
<calculationArc order='230' weight='1.0' xlink:arcrole='http://www.xbrl.org/2003/arcrole/summation-item' xlink:from='loc_ProceedsFromOperatingActivities' xlink:to='loc_ProceedsFromLoans' xlink:type='arc' />
<calculationArc order='240' weight='1.0' xlink:arcrole='http://www.xbrl.org/2003/arcrole/summation-item' xlink:from='loc_ProceedsFromOperatingActivities' xlink:to='loc_ProceedsFromDepositsWithOtherInstitutions' xlink:type='arc' />
<calculationArc order='250' weight='1.0' xlink:arcrole='http://www.xbrl.org/2003/arcrole/summation-item' xlink:from='loc_ProceedsFromOperatingActivities' xlink:to='loc_ProceedsFromSaleOfMortgageLoansHeldForSale' xlink:type='arc' />
<calculationArc order='260' weight='1.0' xlink:arcrole='http://www.xbrl.org/2003/arcrole/summation-item' xlink:from='loc_ProceedsFromOperatingActivities' xlink:to='loc_ProceedsFromCollectionOfMortgageLoansHeldForSale' xlink:type='arc' />
<calculationArc order='270' weight='1.0' xlink:arcrole='http://www.xbrl.org/2003/arcrole/summation-item' xlink:from='loc_ProceedsFromOperatingActivities' xlink:to='loc_ProceedsFromDemandSideManagementProgram' xlink:type='arc' />
<calculationArc order='280' weight='1.0' xlink:arcrole='http://www.xbrl.org/2003/arcrole/summation-item' xlink:from='loc_ProceedsFromOperatingActivities' xlink:to='loc_ProceedsFromOtherOperatingActivities' xlink:type='arc' />
<calculationArc order='20' weight='-1.0' xlink:arcrole='http://www.xbrl.org/2003/arcrole/summation-item' xlink:from='loc_NetCashProvidedByUsedInOperatingActivitiesContinuingOperations' xlink:to='loc_PaymentsForOperatingActivities' xlink:type='arc' />
<calculationArc order='10' weight='1.0' xlink:arcrole='http://www.xbrl.org/2003/arcrole/summation-item' xlink:from='loc_PaymentsForOperatingActivities' xlink:to='loc_PaymentsToSuppliersAndEmployees' xlink:type='arc' />
<calculationArc order='10' weight='1.0' xlink:arcrole='http://www.xbrl.org/2003/arcrole/summation-item' xlink:from='loc_PaymentsToSuppliersAndEmployees' xlink:to='loc_PaymentsToSuppliers' xlink:type='arc' />
<calculationArc order='20' weight='1.0' xlink:arcrole='http://www.xbrl.org/2003/arcrole/summation-item' xlink:from='loc_PaymentsToSuppliersAndEmployees' xlink:to='loc_PaymentsToEmployees' xlink:type='arc' />
<calculationArc order='20' weight='1.0' xlink:arcrole='http://www.xbrl.org/2003/arcrole/summation-item' xlink:from='loc_PaymentsForOperatingActivities' xlink:to='loc_PaymentsForDeposits' xlink:type='arc' />
<calculationArc order='30' weight='1.0' xlink:arcrole='http://www.xbrl.org/2003/arcrole/summation-item' xlink:from='loc_PaymentsForOperatingActivities' xlink:to='loc_PaymentsForRent' xlink:type='arc' />
<calculationArc order='40' weight='1.0' xlink:arcrole='http://www.xbrl.org/2003/arcrole/summation-item' xlink:from='loc_PaymentsForOperatingActivities' xlink:to='loc_InterestPaid' xlink:type='arc' />
<calculationArc order='10' weight='1.0' xlink:arcrole='http://www.xbrl.org/2003/arcrole/summation-item' xlink:from='loc_InterestPaid' xlink:to='loc_InterestPaidNet' xlink:type='arc' />
<calculationArc order='20' weight='1.0' xlink:arcrole='http://www.xbrl.org/2003/arcrole/summation-item' xlink:from='loc_InterestPaid' xlink:to='loc_InterestPaidCapitalized' xlink:type='arc' />
<calculationArc order='50' weight='1.0' xlink:arcrole='http://www.xbrl.org/2003/arcrole/summation-item' xlink:from='loc_PaymentsForOperatingActivities' xlink:to='loc_IncomeTaxesPaid' xlink:type='arc' />
<calculationArc order='60' weight='1.0' xlink:arcrole='http://www.xbrl.org/2003/arcrole/summation-item' xlink:from='loc_PaymentsForOperatingActivities' xlink:to='loc_PaymentsForOtherTaxes' xlink:type='arc' />
<calculationArc order='70' weight='1.0' xlink:arcrole='http://www.xbrl.org/2003/arcrole/summation-item' xlink:from='loc_PaymentsForOperatingActivities' xlink:to='loc_PaymentsForFees' xlink:type='arc' />
<calculationArc order='80' weight='1.0' xlink:arcrole='http://www.xbrl.org/2003/arcrole/summation-item' xlink:from='loc_PaymentsForOperatingActivities' xlink:to='loc_PaymentsForCommissions' xlink:type='arc' />
<calculationArc order='90' weight='1.0' xlink:arcrole='http://www.xbrl.org/2003/arcrole/summation-item' xlink:from='loc_PaymentsForOperatingActivities' xlink:to='loc_PaymentsForBrokerageFees' xlink:type='arc' />
<calculationArc order='100' weight='1.0' xlink:arcrole='http://www.xbrl.org/2003/arcrole/summation-item' xlink:from='loc_PaymentsForOperatingActivities' xlink:to='loc_PaymentsForRoyalties' xlink:type='arc' />
<calculationArc order='110' weight='1.0' xlink:arcrole='http://www.xbrl.org/2003/arcrole/summation-item' xlink:from='loc_PaymentsForOperatingActivities' xlink:to='loc_PaymentsForLegalSettlements' xlink:type='arc' />
<calculationArc order='120' weight='1.0' xlink:arcrole='http://www.xbrl.org/2003/arcrole/summation-item' xlink:from='loc_PaymentsForOperatingActivities' xlink:to='loc_PaymentsForEnvironmentalLiabilities' xlink:type='arc' />
<calculationArc order='130' weight='1.0' xlink:arcrole='http://www.xbrl.org/2003/arcrole/summation-item' xlink:from='loc_PaymentsForOperatingActivities' xlink:to='loc_PaymentsForReinsurance' xlink:type='arc' />
<calculationArc order='140' weight='1.0' xlink:arcrole='http://www.xbrl.org/2003/arcrole/summation-item' xlink:from='loc_PaymentsForOperatingActivities' xlink:to='loc_PaymentsForLossesAndLossAdjustmentExpense' xlink:type='arc' />
<calculationArc order='150' weight='1.0' xlink:arcrole='http://www.xbrl.org/2003/arcrole/summation-item' xlink:from='loc_PaymentsForOperatingActivities' xlink:to='loc_PaymentsForUnderwritingExpense' xlink:type='arc' />
<calculationArc order='160' weight='1.0' xlink:arcrole='http://www.xbrl.org/2003/arcrole/summation-item' xlink:from='loc_PaymentsForOperatingActivities' xlink:to='loc_PaymentsForMergerRelatedCosts' xlink:type='arc' />
<calculationArc order='170' weight='1.0' xlink:arcrole='http://www.xbrl.org/2003/arcrole/summation-item' xlink:from='loc_PaymentsForOperatingActivities' xlink:to='loc_PaymentsForRestructuring' xlink:type='arc' />
<calculationArc order='180' weight='1.0' xlink:arcrole='http://www.xbrl.org/2003/arcrole/summation-item' xlink:from='loc_PaymentsForOperatingActivities' xlink:to='loc_PaymentsForOriginationOfMortgageLoansHeldForSale' xlink:type='arc' />
<calculationArc order='190' weight='1.0' xlink:arcrole='http://www.xbrl.org/2003/arcrole/summation-item' xlink:from='loc_PaymentsForOperatingActivities' xlink:to='loc_PaymentsToPurchaseMortgageLoansHeldForSale' xlink:type='arc' />
<calculationArc order='200' weight='1.0' xlink:arcrole='http://www.xbrl.org/2003/arcrole/summation-item' xlink:from='loc_PaymentsForOperatingActivities' xlink:to='loc_PaymentsForPurchaseOfSecuritiesOperatingActivities' xlink:type='arc' />
<calculationArc order='210' weight='1.0' xlink:arcrole='http://www.xbrl.org/2003/arcrole/summation-item' xlink:from='loc_PaymentsForOperatingActivities' xlink:to='loc_PaymentsForPurchaseOfOtherAssets' xlink:type='arc' />
<calculationArc order='220' weight='1.0' xlink:arcrole='http://www.xbrl.org/2003/arcrole/summation-item' xlink:from='loc_PaymentsForOperatingActivities' xlink:to='loc_PaymentsForDepositsWithOtherInstitutions' xlink:type='arc' />
<calculationArc order='230' weight='1.0' xlink:arcrole='http://www.xbrl.org/2003/arcrole/summation-item' xlink:from='loc_PaymentsForOperatingActivities' xlink:to='loc_PaymentsForTimeDeposits' xlink:type='arc' />
<calculationArc order='240' weight='1.0' xlink:arcrole='http://www.xbrl.org/2003/arcrole/summation-item' xlink:from='loc_PaymentsForOperatingActivities' xlink:to='loc_PaymentsForLoans' xlink:type='arc' />
<calculationArc order='250' weight='1.0' xlink:arcrole='http://www.xbrl.org/2003/arcrole/summation-item' xlink:from='loc_PaymentsForOperatingActivities' xlink:to='loc_PensionContributions' xlink:type='arc' />
<calculationArc order='260' weight='1.0' xlink:arcrole='http://www.xbrl.org/2003/arcrole/summation-item' xlink:from='loc_PaymentsForOperatingActivities' xlink:to='loc_OtherPostretirementBenefitsPayments' xlink:type='arc' />
<calculationArc order='270' weight='1.0' xlink:arcrole='http://www.xbrl.org/2003/arcrole/summation-item' xlink:from='loc_PaymentsForOperatingActivities' xlink:to='loc_PaymentsForPostemploymentBenefits' xlink:type='arc' />
<calculationArc order='280' weight='1.0' xlink:arcrole='http://www.xbrl.org/2003/arcrole/summation-item' xlink:from='loc_PaymentsForOperatingActivities' xlink:to='loc_AssetRetirementObligationCashPaidToSettle' xlink:type='arc' />
<calculationArc order='290' weight='1.0' xlink:arcrole='http://www.xbrl.org/2003/arcrole/summation-item' xlink:from='loc_PaymentsForOperatingActivities' xlink:to='loc_PaymentsForDemandSideManagementProgram' xlink:type='arc' />
<calculationArc order='300' weight='1.0' xlink:arcrole='http://www.xbrl.org/2003/arcrole/summation-item' xlink:from='loc_PaymentsForOperatingActivities' xlink:to='loc_PaymentsForOtherOperatingActivities' xlink:type='arc' />
</calculationLink>
</link:linkbase>
