<?xml version="1.0" encoding="UTF-8" standalone="no"?>

<!--
(c) XBRL US, Inc. 2007-2010; Financial Accounting Foundation, Inc. 2010-2011.  All Rights Reserved.
Notice: Authorized Uses are Set Forth at http://xbrl.fasb.org/terms/TaxonomiesTermsConditions.html
  -->
<link:linkbase xmlns:link='http://www.xbrl.org/2003/linkbase' xmlns:xlink='http://www.w3.org/1999/xlink' xmlns:xsi='http://www.w3.org/2001/XMLSchema-instance' xsi:schemaLocation='http://www.xbrl.org/2003/linkbase http://www.xbrl.org/2003/xbrl-linkbase-2003-12-31.xsd'>
<link:roleRef roleURI='http://fasb.org/us-gaap/role/statement/StatementOfShareholdersEquityAndOtherComprehensiveIncomeCalc2' xlink:href='../elts/us-roles-2011-01-31.xsd#sheci2' xlink:type='simple' />
<calculationLink xlink:role='http://fasb.org/us-gaap/role/statement/StatementOfShareholdersEquityAndOtherComprehensiveIncomeCalc2' xlink:type='extended' xmlns='http://www.xbrl.org/2003/linkbase'>
<link:loc xlink:href='../elts/us-gaap-2011-01-31.xsd#us-gaap_OtherComprehensiveIncomeLossNetOfTaxPeriodIncreaseDecrease' xlink:label='loc_OtherComprehensiveIncomeLossNetOfTaxPeriodIncreaseDecrease' xlink:type='locator' />
<link:loc xlink:href='../elts/us-gaap-2011-01-31.xsd#us-gaap_OtherComprehensiveIncomeForeignCurrencyTransactionAndTranslationAdjustmentNetOfTaxPeriodIncreaseDecrease' xlink:label='loc_OtherComprehensiveIncomeForeignCurrencyTransactionAndTranslationAdjustmentNetOfTaxPeriodIncreaseDecrease' xlink:type='locator' />
<link:loc xlink:href='../elts/us-gaap-2011-01-31.xsd#us-gaap_OtherComprehensiveIncomeForeignCurrencyTransactionAndTranslationAdjustmentBeforeTaxPeriodIncreaseDecrease' xlink:label='loc_OtherComprehensiveIncomeForeignCurrencyTransactionAndTranslationAdjustmentBeforeTaxPeriodIncreaseDecrease' xlink:type='locator' />
<link:loc xlink:href='../elts/us-gaap-2011-01-31.xsd#us-gaap_OtherComprehensiveIncomeForeignCurrencyTransactionAndTranslationGainLossBeforeReclassificationAndTax' xlink:label='loc_OtherComprehensiveIncomeForeignCurrencyTransactionAndTranslationGainLossBeforeReclassificationAndTax' xlink:type='locator' />
<link:loc xlink:href='../elts/us-gaap-2011-01-31.xsd#us-gaap_OtherComprehensiveIncomeForeignCurrencyTransactionAndTranslationReclassificationAdjustmentRealizedUponSaleOrLiquidationBeforeTax' xlink:label='loc_OtherComprehensiveIncomeForeignCurrencyTransactionAndTranslationReclassificationAdjustmentRealizedUponSaleOrLiquidationBeforeTax' xlink:type='locator' />
<link:loc xlink:href='../elts/us-gaap-2011-01-31.xsd#us-gaap_OtherComprehensiveIncomeForeignCurrencyTranslationAdjustmentTax' xlink:label='loc_OtherComprehensiveIncomeForeignCurrencyTranslationAdjustmentTax' xlink:type='locator' />
<link:loc xlink:href='../elts/us-gaap-2011-01-31.xsd#us-gaap_OtherComprehensiveIncomeForeignCurrencyTranslationGainLossArisingDuringPeriodTax' xlink:label='loc_OtherComprehensiveIncomeForeignCurrencyTranslationGainLossArisingDuringPeriodTax' xlink:type='locator' />
<link:loc xlink:href='../elts/us-gaap-2011-01-31.xsd#us-gaap_OtherComprehensiveIncomeForeignCurrencyTranslationReclassificationAdjustmentRealizedUponSaleOrLiquidationTax' xlink:label='loc_OtherComprehensiveIncomeForeignCurrencyTranslationReclassificationAdjustmentRealizedUponSaleOrLiquidationTax' xlink:type='locator' />
<link:loc xlink:href='../elts/us-gaap-2011-01-31.xsd#us-gaap_OtherComprehensiveIncomeDefinedBenefitPlansAdjustmentNetOfTaxPeriodIncreaseDecrease' xlink:label='loc_OtherComprehensiveIncomeDefinedBenefitPlansAdjustmentNetOfTaxPeriodIncreaseDecrease' xlink:type='locator' />
<link:loc xlink:href='../elts/us-gaap-2011-01-31.xsd#us-gaap_OtherComprehensiveIncomeDefinedBenefitPlansAdjustmentBeforeTaxPeriodIncreaseDecrease' xlink:label='loc_OtherComprehensiveIncomeDefinedBenefitPlansAdjustmentBeforeTaxPeriodIncreaseDecrease' xlink:type='locator' />
<link:loc xlink:href='../elts/us-gaap-2011-01-31.xsd#us-gaap_OtherComprehensiveIncomeDefinedBenefitPlanNetPriorServiceCostCreditArisingDuringPeriodBeforeTax' xlink:label='loc_OtherComprehensiveIncomeDefinedBenefitPlanNetPriorServiceCostCreditArisingDuringPeriodBeforeTax' xlink:type='locator' />
<link:loc xlink:href='../elts/us-gaap-2011-01-31.xsd#us-gaap_OtherComprehensiveIncomeAmortizationOfDefinedBenefitPlanNetPriorServiceCostCreditRecognizedInNetPeriodicBenefitCostBeforeTax' xlink:label='loc_OtherComprehensiveIncomeAmortizationOfDefinedBenefitPlanNetPriorServiceCostCreditRecognizedInNetPeriodicBenefitCostBeforeTax' xlink:type='locator' />
<link:loc xlink:href='../elts/us-gaap-2011-01-31.xsd#us-gaap_OtherComprehensiveIncomeDefinedBenefitPlansNetUnamortizedGainLossArisingDuringPeriodBeforeTax' xlink:label='loc_OtherComprehensiveIncomeDefinedBenefitPlansNetUnamortizedGainLossArisingDuringPeriodBeforeTax' xlink:type='locator' />
<link:loc xlink:href='../elts/us-gaap-2011-01-31.xsd#us-gaap_OtherComprehensiveIncomeReclassificationOfDefinedBenefitPlansNetGainLossRecognizedInNetPeriodicBenefitCostBeforeTax' xlink:label='loc_OtherComprehensiveIncomeReclassificationOfDefinedBenefitPlansNetGainLossRecognizedInNetPeriodicBenefitCostBeforeTax' xlink:type='locator' />
<link:loc xlink:href='../elts/us-gaap-2011-01-31.xsd#us-gaap_OtherComprehensiveIncomeReclassificationOfDefinedBenefitPlanNetTransitionAssetObligationRecognizedInNetPeriodicBenefitCostBeforeTax' xlink:label='loc_OtherComprehensiveIncomeReclassificationOfDefinedBenefitPlanNetTransitionAssetObligationRecognizedInNetPeriodicBenefitCostBeforeTax' xlink:type='locator' />
<link:loc xlink:href='../elts/us-gaap-2011-01-31.xsd#us-gaap_OtherComprehensiveIncomeMinimumPensionLiabilityNetAdjustmentBeforeTax' xlink:label='loc_OtherComprehensiveIncomeMinimumPensionLiabilityNetAdjustmentBeforeTax' xlink:type='locator' />
<link:loc xlink:href='../elts/us-gaap-2011-01-31.xsd#us-gaap_OtherComprehensiveIncomeFinalizationOfPensionAndNonPensionPostretirementPlanValuationBeforeTax' xlink:label='loc_OtherComprehensiveIncomeFinalizationOfPensionAndNonPensionPostretirementPlanValuationBeforeTax' xlink:type='locator' />
<link:loc xlink:href='../elts/us-gaap-2011-01-31.xsd#us-gaap_OtherComprehensiveIncomeDefinedBenefitPlansTax' xlink:label='loc_OtherComprehensiveIncomeDefinedBenefitPlansTax' xlink:type='locator' />
<link:loc xlink:href='../elts/us-gaap-2011-01-31.xsd#us-gaap_OtherComprehensiveIncomeDefinedBenefitPlansNetUnamortizedGainLossArisingDuringPeriodTax' xlink:label='loc_OtherComprehensiveIncomeDefinedBenefitPlansNetUnamortizedGainLossArisingDuringPeriodTax' xlink:type='locator' />
<link:loc xlink:href='../elts/us-gaap-2011-01-31.xsd#us-gaap_OtherComprehensiveIncomeReclassificationOfDefinedBenefitPlansNetGainLossRecognizedInNetPeriodicBenefitCostTax' xlink:label='loc_OtherComprehensiveIncomeReclassificationOfDefinedBenefitPlansNetGainLossRecognizedInNetPeriodicBenefitCostTax' xlink:type='locator' />
<link:loc xlink:href='../elts/us-gaap-2011-01-31.xsd#us-gaap_OtherComprehensiveIncomeLossPensionAndOtherPostretirementBenefitPlansPlanAmendmentsTaxEffect' xlink:label='loc_OtherComprehensiveIncomeLossPensionAndOtherPostretirementBenefitPlansPlanAmendmentsTaxEffect' xlink:type='locator' />
<link:loc xlink:href='../elts/us-gaap-2011-01-31.xsd#us-gaap_OtherComprehensiveIncomeLossPensionAndOtherPostretirementBenefitPlansBenefitPlanImprovementTaxEffect' xlink:label='loc_OtherComprehensiveIncomeLossPensionAndOtherPostretirementBenefitPlansBenefitPlanImprovementTaxEffect' xlink:type='locator' />
<link:loc xlink:href='../elts/us-gaap-2011-01-31.xsd#us-gaap_OtherComprehensiveIncomeLossPensionAndOtherPostretirementBenefitPlansCurtailmentTaxEffect' xlink:label='loc_OtherComprehensiveIncomeLossPensionAndOtherPostretirementBenefitPlansCurtailmentTaxEffect' xlink:type='locator' />
<link:loc xlink:href='../elts/us-gaap-2011-01-31.xsd#us-gaap_OtherComprehensiveIncomeLossAmortizationPensionAndOtherPostretirementBenefitPlansNetPriorServiceCostRecognizedInNetPeriodicPensionCostTaxEffect' xlink:label='loc_OtherComprehensiveIncomeLossAmortizationPensionAndOtherPostretirementBenefitPlansNetPriorServiceCostRecognizedInNetPeriodicPensionCostTaxEffect' xlink:type='locator' />
<link:loc xlink:href='../elts/us-gaap-2011-01-31.xsd#us-gaap_OtherComprehensiveIncomeReclassificationOfDefinedBenefitPlantNetTransitionAssetObligationRecognizedInNetPeriodicBenefitCostTax' xlink:label='loc_OtherComprehensiveIncomeReclassificationOfDefinedBenefitPlantNetTransitionAssetObligationRecognizedInNetPeriodicBenefitCostTax' xlink:type='locator' />
<link:loc xlink:href='../elts/us-gaap-2011-01-31.xsd#us-gaap_OtherComprehensiveIncomeMinimumPensionLiabilityNetAdjustmentTax' xlink:label='loc_OtherComprehensiveIncomeMinimumPensionLiabilityNetAdjustmentTax' xlink:type='locator' />
<link:loc xlink:href='../elts/us-gaap-2011-01-31.xsd#us-gaap_OtherComprehensiveIncomeFinalizationOfPensionAndNonPensionPostretirementPlanValuationTax' xlink:label='loc_OtherComprehensiveIncomeFinalizationOfPensionAndNonPensionPostretirementPlanValuationTax' xlink:type='locator' />
<link:loc xlink:href='../elts/us-gaap-2011-01-31.xsd#us-gaap_OtherComprehensiveIncomeAvailableForSaleSecuritiesAdjustmentNetOfTaxPeriodIncreaseDecrease' xlink:label='loc_OtherComprehensiveIncomeAvailableForSaleSecuritiesAdjustmentNetOfTaxPeriodIncreaseDecrease' xlink:type='locator' />
<link:loc xlink:href='../elts/us-gaap-2011-01-31.xsd#us-gaap_OtherComprehensiveIncomeAvailableForSaleSecuritiesAdjustmentBeforeTaxPeriodIncreaseDecrease' xlink:label='loc_OtherComprehensiveIncomeAvailableForSaleSecuritiesAdjustmentBeforeTaxPeriodIncreaseDecrease' xlink:type='locator' />
<link:loc xlink:href='../elts/us-gaap-2011-01-31.xsd#us-gaap_OtherComprehensiveIncomeUnrealizedHoldingGainLossOnSecuritiesArisingDuringPeriodBeforeTax' xlink:label='loc_OtherComprehensiveIncomeUnrealizedHoldingGainLossOnSecuritiesArisingDuringPeriodBeforeTax' xlink:type='locator' />
<link:loc xlink:href='../elts/us-gaap-2011-01-31.xsd#us-gaap_OtherComprehensiveIncomeReclassificationAdjustmentForHeldToMaturityTransferredToAvailableForSaleSecuritiesBeforeTax' xlink:label='loc_OtherComprehensiveIncomeReclassificationAdjustmentForHeldToMaturityTransferredToAvailableForSaleSecuritiesBeforeTax' xlink:type='locator' />
<link:loc xlink:href='../elts/us-gaap-2011-01-31.xsd#us-gaap_OtherComprehensiveIncomeReclassificationAdjustmentForSaleOfSecuritiesIncludedInNetIncomeBeforeTax' xlink:label='loc_OtherComprehensiveIncomeReclassificationAdjustmentForSaleOfSecuritiesIncludedInNetIncomeBeforeTax' xlink:type='locator' />
<link:loc xlink:href='../elts/us-gaap-2011-01-31.xsd#us-gaap_OtherComprehensiveIncomeReclassificationAdjustmentForWriteDownOfSecuritiesIncludedInNetIncomeBeforeTax' xlink:label='loc_OtherComprehensiveIncomeReclassificationAdjustmentForWriteDownOfSecuritiesIncludedInNetIncomeBeforeTax' xlink:type='locator' />
<link:loc xlink:href='../elts/us-gaap-2011-01-31.xsd#us-gaap_OtherComprehensiveIncomeAvailableForSaleSecuritiesTax' xlink:label='loc_OtherComprehensiveIncomeAvailableForSaleSecuritiesTax' xlink:type='locator' />
<link:loc xlink:href='../elts/us-gaap-2011-01-31.xsd#us-gaap_OtherComprehensiveIncomeUnrealizedHoldingGainLossOnSecuritiesArisingDuringPeriodTax' xlink:label='loc_OtherComprehensiveIncomeUnrealizedHoldingGainLossOnSecuritiesArisingDuringPeriodTax' xlink:type='locator' />
<link:loc xlink:href='../elts/us-gaap-2011-01-31.xsd#us-gaap_OtherComprehensiveIncomeReclassificationAdjustmentForHeldToMaturityTransferredToAvailableForSaleSecuritiesTax' xlink:label='loc_OtherComprehensiveIncomeReclassificationAdjustmentForHeldToMaturityTransferredToAvailableForSaleSecuritiesTax' xlink:type='locator' />
<link:loc xlink:href='../elts/us-gaap-2011-01-31.xsd#us-gaap_OtherComprehensiveIncomeReclassificationAdjustmentForSaleOfSecuritiesIncludedInNetIncomeTax' xlink:label='loc_OtherComprehensiveIncomeReclassificationAdjustmentForSaleOfSecuritiesIncludedInNetIncomeTax' xlink:type='locator' />
<link:loc xlink:href='../elts/us-gaap-2011-01-31.xsd#us-gaap_OtherComprehensiveIncomeReclassificationAdjustmentForWriteDownOfSecuritiesIncludedInNetIncomeTax' xlink:label='loc_OtherComprehensiveIncomeReclassificationAdjustmentForWriteDownOfSecuritiesIncludedInNetIncomeTax' xlink:type='locator' />
<link:loc xlink:href='../elts/us-gaap-2011-01-31.xsd#us-gaap_OtherThanTemporaryImpairmentLossesInvestmentsPortionInOtherComprehensiveIncomeLossNetOfTaxIncludingPortionAttributableToNoncontrollingInterest' xlink:label='loc_OtherThanTemporaryImpairmentLossesInvestmentsPortionInOtherComprehensiveIncomeLossNetOfTaxIncludingPortionAttributableToNoncontrollingInterest' xlink:type='locator' />
<link:loc xlink:href='../elts/us-gaap-2011-01-31.xsd#us-gaap_OtherThanTemporaryImpairmentLossesInvestmentsPortionInOtherComprehensiveIncomeLossBeforeTaxIncludingPortionAttributableToNoncontrollingInterest' xlink:label='loc_OtherThanTemporaryImpairmentLossesInvestmentsPortionInOtherComprehensiveIncomeLossBeforeTaxIncludingPortionAttributableToNoncontrollingInterest' xlink:type='locator' />
<link:loc xlink:href='../elts/us-gaap-2011-01-31.xsd#us-gaap_OtherThanTemporaryImpairmentLossesInvestmentsPortionInOtherComprehensiveIncomeLossBeforeTaxIncludingPortionAttributableToNoncontrollingInterestAvailableforsaleSecurities' xlink:label='loc_OtherThanTemporaryImpairmentLossesInvestmentsPortionInOtherComprehensiveIncomeLossBeforeTaxIncludingPortionAttributableToNoncontrollingInterestAvailableforsaleSecurities' xlink:type='locator' />
<link:loc xlink:href='../elts/us-gaap-2011-01-31.xsd#us-gaap_OtherThanTemporaryImpairmentLossesInvestmentsPortionInOtherComprehensiveIncomeLossBeforeTaxIncludingPortionAttributableToNoncontrollingInterestHeldtomaturitySecurities' xlink:label='loc_OtherThanTemporaryImpairmentLossesInvestmentsPortionInOtherComprehensiveIncomeLossBeforeTaxIncludingPortionAttributableToNoncontrollingInterestHeldtomaturitySecurities' xlink:type='locator' />
<link:loc xlink:href='../elts/us-gaap-2011-01-31.xsd#us-gaap_OtherThanTemporaryImpairmentLossesInvestmentsPortionInOtherComprehensiveIncomeLossTaxIncludingPortionAttributableToNoncontrollingInterest' xlink:label='loc_OtherThanTemporaryImpairmentLossesInvestmentsPortionInOtherComprehensiveIncomeLossTaxIncludingPortionAttributableToNoncontrollingInterest' xlink:type='locator' />
<link:loc xlink:href='../elts/us-gaap-2011-01-31.xsd#us-gaap_OtherThanTemporaryImpairmentLossesInvestmentsPortionInOtherComprehensiveIncomeLossTaxIncludingPortionAttributableToNoncontrollingInterestAvailableforsaleSecurities' xlink:label='loc_OtherThanTemporaryImpairmentLossesInvestmentsPortionInOtherComprehensiveIncomeLossTaxIncludingPortionAttributableToNoncontrollingInterestAvailableforsaleSecurities' xlink:type='locator' />
<link:loc xlink:href='../elts/us-gaap-2011-01-31.xsd#us-gaap_OtherThanTemporaryImpairmentLossesInvestmentsPortionInOtherComprehensiveIncomeLossTaxIncludingPortionAttributableToNoncontrollingInterestHeldtomaturitySecurities' xlink:label='loc_OtherThanTemporaryImpairmentLossesInvestmentsPortionInOtherComprehensiveIncomeLossTaxIncludingPortionAttributableToNoncontrollingInterestHeldtomaturitySecurities' xlink:type='locator' />
<link:loc xlink:href='../elts/us-gaap-2011-01-31.xsd#us-gaap_OtherComprehensiveIncomeDerivativesQualifyingAsHedgesNetOfTaxPeriodIncreaseDecrease' xlink:label='loc_OtherComprehensiveIncomeDerivativesQualifyingAsHedgesNetOfTaxPeriodIncreaseDecrease' xlink:type='locator' />
<link:loc xlink:href='../elts/us-gaap-2011-01-31.xsd#us-gaap_OtherComprehensiveIncomeDerivativesQualifyingAsHedgesBeforeTaxPeriodIncreaseDecrease' xlink:label='loc_OtherComprehensiveIncomeDerivativesQualifyingAsHedgesBeforeTaxPeriodIncreaseDecrease' xlink:type='locator' />
<link:loc xlink:href='../elts/us-gaap-2011-01-31.xsd#us-gaap_OtherComprehensiveIncomeUnrealizedGainLossOnDerivativesArisingDuringPeriodBeforeTax' xlink:label='loc_OtherComprehensiveIncomeUnrealizedGainLossOnDerivativesArisingDuringPeriodBeforeTax' xlink:type='locator' />
<link:loc xlink:href='../elts/us-gaap-2011-01-31.xsd#us-gaap_OtherComprehensiveIncomeReclassificationAdjustmentOnDerivativesIncludedInNetIncomeBeforeTax' xlink:label='loc_OtherComprehensiveIncomeReclassificationAdjustmentOnDerivativesIncludedInNetIncomeBeforeTax' xlink:type='locator' />
<link:loc xlink:href='../elts/us-gaap-2011-01-31.xsd#us-gaap_OtherComprehensiveIncomeDerivativesQualifyingAsHedgesTaxEffectPeriodIncreaseDecrease' xlink:label='loc_OtherComprehensiveIncomeDerivativesQualifyingAsHedgesTaxEffectPeriodIncreaseDecrease' xlink:type='locator' />
<link:loc xlink:href='../elts/us-gaap-2011-01-31.xsd#us-gaap_OtherComprehensiveIncomeUnrealizedGainLossOnDerivativesArisingDuringPeriodTax' xlink:label='loc_OtherComprehensiveIncomeUnrealizedGainLossOnDerivativesArisingDuringPeriodTax' xlink:type='locator' />
<link:loc xlink:href='../elts/us-gaap-2011-01-31.xsd#us-gaap_OtherComprehensiveIncomeReclassificationAdjustmentOnDerivativesIncludedInNetIncomeTax' xlink:label='loc_OtherComprehensiveIncomeReclassificationAdjustmentOnDerivativesIncludedInNetIncomeTax' xlink:type='locator' />
<link:loc xlink:href='../elts/us-gaap-2011-01-31.xsd#us-gaap_Dividends' xlink:label='loc_Dividends' xlink:type='locator' />
<link:loc xlink:href='../elts/us-gaap-2011-01-31.xsd#us-gaap_DividendsCash' xlink:label='loc_DividendsCash' xlink:type='locator' />
<link:loc xlink:href='../elts/us-gaap-2011-01-31.xsd#us-gaap_DividendsCommonStockCash' xlink:label='loc_DividendsCommonStockCash' xlink:type='locator' />
<link:loc xlink:href='../elts/us-gaap-2011-01-31.xsd#us-gaap_DividendsPreferredStockCash' xlink:label='loc_DividendsPreferredStockCash' xlink:type='locator' />
<link:loc xlink:href='../elts/us-gaap-2011-01-31.xsd#us-gaap_DividendsShareBasedCompensationCash' xlink:label='loc_DividendsShareBasedCompensationCash' xlink:type='locator' />
<link:loc xlink:href='../elts/us-gaap-2011-01-31.xsd#us-gaap_DividendsPaidinkind' xlink:label='loc_DividendsPaidinkind' xlink:type='locator' />
<link:loc xlink:href='../elts/us-gaap-2011-01-31.xsd#us-gaap_DividendsCommonStockPaidinkind' xlink:label='loc_DividendsCommonStockPaidinkind' xlink:type='locator' />
<link:loc xlink:href='../elts/us-gaap-2011-01-31.xsd#us-gaap_DividendsPreferredStockPaidinkind' xlink:label='loc_DividendsPreferredStockPaidinkind' xlink:type='locator' />
<link:loc xlink:href='../elts/us-gaap-2011-01-31.xsd#us-gaap_DividendsSharebasedCompensationPaidInKind' xlink:label='loc_DividendsSharebasedCompensationPaidInKind' xlink:type='locator' />
<link:loc xlink:href='../elts/us-gaap-2011-01-31.xsd#us-gaap_DividendsStock' xlink:label='loc_DividendsStock' xlink:type='locator' />
<link:loc xlink:href='../elts/us-gaap-2011-01-31.xsd#us-gaap_DividendsCommonStockStock' xlink:label='loc_DividendsCommonStockStock' xlink:type='locator' />
<link:loc xlink:href='../elts/us-gaap-2011-01-31.xsd#us-gaap_DividendsPreferredStockStock' xlink:label='loc_DividendsPreferredStockStock' xlink:type='locator' />
<link:loc xlink:href='../elts/us-gaap-2011-01-31.xsd#us-gaap_DividendsSharebasedCompensationStock' xlink:label='loc_DividendsSharebasedCompensationStock' xlink:type='locator' />
<calculationArc order='10' weight='1.0' xlink:arcrole='http://www.xbrl.org/2003/arcrole/summation-item' xlink:from='loc_OtherComprehensiveIncomeLossNetOfTaxPeriodIncreaseDecrease' xlink:to='loc_OtherComprehensiveIncomeForeignCurrencyTransactionAndTranslationAdjustmentNetOfTaxPeriodIncreaseDecrease' xlink:type='arc' />
<calculationArc order='10' weight='1.0' xlink:arcrole='http://www.xbrl.org/2003/arcrole/summation-item' xlink:from='loc_OtherComprehensiveIncomeForeignCurrencyTransactionAndTranslationAdjustmentNetOfTaxPeriodIncreaseDecrease' xlink:to='loc_OtherComprehensiveIncomeForeignCurrencyTransactionAndTranslationAdjustmentBeforeTaxPeriodIncreaseDecrease' xlink:type='arc' />
<calculationArc order='10' weight='1.0' xlink:arcrole='http://www.xbrl.org/2003/arcrole/summation-item' xlink:from='loc_OtherComprehensiveIncomeForeignCurrencyTransactionAndTranslationAdjustmentBeforeTaxPeriodIncreaseDecrease' xlink:to='loc_OtherComprehensiveIncomeForeignCurrencyTransactionAndTranslationGainLossBeforeReclassificationAndTax' xlink:type='arc' />
<calculationArc order='20' weight='-1.0' xlink:arcrole='http://www.xbrl.org/2003/arcrole/summation-item' xlink:from='loc_OtherComprehensiveIncomeForeignCurrencyTransactionAndTranslationAdjustmentBeforeTaxPeriodIncreaseDecrease' xlink:to='loc_OtherComprehensiveIncomeForeignCurrencyTransactionAndTranslationReclassificationAdjustmentRealizedUponSaleOrLiquidationBeforeTax' xlink:type='arc' />
<calculationArc order='20' weight='-1.0' xlink:arcrole='http://www.xbrl.org/2003/arcrole/summation-item' xlink:from='loc_OtherComprehensiveIncomeForeignCurrencyTransactionAndTranslationAdjustmentNetOfTaxPeriodIncreaseDecrease' xlink:to='loc_OtherComprehensiveIncomeForeignCurrencyTranslationAdjustmentTax' xlink:type='arc' />
<calculationArc order='10' weight='1.0' xlink:arcrole='http://www.xbrl.org/2003/arcrole/summation-item' xlink:from='loc_OtherComprehensiveIncomeForeignCurrencyTranslationAdjustmentTax' xlink:to='loc_OtherComprehensiveIncomeForeignCurrencyTranslationGainLossArisingDuringPeriodTax' xlink:type='arc' />
<calculationArc order='20' weight='-1.0' xlink:arcrole='http://www.xbrl.org/2003/arcrole/summation-item' xlink:from='loc_OtherComprehensiveIncomeForeignCurrencyTranslationAdjustmentTax' xlink:to='loc_OtherComprehensiveIncomeForeignCurrencyTranslationReclassificationAdjustmentRealizedUponSaleOrLiquidationTax' xlink:type='arc' />
<calculationArc order='20' weight='-1.0' xlink:arcrole='http://www.xbrl.org/2003/arcrole/summation-item' xlink:from='loc_OtherComprehensiveIncomeLossNetOfTaxPeriodIncreaseDecrease' xlink:to='loc_OtherComprehensiveIncomeDefinedBenefitPlansAdjustmentNetOfTaxPeriodIncreaseDecrease' xlink:type='arc' />
<calculationArc order='10' weight='1.0' xlink:arcrole='http://www.xbrl.org/2003/arcrole/summation-item' xlink:from='loc_OtherComprehensiveIncomeDefinedBenefitPlansAdjustmentNetOfTaxPeriodIncreaseDecrease' xlink:to='loc_OtherComprehensiveIncomeDefinedBenefitPlansAdjustmentBeforeTaxPeriodIncreaseDecrease' xlink:type='arc' />
<calculationArc order='10' weight='1.0' xlink:arcrole='http://www.xbrl.org/2003/arcrole/summation-item' xlink:from='loc_OtherComprehensiveIncomeDefinedBenefitPlansAdjustmentBeforeTaxPeriodIncreaseDecrease' xlink:to='loc_OtherComprehensiveIncomeDefinedBenefitPlanNetPriorServiceCostCreditArisingDuringPeriodBeforeTax' xlink:type='arc' />
<calculationArc order='20' weight='-1.0' xlink:arcrole='http://www.xbrl.org/2003/arcrole/summation-item' xlink:from='loc_OtherComprehensiveIncomeDefinedBenefitPlansAdjustmentBeforeTaxPeriodIncreaseDecrease' xlink:to='loc_OtherComprehensiveIncomeAmortizationOfDefinedBenefitPlanNetPriorServiceCostCreditRecognizedInNetPeriodicBenefitCostBeforeTax' xlink:type='arc' />
<calculationArc order='30' weight='1.0' xlink:arcrole='http://www.xbrl.org/2003/arcrole/summation-item' xlink:from='loc_OtherComprehensiveIncomeDefinedBenefitPlansAdjustmentBeforeTaxPeriodIncreaseDecrease' xlink:to='loc_OtherComprehensiveIncomeDefinedBenefitPlansNetUnamortizedGainLossArisingDuringPeriodBeforeTax' xlink:type='arc' />
<calculationArc order='40' weight='-1.0' xlink:arcrole='http://www.xbrl.org/2003/arcrole/summation-item' xlink:from='loc_OtherComprehensiveIncomeDefinedBenefitPlansAdjustmentBeforeTaxPeriodIncreaseDecrease' xlink:to='loc_OtherComprehensiveIncomeReclassificationOfDefinedBenefitPlansNetGainLossRecognizedInNetPeriodicBenefitCostBeforeTax' xlink:type='arc' />
<calculationArc order='50' weight='-1.0' xlink:arcrole='http://www.xbrl.org/2003/arcrole/summation-item' xlink:from='loc_OtherComprehensiveIncomeDefinedBenefitPlansAdjustmentBeforeTaxPeriodIncreaseDecrease' xlink:to='loc_OtherComprehensiveIncomeReclassificationOfDefinedBenefitPlanNetTransitionAssetObligationRecognizedInNetPeriodicBenefitCostBeforeTax' xlink:type='arc' />
<calculationArc order='60' weight='1.0' xlink:arcrole='http://www.xbrl.org/2003/arcrole/summation-item' xlink:from='loc_OtherComprehensiveIncomeDefinedBenefitPlansAdjustmentBeforeTaxPeriodIncreaseDecrease' xlink:to='loc_OtherComprehensiveIncomeMinimumPensionLiabilityNetAdjustmentBeforeTax' xlink:type='arc' />
<calculationArc order='70' weight='1.0' xlink:arcrole='http://www.xbrl.org/2003/arcrole/summation-item' xlink:from='loc_OtherComprehensiveIncomeDefinedBenefitPlansAdjustmentBeforeTaxPeriodIncreaseDecrease' xlink:to='loc_OtherComprehensiveIncomeFinalizationOfPensionAndNonPensionPostretirementPlanValuationBeforeTax' xlink:type='arc' />
<calculationArc order='20' weight='-1.0' xlink:arcrole='http://www.xbrl.org/2003/arcrole/summation-item' xlink:from='loc_OtherComprehensiveIncomeDefinedBenefitPlansAdjustmentNetOfTaxPeriodIncreaseDecrease' xlink:to='loc_OtherComprehensiveIncomeDefinedBenefitPlansTax' xlink:type='arc' />
<calculationArc order='10' weight='1.0' xlink:arcrole='http://www.xbrl.org/2003/arcrole/summation-item' xlink:from='loc_OtherComprehensiveIncomeDefinedBenefitPlansTax' xlink:to='loc_OtherComprehensiveIncomeDefinedBenefitPlansNetUnamortizedGainLossArisingDuringPeriodTax' xlink:type='arc' />
<calculationArc order='20' weight='-1.0' xlink:arcrole='http://www.xbrl.org/2003/arcrole/summation-item' xlink:from='loc_OtherComprehensiveIncomeDefinedBenefitPlansTax' xlink:to='loc_OtherComprehensiveIncomeReclassificationOfDefinedBenefitPlansNetGainLossRecognizedInNetPeriodicBenefitCostTax' xlink:type='arc' />
<calculationArc order='30' weight='-1.0' xlink:arcrole='http://www.xbrl.org/2003/arcrole/summation-item' xlink:from='loc_OtherComprehensiveIncomeDefinedBenefitPlansTax' xlink:to='loc_OtherComprehensiveIncomeLossPensionAndOtherPostretirementBenefitPlansPlanAmendmentsTaxEffect' xlink:type='arc' />
<calculationArc order='10' weight='1.0' xlink:arcrole='http://www.xbrl.org/2003/arcrole/summation-item' xlink:from='loc_OtherComprehensiveIncomeLossPensionAndOtherPostretirementBenefitPlansPlanAmendmentsTaxEffect' xlink:to='loc_OtherComprehensiveIncomeLossPensionAndOtherPostretirementBenefitPlansBenefitPlanImprovementTaxEffect' xlink:type='arc' />
<calculationArc order='20' weight='-1.0' xlink:arcrole='http://www.xbrl.org/2003/arcrole/summation-item' xlink:from='loc_OtherComprehensiveIncomeLossPensionAndOtherPostretirementBenefitPlansPlanAmendmentsTaxEffect' xlink:to='loc_OtherComprehensiveIncomeLossPensionAndOtherPostretirementBenefitPlansCurtailmentTaxEffect' xlink:type='arc' />
<calculationArc order='40' weight='1.0' xlink:arcrole='http://www.xbrl.org/2003/arcrole/summation-item' xlink:from='loc_OtherComprehensiveIncomeDefinedBenefitPlansTax' xlink:to='loc_OtherComprehensiveIncomeLossAmortizationPensionAndOtherPostretirementBenefitPlansNetPriorServiceCostRecognizedInNetPeriodicPensionCostTaxEffect' xlink:type='arc' />
<calculationArc order='50' weight='-1.0' xlink:arcrole='http://www.xbrl.org/2003/arcrole/summation-item' xlink:from='loc_OtherComprehensiveIncomeDefinedBenefitPlansTax' xlink:to='loc_OtherComprehensiveIncomeReclassificationOfDefinedBenefitPlantNetTransitionAssetObligationRecognizedInNetPeriodicBenefitCostTax' xlink:type='arc' />
<calculationArc order='60' weight='1.0' xlink:arcrole='http://www.xbrl.org/2003/arcrole/summation-item' xlink:from='loc_OtherComprehensiveIncomeDefinedBenefitPlansTax' xlink:to='loc_OtherComprehensiveIncomeMinimumPensionLiabilityNetAdjustmentTax' xlink:type='arc' />
<calculationArc order='70' weight='1.0' xlink:arcrole='http://www.xbrl.org/2003/arcrole/summation-item' xlink:from='loc_OtherComprehensiveIncomeDefinedBenefitPlansTax' xlink:to='loc_OtherComprehensiveIncomeFinalizationOfPensionAndNonPensionPostretirementPlanValuationTax' xlink:type='arc' />
<calculationArc order='30' weight='1.0' xlink:arcrole='http://www.xbrl.org/2003/arcrole/summation-item' xlink:from='loc_OtherComprehensiveIncomeLossNetOfTaxPeriodIncreaseDecrease' xlink:to='loc_OtherComprehensiveIncomeAvailableForSaleSecuritiesAdjustmentNetOfTaxPeriodIncreaseDecrease' xlink:type='arc' />
<calculationArc order='10' weight='1.0' xlink:arcrole='http://www.xbrl.org/2003/arcrole/summation-item' xlink:from='loc_OtherComprehensiveIncomeAvailableForSaleSecuritiesAdjustmentNetOfTaxPeriodIncreaseDecrease' xlink:to='loc_OtherComprehensiveIncomeAvailableForSaleSecuritiesAdjustmentBeforeTaxPeriodIncreaseDecrease' xlink:type='arc' />
<calculationArc order='10' weight='1.0' xlink:arcrole='http://www.xbrl.org/2003/arcrole/summation-item' xlink:from='loc_OtherComprehensiveIncomeAvailableForSaleSecuritiesAdjustmentBeforeTaxPeriodIncreaseDecrease' xlink:to='loc_OtherComprehensiveIncomeUnrealizedHoldingGainLossOnSecuritiesArisingDuringPeriodBeforeTax' xlink:type='arc' />
<calculationArc order='20' weight='1.0' xlink:arcrole='http://www.xbrl.org/2003/arcrole/summation-item' xlink:from='loc_OtherComprehensiveIncomeAvailableForSaleSecuritiesAdjustmentBeforeTaxPeriodIncreaseDecrease' xlink:to='loc_OtherComprehensiveIncomeReclassificationAdjustmentForHeldToMaturityTransferredToAvailableForSaleSecuritiesBeforeTax' xlink:type='arc' />
<calculationArc order='30' weight='-1.0' xlink:arcrole='http://www.xbrl.org/2003/arcrole/summation-item' xlink:from='loc_OtherComprehensiveIncomeAvailableForSaleSecuritiesAdjustmentBeforeTaxPeriodIncreaseDecrease' xlink:to='loc_OtherComprehensiveIncomeReclassificationAdjustmentForSaleOfSecuritiesIncludedInNetIncomeBeforeTax' xlink:type='arc' />
<calculationArc order='40' weight='-1.0' xlink:arcrole='http://www.xbrl.org/2003/arcrole/summation-item' xlink:from='loc_OtherComprehensiveIncomeAvailableForSaleSecuritiesAdjustmentBeforeTaxPeriodIncreaseDecrease' xlink:to='loc_OtherComprehensiveIncomeReclassificationAdjustmentForWriteDownOfSecuritiesIncludedInNetIncomeBeforeTax' xlink:type='arc' />
<calculationArc order='20' weight='-1.0' xlink:arcrole='http://www.xbrl.org/2003/arcrole/summation-item' xlink:from='loc_OtherComprehensiveIncomeAvailableForSaleSecuritiesAdjustmentNetOfTaxPeriodIncreaseDecrease' xlink:to='loc_OtherComprehensiveIncomeAvailableForSaleSecuritiesTax' xlink:type='arc' />
<calculationArc order='10' weight='1.0' xlink:arcrole='http://www.xbrl.org/2003/arcrole/summation-item' xlink:from='loc_OtherComprehensiveIncomeAvailableForSaleSecuritiesTax' xlink:to='loc_OtherComprehensiveIncomeUnrealizedHoldingGainLossOnSecuritiesArisingDuringPeriodTax' xlink:type='arc' />
<calculationArc order='20' weight='1.0' xlink:arcrole='http://www.xbrl.org/2003/arcrole/summation-item' xlink:from='loc_OtherComprehensiveIncomeAvailableForSaleSecuritiesTax' xlink:to='loc_OtherComprehensiveIncomeReclassificationAdjustmentForHeldToMaturityTransferredToAvailableForSaleSecuritiesTax' xlink:type='arc' />
<calculationArc order='30' weight='-1.0' xlink:arcrole='http://www.xbrl.org/2003/arcrole/summation-item' xlink:from='loc_OtherComprehensiveIncomeAvailableForSaleSecuritiesTax' xlink:to='loc_OtherComprehensiveIncomeReclassificationAdjustmentForSaleOfSecuritiesIncludedInNetIncomeTax' xlink:type='arc' />
<calculationArc order='40' weight='-1.0' xlink:arcrole='http://www.xbrl.org/2003/arcrole/summation-item' xlink:from='loc_OtherComprehensiveIncomeAvailableForSaleSecuritiesTax' xlink:to='loc_OtherComprehensiveIncomeReclassificationAdjustmentForWriteDownOfSecuritiesIncludedInNetIncomeTax' xlink:type='arc' />
<calculationArc order='40' weight='-1.0' xlink:arcrole='http://www.xbrl.org/2003/arcrole/summation-item' xlink:from='loc_OtherComprehensiveIncomeLossNetOfTaxPeriodIncreaseDecrease' xlink:to='loc_OtherThanTemporaryImpairmentLossesInvestmentsPortionInOtherComprehensiveIncomeLossNetOfTaxIncludingPortionAttributableToNoncontrollingInterest' xlink:type='arc' />
<calculationArc order='10' weight='1.0' xlink:arcrole='http://www.xbrl.org/2003/arcrole/summation-item' xlink:from='loc_OtherThanTemporaryImpairmentLossesInvestmentsPortionInOtherComprehensiveIncomeLossNetOfTaxIncludingPortionAttributableToNoncontrollingInterest' xlink:to='loc_OtherThanTemporaryImpairmentLossesInvestmentsPortionInOtherComprehensiveIncomeLossBeforeTaxIncludingPortionAttributableToNoncontrollingInterest' xlink:type='arc' />
<calculationArc order='10' weight='1.0' xlink:arcrole='http://www.xbrl.org/2003/arcrole/summation-item' xlink:from='loc_OtherThanTemporaryImpairmentLossesInvestmentsPortionInOtherComprehensiveIncomeLossBeforeTaxIncludingPortionAttributableToNoncontrollingInterest' xlink:to='loc_OtherThanTemporaryImpairmentLossesInvestmentsPortionInOtherComprehensiveIncomeLossBeforeTaxIncludingPortionAttributableToNoncontrollingInterestAvailableforsaleSecurities' xlink:type='arc' />
<calculationArc order='20' weight='1.0' xlink:arcrole='http://www.xbrl.org/2003/arcrole/summation-item' xlink:from='loc_OtherThanTemporaryImpairmentLossesInvestmentsPortionInOtherComprehensiveIncomeLossBeforeTaxIncludingPortionAttributableToNoncontrollingInterest' xlink:to='loc_OtherThanTemporaryImpairmentLossesInvestmentsPortionInOtherComprehensiveIncomeLossBeforeTaxIncludingPortionAttributableToNoncontrollingInterestHeldtomaturitySecurities' xlink:type='arc' />
<calculationArc order='20' weight='-1.0' xlink:arcrole='http://www.xbrl.org/2003/arcrole/summation-item' xlink:from='loc_OtherThanTemporaryImpairmentLossesInvestmentsPortionInOtherComprehensiveIncomeLossNetOfTaxIncludingPortionAttributableToNoncontrollingInterest' xlink:to='loc_OtherThanTemporaryImpairmentLossesInvestmentsPortionInOtherComprehensiveIncomeLossTaxIncludingPortionAttributableToNoncontrollingInterest' xlink:type='arc' />
<calculationArc order='10' weight='1.0' xlink:arcrole='http://www.xbrl.org/2003/arcrole/summation-item' xlink:from='loc_OtherThanTemporaryImpairmentLossesInvestmentsPortionInOtherComprehensiveIncomeLossTaxIncludingPortionAttributableToNoncontrollingInterest' xlink:to='loc_OtherThanTemporaryImpairmentLossesInvestmentsPortionInOtherComprehensiveIncomeLossTaxIncludingPortionAttributableToNoncontrollingInterestAvailableforsaleSecurities' xlink:type='arc' />
<calculationArc order='20' weight='1.0' xlink:arcrole='http://www.xbrl.org/2003/arcrole/summation-item' xlink:from='loc_OtherThanTemporaryImpairmentLossesInvestmentsPortionInOtherComprehensiveIncomeLossTaxIncludingPortionAttributableToNoncontrollingInterest' xlink:to='loc_OtherThanTemporaryImpairmentLossesInvestmentsPortionInOtherComprehensiveIncomeLossTaxIncludingPortionAttributableToNoncontrollingInterestHeldtomaturitySecurities' xlink:type='arc' />
<calculationArc order='50' weight='1.0' xlink:arcrole='http://www.xbrl.org/2003/arcrole/summation-item' xlink:from='loc_OtherComprehensiveIncomeLossNetOfTaxPeriodIncreaseDecrease' xlink:to='loc_OtherComprehensiveIncomeDerivativesQualifyingAsHedgesNetOfTaxPeriodIncreaseDecrease' xlink:type='arc' />
<calculationArc order='10' weight='1.0' xlink:arcrole='http://www.xbrl.org/2003/arcrole/summation-item' xlink:from='loc_OtherComprehensiveIncomeDerivativesQualifyingAsHedgesNetOfTaxPeriodIncreaseDecrease' xlink:to='loc_OtherComprehensiveIncomeDerivativesQualifyingAsHedgesBeforeTaxPeriodIncreaseDecrease' xlink:type='arc' />
<calculationArc order='10' weight='1.0' xlink:arcrole='http://www.xbrl.org/2003/arcrole/summation-item' xlink:from='loc_OtherComprehensiveIncomeDerivativesQualifyingAsHedgesBeforeTaxPeriodIncreaseDecrease' xlink:to='loc_OtherComprehensiveIncomeUnrealizedGainLossOnDerivativesArisingDuringPeriodBeforeTax' xlink:type='arc' />
<calculationArc order='20' weight='-1.0' xlink:arcrole='http://www.xbrl.org/2003/arcrole/summation-item' xlink:from='loc_OtherComprehensiveIncomeDerivativesQualifyingAsHedgesBeforeTaxPeriodIncreaseDecrease' xlink:to='loc_OtherComprehensiveIncomeReclassificationAdjustmentOnDerivativesIncludedInNetIncomeBeforeTax' xlink:type='arc' />
<calculationArc order='20' weight='-1.0' xlink:arcrole='http://www.xbrl.org/2003/arcrole/summation-item' xlink:from='loc_OtherComprehensiveIncomeDerivativesQualifyingAsHedgesNetOfTaxPeriodIncreaseDecrease' xlink:to='loc_OtherComprehensiveIncomeDerivativesQualifyingAsHedgesTaxEffectPeriodIncreaseDecrease' xlink:type='arc' />
<calculationArc order='10' weight='1.0' xlink:arcrole='http://www.xbrl.org/2003/arcrole/summation-item' xlink:from='loc_OtherComprehensiveIncomeDerivativesQualifyingAsHedgesTaxEffectPeriodIncreaseDecrease' xlink:to='loc_OtherComprehensiveIncomeUnrealizedGainLossOnDerivativesArisingDuringPeriodTax' xlink:type='arc' />
<calculationArc order='20' weight='-1.0' xlink:arcrole='http://www.xbrl.org/2003/arcrole/summation-item' xlink:from='loc_OtherComprehensiveIncomeDerivativesQualifyingAsHedgesTaxEffectPeriodIncreaseDecrease' xlink:to='loc_OtherComprehensiveIncomeReclassificationAdjustmentOnDerivativesIncludedInNetIncomeTax' xlink:type='arc' />
<calculationArc order='10' weight='1.0' xlink:arcrole='http://www.xbrl.org/2003/arcrole/summation-item' xlink:from='loc_Dividends' xlink:to='loc_DividendsCash' xlink:type='arc' />
<calculationArc order='10' weight='1.0' xlink:arcrole='http://www.xbrl.org/2003/arcrole/summation-item' xlink:from='loc_DividendsCash' xlink:to='loc_DividendsCommonStockCash' xlink:type='arc' />
<calculationArc order='20' weight='1.0' xlink:arcrole='http://www.xbrl.org/2003/arcrole/summation-item' xlink:from='loc_DividendsCash' xlink:to='loc_DividendsPreferredStockCash' xlink:type='arc' />
<calculationArc order='30' weight='1.0' xlink:arcrole='http://www.xbrl.org/2003/arcrole/summation-item' xlink:from='loc_DividendsCash' xlink:to='loc_DividendsShareBasedCompensationCash' xlink:type='arc' />
<calculationArc order='20' weight='1.0' xlink:arcrole='http://www.xbrl.org/2003/arcrole/summation-item' xlink:from='loc_Dividends' xlink:to='loc_DividendsPaidinkind' xlink:type='arc' />
<calculationArc order='10' weight='1.0' xlink:arcrole='http://www.xbrl.org/2003/arcrole/summation-item' xlink:from='loc_DividendsPaidinkind' xlink:to='loc_DividendsCommonStockPaidinkind' xlink:type='arc' />
<calculationArc order='20' weight='1.0' xlink:arcrole='http://www.xbrl.org/2003/arcrole/summation-item' xlink:from='loc_DividendsPaidinkind' xlink:to='loc_DividendsPreferredStockPaidinkind' xlink:type='arc' />
<calculationArc order='30' weight='1.0' xlink:arcrole='http://www.xbrl.org/2003/arcrole/summation-item' xlink:from='loc_DividendsPaidinkind' xlink:to='loc_DividendsSharebasedCompensationPaidInKind' xlink:type='arc' />
<calculationArc order='30' weight='1.0' xlink:arcrole='http://www.xbrl.org/2003/arcrole/summation-item' xlink:from='loc_Dividends' xlink:to='loc_DividendsStock' xlink:type='arc' />
<calculationArc order='10' weight='1.0' xlink:arcrole='http://www.xbrl.org/2003/arcrole/summation-item' xlink:from='loc_DividendsStock' xlink:to='loc_DividendsCommonStockStock' xlink:type='arc' />
<calculationArc order='20' weight='1.0' xlink:arcrole='http://www.xbrl.org/2003/arcrole/summation-item' xlink:from='loc_DividendsStock' xlink:to='loc_DividendsPreferredStockStock' xlink:type='arc' />
<calculationArc order='30' weight='1.0' xlink:arcrole='http://www.xbrl.org/2003/arcrole/summation-item' xlink:from='loc_DividendsStock' xlink:to='loc_DividendsSharebasedCompensationStock' xlink:type='arc' />
</calculationLink>
</link:linkbase>
