<?xml version="1.0" encoding="UTF-8" standalone="no"?>

<!--
(c) XBRL US, Inc. 2007-2010; Financial Accounting Foundation, Inc. 2010-2011.  All Rights Reserved.
Notice: Authorized Uses are Set Forth at http://xbrl.fasb.org/terms/TaxonomiesTermsConditions.html
  -->
<link:linkbase xmlns:link='http://www.xbrl.org/2003/linkbase' xmlns:xlink='http://www.w3.org/1999/xlink' xmlns:xsi='http://www.w3.org/2001/XMLSchema-instance' xsi:schemaLocation='http://www.xbrl.org/2003/linkbase http://www.xbrl.org/2003/xbrl-linkbase-2003-12-31.xsd'>
<link:roleRef roleURI='http://fasb.org/us-gaap/role/statement/CommonDomainMembers' xlink:href='../elts/us-roles-2011-01-31.xsd#com' xlink:type='simple' />
<presentationLink xlink:role='http://fasb.org/us-gaap/role/statement/CommonDomainMembers' xlink:type='extended' xmlns='http://www.xbrl.org/2003/linkbase'>
<link:loc xlink:href='../elts/us-gaap-2011-01-31.xsd#us-gaap_CommonDomainMembersAbstract' xlink:label='loc_CommonDomainMembersAbstract' xlink:type='locator' />
<link:loc xlink:href='../elts/us-gaap-2011-01-31.xsd#us-gaap_StatementTable' xlink:label='loc_StatementTable' xlink:type='locator' />
<link:loc xlink:href='../elts/us-gaap-2011-01-31.xsd#us-gaap_StatementScenarioAxis' xlink:label='loc_StatementScenarioAxis' xlink:type='locator' />
<link:loc xlink:href='../elts/us-gaap-2011-01-31.xsd#us-gaap_ScenarioUnspecifiedDomain' xlink:label='loc_ScenarioUnspecifiedDomain' xlink:type='locator' />
<link:loc xlink:href='../elts/us-gaap-2011-01-31.xsd#us-gaap_ScenarioActualMember' xlink:label='loc_ScenarioActualMember' xlink:type='locator' />
<link:loc xlink:href='../elts/us-gaap-2011-01-31.xsd#us-gaap_ScenarioAdjustmentMember' xlink:label='loc_ScenarioAdjustmentMember' xlink:type='locator' />
<link:loc xlink:href='../elts/us-gaap-2011-01-31.xsd#us-gaap_ScenarioForecastMember' xlink:label='loc_ScenarioForecastMember' xlink:type='locator' />
<link:loc xlink:href='../elts/us-gaap-2011-01-31.xsd#us-gaap_ScenarioPlanMember' xlink:label='loc_ScenarioPlanMember' xlink:type='locator' />
<link:loc xlink:href='../elts/us-gaap-2011-01-31.xsd#us-gaap_ScenarioPreviouslyReportedMember' xlink:label='loc_ScenarioPreviouslyReportedMember' xlink:type='locator' />
<link:loc xlink:href='../elts/us-gaap-2011-01-31.xsd#us-gaap_PredecessorMember' xlink:label='loc_PredecessorMember' xlink:type='locator' />
<link:loc xlink:href='../elts/us-gaap-2011-01-31.xsd#us-gaap_SuccessorMember' xlink:label='loc_SuccessorMember' xlink:type='locator' />
<link:loc xlink:href='../elts/us-gaap-2011-01-31.xsd#us-gaap_StatementOperatingActivitiesSegmentAxis' xlink:label='loc_StatementOperatingActivitiesSegmentAxis' xlink:type='locator' />
<link:loc xlink:href='../elts/us-gaap-2011-01-31.xsd#us-gaap_SegmentOperatingActivitiesDomain' xlink:label='loc_SegmentOperatingActivitiesDomain' xlink:type='locator' />
<link:loc xlink:href='../elts/us-gaap-2011-01-31.xsd#us-gaap_SegmentContinuingOperationsMember' xlink:label='loc_SegmentContinuingOperationsMember' xlink:type='locator' />
<link:loc xlink:href='../elts/us-gaap-2011-01-31.xsd#us-gaap_SegmentDiscontinuedOperationsMember' xlink:label='loc_SegmentDiscontinuedOperationsMember' xlink:type='locator' />
<link:loc xlink:href='../elts/us-gaap-2011-01-31.xsd#us-gaap_StatementBusinessSegmentsAxis' xlink:label='loc_StatementBusinessSegmentsAxis' xlink:type='locator' />
<link:loc xlink:href='../elts/us-gaap-2011-01-31.xsd#us-gaap_SegmentDomain' xlink:label='loc_SegmentDomain' xlink:type='locator' />
<link:loc xlink:href='../elts/us-gaap-2011-01-31.xsd#us-gaap_BusinessIntersegmentEliminationsMember' xlink:label='loc_BusinessIntersegmentEliminationsMember' xlink:type='locator' />
<link:loc xlink:href='../elts/us-gaap-2011-01-31.xsd#us-gaap_StatementGeographicalAxis' xlink:label='loc_StatementGeographicalAxis' xlink:type='locator' />
<link:loc xlink:href='../elts/us-gaap-2011-01-31.xsd#us-gaap_SegmentGeographicalDomain' xlink:label='loc_SegmentGeographicalDomain' xlink:type='locator' />
<link:loc xlink:href='../elts/us-gaap-2011-01-31.xsd#us-gaap_GeographicalIntersegmentEliminationsMember' xlink:label='loc_GeographicalIntersegmentEliminationsMember' xlink:type='locator' />
<link:loc xlink:href='http://xbrl.sec.gov/dei/2011/dei-2011-01-31.xsd#dei_LegalEntityAxis' xlink:label='loc_LegalEntityAxis' xlink:type='locator' />
<link:loc xlink:href='http://xbrl.sec.gov/dei/2011/dei-2011-01-31.xsd#dei_EntityDomain' xlink:label='loc_EntityDomain' xlink:type='locator' />
<link:loc xlink:href='../elts/us-gaap-2011-01-31.xsd#us-gaap_ParentCompanyMember' xlink:label='loc_ParentCompanyMember' xlink:type='locator' />
<link:loc xlink:href='../elts/us-gaap-2011-01-31.xsd#us-gaap_SubsidiariesMember' xlink:label='loc_SubsidiariesMember' xlink:type='locator' />
<link:loc xlink:href='../elts/us-gaap-2011-01-31.xsd#us-gaap_GuarantorSubsidiariesMember' xlink:label='loc_GuarantorSubsidiariesMember' xlink:type='locator' />
<link:loc xlink:href='../elts/us-gaap-2011-01-31.xsd#us-gaap_NonGuarantorSubsidiariesMember' xlink:label='loc_NonGuarantorSubsidiariesMember' xlink:type='locator' />
<link:loc xlink:href='../elts/us-gaap-2011-01-31.xsd#us-gaap_VariableInterestEntityPrimaryBeneficiaryMember' xlink:label='loc_VariableInterestEntityPrimaryBeneficiaryMember' xlink:type='locator' />
<link:loc xlink:href='../elts/us-gaap-2011-01-31.xsd#us-gaap_VariableInterestEntityPrimaryBeneficiaryAggregatedDisclosureMember' xlink:label='loc_VariableInterestEntityPrimaryBeneficiaryAggregatedDisclosureMember' xlink:type='locator' />
<link:loc xlink:href='../elts/us-gaap-2011-01-31.xsd#us-gaap_ConsolidationEliminationsMember' xlink:label='loc_ConsolidationEliminationsMember' xlink:type='locator' />
<link:loc xlink:href='../elts/us-gaap-2011-01-31.xsd#us-gaap_MajorityOwnedSubsidiaryUnconsolidatedMember' xlink:label='loc_MajorityOwnedSubsidiaryUnconsolidatedMember' xlink:type='locator' />
<link:loc xlink:href='../elts/us-gaap-2011-01-31.xsd#us-gaap_VariableInterestEntityNotPrimaryBeneficiaryMember' xlink:label='loc_VariableInterestEntityNotPrimaryBeneficiaryMember' xlink:type='locator' />
<link:loc xlink:href='../elts/us-gaap-2011-01-31.xsd#us-gaap_VariableInterestEntityNotPrimaryBeneficiaryAggregatedDisclosureMember' xlink:label='loc_VariableInterestEntityNotPrimaryBeneficiaryAggregatedDisclosureMember' xlink:type='locator' />
<link:loc xlink:href='../elts/us-gaap-2011-01-31.xsd#us-gaap_VariableInterestEntityVIEOrPotentialVIEInformationUnavailabilityMember' xlink:label='loc_VariableInterestEntityVIEOrPotentialVIEInformationUnavailabilityMember' xlink:type='locator' />
<link:loc xlink:href='../elts/us-gaap-2011-01-31.xsd#us-gaap_VariableInterestEntityVIEOrPotentialVIEInformationUnavailabilityAggregatedDisclosureMember' xlink:label='loc_VariableInterestEntityVIEOrPotentialVIEInformationUnavailabilityAggregatedDisclosureMember' xlink:type='locator' />
<link:loc xlink:href='../elts/us-gaap-2011-01-31.xsd#us-gaap_CorporateJointVentureMember' xlink:label='loc_CorporateJointVentureMember' xlink:type='locator' />
<link:loc xlink:href='../elts/us-gaap-2011-01-31.xsd#us-gaap_PartnershipInterestMember' xlink:label='loc_PartnershipInterestMember' xlink:type='locator' />
<link:loc xlink:href='../elts/us-gaap-2011-01-31.xsd#us-gaap_StatementClassOfStockAxis' xlink:label='loc_StatementClassOfStockAxis' xlink:type='locator' />
<link:loc xlink:href='../elts/us-gaap-2011-01-31.xsd#us-gaap_ClassOfStockDomain' xlink:label='loc_ClassOfStockDomain' xlink:type='locator' />
<link:loc xlink:href='../elts/us-gaap-2011-01-31.xsd#us-gaap_CommonStockMember' xlink:label='loc_CommonStockMember' xlink:type='locator' />
<link:loc xlink:href='../elts/us-gaap-2011-01-31.xsd#us-gaap_CommonClassAMember' xlink:label='loc_CommonClassAMember' xlink:type='locator' />
<link:loc xlink:href='../elts/us-gaap-2011-01-31.xsd#us-gaap_CommonClassBMember' xlink:label='loc_CommonClassBMember' xlink:type='locator' />
<link:loc xlink:href='../elts/us-gaap-2011-01-31.xsd#us-gaap_CommonClassCMember' xlink:label='loc_CommonClassCMember' xlink:type='locator' />
<link:loc xlink:href='../elts/us-gaap-2011-01-31.xsd#us-gaap_NonvotingCommonStockMember' xlink:label='loc_NonvotingCommonStockMember' xlink:type='locator' />
<link:loc xlink:href='../elts/us-gaap-2011-01-31.xsd#us-gaap_ConvertibleCommonStockMember' xlink:label='loc_ConvertibleCommonStockMember' xlink:type='locator' />
<link:loc xlink:href='../elts/us-gaap-2011-01-31.xsd#us-gaap_PreferredStockMember' xlink:label='loc_PreferredStockMember' xlink:type='locator' />
<link:loc xlink:href='../elts/us-gaap-2011-01-31.xsd#us-gaap_CumulativePreferredStockMember' xlink:label='loc_CumulativePreferredStockMember' xlink:type='locator' />
<link:loc xlink:href='../elts/us-gaap-2011-01-31.xsd#us-gaap_NoncumulativePreferredStockMember' xlink:label='loc_NoncumulativePreferredStockMember' xlink:type='locator' />
<link:loc xlink:href='../elts/us-gaap-2011-01-31.xsd#us-gaap_RedeemablePreferredStockMember' xlink:label='loc_RedeemablePreferredStockMember' xlink:type='locator' />
<link:loc xlink:href='../elts/us-gaap-2011-01-31.xsd#us-gaap_NonredeemablePreferredStockMember' xlink:label='loc_NonredeemablePreferredStockMember' xlink:type='locator' />
<link:loc xlink:href='../elts/us-gaap-2011-01-31.xsd#us-gaap_ConvertiblePreferredStockMember' xlink:label='loc_ConvertiblePreferredStockMember' xlink:type='locator' />
<link:loc xlink:href='../elts/us-gaap-2011-01-31.xsd#us-gaap_NonredeemableConvertiblePreferredStockMember' xlink:label='loc_NonredeemableConvertiblePreferredStockMember' xlink:type='locator' />
<link:loc xlink:href='../elts/us-gaap-2011-01-31.xsd#us-gaap_RedeemableConvertiblePreferredStockMember' xlink:label='loc_RedeemableConvertiblePreferredStockMember' xlink:type='locator' />
<link:loc xlink:href='../elts/us-gaap-2011-01-31.xsd#us-gaap_PreferredClassAMember' xlink:label='loc_PreferredClassAMember' xlink:type='locator' />
<link:loc xlink:href='../elts/us-gaap-2011-01-31.xsd#us-gaap_PreferredClassBMember' xlink:label='loc_PreferredClassBMember' xlink:type='locator' />
<link:loc xlink:href='../elts/us-gaap-2011-01-31.xsd#us-gaap_SeriesAPreferredStockMember' xlink:label='loc_SeriesAPreferredStockMember' xlink:type='locator' />
<link:loc xlink:href='../elts/us-gaap-2011-01-31.xsd#us-gaap_SeriesBPreferredStockMember' xlink:label='loc_SeriesBPreferredStockMember' xlink:type='locator' />
<link:loc xlink:href='../elts/us-gaap-2011-01-31.xsd#us-gaap_SeriesCPreferredStockMember' xlink:label='loc_SeriesCPreferredStockMember' xlink:type='locator' />
<link:loc xlink:href='../elts/us-gaap-2011-01-31.xsd#us-gaap_SeriesDPreferredStockMember' xlink:label='loc_SeriesDPreferredStockMember' xlink:type='locator' />
<link:loc xlink:href='../elts/us-gaap-2011-01-31.xsd#us-gaap_SeriesEPreferredStockMember' xlink:label='loc_SeriesEPreferredStockMember' xlink:type='locator' />
<link:loc xlink:href='../elts/us-gaap-2011-01-31.xsd#us-gaap_SeriesFPreferredStockMember' xlink:label='loc_SeriesFPreferredStockMember' xlink:type='locator' />
<link:loc xlink:href='../elts/us-gaap-2011-01-31.xsd#us-gaap_SeriesGPreferredStockMember' xlink:label='loc_SeriesGPreferredStockMember' xlink:type='locator' />
<link:loc xlink:href='../elts/us-gaap-2011-01-31.xsd#us-gaap_SeriesHPreferredStockMember' xlink:label='loc_SeriesHPreferredStockMember' xlink:type='locator' />
<link:loc xlink:href='../elts/us-gaap-2011-01-31.xsd#us-gaap_ProductOrServiceAxis' xlink:label='loc_ProductOrServiceAxis' xlink:type='locator' />
<link:loc xlink:href='../elts/us-gaap-2011-01-31.xsd#us-gaap_ProductsAndServicesDomain' xlink:label='loc_ProductsAndServicesDomain' xlink:type='locator' />
<link:loc xlink:href='../elts/us-gaap-2011-01-31.xsd#us-gaap_MajorCustomersAxis' xlink:label='loc_MajorCustomersAxis' xlink:type='locator' />
<link:loc xlink:href='../elts/us-gaap-2011-01-31.xsd#us-gaap_NameOfMajorCustomerDomain' xlink:label='loc_NameOfMajorCustomerDomain' xlink:type='locator' />
<link:loc xlink:href='../elts/us-gaap-2011-01-31.xsd#us-gaap_RangeAxis' xlink:label='loc_RangeAxis' xlink:type='locator' />
<link:loc xlink:href='../elts/us-gaap-2011-01-31.xsd#us-gaap_RangeMember' xlink:label='loc_RangeMember' xlink:type='locator' />
<link:loc xlink:href='../elts/us-gaap-2011-01-31.xsd#us-gaap_MaximumMember' xlink:label='loc_MaximumMember' xlink:type='locator' />
<link:loc xlink:href='../elts/us-gaap-2011-01-31.xsd#us-gaap_MinimumMember' xlink:label='loc_MinimumMember' xlink:type='locator' />
<link:loc xlink:href='../elts/us-gaap-2011-01-31.xsd#us-gaap_InstrumentAxis' xlink:label='loc_InstrumentAxis' xlink:type='locator' />
<link:loc xlink:href='../elts/us-gaap-2011-01-31.xsd#us-gaap_InstrumentTypeMember' xlink:label='loc_InstrumentTypeMember' xlink:type='locator' />
<link:loc xlink:href='../elts/us-gaap-2011-01-31.xsd#us-gaap_FuelMember' xlink:label='loc_FuelMember' xlink:type='locator' />
<link:loc xlink:href='../elts/us-gaap-2011-01-31.xsd#us-gaap_CrudeOilMember' xlink:label='loc_CrudeOilMember' xlink:type='locator' />
<link:loc xlink:href='../elts/us-gaap-2011-01-31.xsd#us-gaap_HeatingOilMember' xlink:label='loc_HeatingOilMember' xlink:type='locator' />
<link:loc xlink:href='../elts/us-gaap-2011-01-31.xsd#us-gaap_FuelTransportationMember' xlink:label='loc_FuelTransportationMember' xlink:type='locator' />
<link:loc xlink:href='../elts/us-gaap-2011-01-31.xsd#us-gaap_CreationDateAxis' xlink:label='loc_CreationDateAxis' xlink:type='locator' />
<link:loc xlink:href='../elts/us-gaap-2011-01-31.xsd#us-gaap_DefaultFinancialStatementsDateMember' xlink:label='loc_DefaultFinancialStatementsDateMember' xlink:type='locator' />
<presentationArc order='10' xlink:arcrole='http://www.xbrl.org/2003/arcrole/parent-child' xlink:from='loc_CommonDomainMembersAbstract' xlink:to='loc_StatementTable' xlink:type='arc' />
<presentationArc order='10' xlink:arcrole='http://www.xbrl.org/2003/arcrole/parent-child' xlink:from='loc_StatementTable' xlink:to='loc_StatementScenarioAxis' xlink:type='arc' />
<presentationArc order='10' xlink:arcrole='http://www.xbrl.org/2003/arcrole/parent-child' xlink:from='loc_StatementScenarioAxis' xlink:to='loc_ScenarioUnspecifiedDomain' xlink:type='arc' />
<presentationArc order='10' xlink:arcrole='http://www.xbrl.org/2003/arcrole/parent-child' xlink:from='loc_ScenarioUnspecifiedDomain' xlink:to='loc_ScenarioActualMember' xlink:type='arc' />
<presentationArc order='20' xlink:arcrole='http://www.xbrl.org/2003/arcrole/parent-child' xlink:from='loc_ScenarioUnspecifiedDomain' xlink:to='loc_ScenarioAdjustmentMember' xlink:type='arc' />
<presentationArc order='30' xlink:arcrole='http://www.xbrl.org/2003/arcrole/parent-child' xlink:from='loc_ScenarioUnspecifiedDomain' xlink:to='loc_ScenarioForecastMember' xlink:type='arc' />
<presentationArc order='40' xlink:arcrole='http://www.xbrl.org/2003/arcrole/parent-child' xlink:from='loc_ScenarioUnspecifiedDomain' xlink:to='loc_ScenarioPlanMember' xlink:type='arc' />
<presentationArc order='50' xlink:arcrole='http://www.xbrl.org/2003/arcrole/parent-child' xlink:from='loc_ScenarioUnspecifiedDomain' xlink:to='loc_ScenarioPreviouslyReportedMember' xlink:type='arc' />
<presentationArc order='60' xlink:arcrole='http://www.xbrl.org/2003/arcrole/parent-child' xlink:from='loc_ScenarioUnspecifiedDomain' xlink:to='loc_PredecessorMember' xlink:type='arc' />
<presentationArc order='70' xlink:arcrole='http://www.xbrl.org/2003/arcrole/parent-child' xlink:from='loc_ScenarioUnspecifiedDomain' xlink:to='loc_SuccessorMember' xlink:type='arc' />
<presentationArc order='20' xlink:arcrole='http://www.xbrl.org/2003/arcrole/parent-child' xlink:from='loc_StatementTable' xlink:to='loc_StatementOperatingActivitiesSegmentAxis' xlink:type='arc' />
<presentationArc order='10' xlink:arcrole='http://www.xbrl.org/2003/arcrole/parent-child' xlink:from='loc_StatementOperatingActivitiesSegmentAxis' xlink:to='loc_SegmentOperatingActivitiesDomain' xlink:type='arc' />
<presentationArc order='10' xlink:arcrole='http://www.xbrl.org/2003/arcrole/parent-child' xlink:from='loc_SegmentOperatingActivitiesDomain' xlink:to='loc_SegmentContinuingOperationsMember' xlink:type='arc' />
<presentationArc order='20' xlink:arcrole='http://www.xbrl.org/2003/arcrole/parent-child' xlink:from='loc_SegmentOperatingActivitiesDomain' xlink:to='loc_SegmentDiscontinuedOperationsMember' xlink:type='arc' />
<presentationArc order='30' xlink:arcrole='http://www.xbrl.org/2003/arcrole/parent-child' xlink:from='loc_StatementTable' xlink:to='loc_StatementBusinessSegmentsAxis' xlink:type='arc' />
<presentationArc order='10' xlink:arcrole='http://www.xbrl.org/2003/arcrole/parent-child' xlink:from='loc_StatementBusinessSegmentsAxis' xlink:to='loc_SegmentDomain' xlink:type='arc' />
<presentationArc order='10' xlink:arcrole='http://www.xbrl.org/2003/arcrole/parent-child' xlink:from='loc_SegmentDomain' xlink:to='loc_BusinessIntersegmentEliminationsMember' xlink:type='arc' />
<presentationArc order='40' xlink:arcrole='http://www.xbrl.org/2003/arcrole/parent-child' xlink:from='loc_StatementTable' xlink:to='loc_StatementGeographicalAxis' xlink:type='arc' />
<presentationArc order='10' xlink:arcrole='http://www.xbrl.org/2003/arcrole/parent-child' xlink:from='loc_StatementGeographicalAxis' xlink:to='loc_SegmentGeographicalDomain' xlink:type='arc' />
<presentationArc order='10' xlink:arcrole='http://www.xbrl.org/2003/arcrole/parent-child' xlink:from='loc_SegmentGeographicalDomain' xlink:to='loc_GeographicalIntersegmentEliminationsMember' xlink:type='arc' />
<presentationArc order='50' xlink:arcrole='http://www.xbrl.org/2003/arcrole/parent-child' xlink:from='loc_StatementTable' xlink:to='loc_LegalEntityAxis' xlink:type='arc' />
<presentationArc order='10' xlink:arcrole='http://www.xbrl.org/2003/arcrole/parent-child' xlink:from='loc_LegalEntityAxis' xlink:to='loc_EntityDomain' xlink:type='arc' />
<presentationArc order='10' xlink:arcrole='http://www.xbrl.org/2003/arcrole/parent-child' xlink:from='loc_EntityDomain' xlink:to='loc_ParentCompanyMember' xlink:type='arc' />
<presentationArc order='20' xlink:arcrole='http://www.xbrl.org/2003/arcrole/parent-child' xlink:from='loc_EntityDomain' xlink:to='loc_SubsidiariesMember' xlink:type='arc' />
<presentationArc order='10' xlink:arcrole='http://www.xbrl.org/2003/arcrole/parent-child' xlink:from='loc_SubsidiariesMember' xlink:to='loc_GuarantorSubsidiariesMember' xlink:type='arc' />
<presentationArc order='20' xlink:arcrole='http://www.xbrl.org/2003/arcrole/parent-child' xlink:from='loc_SubsidiariesMember' xlink:to='loc_NonGuarantorSubsidiariesMember' xlink:type='arc' />
<presentationArc order='30' xlink:arcrole='http://www.xbrl.org/2003/arcrole/parent-child' xlink:from='loc_EntityDomain' xlink:to='loc_VariableInterestEntityPrimaryBeneficiaryMember' xlink:type='arc' />
<presentationArc order='10' xlink:arcrole='http://www.xbrl.org/2003/arcrole/parent-child' xlink:from='loc_VariableInterestEntityPrimaryBeneficiaryMember' xlink:to='loc_VariableInterestEntityPrimaryBeneficiaryAggregatedDisclosureMember' xlink:type='arc' />
<presentationArc order='40' xlink:arcrole='http://www.xbrl.org/2003/arcrole/parent-child' xlink:from='loc_EntityDomain' xlink:to='loc_ConsolidationEliminationsMember' xlink:type='arc' />
<presentationArc order='50' xlink:arcrole='http://www.xbrl.org/2003/arcrole/parent-child' xlink:from='loc_EntityDomain' xlink:to='loc_MajorityOwnedSubsidiaryUnconsolidatedMember' xlink:type='arc' />
<presentationArc order='60' xlink:arcrole='http://www.xbrl.org/2003/arcrole/parent-child' xlink:from='loc_EntityDomain' xlink:to='loc_VariableInterestEntityNotPrimaryBeneficiaryMember' xlink:type='arc' />
<presentationArc order='10' xlink:arcrole='http://www.xbrl.org/2003/arcrole/parent-child' xlink:from='loc_VariableInterestEntityNotPrimaryBeneficiaryMember' xlink:to='loc_VariableInterestEntityNotPrimaryBeneficiaryAggregatedDisclosureMember' xlink:type='arc' />
<presentationArc order='70' xlink:arcrole='http://www.xbrl.org/2003/arcrole/parent-child' xlink:from='loc_EntityDomain' xlink:to='loc_VariableInterestEntityVIEOrPotentialVIEInformationUnavailabilityMember' xlink:type='arc' />
<presentationArc order='10' xlink:arcrole='http://www.xbrl.org/2003/arcrole/parent-child' xlink:from='loc_VariableInterestEntityVIEOrPotentialVIEInformationUnavailabilityMember' xlink:to='loc_VariableInterestEntityVIEOrPotentialVIEInformationUnavailabilityAggregatedDisclosureMember' xlink:type='arc' />
<presentationArc order='80' xlink:arcrole='http://www.xbrl.org/2003/arcrole/parent-child' xlink:from='loc_EntityDomain' xlink:to='loc_CorporateJointVentureMember' xlink:type='arc' />
<presentationArc order='90' xlink:arcrole='http://www.xbrl.org/2003/arcrole/parent-child' xlink:from='loc_EntityDomain' xlink:to='loc_PartnershipInterestMember' xlink:type='arc' />
<presentationArc order='60' xlink:arcrole='http://www.xbrl.org/2003/arcrole/parent-child' xlink:from='loc_StatementTable' xlink:to='loc_StatementClassOfStockAxis' xlink:type='arc' />
<presentationArc order='10' xlink:arcrole='http://www.xbrl.org/2003/arcrole/parent-child' xlink:from='loc_StatementClassOfStockAxis' xlink:to='loc_ClassOfStockDomain' xlink:type='arc' />
<presentationArc order='10' xlink:arcrole='http://www.xbrl.org/2003/arcrole/parent-child' xlink:from='loc_ClassOfStockDomain' xlink:to='loc_CommonStockMember' xlink:type='arc' />
<presentationArc order='10' xlink:arcrole='http://www.xbrl.org/2003/arcrole/parent-child' xlink:from='loc_CommonStockMember' xlink:to='loc_CommonClassAMember' xlink:type='arc' />
<presentationArc order='20' xlink:arcrole='http://www.xbrl.org/2003/arcrole/parent-child' xlink:from='loc_CommonStockMember' xlink:to='loc_CommonClassBMember' xlink:type='arc' />
<presentationArc order='30' xlink:arcrole='http://www.xbrl.org/2003/arcrole/parent-child' xlink:from='loc_CommonStockMember' xlink:to='loc_CommonClassCMember' xlink:type='arc' />
<presentationArc order='40' xlink:arcrole='http://www.xbrl.org/2003/arcrole/parent-child' xlink:from='loc_CommonStockMember' xlink:to='loc_NonvotingCommonStockMember' xlink:type='arc' />
<presentationArc order='50' xlink:arcrole='http://www.xbrl.org/2003/arcrole/parent-child' xlink:from='loc_CommonStockMember' xlink:to='loc_ConvertibleCommonStockMember' xlink:type='arc' />
<presentationArc order='20' xlink:arcrole='http://www.xbrl.org/2003/arcrole/parent-child' xlink:from='loc_ClassOfStockDomain' xlink:to='loc_PreferredStockMember' xlink:type='arc' />
<presentationArc order='10' xlink:arcrole='http://www.xbrl.org/2003/arcrole/parent-child' xlink:from='loc_PreferredStockMember' xlink:to='loc_CumulativePreferredStockMember' xlink:type='arc' />
<presentationArc order='20' xlink:arcrole='http://www.xbrl.org/2003/arcrole/parent-child' xlink:from='loc_PreferredStockMember' xlink:to='loc_NoncumulativePreferredStockMember' xlink:type='arc' />
<presentationArc order='30' xlink:arcrole='http://www.xbrl.org/2003/arcrole/parent-child' xlink:from='loc_PreferredStockMember' xlink:to='loc_RedeemablePreferredStockMember' xlink:type='arc' />
<presentationArc order='40' xlink:arcrole='http://www.xbrl.org/2003/arcrole/parent-child' xlink:from='loc_PreferredStockMember' xlink:to='loc_NonredeemablePreferredStockMember' xlink:type='arc' />
<presentationArc order='50' xlink:arcrole='http://www.xbrl.org/2003/arcrole/parent-child' xlink:from='loc_PreferredStockMember' xlink:to='loc_ConvertiblePreferredStockMember' xlink:type='arc' />
<presentationArc order='10' xlink:arcrole='http://www.xbrl.org/2003/arcrole/parent-child' xlink:from='loc_ConvertiblePreferredStockMember' xlink:to='loc_NonredeemableConvertiblePreferredStockMember' xlink:type='arc' />
<presentationArc order='20' xlink:arcrole='http://www.xbrl.org/2003/arcrole/parent-child' xlink:from='loc_ConvertiblePreferredStockMember' xlink:to='loc_RedeemableConvertiblePreferredStockMember' xlink:type='arc' />
<presentationArc order='60' xlink:arcrole='http://www.xbrl.org/2003/arcrole/parent-child' xlink:from='loc_PreferredStockMember' xlink:to='loc_PreferredClassAMember' xlink:type='arc' />
<presentationArc order='70' xlink:arcrole='http://www.xbrl.org/2003/arcrole/parent-child' xlink:from='loc_PreferredStockMember' xlink:to='loc_PreferredClassBMember' xlink:type='arc' />
<presentationArc order='80' xlink:arcrole='http://www.xbrl.org/2003/arcrole/parent-child' xlink:from='loc_PreferredStockMember' xlink:to='loc_SeriesAPreferredStockMember' xlink:type='arc' />
<presentationArc order='90' xlink:arcrole='http://www.xbrl.org/2003/arcrole/parent-child' xlink:from='loc_PreferredStockMember' xlink:to='loc_SeriesBPreferredStockMember' xlink:type='arc' />
<presentationArc order='100' xlink:arcrole='http://www.xbrl.org/2003/arcrole/parent-child' xlink:from='loc_PreferredStockMember' xlink:to='loc_SeriesCPreferredStockMember' xlink:type='arc' />
<presentationArc order='110' xlink:arcrole='http://www.xbrl.org/2003/arcrole/parent-child' xlink:from='loc_PreferredStockMember' xlink:to='loc_SeriesDPreferredStockMember' xlink:type='arc' />
<presentationArc order='120' xlink:arcrole='http://www.xbrl.org/2003/arcrole/parent-child' xlink:from='loc_PreferredStockMember' xlink:to='loc_SeriesEPreferredStockMember' xlink:type='arc' />
<presentationArc order='130' xlink:arcrole='http://www.xbrl.org/2003/arcrole/parent-child' xlink:from='loc_PreferredStockMember' xlink:to='loc_SeriesFPreferredStockMember' xlink:type='arc' />
<presentationArc order='140' xlink:arcrole='http://www.xbrl.org/2003/arcrole/parent-child' xlink:from='loc_PreferredStockMember' xlink:to='loc_SeriesGPreferredStockMember' xlink:type='arc' />
<presentationArc order='150' xlink:arcrole='http://www.xbrl.org/2003/arcrole/parent-child' xlink:from='loc_PreferredStockMember' xlink:to='loc_SeriesHPreferredStockMember' xlink:type='arc' />
<presentationArc order='70' xlink:arcrole='http://www.xbrl.org/2003/arcrole/parent-child' xlink:from='loc_StatementTable' xlink:to='loc_ProductOrServiceAxis' xlink:type='arc' />
<presentationArc order='10' xlink:arcrole='http://www.xbrl.org/2003/arcrole/parent-child' xlink:from='loc_ProductOrServiceAxis' xlink:to='loc_ProductsAndServicesDomain' xlink:type='arc' />
<presentationArc order='80' xlink:arcrole='http://www.xbrl.org/2003/arcrole/parent-child' xlink:from='loc_StatementTable' xlink:to='loc_MajorCustomersAxis' xlink:type='arc' />
<presentationArc order='10' xlink:arcrole='http://www.xbrl.org/2003/arcrole/parent-child' xlink:from='loc_MajorCustomersAxis' xlink:to='loc_NameOfMajorCustomerDomain' xlink:type='arc' />
<presentationArc order='90' xlink:arcrole='http://www.xbrl.org/2003/arcrole/parent-child' xlink:from='loc_StatementTable' xlink:to='loc_RangeAxis' xlink:type='arc' />
<presentationArc order='10' xlink:arcrole='http://www.xbrl.org/2003/arcrole/parent-child' xlink:from='loc_RangeAxis' xlink:to='loc_RangeMember' xlink:type='arc' />
<presentationArc order='10' xlink:arcrole='http://www.xbrl.org/2003/arcrole/parent-child' xlink:from='loc_RangeMember' xlink:to='loc_MaximumMember' xlink:type='arc' />
<presentationArc order='20' xlink:arcrole='http://www.xbrl.org/2003/arcrole/parent-child' xlink:from='loc_RangeMember' xlink:to='loc_MinimumMember' xlink:type='arc' />
<presentationArc order='100' xlink:arcrole='http://www.xbrl.org/2003/arcrole/parent-child' xlink:from='loc_StatementTable' xlink:to='loc_InstrumentAxis' xlink:type='arc' />
<presentationArc order='10' xlink:arcrole='http://www.xbrl.org/2003/arcrole/parent-child' xlink:from='loc_InstrumentAxis' xlink:to='loc_InstrumentTypeMember' xlink:type='arc' />
<presentationArc order='10' xlink:arcrole='http://www.xbrl.org/2003/arcrole/parent-child' xlink:from='loc_InstrumentTypeMember' xlink:to='loc_FuelMember' xlink:type='arc' />
<presentationArc order='20' xlink:arcrole='http://www.xbrl.org/2003/arcrole/parent-child' xlink:from='loc_InstrumentTypeMember' xlink:to='loc_CrudeOilMember' xlink:type='arc' />
<presentationArc order='30' xlink:arcrole='http://www.xbrl.org/2003/arcrole/parent-child' xlink:from='loc_InstrumentTypeMember' xlink:to='loc_HeatingOilMember' xlink:type='arc' />
<presentationArc order='40' xlink:arcrole='http://www.xbrl.org/2003/arcrole/parent-child' xlink:from='loc_InstrumentTypeMember' xlink:to='loc_FuelTransportationMember' xlink:type='arc' />
<presentationArc order='110' xlink:arcrole='http://www.xbrl.org/2003/arcrole/parent-child' xlink:from='loc_StatementTable' xlink:to='loc_CreationDateAxis' xlink:type='arc' />
<presentationArc order='10' xlink:arcrole='http://www.xbrl.org/2003/arcrole/parent-child' xlink:from='loc_CreationDateAxis' xlink:to='loc_DefaultFinancialStatementsDateMember' xlink:type='arc' />
</presentationLink>
</link:linkbase>
