<linkbase xmlns='http://www.xbrl.org/2003/linkbase' xmlns:link='http://www.xbrl.org/2003/linkbase' xmlns:ref='http://www.xbrl.org/2006/ref' xmlns:xlink='http://www.w3.org/1999/xlink' xmlns:xsi='http://www.w3.org/2001/XMLSchema-instance' xsi:schemaLocation='http://www.xbrl.org/2003/linkbase http://www.xbrl.org/2003/xbrl-linkbase-2003-12-31.xsd http://www.xbrl.org/2006/ref http://www.xbrl.org/2006/ref-2006-02-27.xsd'>
<referenceLink xlink:role='http://www.xbrl.org/2003/role/link' xlink:type='extended'>
<loc xlink:href='exch-2008-03-31.xsd#exch_AllExchangesDomain' xlink:label='exch_AllExchangesDomain' xlink:type='locator' />
<reference xlink:label='ref_0' xlink:role='http://www.xbrl.org/2003/role/presentationRef' xlink:type='resource'>
<ref:URI>http://www.iso15022.org/MIC/homepageMIC.htm</ref:URI>
<ref:URIDate>2008-03-03</ref:URIDate>
</reference>
<referenceArc order='1.0' xlink:arcrole='http://www.xbrl.org/2003/arcrole/concept-reference' xlink:from='exch_AllExchangesDomain' xlink:to='ref_0' xlink:type='arc' />
</referenceLink>
</linkbase>
