<?xml version="1.0" encoding="UTF-8" standalone="no"?>

<!--
Copyright (C) 2007, 2008 XBRL US, Inc. All Rights Reserved.
Authorized Uses are Set Forth at http://xbrl.us/legal
  -->
<linkbase xmlns='http://www.xbrl.org/2003/linkbase' xmlns:link='http://www.xbrl.org/2003/linkbase' xmlns:xlink='http://www.w3.org/1999/xlink' xmlns:xsi='http://www.w3.org/2001/XMLSchema-instance' xsi:schemaLocation='http://www.xbrl.org/2003/linkbase http://www.xbrl.org/2003/xbrl-linkbase-2003-12-31.xsd'>
<link:roleRef roleURI='http://xbrl.us/us-gaap/role/document/ManagementReport' xlink:href='../elts/us-roles-2008-03-31.xsd#mr' xlink:type='simple' />
<link:presentationLink xlink:role='http://xbrl.us/us-gaap/role/document/ManagementReport' xlink:type='extended'>
<link:loc xlink:href='mr-2008-03-31.xsd#mr_ManagementReportTextBlock' xlink:label='loc_ManagementReportTextBlock' xlink:type='locator' />
<link:loc xlink:href='mr-2008-03-31.xsd#mr_DetailOfOfficerInformationTextBlock' xlink:label='loc_DetailOfOfficerInformationTextBlock' xlink:type='locator' />
<link:loc xlink:href='mr-2008-03-31.xsd#mr_OfficersTable' xlink:label='loc_OfficersTable' xlink:type='locator' />
<link:loc xlink:href='mr-2008-03-31.xsd#mr_OfficersOfficerAxis' xlink:label='loc_OfficersOfficerAxis' xlink:type='locator' />
<link:loc xlink:href='mr-2008-03-31.xsd#mr_OfficerDomain' xlink:label='loc_OfficerDomain' xlink:type='locator' />
<link:loc xlink:href='mr-2008-03-31.xsd#mr_OfficersLineItems' xlink:label='loc_OfficersLineItems' xlink:type='locator' />
<link:loc xlink:href='mr-2008-03-31.xsd#mr_OfficerName' xlink:label='loc_OfficerName' xlink:type='locator' />
<link:loc xlink:href='mr-2008-03-31.xsd#mr_OfficerTitleOrPosition' xlink:label='loc_OfficerTitleOrPosition' xlink:type='locator' />
<link:loc xlink:href='mr-2008-03-31.xsd#mr_OfficerSignature' xlink:label='loc_OfficerSignature' xlink:type='locator' />
<link:loc xlink:href='mr-2008-03-31.xsd#mr_ReportInformation' xlink:label='loc_ReportInformation' xlink:type='locator' />
<link:loc xlink:href='mr-2008-03-31.xsd#mr_TitleOfManagementReport' xlink:label='loc_TitleOfManagementReport' xlink:type='locator' />
<link:loc xlink:href='mr-2008-03-31.xsd#mr_ReportBodyManagementReport' xlink:label='loc_ReportBodyManagementReport' xlink:type='locator' />
<link:loc xlink:href='mr-2008-03-31.xsd#mr_ResponsibilityParagraph' xlink:label='loc_ResponsibilityParagraph' xlink:type='locator' />
<link:loc xlink:href='mr-2008-03-31.xsd#mr_InternalControlOverviewParagraph' xlink:label='loc_InternalControlOverviewParagraph' xlink:type='locator' />
<link:loc xlink:href='mr-2008-03-31.xsd#mr_InternalControlMonitoringAndMaintenanceParagraph' xlink:label='loc_InternalControlMonitoringAndMaintenanceParagraph' xlink:type='locator' />
<link:loc xlink:href='mr-2008-03-31.xsd#mr_AuditorInformationParagraph' xlink:label='loc_AuditorInformationParagraph' xlink:type='locator' />
<link:loc xlink:href='mr-2008-03-31.xsd#mr_AuditCommitteeParagraph' xlink:label='loc_AuditCommitteeParagraph' xlink:type='locator' />
<link:loc xlink:href='mr-2008-03-31.xsd#mr_OtherInformationParagraph' xlink:label='loc_OtherInformationParagraph' xlink:type='locator' />
<link:presentationArc order='1.0' xlink:arcrole='http://www.xbrl.org/2003/arcrole/parent-child' xlink:from='loc_ManagementReportTextBlock' xlink:to='loc_DetailOfOfficerInformationTextBlock' xlink:type='arc' />
<link:presentationArc order='2.0' xlink:arcrole='http://www.xbrl.org/2003/arcrole/parent-child' xlink:from='loc_ManagementReportTextBlock' xlink:to='loc_ReportInformation' xlink:type='arc' />
<link:presentationArc order='1.0' xlink:arcrole='http://www.xbrl.org/2003/arcrole/parent-child' xlink:from='loc_DetailOfOfficerInformationTextBlock' xlink:to='loc_OfficersTable' xlink:type='arc' />
<link:presentationArc order='1.0' xlink:arcrole='http://www.xbrl.org/2003/arcrole/parent-child' xlink:from='loc_OfficersTable' xlink:to='loc_OfficersOfficerAxis' xlink:type='arc' />
<link:presentationArc order='2.0' xlink:arcrole='http://www.xbrl.org/2003/arcrole/parent-child' xlink:from='loc_OfficersTable' xlink:to='loc_OfficersLineItems' xlink:type='arc' />
<link:presentationArc order='1.0' xlink:arcrole='http://www.xbrl.org/2003/arcrole/parent-child' xlink:from='loc_OfficersOfficerAxis' xlink:to='loc_OfficerDomain' xlink:type='arc' />
<link:presentationArc order='1.0' xlink:arcrole='http://www.xbrl.org/2003/arcrole/parent-child' xlink:from='loc_OfficersLineItems' xlink:to='loc_OfficerName' xlink:type='arc' />
<link:presentationArc order='2.0' xlink:arcrole='http://www.xbrl.org/2003/arcrole/parent-child' xlink:from='loc_OfficersLineItems' xlink:to='loc_OfficerTitleOrPosition' xlink:type='arc' />
<link:presentationArc order='3.0' xlink:arcrole='http://www.xbrl.org/2003/arcrole/parent-child' xlink:from='loc_OfficersLineItems' xlink:to='loc_OfficerSignature' xlink:type='arc' />
<link:presentationArc order='1.0' xlink:arcrole='http://www.xbrl.org/2003/arcrole/parent-child' xlink:from='loc_ReportInformation' xlink:to='loc_TitleOfManagementReport' xlink:type='arc' />
<link:presentationArc order='2.0' xlink:arcrole='http://www.xbrl.org/2003/arcrole/parent-child' xlink:from='loc_ReportInformation' xlink:to='loc_ReportBodyManagementReport' xlink:type='arc' />
<link:presentationArc order='1.0' xlink:arcrole='http://www.xbrl.org/2003/arcrole/parent-child' xlink:from='loc_ReportBodyManagementReport' xlink:to='loc_ResponsibilityParagraph' xlink:type='arc' />
<link:presentationArc order='2.0' xlink:arcrole='http://www.xbrl.org/2003/arcrole/parent-child' xlink:from='loc_ReportBodyManagementReport' xlink:to='loc_InternalControlOverviewParagraph' xlink:type='arc' />
<link:presentationArc order='3.0' xlink:arcrole='http://www.xbrl.org/2003/arcrole/parent-child' xlink:from='loc_ReportBodyManagementReport' xlink:to='loc_InternalControlMonitoringAndMaintenanceParagraph' xlink:type='arc' />
<link:presentationArc order='4.0' xlink:arcrole='http://www.xbrl.org/2003/arcrole/parent-child' xlink:from='loc_ReportBodyManagementReport' xlink:to='loc_AuditorInformationParagraph' xlink:type='arc' />
<link:presentationArc order='5.0' xlink:arcrole='http://www.xbrl.org/2003/arcrole/parent-child' xlink:from='loc_ReportBodyManagementReport' xlink:to='loc_AuditCommitteeParagraph' xlink:type='arc' />
<link:presentationArc order='6.0' xlink:arcrole='http://www.xbrl.org/2003/arcrole/parent-child' xlink:from='loc_ReportBodyManagementReport' xlink:to='loc_OtherInformationParagraph' xlink:type='arc' />
</link:presentationLink>
</linkbase>
