<?xml version="1.0" encoding="UTF-8" standalone="no"?>

<!--
Copyright (C) 2007, 2008 XBRL US, Inc. All Rights Reserved.
Authorized Uses are Set Forth at http://xbrl.us/legal
  -->
<link:linkbase xmlns:link='http://www.xbrl.org/2003/linkbase' xmlns:xsi='http://www.w3.org/2001/XMLSchema-instance' xsi:schemaLocation='http://www.xbrl.org/2003/linkbase http://www.xbrl.org/2003/xbrl-linkbase-2003-12-31.xsd'>
<link:labelLink xlink:role='http://www.xbrl.org/2003/role/link' xlink:type='extended' xmlns:xlink='http://www.w3.org/1999/xlink'>
<link:loc xlink:href='seccert-2008-03-31.xsd#seccert_AbleToAttest' xlink:label='loc_AbleToAttest' xlink:type='locator' />
<link:label xlink:label='lab_AbleToAttest' xlink:role='http://www.xbrl.org/2003/role/documentation' xlink:type='resource' xml:lang='en-US'>Statement by Principal Officer indicating a status of able to attest regarding reported issues</link:label>
<link:labelArc order='1.0' xlink:arcrole='http://www.xbrl.org/2003/arcrole/concept-label' xlink:from='loc_AbleToAttest' xlink:to='lab_AbleToAttest' xlink:type='arc' />
<link:loc xlink:href='seccert-2008-03-31.xsd#seccert_AnnualFinancialStatementsNotCompleted' xlink:label='loc_AnnualFinancialStatementsNotCompleted' xlink:type='locator' />
<link:label xlink:label='lab_AnnualFinancialStatementsNotCompleted' xlink:role='http://www.xbrl.org/2003/role/documentation' xlink:type='resource' xml:lang='en-US'>The annual financial statements have yet to be completed by the entity. The statement may also include the time frame of expected completion. The explanation may be applied in various situations. For example, where the principal officer 1) does or does not attest to the statement that no covered report a) contained an untrue statement of material fact or b) omitted to state a material fact necessary to make the covered report not misleading but have the exception or 2) is unable to attest that the financial statements and other financial information included in the report, fairly presents in all material respects the financial condition and results of operations of the issuer as of, and for, the periods presented in the report.</link:label>
<link:labelArc order='1.0' xlink:arcrole='http://www.xbrl.org/2003/arcrole/concept-label' xlink:from='loc_AnnualFinancialStatementsNotCompleted' xlink:to='lab_AnnualFinancialStatementsNotCompleted' xlink:type='arc' />
<link:loc xlink:href='seccert-2008-03-31.xsd#seccert_AnnualFinancialStatementsToBeRestated' xlink:label='loc_AnnualFinancialStatementsToBeRestated' xlink:type='locator' />
<link:label xlink:label='lab_AnnualFinancialStatementsToBeRestated' xlink:role='http://www.xbrl.org/2003/role/documentation' xlink:type='resource' xml:lang='en-US'>The annual financial statements may potentially be restated by the entity. The statement may also include the time frame of expected completion. The explanation may be applied in various situations. For example, where the principal officer 1) does or does not attest to the statement that no covered report a) contained an untrue statement of material fact or b) omitted to state a material fact necessary to make the covered report not misleading but have the exception or 2) is unable to attest that the financial statements and other financial information included in the report, fairly presents in all material respects the financial condition and results of operations of the issuer as of, and for, the periods presented in the report.</link:label>
<link:labelArc order='1.0' xlink:arcrole='http://www.xbrl.org/2003/arcrole/concept-label' xlink:from='loc_AnnualFinancialStatementsToBeRestated' xlink:to='lab_AnnualFinancialStatementsToBeRestated' xlink:type='arc' />
<link:loc xlink:href='seccert-2008-03-31.xsd#seccert_AttestationOfNoUntrueStatementOrOmittedMaterialFactAttestationOfNoOmittedMaterialFact' xlink:label='loc_AttestationOfNoUntrueStatementOrOmittedMaterialFactAttestationOfNoOmittedMaterialFact' xlink:type='locator' />
<link:label xlink:label='lab_AttestationOfNoUntrueStatementOrOmittedMaterialFactAttestationOfNoOmittedMaterialFact' xlink:role='http://www.xbrl.org/2003/role/documentation' xlink:type='resource' xml:lang='en-US'>Statement by the principal officer that no covered report omitted to state a material fact necessary to make the covered report not misleading.</link:label>
<link:labelArc order='1.0' xlink:arcrole='http://www.xbrl.org/2003/arcrole/concept-label' xlink:from='loc_AttestationOfNoUntrueStatementOrOmittedMaterialFactAttestationOfNoOmittedMaterialFact' xlink:to='lab_AttestationOfNoUntrueStatementOrOmittedMaterialFactAttestationOfNoOmittedMaterialFact' xlink:type='arc' />
<link:loc xlink:href='seccert-2008-03-31.xsd#seccert_AttestationOfNoUntrueStatementOrOmittedMaterialFact' xlink:label='loc_AttestationOfNoUntrueStatementOrOmittedMaterialFact' xlink:type='locator' />
<link:label xlink:label='lab_AttestationOfNoUntrueStatementOrOmittedMaterialFact' xlink:role='http://www.xbrl.org/2003/role/documentation' xlink:type='resource' xml:lang='en-US'>Statement by the principal officer that no covered report 1) contained an untrue statement of material fact or 2) omitted to state a material fact necessary to make the covered report not misleading</link:label>
<link:labelArc order='1.0' xlink:arcrole='http://www.xbrl.org/2003/arcrole/concept-label' xlink:from='loc_AttestationOfNoUntrueStatementOrOmittedMaterialFact' xlink:to='lab_AttestationOfNoUntrueStatementOrOmittedMaterialFact' xlink:type='arc' />
<link:loc xlink:href='seccert-2008-03-31.xsd#seccert_AttestationOfNoUntrueStatementOrOmittedMaterialFactAttestationOfNoUntrueStatement' xlink:label='loc_AttestationOfNoUntrueStatementOrOmittedMaterialFactAttestationOfNoUntrueStatement' xlink:type='locator' />
<link:label xlink:label='lab_AttestationOfNoUntrueStatementOrOmittedMaterialFactAttestationOfNoUntrueStatement' xlink:role='http://www.xbrl.org/2003/role/documentation' xlink:type='resource' xml:lang='en-US'>Statement by the principal officer that no covered report contained an untrue statement of material fact.</link:label>
<link:labelArc order='1.0' xlink:arcrole='http://www.xbrl.org/2003/arcrole/concept-label' xlink:from='loc_AttestationOfNoUntrueStatementOrOmittedMaterialFactAttestationOfNoUntrueStatement' xlink:to='lab_AttestationOfNoUntrueStatementOrOmittedMaterialFactAttestationOfNoUntrueStatement' xlink:type='arc' />
<link:loc xlink:href='seccert-2008-03-31.xsd#seccert_AttestationThatReportFairlyPresentsInAllMaterialRespectsFinancialConditionAndResultsOfOperations' xlink:label='loc_AttestationThatReportFairlyPresentsInAllMaterialRespectsFinancialConditionAndResultsOfOperations' xlink:type='locator' />
<link:label xlink:label='lab_AttestationThatReportFairlyPresentsInAllMaterialRespectsFinancialConditionAndResultsOfOperations' xlink:role='http://www.xbrl.org/2003/role/documentation' xlink:type='resource' xml:lang='en-US'>Statement by the principal officer that the financial statements and other financial information included in the report, fairly presents in all material respects the financial condition and results of operations of the issuer as of, and for, the periods presented in the report.</link:label>
<link:labelArc order='1.0' xlink:arcrole='http://www.xbrl.org/2003/arcrole/concept-label' xlink:from='loc_AttestationThatReportFairlyPresentsInAllMaterialRespectsFinancialConditionAndResultsOfOperations' xlink:to='lab_AttestationThatReportFairlyPresentsInAllMaterialRespectsFinancialConditionAndResultsOfOperations' xlink:type='arc' />
<link:loc xlink:href='seccert-2008-03-31.xsd#seccert_CertificationOfDisclosureControlsAndProcedures' xlink:label='loc_CertificationOfDisclosureControlsAndProcedures' xlink:type='locator' />
<link:label xlink:label='lab_CertificationOfDisclosureControlsAndProcedures' xlink:role='http://www.xbrl.org/2003/role/documentation' xlink:type='resource' xml:lang='en-US'>Statement by the principal officer that he/she and the other certifying officers are responsible for establishing and maintaining "disclosure controls and procedures" for the issuer, that they have designed disclosure controls and procedures to ensure that material information is made known to them, particularly during the period in which the periodic report is being prepared, have evaluated the effectiveness of the issuer's disclosure controls and procedures within 90 days of the date of the report, and have presented in the report their conclusions about the effectiveness of the disclosure controls and procedures based on the required evaluation.</link:label>
<link:labelArc order='1.0' xlink:arcrole='http://www.xbrl.org/2003/arcrole/concept-label' xlink:from='loc_CertificationOfDisclosureControlsAndProcedures' xlink:to='lab_CertificationOfDisclosureControlsAndProcedures' xlink:type='arc' />
<link:loc xlink:href='seccert-2008-03-31.xsd#seccert_NotaryPublicCommissionExpires' xlink:label='loc_NotaryPublicCommissionExpires' xlink:type='locator' />
<link:label xlink:label='lab_NotaryPublicCommissionExpires' xlink:role='http://www.xbrl.org/2003/role/documentation' xlink:type='resource' xml:lang='en-US'>The date of expiration of the notary public's commission.</link:label>
<link:labelArc order='1.0' xlink:arcrole='http://www.xbrl.org/2003/arcrole/concept-label' xlink:from='loc_NotaryPublicCommissionExpires' xlink:to='lab_NotaryPublicCommissionExpires' xlink:type='arc' />
<link:loc xlink:href='seccert-2008-03-31.xsd#seccert_PrincipalOfficerConfirmationOfReview' xlink:label='loc_PrincipalOfficerConfirmationOfReview' xlink:type='locator' />
<link:label xlink:label='lab_PrincipalOfficerConfirmationOfReview' xlink:role='http://www.xbrl.org/2003/role/documentation' xlink:type='resource' xml:lang='en-US'>Statement by the Principal Executive Officer that he/she reviewed the given report.</link:label>
<link:labelArc order='1.0' xlink:arcrole='http://www.xbrl.org/2003/arcrole/concept-label' xlink:from='loc_PrincipalOfficerConfirmationOfReview' xlink:to='lab_PrincipalOfficerConfirmationOfReview' xlink:type='arc' />
<link:loc xlink:href='seccert-2008-03-31.xsd#seccert_PrincipalOfficerDateOfCertification' xlink:label='loc_PrincipalOfficerDateOfCertification' xlink:type='locator' />
<link:label xlink:label='lab_PrincipalOfficerDateOfCertification' xlink:role='http://www.xbrl.org/2003/role/documentation' xlink:type='resource' xml:lang='en-US'>Date the Principal Executive Officer certified its financial statements</link:label>
<link:labelArc order='1.0' xlink:arcrole='http://www.xbrl.org/2003/arcrole/concept-label' xlink:from='loc_PrincipalOfficerDateOfCertification' xlink:to='lab_PrincipalOfficerDateOfCertification' xlink:type='arc' />
<link:loc xlink:href='seccert-2008-03-31.xsd#seccert_CertificationOfDisclosureControlsAndProceduresDesignOfDisclosureControlsAndProceduresInformsOfficerOfMaterialInformation' xlink:label='loc_CertificationOfDisclosureControlsAndProceduresDesignOfDisclosureControlsAndProceduresInformsOfficerOfMaterialInformation' xlink:type='locator' />
<link:label xlink:label='lab_CertificationOfDisclosureControlsAndProceduresDesignOfDisclosureControlsAndProceduresInformsOfficerOfMaterialInformation' xlink:role='http://www.xbrl.org/2003/role/documentation' xlink:type='resource' xml:lang='en-US'>Statement by the principal officer that he/she and the other certifying officers that they have designed disclosure controls and procedures to ensure that material information is made known to them, particularly during the period in which the periodic report is being prepared.</link:label>
<link:labelArc order='1.0' xlink:arcrole='http://www.xbrl.org/2003/arcrole/concept-label' xlink:from='loc_CertificationOfDisclosureControlsAndProceduresDesignOfDisclosureControlsAndProceduresInformsOfficerOfMaterialInformation' xlink:to='lab_CertificationOfDisclosureControlsAndProceduresDesignOfDisclosureControlsAndProceduresInformsOfficerOfMaterialInformation' xlink:type='arc' />
<link:loc xlink:href='seccert-2008-03-31.xsd#seccert_EvaluationOfDisclosureControlsAndProceduresEffectiveness' xlink:label='loc_EvaluationOfDisclosureControlsAndProceduresEffectiveness' xlink:type='locator' />
<link:label xlink:label='lab_EvaluationOfDisclosureControlsAndProceduresEffectiveness' xlink:role='http://www.xbrl.org/2003/role/documentation' xlink:type='resource' xml:lang='en-US'>Statement by the principal officer that he/she and the other certifying officers have evaluated the effectiveness of the issuer's disclosure controls and procedures within 90 days of the date of the report.</link:label>
<link:labelArc order='1.0' xlink:arcrole='http://www.xbrl.org/2003/arcrole/concept-label' xlink:from='loc_EvaluationOfDisclosureControlsAndProceduresEffectiveness' xlink:to='lab_EvaluationOfDisclosureControlsAndProceduresEffectiveness' xlink:type='arc' />
<link:loc xlink:href='seccert-2008-03-31.xsd#seccert_FraudMatters' xlink:label='loc_FraudMatters' xlink:type='locator' />
<link:label xlink:label='lab_FraudMatters' xlink:role='http://www.xbrl.org/2003/role/documentation' xlink:type='resource' xml:lang='en-US'>Statement by the principal officer that he/she and the other certifying officers have disclose to the issuer's auditors and to the audit committee of the board of directors (or equivalent) any fraud, whether or not material, that involves management or other employees who have a significant role in the issuer's internal control.</link:label>
<link:labelArc order='1.0' xlink:arcrole='http://www.xbrl.org/2003/arcrole/concept-label' xlink:from='loc_FraudMatters' xlink:to='lab_FraudMatters' xlink:type='arc' />
<link:loc xlink:href='seccert-2008-03-31.xsd#seccert_NotaryPublicName' xlink:label='loc_NotaryPublicName' xlink:type='locator' />
<link:label xlink:label='lab_NotaryPublicName' xlink:role='http://www.xbrl.org/2003/role/documentation' xlink:type='resource' xml:lang='en-US'>The notary public's name.</link:label>
<link:labelArc order='1.0' xlink:arcrole='http://www.xbrl.org/2003/arcrole/concept-label' xlink:from='loc_NotaryPublicName' xlink:to='lab_NotaryPublicName' xlink:type='arc' />
<link:loc xlink:href='seccert-2008-03-31.xsd#seccert_NotaryPublic' xlink:label='loc_NotaryPublic' xlink:type='locator' />
<link:label xlink:label='lab_NotaryPublic' xlink:role='http://www.xbrl.org/2003/role/documentation' xlink:type='resource' xml:lang='en-US'>The notary public information which identifies the date that the notary signed the statement.</link:label>
<link:labelArc order='1.0' xlink:arcrole='http://www.xbrl.org/2003/arcrole/concept-label' xlink:from='loc_NotaryPublic' xlink:to='lab_NotaryPublic' xlink:type='arc' />
<link:loc xlink:href='seccert-2008-03-31.xsd#seccert_OfficersCertificationOfFinancialStatements' xlink:label='loc_OfficersCertificationOfFinancialStatements' xlink:type='locator' />
<link:label xlink:label='lab_OfficersCertificationOfFinancialStatements' xlink:role='http://www.xbrl.org/2003/role/documentation' xlink:type='resource' xml:lang='en-US'>Written statement signed by the principle executive officer of an entity under oath making certain assertions with respect to the issuer's quarterly and annual reports filed or submitted under Section 13(a) or 15(d) of Securities Exchange Act of 1934.</link:label>
<link:labelArc order='1.0' xlink:arcrole='http://www.xbrl.org/2003/arcrole/concept-label' xlink:from='loc_OfficersCertificationOfFinancialStatements' xlink:to='lab_OfficersCertificationOfFinancialStatements' xlink:type='arc' />
<link:loc xlink:href='seccert-2008-03-31.xsd#seccert_AccountingChangesUnableToAttest' xlink:label='loc_AccountingChangesUnableToAttest' xlink:type='locator' />
<link:label xlink:label='lab_AccountingChangesUnableToAttest' xlink:role='http://www.xbrl.org/2003/role/documentation' xlink:type='resource' xml:lang='en-US'>Management changed its accounting policies and practices that will result in the restatement of its financial statements. The explanation may be applied in various situations. For example, where the principal officer 1) does or does not attest to the statement that no covered report a) contained an untrue statement of material fact or b) omitted to state a material fact necessary to make the covered report not misleading but have the exception or 2) is unable to attest that the financial statements and other financial information included in the report, fairly presents in all material respects the financial condition and results of operations of the issuer as of, and for, the periods presented in the report.</link:label>
<link:labelArc order='1.0' xlink:arcrole='http://www.xbrl.org/2003/arcrole/concept-label' xlink:from='loc_AccountingChangesUnableToAttest' xlink:to='lab_AccountingChangesUnableToAttest' xlink:type='arc' />
<link:loc xlink:href='seccert-2008-03-31.xsd#seccert_EntityFilesUnderBankruptcyCodeUnableToAttest' xlink:label='loc_EntityFilesUnderBankruptcyCodeUnableToAttest' xlink:type='locator' />
<link:label xlink:label='lab_EntityFilesUnderBankruptcyCodeUnableToAttest' xlink:role='http://www.xbrl.org/2003/role/documentation' xlink:type='resource' xml:lang='en-US'>Entity Filed under Bankruptcy Code. The explanation may be applied in various situations. For example, where the principal officer 1) does or does not attest to the statement that no covered report a) contained an untrue statement of material fact or b) omitted to state a material fact necessary to make the covered report not misleading but have the exception or 2) is unable to attest that the financial statements and other financial information included in the report, fairly presents in all material respects the financial condition and results of operations of the issuer as of, and for, the periods presented in the report.</link:label>
<link:labelArc order='1.0' xlink:arcrole='http://www.xbrl.org/2003/arcrole/concept-label' xlink:from='loc_EntityFilesUnderBankruptcyCodeUnableToAttest' xlink:to='lab_EntityFilesUnderBankruptcyCodeUnableToAttest' xlink:type='arc' />
<link:loc xlink:href='seccert-2008-03-31.xsd#seccert_FormerManagementProvidedUnreliableInformationUnableToAttest' xlink:label='loc_FormerManagementProvidedUnreliableInformationUnableToAttest' xlink:type='locator' />
<link:label xlink:label='lab_FormerManagementProvidedUnreliableInformationUnableToAttest' xlink:role='http://www.xbrl.org/2003/role/documentation' xlink:type='resource' xml:lang='en-US'>Former management provided unreliable information. The explanation may be applied in various situations. For example, where the principal officer 1) does or does not attest to the statement that no covered report a) contained an untrue statement of material fact or b) omitted to state a material fact necessary to make the covered report not misleading but have the exception or 2) is unable to attest that the financial statements and other financial information included in the report, fairly presents in all material respects the financial condition and results of operations of the issuer as of, and for, the periods presented in the report.</link:label>
<link:labelArc order='1.0' xlink:arcrole='http://www.xbrl.org/2003/arcrole/concept-label' xlink:from='loc_FormerManagementProvidedUnreliableInformationUnableToAttest' xlink:to='lab_FormerManagementProvidedUnreliableInformationUnableToAttest' xlink:type='arc' />
<link:loc xlink:href='seccert-2008-03-31.xsd#seccert_IndependentAuditNotCompletedUnableToAttest' xlink:label='loc_IndependentAuditNotCompletedUnableToAttest' xlink:type='locator' />
<link:label xlink:label='lab_IndependentAuditNotCompletedUnableToAttest' xlink:role='http://www.xbrl.org/2003/role/documentation' xlink:type='resource' xml:lang='en-US'>The independent audit has not been completed. The explanation may be applied in various situations. For example, where the principal officer 1) does or does not attest to the statement that no covered report a) contained an untrue statement of material fact or b) omitted to state a material fact necessary to make the covered report not misleading but have the exception or 2) is unable to attest that the financial statements and other financial information included in the report, fairly presents in all material respects the financial condition and results of operations of the issuer as of, and for, the periods presented in the report.</link:label>
<link:labelArc order='1.0' xlink:arcrole='http://www.xbrl.org/2003/arcrole/concept-label' xlink:from='loc_IndependentAuditNotCompletedUnableToAttest' xlink:to='lab_IndependentAuditNotCompletedUnableToAttest' xlink:type='arc' />
<link:loc xlink:href='seccert-2008-03-31.xsd#seccert_IndependentQuarterlyReviewHasNotBeenCompletedUnableToAttest' xlink:label='loc_IndependentQuarterlyReviewHasNotBeenCompletedUnableToAttest' xlink:type='locator' />
<link:label xlink:label='lab_IndependentQuarterlyReviewHasNotBeenCompletedUnableToAttest' xlink:role='http://www.xbrl.org/2003/role/documentation' xlink:type='resource' xml:lang='en-US'>Independent quarterly review has not been completed. The explanation may be applied in various situations. For example, where the principal officer 1) does or does not attest to the statement that no covered report a) contained an untrue statement of material fact or b) omitted to state a material fact necessary to make the covered report not misleading but have the exception or 2) is unable to attest that the financial statements and other financial information included in the report, fairly presents in all material respects the financial condition and results of operations of the issuer as of, and for, the periods presented in the report.</link:label>
<link:labelArc order='1.0' xlink:arcrole='http://www.xbrl.org/2003/arcrole/concept-label' xlink:from='loc_IndependentQuarterlyReviewHasNotBeenCompletedUnableToAttest' xlink:to='lab_IndependentQuarterlyReviewHasNotBeenCompletedUnableToAttest' xlink:type='arc' />
<link:loc xlink:href='seccert-2008-03-31.xsd#seccert_InternalReviewOfDisclosureControlsAndProceduresNotCompletedUnableToAttest' xlink:label='loc_InternalReviewOfDisclosureControlsAndProceduresNotCompletedUnableToAttest' xlink:type='locator' />
<link:label xlink:label='lab_InternalReviewOfDisclosureControlsAndProceduresNotCompletedUnableToAttest' xlink:role='http://www.xbrl.org/2003/role/documentation' xlink:type='resource' xml:lang='en-US'>Management has not completed its internal review of their disclosure controls and procedures. The explanation may be applied in various situations. For example, where the principal officer 1) does or does not attest to the statement that no covered report a) contained an untrue statement of material fact or b) omitted to state a material fact necessary to make the covered report not misleading but have the exception or 2) is unable to attest that the financial statements and other financial information included in the report, fairly presents in all material respects the financial condition and results of operations of the issuer as of, and for, the periods presented in the report.</link:label>
<link:labelArc order='1.0' xlink:arcrole='http://www.xbrl.org/2003/arcrole/concept-label' xlink:from='loc_InternalReviewOfDisclosureControlsAndProceduresNotCompletedUnableToAttest' xlink:to='lab_InternalReviewOfDisclosureControlsAndProceduresNotCompletedUnableToAttest' xlink:type='arc' />
<link:loc xlink:href='seccert-2008-03-31.xsd#seccert_InternalReviewOfFinancialStatementsAndAccountingPoliciesNotCompletedUnableToAttest' xlink:label='loc_InternalReviewOfFinancialStatementsAndAccountingPoliciesNotCompletedUnableToAttest' xlink:type='locator' />
<link:label xlink:label='lab_InternalReviewOfFinancialStatementsAndAccountingPoliciesNotCompletedUnableToAttest' xlink:role='http://www.xbrl.org/2003/role/documentation' xlink:type='resource' xml:lang='en-US'>Management has not completed its internal review of their financial statements and accounting policies and practices. The explanation may be applied in various situations. For example, where the principal officer 1) does or does not attest to the statement that no covered report a) contained an untrue statement of material fact or b) omitted to state a material fact necessary to make the covered report not misleading but have the exception or 2) is unable to attest that the financial statements and other financial information included in the report, fairly presents in all material respects the financial condition and results of operations of the issuer as of, and for, the periods presented in the report.</link:label>
<link:labelArc order='1.0' xlink:arcrole='http://www.xbrl.org/2003/arcrole/concept-label' xlink:from='loc_InternalReviewOfFinancialStatementsAndAccountingPoliciesNotCompletedUnableToAttest' xlink:to='lab_InternalReviewOfFinancialStatementsAndAccountingPoliciesNotCompletedUnableToAttest' xlink:type='arc' />
<link:loc xlink:href='seccert-2008-03-31.xsd#seccert_InternalReviewOfInternalControlsNotCompletedUnableToAttest' xlink:label='loc_InternalReviewOfInternalControlsNotCompletedUnableToAttest' xlink:type='locator' />
<link:label xlink:label='lab_InternalReviewOfInternalControlsNotCompletedUnableToAttest' xlink:role='http://www.xbrl.org/2003/role/documentation' xlink:type='resource' xml:lang='en-US'>Management has not completed its internal review of their internal controls. The explanation may be applied in various situations. For example, where the principal officer 1) does or does not attest to the statement that no covered report a) contained an untrue statement of material fact or b) omitted to state a material fact necessary to make the covered report not misleading but have the exception or 2) is unable to attest that the financial statements and other financial information included in the report, fairly presents in all material respects the financial condition and results of operations of the issuer as of, and for, the periods presented in the report.</link:label>
<link:labelArc order='1.0' xlink:arcrole='http://www.xbrl.org/2003/arcrole/concept-label' xlink:from='loc_InternalReviewOfInternalControlsNotCompletedUnableToAttest' xlink:to='lab_InternalReviewOfInternalControlsNotCompletedUnableToAttest' xlink:type='arc' />
<link:loc xlink:href='seccert-2008-03-31.xsd#seccert_SecuritiesExchangeCommissionInvestigationUnableToAttest' xlink:label='loc_SecuritiesExchangeCommissionInvestigationUnableToAttest' xlink:type='locator' />
<link:label xlink:label='lab_SecuritiesExchangeCommissionInvestigationUnableToAttest' xlink:role='http://www.xbrl.org/2003/role/documentation' xlink:type='resource' xml:lang='en-US'>The SEC is investigating certain facts and circumstance that may lead to principal executive management unable to attest that the covered reports contain no untrue statements or omitted material facts. The explanation may be applied in various situations. For example, where the principal officer 1) does or does not attest to the statement that no covered report a) contained an untrue statement of material fact or b) omitted to state a material fact necessary to make the covered report not misleading but have the exception or 2) is unable to attest that the financial statements and other financial information included in the report, fairly presents in all material respects the financial condition and results of operations of the issuer as of, and for, the periods presented in the report.</link:label>
<link:labelArc order='1.0' xlink:arcrole='http://www.xbrl.org/2003/arcrole/concept-label' xlink:from='loc_SecuritiesExchangeCommissionInvestigationUnableToAttest' xlink:to='lab_SecuritiesExchangeCommissionInvestigationUnableToAttest' xlink:type='arc' />
<link:loc xlink:href='seccert-2008-03-31.xsd#seccert_SpecialCommitteeInvestigationUnableToAttest' xlink:label='loc_SpecialCommitteeInvestigationUnableToAttest' xlink:type='locator' />
<link:label xlink:label='lab_SpecialCommitteeInvestigationUnableToAttest' xlink:role='http://www.xbrl.org/2003/role/documentation' xlink:type='resource' xml:lang='en-US'>The entity developed a special action committee to investigate certain facts and circumstance that may lead principal executive management unable to attest that the covered reports contain no untrue statements or omitted material facts. The explanation may be applied in various situations. For example, where the principal officer 1) does or does not attest to the statement that no covered report a) contained an untrue statement of material fact or b) omitted to state a material fact necessary to make the covered report not misleading but have the exception or 2) is unable to attest that the financial statements and other financial information included in the report, fairly presents in all material respects the financial condition and results of operations of the issuer as of, and for, the periods presented in the report.</link:label>
<link:labelArc order='1.0' xlink:arcrole='http://www.xbrl.org/2003/arcrole/concept-label' xlink:from='loc_SpecialCommitteeInvestigationUnableToAttest' xlink:to='lab_SpecialCommitteeInvestigationUnableToAttest' xlink:type='arc' />
<link:loc xlink:href='seccert-2008-03-31.xsd#seccert_PresentedConclusionsOnEffectivenessOfDisclosureControlsAndProceduresInReport' xlink:label='loc_PresentedConclusionsOnEffectivenessOfDisclosureControlsAndProceduresInReport' xlink:type='locator' />
<link:label xlink:label='lab_PresentedConclusionsOnEffectivenessOfDisclosureControlsAndProceduresInReport' xlink:role='http://www.xbrl.org/2003/role/documentation' xlink:type='resource' xml:lang='en-US'>Statement by the principal officer that he/she and the other certifying officers have presented in the report their conclusions about the effectiveness of the disclosure controls and procedures based on the required evaluation.</link:label>
<link:labelArc order='1.0' xlink:arcrole='http://www.xbrl.org/2003/arcrole/concept-label' xlink:from='loc_PresentedConclusionsOnEffectivenessOfDisclosureControlsAndProceduresInReport' xlink:to='lab_PresentedConclusionsOnEffectivenessOfDisclosureControlsAndProceduresInReport' xlink:type='arc' />
<link:loc xlink:href='seccert-2008-03-31.xsd#seccert_ScheduleOfPrincipalOfficersTextBlock' xlink:label='loc_ScheduleOfPrincipalOfficersTextBlock' xlink:type='locator' />
<link:label xlink:label='lab_ScheduleOfPrincipalOfficersTextBlock' xlink:role='http://www.xbrl.org/2003/role/documentation' xlink:type='resource' xml:lang='en-US'>Container for information about the Principal Officer</link:label>
<link:labelArc order='1.0' xlink:arcrole='http://www.xbrl.org/2003/arcrole/concept-label' xlink:from='loc_ScheduleOfPrincipalOfficersTextBlock' xlink:to='lab_ScheduleOfPrincipalOfficersTextBlock' xlink:type='arc' />
<link:loc xlink:href='seccert-2008-03-31.xsd#seccert_PrincipalOfficerTitleOrPosition' xlink:label='loc_PrincipalOfficerTitleOrPosition' xlink:type='locator' />
<link:label xlink:label='lab_PrincipalOfficerTitleOrPosition' xlink:role='http://www.xbrl.org/2003/role/documentation' xlink:type='resource' xml:lang='en-US'>Title of Principal Executive Officer</link:label>
<link:labelArc order='1.0' xlink:arcrole='http://www.xbrl.org/2003/arcrole/concept-label' xlink:from='loc_PrincipalOfficerTitleOrPosition' xlink:to='lab_PrincipalOfficerTitleOrPosition' xlink:type='arc' />
<link:loc xlink:href='seccert-2008-03-31.xsd#seccert_AccountingChangesReportFairlyPresents' xlink:label='loc_AccountingChangesReportFairlyPresents' xlink:type='locator' />
<link:label xlink:label='lab_AccountingChangesReportFairlyPresents' xlink:role='http://www.xbrl.org/2003/role/documentation' xlink:type='resource' xml:lang='en-US'>Management changed its accounting policies and practices that will result in the restatement of its financial statements. The explanation may be applied in various situations. For example, where the principal officer 1) does or does not attest to the statement that no covered report a) contained an untrue statement of material fact or b) omitted to state a material fact necessary to make the covered report not misleading but have the exception or 2) is unable to attest that the financial statements and other financial information included in the report, fairly presents in all material respects the financial condition and results of operations of the issuer as of, and for, the periods presented in the report.</link:label>
<link:labelArc order='1.0' xlink:arcrole='http://www.xbrl.org/2003/arcrole/concept-label' xlink:from='loc_AccountingChangesReportFairlyPresents' xlink:to='lab_AccountingChangesReportFairlyPresents' xlink:type='arc' />
<link:loc xlink:href='seccert-2008-03-31.xsd#seccert_EntityFilesUnderBankruptcyCodeReportFairlyPresents' xlink:label='loc_EntityFilesUnderBankruptcyCodeReportFairlyPresents' xlink:type='locator' />
<link:label xlink:label='lab_EntityFilesUnderBankruptcyCodeReportFairlyPresents' xlink:role='http://www.xbrl.org/2003/role/documentation' xlink:type='resource' xml:lang='en-US'>Entity Filed under Bankruptcy Code. The explanation may be applied in various situations. For example, where the principal officer 1) does or does not attest to the statement that no covered report a) contained an untrue statement of material fact or b) omitted to state a material fact necessary to make the covered report not misleading but have the exception or 2) is unable to attest that the financial statements and other financial information included in the report, fairly presents in all material respects the financial condition and results of operations of the issuer as of, and for, the periods presented in the report.</link:label>
<link:labelArc order='1.0' xlink:arcrole='http://www.xbrl.org/2003/arcrole/concept-label' xlink:from='loc_EntityFilesUnderBankruptcyCodeReportFairlyPresents' xlink:to='lab_EntityFilesUnderBankruptcyCodeReportFairlyPresents' xlink:type='arc' />
<link:loc xlink:href='seccert-2008-03-31.xsd#seccert_FormerManagementProvidedUnreliableInformationReportFairlyPresents' xlink:label='loc_FormerManagementProvidedUnreliableInformationReportFairlyPresents' xlink:type='locator' />
<link:label xlink:label='lab_FormerManagementProvidedUnreliableInformationReportFairlyPresents' xlink:role='http://www.xbrl.org/2003/role/documentation' xlink:type='resource' xml:lang='en-US'>Former management provided unreliable information. The explanation may be applied in various situations. For example, where the principal officer 1) does or does not attest to the statement that no covered report a) contained an untrue statement of material fact or b) omitted to state a material fact necessary to make the covered report not misleading but have the exception or 2) is unable to attest that the financial statements and other financial information included in the report, fairly presents in all material respects the financial condition and results of operations of the issuer as of, and for, the periods presented in the report.</link:label>
<link:labelArc order='1.0' xlink:arcrole='http://www.xbrl.org/2003/arcrole/concept-label' xlink:from='loc_FormerManagementProvidedUnreliableInformationReportFairlyPresents' xlink:to='lab_FormerManagementProvidedUnreliableInformationReportFairlyPresents' xlink:type='arc' />
<link:loc xlink:href='seccert-2008-03-31.xsd#seccert_IndependentAuditNotCompletedReportFairlyPresents' xlink:label='loc_IndependentAuditNotCompletedReportFairlyPresents' xlink:type='locator' />
<link:label xlink:label='lab_IndependentAuditNotCompletedReportFairlyPresents' xlink:role='http://www.xbrl.org/2003/role/documentation' xlink:type='resource' xml:lang='en-US'>The independent audit has not been completed. The explanation may be applied in various situations. For example, where the principal officer 1) does or does not attest to the statement that no covered report a) contained an untrue statement of material fact or b) omitted to state a material fact necessary to make the covered report not misleading but have the exception or 2) is unable to attest that the financial statements and other financial information included in the report, fairly presents in all material respects the financial condition and results of operations of the issuer as of, and for, the periods presented in the report.</link:label>
<link:labelArc order='1.0' xlink:arcrole='http://www.xbrl.org/2003/arcrole/concept-label' xlink:from='loc_IndependentAuditNotCompletedReportFairlyPresents' xlink:to='lab_IndependentAuditNotCompletedReportFairlyPresents' xlink:type='arc' />
<link:loc xlink:href='seccert-2008-03-31.xsd#seccert_IndependentQuarterlyReviewHasNotBeenCompletedReportFairlyPresents' xlink:label='loc_IndependentQuarterlyReviewHasNotBeenCompletedReportFairlyPresents' xlink:type='locator' />
<link:label xlink:label='lab_IndependentQuarterlyReviewHasNotBeenCompletedReportFairlyPresents' xlink:role='http://www.xbrl.org/2003/role/documentation' xlink:type='resource' xml:lang='en-US'>Independent quarterly review has not been completed. The explanation may be applied in various situations. For example, where the principal officer 1) does or does not attest to the statement that no covered report a) contained an untrue statement of material fact or b) omitted to state a material fact necessary to make the covered report not misleading but have the exception or 2) is unable to attest that the financial statements and other financial information included in the report, fairly presents in all material respects the financial condition and results of operations of the issuer as of, and for, the periods presented in the report.</link:label>
<link:labelArc order='1.0' xlink:arcrole='http://www.xbrl.org/2003/arcrole/concept-label' xlink:from='loc_IndependentQuarterlyReviewHasNotBeenCompletedReportFairlyPresents' xlink:to='lab_IndependentQuarterlyReviewHasNotBeenCompletedReportFairlyPresents' xlink:type='arc' />
<link:loc xlink:href='seccert-2008-03-31.xsd#seccert_InternalReviewOfDisclosureControlsAndProceduresNotCompletedReportFairlyPresents' xlink:label='loc_InternalReviewOfDisclosureControlsAndProceduresNotCompletedReportFairlyPresents' xlink:type='locator' />
<link:label xlink:label='lab_InternalReviewOfDisclosureControlsAndProceduresNotCompletedReportFairlyPresents' xlink:role='http://www.xbrl.org/2003/role/documentation' xlink:type='resource' xml:lang='en-US'>Management has not completed its internal review of their disclosure controls and procedures. The explanation may be applied in various situations. For example, where the principal officer 1) does or does not attest to the statement that no covered report a) contained an untrue statement of material fact or b) omitted to state a material fact necessary to make the covered report not misleading but have the exception or 2) is unable to attest that the financial statements and other financial information included in the report, fairly presents in all material respects the financial condition and results of operations of the issuer as of, and for, the periods presented in the report.</link:label>
<link:labelArc order='1.0' xlink:arcrole='http://www.xbrl.org/2003/arcrole/concept-label' xlink:from='loc_InternalReviewOfDisclosureControlsAndProceduresNotCompletedReportFairlyPresents' xlink:to='lab_InternalReviewOfDisclosureControlsAndProceduresNotCompletedReportFairlyPresents' xlink:type='arc' />
<link:loc xlink:href='seccert-2008-03-31.xsd#seccert_InternalReviewOfFinancialStatementsAndAccountingPoliciesNotCompletedReportFairlyPresents' xlink:label='loc_InternalReviewOfFinancialStatementsAndAccountingPoliciesNotCompletedReportFairlyPresents' xlink:type='locator' />
<link:label xlink:label='lab_InternalReviewOfFinancialStatementsAndAccountingPoliciesNotCompletedReportFairlyPresents' xlink:role='http://www.xbrl.org/2003/role/documentation' xlink:type='resource' xml:lang='en-US'>Management has not completed its internal review of their financial statements and accounting policies and practices. The explanation may be applied in various situations. For example, where the principal officer 1) does or does not attest to the statement that no covered report a) contained an untrue statement of material fact or b) omitted to state a material fact necessary to make the covered report not misleading but have the exception or 2) is unable to attest that the financial statements and other financial information included in the report, fairly presents in all material respects the financial condition and results of operations of the issuer as of, and for, the periods presented in the report.</link:label>
<link:labelArc order='1.0' xlink:arcrole='http://www.xbrl.org/2003/arcrole/concept-label' xlink:from='loc_InternalReviewOfFinancialStatementsAndAccountingPoliciesNotCompletedReportFairlyPresents' xlink:to='lab_InternalReviewOfFinancialStatementsAndAccountingPoliciesNotCompletedReportFairlyPresents' xlink:type='arc' />
<link:loc xlink:href='seccert-2008-03-31.xsd#seccert_InternalReviewOfInternalControlsNotCompletedReportFairlyPresents' xlink:label='loc_InternalReviewOfInternalControlsNotCompletedReportFairlyPresents' xlink:type='locator' />
<link:label xlink:label='lab_InternalReviewOfInternalControlsNotCompletedReportFairlyPresents' xlink:role='http://www.xbrl.org/2003/role/documentation' xlink:type='resource' xml:lang='en-US'>Management has not completed its internal review of their internal controls. The explanation may be applied in various situations. For example, where the principal officer 1) does or does not attest to the statement that no covered report a) contained an untrue statement of material fact or b) omitted to state a material fact necessary to make the covered report not misleading but have the exception or 2) is unable to attest that the financial statements and other financial information included in the report, fairly presents in all material respects the financial condition and results of operations of the issuer as of, and for, the periods presented in the report.</link:label>
<link:labelArc order='1.0' xlink:arcrole='http://www.xbrl.org/2003/arcrole/concept-label' xlink:from='loc_InternalReviewOfInternalControlsNotCompletedReportFairlyPresents' xlink:to='lab_InternalReviewOfInternalControlsNotCompletedReportFairlyPresents' xlink:type='arc' />
<link:loc xlink:href='seccert-2008-03-31.xsd#seccert_SecuritiesExchangeCommissionInvestigationReportFairlyPresents' xlink:label='loc_SecuritiesExchangeCommissionInvestigationReportFairlyPresents' xlink:type='locator' />
<link:label xlink:label='lab_SecuritiesExchangeCommissionInvestigationReportFairlyPresents' xlink:role='http://www.xbrl.org/2003/role/documentation' xlink:type='resource' xml:lang='en-US'>The SEC is investigating certain facts and circumstance that may lead principal executive management unable to attest that the covered reports contain no untrue statements or omitted material facts. The explanation may be applied in various situations. For example, where the principal officer 1) does or does not attest to the statement that no covered report a) contained an untrue statement of material fact or b) omitted to state a material fact necessary to make the covered report not misleading but have the exception or 2) is unable to attest that the financial statements and other financial information included in the report, fairly presents in all material respects the financial condition and results of operations of the issuer as of, and for, the periods presented in the report.</link:label>
<link:labelArc order='1.0' xlink:arcrole='http://www.xbrl.org/2003/arcrole/concept-label' xlink:from='loc_SecuritiesExchangeCommissionInvestigationReportFairlyPresents' xlink:to='lab_SecuritiesExchangeCommissionInvestigationReportFairlyPresents' xlink:type='arc' />
<link:loc xlink:href='seccert-2008-03-31.xsd#seccert_SpecialCommitteeInvestigationReportFairlyPresents' xlink:label='loc_SpecialCommitteeInvestigationReportFairlyPresents' xlink:type='locator' />
<link:label xlink:label='lab_SpecialCommitteeInvestigationReportFairlyPresents' xlink:role='http://www.xbrl.org/2003/role/documentation' xlink:type='resource' xml:lang='en-US'>The entity developed a special action committee to investigate certain facts and circumstance that may lead principal executive management unable to attest that the covered reports contain no untrue statements or omitted material facts. The explanation may be applied in various situations. For example, where the principal officer 1) does or does not attest to the statement that no covered report a) contained an untrue statement of material fact or b) omitted to state a material fact necessary to make the covered report not misleading but have the exception or 2) is unable to attest that the financial statements and other financial information included in the report, fairly presents in all material respects the financial condition and results of operations of the issuer as of, and for, the periods presented in the report.</link:label>
<link:labelArc order='1.0' xlink:arcrole='http://www.xbrl.org/2003/arcrole/concept-label' xlink:from='loc_SpecialCommitteeInvestigationReportFairlyPresents' xlink:to='lab_SpecialCommitteeInvestigationReportFairlyPresents' xlink:type='arc' />
<link:loc xlink:href='seccert-2008-03-31.xsd#seccert_ResponsibilityOfDisclosureControlsAndProcedures' xlink:label='loc_ResponsibilityOfDisclosureControlsAndProcedures' xlink:type='locator' />
<link:label xlink:label='lab_ResponsibilityOfDisclosureControlsAndProcedures' xlink:role='http://www.xbrl.org/2003/role/documentation' xlink:type='resource' xml:lang='en-US'>Statement by the principal officer that he/she and the other certifying officers are responsible for establishing and maintaining "disclosure controls and procedures" for the issuer.</link:label>
<link:labelArc order='1.0' xlink:arcrole='http://www.xbrl.org/2003/arcrole/concept-label' xlink:from='loc_ResponsibilityOfDisclosureControlsAndProcedures' xlink:to='lab_ResponsibilityOfDisclosureControlsAndProcedures' xlink:type='arc' />
<link:loc xlink:href='seccert-2008-03-31.xsd#seccert_SignificantDeficienciesInInternalControls' xlink:label='loc_SignificantDeficienciesInInternalControls' xlink:type='locator' />
<link:label xlink:label='lab_SignificantDeficienciesInInternalControls' xlink:role='http://www.xbrl.org/2003/role/documentation' xlink:type='resource' xml:lang='en-US'>Statement by the principal officer that he/she and the other certifying officers have disclose to the issuer's auditors and to the audit committee of the board of directors (or equivalent) all significant deficiencies in the design or operations of internal controls which could adversely affect the issuer's ability to record, process, summarize and report financial data and have identified for the issuer's auditors any material weaknesses in internal control.</link:label>
<link:labelArc order='1.0' xlink:arcrole='http://www.xbrl.org/2003/arcrole/concept-label' xlink:from='loc_SignificantDeficienciesInInternalControls' xlink:to='lab_SignificantDeficienciesInInternalControls' xlink:type='arc' />
<link:loc xlink:href='seccert-2008-03-31.xsd#seccert_TitleOfCertificationReport' xlink:label='loc_TitleOfCertificationReport' xlink:type='locator' />
<link:label xlink:label='lab_TitleOfCertificationReport' xlink:role='http://www.xbrl.org/2003/role/documentation' xlink:type='resource' xml:lang='en-US'>The title of SEC order of sworn statement by the principle executive officer of an entity certifying its financial statements.</link:label>
<link:labelArc order='1.0' xlink:arcrole='http://www.xbrl.org/2003/arcrole/concept-label' xlink:from='loc_TitleOfCertificationReport' xlink:to='lab_TitleOfCertificationReport' xlink:type='arc' />
<link:loc xlink:href='seccert-2008-03-31.xsd#seccert_UnableToAttestThatNoUntrueStatementsOrOmittedMaterialFactsExist' xlink:label='loc_UnableToAttestThatNoUntrueStatementsOrOmittedMaterialFactsExist' xlink:type='locator' />
<link:label xlink:label='lab_UnableToAttestThatNoUntrueStatementsOrOmittedMaterialFactsExist' xlink:role='http://www.xbrl.org/2003/role/documentation' xlink:type='resource' xml:lang='en-US'>Principal officer statement that he/she is unable to attest that no covered report 1) contained an untrue statement of material fact or 2) omitted to state a material fact necessary to make the covered report not misleading.</link:label>
<link:labelArc order='1.0' xlink:arcrole='http://www.xbrl.org/2003/arcrole/concept-label' xlink:from='loc_UnableToAttestThatNoUntrueStatementsOrOmittedMaterialFactsExist' xlink:to='lab_UnableToAttestThatNoUntrueStatementsOrOmittedMaterialFactsExist' xlink:type='arc' />
<link:loc xlink:href='seccert-2008-03-31.xsd#seccert_UnableToAttestThatReportFairlyPresentsInAllMaterialRespectsFinancialConditionAndResultsOfOperations' xlink:label='loc_UnableToAttestThatReportFairlyPresentsInAllMaterialRespectsFinancialConditionAndResultsOfOperations' xlink:type='locator' />
<link:label xlink:label='lab_UnableToAttestThatReportFairlyPresentsInAllMaterialRespectsFinancialConditionAndResultsOfOperations' xlink:role='http://www.xbrl.org/2003/role/documentation' xlink:type='resource' xml:lang='en-US'>Principal officer is unable to attest that the financial statements and other financial information included in the report, fairly presents in all material respects the financial condition and results of operations of the issuer as of, and for, the periods presented in the report.</link:label>
<link:labelArc order='1.0' xlink:arcrole='http://www.xbrl.org/2003/arcrole/concept-label' xlink:from='loc_UnableToAttestThatReportFairlyPresentsInAllMaterialRespectsFinancialConditionAndResultsOfOperations' xlink:to='lab_UnableToAttestThatReportFairlyPresentsInAllMaterialRespectsFinancialConditionAndResultsOfOperations' xlink:type='arc' />
<link:loc xlink:href='seccert-2008-03-31.xsd#seccert_UnableToAttest' xlink:label='loc_UnableToAttest' xlink:type='locator' />
<link:label xlink:label='lab_UnableToAttest' xlink:role='http://www.xbrl.org/2003/role/documentation' xlink:type='resource' xml:lang='en-US'>Statement by Principal Officer indicating a status of unable to attest regarding reported issues</link:label>
<link:labelArc order='1.0' xlink:arcrole='http://www.xbrl.org/2003/arcrole/concept-label' xlink:from='loc_UnableToAttest' xlink:to='lab_UnableToAttest' xlink:type='arc' />
<link:loc xlink:href='seccert-2008-03-31.xsd#seccert_CertificationOfDisclosureToAuditorsAndAuditCommittee' xlink:label='loc_CertificationOfDisclosureToAuditorsAndAuditCommittee' xlink:type='locator' />
<link:label xlink:label='lab_CertificationOfDisclosureToAuditorsAndAuditCommittee' xlink:role='http://www.xbrl.org/2003/role/documentation' xlink:type='resource' xml:lang='en-US'>Statement by the principal officer and other certifying officers have indicated in the report whether or not there were significant changes in internal controls or in other factors that could significantly affect internal controls after the date of their evaluation, including any corrective actions with regard to significant deficiencies and material weaknesses.</link:label>
<link:labelArc order='1.0' xlink:arcrole='http://www.xbrl.org/2003/arcrole/concept-label' xlink:from='loc_CertificationOfDisclosureToAuditorsAndAuditCommittee' xlink:to='lab_CertificationOfDisclosureToAuditorsAndAuditCommittee' xlink:type='arc' />
<link:loc xlink:href='seccert-2008-03-31.xsd#seccert_SubsequentSignificantChangesOrOtherFactorsAffectingInternalControlUnableToAttest' xlink:label='loc_SubsequentSignificantChangesOrOtherFactorsAffectingInternalControlUnableToAttest' xlink:type='locator' />
<link:label xlink:label='lab_SubsequentSignificantChangesOrOtherFactorsAffectingInternalControlUnableToAttest' xlink:role='http://www.xbrl.org/2003/role/documentation' xlink:type='resource' xml:lang='en-US'>Statement by the principal officer that he/she and the other certifying officers have indicated in the report whether or not there were significant changes in internal controls or in other factors that could significantly affect internal controls after the date of their evaluation, including any corrective actions with regard to significant deficiencies and material weaknesses.</link:label>
<link:labelArc order='1.0' xlink:arcrole='http://www.xbrl.org/2003/arcrole/concept-label' xlink:from='loc_SubsequentSignificantChangesOrOtherFactorsAffectingInternalControlUnableToAttest' xlink:to='lab_SubsequentSignificantChangesOrOtherFactorsAffectingInternalControlUnableToAttest' xlink:type='arc' />
<link:loc xlink:href='seccert-2008-03-31.xsd#seccert_SubsequentSignificantChangesOrOtherFactorsAffectingInternalControlReportFairlyPresents' xlink:label='loc_SubsequentSignificantChangesOrOtherFactorsAffectingInternalControlReportFairlyPresents' xlink:type='locator' />
<link:label xlink:label='lab_SubsequentSignificantChangesOrOtherFactorsAffectingInternalControlReportFairlyPresents' xlink:role='http://www.xbrl.org/2003/role/documentation' xlink:type='resource' xml:lang='en-US'>Statement by the principal officer that he/she and the other certifying officers have indicated in the report whether or not there were significant changes in internal controls or in other factors that could significantly affect internal controls after the date of their evaluation, including any corrective actions with regard to significant deficiencies and material weaknesses.</link:label>
<link:labelArc order='1.0' xlink:arcrole='http://www.xbrl.org/2003/arcrole/concept-label' xlink:from='loc_SubsequentSignificantChangesOrOtherFactorsAffectingInternalControlReportFairlyPresents' xlink:to='lab_SubsequentSignificantChangesOrOtherFactorsAffectingInternalControlReportFairlyPresents' xlink:type='arc' />
<link:loc xlink:href='seccert-2008-03-31.xsd#seccert_PrincipalOfficerDomain' xlink:label='loc_PrincipalOfficerDomain' xlink:type='locator' />
<link:label xlink:label='lab_PrincipalOfficerDomain' xlink:role='http://www.xbrl.org/2003/role/documentation' xlink:type='resource' xml:lang='en-US'>Principal Officer</link:label>
<link:labelArc order='1.0' xlink:arcrole='http://www.xbrl.org/2003/arcrole/concept-label' xlink:from='loc_PrincipalOfficerDomain' xlink:to='lab_PrincipalOfficerDomain' xlink:type='arc' />
<link:loc xlink:href='seccert-2008-03-31.xsd#seccert_OtherFactsAndCircumstancesUnableToAttest' xlink:label='loc_OtherFactsAndCircumstancesUnableToAttest' xlink:type='locator' />
<link:label xlink:label='lab_OtherFactsAndCircumstancesUnableToAttest' xlink:role='http://www.xbrl.org/2003/role/documentation' xlink:type='resource' xml:lang='en-US'>Other facts and circumstances. The explanation may be applied in various situations. For example, where the principal officer 1) does or does not attest to the statement that no covered report a) contained an untrue statement of material fact or b) omitted to state a material fact necessary to make the covered report not misleading but have the exception or 2) is unable to attest that the financial statements and other financial information included in the report, fairly presents in all material respects the financial condition and results of operations of the issuer as of, and for, the periods presented in the report.</link:label>
<link:labelArc order='1.0' xlink:arcrole='http://www.xbrl.org/2003/arcrole/concept-label' xlink:from='loc_OtherFactsAndCircumstancesUnableToAttest' xlink:to='lab_OtherFactsAndCircumstancesUnableToAttest' xlink:type='arc' />
<link:loc xlink:href='seccert-2008-03-31.xsd#seccert_PrincipalOfficerName' xlink:label='loc_PrincipalOfficerName' xlink:type='locator' />
<link:label xlink:label='lab_PrincipalOfficerName' xlink:role='http://www.xbrl.org/2003/role/documentation' xlink:type='resource' xml:lang='en-US'>Name of principal officer.</link:label>
<link:labelArc order='1.0' xlink:arcrole='http://www.xbrl.org/2003/arcrole/concept-label' xlink:from='loc_PrincipalOfficerName' xlink:to='lab_PrincipalOfficerName' xlink:type='arc' />
<link:loc xlink:href='seccert-2008-03-31.xsd#seccert_PrincipalOfficerSignature' xlink:label='loc_PrincipalOfficerSignature' xlink:type='locator' />
<link:label xlink:label='lab_PrincipalOfficerSignature' xlink:role='http://www.xbrl.org/2003/role/documentation' xlink:type='resource' xml:lang='en-US'>Signature of principal officer.</link:label>
<link:labelArc order='1.0' xlink:arcrole='http://www.xbrl.org/2003/arcrole/concept-label' xlink:from='loc_PrincipalOfficerSignature' xlink:to='lab_PrincipalOfficerSignature' xlink:type='arc' />
<link:loc xlink:href='seccert-2008-03-31.xsd#seccert_OtherFactsAndCircumstancesReportFairlyPresents' xlink:label='loc_OtherFactsAndCircumstancesReportFairlyPresents' xlink:type='locator' />
<link:label xlink:label='lab_OtherFactsAndCircumstancesReportFairlyPresents' xlink:role='http://www.xbrl.org/2003/role/documentation' xlink:type='resource' xml:lang='en-US'>Other facts and circumstances. The explanation may be applied in various situations. For example, where the principal officer 1) does or does not attest to the statement that no covered report a) contained an untrue statement of material fact or b) omitted to state a material fact necessary to make the covered report not misleading but have the exception or 2) is unable to attest that the financial statements and other financial information included in the report, fairly presents in all material respects the financial condition and results of operations of the issuer as of, and for, the periods presented in the report.</link:label>
<link:labelArc order='1.0' xlink:arcrole='http://www.xbrl.org/2003/arcrole/concept-label' xlink:from='loc_OtherFactsAndCircumstancesReportFairlyPresents' xlink:to='lab_OtherFactsAndCircumstancesReportFairlyPresents' xlink:type='arc' />
<link:loc xlink:href='seccert-2008-03-31.xsd#seccert_CertificationOfDisclosures' xlink:label='loc_CertificationOfDisclosures' xlink:type='locator' />
<link:label xlink:label='lab_CertificationOfDisclosures' xlink:role='http://www.xbrl.org/2003/role/documentation' xlink:type='resource' xml:lang='en-US'>Written assertion issued by the principal executive and principal financial officers that the information in the filing is free from material misstatement based on their reviews performed in accordance with SEC requirements pertaining thereto.</link:label>
<link:labelArc order='1.0' xlink:arcrole='http://www.xbrl.org/2003/arcrole/concept-label' xlink:from='loc_CertificationOfDisclosures' xlink:to='lab_CertificationOfDisclosures' xlink:type='arc' />
<link:loc xlink:href='seccert-2008-03-31.xsd#seccert_PrincipalOfficersLineItems' xlink:label='loc_PrincipalOfficersLineItems' xlink:type='locator' />
<link:label xlink:label='lab_PrincipalOfficersLineItems' xlink:role='http://www.xbrl.org/2003/role/documentation' xlink:type='resource' xml:lang='en-US'>Container for information about the Principal Officer</link:label>
<link:labelArc order='1.0' xlink:arcrole='http://www.xbrl.org/2003/arcrole/concept-label' xlink:from='loc_PrincipalOfficersLineItems' xlink:to='lab_PrincipalOfficersLineItems' xlink:type='arc' />
<link:loc xlink:href='seccert-2008-03-31.xsd#seccert_PrincipalOfficersPrincipalOfficerAxis' xlink:label='loc_PrincipalOfficersPrincipalOfficerAxis' xlink:type='locator' />
<link:label xlink:label='lab_PrincipalOfficersPrincipalOfficerAxis' xlink:role='http://www.xbrl.org/2003/role/documentation' xlink:type='resource' xml:lang='en-US'>The axis of a table defines the relationship between the domain members or categories in the table and the line items or concepts that complete the table.</link:label>
<link:labelArc order='1.0' xlink:arcrole='http://www.xbrl.org/2003/arcrole/concept-label' xlink:from='loc_PrincipalOfficersPrincipalOfficerAxis' xlink:to='lab_PrincipalOfficersPrincipalOfficerAxis' xlink:type='arc' />
<link:loc xlink:href='seccert-2008-03-31.xsd#seccert_PrincipalOfficersTable' xlink:label='loc_PrincipalOfficersTable' xlink:type='locator' />
<link:label xlink:label='lab_PrincipalOfficersTable' xlink:role='http://www.xbrl.org/2003/role/documentation' xlink:type='resource' xml:lang='en-US'>Container for information about the Principal Officer</link:label>
<link:labelArc order='1.0' xlink:arcrole='http://www.xbrl.org/2003/arcrole/concept-label' xlink:from='loc_PrincipalOfficersTable' xlink:to='lab_PrincipalOfficersTable' xlink:type='arc' />
</link:labelLink>
</link:linkbase>
