<?xml version="1.0" encoding="UTF-8" standalone="no"?>

<!--
Copyright (C) 2007, 2008 XBRL US, Inc. All Rights Reserved.
Authorized Uses are Set Forth at http://xbrl.us/legal
  -->
<linkbase xmlns='http://www.xbrl.org/2003/linkbase' xmlns:link='http://www.xbrl.org/2003/linkbase' xmlns:xlink='http://www.w3.org/1999/xlink' xmlns:xsi='http://www.w3.org/2001/XMLSchema-instance' xsi:schemaLocation='http://www.xbrl.org/2003/linkbase http://www.xbrl.org/2003/xbrl-linkbase-2003-12-31.xsd'>
<link:roleRef roleURI='http://xbrl.us/us-gaap/role/document/SECCertification' xlink:href='../elts/us-roles-2008-03-31.xsd#sec-cert' xlink:type='simple' />
<link:presentationLink xlink:role='http://xbrl.us/us-gaap/role/document/SECCertification' xlink:type='extended'>
<link:loc xlink:href='seccert-2008-03-31.xsd#seccert_OfficersCertificationOfFinancialStatements' xlink:label='loc_OfficersCertificationOfFinancialStatements' xlink:type='locator' />
<link:loc xlink:href='seccert-2008-03-31.xsd#seccert_TitleOfCertificationReport' xlink:label='loc_TitleOfCertificationReport' xlink:type='locator' />
<link:loc xlink:href='seccert-2008-03-31.xsd#seccert_CertificationOfDisclosures' xlink:label='loc_CertificationOfDisclosures' xlink:type='locator' />
<link:loc xlink:href='seccert-2008-03-31.xsd#seccert_AbleToAttest' xlink:label='loc_AbleToAttest' xlink:type='locator' />
<link:loc xlink:href='seccert-2008-03-31.xsd#seccert_AttestationOfNoUntrueStatementOrOmittedMaterialFact' xlink:label='loc_AttestationOfNoUntrueStatementOrOmittedMaterialFact' xlink:type='locator' />
<link:loc xlink:href='seccert-2008-03-31.xsd#seccert_AttestationOfNoUntrueStatementOrOmittedMaterialFactAttestationOfNoUntrueStatement' xlink:label='loc_AttestationOfNoUntrueStatementOrOmittedMaterialFactAttestationOfNoUntrueStatement' xlink:type='locator' />
<link:loc xlink:href='seccert-2008-03-31.xsd#seccert_AttestationOfNoUntrueStatementOrOmittedMaterialFactAttestationOfNoOmittedMaterialFact' xlink:label='loc_AttestationOfNoUntrueStatementOrOmittedMaterialFactAttestationOfNoOmittedMaterialFact' xlink:type='locator' />
<link:loc xlink:href='seccert-2008-03-31.xsd#seccert_AttestationThatReportFairlyPresentsInAllMaterialRespectsFinancialConditionAndResultsOfOperations' xlink:label='loc_AttestationThatReportFairlyPresentsInAllMaterialRespectsFinancialConditionAndResultsOfOperations' xlink:type='locator' />
<link:loc xlink:href='seccert-2008-03-31.xsd#seccert_UnableToAttest' xlink:label='loc_UnableToAttest' xlink:type='locator' />
<link:loc xlink:href='seccert-2008-03-31.xsd#seccert_UnableToAttestThatReportFairlyPresentsInAllMaterialRespectsFinancialConditionAndResultsOfOperations' xlink:label='loc_UnableToAttestThatReportFairlyPresentsInAllMaterialRespectsFinancialConditionAndResultsOfOperations' xlink:type='locator' />
<link:loc xlink:href='seccert-2008-03-31.xsd#seccert_SubsequentSignificantChangesOrOtherFactorsAffectingInternalControlReportFairlyPresents' xlink:label='loc_SubsequentSignificantChangesOrOtherFactorsAffectingInternalControlReportFairlyPresents' xlink:type='locator' />
<link:loc xlink:href='seccert-2008-03-31.xsd#seccert_EntityFilesUnderBankruptcyCodeReportFairlyPresents' xlink:label='loc_EntityFilesUnderBankruptcyCodeReportFairlyPresents' xlink:type='locator' />
<link:loc xlink:href='seccert-2008-03-31.xsd#seccert_SecuritiesExchangeCommissionInvestigationReportFairlyPresents' xlink:label='loc_SecuritiesExchangeCommissionInvestigationReportFairlyPresents' xlink:type='locator' />
<link:loc xlink:href='seccert-2008-03-31.xsd#seccert_SpecialCommitteeInvestigationReportFairlyPresents' xlink:label='loc_SpecialCommitteeInvestigationReportFairlyPresents' xlink:type='locator' />
<link:loc xlink:href='seccert-2008-03-31.xsd#seccert_FormerManagementProvidedUnreliableInformationReportFairlyPresents' xlink:label='loc_FormerManagementProvidedUnreliableInformationReportFairlyPresents' xlink:type='locator' />
<link:loc xlink:href='seccert-2008-03-31.xsd#seccert_IndependentQuarterlyReviewHasNotBeenCompletedReportFairlyPresents' xlink:label='loc_IndependentQuarterlyReviewHasNotBeenCompletedReportFairlyPresents' xlink:type='locator' />
<link:loc xlink:href='seccert-2008-03-31.xsd#seccert_IndependentAuditNotCompletedReportFairlyPresents' xlink:label='loc_IndependentAuditNotCompletedReportFairlyPresents' xlink:type='locator' />
<link:loc xlink:href='seccert-2008-03-31.xsd#seccert_InternalReviewOfDisclosureControlsAndProceduresNotCompletedReportFairlyPresents' xlink:label='loc_InternalReviewOfDisclosureControlsAndProceduresNotCompletedReportFairlyPresents' xlink:type='locator' />
<link:loc xlink:href='seccert-2008-03-31.xsd#seccert_InternalReviewOfInternalControlsNotCompletedReportFairlyPresents' xlink:label='loc_InternalReviewOfInternalControlsNotCompletedReportFairlyPresents' xlink:type='locator' />
<link:loc xlink:href='seccert-2008-03-31.xsd#seccert_InternalReviewOfFinancialStatementsAndAccountingPoliciesNotCompletedReportFairlyPresents' xlink:label='loc_InternalReviewOfFinancialStatementsAndAccountingPoliciesNotCompletedReportFairlyPresents' xlink:type='locator' />
<link:loc xlink:href='seccert-2008-03-31.xsd#seccert_AccountingChangesReportFairlyPresents' xlink:label='loc_AccountingChangesReportFairlyPresents' xlink:type='locator' />
<link:loc xlink:href='seccert-2008-03-31.xsd#seccert_OtherFactsAndCircumstancesReportFairlyPresents' xlink:label='loc_OtherFactsAndCircumstancesReportFairlyPresents' xlink:type='locator' />
<link:loc xlink:href='seccert-2008-03-31.xsd#seccert_UnableToAttestThatNoUntrueStatementsOrOmittedMaterialFactsExist' xlink:label='loc_UnableToAttestThatNoUntrueStatementsOrOmittedMaterialFactsExist' xlink:type='locator' />
<link:loc xlink:href='seccert-2008-03-31.xsd#seccert_SubsequentSignificantChangesOrOtherFactorsAffectingInternalControlUnableToAttest' xlink:label='loc_SubsequentSignificantChangesOrOtherFactorsAffectingInternalControlUnableToAttest' xlink:type='locator' />
<link:loc xlink:href='seccert-2008-03-31.xsd#seccert_EntityFilesUnderBankruptcyCodeUnableToAttest' xlink:label='loc_EntityFilesUnderBankruptcyCodeUnableToAttest' xlink:type='locator' />
<link:loc xlink:href='seccert-2008-03-31.xsd#seccert_SecuritiesExchangeCommissionInvestigationUnableToAttest' xlink:label='loc_SecuritiesExchangeCommissionInvestigationUnableToAttest' xlink:type='locator' />
<link:loc xlink:href='seccert-2008-03-31.xsd#seccert_SpecialCommitteeInvestigationUnableToAttest' xlink:label='loc_SpecialCommitteeInvestigationUnableToAttest' xlink:type='locator' />
<link:loc xlink:href='seccert-2008-03-31.xsd#seccert_FormerManagementProvidedUnreliableInformationUnableToAttest' xlink:label='loc_FormerManagementProvidedUnreliableInformationUnableToAttest' xlink:type='locator' />
<link:loc xlink:href='seccert-2008-03-31.xsd#seccert_IndependentQuarterlyReviewHasNotBeenCompletedUnableToAttest' xlink:label='loc_IndependentQuarterlyReviewHasNotBeenCompletedUnableToAttest' xlink:type='locator' />
<link:loc xlink:href='seccert-2008-03-31.xsd#seccert_IndependentAuditNotCompletedUnableToAttest' xlink:label='loc_IndependentAuditNotCompletedUnableToAttest' xlink:type='locator' />
<link:loc xlink:href='seccert-2008-03-31.xsd#seccert_InternalReviewOfDisclosureControlsAndProceduresNotCompletedUnableToAttest' xlink:label='loc_InternalReviewOfDisclosureControlsAndProceduresNotCompletedUnableToAttest' xlink:type='locator' />
<link:loc xlink:href='seccert-2008-03-31.xsd#seccert_InternalReviewOfInternalControlsNotCompletedUnableToAttest' xlink:label='loc_InternalReviewOfInternalControlsNotCompletedUnableToAttest' xlink:type='locator' />
<link:loc xlink:href='seccert-2008-03-31.xsd#seccert_InternalReviewOfFinancialStatementsAndAccountingPoliciesNotCompletedUnableToAttest' xlink:label='loc_InternalReviewOfFinancialStatementsAndAccountingPoliciesNotCompletedUnableToAttest' xlink:type='locator' />
<link:loc xlink:href='seccert-2008-03-31.xsd#seccert_AccountingChangesUnableToAttest' xlink:label='loc_AccountingChangesUnableToAttest' xlink:type='locator' />
<link:loc xlink:href='seccert-2008-03-31.xsd#seccert_OtherFactsAndCircumstancesUnableToAttest' xlink:label='loc_OtherFactsAndCircumstancesUnableToAttest' xlink:type='locator' />
<link:loc xlink:href='seccert-2008-03-31.xsd#seccert_CertificationOfDisclosureControlsAndProcedures' xlink:label='loc_CertificationOfDisclosureControlsAndProcedures' xlink:type='locator' />
<link:loc xlink:href='seccert-2008-03-31.xsd#seccert_ResponsibilityOfDisclosureControlsAndProcedures' xlink:label='loc_ResponsibilityOfDisclosureControlsAndProcedures' xlink:type='locator' />
<link:loc xlink:href='seccert-2008-03-31.xsd#seccert_CertificationOfDisclosureControlsAndProceduresDesignOfDisclosureControlsAndProceduresInformsOfficerOfMaterialInformation' xlink:label='loc_CertificationOfDisclosureControlsAndProceduresDesignOfDisclosureControlsAndProceduresInformsOfficerOfMaterialInformation' xlink:type='locator' />
<link:loc xlink:href='seccert-2008-03-31.xsd#seccert_EvaluationOfDisclosureControlsAndProceduresEffectiveness' xlink:label='loc_EvaluationOfDisclosureControlsAndProceduresEffectiveness' xlink:type='locator' />
<link:loc xlink:href='seccert-2008-03-31.xsd#seccert_PresentedConclusionsOnEffectivenessOfDisclosureControlsAndProceduresInReport' xlink:label='loc_PresentedConclusionsOnEffectivenessOfDisclosureControlsAndProceduresInReport' xlink:type='locator' />
<link:loc xlink:href='seccert-2008-03-31.xsd#seccert_CertificationOfDisclosureToAuditorsAndAuditCommittee' xlink:label='loc_CertificationOfDisclosureToAuditorsAndAuditCommittee' xlink:type='locator' />
<link:loc xlink:href='seccert-2008-03-31.xsd#seccert_SignificantDeficienciesInInternalControls' xlink:label='loc_SignificantDeficienciesInInternalControls' xlink:type='locator' />
<link:loc xlink:href='seccert-2008-03-31.xsd#seccert_FraudMatters' xlink:label='loc_FraudMatters' xlink:type='locator' />
<link:loc xlink:href='seccert-2008-03-31.xsd#seccert_AnnualFinancialStatementsToBeRestated' xlink:label='loc_AnnualFinancialStatementsToBeRestated' xlink:type='locator' />
<link:loc xlink:href='seccert-2008-03-31.xsd#seccert_AnnualFinancialStatementsNotCompleted' xlink:label='loc_AnnualFinancialStatementsNotCompleted' xlink:type='locator' />
<link:loc xlink:href='seccert-2008-03-31.xsd#seccert_NotaryPublic' xlink:label='loc_NotaryPublic' xlink:type='locator' />
<link:loc xlink:href='seccert-2008-03-31.xsd#seccert_NotaryPublicName' xlink:label='loc_NotaryPublicName' xlink:type='locator' />
<link:loc xlink:href='seccert-2008-03-31.xsd#seccert_NotaryPublicCommissionExpires' xlink:label='loc_NotaryPublicCommissionExpires' xlink:type='locator' />
<link:loc xlink:href='seccert-2008-03-31.xsd#seccert_ScheduleOfPrincipalOfficersTextBlock' xlink:label='loc_ScheduleOfPrincipalOfficersTextBlock' xlink:type='locator' />
<link:loc xlink:href='seccert-2008-03-31.xsd#seccert_PrincipalOfficersTable' xlink:label='loc_PrincipalOfficersTable' xlink:type='locator' />
<link:loc xlink:href='seccert-2008-03-31.xsd#seccert_PrincipalOfficersPrincipalOfficerAxis' xlink:label='loc_PrincipalOfficersPrincipalOfficerAxis' xlink:type='locator' />
<link:loc xlink:href='seccert-2008-03-31.xsd#seccert_PrincipalOfficerDomain' xlink:label='loc_PrincipalOfficerDomain' xlink:type='locator' />
<link:loc xlink:href='seccert-2008-03-31.xsd#seccert_PrincipalOfficersLineItems' xlink:label='loc_PrincipalOfficersLineItems' xlink:type='locator' />
<link:loc xlink:href='seccert-2008-03-31.xsd#seccert_PrincipalOfficerName' xlink:label='loc_PrincipalOfficerName' xlink:type='locator' />
<link:loc xlink:href='seccert-2008-03-31.xsd#seccert_PrincipalOfficerSignature' xlink:label='loc_PrincipalOfficerSignature' xlink:type='locator' />
<link:loc xlink:href='seccert-2008-03-31.xsd#seccert_PrincipalOfficerTitleOrPosition' xlink:label='loc_PrincipalOfficerTitleOrPosition' xlink:type='locator' />
<link:loc xlink:href='seccert-2008-03-31.xsd#seccert_PrincipalOfficerDateOfCertification' xlink:label='loc_PrincipalOfficerDateOfCertification' xlink:type='locator' />
<link:loc xlink:href='seccert-2008-03-31.xsd#seccert_PrincipalOfficerConfirmationOfReview' xlink:label='loc_PrincipalOfficerConfirmationOfReview' xlink:type='locator' />
<link:presentationArc order='1.0' xlink:arcrole='http://www.xbrl.org/2003/arcrole/parent-child' xlink:from='loc_OfficersCertificationOfFinancialStatements' xlink:to='loc_TitleOfCertificationReport' xlink:type='arc' />
<link:presentationArc order='2.0' xlink:arcrole='http://www.xbrl.org/2003/arcrole/parent-child' xlink:from='loc_OfficersCertificationOfFinancialStatements' xlink:to='loc_CertificationOfDisclosures' xlink:type='arc' />
<link:presentationArc order='3.0' xlink:arcrole='http://www.xbrl.org/2003/arcrole/parent-child' xlink:from='loc_OfficersCertificationOfFinancialStatements' xlink:to='loc_AbleToAttest' xlink:type='arc' />
<link:presentationArc order='4.0' xlink:arcrole='http://www.xbrl.org/2003/arcrole/parent-child' xlink:from='loc_OfficersCertificationOfFinancialStatements' xlink:to='loc_UnableToAttest' xlink:type='arc' />
<link:presentationArc order='5.0' xlink:arcrole='http://www.xbrl.org/2003/arcrole/parent-child' xlink:from='loc_OfficersCertificationOfFinancialStatements' xlink:to='loc_CertificationOfDisclosureControlsAndProcedures' xlink:type='arc' />
<link:presentationArc order='6.0' xlink:arcrole='http://www.xbrl.org/2003/arcrole/parent-child' xlink:from='loc_OfficersCertificationOfFinancialStatements' xlink:to='loc_CertificationOfDisclosureToAuditorsAndAuditCommittee' xlink:type='arc' />
<link:presentationArc order='7.0' xlink:arcrole='http://www.xbrl.org/2003/arcrole/parent-child' xlink:from='loc_OfficersCertificationOfFinancialStatements' xlink:to='loc_AnnualFinancialStatementsToBeRestated' xlink:type='arc' />
<link:presentationArc order='8.0' xlink:arcrole='http://www.xbrl.org/2003/arcrole/parent-child' xlink:from='loc_OfficersCertificationOfFinancialStatements' xlink:to='loc_AnnualFinancialStatementsNotCompleted' xlink:type='arc' />
<link:presentationArc order='9.0' xlink:arcrole='http://www.xbrl.org/2003/arcrole/parent-child' xlink:from='loc_OfficersCertificationOfFinancialStatements' xlink:to='loc_NotaryPublic' xlink:type='arc' />
<link:presentationArc order='10.0' xlink:arcrole='http://www.xbrl.org/2003/arcrole/parent-child' xlink:from='loc_OfficersCertificationOfFinancialStatements' xlink:to='loc_ScheduleOfPrincipalOfficersTextBlock' xlink:type='arc' />
<link:presentationArc order='1.0' xlink:arcrole='http://www.xbrl.org/2003/arcrole/parent-child' xlink:from='loc_AbleToAttest' xlink:to='loc_AttestationOfNoUntrueStatementOrOmittedMaterialFact' xlink:type='arc' />
<link:presentationArc order='2.0' xlink:arcrole='http://www.xbrl.org/2003/arcrole/parent-child' xlink:from='loc_AbleToAttest' xlink:to='loc_AttestationThatReportFairlyPresentsInAllMaterialRespectsFinancialConditionAndResultsOfOperations' xlink:type='arc' />
<link:presentationArc order='1.0' xlink:arcrole='http://www.xbrl.org/2003/arcrole/parent-child' xlink:from='loc_AttestationOfNoUntrueStatementOrOmittedMaterialFact' xlink:to='loc_AttestationOfNoUntrueStatementOrOmittedMaterialFactAttestationOfNoUntrueStatement' xlink:type='arc' />
<link:presentationArc order='2.0' xlink:arcrole='http://www.xbrl.org/2003/arcrole/parent-child' xlink:from='loc_AttestationOfNoUntrueStatementOrOmittedMaterialFact' xlink:to='loc_AttestationOfNoUntrueStatementOrOmittedMaterialFactAttestationOfNoOmittedMaterialFact' xlink:type='arc' />
<link:presentationArc order='1.0' xlink:arcrole='http://www.xbrl.org/2003/arcrole/parent-child' xlink:from='loc_UnableToAttest' xlink:to='loc_UnableToAttestThatReportFairlyPresentsInAllMaterialRespectsFinancialConditionAndResultsOfOperations' xlink:type='arc' />
<link:presentationArc order='2.0' xlink:arcrole='http://www.xbrl.org/2003/arcrole/parent-child' xlink:from='loc_UnableToAttest' xlink:to='loc_UnableToAttestThatNoUntrueStatementsOrOmittedMaterialFactsExist' xlink:type='arc' />
<link:presentationArc order='1.0' xlink:arcrole='http://www.xbrl.org/2003/arcrole/parent-child' xlink:from='loc_UnableToAttestThatReportFairlyPresentsInAllMaterialRespectsFinancialConditionAndResultsOfOperations' xlink:to='loc_SubsequentSignificantChangesOrOtherFactorsAffectingInternalControlReportFairlyPresents' xlink:type='arc' />
<link:presentationArc order='2.0' xlink:arcrole='http://www.xbrl.org/2003/arcrole/parent-child' xlink:from='loc_UnableToAttestThatReportFairlyPresentsInAllMaterialRespectsFinancialConditionAndResultsOfOperations' xlink:to='loc_EntityFilesUnderBankruptcyCodeReportFairlyPresents' xlink:type='arc' />
<link:presentationArc order='3.0' xlink:arcrole='http://www.xbrl.org/2003/arcrole/parent-child' xlink:from='loc_UnableToAttestThatReportFairlyPresentsInAllMaterialRespectsFinancialConditionAndResultsOfOperations' xlink:to='loc_SecuritiesExchangeCommissionInvestigationReportFairlyPresents' xlink:type='arc' />
<link:presentationArc order='4.0' xlink:arcrole='http://www.xbrl.org/2003/arcrole/parent-child' xlink:from='loc_UnableToAttestThatReportFairlyPresentsInAllMaterialRespectsFinancialConditionAndResultsOfOperations' xlink:to='loc_SpecialCommitteeInvestigationReportFairlyPresents' xlink:type='arc' />
<link:presentationArc order='5.0' xlink:arcrole='http://www.xbrl.org/2003/arcrole/parent-child' xlink:from='loc_UnableToAttestThatReportFairlyPresentsInAllMaterialRespectsFinancialConditionAndResultsOfOperations' xlink:to='loc_FormerManagementProvidedUnreliableInformationReportFairlyPresents' xlink:type='arc' />
<link:presentationArc order='6.0' xlink:arcrole='http://www.xbrl.org/2003/arcrole/parent-child' xlink:from='loc_UnableToAttestThatReportFairlyPresentsInAllMaterialRespectsFinancialConditionAndResultsOfOperations' xlink:to='loc_IndependentQuarterlyReviewHasNotBeenCompletedReportFairlyPresents' xlink:type='arc' />
<link:presentationArc order='7.0' xlink:arcrole='http://www.xbrl.org/2003/arcrole/parent-child' xlink:from='loc_UnableToAttestThatReportFairlyPresentsInAllMaterialRespectsFinancialConditionAndResultsOfOperations' xlink:to='loc_IndependentAuditNotCompletedReportFairlyPresents' xlink:type='arc' />
<link:presentationArc order='8.0' xlink:arcrole='http://www.xbrl.org/2003/arcrole/parent-child' xlink:from='loc_UnableToAttestThatReportFairlyPresentsInAllMaterialRespectsFinancialConditionAndResultsOfOperations' xlink:to='loc_InternalReviewOfDisclosureControlsAndProceduresNotCompletedReportFairlyPresents' xlink:type='arc' />
<link:presentationArc order='9.0' xlink:arcrole='http://www.xbrl.org/2003/arcrole/parent-child' xlink:from='loc_UnableToAttestThatReportFairlyPresentsInAllMaterialRespectsFinancialConditionAndResultsOfOperations' xlink:to='loc_InternalReviewOfInternalControlsNotCompletedReportFairlyPresents' xlink:type='arc' />
<link:presentationArc order='10.0' xlink:arcrole='http://www.xbrl.org/2003/arcrole/parent-child' xlink:from='loc_UnableToAttestThatReportFairlyPresentsInAllMaterialRespectsFinancialConditionAndResultsOfOperations' xlink:to='loc_InternalReviewOfFinancialStatementsAndAccountingPoliciesNotCompletedReportFairlyPresents' xlink:type='arc' />
<link:presentationArc order='11.0' xlink:arcrole='http://www.xbrl.org/2003/arcrole/parent-child' xlink:from='loc_UnableToAttestThatReportFairlyPresentsInAllMaterialRespectsFinancialConditionAndResultsOfOperations' xlink:to='loc_AccountingChangesReportFairlyPresents' xlink:type='arc' />
<link:presentationArc order='12.0' xlink:arcrole='http://www.xbrl.org/2003/arcrole/parent-child' xlink:from='loc_UnableToAttestThatReportFairlyPresentsInAllMaterialRespectsFinancialConditionAndResultsOfOperations' xlink:to='loc_OtherFactsAndCircumstancesReportFairlyPresents' xlink:type='arc' />
<link:presentationArc order='1.0' xlink:arcrole='http://www.xbrl.org/2003/arcrole/parent-child' xlink:from='loc_UnableToAttestThatNoUntrueStatementsOrOmittedMaterialFactsExist' xlink:to='loc_SubsequentSignificantChangesOrOtherFactorsAffectingInternalControlUnableToAttest' xlink:type='arc' />
<link:presentationArc order='2.0' xlink:arcrole='http://www.xbrl.org/2003/arcrole/parent-child' xlink:from='loc_UnableToAttestThatNoUntrueStatementsOrOmittedMaterialFactsExist' xlink:to='loc_EntityFilesUnderBankruptcyCodeUnableToAttest' xlink:type='arc' />
<link:presentationArc order='3.0' xlink:arcrole='http://www.xbrl.org/2003/arcrole/parent-child' xlink:from='loc_UnableToAttestThatNoUntrueStatementsOrOmittedMaterialFactsExist' xlink:to='loc_SecuritiesExchangeCommissionInvestigationUnableToAttest' xlink:type='arc' />
<link:presentationArc order='4.0' xlink:arcrole='http://www.xbrl.org/2003/arcrole/parent-child' xlink:from='loc_UnableToAttestThatNoUntrueStatementsOrOmittedMaterialFactsExist' xlink:to='loc_SpecialCommitteeInvestigationUnableToAttest' xlink:type='arc' />
<link:presentationArc order='5.0' xlink:arcrole='http://www.xbrl.org/2003/arcrole/parent-child' xlink:from='loc_UnableToAttestThatNoUntrueStatementsOrOmittedMaterialFactsExist' xlink:to='loc_FormerManagementProvidedUnreliableInformationUnableToAttest' xlink:type='arc' />
<link:presentationArc order='6.0' xlink:arcrole='http://www.xbrl.org/2003/arcrole/parent-child' xlink:from='loc_UnableToAttestThatNoUntrueStatementsOrOmittedMaterialFactsExist' xlink:to='loc_IndependentQuarterlyReviewHasNotBeenCompletedUnableToAttest' xlink:type='arc' />
<link:presentationArc order='7.0' xlink:arcrole='http://www.xbrl.org/2003/arcrole/parent-child' xlink:from='loc_UnableToAttestThatNoUntrueStatementsOrOmittedMaterialFactsExist' xlink:to='loc_IndependentAuditNotCompletedUnableToAttest' xlink:type='arc' />
<link:presentationArc order='8.0' xlink:arcrole='http://www.xbrl.org/2003/arcrole/parent-child' xlink:from='loc_UnableToAttestThatNoUntrueStatementsOrOmittedMaterialFactsExist' xlink:to='loc_InternalReviewOfDisclosureControlsAndProceduresNotCompletedUnableToAttest' xlink:type='arc' />
<link:presentationArc order='9.0' xlink:arcrole='http://www.xbrl.org/2003/arcrole/parent-child' xlink:from='loc_UnableToAttestThatNoUntrueStatementsOrOmittedMaterialFactsExist' xlink:to='loc_InternalReviewOfInternalControlsNotCompletedUnableToAttest' xlink:type='arc' />
<link:presentationArc order='10.0' xlink:arcrole='http://www.xbrl.org/2003/arcrole/parent-child' xlink:from='loc_UnableToAttestThatNoUntrueStatementsOrOmittedMaterialFactsExist' xlink:to='loc_InternalReviewOfFinancialStatementsAndAccountingPoliciesNotCompletedUnableToAttest' xlink:type='arc' />
<link:presentationArc order='11.0' xlink:arcrole='http://www.xbrl.org/2003/arcrole/parent-child' xlink:from='loc_UnableToAttestThatNoUntrueStatementsOrOmittedMaterialFactsExist' xlink:to='loc_AccountingChangesUnableToAttest' xlink:type='arc' />
<link:presentationArc order='12.0' xlink:arcrole='http://www.xbrl.org/2003/arcrole/parent-child' xlink:from='loc_UnableToAttestThatNoUntrueStatementsOrOmittedMaterialFactsExist' xlink:to='loc_OtherFactsAndCircumstancesUnableToAttest' xlink:type='arc' />
<link:presentationArc order='1.0' xlink:arcrole='http://www.xbrl.org/2003/arcrole/parent-child' xlink:from='loc_CertificationOfDisclosureControlsAndProcedures' xlink:to='loc_ResponsibilityOfDisclosureControlsAndProcedures' xlink:type='arc' />
<link:presentationArc order='2.0' xlink:arcrole='http://www.xbrl.org/2003/arcrole/parent-child' xlink:from='loc_CertificationOfDisclosureControlsAndProcedures' xlink:to='loc_CertificationOfDisclosureControlsAndProceduresDesignOfDisclosureControlsAndProceduresInformsOfficerOfMaterialInformation' xlink:type='arc' />
<link:presentationArc order='3.0' xlink:arcrole='http://www.xbrl.org/2003/arcrole/parent-child' xlink:from='loc_CertificationOfDisclosureControlsAndProcedures' xlink:to='loc_EvaluationOfDisclosureControlsAndProceduresEffectiveness' xlink:type='arc' />
<link:presentationArc order='4.0' xlink:arcrole='http://www.xbrl.org/2003/arcrole/parent-child' xlink:from='loc_CertificationOfDisclosureControlsAndProcedures' xlink:to='loc_PresentedConclusionsOnEffectivenessOfDisclosureControlsAndProceduresInReport' xlink:type='arc' />
<link:presentationArc order='1.0' xlink:arcrole='http://www.xbrl.org/2003/arcrole/parent-child' xlink:from='loc_CertificationOfDisclosureToAuditorsAndAuditCommittee' xlink:to='loc_SignificantDeficienciesInInternalControls' xlink:type='arc' />
<link:presentationArc order='2.0' xlink:arcrole='http://www.xbrl.org/2003/arcrole/parent-child' xlink:from='loc_CertificationOfDisclosureToAuditorsAndAuditCommittee' xlink:to='loc_FraudMatters' xlink:type='arc' />
<link:presentationArc order='1.0' xlink:arcrole='http://www.xbrl.org/2003/arcrole/parent-child' xlink:from='loc_NotaryPublic' xlink:to='loc_NotaryPublicName' xlink:type='arc' />
<link:presentationArc order='2.0' xlink:arcrole='http://www.xbrl.org/2003/arcrole/parent-child' xlink:from='loc_NotaryPublic' xlink:to='loc_NotaryPublicCommissionExpires' xlink:type='arc' />
<link:presentationArc order='1.0' xlink:arcrole='http://www.xbrl.org/2003/arcrole/parent-child' xlink:from='loc_ScheduleOfPrincipalOfficersTextBlock' xlink:to='loc_PrincipalOfficersTable' xlink:type='arc' />
<link:presentationArc order='1.0' xlink:arcrole='http://www.xbrl.org/2003/arcrole/parent-child' xlink:from='loc_PrincipalOfficersTable' xlink:to='loc_PrincipalOfficersPrincipalOfficerAxis' xlink:type='arc' />
<link:presentationArc order='2.0' xlink:arcrole='http://www.xbrl.org/2003/arcrole/parent-child' xlink:from='loc_PrincipalOfficersTable' xlink:to='loc_PrincipalOfficersLineItems' xlink:type='arc' />
<link:presentationArc order='1.0' xlink:arcrole='http://www.xbrl.org/2003/arcrole/parent-child' xlink:from='loc_PrincipalOfficersPrincipalOfficerAxis' xlink:to='loc_PrincipalOfficerDomain' xlink:type='arc' />
<link:presentationArc order='1.0' xlink:arcrole='http://www.xbrl.org/2003/arcrole/parent-child' xlink:from='loc_PrincipalOfficersLineItems' xlink:to='loc_PrincipalOfficerName' xlink:type='arc' />
<link:presentationArc order='2.0' xlink:arcrole='http://www.xbrl.org/2003/arcrole/parent-child' xlink:from='loc_PrincipalOfficersLineItems' xlink:to='loc_PrincipalOfficerSignature' xlink:type='arc' />
<link:presentationArc order='3.0' xlink:arcrole='http://www.xbrl.org/2003/arcrole/parent-child' xlink:from='loc_PrincipalOfficersLineItems' xlink:to='loc_PrincipalOfficerTitleOrPosition' xlink:type='arc' />
<link:presentationArc order='4.0' xlink:arcrole='http://www.xbrl.org/2003/arcrole/parent-child' xlink:from='loc_PrincipalOfficersLineItems' xlink:to='loc_PrincipalOfficerDateOfCertification' xlink:type='arc' />
<link:presentationArc order='5.0' xlink:arcrole='http://www.xbrl.org/2003/arcrole/parent-child' xlink:from='loc_PrincipalOfficersLineItems' xlink:to='loc_PrincipalOfficerConfirmationOfReview' xlink:type='arc' />
</link:presentationLink>
</linkbase>
