<?xml version="1.0" encoding="UTF-8"?><!--
(c) 2010-2018 Financial Accounting Foundation; (c) 2007-2010 XBRL US, Inc.  All Right Reserved.
Notice: Authorized Uses are Set Forth at http://xbrl.fasb.org/terms/SRT_TermsConditions.html
  --><link:linkbase xmlns:link="http://www.xbrl.org/2003/linkbase" xmlns:xbrldt="http://xbrl.org/2005/xbrldt" xmlns:xlink="http://www.w3.org/1999/xlink" xmlns:xsi="http://www.w3.org/2001/XMLSchema-instance" xsi:schemaLocation="http://www.xbrl.org/2003/linkbase http://www.xbrl.org/2003/xbrl-linkbase-2003-12-31.xsd">
<link:roleRef roleURI="http://fasb.org/srt/role/srt-eedm/ExtensibleEnumerationLists" xlink:type="simple" xlink:href="../elts/srt-roles-2018-01-31.xsd#eedm1"/>
<link:arcroleRef arcroleURI="http://xbrl.org/int/dim/arcrole/domain-member" xlink:type="simple" xlink:href="http://www.xbrl.org/2005/xbrldt-2005.xsd#domain-member"/>
<link:definitionLink xlink:role="http://fasb.org/srt/role/srt-eedm/ExtensibleEnumerationLists" xlink:type="extended">
<link:loc xlink:label="loc_SegmentGeographicalDomain" xlink:type="locator" xlink:href="srt-2018-01-31.xsd#srt_SegmentGeographicalDomain"/>
<link:loc xlink:label="loc_CA" xlink:type="locator" xlink:href="http://xbrl.sec.gov/country/2017/country-2017-01-31.xsd#country_CA"/>
<link:loc xlink:label="loc_GB" xlink:type="locator" xlink:href="http://xbrl.sec.gov/country/2017/country-2017-01-31.xsd#country_GB"/>
<link:loc xlink:label="loc_US" xlink:type="locator" xlink:href="http://xbrl.sec.gov/country/2017/country-2017-01-31.xsd#country_US"/>
<link:definitionArc order="10" xlink:arcrole="http://xbrl.org/int/dim/arcrole/domain-member" xlink:from="loc_SegmentGeographicalDomain" xlink:to="loc_CA" xlink:type="arc"/>
<link:definitionArc order="20" xlink:arcrole="http://xbrl.org/int/dim/arcrole/domain-member" xlink:from="loc_SegmentGeographicalDomain" xlink:to="loc_GB" xlink:type="arc"/>
<link:definitionArc order="30" xlink:arcrole="http://xbrl.org/int/dim/arcrole/domain-member" xlink:from="loc_SegmentGeographicalDomain" xlink:to="loc_US" xlink:type="arc"/>
</link:definitionLink>
</link:linkbase>