<?xml version='1.0' encoding='UTF-8'?>

<!--
(c) XBRL US, Inc. 2007-2010; Financial Accounting Foundation, Inc. 2010-2014.  All Rights Reserved.
Notice: Authorized Uses are Set Forth at http://xbrl.fasb.org/terms/TaxonomiesTermsConditions.html
  -->
<link:linkbase xmlns:link='http://www.xbrl.org/2003/linkbase' xmlns:xbrldt='http://xbrl.org/2005/xbrldt' xmlns:xlink='http://www.w3.org/1999/xlink' xmlns:xsi='http://www.w3.org/2001/XMLSchema-instance' xsi:schemaLocation='http://www.xbrl.org/2003/linkbase http://www.xbrl.org/2003/xbrl-linkbase-2003-12-31.xsd'>
<link:roleRef roleURI='http://fasb.org/us-gaap/role/disclosure/FinancialServicesMortgageBankingScheduleOfComplianceWithRegulatoryCapitalRequirementsForMortgageCompaniesTable' xlink:href='../elts/us-roles-2014-01-31.xsd#FinancialServicesMortgageBankingScheduleOfComplianceWithRegulatoryCapitalRequirementsForMortgageCompaniesTable' xlink:type='simple' />
<link:arcroleRef arcroleURI='http://xbrl.org/int/dim/arcrole/all' xlink:href='http://www.xbrl.org/2005/xbrldt-2005.xsd#all' xlink:type='simple' />
<link:arcroleRef arcroleURI='http://xbrl.org/int/dim/arcrole/dimension-default' xlink:href='http://www.xbrl.org/2005/xbrldt-2005.xsd#dimension-default' xlink:type='simple' />
<link:arcroleRef arcroleURI='http://xbrl.org/int/dim/arcrole/dimension-domain' xlink:href='http://www.xbrl.org/2005/xbrldt-2005.xsd#dimension-domain' xlink:type='simple' />
<link:arcroleRef arcroleURI='http://xbrl.org/int/dim/arcrole/domain-member' xlink:href='http://www.xbrl.org/2005/xbrldt-2005.xsd#domain-member' xlink:type='simple' />
<link:arcroleRef arcroleURI='http://xbrl.org/int/dim/arcrole/hypercube-dimension' xlink:href='http://www.xbrl.org/2005/xbrldt-2005.xsd#hypercube-dimension' xlink:type='simple' />
<link:definitionLink xlink:role='http://fasb.org/us-gaap/role/disclosure/FinancialServicesMortgageBankingScheduleOfComplianceWithRegulatoryCapitalRequirementsForMortgageCompaniesTable' xlink:type='extended'>
<link:loc xlink:href='../elts/us-gaap-2014-01-31.xsd#us-gaap_ComplianceWithRegulatoryCapitalRequirementsForMortgageCompaniesLineItems' xlink:label='loc_ComplianceWithRegulatoryCapitalRequirementsForMortgageCompaniesLineItems' xlink:type='locator' />
<link:loc xlink:href='../elts/us-gaap-2014-01-31.xsd#us-gaap_ScheduleOfComplianceWithRegulatoryCapitalRequirementsForMortgageCompaniesTable' xlink:label='loc_ScheduleOfComplianceWithRegulatoryCapitalRequirementsForMortgageCompaniesTable' xlink:type='locator' />
<link:definitionArc order='1.0' xbrldt:closed='true' xbrldt:contextElement='segment' xlink:arcrole='http://xbrl.org/int/dim/arcrole/all' xlink:from='loc_ComplianceWithRegulatoryCapitalRequirementsForMortgageCompaniesLineItems' xlink:to='loc_ScheduleOfComplianceWithRegulatoryCapitalRequirementsForMortgageCompaniesTable' xlink:type='arc' />
</link:definitionLink>
<link:definitionLink xlink:role='http://fasb.org/us-gaap/role/disclosure/FinancialServicesMortgageBankingScheduleOfComplianceWithRegulatoryCapitalRequirementsForMortgageCompaniesTable' xlink:type='extended'>
<link:loc xlink:href='../elts/us-gaap-2014-01-31.xsd#us-gaap_RegulatoryCapitalRequirementsForMortgageCompaniesBySecondaryMarketInvestorAxis' xlink:label='loc_RegulatoryCapitalRequirementsForMortgageCompaniesBySecondaryMarketInvestorAxis' xlink:type='locator' />
<link:loc xlink:href='../elts/us-gaap-2014-01-31.xsd#us-gaap_SecondaryMarketInvestorDomain' xlink:label='loc_SecondaryMarketInvestorDomain' xlink:type='locator' />
<link:definitionArc order='1.0' xlink:arcrole='http://xbrl.org/int/dim/arcrole/dimension-default' xlink:from='loc_RegulatoryCapitalRequirementsForMortgageCompaniesBySecondaryMarketInvestorAxis' xlink:to='loc_SecondaryMarketInvestorDomain' xlink:type='arc' />
</link:definitionLink>
<link:definitionLink xlink:role='http://fasb.org/us-gaap/role/disclosure/FinancialServicesMortgageBankingScheduleOfComplianceWithRegulatoryCapitalRequirementsForMortgageCompaniesTable' xlink:type='extended'>
<link:loc xlink:href='../elts/us-gaap-2014-01-31.xsd#us-gaap_RegulatoryCapitalRequirementsForMortgageCompaniesBySecondaryMarketInvestorAxis' xlink:label='loc_RegulatoryCapitalRequirementsForMortgageCompaniesBySecondaryMarketInvestorAxis' xlink:type='locator' />
<link:loc xlink:href='../elts/us-gaap-2014-01-31.xsd#us-gaap_SecondaryMarketInvestorDomain' xlink:label='loc_SecondaryMarketInvestorDomain' xlink:type='locator' />
<link:definitionArc order='1.0' xlink:arcrole='http://xbrl.org/int/dim/arcrole/dimension-domain' xlink:from='loc_RegulatoryCapitalRequirementsForMortgageCompaniesBySecondaryMarketInvestorAxis' xlink:to='loc_SecondaryMarketInvestorDomain' xlink:type='arc' />
</link:definitionLink>
<link:definitionLink xlink:role='http://fasb.org/us-gaap/role/disclosure/FinancialServicesMortgageBankingScheduleOfComplianceWithRegulatoryCapitalRequirementsForMortgageCompaniesTable' xlink:type='extended'>
<link:loc xlink:href='../elts/us-gaap-2014-01-31.xsd#us-gaap_ComplianceWithRegulatoryCapitalRequirementsForMortgageCompaniesLineItems' xlink:label='loc_ComplianceWithRegulatoryCapitalRequirementsForMortgageCompaniesLineItems' xlink:type='locator' />
<link:loc xlink:href='../elts/us-gaap-2014-01-31.xsd#us-gaap_MinimumNetWorthRequiredForCompliance' xlink:label='loc_MinimumNetWorthRequiredForCompliance' xlink:type='locator' />
<link:loc xlink:href='../elts/us-gaap-2014-01-31.xsd#us-gaap_Capital' xlink:label='loc_Capital' xlink:type='locator' />
<link:loc xlink:href='../elts/us-gaap-2014-01-31.xsd#us-gaap_SecondaryMarketInvestorDomain' xlink:label='loc_SecondaryMarketInvestorDomain' xlink:type='locator' />
<link:loc xlink:href='../elts/us-gaap-2014-01-31.xsd#us-gaap_InvestorMember' xlink:label='loc_InvestorMember' xlink:type='locator' />
<link:definitionArc order='1.0' xlink:arcrole='http://xbrl.org/int/dim/arcrole/domain-member' xlink:from='loc_ComplianceWithRegulatoryCapitalRequirementsForMortgageCompaniesLineItems' xlink:to='loc_MinimumNetWorthRequiredForCompliance' xlink:type='arc' />
<link:definitionArc order='2.0' xlink:arcrole='http://xbrl.org/int/dim/arcrole/domain-member' xlink:from='loc_ComplianceWithRegulatoryCapitalRequirementsForMortgageCompaniesLineItems' xlink:to='loc_Capital' xlink:type='arc' />
<link:definitionArc order='1.0' xlink:arcrole='http://xbrl.org/int/dim/arcrole/domain-member' xlink:from='loc_SecondaryMarketInvestorDomain' xlink:to='loc_InvestorMember' xlink:type='arc' />
</link:definitionLink>
<link:definitionLink xlink:role='http://fasb.org/us-gaap/role/disclosure/FinancialServicesMortgageBankingScheduleOfComplianceWithRegulatoryCapitalRequirementsForMortgageCompaniesTable' xlink:type='extended'>
<link:loc xlink:href='../elts/us-gaap-2014-01-31.xsd#us-gaap_ScheduleOfComplianceWithRegulatoryCapitalRequirementsForMortgageCompaniesTable' xlink:label='loc_ScheduleOfComplianceWithRegulatoryCapitalRequirementsForMortgageCompaniesTable' xlink:type='locator' />
<link:loc xlink:href='../elts/us-gaap-2014-01-31.xsd#us-gaap_RegulatoryCapitalRequirementsForMortgageCompaniesBySecondaryMarketInvestorAxis' xlink:label='loc_RegulatoryCapitalRequirementsForMortgageCompaniesBySecondaryMarketInvestorAxis' xlink:type='locator' />
<link:definitionArc order='1.0' xlink:arcrole='http://xbrl.org/int/dim/arcrole/hypercube-dimension' xlink:from='loc_ScheduleOfComplianceWithRegulatoryCapitalRequirementsForMortgageCompaniesTable' xlink:to='loc_RegulatoryCapitalRequirementsForMortgageCompaniesBySecondaryMarketInvestorAxis' xlink:type='arc' />
</link:definitionLink>
</link:linkbase>
