<?xml version='1.0' encoding='UTF-8'?>

<!--
(c) XBRL US, Inc. 2007-2010; Financial Accounting Foundation, Inc. 2010-2014.  All Rights Reserved.
Notice: Authorized Uses are Set Forth at http://xbrl.fasb.org/terms/TaxonomiesTermsConditions.html
  -->
<link:linkbase xmlns:link='http://www.xbrl.org/2003/linkbase' xmlns:xbrldt='http://xbrl.org/2005/xbrldt' xmlns:xlink='http://www.w3.org/1999/xlink' xmlns:xsi='http://www.w3.org/2001/XMLSchema-instance' xsi:schemaLocation='http://www.xbrl.org/2003/linkbase http://www.xbrl.org/2003/xbrl-linkbase-2003-12-31.xsd'>
<link:roleRef roleURI='http://fasb.org/us-gaap/role/disclosure/OrganizationConsolidationAndPresentationOfFinancialStatementsScheduleOfVariableInterestEntitiesTable' xlink:href='../elts/us-roles-2014-01-31.xsd#OrganizationConsolidationAndPresentationOfFinancialStatementsScheduleOfVariableInterestEntitiesTable' xlink:type='simple' />
<link:arcroleRef arcroleURI='http://xbrl.org/int/dim/arcrole/all' xlink:href='http://www.xbrl.org/2005/xbrldt-2005.xsd#all' xlink:type='simple' />
<link:arcroleRef arcroleURI='http://xbrl.org/int/dim/arcrole/dimension-default' xlink:href='http://www.xbrl.org/2005/xbrldt-2005.xsd#dimension-default' xlink:type='simple' />
<link:arcroleRef arcroleURI='http://xbrl.org/int/dim/arcrole/dimension-domain' xlink:href='http://www.xbrl.org/2005/xbrldt-2005.xsd#dimension-domain' xlink:type='simple' />
<link:arcroleRef arcroleURI='http://xbrl.org/int/dim/arcrole/domain-member' xlink:href='http://www.xbrl.org/2005/xbrldt-2005.xsd#domain-member' xlink:type='simple' />
<link:arcroleRef arcroleURI='http://xbrl.org/int/dim/arcrole/hypercube-dimension' xlink:href='http://www.xbrl.org/2005/xbrldt-2005.xsd#hypercube-dimension' xlink:type='simple' />
<link:roleRef roleURI='http://fasb.org/us-gaap/role/disclosure/OrganizationConsolidationAndPresentationOfFinancialStatementsScheduleOfSubsidiaryOfLimitedLiabilityCompanyOrLimitedPartnershipTable' xlink:href='../elts/us-roles-2014-01-31.xsd#OrganizationConsolidationAndPresentationOfFinancialStatementsScheduleOfSubsidiaryOfLimitedLiabilityCompanyOrLimitedPartnershipTable' xlink:type='simple' />
<link:roleRef roleURI='http://fasb.org/us-gaap/role/disclosure/OrganizationConsolidationAndPresentationOfFinancialStatementsScheduleOfRealEstatePropertiesTable' xlink:href='../elts/us-roles-2014-01-31.xsd#OrganizationConsolidationAndPresentationOfFinancialStatementsScheduleOfRealEstatePropertiesTable' xlink:type='simple' />
<link:roleRef roleURI='http://fasb.org/us-gaap/role/disclosure/OrganizationConsolidationAndPresentationOfFinancialStatementsScheduleOfProductInformationTable' xlink:href='../elts/us-roles-2014-01-31.xsd#OrganizationConsolidationAndPresentationOfFinancialStatementsScheduleOfProductInformationTable' xlink:type='simple' />
<link:roleRef roleURI='http://fasb.org/us-gaap/role/disclosure/OrganizationConsolidationAndPresentationOfFinancialStatementsScheduleOfFranchisorDisclosureTable' xlink:href='../elts/us-roles-2014-01-31.xsd#OrganizationConsolidationAndPresentationOfFinancialStatementsScheduleOfFranchisorDisclosureTable' xlink:type='simple' />
<link:roleRef roleURI='http://fasb.org/us-gaap/role/disclosure/OrganizationConsolidationAndPresentationOfFinancialStatementsScheduleOfCollaborativeArrangementsAndNoncollaborativeArrangementTransactionsTable' xlink:href='../elts/us-roles-2014-01-31.xsd#OrganizationConsolidationAndPresentationOfFinancialStatementsScheduleOfCollaborativeArrangementsAndNoncollaborativeArrangementTransactionsTable' xlink:type='simple' />
<link:roleRef roleURI='http://fasb.org/us-gaap/role/disclosure/OrganizationConsolidationAndPresentationOfFinancialStatementsConsolidationLessThanWhollyOwnedSubsidiaryParentOwnershipInterestEffectsOfChangesNetTable' xlink:href='../elts/us-roles-2014-01-31.xsd#OrganizationConsolidationAndPresentationOfFinancialStatementsConsolidationLessThanWhollyOwnedSubsidiaryParentOwnershipInterestEffectsOfChangesNetTable' xlink:type='simple' />
<link:definitionLink xlink:role='http://fasb.org/us-gaap/role/disclosure/OrganizationConsolidationAndPresentationOfFinancialStatementsConsolidationLessThanWhollyOwnedSubsidiaryParentOwnershipInterestEffectsOfChangesNetTable' xlink:type='extended'>
<link:loc xlink:href='../elts/us-gaap-2014-01-31.xsd#us-gaap_ConsolidationLessThanWhollyOwnedSubsidiaryParentOwnershipInterestEffectsOfChangesNetLineItems' xlink:label='loc_ConsolidationLessThanWhollyOwnedSubsidiaryParentOwnershipInterestEffectsOfChangesNetLineItems' xlink:type='locator' />
<link:loc xlink:href='../elts/us-gaap-2014-01-31.xsd#us-gaap_ConsolidationLessThanWhollyOwnedSubsidiaryParentOwnershipInterestEffectsOfChangesNetTable' xlink:label='loc_ConsolidationLessThanWhollyOwnedSubsidiaryParentOwnershipInterestEffectsOfChangesNetTable' xlink:type='locator' />
<link:definitionArc order='1.0' xbrldt:closed='true' xbrldt:contextElement='segment' xlink:arcrole='http://xbrl.org/int/dim/arcrole/all' xlink:from='loc_ConsolidationLessThanWhollyOwnedSubsidiaryParentOwnershipInterestEffectsOfChangesNetLineItems' xlink:to='loc_ConsolidationLessThanWhollyOwnedSubsidiaryParentOwnershipInterestEffectsOfChangesNetTable' xlink:type='arc' />
</link:definitionLink>
<link:definitionLink xlink:role='http://fasb.org/us-gaap/role/disclosure/OrganizationConsolidationAndPresentationOfFinancialStatementsConsolidationLessThanWhollyOwnedSubsidiaryParentOwnershipInterestEffectsOfChangesNetTable' xlink:type='extended'>
<link:loc xlink:href='../elts/us-gaap-2014-01-31.xsd#us-gaap_ConsolidationItemsAxis' xlink:label='loc_ConsolidationItemsAxis' xlink:type='locator' />
<link:loc xlink:href='../elts/us-gaap-2014-01-31.xsd#us-gaap_ConsolidationItemsDomain' xlink:label='loc_ConsolidationItemsDomain' xlink:type='locator' />
<link:loc xlink:href='http://xbrl.sec.gov/dei/2014/dei-2014-01-31.xsd#dei_LegalEntityAxis' xlink:label='loc_LegalEntityAxis' xlink:type='locator' />
<link:loc xlink:href='http://xbrl.sec.gov/dei/2014/dei-2014-01-31.xsd#dei_EntityDomain' xlink:label='loc_EntityDomain' xlink:type='locator' />
<link:definitionArc order='1.0' xlink:arcrole='http://xbrl.org/int/dim/arcrole/dimension-default' xlink:from='loc_ConsolidationItemsAxis' xlink:to='loc_ConsolidationItemsDomain' xlink:type='arc' />
<link:definitionArc order='2.0' xlink:arcrole='http://xbrl.org/int/dim/arcrole/dimension-default' xlink:from='loc_LegalEntityAxis' xlink:to='loc_EntityDomain' xlink:type='arc' />
</link:definitionLink>
<link:definitionLink xlink:role='http://fasb.org/us-gaap/role/disclosure/OrganizationConsolidationAndPresentationOfFinancialStatementsConsolidationLessThanWhollyOwnedSubsidiaryParentOwnershipInterestEffectsOfChangesNetTable' xlink:type='extended'>
<link:loc xlink:href='../elts/us-gaap-2014-01-31.xsd#us-gaap_ConsolidationItemsAxis' xlink:label='loc_ConsolidationItemsAxis' xlink:type='locator' />
<link:loc xlink:href='../elts/us-gaap-2014-01-31.xsd#us-gaap_ConsolidationItemsDomain' xlink:label='loc_ConsolidationItemsDomain' xlink:type='locator' />
<link:loc xlink:href='http://xbrl.sec.gov/dei/2014/dei-2014-01-31.xsd#dei_LegalEntityAxis' xlink:label='loc_LegalEntityAxis' xlink:type='locator' />
<link:loc xlink:href='http://xbrl.sec.gov/dei/2014/dei-2014-01-31.xsd#dei_EntityDomain' xlink:label='loc_EntityDomain' xlink:type='locator' />
<link:definitionArc order='1.0' xlink:arcrole='http://xbrl.org/int/dim/arcrole/dimension-domain' xlink:from='loc_ConsolidationItemsAxis' xlink:to='loc_ConsolidationItemsDomain' xlink:type='arc' />
<link:definitionArc order='2.0' xlink:arcrole='http://xbrl.org/int/dim/arcrole/dimension-domain' xlink:from='loc_LegalEntityAxis' xlink:to='loc_EntityDomain' xlink:type='arc' />
</link:definitionLink>
<link:definitionLink xlink:role='http://fasb.org/us-gaap/role/disclosure/OrganizationConsolidationAndPresentationOfFinancialStatementsConsolidationLessThanWhollyOwnedSubsidiaryParentOwnershipInterestEffectsOfChangesNetTable' xlink:type='extended'>
<link:loc xlink:href='../elts/us-gaap-2014-01-31.xsd#us-gaap_ConsolidationItemsDomain' xlink:label='loc_ConsolidationItemsDomain' xlink:type='locator' />
<link:loc xlink:href='../elts/us-gaap-2014-01-31.xsd#us-gaap_ReportableLegalEntitiesMember' xlink:label='loc_ReportableLegalEntitiesMember' xlink:type='locator' />
<link:loc xlink:href='../elts/us-gaap-2014-01-31.xsd#us-gaap_ConsolidationEliminationsMember' xlink:label='loc_ConsolidationEliminationsMember' xlink:type='locator' />
<link:loc xlink:href='../elts/us-gaap-2014-01-31.xsd#us-gaap_ConsolidationLessThanWhollyOwnedSubsidiaryParentOwnershipInterestChangeDueToNetIncomeAttributableToParentAndEffectsOfChangesNetAbstract' xlink:label='loc_ConsolidationLessThanWhollyOwnedSubsidiaryParentOwnershipInterestChangeDueToNetIncomeAttributableToParentAndEffectsOfChangesNetAbstract' xlink:type='locator' />
<link:loc xlink:href='../elts/us-gaap-2014-01-31.xsd#us-gaap_NetIncomeLoss' xlink:label='loc_NetIncomeLoss' xlink:type='locator' />
<link:loc xlink:href='../elts/us-gaap-2014-01-31.xsd#us-gaap_ConsolidationLessThanWhollyOwnedSubsidiaryParentOwnershipInterestChangesNetAbstract' xlink:label='loc_ConsolidationLessThanWhollyOwnedSubsidiaryParentOwnershipInterestChangesNetAbstract' xlink:type='locator' />
<link:loc xlink:href='../elts/us-gaap-2014-01-31.xsd#us-gaap_ConsolidationLessThanWhollyOwnedSubsidiaryParentOwnershipInterestChangeDueToNetIncomeAttributableToParentAndEffectsOfChangesNet' xlink:label='loc_ConsolidationLessThanWhollyOwnedSubsidiaryParentOwnershipInterestChangeDueToNetIncomeAttributableToParentAndEffectsOfChangesNet' xlink:type='locator' />
<link:loc xlink:href='../elts/us-gaap-2014-01-31.xsd#us-gaap_ConsolidationLessThanWhollyOwnedSubsidiaryParentOwnershipInterestChangesSaleOfInterestByParent' xlink:label='loc_ConsolidationLessThanWhollyOwnedSubsidiaryParentOwnershipInterestChangesSaleOfInterestByParent' xlink:type='locator' />
<link:loc xlink:href='../elts/us-gaap-2014-01-31.xsd#us-gaap_ConsolidationLessThanWhollyOwnedSubsidiaryParentOwnershipInterestChangesIssuanceOfEquityBySubsidiaryToNoncontrollingInterests' xlink:label='loc_ConsolidationLessThanWhollyOwnedSubsidiaryParentOwnershipInterestChangesIssuanceOfEquityBySubsidiaryToNoncontrollingInterests' xlink:type='locator' />
<link:loc xlink:href='../elts/us-gaap-2014-01-31.xsd#us-gaap_ConsolidationLessThanWhollyOwnedSubsidiaryParentOwnershipInterestChangesPurchaseOfInterestByParent' xlink:label='loc_ConsolidationLessThanWhollyOwnedSubsidiaryParentOwnershipInterestChangesPurchaseOfInterestByParent' xlink:type='locator' />
<link:loc xlink:href='../elts/us-gaap-2014-01-31.xsd#us-gaap_ConsolidationLessThanWhollyOwnedSubsidiaryParentOwnershipInterestChangesRepurchaseOfSharesBySubsidiary' xlink:label='loc_ConsolidationLessThanWhollyOwnedSubsidiaryParentOwnershipInterestChangesRepurchaseOfSharesBySubsidiary' xlink:type='locator' />
<link:loc xlink:href='../elts/us-gaap-2014-01-31.xsd#us-gaap_ConsolidationLessThanWhollyOwnedSubsidiaryParentOwnershipInterestChangesAdditionalInterestIssuedToParent' xlink:label='loc_ConsolidationLessThanWhollyOwnedSubsidiaryParentOwnershipInterestChangesAdditionalInterestIssuedToParent' xlink:type='locator' />
<link:loc xlink:href='../elts/us-gaap-2014-01-31.xsd#us-gaap_ConsolidationLessThanWhollyOwnedSubsidiaryParentOwnershipInterestChangesNet' xlink:label='loc_ConsolidationLessThanWhollyOwnedSubsidiaryParentOwnershipInterestChangesNet' xlink:type='locator' />
<link:loc xlink:href='../elts/us-gaap-2014-01-31.xsd#us-gaap_ConsolidationLessThanWhollyOwnedSubsidiaryParentOwnershipInterestEffectsOfChangesNetLineItems' xlink:label='loc_ConsolidationLessThanWhollyOwnedSubsidiaryParentOwnershipInterestEffectsOfChangesNetLineItems' xlink:type='locator' />
<link:loc xlink:href='http://xbrl.sec.gov/dei/2014/dei-2014-01-31.xsd#dei_EntityDomain' xlink:label='loc_EntityDomain' xlink:type='locator' />
<link:loc xlink:href='../elts/us-gaap-2014-01-31.xsd#us-gaap_SubsidiariesMember' xlink:label='loc_SubsidiariesMember' xlink:type='locator' />
<link:definitionArc order='1.0' xlink:arcrole='http://xbrl.org/int/dim/arcrole/domain-member' xlink:from='loc_ConsolidationItemsDomain' xlink:to='loc_ReportableLegalEntitiesMember' xlink:type='arc' />
<link:definitionArc order='2.0' xlink:arcrole='http://xbrl.org/int/dim/arcrole/domain-member' xlink:from='loc_ConsolidationItemsDomain' xlink:to='loc_ConsolidationEliminationsMember' xlink:type='arc' />
<link:definitionArc order='2.0' xlink:arcrole='http://xbrl.org/int/dim/arcrole/domain-member' xlink:from='loc_ConsolidationLessThanWhollyOwnedSubsidiaryParentOwnershipInterestChangeDueToNetIncomeAttributableToParentAndEffectsOfChangesNetAbstract' xlink:to='loc_NetIncomeLoss' xlink:type='arc' />
<link:definitionArc order='3.0' xlink:arcrole='http://xbrl.org/int/dim/arcrole/domain-member' xlink:from='loc_ConsolidationLessThanWhollyOwnedSubsidiaryParentOwnershipInterestChangeDueToNetIncomeAttributableToParentAndEffectsOfChangesNetAbstract' xlink:to='loc_ConsolidationLessThanWhollyOwnedSubsidiaryParentOwnershipInterestChangesNetAbstract' xlink:type='arc' />
<link:definitionArc order='10.0' xlink:arcrole='http://xbrl.org/int/dim/arcrole/domain-member' xlink:from='loc_ConsolidationLessThanWhollyOwnedSubsidiaryParentOwnershipInterestChangeDueToNetIncomeAttributableToParentAndEffectsOfChangesNetAbstract' xlink:to='loc_ConsolidationLessThanWhollyOwnedSubsidiaryParentOwnershipInterestChangeDueToNetIncomeAttributableToParentAndEffectsOfChangesNet' xlink:type='arc' />
<link:definitionArc order='4.0' xlink:arcrole='http://xbrl.org/int/dim/arcrole/domain-member' xlink:from='loc_ConsolidationLessThanWhollyOwnedSubsidiaryParentOwnershipInterestChangesNetAbstract' xlink:to='loc_ConsolidationLessThanWhollyOwnedSubsidiaryParentOwnershipInterestChangesSaleOfInterestByParent' xlink:type='arc' />
<link:definitionArc order='5.0' xlink:arcrole='http://xbrl.org/int/dim/arcrole/domain-member' xlink:from='loc_ConsolidationLessThanWhollyOwnedSubsidiaryParentOwnershipInterestChangesNetAbstract' xlink:to='loc_ConsolidationLessThanWhollyOwnedSubsidiaryParentOwnershipInterestChangesIssuanceOfEquityBySubsidiaryToNoncontrollingInterests' xlink:type='arc' />
<link:definitionArc order='6.0' xlink:arcrole='http://xbrl.org/int/dim/arcrole/domain-member' xlink:from='loc_ConsolidationLessThanWhollyOwnedSubsidiaryParentOwnershipInterestChangesNetAbstract' xlink:to='loc_ConsolidationLessThanWhollyOwnedSubsidiaryParentOwnershipInterestChangesPurchaseOfInterestByParent' xlink:type='arc' />
<link:definitionArc order='7.0' xlink:arcrole='http://xbrl.org/int/dim/arcrole/domain-member' xlink:from='loc_ConsolidationLessThanWhollyOwnedSubsidiaryParentOwnershipInterestChangesNetAbstract' xlink:to='loc_ConsolidationLessThanWhollyOwnedSubsidiaryParentOwnershipInterestChangesRepurchaseOfSharesBySubsidiary' xlink:type='arc' />
<link:definitionArc order='8.0' xlink:arcrole='http://xbrl.org/int/dim/arcrole/domain-member' xlink:from='loc_ConsolidationLessThanWhollyOwnedSubsidiaryParentOwnershipInterestChangesNetAbstract' xlink:to='loc_ConsolidationLessThanWhollyOwnedSubsidiaryParentOwnershipInterestChangesAdditionalInterestIssuedToParent' xlink:type='arc' />
<link:definitionArc order='9.0' xlink:arcrole='http://xbrl.org/int/dim/arcrole/domain-member' xlink:from='loc_ConsolidationLessThanWhollyOwnedSubsidiaryParentOwnershipInterestChangesNetAbstract' xlink:to='loc_ConsolidationLessThanWhollyOwnedSubsidiaryParentOwnershipInterestChangesNet' xlink:type='arc' />
<link:definitionArc order='1.0' xlink:arcrole='http://xbrl.org/int/dim/arcrole/domain-member' xlink:from='loc_ConsolidationLessThanWhollyOwnedSubsidiaryParentOwnershipInterestEffectsOfChangesNetLineItems' xlink:to='loc_ConsolidationLessThanWhollyOwnedSubsidiaryParentOwnershipInterestChangeDueToNetIncomeAttributableToParentAndEffectsOfChangesNetAbstract' xlink:type='arc' />
<link:definitionArc order='3.0' xlink:arcrole='http://xbrl.org/int/dim/arcrole/domain-member' xlink:from='loc_EntityDomain' xlink:to='loc_SubsidiariesMember' xlink:type='arc' />
</link:definitionLink>
<link:definitionLink xlink:role='http://fasb.org/us-gaap/role/disclosure/OrganizationConsolidationAndPresentationOfFinancialStatementsConsolidationLessThanWhollyOwnedSubsidiaryParentOwnershipInterestEffectsOfChangesNetTable' xlink:type='extended'>
<link:loc xlink:href='../elts/us-gaap-2014-01-31.xsd#us-gaap_ConsolidationLessThanWhollyOwnedSubsidiaryParentOwnershipInterestEffectsOfChangesNetTable' xlink:label='loc_ConsolidationLessThanWhollyOwnedSubsidiaryParentOwnershipInterestEffectsOfChangesNetTable' xlink:type='locator' />
<link:loc xlink:href='../elts/us-gaap-2014-01-31.xsd#us-gaap_ConsolidationItemsAxis' xlink:label='loc_ConsolidationItemsAxis' xlink:type='locator' />
<link:loc xlink:href='http://xbrl.sec.gov/dei/2014/dei-2014-01-31.xsd#dei_LegalEntityAxis' xlink:label='loc_LegalEntityAxis' xlink:type='locator' />
<link:definitionArc order='1.0' xlink:arcrole='http://xbrl.org/int/dim/arcrole/hypercube-dimension' xlink:from='loc_ConsolidationLessThanWhollyOwnedSubsidiaryParentOwnershipInterestEffectsOfChangesNetTable' xlink:to='loc_ConsolidationItemsAxis' xlink:type='arc' />
<link:definitionArc order='2.0' xlink:arcrole='http://xbrl.org/int/dim/arcrole/hypercube-dimension' xlink:from='loc_ConsolidationLessThanWhollyOwnedSubsidiaryParentOwnershipInterestEffectsOfChangesNetTable' xlink:to='loc_LegalEntityAxis' xlink:type='arc' />
</link:definitionLink>
<link:definitionLink xlink:role='http://fasb.org/us-gaap/role/disclosure/OrganizationConsolidationAndPresentationOfFinancialStatementsScheduleOfCollaborativeArrangementsAndNoncollaborativeArrangementTransactionsTable' xlink:type='extended'>
<link:loc xlink:href='../elts/us-gaap-2014-01-31.xsd#us-gaap_CollaborativeArrangementsAndNoncollaborativeArrangementTransactionsLineItems' xlink:label='loc_CollaborativeArrangementsAndNoncollaborativeArrangementTransactionsLineItems' xlink:type='locator' />
<link:loc xlink:href='../elts/us-gaap-2014-01-31.xsd#us-gaap_ScheduleOfCollaborativeArrangementsAndNoncollaborativeArrangementTransactionsTable' xlink:label='loc_ScheduleOfCollaborativeArrangementsAndNoncollaborativeArrangementTransactionsTable' xlink:type='locator' />
<link:definitionArc order='1.0' xbrldt:closed='true' xbrldt:contextElement='segment' xlink:arcrole='http://xbrl.org/int/dim/arcrole/all' xlink:from='loc_CollaborativeArrangementsAndNoncollaborativeArrangementTransactionsLineItems' xlink:to='loc_ScheduleOfCollaborativeArrangementsAndNoncollaborativeArrangementTransactionsTable' xlink:type='arc' />
</link:definitionLink>
<link:definitionLink xlink:role='http://fasb.org/us-gaap/role/disclosure/OrganizationConsolidationAndPresentationOfFinancialStatementsScheduleOfCollaborativeArrangementsAndNoncollaborativeArrangementTransactionsTable' xlink:type='extended'>
<link:loc xlink:href='../elts/us-gaap-2014-01-31.xsd#us-gaap_TypeOfArrangementAxis' xlink:label='loc_TypeOfArrangementAxis' xlink:type='locator' />
<link:loc xlink:href='../elts/us-gaap-2014-01-31.xsd#us-gaap_ArrangementsAndNonarrangementTransactionsMember' xlink:label='loc_ArrangementsAndNonarrangementTransactionsMember' xlink:type='locator' />
<link:definitionArc order='1.0' xlink:arcrole='http://xbrl.org/int/dim/arcrole/dimension-default' xlink:from='loc_TypeOfArrangementAxis' xlink:to='loc_ArrangementsAndNonarrangementTransactionsMember' xlink:type='arc' />
</link:definitionLink>
<link:definitionLink xlink:role='http://fasb.org/us-gaap/role/disclosure/OrganizationConsolidationAndPresentationOfFinancialStatementsScheduleOfCollaborativeArrangementsAndNoncollaborativeArrangementTransactionsTable' xlink:type='extended'>
<link:loc xlink:href='../elts/us-gaap-2014-01-31.xsd#us-gaap_TypeOfArrangementAxis' xlink:label='loc_TypeOfArrangementAxis' xlink:type='locator' />
<link:loc xlink:href='../elts/us-gaap-2014-01-31.xsd#us-gaap_ArrangementsAndNonarrangementTransactionsMember' xlink:label='loc_ArrangementsAndNonarrangementTransactionsMember' xlink:type='locator' />
<link:definitionArc order='1.0' xlink:arcrole='http://xbrl.org/int/dim/arcrole/dimension-domain' xlink:from='loc_TypeOfArrangementAxis' xlink:to='loc_ArrangementsAndNonarrangementTransactionsMember' xlink:type='arc' />
</link:definitionLink>
<link:definitionLink xlink:role='http://fasb.org/us-gaap/role/disclosure/OrganizationConsolidationAndPresentationOfFinancialStatementsScheduleOfCollaborativeArrangementsAndNoncollaborativeArrangementTransactionsTable' xlink:type='extended'>
<link:loc xlink:href='../elts/us-gaap-2014-01-31.xsd#us-gaap_ArrangementsAndNonarrangementTransactionsMember' xlink:label='loc_ArrangementsAndNonarrangementTransactionsMember' xlink:type='locator' />
<link:loc xlink:href='../elts/us-gaap-2014-01-31.xsd#us-gaap_TypeOfArrangementDomain' xlink:label='loc_TypeOfArrangementDomain' xlink:type='locator' />
<link:loc xlink:href='../elts/us-gaap-2014-01-31.xsd#us-gaap_NonarrangementTransactionsMember' xlink:label='loc_NonarrangementTransactionsMember' xlink:type='locator' />
<link:loc xlink:href='../elts/us-gaap-2014-01-31.xsd#us-gaap_CollaborativeArrangementMember' xlink:label='loc_CollaborativeArrangementMember' xlink:type='locator' />
<link:loc xlink:href='../elts/us-gaap-2014-01-31.xsd#us-gaap_CollaborativeArrangementProductAgreementMember' xlink:label='loc_CollaborativeArrangementProductAgreementMember' xlink:type='locator' />
<link:loc xlink:href='../elts/us-gaap-2014-01-31.xsd#us-gaap_CollaborativeArrangementCopromotionMember' xlink:label='loc_CollaborativeArrangementCopromotionMember' xlink:type='locator' />
<link:loc xlink:href='../elts/us-gaap-2014-01-31.xsd#us-gaap_CollaborativeArrangementsAndNoncollaborativeArrangementTransactionsLineItems' xlink:label='loc_CollaborativeArrangementsAndNoncollaborativeArrangementTransactionsLineItems' xlink:type='locator' />
<link:loc xlink:href='../elts/us-gaap-2014-01-31.xsd#us-gaap_CollaborativeArrangementNatureAndPurpose' xlink:label='loc_CollaborativeArrangementNatureAndPurpose' xlink:type='locator' />
<link:loc xlink:href='../elts/us-gaap-2014-01-31.xsd#us-gaap_CollaborativeArrangementRightsAndObligations' xlink:label='loc_CollaborativeArrangementRightsAndObligations' xlink:type='locator' />
<link:loc xlink:href='../elts/us-gaap-2014-01-31.xsd#us-gaap_CollaborativeArrangementIncomeStatementClassification' xlink:label='loc_CollaborativeArrangementIncomeStatementClassification' xlink:type='locator' />
<link:loc xlink:href='../elts/us-gaap-2014-01-31.xsd#us-gaap_NoncollaborativeArrangementTransactionsMember' xlink:label='loc_NoncollaborativeArrangementTransactionsMember' xlink:type='locator' />
<link:definitionArc order='1.0' xlink:arcrole='http://xbrl.org/int/dim/arcrole/domain-member' xlink:from='loc_ArrangementsAndNonarrangementTransactionsMember' xlink:to='loc_TypeOfArrangementDomain' xlink:type='arc' />
<link:definitionArc order='6.0' xlink:arcrole='http://xbrl.org/int/dim/arcrole/domain-member' xlink:from='loc_ArrangementsAndNonarrangementTransactionsMember' xlink:to='loc_NonarrangementTransactionsMember' xlink:type='arc' />
<link:definitionArc order='3.0' xlink:arcrole='http://xbrl.org/int/dim/arcrole/domain-member' xlink:from='loc_CollaborativeArrangementMember' xlink:to='loc_CollaborativeArrangementProductAgreementMember' xlink:type='arc' />
<link:definitionArc order='4.0' xlink:arcrole='http://xbrl.org/int/dim/arcrole/domain-member' xlink:from='loc_CollaborativeArrangementMember' xlink:to='loc_CollaborativeArrangementCopromotionMember' xlink:type='arc' />
<link:definitionArc order='1.0' xlink:arcrole='http://xbrl.org/int/dim/arcrole/domain-member' xlink:from='loc_CollaborativeArrangementsAndNoncollaborativeArrangementTransactionsLineItems' xlink:to='loc_CollaborativeArrangementNatureAndPurpose' xlink:type='arc' />
<link:definitionArc order='2.0' xlink:arcrole='http://xbrl.org/int/dim/arcrole/domain-member' xlink:from='loc_CollaborativeArrangementsAndNoncollaborativeArrangementTransactionsLineItems' xlink:to='loc_CollaborativeArrangementRightsAndObligations' xlink:type='arc' />
<link:definitionArc order='3.0' xlink:arcrole='http://xbrl.org/int/dim/arcrole/domain-member' xlink:from='loc_CollaborativeArrangementsAndNoncollaborativeArrangementTransactionsLineItems' xlink:to='loc_CollaborativeArrangementIncomeStatementClassification' xlink:type='arc' />
<link:definitionArc order='2.0' xlink:arcrole='http://xbrl.org/int/dim/arcrole/domain-member' xlink:from='loc_TypeOfArrangementDomain' xlink:to='loc_CollaborativeArrangementMember' xlink:type='arc' />
<link:definitionArc order='5.0' xlink:arcrole='http://xbrl.org/int/dim/arcrole/domain-member' xlink:from='loc_TypeOfArrangementDomain' xlink:to='loc_NoncollaborativeArrangementTransactionsMember' xlink:type='arc' />
</link:definitionLink>
<link:definitionLink xlink:role='http://fasb.org/us-gaap/role/disclosure/OrganizationConsolidationAndPresentationOfFinancialStatementsScheduleOfCollaborativeArrangementsAndNoncollaborativeArrangementTransactionsTable' xlink:type='extended'>
<link:loc xlink:href='../elts/us-gaap-2014-01-31.xsd#us-gaap_ScheduleOfCollaborativeArrangementsAndNoncollaborativeArrangementTransactionsTable' xlink:label='loc_ScheduleOfCollaborativeArrangementsAndNoncollaborativeArrangementTransactionsTable' xlink:type='locator' />
<link:loc xlink:href='../elts/us-gaap-2014-01-31.xsd#us-gaap_TypeOfArrangementAxis' xlink:label='loc_TypeOfArrangementAxis' xlink:type='locator' />
<link:definitionArc order='1.0' xlink:arcrole='http://xbrl.org/int/dim/arcrole/hypercube-dimension' xlink:from='loc_ScheduleOfCollaborativeArrangementsAndNoncollaborativeArrangementTransactionsTable' xlink:to='loc_TypeOfArrangementAxis' xlink:type='arc' />
</link:definitionLink>
<link:definitionLink xlink:role='http://fasb.org/us-gaap/role/disclosure/OrganizationConsolidationAndPresentationOfFinancialStatementsScheduleOfFranchisorDisclosureTable' xlink:type='extended'>
<link:loc xlink:href='../elts/us-gaap-2014-01-31.xsd#us-gaap_FranchisorDisclosureLineItems' xlink:label='loc_FranchisorDisclosureLineItems' xlink:type='locator' />
<link:loc xlink:href='../elts/us-gaap-2014-01-31.xsd#us-gaap_ScheduleOfFranchisorDisclosureTable' xlink:label='loc_ScheduleOfFranchisorDisclosureTable' xlink:type='locator' />
<link:definitionArc order='1.0' xbrldt:closed='true' xbrldt:contextElement='segment' xlink:arcrole='http://xbrl.org/int/dim/arcrole/all' xlink:from='loc_FranchisorDisclosureLineItems' xlink:to='loc_ScheduleOfFranchisorDisclosureTable' xlink:type='arc' />
</link:definitionLink>
<link:definitionLink xlink:role='http://fasb.org/us-gaap/role/disclosure/OrganizationConsolidationAndPresentationOfFinancialStatementsScheduleOfFranchisorDisclosureTable' xlink:type='extended'>
<link:loc xlink:href='../elts/us-gaap-2014-01-31.xsd#us-gaap_FranchisorDisclosureAxis' xlink:label='loc_FranchisorDisclosureAxis' xlink:type='locator' />
<link:loc xlink:href='../elts/us-gaap-2014-01-31.xsd#us-gaap_FranchisorDisclosureDomain' xlink:label='loc_FranchisorDisclosureDomain' xlink:type='locator' />
<link:definitionArc order='1.0' xlink:arcrole='http://xbrl.org/int/dim/arcrole/dimension-default' xlink:from='loc_FranchisorDisclosureAxis' xlink:to='loc_FranchisorDisclosureDomain' xlink:type='arc' />
</link:definitionLink>
<link:definitionLink xlink:role='http://fasb.org/us-gaap/role/disclosure/OrganizationConsolidationAndPresentationOfFinancialStatementsScheduleOfFranchisorDisclosureTable' xlink:type='extended'>
<link:loc xlink:href='../elts/us-gaap-2014-01-31.xsd#us-gaap_FranchisorDisclosureAxis' xlink:label='loc_FranchisorDisclosureAxis' xlink:type='locator' />
<link:loc xlink:href='../elts/us-gaap-2014-01-31.xsd#us-gaap_FranchisorDisclosureDomain' xlink:label='loc_FranchisorDisclosureDomain' xlink:type='locator' />
<link:definitionArc order='1.0' xlink:arcrole='http://xbrl.org/int/dim/arcrole/dimension-domain' xlink:from='loc_FranchisorDisclosureAxis' xlink:to='loc_FranchisorDisclosureDomain' xlink:type='arc' />
</link:definitionLink>
<link:definitionLink xlink:role='http://fasb.org/us-gaap/role/disclosure/OrganizationConsolidationAndPresentationOfFinancialStatementsScheduleOfFranchisorDisclosureTable' xlink:type='extended'>
<link:loc xlink:href='../elts/us-gaap-2014-01-31.xsd#us-gaap_FranchisorDisclosureDomain' xlink:label='loc_FranchisorDisclosureDomain' xlink:type='locator' />
<link:loc xlink:href='../elts/us-gaap-2014-01-31.xsd#us-gaap_FranchisedUnitsMember' xlink:label='loc_FranchisedUnitsMember' xlink:type='locator' />
<link:loc xlink:href='../elts/us-gaap-2014-01-31.xsd#us-gaap_EntityOperatedUnitsMember' xlink:label='loc_EntityOperatedUnitsMember' xlink:type='locator' />
<link:loc xlink:href='../elts/us-gaap-2014-01-31.xsd#us-gaap_FranchisorDisclosureLineItems' xlink:label='loc_FranchisorDisclosureLineItems' xlink:type='locator' />
<link:loc xlink:href='../elts/us-gaap-2014-01-31.xsd#us-gaap_NumberOfRestaurants' xlink:label='loc_NumberOfRestaurants' xlink:type='locator' />
<link:definitionArc order='1.0' xlink:arcrole='http://xbrl.org/int/dim/arcrole/domain-member' xlink:from='loc_FranchisorDisclosureDomain' xlink:to='loc_FranchisedUnitsMember' xlink:type='arc' />
<link:definitionArc order='2.0' xlink:arcrole='http://xbrl.org/int/dim/arcrole/domain-member' xlink:from='loc_FranchisorDisclosureDomain' xlink:to='loc_EntityOperatedUnitsMember' xlink:type='arc' />
<link:definitionArc order='1.0' xlink:arcrole='http://xbrl.org/int/dim/arcrole/domain-member' xlink:from='loc_FranchisorDisclosureLineItems' xlink:to='loc_NumberOfRestaurants' xlink:type='arc' />
</link:definitionLink>
<link:definitionLink xlink:role='http://fasb.org/us-gaap/role/disclosure/OrganizationConsolidationAndPresentationOfFinancialStatementsScheduleOfFranchisorDisclosureTable' xlink:type='extended'>
<link:loc xlink:href='../elts/us-gaap-2014-01-31.xsd#us-gaap_ScheduleOfFranchisorDisclosureTable' xlink:label='loc_ScheduleOfFranchisorDisclosureTable' xlink:type='locator' />
<link:loc xlink:href='../elts/us-gaap-2014-01-31.xsd#us-gaap_FranchisorDisclosureAxis' xlink:label='loc_FranchisorDisclosureAxis' xlink:type='locator' />
<link:definitionArc order='1.0' xlink:arcrole='http://xbrl.org/int/dim/arcrole/hypercube-dimension' xlink:from='loc_ScheduleOfFranchisorDisclosureTable' xlink:to='loc_FranchisorDisclosureAxis' xlink:type='arc' />
</link:definitionLink>
<link:definitionLink xlink:role='http://fasb.org/us-gaap/role/disclosure/OrganizationConsolidationAndPresentationOfFinancialStatementsScheduleOfProductInformationTable' xlink:type='extended'>
<link:loc xlink:href='../elts/us-gaap-2014-01-31.xsd#us-gaap_ProductInformationLineItems' xlink:label='loc_ProductInformationLineItems' xlink:type='locator' />
<link:loc xlink:href='../elts/us-gaap-2014-01-31.xsd#us-gaap_ScheduleOfProductInformationTable' xlink:label='loc_ScheduleOfProductInformationTable' xlink:type='locator' />
<link:definitionArc order='1.0' xbrldt:closed='true' xbrldt:contextElement='segment' xlink:arcrole='http://xbrl.org/int/dim/arcrole/all' xlink:from='loc_ProductInformationLineItems' xlink:to='loc_ScheduleOfProductInformationTable' xlink:type='arc' />
</link:definitionLink>
<link:definitionLink xlink:role='http://fasb.org/us-gaap/role/disclosure/OrganizationConsolidationAndPresentationOfFinancialStatementsScheduleOfProductInformationTable' xlink:type='extended'>
<link:loc xlink:href='../elts/us-gaap-2014-01-31.xsd#us-gaap_ConcentrationRiskByBenchmarkAxis' xlink:label='loc_ConcentrationRiskByBenchmarkAxis' xlink:type='locator' />
<link:loc xlink:href='../elts/us-gaap-2014-01-31.xsd#us-gaap_ConcentrationRiskBenchmarkDomain' xlink:label='loc_ConcentrationRiskBenchmarkDomain' xlink:type='locator' />
<link:loc xlink:href='../elts/us-gaap-2014-01-31.xsd#us-gaap_ProductOrServiceAxis' xlink:label='loc_ProductOrServiceAxis' xlink:type='locator' />
<link:loc xlink:href='../elts/us-gaap-2014-01-31.xsd#us-gaap_ProductsAndServicesDomain' xlink:label='loc_ProductsAndServicesDomain' xlink:type='locator' />
<link:definitionArc order='2.0' xlink:arcrole='http://xbrl.org/int/dim/arcrole/dimension-default' xlink:from='loc_ConcentrationRiskByBenchmarkAxis' xlink:to='loc_ConcentrationRiskBenchmarkDomain' xlink:type='arc' />
<link:definitionArc order='1.0' xlink:arcrole='http://xbrl.org/int/dim/arcrole/dimension-default' xlink:from='loc_ProductOrServiceAxis' xlink:to='loc_ProductsAndServicesDomain' xlink:type='arc' />
</link:definitionLink>
<link:definitionLink xlink:role='http://fasb.org/us-gaap/role/disclosure/OrganizationConsolidationAndPresentationOfFinancialStatementsScheduleOfProductInformationTable' xlink:type='extended'>
<link:loc xlink:href='../elts/us-gaap-2014-01-31.xsd#us-gaap_ConcentrationRiskByBenchmarkAxis' xlink:label='loc_ConcentrationRiskByBenchmarkAxis' xlink:type='locator' />
<link:loc xlink:href='../elts/us-gaap-2014-01-31.xsd#us-gaap_ConcentrationRiskBenchmarkDomain' xlink:label='loc_ConcentrationRiskBenchmarkDomain' xlink:type='locator' />
<link:loc xlink:href='../elts/us-gaap-2014-01-31.xsd#us-gaap_ProductOrServiceAxis' xlink:label='loc_ProductOrServiceAxis' xlink:type='locator' />
<link:loc xlink:href='../elts/us-gaap-2014-01-31.xsd#us-gaap_ProductsAndServicesDomain' xlink:label='loc_ProductsAndServicesDomain' xlink:type='locator' />
<link:definitionArc order='2.0' xlink:arcrole='http://xbrl.org/int/dim/arcrole/dimension-domain' xlink:from='loc_ConcentrationRiskByBenchmarkAxis' xlink:to='loc_ConcentrationRiskBenchmarkDomain' xlink:type='arc' />
<link:definitionArc order='1.0' xlink:arcrole='http://xbrl.org/int/dim/arcrole/dimension-domain' xlink:from='loc_ProductOrServiceAxis' xlink:to='loc_ProductsAndServicesDomain' xlink:type='arc' />
</link:definitionLink>
<link:definitionLink xlink:role='http://fasb.org/us-gaap/role/disclosure/OrganizationConsolidationAndPresentationOfFinancialStatementsScheduleOfProductInformationTable' xlink:type='extended'>
<link:loc xlink:href='../elts/us-gaap-2014-01-31.xsd#us-gaap_ConcentrationRiskBenchmarkDomain' xlink:label='loc_ConcentrationRiskBenchmarkDomain' xlink:type='locator' />
<link:loc xlink:href='../elts/us-gaap-2014-01-31.xsd#us-gaap_SalesRevenueNetMember' xlink:label='loc_SalesRevenueNetMember' xlink:type='locator' />
<link:loc xlink:href='../elts/us-gaap-2014-01-31.xsd#us-gaap_ProductInformationLineItems' xlink:label='loc_ProductInformationLineItems' xlink:type='locator' />
<link:loc xlink:href='../elts/us-gaap-2014-01-31.xsd#us-gaap_SalesRevenueGoodsNet' xlink:label='loc_SalesRevenueGoodsNet' xlink:type='locator' />
<link:loc xlink:href='../elts/us-gaap-2014-01-31.xsd#us-gaap_ConcentrationRiskPercentage1' xlink:label='loc_ConcentrationRiskPercentage1' xlink:type='locator' />
<link:loc xlink:href='../elts/us-gaap-2014-01-31.xsd#us-gaap_ProductsAndServicesDomain' xlink:label='loc_ProductsAndServicesDomain' xlink:type='locator' />
<link:loc xlink:href='../elts/us-gaap-2014-01-31.xsd#us-gaap_ProductMember' xlink:label='loc_ProductMember' xlink:type='locator' />
<link:definitionArc order='2.0' xlink:arcrole='http://xbrl.org/int/dim/arcrole/domain-member' xlink:from='loc_ConcentrationRiskBenchmarkDomain' xlink:to='loc_SalesRevenueNetMember' xlink:type='arc' />
<link:definitionArc order='1.0' xlink:arcrole='http://xbrl.org/int/dim/arcrole/domain-member' xlink:from='loc_ProductInformationLineItems' xlink:to='loc_SalesRevenueGoodsNet' xlink:type='arc' />
<link:definitionArc order='2.0' xlink:arcrole='http://xbrl.org/int/dim/arcrole/domain-member' xlink:from='loc_ProductInformationLineItems' xlink:to='loc_ConcentrationRiskPercentage1' xlink:type='arc' />
<link:definitionArc order='1.0' xlink:arcrole='http://xbrl.org/int/dim/arcrole/domain-member' xlink:from='loc_ProductsAndServicesDomain' xlink:to='loc_ProductMember' xlink:type='arc' />
</link:definitionLink>
<link:definitionLink xlink:role='http://fasb.org/us-gaap/role/disclosure/OrganizationConsolidationAndPresentationOfFinancialStatementsScheduleOfProductInformationTable' xlink:type='extended'>
<link:loc xlink:href='../elts/us-gaap-2014-01-31.xsd#us-gaap_ScheduleOfProductInformationTable' xlink:label='loc_ScheduleOfProductInformationTable' xlink:type='locator' />
<link:loc xlink:href='../elts/us-gaap-2014-01-31.xsd#us-gaap_ProductOrServiceAxis' xlink:label='loc_ProductOrServiceAxis' xlink:type='locator' />
<link:loc xlink:href='../elts/us-gaap-2014-01-31.xsd#us-gaap_ConcentrationRiskByBenchmarkAxis' xlink:label='loc_ConcentrationRiskByBenchmarkAxis' xlink:type='locator' />
<link:definitionArc order='1.0' xlink:arcrole='http://xbrl.org/int/dim/arcrole/hypercube-dimension' xlink:from='loc_ScheduleOfProductInformationTable' xlink:to='loc_ProductOrServiceAxis' xlink:type='arc' />
<link:definitionArc order='2.0' xlink:arcrole='http://xbrl.org/int/dim/arcrole/hypercube-dimension' xlink:from='loc_ScheduleOfProductInformationTable' xlink:to='loc_ConcentrationRiskByBenchmarkAxis' xlink:type='arc' />
</link:definitionLink>
<link:definitionLink xlink:role='http://fasb.org/us-gaap/role/disclosure/OrganizationConsolidationAndPresentationOfFinancialStatementsScheduleOfRealEstatePropertiesTable' xlink:type='extended'>
<link:loc xlink:href='../elts/us-gaap-2014-01-31.xsd#us-gaap_RealEstatePropertiesLineItems' xlink:label='loc_RealEstatePropertiesLineItems' xlink:type='locator' />
<link:loc xlink:href='../elts/us-gaap-2014-01-31.xsd#us-gaap_ScheduleOfRealEstatePropertiesTable' xlink:label='loc_ScheduleOfRealEstatePropertiesTable' xlink:type='locator' />
<link:definitionArc order='1.0' xbrldt:closed='true' xbrldt:contextElement='segment' xlink:arcrole='http://xbrl.org/int/dim/arcrole/all' xlink:from='loc_RealEstatePropertiesLineItems' xlink:to='loc_ScheduleOfRealEstatePropertiesTable' xlink:type='arc' />
</link:definitionLink>
<link:definitionLink xlink:role='http://fasb.org/us-gaap/role/disclosure/OrganizationConsolidationAndPresentationOfFinancialStatementsScheduleOfRealEstatePropertiesTable' xlink:type='extended'>
<link:loc xlink:href='../elts/us-gaap-2014-01-31.xsd#us-gaap_RealEstatePropertiesAxis' xlink:label='loc_RealEstatePropertiesAxis' xlink:type='locator' />
<link:loc xlink:href='../elts/us-gaap-2014-01-31.xsd#us-gaap_RealEstatePropertiesDomain' xlink:label='loc_RealEstatePropertiesDomain' xlink:type='locator' />
<link:definitionArc order='1.0' xlink:arcrole='http://xbrl.org/int/dim/arcrole/dimension-default' xlink:from='loc_RealEstatePropertiesAxis' xlink:to='loc_RealEstatePropertiesDomain' xlink:type='arc' />
</link:definitionLink>
<link:definitionLink xlink:role='http://fasb.org/us-gaap/role/disclosure/OrganizationConsolidationAndPresentationOfFinancialStatementsScheduleOfRealEstatePropertiesTable' xlink:type='extended'>
<link:loc xlink:href='../elts/us-gaap-2014-01-31.xsd#us-gaap_RealEstatePropertiesAxis' xlink:label='loc_RealEstatePropertiesAxis' xlink:type='locator' />
<link:loc xlink:href='../elts/us-gaap-2014-01-31.xsd#us-gaap_RealEstatePropertiesDomain' xlink:label='loc_RealEstatePropertiesDomain' xlink:type='locator' />
<link:definitionArc order='1.0' xlink:arcrole='http://xbrl.org/int/dim/arcrole/dimension-domain' xlink:from='loc_RealEstatePropertiesAxis' xlink:to='loc_RealEstatePropertiesDomain' xlink:type='arc' />
</link:definitionLink>
<link:definitionLink xlink:role='http://fasb.org/us-gaap/role/disclosure/OrganizationConsolidationAndPresentationOfFinancialStatementsScheduleOfRealEstatePropertiesTable' xlink:type='extended'>
<link:loc xlink:href='../elts/us-gaap-2014-01-31.xsd#us-gaap_PartiallyOwnedPropertiesMember' xlink:label='loc_PartiallyOwnedPropertiesMember' xlink:type='locator' />
<link:loc xlink:href='../elts/us-gaap-2014-01-31.xsd#us-gaap_ConsolidatedPropertiesMember' xlink:label='loc_ConsolidatedPropertiesMember' xlink:type='locator' />
<link:loc xlink:href='../elts/us-gaap-2014-01-31.xsd#us-gaap_UnconsolidatedPropertiesMember' xlink:label='loc_UnconsolidatedPropertiesMember' xlink:type='locator' />
<link:loc xlink:href='../elts/us-gaap-2014-01-31.xsd#us-gaap_RealEstatePropertiesDomain' xlink:label='loc_RealEstatePropertiesDomain' xlink:type='locator' />
<link:loc xlink:href='../elts/us-gaap-2014-01-31.xsd#us-gaap_WhollyOwnedPropertiesMember' xlink:label='loc_WhollyOwnedPropertiesMember' xlink:type='locator' />
<link:loc xlink:href='../elts/us-gaap-2014-01-31.xsd#us-gaap_RealEstatePropertiesLineItems' xlink:label='loc_RealEstatePropertiesLineItems' xlink:type='locator' />
<link:loc xlink:href='../elts/us-gaap-2014-01-31.xsd#us-gaap_NumberOfRealEstateProperties' xlink:label='loc_NumberOfRealEstateProperties' xlink:type='locator' />
<link:loc xlink:href='../elts/us-gaap-2014-01-31.xsd#us-gaap_NumberOfUnitsInRealEstateProperty' xlink:label='loc_NumberOfUnitsInRealEstateProperty' xlink:type='locator' />
<link:loc xlink:href='../elts/us-gaap-2014-01-31.xsd#us-gaap_NumberOfRealEstatePropertiesFeeSimple' xlink:label='loc_NumberOfRealEstatePropertiesFeeSimple' xlink:type='locator' />
<link:definitionArc order='3.0' xlink:arcrole='http://xbrl.org/int/dim/arcrole/domain-member' xlink:from='loc_PartiallyOwnedPropertiesMember' xlink:to='loc_ConsolidatedPropertiesMember' xlink:type='arc' />
<link:definitionArc order='4.0' xlink:arcrole='http://xbrl.org/int/dim/arcrole/domain-member' xlink:from='loc_PartiallyOwnedPropertiesMember' xlink:to='loc_UnconsolidatedPropertiesMember' xlink:type='arc' />
<link:definitionArc order='1.0' xlink:arcrole='http://xbrl.org/int/dim/arcrole/domain-member' xlink:from='loc_RealEstatePropertiesDomain' xlink:to='loc_WhollyOwnedPropertiesMember' xlink:type='arc' />
<link:definitionArc order='2.0' xlink:arcrole='http://xbrl.org/int/dim/arcrole/domain-member' xlink:from='loc_RealEstatePropertiesDomain' xlink:to='loc_PartiallyOwnedPropertiesMember' xlink:type='arc' />
<link:definitionArc order='1.0' xlink:arcrole='http://xbrl.org/int/dim/arcrole/domain-member' xlink:from='loc_RealEstatePropertiesLineItems' xlink:to='loc_NumberOfRealEstateProperties' xlink:type='arc' />
<link:definitionArc order='2.0' xlink:arcrole='http://xbrl.org/int/dim/arcrole/domain-member' xlink:from='loc_RealEstatePropertiesLineItems' xlink:to='loc_NumberOfUnitsInRealEstateProperty' xlink:type='arc' />
<link:definitionArc order='3.0' xlink:arcrole='http://xbrl.org/int/dim/arcrole/domain-member' xlink:from='loc_RealEstatePropertiesLineItems' xlink:to='loc_NumberOfRealEstatePropertiesFeeSimple' xlink:type='arc' />
</link:definitionLink>
<link:definitionLink xlink:role='http://fasb.org/us-gaap/role/disclosure/OrganizationConsolidationAndPresentationOfFinancialStatementsScheduleOfRealEstatePropertiesTable' xlink:type='extended'>
<link:loc xlink:href='../elts/us-gaap-2014-01-31.xsd#us-gaap_ScheduleOfRealEstatePropertiesTable' xlink:label='loc_ScheduleOfRealEstatePropertiesTable' xlink:type='locator' />
<link:loc xlink:href='../elts/us-gaap-2014-01-31.xsd#us-gaap_RealEstatePropertiesAxis' xlink:label='loc_RealEstatePropertiesAxis' xlink:type='locator' />
<link:definitionArc order='1.0' xlink:arcrole='http://xbrl.org/int/dim/arcrole/hypercube-dimension' xlink:from='loc_ScheduleOfRealEstatePropertiesTable' xlink:to='loc_RealEstatePropertiesAxis' xlink:type='arc' />
</link:definitionLink>
<link:definitionLink xlink:role='http://fasb.org/us-gaap/role/disclosure/OrganizationConsolidationAndPresentationOfFinancialStatementsScheduleOfSubsidiaryOfLimitedLiabilityCompanyOrLimitedPartnershipTable' xlink:type='extended'>
<link:loc xlink:href='../elts/us-gaap-2014-01-31.xsd#us-gaap_SubsidiaryOfLimitedLiabilityCompanyOrLimitedPartnershipLineItems' xlink:label='loc_SubsidiaryOfLimitedLiabilityCompanyOrLimitedPartnershipLineItems' xlink:type='locator' />
<link:loc xlink:href='../elts/us-gaap-2014-01-31.xsd#us-gaap_ScheduleOfSubsidiaryOfLimitedLiabilityCompanyOrLimitedPartnershipTable' xlink:label='loc_ScheduleOfSubsidiaryOfLimitedLiabilityCompanyOrLimitedPartnershipTable' xlink:type='locator' />
<link:definitionArc order='1.0' xbrldt:closed='true' xbrldt:contextElement='segment' xlink:arcrole='http://xbrl.org/int/dim/arcrole/all' xlink:from='loc_SubsidiaryOfLimitedLiabilityCompanyOrLimitedPartnershipLineItems' xlink:to='loc_ScheduleOfSubsidiaryOfLimitedLiabilityCompanyOrLimitedPartnershipTable' xlink:type='arc' />
</link:definitionLink>
<link:definitionLink xlink:role='http://fasb.org/us-gaap/role/disclosure/OrganizationConsolidationAndPresentationOfFinancialStatementsScheduleOfSubsidiaryOfLimitedLiabilityCompanyOrLimitedPartnershipTable' xlink:type='extended'>
<link:loc xlink:href='../elts/us-gaap-2014-01-31.xsd#us-gaap_ConsolidationItemsAxis' xlink:label='loc_ConsolidationItemsAxis' xlink:type='locator' />
<link:loc xlink:href='../elts/us-gaap-2014-01-31.xsd#us-gaap_ConsolidationItemsDomain' xlink:label='loc_ConsolidationItemsDomain' xlink:type='locator' />
<link:loc xlink:href='http://xbrl.sec.gov/dei/2014/dei-2014-01-31.xsd#dei_LegalEntityAxis' xlink:label='loc_LegalEntityAxis' xlink:type='locator' />
<link:loc xlink:href='http://xbrl.sec.gov/dei/2014/dei-2014-01-31.xsd#dei_EntityDomain' xlink:label='loc_EntityDomain' xlink:type='locator' />
<link:definitionArc order='1.0' xlink:arcrole='http://xbrl.org/int/dim/arcrole/dimension-default' xlink:from='loc_ConsolidationItemsAxis' xlink:to='loc_ConsolidationItemsDomain' xlink:type='arc' />
<link:definitionArc order='2.0' xlink:arcrole='http://xbrl.org/int/dim/arcrole/dimension-default' xlink:from='loc_LegalEntityAxis' xlink:to='loc_EntityDomain' xlink:type='arc' />
</link:definitionLink>
<link:definitionLink xlink:role='http://fasb.org/us-gaap/role/disclosure/OrganizationConsolidationAndPresentationOfFinancialStatementsScheduleOfSubsidiaryOfLimitedLiabilityCompanyOrLimitedPartnershipTable' xlink:type='extended'>
<link:loc xlink:href='../elts/us-gaap-2014-01-31.xsd#us-gaap_ConsolidationItemsAxis' xlink:label='loc_ConsolidationItemsAxis' xlink:type='locator' />
<link:loc xlink:href='../elts/us-gaap-2014-01-31.xsd#us-gaap_ConsolidationItemsDomain' xlink:label='loc_ConsolidationItemsDomain' xlink:type='locator' />
<link:loc xlink:href='http://xbrl.sec.gov/dei/2014/dei-2014-01-31.xsd#dei_LegalEntityAxis' xlink:label='loc_LegalEntityAxis' xlink:type='locator' />
<link:loc xlink:href='http://xbrl.sec.gov/dei/2014/dei-2014-01-31.xsd#dei_EntityDomain' xlink:label='loc_EntityDomain' xlink:type='locator' />
<link:definitionArc order='1.0' xlink:arcrole='http://xbrl.org/int/dim/arcrole/dimension-domain' xlink:from='loc_ConsolidationItemsAxis' xlink:to='loc_ConsolidationItemsDomain' xlink:type='arc' />
<link:definitionArc order='2.0' xlink:arcrole='http://xbrl.org/int/dim/arcrole/dimension-domain' xlink:from='loc_LegalEntityAxis' xlink:to='loc_EntityDomain' xlink:type='arc' />
</link:definitionLink>
<link:definitionLink xlink:role='http://fasb.org/us-gaap/role/disclosure/OrganizationConsolidationAndPresentationOfFinancialStatementsScheduleOfSubsidiaryOfLimitedLiabilityCompanyOrLimitedPartnershipTable' xlink:type='extended'>
<link:loc xlink:href='../elts/us-gaap-2014-01-31.xsd#us-gaap_ConsolidationItemsDomain' xlink:label='loc_ConsolidationItemsDomain' xlink:type='locator' />
<link:loc xlink:href='../elts/us-gaap-2014-01-31.xsd#us-gaap_ReportableLegalEntitiesMember' xlink:label='loc_ReportableLegalEntitiesMember' xlink:type='locator' />
<link:loc xlink:href='../elts/us-gaap-2014-01-31.xsd#us-gaap_ConsolidationEliminationsMember' xlink:label='loc_ConsolidationEliminationsMember' xlink:type='locator' />
<link:loc xlink:href='http://xbrl.sec.gov/dei/2014/dei-2014-01-31.xsd#dei_EntityDomain' xlink:label='loc_EntityDomain' xlink:type='locator' />
<link:loc xlink:href='../elts/us-gaap-2014-01-31.xsd#us-gaap_SubsidiariesMember' xlink:label='loc_SubsidiariesMember' xlink:type='locator' />
<link:loc xlink:href='../elts/us-gaap-2014-01-31.xsd#us-gaap_SubsidiaryOfLimitedLiabilityCompanyOrLimitedPartnershipLineItems' xlink:label='loc_SubsidiaryOfLimitedLiabilityCompanyOrLimitedPartnershipLineItems' xlink:type='locator' />
<link:loc xlink:href='../elts/us-gaap-2014-01-31.xsd#us-gaap_SubsidiaryOfLimitedLiabilityCompanyOrLimitedPartnershipType' xlink:label='loc_SubsidiaryOfLimitedLiabilityCompanyOrLimitedPartnershipType' xlink:type='locator' />
<link:loc xlink:href='../elts/us-gaap-2014-01-31.xsd#us-gaap_SubsidiaryOfLimitedLiabilityCompanyOrLimitedPartnershipDate' xlink:label='loc_SubsidiaryOfLimitedLiabilityCompanyOrLimitedPartnershipDate' xlink:type='locator' />
<link:loc xlink:href='../elts/us-gaap-2014-01-31.xsd#us-gaap_SubsidiaryOfLimitedLiabilityCompanyOrLimitedPartnershipState' xlink:label='loc_SubsidiaryOfLimitedLiabilityCompanyOrLimitedPartnershipState' xlink:type='locator' />
<link:loc xlink:href='../elts/us-gaap-2014-01-31.xsd#us-gaap_SubsidiaryOfLimitedLiabilityCompanyOrLimitedPartnershipOwnershipInterest' xlink:label='loc_SubsidiaryOfLimitedLiabilityCompanyOrLimitedPartnershipOwnershipInterest' xlink:type='locator' />
<link:loc xlink:href='../elts/us-gaap-2014-01-31.xsd#us-gaap_SubsidiaryOfLimitedLiabilityCompanyOrLimitedPartnershipBusinessPurpose' xlink:label='loc_SubsidiaryOfLimitedLiabilityCompanyOrLimitedPartnershipBusinessPurpose' xlink:type='locator' />
<link:loc xlink:href='../elts/us-gaap-2014-01-31.xsd#us-gaap_SubsidiaryOfLimitedLiabilityCompanyOrLimitedPartnershipManagingMemberOrGeneralPartner' xlink:label='loc_SubsidiaryOfLimitedLiabilityCompanyOrLimitedPartnershipManagingMemberOrGeneralPartner' xlink:type='locator' />
<link:definitionArc order='1.0' xlink:arcrole='http://xbrl.org/int/dim/arcrole/domain-member' xlink:from='loc_ConsolidationItemsDomain' xlink:to='loc_ReportableLegalEntitiesMember' xlink:type='arc' />
<link:definitionArc order='2.0' xlink:arcrole='http://xbrl.org/int/dim/arcrole/domain-member' xlink:from='loc_ConsolidationItemsDomain' xlink:to='loc_ConsolidationEliminationsMember' xlink:type='arc' />
<link:definitionArc order='3.0' xlink:arcrole='http://xbrl.org/int/dim/arcrole/domain-member' xlink:from='loc_EntityDomain' xlink:to='loc_SubsidiariesMember' xlink:type='arc' />
<link:definitionArc order='1.0' xlink:arcrole='http://xbrl.org/int/dim/arcrole/domain-member' xlink:from='loc_SubsidiaryOfLimitedLiabilityCompanyOrLimitedPartnershipLineItems' xlink:to='loc_SubsidiaryOfLimitedLiabilityCompanyOrLimitedPartnershipType' xlink:type='arc' />
<link:definitionArc order='2.0' xlink:arcrole='http://xbrl.org/int/dim/arcrole/domain-member' xlink:from='loc_SubsidiaryOfLimitedLiabilityCompanyOrLimitedPartnershipLineItems' xlink:to='loc_SubsidiaryOfLimitedLiabilityCompanyOrLimitedPartnershipDate' xlink:type='arc' />
<link:definitionArc order='3.0' xlink:arcrole='http://xbrl.org/int/dim/arcrole/domain-member' xlink:from='loc_SubsidiaryOfLimitedLiabilityCompanyOrLimitedPartnershipLineItems' xlink:to='loc_SubsidiaryOfLimitedLiabilityCompanyOrLimitedPartnershipState' xlink:type='arc' />
<link:definitionArc order='4.0' xlink:arcrole='http://xbrl.org/int/dim/arcrole/domain-member' xlink:from='loc_SubsidiaryOfLimitedLiabilityCompanyOrLimitedPartnershipLineItems' xlink:to='loc_SubsidiaryOfLimitedLiabilityCompanyOrLimitedPartnershipOwnershipInterest' xlink:type='arc' />
<link:definitionArc order='5.0' xlink:arcrole='http://xbrl.org/int/dim/arcrole/domain-member' xlink:from='loc_SubsidiaryOfLimitedLiabilityCompanyOrLimitedPartnershipLineItems' xlink:to='loc_SubsidiaryOfLimitedLiabilityCompanyOrLimitedPartnershipBusinessPurpose' xlink:type='arc' />
<link:definitionArc order='6.0' xlink:arcrole='http://xbrl.org/int/dim/arcrole/domain-member' xlink:from='loc_SubsidiaryOfLimitedLiabilityCompanyOrLimitedPartnershipLineItems' xlink:to='loc_SubsidiaryOfLimitedLiabilityCompanyOrLimitedPartnershipManagingMemberOrGeneralPartner' xlink:type='arc' />
</link:definitionLink>
<link:definitionLink xlink:role='http://fasb.org/us-gaap/role/disclosure/OrganizationConsolidationAndPresentationOfFinancialStatementsScheduleOfSubsidiaryOfLimitedLiabilityCompanyOrLimitedPartnershipTable' xlink:type='extended'>
<link:loc xlink:href='../elts/us-gaap-2014-01-31.xsd#us-gaap_ScheduleOfSubsidiaryOfLimitedLiabilityCompanyOrLimitedPartnershipTable' xlink:label='loc_ScheduleOfSubsidiaryOfLimitedLiabilityCompanyOrLimitedPartnershipTable' xlink:type='locator' />
<link:loc xlink:href='../elts/us-gaap-2014-01-31.xsd#us-gaap_ConsolidationItemsAxis' xlink:label='loc_ConsolidationItemsAxis' xlink:type='locator' />
<link:loc xlink:href='http://xbrl.sec.gov/dei/2014/dei-2014-01-31.xsd#dei_LegalEntityAxis' xlink:label='loc_LegalEntityAxis' xlink:type='locator' />
<link:definitionArc order='1.0' xlink:arcrole='http://xbrl.org/int/dim/arcrole/hypercube-dimension' xlink:from='loc_ScheduleOfSubsidiaryOfLimitedLiabilityCompanyOrLimitedPartnershipTable' xlink:to='loc_ConsolidationItemsAxis' xlink:type='arc' />
<link:definitionArc order='2.0' xlink:arcrole='http://xbrl.org/int/dim/arcrole/hypercube-dimension' xlink:from='loc_ScheduleOfSubsidiaryOfLimitedLiabilityCompanyOrLimitedPartnershipTable' xlink:to='loc_LegalEntityAxis' xlink:type='arc' />
</link:definitionLink>
<link:definitionLink xlink:role='http://fasb.org/us-gaap/role/disclosure/OrganizationConsolidationAndPresentationOfFinancialStatementsScheduleOfVariableInterestEntitiesTable' xlink:type='extended'>
<link:loc xlink:href='../elts/us-gaap-2014-01-31.xsd#us-gaap_VariableInterestEntityLineItems' xlink:label='loc_VariableInterestEntityLineItems' xlink:type='locator' />
<link:loc xlink:href='../elts/us-gaap-2014-01-31.xsd#us-gaap_ScheduleOfVariableInterestEntitiesTable' xlink:label='loc_ScheduleOfVariableInterestEntitiesTable' xlink:type='locator' />
<link:definitionArc order='1.0' xbrldt:closed='true' xbrldt:contextElement='segment' xlink:arcrole='http://xbrl.org/int/dim/arcrole/all' xlink:from='loc_VariableInterestEntityLineItems' xlink:to='loc_ScheduleOfVariableInterestEntitiesTable' xlink:type='arc' />
</link:definitionLink>
<link:definitionLink xlink:role='http://fasb.org/us-gaap/role/disclosure/OrganizationConsolidationAndPresentationOfFinancialStatementsScheduleOfVariableInterestEntitiesTable' xlink:type='extended'>
<link:loc xlink:href='../elts/us-gaap-2014-01-31.xsd#us-gaap_VariableInterestEntitiesByClassificationOfEntityAxis' xlink:label='loc_VariableInterestEntitiesByClassificationOfEntityAxis' xlink:type='locator' />
<link:loc xlink:href='../elts/us-gaap-2014-01-31.xsd#us-gaap_ClassificationOfVariableInterestEntityDomain' xlink:label='loc_ClassificationOfVariableInterestEntityDomain' xlink:type='locator' />
<link:definitionArc order='1.0' xlink:arcrole='http://xbrl.org/int/dim/arcrole/dimension-default' xlink:from='loc_VariableInterestEntitiesByClassificationOfEntityAxis' xlink:to='loc_ClassificationOfVariableInterestEntityDomain' xlink:type='arc' />
</link:definitionLink>
<link:definitionLink xlink:role='http://fasb.org/us-gaap/role/disclosure/OrganizationConsolidationAndPresentationOfFinancialStatementsScheduleOfVariableInterestEntitiesTable' xlink:type='extended'>
<link:loc xlink:href='../elts/us-gaap-2014-01-31.xsd#us-gaap_VariableInterestEntitiesByClassificationOfEntityAxis' xlink:label='loc_VariableInterestEntitiesByClassificationOfEntityAxis' xlink:type='locator' />
<link:loc xlink:href='../elts/us-gaap-2014-01-31.xsd#us-gaap_ClassificationOfVariableInterestEntityDomain' xlink:label='loc_ClassificationOfVariableInterestEntityDomain' xlink:type='locator' />
<link:definitionArc order='1.0' xlink:arcrole='http://xbrl.org/int/dim/arcrole/dimension-domain' xlink:from='loc_VariableInterestEntitiesByClassificationOfEntityAxis' xlink:to='loc_ClassificationOfVariableInterestEntityDomain' xlink:type='arc' />
</link:definitionLink>
<link:definitionLink xlink:role='http://fasb.org/us-gaap/role/disclosure/OrganizationConsolidationAndPresentationOfFinancialStatementsScheduleOfVariableInterestEntitiesTable' xlink:type='extended'>
<link:loc xlink:href='../elts/us-gaap-2014-01-31.xsd#us-gaap_VariableInterestEntityVIEOrPotentialVIEInformationUnavailabilityMember' xlink:label='loc_VariableInterestEntityVIEOrPotentialVIEInformationUnavailabilityMember' xlink:type='locator' />
<link:loc xlink:href='../elts/us-gaap-2014-01-31.xsd#us-gaap_VariableInterestEntityVIEOrPotentialVIEInformationUnavailabilityAggregatedDisclosureMember' xlink:label='loc_VariableInterestEntityVIEOrPotentialVIEInformationUnavailabilityAggregatedDisclosureMember' xlink:type='locator' />
<link:loc xlink:href='../elts/us-gaap-2014-01-31.xsd#us-gaap_VariableInterestEntityLineItems' xlink:label='loc_VariableInterestEntityLineItems' xlink:type='locator' />
<link:loc xlink:href='../elts/us-gaap-2014-01-31.xsd#us-gaap_ConsolidationVariableInterestEntityPolicy' xlink:label='loc_ConsolidationVariableInterestEntityPolicy' xlink:type='locator' />
<link:loc xlink:href='../elts/us-gaap-2014-01-31.xsd#us-gaap_VariableInterestEntityMethodologyForDeterminingWhetherEnterpriseIsPrimaryBeneficiary' xlink:label='loc_VariableInterestEntityMethodologyForDeterminingWhetherEnterpriseIsPrimaryBeneficiary' xlink:type='locator' />
<link:loc xlink:href='../elts/us-gaap-2014-01-31.xsd#us-gaap_VariableInterestEntityConclusionToConsolidate' xlink:label='loc_VariableInterestEntityConclusionToConsolidate' xlink:type='locator' />
<link:loc xlink:href='../elts/us-gaap-2014-01-31.xsd#us-gaap_VariableInterestEntityInitialConsolidationGainOrLoss' xlink:label='loc_VariableInterestEntityInitialConsolidationGainOrLoss' xlink:type='locator' />
<link:loc xlink:href='../elts/us-gaap-2014-01-31.xsd#us-gaap_VariableInterestEntitySimilarEntityAggregationDescription' xlink:label='loc_VariableInterestEntitySimilarEntityAggregationDescription' xlink:type='locator' />
<link:loc xlink:href='../elts/us-gaap-2014-01-31.xsd#us-gaap_VariableInterestEntityNonexistenceFlag' xlink:label='loc_VariableInterestEntityNonexistenceFlag' xlink:type='locator' />
<link:loc xlink:href='../elts/us-gaap-2014-01-31.xsd#us-gaap_VariableInterestEntityFinancialOrOtherSupport' xlink:label='loc_VariableInterestEntityFinancialOrOtherSupport' xlink:type='locator' />
<link:loc xlink:href='../elts/us-gaap-2014-01-31.xsd#us-gaap_VariableInterestEntityFinancialOrOtherSupportAmount' xlink:label='loc_VariableInterestEntityFinancialOrOtherSupportAmount' xlink:type='locator' />
<link:loc xlink:href='../elts/us-gaap-2014-01-31.xsd#us-gaap_VariableInterestEntityFinancialOrOtherSupportReasons' xlink:label='loc_VariableInterestEntityFinancialOrOtherSupportReasons' xlink:type='locator' />
<link:loc xlink:href='../elts/us-gaap-2014-01-31.xsd#us-gaap_VariableInterestEntityFinancialOrOtherSupportType' xlink:label='loc_VariableInterestEntityFinancialOrOtherSupportType' xlink:type='locator' />
<link:loc xlink:href='../elts/us-gaap-2014-01-31.xsd#us-gaap_VariableInterestEntityTermsOfArrangements' xlink:label='loc_VariableInterestEntityTermsOfArrangements' xlink:type='locator' />
<link:loc xlink:href='../elts/us-gaap-2014-01-31.xsd#us-gaap_VariableInterestEntityExtentOfOrLackOfRecourse' xlink:label='loc_VariableInterestEntityExtentOfOrLackOfRecourse' xlink:type='locator' />
<link:loc xlink:href='../elts/us-gaap-2014-01-31.xsd#us-gaap_VariableInterestEntityQualitativeOrQuantitativeInformation' xlink:label='loc_VariableInterestEntityQualitativeOrQuantitativeInformation' xlink:type='locator' />
<link:loc xlink:href='../elts/us-gaap-2014-01-31.xsd#us-gaap_VariableInterestEntityDescriptionOfEntity' xlink:label='loc_VariableInterestEntityDescriptionOfEntity' xlink:type='locator' />
<link:loc xlink:href='../elts/us-gaap-2014-01-31.xsd#us-gaap_VariableInterestEntityTypeOfEntity' xlink:label='loc_VariableInterestEntityTypeOfEntity' xlink:type='locator' />
<link:loc xlink:href='../elts/us-gaap-2014-01-31.xsd#us-gaap_VariableInterestEntityOwnershipPercentage' xlink:label='loc_VariableInterestEntityOwnershipPercentage' xlink:type='locator' />
<link:loc xlink:href='../elts/us-gaap-2014-01-31.xsd#us-gaap_VariableInterestEntityVIEPurposeOfVIE' xlink:label='loc_VariableInterestEntityVIEPurposeOfVIE' xlink:type='locator' />
<link:loc xlink:href='../elts/us-gaap-2014-01-31.xsd#us-gaap_VariableInterestEntityVIESizeOfVIE' xlink:label='loc_VariableInterestEntityVIESizeOfVIE' xlink:type='locator' />
<link:loc xlink:href='../elts/us-gaap-2014-01-31.xsd#us-gaap_VariableInterestEntityVIEActivitiesOfVIE' xlink:label='loc_VariableInterestEntityVIEActivitiesOfVIE' xlink:type='locator' />
<link:loc xlink:href='../elts/us-gaap-2014-01-31.xsd#us-gaap_VariableInterestEntityNatureOfInvolvement' xlink:label='loc_VariableInterestEntityNatureOfInvolvement' xlink:type='locator' />
<link:loc xlink:href='../elts/us-gaap-2014-01-31.xsd#us-gaap_VariableInterestEntityQualitativeOrQuantitativeInformationDateInvolvementBegan1' xlink:label='loc_VariableInterestEntityQualitativeOrQuantitativeInformationDateInvolvementBegan1' xlink:type='locator' />
<link:loc xlink:href='../elts/us-gaap-2014-01-31.xsd#us-gaap_VariableInterestEntityClassificationOfCarryingAmountAssetsAndLiabilitiesNetAbstract' xlink:label='loc_VariableInterestEntityClassificationOfCarryingAmountAssetsAndLiabilitiesNetAbstract' xlink:type='locator' />
<link:loc xlink:href='../elts/us-gaap-2014-01-31.xsd#us-gaap_VariableInterestEntityCarryingAmountAssetsAndLiabilitiesQualitativeInformation' xlink:label='loc_VariableInterestEntityCarryingAmountAssetsAndLiabilitiesQualitativeInformation' xlink:type='locator' />
<link:loc xlink:href='../elts/us-gaap-2014-01-31.xsd#us-gaap_VariableInterestEntityPrimaryBeneficiaryDoesNotHoldMajorityVotingInterestDisclosuresAbstract' xlink:label='loc_VariableInterestEntityPrimaryBeneficiaryDoesNotHoldMajorityVotingInterestDisclosuresAbstract' xlink:type='locator' />
<link:loc xlink:href='../elts/us-gaap-2014-01-31.xsd#us-gaap_VariableInterestEntityNotPrimaryBeneficiaryDisclosuresAbstract' xlink:label='loc_VariableInterestEntityNotPrimaryBeneficiaryDisclosuresAbstract' xlink:type='locator' />
<link:loc xlink:href='../elts/us-gaap-2014-01-31.xsd#us-gaap_VariableInterestEntityVIEOrPotentialVIEInformationUnavailabilityDisclosuresAbstract' xlink:label='loc_VariableInterestEntityVIEOrPotentialVIEInformationUnavailabilityDisclosuresAbstract' xlink:type='locator' />
<link:loc xlink:href='../elts/us-gaap-2014-01-31.xsd#us-gaap_VariableInterestEntityNumberOfEntitiesWithUnavailabilityOfInformation' xlink:label='loc_VariableInterestEntityNumberOfEntitiesWithUnavailabilityOfInformation' xlink:type='locator' />
<link:loc xlink:href='../elts/us-gaap-2014-01-31.xsd#us-gaap_VariableInterestEntityReasonForUnavailabilityOfInformation' xlink:label='loc_VariableInterestEntityReasonForUnavailabilityOfInformation' xlink:type='locator' />
<link:loc xlink:href='../elts/us-gaap-2014-01-31.xsd#us-gaap_VariableInterestEntityMeasureOfActivityAbstract' xlink:label='loc_VariableInterestEntityMeasureOfActivityAbstract' xlink:type='locator' />
<link:loc xlink:href='../elts/us-gaap-2014-01-31.xsd#us-gaap_ClassificationOfVariableInterestEntityDomain' xlink:label='loc_ClassificationOfVariableInterestEntityDomain' xlink:type='locator' />
<link:loc xlink:href='../elts/us-gaap-2014-01-31.xsd#us-gaap_VariableInterestEntityPrimaryBeneficiaryMember' xlink:label='loc_VariableInterestEntityPrimaryBeneficiaryMember' xlink:type='locator' />
<link:loc xlink:href='../elts/us-gaap-2014-01-31.xsd#us-gaap_VariableInterestEntityNotPrimaryBeneficiaryMember' xlink:label='loc_VariableInterestEntityNotPrimaryBeneficiaryMember' xlink:type='locator' />
<link:loc xlink:href='../elts/us-gaap-2014-01-31.xsd#us-gaap_VariableInterestEntityClassificationOfCarryingAmountAssets' xlink:label='loc_VariableInterestEntityClassificationOfCarryingAmountAssets' xlink:type='locator' />
<link:loc xlink:href='../elts/us-gaap-2014-01-31.xsd#us-gaap_VariableInterestEntityClassificationOfCarryingAmountLiabilities' xlink:label='loc_VariableInterestEntityClassificationOfCarryingAmountLiabilities' xlink:type='locator' />
<link:loc xlink:href='../elts/us-gaap-2014-01-31.xsd#us-gaap_VariableInterestEntityClassificationOfCarryingAmountAssetsAndLiabilitiesNet' xlink:label='loc_VariableInterestEntityClassificationOfCarryingAmountAssetsAndLiabilitiesNet' xlink:type='locator' />
<link:loc xlink:href='../elts/us-gaap-2014-01-31.xsd#us-gaap_VariableInterestEntityConsolidatedCarryingAmountAssetsAndLiabilitiesAbstract' xlink:label='loc_VariableInterestEntityConsolidatedCarryingAmountAssetsAndLiabilitiesAbstract' xlink:type='locator' />
<link:loc xlink:href='../elts/us-gaap-2014-01-31.xsd#us-gaap_VariableInterestEntityConsolidatedCarryingAmountAssets' xlink:label='loc_VariableInterestEntityConsolidatedCarryingAmountAssets' xlink:type='locator' />
<link:loc xlink:href='../elts/us-gaap-2014-01-31.xsd#us-gaap_VariableInterestEntityConsolidatedCarryingAmountLiabilities' xlink:label='loc_VariableInterestEntityConsolidatedCarryingAmountLiabilities' xlink:type='locator' />
<link:loc xlink:href='../elts/us-gaap-2014-01-31.xsd#us-gaap_VariableInterestEntityConsolidatedCarryingAmountAssetsAndLiabilitiesNet' xlink:label='loc_VariableInterestEntityConsolidatedCarryingAmountAssetsAndLiabilitiesNet' xlink:type='locator' />
<link:loc xlink:href='../elts/us-gaap-2014-01-31.xsd#us-gaap_VariableInterestEntityActivityBetweenVIEAndEntityRevenues' xlink:label='loc_VariableInterestEntityActivityBetweenVIEAndEntityRevenues' xlink:type='locator' />
<link:loc xlink:href='../elts/us-gaap-2014-01-31.xsd#us-gaap_VariableInterestEntityActivityBetweenVIEAndEntityPurchases' xlink:label='loc_VariableInterestEntityActivityBetweenVIEAndEntityPurchases' xlink:type='locator' />
<link:loc xlink:href='../elts/us-gaap-2014-01-31.xsd#us-gaap_VariableInterestEntityActivityBetweenVIEAndEntityExpense' xlink:label='loc_VariableInterestEntityActivityBetweenVIEAndEntityExpense' xlink:type='locator' />
<link:loc xlink:href='../elts/us-gaap-2014-01-31.xsd#us-gaap_VariableInterestEntityActivityBetweenVIEAndEntityOperatingIncomeOrLoss' xlink:label='loc_VariableInterestEntityActivityBetweenVIEAndEntityOperatingIncomeOrLoss' xlink:type='locator' />
<link:loc xlink:href='../elts/us-gaap-2014-01-31.xsd#us-gaap_VariableInterestEntityActivityBetweenVIEAndEntityIncomeOrLossBeforeTax' xlink:label='loc_VariableInterestEntityActivityBetweenVIEAndEntityIncomeOrLossBeforeTax' xlink:type='locator' />
<link:loc xlink:href='../elts/us-gaap-2014-01-31.xsd#us-gaap_VariableInterestEntityActivityBetweenVIEAndEntityOtherMeasureOfActivityAmount' xlink:label='loc_VariableInterestEntityActivityBetweenVIEAndEntityOtherMeasureOfActivityAmount' xlink:type='locator' />
<link:loc xlink:href='../elts/us-gaap-2014-01-31.xsd#us-gaap_VariableInterestEntityActivityBetweenVIEAndEntityOtherMeasureOfActivityDescription' xlink:label='loc_VariableInterestEntityActivityBetweenVIEAndEntityOtherMeasureOfActivityDescription' xlink:type='locator' />
<link:loc xlink:href='../elts/us-gaap-2014-01-31.xsd#us-gaap_VariableInterestEntityNonconsolidatedCarryingAmountAssetsAndLiabilitiesAbstract' xlink:label='loc_VariableInterestEntityNonconsolidatedCarryingAmountAssetsAndLiabilitiesAbstract' xlink:type='locator' />
<link:loc xlink:href='../elts/us-gaap-2014-01-31.xsd#us-gaap_VariableInterestEntityNonconsolidatedCarryingAmountAssets' xlink:label='loc_VariableInterestEntityNonconsolidatedCarryingAmountAssets' xlink:type='locator' />
<link:loc xlink:href='../elts/us-gaap-2014-01-31.xsd#us-gaap_VariableInterestEntityNonconsolidatedCarryingAmountLiabilities' xlink:label='loc_VariableInterestEntityNonconsolidatedCarryingAmountLiabilities' xlink:type='locator' />
<link:loc xlink:href='../elts/us-gaap-2014-01-31.xsd#us-gaap_VariableInterestEntityNonconsolidatedCarryingAmountAssetsAndLiabilitiesNet' xlink:label='loc_VariableInterestEntityNonconsolidatedCarryingAmountAssetsAndLiabilitiesNet' xlink:type='locator' />
<link:loc xlink:href='../elts/us-gaap-2014-01-31.xsd#us-gaap_VariableInterestEntityNonconsolidatedComparisonOfCarryingAmountOfAssetsAndLiabilitiesToMaximumLossExposureAbstract' xlink:label='loc_VariableInterestEntityNonconsolidatedComparisonOfCarryingAmountOfAssetsAndLiabilitiesToMaximumLossExposureAbstract' xlink:type='locator' />
<link:loc xlink:href='../elts/us-gaap-2014-01-31.xsd#us-gaap_VariableInterestEntityReportingEntityInvolvementMaximumLossExposureAbstract' xlink:label='loc_VariableInterestEntityReportingEntityInvolvementMaximumLossExposureAbstract' xlink:type='locator' />
<link:loc xlink:href='../elts/us-gaap-2014-01-31.xsd#us-gaap_VariableInterestDifferenceBetweenCarryingAmountAndMaximumExposure' xlink:label='loc_VariableInterestDifferenceBetweenCarryingAmountAndMaximumExposure' xlink:type='locator' />
<link:loc xlink:href='../elts/us-gaap-2014-01-31.xsd#us-gaap_VariableInterestEntityNotPrimaryBeneficiaryAggregatedDisclosureMember' xlink:label='loc_VariableInterestEntityNotPrimaryBeneficiaryAggregatedDisclosureMember' xlink:type='locator' />
<link:loc xlink:href='../elts/us-gaap-2014-01-31.xsd#us-gaap_VariableInterestEntityReportingEntityInvolvementMaximumLossExposureDeterminationMethodologyAndFactorsAbstract' xlink:label='loc_VariableInterestEntityReportingEntityInvolvementMaximumLossExposureDeterminationMethodologyAndFactorsAbstract' xlink:type='locator' />
<link:loc xlink:href='../elts/us-gaap-2014-01-31.xsd#us-gaap_VariableInterestEntityNonconsolidatedComparisonOfCarryingAmountOfAssetsAndLiabilitiesToMaximumLossExposureExplanationQualitativeInformation' xlink:label='loc_VariableInterestEntityNonconsolidatedComparisonOfCarryingAmountOfAssetsAndLiabilitiesToMaximumLossExposureExplanationQualitativeInformation' xlink:type='locator' />
<link:loc xlink:href='../elts/us-gaap-2014-01-31.xsd#us-gaap_LiquidityArrangementsGuaranteesAndOtherCommitmentsByThirdParties' xlink:label='loc_LiquidityArrangementsGuaranteesAndOtherCommitmentsByThirdParties' xlink:type='locator' />
<link:loc xlink:href='../elts/us-gaap-2014-01-31.xsd#us-gaap_VariableInterestEntityPrimaryBeneficiaryAggregatedDisclosureMember' xlink:label='loc_VariableInterestEntityPrimaryBeneficiaryAggregatedDisclosureMember' xlink:type='locator' />
<link:loc xlink:href='../elts/us-gaap-2014-01-31.xsd#us-gaap_VariableInterestEntityExtentOfOrLackOfRecourseFlag' xlink:label='loc_VariableInterestEntityExtentOfOrLackOfRecourseFlag' xlink:type='locator' />
<link:loc xlink:href='../elts/us-gaap-2014-01-31.xsd#us-gaap_VariableInterestEntityReportingEntityInvolvementMaximumLossExposureNonquantifiableFlag' xlink:label='loc_VariableInterestEntityReportingEntityInvolvementMaximumLossExposureNonquantifiableFlag' xlink:type='locator' />
<link:loc xlink:href='../elts/us-gaap-2014-01-31.xsd#us-gaap_MaximumExposureToLossCannotBeQuantified' xlink:label='loc_MaximumExposureToLossCannotBeQuantified' xlink:type='locator' />
<link:loc xlink:href='../elts/us-gaap-2014-01-31.xsd#us-gaap_VariableInterestEntityEntityMaximumLossExposureAmount' xlink:label='loc_VariableInterestEntityEntityMaximumLossExposureAmount' xlink:type='locator' />
<link:loc xlink:href='../elts/us-gaap-2014-01-31.xsd#us-gaap_HowTheMaximumExposureToLossIsDeterminedQualitative' xlink:label='loc_HowTheMaximumExposureToLossIsDeterminedQualitative' xlink:type='locator' />
<link:loc xlink:href='../elts/us-gaap-2014-01-31.xsd#us-gaap_SignificantSourcesOfTheExposureToLossQualitative' xlink:label='loc_SignificantSourcesOfTheExposureToLossQualitative' xlink:type='locator' />
<link:definitionArc order='6.0' xlink:arcrole='http://xbrl.org/int/dim/arcrole/domain-member' xlink:from='loc_VariableInterestEntityVIEOrPotentialVIEInformationUnavailabilityMember' xlink:to='loc_VariableInterestEntityVIEOrPotentialVIEInformationUnavailabilityAggregatedDisclosureMember' xlink:type='arc' />
<link:definitionArc order='1.0' xlink:arcrole='http://xbrl.org/int/dim/arcrole/domain-member' xlink:from='loc_VariableInterestEntityLineItems' xlink:to='loc_ConsolidationVariableInterestEntityPolicy' xlink:type='arc' />
<link:definitionArc order='2.0' xlink:arcrole='http://xbrl.org/int/dim/arcrole/domain-member' xlink:from='loc_VariableInterestEntityLineItems' xlink:to='loc_VariableInterestEntityMethodologyForDeterminingWhetherEnterpriseIsPrimaryBeneficiary' xlink:type='arc' />
<link:definitionArc order='3.0' xlink:arcrole='http://xbrl.org/int/dim/arcrole/domain-member' xlink:from='loc_VariableInterestEntityLineItems' xlink:to='loc_VariableInterestEntityConclusionToConsolidate' xlink:type='arc' />
<link:definitionArc order='4.0' xlink:arcrole='http://xbrl.org/int/dim/arcrole/domain-member' xlink:from='loc_VariableInterestEntityLineItems' xlink:to='loc_VariableInterestEntityInitialConsolidationGainOrLoss' xlink:type='arc' />
<link:definitionArc order='5.0' xlink:arcrole='http://xbrl.org/int/dim/arcrole/domain-member' xlink:from='loc_VariableInterestEntityLineItems' xlink:to='loc_VariableInterestEntitySimilarEntityAggregationDescription' xlink:type='arc' />
<link:definitionArc order='6.0' xlink:arcrole='http://xbrl.org/int/dim/arcrole/domain-member' xlink:from='loc_VariableInterestEntityLineItems' xlink:to='loc_VariableInterestEntityNonexistenceFlag' xlink:type='arc' />
<link:definitionArc order='7.0' xlink:arcrole='http://xbrl.org/int/dim/arcrole/domain-member' xlink:from='loc_VariableInterestEntityLineItems' xlink:to='loc_VariableInterestEntityFinancialOrOtherSupport' xlink:type='arc' />
<link:definitionArc order='8.0' xlink:arcrole='http://xbrl.org/int/dim/arcrole/domain-member' xlink:from='loc_VariableInterestEntityFinancialOrOtherSupport' xlink:to='loc_VariableInterestEntityFinancialOrOtherSupportAmount' xlink:type='arc' />
<link:definitionArc order='9.0' xlink:arcrole='http://xbrl.org/int/dim/arcrole/domain-member' xlink:from='loc_VariableInterestEntityFinancialOrOtherSupport' xlink:to='loc_VariableInterestEntityFinancialOrOtherSupportReasons' xlink:type='arc' />
<link:definitionArc order='10.0' xlink:arcrole='http://xbrl.org/int/dim/arcrole/domain-member' xlink:from='loc_VariableInterestEntityFinancialOrOtherSupport' xlink:to='loc_VariableInterestEntityFinancialOrOtherSupportType' xlink:type='arc' />
<link:definitionArc order='11.0' xlink:arcrole='http://xbrl.org/int/dim/arcrole/domain-member' xlink:from='loc_VariableInterestEntityLineItems' xlink:to='loc_VariableInterestEntityTermsOfArrangements' xlink:type='arc' />
<link:definitionArc order='12.0' xlink:arcrole='http://xbrl.org/int/dim/arcrole/domain-member' xlink:from='loc_VariableInterestEntityLineItems' xlink:to='loc_VariableInterestEntityExtentOfOrLackOfRecourse' xlink:type='arc' />
<link:definitionArc order='13.0' xlink:arcrole='http://xbrl.org/int/dim/arcrole/domain-member' xlink:from='loc_VariableInterestEntityLineItems' xlink:to='loc_VariableInterestEntityQualitativeOrQuantitativeInformation' xlink:type='arc' />
<link:definitionArc order='14.0' xlink:arcrole='http://xbrl.org/int/dim/arcrole/domain-member' xlink:from='loc_VariableInterestEntityQualitativeOrQuantitativeInformation' xlink:to='loc_VariableInterestEntityDescriptionOfEntity' xlink:type='arc' />
<link:definitionArc order='15.0' xlink:arcrole='http://xbrl.org/int/dim/arcrole/domain-member' xlink:from='loc_VariableInterestEntityQualitativeOrQuantitativeInformation' xlink:to='loc_VariableInterestEntityTypeOfEntity' xlink:type='arc' />
<link:definitionArc order='16.0' xlink:arcrole='http://xbrl.org/int/dim/arcrole/domain-member' xlink:from='loc_VariableInterestEntityQualitativeOrQuantitativeInformation' xlink:to='loc_VariableInterestEntityOwnershipPercentage' xlink:type='arc' />
<link:definitionArc order='17.0' xlink:arcrole='http://xbrl.org/int/dim/arcrole/domain-member' xlink:from='loc_VariableInterestEntityQualitativeOrQuantitativeInformation' xlink:to='loc_VariableInterestEntityVIEPurposeOfVIE' xlink:type='arc' />
<link:definitionArc order='18.0' xlink:arcrole='http://xbrl.org/int/dim/arcrole/domain-member' xlink:from='loc_VariableInterestEntityQualitativeOrQuantitativeInformation' xlink:to='loc_VariableInterestEntityVIESizeOfVIE' xlink:type='arc' />
<link:definitionArc order='19.0' xlink:arcrole='http://xbrl.org/int/dim/arcrole/domain-member' xlink:from='loc_VariableInterestEntityQualitativeOrQuantitativeInformation' xlink:to='loc_VariableInterestEntityVIEActivitiesOfVIE' xlink:type='arc' />
<link:definitionArc order='20.0' xlink:arcrole='http://xbrl.org/int/dim/arcrole/domain-member' xlink:from='loc_VariableInterestEntityQualitativeOrQuantitativeInformation' xlink:to='loc_VariableInterestEntityNatureOfInvolvement' xlink:type='arc' />
<link:definitionArc order='21.0' xlink:arcrole='http://xbrl.org/int/dim/arcrole/domain-member' xlink:from='loc_VariableInterestEntityQualitativeOrQuantitativeInformation' xlink:to='loc_VariableInterestEntityQualitativeOrQuantitativeInformationDateInvolvementBegan1' xlink:type='arc' />
<link:definitionArc order='22.0' xlink:arcrole='http://xbrl.org/int/dim/arcrole/domain-member' xlink:from='loc_VariableInterestEntityLineItems' xlink:to='loc_VariableInterestEntityClassificationOfCarryingAmountAssetsAndLiabilitiesNetAbstract' xlink:type='arc' />
<link:definitionArc order='26.0' xlink:arcrole='http://xbrl.org/int/dim/arcrole/domain-member' xlink:from='loc_VariableInterestEntityLineItems' xlink:to='loc_VariableInterestEntityCarryingAmountAssetsAndLiabilitiesQualitativeInformation' xlink:type='arc' />
<link:definitionArc order='27.0' xlink:arcrole='http://xbrl.org/int/dim/arcrole/domain-member' xlink:from='loc_VariableInterestEntityLineItems' xlink:to='loc_VariableInterestEntityPrimaryBeneficiaryDoesNotHoldMajorityVotingInterestDisclosuresAbstract' xlink:type='arc' />
<link:definitionArc order='34.0' xlink:arcrole='http://xbrl.org/int/dim/arcrole/domain-member' xlink:from='loc_VariableInterestEntityLineItems' xlink:to='loc_VariableInterestEntityNotPrimaryBeneficiaryDisclosuresAbstract' xlink:type='arc' />
<link:definitionArc order='58.0' xlink:arcrole='http://xbrl.org/int/dim/arcrole/domain-member' xlink:from='loc_VariableInterestEntityLineItems' xlink:to='loc_VariableInterestEntityVIEOrPotentialVIEInformationUnavailabilityDisclosuresAbstract' xlink:type='arc' />
<link:definitionArc order='59.0' xlink:arcrole='http://xbrl.org/int/dim/arcrole/domain-member' xlink:from='loc_VariableInterestEntityVIEOrPotentialVIEInformationUnavailabilityDisclosuresAbstract' xlink:to='loc_VariableInterestEntityNumberOfEntitiesWithUnavailabilityOfInformation' xlink:type='arc' />
<link:definitionArc order='60.0' xlink:arcrole='http://xbrl.org/int/dim/arcrole/domain-member' xlink:from='loc_VariableInterestEntityNumberOfEntitiesWithUnavailabilityOfInformation' xlink:to='loc_VariableInterestEntityReasonForUnavailabilityOfInformation' xlink:type='arc' />
<link:definitionArc order='61.0' xlink:arcrole='http://xbrl.org/int/dim/arcrole/domain-member' xlink:from='loc_VariableInterestEntityVIEOrPotentialVIEInformationUnavailabilityDisclosuresAbstract' xlink:to='loc_VariableInterestEntityMeasureOfActivityAbstract' xlink:type='arc' />
<link:definitionArc order='1.0' xlink:arcrole='http://xbrl.org/int/dim/arcrole/domain-member' xlink:from='loc_ClassificationOfVariableInterestEntityDomain' xlink:to='loc_VariableInterestEntityPrimaryBeneficiaryMember' xlink:type='arc' />
<link:definitionArc order='3.0' xlink:arcrole='http://xbrl.org/int/dim/arcrole/domain-member' xlink:from='loc_ClassificationOfVariableInterestEntityDomain' xlink:to='loc_VariableInterestEntityNotPrimaryBeneficiaryMember' xlink:type='arc' />
<link:definitionArc order='5.0' xlink:arcrole='http://xbrl.org/int/dim/arcrole/domain-member' xlink:from='loc_ClassificationOfVariableInterestEntityDomain' xlink:to='loc_VariableInterestEntityVIEOrPotentialVIEInformationUnavailabilityMember' xlink:type='arc' />
<link:definitionArc order='23.0' xlink:arcrole='http://xbrl.org/int/dim/arcrole/domain-member' xlink:from='loc_VariableInterestEntityClassificationOfCarryingAmountAssetsAndLiabilitiesNetAbstract' xlink:to='loc_VariableInterestEntityClassificationOfCarryingAmountAssets' xlink:type='arc' />
<link:definitionArc order='24.0' xlink:arcrole='http://xbrl.org/int/dim/arcrole/domain-member' xlink:from='loc_VariableInterestEntityClassificationOfCarryingAmountAssetsAndLiabilitiesNetAbstract' xlink:to='loc_VariableInterestEntityClassificationOfCarryingAmountLiabilities' xlink:type='arc' />
<link:definitionArc order='25.0' xlink:arcrole='http://xbrl.org/int/dim/arcrole/domain-member' xlink:from='loc_VariableInterestEntityClassificationOfCarryingAmountAssetsAndLiabilitiesNetAbstract' xlink:to='loc_VariableInterestEntityClassificationOfCarryingAmountAssetsAndLiabilitiesNet' xlink:type='arc' />
<link:definitionArc order='30.0' xlink:arcrole='http://xbrl.org/int/dim/arcrole/domain-member' xlink:from='loc_VariableInterestEntityConsolidatedCarryingAmountAssetsAndLiabilitiesAbstract' xlink:to='loc_VariableInterestEntityConsolidatedCarryingAmountAssets' xlink:type='arc' />
<link:definitionArc order='31.0' xlink:arcrole='http://xbrl.org/int/dim/arcrole/domain-member' xlink:from='loc_VariableInterestEntityConsolidatedCarryingAmountAssetsAndLiabilitiesAbstract' xlink:to='loc_VariableInterestEntityConsolidatedCarryingAmountLiabilities' xlink:type='arc' />
<link:definitionArc order='32.0' xlink:arcrole='http://xbrl.org/int/dim/arcrole/domain-member' xlink:from='loc_VariableInterestEntityConsolidatedCarryingAmountAssetsAndLiabilitiesAbstract' xlink:to='loc_VariableInterestEntityConsolidatedCarryingAmountAssetsAndLiabilitiesNet' xlink:type='arc' />
<link:definitionArc order='62.0' xlink:arcrole='http://xbrl.org/int/dim/arcrole/domain-member' xlink:from='loc_VariableInterestEntityMeasureOfActivityAbstract' xlink:to='loc_VariableInterestEntityActivityBetweenVIEAndEntityRevenues' xlink:type='arc' />
<link:definitionArc order='63.0' xlink:arcrole='http://xbrl.org/int/dim/arcrole/domain-member' xlink:from='loc_VariableInterestEntityMeasureOfActivityAbstract' xlink:to='loc_VariableInterestEntityActivityBetweenVIEAndEntityPurchases' xlink:type='arc' />
<link:definitionArc order='64.0' xlink:arcrole='http://xbrl.org/int/dim/arcrole/domain-member' xlink:from='loc_VariableInterestEntityMeasureOfActivityAbstract' xlink:to='loc_VariableInterestEntityActivityBetweenVIEAndEntityExpense' xlink:type='arc' />
<link:definitionArc order='65.0' xlink:arcrole='http://xbrl.org/int/dim/arcrole/domain-member' xlink:from='loc_VariableInterestEntityMeasureOfActivityAbstract' xlink:to='loc_VariableInterestEntityActivityBetweenVIEAndEntityOperatingIncomeOrLoss' xlink:type='arc' />
<link:definitionArc order='66.0' xlink:arcrole='http://xbrl.org/int/dim/arcrole/domain-member' xlink:from='loc_VariableInterestEntityMeasureOfActivityAbstract' xlink:to='loc_VariableInterestEntityActivityBetweenVIEAndEntityIncomeOrLossBeforeTax' xlink:type='arc' />
<link:definitionArc order='67.0' xlink:arcrole='http://xbrl.org/int/dim/arcrole/domain-member' xlink:from='loc_VariableInterestEntityMeasureOfActivityAbstract' xlink:to='loc_VariableInterestEntityActivityBetweenVIEAndEntityOtherMeasureOfActivityAmount' xlink:type='arc' />
<link:definitionArc order='68.0' xlink:arcrole='http://xbrl.org/int/dim/arcrole/domain-member' xlink:from='loc_VariableInterestEntityActivityBetweenVIEAndEntityOtherMeasureOfActivityAmount' xlink:to='loc_VariableInterestEntityActivityBetweenVIEAndEntityOtherMeasureOfActivityDescription' xlink:type='arc' />
<link:definitionArc order='36.0' xlink:arcrole='http://xbrl.org/int/dim/arcrole/domain-member' xlink:from='loc_VariableInterestEntityNonconsolidatedCarryingAmountAssetsAndLiabilitiesAbstract' xlink:to='loc_VariableInterestEntityNonconsolidatedCarryingAmountAssets' xlink:type='arc' />
<link:definitionArc order='37.0' xlink:arcrole='http://xbrl.org/int/dim/arcrole/domain-member' xlink:from='loc_VariableInterestEntityNonconsolidatedCarryingAmountAssetsAndLiabilitiesAbstract' xlink:to='loc_VariableInterestEntityNonconsolidatedCarryingAmountLiabilities' xlink:type='arc' />
<link:definitionArc order='38.0' xlink:arcrole='http://xbrl.org/int/dim/arcrole/domain-member' xlink:from='loc_VariableInterestEntityNonconsolidatedCarryingAmountAssetsAndLiabilitiesAbstract' xlink:to='loc_VariableInterestEntityNonconsolidatedCarryingAmountAssetsAndLiabilitiesNet' xlink:type='arc' />
<link:definitionArc order='47.0' xlink:arcrole='http://xbrl.org/int/dim/arcrole/domain-member' xlink:from='loc_VariableInterestEntityNonconsolidatedComparisonOfCarryingAmountOfAssetsAndLiabilitiesToMaximumLossExposureAbstract' xlink:to='loc_VariableInterestEntityNonconsolidatedCarryingAmountAssetsAndLiabilitiesAbstract' xlink:type='arc' />
<link:definitionArc order='51.0' xlink:arcrole='http://xbrl.org/int/dim/arcrole/domain-member' xlink:from='loc_VariableInterestEntityNonconsolidatedComparisonOfCarryingAmountOfAssetsAndLiabilitiesToMaximumLossExposureAbstract' xlink:to='loc_VariableInterestEntityReportingEntityInvolvementMaximumLossExposureAbstract' xlink:type='arc' />
<link:definitionArc order='55.0' xlink:arcrole='http://xbrl.org/int/dim/arcrole/domain-member' xlink:from='loc_VariableInterestEntityNonconsolidatedComparisonOfCarryingAmountOfAssetsAndLiabilitiesToMaximumLossExposureAbstract' xlink:to='loc_VariableInterestDifferenceBetweenCarryingAmountAndMaximumExposure' xlink:type='arc' />
<link:definitionArc order='4.0' xlink:arcrole='http://xbrl.org/int/dim/arcrole/domain-member' xlink:from='loc_VariableInterestEntityNotPrimaryBeneficiaryMember' xlink:to='loc_VariableInterestEntityNotPrimaryBeneficiaryAggregatedDisclosureMember' xlink:type='arc' />
<link:definitionArc order='35.0' xlink:arcrole='http://xbrl.org/int/dim/arcrole/domain-member' xlink:from='loc_VariableInterestEntityNotPrimaryBeneficiaryDisclosuresAbstract' xlink:to='loc_VariableInterestEntityNonconsolidatedCarryingAmountAssetsAndLiabilitiesAbstract' xlink:type='arc' />
<link:definitionArc order='39.0' xlink:arcrole='http://xbrl.org/int/dim/arcrole/domain-member' xlink:from='loc_VariableInterestEntityNotPrimaryBeneficiaryDisclosuresAbstract' xlink:to='loc_VariableInterestEntityReportingEntityInvolvementMaximumLossExposureAbstract' xlink:type='arc' />
<link:definitionArc order='43.0' xlink:arcrole='http://xbrl.org/int/dim/arcrole/domain-member' xlink:from='loc_VariableInterestEntityNotPrimaryBeneficiaryDisclosuresAbstract' xlink:to='loc_VariableInterestEntityReportingEntityInvolvementMaximumLossExposureDeterminationMethodologyAndFactorsAbstract' xlink:type='arc' />
<link:definitionArc order='46.0' xlink:arcrole='http://xbrl.org/int/dim/arcrole/domain-member' xlink:from='loc_VariableInterestEntityNotPrimaryBeneficiaryDisclosuresAbstract' xlink:to='loc_VariableInterestEntityNonconsolidatedComparisonOfCarryingAmountOfAssetsAndLiabilitiesToMaximumLossExposureAbstract' xlink:type='arc' />
<link:definitionArc order='56.0' xlink:arcrole='http://xbrl.org/int/dim/arcrole/domain-member' xlink:from='loc_VariableInterestEntityNotPrimaryBeneficiaryDisclosuresAbstract' xlink:to='loc_VariableInterestEntityNonconsolidatedComparisonOfCarryingAmountOfAssetsAndLiabilitiesToMaximumLossExposureExplanationQualitativeInformation' xlink:type='arc' />
<link:definitionArc order='57.0' xlink:arcrole='http://xbrl.org/int/dim/arcrole/domain-member' xlink:from='loc_VariableInterestEntityNotPrimaryBeneficiaryDisclosuresAbstract' xlink:to='loc_LiquidityArrangementsGuaranteesAndOtherCommitmentsByThirdParties' xlink:type='arc' />
<link:definitionArc order='2.0' xlink:arcrole='http://xbrl.org/int/dim/arcrole/domain-member' xlink:from='loc_VariableInterestEntityPrimaryBeneficiaryMember' xlink:to='loc_VariableInterestEntityPrimaryBeneficiaryAggregatedDisclosureMember' xlink:type='arc' />
<link:definitionArc order='28.0' xlink:arcrole='http://xbrl.org/int/dim/arcrole/domain-member' xlink:from='loc_VariableInterestEntityPrimaryBeneficiaryDoesNotHoldMajorityVotingInterestDisclosuresAbstract' xlink:to='loc_VariableInterestEntityInitialConsolidationGainOrLoss' xlink:type='arc' />
<link:definitionArc order='29.0' xlink:arcrole='http://xbrl.org/int/dim/arcrole/domain-member' xlink:from='loc_VariableInterestEntityPrimaryBeneficiaryDoesNotHoldMajorityVotingInterestDisclosuresAbstract' xlink:to='loc_VariableInterestEntityConsolidatedCarryingAmountAssetsAndLiabilitiesAbstract' xlink:type='arc' />
<link:definitionArc order='33.0' xlink:arcrole='http://xbrl.org/int/dim/arcrole/domain-member' xlink:from='loc_VariableInterestEntityPrimaryBeneficiaryDoesNotHoldMajorityVotingInterestDisclosuresAbstract' xlink:to='loc_VariableInterestEntityExtentOfOrLackOfRecourseFlag' xlink:type='arc' />
<link:definitionArc order='40.0' xlink:arcrole='http://xbrl.org/int/dim/arcrole/domain-member' xlink:from='loc_VariableInterestEntityReportingEntityInvolvementMaximumLossExposureAbstract' xlink:to='loc_VariableInterestEntityReportingEntityInvolvementMaximumLossExposureNonquantifiableFlag' xlink:type='arc' />
<link:definitionArc order='41.0' xlink:arcrole='http://xbrl.org/int/dim/arcrole/domain-member' xlink:from='loc_VariableInterestEntityReportingEntityInvolvementMaximumLossExposureNonquantifiableFlag' xlink:to='loc_MaximumExposureToLossCannotBeQuantified' xlink:type='arc' />
<link:definitionArc order='42.0' xlink:arcrole='http://xbrl.org/int/dim/arcrole/domain-member' xlink:from='loc_VariableInterestEntityReportingEntityInvolvementMaximumLossExposureAbstract' xlink:to='loc_VariableInterestEntityEntityMaximumLossExposureAmount' xlink:type='arc' />
<link:definitionArc order='44.0' xlink:arcrole='http://xbrl.org/int/dim/arcrole/domain-member' xlink:from='loc_VariableInterestEntityReportingEntityInvolvementMaximumLossExposureDeterminationMethodologyAndFactorsAbstract' xlink:to='loc_HowTheMaximumExposureToLossIsDeterminedQualitative' xlink:type='arc' />
<link:definitionArc order='45.0' xlink:arcrole='http://xbrl.org/int/dim/arcrole/domain-member' xlink:from='loc_VariableInterestEntityReportingEntityInvolvementMaximumLossExposureDeterminationMethodologyAndFactorsAbstract' xlink:to='loc_SignificantSourcesOfTheExposureToLossQualitative' xlink:type='arc' />
</link:definitionLink>
<link:definitionLink xlink:role='http://fasb.org/us-gaap/role/disclosure/OrganizationConsolidationAndPresentationOfFinancialStatementsScheduleOfVariableInterestEntitiesTable' xlink:type='extended'>
<link:loc xlink:href='../elts/us-gaap-2014-01-31.xsd#us-gaap_ScheduleOfVariableInterestEntitiesTable' xlink:label='loc_ScheduleOfVariableInterestEntitiesTable' xlink:type='locator' />
<link:loc xlink:href='../elts/us-gaap-2014-01-31.xsd#us-gaap_VariableInterestEntitiesByClassificationOfEntityAxis' xlink:label='loc_VariableInterestEntitiesByClassificationOfEntityAxis' xlink:type='locator' />
<link:definitionArc order='1.0' xlink:arcrole='http://xbrl.org/int/dim/arcrole/hypercube-dimension' xlink:from='loc_ScheduleOfVariableInterestEntitiesTable' xlink:to='loc_VariableInterestEntitiesByClassificationOfEntityAxis' xlink:type='arc' />
</link:definitionLink>
</link:linkbase>
