<?xml version='1.0' encoding='UTF-8'?>

<!--
(c) XBRL US, Inc. 2007-2010; Financial Accounting Foundation, Inc. 2010-2014.  All Rights Reserved.
Notice: Authorized Uses are Set Forth at http://xbrl.fasb.org/terms/TaxonomiesTermsConditions.html
  -->
<link:linkbase xmlns:link='http://www.xbrl.org/2003/linkbase' xmlns:xbrldt='http://xbrl.org/2005/xbrldt' xmlns:xlink='http://www.w3.org/1999/xlink' xmlns:xsi='http://www.w3.org/2001/XMLSchema-instance' xsi:schemaLocation='http://www.xbrl.org/2003/linkbase http://www.xbrl.org/2003/xbrl-linkbase-2003-12-31.xsd'>
<link:roleRef roleURI='http://fasb.org/us-gaap/role/disclosure/OtherExpenses' xlink:href='../elts/us-roles-2014-01-31.xsd#otherexp' xlink:type='simple' />
<link:presentationLink xlink:role='http://fasb.org/us-gaap/role/disclosure/OtherExpenses' xlink:type='extended'>
<link:loc xlink:href='../elts/us-gaap-2014-01-31.xsd#us-gaap_OtherIncomeAbstract' xlink:label='loc_OtherIncomeAbstract' xlink:type='locator' />
<link:loc xlink:href='../elts/us-gaap-2014-01-31.xsd#us-gaap_AdvertisingBarterTransactionsIndeterminableFairValueDisclosure' xlink:label='loc_AdvertisingBarterTransactionsIndeterminableFairValueDisclosure' xlink:type='locator' />
<link:loc xlink:href='../elts/us-gaap-2014-01-31.xsd#us-gaap_AdvertisingBarterTransactionsAdvertisingBarterRevenue' xlink:label='loc_AdvertisingBarterTransactionsAdvertisingBarterRevenue' xlink:type='locator' />
<link:loc xlink:href='../elts/us-gaap-2014-01-31.xsd#us-gaap_OtherOperatingIncome' xlink:label='loc_OtherOperatingIncome' xlink:type='locator' />
<link:loc xlink:href='../elts/us-gaap-2014-01-31.xsd#us-gaap_OtherNonoperatingIncome' xlink:label='loc_OtherNonoperatingIncome' xlink:type='locator' />
<link:loc xlink:href='../elts/us-gaap-2014-01-31.xsd#us-gaap_OtherNonrecurringGain' xlink:label='loc_OtherNonrecurringGain' xlink:type='locator' />
<link:loc xlink:href='../elts/us-gaap-2014-01-31.xsd#us-gaap_OtherRecurringIncome' xlink:label='loc_OtherRecurringIncome' xlink:type='locator' />
<link:loc xlink:href='../elts/us-gaap-2014-01-31.xsd#us-gaap_OtherIncome' xlink:label='loc_OtherIncome' xlink:type='locator' />
<link:loc xlink:href='../elts/us-gaap-2014-01-31.xsd#us-gaap_ComponentOfOperatingOtherCostAndExpenseLineItems' xlink:label='loc_ComponentOfOperatingOtherCostAndExpenseLineItems' xlink:type='locator' />
<link:loc xlink:href='../elts/us-gaap-2014-01-31.xsd#us-gaap_OtherCostAndExpenseDisclosureOperating' xlink:label='loc_OtherCostAndExpenseDisclosureOperating' xlink:type='locator' />
<link:loc xlink:href='../elts/us-gaap-2014-01-31.xsd#us-gaap_AccretionExpense' xlink:label='loc_AccretionExpense' xlink:type='locator' />
<link:loc xlink:href='../elts/us-gaap-2014-01-31.xsd#us-gaap_AdvertisingBarterTransactions' xlink:label='loc_AdvertisingBarterTransactions' xlink:type='locator' />
<link:loc xlink:href='../elts/us-gaap-2014-01-31.xsd#us-gaap_AdvertisingBarterTransactionsAdvertisingBarterCosts' xlink:label='loc_AdvertisingBarterTransactionsAdvertisingBarterCosts' xlink:type='locator' />
<link:loc xlink:href='../elts/us-gaap-2014-01-31.xsd#us-gaap_AdvertisingExpense' xlink:label='loc_AdvertisingExpense' xlink:type='locator' />
<link:loc xlink:href='../elts/us-gaap-2014-01-31.xsd#us-gaap_BusinessDevelopment' xlink:label='loc_BusinessDevelopment' xlink:type='locator' />
<link:loc xlink:href='../elts/us-gaap-2014-01-31.xsd#us-gaap_CapitalLeasesIncomeStatementInterestExpense' xlink:label='loc_CapitalLeasesIncomeStatementInterestExpense' xlink:type='locator' />
<link:loc xlink:href='../elts/us-gaap-2014-01-31.xsd#us-gaap_ClearanceFees' xlink:label='loc_ClearanceFees' xlink:type='locator' />
<link:loc xlink:href='../elts/us-gaap-2014-01-31.xsd#us-gaap_CommunicationsAndInformationTechnology' xlink:label='loc_CommunicationsAndInformationTechnology' xlink:type='locator' />
<link:loc xlink:href='../elts/us-gaap-2014-01-31.xsd#us-gaap_CommunicationsInformationTechnologyAndOccupancy' xlink:label='loc_CommunicationsInformationTechnologyAndOccupancy' xlink:type='locator' />
<link:loc xlink:href='../elts/us-gaap-2014-01-31.xsd#us-gaap_CooperativeAdvertisingExpense' xlink:label='loc_CooperativeAdvertisingExpense' xlink:type='locator' />
<link:loc xlink:href='../elts/us-gaap-2014-01-31.xsd#us-gaap_EnvironmentalRemediationExpense' xlink:label='loc_EnvironmentalRemediationExpense' xlink:type='locator' />
<link:loc xlink:href='../elts/us-gaap-2014-01-31.xsd#us-gaap_ExchangeFees' xlink:label='loc_ExchangeFees' xlink:type='locator' />
<link:loc xlink:href='../elts/us-gaap-2014-01-31.xsd#us-gaap_ExpenseRelatedToDistributionOrServicingAndUnderwritingFees' xlink:label='loc_ExpenseRelatedToDistributionOrServicingAndUnderwritingFees' xlink:type='locator' />
<link:loc xlink:href='../elts/us-gaap-2014-01-31.xsd#us-gaap_FederalDepositInsuranceCorporationPremiumExpense' xlink:label='loc_FederalDepositInsuranceCorporationPremiumExpense' xlink:type='locator' />
<link:loc xlink:href='../elts/us-gaap-2014-01-31.xsd#us-gaap_FloorBrokerage' xlink:label='loc_FloorBrokerage' xlink:type='locator' />
<link:loc xlink:href='../elts/us-gaap-2014-01-31.xsd#us-gaap_FloorBrokerageExchangeAndClearanceFees' xlink:label='loc_FloorBrokerageExchangeAndClearanceFees' xlink:type='locator' />
<link:loc xlink:href='../elts/us-gaap-2014-01-31.xsd#us-gaap_LoanPortfolioExpense' xlink:label='loc_LoanPortfolioExpense' xlink:type='locator' />
<link:loc xlink:href='../elts/us-gaap-2014-01-31.xsd#us-gaap_LoanProcessingFee' xlink:label='loc_LoanProcessingFee' xlink:type='locator' />
<link:loc xlink:href='../elts/us-gaap-2014-01-31.xsd#us-gaap_MarketingExpense' xlink:label='loc_MarketingExpense' xlink:type='locator' />
<link:loc xlink:href='../elts/us-gaap-2014-01-31.xsd#us-gaap_MarketingAndAdvertisingExpense' xlink:label='loc_MarketingAndAdvertisingExpense' xlink:type='locator' />
<link:loc xlink:href='../elts/us-gaap-2014-01-31.xsd#us-gaap_NoninterestExpense' xlink:label='loc_NoninterestExpense' xlink:type='locator' />
<link:loc xlink:href='../elts/us-gaap-2014-01-31.xsd#us-gaap_NoninterestExpenseCommissionExpense' xlink:label='loc_NoninterestExpenseCommissionExpense' xlink:type='locator' />
<link:loc xlink:href='../elts/us-gaap-2014-01-31.xsd#us-gaap_NoninterestExpenseDirectorsFees' xlink:label='loc_NoninterestExpenseDirectorsFees' xlink:type='locator' />
<link:loc xlink:href='../elts/us-gaap-2014-01-31.xsd#us-gaap_NoninterestExpenseInvestmentAdvisoryFees' xlink:label='loc_NoninterestExpenseInvestmentAdvisoryFees' xlink:type='locator' />
<link:loc xlink:href='../elts/us-gaap-2014-01-31.xsd#us-gaap_NoninterestExpenseOfferingCost' xlink:label='loc_NoninterestExpenseOfferingCost' xlink:type='locator' />
<link:loc xlink:href='../elts/us-gaap-2014-01-31.xsd#us-gaap_NoninterestExpensePrintingAndFulfillment' xlink:label='loc_NoninterestExpensePrintingAndFulfillment' xlink:type='locator' />
<link:loc xlink:href='../elts/us-gaap-2014-01-31.xsd#us-gaap_NoninterestExpenseRelatedToPerformanceFees' xlink:label='loc_NoninterestExpenseRelatedToPerformanceFees' xlink:type='locator' />
<link:loc xlink:href='../elts/us-gaap-2014-01-31.xsd#us-gaap_NoninterestExpenseTransferAgentAndCustodianFees' xlink:label='loc_NoninterestExpenseTransferAgentAndCustodianFees' xlink:type='locator' />
<link:loc xlink:href='../elts/us-gaap-2014-01-31.xsd#us-gaap_OccupancyNet' xlink:label='loc_OccupancyNet' xlink:type='locator' />
<link:loc xlink:href='../elts/us-gaap-2014-01-31.xsd#us-gaap_LeaseAndRentalExpense' xlink:label='loc_LeaseAndRentalExpense' xlink:type='locator' />
<link:loc xlink:href='../elts/us-gaap-2014-01-31.xsd#us-gaap_OrderFlowFees' xlink:label='loc_OrderFlowFees' xlink:type='locator' />
<link:loc xlink:href='../elts/us-gaap-2014-01-31.xsd#us-gaap_OtherCostAndExpenseOperating' xlink:label='loc_OtherCostAndExpenseOperating' xlink:type='locator' />
<link:loc xlink:href='../elts/us-gaap-2014-01-31.xsd#us-gaap_OtherNoninterestExpense' xlink:label='loc_OtherNoninterestExpense' xlink:type='locator' />
<link:loc xlink:href='../elts/us-gaap-2014-01-31.xsd#us-gaap_OtherNonrecurringExpense' xlink:label='loc_OtherNonrecurringExpense' xlink:type='locator' />
<link:loc xlink:href='../elts/us-gaap-2014-01-31.xsd#us-gaap_OtherResearchAndDevelopmentExpense' xlink:label='loc_OtherResearchAndDevelopmentExpense' xlink:type='locator' />
<link:loc xlink:href='../elts/us-gaap-2014-01-31.xsd#us-gaap_OtherSellingAndMarketingExpense' xlink:label='loc_OtherSellingAndMarketingExpense' xlink:type='locator' />
<link:loc xlink:href='../elts/us-gaap-2014-01-31.xsd#us-gaap_PostageExpense' xlink:label='loc_PostageExpense' xlink:type='locator' />
<link:loc xlink:href='../elts/us-gaap-2014-01-31.xsd#us-gaap_PreOpeningCosts' xlink:label='loc_PreOpeningCosts' xlink:type='locator' />
<link:loc xlink:href='../elts/us-gaap-2014-01-31.xsd#us-gaap_ProductionAndDistributionCosts' xlink:label='loc_ProductionAndDistributionCosts' xlink:type='locator' />
<link:loc xlink:href='../elts/us-gaap-2014-01-31.xsd#us-gaap_ProductionTaxExpense' xlink:label='loc_ProductionTaxExpense' xlink:type='locator' />
<link:loc xlink:href='../elts/us-gaap-2014-01-31.xsd#us-gaap_ProfessionalFees' xlink:label='loc_ProfessionalFees' xlink:type='locator' />
<link:loc xlink:href='../elts/us-gaap-2014-01-31.xsd#us-gaap_RealEstateInsurance' xlink:label='loc_RealEstateInsurance' xlink:type='locator' />
<link:loc xlink:href='../elts/us-gaap-2014-01-31.xsd#us-gaap_RealEstateTaxExpense' xlink:label='loc_RealEstateTaxExpense' xlink:type='locator' />
<link:loc xlink:href='../elts/us-gaap-2014-01-31.xsd#us-gaap_RealEstateTaxesAndInsurance' xlink:label='loc_RealEstateTaxesAndInsurance' xlink:type='locator' />
<link:loc xlink:href='../elts/us-gaap-2014-01-31.xsd#us-gaap_RoyaltyExpense' xlink:label='loc_RoyaltyExpense' xlink:type='locator' />
<link:loc xlink:href='../elts/us-gaap-2014-01-31.xsd#us-gaap_SalesCommissionsAndFees' xlink:label='loc_SalesCommissionsAndFees' xlink:type='locator' />
<link:loc xlink:href='../elts/us-gaap-2014-01-31.xsd#us-gaap_SellingExpense' xlink:label='loc_SellingExpense' xlink:type='locator' />
<link:loc xlink:href='../elts/us-gaap-2014-01-31.xsd#us-gaap_ShippingHandlingAndTransportationCosts' xlink:label='loc_ShippingHandlingAndTransportationCosts' xlink:type='locator' />
<link:loc xlink:href='../elts/us-gaap-2014-01-31.xsd#us-gaap_SuppliesAndPostageExpense' xlink:label='loc_SuppliesAndPostageExpense' xlink:type='locator' />
<link:loc xlink:href='../elts/us-gaap-2014-01-31.xsd#us-gaap_SuppliesExpense' xlink:label='loc_SuppliesExpense' xlink:type='locator' />
<link:loc xlink:href='../elts/us-gaap-2014-01-31.xsd#us-gaap_TaxesAndLicenses' xlink:label='loc_TaxesAndLicenses' xlink:type='locator' />
<link:loc xlink:href='../elts/us-gaap-2014-01-31.xsd#us-gaap_TaxesExcludingIncomeAndExciseTaxes' xlink:label='loc_TaxesExcludingIncomeAndExciseTaxes' xlink:type='locator' />
<link:loc xlink:href='../elts/us-gaap-2014-01-31.xsd#us-gaap_TravelAndEntertainmentExpense' xlink:label='loc_TravelAndEntertainmentExpense' xlink:type='locator' />
<link:loc xlink:href='../elts/us-gaap-2014-01-31.xsd#us-gaap_ComponentOfOtherExpenseNonoperatingLineItems' xlink:label='loc_ComponentOfOtherExpenseNonoperatingLineItems' xlink:type='locator' />
<link:loc xlink:href='../elts/us-gaap-2014-01-31.xsd#us-gaap_GoodwillImpairmentLoss' xlink:label='loc_GoodwillImpairmentLoss' xlink:type='locator' />
<link:loc xlink:href='../elts/us-gaap-2014-01-31.xsd#us-gaap_ImpairmentOfIntangibleAssetsExcludingGoodwill' xlink:label='loc_ImpairmentOfIntangibleAssetsExcludingGoodwill' xlink:type='locator' />
<link:loc xlink:href='../elts/us-gaap-2014-01-31.xsd#us-gaap_OtherNonoperatingExpense' xlink:label='loc_OtherNonoperatingExpense' xlink:type='locator' />
<link:loc xlink:href='../elts/us-gaap-2014-01-31.xsd#us-gaap_MarketableSecuritiesUnrealizedGainLoss' xlink:label='loc_MarketableSecuritiesUnrealizedGainLoss' xlink:type='locator' />
<link:loc xlink:href='../elts/us-gaap-2014-01-31.xsd#us-gaap_ImpairmentOfInvestments' xlink:label='loc_ImpairmentOfInvestments' xlink:type='locator' />
<link:loc xlink:href='../elts/us-gaap-2014-01-31.xsd#us-gaap_OtherExpenseDisclosureNonoperating' xlink:label='loc_OtherExpenseDisclosureNonoperating' xlink:type='locator' />
<link:loc xlink:href='../elts/us-gaap-2014-01-31.xsd#us-gaap_ComponentOfOtherIncomeNonoperatingLineItems' xlink:label='loc_ComponentOfOtherIncomeNonoperatingLineItems' xlink:type='locator' />
<link:loc xlink:href='../elts/us-gaap-2014-01-31.xsd#us-gaap_PublicUtilitiesAllowanceForFundsUsedDuringConstructionCapitalizedInterest' xlink:label='loc_PublicUtilitiesAllowanceForFundsUsedDuringConstructionCapitalizedInterest' xlink:type='locator' />
<link:loc xlink:href='../elts/us-gaap-2014-01-31.xsd#us-gaap_AmortizationOfIntangibleAssets' xlink:label='loc_AmortizationOfIntangibleAssets' xlink:type='locator' />
<link:loc xlink:href='../elts/us-gaap-2014-01-31.xsd#us-gaap_OtherAmortizationOfDeferredCharges' xlink:label='loc_OtherAmortizationOfDeferredCharges' xlink:type='locator' />
<link:loc xlink:href='../elts/us-gaap-2014-01-31.xsd#us-gaap_AmortizationOfRegulatoryAsset' xlink:label='loc_AmortizationOfRegulatoryAsset' xlink:type='locator' />
<link:loc xlink:href='../elts/us-gaap-2014-01-31.xsd#us-gaap_GainLossFromPriceRiskManagementActivity' xlink:label='loc_GainLossFromPriceRiskManagementActivity' xlink:type='locator' />
<link:loc xlink:href='../elts/us-gaap-2014-01-31.xsd#us-gaap_GainLossOnDispositionOfAssets1' xlink:label='loc_GainLossOnDispositionOfAssets1' xlink:type='locator' />
<link:loc xlink:href='../elts/us-gaap-2014-01-31.xsd#us-gaap_GainLossOnSaleOfProperty' xlink:label='loc_GainLossOnSaleOfProperty' xlink:type='locator' />
<link:loc xlink:href='../elts/us-gaap-2014-01-31.xsd#us-gaap_GainLossOnSaleOfOtherAssets' xlink:label='loc_GainLossOnSaleOfOtherAssets' xlink:type='locator' />
<link:loc xlink:href='../elts/us-gaap-2014-01-31.xsd#us-gaap_GainLossOnDispositionOfAssets' xlink:label='loc_GainLossOnDispositionOfAssets' xlink:type='locator' />
<link:loc xlink:href='../elts/us-gaap-2014-01-31.xsd#us-gaap_GainLossOnInvestments' xlink:label='loc_GainLossOnInvestments' xlink:type='locator' />
<link:loc xlink:href='../elts/us-gaap-2014-01-31.xsd#us-gaap_GainLossOnSaleOfAccountsReceivable' xlink:label='loc_GainLossOnSaleOfAccountsReceivable' xlink:type='locator' />
<link:loc xlink:href='../elts/us-gaap-2014-01-31.xsd#us-gaap_GainLossOnSaleOfDerivatives' xlink:label='loc_GainLossOnSaleOfDerivatives' xlink:type='locator' />
<link:loc xlink:href='../elts/us-gaap-2014-01-31.xsd#us-gaap_IncomeLossFromEquityMethodInvestments' xlink:label='loc_IncomeLossFromEquityMethodInvestments' xlink:type='locator' />
<link:loc xlink:href='../elts/us-gaap-2014-01-31.xsd#us-gaap_IncomeLossFromEquityMethodInvestmentsNetOfDividendsOrDistributions' xlink:label='loc_IncomeLossFromEquityMethodInvestmentsNetOfDividendsOrDistributions' xlink:type='locator' />
<link:loc xlink:href='../elts/us-gaap-2014-01-31.xsd#us-gaap_InsuredEventGainLoss' xlink:label='loc_InsuredEventGainLoss' xlink:type='locator' />
<link:loc xlink:href='../elts/us-gaap-2014-01-31.xsd#us-gaap_InterestIncomeExpenseNonoperatingNet' xlink:label='loc_InterestIncomeExpenseNonoperatingNet' xlink:type='locator' />
<link:loc xlink:href='../elts/us-gaap-2014-01-31.xsd#us-gaap_InterestIncomeOther' xlink:label='loc_InterestIncomeOther' xlink:type='locator' />
<link:loc xlink:href='../elts/us-gaap-2014-01-31.xsd#us-gaap_InvestmentIncomeDividend' xlink:label='loc_InvestmentIncomeDividend' xlink:type='locator' />
<link:loc xlink:href='../elts/us-gaap-2014-01-31.xsd#us-gaap_InvestmentIncomeInterestAndDividend' xlink:label='loc_InvestmentIncomeInterestAndDividend' xlink:type='locator' />
<link:loc xlink:href='../elts/us-gaap-2014-01-31.xsd#us-gaap_MarketableSecuritiesRealizedGainLoss' xlink:label='loc_MarketableSecuritiesRealizedGainLoss' xlink:type='locator' />
<link:loc xlink:href='../elts/us-gaap-2014-01-31.xsd#us-gaap_OtherIncomeAndOtherExpenseDisclosureNonoperating' xlink:label='loc_OtherIncomeAndOtherExpenseDisclosureNonoperating' xlink:type='locator' />
<link:loc xlink:href='../elts/us-gaap-2014-01-31.xsd#us-gaap_OtherIncomeDisclosureNonoperating' xlink:label='loc_OtherIncomeDisclosureNonoperating' xlink:type='locator' />
<link:loc xlink:href='../elts/us-gaap-2014-01-31.xsd#us-gaap_RealEstatePartnershipInvestmentSubsidiariesNetIncomeLossBeforeTax' xlink:label='loc_RealEstatePartnershipInvestmentSubsidiariesNetIncomeLossBeforeTax' xlink:type='locator' />
<link:loc xlink:href='../elts/us-gaap-2014-01-31.xsd#us-gaap_RealizedInvestmentGainsLosses' xlink:label='loc_RealizedInvestmentGainsLosses' xlink:type='locator' />
<link:loc xlink:href='../elts/us-gaap-2014-01-31.xsd#us-gaap_UnrealizedGainLossOnDerivatives' xlink:label='loc_UnrealizedGainLossOnDerivatives' xlink:type='locator' />
<link:loc xlink:href='../elts/us-gaap-2014-01-31.xsd#us-gaap_InterestAndOtherIncomeAbstract' xlink:label='loc_InterestAndOtherIncomeAbstract' xlink:type='locator' />
<link:loc xlink:href='../elts/us-gaap-2014-01-31.xsd#us-gaap_InterestIncomeSecuritiesMortgageBacked' xlink:label='loc_InterestIncomeSecuritiesMortgageBacked' xlink:type='locator' />
<link:loc xlink:href='../elts/us-gaap-2014-01-31.xsd#us-gaap_InterestIncomeSecuritiesCorporateDebtOperating' xlink:label='loc_InterestIncomeSecuritiesCorporateDebtOperating' xlink:type='locator' />
<link:loc xlink:href='../elts/us-gaap-2014-01-31.xsd#us-gaap_InterestIncomeSecuritiesStateAndMunicipal' xlink:label='loc_InterestIncomeSecuritiesStateAndMunicipal' xlink:type='locator' />
<link:loc xlink:href='../elts/us-gaap-2014-01-31.xsd#us-gaap_InterestIncomeSecuritiesUSTreasury' xlink:label='loc_InterestIncomeSecuritiesUSTreasury' xlink:type='locator' />
<link:loc xlink:href='../elts/us-gaap-2014-01-31.xsd#us-gaap_InterestIncomeSecuritiesOtherUSGovernment' xlink:label='loc_InterestIncomeSecuritiesOtherUSGovernment' xlink:type='locator' />
<link:loc xlink:href='../elts/us-gaap-2014-01-31.xsd#us-gaap_InterestIncomeMoneyMarketDeposits' xlink:label='loc_InterestIncomeMoneyMarketDeposits' xlink:type='locator' />
<link:loc xlink:href='../elts/us-gaap-2014-01-31.xsd#us-gaap_InterestIncomeOtherDomesticDeposits' xlink:label='loc_InterestIncomeOtherDomesticDeposits' xlink:type='locator' />
<link:loc xlink:href='../elts/us-gaap-2014-01-31.xsd#us-gaap_InterestIncomeForeignDeposits' xlink:label='loc_InterestIncomeForeignDeposits' xlink:type='locator' />
<link:loc xlink:href='../elts/us-gaap-2014-01-31.xsd#us-gaap_InterestAndOtherIncome' xlink:label='loc_InterestAndOtherIncome' xlink:type='locator' />
<link:loc xlink:href='../elts/us-gaap-2014-01-31.xsd#us-gaap_OtherExpenseDisclosureNonoperatingAbstract' xlink:label='loc_OtherExpenseDisclosureNonoperatingAbstract' xlink:type='locator' />
<link:loc xlink:href='../elts/us-gaap-2014-01-31.xsd#us-gaap_ScheduleOfOtherNonoperatingExpenseByComponentTextBlock' xlink:label='loc_ScheduleOfOtherNonoperatingExpenseByComponentTextBlock' xlink:type='locator' />
<link:loc xlink:href='../elts/us-gaap-2014-01-31.xsd#us-gaap_OtherIncomeAndExpensesAbstract' xlink:label='loc_OtherIncomeAndExpensesAbstract' xlink:type='locator' />
<link:loc xlink:href='../elts/us-gaap-2014-01-31.xsd#us-gaap_OtherIncomeAndOtherExpenseDisclosureTextBlock' xlink:label='loc_OtherIncomeAndOtherExpenseDisclosureTextBlock' xlink:type='locator' />
<link:loc xlink:href='../elts/us-gaap-2014-01-31.xsd#us-gaap_OtherOperatingIncomeAndExpenseTextBlock' xlink:label='loc_OtherOperatingIncomeAndExpenseTextBlock' xlink:type='locator' />
<link:loc xlink:href='../elts/us-gaap-2014-01-31.xsd#us-gaap_ScheduleOfOtherOperatingCostAndExpenseByComponentTextBlock' xlink:label='loc_ScheduleOfOtherOperatingCostAndExpenseByComponentTextBlock' xlink:type='locator' />
<link:loc xlink:href='../elts/us-gaap-2014-01-31.xsd#us-gaap_OtherNonoperatingIncomeAndExpenseTextBlock' xlink:label='loc_OtherNonoperatingIncomeAndExpenseTextBlock' xlink:type='locator' />
<link:loc xlink:href='../elts/us-gaap-2014-01-31.xsd#us-gaap_ScheduleOfOtherNonoperatingIncomeExpenseTableTextBlock' xlink:label='loc_ScheduleOfOtherNonoperatingIncomeExpenseTableTextBlock' xlink:type='locator' />
<link:loc xlink:href='../elts/us-gaap-2014-01-31.xsd#us-gaap_OtherIncomeDisclosureNonoperatingAbstract' xlink:label='loc_OtherIncomeDisclosureNonoperatingAbstract' xlink:type='locator' />
<link:loc xlink:href='../elts/us-gaap-2014-01-31.xsd#us-gaap_InterestAndOtherIncomeTextBlock' xlink:label='loc_InterestAndOtherIncomeTextBlock' xlink:type='locator' />
<link:loc xlink:href='../elts/us-gaap-2014-01-31.xsd#us-gaap_InterestAndOtherIncomeTableTextBlock' xlink:label='loc_InterestAndOtherIncomeTableTextBlock' xlink:type='locator' />
<link:loc xlink:href='../elts/us-gaap-2014-01-31.xsd#us-gaap_ScheduleOfOtherNonoperatingIncomeByComponentTextBlock' xlink:label='loc_ScheduleOfOtherNonoperatingIncomeByComponentTextBlock' xlink:type='locator' />
<link:presentationArc order='10' xlink:arcrole='http://www.xbrl.org/2003/arcrole/parent-child' xlink:from='loc_OtherIncomeAbstract' xlink:to='loc_AdvertisingBarterTransactionsIndeterminableFairValueDisclosure' xlink:type='arc' />
<link:presentationArc order='20' xlink:arcrole='http://www.xbrl.org/2003/arcrole/parent-child' xlink:from='loc_OtherIncomeAbstract' xlink:to='loc_AdvertisingBarterTransactionsAdvertisingBarterRevenue' xlink:type='arc' />
<link:presentationArc order='30' xlink:arcrole='http://www.xbrl.org/2003/arcrole/parent-child' xlink:from='loc_OtherIncomeAbstract' xlink:to='loc_OtherOperatingIncome' xlink:type='arc' />
<link:presentationArc order='40' xlink:arcrole='http://www.xbrl.org/2003/arcrole/parent-child' xlink:from='loc_OtherIncomeAbstract' xlink:to='loc_OtherNonoperatingIncome' xlink:type='arc' />
<link:presentationArc order='50' xlink:arcrole='http://www.xbrl.org/2003/arcrole/parent-child' xlink:from='loc_OtherIncomeAbstract' xlink:to='loc_OtherNonrecurringGain' xlink:type='arc' />
<link:presentationArc order='60' xlink:arcrole='http://www.xbrl.org/2003/arcrole/parent-child' xlink:from='loc_OtherIncomeAbstract' xlink:to='loc_OtherRecurringIncome' xlink:type='arc' />
<link:presentationArc order='70' xlink:arcrole='http://www.xbrl.org/2003/arcrole/parent-child' xlink:from='loc_OtherIncomeAbstract' xlink:to='loc_OtherIncome' xlink:type='arc' />
<link:presentationArc order='10' xlink:arcrole='http://www.xbrl.org/2003/arcrole/parent-child' xlink:from='loc_ComponentOfOperatingOtherCostAndExpenseLineItems' xlink:to='loc_OtherCostAndExpenseDisclosureOperating' xlink:type='arc' />
<link:presentationArc order='20' xlink:arcrole='http://www.xbrl.org/2003/arcrole/parent-child' xlink:from='loc_ComponentOfOperatingOtherCostAndExpenseLineItems' xlink:to='loc_AccretionExpense' xlink:type='arc' />
<link:presentationArc order='30' xlink:arcrole='http://www.xbrl.org/2003/arcrole/parent-child' xlink:from='loc_ComponentOfOperatingOtherCostAndExpenseLineItems' xlink:to='loc_AdvertisingBarterTransactions' xlink:type='arc' />
<link:presentationArc order='40' xlink:arcrole='http://www.xbrl.org/2003/arcrole/parent-child' xlink:from='loc_ComponentOfOperatingOtherCostAndExpenseLineItems' xlink:to='loc_AdvertisingBarterTransactionsAdvertisingBarterCosts' xlink:type='arc' />
<link:presentationArc order='50' xlink:arcrole='http://www.xbrl.org/2003/arcrole/parent-child' xlink:from='loc_ComponentOfOperatingOtherCostAndExpenseLineItems' xlink:to='loc_AdvertisingExpense' xlink:type='arc' />
<link:presentationArc order='60' xlink:arcrole='http://www.xbrl.org/2003/arcrole/parent-child' xlink:from='loc_ComponentOfOperatingOtherCostAndExpenseLineItems' xlink:to='loc_BusinessDevelopment' xlink:type='arc' />
<link:presentationArc order='70' xlink:arcrole='http://www.xbrl.org/2003/arcrole/parent-child' xlink:from='loc_ComponentOfOperatingOtherCostAndExpenseLineItems' xlink:to='loc_CapitalLeasesIncomeStatementInterestExpense' xlink:type='arc' />
<link:presentationArc order='80' xlink:arcrole='http://www.xbrl.org/2003/arcrole/parent-child' xlink:from='loc_ComponentOfOperatingOtherCostAndExpenseLineItems' xlink:to='loc_ClearanceFees' xlink:type='arc' />
<link:presentationArc order='90' xlink:arcrole='http://www.xbrl.org/2003/arcrole/parent-child' xlink:from='loc_ComponentOfOperatingOtherCostAndExpenseLineItems' xlink:to='loc_CommunicationsAndInformationTechnology' xlink:type='arc' />
<link:presentationArc order='100' xlink:arcrole='http://www.xbrl.org/2003/arcrole/parent-child' xlink:from='loc_ComponentOfOperatingOtherCostAndExpenseLineItems' xlink:to='loc_CommunicationsInformationTechnologyAndOccupancy' xlink:type='arc' />
<link:presentationArc order='110' xlink:arcrole='http://www.xbrl.org/2003/arcrole/parent-child' xlink:from='loc_ComponentOfOperatingOtherCostAndExpenseLineItems' xlink:to='loc_CooperativeAdvertisingExpense' xlink:type='arc' />
<link:presentationArc order='120' xlink:arcrole='http://www.xbrl.org/2003/arcrole/parent-child' xlink:from='loc_ComponentOfOperatingOtherCostAndExpenseLineItems' xlink:to='loc_EnvironmentalRemediationExpense' xlink:type='arc' />
<link:presentationArc order='130' xlink:arcrole='http://www.xbrl.org/2003/arcrole/parent-child' xlink:from='loc_ComponentOfOperatingOtherCostAndExpenseLineItems' xlink:to='loc_ExchangeFees' xlink:type='arc' />
<link:presentationArc order='140' xlink:arcrole='http://www.xbrl.org/2003/arcrole/parent-child' xlink:from='loc_ComponentOfOperatingOtherCostAndExpenseLineItems' xlink:to='loc_ExpenseRelatedToDistributionOrServicingAndUnderwritingFees' xlink:type='arc' />
<link:presentationArc order='150' xlink:arcrole='http://www.xbrl.org/2003/arcrole/parent-child' xlink:from='loc_ComponentOfOperatingOtherCostAndExpenseLineItems' xlink:to='loc_FederalDepositInsuranceCorporationPremiumExpense' xlink:type='arc' />
<link:presentationArc order='160' xlink:arcrole='http://www.xbrl.org/2003/arcrole/parent-child' xlink:from='loc_ComponentOfOperatingOtherCostAndExpenseLineItems' xlink:to='loc_FloorBrokerage' xlink:type='arc' />
<link:presentationArc order='170' xlink:arcrole='http://www.xbrl.org/2003/arcrole/parent-child' xlink:from='loc_ComponentOfOperatingOtherCostAndExpenseLineItems' xlink:to='loc_FloorBrokerageExchangeAndClearanceFees' xlink:type='arc' />
<link:presentationArc order='180' xlink:arcrole='http://www.xbrl.org/2003/arcrole/parent-child' xlink:from='loc_ComponentOfOperatingOtherCostAndExpenseLineItems' xlink:to='loc_LoanPortfolioExpense' xlink:type='arc' />
<link:presentationArc order='190' xlink:arcrole='http://www.xbrl.org/2003/arcrole/parent-child' xlink:from='loc_ComponentOfOperatingOtherCostAndExpenseLineItems' xlink:to='loc_LoanProcessingFee' xlink:type='arc' />
<link:presentationArc order='200' xlink:arcrole='http://www.xbrl.org/2003/arcrole/parent-child' xlink:from='loc_ComponentOfOperatingOtherCostAndExpenseLineItems' xlink:to='loc_MarketingExpense' xlink:type='arc' />
<link:presentationArc order='210' xlink:arcrole='http://www.xbrl.org/2003/arcrole/parent-child' xlink:from='loc_ComponentOfOperatingOtherCostAndExpenseLineItems' xlink:to='loc_MarketingAndAdvertisingExpense' xlink:type='arc' />
<link:presentationArc order='220' xlink:arcrole='http://www.xbrl.org/2003/arcrole/parent-child' xlink:from='loc_ComponentOfOperatingOtherCostAndExpenseLineItems' xlink:to='loc_NoninterestExpense' xlink:type='arc' />
<link:presentationArc order='230' xlink:arcrole='http://www.xbrl.org/2003/arcrole/parent-child' xlink:from='loc_ComponentOfOperatingOtherCostAndExpenseLineItems' xlink:to='loc_NoninterestExpenseCommissionExpense' xlink:type='arc' />
<link:presentationArc order='240' xlink:arcrole='http://www.xbrl.org/2003/arcrole/parent-child' xlink:from='loc_ComponentOfOperatingOtherCostAndExpenseLineItems' xlink:to='loc_NoninterestExpenseDirectorsFees' xlink:type='arc' />
<link:presentationArc order='250' xlink:arcrole='http://www.xbrl.org/2003/arcrole/parent-child' xlink:from='loc_ComponentOfOperatingOtherCostAndExpenseLineItems' xlink:to='loc_NoninterestExpenseInvestmentAdvisoryFees' xlink:type='arc' />
<link:presentationArc order='260' xlink:arcrole='http://www.xbrl.org/2003/arcrole/parent-child' xlink:from='loc_ComponentOfOperatingOtherCostAndExpenseLineItems' xlink:to='loc_NoninterestExpenseOfferingCost' xlink:type='arc' />
<link:presentationArc order='270' xlink:arcrole='http://www.xbrl.org/2003/arcrole/parent-child' xlink:from='loc_ComponentOfOperatingOtherCostAndExpenseLineItems' xlink:to='loc_NoninterestExpensePrintingAndFulfillment' xlink:type='arc' />
<link:presentationArc order='280' xlink:arcrole='http://www.xbrl.org/2003/arcrole/parent-child' xlink:from='loc_ComponentOfOperatingOtherCostAndExpenseLineItems' xlink:to='loc_NoninterestExpenseRelatedToPerformanceFees' xlink:type='arc' />
<link:presentationArc order='290' xlink:arcrole='http://www.xbrl.org/2003/arcrole/parent-child' xlink:from='loc_ComponentOfOperatingOtherCostAndExpenseLineItems' xlink:to='loc_NoninterestExpenseTransferAgentAndCustodianFees' xlink:type='arc' />
<link:presentationArc order='300' xlink:arcrole='http://www.xbrl.org/2003/arcrole/parent-child' xlink:from='loc_ComponentOfOperatingOtherCostAndExpenseLineItems' xlink:to='loc_OccupancyNet' xlink:type='arc' />
<link:presentationArc order='310' xlink:arcrole='http://www.xbrl.org/2003/arcrole/parent-child' xlink:from='loc_ComponentOfOperatingOtherCostAndExpenseLineItems' xlink:to='loc_LeaseAndRentalExpense' xlink:type='arc' />
<link:presentationArc order='320' xlink:arcrole='http://www.xbrl.org/2003/arcrole/parent-child' xlink:from='loc_ComponentOfOperatingOtherCostAndExpenseLineItems' xlink:to='loc_OrderFlowFees' xlink:type='arc' />
<link:presentationArc order='330' xlink:arcrole='http://www.xbrl.org/2003/arcrole/parent-child' xlink:from='loc_ComponentOfOperatingOtherCostAndExpenseLineItems' xlink:to='loc_OtherCostAndExpenseOperating' xlink:type='arc' />
<link:presentationArc order='340' xlink:arcrole='http://www.xbrl.org/2003/arcrole/parent-child' xlink:from='loc_ComponentOfOperatingOtherCostAndExpenseLineItems' xlink:to='loc_OtherNoninterestExpense' xlink:type='arc' />
<link:presentationArc order='350' xlink:arcrole='http://www.xbrl.org/2003/arcrole/parent-child' xlink:from='loc_ComponentOfOperatingOtherCostAndExpenseLineItems' xlink:to='loc_OtherNonrecurringExpense' xlink:type='arc' />
<link:presentationArc order='360' xlink:arcrole='http://www.xbrl.org/2003/arcrole/parent-child' xlink:from='loc_ComponentOfOperatingOtherCostAndExpenseLineItems' xlink:to='loc_OtherResearchAndDevelopmentExpense' xlink:type='arc' />
<link:presentationArc order='370' xlink:arcrole='http://www.xbrl.org/2003/arcrole/parent-child' xlink:from='loc_ComponentOfOperatingOtherCostAndExpenseLineItems' xlink:to='loc_OtherSellingAndMarketingExpense' xlink:type='arc' />
<link:presentationArc order='380' xlink:arcrole='http://www.xbrl.org/2003/arcrole/parent-child' xlink:from='loc_ComponentOfOperatingOtherCostAndExpenseLineItems' xlink:to='loc_PostageExpense' xlink:type='arc' />
<link:presentationArc order='390' xlink:arcrole='http://www.xbrl.org/2003/arcrole/parent-child' xlink:from='loc_ComponentOfOperatingOtherCostAndExpenseLineItems' xlink:to='loc_PreOpeningCosts' xlink:type='arc' />
<link:presentationArc order='400' xlink:arcrole='http://www.xbrl.org/2003/arcrole/parent-child' xlink:from='loc_ComponentOfOperatingOtherCostAndExpenseLineItems' xlink:to='loc_ProductionAndDistributionCosts' xlink:type='arc' />
<link:presentationArc order='410' xlink:arcrole='http://www.xbrl.org/2003/arcrole/parent-child' xlink:from='loc_ComponentOfOperatingOtherCostAndExpenseLineItems' xlink:to='loc_ProductionTaxExpense' xlink:type='arc' />
<link:presentationArc order='420' xlink:arcrole='http://www.xbrl.org/2003/arcrole/parent-child' xlink:from='loc_ComponentOfOperatingOtherCostAndExpenseLineItems' xlink:to='loc_ProfessionalFees' xlink:type='arc' />
<link:presentationArc order='430' xlink:arcrole='http://www.xbrl.org/2003/arcrole/parent-child' xlink:from='loc_ComponentOfOperatingOtherCostAndExpenseLineItems' xlink:to='loc_RealEstateInsurance' xlink:type='arc' />
<link:presentationArc order='440' xlink:arcrole='http://www.xbrl.org/2003/arcrole/parent-child' xlink:from='loc_ComponentOfOperatingOtherCostAndExpenseLineItems' xlink:to='loc_RealEstateTaxExpense' xlink:type='arc' />
<link:presentationArc order='450' xlink:arcrole='http://www.xbrl.org/2003/arcrole/parent-child' xlink:from='loc_ComponentOfOperatingOtherCostAndExpenseLineItems' xlink:to='loc_RealEstateTaxesAndInsurance' xlink:type='arc' />
<link:presentationArc order='460' xlink:arcrole='http://www.xbrl.org/2003/arcrole/parent-child' xlink:from='loc_ComponentOfOperatingOtherCostAndExpenseLineItems' xlink:to='loc_RoyaltyExpense' xlink:type='arc' />
<link:presentationArc order='470' xlink:arcrole='http://www.xbrl.org/2003/arcrole/parent-child' xlink:from='loc_ComponentOfOperatingOtherCostAndExpenseLineItems' xlink:to='loc_SalesCommissionsAndFees' xlink:type='arc' />
<link:presentationArc order='480' xlink:arcrole='http://www.xbrl.org/2003/arcrole/parent-child' xlink:from='loc_ComponentOfOperatingOtherCostAndExpenseLineItems' xlink:to='loc_SellingExpense' xlink:type='arc' />
<link:presentationArc order='490' xlink:arcrole='http://www.xbrl.org/2003/arcrole/parent-child' xlink:from='loc_ComponentOfOperatingOtherCostAndExpenseLineItems' xlink:to='loc_ShippingHandlingAndTransportationCosts' xlink:type='arc' />
<link:presentationArc order='500' xlink:arcrole='http://www.xbrl.org/2003/arcrole/parent-child' xlink:from='loc_ComponentOfOperatingOtherCostAndExpenseLineItems' xlink:to='loc_SuppliesAndPostageExpense' xlink:type='arc' />
<link:presentationArc order='510' xlink:arcrole='http://www.xbrl.org/2003/arcrole/parent-child' xlink:from='loc_ComponentOfOperatingOtherCostAndExpenseLineItems' xlink:to='loc_SuppliesExpense' xlink:type='arc' />
<link:presentationArc order='520' xlink:arcrole='http://www.xbrl.org/2003/arcrole/parent-child' xlink:from='loc_ComponentOfOperatingOtherCostAndExpenseLineItems' xlink:to='loc_TaxesAndLicenses' xlink:type='arc' />
<link:presentationArc order='530' xlink:arcrole='http://www.xbrl.org/2003/arcrole/parent-child' xlink:from='loc_ComponentOfOperatingOtherCostAndExpenseLineItems' xlink:to='loc_TaxesExcludingIncomeAndExciseTaxes' xlink:type='arc' />
<link:presentationArc order='540' xlink:arcrole='http://www.xbrl.org/2003/arcrole/parent-child' xlink:from='loc_ComponentOfOperatingOtherCostAndExpenseLineItems' xlink:to='loc_TravelAndEntertainmentExpense' xlink:type='arc' />
<link:presentationArc order='10' xlink:arcrole='http://www.xbrl.org/2003/arcrole/parent-child' xlink:from='loc_ComponentOfOtherExpenseNonoperatingLineItems' xlink:to='loc_GoodwillImpairmentLoss' xlink:type='arc' />
<link:presentationArc order='20' xlink:arcrole='http://www.xbrl.org/2003/arcrole/parent-child' xlink:from='loc_ComponentOfOtherExpenseNonoperatingLineItems' xlink:to='loc_ImpairmentOfIntangibleAssetsExcludingGoodwill' xlink:type='arc' />
<link:presentationArc order='30' xlink:arcrole='http://www.xbrl.org/2003/arcrole/parent-child' xlink:from='loc_ComponentOfOtherExpenseNonoperatingLineItems' xlink:to='loc_OtherNonoperatingExpense' xlink:type='arc' />
<link:presentationArc order='40' xlink:arcrole='http://www.xbrl.org/2003/arcrole/parent-child' xlink:from='loc_ComponentOfOtherExpenseNonoperatingLineItems' xlink:to='loc_MarketableSecuritiesUnrealizedGainLoss' xlink:type='arc' />
<link:presentationArc order='50' xlink:arcrole='http://www.xbrl.org/2003/arcrole/parent-child' xlink:from='loc_ComponentOfOtherExpenseNonoperatingLineItems' xlink:to='loc_ImpairmentOfInvestments' xlink:type='arc' />
<link:presentationArc order='60' xlink:arcrole='http://www.xbrl.org/2003/arcrole/parent-child' xlink:from='loc_ComponentOfOtherExpenseNonoperatingLineItems' xlink:to='loc_OtherExpenseDisclosureNonoperating' xlink:type='arc' />
<link:presentationArc order='10' xlink:arcrole='http://www.xbrl.org/2003/arcrole/parent-child' xlink:from='loc_ComponentOfOtherIncomeNonoperatingLineItems' xlink:to='loc_PublicUtilitiesAllowanceForFundsUsedDuringConstructionCapitalizedInterest' xlink:type='arc' />
<link:presentationArc order='20' xlink:arcrole='http://www.xbrl.org/2003/arcrole/parent-child' xlink:from='loc_ComponentOfOtherIncomeNonoperatingLineItems' xlink:to='loc_AmortizationOfIntangibleAssets' xlink:type='arc' />
<link:presentationArc order='30' xlink:arcrole='http://www.xbrl.org/2003/arcrole/parent-child' xlink:from='loc_ComponentOfOtherIncomeNonoperatingLineItems' xlink:to='loc_OtherAmortizationOfDeferredCharges' xlink:type='arc' />
<link:presentationArc order='40' xlink:arcrole='http://www.xbrl.org/2003/arcrole/parent-child' xlink:from='loc_ComponentOfOtherIncomeNonoperatingLineItems' xlink:to='loc_AmortizationOfRegulatoryAsset' xlink:type='arc' />
<link:presentationArc order='50' xlink:arcrole='http://www.xbrl.org/2003/arcrole/parent-child' xlink:from='loc_ComponentOfOtherIncomeNonoperatingLineItems' xlink:to='loc_GainLossFromPriceRiskManagementActivity' xlink:type='arc' />
<link:presentationArc order='60' xlink:arcrole='http://www.xbrl.org/2003/arcrole/parent-child' xlink:from='loc_ComponentOfOtherIncomeNonoperatingLineItems' xlink:to='loc_GainLossOnDispositionOfAssets1' xlink:type='arc' />
<link:presentationArc order='70' xlink:arcrole='http://www.xbrl.org/2003/arcrole/parent-child' xlink:from='loc_ComponentOfOtherIncomeNonoperatingLineItems' xlink:to='loc_GainLossOnSaleOfProperty' xlink:type='arc' />
<link:presentationArc order='80' xlink:arcrole='http://www.xbrl.org/2003/arcrole/parent-child' xlink:from='loc_ComponentOfOtherIncomeNonoperatingLineItems' xlink:to='loc_GainLossOnSaleOfOtherAssets' xlink:type='arc' />
<link:presentationArc order='90' xlink:arcrole='http://www.xbrl.org/2003/arcrole/parent-child' xlink:from='loc_ComponentOfOtherIncomeNonoperatingLineItems' xlink:to='loc_GainLossOnDispositionOfAssets' xlink:type='arc' />
<link:presentationArc order='100' xlink:arcrole='http://www.xbrl.org/2003/arcrole/parent-child' xlink:from='loc_ComponentOfOtherIncomeNonoperatingLineItems' xlink:to='loc_GainLossOnInvestments' xlink:type='arc' />
<link:presentationArc order='110' xlink:arcrole='http://www.xbrl.org/2003/arcrole/parent-child' xlink:from='loc_ComponentOfOtherIncomeNonoperatingLineItems' xlink:to='loc_GainLossOnSaleOfAccountsReceivable' xlink:type='arc' />
<link:presentationArc order='120' xlink:arcrole='http://www.xbrl.org/2003/arcrole/parent-child' xlink:from='loc_ComponentOfOtherIncomeNonoperatingLineItems' xlink:to='loc_GainLossOnSaleOfDerivatives' xlink:type='arc' />
<link:presentationArc order='130' xlink:arcrole='http://www.xbrl.org/2003/arcrole/parent-child' xlink:from='loc_ComponentOfOtherIncomeNonoperatingLineItems' xlink:to='loc_IncomeLossFromEquityMethodInvestments' xlink:type='arc' />
<link:presentationArc order='140' xlink:arcrole='http://www.xbrl.org/2003/arcrole/parent-child' xlink:from='loc_ComponentOfOtherIncomeNonoperatingLineItems' xlink:to='loc_IncomeLossFromEquityMethodInvestmentsNetOfDividendsOrDistributions' xlink:type='arc' />
<link:presentationArc order='150' xlink:arcrole='http://www.xbrl.org/2003/arcrole/parent-child' xlink:from='loc_ComponentOfOtherIncomeNonoperatingLineItems' xlink:to='loc_InsuredEventGainLoss' xlink:type='arc' />
<link:presentationArc order='160' xlink:arcrole='http://www.xbrl.org/2003/arcrole/parent-child' xlink:from='loc_ComponentOfOtherIncomeNonoperatingLineItems' xlink:to='loc_InterestIncomeExpenseNonoperatingNet' xlink:type='arc' />
<link:presentationArc order='170' xlink:arcrole='http://www.xbrl.org/2003/arcrole/parent-child' xlink:from='loc_ComponentOfOtherIncomeNonoperatingLineItems' xlink:to='loc_InterestIncomeOther' xlink:type='arc' />
<link:presentationArc order='180' xlink:arcrole='http://www.xbrl.org/2003/arcrole/parent-child' xlink:from='loc_ComponentOfOtherIncomeNonoperatingLineItems' xlink:to='loc_InvestmentIncomeDividend' xlink:type='arc' />
<link:presentationArc order='190' xlink:arcrole='http://www.xbrl.org/2003/arcrole/parent-child' xlink:from='loc_ComponentOfOtherIncomeNonoperatingLineItems' xlink:to='loc_InvestmentIncomeInterestAndDividend' xlink:type='arc' />
<link:presentationArc order='200' xlink:arcrole='http://www.xbrl.org/2003/arcrole/parent-child' xlink:from='loc_ComponentOfOtherIncomeNonoperatingLineItems' xlink:to='loc_MarketableSecuritiesRealizedGainLoss' xlink:type='arc' />
<link:presentationArc order='210' xlink:arcrole='http://www.xbrl.org/2003/arcrole/parent-child' xlink:from='loc_ComponentOfOtherIncomeNonoperatingLineItems' xlink:to='loc_OtherIncomeAndOtherExpenseDisclosureNonoperating' xlink:type='arc' />
<link:presentationArc order='220' xlink:arcrole='http://www.xbrl.org/2003/arcrole/parent-child' xlink:from='loc_ComponentOfOtherIncomeNonoperatingLineItems' xlink:to='loc_OtherIncomeDisclosureNonoperating' xlink:type='arc' />
<link:presentationArc order='230' xlink:arcrole='http://www.xbrl.org/2003/arcrole/parent-child' xlink:from='loc_ComponentOfOtherIncomeNonoperatingLineItems' xlink:to='loc_OtherNonoperatingIncome' xlink:type='arc' />
<link:presentationArc order='240' xlink:arcrole='http://www.xbrl.org/2003/arcrole/parent-child' xlink:from='loc_ComponentOfOtherIncomeNonoperatingLineItems' xlink:to='loc_RealEstatePartnershipInvestmentSubsidiariesNetIncomeLossBeforeTax' xlink:type='arc' />
<link:presentationArc order='250' xlink:arcrole='http://www.xbrl.org/2003/arcrole/parent-child' xlink:from='loc_ComponentOfOtherIncomeNonoperatingLineItems' xlink:to='loc_RealizedInvestmentGainsLosses' xlink:type='arc' />
<link:presentationArc order='260' xlink:arcrole='http://www.xbrl.org/2003/arcrole/parent-child' xlink:from='loc_ComponentOfOtherIncomeNonoperatingLineItems' xlink:to='loc_UnrealizedGainLossOnDerivatives' xlink:type='arc' />
<link:presentationArc order='10' xlink:arcrole='http://www.xbrl.org/2003/arcrole/parent-child' xlink:from='loc_InterestAndOtherIncomeAbstract' xlink:to='loc_InterestIncomeSecuritiesMortgageBacked' xlink:type='arc' />
<link:presentationArc order='20' xlink:arcrole='http://www.xbrl.org/2003/arcrole/parent-child' xlink:from='loc_InterestAndOtherIncomeAbstract' xlink:to='loc_InterestIncomeSecuritiesCorporateDebtOperating' xlink:type='arc' />
<link:presentationArc order='30' xlink:arcrole='http://www.xbrl.org/2003/arcrole/parent-child' xlink:from='loc_InterestAndOtherIncomeAbstract' xlink:to='loc_InterestIncomeSecuritiesStateAndMunicipal' xlink:type='arc' />
<link:presentationArc order='40' xlink:arcrole='http://www.xbrl.org/2003/arcrole/parent-child' xlink:from='loc_InterestAndOtherIncomeAbstract' xlink:to='loc_InterestIncomeSecuritiesUSTreasury' xlink:type='arc' />
<link:presentationArc order='50' xlink:arcrole='http://www.xbrl.org/2003/arcrole/parent-child' xlink:from='loc_InterestAndOtherIncomeAbstract' xlink:to='loc_InterestIncomeSecuritiesOtherUSGovernment' xlink:type='arc' />
<link:presentationArc order='60' xlink:arcrole='http://www.xbrl.org/2003/arcrole/parent-child' xlink:from='loc_InterestAndOtherIncomeAbstract' xlink:to='loc_InterestIncomeMoneyMarketDeposits' xlink:type='arc' />
<link:presentationArc order='70' xlink:arcrole='http://www.xbrl.org/2003/arcrole/parent-child' xlink:from='loc_InterestAndOtherIncomeAbstract' xlink:to='loc_InterestIncomeOtherDomesticDeposits' xlink:type='arc' />
<link:presentationArc order='80' xlink:arcrole='http://www.xbrl.org/2003/arcrole/parent-child' xlink:from='loc_InterestAndOtherIncomeAbstract' xlink:to='loc_InterestIncomeForeignDeposits' xlink:type='arc' />
<link:presentationArc order='90' xlink:arcrole='http://www.xbrl.org/2003/arcrole/parent-child' xlink:from='loc_InterestAndOtherIncomeAbstract' xlink:to='loc_InterestAndOtherIncome' xlink:type='arc' />
<link:presentationArc order='10' xlink:arcrole='http://www.xbrl.org/2003/arcrole/parent-child' xlink:from='loc_OtherExpenseDisclosureNonoperatingAbstract' xlink:to='loc_ScheduleOfOtherNonoperatingExpenseByComponentTextBlock' xlink:type='arc' />
<link:presentationArc order='10' xlink:arcrole='http://www.xbrl.org/2003/arcrole/parent-child' xlink:from='loc_ScheduleOfOtherNonoperatingExpenseByComponentTextBlock' xlink:to='loc_ComponentOfOtherExpenseNonoperatingLineItems' xlink:type='arc' />
<link:presentationArc order='10' xlink:arcrole='http://www.xbrl.org/2003/arcrole/parent-child' xlink:from='loc_OtherIncomeAndExpensesAbstract' xlink:to='loc_OtherIncomeAndOtherExpenseDisclosureTextBlock' xlink:type='arc' />
<link:presentationArc order='10' xlink:arcrole='http://www.xbrl.org/2003/arcrole/parent-child' xlink:from='loc_OtherIncomeAndOtherExpenseDisclosureTextBlock' xlink:to='loc_OtherOperatingIncomeAndExpenseTextBlock' xlink:type='arc' />
<link:presentationArc order='10' xlink:arcrole='http://www.xbrl.org/2003/arcrole/parent-child' xlink:from='loc_OtherOperatingIncomeAndExpenseTextBlock' xlink:to='loc_ScheduleOfOtherOperatingCostAndExpenseByComponentTextBlock' xlink:type='arc' />
<link:presentationArc order='10' xlink:arcrole='http://www.xbrl.org/2003/arcrole/parent-child' xlink:from='loc_ScheduleOfOtherOperatingCostAndExpenseByComponentTextBlock' xlink:to='loc_ComponentOfOperatingOtherCostAndExpenseLineItems' xlink:type='arc' />
<link:presentationArc order='20' xlink:arcrole='http://www.xbrl.org/2003/arcrole/parent-child' xlink:from='loc_ScheduleOfOtherOperatingCostAndExpenseByComponentTextBlock' xlink:to='loc_OtherIncomeAbstract' xlink:type='arc' />
<link:presentationArc order='20' xlink:arcrole='http://www.xbrl.org/2003/arcrole/parent-child' xlink:from='loc_OtherIncomeAndOtherExpenseDisclosureTextBlock' xlink:to='loc_OtherNonoperatingIncomeAndExpenseTextBlock' xlink:type='arc' />
<link:presentationArc order='10' xlink:arcrole='http://www.xbrl.org/2003/arcrole/parent-child' xlink:from='loc_OtherNonoperatingIncomeAndExpenseTextBlock' xlink:to='loc_ScheduleOfOtherNonoperatingIncomeExpenseTableTextBlock' xlink:type='arc' />
<link:presentationArc order='10' xlink:arcrole='http://www.xbrl.org/2003/arcrole/parent-child' xlink:from='loc_ScheduleOfOtherNonoperatingIncomeExpenseTableTextBlock' xlink:to='loc_OtherIncomeDisclosureNonoperatingAbstract' xlink:type='arc' />
<link:presentationArc order='20' xlink:arcrole='http://www.xbrl.org/2003/arcrole/parent-child' xlink:from='loc_ScheduleOfOtherNonoperatingIncomeExpenseTableTextBlock' xlink:to='loc_OtherExpenseDisclosureNonoperatingAbstract' xlink:type='arc' />
<link:presentationArc order='30' xlink:arcrole='http://www.xbrl.org/2003/arcrole/parent-child' xlink:from='loc_OtherIncomeAndOtherExpenseDisclosureTextBlock' xlink:to='loc_InterestAndOtherIncomeTextBlock' xlink:type='arc' />
<link:presentationArc order='10' xlink:arcrole='http://www.xbrl.org/2003/arcrole/parent-child' xlink:from='loc_InterestAndOtherIncomeTextBlock' xlink:to='loc_InterestAndOtherIncomeTableTextBlock' xlink:type='arc' />
<link:presentationArc order='10' xlink:arcrole='http://www.xbrl.org/2003/arcrole/parent-child' xlink:from='loc_InterestAndOtherIncomeTableTextBlock' xlink:to='loc_InterestAndOtherIncomeAbstract' xlink:type='arc' />
<link:presentationArc order='10' xlink:arcrole='http://www.xbrl.org/2003/arcrole/parent-child' xlink:from='loc_OtherIncomeDisclosureNonoperatingAbstract' xlink:to='loc_ScheduleOfOtherNonoperatingIncomeByComponentTextBlock' xlink:type='arc' />
<link:presentationArc order='10' xlink:arcrole='http://www.xbrl.org/2003/arcrole/parent-child' xlink:from='loc_ScheduleOfOtherNonoperatingIncomeByComponentTextBlock' xlink:to='loc_ComponentOfOtherIncomeNonoperatingLineItems' xlink:type='arc' />
</link:presentationLink>
</link:linkbase>
