<?xml version='1.0' encoding='UTF-8'?>

<!--
(c) XBRL US, Inc. 2007-2010; Financial Accounting Foundation, Inc. 2010-2014.  All Rights Reserved.
Notice: Authorized Uses are Set Forth at http://xbrl.fasb.org/terms/TaxonomiesTermsConditions.html
  -->
<link:linkbase xmlns:link='http://www.xbrl.org/2003/linkbase' xmlns:xbrldt='http://xbrl.org/2005/xbrldt' xmlns:xlink='http://www.w3.org/1999/xlink' xmlns:xsi='http://www.w3.org/2001/XMLSchema-instance' xsi:schemaLocation='http://www.xbrl.org/2003/linkbase http://www.xbrl.org/2003/xbrl-linkbase-2003-12-31.xsd'>
<link:roleRef roleURI='http://fasb.org/us-gaap/role/disclosure/InterimReportingScheduleOfEffectOfFourthQuarterEventsTable' xlink:href='../elts/us-roles-2014-01-31.xsd#InterimReportingScheduleOfEffectOfFourthQuarterEventsTable' xlink:type='simple' />
<link:arcroleRef arcroleURI='http://xbrl.org/int/dim/arcrole/all' xlink:href='http://www.xbrl.org/2005/xbrldt-2005.xsd#all' xlink:type='simple' />
<link:arcroleRef arcroleURI='http://xbrl.org/int/dim/arcrole/dimension-default' xlink:href='http://www.xbrl.org/2005/xbrldt-2005.xsd#dimension-default' xlink:type='simple' />
<link:arcroleRef arcroleURI='http://xbrl.org/int/dim/arcrole/dimension-domain' xlink:href='http://www.xbrl.org/2005/xbrldt-2005.xsd#dimension-domain' xlink:type='simple' />
<link:arcroleRef arcroleURI='http://xbrl.org/int/dim/arcrole/domain-member' xlink:href='http://www.xbrl.org/2005/xbrldt-2005.xsd#domain-member' xlink:type='simple' />
<link:arcroleRef arcroleURI='http://xbrl.org/int/dim/arcrole/hypercube-dimension' xlink:href='http://www.xbrl.org/2005/xbrldt-2005.xsd#hypercube-dimension' xlink:type='simple' />
<link:roleRef roleURI='http://fasb.org/us-gaap/role/disclosure/InterimReportingInterimPeriodCostsNotAllocableTable' xlink:href='../elts/us-roles-2014-01-31.xsd#InterimReportingInterimPeriodCostsNotAllocableTable' xlink:type='simple' />
<link:definitionLink xlink:role='http://fasb.org/us-gaap/role/disclosure/InterimReportingInterimPeriodCostsNotAllocableTable' xlink:type='extended'>
<link:loc xlink:href='../elts/us-gaap-2014-01-31.xsd#us-gaap_InterimPeriodCostsNotAllocableLineItems' xlink:label='loc_InterimPeriodCostsNotAllocableLineItems' xlink:type='locator' />
<link:loc xlink:href='../elts/us-gaap-2014-01-31.xsd#us-gaap_InterimPeriodCostsNotAllocableTable' xlink:label='loc_InterimPeriodCostsNotAllocableTable' xlink:type='locator' />
<link:definitionArc order='1.0' xbrldt:closed='true' xbrldt:contextElement='segment' xlink:arcrole='http://xbrl.org/int/dim/arcrole/all' xlink:from='loc_InterimPeriodCostsNotAllocableLineItems' xlink:to='loc_InterimPeriodCostsNotAllocableTable' xlink:type='arc' />
</link:definitionLink>
<link:definitionLink xlink:role='http://fasb.org/us-gaap/role/disclosure/InterimReportingInterimPeriodCostsNotAllocableTable' xlink:type='extended'>
<link:loc xlink:href='../elts/us-gaap-2014-01-31.xsd#us-gaap_NatureOfExpenseAxis' xlink:label='loc_NatureOfExpenseAxis' xlink:type='locator' />
<link:loc xlink:href='../elts/us-gaap-2014-01-31.xsd#us-gaap_InterimPeriodCostsNotAllocableDomain' xlink:label='loc_InterimPeriodCostsNotAllocableDomain' xlink:type='locator' />
<link:definitionArc order='1.0' xlink:arcrole='http://xbrl.org/int/dim/arcrole/dimension-default' xlink:from='loc_NatureOfExpenseAxis' xlink:to='loc_InterimPeriodCostsNotAllocableDomain' xlink:type='arc' />
</link:definitionLink>
<link:definitionLink xlink:role='http://fasb.org/us-gaap/role/disclosure/InterimReportingInterimPeriodCostsNotAllocableTable' xlink:type='extended'>
<link:loc xlink:href='../elts/us-gaap-2014-01-31.xsd#us-gaap_NatureOfExpenseAxis' xlink:label='loc_NatureOfExpenseAxis' xlink:type='locator' />
<link:loc xlink:href='../elts/us-gaap-2014-01-31.xsd#us-gaap_InterimPeriodCostsNotAllocableDomain' xlink:label='loc_InterimPeriodCostsNotAllocableDomain' xlink:type='locator' />
<link:definitionArc order='1.0' xlink:arcrole='http://xbrl.org/int/dim/arcrole/dimension-domain' xlink:from='loc_NatureOfExpenseAxis' xlink:to='loc_InterimPeriodCostsNotAllocableDomain' xlink:type='arc' />
</link:definitionLink>
<link:definitionLink xlink:role='http://fasb.org/us-gaap/role/disclosure/InterimReportingInterimPeriodCostsNotAllocableTable' xlink:type='extended'>
<link:loc xlink:href='../elts/us-gaap-2014-01-31.xsd#us-gaap_InterimPeriodCostsNotAllocableLineItems' xlink:label='loc_InterimPeriodCostsNotAllocableLineItems' xlink:type='locator' />
<link:loc xlink:href='../elts/us-gaap-2014-01-31.xsd#us-gaap_InterimPeriodCostsNotAllocableDescription' xlink:label='loc_InterimPeriodCostsNotAllocableDescription' xlink:type='locator' />
<link:loc xlink:href='../elts/us-gaap-2014-01-31.xsd#us-gaap_InterimPeriodCostsNotAllocableAmountFirstItem' xlink:label='loc_InterimPeriodCostsNotAllocableAmountFirstItem' xlink:type='locator' />
<link:loc xlink:href='../elts/us-gaap-2014-01-31.xsd#us-gaap_InterimPeriodCostsNotAllocableAmountSecondItem' xlink:label='loc_InterimPeriodCostsNotAllocableAmountSecondItem' xlink:type='locator' />
<link:loc xlink:href='../elts/us-gaap-2014-01-31.xsd#us-gaap_InterimPeriodCostsNotAllocableAmountThirdItem' xlink:label='loc_InterimPeriodCostsNotAllocableAmountThirdItem' xlink:type='locator' />
<link:definitionArc order='1.0' xlink:arcrole='http://xbrl.org/int/dim/arcrole/domain-member' xlink:from='loc_InterimPeriodCostsNotAllocableLineItems' xlink:to='loc_InterimPeriodCostsNotAllocableDescription' xlink:type='arc' />
<link:definitionArc order='2.0' xlink:arcrole='http://xbrl.org/int/dim/arcrole/domain-member' xlink:from='loc_InterimPeriodCostsNotAllocableLineItems' xlink:to='loc_InterimPeriodCostsNotAllocableAmountFirstItem' xlink:type='arc' />
<link:definitionArc order='3.0' xlink:arcrole='http://xbrl.org/int/dim/arcrole/domain-member' xlink:from='loc_InterimPeriodCostsNotAllocableLineItems' xlink:to='loc_InterimPeriodCostsNotAllocableAmountSecondItem' xlink:type='arc' />
<link:definitionArc order='4.0' xlink:arcrole='http://xbrl.org/int/dim/arcrole/domain-member' xlink:from='loc_InterimPeriodCostsNotAllocableLineItems' xlink:to='loc_InterimPeriodCostsNotAllocableAmountThirdItem' xlink:type='arc' />
</link:definitionLink>
<link:definitionLink xlink:role='http://fasb.org/us-gaap/role/disclosure/InterimReportingInterimPeriodCostsNotAllocableTable' xlink:type='extended'>
<link:loc xlink:href='../elts/us-gaap-2014-01-31.xsd#us-gaap_InterimPeriodCostsNotAllocableTable' xlink:label='loc_InterimPeriodCostsNotAllocableTable' xlink:type='locator' />
<link:loc xlink:href='../elts/us-gaap-2014-01-31.xsd#us-gaap_NatureOfExpenseAxis' xlink:label='loc_NatureOfExpenseAxis' xlink:type='locator' />
<link:definitionArc order='1.0' xlink:arcrole='http://xbrl.org/int/dim/arcrole/hypercube-dimension' xlink:from='loc_InterimPeriodCostsNotAllocableTable' xlink:to='loc_NatureOfExpenseAxis' xlink:type='arc' />
</link:definitionLink>
<link:definitionLink xlink:role='http://fasb.org/us-gaap/role/disclosure/InterimReportingScheduleOfEffectOfFourthQuarterEventsTable' xlink:type='extended'>
<link:loc xlink:href='../elts/us-gaap-2014-01-31.xsd#us-gaap_EffectOfFourthQuarterEventsLineItems' xlink:label='loc_EffectOfFourthQuarterEventsLineItems' xlink:type='locator' />
<link:loc xlink:href='../elts/us-gaap-2014-01-31.xsd#us-gaap_ScheduleOfEffectOfFourthQuarterEventsTable' xlink:label='loc_ScheduleOfEffectOfFourthQuarterEventsTable' xlink:type='locator' />
<link:definitionArc order='1.0' xbrldt:closed='true' xbrldt:contextElement='segment' xlink:arcrole='http://xbrl.org/int/dim/arcrole/all' xlink:from='loc_EffectOfFourthQuarterEventsLineItems' xlink:to='loc_ScheduleOfEffectOfFourthQuarterEventsTable' xlink:type='arc' />
</link:definitionLink>
<link:definitionLink xlink:role='http://fasb.org/us-gaap/role/disclosure/InterimReportingScheduleOfEffectOfFourthQuarterEventsTable' xlink:type='extended'>
<link:loc xlink:href='../elts/us-gaap-2014-01-31.xsd#us-gaap_EffectOfFourthQuarterEventsByTypeAxis' xlink:label='loc_EffectOfFourthQuarterEventsByTypeAxis' xlink:type='locator' />
<link:loc xlink:href='../elts/us-gaap-2014-01-31.xsd#us-gaap_EffectOfFourthQuarterEventsTypeDomain' xlink:label='loc_EffectOfFourthQuarterEventsTypeDomain' xlink:type='locator' />
<link:definitionArc order='1.0' xlink:arcrole='http://xbrl.org/int/dim/arcrole/dimension-default' xlink:from='loc_EffectOfFourthQuarterEventsByTypeAxis' xlink:to='loc_EffectOfFourthQuarterEventsTypeDomain' xlink:type='arc' />
</link:definitionLink>
<link:definitionLink xlink:role='http://fasb.org/us-gaap/role/disclosure/InterimReportingScheduleOfEffectOfFourthQuarterEventsTable' xlink:type='extended'>
<link:loc xlink:href='../elts/us-gaap-2014-01-31.xsd#us-gaap_EffectOfFourthQuarterEventsByTypeAxis' xlink:label='loc_EffectOfFourthQuarterEventsByTypeAxis' xlink:type='locator' />
<link:loc xlink:href='../elts/us-gaap-2014-01-31.xsd#us-gaap_EffectOfFourthQuarterEventsTypeDomain' xlink:label='loc_EffectOfFourthQuarterEventsTypeDomain' xlink:type='locator' />
<link:definitionArc order='1.0' xlink:arcrole='http://xbrl.org/int/dim/arcrole/dimension-domain' xlink:from='loc_EffectOfFourthQuarterEventsByTypeAxis' xlink:to='loc_EffectOfFourthQuarterEventsTypeDomain' xlink:type='arc' />
</link:definitionLink>
<link:definitionLink xlink:role='http://fasb.org/us-gaap/role/disclosure/InterimReportingScheduleOfEffectOfFourthQuarterEventsTable' xlink:type='extended'>
<link:loc xlink:href='../elts/us-gaap-2014-01-31.xsd#us-gaap_EffectOfFourthQuarterEventsLineItems' xlink:label='loc_EffectOfFourthQuarterEventsLineItems' xlink:type='locator' />
<link:loc xlink:href='../elts/us-gaap-2014-01-31.xsd#us-gaap_YearEndAdjustmentsEffectOfFourthQuarterEventsDescription' xlink:label='loc_YearEndAdjustmentsEffectOfFourthQuarterEventsDescription' xlink:type='locator' />
<link:loc xlink:href='../elts/us-gaap-2014-01-31.xsd#us-gaap_EffectOfFourthQuarterEventsAmount' xlink:label='loc_EffectOfFourthQuarterEventsAmount' xlink:type='locator' />
<link:loc xlink:href='../elts/us-gaap-2014-01-31.xsd#us-gaap_EffectOfFourthQuarterEventsTypeDomain' xlink:label='loc_EffectOfFourthQuarterEventsTypeDomain' xlink:type='locator' />
<link:loc xlink:href='../elts/us-gaap-2014-01-31.xsd#us-gaap_YearEndAdjustmentMember' xlink:label='loc_YearEndAdjustmentMember' xlink:type='locator' />
<link:loc xlink:href='../elts/us-gaap-2014-01-31.xsd#us-gaap_ExtraordinaryItemMember' xlink:label='loc_ExtraordinaryItemMember' xlink:type='locator' />
<link:loc xlink:href='../elts/us-gaap-2014-01-31.xsd#us-gaap_UnusualOrInfrequentItemMember' xlink:label='loc_UnusualOrInfrequentItemMember' xlink:type='locator' />
<link:definitionArc order='1.0' xlink:arcrole='http://xbrl.org/int/dim/arcrole/domain-member' xlink:from='loc_EffectOfFourthQuarterEventsLineItems' xlink:to='loc_YearEndAdjustmentsEffectOfFourthQuarterEventsDescription' xlink:type='arc' />
<link:definitionArc order='2.0' xlink:arcrole='http://xbrl.org/int/dim/arcrole/domain-member' xlink:from='loc_EffectOfFourthQuarterEventsLineItems' xlink:to='loc_EffectOfFourthQuarterEventsAmount' xlink:type='arc' />
<link:definitionArc order='1.0' xlink:arcrole='http://xbrl.org/int/dim/arcrole/domain-member' xlink:from='loc_EffectOfFourthQuarterEventsTypeDomain' xlink:to='loc_YearEndAdjustmentMember' xlink:type='arc' />
<link:definitionArc order='2.0' xlink:arcrole='http://xbrl.org/int/dim/arcrole/domain-member' xlink:from='loc_EffectOfFourthQuarterEventsTypeDomain' xlink:to='loc_ExtraordinaryItemMember' xlink:type='arc' />
<link:definitionArc order='3.0' xlink:arcrole='http://xbrl.org/int/dim/arcrole/domain-member' xlink:from='loc_EffectOfFourthQuarterEventsTypeDomain' xlink:to='loc_UnusualOrInfrequentItemMember' xlink:type='arc' />
</link:definitionLink>
<link:definitionLink xlink:role='http://fasb.org/us-gaap/role/disclosure/InterimReportingScheduleOfEffectOfFourthQuarterEventsTable' xlink:type='extended'>
<link:loc xlink:href='../elts/us-gaap-2014-01-31.xsd#us-gaap_ScheduleOfEffectOfFourthQuarterEventsTable' xlink:label='loc_ScheduleOfEffectOfFourthQuarterEventsTable' xlink:type='locator' />
<link:loc xlink:href='../elts/us-gaap-2014-01-31.xsd#us-gaap_EffectOfFourthQuarterEventsByTypeAxis' xlink:label='loc_EffectOfFourthQuarterEventsByTypeAxis' xlink:type='locator' />
<link:definitionArc order='1.0' xlink:arcrole='http://xbrl.org/int/dim/arcrole/hypercube-dimension' xlink:from='loc_ScheduleOfEffectOfFourthQuarterEventsTable' xlink:to='loc_EffectOfFourthQuarterEventsByTypeAxis' xlink:type='arc' />
</link:definitionLink>
</link:linkbase>
