<?xml version='1.0' encoding='UTF-8'?>

<!--
(c) XBRL US, Inc. 2007-2010; Financial Accounting Foundation, Inc. 2010-2014.  All Rights Reserved.
Notice: Authorized Uses are Set Forth at http://xbrl.fasb.org/terms/TaxonomiesTermsConditions.html
  -->
<link:linkbase xmlns:link='http://www.xbrl.org/2003/linkbase' xmlns:xbrldt='http://xbrl.org/2005/xbrldt' xmlns:xlink='http://www.w3.org/1999/xlink' xmlns:xsi='http://www.w3.org/2001/XMLSchema-instance' xsi:schemaLocation='http://www.xbrl.org/2003/linkbase http://www.xbrl.org/2003/xbrl-linkbase-2003-12-31.xsd'>
<link:roleRef roleURI='http://fasb.org/us-gaap/role/disclosure/DerivativeInstrumentsAndHedgingActivities' xlink:href='../elts/us-roles-2014-01-31.xsd#diha' xlink:type='simple' />
<link:calculationLink xlink:role='http://fasb.org/us-gaap/role/disclosure/DerivativeInstrumentsAndHedgingActivities' xlink:type='extended'>
<link:loc xlink:href='../elts/us-gaap-2014-01-31.xsd#us-gaap_CashFlowHedgesDerivativeInstrumentsAtFairValueNet' xlink:label='loc_CashFlowHedgesDerivativeInstrumentsAtFairValueNet' xlink:type='locator' />
<link:loc xlink:href='../elts/us-gaap-2014-01-31.xsd#us-gaap_CashFlowHedgeDerivativeInstrumentAssetsAtFairValue' xlink:label='loc_CashFlowHedgeDerivativeInstrumentAssetsAtFairValue' xlink:type='locator' />
<link:loc xlink:href='../elts/us-gaap-2014-01-31.xsd#us-gaap_CashFlowHedgeDerivativeInstrumentLiabilitiesAtFairValue' xlink:label='loc_CashFlowHedgeDerivativeInstrumentLiabilitiesAtFairValue' xlink:type='locator' />
<link:loc xlink:href='../elts/us-gaap-2014-01-31.xsd#us-gaap_CreditRiskDerivativesAtFairValueNet' xlink:label='loc_CreditRiskDerivativesAtFairValueNet' xlink:type='locator' />
<link:loc xlink:href='../elts/us-gaap-2014-01-31.xsd#us-gaap_CreditRiskDerivativeAssetsAtFairValue' xlink:label='loc_CreditRiskDerivativeAssetsAtFairValue' xlink:type='locator' />
<link:loc xlink:href='../elts/us-gaap-2014-01-31.xsd#us-gaap_CreditRiskDerivativeLiabilitiesAtFairValue' xlink:label='loc_CreditRiskDerivativeLiabilitiesAtFairValue' xlink:type='locator' />
<link:loc xlink:href='../elts/us-gaap-2014-01-31.xsd#us-gaap_DerivativeInstrumentsNotDesignatedAsHedgingInstrumentsGainLossNet' xlink:label='loc_DerivativeInstrumentsNotDesignatedAsHedgingInstrumentsGainLossNet' xlink:type='locator' />
<link:loc xlink:href='../elts/us-gaap-2014-01-31.xsd#us-gaap_DerivativeInstrumentsNotDesignatedAsHedgingInstrumentsGain' xlink:label='loc_DerivativeInstrumentsNotDesignatedAsHedgingInstrumentsGain' xlink:type='locator' />
<link:loc xlink:href='../elts/us-gaap-2014-01-31.xsd#us-gaap_DerivativeInstrumentsNotDesignatedAsHedgingInstrumentsLoss' xlink:label='loc_DerivativeInstrumentsNotDesignatedAsHedgingInstrumentsLoss' xlink:type='locator' />
<link:loc xlink:href='../elts/us-gaap-2014-01-31.xsd#us-gaap_NetInvestmentHedgeDerivativesAtFairValueNet' xlink:label='loc_NetInvestmentHedgeDerivativesAtFairValueNet' xlink:type='locator' />
<link:loc xlink:href='../elts/us-gaap-2014-01-31.xsd#us-gaap_NetInvestmentHedgeDerivativeAssetsAtFairValue' xlink:label='loc_NetInvestmentHedgeDerivativeAssetsAtFairValue' xlink:type='locator' />
<link:loc xlink:href='../elts/us-gaap-2014-01-31.xsd#us-gaap_NetInvestmentHedgeDerivativeLiabilitiesAtFairValue' xlink:label='loc_NetInvestmentHedgeDerivativeLiabilitiesAtFairValue' xlink:type='locator' />
<link:loc xlink:href='../elts/us-gaap-2014-01-31.xsd#us-gaap_DerivativeInstrumentsInHedgesAtFairValueNet' xlink:label='loc_DerivativeInstrumentsInHedgesAtFairValueNet' xlink:type='locator' />
<link:loc xlink:href='../elts/us-gaap-2014-01-31.xsd#us-gaap_DerivativeInstrumentsInHedgesAssetsAtFairValue' xlink:label='loc_DerivativeInstrumentsInHedgesAssetsAtFairValue' xlink:type='locator' />
<link:loc xlink:href='../elts/us-gaap-2014-01-31.xsd#us-gaap_FairValueHedgeAssetsAtFairValue' xlink:label='loc_FairValueHedgeAssetsAtFairValue' xlink:type='locator' />
<link:loc xlink:href='../elts/us-gaap-2014-01-31.xsd#us-gaap_DerivativeInstrumentsInHedgesLiabilitiesAtFairValue' xlink:label='loc_DerivativeInstrumentsInHedgesLiabilitiesAtFairValue' xlink:type='locator' />
<link:loc xlink:href='../elts/us-gaap-2014-01-31.xsd#us-gaap_FairValueHedgeLiabilitiesAtFairValue' xlink:label='loc_FairValueHedgeLiabilitiesAtFairValue' xlink:type='locator' />
<link:loc xlink:href='../elts/us-gaap-2014-01-31.xsd#us-gaap_DerivativeInstrumentsGainLossReclassifiedFromAccumulatedOCIIntoIncomeEffectivePortionNet' xlink:label='loc_DerivativeInstrumentsGainLossReclassifiedFromAccumulatedOCIIntoIncomeEffectivePortionNet' xlink:type='locator' />
<link:loc xlink:href='../elts/us-gaap-2014-01-31.xsd#us-gaap_DerivativeInstrumentsGainReclassifiedFromAccumulatedOCIIntoIncomeEffectivePortion' xlink:label='loc_DerivativeInstrumentsGainReclassifiedFromAccumulatedOCIIntoIncomeEffectivePortion' xlink:type='locator' />
<link:loc xlink:href='../elts/us-gaap-2014-01-31.xsd#us-gaap_DerivativeInstrumentsLossReclassifiedFromAccumulatedOCIIntoIncomeEffectivePortion' xlink:label='loc_DerivativeInstrumentsLossReclassifiedFromAccumulatedOCIIntoIncomeEffectivePortion' xlink:type='locator' />
<link:loc xlink:href='../elts/us-gaap-2014-01-31.xsd#us-gaap_DerivativeInstrumentsGainLossRecognizedInIncomeIneffectivePortionAndAmountExcludedFromEffectivenessTestingNet' xlink:label='loc_DerivativeInstrumentsGainLossRecognizedInIncomeIneffectivePortionAndAmountExcludedFromEffectivenessTestingNet' xlink:type='locator' />
<link:loc xlink:href='../elts/us-gaap-2014-01-31.xsd#us-gaap_DerivativeInstrumentsGainRecognizedInIncomeIneffectivePortionAndAmountExcludedFromEffectivenessTesting' xlink:label='loc_DerivativeInstrumentsGainRecognizedInIncomeIneffectivePortionAndAmountExcludedFromEffectivenessTesting' xlink:type='locator' />
<link:loc xlink:href='../elts/us-gaap-2014-01-31.xsd#us-gaap_DerivativeInstrumentsLossRecognizedInIncomeIneffectivePortionAndAmountExcludedFromEffectivenessTesting' xlink:label='loc_DerivativeInstrumentsLossRecognizedInIncomeIneffectivePortionAndAmountExcludedFromEffectivenessTesting' xlink:type='locator' />
<link:loc xlink:href='../elts/us-gaap-2014-01-31.xsd#us-gaap_DerivativeInstrumentsGainLossRecognizedInOtherComprehensiveIncomeEffectivePortionNet' xlink:label='loc_DerivativeInstrumentsGainLossRecognizedInOtherComprehensiveIncomeEffectivePortionNet' xlink:type='locator' />
<link:loc xlink:href='../elts/us-gaap-2014-01-31.xsd#us-gaap_DerivativeInstrumentsGainRecognizedInOtherComprehensiveIncomeEffectivePortion' xlink:label='loc_DerivativeInstrumentsGainRecognizedInOtherComprehensiveIncomeEffectivePortion' xlink:type='locator' />
<link:loc xlink:href='../elts/us-gaap-2014-01-31.xsd#us-gaap_DerivativeInstrumentsLossRecognizedInOtherComprehensiveIncomeEffectivePortion' xlink:label='loc_DerivativeInstrumentsLossRecognizedInOtherComprehensiveIncomeEffectivePortion' xlink:type='locator' />
<link:loc xlink:href='../elts/us-gaap-2014-01-31.xsd#us-gaap_DerivativeCostOfHedgeNetOfCashReceived' xlink:label='loc_DerivativeCostOfHedgeNetOfCashReceived' xlink:type='locator' />
<link:loc xlink:href='../elts/us-gaap-2014-01-31.xsd#us-gaap_DerivativeCostOfHedge' xlink:label='loc_DerivativeCostOfHedge' xlink:type='locator' />
<link:loc xlink:href='../elts/us-gaap-2014-01-31.xsd#us-gaap_DerivativeCashReceivedOnHedge' xlink:label='loc_DerivativeCashReceivedOnHedge' xlink:type='locator' />
<link:loc xlink:href='../elts/us-gaap-2014-01-31.xsd#us-gaap_DerivativeFairValueAmountOffsetAgainstCollateralNet' xlink:label='loc_DerivativeFairValueAmountOffsetAgainstCollateralNet' xlink:type='locator' />
<link:loc xlink:href='../elts/us-gaap-2014-01-31.xsd#us-gaap_DerivativeFairValueOfDerivativeAssetAmountOffsetAgainstCollateral' xlink:label='loc_DerivativeFairValueOfDerivativeAssetAmountOffsetAgainstCollateral' xlink:type='locator' />
<link:loc xlink:href='../elts/us-gaap-2014-01-31.xsd#us-gaap_DerivativeFairValueOfDerivativeLiabilityAmountOffsetAgainstCollateral' xlink:label='loc_DerivativeFairValueOfDerivativeLiabilityAmountOffsetAgainstCollateral' xlink:type='locator' />
<link:loc xlink:href='../elts/us-gaap-2014-01-31.xsd#us-gaap_DerivativeFairValueOfDerivativeNet' xlink:label='loc_DerivativeFairValueOfDerivativeNet' xlink:type='locator' />
<link:loc xlink:href='../elts/us-gaap-2014-01-31.xsd#us-gaap_DerivativeFairValueOfDerivativeAssetAmountNotOffsetAgainstCollateral' xlink:label='loc_DerivativeFairValueOfDerivativeAssetAmountNotOffsetAgainstCollateral' xlink:type='locator' />
<link:loc xlink:href='../elts/us-gaap-2014-01-31.xsd#us-gaap_DerivativeFairValueOfDerivativeLiabilityAmountNotOffsetAgainstCollateral' xlink:label='loc_DerivativeFairValueOfDerivativeLiabilityAmountNotOffsetAgainstCollateral' xlink:type='locator' />
<link:loc xlink:href='../elts/us-gaap-2014-01-31.xsd#us-gaap_DerivativeGainLossOnDerivativeNet' xlink:label='loc_DerivativeGainLossOnDerivativeNet' xlink:type='locator' />
<link:loc xlink:href='../elts/us-gaap-2014-01-31.xsd#us-gaap_DerivativeGainOnDerivative' xlink:label='loc_DerivativeGainOnDerivative' xlink:type='locator' />
<link:loc xlink:href='../elts/us-gaap-2014-01-31.xsd#us-gaap_DerivativeLossOnDerivative' xlink:label='loc_DerivativeLossOnDerivative' xlink:type='locator' />
<link:loc xlink:href='../elts/us-gaap-2014-01-31.xsd#us-gaap_DerivativeNumberOfInstrumentsHeld' xlink:label='loc_DerivativeNumberOfInstrumentsHeld' xlink:type='locator' />
<link:loc xlink:href='../elts/us-gaap-2014-01-31.xsd#us-gaap_DerivativeAssetNumberOfInstrumentsHeld' xlink:label='loc_DerivativeAssetNumberOfInstrumentsHeld' xlink:type='locator' />
<link:loc xlink:href='../elts/us-gaap-2014-01-31.xsd#us-gaap_DerivativeLiabilityNumberOfInstrumentsHeld' xlink:label='loc_DerivativeLiabilityNumberOfInstrumentsHeld' xlink:type='locator' />
<link:loc xlink:href='../elts/us-gaap-2014-01-31.xsd#us-gaap_EmbeddedDerivativeFairValueOfEmbeddedDerivativeNet' xlink:label='loc_EmbeddedDerivativeFairValueOfEmbeddedDerivativeNet' xlink:type='locator' />
<link:loc xlink:href='../elts/us-gaap-2014-01-31.xsd#us-gaap_EmbeddedDerivativeFairValueOfEmbeddedDerivativeAsset' xlink:label='loc_EmbeddedDerivativeFairValueOfEmbeddedDerivativeAsset' xlink:type='locator' />
<link:loc xlink:href='../elts/us-gaap-2014-01-31.xsd#us-gaap_EmbeddedDerivativeFairValueOfEmbeddedDerivativeLiability' xlink:label='loc_EmbeddedDerivativeFairValueOfEmbeddedDerivativeLiability' xlink:type='locator' />
<link:loc xlink:href='../elts/us-gaap-2014-01-31.xsd#us-gaap_EmbeddedDerivativeGainLossOnEmbeddedDerivativeNet' xlink:label='loc_EmbeddedDerivativeGainLossOnEmbeddedDerivativeNet' xlink:type='locator' />
<link:loc xlink:href='../elts/us-gaap-2014-01-31.xsd#us-gaap_EmbeddedDerivativeGainOnEmbeddedDerivative' xlink:label='loc_EmbeddedDerivativeGainOnEmbeddedDerivative' xlink:type='locator' />
<link:loc xlink:href='../elts/us-gaap-2014-01-31.xsd#us-gaap_EmbeddedDerivativeLossOnEmbeddedDerivative' xlink:label='loc_EmbeddedDerivativeLossOnEmbeddedDerivative' xlink:type='locator' />
<link:loc xlink:href='../elts/us-gaap-2014-01-31.xsd#us-gaap_FairValueHedgesAtFairValueNet' xlink:label='loc_FairValueHedgesAtFairValueNet' xlink:type='locator' />
<link:loc xlink:href='../elts/us-gaap-2014-01-31.xsd#us-gaap_ForeignCurrencyCashFlowHedgeDerivativeAtFairValueNet' xlink:label='loc_ForeignCurrencyCashFlowHedgeDerivativeAtFairValueNet' xlink:type='locator' />
<link:loc xlink:href='../elts/us-gaap-2014-01-31.xsd#us-gaap_ForeignCurrencyCashFlowHedgeAssetAtFairValue' xlink:label='loc_ForeignCurrencyCashFlowHedgeAssetAtFairValue' xlink:type='locator' />
<link:loc xlink:href='../elts/us-gaap-2014-01-31.xsd#us-gaap_ForeignCurrencyCashFlowHedgeLiabilityAtFairValue' xlink:label='loc_ForeignCurrencyCashFlowHedgeLiabilityAtFairValue' xlink:type='locator' />
<link:loc xlink:href='../elts/us-gaap-2014-01-31.xsd#us-gaap_ForeignCurrencyDerivativeInstrumentsNotDesignatedAsHedgingInstrumentsAtFairValueNet' xlink:label='loc_ForeignCurrencyDerivativeInstrumentsNotDesignatedAsHedgingInstrumentsAtFairValueNet' xlink:type='locator' />
<link:loc xlink:href='../elts/us-gaap-2014-01-31.xsd#us-gaap_ForeignCurrencyDerivativeInstrumentsNotDesignatedAsHedgingInstrumentsAssetAtFairValue' xlink:label='loc_ForeignCurrencyDerivativeInstrumentsNotDesignatedAsHedgingInstrumentsAssetAtFairValue' xlink:type='locator' />
<link:loc xlink:href='../elts/us-gaap-2014-01-31.xsd#us-gaap_ForeignCurrencyDerivativeInstrumentsNotDesignatedAsHedgingInstrumentsLiabilityAtFairValue' xlink:label='loc_ForeignCurrencyDerivativeInstrumentsNotDesignatedAsHedgingInstrumentsLiabilityAtFairValue' xlink:type='locator' />
<link:loc xlink:href='../elts/us-gaap-2014-01-31.xsd#us-gaap_ForeignCurrencyFairValueHedgeDerivativeAtFairValueNet' xlink:label='loc_ForeignCurrencyFairValueHedgeDerivativeAtFairValueNet' xlink:type='locator' />
<link:loc xlink:href='../elts/us-gaap-2014-01-31.xsd#us-gaap_ForeignCurrencyFairValueHedgeAssetAtFairValue' xlink:label='loc_ForeignCurrencyFairValueHedgeAssetAtFairValue' xlink:type='locator' />
<link:loc xlink:href='../elts/us-gaap-2014-01-31.xsd#us-gaap_ForeignCurrencyFairValueHedgeLiabilityAtFairValue' xlink:label='loc_ForeignCurrencyFairValueHedgeLiabilityAtFairValue' xlink:type='locator' />
<link:loc xlink:href='../elts/us-gaap-2014-01-31.xsd#us-gaap_GainLossFromComponentsExcludedFromAssessmentOfCashFlowHedgeEffectivenessNet' xlink:label='loc_GainLossFromComponentsExcludedFromAssessmentOfCashFlowHedgeEffectivenessNet' xlink:type='locator' />
<link:loc xlink:href='../elts/us-gaap-2014-01-31.xsd#us-gaap_GainFromComponentsExcludedFromAssessmentOfCashFlowHedgeEffectiveness' xlink:label='loc_GainFromComponentsExcludedFromAssessmentOfCashFlowHedgeEffectiveness' xlink:type='locator' />
<link:loc xlink:href='../elts/us-gaap-2014-01-31.xsd#us-gaap_LossFromComponentsExcludedFromAssessmentOfCashFlowHedgeEffectiveness' xlink:label='loc_LossFromComponentsExcludedFromAssessmentOfCashFlowHedgeEffectiveness' xlink:type='locator' />
<link:loc xlink:href='../elts/us-gaap-2014-01-31.xsd#us-gaap_GainLossOnCashFlowHedgeIneffectivenessNet' xlink:label='loc_GainLossOnCashFlowHedgeIneffectivenessNet' xlink:type='locator' />
<link:loc xlink:href='../elts/us-gaap-2014-01-31.xsd#us-gaap_GainOnCashFlowHedgeIneffectiveness' xlink:label='loc_GainOnCashFlowHedgeIneffectiveness' xlink:type='locator' />
<link:loc xlink:href='../elts/us-gaap-2014-01-31.xsd#us-gaap_LossOnCashFlowHedgeIneffectiveness' xlink:label='loc_LossOnCashFlowHedgeIneffectiveness' xlink:type='locator' />
<link:loc xlink:href='../elts/us-gaap-2014-01-31.xsd#us-gaap_GainLossOnDiscontinuationOfCashFlowHedgeDueToForecastedTransactionProbableOfNotOccurringNet' xlink:label='loc_GainLossOnDiscontinuationOfCashFlowHedgeDueToForecastedTransactionProbableOfNotOccurringNet' xlink:type='locator' />
<link:loc xlink:href='../elts/us-gaap-2014-01-31.xsd#us-gaap_GainOnDiscontinuationOfCashFlowHedgeDueToForecastedTransactionProbableOfNotOccurring' xlink:label='loc_GainOnDiscontinuationOfCashFlowHedgeDueToForecastedTransactionProbableOfNotOccurring' xlink:type='locator' />
<link:loc xlink:href='../elts/us-gaap-2014-01-31.xsd#us-gaap_LossOnDiscontinuationOfCashFlowHedgeDueToForecastedTransactionProbableOfNotOccurring' xlink:label='loc_LossOnDiscontinuationOfCashFlowHedgeDueToForecastedTransactionProbableOfNotOccurring' xlink:type='locator' />
<link:loc xlink:href='../elts/us-gaap-2014-01-31.xsd#us-gaap_GainLossOnFairValueHedgesRecognizedInEarnings' xlink:label='loc_GainLossOnFairValueHedgesRecognizedInEarnings' xlink:type='locator' />
<link:loc xlink:href='../elts/us-gaap-2014-01-31.xsd#us-gaap_GainLossOnFairValueHedgeIneffectivenessNet' xlink:label='loc_GainLossOnFairValueHedgeIneffectivenessNet' xlink:type='locator' />
<link:loc xlink:href='../elts/us-gaap-2014-01-31.xsd#us-gaap_GainOnFairValueHedgeIneffectiveness' xlink:label='loc_GainOnFairValueHedgeIneffectiveness' xlink:type='locator' />
<link:loc xlink:href='../elts/us-gaap-2014-01-31.xsd#us-gaap_LossOnFairValueHedgeIneffectiveness' xlink:label='loc_LossOnFairValueHedgeIneffectiveness' xlink:type='locator' />
<link:loc xlink:href='../elts/us-gaap-2014-01-31.xsd#us-gaap_GainLossFromComponentsExcludedFromAssessmentOfFairValueHedgeEffectivenessNet' xlink:label='loc_GainLossFromComponentsExcludedFromAssessmentOfFairValueHedgeEffectivenessNet' xlink:type='locator' />
<link:loc xlink:href='../elts/us-gaap-2014-01-31.xsd#us-gaap_GainFromComponentsExcludedFromAssessmentOfFairValueHedgeEffectiveness' xlink:label='loc_GainFromComponentsExcludedFromAssessmentOfFairValueHedgeEffectiveness' xlink:type='locator' />
<link:loc xlink:href='../elts/us-gaap-2014-01-31.xsd#us-gaap_LossFromComponentsExcludedFromAssessmentOfFairValueHedgeEffectiveness' xlink:label='loc_LossFromComponentsExcludedFromAssessmentOfFairValueHedgeEffectiveness' xlink:type='locator' />
<link:loc xlink:href='../elts/us-gaap-2014-01-31.xsd#us-gaap_GainLossFromHedgedFirmCommitmentNotQualifyingAsFairValueHedgeNet' xlink:label='loc_GainLossFromHedgedFirmCommitmentNotQualifyingAsFairValueHedgeNet' xlink:type='locator' />
<link:loc xlink:href='../elts/us-gaap-2014-01-31.xsd#us-gaap_GainFromHedgedFirmCommitmentNotQualifyingAsFairValueHedge' xlink:label='loc_GainFromHedgedFirmCommitmentNotQualifyingAsFairValueHedge' xlink:type='locator' />
<link:loc xlink:href='../elts/us-gaap-2014-01-31.xsd#us-gaap_LossFromHedgedFirmCommitmentNotQualifyingAsFairValueHedge' xlink:label='loc_LossFromHedgedFirmCommitmentNotQualifyingAsFairValueHedge' xlink:type='locator' />
<link:loc xlink:href='../elts/us-gaap-2014-01-31.xsd#us-gaap_InterestRateCashFlowHedgeDerivativeAtFairValueNet' xlink:label='loc_InterestRateCashFlowHedgeDerivativeAtFairValueNet' xlink:type='locator' />
<link:loc xlink:href='../elts/us-gaap-2014-01-31.xsd#us-gaap_InterestRateCashFlowHedgeAssetAtFairValue' xlink:label='loc_InterestRateCashFlowHedgeAssetAtFairValue' xlink:type='locator' />
<link:loc xlink:href='../elts/us-gaap-2014-01-31.xsd#us-gaap_InterestRateCashFlowHedgeLiabilityAtFairValue' xlink:label='loc_InterestRateCashFlowHedgeLiabilityAtFairValue' xlink:type='locator' />
<link:loc xlink:href='../elts/us-gaap-2014-01-31.xsd#us-gaap_InterestRateDerivativeInstrumentsNotDesignatedAsHedgingInstrumentsAtFairValueNet' xlink:label='loc_InterestRateDerivativeInstrumentsNotDesignatedAsHedgingInstrumentsAtFairValueNet' xlink:type='locator' />
<link:loc xlink:href='../elts/us-gaap-2014-01-31.xsd#us-gaap_InterestRateDerivativeInstrumentsNotDesignatedAsHedgingInstrumentsAssetAtFairValue' xlink:label='loc_InterestRateDerivativeInstrumentsNotDesignatedAsHedgingInstrumentsAssetAtFairValue' xlink:type='locator' />
<link:loc xlink:href='../elts/us-gaap-2014-01-31.xsd#us-gaap_InterestRateDerivativeInstrumentsNotDesignatedAsHedgingInstrumentsLiabilityAtFairValue' xlink:label='loc_InterestRateDerivativeInstrumentsNotDesignatedAsHedgingInstrumentsLiabilityAtFairValue' xlink:type='locator' />
<link:loc xlink:href='../elts/us-gaap-2014-01-31.xsd#us-gaap_InterestRateDerivativesAtFairValueNet' xlink:label='loc_InterestRateDerivativesAtFairValueNet' xlink:type='locator' />
<link:loc xlink:href='../elts/us-gaap-2014-01-31.xsd#us-gaap_InterestRateDerivativeAssetsAtFairValue' xlink:label='loc_InterestRateDerivativeAssetsAtFairValue' xlink:type='locator' />
<link:loc xlink:href='../elts/us-gaap-2014-01-31.xsd#us-gaap_InterestRateDerivativeLiabilitiesAtFairValue' xlink:label='loc_InterestRateDerivativeLiabilitiesAtFairValue' xlink:type='locator' />
<link:loc xlink:href='../elts/us-gaap-2014-01-31.xsd#us-gaap_InterestRateFairValueHedgeDerivativeAtFairValueNet' xlink:label='loc_InterestRateFairValueHedgeDerivativeAtFairValueNet' xlink:type='locator' />
<link:loc xlink:href='../elts/us-gaap-2014-01-31.xsd#us-gaap_InterestRateFairValueHedgeAssetAtFairValue' xlink:label='loc_InterestRateFairValueHedgeAssetAtFairValue' xlink:type='locator' />
<link:loc xlink:href='../elts/us-gaap-2014-01-31.xsd#us-gaap_InterestRateFairValueHedgeLiabilityAtFairValue' xlink:label='loc_InterestRateFairValueHedgeLiabilityAtFairValue' xlink:type='locator' />
<link:loc xlink:href='../elts/us-gaap-2014-01-31.xsd#us-gaap_OtherDerivativesNotDesignatedAsHedgingInstrumentsAtFairValueNet' xlink:label='loc_OtherDerivativesNotDesignatedAsHedgingInstrumentsAtFairValueNet' xlink:type='locator' />
<link:loc xlink:href='../elts/us-gaap-2014-01-31.xsd#us-gaap_DerivativeInstrumentsNotDesignatedAsHedgingInstrumentsAssetAtFairValue' xlink:label='loc_DerivativeInstrumentsNotDesignatedAsHedgingInstrumentsAssetAtFairValue' xlink:type='locator' />
<link:loc xlink:href='../elts/us-gaap-2014-01-31.xsd#us-gaap_OtherDerivativesNotDesignatedAsHedgingInstrumentsLiabilitiesAtFairValue' xlink:label='loc_OtherDerivativesNotDesignatedAsHedgingInstrumentsLiabilitiesAtFairValue' xlink:type='locator' />
<link:loc xlink:href='../elts/us-gaap-2014-01-31.xsd#us-gaap_PriceRiskCashFlowHedgeDerivativeAtFairValueNet' xlink:label='loc_PriceRiskCashFlowHedgeDerivativeAtFairValueNet' xlink:type='locator' />
<link:loc xlink:href='../elts/us-gaap-2014-01-31.xsd#us-gaap_PriceRiskCashFlowHedgeAssetAtFairValue' xlink:label='loc_PriceRiskCashFlowHedgeAssetAtFairValue' xlink:type='locator' />
<link:loc xlink:href='../elts/us-gaap-2014-01-31.xsd#us-gaap_PriceRiskCashFlowHedgeLiabilityAtFairValue' xlink:label='loc_PriceRiskCashFlowHedgeLiabilityAtFairValue' xlink:type='locator' />
<link:loc xlink:href='../elts/us-gaap-2014-01-31.xsd#us-gaap_PriceRiskDerivativeInstrumentsNotDesignatedAsHedgingInstrumentsAtFairValueNet' xlink:label='loc_PriceRiskDerivativeInstrumentsNotDesignatedAsHedgingInstrumentsAtFairValueNet' xlink:type='locator' />
<link:loc xlink:href='../elts/us-gaap-2014-01-31.xsd#us-gaap_PriceRiskDerivativeInstrumentsNotDesignatedAsHedgingInstrumentsAssetAtFairValue' xlink:label='loc_PriceRiskDerivativeInstrumentsNotDesignatedAsHedgingInstrumentsAssetAtFairValue' xlink:type='locator' />
<link:loc xlink:href='../elts/us-gaap-2014-01-31.xsd#us-gaap_PriceRiskDerivativeInstrumentsNotDesignatedAsHedgingInstrumentsLiabilityAtFairValue' xlink:label='loc_PriceRiskDerivativeInstrumentsNotDesignatedAsHedgingInstrumentsLiabilityAtFairValue' xlink:type='locator' />
<link:loc xlink:href='../elts/us-gaap-2014-01-31.xsd#us-gaap_PriceRiskDerivativesAtFairValueNet' xlink:label='loc_PriceRiskDerivativesAtFairValueNet' xlink:type='locator' />
<link:loc xlink:href='../elts/us-gaap-2014-01-31.xsd#us-gaap_PriceRiskDerivativeAssetsAtFairValue' xlink:label='loc_PriceRiskDerivativeAssetsAtFairValue' xlink:type='locator' />
<link:loc xlink:href='../elts/us-gaap-2014-01-31.xsd#us-gaap_PriceRiskDerivativeLiabilitiesAtFairValue' xlink:label='loc_PriceRiskDerivativeLiabilitiesAtFairValue' xlink:type='locator' />
<link:loc xlink:href='../elts/us-gaap-2014-01-31.xsd#us-gaap_PriceRiskFairValueHedgeDerivativeAtFairValueNet' xlink:label='loc_PriceRiskFairValueHedgeDerivativeAtFairValueNet' xlink:type='locator' />
<link:loc xlink:href='../elts/us-gaap-2014-01-31.xsd#us-gaap_PriceRiskFairValueHedgeAssetAtFairValue' xlink:label='loc_PriceRiskFairValueHedgeAssetAtFairValue' xlink:type='locator' />
<link:loc xlink:href='../elts/us-gaap-2014-01-31.xsd#us-gaap_PriceRiskFairValueHedgeLiabilityAtFairValue' xlink:label='loc_PriceRiskFairValueHedgeLiabilityAtFairValue' xlink:type='locator' />
<link:loc xlink:href='../elts/us-gaap-2014-01-31.xsd#us-gaap_UnrealizedGainLossOnForeignCurrencyDerivativesNetBeforeTax' xlink:label='loc_UnrealizedGainLossOnForeignCurrencyDerivativesNetBeforeTax' xlink:type='locator' />
<link:loc xlink:href='../elts/us-gaap-2014-01-31.xsd#us-gaap_UnrealizedGainOnForeignCurrencyDerivativesBeforeTax' xlink:label='loc_UnrealizedGainOnForeignCurrencyDerivativesBeforeTax' xlink:type='locator' />
<link:loc xlink:href='../elts/us-gaap-2014-01-31.xsd#us-gaap_UnrealizedLossOnForeignCurrencyDerivativesBeforeTax' xlink:label='loc_UnrealizedLossOnForeignCurrencyDerivativesBeforeTax' xlink:type='locator' />
<link:loc xlink:href='../elts/us-gaap-2014-01-31.xsd#us-gaap_UnrealizedGainLossOnPriceRiskCashFlowDerivativesBeforeTax' xlink:label='loc_UnrealizedGainLossOnPriceRiskCashFlowDerivativesBeforeTax' xlink:type='locator' />
<link:loc xlink:href='../elts/us-gaap-2014-01-31.xsd#us-gaap_UnrealizedGainOnPriceRiskCashFlowDerivativesBeforeTax' xlink:label='loc_UnrealizedGainOnPriceRiskCashFlowDerivativesBeforeTax' xlink:type='locator' />
<link:loc xlink:href='../elts/us-gaap-2014-01-31.xsd#us-gaap_UnrealizedLossOnPriceRiskCashFlowDerivativesBeforeTax' xlink:label='loc_UnrealizedLossOnPriceRiskCashFlowDerivativesBeforeTax' xlink:type='locator' />
<link:calculationArc order='10' use='optional' weight='1.0' xlink:arcrole='http://www.xbrl.org/2003/arcrole/summation-item' xlink:from='loc_CashFlowHedgesDerivativeInstrumentsAtFairValueNet' xlink:to='loc_CashFlowHedgeDerivativeInstrumentAssetsAtFairValue' xlink:type='arc' />
<link:calculationArc order='20' use='optional' weight='-1.0' xlink:arcrole='http://www.xbrl.org/2003/arcrole/summation-item' xlink:from='loc_CashFlowHedgesDerivativeInstrumentsAtFairValueNet' xlink:to='loc_CashFlowHedgeDerivativeInstrumentLiabilitiesAtFairValue' xlink:type='arc' />
<link:calculationArc order='10' use='optional' weight='1.0' xlink:arcrole='http://www.xbrl.org/2003/arcrole/summation-item' xlink:from='loc_CreditRiskDerivativesAtFairValueNet' xlink:to='loc_CreditRiskDerivativeAssetsAtFairValue' xlink:type='arc' />
<link:calculationArc order='20' use='optional' weight='-1.0' xlink:arcrole='http://www.xbrl.org/2003/arcrole/summation-item' xlink:from='loc_CreditRiskDerivativesAtFairValueNet' xlink:to='loc_CreditRiskDerivativeLiabilitiesAtFairValue' xlink:type='arc' />
<link:calculationArc order='10' use='optional' weight='1.0' xlink:arcrole='http://www.xbrl.org/2003/arcrole/summation-item' xlink:from='loc_DerivativeInstrumentsNotDesignatedAsHedgingInstrumentsGainLossNet' xlink:to='loc_DerivativeInstrumentsNotDesignatedAsHedgingInstrumentsGain' xlink:type='arc' />
<link:calculationArc order='20' use='optional' weight='-1.0' xlink:arcrole='http://www.xbrl.org/2003/arcrole/summation-item' xlink:from='loc_DerivativeInstrumentsNotDesignatedAsHedgingInstrumentsGainLossNet' xlink:to='loc_DerivativeInstrumentsNotDesignatedAsHedgingInstrumentsLoss' xlink:type='arc' />
<link:calculationArc order='10' use='optional' weight='1.0' xlink:arcrole='http://www.xbrl.org/2003/arcrole/summation-item' xlink:from='loc_NetInvestmentHedgeDerivativesAtFairValueNet' xlink:to='loc_NetInvestmentHedgeDerivativeAssetsAtFairValue' xlink:type='arc' />
<link:calculationArc order='20' use='optional' weight='-1.0' xlink:arcrole='http://www.xbrl.org/2003/arcrole/summation-item' xlink:from='loc_NetInvestmentHedgeDerivativesAtFairValueNet' xlink:to='loc_NetInvestmentHedgeDerivativeLiabilitiesAtFairValue' xlink:type='arc' />
<link:calculationArc order='10' weight='1.0' xlink:arcrole='http://www.xbrl.org/2003/arcrole/summation-item' xlink:from='loc_DerivativeInstrumentsInHedgesAtFairValueNet' xlink:to='loc_DerivativeInstrumentsInHedgesAssetsAtFairValue' xlink:type='arc' />
<link:calculationArc order='10' weight='1.0' xlink:arcrole='http://www.xbrl.org/2003/arcrole/summation-item' xlink:from='loc_DerivativeInstrumentsInHedgesAssetsAtFairValue' xlink:to='loc_CashFlowHedgeDerivativeInstrumentAssetsAtFairValue' xlink:type='arc' />
<link:calculationArc order='20' weight='1.0' xlink:arcrole='http://www.xbrl.org/2003/arcrole/summation-item' xlink:from='loc_DerivativeInstrumentsInHedgesAssetsAtFairValue' xlink:to='loc_FairValueHedgeAssetsAtFairValue' xlink:type='arc' />
<link:calculationArc order='30' weight='1.0' xlink:arcrole='http://www.xbrl.org/2003/arcrole/summation-item' xlink:from='loc_DerivativeInstrumentsInHedgesAssetsAtFairValue' xlink:to='loc_NetInvestmentHedgeDerivativeAssetsAtFairValue' xlink:type='arc' />
<link:calculationArc order='20' weight='-1.0' xlink:arcrole='http://www.xbrl.org/2003/arcrole/summation-item' xlink:from='loc_DerivativeInstrumentsInHedgesAtFairValueNet' xlink:to='loc_DerivativeInstrumentsInHedgesLiabilitiesAtFairValue' xlink:type='arc' />
<link:calculationArc order='10' weight='1.0' xlink:arcrole='http://www.xbrl.org/2003/arcrole/summation-item' xlink:from='loc_DerivativeInstrumentsInHedgesLiabilitiesAtFairValue' xlink:to='loc_CashFlowHedgeDerivativeInstrumentLiabilitiesAtFairValue' xlink:type='arc' />
<link:calculationArc order='20' weight='1.0' xlink:arcrole='http://www.xbrl.org/2003/arcrole/summation-item' xlink:from='loc_DerivativeInstrumentsInHedgesLiabilitiesAtFairValue' xlink:to='loc_FairValueHedgeLiabilitiesAtFairValue' xlink:type='arc' />
<link:calculationArc order='30' weight='1.0' xlink:arcrole='http://www.xbrl.org/2003/arcrole/summation-item' xlink:from='loc_DerivativeInstrumentsInHedgesLiabilitiesAtFairValue' xlink:to='loc_NetInvestmentHedgeDerivativeLiabilitiesAtFairValue' xlink:type='arc' />
<link:calculationArc order='10' weight='1.0' xlink:arcrole='http://www.xbrl.org/2003/arcrole/summation-item' xlink:from='loc_DerivativeInstrumentsGainLossReclassifiedFromAccumulatedOCIIntoIncomeEffectivePortionNet' xlink:to='loc_DerivativeInstrumentsGainReclassifiedFromAccumulatedOCIIntoIncomeEffectivePortion' xlink:type='arc' />
<link:calculationArc order='20' weight='-1.0' xlink:arcrole='http://www.xbrl.org/2003/arcrole/summation-item' xlink:from='loc_DerivativeInstrumentsGainLossReclassifiedFromAccumulatedOCIIntoIncomeEffectivePortionNet' xlink:to='loc_DerivativeInstrumentsLossReclassifiedFromAccumulatedOCIIntoIncomeEffectivePortion' xlink:type='arc' />
<link:calculationArc order='10' weight='1.0' xlink:arcrole='http://www.xbrl.org/2003/arcrole/summation-item' xlink:from='loc_DerivativeInstrumentsGainLossRecognizedInIncomeIneffectivePortionAndAmountExcludedFromEffectivenessTestingNet' xlink:to='loc_DerivativeInstrumentsGainRecognizedInIncomeIneffectivePortionAndAmountExcludedFromEffectivenessTesting' xlink:type='arc' />
<link:calculationArc order='20' weight='-1.0' xlink:arcrole='http://www.xbrl.org/2003/arcrole/summation-item' xlink:from='loc_DerivativeInstrumentsGainLossRecognizedInIncomeIneffectivePortionAndAmountExcludedFromEffectivenessTestingNet' xlink:to='loc_DerivativeInstrumentsLossRecognizedInIncomeIneffectivePortionAndAmountExcludedFromEffectivenessTesting' xlink:type='arc' />
<link:calculationArc order='10' weight='1.0' xlink:arcrole='http://www.xbrl.org/2003/arcrole/summation-item' xlink:from='loc_DerivativeInstrumentsGainLossRecognizedInOtherComprehensiveIncomeEffectivePortionNet' xlink:to='loc_DerivativeInstrumentsGainRecognizedInOtherComprehensiveIncomeEffectivePortion' xlink:type='arc' />
<link:calculationArc order='20' weight='-1.0' xlink:arcrole='http://www.xbrl.org/2003/arcrole/summation-item' xlink:from='loc_DerivativeInstrumentsGainLossRecognizedInOtherComprehensiveIncomeEffectivePortionNet' xlink:to='loc_DerivativeInstrumentsLossRecognizedInOtherComprehensiveIncomeEffectivePortion' xlink:type='arc' />
<link:calculationArc order='10' weight='1.0' xlink:arcrole='http://www.xbrl.org/2003/arcrole/summation-item' xlink:from='loc_DerivativeCostOfHedgeNetOfCashReceived' xlink:to='loc_DerivativeCostOfHedge' xlink:type='arc' />
<link:calculationArc order='20' weight='-1.0' xlink:arcrole='http://www.xbrl.org/2003/arcrole/summation-item' xlink:from='loc_DerivativeCostOfHedgeNetOfCashReceived' xlink:to='loc_DerivativeCashReceivedOnHedge' xlink:type='arc' />
<link:calculationArc order='10' weight='1.0' xlink:arcrole='http://www.xbrl.org/2003/arcrole/summation-item' xlink:from='loc_DerivativeFairValueAmountOffsetAgainstCollateralNet' xlink:to='loc_DerivativeFairValueOfDerivativeAssetAmountOffsetAgainstCollateral' xlink:type='arc' />
<link:calculationArc order='20' weight='-1.0' xlink:arcrole='http://www.xbrl.org/2003/arcrole/summation-item' xlink:from='loc_DerivativeFairValueAmountOffsetAgainstCollateralNet' xlink:to='loc_DerivativeFairValueOfDerivativeLiabilityAmountOffsetAgainstCollateral' xlink:type='arc' />
<link:calculationArc order='10' weight='1.0' xlink:arcrole='http://www.xbrl.org/2003/arcrole/summation-item' xlink:from='loc_DerivativeFairValueOfDerivativeNet' xlink:to='loc_DerivativeFairValueOfDerivativeAssetAmountNotOffsetAgainstCollateral' xlink:type='arc' />
<link:calculationArc order='20' weight='-1.0' xlink:arcrole='http://www.xbrl.org/2003/arcrole/summation-item' xlink:from='loc_DerivativeFairValueOfDerivativeNet' xlink:to='loc_DerivativeFairValueOfDerivativeLiabilityAmountNotOffsetAgainstCollateral' xlink:type='arc' />
<link:calculationArc order='10' use='optional' weight='1.0' xlink:arcrole='http://www.xbrl.org/2003/arcrole/summation-item' xlink:from='loc_DerivativeGainLossOnDerivativeNet' xlink:to='loc_DerivativeGainOnDerivative' xlink:type='arc' />
<link:calculationArc order='20' use='optional' weight='-1.0' xlink:arcrole='http://www.xbrl.org/2003/arcrole/summation-item' xlink:from='loc_DerivativeGainLossOnDerivativeNet' xlink:to='loc_DerivativeLossOnDerivative' xlink:type='arc' />
<link:calculationArc order='10' weight='1.0' xlink:arcrole='http://www.xbrl.org/2003/arcrole/summation-item' xlink:from='loc_DerivativeNumberOfInstrumentsHeld' xlink:to='loc_DerivativeAssetNumberOfInstrumentsHeld' xlink:type='arc' />
<link:calculationArc order='20' weight='1.0' xlink:arcrole='http://www.xbrl.org/2003/arcrole/summation-item' xlink:from='loc_DerivativeNumberOfInstrumentsHeld' xlink:to='loc_DerivativeLiabilityNumberOfInstrumentsHeld' xlink:type='arc' />
<link:calculationArc order='10' use='optional' weight='1.0' xlink:arcrole='http://www.xbrl.org/2003/arcrole/summation-item' xlink:from='loc_EmbeddedDerivativeFairValueOfEmbeddedDerivativeNet' xlink:to='loc_EmbeddedDerivativeFairValueOfEmbeddedDerivativeAsset' xlink:type='arc' />
<link:calculationArc order='20' use='optional' weight='-1.0' xlink:arcrole='http://www.xbrl.org/2003/arcrole/summation-item' xlink:from='loc_EmbeddedDerivativeFairValueOfEmbeddedDerivativeNet' xlink:to='loc_EmbeddedDerivativeFairValueOfEmbeddedDerivativeLiability' xlink:type='arc' />
<link:calculationArc order='10' use='optional' weight='1.0' xlink:arcrole='http://www.xbrl.org/2003/arcrole/summation-item' xlink:from='loc_EmbeddedDerivativeGainLossOnEmbeddedDerivativeNet' xlink:to='loc_EmbeddedDerivativeGainOnEmbeddedDerivative' xlink:type='arc' />
<link:calculationArc order='20' use='optional' weight='-1.0' xlink:arcrole='http://www.xbrl.org/2003/arcrole/summation-item' xlink:from='loc_EmbeddedDerivativeGainLossOnEmbeddedDerivativeNet' xlink:to='loc_EmbeddedDerivativeLossOnEmbeddedDerivative' xlink:type='arc' />
<link:calculationArc order='10' use='optional' weight='1.0' xlink:arcrole='http://www.xbrl.org/2003/arcrole/summation-item' xlink:from='loc_FairValueHedgesAtFairValueNet' xlink:to='loc_FairValueHedgeAssetsAtFairValue' xlink:type='arc' />
<link:calculationArc order='20' use='optional' weight='-1.0' xlink:arcrole='http://www.xbrl.org/2003/arcrole/summation-item' xlink:from='loc_FairValueHedgesAtFairValueNet' xlink:to='loc_FairValueHedgeLiabilitiesAtFairValue' xlink:type='arc' />
<link:calculationArc order='10' use='optional' weight='1.0' xlink:arcrole='http://www.xbrl.org/2003/arcrole/summation-item' xlink:from='loc_ForeignCurrencyCashFlowHedgeDerivativeAtFairValueNet' xlink:to='loc_ForeignCurrencyCashFlowHedgeAssetAtFairValue' xlink:type='arc' />
<link:calculationArc order='20' use='optional' weight='-1.0' xlink:arcrole='http://www.xbrl.org/2003/arcrole/summation-item' xlink:from='loc_ForeignCurrencyCashFlowHedgeDerivativeAtFairValueNet' xlink:to='loc_ForeignCurrencyCashFlowHedgeLiabilityAtFairValue' xlink:type='arc' />
<link:calculationArc order='10' use='optional' weight='1.0' xlink:arcrole='http://www.xbrl.org/2003/arcrole/summation-item' xlink:from='loc_ForeignCurrencyDerivativeInstrumentsNotDesignatedAsHedgingInstrumentsAtFairValueNet' xlink:to='loc_ForeignCurrencyDerivativeInstrumentsNotDesignatedAsHedgingInstrumentsAssetAtFairValue' xlink:type='arc' />
<link:calculationArc order='20' use='optional' weight='-1.0' xlink:arcrole='http://www.xbrl.org/2003/arcrole/summation-item' xlink:from='loc_ForeignCurrencyDerivativeInstrumentsNotDesignatedAsHedgingInstrumentsAtFairValueNet' xlink:to='loc_ForeignCurrencyDerivativeInstrumentsNotDesignatedAsHedgingInstrumentsLiabilityAtFairValue' xlink:type='arc' />
<link:calculationArc order='10' use='optional' weight='1.0' xlink:arcrole='http://www.xbrl.org/2003/arcrole/summation-item' xlink:from='loc_ForeignCurrencyFairValueHedgeDerivativeAtFairValueNet' xlink:to='loc_ForeignCurrencyFairValueHedgeAssetAtFairValue' xlink:type='arc' />
<link:calculationArc order='20' use='optional' weight='-1.0' xlink:arcrole='http://www.xbrl.org/2003/arcrole/summation-item' xlink:from='loc_ForeignCurrencyFairValueHedgeDerivativeAtFairValueNet' xlink:to='loc_ForeignCurrencyFairValueHedgeLiabilityAtFairValue' xlink:type='arc' />
<link:calculationArc order='10' use='optional' weight='1.0' xlink:arcrole='http://www.xbrl.org/2003/arcrole/summation-item' xlink:from='loc_GainLossFromComponentsExcludedFromAssessmentOfCashFlowHedgeEffectivenessNet' xlink:to='loc_GainFromComponentsExcludedFromAssessmentOfCashFlowHedgeEffectiveness' xlink:type='arc' />
<link:calculationArc order='20' use='optional' weight='-1.0' xlink:arcrole='http://www.xbrl.org/2003/arcrole/summation-item' xlink:from='loc_GainLossFromComponentsExcludedFromAssessmentOfCashFlowHedgeEffectivenessNet' xlink:to='loc_LossFromComponentsExcludedFromAssessmentOfCashFlowHedgeEffectiveness' xlink:type='arc' />
<link:calculationArc order='10' use='optional' weight='1.0' xlink:arcrole='http://www.xbrl.org/2003/arcrole/summation-item' xlink:from='loc_GainLossOnCashFlowHedgeIneffectivenessNet' xlink:to='loc_GainOnCashFlowHedgeIneffectiveness' xlink:type='arc' />
<link:calculationArc order='20' use='optional' weight='-1.0' xlink:arcrole='http://www.xbrl.org/2003/arcrole/summation-item' xlink:from='loc_GainLossOnCashFlowHedgeIneffectivenessNet' xlink:to='loc_LossOnCashFlowHedgeIneffectiveness' xlink:type='arc' />
<link:calculationArc order='10' use='optional' weight='1.0' xlink:arcrole='http://www.xbrl.org/2003/arcrole/summation-item' xlink:from='loc_GainLossOnDiscontinuationOfCashFlowHedgeDueToForecastedTransactionProbableOfNotOccurringNet' xlink:to='loc_GainOnDiscontinuationOfCashFlowHedgeDueToForecastedTransactionProbableOfNotOccurring' xlink:type='arc' />
<link:calculationArc order='20' use='optional' weight='-1.0' xlink:arcrole='http://www.xbrl.org/2003/arcrole/summation-item' xlink:from='loc_GainLossOnDiscontinuationOfCashFlowHedgeDueToForecastedTransactionProbableOfNotOccurringNet' xlink:to='loc_LossOnDiscontinuationOfCashFlowHedgeDueToForecastedTransactionProbableOfNotOccurring' xlink:type='arc' />
<link:calculationArc order='10' use='optional' weight='1.0' xlink:arcrole='http://www.xbrl.org/2003/arcrole/summation-item' xlink:from='loc_GainLossOnFairValueHedgesRecognizedInEarnings' xlink:to='loc_GainLossOnFairValueHedgeIneffectivenessNet' xlink:type='arc' />
<link:calculationArc order='10' use='optional' weight='1.0' xlink:arcrole='http://www.xbrl.org/2003/arcrole/summation-item' xlink:from='loc_GainLossOnFairValueHedgeIneffectivenessNet' xlink:to='loc_GainOnFairValueHedgeIneffectiveness' xlink:type='arc' />
<link:calculationArc order='20' use='optional' weight='-1.0' xlink:arcrole='http://www.xbrl.org/2003/arcrole/summation-item' xlink:from='loc_GainLossOnFairValueHedgeIneffectivenessNet' xlink:to='loc_LossOnFairValueHedgeIneffectiveness' xlink:type='arc' />
<link:calculationArc order='20' use='optional' weight='1.0' xlink:arcrole='http://www.xbrl.org/2003/arcrole/summation-item' xlink:from='loc_GainLossOnFairValueHedgesRecognizedInEarnings' xlink:to='loc_GainLossFromComponentsExcludedFromAssessmentOfFairValueHedgeEffectivenessNet' xlink:type='arc' />
<link:calculationArc order='10' use='optional' weight='1.0' xlink:arcrole='http://www.xbrl.org/2003/arcrole/summation-item' xlink:from='loc_GainLossFromComponentsExcludedFromAssessmentOfFairValueHedgeEffectivenessNet' xlink:to='loc_GainFromComponentsExcludedFromAssessmentOfFairValueHedgeEffectiveness' xlink:type='arc' />
<link:calculationArc order='20' use='optional' weight='-1.0' xlink:arcrole='http://www.xbrl.org/2003/arcrole/summation-item' xlink:from='loc_GainLossFromComponentsExcludedFromAssessmentOfFairValueHedgeEffectivenessNet' xlink:to='loc_LossFromComponentsExcludedFromAssessmentOfFairValueHedgeEffectiveness' xlink:type='arc' />
<link:calculationArc order='30' use='optional' weight='1.0' xlink:arcrole='http://www.xbrl.org/2003/arcrole/summation-item' xlink:from='loc_GainLossOnFairValueHedgesRecognizedInEarnings' xlink:to='loc_GainLossFromHedgedFirmCommitmentNotQualifyingAsFairValueHedgeNet' xlink:type='arc' />
<link:calculationArc order='10' use='optional' weight='1.0' xlink:arcrole='http://www.xbrl.org/2003/arcrole/summation-item' xlink:from='loc_GainLossFromHedgedFirmCommitmentNotQualifyingAsFairValueHedgeNet' xlink:to='loc_GainFromHedgedFirmCommitmentNotQualifyingAsFairValueHedge' xlink:type='arc' />
<link:calculationArc order='20' use='optional' weight='-1.0' xlink:arcrole='http://www.xbrl.org/2003/arcrole/summation-item' xlink:from='loc_GainLossFromHedgedFirmCommitmentNotQualifyingAsFairValueHedgeNet' xlink:to='loc_LossFromHedgedFirmCommitmentNotQualifyingAsFairValueHedge' xlink:type='arc' />
<link:calculationArc order='10' use='optional' weight='1.0' xlink:arcrole='http://www.xbrl.org/2003/arcrole/summation-item' xlink:from='loc_InterestRateCashFlowHedgeDerivativeAtFairValueNet' xlink:to='loc_InterestRateCashFlowHedgeAssetAtFairValue' xlink:type='arc' />
<link:calculationArc order='20' use='optional' weight='-1.0' xlink:arcrole='http://www.xbrl.org/2003/arcrole/summation-item' xlink:from='loc_InterestRateCashFlowHedgeDerivativeAtFairValueNet' xlink:to='loc_InterestRateCashFlowHedgeLiabilityAtFairValue' xlink:type='arc' />
<link:calculationArc order='10' use='optional' weight='1.0' xlink:arcrole='http://www.xbrl.org/2003/arcrole/summation-item' xlink:from='loc_InterestRateDerivativeInstrumentsNotDesignatedAsHedgingInstrumentsAtFairValueNet' xlink:to='loc_InterestRateDerivativeInstrumentsNotDesignatedAsHedgingInstrumentsAssetAtFairValue' xlink:type='arc' />
<link:calculationArc order='20' use='optional' weight='-1.0' xlink:arcrole='http://www.xbrl.org/2003/arcrole/summation-item' xlink:from='loc_InterestRateDerivativeInstrumentsNotDesignatedAsHedgingInstrumentsAtFairValueNet' xlink:to='loc_InterestRateDerivativeInstrumentsNotDesignatedAsHedgingInstrumentsLiabilityAtFairValue' xlink:type='arc' />
<link:calculationArc order='10' use='optional' weight='1.0' xlink:arcrole='http://www.xbrl.org/2003/arcrole/summation-item' xlink:from='loc_InterestRateDerivativesAtFairValueNet' xlink:to='loc_InterestRateDerivativeAssetsAtFairValue' xlink:type='arc' />
<link:calculationArc order='20' use='optional' weight='-1.0' xlink:arcrole='http://www.xbrl.org/2003/arcrole/summation-item' xlink:from='loc_InterestRateDerivativesAtFairValueNet' xlink:to='loc_InterestRateDerivativeLiabilitiesAtFairValue' xlink:type='arc' />
<link:calculationArc order='10' use='optional' weight='1.0' xlink:arcrole='http://www.xbrl.org/2003/arcrole/summation-item' xlink:from='loc_InterestRateFairValueHedgeDerivativeAtFairValueNet' xlink:to='loc_InterestRateFairValueHedgeAssetAtFairValue' xlink:type='arc' />
<link:calculationArc order='20' use='optional' weight='-1.0' xlink:arcrole='http://www.xbrl.org/2003/arcrole/summation-item' xlink:from='loc_InterestRateFairValueHedgeDerivativeAtFairValueNet' xlink:to='loc_InterestRateFairValueHedgeLiabilityAtFairValue' xlink:type='arc' />
<link:calculationArc order='10' weight='1.0' xlink:arcrole='http://www.xbrl.org/2003/arcrole/summation-item' xlink:from='loc_OtherDerivativesNotDesignatedAsHedgingInstrumentsAtFairValueNet' xlink:to='loc_DerivativeInstrumentsNotDesignatedAsHedgingInstrumentsAssetAtFairValue' xlink:type='arc' />
<link:calculationArc order='20' use='optional' weight='-1.0' xlink:arcrole='http://www.xbrl.org/2003/arcrole/summation-item' xlink:from='loc_OtherDerivativesNotDesignatedAsHedgingInstrumentsAtFairValueNet' xlink:to='loc_OtherDerivativesNotDesignatedAsHedgingInstrumentsLiabilitiesAtFairValue' xlink:type='arc' />
<link:calculationArc order='10' use='optional' weight='1.0' xlink:arcrole='http://www.xbrl.org/2003/arcrole/summation-item' xlink:from='loc_PriceRiskCashFlowHedgeDerivativeAtFairValueNet' xlink:to='loc_PriceRiskCashFlowHedgeAssetAtFairValue' xlink:type='arc' />
<link:calculationArc order='20' use='optional' weight='-1.0' xlink:arcrole='http://www.xbrl.org/2003/arcrole/summation-item' xlink:from='loc_PriceRiskCashFlowHedgeDerivativeAtFairValueNet' xlink:to='loc_PriceRiskCashFlowHedgeLiabilityAtFairValue' xlink:type='arc' />
<link:calculationArc order='10' use='optional' weight='1.0' xlink:arcrole='http://www.xbrl.org/2003/arcrole/summation-item' xlink:from='loc_PriceRiskDerivativeInstrumentsNotDesignatedAsHedgingInstrumentsAtFairValueNet' xlink:to='loc_PriceRiskDerivativeInstrumentsNotDesignatedAsHedgingInstrumentsAssetAtFairValue' xlink:type='arc' />
<link:calculationArc order='20' use='optional' weight='-1.0' xlink:arcrole='http://www.xbrl.org/2003/arcrole/summation-item' xlink:from='loc_PriceRiskDerivativeInstrumentsNotDesignatedAsHedgingInstrumentsAtFairValueNet' xlink:to='loc_PriceRiskDerivativeInstrumentsNotDesignatedAsHedgingInstrumentsLiabilityAtFairValue' xlink:type='arc' />
<link:calculationArc order='10' use='optional' weight='1.0' xlink:arcrole='http://www.xbrl.org/2003/arcrole/summation-item' xlink:from='loc_PriceRiskDerivativesAtFairValueNet' xlink:to='loc_PriceRiskDerivativeAssetsAtFairValue' xlink:type='arc' />
<link:calculationArc order='20' use='optional' weight='-1.0' xlink:arcrole='http://www.xbrl.org/2003/arcrole/summation-item' xlink:from='loc_PriceRiskDerivativesAtFairValueNet' xlink:to='loc_PriceRiskDerivativeLiabilitiesAtFairValue' xlink:type='arc' />
<link:calculationArc order='10' use='optional' weight='1.0' xlink:arcrole='http://www.xbrl.org/2003/arcrole/summation-item' xlink:from='loc_PriceRiskFairValueHedgeDerivativeAtFairValueNet' xlink:to='loc_PriceRiskFairValueHedgeAssetAtFairValue' xlink:type='arc' />
<link:calculationArc order='20' use='optional' weight='-1.0' xlink:arcrole='http://www.xbrl.org/2003/arcrole/summation-item' xlink:from='loc_PriceRiskFairValueHedgeDerivativeAtFairValueNet' xlink:to='loc_PriceRiskFairValueHedgeLiabilityAtFairValue' xlink:type='arc' />
<link:calculationArc order='10' weight='1.0' xlink:arcrole='http://www.xbrl.org/2003/arcrole/summation-item' xlink:from='loc_UnrealizedGainLossOnForeignCurrencyDerivativesNetBeforeTax' xlink:to='loc_UnrealizedGainOnForeignCurrencyDerivativesBeforeTax' xlink:type='arc' />
<link:calculationArc order='20' weight='-1.0' xlink:arcrole='http://www.xbrl.org/2003/arcrole/summation-item' xlink:from='loc_UnrealizedGainLossOnForeignCurrencyDerivativesNetBeforeTax' xlink:to='loc_UnrealizedLossOnForeignCurrencyDerivativesBeforeTax' xlink:type='arc' />
<link:calculationArc order='10' use='optional' weight='1.0' xlink:arcrole='http://www.xbrl.org/2003/arcrole/summation-item' xlink:from='loc_UnrealizedGainLossOnPriceRiskCashFlowDerivativesBeforeTax' xlink:to='loc_UnrealizedGainOnPriceRiskCashFlowDerivativesBeforeTax' xlink:type='arc' />
<link:calculationArc order='20' use='optional' weight='-1.0' xlink:arcrole='http://www.xbrl.org/2003/arcrole/summation-item' xlink:from='loc_UnrealizedGainLossOnPriceRiskCashFlowDerivativesBeforeTax' xlink:to='loc_UnrealizedLossOnPriceRiskCashFlowDerivativesBeforeTax' xlink:type='arc' />
</link:calculationLink>
</link:linkbase>
