<?xml version='1.0' encoding='UTF-8'?>

<!--
(c) XBRL US, Inc. 2007-2010; Financial Accounting Foundation, Inc. 2010-2014.  All Rights Reserved.
Notice: Authorized Uses are Set Forth at http://xbrl.fasb.org/terms/TaxonomiesTermsConditions.html
  -->
<link:linkbase xmlns:link='http://www.xbrl.org/2003/linkbase' xmlns:xbrldt='http://xbrl.org/2005/xbrldt' xmlns:xlink='http://www.w3.org/1999/xlink' xmlns:xsi='http://www.w3.org/2001/XMLSchema-instance' xsi:schemaLocation='http://www.xbrl.org/2003/linkbase http://www.xbrl.org/2003/xbrl-linkbase-2003-12-31.xsd'>
<link:roleRef roleURI='http://fasb.org/us-gaap/role/disclosure/ForeignOperationsAndCurrencyTranslation' xlink:href='../elts/us-roles-2014-01-31.xsd#foct' xlink:type='simple' />
<link:calculationLink xlink:role='http://fasb.org/us-gaap/role/disclosure/ForeignOperationsAndCurrencyTranslation' xlink:type='extended'>
<link:loc xlink:href='../elts/us-gaap-2014-01-31.xsd#us-gaap_AdjustmentForLongTermIntercompanyTransactionsNetOfTax' xlink:label='loc_AdjustmentForLongTermIntercompanyTransactionsNetOfTax' xlink:type='locator' />
<link:loc xlink:href='../elts/us-gaap-2014-01-31.xsd#us-gaap_AdjustmentForLongTermIntercompanyTransactionsGrossOfTax' xlink:label='loc_AdjustmentForLongTermIntercompanyTransactionsGrossOfTax' xlink:type='locator' />
<link:loc xlink:href='../elts/us-gaap-2014-01-31.xsd#us-gaap_AdjustmentForLongTermIntercompanyTransactionsTaxBenefitExpense' xlink:label='loc_AdjustmentForLongTermIntercompanyTransactionsTaxBenefitExpense' xlink:type='locator' />
<link:loc xlink:href='../elts/us-gaap-2014-01-31.xsd#us-gaap_CumulativeTranslationAdjustmentNetOfTaxPeriodIncreaseDecrease' xlink:label='loc_CumulativeTranslationAdjustmentNetOfTaxPeriodIncreaseDecrease' xlink:type='locator' />
<link:loc xlink:href='../elts/us-gaap-2014-01-31.xsd#us-gaap_OtherComprehensiveIncomeForeignCurrencyTransactionAndTranslationGainLossBeforeReclassificationAndTax' xlink:label='loc_OtherComprehensiveIncomeForeignCurrencyTransactionAndTranslationGainLossBeforeReclassificationAndTax' xlink:type='locator' />
<link:loc xlink:href='../elts/us-gaap-2014-01-31.xsd#us-gaap_OtherComprehensiveIncomeForeignCurrencyTranslationGainLossArisingDuringPeriodTax' xlink:label='loc_OtherComprehensiveIncomeForeignCurrencyTranslationGainLossArisingDuringPeriodTax' xlink:type='locator' />
<link:loc xlink:href='../elts/us-gaap-2014-01-31.xsd#us-gaap_OtherComprehensiveIncomeLossForeignCurrencyTransactionAndTranslationReclassificationAdjustmentFromAOCIRealizedUponSaleOrLiquidationNetOfTax' xlink:label='loc_OtherComprehensiveIncomeLossForeignCurrencyTransactionAndTranslationReclassificationAdjustmentFromAOCIRealizedUponSaleOrLiquidationNetOfTax' xlink:type='locator' />
<link:loc xlink:href='../elts/us-gaap-2014-01-31.xsd#us-gaap_TranslationAdjustmentForNetInvestmentHedgeNetOfTaxPeriodIncreaseDecrease' xlink:label='loc_TranslationAdjustmentForNetInvestmentHedgeNetOfTaxPeriodIncreaseDecrease' xlink:type='locator' />
<link:loc xlink:href='../elts/us-gaap-2014-01-31.xsd#us-gaap_TranslationAdjustmentForNetInvestmentHedgeIncreaseDecreaseGrossOfTax' xlink:label='loc_TranslationAdjustmentForNetInvestmentHedgeIncreaseDecreaseGrossOfTax' xlink:type='locator' />
<link:loc xlink:href='../elts/us-gaap-2014-01-31.xsd#us-gaap_TranslationAdjustmentForNetInvestmentHedgeTaxBenefitExpense' xlink:label='loc_TranslationAdjustmentForNetInvestmentHedgeTaxBenefitExpense' xlink:type='locator' />
<link:loc xlink:href='../elts/us-gaap-2014-01-31.xsd#us-gaap_TranslationAdjustmentForNetInvestmentHedgeLossGainOnReclassifiedOfEarningsNetOfTax' xlink:label='loc_TranslationAdjustmentForNetInvestmentHedgeLossGainOnReclassifiedOfEarningsNetOfTax' xlink:type='locator' />
<link:loc xlink:href='../elts/us-gaap-2014-01-31.xsd#us-gaap_TranslationAdjustmentFunctionalToReportingCurrencyNetOfTaxPeriodIncreaseDecrease' xlink:label='loc_TranslationAdjustmentFunctionalToReportingCurrencyNetOfTaxPeriodIncreaseDecrease' xlink:type='locator' />
<link:loc xlink:href='../elts/us-gaap-2014-01-31.xsd#us-gaap_TranslationAdjustmentFunctionalToReportingCurrencyIncreaseDecreaseGrossOfTax' xlink:label='loc_TranslationAdjustmentFunctionalToReportingCurrencyIncreaseDecreaseGrossOfTax' xlink:type='locator' />
<link:loc xlink:href='../elts/us-gaap-2014-01-31.xsd#us-gaap_TranslationAdjustmentFunctionalToReportingCurrencyTaxBenefitExpense' xlink:label='loc_TranslationAdjustmentFunctionalToReportingCurrencyTaxBenefitExpense' xlink:type='locator' />
<link:loc xlink:href='../elts/us-gaap-2014-01-31.xsd#us-gaap_TranslationAdjustmentFunctionalToReportingCurrencyLossGainOnReclassifiedOfEarningsNetOfTax' xlink:label='loc_TranslationAdjustmentFunctionalToReportingCurrencyLossGainOnReclassifiedOfEarningsNetOfTax' xlink:type='locator' />
<link:calculationArc order='10' use='optional' weight='1.0' xlink:arcrole='http://www.xbrl.org/2003/arcrole/summation-item' xlink:from='loc_AdjustmentForLongTermIntercompanyTransactionsNetOfTax' xlink:to='loc_AdjustmentForLongTermIntercompanyTransactionsGrossOfTax' xlink:type='arc' />
<link:calculationArc order='20' use='optional' weight='1.0' xlink:arcrole='http://www.xbrl.org/2003/arcrole/summation-item' xlink:from='loc_AdjustmentForLongTermIntercompanyTransactionsNetOfTax' xlink:to='loc_AdjustmentForLongTermIntercompanyTransactionsTaxBenefitExpense' xlink:type='arc' />
<link:calculationArc order='10' weight='1.0' xlink:arcrole='http://www.xbrl.org/2003/arcrole/summation-item' xlink:from='loc_CumulativeTranslationAdjustmentNetOfTaxPeriodIncreaseDecrease' xlink:to='loc_OtherComprehensiveIncomeForeignCurrencyTransactionAndTranslationGainLossBeforeReclassificationAndTax' xlink:type='arc' />
<link:calculationArc order='20' weight='-1.0' xlink:arcrole='http://www.xbrl.org/2003/arcrole/summation-item' xlink:from='loc_CumulativeTranslationAdjustmentNetOfTaxPeriodIncreaseDecrease' xlink:to='loc_OtherComprehensiveIncomeForeignCurrencyTranslationGainLossArisingDuringPeriodTax' xlink:type='arc' />
<link:calculationArc order='30' weight='-1.0' xlink:arcrole='http://www.xbrl.org/2003/arcrole/summation-item' xlink:from='loc_CumulativeTranslationAdjustmentNetOfTaxPeriodIncreaseDecrease' xlink:to='loc_OtherComprehensiveIncomeLossForeignCurrencyTransactionAndTranslationReclassificationAdjustmentFromAOCIRealizedUponSaleOrLiquidationNetOfTax' xlink:type='arc' />
<link:calculationArc order='10' use='optional' weight='1.0' xlink:arcrole='http://www.xbrl.org/2003/arcrole/summation-item' xlink:from='loc_TranslationAdjustmentForNetInvestmentHedgeNetOfTaxPeriodIncreaseDecrease' xlink:to='loc_TranslationAdjustmentForNetInvestmentHedgeIncreaseDecreaseGrossOfTax' xlink:type='arc' />
<link:calculationArc order='20' use='optional' weight='1.0' xlink:arcrole='http://www.xbrl.org/2003/arcrole/summation-item' xlink:from='loc_TranslationAdjustmentForNetInvestmentHedgeNetOfTaxPeriodIncreaseDecrease' xlink:to='loc_TranslationAdjustmentForNetInvestmentHedgeTaxBenefitExpense' xlink:type='arc' />
<link:calculationArc order='30' use='optional' weight='1.0' xlink:arcrole='http://www.xbrl.org/2003/arcrole/summation-item' xlink:from='loc_TranslationAdjustmentForNetInvestmentHedgeNetOfTaxPeriodIncreaseDecrease' xlink:to='loc_TranslationAdjustmentForNetInvestmentHedgeLossGainOnReclassifiedOfEarningsNetOfTax' xlink:type='arc' />
<link:calculationArc order='10' use='optional' weight='1.0' xlink:arcrole='http://www.xbrl.org/2003/arcrole/summation-item' xlink:from='loc_TranslationAdjustmentFunctionalToReportingCurrencyNetOfTaxPeriodIncreaseDecrease' xlink:to='loc_TranslationAdjustmentFunctionalToReportingCurrencyIncreaseDecreaseGrossOfTax' xlink:type='arc' />
<link:calculationArc order='20' use='optional' weight='1.0' xlink:arcrole='http://www.xbrl.org/2003/arcrole/summation-item' xlink:from='loc_TranslationAdjustmentFunctionalToReportingCurrencyNetOfTaxPeriodIncreaseDecrease' xlink:to='loc_TranslationAdjustmentFunctionalToReportingCurrencyTaxBenefitExpense' xlink:type='arc' />
<link:calculationArc order='30' use='optional' weight='1.0' xlink:arcrole='http://www.xbrl.org/2003/arcrole/summation-item' xlink:from='loc_TranslationAdjustmentFunctionalToReportingCurrencyNetOfTaxPeriodIncreaseDecrease' xlink:to='loc_TranslationAdjustmentFunctionalToReportingCurrencyLossGainOnReclassifiedOfEarningsNetOfTax' xlink:type='arc' />
</link:calculationLink>
</link:linkbase>
