<?xml version='1.0' encoding='UTF-8'?>

<!--
(c) XBRL US, Inc. 2007-2010; Financial Accounting Foundation, Inc. 2010-2014.  All Rights Reserved.
Notice: Authorized Uses are Set Forth at http://xbrl.fasb.org/terms/TaxonomiesTermsConditions.html
  -->
<link:linkbase xmlns:link='http://www.xbrl.org/2003/linkbase' xmlns:xbrldt='http://xbrl.org/2005/xbrldt' xmlns:xlink='http://www.w3.org/1999/xlink' xmlns:xsi='http://www.w3.org/2001/XMLSchema-instance' xsi:schemaLocation='http://www.xbrl.org/2003/linkbase http://www.xbrl.org/2003/xbrl-linkbase-2003-12-31.xsd'>
<link:roleRef roleURI='http://fasb.org/us-gaap/role/disclosure/FinancialServicesBankingAndThriftCalc1' xlink:href='../elts/us-roles-2014-01-31.xsd#fs-bt1' xlink:type='simple' />
<link:calculationLink xlink:role='http://fasb.org/us-gaap/role/disclosure/FinancialServicesBankingAndThriftCalc1' xlink:type='extended'>
<link:loc xlink:href='../elts/us-gaap-2014-01-31.xsd#us-gaap_AdvancesFromFederalHomeLoanBanks' xlink:label='loc_AdvancesFromFederalHomeLoanBanks' xlink:type='locator' />
<link:loc xlink:href='../elts/us-gaap-2014-01-31.xsd#us-gaap_FederalHomeLoanBankAdvancesMaturitiesSummaryDueInNextRollingTwelveMonths' xlink:label='loc_FederalHomeLoanBankAdvancesMaturitiesSummaryDueInNextRollingTwelveMonths' xlink:type='locator' />
<link:loc xlink:href='../elts/us-gaap-2014-01-31.xsd#us-gaap_FederalHomeLoanBankAdvancesMaturitiesSummaryDueInRollingYearTwo' xlink:label='loc_FederalHomeLoanBankAdvancesMaturitiesSummaryDueInRollingYearTwo' xlink:type='locator' />
<link:loc xlink:href='../elts/us-gaap-2014-01-31.xsd#us-gaap_FederalHomeLoanBankAdvancesMaturitiesSummaryDueInRollingYearThree' xlink:label='loc_FederalHomeLoanBankAdvancesMaturitiesSummaryDueInRollingYearThree' xlink:type='locator' />
<link:loc xlink:href='../elts/us-gaap-2014-01-31.xsd#us-gaap_FederalHomeLoanBankAdvancesMaturitiesSummaryDueInRollingYearFour' xlink:label='loc_FederalHomeLoanBankAdvancesMaturitiesSummaryDueInRollingYearFour' xlink:type='locator' />
<link:loc xlink:href='../elts/us-gaap-2014-01-31.xsd#us-gaap_FederalHomeLoanBankAdvancesMaturitiesSummaryDueInRollingYearFive' xlink:label='loc_FederalHomeLoanBankAdvancesMaturitiesSummaryDueInRollingYearFive' xlink:type='locator' />
<link:loc xlink:href='../elts/us-gaap-2014-01-31.xsd#us-gaap_FederalHomeLoanBankAdvancesMaturitiesSummaryDueAfterRollingYearFive' xlink:label='loc_FederalHomeLoanBankAdvancesMaturitiesSummaryDueAfterRollingYearFive' xlink:type='locator' />
<link:loc xlink:href='../elts/us-gaap-2014-01-31.xsd#us-gaap_BenefitsLossesAndExpenses' xlink:label='loc_BenefitsLossesAndExpenses' xlink:type='locator' />
<link:loc xlink:href='../elts/us-gaap-2014-01-31.xsd#us-gaap_PolicyholderBenefitsAndClaimsIncurredNet' xlink:label='loc_PolicyholderBenefitsAndClaimsIncurredNet' xlink:type='locator' />
<link:loc xlink:href='../elts/us-gaap-2014-01-31.xsd#us-gaap_IncurredClaimsPropertyCasualtyAndLiability' xlink:label='loc_IncurredClaimsPropertyCasualtyAndLiability' xlink:type='locator' />
<link:loc xlink:href='../elts/us-gaap-2014-01-31.xsd#us-gaap_IncurredClaimsFinancialGuaranteeInsuranceContracts' xlink:label='loc_IncurredClaimsFinancialGuaranteeInsuranceContracts' xlink:type='locator' />
<link:loc xlink:href='../elts/us-gaap-2014-01-31.xsd#us-gaap_PolicyholderBenefitsAndClaimsIncurredLifeAndAnnuity' xlink:label='loc_PolicyholderBenefitsAndClaimsIncurredLifeAndAnnuity' xlink:type='locator' />
<link:loc xlink:href='../elts/us-gaap-2014-01-31.xsd#us-gaap_PolicyholderBenefitsAndClaimsIncurredHealthCare' xlink:label='loc_PolicyholderBenefitsAndClaimsIncurredHealthCare' xlink:type='locator' />
<link:loc xlink:href='../elts/us-gaap-2014-01-31.xsd#us-gaap_PolicyholderBenefitsAndClaimsIncurredOther' xlink:label='loc_PolicyholderBenefitsAndClaimsIncurredOther' xlink:type='locator' />
<link:loc xlink:href='../elts/us-gaap-2014-01-31.xsd#us-gaap_LiabilityForFuturePolicyBenefitsPeriodExpense' xlink:label='loc_LiabilityForFuturePolicyBenefitsPeriodExpense' xlink:type='locator' />
<link:loc xlink:href='../elts/us-gaap-2014-01-31.xsd#us-gaap_InterestCreditedToPolicyholdersAccountBalances' xlink:label='loc_InterestCreditedToPolicyholdersAccountBalances' xlink:type='locator' />
<link:loc xlink:href='../elts/us-gaap-2014-01-31.xsd#us-gaap_PolicyholderDividends' xlink:label='loc_PolicyholderDividends' xlink:type='locator' />
<link:loc xlink:href='../elts/us-gaap-2014-01-31.xsd#us-gaap_OperatingExpenses' xlink:label='loc_OperatingExpenses' xlink:type='locator' />
<link:loc xlink:href='../elts/us-gaap-2014-01-31.xsd#us-gaap_FloorBrokerageExchangeAndClearanceFees' xlink:label='loc_FloorBrokerageExchangeAndClearanceFees' xlink:type='locator' />
<link:loc xlink:href='../elts/us-gaap-2014-01-31.xsd#us-gaap_MarketingAndAdvertisingExpense' xlink:label='loc_MarketingAndAdvertisingExpense' xlink:type='locator' />
<link:loc xlink:href='../elts/us-gaap-2014-01-31.xsd#us-gaap_DepreciationAndAmortization' xlink:label='loc_DepreciationAndAmortization' xlink:type='locator' />
<link:loc xlink:href='../elts/us-gaap-2014-01-31.xsd#us-gaap_AmortizationOfMortgageServicingRightsMSRs' xlink:label='loc_AmortizationOfMortgageServicingRightsMSRs' xlink:type='locator' />
<link:loc xlink:href='../elts/us-gaap-2014-01-31.xsd#us-gaap_RestructuringSettlementAndImpairmentProvisions' xlink:label='loc_RestructuringSettlementAndImpairmentProvisions' xlink:type='locator' />
<link:loc xlink:href='../elts/us-gaap-2014-01-31.xsd#us-gaap_OtherNonrecurringIncomeExpense' xlink:label='loc_OtherNonrecurringIncomeExpense' xlink:type='locator' />
<link:loc xlink:href='../elts/us-gaap-2014-01-31.xsd#us-gaap_OtherExpenses' xlink:label='loc_OtherExpenses' xlink:type='locator' />
<link:loc xlink:href='../elts/us-gaap-2014-01-31.xsd#us-gaap_RoyaltyExpense' xlink:label='loc_RoyaltyExpense' xlink:type='locator' />
<link:loc xlink:href='../elts/us-gaap-2014-01-31.xsd#us-gaap_AccretionExpenseIncludingAssetRetirementObligations' xlink:label='loc_AccretionExpenseIncludingAssetRetirementObligations' xlink:type='locator' />
<link:loc xlink:href='../elts/us-gaap-2014-01-31.xsd#us-gaap_PreOpeningCosts' xlink:label='loc_PreOpeningCosts' xlink:type='locator' />
<link:loc xlink:href='../elts/us-gaap-2014-01-31.xsd#us-gaap_LegalFees' xlink:label='loc_LegalFees' xlink:type='locator' />
<link:loc xlink:href='../elts/us-gaap-2014-01-31.xsd#us-gaap_GainsLossesOnRecourseDebt' xlink:label='loc_GainsLossesOnRecourseDebt' xlink:type='locator' />
<link:loc xlink:href='../elts/us-gaap-2014-01-31.xsd#us-gaap_GainLossOnNonRecourseDebt' xlink:label='loc_GainLossOnNonRecourseDebt' xlink:type='locator' />
<link:loc xlink:href='../elts/us-gaap-2014-01-31.xsd#us-gaap_GainLossOnRepurchaseOfDebtInstrument' xlink:label='loc_GainLossOnRepurchaseOfDebtInstrument' xlink:type='locator' />
<link:loc xlink:href='../elts/us-gaap-2014-01-31.xsd#us-gaap_InducedConversionOfConvertibleDebtExpense' xlink:label='loc_InducedConversionOfConvertibleDebtExpense' xlink:type='locator' />
<link:loc xlink:href='../elts/us-gaap-2014-01-31.xsd#us-gaap_GeneralAndAdministrativeExpense' xlink:label='loc_GeneralAndAdministrativeExpense' xlink:type='locator' />
<link:loc xlink:href='../elts/us-gaap-2014-01-31.xsd#us-gaap_GainsLossesOnSalesOfAssets' xlink:label='loc_GainsLossesOnSalesOfAssets' xlink:type='locator' />
<link:loc xlink:href='../elts/us-gaap-2014-01-31.xsd#us-gaap_GainLossOnSaleOfCapitalLeasesNet' xlink:label='loc_GainLossOnSaleOfCapitalLeasesNet' xlink:type='locator' />
<link:loc xlink:href='../elts/us-gaap-2014-01-31.xsd#us-gaap_GainLossOnSaleOfLeasedAssetsNetOperatingLeases' xlink:label='loc_GainLossOnSaleOfLeasedAssetsNetOperatingLeases' xlink:type='locator' />
<link:loc xlink:href='../elts/us-gaap-2014-01-31.xsd#us-gaap_GainsLossesOnSalesOfOtherRealEstate' xlink:label='loc_GainsLossesOnSalesOfOtherRealEstate' xlink:type='locator' />
<link:loc xlink:href='../elts/us-gaap-2014-01-31.xsd#us-gaap_GainLossOnSaleOfStockInSubsidiaryOrEquityMethodInvestee' xlink:label='loc_GainLossOnSaleOfStockInSubsidiaryOrEquityMethodInvestee' xlink:type='locator' />
<link:loc xlink:href='../elts/us-gaap-2014-01-31.xsd#us-gaap_GainLossOnSaleOfPropertyPlantEquipment' xlink:label='loc_GainLossOnSaleOfPropertyPlantEquipment' xlink:type='locator' />
<link:loc xlink:href='../elts/us-gaap-2014-01-31.xsd#us-gaap_GainLossOnSaleOfBusiness' xlink:label='loc_GainLossOnSaleOfBusiness' xlink:type='locator' />
<link:loc xlink:href='../elts/us-gaap-2014-01-31.xsd#us-gaap_GainsLossesOnExtinguishmentOfDebt' xlink:label='loc_GainsLossesOnExtinguishmentOfDebt' xlink:type='locator' />
<link:loc xlink:href='../elts/us-gaap-2014-01-31.xsd#us-gaap_GainLossOnDerivativeInstrumentsNetPretax' xlink:label='loc_GainLossOnDerivativeInstrumentsNetPretax' xlink:type='locator' />
<link:loc xlink:href='../elts/us-gaap-2014-01-31.xsd#us-gaap_BusinessCombinationIntegrationRelatedCosts' xlink:label='loc_BusinessCombinationIntegrationRelatedCosts' xlink:type='locator' />
<link:loc xlink:href='../elts/us-gaap-2014-01-31.xsd#us-gaap_DeferredPolicyAcquisitionCostAmortizationExpense' xlink:label='loc_DeferredPolicyAcquisitionCostAmortizationExpense' xlink:type='locator' />
<link:loc xlink:href='../elts/us-gaap-2014-01-31.xsd#us-gaap_DeferredPolicyAcquisitionCostAmortizationExpenseNetInvestmentGainsLosses' xlink:label='loc_DeferredPolicyAcquisitionCostAmortizationExpenseNetInvestmentGainsLosses' xlink:type='locator' />
<link:loc xlink:href='../elts/us-gaap-2014-01-31.xsd#us-gaap_DeferredPolicyAcquisitionCostAmortizationExpenseEffectOfAdjustmentsToEstimatedGrossProfit' xlink:label='loc_DeferredPolicyAcquisitionCostAmortizationExpenseEffectOfAdjustmentsToEstimatedGrossProfit' xlink:type='locator' />
<link:loc xlink:href='../elts/us-gaap-2014-01-31.xsd#us-gaap_DeferredPolicyAcquisitionCostAmortizationExpenseOther' xlink:label='loc_DeferredPolicyAcquisitionCostAmortizationExpenseOther' xlink:type='locator' />
<link:loc xlink:href='../elts/us-gaap-2014-01-31.xsd#us-gaap_DeferredPolicyAcquisitionCostAmortizationExpenseAssumptionChange' xlink:label='loc_DeferredPolicyAcquisitionCostAmortizationExpenseAssumptionChange' xlink:type='locator' />
<link:loc xlink:href='../elts/us-gaap-2014-01-31.xsd#us-gaap_AmortizationOfValueOfBusinessAcquiredVOBA' xlink:label='loc_AmortizationOfValueOfBusinessAcquiredVOBA' xlink:type='locator' />
<link:loc xlink:href='../elts/us-gaap-2014-01-31.xsd#us-gaap_ContractAdministrationExpense' xlink:label='loc_ContractAdministrationExpense' xlink:type='locator' />
<link:loc xlink:href='../elts/us-gaap-2014-01-31.xsd#us-gaap_BenefitClaimsInExcessOfRelatedPolicyholderBalances' xlink:label='loc_BenefitClaimsInExcessOfRelatedPolicyholderBalances' xlink:type='locator' />
<link:loc xlink:href='../elts/us-gaap-2014-01-31.xsd#us-gaap_FederalHomeLoanBankAdvancesMaturitiesSummaryByInterestRateTypeOneToFiveYears' xlink:label='loc_FederalHomeLoanBankAdvancesMaturitiesSummaryByInterestRateTypeOneToFiveYears' xlink:type='locator' />
<link:loc xlink:href='../elts/us-gaap-2014-01-31.xsd#us-gaap_FederalHomeLoanBankAdvancesMaturitiesSummaryDueFromOneToTwoYearsOfBalanceSheetDate' xlink:label='loc_FederalHomeLoanBankAdvancesMaturitiesSummaryDueFromOneToTwoYearsOfBalanceSheetDate' xlink:type='locator' />
<link:loc xlink:href='../elts/us-gaap-2014-01-31.xsd#us-gaap_FederalHomeLoanBankAdvancesMaturitiesSummaryDueFromTwoToThreeYearsOfBalanceSheetDate' xlink:label='loc_FederalHomeLoanBankAdvancesMaturitiesSummaryDueFromTwoToThreeYearsOfBalanceSheetDate' xlink:type='locator' />
<link:loc xlink:href='../elts/us-gaap-2014-01-31.xsd#us-gaap_FederalHomeLoanBankAdvancesMaturitiesSummaryDueFromThreeToFourYearsOfBalanceSheetDate' xlink:label='loc_FederalHomeLoanBankAdvancesMaturitiesSummaryDueFromThreeToFourYearsOfBalanceSheetDate' xlink:type='locator' />
<link:loc xlink:href='../elts/us-gaap-2014-01-31.xsd#us-gaap_FederalHomeLoanBankAdvancesMaturitiesSummaryDueFromFourToFiveYearsOfBalanceSheetDate' xlink:label='loc_FederalHomeLoanBankAdvancesMaturitiesSummaryDueFromFourToFiveYearsOfBalanceSheetDate' xlink:type='locator' />
<link:loc xlink:href='../elts/us-gaap-2014-01-31.xsd#us-gaap_FinancialGuaranteeInsuranceContractsPremiumReceivablePremiumExpectedToBeCollected' xlink:label='loc_FinancialGuaranteeInsuranceContractsPremiumReceivablePremiumExpectedToBeCollected' xlink:type='locator' />
<link:loc xlink:href='../elts/us-gaap-2014-01-31.xsd#us-gaap_FinancialGuaranteeInsuranceContractsPremiumReceivablePremiumExpectedToBeCollectedRollingYearTwo' xlink:label='loc_FinancialGuaranteeInsuranceContractsPremiumReceivablePremiumExpectedToBeCollectedRollingYearTwo' xlink:type='locator' />
<link:loc xlink:href='../elts/us-gaap-2014-01-31.xsd#us-gaap_FinancialGuaranteeInsuranceContractsPremiumReceivablePremiumExpectedToBeCollectedRollingYearThree' xlink:label='loc_FinancialGuaranteeInsuranceContractsPremiumReceivablePremiumExpectedToBeCollectedRollingYearThree' xlink:type='locator' />
<link:loc xlink:href='../elts/us-gaap-2014-01-31.xsd#us-gaap_FinancialGuaranteeInsuranceContractsPremiumReceivablePremiumExpectedToBeCollectedRollingYearFour' xlink:label='loc_FinancialGuaranteeInsuranceContractsPremiumReceivablePremiumExpectedToBeCollectedRollingYearFour' xlink:type='locator' />
<link:loc xlink:href='../elts/us-gaap-2014-01-31.xsd#us-gaap_FinancialGuaranteeInsuranceContractsPremiumReceivablePremiumExpectedToBeCollectedRollingYearFive' xlink:label='loc_FinancialGuaranteeInsuranceContractsPremiumReceivablePremiumExpectedToBeCollectedRollingYearFive' xlink:type='locator' />
<link:loc xlink:href='../elts/us-gaap-2014-01-31.xsd#us-gaap_FinancialGuaranteeInsuranceContractsPremiumReceivablePremiumExpectedToBeCollectedRollingYearSixThroughTen' xlink:label='loc_FinancialGuaranteeInsuranceContractsPremiumReceivablePremiumExpectedToBeCollectedRollingYearSixThroughTen' xlink:type='locator' />
<link:loc xlink:href='../elts/us-gaap-2014-01-31.xsd#us-gaap_FinancialGuaranteeInsuranceContractsPremiumReceivablePremiumExpectedToBeCollectedRollingYear11Through15' xlink:label='loc_FinancialGuaranteeInsuranceContractsPremiumReceivablePremiumExpectedToBeCollectedRollingYear11Through15' xlink:type='locator' />
<link:loc xlink:href='../elts/us-gaap-2014-01-31.xsd#us-gaap_FinancialGuaranteeInsuranceContractsPremiumReceivablePremiumExpectedToBeCollectedRollingYear16Through20' xlink:label='loc_FinancialGuaranteeInsuranceContractsPremiumReceivablePremiumExpectedToBeCollectedRollingYear16Through20' xlink:type='locator' />
<link:loc xlink:href='../elts/us-gaap-2014-01-31.xsd#us-gaap_FinancialGuaranteeInsuranceContractsPremiumReceivablePremiumExpectedToBeCollectedRollingYear21Through25' xlink:label='loc_FinancialGuaranteeInsuranceContractsPremiumReceivablePremiumExpectedToBeCollectedRollingYear21Through25' xlink:type='locator' />
<link:loc xlink:href='../elts/us-gaap-2014-01-31.xsd#us-gaap_FinancialGuaranteeInsuranceContractsPremiumReceivablePremiumExpectedToBeCollectedRollingYear26Through30' xlink:label='loc_FinancialGuaranteeInsuranceContractsPremiumReceivablePremiumExpectedToBeCollectedRollingYear26Through30' xlink:type='locator' />
<link:loc xlink:href='../elts/us-gaap-2014-01-31.xsd#us-gaap_FinancialGuaranteeInsuranceContractsPremiumReceivablePremiumExpectedToBeCollectedRollingYear31Through35' xlink:label='loc_FinancialGuaranteeInsuranceContractsPremiumReceivablePremiumExpectedToBeCollectedRollingYear31Through35' xlink:type='locator' />
<link:loc xlink:href='../elts/us-gaap-2014-01-31.xsd#us-gaap_FinancialGuaranteeInsuranceContractsPremiumReceivablePremiumExpectedToBeCollectedRollingYear36Through40' xlink:label='loc_FinancialGuaranteeInsuranceContractsPremiumReceivablePremiumExpectedToBeCollectedRollingYear36Through40' xlink:type='locator' />
<link:loc xlink:href='../elts/us-gaap-2014-01-31.xsd#us-gaap_FinancialGuaranteeInsuranceContractsPremiumReceivablePremiumExpectedToBeCollectedNextRollingTwelveMonths' xlink:label='loc_FinancialGuaranteeInsuranceContractsPremiumReceivablePremiumExpectedToBeCollectedNextRollingTwelveMonths' xlink:type='locator' />
<link:loc xlink:href='../elts/us-gaap-2014-01-31.xsd#us-gaap_FinancialGuaranteeInsuranceContractsPremiumReceivablePremiumExpectedToBeCollectedNextRollingQuarter' xlink:label='loc_FinancialGuaranteeInsuranceContractsPremiumReceivablePremiumExpectedToBeCollectedNextRollingQuarter' xlink:type='locator' />
<link:loc xlink:href='../elts/us-gaap-2014-01-31.xsd#us-gaap_FinancialGuaranteeInsuranceContractsPremiumReceivablePremiumExpectedToBeCollectedSecondRollingQuarter' xlink:label='loc_FinancialGuaranteeInsuranceContractsPremiumReceivablePremiumExpectedToBeCollectedSecondRollingQuarter' xlink:type='locator' />
<link:loc xlink:href='../elts/us-gaap-2014-01-31.xsd#us-gaap_FinancialGuaranteeInsuranceContractsPremiumReceivablePremiumExpectedToBeCollectedThirdRollingQuarter' xlink:label='loc_FinancialGuaranteeInsuranceContractsPremiumReceivablePremiumExpectedToBeCollectedThirdRollingQuarter' xlink:type='locator' />
<link:loc xlink:href='../elts/us-gaap-2014-01-31.xsd#us-gaap_FinancialGuaranteeInsuranceContractsPremiumReceivablePremiumExpectedToBeCollectedFourthRollingQuarter' xlink:label='loc_FinancialGuaranteeInsuranceContractsPremiumReceivablePremiumExpectedToBeCollectedFourthRollingQuarter' xlink:type='locator' />
<link:loc xlink:href='../elts/us-gaap-2014-01-31.xsd#us-gaap_FinancialGuaranteeInsuranceContractsFutureExpectedPremiumRevenueToBeRecognized' xlink:label='loc_FinancialGuaranteeInsuranceContractsFutureExpectedPremiumRevenueToBeRecognized' xlink:type='locator' />
<link:loc xlink:href='../elts/us-gaap-2014-01-31.xsd#us-gaap_FinancialGuaranteeInsuranceContractsFutureExpectedPremiumRevenueToBeRecognizedRollingYearTwo' xlink:label='loc_FinancialGuaranteeInsuranceContractsFutureExpectedPremiumRevenueToBeRecognizedRollingYearTwo' xlink:type='locator' />
<link:loc xlink:href='../elts/us-gaap-2014-01-31.xsd#us-gaap_FinancialGuaranteeInsuranceContractsFutureExpectedPremiumRevenueToBeRecognizedRollingYearThree' xlink:label='loc_FinancialGuaranteeInsuranceContractsFutureExpectedPremiumRevenueToBeRecognizedRollingYearThree' xlink:type='locator' />
<link:loc xlink:href='../elts/us-gaap-2014-01-31.xsd#us-gaap_FinancialGuaranteeInsuranceContractsFutureExpectedPremiumRevenueToBeRecognizedRollingYearFour' xlink:label='loc_FinancialGuaranteeInsuranceContractsFutureExpectedPremiumRevenueToBeRecognizedRollingYearFour' xlink:type='locator' />
<link:loc xlink:href='../elts/us-gaap-2014-01-31.xsd#us-gaap_FinancialGuaranteeInsuranceContractsFutureExpectedPremiumRevenueToBeRecognizedRollingYearFive' xlink:label='loc_FinancialGuaranteeInsuranceContractsFutureExpectedPremiumRevenueToBeRecognizedRollingYearFive' xlink:type='locator' />
<link:loc xlink:href='../elts/us-gaap-2014-01-31.xsd#us-gaap_FinancialGuaranteeInsuranceContractsFutureExpectedPremiumRevenueToBeRecognizedRollingYearSixThroughTen' xlink:label='loc_FinancialGuaranteeInsuranceContractsFutureExpectedPremiumRevenueToBeRecognizedRollingYearSixThroughTen' xlink:type='locator' />
<link:loc xlink:href='../elts/us-gaap-2014-01-31.xsd#us-gaap_FinancialGuaranteeInsuranceContractsFutureExpectedPremiumRevenueToBeRecognizedRollingYear11Through15' xlink:label='loc_FinancialGuaranteeInsuranceContractsFutureExpectedPremiumRevenueToBeRecognizedRollingYear11Through15' xlink:type='locator' />
<link:loc xlink:href='../elts/us-gaap-2014-01-31.xsd#us-gaap_FinancialGuaranteeInsuranceContractsFutureExpectedPremiumRevenueToBeRecognizedRollingYear16Through20' xlink:label='loc_FinancialGuaranteeInsuranceContractsFutureExpectedPremiumRevenueToBeRecognizedRollingYear16Through20' xlink:type='locator' />
<link:loc xlink:href='../elts/us-gaap-2014-01-31.xsd#us-gaap_FinancialGuaranteeInsuranceContractsFutureExpectedPremiumRevenueToBeRecognizedRollingYear21Through25' xlink:label='loc_FinancialGuaranteeInsuranceContractsFutureExpectedPremiumRevenueToBeRecognizedRollingYear21Through25' xlink:type='locator' />
<link:loc xlink:href='../elts/us-gaap-2014-01-31.xsd#us-gaap_FinancialGuaranteeInsuranceContractsFutureExpectedPremiumRevenueToBeRecognizedRollingYear26Through30' xlink:label='loc_FinancialGuaranteeInsuranceContractsFutureExpectedPremiumRevenueToBeRecognizedRollingYear26Through30' xlink:type='locator' />
<link:loc xlink:href='../elts/us-gaap-2014-01-31.xsd#us-gaap_FinancialGuaranteeInsuranceContractsFutureExpectedPremiumRevenueToBeRecognizedRollingYear31Through35' xlink:label='loc_FinancialGuaranteeInsuranceContractsFutureExpectedPremiumRevenueToBeRecognizedRollingYear31Through35' xlink:type='locator' />
<link:loc xlink:href='../elts/us-gaap-2014-01-31.xsd#us-gaap_FinancialGuaranteeInsuranceContractsFutureExpectedPremiumRevenueToBeRecognizedRollingYear36Through40' xlink:label='loc_FinancialGuaranteeInsuranceContractsFutureExpectedPremiumRevenueToBeRecognizedRollingYear36Through40' xlink:type='locator' />
<link:loc xlink:href='../elts/us-gaap-2014-01-31.xsd#us-gaap_FinancialGuaranteeInsuranceContractsFutureExpectedPremiumRevenueToBeRecognizedNextRollingTwelveMonths' xlink:label='loc_FinancialGuaranteeInsuranceContractsFutureExpectedPremiumRevenueToBeRecognizedNextRollingTwelveMonths' xlink:type='locator' />
<link:loc xlink:href='../elts/us-gaap-2014-01-31.xsd#us-gaap_FinancialGuaranteeInsuranceContractsFutureExpectedPremiumRevenueToBeRecognizedNextRollingQuarter' xlink:label='loc_FinancialGuaranteeInsuranceContractsFutureExpectedPremiumRevenueToBeRecognizedNextRollingQuarter' xlink:type='locator' />
<link:loc xlink:href='../elts/us-gaap-2014-01-31.xsd#us-gaap_FinancialGuaranteeInsuranceContractsFutureExpectedPremiumRevenueToBeRecognizedSecondRollingQuarter' xlink:label='loc_FinancialGuaranteeInsuranceContractsFutureExpectedPremiumRevenueToBeRecognizedSecondRollingQuarter' xlink:type='locator' />
<link:loc xlink:href='../elts/us-gaap-2014-01-31.xsd#us-gaap_FinancialGuaranteeInsuranceContractsFutureExpectedPremiumRevenueToBeRecognizedThirdRollingQuarter' xlink:label='loc_FinancialGuaranteeInsuranceContractsFutureExpectedPremiumRevenueToBeRecognizedThirdRollingQuarter' xlink:type='locator' />
<link:loc xlink:href='../elts/us-gaap-2014-01-31.xsd#us-gaap_FinancialGuaranteeInsuranceContractsFutureExpectedPremiumRevenueToBeRecognizedFourthRollingQuarter' xlink:label='loc_FinancialGuaranteeInsuranceContractsFutureExpectedPremiumRevenueToBeRecognizedFourthRollingQuarter' xlink:type='locator' />
<link:loc xlink:href='../elts/us-gaap-2014-01-31.xsd#us-gaap_TimeDeposits' xlink:label='loc_TimeDeposits' xlink:type='locator' />
<link:loc xlink:href='../elts/us-gaap-2014-01-31.xsd#us-gaap_TimeDeposits100000OrMore' xlink:label='loc_TimeDeposits100000OrMore' xlink:type='locator' />
<link:loc xlink:href='../elts/us-gaap-2014-01-31.xsd#us-gaap_TimeDeposits100000OrMoreDomestic' xlink:label='loc_TimeDeposits100000OrMoreDomestic' xlink:type='locator' />
<link:loc xlink:href='../elts/us-gaap-2014-01-31.xsd#us-gaap_TimeDeposits100000OrMoreForeign' xlink:label='loc_TimeDeposits100000OrMoreForeign' xlink:type='locator' />
<link:loc xlink:href='../elts/us-gaap-2014-01-31.xsd#us-gaap_TimeDepositsLessThan100000' xlink:label='loc_TimeDepositsLessThan100000' xlink:type='locator' />
<link:calculationArc order='10' weight='1.0' xlink:arcrole='http://www.xbrl.org/2003/arcrole/summation-item' xlink:from='loc_AdvancesFromFederalHomeLoanBanks' xlink:to='loc_FederalHomeLoanBankAdvancesMaturitiesSummaryDueInNextRollingTwelveMonths' xlink:type='arc' />
<link:calculationArc order='20' weight='1.0' xlink:arcrole='http://www.xbrl.org/2003/arcrole/summation-item' xlink:from='loc_AdvancesFromFederalHomeLoanBanks' xlink:to='loc_FederalHomeLoanBankAdvancesMaturitiesSummaryDueInRollingYearTwo' xlink:type='arc' />
<link:calculationArc order='30' weight='1.0' xlink:arcrole='http://www.xbrl.org/2003/arcrole/summation-item' xlink:from='loc_AdvancesFromFederalHomeLoanBanks' xlink:to='loc_FederalHomeLoanBankAdvancesMaturitiesSummaryDueInRollingYearThree' xlink:type='arc' />
<link:calculationArc order='40' weight='1.0' xlink:arcrole='http://www.xbrl.org/2003/arcrole/summation-item' xlink:from='loc_AdvancesFromFederalHomeLoanBanks' xlink:to='loc_FederalHomeLoanBankAdvancesMaturitiesSummaryDueInRollingYearFour' xlink:type='arc' />
<link:calculationArc order='50' weight='1.0' xlink:arcrole='http://www.xbrl.org/2003/arcrole/summation-item' xlink:from='loc_AdvancesFromFederalHomeLoanBanks' xlink:to='loc_FederalHomeLoanBankAdvancesMaturitiesSummaryDueInRollingYearFive' xlink:type='arc' />
<link:calculationArc order='60' weight='1.0' xlink:arcrole='http://www.xbrl.org/2003/arcrole/summation-item' xlink:from='loc_AdvancesFromFederalHomeLoanBanks' xlink:to='loc_FederalHomeLoanBankAdvancesMaturitiesSummaryDueAfterRollingYearFive' xlink:type='arc' />
<link:calculationArc order='10' weight='1.0' xlink:arcrole='http://www.xbrl.org/2003/arcrole/summation-item' xlink:from='loc_BenefitsLossesAndExpenses' xlink:to='loc_PolicyholderBenefitsAndClaimsIncurredNet' xlink:type='arc' />
<link:calculationArc order='10' weight='1.0' xlink:arcrole='http://www.xbrl.org/2003/arcrole/summation-item' xlink:from='loc_PolicyholderBenefitsAndClaimsIncurredNet' xlink:to='loc_IncurredClaimsPropertyCasualtyAndLiability' xlink:type='arc' />
<link:calculationArc order='20' weight='1.0' xlink:arcrole='http://www.xbrl.org/2003/arcrole/summation-item' xlink:from='loc_PolicyholderBenefitsAndClaimsIncurredNet' xlink:to='loc_IncurredClaimsFinancialGuaranteeInsuranceContracts' xlink:type='arc' />
<link:calculationArc order='30' weight='1.0' xlink:arcrole='http://www.xbrl.org/2003/arcrole/summation-item' xlink:from='loc_PolicyholderBenefitsAndClaimsIncurredNet' xlink:to='loc_PolicyholderBenefitsAndClaimsIncurredLifeAndAnnuity' xlink:type='arc' />
<link:calculationArc order='40' weight='1.0' xlink:arcrole='http://www.xbrl.org/2003/arcrole/summation-item' xlink:from='loc_PolicyholderBenefitsAndClaimsIncurredNet' xlink:to='loc_PolicyholderBenefitsAndClaimsIncurredHealthCare' xlink:type='arc' />
<link:calculationArc order='50' weight='1.0' xlink:arcrole='http://www.xbrl.org/2003/arcrole/summation-item' xlink:from='loc_PolicyholderBenefitsAndClaimsIncurredNet' xlink:to='loc_PolicyholderBenefitsAndClaimsIncurredOther' xlink:type='arc' />
<link:calculationArc order='20' weight='1.0' xlink:arcrole='http://www.xbrl.org/2003/arcrole/summation-item' xlink:from='loc_BenefitsLossesAndExpenses' xlink:to='loc_LiabilityForFuturePolicyBenefitsPeriodExpense' xlink:type='arc' />
<link:calculationArc order='30' weight='1.0' xlink:arcrole='http://www.xbrl.org/2003/arcrole/summation-item' xlink:from='loc_BenefitsLossesAndExpenses' xlink:to='loc_InterestCreditedToPolicyholdersAccountBalances' xlink:type='arc' />
<link:calculationArc order='40' weight='1.0' xlink:arcrole='http://www.xbrl.org/2003/arcrole/summation-item' xlink:from='loc_BenefitsLossesAndExpenses' xlink:to='loc_PolicyholderDividends' xlink:type='arc' />
<link:calculationArc order='50' weight='1.0' xlink:arcrole='http://www.xbrl.org/2003/arcrole/summation-item' xlink:from='loc_BenefitsLossesAndExpenses' xlink:to='loc_OperatingExpenses' xlink:type='arc' />
<link:calculationArc order='10' weight='1.0' xlink:arcrole='http://www.xbrl.org/2003/arcrole/summation-item' xlink:from='loc_OperatingExpenses' xlink:to='loc_FloorBrokerageExchangeAndClearanceFees' xlink:type='arc' />
<link:calculationArc order='20' weight='1.0' xlink:arcrole='http://www.xbrl.org/2003/arcrole/summation-item' xlink:from='loc_OperatingExpenses' xlink:to='loc_MarketingAndAdvertisingExpense' xlink:type='arc' />
<link:calculationArc order='30' weight='1.0' xlink:arcrole='http://www.xbrl.org/2003/arcrole/summation-item' xlink:from='loc_OperatingExpenses' xlink:to='loc_DepreciationAndAmortization' xlink:type='arc' />
<link:calculationArc order='40' weight='1.0' xlink:arcrole='http://www.xbrl.org/2003/arcrole/summation-item' xlink:from='loc_OperatingExpenses' xlink:to='loc_AmortizationOfMortgageServicingRightsMSRs' xlink:type='arc' />
<link:calculationArc order='50' weight='1.0' xlink:arcrole='http://www.xbrl.org/2003/arcrole/summation-item' xlink:from='loc_OperatingExpenses' xlink:to='loc_RestructuringSettlementAndImpairmentProvisions' xlink:type='arc' />
<link:calculationArc order='60' weight='1.0' xlink:arcrole='http://www.xbrl.org/2003/arcrole/summation-item' xlink:from='loc_OperatingExpenses' xlink:to='loc_OtherNonrecurringIncomeExpense' xlink:type='arc' />
<link:calculationArc order='70' weight='1.0' xlink:arcrole='http://www.xbrl.org/2003/arcrole/summation-item' xlink:from='loc_OperatingExpenses' xlink:to='loc_OtherExpenses' xlink:type='arc' />
<link:calculationArc order='80' weight='1.0' xlink:arcrole='http://www.xbrl.org/2003/arcrole/summation-item' xlink:from='loc_OperatingExpenses' xlink:to='loc_RoyaltyExpense' xlink:type='arc' />
<link:calculationArc order='90' weight='1.0' xlink:arcrole='http://www.xbrl.org/2003/arcrole/summation-item' xlink:from='loc_OperatingExpenses' xlink:to='loc_AccretionExpenseIncludingAssetRetirementObligations' xlink:type='arc' />
<link:calculationArc order='100' weight='1.0' xlink:arcrole='http://www.xbrl.org/2003/arcrole/summation-item' xlink:from='loc_OperatingExpenses' xlink:to='loc_PreOpeningCosts' xlink:type='arc' />
<link:calculationArc order='110' weight='1.0' xlink:arcrole='http://www.xbrl.org/2003/arcrole/summation-item' xlink:from='loc_OperatingExpenses' xlink:to='loc_LegalFees' xlink:type='arc' />
<link:calculationArc order='120' weight='-1.0' xlink:arcrole='http://www.xbrl.org/2003/arcrole/summation-item' xlink:from='loc_OperatingExpenses' xlink:to='loc_GainsLossesOnRecourseDebt' xlink:type='arc' />
<link:calculationArc order='130' weight='-1.0' xlink:arcrole='http://www.xbrl.org/2003/arcrole/summation-item' xlink:from='loc_OperatingExpenses' xlink:to='loc_GainLossOnNonRecourseDebt' xlink:type='arc' />
<link:calculationArc order='140' weight='-1.0' xlink:arcrole='http://www.xbrl.org/2003/arcrole/summation-item' xlink:from='loc_OperatingExpenses' xlink:to='loc_GainLossOnRepurchaseOfDebtInstrument' xlink:type='arc' />
<link:calculationArc order='150' weight='1.0' xlink:arcrole='http://www.xbrl.org/2003/arcrole/summation-item' xlink:from='loc_OperatingExpenses' xlink:to='loc_InducedConversionOfConvertibleDebtExpense' xlink:type='arc' />
<link:calculationArc order='160' weight='1.0' xlink:arcrole='http://www.xbrl.org/2003/arcrole/summation-item' xlink:from='loc_OperatingExpenses' xlink:to='loc_GeneralAndAdministrativeExpense' xlink:type='arc' />
<link:calculationArc order='170' weight='-1.0' xlink:arcrole='http://www.xbrl.org/2003/arcrole/summation-item' xlink:from='loc_OperatingExpenses' xlink:to='loc_GainsLossesOnSalesOfAssets' xlink:type='arc' />
<link:calculationArc order='180' weight='-1.0' xlink:arcrole='http://www.xbrl.org/2003/arcrole/summation-item' xlink:from='loc_OperatingExpenses' xlink:to='loc_GainLossOnSaleOfCapitalLeasesNet' xlink:type='arc' />
<link:calculationArc order='190' weight='-1.0' xlink:arcrole='http://www.xbrl.org/2003/arcrole/summation-item' xlink:from='loc_OperatingExpenses' xlink:to='loc_GainLossOnSaleOfLeasedAssetsNetOperatingLeases' xlink:type='arc' />
<link:calculationArc order='200' weight='-1.0' xlink:arcrole='http://www.xbrl.org/2003/arcrole/summation-item' xlink:from='loc_OperatingExpenses' xlink:to='loc_GainsLossesOnSalesOfOtherRealEstate' xlink:type='arc' />
<link:calculationArc order='210' weight='-1.0' xlink:arcrole='http://www.xbrl.org/2003/arcrole/summation-item' xlink:from='loc_OperatingExpenses' xlink:to='loc_GainLossOnSaleOfStockInSubsidiaryOrEquityMethodInvestee' xlink:type='arc' />
<link:calculationArc order='220' weight='-1.0' xlink:arcrole='http://www.xbrl.org/2003/arcrole/summation-item' xlink:from='loc_OperatingExpenses' xlink:to='loc_GainLossOnSaleOfPropertyPlantEquipment' xlink:type='arc' />
<link:calculationArc order='230' weight='-1.0' xlink:arcrole='http://www.xbrl.org/2003/arcrole/summation-item' xlink:from='loc_OperatingExpenses' xlink:to='loc_GainLossOnSaleOfBusiness' xlink:type='arc' />
<link:calculationArc order='240' weight='-1.0' xlink:arcrole='http://www.xbrl.org/2003/arcrole/summation-item' xlink:from='loc_OperatingExpenses' xlink:to='loc_GainsLossesOnExtinguishmentOfDebt' xlink:type='arc' />
<link:calculationArc order='250' weight='-1.0' xlink:arcrole='http://www.xbrl.org/2003/arcrole/summation-item' xlink:from='loc_OperatingExpenses' xlink:to='loc_GainLossOnDerivativeInstrumentsNetPretax' xlink:type='arc' />
<link:calculationArc order='260' weight='1.0' xlink:arcrole='http://www.xbrl.org/2003/arcrole/summation-item' xlink:from='loc_OperatingExpenses' xlink:to='loc_BusinessCombinationIntegrationRelatedCosts' xlink:type='arc' />
<link:calculationArc order='60' weight='1.0' xlink:arcrole='http://www.xbrl.org/2003/arcrole/summation-item' xlink:from='loc_BenefitsLossesAndExpenses' xlink:to='loc_DeferredPolicyAcquisitionCostAmortizationExpense' xlink:type='arc' />
<link:calculationArc order='10' weight='1.0' xlink:arcrole='http://www.xbrl.org/2003/arcrole/summation-item' xlink:from='loc_DeferredPolicyAcquisitionCostAmortizationExpense' xlink:to='loc_DeferredPolicyAcquisitionCostAmortizationExpenseNetInvestmentGainsLosses' xlink:type='arc' />
<link:calculationArc order='20' weight='-1.0' xlink:arcrole='http://www.xbrl.org/2003/arcrole/summation-item' xlink:from='loc_DeferredPolicyAcquisitionCostAmortizationExpense' xlink:to='loc_DeferredPolicyAcquisitionCostAmortizationExpenseEffectOfAdjustmentsToEstimatedGrossProfit' xlink:type='arc' />
<link:calculationArc order='30' weight='1.0' xlink:arcrole='http://www.xbrl.org/2003/arcrole/summation-item' xlink:from='loc_DeferredPolicyAcquisitionCostAmortizationExpense' xlink:to='loc_DeferredPolicyAcquisitionCostAmortizationExpenseOther' xlink:type='arc' />
<link:calculationArc order='40' weight='1.0' xlink:arcrole='http://www.xbrl.org/2003/arcrole/summation-item' xlink:from='loc_DeferredPolicyAcquisitionCostAmortizationExpense' xlink:to='loc_DeferredPolicyAcquisitionCostAmortizationExpenseAssumptionChange' xlink:type='arc' />
<link:calculationArc order='70' weight='1.0' xlink:arcrole='http://www.xbrl.org/2003/arcrole/summation-item' xlink:from='loc_BenefitsLossesAndExpenses' xlink:to='loc_AmortizationOfValueOfBusinessAcquiredVOBA' xlink:type='arc' />
<link:calculationArc order='80' weight='1.0' xlink:arcrole='http://www.xbrl.org/2003/arcrole/summation-item' xlink:from='loc_BenefitsLossesAndExpenses' xlink:to='loc_ContractAdministrationExpense' xlink:type='arc' />
<link:calculationArc order='90' weight='1.0' xlink:arcrole='http://www.xbrl.org/2003/arcrole/summation-item' xlink:from='loc_BenefitsLossesAndExpenses' xlink:to='loc_BenefitClaimsInExcessOfRelatedPolicyholderBalances' xlink:type='arc' />
<link:calculationArc order='10' weight='1.0' xlink:arcrole='http://www.xbrl.org/2003/arcrole/summation-item' xlink:from='loc_FederalHomeLoanBankAdvancesMaturitiesSummaryByInterestRateTypeOneToFiveYears' xlink:to='loc_FederalHomeLoanBankAdvancesMaturitiesSummaryDueFromOneToTwoYearsOfBalanceSheetDate' xlink:type='arc' />
<link:calculationArc order='20' weight='1.0' xlink:arcrole='http://www.xbrl.org/2003/arcrole/summation-item' xlink:from='loc_FederalHomeLoanBankAdvancesMaturitiesSummaryByInterestRateTypeOneToFiveYears' xlink:to='loc_FederalHomeLoanBankAdvancesMaturitiesSummaryDueFromTwoToThreeYearsOfBalanceSheetDate' xlink:type='arc' />
<link:calculationArc order='30' weight='1.0' xlink:arcrole='http://www.xbrl.org/2003/arcrole/summation-item' xlink:from='loc_FederalHomeLoanBankAdvancesMaturitiesSummaryByInterestRateTypeOneToFiveYears' xlink:to='loc_FederalHomeLoanBankAdvancesMaturitiesSummaryDueFromThreeToFourYearsOfBalanceSheetDate' xlink:type='arc' />
<link:calculationArc order='40' weight='1.0' xlink:arcrole='http://www.xbrl.org/2003/arcrole/summation-item' xlink:from='loc_FederalHomeLoanBankAdvancesMaturitiesSummaryByInterestRateTypeOneToFiveYears' xlink:to='loc_FederalHomeLoanBankAdvancesMaturitiesSummaryDueFromFourToFiveYearsOfBalanceSheetDate' xlink:type='arc' />
<link:calculationArc order='10' weight='1.0' xlink:arcrole='http://www.xbrl.org/2003/arcrole/summation-item' xlink:from='loc_FinancialGuaranteeInsuranceContractsPremiumReceivablePremiumExpectedToBeCollected' xlink:to='loc_FinancialGuaranteeInsuranceContractsPremiumReceivablePremiumExpectedToBeCollectedRollingYearTwo' xlink:type='arc' />
<link:calculationArc order='20' weight='1.0' xlink:arcrole='http://www.xbrl.org/2003/arcrole/summation-item' xlink:from='loc_FinancialGuaranteeInsuranceContractsPremiumReceivablePremiumExpectedToBeCollected' xlink:to='loc_FinancialGuaranteeInsuranceContractsPremiumReceivablePremiumExpectedToBeCollectedRollingYearThree' xlink:type='arc' />
<link:calculationArc order='30' weight='1.0' xlink:arcrole='http://www.xbrl.org/2003/arcrole/summation-item' xlink:from='loc_FinancialGuaranteeInsuranceContractsPremiumReceivablePremiumExpectedToBeCollected' xlink:to='loc_FinancialGuaranteeInsuranceContractsPremiumReceivablePremiumExpectedToBeCollectedRollingYearFour' xlink:type='arc' />
<link:calculationArc order='40' weight='1.0' xlink:arcrole='http://www.xbrl.org/2003/arcrole/summation-item' xlink:from='loc_FinancialGuaranteeInsuranceContractsPremiumReceivablePremiumExpectedToBeCollected' xlink:to='loc_FinancialGuaranteeInsuranceContractsPremiumReceivablePremiumExpectedToBeCollectedRollingYearFive' xlink:type='arc' />
<link:calculationArc order='50' weight='1.0' xlink:arcrole='http://www.xbrl.org/2003/arcrole/summation-item' xlink:from='loc_FinancialGuaranteeInsuranceContractsPremiumReceivablePremiumExpectedToBeCollected' xlink:to='loc_FinancialGuaranteeInsuranceContractsPremiumReceivablePremiumExpectedToBeCollectedRollingYearSixThroughTen' xlink:type='arc' />
<link:calculationArc order='60' weight='1.0' xlink:arcrole='http://www.xbrl.org/2003/arcrole/summation-item' xlink:from='loc_FinancialGuaranteeInsuranceContractsPremiumReceivablePremiumExpectedToBeCollected' xlink:to='loc_FinancialGuaranteeInsuranceContractsPremiumReceivablePremiumExpectedToBeCollectedRollingYear11Through15' xlink:type='arc' />
<link:calculationArc order='70' weight='1.0' xlink:arcrole='http://www.xbrl.org/2003/arcrole/summation-item' xlink:from='loc_FinancialGuaranteeInsuranceContractsPremiumReceivablePremiumExpectedToBeCollected' xlink:to='loc_FinancialGuaranteeInsuranceContractsPremiumReceivablePremiumExpectedToBeCollectedRollingYear16Through20' xlink:type='arc' />
<link:calculationArc order='80' weight='1.0' xlink:arcrole='http://www.xbrl.org/2003/arcrole/summation-item' xlink:from='loc_FinancialGuaranteeInsuranceContractsPremiumReceivablePremiumExpectedToBeCollected' xlink:to='loc_FinancialGuaranteeInsuranceContractsPremiumReceivablePremiumExpectedToBeCollectedRollingYear21Through25' xlink:type='arc' />
<link:calculationArc order='90' weight='1.0' xlink:arcrole='http://www.xbrl.org/2003/arcrole/summation-item' xlink:from='loc_FinancialGuaranteeInsuranceContractsPremiumReceivablePremiumExpectedToBeCollected' xlink:to='loc_FinancialGuaranteeInsuranceContractsPremiumReceivablePremiumExpectedToBeCollectedRollingYear26Through30' xlink:type='arc' />
<link:calculationArc order='100' weight='1.0' xlink:arcrole='http://www.xbrl.org/2003/arcrole/summation-item' xlink:from='loc_FinancialGuaranteeInsuranceContractsPremiumReceivablePremiumExpectedToBeCollected' xlink:to='loc_FinancialGuaranteeInsuranceContractsPremiumReceivablePremiumExpectedToBeCollectedRollingYear31Through35' xlink:type='arc' />
<link:calculationArc order='110' weight='1.0' xlink:arcrole='http://www.xbrl.org/2003/arcrole/summation-item' xlink:from='loc_FinancialGuaranteeInsuranceContractsPremiumReceivablePremiumExpectedToBeCollected' xlink:to='loc_FinancialGuaranteeInsuranceContractsPremiumReceivablePremiumExpectedToBeCollectedRollingYear36Through40' xlink:type='arc' />
<link:calculationArc order='120' weight='1.0' xlink:arcrole='http://www.xbrl.org/2003/arcrole/summation-item' xlink:from='loc_FinancialGuaranteeInsuranceContractsPremiumReceivablePremiumExpectedToBeCollected' xlink:to='loc_FinancialGuaranteeInsuranceContractsPremiumReceivablePremiumExpectedToBeCollectedNextRollingTwelveMonths' xlink:type='arc' />
<link:calculationArc order='10' weight='1.0' xlink:arcrole='http://www.xbrl.org/2003/arcrole/summation-item' xlink:from='loc_FinancialGuaranteeInsuranceContractsPremiumReceivablePremiumExpectedToBeCollectedNextRollingTwelveMonths' xlink:to='loc_FinancialGuaranteeInsuranceContractsPremiumReceivablePremiumExpectedToBeCollectedNextRollingQuarter' xlink:type='arc' />
<link:calculationArc order='20' weight='1.0' xlink:arcrole='http://www.xbrl.org/2003/arcrole/summation-item' xlink:from='loc_FinancialGuaranteeInsuranceContractsPremiumReceivablePremiumExpectedToBeCollectedNextRollingTwelveMonths' xlink:to='loc_FinancialGuaranteeInsuranceContractsPremiumReceivablePremiumExpectedToBeCollectedSecondRollingQuarter' xlink:type='arc' />
<link:calculationArc order='30' weight='1.0' xlink:arcrole='http://www.xbrl.org/2003/arcrole/summation-item' xlink:from='loc_FinancialGuaranteeInsuranceContractsPremiumReceivablePremiumExpectedToBeCollectedNextRollingTwelveMonths' xlink:to='loc_FinancialGuaranteeInsuranceContractsPremiumReceivablePremiumExpectedToBeCollectedThirdRollingQuarter' xlink:type='arc' />
<link:calculationArc order='40' weight='1.0' xlink:arcrole='http://www.xbrl.org/2003/arcrole/summation-item' xlink:from='loc_FinancialGuaranteeInsuranceContractsPremiumReceivablePremiumExpectedToBeCollectedNextRollingTwelveMonths' xlink:to='loc_FinancialGuaranteeInsuranceContractsPremiumReceivablePremiumExpectedToBeCollectedFourthRollingQuarter' xlink:type='arc' />
<link:calculationArc order='10' weight='1.0' xlink:arcrole='http://www.xbrl.org/2003/arcrole/summation-item' xlink:from='loc_FinancialGuaranteeInsuranceContractsFutureExpectedPremiumRevenueToBeRecognized' xlink:to='loc_FinancialGuaranteeInsuranceContractsFutureExpectedPremiumRevenueToBeRecognizedRollingYearTwo' xlink:type='arc' />
<link:calculationArc order='20' weight='1.0' xlink:arcrole='http://www.xbrl.org/2003/arcrole/summation-item' xlink:from='loc_FinancialGuaranteeInsuranceContractsFutureExpectedPremiumRevenueToBeRecognized' xlink:to='loc_FinancialGuaranteeInsuranceContractsFutureExpectedPremiumRevenueToBeRecognizedRollingYearThree' xlink:type='arc' />
<link:calculationArc order='30' weight='1.0' xlink:arcrole='http://www.xbrl.org/2003/arcrole/summation-item' xlink:from='loc_FinancialGuaranteeInsuranceContractsFutureExpectedPremiumRevenueToBeRecognized' xlink:to='loc_FinancialGuaranteeInsuranceContractsFutureExpectedPremiumRevenueToBeRecognizedRollingYearFour' xlink:type='arc' />
<link:calculationArc order='40' weight='1.0' xlink:arcrole='http://www.xbrl.org/2003/arcrole/summation-item' xlink:from='loc_FinancialGuaranteeInsuranceContractsFutureExpectedPremiumRevenueToBeRecognized' xlink:to='loc_FinancialGuaranteeInsuranceContractsFutureExpectedPremiumRevenueToBeRecognizedRollingYearFive' xlink:type='arc' />
<link:calculationArc order='50' weight='1.0' xlink:arcrole='http://www.xbrl.org/2003/arcrole/summation-item' xlink:from='loc_FinancialGuaranteeInsuranceContractsFutureExpectedPremiumRevenueToBeRecognized' xlink:to='loc_FinancialGuaranteeInsuranceContractsFutureExpectedPremiumRevenueToBeRecognizedRollingYearSixThroughTen' xlink:type='arc' />
<link:calculationArc order='60' weight='1.0' xlink:arcrole='http://www.xbrl.org/2003/arcrole/summation-item' xlink:from='loc_FinancialGuaranteeInsuranceContractsFutureExpectedPremiumRevenueToBeRecognized' xlink:to='loc_FinancialGuaranteeInsuranceContractsFutureExpectedPremiumRevenueToBeRecognizedRollingYear11Through15' xlink:type='arc' />
<link:calculationArc order='70' weight='1.0' xlink:arcrole='http://www.xbrl.org/2003/arcrole/summation-item' xlink:from='loc_FinancialGuaranteeInsuranceContractsFutureExpectedPremiumRevenueToBeRecognized' xlink:to='loc_FinancialGuaranteeInsuranceContractsFutureExpectedPremiumRevenueToBeRecognizedRollingYear16Through20' xlink:type='arc' />
<link:calculationArc order='80' weight='1.0' xlink:arcrole='http://www.xbrl.org/2003/arcrole/summation-item' xlink:from='loc_FinancialGuaranteeInsuranceContractsFutureExpectedPremiumRevenueToBeRecognized' xlink:to='loc_FinancialGuaranteeInsuranceContractsFutureExpectedPremiumRevenueToBeRecognizedRollingYear21Through25' xlink:type='arc' />
<link:calculationArc order='90' weight='1.0' xlink:arcrole='http://www.xbrl.org/2003/arcrole/summation-item' xlink:from='loc_FinancialGuaranteeInsuranceContractsFutureExpectedPremiumRevenueToBeRecognized' xlink:to='loc_FinancialGuaranteeInsuranceContractsFutureExpectedPremiumRevenueToBeRecognizedRollingYear26Through30' xlink:type='arc' />
<link:calculationArc order='100' weight='1.0' xlink:arcrole='http://www.xbrl.org/2003/arcrole/summation-item' xlink:from='loc_FinancialGuaranteeInsuranceContractsFutureExpectedPremiumRevenueToBeRecognized' xlink:to='loc_FinancialGuaranteeInsuranceContractsFutureExpectedPremiumRevenueToBeRecognizedRollingYear31Through35' xlink:type='arc' />
<link:calculationArc order='110' weight='1.0' xlink:arcrole='http://www.xbrl.org/2003/arcrole/summation-item' xlink:from='loc_FinancialGuaranteeInsuranceContractsFutureExpectedPremiumRevenueToBeRecognized' xlink:to='loc_FinancialGuaranteeInsuranceContractsFutureExpectedPremiumRevenueToBeRecognizedRollingYear36Through40' xlink:type='arc' />
<link:calculationArc order='120' weight='1.0' xlink:arcrole='http://www.xbrl.org/2003/arcrole/summation-item' xlink:from='loc_FinancialGuaranteeInsuranceContractsFutureExpectedPremiumRevenueToBeRecognized' xlink:to='loc_FinancialGuaranteeInsuranceContractsFutureExpectedPremiumRevenueToBeRecognizedNextRollingTwelveMonths' xlink:type='arc' />
<link:calculationArc order='10' weight='1.0' xlink:arcrole='http://www.xbrl.org/2003/arcrole/summation-item' xlink:from='loc_FinancialGuaranteeInsuranceContractsFutureExpectedPremiumRevenueToBeRecognizedNextRollingTwelveMonths' xlink:to='loc_FinancialGuaranteeInsuranceContractsFutureExpectedPremiumRevenueToBeRecognizedNextRollingQuarter' xlink:type='arc' />
<link:calculationArc order='20' weight='1.0' xlink:arcrole='http://www.xbrl.org/2003/arcrole/summation-item' xlink:from='loc_FinancialGuaranteeInsuranceContractsFutureExpectedPremiumRevenueToBeRecognizedNextRollingTwelveMonths' xlink:to='loc_FinancialGuaranteeInsuranceContractsFutureExpectedPremiumRevenueToBeRecognizedSecondRollingQuarter' xlink:type='arc' />
<link:calculationArc order='30' weight='1.0' xlink:arcrole='http://www.xbrl.org/2003/arcrole/summation-item' xlink:from='loc_FinancialGuaranteeInsuranceContractsFutureExpectedPremiumRevenueToBeRecognizedNextRollingTwelveMonths' xlink:to='loc_FinancialGuaranteeInsuranceContractsFutureExpectedPremiumRevenueToBeRecognizedThirdRollingQuarter' xlink:type='arc' />
<link:calculationArc order='40' weight='1.0' xlink:arcrole='http://www.xbrl.org/2003/arcrole/summation-item' xlink:from='loc_FinancialGuaranteeInsuranceContractsFutureExpectedPremiumRevenueToBeRecognizedNextRollingTwelveMonths' xlink:to='loc_FinancialGuaranteeInsuranceContractsFutureExpectedPremiumRevenueToBeRecognizedFourthRollingQuarter' xlink:type='arc' />
<link:calculationArc order='10' weight='1.0' xlink:arcrole='http://www.xbrl.org/2003/arcrole/summation-item' xlink:from='loc_TimeDeposits' xlink:to='loc_TimeDeposits100000OrMore' xlink:type='arc' />
<link:calculationArc order='10' weight='1.0' xlink:arcrole='http://www.xbrl.org/2003/arcrole/summation-item' xlink:from='loc_TimeDeposits100000OrMore' xlink:to='loc_TimeDeposits100000OrMoreDomestic' xlink:type='arc' />
<link:calculationArc order='20' weight='1.0' xlink:arcrole='http://www.xbrl.org/2003/arcrole/summation-item' xlink:from='loc_TimeDeposits100000OrMore' xlink:to='loc_TimeDeposits100000OrMoreForeign' xlink:type='arc' />
<link:calculationArc order='20' weight='1.0' xlink:arcrole='http://www.xbrl.org/2003/arcrole/summation-item' xlink:from='loc_TimeDeposits' xlink:to='loc_TimeDepositsLessThan100000' xlink:type='arc' />
</link:calculationLink>
</link:linkbase>
