<?xml version='1.0' encoding='UTF-8'?>

<!--
(c) XBRL US, Inc. 2007-2010; Financial Accounting Foundation, Inc. 2010-2014.  All Rights Reserved.
Notice: Authorized Uses are Set Forth at http://xbrl.fasb.org/terms/TaxonomiesTermsConditions.html
  -->
<link:linkbase xmlns:link='http://www.xbrl.org/2003/linkbase' xmlns:xbrldt='http://xbrl.org/2005/xbrldt' xmlns:xlink='http://www.w3.org/1999/xlink' xmlns:xsi='http://www.w3.org/2001/XMLSchema-instance' xsi:schemaLocation='http://www.xbrl.org/2003/linkbase http://www.xbrl.org/2003/xbrl-linkbase-2003-12-31.xsd'>
<link:roleRef roleURI='http://fasb.org/us-gaap/role/disclosure/SECScheduleArticle12-16SupplementaryInsuranceInformationSupplementaryInsuranceInformationBySegmentTable' xlink:href='../elts/us-roles-2014-01-31.xsd#SECScheduleArticle12-16SupplementaryInsuranceInformationSupplementaryInsuranceInformationBySegmentTable' xlink:type='simple' />
<link:arcroleRef arcroleURI='http://xbrl.org/int/dim/arcrole/all' xlink:href='http://www.xbrl.org/2005/xbrldt-2005.xsd#all' xlink:type='simple' />
<link:arcroleRef arcroleURI='http://xbrl.org/int/dim/arcrole/dimension-default' xlink:href='http://www.xbrl.org/2005/xbrldt-2005.xsd#dimension-default' xlink:type='simple' />
<link:arcroleRef arcroleURI='http://xbrl.org/int/dim/arcrole/dimension-domain' xlink:href='http://www.xbrl.org/2005/xbrldt-2005.xsd#dimension-domain' xlink:type='simple' />
<link:arcroleRef arcroleURI='http://xbrl.org/int/dim/arcrole/domain-member' xlink:href='http://www.xbrl.org/2005/xbrldt-2005.xsd#domain-member' xlink:type='simple' />
<link:arcroleRef arcroleURI='http://xbrl.org/int/dim/arcrole/hypercube-dimension' xlink:href='http://www.xbrl.org/2005/xbrldt-2005.xsd#hypercube-dimension' xlink:type='simple' />
<link:definitionLink xlink:role='http://fasb.org/us-gaap/role/disclosure/SECScheduleArticle12-16SupplementaryInsuranceInformationSupplementaryInsuranceInformationBySegmentTable' xlink:type='extended'>
<link:loc xlink:href='../elts/us-gaap-2014-01-31.xsd#us-gaap_SupplementaryInsuranceInformationBySegmentLineItems' xlink:label='loc_SupplementaryInsuranceInformationBySegmentLineItems' xlink:type='locator' />
<link:loc xlink:href='../elts/us-gaap-2014-01-31.xsd#us-gaap_SupplementaryInsuranceInformationBySegmentTable' xlink:label='loc_SupplementaryInsuranceInformationBySegmentTable' xlink:type='locator' />
<link:definitionArc order='1.0' xbrldt:closed='true' xbrldt:contextElement='segment' xlink:arcrole='http://xbrl.org/int/dim/arcrole/all' xlink:from='loc_SupplementaryInsuranceInformationBySegmentLineItems' xlink:to='loc_SupplementaryInsuranceInformationBySegmentTable' xlink:type='arc' />
</link:definitionLink>
<link:definitionLink xlink:role='http://fasb.org/us-gaap/role/disclosure/SECScheduleArticle12-16SupplementaryInsuranceInformationSupplementaryInsuranceInformationBySegmentTable' xlink:type='extended'>
<link:loc xlink:href='../elts/us-gaap-2014-01-31.xsd#us-gaap_StatementBusinessSegmentsAxis' xlink:label='loc_StatementBusinessSegmentsAxis' xlink:type='locator' />
<link:loc xlink:href='../elts/us-gaap-2014-01-31.xsd#us-gaap_SegmentDomain' xlink:label='loc_SegmentDomain' xlink:type='locator' />
<link:definitionArc order='1.0' xlink:arcrole='http://xbrl.org/int/dim/arcrole/dimension-default' xlink:from='loc_StatementBusinessSegmentsAxis' xlink:to='loc_SegmentDomain' xlink:type='arc' />
</link:definitionLink>
<link:definitionLink xlink:role='http://fasb.org/us-gaap/role/disclosure/SECScheduleArticle12-16SupplementaryInsuranceInformationSupplementaryInsuranceInformationBySegmentTable' xlink:type='extended'>
<link:loc xlink:href='../elts/us-gaap-2014-01-31.xsd#us-gaap_StatementBusinessSegmentsAxis' xlink:label='loc_StatementBusinessSegmentsAxis' xlink:type='locator' />
<link:loc xlink:href='../elts/us-gaap-2014-01-31.xsd#us-gaap_SegmentDomain' xlink:label='loc_SegmentDomain' xlink:type='locator' />
<link:definitionArc order='1.0' xlink:arcrole='http://xbrl.org/int/dim/arcrole/dimension-domain' xlink:from='loc_StatementBusinessSegmentsAxis' xlink:to='loc_SegmentDomain' xlink:type='arc' />
</link:definitionLink>
<link:definitionLink xlink:role='http://fasb.org/us-gaap/role/disclosure/SECScheduleArticle12-16SupplementaryInsuranceInformationSupplementaryInsuranceInformationBySegmentTable' xlink:type='extended'>
<link:loc xlink:href='../elts/us-gaap-2014-01-31.xsd#us-gaap_SupplementaryInsuranceInformationBySegmentLineItems' xlink:label='loc_SupplementaryInsuranceInformationBySegmentLineItems' xlink:type='locator' />
<link:loc xlink:href='../elts/us-gaap-2014-01-31.xsd#us-gaap_SupplementaryInsuranceInformationDeferredPolicyAcquisitionCosts' xlink:label='loc_SupplementaryInsuranceInformationDeferredPolicyAcquisitionCosts' xlink:type='locator' />
<link:loc xlink:href='../elts/us-gaap-2014-01-31.xsd#us-gaap_SupplementaryInsuranceInformationLiabilityForFuturePolicyBenefitsLossesClaimsAndLossExpenseReserves' xlink:label='loc_SupplementaryInsuranceInformationLiabilityForFuturePolicyBenefitsLossesClaimsAndLossExpenseReserves' xlink:type='locator' />
<link:loc xlink:href='../elts/us-gaap-2014-01-31.xsd#us-gaap_SupplementaryInsuranceInformationUnearnedPremiums' xlink:label='loc_SupplementaryInsuranceInformationUnearnedPremiums' xlink:type='locator' />
<link:loc xlink:href='../elts/us-gaap-2014-01-31.xsd#us-gaap_SupplementaryInsuranceInformationOtherPolicyClaimsAndBenefitsPayable' xlink:label='loc_SupplementaryInsuranceInformationOtherPolicyClaimsAndBenefitsPayable' xlink:type='locator' />
<link:loc xlink:href='../elts/us-gaap-2014-01-31.xsd#us-gaap_SupplementaryInsuranceInformationPremiumRevenue' xlink:label='loc_SupplementaryInsuranceInformationPremiumRevenue' xlink:type='locator' />
<link:loc xlink:href='../elts/us-gaap-2014-01-31.xsd#us-gaap_SupplementaryInsuranceInformationNetInvestmentIncome' xlink:label='loc_SupplementaryInsuranceInformationNetInvestmentIncome' xlink:type='locator' />
<link:loc xlink:href='../elts/us-gaap-2014-01-31.xsd#us-gaap_SupplementaryInsuranceInformationBenefitsClaimsLossesAndSettlementExpense' xlink:label='loc_SupplementaryInsuranceInformationBenefitsClaimsLossesAndSettlementExpense' xlink:type='locator' />
<link:loc xlink:href='../elts/us-gaap-2014-01-31.xsd#us-gaap_SupplementaryInsuranceInformationAmortizationOfDeferredPolicyAcquisitionCosts' xlink:label='loc_SupplementaryInsuranceInformationAmortizationOfDeferredPolicyAcquisitionCosts' xlink:type='locator' />
<link:loc xlink:href='../elts/us-gaap-2014-01-31.xsd#us-gaap_SupplementaryInsuranceInformationOtherOperatingExpense' xlink:label='loc_SupplementaryInsuranceInformationOtherOperatingExpense' xlink:type='locator' />
<link:loc xlink:href='../elts/us-gaap-2014-01-31.xsd#us-gaap_SupplementaryInsuranceInformationPremiumsWritten' xlink:label='loc_SupplementaryInsuranceInformationPremiumsWritten' xlink:type='locator' />
<link:definitionArc order='1.0' xlink:arcrole='http://xbrl.org/int/dim/arcrole/domain-member' xlink:from='loc_SupplementaryInsuranceInformationBySegmentLineItems' xlink:to='loc_SupplementaryInsuranceInformationDeferredPolicyAcquisitionCosts' xlink:type='arc' />
<link:definitionArc order='2.0' xlink:arcrole='http://xbrl.org/int/dim/arcrole/domain-member' xlink:from='loc_SupplementaryInsuranceInformationBySegmentLineItems' xlink:to='loc_SupplementaryInsuranceInformationLiabilityForFuturePolicyBenefitsLossesClaimsAndLossExpenseReserves' xlink:type='arc' />
<link:definitionArc order='3.0' xlink:arcrole='http://xbrl.org/int/dim/arcrole/domain-member' xlink:from='loc_SupplementaryInsuranceInformationBySegmentLineItems' xlink:to='loc_SupplementaryInsuranceInformationUnearnedPremiums' xlink:type='arc' />
<link:definitionArc order='4.0' xlink:arcrole='http://xbrl.org/int/dim/arcrole/domain-member' xlink:from='loc_SupplementaryInsuranceInformationBySegmentLineItems' xlink:to='loc_SupplementaryInsuranceInformationOtherPolicyClaimsAndBenefitsPayable' xlink:type='arc' />
<link:definitionArc order='5.0' xlink:arcrole='http://xbrl.org/int/dim/arcrole/domain-member' xlink:from='loc_SupplementaryInsuranceInformationBySegmentLineItems' xlink:to='loc_SupplementaryInsuranceInformationPremiumRevenue' xlink:type='arc' />
<link:definitionArc order='6.0' xlink:arcrole='http://xbrl.org/int/dim/arcrole/domain-member' xlink:from='loc_SupplementaryInsuranceInformationBySegmentLineItems' xlink:to='loc_SupplementaryInsuranceInformationNetInvestmentIncome' xlink:type='arc' />
<link:definitionArc order='7.0' xlink:arcrole='http://xbrl.org/int/dim/arcrole/domain-member' xlink:from='loc_SupplementaryInsuranceInformationBySegmentLineItems' xlink:to='loc_SupplementaryInsuranceInformationBenefitsClaimsLossesAndSettlementExpense' xlink:type='arc' />
<link:definitionArc order='8.0' xlink:arcrole='http://xbrl.org/int/dim/arcrole/domain-member' xlink:from='loc_SupplementaryInsuranceInformationBySegmentLineItems' xlink:to='loc_SupplementaryInsuranceInformationAmortizationOfDeferredPolicyAcquisitionCosts' xlink:type='arc' />
<link:definitionArc order='9.0' xlink:arcrole='http://xbrl.org/int/dim/arcrole/domain-member' xlink:from='loc_SupplementaryInsuranceInformationBySegmentLineItems' xlink:to='loc_SupplementaryInsuranceInformationOtherOperatingExpense' xlink:type='arc' />
<link:definitionArc order='10.0' xlink:arcrole='http://xbrl.org/int/dim/arcrole/domain-member' xlink:from='loc_SupplementaryInsuranceInformationBySegmentLineItems' xlink:to='loc_SupplementaryInsuranceInformationPremiumsWritten' xlink:type='arc' />
</link:definitionLink>
<link:definitionLink xlink:role='http://fasb.org/us-gaap/role/disclosure/SECScheduleArticle12-16SupplementaryInsuranceInformationSupplementaryInsuranceInformationBySegmentTable' xlink:type='extended'>
<link:loc xlink:href='../elts/us-gaap-2014-01-31.xsd#us-gaap_SupplementaryInsuranceInformationBySegmentTable' xlink:label='loc_SupplementaryInsuranceInformationBySegmentTable' xlink:type='locator' />
<link:loc xlink:href='../elts/us-gaap-2014-01-31.xsd#us-gaap_StatementBusinessSegmentsAxis' xlink:label='loc_StatementBusinessSegmentsAxis' xlink:type='locator' />
<link:definitionArc order='1.0' xlink:arcrole='http://xbrl.org/int/dim/arcrole/hypercube-dimension' xlink:from='loc_SupplementaryInsuranceInformationBySegmentTable' xlink:to='loc_StatementBusinessSegmentsAxis' xlink:type='arc' />
</link:definitionLink>
</link:linkbase>
