<?xml version='1.0' encoding='UTF-8'?>

<!--
(c) XBRL US, Inc. 2007-2010; Financial Accounting Foundation, Inc. 2010-2014.  All Rights Reserved.
Notice: Authorized Uses are Set Forth at http://xbrl.fasb.org/terms/TaxonomiesTermsConditions.html
  -->
<link:linkbase xmlns:link='http://www.xbrl.org/2003/linkbase' xmlns:xbrldt='http://xbrl.org/2005/xbrldt' xmlns:xlink='http://www.w3.org/1999/xlink' xmlns:xsi='http://www.w3.org/2001/XMLSchema-instance' xsi:schemaLocation='http://www.xbrl.org/2003/linkbase http://www.xbrl.org/2003/xbrl-linkbase-2003-12-31.xsd'>
<link:roleRef roleURI='http://fasb.org/us-gaap/role/disclosure/DeferredRevenue' xlink:href='../elts/us-roles-2014-01-31.xsd#dr' xlink:type='simple' />
<link:calculationLink xlink:role='http://fasb.org/us-gaap/role/disclosure/DeferredRevenue' xlink:type='extended'>
<link:loc xlink:href='../elts/us-gaap-2014-01-31.xsd#us-gaap_CustomerRefundableFeesPeriodIncreaseDecrease' xlink:label='loc_CustomerRefundableFeesPeriodIncreaseDecrease' xlink:type='locator' />
<link:loc xlink:href='../elts/us-gaap-2014-01-31.xsd#us-gaap_CustomerRefundableFeesCashReceived' xlink:label='loc_CustomerRefundableFeesCashReceived' xlink:type='locator' />
<link:loc xlink:href='../elts/us-gaap-2014-01-31.xsd#us-gaap_CustomerRefundableFeesRevenueRecognized' xlink:label='loc_CustomerRefundableFeesRevenueRecognized' xlink:type='locator' />
<link:loc xlink:href='../elts/us-gaap-2014-01-31.xsd#us-gaap_CustomerRefundableFeesRefundPayments' xlink:label='loc_CustomerRefundableFeesRefundPayments' xlink:type='locator' />
<link:loc xlink:href='../elts/us-gaap-2014-01-31.xsd#us-gaap_DeferredRevenuePeriodIncreaseDecrease' xlink:label='loc_DeferredRevenuePeriodIncreaseDecrease' xlink:type='locator' />
<link:loc xlink:href='../elts/us-gaap-2014-01-31.xsd#us-gaap_DeferredRevenueAdditions' xlink:label='loc_DeferredRevenueAdditions' xlink:type='locator' />
<link:loc xlink:href='../elts/us-gaap-2014-01-31.xsd#us-gaap_DeferredRevenueRevenueRecognized' xlink:label='loc_DeferredRevenueRevenueRecognized' xlink:type='locator' />
<link:loc xlink:href='../elts/us-gaap-2014-01-31.xsd#us-gaap_DeferredRevenueRefundPayments' xlink:label='loc_DeferredRevenueRefundPayments' xlink:type='locator' />
<link:calculationArc order='10' use='optional' weight='1.0' xlink:arcrole='http://www.xbrl.org/2003/arcrole/summation-item' xlink:from='loc_CustomerRefundableFeesPeriodIncreaseDecrease' xlink:to='loc_CustomerRefundableFeesCashReceived' xlink:type='arc' />
<link:calculationArc order='20' use='optional' weight='-1.0' xlink:arcrole='http://www.xbrl.org/2003/arcrole/summation-item' xlink:from='loc_CustomerRefundableFeesPeriodIncreaseDecrease' xlink:to='loc_CustomerRefundableFeesRevenueRecognized' xlink:type='arc' />
<link:calculationArc order='30' use='optional' weight='-1.0' xlink:arcrole='http://www.xbrl.org/2003/arcrole/summation-item' xlink:from='loc_CustomerRefundableFeesPeriodIncreaseDecrease' xlink:to='loc_CustomerRefundableFeesRefundPayments' xlink:type='arc' />
<link:calculationArc order='10' use='optional' weight='1.0' xlink:arcrole='http://www.xbrl.org/2003/arcrole/summation-item' xlink:from='loc_DeferredRevenuePeriodIncreaseDecrease' xlink:to='loc_DeferredRevenueAdditions' xlink:type='arc' />
<link:calculationArc order='20' use='optional' weight='-1.0' xlink:arcrole='http://www.xbrl.org/2003/arcrole/summation-item' xlink:from='loc_DeferredRevenuePeriodIncreaseDecrease' xlink:to='loc_DeferredRevenueRevenueRecognized' xlink:type='arc' />
<link:calculationArc order='30' use='optional' weight='-1.0' xlink:arcrole='http://www.xbrl.org/2003/arcrole/summation-item' xlink:from='loc_DeferredRevenuePeriodIncreaseDecrease' xlink:to='loc_DeferredRevenueRefundPayments' xlink:type='arc' />
</link:calculationLink>
</link:linkbase>
