<?xml version='1.0' encoding='UTF-8'?>

<!--
(c) XBRL US, Inc. 2007-2010; Financial Accounting Foundation, Inc. 2010-2014.  All Rights Reserved.
Notice: Authorized Uses are Set Forth at http://xbrl.fasb.org/terms/TaxonomiesTermsConditions.html
  -->
<link:linkbase xmlns:link='http://www.xbrl.org/2003/linkbase' xmlns:xbrldt='http://xbrl.org/2005/xbrldt' xmlns:xlink='http://www.w3.org/1999/xlink' xmlns:xsi='http://www.w3.org/2001/XMLSchema-instance' xsi:schemaLocation='http://www.xbrl.org/2003/linkbase http://www.xbrl.org/2003/xbrl-linkbase-2003-12-31.xsd'>
<link:roleRef roleURI='http://fasb.org/us-gaap/role/disclosure/Contractors' xlink:href='../elts/us-roles-2014-01-31.xsd#con' xlink:type='simple' />
<link:presentationLink xlink:role='http://fasb.org/us-gaap/role/disclosure/Contractors' xlink:type='extended'>
<link:loc xlink:href='../elts/us-gaap-2014-01-31.xsd#us-gaap_AccountsReceivableUnapprovedContractClaimsAmountAbstract' xlink:label='loc_AccountsReceivableUnapprovedContractClaimsAmountAbstract' xlink:type='locator' />
<link:loc xlink:href='../elts/us-gaap-2014-01-31.xsd#us-gaap_AccountsReceivableUnapprovedContractClaimsAmountExpectedToBeCollectedAfterOneYear' xlink:label='loc_AccountsReceivableUnapprovedContractClaimsAmountExpectedToBeCollectedAfterOneYear' xlink:type='locator' />
<link:loc xlink:href='../elts/us-gaap-2014-01-31.xsd#us-gaap_AccountsReceivableUnapprovedContractClaimsAmountExpectedToBeCollectedWithinOneYear' xlink:label='loc_AccountsReceivableUnapprovedContractClaimsAmountExpectedToBeCollectedWithinOneYear' xlink:type='locator' />
<link:loc xlink:href='../elts/us-gaap-2014-01-31.xsd#us-gaap_AccountsReceivableUnapprovedContractClaims' xlink:label='loc_AccountsReceivableUnapprovedContractClaims' xlink:type='locator' />
<link:loc xlink:href='../elts/us-gaap-2014-01-31.xsd#us-gaap_BilledAndUnbilledContractClaimsSubjectToUncertaintyAbstract' xlink:label='loc_BilledAndUnbilledContractClaimsSubjectToUncertaintyAbstract' xlink:type='locator' />
<link:loc xlink:href='../elts/us-gaap-2014-01-31.xsd#us-gaap_ContractClaimsDescription' xlink:label='loc_ContractClaimsDescription' xlink:type='locator' />
<link:loc xlink:href='../elts/us-gaap-2014-01-31.xsd#us-gaap_UnapprovedChangeOrdersDescription' xlink:label='loc_UnapprovedChangeOrdersDescription' xlink:type='locator' />
<link:loc xlink:href='../elts/us-gaap-2014-01-31.xsd#us-gaap_UnapprovedChangeOrdersAmount' xlink:label='loc_UnapprovedChangeOrdersAmount' xlink:type='locator' />
<link:loc xlink:href='../elts/us-gaap-2014-01-31.xsd#us-gaap_CommitmentsToCompleteContractsInProcess' xlink:label='loc_CommitmentsToCompleteContractsInProcess' xlink:type='locator' />
<link:loc xlink:href='../elts/us-gaap-2014-01-31.xsd#us-gaap_ContractsReceivableClaimsAndUncertainAmountsAbstract' xlink:label='loc_ContractsReceivableClaimsAndUncertainAmountsAbstract' xlink:type='locator' />
<link:loc xlink:href='../elts/us-gaap-2014-01-31.xsd#us-gaap_ContractsReceivableClaimsAndUncertainAmountsExpectedToBeCollectedInRemainderOfFiscalYear' xlink:label='loc_ContractsReceivableClaimsAndUncertainAmountsExpectedToBeCollectedInRemainderOfFiscalYear' xlink:type='locator' />
<link:loc xlink:href='../elts/us-gaap-2014-01-31.xsd#us-gaap_ContractsReceivableClaimsAndUncertainAmountsRollingMaturityAbstract' xlink:label='loc_ContractsReceivableClaimsAndUncertainAmountsRollingMaturityAbstract' xlink:type='locator' />
<link:loc xlink:href='../elts/us-gaap-2014-01-31.xsd#us-gaap_UnbilledChangeOrdersAbstract' xlink:label='loc_UnbilledChangeOrdersAbstract' xlink:type='locator' />
<link:loc xlink:href='../elts/us-gaap-2014-01-31.xsd#us-gaap_BillingsInExcessOfCostAbstract' xlink:label='loc_BillingsInExcessOfCostAbstract' xlink:type='locator' />
<link:loc xlink:href='../elts/us-gaap-2014-01-31.xsd#us-gaap_BillingsInExcessOfCostCurrent' xlink:label='loc_BillingsInExcessOfCostCurrent' xlink:type='locator' />
<link:loc xlink:href='../elts/us-gaap-2014-01-31.xsd#us-gaap_BillingsInExcessOfCostNoncurrent' xlink:label='loc_BillingsInExcessOfCostNoncurrent' xlink:type='locator' />
<link:loc xlink:href='../elts/us-gaap-2014-01-31.xsd#us-gaap_BillingsInExcessOfCost' xlink:label='loc_BillingsInExcessOfCost' xlink:type='locator' />
<link:loc xlink:href='../elts/us-gaap-2014-01-31.xsd#us-gaap_ContractReceivableRetainageDueAfterNextRollingTwelveMonthsAbstract' xlink:label='loc_ContractReceivableRetainageDueAfterNextRollingTwelveMonthsAbstract' xlink:type='locator' />
<link:loc xlink:href='../elts/us-gaap-2014-01-31.xsd#us-gaap_ContractReceivableRetainageDueInRollingYearTwo' xlink:label='loc_ContractReceivableRetainageDueInRollingYearTwo' xlink:type='locator' />
<link:loc xlink:href='../elts/us-gaap-2014-01-31.xsd#us-gaap_ContractReceivableRetainageDueInRollingYearThree' xlink:label='loc_ContractReceivableRetainageDueInRollingYearThree' xlink:type='locator' />
<link:loc xlink:href='../elts/us-gaap-2014-01-31.xsd#us-gaap_ContractReceivableRetainageDueInRollingYearFour' xlink:label='loc_ContractReceivableRetainageDueInRollingYearFour' xlink:type='locator' />
<link:loc xlink:href='../elts/us-gaap-2014-01-31.xsd#us-gaap_ContractReceivableRetainageDueInRollingYearFive' xlink:label='loc_ContractReceivableRetainageDueInRollingYearFive' xlink:type='locator' />
<link:loc xlink:href='../elts/us-gaap-2014-01-31.xsd#us-gaap_ContractReceivableRetainageDueAfterRollingYearFive' xlink:label='loc_ContractReceivableRetainageDueAfterRollingYearFive' xlink:type='locator' />
<link:loc xlink:href='../elts/us-gaap-2014-01-31.xsd#us-gaap_ContractReceivableRetainageDueAfterNextRollingTwelveMonths' xlink:label='loc_ContractReceivableRetainageDueAfterNextRollingTwelveMonths' xlink:type='locator' />
<link:loc xlink:href='../elts/us-gaap-2014-01-31.xsd#us-gaap_ContractReceivableRetainageDueAfterOneYearAbstract' xlink:label='loc_ContractReceivableRetainageDueAfterOneYearAbstract' xlink:type='locator' />
<link:loc xlink:href='../elts/us-gaap-2014-01-31.xsd#us-gaap_ContractReceivableRetainageDueOneToTwoYears' xlink:label='loc_ContractReceivableRetainageDueOneToTwoYears' xlink:type='locator' />
<link:loc xlink:href='../elts/us-gaap-2014-01-31.xsd#us-gaap_ContractReceivableRetainageDueTwoToThreeYears' xlink:label='loc_ContractReceivableRetainageDueTwoToThreeYears' xlink:type='locator' />
<link:loc xlink:href='../elts/us-gaap-2014-01-31.xsd#us-gaap_ContractReceivableRetainageDueThreeToFourYears' xlink:label='loc_ContractReceivableRetainageDueThreeToFourYears' xlink:type='locator' />
<link:loc xlink:href='../elts/us-gaap-2014-01-31.xsd#us-gaap_ContractReceivableRetainageDueFourToFiveYears' xlink:label='loc_ContractReceivableRetainageDueFourToFiveYears' xlink:type='locator' />
<link:loc xlink:href='../elts/us-gaap-2014-01-31.xsd#us-gaap_ContractReceivableRetainageDueFiveYearsOrMore' xlink:label='loc_ContractReceivableRetainageDueFiveYearsOrMore' xlink:type='locator' />
<link:loc xlink:href='../elts/us-gaap-2014-01-31.xsd#us-gaap_ContractReceivableRetainageDueAfterOneYear' xlink:label='loc_ContractReceivableRetainageDueAfterOneYear' xlink:type='locator' />
<link:loc xlink:href='../elts/us-gaap-2014-01-31.xsd#us-gaap_ContractReceivableRetainageAbstract' xlink:label='loc_ContractReceivableRetainageAbstract' xlink:type='locator' />
<link:loc xlink:href='../elts/us-gaap-2014-01-31.xsd#us-gaap_ContractReceivableRetainageDueOneYearOrLess' xlink:label='loc_ContractReceivableRetainageDueOneYearOrLess' xlink:type='locator' />
<link:loc xlink:href='../elts/us-gaap-2014-01-31.xsd#us-gaap_ContractReceivableRetainage' xlink:label='loc_ContractReceivableRetainage' xlink:type='locator' />
<link:loc xlink:href='../elts/us-gaap-2014-01-31.xsd#us-gaap_ContractReceivableRetainageRollingMaturityAbstract' xlink:label='loc_ContractReceivableRetainageRollingMaturityAbstract' xlink:type='locator' />
<link:loc xlink:href='../elts/us-gaap-2014-01-31.xsd#us-gaap_ContractReceivableRetainageDueInNextRollingTwelveMonths' xlink:label='loc_ContractReceivableRetainageDueInNextRollingTwelveMonths' xlink:type='locator' />
<link:loc xlink:href='../elts/us-gaap-2014-01-31.xsd#us-gaap_ContractReceivableDueAfterNextRollingTwelveMonthsAbstract' xlink:label='loc_ContractReceivableDueAfterNextRollingTwelveMonthsAbstract' xlink:type='locator' />
<link:loc xlink:href='../elts/us-gaap-2014-01-31.xsd#us-gaap_ContractReceivableDueInRollingYearTwo' xlink:label='loc_ContractReceivableDueInRollingYearTwo' xlink:type='locator' />
<link:loc xlink:href='../elts/us-gaap-2014-01-31.xsd#us-gaap_ContractReceivableDueInRollingYearThree' xlink:label='loc_ContractReceivableDueInRollingYearThree' xlink:type='locator' />
<link:loc xlink:href='../elts/us-gaap-2014-01-31.xsd#us-gaap_ContractReceivableDueInRollingYearFour' xlink:label='loc_ContractReceivableDueInRollingYearFour' xlink:type='locator' />
<link:loc xlink:href='../elts/us-gaap-2014-01-31.xsd#us-gaap_ContractReceivableDueInRollingYearFive' xlink:label='loc_ContractReceivableDueInRollingYearFive' xlink:type='locator' />
<link:loc xlink:href='../elts/us-gaap-2014-01-31.xsd#us-gaap_ContractReceivableDueAfterRollingYearFive' xlink:label='loc_ContractReceivableDueAfterRollingYearFive' xlink:type='locator' />
<link:loc xlink:href='../elts/us-gaap-2014-01-31.xsd#us-gaap_ContractReceivableDueAfterNextRollingTwelveMonths' xlink:label='loc_ContractReceivableDueAfterNextRollingTwelveMonths' xlink:type='locator' />
<link:loc xlink:href='../elts/us-gaap-2014-01-31.xsd#us-gaap_ContractReceivableDueAfterOneYearAbstract' xlink:label='loc_ContractReceivableDueAfterOneYearAbstract' xlink:type='locator' />
<link:loc xlink:href='../elts/us-gaap-2014-01-31.xsd#us-gaap_ContractReceivableDueOneToTwoYears' xlink:label='loc_ContractReceivableDueOneToTwoYears' xlink:type='locator' />
<link:loc xlink:href='../elts/us-gaap-2014-01-31.xsd#us-gaap_ContractReceivableDueTwoToThreeYears' xlink:label='loc_ContractReceivableDueTwoToThreeYears' xlink:type='locator' />
<link:loc xlink:href='../elts/us-gaap-2014-01-31.xsd#us-gaap_ContractReceivableDueThreeToFourYears' xlink:label='loc_ContractReceivableDueThreeToFourYears' xlink:type='locator' />
<link:loc xlink:href='../elts/us-gaap-2014-01-31.xsd#us-gaap_ContractReceivableDueFourToFiveYears' xlink:label='loc_ContractReceivableDueFourToFiveYears' xlink:type='locator' />
<link:loc xlink:href='../elts/us-gaap-2014-01-31.xsd#us-gaap_ContractReceivableDueFiveYearsOrMore' xlink:label='loc_ContractReceivableDueFiveYearsOrMore' xlink:type='locator' />
<link:loc xlink:href='../elts/us-gaap-2014-01-31.xsd#us-gaap_ContractReceivableDueAfterOneYear' xlink:label='loc_ContractReceivableDueAfterOneYear' xlink:type='locator' />
<link:loc xlink:href='../elts/us-gaap-2014-01-31.xsd#us-gaap_ContractReceivableAbstract' xlink:label='loc_ContractReceivableAbstract' xlink:type='locator' />
<link:loc xlink:href='../elts/us-gaap-2014-01-31.xsd#us-gaap_ContractReceivableDueOneYearOrLess' xlink:label='loc_ContractReceivableDueOneYearOrLess' xlink:type='locator' />
<link:loc xlink:href='../elts/us-gaap-2014-01-31.xsd#us-gaap_AccountsReceivableBilledForLongTermContractsOrPrograms' xlink:label='loc_AccountsReceivableBilledForLongTermContractsOrPrograms' xlink:type='locator' />
<link:loc xlink:href='../elts/us-gaap-2014-01-31.xsd#us-gaap_ContractReceivableRollingMaturityAbstract' xlink:label='loc_ContractReceivableRollingMaturityAbstract' xlink:type='locator' />
<link:loc xlink:href='../elts/us-gaap-2014-01-31.xsd#us-gaap_ContractReceivableDueInNextRollingTwelveMonths' xlink:label='loc_ContractReceivableDueInNextRollingTwelveMonths' xlink:type='locator' />
<link:loc xlink:href='../elts/us-gaap-2014-01-31.xsd#us-gaap_ContractTerminationClaimsAndLoansAbstract' xlink:label='loc_ContractTerminationClaimsAndLoansAbstract' xlink:type='locator' />
<link:loc xlink:href='../elts/us-gaap-2014-01-31.xsd#us-gaap_ContractTerminationClaimsDescription' xlink:label='loc_ContractTerminationClaimsDescription' xlink:type='locator' />
<link:loc xlink:href='../elts/us-gaap-2014-01-31.xsd#us-gaap_ContractTerminationClaimsUSFederalGovernment' xlink:label='loc_ContractTerminationClaimsUSFederalGovernment' xlink:type='locator' />
<link:loc xlink:href='../elts/us-gaap-2014-01-31.xsd#us-gaap_ContractTerminationClaimsGovernmentsOtherThanUSFederalGovernment' xlink:label='loc_ContractTerminationClaimsGovernmentsOtherThanUSFederalGovernment' xlink:type='locator' />
<link:loc xlink:href='../elts/us-gaap-2014-01-31.xsd#us-gaap_TerminationLoansDescription' xlink:label='loc_TerminationLoansDescription' xlink:type='locator' />
<link:loc xlink:href='../elts/us-gaap-2014-01-31.xsd#us-gaap_TerminationLoans' xlink:label='loc_TerminationLoans' xlink:type='locator' />
<link:loc xlink:href='../elts/us-gaap-2014-01-31.xsd#us-gaap_ContractorsAbstract' xlink:label='loc_ContractorsAbstract' xlink:type='locator' />
<link:loc xlink:href='../elts/us-gaap-2014-01-31.xsd#us-gaap_LongTermContractsOrProgramsDisclosureTextBlock' xlink:label='loc_LongTermContractsOrProgramsDisclosureTextBlock' xlink:type='locator' />
<link:loc xlink:href='../elts/us-gaap-2014-01-31.xsd#us-gaap_CostsInExcessOfBillingsAndBillingsInExcessOfCostsTableTextBlock' xlink:label='loc_CostsInExcessOfBillingsAndBillingsInExcessOfCostsTableTextBlock' xlink:type='locator' />
<link:loc xlink:href='../elts/us-gaap-2014-01-31.xsd#us-gaap_ReceivablesLongTermContractsOrProgramsAbstract' xlink:label='loc_ReceivablesLongTermContractsOrProgramsAbstract' xlink:type='locator' />
<link:loc xlink:href='../elts/us-gaap-2014-01-31.xsd#us-gaap_UnbilledReceivablesNotBillableAtBalanceSheetDateAbstract' xlink:label='loc_UnbilledReceivablesNotBillableAtBalanceSheetDateAbstract' xlink:type='locator' />
<link:loc xlink:href='../elts/us-gaap-2014-01-31.xsd#us-gaap_UnbilledReceivablesNotBillableAmountExpectedToBeCollectedInRemainderOfFiscalYear' xlink:label='loc_UnbilledReceivablesNotBillableAmountExpectedToBeCollectedInRemainderOfFiscalYear' xlink:type='locator' />
<link:loc xlink:href='../elts/us-gaap-2014-01-31.xsd#us-gaap_UnbilledReceivablesNotBillableRollingMaturityAbstract' xlink:label='loc_UnbilledReceivablesNotBillableRollingMaturityAbstract' xlink:type='locator' />
<link:loc xlink:href='../elts/us-gaap-2014-01-31.xsd#us-gaap_UnbilledReceivablesNotBillableAtBalanceSheetDateDescriptionOfPrerequisitesForBillings' xlink:label='loc_UnbilledReceivablesNotBillableAtBalanceSheetDateDescriptionOfPrerequisitesForBillings' xlink:type='locator' />
<link:loc xlink:href='../elts/us-gaap-2014-01-31.xsd#us-gaap_LossOnContractTermination' xlink:label='loc_LossOnContractTermination' xlink:type='locator' />
<link:loc xlink:href='../elts/us-gaap-2014-01-31.xsd#us-gaap_LossOnContractTerminationForDefault' xlink:label='loc_LossOnContractTerminationForDefault' xlink:type='locator' />
<link:loc xlink:href='../elts/us-gaap-2014-01-31.xsd#us-gaap_GovernmentalContractsSubjectToRenegotiationAbstract' xlink:label='loc_GovernmentalContractsSubjectToRenegotiationAbstract' xlink:type='locator' />
<link:loc xlink:href='../elts/us-gaap-2014-01-31.xsd#us-gaap_GovernmentContractorsSubcontractAndSpecialEquipmentCostNatureOfTransaction' xlink:label='loc_GovernmentContractorsSubcontractAndSpecialEquipmentCostNatureOfTransaction' xlink:type='locator' />
<link:loc xlink:href='../elts/us-gaap-2014-01-31.xsd#us-gaap_GovernmentInvestigationIntoIllegalOrUnethicalActivityInGovernmentContracts' xlink:label='loc_GovernmentInvestigationIntoIllegalOrUnethicalActivityInGovernmentContracts' xlink:type='locator' />
<link:loc xlink:href='../elts/us-gaap-2014-01-31.xsd#us-gaap_GovernmentContractReceivable' xlink:label='loc_GovernmentContractReceivable' xlink:type='locator' />
<link:loc xlink:href='../elts/us-gaap-2014-01-31.xsd#us-gaap_GovernmentContractReceivableUnbilledAmounts' xlink:label='loc_GovernmentContractReceivableUnbilledAmounts' xlink:type='locator' />
<link:loc xlink:href='../elts/us-gaap-2014-01-31.xsd#us-gaap_InventoryForLongTermContractsOrProgramsAbstract' xlink:label='loc_InventoryForLongTermContractsOrProgramsAbstract' xlink:type='locator' />
<link:loc xlink:href='../elts/us-gaap-2014-01-31.xsd#us-gaap_LiabilitiesForLongTermContractsOrProgramsAbstract' xlink:label='loc_LiabilitiesForLongTermContractsOrProgramsAbstract' xlink:type='locator' />
<link:loc xlink:href='../elts/us-gaap-2014-01-31.xsd#us-gaap_PreproductionCostsRelatedToLongTermSupplyArrangementsAbstract' xlink:label='loc_PreproductionCostsRelatedToLongTermSupplyArrangementsAbstract' xlink:type='locator' />
<link:loc xlink:href='../elts/us-gaap-2014-01-31.xsd#us-gaap_PrerequisitesForBillingLongTermContracts' xlink:label='loc_PrerequisitesForBillingLongTermContracts' xlink:type='locator' />
<link:loc xlink:href='../elts/us-gaap-2014-01-31.xsd#us-gaap_GovernmentContractReceivableProgessPaymentsOffset' xlink:label='loc_GovernmentContractReceivableProgessPaymentsOffset' xlink:type='locator' />
<link:loc xlink:href='../elts/us-gaap-2014-01-31.xsd#us-gaap_AdvancePaymentsNettedAgainstClaimReceivable' xlink:label='loc_AdvancePaymentsNettedAgainstClaimReceivable' xlink:type='locator' />
<link:loc xlink:href='../elts/us-gaap-2014-01-31.xsd#us-gaap_ContractsReceivableClaimsAndUncertainAmountsExpectedToBeCollectedWithinOneYear' xlink:label='loc_ContractsReceivableClaimsAndUncertainAmountsExpectedToBeCollectedWithinOneYear' xlink:type='locator' />
<link:loc xlink:href='../elts/us-gaap-2014-01-31.xsd#us-gaap_ContractsReceivableClaimsAndUncertainAmountsExpectedToBeCollectedAfterOneYear' xlink:label='loc_ContractsReceivableClaimsAndUncertainAmountsExpectedToBeCollectedAfterOneYear' xlink:type='locator' />
<link:loc xlink:href='../elts/us-gaap-2014-01-31.xsd#us-gaap_ContractsReceivableClaimsAndUncertainAmounts' xlink:label='loc_ContractsReceivableClaimsAndUncertainAmounts' xlink:type='locator' />
<link:loc xlink:href='../elts/us-gaap-2014-01-31.xsd#us-gaap_ContractsReceivableClaimsAndUncertainAmountsExpectedToBeCollectedInNextRollingTwelveMonths' xlink:label='loc_ContractsReceivableClaimsAndUncertainAmountsExpectedToBeCollectedInNextRollingTwelveMonths' xlink:type='locator' />
<link:loc xlink:href='../elts/us-gaap-2014-01-31.xsd#us-gaap_ContractsReceivableClaimsAndUncertainAmountsExpectedToBeCollectedAfterNextRollingTwelveMonths' xlink:label='loc_ContractsReceivableClaimsAndUncertainAmountsExpectedToBeCollectedAfterNextRollingTwelveMonths' xlink:type='locator' />
<link:loc xlink:href='../elts/us-gaap-2014-01-31.xsd#us-gaap_CostsInExcessOfBillingsOnUncompletedContractsOrProgramsAbstract' xlink:label='loc_CostsInExcessOfBillingsOnUncompletedContractsOrProgramsAbstract' xlink:type='locator' />
<link:loc xlink:href='../elts/us-gaap-2014-01-31.xsd#us-gaap_CostsInExcessOfBillingsOnUncompletedContractsOrProgramsExpectedToBeCollectedWithinOneYear' xlink:label='loc_CostsInExcessOfBillingsOnUncompletedContractsOrProgramsExpectedToBeCollectedWithinOneYear' xlink:type='locator' />
<link:loc xlink:href='../elts/us-gaap-2014-01-31.xsd#us-gaap_CostsInExcessOfBillingsOnUncompletedContractsOrProgramsExpectedToBeCollectedAfterOneYear' xlink:label='loc_CostsInExcessOfBillingsOnUncompletedContractsOrProgramsExpectedToBeCollectedAfterOneYear' xlink:type='locator' />
<link:loc xlink:href='../elts/us-gaap-2014-01-31.xsd#us-gaap_CostsInExcessOfBillingsOnUncompletedContractsOrPrograms' xlink:label='loc_CostsInExcessOfBillingsOnUncompletedContractsOrPrograms' xlink:type='locator' />
<link:loc xlink:href='../elts/us-gaap-2014-01-31.xsd#us-gaap_GovernmentalContractsSubjectToRenegotiation' xlink:label='loc_GovernmentalContractsSubjectToRenegotiation' xlink:type='locator' />
<link:loc xlink:href='../elts/us-gaap-2014-01-31.xsd#us-gaap_RefundsDueUnderGovernmentContracts' xlink:label='loc_RefundsDueUnderGovernmentContracts' xlink:type='locator' />
<link:loc xlink:href='../elts/us-gaap-2014-01-31.xsd#us-gaap_RefundsDueUnderGovernmentContractsNotReasonablyEstimable' xlink:label='loc_RefundsDueUnderGovernmentContractsNotReasonablyEstimable' xlink:type='locator' />
<link:loc xlink:href='../elts/us-gaap-2014-01-31.xsd#us-gaap_BasisOfProvisionForRefundsUnderGovernmentContracts' xlink:label='loc_BasisOfProvisionForRefundsUnderGovernmentContracts' xlink:type='locator' />
<link:loc xlink:href='../elts/us-gaap-2014-01-31.xsd#us-gaap_InventoryForLongTermContractsOrProgramsDescription' xlink:label='loc_InventoryForLongTermContractsOrProgramsDescription' xlink:type='locator' />
<link:loc xlink:href='../elts/us-gaap-2014-01-31.xsd#us-gaap_InventoryForLongTermContractsOrPrograms' xlink:label='loc_InventoryForLongTermContractsOrPrograms' xlink:type='locator' />
<link:loc xlink:href='../elts/us-gaap-2014-01-31.xsd#us-gaap_PrincipalAssumptionsWhereAverageCostPerUnitIsUsed' xlink:label='loc_PrincipalAssumptionsWhereAverageCostPerUnitIsUsed' xlink:type='locator' />
<link:loc xlink:href='../elts/us-gaap-2014-01-31.xsd#us-gaap_InventoryForLongTermContractsOrProgramsGeneralAndAdministrativeCostsIncludedInInventory' xlink:label='loc_InventoryForLongTermContractsOrProgramsGeneralAndAdministrativeCostsIncludedInInventory' xlink:type='locator' />
<link:loc xlink:href='../elts/us-gaap-2014-01-31.xsd#us-gaap_InventoryForLongTermContractsOrProgramsGeneralAndAdministrativeExpenseIncurred' xlink:label='loc_InventoryForLongTermContractsOrProgramsGeneralAndAdministrativeExpenseIncurred' xlink:type='locator' />
<link:loc xlink:href='../elts/us-gaap-2014-01-31.xsd#us-gaap_InventoryAmountUnpricedChangeOrdersForLongTermContractsOrPrograms' xlink:label='loc_InventoryAmountUnpricedChangeOrdersForLongTermContractsOrPrograms' xlink:type='locator' />
<link:loc xlink:href='../elts/us-gaap-2014-01-31.xsd#us-gaap_InventoryDescriptionUnpricedChangeOrdersForLongTermContractsOrProgram' xlink:label='loc_InventoryDescriptionUnpricedChangeOrdersForLongTermContractsOrProgram' xlink:type='locator' />
<link:loc xlink:href='../elts/us-gaap-2014-01-31.xsd#us-gaap_ProgressPaymentsNettedAgainstInventoryForLongTermContractsOrPrograms' xlink:label='loc_ProgressPaymentsNettedAgainstInventoryForLongTermContractsOrPrograms' xlink:type='locator' />
<link:loc xlink:href='../elts/us-gaap-2014-01-31.xsd#us-gaap_UnrecoveredProductionCostsExcessOfEstimatedAverageUnitCost' xlink:label='loc_UnrecoveredProductionCostsExcessOfEstimatedAverageUnitCost' xlink:type='locator' />
<link:loc xlink:href='../elts/us-gaap-2014-01-31.xsd#us-gaap_UnrecoveredProductionCostsExcessUnrecoverableUnderExistingFirmOrders' xlink:label='loc_UnrecoveredProductionCostsExcessUnrecoverableUnderExistingFirmOrders' xlink:type='locator' />
<link:loc xlink:href='../elts/us-gaap-2014-01-31.xsd#us-gaap_DescriptionOfDeferredCostsRelatedToLongTermContracts' xlink:label='loc_DescriptionOfDeferredCostsRelatedToLongTermContracts' xlink:type='locator' />
<link:loc xlink:href='../elts/us-gaap-2014-01-31.xsd#us-gaap_AmountOfDeferredCostsRelatedToLongTermContracts' xlink:label='loc_AmountOfDeferredCostsRelatedToLongTermContracts' xlink:type='locator' />
<link:loc xlink:href='../elts/us-gaap-2014-01-31.xsd#us-gaap_ProvisionForLossOnContracts' xlink:label='loc_ProvisionForLossOnContracts' xlink:type='locator' />
<link:loc xlink:href='../elts/us-gaap-2014-01-31.xsd#us-gaap_AdvancesReceivedOnGovernmentContractsNotNettedAgainstAccountsReceivable' xlink:label='loc_AdvancesReceivedOnGovernmentContractsNotNettedAgainstAccountsReceivable' xlink:type='locator' />
<link:loc xlink:href='../elts/us-gaap-2014-01-31.xsd#us-gaap_RetentionPayableAbstract' xlink:label='loc_RetentionPayableAbstract' xlink:type='locator' />
<link:loc xlink:href='../elts/us-gaap-2014-01-31.xsd#us-gaap_RetentionPayableDueInRemainderOfFiscalYear' xlink:label='loc_RetentionPayableDueInRemainderOfFiscalYear' xlink:type='locator' />
<link:loc xlink:href='../elts/us-gaap-2014-01-31.xsd#us-gaap_RetentionPayableRollingMaturityAbstract' xlink:label='loc_RetentionPayableRollingMaturityAbstract' xlink:type='locator' />
<link:loc xlink:href='../elts/us-gaap-2014-01-31.xsd#us-gaap_PreproductionCostsRelatedToLongTermSupplyArrangementsDisclosures' xlink:label='loc_PreproductionCostsRelatedToLongTermSupplyArrangementsDisclosures' xlink:type='locator' />
<link:loc xlink:href='../elts/us-gaap-2014-01-31.xsd#us-gaap_PreproductionCostsRelatedToLongTermSupplyArrangementsCostsCapitalized' xlink:label='loc_PreproductionCostsRelatedToLongTermSupplyArrangementsCostsCapitalized' xlink:type='locator' />
<link:loc xlink:href='../elts/us-gaap-2014-01-31.xsd#us-gaap_PreproductionCostsRelatedToLongTermSupplyArrangementsAssetForMoldsDiesAndToolsOwned' xlink:label='loc_PreproductionCostsRelatedToLongTermSupplyArrangementsAssetForMoldsDiesAndToolsOwned' xlink:type='locator' />
<link:loc xlink:href='../elts/us-gaap-2014-01-31.xsd#us-gaap_PreproductionCostsRelatedToLongTermSupplyArrangementsAssetForMoldsDiesAndToolsNotOwned' xlink:label='loc_PreproductionCostsRelatedToLongTermSupplyArrangementsAssetForMoldsDiesAndToolsNotOwned' xlink:type='locator' />
<link:loc xlink:href='../elts/us-gaap-2014-01-31.xsd#us-gaap_CustomerAdvancesAndProgressPaymentsForLongTermContractsOrPrograms' xlink:label='loc_CustomerAdvancesAndProgressPaymentsForLongTermContractsOrPrograms' xlink:type='locator' />
<link:loc xlink:href='../elts/us-gaap-2014-01-31.xsd#us-gaap_ContractReceivableRetainageDueInRemainderOfFiscalYear' xlink:label='loc_ContractReceivableRetainageDueInRemainderOfFiscalYear' xlink:type='locator' />
<link:loc xlink:href='../elts/us-gaap-2014-01-31.xsd#us-gaap_ContractReceivableRetainageDescription' xlink:label='loc_ContractReceivableRetainageDescription' xlink:type='locator' />
<link:loc xlink:href='../elts/us-gaap-2014-01-31.xsd#us-gaap_ReceivablesLongTermContractsOrPrograms' xlink:label='loc_ReceivablesLongTermContractsOrPrograms' xlink:type='locator' />
<link:loc xlink:href='../elts/us-gaap-2014-01-31.xsd#us-gaap_ContractReceivableDueInRemainderOfFiscalYear' xlink:label='loc_ContractReceivableDueInRemainderOfFiscalYear' xlink:type='locator' />
<link:loc xlink:href='../elts/us-gaap-2014-01-31.xsd#us-gaap_ContractReceivableDueAfterOneYearLowestInterestRate' xlink:label='loc_ContractReceivableDueAfterOneYearLowestInterestRate' xlink:type='locator' />
<link:loc xlink:href='../elts/us-gaap-2014-01-31.xsd#us-gaap_ContractReceivableDueAfterOneYearHighestInterestRate' xlink:label='loc_ContractReceivableDueAfterOneYearHighestInterestRate' xlink:type='locator' />
<link:loc xlink:href='../elts/us-gaap-2014-01-31.xsd#us-gaap_ContractReceivableDueAfterOneYearWeightedAverageInterestRate' xlink:label='loc_ContractReceivableDueAfterOneYearWeightedAverageInterestRate' xlink:type='locator' />
<link:loc xlink:href='../elts/us-gaap-2014-01-31.xsd#us-gaap_RetentionPayableDueAfterNextRollingTwelveMonthsAbstract' xlink:label='loc_RetentionPayableDueAfterNextRollingTwelveMonthsAbstract' xlink:type='locator' />
<link:loc xlink:href='../elts/us-gaap-2014-01-31.xsd#us-gaap_RetentionPayableDueInRollingYearTwo' xlink:label='loc_RetentionPayableDueInRollingYearTwo' xlink:type='locator' />
<link:loc xlink:href='../elts/us-gaap-2014-01-31.xsd#us-gaap_RetentionPayableDueInRollingYearThree' xlink:label='loc_RetentionPayableDueInRollingYearThree' xlink:type='locator' />
<link:loc xlink:href='../elts/us-gaap-2014-01-31.xsd#us-gaap_RetentionPayableDueInRollingYearFour' xlink:label='loc_RetentionPayableDueInRollingYearFour' xlink:type='locator' />
<link:loc xlink:href='../elts/us-gaap-2014-01-31.xsd#us-gaap_RetentionPayableDueInRollingYearFive' xlink:label='loc_RetentionPayableDueInRollingYearFive' xlink:type='locator' />
<link:loc xlink:href='../elts/us-gaap-2014-01-31.xsd#us-gaap_RetentionPayableDueAfterRollingYearFive' xlink:label='loc_RetentionPayableDueAfterRollingYearFive' xlink:type='locator' />
<link:loc xlink:href='../elts/us-gaap-2014-01-31.xsd#us-gaap_RetentionPayableDueAfterNextRollingTwelveMonths' xlink:label='loc_RetentionPayableDueAfterNextRollingTwelveMonths' xlink:type='locator' />
<link:loc xlink:href='../elts/us-gaap-2014-01-31.xsd#us-gaap_RetentionPayableDueAfterOneYearAbstract' xlink:label='loc_RetentionPayableDueAfterOneYearAbstract' xlink:type='locator' />
<link:loc xlink:href='../elts/us-gaap-2014-01-31.xsd#us-gaap_RetentionPayableDueOneToTwoYears' xlink:label='loc_RetentionPayableDueOneToTwoYears' xlink:type='locator' />
<link:loc xlink:href='../elts/us-gaap-2014-01-31.xsd#us-gaap_RetentionPayableDueTwoToThreeYears' xlink:label='loc_RetentionPayableDueTwoToThreeYears' xlink:type='locator' />
<link:loc xlink:href='../elts/us-gaap-2014-01-31.xsd#us-gaap_RetentionPayableDueThreeToFourYears' xlink:label='loc_RetentionPayableDueThreeToFourYears' xlink:type='locator' />
<link:loc xlink:href='../elts/us-gaap-2014-01-31.xsd#us-gaap_RetentionPayableDueFourToFiveYears' xlink:label='loc_RetentionPayableDueFourToFiveYears' xlink:type='locator' />
<link:loc xlink:href='../elts/us-gaap-2014-01-31.xsd#us-gaap_RetentionPayableDueFiveYearsOrMore' xlink:label='loc_RetentionPayableDueFiveYearsOrMore' xlink:type='locator' />
<link:loc xlink:href='../elts/us-gaap-2014-01-31.xsd#us-gaap_RetentionPayableDueAfterOneYear' xlink:label='loc_RetentionPayableDueAfterOneYear' xlink:type='locator' />
<link:loc xlink:href='../elts/us-gaap-2014-01-31.xsd#us-gaap_RetentionPayableDueOneYearOrLess' xlink:label='loc_RetentionPayableDueOneYearOrLess' xlink:type='locator' />
<link:loc xlink:href='../elts/us-gaap-2014-01-31.xsd#us-gaap_RetentionPayable' xlink:label='loc_RetentionPayable' xlink:type='locator' />
<link:loc xlink:href='../elts/us-gaap-2014-01-31.xsd#us-gaap_RetentionPayableDueInNextRollingTwelveMonths' xlink:label='loc_RetentionPayableDueInNextRollingTwelveMonths' xlink:type='locator' />
<link:loc xlink:href='../elts/us-gaap-2014-01-31.xsd#us-gaap_UnbilledChangeOrdersAmountExpectedToBeCollectedWithinOneYear' xlink:label='loc_UnbilledChangeOrdersAmountExpectedToBeCollectedWithinOneYear' xlink:type='locator' />
<link:loc xlink:href='../elts/us-gaap-2014-01-31.xsd#us-gaap_UnbilledChangeOrdersAmountExpectedToBeCollectedAfterOneYear' xlink:label='loc_UnbilledChangeOrdersAmountExpectedToBeCollectedAfterOneYear' xlink:type='locator' />
<link:loc xlink:href='../elts/us-gaap-2014-01-31.xsd#us-gaap_UnbilledChangeOrders' xlink:label='loc_UnbilledChangeOrders' xlink:type='locator' />
<link:loc xlink:href='../elts/us-gaap-2014-01-31.xsd#us-gaap_UnbilledReceivablesNotBillableAtBalanceSheetDateAmountExpectedToBeCollectedWithinOneYear' xlink:label='loc_UnbilledReceivablesNotBillableAtBalanceSheetDateAmountExpectedToBeCollectedWithinOneYear' xlink:type='locator' />
<link:loc xlink:href='../elts/us-gaap-2014-01-31.xsd#us-gaap_UnbilledReceivablesNotBillableAtBalanceSheetDateAmountExpectedToBeCollectedAfterOneYear' xlink:label='loc_UnbilledReceivablesNotBillableAtBalanceSheetDateAmountExpectedToBeCollectedAfterOneYear' xlink:type='locator' />
<link:loc xlink:href='../elts/us-gaap-2014-01-31.xsd#us-gaap_UnbilledReceivablesNotBillableAtBalanceSheetDate' xlink:label='loc_UnbilledReceivablesNotBillableAtBalanceSheetDate' xlink:type='locator' />
<link:loc xlink:href='../elts/us-gaap-2014-01-31.xsd#us-gaap_UnbilledReceivablesNotBillableAmountExpectedToBeCollectedInNextRollingTwelveMonths' xlink:label='loc_UnbilledReceivablesNotBillableAmountExpectedToBeCollectedInNextRollingTwelveMonths' xlink:type='locator' />
<link:loc xlink:href='../elts/us-gaap-2014-01-31.xsd#us-gaap_UnbilledReceivablesNotBillableAmountExpectedToBeCollectedAfterNextRollingTwelveMonths' xlink:label='loc_UnbilledReceivablesNotBillableAmountExpectedToBeCollectedAfterNextRollingTwelveMonths' xlink:type='locator' />
<link:presentationArc order='10' xlink:arcrole='http://www.xbrl.org/2003/arcrole/parent-child' xlink:from='loc_AccountsReceivableUnapprovedContractClaimsAmountAbstract' xlink:to='loc_AccountsReceivableUnapprovedContractClaimsAmountExpectedToBeCollectedAfterOneYear' xlink:type='arc' />
<link:presentationArc order='20' xlink:arcrole='http://www.xbrl.org/2003/arcrole/parent-child' xlink:from='loc_AccountsReceivableUnapprovedContractClaimsAmountAbstract' xlink:to='loc_AccountsReceivableUnapprovedContractClaimsAmountExpectedToBeCollectedWithinOneYear' xlink:type='arc' />
<link:presentationArc order='30' preferredLabel='http://www.xbrl.org/2003/role/totalLabel' xlink:arcrole='http://www.xbrl.org/2003/arcrole/parent-child' xlink:from='loc_AccountsReceivableUnapprovedContractClaimsAmountAbstract' xlink:to='loc_AccountsReceivableUnapprovedContractClaims' xlink:type='arc' />
<link:presentationArc order='10' use='optional' xlink:arcrole='http://www.xbrl.org/2003/arcrole/parent-child' xlink:from='loc_BilledAndUnbilledContractClaimsSubjectToUncertaintyAbstract' xlink:to='loc_ContractClaimsDescription' xlink:type='arc' />
<link:presentationArc order='20' xlink:arcrole='http://www.xbrl.org/2003/arcrole/parent-child' xlink:from='loc_BilledAndUnbilledContractClaimsSubjectToUncertaintyAbstract' xlink:to='loc_UnapprovedChangeOrdersDescription' xlink:type='arc' />
<link:presentationArc order='30' xlink:arcrole='http://www.xbrl.org/2003/arcrole/parent-child' xlink:from='loc_BilledAndUnbilledContractClaimsSubjectToUncertaintyAbstract' xlink:to='loc_UnapprovedChangeOrdersAmount' xlink:type='arc' />
<link:presentationArc order='40' xlink:arcrole='http://www.xbrl.org/2003/arcrole/parent-child' xlink:from='loc_BilledAndUnbilledContractClaimsSubjectToUncertaintyAbstract' xlink:to='loc_CommitmentsToCompleteContractsInProcess' xlink:type='arc' />
<link:presentationArc order='50' xlink:arcrole='http://www.xbrl.org/2003/arcrole/parent-child' xlink:from='loc_BilledAndUnbilledContractClaimsSubjectToUncertaintyAbstract' xlink:to='loc_ContractsReceivableClaimsAndUncertainAmountsAbstract' xlink:type='arc' />
<link:presentationArc order='60' xlink:arcrole='http://www.xbrl.org/2003/arcrole/parent-child' xlink:from='loc_BilledAndUnbilledContractClaimsSubjectToUncertaintyAbstract' xlink:to='loc_ContractsReceivableClaimsAndUncertainAmountsExpectedToBeCollectedInRemainderOfFiscalYear' xlink:type='arc' />
<link:presentationArc order='70' xlink:arcrole='http://www.xbrl.org/2003/arcrole/parent-child' xlink:from='loc_BilledAndUnbilledContractClaimsSubjectToUncertaintyAbstract' xlink:to='loc_ContractsReceivableClaimsAndUncertainAmountsRollingMaturityAbstract' xlink:type='arc' />
<link:presentationArc order='80' xlink:arcrole='http://www.xbrl.org/2003/arcrole/parent-child' xlink:from='loc_BilledAndUnbilledContractClaimsSubjectToUncertaintyAbstract' xlink:to='loc_AccountsReceivableUnapprovedContractClaimsAmountAbstract' xlink:type='arc' />
<link:presentationArc order='90' xlink:arcrole='http://www.xbrl.org/2003/arcrole/parent-child' xlink:from='loc_BilledAndUnbilledContractClaimsSubjectToUncertaintyAbstract' xlink:to='loc_UnbilledChangeOrdersAbstract' xlink:type='arc' />
<link:presentationArc order='10' xlink:arcrole='http://www.xbrl.org/2003/arcrole/parent-child' xlink:from='loc_BillingsInExcessOfCostAbstract' xlink:to='loc_BillingsInExcessOfCostCurrent' xlink:type='arc' />
<link:presentationArc order='20' xlink:arcrole='http://www.xbrl.org/2003/arcrole/parent-child' xlink:from='loc_BillingsInExcessOfCostAbstract' xlink:to='loc_BillingsInExcessOfCostNoncurrent' xlink:type='arc' />
<link:presentationArc order='30' preferredLabel='http://www.xbrl.org/2003/role/totalLabel' xlink:arcrole='http://www.xbrl.org/2003/arcrole/parent-child' xlink:from='loc_BillingsInExcessOfCostAbstract' xlink:to='loc_BillingsInExcessOfCost' xlink:type='arc' />
<link:presentationArc order='10' xlink:arcrole='http://www.xbrl.org/2003/arcrole/parent-child' xlink:from='loc_ContractReceivableRetainageDueAfterNextRollingTwelveMonthsAbstract' xlink:to='loc_ContractReceivableRetainageDueInRollingYearTwo' xlink:type='arc' />
<link:presentationArc order='20' xlink:arcrole='http://www.xbrl.org/2003/arcrole/parent-child' xlink:from='loc_ContractReceivableRetainageDueAfterNextRollingTwelveMonthsAbstract' xlink:to='loc_ContractReceivableRetainageDueInRollingYearThree' xlink:type='arc' />
<link:presentationArc order='30' xlink:arcrole='http://www.xbrl.org/2003/arcrole/parent-child' xlink:from='loc_ContractReceivableRetainageDueAfterNextRollingTwelveMonthsAbstract' xlink:to='loc_ContractReceivableRetainageDueInRollingYearFour' xlink:type='arc' />
<link:presentationArc order='40' xlink:arcrole='http://www.xbrl.org/2003/arcrole/parent-child' xlink:from='loc_ContractReceivableRetainageDueAfterNextRollingTwelveMonthsAbstract' xlink:to='loc_ContractReceivableRetainageDueInRollingYearFive' xlink:type='arc' />
<link:presentationArc order='50' xlink:arcrole='http://www.xbrl.org/2003/arcrole/parent-child' xlink:from='loc_ContractReceivableRetainageDueAfterNextRollingTwelveMonthsAbstract' xlink:to='loc_ContractReceivableRetainageDueAfterRollingYearFive' xlink:type='arc' />
<link:presentationArc order='60' preferredLabel='http://www.xbrl.org/2003/role/totalLabel' xlink:arcrole='http://www.xbrl.org/2003/arcrole/parent-child' xlink:from='loc_ContractReceivableRetainageDueAfterNextRollingTwelveMonthsAbstract' xlink:to='loc_ContractReceivableRetainageDueAfterNextRollingTwelveMonths' xlink:type='arc' />
<link:presentationArc order='10' xlink:arcrole='http://www.xbrl.org/2003/arcrole/parent-child' xlink:from='loc_ContractReceivableRetainageDueAfterOneYearAbstract' xlink:to='loc_ContractReceivableRetainageDueOneToTwoYears' xlink:type='arc' />
<link:presentationArc order='20' xlink:arcrole='http://www.xbrl.org/2003/arcrole/parent-child' xlink:from='loc_ContractReceivableRetainageDueAfterOneYearAbstract' xlink:to='loc_ContractReceivableRetainageDueTwoToThreeYears' xlink:type='arc' />
<link:presentationArc order='30' xlink:arcrole='http://www.xbrl.org/2003/arcrole/parent-child' xlink:from='loc_ContractReceivableRetainageDueAfterOneYearAbstract' xlink:to='loc_ContractReceivableRetainageDueThreeToFourYears' xlink:type='arc' />
<link:presentationArc order='40' xlink:arcrole='http://www.xbrl.org/2003/arcrole/parent-child' xlink:from='loc_ContractReceivableRetainageDueAfterOneYearAbstract' xlink:to='loc_ContractReceivableRetainageDueFourToFiveYears' xlink:type='arc' />
<link:presentationArc order='50' xlink:arcrole='http://www.xbrl.org/2003/arcrole/parent-child' xlink:from='loc_ContractReceivableRetainageDueAfterOneYearAbstract' xlink:to='loc_ContractReceivableRetainageDueFiveYearsOrMore' xlink:type='arc' />
<link:presentationArc order='60' preferredLabel='http://www.xbrl.org/2003/role/totalLabel' xlink:arcrole='http://www.xbrl.org/2003/arcrole/parent-child' xlink:from='loc_ContractReceivableRetainageDueAfterOneYearAbstract' xlink:to='loc_ContractReceivableRetainageDueAfterOneYear' xlink:type='arc' />
<link:presentationArc order='10' xlink:arcrole='http://www.xbrl.org/2003/arcrole/parent-child' xlink:from='loc_ContractReceivableRetainageAbstract' xlink:to='loc_ContractReceivableRetainageDueOneYearOrLess' xlink:type='arc' />
<link:presentationArc order='20' xlink:arcrole='http://www.xbrl.org/2003/arcrole/parent-child' xlink:from='loc_ContractReceivableRetainageAbstract' xlink:to='loc_ContractReceivableRetainageDueAfterOneYearAbstract' xlink:type='arc' />
<link:presentationArc order='30' preferredLabel='http://www.xbrl.org/2003/role/totalLabel' xlink:arcrole='http://www.xbrl.org/2003/arcrole/parent-child' xlink:from='loc_ContractReceivableRetainageAbstract' xlink:to='loc_ContractReceivableRetainage' xlink:type='arc' />
<link:presentationArc order='10' xlink:arcrole='http://www.xbrl.org/2003/arcrole/parent-child' xlink:from='loc_ContractReceivableRetainageRollingMaturityAbstract' xlink:to='loc_ContractReceivableRetainageDueInNextRollingTwelveMonths' xlink:type='arc' />
<link:presentationArc order='20' xlink:arcrole='http://www.xbrl.org/2003/arcrole/parent-child' xlink:from='loc_ContractReceivableRetainageRollingMaturityAbstract' xlink:to='loc_ContractReceivableRetainageDueAfterNextRollingTwelveMonthsAbstract' xlink:type='arc' />
<link:presentationArc order='30' preferredLabel='http://www.xbrl.org/2003/role/totalLabel' xlink:arcrole='http://www.xbrl.org/2003/arcrole/parent-child' xlink:from='loc_ContractReceivableRetainageRollingMaturityAbstract' xlink:to='loc_ContractReceivableRetainage' xlink:type='arc' />
<link:presentationArc order='10' xlink:arcrole='http://www.xbrl.org/2003/arcrole/parent-child' xlink:from='loc_ContractReceivableDueAfterNextRollingTwelveMonthsAbstract' xlink:to='loc_ContractReceivableDueInRollingYearTwo' xlink:type='arc' />
<link:presentationArc order='20' xlink:arcrole='http://www.xbrl.org/2003/arcrole/parent-child' xlink:from='loc_ContractReceivableDueAfterNextRollingTwelveMonthsAbstract' xlink:to='loc_ContractReceivableDueInRollingYearThree' xlink:type='arc' />
<link:presentationArc order='30' xlink:arcrole='http://www.xbrl.org/2003/arcrole/parent-child' xlink:from='loc_ContractReceivableDueAfterNextRollingTwelveMonthsAbstract' xlink:to='loc_ContractReceivableDueInRollingYearFour' xlink:type='arc' />
<link:presentationArc order='40' xlink:arcrole='http://www.xbrl.org/2003/arcrole/parent-child' xlink:from='loc_ContractReceivableDueAfterNextRollingTwelveMonthsAbstract' xlink:to='loc_ContractReceivableDueInRollingYearFive' xlink:type='arc' />
<link:presentationArc order='50' xlink:arcrole='http://www.xbrl.org/2003/arcrole/parent-child' xlink:from='loc_ContractReceivableDueAfterNextRollingTwelveMonthsAbstract' xlink:to='loc_ContractReceivableDueAfterRollingYearFive' xlink:type='arc' />
<link:presentationArc order='60' preferredLabel='http://www.xbrl.org/2003/role/totalLabel' xlink:arcrole='http://www.xbrl.org/2003/arcrole/parent-child' xlink:from='loc_ContractReceivableDueAfterNextRollingTwelveMonthsAbstract' xlink:to='loc_ContractReceivableDueAfterNextRollingTwelveMonths' xlink:type='arc' />
<link:presentationArc order='10' xlink:arcrole='http://www.xbrl.org/2003/arcrole/parent-child' xlink:from='loc_ContractReceivableDueAfterOneYearAbstract' xlink:to='loc_ContractReceivableDueOneToTwoYears' xlink:type='arc' />
<link:presentationArc order='20' xlink:arcrole='http://www.xbrl.org/2003/arcrole/parent-child' xlink:from='loc_ContractReceivableDueAfterOneYearAbstract' xlink:to='loc_ContractReceivableDueTwoToThreeYears' xlink:type='arc' />
<link:presentationArc order='30' xlink:arcrole='http://www.xbrl.org/2003/arcrole/parent-child' xlink:from='loc_ContractReceivableDueAfterOneYearAbstract' xlink:to='loc_ContractReceivableDueThreeToFourYears' xlink:type='arc' />
<link:presentationArc order='40' xlink:arcrole='http://www.xbrl.org/2003/arcrole/parent-child' xlink:from='loc_ContractReceivableDueAfterOneYearAbstract' xlink:to='loc_ContractReceivableDueFourToFiveYears' xlink:type='arc' />
<link:presentationArc order='50' xlink:arcrole='http://www.xbrl.org/2003/arcrole/parent-child' xlink:from='loc_ContractReceivableDueAfterOneYearAbstract' xlink:to='loc_ContractReceivableDueFiveYearsOrMore' xlink:type='arc' />
<link:presentationArc order='60' preferredLabel='http://www.xbrl.org/2003/role/totalLabel' xlink:arcrole='http://www.xbrl.org/2003/arcrole/parent-child' xlink:from='loc_ContractReceivableDueAfterOneYearAbstract' xlink:to='loc_ContractReceivableDueAfterOneYear' xlink:type='arc' />
<link:presentationArc order='10' xlink:arcrole='http://www.xbrl.org/2003/arcrole/parent-child' xlink:from='loc_ContractReceivableAbstract' xlink:to='loc_ContractReceivableDueOneYearOrLess' xlink:type='arc' />
<link:presentationArc order='20' xlink:arcrole='http://www.xbrl.org/2003/arcrole/parent-child' xlink:from='loc_ContractReceivableAbstract' xlink:to='loc_ContractReceivableDueAfterOneYearAbstract' xlink:type='arc' />
<link:presentationArc order='30' preferredLabel='http://www.xbrl.org/2003/role/totalLabel' xlink:arcrole='http://www.xbrl.org/2003/arcrole/parent-child' xlink:from='loc_ContractReceivableAbstract' xlink:to='loc_AccountsReceivableBilledForLongTermContractsOrPrograms' xlink:type='arc' />
<link:presentationArc order='10' xlink:arcrole='http://www.xbrl.org/2003/arcrole/parent-child' xlink:from='loc_ContractReceivableRollingMaturityAbstract' xlink:to='loc_ContractReceivableDueInNextRollingTwelveMonths' xlink:type='arc' />
<link:presentationArc order='20' xlink:arcrole='http://www.xbrl.org/2003/arcrole/parent-child' xlink:from='loc_ContractReceivableRollingMaturityAbstract' xlink:to='loc_ContractReceivableDueAfterNextRollingTwelveMonthsAbstract' xlink:type='arc' />
<link:presentationArc order='30' preferredLabel='http://www.xbrl.org/2003/role/totalLabel' xlink:arcrole='http://www.xbrl.org/2003/arcrole/parent-child' xlink:from='loc_ContractReceivableRollingMaturityAbstract' xlink:to='loc_AccountsReceivableBilledForLongTermContractsOrPrograms' xlink:type='arc' />
<link:presentationArc order='10' use='optional' xlink:arcrole='http://www.xbrl.org/2003/arcrole/parent-child' xlink:from='loc_ContractTerminationClaimsAndLoansAbstract' xlink:to='loc_ContractTerminationClaimsDescription' xlink:type='arc' />
<link:presentationArc order='20' use='optional' xlink:arcrole='http://www.xbrl.org/2003/arcrole/parent-child' xlink:from='loc_ContractTerminationClaimsAndLoansAbstract' xlink:to='loc_ContractTerminationClaimsUSFederalGovernment' xlink:type='arc' />
<link:presentationArc order='30' use='optional' xlink:arcrole='http://www.xbrl.org/2003/arcrole/parent-child' xlink:from='loc_ContractTerminationClaimsAndLoansAbstract' xlink:to='loc_ContractTerminationClaimsGovernmentsOtherThanUSFederalGovernment' xlink:type='arc' />
<link:presentationArc order='40' use='optional' xlink:arcrole='http://www.xbrl.org/2003/arcrole/parent-child' xlink:from='loc_ContractTerminationClaimsAndLoansAbstract' xlink:to='loc_TerminationLoansDescription' xlink:type='arc' />
<link:presentationArc order='50' use='optional' xlink:arcrole='http://www.xbrl.org/2003/arcrole/parent-child' xlink:from='loc_ContractTerminationClaimsAndLoansAbstract' xlink:to='loc_TerminationLoans' xlink:type='arc' />
<link:presentationArc order='10' xlink:arcrole='http://www.xbrl.org/2003/arcrole/parent-child' xlink:from='loc_ContractorsAbstract' xlink:to='loc_LongTermContractsOrProgramsDisclosureTextBlock' xlink:type='arc' />
<link:presentationArc order='10' xlink:arcrole='http://www.xbrl.org/2003/arcrole/parent-child' xlink:from='loc_LongTermContractsOrProgramsDisclosureTextBlock' xlink:to='loc_CostsInExcessOfBillingsAndBillingsInExcessOfCostsTableTextBlock' xlink:type='arc' />
<link:presentationArc order='20' use='optional' xlink:arcrole='http://www.xbrl.org/2003/arcrole/parent-child' xlink:from='loc_LongTermContractsOrProgramsDisclosureTextBlock' xlink:to='loc_ReceivablesLongTermContractsOrProgramsAbstract' xlink:type='arc' />
<link:presentationArc order='30' xlink:arcrole='http://www.xbrl.org/2003/arcrole/parent-child' xlink:from='loc_LongTermContractsOrProgramsDisclosureTextBlock' xlink:to='loc_UnbilledReceivablesNotBillableAtBalanceSheetDateAbstract' xlink:type='arc' />
<link:presentationArc order='40' xlink:arcrole='http://www.xbrl.org/2003/arcrole/parent-child' xlink:from='loc_LongTermContractsOrProgramsDisclosureTextBlock' xlink:to='loc_UnbilledReceivablesNotBillableAmountExpectedToBeCollectedInRemainderOfFiscalYear' xlink:type='arc' />
<link:presentationArc order='50' xlink:arcrole='http://www.xbrl.org/2003/arcrole/parent-child' xlink:from='loc_LongTermContractsOrProgramsDisclosureTextBlock' xlink:to='loc_UnbilledReceivablesNotBillableRollingMaturityAbstract' xlink:type='arc' />
<link:presentationArc order='60' xlink:arcrole='http://www.xbrl.org/2003/arcrole/parent-child' xlink:from='loc_LongTermContractsOrProgramsDisclosureTextBlock' xlink:to='loc_UnbilledReceivablesNotBillableAtBalanceSheetDateDescriptionOfPrerequisitesForBillings' xlink:type='arc' />
<link:presentationArc order='70' use='optional' xlink:arcrole='http://www.xbrl.org/2003/arcrole/parent-child' xlink:from='loc_LongTermContractsOrProgramsDisclosureTextBlock' xlink:to='loc_BilledAndUnbilledContractClaimsSubjectToUncertaintyAbstract' xlink:type='arc' />
<link:presentationArc order='80' xlink:arcrole='http://www.xbrl.org/2003/arcrole/parent-child' xlink:from='loc_LongTermContractsOrProgramsDisclosureTextBlock' xlink:to='loc_LossOnContractTermination' xlink:type='arc' />
<link:presentationArc order='90' xlink:arcrole='http://www.xbrl.org/2003/arcrole/parent-child' xlink:from='loc_LongTermContractsOrProgramsDisclosureTextBlock' xlink:to='loc_LossOnContractTerminationForDefault' xlink:type='arc' />
<link:presentationArc order='100' use='optional' xlink:arcrole='http://www.xbrl.org/2003/arcrole/parent-child' xlink:from='loc_LongTermContractsOrProgramsDisclosureTextBlock' xlink:to='loc_GovernmentalContractsSubjectToRenegotiationAbstract' xlink:type='arc' />
<link:presentationArc order='110' xlink:arcrole='http://www.xbrl.org/2003/arcrole/parent-child' xlink:from='loc_LongTermContractsOrProgramsDisclosureTextBlock' xlink:to='loc_GovernmentContractorsSubcontractAndSpecialEquipmentCostNatureOfTransaction' xlink:type='arc' />
<link:presentationArc order='120' use='optional' xlink:arcrole='http://www.xbrl.org/2003/arcrole/parent-child' xlink:from='loc_LongTermContractsOrProgramsDisclosureTextBlock' xlink:to='loc_ContractTerminationClaimsAndLoansAbstract' xlink:type='arc' />
<link:presentationArc order='130' use='optional' xlink:arcrole='http://www.xbrl.org/2003/arcrole/parent-child' xlink:from='loc_LongTermContractsOrProgramsDisclosureTextBlock' xlink:to='loc_GovernmentInvestigationIntoIllegalOrUnethicalActivityInGovernmentContracts' xlink:type='arc' />
<link:presentationArc order='140' xlink:arcrole='http://www.xbrl.org/2003/arcrole/parent-child' xlink:from='loc_LongTermContractsOrProgramsDisclosureTextBlock' xlink:to='loc_GovernmentContractReceivable' xlink:type='arc' />
<link:presentationArc order='150' xlink:arcrole='http://www.xbrl.org/2003/arcrole/parent-child' xlink:from='loc_LongTermContractsOrProgramsDisclosureTextBlock' xlink:to='loc_GovernmentContractReceivableUnbilledAmounts' xlink:type='arc' />
<link:presentationArc order='160' use='optional' xlink:arcrole='http://www.xbrl.org/2003/arcrole/parent-child' xlink:from='loc_LongTermContractsOrProgramsDisclosureTextBlock' xlink:to='loc_InventoryForLongTermContractsOrProgramsAbstract' xlink:type='arc' />
<link:presentationArc order='170' use='optional' xlink:arcrole='http://www.xbrl.org/2003/arcrole/parent-child' xlink:from='loc_LongTermContractsOrProgramsDisclosureTextBlock' xlink:to='loc_LiabilitiesForLongTermContractsOrProgramsAbstract' xlink:type='arc' />
<link:presentationArc order='180' use='optional' xlink:arcrole='http://www.xbrl.org/2003/arcrole/parent-child' xlink:from='loc_LongTermContractsOrProgramsDisclosureTextBlock' xlink:to='loc_PreproductionCostsRelatedToLongTermSupplyArrangementsAbstract' xlink:type='arc' />
<link:presentationArc order='190' xlink:arcrole='http://www.xbrl.org/2003/arcrole/parent-child' xlink:from='loc_LongTermContractsOrProgramsDisclosureTextBlock' xlink:to='loc_PrerequisitesForBillingLongTermContracts' xlink:type='arc' />
<link:presentationArc order='200' xlink:arcrole='http://www.xbrl.org/2003/arcrole/parent-child' xlink:from='loc_LongTermContractsOrProgramsDisclosureTextBlock' xlink:to='loc_GovernmentContractReceivableProgessPaymentsOffset' xlink:type='arc' />
<link:presentationArc order='210' xlink:arcrole='http://www.xbrl.org/2003/arcrole/parent-child' xlink:from='loc_LongTermContractsOrProgramsDisclosureTextBlock' xlink:to='loc_AdvancePaymentsNettedAgainstClaimReceivable' xlink:type='arc' />
<link:presentationArc order='10' xlink:arcrole='http://www.xbrl.org/2003/arcrole/parent-child' xlink:from='loc_ContractsReceivableClaimsAndUncertainAmountsAbstract' xlink:to='loc_ContractsReceivableClaimsAndUncertainAmountsExpectedToBeCollectedWithinOneYear' xlink:type='arc' />
<link:presentationArc order='20' xlink:arcrole='http://www.xbrl.org/2003/arcrole/parent-child' xlink:from='loc_ContractsReceivableClaimsAndUncertainAmountsAbstract' xlink:to='loc_ContractsReceivableClaimsAndUncertainAmountsExpectedToBeCollectedAfterOneYear' xlink:type='arc' />
<link:presentationArc order='30' preferredLabel='http://www.xbrl.org/2003/role/totalLabel' xlink:arcrole='http://www.xbrl.org/2003/arcrole/parent-child' xlink:from='loc_ContractsReceivableClaimsAndUncertainAmountsAbstract' xlink:to='loc_ContractsReceivableClaimsAndUncertainAmounts' xlink:type='arc' />
<link:presentationArc order='10' xlink:arcrole='http://www.xbrl.org/2003/arcrole/parent-child' xlink:from='loc_ContractsReceivableClaimsAndUncertainAmountsRollingMaturityAbstract' xlink:to='loc_ContractsReceivableClaimsAndUncertainAmountsExpectedToBeCollectedInNextRollingTwelveMonths' xlink:type='arc' />
<link:presentationArc order='20' xlink:arcrole='http://www.xbrl.org/2003/arcrole/parent-child' xlink:from='loc_ContractsReceivableClaimsAndUncertainAmountsRollingMaturityAbstract' xlink:to='loc_ContractsReceivableClaimsAndUncertainAmountsExpectedToBeCollectedAfterNextRollingTwelveMonths' xlink:type='arc' />
<link:presentationArc order='30' preferredLabel='http://www.xbrl.org/2003/role/totalLabel' xlink:arcrole='http://www.xbrl.org/2003/arcrole/parent-child' xlink:from='loc_ContractsReceivableClaimsAndUncertainAmountsRollingMaturityAbstract' xlink:to='loc_ContractsReceivableClaimsAndUncertainAmounts' xlink:type='arc' />
<link:presentationArc order='10' xlink:arcrole='http://www.xbrl.org/2003/arcrole/parent-child' xlink:from='loc_CostsInExcessOfBillingsOnUncompletedContractsOrProgramsAbstract' xlink:to='loc_CostsInExcessOfBillingsOnUncompletedContractsOrProgramsExpectedToBeCollectedWithinOneYear' xlink:type='arc' />
<link:presentationArc order='20' xlink:arcrole='http://www.xbrl.org/2003/arcrole/parent-child' xlink:from='loc_CostsInExcessOfBillingsOnUncompletedContractsOrProgramsAbstract' xlink:to='loc_CostsInExcessOfBillingsOnUncompletedContractsOrProgramsExpectedToBeCollectedAfterOneYear' xlink:type='arc' />
<link:presentationArc order='30' preferredLabel='http://www.xbrl.org/2003/role/totalLabel' use='optional' xlink:arcrole='http://www.xbrl.org/2003/arcrole/parent-child' xlink:from='loc_CostsInExcessOfBillingsOnUncompletedContractsOrProgramsAbstract' xlink:to='loc_CostsInExcessOfBillingsOnUncompletedContractsOrPrograms' xlink:type='arc' />
<link:presentationArc order='10' use='optional' xlink:arcrole='http://www.xbrl.org/2003/arcrole/parent-child' xlink:from='loc_GovernmentalContractsSubjectToRenegotiationAbstract' xlink:to='loc_GovernmentalContractsSubjectToRenegotiation' xlink:type='arc' />
<link:presentationArc order='20' use='optional' xlink:arcrole='http://www.xbrl.org/2003/arcrole/parent-child' xlink:from='loc_GovernmentalContractsSubjectToRenegotiationAbstract' xlink:to='loc_RefundsDueUnderGovernmentContracts' xlink:type='arc' />
<link:presentationArc order='30' use='optional' xlink:arcrole='http://www.xbrl.org/2003/arcrole/parent-child' xlink:from='loc_GovernmentalContractsSubjectToRenegotiationAbstract' xlink:to='loc_RefundsDueUnderGovernmentContractsNotReasonablyEstimable' xlink:type='arc' />
<link:presentationArc order='40' use='optional' xlink:arcrole='http://www.xbrl.org/2003/arcrole/parent-child' xlink:from='loc_GovernmentalContractsSubjectToRenegotiationAbstract' xlink:to='loc_BasisOfProvisionForRefundsUnderGovernmentContracts' xlink:type='arc' />
<link:presentationArc order='10' use='optional' xlink:arcrole='http://www.xbrl.org/2003/arcrole/parent-child' xlink:from='loc_InventoryForLongTermContractsOrProgramsAbstract' xlink:to='loc_InventoryForLongTermContractsOrProgramsDescription' xlink:type='arc' />
<link:presentationArc order='20' use='optional' xlink:arcrole='http://www.xbrl.org/2003/arcrole/parent-child' xlink:from='loc_InventoryForLongTermContractsOrProgramsAbstract' xlink:to='loc_InventoryForLongTermContractsOrPrograms' xlink:type='arc' />
<link:presentationArc order='30' use='optional' xlink:arcrole='http://www.xbrl.org/2003/arcrole/parent-child' xlink:from='loc_InventoryForLongTermContractsOrProgramsAbstract' xlink:to='loc_PrincipalAssumptionsWhereAverageCostPerUnitIsUsed' xlink:type='arc' />
<link:presentationArc order='40' use='optional' xlink:arcrole='http://www.xbrl.org/2003/arcrole/parent-child' xlink:from='loc_InventoryForLongTermContractsOrProgramsAbstract' xlink:to='loc_InventoryForLongTermContractsOrProgramsGeneralAndAdministrativeCostsIncludedInInventory' xlink:type='arc' />
<link:presentationArc order='50' use='optional' xlink:arcrole='http://www.xbrl.org/2003/arcrole/parent-child' xlink:from='loc_InventoryForLongTermContractsOrProgramsAbstract' xlink:to='loc_InventoryForLongTermContractsOrProgramsGeneralAndAdministrativeExpenseIncurred' xlink:type='arc' />
<link:presentationArc order='60' use='optional' xlink:arcrole='http://www.xbrl.org/2003/arcrole/parent-child' xlink:from='loc_InventoryForLongTermContractsOrProgramsAbstract' xlink:to='loc_InventoryAmountUnpricedChangeOrdersForLongTermContractsOrPrograms' xlink:type='arc' />
<link:presentationArc order='70' use='optional' xlink:arcrole='http://www.xbrl.org/2003/arcrole/parent-child' xlink:from='loc_InventoryForLongTermContractsOrProgramsAbstract' xlink:to='loc_InventoryDescriptionUnpricedChangeOrdersForLongTermContractsOrProgram' xlink:type='arc' />
<link:presentationArc order='80' use='optional' xlink:arcrole='http://www.xbrl.org/2003/arcrole/parent-child' xlink:from='loc_InventoryForLongTermContractsOrProgramsAbstract' xlink:to='loc_ProgressPaymentsNettedAgainstInventoryForLongTermContractsOrPrograms' xlink:type='arc' />
<link:presentationArc order='90' use='optional' xlink:arcrole='http://www.xbrl.org/2003/arcrole/parent-child' xlink:from='loc_InventoryForLongTermContractsOrProgramsAbstract' xlink:to='loc_UnrecoveredProductionCostsExcessOfEstimatedAverageUnitCost' xlink:type='arc' />
<link:presentationArc order='100' use='optional' xlink:arcrole='http://www.xbrl.org/2003/arcrole/parent-child' xlink:from='loc_InventoryForLongTermContractsOrProgramsAbstract' xlink:to='loc_UnrecoveredProductionCostsExcessUnrecoverableUnderExistingFirmOrders' xlink:type='arc' />
<link:presentationArc order='110' use='optional' xlink:arcrole='http://www.xbrl.org/2003/arcrole/parent-child' xlink:from='loc_InventoryForLongTermContractsOrProgramsAbstract' xlink:to='loc_DescriptionOfDeferredCostsRelatedToLongTermContracts' xlink:type='arc' />
<link:presentationArc order='120' use='optional' xlink:arcrole='http://www.xbrl.org/2003/arcrole/parent-child' xlink:from='loc_InventoryForLongTermContractsOrProgramsAbstract' xlink:to='loc_AmountOfDeferredCostsRelatedToLongTermContracts' xlink:type='arc' />
<link:presentationArc order='10' use='optional' xlink:arcrole='http://www.xbrl.org/2003/arcrole/parent-child' xlink:from='loc_LiabilitiesForLongTermContractsOrProgramsAbstract' xlink:to='loc_ProvisionForLossOnContracts' xlink:type='arc' />
<link:presentationArc order='20' xlink:arcrole='http://www.xbrl.org/2003/arcrole/parent-child' xlink:from='loc_LiabilitiesForLongTermContractsOrProgramsAbstract' xlink:to='loc_BillingsInExcessOfCostAbstract' xlink:type='arc' />
<link:presentationArc order='30' xlink:arcrole='http://www.xbrl.org/2003/arcrole/parent-child' xlink:from='loc_LiabilitiesForLongTermContractsOrProgramsAbstract' xlink:to='loc_AdvancesReceivedOnGovernmentContractsNotNettedAgainstAccountsReceivable' xlink:type='arc' />
<link:presentationArc order='40' xlink:arcrole='http://www.xbrl.org/2003/arcrole/parent-child' xlink:from='loc_LiabilitiesForLongTermContractsOrProgramsAbstract' xlink:to='loc_RetentionPayableAbstract' xlink:type='arc' />
<link:presentationArc order='50' xlink:arcrole='http://www.xbrl.org/2003/arcrole/parent-child' xlink:from='loc_LiabilitiesForLongTermContractsOrProgramsAbstract' xlink:to='loc_RetentionPayableDueInRemainderOfFiscalYear' xlink:type='arc' />
<link:presentationArc order='60' xlink:arcrole='http://www.xbrl.org/2003/arcrole/parent-child' xlink:from='loc_LiabilitiesForLongTermContractsOrProgramsAbstract' xlink:to='loc_RetentionPayableRollingMaturityAbstract' xlink:type='arc' />
<link:presentationArc order='10' use='optional' xlink:arcrole='http://www.xbrl.org/2003/arcrole/parent-child' xlink:from='loc_PreproductionCostsRelatedToLongTermSupplyArrangementsAbstract' xlink:to='loc_PreproductionCostsRelatedToLongTermSupplyArrangementsDisclosures' xlink:type='arc' />
<link:presentationArc order='20' use='optional' xlink:arcrole='http://www.xbrl.org/2003/arcrole/parent-child' xlink:from='loc_PreproductionCostsRelatedToLongTermSupplyArrangementsAbstract' xlink:to='loc_PreproductionCostsRelatedToLongTermSupplyArrangementsCostsCapitalized' xlink:type='arc' />
<link:presentationArc order='30' use='optional' xlink:arcrole='http://www.xbrl.org/2003/arcrole/parent-child' xlink:from='loc_PreproductionCostsRelatedToLongTermSupplyArrangementsAbstract' xlink:to='loc_PreproductionCostsRelatedToLongTermSupplyArrangementsAssetForMoldsDiesAndToolsOwned' xlink:type='arc' />
<link:presentationArc order='40' use='optional' xlink:arcrole='http://www.xbrl.org/2003/arcrole/parent-child' xlink:from='loc_PreproductionCostsRelatedToLongTermSupplyArrangementsAbstract' xlink:to='loc_PreproductionCostsRelatedToLongTermSupplyArrangementsAssetForMoldsDiesAndToolsNotOwned' xlink:type='arc' />
<link:presentationArc order='10' use='optional' xlink:arcrole='http://www.xbrl.org/2003/arcrole/parent-child' xlink:from='loc_ReceivablesLongTermContractsOrProgramsAbstract' xlink:to='loc_CustomerAdvancesAndProgressPaymentsForLongTermContractsOrPrograms' xlink:type='arc' />
<link:presentationArc order='20' xlink:arcrole='http://www.xbrl.org/2003/arcrole/parent-child' xlink:from='loc_ReceivablesLongTermContractsOrProgramsAbstract' xlink:to='loc_ContractReceivableRetainageAbstract' xlink:type='arc' />
<link:presentationArc order='30' xlink:arcrole='http://www.xbrl.org/2003/arcrole/parent-child' xlink:from='loc_ReceivablesLongTermContractsOrProgramsAbstract' xlink:to='loc_ContractReceivableRetainageDueInRemainderOfFiscalYear' xlink:type='arc' />
<link:presentationArc order='40' xlink:arcrole='http://www.xbrl.org/2003/arcrole/parent-child' xlink:from='loc_ReceivablesLongTermContractsOrProgramsAbstract' xlink:to='loc_ContractReceivableRetainageRollingMaturityAbstract' xlink:type='arc' />
<link:presentationArc order='50' xlink:arcrole='http://www.xbrl.org/2003/arcrole/parent-child' xlink:from='loc_ReceivablesLongTermContractsOrProgramsAbstract' xlink:to='loc_ContractReceivableRetainageDescription' xlink:type='arc' />
<link:presentationArc order='60' xlink:arcrole='http://www.xbrl.org/2003/arcrole/parent-child' xlink:from='loc_ReceivablesLongTermContractsOrProgramsAbstract' xlink:to='loc_CostsInExcessOfBillingsOnUncompletedContractsOrProgramsAbstract' xlink:type='arc' />
<link:presentationArc order='70' xlink:arcrole='http://www.xbrl.org/2003/arcrole/parent-child' xlink:from='loc_ReceivablesLongTermContractsOrProgramsAbstract' xlink:to='loc_ReceivablesLongTermContractsOrPrograms' xlink:type='arc' />
<link:presentationArc order='80' xlink:arcrole='http://www.xbrl.org/2003/arcrole/parent-child' xlink:from='loc_ReceivablesLongTermContractsOrProgramsAbstract' xlink:to='loc_ContractReceivableAbstract' xlink:type='arc' />
<link:presentationArc order='90' xlink:arcrole='http://www.xbrl.org/2003/arcrole/parent-child' xlink:from='loc_ReceivablesLongTermContractsOrProgramsAbstract' xlink:to='loc_ContractReceivableDueInRemainderOfFiscalYear' xlink:type='arc' />
<link:presentationArc order='100' xlink:arcrole='http://www.xbrl.org/2003/arcrole/parent-child' xlink:from='loc_ReceivablesLongTermContractsOrProgramsAbstract' xlink:to='loc_ContractReceivableRollingMaturityAbstract' xlink:type='arc' />
<link:presentationArc order='110' xlink:arcrole='http://www.xbrl.org/2003/arcrole/parent-child' xlink:from='loc_ReceivablesLongTermContractsOrProgramsAbstract' xlink:to='loc_ContractReceivableDueAfterOneYearLowestInterestRate' xlink:type='arc' />
<link:presentationArc order='120' xlink:arcrole='http://www.xbrl.org/2003/arcrole/parent-child' xlink:from='loc_ReceivablesLongTermContractsOrProgramsAbstract' xlink:to='loc_ContractReceivableDueAfterOneYearHighestInterestRate' xlink:type='arc' />
<link:presentationArc order='130' xlink:arcrole='http://www.xbrl.org/2003/arcrole/parent-child' xlink:from='loc_ReceivablesLongTermContractsOrProgramsAbstract' xlink:to='loc_ContractReceivableDueAfterOneYearWeightedAverageInterestRate' xlink:type='arc' />
<link:presentationArc order='10' xlink:arcrole='http://www.xbrl.org/2003/arcrole/parent-child' xlink:from='loc_RetentionPayableDueAfterNextRollingTwelveMonthsAbstract' xlink:to='loc_RetentionPayableDueInRollingYearTwo' xlink:type='arc' />
<link:presentationArc order='20' xlink:arcrole='http://www.xbrl.org/2003/arcrole/parent-child' xlink:from='loc_RetentionPayableDueAfterNextRollingTwelveMonthsAbstract' xlink:to='loc_RetentionPayableDueInRollingYearThree' xlink:type='arc' />
<link:presentationArc order='30' xlink:arcrole='http://www.xbrl.org/2003/arcrole/parent-child' xlink:from='loc_RetentionPayableDueAfterNextRollingTwelveMonthsAbstract' xlink:to='loc_RetentionPayableDueInRollingYearFour' xlink:type='arc' />
<link:presentationArc order='40' xlink:arcrole='http://www.xbrl.org/2003/arcrole/parent-child' xlink:from='loc_RetentionPayableDueAfterNextRollingTwelveMonthsAbstract' xlink:to='loc_RetentionPayableDueInRollingYearFive' xlink:type='arc' />
<link:presentationArc order='50' xlink:arcrole='http://www.xbrl.org/2003/arcrole/parent-child' xlink:from='loc_RetentionPayableDueAfterNextRollingTwelveMonthsAbstract' xlink:to='loc_RetentionPayableDueAfterRollingYearFive' xlink:type='arc' />
<link:presentationArc order='60' preferredLabel='http://www.xbrl.org/2003/role/totalLabel' xlink:arcrole='http://www.xbrl.org/2003/arcrole/parent-child' xlink:from='loc_RetentionPayableDueAfterNextRollingTwelveMonthsAbstract' xlink:to='loc_RetentionPayableDueAfterNextRollingTwelveMonths' xlink:type='arc' />
<link:presentationArc order='10' xlink:arcrole='http://www.xbrl.org/2003/arcrole/parent-child' xlink:from='loc_RetentionPayableDueAfterOneYearAbstract' xlink:to='loc_RetentionPayableDueOneToTwoYears' xlink:type='arc' />
<link:presentationArc order='20' xlink:arcrole='http://www.xbrl.org/2003/arcrole/parent-child' xlink:from='loc_RetentionPayableDueAfterOneYearAbstract' xlink:to='loc_RetentionPayableDueTwoToThreeYears' xlink:type='arc' />
<link:presentationArc order='30' xlink:arcrole='http://www.xbrl.org/2003/arcrole/parent-child' xlink:from='loc_RetentionPayableDueAfterOneYearAbstract' xlink:to='loc_RetentionPayableDueThreeToFourYears' xlink:type='arc' />
<link:presentationArc order='40' xlink:arcrole='http://www.xbrl.org/2003/arcrole/parent-child' xlink:from='loc_RetentionPayableDueAfterOneYearAbstract' xlink:to='loc_RetentionPayableDueFourToFiveYears' xlink:type='arc' />
<link:presentationArc order='50' xlink:arcrole='http://www.xbrl.org/2003/arcrole/parent-child' xlink:from='loc_RetentionPayableDueAfterOneYearAbstract' xlink:to='loc_RetentionPayableDueFiveYearsOrMore' xlink:type='arc' />
<link:presentationArc order='60' preferredLabel='http://www.xbrl.org/2003/role/totalLabel' xlink:arcrole='http://www.xbrl.org/2003/arcrole/parent-child' xlink:from='loc_RetentionPayableDueAfterOneYearAbstract' xlink:to='loc_RetentionPayableDueAfterOneYear' xlink:type='arc' />
<link:presentationArc order='10' xlink:arcrole='http://www.xbrl.org/2003/arcrole/parent-child' xlink:from='loc_RetentionPayableAbstract' xlink:to='loc_RetentionPayableDueOneYearOrLess' xlink:type='arc' />
<link:presentationArc order='20' xlink:arcrole='http://www.xbrl.org/2003/arcrole/parent-child' xlink:from='loc_RetentionPayableAbstract' xlink:to='loc_RetentionPayableDueAfterOneYearAbstract' xlink:type='arc' />
<link:presentationArc order='30' preferredLabel='http://www.xbrl.org/2003/role/totalLabel' xlink:arcrole='http://www.xbrl.org/2003/arcrole/parent-child' xlink:from='loc_RetentionPayableAbstract' xlink:to='loc_RetentionPayable' xlink:type='arc' />
<link:presentationArc order='10' xlink:arcrole='http://www.xbrl.org/2003/arcrole/parent-child' xlink:from='loc_RetentionPayableRollingMaturityAbstract' xlink:to='loc_RetentionPayableDueInNextRollingTwelveMonths' xlink:type='arc' />
<link:presentationArc order='20' xlink:arcrole='http://www.xbrl.org/2003/arcrole/parent-child' xlink:from='loc_RetentionPayableRollingMaturityAbstract' xlink:to='loc_RetentionPayableDueAfterNextRollingTwelveMonthsAbstract' xlink:type='arc' />
<link:presentationArc order='30' preferredLabel='http://www.xbrl.org/2003/role/totalLabel' xlink:arcrole='http://www.xbrl.org/2003/arcrole/parent-child' xlink:from='loc_RetentionPayableRollingMaturityAbstract' xlink:to='loc_RetentionPayable' xlink:type='arc' />
<link:presentationArc order='10' xlink:arcrole='http://www.xbrl.org/2003/arcrole/parent-child' xlink:from='loc_UnbilledChangeOrdersAbstract' xlink:to='loc_UnbilledChangeOrdersAmountExpectedToBeCollectedWithinOneYear' xlink:type='arc' />
<link:presentationArc order='20' xlink:arcrole='http://www.xbrl.org/2003/arcrole/parent-child' xlink:from='loc_UnbilledChangeOrdersAbstract' xlink:to='loc_UnbilledChangeOrdersAmountExpectedToBeCollectedAfterOneYear' xlink:type='arc' />
<link:presentationArc order='30' preferredLabel='http://www.xbrl.org/2003/role/totalLabel' xlink:arcrole='http://www.xbrl.org/2003/arcrole/parent-child' xlink:from='loc_UnbilledChangeOrdersAbstract' xlink:to='loc_UnbilledChangeOrders' xlink:type='arc' />
<link:presentationArc order='10' xlink:arcrole='http://www.xbrl.org/2003/arcrole/parent-child' xlink:from='loc_UnbilledReceivablesNotBillableAtBalanceSheetDateAbstract' xlink:to='loc_UnbilledReceivablesNotBillableAtBalanceSheetDateAmountExpectedToBeCollectedWithinOneYear' xlink:type='arc' />
<link:presentationArc order='20' xlink:arcrole='http://www.xbrl.org/2003/arcrole/parent-child' xlink:from='loc_UnbilledReceivablesNotBillableAtBalanceSheetDateAbstract' xlink:to='loc_UnbilledReceivablesNotBillableAtBalanceSheetDateAmountExpectedToBeCollectedAfterOneYear' xlink:type='arc' />
<link:presentationArc order='30' preferredLabel='http://www.xbrl.org/2003/role/totalLabel' xlink:arcrole='http://www.xbrl.org/2003/arcrole/parent-child' xlink:from='loc_UnbilledReceivablesNotBillableAtBalanceSheetDateAbstract' xlink:to='loc_UnbilledReceivablesNotBillableAtBalanceSheetDate' xlink:type='arc' />
<link:presentationArc order='10' xlink:arcrole='http://www.xbrl.org/2003/arcrole/parent-child' xlink:from='loc_UnbilledReceivablesNotBillableRollingMaturityAbstract' xlink:to='loc_UnbilledReceivablesNotBillableAmountExpectedToBeCollectedInNextRollingTwelveMonths' xlink:type='arc' />
<link:presentationArc order='20' xlink:arcrole='http://www.xbrl.org/2003/arcrole/parent-child' xlink:from='loc_UnbilledReceivablesNotBillableRollingMaturityAbstract' xlink:to='loc_UnbilledReceivablesNotBillableAmountExpectedToBeCollectedAfterNextRollingTwelveMonths' xlink:type='arc' />
<link:presentationArc order='30' preferredLabel='http://www.xbrl.org/2003/role/totalLabel' xlink:arcrole='http://www.xbrl.org/2003/arcrole/parent-child' xlink:from='loc_UnbilledReceivablesNotBillableRollingMaturityAbstract' xlink:to='loc_UnbilledReceivablesNotBillableAtBalanceSheetDate' xlink:type='arc' />
</link:presentationLink>
</link:linkbase>
