<?xml version='1.0' encoding='UTF-8'?>

<!--
(c) XBRL US, Inc. 2007-2010; Financial Accounting Foundation, Inc. 2010-2014.  All Rights Reserved.
Notice: Authorized Uses are Set Forth at http://xbrl.fasb.org/terms/TaxonomiesTermsConditions.html
  -->
<link:linkbase xmlns:link='http://www.xbrl.org/2003/linkbase' xmlns:xbrldt='http://xbrl.org/2005/xbrldt' xmlns:xlink='http://www.w3.org/1999/xlink' xmlns:xsi='http://www.w3.org/2001/XMLSchema-instance' xsi:schemaLocation='http://www.xbrl.org/2003/linkbase http://www.xbrl.org/2003/xbrl-linkbase-2003-12-31.xsd'>
<link:roleRef roleURI='http://fasb.org/us-gaap/role/disclosure/CommitmentAndContingencies' xlink:href='../elts/us-roles-2014-01-31.xsd#cc' xlink:type='simple' />
<link:calculationLink xlink:role='http://fasb.org/us-gaap/role/disclosure/CommitmentAndContingencies' xlink:type='extended'>
<link:loc xlink:href='../elts/us-gaap-2014-01-31.xsd#us-gaap_CapitalLeasesFutureMinimumPaymentsDue' xlink:label='loc_CapitalLeasesFutureMinimumPaymentsDue' xlink:type='locator' />
<link:loc xlink:href='../elts/us-gaap-2014-01-31.xsd#us-gaap_CapitalLeasesFutureMinimumPaymentsDueCurrent' xlink:label='loc_CapitalLeasesFutureMinimumPaymentsDueCurrent' xlink:type='locator' />
<link:loc xlink:href='../elts/us-gaap-2014-01-31.xsd#us-gaap_CapitalLeasesFutureMinimumPaymentsDueInTwoAndThreeYears' xlink:label='loc_CapitalLeasesFutureMinimumPaymentsDueInTwoAndThreeYears' xlink:type='locator' />
<link:loc xlink:href='../elts/us-gaap-2014-01-31.xsd#us-gaap_CapitalLeasesFutureMinimumPaymentsDueInTwoYears' xlink:label='loc_CapitalLeasesFutureMinimumPaymentsDueInTwoYears' xlink:type='locator' />
<link:loc xlink:href='../elts/us-gaap-2014-01-31.xsd#us-gaap_CapitalLeasesFutureMinimumPaymentsDueInThreeYears' xlink:label='loc_CapitalLeasesFutureMinimumPaymentsDueInThreeYears' xlink:type='locator' />
<link:loc xlink:href='../elts/us-gaap-2014-01-31.xsd#us-gaap_CapitalLeasesFutureMinimumPaymentsDueInFourAndFiveYears' xlink:label='loc_CapitalLeasesFutureMinimumPaymentsDueInFourAndFiveYears' xlink:type='locator' />
<link:loc xlink:href='../elts/us-gaap-2014-01-31.xsd#us-gaap_CapitalLeasesFutureMinimumPaymentsDueInFourYears' xlink:label='loc_CapitalLeasesFutureMinimumPaymentsDueInFourYears' xlink:type='locator' />
<link:loc xlink:href='../elts/us-gaap-2014-01-31.xsd#us-gaap_CapitalLeasesFutureMinimumPaymentsDueInFiveYears' xlink:label='loc_CapitalLeasesFutureMinimumPaymentsDueInFiveYears' xlink:type='locator' />
<link:loc xlink:href='../elts/us-gaap-2014-01-31.xsd#us-gaap_CapitalLeasesFutureMinimumPaymentsDueThereafter' xlink:label='loc_CapitalLeasesFutureMinimumPaymentsDueThereafter' xlink:type='locator' />
<link:loc xlink:href='../elts/us-gaap-2014-01-31.xsd#us-gaap_ContractualObligation' xlink:label='loc_ContractualObligation' xlink:type='locator' />
<link:loc xlink:href='../elts/us-gaap-2014-01-31.xsd#us-gaap_ContractualObligationDueInNextTwelveMonths' xlink:label='loc_ContractualObligationDueInNextTwelveMonths' xlink:type='locator' />
<link:loc xlink:href='../elts/us-gaap-2014-01-31.xsd#us-gaap_LongTermDebtMaturitiesRepaymentsOfPrincipalInNextTwelveMonths' xlink:label='loc_LongTermDebtMaturitiesRepaymentsOfPrincipalInNextTwelveMonths' xlink:type='locator' />
<link:loc xlink:href='../elts/us-gaap-2014-01-31.xsd#us-gaap_OperatingLeasesFutureMinimumPaymentsDueCurrent' xlink:label='loc_OperatingLeasesFutureMinimumPaymentsDueCurrent' xlink:type='locator' />
<link:loc xlink:href='../elts/us-gaap-2014-01-31.xsd#us-gaap_PurchaseObligationDueInNextTwelveMonths' xlink:label='loc_PurchaseObligationDueInNextTwelveMonths' xlink:type='locator' />
<link:loc xlink:href='../elts/us-gaap-2014-01-31.xsd#us-gaap_OtherCommitmentDueInNextTwelveMonths' xlink:label='loc_OtherCommitmentDueInNextTwelveMonths' xlink:type='locator' />
<link:loc xlink:href='../elts/us-gaap-2014-01-31.xsd#us-gaap_ContractualObligationDueInSecondAndThirdYear' xlink:label='loc_ContractualObligationDueInSecondAndThirdYear' xlink:type='locator' />
<link:loc xlink:href='../elts/us-gaap-2014-01-31.xsd#us-gaap_ContractualObligationDueInSecondYear' xlink:label='loc_ContractualObligationDueInSecondYear' xlink:type='locator' />
<link:loc xlink:href='../elts/us-gaap-2014-01-31.xsd#us-gaap_LongTermDebtMaturitiesRepaymentsOfPrincipalInYearTwo' xlink:label='loc_LongTermDebtMaturitiesRepaymentsOfPrincipalInYearTwo' xlink:type='locator' />
<link:loc xlink:href='../elts/us-gaap-2014-01-31.xsd#us-gaap_OperatingLeasesFutureMinimumPaymentsDueInTwoYears' xlink:label='loc_OperatingLeasesFutureMinimumPaymentsDueInTwoYears' xlink:type='locator' />
<link:loc xlink:href='../elts/us-gaap-2014-01-31.xsd#us-gaap_PurchaseObligationDueInSecondYear' xlink:label='loc_PurchaseObligationDueInSecondYear' xlink:type='locator' />
<link:loc xlink:href='../elts/us-gaap-2014-01-31.xsd#us-gaap_OtherCommitmentDueInSecondYear' xlink:label='loc_OtherCommitmentDueInSecondYear' xlink:type='locator' />
<link:loc xlink:href='../elts/us-gaap-2014-01-31.xsd#us-gaap_ContractualObligationDueInThirdYear' xlink:label='loc_ContractualObligationDueInThirdYear' xlink:type='locator' />
<link:loc xlink:href='../elts/us-gaap-2014-01-31.xsd#us-gaap_LongTermDebtMaturitiesRepaymentsOfPrincipalInYearThree' xlink:label='loc_LongTermDebtMaturitiesRepaymentsOfPrincipalInYearThree' xlink:type='locator' />
<link:loc xlink:href='../elts/us-gaap-2014-01-31.xsd#us-gaap_OperatingLeasesFutureMinimumPaymentsDueInThreeYears' xlink:label='loc_OperatingLeasesFutureMinimumPaymentsDueInThreeYears' xlink:type='locator' />
<link:loc xlink:href='../elts/us-gaap-2014-01-31.xsd#us-gaap_PurchaseObligationDueInThirdYear' xlink:label='loc_PurchaseObligationDueInThirdYear' xlink:type='locator' />
<link:loc xlink:href='../elts/us-gaap-2014-01-31.xsd#us-gaap_OtherCommitmentDueInThirdYear' xlink:label='loc_OtherCommitmentDueInThirdYear' xlink:type='locator' />
<link:loc xlink:href='../elts/us-gaap-2014-01-31.xsd#us-gaap_ContractualObligationDueInFourthAndFifthYear' xlink:label='loc_ContractualObligationDueInFourthAndFifthYear' xlink:type='locator' />
<link:loc xlink:href='../elts/us-gaap-2014-01-31.xsd#us-gaap_ContractualObligationDueInFourthYear' xlink:label='loc_ContractualObligationDueInFourthYear' xlink:type='locator' />
<link:loc xlink:href='../elts/us-gaap-2014-01-31.xsd#us-gaap_LongTermDebtMaturitiesRepaymentsOfPrincipalInYearFour' xlink:label='loc_LongTermDebtMaturitiesRepaymentsOfPrincipalInYearFour' xlink:type='locator' />
<link:loc xlink:href='../elts/us-gaap-2014-01-31.xsd#us-gaap_OperatingLeasesFutureMinimumPaymentsDueInFourYears' xlink:label='loc_OperatingLeasesFutureMinimumPaymentsDueInFourYears' xlink:type='locator' />
<link:loc xlink:href='../elts/us-gaap-2014-01-31.xsd#us-gaap_PurchaseObligationDueInFourthYear' xlink:label='loc_PurchaseObligationDueInFourthYear' xlink:type='locator' />
<link:loc xlink:href='../elts/us-gaap-2014-01-31.xsd#us-gaap_OtherCommitmentDueInFourthYear' xlink:label='loc_OtherCommitmentDueInFourthYear' xlink:type='locator' />
<link:loc xlink:href='../elts/us-gaap-2014-01-31.xsd#us-gaap_ContractualObligationDueInFifthYear' xlink:label='loc_ContractualObligationDueInFifthYear' xlink:type='locator' />
<link:loc xlink:href='../elts/us-gaap-2014-01-31.xsd#us-gaap_LongTermDebtMaturitiesRepaymentsOfPrincipalInYearFive' xlink:label='loc_LongTermDebtMaturitiesRepaymentsOfPrincipalInYearFive' xlink:type='locator' />
<link:loc xlink:href='../elts/us-gaap-2014-01-31.xsd#us-gaap_OperatingLeasesFutureMinimumPaymentsDueInFiveYears' xlink:label='loc_OperatingLeasesFutureMinimumPaymentsDueInFiveYears' xlink:type='locator' />
<link:loc xlink:href='../elts/us-gaap-2014-01-31.xsd#us-gaap_PurchaseObligationDueInFifthYear' xlink:label='loc_PurchaseObligationDueInFifthYear' xlink:type='locator' />
<link:loc xlink:href='../elts/us-gaap-2014-01-31.xsd#us-gaap_OtherCommitmentDueInFifthYear' xlink:label='loc_OtherCommitmentDueInFifthYear' xlink:type='locator' />
<link:loc xlink:href='../elts/us-gaap-2014-01-31.xsd#us-gaap_ContractualObligationDueAfterFifthYear' xlink:label='loc_ContractualObligationDueAfterFifthYear' xlink:type='locator' />
<link:loc xlink:href='../elts/us-gaap-2014-01-31.xsd#us-gaap_LongTermDebtMaturitiesRepaymentsOfPrincipalAfterYearFive' xlink:label='loc_LongTermDebtMaturitiesRepaymentsOfPrincipalAfterYearFive' xlink:type='locator' />
<link:loc xlink:href='../elts/us-gaap-2014-01-31.xsd#us-gaap_OperatingLeasesFutureMinimumPaymentsDueThereafter' xlink:label='loc_OperatingLeasesFutureMinimumPaymentsDueThereafter' xlink:type='locator' />
<link:loc xlink:href='../elts/us-gaap-2014-01-31.xsd#us-gaap_PurchaseObligationDueAfterFifthYear' xlink:label='loc_PurchaseObligationDueAfterFifthYear' xlink:type='locator' />
<link:loc xlink:href='../elts/us-gaap-2014-01-31.xsd#us-gaap_OtherCommitmentDueAfterFifthYear' xlink:label='loc_OtherCommitmentDueAfterFifthYear' xlink:type='locator' />
<link:loc xlink:href='../elts/us-gaap-2014-01-31.xsd#us-gaap_LossContingencyAccrualProductLiabilityNet' xlink:label='loc_LossContingencyAccrualProductLiabilityNet' xlink:type='locator' />
<link:loc xlink:href='../elts/us-gaap-2014-01-31.xsd#us-gaap_LossContingencyAccrualProductLiabilityDiscount' xlink:label='loc_LossContingencyAccrualProductLiabilityDiscount' xlink:type='locator' />
<link:loc xlink:href='../elts/us-gaap-2014-01-31.xsd#us-gaap_LossContingencyAccrualProductLiabilityGross' xlink:label='loc_LossContingencyAccrualProductLiabilityGross' xlink:type='locator' />
<link:loc xlink:href='../elts/us-gaap-2014-01-31.xsd#us-gaap_LossContingencyAccrualProductLiabilityUndiscountedDueWithinOneYear' xlink:label='loc_LossContingencyAccrualProductLiabilityUndiscountedDueWithinOneYear' xlink:type='locator' />
<link:loc xlink:href='../elts/us-gaap-2014-01-31.xsd#us-gaap_LossContingencyAccrualProductLiabilityUndiscountedDueInSecondYear' xlink:label='loc_LossContingencyAccrualProductLiabilityUndiscountedDueInSecondYear' xlink:type='locator' />
<link:loc xlink:href='../elts/us-gaap-2014-01-31.xsd#us-gaap_LossContingencyAccrualProductLiabilityUndiscountedDueInThirdYear' xlink:label='loc_LossContingencyAccrualProductLiabilityUndiscountedDueInThirdYear' xlink:type='locator' />
<link:loc xlink:href='../elts/us-gaap-2014-01-31.xsd#us-gaap_LossContingencyAccrualProductLiabilityUndiscountedDueInFourthYear' xlink:label='loc_LossContingencyAccrualProductLiabilityUndiscountedDueInFourthYear' xlink:type='locator' />
<link:loc xlink:href='../elts/us-gaap-2014-01-31.xsd#us-gaap_LossContingencyAccrualProductLiabilityUndiscountedDueInFifthYear' xlink:label='loc_LossContingencyAccrualProductLiabilityUndiscountedDueInFifthYear' xlink:type='locator' />
<link:loc xlink:href='../elts/us-gaap-2014-01-31.xsd#us-gaap_LossContingencyAccrualProductLiabilityUndiscountedDueAfterFifthYear' xlink:label='loc_LossContingencyAccrualProductLiabilityUndiscountedDueAfterFifthYear' xlink:type='locator' />
<link:loc xlink:href='../elts/us-gaap-2014-01-31.xsd#us-gaap_LossContingencyAccrualCarryingValuePeriodIncreaseDecrease' xlink:label='loc_LossContingencyAccrualCarryingValuePeriodIncreaseDecrease' xlink:type='locator' />
<link:loc xlink:href='../elts/us-gaap-2014-01-31.xsd#us-gaap_LossContingencyAccrualProvision' xlink:label='loc_LossContingencyAccrualProvision' xlink:type='locator' />
<link:loc xlink:href='../elts/us-gaap-2014-01-31.xsd#us-gaap_LossContingencyAccrualCarryingValuePayments' xlink:label='loc_LossContingencyAccrualCarryingValuePayments' xlink:type='locator' />
<link:loc xlink:href='../elts/us-gaap-2014-01-31.xsd#us-gaap_LossContingencyAccrualAtCarryingValue' xlink:label='loc_LossContingencyAccrualAtCarryingValue' xlink:type='locator' />
<link:loc xlink:href='../elts/us-gaap-2014-01-31.xsd#us-gaap_LossContingencyAccrualCarryingValueCurrent' xlink:label='loc_LossContingencyAccrualCarryingValueCurrent' xlink:type='locator' />
<link:loc xlink:href='../elts/us-gaap-2014-01-31.xsd#us-gaap_LossContingencyAccrualCarryingValueNoncurrent' xlink:label='loc_LossContingencyAccrualCarryingValueNoncurrent' xlink:type='locator' />
<link:loc xlink:href='../elts/us-gaap-2014-01-31.xsd#us-gaap_LossContingencyClaimsSettledAndDismissedNumber' xlink:label='loc_LossContingencyClaimsSettledAndDismissedNumber' xlink:type='locator' />
<link:loc xlink:href='../elts/us-gaap-2014-01-31.xsd#us-gaap_LossContingencyClaimsSettledNumber' xlink:label='loc_LossContingencyClaimsSettledNumber' xlink:type='locator' />
<link:loc xlink:href='../elts/us-gaap-2014-01-31.xsd#us-gaap_LossContingencyClaimsDismissedNumber' xlink:label='loc_LossContingencyClaimsDismissedNumber' xlink:type='locator' />
<link:loc xlink:href='../elts/us-gaap-2014-01-31.xsd#us-gaap_LossContingencyReceivable' xlink:label='loc_LossContingencyReceivable' xlink:type='locator' />
<link:loc xlink:href='../elts/us-gaap-2014-01-31.xsd#us-gaap_LossContingencyReceivableCurrent' xlink:label='loc_LossContingencyReceivableCurrent' xlink:type='locator' />
<link:loc xlink:href='../elts/us-gaap-2014-01-31.xsd#us-gaap_LossContingencyReceivableNoncurrent' xlink:label='loc_LossContingencyReceivableNoncurrent' xlink:type='locator' />
<link:loc xlink:href='../elts/us-gaap-2014-01-31.xsd#us-gaap_LossContingencyRelatedReceivableCarryingValuePeriodIncreaseDecrease' xlink:label='loc_LossContingencyRelatedReceivableCarryingValuePeriodIncreaseDecrease' xlink:type='locator' />
<link:loc xlink:href='../elts/us-gaap-2014-01-31.xsd#us-gaap_LossContingencyRelatedReceivableCarryingValueAdditions' xlink:label='loc_LossContingencyRelatedReceivableCarryingValueAdditions' xlink:type='locator' />
<link:loc xlink:href='../elts/us-gaap-2014-01-31.xsd#us-gaap_LossContingencyRelatedReceivableCarryingValueReceipts' xlink:label='loc_LossContingencyRelatedReceivableCarryingValueReceipts' xlink:type='locator' />
<link:loc xlink:href='../elts/us-gaap-2014-01-31.xsd#us-gaap_OperatingLeasesFutureMinimumPaymentsDue' xlink:label='loc_OperatingLeasesFutureMinimumPaymentsDue' xlink:type='locator' />
<link:loc xlink:href='../elts/us-gaap-2014-01-31.xsd#us-gaap_OperatingLeasesFutureMinimumPaymentsDueInTwoAndThreeYears' xlink:label='loc_OperatingLeasesFutureMinimumPaymentsDueInTwoAndThreeYears' xlink:type='locator' />
<link:loc xlink:href='../elts/us-gaap-2014-01-31.xsd#us-gaap_OperatingLeasesFutureMinimumPaymentsDueInFourAndFiveYears' xlink:label='loc_OperatingLeasesFutureMinimumPaymentsDueInFourAndFiveYears' xlink:type='locator' />
<link:loc xlink:href='../elts/us-gaap-2014-01-31.xsd#us-gaap_OtherCommitment' xlink:label='loc_OtherCommitment' xlink:type='locator' />
<link:loc xlink:href='../elts/us-gaap-2014-01-31.xsd#us-gaap_OtherCommitmentDueInSecondAndThirdYear' xlink:label='loc_OtherCommitmentDueInSecondAndThirdYear' xlink:type='locator' />
<link:loc xlink:href='../elts/us-gaap-2014-01-31.xsd#us-gaap_OtherCommitmentDueInFourthAndFifthYear' xlink:label='loc_OtherCommitmentDueInFourthAndFifthYear' xlink:type='locator' />
<link:loc xlink:href='../elts/us-gaap-2014-01-31.xsd#us-gaap_PurchaseObligation' xlink:label='loc_PurchaseObligation' xlink:type='locator' />
<link:loc xlink:href='../elts/us-gaap-2014-01-31.xsd#us-gaap_PurchaseObligationDueInSecondAndThirdYear' xlink:label='loc_PurchaseObligationDueInSecondAndThirdYear' xlink:type='locator' />
<link:loc xlink:href='../elts/us-gaap-2014-01-31.xsd#us-gaap_PurchaseObligationDueInFourthAndFifthYear' xlink:label='loc_PurchaseObligationDueInFourthAndFifthYear' xlink:type='locator' />
<link:loc xlink:href='../elts/us-gaap-2014-01-31.xsd#us-gaap_RecordedUnconditionalPurchaseObligation' xlink:label='loc_RecordedUnconditionalPurchaseObligation' xlink:type='locator' />
<link:loc xlink:href='../elts/us-gaap-2014-01-31.xsd#us-gaap_RecordedUnconditionalPurchaseObligationDueWithinOneYear' xlink:label='loc_RecordedUnconditionalPurchaseObligationDueWithinOneYear' xlink:type='locator' />
<link:loc xlink:href='../elts/us-gaap-2014-01-31.xsd#us-gaap_RecordedUnconditionalPurchaseObligationDueInSecondYear' xlink:label='loc_RecordedUnconditionalPurchaseObligationDueInSecondYear' xlink:type='locator' />
<link:loc xlink:href='../elts/us-gaap-2014-01-31.xsd#us-gaap_RecordedUnconditionalPurchaseObligationDueInThirdYear' xlink:label='loc_RecordedUnconditionalPurchaseObligationDueInThirdYear' xlink:type='locator' />
<link:loc xlink:href='../elts/us-gaap-2014-01-31.xsd#us-gaap_RecordedUnconditionalPurchaseObligationDueInFourthYear' xlink:label='loc_RecordedUnconditionalPurchaseObligationDueInFourthYear' xlink:type='locator' />
<link:loc xlink:href='../elts/us-gaap-2014-01-31.xsd#us-gaap_RecordedUnconditionalPurchaseObligationDueInFifthYear' xlink:label='loc_RecordedUnconditionalPurchaseObligationDueInFifthYear' xlink:type='locator' />
<link:loc xlink:href='../elts/us-gaap-2014-01-31.xsd#us-gaap_RecordedUnconditionalPurchaseObligationDueAfterFifthYear' xlink:label='loc_RecordedUnconditionalPurchaseObligationDueAfterFifthYear' xlink:type='locator' />
<link:loc xlink:href='../elts/us-gaap-2014-01-31.xsd#us-gaap_UnrecordedUnconditionalPurchaseObligationBalanceSheetAmount' xlink:label='loc_UnrecordedUnconditionalPurchaseObligationBalanceSheetAmount' xlink:type='locator' />
<link:loc xlink:href='../elts/us-gaap-2014-01-31.xsd#us-gaap_UnrecordedUnconditionalPurchaseObligationBalanceOnFirstAnniversary' xlink:label='loc_UnrecordedUnconditionalPurchaseObligationBalanceOnFirstAnniversary' xlink:type='locator' />
<link:loc xlink:href='../elts/us-gaap-2014-01-31.xsd#us-gaap_UnrecordedUnconditionalPurchaseObligationBalanceOnSecondAnniversary' xlink:label='loc_UnrecordedUnconditionalPurchaseObligationBalanceOnSecondAnniversary' xlink:type='locator' />
<link:loc xlink:href='../elts/us-gaap-2014-01-31.xsd#us-gaap_UnrecordedUnconditionalPurchaseObligationBalanceOnThirdAnniversary' xlink:label='loc_UnrecordedUnconditionalPurchaseObligationBalanceOnThirdAnniversary' xlink:type='locator' />
<link:loc xlink:href='../elts/us-gaap-2014-01-31.xsd#us-gaap_UnrecordedUnconditionalPurchaseObligationBalanceOnFourthAnniversary' xlink:label='loc_UnrecordedUnconditionalPurchaseObligationBalanceOnFourthAnniversary' xlink:type='locator' />
<link:loc xlink:href='../elts/us-gaap-2014-01-31.xsd#us-gaap_UnrecordedUnconditionalPurchaseObligationBalanceOnFifthAnniversary' xlink:label='loc_UnrecordedUnconditionalPurchaseObligationBalanceOnFifthAnniversary' xlink:type='locator' />
<link:loc xlink:href='../elts/us-gaap-2014-01-31.xsd#us-gaap_UnrecordedUnconditionalPurchaseObligationDueAfterFiveYears' xlink:label='loc_UnrecordedUnconditionalPurchaseObligationDueAfterFiveYears' xlink:type='locator' />
<link:calculationArc order='10' weight='1.0' xlink:arcrole='http://www.xbrl.org/2003/arcrole/summation-item' xlink:from='loc_CapitalLeasesFutureMinimumPaymentsDue' xlink:to='loc_CapitalLeasesFutureMinimumPaymentsDueCurrent' xlink:type='arc' />
<link:calculationArc order='20' weight='1.0' xlink:arcrole='http://www.xbrl.org/2003/arcrole/summation-item' xlink:from='loc_CapitalLeasesFutureMinimumPaymentsDue' xlink:to='loc_CapitalLeasesFutureMinimumPaymentsDueInTwoAndThreeYears' xlink:type='arc' />
<link:calculationArc order='10' weight='1.0' xlink:arcrole='http://www.xbrl.org/2003/arcrole/summation-item' xlink:from='loc_CapitalLeasesFutureMinimumPaymentsDueInTwoAndThreeYears' xlink:to='loc_CapitalLeasesFutureMinimumPaymentsDueInTwoYears' xlink:type='arc' />
<link:calculationArc order='20' weight='1.0' xlink:arcrole='http://www.xbrl.org/2003/arcrole/summation-item' xlink:from='loc_CapitalLeasesFutureMinimumPaymentsDueInTwoAndThreeYears' xlink:to='loc_CapitalLeasesFutureMinimumPaymentsDueInThreeYears' xlink:type='arc' />
<link:calculationArc order='30' weight='1.0' xlink:arcrole='http://www.xbrl.org/2003/arcrole/summation-item' xlink:from='loc_CapitalLeasesFutureMinimumPaymentsDue' xlink:to='loc_CapitalLeasesFutureMinimumPaymentsDueInFourAndFiveYears' xlink:type='arc' />
<link:calculationArc order='10' weight='1.0' xlink:arcrole='http://www.xbrl.org/2003/arcrole/summation-item' xlink:from='loc_CapitalLeasesFutureMinimumPaymentsDueInFourAndFiveYears' xlink:to='loc_CapitalLeasesFutureMinimumPaymentsDueInFourYears' xlink:type='arc' />
<link:calculationArc order='20' weight='1.0' xlink:arcrole='http://www.xbrl.org/2003/arcrole/summation-item' xlink:from='loc_CapitalLeasesFutureMinimumPaymentsDueInFourAndFiveYears' xlink:to='loc_CapitalLeasesFutureMinimumPaymentsDueInFiveYears' xlink:type='arc' />
<link:calculationArc order='40' weight='1.0' xlink:arcrole='http://www.xbrl.org/2003/arcrole/summation-item' xlink:from='loc_CapitalLeasesFutureMinimumPaymentsDue' xlink:to='loc_CapitalLeasesFutureMinimumPaymentsDueThereafter' xlink:type='arc' />
<link:calculationArc order='10' weight='1.0' xlink:arcrole='http://www.xbrl.org/2003/arcrole/summation-item' xlink:from='loc_ContractualObligation' xlink:to='loc_ContractualObligationDueInNextTwelveMonths' xlink:type='arc' />
<link:calculationArc order='10' weight='1.0' xlink:arcrole='http://www.xbrl.org/2003/arcrole/summation-item' xlink:from='loc_ContractualObligationDueInNextTwelveMonths' xlink:to='loc_LongTermDebtMaturitiesRepaymentsOfPrincipalInNextTwelveMonths' xlink:type='arc' />
<link:calculationArc order='20' weight='1.0' xlink:arcrole='http://www.xbrl.org/2003/arcrole/summation-item' xlink:from='loc_ContractualObligationDueInNextTwelveMonths' xlink:to='loc_CapitalLeasesFutureMinimumPaymentsDueCurrent' xlink:type='arc' />
<link:calculationArc order='30' weight='1.0' xlink:arcrole='http://www.xbrl.org/2003/arcrole/summation-item' xlink:from='loc_ContractualObligationDueInNextTwelveMonths' xlink:to='loc_OperatingLeasesFutureMinimumPaymentsDueCurrent' xlink:type='arc' />
<link:calculationArc order='40' weight='1.0' xlink:arcrole='http://www.xbrl.org/2003/arcrole/summation-item' xlink:from='loc_ContractualObligationDueInNextTwelveMonths' xlink:to='loc_PurchaseObligationDueInNextTwelveMonths' xlink:type='arc' />
<link:calculationArc order='50' weight='1.0' xlink:arcrole='http://www.xbrl.org/2003/arcrole/summation-item' xlink:from='loc_ContractualObligationDueInNextTwelveMonths' xlink:to='loc_OtherCommitmentDueInNextTwelveMonths' xlink:type='arc' />
<link:calculationArc order='20' weight='1.0' xlink:arcrole='http://www.xbrl.org/2003/arcrole/summation-item' xlink:from='loc_ContractualObligation' xlink:to='loc_ContractualObligationDueInSecondAndThirdYear' xlink:type='arc' />
<link:calculationArc order='10' weight='1.0' xlink:arcrole='http://www.xbrl.org/2003/arcrole/summation-item' xlink:from='loc_ContractualObligationDueInSecondAndThirdYear' xlink:to='loc_ContractualObligationDueInSecondYear' xlink:type='arc' />
<link:calculationArc order='10' weight='1.0' xlink:arcrole='http://www.xbrl.org/2003/arcrole/summation-item' xlink:from='loc_ContractualObligationDueInSecondYear' xlink:to='loc_LongTermDebtMaturitiesRepaymentsOfPrincipalInYearTwo' xlink:type='arc' />
<link:calculationArc order='20' weight='1.0' xlink:arcrole='http://www.xbrl.org/2003/arcrole/summation-item' xlink:from='loc_ContractualObligationDueInSecondYear' xlink:to='loc_CapitalLeasesFutureMinimumPaymentsDueInTwoYears' xlink:type='arc' />
<link:calculationArc order='30' weight='1.0' xlink:arcrole='http://www.xbrl.org/2003/arcrole/summation-item' xlink:from='loc_ContractualObligationDueInSecondYear' xlink:to='loc_OperatingLeasesFutureMinimumPaymentsDueInTwoYears' xlink:type='arc' />
<link:calculationArc order='40' weight='1.0' xlink:arcrole='http://www.xbrl.org/2003/arcrole/summation-item' xlink:from='loc_ContractualObligationDueInSecondYear' xlink:to='loc_PurchaseObligationDueInSecondYear' xlink:type='arc' />
<link:calculationArc order='50' weight='1.0' xlink:arcrole='http://www.xbrl.org/2003/arcrole/summation-item' xlink:from='loc_ContractualObligationDueInSecondYear' xlink:to='loc_OtherCommitmentDueInSecondYear' xlink:type='arc' />
<link:calculationArc order='20' weight='1.0' xlink:arcrole='http://www.xbrl.org/2003/arcrole/summation-item' xlink:from='loc_ContractualObligationDueInSecondAndThirdYear' xlink:to='loc_ContractualObligationDueInThirdYear' xlink:type='arc' />
<link:calculationArc order='10' weight='1.0' xlink:arcrole='http://www.xbrl.org/2003/arcrole/summation-item' xlink:from='loc_ContractualObligationDueInThirdYear' xlink:to='loc_LongTermDebtMaturitiesRepaymentsOfPrincipalInYearThree' xlink:type='arc' />
<link:calculationArc order='20' weight='1.0' xlink:arcrole='http://www.xbrl.org/2003/arcrole/summation-item' xlink:from='loc_ContractualObligationDueInThirdYear' xlink:to='loc_CapitalLeasesFutureMinimumPaymentsDueInThreeYears' xlink:type='arc' />
<link:calculationArc order='30' weight='1.0' xlink:arcrole='http://www.xbrl.org/2003/arcrole/summation-item' xlink:from='loc_ContractualObligationDueInThirdYear' xlink:to='loc_OperatingLeasesFutureMinimumPaymentsDueInThreeYears' xlink:type='arc' />
<link:calculationArc order='40' weight='1.0' xlink:arcrole='http://www.xbrl.org/2003/arcrole/summation-item' xlink:from='loc_ContractualObligationDueInThirdYear' xlink:to='loc_PurchaseObligationDueInThirdYear' xlink:type='arc' />
<link:calculationArc order='50' weight='1.0' xlink:arcrole='http://www.xbrl.org/2003/arcrole/summation-item' xlink:from='loc_ContractualObligationDueInThirdYear' xlink:to='loc_OtherCommitmentDueInThirdYear' xlink:type='arc' />
<link:calculationArc order='30' weight='1.0' xlink:arcrole='http://www.xbrl.org/2003/arcrole/summation-item' xlink:from='loc_ContractualObligation' xlink:to='loc_ContractualObligationDueInFourthAndFifthYear' xlink:type='arc' />
<link:calculationArc order='10' weight='1.0' xlink:arcrole='http://www.xbrl.org/2003/arcrole/summation-item' xlink:from='loc_ContractualObligationDueInFourthAndFifthYear' xlink:to='loc_ContractualObligationDueInFourthYear' xlink:type='arc' />
<link:calculationArc order='10' weight='1.0' xlink:arcrole='http://www.xbrl.org/2003/arcrole/summation-item' xlink:from='loc_ContractualObligationDueInFourthYear' xlink:to='loc_LongTermDebtMaturitiesRepaymentsOfPrincipalInYearFour' xlink:type='arc' />
<link:calculationArc order='20' weight='1.0' xlink:arcrole='http://www.xbrl.org/2003/arcrole/summation-item' xlink:from='loc_ContractualObligationDueInFourthYear' xlink:to='loc_CapitalLeasesFutureMinimumPaymentsDueInFourYears' xlink:type='arc' />
<link:calculationArc order='30' weight='1.0' xlink:arcrole='http://www.xbrl.org/2003/arcrole/summation-item' xlink:from='loc_ContractualObligationDueInFourthYear' xlink:to='loc_OperatingLeasesFutureMinimumPaymentsDueInFourYears' xlink:type='arc' />
<link:calculationArc order='40' weight='1.0' xlink:arcrole='http://www.xbrl.org/2003/arcrole/summation-item' xlink:from='loc_ContractualObligationDueInFourthYear' xlink:to='loc_PurchaseObligationDueInFourthYear' xlink:type='arc' />
<link:calculationArc order='50' weight='1.0' xlink:arcrole='http://www.xbrl.org/2003/arcrole/summation-item' xlink:from='loc_ContractualObligationDueInFourthYear' xlink:to='loc_OtherCommitmentDueInFourthYear' xlink:type='arc' />
<link:calculationArc order='20' weight='1.0' xlink:arcrole='http://www.xbrl.org/2003/arcrole/summation-item' xlink:from='loc_ContractualObligationDueInFourthAndFifthYear' xlink:to='loc_ContractualObligationDueInFifthYear' xlink:type='arc' />
<link:calculationArc order='10' weight='1.0' xlink:arcrole='http://www.xbrl.org/2003/arcrole/summation-item' xlink:from='loc_ContractualObligationDueInFifthYear' xlink:to='loc_LongTermDebtMaturitiesRepaymentsOfPrincipalInYearFive' xlink:type='arc' />
<link:calculationArc order='20' weight='1.0' xlink:arcrole='http://www.xbrl.org/2003/arcrole/summation-item' xlink:from='loc_ContractualObligationDueInFifthYear' xlink:to='loc_CapitalLeasesFutureMinimumPaymentsDueInFiveYears' xlink:type='arc' />
<link:calculationArc order='30' weight='1.0' xlink:arcrole='http://www.xbrl.org/2003/arcrole/summation-item' xlink:from='loc_ContractualObligationDueInFifthYear' xlink:to='loc_OperatingLeasesFutureMinimumPaymentsDueInFiveYears' xlink:type='arc' />
<link:calculationArc order='40' weight='1.0' xlink:arcrole='http://www.xbrl.org/2003/arcrole/summation-item' xlink:from='loc_ContractualObligationDueInFifthYear' xlink:to='loc_PurchaseObligationDueInFifthYear' xlink:type='arc' />
<link:calculationArc order='50' weight='1.0' xlink:arcrole='http://www.xbrl.org/2003/arcrole/summation-item' xlink:from='loc_ContractualObligationDueInFifthYear' xlink:to='loc_OtherCommitmentDueInFifthYear' xlink:type='arc' />
<link:calculationArc order='40' weight='1.0' xlink:arcrole='http://www.xbrl.org/2003/arcrole/summation-item' xlink:from='loc_ContractualObligation' xlink:to='loc_ContractualObligationDueAfterFifthYear' xlink:type='arc' />
<link:calculationArc order='10' weight='1.0' xlink:arcrole='http://www.xbrl.org/2003/arcrole/summation-item' xlink:from='loc_ContractualObligationDueAfterFifthYear' xlink:to='loc_LongTermDebtMaturitiesRepaymentsOfPrincipalAfterYearFive' xlink:type='arc' />
<link:calculationArc order='20' weight='1.0' xlink:arcrole='http://www.xbrl.org/2003/arcrole/summation-item' xlink:from='loc_ContractualObligationDueAfterFifthYear' xlink:to='loc_CapitalLeasesFutureMinimumPaymentsDueThereafter' xlink:type='arc' />
<link:calculationArc order='30' weight='1.0' xlink:arcrole='http://www.xbrl.org/2003/arcrole/summation-item' xlink:from='loc_ContractualObligationDueAfterFifthYear' xlink:to='loc_OperatingLeasesFutureMinimumPaymentsDueThereafter' xlink:type='arc' />
<link:calculationArc order='40' weight='1.0' xlink:arcrole='http://www.xbrl.org/2003/arcrole/summation-item' xlink:from='loc_ContractualObligationDueAfterFifthYear' xlink:to='loc_PurchaseObligationDueAfterFifthYear' xlink:type='arc' />
<link:calculationArc order='50' weight='1.0' xlink:arcrole='http://www.xbrl.org/2003/arcrole/summation-item' xlink:from='loc_ContractualObligationDueAfterFifthYear' xlink:to='loc_OtherCommitmentDueAfterFifthYear' xlink:type='arc' />
<link:calculationArc order='10' weight='-1.0' xlink:arcrole='http://www.xbrl.org/2003/arcrole/summation-item' xlink:from='loc_LossContingencyAccrualProductLiabilityNet' xlink:to='loc_LossContingencyAccrualProductLiabilityDiscount' xlink:type='arc' />
<link:calculationArc order='20' weight='1.0' xlink:arcrole='http://www.xbrl.org/2003/arcrole/summation-item' xlink:from='loc_LossContingencyAccrualProductLiabilityNet' xlink:to='loc_LossContingencyAccrualProductLiabilityGross' xlink:type='arc' />
<link:calculationArc order='10' weight='1.0' xlink:arcrole='http://www.xbrl.org/2003/arcrole/summation-item' xlink:from='loc_LossContingencyAccrualProductLiabilityGross' xlink:to='loc_LossContingencyAccrualProductLiabilityUndiscountedDueWithinOneYear' xlink:type='arc' />
<link:calculationArc order='20' weight='1.0' xlink:arcrole='http://www.xbrl.org/2003/arcrole/summation-item' xlink:from='loc_LossContingencyAccrualProductLiabilityGross' xlink:to='loc_LossContingencyAccrualProductLiabilityUndiscountedDueInSecondYear' xlink:type='arc' />
<link:calculationArc order='30' weight='1.0' xlink:arcrole='http://www.xbrl.org/2003/arcrole/summation-item' xlink:from='loc_LossContingencyAccrualProductLiabilityGross' xlink:to='loc_LossContingencyAccrualProductLiabilityUndiscountedDueInThirdYear' xlink:type='arc' />
<link:calculationArc order='40' weight='1.0' xlink:arcrole='http://www.xbrl.org/2003/arcrole/summation-item' xlink:from='loc_LossContingencyAccrualProductLiabilityGross' xlink:to='loc_LossContingencyAccrualProductLiabilityUndiscountedDueInFourthYear' xlink:type='arc' />
<link:calculationArc order='50' weight='1.0' xlink:arcrole='http://www.xbrl.org/2003/arcrole/summation-item' xlink:from='loc_LossContingencyAccrualProductLiabilityGross' xlink:to='loc_LossContingencyAccrualProductLiabilityUndiscountedDueInFifthYear' xlink:type='arc' />
<link:calculationArc order='60' weight='1.0' xlink:arcrole='http://www.xbrl.org/2003/arcrole/summation-item' xlink:from='loc_LossContingencyAccrualProductLiabilityGross' xlink:to='loc_LossContingencyAccrualProductLiabilityUndiscountedDueAfterFifthYear' xlink:type='arc' />
<link:calculationArc order='10' weight='1.0' xlink:arcrole='http://www.xbrl.org/2003/arcrole/summation-item' xlink:from='loc_LossContingencyAccrualCarryingValuePeriodIncreaseDecrease' xlink:to='loc_LossContingencyAccrualProvision' xlink:type='arc' />
<link:calculationArc order='20' weight='-1.0' xlink:arcrole='http://www.xbrl.org/2003/arcrole/summation-item' xlink:from='loc_LossContingencyAccrualCarryingValuePeriodIncreaseDecrease' xlink:to='loc_LossContingencyAccrualCarryingValuePayments' xlink:type='arc' />
<link:calculationArc order='10' use='optional' weight='1.0' xlink:arcrole='http://www.xbrl.org/2003/arcrole/summation-item' xlink:from='loc_LossContingencyAccrualAtCarryingValue' xlink:to='loc_LossContingencyAccrualCarryingValueCurrent' xlink:type='arc' />
<link:calculationArc order='20' use='optional' weight='1.0' xlink:arcrole='http://www.xbrl.org/2003/arcrole/summation-item' xlink:from='loc_LossContingencyAccrualAtCarryingValue' xlink:to='loc_LossContingencyAccrualCarryingValueNoncurrent' xlink:type='arc' />
<link:calculationArc order='10' weight='1.0' xlink:arcrole='http://www.xbrl.org/2003/arcrole/summation-item' xlink:from='loc_LossContingencyClaimsSettledAndDismissedNumber' xlink:to='loc_LossContingencyClaimsSettledNumber' xlink:type='arc' />
<link:calculationArc order='20' weight='1.0' xlink:arcrole='http://www.xbrl.org/2003/arcrole/summation-item' xlink:from='loc_LossContingencyClaimsSettledAndDismissedNumber' xlink:to='loc_LossContingencyClaimsDismissedNumber' xlink:type='arc' />
<link:calculationArc order='10' weight='1.0' xlink:arcrole='http://www.xbrl.org/2003/arcrole/summation-item' xlink:from='loc_LossContingencyReceivable' xlink:to='loc_LossContingencyReceivableCurrent' xlink:type='arc' />
<link:calculationArc order='20' weight='1.0' xlink:arcrole='http://www.xbrl.org/2003/arcrole/summation-item' xlink:from='loc_LossContingencyReceivable' xlink:to='loc_LossContingencyReceivableNoncurrent' xlink:type='arc' />
<link:calculationArc order='10' weight='1.0' xlink:arcrole='http://www.xbrl.org/2003/arcrole/summation-item' xlink:from='loc_LossContingencyRelatedReceivableCarryingValuePeriodIncreaseDecrease' xlink:to='loc_LossContingencyRelatedReceivableCarryingValueAdditions' xlink:type='arc' />
<link:calculationArc order='20' use='optional' weight='-1.0' xlink:arcrole='http://www.xbrl.org/2003/arcrole/summation-item' xlink:from='loc_LossContingencyRelatedReceivableCarryingValuePeriodIncreaseDecrease' xlink:to='loc_LossContingencyRelatedReceivableCarryingValueReceipts' xlink:type='arc' />
<link:calculationArc order='10' weight='1.0' xlink:arcrole='http://www.xbrl.org/2003/arcrole/summation-item' xlink:from='loc_OperatingLeasesFutureMinimumPaymentsDue' xlink:to='loc_OperatingLeasesFutureMinimumPaymentsDueCurrent' xlink:type='arc' />
<link:calculationArc order='20' weight='1.0' xlink:arcrole='http://www.xbrl.org/2003/arcrole/summation-item' xlink:from='loc_OperatingLeasesFutureMinimumPaymentsDue' xlink:to='loc_OperatingLeasesFutureMinimumPaymentsDueInTwoAndThreeYears' xlink:type='arc' />
<link:calculationArc order='10' weight='1.0' xlink:arcrole='http://www.xbrl.org/2003/arcrole/summation-item' xlink:from='loc_OperatingLeasesFutureMinimumPaymentsDueInTwoAndThreeYears' xlink:to='loc_OperatingLeasesFutureMinimumPaymentsDueInTwoYears' xlink:type='arc' />
<link:calculationArc order='20' weight='1.0' xlink:arcrole='http://www.xbrl.org/2003/arcrole/summation-item' xlink:from='loc_OperatingLeasesFutureMinimumPaymentsDueInTwoAndThreeYears' xlink:to='loc_OperatingLeasesFutureMinimumPaymentsDueInThreeYears' xlink:type='arc' />
<link:calculationArc order='30' weight='1.0' xlink:arcrole='http://www.xbrl.org/2003/arcrole/summation-item' xlink:from='loc_OperatingLeasesFutureMinimumPaymentsDue' xlink:to='loc_OperatingLeasesFutureMinimumPaymentsDueInFourAndFiveYears' xlink:type='arc' />
<link:calculationArc order='10' weight='1.0' xlink:arcrole='http://www.xbrl.org/2003/arcrole/summation-item' xlink:from='loc_OperatingLeasesFutureMinimumPaymentsDueInFourAndFiveYears' xlink:to='loc_OperatingLeasesFutureMinimumPaymentsDueInFourYears' xlink:type='arc' />
<link:calculationArc order='20' weight='1.0' xlink:arcrole='http://www.xbrl.org/2003/arcrole/summation-item' xlink:from='loc_OperatingLeasesFutureMinimumPaymentsDueInFourAndFiveYears' xlink:to='loc_OperatingLeasesFutureMinimumPaymentsDueInFiveYears' xlink:type='arc' />
<link:calculationArc order='40' weight='1.0' xlink:arcrole='http://www.xbrl.org/2003/arcrole/summation-item' xlink:from='loc_OperatingLeasesFutureMinimumPaymentsDue' xlink:to='loc_OperatingLeasesFutureMinimumPaymentsDueThereafter' xlink:type='arc' />
<link:calculationArc order='10' weight='1.0' xlink:arcrole='http://www.xbrl.org/2003/arcrole/summation-item' xlink:from='loc_OtherCommitment' xlink:to='loc_OtherCommitmentDueInNextTwelveMonths' xlink:type='arc' />
<link:calculationArc order='20' weight='1.0' xlink:arcrole='http://www.xbrl.org/2003/arcrole/summation-item' xlink:from='loc_OtherCommitment' xlink:to='loc_OtherCommitmentDueInSecondAndThirdYear' xlink:type='arc' />
<link:calculationArc order='10' weight='1.0' xlink:arcrole='http://www.xbrl.org/2003/arcrole/summation-item' xlink:from='loc_OtherCommitmentDueInSecondAndThirdYear' xlink:to='loc_OtherCommitmentDueInSecondYear' xlink:type='arc' />
<link:calculationArc order='20' weight='1.0' xlink:arcrole='http://www.xbrl.org/2003/arcrole/summation-item' xlink:from='loc_OtherCommitmentDueInSecondAndThirdYear' xlink:to='loc_OtherCommitmentDueInThirdYear' xlink:type='arc' />
<link:calculationArc order='30' weight='1.0' xlink:arcrole='http://www.xbrl.org/2003/arcrole/summation-item' xlink:from='loc_OtherCommitment' xlink:to='loc_OtherCommitmentDueInFourthAndFifthYear' xlink:type='arc' />
<link:calculationArc order='10' weight='1.0' xlink:arcrole='http://www.xbrl.org/2003/arcrole/summation-item' xlink:from='loc_OtherCommitmentDueInFourthAndFifthYear' xlink:to='loc_OtherCommitmentDueInFourthYear' xlink:type='arc' />
<link:calculationArc order='20' weight='1.0' xlink:arcrole='http://www.xbrl.org/2003/arcrole/summation-item' xlink:from='loc_OtherCommitmentDueInFourthAndFifthYear' xlink:to='loc_OtherCommitmentDueInFifthYear' xlink:type='arc' />
<link:calculationArc order='40' weight='1.0' xlink:arcrole='http://www.xbrl.org/2003/arcrole/summation-item' xlink:from='loc_OtherCommitment' xlink:to='loc_OtherCommitmentDueAfterFifthYear' xlink:type='arc' />
<link:calculationArc order='10' weight='1.0' xlink:arcrole='http://www.xbrl.org/2003/arcrole/summation-item' xlink:from='loc_PurchaseObligation' xlink:to='loc_PurchaseObligationDueInNextTwelveMonths' xlink:type='arc' />
<link:calculationArc order='20' weight='1.0' xlink:arcrole='http://www.xbrl.org/2003/arcrole/summation-item' xlink:from='loc_PurchaseObligation' xlink:to='loc_PurchaseObligationDueInSecondAndThirdYear' xlink:type='arc' />
<link:calculationArc order='10' weight='1.0' xlink:arcrole='http://www.xbrl.org/2003/arcrole/summation-item' xlink:from='loc_PurchaseObligationDueInSecondAndThirdYear' xlink:to='loc_PurchaseObligationDueInSecondYear' xlink:type='arc' />
<link:calculationArc order='20' weight='1.0' xlink:arcrole='http://www.xbrl.org/2003/arcrole/summation-item' xlink:from='loc_PurchaseObligationDueInSecondAndThirdYear' xlink:to='loc_PurchaseObligationDueInThirdYear' xlink:type='arc' />
<link:calculationArc order='30' weight='1.0' xlink:arcrole='http://www.xbrl.org/2003/arcrole/summation-item' xlink:from='loc_PurchaseObligation' xlink:to='loc_PurchaseObligationDueInFourthAndFifthYear' xlink:type='arc' />
<link:calculationArc order='10' weight='1.0' xlink:arcrole='http://www.xbrl.org/2003/arcrole/summation-item' xlink:from='loc_PurchaseObligationDueInFourthAndFifthYear' xlink:to='loc_PurchaseObligationDueInFourthYear' xlink:type='arc' />
<link:calculationArc order='20' weight='1.0' xlink:arcrole='http://www.xbrl.org/2003/arcrole/summation-item' xlink:from='loc_PurchaseObligationDueInFourthAndFifthYear' xlink:to='loc_PurchaseObligationDueInFifthYear' xlink:type='arc' />
<link:calculationArc order='40' weight='1.0' xlink:arcrole='http://www.xbrl.org/2003/arcrole/summation-item' xlink:from='loc_PurchaseObligation' xlink:to='loc_PurchaseObligationDueAfterFifthYear' xlink:type='arc' />
<link:calculationArc order='10' use='optional' weight='1.0' xlink:arcrole='http://www.xbrl.org/2003/arcrole/summation-item' xlink:from='loc_RecordedUnconditionalPurchaseObligation' xlink:to='loc_RecordedUnconditionalPurchaseObligationDueWithinOneYear' xlink:type='arc' />
<link:calculationArc order='20' use='optional' weight='1.0' xlink:arcrole='http://www.xbrl.org/2003/arcrole/summation-item' xlink:from='loc_RecordedUnconditionalPurchaseObligation' xlink:to='loc_RecordedUnconditionalPurchaseObligationDueInSecondYear' xlink:type='arc' />
<link:calculationArc order='30' use='optional' weight='1.0' xlink:arcrole='http://www.xbrl.org/2003/arcrole/summation-item' xlink:from='loc_RecordedUnconditionalPurchaseObligation' xlink:to='loc_RecordedUnconditionalPurchaseObligationDueInThirdYear' xlink:type='arc' />
<link:calculationArc order='40' use='optional' weight='1.0' xlink:arcrole='http://www.xbrl.org/2003/arcrole/summation-item' xlink:from='loc_RecordedUnconditionalPurchaseObligation' xlink:to='loc_RecordedUnconditionalPurchaseObligationDueInFourthYear' xlink:type='arc' />
<link:calculationArc order='50' use='optional' weight='1.0' xlink:arcrole='http://www.xbrl.org/2003/arcrole/summation-item' xlink:from='loc_RecordedUnconditionalPurchaseObligation' xlink:to='loc_RecordedUnconditionalPurchaseObligationDueInFifthYear' xlink:type='arc' />
<link:calculationArc order='60' weight='1.0' xlink:arcrole='http://www.xbrl.org/2003/arcrole/summation-item' xlink:from='loc_RecordedUnconditionalPurchaseObligation' xlink:to='loc_RecordedUnconditionalPurchaseObligationDueAfterFifthYear' xlink:type='arc' />
<link:calculationArc order='10' weight='1.0' xlink:arcrole='http://www.xbrl.org/2003/arcrole/summation-item' xlink:from='loc_UnrecordedUnconditionalPurchaseObligationBalanceSheetAmount' xlink:to='loc_UnrecordedUnconditionalPurchaseObligationBalanceOnFirstAnniversary' xlink:type='arc' />
<link:calculationArc order='20' weight='1.0' xlink:arcrole='http://www.xbrl.org/2003/arcrole/summation-item' xlink:from='loc_UnrecordedUnconditionalPurchaseObligationBalanceSheetAmount' xlink:to='loc_UnrecordedUnconditionalPurchaseObligationBalanceOnSecondAnniversary' xlink:type='arc' />
<link:calculationArc order='30' weight='1.0' xlink:arcrole='http://www.xbrl.org/2003/arcrole/summation-item' xlink:from='loc_UnrecordedUnconditionalPurchaseObligationBalanceSheetAmount' xlink:to='loc_UnrecordedUnconditionalPurchaseObligationBalanceOnThirdAnniversary' xlink:type='arc' />
<link:calculationArc order='40' weight='1.0' xlink:arcrole='http://www.xbrl.org/2003/arcrole/summation-item' xlink:from='loc_UnrecordedUnconditionalPurchaseObligationBalanceSheetAmount' xlink:to='loc_UnrecordedUnconditionalPurchaseObligationBalanceOnFourthAnniversary' xlink:type='arc' />
<link:calculationArc order='50' weight='1.0' xlink:arcrole='http://www.xbrl.org/2003/arcrole/summation-item' xlink:from='loc_UnrecordedUnconditionalPurchaseObligationBalanceSheetAmount' xlink:to='loc_UnrecordedUnconditionalPurchaseObligationBalanceOnFifthAnniversary' xlink:type='arc' />
<link:calculationArc order='60' weight='1.0' xlink:arcrole='http://www.xbrl.org/2003/arcrole/summation-item' xlink:from='loc_UnrecordedUnconditionalPurchaseObligationBalanceSheetAmount' xlink:to='loc_UnrecordedUnconditionalPurchaseObligationDueAfterFiveYears' xlink:type='arc' />
</link:calculationLink>
</link:linkbase>
